timestamp,temperature_c,humidity_percent,dew_point_c,rainfall_mm,snowfall_cm,wind_speed_ms,solar_radiation_wm2,solar_radiation_mjm2
2015-01-04 00:00:00,3.4,94,2.6,0.0,0.0,2.16,0.0,0.0
2015-01-04 01:00:00,2.8,96,2.2,0.0,0.0,2.01,0.0,0.0
2015-01-04 02:00:00,2.2,97,1.7,0.0,0.0,1.84,0.0,0.0
2015-01-04 03:00:00,1.5,97,1.1,0.0,0.0,1.7,0.0,0.0
2015-01-04 04:00:00,0.9,98,0.6,0.0,0.0,1.52,0.0,0.0
2015-01-04 05:00:00,-0.0,98,-0.3,0.0,0.0,1.65,0.0,0.0
2015-01-04 06:00:00,-0.3,98,-0.6,0.0,0.0,1.55,0.0,0.0
2015-01-04 07:00:00,-0.0,97,-0.4,0.0,0.0,1.5,0.0,0.0
2015-01-04 08:00:00,-0.2,97,-0.6,0.0,0.0,1.36,0.0,0.0
2015-01-04 09:00:00,0.4,98,0.1,0.0,0.0,1.8,16.0,0.0576
2015-01-04 10:00:00,2.0,92,0.8,0.0,0.0,1.88,84.0,0.3024
2015-01-04 11:00:00,2.5,85,0.3,0.0,0.0,2.12,143.0,0.5148
2015-01-04 12:00:00,2.9,81,-0.0,0.0,0.0,2.44,189.0,0.6804
2015-01-04 13:00:00,3.2,80,0.1,0.0,0.0,2.28,200.0,0.72
2015-01-04 14:00:00,3.3,81,0.4,0.0,0.0,2.11,166.0,0.5976
2015-01-04 15:00:00,3.2,83,0.7,0.0,0.0,2.42,103.0,0.37079999999999996
2015-01-04 16:00:00,2.8,88,1.0,0.0,0.0,2.19,28.0,0.1008
2015-01-04 17:00:00,2.6,92,1.4,0.0,0.0,2.0,0.0,0.0
2015-01-04 18:00:00,2.8,94,1.9,0.0,0.0,2.25,0.0,0.0
2015-01-04 19:00:00,3.2,94,2.4,0.0,0.0,2.42,0.0,0.0
2015-01-04 20:00:00,3.4,94,2.5,0.0,0.0,2.42,0.0,0.0
2015-01-04 21:00:00,3.5,93,2.5,0.0,0.0,2.72,0.0,0.0
2015-01-04 22:00:00,3.5,93,2.5,0.0,0.0,2.75,0.0,0.0
2015-01-04 23:00:00,3.7,92,2.6,0.0,0.0,2.69,0.0,0.0
2015-01-05 00:00:00,3.9,92,2.7,0.0,0.0,2.5,0.0,0.0
2015-01-05 01:00:00,4.2,92,3.1,0.0,0.0,2.24,0.0,0.0
2015-01-05 02:00:00,4.3,94,3.4,0.0,0.0,2.2,0.0,0.0
2015-01-05 03:00:00,4.3,95,3.6,0.0,0.0,2.4,0.0,0.0
2015-01-05 04:00:00,4.6,96,4.0,0.0,0.0,2.6,0.0,0.0
2015-01-05 05:00:00,5.1,96,4.5,0.0,0.0,2.9,0.0,0.0
2015-01-05 06:00:00,5.8,96,5.2,0.0,0.0,3.11,0.0,0.0
2015-01-05 07:00:00,5.8,95,5.1,0.0,0.0,3.16,0.0,0.0
2015-01-05 08:00:00,6.2,96,5.7,0.0,0.0,3.07,0.0,0.0
2015-01-05 09:00:00,6.6,97,6.2,0.0,0.0,3.05,7.0,0.0252
2015-01-05 10:00:00,7.4,97,7.0,0.0,0.0,3.13,40.0,0.144
2015-01-05 11:00:00,8.3,94,7.4,0.0,0.0,3.5,79.0,0.2844
2015-01-05 12:00:00,9.2,87,7.1,0.0,0.0,3.96,109.0,0.39239999999999997
2015-01-05 13:00:00,9.4,86,7.1,0.0,0.0,3.68,110.0,0.39599999999999996
2015-01-05 14:00:00,9.2,87,7.1,0.0,0.0,3.34,87.0,0.3132
2015-01-05 15:00:00,8.8,88,6.9,0.0,0.0,3.22,48.0,0.1728
2015-01-05 16:00:00,7.9,91,6.5,0.0,0.0,3.14,20.0,0.072
2015-01-05 17:00:00,7.3,92,6.0,0.0,0.0,3.29,0.0,0.0
2015-01-05 18:00:00,6.5,93,5.4,0.0,0.0,3.38,0.0,0.0
2015-01-05 19:00:00,6.4,95,5.7,0.0,0.0,3.38,0.0,0.0
2015-01-05 20:00:00,6.0,95,5.3,0.0,0.0,3.29,0.0,0.0
2015-01-05 21:00:00,6.2,94,5.3,0.0,0.0,3.07,0.0,0.0
2015-01-05 22:00:00,6.2,93,5.2,0.0,0.0,2.72,0.0,0.0
2015-01-05 23:00:00,6.3,92,5.1,0.0,0.0,2.84,0.0,0.0
2015-01-06 00:00:00,6.3,91,5.0,0.0,0.0,3.0,0.0,0.0
2015-01-06 01:00:00,6.4,90,4.8,0.0,0.0,3.3,0.0,0.0
2015-01-06 02:00:00,6.4,89,4.6,0.0,0.0,3.6,0.0,0.0
2015-01-06 03:00:00,6.4,87,4.5,0.0,0.0,4.0,0.0,0.0
2015-01-06 04:00:00,6.4,87,4.4,0.0,0.0,4.21,0.0,0.0
2015-01-06 05:00:00,6.5,87,4.5,0.0,0.0,4.43,0.0,0.0
2015-01-06 06:00:00,6.7,88,4.8,0.0,0.0,4.46,0.0,0.0
2015-01-06 07:00:00,6.9,95,6.1,0.0,0.0,4.75,0.0,0.0
2015-01-06 08:00:00,7.2,95,6.4,0.0,0.0,4.96,0.0,0.0
2015-01-06 09:00:00,7.5,95,6.8,0.0,0.0,5.18,3.0,0.0108
2015-01-06 10:00:00,8.1,94,7.2,0.0,0.0,5.18,26.0,0.0936
2015-01-06 11:00:00,9.0,92,7.7,0.0,0.0,5.5,49.0,0.1764
2015-01-06 12:00:00,9.9,89,8.2,0.0,0.0,5.6,72.0,0.2592
2015-01-06 13:00:00,9.6,88,7.8,0.2,0.0,5.92,21.0,0.0756
2015-01-06 14:00:00,8.4,83,5.8,0.0,0.0,6.45,43.0,0.1548
2015-01-06 15:00:00,7.4,78,3.9,0.0,0.0,6.05,80.0,0.288
2015-01-06 16:00:00,6.4,78,2.9,0.0,0.0,4.7,33.0,0.1188
2015-01-06 17:00:00,5.5,80,2.3,0.0,0.0,4.15,0.0,0.0
2015-01-06 18:00:00,5.0,80,1.9,0.0,0.0,3.72,0.0,0.0
2015-01-06 19:00:00,4.0,87,2.0,0.0,0.0,3.31,0.0,0.0
2015-01-06 20:00:00,3.1,90,1.6,0.0,0.0,3.61,0.0,0.0
2015-01-06 21:00:00,2.6,91,1.3,0.0,0.0,3.41,0.0,0.0
2015-01-06 22:00:00,1.9,93,0.9,0.0,0.0,3.04,0.0,0.0
2015-01-06 23:00:00,1.2,93,0.3,0.0,0.0,3.07,0.0,0.0
2015-01-07 00:00:00,0.8,94,-0.1,0.0,0.0,3.13,0.0,0.0
2015-01-07 01:00:00,0.6,93,-0.3,0.0,0.0,3.16,0.0,0.0
2015-01-07 02:00:00,0.6,93,-0.4,0.0,0.0,3.55,0.0,0.0
2015-01-07 03:00:00,0.8,92,-0.3,0.0,0.0,3.54,0.0,0.0
2015-01-07 04:00:00,0.9,92,-0.2,0.0,0.0,3.41,0.0,0.0
2015-01-07 05:00:00,1.1,92,-0.0,0.0,0.0,3.48,0.0,0.0
2015-01-07 06:00:00,1.4,92,0.2,0.0,0.0,3.74,0.0,0.0
2015-01-07 07:00:00,2.0,93,0.9,0.0,0.0,3.94,0.0,0.0
2015-01-07 08:00:00,2.6,92,1.4,0.0,0.0,4.25,0.0,0.0
2015-01-07 09:00:00,3.7,91,2.3,0.0,0.0,4.7,19.0,0.0684
2015-01-07 10:00:00,5.8,86,3.7,0.0,0.0,5.5,74.0,0.26639999999999997
2015-01-07 11:00:00,7.3,82,4.4,0.0,0.0,6.22,122.0,0.4392
2015-01-07 12:00:00,8.2,77,4.5,0.0,0.0,7.03,141.0,0.5075999999999999
2015-01-07 13:00:00,8.5,76,4.5,0.0,0.0,7.67,159.0,0.5724
2015-01-07 14:00:00,8.4,75,4.3,0.0,0.0,7.85,118.0,0.4248
2015-01-07 15:00:00,8.2,75,4.1,0.0,0.0,7.8,64.0,0.2304
2015-01-07 16:00:00,7.9,77,4.1,0.0,0.0,7.77,19.0,0.0684
2015-01-07 17:00:00,7.7,78,4.1,0.0,0.0,7.91,0.0,0.0
2015-01-07 18:00:00,8.1,77,4.3,0.0,0.0,8.05,0.0,0.0
2015-01-07 19:00:00,8.4,81,5.3,0.0,0.0,8.24,0.0,0.0
2015-01-07 20:00:00,8.8,81,5.8,0.0,0.0,8.4,0.0,0.0
2015-01-07 21:00:00,9.1,82,6.3,0.0,0.0,8.48,0.0,0.0
2015-01-07 22:00:00,9.5,84,6.9,0.0,0.0,7.89,0.0,0.0
2015-01-07 23:00:00,9.8,86,7.6,0.0,0.0,8.09,0.0,0.0
2015-01-08 00:00:00,9.9,89,8.2,0.0,0.0,8.02,0.0,0.0
2015-01-08 01:00:00,10.1,91,8.7,0.0,0.0,7.72,0.0,0.0
2015-01-08 02:00:00,10.4,91,9.1,0.0,0.0,7.42,0.0,0.0
2015-01-08 03:00:00,10.7,92,9.5,0.0,0.0,6.87,0.0,0.0
2015-01-08 04:00:00,10.9,92,9.7,0.0,0.0,6.34,0.0,0.0
2015-01-08 05:00:00,10.9,93,9.7,0.0,0.0,5.46,0.0,0.0
2015-01-08 06:00:00,10.7,94,9.7,0.0,0.0,4.66,0.0,0.0
2015-01-08 07:00:00,10.3,96,9.7,0.5,0.0,3.98,0.0,0.0
2015-01-08 08:00:00,10.1,91,8.8,1.5,0.0,3.85,0.0,0.0
2015-01-08 09:00:00,9.3,86,7.2,3.4,0.0,3.88,1.0,0.0036
2015-01-08 10:00:00,7.6,86,5.4,3.3,0.0,4.25,6.0,0.0216
2015-01-08 11:00:00,7.0,88,5.1,2.3,0.0,3.81,11.0,0.039599999999999996
2015-01-08 12:00:00,7.2,89,5.4,1.6,0.0,3.8,12.0,0.0432
2015-01-08 13:00:00,7.7,89,6.0,0.3,0.0,4.92,47.0,0.1692
2015-01-08 14:00:00,8.3,85,5.8,0.1,0.0,5.28,135.0,0.486
2015-01-08 15:00:00,8.1,82,5.2,0.0,0.0,4.82,112.0,0.4032
2015-01-08 16:00:00,7.4,82,4.6,0.0,0.0,4.91,38.0,0.1368
2015-01-08 17:00:00,6.5,84,4.0,0.0,0.0,4.81,0.0,0.0
2015-01-08 18:00:00,5.8,86,3.6,0.0,0.0,4.48,0.0,0.0
2015-01-08 19:00:00,5.8,84,3.4,0.0,0.0,4.75,0.0,0.0
2015-01-08 20:00:00,5.7,84,3.2,0.0,0.0,4.97,0.0,0.0
2015-01-08 21:00:00,5.8,83,3.1,0.0,0.0,5.8,0.0,0.0
2015-01-08 22:00:00,6.3,80,3.0,0.0,0.0,6.8,0.0,0.0
2015-01-08 23:00:00,6.8,76,3.0,0.0,0.0,8.07,0.0,0.0
2015-01-09 00:00:00,7.6,75,3.5,0.0,0.0,7.8,0.0,0.0
2015-01-09 01:00:00,8.4,73,3.8,0.1,0.0,8.58,0.0,0.0
2015-01-09 02:00:00,8.6,74,4.3,0.2,0.0,9.59,0.0,0.0
2015-01-09 03:00:00,8.9,80,5.7,0.0,0.0,8.91,0.0,0.0
2015-01-09 04:00:00,9.7,84,7.1,0.0,0.0,8.13,0.0,0.0
2015-01-09 05:00:00,10.2,86,8.0,0.0,0.0,7.41,0.0,0.0
2015-01-09 06:00:00,10.7,88,8.8,0.0,0.0,7.69,0.0,0.0
2015-01-09 07:00:00,10.3,92,9.0,0.0,0.0,8.13,0.0,0.0
2015-01-09 08:00:00,10.9,91,9.5,0.0,0.0,8.32,0.0,0.0
2015-01-09 09:00:00,10.8,88,8.8,0.0,0.0,8.26,12.0,0.0432
2015-01-09 10:00:00,10.7,84,8.1,0.0,0.0,7.96,62.0,0.22319999999999998
2015-01-09 11:00:00,10.9,81,7.7,0.0,0.0,6.87,143.0,0.5148
2015-01-09 12:00:00,11.1,78,7.5,0.0,0.0,7.03,199.0,0.7163999999999999
2015-01-09 13:00:00,11.1,77,7.2,0.0,0.0,8.23,186.0,0.6696
2015-01-09 14:00:00,11.3,77,7.3,0.0,0.0,8.86,144.0,0.5184
2015-01-09 15:00:00,11.3,77,7.5,0.0,0.0,8.63,87.0,0.3132
2015-01-09 16:00:00,12.1,80,8.8,0.0,0.0,9.66,13.0,0.0468
2015-01-09 17:00:00,13.4,84,10.7,0.0,0.0,10.22,0.0,0.0
2015-01-09 18:00:00,13.8,84,11.1,0.0,0.0,10.22,0.0,0.0
2015-01-09 19:00:00,13.3,86,11.0,0.0,0.0,10.37,0.0,0.0
2015-01-09 20:00:00,13.3,84,10.7,0.0,0.0,10.63,0.0,0.0
2015-01-09 21:00:00,13.1,82,10.1,0.0,0.0,10.59,0.0,0.0
2015-01-09 22:00:00,12.7,82,9.7,0.0,0.0,9.27,0.0,0.0
2015-01-09 23:00:00,12.5,81,9.4,0.0,0.0,9.55,0.0,0.0
2015-01-10 00:00:00,12.3,81,9.2,0.0,0.0,9.62,0.0,0.0
2015-01-10 01:00:00,12.1,82,9.1,0.0,0.0,9.47,0.0,0.0
2015-01-10 02:00:00,12.0,82,9.0,0.0,0.0,9.35,0.0,0.0
2015-01-10 03:00:00,11.9,82,8.9,0.0,0.0,9.58,0.0,0.0
2015-01-10 04:00:00,11.7,82,8.7,0.0,0.0,9.78,0.0,0.0
2015-01-10 05:00:00,11.6,81,8.4,0.0,0.0,10.1,0.0,0.0
2015-01-10 06:00:00,11.4,80,8.2,0.0,0.0,10.27,0.0,0.0
2015-01-10 07:00:00,11.5,81,8.3,0.0,0.0,10.58,0.0,0.0
2015-01-10 08:00:00,11.8,79,8.2,0.0,0.0,10.86,0.0,0.0
2015-01-10 09:00:00,12.3,78,8.5,0.0,0.0,11.23,5.0,0.018
2015-01-10 10:00:00,12.8,77,8.8,0.0,0.0,10.7,20.0,0.072
2015-01-10 11:00:00,12.0,75,7.8,0.5,0.0,9.73,21.0,0.0756
2015-01-10 12:00:00,10.4,71,5.3,0.0,0.0,8.1,47.0,0.1692
2015-01-10 13:00:00,9.7,63,2.9,0.0,0.0,8.13,155.0,0.5579999999999999
2015-01-10 14:00:00,8.7,54,-0.2,0.0,0.0,7.59,184.0,0.6624
2015-01-10 15:00:00,7.7,50,-2.0,0.0,0.0,7.13,120.0,0.432
2015-01-10 16:00:00,6.8,51,-2.6,0.0,0.0,6.57,43.0,0.1548
2015-01-10 17:00:00,6.0,53,-2.9,0.0,0.0,5.95,0.0,0.0
2015-01-10 18:00:00,5.3,55,-3.0,0.0,0.0,5.5,0.0,0.0
2015-01-10 19:00:00,4.8,61,-2.2,0.0,0.0,5.47,0.0,0.0
2015-01-10 20:00:00,4.2,64,-1.9,0.0,0.0,5.55,0.0,0.0
2015-01-10 21:00:00,3.8,69,-1.5,0.0,0.0,5.77,0.0,0.0
2015-01-10 22:00:00,3.5,72,-1.0,0.0,0.0,6.02,0.0,0.0
2015-01-10 23:00:00,3.2,76,-0.7,0.0,0.0,5.89,0.0,0.0
2015-01-11 00:00:00,3.1,77,-0.6,0.0,0.0,6.33,0.0,0.0
2015-01-11 01:00:00,3.1,77,-0.5,0.0,0.0,6.63,0.0,0.0
2015-01-11 02:00:00,3.1,77,-0.6,0.0,0.0,6.87,0.0,0.0
2015-01-11 03:00:00,3.1,76,-0.7,0.0,0.0,7.22,0.0,0.0
2015-01-11 04:00:00,3.2,74,-1.1,0.0,0.0,7.51,0.0,0.0
2015-01-11 05:00:00,3.2,70,-1.8,0.0,0.0,7.45,0.0,0.0
2015-01-11 06:00:00,3.1,68,-2.3,0.0,0.0,7.16,0.0,0.0
2015-01-11 07:00:00,3.3,67,-2.2,0.0,0.0,6.82,0.0,0.0
2015-01-11 08:00:00,3.3,69,-1.9,0.0,0.0,6.4,0.0,0.0
2015-01-11 09:00:00,3.5,71,-1.2,0.0,0.0,6.5,25.0,0.09
2015-01-11 10:00:00,4.5,71,-0.4,0.0,0.0,6.0,113.0,0.4068
2015-01-11 11:00:00,5.5,70,0.5,0.0,0.0,5.81,186.0,0.6696
2015-01-11 12:00:00,6.4,68,1.0,0.0,0.0,6.26,228.0,0.8208
2015-01-11 13:00:00,7.0,67,1.4,0.0,0.0,6.32,241.0,0.8675999999999999
2015-01-11 14:00:00,7.4,67,1.7,0.0,0.0,6.19,207.0,0.7452
2015-01-11 15:00:00,7.3,67,1.7,0.0,0.0,6.53,135.0,0.486
2015-01-11 16:00:00,7.0,67,1.3,0.0,0.0,6.49,39.0,0.1404
2015-01-11 17:00:00,7.1,66,1.2,0.0,0.0,6.8,0.0,0.0
2015-01-11 18:00:00,7.2,68,1.6,0.0,0.0,6.94,0.0,0.0
2015-01-11 19:00:00,7.2,74,3.0,0.0,0.0,6.8,0.0,0.0
2015-01-11 20:00:00,7.2,75,3.1,0.0,0.0,6.59,0.0,0.0
2015-01-11 21:00:00,7.3,75,3.1,0.0,0.0,6.88,0.0,0.0
2015-01-11 22:00:00,7.4,74,3.1,0.0,0.0,7.32,0.0,0.0
2015-01-11 23:00:00,7.4,74,3.1,0.0,0.0,7.57,0.0,0.0
2015-01-12 00:00:00,7.2,75,3.1,0.0,0.0,7.72,0.0,0.0
2015-01-12 01:00:00,7.0,76,3.1,0.0,0.0,7.8,0.0,0.0
2015-01-12 02:00:00,7.3,75,3.1,0.0,0.0,8.28,0.0,0.0
2015-01-12 03:00:00,7.7,73,3.3,0.0,0.0,8.68,0.0,0.0
2015-01-12 04:00:00,8.2,72,3.4,0.0,0.0,9.32,0.0,0.0
2015-01-12 05:00:00,8.5,71,3.6,0.0,0.0,9.96,0.0,0.0
2015-01-12 06:00:00,8.7,71,3.8,0.0,0.0,9.96,0.0,0.0
2015-01-12 07:00:00,9.2,73,4.7,0.0,0.0,9.64,0.0,0.0
2015-01-12 08:00:00,9.3,74,4.9,0.0,0.0,9.48,0.0,0.0
2015-01-12 09:00:00,9.6,74,5.2,0.0,0.0,9.22,8.0,0.0288
2015-01-12 10:00:00,10.0,74,5.6,0.0,0.0,8.91,39.0,0.1404
2015-01-12 11:00:00,10.5,77,6.6,0.0,0.0,8.84,45.0,0.162
2015-01-12 12:00:00,10.9,80,7.6,0.0,0.0,8.57,28.0,0.1008
2015-01-12 13:00:00,11.1,80,7.7,0.0,0.0,8.28,35.0,0.126
2015-01-12 14:00:00,11.1,80,7.8,0.0,0.0,7.92,38.0,0.1368
2015-01-12 15:00:00,11.0,82,8.0,0.0,0.0,7.72,16.0,0.0576
2015-01-12 16:00:00,10.9,84,8.2,0.1,0.0,7.21,6.0,0.0216
2015-01-12 17:00:00,10.9,85,8.5,0.2,0.0,6.93,0.0,0.0
2015-01-12 18:00:00,10.8,87,8.7,0.4,0.0,7.3,0.0,0.0
2015-01-12 19:00:00,10.5,93,9.4,0.5,0.0,6.74,0.0,0.0
2015-01-12 20:00:00,10.3,94,9.4,0.1,0.0,6.02,0.0,0.0
2015-01-12 21:00:00,10.3,95,9.6,0.1,0.0,6.46,0.0,0.0
2015-01-12 22:00:00,10.6,94,9.8,0.5,0.0,6.98,0.0,0.0
2015-01-12 23:00:00,10.8,93,9.8,1.1,0.0,8.18,0.0,0.0
2015-01-13 00:00:00,10.8,93,9.7,0.8,0.0,8.8,0.0,0.0
2015-01-13 01:00:00,10.6,93,9.5,0.9,0.0,8.56,0.0,0.0
2015-01-13 02:00:00,10.6,94,9.6,0.9,0.0,7.85,0.0,0.0
2015-01-13 03:00:00,10.8,91,9.4,1.0,0.0,6.96,0.0,0.0
2015-01-13 04:00:00,10.3,87,8.2,1.1,0.0,5.82,0.0,0.0
2015-01-13 05:00:00,9.2,86,7.0,0.9,0.0,5.1,0.0,0.0
2015-01-13 06:00:00,8.1,87,6.0,0.9,0.0,4.94,0.0,0.0
2015-01-13 07:00:00,8.6,88,6.7,0.2,0.0,4.7,0.0,0.0
2015-01-13 08:00:00,8.0,87,6.0,0.2,0.0,4.39,0.0,0.0
2015-01-13 09:00:00,7.6,88,5.7,0.3,0.0,3.9,7.0,0.0252
2015-01-13 10:00:00,7.6,88,5.8,0.0,0.0,3.72,62.0,0.22319999999999998
2015-01-13 11:00:00,8.1,85,5.7,0.0,0.0,3.89,152.0,0.5472
2015-01-13 12:00:00,8.4,81,5.2,0.0,0.0,5.17,198.0,0.7128
2015-01-13 13:00:00,7.5,81,4.5,0.5,0.0,7.18,138.0,0.49679999999999996
2015-01-13 14:00:00,7.7,79,4.3,0.0,0.0,8.34,120.0,0.432
2015-01-13 15:00:00,7.1,73,2.6,0.0,0.0,7.68,102.0,0.36719999999999997
2015-01-13 16:00:00,5.8,71,0.9,0.0,0.0,5.46,44.0,0.15839999999999999
2015-01-13 17:00:00,4.6,73,0.2,0.0,0.0,4.44,1.0,0.0036
2015-01-13 18:00:00,3.8,77,0.1,0.0,0.0,3.84,0.0,0.0
2015-01-13 19:00:00,4.2,84,1.7,0.0,0.0,3.55,0.0,0.0
2015-01-13 20:00:00,4.1,84,1.6,0.0,0.0,4.02,0.0,0.0
2015-01-13 21:00:00,4.1,84,1.6,0.0,0.0,5.05,0.0,0.0
2015-01-13 22:00:00,3.8,82,1.1,0.0,0.0,4.69,0.0,0.0
2015-01-13 23:00:00,3.2,80,0.1,0.0,0.0,5.23,0.0,0.0
2015-01-14 00:00:00,3.0,80,-0.2,0.0,0.0,6.74,0.0,0.0
2015-01-14 01:00:00,3.0,78,-0.4,0.0,0.0,7.13,0.0,0.0
2015-01-14 02:00:00,2.8,76,-1.1,0.0,0.0,6.4,0.0,0.0
2015-01-14 03:00:00,2.5,75,-1.4,0.0,0.0,5.92,0.0,0.0
2015-01-14 04:00:00,2.2,78,-1.3,0.0,0.0,5.64,0.0,0.0
2015-01-14 05:00:00,2.0,80,-1.1,0.0,0.0,5.59,0.0,0.0
2015-01-14 06:00:00,2.2,80,-0.9,0.0,0.0,5.38,0.0,0.0
2015-01-14 07:00:00,2.4,82,-0.4,0.0,0.0,5.39,0.0,0.0
2015-01-14 08:00:00,2.1,82,-0.6,0.0,0.0,5.69,0.0,0.0
2015-01-14 09:00:00,2.4,79,-0.8,0.0,0.0,6.61,23.0,0.0828
2015-01-14 10:00:00,3.0,79,-0.3,0.0,0.0,5.52,108.0,0.3888
2015-01-14 11:00:00,3.8,76,-0.1,0.0,0.0,6.07,202.0,0.7272
2015-01-14 12:00:00,4.7,71,-0.2,0.0,0.0,5.82,258.0,0.9288
2015-01-14 13:00:00,5.3,68,-0.2,0.0,0.0,7.24,266.0,0.9576
2015-01-14 14:00:00,5.6,67,-0.0,0.0,0.0,6.38,228.0,0.8208
2015-01-14 15:00:00,5.5,67,-0.2,0.0,0.0,5.78,149.0,0.5364
2015-01-14 16:00:00,5.0,66,-0.8,0.0,0.0,5.51,50.0,0.18
2015-01-14 17:00:00,5.4,64,-1.0,0.0,0.0,6.2,1.0,0.0036
2015-01-14 18:00:00,5.8,69,0.6,0.0,0.0,7.28,0.0,0.0
2015-01-14 19:00:00,6.5,79,3.0,0.4,0.0,8.42,0.0,0.0
2015-01-14 20:00:00,6.9,82,4.1,0.4,0.0,9.36,0.0,0.0
2015-01-14 21:00:00,7.2,87,5.2,0.5,0.0,10.12,0.0,0.0
2015-01-14 22:00:00,7.7,88,5.9,0.5,0.0,10.38,0.0,0.0
2015-01-14 23:00:00,8.1,88,6.3,0.5,0.0,11.07,0.0,0.0
2015-01-15 00:00:00,8.5,88,6.7,1.0,0.0,11.7,0.0,0.0
2015-01-15 01:00:00,9.1,88,7.1,1.4,0.0,12.3,0.0,0.0
2015-01-15 02:00:00,9.6,88,7.7,1.4,0.0,12.76,0.0,0.0
2015-01-15 03:00:00,10.2,87,8.2,1.8,0.0,12.52,0.0,0.0
2015-01-15 04:00:00,10.2,88,8.3,2.3,0.0,10.4,0.0,0.0
2015-01-15 05:00:00,9.2,85,6.9,1.2,0.0,9.2,0.0,0.0
2015-01-15 06:00:00,7.9,84,5.4,0.4,0.0,7.66,0.0,0.0
2015-01-15 07:00:00,7.7,84,5.2,0.4,0.0,6.74,0.0,0.0
2015-01-15 08:00:00,7.1,85,4.8,0.1,0.0,6.08,0.0,0.0
2015-01-15 09:00:00,6.9,84,4.4,0.0,0.0,5.78,20.0,0.072
2015-01-15 10:00:00,7.1,84,4.5,0.0,0.0,6.24,78.0,0.2808
2015-01-15 11:00:00,8.0,82,5.0,0.0,0.0,6.88,193.0,0.6948
2015-01-15 12:00:00,8.0,74,3.6,0.0,0.0,7.86,215.0,0.774
2015-01-15 13:00:00,7.7,75,3.5,0.3,0.0,7.42,178.0,0.6408
2015-01-15 14:00:00,7.6,70,2.5,0.0,0.0,8.09,165.0,0.594
2015-01-15 15:00:00,7.3,62,0.6,0.0,0.0,8.6,136.0,0.4896
2015-01-15 16:00:00,6.5,63,-0.1,0.0,0.0,8.39,54.0,0.1944
2015-01-15 17:00:00,6.1,59,-1.3,0.0,0.0,8.36,2.0,0.0072
2015-01-15 18:00:00,5.9,55,-2.3,0.0,0.0,8.35,0.0,0.0
2015-01-15 19:00:00,5.6,59,-1.8,0.0,0.0,8.49,0.0,0.0
2015-01-15 20:00:00,5.4,57,-2.4,0.0,0.0,8.81,0.0,0.0
2015-01-15 21:00:00,5.2,53,-3.7,0.0,0.0,8.68,0.0,0.0
2015-01-15 22:00:00,4.8,54,-3.8,0.0,0.0,8.6,0.0,0.0
2015-01-15 23:00:00,4.7,56,-3.3,0.0,0.0,8.35,0.0,0.0
2015-01-16 00:00:00,4.6,58,-2.9,0.0,0.0,7.98,0.0,0.0
2015-01-16 01:00:00,4.5,59,-2.8,0.0,0.0,7.31,0.0,0.0
2015-01-16 02:00:00,4.4,60,-2.6,0.0,0.0,6.52,0.0,0.0
2015-01-16 03:00:00,4.1,62,-2.4,0.0,0.0,5.88,0.0,0.0
2015-01-16 04:00:00,3.7,66,-2.1,0.0,0.0,5.52,0.0,0.0
2015-01-16 05:00:00,3.3,70,-1.7,0.0,0.0,5.02,0.0,0.0
2015-01-16 06:00:00,2.9,74,-1.3,0.0,0.0,4.53,0.0,0.0
2015-01-16 07:00:00,3.5,78,0.0,0.0,0.0,4.18,0.0,0.0
2015-01-16 08:00:00,3.6,81,0.6,0.0,0.0,3.75,0.0,0.0
2015-01-16 09:00:00,3.8,83,1.3,0.0,0.0,3.54,16.0,0.0576
2015-01-16 10:00:00,4.6,83,1.9,0.0,0.0,3.18,54.0,0.1944
2015-01-16 11:00:00,5.2,82,2.4,0.0,0.0,3.28,95.0,0.34199999999999997
2015-01-16 12:00:00,5.7,80,2.6,0.0,0.0,2.94,145.0,0.522
2015-01-16 13:00:00,6.0,78,2.4,0.0,0.0,3.0,166.0,0.5976
2015-01-16 14:00:00,6.0,76,2.1,0.0,0.0,2.67,149.0,0.5364
2015-01-16 15:00:00,5.7,78,2.2,0.0,0.0,2.94,94.0,0.3384
2015-01-16 16:00:00,5.1,78,1.5,0.0,0.0,3.62,43.0,0.1548
2015-01-16 17:00:00,4.1,79,0.7,0.0,0.0,3.49,2.0,0.0072
2015-01-16 18:00:00,3.2,80,0.2,0.0,0.0,3.24,0.0,0.0
2015-01-16 19:00:00,2.4,85,0.1,0.0,0.0,3.08,0.0,0.0
2015-01-16 20:00:00,1.3,87,-0.5,0.0,0.0,3.24,0.0,0.0
2015-01-16 21:00:00,0.4,89,-1.2,0.0,0.0,3.0,0.0,0.0
2015-01-16 22:00:00,-0.4,90,-1.8,0.0,0.0,2.67,0.0,0.0
2015-01-16 23:00:00,-1.1,91,-2.5,0.0,0.0,3.01,0.0,0.0
2015-01-17 00:00:00,-1.6,91,-3.0,0.0,0.0,3.3,0.0,0.0
2015-01-17 01:00:00,-2.0,90,-3.4,0.0,0.0,3.3,0.0,0.0
2015-01-17 02:00:00,-2.3,89,-3.8,0.0,0.0,3.18,0.0,0.0
2015-01-17 03:00:00,-2.6,89,-4.2,0.0,0.0,3.0,0.0,0.0
2015-01-17 04:00:00,-2.8,89,-4.4,0.0,0.0,3.26,0.0,0.0
2015-01-17 05:00:00,-2.9,88,-4.5,0.0,0.0,3.54,0.0,0.0
2015-01-17 06:00:00,-2.7,88,-4.5,0.0,0.0,3.76,0.0,0.0
2015-01-17 07:00:00,-2.0,88,-3.8,0.0,0.0,4.08,0.0,0.0
2015-01-17 08:00:00,-1.3,87,-3.2,0.0,0.07,4.44,0.0,0.0
2015-01-17 09:00:00,0.1,84,-2.2,0.1,0.0,4.77,23.0,0.0828
2015-01-17 10:00:00,1.9,81,-1.0,0.0,0.0,4.63,80.0,0.288
2015-01-17 11:00:00,3.1,81,0.1,0.3,0.0,4.42,135.0,0.486
2015-01-17 12:00:00,4.0,81,0.9,0.2,0.0,4.61,180.0,0.648
2015-01-17 13:00:00,4.8,78,1.3,0.0,0.0,4.98,207.0,0.7452
2015-01-17 14:00:00,5.3,76,1.4,0.0,0.0,4.6,184.0,0.6624
2015-01-17 15:00:00,5.0,79,1.6,0.0,0.0,4.27,133.0,0.4788
2015-01-17 16:00:00,4.1,83,1.4,0.0,0.0,3.69,48.0,0.1728
2015-01-17 17:00:00,2.9,89,1.3,0.0,0.0,3.28,2.0,0.0072
2015-01-17 18:00:00,2.0,92,0.9,0.0,0.0,3.26,0.0,0.0
2015-01-17 19:00:00,1.9,91,0.6,0.0,0.0,3.32,0.0,0.0
2015-01-17 20:00:00,1.7,92,0.6,0.0,0.0,3.25,0.0,0.0
2015-01-17 21:00:00,1.5,92,0.4,0.0,0.0,3.04,0.0,0.0
2015-01-17 22:00:00,1.4,93,0.4,0.0,0.0,2.62,0.0,0.0
2015-01-17 23:00:00,1.0,94,0.2,0.0,0.0,2.48,0.0,0.0
2015-01-18 00:00:00,1.0,95,0.3,0.0,0.0,2.48,0.0,0.0
2015-01-18 01:00:00,0.9,96,0.3,0.1,0.0,2.48,0.0,0.0
2015-01-18 02:00:00,0.9,96,0.3,0.2,0.0,2.2,0.0,0.0
2015-01-18 03:00:00,1.0,96,0.5,0.3,0.0,1.8,0.0,0.0
2015-01-18 04:00:00,0.9,97,0.5,0.4,0.0,1.75,0.0,0.0
2015-01-18 05:00:00,0.9,97,0.5,0.4,0.0,1.71,0.0,0.0
2015-01-18 06:00:00,1.2,97,0.8,0.4,0.0,1.89,0.0,0.0
2015-01-18 07:00:00,1.4,99,1.3,0.5,0.07,2.16,0.0,0.0
2015-01-18 08:00:00,1.2,100,1.1,0.3,0.0,2.28,0.0,0.0
2015-01-18 09:00:00,1.3,97,0.9,0.2,0.0,2.91,14.0,0.0504
2015-01-18 10:00:00,1.8,93,0.8,0.0,0.0,3.61,67.0,0.2412
2015-01-18 11:00:00,2.4,89,0.7,0.0,0.0,4.0,141.0,0.5075999999999999
2015-01-18 12:00:00,2.8,87,0.8,0.0,0.0,3.5,168.0,0.6048
2015-01-18 13:00:00,3.0,84,0.6,0.0,0.0,3.3,178.0,0.6408
2015-01-18 14:00:00,3.1,82,0.3,0.0,0.0,3.34,180.0,0.648
2015-01-18 15:00:00,2.9,80,-0.1,0.0,0.0,3.1,128.0,0.4608
2015-01-18 16:00:00,2.3,81,-0.7,0.0,0.0,2.47,49.0,0.1764
2015-01-18 17:00:00,1.4,83,-1.1,0.0,0.0,2.42,3.0,0.0108
2015-01-18 18:00:00,0.7,86,-1.4,0.0,0.0,2.6,0.0,0.0
2015-01-18 19:00:00,-0.0,92,-1.1,0.0,0.0,2.53,0.0,0.0
2015-01-18 20:00:00,-0.9,93,-1.9,0.0,0.0,2.5,0.0,0.0
2015-01-18 21:00:00,-1.8,94,-2.6,0.0,0.0,2.57,0.0,0.0
2015-01-18 22:00:00,-1.8,95,-2.5,0.0,0.0,2.82,0.0,0.0
2015-01-18 23:00:00,-2.1,96,-2.7,0.0,0.0,2.96,0.0,0.0
2015-01-19 00:00:00,-2.0,96,-2.6,0.0,0.0,3.1,0.0,0.0
2015-01-19 01:00:00,-1.6,96,-2.1,0.0,0.0,3.13,0.0,0.0
2015-01-19 02:00:00,-1.1,96,-1.6,0.0,0.0,3.18,0.0,0.0
2015-01-19 03:00:00,-0.2,96,-0.8,0.0,0.0,3.36,0.0,0.0
2015-01-19 04:00:00,0.3,95,-0.5,0.0,0.0,3.61,0.0,0.0
2015-01-19 05:00:00,0.4,93,-0.6,0.0,0.0,3.42,0.0,0.0
2015-01-19 06:00:00,0.4,90,-1.1,0.0,0.0,3.08,0.0,0.0
2015-01-19 07:00:00,0.4,89,-1.2,0.0,0.0,2.66,0.0,0.0
2015-01-19 08:00:00,0.3,88,-1.5,0.0,0.0,2.37,0.0,0.0
2015-01-19 09:00:00,0.3,88,-1.5,0.0,0.0,2.22,22.0,0.07919999999999999
2015-01-19 10:00:00,1.0,82,-1.7,0.0,0.0,2.2,83.0,0.2988
2015-01-19 11:00:00,1.7,80,-1.4,0.0,0.0,2.13,165.0,0.594
2015-01-19 12:00:00,2.4,78,-1.0,0.0,0.0,1.84,234.0,0.8423999999999999
2015-01-19 13:00:00,2.8,77,-0.8,0.0,0.0,1.72,226.0,0.8136
2015-01-19 14:00:00,3.1,77,-0.6,0.0,0.0,2.01,207.0,0.7452
2015-01-19 15:00:00,3.1,76,-0.7,0.0,0.0,1.97,150.0,0.54
2015-01-19 16:00:00,2.4,81,-0.6,0.0,0.0,1.58,61.0,0.2196
2015-01-19 17:00:00,0.9,90,-0.5,0.0,0.0,1.55,4.0,0.0144
2015-01-19 18:00:00,0.8,87,-1.1,0.0,0.0,1.65,0.0,0.0
2015-01-19 19:00:00,0.2,90,-1.3,0.0,0.0,1.82,0.0,0.0
2015-01-19 20:00:00,0.1,91,-1.2,0.0,0.0,1.91,0.0,0.0
2015-01-19 21:00:00,-0.0,92,-1.2,0.0,0.0,1.81,0.0,0.0
2015-01-19 22:00:00,0.6,91,-0.8,0.0,0.0,1.21,0.0,0.0
2015-01-19 23:00:00,0.5,91,-0.7,0.0,0.0,0.73,0.0,0.0
2015-01-20 00:00:00,0.2,94,-0.6,0.0,0.0,0.85,0.0,0.0
2015-01-20 01:00:00,-0.7,97,-1.1,0.0,0.0,1.35,0.0,0.0
2015-01-20 02:00:00,-1.0,98,-1.3,0.0,0.0,1.64,0.0,0.0
2015-01-20 03:00:00,-1.4,99,-1.6,0.0,0.0,1.66,0.0,0.0
2015-01-20 04:00:00,-1.8,99,-1.9,0.0,0.0,1.78,0.0,0.0
2015-01-20 05:00:00,-2.2,99,-2.3,0.0,0.0,2.02,0.0,0.0
2015-01-20 06:00:00,-2.7,99,-2.8,0.0,0.0,1.9,0.0,0.0
2015-01-20 07:00:00,-3.3,97,-3.6,0.0,0.0,1.55,0.0,0.0
2015-01-20 08:00:00,-2.8,98,-3.1,0.0,0.0,1.75,0.0,0.0
2015-01-20 09:00:00,-1.8,97,-2.3,0.0,0.0,1.87,24.0,0.0864
2015-01-20 10:00:00,-0.7,98,-1.0,0.0,0.0,1.61,78.0,0.2808
2015-01-20 11:00:00,0.2,96,-0.3,0.0,0.0,1.58,125.0,0.45
2015-01-20 12:00:00,1.5,92,0.3,0.0,0.0,1.84,175.0,0.63
2015-01-20 13:00:00,2.9,83,0.3,0.0,0.0,2.34,210.0,0.756
2015-01-20 14:00:00,3.4,80,0.2,0.0,0.0,2.64,181.0,0.6516
2015-01-20 15:00:00,3.3,82,0.5,0.0,0.0,2.51,125.0,0.45
2015-01-20 16:00:00,2.8,84,0.4,0.0,0.0,2.66,45.0,0.162
2015-01-20 17:00:00,1.9,88,0.2,0.0,0.0,3.18,3.0,0.0108
2015-01-20 18:00:00,1.5,90,-0.0,0.0,0.0,3.53,0.0,0.0
2015-01-20 19:00:00,1.6,91,0.4,0.0,0.0,4.03,0.0,0.0
2015-01-20 20:00:00,1.9,88,0.1,0.0,0.0,4.53,0.0,0.0
2015-01-20 21:00:00,2.3,83,-0.3,0.0,0.0,5.1,0.0,0.0
2015-01-20 22:00:00,2.1,83,-0.5,0.1,0.0,4.81,0.0,0.0
2015-01-20 23:00:00,1.9,85,-0.3,0.3,0.0,5.28,0.0,0.0
2015-01-21 00:00:00,1.9,88,0.2,0.1,0.0,5.64,0.0,0.0
2015-01-21 01:00:00,1.9,91,0.6,0.2,0.0,6.13,0.0,0.0
2015-01-21 02:00:00,2.0,92,0.8,0.1,0.0,5.99,0.0,0.0
2015-01-21 03:00:00,2.1,92,0.9,0.0,0.0,5.55,0.0,0.0
2015-01-21 04:00:00,2.3,91,0.9,0.0,0.0,5.06,0.0,0.0
2015-01-21 05:00:00,2.4,90,1.0,0.0,0.0,4.69,0.0,0.0
2015-01-21 06:00:00,2.5,91,1.2,0.0,0.0,4.42,0.0,0.0
2015-01-21 07:00:00,2.4,91,1.2,0.0,0.0,4.18,0.0,0.0
2015-01-21 08:00:00,2.4,92,1.2,0.0,0.0,3.97,0.0,0.0
2015-01-21 09:00:00,2.4,92,1.3,0.0,0.0,3.97,12.0,0.0432
2015-01-21 10:00:00,2.6,91,1.3,0.0,0.0,4.61,46.0,0.1656
2015-01-21 11:00:00,2.9,89,1.2,0.0,0.0,4.48,83.0,0.2988
2015-01-21 12:00:00,3.1,85,0.9,0.0,0.0,4.57,91.0,0.3276
2015-01-21 13:00:00,3.2,85,0.9,0.0,0.0,3.94,86.0,0.3096
2015-01-21 14:00:00,3.1,85,0.8,0.0,0.0,3.77,77.0,0.2772
2015-01-21 15:00:00,3.0,85,0.7,0.0,0.0,3.64,49.0,0.1764
2015-01-21 16:00:00,2.7,87,0.7,0.0,0.0,2.96,22.0,0.07919999999999999
2015-01-21 17:00:00,2.5,88,0.7,0.0,0.0,2.72,2.0,0.0072
2015-01-21 18:00:00,2.4,89,0.7,0.0,0.0,2.5,0.0,0.0
2015-01-21 19:00:00,2.4,91,1.1,0.0,0.0,2.33,0.0,0.0
2015-01-21 20:00:00,2.4,91,1.1,0.0,0.0,2.18,0.0,0.0
2015-01-21 21:00:00,2.4,91,1.1,0.0,0.0,2.31,0.0,0.0
2015-01-21 22:00:00,2.3,91,1.0,0.0,0.0,1.66,0.0,0.0
2015-01-21 23:00:00,2.2,92,1.0,0.0,0.0,2.1,0.0,0.0
2015-01-22 00:00:00,1.9,92,0.8,0.0,0.0,2.19,0.0,0.0
2015-01-22 01:00:00,1.8,92,0.6,0.0,0.0,1.88,0.0,0.0
2015-01-22 02:00:00,1.4,93,0.4,0.0,0.0,2.06,0.0,0.0
2015-01-22 03:00:00,1.2,93,0.3,0.0,0.0,1.97,0.0,0.0
2015-01-22 04:00:00,0.2,95,-0.5,0.0,0.0,1.63,0.0,0.0
2015-01-22 05:00:00,-0.1,95,-0.7,0.0,0.0,1.71,0.0,0.0
2015-01-22 06:00:00,0.0,95,-0.6,0.0,0.0,2.09,0.0,0.0
2015-01-22 07:00:00,-1.4,96,-2.0,0.0,0.0,2.42,0.0,0.0
2015-01-22 08:00:00,-1.6,95,-2.3,0.0,0.0,2.47,0.0,0.0
2015-01-22 09:00:00,-1.0,94,-1.8,0.0,0.0,2.83,38.0,0.1368
2015-01-22 10:00:00,1.1,90,-0.3,0.0,0.0,2.38,117.0,0.42119999999999996
2015-01-22 11:00:00,2.6,85,0.3,0.0,0.0,2.51,214.0,0.7704
2015-01-22 12:00:00,3.5,80,0.4,0.0,0.0,2.91,258.0,0.9288
2015-01-22 13:00:00,4.1,71,-0.8,0.0,0.0,3.38,276.0,0.9935999999999999
2015-01-22 14:00:00,4.1,68,-1.3,0.0,0.0,3.33,182.0,0.6552
2015-01-22 15:00:00,3.9,67,-1.6,0.0,0.0,2.92,138.0,0.49679999999999996
2015-01-22 16:00:00,3.3,72,-1.3,0.0,0.0,2.44,62.0,0.22319999999999998
2015-01-22 17:00:00,2.3,77,-1.3,0.0,0.0,2.15,4.0,0.0144
2015-01-22 18:00:00,1.0,84,-1.4,0.0,0.0,2.09,0.0,0.0
2015-01-22 19:00:00,0.6,87,-1.3,0.0,0.0,2.15,0.0,0.0
2015-01-22 20:00:00,-0.2,90,-1.7,0.0,0.0,2.06,0.0,0.0
2015-01-22 21:00:00,-0.8,91,-2.1,0.0,0.0,1.91,0.0,0.0
2015-01-22 22:00:00,-1.1,91,-2.3,0.0,0.0,1.42,0.0,0.0
2015-01-22 23:00:00,-1.2,90,-2.6,0.0,0.0,1.63,0.0,0.0
2015-01-23 00:00:00,-1.1,90,-2.5,0.0,0.0,1.24,0.0,0.0
2015-01-23 01:00:00,-1.4,92,-2.6,0.0,0.0,1.39,0.0,0.0
2015-01-23 02:00:00,-1.5,93,-2.5,0.0,0.0,1.42,0.0,0.0
2015-01-23 03:00:00,-1.4,93,-2.3,0.0,0.0,1.5,0.0,0.0
2015-01-23 04:00:00,-1.1,93,-2.1,0.0,0.0,1.27,0.0,0.0
2015-01-23 05:00:00,-1.1,93,-2.0,0.0,0.0,1.2,0.0,0.0
2015-01-23 06:00:00,-0.5,91,-1.9,0.0,0.0,0.36,0.0,0.0
2015-01-23 07:00:00,-2.6,96,-3.1,0.0,0.0,1.48,0.0,0.0
2015-01-23 08:00:00,-2.8,97,-3.3,0.0,0.0,1.3,0.0,0.0
2015-01-23 09:00:00,-2.0,96,-2.5,0.0,0.0,2.09,34.0,0.1224
2015-01-23 10:00:00,-0.1,90,-1.6,0.0,0.0,2.47,106.0,0.3816
2015-01-23 11:00:00,1.3,84,-1.1,0.0,0.0,2.72,170.0,0.612
2015-01-23 12:00:00,2.3,78,-1.1,0.0,0.0,3.38,239.0,0.8603999999999999
2015-01-23 13:00:00,3.0,69,-2.1,0.0,0.0,3.86,268.0,0.9648
2015-01-23 14:00:00,3.4,68,-1.9,0.0,0.0,3.99,247.0,0.8892
2015-01-23 15:00:00,3.2,72,-1.5,0.0,0.0,3.7,172.0,0.6192
2015-01-23 16:00:00,2.1,77,-1.5,0.0,0.0,4.08,76.0,0.2736
2015-01-23 17:00:00,1.0,84,-1.4,0.0,0.0,4.66,6.0,0.0216
2015-01-23 18:00:00,1.0,87,-1.0,0.0,0.0,5.07,0.0,0.0
2015-01-23 19:00:00,2.9,86,0.8,0.0,0.0,5.51,0.0,0.0
2015-01-23 20:00:00,3.6,88,1.8,0.0,0.0,5.65,0.0,0.0
2015-01-23 21:00:00,4.6,87,2.7,0.7,0.0,6.09,0.0,0.0
2015-01-23 22:00:00,5.6,88,3.8,0.2,0.0,6.38,0.0,0.0
2015-01-23 23:00:00,6.3,89,4.5,0.9,0.0,6.6,0.0,0.0
2015-01-24 00:00:00,6.5,92,5.3,1.2,0.0,6.92,0.0,0.0
2015-01-24 01:00:00,6.8,95,6.1,1.2,0.0,6.44,0.0,0.0
2015-01-24 02:00:00,7.1,96,6.6,1.2,0.0,5.53,0.0,0.0
2015-01-24 03:00:00,6.7,93,5.6,0.5,0.0,6.08,0.0,0.0
2015-01-24 04:00:00,5.2,86,3.1,0.0,0.0,5.59,0.0,0.0
2015-01-24 05:00:00,3.9,86,1.8,0.0,0.0,5.59,0.0,0.0
2015-01-24 06:00:00,2.7,86,0.6,0.0,0.0,5.74,0.0,0.0
2015-01-24 07:00:00,2.3,88,0.5,0.0,0.0,5.67,0.0,0.0
2015-01-24 08:00:00,1.7,88,-0.1,0.0,0.0,5.54,0.0,0.0
2015-01-24 09:00:00,1.9,87,-0.0,0.0,0.0,5.56,45.0,0.162
2015-01-24 10:00:00,3.0,85,0.6,0.0,0.0,4.74,147.0,0.5292
2015-01-24 11:00:00,4.0,81,1.0,0.0,0.0,4.72,237.0,0.8532
2015-01-24 12:00:00,4.9,76,1.1,0.0,0.0,5.02,292.0,1.0512
2015-01-24 13:00:00,5.5,73,1.0,0.0,0.0,5.49,301.0,1.0836
2015-01-24 14:00:00,5.8,70,0.8,0.0,0.0,5.44,258.0,0.9288
2015-01-24 15:00:00,5.7,71,0.8,0.0,0.0,5.22,182.0,0.6552
2015-01-24 16:00:00,4.9,72,0.3,0.0,0.0,4.77,84.0,0.3024
2015-01-24 17:00:00,3.9,75,-0.1,0.0,0.0,4.27,8.0,0.0288
2015-01-24 18:00:00,3.0,79,-0.2,0.0,0.0,3.76,0.0,0.0
2015-01-24 19:00:00,2.4,84,0.1,0.0,0.0,3.36,0.0,0.0
2015-01-24 20:00:00,1.6,88,-0.2,0.0,0.0,3.48,0.0,0.0
2015-01-24 21:00:00,1.1,88,-0.6,0.0,0.0,3.48,0.0,0.0
2015-01-24 22:00:00,0.8,89,-0.8,0.0,0.0,3.61,0.0,0.0
2015-01-24 23:00:00,0.4,90,-1.0,0.0,0.0,3.61,0.0,0.0
2015-01-25 00:00:00,0.1,91,-1.2,0.0,0.0,3.13,0.0,0.0
2015-01-25 01:00:00,-0.3,92,-1.4,0.0,0.0,3.07,0.0,0.0
2015-01-25 02:00:00,-0.6,93,-1.6,0.0,0.0,3.07,0.0,0.0
2015-01-25 03:00:00,-0.9,93,-1.8,0.0,0.0,2.75,0.0,0.0
2015-01-25 04:00:00,-1.1,94,-2.0,0.0,0.0,2.8,0.0,0.0
2015-01-25 05:00:00,-1.2,94,-2.1,0.0,0.0,3.1,0.0,0.0
2015-01-25 06:00:00,-1.3,94,-2.2,0.0,0.0,2.92,0.0,0.0
2015-01-25 07:00:00,-1.0,94,-1.9,0.0,0.0,2.75,0.0,0.0
2015-01-25 08:00:00,-1.2,94,-2.1,0.0,0.0,2.64,0.0,0.0
2015-01-25 09:00:00,-0.1,93,-1.1,0.0,0.0,3.24,45.0,0.162
2015-01-25 10:00:00,2.6,88,0.8,0.0,0.0,3.94,136.0,0.4896
2015-01-25 11:00:00,4.7,82,1.9,0.0,0.0,3.94,217.0,0.7812
2015-01-25 12:00:00,6.1,79,2.8,0.0,0.0,4.39,260.0,0.9359999999999999
2015-01-25 13:00:00,7.2,77,3.5,0.0,0.0,4.98,266.0,0.9576
2015-01-25 14:00:00,7.9,74,3.6,0.0,0.0,5.43,241.0,0.8675999999999999
2015-01-25 15:00:00,7.7,77,3.9,0.0,0.0,4.88,178.0,0.6408
2015-01-25 16:00:00,7.0,80,3.8,0.0,0.0,4.22,61.0,0.2196
2015-01-25 17:00:00,6.2,84,3.7,0.0,0.0,4.46,7.0,0.0252
2015-01-25 18:00:00,6.1,85,3.8,0.0,0.0,4.22,0.0,0.0
2015-01-25 19:00:00,6.4,86,4.3,0.0,0.0,4.07,0.0,0.0
2015-01-25 20:00:00,6.1,89,4.5,0.0,0.0,4.2,0.0,0.0
2015-01-25 21:00:00,5.7,92,4.5,0.0,0.0,4.39,0.0,0.0
2015-01-25 22:00:00,6.0,92,4.9,0.0,0.0,4.07,0.0,0.0
2015-01-25 23:00:00,6.3,92,5.2,0.0,0.0,4.3,0.0,0.0
2015-01-26 00:00:00,6.7,92,5.5,0.0,0.0,4.29,0.0,0.0
2015-01-26 01:00:00,7.0,92,5.9,0.0,0.0,4.43,0.0,0.0
2015-01-26 02:00:00,7.3,93,6.2,0.0,0.0,4.7,0.0,0.0
2015-01-26 03:00:00,7.6,94,6.7,0.0,0.0,4.83,0.0,0.0
2015-01-26 04:00:00,7.9,94,7.0,0.0,0.0,5.13,0.0,0.0
2015-01-26 05:00:00,8.1,93,7.1,0.0,0.0,5.29,0.0,0.0
2015-01-26 06:00:00,8.2,92,6.9,0.0,0.0,5.17,0.0,0.0
2015-01-26 07:00:00,8.2,94,7.3,0.1,0.0,5.02,0.0,0.0
2015-01-26 08:00:00,8.4,94,7.4,0.0,0.0,4.93,0.0,0.0
2015-01-26 09:00:00,8.5,94,7.6,0.0,0.0,4.61,5.0,0.018
2015-01-26 10:00:00,8.7,93,7.7,0.0,0.0,3.85,19.0,0.0684
2015-01-26 11:00:00,8.7,88,6.8,0.0,0.0,4.53,48.0,0.1728
2015-01-26 12:00:00,8.3,75,4.0,0.0,0.0,5.1,160.0,0.576
2015-01-26 13:00:00,7.8,65,1.6,0.0,0.0,5.5,176.0,0.6335999999999999
2015-01-26 14:00:00,7.6,62,0.8,0.0,0.0,5.16,127.0,0.4572
2015-01-26 15:00:00,7.3,65,1.2,0.0,0.0,5.17,113.0,0.4068
2015-01-26 16:00:00,6.7,68,1.2,0.0,0.0,5.03,62.0,0.22319999999999998
2015-01-26 17:00:00,5.8,72,1.2,0.0,0.0,4.52,9.0,0.0324
2015-01-26 18:00:00,5.0,76,1.2,0.0,0.0,4.5,0.0,0.0
2015-01-26 19:00:00,4.8,79,1.5,0.0,0.0,4.64,0.0,0.0
2015-01-26 20:00:00,4.4,81,1.5,0.0,0.0,4.62,0.0,0.0
2015-01-26 21:00:00,4.0,83,1.4,0.0,0.0,4.62,0.0,0.0
2015-01-26 22:00:00,3.4,86,1.3,0.0,0.0,4.26,0.0,0.0
2015-01-26 23:00:00,3.0,88,1.2,0.0,0.0,3.88,0.0,0.0
2015-01-27 00:00:00,2.7,90,1.2,0.0,0.0,3.89,0.0,0.0
2015-01-27 01:00:00,2.5,91,1.2,0.0,0.0,4.02,0.0,0.0
2015-01-27 02:00:00,2.2,92,1.1,0.0,0.0,4.21,0.0,0.0
2015-01-27 03:00:00,2.1,93,1.0,0.0,0.0,4.21,0.0,0.0
2015-01-27 04:00:00,2.0,93,1.0,0.0,0.0,4.19,0.0,0.0
2015-01-27 05:00:00,2.1,92,1.0,0.0,0.0,4.22,0.0,0.0
2015-01-27 06:00:00,2.2,92,1.1,0.0,0.0,3.91,0.0,0.0
2015-01-27 07:00:00,3.3,91,1.9,0.0,0.0,3.4,0.0,0.0
2015-01-27 08:00:00,3.0,92,1.8,0.0,0.0,3.48,0.0,0.0
2015-01-27 09:00:00,3.3,92,2.1,0.0,0.0,3.61,42.0,0.1512
2015-01-27 10:00:00,4.8,88,2.9,0.0,0.0,3.2,124.0,0.44639999999999996
2015-01-27 11:00:00,6.2,82,3.3,0.0,0.0,3.48,195.0,0.702
2015-01-27 12:00:00,7.0,79,3.6,0.0,0.0,4.43,240.0,0.864
2015-01-27 13:00:00,7.6,76,3.7,0.0,0.0,3.83,246.0,0.8855999999999999
2015-01-27 14:00:00,7.7,75,3.6,0.0,0.0,3.81,209.0,0.7524
2015-01-27 15:00:00,7.5,75,3.4,0.0,0.0,3.45,112.0,0.4032
2015-01-27 16:00:00,7.2,77,3.4,0.0,0.0,2.4,51.0,0.18359999999999999
2015-01-27 17:00:00,6.6,80,3.4,0.0,0.0,2.53,5.0,0.018
2015-01-27 18:00:00,6.3,81,3.4,0.0,0.0,3.01,0.0,0.0
2015-01-27 19:00:00,6.3,82,3.4,0.0,0.0,3.36,0.0,0.0
2015-01-27 20:00:00,6.1,81,3.1,0.0,0.0,3.62,0.0,0.0
2015-01-27 21:00:00,5.8,81,2.9,0.0,0.0,3.61,0.0,0.0
2015-01-27 22:00:00,5.5,83,2.8,0.0,0.0,3.68,0.0,0.0
2015-01-27 23:00:00,5.1,85,2.8,0.0,0.0,4.26,0.0,0.0
2015-01-28 00:00:00,5.0,87,3.0,0.0,0.0,5.09,0.0,0.0
2015-01-28 01:00:00,5.0,88,3.3,0.0,0.0,5.52,0.0,0.0
2015-01-28 02:00:00,5.2,88,3.4,0.0,0.0,5.81,0.0,0.0
2015-01-28 03:00:00,5.4,87,3.4,0.0,0.0,5.97,0.0,0.0
2015-01-28 04:00:00,5.5,87,3.5,0.0,0.0,6.38,0.0,0.0
2015-01-28 05:00:00,6.1,86,4.0,0.0,0.0,6.59,0.0,0.0
2015-01-28 06:00:00,6.9,87,4.9,0.0,0.0,7.22,0.0,0.0
2015-01-28 07:00:00,7.6,89,5.9,0.0,0.0,7.72,0.0,0.0
2015-01-28 08:00:00,8.3,91,6.8,0.0,0.0,8.39,0.0,0.0
2015-01-28 09:00:00,8.8,93,7.7,0.0,0.0,8.79,5.0,0.018
2015-01-28 10:00:00,9.3,92,8.1,0.2,0.0,8.7,14.0,0.0504
2015-01-28 11:00:00,9.4,89,7.8,0.5,0.0,9.45,22.0,0.07919999999999999
2015-01-28 12:00:00,9.0,73,4.4,0.2,0.0,10.53,130.0,0.46799999999999997
2015-01-28 13:00:00,7.1,71,2.2,0.2,0.0,9.95,131.0,0.47159999999999996
2015-01-28 14:00:00,6.3,58,-1.3,0.0,0.0,8.76,110.0,0.39599999999999996
2015-01-28 15:00:00,5.9,56,-2.3,0.0,0.0,8.42,192.0,0.6912
2015-01-28 16:00:00,5.3,55,-3.0,0.0,0.0,7.65,102.0,0.36719999999999997
2015-01-28 17:00:00,4.4,55,-3.9,0.0,0.0,7.12,14.0,0.0504
2015-01-28 18:00:00,3.8,55,-4.3,0.0,0.0,7.1,0.0,0.0
2015-01-28 19:00:00,3.2,59,-4.0,0.0,0.0,6.76,0.0,0.0
2015-01-28 20:00:00,2.7,64,-3.4,0.0,0.0,6.57,0.0,0.0
2015-01-28 21:00:00,2.3,68,-3.0,0.0,0.0,6.51,0.0,0.0
2015-01-28 22:00:00,2.0,71,-2.6,0.0,0.0,6.77,0.0,0.0
2015-01-28 23:00:00,2.0,74,-2.1,0.0,0.0,7.22,0.0,0.0
2015-01-29 00:00:00,2.0,77,-1.6,0.0,0.0,7.32,0.0,0.0
2015-01-29 01:00:00,1.9,79,-1.4,0.0,0.0,7.34,0.0,0.0
2015-01-29 02:00:00,1.9,79,-1.4,0.0,0.0,7.47,0.0,0.0
2015-01-29 03:00:00,1.9,78,-1.5,0.0,0.0,7.53,0.0,0.0
2015-01-29 04:00:00,1.7,79,-1.6,0.0,0.0,7.24,0.0,0.0
2015-01-29 05:00:00,1.5,79,-1.7,0.0,0.0,6.9,0.0,0.0
2015-01-29 06:00:00,1.4,80,-1.8,0.0,0.0,6.67,0.0,0.0
2015-01-29 07:00:00,1.4,84,-1.0,0.0,0.0,6.41,0.0,0.0
2015-01-29 08:00:00,1.3,87,-0.6,0.0,0.0,6.31,1.0,0.0036
2015-01-29 09:00:00,2.0,85,-0.2,0.0,0.0,6.31,51.0,0.18359999999999999
2015-01-29 10:00:00,3.1,82,0.4,0.0,0.0,5.75,156.0,0.5616
2015-01-29 11:00:00,4.4,74,0.1,0.0,0.0,7.62,253.0,0.9107999999999999
2015-01-29 12:00:00,5.1,70,-0.0,0.0,0.0,7.56,256.0,0.9216
2015-01-29 13:00:00,4.4,76,0.5,0.4,0.0,7.02,207.0,0.7452
2015-01-29 14:00:00,3.9,82,1.0,0.1,0.0,6.77,159.0,0.5724
2015-01-29 15:00:00,3.6,84,1.1,0.2,0.0,6.04,122.0,0.4392
2015-01-29 16:00:00,2.4,82,-0.4,0.3,0.07,6.2,66.0,0.2376
2015-01-29 17:00:00,1.1,86,-1.0,0.2,0.21,6.01,10.0,0.036
2015-01-29 18:00:00,0.6,85,-1.6,0.0,0.0,5.9,0.0,0.0
2015-01-29 19:00:00,0.5,85,-1.8,0.0,0.0,5.95,0.0,0.0
2015-01-29 20:00:00,0.3,85,-2.0,0.0,0.0,5.83,0.0,0.0
2015-01-29 21:00:00,0.2,86,-1.9,0.0,0.0,6.04,0.0,0.0
2015-01-29 22:00:00,0.5,85,-1.8,0.0,0.0,6.14,0.0,0.0
2015-01-29 23:00:00,0.7,84,-1.7,0.0,0.0,5.73,0.0,0.0
2015-01-30 00:00:00,0.8,84,-1.6,0.0,0.0,5.41,0.0,0.0
2015-01-30 01:00:00,0.6,84,-1.8,0.0,0.0,5.1,0.0,0.0
2015-01-30 02:00:00,0.4,84,-2.0,0.0,0.14,4.61,0.0,0.0
2015-01-30 03:00:00,0.7,84,-1.8,0.2,0.14,4.55,0.0,0.0
2015-01-30 04:00:00,1.0,84,-1.4,0.1,0.07,4.34,0.0,0.0
2015-01-30 05:00:00,0.8,88,-1.0,0.0,0.07,3.32,0.0,0.0
2015-01-30 06:00:00,0.3,91,-1.0,0.0,0.0,2.67,0.0,0.0
2015-01-30 07:00:00,0.1,92,-1.0,0.0,0.0,3.96,0.0,0.0
2015-01-30 08:00:00,0.6,92,-0.5,0.0,0.0,5.46,1.0,0.0036
2015-01-30 09:00:00,0.9,92,-0.2,0.0,0.0,5.15,46.0,0.1656
2015-01-30 10:00:00,1.4,90,-0.0,0.0,0.0,4.9,162.0,0.5831999999999999
2015-01-30 11:00:00,2.3,82,-0.4,0.0,0.0,4.39,238.0,0.8568
2015-01-30 12:00:00,3.3,77,-0.3,0.0,0.0,4.03,282.0,1.0151999999999999
2015-01-30 13:00:00,4.6,76,0.7,0.0,0.0,4.63,290.0,1.044
2015-01-30 14:00:00,4.9,78,1.4,0.0,0.0,6.1,158.0,0.5688
2015-01-30 15:00:00,5.3,77,1.7,0.0,0.0,4.88,105.0,0.378
2015-01-30 16:00:00,5.0,77,1.2,0.0,0.0,4.18,90.0,0.324
2015-01-30 17:00:00,3.8,80,0.7,0.0,0.0,3.83,16.0,0.0576
2015-01-30 18:00:00,2.9,84,0.4,0.0,0.0,3.74,0.0,0.0
2015-01-30 19:00:00,2.1,85,-0.1,0.0,0.0,3.71,0.0,0.0
2015-01-30 20:00:00,1.4,87,-0.5,0.0,0.0,3.88,0.0,0.0
2015-01-30 21:00:00,0.9,88,-0.8,0.0,0.0,4.06,0.0,0.0
2015-01-30 22:00:00,0.4,89,-1.2,0.0,0.0,3.71,0.0,0.0
2015-01-30 23:00:00,-0.0,89,-1.6,0.0,0.0,3.8,0.0,0.0
2015-01-31 00:00:00,-0.4,89,-2.0,0.0,0.0,4.1,0.0,0.0
2015-01-31 01:00:00,-0.7,89,-2.3,0.0,0.0,4.31,0.0,0.0
2015-01-31 02:00:00,-0.9,90,-2.4,0.0,0.0,4.12,0.0,0.0
2015-01-31 03:00:00,-0.7,90,-2.2,0.0,0.0,4.04,0.0,0.0
2015-01-31 04:00:00,-0.5,89,-2.0,0.0,0.0,4.04,0.0,0.0
2015-01-31 05:00:00,-0.1,89,-1.7,0.0,0.0,4.04,0.0,0.0
2015-01-31 06:00:00,0.1,89,-1.6,0.0,0.0,3.93,0.0,0.0
2015-01-31 07:00:00,-0.3,85,-2.5,0.0,0.14,3.6,0.0,0.0
2015-01-31 08:00:00,-0.1,88,-1.9,0.0,0.21,3.74,1.0,0.0036
2015-01-31 09:00:00,0.8,90,-0.7,0.0,0.07,4.03,27.0,0.0972
2015-01-31 10:00:00,1.6,87,-0.3,0.0,0.0,4.53,68.0,0.2448
2015-01-31 11:00:00,2.4,81,-0.5,0.0,0.0,5.27,140.0,0.504
2015-01-31 12:00:00,2.8,79,-0.4,0.3,0.21,4.67,199.0,0.7163999999999999
2015-01-31 13:00:00,3.1,85,0.8,0.3,0.07,5.23,222.0,0.7992
2015-01-31 14:00:00,3.3,87,1.3,0.3,0.0,6.77,139.0,0.5004
2015-01-31 15:00:00,3.7,81,0.8,0.1,0.0,7.82,107.0,0.3852
2015-01-31 16:00:00,3.6,78,0.1,0.0,0.0,8.03,78.0,0.2808
2015-01-31 17:00:00,3.1,76,-0.6,0.0,0.0,7.79,14.0,0.0504
2015-01-31 18:00:00,2.9,74,-1.2,0.0,0.0,7.36,0.0,0.0
2015-01-31 19:00:00,2.9,71,-1.9,0.0,0.0,7.02,0.0,0.0
2015-01-31 20:00:00,2.4,69,-2.7,0.0,0.0,6.98,0.0,0.0
2015-01-31 21:00:00,2.0,67,-3.4,0.0,0.0,6.95,0.0,0.0
2015-01-31 22:00:00,1.7,67,-3.8,0.0,0.0,6.65,0.0,0.0
2015-01-31 23:00:00,1.3,67,-4.2,0.0,0.0,6.72,0.0,0.0
2015-02-01 00:00:00,1.2,67,-4.2,0.0,0.0,6.94,0.0,0.0
2015-02-01 01:00:00,1.2,69,-4.0,0.0,0.0,7.02,0.0,0.0
2015-02-01 02:00:00,1.3,70,-3.6,0.0,0.07,7.09,0.0,0.0
2015-02-01 03:00:00,1.3,70,-3.5,0.0,0.07,7.29,0.0,0.0
2015-02-01 04:00:00,1.0,71,-3.6,0.2,0.07,7.57,0.0,0.0
2015-02-01 05:00:00,1.4,69,-3.6,0.0,0.0,8.06,0.0,0.0
2015-02-01 06:00:00,1.9,67,-3.5,0.0,0.0,8.35,0.0,0.0
2015-02-01 07:00:00,2.1,67,-3.4,0.0,0.0,8.41,0.0,0.0
2015-02-01 08:00:00,2.1,67,-3.3,0.0,0.0,8.63,1.0,0.0036
2015-02-01 09:00:00,2.5,67,-3.1,0.0,0.0,8.73,29.0,0.10439999999999999
2015-02-01 10:00:00,2.9,68,-2.5,0.0,0.0,6.93,101.0,0.3636
2015-02-01 11:00:00,3.2,68,-2.1,0.0,0.0,8.09,195.0,0.702
2015-02-01 12:00:00,3.9,67,-1.6,0.0,0.0,8.41,273.0,0.9828
2015-02-01 13:00:00,3.9,67,-1.6,0.0,0.0,8.32,183.0,0.6587999999999999
2015-02-01 14:00:00,4.2,65,-1.8,0.0,0.0,8.27,186.0,0.6696
2015-02-01 15:00:00,4.4,63,-2.0,0.0,0.0,7.04,223.0,0.8028
2015-02-01 16:00:00,3.8,64,-2.5,0.0,0.0,6.6,118.0,0.4248
2015-02-01 17:00:00,3.0,63,-3.3,0.0,0.0,5.74,19.0,0.0684
2015-02-01 18:00:00,2.1,65,-3.9,0.0,0.0,5.3,0.0,0.0
2015-02-01 19:00:00,1.4,69,-3.6,0.0,0.0,4.9,0.0,0.0
2015-02-01 20:00:00,0.6,72,-3.9,0.0,0.0,4.46,0.0,0.0
2015-02-01 21:00:00,-0.2,74,-4.2,0.0,0.0,4.24,0.0,0.0
2015-02-01 22:00:00,-0.9,76,-4.6,0.0,0.0,3.82,0.0,0.0
2015-02-01 23:00:00,-1.6,78,-5.0,0.0,0.0,3.68,0.0,0.0
2015-02-02 00:00:00,-2.3,79,-5.4,0.0,0.0,3.61,0.0,0.0
2015-02-02 01:00:00,-2.8,80,-5.7,0.0,0.0,3.28,0.0,0.0
2015-02-02 02:00:00,-3.2,80,-6.1,0.0,0.0,3.36,0.0,0.0
2015-02-02 03:00:00,-3.4,80,-6.3,0.0,0.0,3.58,0.0,0.0
2015-02-02 04:00:00,-3.5,80,-6.4,0.0,0.0,3.67,0.0,0.0
2015-02-02 05:00:00,-3.5,81,-6.4,0.0,0.0,3.54,0.0,0.0
2015-02-02 06:00:00,-3.5,81,-6.3,0.0,0.0,3.45,0.0,0.0
2015-02-02 07:00:00,-3.1,82,-5.8,0.0,0.0,3.5,0.0,0.0
2015-02-02 08:00:00,-2.9,83,-5.4,0.0,0.0,3.41,2.0,0.0072
2015-02-02 09:00:00,-1.7,80,-4.7,0.0,0.0,3.55,55.0,0.19799999999999998
2015-02-02 10:00:00,-0.1,73,-4.4,0.0,0.0,3.16,137.0,0.49319999999999997
2015-02-02 11:00:00,1.0,69,-4.1,0.0,0.0,3.28,211.0,0.7595999999999999
2015-02-02 12:00:00,1.7,65,-4.3,0.0,0.0,3.28,261.0,0.9396
2015-02-02 13:00:00,2.2,62,-4.4,0.0,0.0,3.5,281.0,1.0116
2015-02-02 14:00:00,2.4,59,-4.8,0.0,0.0,3.69,266.0,0.9576
2015-02-02 15:00:00,2.3,59,-5.0,0.0,0.0,3.69,196.0,0.7056
2015-02-02 16:00:00,1.7,63,-4.6,0.0,0.0,2.98,111.0,0.3996
2015-02-02 17:00:00,0.3,69,-4.7,0.0,0.0,2.34,21.0,0.0756
2015-02-02 18:00:00,-0.9,75,-4.7,0.0,0.0,2.48,0.0,0.0
2015-02-02 19:00:00,-1.3,82,-4.0,0.0,0.0,2.69,0.0,0.0
2015-02-02 20:00:00,-1.5,83,-4.0,0.0,0.0,2.9,0.0,0.0
2015-02-02 21:00:00,-1.7,84,-4.0,0.0,0.0,2.91,0.0,0.0
2015-02-02 22:00:00,-1.7,85,-4.0,0.0,0.0,2.26,0.0,0.0
2015-02-02 23:00:00,-1.9,86,-4.0,0.0,0.0,2.33,0.0,0.0
2015-02-03 00:00:00,-1.7,86,-3.8,0.0,0.0,2.76,0.0,0.0
2015-02-03 01:00:00,-1.6,86,-3.6,0.0,0.14,2.92,0.0,0.0
2015-02-03 02:00:00,-1.1,86,-3.1,0.0,0.21,2.75,0.0,0.0
2015-02-03 03:00:00,-1.0,89,-2.6,0.0,0.21,2.68,0.0,0.0
2015-02-03 04:00:00,-0.8,90,-2.2,0.0,0.35,3.08,0.0,0.0
2015-02-03 05:00:00,-0.4,92,-1.6,0.0,0.21,3.4,0.0,0.0
2015-02-03 06:00:00,-0.2,94,-1.1,0.0,0.07,3.63,0.0,0.0
2015-02-03 07:00:00,-0.7,93,-1.8,0.0,0.07,3.55,0.0,0.0
2015-02-03 08:00:00,-0.8,93,-1.7,0.0,0.07,3.75,2.0,0.0072
2015-02-03 09:00:00,-0.1,93,-1.1,0.0,0.0,3.82,55.0,0.19799999999999998
2015-02-03 10:00:00,1.0,88,-0.8,0.0,0.0,3.9,132.0,0.4752
2015-02-03 11:00:00,2.6,81,-0.3,0.0,0.0,5.08,241.0,0.8675999999999999
2015-02-03 12:00:00,3.6,75,-0.3,0.0,0.0,5.41,297.0,1.0692
2015-02-03 13:00:00,4.4,69,-0.8,0.0,0.0,5.39,314.0,1.1304
2015-02-03 14:00:00,4.6,66,-1.2,0.0,0.0,5.79,278.0,1.0008
2015-02-03 15:00:00,4.0,73,-0.3,0.0,0.0,5.04,171.0,0.6156
2015-02-03 16:00:00,3.2,80,0.1,0.0,0.0,4.59,73.0,0.2628
2015-02-03 17:00:00,2.2,85,-0.1,0.0,0.0,4.69,21.0,0.0756
2015-02-03 18:00:00,1.3,89,-0.4,0.0,0.0,4.81,0.0,0.0
2015-02-03 19:00:00,1.1,90,-0.3,0.0,0.0,4.59,0.0,0.0
2015-02-03 20:00:00,0.8,91,-0.5,0.0,0.0,4.54,0.0,0.0
2015-02-03 21:00:00,0.5,92,-0.7,0.0,0.0,4.61,0.0,0.0
2015-02-03 22:00:00,0.1,93,-0.9,0.0,0.0,4.3,0.0,0.0
2015-02-03 23:00:00,-0.0,94,-0.9,0.0,0.0,4.4,0.0,0.0
2015-02-04 00:00:00,-0.1,94,-0.9,0.0,0.0,4.21,0.0,0.0
2015-02-04 01:00:00,-0.2,95,-1.0,0.0,0.0,4.12,0.0,0.0
2015-02-04 02:00:00,-0.7,95,-1.4,0.0,0.0,4.22,0.0,0.0
2015-02-04 03:00:00,-0.8,96,-1.4,0.0,0.0,4.22,0.0,0.0
2015-02-04 04:00:00,-0.6,96,-1.1,0.0,0.0,4.12,0.0,0.0
2015-02-04 05:00:00,-0.3,96,-0.8,0.0,0.0,4.13,0.0,0.0
2015-02-04 06:00:00,0.1,96,-0.5,0.0,0.0,4.12,0.0,0.0
2015-02-04 07:00:00,0.2,95,-0.6,0.0,0.0,4.11,0.0,0.0
2015-02-04 08:00:00,0.3,94,-0.6,0.0,0.0,4.1,2.0,0.0072
2015-02-04 09:00:00,0.8,90,-0.6,0.0,0.0,4.33,43.0,0.1548
2015-02-04 10:00:00,1.7,85,-0.6,0.0,0.0,5.14,109.0,0.39239999999999997
2015-02-04 11:00:00,2.6,80,-0.5,0.0,0.0,5.77,179.0,0.6444
2015-02-04 12:00:00,3.3,77,-0.4,0.0,0.0,5.9,200.0,0.72
2015-02-04 13:00:00,4.0,72,-0.6,0.0,0.0,5.73,209.0,0.7524
2015-02-04 14:00:00,4.5,69,-0.8,0.0,0.0,5.53,153.0,0.5508
2015-02-04 15:00:00,4.3,72,-0.3,0.0,0.0,4.92,100.0,0.36
2015-02-04 16:00:00,4.0,74,-0.2,0.0,0.0,5.39,51.0,0.18359999999999999
2015-02-04 17:00:00,3.2,77,-0.4,0.0,0.0,5.53,20.0,0.072
2015-02-04 18:00:00,2.5,82,-0.3,0.0,0.0,5.49,0.0,0.0
2015-02-04 19:00:00,2.1,83,-0.4,0.0,0.0,5.56,0.0,0.0
2015-02-04 20:00:00,1.7,86,-0.3,0.0,0.0,5.33,0.0,0.0
2015-02-04 21:00:00,1.3,89,-0.3,0.0,0.0,5.12,0.0,0.0
2015-02-04 22:00:00,0.8,91,-0.5,0.0,0.0,4.52,0.0,0.0
2015-02-04 23:00:00,0.8,91,-0.5,0.0,0.0,4.64,0.0,0.0
2015-02-05 00:00:00,0.6,91,-0.7,0.0,0.0,4.74,0.0,0.0
2015-02-05 01:00:00,0.3,91,-1.0,0.0,0.0,4.64,0.0,0.0
2015-02-05 02:00:00,-0.0,92,-1.2,0.0,0.0,4.46,0.0,0.0
2015-02-05 03:00:00,-0.2,92,-1.3,0.0,0.0,4.47,0.0,0.0
2015-02-05 04:00:00,-0.1,93,-1.1,0.0,0.0,4.51,0.0,0.0
2015-02-05 05:00:00,-0.0,94,-0.9,0.0,0.0,4.27,0.0,0.0
2015-02-05 06:00:00,0.1,94,-0.7,0.0,0.07,4.3,0.0,0.0
2015-02-05 07:00:00,0.4,91,-0.9,0.0,0.28,4.59,0.0,0.0
2015-02-05 08:00:00,0.5,90,-1.0,0.0,0.28,4.67,1.0,0.0036
2015-02-05 09:00:00,0.9,90,-0.6,0.0,0.21,4.6,22.0,0.07919999999999999
2015-02-05 10:00:00,1.9,87,-0.1,0.0,0.07,5.41,69.0,0.24839999999999998
2015-02-05 11:00:00,3.2,81,0.2,0.0,0.0,5.12,192.0,0.6912
2015-02-05 12:00:00,4.2,69,-1.0,0.0,0.0,5.2,266.0,0.9576
2015-02-05 13:00:00,4.5,64,-1.8,0.0,0.0,5.42,273.0,0.9828
2015-02-05 14:00:00,4.5,62,-2.2,0.0,0.0,5.2,277.0,0.9972
2015-02-05 15:00:00,3.9,66,-1.9,0.0,0.0,5.16,187.0,0.6732
2015-02-05 16:00:00,3.3,70,-1.6,0.0,0.0,5.13,104.0,0.3744
2015-02-05 17:00:00,2.1,76,-1.7,0.0,0.0,4.88,26.0,0.0936
2015-02-05 18:00:00,1.3,80,-1.9,0.0,0.0,5.05,0.0,0.0
2015-02-05 19:00:00,0.9,82,-1.8,0.0,0.0,5.36,0.0,0.0
2015-02-05 20:00:00,0.7,82,-2.0,0.0,0.0,5.39,0.0,0.0
2015-02-05 21:00:00,0.9,79,-2.3,0.0,0.0,5.17,0.0,0.0
2015-02-05 22:00:00,0.7,77,-2.8,0.0,0.0,5.17,0.0,0.0
2015-02-05 23:00:00,0.9,74,-3.1,0.0,0.0,5.12,0.0,0.0
2015-02-06 00:00:00,0.8,74,-3.4,0.0,0.0,5.12,0.0,0.0
2015-02-06 01:00:00,0.6,74,-3.5,0.0,0.0,5.28,0.0,0.0
2015-02-06 02:00:00,0.2,75,-3.7,0.0,0.0,5.36,0.0,0.0
2015-02-06 03:00:00,0.2,74,-3.9,0.0,0.0,5.72,0.0,0.0
2015-02-06 04:00:00,-0.1,74,-4.2,0.0,0.0,5.9,0.0,0.0
2015-02-06 05:00:00,0.2,71,-4.4,0.0,0.0,5.89,0.0,0.0
2015-02-06 06:00:00,0.3,71,-4.4,0.0,0.0,5.69,0.0,0.0
2015-02-06 07:00:00,0.3,70,-4.4,0.0,0.0,5.76,0.0,0.0
2015-02-06 08:00:00,0.4,71,-4.2,0.0,0.0,5.92,5.0,0.018
2015-02-06 09:00:00,1.2,70,-3.6,0.0,0.0,6.25,72.0,0.2592
2015-02-06 10:00:00,2.4,70,-2.6,0.0,0.0,5.83,172.0,0.6192
2015-02-06 11:00:00,3.6,62,-2.9,0.0,0.0,7.37,244.0,0.8784
2015-02-06 12:00:00,4.3,57,-3.5,0.0,0.0,7.92,294.0,1.0584
2015-02-06 13:00:00,4.6,56,-3.5,0.0,0.0,8.27,298.0,1.0728
2015-02-06 14:00:00,4.7,55,-3.7,0.0,0.0,8.21,272.0,0.9792
2015-02-06 15:00:00,4.4,58,-3.2,0.0,0.0,7.76,225.0,0.8099999999999999
2015-02-06 16:00:00,3.7,62,-2.9,0.0,0.0,6.98,134.0,0.4824
2015-02-06 17:00:00,2.7,66,-3.0,0.0,0.0,6.48,33.0,0.1188
2015-02-06 18:00:00,1.9,70,-3.0,0.0,0.0,6.28,0.0,0.0
2015-02-06 19:00:00,1.3,76,-2.4,0.0,0.0,6.08,0.0,0.0
2015-02-06 20:00:00,0.9,78,-2.4,0.0,0.0,5.86,0.0,0.0
2015-02-06 21:00:00,0.6,80,-2.4,0.0,0.0,5.58,0.0,0.0
2015-02-06 22:00:00,0.4,81,-2.4,0.0,0.0,5.16,0.0,0.0
2015-02-06 23:00:00,0.3,82,-2.4,0.0,0.0,5.33,0.0,0.0
2015-02-07 00:00:00,0.2,83,-2.3,0.0,0.0,5.05,0.0,0.0
2015-02-07 01:00:00,0.2,83,-2.4,0.0,0.0,4.77,0.0,0.0
2015-02-07 02:00:00,0.2,83,-2.3,0.0,0.0,4.55,0.0,0.0
2015-02-07 03:00:00,0.2,84,-2.2,0.0,0.0,4.36,0.0,0.0
2015-02-07 04:00:00,0.0,86,-2.1,0.0,0.0,4.12,0.0,0.0
2015-02-07 05:00:00,-0.1,87,-2.0,0.0,0.0,4.07,0.0,0.0
2015-02-07 06:00:00,0.1,88,-1.7,0.0,0.0,4.27,0.0,0.0
2015-02-07 07:00:00,0.5,89,-1.0,0.0,0.0,4.18,0.0,0.0
2015-02-07 08:00:00,1.0,90,-0.5,0.0,0.0,4.14,4.0,0.0144
2015-02-07 09:00:00,2.0,90,0.5,0.0,0.0,4.14,34.0,0.1224
2015-02-07 10:00:00,3.1,90,1.6,0.0,0.0,3.76,74.0,0.26639999999999997
2015-02-07 11:00:00,4.6,85,2.4,0.0,0.0,4.25,133.0,0.4788
2015-02-07 12:00:00,5.8,77,2.0,0.0,0.0,4.09,194.0,0.6984
2015-02-07 13:00:00,6.3,72,1.6,0.0,0.0,4.31,178.0,0.6408
2015-02-07 14:00:00,6.6,71,1.8,0.0,0.0,4.9,133.0,0.4788
2015-02-07 15:00:00,6.8,72,2.2,0.0,0.0,4.97,102.0,0.36719999999999997
2015-02-07 16:00:00,6.6,75,2.4,0.0,0.0,4.47,55.0,0.19799999999999998
2015-02-07 17:00:00,5.9,79,2.6,0.0,0.0,4.59,16.0,0.0576
2015-02-07 18:00:00,5.3,85,3.0,0.0,0.0,4.41,0.0,0.0
2015-02-07 19:00:00,4.2,87,2.3,0.0,0.0,4.66,0.0,0.0
2015-02-07 20:00:00,3.9,88,2.1,0.0,0.0,4.12,0.0,0.0
2015-02-07 21:00:00,3.2,91,1.8,0.0,0.0,3.61,0.0,0.0
2015-02-07 22:00:00,2.6,92,1.5,0.0,0.0,3.81,0.0,0.0
2015-02-07 23:00:00,2.6,92,1.5,0.0,0.0,3.92,0.0,0.0
2015-02-08 00:00:00,2.5,92,1.4,0.0,0.0,4.04,0.0,0.0
2015-02-08 01:00:00,2.2,92,1.0,0.0,0.0,4.34,0.0,0.0
2015-02-08 02:00:00,2.6,90,1.1,0.0,0.0,4.77,0.0,0.0
2015-02-08 03:00:00,2.6,90,1.1,0.0,0.0,5.15,0.0,0.0
2015-02-08 04:00:00,2.6,90,1.1,0.0,0.0,5.23,0.0,0.0
2015-02-08 05:00:00,2.5,90,1.0,0.0,0.0,5.32,0.0,0.0
2015-02-08 06:00:00,2.2,91,0.8,0.0,0.0,5.11,0.0,0.0
2015-02-08 07:00:00,2.9,90,1.5,0.0,0.0,4.9,0.0,0.0
2015-02-08 08:00:00,2.9,91,1.5,0.0,0.0,4.6,4.0,0.0144
2015-02-08 09:00:00,3.8,88,2.0,0.0,0.0,4.41,56.0,0.2016
2015-02-08 10:00:00,4.7,83,2.1,0.0,0.0,4.2,153.0,0.5508
2015-02-08 11:00:00,5.5,78,2.0,0.0,0.0,4.6,212.0,0.7632
2015-02-08 12:00:00,6.0,74,1.7,0.0,0.0,4.4,242.0,0.8712
2015-02-08 13:00:00,6.2,72,1.6,0.0,0.0,3.91,220.0,0.7919999999999999
2015-02-08 14:00:00,6.5,71,1.6,0.0,0.0,3.69,229.0,0.8244
2015-02-08 15:00:00,6.7,70,1.6,0.0,0.0,3.36,217.0,0.7812
2015-02-08 16:00:00,6.3,73,1.8,0.0,0.0,2.0,135.0,0.486
2015-02-08 17:00:00,4.9,79,1.6,0.0,0.0,1.84,38.0,0.1368
2015-02-08 18:00:00,3.2,87,1.3,0.0,0.0,2.28,0.0,0.0
2015-02-08 19:00:00,2.0,91,0.6,0.0,0.0,2.5,0.0,0.0
2015-02-08 20:00:00,1.1,92,-0.1,0.0,0.0,2.79,0.0,0.0
2015-02-08 21:00:00,0.6,93,-0.4,0.0,0.0,3.05,0.0,0.0
2015-02-08 22:00:00,0.5,94,-0.4,0.0,0.0,3.09,0.0,0.0
2015-02-08 23:00:00,0.8,94,0.0,0.0,0.0,3.33,0.0,0.0
2015-02-09 00:00:00,1.1,95,0.3,0.0,0.0,3.69,0.0,0.0
2015-02-09 01:00:00,1.4,95,0.7,0.0,0.0,3.96,0.0,0.0
2015-02-09 02:00:00,1.5,96,1.0,0.0,0.0,3.96,0.0,0.0
2015-02-09 03:00:00,1.8,96,1.2,0.0,0.0,3.75,0.0,0.0
2015-02-09 04:00:00,1.4,97,1.0,0.0,0.0,3.62,0.0,0.0
2015-02-09 05:00:00,1.4,97,1.0,0.0,0.0,3.4,0.0,0.0
2015-02-09 06:00:00,1.3,98,1.0,0.0,0.0,2.97,0.0,0.0
2015-02-09 07:00:00,1.1,98,0.7,0.0,0.0,2.33,0.0,0.0
2015-02-09 08:00:00,0.5,98,0.2,0.0,0.0,2.19,6.0,0.0216
2015-02-09 09:00:00,2.4,96,1.9,0.0,0.0,2.62,71.0,0.2556
2015-02-09 10:00:00,4.6,89,2.9,0.0,0.0,2.26,151.0,0.5436
2015-02-09 11:00:00,5.6,85,3.3,0.0,0.0,2.62,231.0,0.8316
2015-02-09 12:00:00,6.2,83,3.4,0.0,0.0,2.91,223.0,0.8028
2015-02-09 13:00:00,6.5,81,3.4,0.0,0.0,3.0,201.0,0.7236
2015-02-09 14:00:00,6.6,80,3.4,0.0,0.0,2.64,162.0,0.5831999999999999
2015-02-09 15:00:00,6.5,80,3.3,0.0,0.0,2.55,123.0,0.44279999999999997
2015-02-09 16:00:00,6.3,81,3.2,0.0,0.0,1.97,74.0,0.26639999999999997
2015-02-09 17:00:00,5.8,84,3.2,0.0,0.0,1.43,18.0,0.0648
2015-02-09 18:00:00,5.4,86,3.3,0.0,0.0,1.52,0.0,0.0
2015-02-09 19:00:00,4.8,90,3.2,0.0,0.0,1.63,0.0,0.0
2015-02-09 20:00:00,4.1,93,3.1,0.0,0.0,1.5,0.0,0.0
2015-02-09 21:00:00,3.7,94,2.8,0.0,0.0,1.4,0.0,0.0
2015-02-09 22:00:00,3.4,94,2.5,0.0,0.0,1.26,0.0,0.0
2015-02-09 23:00:00,3.4,94,2.6,0.0,0.0,1.12,0.0,0.0
2015-02-10 00:00:00,2.7,97,2.2,0.0,0.0,0.98,0.0,0.0
2015-02-10 01:00:00,1.8,99,1.6,0.0,0.0,0.82,0.0,0.0
2015-02-10 02:00:00,1.3,99,1.2,0.0,0.0,0.71,0.0,0.0
2015-02-10 03:00:00,1.6,99,1.5,0.0,0.0,0.61,0.0,0.0
2015-02-10 04:00:00,1.8,99,1.7,0.0,0.0,0.36,0.0,0.0
2015-02-10 05:00:00,1.6,99,1.5,0.0,0.0,0.2,0.0,0.0
2015-02-10 06:00:00,1.3,99,1.2,0.0,0.0,0.22,0.0,0.0
2015-02-10 07:00:00,1.0,99,0.9,0.0,0.0,0.22,0.0,0.0
2015-02-10 08:00:00,1.3,99,1.1,0.0,0.0,0.22,5.0,0.018
2015-02-10 09:00:00,1.8,99,1.6,0.0,0.0,0.41,43.0,0.1548
2015-02-10 10:00:00,2.7,98,2.4,0.0,0.0,0.51,96.0,0.3456
2015-02-10 11:00:00,3.9,94,3.1,0.0,0.0,0.63,158.0,0.5688
2015-02-10 12:00:00,5.2,84,2.6,0.0,0.0,1.14,213.0,0.7667999999999999
2015-02-10 13:00:00,5.7,77,2.1,0.0,0.0,1.42,182.0,0.6552
2015-02-10 14:00:00,5.9,75,1.8,0.0,0.0,1.49,180.0,0.648
2015-02-10 15:00:00,6.0,74,1.7,0.0,0.0,1.5,147.0,0.5292
2015-02-10 16:00:00,5.9,74,1.6,0.0,0.0,1.64,82.0,0.2952
2015-02-10 17:00:00,5.3,79,1.9,0.0,0.0,1.12,24.0,0.0864
2015-02-10 18:00:00,4.8,83,2.1,0.0,0.0,1.51,0.0,0.0
2015-02-10 19:00:00,4.1,86,1.9,0.0,0.0,1.8,0.0,0.0
2015-02-10 20:00:00,3.8,88,1.9,0.0,0.0,2.21,0.0,0.0
2015-02-10 21:00:00,3.4,91,2.0,0.0,0.0,2.32,0.0,0.0
2015-02-10 22:00:00,2.8,94,1.9,0.0,0.0,2.02,0.0,0.0
2015-02-10 23:00:00,2.5,95,1.8,0.0,0.0,1.92,0.0,0.0
2015-02-11 00:00:00,2.5,95,1.8,0.0,0.0,2.04,0.0,0.0
2015-02-11 01:00:00,2.5,95,1.9,0.0,0.0,1.92,0.0,0.0
2015-02-11 02:00:00,2.2,96,1.7,0.0,0.0,1.91,0.0,0.0
2015-02-11 03:00:00,1.9,97,1.5,0.0,0.0,1.81,0.0,0.0
2015-02-11 04:00:00,1.7,98,1.4,0.0,0.0,1.71,0.0,0.0
2015-02-11 05:00:00,1.8,98,1.5,0.0,0.0,1.61,0.0,0.0
2015-02-11 06:00:00,2.0,98,1.7,0.0,0.0,1.61,0.0,0.0
2015-02-11 07:00:00,2.2,97,1.8,0.0,0.0,1.65,0.0,0.0
2015-02-11 08:00:00,2.0,98,1.7,0.0,0.0,1.68,6.0,0.0216
2015-02-11 09:00:00,3.5,95,2.7,0.0,0.0,1.75,57.0,0.2052
2015-02-11 10:00:00,4.8,84,2.3,0.0,0.0,1.84,128.0,0.4608
2015-02-11 11:00:00,5.3,76,1.4,0.0,0.0,1.79,173.0,0.6228
2015-02-11 12:00:00,5.5,75,1.4,0.0,0.0,1.43,150.0,0.54
2015-02-11 13:00:00,5.6,75,1.5,0.0,0.0,1.12,163.0,0.5868
2015-02-11 14:00:00,5.6,75,1.4,0.0,0.0,0.7,128.0,0.4608
2015-02-11 15:00:00,5.6,74,1.4,0.0,0.0,0.4,105.0,0.378
2015-02-11 16:00:00,5.4,74,1.2,0.0,0.0,0.41,63.0,0.2268
2015-02-11 17:00:00,5.2,77,1.4,0.0,0.0,0.45,19.0,0.0684
2015-02-11 18:00:00,4.8,86,2.7,0.0,0.0,0.7,0.0,0.0
2015-02-11 19:00:00,4.2,82,1.4,0.0,0.0,1.0,0.0,0.0
2015-02-11 20:00:00,3.9,86,1.7,0.0,0.0,0.9,0.0,0.0
2015-02-11 21:00:00,3.4,89,1.7,0.0,0.0,1.02,0.0,0.0
2015-02-11 22:00:00,2.9,91,1.6,0.0,0.0,1.22,0.0,0.0
2015-02-11 23:00:00,2.4,93,1.3,0.0,0.0,1.5,0.0,0.0
2015-02-12 00:00:00,2.1,93,1.2,0.0,0.0,1.49,0.0,0.0
2015-02-12 01:00:00,2.0,93,1.0,0.0,0.0,1.2,0.0,0.0
2015-02-12 02:00:00,2.4,91,1.1,0.0,0.0,0.57,0.0,0.0
2015-02-12 03:00:00,2.4,91,1.1,0.0,0.0,0.32,0.0,0.0
2015-02-12 04:00:00,2.2,92,1.1,0.0,0.0,0.42,0.0,0.0
2015-02-12 05:00:00,1.9,94,1.1,0.0,0.0,0.63,0.0,0.0
2015-02-12 06:00:00,1.7,95,1.0,0.0,0.0,0.76,0.0,0.0
2015-02-12 07:00:00,2.0,89,0.4,0.0,0.0,0.86,0.0,0.0
2015-02-12 08:00:00,2.0,89,0.4,0.0,0.0,0.73,6.0,0.0216
2015-02-12 09:00:00,2.3,91,1.0,0.0,0.0,0.73,46.0,0.1656
2015-02-12 10:00:00,3.2,81,0.2,0.0,0.0,0.98,103.0,0.37079999999999996
2015-02-12 11:00:00,3.8,75,-0.3,0.0,0.0,0.95,169.0,0.6083999999999999
2015-02-12 12:00:00,4.0,72,-0.6,0.0,0.0,0.91,146.0,0.5256
2015-02-12 13:00:00,4.2,71,-0.6,0.0,0.0,1.34,141.0,0.5075999999999999
2015-02-12 14:00:00,4.4,70,-0.7,0.0,0.0,1.57,144.0,0.5184
2015-02-12 15:00:00,4.4,69,-0.7,0.0,0.0,1.79,102.0,0.36719999999999997
2015-02-12 16:00:00,4.3,69,-0.8,0.0,0.0,1.93,62.0,0.22319999999999998
2015-02-12 17:00:00,4.0,72,-0.6,0.0,0.0,1.81,24.0,0.0864
2015-02-12 18:00:00,3.6,74,-0.6,0.0,0.0,2.0,0.0,0.0
2015-02-12 19:00:00,3.1,77,-0.6,0.0,0.0,2.04,0.0,0.0
2015-02-12 20:00:00,2.4,81,-0.6,0.0,0.0,2.25,0.0,0.0
2015-02-12 21:00:00,2.1,83,-0.5,0.0,0.0,2.51,0.0,0.0
2015-02-12 22:00:00,1.3,87,-0.6,0.0,0.0,2.61,0.0,0.0
2015-02-12 23:00:00,0.7,90,-0.8,0.0,0.0,2.92,0.0,0.0
2015-02-13 00:00:00,0.4,92,-0.8,0.0,0.0,3.55,0.0,0.0
2015-02-13 01:00:00,1.3,92,0.1,0.0,0.0,4.0,0.0,0.0
2015-02-13 02:00:00,1.9,93,0.9,0.0,0.0,4.34,0.0,0.0
2015-02-13 03:00:00,2.6,93,1.6,0.0,0.0,4.53,0.0,0.0
2015-02-13 04:00:00,3.4,93,2.4,0.0,0.0,4.96,0.0,0.0
2015-02-13 05:00:00,3.9,93,2.8,0.0,0.0,5.54,0.0,0.0
2015-02-13 06:00:00,4.4,93,3.3,0.0,0.0,5.97,0.0,0.0
2015-02-13 07:00:00,5.3,90,3.8,0.0,0.0,6.21,0.0,0.0
2015-02-13 08:00:00,5.6,89,4.0,0.0,0.0,6.57,7.0,0.0252
2015-02-13 09:00:00,6.3,87,4.3,0.0,0.0,6.96,46.0,0.1656
2015-02-13 10:00:00,6.8,85,4.5,0.0,0.0,7.4,103.0,0.37079999999999996
2015-02-13 11:00:00,7.6,80,4.5,0.0,0.0,7.37,169.0,0.6083999999999999
2015-02-13 12:00:00,7.9,79,4.4,0.0,0.0,9.22,131.0,0.47159999999999996
2015-02-13 13:00:00,8.0,79,4.5,0.3,0.0,7.71,158.0,0.5688
2015-02-13 14:00:00,7.8,82,4.9,0.6,0.0,8.37,124.0,0.44639999999999996
2015-02-13 15:00:00,7.3,88,5.5,1.2,0.0,8.63,52.0,0.1872
2015-02-13 16:00:00,7.3,89,5.7,0.8,0.0,6.94,20.0,0.072
2015-02-13 17:00:00,7.3,91,5.8,0.2,0.0,6.02,13.0,0.0468
2015-02-13 18:00:00,7.0,90,5.5,0.1,0.0,6.3,0.0,0.0
2015-02-13 19:00:00,6.7,91,5.4,0.5,0.0,6.73,0.0,0.0
2015-02-13 20:00:00,6.9,91,5.5,0.2,0.0,6.41,0.0,0.0
2015-02-13 21:00:00,6.6,92,5.5,0.0,0.0,5.3,0.0,0.0
2015-02-13 22:00:00,6.0,94,5.1,0.1,0.0,5.3,0.0,0.0
2015-02-13 23:00:00,5.9,94,5.0,0.7,0.0,4.46,0.0,0.0
2015-02-14 00:00:00,6.2,94,5.2,1.9,0.0,4.16,0.0,0.0
2015-02-14 01:00:00,6.1,93,5.0,1.7,0.0,3.89,0.0,0.0
2015-02-14 02:00:00,6.1,93,5.1,0.6,0.0,3.16,0.0,0.0
2015-02-14 03:00:00,6.0,94,5.1,0.0,0.0,2.66,0.0,0.0
2015-02-14 04:00:00,5.7,95,4.9,0.0,0.0,2.25,0.0,0.0
2015-02-14 05:00:00,5.3,96,4.7,0.0,0.0,1.84,0.0,0.0
2015-02-14 06:00:00,5.1,96,4.5,0.0,0.0,1.8,0.0,0.0
2015-02-14 07:00:00,3.8,98,3.5,0.0,0.0,2.2,0.0,0.0
2015-02-14 08:00:00,3.9,98,3.6,0.0,0.0,2.62,9.0,0.0324
2015-02-14 09:00:00,5.4,95,4.7,0.0,0.0,3.16,80.0,0.288
2015-02-14 10:00:00,6.2,95,5.4,0.2,0.0,3.16,113.0,0.4068
2015-02-14 11:00:00,7.1,88,5.3,0.1,0.0,2.92,146.0,0.5256
2015-02-14 12:00:00,7.4,84,5.0,0.3,0.0,3.04,164.0,0.5904
2015-02-14 13:00:00,7.3,85,4.9,0.0,0.0,3.18,114.0,0.4104
2015-02-14 14:00:00,7.7,81,4.6,0.0,0.0,3.29,155.0,0.5579999999999999
2015-02-14 15:00:00,7.8,79,4.4,0.0,0.0,3.7,133.0,0.4788
2015-02-14 16:00:00,7.4,84,4.8,0.0,0.0,3.9,94.0,0.3384
2015-02-14 17:00:00,6.6,88,4.8,0.0,0.0,3.45,47.0,0.1692
2015-02-14 18:00:00,5.8,93,4.7,0.0,0.0,3.44,0.0,0.0
2015-02-14 19:00:00,5.1,96,4.5,0.0,0.0,3.52,0.0,0.0
2015-02-14 20:00:00,4.8,97,4.3,0.0,0.0,3.5,0.0,0.0
2015-02-14 21:00:00,4.7,97,4.3,0.0,0.0,3.42,0.0,0.0
2015-02-14 22:00:00,4.9,97,4.5,0.0,0.0,3.05,0.0,0.0
2015-02-14 23:00:00,4.8,97,4.4,0.0,0.0,2.77,0.0,0.0
2015-02-15 00:00:00,4.4,97,4.0,0.0,0.0,3.08,0.0,0.0
2015-02-15 01:00:00,4.3,97,3.9,0.0,0.0,3.38,0.0,0.0
2015-02-15 02:00:00,4.3,97,3.9,0.0,0.0,3.47,0.0,0.0
2015-02-15 03:00:00,4.3,97,3.8,0.0,0.0,3.41,0.0,0.0
2015-02-15 04:00:00,4.0,97,3.6,0.0,0.0,3.24,0.0,0.0
2015-02-15 05:00:00,4.2,97,3.8,0.0,0.0,3.08,0.0,0.0
2015-02-15 06:00:00,4.2,97,3.8,0.0,0.0,3.02,0.0,0.0
2015-02-15 07:00:00,4.3,98,4.0,0.0,0.0,2.78,0.0,0.0
2015-02-15 08:00:00,4.6,97,4.2,0.0,0.0,2.66,9.0,0.0324
2015-02-15 09:00:00,5.5,91,4.1,0.0,0.0,3.54,63.0,0.2268
2015-02-15 10:00:00,6.2,89,4.4,0.0,0.0,2.78,119.0,0.4284
2015-02-15 11:00:00,6.8,86,4.7,0.0,0.0,2.2,142.0,0.5112
2015-02-15 12:00:00,7.8,81,4.7,0.0,0.0,1.91,218.0,0.7847999999999999
2015-02-15 13:00:00,8.4,76,4.5,0.0,0.0,2.13,185.0,0.666
2015-02-15 14:00:00,8.9,72,4.2,0.0,0.0,2.11,188.0,0.6768
2015-02-15 15:00:00,8.9,71,3.9,0.0,0.0,1.9,121.0,0.4356
2015-02-15 16:00:00,8.5,76,4.4,0.0,0.0,1.43,51.0,0.18359999999999999
2015-02-15 17:00:00,7.9,80,4.6,0.0,0.0,1.04,18.0,0.0648
2015-02-15 18:00:00,6.6,88,4.8,0.0,0.0,0.72,0.0,0.0
2015-02-15 19:00:00,5.7,92,4.6,0.0,0.0,0.85,0.0,0.0
2015-02-15 20:00:00,4.9,96,4.3,0.0,0.0,1.26,0.0,0.0
2015-02-15 21:00:00,4.3,97,3.9,0.0,0.0,1.63,0.0,0.0
2015-02-15 22:00:00,3.6,99,3.4,0.0,0.0,1.84,0.0,0.0
2015-02-15 23:00:00,3.4,99,3.2,0.0,0.0,2.16,0.0,0.0
2015-02-16 00:00:00,3.2,99,3.0,0.0,0.0,2.55,0.0,0.0
2015-02-16 01:00:00,3.2,99,3.0,0.0,0.0,2.47,0.0,0.0
2015-02-16 02:00:00,2.8,99,2.7,0.0,0.0,2.42,0.0,0.0
2015-02-16 03:00:00,2.9,99,2.7,0.0,0.0,2.62,0.0,0.0
2015-02-16 04:00:00,2.3,99,2.2,0.0,0.0,3.1,0.0,0.0
2015-02-16 05:00:00,2.2,100,2.1,0.0,0.0,3.45,0.0,0.0
2015-02-16 06:00:00,3.0,99,2.9,0.0,0.0,3.61,0.0,0.0
2015-02-16 07:00:00,4.4,99,4.2,0.0,0.0,3.71,0.0,0.0
2015-02-16 08:00:00,5.0,98,4.6,0.0,0.0,4.1,9.0,0.0324
2015-02-16 09:00:00,6.0,91,4.7,0.0,0.0,5.1,58.0,0.20879999999999999
2015-02-16 10:00:00,7.2,85,4.9,0.0,0.0,4.9,127.0,0.4572
2015-02-16 11:00:00,8.2,78,4.6,0.0,0.0,5.75,168.0,0.6048
2015-02-16 12:00:00,8.6,76,4.5,0.0,0.0,5.38,153.0,0.5508
2015-02-16 13:00:00,8.4,78,4.8,0.3,0.0,4.9,115.0,0.414
2015-02-16 14:00:00,8.0,82,5.2,0.5,0.0,4.52,83.0,0.2988
2015-02-16 15:00:00,7.5,89,5.8,0.9,0.0,3.86,53.0,0.1908
2015-02-16 16:00:00,7.1,91,5.8,1.2,0.0,2.88,16.0,0.0576
2015-02-16 17:00:00,6.8,93,5.8,1.3,0.0,1.28,5.0,0.018
2015-02-16 18:00:00,6.5,95,5.7,1.1,0.0,2.48,0.0,0.0
2015-02-16 19:00:00,6.1,96,5.5,1.0,0.0,4.35,0.0,0.0
2015-02-16 20:00:00,5.4,95,4.6,0.6,0.0,4.78,0.0,0.0
2015-02-16 21:00:00,4.8,93,3.7,0.3,0.0,4.79,0.0,0.0
2015-02-16 22:00:00,4.7,92,3.4,0.1,0.0,4.57,0.0,0.0
2015-02-16 23:00:00,4.3,92,3.1,0.0,0.0,4.96,0.0,0.0
2015-02-17 00:00:00,3.9,91,2.5,0.0,0.0,5.16,0.0,0.0
2015-02-17 01:00:00,3.4,90,1.9,0.0,0.0,5.1,0.0,0.0
2015-02-17 02:00:00,2.7,89,1.1,0.0,0.0,4.94,0.0,0.0
2015-02-17 03:00:00,2.3,89,0.6,0.0,0.0,4.85,0.0,0.0
2015-02-17 04:00:00,1.9,88,0.1,0.0,0.0,4.84,0.0,0.0
2015-02-17 05:00:00,1.5,88,-0.3,0.0,0.0,4.66,0.0,0.0
2015-02-17 06:00:00,1.3,88,-0.4,0.0,0.0,4.44,0.0,0.0
2015-02-17 07:00:00,1.0,91,-0.4,0.0,0.0,4.28,0.0,0.0
2015-02-17 08:00:00,1.1,91,-0.2,0.0,0.0,4.06,22.0,0.07919999999999999
2015-02-17 09:00:00,2.6,90,1.0,0.0,0.0,3.69,136.0,0.4896
2015-02-17 10:00:00,4.3,83,1.7,0.0,0.0,3.33,264.0,0.9504
2015-02-17 11:00:00,5.7,76,1.8,0.0,0.0,3.32,365.0,1.314
2015-02-17 12:00:00,6.8,68,1.4,0.0,0.0,3.61,425.0,1.53
2015-02-17 13:00:00,7.5,62,0.6,0.0,0.0,3.47,434.0,1.5624
2015-02-17 14:00:00,7.9,57,0.0,0.0,0.0,3.28,401.0,1.4436
2015-02-17 15:00:00,8.0,56,-0.2,0.0,0.0,3.28,317.0,1.1412
2015-02-17 16:00:00,7.6,59,0.2,0.0,0.0,2.33,201.0,0.7236
2015-02-17 17:00:00,6.6,65,0.5,0.0,0.0,2.1,71.0,0.2556
2015-02-17 18:00:00,4.8,75,0.8,0.0,0.0,2.5,2.0,0.0072
2015-02-17 19:00:00,3.1,81,0.2,0.0,0.0,2.13,0.0,0.0
2015-02-17 20:00:00,1.8,86,-0.3,0.0,0.0,1.98,0.0,0.0
2015-02-17 21:00:00,1.4,87,-0.5,0.0,0.0,2.02,0.0,0.0
2015-02-17 22:00:00,0.7,88,-1.0,0.0,0.0,2.06,0.0,0.0
2015-02-17 23:00:00,0.5,89,-1.2,0.0,0.0,2.2,0.0,0.0
2015-02-18 00:00:00,-0.0,90,-1.5,0.0,0.0,2.16,0.0,0.0
2015-02-18 01:00:00,-0.4,90,-1.8,0.0,0.0,2.3,0.0,0.0
2015-02-18 02:00:00,-0.8,91,-2.1,0.0,0.0,2.39,0.0,0.0
2015-02-18 03:00:00,-1.3,92,-2.4,0.0,0.0,2.64,0.0,0.0
2015-02-18 04:00:00,-1.5,92,-2.6,0.0,0.0,2.7,0.0,0.0
2015-02-18 05:00:00,-1.4,92,-2.5,0.0,0.0,2.83,0.0,0.0
2015-02-18 06:00:00,-1.1,91,-2.4,0.0,0.0,2.91,0.0,0.0
2015-02-18 07:00:00,-0.8,91,-2.1,0.0,0.0,2.97,0.0,0.0
2015-02-18 08:00:00,-0.1,91,-1.5,0.0,0.0,3.38,22.0,0.07919999999999999
2015-02-18 09:00:00,2.6,85,0.3,0.0,0.0,3.56,132.0,0.4752
2015-02-18 10:00:00,5.0,78,1.6,0.0,0.0,3.76,254.0,0.9144
2015-02-18 11:00:00,6.7,74,2.3,0.0,0.0,4.33,335.0,1.206
2015-02-18 12:00:00,7.9,67,2.1,0.0,0.0,4.74,396.0,1.4256
2015-02-18 13:00:00,8.5,65,2.2,0.0,0.0,4.88,408.0,1.4687999999999999
2015-02-18 14:00:00,8.6,64,2.1,0.0,0.0,5.02,327.0,1.1772
2015-02-18 15:00:00,8.5,63,1.9,0.0,0.0,4.97,259.0,0.9324
2015-02-18 16:00:00,7.9,66,2.0,0.0,0.0,4.63,146.0,0.5256
2015-02-18 17:00:00,6.8,71,1.9,0.0,0.0,4.44,60.0,0.216
2015-02-18 18:00:00,5.6,76,1.7,0.0,0.0,4.7,2.0,0.0072
2015-02-18 19:00:00,4.9,82,2.0,0.0,0.0,4.97,0.0,0.0
2015-02-18 20:00:00,4.3,85,2.0,0.0,0.0,5.16,0.0,0.0
2015-02-18 21:00:00,3.9,87,2.0,0.0,0.0,5.16,0.0,0.0
2015-02-18 22:00:00,3.8,88,2.1,0.0,0.0,5.3,0.0,0.0
2015-02-18 23:00:00,3.6,90,2.1,0.0,0.0,5.22,0.0,0.0
2015-02-19 00:00:00,3.5,90,1.9,0.0,0.0,5.22,0.0,0.0
2015-02-19 01:00:00,3.4,88,1.6,0.0,0.0,5.08,0.0,0.0
2015-02-19 02:00:00,3.3,86,1.1,0.0,0.0,5.37,0.0,0.0
2015-02-19 03:00:00,3.3,84,0.9,0.0,0.0,5.72,0.0,0.0
2015-02-19 04:00:00,3.4,86,1.3,0.0,0.0,5.97,0.0,0.0
2015-02-19 05:00:00,3.7,86,1.6,0.0,0.0,5.91,0.0,0.0
2015-02-19 06:00:00,3.9,85,1.7,0.0,0.0,6.05,0.0,0.0
2015-02-19 07:00:00,4.0,88,2.2,0.0,0.0,6.08,0.0,0.0
2015-02-19 08:00:00,4.7,84,2.3,0.0,0.0,6.45,15.0,0.054
2015-02-19 09:00:00,5.8,81,2.8,0.0,0.0,5.98,74.0,0.26639999999999997
2015-02-19 10:00:00,7.0,76,3.1,0.0,0.0,6.39,154.0,0.5544
2015-02-19 11:00:00,7.7,74,3.3,0.0,0.0,7.43,163.0,0.5868
2015-02-19 12:00:00,8.1,73,3.6,0.0,0.0,8.32,186.0,0.6696
2015-02-19 13:00:00,7.8,78,4.2,0.3,0.0,7.87,101.0,0.3636
2015-02-19 14:00:00,7.1,87,5.0,0.7,0.0,7.47,47.0,0.1692
2015-02-19 15:00:00,6.7,92,5.4,0.8,0.0,7.26,31.0,0.11159999999999999
2015-02-19 16:00:00,6.7,92,5.5,0.8,0.0,6.71,19.0,0.0684
2015-02-19 17:00:00,6.8,92,5.6,0.7,0.0,6.4,8.0,0.0288
2015-02-19 18:00:00,6.9,93,5.9,0.6,0.0,6.31,1.0,0.0036
2015-02-19 19:00:00,7.0,93,5.9,0.9,0.0,6.04,0.0,0.0
2015-02-19 20:00:00,7.0,93,5.9,0.7,0.0,5.59,0.0,0.0
2015-02-19 21:00:00,6.9,93,5.9,0.8,0.0,5.32,0.0,0.0
2015-02-19 22:00:00,6.8,94,5.9,0.9,0.0,4.57,0.0,0.0
2015-02-19 23:00:00,6.8,95,6.1,0.9,0.0,4.57,0.0,0.0
2015-02-20 00:00:00,6.8,96,6.2,0.5,0.0,4.34,0.0,0.0
2015-02-20 01:00:00,7.0,95,6.2,0.1,0.0,4.1,0.0,0.0
2015-02-20 02:00:00,6.8,93,5.8,0.0,0.0,3.89,0.0,0.0
2015-02-20 03:00:00,6.6,93,5.6,0.1,0.0,3.76,0.0,0.0
2015-02-20 04:00:00,6.3,94,5.3,0.2,0.0,3.47,0.0,0.0
2015-02-20 05:00:00,5.9,94,5.1,0.5,0.0,3.09,0.0,0.0
2015-02-20 06:00:00,5.5,94,4.7,0.8,0.0,2.86,0.0,0.0
2015-02-20 07:00:00,5.8,94,4.9,0.0,0.0,2.4,0.0,0.0
2015-02-20 08:00:00,5.6,94,4.6,0.0,0.0,1.94,10.0,0.036
2015-02-20 09:00:00,5.8,90,4.2,0.0,0.0,1.44,50.0,0.18
2015-02-20 10:00:00,5.9,87,4.0,0.0,0.0,0.41,120.0,0.432
2015-02-20 11:00:00,6.1,86,3.9,0.0,0.0,0.45,176.0,0.6335999999999999
2015-02-20 12:00:00,6.2,83,3.6,0.0,0.0,0.4,168.0,0.6048
2015-02-20 13:00:00,6.3,81,3.3,0.0,0.0,1.25,160.0,0.576
2015-02-20 14:00:00,6.5,78,2.8,0.0,0.0,2.51,170.0,0.612
2015-02-20 15:00:00,6.3,75,2.2,0.0,0.0,3.04,117.0,0.42119999999999996
2015-02-20 16:00:00,6.1,74,1.8,0.0,0.0,3.0,83.0,0.2988
2015-02-20 17:00:00,5.7,74,1.4,0.0,0.0,2.47,36.0,0.1296
2015-02-20 18:00:00,4.8,77,1.1,0.0,0.0,1.98,2.0,0.0072
2015-02-20 19:00:00,4.0,83,1.4,0.0,0.0,2.02,0.0,0.0
2015-02-20 20:00:00,3.0,88,1.2,0.0,0.0,2.12,0.0,0.0
2015-02-20 21:00:00,2.2,91,0.9,0.0,0.0,2.31,0.0,0.0
2015-02-20 22:00:00,1.4,92,0.3,0.0,0.0,2.4,0.0,0.0
2015-02-20 23:00:00,0.9,92,-0.2,0.0,0.0,2.41,0.0,0.0
2015-02-21 00:00:00,0.4,93,-0.6,0.0,0.0,2.82,0.0,0.0
2015-02-21 01:00:00,0.1,93,-0.9,0.0,0.0,2.92,0.0,0.0
2015-02-21 02:00:00,-0.3,94,-1.2,0.0,0.0,2.91,0.0,0.0
2015-02-21 03:00:00,-0.6,95,-1.3,0.0,0.0,2.91,0.0,0.0
2015-02-21 04:00:00,-0.6,95,-1.2,0.0,0.0,2.8,0.0,0.0
2015-02-21 05:00:00,-0.7,96,-1.3,0.0,0.0,3.03,0.0,0.0
2015-02-21 06:00:00,-0.2,95,-0.8,0.0,0.0,3.35,0.0,0.0
2015-02-21 07:00:00,0.1,95,-0.6,0.2,0.0,3.62,0.0,0.0
2015-02-21 08:00:00,0.7,95,-0.1,0.1,0.0,3.85,23.0,0.0828
2015-02-21 09:00:00,2.1,90,0.6,0.0,0.0,4.38,115.0,0.414
2015-02-21 10:00:00,3.4,79,0.0,0.0,0.0,5.54,237.0,0.8532
2015-02-21 11:00:00,4.3,71,-0.4,0.0,0.0,4.39,243.0,0.8748
2015-02-21 12:00:00,5.1,65,-1.0,0.0,0.0,4.34,282.0,1.0151999999999999
2015-02-21 13:00:00,5.1,65,-0.9,0.0,0.0,4.39,212.0,0.7632
2015-02-21 14:00:00,5.8,60,-1.5,0.2,0.0,4.65,338.0,1.2167999999999999
2015-02-21 15:00:00,6.3,53,-2.6,0.1,0.0,5.01,288.0,1.0368
2015-02-21 16:00:00,5.9,56,-2.1,0.0,0.0,4.49,187.0,0.6732
2015-02-21 17:00:00,5.0,60,-2.2,0.0,0.0,4.05,77.0,0.2772
2015-02-21 18:00:00,3.6,65,-2.4,0.0,0.0,3.58,4.0,0.0144
2015-02-21 19:00:00,2.4,84,-0.1,0.0,0.0,3.44,0.0,0.0
2015-02-21 20:00:00,1.6,88,-0.2,0.0,0.0,3.31,0.0,0.0
2015-02-21 21:00:00,0.8,90,-0.7,0.0,0.0,3.27,0.0,0.0
2015-02-21 22:00:00,0.2,91,-1.1,0.0,0.0,3.23,0.0,0.0
2015-02-21 23:00:00,-0.3,92,-1.4,0.0,0.0,3.16,0.0,0.0
2015-02-22 00:00:00,-0.8,93,-1.8,0.0,0.0,3.08,0.0,0.0
2015-02-22 01:00:00,-1.2,93,-2.2,0.0,0.0,3.03,0.0,0.0
2015-02-22 02:00:00,-1.6,93,-2.6,0.0,0.0,3.0,0.0,0.0
2015-02-22 03:00:00,-1.9,92,-3.0,0.0,0.0,2.71,0.0,0.0
2015-02-22 04:00:00,-2.3,92,-3.4,0.0,0.0,2.44,0.0,0.0
2015-02-22 05:00:00,-2.6,92,-3.7,0.0,0.0,2.37,0.0,0.0
2015-02-22 06:00:00,-2.8,92,-3.9,0.0,0.0,2.48,0.0,0.0
2015-02-22 07:00:00,-2.8,93,-3.7,0.0,0.0,2.62,0.0,0.0
2015-02-22 08:00:00,-1.8,93,-2.8,0.0,0.0,3.13,36.0,0.1296
2015-02-22 09:00:00,1.2,90,-0.3,0.0,0.0,3.4,158.0,0.5688
2015-02-22 10:00:00,3.4,86,1.2,0.0,0.0,4.18,238.0,0.8568
2015-02-22 11:00:00,5.4,76,1.6,0.0,0.0,5.92,312.0,1.1232
2015-02-22 12:00:00,6.8,64,0.6,0.0,0.0,7.32,308.0,1.1088
2015-02-22 13:00:00,7.0,64,0.8,0.0,0.0,8.21,201.0,0.7236
2015-02-22 14:00:00,6.5,72,1.9,0.2,0.0,8.51,138.0,0.49679999999999996
2015-02-22 15:00:00,6.0,79,2.7,0.6,0.0,8.83,96.0,0.3456
2015-02-22 16:00:00,5.1,89,3.5,1.2,0.0,9.39,37.0,0.13319999999999999
2015-02-22 17:00:00,4.7,92,3.5,1.6,0.0,9.3,8.0,0.0288
2015-02-22 18:00:00,5.2,91,3.9,1.3,0.0,9.3,0.0,0.0
2015-02-22 19:00:00,5.9,92,4.7,0.7,0.0,9.49,0.0,0.0
2015-02-22 20:00:00,6.5,94,5.5,0.4,0.0,8.9,0.0,0.0
2015-02-22 21:00:00,7.1,96,6.5,0.4,0.0,7.57,0.0,0.0
2015-02-22 22:00:00,8.1,96,7.6,0.3,0.0,7.22,0.0,0.0
2015-02-22 23:00:00,8.9,95,8.1,0.0,0.0,7.74,0.0,0.0
2015-02-23 00:00:00,8.8,92,7.5,0.0,0.0,7.97,0.0,0.0
2015-02-23 01:00:00,7.9,83,5.2,0.0,0.0,7.3,0.0,0.0
2015-02-23 02:00:00,6.5,82,3.6,0.0,0.0,6.02,0.0,0.0
2015-02-23 03:00:00,5.5,83,2.9,0.0,0.0,5.29,0.0,0.0
2015-02-23 04:00:00,4.7,84,2.3,0.0,0.0,5.28,0.0,0.0
2015-02-23 05:00:00,3.9,85,1.6,0.0,0.0,5.1,0.0,0.0
2015-02-23 06:00:00,3.1,87,1.1,0.0,0.0,4.88,0.0,0.0
2015-02-23 07:00:00,3.2,87,1.2,0.0,0.0,5.33,0.0,0.0
2015-02-23 08:00:00,3.4,85,1.1,0.0,0.0,5.6,40.0,0.144
2015-02-23 09:00:00,4.7,82,2.0,0.0,0.0,5.03,164.0,0.5904
2015-02-23 10:00:00,6.0,73,1.6,0.0,0.0,6.36,255.0,0.9179999999999999
2015-02-23 11:00:00,6.8,68,1.4,0.0,0.0,6.31,310.0,1.1159999999999999
2015-02-23 12:00:00,5.6,75,1.5,0.6,0.0,6.53,358.0,1.2888
2015-02-23 13:00:00,6.3,72,1.7,0.0,0.0,6.94,320.0,1.152
2015-02-23 14:00:00,6.7,68,1.2,0.0,0.0,7.28,349.0,1.2564
2015-02-23 15:00:00,6.3,65,0.1,0.2,0.0,8.67,282.0,1.0151999999999999
2015-02-23 16:00:00,5.7,66,-0.2,0.0,0.0,7.68,127.0,0.4572
2015-02-23 17:00:00,5.2,64,-1.1,0.0,0.0,7.44,74.0,0.26639999999999997
2015-02-23 18:00:00,4.5,64,-1.7,0.0,0.0,6.74,6.0,0.0216
2015-02-23 19:00:00,3.5,74,-0.7,0.0,0.0,6.67,0.0,0.0
2015-02-23 20:00:00,3.3,74,-1.0,0.0,0.0,6.95,0.0,0.0
2015-02-23 21:00:00,3.0,75,-1.0,0.0,0.0,7.4,0.0,0.0
2015-02-23 22:00:00,3.2,76,-0.7,0.0,0.0,7.52,0.0,0.0
2015-02-23 23:00:00,3.6,75,-0.3,0.0,0.0,7.76,0.0,0.0
2015-02-24 00:00:00,3.9,76,0.1,0.0,0.0,8.1,0.0,0.0
2015-02-24 01:00:00,4.3,77,0.5,0.0,0.0,8.65,0.0,0.0
2015-02-24 02:00:00,4.4,78,0.9,0.0,0.0,8.68,0.0,0.0
2015-02-24 03:00:00,4.5,78,1.0,0.0,0.0,8.29,0.0,0.0
2015-02-24 04:00:00,4.5,77,0.9,0.0,0.0,7.52,0.0,0.0
2015-02-24 05:00:00,4.2,79,0.9,0.0,0.0,6.81,0.0,0.0
2015-02-24 06:00:00,3.8,82,1.0,0.0,0.0,6.42,0.0,0.0
2015-02-24 07:00:00,3.9,79,0.5,0.0,0.0,5.81,0.0,0.0
2015-02-24 08:00:00,4.3,78,0.8,0.0,0.0,5.61,43.0,0.1548
2015-02-24 09:00:00,5.5,75,1.5,0.0,0.0,5.0,161.0,0.5796
2015-02-24 10:00:00,6.4,71,1.4,0.0,0.0,5.3,231.0,0.8316
2015-02-24 11:00:00,6.7,68,1.3,0.0,0.0,6.0,236.0,0.8496
2015-02-24 12:00:00,7.3,64,1.0,0.0,0.0,6.77,261.0,0.9396
2015-02-24 13:00:00,8.1,61,1.0,0.0,0.0,6.79,363.0,1.3068
2015-02-24 14:00:00,8.4,58,0.7,0.0,0.0,6.87,342.0,1.2312
2015-02-24 15:00:00,8.1,55,-0.4,0.0,0.0,7.03,319.0,1.1483999999999999
2015-02-24 16:00:00,7.3,54,-1.4,0.0,0.0,7.3,210.0,0.756
2015-02-24 17:00:00,6.5,57,-1.4,0.0,0.0,5.94,85.0,0.306
2015-02-24 18:00:00,5.4,62,-1.2,0.0,0.0,5.21,7.0,0.0252
2015-02-24 19:00:00,5.0,67,-0.7,0.0,0.0,5.28,0.0,0.0
2015-02-24 20:00:00,4.3,72,-0.3,0.0,0.0,5.12,0.0,0.0
2015-02-24 21:00:00,3.6,78,0.1,0.0,0.0,4.68,0.0,0.0
2015-02-24 22:00:00,3.0,84,0.6,0.0,0.0,4.16,0.0,0.0
2015-02-24 23:00:00,2.8,88,1.0,0.0,0.0,4.13,0.0,0.0
2015-02-25 00:00:00,2.7,90,1.2,0.0,0.0,3.92,0.0,0.0
2015-02-25 01:00:00,2.8,90,1.4,0.0,0.0,3.96,0.0,0.0
2015-02-25 02:00:00,3.0,90,1.5,0.0,0.0,3.97,0.0,0.0
2015-02-25 03:00:00,3.1,91,1.8,0.0,0.0,3.89,0.0,0.0
2015-02-25 04:00:00,3.4,92,2.2,0.0,0.0,4.04,0.0,0.0
2015-02-25 05:00:00,3.4,93,2.5,0.0,0.0,3.83,0.0,0.0
2015-02-25 06:00:00,3.2,95,2.4,0.0,0.0,3.41,0.0,0.0
2015-02-25 07:00:00,4.5,95,3.7,0.2,0.0,2.94,0.0,0.0
2015-02-25 08:00:00,5.1,94,4.3,0.1,0.0,2.83,13.0,0.0468
2015-02-25 09:00:00,6.2,93,5.2,0.0,0.0,2.82,47.0,0.1692
2015-02-25 10:00:00,7.3,88,5.4,0.0,0.0,3.16,96.0,0.3456
2015-02-25 11:00:00,7.9,85,5.6,0.0,0.0,3.49,131.0,0.47159999999999996
2015-02-25 12:00:00,8.8,76,4.8,0.0,0.0,3.58,203.0,0.7308
2015-02-25 13:00:00,9.6,69,4.2,0.0,0.0,3.48,228.0,0.8208
2015-02-25 14:00:00,10.0,66,3.9,0.0,0.0,3.16,213.0,0.7667999999999999
2015-02-25 15:00:00,9.9,67,4.0,0.0,0.0,2.73,131.0,0.47159999999999996
2015-02-25 16:00:00,9.5,70,4.4,0.0,0.0,1.43,121.0,0.4356
2015-02-25 17:00:00,9.1,73,4.5,0.0,0.0,1.25,57.0,0.2052
2015-02-25 18:00:00,8.1,81,5.1,0.0,0.0,1.52,5.0,0.018
2015-02-25 19:00:00,8.1,84,5.6,0.0,0.0,2.12,0.0,0.0
2015-02-25 20:00:00,8.2,83,5.6,0.0,0.0,2.72,0.0,0.0
2015-02-25 21:00:00,8.3,85,6.0,0.0,0.0,3.0,0.0,0.0
2015-02-25 22:00:00,8.5,90,6.9,0.0,0.0,3.31,0.0,0.0
2015-02-25 23:00:00,8.6,94,7.7,0.0,0.0,3.54,0.0,0.0
2015-02-26 00:00:00,8.6,97,8.1,0.0,0.0,3.8,0.0,0.0
2015-02-26 01:00:00,8.7,97,8.3,0.0,0.0,4.13,0.0,0.0
2015-02-26 02:00:00,8.8,97,8.4,0.0,0.0,4.33,0.0,0.0
2015-02-26 03:00:00,8.8,98,8.5,0.0,0.0,4.33,0.0,0.0
2015-02-26 04:00:00,8.9,98,8.6,0.0,0.0,4.5,0.0,0.0
2015-02-26 05:00:00,9.0,98,8.6,0.0,0.0,4.62,0.0,0.0
2015-02-26 06:00:00,9.1,98,8.7,0.0,0.0,4.69,0.0,0.0
2015-02-26 07:00:00,9.3,97,8.8,0.0,0.0,4.78,0.0,0.0
2015-02-26 08:00:00,9.4,96,8.8,0.0,0.0,5.08,16.0,0.0576
2015-02-26 09:00:00,10.1,92,8.9,0.0,0.0,5.75,61.0,0.2196
2015-02-26 10:00:00,10.5,90,9.0,0.0,0.0,6.38,85.0,0.306
2015-02-26 11:00:00,10.5,91,9.1,0.0,0.0,5.75,68.0,0.2448
2015-02-26 12:00:00,10.2,94,9.3,0.6,0.0,5.38,33.0,0.1188
2015-02-26 13:00:00,10.0,97,9.6,1.3,0.0,4.75,27.0,0.0972
2015-02-26 14:00:00,10.1,95,9.4,1.3,0.0,4.75,17.0,0.0612
2015-02-26 15:00:00,8.9,92,7.7,0.6,0.0,5.66,24.0,0.0864
2015-02-26 16:00:00,7.7,85,5.4,0.0,0.0,5.53,46.0,0.1656
2015-02-26 17:00:00,7.4,80,4.1,0.0,0.0,4.82,45.0,0.162
2015-02-26 18:00:00,6.4,76,2.6,0.0,0.0,4.6,7.0,0.0252
2015-02-26 19:00:00,6.1,71,1.3,0.0,0.0,4.68,0.0,0.0
2015-02-26 20:00:00,5.4,68,0.0,0.0,0.0,4.75,0.0,0.0
2015-02-26 21:00:00,4.7,68,-0.8,0.0,0.0,4.67,0.0,0.0
2015-02-26 22:00:00,4.1,68,-1.4,0.0,0.0,3.7,0.0,0.0
2015-02-26 23:00:00,3.1,71,-1.7,0.0,0.0,3.71,0.0,0.0
2015-02-27 00:00:00,2.3,75,-1.8,0.0,0.0,4.03,0.0,0.0
2015-02-27 01:00:00,1.9,77,-1.7,0.0,0.0,4.4,0.0,0.0
2015-02-27 02:00:00,1.6,78,-1.8,0.0,0.0,4.35,0.0,0.0
2015-02-27 03:00:00,1.2,79,-2.0,0.0,0.0,4.25,0.0,0.0
2015-02-27 04:00:00,0.8,80,-2.2,0.0,0.0,4.11,0.0,0.0
2015-02-27 05:00:00,0.4,82,-2.2,0.0,0.0,3.94,0.0,0.0
2015-02-27 06:00:00,-0.0,85,-2.3,0.0,0.0,3.55,0.0,0.0
2015-02-27 07:00:00,-0.2,88,-1.9,0.0,0.0,3.35,0.0,0.0
2015-02-27 08:00:00,0.5,89,-1.1,0.0,0.0,3.52,56.0,0.2016
2015-02-27 09:00:00,2.9,81,-0.1,0.0,0.0,3.42,191.0,0.6876
2015-02-27 10:00:00,4.6,74,0.4,0.0,0.0,3.2,325.0,1.17
2015-02-27 11:00:00,5.9,68,0.5,0.0,0.0,3.76,429.0,1.5444
2015-02-27 12:00:00,6.9,61,0.0,0.0,0.0,3.48,488.0,1.7568
2015-02-27 13:00:00,7.6,57,-0.3,0.0,0.0,3.71,495.0,1.782
2015-02-27 14:00:00,8.1,52,-1.1,0.0,0.0,4.31,427.0,1.5372
2015-02-27 15:00:00,8.2,49,-2.0,0.0,0.0,3.41,281.0,1.0116
2015-02-27 16:00:00,7.8,52,-1.6,0.0,0.0,2.82,119.0,0.4284
2015-02-27 17:00:00,7.0,56,-1.2,0.0,0.0,2.78,63.0,0.2268
2015-02-27 18:00:00,6.2,60,-1.1,0.0,0.0,2.84,8.0,0.0288
2015-02-27 19:00:00,5.3,69,0.1,0.0,0.0,2.92,0.0,0.0
2015-02-27 20:00:00,4.4,75,0.4,0.0,0.0,3.45,0.0,0.0
2015-02-27 21:00:00,3.6,82,0.8,0.0,0.0,3.9,0.0,0.0
2015-02-27 22:00:00,3.0,87,1.1,0.0,0.0,4.3,0.0,0.0
2015-02-27 23:00:00,2.9,90,1.4,0.0,0.0,4.27,0.0,0.0
2015-02-28 00:00:00,3.2,89,1.6,0.0,0.0,4.73,0.0,0.0
2015-02-28 01:00:00,3.5,89,1.8,0.0,0.0,5.07,0.0,0.0
2015-02-28 02:00:00,4.1,89,2.5,0.0,0.0,5.77,0.0,0.0
2015-02-28 03:00:00,4.7,88,2.9,0.0,0.0,6.09,0.0,0.0
2015-02-28 04:00:00,5.3,85,2.9,0.0,0.0,6.11,0.0,0.0
2015-02-28 05:00:00,5.6,82,2.7,0.0,0.0,6.38,0.0,0.0
2015-02-28 06:00:00,5.8,82,2.9,0.0,0.0,6.41,0.0,0.0
2015-02-28 07:00:00,5.8,86,3.7,0.0,0.0,6.69,0.0,0.0
2015-02-28 08:00:00,6.1,87,4.1,0.0,0.0,6.75,7.0,0.0252
2015-02-28 09:00:00,6.4,88,4.5,0.0,0.0,6.6,22.0,0.07919999999999999
2015-02-28 10:00:00,6.7,88,4.9,0.0,0.0,6.65,26.0,0.0936
2015-02-28 11:00:00,7.0,89,5.3,0.0,0.0,6.46,37.0,0.13319999999999999
2015-02-28 12:00:00,7.5,88,5.7,0.0,0.0,6.68,77.0,0.2772
2015-02-28 13:00:00,7.8,89,6.2,0.0,0.0,6.59,60.0,0.216
2015-02-28 14:00:00,8.5,88,6.6,0.0,0.0,7.6,89.0,0.3204
2015-02-28 15:00:00,9.4,83,6.6,0.0,0.0,6.89,105.0,0.378
2015-02-28 16:00:00,9.3,81,6.2,0.0,0.0,6.69,60.0,0.216
2015-02-28 17:00:00,8.9,82,5.9,0.0,0.0,6.76,20.0,0.072
2015-02-28 18:00:00,8.5,85,6.2,0.0,0.0,7.2,3.0,0.0108
2015-02-28 19:00:00,8.5,90,7.0,0.0,0.0,7.65,0.0,0.0
2015-02-28 20:00:00,8.5,90,7.0,0.3,0.0,7.98,0.0,0.0
2015-02-28 21:00:00,8.4,94,7.5,1.8,0.0,8.56,0.0,0.0
2015-02-28 22:00:00,8.8,95,8.0,0.2,0.0,8.46,0.0,0.0
2015-02-28 23:00:00,9.5,95,8.8,0.0,0.0,8.18,0.0,0.0
2015-03-01 00:00:00,10.1,94,9.2,0.0,0.0,7.84,0.0,0.0
2015-03-01 01:00:00,10.0,91,8.6,0.0,0.0,8.1,0.0,0.0
2015-03-01 02:00:00,9.1,87,7.0,0.0,0.0,8.81,0.0,0.0
2015-03-01 03:00:00,8.0,83,5.3,0.0,0.0,8.34,0.0,0.0
2015-03-01 04:00:00,7.3,81,4.2,0.0,0.0,8.27,0.0,0.0
2015-03-01 05:00:00,7.0,75,2.8,0.0,0.0,7.79,0.0,0.0
2015-03-01 06:00:00,6.2,73,1.7,0.0,0.0,7.43,0.0,0.0
2015-03-01 07:00:00,6.6,75,2.6,0.0,0.0,7.06,0.0,0.0
2015-03-01 08:00:00,6.8,76,3.0,0.0,0.0,6.99,53.0,0.1908
2015-03-01 09:00:00,7.7,73,3.1,0.0,0.0,6.93,190.0,0.6839999999999999
2015-03-01 10:00:00,8.5,65,2.3,0.0,0.0,7.37,321.0,1.1556
2015-03-01 11:00:00,9.2,58,1.4,0.0,0.0,8.03,421.0,1.5156
2015-03-01 12:00:00,9.9,51,0.2,0.0,0.0,8.45,482.0,1.7351999999999999
2015-03-01 13:00:00,10.3,48,-0.4,0.0,0.0,8.42,425.0,1.53
2015-03-01 14:00:00,10.7,47,-0.2,0.0,0.0,8.3,380.0,1.3679999999999999
2015-03-01 15:00:00,10.3,54,1.3,0.0,0.0,7.58,244.0,0.8784
2015-03-01 16:00:00,9.3,63,2.6,0.2,0.0,7.99,106.0,0.3816
2015-03-01 17:00:00,8.2,72,3.5,0.4,0.0,7.5,62.0,0.22319999999999998
2015-03-01 18:00:00,7.6,78,4.0,0.3,0.0,7.44,5.0,0.018
2015-03-01 19:00:00,6.9,86,4.7,0.4,0.0,7.37,0.0,0.0
2015-03-01 20:00:00,6.3,81,3.3,0.0,0.0,7.51,0.0,0.0
2015-03-01 21:00:00,5.3,80,2.2,0.0,0.0,6.91,0.0,0.0
2015-03-01 22:00:00,4.4,80,1.3,0.0,0.0,5.56,0.0,0.0
2015-03-01 23:00:00,3.7,81,0.7,0.0,0.0,5.23,0.0,0.0
2015-03-02 00:00:00,3.1,82,0.4,0.0,0.0,4.83,0.0,0.0
2015-03-02 01:00:00,2.7,85,0.4,0.0,0.0,4.81,0.0,0.0
2015-03-02 02:00:00,2.5,88,0.7,0.0,0.0,5.28,0.0,0.0
2015-03-02 03:00:00,2.4,90,0.9,0.0,0.0,5.22,0.0,0.0
2015-03-02 04:00:00,2.3,90,0.8,0.0,0.0,5.38,0.0,0.0
2015-03-02 05:00:00,2.3,89,0.6,0.0,0.0,5.29,0.0,0.0
2015-03-02 06:00:00,2.2,87,0.3,0.0,0.0,5.11,0.0,0.0
2015-03-02 07:00:00,2.2,87,0.2,0.0,0.0,5.28,1.0,0.0036
2015-03-02 08:00:00,3.1,84,0.6,0.0,0.0,6.09,66.0,0.2376
2015-03-02 09:00:00,4.5,79,1.2,0.0,0.0,6.9,184.0,0.6624
2015-03-02 10:00:00,5.4,72,0.7,0.0,0.0,7.09,271.0,0.9756
2015-03-02 11:00:00,6.2,58,-1.4,0.0,0.0,8.21,399.0,1.4364
2015-03-02 12:00:00,7.0,49,-3.1,0.0,0.0,9.5,498.0,1.7928
2015-03-02 13:00:00,7.5,46,-3.4,0.0,0.0,9.51,507.0,1.8252
2015-03-02 14:00:00,7.9,42,-4.2,0.0,0.0,9.22,472.0,1.6992
2015-03-02 15:00:00,7.8,41,-4.5,0.0,0.0,8.4,393.0,1.4148
2015-03-02 16:00:00,7.3,40,-5.5,0.0,0.0,6.91,263.0,0.9468
2015-03-02 17:00:00,6.3,42,-5.7,0.0,0.0,6.32,110.0,0.39599999999999996
2015-03-02 18:00:00,5.1,46,-5.6,0.0,0.0,5.87,17.0,0.0612
2015-03-02 19:00:00,4.2,60,-2.9,0.0,0.0,5.77,0.0,0.0
2015-03-02 20:00:00,3.5,67,-2.0,0.0,0.0,5.91,0.0,0.0
2015-03-02 21:00:00,3.1,72,-1.5,0.0,0.0,6.08,0.0,0.0
2015-03-02 22:00:00,2.8,74,-1.3,0.0,0.0,5.75,0.0,0.0
2015-03-02 23:00:00,2.7,76,-1.2,0.0,0.0,5.74,0.0,0.0
2015-03-03 00:00:00,2.6,77,-1.1,0.0,0.0,5.8,0.0,0.0
2015-03-03 01:00:00,2.5,78,-1.0,0.0,0.0,5.3,0.0,0.0
2015-03-03 02:00:00,2.3,80,-0.8,0.0,0.0,4.83,0.0,0.0
2015-03-03 03:00:00,2.1,84,-0.4,0.0,0.0,4.38,0.0,0.0
2015-03-03 04:00:00,1.7,88,-0.1,0.0,0.0,3.98,0.0,0.0
2015-03-03 05:00:00,1.7,89,0.1,0.0,0.0,3.91,0.0,0.0
2015-03-03 06:00:00,1.8,91,0.4,0.0,0.0,4.41,0.0,0.0
2015-03-03 07:00:00,3.0,92,1.9,0.5,0.0,4.95,1.0,0.0036
2015-03-03 08:00:00,4.3,91,2.9,0.0,0.0,5.32,51.0,0.18359999999999999
2015-03-03 09:00:00,5.4,85,3.1,0.0,0.0,5.89,175.0,0.63
2015-03-03 10:00:00,6.1,79,2.8,0.0,0.0,4.88,271.0,0.9756
2015-03-03 11:00:00,7.0,67,1.3,0.0,0.0,5.43,398.0,1.4327999999999999
2015-03-03 12:00:00,7.7,57,-0.2,0.0,0.0,5.92,484.0,1.7424
2015-03-03 13:00:00,8.0,53,-1.0,0.0,0.0,6.46,477.0,1.7172
2015-03-03 14:00:00,7.8,48,-2.6,0.2,0.0,7.28,439.0,1.5804
2015-03-03 15:00:00,7.3,54,-1.5,0.0,0.0,7.27,321.0,1.1556
2015-03-03 16:00:00,6.8,58,-0.9,0.0,0.0,7.03,245.0,0.882
2015-03-03 17:00:00,5.6,61,-1.3,0.1,0.0,5.93,107.0,0.3852
2015-03-03 18:00:00,4.7,66,-1.1,0.0,0.0,5.75,15.0,0.054
2015-03-03 19:00:00,4.4,62,-2.3,0.0,0.0,5.87,0.0,0.0
2015-03-03 20:00:00,3.6,68,-1.7,0.0,0.0,5.7,0.0,0.0
2015-03-03 21:00:00,3.0,74,-1.2,0.0,0.0,5.63,0.0,0.0
2015-03-03 22:00:00,2.6,77,-1.0,0.0,0.0,5.8,0.0,0.0
2015-03-03 23:00:00,2.4,78,-1.1,0.0,0.0,5.39,0.0,0.0
2015-03-04 00:00:00,2.3,77,-1.3,0.0,0.0,5.41,0.0,0.0
2015-03-04 01:00:00,2.2,75,-1.7,0.0,0.0,5.52,0.0,0.0
2015-03-04 02:00:00,2.0,75,-1.9,0.0,0.0,5.2,0.0,0.0
2015-03-04 03:00:00,1.7,77,-1.9,0.0,0.0,4.92,0.0,0.0
2015-03-04 04:00:00,1.5,78,-1.9,0.0,0.0,5.11,0.0,0.0
2015-03-04 05:00:00,1.3,80,-1.8,0.0,0.0,5.1,0.0,0.0
2015-03-04 06:00:00,1.1,81,-1.8,0.0,0.0,5.1,0.0,0.0
2015-03-04 07:00:00,1.2,83,-1.4,0.0,0.0,5.12,2.0,0.0072
2015-03-04 08:00:00,2.1,81,-0.9,0.0,0.0,5.18,79.0,0.2844
2015-03-04 09:00:00,3.8,75,-0.3,0.0,0.0,5.22,220.0,0.7919999999999999
2015-03-04 10:00:00,5.3,69,0.2,0.0,0.0,5.15,354.0,1.2744
2015-03-04 11:00:00,7.0,64,0.7,0.0,0.0,6.85,457.0,1.6452
2015-03-04 12:00:00,8.0,59,0.6,0.1,0.0,6.6,463.0,1.6668
2015-03-04 13:00:00,8.4,56,0.1,0.0,0.0,6.74,366.0,1.3175999999999999
2015-03-04 14:00:00,8.7,54,-0.2,0.0,0.0,6.52,317.0,1.1412
2015-03-04 15:00:00,9.0,51,-0.7,0.0,0.0,6.11,337.0,1.2132
2015-03-04 16:00:00,8.7,53,-0.4,0.0,0.0,5.47,196.0,0.7056
2015-03-04 17:00:00,8.0,56,-0.2,0.0,0.0,4.36,112.0,0.4032
2015-03-04 18:00:00,6.6,61,-0.4,0.0,0.0,3.78,19.0,0.0684
2015-03-04 19:00:00,5.6,69,0.3,0.0,0.0,3.69,0.0,0.0
2015-03-04 20:00:00,4.5,74,0.3,0.0,0.0,3.19,0.0,0.0
2015-03-04 21:00:00,3.3,81,0.3,0.0,0.0,2.86,0.0,0.0
2015-03-04 22:00:00,2.3,85,0.1,0.0,0.0,2.75,0.0,0.0
2015-03-04 23:00:00,1.5,88,-0.3,0.0,0.0,2.92,0.0,0.0
2015-03-05 00:00:00,0.8,90,-0.7,0.0,0.0,2.77,0.0,0.0
2015-03-05 01:00:00,0.1,91,-1.2,0.0,0.0,2.6,0.0,0.0
2015-03-05 02:00:00,-0.5,92,-1.7,0.0,0.0,2.47,0.0,0.0
2015-03-05 03:00:00,-1.0,93,-2.1,0.0,0.0,2.32,0.0,0.0
2015-03-05 04:00:00,-1.4,93,-2.4,0.0,0.0,2.3,0.0,0.0
2015-03-05 05:00:00,-1.6,93,-2.7,0.0,0.0,2.22,0.0,0.0
2015-03-05 06:00:00,-1.8,93,-2.8,0.0,0.0,2.26,0.0,0.0
2015-03-05 07:00:00,-1.7,93,-2.7,0.0,0.0,2.53,3.0,0.0108
2015-03-05 08:00:00,0.4,91,-0.8,0.0,0.0,3.13,80.0,0.288
2015-03-05 09:00:00,3.9,82,1.1,0.0,0.0,2.91,221.0,0.7956
2015-03-05 10:00:00,6.3,77,2.6,0.0,0.0,2.84,356.0,1.2816
2015-03-05 11:00:00,8.1,73,3.5,0.0,0.0,3.16,455.0,1.638
2015-03-05 12:00:00,9.4,65,3.3,0.0,0.0,3.86,502.0,1.8072
2015-03-05 13:00:00,9.9,63,3.2,0.0,0.0,4.47,466.0,1.6776
2015-03-05 14:00:00,10.0,62,3.0,0.0,0.0,4.74,381.0,1.3716
2015-03-05 15:00:00,9.8,62,2.9,0.0,0.0,4.71,270.0,0.972
2015-03-05 16:00:00,9.3,63,2.7,0.0,0.0,4.21,137.0,0.49319999999999997
2015-03-05 17:00:00,8.6,66,2.6,0.0,0.0,3.32,53.0,0.1908
2015-03-05 18:00:00,8.1,67,2.3,0.0,0.0,2.82,11.0,0.039599999999999996
2015-03-05 19:00:00,7.1,73,2.6,0.0,0.0,2.69,0.0,0.0
2015-03-05 20:00:00,6.5,76,2.6,0.0,0.0,3.11,0.0,0.0
2015-03-05 21:00:00,5.6,81,2.6,0.0,0.0,3.26,0.0,0.0
2015-03-05 22:00:00,5.1,83,2.5,0.0,0.0,2.95,0.0,0.0
2015-03-05 23:00:00,4.3,87,2.4,0.0,0.0,3.36,0.0,0.0
2015-03-06 00:00:00,3.5,90,2.0,0.0,0.0,3.32,0.0,0.0
2015-03-06 01:00:00,2.8,91,1.6,0.0,0.0,3.13,0.0,0.0
2015-03-06 02:00:00,2.4,92,1.3,0.0,0.0,3.05,0.0,0.0
2015-03-06 03:00:00,2.1,93,1.1,0.0,0.0,3.05,0.0,0.0
2015-03-06 04:00:00,1.8,94,0.9,0.0,0.0,2.83,0.0,0.0
2015-03-06 05:00:00,2.0,93,1.0,0.0,0.0,2.84,0.0,0.0
2015-03-06 06:00:00,1.8,93,0.8,0.0,0.0,2.84,0.0,0.0
2015-03-06 07:00:00,1.8,91,0.5,0.0,0.0,3.08,3.0,0.0108
2015-03-06 08:00:00,3.1,89,1.5,0.0,0.0,3.39,66.0,0.2376
2015-03-06 09:00:00,5.5,80,2.3,0.0,0.0,3.32,172.0,0.6192
2015-03-06 10:00:00,7.2,74,2.9,0.0,0.0,3.91,281.0,1.0116
2015-03-06 11:00:00,8.8,67,3.1,0.0,0.0,5.47,422.0,1.5191999999999999
2015-03-06 12:00:00,9.4,67,3.6,0.0,0.0,5.64,420.0,1.512
2015-03-06 13:00:00,9.9,66,3.8,0.0,0.0,5.7,467.0,1.6812
2015-03-06 14:00:00,10.0,64,3.4,0.0,0.0,6.02,432.0,1.5552
2015-03-06 15:00:00,9.7,62,2.7,0.0,0.0,6.12,373.0,1.3428
2015-03-06 16:00:00,9.1,62,2.3,0.0,0.0,5.59,287.0,1.0332
2015-03-06 17:00:00,7.9,67,2.3,0.0,0.0,5.19,145.0,0.522
2015-03-06 18:00:00,6.4,73,2.0,0.0,0.0,5.26,23.0,0.0828
2015-03-06 19:00:00,5.8,74,1.6,0.0,0.0,5.41,0.0,0.0
2015-03-06 20:00:00,5.2,76,1.2,0.0,0.0,5.64,0.0,0.0
2015-03-06 21:00:00,4.8,75,0.8,0.0,0.0,5.25,0.0,0.0
2015-03-06 22:00:00,4.7,74,0.6,0.0,0.0,5.68,0.0,0.0
2015-03-06 23:00:00,5.0,75,0.8,0.0,0.0,5.55,0.0,0.0
2015-03-07 00:00:00,5.5,75,1.4,0.0,0.0,5.68,0.0,0.0
2015-03-07 01:00:00,5.9,77,2.1,0.0,0.0,5.86,0.0,0.0
2015-03-07 02:00:00,5.9,79,2.6,0.0,0.0,5.78,0.0,0.0
2015-03-07 03:00:00,5.8,80,2.6,0.0,0.0,6.09,0.0,0.0
2015-03-07 04:00:00,5.8,78,2.3,0.0,0.0,6.33,0.0,0.0
2015-03-07 05:00:00,5.8,77,2.1,0.0,0.0,6.27,0.0,0.0
2015-03-07 06:00:00,5.9,76,2.1,0.0,0.0,6.55,0.0,0.0
2015-03-07 07:00:00,6.5,74,2.2,0.0,0.0,6.56,4.0,0.0144
2015-03-07 08:00:00,7.1,74,2.7,0.0,0.0,6.45,68.0,0.2448
2015-03-07 09:00:00,8.4,73,3.8,0.0,0.0,5.84,190.0,0.6839999999999999
2015-03-07 10:00:00,10.0,69,4.5,0.0,0.0,6.08,353.0,1.2708
2015-03-07 11:00:00,11.2,66,5.1,0.0,0.0,6.54,460.0,1.656
2015-03-07 12:00:00,12.2,65,5.7,0.0,0.0,6.47,522.0,1.8792
2015-03-07 13:00:00,12.8,65,6.3,0.0,0.0,6.36,523.0,1.8828
2015-03-07 14:00:00,13.1,65,6.6,0.0,0.0,6.3,496.0,1.7855999999999999
2015-03-07 15:00:00,12.7,67,6.8,0.0,0.0,6.23,397.0,1.4292
2015-03-07 16:00:00,12.0,71,7.0,0.0,0.0,5.91,296.0,1.0655999999999999
2015-03-07 17:00:00,10.7,77,6.8,0.0,0.0,6.05,151.0,0.5436
2015-03-07 18:00:00,9.1,83,6.4,0.0,0.0,5.94,27.0,0.0972
2015-03-07 19:00:00,8.0,81,4.9,0.0,0.0,5.88,0.0,0.0
2015-03-07 20:00:00,7.4,84,4.8,0.0,0.0,5.76,0.0,0.0
2015-03-07 21:00:00,7.1,85,4.7,0.0,0.0,5.53,0.0,0.0
2015-03-07 22:00:00,6.8,86,4.6,0.0,0.0,5.56,0.0,0.0
2015-03-07 23:00:00,6.5,88,4.6,0.0,0.0,5.25,0.0,0.0
2015-03-08 00:00:00,6.3,89,4.5,0.0,0.0,4.92,0.0,0.0
2015-03-08 01:00:00,6.0,90,4.5,0.0,0.0,4.72,0.0,0.0
2015-03-08 02:00:00,6.0,91,4.7,0.0,0.0,4.75,0.0,0.0
2015-03-08 03:00:00,5.9,93,4.9,0.0,0.0,4.88,0.0,0.0
2015-03-08 04:00:00,6.1,94,5.3,0.0,0.0,5.04,0.0,0.0
2015-03-08 05:00:00,6.1,95,5.4,0.0,0.0,5.09,0.0,0.0
2015-03-08 06:00:00,6.0,96,5.5,0.0,0.0,5.08,0.0,0.0
2015-03-08 07:00:00,5.4,95,4.6,0.0,0.0,4.7,4.0,0.0144
2015-03-08 08:00:00,6.0,91,4.7,0.0,0.0,5.26,69.0,0.24839999999999998
2015-03-08 09:00:00,7.3,84,4.9,0.0,0.0,5.11,151.0,0.5436
2015-03-08 10:00:00,8.7,80,5.4,0.0,0.0,4.3,268.0,0.9648
2015-03-08 11:00:00,9.9,78,6.2,0.0,0.0,4.85,302.0,1.0872
2015-03-08 12:00:00,11.2,76,7.1,0.0,0.0,4.5,358.0,1.2888
2015-03-08 13:00:00,11.7,76,7.6,0.0,0.0,4.47,264.0,0.9504
2015-03-08 14:00:00,11.5,78,7.8,0.0,0.0,5.64,114.0,0.4104
2015-03-08 15:00:00,11.5,79,8.0,0.0,0.0,5.44,92.0,0.3312
2015-03-08 16:00:00,11.5,80,8.2,0.0,0.0,4.46,70.0,0.252
2015-03-08 17:00:00,11.3,81,8.2,0.0,0.0,3.91,41.0,0.1476
2015-03-08 18:00:00,10.8,84,8.1,0.0,0.0,3.13,13.0,0.0468
2015-03-08 19:00:00,8.8,92,7.6,0.0,0.0,2.52,0.0,0.0
2015-03-08 20:00:00,8.8,92,7.6,0.0,0.0,3.22,0.0,0.0
2015-03-08 21:00:00,8.7,88,6.9,0.0,0.0,3.62,0.0,0.0
2015-03-08 22:00:00,8.1,82,5.1,0.0,0.0,2.71,0.0,0.0
2015-03-08 23:00:00,7.3,78,3.8,0.0,0.0,2.55,0.0,0.0
2015-03-09 00:00:00,6.3,78,2.7,0.0,0.0,2.42,0.0,0.0
2015-03-09 01:00:00,4.9,82,2.0,0.0,0.0,2.42,0.0,0.0
2015-03-09 02:00:00,3.6,87,1.6,0.0,0.0,2.83,0.0,0.0
2015-03-09 03:00:00,2.5,90,1.1,0.0,0.0,1.7,0.0,0.0
2015-03-09 04:00:00,2.4,89,0.7,0.0,0.0,1.52,0.0,0.0
2015-03-09 05:00:00,0.7,93,-0.3,0.0,0.0,2.28,0.0,0.0
2015-03-09 06:00:00,0.2,94,-0.7,0.0,0.0,2.69,0.0,0.0
2015-03-09 07:00:00,1.5,94,0.7,0.0,0.0,3.42,5.0,0.018
2015-03-09 08:00:00,4.1,91,2.7,0.0,0.0,3.76,86.0,0.3096
2015-03-09 09:00:00,6.8,85,4.4,0.0,0.0,4.47,181.0,0.6516
2015-03-09 10:00:00,9.1,82,6.2,0.0,0.0,5.39,252.0,0.9072
2015-03-09 11:00:00,10.2,75,6.0,0.0,0.0,6.02,233.0,0.8388
2015-03-09 12:00:00,10.3,75,6.0,0.0,0.0,6.61,207.0,0.7452
2015-03-09 13:00:00,10.2,75,6.0,0.0,0.0,6.5,163.0,0.5868
2015-03-09 14:00:00,9.8,77,6.0,0.0,0.0,6.35,129.0,0.4644
2015-03-09 15:00:00,9.8,77,5.9,0.1,0.0,6.17,173.0,0.6228
2015-03-09 16:00:00,9.6,79,6.1,0.1,0.0,6.04,126.0,0.4536
2015-03-09 17:00:00,9.2,82,6.3,0.0,0.0,5.81,64.0,0.2304
2015-03-09 18:00:00,8.8,87,6.7,0.0,0.0,5.72,10.0,0.036
2015-03-09 19:00:00,8.9,90,7.3,0.0,0.0,5.82,0.0,0.0
2015-03-09 20:00:00,9.0,91,7.7,0.0,0.0,5.75,0.0,0.0
2015-03-09 21:00:00,9.2,93,8.1,0.0,0.0,5.38,0.0,0.0
2015-03-09 22:00:00,9.4,93,8.4,0.0,0.0,5.1,0.0,0.0
2015-03-09 23:00:00,9.4,93,8.3,0.0,0.0,4.55,0.0,0.0
2015-03-10 00:00:00,8.7,92,7.4,0.0,0.0,4.02,0.0,0.0
2015-03-10 01:00:00,7.9,91,6.4,0.0,0.0,3.51,0.0,0.0
2015-03-10 02:00:00,6.9,91,5.5,0.0,0.0,3.4,0.0,0.0
2015-03-10 03:00:00,5.9,92,4.7,0.0,0.0,3.26,0.0,0.0
2015-03-10 04:00:00,4.8,93,3.8,0.0,0.0,2.91,0.0,0.0
2015-03-10 05:00:00,3.9,94,2.9,0.0,0.0,2.69,0.0,0.0
2015-03-10 06:00:00,3.2,93,2.2,0.0,0.0,2.44,0.0,0.0
2015-03-10 07:00:00,3.0,95,2.3,0.0,0.0,2.56,7.0,0.0252
2015-03-10 08:00:00,4.6,91,3.3,0.0,0.0,2.9,99.0,0.3564
2015-03-10 09:00:00,6.8,80,3.6,0.0,0.0,2.75,251.0,0.9036
2015-03-10 10:00:00,8.1,71,3.3,0.0,0.0,2.69,395.0,1.422
2015-03-10 11:00:00,9.1,64,2.6,0.0,0.0,2.43,502.0,1.8072
2015-03-10 12:00:00,9.9,59,2.3,0.0,0.0,2.01,551.0,1.9836
2015-03-10 13:00:00,10.3,57,2.0,0.0,0.0,1.43,518.0,1.8648
2015-03-10 14:00:00,10.5,54,1.7,0.0,0.0,1.24,451.0,1.6236
2015-03-10 15:00:00,10.5,53,1.4,0.0,0.0,1.3,388.0,1.3968
2015-03-10 16:00:00,10.3,53,1.1,0.0,0.0,1.41,275.0,0.99
2015-03-10 17:00:00,9.6,58,1.8,0.0,0.0,1.26,149.0,0.5364
2015-03-10 18:00:00,8.5,64,2.1,0.0,0.0,2.33,31.0,0.11159999999999999
2015-03-10 19:00:00,6.2,74,2.0,0.0,0.0,2.27,0.0,0.0
2015-03-10 20:00:00,4.5,81,1.6,0.0,0.0,2.06,0.0,0.0
2015-03-10 21:00:00,3.7,86,1.5,0.0,0.0,2.02,0.0,0.0
2015-03-10 22:00:00,3.3,88,1.5,0.0,0.0,2.85,0.0,0.0
2015-03-10 23:00:00,2.8,91,1.4,0.0,0.0,2.92,0.0,0.0
2015-03-11 00:00:00,2.4,92,1.2,0.0,0.0,3.01,0.0,0.0
2015-03-11 01:00:00,2.0,92,0.9,0.0,0.0,2.82,0.0,0.0
2015-03-11 02:00:00,1.7,93,0.7,0.0,0.0,2.79,0.0,0.0
2015-03-11 03:00:00,1.3,94,0.5,0.0,0.0,2.86,0.0,0.0
2015-03-11 04:00:00,0.9,95,0.2,0.0,0.0,3.09,0.0,0.0
2015-03-11 05:00:00,0.5,95,-0.1,0.0,0.0,3.31,0.0,0.0
2015-03-11 06:00:00,0.4,95,-0.3,0.0,0.0,3.47,0.0,0.0
2015-03-11 07:00:00,1.5,94,0.7,0.0,0.0,3.76,9.0,0.0324
2015-03-11 08:00:00,3.5,91,2.1,0.0,0.0,3.96,102.0,0.36719999999999997
2015-03-11 09:00:00,5.8,81,2.9,0.0,0.0,4.53,259.0,0.9324
2015-03-11 10:00:00,7.8,74,3.4,0.0,0.0,4.8,401.0,1.4436
2015-03-11 11:00:00,9.3,69,3.8,0.0,0.0,4.7,499.0,1.7964
2015-03-11 12:00:00,10.5,65,4.2,0.0,0.0,4.84,556.0,2.0016
2015-03-11 13:00:00,11.4,62,4.3,0.0,0.0,5.19,550.0,1.98
2015-03-11 14:00:00,11.7,61,4.4,0.0,0.0,4.98,463.0,1.6668
2015-03-11 15:00:00,11.5,62,4.5,0.0,0.0,4.62,291.0,1.0475999999999999
2015-03-11 16:00:00,10.9,66,4.9,0.0,0.0,3.9,137.0,0.49319999999999997
2015-03-11 17:00:00,10.3,70,5.1,0.0,0.0,3.0,75.0,0.27
2015-03-11 18:00:00,9.3,75,5.1,0.0,0.0,2.93,20.0,0.072
2015-03-11 19:00:00,8.7,74,4.3,0.0,0.0,2.61,0.0,0.0
2015-03-11 20:00:00,7.8,79,4.3,0.0,0.0,2.0,0.0,0.0
2015-03-11 21:00:00,6.4,86,4.2,0.0,0.0,1.75,0.0,0.0
2015-03-11 22:00:00,5.7,89,4.0,0.0,0.0,1.63,0.0,0.0
2015-03-11 23:00:00,4.8,91,3.5,0.0,0.0,1.58,0.0,0.0
2015-03-12 00:00:00,4.8,91,3.5,0.0,0.0,1.53,0.0,0.0
2015-03-12 01:00:00,4.3,91,2.9,0.0,0.0,1.89,0.0,0.0
2015-03-12 02:00:00,4.5,89,2.8,0.0,0.0,2.06,0.0,0.0
2015-03-12 03:00:00,4.7,87,2.7,0.0,0.0,1.97,0.0,0.0
2015-03-12 04:00:00,5.1,84,2.7,0.0,0.0,2.69,0.0,0.0
2015-03-12 05:00:00,4.4,87,2.3,0.0,0.0,3.11,0.0,0.0
2015-03-12 06:00:00,4.0,87,2.0,0.0,0.0,2.97,0.0,0.0
2015-03-12 07:00:00,3.7,90,2.2,0.0,0.0,2.97,10.0,0.036
2015-03-12 08:00:00,5.5,83,2.8,0.0,0.0,3.76,110.0,0.39599999999999996
2015-03-12 09:00:00,7.9,72,3.1,0.0,0.0,3.96,258.0,0.9288
2015-03-12 10:00:00,9.6,63,3.0,0.0,0.0,4.19,388.0,1.3968
2015-03-12 11:00:00,10.8,55,2.2,0.0,0.0,5.08,489.0,1.7604
2015-03-12 12:00:00,11.5,47,0.7,0.0,0.0,5.46,547.0,1.9691999999999998
2015-03-12 13:00:00,11.8,43,-0.5,0.0,0.0,5.55,549.0,1.9764
2015-03-12 14:00:00,11.7,41,-1.0,0.0,0.0,5.44,474.0,1.7064
2015-03-12 15:00:00,11.4,44,-0.6,0.0,0.0,5.1,370.0,1.332
2015-03-12 16:00:00,10.9,48,0.4,0.0,0.0,4.24,250.0,0.9
2015-03-12 17:00:00,10.0,54,1.0,0.0,0.0,3.97,118.0,0.4248
2015-03-12 18:00:00,9.1,56,0.7,0.0,0.0,3.96,24.0,0.0864
2015-03-12 19:00:00,8.5,53,-0.6,0.0,0.0,3.96,0.0,0.0
2015-03-12 20:00:00,8.2,54,-0.6,0.0,0.0,4.11,0.0,0.0
2015-03-12 21:00:00,7.9,56,-0.4,0.0,0.0,4.34,0.0,0.0
2015-03-12 22:00:00,7.8,58,-0.0,0.0,0.0,4.04,0.0,0.0
2015-03-12 23:00:00,7.6,60,0.3,0.0,0.0,4.26,0.0,0.0
2015-03-13 00:00:00,7.4,62,0.6,0.0,0.0,3.77,0.0,0.0
2015-03-13 01:00:00,7.1,65,1.0,0.0,0.0,3.41,0.0,0.0
2015-03-13 02:00:00,6.7,69,1.4,0.0,0.0,3.16,0.0,0.0
2015-03-13 03:00:00,6.3,72,1.7,0.0,0.0,2.76,0.0,0.0
2015-03-13 04:00:00,5.8,76,1.9,0.0,0.0,2.83,0.0,0.0
2015-03-13 05:00:00,5.5,78,2.0,0.0,0.0,2.66,0.0,0.0
2015-03-13 06:00:00,5.2,80,2.0,0.0,0.0,2.71,0.0,0.0
2015-03-13 07:00:00,5.3,78,1.7,0.0,0.0,3.13,6.0,0.0216
2015-03-13 08:00:00,5.8,77,2.2,0.0,0.0,3.49,59.0,0.2124
2015-03-13 09:00:00,6.8,72,2.0,0.0,0.0,3.91,143.0,0.5148
2015-03-13 10:00:00,7.8,67,2.0,0.0,0.0,3.81,230.0,0.828
2015-03-13 11:00:00,8.9,62,2.1,0.0,0.0,4.26,344.0,1.2384
2015-03-13 12:00:00,9.8,57,1.7,0.0,0.0,5.05,408.0,1.4687999999999999
2015-03-13 13:00:00,10.2,53,1.1,0.0,0.0,5.46,434.0,1.5624
2015-03-13 14:00:00,10.3,52,1.0,0.0,0.0,5.43,407.0,1.4652
2015-03-13 15:00:00,10.0,55,1.4,0.0,0.0,5.06,328.0,1.1808
2015-03-13 16:00:00,9.4,61,2.2,0.0,0.0,4.29,216.0,0.7776
2015-03-13 17:00:00,8.5,68,2.9,0.0,0.0,3.55,118.0,0.4248
2015-03-13 18:00:00,7.2,75,3.1,0.0,0.0,3.26,34.0,0.1224
2015-03-13 19:00:00,6.2,79,2.8,0.0,0.0,3.75,0.0,0.0
2015-03-13 20:00:00,5.1,87,3.0,0.0,0.0,4.1,0.0,0.0
2015-03-13 21:00:00,4.2,90,2.7,0.0,0.0,4.11,0.0,0.0
2015-03-13 22:00:00,3.4,92,2.2,0.0,0.0,4.16,0.0,0.0
2015-03-13 23:00:00,3.0,91,1.7,0.0,0.0,4.57,0.0,0.0
2015-03-14 00:00:00,2.4,91,1.1,0.0,0.0,4.88,0.0,0.0
2015-03-14 01:00:00,2.2,89,0.7,0.0,0.0,4.97,0.0,0.0
2015-03-14 02:00:00,2.2,87,0.2,0.0,0.0,4.94,0.0,0.0
2015-03-14 03:00:00,2.3,83,-0.3,0.0,0.0,4.9,0.0,0.0
2015-03-14 04:00:00,2.7,79,-0.5,0.0,0.0,4.75,0.0,0.0
2015-03-14 05:00:00,3.0,77,-0.6,0.0,0.0,4.53,0.0,0.0
2015-03-14 06:00:00,3.3,74,-0.8,0.0,0.0,4.57,0.0,0.0
2015-03-14 07:00:00,3.6,75,-0.5,0.0,0.0,4.65,9.0,0.0324
2015-03-14 08:00:00,4.3,75,0.3,0.0,0.0,4.39,81.0,0.29159999999999997
2015-03-14 09:00:00,5.6,70,0.5,0.0,0.0,5.52,200.0,0.72
2015-03-14 10:00:00,6.5,64,0.1,0.0,0.0,6.3,285.0,1.026
2015-03-14 11:00:00,7.1,63,0.5,0.0,0.0,5.94,284.0,1.0224
2015-03-14 12:00:00,7.1,64,0.8,0.0,0.0,5.76,205.0,0.738
2015-03-14 13:00:00,7.3,65,1.2,0.0,0.0,5.45,198.0,0.7128
2015-03-14 14:00:00,7.3,65,1.2,0.0,0.0,5.4,158.0,0.5688
2015-03-14 15:00:00,7.5,63,1.0,0.0,0.0,5.66,193.0,0.6948
2015-03-14 16:00:00,7.3,63,0.7,0.0,0.0,5.96,171.0,0.6156
2015-03-14 17:00:00,6.7,64,0.3,0.0,0.0,5.91,126.0,0.4536
2015-03-14 18:00:00,5.7,67,0.1,0.0,0.0,5.47,32.0,0.1152
2015-03-14 19:00:00,5.3,70,0.3,0.0,0.0,5.28,0.0,0.0
2015-03-14 20:00:00,4.7,75,0.7,0.0,0.0,5.33,0.0,0.0
2015-03-14 21:00:00,4.6,77,1.0,0.0,0.0,5.11,0.0,0.0
2015-03-14 22:00:00,4.6,79,1.2,0.0,0.0,4.96,0.0,0.0
2015-03-14 23:00:00,4.6,80,1.4,0.0,0.0,5.28,0.0,0.0
2015-03-15 00:00:00,4.5,82,1.7,0.0,0.0,5.24,0.0,0.0
2015-03-15 01:00:00,4.6,84,2.1,0.0,0.0,5.25,0.0,0.0
2015-03-15 02:00:00,4.7,85,2.4,0.0,0.0,5.13,0.0,0.0
2015-03-15 03:00:00,4.6,87,2.7,0.0,0.0,5.08,0.0,0.0
2015-03-15 04:00:00,4.6,88,2.8,0.0,0.0,5.03,0.0,0.0
2015-03-15 05:00:00,4.4,89,2.7,0.0,0.0,4.74,0.0,0.0
2015-03-15 06:00:00,4.3,89,2.7,0.0,0.0,4.67,0.0,0.0
2015-03-15 07:00:00,4.6,89,2.9,0.0,0.0,4.74,9.0,0.0324
2015-03-15 08:00:00,5.0,87,3.0,0.2,0.0,5.7,68.0,0.2448
2015-03-15 09:00:00,5.9,78,2.3,0.1,0.0,6.58,153.0,0.5508
2015-03-15 10:00:00,6.2,77,2.6,0.2,0.0,6.26,202.0,0.7272
2015-03-15 11:00:00,7.0,73,2.4,0.1,0.0,6.18,279.0,1.0044
2015-03-15 12:00:00,7.2,72,2.4,0.0,0.0,5.95,267.0,0.9611999999999999
2015-03-15 13:00:00,7.6,69,2.4,0.1,0.0,5.3,350.0,1.26
2015-03-15 14:00:00,7.4,70,2.3,0.0,0.0,5.02,230.0,0.828
2015-03-15 15:00:00,7.3,71,2.4,0.0,0.0,4.77,251.0,0.9036
2015-03-15 16:00:00,7.1,72,2.4,0.0,0.0,5.33,221.0,0.7956
2015-03-15 17:00:00,6.7,76,2.7,0.0,0.0,4.58,134.0,0.4824
2015-03-15 18:00:00,5.8,81,2.8,0.0,0.0,4.33,36.0,0.1296
2015-03-15 19:00:00,5.1,84,2.6,0.0,0.0,4.47,0.0,0.0
2015-03-15 20:00:00,4.8,87,2.8,0.0,0.0,4.38,0.0,0.0
2015-03-15 21:00:00,4.8,88,2.9,0.0,0.0,4.06,0.0,0.0
2015-03-15 22:00:00,4.6,89,2.9,0.0,0.0,3.7,0.0,0.0
2015-03-15 23:00:00,4.0,91,2.7,0.0,0.0,3.61,0.0,0.0
2015-03-16 00:00:00,3.9,92,2.8,0.0,0.0,3.47,0.0,0.0
2015-03-16 01:00:00,3.7,94,2.8,0.0,0.0,3.34,0.0,0.0
2015-03-16 02:00:00,3.7,93,2.7,0.0,0.0,3.34,0.0,0.0
2015-03-16 03:00:00,3.6,93,2.5,0.0,0.0,3.34,0.0,0.0
2015-03-16 04:00:00,3.4,93,2.3,0.0,0.0,3.4,0.0,0.0
2015-03-16 05:00:00,3.3,93,2.2,0.0,0.0,3.32,0.0,0.0
2015-03-16 06:00:00,3.3,93,2.3,0.1,0.0,3.26,0.0,0.0
2015-03-16 07:00:00,4.0,96,3.4,0.2,0.0,3.18,7.0,0.0252
2015-03-16 08:00:00,4.9,90,3.4,0.1,0.0,3.81,84.0,0.3024
2015-03-16 09:00:00,6.0,84,3.4,0.1,0.0,3.86,174.0,0.6264
2015-03-16 10:00:00,6.7,79,3.3,0.2,0.0,3.54,203.0,0.7308
2015-03-16 11:00:00,7.3,76,3.4,0.2,0.0,3.37,334.0,1.2024
2015-03-16 12:00:00,7.3,75,3.2,0.2,0.0,3.34,288.0,1.0368
2015-03-16 13:00:00,7.6,73,3.2,0.3,0.0,3.22,274.0,0.9863999999999999
2015-03-16 14:00:00,7.7,72,3.0,0.5,0.0,3.61,204.0,0.7343999999999999
2015-03-16 15:00:00,7.9,72,3.1,0.2,0.0,3.3,173.0,0.6228
2015-03-16 16:00:00,7.9,70,2.9,0.1,0.0,3.3,176.0,0.6335999999999999
2015-03-16 17:00:00,7.4,76,3.5,0.1,0.0,3.21,81.0,0.29159999999999997
2015-03-16 18:00:00,6.9,80,3.6,0.0,0.0,2.61,23.0,0.0828
2015-03-16 19:00:00,5.7,85,3.4,0.0,0.0,2.7,0.0,0.0
2015-03-16 20:00:00,5.0,89,3.4,0.0,0.0,2.8,0.0,0.0
2015-03-16 21:00:00,4.5,92,3.3,0.0,0.0,2.5,0.0,0.0
2015-03-16 22:00:00,4.0,95,3.2,0.0,0.0,2.5,0.0,0.0
2015-03-16 23:00:00,3.4,96,2.9,0.0,0.0,2.4,0.0,0.0
2015-03-17 00:00:00,3.4,97,2.9,0.0,0.0,2.2,0.0,0.0
2015-03-17 01:00:00,2.8,98,2.4,0.0,0.0,1.9,0.0,0.0
2015-03-17 02:00:00,2.5,98,2.3,0.0,0.0,1.7,0.0,0.0
2015-03-17 03:00:00,2.8,98,2.5,0.0,0.0,1.61,0.0,0.0
2015-03-17 04:00:00,3.1,98,2.9,0.0,0.0,1.57,0.0,0.0
2015-03-17 05:00:00,3.2,98,2.9,0.0,0.0,1.84,0.0,0.0
2015-03-17 06:00:00,3.3,98,3.0,0.1,0.0,2.06,0.0,0.0
2015-03-17 07:00:00,3.6,99,3.4,0.2,0.0,2.27,17.0,0.0612
2015-03-17 08:00:00,5.6,95,4.9,0.6,0.0,2.33,85.0,0.306
2015-03-17 09:00:00,7.0,90,5.5,0.2,0.0,2.55,177.0,0.6372
2015-03-17 10:00:00,7.8,89,6.1,0.3,0.0,3.04,214.0,0.7704
2015-03-17 11:00:00,8.8,84,6.2,0.5,0.0,3.2,309.0,1.1124
2015-03-17 12:00:00,9.9,76,5.9,0.0,0.0,2.75,394.0,1.4183999999999999
2015-03-17 13:00:00,10.1,75,5.8,0.0,0.0,2.37,270.0,0.972
2015-03-17 14:00:00,10.8,72,5.9,0.0,0.0,2.19,319.0,1.1483999999999999
2015-03-17 15:00:00,10.8,71,5.7,0.0,0.0,2.39,208.0,0.7488
2015-03-17 16:00:00,10.5,72,5.8,0.0,0.0,2.55,123.0,0.44279999999999997
2015-03-17 17:00:00,9.9,77,6.0,0.0,0.0,2.51,49.0,0.1764
2015-03-17 18:00:00,9.2,80,6.0,0.0,0.0,2.38,24.0,0.0864
2015-03-17 19:00:00,7.6,89,5.8,0.0,0.0,2.69,0.0,0.0
2015-03-17 20:00:00,6.5,92,5.3,0.0,0.0,2.79,0.0,0.0
2015-03-17 21:00:00,5.8,94,4.9,0.0,0.0,2.73,0.0,0.0
2015-03-17 22:00:00,5.0,96,4.4,0.0,0.0,2.59,0.0,0.0
2015-03-17 23:00:00,4.4,97,3.9,0.0,0.0,2.61,0.0,0.0
2015-03-18 00:00:00,3.7,98,3.4,0.0,0.0,2.64,0.0,0.0
2015-03-18 01:00:00,3.4,97,3.0,0.0,0.0,2.82,0.0,0.0
2015-03-18 02:00:00,2.9,97,2.5,0.0,0.0,2.96,0.0,0.0
2015-03-18 03:00:00,2.8,97,2.4,0.0,0.0,3.03,0.0,0.0
2015-03-18 04:00:00,2.9,96,2.4,0.0,0.0,3.32,0.0,0.0
2015-03-18 05:00:00,2.6,98,2.3,0.0,0.0,3.44,0.0,0.0
2015-03-18 06:00:00,2.4,99,2.3,0.0,0.0,3.44,0.0,0.0
2015-03-18 07:00:00,2.9,97,2.4,0.0,0.0,3.55,18.0,0.0648
2015-03-18 08:00:00,3.6,95,2.9,0.0,0.0,3.59,99.0,0.3564
2015-03-18 09:00:00,4.7,92,3.5,0.0,0.0,3.74,181.0,0.6516
2015-03-18 10:00:00,5.7,88,3.9,0.0,0.0,3.64,268.0,0.9648
2015-03-18 11:00:00,6.8,83,4.1,0.0,0.0,3.83,358.0,1.2888
2015-03-18 12:00:00,8.1,74,3.8,0.0,0.0,4.24,425.0,1.53
2015-03-18 13:00:00,9.6,64,3.2,0.0,0.0,4.46,553.0,1.9908
2015-03-18 14:00:00,10.2,62,3.2,0.0,0.0,4.52,518.0,1.8648
2015-03-18 15:00:00,10.0,62,3.1,0.0,0.0,4.54,415.0,1.494
2015-03-18 16:00:00,9.7,64,3.2,0.0,0.0,4.71,308.0,1.1088
2015-03-18 17:00:00,8.7,68,3.2,0.0,0.0,4.37,188.0,0.6768
2015-03-18 18:00:00,7.6,73,3.2,0.0,0.0,4.22,52.0,0.1872
2015-03-18 19:00:00,7.1,76,3.1,0.0,0.0,4.21,0.0,0.0
2015-03-18 20:00:00,6.7,78,3.1,0.0,0.0,4.27,0.0,0.0
2015-03-18 21:00:00,6.3,81,3.2,0.0,0.0,4.33,0.0,0.0
2015-03-18 22:00:00,5.8,84,3.3,0.0,0.0,3.85,0.0,0.0
2015-03-18 23:00:00,5.3,86,3.2,0.0,0.0,4.05,0.0,0.0
2015-03-19 00:00:00,5.0,86,2.9,0.0,0.0,4.18,0.0,0.0
2015-03-19 01:00:00,4.7,87,2.7,0.0,0.0,4.32,0.0,0.0
2015-03-19 02:00:00,4.7,86,2.6,0.0,0.0,3.77,0.0,0.0
2015-03-19 03:00:00,4.5,87,2.6,0.0,0.0,4.3,0.0,0.0
2015-03-19 04:00:00,4.4,88,2.6,0.0,0.0,4.08,0.0,0.0
2015-03-19 05:00:00,4.2,89,2.6,0.0,0.0,4.95,0.0,0.0
2015-03-19 06:00:00,4.2,89,2.6,0.0,0.0,4.95,0.0,0.0
2015-03-19 07:00:00,4.6,90,3.1,0.0,0.0,5.0,10.0,0.036
2015-03-19 08:00:00,4.8,89,3.2,0.0,0.0,5.04,45.0,0.162
2015-03-19 09:00:00,5.3,88,3.4,0.0,0.0,5.1,95.0,0.34199999999999997
2015-03-19 10:00:00,6.0,84,3.6,0.0,0.0,4.87,164.0,0.5904
2015-03-19 11:00:00,6.6,81,3.6,0.0,0.0,5.02,177.0,0.6372
2015-03-19 12:00:00,7.4,77,3.6,0.0,0.0,5.22,202.0,0.7272
2015-03-19 13:00:00,8.0,74,3.7,0.0,0.0,5.55,218.0,0.7847999999999999
2015-03-19 14:00:00,8.4,72,3.7,0.0,0.0,6.02,171.0,0.6156
2015-03-19 15:00:00,8.8,70,3.6,0.0,0.0,5.85,182.0,0.6552
2015-03-19 16:00:00,8.6,71,3.7,0.0,0.0,5.72,105.0,0.378
2015-03-19 17:00:00,8.1,75,3.9,0.0,0.0,5.41,60.0,0.216
2015-03-19 18:00:00,7.5,77,3.7,0.0,0.0,4.52,23.0,0.0828
2015-03-19 19:00:00,6.7,79,3.4,0.0,0.0,4.46,0.0,0.0
2015-03-19 20:00:00,6.2,81,3.2,0.0,0.0,4.48,0.0,0.0
2015-03-19 21:00:00,5.8,82,3.0,0.0,0.0,4.34,0.0,0.0
2015-03-19 22:00:00,5.2,84,2.7,0.0,0.0,3.61,0.0,0.0
2015-03-19 23:00:00,4.9,84,2.4,0.0,0.0,3.89,0.0,0.0
2015-03-20 00:00:00,4.5,86,2.3,0.0,0.0,4.05,0.0,0.0
2015-03-20 01:00:00,4.2,88,2.4,0.0,0.0,3.85,0.0,0.0
2015-03-20 02:00:00,4.0,89,2.3,0.0,0.0,3.71,0.0,0.0
2015-03-20 03:00:00,3.8,88,1.9,0.0,0.0,3.49,0.0,0.0
2015-03-20 04:00:00,3.6,87,1.7,0.0,0.0,3.32,0.0,0.0
2015-03-20 05:00:00,3.5,88,1.7,0.0,0.0,3.36,0.0,0.0
2015-03-20 06:00:00,3.4,88,1.7,0.0,0.0,3.04,0.0,0.0
2015-03-20 07:00:00,3.4,88,1.5,0.0,0.0,2.87,15.0,0.054
2015-03-20 08:00:00,3.7,86,1.6,0.0,0.0,2.77,76.0,0.2736
2015-03-20 09:00:00,4.4,84,1.8,0.0,0.0,2.6,155.0,0.5579999999999999
2015-03-20 10:00:00,5.3,80,2.2,0.0,0.0,2.06,263.0,0.9468
2015-03-20 11:00:00,6.6,77,2.8,0.0,0.0,1.96,395.0,1.422
2015-03-20 12:00:00,7.9,74,3.5,0.0,0.0,1.82,518.0,1.8648
2015-03-20 13:00:00,9.3,70,4.1,0.0,0.0,1.7,601.0,2.1635999999999997
2015-03-20 14:00:00,10.3,67,4.5,0.0,0.0,2.01,583.0,2.0987999999999998
2015-03-20 15:00:00,11.0,65,4.6,0.0,0.0,1.82,492.0,1.7711999999999999
2015-03-20 16:00:00,11.2,63,4.4,0.0,0.0,1.63,360.0,1.296
2015-03-20 17:00:00,10.9,65,4.5,0.0,0.0,1.04,206.0,0.7415999999999999
2015-03-20 18:00:00,10.2,68,4.6,0.0,0.0,0.73,64.0,0.2304
2015-03-20 19:00:00,7.6,82,4.7,0.0,0.0,1.57,1.0,0.0036
2015-03-20 20:00:00,5.7,89,4.0,0.0,0.0,1.61,0.0,0.0
2015-03-20 21:00:00,5.2,90,3.7,0.0,0.0,1.94,0.0,0.0
2015-03-20 22:00:00,5.5,89,3.8,0.0,0.0,2.42,0.0,0.0
2015-03-20 23:00:00,6.4,87,4.3,0.0,0.0,3.18,0.0,0.0
2015-03-21 00:00:00,6.0,87,3.9,0.0,0.0,4.34,0.0,0.0
2015-03-21 01:00:00,5.9,85,3.5,0.0,0.0,3.94,0.0,0.0
2015-03-21 02:00:00,5.6,85,3.4,0.0,0.0,3.94,0.0,0.0
2015-03-21 03:00:00,5.9,85,3.6,0.0,0.0,4.05,0.0,0.0
2015-03-21 04:00:00,6.1,86,4.0,0.0,0.0,4.11,0.0,0.0
2015-03-21 05:00:00,5.4,91,4.0,0.0,0.0,3.7,0.0,0.0
2015-03-21 06:00:00,4.8,92,3.7,0.0,0.0,3.21,0.0,0.0
2015-03-21 07:00:00,5.4,90,4.0,0.0,0.0,3.69,33.0,0.1188
2015-03-21 08:00:00,6.6,83,4.0,0.0,0.0,4.22,110.0,0.39599999999999996
2015-03-21 09:00:00,7.4,71,2.4,0.0,0.0,6.4,198.0,0.7128
2015-03-21 10:00:00,7.5,67,1.7,0.0,0.0,5.4,194.0,0.6984
2015-03-21 11:00:00,7.4,65,1.3,0.0,0.0,6.43,193.0,0.6948
2015-03-21 12:00:00,7.5,64,1.1,0.0,0.0,6.42,224.0,0.8064
2015-03-21 13:00:00,7.6,63,1.1,0.0,0.0,6.43,230.0,0.828
2015-03-21 14:00:00,7.7,62,1.0,0.0,0.0,6.76,261.0,0.9396
2015-03-21 15:00:00,7.6,63,1.0,0.0,0.0,6.48,197.0,0.7091999999999999
2015-03-21 16:00:00,7.5,63,1.0,0.0,0.0,6.58,132.0,0.4752
2015-03-21 17:00:00,7.4,65,1.4,0.0,0.0,6.4,79.0,0.2844
2015-03-21 18:00:00,7.1,70,1.9,0.0,0.0,5.94,31.0,0.11159999999999999
2015-03-21 19:00:00,6.3,72,1.7,0.0,0.0,5.7,0.0,0.0
2015-03-21 20:00:00,6.0,77,2.2,0.0,0.0,5.69,0.0,0.0
2015-03-21 21:00:00,5.6,80,2.4,0.0,0.0,5.55,0.0,0.0
2015-03-21 22:00:00,5.2,82,2.4,0.0,0.0,4.7,0.0,0.0
2015-03-21 23:00:00,5.0,82,2.1,0.0,0.0,4.65,0.0,0.0
2015-03-22 00:00:00,4.6,81,1.6,0.0,0.0,4.53,0.0,0.0
2015-03-22 01:00:00,4.1,79,0.9,0.0,0.0,4.3,0.0,0.0
2015-03-22 02:00:00,3.7,79,0.4,0.0,0.0,4.27,0.0,0.0
2015-03-22 03:00:00,3.3,79,0.0,0.0,0.0,3.97,0.0,0.0
2015-03-22 04:00:00,3.3,78,-0.2,0.0,0.0,3.62,0.0,0.0
2015-03-22 05:00:00,3.3,76,-0.5,0.0,0.0,3.55,0.0,0.0
2015-03-22 06:00:00,3.1,77,-0.5,0.0,0.0,3.61,0.0,0.0
2015-03-22 07:00:00,2.8,80,-0.3,0.0,0.0,3.74,34.0,0.1224
2015-03-22 08:00:00,3.9,76,0.0,0.0,0.0,4.14,145.0,0.522
2015-03-22 09:00:00,5.3,72,0.6,0.0,0.0,4.7,286.0,1.0296
2015-03-22 10:00:00,6.4,66,0.5,0.0,0.0,3.7,367.0,1.3212
2015-03-22 11:00:00,6.7,64,0.4,0.0,0.0,3.52,310.0,1.1159999999999999
2015-03-22 12:00:00,7.0,62,0.3,0.0,0.0,3.28,327.0,1.1772
2015-03-22 13:00:00,7.1,63,0.5,0.0,0.0,3.09,362.0,1.3032
2015-03-22 14:00:00,7.3,62,0.4,0.0,0.0,3.09,350.0,1.26
2015-03-22 15:00:00,7.1,62,0.4,0.0,0.0,2.91,306.0,1.1016
2015-03-22 16:00:00,7.0,62,0.2,0.0,0.0,2.72,279.0,1.0044
2015-03-22 17:00:00,6.5,63,0.0,0.0,0.0,2.5,151.0,0.5436
2015-03-22 18:00:00,5.6,68,0.2,0.0,0.0,1.51,50.0,0.18
2015-03-22 19:00:00,4.3,76,0.4,0.0,0.0,1.84,1.0,0.0036
2015-03-22 20:00:00,3.0,82,0.3,0.0,0.0,2.56,0.0,0.0
2015-03-22 21:00:00,2.1,87,0.1,0.0,0.0,2.4,0.0,0.0
2015-03-22 22:00:00,1.3,90,-0.1,0.0,0.0,2.22,0.0,0.0
2015-03-22 23:00:00,0.6,91,-0.6,0.0,0.0,2.56,0.0,0.0
2015-03-23 00:00:00,0.0,92,-1.1,0.0,0.0,2.32,0.0,0.0
2015-03-23 01:00:00,-0.4,93,-1.4,0.0,0.0,2.26,0.0,0.0
2015-03-23 02:00:00,-0.7,94,-1.6,0.0,0.0,2.33,0.0,0.0
2015-03-23 03:00:00,-0.6,94,-1.5,0.0,0.0,2.62,0.0,0.0
2015-03-23 04:00:00,-0.8,95,-1.5,0.0,0.0,2.9,0.0,0.0
2015-03-23 05:00:00,-0.3,94,-1.1,0.0,0.0,3.05,0.0,0.0
2015-03-23 06:00:00,0.1,94,-0.8,0.0,0.0,3.14,0.0,0.0
2015-03-23 07:00:00,2.0,92,0.9,0.0,0.0,3.47,30.0,0.108
2015-03-23 08:00:00,4.1,85,1.8,0.0,0.0,3.36,132.0,0.4752
2015-03-23 09:00:00,5.9,75,1.8,0.0,0.0,4.18,255.0,0.9179999999999999
2015-03-23 10:00:00,7.1,65,1.0,0.0,0.0,3.62,395.0,1.422
2015-03-23 11:00:00,7.9,63,1.4,0.0,0.0,3.21,473.0,1.7027999999999999
2015-03-23 12:00:00,8.7,62,1.8,0.0,0.0,2.9,513.0,1.8468
2015-03-23 13:00:00,9.3,61,2.1,0.0,0.0,2.8,489.0,1.7604
2015-03-23 14:00:00,9.3,60,2.0,0.0,0.0,2.8,385.0,1.386
2015-03-23 15:00:00,9.3,60,1.9,0.0,0.0,2.73,274.0,0.9863999999999999
2015-03-23 16:00:00,9.0,61,1.9,0.0,0.0,2.55,168.0,0.6048
2015-03-23 17:00:00,8.7,64,2.2,0.0,0.0,2.0,87.0,0.3132
2015-03-23 18:00:00,8.2,68,2.6,0.0,0.0,1.65,32.0,0.1152
2015-03-23 19:00:00,8.1,71,3.1,0.0,0.0,1.99,0.0,0.0
2015-03-23 20:00:00,7.4,77,3.7,0.0,0.0,2.21,0.0,0.0
2015-03-23 21:00:00,7.0,82,4.1,0.0,0.0,2.35,0.0,0.0
2015-03-23 22:00:00,6.7,85,4.4,0.2,0.0,2.4,0.0,0.0
2015-03-23 23:00:00,6.3,89,4.6,0.2,0.0,2.44,0.0,0.0
2015-03-24 00:00:00,6.1,91,4.7,0.2,0.0,2.52,0.0,0.0
2015-03-24 01:00:00,5.9,91,4.6,0.1,0.0,2.76,0.0,0.0
2015-03-24 02:00:00,5.5,91,4.1,0.1,0.0,2.83,0.0,0.0
2015-03-24 03:00:00,5.1,90,3.6,0.2,0.0,3.04,0.0,0.0
2015-03-24 04:00:00,4.6,91,3.3,0.2,0.0,2.9,0.0,0.0
2015-03-24 05:00:00,4.3,92,3.0,0.2,0.0,2.69,0.0,0.0
2015-03-24 06:00:00,3.9,92,2.8,0.1,0.0,2.76,0.0,0.0
2015-03-24 07:00:00,4.1,93,3.0,0.0,0.0,3.18,21.0,0.0756
2015-03-24 08:00:00,4.4,91,3.0,0.0,0.0,3.92,94.0,0.3384
2015-03-24 09:00:00,5.7,79,2.4,0.0,0.0,4.03,227.0,0.8171999999999999
2015-03-24 10:00:00,6.6,74,2.4,0.0,0.0,2.97,283.0,1.0188
2015-03-24 11:00:00,7.5,66,1.7,0.0,0.0,2.69,394.0,1.4183999999999999
2015-03-24 12:00:00,8.5,58,0.7,0.1,0.0,2.78,479.0,1.7244
2015-03-24 13:00:00,9.0,55,0.4,0.0,0.0,2.94,539.0,1.9404
2015-03-24 14:00:00,9.1,56,0.9,0.0,0.0,2.84,497.0,1.7892
2015-03-24 15:00:00,9.0,61,1.9,0.0,0.0,2.7,381.0,1.3716
2015-03-24 16:00:00,8.9,64,2.5,0.0,0.0,2.2,332.0,1.1952
2015-03-24 17:00:00,7.7,68,2.2,0.9,0.0,2.24,148.0,0.5327999999999999
2015-03-24 18:00:00,6.2,79,2.9,0.2,0.0,1.92,51.0,0.18359999999999999
2015-03-24 19:00:00,5.2,75,1.2,0.3,0.0,2.48,2.0,0.0072
2015-03-24 20:00:00,4.3,82,1.5,0.1,0.0,2.69,0.0,0.0
2015-03-24 21:00:00,3.3,88,1.5,0.0,0.0,2.41,0.0,0.0
2015-03-24 22:00:00,2.4,91,1.2,0.0,0.0,2.41,0.0,0.0
2015-03-24 23:00:00,1.7,93,0.8,0.0,0.0,2.47,0.0,0.0
2015-03-25 00:00:00,1.2,95,0.4,0.0,0.0,2.28,0.0,0.0
2015-03-25 01:00:00,0.6,95,-0.0,0.0,0.0,2.2,0.0,0.0
2015-03-25 02:00:00,0.2,96,-0.4,0.0,0.0,2.36,0.0,0.0
2015-03-25 03:00:00,-0.1,96,-0.7,0.0,0.0,2.78,0.0,0.0
2015-03-25 04:00:00,-0.5,96,-1.0,0.0,0.0,2.94,0.0,0.0
2015-03-25 05:00:00,-0.9,96,-1.4,0.0,0.0,2.73,0.0,0.0
2015-03-25 06:00:00,-1.3,96,-1.8,0.0,0.0,2.66,0.0,0.0
2015-03-25 07:00:00,-0.2,96,-0.7,0.0,0.0,2.91,53.0,0.1908
2015-03-25 08:00:00,2.6,91,1.3,0.0,0.0,3.01,190.0,0.6839999999999999
2015-03-25 09:00:00,4.7,84,2.2,0.0,0.0,2.9,344.0,1.2384
2015-03-25 10:00:00,6.4,71,1.5,0.0,0.0,2.0,437.0,1.5732
2015-03-25 11:00:00,7.3,62,0.5,0.2,0.0,2.4,446.0,1.6056
2015-03-25 12:00:00,8.1,56,-0.2,0.2,0.0,2.6,544.0,1.9584
2015-03-25 13:00:00,8.5,51,-0.9,0.1,0.0,2.43,525.0,1.89
2015-03-25 14:00:00,9.0,47,-1.6,0.2,0.0,2.28,498.0,1.7928
2015-03-25 15:00:00,9.0,47,-1.6,0.0,0.0,2.1,403.0,1.4507999999999999
2015-03-25 16:00:00,8.9,48,-1.6,0.0,0.0,1.79,327.0,1.1772
2015-03-25 17:00:00,8.5,50,-1.4,0.0,0.0,1.49,200.0,0.72
2015-03-25 18:00:00,7.7,56,-0.6,0.0,0.0,1.39,78.0,0.2808
2015-03-25 19:00:00,7.2,62,0.4,0.0,0.0,0.71,2.0,0.0072
2015-03-25 20:00:00,5.6,74,1.4,0.0,0.0,1.3,0.0,0.0
2015-03-25 21:00:00,3.8,79,0.4,0.0,0.0,1.71,0.0,0.0
2015-03-25 22:00:00,3.0,81,-0.0,0.0,0.0,2.4,0.0,0.0
2015-03-25 23:00:00,2.1,84,-0.3,0.0,0.0,3.14,0.0,0.0
2015-03-26 00:00:00,1.8,86,-0.3,0.0,0.0,3.49,0.0,0.0
2015-03-26 01:00:00,2.0,87,0.1,0.0,0.0,3.7,0.0,0.0
2015-03-26 02:00:00,3.0,86,0.9,0.0,0.0,4.18,0.0,0.0
2015-03-26 03:00:00,3.9,84,1.4,0.5,0.0,4.63,0.0,0.0
2015-03-26 04:00:00,4.2,85,1.8,0.6,0.0,5.43,0.0,0.0
2015-03-26 05:00:00,4.0,88,2.2,0.9,0.0,6.12,0.0,0.0
2015-03-26 06:00:00,3.9,91,2.5,1.0,0.0,6.82,0.0,0.0
2015-03-26 07:00:00,4.2,92,3.0,1.2,0.0,7.22,5.0,0.018
2015-03-26 08:00:00,4.6,93,3.5,0.9,0.0,7.0,16.0,0.0576
2015-03-26 09:00:00,5.3,93,4.3,0.6,0.0,6.61,26.0,0.0936
2015-03-26 10:00:00,6.2,95,5.4,0.3,0.0,4.74,41.0,0.1476
2015-03-26 11:00:00,7.7,92,6.5,0.0,0.0,5.25,127.0,0.4572
2015-03-26 12:00:00,9.8,86,7.5,0.0,0.0,5.38,255.0,0.9179999999999999
2015-03-26 13:00:00,11.7,75,7.4,0.1,0.0,5.82,523.0,1.8828
2015-03-26 14:00:00,11.7,58,3.8,0.0,0.0,7.07,535.0,1.926
2015-03-26 15:00:00,11.6,51,1.8,0.0,0.0,7.29,499.0,1.7964
2015-03-26 16:00:00,11.0,51,1.2,0.0,0.0,7.07,352.0,1.2671999999999999
2015-03-26 17:00:00,10.1,52,0.5,0.0,0.0,6.27,217.0,0.7812
2015-03-26 18:00:00,8.9,52,-0.4,0.0,0.0,5.96,76.0,0.2736
2015-03-26 19:00:00,8.5,53,-0.4,0.0,0.0,5.71,3.0,0.0108
2015-03-26 20:00:00,7.7,56,-0.5,0.0,0.0,5.64,0.0,0.0
2015-03-26 21:00:00,6.9,60,-0.3,0.0,0.0,5.73,0.0,0.0
2015-03-26 22:00:00,6.2,64,-0.2,0.0,0.0,5.24,0.0,0.0
2015-03-26 23:00:00,5.6,67,-0.1,0.0,0.0,5.11,0.0,0.0
2015-03-27 00:00:00,5.0,70,-0.1,0.0,0.0,4.78,0.0,0.0
2015-03-27 01:00:00,4.5,72,-0.1,0.0,0.0,4.56,0.0,0.0
2015-03-27 02:00:00,4.0,75,-0.1,0.0,0.0,4.44,0.0,0.0
2015-03-27 03:00:00,3.4,78,-0.1,0.0,0.0,4.16,0.0,0.0
2015-03-27 04:00:00,3.0,80,-0.1,0.0,0.0,4.04,0.0,0.0
2015-03-27 05:00:00,2.6,82,-0.1,0.0,0.0,3.85,0.0,0.0
2015-03-27 06:00:00,2.1,85,-0.2,0.0,0.0,3.61,0.0,0.0
2015-03-27 07:00:00,3.1,85,0.8,0.0,0.0,3.61,46.0,0.1656
2015-03-27 08:00:00,4.8,79,1.4,0.0,0.0,3.21,161.0,0.5796
2015-03-27 09:00:00,6.4,72,1.8,0.0,0.0,3.32,296.0,1.0655999999999999
2015-03-27 10:00:00,7.7,63,1.2,0.0,0.0,2.92,414.0,1.4904
2015-03-27 11:00:00,8.8,56,0.4,0.0,0.0,3.0,506.0,1.8215999999999999
2015-03-27 12:00:00,9.6,52,0.2,0.0,0.0,3.62,548.0,1.9727999999999999
2015-03-27 13:00:00,10.3,50,0.2,0.0,0.0,3.82,570.0,2.052
2015-03-27 14:00:00,10.8,49,0.5,0.0,0.0,3.35,513.0,1.8468
2015-03-27 15:00:00,10.9,51,1.1,0.0,0.0,3.27,411.0,1.4796
2015-03-27 16:00:00,10.7,52,1.2,0.0,0.0,3.23,270.0,0.972
2015-03-27 17:00:00,10.3,54,1.5,0.0,0.0,2.62,133.0,0.4788
2015-03-27 18:00:00,9.4,61,2.3,0.0,0.0,2.37,43.0,0.1548
2015-03-27 19:00:00,8.8,69,3.3,0.0,0.0,2.94,3.0,0.0108
2015-03-27 20:00:00,7.8,77,4.0,0.0,0.0,3.45,0.0,0.0
2015-03-27 21:00:00,7.1,83,4.4,0.0,0.0,3.35,0.0,0.0
2015-03-27 22:00:00,6.5,88,4.6,0.0,0.0,2.95,0.0,0.0
2015-03-27 23:00:00,5.9,92,4.7,0.0,0.0,2.6,0.0,0.0
2015-03-28 00:00:00,6.4,90,4.8,0.0,0.0,3.0,0.0,0.0
2015-03-28 01:00:00,6.6,89,5.0,0.0,0.0,3.5,0.0,0.0
2015-03-28 02:00:00,7.0,89,5.3,0.0,0.0,3.9,0.0,0.0
2015-03-28 03:00:00,7.3,91,5.9,0.0,0.0,4.1,0.0,0.0
2015-03-28 04:00:00,7.5,93,6.5,0.0,0.0,4.22,0.0,0.0
2015-03-28 05:00:00,7.7,96,7.1,0.0,0.0,4.16,0.0,0.0
2015-03-28 06:00:00,8.1,98,7.7,0.0,0.0,4.36,0.0,0.0
2015-03-28 07:00:00,8.9,97,8.4,0.0,0.0,4.96,13.0,0.0468
2015-03-28 08:00:00,9.7,95,9.0,0.0,0.0,5.13,46.0,0.1656
2015-03-28 09:00:00,10.7,92,9.5,0.0,0.0,5.41,93.0,0.3348
2015-03-28 10:00:00,11.5,88,9.5,0.0,0.0,7.31,127.0,0.4572
2015-03-28 11:00:00,12.4,82,9.3,0.0,0.0,8.71,182.0,0.6552
2015-03-28 12:00:00,12.5,80,9.2,0.0,0.0,8.91,209.0,0.7524
2015-03-28 13:00:00,12.6,80,9.2,0.0,0.0,8.28,227.0,0.8171999999999999
2015-03-28 14:00:00,12.0,82,9.0,0.0,0.0,7.27,147.0,0.5292
2015-03-28 15:00:00,11.5,85,9.0,0.0,0.0,8.7,84.0,0.3024
2015-03-28 16:00:00,12.0,83,9.2,0.0,0.0,8.71,143.0,0.5148
2015-03-28 17:00:00,12.2,80,8.9,0.0,0.0,7.0,85.0,0.306
2015-03-28 18:00:00,11.9,79,8.4,0.0,0.0,7.16,45.0,0.162
2015-03-28 19:00:00,11.4,84,8.8,0.0,0.0,7.6,3.0,0.0108
2015-03-28 20:00:00,11.3,81,8.1,0.0,0.0,8.04,0.0,0.0
2015-03-28 21:00:00,10.7,78,7.1,0.0,0.0,8.12,0.0,0.0
2015-03-28 22:00:00,9.9,78,6.2,0.0,0.0,8.17,0.0,0.0
2015-03-28 23:00:00,9.4,77,5.5,0.0,0.0,7.88,0.0,0.0
2015-03-29 00:00:00,9.2,76,5.2,0.0,0.0,7.47,0.0,0.0
2015-03-29 01:00:00,9.4,77,5.6,0.0,0.0,7.51,0.0,0.0
2015-03-29 02:00:00,9.6,78,6.0,0.0,0.0,7.51,0.0,0.0
2015-03-29 03:00:00,9.9,78,6.3,0.0,0.0,7.56,0.0,0.0
2015-03-29 04:00:00,9.8,78,6.1,0.0,0.0,7.48,0.0,0.0
2015-03-29 05:00:00,9.5,77,5.6,0.0,0.0,6.99,0.0,0.0
2015-03-29 06:00:00,9.0,78,5.5,0.1,0.0,6.28,0.0,0.0
2015-03-29 07:00:00,9.4,87,7.4,0.4,0.0,5.8,11.0,0.039599999999999996
2015-03-29 08:00:00,9.4,94,8.4,0.6,0.0,6.94,23.0,0.0828
2015-03-29 09:00:00,9.9,94,8.9,0.6,0.0,8.65,38.0,0.1368
2015-03-29 10:00:00,10.6,89,8.9,0.5,0.0,9.1,55.0,0.19799999999999998
2015-03-29 11:00:00,10.9,88,9.0,0.2,0.0,10.16,82.0,0.2952
2015-03-29 12:00:00,11.4,85,9.0,0.5,0.0,11.66,125.0,0.45
2015-03-29 13:00:00,11.5,83,8.7,0.0,0.0,11.03,74.0,0.26639999999999997
2015-03-29 14:00:00,12.1,78,8.4,0.0,0.0,11.85,160.0,0.576
2015-03-29 15:00:00,12.0,69,6.5,0.2,0.0,11.51,249.0,0.8964
2015-03-29 16:00:00,11.7,67,5.8,0.0,0.0,10.11,209.0,0.7524
2015-03-29 17:00:00,11.1,63,4.4,0.0,0.0,8.68,151.0,0.5436
2015-03-29 18:00:00,10.3,63,3.6,0.0,0.0,7.82,65.0,0.23399999999999999
2015-03-29 19:00:00,9.5,67,3.6,0.0,0.0,7.41,5.0,0.018
2015-03-29 20:00:00,8.9,69,3.5,0.0,0.0,7.41,0.0,0.0
2015-03-29 21:00:00,8.4,70,3.3,0.0,0.0,7.3,0.0,0.0
2015-03-29 22:00:00,8.1,70,3.0,0.0,0.0,6.91,0.0,0.0
2015-03-29 23:00:00,7.8,70,2.6,0.0,0.0,6.44,0.0,0.0
2015-03-30 00:00:00,7.3,69,2.0,0.0,0.0,6.34,0.0,0.0
2015-03-30 01:00:00,6.6,70,1.6,0.0,0.0,5.95,0.0,0.0
2015-03-30 02:00:00,6.0,71,1.1,0.0,0.0,6.12,0.0,0.0
2015-03-30 03:00:00,5.4,72,0.8,0.0,0.0,5.97,0.0,0.0
2015-03-30 04:00:00,5.0,72,0.4,0.0,0.0,6.09,0.0,0.0
2015-03-30 05:00:00,4.6,72,0.1,0.0,0.0,5.94,0.0,0.0
2015-03-30 06:00:00,4.3,73,-0.2,0.0,0.0,5.99,2.0,0.0072
2015-03-30 07:00:00,5.2,72,0.6,0.0,0.0,6.26,61.0,0.2196
2015-03-30 08:00:00,6.2,69,0.9,0.0,0.0,5.79,191.0,0.6876
2015-03-30 09:00:00,7.2,61,0.1,0.0,0.0,6.41,358.0,1.2888
2015-03-30 10:00:00,8.2,54,-0.5,0.0,0.0,4.96,486.0,1.7496
2015-03-30 11:00:00,8.9,51,-0.6,0.0,0.0,4.83,510.0,1.8359999999999999
2015-03-30 12:00:00,9.6,48,-0.8,0.0,0.0,4.75,536.0,1.9296
2015-03-30 13:00:00,10.5,44,-1.2,0.0,0.0,5.06,592.0,2.1311999999999998
2015-03-30 14:00:00,10.8,44,-1.0,0.0,0.0,6.93,466.0,1.6776
2015-03-30 15:00:00,10.5,48,-0.2,0.0,0.0,7.02,370.0,1.332
2015-03-30 16:00:00,10.0,54,1.2,0.0,0.0,6.55,284.0,1.0224
2015-03-30 17:00:00,9.5,62,2.5,0.0,0.0,4.8,146.0,0.5256
2015-03-30 18:00:00,8.7,73,4.0,0.0,0.0,6.86,29.0,0.10439999999999999
2015-03-30 19:00:00,8.4,85,6.0,0.0,0.0,7.48,1.0,0.0036
2015-03-30 20:00:00,8.9,89,7.2,0.0,0.0,7.99,0.0,0.0
2015-03-30 21:00:00,9.9,91,8.6,0.0,0.0,8.6,0.0,0.0
2015-03-30 22:00:00,10.7,90,9.1,0.0,0.0,9.3,0.0,0.0
2015-03-30 23:00:00,10.9,87,8.9,0.0,0.0,10.06,0.0,0.0
2015-03-31 00:00:00,11.1,85,8.7,0.0,0.0,10.93,0.0,0.0
2015-03-31 01:00:00,11.3,83,8.6,0.2,0.0,11.43,0.0,0.0
2015-03-31 02:00:00,11.2,78,7.5,0.0,0.0,11.72,0.0,0.0
2015-03-31 03:00:00,10.7,76,6.5,0.0,0.0,11.11,0.0,0.0
2015-03-31 04:00:00,10.2,72,5.3,0.0,0.0,10.52,0.0,0.0
2015-03-31 05:00:00,9.6,68,3.9,0.0,0.0,10.23,0.0,0.0
2015-03-31 06:00:00,9.0,66,3.1,0.0,0.0,9.83,2.0,0.0072
2015-03-31 07:00:00,9.1,66,3.1,0.0,0.0,9.56,74.0,0.26639999999999997
2015-03-31 08:00:00,9.7,65,3.4,0.0,0.0,9.24,214.0,0.7704
2015-03-31 09:00:00,10.2,62,3.2,0.0,0.0,10.09,364.0,1.3104
2015-03-31 10:00:00,10.5,55,1.9,0.0,0.0,9.12,514.0,1.8504
2015-03-31 11:00:00,11.0,50,1.1,0.0,0.0,9.18,599.0,2.1564
2015-03-31 12:00:00,11.3,47,0.5,0.0,0.0,9.92,653.0,2.3508
2015-03-31 13:00:00,11.5,46,0.2,0.0,0.0,10.58,636.0,2.2896
2015-03-31 14:00:00,10.7,47,-0.3,0.4,0.0,10.61,603.0,2.1708
2015-03-31 15:00:00,10.0,51,0.4,0.3,0.0,10.9,468.0,1.6847999999999999
2015-03-31 16:00:00,10.0,46,-1.1,0.2,0.0,9.52,395.0,1.422
2015-03-31 17:00:00,9.0,47,-1.7,0.0,0.0,10.07,218.0,0.7847999999999999
2015-03-31 18:00:00,8.2,48,-2.3,0.0,0.0,8.74,99.0,0.3564
2015-03-31 19:00:00,7.5,54,-1.2,0.0,0.0,7.82,8.0,0.0288
2015-03-31 20:00:00,6.9,56,-1.3,0.0,0.0,7.75,0.0,0.0
2015-03-31 21:00:00,6.3,59,-1.2,0.0,0.0,7.4,0.0,0.0
2015-03-31 22:00:00,5.6,60,-1.5,0.0,0.0,6.74,0.0,0.0
2015-03-31 23:00:00,5.1,61,-1.8,0.0,0.0,6.79,0.0,0.0
2015-04-01 00:00:00,4.7,61,-2.3,0.0,0.0,6.82,0.0,0.0
2015-04-01 01:00:00,4.3,61,-2.6,0.0,0.0,7.45,0.0,0.0
2015-04-01 02:00:00,4.0,61,-2.8,0.0,0.0,7.45,0.0,0.0
2015-04-01 03:00:00,3.7,61,-3.0,0.0,0.0,7.47,0.0,0.0
2015-04-01 04:00:00,3.6,62,-3.1,0.0,0.0,7.28,0.0,0.0
2015-04-01 05:00:00,3.4,63,-3.0,0.0,0.0,7.12,0.0,0.0
2015-04-01 06:00:00,3.4,65,-2.6,0.0,0.0,6.74,3.0,0.0108
2015-04-01 07:00:00,4.2,70,-0.8,0.0,0.0,6.14,87.0,0.3132
2015-04-01 08:00:00,5.4,68,-0.0,0.0,0.0,6.74,241.0,0.8675999999999999
2015-04-01 09:00:00,6.8,64,0.4,0.0,0.0,7.38,398.0,1.4327999999999999
2015-04-01 10:00:00,8.0,56,-0.2,0.2,0.0,6.96,523.0,1.8828
2015-04-01 11:00:00,8.7,52,-0.7,0.2,0.0,7.23,505.0,1.818
2015-04-01 12:00:00,9.0,52,-0.5,0.2,0.0,7.3,435.0,1.566
2015-04-01 13:00:00,9.6,51,-0.0,0.2,0.0,7.47,551.0,1.9836
2015-04-01 14:00:00,9.6,53,0.5,0.2,0.0,7.72,464.0,1.6703999999999999
2015-04-01 15:00:00,9.3,57,1.2,0.0,0.0,7.92,353.0,1.2708
2015-04-01 16:00:00,9.2,59,1.5,0.0,0.0,7.3,302.0,1.0872
2015-04-01 17:00:00,8.8,61,1.7,0.0,0.0,7.0,174.0,0.6264
2015-04-01 18:00:00,8.2,65,2.1,0.0,0.0,6.23,82.0,0.2952
2015-04-01 19:00:00,7.3,74,2.9,0.0,0.0,5.92,6.0,0.0216
2015-04-01 20:00:00,7.0,77,3.3,0.0,0.0,5.92,0.0,0.0
2015-04-01 21:00:00,7.0,81,4.0,0.2,0.0,5.76,0.0,0.0
2015-04-01 22:00:00,7.1,86,4.9,0.4,0.0,5.99,0.0,0.0
2015-04-01 23:00:00,7.1,92,6.0,0.5,0.0,6.54,0.0,0.0
2015-04-02 00:00:00,7.7,93,6.7,0.3,0.0,7.49,0.0,0.0
2015-04-02 01:00:00,8.3,93,7.3,0.2,0.0,7.94,0.0,0.0
2015-04-02 02:00:00,8.8,92,7.6,0.2,0.0,7.7,0.0,0.0
2015-04-02 03:00:00,9.0,92,7.7,0.2,0.0,6.58,0.0,0.0
2015-04-02 04:00:00,8.5,93,7.5,0.4,0.0,5.47,0.0,0.0
2015-04-02 05:00:00,7.4,93,6.3,0.4,0.0,5.0,0.0,0.0
2015-04-02 06:00:00,6.2,91,4.8,0.2,0.0,4.27,1.0,0.0036
2015-04-02 07:00:00,5.6,87,3.5,0.0,0.0,3.72,15.0,0.054
2015-04-02 08:00:00,5.8,82,2.9,0.0,0.0,3.35,61.0,0.2196
2015-04-02 09:00:00,6.0,74,1.8,0.0,0.0,3.52,124.0,0.44639999999999996
2015-04-02 10:00:00,6.4,70,1.3,0.0,0.0,2.73,196.0,0.7056
2015-04-02 11:00:00,7.2,64,0.9,0.0,0.0,1.8,334.0,1.2024
2015-04-02 12:00:00,8.2,59,0.7,0.0,0.0,1.26,483.0,1.7388
2015-04-02 13:00:00,8.8,56,0.6,0.0,0.0,1.06,493.0,1.7748
2015-04-02 14:00:00,9.3,54,0.5,0.0,0.0,1.12,487.0,1.7531999999999999
2015-04-02 15:00:00,9.5,54,0.6,0.0,0.0,1.41,421.0,1.5156
2015-04-02 16:00:00,9.6,52,0.2,0.0,0.0,1.61,349.0,1.2564
2015-04-02 17:00:00,9.3,52,-0.1,0.0,0.0,1.61,174.0,0.6264
2015-04-02 18:00:00,9.1,52,-0.2,0.0,0.0,1.14,74.0,0.26639999999999997
2015-04-02 19:00:00,8.5,63,1.8,0.0,0.0,1.57,5.0,0.018
2015-04-02 20:00:00,7.3,69,2.1,0.0,0.0,2.06,0.0,0.0
2015-04-02 21:00:00,7.2,74,2.8,0.0,0.0,2.53,0.0,0.0
2015-04-02 22:00:00,6.9,80,3.6,0.0,0.0,2.86,0.0,0.0
2015-04-02 23:00:00,6.7,83,4.0,0.1,0.0,3.11,0.0,0.0
2015-04-03 00:00:00,6.5,84,4.0,0.2,0.0,3.44,0.0,0.0
2015-04-03 01:00:00,6.3,85,4.0,0.1,0.0,3.91,0.0,0.0
2015-04-03 02:00:00,6.2,86,4.0,0.0,0.0,4.05,0.0,0.0
2015-04-03 03:00:00,6.2,88,4.3,0.1,0.0,4.05,0.0,0.0
2015-04-03 04:00:00,6.3,90,4.8,0.4,0.0,3.74,0.0,0.0
2015-04-03 05:00:00,6.5,94,5.5,0.1,0.0,3.29,0.0,0.0
2015-04-03 06:00:00,6.7,96,6.1,0.8,0.0,2.95,1.0,0.0036
2015-04-03 07:00:00,6.8,96,6.3,0.8,0.0,2.75,9.0,0.0324
2015-04-03 08:00:00,7.3,98,7.0,0.6,0.0,2.73,31.0,0.11159999999999999
2015-04-03 09:00:00,7.8,99,7.6,0.5,0.0,2.8,53.0,0.1908
2015-04-03 10:00:00,8.9,92,7.7,0.2,0.0,3.1,103.0,0.37079999999999996
2015-04-03 11:00:00,10.4,83,7.7,0.2,0.0,2.38,203.0,0.7308
2015-04-03 12:00:00,11.0,81,7.9,0.2,0.0,2.21,217.0,0.7812
2015-04-03 13:00:00,11.5,78,7.8,0.0,0.0,2.15,203.0,0.7308
2015-04-03 14:00:00,11.2,81,8.0,0.0,0.0,1.66,91.0,0.3276
2015-04-03 15:00:00,11.0,82,8.0,0.1,0.0,1.27,75.0,0.27
2015-04-03 16:00:00,10.9,85,8.4,0.2,0.0,0.8,56.0,0.2016
2015-04-03 17:00:00,10.5,89,8.8,0.2,0.0,0.81,36.0,0.1296
2015-04-03 18:00:00,10.0,91,8.6,0.0,0.0,1.04,11.0,0.039599999999999996
2015-04-03 19:00:00,9.7,94,8.9,0.0,0.0,1.52,1.0,0.0036
2015-04-03 20:00:00,9.3,95,8.5,0.0,0.0,2.1,0.0,0.0
2015-04-03 21:00:00,8.9,95,8.1,0.0,0.0,2.05,0.0,0.0
2015-04-03 22:00:00,8.4,95,7.7,0.0,0.0,1.27,0.0,0.0
2015-04-03 23:00:00,7.9,96,7.4,0.0,0.0,1.4,0.0,0.0
2015-04-04 00:00:00,7.2,98,7.0,0.0,0.0,1.73,0.0,0.0
2015-04-04 01:00:00,6.9,99,6.8,0.0,0.0,1.88,0.0,0.0
2015-04-04 02:00:00,7.3,98,7.1,0.0,0.0,2.82,0.0,0.0
2015-04-04 03:00:00,7.7,98,7.4,0.1,0.0,3.71,0.0,0.0
2015-04-04 04:00:00,7.9,97,7.4,0.0,0.0,4.66,0.0,0.0
2015-04-04 05:00:00,7.6,95,6.9,0.0,0.0,5.03,0.0,0.0
2015-04-04 06:00:00,7.4,94,6.5,0.0,0.0,5.04,1.0,0.0036
2015-04-04 07:00:00,7.2,91,5.9,0.0,0.0,4.75,17.0,0.0612
2015-04-04 08:00:00,7.4,90,5.8,0.0,0.0,6.24,70.0,0.252
2015-04-04 09:00:00,7.9,84,5.4,0.0,0.0,7.17,140.0,0.504
2015-04-04 10:00:00,8.2,81,5.1,0.1,0.0,6.09,185.0,0.666
2015-04-04 11:00:00,8.3,76,4.3,0.0,0.0,5.82,199.0,0.7163999999999999
2015-04-04 12:00:00,8.3,71,3.4,0.0,0.0,5.47,190.0,0.6839999999999999
2015-04-04 13:00:00,8.0,70,2.8,0.0,0.0,5.13,155.0,0.5579999999999999
2015-04-04 14:00:00,8.2,67,2.4,0.0,0.0,4.88,182.0,0.6552
2015-04-04 15:00:00,8.3,64,1.9,0.0,0.0,4.24,160.0,0.576
2015-04-04 16:00:00,8.3,62,1.5,0.0,0.0,3.86,128.0,0.4608
2015-04-04 17:00:00,8.2,61,1.1,0.0,0.0,3.5,86.0,0.3096
2015-04-04 18:00:00,7.9,63,1.2,0.0,0.0,2.75,34.0,0.1224
2015-04-04 19:00:00,7.1,72,2.3,0.0,0.0,2.08,6.0,0.0216
2015-04-04 20:00:00,6.5,78,2.9,0.0,0.0,1.44,0.0,0.0
2015-04-04 21:00:00,5.5,83,2.8,0.0,0.0,1.61,0.0,0.0
2015-04-04 22:00:00,5.8,79,2.4,0.0,0.0,0.8,0.0,0.0
2015-04-04 23:00:00,5.3,82,2.5,0.0,0.0,0.41,0.0,0.0
2015-04-05 00:00:00,5.0,84,2.6,0.0,0.0,0.54,0.0,0.0
2015-04-05 01:00:00,4.4,88,2.6,0.0,0.0,0.82,0.0,0.0
2015-04-05 02:00:00,4.5,89,2.8,0.0,0.0,0.82,0.0,0.0
2015-04-05 03:00:00,4.5,90,2.9,0.0,0.0,0.61,0.0,0.0
2015-04-05 04:00:00,4.3,92,3.1,0.0,0.0,0.45,0.0,0.0
2015-04-05 05:00:00,4.4,95,3.6,0.0,0.0,0.3,0.0,0.0
2015-04-05 06:00:00,4.7,93,3.7,0.0,0.0,0.54,1.0,0.0036
2015-04-05 07:00:00,5.9,88,4.1,0.0,0.0,0.54,39.0,0.1404
2015-04-05 08:00:00,7.0,82,4.0,0.0,0.0,0.6,136.0,0.4896
2015-04-05 09:00:00,8.2,76,4.1,0.0,0.0,1.39,255.0,0.9179999999999999
2015-04-05 10:00:00,9.0,72,4.3,0.0,0.0,1.53,354.0,1.2744
2015-04-05 11:00:00,9.8,68,4.1,0.0,0.0,1.65,413.0,1.4868
2015-04-05 12:00:00,9.9,66,3.9,0.0,0.0,1.66,264.0,0.9504
2015-04-05 13:00:00,10.2,64,3.7,0.0,0.0,1.58,301.0,1.0836
2015-04-05 14:00:00,10.2,63,3.5,0.0,0.0,1.98,218.0,0.7847999999999999
2015-04-05 15:00:00,10.4,62,3.5,0.0,0.0,2.06,199.0,0.7163999999999999
2015-04-05 16:00:00,10.2,64,3.6,0.0,0.0,2.2,119.0,0.4284
2015-04-05 17:00:00,10.0,66,3.8,0.0,0.0,2.09,94.0,0.3384
2015-04-05 18:00:00,9.4,69,4.1,0.0,0.0,1.7,65.0,0.23399999999999999
2015-04-05 19:00:00,8.6,73,4.1,0.0,0.0,1.61,10.0,0.036
2015-04-05 20:00:00,7.5,78,3.8,0.0,0.0,1.57,0.0,0.0
2015-04-05 21:00:00,6.8,81,3.8,0.0,0.0,1.28,0.0,0.0
2015-04-05 22:00:00,5.9,86,3.7,0.0,0.0,1.9,0.0,0.0
2015-04-05 23:00:00,4.6,90,3.0,0.0,0.0,1.58,0.0,0.0
2015-04-06 00:00:00,3.4,92,2.2,0.0,0.0,1.63,0.0,0.0
2015-04-06 01:00:00,2.6,94,1.8,0.0,0.0,1.88,0.0,0.0
2015-04-06 02:00:00,2.2,96,1.6,0.0,0.0,2.02,0.0,0.0
2015-04-06 03:00:00,1.8,97,1.3,0.0,0.0,2.0,0.0,0.0
2015-04-06 04:00:00,2.2,97,1.7,0.0,0.0,2.02,0.0,0.0
2015-04-06 05:00:00,2.6,97,2.2,0.0,0.0,2.16,0.0,0.0
2015-04-06 06:00:00,3.7,96,3.1,0.0,0.0,2.56,7.0,0.0252
2015-04-06 07:00:00,5.4,93,4.4,0.0,0.0,2.88,89.0,0.3204
2015-04-06 08:00:00,7.4,89,5.7,0.0,0.0,2.92,183.0,0.6587999999999999
2015-04-06 09:00:00,9.3,85,6.9,0.0,0.0,3.05,320.0,1.152
2015-04-06 10:00:00,11.4,80,8.1,0.0,0.0,3.31,462.0,1.6632
2015-04-06 11:00:00,13.1,73,8.4,0.0,0.0,3.92,535.0,1.926
2015-04-06 12:00:00,13.8,65,7.4,0.0,0.0,5.07,463.0,1.6668
2015-04-06 13:00:00,14.1,63,7.2,0.0,0.0,5.29,452.0,1.6272
2015-04-06 14:00:00,14.1,63,7.2,0.0,0.0,5.19,445.0,1.6019999999999999
2015-04-06 15:00:00,13.8,65,7.3,0.0,0.0,5.06,475.0,1.71
2015-04-06 16:00:00,13.0,68,7.1,0.0,0.0,4.72,364.0,1.3104
2015-04-06 17:00:00,11.9,69,6.4,0.0,0.0,4.5,242.0,0.8712
2015-04-06 18:00:00,10.6,72,5.7,0.0,0.0,3.75,90.0,0.324
2015-04-06 19:00:00,8.6,75,4.4,0.0,0.0,3.16,13.0,0.0468
2015-04-06 20:00:00,7.2,80,3.9,0.0,0.0,2.68,0.0,0.0
2015-04-06 21:00:00,6.0,84,3.6,0.0,0.0,2.31,0.0,0.0
2015-04-06 22:00:00,4.8,90,3.3,0.0,0.0,1.63,0.0,0.0
2015-04-06 23:00:00,4.0,93,2.9,0.0,0.0,1.6,0.0,0.0
2015-04-07 00:00:00,4.0,91,2.7,0.0,0.0,1.61,0.0,0.0
2015-04-07 01:00:00,4.3,90,2.8,0.0,0.0,2.12,0.0,0.0
2015-04-07 02:00:00,4.4,90,3.0,0.0,0.0,1.62,0.0,0.0
2015-04-07 03:00:00,4.1,92,2.9,0.0,0.0,1.0,0.0,0.0
2015-04-07 04:00:00,3.7,95,2.9,0.0,0.0,0.64,0.0,0.0
2015-04-07 05:00:00,3.4,97,2.9,0.0,0.0,0.7,0.0,0.0
2015-04-07 06:00:00,3.0,99,2.8,0.0,0.0,0.71,11.0,0.039599999999999996
2015-04-07 07:00:00,3.6,93,2.6,0.0,0.0,0.71,94.0,0.3384
2015-04-07 08:00:00,5.7,93,4.7,0.0,0.0,0.57,206.0,0.7415999999999999
2015-04-07 09:00:00,8.1,80,4.9,0.0,0.0,1.27,392.0,1.4112
2015-04-07 10:00:00,10.0,71,5.0,0.0,0.0,1.36,570.0,2.052
2015-04-07 11:00:00,11.5,66,5.4,0.0,0.0,1.03,672.0,2.4192
2015-04-07 12:00:00,12.7,64,6.0,0.0,0.0,0.95,705.0,2.538
2015-04-07 13:00:00,13.7,62,6.6,0.0,0.0,1.02,704.0,2.5343999999999998
2015-04-07 14:00:00,14.4,60,6.7,0.0,0.0,1.1,574.0,2.0664
2015-04-07 15:00:00,15.1,56,6.3,0.0,0.0,1.28,519.0,1.8683999999999998
2015-04-07 16:00:00,15.0,55,6.1,0.0,0.0,1.58,290.0,1.044
2015-04-07 17:00:00,14.7,58,6.5,0.0,0.0,1.25,212.0,0.7632
2015-04-07 18:00:00,13.8,65,7.3,0.0,0.0,0.89,88.0,0.31679999999999997
2015-04-07 19:00:00,13.9,62,6.8,0.0,0.0,0.94,11.0,0.039599999999999996
2015-04-07 20:00:00,12.6,69,7.0,0.0,0.0,0.9,0.0,0.0
2015-04-07 21:00:00,10.5,80,7.1,0.0,0.0,1.21,0.0,0.0
2015-04-07 22:00:00,8.8,88,7.0,0.0,0.0,1.58,0.0,0.0
2015-04-07 23:00:00,8.0,91,6.6,0.0,0.0,1.41,0.0,0.0
2015-04-08 00:00:00,6.9,94,6.0,0.0,0.0,1.4,0.0,0.0
2015-04-08 01:00:00,6.2,95,5.5,0.0,0.0,1.41,0.0,0.0
2015-04-08 02:00:00,6.0,96,5.3,0.0,0.0,1.55,0.0,0.0
2015-04-08 03:00:00,5.8,97,5.3,0.0,0.0,1.62,0.0,0.0
2015-04-08 04:00:00,5.6,98,5.2,0.0,0.0,1.66,0.0,0.0
2015-04-08 05:00:00,5.7,98,5.4,0.0,0.0,1.5,0.0,0.0
2015-04-08 06:00:00,4.6,99,4.5,0.0,0.0,1.14,10.0,0.036
2015-04-08 07:00:00,6.0,98,5.7,0.0,0.0,0.92,85.0,0.306
2015-04-08 08:00:00,7.4,96,6.8,0.0,0.0,0.54,173.0,0.6228
2015-04-08 09:00:00,9.0,92,7.8,0.0,0.0,0.45,259.0,0.9324
2015-04-08 10:00:00,11.0,85,8.6,0.0,0.0,0.71,382.0,1.3752
2015-04-08 11:00:00,13.0,77,9.2,0.0,0.0,1.06,524.0,1.8863999999999999
2015-04-08 12:00:00,14.5,67,8.6,0.0,0.0,1.44,595.0,2.142
2015-04-08 13:00:00,15.4,61,7.9,0.0,0.0,1.57,573.0,2.0627999999999997
2015-04-08 14:00:00,15.2,60,7.5,0.0,0.0,1.58,316.0,1.1376
2015-04-08 15:00:00,14.8,62,7.6,0.0,0.0,1.84,272.0,0.9792
2015-04-08 16:00:00,14.1,66,7.8,0.0,0.0,2.27,174.0,0.6264
2015-04-08 17:00:00,13.5,69,7.9,0.0,0.0,2.36,122.0,0.4392
2015-04-08 18:00:00,12.7,72,7.7,0.0,0.0,2.22,54.0,0.1944
2015-04-08 19:00:00,11.6,73,7.0,0.0,0.0,2.2,11.0,0.039599999999999996
2015-04-08 20:00:00,10.4,78,6.7,0.0,0.0,2.28,0.0,0.0
2015-04-08 21:00:00,9.3,82,6.3,0.0,0.0,2.34,0.0,0.0
2015-04-08 22:00:00,8.5,85,6.1,0.0,0.0,2.06,0.0,0.0
2015-04-08 23:00:00,8.0,87,6.0,0.0,0.0,1.8,0.0,0.0
2015-04-09 00:00:00,7.4,90,5.9,0.0,0.0,1.77,0.0,0.0
2015-04-09 01:00:00,6.9,93,5.9,0.0,0.0,1.53,0.0,0.0
2015-04-09 02:00:00,6.8,94,6.0,0.0,0.0,1.4,0.0,0.0
2015-04-09 03:00:00,6.1,97,5.6,0.0,0.0,1.41,0.0,0.0
2015-04-09 04:00:00,5.8,97,5.4,0.0,0.0,1.41,0.0,0.0
2015-04-09 05:00:00,5.6,98,5.3,0.0,0.0,1.5,0.0,0.0
2015-04-09 06:00:00,5.2,99,5.0,0.0,0.0,1.87,11.0,0.039599999999999996
2015-04-09 07:00:00,6.4,98,6.2,0.0,0.0,1.71,76.0,0.2736
2015-04-09 08:00:00,7.5,95,6.8,0.0,0.0,1.33,163.0,0.5868
2015-04-09 09:00:00,9.2,89,7.5,0.0,0.0,1.2,299.0,1.0764
2015-04-09 10:00:00,11.1,81,8.0,0.0,0.0,1.02,442.0,1.5912
2015-04-09 11:00:00,12.9,69,7.3,0.0,0.0,1.12,577.0,2.0772
2015-04-09 12:00:00,14.0,59,6.0,0.0,0.0,1.14,699.0,2.5164
2015-04-09 13:00:00,14.6,57,6.1,0.0,0.0,1.13,710.0,2.556
2015-04-09 14:00:00,15.0,56,6.3,0.0,0.0,0.99,676.0,2.4335999999999998
2015-04-09 15:00:00,15.2,54,5.9,0.0,0.0,0.86,540.0,1.944
2015-04-09 16:00:00,15.3,52,5.5,0.0,0.0,0.86,386.0,1.3896
2015-04-09 17:00:00,14.9,54,5.8,0.0,0.0,1.03,300.0,1.08
2015-04-09 18:00:00,13.8,63,6.9,0.0,0.0,1.3,140.0,0.504
2015-04-09 19:00:00,12.1,72,7.2,0.0,0.0,1.92,21.0,0.0756
2015-04-09 20:00:00,10.2,80,6.9,0.0,0.0,2.02,0.0,0.0
2015-04-09 21:00:00,8.7,87,6.7,0.0,0.0,2.2,0.0,0.0
2015-04-09 22:00:00,7.5,91,6.2,0.0,0.0,2.05,0.0,0.0
2015-04-09 23:00:00,6.5,93,5.5,0.0,0.0,1.86,0.0,0.0
2015-04-10 00:00:00,5.5,95,4.7,0.0,0.0,1.84,0.0,0.0
2015-04-10 01:00:00,4.9,95,4.1,0.0,0.0,2.0,0.0,0.0
2015-04-10 02:00:00,4.3,94,3.5,0.0,0.0,2.08,0.0,0.0
2015-04-10 03:00:00,3.8,94,2.9,0.0,0.0,2.2,0.0,0.0
2015-04-10 04:00:00,3.4,93,2.5,0.0,0.0,2.02,0.0,0.0
2015-04-10 05:00:00,3.1,93,2.1,0.0,0.0,2.09,0.0,0.0
2015-04-10 06:00:00,3.4,92,2.3,0.0,0.0,2.62,17.0,0.0612
2015-04-10 07:00:00,6.8,89,5.1,0.0,0.0,3.05,129.0,0.4644
2015-04-10 08:00:00,10.2,78,6.5,0.0,0.0,2.95,281.0,1.0116
2015-04-10 09:00:00,12.7,70,7.5,0.0,0.0,3.48,435.0,1.566
2015-04-10 10:00:00,14.9,63,7.9,0.0,0.0,3.61,561.0,2.0196
2015-04-10 11:00:00,16.6,57,8.0,0.0,0.0,3.78,664.0,2.3904
2015-04-10 12:00:00,17.7,53,8.0,0.1,0.0,3.89,662.0,2.3832
2015-04-10 13:00:00,18.3,51,7.9,0.0,0.0,4.02,594.0,2.1384
2015-04-10 14:00:00,18.7,49,7.7,0.0,0.0,4.2,581.0,2.0916
2015-04-10 15:00:00,18.7,49,7.7,0.0,0.0,4.13,561.0,2.0196
2015-04-10 16:00:00,18.0,51,7.9,0.0,0.0,3.91,443.0,1.5948
2015-04-10 17:00:00,16.9,57,8.4,0.0,0.0,3.61,300.0,1.08
2015-04-10 18:00:00,15.0,64,8.2,0.0,0.0,3.35,145.0,0.522
2015-04-10 19:00:00,13.1,67,7.1,0.0,0.0,3.48,23.0,0.0828
2015-04-10 20:00:00,11.5,71,6.4,0.0,0.0,3.62,0.0,0.0
2015-04-10 21:00:00,10.3,74,5.9,0.0,0.0,3.33,0.0,0.0
2015-04-10 22:00:00,9.3,77,5.5,0.0,0.0,3.72,0.0,0.0
2015-04-10 23:00:00,8.5,83,5.7,0.0,0.0,4.14,0.0,0.0
2015-04-11 00:00:00,8.0,89,6.4,0.0,0.0,4.24,0.0,0.0
2015-04-11 01:00:00,7.8,94,6.8,0.0,0.0,4.3,0.0,0.0
2015-04-11 02:00:00,7.8,95,7.1,0.0,0.0,4.36,0.0,0.0
2015-04-11 03:00:00,8.2,95,7.4,0.0,0.0,4.61,0.0,0.0
2015-04-11 04:00:00,9.1,92,7.8,0.0,0.0,5.16,0.0,0.0
2015-04-11 05:00:00,9.6,89,7.8,0.0,0.0,5.61,0.0,0.0
2015-04-11 06:00:00,9.5,86,7.2,0.0,0.0,6.01,7.0,0.0252
2015-04-11 07:00:00,10.0,83,7.2,0.0,0.0,5.95,52.0,0.1872
2015-04-11 08:00:00,10.4,78,6.8,0.0,0.0,6.72,99.0,0.3564
2015-04-11 09:00:00,10.5,82,7.5,0.8,0.0,7.07,106.0,0.3816
2015-04-11 10:00:00,9.4,86,7.1,0.5,0.0,5.9,111.0,0.3996
2015-04-11 11:00:00,8.3,80,5.1,0.0,0.0,5.32,210.0,0.756
2015-04-11 12:00:00,10.1,63,3.4,0.0,0.0,5.88,610.0,2.1959999999999997
2015-04-11 13:00:00,11.4,50,1.4,0.0,0.0,5.9,662.0,2.3832
2015-04-11 14:00:00,12.2,42,-0.2,0.0,0.0,5.73,684.0,2.4624
2015-04-11 15:00:00,12.3,40,-1.1,0.0,0.0,5.4,563.0,2.0268
2015-04-11 16:00:00,12.0,38,-1.9,0.0,0.0,5.31,404.0,1.4544
2015-04-11 17:00:00,11.4,41,-1.5,0.0,0.0,5.05,265.0,0.954
2015-04-11 18:00:00,10.4,45,-1.0,0.0,0.0,4.21,133.0,0.4788
2015-04-11 19:00:00,9.2,49,-0.9,0.0,0.0,3.86,25.0,0.09
2015-04-11 20:00:00,7.9,54,-0.9,0.0,0.0,3.49,0.0,0.0
2015-04-11 21:00:00,6.7,59,-0.7,0.0,0.0,2.84,0.0,0.0
2015-04-11 22:00:00,5.6,65,-0.4,0.0,0.0,2.59,0.0,0.0
2015-04-11 23:00:00,4.6,71,-0.2,0.0,0.0,2.7,0.0,0.0
2015-04-12 00:00:00,3.7,77,0.1,0.0,0.0,2.62,0.0,0.0
2015-04-12 01:00:00,3.0,82,0.2,0.0,0.0,2.48,0.0,0.0
2015-04-12 02:00:00,2.4,85,0.2,0.0,0.0,2.28,0.0,0.0
2015-04-12 03:00:00,2.0,87,0.1,0.0,0.0,2.28,0.0,0.0
2015-04-12 04:00:00,1.7,88,0.0,0.0,0.0,2.87,0.0,0.0
2015-04-12 05:00:00,1.8,89,0.2,0.0,0.0,3.27,0.0,0.0
2015-04-12 06:00:00,2.4,90,1.0,0.0,0.0,3.64,21.0,0.0756
2015-04-12 07:00:00,6.0,89,4.3,0.0,0.0,4.05,131.0,0.47159999999999996
2015-04-12 08:00:00,8.4,79,4.9,0.0,0.0,6.17,287.0,1.0332
2015-04-12 09:00:00,10.2,66,4.0,0.0,0.0,7.42,423.0,1.5228
2015-04-12 10:00:00,11.4,61,4.3,0.0,0.0,7.25,547.0,1.9691999999999998
2015-04-12 11:00:00,12.3,59,4.6,0.0,0.0,7.82,597.0,2.1492
2015-04-12 12:00:00,13.3,56,4.7,0.0,0.0,7.94,687.0,2.4732
2015-04-12 13:00:00,13.9,54,4.8,0.0,0.0,8.03,713.0,2.5667999999999997
2015-04-12 14:00:00,14.2,55,5.2,0.0,0.0,7.92,666.0,2.3975999999999997
2015-04-12 15:00:00,14.7,54,5.6,0.0,0.0,7.88,586.0,2.1096
2015-04-12 16:00:00,15.0,54,5.7,0.0,0.0,7.46,454.0,1.6343999999999999
2015-04-12 17:00:00,14.8,54,5.7,0.0,0.0,6.81,293.0,1.0548
2015-04-12 18:00:00,13.9,58,5.8,0.0,0.0,6.13,117.0,0.42119999999999996
2015-04-12 19:00:00,12.5,69,7.0,0.0,0.0,5.86,21.0,0.0756
2015-04-12 20:00:00,11.9,72,7.1,0.0,0.0,5.51,0.0,0.0
2015-04-12 21:00:00,11.6,76,7.6,0.1,0.0,4.18,0.0,0.0
2015-04-12 22:00:00,10.3,80,7.0,0.1,0.0,3.55,0.0,0.0
2015-04-12 23:00:00,8.9,78,5.2,0.0,0.0,3.16,0.0,0.0
2015-04-13 00:00:00,8.0,74,3.6,0.0,0.0,2.6,0.0,0.0
2015-04-13 01:00:00,7.4,71,2.4,0.0,0.0,1.84,0.0,0.0
2015-04-13 02:00:00,7.0,70,2.0,0.0,0.0,1.44,0.0,0.0
2015-04-13 03:00:00,6.7,71,1.9,0.0,0.0,1.14,0.0,0.0
2015-04-13 04:00:00,5.9,79,2.5,0.0,0.0,1.08,0.0,0.0
2015-04-13 05:00:00,4.9,87,3.0,0.0,0.0,1.0,0.0,0.0
2015-04-13 06:00:00,4.7,87,2.7,0.0,0.0,0.94,19.0,0.0684
2015-04-13 07:00:00,6.9,80,3.7,0.0,0.0,1.12,60.0,0.216
2015-04-13 08:00:00,8.0,75,3.8,0.0,0.0,1.35,200.0,0.72
2015-04-13 09:00:00,9.4,72,4.7,0.0,0.0,1.8,302.0,1.0872
2015-04-13 10:00:00,10.9,72,6.0,0.0,0.0,2.1,393.0,1.4148
2015-04-13 11:00:00,12.8,66,6.5,0.0,0.0,2.06,547.0,1.9691999999999998
2015-04-13 12:00:00,13.7,62,6.4,0.0,0.0,2.69,329.0,1.1844
2015-04-13 13:00:00,14.2,60,6.6,0.0,0.0,2.98,281.0,1.0116
2015-04-13 14:00:00,14.8,58,6.7,0.0,0.0,3.34,313.0,1.1268
2015-04-13 15:00:00,15.3,57,6.9,0.0,0.0,3.48,306.0,1.1016
2015-04-13 16:00:00,15.3,60,7.5,0.0,0.0,3.54,267.0,0.9611999999999999
2015-04-13 17:00:00,14.7,65,8.2,0.0,0.0,3.64,201.0,0.7236
2015-04-13 18:00:00,13.5,71,8.4,0.0,0.0,3.85,131.0,0.47159999999999996
2015-04-13 19:00:00,11.6,78,8.0,0.0,0.0,3.64,26.0,0.0936
2015-04-13 20:00:00,10.0,85,7.6,0.0,0.0,3.68,0.0,0.0
2015-04-13 21:00:00,8.8,88,7.0,0.0,0.0,3.35,0.0,0.0
2015-04-13 22:00:00,8.0,90,6.4,0.0,0.0,3.19,0.0,0.0
2015-04-13 23:00:00,7.4,90,5.9,0.0,0.0,3.22,0.0,0.0
2015-04-14 00:00:00,7.0,90,5.5,0.0,0.0,3.34,0.0,0.0
2015-04-14 01:00:00,6.6,91,5.3,0.0,0.0,3.41,0.0,0.0
2015-04-14 02:00:00,6.3,92,5.2,0.0,0.0,3.39,0.0,0.0
2015-04-14 03:00:00,6.1,93,5.1,0.0,0.0,3.4,0.0,0.0
2015-04-14 04:00:00,5.8,94,5.0,0.0,0.0,3.34,0.0,0.0
2015-04-14 05:00:00,5.6,95,4.8,0.0,0.0,3.33,0.0,0.0
2015-04-14 06:00:00,5.9,94,5.0,0.0,0.0,3.58,26.0,0.0936
2015-04-14 07:00:00,8.0,89,6.3,0.0,0.0,3.8,146.0,0.5256
2015-04-14 08:00:00,10.0,82,7.0,0.0,0.0,4.25,285.0,1.026
2015-04-14 09:00:00,12.0,76,7.9,0.0,0.0,4.48,458.0,1.6488
2015-04-14 10:00:00,14.1,70,8.7,0.0,0.0,4.07,604.0,2.1744
2015-04-14 11:00:00,16.0,64,9.1,0.0,0.0,4.39,710.0,2.556
2015-04-14 12:00:00,17.5,58,9.2,0.0,0.0,4.83,758.0,2.7288
2015-04-14 13:00:00,18.5,55,9.3,0.0,0.0,5.16,760.0,2.7359999999999998
2015-04-14 14:00:00,19.1,53,9.2,0.0,0.0,5.16,711.0,2.5596
2015-04-14 15:00:00,19.2,52,9.2,0.0,0.0,5.19,616.0,2.2176
2015-04-14 16:00:00,19.0,53,9.2,0.0,0.0,4.92,485.0,1.746
2015-04-14 17:00:00,18.4,57,9.7,0.0,0.0,4.24,327.0,1.1772
2015-04-14 18:00:00,16.9,64,10.0,0.0,0.0,3.54,164.0,0.5904
2015-04-14 19:00:00,14.7,67,8.5,0.0,0.0,3.11,32.0,0.1152
2015-04-14 20:00:00,12.9,73,8.2,0.0,0.0,3.04,0.0,0.0
2015-04-14 21:00:00,11.5,78,7.8,0.0,0.0,2.91,0.0,0.0
2015-04-14 22:00:00,10.4,82,7.4,0.0,0.0,2.83,0.0,0.0
2015-04-14 23:00:00,9.5,85,7.1,0.0,0.0,3.11,0.0,0.0
2015-04-15 00:00:00,8.7,86,6.6,0.0,0.0,3.12,0.0,0.0
2015-04-15 01:00:00,8.1,88,6.2,0.0,0.0,2.94,0.0,0.0
2015-04-15 02:00:00,7.5,89,5.8,0.0,0.0,2.61,0.0,0.0
2015-04-15 03:00:00,6.9,90,5.4,0.0,0.0,2.39,0.0,0.0
2015-04-15 04:00:00,6.3,91,5.0,0.0,0.0,2.22,0.0,0.0
2015-04-15 05:00:00,5.9,92,4.7,0.0,0.0,2.13,0.0,0.0
2015-04-15 06:00:00,6.3,92,5.0,0.0,0.0,2.4,29.0,0.10439999999999999
2015-04-15 07:00:00,10.5,85,8.1,0.0,0.0,2.48,160.0,0.576
2015-04-15 08:00:00,14.1,74,9.5,0.0,0.0,2.28,323.0,1.1628
2015-04-15 09:00:00,16.7,66,10.4,0.0,0.0,2.61,480.0,1.728
2015-04-15 10:00:00,18.7,59,10.4,0.0,0.0,2.33,613.0,2.2068
2015-04-15 11:00:00,20.1,52,10.0,0.0,0.0,2.8,709.0,2.5524
2015-04-15 12:00:00,21.0,48,9.5,0.0,0.0,3.33,758.0,2.7288
2015-04-15 13:00:00,21.6,45,9.2,0.0,0.0,3.76,759.0,2.7323999999999997
2015-04-15 14:00:00,21.8,44,9.1,0.0,0.0,3.67,710.0,2.556
2015-04-15 15:00:00,21.7,45,9.2,0.0,0.0,3.55,603.0,2.1708
2015-04-15 16:00:00,21.3,47,9.6,0.0,0.0,3.21,477.0,1.7172
2015-04-15 17:00:00,20.4,54,10.7,0.0,0.0,2.53,326.0,1.1736
2015-04-15 18:00:00,18.8,62,11.3,0.0,0.0,1.8,164.0,0.5904
2015-04-15 19:00:00,17.2,64,10.3,0.0,0.0,1.97,32.0,0.1152
2015-04-15 20:00:00,15.2,71,9.9,0.0,0.0,3.2,0.0,0.0
2015-04-15 21:00:00,13.5,76,9.4,0.0,0.0,4.03,0.0,0.0
2015-04-15 22:00:00,11.9,80,8.6,0.0,0.0,4.2,0.0,0.0
2015-04-15 23:00:00,10.5,82,7.6,0.0,0.0,3.94,0.0,0.0
2015-04-16 00:00:00,9.6,84,6.9,0.0,0.0,3.67,0.0,0.0
2015-04-16 01:00:00,8.7,86,6.5,0.0,0.0,3.44,0.0,0.0
2015-04-16 02:00:00,8.1,90,6.5,0.0,0.0,3.22,0.0,0.0
2015-04-16 03:00:00,7.6,92,6.4,0.0,0.0,3.0,0.0,0.0
2015-04-16 04:00:00,7.3,94,6.3,0.0,0.0,3.0,0.0,0.0
2015-04-16 05:00:00,7.0,94,6.2,0.0,0.0,3.05,0.0,0.0
2015-04-16 06:00:00,7.3,94,6.4,0.0,0.0,3.4,29.0,0.10439999999999999
2015-04-16 07:00:00,9.0,86,6.8,0.0,0.0,3.73,151.0,0.5436
2015-04-16 08:00:00,10.8,78,7.1,0.0,0.0,4.14,319.0,1.1483999999999999
2015-04-16 09:00:00,12.3,72,7.3,0.0,0.0,4.37,471.0,1.6956
2015-04-16 10:00:00,13.6,66,7.4,0.0,0.0,4.34,603.0,2.1708
2015-04-16 11:00:00,14.4,63,7.3,0.0,0.0,4.14,679.0,2.4444
2015-04-16 12:00:00,15.0,60,7.3,0.0,0.0,4.13,751.0,2.7036
2015-04-16 13:00:00,15.4,58,7.1,0.0,0.0,4.3,747.0,2.6892
2015-04-16 14:00:00,15.4,56,6.7,0.0,0.0,4.46,699.0,2.5164
2015-04-16 15:00:00,14.8,56,6.1,0.0,0.0,4.84,573.0,2.0627999999999997
2015-04-16 16:00:00,13.9,57,5.4,0.0,0.0,5.1,459.0,1.6523999999999999
2015-04-16 17:00:00,12.5,58,4.4,0.0,0.0,5.24,273.0,0.9828
2015-04-16 18:00:00,11.0,62,3.9,0.0,0.0,4.59,133.0,0.4788
2015-04-16 19:00:00,9.7,63,3.0,0.0,0.0,4.08,33.0,0.1188
2015-04-16 20:00:00,8.7,67,2.8,0.0,0.0,4.12,0.0,0.0
2015-04-16 21:00:00,8.3,67,2.6,0.0,0.0,4.36,0.0,0.0
2015-04-16 22:00:00,8.1,67,2.2,0.0,0.0,4.16,0.0,0.0
2015-04-16 23:00:00,7.7,67,2.0,0.0,0.0,4.7,0.0,0.0
2015-04-17 00:00:00,7.6,67,2.0,0.0,0.0,4.46,0.0,0.0
2015-04-17 01:00:00,7.2,70,2.2,0.0,0.0,4.4,0.0,0.0
2015-04-17 02:00:00,6.9,73,2.4,0.0,0.0,4.43,0.0,0.0
2015-04-17 03:00:00,6.6,75,2.4,0.0,0.0,4.74,0.0,0.0
2015-04-17 04:00:00,6.4,76,2.5,0.0,0.0,5.01,0.0,0.0
2015-04-17 05:00:00,6.2,77,2.5,0.0,0.0,5.06,0.0,0.0
2015-04-17 06:00:00,6.5,77,2.7,0.0,0.0,4.83,32.0,0.1152
2015-04-17 07:00:00,8.0,74,3.7,0.0,0.0,5.01,161.0,0.5796
2015-04-17 08:00:00,9.3,65,3.2,0.0,0.0,5.82,298.0,1.0728
2015-04-17 09:00:00,10.4,58,2.4,0.0,0.0,6.11,446.0,1.6056
2015-04-17 10:00:00,11.2,54,2.1,0.0,0.0,5.66,554.0,1.9944
2015-04-17 11:00:00,11.9,52,2.4,0.0,0.0,6.07,668.0,2.4048
2015-04-17 12:00:00,12.4,52,2.7,0.0,0.0,6.04,718.0,2.5848
2015-04-17 13:00:00,12.4,52,2.9,0.0,0.0,5.85,661.0,2.3796
2015-04-17 14:00:00,12.4,53,3.0,0.0,0.0,5.7,597.0,2.1492
2015-04-17 15:00:00,12.1,54,3.2,0.0,0.0,5.5,487.0,1.7531999999999999
2015-04-17 16:00:00,11.7,57,3.4,0.0,0.0,5.5,355.0,1.278
2015-04-17 17:00:00,11.1,59,3.5,0.0,0.0,5.33,250.0,0.9
2015-04-17 18:00:00,10.2,64,3.8,0.0,0.0,4.92,111.0,0.3996
2015-04-17 19:00:00,9.1,69,3.7,0.0,0.0,4.96,24.0,0.0864
2015-04-17 20:00:00,8.1,74,3.7,0.0,0.0,5.16,0.0,0.0
2015-04-17 21:00:00,7.5,76,3.4,0.0,0.0,5.27,0.0,0.0
2015-04-17 22:00:00,6.8,76,2.8,0.0,0.0,5.22,0.0,0.0
2015-04-17 23:00:00,6.3,74,2.0,0.0,0.0,5.66,0.0,0.0
2015-04-18 00:00:00,5.9,74,1.7,0.0,0.0,5.52,0.0,0.0
2015-04-18 01:00:00,5.9,74,1.6,0.0,0.0,5.39,0.0,0.0
2015-04-18 02:00:00,5.7,75,1.7,0.0,0.0,5.51,0.0,0.0
2015-04-18 03:00:00,5.4,79,2.0,0.0,0.0,4.97,0.0,0.0
2015-04-18 04:00:00,5.1,83,2.4,0.0,0.0,4.58,0.0,0.0
2015-04-18 05:00:00,4.7,87,2.8,0.0,0.0,4.52,0.0,0.0
2015-04-18 06:00:00,5.0,89,3.3,0.0,0.0,4.7,39.0,0.1404
2015-04-18 07:00:00,6.7,81,3.7,0.0,0.0,5.82,157.0,0.5652
2015-04-18 08:00:00,8.2,72,3.4,0.0,0.0,6.26,299.0,1.0764
2015-04-18 09:00:00,9.5,65,3.3,0.0,0.0,6.43,449.0,1.6164
2015-04-18 10:00:00,10.9,58,3.0,0.0,0.0,5.69,554.0,1.9944
2015-04-18 11:00:00,11.9,57,3.5,0.0,0.0,5.79,698.0,2.5128
2015-04-18 12:00:00,12.6,55,3.8,0.0,0.0,6.02,764.0,2.7504
2015-04-18 13:00:00,13.0,53,3.6,0.0,0.0,6.43,783.0,2.8188
2015-04-18 14:00:00,13.0,51,3.2,0.0,0.0,6.65,714.0,2.5704
2015-04-18 15:00:00,12.8,50,2.7,0.0,0.0,6.69,642.0,2.3112
2015-04-18 16:00:00,12.3,50,2.2,0.0,0.0,6.5,510.0,1.8359999999999999
2015-04-18 17:00:00,11.6,53,2.3,0.0,0.0,6.18,352.0,1.2671999999999999
2015-04-18 18:00:00,10.6,60,3.2,0.0,0.0,5.23,185.0,0.666
2015-04-18 19:00:00,9.1,64,2.6,0.0,0.0,4.89,43.0,0.1548
2015-04-18 20:00:00,7.7,71,2.9,0.0,0.0,5.02,0.0,0.0
2015-04-18 21:00:00,6.6,76,2.8,0.0,0.0,4.98,0.0,0.0
2015-04-18 22:00:00,5.7,80,2.5,0.0,0.0,4.61,0.0,0.0
2015-04-18 23:00:00,4.9,84,2.4,0.0,0.0,4.39,0.0,0.0
2015-04-19 00:00:00,4.2,88,2.4,0.0,0.0,4.19,0.0,0.0
2015-04-19 01:00:00,3.7,91,2.4,0.0,0.0,4.22,0.0,0.0
2015-04-19 02:00:00,3.4,92,2.2,0.0,0.0,4.1,0.0,0.0
2015-04-19 03:00:00,3.0,93,1.9,0.0,0.0,3.69,0.0,0.0
2015-04-19 04:00:00,2.8,92,1.7,0.0,0.0,3.58,0.0,0.0
2015-04-19 05:00:00,2.5,92,1.4,0.0,0.0,3.67,0.0,0.0
2015-04-19 06:00:00,3.3,89,1.7,0.0,0.0,3.89,40.0,0.144
2015-04-19 07:00:00,5.2,74,1.0,0.0,0.0,5.22,141.0,0.5075999999999999
2015-04-19 08:00:00,6.2,69,0.9,0.0,0.0,4.7,211.0,0.7595999999999999
2015-04-19 09:00:00,7.5,65,1.2,0.0,0.0,4.64,365.0,1.314
2015-04-19 10:00:00,8.5,61,1.5,0.0,0.0,4.22,450.0,1.6199999999999999
2015-04-19 11:00:00,9.4,59,1.9,0.0,0.0,3.88,488.0,1.7568
2015-04-19 12:00:00,9.8,59,2.3,0.0,0.0,3.94,404.0,1.4544
2015-04-19 13:00:00,10.3,59,2.6,0.0,0.0,3.71,361.0,1.2995999999999999
2015-04-19 14:00:00,10.1,62,3.3,0.0,0.0,3.53,266.0,0.9576
2015-04-19 15:00:00,10.4,61,3.3,0.0,0.0,3.62,248.0,0.8927999999999999
2015-04-19 16:00:00,10.7,60,3.3,0.0,0.0,3.5,271.0,0.9756
2015-04-19 17:00:00,10.8,60,3.3,0.0,0.0,3.52,203.0,0.7308
2015-04-19 18:00:00,10.6,61,3.5,0.0,0.0,2.84,141.0,0.5075999999999999
2015-04-19 19:00:00,10.0,63,3.3,0.0,0.0,2.27,30.0,0.108
2015-04-19 20:00:00,9.1,69,3.7,0.0,0.0,2.3,0.0,0.0
2015-04-19 21:00:00,8.3,74,4.0,0.0,0.0,2.15,0.0,0.0
2015-04-19 22:00:00,7.4,80,4.1,0.0,0.0,2.24,0.0,0.0
2015-04-19 23:00:00,6.2,87,4.2,0.0,0.0,2.1,0.0,0.0
2015-04-20 00:00:00,5.1,92,3.8,0.0,0.0,2.19,0.0,0.0
2015-04-20 01:00:00,4.0,94,3.2,0.0,0.0,2.06,0.0,0.0
2015-04-20 02:00:00,3.2,96,2.6,0.0,0.0,2.27,0.0,0.0
2015-04-20 03:00:00,2.6,98,2.3,0.0,0.0,2.48,0.0,0.0
2015-04-20 04:00:00,2.5,98,2.2,0.0,0.0,2.69,0.0,0.0
2015-04-20 05:00:00,2.6,97,2.2,0.0,0.0,3.34,0.0,0.0
2015-04-20 06:00:00,3.8,96,3.1,0.0,0.0,3.91,44.0,0.15839999999999999
2015-04-20 07:00:00,6.2,88,4.3,0.0,0.0,3.56,182.0,0.6552
2015-04-20 08:00:00,8.6,79,5.1,0.0,0.0,3.76,351.0,1.2636
2015-04-20 09:00:00,10.8,72,5.9,0.0,0.0,4.24,515.0,1.8539999999999999
2015-04-20 10:00:00,12.7,66,6.5,0.0,0.0,4.0,646.0,2.3256
2015-04-20 11:00:00,14.3,60,6.5,0.0,0.0,4.34,739.0,2.6604
2015-04-20 12:00:00,15.4,54,6.1,0.0,0.0,4.55,786.0,2.8296
2015-04-20 13:00:00,16.0,51,5.8,0.0,0.0,4.27,788.0,2.8367999999999998
2015-04-20 14:00:00,16.3,48,5.4,0.0,0.0,4.11,735.0,2.646
2015-04-20 15:00:00,16.1,48,5.2,0.0,0.0,3.96,624.0,2.2464
2015-04-20 16:00:00,15.4,51,5.3,0.0,0.0,3.94,490.0,1.764
2015-04-20 17:00:00,14.4,55,5.4,0.0,0.0,3.96,347.0,1.2491999999999999
2015-04-20 18:00:00,13.0,61,5.6,0.0,0.0,3.32,188.0,0.6768
2015-04-20 19:00:00,11.1,63,4.3,0.0,0.0,2.69,48.0,0.1728
2015-04-20 20:00:00,9.3,71,4.2,0.0,0.0,2.85,0.0,0.0
2015-04-20 21:00:00,7.9,77,4.1,0.0,0.0,3.09,0.0,0.0
2015-04-20 22:00:00,6.7,82,3.9,0.0,0.0,3.0,0.0,0.0
2015-04-20 23:00:00,5.7,86,3.6,0.0,0.0,3.0,0.0,0.0
2015-04-21 00:00:00,4.8,89,3.1,0.0,0.0,3.11,0.0,0.0
2015-04-21 01:00:00,4.1,89,2.5,0.0,0.0,3.22,0.0,0.0
2015-04-21 02:00:00,3.6,90,2.1,0.0,0.0,3.33,0.0,0.0
2015-04-21 03:00:00,3.1,91,1.8,0.0,0.0,3.36,0.0,0.0
2015-04-21 04:00:00,2.8,91,1.5,0.0,0.0,3.36,0.0,0.0
2015-04-21 05:00:00,2.8,91,1.6,0.0,0.0,3.24,0.0,0.0
2015-04-21 06:00:00,3.5,90,2.0,0.0,0.0,3.44,50.0,0.18
2015-04-21 07:00:00,6.6,78,2.9,0.0,0.0,3.28,195.0,0.702
2015-04-21 08:00:00,9.0,67,3.2,0.0,0.0,3.61,364.0,1.3104
2015-04-21 09:00:00,11.0,60,3.5,0.0,0.0,4.11,525.0,1.89
2015-04-21 10:00:00,12.6,55,3.8,0.0,0.0,3.82,657.0,2.3651999999999997
2015-04-21 11:00:00,13.9,51,4.0,0.0,0.0,4.03,751.0,2.7036
2015-04-21 12:00:00,14.9,49,4.3,0.0,0.0,4.24,800.0,2.88
2015-04-21 13:00:00,15.6,48,4.6,0.0,0.0,4.32,798.0,2.8728
2015-04-21 14:00:00,16.0,48,4.8,0.0,0.0,4.4,747.0,2.6892
2015-04-21 15:00:00,16.0,48,5.0,0.0,0.0,4.48,650.0,2.34
2015-04-21 16:00:00,15.6,51,5.4,0.0,0.0,4.56,517.0,1.8612
2015-04-21 17:00:00,14.7,54,5.6,0.0,0.0,4.64,357.0,1.2852
2015-04-21 18:00:00,13.5,60,6.0,0.0,0.0,4.16,188.0,0.6768
2015-04-21 19:00:00,11.8,62,4.8,0.0,0.0,3.94,51.0,0.18359999999999999
2015-04-21 20:00:00,10.1,68,4.5,0.0,0.0,4.36,0.0,0.0
2015-04-21 21:00:00,8.9,72,4.2,0.0,0.0,4.7,0.0,0.0
2015-04-21 22:00:00,7.9,74,3.6,0.0,0.0,4.86,0.0,0.0
2015-04-21 23:00:00,7.0,77,3.2,0.0,0.0,4.66,0.0,0.0
2015-04-22 00:00:00,6.3,80,3.2,0.0,0.0,4.38,0.0,0.0
2015-04-22 01:00:00,5.7,84,3.3,0.0,0.0,4.16,0.0,0.0
2015-04-22 02:00:00,5.3,88,3.4,0.0,0.0,3.98,0.0,0.0
2015-04-22 03:00:00,4.8,90,3.3,0.0,0.0,3.61,0.0,0.0
2015-04-22 04:00:00,4.4,92,3.1,0.0,0.0,3.39,0.0,0.0
2015-04-22 05:00:00,4.1,92,2.9,0.0,0.0,3.32,0.0,0.0
2015-04-22 06:00:00,4.9,91,3.5,0.0,0.0,3.82,54.0,0.1944
2015-04-22 07:00:00,7.2,83,4.5,0.0,0.0,4.1,195.0,0.702
2015-04-22 08:00:00,9.1,73,4.5,0.0,0.0,4.92,365.0,1.314
2015-04-22 09:00:00,10.6,66,4.6,0.0,0.0,5.49,514.0,1.8504
2015-04-22 10:00:00,12.0,64,5.4,0.0,0.0,5.28,655.0,2.358
2015-04-22 11:00:00,13.0,63,6.2,0.0,0.0,5.77,750.0,2.6999999999999997
2015-04-22 12:00:00,13.5,63,6.6,0.0,0.0,5.96,758.0,2.7288
2015-04-22 13:00:00,13.6,63,6.6,0.0,0.0,6.41,718.0,2.5848
2015-04-22 14:00:00,13.5,62,6.5,0.0,0.0,6.36,631.0,2.2716
2015-04-22 15:00:00,13.3,63,6.3,0.0,0.0,6.13,473.0,1.7027999999999999
2015-04-22 16:00:00,12.9,63,6.0,0.0,0.0,5.91,344.0,1.2384
2015-04-22 17:00:00,12.4,64,5.8,0.0,0.0,5.59,210.0,0.756
2015-04-22 18:00:00,11.8,68,6.0,0.0,0.0,5.06,97.0,0.3492
2015-04-22 19:00:00,10.7,73,6.2,0.0,0.0,3.76,43.0,0.1548
2015-04-22 20:00:00,9.3,82,6.3,0.0,0.0,3.31,0.0,0.0
2015-04-22 21:00:00,8.2,88,6.4,0.0,0.0,3.14,0.0,0.0
2015-04-22 22:00:00,7.3,93,6.2,0.0,0.0,2.44,0.0,0.0
2015-04-22 23:00:00,6.8,94,5.9,0.0,0.0,2.47,0.0,0.0
2015-04-23 00:00:00,6.6,95,5.8,0.0,0.0,2.46,0.0,0.0
2015-04-23 01:00:00,6.6,94,5.8,0.0,0.0,2.77,0.0,0.0
2015-04-23 02:00:00,6.8,88,5.0,0.0,0.0,2.95,0.0,0.0
2015-04-23 03:00:00,6.6,87,4.6,0.0,0.0,3.1,0.0,0.0
2015-04-23 04:00:00,6.5,85,4.1,0.0,0.0,3.01,0.0,0.0
2015-04-23 05:00:00,6.3,84,3.8,0.0,0.0,3.05,0.0,0.0
2015-04-23 06:00:00,6.3,83,3.5,0.0,0.0,3.05,27.0,0.0972
2015-04-23 07:00:00,6.6,81,3.5,0.0,0.0,2.79,71.0,0.2556
2015-04-23 08:00:00,7.3,77,3.4,0.0,0.0,2.56,189.0,0.6804
2015-04-23 09:00:00,8.0,73,3.5,0.0,0.0,2.44,281.0,1.0116
2015-04-23 10:00:00,9.2,69,3.8,0.0,0.0,1.77,452.0,1.6272
2015-04-23 11:00:00,10.4,65,4.1,0.0,0.0,1.55,600.0,2.16
2015-04-23 12:00:00,11.7,63,4.9,0.0,0.0,1.4,703.0,2.5307999999999997
2015-04-23 13:00:00,12.7,61,5.4,0.0,0.0,1.2,778.0,2.8007999999999997
2015-04-23 14:00:00,13.6,59,5.8,0.0,0.0,1.12,754.0,2.7144
2015-04-23 15:00:00,14.1,58,6.0,0.0,0.0,0.94,659.0,2.3724
2015-04-23 16:00:00,14.2,58,6.0,0.0,0.0,0.94,525.0,1.89
2015-04-23 17:00:00,14.0,59,6.0,0.0,0.0,0.98,366.0,1.3175999999999999
2015-04-23 18:00:00,13.4,62,6.2,0.0,0.0,0.89,200.0,0.72
2015-04-23 19:00:00,12.7,66,6.5,0.0,0.0,1.92,56.0,0.2016
2015-04-23 20:00:00,10.6,76,6.5,0.0,0.0,2.16,0.0,0.0
2015-04-23 21:00:00,8.9,84,6.4,0.0,0.0,1.93,0.0,0.0
2015-04-23 22:00:00,7.6,90,6.1,0.0,0.0,1.65,0.0,0.0
2015-04-23 23:00:00,6.6,93,5.6,0.0,0.0,1.91,0.0,0.0
2015-04-24 00:00:00,5.9,95,5.2,0.0,0.0,2.21,0.0,0.0
2015-04-24 01:00:00,5.3,96,4.8,0.0,0.0,2.25,0.0,0.0
2015-04-24 02:00:00,4.6,97,4.2,0.0,0.0,1.79,0.0,0.0
2015-04-24 03:00:00,4.1,98,3.8,0.0,0.0,1.66,0.0,0.0
2015-04-24 04:00:00,3.5,99,3.4,0.0,0.0,1.92,0.0,0.0
2015-04-24 05:00:00,3.3,99,3.1,0.0,0.0,1.77,0.0,0.0
2015-04-24 06:00:00,4.8,96,4.2,0.0,0.0,1.98,58.0,0.20879999999999999
2015-04-24 07:00:00,8.0,89,6.3,0.0,0.0,1.92,168.0,0.6048
2015-04-24 08:00:00,10.5,78,6.9,0.0,0.0,2.64,326.0,1.1736
2015-04-24 09:00:00,12.3,68,6.6,0.0,0.0,3.25,413.0,1.4868
2015-04-24 10:00:00,13.8,61,6.4,0.0,0.0,3.19,465.0,1.674
2015-04-24 11:00:00,14.6,57,6.3,0.0,0.0,3.82,505.0,1.818
2015-04-24 12:00:00,15.1,58,7.0,0.0,0.0,4.1,558.0,2.0088
2015-04-24 13:00:00,16.0,60,8.3,0.0,0.0,4.33,578.0,2.0808
2015-04-24 14:00:00,16.7,59,8.6,0.0,0.0,5.2,502.0,1.8072
2015-04-24 15:00:00,16.3,59,8.4,0.0,0.0,5.19,373.0,1.3428
2015-04-24 16:00:00,15.8,59,7.9,0.0,0.0,5.13,309.0,1.1124
2015-04-24 17:00:00,15.5,58,7.3,0.0,0.0,4.91,284.0,1.0224
2015-04-24 18:00:00,14.7,60,7.0,0.0,0.0,4.31,149.0,0.5364
2015-04-24 19:00:00,13.3,68,7.6,0.0,0.0,4.64,47.0,0.1692
2015-04-24 20:00:00,11.8,79,8.3,0.0,0.0,5.06,0.0,0.0
2015-04-24 21:00:00,11.1,85,8.7,0.0,0.0,4.97,0.0,0.0
2015-04-24 22:00:00,10.9,87,8.8,0.3,0.0,4.2,0.0,0.0
2015-04-24 23:00:00,10.6,89,8.9,0.4,0.0,4.12,0.0,0.0
2015-04-25 00:00:00,10.4,91,9.0,0.5,0.0,4.05,0.0,0.0
2015-04-25 01:00:00,10.2,94,9.3,0.4,0.0,4.0,0.0,0.0
2015-04-25 02:00:00,10.2,94,9.3,0.2,0.0,4.03,0.0,0.0
2015-04-25 03:00:00,10.2,94,9.3,0.0,0.0,4.03,0.0,0.0
2015-04-25 04:00:00,10.2,94,9.3,0.0,0.0,3.94,0.0,0.0
2015-04-25 05:00:00,10.2,94,9.3,0.0,0.0,3.81,0.0,0.0
2015-04-25 06:00:00,10.4,94,9.5,0.0,0.0,3.81,26.0,0.0936
2015-04-25 07:00:00,10.8,96,10.2,0.2,0.0,4.64,36.0,0.1296
2015-04-25 08:00:00,10.8,97,10.4,0.2,0.0,4.38,42.0,0.1512
2015-04-25 09:00:00,11.2,95,10.4,0.0,0.0,5.0,123.0,0.44279999999999997
2015-04-25 10:00:00,12.4,88,10.4,0.0,0.0,3.97,225.0,0.8099999999999999
2015-04-25 11:00:00,14.0,75,9.7,0.1,0.0,5.1,412.0,1.4831999999999999
2015-04-25 12:00:00,15.4,62,8.1,0.0,0.0,5.75,549.0,1.9764
2015-04-25 13:00:00,16.5,54,7.2,0.0,0.0,6.11,677.0,2.4372
2015-04-25 14:00:00,16.9,51,6.8,0.0,0.0,6.26,638.0,2.2967999999999997
2015-04-25 15:00:00,17.0,50,6.6,0.0,0.0,6.08,540.0,1.944
2015-04-25 16:00:00,16.5,53,6.8,0.0,0.0,5.44,361.0,1.2995999999999999
2015-04-25 17:00:00,15.8,57,7.4,0.0,0.0,4.81,231.0,0.8316
2015-04-25 18:00:00,14.6,66,8.2,0.1,0.0,4.46,127.0,0.4572
2015-04-25 19:00:00,12.8,80,9.4,0.4,0.0,3.91,31.0,0.11159999999999999
2015-04-25 20:00:00,11.8,87,9.8,0.8,0.0,3.38,0.0,0.0
2015-04-25 21:00:00,11.1,93,10.0,0.8,0.0,2.88,0.0,0.0
2015-04-25 22:00:00,10.7,95,9.9,0.8,0.0,2.28,0.0,0.0
2015-04-25 23:00:00,10.7,96,10.1,0.9,0.0,1.92,0.0,0.0
2015-04-26 00:00:00,10.6,96,10.0,0.6,0.0,1.42,0.0,0.0
2015-04-26 01:00:00,10.5,97,10.1,0.3,0.0,1.22,0.0,0.0
2015-04-26 02:00:00,10.2,98,9.9,0.5,0.0,1.28,0.0,0.0
2015-04-26 03:00:00,9.8,98,9.5,0.5,0.0,2.33,0.0,0.0
2015-04-26 04:00:00,9.1,97,8.7,0.3,0.0,3.03,0.0,0.0
2015-04-26 05:00:00,8.4,97,7.9,0.2,0.0,3.69,0.0,0.0
2015-04-26 06:00:00,7.8,95,7.0,0.0,0.0,4.02,9.0,0.0324
2015-04-26 07:00:00,7.4,95,6.6,0.2,0.0,3.9,34.0,0.1224
2015-04-26 08:00:00,7.5,93,6.5,0.2,0.0,3.89,93.0,0.3348
2015-04-26 09:00:00,7.7,87,5.7,0.1,0.0,4.19,106.0,0.3816
2015-04-26 10:00:00,8.1,83,5.4,0.0,0.0,3.42,126.0,0.4536
2015-04-26 11:00:00,9.1,77,5.2,0.0,0.0,3.26,249.0,0.8964
2015-04-26 12:00:00,9.9,72,5.0,0.0,0.0,3.51,277.0,0.9972
2015-04-26 13:00:00,10.1,70,4.8,0.0,0.0,3.55,218.0,0.7847999999999999
2015-04-26 14:00:00,10.2,68,4.6,0.0,0.0,3.67,185.0,0.666
2015-04-26 15:00:00,10.3,67,4.3,0.0,0.0,3.49,140.0,0.504
2015-04-26 16:00:00,10.4,64,4.0,0.0,0.0,3.49,144.0,0.5184
2015-04-26 17:00:00,10.4,62,3.5,0.0,0.0,3.0,110.0,0.39599999999999996
2015-04-26 18:00:00,10.3,61,3.2,0.0,0.0,2.78,82.0,0.2952
2015-04-26 19:00:00,9.3,70,4.1,0.0,0.0,1.66,56.0,0.2016
2015-04-26 20:00:00,7.9,78,4.3,0.0,0.0,2.1,1.0,0.0036
2015-04-26 21:00:00,6.5,85,4.1,0.0,0.0,1.96,0.0,0.0
2015-04-26 22:00:00,5.6,87,3.6,0.0,0.0,1.9,0.0,0.0
2015-04-26 23:00:00,4.6,90,3.0,0.0,0.0,2.67,0.0,0.0
2015-04-27 00:00:00,4.4,90,2.9,0.0,0.0,2.85,0.0,0.0
2015-04-27 01:00:00,4.7,85,2.4,0.0,0.0,3.54,0.0,0.0
2015-04-27 02:00:00,4.5,80,1.3,0.0,0.0,3.96,0.0,0.0
2015-04-27 03:00:00,3.7,78,0.2,0.0,0.0,3.72,0.0,0.0
2015-04-27 04:00:00,3.0,77,-0.6,0.0,0.0,3.51,0.0,0.0
2015-04-27 05:00:00,2.5,79,-0.7,0.0,0.0,3.3,1.0,0.0036
2015-04-27 06:00:00,3.2,79,-0.1,0.0,0.0,3.1,72.0,0.2592
2015-04-27 07:00:00,5.1,77,1.4,0.0,0.0,3.08,220.0,0.7919999999999999
2015-04-27 08:00:00,6.8,73,2.3,0.0,0.0,2.86,384.0,1.3824
2015-04-27 09:00:00,8.3,64,2.0,0.0,0.0,2.44,538.0,1.9367999999999999
2015-04-27 10:00:00,9.3,58,1.4,0.1,0.0,1.77,633.0,2.2788
2015-04-27 11:00:00,10.0,51,0.4,0.0,0.0,1.6,619.0,2.2284
2015-04-27 12:00:00,10.7,47,-0.3,0.0,0.0,1.52,642.0,2.3112
2015-04-27 13:00:00,11.1,44,-0.7,0.0,0.0,1.35,567.0,2.0412
2015-04-27 14:00:00,11.2,43,-0.8,0.0,0.0,1.39,444.0,1.5984
2015-04-27 15:00:00,11.7,42,-0.7,0.1,0.0,1.81,467.0,1.6812
2015-04-27 16:00:00,11.7,42,-0.8,0.0,0.0,2.45,354.0,1.2744
2015-04-27 17:00:00,11.5,42,-1.0,0.0,0.0,2.56,259.0,0.9324
2015-04-27 18:00:00,11.0,45,-0.6,0.0,0.0,2.19,157.0,0.5652
2015-04-27 19:00:00,10.2,47,-0.6,0.0,0.0,2.51,54.0,0.1944
2015-04-27 20:00:00,8.6,53,-0.4,0.0,0.0,3.92,1.0,0.0036
2015-04-27 21:00:00,7.5,59,-0.1,0.0,0.0,4.77,0.0,0.0
2015-04-27 22:00:00,6.7,65,0.5,0.0,0.0,4.14,0.0,0.0
2015-04-27 23:00:00,6.1,69,0.9,0.0,0.0,3.79,0.0,0.0
2015-04-28 00:00:00,5.3,74,1.0,0.0,0.0,4.03,0.0,0.0
2015-04-28 01:00:00,4.6,78,1.1,0.0,0.0,4.39,0.0,0.0
2015-04-28 02:00:00,4.2,81,1.3,0.0,0.0,4.43,0.0,0.0
2015-04-28 03:00:00,3.8,84,1.3,0.0,0.0,4.31,0.0,0.0
2015-04-28 04:00:00,3.4,85,1.0,0.0,0.0,4.21,0.0,0.0
2015-04-28 05:00:00,3.1,82,0.4,0.0,0.0,4.11,2.0,0.0072
2015-04-28 06:00:00,3.9,76,0.0,0.0,0.0,4.13,77.0,0.2772
2015-04-28 07:00:00,5.4,72,0.7,0.0,0.0,4.71,228.0,0.8208
2015-04-28 08:00:00,6.9,63,0.3,0.0,0.0,5.2,398.0,1.4327999999999999
2015-04-28 09:00:00,8.1,52,-1.2,0.0,0.0,5.61,558.0,2.0088
2015-04-28 10:00:00,9.1,45,-2.1,0.0,0.0,5.2,641.0,2.3076
2015-04-28 11:00:00,10.0,41,-2.6,0.0,0.0,5.61,753.0,2.7108
2015-04-28 12:00:00,11.1,35,-3.6,0.0,0.0,6.02,772.0,2.7792
2015-04-28 13:00:00,12.0,32,-4.1,0.0,0.0,6.03,723.0,2.6028
2015-04-28 14:00:00,12.3,32,-3.8,0.0,0.0,5.98,651.0,2.3436
2015-04-28 15:00:00,12.4,33,-3.5,0.0,0.0,5.99,540.0,1.944
2015-04-28 16:00:00,11.9,35,-3.2,0.0,0.0,5.69,404.0,1.4544
2015-04-28 17:00:00,11.3,37,-2.8,0.0,0.0,5.46,263.0,0.9468
2015-04-28 18:00:00,10.7,41,-2.0,0.0,0.0,4.77,196.0,0.7056
2015-04-28 19:00:00,9.7,47,-1.2,0.0,0.0,4.46,58.0,0.20879999999999999
2015-04-28 20:00:00,8.6,53,-0.5,0.0,0.0,4.46,1.0,0.0036
2015-04-28 21:00:00,7.9,59,0.4,0.0,0.0,4.48,0.0,0.0
2015-04-28 22:00:00,7.3,65,1.1,0.0,0.0,4.1,0.0,0.0
2015-04-28 23:00:00,6.7,70,1.7,0.0,0.0,4.02,0.0,0.0
2015-04-29 00:00:00,6.3,74,2.0,0.0,0.0,3.91,0.0,0.0
2015-04-29 01:00:00,6.2,75,2.0,0.0,0.0,4.17,0.0,0.0
2015-04-29 02:00:00,6.3,73,1.9,0.0,0.0,4.48,0.0,0.0
2015-04-29 03:00:00,6.5,72,1.9,0.0,0.0,4.93,0.0,0.0
2015-04-29 04:00:00,6.5,74,2.2,0.0,0.0,5.19,0.0,0.0
2015-04-29 05:00:00,6.7,75,2.5,0.0,0.0,5.52,1.0,0.0036
2015-04-29 06:00:00,7.2,73,2.8,0.0,0.0,5.83,41.0,0.1476
2015-04-29 07:00:00,8.2,78,4.6,0.0,0.0,6.2,117.0,0.42119999999999996
2015-04-29 08:00:00,9.4,72,4.6,0.0,0.0,8.22,204.0,0.7343999999999999
2015-04-29 09:00:00,10.2,75,6.0,0.2,0.0,7.32,263.0,0.9468
2015-04-29 10:00:00,10.9,77,7.1,0.4,0.0,6.19,324.0,1.1663999999999999
2015-04-29 11:00:00,10.7,78,7.1,1.7,0.0,6.2,282.0,1.0151999999999999
2015-04-29 12:00:00,10.5,76,6.4,1.4,0.0,5.32,478.0,1.7207999999999999
2015-04-29 13:00:00,10.4,69,5.0,0.3,0.0,5.19,473.0,1.7027999999999999
2015-04-29 14:00:00,10.8,63,4.0,0.1,0.0,5.07,367.0,1.3212
2015-04-29 15:00:00,12.1,53,2.8,0.0,0.0,5.03,578.0,2.0808
2015-04-29 16:00:00,12.5,46,1.2,0.0,0.0,5.31,515.0,1.8539999999999999
2015-04-29 17:00:00,12.2,42,-0.5,0.0,0.0,5.09,360.0,1.296
2015-04-29 18:00:00,11.4,45,-0.1,0.0,0.0,4.4,217.0,0.7812
2015-04-29 19:00:00,9.9,54,1.1,0.0,0.0,4.03,72.0,0.2592
2015-04-29 20:00:00,8.4,59,0.9,0.0,0.0,3.81,2.0,0.0072
2015-04-29 21:00:00,7.4,64,1.1,0.0,0.0,3.62,0.0,0.0
2015-04-29 22:00:00,6.4,70,1.3,0.0,0.0,3.4,0.0,0.0
2015-04-29 23:00:00,5.6,75,1.4,0.0,0.0,3.97,0.0,0.0
2015-04-30 00:00:00,5.0,78,1.4,0.0,0.0,4.0,0.0,0.0
2015-04-30 01:00:00,4.7,79,1.4,0.0,0.0,4.2,0.0,0.0
2015-04-30 02:00:00,4.6,80,1.4,0.0,0.0,4.42,0.0,0.0
2015-04-30 03:00:00,4.5,81,1.5,0.0,0.0,4.28,0.0,0.0
2015-04-30 04:00:00,4.2,83,1.6,0.0,0.0,4.11,0.0,0.0
2015-04-30 05:00:00,4.2,84,1.8,0.0,0.0,4.18,3.0,0.0108
2015-04-30 06:00:00,5.5,81,2.5,0.0,0.0,4.24,76.0,0.2736
2015-04-30 07:00:00,7.1,81,4.0,0.0,0.0,4.9,228.0,0.8208
2015-04-30 08:00:00,8.9,71,3.8,0.0,0.0,5.87,391.0,1.4076
2015-04-30 09:00:00,10.0,60,2.6,0.0,0.0,6.33,447.0,1.6092
2015-04-30 10:00:00,11.1,52,1.7,0.1,0.0,4.66,584.0,2.1024
2015-04-30 11:00:00,11.8,50,1.8,0.2,0.0,4.37,696.0,2.5056
2015-04-30 12:00:00,12.5,49,2.1,0.0,0.0,4.37,689.0,2.4804
2015-04-30 13:00:00,13.1,49,2.5,0.1,0.0,4.34,753.0,2.7108
2015-04-30 14:00:00,13.5,48,2.7,0.0,0.0,4.01,685.0,2.4659999999999997
2015-04-30 15:00:00,13.6,48,2.9,0.0,0.0,3.86,646.0,2.3256
2015-04-30 16:00:00,13.3,49,2.7,0.0,0.0,3.67,480.0,1.728
2015-04-30 17:00:00,12.1,53,2.8,0.3,0.0,3.47,334.0,1.2024
2015-04-30 18:00:00,11.6,53,2.5,0.0,0.0,2.83,186.0,0.6696
2015-04-30 19:00:00,10.5,59,2.8,0.0,0.0,2.52,65.0,0.23399999999999999
2015-04-30 20:00:00,8.9,67,3.2,0.0,0.0,3.36,2.0,0.0072
2015-04-30 21:00:00,7.8,76,3.8,0.0,0.0,3.48,0.0,0.0
2015-04-30 22:00:00,6.6,83,3.9,0.0,0.0,3.26,0.0,0.0
2015-04-30 23:00:00,5.8,87,3.8,0.0,0.0,3.55,0.0,0.0
2015-05-01 00:00:00,5.4,88,3.5,0.0,0.0,3.84,0.0,0.0
2015-05-01 01:00:00,5.0,88,3.2,0.0,0.0,3.84,0.0,0.0
2015-05-01 02:00:00,4.8,88,3.0,0.0,0.0,3.92,0.0,0.0
2015-05-01 03:00:00,4.6,88,2.8,0.0,0.0,3.86,0.0,0.0
2015-05-01 04:00:00,4.5,88,2.7,0.0,0.0,4.12,0.0,0.0
2015-05-01 05:00:00,4.5,88,2.7,0.0,0.0,4.4,2.0,0.0072
2015-05-01 06:00:00,5.1,86,3.0,0.0,0.0,3.92,38.0,0.1368
2015-05-01 07:00:00,6.5,79,3.1,0.0,0.0,6.26,132.0,0.4752
2015-05-01 08:00:00,7.7,68,2.3,0.0,0.0,6.32,268.0,0.9648
2015-05-01 09:00:00,8.8,60,1.5,0.0,0.0,5.85,346.0,1.2456
2015-05-01 10:00:00,9.2,57,1.1,0.0,0.0,5.03,359.0,1.2924
2015-05-01 11:00:00,10.0,53,0.8,0.0,0.0,4.94,488.0,1.7568
2015-05-01 12:00:00,10.6,50,0.6,0.0,0.0,5.06,518.0,1.8648
2015-05-01 13:00:00,11.2,48,0.4,0.0,0.0,4.93,608.0,2.1888
2015-05-01 14:00:00,11.5,46,0.2,0.0,0.0,4.59,585.0,2.106
2015-05-01 15:00:00,11.1,48,0.4,0.0,0.0,4.52,408.0,1.4687999999999999
2015-05-01 16:00:00,10.5,52,1.0,0.0,0.0,4.62,292.0,1.0512
2015-05-01 17:00:00,9.8,55,1.2,0.0,0.0,4.71,191.0,0.6876
2015-05-01 18:00:00,9.2,57,1.2,0.0,0.0,4.12,147.0,0.5292
2015-05-01 19:00:00,8.4,66,2.4,0.0,0.0,3.91,38.0,0.1368
2015-05-01 20:00:00,7.8,68,2.3,0.0,0.0,3.41,2.0,0.0072
2015-05-01 21:00:00,7.2,71,2.3,0.0,0.0,2.94,0.0,0.0
2015-05-01 22:00:00,6.8,73,2.2,0.0,0.0,2.79,0.0,0.0
2015-05-01 23:00:00,6.5,74,2.2,0.0,0.0,3.2,0.0,0.0
2015-05-02 00:00:00,5.4,80,2.2,0.0,0.0,2.69,0.0,0.0
2015-05-02 01:00:00,4.6,84,2.2,0.0,0.0,2.92,0.0,0.0
2015-05-02 02:00:00,3.9,88,2.1,0.0,0.0,3.04,0.0,0.0
2015-05-02 03:00:00,3.4,90,1.9,0.0,0.0,3.04,0.0,0.0
2015-05-02 04:00:00,3.1,91,1.8,0.0,0.0,3.1,0.0,0.0
2015-05-02 05:00:00,3.0,92,1.8,0.0,0.0,3.38,4.0,0.0144
2015-05-02 06:00:00,4.7,88,3.0,0.0,0.0,3.45,76.0,0.2736
2015-05-02 07:00:00,7.2,80,4.0,0.0,0.0,3.95,153.0,0.5508
2015-05-02 08:00:00,8.8,73,4.2,0.0,0.0,4.7,251.0,0.9036
2015-05-02 09:00:00,10.5,63,3.7,0.0,0.0,5.1,405.0,1.458
2015-05-02 10:00:00,11.4,61,4.2,0.0,0.0,4.79,463.0,1.6668
2015-05-02 11:00:00,12.1,60,4.5,0.0,0.0,5.1,429.0,1.5444
2015-05-02 12:00:00,12.4,59,4.6,0.0,0.0,5.14,358.0,1.2888
2015-05-02 13:00:00,12.3,60,4.8,0.0,0.0,5.32,263.0,0.9468
2015-05-02 14:00:00,12.4,61,5.1,0.0,0.0,5.41,252.0,0.9072
2015-05-02 15:00:00,12.0,65,5.6,0.0,0.0,5.33,184.0,0.6624
2015-05-02 16:00:00,11.6,68,5.8,0.0,0.0,5.1,165.0,0.594
2015-05-02 17:00:00,10.8,72,6.0,0.0,0.0,4.93,60.0,0.216
2015-05-02 18:00:00,10.5,74,6.0,0.0,0.0,4.7,56.0,0.2016
2015-05-02 19:00:00,10.3,76,6.3,0.0,0.0,5.02,19.0,0.0684
2015-05-02 20:00:00,9.9,79,6.3,0.0,0.0,5.02,1.0,0.0036
2015-05-02 21:00:00,9.7,81,6.6,0.0,0.0,4.61,0.0,0.0
2015-05-02 22:00:00,9.9,83,7.2,0.0,0.0,4.7,0.0,0.0
2015-05-02 23:00:00,10.2,86,7.9,0.0,0.0,4.73,0.0,0.0
2015-05-03 00:00:00,10.5,88,8.6,0.0,0.0,4.44,0.0,0.0
2015-05-03 01:00:00,10.6,90,9.0,0.0,0.0,4.21,0.0,0.0
2015-05-03 02:00:00,10.8,91,9.4,0.2,0.0,4.79,0.0,0.0
2015-05-03 03:00:00,10.8,93,9.7,0.3,0.0,5.02,0.0,0.0
2015-05-03 04:00:00,10.9,94,10.0,0.5,0.0,5.3,0.0,0.0
2015-05-03 05:00:00,10.9,97,10.5,1.2,0.0,5.25,0.0,0.0
2015-05-03 06:00:00,11.2,98,11.0,0.3,0.0,4.74,9.0,0.0324
2015-05-03 07:00:00,11.4,99,11.2,0.4,0.0,5.51,15.0,0.054
2015-05-03 08:00:00,11.9,99,11.8,0.9,0.0,6.28,36.0,0.1296
2015-05-03 09:00:00,12.2,99,12.1,1.0,0.0,6.86,31.0,0.11159999999999999
2015-05-03 10:00:00,12.6,97,12.1,0.3,0.0,5.85,64.0,0.2304
2015-05-03 11:00:00,13.2,94,12.3,0.0,0.0,6.38,104.0,0.3744
2015-05-03 12:00:00,14.7,86,12.4,0.3,0.0,5.98,244.0,0.8784
2015-05-03 13:00:00,16.0,82,13.0,0.0,0.0,5.95,381.0,1.3716
2015-05-03 14:00:00,17.4,79,13.7,0.0,0.0,7.36,585.0,2.106
2015-05-03 15:00:00,17.0,75,12.5,1.1,0.0,7.72,448.0,1.6128
2015-05-03 16:00:00,16.1,72,11.1,0.0,0.0,7.65,286.0,1.0296
2015-05-03 17:00:00,15.8,73,11.0,0.0,0.0,7.08,297.0,1.0692
2015-05-03 18:00:00,14.7,75,10.3,0.0,0.0,7.09,166.0,0.5976
2015-05-03 19:00:00,13.2,79,9.7,0.0,0.0,7.03,54.0,0.1944
2015-05-03 20:00:00,12.6,83,9.7,0.0,0.0,6.78,2.0,0.0072
2015-05-03 21:00:00,12.5,84,9.8,0.0,0.0,6.92,0.0,0.0
2015-05-03 22:00:00,12.5,83,9.8,0.0,0.0,7.45,0.0,0.0
2015-05-03 23:00:00,12.4,83,9.7,0.0,0.0,7.02,0.0,0.0
2015-05-04 00:00:00,12.3,84,9.6,0.0,0.0,6.8,0.0,0.0
2015-05-04 01:00:00,12.2,84,9.6,0.0,0.0,6.59,0.0,0.0
2015-05-04 02:00:00,12.0,85,9.5,0.0,0.0,6.23,0.0,0.0
2015-05-04 03:00:00,11.8,85,9.4,0.0,0.0,5.94,0.0,0.0
2015-05-04 04:00:00,11.7,85,9.2,0.0,0.0,5.53,0.0,0.0
2015-05-04 05:00:00,11.4,86,9.1,0.0,0.0,5.06,3.0,0.0108
2015-05-04 06:00:00,11.4,84,8.8,0.0,0.0,4.66,38.0,0.1368
2015-05-04 07:00:00,11.5,76,7.5,0.0,0.0,4.8,103.0,0.37079999999999996
2015-05-04 08:00:00,12.1,68,6.3,0.0,0.0,4.86,257.0,0.9252
2015-05-04 09:00:00,12.6,64,6.1,0.0,0.0,4.2,329.0,1.1844
2015-05-04 10:00:00,13.5,60,5.9,0.0,0.0,3.47,477.0,1.7172
2015-05-04 11:00:00,14.9,56,6.1,0.0,0.0,3.94,661.0,2.3796
2015-05-04 12:00:00,16.0,53,6.3,0.0,0.0,4.81,744.0,2.6784
2015-05-04 13:00:00,16.7,50,6.2,0.0,0.0,4.96,700.0,2.52
2015-05-04 14:00:00,16.8,53,7.0,0.0,0.0,4.59,503.0,1.8108
2015-05-04 15:00:00,17.1,54,7.7,0.0,0.0,4.13,503.0,1.8108
2015-05-04 16:00:00,16.9,57,8.2,0.0,0.0,3.22,287.0,1.0332
2015-05-04 17:00:00,16.1,62,8.9,0.0,0.0,2.06,83.0,0.2988
2015-05-04 18:00:00,15.6,67,9.5,0.2,0.0,2.5,61.0,0.2196
2015-05-04 19:00:00,14.2,77,10.1,0.6,0.0,3.67,23.0,0.0828
2015-05-04 20:00:00,13.3,82,10.3,0.5,0.0,5.04,1.0,0.0036
2015-05-04 21:00:00,12.4,90,10.8,0.9,0.0,5.47,0.0,0.0
2015-05-04 22:00:00,12.1,92,10.9,1.5,0.0,4.27,0.0,0.0
2015-05-04 23:00:00,12.3,93,11.1,3.3,0.0,4.93,0.0,0.0
2015-05-05 00:00:00,12.4,94,11.5,1.7,0.0,5.26,0.0,0.0
2015-05-05 01:00:00,12.6,97,12.1,0.0,0.0,4.81,0.0,0.0
2015-05-05 02:00:00,13.4,96,12.8,0.0,0.0,4.22,0.0,0.0
2015-05-05 03:00:00,14.0,95,13.2,0.0,0.0,5.63,0.0,0.0
2015-05-05 04:00:00,13.9,94,13.0,0.0,0.0,6.37,0.0,0.0
2015-05-05 05:00:00,13.8,94,12.8,0.0,0.0,5.82,2.0,0.0072
2015-05-05 06:00:00,13.6,95,12.8,0.2,0.0,6.16,25.0,0.09
2015-05-05 07:00:00,13.5,93,12.4,0.3,0.0,5.87,53.0,0.1908
2015-05-05 08:00:00,13.1,94,12.2,0.0,0.0,6.71,64.0,0.2304
2015-05-05 09:00:00,13.2,91,11.7,0.0,0.0,8.56,190.0,0.6839999999999999
2015-05-05 10:00:00,13.6,77,9.6,0.0,0.0,8.95,371.0,1.3356
2015-05-05 11:00:00,14.0,58,5.9,0.0,0.0,9.52,593.0,2.1348
2015-05-05 12:00:00,14.7,52,4.9,0.0,0.0,11.36,734.0,2.6424
2015-05-05 13:00:00,15.0,48,4.1,0.0,0.0,12.29,655.0,2.358
2015-05-05 14:00:00,14.7,50,4.4,0.0,0.0,11.67,507.0,1.8252
2015-05-05 15:00:00,14.6,52,4.8,0.0,0.0,11.75,510.0,1.8359999999999999
2015-05-05 16:00:00,14.4,54,5.3,0.0,0.0,11.5,470.0,1.692
2015-05-05 17:00:00,13.9,57,5.4,0.0,0.0,9.99,381.0,1.3716
2015-05-05 18:00:00,13.1,61,5.7,0.0,0.0,9.14,219.0,0.7884
2015-05-05 19:00:00,11.9,67,6.0,0.0,0.0,9.52,74.0,0.26639999999999997
2015-05-05 20:00:00,11.3,70,6.0,0.0,0.0,9.28,4.0,0.0144
2015-05-05 21:00:00,10.8,73,6.1,0.0,0.0,9.0,0.0,0.0
2015-05-05 22:00:00,10.4,76,6.3,0.0,0.0,7.8,0.0,0.0
2015-05-05 23:00:00,10.2,78,6.5,0.0,0.0,7.61,0.0,0.0
2015-05-06 00:00:00,9.8,81,6.6,0.0,0.0,7.56,0.0,0.0
2015-05-06 01:00:00,9.5,83,6.8,0.0,0.0,7.57,0.0,0.0
2015-05-06 02:00:00,9.3,85,6.9,0.0,0.0,8.05,0.0,0.0
2015-05-06 03:00:00,9.2,85,6.8,0.0,0.0,8.14,0.0,0.0
2015-05-06 04:00:00,8.9,87,6.9,0.0,0.0,8.06,0.0,0.0
2015-05-06 05:00:00,8.9,86,6.7,0.0,0.0,7.31,6.0,0.0216
2015-05-06 06:00:00,9.3,84,6.8,0.0,0.0,6.53,73.0,0.2628
2015-05-06 07:00:00,10.0,81,6.8,0.0,0.0,8.27,192.0,0.6912
2015-05-06 08:00:00,10.9,76,6.8,0.0,0.0,9.46,284.0,1.0224
2015-05-06 09:00:00,11.6,79,8.1,0.3,0.0,10.1,413.0,1.4868
2015-05-06 10:00:00,12.5,79,8.9,0.2,0.0,8.01,523.0,1.8828
2015-05-06 11:00:00,13.4,73,8.7,0.3,0.0,8.94,627.0,2.2572
2015-05-06 12:00:00,13.3,70,7.9,1.4,0.0,10.54,707.0,2.5452
2015-05-06 13:00:00,13.0,76,8.8,1.0,0.0,10.32,431.0,1.5515999999999999
2015-05-06 14:00:00,13.7,72,8.6,0.2,0.0,10.25,462.0,1.6632
2015-05-06 15:00:00,14.0,69,8.3,0.1,0.0,10.42,418.0,1.5048
2015-05-06 16:00:00,12.7,70,7.4,0.8,0.0,11.01,418.0,1.5048
2015-05-06 17:00:00,13.1,64,6.5,0.0,0.0,9.66,244.0,0.8784
2015-05-06 18:00:00,13.0,64,6.3,0.0,0.0,9.12,188.0,0.6768
2015-05-06 19:00:00,11.9,66,5.7,0.0,0.0,8.05,62.0,0.22319999999999998
2015-05-06 20:00:00,11.3,68,5.5,0.0,0.0,7.34,5.0,0.018
2015-05-06 21:00:00,10.7,71,5.7,0.0,0.0,6.84,0.0,0.0
2015-05-06 22:00:00,10.4,73,5.8,0.0,0.0,6.04,0.0,0.0
2015-05-06 23:00:00,9.8,77,5.9,0.0,0.0,5.68,0.0,0.0
2015-05-07 00:00:00,9.4,80,6.0,0.0,0.0,5.77,0.0,0.0
2015-05-07 01:00:00,8.9,83,6.1,0.0,0.0,5.55,0.0,0.0
2015-05-07 02:00:00,8.5,86,6.2,0.0,0.0,4.88,0.0,0.0
2015-05-07 03:00:00,8.1,88,6.3,0.0,0.0,4.39,0.0,0.0
2015-05-07 04:00:00,7.8,90,6.3,0.0,0.0,4.02,0.0,0.0
2015-05-07 05:00:00,7.5,92,6.3,0.0,0.0,3.81,8.0,0.0288
2015-05-07 06:00:00,8.3,91,6.8,0.0,0.0,3.52,95.0,0.34199999999999997
2015-05-07 07:00:00,10.1,83,7.3,0.0,0.0,4.81,211.0,0.7595999999999999
2015-05-07 08:00:00,11.0,76,7.0,0.0,0.0,4.65,274.0,0.9863999999999999
2015-05-07 09:00:00,12.2,69,6.7,0.2,0.0,4.61,465.0,1.674
2015-05-07 10:00:00,12.9,65,6.4,0.3,0.0,3.47,532.0,1.9152
2015-05-07 11:00:00,13.6,60,6.0,0.2,0.0,3.97,526.0,1.8936
2015-05-07 12:00:00,14.3,56,5.7,0.2,0.0,4.47,631.0,2.2716
2015-05-07 13:00:00,14.5,54,5.2,0.1,0.0,4.88,509.0,1.8324
2015-05-07 14:00:00,15.0,51,4.8,0.0,0.0,5.17,588.0,2.1168
2015-05-07 15:00:00,14.8,50,4.4,0.0,0.0,4.98,461.0,1.6596
2015-05-07 16:00:00,14.6,50,4.3,0.0,0.0,4.64,368.0,1.3248
2015-05-07 17:00:00,14.3,50,4.1,0.0,0.0,3.92,286.0,1.0296
2015-05-07 18:00:00,13.5,54,4.4,0.0,0.0,3.18,146.0,0.5256
2015-05-07 19:00:00,12.3,62,5.1,0.0,0.0,2.88,59.0,0.2124
2015-05-07 20:00:00,11.4,63,4.7,0.0,0.0,2.95,4.0,0.0144
2015-05-07 21:00:00,10.8,66,4.6,0.0,0.0,2.61,0.0,0.0
2015-05-07 22:00:00,10.1,69,4.6,0.0,0.0,2.55,0.0,0.0
2015-05-07 23:00:00,9.6,72,4.7,0.0,0.0,2.27,0.0,0.0
2015-05-08 00:00:00,9.1,75,4.9,0.0,0.0,1.94,0.0,0.0
2015-05-08 01:00:00,8.6,79,5.1,0.0,0.0,1.75,0.0,0.0
2015-05-08 02:00:00,8.0,84,5.4,0.0,0.0,1.39,0.0,0.0
2015-05-08 03:00:00,7.4,88,5.5,0.0,0.0,1.75,0.0,0.0
2015-05-08 04:00:00,7.1,90,5.6,0.0,0.0,1.71,0.0,0.0
2015-05-08 05:00:00,7.4,90,5.9,0.0,0.0,1.02,6.0,0.0216
2015-05-08 06:00:00,8.6,86,6.5,0.0,0.0,1.06,54.0,0.1944
2015-05-08 07:00:00,10.7,80,7.3,0.0,0.0,0.92,250.0,0.9
2015-05-08 08:00:00,12.5,66,6.4,0.0,0.0,1.57,362.0,1.3032
2015-05-08 09:00:00,13.4,60,5.7,0.0,0.0,2.33,329.0,1.1844
2015-05-08 10:00:00,14.0,57,5.7,0.0,0.0,2.28,299.0,1.0764
2015-05-08 11:00:00,15.0,56,6.2,0.0,0.0,2.66,382.0,1.3752
2015-05-08 12:00:00,15.4,56,6.5,0.0,0.0,2.98,321.0,1.1556
2015-05-08 13:00:00,15.2,58,6.9,0.0,0.0,3.55,204.0,0.7343999999999999
2015-05-08 14:00:00,15.3,59,7.4,0.0,0.0,3.7,207.0,0.7452
2015-05-08 15:00:00,15.4,61,7.8,0.0,0.0,3.75,199.0,0.7163999999999999
2015-05-08 16:00:00,14.6,72,9.6,0.8,0.0,4.1,183.0,0.6587999999999999
2015-05-08 17:00:00,14.3,79,10.8,0.9,0.0,4.2,223.0,0.8028
2015-05-08 18:00:00,13.4,85,10.9,0.2,0.0,4.62,37.0,0.13319999999999999
2015-05-08 19:00:00,13.5,81,10.3,0.0,0.0,4.54,69.0,0.24839999999999998
2015-05-08 20:00:00,12.7,85,10.3,0.2,0.0,5.12,4.0,0.0144
2015-05-08 21:00:00,12.5,88,10.6,0.0,0.0,5.9,0.0,0.0
2015-05-08 22:00:00,12.5,89,10.8,0.0,0.0,5.85,0.0,0.0
2015-05-08 23:00:00,12.2,88,10.3,0.0,0.0,6.16,0.0,0.0
2015-05-09 00:00:00,12.0,88,10.1,0.0,0.0,6.19,0.0,0.0
2015-05-09 01:00:00,12.0,88,10.1,0.0,0.0,6.56,0.0,0.0
2015-05-09 02:00:00,12.0,87,9.9,0.0,0.0,6.86,0.0,0.0
2015-05-09 03:00:00,11.6,85,9.1,0.0,0.0,7.08,0.0,0.0
2015-05-09 04:00:00,11.2,82,8.2,0.0,0.0,7.13,0.0,0.0
2015-05-09 05:00:00,10.7,80,7.4,0.0,0.0,6.81,4.0,0.0144
2015-05-09 06:00:00,10.7,78,7.1,0.0,0.0,6.6,48.0,0.1728
2015-05-09 07:00:00,11.9,74,7.3,0.0,0.0,8.36,207.0,0.7452
2015-05-09 08:00:00,12.6,70,7.3,0.1,0.0,8.5,222.0,0.7992
2015-05-09 09:00:00,12.7,71,7.5,0.0,0.0,7.83,194.0,0.6984
2015-05-09 10:00:00,13.1,69,7.5,0.0,0.0,7.07,306.0,1.1016
2015-05-09 11:00:00,14.3,60,6.7,0.0,0.0,7.92,588.0,2.1168
2015-05-09 12:00:00,14.5,59,6.7,0.1,0.0,7.97,415.0,1.494
2015-05-09 13:00:00,15.1,59,7.1,0.0,0.0,7.45,503.0,1.8108
2015-05-09 14:00:00,15.7,54,6.5,0.0,0.0,7.62,546.0,1.9656
2015-05-09 15:00:00,15.4,56,6.6,0.0,0.0,6.61,334.0,1.2024
2015-05-09 16:00:00,15.1,56,6.5,0.0,0.0,6.12,290.0,1.044
2015-05-09 17:00:00,15.0,56,6.4,0.0,0.0,5.91,250.0,0.9
2015-05-09 18:00:00,14.4,60,6.7,0.0,0.0,4.84,153.0,0.5508
2015-05-09 19:00:00,13.7,62,6.7,0.0,0.0,3.51,65.0,0.23399999999999999
2015-05-09 20:00:00,12.5,68,6.7,0.0,0.0,2.84,8.0,0.0288
2015-05-09 21:00:00,11.1,75,6.7,0.0,0.0,2.6,0.0,0.0
2015-05-09 22:00:00,10.0,80,6.7,0.0,0.0,2.11,0.0,0.0
2015-05-09 23:00:00,9.1,84,6.5,0.0,0.0,2.27,0.0,0.0
2015-05-10 00:00:00,8.5,87,6.4,0.0,0.0,2.33,0.0,0.0
2015-05-10 01:00:00,7.9,89,6.2,0.0,0.0,2.2,0.0,0.0
2015-05-10 02:00:00,7.1,91,5.8,0.0,0.0,2.28,0.0,0.0
2015-05-10 03:00:00,6.3,94,5.4,0.0,0.0,2.28,0.0,0.0
2015-05-10 04:00:00,5.9,95,5.2,0.0,0.0,2.38,0.0,0.0
2015-05-10 05:00:00,6.3,97,5.8,0.0,0.0,2.77,12.0,0.0432
2015-05-10 06:00:00,8.7,95,7.9,0.0,0.0,3.33,98.0,0.3528
2015-05-10 07:00:00,10.8,88,8.9,0.0,0.0,4.32,146.0,0.5256
2015-05-10 08:00:00,12.0,79,8.5,0.0,0.0,4.47,227.0,0.8171999999999999
2015-05-10 09:00:00,13.1,71,8.1,0.0,0.0,4.6,353.0,1.2708
2015-05-10 10:00:00,14.7,64,8.0,0.0,0.0,4.48,576.0,2.0736
2015-05-10 11:00:00,15.9,61,8.3,0.0,0.0,4.83,683.0,2.4588
2015-05-10 12:00:00,16.5,59,8.4,0.0,0.0,5.2,745.0,2.682
2015-05-10 13:00:00,16.6,58,8.4,0.0,0.0,5.65,722.0,2.5991999999999997
2015-05-10 14:00:00,16.3,61,8.8,0.0,0.0,5.91,706.0,2.5416
2015-05-10 15:00:00,16.2,62,9.0,0.0,0.0,5.7,649.0,2.3364
2015-05-10 16:00:00,16.1,62,8.9,0.0,0.0,5.41,524.0,1.8863999999999999
2015-05-10 17:00:00,15.8,64,8.9,0.0,0.0,5.19,380.0,1.3679999999999999
2015-05-10 18:00:00,15.2,67,9.2,0.0,0.0,4.3,218.0,0.7847999999999999
2015-05-10 19:00:00,14.2,71,9.0,0.0,0.0,3.2,81.0,0.29159999999999997
2015-05-10 20:00:00,13.1,77,9.2,0.0,0.0,2.82,7.0,0.0252
2015-05-10 21:00:00,12.3,82,9.4,0.0,0.0,2.6,0.0,0.0
2015-05-10 22:00:00,11.8,86,9.5,0.0,0.0,2.6,0.0,0.0
2015-05-10 23:00:00,11.5,88,9.5,0.0,0.0,2.62,0.0,0.0
2015-05-11 00:00:00,11.4,88,9.6,0.0,0.0,2.77,0.0,0.0
2015-05-11 01:00:00,11.7,88,9.7,0.0,0.0,2.96,0.0,0.0
2015-05-11 02:00:00,12.1,86,9.9,0.0,0.0,3.13,0.0,0.0
2015-05-11 03:00:00,12.3,86,10.0,0.0,0.0,3.4,0.0,0.0
2015-05-11 04:00:00,12.2,87,10.1,0.0,0.0,3.81,0.0,0.0
2015-05-11 05:00:00,12.1,88,10.3,0.0,0.0,3.94,9.0,0.0324
2015-05-11 06:00:00,12.8,87,10.6,0.0,0.0,4.0,75.0,0.27
2015-05-11 07:00:00,14.3,85,11.9,0.0,0.0,4.12,184.0,0.6624
2015-05-11 08:00:00,15.1,81,11.8,0.0,0.0,5.23,253.0,0.9107999999999999
2015-05-11 09:00:00,16.3,73,11.6,0.0,0.0,5.78,453.0,1.6308
2015-05-11 10:00:00,17.8,65,11.2,0.0,0.0,5.56,573.0,2.0627999999999997
2015-05-11 11:00:00,18.6,64,11.7,0.0,0.0,5.73,568.0,2.0448
2015-05-11 12:00:00,19.0,62,11.5,0.0,0.0,5.52,442.0,1.5912
2015-05-11 13:00:00,19.7,59,11.4,0.0,0.0,5.46,531.0,1.9116
2015-05-11 14:00:00,19.8,58,11.4,0.0,0.0,6.13,486.0,1.7496
2015-05-11 15:00:00,19.6,59,11.4,0.0,0.0,5.16,373.0,1.3428
2015-05-11 16:00:00,19.2,61,11.6,0.0,0.0,5.14,370.0,1.332
2015-05-11 17:00:00,18.5,65,11.9,0.0,0.0,5.2,328.0,1.1808
2015-05-11 18:00:00,17.2,72,12.2,0.0,0.0,4.8,169.0,0.6083999999999999
2015-05-11 19:00:00,15.5,79,11.9,0.0,0.0,4.61,90.0,0.324
2015-05-11 20:00:00,14.0,83,11.2,0.0,0.0,4.24,9.0,0.0324
2015-05-11 21:00:00,13.4,83,10.5,0.0,0.0,4.06,0.0,0.0
2015-05-11 22:00:00,12.8,82,9.8,0.0,0.0,4.04,0.0,0.0
2015-05-11 23:00:00,12.5,81,9.4,0.0,0.0,3.61,0.0,0.0
2015-05-12 00:00:00,12.0,84,9.3,0.0,0.0,3.3,0.0,0.0
2015-05-12 01:00:00,11.5,86,9.3,0.0,0.0,3.04,0.0,0.0
2015-05-12 02:00:00,10.9,89,9.1,0.0,0.0,3.04,0.0,0.0
2015-05-12 03:00:00,10.3,90,8.8,0.0,0.0,2.82,0.0,0.0
2015-05-12 04:00:00,9.8,90,8.3,0.0,0.0,2.97,0.0,0.0
2015-05-12 05:00:00,9.7,90,8.1,0.0,0.0,3.32,12.0,0.0432
2015-05-12 06:00:00,10.8,85,8.3,0.0,0.0,3.74,93.0,0.3348
2015-05-12 07:00:00,12.1,70,6.8,0.0,0.0,5.01,206.0,0.7415999999999999
2015-05-12 08:00:00,12.0,65,5.6,0.0,0.0,5.02,224.0,0.8064
2015-05-12 09:00:00,11.7,66,5.5,0.0,0.0,5.15,222.0,0.7992
2015-05-12 10:00:00,12.3,63,5.5,0.0,0.0,5.0,384.0,1.3824
2015-05-12 11:00:00,13.9,56,5.4,0.0,0.0,6.16,570.0,2.052
2015-05-12 12:00:00,14.6,52,4.7,0.0,0.0,6.84,501.0,1.8035999999999999
2015-05-12 13:00:00,15.3,48,4.2,0.0,0.0,7.38,559.0,2.0124
2015-05-12 14:00:00,15.7,45,3.9,0.0,0.0,7.64,538.0,1.9367999999999999
2015-05-12 15:00:00,15.8,45,3.9,0.0,0.0,7.53,482.0,1.7351999999999999
2015-05-12 16:00:00,15.7,46,4.2,0.0,0.0,6.89,449.0,1.6164
2015-05-12 17:00:00,15.4,46,3.9,0.0,0.0,6.36,423.0,1.5228
2015-05-12 18:00:00,14.7,49,4.2,0.0,0.0,5.25,259.0,0.9324
2015-05-12 19:00:00,13.5,53,4.0,0.0,0.0,4.44,104.0,0.3744
2015-05-12 20:00:00,12.0,57,3.7,0.0,0.0,3.91,12.0,0.0432
2015-05-12 21:00:00,10.7,61,3.6,0.0,0.0,3.67,0.0,0.0
2015-05-12 22:00:00,9.6,66,3.6,0.0,0.0,3.45,0.0,0.0
2015-05-12 23:00:00,8.6,72,3.9,0.0,0.0,3.06,0.0,0.0
2015-05-13 00:00:00,7.7,78,4.2,0.0,0.0,2.61,0.0,0.0
2015-05-13 01:00:00,6.8,85,4.5,0.0,0.0,2.41,0.0,0.0
2015-05-13 02:00:00,5.9,90,4.4,0.0,0.0,2.2,0.0,0.0
2015-05-13 03:00:00,5.1,93,4.0,0.0,0.0,2.0,0.0,0.0
2015-05-13 04:00:00,4.6,94,3.7,0.0,0.0,1.91,0.0,0.0
2015-05-13 05:00:00,4.7,95,3.9,0.0,0.0,1.6,17.0,0.0612
2015-05-13 06:00:00,7.0,91,5.6,0.0,0.0,1.08,121.0,0.4356
2015-05-13 07:00:00,9.5,83,6.7,0.0,0.0,0.85,277.0,0.9972
2015-05-13 08:00:00,11.5,75,7.2,0.0,0.0,1.12,442.0,1.5912
2015-05-13 09:00:00,13.2,65,6.7,0.0,0.0,1.44,595.0,2.142
2015-05-13 10:00:00,14.3,56,5.6,0.0,0.0,1.0,721.0,2.5956
2015-05-13 11:00:00,15.1,50,4.9,0.0,0.0,0.71,754.0,2.7144
2015-05-13 12:00:00,16.0,46,4.5,0.0,0.0,0.67,795.0,2.862
2015-05-13 13:00:00,16.5,45,4.4,0.0,0.0,0.92,774.0,2.7864
2015-05-13 14:00:00,17.0,43,4.3,0.0,0.0,0.92,743.0,2.6748
2015-05-13 15:00:00,17.3,41,3.9,0.0,0.0,1.03,663.0,2.3868
2015-05-13 16:00:00,17.3,40,3.4,0.0,0.0,1.62,510.0,1.8359999999999999
2015-05-13 17:00:00,16.9,42,3.9,0.0,0.0,2.25,350.0,1.26
2015-05-13 18:00:00,16.0,49,5.3,0.0,0.0,2.55,233.0,0.8388
2015-05-13 19:00:00,14.4,59,6.4,0.0,0.0,3.35,100.0,0.36
2015-05-13 20:00:00,12.3,69,6.8,0.0,0.0,4.12,12.0,0.0432
2015-05-13 21:00:00,10.7,78,7.0,0.0,0.0,4.02,0.0,0.0
2015-05-13 22:00:00,9.7,84,7.1,0.0,0.0,3.14,0.0,0.0
2015-05-13 23:00:00,9.2,86,7.0,0.0,0.0,3.13,0.0,0.0
2015-05-14 00:00:00,8.6,88,6.7,0.0,0.0,3.21,0.0,0.0
2015-05-14 01:00:00,8.1,88,6.3,0.0,0.0,3.51,0.0,0.0
2015-05-14 02:00:00,7.6,90,6.0,0.0,0.0,3.62,0.0,0.0
2015-05-14 03:00:00,7.4,91,6.0,0.0,0.0,3.62,0.0,0.0
2015-05-14 04:00:00,7.3,91,6.0,0.0,0.0,3.82,0.0,0.0
2015-05-14 05:00:00,7.6,91,6.2,0.0,0.0,4.21,11.0,0.039599999999999996
2015-05-14 06:00:00,8.9,85,6.5,0.0,0.0,5.3,68.0,0.2448
2015-05-14 07:00:00,9.6,79,6.1,0.0,0.0,6.17,61.0,0.2196
2015-05-14 08:00:00,9.9,76,5.9,0.0,0.0,5.93,72.0,0.2592
2015-05-14 09:00:00,9.9,77,6.0,0.2,0.0,6.01,68.0,0.2448
2015-05-14 10:00:00,9.8,79,6.4,0.8,0.0,6.2,85.0,0.306
2015-05-14 11:00:00,9.8,83,7.1,0.6,0.0,6.21,115.0,0.414
2015-05-14 12:00:00,9.4,88,7.5,0.8,0.0,6.52,98.0,0.3528
2015-05-14 13:00:00,9.5,89,7.8,1.1,0.0,6.56,109.0,0.39239999999999997
2015-05-14 14:00:00,9.7,89,7.9,1.3,0.0,5.61,154.0,0.5544
2015-05-14 15:00:00,9.4,90,7.9,1.6,0.0,4.4,64.0,0.2304
2015-05-14 16:00:00,9.5,90,8.0,1.4,0.0,3.93,45.0,0.162
2015-05-14 17:00:00,9.4,91,8.0,1.3,0.0,3.94,31.0,0.11159999999999999
2015-05-14 18:00:00,9.3,91,7.9,1.1,0.0,4.38,20.0,0.072
2015-05-14 19:00:00,9.0,93,7.9,0.7,0.0,4.48,18.0,0.0648
2015-05-14 20:00:00,8.8,92,7.6,0.3,0.0,4.38,4.0,0.0144
2015-05-14 21:00:00,8.6,92,7.4,0.4,0.0,4.42,0.0,0.0
2015-05-14 22:00:00,8.5,93,7.4,0.3,0.0,4.36,0.0,0.0
2015-05-14 23:00:00,8.4,93,7.3,0.1,0.0,4.3,0.0,0.0
2015-05-15 00:00:00,8.3,92,7.0,0.0,0.0,4.38,0.0,0.0
2015-05-15 01:00:00,8.1,92,6.8,0.0,0.0,4.57,0.0,0.0
2015-05-15 02:00:00,7.8,91,6.4,0.0,0.0,4.81,0.0,0.0
2015-05-15 03:00:00,7.6,89,5.8,0.0,0.0,4.94,0.0,0.0
2015-05-15 04:00:00,7.3,87,5.3,0.0,0.0,4.65,0.0,0.0
2015-05-15 05:00:00,7.2,86,5.0,0.0,0.0,3.98,4.0,0.0144
2015-05-15 06:00:00,7.3,84,4.7,0.0,0.0,3.22,47.0,0.1692
2015-05-15 07:00:00,7.9,80,4.6,0.0,0.0,3.56,180.0,0.648
2015-05-15 08:00:00,9.3,71,4.4,0.0,0.0,3.28,398.0,1.4327999999999999
2015-05-15 09:00:00,10.4,71,5.3,0.0,0.0,2.38,570.0,2.052
2015-05-15 10:00:00,11.5,68,5.7,0.0,0.0,2.32,655.0,2.358
2015-05-15 11:00:00,12.1,65,5.7,0.0,0.0,2.58,609.0,2.1924
2015-05-15 12:00:00,12.4,63,5.4,0.0,0.0,2.55,495.0,1.782
2015-05-15 13:00:00,13.2,60,5.6,0.0,0.0,2.06,604.0,2.1744
2015-05-15 14:00:00,13.9,58,5.8,0.0,0.0,2.33,605.0,2.178
2015-05-15 15:00:00,14.5,56,5.9,0.0,0.0,2.32,556.0,2.0016
2015-05-15 16:00:00,14.9,55,6.0,0.0,0.0,2.79,457.0,1.6452
2015-05-15 17:00:00,14.8,57,6.2,0.0,0.0,3.55,286.0,1.0296
2015-05-15 18:00:00,14.5,60,6.7,0.0,0.0,3.81,169.0,0.6083999999999999
2015-05-15 19:00:00,13.2,67,7.2,0.0,0.0,3.64,44.0,0.15839999999999999
2015-05-15 20:00:00,12.7,69,7.3,0.0,0.0,3.94,7.0,0.0252
2015-05-15 21:00:00,12.3,73,7.5,0.0,0.0,4.33,0.0,0.0
2015-05-15 22:00:00,11.6,77,7.7,0.0,0.0,4.95,0.0,0.0
2015-05-15 23:00:00,11.1,81,8.0,0.0,0.0,5.11,0.0,0.0
2015-05-16 00:00:00,10.9,84,8.2,0.0,0.0,5.16,0.0,0.0
2015-05-16 01:00:00,10.9,86,8.6,0.0,0.0,5.11,0.0,0.0
2015-05-16 02:00:00,11.2,86,8.9,0.0,0.0,5.01,0.0,0.0
2015-05-16 03:00:00,11.6,85,9.2,0.0,0.0,4.85,0.0,0.0
2015-05-16 04:00:00,11.8,87,9.7,0.0,0.0,4.62,0.0,0.0
2015-05-16 05:00:00,12.1,88,10.2,0.0,0.0,4.27,4.0,0.0144
2015-05-16 06:00:00,12.5,89,10.8,0.0,0.0,4.0,25.0,0.09
2015-05-16 07:00:00,13.3,86,11.0,0.1,0.0,4.62,88.0,0.31679999999999997
2015-05-16 08:00:00,13.8,79,10.2,0.0,0.0,4.9,126.0,0.4536
2015-05-16 09:00:00,14.1,69,8.5,0.0,0.0,5.28,240.0,0.864
2015-05-16 10:00:00,14.1,63,7.2,0.0,0.0,4.77,355.0,1.278
2015-05-16 11:00:00,14.1,59,6.3,0.0,0.0,4.96,462.0,1.6632
2015-05-16 12:00:00,14.7,55,5.9,0.0,0.0,4.74,650.0,2.34
2015-05-16 13:00:00,14.9,53,5.5,0.0,0.0,4.36,622.0,2.2392
2015-05-16 14:00:00,15.1,52,5.2,0.0,0.0,4.57,613.0,2.2068
2015-05-16 15:00:00,15.2,50,4.9,0.0,0.0,4.61,602.0,2.1672
2015-05-16 16:00:00,14.7,50,4.5,0.0,0.0,4.52,432.0,1.5552
2015-05-16 17:00:00,14.2,51,4.1,0.0,0.0,4.39,301.0,1.0836
2015-05-16 18:00:00,13.5,52,3.8,0.0,0.0,3.83,178.0,0.6408
2015-05-16 19:00:00,13.8,56,5.1,0.0,0.0,3.14,114.0,0.4104
2015-05-16 20:00:00,12.2,60,4.6,0.0,0.0,2.78,15.0,0.054
2015-05-16 21:00:00,10.8,65,4.4,0.0,0.0,2.52,0.0,0.0
2015-05-16 22:00:00,9.7,69,4.2,0.0,0.0,3.04,0.0,0.0
2015-05-16 23:00:00,9.2,70,4.1,0.0,0.0,2.95,0.0,0.0
2015-05-17 00:00:00,8.8,72,4.0,0.0,0.0,2.85,0.0,0.0
2015-05-17 01:00:00,8.5,73,4.0,0.0,0.0,3.1,0.0,0.0
2015-05-17 02:00:00,8.1,75,4.0,0.0,0.0,2.98,0.0,0.0
2015-05-17 03:00:00,7.1,81,4.1,0.0,0.0,2.82,0.0,0.0
2015-05-17 04:00:00,6.6,85,4.3,0.0,0.0,2.71,0.0,0.0
2015-05-17 05:00:00,6.3,88,4.5,0.0,0.0,2.9,21.0,0.0756
2015-05-17 06:00:00,8.1,83,5.4,0.0,0.0,2.9,128.0,0.4608
2015-05-17 07:00:00,9.8,80,6.4,0.0,0.0,3.11,271.0,0.9756
2015-05-17 08:00:00,11.4,71,6.3,0.0,0.0,3.31,429.0,1.5444
2015-05-17 09:00:00,12.7,62,5.5,0.0,0.0,3.51,569.0,2.0484
2015-05-17 10:00:00,13.8,55,4.9,0.0,0.0,3.71,691.0,2.4876
2015-05-17 11:00:00,14.9,48,4.0,0.0,0.0,3.98,717.0,2.5812
2015-05-17 12:00:00,16.0,43,3.6,0.0,0.0,4.11,767.0,2.7612
2015-05-17 13:00:00,16.3,44,4.0,0.0,0.0,4.68,680.0,2.448
2015-05-17 14:00:00,16.5,45,4.5,0.0,0.0,5.25,680.0,2.448
2015-05-17 15:00:00,16.2,47,4.8,0.0,0.0,5.38,464.0,1.6703999999999999
2015-05-17 16:00:00,15.4,50,5.2,0.0,0.0,5.19,308.0,1.1088
2015-05-17 17:00:00,14.7,54,5.5,0.0,0.0,4.68,199.0,0.7163999999999999
2015-05-17 18:00:00,14.1,57,5.6,0.0,0.0,4.14,155.0,0.5579999999999999
2015-05-17 19:00:00,13.2,60,5.5,0.0,0.0,3.77,77.0,0.2772
2015-05-17 20:00:00,12.3,63,5.4,0.0,0.0,3.31,9.0,0.0324
2015-05-17 21:00:00,11.7,66,5.7,0.0,0.0,3.08,0.0,0.0
2015-05-17 22:00:00,11.3,70,6.0,0.0,0.0,3.47,0.0,0.0
2015-05-17 23:00:00,10.8,73,6.3,0.0,0.0,3.36,0.0,0.0
2015-05-18 00:00:00,10.5,77,6.6,0.0,0.0,3.16,0.0,0.0
2015-05-18 01:00:00,10.2,79,6.7,0.0,0.0,3.42,0.0,0.0
2015-05-18 02:00:00,9.9,81,6.8,0.0,0.0,3.54,0.0,0.0
2015-05-18 03:00:00,9.6,82,6.6,0.0,0.0,4.02,0.0,0.0
2015-05-18 04:00:00,9.3,79,5.9,0.0,0.0,4.64,0.0,0.0
2015-05-18 05:00:00,9.2,77,5.4,0.0,0.0,4.58,12.0,0.0432
2015-05-18 06:00:00,9.5,77,5.6,0.1,0.0,4.81,63.0,0.2268
2015-05-18 07:00:00,10.3,81,7.1,0.0,0.0,5.71,44.0,0.15839999999999999
2015-05-18 08:00:00,10.3,87,8.2,1.1,0.0,8.07,31.0,0.11159999999999999
2015-05-18 09:00:00,10.6,91,9.1,0.4,0.0,8.19,47.0,0.1692
2015-05-18 10:00:00,11.2,93,10.1,0.5,0.0,8.27,63.0,0.2268
2015-05-18 11:00:00,11.9,91,10.4,1.2,0.0,10.47,39.0,0.1404
2015-05-18 12:00:00,12.2,90,10.5,0.8,0.0,8.5,60.0,0.216
2015-05-18 13:00:00,12.0,86,9.8,0.6,0.0,7.65,232.0,0.8351999999999999
2015-05-18 14:00:00,13.1,80,9.7,0.2,0.0,7.52,486.0,1.7496
2015-05-18 15:00:00,14.4,69,8.8,0.0,0.0,8.04,659.0,2.3724
2015-05-18 16:00:00,14.3,62,7.0,0.0,0.0,7.81,522.0,1.8792
2015-05-18 17:00:00,13.4,56,4.8,0.0,0.0,7.14,363.0,1.3068
2015-05-18 18:00:00,12.5,56,3.9,0.0,0.0,6.87,232.0,0.8351999999999999
2015-05-18 19:00:00,11.3,55,2.7,0.0,0.0,6.29,123.0,0.44279999999999997
2015-05-18 20:00:00,10.1,60,2.7,0.0,0.0,5.83,19.0,0.0684
2015-05-18 21:00:00,9.2,65,2.9,0.0,0.0,5.99,0.0,0.0
2015-05-18 22:00:00,8.5,68,3.0,0.0,0.0,5.95,0.0,0.0
2015-05-18 23:00:00,7.9,72,3.2,0.0,0.0,6.05,0.0,0.0
2015-05-19 00:00:00,7.6,75,3.4,0.0,0.0,6.16,0.0,0.0
2015-05-19 01:00:00,7.3,77,3.5,0.0,0.0,6.07,0.0,0.0
2015-05-19 02:00:00,7.2,77,3.5,0.0,0.0,6.11,0.0,0.0
2015-05-19 03:00:00,7.0,79,3.6,0.0,0.0,5.92,0.0,0.0
2015-05-19 04:00:00,6.9,80,3.7,0.0,0.0,5.82,0.0,0.0
2015-05-19 05:00:00,7.0,81,3.9,0.0,0.0,5.64,24.0,0.0864
2015-05-19 06:00:00,7.8,79,4.3,0.0,0.0,5.11,118.0,0.4248
2015-05-19 07:00:00,8.9,71,4.0,0.0,0.0,7.09,251.0,0.9036
2015-05-19 08:00:00,9.8,65,3.4,0.0,0.0,7.22,354.0,1.2744
2015-05-19 09:00:00,10.8,58,3.0,0.0,0.0,7.0,479.0,1.7244
2015-05-19 10:00:00,11.5,58,3.6,0.0,0.0,6.07,509.0,1.8324
2015-05-19 11:00:00,12.8,58,4.8,0.0,0.0,6.15,795.0,2.862
2015-05-19 12:00:00,13.4,59,5.6,0.0,0.0,6.3,819.0,2.9484
2015-05-19 13:00:00,13.2,61,5.9,0.4,0.0,6.84,724.0,2.6064
2015-05-19 14:00:00,11.5,67,5.5,0.5,0.0,7.03,642.0,2.3112
2015-05-19 15:00:00,11.8,67,5.9,0.2,0.0,6.33,479.0,1.7244
2015-05-19 16:00:00,12.1,66,5.9,0.0,0.0,6.95,469.0,1.6884
2015-05-19 17:00:00,12.2,63,5.4,0.0,0.0,6.22,399.0,1.4364
2015-05-19 18:00:00,11.3,61,4.1,0.2,0.0,4.84,229.0,0.8244
2015-05-19 19:00:00,9.9,69,4.4,0.2,0.0,4.98,96.0,0.3456
2015-05-19 20:00:00,9.1,70,4.0,0.0,0.0,4.16,13.0,0.0468
2015-05-19 21:00:00,8.3,74,3.9,0.0,0.0,3.96,0.0,0.0
2015-05-19 22:00:00,7.8,76,3.8,0.0,0.0,3.85,0.0,0.0
2015-05-19 23:00:00,7.1,79,3.7,0.0,0.0,4.04,0.0,0.0
2015-05-20 00:00:00,6.5,81,3.5,0.0,0.0,3.81,0.0,0.0
2015-05-20 01:00:00,6.1,83,3.3,0.0,0.0,4.23,0.0,0.0
2015-05-20 02:00:00,5.7,84,3.2,0.0,0.0,4.34,0.0,0.0
2015-05-20 03:00:00,5.3,86,3.1,0.0,0.0,3.98,0.0,0.0
2015-05-20 04:00:00,4.9,87,3.0,0.0,0.0,3.71,0.0,0.0
2015-05-20 05:00:00,5.1,86,3.0,0.0,0.0,3.88,26.0,0.0936
2015-05-20 06:00:00,6.5,82,3.6,0.0,0.0,3.88,139.0,0.5004
2015-05-20 07:00:00,8.1,76,4.0,0.0,0.0,5.23,293.0,1.0548
2015-05-20 08:00:00,9.7,68,4.0,0.0,0.0,5.72,455.0,1.638
2015-05-20 09:00:00,10.7,62,3.8,0.2,0.0,5.53,496.0,1.7855999999999999
2015-05-20 10:00:00,11.6,58,3.6,0.2,0.0,4.58,592.0,2.1311999999999998
2015-05-20 11:00:00,12.3,55,3.5,0.1,0.0,4.36,558.0,2.0088
2015-05-20 12:00:00,13.2,51,3.2,0.3,0.0,4.57,571.0,2.0556
2015-05-20 13:00:00,13.2,53,3.9,0.2,0.0,4.8,479.0,1.7244
2015-05-20 14:00:00,13.8,55,5.0,0.0,0.0,4.94,556.0,2.0016
2015-05-20 15:00:00,14.2,56,5.5,0.0,0.0,4.98,540.0,1.944
2015-05-20 16:00:00,14.2,57,5.8,0.0,0.0,5.11,491.0,1.7676
2015-05-20 17:00:00,13.6,59,5.7,0.1,0.0,5.5,372.0,1.3392
2015-05-20 18:00:00,13.1,60,5.6,0.0,0.0,4.53,225.0,0.8099999999999999
2015-05-20 19:00:00,12.5,63,5.7,0.0,0.0,3.82,84.0,0.3024
2015-05-20 20:00:00,11.7,65,5.4,0.0,0.0,3.32,16.0,0.0576
2015-05-20 21:00:00,11.0,67,5.2,0.0,0.0,3.11,0.0,0.0
2015-05-20 22:00:00,9.9,71,5.0,0.0,0.0,2.28,0.0,0.0
2015-05-20 23:00:00,8.8,76,4.8,0.0,0.0,2.02,0.0,0.0
2015-05-21 00:00:00,7.7,80,4.5,0.0,0.0,2.14,0.0,0.0
2015-05-21 01:00:00,6.7,84,4.2,0.0,0.0,2.53,0.0,0.0
2015-05-21 02:00:00,6.0,86,3.9,0.0,0.0,2.61,0.0,0.0
2015-05-21 03:00:00,5.4,88,3.6,0.0,0.0,2.51,0.0,0.0
2015-05-21 04:00:00,4.9,90,3.3,0.0,0.0,2.3,0.0,0.0
2015-05-21 05:00:00,5.3,90,3.7,0.0,0.0,2.41,26.0,0.0936
2015-05-21 06:00:00,7.8,82,4.9,0.0,0.0,2.32,133.0,0.4788
2015-05-21 07:00:00,9.8,79,6.2,0.0,0.0,2.26,256.0,0.9216
2015-05-21 08:00:00,11.6,75,7.2,0.0,0.0,2.31,357.0,1.2852
2015-05-21 09:00:00,13.2,70,7.8,0.0,0.0,2.56,471.0,1.6956
2015-05-21 10:00:00,14.9,63,8.0,0.0,0.0,2.58,633.0,2.2788
2015-05-21 11:00:00,16.1,54,6.7,0.0,0.0,3.67,629.0,2.2643999999999997
2015-05-21 12:00:00,16.5,50,6.0,0.0,0.0,4.15,524.0,1.8863999999999999
2015-05-21 13:00:00,16.6,49,5.9,0.0,0.0,4.21,448.0,1.6128
2015-05-21 14:00:00,16.6,49,5.8,0.0,0.0,4.34,385.0,1.386
2015-05-21 15:00:00,17.1,46,5.5,0.0,0.0,4.46,473.0,1.7027999999999999
2015-05-21 16:00:00,17.4,45,5.4,0.0,0.0,4.44,465.0,1.674
2015-05-21 17:00:00,17.3,45,5.3,0.0,0.0,4.57,387.0,1.3932
2015-05-21 18:00:00,16.7,50,6.1,0.0,0.0,3.77,257.0,0.9252
2015-05-21 19:00:00,15.5,60,7.7,0.0,0.0,3.23,107.0,0.3852
2015-05-21 20:00:00,14.0,65,7.5,0.0,0.0,3.23,20.0,0.072
2015-05-21 21:00:00,12.5,70,7.3,0.0,0.0,3.67,0.0,0.0
2015-05-21 22:00:00,11.3,75,7.1,0.0,0.0,3.49,0.0,0.0
2015-05-21 23:00:00,10.1,81,7.0,0.0,0.0,3.18,0.0,0.0
2015-05-22 00:00:00,9.2,86,7.0,0.0,0.0,3.04,0.0,0.0
2015-05-22 01:00:00,8.3,90,6.8,0.0,0.0,2.67,0.0,0.0
2015-05-22 02:00:00,7.6,93,6.5,0.0,0.0,2.57,0.0,0.0
2015-05-22 03:00:00,7.0,94,6.1,0.0,0.0,2.38,0.0,0.0
2015-05-22 04:00:00,6.5,95,5.7,0.0,0.0,2.28,0.0,0.0
2015-05-22 05:00:00,6.5,95,5.8,0.0,0.0,2.5,28.0,0.1008
2015-05-22 06:00:00,8.5,88,6.6,0.0,0.0,2.28,134.0,0.4824
2015-05-22 07:00:00,10.5,84,8.0,0.0,0.0,2.12,211.0,0.7595999999999999
2015-05-22 08:00:00,12.1,80,8.7,0.0,0.0,2.2,316.0,1.1376
2015-05-22 09:00:00,13.7,75,9.3,0.0,0.0,2.44,419.0,1.5084
2015-05-22 10:00:00,15.0,70,9.7,0.0,0.0,2.88,478.0,1.7207999999999999
2015-05-22 11:00:00,16.0,67,9.9,0.0,0.0,3.13,472.0,1.6992
2015-05-22 12:00:00,16.8,65,10.1,0.0,0.0,3.27,448.0,1.6128
2015-05-22 13:00:00,17.2,65,10.6,0.0,0.0,3.54,452.0,1.6272
2015-05-22 14:00:00,16.7,69,11.0,0.0,0.0,3.54,243.0,0.8748
2015-05-22 15:00:00,16.1,73,11.3,0.0,0.0,3.11,150.0,0.54
2015-05-22 16:00:00,16.2,74,11.5,0.0,0.0,2.71,200.0,0.72
2015-05-22 17:00:00,16.6,71,11.4,0.0,0.0,2.67,186.0,0.6696
2015-05-22 18:00:00,16.6,72,11.6,0.0,0.0,2.06,113.0,0.4068
2015-05-22 19:00:00,16.5,75,12.0,0.0,0.0,1.4,59.0,0.2124
2015-05-22 20:00:00,15.1,80,11.8,0.0,0.0,1.73,15.0,0.054
2015-05-22 21:00:00,13.8,86,11.5,0.0,0.0,1.82,0.0,0.0
2015-05-22 22:00:00,13.3,88,11.4,0.0,0.0,1.9,0.0,0.0
2015-05-22 23:00:00,13.1,89,11.3,0.0,0.0,2.26,0.0,0.0
2015-05-23 00:00:00,13.0,91,11.5,0.0,0.0,2.56,0.0,0.0
2015-05-23 01:00:00,12.7,92,11.4,0.0,0.0,2.79,0.0,0.0
2015-05-23 02:00:00,12.7,91,11.2,0.0,0.0,2.97,0.0,0.0
2015-05-23 03:00:00,12.1,92,10.9,0.0,0.0,3.23,0.0,0.0
2015-05-23 04:00:00,11.8,91,10.4,0.0,0.0,3.32,0.0,0.0
2015-05-23 05:00:00,11.4,91,10.0,0.0,0.0,3.2,23.0,0.0828
2015-05-23 06:00:00,11.9,86,9.7,0.0,0.0,3.14,106.0,0.3816
2015-05-23 07:00:00,12.9,86,10.6,0.0,0.0,3.41,231.0,0.8316
2015-05-23 08:00:00,14.0,83,11.2,0.0,0.0,3.16,296.0,1.0655999999999999
2015-05-23 09:00:00,15.0,78,11.1,0.1,0.0,3.14,319.0,1.1483999999999999
2015-05-23 10:00:00,15.4,76,11.1,0.1,0.0,2.47,335.0,1.206
2015-05-23 11:00:00,15.4,75,10.9,0.0,0.0,3.12,316.0,1.1376
2015-05-23 12:00:00,15.1,75,10.6,0.0,0.0,3.36,261.0,0.9396
2015-05-23 13:00:00,14.4,75,10.0,0.0,0.0,3.58,172.0,0.6192
2015-05-23 14:00:00,14.4,70,9.1,0.0,0.0,3.29,238.0,0.8568
2015-05-23 15:00:00,14.5,67,8.5,0.0,0.0,3.08,244.0,0.8784
2015-05-23 16:00:00,14.3,66,7.9,0.0,0.0,2.82,159.0,0.5724
2015-05-23 17:00:00,14.1,65,7.5,0.0,0.0,2.6,117.0,0.42119999999999996
2015-05-23 18:00:00,13.7,66,7.4,0.0,0.0,2.41,59.0,0.2124
2015-05-23 19:00:00,13.0,66,6.7,0.0,0.0,2.16,47.0,0.1692
2015-05-23 20:00:00,12.5,66,6.4,0.0,0.0,2.42,7.0,0.0252
2015-05-23 21:00:00,11.9,68,6.2,0.0,0.0,2.47,0.0,0.0
2015-05-23 22:00:00,11.5,69,6.0,0.0,0.0,2.55,0.0,0.0
2015-05-23 23:00:00,11.2,70,5.9,0.0,0.0,2.3,0.0,0.0
2015-05-24 00:00:00,10.9,72,6.0,0.0,0.0,1.84,0.0,0.0
2015-05-24 01:00:00,10.5,74,6.1,0.0,0.0,1.96,0.0,0.0
2015-05-24 02:00:00,10.5,74,6.1,0.0,0.0,2.3,0.0,0.0
2015-05-24 03:00:00,10.4,75,6.1,0.0,0.0,2.5,0.0,0.0
2015-05-24 04:00:00,10.2,76,6.1,0.0,0.0,2.67,0.0,0.0
2015-05-24 05:00:00,10.4,77,6.5,0.0,0.0,2.88,13.0,0.0468
2015-05-24 06:00:00,11.1,75,6.7,0.0,0.0,3.13,69.0,0.24839999999999998
2015-05-24 07:00:00,11.9,77,8.0,0.0,0.0,3.76,123.0,0.44279999999999997
2015-05-24 08:00:00,13.3,75,9.1,0.0,0.0,3.98,287.0,1.0332
2015-05-24 09:00:00,14.8,71,9.6,0.0,0.0,4.25,418.0,1.5048
2015-05-24 10:00:00,16.0,65,9.4,0.0,0.0,3.21,454.0,1.6343999999999999
2015-05-24 11:00:00,17.3,60,9.5,0.0,0.0,2.62,521.0,1.8756
2015-05-24 12:00:00,17.8,60,10.0,0.2,0.0,3.13,492.0,1.7711999999999999
2015-05-24 13:00:00,17.6,66,11.1,0.3,0.0,3.54,427.0,1.5372
2015-05-24 14:00:00,16.7,73,11.9,0.1,0.0,3.7,180.0,0.648
2015-05-24 15:00:00,16.6,74,12.0,0.1,0.0,3.71,178.0,0.6408
2015-05-24 16:00:00,16.1,79,12.4,0.2,0.0,3.14,83.0,0.2988
2015-05-24 17:00:00,15.7,81,12.5,0.1,0.0,2.95,64.0,0.2304
2015-05-24 18:00:00,15.2,85,12.7,0.1,0.0,3.04,29.0,0.10439999999999999
2015-05-24 19:00:00,15.4,86,13.0,0.0,0.0,2.78,52.0,0.1872
2015-05-24 20:00:00,14.4,88,12.5,0.0,0.0,2.92,17.0,0.0612
2015-05-24 21:00:00,13.3,89,11.5,0.0,0.0,3.07,0.0,0.0
2015-05-24 22:00:00,12.2,86,9.8,0.0,0.0,2.62,0.0,0.0
2015-05-24 23:00:00,10.9,81,7.8,0.0,0.0,3.67,0.0,0.0
2015-05-25 00:00:00,9.9,79,6.4,0.0,0.0,3.76,0.0,0.0
2015-05-25 01:00:00,9.2,79,5.8,0.0,0.0,3.67,0.0,0.0
2015-05-25 02:00:00,8.8,79,5.4,0.0,0.0,3.29,0.0,0.0
2015-05-25 03:00:00,8.1,81,5.0,0.0,0.0,3.05,0.0,0.0
2015-05-25 04:00:00,7.5,84,4.9,0.0,0.0,2.92,0.0,0.0
2015-05-25 05:00:00,7.5,85,5.1,0.0,0.0,2.91,29.0,0.10439999999999999
2015-05-25 06:00:00,8.9,81,5.8,0.0,0.0,2.83,135.0,0.486
2015-05-25 07:00:00,10.5,75,6.3,0.0,0.0,3.11,195.0,0.702
2015-05-25 08:00:00,11.7,68,6.0,0.0,0.0,3.82,296.0,1.0655999999999999
2015-05-25 09:00:00,12.5,62,5.3,0.0,0.0,4.55,343.0,1.2348
2015-05-25 10:00:00,12.5,62,5.3,0.0,0.0,3.92,193.0,0.6948
2015-05-25 11:00:00,12.9,60,5.4,0.0,0.0,4.05,281.0,1.0116
2015-05-25 12:00:00,13.4,59,5.5,0.0,0.0,3.97,294.0,1.0584
2015-05-25 13:00:00,13.8,58,5.6,0.0,0.0,3.61,352.0,1.2671999999999999
2015-05-25 14:00:00,13.9,59,6.1,0.0,0.0,3.47,270.0,0.972
2015-05-25 15:00:00,14.1,60,6.4,0.0,0.0,3.48,287.0,1.0332
2015-05-25 16:00:00,14.0,61,6.5,0.0,0.0,3.36,196.0,0.7056
2015-05-25 17:00:00,14.0,62,6.8,0.0,0.0,2.88,143.0,0.5148
2015-05-25 18:00:00,13.8,64,7.2,0.0,0.0,2.64,90.0,0.324
2015-05-25 19:00:00,13.6,68,7.8,0.0,0.0,2.55,34.0,0.1224
2015-05-25 20:00:00,13.2,70,7.8,0.0,0.0,2.73,6.0,0.0216
2015-05-25 21:00:00,12.8,72,7.9,0.0,0.0,2.86,0.0,0.0
2015-05-25 22:00:00,12.4,75,8.0,0.0,0.0,2.56,0.0,0.0
2015-05-25 23:00:00,11.9,78,8.1,0.0,0.0,2.64,0.0,0.0
2015-05-26 00:00:00,11.5,79,8.0,0.0,0.0,2.76,0.0,0.0
2015-05-26 01:00:00,11.3,79,7.8,0.0,0.0,2.77,0.0,0.0
2015-05-26 02:00:00,10.8,81,7.7,0.0,0.0,2.98,0.0,0.0
2015-05-26 03:00:00,10.4,83,7.6,0.0,0.0,2.92,0.0,0.0
2015-05-26 04:00:00,9.9,85,7.5,0.0,0.0,3.0,0.0,0.0
2015-05-26 05:00:00,10.0,85,7.6,0.0,0.0,3.22,22.0,0.07919999999999999
2015-05-26 06:00:00,10.3,82,7.4,0.0,0.0,3.5,111.0,0.3996
2015-05-26 07:00:00,11.6,77,7.6,0.0,0.0,4.68,224.0,0.8064
2015-05-26 08:00:00,12.3,72,7.4,0.0,0.0,4.7,316.0,1.1376
2015-05-26 09:00:00,13.2,67,7.1,0.0,0.0,4.5,440.0,1.5839999999999999
2015-05-26 10:00:00,13.8,64,7.0,0.0,0.0,3.69,450.0,1.6199999999999999
2015-05-26 11:00:00,14.4,62,7.1,0.0,0.0,3.41,495.0,1.782
2015-05-26 12:00:00,15.2,60,7.4,0.0,0.0,3.5,589.0,2.1204
2015-05-26 13:00:00,16.1,56,7.3,0.0,0.0,3.81,657.0,2.3651999999999997
2015-05-26 14:00:00,16.7,53,7.0,0.0,0.0,4.16,488.0,1.7568
2015-05-26 15:00:00,16.8,52,6.8,0.0,0.0,4.25,361.0,1.2995999999999999
2015-05-26 16:00:00,16.8,52,6.9,0.0,0.0,4.25,258.0,0.9288
2015-05-26 17:00:00,16.6,53,7.0,0.0,0.0,4.11,220.0,0.7919999999999999
2015-05-26 18:00:00,16.3,56,7.6,0.0,0.0,3.71,138.0,0.49679999999999996
2015-05-26 19:00:00,15.5,60,7.7,0.0,0.0,3.14,115.0,0.414
2015-05-26 20:00:00,13.8,66,7.6,0.0,0.0,3.02,25.0,0.09
2015-05-26 21:00:00,12.4,72,7.6,0.0,0.0,3.28,0.0,0.0
2015-05-26 22:00:00,11.2,77,7.3,0.0,0.0,2.9,0.0,0.0
2015-05-26 23:00:00,10.1,79,6.5,0.0,0.0,3.3,0.0,0.0
2015-05-27 00:00:00,9.1,79,5.6,0.0,0.0,3.33,0.0,0.0
2015-05-27 01:00:00,8.1,80,4.8,0.0,0.0,3.08,0.0,0.0
2015-05-27 02:00:00,7.2,83,4.4,0.0,0.0,2.69,0.0,0.0
2015-05-27 03:00:00,6.3,87,4.3,0.0,0.0,2.28,0.0,0.0
2015-05-27 04:00:00,5.5,90,3.9,0.0,0.0,2.52,0.0,0.0
2015-05-27 05:00:00,5.8,89,4.2,0.0,0.0,2.98,36.0,0.1296
2015-05-27 06:00:00,7.7,82,4.7,0.0,0.0,3.04,150.0,0.54
2015-05-27 07:00:00,9.5,75,5.2,0.0,0.0,3.11,296.0,1.0655999999999999
2015-05-27 08:00:00,11.1,68,5.3,0.0,0.0,2.42,472.0,1.6992
2015-05-27 09:00:00,12.4,62,5.3,0.0,0.0,1.84,622.0,2.2392
2015-05-27 10:00:00,13.8,57,5.5,0.0,0.0,1.55,746.0,2.6856
2015-05-27 11:00:00,15.1,54,5.8,0.0,0.0,1.96,835.0,3.006
2015-05-27 12:00:00,16.2,51,6.1,0.0,0.0,2.46,886.0,3.1896
2015-05-27 13:00:00,17.2,49,6.3,0.0,0.0,3.11,879.0,3.1644
2015-05-27 14:00:00,17.9,47,6.6,0.0,0.0,4.22,802.0,2.8872
2015-05-27 15:00:00,18.2,48,7.1,0.0,0.0,4.97,716.0,2.5776
2015-05-27 16:00:00,18.0,50,7.5,0.0,0.0,5.76,511.0,1.8396
2015-05-27 17:00:00,17.1,54,7.6,0.0,0.0,5.92,271.0,0.9756
2015-05-27 18:00:00,16.1,58,7.9,0.0,0.0,5.48,148.0,0.5327999999999999
2015-05-27 19:00:00,14.4,70,9.1,0.8,0.0,5.02,71.0,0.2556
2015-05-27 20:00:00,13.1,79,9.6,0.5,0.0,4.68,11.0,0.039599999999999996
2015-05-27 21:00:00,12.3,85,9.8,0.3,0.0,5.09,0.0,0.0
2015-05-27 22:00:00,11.9,87,9.8,0.0,0.0,5.24,0.0,0.0
2015-05-27 23:00:00,11.9,86,9.6,0.0,0.0,5.19,0.0,0.0
2015-05-28 00:00:00,11.9,84,9.2,0.0,0.0,5.06,0.0,0.0
2015-05-28 01:00:00,11.8,83,9.0,0.0,0.0,5.03,0.0,0.0
2015-05-28 02:00:00,11.7,84,9.0,0.0,0.0,4.96,0.0,0.0
2015-05-28 03:00:00,11.3,86,9.0,0.0,0.0,4.89,0.0,0.0
2015-05-28 04:00:00,11.5,85,9.1,0.1,0.0,4.97,0.0,0.0
2015-05-28 05:00:00,11.6,86,9.3,0.0,0.0,4.9,19.0,0.0684
2015-05-28 06:00:00,11.9,82,9.0,0.0,0.0,4.93,131.0,0.47159999999999996
2015-05-28 07:00:00,12.6,76,8.4,0.0,0.0,5.42,284.0,1.0224
2015-05-28 08:00:00,12.9,69,7.4,0.0,0.0,5.15,397.0,1.4292
2015-05-28 09:00:00,13.6,63,6.7,0.0,0.0,5.14,544.0,1.9584
2015-05-28 10:00:00,14.4,58,6.2,0.0,0.0,4.61,719.0,2.5884
2015-05-28 11:00:00,15.1,52,5.4,0.0,0.0,5.4,761.0,2.7396
2015-05-28 12:00:00,15.7,47,4.4,0.0,0.0,5.8,699.0,2.5164
2015-05-28 13:00:00,16.0,43,3.5,0.0,0.0,5.9,683.0,2.4588
2015-05-28 14:00:00,16.2,41,2.8,0.0,0.0,5.9,592.0,2.1311999999999998
2015-05-28 15:00:00,16.1,40,2.4,0.0,0.0,5.8,493.0,1.7748
2015-05-28 16:00:00,15.6,40,2.1,0.0,0.0,5.6,371.0,1.3356
2015-05-28 17:00:00,15.2,41,2.1,0.0,0.0,5.4,297.0,1.0692
2015-05-28 18:00:00,14.7,44,2.6,0.0,0.0,4.41,232.0,0.8351999999999999
2015-05-28 19:00:00,14.1,47,3.0,0.0,0.0,3.83,136.0,0.4896
2015-05-28 20:00:00,12.7,52,3.2,0.0,0.0,3.92,29.0,0.10439999999999999
2015-05-28 21:00:00,11.7,58,3.7,0.0,0.0,4.05,0.0,0.0
2015-05-28 22:00:00,10.8,63,4.0,0.0,0.0,3.74,0.0,0.0
2015-05-28 23:00:00,10.0,67,4.1,0.0,0.0,3.71,0.0,0.0
2015-05-29 00:00:00,9.3,70,4.1,0.0,0.0,3.45,0.0,0.0
2015-05-29 01:00:00,8.4,74,4.1,0.0,0.0,3.18,0.0,0.0
2015-05-29 02:00:00,8.1,76,4.1,0.0,0.0,3.28,0.0,0.0
2015-05-29 03:00:00,8.0,77,4.1,0.0,0.0,3.58,0.0,0.0
2015-05-29 04:00:00,8.0,77,4.2,0.0,0.0,3.69,0.0,0.0
2015-05-29 05:00:00,8.5,77,4.7,0.0,0.0,3.75,20.0,0.072
2015-05-29 06:00:00,9.2,77,5.5,0.0,0.0,4.67,75.0,0.27
2015-05-29 07:00:00,11.1,73,6.5,0.0,0.0,6.24,252.0,0.9072
2015-05-29 08:00:00,12.3,64,5.7,0.0,0.0,6.44,295.0,1.062
2015-05-29 09:00:00,13.2,60,5.6,0.0,0.0,8.23,360.0,1.296
2015-05-29 10:00:00,12.6,69,7.1,0.6,0.0,7.85,161.0,0.5796
2015-05-29 11:00:00,12.0,79,8.5,1.5,0.0,8.99,148.0,0.5327999999999999
2015-05-29 12:00:00,12.0,88,10.0,1.0,0.0,7.58,217.0,0.7812
2015-05-29 13:00:00,11.6,85,9.1,0.5,0.0,6.48,253.0,0.9107999999999999
2015-05-29 14:00:00,12.4,77,8.6,0.1,0.0,6.17,370.0,1.332
2015-05-29 15:00:00,14.0,68,8.3,0.0,0.0,6.41,603.0,2.1708
2015-05-29 16:00:00,13.1,67,7.1,1.6,0.0,6.41,581.0,2.0916
2015-05-29 17:00:00,12.3,65,6.0,0.3,0.0,5.92,337.0,1.2132
2015-05-29 18:00:00,12.2,60,4.8,0.0,0.0,4.7,213.0,0.7667999999999999
2015-05-29 19:00:00,11.6,62,4.6,0.0,0.0,4.03,121.0,0.4356
2015-05-29 20:00:00,10.6,63,3.8,0.0,0.0,3.64,33.0,0.1188
2015-05-29 21:00:00,9.6,66,3.5,0.0,0.0,3.34,0.0,0.0
2015-05-29 22:00:00,8.7,70,3.4,0.0,0.0,3.4,0.0,0.0
2015-05-29 23:00:00,7.9,74,3.5,0.0,0.0,3.55,0.0,0.0
2015-05-30 00:00:00,7.3,77,3.5,0.0,0.0,3.69,0.0,0.0
2015-05-30 01:00:00,6.8,80,3.7,0.0,0.0,3.71,0.0,0.0
2015-05-30 02:00:00,6.4,83,3.7,0.0,0.0,3.54,0.0,0.0
2015-05-30 03:00:00,6.0,85,3.7,0.0,0.0,3.52,0.0,0.0
2015-05-30 04:00:00,5.7,87,3.6,0.0,0.0,3.54,0.0,0.0
2015-05-30 05:00:00,6.3,85,3.9,0.0,0.0,3.61,35.0,0.126
2015-05-30 06:00:00,8.1,78,4.5,0.0,0.0,3.55,151.0,0.5436
2015-05-30 07:00:00,9.9,76,5.9,0.0,0.0,4.0,305.0,1.0979999999999999
2015-05-30 08:00:00,11.3,65,5.0,0.0,0.0,4.64,461.0,1.6596
2015-05-30 09:00:00,12.3,58,4.2,0.0,0.0,4.96,511.0,1.8396
2015-05-30 10:00:00,13.4,50,3.3,0.0,0.0,3.62,603.0,2.1708
2015-05-30 11:00:00,13.8,46,2.5,0.0,0.0,3.61,515.0,1.8539999999999999
2015-05-30 12:00:00,14.0,46,2.5,0.0,0.0,3.76,438.0,1.5768
2015-05-30 13:00:00,14.5,44,2.2,0.0,0.0,4.31,466.0,1.6776
2015-05-30 14:00:00,15.2,42,2.2,0.0,0.0,4.57,550.0,1.98
2015-05-30 15:00:00,15.7,40,2.2,0.0,0.0,4.72,529.0,1.9043999999999999
2015-05-30 16:00:00,15.7,41,2.4,0.0,0.0,4.69,415.0,1.494
2015-05-30 17:00:00,15.6,43,3.2,0.0,0.0,4.68,386.0,1.3896
2015-05-30 18:00:00,14.7,51,4.6,0.0,0.0,4.6,267.0,0.9611999999999999
2015-05-30 19:00:00,13.4,63,6.4,0.0,0.0,4.83,102.0,0.36719999999999997
2015-05-30 20:00:00,12.1,71,6.9,0.0,0.0,4.61,23.0,0.0828
2015-05-30 21:00:00,11.1,76,7.0,0.0,0.0,4.07,0.0,0.0
2015-05-30 22:00:00,10.5,78,6.9,0.0,0.0,3.55,0.0,0.0
2015-05-30 23:00:00,10.3,79,6.8,0.0,0.0,3.63,0.0,0.0
2015-05-31 00:00:00,10.6,77,6.8,0.0,0.0,4.11,0.0,0.0
2015-05-31 01:00:00,10.8,78,7.1,0.0,0.0,4.7,0.0,0.0
2015-05-31 02:00:00,11.0,80,7.7,0.5,0.0,5.22,0.0,0.0
2015-05-31 03:00:00,11.2,85,8.9,0.6,0.0,5.56,0.0,0.0
2015-05-31 04:00:00,11.6,91,10.2,0.4,0.0,6.24,0.0,0.0
2015-05-31 05:00:00,12.1,93,11.0,0.1,0.0,7.02,4.0,0.0144
2015-05-31 06:00:00,12.3,94,11.3,0.0,0.0,7.32,10.0,0.036
2015-05-31 07:00:00,12.7,94,11.8,0.1,0.0,7.03,16.0,0.0576
2015-05-31 08:00:00,13.0,94,12.1,0.0,0.0,6.75,27.0,0.0972
2015-05-31 09:00:00,13.4,94,12.5,0.0,0.0,6.09,53.0,0.1908
2015-05-31 10:00:00,14.1,91,12.6,0.0,0.0,5.86,89.0,0.3204
2015-05-31 11:00:00,14.4,89,12.6,0.0,0.0,5.88,77.0,0.2772
2015-05-31 12:00:00,14.5,88,12.5,0.0,0.0,5.87,73.0,0.2628
2015-05-31 13:00:00,14.2,86,12.0,0.0,0.0,5.69,77.0,0.2772
2015-05-31 14:00:00,14.0,82,10.9,0.0,0.0,5.22,123.0,0.44279999999999997
2015-05-31 15:00:00,13.7,76,9.6,0.0,0.0,5.42,157.0,0.5652
2015-05-31 16:00:00,13.3,71,8.3,0.0,0.0,5.85,166.0,0.5976
2015-05-31 17:00:00,12.9,65,6.5,0.0,0.0,5.92,168.0,0.6048
2015-05-31 18:00:00,12.4,63,5.4,0.0,0.0,5.41,122.0,0.4392
2015-05-31 19:00:00,11.7,66,5.5,0.0,0.0,4.85,108.0,0.3888
2015-05-31 20:00:00,10.8,63,4.0,0.0,0.0,4.12,31.0,0.11159999999999999
2015-05-31 21:00:00,10.0,63,3.2,0.0,0.0,3.93,0.0,0.0
2015-05-31 22:00:00,9.6,63,2.8,0.0,0.0,4.81,0.0,0.0
2015-05-31 23:00:00,9.2,63,2.6,0.0,0.0,4.88,0.0,0.0
2015-06-01 00:00:00,8.4,66,2.5,0.0,0.0,4.36,0.0,0.0
2015-06-01 01:00:00,7.7,70,2.6,0.0,0.0,4.2,0.0,0.0
2015-06-01 02:00:00,7.5,72,2.7,0.0,0.0,4.11,0.0,0.0
2015-06-01 03:00:00,7.4,73,2.9,0.0,0.0,3.76,0.0,0.0
2015-06-01 04:00:00,7.3,74,3.0,0.0,0.0,3.56,0.0,0.0
2015-06-01 05:00:00,7.6,74,3.4,0.0,0.0,3.75,24.0,0.0864
2015-06-01 06:00:00,8.5,73,4.0,0.0,0.0,3.86,101.0,0.3636
2015-06-01 07:00:00,9.8,76,5.7,0.0,0.0,4.68,216.0,0.7776
2015-06-01 08:00:00,11.5,63,4.7,0.0,0.0,5.78,395.0,1.422
2015-06-01 09:00:00,12.4,58,4.3,0.0,0.0,6.01,481.0,1.7316
2015-06-01 10:00:00,13.3,53,4.0,0.2,0.0,5.54,622.0,2.2392
2015-06-01 11:00:00,13.9,54,4.7,0.1,0.0,6.07,616.0,2.2176
2015-06-01 12:00:00,14.0,56,5.3,0.1,0.0,6.36,581.0,2.0916
2015-06-01 13:00:00,14.1,57,5.7,0.2,0.0,7.74,606.0,2.1816
2015-06-01 14:00:00,13.9,58,5.6,0.0,0.0,8.13,544.0,1.9584
2015-06-01 15:00:00,13.1,61,5.7,0.0,0.0,8.3,311.0,1.1196
2015-06-01 16:00:00,12.0,68,6.4,0.3,0.0,7.58,187.0,0.6732
2015-06-01 17:00:00,11.7,72,6.8,0.3,0.0,6.84,178.0,0.6408
2015-06-01 18:00:00,11.4,73,6.8,0.2,0.0,7.18,143.0,0.5148
2015-06-01 19:00:00,11.7,70,6.4,0.2,0.0,8.36,45.0,0.162
2015-06-01 20:00:00,11.3,74,6.7,0.3,0.0,8.6,15.0,0.054
2015-06-01 21:00:00,11.1,75,6.9,0.3,0.0,9.05,0.0,0.0
2015-06-01 22:00:00,10.9,78,7.3,0.4,0.0,9.18,0.0,0.0
2015-06-01 23:00:00,11.0,80,7.6,0.3,0.0,9.47,0.0,0.0
2015-06-02 00:00:00,11.1,81,8.1,0.3,0.0,9.85,0.0,0.0
2015-06-02 01:00:00,11.3,85,8.8,0.1,0.0,10.15,0.0,0.0
2015-06-02 02:00:00,11.7,87,9.6,0.0,0.0,10.07,0.0,0.0
2015-06-02 03:00:00,12.2,87,10.2,0.0,0.0,9.54,0.0,0.0
2015-06-02 04:00:00,12.7,88,10.8,0.0,0.0,9.12,0.0,0.0
2015-06-02 05:00:00,13.2,89,11.3,0.0,0.0,8.96,3.0,0.0108
2015-06-02 06:00:00,13.5,89,11.8,0.0,0.0,8.95,12.0,0.0432
2015-06-02 07:00:00,13.9,90,12.3,0.0,0.0,8.95,32.0,0.1152
2015-06-02 08:00:00,14.2,89,12.5,0.0,0.0,8.95,48.0,0.1728
2015-06-02 09:00:00,14.6,87,12.5,0.0,0.0,10.07,81.0,0.29159999999999997
2015-06-02 10:00:00,14.8,87,12.6,0.0,0.0,9.59,87.0,0.3132
2015-06-02 11:00:00,14.9,87,12.8,0.1,0.0,11.18,128.0,0.4608
2015-06-02 12:00:00,15.2,86,12.8,0.0,0.0,10.36,114.0,0.4104
2015-06-02 13:00:00,15.4,84,12.8,0.1,0.0,10.29,129.0,0.4644
2015-06-02 14:00:00,15.7,83,12.9,0.2,0.0,10.19,197.0,0.7091999999999999
2015-06-02 15:00:00,16.6,76,12.3,0.0,0.0,8.56,299.0,1.0764
2015-06-02 16:00:00,17.2,68,11.2,0.0,0.0,8.84,349.0,1.2564
2015-06-02 17:00:00,16.8,65,10.1,0.0,0.0,8.16,274.0,0.9863999999999999
2015-06-02 18:00:00,15.9,65,9.4,0.0,0.0,7.52,163.0,0.5868
2015-06-02 19:00:00,15.2,70,9.8,0.0,0.0,7.35,71.0,0.2556
2015-06-02 20:00:00,14.3,72,9.3,0.0,0.0,6.69,23.0,0.0828
2015-06-02 21:00:00,13.5,75,9.1,0.0,0.0,6.41,0.0,0.0
2015-06-02 22:00:00,13.2,75,8.9,0.0,0.0,6.02,0.0,0.0
2015-06-02 23:00:00,12.4,77,8.6,0.0,0.0,5.97,0.0,0.0
2015-06-03 00:00:00,12.1,77,8.2,0.0,0.0,5.77,0.0,0.0
2015-06-03 01:00:00,11.8,78,8.0,0.0,0.0,5.59,0.0,0.0
2015-06-03 02:00:00,11.8,77,7.8,0.0,0.0,5.3,0.0,0.0
2015-06-03 03:00:00,11.6,77,7.7,0.0,0.0,5.16,0.0,0.0
2015-06-03 04:00:00,11.3,78,7.6,0.0,0.0,5.15,0.0,0.0
2015-06-03 05:00:00,11.4,78,7.7,0.0,0.0,5.05,19.0,0.0684
2015-06-03 06:00:00,11.8,77,7.9,0.0,0.0,5.1,114.0,0.4104
2015-06-03 07:00:00,12.5,75,8.2,0.0,0.0,5.58,212.0,0.7632
2015-06-03 08:00:00,13.7,67,7.8,0.0,0.0,5.35,406.0,1.4616
2015-06-03 09:00:00,14.5,61,7.1,0.0,0.0,5.1,454.0,1.6343999999999999
2015-06-03 10:00:00,14.8,59,6.7,0.0,0.0,4.1,380.0,1.3679999999999999
2015-06-03 11:00:00,15.7,55,6.6,0.0,0.0,3.9,572.0,2.0592
2015-06-03 12:00:00,16.4,52,6.5,0.0,0.0,3.7,643.0,2.3148
2015-06-03 13:00:00,16.7,50,6.4,0.0,0.0,3.61,603.0,2.1708
2015-06-03 14:00:00,17.0,49,6.3,0.0,0.0,3.61,561.0,2.0196
2015-06-03 15:00:00,17.1,49,6.3,0.0,0.0,3.4,508.0,1.8288
2015-06-03 16:00:00,17.1,48,6.1,0.0,0.0,3.01,417.0,1.5011999999999999
2015-06-03 17:00:00,16.9,48,5.9,0.0,0.0,2.82,313.0,1.1268
2015-06-03 18:00:00,16.5,49,5.8,0.0,0.0,2.52,200.0,0.72
2015-06-03 19:00:00,16.3,55,7.2,0.0,0.0,1.61,132.0,0.4752
2015-06-03 20:00:00,15.1,62,7.8,0.0,0.0,1.8,31.0,0.11159999999999999
2015-06-03 21:00:00,13.1,74,8.6,0.0,0.0,1.81,0.0,0.0
2015-06-03 22:00:00,11.7,78,7.9,0.0,0.0,1.81,0.0,0.0
2015-06-03 23:00:00,11.0,81,7.8,0.0,0.0,1.96,0.0,0.0
2015-06-04 00:00:00,10.0,83,7.3,0.0,0.0,1.84,0.0,0.0
2015-06-04 01:00:00,9.1,86,6.9,0.0,0.0,1.9,0.0,0.0
2015-06-04 02:00:00,8.7,87,6.6,0.0,0.0,1.88,0.0,0.0
2015-06-04 03:00:00,8.7,87,6.6,0.0,0.0,1.91,0.0,0.0
2015-06-04 04:00:00,8.9,87,6.8,0.0,0.0,1.71,0.0,0.0
2015-06-04 05:00:00,8.9,89,7.2,0.0,0.0,1.24,43.0,0.1548
2015-06-04 06:00:00,10.9,85,8.5,0.0,0.0,1.06,161.0,0.5796
2015-06-04 07:00:00,13.6,73,8.9,0.0,0.0,1.0,314.0,1.1304
2015-06-04 08:00:00,15.7,64,8.9,0.0,0.0,1.75,475.0,1.71
2015-06-04 09:00:00,17.1,57,8.6,0.0,0.0,2.76,623.0,2.2428
2015-06-04 10:00:00,18.1,53,8.3,0.0,0.0,2.83,746.0,2.6856
2015-06-04 11:00:00,19.0,50,8.4,0.0,0.0,3.26,830.0,2.988
2015-06-04 12:00:00,19.6,48,8.3,0.0,0.0,3.54,865.0,3.114
2015-06-04 13:00:00,20.1,46,8.2,0.0,0.0,3.84,867.0,3.1212
2015-06-04 14:00:00,20.3,45,8.0,0.0,0.0,3.97,824.0,2.9663999999999997
2015-06-04 15:00:00,20.5,44,7.8,0.0,0.0,3.86,734.0,2.6424
2015-06-04 16:00:00,20.4,44,7.9,0.0,0.0,3.83,613.0,2.2068
2015-06-04 17:00:00,20.1,47,8.4,0.0,0.0,3.69,464.0,1.6703999999999999
2015-06-04 18:00:00,19.4,53,9.7,0.0,0.0,3.19,304.0,1.0944
2015-06-04 19:00:00,17.8,59,9.8,0.0,0.0,2.64,157.0,0.5652
2015-06-04 20:00:00,16.0,68,10.2,0.0,0.0,2.83,41.0,0.1476
2015-06-04 21:00:00,14.5,76,10.3,0.0,0.0,3.31,0.0,0.0
2015-06-04 22:00:00,13.7,80,10.3,0.0,0.0,3.31,0.0,0.0
2015-06-04 23:00:00,13.3,82,10.2,0.0,0.0,3.34,0.0,0.0
2015-06-05 00:00:00,13.2,82,10.2,0.0,0.0,3.22,0.0,0.0
2015-06-05 01:00:00,13.4,80,10.0,0.0,0.0,3.09,0.0,0.0
2015-06-05 02:00:00,14.0,79,10.4,0.4,0.0,3.72,0.0,0.0
2015-06-05 03:00:00,14.3,80,10.9,0.0,0.0,4.28,0.0,0.0
2015-06-05 04:00:00,14.3,82,11.2,0.2,0.0,3.72,0.0,0.0
2015-06-05 05:00:00,15.0,83,12.2,0.2,0.0,3.52,37.0,0.13319999999999999
2015-06-05 06:00:00,16.5,82,13.4,0.2,0.0,3.61,110.0,0.39599999999999996
2015-06-05 07:00:00,18.4,86,16.0,0.7,0.0,4.47,226.0,0.8136
2015-06-05 08:00:00,18.6,89,16.7,0.2,0.0,4.78,182.0,0.6552
2015-06-05 09:00:00,19.1,88,17.1,0.2,0.0,4.33,241.0,0.8675999999999999
2015-06-05 10:00:00,20.7,80,17.2,0.0,0.0,3.55,458.0,1.6488
2015-06-05 11:00:00,22.1,73,17.1,0.0,0.0,3.82,648.0,2.3327999999999998
2015-06-05 12:00:00,22.5,64,15.4,0.0,0.0,3.68,654.0,2.3544
2015-06-05 13:00:00,22.9,56,13.6,0.0,0.0,4.16,754.0,2.7144
2015-06-05 14:00:00,22.8,55,13.1,0.0,0.0,4.61,706.0,2.5416
2015-06-05 15:00:00,22.9,54,13.0,0.0,0.0,4.89,689.0,2.4804
2015-06-05 16:00:00,22.5,54,12.8,0.0,0.0,5.48,537.0,1.9332
2015-06-05 17:00:00,21.6,57,12.8,0.0,0.0,5.68,414.0,1.4904
2015-06-05 18:00:00,19.9,63,12.6,0.0,0.0,5.58,229.0,0.8244
2015-06-05 19:00:00,18.1,65,11.4,0.0,0.0,5.41,125.0,0.45
2015-06-05 20:00:00,16.0,60,8.2,0.0,0.0,5.3,31.0,0.11159999999999999
2015-06-05 21:00:00,14.2,57,5.8,0.0,0.0,5.1,0.0,0.0
2015-06-05 22:00:00,12.5,60,4.9,0.0,0.0,5.14,0.0,0.0
2015-06-05 23:00:00,11.3,65,5.0,0.0,0.0,5.11,0.0,0.0
2015-06-06 00:00:00,10.4,70,5.1,0.0,0.0,4.8,0.0,0.0
2015-06-06 01:00:00,9.8,73,5.2,0.0,0.0,4.7,0.0,0.0
2015-06-06 02:00:00,9.2,76,5.1,0.0,0.0,4.42,0.0,0.0
2015-06-06 03:00:00,8.7,79,5.2,0.0,0.0,3.81,0.0,0.0
2015-06-06 04:00:00,8.3,83,5.5,0.0,0.0,3.58,0.0,0.0
2015-06-06 05:00:00,8.6,83,5.9,0.0,0.0,3.94,47.0,0.1692
2015-06-06 06:00:00,10.0,79,6.4,0.0,0.0,4.28,169.0,0.6083999999999999
2015-06-06 07:00:00,11.8,74,7.2,0.0,0.0,5.08,321.0,1.1556
2015-06-06 08:00:00,13.3,63,6.3,0.0,0.0,5.91,470.0,1.692
2015-06-06 09:00:00,14.6,54,5.3,0.0,0.0,6.63,593.0,2.1348
2015-06-06 10:00:00,15.2,49,4.6,0.0,0.0,5.95,474.0,1.7064
2015-06-06 11:00:00,15.5,48,4.4,0.0,0.0,6.32,453.0,1.6308
2015-06-06 12:00:00,16.5,44,4.2,0.0,0.0,6.8,615.0,2.214
2015-06-06 13:00:00,17.1,44,4.6,0.0,0.0,6.93,749.0,2.6964
2015-06-06 14:00:00,17.4,43,4.6,0.0,0.0,6.96,756.0,2.7216
2015-06-06 15:00:00,17.2,42,4.3,0.0,0.0,6.9,605.0,2.178
2015-06-06 16:00:00,16.8,43,4.1,0.0,0.0,6.72,450.0,1.6199999999999999
2015-06-06 17:00:00,16.5,43,3.8,0.0,0.0,6.2,398.0,1.4327999999999999
2015-06-06 18:00:00,15.8,45,3.7,0.0,0.0,5.72,275.0,0.99
2015-06-06 19:00:00,15.1,50,4.8,0.0,0.0,4.8,163.0,0.5868
2015-06-06 20:00:00,13.6,54,4.5,0.0,0.0,4.2,45.0,0.162
2015-06-06 21:00:00,12.3,59,4.5,0.0,0.0,3.6,0.0,0.0
2015-06-06 22:00:00,11.1,64,4.6,0.0,0.0,3.26,0.0,0.0
2015-06-06 23:00:00,10.1,69,4.7,0.0,0.0,3.32,0.0,0.0
2015-06-07 00:00:00,9.2,74,4.8,0.0,0.0,3.1,0.0,0.0
2015-06-07 01:00:00,8.4,79,4.9,0.0,0.0,3.03,0.0,0.0
2015-06-07 02:00:00,7.7,83,5.0,0.0,0.0,2.91,0.0,0.0
2015-06-07 03:00:00,7.1,87,5.1,0.0,0.0,2.06,0.0,0.0
2015-06-07 04:00:00,6.6,90,5.0,0.0,0.0,2.15,0.0,0.0
2015-06-07 05:00:00,7.2,90,5.7,0.0,0.0,2.8,46.0,0.1656
2015-06-07 06:00:00,9.8,80,6.5,0.0,0.0,2.62,166.0,0.5976
2015-06-07 07:00:00,11.7,76,7.6,0.0,0.0,3.05,318.0,1.1448
2015-06-07 08:00:00,13.4,67,7.5,0.0,0.0,3.35,477.0,1.7172
2015-06-07 09:00:00,14.7,60,7.0,0.0,0.0,3.04,626.0,2.2536
2015-06-07 10:00:00,15.9,53,6.4,0.0,0.0,2.32,748.0,2.6928
2015-06-07 11:00:00,16.7,48,5.6,0.0,0.0,2.16,798.0,2.8728
2015-06-07 12:00:00,17.3,44,5.1,0.0,0.0,2.18,843.0,3.0347999999999997
2015-06-07 13:00:00,17.9,42,4.8,0.0,0.0,2.5,846.0,3.0456
2015-06-07 14:00:00,18.1,41,4.8,0.0,0.0,2.89,785.0,2.826
2015-06-07 15:00:00,18.3,41,4.7,0.0,0.0,3.13,729.0,2.6244
2015-06-07 16:00:00,18.3,39,4.2,0.0,0.0,3.0,599.0,2.1564
2015-06-07 17:00:00,18.0,39,3.8,0.0,0.0,3.21,412.0,1.4831999999999999
2015-06-07 18:00:00,17.6,39,3.5,0.0,0.0,3.11,280.0,1.008
2015-06-07 19:00:00,16.8,45,4.9,0.0,0.0,2.7,140.0,0.504
2015-06-07 20:00:00,15.4,51,5.2,0.0,0.0,2.71,38.0,0.1368
2015-06-07 21:00:00,14.0,57,5.6,0.0,0.0,3.04,0.0,0.0
2015-06-07 22:00:00,13.0,63,6.1,0.0,0.0,2.35,0.0,0.0
2015-06-07 23:00:00,12.2,68,6.4,0.0,0.0,2.6,0.0,0.0
2015-06-08 00:00:00,11.2,73,6.5,0.0,0.0,2.47,0.0,0.0
2015-06-08 01:00:00,10.4,76,6.3,0.0,0.0,2.33,0.0,0.0
2015-06-08 02:00:00,9.5,79,6.0,0.0,0.0,2.31,0.0,0.0
2015-06-08 03:00:00,9.1,79,5.7,0.0,0.0,2.5,0.0,0.0
2015-06-08 04:00:00,8.6,81,5.5,0.0,0.0,2.6,0.0,0.0
2015-06-08 05:00:00,9.0,80,5.7,0.0,0.0,2.91,44.0,0.15839999999999999
2015-06-08 06:00:00,10.1,75,5.9,0.0,0.0,2.9,136.0,0.4896
2015-06-08 07:00:00,11.9,72,7.1,0.0,0.0,3.0,285.0,1.026
2015-06-08 08:00:00,13.3,68,7.6,0.0,0.0,3.14,393.0,1.4148
2015-06-08 09:00:00,14.6,63,7.6,0.0,0.0,3.26,535.0,1.926
2015-06-08 10:00:00,15.8,54,6.5,0.0,0.0,2.87,642.0,2.3112
2015-06-08 11:00:00,16.0,51,5.9,0.0,0.0,3.38,485.0,1.746
2015-06-08 12:00:00,16.4,48,5.2,0.0,0.0,3.7,513.0,1.8468
2015-06-08 13:00:00,16.4,47,5.0,0.0,0.0,4.1,432.0,1.5552
2015-06-08 14:00:00,16.0,48,5.1,0.0,0.0,4.32,350.0,1.26
2015-06-08 15:00:00,15.4,52,5.5,0.0,0.0,4.69,223.0,0.8028
2015-06-08 16:00:00,15.0,55,5.9,0.0,0.0,4.97,241.0,0.8675999999999999
2015-06-08 17:00:00,15.0,55,5.9,0.0,0.0,5.47,277.0,0.9972
2015-06-08 18:00:00,14.6,56,5.9,0.0,0.0,5.56,241.0,0.8675999999999999
2015-06-08 19:00:00,13.3,62,6.2,0.0,0.0,5.36,129.0,0.4644
2015-06-08 20:00:00,12.2,66,6.0,0.0,0.0,4.9,40.0,0.144
2015-06-08 21:00:00,10.9,70,5.7,0.0,0.0,4.6,0.0,0.0
2015-06-08 22:00:00,10.0,73,5.4,0.0,0.0,4.2,0.0,0.0
2015-06-08 23:00:00,9.2,76,5.2,0.0,0.0,4.25,0.0,0.0
2015-06-09 00:00:00,8.5,78,4.9,0.0,0.0,4.52,0.0,0.0
2015-06-09 01:00:00,8.1,79,4.7,0.0,0.0,4.72,0.0,0.0
2015-06-09 02:00:00,7.8,79,4.5,0.0,0.0,4.84,0.0,0.0
2015-06-09 03:00:00,7.6,79,4.1,0.0,0.0,4.9,0.0,0.0
2015-06-09 04:00:00,7.5,77,3.8,0.0,0.0,4.9,0.0,0.0
2015-06-09 05:00:00,8.0,75,3.8,0.0,0.0,4.71,43.0,0.1548
2015-06-09 06:00:00,9.2,70,4.0,0.0,0.0,5.38,154.0,0.5544
2015-06-09 07:00:00,10.5,68,4.8,0.0,0.0,7.18,279.0,1.0044
2015-06-09 08:00:00,11.4,61,4.2,0.0,0.0,7.18,339.0,1.2204
2015-06-09 09:00:00,12.3,57,3.9,0.0,0.0,6.61,394.0,1.4183999999999999
2015-06-09 10:00:00,13.0,53,3.5,0.0,0.0,6.23,420.0,1.512
2015-06-09 11:00:00,13.4,50,3.1,0.0,0.0,6.3,433.0,1.5588
2015-06-09 12:00:00,14.1,47,3.0,0.0,0.0,6.44,556.0,2.0016
2015-06-09 13:00:00,14.0,47,3.0,0.0,0.0,6.36,477.0,1.7172
2015-06-09 14:00:00,14.2,47,3.0,0.0,0.0,6.3,499.0,1.7964
2015-06-09 15:00:00,14.0,48,3.1,0.0,0.0,6.52,393.0,1.4148
2015-06-09 16:00:00,14.1,48,3.2,0.0,0.0,6.59,399.0,1.4364
2015-06-09 17:00:00,13.4,50,3.2,0.0,0.0,6.58,250.0,0.9
2015-06-09 18:00:00,12.7,52,3.2,0.0,0.0,6.37,169.0,0.6083999999999999
2015-06-09 19:00:00,11.9,56,3.4,0.0,0.0,6.16,120.0,0.432
2015-06-09 20:00:00,11.2,57,3.0,0.0,0.0,5.95,27.0,0.0972
2015-06-09 21:00:00,10.7,59,3.0,0.0,0.0,5.52,0.0,0.0
2015-06-09 22:00:00,10.3,61,3.1,0.0,0.0,4.96,0.0,0.0
2015-06-09 23:00:00,10.1,62,3.2,0.0,0.0,4.95,0.0,0.0
2015-06-10 00:00:00,9.8,64,3.3,0.0,0.0,4.68,0.0,0.0
2015-06-10 01:00:00,9.6,65,3.3,0.0,0.0,4.62,0.0,0.0
2015-06-10 02:00:00,9.5,66,3.4,0.0,0.0,4.64,0.0,0.0
2015-06-10 03:00:00,9.3,67,3.5,0.0,0.0,4.74,0.0,0.0
2015-06-10 04:00:00,9.4,67,3.6,0.0,0.0,4.8,0.0,0.0
2015-06-10 05:00:00,9.5,69,4.1,0.0,0.0,4.77,26.0,0.0936
2015-06-10 06:00:00,10.0,68,4.5,0.0,0.0,5.08,95.0,0.34199999999999997
2015-06-10 07:00:00,11.1,71,6.0,0.0,0.0,5.97,206.0,0.7415999999999999
2015-06-10 08:00:00,12.4,65,6.1,0.0,0.0,6.3,380.0,1.3679999999999999
2015-06-10 09:00:00,13.7,60,6.0,0.0,0.0,6.44,459.0,1.6523999999999999
2015-06-10 10:00:00,14.3,56,5.7,0.0,0.0,5.91,413.0,1.4868
2015-06-10 11:00:00,14.7,55,5.8,0.0,0.0,5.94,425.0,1.53
2015-06-10 12:00:00,15.4,54,6.1,0.0,0.0,5.82,496.0,1.7855999999999999
2015-06-10 13:00:00,15.9,53,6.2,0.0,0.0,6.05,478.0,1.7207999999999999
2015-06-10 14:00:00,16.1,52,6.2,0.0,0.0,6.27,437.0,1.5732
2015-06-10 15:00:00,16.3,52,6.3,0.0,0.0,6.33,468.0,1.6847999999999999
2015-06-10 16:00:00,16.2,53,6.5,0.0,0.0,6.44,431.0,1.5515999999999999
2015-06-10 17:00:00,16.0,54,6.6,0.0,0.0,6.26,415.0,1.494
2015-06-10 18:00:00,15.4,57,6.9,0.0,0.0,5.99,301.0,1.0836
2015-06-10 19:00:00,14.2,65,7.6,0.0,0.0,5.48,170.0,0.612
2015-06-10 20:00:00,12.8,71,7.7,0.0,0.0,5.32,50.0,0.18
2015-06-10 21:00:00,11.7,77,7.7,0.0,0.0,5.38,1.0,0.0036
2015-06-10 22:00:00,10.9,81,7.7,0.0,0.0,5.59,0.0,0.0
2015-06-10 23:00:00,10.2,85,7.7,0.0,0.0,5.6,0.0,0.0
2015-06-11 00:00:00,9.9,87,7.8,0.0,0.0,5.34,0.0,0.0
2015-06-11 01:00:00,9.8,88,8.0,0.0,0.0,5.28,0.0,0.0
2015-06-11 02:00:00,9.9,89,8.2,0.0,0.0,5.28,0.0,0.0
2015-06-11 03:00:00,10.1,90,8.5,0.0,0.0,5.44,0.0,0.0
2015-06-11 04:00:00,10.2,91,8.9,0.0,0.0,5.55,0.0,0.0
2015-06-11 05:00:00,11.0,90,9.4,0.0,0.0,5.56,46.0,0.1656
2015-06-11 06:00:00,12.8,84,10.2,0.0,0.0,5.11,162.0,0.5831999999999999
2015-06-11 07:00:00,14.5,77,10.6,0.0,0.0,5.55,302.0,1.0872
2015-06-11 08:00:00,16.2,71,10.8,0.0,0.0,5.69,445.0,1.6019999999999999
2015-06-11 09:00:00,17.7,65,11.1,0.0,0.0,5.76,574.0,2.0664
2015-06-11 10:00:00,18.9,61,11.3,0.0,0.0,5.51,719.0,2.5884
2015-06-11 11:00:00,20.0,57,11.3,0.0,0.0,5.73,798.0,2.8728
2015-06-11 12:00:00,20.8,54,11.1,0.0,0.0,6.04,846.0,3.0456
2015-06-11 13:00:00,21.3,51,10.8,0.0,0.0,6.22,849.0,3.0564
2015-06-11 14:00:00,21.4,50,10.5,0.0,0.0,6.33,806.0,2.9015999999999997
2015-06-11 15:00:00,21.2,50,10.4,0.0,0.0,6.43,706.0,2.5416
2015-06-11 16:00:00,20.8,51,10.4,0.0,0.0,6.28,609.0,2.1924
2015-06-11 17:00:00,20.2,54,10.5,0.0,0.0,5.79,467.0,1.6812
2015-06-11 18:00:00,19.2,58,10.7,0.0,0.0,5.37,311.0,1.1196
2015-06-11 19:00:00,17.6,59,9.4,0.0,0.0,5.06,165.0,0.594
2015-06-11 20:00:00,16.2,64,9.4,0.0,0.0,4.8,47.0,0.1692
2015-06-11 21:00:00,15.0,70,9.5,0.0,0.0,4.97,1.0,0.0036
2015-06-11 22:00:00,14.2,75,9.8,0.0,0.0,4.49,0.0,0.0
2015-06-11 23:00:00,13.7,79,10.1,0.0,0.0,4.38,0.0,0.0
2015-06-12 00:00:00,13.4,82,10.3,0.0,0.0,4.38,0.0,0.0
2015-06-12 01:00:00,13.1,84,10.5,0.0,0.0,4.33,0.0,0.0
2015-06-12 02:00:00,13.0,85,10.5,0.0,0.0,4.06,0.0,0.0
2015-06-12 03:00:00,12.9,85,10.5,0.0,0.0,4.08,0.0,0.0
2015-06-12 04:00:00,12.8,86,10.6,0.0,0.0,3.84,1.0,0.0036
2015-06-12 05:00:00,13.5,84,10.9,0.0,0.0,3.89,43.0,0.1548
2015-06-12 06:00:00,15.4,78,11.6,0.0,0.0,3.82,158.0,0.5688
2015-06-12 07:00:00,15.9,80,12.4,0.2,0.0,3.76,211.0,0.7595999999999999
2015-06-12 08:00:00,16.2,81,13.0,0.9,0.0,3.61,184.0,0.6624
2015-06-12 09:00:00,17.3,79,13.6,1.1,0.0,3.96,347.0,1.2491999999999999
2015-06-12 10:00:00,17.4,82,14.3,1.1,0.0,3.55,277.0,0.9972
2015-06-12 11:00:00,18.6,79,15.0,1.2,0.0,3.88,416.0,1.4976
2015-06-12 12:00:00,20.2,74,15.4,0.4,0.0,4.03,574.0,2.0664
2015-06-12 13:00:00,22.1,67,15.6,0.0,0.0,3.94,696.0,2.5056
2015-06-12 14:00:00,23.3,62,15.5,0.0,0.0,3.69,738.0,2.6568
2015-06-12 15:00:00,23.6,60,15.4,0.0,0.0,3.44,604.0,2.1744
2015-06-12 16:00:00,23.6,60,15.5,0.0,0.0,3.22,450.0,1.6199999999999999
2015-06-12 17:00:00,23.2,62,15.6,0.0,0.0,2.86,282.0,1.0151999999999999
2015-06-12 18:00:00,21.8,69,15.9,1.0,0.0,1.91,156.0,0.5616
2015-06-12 19:00:00,20.2,79,16.5,0.0,0.0,1.84,76.0,0.2736
2015-06-12 20:00:00,18.8,84,16.0,0.2,0.0,2.14,27.0,0.0972
2015-06-12 21:00:00,17.8,88,15.7,0.2,0.0,2.02,1.0,0.0036
2015-06-12 22:00:00,16.4,94,15.4,0.0,0.0,0.58,0.0,0.0
2015-06-12 23:00:00,16.2,94,15.2,0.0,0.0,0.92,0.0,0.0
2015-06-13 00:00:00,15.3,96,14.7,0.0,0.0,0.63,0.0,0.0
2015-06-13 01:00:00,15.5,97,15.0,0.0,0.0,1.63,0.0,0.0
2015-06-13 02:00:00,15.5,97,15.1,1.2,0.0,2.77,0.0,0.0
2015-06-13 03:00:00,15.2,97,14.8,0.1,0.0,3.24,0.0,0.0
2015-06-13 04:00:00,14.8,95,14.0,0.0,0.0,3.34,0.0,0.0
2015-06-13 05:00:00,14.4,93,13.3,0.0,0.0,3.75,12.0,0.0432
2015-06-13 06:00:00,14.3,90,12.7,0.0,0.0,4.18,50.0,0.18
2015-06-13 07:00:00,15.0,98,14.7,0.2,0.0,4.76,39.0,0.1404
2015-06-13 08:00:00,15.2,96,14.5,0.1,0.0,4.92,69.0,0.24839999999999998
2015-06-13 09:00:00,15.4,93,14.3,0.0,0.0,5.11,100.0,0.36
2015-06-13 10:00:00,15.8,89,14.0,0.0,0.0,5.83,147.0,0.5292
2015-06-13 11:00:00,16.1,86,13.7,0.1,0.0,5.66,163.0,0.5868
2015-06-13 12:00:00,16.4,83,13.4,0.1,0.0,5.73,154.0,0.5544
2015-06-13 13:00:00,16.7,80,13.2,0.0,0.0,5.31,165.0,0.594
2015-06-13 14:00:00,17.0,77,13.0,0.0,0.0,5.13,135.0,0.486
2015-06-13 15:00:00,17.4,74,12.8,0.0,0.0,4.78,197.0,0.7091999999999999
2015-06-13 16:00:00,17.3,75,12.9,0.0,0.0,4.34,146.0,0.5256
2015-06-13 17:00:00,17.0,78,13.0,0.0,0.0,3.7,115.0,0.414
2015-06-13 18:00:00,16.6,80,13.1,0.0,0.0,3.03,83.0,0.2988
2015-06-13 19:00:00,16.8,77,12.8,0.0,0.0,2.09,69.0,0.24839999999999998
2015-06-13 20:00:00,16.0,82,12.8,0.0,0.0,1.17,23.0,0.0828
2015-06-13 21:00:00,15.0,90,13.4,0.0,0.0,1.32,1.0,0.0036
2015-06-13 22:00:00,14.5,91,13.0,0.0,0.0,0.85,0.0,0.0
2015-06-13 23:00:00,14.2,91,12.7,0.0,0.0,1.39,0.0,0.0
2015-06-14 00:00:00,14.0,90,12.5,0.0,0.0,1.64,0.0,0.0
2015-06-14 01:00:00,13.9,90,12.3,0.0,0.0,1.58,0.0,0.0
2015-06-14 02:00:00,13.6,91,12.1,0.0,0.0,1.66,0.0,0.0
2015-06-14 03:00:00,13.0,93,12.0,0.0,0.0,1.82,0.0,0.0
2015-06-14 04:00:00,12.6,95,11.8,0.0,0.0,1.82,0.0,0.0
2015-06-14 05:00:00,13.1,94,12.1,0.0,0.0,1.94,24.0,0.0864
2015-06-14 06:00:00,14.3,89,12.5,0.0,0.0,2.2,94.0,0.3384
2015-06-14 07:00:00,14.7,87,12.5,0.0,0.0,2.55,108.0,0.3888
2015-06-14 08:00:00,15.4,81,12.2,0.0,0.0,3.32,186.0,0.6696
2015-06-14 09:00:00,15.4,81,12.1,0.0,0.0,3.75,198.0,0.7128
2015-06-14 10:00:00,14.6,81,11.3,0.0,0.0,3.45,166.0,0.5976
2015-06-14 11:00:00,14.7,76,10.6,0.0,0.0,3.62,241.0,0.8675999999999999
2015-06-14 12:00:00,15.1,72,10.0,0.0,0.0,3.61,340.0,1.224
2015-06-14 13:00:00,16.1,66,9.8,0.0,0.0,3.42,400.0,1.44
2015-06-14 14:00:00,17.9,59,9.7,0.0,0.0,3.4,619.0,2.2284
2015-06-14 15:00:00,18.4,55,9.1,0.0,0.0,3.61,456.0,1.6416
2015-06-14 16:00:00,18.1,54,8.6,0.0,0.0,3.81,303.0,1.0908
2015-06-14 17:00:00,17.6,55,8.5,0.0,0.0,3.71,201.0,0.7236
2015-06-14 18:00:00,16.9,61,9.3,0.0,0.0,3.86,140.0,0.504
2015-06-14 19:00:00,15.0,71,9.8,0.0,0.0,4.46,47.0,0.1692
2015-06-14 20:00:00,14.1,75,9.8,0.0,0.0,4.49,17.0,0.0612
2015-06-14 21:00:00,13.3,78,9.5,0.0,0.0,4.46,0.0,0.0
2015-06-14 22:00:00,12.7,80,9.2,0.0,0.0,4.3,0.0,0.0
2015-06-14 23:00:00,12.3,80,9.0,0.0,0.0,4.4,0.0,0.0
2015-06-15 00:00:00,12.1,80,8.7,0.0,0.0,4.33,0.0,0.0
2015-06-15 01:00:00,11.8,80,8.4,0.0,0.0,4.24,0.0,0.0
2015-06-15 02:00:00,11.4,80,8.2,0.0,0.0,4.3,0.0,0.0
2015-06-15 03:00:00,11.1,79,7.7,0.0,0.0,4.3,0.0,0.0
2015-06-15 04:00:00,10.7,80,7.4,0.0,0.0,4.55,0.0,0.0
2015-06-15 05:00:00,10.6,79,7.1,0.0,0.0,4.72,18.0,0.0648
2015-06-15 06:00:00,10.6,77,6.8,0.0,0.0,4.68,57.0,0.2052
2015-06-15 07:00:00,11.1,75,6.9,0.0,0.0,4.46,61.0,0.2196
2015-06-15 08:00:00,11.6,73,6.8,0.0,0.0,4.25,117.0,0.42119999999999996
2015-06-15 09:00:00,12.6,68,6.7,0.0,0.0,4.14,279.0,1.0044
2015-06-15 10:00:00,13.3,64,6.7,0.0,0.0,3.14,347.0,1.2491999999999999
2015-06-15 11:00:00,14.1,61,6.8,0.0,0.0,3.13,464.0,1.6703999999999999
2015-06-15 12:00:00,15.2,57,6.9,0.0,0.0,2.95,637.0,2.2932
2015-06-15 13:00:00,15.8,54,6.4,0.0,0.0,2.83,617.0,2.2212
2015-06-15 14:00:00,16.0,52,6.2,0.0,0.0,2.52,541.0,1.9476
2015-06-15 15:00:00,16.3,52,6.4,0.0,0.0,2.34,545.0,1.962
2015-06-15 16:00:00,16.4,51,6.3,0.0,0.0,2.27,463.0,1.6668
2015-06-15 17:00:00,16.0,52,6.0,0.0,0.0,2.36,266.0,0.9576
2015-06-15 18:00:00,15.5,53,6.1,0.0,0.0,2.56,160.0,0.576
2015-06-15 19:00:00,14.8,59,6.9,0.0,0.0,2.9,86.0,0.3096
2015-06-15 20:00:00,13.5,63,6.6,0.0,0.0,3.4,33.0,0.1188
2015-06-15 21:00:00,12.3,67,6.3,0.0,0.0,3.1,1.0,0.0036
2015-06-15 22:00:00,11.2,71,6.2,0.0,0.0,2.59,0.0,0.0
2015-06-15 23:00:00,10.4,74,6.1,0.0,0.0,2.06,0.0,0.0
2015-06-16 00:00:00,9.7,79,6.3,0.0,0.0,1.66,0.0,0.0
2015-06-16 01:00:00,9.5,81,6.4,0.0,0.0,0.91,0.0,0.0
2015-06-16 02:00:00,9.6,79,6.2,0.0,0.0,0.81,0.0,0.0
2015-06-16 03:00:00,9.4,81,6.3,0.0,0.0,0.91,0.0,0.0
2015-06-16 04:00:00,9.3,82,6.4,0.0,0.0,1.1,1.0,0.0036
2015-06-16 05:00:00,9.6,89,7.8,0.0,0.0,1.4,35.0,0.126
2015-06-16 06:00:00,11.1,75,6.8,0.0,0.0,1.4,106.0,0.3816
2015-06-16 07:00:00,12.8,70,7.6,0.0,0.0,1.6,259.0,0.9324
2015-06-16 08:00:00,14.3,67,8.1,0.0,0.0,1.65,376.0,1.3536
2015-06-16 09:00:00,15.8,65,9.2,0.0,0.0,1.34,549.0,1.9764
2015-06-16 10:00:00,17.3,62,10.1,0.0,0.0,1.12,691.0,2.4876
2015-06-16 11:00:00,18.8,56,9.7,0.0,0.0,1.44,749.0,2.6964
2015-06-16 12:00:00,19.6,51,9.1,0.0,0.0,1.92,631.0,2.2716
2015-06-16 13:00:00,19.6,50,9.0,0.0,0.0,2.01,252.0,0.9072
2015-06-16 14:00:00,20.1,50,9.5,0.0,0.0,2.51,311.0,1.1196
2015-06-16 15:00:00,20.3,50,9.5,0.0,0.0,3.01,296.0,1.0655999999999999
2015-06-16 16:00:00,20.3,51,9.7,0.0,0.0,2.53,257.0,0.9252
2015-06-16 17:00:00,20.2,52,9.9,0.0,0.0,2.15,215.0,0.774
2015-06-16 18:00:00,19.9,55,10.6,0.0,0.0,2.02,169.0,0.6083999999999999
2015-06-16 19:00:00,18.5,64,11.6,0.0,0.0,2.02,85.0,0.306
2015-06-16 20:00:00,17.1,70,11.6,0.0,0.0,2.42,35.0,0.126
2015-06-16 21:00:00,15.7,76,11.5,0.0,0.0,2.66,1.0,0.0036
2015-06-16 22:00:00,15.1,79,11.4,0.0,0.0,2.62,0.0,0.0
2015-06-16 23:00:00,14.6,80,11.2,0.0,0.0,2.91,0.0,0.0
2015-06-17 00:00:00,14.2,80,10.8,0.0,0.0,3.13,0.0,0.0
2015-06-17 01:00:00,13.5,82,10.4,0.0,0.0,3.1,0.0,0.0
2015-06-17 02:00:00,12.6,85,10.1,0.0,0.0,2.98,0.0,0.0
2015-06-17 03:00:00,11.9,88,9.9,0.0,0.0,2.96,0.0,0.0
2015-06-17 04:00:00,11.3,91,9.8,0.0,0.0,2.91,1.0,0.0036
2015-06-17 05:00:00,11.6,90,9.9,0.0,0.0,3.2,44.0,0.15839999999999999
2015-06-17 06:00:00,12.9,84,10.2,0.0,0.0,3.52,153.0,0.5508
2015-06-17 07:00:00,14.8,81,11.6,0.0,0.0,4.06,255.0,0.9179999999999999
2015-06-17 08:00:00,16.2,79,12.5,0.0,0.0,4.75,338.0,1.2167999999999999
2015-06-17 09:00:00,17.4,76,13.0,0.0,0.0,5.08,364.0,1.3104
2015-06-17 10:00:00,18.3,73,13.5,0.0,0.0,5.02,378.0,1.3608
2015-06-17 11:00:00,19.5,71,14.1,0.0,0.0,5.12,444.0,1.5984
2015-06-17 12:00:00,20.6,69,14.7,0.0,0.0,5.42,474.0,1.7064
2015-06-17 13:00:00,21.6,67,15.2,0.0,0.0,6.01,503.0,1.8108
2015-06-17 14:00:00,22.3,64,15.3,0.0,0.0,6.3,433.0,1.5588
2015-06-17 15:00:00,22.0,66,15.4,0.0,0.0,6.1,296.0,1.0655999999999999
2015-06-17 16:00:00,21.7,68,15.6,0.0,0.0,6.61,268.0,0.9648
2015-06-17 17:00:00,21.4,69,15.4,0.0,0.0,7.0,248.0,0.8927999999999999
2015-06-17 18:00:00,20.7,72,15.5,0.0,0.0,6.41,128.0,0.4608
2015-06-17 19:00:00,20.0,76,15.5,0.0,0.0,6.0,121.0,0.4356
2015-06-17 20:00:00,18.9,79,15.2,0.0,0.0,5.6,35.0,0.126
2015-06-17 21:00:00,18.1,82,15.0,0.0,0.0,5.1,1.0,0.0036
2015-06-17 22:00:00,17.6,84,14.8,0.0,0.0,4.4,0.0,0.0
2015-06-17 23:00:00,16.9,87,14.8,0.4,0.0,4.2,0.0,0.0
2015-06-18 00:00:00,16.3,91,14.9,0.5,0.0,3.9,0.0,0.0
2015-06-18 01:00:00,16.1,93,15.0,0.1,0.0,3.57,0.0,0.0
2015-06-18 02:00:00,15.9,92,14.7,0.0,0.0,3.33,0.0,0.0
2015-06-18 03:00:00,15.2,88,13.2,0.0,0.0,3.64,0.0,0.0
2015-06-18 04:00:00,14.0,84,11.2,0.0,0.0,3.67,0.0,0.0
2015-06-18 05:00:00,13.2,80,9.8,0.0,0.0,3.61,25.0,0.09
2015-06-18 06:00:00,12.8,74,8.2,0.0,0.0,3.76,128.0,0.4608
2015-06-18 07:00:00,13.5,73,8.8,0.0,0.0,3.98,255.0,0.9179999999999999
2015-06-18 08:00:00,14.1,65,7.6,0.0,0.0,4.24,363.0,1.3068
2015-06-18 09:00:00,14.6,61,7.1,0.0,0.0,4.19,425.0,1.53
2015-06-18 10:00:00,15.5,57,7.1,0.0,0.0,3.4,601.0,2.1635999999999997
2015-06-18 11:00:00,16.6,54,7.2,0.0,0.0,3.39,757.0,2.7252
2015-06-18 12:00:00,17.6,52,7.7,0.0,0.0,3.32,806.0,2.9015999999999997
2015-06-18 13:00:00,18.5,48,7.1,0.0,0.0,3.54,801.0,2.8836
2015-06-18 14:00:00,19.3,44,6.9,0.0,0.0,3.96,750.0,2.6999999999999997
2015-06-18 15:00:00,19.6,44,7.0,0.0,0.0,3.82,687.0,2.4732
2015-06-18 16:00:00,19.8,43,6.7,0.0,0.0,4.31,519.0,1.8683999999999998
2015-06-18 17:00:00,19.8,41,6.2,0.0,0.0,4.46,397.0,1.4292
2015-06-18 18:00:00,19.5,41,6.1,0.0,0.0,3.89,234.0,0.8423999999999999
2015-06-18 19:00:00,18.2,50,7.6,0.0,0.0,3.83,121.0,0.4356
2015-06-18 20:00:00,16.7,55,7.7,0.0,0.0,3.61,49.0,0.1764
2015-06-18 21:00:00,15.2,61,7.7,0.0,0.0,3.69,1.0,0.0036
2015-06-18 22:00:00,14.2,64,7.5,0.0,0.0,2.97,0.0,0.0
2015-06-18 23:00:00,13.2,67,7.3,0.0,0.0,3.18,0.0,0.0
2015-06-19 00:00:00,12.4,69,7.0,0.0,0.0,2.92,0.0,0.0
2015-06-19 01:00:00,11.5,73,6.8,0.0,0.0,2.69,0.0,0.0
2015-06-19 02:00:00,10.8,76,6.7,0.0,0.0,2.72,0.0,0.0
2015-06-19 03:00:00,10.2,78,6.6,0.0,0.0,2.97,0.0,0.0
2015-06-19 04:00:00,10.1,80,6.7,0.0,0.0,3.24,1.0,0.0036
2015-06-19 05:00:00,10.6,80,7.2,0.0,0.0,3.5,45.0,0.162
2015-06-19 06:00:00,11.8,76,7.8,0.0,0.0,3.64,154.0,0.5544
2015-06-19 07:00:00,13.4,72,8.4,0.0,0.0,4.89,278.0,1.0008
2015-06-19 08:00:00,14.3,65,7.8,0.0,0.0,4.89,364.0,1.3104
2015-06-19 09:00:00,15.0,61,7.5,0.0,0.0,4.6,363.0,1.3068
2015-06-19 10:00:00,15.4,59,7.5,0.0,0.0,3.96,355.0,1.278
2015-06-19 11:00:00,15.8,58,7.5,0.0,0.0,3.96,374.0,1.3464
2015-06-19 12:00:00,16.4,56,7.6,0.0,0.0,4.25,373.0,1.3428
2015-06-19 13:00:00,17.1,54,7.6,0.0,0.0,4.47,403.0,1.4507999999999999
2015-06-19 14:00:00,17.6,53,7.8,0.0,0.0,4.4,355.0,1.278
2015-06-19 15:00:00,18.4,51,8.0,0.0,0.0,4.61,464.0,1.6703999999999999
2015-06-19 16:00:00,18.6,51,8.2,0.0,0.0,4.83,348.0,1.2528
2015-06-19 17:00:00,18.5,51,8.2,0.0,0.0,4.46,229.0,0.8244
2015-06-19 18:00:00,18.1,54,8.6,0.0,0.0,4.16,178.0,0.6408
2015-06-19 19:00:00,17.5,58,9.1,0.0,0.0,3.81,150.0,0.54
2015-06-19 20:00:00,16.2,62,9.0,0.0,0.0,3.54,51.0,0.18359999999999999
2015-06-19 21:00:00,15.1,67,8.9,0.0,0.0,3.3,1.0,0.0036
2015-06-19 22:00:00,14.2,70,8.9,0.0,0.0,2.84,0.0,0.0
2015-06-19 23:00:00,13.9,71,8.8,0.0,0.0,2.82,0.0,0.0
2015-06-20 00:00:00,13.2,74,8.6,0.0,0.0,2.77,0.0,0.0
2015-06-20 01:00:00,12.6,75,8.3,0.0,0.0,2.42,0.0,0.0
2015-06-20 02:00:00,12.3,76,8.1,0.0,0.0,2.14,0.0,0.0
2015-06-20 03:00:00,11.7,78,8.0,0.0,0.0,1.98,0.0,0.0
2015-06-20 04:00:00,11.1,83,8.3,0.0,0.0,1.84,0.0,0.0
2015-06-20 05:00:00,11.4,85,8.9,0.0,0.0,1.66,35.0,0.126
2015-06-20 06:00:00,12.7,76,8.5,0.0,0.0,1.46,101.0,0.3636
2015-06-20 07:00:00,13.6,77,9.7,0.0,0.0,1.3,96.0,0.3456
2015-06-20 08:00:00,14.3,75,9.9,0.0,0.0,1.66,144.0,0.5184
2015-06-20 09:00:00,14.4,75,10.0,0.0,0.0,2.16,82.0,0.2952
2015-06-20 10:00:00,14.8,75,10.4,0.2,0.0,2.44,116.0,0.41759999999999997
2015-06-20 11:00:00,15.4,74,10.9,0.3,0.0,3.28,155.0,0.5579999999999999
2015-06-20 12:00:00,15.4,77,11.3,0.0,0.0,3.11,109.0,0.39239999999999997
2015-06-20 13:00:00,15.5,79,11.8,0.0,0.0,3.62,77.0,0.2772
2015-06-20 14:00:00,15.6,82,12.5,0.4,0.0,2.78,81.0,0.29159999999999997
2015-06-20 15:00:00,16.0,85,13.5,0.8,0.0,2.12,157.0,0.5652
2015-06-20 16:00:00,16.3,86,14.0,0.8,0.0,2.56,154.0,0.5544
2015-06-20 17:00:00,15.9,91,14.4,0.7,0.0,2.75,57.0,0.2052
2015-06-20 18:00:00,16.1,91,14.6,0.3,0.0,2.69,66.0,0.2376
2015-06-20 19:00:00,17.1,89,15.3,0.0,0.0,2.51,78.0,0.2808
2015-06-20 20:00:00,16.6,91,15.1,0.0,0.0,2.45,29.0,0.10439999999999999
2015-06-20 21:00:00,15.7,93,14.5,0.0,0.0,2.91,1.0,0.0036
2015-06-20 22:00:00,15.2,94,14.2,0.0,0.0,3.62,0.0,0.0
2015-06-20 23:00:00,14.9,95,14.0,0.0,0.0,4.05,0.0,0.0
2015-06-21 00:00:00,14.6,96,13.9,0.0,0.0,4.16,0.0,0.0
2015-06-21 01:00:00,14.3,97,13.8,0.0,0.0,4.32,0.0,0.0
2015-06-21 02:00:00,14.1,97,13.6,0.0,0.0,4.23,0.0,0.0
2015-06-21 03:00:00,13.7,97,13.2,0.0,0.0,4.18,0.0,0.0
2015-06-21 04:00:00,13.3,96,12.8,0.0,0.0,4.2,0.0,0.0
2015-06-21 05:00:00,13.3,96,12.6,0.0,0.0,3.89,17.0,0.0612
2015-06-21 06:00:00,13.5,94,12.5,0.0,0.0,4.67,59.0,0.2124
2015-06-21 07:00:00,14.2,90,12.5,0.0,0.0,5.61,94.0,0.3384
2015-06-21 08:00:00,14.6,85,12.2,0.0,0.0,5.05,108.0,0.3888
2015-06-21 09:00:00,15.4,72,10.4,0.0,0.0,5.22,233.0,0.8388
2015-06-21 10:00:00,16.0,63,8.8,0.0,0.0,4.78,314.0,1.1304
2015-06-21 11:00:00,16.8,55,7.8,0.0,0.0,4.92,445.0,1.6019999999999999
2015-06-21 12:00:00,17.3,52,7.3,0.0,0.0,4.95,451.0,1.6236
2015-06-21 13:00:00,18.0,49,7.2,0.0,0.0,4.9,470.0,1.692
2015-06-21 14:00:00,18.6,46,6.7,0.0,0.0,5.2,488.0,1.7568
2015-06-21 15:00:00,18.9,44,6.4,0.0,0.0,5.3,364.0,1.3104
2015-06-21 16:00:00,18.6,45,6.5,0.0,0.0,5.5,260.0,0.9359999999999999
2015-06-21 17:00:00,18.1,48,6.9,0.0,0.0,5.3,222.0,0.7992
2015-06-21 18:00:00,17.5,52,7.7,0.0,0.0,5.0,184.0,0.6624
2015-06-21 19:00:00,16.8,54,7.3,0.0,0.0,4.6,126.0,0.4536
2015-06-21 20:00:00,15.8,58,7.5,0.0,0.0,4.54,38.0,0.1368
2015-06-21 21:00:00,14.8,63,7.8,0.0,0.0,4.77,1.0,0.0036
2015-06-21 22:00:00,14.2,67,8.2,0.0,0.0,4.69,0.0,0.0
2015-06-21 23:00:00,13.6,72,8.6,0.2,0.0,4.61,0.0,0.0
2015-06-22 00:00:00,12.9,77,9.1,0.2,0.0,4.47,0.0,0.0
2015-06-22 01:00:00,12.5,81,9.4,0.3,0.0,4.41,0.0,0.0
2015-06-22 02:00:00,12.2,85,9.7,0.3,0.0,4.46,0.0,0.0
2015-06-22 03:00:00,11.8,90,10.3,0.4,0.0,4.46,0.0,0.0
2015-06-22 04:00:00,11.6,90,10.0,0.5,0.0,4.26,0.0,0.0
2015-06-22 05:00:00,11.5,90,10.0,0.3,0.0,3.93,15.0,0.054
2015-06-22 06:00:00,11.5,87,9.4,0.3,0.0,4.11,70.0,0.252
2015-06-22 07:00:00,12.7,84,10.1,0.0,0.0,4.2,174.0,0.6264
2015-06-22 08:00:00,12.9,83,10.1,0.1,0.0,4.12,131.0,0.47159999999999996
2015-06-22 09:00:00,13.7,79,10.1,0.2,0.0,4.12,283.0,1.0188
2015-06-22 10:00:00,13.6,77,9.7,0.5,0.0,2.9,186.0,0.6696
2015-06-22 11:00:00,12.3,85,9.9,1.0,0.0,3.11,51.0,0.18359999999999999
2015-06-22 12:00:00,12.6,84,10.1,0.7,0.0,3.24,160.0,0.576
2015-06-22 13:00:00,13.0,76,8.8,0.3,0.0,4.07,267.0,0.9611999999999999
2015-06-22 14:00:00,15.1,58,7.0,0.1,0.0,5.36,563.0,2.0268
2015-06-22 15:00:00,16.4,49,5.7,0.0,0.0,6.16,626.0,2.2536
2015-06-22 16:00:00,16.7,45,4.8,0.0,0.0,6.37,543.0,1.9547999999999999
2015-06-22 17:00:00,16.6,47,5.1,0.0,0.0,7.0,411.0,1.4796
2015-06-22 18:00:00,16.5,47,5.0,0.0,0.0,6.95,304.0,1.0944
2015-06-22 19:00:00,14.7,60,6.9,0.0,0.0,6.38,88.0,0.31679999999999997
2015-06-22 20:00:00,13.9,65,7.3,0.0,0.0,5.77,24.0,0.0864
2015-06-22 21:00:00,13.3,68,7.5,0.0,0.0,4.97,1.0,0.0036
2015-06-22 22:00:00,13.1,70,7.6,0.0,0.0,4.04,0.0,0.0
2015-06-22 23:00:00,12.7,72,7.7,0.0,0.0,3.96,0.0,0.0
2015-06-23 00:00:00,12.6,73,7.8,0.0,0.0,4.24,0.0,0.0
2015-06-23 01:00:00,12.2,74,7.7,0.0,0.0,4.24,0.0,0.0
2015-06-23 02:00:00,11.5,77,7.7,0.0,0.0,4.39,0.0,0.0
2015-06-23 03:00:00,10.9,80,7.6,0.0,0.0,4.26,0.0,0.0
2015-06-23 04:00:00,10.8,81,7.7,0.0,0.0,3.91,0.0,0.0
2015-06-23 05:00:00,10.9,82,7.9,0.0,0.0,3.7,36.0,0.1296
2015-06-23 06:00:00,11.9,78,8.1,0.0,0.0,4.08,147.0,0.5292
2015-06-23 07:00:00,12.9,73,8.1,0.0,0.0,4.55,262.0,0.9431999999999999
2015-06-23 08:00:00,14.0,65,7.6,0.0,0.0,4.78,396.0,1.4256
2015-06-23 09:00:00,14.9,61,7.3,0.0,0.0,4.49,445.0,1.6019999999999999
2015-06-23 10:00:00,15.8,56,7.1,0.0,0.0,3.67,466.0,1.6776
2015-06-23 11:00:00,16.6,53,7.0,0.0,0.0,3.07,473.0,1.7027999999999999
2015-06-23 12:00:00,17.1,51,7.0,0.0,0.0,3.09,436.0,1.5695999999999999
2015-06-23 13:00:00,17.6,49,6.8,0.0,0.0,2.92,430.0,1.548
2015-06-23 14:00:00,18.1,47,6.8,0.0,0.0,2.68,406.0,1.4616
2015-06-23 15:00:00,18.7,46,6.8,0.0,0.0,2.52,455.0,1.638
2015-06-23 16:00:00,18.9,45,6.6,0.0,0.0,2.16,379.0,1.3644
2015-06-23 17:00:00,19.0,45,6.6,0.0,0.0,1.89,281.0,1.0116
2015-06-23 18:00:00,18.8,45,6.7,0.0,0.0,1.26,206.0,0.7415999999999999
2015-06-23 19:00:00,18.1,51,7.9,0.0,0.0,0.72,124.0,0.44639999999999996
2015-06-23 20:00:00,17.1,58,8.8,0.0,0.0,1.12,38.0,0.1368
2015-06-23 21:00:00,15.9,64,9.1,0.0,0.0,1.63,1.0,0.0036
2015-06-23 22:00:00,15.0,69,9.4,0.0,0.0,2.31,0.0,0.0
2015-06-23 23:00:00,13.8,76,9.7,0.0,0.0,2.32,0.0,0.0
2015-06-24 00:00:00,13.2,79,9.7,0.0,0.0,2.69,0.0,0.0
2015-06-24 01:00:00,13.2,78,9.5,0.0,0.0,2.9,0.0,0.0
2015-06-24 02:00:00,13.2,76,9.1,0.0,0.0,2.92,0.0,0.0
2015-06-24 03:00:00,13.0,75,8.7,0.0,0.0,2.86,0.0,0.0
2015-06-24 04:00:00,12.8,75,8.4,0.0,0.0,2.84,0.0,0.0
2015-06-24 05:00:00,13.0,74,8.4,0.0,0.0,3.06,31.0,0.11159999999999999
2015-06-24 06:00:00,13.5,72,8.5,0.0,0.0,2.98,113.0,0.4068
2015-06-24 07:00:00,15.1,74,10.5,0.0,0.0,3.06,243.0,0.8748
2015-06-24 08:00:00,16.7,67,10.7,0.0,0.0,3.28,391.0,1.4076
2015-06-24 09:00:00,18.2,61,10.5,0.0,0.0,3.41,528.0,1.9008
2015-06-24 10:00:00,19.4,56,10.4,0.0,0.0,2.77,702.0,2.5272
2015-06-24 11:00:00,20.4,51,9.8,0.0,0.0,3.68,784.0,2.8224
2015-06-24 12:00:00,20.6,48,9.2,0.0,0.0,4.17,627.0,2.2572
2015-06-24 13:00:00,20.6,47,9.0,0.0,0.0,4.6,519.0,1.8683999999999998
2015-06-24 14:00:00,20.7,47,8.8,0.0,0.0,4.74,507.0,1.8252
2015-06-24 15:00:00,21.3,44,8.6,0.0,0.0,4.67,601.0,2.1635999999999997
2015-06-24 16:00:00,21.4,43,8.3,0.0,0.0,4.68,504.0,1.8144
2015-06-24 17:00:00,20.9,44,8.3,0.0,0.0,4.56,283.0,1.0188
2015-06-24 18:00:00,20.3,49,9.1,0.0,0.0,4.0,179.0,0.6444
2015-06-24 19:00:00,18.4,58,9.9,0.0,0.0,3.54,79.0,0.2844
2015-06-24 20:00:00,17.4,62,9.9,0.0,0.0,3.04,32.0,0.1152
2015-06-24 21:00:00,16.1,67,9.9,0.0,0.0,2.62,1.0,0.0036
2015-06-24 22:00:00,15.1,72,10.0,0.0,0.0,2.78,0.0,0.0
2015-06-24 23:00:00,14.1,77,10.1,0.0,0.0,2.78,0.0,0.0
2015-06-25 00:00:00,13.4,81,10.2,0.0,0.0,2.56,0.0,0.0
2015-06-25 01:00:00,12.7,85,10.2,0.0,0.0,2.24,0.0,0.0
2015-06-25 02:00:00,11.9,89,10.2,0.0,0.0,2.1,0.0,0.0
2015-06-25 03:00:00,11.5,91,10.1,0.0,0.0,2.09,0.0,0.0
2015-06-25 04:00:00,11.1,93,10.0,0.0,0.0,1.91,0.0,0.0
2015-06-25 05:00:00,11.6,93,10.5,0.0,0.0,2.2,34.0,0.1224
2015-06-25 06:00:00,13.8,83,11.0,0.0,0.0,1.81,119.0,0.4284
2015-06-25 07:00:00,15.6,79,12.0,0.0,0.0,1.4,239.0,0.8603999999999999
2015-06-25 08:00:00,17.4,71,12.1,0.0,0.0,1.24,402.0,1.4472
2015-06-25 09:00:00,18.8,62,11.5,0.0,0.0,1.52,557.0,2.0052
2015-06-25 10:00:00,20.3,55,10.9,0.0,0.0,2.13,717.0,2.5812
2015-06-25 11:00:00,21.5,49,10.3,0.0,0.0,2.42,738.0,2.6568
2015-06-25 12:00:00,22.3,46,10.3,0.0,0.0,2.87,656.0,2.3616
2015-06-25 13:00:00,22.3,47,10.5,0.0,0.0,3.31,464.0,1.6703999999999999
2015-06-25 14:00:00,22.7,47,10.8,0.0,0.0,3.55,537.0,1.9332
2015-06-25 15:00:00,23.2,46,10.9,0.0,0.0,3.42,563.0,2.0268
2015-06-25 16:00:00,22.8,47,10.9,0.0,0.0,3.38,408.0,1.4687999999999999
2015-06-25 17:00:00,22.6,48,10.9,0.0,0.0,3.44,449.0,1.6164
2015-06-25 18:00:00,21.8,50,11.1,0.0,0.0,3.45,315.0,1.134
2015-06-25 19:00:00,20.4,55,11.1,0.0,0.0,3.32,172.0,0.6192
2015-06-25 20:00:00,18.6,59,10.6,0.0,0.0,3.14,55.0,0.19799999999999998
2015-06-25 21:00:00,17.1,63,10.1,0.0,0.0,2.95,2.0,0.0072
2015-06-25 22:00:00,15.9,66,9.6,0.0,0.0,3.24,0.0,0.0
2015-06-25 23:00:00,15.1,68,9.2,0.0,0.0,3.3,0.0,0.0
2015-06-26 00:00:00,14.2,70,8.9,0.0,0.0,3.19,0.0,0.0
2015-06-26 01:00:00,13.5,72,8.5,0.0,0.0,3.16,0.0,0.0
2015-06-26 02:00:00,13.1,73,8.3,0.0,0.0,3.08,0.0,0.0
2015-06-26 03:00:00,12.4,75,8.1,0.0,0.0,3.08,0.0,0.0
2015-06-26 04:00:00,11.9,78,8.1,0.0,0.0,3.0,0.0,0.0
2015-06-26 05:00:00,12.5,77,8.7,0.0,0.0,3.05,34.0,0.1224
2015-06-26 06:00:00,14.1,73,9.3,0.2,0.0,2.57,89.0,0.3204
2015-06-26 07:00:00,15.8,73,10.9,0.2,0.0,2.55,125.0,0.45
2015-06-26 08:00:00,17.7,68,11.7,0.0,0.0,2.56,264.0,0.9504
2015-06-26 09:00:00,19.3,65,12.6,0.0,0.0,2.98,367.0,1.3212
2015-06-26 10:00:00,20.1,65,13.4,0.0,0.0,3.01,352.0,1.2671999999999999
2015-06-26 11:00:00,21.7,58,13.2,0.0,0.0,3.85,611.0,2.1995999999999998
2015-06-26 12:00:00,22.9,49,11.6,0.0,0.0,4.94,742.0,2.6712
2015-06-26 13:00:00,23.2,47,11.3,0.0,0.0,5.38,719.0,2.5884
2015-06-26 14:00:00,22.5,53,12.4,0.6,0.0,5.67,668.0,2.4048
2015-06-26 15:00:00,21.7,58,13.2,0.4,0.0,5.98,473.0,1.7027999999999999
2015-06-26 16:00:00,21.0,62,13.5,0.3,0.0,5.88,333.0,1.1987999999999999
2015-06-26 17:00:00,20.4,66,13.7,0.0,0.0,5.33,210.0,0.756
2015-06-26 18:00:00,20.1,67,13.7,0.0,0.0,4.85,217.0,0.7812
2015-06-26 19:00:00,19.6,69,13.8,0.0,0.0,4.66,105.0,0.378
2015-06-26 20:00:00,18.8,73,13.8,0.0,0.0,4.3,30.0,0.108
2015-06-26 21:00:00,18.3,76,14.0,0.0,0.0,4.11,1.0,0.0036
2015-06-26 22:00:00,17.9,78,14.0,0.0,0.0,4.32,0.0,0.0
2015-06-26 23:00:00,17.4,77,13.4,0.0,0.0,4.52,0.0,0.0
2015-06-27 00:00:00,16.5,75,12.1,0.0,0.0,4.8,0.0,0.0
2015-06-27 01:00:00,15.2,77,11.2,0.0,0.0,4.42,0.0,0.0
2015-06-27 02:00:00,14.0,81,10.8,0.0,0.0,4.01,0.0,0.0
2015-06-27 03:00:00,13.0,85,10.6,0.0,0.0,3.71,0.0,0.0
2015-06-27 04:00:00,12.3,89,10.6,0.0,0.0,3.81,0.0,0.0
2015-06-27 05:00:00,12.4,90,10.8,0.0,0.0,3.81,44.0,0.15839999999999999
2015-06-27 06:00:00,13.7,84,11.0,0.0,0.0,3.61,160.0,0.576
2015-06-27 07:00:00,15.4,79,11.7,0.0,0.0,3.47,306.0,1.1016
2015-06-27 08:00:00,17.0,72,12.0,0.0,0.0,3.47,469.0,1.6884
2015-06-27 09:00:00,18.6,65,12.0,0.0,0.0,3.34,614.0,2.2104
2015-06-27 10:00:00,20.1,57,11.4,0.0,0.0,3.13,703.0,2.5307999999999997
2015-06-27 11:00:00,20.7,53,10.8,0.0,0.0,3.42,702.0,2.5272
2015-06-27 12:00:00,21.3,49,10.3,0.0,0.0,3.61,762.0,2.7432
2015-06-27 13:00:00,21.9,45,9.4,0.0,0.0,3.81,789.0,2.8404
2015-06-27 14:00:00,22.5,42,8.9,0.0,0.0,4.03,745.0,2.682
2015-06-27 15:00:00,22.8,40,8.3,0.0,0.0,3.88,638.0,2.2967999999999997
2015-06-27 16:00:00,23.0,38,8.1,0.0,0.0,3.65,579.0,2.0844
2015-06-27 17:00:00,22.9,38,7.9,0.0,0.0,3.55,453.0,1.6308
2015-06-27 18:00:00,22.6,40,8.3,0.0,0.0,3.26,310.0,1.1159999999999999
2015-06-27 19:00:00,21.5,47,9.9,0.0,0.0,2.67,173.0,0.6228
2015-06-27 20:00:00,19.9,54,10.2,0.0,0.0,2.3,52.0,0.1872
2015-06-27 21:00:00,18.4,59,10.3,0.0,0.0,2.34,2.0,0.0072
2015-06-27 22:00:00,17.0,66,10.5,0.0,0.0,2.86,0.0,0.0
2015-06-27 23:00:00,16.0,71,10.7,0.0,0.0,2.62,0.0,0.0
2015-06-28 00:00:00,15.3,76,11.0,0.0,0.0,2.26,0.0,0.0
2015-06-28 01:00:00,14.9,79,11.3,0.0,0.0,2.22,0.0,0.0
2015-06-28 02:00:00,14.6,81,11.4,0.0,0.0,2.39,0.0,0.0
2015-06-28 03:00:00,14.7,81,11.4,0.0,0.0,2.56,0.0,0.0
2015-06-28 04:00:00,14.7,81,11.4,0.0,0.0,2.85,0.0,0.0
2015-06-28 05:00:00,14.7,81,11.4,0.0,0.0,3.08,16.0,0.0576
2015-06-28 06:00:00,15.2,79,11.6,0.0,0.0,3.2,84.0,0.3024
2015-06-28 07:00:00,15.5,81,12.2,0.1,0.0,3.76,114.0,0.4104
2015-06-28 08:00:00,16.7,75,12.2,0.0,0.0,4.37,263.0,0.9468
2015-06-28 09:00:00,18.0,69,12.2,0.1,0.0,4.7,394.0,1.4183999999999999
2015-06-28 10:00:00,19.0,65,12.2,0.3,0.0,4.74,461.0,1.6596
2015-06-28 11:00:00,20.0,59,11.7,0.1,0.0,4.89,476.0,1.7136
2015-06-28 12:00:00,19.2,64,12.1,0.2,0.0,5.17,249.0,0.8964
2015-06-28 13:00:00,18.9,67,12.7,0.7,0.0,4.68,236.0,0.8496
2015-06-28 14:00:00,19.4,63,12.2,0.0,0.0,4.67,283.0,1.0188
2015-06-28 15:00:00,19.7,61,11.9,0.0,0.0,5.03,355.0,1.278
2015-06-28 16:00:00,20.2,58,11.8,0.0,0.0,5.02,386.0,1.3896
2015-06-28 17:00:00,20.1,60,12.1,0.0,0.0,5.06,261.0,0.9396
2015-06-28 18:00:00,19.9,63,12.7,0.0,0.0,4.74,171.0,0.6156
2015-06-28 19:00:00,19.3,70,13.7,0.0,0.0,4.11,103.0,0.37079999999999996
2015-06-28 20:00:00,18.4,74,13.7,0.0,0.0,3.76,49.0,0.1764
2015-06-28 21:00:00,17.2,79,13.4,0.0,0.0,3.55,1.0,0.0036
2015-06-28 22:00:00,16.0,82,12.9,0.0,0.0,3.69,0.0,0.0
2015-06-28 23:00:00,14.8,83,12.0,0.0,0.0,3.22,0.0,0.0
2015-06-29 00:00:00,13.9,83,11.1,0.0,0.0,3.51,0.0,0.0
2015-06-29 01:00:00,13.3,84,10.6,0.0,0.0,3.42,0.0,0.0
2015-06-29 02:00:00,12.8,86,10.5,0.0,0.0,2.67,0.0,0.0
2015-06-29 03:00:00,12.9,86,10.6,0.0,0.0,2.21,0.0,0.0
2015-06-29 04:00:00,12.3,90,10.7,0.0,0.0,1.7,0.0,0.0
2015-06-29 05:00:00,12.2,92,11.0,0.0,0.0,1.81,41.0,0.1476
2015-06-29 06:00:00,13.9,84,11.3,0.0,0.0,1.55,156.0,0.5616
2015-06-29 07:00:00,15.5,78,11.6,0.0,0.0,1.58,308.0,1.1088
2015-06-29 08:00:00,17.1,68,11.3,0.0,0.0,1.68,461.0,1.6596
2015-06-29 09:00:00,18.7,59,10.5,0.0,0.0,1.99,599.0,2.1564
2015-06-29 10:00:00,19.7,53,9.9,0.0,0.0,2.08,628.0,2.2608
2015-06-29 11:00:00,20.2,51,9.6,0.0,0.0,2.91,526.0,1.8936
2015-06-29 12:00:00,20.5,50,9.8,0.0,0.0,3.05,516.0,1.8576
2015-06-29 13:00:00,21.8,48,10.3,0.0,0.0,3.11,785.0,2.826
2015-06-29 14:00:00,22.6,47,10.6,0.0,0.0,3.12,807.0,2.9052
2015-06-29 15:00:00,23.0,46,10.8,0.0,0.0,3.06,732.0,2.6351999999999998
2015-06-29 16:00:00,23.2,46,10.9,0.0,0.0,2.72,620.0,2.2319999999999998
2015-06-29 17:00:00,23.1,46,10.9,0.0,0.0,2.28,478.0,1.7207999999999999
2015-06-29 18:00:00,22.9,47,10.9,0.0,0.0,2.13,324.0,1.1663999999999999
2015-06-29 19:00:00,21.7,53,11.7,0.0,0.0,1.84,173.0,0.6228
2015-06-29 20:00:00,20.0,59,11.8,0.0,0.0,2.06,55.0,0.19799999999999998
2015-06-29 21:00:00,18.1,66,11.6,0.0,0.0,2.5,1.0,0.0036
2015-06-29 22:00:00,16.6,71,11.3,0.0,0.0,2.55,0.0,0.0
2015-06-29 23:00:00,15.5,75,11.1,0.0,0.0,2.16,0.0,0.0
2015-06-30 00:00:00,14.4,80,11.0,0.0,0.0,1.58,0.0,0.0
2015-06-30 01:00:00,13.3,86,10.9,0.0,0.0,1.5,0.0,0.0
2015-06-30 02:00:00,12.4,90,10.8,0.0,0.0,1.7,0.0,0.0
2015-06-30 03:00:00,11.7,92,10.4,0.0,0.0,1.8,0.0,0.0
2015-06-30 04:00:00,11.2,93,10.1,0.0,0.0,1.8,0.0,0.0
2015-06-30 05:00:00,11.8,93,10.6,0.0,0.0,1.71,43.0,0.1548
2015-06-30 06:00:00,14.5,80,11.1,0.0,0.0,1.36,158.0,0.5688
2015-06-30 07:00:00,16.9,69,11.1,0.0,0.0,1.84,308.0,1.1088
2015-06-30 08:00:00,19.1,55,9.9,0.0,0.0,2.62,466.0,1.6776
2015-06-30 09:00:00,21.0,49,9.9,0.0,0.0,3.12,614.0,2.2104
2015-06-30 10:00:00,22.7,48,11.1,0.0,0.0,2.88,737.0,2.6532
2015-06-30 11:00:00,24.2,48,12.4,0.0,0.0,3.14,824.0,2.9663999999999997
2015-06-30 12:00:00,25.4,47,13.1,0.0,0.0,3.19,868.0,3.1248
2015-06-30 13:00:00,26.2,45,13.5,0.0,0.0,3.38,867.0,3.1212
2015-06-30 14:00:00,26.8,44,13.6,0.0,0.0,3.58,822.0,2.9592
2015-06-30 15:00:00,27.0,44,13.6,0.0,0.0,3.82,736.0,2.6496
2015-06-30 16:00:00,26.8,44,13.5,0.0,0.0,3.91,618.0,2.2248
2015-06-30 17:00:00,26.1,46,13.6,0.0,0.0,4.05,476.0,1.7136
2015-06-30 18:00:00,24.7,51,13.9,0.0,0.0,4.11,322.0,1.1592
2015-06-30 19:00:00,23.3,54,13.5,0.0,0.0,3.96,177.0,0.6372
2015-06-30 20:00:00,21.3,59,13.0,0.0,0.0,3.91,56.0,0.2016
2015-06-30 21:00:00,19.8,63,12.5,0.0,0.0,4.0,1.0,0.0036
2015-06-30 22:00:00,19.1,64,12.1,0.0,0.0,4.7,0.0,0.0
2015-06-30 23:00:00,18.7,65,12.1,0.0,0.0,4.44,0.0,0.0
2015-07-01 00:00:00,18.8,67,12.6,0.0,0.0,4.57,0.0,0.0
2015-07-01 01:00:00,18.8,68,12.8,0.0,0.0,4.14,0.0,0.0
2015-07-01 02:00:00,18.9,69,13.0,0.0,0.0,3.81,0.0,0.0
2015-07-01 03:00:00,19.1,69,13.3,0.0,0.0,4.18,0.0,0.0
2015-07-01 04:00:00,19.0,70,13.4,0.0,0.0,4.35,0.0,0.0
2015-07-01 05:00:00,19.3,70,13.6,0.0,0.0,4.43,40.0,0.144
2015-07-01 06:00:00,20.9,64,14.0,0.0,0.0,4.26,152.0,0.5472
2015-07-01 07:00:00,23.0,60,14.9,0.0,0.0,4.27,226.0,0.8136
2015-07-01 08:00:00,25.4,53,15.1,0.0,0.0,4.72,407.0,1.4652
2015-07-01 09:00:00,27.5,48,15.6,0.0,0.0,5.04,581.0,2.0916
2015-07-01 10:00:00,29.0,46,16.2,0.0,0.0,4.89,693.0,2.4948
2015-07-01 11:00:00,30.2,44,16.7,0.0,0.0,5.41,738.0,2.6568
2015-07-01 12:00:00,31.3,43,17.1,0.0,0.0,5.14,842.0,3.0312
2015-07-01 13:00:00,32.1,42,17.6,0.0,0.0,5.03,854.0,3.0744
2015-07-01 14:00:00,32.4,42,17.8,0.0,0.0,5.07,815.0,2.9339999999999997
2015-07-01 15:00:00,32.5,42,17.8,0.0,0.0,4.65,727.0,2.6172
2015-07-01 16:00:00,32.4,42,18.0,0.0,0.0,4.79,582.0,2.0951999999999997
2015-07-01 17:00:00,31.7,45,18.2,0.0,0.0,4.48,427.0,1.5372
2015-07-01 18:00:00,30.5,48,18.3,0.0,0.0,3.2,283.0,1.0188
2015-07-01 19:00:00,29.8,51,18.7,0.0,0.0,3.5,160.0,0.576
2015-07-01 20:00:00,27.3,54,17.2,0.0,0.0,3.76,46.0,0.1656
2015-07-01 21:00:00,25.2,57,16.2,0.0,0.0,3.5,1.0,0.0036
2015-07-01 22:00:00,23.4,63,16.0,0.0,0.0,3.4,0.0,0.0
2015-07-01 23:00:00,21.8,68,15.6,0.0,0.0,4.2,0.0,0.0
2015-07-02 00:00:00,20.5,73,15.5,0.0,0.0,3.97,0.0,0.0
2015-07-02 01:00:00,19.4,79,15.7,0.0,0.0,3.44,0.0,0.0
2015-07-02 02:00:00,18.8,84,16.0,0.0,0.0,3.0,0.0,0.0
2015-07-02 03:00:00,17.9,90,16.2,0.0,0.0,2.87,0.0,0.0
2015-07-02 04:00:00,17.2,93,16.0,0.0,0.0,3.05,0.0,0.0
2015-07-02 05:00:00,17.3,92,16.0,0.0,0.0,3.09,33.0,0.1188
2015-07-02 06:00:00,18.3,84,15.5,0.0,0.0,3.08,126.0,0.4536
2015-07-02 07:00:00,19.0,83,16.0,0.0,0.0,2.71,157.0,0.5652
2015-07-02 08:00:00,19.4,77,15.4,0.0,0.0,2.57,223.0,0.8028
2015-07-02 09:00:00,20.0,73,14.9,0.0,0.0,2.26,212.0,0.7632
2015-07-02 10:00:00,20.0,72,14.8,0.2,0.0,1.57,175.0,0.63
2015-07-02 11:00:00,20.1,72,14.9,0.2,0.0,1.49,151.0,0.5436
2015-07-02 12:00:00,21.3,66,14.7,0.0,0.0,1.08,311.0,1.1196
2015-07-02 13:00:00,22.0,66,15.3,0.5,0.0,2.21,372.0,1.3392
2015-07-02 14:00:00,21.7,70,15.9,0.0,0.0,4.85,393.0,1.4148
2015-07-02 15:00:00,21.9,67,15.6,0.0,0.0,5.58,395.0,1.422
2015-07-02 16:00:00,22.1,65,15.1,0.0,0.0,5.32,368.0,1.3248
2015-07-02 17:00:00,21.7,64,14.6,0.0,0.0,5.3,266.0,0.9576
2015-07-02 18:00:00,21.2,65,14.3,0.0,0.0,4.71,178.0,0.6408
2015-07-02 19:00:00,21.1,65,14.1,0.0,0.0,3.91,150.0,0.54
2015-07-02 20:00:00,19.8,66,13.3,0.0,0.0,2.97,50.0,0.18
2015-07-02 21:00:00,18.3,69,12.6,0.0,0.0,1.92,1.0,0.0036
2015-07-02 22:00:00,17.1,73,12.2,0.0,0.0,2.2,0.0,0.0
2015-07-02 23:00:00,16.0,75,11.6,0.0,0.0,2.39,0.0,0.0
2015-07-03 00:00:00,15.0,78,11.1,0.0,0.0,1.98,0.0,0.0
2015-07-03 01:00:00,14.1,81,10.9,0.0,0.0,1.57,0.0,0.0
2015-07-03 02:00:00,13.2,85,10.7,0.0,0.0,1.63,0.0,0.0
2015-07-03 03:00:00,12.3,88,10.4,0.0,0.0,1.8,0.0,0.0
2015-07-03 04:00:00,11.8,89,10.1,0.0,0.0,1.77,0.0,0.0
2015-07-03 05:00:00,12.3,89,10.5,0.0,0.0,2.27,41.0,0.1476
2015-07-03 06:00:00,14.8,77,10.9,0.0,0.0,2.47,157.0,0.5652
2015-07-03 07:00:00,16.4,73,11.5,0.0,0.0,2.77,308.0,1.1088
2015-07-03 08:00:00,18.1,63,10.9,0.0,0.0,2.82,468.0,1.6847999999999999
2015-07-03 09:00:00,19.9,55,10.6,0.0,0.0,3.2,617.0,2.2212
2015-07-03 10:00:00,21.4,52,11.1,0.0,0.0,2.42,744.0,2.6784
2015-07-03 11:00:00,22.7,50,11.8,0.0,0.0,2.42,833.0,2.9988
2015-07-03 12:00:00,23.8,49,12.4,0.0,0.0,2.8,882.0,3.1752
2015-07-03 13:00:00,24.8,48,12.9,0.0,0.0,3.41,876.0,3.1536
2015-07-03 14:00:00,25.0,48,13.2,0.0,0.0,3.95,761.0,2.7396
2015-07-03 15:00:00,24.6,50,13.5,0.0,0.0,4.67,636.0,2.2896
2015-07-03 16:00:00,23.6,53,13.5,0.0,0.0,5.66,488.0,1.7568
2015-07-03 17:00:00,22.6,56,13.3,0.0,0.0,5.82,408.0,1.4687999999999999
2015-07-03 18:00:00,21.5,59,13.1,0.0,0.0,5.63,284.0,1.0224
2015-07-03 19:00:00,20.1,64,13.2,0.0,0.0,5.58,160.0,0.576
2015-07-03 20:00:00,18.8,72,13.6,0.0,0.0,5.32,43.0,0.1548
2015-07-03 21:00:00,18.0,77,14.0,0.0,0.0,5.57,1.0,0.0036
2015-07-03 22:00:00,17.6,84,14.8,2.9,0.0,4.74,0.0,0.0
2015-07-03 23:00:00,17.5,88,15.4,3.5,0.0,4.83,0.0,0.0
2015-07-04 00:00:00,17.8,91,16.4,1.2,0.0,4.55,0.0,0.0
2015-07-04 01:00:00,18.5,93,17.3,1.0,0.0,4.72,0.0,0.0
2015-07-04 02:00:00,19.0,93,17.9,0.0,0.0,4.41,0.0,0.0
2015-07-04 03:00:00,19.2,93,18.0,0.0,0.0,3.47,0.0,0.0
2015-07-04 04:00:00,19.1,93,17.9,0.0,0.0,2.88,0.0,0.0
2015-07-04 05:00:00,19.3,92,18.0,0.0,0.0,3.37,34.0,0.1224
2015-07-04 06:00:00,19.9,92,18.6,0.0,0.0,4.82,135.0,0.486
2015-07-04 07:00:00,20.6,87,18.5,0.0,0.0,5.55,280.0,1.008
2015-07-04 08:00:00,21.6,75,17.0,0.0,0.0,5.39,442.0,1.5912
2015-07-04 09:00:00,22.5,66,15.7,0.0,0.0,5.63,591.0,2.1276
2015-07-04 10:00:00,23.3,63,15.8,0.0,0.0,5.28,675.0,2.4299999999999997
2015-07-04 11:00:00,23.8,60,15.6,0.0,0.0,5.31,771.0,2.7756
2015-07-04 12:00:00,24.1,58,15.2,0.0,0.0,5.23,823.0,2.9628
2015-07-04 13:00:00,24.4,55,14.7,0.0,0.0,5.02,844.0,3.0383999999999998
2015-07-04 14:00:00,24.6,53,14.3,0.0,0.0,5.2,825.0,2.9699999999999998
2015-07-04 15:00:00,24.4,52,14.0,0.0,0.0,5.44,749.0,2.6964
2015-07-04 16:00:00,24.0,52,13.6,0.0,0.0,5.66,629.0,2.2643999999999997
2015-07-04 17:00:00,23.3,54,13.4,0.0,0.0,5.5,489.0,1.7604
2015-07-04 18:00:00,22.4,57,13.4,0.0,0.0,5.12,317.0,1.1412
2015-07-04 19:00:00,20.9,61,13.0,0.0,0.0,4.28,178.0,0.6408
2015-07-04 20:00:00,19.4,65,12.6,0.0,0.0,3.98,52.0,0.1872
2015-07-04 21:00:00,18.2,68,12.3,0.0,0.0,3.61,1.0,0.0036
2015-07-04 22:00:00,17.5,70,12.0,0.0,0.0,3.26,0.0,0.0
2015-07-04 23:00:00,16.5,74,11.8,0.0,0.0,2.46,0.0,0.0
2015-07-05 00:00:00,16.1,76,11.8,0.0,0.0,2.04,0.0,0.0
2015-07-05 01:00:00,15.5,81,12.3,0.0,0.0,1.3,0.0,0.0
2015-07-05 02:00:00,15.4,82,12.4,0.0,0.0,1.43,0.0,0.0
2015-07-05 03:00:00,15.2,83,12.3,0.0,0.0,1.25,0.0,0.0
2015-07-05 04:00:00,14.3,88,12.4,0.0,0.0,1.02,0.0,0.0
2015-07-05 05:00:00,14.6,89,12.8,0.0,0.0,0.41,34.0,0.1224
2015-07-05 06:00:00,16.2,81,13.0,0.0,0.0,0.36,131.0,0.47159999999999996
2015-07-05 07:00:00,17.1,79,13.4,0.0,0.0,0.51,157.0,0.5652
2015-07-05 08:00:00,17.7,77,13.6,0.4,0.0,2.25,172.0,0.6192
2015-07-05 09:00:00,17.2,85,14.6,1.8,0.0,1.63,150.0,0.54
2015-07-05 10:00:00,16.2,86,13.8,1.6,0.0,2.27,82.0,0.2952
2015-07-05 11:00:00,16.6,80,13.1,0.2,0.0,2.92,267.0,0.9611999999999999
2015-07-05 12:00:00,18.1,70,12.6,0.0,0.0,3.39,570.0,2.052
2015-07-05 13:00:00,20.2,58,11.7,0.0,0.0,3.78,757.0,2.7252
2015-07-05 14:00:00,21.4,51,10.7,0.0,0.0,4.99,640.0,2.304
2015-07-05 15:00:00,21.3,49,10.3,0.0,0.0,6.02,528.0,1.9008
2015-07-05 16:00:00,20.7,52,10.6,0.0,0.0,6.26,498.0,1.7928
2015-07-05 17:00:00,20.2,54,10.5,0.0,0.0,5.79,355.0,1.278
2015-07-05 18:00:00,19.9,55,10.5,0.0,0.0,5.34,268.0,0.9648
2015-07-05 19:00:00,18.6,58,10.3,0.0,0.0,4.21,142.0,0.5112
2015-07-05 20:00:00,17.4,64,10.5,0.0,0.0,3.71,53.0,0.1908
2015-07-05 21:00:00,16.3,69,10.7,0.0,0.0,3.77,1.0,0.0036
2015-07-05 22:00:00,15.4,75,11.0,0.0,0.0,3.72,0.0,0.0
2015-07-05 23:00:00,14.7,80,11.2,0.0,0.0,3.56,0.0,0.0
2015-07-06 00:00:00,14.0,83,11.2,0.0,0.0,3.28,0.0,0.0
2015-07-06 01:00:00,13.3,87,11.1,0.0,0.0,2.84,0.0,0.0
2015-07-06 02:00:00,12.5,91,11.0,0.0,0.0,2.62,0.0,0.0
2015-07-06 03:00:00,12.0,92,10.8,0.0,0.0,2.55,0.0,0.0
2015-07-06 04:00:00,11.5,94,10.5,0.0,0.0,2.5,0.0,0.0
2015-07-06 05:00:00,11.8,94,10.8,0.0,0.0,2.97,37.0,0.13319999999999999
2015-07-06 06:00:00,13.8,86,11.5,0.0,0.0,3.08,150.0,0.54
2015-07-06 07:00:00,15.8,81,12.5,0.0,0.0,3.96,274.0,0.9863999999999999
2015-07-06 08:00:00,17.0,70,11.5,0.0,0.0,4.28,388.0,1.3968
2015-07-06 09:00:00,18.0,62,10.5,0.0,0.0,4.56,489.0,1.7604
2015-07-06 10:00:00,18.9,57,10.1,0.0,0.0,4.47,532.0,1.9152
2015-07-06 11:00:00,19.2,55,9.9,0.0,0.0,4.53,472.0,1.6992
2015-07-06 12:00:00,19.9,52,9.9,0.0,0.0,4.98,498.0,1.7928
2015-07-06 13:00:00,20.8,49,9.7,0.0,0.0,4.83,670.0,2.412
2015-07-06 14:00:00,21.2,49,9.9,0.0,0.0,5.1,687.0,2.4732
2015-07-06 15:00:00,21.3,49,10.0,0.0,0.0,5.23,637.0,2.2932
2015-07-06 16:00:00,21.1,50,10.1,0.0,0.0,4.85,571.0,2.0556
2015-07-06 17:00:00,20.7,51,10.2,0.0,0.0,4.66,463.0,1.6668
2015-07-06 18:00:00,20.1,53,10.4,0.0,0.0,4.4,318.0,1.1448
2015-07-06 19:00:00,19.1,55,9.8,0.0,0.0,3.76,166.0,0.5976
2015-07-06 20:00:00,17.9,60,10.1,0.0,0.0,3.45,51.0,0.18359999999999999
2015-07-06 21:00:00,16.6,66,10.1,0.0,0.0,3.52,1.0,0.0036
2015-07-06 22:00:00,15.7,69,10.1,0.0,0.0,3.41,0.0,0.0
2015-07-06 23:00:00,15.0,72,9.9,0.0,0.0,3.4,0.0,0.0
2015-07-07 00:00:00,14.4,74,9.8,0.0,0.0,3.31,0.0,0.0
2015-07-07 01:00:00,13.9,76,9.7,0.0,0.0,3.2,0.0,0.0
2015-07-07 02:00:00,13.5,78,9.8,0.0,0.0,3.13,0.0,0.0
2015-07-07 03:00:00,13.1,81,10.0,0.0,0.0,3.13,0.0,0.0
2015-07-07 04:00:00,13.0,84,10.4,0.0,0.0,3.37,0.0,0.0
2015-07-07 05:00:00,13.6,85,11.1,0.0,0.0,3.67,29.0,0.10439999999999999
2015-07-07 06:00:00,15.6,81,12.4,0.0,0.0,3.83,110.0,0.39599999999999996
2015-07-07 07:00:00,16.9,83,14.0,0.1,0.0,3.79,119.0,0.4284
2015-07-07 08:00:00,17.6,84,14.8,0.2,0.0,4.3,112.0,0.4032
2015-07-07 09:00:00,18.2,83,15.2,0.0,0.0,5.42,123.0,0.44279999999999997
2015-07-07 10:00:00,18.2,84,15.5,0.2,0.0,6.0,148.0,0.5327999999999999
2015-07-07 11:00:00,18.4,85,15.8,0.2,0.0,6.95,289.0,1.0404
2015-07-07 12:00:00,20.2,73,15.3,0.2,0.0,7.02,594.0,2.1384
2015-07-07 13:00:00,20.7,67,14.2,0.2,0.0,7.24,608.0,2.1888
2015-07-07 14:00:00,20.4,64,13.3,0.0,0.0,6.96,567.0,2.0412
2015-07-07 15:00:00,20.9,54,11.3,0.0,0.0,7.11,531.0,1.9116
2015-07-07 16:00:00,20.7,49,9.7,0.0,0.0,7.4,470.0,1.692
2015-07-07 17:00:00,20.1,48,8.7,0.0,0.0,7.08,380.0,1.3679999999999999
2015-07-07 18:00:00,19.4,48,8.2,0.0,0.0,6.69,284.0,1.0224
2015-07-07 19:00:00,18.4,52,8.4,0.0,0.0,6.28,139.0,0.5004
2015-07-07 20:00:00,17.1,55,8.0,0.0,0.0,6.24,44.0,0.15839999999999999
2015-07-07 21:00:00,15.9,59,8.0,0.0,0.0,5.8,1.0,0.0036
2015-07-07 22:00:00,15.2,64,8.4,0.0,0.0,5.16,0.0,0.0
2015-07-07 23:00:00,14.8,67,8.8,0.0,0.0,5.64,0.0,0.0
2015-07-08 00:00:00,14.4,70,9.0,0.0,0.0,5.75,0.0,0.0
2015-07-08 01:00:00,14.1,73,9.2,0.0,0.0,6.14,0.0,0.0
2015-07-08 02:00:00,13.8,75,9.4,0.0,0.0,5.99,0.0,0.0
2015-07-08 03:00:00,13.9,75,9.6,0.0,0.0,5.83,0.0,0.0
2015-07-08 04:00:00,14.1,76,9.8,0.0,0.0,5.66,0.0,0.0
2015-07-08 05:00:00,14.2,77,10.2,0.3,0.0,5.75,11.0,0.039599999999999996
2015-07-08 06:00:00,14.5,78,10.8,0.0,0.0,5.37,49.0,0.1764
2015-07-08 07:00:00,15.3,79,11.6,0.0,0.0,6.1,130.0,0.46799999999999997
2015-07-08 08:00:00,16.2,74,11.6,0.0,0.0,6.7,281.0,1.0116
2015-07-08 09:00:00,16.8,71,11.4,0.1,0.0,6.6,353.0,1.2708
2015-07-08 10:00:00,17.4,68,11.4,0.1,0.0,5.3,366.0,1.3175999999999999
2015-07-08 11:00:00,17.7,66,11.4,0.0,0.0,6.21,344.0,1.2384
2015-07-08 12:00:00,18.1,64,11.2,0.2,0.0,6.6,388.0,1.3968
2015-07-08 13:00:00,18.3,62,10.8,0.0,0.0,6.73,281.0,1.0116
2015-07-08 14:00:00,18.3,61,10.7,0.0,0.0,6.83,283.0,1.0188
2015-07-08 15:00:00,18.0,64,11.0,0.0,0.0,7.16,280.0,1.008
2015-07-08 16:00:00,17.7,64,10.8,0.0,0.0,7.13,265.0,0.954
2015-07-08 17:00:00,18.0,62,10.5,0.0,0.0,6.86,240.0,0.864
2015-07-08 18:00:00,18.3,57,9.7,0.0,0.0,6.32,262.0,0.9431999999999999
2015-07-08 19:00:00,17.8,57,9.2,0.0,0.0,5.82,132.0,0.4752
2015-07-08 20:00:00,17.1,56,8.2,0.0,0.0,5.56,32.0,0.1152
2015-07-08 21:00:00,16.4,56,7.6,0.0,0.0,4.96,0.0,0.0
2015-07-08 22:00:00,15.7,56,7.0,0.0,0.0,4.42,0.0,0.0
2015-07-08 23:00:00,15.2,56,6.5,0.0,0.0,4.19,0.0,0.0
2015-07-09 00:00:00,14.7,57,6.3,0.0,0.0,4.19,0.0,0.0
2015-07-09 01:00:00,13.9,61,6.4,0.0,0.0,4.22,0.0,0.0
2015-07-09 02:00:00,13.1,64,6.5,0.0,0.0,4.03,0.0,0.0
2015-07-09 03:00:00,12.1,69,6.6,0.0,0.0,4.0,0.0,0.0
2015-07-09 04:00:00,11.3,73,6.7,0.0,0.0,3.88,0.0,0.0
2015-07-09 05:00:00,11.2,75,7.0,0.0,0.0,3.78,35.0,0.126
2015-07-09 06:00:00,11.9,72,7.1,0.0,0.0,3.91,149.0,0.5364
2015-07-09 07:00:00,13.0,69,7.4,0.0,0.0,4.1,291.0,1.0475999999999999
2015-07-09 08:00:00,14.2,61,6.9,0.0,0.0,4.05,431.0,1.5515999999999999
2015-07-09 09:00:00,14.9,58,6.6,0.0,0.0,3.62,478.0,1.7207999999999999
2015-07-09 10:00:00,15.8,53,6.4,0.0,0.0,2.62,603.0,2.1708
2015-07-09 11:00:00,16.8,50,6.3,0.0,0.0,1.98,723.0,2.6028
2015-07-09 12:00:00,17.4,48,6.2,0.0,0.0,1.66,708.0,2.5488
2015-07-09 13:00:00,18.1,45,6.1,0.0,0.0,1.77,725.0,2.61
2015-07-09 14:00:00,19.0,43,6.3,0.0,0.0,2.02,798.0,2.8728
2015-07-09 15:00:00,19.5,42,6.2,0.0,0.0,2.2,755.0,2.718
2015-07-09 16:00:00,19.7,41,6.2,0.0,0.0,2.1,590.0,2.124
2015-07-09 17:00:00,19.8,41,6.1,0.0,0.0,1.9,489.0,1.7604
2015-07-09 18:00:00,19.7,41,5.9,0.0,0.0,1.73,321.0,1.1556
2015-07-09 19:00:00,19.8,42,6.5,0.0,0.0,1.03,175.0,0.63
2015-07-09 20:00:00,18.5,51,8.2,0.0,0.0,1.44,51.0,0.18359999999999999
2015-07-09 21:00:00,16.4,60,8.5,0.0,0.0,2.28,1.0,0.0036
2015-07-09 22:00:00,15.0,69,9.3,0.0,0.0,2.51,0.0,0.0
2015-07-09 23:00:00,14.3,75,10.0,0.0,0.0,2.84,0.0,0.0
2015-07-10 00:00:00,13.6,80,10.3,0.0,0.0,2.69,0.0,0.0
2015-07-10 01:00:00,13.0,84,10.3,0.0,0.0,2.41,0.0,0.0
2015-07-10 02:00:00,12.5,87,10.4,0.0,0.0,2.05,0.0,0.0
2015-07-10 03:00:00,12.1,90,10.5,0.0,0.0,1.94,0.0,0.0
2015-07-10 04:00:00,11.7,92,10.5,0.0,0.0,1.75,0.0,0.0
2015-07-10 05:00:00,12.1,92,10.9,0.0,0.0,2.22,31.0,0.11159999999999999
2015-07-10 06:00:00,14.2,84,11.4,0.0,0.0,1.82,139.0,0.5004
2015-07-10 07:00:00,16.0,76,11.7,0.0,0.0,2.01,285.0,1.026
2015-07-10 08:00:00,17.8,63,10.7,0.0,0.0,2.9,440.0,1.5839999999999999
2015-07-10 09:00:00,19.1,55,10.0,0.0,0.0,3.45,588.0,2.1168
2015-07-10 10:00:00,20.4,49,9.3,0.0,0.0,3.45,711.0,2.5596
2015-07-10 11:00:00,21.4,44,8.6,0.0,0.0,3.76,802.0,2.8872
2015-07-10 12:00:00,22.3,41,8.3,0.0,0.0,4.02,852.0,3.0671999999999997
2015-07-10 13:00:00,22.9,38,7.9,0.0,0.0,4.21,846.0,3.0456
2015-07-10 14:00:00,23.3,37,7.6,0.0,0.0,4.3,812.0,2.9232
2015-07-10 15:00:00,23.4,35,7.3,0.0,0.0,4.43,731.0,2.6315999999999997
2015-07-10 16:00:00,23.3,35,6.9,0.0,0.0,4.37,614.0,2.2104
2015-07-10 17:00:00,23.0,35,6.7,0.0,0.0,4.1,468.0,1.6847999999999999
2015-07-10 18:00:00,22.3,38,7.4,0.0,0.0,3.52,280.0,1.008
2015-07-10 19:00:00,21.3,43,8.1,0.0,0.0,2.64,133.0,0.4788
2015-07-10 20:00:00,19.9,49,8.8,0.0,0.0,2.55,30.0,0.108
2015-07-10 21:00:00,18.9,54,9.5,0.0,0.0,1.7,0.0,0.0
2015-07-10 22:00:00,17.9,61,10.2,0.0,0.0,1.89,0.0,0.0
2015-07-10 23:00:00,17.1,68,11.2,0.0,0.0,1.36,0.0,0.0
2015-07-11 00:00:00,17.9,61,10.2,0.0,0.0,0.28,0.0,0.0
2015-07-11 01:00:00,16.0,74,11.3,0.0,0.0,1.27,0.0,0.0
2015-07-11 02:00:00,15.1,76,10.9,0.0,0.0,1.49,0.0,0.0
2015-07-11 03:00:00,14.1,79,10.6,0.0,0.0,1.84,0.0,0.0
2015-07-11 04:00:00,13.7,80,10.4,0.0,0.0,2.59,0.0,0.0
2015-07-11 05:00:00,13.9,78,10.2,0.0,0.0,3.23,31.0,0.11159999999999999
2015-07-11 06:00:00,16.1,69,10.4,0.0,0.0,3.45,142.0,0.5112
2015-07-11 07:00:00,17.7,66,11.3,0.0,0.0,3.67,288.0,1.0368
2015-07-11 08:00:00,19.2,64,12.3,0.0,0.0,3.64,448.0,1.6128
2015-07-11 09:00:00,20.6,60,12.6,0.0,0.0,3.98,571.0,2.0556
2015-07-11 10:00:00,22.0,54,12.2,0.0,0.0,4.31,655.0,2.358
2015-07-11 11:00:00,22.7,50,11.8,0.0,0.0,4.71,564.0,2.0303999999999998
2015-07-11 12:00:00,22.6,50,11.7,0.0,0.0,4.75,455.0,1.638
2015-07-11 13:00:00,23.0,49,11.7,0.0,0.0,4.83,602.0,2.1672
2015-07-11 14:00:00,23.4,47,11.6,0.0,0.0,5.32,672.0,2.4192
2015-07-11 15:00:00,23.5,46,11.1,0.0,0.0,5.67,642.0,2.3112
2015-07-11 16:00:00,23.2,45,10.6,0.0,0.0,5.43,567.0,2.0412
2015-07-11 17:00:00,22.9,44,10.1,0.0,0.0,5.12,468.0,1.6847999999999999
2015-07-11 18:00:00,21.9,46,9.8,0.0,0.0,5.11,293.0,1.0548
2015-07-11 19:00:00,21.0,50,10.3,0.0,0.0,4.4,155.0,0.5579999999999999
2015-07-11 20:00:00,19.6,54,10.1,0.0,0.0,3.81,40.0,0.144
2015-07-11 21:00:00,18.5,59,10.2,0.0,0.0,3.34,0.0,0.0
2015-07-11 22:00:00,17.6,63,10.5,0.0,0.0,2.47,0.0,0.0
2015-07-11 23:00:00,16.7,70,11.1,0.9,0.0,2.84,0.0,0.0
2015-07-12 00:00:00,16.2,74,11.7,0.0,0.0,3.44,0.0,0.0
2015-07-12 01:00:00,15.8,78,12.0,0.0,0.0,3.2,0.0,0.0
2015-07-12 02:00:00,15.6,80,12.2,0.0,0.0,3.5,0.0,0.0
2015-07-12 03:00:00,15.4,80,12.1,0.0,0.0,3.83,0.0,0.0
2015-07-12 04:00:00,15.2,81,12.0,0.1,0.0,4.04,0.0,0.0
2015-07-12 05:00:00,15.1,82,12.1,0.3,0.0,4.25,7.0,0.0252
2015-07-12 06:00:00,15.0,85,12.6,0.2,0.0,4.46,26.0,0.0936
2015-07-12 07:00:00,15.6,90,13.9,0.0,0.0,5.16,72.0,0.2592
2015-07-12 08:00:00,16.9,82,13.8,0.0,0.0,6.14,190.0,0.6839999999999999
2015-07-12 09:00:00,18.0,76,13.7,0.0,0.0,6.5,207.0,0.7452
2015-07-12 10:00:00,18.6,73,13.6,0.1,0.0,5.72,211.0,0.7595999999999999
2015-07-12 11:00:00,18.7,73,13.7,0.2,0.0,6.17,190.0,0.6839999999999999
2015-07-12 12:00:00,18.6,76,14.2,0.1,0.0,6.37,184.0,0.6624
2015-07-12 13:00:00,18.2,79,14.5,0.1,0.0,6.01,219.0,0.7884
2015-07-12 14:00:00,18.5,79,14.8,0.0,0.0,6.3,201.0,0.7236
2015-07-12 15:00:00,19.4,77,15.3,0.0,0.0,6.25,382.0,1.3752
2015-07-12 16:00:00,20.2,74,15.4,0.0,0.0,6.59,468.0,1.6847999999999999
2015-07-12 17:00:00,19.6,74,14.8,0.3,0.0,6.45,328.0,1.1808
2015-07-12 18:00:00,19.2,75,14.7,0.0,0.0,6.41,185.0,0.666
2015-07-12 19:00:00,18.2,82,15.1,0.0,0.0,4.89,70.0,0.252
2015-07-12 20:00:00,17.6,85,15.0,0.0,0.0,4.67,15.0,0.054
2015-07-12 21:00:00,17.4,86,15.0,0.0,0.0,4.47,0.0,0.0
2015-07-12 22:00:00,17.2,87,15.0,0.0,0.0,4.04,0.0,0.0
2015-07-12 23:00:00,17.1,87,14.9,0.0,0.0,3.92,0.0,0.0
2015-07-13 00:00:00,16.9,88,14.9,0.0,0.0,3.76,0.0,0.0
2015-07-13 01:00:00,16.7,88,14.7,0.0,0.0,3.36,0.0,0.0
2015-07-13 02:00:00,16.1,89,14.3,0.0,0.0,3.27,0.0,0.0
2015-07-13 03:00:00,15.5,90,13.9,0.0,0.0,3.04,0.0,0.0
2015-07-13 04:00:00,15.4,89,13.6,0.0,0.0,3.14,0.0,0.0
2015-07-13 05:00:00,15.4,88,13.4,0.0,0.0,3.05,5.0,0.018
2015-07-13 06:00:00,15.6,88,13.6,0.0,0.0,2.94,16.0,0.0576
2015-07-13 07:00:00,15.7,96,15.0,0.7,0.0,3.08,12.0,0.0432
2015-07-13 08:00:00,16.1,95,15.2,0.2,0.0,4.33,51.0,0.18359999999999999
2015-07-13 09:00:00,16.8,89,15.0,0.0,0.0,5.23,94.0,0.3384
2015-07-13 10:00:00,17.3,87,15.2,0.0,0.0,4.22,76.0,0.2736
2015-07-13 11:00:00,17.8,88,15.7,0.0,0.0,4.12,99.0,0.3564
2015-07-13 12:00:00,18.2,87,15.9,0.2,0.0,5.12,113.0,0.4068
2015-07-13 13:00:00,18.5,85,16.0,0.1,0.0,4.89,128.0,0.4608
2015-07-13 14:00:00,19.6,77,15.5,0.0,0.0,5.45,214.0,0.7704
2015-07-13 15:00:00,21.0,68,14.9,0.0,0.0,6.23,329.0,1.1844
2015-07-13 16:00:00,21.1,67,14.7,0.0,0.0,5.87,175.0,0.63
2015-07-13 17:00:00,20.7,69,14.8,0.0,0.0,5.87,107.0,0.3852
2015-07-13 18:00:00,20.1,72,14.9,0.0,0.0,5.91,57.0,0.2052
2015-07-13 19:00:00,18.4,85,15.9,0.0,0.0,5.64,18.0,0.0648
2015-07-13 20:00:00,18.3,85,15.7,0.0,0.0,5.41,6.0,0.0216
2015-07-13 21:00:00,18.1,85,15.4,0.0,0.0,5.19,0.0,0.0
2015-07-13 22:00:00,17.8,84,15.1,0.0,0.0,4.9,0.0,0.0
2015-07-13 23:00:00,17.5,84,14.8,0.0,0.0,4.84,0.0,0.0
2015-07-14 00:00:00,17.2,84,14.6,0.0,0.0,4.62,0.0,0.0
2015-07-14 01:00:00,17.0,85,14.4,0.0,0.0,4.59,0.0,0.0
2015-07-14 02:00:00,16.9,85,14.3,0.0,0.0,4.46,0.0,0.0
2015-07-14 03:00:00,16.8,85,14.3,0.0,0.0,4.22,0.0,0.0
2015-07-14 04:00:00,16.6,86,14.2,0.0,0.0,3.83,0.0,0.0
2015-07-14 05:00:00,16.6,86,14.3,0.0,0.0,3.52,4.0,0.0144
2015-07-14 06:00:00,16.5,87,14.4,0.7,0.0,4.23,20.0,0.072
2015-07-14 07:00:00,17.1,84,14.3,0.0,0.0,4.42,56.0,0.2016
2015-07-14 08:00:00,17.5,82,14.3,0.0,0.0,4.14,84.0,0.3024
2015-07-14 09:00:00,18.0,78,14.2,0.0,0.0,3.96,124.0,0.44639999999999996
2015-07-14 10:00:00,18.4,76,14.1,0.0,0.0,3.2,126.0,0.4536
2015-07-14 11:00:00,18.6,75,14.1,0.0,0.0,3.01,125.0,0.45
2015-07-14 12:00:00,18.7,74,14.0,0.0,0.0,2.89,84.0,0.3024
2015-07-14 13:00:00,19.3,71,13.8,0.0,0.0,3.2,158.0,0.5688
2015-07-14 14:00:00,20.1,67,13.7,0.0,0.0,3.26,241.0,0.8675999999999999
2015-07-14 15:00:00,20.9,63,13.6,0.0,0.0,4.03,254.0,0.9144
2015-07-14 16:00:00,21.0,62,13.6,0.0,0.0,3.83,173.0,0.6228
2015-07-14 17:00:00,21.3,62,13.6,0.0,0.0,3.18,221.0,0.7956
2015-07-14 18:00:00,21.2,62,13.7,0.0,0.0,3.11,187.0,0.6732
2015-07-14 19:00:00,19.9,75,15.3,0.4,0.0,3.69,56.0,0.2016
2015-07-14 20:00:00,19.0,80,15.5,0.0,0.0,3.75,6.0,0.0216
2015-07-14 21:00:00,18.4,84,15.7,0.0,0.0,3.69,0.0,0.0
2015-07-14 22:00:00,17.9,88,15.8,0.0,0.0,3.1,0.0,0.0
2015-07-14 23:00:00,17.5,90,15.9,0.0,0.0,3.14,0.0,0.0
2015-07-15 00:00:00,17.2,92,15.9,0.0,0.0,3.18,0.0,0.0
2015-07-15 01:00:00,17.0,93,15.9,0.0,0.0,3.08,0.0,0.0
2015-07-15 02:00:00,17.0,94,15.9,0.0,0.0,2.77,0.0,0.0
2015-07-15 03:00:00,17.0,94,16.0,0.0,0.0,2.62,0.0,0.0
2015-07-15 04:00:00,17.0,94,16.0,0.0,0.0,2.48,0.0,0.0
2015-07-15 05:00:00,17.0,94,16.1,0.2,0.0,2.91,4.0,0.0144
2015-07-15 06:00:00,17.3,93,16.1,0.2,0.0,2.94,24.0,0.0864
2015-07-15 07:00:00,17.6,93,16.5,0.0,0.0,2.77,30.0,0.108
2015-07-15 08:00:00,18.2,89,16.4,0.2,0.0,2.73,67.0,0.2412
2015-07-15 09:00:00,18.4,88,16.4,0.2,0.0,2.5,92.0,0.3312
2015-07-15 10:00:00,18.0,89,16.1,0.3,0.0,2.77,122.0,0.4392
2015-07-15 11:00:00,17.4,87,15.2,0.2,0.0,3.26,141.0,0.5075999999999999
2015-07-15 12:00:00,17.4,81,14.1,0.0,0.0,2.92,213.0,0.7667999999999999
2015-07-15 13:00:00,17.6,76,13.4,0.0,0.0,2.73,215.0,0.774
2015-07-15 14:00:00,17.9,73,12.9,0.0,0.0,2.78,228.0,0.8208
2015-07-15 15:00:00,18.3,69,12.6,0.0,0.0,2.69,225.0,0.8099999999999999
2015-07-15 16:00:00,18.7,66,12.2,0.0,0.0,2.55,228.0,0.8208
2015-07-15 17:00:00,19.4,62,11.9,0.0,0.0,2.38,291.0,1.0475999999999999
2015-07-15 18:00:00,19.6,60,11.6,0.0,0.0,2.28,192.0,0.6912
2015-07-15 19:00:00,20.2,63,12.9,0.0,0.0,1.84,134.0,0.4824
2015-07-15 20:00:00,18.9,66,12.5,0.0,0.0,1.82,35.0,0.126
2015-07-15 21:00:00,17.9,68,11.9,0.0,0.0,2.21,0.0,0.0
2015-07-15 22:00:00,17.2,67,11.0,0.0,0.0,2.43,0.0,0.0
2015-07-15 23:00:00,16.7,66,10.4,0.0,0.0,2.7,0.0,0.0
2015-07-16 00:00:00,16.2,70,10.7,0.0,0.0,2.35,0.0,0.0
2015-07-16 01:00:00,15.8,79,12.1,0.0,0.0,2.16,0.0,0.0
2015-07-16 02:00:00,15.6,86,13.3,0.0,0.0,2.39,0.0,0.0
2015-07-16 03:00:00,15.3,90,13.7,0.0,0.0,2.91,0.0,0.0
2015-07-16 04:00:00,15.5,88,13.5,0.0,0.0,3.34,0.0,0.0
2015-07-16 05:00:00,15.7,83,12.9,0.0,0.0,3.41,10.0,0.036
2015-07-16 06:00:00,16.3,78,12.4,0.0,0.0,3.71,69.0,0.24839999999999998
2015-07-16 07:00:00,16.8,78,13.0,0.0,0.0,4.3,98.0,0.3528
2015-07-16 08:00:00,17.3,75,12.8,0.0,0.0,4.63,137.0,0.49319999999999997
2015-07-16 09:00:00,18.1,71,12.9,0.0,0.0,5.26,219.0,0.7884
2015-07-16 10:00:00,19.0,68,13.0,0.0,0.0,4.68,316.0,1.1376
2015-07-16 11:00:00,19.9,66,13.4,0.0,0.0,4.9,437.0,1.5732
2015-07-16 12:00:00,20.9,64,13.9,0.0,0.0,4.66,522.0,1.8792
2015-07-16 13:00:00,21.8,62,14.3,0.0,0.0,4.43,538.0,1.9367999999999999
2015-07-16 14:00:00,22.1,62,14.4,0.0,0.0,4.24,379.0,1.3644
2015-07-16 15:00:00,22.9,59,14.5,0.0,0.0,4.32,473.0,1.7027999999999999
2015-07-16 16:00:00,22.6,59,14.3,0.0,0.0,4.72,374.0,1.3464
2015-07-16 17:00:00,22.2,61,14.4,0.0,0.0,5.18,399.0,1.4364
2015-07-16 18:00:00,20.9,66,14.3,0.0,0.0,5.04,224.0,0.8064
2015-07-16 19:00:00,19.1,70,13.4,0.0,0.0,4.87,110.0,0.39599999999999996
2015-07-16 20:00:00,18.0,73,13.1,0.0,0.0,5.41,37.0,0.13319999999999999
2015-07-16 21:00:00,17.4,74,12.8,0.0,0.0,5.34,0.0,0.0
2015-07-16 22:00:00,17.0,78,13.2,1.3,0.0,3.4,0.0,0.0
2015-07-16 23:00:00,16.6,86,14.2,1.3,0.0,3.74,0.0,0.0
2015-07-17 00:00:00,17.0,88,15.0,0.7,0.0,2.05,0.0,0.0
2015-07-17 01:00:00,16.9,92,15.6,0.3,0.0,1.12,0.0,0.0
2015-07-17 02:00:00,16.3,94,15.4,0.0,0.0,1.32,0.0,0.0
2015-07-17 03:00:00,15.8,95,15.0,0.0,0.0,1.49,0.0,0.0
2015-07-17 04:00:00,15.8,94,14.9,0.0,0.0,3.48,0.0,0.0
2015-07-17 05:00:00,16.0,94,15.0,0.0,0.0,4.33,21.0,0.0756
2015-07-17 06:00:00,17.1,93,15.9,0.0,0.0,5.09,97.0,0.3492
2015-07-17 07:00:00,18.2,85,15.7,0.0,0.0,6.01,173.0,0.6228
2015-07-17 08:00:00,19.0,79,15.4,0.0,0.0,6.58,282.0,1.0151999999999999
2015-07-17 09:00:00,20.4,70,14.6,0.0,0.0,7.07,440.0,1.5839999999999999
2015-07-17 10:00:00,21.1,65,14.1,0.0,0.0,6.36,440.0,1.5839999999999999
2015-07-17 11:00:00,21.5,62,14.0,0.0,0.0,6.94,523.0,1.8828
2015-07-17 12:00:00,21.7,61,13.9,0.0,0.0,7.22,535.0,1.926
2015-07-17 13:00:00,22.0,61,14.1,0.0,0.0,7.21,654.0,2.3544
2015-07-17 14:00:00,22.0,61,14.1,0.0,0.0,6.86,673.0,2.4228
2015-07-17 15:00:00,21.9,59,13.6,0.0,0.0,6.78,619.0,2.2284
2015-07-17 16:00:00,21.5,60,13.3,0.0,0.0,6.22,515.0,1.8539999999999999
2015-07-17 17:00:00,20.6,62,13.0,0.0,0.0,5.69,344.0,1.2384
2015-07-17 18:00:00,20.0,61,12.2,0.0,0.0,5.1,234.0,0.8423999999999999
2015-07-17 19:00:00,19.7,58,11.2,0.0,0.0,4.49,105.0,0.378
2015-07-17 20:00:00,18.7,60,10.8,0.0,0.0,3.98,36.0,0.1296
2015-07-17 21:00:00,17.5,64,10.6,0.0,0.0,3.83,0.0,0.0
2015-07-17 22:00:00,16.4,68,10.5,0.0,0.0,3.76,0.0,0.0
2015-07-17 23:00:00,15.5,71,10.3,0.0,0.0,3.74,0.0,0.0
2015-07-18 00:00:00,14.6,74,9.9,0.0,0.0,3.42,0.0,0.0
2015-07-18 01:00:00,14.0,75,9.7,0.0,0.0,3.23,0.0,0.0
2015-07-18 02:00:00,13.2,78,9.5,0.0,0.0,3.36,0.0,0.0
2015-07-18 03:00:00,12.6,81,9.5,0.0,0.0,3.45,0.0,0.0
2015-07-18 04:00:00,12.0,85,9.6,0.0,0.0,3.51,0.0,0.0
2015-07-18 05:00:00,11.8,87,9.8,0.0,0.0,3.31,24.0,0.0864
2015-07-18 06:00:00,13.0,83,10.2,0.0,0.0,3.35,131.0,0.47159999999999996
2015-07-18 07:00:00,14.5,78,10.7,0.0,0.0,3.79,281.0,1.0116
2015-07-18 08:00:00,16.0,68,10.0,0.0,0.0,3.81,434.0,1.5624
2015-07-18 09:00:00,17.4,58,9.1,0.0,0.0,3.89,590.0,2.124
2015-07-18 10:00:00,18.6,50,8.1,0.0,0.0,3.67,679.0,2.4444
2015-07-18 11:00:00,19.7,45,7.3,0.0,0.0,3.85,743.0,2.6748
2015-07-18 12:00:00,20.5,41,6.7,0.0,0.0,3.94,729.0,2.6244
2015-07-18 13:00:00,21.2,38,6.3,0.0,0.0,3.91,724.0,2.6064
2015-07-18 14:00:00,21.5,38,6.5,0.0,0.0,3.69,694.0,2.4983999999999997
2015-07-18 15:00:00,21.7,38,6.9,0.0,0.0,3.56,654.0,2.3544
2015-07-18 16:00:00,21.6,39,7.1,0.0,0.0,3.61,513.0,1.8468
2015-07-18 17:00:00,21.2,41,7.3,0.0,0.0,3.47,364.0,1.3104
2015-07-18 18:00:00,20.7,43,7.7,0.0,0.0,3.61,244.0,0.8784
2015-07-18 19:00:00,19.1,52,9.1,0.0,0.0,3.67,85.0,0.306
2015-07-18 20:00:00,17.8,58,9.5,0.0,0.0,3.31,14.0,0.0504
2015-07-18 21:00:00,16.7,65,10.0,0.0,0.0,3.0,0.0,0.0
2015-07-18 22:00:00,16.2,67,10.1,0.0,0.0,2.48,0.0,0.0
2015-07-18 23:00:00,15.9,69,10.2,0.0,0.0,2.1,0.0,0.0
2015-07-19 00:00:00,15.8,75,11.4,0.0,0.0,1.53,0.0,0.0
2015-07-19 01:00:00,15.6,71,10.4,0.0,0.0,1.36,0.0,0.0
2015-07-19 02:00:00,15.3,73,10.4,0.0,0.0,1.84,0.0,0.0
2015-07-19 03:00:00,15.1,73,10.4,0.0,0.0,2.28,0.0,0.0
2015-07-19 04:00:00,14.9,74,10.3,0.0,0.0,2.68,0.0,0.0
2015-07-19 05:00:00,14.7,75,10.4,0.9,0.0,3.08,4.0,0.0144
2015-07-19 06:00:00,13.9,83,11.1,1.2,0.0,3.33,19.0,0.0684
2015-07-19 07:00:00,14.0,87,11.9,0.6,0.0,3.54,49.0,0.1764
2015-07-19 08:00:00,14.9,79,11.3,0.0,0.0,4.24,237.0,0.8532
2015-07-19 09:00:00,16.9,70,11.3,0.0,0.0,4.83,485.0,1.746
2015-07-19 10:00:00,19.1,60,11.2,0.0,0.0,4.86,691.0,2.4876
2015-07-19 11:00:00,21.0,52,10.8,0.0,0.0,6.09,718.0,2.5848
2015-07-19 12:00:00,21.4,51,10.9,0.1,0.0,6.93,533.0,1.9187999999999998
2015-07-19 13:00:00,20.9,54,11.3,0.0,0.0,7.28,327.0,1.1772
2015-07-19 14:00:00,21.3,54,11.6,0.0,0.0,7.02,497.0,1.7892
2015-07-19 15:00:00,22.2,47,10.4,0.0,0.0,6.48,666.0,2.3975999999999997
2015-07-19 16:00:00,22.3,41,8.5,0.0,0.0,5.83,590.0,2.124
2015-07-19 17:00:00,21.9,38,6.8,0.0,0.0,5.12,460.0,1.656
2015-07-19 18:00:00,21.3,38,6.4,0.0,0.0,3.91,317.0,1.1412
2015-07-19 19:00:00,20.6,46,8.5,0.0,0.0,2.72,165.0,0.594
2015-07-19 20:00:00,18.9,51,8.6,0.0,0.0,2.06,42.0,0.1512
2015-07-19 21:00:00,17.0,59,8.8,0.0,0.0,2.25,0.0,0.0
2015-07-19 22:00:00,15.3,66,9.0,0.0,0.0,2.34,0.0,0.0
2015-07-19 23:00:00,14.0,72,9.1,0.0,0.0,2.02,0.0,0.0
2015-07-20 00:00:00,12.9,79,9.3,0.0,0.0,1.89,0.0,0.0
2015-07-20 01:00:00,12.2,83,9.4,0.0,0.0,2.19,0.0,0.0
2015-07-20 02:00:00,12.2,84,9.6,0.0,0.0,1.42,0.0,0.0
2015-07-20 03:00:00,12.2,88,10.2,0.0,0.0,1.04,0.0,0.0
2015-07-20 04:00:00,13.0,87,10.8,0.0,0.0,1.08,0.0,0.0
2015-07-20 05:00:00,13.7,87,11.6,0.0,0.0,1.14,8.0,0.0288
2015-07-20 06:00:00,14.5,86,12.2,0.0,0.0,1.64,16.0,0.0576
2015-07-20 07:00:00,15.7,85,13.1,0.2,0.0,2.06,46.0,0.1656
2015-07-20 08:00:00,16.5,83,13.7,0.0,0.0,2.72,79.0,0.2844
2015-07-20 09:00:00,17.8,82,14.7,0.0,0.0,3.35,205.0,0.738
2015-07-20 10:00:00,19.4,79,15.8,0.0,0.0,3.51,307.0,1.1052
2015-07-20 11:00:00,20.0,80,16.4,0.0,0.0,4.06,232.0,0.8351999999999999
2015-07-20 12:00:00,20.6,79,16.9,0.0,0.0,4.87,209.0,0.7524
2015-07-20 13:00:00,21.7,75,17.0,0.0,0.0,6.19,291.0,1.0475999999999999
2015-07-20 14:00:00,22.3,72,16.9,0.0,0.0,7.09,281.0,1.0116
2015-07-20 15:00:00,22.3,71,16.9,0.0,0.0,6.87,289.0,1.0404
2015-07-20 16:00:00,22.0,74,17.2,0.0,0.0,7.03,259.0,0.9324
2015-07-20 17:00:00,20.7,81,17.4,0.0,0.0,6.5,129.0,0.4644
2015-07-20 18:00:00,19.9,84,17.2,0.0,0.0,6.05,70.0,0.252
2015-07-20 19:00:00,19.3,88,17.3,0.0,0.0,5.83,25.0,0.09
2015-07-20 20:00:00,18.8,89,17.0,0.0,0.0,7.0,7.0,0.0252
2015-07-20 21:00:00,18.7,88,16.7,0.0,0.0,6.38,0.0,0.0
2015-07-20 22:00:00,18.3,87,16.1,0.0,0.0,5.69,0.0,0.0
2015-07-20 23:00:00,17.7,85,15.2,0.0,0.0,5.61,0.0,0.0
2015-07-21 00:00:00,17.0,84,14.2,0.0,0.0,5.19,0.0,0.0
2015-07-21 01:00:00,16.2,83,13.4,0.0,0.0,4.66,0.0,0.0
2015-07-21 02:00:00,15.5,84,12.8,0.0,0.0,4.17,0.0,0.0
2015-07-21 03:00:00,14.7,86,12.5,0.0,0.0,3.84,0.0,0.0
2015-07-21 04:00:00,14.3,88,12.3,0.0,0.0,3.68,0.0,0.0
2015-07-21 05:00:00,14.1,89,12.3,0.0,0.0,3.75,18.0,0.0648
2015-07-21 06:00:00,14.9,86,12.6,0.0,0.0,3.7,114.0,0.4104
2015-07-21 07:00:00,16.7,79,13.0,0.0,0.0,5.34,258.0,0.9288
2015-07-21 08:00:00,18.0,71,12.7,0.0,0.0,5.26,381.0,1.3716
2015-07-21 09:00:00,19.4,64,12.4,0.0,0.0,5.53,514.0,1.8504
2015-07-21 10:00:00,20.8,57,12.0,0.0,0.0,4.74,657.0,2.3651999999999997
2015-07-21 11:00:00,21.9,51,11.4,0.0,0.0,5.38,761.0,2.7396
2015-07-21 12:00:00,22.5,48,11.0,0.0,0.0,5.81,687.0,2.4732
2015-07-21 13:00:00,23.0,47,11.0,0.0,0.0,5.8,643.0,2.3148
2015-07-21 14:00:00,23.4,45,10.9,0.0,0.0,6.08,709.0,2.5524
2015-07-21 15:00:00,23.5,45,11.0,0.0,0.0,6.36,639.0,2.3004
2015-07-21 16:00:00,23.2,46,11.0,0.0,0.0,6.45,502.0,1.8072
2015-07-21 17:00:00,22.6,49,11.3,0.0,0.0,6.1,371.0,1.3356
2015-07-21 18:00:00,21.9,53,11.9,0.0,0.0,5.23,217.0,0.7812
2015-07-21 19:00:00,20.5,58,12.0,0.0,0.0,4.97,101.0,0.3636
2015-07-21 20:00:00,19.4,64,12.5,0.0,0.0,4.42,24.0,0.0864
2015-07-21 21:00:00,18.4,70,12.9,0.0,0.0,4.02,0.0,0.0
2015-07-21 22:00:00,17.8,74,13.1,0.0,0.0,3.28,0.0,0.0
2015-07-21 23:00:00,17.0,78,13.1,0.0,0.0,3.02,0.0,0.0
2015-07-22 00:00:00,16.0,83,13.1,0.0,0.0,2.95,0.0,0.0
2015-07-22 01:00:00,15.2,87,13.0,0.0,0.0,2.78,0.0,0.0
2015-07-22 02:00:00,14.5,90,12.9,0.0,0.0,2.7,0.0,0.0
2015-07-22 03:00:00,14.0,92,12.8,0.0,0.0,2.62,0.0,0.0
2015-07-22 04:00:00,13.5,94,12.5,0.0,0.0,2.7,0.0,0.0
2015-07-22 05:00:00,13.5,94,12.5,0.0,0.0,2.98,17.0,0.0612
2015-07-22 06:00:00,15.0,88,12.9,0.0,0.0,2.97,111.0,0.3996
2015-07-22 07:00:00,16.7,81,13.3,0.0,0.0,3.83,217.0,0.7812
2015-07-22 08:00:00,18.2,70,12.7,0.0,0.0,4.36,345.0,1.242
2015-07-22 09:00:00,19.4,62,12.0,0.0,0.0,4.96,465.0,1.674
2015-07-22 10:00:00,20.3,56,11.4,0.0,0.0,4.55,513.0,1.8468
2015-07-22 11:00:00,21.0,51,10.6,0.0,0.0,5.46,515.0,1.8539999999999999
2015-07-22 12:00:00,21.1,51,10.5,0.0,0.0,5.55,397.0,1.4292
2015-07-22 13:00:00,21.5,50,10.7,0.0,0.0,5.88,484.0,1.7424
2015-07-22 14:00:00,21.3,51,10.9,0.0,0.0,6.31,462.0,1.6632
2015-07-22 15:00:00,21.0,53,11.0,0.0,0.0,6.31,363.0,1.3068
2015-07-22 16:00:00,19.7,59,11.5,0.0,0.0,5.41,165.0,0.594
2015-07-22 17:00:00,19.6,58,11.1,0.0,0.0,4.82,250.0,0.9
2015-07-22 18:00:00,19.4,57,10.5,0.0,0.0,4.37,151.0,0.5436
2015-07-22 19:00:00,19.1,54,9.5,0.0,0.0,3.4,133.0,0.4788
2015-07-22 20:00:00,18.1,56,9.1,0.0,0.0,2.47,32.0,0.1152
2015-07-22 21:00:00,17.0,60,9.1,0.0,0.0,2.26,0.0,0.0
2015-07-22 22:00:00,16.3,63,9.2,0.0,0.0,2.77,0.0,0.0
2015-07-22 23:00:00,15.4,67,9.4,0.0,0.0,3.04,0.0,0.0
2015-07-23 00:00:00,14.6,71,9.5,0.0,0.0,3.04,0.0,0.0
2015-07-23 01:00:00,13.8,76,9.6,0.0,0.0,2.63,0.0,0.0
2015-07-23 02:00:00,13.4,78,9.6,0.0,0.0,2.41,0.0,0.0
2015-07-23 03:00:00,12.9,81,9.7,0.0,0.0,2.31,0.0,0.0
2015-07-23 04:00:00,12.2,86,9.8,0.0,0.0,2.57,0.0,0.0
2015-07-23 05:00:00,11.8,89,10.0,0.0,0.0,2.79,16.0,0.0576
2015-07-23 06:00:00,13.0,84,10.4,0.0,0.0,2.69,117.0,0.42119999999999996
2015-07-23 07:00:00,14.6,80,11.1,0.0,0.0,2.86,258.0,0.9288
2015-07-23 08:00:00,15.8,72,10.7,0.0,0.0,2.96,332.0,1.1952
2015-07-23 09:00:00,17.0,63,9.9,0.0,0.0,2.94,429.0,1.5444
2015-07-23 10:00:00,18.1,56,9.1,0.0,0.0,2.47,484.0,1.7424
2015-07-23 11:00:00,18.9,50,8.2,0.0,0.0,3.1,561.0,2.0196
2015-07-23 12:00:00,19.5,47,7.8,0.1,0.0,3.42,515.0,1.8539999999999999
2015-07-23 13:00:00,19.7,46,7.7,0.0,0.0,3.76,407.0,1.4652
2015-07-23 14:00:00,20.0,45,7.6,0.0,0.0,3.91,418.0,1.5048
2015-07-23 15:00:00,20.3,44,7.5,0.0,0.0,3.67,424.0,1.5264
2015-07-23 16:00:00,20.1,44,7.4,0.0,0.0,3.45,250.0,0.9
2015-07-23 17:00:00,19.9,44,7.4,0.0,0.0,3.35,195.0,0.702
2015-07-23 18:00:00,19.3,47,7.9,0.0,0.0,2.65,107.0,0.3852
2015-07-23 19:00:00,18.8,51,8.4,0.0,0.0,2.31,61.0,0.2196
2015-07-23 20:00:00,18.0,55,8.8,0.0,0.0,1.9,17.0,0.0612
2015-07-23 21:00:00,16.9,60,9.1,0.0,0.0,1.87,0.0,0.0
2015-07-23 22:00:00,16.2,64,9.4,0.0,0.0,1.7,0.0,0.0
2015-07-23 23:00:00,15.5,69,9.8,0.0,0.0,1.3,0.0,0.0
2015-07-24 00:00:00,15.1,75,10.6,0.1,0.0,1.62,0.0,0.0
2015-07-24 01:00:00,14.8,79,11.2,0.0,0.0,1.25,0.0,0.0
2015-07-24 02:00:00,14.5,81,11.2,0.0,0.0,1.33,0.0,0.0
2015-07-24 03:00:00,14.4,81,11.1,0.0,0.0,1.12,0.0,0.0
2015-07-24 04:00:00,14.2,80,10.8,0.0,0.0,1.27,0.0,0.0
2015-07-24 05:00:00,14.2,80,10.8,0.0,0.0,1.62,2.0,0.0072
2015-07-24 06:00:00,14.4,80,10.9,0.0,0.0,1.94,21.0,0.0756
2015-07-24 07:00:00,15.3,73,10.4,0.0,0.0,1.84,76.0,0.2736
2015-07-24 08:00:00,16.1,70,10.7,0.3,0.0,1.94,125.0,0.45
2015-07-24 09:00:00,16.7,71,11.4,0.5,0.0,2.33,212.0,0.7632
2015-07-24 10:00:00,16.8,73,11.9,0.7,0.0,2.0,188.0,0.6768
2015-07-24 11:00:00,16.2,82,13.2,0.9,0.0,2.42,101.0,0.3636
2015-07-24 12:00:00,16.2,84,13.6,1.2,0.0,2.83,138.0,0.49679999999999996
2015-07-24 13:00:00,15.8,86,13.5,1.9,0.0,3.24,93.0,0.3348
2015-07-24 14:00:00,15.5,86,13.2,1.6,0.0,3.88,105.0,0.378
2015-07-24 15:00:00,15.1,88,13.0,1.7,0.0,4.05,93.0,0.3348
2015-07-24 16:00:00,14.7,88,12.8,1.7,0.0,3.96,76.0,0.2736
2015-07-24 17:00:00,14.5,89,12.7,1.9,0.0,4.34,93.0,0.3348
2015-07-24 18:00:00,14.2,90,12.6,2.4,0.0,4.7,43.0,0.1548
2015-07-24 19:00:00,13.6,93,12.4,2.4,0.0,5.15,11.0,0.039599999999999996
2015-07-24 20:00:00,13.4,92,12.2,1.9,0.0,5.57,3.0,0.0108
2015-07-24 21:00:00,13.3,92,12.0,1.8,0.0,6.11,0.0,0.0
2015-07-24 22:00:00,13.2,92,11.9,1.6,0.0,5.3,0.0,0.0
2015-07-24 23:00:00,13.1,92,11.8,1.5,0.0,6.14,0.0,0.0
2015-07-25 00:00:00,13.0,92,11.7,1.4,0.0,6.46,0.0,0.0
2015-07-25 01:00:00,12.9,92,11.7,1.7,0.0,7.07,0.0,0.0
2015-07-25 02:00:00,12.6,92,11.4,2.0,0.0,7.62,0.0,0.0
2015-07-25 03:00:00,12.4,90,10.8,2.2,0.0,7.12,0.0,0.0
2015-07-25 04:00:00,12.0,88,10.1,1.6,0.0,6.47,0.0,0.0
2015-07-25 05:00:00,11.6,89,9.8,0.9,0.0,6.52,3.0,0.0108
2015-07-25 06:00:00,11.5,89,9.8,0.4,0.0,5.92,33.0,0.1188
2015-07-25 07:00:00,12.5,86,10.2,0.0,0.0,6.7,215.0,0.774
2015-07-25 08:00:00,13.8,76,9.6,0.0,0.0,7.09,358.0,1.2888
2015-07-25 09:00:00,15.0,65,8.5,0.0,0.0,7.22,470.0,1.692
2015-07-25 10:00:00,16.6,55,7.4,0.0,0.0,6.0,618.0,2.2248
2015-07-25 11:00:00,17.4,50,6.9,0.0,0.0,6.25,591.0,2.1276
2015-07-25 12:00:00,17.9,48,6.6,0.0,0.0,6.18,561.0,2.0196
2015-07-25 13:00:00,18.1,47,6.7,0.0,0.0,5.86,498.0,1.7928
2015-07-25 14:00:00,18.1,48,7.0,0.0,0.0,5.25,423.0,1.5228
2015-07-25 15:00:00,18.1,50,7.4,0.0,0.0,4.92,350.0,1.26
2015-07-25 16:00:00,18.3,49,7.4,0.0,0.0,4.46,410.0,1.476
2015-07-25 17:00:00,17.6,54,8.1,0.0,0.0,3.32,178.0,0.6408
2015-07-25 18:00:00,17.5,54,8.0,0.0,0.0,2.98,232.0,0.8351999999999999
2015-07-25 19:00:00,17.3,58,8.9,0.0,0.0,2.0,92.0,0.3312
2015-07-25 20:00:00,16.3,62,9.0,0.0,0.0,1.77,25.0,0.09
2015-07-25 21:00:00,14.9,68,9.1,0.0,0.0,2.06,0.0,0.0
2015-07-25 22:00:00,14.0,72,8.9,0.0,0.0,3.26,0.0,0.0
2015-07-25 23:00:00,12.9,76,8.7,0.0,0.0,3.05,0.0,0.0
2015-07-26 00:00:00,12.0,80,8.7,0.0,0.0,2.92,0.0,0.0
2015-07-26 01:00:00,11.6,82,8.6,0.0,0.0,2.52,0.0,0.0
2015-07-26 02:00:00,11.9,80,8.6,0.0,0.0,2.13,0.0,0.0
2015-07-26 03:00:00,11.8,80,8.5,0.0,0.0,1.92,0.0,0.0
2015-07-26 04:00:00,11.6,81,8.4,0.0,0.0,1.96,0.0,0.0
2015-07-26 05:00:00,11.9,80,8.5,0.0,0.0,2.61,4.0,0.0144
2015-07-26 06:00:00,12.5,79,9.0,0.0,0.0,2.93,25.0,0.09
2015-07-26 07:00:00,13.5,86,11.2,0.0,0.0,3.32,60.0,0.216
2015-07-26 08:00:00,14.7,82,11.7,0.2,0.0,3.71,129.0,0.4644
2015-07-26 09:00:00,15.2,77,11.2,0.9,0.0,4.5,162.0,0.5831999999999999
2015-07-26 10:00:00,14.1,87,12.0,2.3,0.0,5.76,48.0,0.1728
2015-07-26 11:00:00,13.5,90,11.9,2.8,0.0,6.2,34.0,0.1224
2015-07-26 12:00:00,13.5,91,12.1,0.9,0.0,6.09,83.0,0.2988
2015-07-26 13:00:00,13.8,92,12.4,0.8,0.0,6.24,100.0,0.36
2015-07-26 14:00:00,14.8,88,12.8,1.0,0.0,6.38,207.0,0.7452
2015-07-26 15:00:00,14.7,90,13.0,0.8,0.0,6.48,96.0,0.3456
2015-07-26 16:00:00,14.8,90,13.2,0.3,0.0,6.87,78.0,0.2808
2015-07-26 17:00:00,15.6,90,14.0,0.2,0.0,5.83,75.0,0.27
2015-07-26 18:00:00,16.6,87,14.4,0.0,0.0,5.32,113.0,0.4068
2015-07-26 19:00:00,16.7,86,14.4,0.0,0.0,5.66,105.0,0.378
2015-07-26 20:00:00,16.1,87,13.9,0.1,0.0,5.52,9.0,0.0324
2015-07-26 21:00:00,15.7,89,13.9,0.7,0.0,5.75,0.0,0.0
2015-07-26 22:00:00,15.2,89,13.4,0.2,0.0,5.88,0.0,0.0
2015-07-26 23:00:00,14.8,88,12.8,0.2,0.0,5.85,0.0,0.0
2015-07-27 00:00:00,14.6,88,12.6,0.0,0.0,6.05,0.0,0.0
2015-07-27 01:00:00,14.6,88,12.7,0.0,0.0,6.49,0.0,0.0
2015-07-27 02:00:00,14.6,88,12.7,0.0,0.0,6.36,0.0,0.0
2015-07-27 03:00:00,14.6,88,12.7,0.0,0.0,6.09,0.0,0.0
2015-07-27 04:00:00,14.5,89,12.7,0.0,0.0,6.04,0.0,0.0
2015-07-27 05:00:00,14.2,90,12.6,0.1,0.0,6.13,6.0,0.0216
2015-07-27 06:00:00,14.6,90,12.9,0.0,0.0,6.37,39.0,0.1404
2015-07-27 07:00:00,15.5,89,13.7,0.0,0.0,6.52,99.0,0.3564
2015-07-27 08:00:00,16.2,84,13.5,0.0,0.0,7.23,224.0,0.8064
2015-07-27 09:00:00,17.1,77,13.1,0.0,0.0,7.11,350.0,1.26
2015-07-27 10:00:00,17.9,72,12.8,0.1,0.0,6.56,440.0,1.5839999999999999
2015-07-27 11:00:00,18.2,69,12.4,0.0,0.0,7.78,394.0,1.4183999999999999
2015-07-27 12:00:00,18.8,66,12.2,0.0,0.0,7.91,427.0,1.5372
2015-07-27 13:00:00,19.3,61,11.6,0.0,0.0,7.97,576.0,2.0736
2015-07-27 14:00:00,18.8,59,10.5,0.0,0.0,8.04,395.0,1.422
2015-07-27 15:00:00,18.3,60,10.5,0.0,0.0,8.32,278.0,1.0008
2015-07-27 16:00:00,18.2,61,10.6,0.0,0.0,7.67,257.0,0.9252
2015-07-27 17:00:00,17.8,63,10.6,0.0,0.0,7.54,194.0,0.6984
2015-07-27 18:00:00,17.6,63,10.5,0.0,0.0,6.87,186.0,0.6696
2015-07-27 19:00:00,16.7,65,10.1,0.0,0.0,6.51,79.0,0.2844
2015-07-27 20:00:00,15.7,70,10.1,0.0,0.0,6.13,14.0,0.0504
2015-07-27 21:00:00,15.3,72,10.3,0.0,0.0,6.26,0.0,0.0
2015-07-27 22:00:00,15.1,74,10.5,0.0,0.0,6.0,0.0,0.0
2015-07-27 23:00:00,14.8,76,10.6,0.0,0.0,6.31,0.0,0.0
2015-07-28 00:00:00,14.3,79,10.7,0.0,0.0,6.45,0.0,0.0
2015-07-28 01:00:00,14.1,80,10.7,0.0,0.0,6.5,0.0,0.0
2015-07-28 02:00:00,14.1,79,10.6,0.0,0.0,6.43,0.0,0.0
2015-07-28 03:00:00,14.1,78,10.3,0.0,0.0,6.48,0.0,0.0
2015-07-28 04:00:00,14.1,77,10.1,0.0,0.0,6.36,0.0,0.0
2015-07-28 05:00:00,13.8,77,9.8,0.0,0.0,6.24,6.0,0.0216
2015-07-28 06:00:00,13.6,78,9.8,0.0,0.0,5.98,57.0,0.2052
2015-07-28 07:00:00,14.2,76,9.9,0.0,0.0,6.91,234.0,0.8423999999999999
2015-07-28 08:00:00,14.9,71,9.7,0.0,0.0,7.51,369.0,1.3284
2015-07-28 09:00:00,15.7,64,9.0,0.0,0.0,8.15,394.0,1.4183999999999999
2015-07-28 10:00:00,16.5,59,8.4,0.1,0.0,7.24,420.0,1.512
2015-07-28 11:00:00,16.6,59,8.5,0.1,0.0,7.44,367.0,1.3212
2015-07-28 12:00:00,17.3,56,8.5,0.1,0.0,7.09,475.0,1.71
2015-07-28 13:00:00,17.2,56,8.4,0.0,0.0,7.13,357.0,1.2852
2015-07-28 14:00:00,17.7,54,8.3,0.0,0.0,7.01,456.0,1.6416
2015-07-28 15:00:00,17.6,54,8.2,0.1,0.0,6.9,415.0,1.494
2015-07-28 16:00:00,17.2,56,8.4,0.1,0.0,6.7,315.0,1.134
2015-07-28 17:00:00,17.2,57,8.5,0.2,0.0,6.2,346.0,1.2456
2015-07-28 18:00:00,16.4,61,8.9,0.0,0.0,5.4,195.0,0.702
2015-07-28 19:00:00,15.9,57,7.3,0.0,0.0,4.81,92.0,0.3312
2015-07-28 20:00:00,14.9,60,7.2,0.0,0.0,4.52,22.0,0.07919999999999999
2015-07-28 21:00:00,14.2,63,7.3,0.0,0.0,4.24,0.0,0.0
2015-07-28 22:00:00,13.3,68,7.5,0.0,0.0,4.69,0.0,0.0
2015-07-28 23:00:00,12.9,71,7.8,0.0,0.0,4.55,0.0,0.0
2015-07-29 00:00:00,12.2,76,8.0,0.0,0.0,4.06,0.0,0.0
2015-07-29 01:00:00,11.5,80,8.2,0.0,0.0,4.1,0.0,0.0
2015-07-29 02:00:00,11.1,82,8.2,0.0,0.0,4.3,0.0,0.0
2015-07-29 03:00:00,10.6,85,8.1,0.0,0.0,4.24,0.0,0.0
2015-07-29 04:00:00,10.2,87,8.1,0.0,0.0,3.82,0.0,0.0
2015-07-29 05:00:00,10.0,88,8.0,0.0,0.0,3.91,10.0,0.036
2015-07-29 06:00:00,10.8,85,8.3,0.0,0.0,3.8,101.0,0.3636
2015-07-29 07:00:00,12.4,77,8.5,0.0,0.0,5.55,231.0,0.8316
2015-07-29 08:00:00,13.5,69,8.0,0.0,0.0,5.32,356.0,1.2816
2015-07-29 09:00:00,14.6,62,7.5,0.0,0.0,5.35,481.0,1.7316
2015-07-29 10:00:00,15.5,57,7.1,0.0,0.0,4.4,465.0,1.674
2015-07-29 11:00:00,15.7,57,7.1,0.0,0.0,4.55,312.0,1.1232
2015-07-29 12:00:00,15.9,56,7.2,0.0,0.0,4.71,299.0,1.0764
2015-07-29 13:00:00,16.4,54,7.1,0.0,0.0,4.68,400.0,1.44
2015-07-29 14:00:00,16.9,52,7.0,0.0,0.0,4.27,351.0,1.2636
2015-07-29 15:00:00,17.1,52,7.2,0.0,0.0,4.46,369.0,1.3284
2015-07-29 16:00:00,17.2,52,7.3,0.0,0.0,4.43,369.0,1.3284
2015-07-29 17:00:00,16.9,53,7.3,0.0,0.0,3.54,265.0,0.954
2015-07-29 18:00:00,16.3,57,7.8,0.0,0.0,3.35,162.0,0.5831999999999999
2015-07-29 19:00:00,15.1,68,9.2,0.1,0.0,3.83,76.0,0.2736
2015-07-29 20:00:00,14.0,75,9.7,0.0,0.0,3.19,16.0,0.0576
2015-07-29 21:00:00,13.2,80,9.8,0.0,0.0,2.78,0.0,0.0
2015-07-29 22:00:00,12.8,82,9.8,0.0,0.0,3.45,0.0,0.0
2015-07-29 23:00:00,12.5,82,9.5,0.0,0.0,4.22,0.0,0.0
2015-07-30 00:00:00,11.9,82,9.0,0.0,0.0,3.55,0.0,0.0
2015-07-30 01:00:00,11.5,82,8.5,0.0,0.0,3.27,0.0,0.0
2015-07-30 02:00:00,11.2,82,8.2,0.0,0.0,3.62,0.0,0.0
2015-07-30 03:00:00,10.5,85,8.0,0.0,0.0,3.58,0.0,0.0
2015-07-30 04:00:00,9.9,87,7.9,0.0,0.0,3.45,0.0,0.0
2015-07-30 05:00:00,9.6,89,7.9,0.0,0.0,3.45,9.0,0.0324
2015-07-30 06:00:00,10.4,87,8.4,0.0,0.0,3.45,99.0,0.3564
2015-07-30 07:00:00,12.0,80,8.7,0.0,0.0,4.75,242.0,0.8712
2015-07-30 08:00:00,13.5,71,8.4,0.0,0.0,4.88,401.0,1.4436
2015-07-30 09:00:00,14.6,63,7.7,0.0,0.0,4.53,504.0,1.8144
2015-07-30 10:00:00,15.2,59,7.2,0.0,0.0,3.56,489.0,1.7604
2015-07-30 11:00:00,15.9,56,7.1,0.0,0.0,3.8,557.0,2.0052
2015-07-30 12:00:00,16.5,54,7.2,0.0,0.0,4.0,627.0,2.2572
2015-07-30 13:00:00,16.4,55,7.3,0.0,0.0,4.0,441.0,1.5876
2015-07-30 14:00:00,16.5,56,7.6,0.0,0.0,4.05,425.0,1.53
2015-07-30 15:00:00,16.9,53,7.2,0.0,0.0,4.1,443.0,1.5948
2015-07-30 16:00:00,16.7,54,7.2,0.0,0.0,3.98,304.0,1.0944
2015-07-30 17:00:00,16.6,53,7.1,0.0,0.0,3.5,253.0,0.9107999999999999
2015-07-30 18:00:00,16.5,54,7.2,0.0,0.0,2.77,182.0,0.6552
2015-07-30 19:00:00,15.8,59,7.7,0.0,0.0,1.63,116.0,0.41759999999999997
2015-07-30 20:00:00,14.3,67,8.3,0.0,0.0,1.84,21.0,0.0756
2015-07-30 21:00:00,12.6,80,9.1,0.0,0.0,1.97,0.0,0.0
2015-07-30 22:00:00,12.2,80,8.9,0.0,0.0,1.13,0.0,0.0
2015-07-30 23:00:00,12.3,81,9.0,0.0,0.0,0.78,0.0,0.0
2015-07-31 00:00:00,11.6,85,9.2,0.0,0.0,0.42,0.0,0.0
2015-07-31 01:00:00,11.1,89,9.3,0.0,0.0,0.5,0.0,0.0
2015-07-31 02:00:00,10.3,93,9.1,0.0,0.0,0.78,0.0,0.0
2015-07-31 03:00:00,9.5,96,8.9,0.0,0.0,0.94,0.0,0.0
2015-07-31 04:00:00,9.0,97,8.5,0.0,0.0,1.2,0.0,0.0
2015-07-31 05:00:00,8.9,96,8.3,0.0,0.0,1.04,9.0,0.0324
2015-07-31 06:00:00,9.3,95,8.6,0.0,0.0,1.06,100.0,0.36
2015-07-31 07:00:00,12.5,84,10.0,0.0,0.0,0.89,248.0,0.8927999999999999
2015-07-31 08:00:00,14.8,75,10.3,0.0,0.0,1.12,410.0,1.476
2015-07-31 09:00:00,16.5,66,10.0,0.0,0.0,1.77,565.0,2.034
2015-07-31 10:00:00,17.7,54,8.3,0.0,0.0,1.7,694.0,2.4983999999999997
2015-07-31 11:00:00,18.6,48,7.4,0.0,0.0,1.91,747.0,2.6892
2015-07-31 12:00:00,19.0,44,6.6,0.0,0.0,2.22,588.0,2.1168
2015-07-31 13:00:00,18.9,45,6.6,0.0,0.0,2.14,357.0,1.2852
2015-07-31 14:00:00,18.9,45,6.7,0.0,0.0,2.35,327.0,1.1772
2015-07-31 15:00:00,18.9,45,6.8,0.0,0.0,2.34,286.0,1.0296
2015-07-31 16:00:00,18.6,48,7.3,0.0,0.0,2.42,227.0,0.8171999999999999
2015-07-31 17:00:00,18.5,49,7.7,0.0,0.0,2.69,196.0,0.7056
2015-07-31 18:00:00,18.0,55,8.9,0.0,0.0,2.69,120.0,0.432
2015-07-31 19:00:00,17.6,57,9.0,0.0,0.0,2.28,97.0,0.3492
2015-07-31 20:00:00,15.8,64,8.9,0.0,0.0,2.4,20.0,0.072
2015-07-31 21:00:00,14.5,70,9.0,0.0,0.0,2.44,0.0,0.0
2015-07-31 22:00:00,13.3,75,9.0,0.0,0.0,2.73,0.0,0.0
2015-07-31 23:00:00,12.2,80,8.9,0.0,0.0,2.36,0.0,0.0
2015-08-01 00:00:00,11.1,84,8.5,0.0,0.0,2.05,0.0,0.0
2015-08-01 01:00:00,10.1,87,8.1,0.0,0.0,2.01,0.0,0.0
2015-08-01 02:00:00,9.3,89,7.6,0.0,0.0,1.84,0.0,0.0
2015-08-01 03:00:00,8.7,91,7.3,0.0,0.0,1.7,0.0,0.0
2015-08-01 04:00:00,8.3,92,7.1,0.0,0.0,1.7,0.0,0.0
2015-08-01 05:00:00,8.3,92,7.1,0.0,0.0,1.7,8.0,0.0288
2015-08-01 06:00:00,10.0,91,8.6,0.0,0.0,1.91,98.0,0.3528
2015-08-01 07:00:00,12.9,81,9.8,0.0,0.0,1.73,232.0,0.8351999999999999
2015-08-01 08:00:00,14.8,71,9.6,0.0,0.0,1.77,361.0,1.2995999999999999
2015-08-01 09:00:00,16.1,64,9.2,0.0,0.0,1.92,441.0,1.5876
2015-08-01 10:00:00,17.1,59,9.0,0.0,0.0,2.05,494.0,1.7784
2015-08-01 11:00:00,18.2,55,9.0,0.0,0.0,2.69,617.0,2.2212
2015-08-01 12:00:00,19.0,51,8.7,0.0,0.0,3.55,663.0,2.3868
2015-08-01 13:00:00,19.9,47,8.4,0.0,0.0,4.22,704.0,2.5343999999999998
2015-08-01 14:00:00,20.0,47,8.5,0.0,0.0,4.75,484.0,1.7424
2015-08-01 15:00:00,19.9,48,8.6,0.0,0.0,4.7,370.0,1.332
2015-08-01 16:00:00,19.4,51,9.0,0.0,0.0,4.88,270.0,0.972
2015-08-01 17:00:00,19.1,55,9.8,0.0,0.0,4.07,175.0,0.63
2015-08-01 18:00:00,18.9,58,10.4,0.0,0.0,3.69,218.0,0.7847999999999999
2015-08-01 19:00:00,18.0,61,10.3,0.0,0.0,3.3,104.0,0.3744
2015-08-01 20:00:00,16.5,68,10.5,0.0,0.0,3.0,18.0,0.0648
2015-08-01 21:00:00,15.1,76,10.9,0.0,0.0,2.77,0.0,0.0
2015-08-01 22:00:00,14.1,83,11.2,0.0,0.0,2.72,0.0,0.0
2015-08-01 23:00:00,13.3,89,11.4,0.0,0.0,2.5,0.0,0.0
2015-08-02 00:00:00,12.5,93,11.3,0.0,0.0,2.36,0.0,0.0
2015-08-02 01:00:00,11.9,95,11.1,0.0,0.0,2.27,0.0,0.0
2015-08-02 02:00:00,11.4,96,10.9,0.0,0.0,1.98,0.0,0.0
2015-08-02 03:00:00,11.0,97,10.6,0.0,0.0,1.7,0.0,0.0
2015-08-02 04:00:00,10.6,99,10.4,0.0,0.0,1.49,0.0,0.0
2015-08-02 05:00:00,10.4,99,10.3,0.0,0.0,1.46,6.0,0.0216
2015-08-02 06:00:00,12.0,98,11.7,0.0,0.0,1.7,80.0,0.288
2015-08-02 07:00:00,14.4,92,13.0,0.0,0.0,2.2,159.0,0.5724
2015-08-02 08:00:00,16.3,80,12.9,0.0,0.0,2.92,298.0,1.0728
2015-08-02 09:00:00,17.6,72,12.5,0.0,0.0,3.55,438.0,1.5768
2015-08-02 10:00:00,19.0,64,11.9,0.0,0.0,3.2,605.0,2.178
2015-08-02 11:00:00,20.2,55,11.0,0.0,0.0,3.64,689.0,2.4804
2015-08-02 12:00:00,21.3,50,10.5,0.0,0.0,3.77,756.0,2.7216
2015-08-02 13:00:00,22.4,47,10.4,0.0,0.0,3.83,803.0,2.8908
2015-08-02 14:00:00,23.0,45,10.5,0.0,0.0,4.18,752.0,2.7072
2015-08-02 15:00:00,23.4,44,10.6,0.0,0.0,4.52,688.0,2.4768
2015-08-02 16:00:00,23.5,44,10.5,0.0,0.0,4.84,583.0,2.0987999999999998
2015-08-02 17:00:00,23.2,45,10.6,0.0,0.0,4.66,434.0,1.5624
2015-08-02 18:00:00,22.4,50,11.6,0.0,0.0,3.96,275.0,0.99
2015-08-02 19:00:00,20.6,52,10.5,0.0,0.0,3.58,126.0,0.4536
2015-08-02 20:00:00,18.8,57,10.2,0.0,0.0,3.96,18.0,0.0648
2015-08-02 21:00:00,17.7,61,10.2,0.0,0.0,4.62,0.0,0.0
2015-08-02 22:00:00,17.2,65,10.5,0.0,0.0,4.96,0.0,0.0
2015-08-02 23:00:00,18.0,62,10.6,0.0,0.0,4.96,0.0,0.0
2015-08-03 00:00:00,17.8,61,10.2,0.0,0.0,4.66,0.0,0.0
2015-08-03 01:00:00,17.6,60,9.8,0.0,0.0,4.46,0.0,0.0
2015-08-03 02:00:00,17.3,62,10.0,0.0,0.0,4.37,0.0,0.0
2015-08-03 03:00:00,16.5,70,10.9,0.0,0.0,4.0,0.0,0.0
2015-08-03 04:00:00,15.7,77,11.7,0.0,0.0,3.94,0.0,0.0
2015-08-03 05:00:00,15.1,84,12.3,0.0,0.0,4.08,6.0,0.0216
2015-08-03 06:00:00,16.0,86,13.6,0.0,0.0,4.56,88.0,0.31679999999999997
2015-08-03 07:00:00,18.1,85,15.6,0.0,0.0,6.16,202.0,0.7272
2015-08-03 08:00:00,19.5,78,15.7,0.0,0.0,6.86,248.0,0.8927999999999999
2015-08-03 09:00:00,20.3,73,15.3,0.0,0.0,7.03,284.0,1.0224
2015-08-03 10:00:00,21.3,67,14.9,0.0,0.0,5.92,432.0,1.5552
2015-08-03 11:00:00,22.2,62,14.6,0.0,0.0,7.07,530.0,1.908
2015-08-03 12:00:00,22.1,63,14.7,0.0,0.0,7.6,447.0,1.6092
2015-08-03 13:00:00,21.6,65,14.8,0.0,0.0,7.55,342.0,1.2312
2015-08-03 14:00:00,21.6,66,15.0,0.0,0.0,7.29,376.0,1.3536
2015-08-03 15:00:00,21.6,67,15.1,0.0,0.0,6.76,486.0,1.7496
2015-08-03 16:00:00,21.2,68,15.0,0.0,0.0,6.17,361.0,1.2995999999999999
2015-08-03 17:00:00,20.7,69,14.9,0.0,0.0,5.59,256.0,0.9216
2015-08-03 18:00:00,19.9,71,14.4,0.1,0.0,4.78,162.0,0.5831999999999999
2015-08-03 19:00:00,19.2,66,12.8,0.0,0.0,4.62,56.0,0.2016
2015-08-03 20:00:00,18.4,67,12.0,0.0,0.0,4.43,10.0,0.036
2015-08-03 21:00:00,17.4,69,11.6,0.0,0.0,4.22,0.0,0.0
2015-08-03 22:00:00,16.6,72,11.5,0.0,0.0,3.31,0.0,0.0
2015-08-03 23:00:00,16.3,73,11.6,0.0,0.0,3.72,0.0,0.0
2015-08-04 00:00:00,16.2,75,11.9,0.0,0.0,3.97,0.0,0.0
2015-08-04 01:00:00,16.0,78,12.2,0.0,0.0,3.91,0.0,0.0
2015-08-04 02:00:00,15.7,81,12.4,0.0,0.0,3.97,0.0,0.0
2015-08-04 03:00:00,15.0,84,12.3,0.0,0.0,4.04,0.0,0.0
2015-08-04 04:00:00,14.2,87,12.0,0.0,0.0,4.05,0.0,0.0
2015-08-04 05:00:00,13.3,89,11.6,0.0,0.0,3.96,6.0,0.0216
2015-08-04 06:00:00,13.9,86,11.7,0.0,0.0,3.86,89.0,0.3204
2015-08-04 07:00:00,15.5,79,11.8,0.0,0.0,4.83,231.0,0.8316
2015-08-04 08:00:00,16.9,67,10.8,0.0,0.0,5.73,385.0,1.386
2015-08-04 09:00:00,18.2,58,9.8,0.0,0.0,7.13,528.0,1.9008
2015-08-04 10:00:00,19.1,54,9.5,0.0,0.0,6.69,571.0,2.0556
2015-08-04 11:00:00,19.2,53,9.5,0.0,0.0,6.6,376.0,1.3536
2015-08-04 12:00:00,19.5,53,9.7,0.0,0.0,6.84,380.0,1.3679999999999999
2015-08-04 13:00:00,19.7,51,9.4,0.0,0.0,7.32,458.0,1.6488
2015-08-04 14:00:00,20.0,49,9.1,0.0,0.0,7.14,398.0,1.4327999999999999
2015-08-04 15:00:00,20.0,49,9.1,0.0,0.0,6.9,359.0,1.2924
2015-08-04 16:00:00,19.8,50,9.1,0.0,0.0,6.8,338.0,1.2167999999999999
2015-08-04 17:00:00,19.2,53,9.5,0.0,0.0,6.28,212.0,0.7632
2015-08-04 18:00:00,18.5,57,9.9,0.0,0.0,5.3,154.0,0.5544
2015-08-04 19:00:00,17.6,58,9.3,0.0,0.0,5.02,87.0,0.3132
2015-08-04 20:00:00,16.4,64,9.5,0.0,0.0,5.3,11.0,0.039599999999999996
2015-08-04 21:00:00,15.7,67,9.6,0.0,0.0,4.97,0.0,0.0
2015-08-04 22:00:00,15.1,71,9.8,0.0,0.0,4.05,0.0,0.0
2015-08-04 23:00:00,14.8,72,9.9,0.0,0.0,3.69,0.0,0.0
2015-08-05 00:00:00,14.7,74,10.1,0.0,0.0,3.58,0.0,0.0
2015-08-05 01:00:00,14.5,76,10.3,0.0,0.0,3.58,0.0,0.0
2015-08-05 02:00:00,14.4,78,10.6,0.0,0.0,3.47,0.0,0.0
2015-08-05 03:00:00,14.1,81,10.9,0.0,0.0,3.2,0.0,0.0
2015-08-05 04:00:00,13.9,84,11.3,0.0,0.0,3.14,0.0,0.0
2015-08-05 05:00:00,13.4,89,11.6,0.0,0.0,2.92,4.0,0.0144
2015-08-05 06:00:00,14.0,89,12.2,0.0,0.0,3.1,61.0,0.2196
2015-08-05 07:00:00,15.5,83,12.5,0.0,0.0,2.91,174.0,0.6264
2015-08-05 08:00:00,17.1,71,11.8,0.0,0.0,3.45,336.0,1.2096
2015-08-05 09:00:00,18.3,63,11.3,0.0,0.0,3.93,474.0,1.7064
2015-08-05 10:00:00,19.6,57,10.9,0.0,0.0,4.03,582.0,2.0951999999999997
2015-08-05 11:00:00,20.6,53,10.8,0.0,0.0,4.15,559.0,2.0124
2015-08-05 12:00:00,21.2,50,10.4,0.0,0.0,3.88,550.0,1.98
2015-08-05 13:00:00,21.8,49,10.7,0.0,0.0,3.72,629.0,2.2643999999999997
2015-08-05 14:00:00,21.2,51,10.7,0.0,0.0,4.11,447.0,1.6092
2015-08-05 15:00:00,19.6,60,11.7,0.1,0.0,4.0,279.0,1.0044
2015-08-05 16:00:00,19.3,57,10.5,0.0,0.0,4.32,342.0,1.2312
2015-08-05 17:00:00,18.7,57,10.1,0.1,0.0,3.83,238.0,0.8568
2015-08-05 18:00:00,18.1,61,10.3,0.0,0.0,2.51,121.0,0.4356
2015-08-05 19:00:00,17.9,67,11.6,0.2,0.0,1.57,60.0,0.216
2015-08-05 20:00:00,17.0,74,12.3,0.0,0.0,1.5,8.0,0.0288
2015-08-05 21:00:00,16.0,75,11.7,0.0,0.0,1.84,0.0,0.0
2015-08-05 22:00:00,15.0,79,11.3,0.0,0.0,2.4,0.0,0.0
2015-08-05 23:00:00,14.5,79,10.9,0.0,0.0,2.3,0.0,0.0
2015-08-06 00:00:00,14.5,78,10.6,0.0,0.0,2.75,0.0,0.0
2015-08-06 01:00:00,14.1,78,10.3,0.0,0.0,3.24,0.0,0.0
2015-08-06 02:00:00,14.2,76,10.0,0.0,0.0,3.7,0.0,0.0
2015-08-06 03:00:00,14.3,76,10.2,0.0,0.0,3.82,0.0,0.0
2015-08-06 04:00:00,14.8,78,11.0,0.0,0.0,3.4,0.0,0.0
2015-08-06 05:00:00,14.7,86,12.4,0.0,0.0,3.5,3.0,0.0108
2015-08-06 06:00:00,15.7,90,14.0,0.0,0.0,3.93,57.0,0.2052
2015-08-06 07:00:00,17.8,84,15.1,0.0,0.0,5.86,121.0,0.4356
2015-08-06 08:00:00,18.5,79,14.8,0.1,0.0,5.83,149.0,0.5364
2015-08-06 09:00:00,18.7,78,14.8,0.0,0.0,5.09,175.0,0.63
2015-08-06 10:00:00,19.1,75,14.6,0.0,0.0,4.55,220.0,0.7919999999999999
2015-08-06 11:00:00,19.6,73,14.6,0.0,0.0,5.19,266.0,0.9576
2015-08-06 12:00:00,20.3,68,14.3,0.0,0.0,5.02,415.0,1.494
2015-08-06 13:00:00,20.7,67,14.3,0.0,0.0,5.04,446.0,1.6056
2015-08-06 14:00:00,21.1,64,14.1,0.0,0.0,4.78,504.0,1.8144
2015-08-06 15:00:00,21.2,62,13.7,0.0,0.0,4.55,531.0,1.9116
2015-08-06 16:00:00,21.0,61,13.1,0.0,0.0,4.33,420.0,1.512
2015-08-06 17:00:00,20.5,60,12.5,0.0,0.0,4.08,308.0,1.1088
2015-08-06 18:00:00,19.9,60,11.9,0.0,0.0,3.74,209.0,0.7524
2015-08-06 19:00:00,19.4,64,12.5,0.0,0.0,3.11,100.0,0.36
2015-08-06 20:00:00,17.9,69,12.2,0.0,0.0,2.78,10.0,0.036
2015-08-06 21:00:00,16.9,73,12.0,0.0,0.0,2.55,0.0,0.0
2015-08-06 22:00:00,15.8,76,11.7,0.0,0.0,2.35,0.0,0.0
2015-08-06 23:00:00,14.5,82,11.4,0.0,0.0,2.14,0.0,0.0
2015-08-07 00:00:00,13.4,85,11.0,0.0,0.0,2.11,0.0,0.0
2015-08-07 01:00:00,12.5,88,10.6,0.0,0.0,2.06,0.0,0.0
2015-08-07 02:00:00,11.7,91,10.2,0.0,0.0,1.86,0.0,0.0
2015-08-07 03:00:00,11.2,92,9.9,0.0,0.0,1.66,0.0,0.0
2015-08-07 04:00:00,11.3,91,9.9,0.0,0.0,1.48,0.0,0.0
2015-08-07 05:00:00,11.3,92,10.1,0.0,0.0,1.5,4.0,0.0144
2015-08-07 06:00:00,12.9,88,11.0,0.0,0.0,1.61,80.0,0.288
2015-08-07 07:00:00,15.3,80,11.9,0.0,0.0,1.39,214.0,0.7704
2015-08-07 08:00:00,17.0,72,12.0,0.0,0.0,1.28,366.0,1.3175999999999999
2015-08-07 09:00:00,18.4,68,12.4,0.0,0.0,0.76,493.0,1.7748
2015-08-07 10:00:00,19.9,62,12.4,0.0,0.0,0.45,631.0,2.2716
2015-08-07 11:00:00,20.6,57,11.8,0.0,0.0,0.63,568.0,2.0448
2015-08-07 12:00:00,21.3,53,11.3,0.0,0.0,0.54,544.0,1.9584
2015-08-07 13:00:00,21.8,50,11.0,0.0,0.0,0.3,456.0,1.6416
2015-08-07 14:00:00,22.2,48,10.7,0.0,0.0,0.32,478.0,1.7207999999999999
2015-08-07 15:00:00,22.2,48,10.5,0.0,0.0,0.54,348.0,1.2528
2015-08-07 16:00:00,22.3,47,10.5,0.0,0.0,1.0,343.0,1.2348
2015-08-07 17:00:00,22.1,48,10.6,0.0,0.0,1.28,306.0,1.1016
2015-08-07 18:00:00,21.6,52,11.2,0.0,0.0,1.48,193.0,0.6948
2015-08-07 19:00:00,21.0,57,12.2,0.0,0.0,1.8,42.0,0.1512
2015-08-07 20:00:00,19.6,67,13.3,0.0,0.0,3.19,7.0,0.0252
2015-08-07 21:00:00,18.2,77,14.2,0.0,0.0,3.83,0.0,0.0
2015-08-07 22:00:00,17.0,86,14.6,0.0,0.0,3.69,0.0,0.0
2015-08-07 23:00:00,16.1,92,14.8,0.0,0.0,3.64,0.0,0.0
2015-08-08 00:00:00,15.6,94,14.7,0.0,0.0,3.1,0.0,0.0
2015-08-08 01:00:00,15.0,95,14.3,0.0,0.0,2.82,0.0,0.0
2015-08-08 02:00:00,14.6,96,13.9,0.0,0.0,2.42,0.0,0.0
2015-08-08 03:00:00,14.1,96,13.5,0.0,0.0,2.28,0.0,0.0
2015-08-08 04:00:00,13.6,96,13.0,0.0,0.0,2.12,0.0,0.0
2015-08-08 05:00:00,13.2,97,12.7,0.0,0.0,1.61,3.0,0.0108
2015-08-08 06:00:00,14.4,96,13.7,0.0,0.0,1.84,71.0,0.2556
2015-08-08 07:00:00,16.5,88,14.4,0.0,0.0,1.9,139.0,0.5004
2015-08-08 08:00:00,17.7,79,14.1,0.0,0.0,2.0,238.0,0.8568
2015-08-08 09:00:00,18.9,73,14.0,0.0,0.0,2.28,407.0,1.4652
2015-08-08 10:00:00,20.4,65,13.6,0.0,0.0,2.48,587.0,2.1132
2015-08-08 11:00:00,21.6,58,13.1,0.0,0.0,2.47,706.0,2.5416
2015-08-08 12:00:00,22.2,56,12.9,0.0,0.0,2.26,609.0,2.1924
2015-08-08 13:00:00,22.6,54,12.7,0.0,0.0,2.22,527.0,1.8972
2015-08-08 14:00:00,23.2,51,12.4,0.0,0.0,2.53,530.0,1.908
2015-08-08 15:00:00,22.9,52,12.5,0.0,0.0,2.77,320.0,1.152
2015-08-08 16:00:00,22.8,53,12.7,0.0,0.0,2.55,326.0,1.1736
2015-08-08 17:00:00,22.9,53,12.7,0.0,0.0,2.4,346.0,1.2456
2015-08-08 18:00:00,22.4,55,12.9,0.0,0.0,2.45,229.0,0.8244
2015-08-08 19:00:00,21.2,61,13.5,0.0,0.0,2.24,95.0,0.34199999999999997
2015-08-08 20:00:00,19.4,70,13.7,0.0,0.0,2.21,9.0,0.0324
2015-08-08 21:00:00,17.8,78,13.9,0.0,0.0,2.06,0.0,0.0
2015-08-08 22:00:00,16.4,85,13.9,0.0,0.0,2.34,0.0,0.0
2015-08-08 23:00:00,15.2,91,13.8,0.0,0.0,1.77,0.0,0.0
2015-08-09 00:00:00,14.3,93,13.2,0.0,0.0,1.71,0.0,0.0
2015-08-09 01:00:00,13.6,94,12.7,0.0,0.0,1.66,0.0,0.0
2015-08-09 02:00:00,12.9,95,12.1,0.0,0.0,1.49,0.0,0.0
2015-08-09 03:00:00,12.1,96,11.5,0.0,0.0,1.8,0.0,0.0
2015-08-09 04:00:00,11.5,95,10.7,0.0,0.0,2.0,0.0,0.0
2015-08-09 05:00:00,11.1,94,10.1,0.0,0.0,1.8,3.0,0.0108
2015-08-09 06:00:00,12.3,90,10.8,0.0,0.0,1.71,75.0,0.27
2015-08-09 07:00:00,15.2,75,10.8,0.0,0.0,0.99,219.0,0.7884
2015-08-09 08:00:00,17.5,64,10.6,0.0,0.0,1.17,379.0,1.3644
2015-08-09 09:00:00,19.7,56,10.7,0.0,0.0,1.84,525.0,1.89
2015-08-09 10:00:00,21.0,53,11.1,0.0,0.0,2.14,589.0,2.1204
2015-08-09 11:00:00,22.1,48,10.4,0.0,0.0,2.69,702.0,2.5272
2015-08-09 12:00:00,22.9,44,10.1,0.0,0.0,3.48,776.0,2.7936
2015-08-09 13:00:00,23.4,43,10.0,0.0,0.0,3.89,759.0,2.7323999999999997
2015-08-09 14:00:00,23.6,42,10.1,0.0,0.0,3.91,709.0,2.5524
2015-08-09 15:00:00,23.4,44,10.5,0.0,0.0,4.19,525.0,1.89
2015-08-09 16:00:00,23.0,48,11.4,0.0,0.0,4.36,368.0,1.3248
2015-08-09 17:00:00,22.4,53,12.4,0.0,0.0,3.88,243.0,0.8748
2015-08-09 18:00:00,21.9,58,13.3,0.0,0.0,3.2,192.0,0.6912
2015-08-09 19:00:00,21.4,60,13.4,0.0,0.0,2.92,90.0,0.324
2015-08-09 20:00:00,19.8,69,13.9,0.0,0.0,2.98,8.0,0.0288
2015-08-09 21:00:00,18.6,76,14.3,0.0,0.0,3.18,0.0,0.0
2015-08-09 22:00:00,17.6,83,14.6,0.0,0.0,3.32,0.0,0.0
2015-08-09 23:00:00,16.8,88,14.8,0.0,0.0,3.05,0.0,0.0
2015-08-10 00:00:00,16.3,91,14.9,0.0,0.0,3.0,0.0,0.0
2015-08-10 01:00:00,16.0,93,15.0,0.0,0.0,3.26,0.0,0.0
2015-08-10 02:00:00,15.7,96,15.0,0.0,0.0,3.54,0.0,0.0
2015-08-10 03:00:00,15.9,95,15.0,0.0,0.0,3.39,0.0,0.0
2015-08-10 04:00:00,16.2,92,14.9,0.0,0.0,4.22,0.0,0.0
2015-08-10 05:00:00,16.5,90,14.9,0.0,0.0,3.86,1.0,0.0036
2015-08-10 06:00:00,16.9,89,15.1,0.0,0.0,3.76,27.0,0.0972
2015-08-10 07:00:00,17.9,85,15.4,0.0,0.0,3.97,84.0,0.3024
2015-08-10 08:00:00,18.8,82,15.6,0.0,0.0,4.04,162.0,0.5831999999999999
2015-08-10 09:00:00,20.1,76,15.8,0.0,0.0,4.31,271.0,0.9756
2015-08-10 10:00:00,20.8,73,15.9,0.0,0.0,4.04,303.0,1.0908
2015-08-10 11:00:00,21.1,73,16.1,0.3,0.0,4.67,290.0,1.044
2015-08-10 12:00:00,20.7,77,16.6,0.7,0.0,4.17,258.0,0.9288
2015-08-10 13:00:00,19.6,85,17.0,0.7,0.0,5.15,178.0,0.6408
2015-08-10 14:00:00,19.0,89,17.1,0.0,0.0,6.22,164.0,0.5904
2015-08-10 15:00:00,19.7,82,16.6,0.1,0.0,6.26,307.0,1.1052
2015-08-10 16:00:00,20.0,80,16.4,0.2,0.0,6.31,213.0,0.7667999999999999
2015-08-10 17:00:00,20.0,80,16.3,0.0,0.0,5.52,175.0,0.63
2015-08-10 18:00:00,19.9,79,16.2,0.0,0.0,4.74,143.0,0.5148
2015-08-10 19:00:00,19.5,79,15.7,0.0,0.0,3.96,44.0,0.15839999999999999
2015-08-10 20:00:00,18.7,82,15.7,0.0,0.0,3.4,4.0,0.0144
2015-08-10 21:00:00,17.9,87,15.6,0.0,0.0,3.19,0.0,0.0
2015-08-10 22:00:00,17.1,90,15.4,0.0,0.0,2.46,0.0,0.0
2015-08-10 23:00:00,16.2,90,14.5,0.0,0.0,2.55,0.0,0.0
2015-08-11 00:00:00,15.3,88,13.2,0.0,0.0,2.5,0.0,0.0
2015-08-11 01:00:00,14.5,86,12.1,0.0,0.0,2.28,0.0,0.0
2015-08-11 02:00:00,14.0,85,11.5,0.0,0.0,2.19,0.0,0.0
2015-08-11 03:00:00,13.5,86,11.2,0.0,0.0,1.89,0.0,0.0
2015-08-11 04:00:00,13.0,88,11.0,0.0,0.0,1.58,0.0,0.0
2015-08-11 05:00:00,12.9,89,11.1,0.0,0.0,1.41,1.0,0.0036
2015-08-11 06:00:00,13.4,87,11.3,0.0,0.0,1.52,32.0,0.1152
2015-08-11 07:00:00,14.5,84,11.8,0.0,0.0,1.5,107.0,0.3852
2015-08-11 08:00:00,15.1,81,11.8,0.0,0.0,1.36,137.0,0.49319999999999997
2015-08-11 09:00:00,16.2,76,12.0,0.0,0.0,0.91,261.0,0.9396
2015-08-11 10:00:00,16.9,73,11.9,0.0,0.0,0.22,269.0,0.9683999999999999
2015-08-11 11:00:00,17.6,69,11.9,0.0,0.0,0.2,301.0,1.0836
2015-08-11 12:00:00,18.1,67,11.9,0.0,0.0,0.32,302.0,1.0872
2015-08-11 13:00:00,18.3,66,12.0,0.0,0.0,0.2,243.0,0.8748
2015-08-11 14:00:00,18.7,66,12.3,0.0,0.0,0.3,308.0,1.1088
2015-08-11 15:00:00,18.8,67,12.5,0.0,0.0,0.5,277.0,0.9972
2015-08-11 16:00:00,18.8,67,12.7,0.0,0.0,0.9,218.0,0.7847999999999999
2015-08-11 17:00:00,18.6,70,13.0,0.0,0.0,1.5,139.0,0.5004
2015-08-11 18:00:00,18.2,74,13.4,0.0,0.0,1.98,75.0,0.27
2015-08-11 19:00:00,17.7,78,13.9,0.3,0.0,1.84,16.0,0.0576
2015-08-11 20:00:00,16.7,87,14.6,0.4,0.0,1.77,2.0,0.0072
2015-08-11 21:00:00,16.1,91,14.5,0.4,0.0,1.7,0.0,0.0
2015-08-11 22:00:00,15.7,92,14.4,0.4,0.0,1.56,0.0,0.0
2015-08-11 23:00:00,15.5,93,14.3,0.4,0.0,2.02,0.0,0.0
2015-08-12 00:00:00,15.3,93,14.2,0.5,0.0,2.11,0.0,0.0
2015-08-12 01:00:00,15.2,93,14.2,0.6,0.0,2.11,0.0,0.0
2015-08-12 02:00:00,15.2,93,14.1,0.5,0.0,2.44,0.0,0.0
2015-08-12 03:00:00,15.1,93,13.9,0.5,0.0,2.55,0.0,0.0
2015-08-12 04:00:00,14.9,93,13.7,0.5,0.0,2.55,0.0,0.0
2015-08-12 05:00:00,14.7,92,13.4,0.3,0.0,2.84,0.0,0.0
2015-08-12 06:00:00,14.6,91,13.2,0.2,0.0,3.41,18.0,0.0648
2015-08-12 07:00:00,15.1,91,13.7,0.1,0.0,3.68,56.0,0.2016
2015-08-12 08:00:00,15.7,87,13.6,0.0,0.0,4.17,134.0,0.4824
2015-08-12 09:00:00,17.0,76,12.7,0.0,0.0,5.08,316.0,1.1376
2015-08-12 10:00:00,18.5,67,12.2,0.0,0.0,4.99,518.0,1.8648
2015-08-12 11:00:00,19.7,62,12.3,0.0,0.0,5.15,591.0,2.1276
2015-08-12 12:00:00,20.8,60,12.8,0.0,0.0,5.1,673.0,2.4228
2015-08-12 13:00:00,21.0,61,13.1,0.0,0.0,4.79,573.0,2.0627999999999997
2015-08-12 14:00:00,20.8,61,13.1,0.0,0.0,4.7,372.0,1.3392
2015-08-12 15:00:00,20.8,62,13.1,0.0,0.0,4.96,341.0,1.2276
2015-08-12 16:00:00,20.3,64,13.1,0.0,0.0,5.01,225.0,0.8099999999999999
2015-08-12 17:00:00,19.8,66,13.2,0.0,0.0,5.1,199.0,0.7163999999999999
2015-08-12 18:00:00,19.3,67,13.1,0.0,0.0,4.96,153.0,0.5508
2015-08-12 19:00:00,18.3,70,12.7,0.0,0.0,4.7,60.0,0.216
2015-08-12 20:00:00,17.2,74,12.5,0.0,0.0,4.63,5.0,0.018
2015-08-12 21:00:00,16.5,77,12.5,0.0,0.0,4.69,0.0,0.0
2015-08-12 22:00:00,15.9,81,12.6,0.0,0.0,4.82,0.0,0.0
2015-08-12 23:00:00,15.5,85,13.0,0.0,0.0,5.25,0.0,0.0
2015-08-13 00:00:00,15.2,89,13.4,0.0,0.0,5.8,0.0,0.0
2015-08-13 01:00:00,15.1,92,13.7,0.0,0.0,5.71,0.0,0.0
2015-08-13 02:00:00,15.2,93,14.0,0.0,0.0,5.22,0.0,0.0
2015-08-13 03:00:00,15.3,94,14.3,0.0,0.0,5.1,0.0,0.0
2015-08-13 04:00:00,15.4,95,14.6,0.0,0.0,4.77,0.0,0.0
2015-08-13 05:00:00,15.8,94,14.9,0.0,0.0,4.85,1.0,0.0036
2015-08-13 06:00:00,16.4,92,15.2,0.0,0.0,5.22,29.0,0.10439999999999999
2015-08-13 07:00:00,16.9,94,15.9,0.3,0.0,5.78,42.0,0.1512
2015-08-13 08:00:00,17.5,92,16.1,0.0,0.0,7.16,88.0,0.31679999999999997
2015-08-13 09:00:00,18.8,86,16.3,0.0,0.0,7.26,217.0,0.7812
2015-08-13 10:00:00,20.1,80,16.6,0.0,0.0,4.33,300.0,1.08
2015-08-13 11:00:00,21.4,75,16.7,0.0,0.0,3.98,344.0,1.2384
2015-08-13 12:00:00,22.8,70,17.0,0.2,0.0,4.28,475.0,1.71
2015-08-13 13:00:00,22.0,76,17.6,1.1,0.0,4.53,396.0,1.4256
2015-08-13 14:00:00,21.2,81,17.9,0.7,0.0,5.59,337.0,1.2132
2015-08-13 15:00:00,20.5,86,18.0,0.4,0.0,5.66,210.0,0.756
2015-08-13 16:00:00,20.6,85,17.9,0.0,0.0,5.17,220.0,0.7919999999999999
2015-08-13 17:00:00,20.9,81,17.5,0.2,0.0,4.28,211.0,0.7595999999999999
2015-08-13 18:00:00,20.3,85,17.7,3.1,0.0,3.7,110.0,0.39599999999999996
2015-08-13 19:00:00,18.5,95,17.7,3.4,0.0,3.32,13.0,0.0468
2015-08-13 20:00:00,18.2,95,17.3,4.3,0.0,3.61,1.0,0.0036
2015-08-13 21:00:00,18.0,96,17.3,4.7,0.0,3.68,0.0,0.0
2015-08-13 22:00:00,18.0,97,17.4,2.7,0.0,2.56,0.0,0.0
2015-08-13 23:00:00,18.0,98,17.7,1.7,0.0,1.84,0.0,0.0
2015-08-14 00:00:00,18.0,98,17.8,1.5,0.0,1.77,0.0,0.0
2015-08-14 01:00:00,18.1,99,18.0,1.1,0.0,1.65,0.0,0.0
2015-08-14 02:00:00,18.0,99,17.9,0.7,0.0,1.46,0.0,0.0
2015-08-14 03:00:00,17.9,99,17.8,0.6,0.0,1.08,0.0,0.0
2015-08-14 04:00:00,17.7,99,17.6,0.3,0.0,0.7,0.0,0.0
2015-08-14 05:00:00,17.5,100,17.4,0.2,0.0,1.08,0.0,0.0
2015-08-14 06:00:00,17.4,99,17.3,0.0,0.0,2.09,9.0,0.0324
2015-08-14 07:00:00,17.7,98,17.3,0.2,0.0,3.21,20.0,0.072
2015-08-14 08:00:00,18.1,93,17.0,0.0,0.0,4.46,84.0,0.3024
2015-08-14 09:00:00,18.5,91,17.0,0.0,0.0,5.15,117.0,0.42119999999999996
2015-08-14 10:00:00,18.9,88,16.9,0.1,0.0,4.68,175.0,0.63
2015-08-14 11:00:00,19.7,83,16.7,0.2,0.0,4.39,236.0,0.8496
2015-08-14 12:00:00,20.7,77,16.5,0.4,0.0,3.81,379.0,1.3644
2015-08-14 13:00:00,21.2,76,16.7,0.3,0.0,3.44,469.0,1.6884
2015-08-14 14:00:00,21.1,77,16.9,0.2,0.0,2.55,411.0,1.4796
2015-08-14 15:00:00,20.2,80,16.7,1.4,0.0,2.47,312.0,1.1232
2015-08-14 16:00:00,19.7,83,16.7,0.5,0.0,2.92,286.0,1.0296
2015-08-14 17:00:00,18.0,89,16.1,0.5,0.0,3.19,139.0,0.5004
2015-08-14 18:00:00,17.1,93,15.9,0.3,0.0,3.68,38.0,0.1368
2015-08-14 19:00:00,17.0,90,15.3,0.4,0.0,3.61,11.0,0.039599999999999996
2015-08-14 20:00:00,16.3,93,15.1,0.4,0.0,3.32,1.0,0.0036
2015-08-14 21:00:00,16.0,93,14.9,0.4,0.0,3.22,0.0,0.0
2015-08-14 22:00:00,15.8,94,14.8,0.2,0.0,3.08,0.0,0.0
2015-08-14 23:00:00,15.7,94,14.7,0.0,0.0,2.92,0.0,0.0
2015-08-15 00:00:00,15.5,93,14.4,0.0,0.0,2.78,0.0,0.0
2015-08-15 01:00:00,15.5,93,14.3,0.0,0.0,3.05,0.0,0.0
2015-08-15 02:00:00,15.3,92,14.0,0.0,0.0,2.86,0.0,0.0
2015-08-15 03:00:00,15.1,91,13.7,0.0,0.0,2.91,0.0,0.0
2015-08-15 04:00:00,14.8,90,13.3,0.0,0.0,3.22,0.0,0.0
2015-08-15 05:00:00,14.5,90,12.8,0.0,0.0,3.38,0.0,0.0
2015-08-15 06:00:00,14.3,89,12.5,0.0,0.0,3.2,26.0,0.0936
2015-08-15 07:00:00,14.3,91,12.8,0.0,0.0,3.33,120.0,0.432
2015-08-15 08:00:00,14.8,86,12.6,0.0,0.0,3.68,218.0,0.7847999999999999
2015-08-15 09:00:00,15.8,77,11.8,0.0,0.0,3.75,360.0,1.296
2015-08-15 10:00:00,17.1,67,11.0,0.0,0.0,3.19,546.0,1.9656
2015-08-15 11:00:00,18.2,60,10.3,0.0,0.0,3.54,680.0,2.448
2015-08-15 12:00:00,18.9,55,9.8,0.0,0.0,3.47,687.0,2.4732
2015-08-15 13:00:00,19.3,52,9.2,0.0,0.0,3.26,660.0,2.376
2015-08-15 14:00:00,19.7,49,8.6,0.0,0.0,3.52,620.0,2.2319999999999998
2015-08-15 15:00:00,19.5,47,7.9,0.0,0.0,3.77,445.0,1.6019999999999999
2015-08-15 16:00:00,19.2,46,7.2,0.0,0.0,3.52,350.0,1.26
2015-08-15 17:00:00,18.5,48,7.4,0.0,0.0,3.19,191.0,0.6876
2015-08-15 18:00:00,17.9,53,8.2,0.0,0.0,2.48,82.0,0.2952
2015-08-15 19:00:00,17.1,58,8.7,0.0,0.0,1.41,58.0,0.20879999999999999
2015-08-15 20:00:00,16.1,66,9.8,0.0,0.0,1.35,2.0,0.0072
2015-08-15 21:00:00,14.9,75,10.6,0.0,0.0,1.35,0.0,0.0
2015-08-15 22:00:00,14.7,77,10.7,0.0,0.0,1.35,0.0,0.0
2015-08-15 23:00:00,13.9,80,10.5,0.0,0.0,1.39,0.0,0.0
2015-08-16 00:00:00,13.4,81,10.2,0.0,0.0,1.49,0.0,0.0
2015-08-16 01:00:00,12.9,83,10.0,0.0,0.0,1.51,0.0,0.0
2015-08-16 02:00:00,12.3,84,9.7,0.0,0.0,1.6,0.0,0.0
2015-08-16 03:00:00,11.8,85,9.4,0.0,0.0,1.71,0.0,0.0
2015-08-16 04:00:00,11.9,84,9.2,0.0,0.0,1.87,0.0,0.0
2015-08-16 05:00:00,11.8,84,9.2,0.0,0.0,1.93,0.0,0.0
2015-08-16 06:00:00,12.7,81,9.6,0.0,0.0,2.25,37.0,0.13319999999999999
2015-08-16 07:00:00,13.9,79,10.4,0.0,0.0,2.19,133.0,0.4788
2015-08-16 08:00:00,15.0,76,10.8,0.0,0.0,2.25,209.0,0.7524
2015-08-16 09:00:00,16.5,70,11.0,0.0,0.0,2.13,367.0,1.3212
2015-08-16 10:00:00,17.3,65,10.6,0.1,0.0,1.49,468.0,1.6847999999999999
2015-08-16 11:00:00,18.2,59,10.2,0.1,0.0,1.61,595.0,2.142
2015-08-16 12:00:00,18.3,56,9.5,0.0,0.0,1.5,392.0,1.4112
2015-08-16 13:00:00,18.3,57,9.6,0.0,0.0,1.06,276.0,0.9935999999999999
2015-08-16 14:00:00,18.1,58,9.6,0.0,0.0,1.08,247.0,0.8892
2015-08-16 15:00:00,17.7,62,10.2,0.1,0.0,1.24,160.0,0.576
2015-08-16 16:00:00,17.2,66,10.9,0.0,0.0,1.41,111.0,0.3996
2015-08-16 17:00:00,16.7,71,11.4,0.0,0.0,1.52,68.0,0.2448
2015-08-16 18:00:00,16.3,76,12.0,0.0,0.0,1.61,45.0,0.162
2015-08-16 19:00:00,16.3,75,11.8,0.0,0.0,1.28,23.0,0.0828
2015-08-16 20:00:00,15.8,79,12.2,0.0,0.0,1.08,1.0,0.0036
2015-08-16 21:00:00,15.3,82,12.3,0.0,0.0,1.17,0.0,0.0
2015-08-16 22:00:00,15.1,82,12.0,0.0,0.0,0.8,0.0,0.0
2015-08-16 23:00:00,14.5,86,12.1,0.0,0.0,0.76,0.0,0.0
2015-08-17 00:00:00,13.9,89,12.2,0.0,0.0,1.17,0.0,0.0
2015-08-17 01:00:00,14.3,88,12.4,0.0,0.0,1.2,0.0,0.0
2015-08-17 02:00:00,14.2,89,12.4,0.0,0.0,1.28,0.0,0.0
2015-08-17 03:00:00,13.1,94,12.2,0.0,0.0,1.43,0.0,0.0
2015-08-17 04:00:00,12.4,96,11.8,0.0,0.0,1.32,0.0,0.0
2015-08-17 05:00:00,11.5,97,11.1,0.0,0.0,1.96,0.0,0.0
2015-08-17 06:00:00,12.0,95,11.3,0.0,0.0,2.21,45.0,0.162
2015-08-17 07:00:00,13.9,82,10.8,0.0,0.0,2.09,152.0,0.5472
2015-08-17 08:00:00,15.1,69,9.6,0.0,0.0,2.35,302.0,1.0872
2015-08-17 09:00:00,16.4,55,7.3,0.0,0.0,2.73,465.0,1.674
2015-08-17 10:00:00,17.5,48,6.4,0.0,0.0,2.51,620.0,2.2319999999999998
2015-08-17 11:00:00,18.3,45,6.3,0.0,0.0,2.81,716.0,2.5776
2015-08-17 12:00:00,19.2,43,6.4,0.0,0.0,3.11,774.0,2.7864
2015-08-17 13:00:00,19.8,42,6.5,0.0,0.0,3.31,687.0,2.4732
2015-08-17 14:00:00,19.8,43,6.7,0.0,0.0,3.31,498.0,1.7928
2015-08-17 15:00:00,19.5,44,6.9,0.0,0.0,3.37,282.0,1.0151999999999999
2015-08-17 16:00:00,19.0,48,7.8,0.0,0.0,3.13,137.0,0.49319999999999997
2015-08-17 17:00:00,18.8,51,8.5,0.0,0.0,2.42,129.0,0.4644
2015-08-17 18:00:00,18.4,55,9.2,0.0,0.0,2.08,102.0,0.36719999999999997
2015-08-17 19:00:00,17.8,59,9.6,0.0,0.0,1.64,30.0,0.108
2015-08-17 20:00:00,16.9,63,9.8,0.0,0.0,1.7,1.0,0.0036
2015-08-17 21:00:00,16.3,67,10.2,0.0,0.0,1.7,0.0,0.0
2015-08-17 22:00:00,15.9,69,10.3,0.0,0.0,2.15,0.0,0.0
2015-08-17 23:00:00,15.4,71,10.2,0.0,0.0,2.46,0.0,0.0
2015-08-18 00:00:00,14.8,74,10.2,0.0,0.0,2.73,0.0,0.0
2015-08-18 01:00:00,14.3,76,10.1,0.0,0.0,2.92,0.0,0.0
2015-08-18 02:00:00,14.0,77,10.0,0.0,0.0,2.97,0.0,0.0
2015-08-18 03:00:00,13.5,78,9.8,0.0,0.0,2.87,0.0,0.0
2015-08-18 04:00:00,13.3,78,9.6,0.0,0.0,3.22,0.0,0.0
2015-08-18 05:00:00,13.0,79,9.4,0.0,0.0,3.26,0.0,0.0
2015-08-18 06:00:00,13.1,78,9.3,0.0,0.0,3.31,31.0,0.11159999999999999
2015-08-18 07:00:00,13.6,79,10.1,0.0,0.0,3.23,73.0,0.2628
2015-08-18 08:00:00,14.2,77,10.2,0.0,0.0,3.32,123.0,0.44279999999999997
2015-08-18 09:00:00,15.3,74,10.8,0.3,0.0,3.59,243.0,0.8748
2015-08-18 10:00:00,16.2,70,10.7,0.0,0.0,3.61,282.0,1.0151999999999999
2015-08-18 11:00:00,16.4,69,10.7,0.0,0.0,3.61,182.0,0.6552
2015-08-18 12:00:00,17.2,65,10.4,0.0,0.0,4.31,229.0,0.8244
2015-08-18 13:00:00,17.8,60,10.0,0.0,0.0,3.57,258.0,0.9288
2015-08-18 14:00:00,18.7,54,9.3,0.0,0.0,3.96,317.0,1.1412
2015-08-18 15:00:00,18.7,54,9.2,0.0,0.0,3.4,219.0,0.7884
2015-08-18 16:00:00,18.8,54,9.4,0.0,0.0,3.34,181.0,0.6516
2015-08-18 17:00:00,18.6,56,9.7,0.0,0.0,3.47,142.0,0.5112
2015-08-18 18:00:00,18.0,60,10.1,0.3,0.0,3.36,102.0,0.36719999999999997
2015-08-18 19:00:00,16.4,75,12.0,1.0,0.0,3.64,24.0,0.0864
2015-08-18 20:00:00,15.9,79,12.2,0.1,0.0,3.32,1.0,0.0036
2015-08-18 21:00:00,15.4,82,12.3,0.0,0.0,3.47,0.0,0.0
2015-08-18 22:00:00,15.1,84,12.4,0.0,0.0,3.04,0.0,0.0
2015-08-18 23:00:00,14.7,86,12.3,0.0,0.0,3.06,0.0,0.0
2015-08-19 00:00:00,14.3,87,12.2,0.0,0.0,2.88,0.0,0.0
2015-08-19 01:00:00,14.1,87,12.0,0.0,0.0,2.59,0.0,0.0
2015-08-19 02:00:00,13.8,88,11.9,0.0,0.0,2.51,0.0,0.0
2015-08-19 03:00:00,13.4,89,11.7,0.0,0.0,2.24,0.0,0.0
2015-08-19 04:00:00,13.0,91,11.5,0.0,0.0,2.3,0.0,0.0
2015-08-19 05:00:00,12.6,92,11.3,0.0,0.0,2.34,0.0,0.0
2015-08-19 06:00:00,12.8,92,11.5,0.0,0.0,2.69,27.0,0.0972
2015-08-19 07:00:00,13.8,90,12.2,0.0,0.0,2.27,157.0,0.5652
2015-08-19 08:00:00,15.2,86,12.9,0.0,0.0,2.64,260.0,0.9359999999999999
2015-08-19 09:00:00,16.9,78,13.1,0.0,0.0,3.58,366.0,1.3175999999999999
2015-08-19 10:00:00,18.7,67,12.3,0.0,0.0,4.0,514.0,1.8504
2015-08-19 11:00:00,19.7,61,11.8,0.0,0.0,4.58,560.0,2.016
2015-08-19 12:00:00,19.9,59,11.7,0.0,0.0,4.83,473.0,1.7027999999999999
2015-08-19 13:00:00,19.4,63,12.1,0.0,0.0,5.26,352.0,1.2671999999999999
2015-08-19 14:00:00,19.4,63,12.2,0.0,0.0,5.42,360.0,1.296
2015-08-19 15:00:00,19.1,64,12.2,0.0,0.0,5.37,355.0,1.278
2015-08-19 16:00:00,18.2,69,12.5,0.0,0.0,4.4,167.0,0.6012
2015-08-19 17:00:00,17.1,76,12.9,1.1,0.0,3.81,116.0,0.41759999999999997
2015-08-19 18:00:00,15.6,87,13.5,1.4,0.0,3.71,42.0,0.1512
2015-08-19 19:00:00,15.2,92,13.9,1.1,0.0,3.91,9.0,0.0324
2015-08-19 20:00:00,14.8,93,13.6,0.6,0.0,4.21,0.0,0.0
2015-08-19 21:00:00,14.5,94,13.5,0.6,0.0,4.55,0.0,0.0
2015-08-19 22:00:00,14.3,94,13.3,0.9,0.0,4.03,0.0,0.0
2015-08-19 23:00:00,14.3,94,13.3,0.0,0.0,4.73,0.0,0.0
2015-08-20 00:00:00,14.3,93,13.3,0.3,0.0,4.69,0.0,0.0
2015-08-20 01:00:00,14.4,93,13.4,0.5,0.0,4.37,0.0,0.0
2015-08-20 02:00:00,14.7,94,13.7,0.3,0.0,4.14,0.0,0.0
2015-08-20 03:00:00,15.0,94,14.0,0.0,0.0,3.71,0.0,0.0
2015-08-20 04:00:00,15.3,95,14.5,0.0,0.0,3.01,0.0,0.0
2015-08-20 05:00:00,15.6,96,14.9,0.0,0.0,2.57,0.0,0.0
2015-08-20 06:00:00,15.9,97,15.4,0.0,0.0,2.73,10.0,0.036
2015-08-20 07:00:00,17.0,93,15.9,0.1,0.0,3.55,52.0,0.1872
2015-08-20 08:00:00,17.9,88,15.9,0.1,0.0,3.58,190.0,0.6839999999999999
2015-08-20 09:00:00,18.3,83,15.5,0.0,0.0,3.39,235.0,0.846
2015-08-20 10:00:00,18.7,80,15.2,0.0,0.0,3.11,222.0,0.7992
2015-08-20 11:00:00,19.2,76,14.9,0.0,0.0,3.44,241.0,0.8675999999999999
2015-08-20 12:00:00,19.9,73,14.9,0.0,0.0,3.91,270.0,0.972
2015-08-20 13:00:00,19.9,74,15.2,0.0,0.0,4.22,204.0,0.7343999999999999
2015-08-20 14:00:00,19.8,77,15.7,0.0,0.0,4.63,193.0,0.6948
2015-08-20 15:00:00,20.2,78,16.2,0.0,0.0,4.84,262.0,0.9431999999999999
2015-08-20 16:00:00,20.0,79,16.1,0.0,0.0,4.88,255.0,0.9179999999999999
2015-08-20 17:00:00,19.5,81,16.2,0.0,0.0,4.72,140.0,0.504
2015-08-20 18:00:00,19.1,84,16.4,0.0,0.0,4.43,91.0,0.3276
2015-08-20 19:00:00,18.1,92,16.8,0.0,0.0,3.91,17.0,0.0612
2015-08-20 20:00:00,17.9,94,16.8,0.0,0.0,4.03,0.0,0.0
2015-08-20 21:00:00,17.8,93,16.7,0.0,0.0,4.3,0.0,0.0
2015-08-20 22:00:00,17.6,93,16.5,0.2,0.0,3.96,0.0,0.0
2015-08-20 23:00:00,17.4,94,16.4,0.1,0.0,4.18,0.0,0.0
2015-08-21 00:00:00,17.2,94,16.3,0.0,0.0,3.98,0.0,0.0
2015-08-21 01:00:00,17.2,95,16.3,0.0,0.0,4.05,0.0,0.0
2015-08-21 02:00:00,17.0,95,16.3,0.0,0.0,4.03,0.0,0.0
2015-08-21 03:00:00,17.0,95,16.2,0.0,0.0,3.93,0.0,0.0
2015-08-21 04:00:00,17.0,95,16.2,0.0,0.0,3.69,0.0,0.0
2015-08-21 05:00:00,16.9,96,16.2,0.0,0.0,3.52,0.0,0.0
2015-08-21 06:00:00,17.0,95,16.3,0.0,0.0,3.5,15.0,0.054
2015-08-21 07:00:00,18.2,93,17.0,0.0,0.0,3.91,49.0,0.1764
2015-08-21 08:00:00,19.3,87,17.1,0.0,0.0,4.36,141.0,0.5075999999999999
2015-08-21 09:00:00,20.5,81,17.2,0.0,0.0,4.52,244.0,0.8784
2015-08-21 10:00:00,21.4,76,16.9,0.0,0.0,5.22,342.0,1.2312
2015-08-21 11:00:00,22.5,69,16.6,0.0,0.0,5.66,465.0,1.674
2015-08-21 12:00:00,23.1,66,16.4,0.0,0.0,5.51,475.0,1.71
2015-08-21 13:00:00,23.6,64,16.4,0.0,0.0,5.22,581.0,2.0916
2015-08-21 14:00:00,24.0,62,16.2,0.0,0.0,4.92,631.0,2.2716
2015-08-21 15:00:00,23.9,61,16.0,0.0,0.0,4.75,590.0,2.124
2015-08-21 16:00:00,23.5,61,15.7,0.0,0.0,4.37,489.0,1.7604
2015-08-21 17:00:00,22.9,63,15.5,0.0,0.0,4.03,346.0,1.2456
2015-08-21 18:00:00,21.9,68,15.6,0.0,0.0,3.47,188.0,0.6768
2015-08-21 19:00:00,20.6,73,15.5,0.0,0.0,2.77,54.0,0.1944
2015-08-21 20:00:00,19.0,80,15.5,0.0,0.0,2.53,0.0,0.0
2015-08-21 21:00:00,17.7,87,15.5,0.0,0.0,2.21,0.0,0.0
2015-08-21 22:00:00,16.5,92,15.3,0.0,0.0,1.96,0.0,0.0
2015-08-21 23:00:00,15.6,95,14.7,0.0,0.0,1.94,0.0,0.0
2015-08-22 00:00:00,14.8,96,14.2,0.0,0.0,1.77,0.0,0.0
2015-08-22 01:00:00,14.4,97,13.9,0.0,0.0,1.61,0.0,0.0
2015-08-22 02:00:00,15.4,95,14.6,0.0,0.0,1.53,0.0,0.0
2015-08-22 03:00:00,15.3,96,14.6,0.0,0.0,0.67,0.0,0.0
2015-08-22 04:00:00,14.9,97,14.5,0.0,0.0,0.1,0.0,0.0
2015-08-22 05:00:00,14.6,99,14.4,0.0,0.0,0.71,0.0,0.0
2015-08-22 06:00:00,14.1,99,13.9,0.0,0.0,1.7,38.0,0.1368
2015-08-22 07:00:00,15.8,94,14.9,0.0,0.0,2.06,109.0,0.39239999999999997
2015-08-22 08:00:00,18.3,84,15.6,0.0,0.0,2.44,249.0,0.8964
2015-08-22 09:00:00,21.3,73,16.3,0.0,0.0,3.1,437.0,1.5732
2015-08-22 10:00:00,23.7,66,17.0,0.0,0.0,3.09,592.0,2.1311999999999998
2015-08-22 11:00:00,25.5,60,17.2,0.0,0.0,3.89,660.0,2.376
2015-08-22 12:00:00,26.8,56,17.2,0.0,0.0,4.28,701.0,2.5236
2015-08-22 13:00:00,27.4,53,16.9,0.0,0.0,4.6,726.0,2.6136
2015-08-22 14:00:00,27.5,51,16.5,0.0,0.0,4.83,674.0,2.4264
2015-08-22 15:00:00,27.3,51,16.2,0.0,0.0,5.02,569.0,2.0484
2015-08-22 16:00:00,26.8,51,15.9,0.0,0.0,4.89,469.0,1.6884
2015-08-22 17:00:00,26.1,55,16.4,0.0,0.0,4.12,334.0,1.2024
2015-08-22 18:00:00,24.8,60,16.5,0.0,0.0,3.71,186.0,0.6696
2015-08-22 19:00:00,23.3,59,14.8,0.0,0.0,3.89,51.0,0.18359999999999999
2015-08-22 20:00:00,21.9,62,14.4,0.0,0.0,4.2,0.0,0.0
2015-08-22 21:00:00,21.5,62,13.8,0.0,0.0,4.51,0.0,0.0
2015-08-22 22:00:00,21.3,60,13.2,0.0,0.0,4.88,0.0,0.0
2015-08-22 23:00:00,21.0,59,12.7,0.0,0.0,5.6,0.0,0.0
2015-08-23 00:00:00,20.6,59,12.4,0.0,0.0,5.44,0.0,0.0
2015-08-23 01:00:00,20.0,61,12.3,0.0,0.0,5.39,0.0,0.0
2015-08-23 02:00:00,19.3,64,12.4,0.0,0.0,5.34,0.0,0.0
2015-08-23 03:00:00,18.6,68,12.5,0.0,0.0,4.97,0.0,0.0
2015-08-23 04:00:00,18.0,70,12.4,0.0,0.0,4.85,0.0,0.0
2015-08-23 05:00:00,17.4,72,12.3,0.0,0.0,4.96,0.0,0.0
2015-08-23 06:00:00,17.5,72,12.4,0.0,0.0,4.79,38.0,0.1368
2015-08-23 07:00:00,19.1,68,13.1,0.0,0.0,4.43,153.0,0.5508
2015-08-23 08:00:00,20.4,63,13.0,0.0,0.0,5.1,304.0,1.0944
2015-08-23 09:00:00,21.4,60,13.2,0.0,0.0,5.17,432.0,1.5552
2015-08-23 10:00:00,21.9,60,13.9,0.0,0.0,2.93,489.0,1.7604
2015-08-23 11:00:00,21.8,64,14.6,0.3,0.0,4.05,451.0,1.6236
2015-08-23 12:00:00,19.5,81,16.1,1.5,0.0,5.24,262.0,0.9431999999999999
2015-08-23 13:00:00,17.5,87,15.4,1.4,0.0,4.18,113.0,0.4068
2015-08-23 14:00:00,16.9,82,13.8,0.6,0.0,3.89,123.0,0.44279999999999997
2015-08-23 15:00:00,18.1,70,12.5,0.0,0.0,4.67,341.0,1.2276
2015-08-23 16:00:00,18.9,63,11.8,0.0,0.0,4.47,315.0,1.134
2015-08-23 17:00:00,18.9,63,11.6,0.0,0.0,4.47,197.0,0.7091999999999999
2015-08-23 18:00:00,18.4,66,11.9,0.0,0.0,3.81,120.0,0.432
2015-08-23 19:00:00,17.0,71,11.6,0.0,0.0,3.49,40.0,0.144
2015-08-23 20:00:00,15.8,77,11.8,0.0,0.0,3.4,0.0,0.0
2015-08-23 21:00:00,14.9,83,12.0,0.0,0.0,2.92,0.0,0.0
2015-08-23 22:00:00,14.0,88,12.1,0.0,0.0,2.34,0.0,0.0
2015-08-23 23:00:00,13.0,93,11.9,0.0,0.0,1.4,0.0,0.0
2015-08-24 00:00:00,12.2,95,11.4,0.0,0.0,1.36,0.0,0.0
2015-08-24 01:00:00,12.0,96,11.3,0.0,0.0,1.64,0.0,0.0
2015-08-24 02:00:00,12.1,96,11.5,0.1,0.0,1.84,0.0,0.0
2015-08-24 03:00:00,12.4,96,11.7,0.0,0.0,1.8,0.0,0.0
2015-08-24 04:00:00,12.5,95,11.8,0.0,0.0,2.09,0.0,0.0
2015-08-24 05:00:00,12.7,95,11.9,0.0,0.0,2.6,0.0,0.0
2015-08-24 06:00:00,13.5,91,12.1,0.0,0.0,3.18,10.0,0.036
2015-08-24 07:00:00,14.5,93,13.4,0.9,0.0,3.7,46.0,0.1656
2015-08-24 08:00:00,15.4,90,13.8,0.7,0.0,4.46,102.0,0.36719999999999997
2015-08-24 09:00:00,16.0,90,14.4,1.0,0.0,4.05,135.0,0.486
2015-08-24 10:00:00,15.9,90,14.2,1.6,0.0,3.81,108.0,0.3888
2015-08-24 11:00:00,15.3,93,14.2,2.1,0.0,3.5,70.0,0.252
2015-08-24 12:00:00,15.7,93,14.6,1.7,0.0,3.47,72.0,0.2592
2015-08-24 13:00:00,16.1,93,15.0,1.4,0.0,3.9,99.0,0.3564
2015-08-24 14:00:00,16.2,90,14.5,2.0,0.0,4.39,144.0,0.5184
2015-08-24 15:00:00,16.3,90,14.6,1.5,0.0,4.12,184.0,0.6624
2015-08-24 16:00:00,16.0,91,14.4,1.0,0.0,4.51,123.0,0.44279999999999997
2015-08-24 17:00:00,15.7,92,14.5,0.7,0.0,4.52,72.0,0.2592
2015-08-24 18:00:00,15.3,92,14.0,1.0,0.0,4.21,23.0,0.0828
2015-08-24 19:00:00,14.6,93,13.6,1.4,0.0,4.81,14.0,0.0504
2015-08-24 20:00:00,14.5,93,13.3,1.6,0.0,5.05,0.0,0.0
2015-08-24 21:00:00,14.4,93,13.2,1.0,0.0,5.0,0.0,0.0
2015-08-24 22:00:00,14.3,92,13.0,0.4,0.0,4.91,0.0,0.0
2015-08-24 23:00:00,13.8,91,12.3,0.0,0.0,5.1,0.0,0.0
2015-08-25 00:00:00,13.5,90,12.0,0.0,0.0,5.01,0.0,0.0
2015-08-25 01:00:00,12.9,91,11.5,0.0,0.0,5.64,0.0,0.0
2015-08-25 02:00:00,12.4,91,11.0,0.0,0.0,5.28,0.0,0.0
2015-08-25 03:00:00,11.9,92,10.6,0.0,0.0,4.84,0.0,0.0
2015-08-25 04:00:00,11.4,93,10.2,0.0,0.0,4.7,0.0,0.0
2015-08-25 05:00:00,11.0,92,9.8,0.0,0.0,4.6,0.0,0.0
2015-08-25 06:00:00,11.0,91,9.6,0.0,0.0,4.61,33.0,0.1188
2015-08-25 07:00:00,12.7,89,10.9,0.0,0.0,4.33,141.0,0.5075999999999999
2015-08-25 08:00:00,14.4,81,11.1,0.0,0.0,4.66,270.0,0.972
2015-08-25 09:00:00,15.7,71,10.6,0.0,0.0,5.8,367.0,1.3212
2015-08-25 10:00:00,17.1,63,10.0,0.0,0.0,6.17,425.0,1.53
2015-08-25 11:00:00,17.2,64,10.3,0.0,0.0,6.17,333.0,1.1987999999999999
2015-08-25 12:00:00,15.8,79,12.3,0.8,0.0,4.83,119.0,0.4284
2015-08-25 13:00:00,15.2,90,13.6,2.5,0.0,6.06,102.0,0.36719999999999997
2015-08-25 14:00:00,15.0,92,13.7,1.5,0.0,6.09,42.0,0.1512
2015-08-25 15:00:00,15.4,94,14.5,0.3,0.0,5.41,63.0,0.2268
2015-08-25 16:00:00,16.5,95,15.6,0.5,0.0,5.63,59.0,0.2124
2015-08-25 17:00:00,17.4,91,16.0,0.3,0.0,6.71,56.0,0.2016
2015-08-25 18:00:00,17.8,90,16.0,0.0,0.0,6.45,67.0,0.2412
2015-08-25 19:00:00,17.1,91,15.7,0.0,0.0,6.2,21.0,0.0756
2015-08-25 20:00:00,16.6,91,15.1,0.0,0.0,6.4,0.0,0.0
2015-08-25 21:00:00,16.1,90,14.5,0.0,0.0,6.2,0.0,0.0
2015-08-25 22:00:00,15.7,89,14.0,0.0,0.0,5.94,0.0,0.0
2015-08-25 23:00:00,15.5,88,13.6,0.0,0.0,5.15,0.0,0.0
2015-08-26 00:00:00,15.3,88,13.4,0.0,0.0,4.84,0.0,0.0
2015-08-26 01:00:00,15.3,90,13.7,0.0,0.0,4.87,0.0,0.0
2015-08-26 02:00:00,15.8,92,14.4,0.0,0.0,6.48,0.0,0.0
2015-08-26 03:00:00,16.6,91,15.1,0.0,0.0,7.79,0.0,0.0
2015-08-26 04:00:00,16.8,90,15.2,0.0,0.0,7.87,0.0,0.0
2015-08-26 05:00:00,16.8,89,15.0,0.0,0.0,8.32,0.0,0.0
2015-08-26 06:00:00,16.9,89,15.0,0.0,0.0,8.48,6.0,0.0216
2015-08-26 07:00:00,17.3,90,15.6,0.4,0.0,9.26,45.0,0.162
2015-08-26 08:00:00,17.7,88,15.6,0.5,0.0,8.1,48.0,0.1728
2015-08-26 09:00:00,17.5,91,16.0,0.9,0.0,7.29,57.0,0.2052
2015-08-26 10:00:00,17.4,93,16.2,1.2,0.0,5.86,86.0,0.3096
2015-08-26 11:00:00,17.3,95,16.6,1.6,0.0,5.97,98.0,0.3528
2015-08-26 12:00:00,18.0,91,16.4,1.4,0.0,8.79,68.0,0.2448
2015-08-26 13:00:00,17.8,89,15.9,0.8,0.0,7.88,200.0,0.72
2015-08-26 14:00:00,17.9,86,15.5,0.0,0.0,7.21,238.0,0.8568
2015-08-26 15:00:00,18.0,81,14.6,0.1,0.0,7.03,239.0,0.8603999999999999
2015-08-26 16:00:00,17.2,84,14.5,0.7,0.0,5.99,132.0,0.4752
2015-08-26 17:00:00,16.4,87,14.2,0.7,0.0,5.41,102.0,0.36719999999999997
2015-08-26 18:00:00,16.0,83,13.1,0.0,0.0,5.3,82.0,0.2952
2015-08-26 19:00:00,15.5,79,11.9,0.0,0.0,4.83,39.0,0.1404
2015-08-26 20:00:00,14.7,83,11.8,0.0,0.0,4.88,0.0,0.0
2015-08-26 21:00:00,14.1,88,12.1,0.0,0.0,5.0,0.0,0.0
2015-08-26 22:00:00,13.9,90,12.3,0.0,0.0,5.17,0.0,0.0
2015-08-26 23:00:00,13.8,91,12.3,0.0,0.0,4.7,0.0,0.0
2015-08-27 00:00:00,13.8,90,12.2,0.0,0.0,4.58,0.0,0.0
2015-08-27 01:00:00,13.8,89,12.1,0.0,0.0,4.17,0.0,0.0
2015-08-27 02:00:00,13.6,90,12.0,0.0,0.0,4.17,0.0,0.0
2015-08-27 03:00:00,13.4,90,11.9,0.0,0.0,3.91,0.0,0.0
2015-08-27 04:00:00,13.1,92,11.8,0.0,0.0,3.85,0.0,0.0
2015-08-27 05:00:00,13.0,92,11.8,0.0,0.0,4.22,0.0,0.0
2015-08-27 06:00:00,13.3,90,11.7,0.0,0.0,4.18,17.0,0.0612
2015-08-27 07:00:00,13.8,90,12.1,0.2,0.0,3.69,35.0,0.126
2015-08-27 08:00:00,14.3,88,12.4,0.2,0.0,3.76,65.0,0.23399999999999999
2015-08-27 09:00:00,14.8,86,12.4,0.2,0.0,4.25,128.0,0.4608
2015-08-27 10:00:00,15.4,84,12.8,0.0,0.0,4.6,276.0,0.9935999999999999
2015-08-27 11:00:00,16.5,81,13.3,0.0,0.0,5.09,440.0,1.5839999999999999
2015-08-27 12:00:00,17.8,77,13.7,0.0,0.0,5.46,626.0,2.2536
2015-08-27 13:00:00,18.5,72,13.4,0.0,0.0,5.66,600.0,2.16
2015-08-27 14:00:00,18.8,69,12.9,0.0,0.0,5.87,551.0,1.9836
2015-08-27 15:00:00,18.9,66,12.5,0.0,0.0,5.73,506.0,1.8215999999999999
2015-08-27 16:00:00,18.3,63,11.2,0.2,0.0,5.32,361.0,1.2995999999999999
2015-08-27 17:00:00,17.7,65,11.0,0.0,0.0,5.22,251.0,0.9036
2015-08-27 18:00:00,17.1,67,10.9,0.0,0.0,4.08,123.0,0.44279999999999997
2015-08-27 19:00:00,15.6,76,11.3,0.0,0.0,3.19,28.0,0.1008
2015-08-27 20:00:00,14.6,81,11.3,0.0,0.0,3.18,0.0,0.0
2015-08-27 21:00:00,14.1,84,11.4,0.0,0.0,3.26,0.0,0.0
2015-08-27 22:00:00,13.3,88,11.3,0.0,0.0,3.4,0.0,0.0
2015-08-27 23:00:00,12.8,90,11.3,0.0,0.0,3.62,0.0,0.0
2015-08-28 00:00:00,12.6,91,11.2,0.0,0.0,3.25,0.0,0.0
2015-08-28 01:00:00,11.8,93,10.7,0.0,0.0,2.84,0.0,0.0
2015-08-28 02:00:00,11.2,94,10.3,0.0,0.0,2.83,0.0,0.0
2015-08-28 03:00:00,10.8,95,10.0,0.0,0.0,2.62,0.0,0.0
2015-08-28 04:00:00,10.2,96,9.6,0.0,0.0,2.62,0.0,0.0
2015-08-28 05:00:00,9.8,96,9.3,0.0,0.0,2.48,0.0,0.0
2015-08-28 06:00:00,10.2,96,9.6,0.0,0.0,2.76,27.0,0.0972
2015-08-28 07:00:00,12.9,93,11.8,0.0,0.0,2.77,129.0,0.4644
2015-08-28 08:00:00,14.8,85,12.3,0.0,0.0,3.26,298.0,1.0728
2015-08-28 09:00:00,16.4,71,11.1,0.0,0.0,4.18,439.0,1.5804
2015-08-28 10:00:00,17.3,62,9.9,0.0,0.0,3.89,484.0,1.7424
2015-08-28 11:00:00,18.0,57,9.4,0.0,0.0,4.74,516.0,1.8576
2015-08-28 12:00:00,18.5,56,9.4,0.0,0.0,5.02,548.0,1.9727999999999999
2015-08-28 13:00:00,18.8,53,9.2,0.0,0.0,5.16,523.0,1.8828
2015-08-28 14:00:00,19.1,52,8.9,0.0,0.0,5.09,490.0,1.764
2015-08-28 15:00:00,19.2,52,9.1,0.0,0.0,5.38,453.0,1.6308
2015-08-28 16:00:00,18.9,54,9.5,0.0,0.0,5.16,307.0,1.1052
2015-08-28 17:00:00,18.4,58,9.9,0.0,0.0,4.62,225.0,0.8099999999999999
2015-08-28 18:00:00,17.4,64,10.6,0.0,0.0,4.1,118.0,0.4248
2015-08-28 19:00:00,16.1,72,11.0,0.0,0.0,3.81,30.0,0.108
2015-08-28 20:00:00,15.0,79,11.4,0.0,0.0,3.62,0.0,0.0
2015-08-28 21:00:00,14.2,85,11.8,0.0,0.0,3.4,0.0,0.0
2015-08-28 22:00:00,13.7,90,12.1,0.0,0.0,3.22,0.0,0.0
2015-08-28 23:00:00,13.4,92,12.2,0.0,0.0,3.14,0.0,0.0
2015-08-29 00:00:00,13.2,94,12.3,0.0,0.0,2.97,0.0,0.0
2015-08-29 01:00:00,13.2,95,12.4,0.0,0.0,2.64,0.0,0.0
2015-08-29 02:00:00,13.3,95,12.5,0.0,0.0,2.95,0.0,0.0
2015-08-29 03:00:00,13.3,95,12.6,0.0,0.0,2.95,0.0,0.0
2015-08-29 04:00:00,13.3,96,12.6,0.0,0.0,2.82,0.0,0.0
2015-08-29 05:00:00,13.2,96,12.6,0.0,0.0,2.56,0.0,0.0
2015-08-29 06:00:00,13.5,95,12.7,0.0,0.0,2.44,16.0,0.0576
2015-08-29 07:00:00,14.6,94,13.6,0.0,0.0,2.28,69.0,0.24839999999999998
2015-08-29 08:00:00,16.3,85,13.8,0.0,0.0,2.47,205.0,0.738
2015-08-29 09:00:00,17.5,76,13.2,0.0,0.0,2.38,336.0,1.2096
2015-08-29 10:00:00,18.8,67,12.5,0.0,0.0,2.11,450.0,1.6199999999999999
2015-08-29 11:00:00,19.9,62,12.3,0.0,0.0,2.8,546.0,1.9656
2015-08-29 12:00:00,21.0,57,12.1,0.0,0.0,3.31,606.0,2.1816
2015-08-29 13:00:00,21.3,56,12.1,0.0,0.0,3.01,462.0,1.6632
2015-08-29 14:00:00,21.3,56,12.1,0.0,0.0,2.65,335.0,1.206
2015-08-29 15:00:00,20.4,61,12.7,0.0,0.0,2.0,163.0,0.5868
2015-08-29 16:00:00,19.5,70,13.8,0.0,0.0,1.53,106.0,0.3816
2015-08-29 17:00:00,18.9,75,14.4,0.0,0.0,1.14,88.0,0.31679999999999997
2015-08-29 18:00:00,18.1,80,14.6,0.0,0.0,0.81,49.0,0.1764
2015-08-29 19:00:00,16.9,87,14.7,0.6,0.0,1.12,8.0,0.0288
2015-08-29 20:00:00,16.2,90,14.5,0.2,0.0,1.53,0.0,0.0
2015-08-29 21:00:00,15.6,92,14.3,0.3,0.0,1.9,0.0,0.0
2015-08-29 22:00:00,15.2,93,14.0,0.6,0.0,1.43,0.0,0.0
2015-08-29 23:00:00,14.8,93,13.7,0.9,0.0,1.7,0.0,0.0
2015-08-30 00:00:00,14.6,93,13.5,0.0,0.0,2.19,0.0,0.0
2015-08-30 01:00:00,14.3,93,13.2,0.1,0.0,2.08,0.0,0.0
2015-08-30 02:00:00,14.1,93,13.0,0.0,0.0,2.14,0.0,0.0
2015-08-30 03:00:00,14.4,92,13.1,0.0,0.0,2.28,0.0,0.0
2015-08-30 04:00:00,14.4,92,13.0,0.0,0.0,2.37,0.0,0.0
2015-08-30 05:00:00,14.2,92,13.0,0.0,0.0,2.77,0.0,0.0
2015-08-30 06:00:00,14.4,92,13.1,0.0,0.0,2.7,18.0,0.0648
2015-08-30 07:00:00,15.2,93,14.0,0.0,0.0,3.09,38.0,0.1368
2015-08-30 08:00:00,16.0,90,14.4,0.0,0.0,3.47,84.0,0.3024
2015-08-30 09:00:00,16.8,88,14.8,0.0,0.0,3.83,142.0,0.5112
2015-08-30 10:00:00,18.1,83,15.2,0.4,0.0,3.05,221.0,0.7956
2015-08-30 11:00:00,19.3,79,15.6,0.0,0.0,3.25,330.0,1.188
2015-08-30 12:00:00,19.9,78,15.8,0.0,0.0,2.98,253.0,0.9107999999999999
2015-08-30 13:00:00,20.3,76,16.0,0.0,0.0,2.62,225.0,0.8099999999999999
2015-08-30 14:00:00,20.3,77,16.1,0.1,0.0,2.77,178.0,0.6408
2015-08-30 15:00:00,19.9,79,16.1,0.0,0.0,3.34,114.0,0.4104
2015-08-30 16:00:00,19.5,80,16.0,0.0,0.0,3.61,109.0,0.39239999999999997
2015-08-30 17:00:00,19.2,81,15.8,0.0,0.0,3.77,87.0,0.3132
2015-08-30 18:00:00,18.5,82,15.5,0.0,0.0,3.83,37.0,0.13319999999999999
2015-08-30 19:00:00,17.4,89,15.5,0.0,0.0,3.72,7.0,0.0252
2015-08-30 20:00:00,16.9,90,15.2,0.0,0.0,4.11,0.0,0.0
2015-08-30 21:00:00,16.5,90,14.8,0.0,0.0,3.75,0.0,0.0
2015-08-30 22:00:00,15.7,91,14.3,0.0,0.0,2.48,0.0,0.0
2015-08-30 23:00:00,15.4,91,14.0,0.0,0.0,2.7,0.0,0.0
2015-08-31 00:00:00,14.8,93,13.7,0.6,0.0,3.31,0.0,0.0
2015-08-31 01:00:00,14.6,94,13.6,0.3,0.0,3.58,0.0,0.0
2015-08-31 02:00:00,14.4,94,13.5,0.0,0.0,3.42,0.0,0.0
2015-08-31 03:00:00,14.4,94,13.5,0.0,0.0,2.33,0.0,0.0
2015-08-31 04:00:00,14.1,95,13.3,0.0,0.0,2.5,0.0,0.0
2015-08-31 05:00:00,14.0,95,13.2,0.0,0.0,2.84,0.0,0.0
2015-08-31 06:00:00,14.3,94,13.4,0.0,0.0,3.5,7.0,0.0252
2015-08-31 07:00:00,14.7,97,14.2,0.9,0.0,4.12,20.0,0.072
2015-08-31 08:00:00,14.6,98,14.3,1.6,0.0,5.23,32.0,0.1152
2015-08-31 09:00:00,14.5,98,14.2,4.7,0.0,5.6,42.0,0.1512
2015-08-31 10:00:00,14.5,97,14.1,5.0,0.0,3.91,47.0,0.1692
2015-08-31 11:00:00,14.5,95,13.8,1.9,0.0,4.41,47.0,0.1692
2015-08-31 12:00:00,14.7,93,13.6,0.2,0.0,4.06,83.0,0.2988
2015-08-31 13:00:00,15.6,85,13.1,0.0,0.0,4.2,218.0,0.7847999999999999
2015-08-31 14:00:00,16.6,80,13.0,0.0,0.0,4.04,310.0,1.1159999999999999
2015-08-31 15:00:00,17.2,75,12.7,0.0,0.0,4.32,334.0,1.2024
2015-08-31 16:00:00,17.2,73,12.3,0.0,0.0,4.22,210.0,0.756
2015-08-31 17:00:00,17.1,72,11.9,0.0,0.0,4.24,168.0,0.6048
2015-08-31 18:00:00,16.5,74,11.8,0.0,0.0,4.1,62.0,0.22319999999999998
2015-08-31 19:00:00,14.7,82,11.7,0.0,0.0,3.81,10.0,0.036
2015-08-31 20:00:00,14.2,84,11.5,0.0,0.0,3.74,0.0,0.0
2015-08-31 21:00:00,13.9,85,11.4,0.0,0.0,3.71,0.0,0.0
2015-08-31 22:00:00,13.8,85,11.3,0.0,0.0,3.37,0.0,0.0
2015-08-31 23:00:00,13.6,85,11.2,0.0,0.0,2.82,0.0,0.0
2015-09-01 00:00:00,13.5,86,11.2,0.0,0.0,2.82,0.0,0.0
2015-09-01 01:00:00,13.4,88,11.4,0.0,0.0,3.14,0.0,0.0
2015-09-01 02:00:00,13.1,90,11.5,0.0,0.0,3.36,0.0,0.0
2015-09-01 03:00:00,13.1,90,11.5,0.0,0.0,3.26,0.0,0.0
2015-09-01 04:00:00,12.8,92,11.5,0.0,0.0,3.04,0.0,0.0
2015-09-01 05:00:00,12.6,93,11.5,0.0,0.0,2.92,0.0,0.0
2015-09-01 06:00:00,12.5,94,11.5,0.0,0.0,2.92,15.0,0.054
2015-09-01 07:00:00,13.1,94,12.1,0.1,0.0,3.18,88.0,0.31679999999999997
2015-09-01 08:00:00,13.9,92,12.6,0.0,0.0,3.26,210.0,0.756
2015-09-01 09:00:00,14.6,91,13.2,0.1,0.0,3.08,279.0,1.0044
2015-09-01 10:00:00,15.4,89,13.6,0.2,0.0,2.73,320.0,1.152
2015-09-01 11:00:00,16.1,87,13.9,0.2,0.0,2.58,439.0,1.5804
2015-09-01 12:00:00,16.7,84,13.9,0.3,0.0,2.62,529.0,1.9043999999999999
2015-09-01 13:00:00,17.0,80,13.6,0.2,0.0,2.7,508.0,1.8288
2015-09-01 14:00:00,17.5,77,13.4,0.2,0.0,2.7,548.0,1.9727999999999999
2015-09-01 15:00:00,17.6,74,13.0,0.4,0.0,2.64,508.0,1.8288
2015-09-01 16:00:00,17.5,74,12.7,0.2,0.0,2.52,350.0,1.26
2015-09-01 17:00:00,16.2,76,11.9,0.2,0.0,2.36,218.0,0.7847999999999999
2015-09-01 18:00:00,15.9,77,12.0,0.0,0.0,1.3,101.0,0.3636
2015-09-01 19:00:00,14.3,82,11.3,0.3,0.0,1.84,16.0,0.0576
2015-09-01 20:00:00,13.5,86,11.2,0.0,0.0,2.34,0.0,0.0
2015-09-01 21:00:00,12.8,89,11.0,0.0,0.0,1.92,0.0,0.0
2015-09-01 22:00:00,12.4,91,11.0,0.0,0.0,1.97,0.0,0.0
2015-09-01 23:00:00,11.7,94,10.7,0.0,0.0,1.65,0.0,0.0
2015-09-02 00:00:00,11.1,95,10.4,0.0,0.0,2.2,0.0,0.0
2015-09-02 01:00:00,10.7,95,10.0,0.0,0.0,2.7,0.0,0.0
2015-09-02 02:00:00,10.3,96,9.7,0.0,0.0,2.69,0.0,0.0
2015-09-02 03:00:00,10.1,95,9.4,0.0,0.0,2.62,0.0,0.0
2015-09-02 04:00:00,9.5,96,8.9,0.0,0.0,2.69,0.0,0.0
2015-09-02 05:00:00,9.0,96,8.5,0.0,0.0,2.62,0.0,0.0
2015-09-02 06:00:00,8.9,96,8.4,0.0,0.0,2.78,17.0,0.0612
2015-09-02 07:00:00,10.6,91,9.3,0.0,0.0,3.32,129.0,0.4644
2015-09-02 08:00:00,11.9,88,10.0,0.0,0.0,3.11,255.0,0.9179999999999999
2015-09-02 09:00:00,13.4,82,10.3,0.0,0.0,2.69,376.0,1.3536
2015-09-02 10:00:00,14.6,78,10.9,0.0,0.0,2.12,465.0,1.674
2015-09-02 11:00:00,15.5,75,11.1,0.0,0.0,2.22,521.0,1.8756
2015-09-02 12:00:00,16.3,71,11.1,0.0,0.0,2.25,598.0,2.1528
2015-09-02 13:00:00,16.7,69,10.9,0.0,0.0,2.11,565.0,2.034
2015-09-02 14:00:00,17.1,67,11.0,0.0,0.0,2.28,580.0,2.088
2015-09-02 15:00:00,17.1,67,10.9,0.0,0.0,2.33,469.0,1.6884
2015-09-02 16:00:00,16.4,68,10.6,0.2,0.0,2.1,325.0,1.17
2015-09-02 17:00:00,16.0,67,9.8,0.2,0.0,2.66,225.0,0.8099999999999999
2015-09-02 18:00:00,15.3,70,9.8,0.7,0.0,2.0,95.0,0.34199999999999997
2015-09-02 19:00:00,14.8,70,9.3,0.0,0.0,2.2,13.0,0.0468
2015-09-02 20:00:00,14.1,75,9.7,0.0,0.0,1.77,0.0,0.0
2015-09-02 21:00:00,13.2,80,9.8,0.0,0.0,2.1,0.0,0.0
2015-09-02 22:00:00,12.4,84,9.8,0.0,0.0,2.8,0.0,0.0
2015-09-02 23:00:00,11.9,87,9.8,0.0,0.0,2.86,0.0,0.0
2015-09-03 00:00:00,11.2,90,9.5,0.0,0.0,2.88,0.0,0.0
2015-09-03 01:00:00,10.4,92,9.1,0.0,0.0,2.94,0.0,0.0
2015-09-03 02:00:00,9.8,92,8.6,0.0,0.0,2.8,0.0,0.0
2015-09-03 03:00:00,9.6,92,8.3,0.0,0.0,2.68,0.0,0.0
2015-09-03 04:00:00,9.1,92,7.9,0.0,0.0,2.6,0.0,0.0
2015-09-03 05:00:00,9.0,92,7.8,0.0,0.0,2.84,0.0,0.0
2015-09-03 06:00:00,9.2,91,7.8,0.0,0.0,3.01,14.0,0.0504
2015-09-03 07:00:00,10.5,89,8.8,0.0,0.0,3.11,104.0,0.3744
2015-09-03 08:00:00,11.8,82,8.8,0.0,0.0,3.71,208.0,0.7488
2015-09-03 09:00:00,12.7,76,8.5,0.0,0.0,4.35,268.0,0.9648
2015-09-03 10:00:00,13.5,72,8.5,0.0,0.0,3.31,342.0,1.2312
2015-09-03 11:00:00,14.2,72,9.3,0.0,0.0,3.35,490.0,1.764
2015-09-03 12:00:00,15.1,71,9.9,0.0,0.0,3.31,555.0,1.998
2015-09-03 13:00:00,15.7,69,10.0,0.0,0.0,3.4,564.0,2.0303999999999998
2015-09-03 14:00:00,16.1,66,9.8,0.0,0.0,3.4,471.0,1.6956
2015-09-03 15:00:00,16.1,65,9.5,0.0,0.0,3.38,392.0,1.4112
2015-09-03 16:00:00,15.6,66,9.2,0.1,0.0,3.2,288.0,1.0368
2015-09-03 17:00:00,14.5,68,8.7,0.2,0.0,2.97,158.0,0.5688
2015-09-03 18:00:00,13.9,73,9.2,0.0,0.0,2.42,46.0,0.1656
2015-09-03 19:00:00,13.4,67,7.4,0.0,0.0,2.06,9.0,0.0324
2015-09-03 20:00:00,13.0,69,7.5,0.0,0.0,2.19,0.0,0.0
2015-09-03 21:00:00,12.6,71,7.5,0.0,0.0,2.28,0.0,0.0
2015-09-03 22:00:00,12.3,72,7.4,0.0,0.0,2.47,0.0,0.0
2015-09-03 23:00:00,12.1,72,7.3,0.0,0.0,2.82,0.0,0.0
2015-09-04 00:00:00,11.8,73,7.1,0.0,0.0,2.87,0.0,0.0
2015-09-04 01:00:00,11.8,73,7.1,0.0,0.0,2.82,0.0,0.0
2015-09-04 02:00:00,11.9,73,7.2,0.0,0.0,2.95,0.0,0.0
2015-09-04 03:00:00,11.7,74,7.3,0.0,0.0,3.14,0.0,0.0
2015-09-04 04:00:00,11.5,76,7.5,0.0,0.0,3.22,0.0,0.0
2015-09-04 05:00:00,11.0,81,7.8,0.1,0.0,3.09,0.0,0.0
2015-09-04 06:00:00,10.6,85,8.1,0.4,0.0,2.95,10.0,0.036
2015-09-04 07:00:00,11.8,81,8.7,0.0,0.0,2.86,38.0,0.1368
2015-09-04 08:00:00,12.7,78,9.1,0.0,0.0,3.11,108.0,0.3888
2015-09-04 09:00:00,13.6,73,8.9,0.0,0.0,4.04,226.0,0.8136
2015-09-04 10:00:00,14.8,66,8.4,0.0,0.0,3.3,391.0,1.4076
2015-09-04 11:00:00,15.7,60,7.9,0.0,0.0,3.83,438.0,1.5768
2015-09-04 12:00:00,15.9,57,7.4,0.0,0.0,4.24,395.0,1.422
2015-09-04 13:00:00,16.2,55,7.1,0.0,0.0,4.64,389.0,1.4003999999999999
2015-09-04 14:00:00,16.1,54,6.9,0.0,0.0,4.69,259.0,0.9324
2015-09-04 15:00:00,16.0,55,6.9,0.0,0.0,4.07,221.0,0.7956
2015-09-04 16:00:00,15.7,56,7.0,0.0,0.0,3.57,152.0,0.5472
2015-09-04 17:00:00,15.2,60,7.4,0.0,0.0,3.06,88.0,0.31679999999999997
2015-09-04 18:00:00,14.7,62,7.4,0.0,0.0,2.38,53.0,0.1908
2015-09-04 19:00:00,13.4,67,7.5,0.0,0.0,1.52,7.0,0.0252
2015-09-04 20:00:00,12.9,72,8.0,0.0,0.0,1.5,0.0,0.0
2015-09-04 21:00:00,12.5,75,8.2,0.0,0.0,1.49,0.0,0.0
2015-09-04 22:00:00,12.4,76,8.2,0.0,0.0,1.75,0.0,0.0
2015-09-04 23:00:00,12.3,75,8.1,0.0,0.0,2.06,0.0,0.0
2015-09-05 00:00:00,11.7,78,8.0,0.0,0.0,2.12,0.0,0.0
2015-09-05 01:00:00,11.1,81,7.9,0.0,0.0,2.67,0.0,0.0
2015-09-05 02:00:00,10.9,81,7.9,0.0,0.0,2.69,0.0,0.0
2015-09-05 03:00:00,11.0,81,7.9,0.0,0.0,2.67,0.0,0.0
2015-09-05 04:00:00,11.0,81,8.0,0.0,0.0,2.75,0.0,0.0
2015-09-05 05:00:00,11.3,82,8.3,0.0,0.0,2.98,0.0,0.0
2015-09-05 06:00:00,11.8,82,8.9,0.0,0.0,3.16,3.0,0.0108
2015-09-05 07:00:00,12.3,87,10.2,0.0,0.0,3.31,17.0,0.0612
2015-09-05 08:00:00,12.9,87,10.8,0.0,0.0,3.67,59.0,0.2124
2015-09-05 09:00:00,13.1,86,10.8,0.0,0.0,4.4,63.0,0.2268
2015-09-05 10:00:00,13.2,83,10.3,0.0,0.0,3.95,101.0,0.3636
2015-09-05 11:00:00,13.2,79,9.6,0.0,0.0,3.91,119.0,0.4284
2015-09-05 12:00:00,13.2,75,9.0,0.0,0.0,3.65,103.0,0.37079999999999996
2015-09-05 13:00:00,13.7,70,8.4,0.0,0.0,3.5,147.0,0.5292
2015-09-05 14:00:00,14.2,64,7.5,0.0,0.0,3.72,218.0,0.7847999999999999
2015-09-05 15:00:00,14.8,57,6.3,0.0,0.0,4.02,246.0,0.8855999999999999
2015-09-05 16:00:00,14.8,55,5.7,0.0,0.0,3.81,189.0,0.6804
2015-09-05 17:00:00,14.3,57,6.0,0.0,0.0,3.8,134.0,0.4824
2015-09-05 18:00:00,13.7,59,5.9,0.0,0.0,3.3,44.0,0.15839999999999999
2015-09-05 19:00:00,12.9,64,6.2,0.0,0.0,3.13,7.0,0.0252
2015-09-05 20:00:00,12.5,65,6.0,0.0,0.0,3.1,0.0,0.0
2015-09-05 21:00:00,11.6,69,6.0,0.0,0.0,2.6,0.0,0.0
2015-09-05 22:00:00,11.1,72,6.3,0.0,0.0,1.84,0.0,0.0
2015-09-05 23:00:00,10.4,78,6.8,0.0,0.0,1.3,0.0,0.0
2015-09-06 00:00:00,9.5,82,6.6,0.0,0.0,1.22,0.0,0.0
2015-09-06 01:00:00,9.1,83,6.4,0.0,0.0,1.39,0.0,0.0
2015-09-06 02:00:00,8.3,86,6.1,0.0,0.0,1.75,0.0,0.0
2015-09-06 03:00:00,7.5,89,5.7,0.0,0.0,2.06,0.0,0.0
2015-09-06 04:00:00,7.0,90,5.5,0.0,0.0,2.15,0.0,0.0
2015-09-06 05:00:00,6.9,91,5.5,0.0,0.0,2.19,0.0,0.0
2015-09-06 06:00:00,6.9,91,5.6,0.0,0.0,2.42,11.0,0.039599999999999996
2015-09-06 07:00:00,9.2,89,7.4,0.0,0.0,2.52,114.0,0.4104
2015-09-06 08:00:00,11.0,81,8.0,0.0,0.0,2.62,266.0,0.9576
2015-09-06 09:00:00,12.7,74,8.2,0.0,0.0,2.69,414.0,1.4904
2015-09-06 10:00:00,14.2,67,8.1,0.0,0.0,2.27,543.0,1.9547999999999999
2015-09-06 11:00:00,15.3,60,7.7,0.0,0.0,2.42,604.0,2.1744
2015-09-06 12:00:00,16.1,58,7.8,0.0,0.0,2.77,607.0,2.1852
2015-09-06 13:00:00,16.6,56,7.8,0.0,0.0,3.04,511.0,1.8396
2015-09-06 14:00:00,16.9,55,7.7,0.0,0.0,3.26,382.0,1.3752
2015-09-06 15:00:00,17.2,53,7.6,0.0,0.0,3.32,287.0,1.0332
2015-09-06 16:00:00,17.0,55,8.0,0.0,0.0,3.04,187.0,0.6732
2015-09-06 17:00:00,16.8,59,8.7,0.0,0.0,2.83,122.0,0.4392
2015-09-06 18:00:00,16.1,63,9.1,0.0,0.0,2.25,71.0,0.2556
2015-09-06 19:00:00,14.9,66,8.6,0.0,0.0,2.39,11.0,0.039599999999999996
2015-09-06 20:00:00,13.6,72,8.7,0.0,0.0,2.52,0.0,0.0
2015-09-06 21:00:00,12.5,78,8.7,0.0,0.0,2.56,0.0,0.0
2015-09-06 22:00:00,11.8,82,8.7,0.0,0.0,2.9,0.0,0.0
2015-09-06 23:00:00,11.2,85,8.7,0.0,0.0,3.11,0.0,0.0
2015-09-07 00:00:00,10.6,87,8.6,0.0,0.0,3.0,0.0,0.0
2015-09-07 01:00:00,9.9,90,8.4,0.0,0.0,2.72,0.0,0.0
2015-09-07 02:00:00,9.3,92,8.1,0.0,0.0,2.62,0.0,0.0
2015-09-07 03:00:00,8.8,93,7.8,0.0,0.0,2.62,0.0,0.0
2015-09-07 04:00:00,8.4,94,7.5,0.0,0.0,2.62,0.0,0.0
2015-09-07 05:00:00,8.0,95,7.3,0.0,0.0,2.66,0.0,0.0
2015-09-07 06:00:00,7.9,96,7.2,0.0,0.0,2.82,11.0,0.039599999999999996
2015-09-07 07:00:00,10.0,93,8.9,0.0,0.0,2.66,114.0,0.4104
2015-09-07 08:00:00,12.3,85,9.8,0.0,0.0,2.82,267.0,0.9611999999999999
2015-09-07 09:00:00,14.0,79,10.5,0.0,0.0,2.93,389.0,1.4003999999999999
2015-09-07 10:00:00,15.8,73,11.0,0.0,0.0,3.16,549.0,1.9764
2015-09-07 11:00:00,17.3,64,10.4,0.0,0.0,3.62,605.0,2.178
2015-09-07 12:00:00,17.9,60,10.0,0.0,0.0,4.21,504.0,1.8144
2015-09-07 13:00:00,17.8,59,9.8,0.0,0.0,4.46,403.0,1.4507999999999999
2015-09-07 14:00:00,17.8,60,10.0,0.0,0.0,4.41,395.0,1.422
2015-09-07 15:00:00,17.4,62,10.2,0.0,0.0,4.3,273.0,0.9828
2015-09-07 16:00:00,17.1,64,10.2,0.0,0.0,3.86,235.0,0.846
2015-09-07 17:00:00,16.4,67,10.3,0.0,0.0,3.58,150.0,0.54
2015-09-07 18:00:00,15.8,69,10.1,0.0,0.0,2.82,76.0,0.2736
2015-09-07 19:00:00,14.6,72,9.7,0.0,0.0,2.59,5.0,0.018
2015-09-07 20:00:00,14.2,75,9.7,0.0,0.0,2.59,0.0,0.0
2015-09-07 21:00:00,13.4,79,9.8,0.0,0.0,2.51,0.0,0.0
2015-09-07 22:00:00,12.9,82,9.9,0.0,0.0,2.33,0.0,0.0
2015-09-07 23:00:00,12.1,87,10.0,0.0,0.0,2.34,0.0,0.0
2015-09-08 00:00:00,11.5,90,10.0,0.0,0.0,2.19,0.0,0.0
2015-09-08 01:00:00,10.6,94,9.6,0.0,0.0,2.0,0.0,0.0
2015-09-08 02:00:00,10.1,95,9.3,0.0,0.0,2.02,0.0,0.0
2015-09-08 03:00:00,9.6,96,8.9,0.0,0.0,1.84,0.0,0.0
2015-09-08 04:00:00,8.8,97,8.4,0.0,0.0,1.88,0.0,0.0
2015-09-08 05:00:00,8.3,97,7.9,0.0,0.0,2.34,0.0,0.0
2015-09-08 06:00:00,8.6,97,8.1,0.0,0.0,2.69,10.0,0.036
2015-09-08 07:00:00,10.6,94,9.7,0.0,0.0,3.04,97.0,0.3492
2015-09-08 08:00:00,12.2,87,10.0,0.0,0.0,3.38,199.0,0.7163999999999999
2015-09-08 09:00:00,13.4,75,9.1,0.0,0.0,3.61,308.0,1.1088
2015-09-08 10:00:00,13.9,72,9.0,0.0,0.0,2.7,279.0,1.0044
2015-09-08 11:00:00,14.5,70,9.1,0.0,0.0,2.69,317.0,1.1412
2015-09-08 12:00:00,15.3,68,9.4,0.0,0.0,2.69,454.0,1.6343999999999999
2015-09-08 13:00:00,15.9,66,9.6,0.0,0.0,2.84,452.0,1.6272
2015-09-08 14:00:00,16.1,65,9.6,0.0,0.0,2.86,371.0,1.3356
2015-09-08 15:00:00,16.1,65,9.4,0.0,0.0,2.86,296.0,1.0655999999999999
2015-09-08 16:00:00,15.8,65,9.2,0.0,0.0,2.83,182.0,0.6552
2015-09-08 17:00:00,15.6,65,9.1,0.0,0.0,2.92,123.0,0.44279999999999997
2015-09-08 18:00:00,15.2,67,9.2,0.0,0.0,2.52,47.0,0.1692
2015-09-08 19:00:00,14.3,71,9.1,0.0,0.0,2.5,3.0,0.0108
2015-09-08 20:00:00,13.9,74,9.4,0.0,0.0,2.64,0.0,0.0
2015-09-08 21:00:00,13.6,78,9.7,0.0,0.0,2.72,0.0,0.0
2015-09-08 22:00:00,13.3,81,10.0,0.0,0.0,2.91,0.0,0.0
2015-09-08 23:00:00,12.9,83,10.2,0.0,0.0,3.28,0.0,0.0
2015-09-09 00:00:00,12.6,86,10.4,0.0,0.0,3.64,0.0,0.0
2015-09-09 01:00:00,12.4,89,10.6,0.0,0.0,3.64,0.0,0.0
2015-09-09 02:00:00,11.9,91,10.6,0.0,0.0,3.47,0.0,0.0
2015-09-09 03:00:00,11.6,93,10.5,0.0,0.0,3.38,0.0,0.0
2015-09-09 04:00:00,11.4,94,10.5,0.0,0.0,3.36,0.0,0.0
2015-09-09 05:00:00,11.4,94,10.4,0.0,0.0,3.2,0.0,0.0
2015-09-09 06:00:00,11.7,93,10.6,0.0,0.0,3.06,6.0,0.0216
2015-09-09 07:00:00,13.0,89,11.2,0.0,0.0,3.12,54.0,0.1944
2015-09-09 08:00:00,14.0,85,11.6,0.0,0.0,3.33,99.0,0.3564
2015-09-09 09:00:00,15.2,79,11.6,0.0,0.0,4.49,208.0,0.7488
2015-09-09 10:00:00,16.5,70,10.9,0.0,0.0,3.88,316.0,1.1376
2015-09-09 11:00:00,17.6,63,10.4,0.1,0.0,4.41,417.0,1.5011999999999999
2015-09-09 12:00:00,18.0,59,10.0,0.0,0.0,5.1,397.0,1.4292
2015-09-09 13:00:00,18.5,57,9.8,0.0,0.0,5.3,383.0,1.3788
2015-09-09 14:00:00,18.1,61,10.5,0.0,0.0,5.22,254.0,0.9144
2015-09-09 15:00:00,18.0,63,10.8,0.0,0.0,4.9,277.0,0.9972
2015-09-09 16:00:00,17.5,66,11.1,0.0,0.0,4.73,215.0,0.774
2015-09-09 17:00:00,17.0,69,11.3,0.0,0.0,4.57,150.0,0.54
2015-09-09 18:00:00,16.1,75,11.6,0.0,0.0,4.41,77.0,0.2772
2015-09-09 19:00:00,14.9,81,11.7,0.0,0.0,4.24,5.0,0.018
2015-09-09 20:00:00,14.3,87,12.2,0.0,0.0,4.18,0.0,0.0
2015-09-09 21:00:00,13.8,91,12.4,0.0,0.0,3.92,0.0,0.0
2015-09-09 22:00:00,13.4,93,12.3,0.0,0.0,3.86,0.0,0.0
2015-09-09 23:00:00,13.2,93,12.1,0.0,0.0,3.96,0.0,0.0
2015-09-10 00:00:00,12.9,94,11.9,0.0,0.0,3.73,0.0,0.0
2015-09-10 01:00:00,12.8,94,11.8,0.0,0.0,3.55,0.0,0.0
2015-09-10 02:00:00,12.7,94,11.8,0.0,0.0,3.45,0.0,0.0
2015-09-10 03:00:00,12.7,94,11.8,0.0,0.0,3.32,0.0,0.0
2015-09-10 04:00:00,12.5,95,11.7,0.0,0.0,3.36,0.0,0.0
2015-09-10 05:00:00,12.5,95,11.7,0.0,0.0,3.4,0.0,0.0
2015-09-10 06:00:00,12.5,95,11.7,0.0,0.0,3.49,8.0,0.0288
2015-09-10 07:00:00,13.5,95,12.7,0.0,0.0,3.64,91.0,0.3276
2015-09-10 08:00:00,15.4,86,13.1,0.0,0.0,4.74,220.0,0.7919999999999999
2015-09-10 09:00:00,16.8,78,12.9,0.0,0.0,4.44,340.0,1.224
2015-09-10 10:00:00,17.8,71,12.4,0.0,0.0,4.11,483.0,1.7388
2015-09-10 11:00:00,18.9,61,11.1,0.0,0.0,5.0,617.0,2.2212
2015-09-10 12:00:00,19.3,55,10.1,0.0,0.0,5.1,655.0,2.358
2015-09-10 13:00:00,19.5,54,9.9,0.0,0.0,4.9,666.0,2.3975999999999997
2015-09-10 14:00:00,19.4,54,9.9,0.0,0.0,4.82,624.0,2.2464
2015-09-10 15:00:00,19.1,56,10.1,0.0,0.0,4.84,513.0,1.8468
2015-09-10 16:00:00,18.4,60,10.6,0.0,0.0,5.02,394.0,1.4183999999999999
2015-09-10 17:00:00,17.5,67,11.3,0.0,0.0,4.84,244.0,0.8784
2015-09-10 18:00:00,16.3,73,11.5,0.0,0.0,4.53,94.0,0.3384
2015-09-10 19:00:00,15.2,76,10.9,0.0,0.0,4.14,5.0,0.018
2015-09-10 20:00:00,14.4,79,10.9,0.0,0.0,3.96,0.0,0.0
2015-09-10 21:00:00,13.9,82,10.9,0.0,0.0,3.75,0.0,0.0
2015-09-10 22:00:00,13.6,84,10.9,0.0,0.0,3.54,0.0,0.0
2015-09-10 23:00:00,13.3,85,10.9,0.0,0.0,3.71,0.0,0.0
2015-09-11 00:00:00,13.1,86,10.8,0.0,0.0,3.9,0.0,0.0
2015-09-11 01:00:00,12.8,87,10.8,0.0,0.0,3.81,0.0,0.0
2015-09-11 02:00:00,12.4,89,10.6,0.0,0.0,3.51,0.0,0.0
2015-09-11 03:00:00,12.0,90,10.4,0.0,0.0,3.51,0.0,0.0
2015-09-11 04:00:00,11.6,91,10.3,0.0,0.0,3.31,0.0,0.0
2015-09-11 05:00:00,11.4,93,10.2,0.0,0.0,3.11,0.0,0.0
2015-09-11 06:00:00,11.2,94,10.2,0.0,0.0,3.31,7.0,0.0252
2015-09-11 07:00:00,12.8,92,11.6,0.0,0.0,3.62,98.0,0.3528
2015-09-11 08:00:00,14.8,84,12.1,0.0,0.0,3.69,221.0,0.7956
2015-09-11 09:00:00,16.4,75,12.0,0.0,0.0,3.83,364.0,1.3104
2015-09-11 10:00:00,17.9,67,11.7,0.0,0.0,3.47,503.0,1.8108
2015-09-11 11:00:00,18.8,59,10.7,0.0,0.0,4.24,558.0,2.0088
2015-09-11 12:00:00,19.5,53,9.5,0.0,0.0,4.66,616.0,2.2176
2015-09-11 13:00:00,19.8,50,9.0,0.0,0.0,4.6,610.0,2.1959999999999997
2015-09-11 14:00:00,19.9,49,9.0,0.0,0.0,4.36,532.0,1.9152
2015-09-11 15:00:00,19.7,51,9.2,0.0,0.0,4.28,456.0,1.6416
2015-09-11 16:00:00,19.3,54,9.6,0.0,0.0,4.2,346.0,1.2456
2015-09-11 17:00:00,18.4,61,10.7,0.0,0.0,3.62,196.0,0.7056
2015-09-11 18:00:00,17.2,67,11.1,0.0,0.0,3.64,62.0,0.22319999999999998
2015-09-11 19:00:00,16.5,68,10.6,0.0,0.0,4.0,2.0,0.0072
2015-09-11 20:00:00,16.2,71,11.0,0.0,0.0,4.27,0.0,0.0
2015-09-11 21:00:00,15.8,73,11.0,0.0,0.0,4.33,0.0,0.0
2015-09-11 22:00:00,15.8,72,10.8,0.0,0.0,4.66,0.0,0.0
2015-09-11 23:00:00,15.9,70,10.5,0.0,0.0,4.49,0.0,0.0
2015-09-12 00:00:00,15.9,69,10.2,0.0,0.0,4.21,0.0,0.0
2015-09-12 01:00:00,16.1,67,9.9,0.0,0.0,4.33,0.0,0.0
2015-09-12 02:00:00,15.8,71,10.7,0.7,0.0,4.53,0.0,0.0
2015-09-12 03:00:00,15.4,77,11.4,0.4,0.0,4.72,0.0,0.0
2015-09-12 04:00:00,15.2,82,12.2,0.2,0.0,4.52,0.0,0.0
2015-09-12 05:00:00,15.0,88,13.1,0.2,0.0,4.2,0.0,0.0
2015-09-12 06:00:00,15.1,91,13.7,0.0,0.0,4.43,3.0,0.0108
2015-09-12 07:00:00,15.8,92,14.5,0.4,0.0,5.3,32.0,0.1152
2015-09-12 08:00:00,16.1,91,14.7,0.0,0.0,5.67,108.0,0.3888
2015-09-12 09:00:00,16.7,88,14.7,0.1,0.0,6.46,246.0,0.8855999999999999
2015-09-12 10:00:00,17.5,82,14.3,0.0,0.0,5.37,385.0,1.386
2015-09-12 11:00:00,18.4,72,13.4,0.1,0.0,5.72,477.0,1.7172
2015-09-12 12:00:00,18.7,68,12.8,0.0,0.0,5.73,458.0,1.6488
2015-09-12 13:00:00,19.1,62,11.7,0.0,0.0,6.0,567.0,2.0412
2015-09-12 14:00:00,19.4,59,11.1,0.0,0.0,5.8,550.0,1.98
2015-09-12 15:00:00,19.0,58,10.6,0.0,0.0,5.42,464.0,1.6703999999999999
2015-09-12 16:00:00,18.5,59,10.3,0.0,0.0,5.1,355.0,1.278
2015-09-12 17:00:00,17.5,62,10.1,0.0,0.0,4.2,188.0,0.6768
2015-09-12 18:00:00,16.5,63,9.5,0.0,0.0,3.22,60.0,0.216
2015-09-12 19:00:00,15.5,69,9.9,0.0,0.0,3.09,3.0,0.0108
2015-09-12 20:00:00,14.4,73,9.5,0.0,0.0,2.88,0.0,0.0
2015-09-12 21:00:00,13.3,76,9.2,0.0,0.0,2.09,0.0,0.0
2015-09-12 22:00:00,11.9,83,9.1,0.0,0.0,1.62,0.0,0.0
2015-09-12 23:00:00,12.0,82,9.0,0.0,0.0,1.72,0.0,0.0
2015-09-13 00:00:00,10.9,87,8.9,0.0,0.0,1.56,0.0,0.0
2015-09-13 01:00:00,10.7,89,9.0,0.0,0.0,1.35,0.0,0.0
2015-09-13 02:00:00,10.4,90,8.9,0.0,0.0,1.75,0.0,0.0
2015-09-13 03:00:00,10.1,92,8.9,0.0,0.0,1.34,0.0,0.0
2015-09-13 04:00:00,10.3,93,9.1,0.0,0.0,1.43,0.0,0.0
2015-09-13 05:00:00,10.2,94,9.3,0.0,0.0,1.72,0.0,0.0
2015-09-13 06:00:00,10.0,96,9.3,0.0,0.0,1.5,3.0,0.0108
2015-09-13 07:00:00,11.0,97,10.5,0.0,0.0,1.63,54.0,0.1944
2015-09-13 08:00:00,13.2,89,11.4,0.0,0.0,1.3,148.0,0.5327999999999999
2015-09-13 09:00:00,14.9,79,11.3,0.0,0.0,1.73,255.0,0.9179999999999999
2015-09-13 10:00:00,15.3,74,10.7,0.0,0.0,2.01,217.0,0.7812
2015-09-13 11:00:00,16.0,66,9.6,0.0,0.0,2.85,316.0,1.1376
2015-09-13 12:00:00,15.7,68,9.7,0.0,0.0,3.54,219.0,0.7884
2015-09-13 13:00:00,15.7,68,9.8,0.0,0.0,3.83,293.0,1.0548
2015-09-13 14:00:00,15.6,67,9.5,0.0,0.0,3.57,304.0,1.0944
2015-09-13 15:00:00,15.7,65,9.1,0.0,0.0,3.29,310.0,1.1159999999999999
2015-09-13 16:00:00,15.7,63,8.7,0.0,0.0,3.32,278.0,1.0008
2015-09-13 17:00:00,15.2,65,8.7,0.0,0.0,3.32,114.0,0.4104
2015-09-13 18:00:00,14.6,70,9.1,0.0,0.0,3.22,43.0,0.1548
2015-09-13 19:00:00,12.9,80,9.6,0.0,0.0,3.0,2.0,0.0072
2015-09-13 20:00:00,12.0,85,9.5,0.0,0.0,3.05,0.0,0.0
2015-09-13 21:00:00,11.5,87,9.4,0.2,0.0,3.32,0.0,0.0
2015-09-13 22:00:00,11.0,90,9.4,0.6,0.0,3.05,0.0,0.0
2015-09-13 23:00:00,10.7,91,9.3,0.9,0.0,3.29,0.0,0.0
2015-09-14 00:00:00,10.8,90,9.3,0.3,0.0,3.26,0.0,0.0
2015-09-14 01:00:00,10.7,91,9.3,0.9,0.0,3.8,0.0,0.0
2015-09-14 02:00:00,10.8,92,9.5,0.6,0.0,4.13,0.0,0.0
2015-09-14 03:00:00,10.8,93,9.7,0.1,0.0,3.42,0.0,0.0
2015-09-14 04:00:00,11.3,94,10.3,0.1,0.0,2.91,0.0,0.0
2015-09-14 05:00:00,11.6,95,10.9,0.0,0.0,2.48,0.0,0.0
2015-09-14 06:00:00,12.2,96,11.6,0.0,0.0,2.94,2.0,0.0072
2015-09-14 07:00:00,13.9,95,13.1,0.0,0.0,3.51,52.0,0.1872
2015-09-14 08:00:00,14.7,92,13.4,0.0,0.0,4.2,134.0,0.4824
2015-09-14 09:00:00,15.5,88,13.6,0.4,0.0,3.81,217.0,0.7812
2015-09-14 10:00:00,15.1,88,13.0,0.5,0.0,3.69,205.0,0.738
2015-09-14 11:00:00,16.2,85,13.7,0.1,0.0,4.37,340.0,1.224
2015-09-14 12:00:00,16.5,84,13.8,0.6,0.0,4.9,348.0,1.2528
2015-09-14 13:00:00,15.6,83,12.6,1.3,0.0,5.11,333.0,1.1987999999999999
2015-09-14 14:00:00,15.5,78,11.7,0.4,0.0,7.07,339.0,1.2204
2015-09-14 15:00:00,14.6,77,10.7,0.0,0.0,7.5,150.0,0.54
2015-09-14 16:00:00,14.3,71,9.2,0.0,0.0,8.07,226.0,0.8136
2015-09-14 17:00:00,13.8,68,7.9,0.0,0.0,7.57,103.0,0.37079999999999996
2015-09-14 18:00:00,13.4,65,6.9,0.0,0.0,7.07,42.0,0.1512
2015-09-14 19:00:00,12.7,67,6.8,0.0,0.0,6.67,1.0,0.0036
2015-09-14 20:00:00,12.1,70,6.9,0.0,0.0,6.55,0.0,0.0
2015-09-14 21:00:00,11.7,74,7.2,0.0,0.0,6.72,0.0,0.0
2015-09-14 22:00:00,11.2,78,7.6,0.0,0.0,6.4,0.0,0.0
2015-09-14 23:00:00,11.0,81,7.9,0.0,0.0,6.4,0.0,0.0
2015-09-15 00:00:00,10.9,83,8.1,0.0,0.0,6.31,0.0,0.0
2015-09-15 01:00:00,10.6,85,8.2,0.0,0.0,6.4,0.0,0.0
2015-09-15 02:00:00,10.4,86,8.1,0.0,0.0,6.09,0.0,0.0
2015-09-15 03:00:00,10.5,85,8.0,0.0,0.0,6.09,0.0,0.0
2015-09-15 04:00:00,10.5,84,7.9,0.4,0.0,6.13,0.0,0.0
2015-09-15 05:00:00,10.5,84,7.9,0.9,0.0,6.05,0.0,0.0
2015-09-15 06:00:00,10.3,88,8.4,0.9,0.0,5.92,1.0,0.0036
2015-09-15 07:00:00,10.8,89,9.1,0.5,0.0,5.9,13.0,0.0468
2015-09-15 08:00:00,11.3,92,10.0,0.1,0.0,5.59,33.0,0.1188
2015-09-15 09:00:00,11.8,92,10.6,0.0,0.0,5.35,54.0,0.1944
2015-09-15 10:00:00,13.7,80,10.3,0.1,0.0,5.17,206.0,0.7415999999999999
2015-09-15 11:00:00,14.7,77,10.8,0.1,0.0,5.19,260.0,0.9359999999999999
2015-09-15 12:00:00,16.0,77,11.9,0.0,0.0,5.41,433.0,1.5588
2015-09-15 13:00:00,16.7,76,12.5,0.1,0.0,4.98,364.0,1.3104
2015-09-15 14:00:00,17.6,74,12.9,0.2,0.0,4.64,500.0,1.8
2015-09-15 15:00:00,16.1,76,11.8,0.7,0.0,5.52,288.0,1.0368
2015-09-15 16:00:00,15.3,80,11.8,0.6,0.0,5.74,246.0,0.8855999999999999
2015-09-15 17:00:00,14.9,78,11.1,0.1,0.0,5.36,134.0,0.4824
2015-09-15 18:00:00,14.3,80,10.9,0.0,0.0,4.74,42.0,0.1512
2015-09-15 19:00:00,13.6,82,10.6,0.0,0.0,3.69,1.0,0.0036
2015-09-15 20:00:00,13.0,85,10.4,0.0,0.0,2.95,0.0,0.0
2015-09-15 21:00:00,12.3,87,10.2,0.0,0.0,2.22,0.0,0.0
2015-09-15 22:00:00,11.7,90,10.0,0.0,0.0,2.14,0.0,0.0
2015-09-15 23:00:00,11.2,91,9.9,0.0,0.0,2.08,0.0,0.0
2015-09-16 00:00:00,10.9,92,9.7,0.0,0.0,1.93,0.0,0.0
2015-09-16 01:00:00,11.0,91,9.6,0.0,0.0,2.4,0.0,0.0
2015-09-16 02:00:00,11.3,89,9.6,0.0,0.0,2.81,0.0,0.0
2015-09-16 03:00:00,11.4,90,9.8,0.3,0.0,3.01,0.0,0.0
2015-09-16 04:00:00,11.6,91,10.2,0.3,0.0,3.37,0.0,0.0
2015-09-16 05:00:00,11.7,93,10.6,0.1,0.0,3.99,0.0,0.0
2015-09-16 06:00:00,11.9,95,11.0,0.0,0.0,4.16,3.0,0.0108
2015-09-16 07:00:00,12.5,94,11.6,0.0,0.0,4.39,53.0,0.1908
2015-09-16 08:00:00,13.6,91,12.2,0.0,0.0,4.8,128.0,0.4608
2015-09-16 09:00:00,14.4,87,12.2,0.0,0.0,5.64,182.0,0.6552
2015-09-16 10:00:00,14.5,85,11.9,0.0,0.0,5.37,139.0,0.5004
2015-09-16 11:00:00,14.4,85,12.0,0.0,0.0,5.91,81.0,0.29159999999999997
2015-09-16 12:00:00,14.6,85,12.2,0.6,0.0,6.32,78.0,0.2808
2015-09-16 13:00:00,14.4,87,12.3,1.4,0.0,5.84,59.0,0.2124
2015-09-16 14:00:00,14.3,91,12.9,2.1,0.0,5.52,115.0,0.414
2015-09-16 15:00:00,13.9,93,12.8,2.4,0.0,4.74,53.0,0.1908
2015-09-16 16:00:00,13.9,94,13.0,2.8,0.0,3.92,51.0,0.18359999999999999
2015-09-16 17:00:00,13.9,96,13.2,2.5,0.0,3.62,29.0,0.10439999999999999
2015-09-16 18:00:00,13.8,96,13.2,0.8,0.0,3.73,12.0,0.0432
2015-09-16 19:00:00,13.1,97,12.6,0.4,0.0,3.76,0.0,0.0
2015-09-16 20:00:00,12.7,97,12.3,0.3,0.0,4.0,0.0,0.0
2015-09-16 21:00:00,12.4,96,11.9,0.3,0.0,4.36,0.0,0.0
2015-09-16 22:00:00,12.2,96,11.6,0.2,0.0,4.32,0.0,0.0
2015-09-16 23:00:00,12.1,95,11.4,0.2,0.0,4.65,0.0,0.0
2015-09-17 00:00:00,12.1,95,11.2,0.4,0.0,4.56,0.0,0.0
2015-09-17 01:00:00,12.0,95,11.1,0.5,0.0,4.72,0.0,0.0
2015-09-17 02:00:00,11.8,95,10.9,0.4,0.0,4.58,0.0,0.0
2015-09-17 03:00:00,11.5,94,10.6,0.2,0.0,4.25,0.0,0.0
2015-09-17 04:00:00,11.1,94,10.1,0.0,0.0,3.82,0.0,0.0
2015-09-17 05:00:00,10.7,91,9.3,0.0,0.0,3.11,0.0,0.0
2015-09-17 06:00:00,10.0,91,8.7,0.0,0.0,3.18,2.0,0.0072
2015-09-17 07:00:00,10.4,93,9.3,0.0,0.0,3.55,74.0,0.26639999999999997
2015-09-17 08:00:00,11.6,89,9.8,0.0,0.0,3.41,223.0,0.8028
2015-09-17 09:00:00,13.2,82,10.2,0.0,0.0,3.52,365.0,1.314
2015-09-17 10:00:00,14.6,76,10.4,0.0,0.0,3.91,487.0,1.7531999999999999
2015-09-17 11:00:00,15.8,67,9.6,0.0,0.0,4.31,562.0,2.0232
2015-09-17 12:00:00,16.7,57,8.1,0.0,0.0,5.1,615.0,2.214
2015-09-17 13:00:00,17.1,52,7.3,0.0,0.0,5.4,477.0,1.7172
2015-09-17 14:00:00,17.2,52,7.1,0.0,0.0,4.72,315.0,1.134
2015-09-17 15:00:00,16.8,55,7.8,0.0,0.0,4.08,234.0,0.8423999999999999
2015-09-17 16:00:00,16.4,60,8.6,0.0,0.0,4.02,152.0,0.5472
2015-09-17 17:00:00,16.1,62,8.9,0.0,0.0,3.61,145.0,0.522
2015-09-17 18:00:00,15.1,66,8.9,0.0,0.0,3.83,38.0,0.1368
2015-09-17 19:00:00,14.4,72,9.4,0.0,0.0,3.78,0.0,0.0
2015-09-17 20:00:00,13.6,77,9.6,0.0,0.0,3.45,0.0,0.0
2015-09-17 21:00:00,12.8,82,9.8,0.0,0.0,3.32,0.0,0.0
2015-09-17 22:00:00,12.6,85,10.1,0.0,0.0,3.76,0.0,0.0
2015-09-17 23:00:00,12.4,88,10.4,0.0,0.0,3.58,0.0,0.0
2015-09-18 00:00:00,12.1,91,10.6,0.0,0.0,3.55,0.0,0.0
2015-09-18 01:00:00,12.2,91,10.8,0.0,0.0,3.22,0.0,0.0
2015-09-18 02:00:00,12.4,91,10.9,0.0,0.0,3.2,0.0,0.0
2015-09-18 03:00:00,12.2,92,11.0,0.0,0.0,3.16,0.0,0.0
2015-09-18 04:00:00,11.8,95,11.0,0.0,0.0,3.01,0.0,0.0
2015-09-18 05:00:00,11.6,95,10.9,0.1,0.0,2.73,0.0,0.0
2015-09-18 06:00:00,11.4,97,10.9,0.0,0.0,2.19,1.0,0.0036
2015-09-18 07:00:00,12.2,96,11.6,0.2,0.0,2.2,46.0,0.1656
2015-09-18 08:00:00,13.1,91,11.7,0.4,0.0,2.06,128.0,0.4608
2015-09-18 09:00:00,13.6,89,11.9,0.0,0.0,1.71,120.0,0.432
2015-09-18 10:00:00,14.1,89,12.3,0.3,0.0,1.32,200.0,0.72
2015-09-18 11:00:00,15.1,87,12.9,0.1,0.0,1.75,332.0,1.1952
2015-09-18 12:00:00,16.4,83,13.5,0.3,0.0,2.24,513.0,1.8468
2015-09-18 13:00:00,16.7,80,13.1,0.4,0.0,2.34,414.0,1.4904
2015-09-18 14:00:00,16.9,80,13.3,0.8,0.0,2.41,440.0,1.5839999999999999
2015-09-18 15:00:00,16.9,79,13.2,0.5,0.0,2.77,343.0,1.2348
2015-09-18 16:00:00,16.9,77,12.8,0.0,0.0,2.94,285.0,1.026
2015-09-18 17:00:00,15.8,79,12.3,0.3,0.0,2.55,142.0,0.5112
2015-09-18 18:00:00,14.5,82,11.5,0.2,0.0,2.02,37.0,0.13319999999999999
2015-09-18 19:00:00,13.8,85,11.3,0.0,0.0,1.81,0.0,0.0
2015-09-18 20:00:00,12.8,89,11.1,0.0,0.0,2.2,0.0,0.0
2015-09-18 21:00:00,12.3,92,11.0,0.0,0.0,2.71,0.0,0.0
2015-09-18 22:00:00,11.8,94,10.8,0.0,0.0,3.14,0.0,0.0
2015-09-18 23:00:00,11.3,95,10.6,0.0,0.0,2.72,0.0,0.0
2015-09-19 00:00:00,10.8,96,10.2,0.0,0.0,2.7,0.0,0.0
2015-09-19 01:00:00,10.3,97,9.9,0.0,0.0,2.8,0.0,0.0
2015-09-19 02:00:00,10.0,98,9.6,0.0,0.0,2.53,0.0,0.0
2015-09-19 03:00:00,10.3,98,10.0,0.0,0.0,2.47,0.0,0.0
2015-09-19 04:00:00,10.6,98,10.3,0.0,0.0,2.53,0.0,0.0
2015-09-19 05:00:00,10.9,97,10.5,0.0,0.0,2.5,0.0,0.0
2015-09-19 06:00:00,10.9,97,10.4,0.0,0.0,2.6,1.0,0.0036
2015-09-19 07:00:00,11.3,95,10.5,0.0,0.0,2.96,57.0,0.2052
2015-09-19 08:00:00,12.4,88,10.4,0.0,0.0,3.61,167.0,0.6012
2015-09-19 09:00:00,13.2,81,10.1,0.0,0.0,3.1,260.0,0.9359999999999999
2015-09-19 10:00:00,14.5,73,9.7,0.0,0.0,2.45,404.0,1.4544
2015-09-19 11:00:00,15.7,65,9.2,0.0,0.0,2.1,510.0,1.8359999999999999
2015-09-19 12:00:00,16.7,60,8.9,0.0,0.0,2.31,554.0,1.9944
2015-09-19 13:00:00,17.4,55,8.2,0.0,0.0,2.26,555.0,1.998
2015-09-19 14:00:00,17.5,52,7.7,0.0,0.0,2.12,421.0,1.5156
2015-09-19 15:00:00,17.4,53,7.6,0.0,0.0,2.47,260.0,0.9359999999999999
2015-09-19 16:00:00,17.2,55,8.1,0.0,0.0,1.9,174.0,0.6264
2015-09-19 17:00:00,16.8,59,8.8,0.0,0.0,0.85,90.0,0.324
2015-09-19 18:00:00,16.4,62,9.0,0.0,0.0,0.8,24.0,0.0864
2015-09-19 19:00:00,16.1,64,9.2,0.0,0.0,0.7,0.0,0.0
2015-09-19 20:00:00,14.7,78,10.8,0.0,0.0,1.28,0.0,0.0
2015-09-19 21:00:00,13.7,80,10.3,0.0,0.0,1.14,0.0,0.0
2015-09-19 22:00:00,12.8,83,10.0,0.0,0.0,1.5,0.0,0.0
2015-09-19 23:00:00,12.5,84,9.9,0.0,0.0,1.55,0.0,0.0
2015-09-20 00:00:00,12.1,86,9.8,0.0,0.0,1.53,0.0,0.0
2015-09-20 01:00:00,11.9,88,10.0,0.0,0.0,1.56,0.0,0.0
2015-09-20 02:00:00,11.7,91,10.3,0.0,0.0,1.5,0.0,0.0
2015-09-20 03:00:00,11.0,94,10.1,0.0,0.0,1.66,0.0,0.0
2015-09-20 04:00:00,10.4,96,9.8,0.0,0.0,1.62,0.0,0.0
2015-09-20 05:00:00,9.9,97,9.4,0.0,0.0,1.52,0.0,0.0
2015-09-20 06:00:00,9.3,98,9.1,0.0,0.0,1.61,1.0,0.0036
2015-09-20 07:00:00,10.6,99,10.4,0.0,0.0,2.02,59.0,0.2124
2015-09-20 08:00:00,12.8,94,11.9,0.0,0.0,1.72,173.0,0.6228
2015-09-20 09:00:00,14.9,85,12.5,0.0,0.0,2.2,309.0,1.1124
2015-09-20 10:00:00,16.3,76,12.1,0.0,0.0,2.66,423.0,1.5228
2015-09-20 11:00:00,17.2,70,11.7,0.0,0.0,3.3,500.0,1.8
2015-09-20 12:00:00,17.7,65,11.1,0.0,0.0,3.74,462.0,1.6632
2015-09-20 13:00:00,17.9,62,10.5,0.0,0.0,3.97,371.0,1.3356
2015-09-20 14:00:00,17.8,61,10.2,0.0,0.0,4.08,344.0,1.2384
2015-09-20 15:00:00,17.6,61,9.9,0.0,0.0,4.03,222.0,0.7992
2015-09-20 16:00:00,17.2,63,10.1,0.0,0.0,3.61,134.0,0.4824
2015-09-20 17:00:00,16.6,67,10.5,0.0,0.0,3.26,69.0,0.24839999999999998
2015-09-20 18:00:00,15.9,71,10.6,0.0,0.0,3.26,31.0,0.11159999999999999
2015-09-20 19:00:00,15.1,78,11.3,0.0,0.0,2.92,0.0,0.0
2015-09-20 20:00:00,14.2,84,11.6,0.0,0.0,2.8,0.0,0.0
2015-09-20 21:00:00,13.3,90,11.7,0.0,0.0,2.75,0.0,0.0
2015-09-20 22:00:00,12.4,94,11.5,0.0,0.0,2.55,0.0,0.0
2015-09-20 23:00:00,11.8,96,11.1,0.0,0.0,2.6,0.0,0.0
2015-09-21 00:00:00,11.3,97,10.9,0.0,0.0,2.55,0.0,0.0
2015-09-21 01:00:00,11.3,97,10.9,0.0,0.0,2.73,0.0,0.0
2015-09-21 02:00:00,11.3,97,10.9,0.2,0.0,2.82,0.0,0.0
2015-09-21 03:00:00,11.4,97,11.0,0.0,0.0,2.85,0.0,0.0
2015-09-21 04:00:00,11.9,97,11.4,0.0,0.0,2.69,0.0,0.0
2015-09-21 05:00:00,12.1,96,11.6,0.0,0.0,2.79,0.0,0.0
2015-09-21 06:00:00,12.3,97,11.8,0.0,0.0,2.75,1.0,0.0036
2015-09-21 07:00:00,13.1,96,12.5,0.0,0.0,3.0,29.0,0.10439999999999999
2015-09-21 08:00:00,13.8,93,12.7,0.0,0.0,3.22,64.0,0.2304
2015-09-21 09:00:00,14.1,91,12.7,0.2,0.0,3.7,87.0,0.3132
2015-09-21 10:00:00,14.6,87,12.4,0.4,0.0,4.9,180.0,0.648
2015-09-21 11:00:00,15.5,78,11.6,0.5,0.0,5.74,350.0,1.26
2015-09-21 12:00:00,15.6,77,11.5,0.6,0.0,5.69,308.0,1.1088
2015-09-21 13:00:00,15.2,82,12.1,0.6,0.0,5.74,194.0,0.6984
2015-09-21 14:00:00,14.8,85,12.2,0.3,0.0,5.1,94.0,0.3384
2015-09-21 15:00:00,14.6,86,12.3,1.5,0.0,4.79,66.0,0.2376
2015-09-21 16:00:00,14.0,91,12.6,0.8,0.0,4.38,29.0,0.10439999999999999
2015-09-21 17:00:00,14.0,92,12.7,0.2,0.0,3.61,37.0,0.13319999999999999
2015-09-21 18:00:00,13.9,92,12.6,0.0,0.0,3.28,22.0,0.07919999999999999
2015-09-21 19:00:00,12.9,94,12.0,0.0,0.0,3.35,0.0,0.0
2015-09-21 20:00:00,12.2,94,11.2,0.0,0.0,3.61,0.0,0.0
2015-09-21 21:00:00,11.5,92,10.3,0.0,0.0,3.81,0.0,0.0
2015-09-21 22:00:00,10.8,93,9.6,0.0,0.0,4.12,0.0,0.0
2015-09-21 23:00:00,10.1,93,9.1,0.0,0.0,3.61,0.0,0.0
2015-09-22 00:00:00,9.7,94,8.8,0.0,0.0,3.22,0.0,0.0
2015-09-22 01:00:00,9.5,95,8.8,0.0,0.0,2.92,0.0,0.0
2015-09-22 02:00:00,9.2,96,8.6,0.0,0.0,2.33,0.0,0.0
2015-09-22 03:00:00,9.3,96,8.7,0.2,0.0,2.4,0.0,0.0
2015-09-22 04:00:00,9.5,96,8.9,0.9,0.0,2.95,0.0,0.0
2015-09-22 05:00:00,9.9,95,9.2,1.4,0.0,2.84,0.0,0.0
2015-09-22 06:00:00,10.2,96,9.6,1.5,0.0,1.97,0.0,0.0
2015-09-22 07:00:00,10.6,95,9.8,1.7,0.0,1.02,13.0,0.0468
2015-09-22 08:00:00,10.9,94,10.0,1.6,0.0,2.69,52.0,0.1872
2015-09-22 09:00:00,11.0,94,10.1,1.2,0.0,3.47,62.0,0.22319999999999998
2015-09-22 10:00:00,11.4,94,10.4,1.5,0.0,3.1,101.0,0.3636
2015-09-22 11:00:00,11.7,95,10.9,1.3,0.0,3.79,126.0,0.4536
2015-09-22 12:00:00,11.9,94,11.0,1.0,0.0,4.39,121.0,0.4356
2015-09-22 13:00:00,12.8,93,11.6,0.3,0.0,3.96,251.0,0.9036
2015-09-22 14:00:00,13.7,90,12.0,0.2,0.0,3.57,295.0,1.062
2015-09-22 15:00:00,14.3,86,12.0,0.2,0.0,3.64,280.0,1.008
2015-09-22 16:00:00,14.4,84,11.8,0.2,0.0,3.28,201.0,0.7236
2015-09-22 17:00:00,13.2,85,10.7,1.1,0.0,4.04,118.0,0.4248
2015-09-22 18:00:00,11.9,89,10.1,0.3,0.0,3.64,20.0,0.072
2015-09-22 19:00:00,11.7,89,9.9,0.0,0.0,3.54,0.0,0.0
2015-09-22 20:00:00,11.3,89,9.5,0.0,0.0,3.86,0.0,0.0
2015-09-22 21:00:00,11.0,89,9.2,0.0,0.0,4.3,0.0,0.0
2015-09-22 22:00:00,10.5,89,8.7,0.0,0.0,4.75,0.0,0.0
2015-09-22 23:00:00,10.1,89,8.3,0.0,0.0,4.57,0.0,0.0
2015-09-23 00:00:00,9.5,91,8.0,0.0,0.0,4.61,0.0,0.0
2015-09-23 01:00:00,9.2,91,7.8,0.0,0.0,4.57,0.0,0.0
2015-09-23 02:00:00,9.4,91,7.9,0.0,0.0,4.25,0.0,0.0
2015-09-23 03:00:00,9.5,91,8.1,0.0,0.0,4.18,0.0,0.0
2015-09-23 04:00:00,9.4,92,8.1,0.0,0.0,4.43,0.0,0.0
2015-09-23 05:00:00,9.0,93,7.9,0.0,0.0,4.49,0.0,0.0
2015-09-23 06:00:00,8.8,93,7.8,0.0,0.0,3.89,0.0,0.0
2015-09-23 07:00:00,9.5,93,8.3,0.0,0.0,3.98,59.0,0.2124
2015-09-23 08:00:00,10.9,88,9.0,0.0,0.0,4.06,195.0,0.702
2015-09-23 09:00:00,12.4,79,8.9,0.0,0.0,4.3,340.0,1.224
2015-09-23 10:00:00,13.7,72,8.7,0.0,0.0,5.0,473.0,1.7027999999999999
2015-09-23 11:00:00,15.0,65,8.5,0.0,0.0,5.47,561.0,2.0196
2015-09-23 12:00:00,15.9,60,8.1,0.0,0.0,5.5,583.0,2.0987999999999998
2015-09-23 13:00:00,16.6,56,7.9,0.0,0.0,5.54,525.0,1.89
2015-09-23 14:00:00,17.1,54,7.6,0.0,0.0,5.24,490.0,1.764
2015-09-23 15:00:00,17.1,52,7.3,0.0,0.0,5.03,373.0,1.3428
2015-09-23 16:00:00,16.8,54,7.6,0.0,0.0,4.66,249.0,0.8964
2015-09-23 17:00:00,16.0,60,8.2,0.0,0.0,4.29,110.0,0.39599999999999996
2015-09-23 18:00:00,15.0,64,8.3,0.0,0.0,4.13,20.0,0.072
2015-09-23 19:00:00,14.7,70,9.3,0.0,0.0,4.19,0.0,0.0
2015-09-23 20:00:00,14.4,73,9.7,0.0,0.0,4.47,0.0,0.0
2015-09-23 21:00:00,14.1,78,10.4,0.0,0.0,4.76,0.0,0.0
2015-09-23 22:00:00,14.2,82,11.2,0.0,0.0,4.6,0.0,0.0
2015-09-23 23:00:00,14.2,86,11.9,0.0,0.0,4.6,0.0,0.0
2015-09-24 00:00:00,14.2,89,12.4,0.0,0.0,4.48,0.0,0.0
2015-09-24 01:00:00,14.3,90,12.6,0.0,0.0,4.7,0.0,0.0
2015-09-24 02:00:00,14.1,91,12.7,0.0,0.0,4.86,0.0,0.0
2015-09-24 03:00:00,13.8,93,12.8,0.0,0.0,5.22,0.0,0.0
2015-09-24 04:00:00,14.1,92,12.9,0.6,0.0,5.58,0.0,0.0
2015-09-24 05:00:00,14.4,92,13.1,0.1,0.0,5.83,0.0,0.0
2015-09-24 06:00:00,14.5,92,13.1,0.2,0.0,6.28,0.0,0.0
2015-09-24 07:00:00,14.8,88,12.9,0.2,0.0,5.73,7.0,0.0252
2015-09-24 08:00:00,14.4,83,11.6,0.0,0.0,4.7,41.0,0.1476
2015-09-24 09:00:00,14.3,76,10.1,0.0,0.0,4.82,141.0,0.5075999999999999
2015-09-24 10:00:00,15.2,68,9.3,0.0,0.0,5.43,382.0,1.3752
2015-09-24 11:00:00,16.1,61,8.6,0.0,0.0,5.34,498.0,1.7928
2015-09-24 12:00:00,16.5,57,7.9,0.0,0.0,5.7,417.0,1.5011999999999999
2015-09-24 13:00:00,16.4,57,7.8,0.0,0.0,5.89,348.0,1.2528
2015-09-24 14:00:00,16.5,55,7.5,0.0,0.0,5.82,348.0,1.2528
2015-09-24 15:00:00,16.4,55,7.4,0.0,0.0,5.51,284.0,1.0224
2015-09-24 16:00:00,16.1,57,7.6,0.0,0.0,4.55,209.0,0.7524
2015-09-24 17:00:00,15.4,61,7.9,0.0,0.0,4.27,129.0,0.4644
2015-09-24 18:00:00,14.5,64,7.8,0.0,0.0,4.03,26.0,0.0936
2015-09-24 19:00:00,13.7,69,8.2,0.0,0.0,3.99,0.0,0.0
2015-09-24 20:00:00,12.8,74,8.2,0.0,0.0,3.83,0.0,0.0
2015-09-24 21:00:00,11.9,79,8.3,0.0,0.0,3.86,0.0,0.0
2015-09-24 22:00:00,11.4,82,8.4,0.0,0.0,3.83,0.0,0.0
2015-09-24 23:00:00,10.6,87,8.5,0.0,0.0,3.52,0.0,0.0
2015-09-25 00:00:00,10.1,90,8.5,0.0,0.0,3.45,0.0,0.0
2015-09-25 01:00:00,9.5,92,8.3,0.0,0.0,3.2,0.0,0.0
2015-09-25 02:00:00,9.1,93,8.0,0.0,0.0,3.1,0.0,0.0
2015-09-25 03:00:00,8.6,94,7.7,0.0,0.0,3.07,0.0,0.0
2015-09-25 04:00:00,8.2,95,7.4,0.0,0.0,3.01,0.0,0.0
2015-09-25 05:00:00,7.7,96,7.1,0.0,0.0,2.84,0.0,0.0
2015-09-25 06:00:00,7.3,96,6.7,0.0,0.0,2.62,0.0,0.0
2015-09-25 07:00:00,8.5,96,7.9,0.0,0.0,2.9,53.0,0.1908
2015-09-25 08:00:00,11.4,87,9.3,0.0,0.0,2.72,188.0,0.6768
2015-09-25 09:00:00,13.0,79,9.5,0.0,0.0,2.91,336.0,1.2096
2015-09-25 10:00:00,14.2,71,8.9,0.0,0.0,2.51,449.0,1.6164
2015-09-25 11:00:00,15.2,62,8.0,0.0,0.0,2.59,549.0,1.9764
2015-09-25 12:00:00,15.9,55,6.9,0.0,0.0,2.91,571.0,2.0556
2015-09-25 13:00:00,16.1,54,6.7,0.0,0.0,2.82,486.0,1.7496
2015-09-25 14:00:00,16.0,53,6.4,0.0,0.0,2.61,350.0,1.26
2015-09-25 15:00:00,15.8,53,6.3,0.0,0.0,2.56,224.0,0.8064
2015-09-25 16:00:00,15.5,54,6.2,0.0,0.0,2.41,154.0,0.5544
2015-09-25 17:00:00,15.1,58,6.8,0.0,0.0,1.35,91.0,0.3276
2015-09-25 18:00:00,14.3,62,7.1,0.0,0.0,1.56,14.0,0.0504
2015-09-25 19:00:00,13.3,72,8.3,0.0,0.0,1.63,0.0,0.0
2015-09-25 20:00:00,12.9,75,8.6,0.0,0.0,1.58,0.0,0.0
2015-09-25 21:00:00,12.4,77,8.4,0.0,0.0,1.48,0.0,0.0
2015-09-25 22:00:00,11.8,78,8.1,0.0,0.0,1.5,0.0,0.0
2015-09-25 23:00:00,11.7,77,7.9,0.0,0.0,1.7,0.0,0.0
2015-09-26 00:00:00,11.5,77,7.6,0.0,0.0,1.91,0.0,0.0
2015-09-26 01:00:00,11.1,78,7.4,0.0,0.0,1.92,0.0,0.0
2015-09-26 02:00:00,10.7,80,7.4,0.0,0.0,1.94,0.0,0.0
2015-09-26 03:00:00,10.4,81,7.3,0.0,0.0,1.94,0.0,0.0
2015-09-26 04:00:00,10.1,82,7.2,0.0,0.0,1.84,0.0,0.0
2015-09-26 05:00:00,9.9,83,7.2,0.0,0.0,1.68,0.0,0.0
2015-09-26 06:00:00,9.1,88,7.2,0.0,0.0,1.8,0.0,0.0
2015-09-26 07:00:00,8.6,93,7.6,0.0,0.0,2.4,49.0,0.1764
2015-09-26 08:00:00,10.5,87,8.3,0.0,0.0,2.06,172.0,0.6192
2015-09-26 09:00:00,12.6,80,9.2,0.0,0.0,2.1,325.0,1.17
2015-09-26 10:00:00,14.3,73,9.6,0.0,0.0,2.06,431.0,1.5515999999999999
2015-09-26 11:00:00,15.6,63,8.6,0.0,0.0,2.44,544.0,1.9584
2015-09-26 12:00:00,16.1,57,7.6,0.0,0.0,2.62,484.0,1.7424
2015-09-26 13:00:00,16.3,54,7.0,0.0,0.0,2.8,383.0,1.3788
2015-09-26 14:00:00,16.2,54,6.9,0.0,0.0,2.87,278.0,1.0008
2015-09-26 15:00:00,16.1,56,7.3,0.0,0.0,2.86,221.0,0.7956
2015-09-26 16:00:00,15.7,61,8.1,0.0,0.0,2.66,156.0,0.5616
2015-09-26 17:00:00,15.1,66,8.7,0.0,0.0,2.09,79.0,0.2844
2015-09-26 18:00:00,14.3,69,8.7,0.0,0.0,1.94,17.0,0.0612
2015-09-26 19:00:00,13.3,75,9.0,0.0,0.0,2.21,0.0,0.0
2015-09-26 20:00:00,13.0,77,9.1,0.0,0.0,2.3,0.0,0.0
2015-09-26 21:00:00,12.4,81,9.2,0.0,0.0,2.22,0.0,0.0
2015-09-26 22:00:00,11.9,83,9.2,0.0,0.0,2.4,0.0,0.0
2015-09-26 23:00:00,11.1,87,9.0,0.0,0.0,2.42,0.0,0.0
2015-09-27 00:00:00,10.0,90,8.5,0.0,0.0,2.5,0.0,0.0
2015-09-27 01:00:00,9.5,91,8.1,0.0,0.0,2.62,0.0,0.0
2015-09-27 02:00:00,9.0,92,7.7,0.0,0.0,2.62,0.0,0.0
2015-09-27 03:00:00,8.6,92,7.3,0.0,0.0,2.64,0.0,0.0
2015-09-27 04:00:00,8.5,92,7.2,0.0,0.0,2.66,0.0,0.0
2015-09-27 05:00:00,8.7,91,7.2,0.0,0.0,2.75,0.0,0.0
2015-09-27 06:00:00,8.5,91,7.1,0.0,0.0,2.94,0.0,0.0
2015-09-27 07:00:00,9.6,93,8.6,0.0,0.0,3.34,45.0,0.162
2015-09-27 08:00:00,12.1,87,10.0,0.0,0.0,3.39,172.0,0.6192
2015-09-27 09:00:00,14.3,78,10.6,0.0,0.0,4.0,311.0,1.1196
2015-09-27 10:00:00,15.7,68,9.9,0.0,0.0,4.18,431.0,1.5515999999999999
2015-09-27 11:00:00,16.3,62,9.0,0.0,0.0,4.55,451.0,1.6236
2015-09-27 12:00:00,16.7,59,8.7,0.0,0.0,4.28,445.0,1.6019999999999999
2015-09-27 13:00:00,16.7,60,8.8,0.0,0.0,4.34,389.0,1.4003999999999999
2015-09-27 14:00:00,16.8,59,8.8,0.0,0.0,4.49,452.0,1.6272
2015-09-27 15:00:00,16.5,61,8.9,0.0,0.0,4.71,401.0,1.4436
2015-09-27 16:00:00,15.9,64,9.1,0.0,0.0,4.43,291.0,1.0475999999999999
2015-09-27 17:00:00,14.9,70,9.5,0.0,0.0,3.72,145.0,0.522
2015-09-27 18:00:00,13.5,77,9.4,0.0,0.0,3.4,23.0,0.0828
2015-09-27 19:00:00,12.6,82,9.6,0.0,0.0,3.48,0.0,0.0
2015-09-27 20:00:00,11.8,86,9.6,0.0,0.0,3.54,0.0,0.0
2015-09-27 21:00:00,11.2,88,9.4,0.0,0.0,3.54,0.0,0.0
2015-09-27 22:00:00,10.9,90,9.2,0.0,0.0,3.51,0.0,0.0
2015-09-27 23:00:00,10.7,90,9.2,0.0,0.0,3.38,0.0,0.0
2015-09-28 00:00:00,11.2,89,9.4,0.0,0.0,3.59,0.0,0.0
2015-09-28 01:00:00,11.2,89,9.4,0.0,0.0,3.2,0.0,0.0
2015-09-28 02:00:00,10.6,92,9.3,0.0,0.0,2.68,0.0,0.0
2015-09-28 03:00:00,10.0,94,9.0,0.0,0.0,2.64,0.0,0.0
2015-09-28 04:00:00,9.7,95,8.9,0.0,0.0,2.59,0.0,0.0
2015-09-28 05:00:00,9.3,96,8.7,0.0,0.0,2.59,0.0,0.0
2015-09-28 06:00:00,9.5,96,8.9,0.0,0.0,2.88,0.0,0.0
2015-09-28 07:00:00,10.7,96,10.2,0.0,0.0,3.37,41.0,0.1476
2015-09-28 08:00:00,13.1,90,11.6,0.0,0.0,3.44,159.0,0.5724
2015-09-28 09:00:00,14.6,80,11.1,0.0,0.0,4.7,296.0,1.0655999999999999
2015-09-28 10:00:00,15.3,72,10.3,0.0,0.0,4.62,330.0,1.188
2015-09-28 11:00:00,15.9,68,9.9,0.0,0.0,4.7,389.0,1.4003999999999999
2015-09-28 12:00:00,16.0,66,9.8,0.0,0.0,4.8,396.0,1.4256
2015-09-28 13:00:00,16.5,64,9.7,0.0,0.0,4.7,459.0,1.6523999999999999
2015-09-28 14:00:00,16.5,63,9.5,0.0,0.0,4.83,439.0,1.5804
2015-09-28 15:00:00,16.0,64,9.3,0.0,0.0,4.96,340.0,1.224
2015-09-28 16:00:00,15.5,65,9.1,0.0,0.0,4.79,258.0,0.9288
2015-09-28 17:00:00,14.6,71,9.4,0.0,0.0,4.18,138.0,0.49679999999999996
2015-09-28 18:00:00,13.3,79,9.6,0.0,0.0,4.02,21.0,0.0756
2015-09-28 19:00:00,12.5,82,9.6,0.0,0.0,4.32,0.0,0.0
2015-09-28 20:00:00,12.4,84,9.7,0.0,0.0,4.39,0.0,0.0
2015-09-28 21:00:00,12.1,84,9.6,0.0,0.0,4.2,0.0,0.0
2015-09-28 22:00:00,12.1,84,9.5,0.0,0.0,4.06,0.0,0.0
2015-09-28 23:00:00,11.6,87,9.5,0.0,0.0,3.77,0.0,0.0
2015-09-29 00:00:00,11.5,87,9.4,0.0,0.0,3.67,0.0,0.0
2015-09-29 01:00:00,11.2,89,9.4,0.0,0.0,3.32,0.0,0.0
2015-09-29 02:00:00,10.6,90,9.1,0.0,0.0,3.26,0.0,0.0
2015-09-29 03:00:00,10.3,91,8.9,0.0,0.0,3.32,0.0,0.0
2015-09-29 04:00:00,9.9,92,8.6,0.0,0.0,3.26,0.0,0.0
2015-09-29 05:00:00,9.7,93,8.6,0.0,0.0,3.33,0.0,0.0
2015-09-29 06:00:00,9.7,93,8.6,0.0,0.0,3.55,0.0,0.0
2015-09-29 07:00:00,10.5,94,9.6,0.0,0.0,3.98,41.0,0.1476
2015-09-29 08:00:00,12.6,89,10.8,0.0,0.0,4.11,170.0,0.612
2015-09-29 09:00:00,14.4,79,10.9,0.0,0.0,5.22,309.0,1.1124
2015-09-29 10:00:00,15.5,71,10.3,0.0,0.0,4.93,398.0,1.4327999999999999
2015-09-29 11:00:00,16.4,64,9.6,0.0,0.0,5.32,497.0,1.7892
2015-09-29 12:00:00,16.8,61,9.2,0.0,0.0,5.44,525.0,1.89
2015-09-29 13:00:00,16.9,60,9.0,0.0,0.0,5.39,521.0,1.8756
2015-09-29 14:00:00,16.8,60,8.9,0.0,0.0,5.41,481.0,1.7316
2015-09-29 15:00:00,16.4,61,8.9,0.0,0.0,5.59,399.0,1.4364
2015-09-29 16:00:00,15.8,64,9.1,0.0,0.0,5.2,267.0,0.9611999999999999
2015-09-29 17:00:00,14.7,70,9.3,0.0,0.0,4.99,121.0,0.4356
2015-09-29 18:00:00,13.4,77,9.5,0.0,0.0,4.99,18.0,0.0648
2015-09-29 19:00:00,12.8,80,9.3,0.0,0.0,5.11,0.0,0.0
2015-09-29 20:00:00,12.3,85,9.8,0.0,0.0,5.01,0.0,0.0
2015-09-29 21:00:00,12.3,85,9.8,0.0,0.0,4.83,0.0,0.0
2015-09-29 22:00:00,12.3,81,9.2,0.0,0.0,5.15,0.0,0.0
2015-09-29 23:00:00,12.0,79,8.5,0.0,0.0,4.79,0.0,0.0
2015-09-30 00:00:00,12.0,78,8.2,0.0,0.0,4.65,0.0,0.0
2015-09-30 01:00:00,11.8,79,8.3,0.0,0.0,4.24,0.0,0.0
2015-09-30 02:00:00,11.2,83,8.5,0.0,0.0,4.42,0.0,0.0
2015-09-30 03:00:00,10.8,87,8.7,0.0,0.0,4.5,0.0,0.0
2015-09-30 04:00:00,10.6,89,8.9,0.0,0.0,4.5,0.0,0.0
2015-09-30 05:00:00,10.5,90,9.0,0.0,0.0,4.44,0.0,0.0
2015-09-30 06:00:00,10.4,91,9.0,0.0,0.0,4.49,0.0,0.0
2015-09-30 07:00:00,11.3,91,9.9,0.0,0.0,4.65,35.0,0.126
2015-09-30 08:00:00,12.7,85,10.3,0.0,0.0,4.88,138.0,0.49679999999999996
2015-09-30 09:00:00,14.2,74,9.7,0.0,0.0,6.14,259.0,0.9324
2015-09-30 10:00:00,15.1,70,9.6,0.0,0.0,5.38,332.0,1.1952
2015-09-30 11:00:00,15.9,64,9.1,0.0,0.0,5.79,451.0,1.6236
2015-09-30 12:00:00,16.3,60,8.5,0.0,0.0,6.2,508.0,1.8288
2015-09-30 13:00:00,16.5,57,8.0,0.0,0.0,6.45,520.0,1.8719999999999999
2015-09-30 14:00:00,16.4,57,7.9,0.0,0.0,6.43,495.0,1.782
2015-09-30 15:00:00,16.1,58,7.8,0.0,0.0,6.32,400.0,1.44
2015-09-30 16:00:00,15.5,61,8.0,0.0,0.0,5.72,273.0,0.9828
2015-09-30 17:00:00,14.5,65,8.1,0.0,0.0,5.37,127.0,0.4572
2015-09-30 18:00:00,13.3,70,8.0,0.0,0.0,5.05,16.0,0.0576
2015-09-30 19:00:00,12.8,73,8.0,0.0,0.0,4.92,0.0,0.0
2015-09-30 20:00:00,12.4,79,8.9,0.0,0.0,4.79,0.0,0.0
2015-09-30 21:00:00,12.4,82,9.3,0.0,0.0,4.61,0.0,0.0
2015-09-30 22:00:00,12.8,80,9.5,0.0,0.0,4.78,0.0,0.0
2015-09-30 23:00:00,12.4,83,9.6,0.0,0.0,4.46,0.0,0.0
2015-10-01 00:00:00,12.0,86,9.7,0.0,0.0,4.16,0.0,0.0
2015-10-01 01:00:00,11.5,88,9.6,0.0,0.0,3.85,0.0,0.0
2015-10-01 02:00:00,10.9,91,9.5,0.0,0.0,3.66,0.0,0.0
2015-10-01 03:00:00,10.6,92,9.3,0.0,0.0,3.96,0.0,0.0
2015-10-01 04:00:00,10.4,93,9.3,0.0,0.0,4.18,0.0,0.0
2015-10-01 05:00:00,10.2,94,9.2,0.0,0.0,4.18,0.0,0.0
2015-10-01 06:00:00,10.2,94,9.2,0.0,0.0,4.1,0.0,0.0
2015-10-01 07:00:00,11.0,94,10.0,0.0,0.0,4.24,33.0,0.1188
2015-10-01 08:00:00,12.6,88,10.6,0.0,0.0,4.24,151.0,0.5436
2015-10-01 09:00:00,14.1,75,9.7,0.0,0.0,6.44,241.0,0.8675999999999999
2015-10-01 10:00:00,14.9,69,9.2,0.0,0.0,5.59,304.0,1.0944
2015-10-01 11:00:00,15.5,65,8.9,0.0,0.0,5.55,376.0,1.3536
2015-10-01 12:00:00,15.8,63,8.7,0.0,0.0,5.64,371.0,1.3356
2015-10-01 13:00:00,16.0,62,8.7,0.0,0.0,5.56,436.0,1.5695999999999999
2015-10-01 14:00:00,16.1,61,8.7,0.0,0.0,5.27,441.0,1.5876
2015-10-01 15:00:00,15.9,62,8.6,0.0,0.0,5.44,351.0,1.2636
2015-10-01 16:00:00,15.3,65,8.7,0.0,0.0,5.0,250.0,0.9
2015-10-01 17:00:00,14.4,69,8.8,0.0,0.0,4.7,113.0,0.4068
2015-10-01 18:00:00,13.2,74,8.7,0.0,0.0,4.64,12.0,0.0432
2015-10-01 19:00:00,12.6,78,8.8,0.0,0.0,4.66,0.0,0.0
2015-10-01 20:00:00,12.0,82,9.0,0.0,0.0,4.47,0.0,0.0
2015-10-01 21:00:00,11.6,84,9.1,0.0,0.0,4.05,0.0,0.0
2015-10-01 22:00:00,11.6,85,9.1,0.0,0.0,3.86,0.0,0.0
2015-10-01 23:00:00,11.6,85,9.1,0.0,0.0,3.44,0.0,0.0
2015-10-02 00:00:00,11.4,86,9.1,0.0,0.0,3.26,0.0,0.0
2015-10-02 01:00:00,10.2,91,8.7,0.0,0.0,3.06,0.0,0.0
2015-10-02 02:00:00,9.3,93,8.1,0.0,0.0,2.91,0.0,0.0
2015-10-02 03:00:00,8.5,94,7.6,0.0,0.0,2.77,0.0,0.0
2015-10-02 04:00:00,7.9,95,7.1,0.0,0.0,2.62,0.0,0.0
2015-10-02 05:00:00,7.5,95,6.7,0.0,0.0,2.62,0.0,0.0
2015-10-02 06:00:00,7.1,95,6.4,0.0,0.0,2.7,0.0,0.0
2015-10-02 07:00:00,8.1,98,7.8,0.0,0.0,3.2,35.0,0.126
2015-10-02 08:00:00,11.3,92,10.1,0.0,0.0,3.26,151.0,0.5436
2015-10-02 09:00:00,13.6,81,10.5,0.0,0.0,3.72,300.0,1.08
2015-10-02 10:00:00,14.8,71,9.5,0.0,0.0,3.4,397.0,1.4292
2015-10-02 11:00:00,15.4,67,9.4,0.0,0.0,3.32,430.0,1.548
2015-10-02 12:00:00,16.0,65,9.4,0.0,0.0,3.0,507.0,1.8252
2015-10-02 13:00:00,16.4,63,9.3,0.0,0.0,2.83,529.0,1.9043999999999999
2015-10-02 14:00:00,16.5,61,9.0,0.0,0.0,2.94,485.0,1.746
2015-10-02 15:00:00,16.2,61,8.7,0.0,0.0,3.08,378.0,1.3608
2015-10-02 16:00:00,15.6,63,8.6,0.0,0.0,3.08,255.0,0.9179999999999999
2015-10-02 17:00:00,14.4,69,8.8,0.0,0.0,2.28,114.0,0.4104
2015-10-02 18:00:00,12.7,76,8.6,0.0,0.0,2.06,12.0,0.0432
2015-10-02 19:00:00,11.8,80,8.5,0.0,0.0,2.22,0.0,0.0
2015-10-02 20:00:00,10.4,87,8.4,0.0,0.0,2.25,0.0,0.0
2015-10-02 21:00:00,9.2,91,7.9,0.0,0.0,2.25,0.0,0.0
2015-10-02 22:00:00,8.4,94,7.5,0.0,0.0,2.08,0.0,0.0
2015-10-02 23:00:00,7.7,96,7.1,0.0,0.0,1.91,0.0,0.0
2015-10-03 00:00:00,7.7,97,7.3,0.0,0.0,2.02,0.0,0.0
2015-10-03 01:00:00,7.5,98,7.2,0.0,0.0,2.1,0.0,0.0
2015-10-03 02:00:00,7.4,99,7.2,0.0,0.0,2.04,0.0,0.0
2015-10-03 03:00:00,7.5,99,7.4,0.0,0.0,2.2,0.0,0.0
2015-10-03 04:00:00,7.9,99,7.7,0.0,0.0,2.41,0.0,0.0
2015-10-03 05:00:00,7.8,99,7.7,0.0,0.0,2.2,0.0,0.0
2015-10-03 06:00:00,7.9,99,7.8,0.0,0.0,2.1,0.0,0.0
2015-10-03 07:00:00,9.6,98,9.4,0.0,0.0,2.0,14.0,0.0504
2015-10-03 08:00:00,11.2,94,10.2,0.0,0.0,1.9,68.0,0.2448
2015-10-03 09:00:00,12.3,88,10.4,0.0,0.0,1.91,119.0,0.4284
2015-10-03 10:00:00,13.3,80,9.9,0.0,0.0,1.42,215.0,0.774
2015-10-03 11:00:00,14.1,73,9.3,0.0,0.0,1.2,282.0,1.0151999999999999
2015-10-03 12:00:00,14.5,70,9.2,0.0,0.0,0.64,300.0,1.08
2015-10-03 13:00:00,14.9,68,9.0,0.0,0.0,0.45,321.0,1.1556
2015-10-03 14:00:00,15.1,66,8.9,0.0,0.0,0.8,304.0,1.0944
2015-10-03 15:00:00,15.0,66,8.7,0.0,0.0,1.3,206.0,0.7415999999999999
2015-10-03 16:00:00,14.7,66,8.5,0.0,0.0,1.71,122.0,0.4392
2015-10-03 17:00:00,14.1,70,8.7,0.0,0.0,1.36,61.0,0.2196
2015-10-03 18:00:00,13.0,75,8.6,0.0,0.0,1.57,6.0,0.0216
2015-10-03 19:00:00,12.8,76,8.6,0.0,0.0,2.15,0.0,0.0
2015-10-03 20:00:00,12.2,78,8.5,0.0,0.0,2.24,0.0,0.0
2015-10-03 21:00:00,11.2,82,8.3,0.0,0.0,1.84,0.0,0.0
2015-10-03 22:00:00,10.9,83,8.2,0.0,0.0,1.88,0.0,0.0
2015-10-03 23:00:00,10.5,85,8.1,0.0,0.0,2.15,0.0,0.0
2015-10-04 00:00:00,9.9,87,7.9,0.0,0.0,2.12,0.0,0.0
2015-10-04 01:00:00,9.5,89,7.8,0.0,0.0,1.94,0.0,0.0
2015-10-04 02:00:00,9.0,91,7.6,0.0,0.0,1.5,0.0,0.0
2015-10-04 03:00:00,8.4,92,7.2,0.0,0.0,1.36,0.0,0.0
2015-10-04 04:00:00,8.0,93,7.0,0.0,0.0,1.57,0.0,0.0
2015-10-04 05:00:00,7.6,93,6.5,0.0,0.0,1.7,0.0,0.0
2015-10-04 06:00:00,8.1,92,6.8,0.0,0.0,1.5,0.0,0.0
2015-10-04 07:00:00,7.5,97,7.1,0.0,0.0,0.82,27.0,0.0972
2015-10-04 08:00:00,9.7,93,8.6,0.0,0.0,0.85,138.0,0.49679999999999996
2015-10-04 09:00:00,12.1,81,9.0,0.0,0.0,1.5,274.0,0.9863999999999999
2015-10-04 10:00:00,13.8,74,9.2,0.0,0.0,2.3,407.0,1.4652
2015-10-04 11:00:00,14.9,67,8.9,0.0,0.0,1.92,504.0,1.8144
2015-10-04 12:00:00,15.9,64,9.0,0.0,0.0,2.7,538.0,1.9367999999999999
2015-10-04 13:00:00,16.8,59,8.7,0.0,0.0,2.9,522.0,1.8792
2015-10-04 14:00:00,17.3,57,8.7,0.0,0.0,2.86,476.0,1.7136
2015-10-04 15:00:00,17.3,56,8.5,0.0,0.0,3.13,363.0,1.3068
2015-10-04 16:00:00,16.8,60,8.9,0.0,0.0,3.23,184.0,0.6624
2015-10-04 17:00:00,15.7,66,9.4,0.0,0.0,2.42,68.0,0.2448
2015-10-04 18:00:00,14.2,73,9.4,0.0,0.0,2.62,6.0,0.0216
2015-10-04 19:00:00,13.1,79,9.6,0.0,0.0,3.22,0.0,0.0
2015-10-04 20:00:00,12.5,81,9.4,0.0,0.0,3.96,0.0,0.0
2015-10-04 21:00:00,12.4,81,9.2,0.0,0.0,4.59,0.0,0.0
2015-10-04 22:00:00,12.6,80,9.3,0.0,0.0,4.68,0.0,0.0
2015-10-04 23:00:00,12.7,82,9.8,0.0,0.0,4.74,0.0,0.0
2015-10-05 00:00:00,13.3,83,10.5,0.0,0.0,4.72,0.0,0.0
2015-10-05 01:00:00,13.6,85,11.2,0.1,0.0,4.8,0.0,0.0
2015-10-05 02:00:00,13.7,86,11.4,0.0,0.0,5.11,0.0,0.0
2015-10-05 03:00:00,13.9,85,11.4,0.0,0.0,5.59,0.0,0.0
2015-10-05 04:00:00,13.8,86,11.5,0.0,0.0,5.81,0.0,0.0
2015-10-05 05:00:00,13.9,87,11.8,0.0,0.0,5.78,0.0,0.0
2015-10-05 06:00:00,14.3,88,12.3,0.2,0.0,5.66,0.0,0.0
2015-10-05 07:00:00,14.1,91,12.6,0.0,0.0,5.55,4.0,0.0144
2015-10-05 08:00:00,14.9,91,13.4,0.0,0.0,5.54,30.0,0.108
2015-10-05 09:00:00,15.7,91,14.1,0.0,0.0,5.89,55.0,0.19799999999999998
2015-10-05 10:00:00,16.2,90,14.6,0.2,0.0,6.07,59.0,0.2124
2015-10-05 11:00:00,16.1,93,14.9,0.8,0.0,5.16,50.0,0.18
2015-10-05 12:00:00,15.8,95,15.0,1.3,0.0,5.31,35.0,0.126
2015-10-05 13:00:00,15.7,96,15.0,1.6,0.0,4.92,30.0,0.108
2015-10-05 14:00:00,15.7,96,15.0,0.7,0.0,5.2,31.0,0.11159999999999999
2015-10-05 15:00:00,15.6,96,14.9,0.2,0.0,4.22,31.0,0.11159999999999999
2015-10-05 16:00:00,15.6,96,14.9,0.3,0.0,4.18,31.0,0.11159999999999999
2015-10-05 17:00:00,15.5,96,14.8,0.2,0.0,4.52,16.0,0.0576
2015-10-05 18:00:00,15.4,95,14.6,0.2,0.0,4.52,2.0,0.0072
2015-10-05 19:00:00,15.6,95,14.8,0.5,0.0,4.53,0.0,0.0
2015-10-05 20:00:00,15.5,95,14.7,0.8,0.0,4.55,0.0,0.0
2015-10-05 21:00:00,15.3,95,14.6,1.1,0.0,4.75,0.0,0.0
2015-10-05 22:00:00,15.2,95,14.4,1.0,0.0,4.6,0.0,0.0
2015-10-05 23:00:00,15.1,96,14.4,0.5,0.0,4.92,0.0,0.0
2015-10-06 00:00:00,15.0,96,14.4,0.5,0.0,4.75,0.0,0.0
2015-10-06 01:00:00,14.9,96,14.2,0.7,0.0,4.36,0.0,0.0
2015-10-06 02:00:00,14.9,97,14.4,0.5,0.0,4.02,0.0,0.0
2015-10-06 03:00:00,15.0,97,14.6,0.0,0.0,3.86,0.0,0.0
2015-10-06 04:00:00,15.1,97,14.7,0.0,0.0,3.75,0.0,0.0
2015-10-06 05:00:00,15.3,97,14.9,0.0,0.0,3.3,0.0,0.0
2015-10-06 06:00:00,15.3,97,14.9,0.0,0.0,3.45,0.0,0.0
2015-10-06 07:00:00,15.4,97,14.8,0.0,0.0,3.86,10.0,0.036
2015-10-06 08:00:00,16.0,94,15.0,0.0,0.0,4.3,61.0,0.2196
2015-10-06 09:00:00,16.7,91,15.2,0.1,0.0,4.42,126.0,0.4536
2015-10-06 10:00:00,17.0,89,15.2,0.3,0.0,4.6,128.0,0.4608
2015-10-06 11:00:00,16.8,89,15.0,3.6,0.0,4.61,161.0,0.5796
2015-10-06 12:00:00,17.1,91,15.6,0.7,0.0,5.39,192.0,0.6912
2015-10-06 13:00:00,17.9,89,16.1,0.3,0.0,4.69,361.0,1.2995999999999999
2015-10-06 14:00:00,17.0,87,14.9,2.6,0.0,4.98,321.0,1.1556
2015-10-06 15:00:00,16.6,87,14.5,0.4,0.0,4.49,204.0,0.7343999999999999
2015-10-06 16:00:00,15.9,85,13.4,0.4,0.0,4.24,80.0,0.288
2015-10-06 17:00:00,15.4,87,13.2,0.3,0.0,3.47,65.0,0.23399999999999999
2015-10-06 18:00:00,14.6,91,13.1,1.2,0.0,2.72,2.0,0.0072
2015-10-06 19:00:00,14.0,93,12.9,0.9,0.0,1.71,0.0,0.0
2015-10-06 20:00:00,13.9,96,13.3,0.4,0.0,0.45,0.0,0.0
2015-10-06 21:00:00,13.9,96,13.2,0.0,0.0,1.43,0.0,0.0
2015-10-06 22:00:00,13.7,96,13.1,0.0,0.0,2.77,0.0,0.0
2015-10-06 23:00:00,13.6,95,12.8,0.0,0.0,3.44,0.0,0.0
2015-10-07 00:00:00,13.5,94,12.5,0.0,0.0,3.59,0.0,0.0
2015-10-07 01:00:00,13.2,94,12.3,0.0,0.0,3.76,0.0,0.0
2015-10-07 02:00:00,13.0,95,12.2,0.0,0.0,3.61,0.0,0.0
2015-10-07 03:00:00,12.8,96,12.1,0.0,0.0,3.64,0.0,0.0
2015-10-07 04:00:00,12.6,96,12.0,0.0,0.0,3.76,0.0,0.0
2015-10-07 05:00:00,12.8,96,12.2,0.0,0.0,3.74,0.0,0.0
2015-10-07 06:00:00,13.1,96,12.5,0.0,0.0,3.88,0.0,0.0
2015-10-07 07:00:00,12.8,97,12.3,0.1,0.0,3.96,13.0,0.0468
2015-10-07 08:00:00,13.6,93,12.6,0.0,0.0,5.22,42.0,0.1512
2015-10-07 09:00:00,13.9,93,12.9,0.0,0.0,5.8,46.0,0.1656
2015-10-07 10:00:00,14.0,94,13.1,0.0,0.0,5.02,66.0,0.2376
2015-10-07 11:00:00,14.2,93,13.1,0.0,0.0,4.81,101.0,0.3636
2015-10-07 12:00:00,14.1,91,12.7,0.0,0.0,4.6,108.0,0.3888
2015-10-07 13:00:00,14.0,88,12.0,0.0,0.0,4.7,119.0,0.4284
2015-10-07 14:00:00,13.9,85,11.4,0.0,0.0,4.7,115.0,0.414
2015-10-07 15:00:00,13.8,82,10.7,0.0,0.0,4.61,97.0,0.3492
2015-10-07 16:00:00,13.7,79,10.1,0.0,0.0,4.52,61.0,0.2196
2015-10-07 17:00:00,13.5,76,9.4,0.0,0.0,4.31,33.0,0.1188
2015-10-07 18:00:00,13.1,75,8.7,0.0,0.0,4.13,2.0,0.0072
2015-10-07 19:00:00,13.2,73,8.5,0.0,0.0,3.98,0.0,0.0
2015-10-07 20:00:00,13.0,70,7.6,0.0,0.0,3.64,0.0,0.0
2015-10-07 21:00:00,12.5,69,6.9,0.0,0.0,3.26,0.0,0.0
2015-10-07 22:00:00,11.8,70,6.4,0.0,0.0,2.73,0.0,0.0
2015-10-07 23:00:00,11.2,72,6.3,0.0,0.0,2.7,0.0,0.0
2015-10-08 00:00:00,10.8,73,6.2,0.0,0.0,2.9,0.0,0.0
2015-10-08 01:00:00,10.4,75,6.3,0.0,0.0,2.8,0.0,0.0
2015-10-08 02:00:00,9.6,79,6.2,0.0,0.0,2.9,0.0,0.0
2015-10-08 03:00:00,9.1,81,6.1,0.0,0.0,2.8,0.0,0.0
2015-10-08 04:00:00,9.0,81,6.0,0.0,0.0,2.71,0.0,0.0
2015-10-08 05:00:00,8.6,84,6.0,0.0,0.0,2.73,0.0,0.0
2015-10-08 06:00:00,8.4,85,6.0,0.0,0.0,2.45,0.0,0.0
2015-10-08 07:00:00,8.7,92,7.4,0.0,0.0,2.33,15.0,0.054
2015-10-08 08:00:00,10.3,87,8.1,0.0,0.0,2.14,101.0,0.3636
2015-10-08 09:00:00,11.8,82,8.8,0.0,0.0,2.04,202.0,0.7272
2015-10-08 10:00:00,13.3,77,9.4,0.0,0.0,1.43,326.0,1.1736
2015-10-08 11:00:00,14.5,70,9.1,0.0,0.0,1.8,402.0,1.4472
2015-10-08 12:00:00,15.4,61,7.8,0.0,0.0,2.35,447.0,1.6092
2015-10-08 13:00:00,15.5,57,7.1,0.0,0.0,2.4,348.0,1.2528
2015-10-08 14:00:00,15.7,55,6.8,0.0,0.0,2.44,292.0,1.0512
2015-10-08 15:00:00,15.6,55,6.6,0.0,0.0,2.12,174.0,0.6264
2015-10-08 16:00:00,15.0,61,7.6,0.0,0.0,1.3,72.0,0.2592
2015-10-08 17:00:00,14.6,67,8.5,0.0,0.0,1.39,47.0,0.1692
2015-10-08 18:00:00,14.0,69,8.4,0.0,0.0,1.21,2.0,0.0072
2015-10-08 19:00:00,12.9,78,9.1,0.0,0.0,1.04,0.0,0.0
2015-10-08 20:00:00,12.9,74,8.4,0.0,0.0,0.8,0.0,0.0
2015-10-08 21:00:00,11.8,80,8.5,0.0,0.0,1.08,0.0,0.0
2015-10-08 22:00:00,10.6,87,8.6,0.0,0.0,1.35,0.0,0.0
2015-10-08 23:00:00,9.5,91,8.2,0.0,0.0,1.21,0.0,0.0
2015-10-09 00:00:00,9.0,92,7.8,0.0,0.0,1.36,0.0,0.0
2015-10-09 01:00:00,8.7,93,7.6,0.0,0.0,1.2,0.0,0.0
2015-10-09 02:00:00,8.4,93,7.4,0.0,0.0,1.4,0.0,0.0
2015-10-09 03:00:00,8.7,93,7.6,0.0,0.0,1.66,0.0,0.0
2015-10-09 04:00:00,8.3,94,7.4,0.0,0.0,1.63,0.0,0.0
2015-10-09 05:00:00,8.2,95,7.4,0.0,0.0,1.44,0.0,0.0
2015-10-09 06:00:00,8.2,95,7.5,0.0,0.0,1.41,0.0,0.0
2015-10-09 07:00:00,8.7,96,8.1,0.0,0.0,1.08,14.0,0.0504
2015-10-09 08:00:00,10.1,93,9.1,0.0,0.0,0.94,85.0,0.306
2015-10-09 09:00:00,11.8,86,9.6,0.0,0.0,0.72,168.0,0.6048
2015-10-09 10:00:00,13.7,77,9.6,0.0,0.0,1.3,302.0,1.0872
2015-10-09 11:00:00,15.0,69,9.3,0.0,0.0,1.6,434.0,1.5624
2015-10-09 12:00:00,15.5,64,8.8,0.0,0.0,1.73,432.0,1.5552
2015-10-09 13:00:00,15.8,60,8.1,0.0,0.0,1.99,440.0,1.5839999999999999
2015-10-09 14:00:00,15.9,58,7.7,0.0,0.0,2.34,349.0,1.2564
2015-10-09 15:00:00,15.6,59,7.7,0.0,0.0,2.47,237.0,0.8532
2015-10-09 16:00:00,15.1,64,8.3,0.0,0.0,2.31,167.0,0.6012
2015-10-09 17:00:00,14.0,70,8.7,0.0,0.0,2.06,58.0,0.20879999999999999
2015-10-09 18:00:00,12.7,77,8.8,0.0,0.0,2.12,2.0,0.0072
2015-10-09 19:00:00,11.6,82,8.7,0.0,0.0,2.32,0.0,0.0
2015-10-09 20:00:00,10.8,87,8.7,0.0,0.0,2.45,0.0,0.0
2015-10-09 21:00:00,10.0,90,8.4,0.0,0.0,2.47,0.0,0.0
2015-10-09 22:00:00,9.6,91,8.2,0.0,0.0,2.83,0.0,0.0
2015-10-09 23:00:00,9.0,93,7.9,0.0,0.0,2.86,0.0,0.0
2015-10-10 00:00:00,8.7,93,7.7,0.0,0.0,3.11,0.0,0.0
2015-10-10 01:00:00,8.6,94,7.7,0.0,0.0,3.16,0.0,0.0
2015-10-10 02:00:00,8.6,95,7.8,0.0,0.0,3.19,0.0,0.0
2015-10-10 03:00:00,8.8,95,8.0,0.0,0.0,3.02,0.0,0.0
2015-10-10 04:00:00,9.2,95,8.5,0.0,0.0,3.0,0.0,0.0
2015-10-10 05:00:00,9.1,96,8.5,0.0,0.0,3.12,0.0,0.0
2015-10-10 06:00:00,9.3,96,8.7,0.0,0.0,3.34,0.0,0.0
2015-10-10 07:00:00,9.8,97,9.3,0.0,0.0,3.26,12.0,0.0432
2015-10-10 08:00:00,11.2,94,10.2,0.0,0.0,3.47,88.0,0.31679999999999997
2015-10-10 09:00:00,12.9,87,10.8,0.0,0.0,3.61,179.0,0.6444
2015-10-10 10:00:00,14.1,80,10.7,0.0,0.0,3.98,229.0,0.8244
2015-10-10 11:00:00,14.9,75,10.4,0.0,0.0,3.81,216.0,0.7776
2015-10-10 12:00:00,15.1,74,10.4,0.0,0.0,4.18,188.0,0.6768
2015-10-10 13:00:00,15.2,73,10.3,0.0,0.0,4.3,178.0,0.6408
2015-10-10 14:00:00,14.9,76,10.8,0.0,0.0,3.96,165.0,0.594
2015-10-10 15:00:00,14.6,78,10.9,0.0,0.0,4.09,155.0,0.5579999999999999
2015-10-10 16:00:00,14.0,82,11.0,0.0,0.0,3.81,93.0,0.3348
2015-10-10 17:00:00,13.3,85,10.8,0.0,0.0,3.81,40.0,0.144
2015-10-10 18:00:00,12.6,88,10.6,0.0,0.0,4.03,1.0,0.0036
2015-10-10 19:00:00,12.3,92,11.1,0.0,0.0,4.16,0.0,0.0
2015-10-10 20:00:00,11.9,94,11.0,0.0,0.0,4.2,0.0,0.0
2015-10-10 21:00:00,11.9,94,11.0,0.0,0.0,4.2,0.0,0.0
2015-10-10 22:00:00,11.8,94,10.9,0.0,0.0,4.21,0.0,0.0
2015-10-10 23:00:00,11.7,94,10.7,0.0,0.0,4.03,0.0,0.0
2015-10-11 00:00:00,11.7,93,10.5,0.0,0.0,3.94,0.0,0.0
2015-10-11 01:00:00,11.2,93,10.1,0.0,0.0,3.94,0.0,0.0
2015-10-11 02:00:00,11.4,90,9.9,0.0,0.0,3.89,0.0,0.0
2015-10-11 03:00:00,11.3,89,9.6,0.0,0.0,3.81,0.0,0.0
2015-10-11 04:00:00,11.2,88,9.3,0.0,0.0,3.81,0.0,0.0
2015-10-11 05:00:00,11.0,88,9.0,0.0,0.0,3.76,0.0,0.0
2015-10-11 06:00:00,10.6,89,8.8,0.0,0.0,3.85,0.0,0.0
2015-10-11 07:00:00,10.9,90,9.3,0.0,0.0,3.94,8.0,0.0288
2015-10-11 08:00:00,11.2,87,9.2,0.0,0.0,4.19,55.0,0.19799999999999998
2015-10-11 09:00:00,11.8,83,9.1,0.0,0.0,4.58,144.0,0.5184
2015-10-11 10:00:00,12.5,77,8.7,0.0,0.0,4.96,275.0,0.99
2015-10-11 11:00:00,12.9,73,8.2,0.0,0.0,4.92,308.0,1.1088
2015-10-11 12:00:00,13.2,71,8.0,0.0,0.0,4.49,393.0,1.4148
2015-10-11 13:00:00,13.4,69,7.7,0.0,0.0,4.5,439.0,1.5804
2015-10-11 14:00:00,13.3,68,7.6,0.0,0.0,4.33,411.0,1.4796
2015-10-11 15:00:00,13.0,68,7.3,0.0,0.0,4.18,331.0,1.1916
2015-10-11 16:00:00,12.4,69,6.8,0.0,0.0,3.96,192.0,0.6912
2015-10-11 17:00:00,11.4,72,6.5,0.0,0.0,3.54,64.0,0.2304
2015-10-11 18:00:00,10.2,77,6.3,0.0,0.0,3.54,1.0,0.0036
2015-10-11 19:00:00,10.0,78,6.4,0.0,0.0,3.32,0.0,0.0
2015-10-11 20:00:00,9.7,79,6.3,0.0,0.0,3.26,0.0,0.0
2015-10-11 21:00:00,9.3,81,6.2,0.0,0.0,2.97,0.0,0.0
2015-10-11 22:00:00,8.8,83,6.1,0.0,0.0,2.77,0.0,0.0
2015-10-11 23:00:00,8.8,83,6.1,0.0,0.0,2.79,0.0,0.0
2015-10-12 00:00:00,8.8,83,6.1,0.0,0.0,2.98,0.0,0.0
2015-10-12 01:00:00,8.5,85,6.1,0.0,0.0,3.01,0.0,0.0
2015-10-12 02:00:00,8.4,86,6.1,0.0,0.0,2.94,0.0,0.0
2015-10-12 03:00:00,8.5,85,6.1,0.0,0.0,3.2,0.0,0.0
2015-10-12 04:00:00,8.5,84,6.0,0.0,0.0,3.31,0.0,0.0
2015-10-12 05:00:00,8.6,83,5.9,0.0,0.0,3.31,0.0,0.0
2015-10-12 06:00:00,8.6,83,5.9,0.0,0.0,3.22,0.0,0.0
2015-10-12 07:00:00,7.6,91,6.2,0.0,0.0,3.41,11.0,0.039599999999999996
2015-10-12 08:00:00,8.5,87,6.5,0.0,0.0,3.51,105.0,0.378
2015-10-12 09:00:00,10.2,81,7.0,0.0,0.0,3.57,238.0,0.8568
2015-10-12 10:00:00,11.6,71,6.5,0.0,0.0,4.37,344.0,1.2384
2015-10-12 11:00:00,12.1,67,6.2,0.0,0.0,4.24,322.0,1.1592
2015-10-12 12:00:00,12.4,65,5.9,0.0,0.0,4.14,286.0,1.0296
2015-10-12 13:00:00,12.4,63,5.7,0.0,0.0,4.21,245.0,0.882
2015-10-12 14:00:00,12.8,61,5.5,0.0,0.0,4.2,263.0,0.9468
2015-10-12 15:00:00,12.8,61,5.3,0.0,0.0,4.3,223.0,0.8028
2015-10-12 16:00:00,12.5,61,5.1,0.0,0.0,4.13,170.0,0.612
2015-10-12 17:00:00,11.4,64,4.8,0.0,0.0,3.34,64.0,0.2304
2015-10-12 18:00:00,10.1,69,4.7,0.0,0.0,2.53,1.0,0.0036
2015-10-12 19:00:00,9.3,77,5.4,0.0,0.0,2.47,0.0,0.0
2015-10-12 20:00:00,9.3,77,5.5,0.0,0.0,2.98,0.0,0.0
2015-10-12 21:00:00,9.6,76,5.6,0.0,0.0,3.47,0.0,0.0
2015-10-12 22:00:00,9.6,77,5.9,0.0,0.0,4.14,0.0,0.0
2015-10-12 23:00:00,9.2,81,6.2,0.0,0.0,4.15,0.0,0.0
2015-10-13 00:00:00,8.4,87,6.3,0.0,0.0,4.11,0.0,0.0
2015-10-13 01:00:00,8.3,88,6.4,0.0,0.0,4.27,0.0,0.0
2015-10-13 02:00:00,8.1,88,6.2,0.0,0.0,4.44,0.0,0.0
2015-10-13 03:00:00,7.8,87,5.9,0.0,0.0,4.71,0.0,0.0
2015-10-13 04:00:00,7.3,87,5.3,0.0,0.0,4.87,0.0,0.0
2015-10-13 05:00:00,6.9,87,4.9,0.0,0.0,4.95,0.0,0.0
2015-10-13 06:00:00,6.7,86,4.5,0.0,0.0,5.02,0.0,0.0
2015-10-13 07:00:00,7.3,87,5.3,0.0,0.0,5.01,11.0,0.039599999999999996
2015-10-13 08:00:00,8.3,84,5.7,0.0,0.0,4.5,89.0,0.3204
2015-10-13 09:00:00,10.0,76,5.9,0.0,0.0,5.11,219.0,0.7884
2015-10-13 10:00:00,11.3,66,5.1,0.0,0.0,6.04,334.0,1.2024
2015-10-13 11:00:00,12.1,59,4.3,0.0,0.0,5.86,367.0,1.3212
2015-10-13 12:00:00,12.4,55,3.7,0.0,0.0,6.18,294.0,1.0584
2015-10-13 13:00:00,12.5,54,3.4,0.0,0.0,6.35,285.0,1.026
2015-10-13 14:00:00,12.4,55,3.5,0.0,0.0,6.31,246.0,0.8855999999999999
2015-10-13 15:00:00,12.0,56,3.6,0.0,0.0,6.13,188.0,0.6768
2015-10-13 16:00:00,11.5,59,3.8,0.0,0.0,5.11,122.0,0.4392
2015-10-13 17:00:00,10.8,62,3.9,0.0,0.0,4.53,43.0,0.1548
2015-10-13 18:00:00,10.0,66,4.0,0.0,0.0,4.11,0.0,0.0
2015-10-13 19:00:00,9.6,71,4.5,0.0,0.0,3.83,0.0,0.0
2015-10-13 20:00:00,9.3,72,4.5,0.0,0.0,3.63,0.0,0.0
2015-10-13 21:00:00,8.4,76,4.5,0.0,0.0,3.7,0.0,0.0
2015-10-13 22:00:00,7.8,80,4.5,0.0,0.0,3.9,0.0,0.0
2015-10-13 23:00:00,7.2,82,4.4,0.0,0.0,3.8,0.0,0.0
2015-10-14 00:00:00,6.8,84,4.3,0.0,0.0,3.7,0.0,0.0
2015-10-14 01:00:00,6.3,86,4.1,0.0,0.0,3.71,0.0,0.0
2015-10-14 02:00:00,5.9,86,3.8,0.0,0.0,3.86,0.0,0.0
2015-10-14 03:00:00,5.7,86,3.6,0.0,0.0,4.0,0.0,0.0
2015-10-14 04:00:00,5.5,86,3.3,0.0,0.0,4.22,0.0,0.0
2015-10-14 05:00:00,5.4,86,3.2,0.0,0.0,4.46,0.0,0.0
2015-10-14 06:00:00,5.5,85,3.2,0.0,0.0,4.44,0.0,0.0
2015-10-14 07:00:00,5.9,90,4.4,0.0,0.0,4.53,11.0,0.039599999999999996
2015-10-14 08:00:00,7.4,87,5.3,0.0,0.0,4.54,106.0,0.3816
2015-10-14 09:00:00,9.4,79,5.9,0.0,0.0,5.11,237.0,0.8532
2015-10-14 10:00:00,10.9,73,6.2,0.0,0.0,6.49,359.0,1.2924
2015-10-14 11:00:00,12.1,65,5.7,0.0,0.0,6.38,425.0,1.53
2015-10-14 12:00:00,12.5,62,5.4,0.0,0.0,5.56,314.0,1.1304
2015-10-14 13:00:00,12.6,62,5.6,0.0,0.0,6.12,285.0,1.026
2015-10-14 14:00:00,12.7,62,5.6,0.0,0.0,5.98,276.0,0.9935999999999999
2015-10-14 15:00:00,12.3,65,5.9,0.0,0.0,5.67,218.0,0.7847999999999999
2015-10-14 16:00:00,11.6,70,6.3,0.0,0.0,5.0,126.0,0.4536
2015-10-14 17:00:00,11.0,73,6.4,0.0,0.0,5.0,32.0,0.1152
2015-10-14 18:00:00,10.3,78,6.6,0.0,0.0,5.01,0.0,0.0
2015-10-14 19:00:00,9.8,84,7.2,0.0,0.0,4.93,0.0,0.0
2015-10-14 20:00:00,9.8,85,7.3,0.0,0.0,4.53,0.0,0.0
2015-10-14 21:00:00,9.5,86,7.3,0.0,0.0,4.23,0.0,0.0
2015-10-14 22:00:00,9.2,88,7.3,0.0,0.0,3.5,0.0,0.0
2015-10-14 23:00:00,8.8,89,7.2,0.0,0.0,3.72,0.0,0.0
2015-10-15 00:00:00,8.4,91,6.9,0.0,0.0,4.13,0.0,0.0
2015-10-15 01:00:00,8.5,90,6.9,0.0,0.0,4.31,0.0,0.0
2015-10-15 02:00:00,8.4,91,7.0,0.0,0.0,4.3,0.0,0.0
2015-10-15 03:00:00,8.3,92,7.1,0.0,0.0,4.21,0.0,0.0
2015-10-15 04:00:00,8.1,93,7.1,0.0,0.0,4.02,0.0,0.0
2015-10-15 05:00:00,8.0,94,7.0,0.0,0.0,3.98,0.0,0.0
2015-10-15 06:00:00,7.7,94,6.9,0.0,0.0,3.89,0.0,0.0
2015-10-15 07:00:00,7.8,95,7.0,0.0,0.0,3.68,8.0,0.0288
2015-10-15 08:00:00,8.7,89,7.1,0.0,0.0,3.58,84.0,0.3024
2015-10-15 09:00:00,9.5,84,6.9,0.0,0.0,4.91,137.0,0.49319999999999997
2015-10-15 10:00:00,10.6,74,6.2,0.0,0.0,4.34,238.0,0.8568
2015-10-15 11:00:00,11.1,70,5.8,0.0,0.0,4.46,253.0,0.9107999999999999
2015-10-15 12:00:00,11.3,70,6.1,0.0,0.0,4.31,199.0,0.7163999999999999
2015-10-15 13:00:00,11.6,69,6.1,0.0,0.0,3.97,180.0,0.648
2015-10-15 14:00:00,11.9,68,6.2,0.0,0.0,3.61,159.0,0.5724
2015-10-15 15:00:00,11.9,69,6.5,0.0,0.0,3.3,125.0,0.45
2015-10-15 16:00:00,11.5,73,6.9,0.0,0.0,2.93,75.0,0.27
2015-10-15 17:00:00,11.0,77,7.1,0.0,0.0,3.0,27.0,0.0972
2015-10-15 18:00:00,10.2,82,7.3,0.0,0.0,3.41,0.0,0.0
2015-10-15 19:00:00,9.8,87,7.8,0.0,0.0,4.0,0.0,0.0
2015-10-15 20:00:00,9.4,91,8.0,0.0,0.0,4.3,0.0,0.0
2015-10-15 21:00:00,9.2,93,8.1,0.0,0.0,4.51,0.0,0.0
2015-10-15 22:00:00,9.3,92,8.1,0.0,0.0,4.64,0.0,0.0
2015-10-15 23:00:00,9.3,92,8.1,0.0,0.0,4.85,0.0,0.0
2015-10-16 00:00:00,9.1,93,8.0,0.0,0.0,4.95,0.0,0.0
2015-10-16 01:00:00,9.2,92,7.9,0.0,0.0,5.25,0.0,0.0
2015-10-16 02:00:00,9.4,90,7.9,0.0,0.0,5.45,0.0,0.0
2015-10-16 03:00:00,9.6,89,7.9,0.0,0.0,5.54,0.0,0.0
2015-10-16 04:00:00,9.7,89,8.0,0.0,0.0,5.53,0.0,0.0
2015-10-16 05:00:00,10.2,87,8.1,0.0,0.0,5.63,0.0,0.0
2015-10-16 06:00:00,10.5,85,8.2,0.0,0.0,5.72,0.0,0.0
2015-10-16 07:00:00,10.9,84,8.3,0.0,0.0,5.71,2.0,0.0072
2015-10-16 08:00:00,11.1,84,8.5,0.0,0.0,5.7,15.0,0.054
2015-10-16 09:00:00,11.4,83,8.6,0.0,0.0,5.7,30.0,0.108
2015-10-16 10:00:00,11.8,82,8.8,0.0,0.0,5.51,52.0,0.1872
2015-10-16 11:00:00,12.1,80,8.8,0.0,0.0,6.55,88.0,0.31679999999999997
2015-10-16 12:00:00,12.2,81,9.0,0.0,0.0,6.09,77.0,0.2772
2015-10-16 13:00:00,12.4,80,9.0,0.0,0.0,5.25,83.0,0.2988
2015-10-16 14:00:00,12.5,78,8.9,0.0,0.0,5.42,96.0,0.3456
2015-10-16 15:00:00,12.4,79,8.9,0.0,0.0,6.18,73.0,0.2628
2015-10-16 16:00:00,12.3,78,8.6,0.0,0.0,5.22,44.0,0.15839999999999999
2015-10-16 17:00:00,11.9,78,8.1,0.0,0.0,5.0,11.0,0.039599999999999996
2015-10-16 18:00:00,11.5,78,7.8,0.0,0.0,4.88,0.0,0.0
2015-10-16 19:00:00,11.4,80,8.0,0.0,0.0,4.87,0.0,0.0
2015-10-16 20:00:00,10.8,83,8.0,0.0,0.0,4.75,0.0,0.0
2015-10-16 21:00:00,10.4,85,8.0,0.0,0.0,4.44,0.0,0.0
2015-10-16 22:00:00,10.1,87,8.1,0.0,0.0,4.0,0.0,0.0
2015-10-16 23:00:00,10.2,87,8.0,0.0,0.0,3.9,0.0,0.0
2015-10-17 00:00:00,10.2,86,8.0,0.0,0.0,4.0,0.0,0.0
2015-10-17 01:00:00,10.3,85,7.9,0.0,0.0,4.2,0.0,0.0
2015-10-17 02:00:00,10.4,84,7.8,0.0,0.0,4.3,0.0,0.0
2015-10-17 03:00:00,10.2,83,7.5,0.0,0.0,4.4,0.0,0.0
2015-10-17 04:00:00,10.1,82,7.1,0.0,0.0,4.4,0.0,0.0
2015-10-17 05:00:00,9.8,81,6.8,0.0,0.0,4.4,0.0,0.0
2015-10-17 06:00:00,9.6,81,6.5,0.0,0.0,4.3,0.0,0.0
2015-10-17 07:00:00,9.4,87,7.4,0.0,0.0,4.51,5.0,0.018
2015-10-17 08:00:00,9.9,86,7.6,0.0,0.0,4.33,67.0,0.2412
2015-10-17 09:00:00,10.6,81,7.5,0.0,0.0,5.81,141.0,0.5075999999999999
2015-10-17 10:00:00,11.8,74,7.3,0.0,0.0,6.22,262.0,0.9431999999999999
2015-10-17 11:00:00,12.5,69,7.0,0.0,0.0,5.75,233.0,0.8388
2015-10-17 12:00:00,12.5,69,6.9,0.0,0.0,4.82,158.0,0.5688
2015-10-17 13:00:00,12.5,69,6.9,0.0,0.0,5.22,129.0,0.4644
2015-10-17 14:00:00,12.2,70,7.0,0.0,0.0,5.57,106.0,0.3816
2015-10-17 15:00:00,11.9,74,7.4,0.0,0.0,4.64,83.0,0.2988
2015-10-17 16:00:00,11.6,75,7.3,0.0,0.0,4.54,83.0,0.2988
2015-10-17 17:00:00,11.1,76,7.1,0.0,0.0,4.43,29.0,0.10439999999999999
2015-10-17 18:00:00,10.8,78,7.2,0.0,0.0,4.53,0.0,0.0
2015-10-17 19:00:00,11.0,80,7.6,0.0,0.0,4.42,0.0,0.0
2015-10-17 20:00:00,11.0,81,7.9,0.0,0.0,4.41,0.0,0.0
2015-10-17 21:00:00,11.0,83,8.2,0.0,0.0,4.2,0.0,0.0
2015-10-17 22:00:00,10.6,87,8.5,0.0,0.0,3.62,0.0,0.0
2015-10-17 23:00:00,10.4,89,8.7,0.0,0.0,3.41,0.0,0.0
2015-10-18 00:00:00,10.5,90,8.9,0.0,0.0,3.22,0.0,0.0
2015-10-18 01:00:00,10.5,90,9.0,0.0,0.0,3.03,0.0,0.0
2015-10-18 02:00:00,10.4,92,9.1,0.0,0.0,3.14,0.0,0.0
2015-10-18 03:00:00,10.4,92,9.2,0.0,0.0,3.1,0.0,0.0
2015-10-18 04:00:00,10.3,94,9.3,0.0,0.0,2.97,0.0,0.0
2015-10-18 05:00:00,10.2,95,9.4,0.0,0.0,2.85,0.0,0.0
2015-10-18 06:00:00,10.0,95,9.3,0.0,0.0,3.09,0.0,0.0
2015-10-18 07:00:00,9.2,97,8.8,0.0,0.0,3.09,4.0,0.0144
2015-10-18 08:00:00,10.1,94,9.1,0.0,0.0,3.78,71.0,0.2556
2015-10-18 09:00:00,11.2,87,9.1,0.0,0.0,4.17,146.0,0.5256
2015-10-18 10:00:00,12.3,79,8.7,0.0,0.0,4.04,247.0,0.8892
2015-10-18 11:00:00,13.3,71,8.1,0.0,0.0,4.04,301.0,1.0836
2015-10-18 12:00:00,13.7,68,8.0,0.0,0.0,3.82,231.0,0.8316
2015-10-18 13:00:00,14.2,65,7.8,0.0,0.0,3.68,247.0,0.8892
2015-10-18 14:00:00,14.3,66,8.0,0.0,0.0,3.3,152.0,0.5472
2015-10-18 15:00:00,14.1,69,8.4,0.0,0.0,2.87,81.0,0.29159999999999997
2015-10-18 16:00:00,13.7,72,8.8,0.0,0.0,2.56,43.0,0.1548
2015-10-18 17:00:00,13.1,76,9.0,0.0,0.0,2.55,14.0,0.0504
2015-10-18 18:00:00,12.7,80,9.3,0.0,0.0,2.84,0.0,0.0
2015-10-18 19:00:00,12.1,86,9.9,0.0,0.0,2.96,0.0,0.0
2015-10-18 20:00:00,11.7,90,10.0,0.0,0.0,3.08,0.0,0.0
2015-10-18 21:00:00,11.2,92,9.9,0.0,0.0,3.1,0.0,0.0
2015-10-18 22:00:00,10.8,94,9.8,0.0,0.0,2.85,0.0,0.0
2015-10-18 23:00:00,10.4,94,9.5,0.0,0.0,2.82,0.0,0.0
2015-10-19 00:00:00,9.9,95,9.1,0.0,0.0,2.82,0.0,0.0
2015-10-19 01:00:00,9.7,95,9.0,0.0,0.0,2.65,0.0,0.0
2015-10-19 02:00:00,9.4,96,8.8,0.0,0.0,2.7,0.0,0.0
2015-10-19 03:00:00,9.3,96,8.7,0.0,0.0,2.91,0.0,0.0
2015-10-19 04:00:00,9.4,97,8.9,0.0,0.0,2.9,0.0,0.0
2015-10-19 05:00:00,9.3,97,8.9,0.0,0.0,2.7,0.0,0.0
2015-10-19 06:00:00,9.7,97,9.3,0.0,0.0,2.8,0.0,0.0
2015-10-19 07:00:00,10.1,97,9.6,0.0,0.0,2.8,2.0,0.0072
2015-10-19 08:00:00,11.0,93,9.8,0.0,0.0,3.67,28.0,0.1008
2015-10-19 09:00:00,12.0,85,9.5,0.0,0.0,4.41,119.0,0.4284
2015-10-19 10:00:00,12.7,80,9.4,0.0,0.0,4.05,133.0,0.4788
2015-10-19 11:00:00,13.3,76,9.1,0.0,0.0,3.31,193.0,0.6948
2015-10-19 12:00:00,13.5,73,8.7,0.0,0.0,3.44,189.0,0.6804
2015-10-19 13:00:00,13.7,71,8.5,0.0,0.0,3.38,225.0,0.8099999999999999
2015-10-19 14:00:00,14.0,67,8.0,0.0,0.0,3.16,244.0,0.8784
2015-10-19 15:00:00,13.8,67,7.8,0.0,0.0,3.03,128.0,0.4608
2015-10-19 16:00:00,13.6,68,7.8,0.0,0.0,2.4,87.0,0.3132
2015-10-19 17:00:00,12.9,71,7.7,0.0,0.0,2.33,18.0,0.0648
2015-10-19 18:00:00,12.3,74,7.8,0.0,0.0,2.41,0.0,0.0
2015-10-19 19:00:00,11.9,82,8.9,0.0,0.0,2.6,0.0,0.0
2015-10-19 20:00:00,11.6,83,8.9,0.0,0.0,2.51,0.0,0.0
2015-10-19 21:00:00,11.3,83,8.6,0.0,0.0,2.38,0.0,0.0
2015-10-19 22:00:00,10.8,84,8.3,0.0,0.0,2.11,0.0,0.0
2015-10-19 23:00:00,9.8,87,7.8,0.0,0.0,2.33,0.0,0.0
2015-10-20 00:00:00,9.3,89,7.6,0.0,0.0,2.04,0.0,0.0
2015-10-20 01:00:00,8.8,91,7.4,0.0,0.0,2.09,0.0,0.0
2015-10-20 02:00:00,7.9,93,6.8,0.0,0.0,2.25,0.0,0.0
2015-10-20 03:00:00,7.5,94,6.5,0.0,0.0,2.31,0.0,0.0
2015-10-20 04:00:00,6.9,95,6.1,0.0,0.0,1.96,0.0,0.0
2015-10-20 05:00:00,6.7,95,5.9,0.0,0.0,1.58,0.0,0.0
2015-10-20 06:00:00,6.3,95,5.6,0.0,0.0,2.25,0.0,0.0
2015-10-20 07:00:00,6.4,98,6.1,0.0,0.0,2.2,4.0,0.0144
2015-10-20 08:00:00,8.5,94,7.7,0.0,0.0,2.34,64.0,0.2304
2015-10-20 09:00:00,10.1,87,8.1,0.0,0.0,2.27,145.0,0.522
2015-10-20 10:00:00,11.7,81,8.5,0.0,0.0,2.69,297.0,1.0692
2015-10-20 11:00:00,12.9,75,8.6,0.0,0.0,3.09,396.0,1.4256
2015-10-20 12:00:00,13.9,68,8.0,0.0,0.0,3.58,420.0,1.512
2015-10-20 13:00:00,14.3,64,7.6,0.0,0.0,3.36,349.0,1.2564
2015-10-20 14:00:00,14.4,62,7.2,0.0,0.0,3.58,321.0,1.1556
2015-10-20 15:00:00,14.2,61,6.7,0.0,0.0,2.88,197.0,0.7091999999999999
2015-10-20 16:00:00,13.5,65,7.2,0.0,0.0,1.77,100.0,0.36
2015-10-20 17:00:00,12.6,70,7.2,0.0,0.0,1.66,20.0,0.072
2015-10-20 18:00:00,11.7,74,7.2,0.0,0.0,1.75,0.0,0.0
2015-10-20 19:00:00,10.3,81,7.3,0.0,0.0,1.8,0.0,0.0
2015-10-20 20:00:00,9.1,87,7.1,0.0,0.0,1.73,0.0,0.0
2015-10-20 21:00:00,8.3,90,6.7,0.0,0.0,2.01,0.0,0.0
2015-10-20 22:00:00,7.9,91,6.5,0.0,0.0,2.42,0.0,0.0
2015-10-20 23:00:00,7.5,91,6.2,0.0,0.0,2.61,0.0,0.0
2015-10-21 00:00:00,7.3,92,6.2,0.0,0.0,2.82,0.0,0.0
2015-10-21 01:00:00,7.5,93,6.5,0.0,0.0,3.0,0.0,0.0
2015-10-21 02:00:00,7.8,94,6.8,0.0,0.0,3.31,0.0,0.0
2015-10-21 03:00:00,8.0,93,7.0,0.0,0.0,3.47,0.0,0.0
2015-10-21 04:00:00,8.4,92,7.1,0.5,0.0,3.89,0.0,0.0
2015-10-21 05:00:00,8.6,92,7.5,1.2,0.0,4.39,0.0,0.0
2015-10-21 06:00:00,9.0,93,7.9,1.1,0.0,4.46,0.0,0.0
2015-10-21 07:00:00,9.6,93,8.5,1.1,0.0,5.04,0.0,0.0
2015-10-21 08:00:00,10.0,93,8.9,0.9,0.0,4.96,6.0,0.0216
2015-10-21 09:00:00,10.4,93,9.3,1.1,0.0,5.17,15.0,0.054
2015-10-21 10:00:00,10.7,93,9.6,0.9,0.0,5.02,20.0,0.072
2015-10-21 11:00:00,11.1,93,10.0,0.7,0.0,4.95,24.0,0.0864
2015-10-21 12:00:00,11.4,94,10.4,0.7,0.0,4.53,18.0,0.0648
2015-10-21 13:00:00,11.7,95,10.9,0.4,0.0,4.14,16.0,0.0576
2015-10-21 14:00:00,12.0,96,11.4,0.1,0.0,3.72,13.0,0.0468
2015-10-21 15:00:00,12.5,96,11.9,0.0,0.0,3.4,24.0,0.0864
2015-10-21 16:00:00,13.0,96,12.3,0.0,0.0,3.38,20.0,0.072
2015-10-21 17:00:00,13.2,96,12.6,0.0,0.0,3.23,8.0,0.0288
2015-10-21 18:00:00,13.3,96,12.7,0.0,0.0,3.1,0.0,0.0
2015-10-21 19:00:00,13.5,96,12.9,0.0,0.0,3.04,0.0,0.0
2015-10-21 20:00:00,13.5,96,12.9,0.0,0.0,3.32,0.0,0.0
2015-10-21 21:00:00,13.6,96,13.0,0.0,0.0,3.4,0.0,0.0
2015-10-21 22:00:00,13.5,96,13.0,0.0,0.0,3.13,0.0,0.0
2015-10-21 23:00:00,13.4,96,12.9,0.0,0.0,3.45,0.0,0.0
2015-10-22 00:00:00,13.3,96,12.8,0.0,0.0,4.02,0.0,0.0
2015-10-22 01:00:00,13.1,96,12.5,0.0,0.0,4.33,0.0,0.0
2015-10-22 02:00:00,12.8,95,12.0,0.0,0.0,4.69,0.0,0.0
2015-10-22 03:00:00,12.3,93,11.2,0.0,0.0,4.83,0.0,0.0
2015-10-22 04:00:00,11.7,91,10.3,0.0,0.0,4.8,0.0,0.0
2015-10-22 05:00:00,11.3,90,9.7,0.0,0.0,4.6,0.0,0.0
2015-10-22 06:00:00,11.4,90,9.8,0.0,0.0,4.24,0.0,0.0
2015-10-22 07:00:00,11.8,92,10.5,0.0,0.0,4.15,2.0,0.0072
2015-10-22 08:00:00,12.6,91,11.2,0.0,0.0,4.37,34.0,0.1224
2015-10-22 09:00:00,13.3,90,11.6,0.0,0.0,4.5,67.0,0.2412
2015-10-22 10:00:00,13.7,78,10.0,0.0,0.0,4.94,123.0,0.44279999999999997
2015-10-22 11:00:00,13.5,72,8.5,0.0,0.0,4.34,153.0,0.5508
2015-10-22 12:00:00,13.4,65,6.9,0.0,0.0,4.88,143.0,0.5148
2015-10-22 13:00:00,13.5,61,6.1,0.0,0.0,4.66,168.0,0.6048
2015-10-22 14:00:00,13.7,59,5.9,0.0,0.0,3.89,165.0,0.594
2015-10-22 15:00:00,13.9,59,5.9,0.0,0.0,3.23,137.0,0.49319999999999997
2015-10-22 16:00:00,13.5,61,6.1,0.0,0.0,2.53,71.0,0.2556
2015-10-22 17:00:00,12.9,63,6.1,0.0,0.0,2.11,16.0,0.0576
2015-10-22 18:00:00,12.0,68,6.3,0.0,0.0,2.1,0.0,0.0
2015-10-22 19:00:00,10.6,77,6.7,0.0,0.0,1.91,0.0,0.0
2015-10-22 20:00:00,9.3,84,6.7,0.0,0.0,1.8,0.0,0.0
2015-10-22 21:00:00,8.4,88,6.6,0.0,0.0,1.63,0.0,0.0
2015-10-22 22:00:00,7.7,90,6.2,0.0,0.0,1.84,0.0,0.0
2015-10-22 23:00:00,7.0,91,5.7,0.0,0.0,1.93,0.0,0.0
2015-10-23 00:00:00,7.2,91,5.7,0.0,0.0,2.04,0.0,0.0
2015-10-23 01:00:00,7.7,90,6.1,0.0,0.0,1.61,0.0,0.0
2015-10-23 02:00:00,7.8,90,6.3,0.0,0.0,1.6,0.0,0.0
2015-10-23 03:00:00,7.6,92,6.4,0.0,0.0,1.12,0.0,0.0
2015-10-23 04:00:00,6.4,96,5.8,0.0,0.0,1.28,0.0,0.0
2015-10-23 05:00:00,6.9,95,6.2,0.0,0.0,1.08,0.0,0.0
2015-10-23 06:00:00,6.7,96,6.1,0.0,0.0,1.1,0.0,0.0
2015-10-23 07:00:00,7.9,91,6.6,0.0,0.0,1.5,1.0,0.0036
2015-10-23 08:00:00,8.2,93,7.1,0.0,0.0,2.04,33.0,0.1188
2015-10-23 09:00:00,10.4,83,7.6,0.0,0.0,2.04,99.0,0.3564
2015-10-23 10:00:00,12.1,76,8.0,0.0,0.0,2.28,208.0,0.7488
2015-10-23 11:00:00,13.2,62,6.1,0.0,0.0,3.74,300.0,1.08
2015-10-23 12:00:00,13.8,59,5.9,0.0,0.0,3.84,311.0,1.1196
2015-10-23 13:00:00,14.1,59,6.3,0.0,0.0,3.56,261.0,0.9396
2015-10-23 14:00:00,14.0,61,6.6,0.0,0.0,2.64,194.0,0.6984
2015-10-23 15:00:00,13.6,65,7.1,0.0,0.0,3.0,95.0,0.34199999999999997
2015-10-23 16:00:00,13.2,68,7.4,0.0,0.0,2.77,42.0,0.1512
2015-10-23 17:00:00,12.6,71,7.5,0.0,0.0,2.5,8.0,0.0288
2015-10-23 18:00:00,12.0,75,7.7,0.0,0.0,2.6,0.0,0.0
2015-10-23 19:00:00,11.4,83,8.5,0.0,0.0,2.7,0.0,0.0
2015-10-23 20:00:00,11.2,84,8.5,0.0,0.0,2.8,0.0,0.0
2015-10-23 21:00:00,11.0,85,8.5,0.0,0.0,2.8,0.0,0.0
2015-10-23 22:00:00,10.9,85,8.4,0.0,0.0,2.9,0.0,0.0
2015-10-23 23:00:00,10.9,83,8.2,0.0,0.0,2.81,0.0,0.0
2015-10-24 00:00:00,10.9,83,8.1,0.0,0.0,2.7,0.0,0.0
2015-10-24 01:00:00,10.9,83,8.0,0.0,0.0,2.7,0.0,0.0
2015-10-24 02:00:00,10.7,84,8.1,0.0,0.0,2.77,0.0,0.0
2015-10-24 03:00:00,10.4,87,8.3,0.0,0.0,2.79,0.0,0.0
2015-10-24 04:00:00,10.1,89,8.4,0.0,0.0,2.73,0.0,0.0
2015-10-24 05:00:00,9.9,90,8.4,0.0,0.0,2.9,0.0,0.0
2015-10-24 06:00:00,10.2,90,8.6,0.0,0.0,3.34,0.0,0.0
2015-10-24 07:00:00,10.7,91,9.3,0.0,0.0,3.67,1.0,0.0036
2015-10-24 08:00:00,11.6,90,9.9,0.0,0.0,4.15,34.0,0.1224
2015-10-24 09:00:00,12.6,87,10.5,0.0,0.0,3.91,75.0,0.27
2015-10-24 10:00:00,13.5,82,10.5,0.0,0.0,5.59,120.0,0.432
2015-10-24 11:00:00,14.0,77,10.1,0.0,0.0,5.5,161.0,0.5796
2015-10-24 12:00:00,14.1,76,9.9,0.2,0.0,5.65,155.0,0.5579999999999999
2015-10-24 13:00:00,14.0,76,9.9,0.0,0.0,5.25,127.0,0.4572
2015-10-24 14:00:00,14.1,76,9.9,0.0,0.0,4.16,115.0,0.414
2015-10-24 15:00:00,13.9,78,10.1,0.0,0.0,3.56,67.0,0.2412
2015-10-24 16:00:00,13.5,82,10.4,0.6,0.0,2.9,25.0,0.09
2015-10-24 17:00:00,12.5,91,11.1,1.1,0.0,2.4,7.0,0.0252
2015-10-24 18:00:00,11.8,92,10.5,0.4,0.0,4.69,0.0,0.0
2015-10-24 19:00:00,10.6,85,8.3,0.1,0.0,5.5,0.0,0.0
2015-10-24 20:00:00,9.7,81,6.6,0.0,0.0,4.48,0.0,0.0
2015-10-24 21:00:00,9.4,82,6.4,0.0,0.0,3.89,0.0,0.0
2015-10-24 22:00:00,8.9,83,6.3,0.0,0.0,4.0,0.0,0.0
2015-10-24 23:00:00,8.0,86,5.9,0.0,0.0,3.69,0.0,0.0
2015-10-25 00:00:00,6.9,90,5.3,0.0,0.0,3.4,0.0,0.0
2015-10-25 01:00:00,6.2,91,4.8,0.0,0.0,3.44,0.0,0.0
2015-10-25 02:00:00,5.6,91,4.3,0.0,0.0,2.95,0.0,0.0
2015-10-25 03:00:00,5.1,91,3.8,0.0,0.0,2.82,0.0,0.0
2015-10-25 04:00:00,4.4,93,3.3,0.0,0.0,2.31,0.0,0.0
2015-10-25 05:00:00,3.8,93,2.8,0.0,0.0,2.09,0.0,0.0
2015-10-25 06:00:00,3.1,94,2.3,0.0,0.0,1.81,0.0,0.0
2015-10-25 07:00:00,3.1,96,2.5,0.0,0.0,1.7,1.0,0.0036
2015-10-25 08:00:00,4.7,95,3.9,0.0,0.0,1.65,60.0,0.216
2015-10-25 09:00:00,7.0,89,5.3,0.0,0.0,1.24,149.0,0.5364
2015-10-25 10:00:00,8.6,85,6.2,0.0,0.0,1.0,254.0,0.9144
2015-10-25 11:00:00,10.0,79,6.4,0.0,0.0,1.08,312.0,1.1232
2015-10-25 12:00:00,10.9,71,5.8,0.0,0.0,1.3,326.0,1.1736
2015-10-25 13:00:00,11.3,65,5.0,0.0,0.0,1.3,296.0,1.0655999999999999
2015-10-25 14:00:00,11.5,62,4.5,0.0,0.0,1.24,283.0,1.0188
2015-10-25 15:00:00,11.4,62,4.3,0.0,0.0,1.55,185.0,0.666
2015-10-25 16:00:00,10.8,67,4.9,0.0,0.0,1.2,96.0,0.3456
2015-10-25 17:00:00,9.6,73,4.9,0.0,0.0,2.01,16.0,0.0576
2015-10-25 18:00:00,8.5,78,4.9,0.0,0.0,2.24,0.0,0.0
2015-10-25 19:00:00,7.1,84,4.7,0.0,0.0,2.78,0.0,0.0
2015-10-25 20:00:00,6.7,88,4.8,0.0,0.0,3.05,0.0,0.0
2015-10-25 21:00:00,6.3,91,5.0,0.0,0.0,2.72,0.0,0.0
2015-10-25 22:00:00,6.0,93,4.9,0.0,0.0,2.75,0.0,0.0
2015-10-25 23:00:00,6.2,93,5.2,0.0,0.0,3.05,0.0,0.0
2015-10-26 00:00:00,6.7,93,5.6,0.0,0.0,3.19,0.0,0.0
2015-10-26 01:00:00,7.2,93,6.1,0.0,0.0,3.14,0.0,0.0
2015-10-26 02:00:00,7.6,93,6.6,0.0,0.0,3.31,0.0,0.0
2015-10-26 03:00:00,8.1,93,7.1,0.0,0.0,3.55,0.0,0.0
2015-10-26 04:00:00,8.3,94,7.4,0.0,0.0,3.52,0.0,0.0
2015-10-26 05:00:00,8.5,94,7.5,0.0,0.0,3.61,0.0,0.0
2015-10-26 06:00:00,8.3,94,7.5,0.0,0.0,3.72,0.0,0.0
2015-10-26 07:00:00,8.1,98,7.8,0.0,0.0,3.81,1.0,0.0036
2015-10-26 08:00:00,8.8,97,8.4,0.0,0.0,4.17,52.0,0.1872
2015-10-26 09:00:00,10.7,90,9.1,0.0,0.0,4.8,143.0,0.5148
2015-10-26 10:00:00,12.1,87,9.9,0.0,0.0,4.65,200.0,0.72
2015-10-26 11:00:00,13.3,84,10.6,0.0,0.0,5.6,264.0,0.9504
2015-10-26 12:00:00,14.1,81,10.8,0.0,0.0,5.67,274.0,0.9863999999999999
2015-10-26 13:00:00,14.5,79,10.9,0.0,0.0,5.38,215.0,0.774
2015-10-26 14:00:00,14.4,80,10.9,0.0,0.0,5.31,154.0,0.5544
2015-10-26 15:00:00,14.1,81,11.0,0.0,0.0,4.68,122.0,0.4392
2015-10-26 16:00:00,13.7,83,10.8,0.0,0.0,4.03,56.0,0.2016
2015-10-26 17:00:00,12.9,86,10.7,0.0,0.0,3.84,8.0,0.0288
2015-10-26 18:00:00,12.8,87,10.6,0.0,0.0,4.1,0.0,0.0
2015-10-26 19:00:00,12.0,92,10.8,0.0,0.0,4.08,0.0,0.0
2015-10-26 20:00:00,11.4,95,10.5,0.0,0.0,4.04,0.0,0.0
2015-10-26 21:00:00,11.2,95,10.4,0.0,0.0,3.61,0.0,0.0
2015-10-26 22:00:00,10.7,96,10.0,0.0,0.0,3.52,0.0,0.0
2015-10-26 23:00:00,10.2,96,9.7,0.0,0.0,3.36,0.0,0.0
2015-10-27 00:00:00,9.9,97,9.5,0.0,0.0,3.12,0.0,0.0
2015-10-27 01:00:00,9.7,97,9.3,0.0,0.0,2.78,0.0,0.0
2015-10-27 02:00:00,9.4,98,9.1,0.0,0.0,2.69,0.0,0.0
2015-10-27 03:00:00,9.3,98,9.0,0.0,0.0,2.82,0.0,0.0
2015-10-27 04:00:00,9.3,98,9.0,0.0,0.0,3.1,0.0,0.0
2015-10-27 05:00:00,9.7,98,9.3,0.0,0.0,3.42,0.0,0.0
2015-10-27 06:00:00,10.0,97,9.6,0.0,0.0,3.48,0.0,0.0
2015-10-27 07:00:00,10.2,98,9.8,0.0,0.0,3.55,0.0,0.0
2015-10-27 08:00:00,10.9,96,10.4,0.0,0.0,3.81,30.0,0.108
2015-10-27 09:00:00,12.2,94,11.2,0.0,0.0,4.36,125.0,0.45
2015-10-27 10:00:00,14.1,87,12.0,0.0,0.0,4.26,255.0,0.9179999999999999
2015-10-27 11:00:00,15.5,82,12.5,0.0,0.0,4.6,344.0,1.2384
2015-10-27 12:00:00,16.5,77,12.6,0.0,0.0,4.56,371.0,1.3356
2015-10-27 13:00:00,17.0,75,12.5,0.0,0.0,4.4,360.0,1.296
2015-10-27 14:00:00,16.9,74,12.3,0.5,0.0,4.26,287.0,1.0332
2015-10-27 15:00:00,16.2,78,12.5,0.5,0.0,3.74,195.0,0.702
2015-10-27 16:00:00,15.1,85,12.6,0.5,0.0,3.14,71.0,0.2556
2015-10-27 17:00:00,13.8,89,12.1,0.3,0.0,2.83,9.0,0.0324
2015-10-27 18:00:00,13.2,93,12.1,0.2,0.0,3.19,0.0,0.0
2015-10-27 19:00:00,13.5,92,12.1,0.7,0.0,3.06,0.0,0.0
2015-10-27 20:00:00,13.5,92,12.2,0.2,0.0,3.11,0.0,0.0
2015-10-27 21:00:00,13.4,93,12.3,0.2,0.0,2.98,0.0,0.0
2015-10-27 22:00:00,13.3,95,12.4,0.5,0.0,2.86,0.0,0.0
2015-10-27 23:00:00,13.0,95,12.2,0.6,0.0,2.5,0.0,0.0
2015-10-28 00:00:00,12.8,96,12.1,0.4,0.0,2.37,0.0,0.0
2015-10-28 01:00:00,12.7,96,12.1,0.1,0.0,1.73,0.0,0.0
2015-10-28 02:00:00,12.7,96,12.1,0.0,0.0,1.14,0.0,0.0
2015-10-28 03:00:00,12.6,97,12.2,0.0,0.0,0.63,0.0,0.0
2015-10-28 04:00:00,12.3,98,12.1,0.2,0.0,0.51,0.0,0.0
2015-10-28 05:00:00,12.2,99,12.1,0.4,0.0,0.32,0.0,0.0
2015-10-28 06:00:00,12.1,99,12.0,0.9,0.0,1.92,0.0,0.0
2015-10-28 07:00:00,12.1,100,12.0,1.9,0.0,3.31,0.0,0.0
2015-10-28 08:00:00,11.9,99,11.8,2.1,0.0,3.61,5.0,0.018
2015-10-28 09:00:00,11.6,99,11.5,1.4,0.0,3.16,19.0,0.0684
2015-10-28 10:00:00,11.7,97,11.3,0.6,0.0,2.4,58.0,0.20879999999999999
2015-10-28 11:00:00,12.1,92,10.9,0.1,0.0,2.6,139.0,0.5004
2015-10-28 12:00:00,13.3,83,10.5,0.0,0.0,2.94,301.0,1.0836
2015-10-28 13:00:00,14.2,77,10.2,0.0,0.0,3.09,363.0,1.3068
2015-10-28 14:00:00,14.6,73,9.9,0.0,0.0,3.04,302.0,1.0872
2015-10-28 15:00:00,14.6,72,9.6,0.0,0.0,2.88,192.0,0.6912
2015-10-28 16:00:00,13.9,75,9.5,0.0,0.0,2.73,91.0,0.3276
2015-10-28 17:00:00,12.4,81,9.3,0.0,0.0,2.79,12.0,0.0432
2015-10-28 18:00:00,11.2,88,9.3,0.0,0.0,3.04,0.0,0.0
2015-10-28 19:00:00,10.5,92,9.2,0.0,0.0,3.31,0.0,0.0
2015-10-28 20:00:00,10.2,94,9.2,0.0,0.0,3.51,0.0,0.0
2015-10-28 21:00:00,9.9,93,8.9,0.0,0.0,3.51,0.0,0.0
2015-10-28 22:00:00,9.8,92,8.6,0.0,0.0,3.55,0.0,0.0
2015-10-28 23:00:00,9.7,91,8.3,0.0,0.0,3.77,0.0,0.0
2015-10-29 00:00:00,9.9,90,8.3,0.0,0.0,3.98,0.0,0.0
2015-10-29 01:00:00,9.8,91,8.4,0.0,0.0,4.12,0.0,0.0
2015-10-29 02:00:00,10.1,92,8.8,0.0,0.0,4.28,0.0,0.0
2015-10-29 03:00:00,10.1,93,9.0,0.0,0.0,4.28,0.0,0.0
2015-10-29 04:00:00,10.4,93,9.3,0.0,0.0,4.14,0.0,0.0
2015-10-29 05:00:00,10.7,93,9.6,0.0,0.0,4.28,0.0,0.0
2015-10-29 06:00:00,10.9,92,9.7,0.0,0.0,4.47,0.0,0.0
2015-10-29 07:00:00,11.1,95,10.3,0.0,0.0,4.87,0.0,0.0
2015-10-29 08:00:00,11.9,94,11.0,0.0,0.0,5.25,42.0,0.1512
2015-10-29 09:00:00,13.0,89,11.3,0.0,0.0,5.22,103.0,0.37079999999999996
2015-10-29 10:00:00,14.3,82,11.2,0.0,0.0,7.8,159.0,0.5724
2015-10-29 11:00:00,14.7,79,11.1,0.0,0.0,7.92,137.0,0.49319999999999997
2015-10-29 12:00:00,15.0,77,11.1,0.0,0.0,7.1,131.0,0.47159999999999996
2015-10-29 13:00:00,14.6,81,11.3,0.0,0.0,6.31,58.0,0.20879999999999999
2015-10-29 14:00:00,14.3,83,11.5,0.0,0.0,6.11,35.0,0.126
2015-10-29 15:00:00,14.3,84,11.6,0.0,0.0,5.81,26.0,0.0936
2015-10-29 16:00:00,14.3,84,11.7,0.0,0.0,5.5,20.0,0.072
2015-10-29 17:00:00,14.3,85,11.8,0.0,0.0,5.04,3.0,0.0108
2015-10-29 18:00:00,14.4,85,11.9,0.0,0.0,4.83,0.0,0.0
2015-10-29 19:00:00,14.4,88,12.4,0.0,0.0,4.64,0.0,0.0
2015-10-29 20:00:00,14.4,88,12.5,0.4,0.0,4.63,0.0,0.0
2015-10-29 21:00:00,14.4,89,12.6,0.3,0.0,4.88,0.0,0.0
2015-10-29 22:00:00,14.5,88,12.6,0.4,0.0,4.21,0.0,0.0
2015-10-29 23:00:00,14.5,88,12.6,0.2,0.0,4.41,0.0,0.0
2015-10-30 00:00:00,14.5,89,12.7,0.0,0.0,4.2,0.0,0.0
2015-10-30 01:00:00,14.4,89,12.6,0.0,0.0,4.47,0.0,0.0
2015-10-30 02:00:00,14.4,88,12.4,0.0,0.0,4.77,0.0,0.0
2015-10-30 03:00:00,14.4,86,12.2,0.0,0.0,5.31,0.0,0.0
2015-10-30 04:00:00,14.4,84,11.8,0.0,0.0,5.99,0.0,0.0
2015-10-30 05:00:00,14.5,82,11.4,0.0,0.0,6.46,0.0,0.0
2015-10-30 06:00:00,14.3,81,11.1,0.1,0.0,6.71,0.0,0.0
2015-10-30 07:00:00,13.3,88,11.4,1.1,0.0,6.65,0.0,0.0
2015-10-30 08:00:00,13.3,89,11.6,0.8,0.0,6.6,3.0,0.0108
2015-10-30 09:00:00,13.4,90,11.8,0.8,0.0,6.73,14.0,0.0504
2015-10-30 10:00:00,13.5,90,11.9,0.5,0.0,6.34,29.0,0.10439999999999999
2015-10-30 11:00:00,13.8,90,12.2,0.3,0.0,5.84,88.0,0.31679999999999997
2015-10-30 12:00:00,14.2,88,12.3,0.2,0.0,6.32,138.0,0.49679999999999996
2015-10-30 13:00:00,14.6,88,12.6,0.0,0.0,5.08,162.0,0.5831999999999999
2015-10-30 14:00:00,14.8,86,12.4,0.0,0.0,4.49,174.0,0.6264
2015-10-30 15:00:00,14.7,85,12.1,0.0,0.0,4.31,138.0,0.49679999999999996
2015-10-30 16:00:00,14.1,84,11.5,0.0,0.0,4.03,56.0,0.2016
2015-10-30 17:00:00,13.3,84,10.7,0.0,0.0,3.77,7.0,0.0252
2015-10-30 18:00:00,12.9,83,10.1,0.0,0.0,3.5,0.0,0.0
2015-10-30 19:00:00,13.1,82,10.1,0.0,0.0,3.48,0.0,0.0
2015-10-30 20:00:00,12.9,83,10.1,0.0,0.0,3.61,0.0,0.0
2015-10-30 21:00:00,12.5,86,10.2,0.0,0.0,3.68,0.0,0.0
2015-10-30 22:00:00,12.1,89,10.3,0.0,0.0,3.58,0.0,0.0
2015-10-30 23:00:00,11.5,92,10.3,0.0,0.0,3.47,0.0,0.0
2015-10-31 00:00:00,11.1,94,10.1,0.0,0.0,3.34,0.0,0.0
2015-10-31 01:00:00,10.5,95,9.8,0.0,0.0,3.36,0.0,0.0
2015-10-31 02:00:00,10.2,96,9.6,0.0,0.0,3.22,0.0,0.0
2015-10-31 03:00:00,9.8,97,9.3,0.0,0.0,3.02,0.0,0.0
2015-10-31 04:00:00,9.4,97,9.0,0.0,0.0,3.0,0.0,0.0
2015-10-31 05:00:00,9.1,97,8.7,0.0,0.0,3.18,0.0,0.0
2015-10-31 06:00:00,8.7,98,8.4,0.0,0.0,3.19,0.0,0.0
2015-10-31 07:00:00,9.3,98,9.0,0.0,0.0,3.0,0.0,0.0
2015-10-31 08:00:00,9.9,97,9.5,0.0,0.0,3.34,25.0,0.09
2015-10-31 09:00:00,10.6,94,9.7,0.0,0.0,3.05,75.0,0.27
2015-10-31 10:00:00,11.4,91,10.0,0.0,0.0,2.51,134.0,0.4824
2015-10-31 11:00:00,12.2,88,10.3,0.0,0.0,2.19,196.0,0.7056
2015-10-31 12:00:00,12.8,86,10.6,0.0,0.0,1.97,221.0,0.7956
2015-10-31 13:00:00,13.4,85,10.8,0.0,0.0,1.75,258.0,0.9288
2015-10-31 14:00:00,13.7,83,10.9,0.0,0.0,1.21,237.0,0.8532
2015-10-31 15:00:00,13.8,83,10.9,0.0,0.0,1.17,184.0,0.6624
2015-10-31 16:00:00,13.4,85,10.9,0.0,0.0,1.28,85.0,0.306
2015-10-31 17:00:00,12.2,90,10.6,0.0,0.0,1.8,9.0,0.0324
2015-10-31 18:00:00,10.8,95,10.1,0.0,0.0,1.8,0.0,0.0
2015-10-31 19:00:00,9.8,97,9.3,0.0,0.0,2.08,0.0,0.0
2015-10-31 20:00:00,9.1,98,8.7,0.0,0.0,2.11,0.0,0.0
2015-10-31 21:00:00,9.2,98,8.8,0.0,0.0,1.84,0.0,0.0
2015-10-31 22:00:00,9.7,98,9.5,0.0,0.0,1.36,0.0,0.0
2015-10-31 23:00:00,9.3,100,9.2,0.0,0.0,1.44,0.0,0.0
2015-11-01 00:00:00,8.4,99,8.3,0.0,0.0,1.36,0.0,0.0
2015-11-01 01:00:00,7.1,99,7.0,0.0,0.0,0.86,0.0,0.0
2015-11-01 02:00:00,6.6,100,6.6,0.0,0.0,1.0,0.0,0.0
2015-11-01 03:00:00,6.7,99,6.6,0.0,0.0,0.86,0.0,0.0
2015-11-01 04:00:00,7.1,99,6.9,0.0,0.0,0.67,0.0,0.0
2015-11-01 05:00:00,7.0,99,6.9,0.0,0.0,0.94,0.0,0.0
2015-11-01 06:00:00,7.3,99,7.2,0.0,0.0,1.14,0.0,0.0
2015-11-01 07:00:00,7.3,99,7.1,0.0,0.0,1.03,0.0,0.0
2015-11-01 08:00:00,7.6,99,7.5,0.0,0.0,0.67,20.0,0.072
2015-11-01 09:00:00,8.3,99,8.1,0.0,0.0,0.58,70.0,0.252
2015-11-01 10:00:00,9.0,99,8.8,0.0,0.0,0.5,109.0,0.39239999999999997
2015-11-01 11:00:00,9.8,98,9.5,0.0,0.0,0.1,159.0,0.5724
2015-11-01 12:00:00,10.6,97,10.1,0.0,0.0,0.14,196.0,0.7056
2015-11-01 13:00:00,10.9,96,10.3,0.0,0.0,0.22,138.0,0.49679999999999996
2015-11-01 14:00:00,11.4,94,10.5,0.0,0.0,0.36,155.0,0.5579999999999999
2015-11-01 15:00:00,11.5,94,10.6,0.0,0.0,0.73,112.0,0.4032
2015-11-01 16:00:00,11.3,95,10.6,0.0,0.0,0.91,50.0,0.18
2015-11-01 17:00:00,10.9,97,10.5,0.0,0.0,1.93,4.0,0.0144
2015-11-01 18:00:00,10.7,99,10.5,0.0,0.0,1.84,0.0,0.0
2015-11-01 19:00:00,10.0,99,9.8,0.0,0.0,1.42,0.0,0.0
2015-11-01 20:00:00,9.7,99,9.6,0.0,0.0,1.86,0.0,0.0
2015-11-01 21:00:00,8.8,100,8.8,0.0,0.0,2.06,0.0,0.0
2015-11-01 22:00:00,8.4,100,8.3,0.0,0.0,1.71,0.0,0.0
2015-11-01 23:00:00,8.3,100,8.2,0.0,0.0,1.1,0.0,0.0
2015-11-02 00:00:00,8.6,100,8.6,0.0,0.0,0.91,0.0,0.0
2015-11-02 01:00:00,8.7,99,8.6,0.0,0.0,0.51,0.0,0.0
2015-11-02 02:00:00,8.4,100,8.3,0.0,0.0,0.36,0.0,0.0
2015-11-02 03:00:00,8.3,100,8.3,0.0,0.0,0.71,0.0,0.0
2015-11-02 04:00:00,8.4,99,8.3,0.0,0.0,0.9,0.0,0.0
2015-11-02 05:00:00,8.5,99,8.3,0.0,0.0,1.1,0.0,0.0
2015-11-02 06:00:00,8.5,99,8.3,0.0,0.0,1.4,0.0,0.0
2015-11-02 07:00:00,8.8,99,8.7,0.0,0.0,1.71,0.0,0.0
2015-11-02 08:00:00,9.0,99,8.9,0.0,0.0,2.06,13.0,0.0468
2015-11-02 09:00:00,9.4,98,9.1,0.0,0.0,2.06,44.0,0.15839999999999999
2015-11-02 10:00:00,10.2,96,9.6,0.0,0.0,2.11,109.0,0.39239999999999997
2015-11-02 11:00:00,11.1,93,9.9,0.0,0.0,2.3,141.0,0.5075999999999999
2015-11-02 12:00:00,12.1,89,10.3,0.0,0.0,2.45,189.0,0.6804
2015-11-02 13:00:00,13.0,85,10.5,0.0,0.0,2.26,215.0,0.774
2015-11-02 14:00:00,13.8,82,10.7,0.0,0.0,2.31,210.0,0.756
2015-11-02 15:00:00,14.0,81,10.7,0.0,0.0,2.2,181.0,0.6516
2015-11-02 16:00:00,13.1,86,10.7,0.0,0.0,1.81,86.0,0.3096
2015-11-02 17:00:00,11.5,92,10.3,0.0,0.0,2.1,7.0,0.0252
2015-11-02 18:00:00,10.2,96,9.6,0.0,0.0,2.31,0.0,0.0
2015-11-02 19:00:00,10.2,99,10.1,0.0,0.0,2.62,0.0,0.0
2015-11-02 20:00:00,10.3,99,10.2,0.0,0.0,2.82,0.0,0.0
2015-11-02 21:00:00,10.3,98,10.1,0.0,0.0,3.12,0.0,0.0
2015-11-02 22:00:00,10.3,98,10.0,0.0,0.0,2.98,0.0,0.0
2015-11-02 23:00:00,10.2,98,9.9,0.0,0.0,2.12,0.0,0.0
2015-11-03 00:00:00,9.8,98,9.5,0.0,0.0,2.33,0.0,0.0
2015-11-03 01:00:00,9.6,97,9.2,0.0,0.0,1.93,0.0,0.0
2015-11-03 02:00:00,9.5,97,9.1,0.0,0.0,2.02,0.0,0.0
2015-11-03 03:00:00,8.7,98,8.4,0.0,0.0,2.47,0.0,0.0
2015-11-03 04:00:00,8.2,98,7.8,0.0,0.0,2.72,0.0,0.0
2015-11-03 05:00:00,8.0,97,7.5,0.0,0.0,2.45,0.0,0.0
2015-11-03 06:00:00,7.9,97,7.4,0.0,0.0,2.32,0.0,0.0
2015-11-03 07:00:00,8.1,98,7.7,0.0,0.0,2.3,0.0,0.0
2015-11-03 08:00:00,8.6,96,8.1,0.2,0.0,2.6,28.0,0.1008
2015-11-03 09:00:00,10.6,91,9.2,0.0,0.0,2.59,93.0,0.3348
2015-11-03 10:00:00,12.0,86,9.8,0.0,0.0,2.14,128.0,0.4608
2015-11-03 11:00:00,13.0,83,10.3,0.0,0.0,3.09,171.0,0.6156
2015-11-03 12:00:00,13.9,80,10.5,0.0,0.0,3.4,218.0,0.7847999999999999
2015-11-03 13:00:00,13.8,81,10.6,0.0,0.0,2.97,114.0,0.4104
2015-11-03 14:00:00,13.6,82,10.7,0.0,0.0,2.52,53.0,0.1908
2015-11-03 15:00:00,13.3,84,10.7,0.0,0.0,2.83,28.0,0.1008
2015-11-03 16:00:00,13.1,86,10.8,0.0,0.0,2.61,16.0,0.0576
2015-11-03 17:00:00,13.0,87,11.0,0.0,0.0,2.42,1.0,0.0036
2015-11-03 18:00:00,13.1,89,11.4,0.3,0.0,2.48,0.0,0.0
2015-11-03 19:00:00,11.8,94,10.8,0.0,0.0,2.56,0.0,0.0
2015-11-03 20:00:00,11.4,95,10.6,0.0,0.0,2.51,0.0,0.0
2015-11-03 21:00:00,11.1,96,10.5,0.0,0.0,2.42,0.0,0.0
2015-11-03 22:00:00,10.3,97,9.8,0.0,0.0,2.15,0.0,0.0
2015-11-03 23:00:00,9.7,98,9.4,0.0,0.0,1.94,0.0,0.0
2015-11-04 00:00:00,9.3,98,9.0,0.0,0.0,2.33,0.0,0.0
2015-11-04 01:00:00,9.2,98,8.9,0.0,0.0,2.1,0.0,0.0
2015-11-04 02:00:00,9.1,99,8.9,0.0,0.0,1.61,0.0,0.0
2015-11-04 03:00:00,9.1,99,9.0,0.1,0.0,1.92,0.0,0.0
2015-11-04 04:00:00,10.0,99,9.8,0.4,0.0,1.65,0.0,0.0
2015-11-04 05:00:00,10.8,98,10.5,0.6,0.0,1.3,0.0,0.0
2015-11-04 06:00:00,9.8,99,9.6,0.7,0.0,1.3,0.0,0.0
2015-11-04 07:00:00,10.0,97,9.5,0.9,0.0,1.12,0.0,0.0
2015-11-04 08:00:00,10.3,97,9.8,0.9,0.0,1.12,6.0,0.0216
2015-11-04 09:00:00,10.5,98,10.2,0.5,0.0,1.57,30.0,0.108
2015-11-04 10:00:00,11.7,95,11.0,0.3,0.0,1.43,60.0,0.216
2015-11-04 11:00:00,12.3,94,11.4,0.3,0.0,2.13,74.0,0.26639999999999997
2015-11-04 12:00:00,12.6,94,11.7,0.1,0.0,2.41,84.0,0.3024
2015-11-04 13:00:00,13.1,91,11.7,0.0,0.0,2.47,141.0,0.5075999999999999
2015-11-04 14:00:00,14.0,87,11.8,0.0,0.0,2.55,242.0,0.8712
2015-11-04 15:00:00,13.8,88,11.9,0.0,0.0,2.75,131.0,0.47159999999999996
2015-11-04 16:00:00,13.1,88,11.1,0.1,0.0,2.62,63.0,0.2268
2015-11-04 17:00:00,12.1,92,10.9,0.1,0.0,2.66,4.0,0.0144
2015-11-04 18:00:00,11.7,95,10.9,0.0,0.0,3.18,0.0,0.0
2015-11-04 19:00:00,11.9,96,11.2,0.0,0.0,3.54,0.0,0.0
2015-11-04 20:00:00,11.7,96,11.1,0.0,0.0,3.64,0.0,0.0
2015-11-04 21:00:00,11.9,96,11.2,0.0,0.0,3.45,0.0,0.0
2015-11-04 22:00:00,12.0,96,11.4,0.0,0.0,3.22,0.0,0.0
2015-11-04 23:00:00,12.0,96,11.5,0.0,0.0,3.44,0.0,0.0
2015-11-05 00:00:00,12.2,96,11.6,0.0,0.0,2.82,0.0,0.0
2015-11-05 01:00:00,12.3,96,11.8,0.0,0.0,2.91,0.0,0.0
2015-11-05 02:00:00,12.5,96,12.0,0.4,0.0,3.2,0.0,0.0
2015-11-05 03:00:00,12.4,97,11.9,0.2,0.0,3.35,0.0,0.0
2015-11-05 04:00:00,12.7,96,12.1,1.0,0.0,3.98,0.0,0.0
2015-11-05 05:00:00,13.0,96,12.3,0.0,0.0,4.36,0.0,0.0
2015-11-05 06:00:00,13.2,95,12.4,0.0,0.0,4.69,0.0,0.0
2015-11-05 07:00:00,13.0,95,12.2,0.0,0.0,4.79,0.0,0.0
2015-11-05 08:00:00,13.5,94,12.5,0.0,0.0,5.0,18.0,0.0648
2015-11-05 09:00:00,14.3,91,12.9,0.2,0.0,5.61,72.0,0.2592
2015-11-05 10:00:00,14.8,90,13.2,0.0,0.0,5.9,91.0,0.3276
2015-11-05 11:00:00,15.3,88,13.4,0.0,0.0,5.4,116.0,0.41759999999999997
2015-11-05 12:00:00,15.2,90,13.5,0.0,0.0,5.51,64.0,0.2304
2015-11-05 13:00:00,14.9,91,13.4,0.0,0.0,5.42,46.0,0.1656
2015-11-05 14:00:00,14.8,90,13.2,0.1,0.0,6.14,46.0,0.1656
2015-11-05 15:00:00,14.2,91,12.7,0.8,0.0,5.97,21.0,0.0756
2015-11-05 16:00:00,13.7,92,12.5,0.9,0.0,5.73,6.0,0.0216
2015-11-05 17:00:00,13.8,92,12.5,0.8,0.0,6.4,0.0,0.0
2015-11-05 18:00:00,14.2,92,12.9,0.4,0.0,7.06,0.0,0.0
2015-11-05 19:00:00,14.3,92,13.1,0.0,0.0,7.21,0.0,0.0
2015-11-05 20:00:00,14.7,92,13.4,0.0,0.0,6.75,0.0,0.0
2015-11-05 21:00:00,14.9,93,13.8,0.0,0.0,5.92,0.0,0.0
2015-11-05 22:00:00,14.8,94,13.9,0.0,0.0,5.32,0.0,0.0
2015-11-05 23:00:00,14.5,94,13.6,0.0,0.0,5.3,0.0,0.0
2015-11-06 00:00:00,14.0,94,13.1,0.0,0.0,4.88,0.0,0.0
2015-11-06 01:00:00,13.6,94,12.6,0.0,0.0,5.17,0.0,0.0
2015-11-06 02:00:00,13.3,93,12.3,0.0,0.0,4.97,0.0,0.0
2015-11-06 03:00:00,13.1,94,12.1,0.0,0.0,4.46,0.0,0.0
2015-11-06 04:00:00,12.8,94,11.9,0.0,0.0,4.18,0.0,0.0
2015-11-06 05:00:00,12.7,94,11.7,0.0,0.0,4.13,0.0,0.0
2015-11-06 06:00:00,12.7,93,11.6,0.0,0.0,4.7,0.0,0.0
2015-11-06 07:00:00,13.4,94,12.5,0.0,0.0,5.06,0.0,0.0
2015-11-06 08:00:00,13.5,93,12.4,0.0,0.0,5.69,11.0,0.039599999999999996
2015-11-06 09:00:00,13.6,92,12.2,0.2,0.0,6.12,44.0,0.15839999999999999
2015-11-06 10:00:00,13.5,94,12.6,1.9,0.0,5.42,80.0,0.288
2015-11-06 11:00:00,13.5,96,12.9,1.6,0.0,5.95,22.0,0.07919999999999999
2015-11-06 12:00:00,14.1,97,13.7,1.3,0.0,7.03,20.0,0.072
2015-11-06 13:00:00,15.0,98,14.7,0.8,0.0,7.04,24.0,0.0864
2015-11-06 14:00:00,15.6,97,15.2,0.2,0.0,7.29,16.0,0.0576
2015-11-06 15:00:00,15.9,96,15.3,0.0,0.0,6.91,11.0,0.039599999999999996
2015-11-06 16:00:00,15.9,96,15.3,0.0,0.0,6.6,10.0,0.036
2015-11-06 17:00:00,16.0,95,15.2,0.0,0.0,6.12,1.0,0.0036
2015-11-06 18:00:00,16.0,95,15.2,0.0,0.0,5.75,0.0,0.0
2015-11-06 19:00:00,15.6,96,15.0,0.0,0.0,5.66,0.0,0.0
2015-11-06 20:00:00,15.6,95,14.8,0.0,0.0,5.45,0.0,0.0
2015-11-06 21:00:00,15.5,95,14.7,0.0,0.0,5.17,0.0,0.0
2015-11-06 22:00:00,15.3,95,14.5,0.0,0.0,4.6,0.0,0.0
2015-11-06 23:00:00,15.1,95,14.3,0.0,0.0,4.6,0.0,0.0
2015-11-07 00:00:00,14.7,95,13.9,0.0,0.0,4.4,0.0,0.0
2015-11-07 01:00:00,14.3,94,13.3,0.0,0.0,4.1,0.0,0.0
2015-11-07 02:00:00,13.7,94,12.7,0.0,0.0,4.0,0.0,0.0
2015-11-07 03:00:00,13.4,94,12.4,0.0,0.0,3.86,0.0,0.0
2015-11-07 04:00:00,13.5,95,12.8,0.0,0.0,4.14,0.0,0.0
2015-11-07 05:00:00,14.2,96,13.6,0.0,0.0,4.9,0.0,0.0
2015-11-07 06:00:00,14.9,97,14.5,0.9,0.0,6.38,0.0,0.0
2015-11-07 07:00:00,15.2,95,14.4,0.0,0.0,7.31,0.0,0.0
2015-11-07 08:00:00,15.4,92,14.0,0.2,0.0,8.08,4.0,0.0144
2015-11-07 09:00:00,15.7,90,14.0,0.3,0.0,9.12,33.0,0.1188
2015-11-07 10:00:00,15.9,91,14.4,0.5,0.0,9.39,52.0,0.1872
2015-11-07 11:00:00,16.2,90,14.5,1.0,0.0,9.84,46.0,0.1656
2015-11-07 12:00:00,16.2,89,14.3,1.7,0.0,10.05,37.0,0.13319999999999999
2015-11-07 13:00:00,15.9,90,14.3,1.0,0.0,10.1,31.0,0.11159999999999999
2015-11-07 14:00:00,15.7,91,14.2,0.1,0.0,9.63,35.0,0.126
2015-11-07 15:00:00,15.8,90,14.1,0.0,0.0,8.43,41.0,0.1476
2015-11-07 16:00:00,15.4,87,13.3,0.0,0.0,6.89,47.0,0.1692
2015-11-07 17:00:00,14.5,86,12.1,0.0,0.0,6.17,2.0,0.0072
2015-11-07 18:00:00,13.6,85,11.1,0.0,0.0,6.33,0.0,0.0
2015-11-07 19:00:00,13.6,86,11.4,0.0,0.0,5.41,0.0,0.0
2015-11-07 20:00:00,12.8,86,10.5,0.0,0.0,4.68,0.0,0.0
2015-11-07 21:00:00,12.0,87,9.9,0.0,0.0,4.46,0.0,0.0
2015-11-07 22:00:00,11.5,88,9.6,0.0,0.0,3.83,0.0,0.0
2015-11-07 23:00:00,10.8,91,9.3,0.0,0.0,3.22,0.0,0.0
2015-11-08 00:00:00,10.0,93,9.0,0.0,0.0,2.91,0.0,0.0
2015-11-08 01:00:00,9.3,95,8.5,0.0,0.0,1.98,0.0,0.0
2015-11-08 02:00:00,8.7,96,8.1,0.0,0.0,2.19,0.0,0.0
2015-11-08 03:00:00,8.0,98,7.6,0.0,0.0,2.12,0.0,0.0
2015-11-08 04:00:00,7.3,98,7.0,0.0,0.0,1.96,0.0,0.0
2015-11-08 05:00:00,6.9,99,6.8,0.0,0.0,2.28,0.0,0.0
2015-11-08 06:00:00,7.1,99,6.9,0.0,0.0,3.0,0.0,0.0
2015-11-08 07:00:00,8.2,99,8.1,0.0,0.0,3.8,0.0,0.0
2015-11-08 08:00:00,10.0,98,9.8,0.0,0.0,4.68,20.0,0.072
2015-11-08 09:00:00,11.9,95,11.2,0.0,0.0,5.3,54.0,0.1944
2015-11-08 10:00:00,12.8,91,11.3,0.0,0.0,4.71,90.0,0.324
2015-11-08 11:00:00,13.8,87,11.7,0.0,0.0,6.23,122.0,0.4392
2015-11-08 12:00:00,14.8,85,12.3,0.0,0.0,6.0,151.0,0.5436
2015-11-08 13:00:00,15.0,84,12.2,0.0,0.0,7.14,128.0,0.4608
2015-11-08 14:00:00,15.1,81,11.9,0.0,0.0,6.65,145.0,0.522
2015-11-08 15:00:00,14.9,82,11.8,0.0,0.0,6.82,119.0,0.4284
2015-11-08 16:00:00,14.5,84,11.9,0.0,0.0,7.24,40.0,0.144
2015-11-08 17:00:00,14.3,86,12.1,0.0,0.0,7.56,2.0,0.0072
2015-11-08 18:00:00,14.7,86,12.4,0.0,0.0,7.55,0.0,0.0
2015-11-08 19:00:00,15.4,88,13.5,0.0,0.0,7.47,0.0,0.0
2015-11-08 20:00:00,15.3,88,13.4,0.1,0.0,7.5,0.0,0.0
2015-11-08 21:00:00,15.2,87,13.1,0.4,0.0,7.76,0.0,0.0
2015-11-08 22:00:00,15.0,85,12.6,0.3,0.0,6.88,0.0,0.0
2015-11-08 23:00:00,14.4,88,12.4,0.0,0.0,6.26,0.0,0.0
2015-11-09 00:00:00,13.2,89,11.4,0.0,0.0,6.14,0.0,0.0
2015-11-09 01:00:00,12.3,87,10.3,0.0,0.0,5.85,0.0,0.0
2015-11-09 02:00:00,11.5,87,9.4,0.0,0.0,5.57,0.0,0.0
2015-11-09 03:00:00,10.8,86,8.6,0.0,0.0,4.68,0.0,0.0
2015-11-09 04:00:00,10.3,85,7.9,0.0,0.0,4.36,0.0,0.0
2015-11-09 05:00:00,9.7,86,7.5,0.0,0.0,4.69,0.0,0.0
2015-11-09 06:00:00,9.6,85,7.3,0.0,0.0,5.42,0.0,0.0
2015-11-09 07:00:00,9.5,84,7.0,0.0,0.0,5.95,0.0,0.0
2015-11-09 08:00:00,10.1,80,6.8,0.0,0.0,6.61,16.0,0.0576
2015-11-09 09:00:00,10.9,75,6.7,0.1,0.0,7.31,60.0,0.216
2015-11-09 10:00:00,11.7,74,7.2,0.3,0.0,7.15,107.0,0.3852
2015-11-09 11:00:00,12.1,74,7.6,0.1,0.0,7.07,113.0,0.4068
2015-11-09 12:00:00,12.7,73,8.1,0.0,0.0,7.0,140.0,0.504
2015-11-09 13:00:00,13.4,74,8.8,0.0,0.0,7.44,145.0,0.522
2015-11-09 14:00:00,13.6,73,8.8,0.0,0.0,7.94,74.0,0.26639999999999997
2015-11-09 15:00:00,13.6,74,9.0,0.0,0.0,7.89,53.0,0.1908
2015-11-09 16:00:00,13.6,75,9.2,0.0,0.0,8.06,22.0,0.07919999999999999
2015-11-09 17:00:00,13.1,79,9.5,0.0,0.0,8.49,2.0,0.0072
2015-11-09 18:00:00,13.2,80,9.8,0.0,0.0,8.78,0.0,0.0
2015-11-09 19:00:00,13.2,85,10.7,0.0,0.0,8.73,0.0,0.0
2015-11-09 20:00:00,13.4,84,10.8,0.0,0.0,8.4,0.0,0.0
2015-11-09 21:00:00,13.6,84,10.9,0.0,0.0,8.0,0.0,0.0
2015-11-09 22:00:00,13.8,84,11.1,0.0,0.0,7.32,0.0,0.0
2015-11-09 23:00:00,13.9,85,11.3,0.0,0.0,7.42,0.0,0.0
2015-11-10 00:00:00,14.0,85,11.5,0.0,0.0,7.3,0.0,0.0
2015-11-10 01:00:00,14.1,85,11.6,0.0,0.0,7.14,0.0,0.0
2015-11-10 02:00:00,14.2,85,11.8,0.0,0.0,7.16,0.0,0.0
2015-11-10 03:00:00,14.2,86,11.9,0.0,0.0,6.93,0.0,0.0
2015-11-10 04:00:00,14.3,87,12.1,0.0,0.0,6.57,0.0,0.0
2015-11-10 05:00:00,14.3,87,12.2,0.0,0.0,6.38,0.0,0.0
2015-11-10 06:00:00,14.3,87,12.2,0.0,0.0,6.2,0.0,0.0
2015-11-10 07:00:00,14.4,88,12.5,0.0,0.0,5.95,0.0,0.0
2015-11-10 08:00:00,14.4,89,12.6,0.0,0.0,6.01,6.0,0.0216
2015-11-10 09:00:00,14.7,88,12.7,0.0,0.0,6.29,46.0,0.1656
2015-11-10 10:00:00,14.9,87,12.8,0.0,0.0,7.36,83.0,0.2988
2015-11-10 11:00:00,15.1,86,12.7,0.0,0.0,6.93,99.0,0.3564
2015-11-10 12:00:00,15.2,85,12.7,0.0,0.0,6.24,112.0,0.4032
2015-11-10 13:00:00,15.2,86,12.8,0.0,0.0,6.16,99.0,0.3564
2015-11-10 14:00:00,15.0,86,12.7,0.0,0.0,6.02,70.0,0.252
2015-11-10 15:00:00,14.8,87,12.6,0.0,0.0,5.74,52.0,0.1872
2015-11-10 16:00:00,14.4,87,12.2,0.0,0.0,6.26,16.0,0.0576
2015-11-10 17:00:00,14.2,87,12.1,0.0,0.0,5.95,0.0,0.0
2015-11-10 18:00:00,14.0,88,12.0,0.0,0.0,5.59,0.0,0.0
2015-11-10 19:00:00,13.6,90,12.0,0.0,0.0,5.52,0.0,0.0
2015-11-10 20:00:00,13.4,91,12.0,0.0,0.0,5.45,0.0,0.0
2015-11-10 21:00:00,13.3,91,11.9,0.0,0.0,5.23,0.0,0.0
2015-11-10 22:00:00,13.3,91,11.9,0.0,0.0,4.81,0.0,0.0
2015-11-10 23:00:00,13.2,91,11.7,0.0,0.0,4.6,0.0,0.0
2015-11-11 00:00:00,13.2,90,11.6,0.0,0.0,4.68,0.0,0.0
2015-11-11 01:00:00,13.2,89,11.4,0.0,0.0,4.82,0.0,0.0
2015-11-11 02:00:00,13.0,89,11.2,0.0,0.0,4.88,0.0,0.0
2015-11-11 03:00:00,12.9,88,10.9,0.0,0.0,4.88,0.0,0.0
2015-11-11 04:00:00,12.8,87,10.7,0.0,0.0,4.96,0.0,0.0
2015-11-11 05:00:00,12.7,87,10.6,0.0,0.0,5.02,0.0,0.0
2015-11-11 06:00:00,12.7,87,10.6,0.0,0.0,5.09,0.0,0.0
2015-11-11 07:00:00,12.8,88,10.9,0.0,0.0,5.09,0.0,0.0
2015-11-11 08:00:00,12.9,88,10.9,0.0,0.0,5.23,7.0,0.0252
2015-11-11 09:00:00,13.2,87,11.0,0.0,0.0,5.31,52.0,0.1872
2015-11-11 10:00:00,13.8,83,10.9,0.0,0.0,5.39,130.0,0.46799999999999997
2015-11-11 11:00:00,14.2,79,10.6,0.0,0.0,6.76,183.0,0.6587999999999999
2015-11-11 12:00:00,14.6,75,10.3,0.0,0.0,6.61,198.0,0.7128
2015-11-11 13:00:00,15.0,72,10.1,0.0,0.0,7.11,214.0,0.7704
2015-11-11 14:00:00,14.9,73,10.1,0.0,0.0,6.52,144.0,0.5184
2015-11-11 15:00:00,14.6,75,10.2,0.0,0.0,6.16,96.0,0.3456
2015-11-11 16:00:00,13.8,79,10.2,0.0,0.0,5.8,36.0,0.1296
2015-11-11 17:00:00,13.4,81,10.3,0.0,0.0,5.59,1.0,0.0036
2015-11-11 18:00:00,13.2,83,10.5,0.0,0.0,5.45,0.0,0.0
2015-11-11 19:00:00,12.7,89,10.9,0.0,0.0,5.32,0.0,0.0
2015-11-11 20:00:00,12.3,91,11.0,0.0,0.0,5.45,0.0,0.0
2015-11-11 21:00:00,12.4,91,10.9,0.0,0.0,5.39,0.0,0.0
2015-11-11 22:00:00,12.3,90,10.7,0.0,0.0,5.33,0.0,0.0
2015-11-11 23:00:00,12.4,88,10.5,0.0,0.0,5.04,0.0,0.0
2015-11-12 00:00:00,12.5,88,10.5,0.0,0.0,4.84,0.0,0.0
2015-11-12 01:00:00,12.6,89,10.8,0.0,0.0,4.29,0.0,0.0
2015-11-12 02:00:00,13.0,88,11.1,0.0,0.0,3.36,0.0,0.0
2015-11-12 03:00:00,12.2,92,10.9,0.0,0.0,3.12,0.0,0.0
2015-11-12 04:00:00,10.9,95,10.1,0.0,0.0,3.14,0.0,0.0
2015-11-12 05:00:00,10.0,97,9.5,0.0,0.0,2.76,0.0,0.0
2015-11-12 06:00:00,9.7,97,9.2,0.0,0.0,2.56,0.0,0.0
2015-11-12 07:00:00,9.9,97,9.4,0.0,0.0,2.82,0.0,0.0
2015-11-12 08:00:00,10.4,96,9.8,0.0,0.0,3.18,13.0,0.0468
2015-11-12 09:00:00,11.8,92,10.6,0.0,0.0,3.49,71.0,0.2556
2015-11-12 10:00:00,13.2,84,10.5,0.0,0.0,5.32,143.0,0.5148
2015-11-12 11:00:00,14.1,81,10.9,0.0,0.0,5.59,133.0,0.4788
2015-11-12 12:00:00,14.8,81,11.5,0.0,0.0,5.86,117.0,0.42119999999999996
2015-11-12 13:00:00,15.1,81,11.8,0.0,0.0,6.15,122.0,0.4392
2015-11-12 14:00:00,15.0,82,12.0,0.0,0.0,6.23,168.0,0.6048
2015-11-12 15:00:00,14.7,82,11.7,0.0,0.0,5.99,148.0,0.5327999999999999
2015-11-12 16:00:00,13.8,83,11.0,0.0,0.0,6.1,44.0,0.15839999999999999
2015-11-12 17:00:00,13.4,84,10.7,0.0,0.0,6.26,1.0,0.0036
2015-11-12 18:00:00,13.2,85,10.6,0.0,0.0,6.58,0.0,0.0
2015-11-12 19:00:00,13.5,87,11.3,0.0,0.0,7.06,0.0,0.0
2015-11-12 20:00:00,13.7,85,11.3,0.0,0.0,7.52,0.0,0.0
2015-11-12 21:00:00,13.8,85,11.3,0.0,0.0,7.96,0.0,0.0
2015-11-12 22:00:00,13.6,85,11.2,0.0,0.0,7.41,0.0,0.0
2015-11-12 23:00:00,13.6,85,11.1,0.0,0.0,7.39,0.0,0.0
2015-11-13 00:00:00,13.6,83,10.7,0.0,0.0,7.8,0.0,0.0
2015-11-13 01:00:00,13.2,82,10.3,0.0,0.0,7.29,0.0,0.0
2015-11-13 02:00:00,12.7,80,9.4,0.0,0.0,7.07,0.0,0.0
2015-11-13 03:00:00,12.2,75,7.8,0.0,0.0,7.53,0.0,0.0
2015-11-13 04:00:00,11.3,70,5.9,0.0,0.0,6.93,0.0,0.0
2015-11-13 05:00:00,10.4,69,4.9,0.0,0.0,6.26,0.0,0.0
2015-11-13 06:00:00,9.6,70,4.4,0.0,0.0,6.04,0.0,0.0
2015-11-13 07:00:00,9.0,69,3.6,0.0,0.0,5.91,0.0,0.0
2015-11-13 08:00:00,8.9,72,4.1,0.0,0.0,5.95,16.0,0.0576
2015-11-13 09:00:00,9.7,72,4.8,0.0,0.0,6.58,109.0,0.39239999999999997
2015-11-13 10:00:00,10.9,71,5.8,0.0,0.0,6.08,202.0,0.7272
2015-11-13 11:00:00,10.4,75,6.1,0.4,0.0,7.84,191.0,0.6876
2015-11-13 12:00:00,10.1,70,4.9,0.0,0.0,6.82,153.0,0.5508
2015-11-13 13:00:00,10.4,61,3.2,0.0,0.0,6.99,250.0,0.9
2015-11-13 14:00:00,10.2,57,2.0,0.0,0.0,7.4,231.0,0.8316
2015-11-13 15:00:00,9.5,59,1.9,0.0,0.0,7.56,149.0,0.5364
2015-11-13 16:00:00,8.4,65,2.2,0.0,0.0,7.73,53.0,0.1908
2015-11-13 17:00:00,8.1,66,2.1,0.0,0.0,7.6,1.0,0.0036
2015-11-13 18:00:00,8.1,66,2.0,0.0,0.0,7.3,0.0,0.0
2015-11-13 19:00:00,8.0,67,2.2,0.0,0.0,6.94,0.0,0.0
2015-11-13 20:00:00,7.6,69,2.3,0.0,0.0,6.83,0.0,0.0
2015-11-13 21:00:00,7.5,72,2.7,0.0,0.0,6.84,0.0,0.0
2015-11-13 22:00:00,7.2,74,2.8,0.0,0.0,6.71,0.0,0.0
2015-11-13 23:00:00,7.2,74,3.0,0.0,0.0,7.2,0.0,0.0
2015-11-14 00:00:00,7.3,75,3.1,0.0,0.0,7.43,0.0,0.0
2015-11-14 01:00:00,7.4,75,3.2,0.0,0.0,7.03,0.0,0.0
2015-11-14 02:00:00,7.4,74,3.1,0.0,0.0,6.39,0.0,0.0
2015-11-14 03:00:00,7.3,75,3.2,0.0,0.0,6.17,0.0,0.0
2015-11-14 04:00:00,7.1,77,3.3,0.0,0.0,5.72,0.0,0.0
2015-11-14 05:00:00,6.9,78,3.2,0.0,0.0,5.19,0.0,0.0
2015-11-14 06:00:00,7.1,77,3.3,0.0,0.0,5.02,0.0,0.0
2015-11-14 07:00:00,7.5,82,4.6,0.0,0.0,4.78,0.0,0.0
2015-11-14 08:00:00,7.9,81,4.9,0.0,0.0,4.98,5.0,0.018
2015-11-14 09:00:00,8.5,81,5.4,0.2,0.0,4.78,21.0,0.0756
2015-11-14 10:00:00,8.8,83,6.1,0.6,0.0,3.89,30.0,0.108
2015-11-14 11:00:00,9.0,87,6.9,0.5,0.0,3.78,40.0,0.144
2015-11-14 12:00:00,9.4,87,7.3,0.3,0.0,4.08,53.0,0.1908
2015-11-14 13:00:00,9.5,88,7.6,0.3,0.0,4.65,35.0,0.126
2015-11-14 14:00:00,9.8,89,8.0,0.6,0.0,5.8,26.0,0.0936
2015-11-14 15:00:00,10.2,91,8.8,1.1,0.0,7.67,10.0,0.036
2015-11-14 16:00:00,11.1,91,9.7,0.7,0.0,8.82,3.0,0.0108
2015-11-14 17:00:00,11.9,91,10.4,0.0,0.0,8.42,0.0,0.0
2015-11-14 18:00:00,12.4,91,10.9,0.0,0.0,8.3,0.0,0.0
2015-11-14 19:00:00,12.8,92,11.6,0.0,0.0,8.46,0.0,0.0
2015-11-14 20:00:00,13.1,92,11.8,0.0,0.0,8.65,0.0,0.0
2015-11-14 21:00:00,13.2,91,11.8,0.0,0.0,8.68,0.0,0.0
2015-11-14 22:00:00,13.3,91,11.9,0.0,0.0,8.8,0.0,0.0
2015-11-14 23:00:00,13.5,89,11.8,0.0,0.0,9.78,0.0,0.0
2015-11-15 00:00:00,13.5,89,11.7,0.0,0.0,9.82,0.0,0.0
2015-11-15 01:00:00,13.5,87,11.4,0.0,0.0,9.67,0.0,0.0
2015-11-15 02:00:00,13.4,85,11.0,0.0,0.0,9.44,0.0,0.0
2015-11-15 03:00:00,13.3,85,10.8,0.0,0.0,9.39,0.0,0.0
2015-11-15 04:00:00,13.2,85,10.6,0.0,0.0,9.21,0.0,0.0
2015-11-15 05:00:00,13.2,83,10.4,0.0,0.0,9.04,0.0,0.0
2015-11-15 06:00:00,13.2,82,10.3,0.0,0.0,9.13,0.0,0.0
2015-11-15 07:00:00,12.8,83,10.0,0.0,0.0,9.31,0.0,0.0
2015-11-15 08:00:00,12.8,82,9.9,0.0,0.0,9.3,6.0,0.0216
2015-11-15 09:00:00,13.1,81,10.0,0.0,0.0,9.3,46.0,0.1656
2015-11-15 10:00:00,13.4,81,10.2,0.0,0.0,8.05,97.0,0.3492
2015-11-15 11:00:00,14.0,77,10.0,0.0,0.0,7.72,143.0,0.5148
2015-11-15 12:00:00,14.3,75,9.9,0.0,0.0,9.77,144.0,0.5184
2015-11-15 13:00:00,14.3,76,10.1,0.0,0.0,9.14,120.0,0.432
2015-11-15 14:00:00,14.5,76,10.2,0.0,0.0,8.36,112.0,0.4032
2015-11-15 15:00:00,14.3,75,10.0,0.0,0.0,7.22,65.0,0.23399999999999999
2015-11-15 16:00:00,13.8,78,10.0,0.0,0.0,7.02,23.0,0.0828
2015-11-15 17:00:00,13.4,80,10.0,0.0,0.0,6.9,0.0,0.0
2015-11-15 18:00:00,13.1,82,10.1,0.0,0.0,7.09,0.0,0.0
2015-11-15 19:00:00,13.0,83,10.2,0.0,0.0,7.36,0.0,0.0
2015-11-15 20:00:00,12.8,82,9.7,0.0,0.0,7.57,0.0,0.0
2015-11-15 21:00:00,12.5,80,9.2,0.0,0.0,7.57,0.0,0.0
2015-11-15 22:00:00,12.2,79,8.8,0.0,0.0,7.43,0.0,0.0
2015-11-15 23:00:00,12.1,79,8.6,0.0,0.0,7.59,0.0,0.0
2015-11-16 00:00:00,12.0,79,8.5,0.0,0.0,7.87,0.0,0.0
2015-11-16 01:00:00,12.2,79,8.6,0.0,0.0,8.15,0.0,0.0
2015-11-16 02:00:00,12.5,78,8.7,0.0,0.0,8.51,0.0,0.0
2015-11-16 03:00:00,13.0,78,9.3,0.0,0.0,8.58,0.0,0.0
2015-11-16 04:00:00,13.4,80,10.1,0.0,0.0,8.2,0.0,0.0
2015-11-16 05:00:00,13.7,83,10.9,0.0,0.0,7.43,0.0,0.0
2015-11-16 06:00:00,13.7,84,11.1,0.0,0.0,6.62,0.0,0.0
2015-11-16 07:00:00,13.7,90,12.0,0.2,0.0,6.18,0.0,0.0
2015-11-16 08:00:00,13.4,87,11.2,0.0,0.0,6.15,4.0,0.0144
2015-11-16 09:00:00,13.0,84,10.3,0.0,0.0,6.15,40.0,0.144
2015-11-16 10:00:00,13.0,81,9.8,0.0,0.0,5.37,108.0,0.3888
2015-11-16 11:00:00,13.2,76,9.2,0.0,0.0,5.46,169.0,0.6083999999999999
2015-11-16 12:00:00,13.0,76,8.8,0.0,0.0,5.86,131.0,0.47159999999999996
2015-11-16 13:00:00,12.9,73,8.3,0.0,0.0,5.61,118.0,0.4248
2015-11-16 14:00:00,12.9,71,7.7,0.0,0.0,5.42,96.0,0.3456
2015-11-16 15:00:00,12.5,71,7.3,0.0,0.0,5.41,57.0,0.2052
2015-11-16 16:00:00,12.1,71,7.0,0.0,0.0,5.32,16.0,0.0576
2015-11-16 17:00:00,11.4,74,6.9,0.7,0.0,4.74,0.0,0.0
2015-11-16 18:00:00,11.0,76,6.9,0.0,0.0,4.17,0.0,0.0
2015-11-16 19:00:00,11.0,80,7.7,0.0,0.0,4.52,0.0,0.0
2015-11-16 20:00:00,10.9,82,7.9,0.0,0.0,5.02,0.0,0.0
2015-11-16 21:00:00,11.4,82,8.4,0.0,0.0,4.77,0.0,0.0
2015-11-16 22:00:00,11.6,85,9.2,0.4,0.0,4.44,0.0,0.0
2015-11-16 23:00:00,11.7,90,10.1,1.2,0.0,4.4,0.0,0.0
2015-11-17 00:00:00,11.9,93,10.8,1.3,0.0,4.81,0.0,0.0
2015-11-17 01:00:00,12.0,95,11.2,1.7,0.0,4.27,0.0,0.0
2015-11-17 02:00:00,12.0,97,11.5,1.1,0.0,4.69,0.0,0.0
2015-11-17 03:00:00,12.2,97,11.7,0.0,0.0,7.2,0.0,0.0
2015-11-17 04:00:00,12.4,95,11.7,0.0,0.0,7.31,0.0,0.0
2015-11-17 05:00:00,12.3,93,11.3,0.0,0.0,6.31,0.0,0.0
2015-11-17 06:00:00,12.0,90,10.4,0.0,0.0,6.0,0.0,0.0
2015-11-17 07:00:00,11.9,88,10.0,0.0,0.0,5.69,0.0,0.0
2015-11-17 08:00:00,12.0,87,9.8,0.0,0.0,5.28,3.0,0.0108
2015-11-17 09:00:00,12.1,86,9.8,0.0,0.0,5.38,29.0,0.10439999999999999
2015-11-17 10:00:00,12.5,84,9.9,0.0,0.0,5.2,69.0,0.24839999999999998
2015-11-17 11:00:00,12.7,83,9.8,0.0,0.0,5.83,90.0,0.324
2015-11-17 12:00:00,12.9,80,9.5,0.0,0.0,7.02,117.0,0.42119999999999996
2015-11-17 13:00:00,13.9,83,11.0,0.2,0.0,7.63,149.0,0.5364
2015-11-17 14:00:00,14.2,89,12.5,0.7,0.0,9.33,37.0,0.13319999999999999
2015-11-17 15:00:00,14.7,91,13.3,0.5,0.0,10.08,24.0,0.0864
2015-11-17 16:00:00,15.1,87,12.9,0.1,0.0,10.63,12.0,0.0432
2015-11-17 17:00:00,14.3,84,11.7,0.0,0.0,10.48,0.0,0.0
2015-11-17 18:00:00,14.1,81,10.8,0.0,0.0,10.98,0.0,0.0
2015-11-17 19:00:00,13.8,74,9.2,0.0,0.0,11.78,0.0,0.0
2015-11-17 20:00:00,13.7,68,7.9,0.0,0.0,12.48,0.0,0.0
2015-11-17 21:00:00,13.3,67,7.2,0.0,0.0,12.74,0.0,0.0
2015-11-17 22:00:00,12.9,67,6.9,0.0,0.0,11.13,0.0,0.0
2015-11-17 23:00:00,12.3,67,6.3,0.0,0.0,10.61,0.0,0.0
2015-11-18 00:00:00,11.6,66,5.5,0.0,0.0,10.21,0.0,0.0
2015-11-18 01:00:00,11.2,67,5.2,0.0,0.0,9.58,0.0,0.0
2015-11-18 02:00:00,10.7,69,5.3,0.0,0.0,8.47,0.0,0.0
2015-11-18 03:00:00,10.2,72,5.5,0.0,0.0,6.99,0.0,0.0
2015-11-18 04:00:00,10.0,75,5.8,0.0,0.0,5.98,0.0,0.0
2015-11-18 05:00:00,9.8,80,6.5,0.0,0.0,5.95,0.0,0.0
2015-11-18 06:00:00,9.7,86,7.4,0.0,0.0,5.94,0.0,0.0
2015-11-18 07:00:00,10.8,84,8.2,0.0,0.0,6.12,0.0,0.0
2015-11-18 08:00:00,11.0,82,8.1,0.0,0.0,6.08,5.0,0.018
2015-11-18 09:00:00,11.8,80,8.5,0.0,0.0,6.97,59.0,0.2124
2015-11-18 10:00:00,12.8,80,9.4,0.0,0.0,6.53,132.0,0.4752
2015-11-18 11:00:00,13.8,74,9.2,0.0,0.0,11.14,212.0,0.7632
2015-11-18 12:00:00,14.2,70,8.8,0.0,0.0,10.41,221.0,0.7956
2015-11-18 13:00:00,14.2,71,9.0,0.0,0.0,10.19,186.0,0.6696
2015-11-18 14:00:00,14.2,73,9.4,0.0,0.0,10.12,101.0,0.3636
2015-11-18 15:00:00,14.1,77,10.2,0.2,0.0,9.69,33.0,0.1188
2015-11-18 16:00:00,14.3,78,10.5,0.2,0.0,9.63,12.0,0.0432
2015-11-18 17:00:00,13.4,83,10.6,0.3,0.0,9.34,0.0,0.0
2015-11-18 18:00:00,13.1,79,9.5,0.0,0.0,8.8,0.0,0.0
2015-11-18 19:00:00,12.7,74,8.1,0.0,0.0,8.5,0.0,0.0
2015-11-18 20:00:00,12.2,72,7.3,0.0,0.0,8.41,0.0,0.0
2015-11-18 21:00:00,12.1,71,7.0,0.0,0.0,8.36,0.0,0.0
2015-11-18 22:00:00,11.9,71,6.9,0.0,0.0,8.92,0.0,0.0
2015-11-18 23:00:00,11.9,70,6.6,0.0,0.0,9.02,0.0,0.0
2015-11-19 00:00:00,11.7,69,6.2,0.0,0.0,8.6,0.0,0.0
2015-11-19 01:00:00,11.5,69,6.0,0.0,0.0,8.35,0.0,0.0
2015-11-19 02:00:00,11.1,71,6.0,0.0,0.0,7.88,0.0,0.0
2015-11-19 03:00:00,10.9,73,6.1,0.0,0.0,7.62,0.0,0.0
2015-11-19 04:00:00,10.8,73,6.2,0.0,0.0,7.32,0.0,0.0
2015-11-19 05:00:00,11.1,72,6.3,0.0,0.0,6.77,0.0,0.0
2015-11-19 06:00:00,11.2,72,6.2,0.0,0.0,6.84,0.0,0.0
2015-11-19 07:00:00,10.8,76,6.7,0.0,0.0,6.99,0.0,0.0
2015-11-19 08:00:00,10.7,77,6.9,0.0,0.0,6.58,6.0,0.0216
2015-11-19 09:00:00,11.0,78,7.4,0.1,0.0,6.58,30.0,0.108
2015-11-19 10:00:00,10.9,83,8.2,1.9,0.0,5.05,43.0,0.1548
2015-11-19 11:00:00,10.9,88,9.0,0.5,0.0,4.64,71.0,0.2556
2015-11-19 12:00:00,10.9,90,9.4,0.4,0.0,4.08,53.0,0.1908
2015-11-19 13:00:00,10.7,91,9.3,1.1,0.0,3.2,28.0,0.1008
2015-11-19 14:00:00,10.7,90,9.1,0.4,0.0,2.91,45.0,0.162
2015-11-19 15:00:00,10.4,88,8.6,0.0,0.0,3.11,28.0,0.1008
2015-11-19 16:00:00,9.9,88,8.0,0.0,0.0,3.41,25.0,0.09
2015-11-19 17:00:00,9.4,88,7.4,0.0,0.0,3.91,0.0,0.0
2015-11-19 18:00:00,9.0,88,7.1,0.0,0.0,4.4,0.0,0.0
2015-11-19 19:00:00,8.8,89,7.1,0.0,0.0,4.61,0.0,0.0
2015-11-19 20:00:00,8.9,88,7.0,0.0,0.0,4.62,0.0,0.0
2015-11-19 21:00:00,8.8,88,6.9,0.0,0.0,4.52,0.0,0.0
2015-11-19 22:00:00,8.7,88,6.8,0.0,0.0,4.41,0.0,0.0
2015-11-19 23:00:00,8.4,89,6.6,0.0,0.0,4.42,0.0,0.0
2015-11-20 00:00:00,8.2,89,6.5,0.0,0.0,3.96,0.0,0.0
2015-11-20 01:00:00,8.2,88,6.3,0.0,0.0,3.92,0.0,0.0
2015-11-20 02:00:00,8.1,87,6.0,0.0,0.0,3.72,0.0,0.0
2015-11-20 03:00:00,7.9,87,5.8,0.0,0.0,3.41,0.0,0.0
2015-11-20 04:00:00,7.5,87,5.4,0.0,0.0,3.13,0.0,0.0
2015-11-20 05:00:00,7.3,86,5.1,0.0,0.0,3.31,0.0,0.0
2015-11-20 06:00:00,7.0,86,4.8,0.0,0.0,2.89,0.0,0.0
2015-11-20 07:00:00,7.2,84,4.7,0.0,0.0,3.0,0.0,0.0
2015-11-20 08:00:00,7.0,86,4.8,0.0,0.0,3.16,3.0,0.0108
2015-11-20 09:00:00,7.3,85,4.9,0.0,0.0,3.55,32.0,0.1152
2015-11-20 10:00:00,7.6,84,5.1,0.0,0.0,3.22,65.0,0.23399999999999999
2015-11-20 11:00:00,8.0,80,4.8,0.0,0.0,3.81,102.0,0.36719999999999997
2015-11-20 12:00:00,8.3,75,4.2,0.0,0.0,4.8,205.0,0.738
2015-11-20 13:00:00,8.3,72,3.5,0.0,0.0,5.2,197.0,0.7091999999999999
2015-11-20 14:00:00,8.2,69,2.9,0.0,0.0,5.5,196.0,0.7056
2015-11-20 15:00:00,7.9,68,2.3,0.0,0.0,5.4,122.0,0.4392
2015-11-20 16:00:00,7.2,68,1.7,0.0,0.0,5.32,36.0,0.1296
2015-11-20 17:00:00,6.6,69,1.3,0.0,0.0,5.61,0.0,0.0
2015-11-20 18:00:00,6.4,69,1.2,0.0,0.0,6.0,0.0,0.0
2015-11-20 19:00:00,6.4,72,1.6,0.0,0.0,5.94,0.0,0.0
2015-11-20 20:00:00,5.8,74,1.6,0.0,0.0,5.47,0.0,0.0
2015-11-20 21:00:00,5.2,77,1.4,0.0,0.0,5.22,0.0,0.0
2015-11-20 22:00:00,4.6,77,0.9,0.0,0.0,4.96,0.0,0.0
2015-11-20 23:00:00,4.2,72,-0.5,0.0,0.0,5.48,0.0,0.0
2015-11-21 00:00:00,3.6,68,-1.8,0.0,0.0,5.51,0.0,0.0
2015-11-21 01:00:00,2.8,66,-3.0,0.0,0.0,6.14,0.0,0.0
2015-11-21 02:00:00,2.3,67,-3.3,0.0,0.0,6.39,0.0,0.0
2015-11-21 03:00:00,2.5,70,-2.4,0.0,0.0,6.44,0.0,0.0
2015-11-21 04:00:00,2.6,72,-2.0,0.0,0.0,6.77,0.0,0.0
2015-11-21 05:00:00,2.7,72,-1.9,0.0,0.0,6.59,0.0,0.0
2015-11-21 06:00:00,2.8,73,-1.6,0.0,0.0,6.81,0.0,0.0
2015-11-21 07:00:00,2.2,81,-0.8,0.0,0.0,7.48,0.0,0.0
2015-11-21 08:00:00,2.0,90,0.5,0.6,0.07,8.46,4.0,0.0144
2015-11-21 09:00:00,3.8,90,2.3,0.6,0.07,10.32,30.0,0.108
2015-11-21 10:00:00,4.8,83,2.2,0.2,0.0,9.75,87.0,0.3132
2015-11-21 11:00:00,4.7,77,1.0,0.0,0.0,8.94,156.0,0.5616
2015-11-21 12:00:00,4.3,69,-1.0,0.0,0.0,9.73,229.0,0.8244
2015-11-21 13:00:00,4.2,62,-2.4,0.0,0.0,9.54,279.0,1.0044
2015-11-21 14:00:00,3.9,58,-3.5,0.0,0.0,8.77,229.0,0.8244
2015-11-21 15:00:00,3.4,58,-4.2,0.0,0.0,7.85,135.0,0.486
2015-11-21 16:00:00,2.7,56,-5.2,0.0,0.0,7.29,39.0,0.1404
2015-11-21 17:00:00,2.1,56,-5.8,0.0,0.0,6.74,0.0,0.0
2015-11-21 18:00:00,1.6,56,-6.2,0.0,0.0,6.3,0.0,0.0
2015-11-21 19:00:00,1.3,61,-5.5,0.0,0.0,5.52,0.0,0.0
2015-11-21 20:00:00,0.9,62,-5.7,0.0,0.0,4.86,0.0,0.0
2015-11-21 21:00:00,0.4,63,-5.7,0.0,0.0,4.47,0.0,0.0
2015-11-21 22:00:00,-0.0,65,-5.8,0.0,0.0,4.39,0.0,0.0
2015-11-21 23:00:00,-0.4,67,-5.7,0.0,0.0,4.31,0.0,0.0
2015-11-22 00:00:00,-0.6,70,-5.5,0.0,0.0,3.82,0.0,0.0
2015-11-22 01:00:00,-1.0,73,-5.2,0.0,0.0,3.75,0.0,0.0
2015-11-22 02:00:00,-1.5,78,-4.8,0.0,0.0,3.47,0.0,0.0
2015-11-22 03:00:00,-1.9,82,-4.5,0.0,0.0,3.34,0.0,0.0
2015-11-22 04:00:00,-2.3,86,-4.3,0.0,0.0,2.91,0.0,0.0
2015-11-22 05:00:00,-2.5,88,-4.3,0.0,0.0,2.42,0.0,0.0
2015-11-22 06:00:00,-2.6,89,-4.1,0.0,0.0,2.36,0.0,0.0
2015-11-22 07:00:00,-2.5,94,-3.4,0.0,0.0,2.14,0.0,0.0
2015-11-22 08:00:00,-2.3,95,-3.1,0.0,0.0,2.16,5.0,0.018
2015-11-22 09:00:00,-0.5,94,-1.3,0.0,0.0,2.39,70.0,0.252
2015-11-22 10:00:00,2.1,88,0.3,0.0,0.0,2.06,163.0,0.5868
2015-11-22 11:00:00,3.5,83,0.9,0.0,0.0,2.27,234.0,0.8423999999999999
2015-11-22 12:00:00,4.6,78,1.0,0.0,0.0,2.41,262.0,0.9431999999999999
2015-11-22 13:00:00,5.2,73,0.8,0.0,0.0,2.78,241.0,0.8675999999999999
2015-11-22 14:00:00,5.5,70,0.5,0.0,0.0,3.49,192.0,0.6912
2015-11-22 15:00:00,5.1,73,0.7,0.0,0.0,3.07,116.0,0.41759999999999997
2015-11-22 16:00:00,4.0,78,0.5,0.0,0.0,2.97,33.0,0.1188
2015-11-22 17:00:00,3.5,80,0.5,0.0,0.0,3.48,0.0,0.0
2015-11-22 18:00:00,2.6,86,0.5,0.0,0.0,3.81,0.0,0.0
2015-11-22 19:00:00,2.6,88,0.7,0.0,0.0,3.88,0.0,0.0
2015-11-22 20:00:00,2.4,90,0.8,0.0,0.0,3.98,0.0,0.0
2015-11-22 21:00:00,1.9,92,0.7,0.0,0.0,3.73,0.0,0.0
2015-11-22 22:00:00,1.4,94,0.5,0.0,0.0,3.26,0.0,0.0
2015-11-22 23:00:00,1.0,94,0.2,0.0,0.0,3.42,0.0,0.0
2015-11-23 00:00:00,0.6,94,-0.2,0.0,0.0,3.3,0.0,0.0
2015-11-23 01:00:00,0.3,95,-0.5,0.0,0.0,3.01,0.0,0.0
2015-11-23 02:00:00,-0.2,95,-0.9,0.0,0.0,2.69,0.0,0.0
2015-11-23 03:00:00,-0.7,95,-1.4,0.0,0.0,2.62,0.0,0.0
2015-11-23 04:00:00,-1.1,95,-1.9,0.0,0.0,2.44,0.0,0.0
2015-11-23 05:00:00,-1.5,95,-2.2,0.0,0.0,1.84,0.0,0.0
2015-11-23 06:00:00,-1.8,95,-2.5,0.0,0.0,1.79,0.0,0.0
2015-11-23 07:00:00,-1.5,96,-2.0,0.0,0.0,1.97,0.0,0.0
2015-11-23 08:00:00,-0.5,96,-1.0,0.0,0.0,1.66,4.0,0.0144
2015-11-23 09:00:00,-0.3,96,-0.9,0.0,0.0,1.4,73.0,0.2628
2015-11-23 10:00:00,1.8,92,0.7,0.0,0.0,1.34,168.0,0.6048
2015-11-23 11:00:00,3.5,87,1.6,0.0,0.0,1.5,233.0,0.8388
2015-11-23 12:00:00,4.8,83,2.1,0.0,0.0,1.98,248.0,0.8927999999999999
2015-11-23 13:00:00,5.5,78,2.0,0.0,0.0,2.55,209.0,0.7524
2015-11-23 14:00:00,5.6,76,1.8,0.0,0.0,2.91,138.0,0.49679999999999996
2015-11-23 15:00:00,5.3,78,1.8,0.0,0.0,2.97,87.0,0.3132
2015-11-23 16:00:00,4.6,81,1.7,0.0,0.0,3.14,25.0,0.09
2015-11-23 17:00:00,4.1,84,1.7,0.0,0.0,3.61,0.0,0.0
2015-11-23 18:00:00,4.0,85,1.7,0.0,0.0,4.02,0.0,0.0
2015-11-23 19:00:00,4.6,83,2.0,0.0,0.0,4.19,0.0,0.0
2015-11-23 20:00:00,5.0,82,2.2,0.0,0.0,4.38,0.0,0.0
2015-11-23 21:00:00,5.5,80,2.3,0.0,0.0,4.6,0.0,0.0
2015-11-23 22:00:00,5.9,77,2.2,0.1,0.0,4.84,0.0,0.0
2015-11-23 23:00:00,6.1,77,2.4,0.2,0.0,5.25,0.0,0.0
2015-11-24 00:00:00,6.1,82,3.2,1.0,0.0,5.6,0.0,0.0
2015-11-24 01:00:00,6.2,85,3.8,0.4,0.0,5.89,0.0,0.0
2015-11-24 02:00:00,6.7,86,4.5,0.6,0.0,6.2,0.0,0.0
2015-11-24 03:00:00,7.2,88,5.4,0.8,0.0,6.48,0.0,0.0
2015-11-24 04:00:00,7.8,89,6.2,0.9,0.0,6.7,0.0,0.0
2015-11-24 05:00:00,8.3,91,6.9,0.9,0.0,6.74,0.0,0.0
2015-11-24 06:00:00,8.8,91,7.4,0.7,0.0,6.29,0.0,0.0
2015-11-24 07:00:00,9.2,93,8.2,0.4,0.0,5.16,0.0,0.0
2015-11-24 08:00:00,9.2,95,8.5,0.2,0.0,4.14,0.0,0.0
2015-11-24 09:00:00,9.0,96,8.4,0.0,0.0,4.39,13.0,0.0468
2015-11-24 10:00:00,8.5,92,7.3,0.0,0.0,3.94,43.0,0.1548
2015-11-24 11:00:00,8.0,88,6.2,0.0,0.0,3.73,44.0,0.15839999999999999
2015-11-24 12:00:00,7.5,89,5.7,0.2,0.0,4.1,35.0,0.126
2015-11-24 13:00:00,7.4,90,5.8,0.3,0.0,4.64,58.0,0.20879999999999999
2015-11-24 14:00:00,7.7,89,6.0,0.1,0.0,4.71,88.0,0.31679999999999997
2015-11-24 15:00:00,7.7,89,6.0,0.2,0.0,4.95,67.0,0.2412
2015-11-24 16:00:00,7.5,90,6.0,0.3,0.0,4.9,14.0,0.0504
2015-11-24 17:00:00,7.5,91,6.1,0.4,0.0,4.81,0.0,0.0
2015-11-24 18:00:00,7.6,90,6.1,0.2,0.0,5.2,0.0,0.0
2015-11-24 19:00:00,7.4,90,5.9,0.4,0.0,5.15,0.0,0.0
2015-11-24 20:00:00,7.1,90,5.5,0.0,0.0,4.85,0.0,0.0
2015-11-24 21:00:00,6.4,91,5.0,0.0,0.0,5.0,0.0,0.0
2015-11-24 22:00:00,6.1,91,4.8,0.0,0.0,4.43,0.0,0.0
2015-11-24 23:00:00,5.9,92,4.7,0.0,0.0,4.75,0.0,0.0
2015-11-25 00:00:00,5.8,92,4.6,0.0,0.0,4.81,0.0,0.0
2015-11-25 01:00:00,5.7,92,4.5,0.0,0.0,4.73,0.0,0.0
2015-11-25 02:00:00,5.6,92,4.4,0.0,0.0,4.85,0.0,0.0
2015-11-25 03:00:00,5.5,92,4.3,0.0,0.0,5.0,0.0,0.0
2015-11-25 04:00:00,5.4,92,4.2,0.0,0.0,4.96,0.0,0.0
2015-11-25 05:00:00,5.4,92,4.2,0.0,0.0,4.93,0.0,0.0
2015-11-25 06:00:00,5.4,92,4.1,0.0,0.0,5.22,0.0,0.0
2015-11-25 07:00:00,5.8,91,4.5,0.0,0.0,5.33,0.0,0.0
2015-11-25 08:00:00,6.3,91,4.9,0.0,0.0,5.24,2.0,0.0072
2015-11-25 09:00:00,7.0,90,5.5,0.0,0.0,5.37,28.0,0.1008
2015-11-25 10:00:00,7.7,88,5.9,0.0,0.0,5.01,52.0,0.1872
2015-11-25 11:00:00,8.2,86,6.0,0.1,0.0,5.35,62.0,0.22319999999999998
2015-11-25 12:00:00,8.9,84,6.3,0.0,0.0,5.36,121.0,0.4356
2015-11-25 13:00:00,9.1,82,6.2,0.0,0.0,5.45,118.0,0.4248
2015-11-25 14:00:00,9.1,80,5.8,0.0,0.0,5.95,133.0,0.4788
2015-11-25 15:00:00,8.8,78,5.3,0.0,0.0,5.88,78.0,0.2808
2015-11-25 16:00:00,8.0,81,4.9,0.0,0.0,4.78,23.0,0.0828
2015-11-25 17:00:00,7.3,84,4.7,0.0,0.0,4.48,0.0,0.0
2015-11-25 18:00:00,6.5,87,4.5,0.0,0.0,4.12,0.0,0.0
2015-11-25 19:00:00,6.3,90,4.8,0.0,0.0,3.62,0.0,0.0
2015-11-25 20:00:00,6.1,91,4.8,0.0,0.0,3.47,0.0,0.0
2015-11-25 21:00:00,5.7,92,4.6,0.0,0.0,3.32,0.0,0.0
2015-11-25 22:00:00,5.9,93,4.8,0.0,0.0,2.55,0.0,0.0
2015-11-25 23:00:00,5.7,94,4.8,0.0,0.0,2.56,0.0,0.0
2015-11-26 00:00:00,5.4,95,4.6,0.0,0.0,2.52,0.0,0.0
2015-11-26 01:00:00,4.9,96,4.2,0.0,0.0,2.72,0.0,0.0
2015-11-26 02:00:00,4.5,96,4.0,0.0,0.0,2.66,0.0,0.0
2015-11-26 03:00:00,4.1,97,3.7,0.0,0.0,2.64,0.0,0.0
2015-11-26 04:00:00,4.0,98,3.7,0.0,0.0,2.55,0.0,0.0
2015-11-26 05:00:00,4.2,98,3.9,0.0,0.0,2.69,0.0,0.0
2015-11-26 06:00:00,4.0,99,3.8,0.0,0.0,2.88,0.0,0.0
2015-11-26 07:00:00,4.9,98,4.6,0.0,0.0,2.44,0.0,0.0
2015-11-26 08:00:00,5.2,98,4.9,0.0,0.0,2.33,1.0,0.0036
2015-11-26 09:00:00,6.1,97,5.7,0.0,0.0,2.44,38.0,0.1368
2015-11-26 10:00:00,8.3,93,7.2,0.0,0.0,2.11,95.0,0.34199999999999997
2015-11-26 11:00:00,9.2,88,7.3,0.0,0.0,2.48,131.0,0.47159999999999996
2015-11-26 12:00:00,9.8,82,6.9,0.0,0.0,2.34,149.0,0.5364
2015-11-26 13:00:00,10.2,78,6.6,0.0,0.0,2.02,128.0,0.4608
2015-11-26 14:00:00,10.1,81,6.9,0.0,0.0,2.12,84.0,0.3024
2015-11-26 15:00:00,10.0,82,7.1,0.0,0.0,2.0,61.0,0.2196
2015-11-26 16:00:00,9.0,87,6.9,0.0,0.0,2.11,15.0,0.054
2015-11-26 17:00:00,8.6,90,7.0,0.0,0.0,2.22,0.0,0.0
2015-11-26 18:00:00,8.4,92,7.1,0.0,0.0,2.12,0.0,0.0
2015-11-26 19:00:00,8.3,95,7.6,0.0,0.0,1.75,0.0,0.0
2015-11-26 20:00:00,7.7,97,7.2,0.0,0.0,1.92,0.0,0.0
2015-11-26 21:00:00,7.5,97,7.1,0.0,0.0,2.19,0.0,0.0
2015-11-26 22:00:00,7.3,97,6.9,0.0,0.0,2.69,0.0,0.0
2015-11-26 23:00:00,7.0,97,6.6,0.0,0.0,2.83,0.0,0.0
2015-11-27 00:00:00,7.2,97,6.8,0.0,0.0,3.04,0.0,0.0
2015-11-27 01:00:00,7.1,97,6.7,0.0,0.0,3.18,0.0,0.0
2015-11-27 02:00:00,7.6,97,7.2,0.0,0.0,3.25,0.0,0.0
2015-11-27 03:00:00,7.9,97,7.5,0.0,0.0,3.34,0.0,0.0
2015-11-27 04:00:00,8.2,97,7.8,0.0,0.0,3.66,0.0,0.0
2015-11-27 05:00:00,8.5,98,8.1,0.0,0.0,3.97,0.0,0.0
2015-11-27 06:00:00,9.0,97,8.6,0.0,0.0,4.22,0.0,0.0
2015-11-27 07:00:00,9.7,96,9.2,0.0,0.0,4.39,0.0,0.0
2015-11-27 08:00:00,10.2,96,9.5,0.0,0.0,4.79,0.0,0.0
2015-11-27 09:00:00,10.7,95,10.0,0.0,0.0,5.05,7.0,0.0252
2015-11-27 10:00:00,11.1,95,10.4,0.0,0.0,5.32,14.0,0.0504
2015-11-27 11:00:00,11.6,95,10.7,0.0,0.0,5.69,37.0,0.13319999999999999
2015-11-27 12:00:00,11.7,94,10.8,0.0,0.0,5.74,33.0,0.1188
2015-11-27 13:00:00,11.9,90,10.3,0.0,0.0,6.04,60.0,0.216
2015-11-27 14:00:00,11.7,86,9.4,0.0,0.0,6.44,53.0,0.1908
2015-11-27 15:00:00,11.3,82,8.4,0.0,0.0,6.44,35.0,0.126
2015-11-27 16:00:00,10.9,81,7.7,0.0,0.0,6.3,10.0,0.036
2015-11-27 17:00:00,10.6,81,7.5,0.0,0.0,6.45,0.0,0.0
2015-11-27 18:00:00,10.6,83,7.8,0.0,0.0,6.46,0.0,0.0
2015-11-27 19:00:00,10.9,85,8.6,0.0,0.0,6.86,0.0,0.0
2015-11-27 20:00:00,10.7,84,8.1,0.4,0.0,8.11,0.0,0.0
2015-11-27 21:00:00,8.4,87,6.3,0.6,0.0,8.08,0.0,0.0
2015-11-27 22:00:00,7.0,90,5.4,0.3,0.0,7.44,0.0,0.0
2015-11-27 23:00:00,5.6,85,3.4,0.0,0.0,7.1,0.0,0.0
2015-11-28 00:00:00,4.6,83,2.0,0.0,0.0,6.04,0.0,0.0
2015-11-28 01:00:00,3.9,83,1.4,0.0,0.0,5.7,0.0,0.0
2015-11-28 02:00:00,3.5,83,0.8,0.0,0.0,5.43,0.0,0.0
2015-11-28 03:00:00,3.1,82,0.3,0.0,0.0,5.18,0.0,0.0
2015-11-28 04:00:00,2.7,82,-0.1,0.0,0.0,4.81,0.0,0.0
2015-11-28 05:00:00,2.4,82,-0.4,0.0,0.0,4.52,0.0,0.0
2015-11-28 06:00:00,2.2,82,-0.6,0.0,0.0,4.51,0.0,0.0
2015-11-28 07:00:00,2.3,81,-0.7,0.0,0.0,4.49,0.0,0.0
2015-11-28 08:00:00,2.3,80,-0.8,0.0,0.0,4.74,2.0,0.0072
2015-11-28 09:00:00,3.3,79,-0.1,0.0,0.0,5.14,59.0,0.2124
2015-11-28 10:00:00,5.0,77,1.4,0.0,0.0,5.02,153.0,0.5508
2015-11-28 11:00:00,6.8,72,2.2,0.0,0.0,5.73,223.0,0.8028
2015-11-28 12:00:00,7.9,70,2.7,0.0,0.0,5.76,210.0,0.756
2015-11-28 13:00:00,8.1,70,3.1,0.0,0.0,7.29,123.0,0.44279999999999997
2015-11-28 14:00:00,8.1,72,3.5,0.0,0.0,7.71,72.0,0.2592
2015-11-28 15:00:00,8.2,75,3.9,0.0,0.0,7.78,57.0,0.2052
2015-11-28 16:00:00,8.0,77,4.2,0.5,0.0,8.2,16.0,0.0576
2015-11-28 17:00:00,7.8,80,4.5,0.6,0.0,8.8,0.0,0.0
2015-11-28 18:00:00,8.1,81,5.1,0.0,0.0,8.84,0.0,0.0
2015-11-28 19:00:00,9.0,79,5.5,0.2,0.0,8.82,0.0,0.0
2015-11-28 20:00:00,9.3,79,5.8,0.1,0.0,8.46,0.0,0.0
2015-11-28 21:00:00,9.1,80,5.8,0.0,0.0,8.1,0.0,0.0
2015-11-28 22:00:00,8.9,80,5.7,0.0,0.0,8.1,0.0,0.0
2015-11-28 23:00:00,9.0,81,5.8,0.0,0.0,8.21,0.0,0.0
2015-11-29 00:00:00,8.9,81,5.7,0.0,0.0,7.8,0.0,0.0
2015-11-29 01:00:00,8.7,82,5.8,0.0,0.0,7.61,0.0,0.0
2015-11-29 02:00:00,8.9,81,5.8,0.0,0.0,7.57,0.0,0.0
2015-11-29 03:00:00,8.9,83,6.2,0.0,0.0,7.84,0.0,0.0
2015-11-29 04:00:00,8.9,83,6.1,0.0,0.0,7.75,0.0,0.0
2015-11-29 05:00:00,8.6,83,5.9,0.0,0.0,7.69,0.0,0.0
2015-11-29 06:00:00,8.4,84,5.9,0.0,0.0,7.51,0.0,0.0
2015-11-29 07:00:00,9.0,80,5.8,0.0,0.0,7.77,0.0,0.0
2015-11-29 08:00:00,9.7,80,6.4,0.0,0.0,8.18,1.0,0.0036
2015-11-29 09:00:00,10.4,80,7.0,0.0,0.0,9.0,13.0,0.0468
2015-11-29 10:00:00,10.8,77,6.9,0.0,0.0,9.48,52.0,0.1872
2015-11-29 11:00:00,11.2,74,6.7,0.0,0.0,10.15,105.0,0.378
2015-11-29 12:00:00,11.4,73,6.8,0.0,0.0,10.56,97.0,0.3492
2015-11-29 13:00:00,12.0,71,6.9,0.0,0.0,10.92,146.0,0.5256
2015-11-29 14:00:00,12.4,70,7.0,0.0,0.0,10.96,60.0,0.216
2015-11-29 15:00:00,12.6,68,7.0,0.0,0.0,11.12,49.0,0.1764
2015-11-29 16:00:00,12.6,70,7.2,0.0,0.0,11.42,9.0,0.0324
2015-11-29 17:00:00,12.7,70,7.4,0.0,0.0,10.65,0.0,0.0
2015-11-29 18:00:00,12.2,74,7.6,0.1,0.0,9.97,0.0,0.0
2015-11-29 19:00:00,11.5,77,7.7,0.0,0.0,9.41,0.0,0.0
2015-11-29 20:00:00,11.6,75,7.4,0.0,0.0,9.35,0.0,0.0
2015-11-29 21:00:00,11.1,74,6.7,0.0,0.0,8.7,0.0,0.0
2015-11-29 22:00:00,10.6,71,5.5,0.0,0.0,6.5,0.0,0.0
2015-11-29 23:00:00,9.7,69,4.2,0.0,0.0,6.5,0.0,0.0
2015-11-30 00:00:00,8.7,68,3.1,0.0,0.0,6.3,0.0,0.0
2015-11-30 01:00:00,7.9,68,2.3,0.0,0.0,5.91,0.0,0.0
2015-11-30 02:00:00,7.3,69,2.0,0.0,0.0,5.02,0.0,0.0
2015-11-30 03:00:00,6.8,71,1.9,0.0,0.0,4.54,0.0,0.0
2015-11-30 04:00:00,6.4,75,2.3,0.0,0.0,3.99,0.0,0.0
2015-11-30 05:00:00,6.7,79,3.3,0.0,0.0,3.34,0.0,0.0
2015-11-30 06:00:00,7.3,83,4.6,0.0,0.0,4.25,0.0,0.0
2015-11-30 07:00:00,9.4,90,7.8,0.3,0.0,7.05,0.0,0.0
2015-11-30 08:00:00,10.0,89,8.2,0.2,0.0,7.58,0.0,0.0
2015-11-30 09:00:00,10.2,88,8.3,0.1,0.0,7.79,18.0,0.0648
2015-11-30 10:00:00,10.7,86,8.5,0.0,0.0,8.21,39.0,0.1404
2015-11-30 11:00:00,11.1,83,8.3,0.0,0.0,8.85,55.0,0.19799999999999998
2015-11-30 12:00:00,11.6,79,8.0,0.0,0.0,9.6,106.0,0.3816
2015-11-30 13:00:00,12.0,77,8.0,0.0,0.0,9.93,111.0,0.3996
2015-11-30 14:00:00,12.1,77,8.3,0.0,0.0,10.05,31.0,0.11159999999999999
2015-11-30 15:00:00,12.4,78,8.6,0.0,0.0,10.11,14.0,0.0504
2015-11-30 16:00:00,12.7,78,8.9,0.0,0.0,9.79,2.0,0.0072
2015-11-30 17:00:00,12.8,79,9.2,0.1,0.0,9.55,0.0,0.0
2015-11-30 18:00:00,12.9,80,9.5,0.0,0.0,9.27,0.0,0.0
2015-11-30 19:00:00,12.4,86,10.1,0.0,0.0,8.79,0.0,0.0
2015-11-30 20:00:00,12.6,86,10.3,0.0,0.0,8.32,0.0,0.0
2015-11-30 21:00:00,12.6,87,10.4,0.0,0.0,7.67,0.0,0.0
2015-11-30 22:00:00,12.6,88,10.6,0.0,0.0,5.89,0.0,0.0
2015-11-30 23:00:00,12.5,90,10.8,0.3,0.0,5.18,0.0,0.0
2015-12-01 00:00:00,12.2,93,11.1,0.5,0.0,4.79,0.0,0.0
2015-12-01 01:00:00,11.9,95,11.1,0.5,0.0,4.83,0.0,0.0
2015-12-01 02:00:00,11.6,96,10.9,0.4,0.0,4.73,0.0,0.0
2015-12-01 03:00:00,11.3,97,10.8,0.3,0.0,4.75,0.0,0.0
2015-12-01 04:00:00,11.2,96,10.7,0.2,0.0,5.1,0.0,0.0
2015-12-01 05:00:00,11.5,96,10.9,0.3,0.0,5.69,0.0,0.0
2015-12-01 06:00:00,12.1,95,11.2,0.0,0.0,5.98,0.0,0.0
2015-12-01 07:00:00,12.2,91,10.9,0.0,0.0,6.11,0.0,0.0
2015-12-01 08:00:00,12.2,90,10.7,0.0,0.0,6.07,0.0,0.0
2015-12-01 09:00:00,12.2,89,10.5,0.0,0.0,5.91,15.0,0.054
2015-12-01 10:00:00,12.3,87,10.2,0.0,0.0,5.91,41.0,0.1476
2015-12-01 11:00:00,12.5,83,9.7,0.0,0.0,6.4,98.0,0.3528
2015-12-01 12:00:00,12.5,79,8.9,0.0,0.0,6.62,131.0,0.47159999999999996
2015-12-01 13:00:00,12.6,75,8.4,0.0,0.0,6.59,137.0,0.49319999999999997
2015-12-01 14:00:00,12.6,75,8.2,0.0,0.0,6.5,101.0,0.3636
2015-12-01 15:00:00,12.3,76,8.1,0.0,0.0,6.07,80.0,0.288
2015-12-01 16:00:00,11.7,78,7.9,0.0,0.0,5.99,16.0,0.0576
2015-12-01 17:00:00,11.1,80,7.7,0.0,0.0,6.07,0.0,0.0
2015-12-01 18:00:00,10.6,81,7.4,0.0,0.0,5.82,0.0,0.0
2015-12-01 19:00:00,11.3,75,7.0,0.0,0.0,5.64,0.0,0.0
2015-12-01 20:00:00,11.3,72,6.4,0.0,0.0,5.62,0.0,0.0
2015-12-01 21:00:00,11.3,72,6.3,0.0,0.0,5.81,0.0,0.0
2015-12-01 22:00:00,11.1,73,6.5,0.0,0.0,5.37,0.0,0.0
2015-12-01 23:00:00,11.0,74,6.6,0.0,0.0,5.52,0.0,0.0
2015-12-02 00:00:00,10.7,77,6.8,0.0,0.0,5.52,0.0,0.0
2015-12-02 01:00:00,10.3,82,7.4,0.0,0.0,5.62,0.0,0.0
2015-12-02 02:00:00,10.2,86,7.9,0.0,0.0,5.75,0.0,0.0
2015-12-02 03:00:00,10.6,85,8.1,0.0,0.0,5.88,0.0,0.0
2015-12-02 04:00:00,10.7,83,7.9,0.0,0.0,5.95,0.0,0.0
2015-12-02 05:00:00,10.2,84,7.6,0.0,0.0,5.95,0.0,0.0
2015-12-02 06:00:00,10.4,84,7.8,0.0,0.0,5.9,0.0,0.0
2015-12-02 07:00:00,10.7,85,8.2,0.0,0.0,5.92,0.0,0.0
2015-12-02 08:00:00,10.5,88,8.5,0.0,0.0,5.86,0.0,0.0
2015-12-02 09:00:00,11.1,86,8.9,0.0,0.0,6.08,23.0,0.0828
2015-12-02 10:00:00,11.7,85,9.2,0.0,0.0,5.78,63.0,0.2268
2015-12-02 11:00:00,12.1,84,9.5,0.0,0.0,5.69,124.0,0.44639999999999996
2015-12-02 12:00:00,12.4,82,9.3,0.0,0.0,6.57,160.0,0.576
2015-12-02 13:00:00,12.3,83,9.5,0.0,0.0,6.91,142.0,0.5112
2015-12-02 14:00:00,12.4,82,9.4,0.0,0.0,6.77,139.0,0.5004
2015-12-02 15:00:00,12.1,80,8.8,0.0,0.0,6.44,87.0,0.3132
2015-12-02 16:00:00,11.4,82,8.5,0.0,0.0,6.14,14.0,0.0504
2015-12-02 17:00:00,11.4,82,8.4,0.0,0.0,6.14,0.0,0.0
2015-12-02 18:00:00,11.7,80,8.4,0.0,0.0,6.11,0.0,0.0
2015-12-02 19:00:00,11.9,84,9.3,0.0,0.0,5.97,0.0,0.0
2015-12-02 20:00:00,12.2,82,9.2,0.0,0.0,5.78,0.0,0.0
2015-12-02 21:00:00,12.3,81,9.2,0.0,0.0,5.92,0.0,0.0
2015-12-02 22:00:00,12.5,80,9.2,0.0,0.0,5.69,0.0,0.0
2015-12-02 23:00:00,12.5,80,9.2,0.0,0.0,5.75,0.0,0.0
2015-12-03 00:00:00,12.6,80,9.1,0.0,0.0,5.78,0.0,0.0
2015-12-03 01:00:00,12.4,79,8.9,0.0,0.0,6.0,0.0,0.0
2015-12-03 02:00:00,12.2,80,8.9,0.0,0.0,6.24,0.0,0.0
2015-12-03 03:00:00,11.9,82,9.0,0.0,0.0,6.0,0.0,0.0
2015-12-03 04:00:00,11.4,85,9.1,0.0,0.0,5.82,0.0,0.0
2015-12-03 05:00:00,10.9,89,9.1,0.0,0.0,5.55,0.0,0.0
2015-12-03 06:00:00,10.6,91,9.1,0.0,0.0,5.39,0.0,0.0
2015-12-03 07:00:00,10.6,93,9.5,0.0,0.0,5.44,0.0,0.0
2015-12-03 08:00:00,10.5,94,9.6,0.0,0.0,5.38,0.0,0.0
2015-12-03 09:00:00,10.8,93,9.7,0.0,0.0,5.58,30.0,0.108
2015-12-03 10:00:00,11.4,90,9.8,0.0,0.0,5.42,83.0,0.2988
2015-12-03 11:00:00,11.8,87,9.6,0.0,0.0,6.02,121.0,0.4356
2015-12-03 12:00:00,11.8,86,9.5,0.0,0.0,5.93,88.0,0.31679999999999997
2015-12-03 13:00:00,11.6,86,9.3,0.0,0.0,5.74,59.0,0.2124
2015-12-03 14:00:00,11.4,86,9.2,0.0,0.0,5.7,53.0,0.1908
2015-12-03 15:00:00,11.3,84,8.7,0.0,0.0,6.84,45.0,0.162
2015-12-03 16:00:00,11.1,81,8.0,0.0,0.0,7.32,12.0,0.0432
2015-12-03 17:00:00,11.2,78,7.5,0.0,0.0,7.81,0.0,0.0
2015-12-03 18:00:00,11.5,75,7.1,0.0,0.0,8.39,0.0,0.0
2015-12-03 19:00:00,11.7,76,7.5,0.2,0.0,9.04,0.0,0.0
2015-12-03 20:00:00,11.6,78,7.8,0.4,0.0,9.3,0.0,0.0
2015-12-03 21:00:00,11.1,85,8.7,0.8,0.0,9.58,0.0,0.0
2015-12-03 22:00:00,11.4,89,9.6,0.3,0.0,8.84,0.0,0.0
2015-12-03 23:00:00,11.9,90,10.3,0.3,0.0,8.85,0.0,0.0
2015-12-04 00:00:00,12.4,89,10.6,0.5,0.0,8.71,0.0,0.0
2015-12-04 01:00:00,11.0,87,9.0,0.4,0.0,7.37,0.0,0.0
2015-12-04 02:00:00,7.9,82,5.0,0.0,0.0,6.38,0.0,0.0
2015-12-04 03:00:00,6.9,83,4.2,0.0,0.0,5.35,0.0,0.0
2015-12-04 04:00:00,6.2,82,3.4,0.0,0.0,5.05,0.0,0.0
2015-12-04 05:00:00,5.7,82,2.8,0.0,0.0,4.92,0.0,0.0
2015-12-04 06:00:00,5.3,82,2.6,0.0,0.0,4.85,0.0,0.0
2015-12-04 07:00:00,5.4,86,3.3,0.0,0.0,4.7,0.0,0.0
2015-12-04 08:00:00,5.6,88,3.8,0.0,0.0,5.02,0.0,0.0
2015-12-04 09:00:00,6.7,86,4.6,0.0,0.0,5.76,44.0,0.15839999999999999
2015-12-04 10:00:00,8.2,83,5.4,0.0,0.0,5.5,130.0,0.46799999999999997
2015-12-04 11:00:00,9.6,81,6.5,0.0,0.0,5.17,203.0,0.7308
2015-12-04 12:00:00,10.6,79,7.1,0.0,0.0,5.66,240.0,0.864
2015-12-04 13:00:00,11.2,77,7.4,0.0,0.0,5.81,233.0,0.8388
2015-12-04 14:00:00,11.4,77,7.5,0.0,0.0,6.59,173.0,0.6228
2015-12-04 15:00:00,11.2,77,7.2,0.0,0.0,6.51,96.0,0.3456
2015-12-04 16:00:00,10.7,78,7.1,0.0,0.0,6.58,17.0,0.0612
2015-12-04 17:00:00,10.5,80,7.2,0.0,0.0,6.86,0.0,0.0
2015-12-04 18:00:00,10.6,79,7.2,0.0,0.0,7.08,0.0,0.0
2015-12-04 19:00:00,10.3,84,7.7,0.0,0.0,7.29,0.0,0.0
2015-12-04 20:00:00,10.1,84,7.6,0.0,0.0,7.72,0.0,0.0
2015-12-04 21:00:00,10.2,83,7.5,0.0,0.0,8.06,0.0,0.0
2015-12-04 22:00:00,10.4,81,7.2,0.0,0.0,8.14,0.0,0.0
2015-12-04 23:00:00,10.5,79,7.0,0.0,0.0,8.51,0.0,0.0
2015-12-05 00:00:00,10.6,79,7.0,0.0,0.0,8.73,0.0,0.0
2015-12-05 01:00:00,10.5,79,6.9,0.0,0.0,8.85,0.0,0.0
2015-12-05 02:00:00,10.6,78,6.9,0.0,0.0,9.13,0.0,0.0
2015-12-05 03:00:00,10.8,76,6.7,0.0,0.0,9.12,0.0,0.0
2015-12-05 04:00:00,10.9,75,6.6,0.0,0.0,8.91,0.0,0.0
2015-12-05 05:00:00,10.9,75,6.6,0.0,0.0,8.91,0.0,0.0
2015-12-05 06:00:00,11.0,75,6.7,0.0,0.0,8.91,0.0,0.0
2015-12-05 07:00:00,10.8,79,7.3,0.0,0.0,8.95,0.0,0.0
2015-12-05 08:00:00,10.8,78,7.2,0.0,0.0,9.22,0.0,0.0
2015-12-05 09:00:00,10.8,78,7.2,0.0,0.0,9.58,16.0,0.0576
2015-12-05 10:00:00,10.9,79,7.3,0.0,0.0,9.21,55.0,0.19799999999999998
2015-12-05 11:00:00,11.1,76,7.1,0.0,0.0,9.9,95.0,0.34199999999999997
2015-12-05 12:00:00,11.5,74,6.9,0.0,0.0,10.52,119.0,0.4284
2015-12-05 13:00:00,11.5,75,7.2,0.0,0.0,10.04,94.0,0.3384
2015-12-05 14:00:00,11.4,75,7.0,0.0,0.0,10.23,56.0,0.2016
2015-12-05 15:00:00,11.4,76,7.3,0.0,0.0,10.08,43.0,0.1548
2015-12-05 16:00:00,11.5,76,7.4,0.0,0.0,9.9,6.0,0.0216
2015-12-05 17:00:00,11.4,77,7.6,0.0,0.0,9.82,0.0,0.0
2015-12-05 18:00:00,11.4,78,7.7,0.0,0.0,9.59,0.0,0.0
2015-12-05 19:00:00,11.4,79,8.0,0.0,0.0,9.75,0.0,0.0
2015-12-05 20:00:00,11.5,80,8.2,0.0,0.0,9.89,0.0,0.0
2015-12-05 21:00:00,11.2,81,8.1,0.0,0.0,9.84,0.0,0.0
2015-12-05 22:00:00,11.0,79,7.4,0.0,0.0,8.79,0.0,0.0
2015-12-05 23:00:00,10.9,76,6.8,0.0,0.0,8.95,0.0,0.0
2015-12-06 00:00:00,10.9,74,6.4,0.0,0.0,9.08,0.0,0.0
2015-12-06 01:00:00,11.0,76,6.9,0.0,0.0,8.94,0.0,0.0
2015-12-06 02:00:00,11.3,78,7.6,0.0,0.0,9.03,0.0,0.0
2015-12-06 03:00:00,11.6,79,8.0,0.0,0.0,8.95,0.0,0.0
2015-12-06 04:00:00,11.8,80,8.6,0.0,0.0,9.06,0.0,0.0
2015-12-06 05:00:00,12.2,82,9.3,0.0,0.0,9.04,0.0,0.0
2015-12-06 06:00:00,12.4,84,9.9,0.0,0.0,8.93,0.0,0.0
2015-12-06 07:00:00,12.6,85,10.1,0.1,0.0,9.18,0.0,0.0
2015-12-06 08:00:00,12.9,85,10.4,0.0,0.0,9.26,0.0,0.0
2015-12-06 09:00:00,12.9,83,10.1,0.0,0.0,9.2,15.0,0.054
2015-12-06 10:00:00,12.9,82,10.0,0.0,0.0,8.07,67.0,0.2412
2015-12-06 11:00:00,12.8,81,9.6,0.0,0.0,7.71,37.0,0.13319999999999999
2015-12-06 12:00:00,12.8,79,9.2,0.0,0.0,7.5,43.0,0.1548
2015-12-06 13:00:00,12.9,78,9.2,0.0,0.0,7.14,52.0,0.1872
2015-12-06 14:00:00,13.1,79,9.5,0.0,0.0,6.58,47.0,0.1692
2015-12-06 15:00:00,13.1,80,9.8,0.0,0.0,5.87,39.0,0.1404
2015-12-06 16:00:00,12.5,84,9.9,0.0,0.0,5.02,11.0,0.039599999999999996
2015-12-06 17:00:00,11.9,88,10.1,0.0,0.0,4.56,0.0,0.0
2015-12-06 18:00:00,11.5,92,10.2,0.0,0.0,4.33,0.0,0.0
2015-12-06 19:00:00,12.3,91,11.0,0.0,0.0,4.36,0.0,0.0
2015-12-06 20:00:00,12.5,91,11.0,0.0,0.0,4.17,0.0,0.0
2015-12-06 21:00:00,12.6,90,11.0,0.0,0.0,3.94,0.0,0.0
2015-12-06 22:00:00,12.6,89,10.9,0.0,0.0,3.01,0.0,0.0
2015-12-06 23:00:00,12.6,89,10.8,0.0,0.0,3.45,0.0,0.0
2015-12-07 00:00:00,12.6,88,10.7,0.0,0.0,3.9,0.0,0.0
2015-12-07 01:00:00,12.5,88,10.6,0.0,0.0,4.27,0.0,0.0
2015-12-07 02:00:00,12.4,89,10.6,0.0,0.0,4.3,0.0,0.0
2015-12-07 03:00:00,12.1,91,10.7,0.1,0.0,4.65,0.0,0.0
2015-12-07 04:00:00,11.7,94,10.7,0.0,0.0,4.65,0.0,0.0
2015-12-07 05:00:00,11.7,93,10.6,0.0,0.0,4.59,0.0,0.0
2015-12-07 06:00:00,11.5,93,10.4,0.0,0.0,4.56,0.0,0.0
2015-12-07 07:00:00,11.7,95,10.9,0.0,0.0,4.41,0.0,0.0
2015-12-07 08:00:00,11.5,95,10.8,0.0,0.0,4.36,0.0,0.0
2015-12-07 09:00:00,11.8,95,11.1,0.0,0.0,4.54,17.0,0.0612
2015-12-07 10:00:00,12.4,93,11.4,0.0,0.0,4.72,43.0,0.1548
2015-12-07 11:00:00,12.8,92,11.6,0.0,0.0,5.14,54.0,0.1944
2015-12-07 12:00:00,13.1,91,11.6,0.0,0.0,5.26,97.0,0.3492
2015-12-07 13:00:00,13.0,91,11.6,0.0,0.0,4.21,92.0,0.3312
2015-12-07 14:00:00,13.0,90,11.4,0.0,0.0,3.96,108.0,0.3888
2015-12-07 15:00:00,12.6,88,10.7,0.0,0.0,4.3,74.0,0.26639999999999997
2015-12-07 16:00:00,11.3,90,9.8,0.0,0.0,4.49,18.0,0.0648
2015-12-07 17:00:00,10.5,92,9.2,0.0,0.0,4.83,0.0,0.0
2015-12-07 18:00:00,10.2,91,8.8,0.0,0.0,5.29,0.0,0.0
2015-12-07 19:00:00,10.3,87,8.2,0.0,0.0,5.7,0.0,0.0
2015-12-07 20:00:00,10.3,85,8.0,0.0,0.0,5.85,0.0,0.0
2015-12-07 21:00:00,10.5,84,7.9,0.0,0.0,6.03,0.0,0.0
2015-12-07 22:00:00,10.3,85,7.9,0.0,0.0,5.8,0.0,0.0
2015-12-07 23:00:00,10.3,86,8.0,0.0,0.0,5.8,0.0,0.0
2015-12-08 00:00:00,10.2,87,8.2,0.0,0.0,5.8,0.0,0.0
2015-12-08 01:00:00,10.2,88,8.3,0.0,0.0,5.9,0.0,0.0
2015-12-08 02:00:00,10.3,88,8.4,0.0,0.0,5.93,0.0,0.0
2015-12-08 03:00:00,10.6,87,8.6,0.1,0.0,5.97,0.0,0.0
2015-12-08 04:00:00,10.9,87,8.9,0.5,0.0,5.69,0.0,0.0
2015-12-08 05:00:00,11.1,90,9.5,0.9,0.0,5.9,0.0,0.0
2015-12-08 06:00:00,11.4,92,10.1,1.1,0.0,5.99,0.0,0.0
2015-12-08 07:00:00,11.8,93,10.7,0.5,0.0,5.98,0.0,0.0
2015-12-08 08:00:00,12.1,93,11.0,0.5,0.0,5.85,0.0,0.0
2015-12-08 09:00:00,12.2,93,11.1,0.2,0.0,5.87,9.0,0.0324
2015-12-08 10:00:00,12.4,91,10.9,0.2,0.0,5.83,35.0,0.126
2015-12-08 11:00:00,12.4,89,10.6,0.1,0.0,5.6,50.0,0.18
2015-12-08 12:00:00,12.5,83,9.7,0.0,0.0,6.74,130.0,0.46799999999999997
2015-12-08 13:00:00,12.2,78,8.5,0.0,0.0,6.16,148.0,0.5327999999999999
2015-12-08 14:00:00,11.9,75,7.5,0.0,0.0,5.94,137.0,0.49319999999999997
2015-12-08 15:00:00,11.3,72,6.4,0.0,0.0,6.48,93.0,0.3348
2015-12-08 16:00:00,10.5,68,4.9,0.0,0.0,5.98,18.0,0.0648
2015-12-08 17:00:00,9.6,66,3.5,0.0,0.0,6.1,0.0,0.0
2015-12-08 18:00:00,8.9,66,3.0,0.0,0.0,6.33,0.0,0.0
2015-12-08 19:00:00,8.6,71,3.6,0.0,0.0,6.52,0.0,0.0
2015-12-08 20:00:00,8.2,73,3.6,0.0,0.0,6.36,0.0,0.0
2015-12-08 21:00:00,7.8,75,3.6,0.0,0.0,5.92,0.0,0.0
2015-12-08 22:00:00,7.4,77,3.6,0.0,0.0,5.0,0.0,0.0
2015-12-08 23:00:00,6.9,79,3.5,0.0,0.0,4.46,0.0,0.0
2015-12-09 00:00:00,6.3,82,3.5,0.0,0.0,4.12,0.0,0.0
2015-12-09 01:00:00,5.9,85,3.5,0.0,0.0,4.25,0.0,0.0
2015-12-09 02:00:00,5.6,87,3.5,0.0,0.0,4.02,0.0,0.0
2015-12-09 03:00:00,5.2,88,3.4,0.0,0.0,3.85,0.0,0.0
2015-12-09 04:00:00,4.8,90,3.3,0.0,0.0,3.69,0.0,0.0
2015-12-09 05:00:00,4.4,91,3.0,0.0,0.0,3.61,0.0,0.0
2015-12-09 06:00:00,4.1,91,2.8,0.0,0.0,3.68,0.0,0.0
2015-12-09 07:00:00,4.1,93,3.0,0.0,0.0,3.75,0.0,0.0
2015-12-09 08:00:00,4.2,92,3.0,0.0,0.0,4.06,0.0,0.0
2015-12-09 09:00:00,5.0,89,3.4,0.0,0.0,4.55,34.0,0.1224
2015-12-09 10:00:00,6.9,84,4.4,0.0,0.0,4.47,119.0,0.4284
2015-12-09 11:00:00,8.6,80,5.3,0.0,0.0,4.38,184.0,0.6624
2015-12-09 12:00:00,9.9,75,5.6,0.0,0.0,4.66,227.0,0.8171999999999999
2015-12-09 13:00:00,10.6,72,5.8,0.0,0.0,4.75,221.0,0.7956
2015-12-09 14:00:00,10.8,69,5.4,0.0,0.0,6.02,174.0,0.6264
2015-12-09 15:00:00,10.3,69,5.0,0.0,0.0,6.13,91.0,0.3276
2015-12-09 16:00:00,9.7,71,4.8,0.0,0.0,6.35,16.0,0.0576
2015-12-09 17:00:00,9.6,73,4.9,0.0,0.0,6.6,0.0,0.0
2015-12-09 18:00:00,9.5,74,5.1,0.0,0.0,6.8,0.0,0.0
2015-12-09 19:00:00,9.7,79,6.2,0.0,0.0,7.0,0.0,0.0
2015-12-09 20:00:00,9.9,78,6.2,0.0,0.0,7.22,0.0,0.0
2015-12-09 21:00:00,10.1,78,6.3,0.0,0.0,7.56,0.0,0.0
2015-12-09 22:00:00,10.0,79,6.5,0.0,0.0,7.7,0.0,0.0
2015-12-09 23:00:00,9.8,81,6.6,0.0,0.0,7.58,0.0,0.0
2015-12-10 00:00:00,9.8,81,6.8,0.0,0.0,7.8,0.0,0.0
2015-12-10 01:00:00,9.8,82,6.9,0.0,0.0,7.86,0.0,0.0
2015-12-10 02:00:00,9.9,82,6.9,0.0,0.0,8.0,0.0,0.0
2015-12-10 03:00:00,9.8,82,6.9,0.0,0.0,7.98,0.0,0.0
2015-12-10 04:00:00,10.0,81,6.8,0.0,0.0,7.82,0.0,0.0
2015-12-10 05:00:00,9.9,81,6.8,0.0,0.0,7.67,0.0,0.0
2015-12-10 06:00:00,9.8,81,6.7,0.0,0.0,7.54,0.0,0.0
2015-12-10 07:00:00,10.3,81,7.1,0.0,0.0,7.46,0.0,0.0
2015-12-10 08:00:00,10.2,82,7.3,0.0,0.0,7.63,0.0,0.0
2015-12-10 09:00:00,10.3,83,7.6,0.0,0.0,7.63,21.0,0.0756
2015-12-10 10:00:00,10.7,83,7.9,0.0,0.0,7.32,66.0,0.2376
2015-12-10 11:00:00,10.9,84,8.3,0.0,0.0,7.55,95.0,0.34199999999999997
2015-12-10 12:00:00,11.0,84,8.5,0.0,0.0,7.16,101.0,0.3636
2015-12-10 13:00:00,11.0,84,8.4,0.0,0.0,6.96,102.0,0.36719999999999997
2015-12-10 14:00:00,11.1,82,8.1,0.0,0.0,7.24,64.0,0.2304
2015-12-10 15:00:00,11.1,80,7.9,0.0,0.0,7.04,31.0,0.11159999999999999
2015-12-10 16:00:00,10.9,82,7.9,0.2,0.0,6.76,5.0,0.018
2015-12-10 17:00:00,10.9,84,8.3,0.3,0.0,6.88,0.0,0.0
2015-12-10 18:00:00,10.7,89,9.0,0.9,0.0,6.94,0.0,0.0
2015-12-10 19:00:00,10.8,91,9.3,0.3,0.0,6.23,0.0,0.0
2015-12-10 20:00:00,10.7,91,9.3,0.7,0.0,5.11,0.0,0.0
2015-12-10 21:00:00,10.3,92,9.1,0.9,0.0,4.49,0.0,0.0
2015-12-10 22:00:00,9.9,88,8.0,1.7,0.0,3.84,0.0,0.0
2015-12-10 23:00:00,9.5,89,7.7,0.6,0.0,4.39,0.0,0.0
2015-12-11 00:00:00,9.4,90,7.9,0.6,0.0,4.56,0.0,0.0
2015-12-11 01:00:00,9.5,92,8.2,0.0,0.0,4.67,0.0,0.0
2015-12-11 02:00:00,9.7,91,8.2,0.0,0.0,5.08,0.0,0.0
2015-12-11 03:00:00,9.4,90,7.8,0.0,0.0,5.73,0.0,0.0
2015-12-11 04:00:00,8.8,88,7.0,0.0,0.0,5.61,0.0,0.0
2015-12-11 05:00:00,8.3,88,6.3,0.0,0.0,5.44,0.0,0.0
2015-12-11 06:00:00,7.8,87,5.8,0.0,0.0,5.29,0.0,0.0
2015-12-11 07:00:00,8.6,86,6.4,0.0,0.0,5.15,0.0,0.0
2015-12-11 08:00:00,8.5,86,6.3,0.0,0.0,5.58,0.0,0.0
2015-12-11 09:00:00,8.7,85,6.4,0.0,0.0,5.77,11.0,0.039599999999999996
2015-12-11 10:00:00,9.1,83,6.4,0.0,0.0,5.3,40.0,0.144
2015-12-11 11:00:00,9.5,80,6.2,0.0,0.0,5.61,78.0,0.2808
2015-12-11 12:00:00,9.5,80,6.1,0.1,0.0,5.51,39.0,0.1404
2015-12-11 13:00:00,9.5,80,6.2,0.2,0.0,5.7,34.0,0.1224
2015-12-11 14:00:00,9.3,82,6.3,0.1,0.0,5.51,16.0,0.0576
2015-12-11 15:00:00,9.0,83,6.2,0.0,0.0,5.3,15.0,0.054
2015-12-11 16:00:00,8.6,81,5.6,0.0,0.0,5.12,4.0,0.0144
2015-12-11 17:00:00,8.2,79,4.7,0.0,0.0,4.71,0.0,0.0
2015-12-11 18:00:00,7.1,81,4.0,0.0,0.0,4.33,0.0,0.0
2015-12-11 19:00:00,6.8,82,4.0,0.0,0.0,4.14,0.0,0.0
2015-12-11 20:00:00,6.2,85,3.9,0.0,0.0,4.04,0.0,0.0
2015-12-11 21:00:00,5.6,88,3.7,0.0,0.0,3.85,0.0,0.0
2015-12-11 22:00:00,5.0,89,3.4,0.0,0.0,3.04,0.0,0.0
2015-12-11 23:00:00,4.5,91,3.1,0.0,0.0,2.94,0.0,0.0
2015-12-12 00:00:00,4.0,92,2.8,0.0,0.0,2.79,0.0,0.0
2015-12-12 01:00:00,3.6,93,2.5,0.0,0.0,2.67,0.0,0.0
2015-12-12 02:00:00,3.6,93,2.6,0.0,0.0,2.6,0.0,0.0
2015-12-12 03:00:00,3.6,94,2.6,0.0,0.0,2.59,0.0,0.0
2015-12-12 04:00:00,3.4,94,2.5,0.0,0.0,2.33,0.0,0.0
2015-12-12 05:00:00,3.5,95,2.7,0.0,0.0,2.16,0.0,0.0
2015-12-12 06:00:00,3.5,95,2.8,0.0,0.0,2.28,0.0,0.0
2015-12-12 07:00:00,4.9,92,3.7,0.0,0.0,2.31,0.0,0.0
2015-12-12 08:00:00,5.7,89,4.0,0.0,0.0,3.06,0.0,0.0
2015-12-12 09:00:00,6.5,84,4.0,0.0,0.0,4.18,6.0,0.0216
2015-12-12 10:00:00,7.9,84,5.3,0.2,0.0,5.3,20.0,0.072
2015-12-12 11:00:00,9.9,89,8.1,0.1,0.0,6.01,43.0,0.1548
2015-12-12 12:00:00,11.2,86,9.0,0.0,0.0,8.02,71.0,0.2556
2015-12-12 13:00:00,11.3,85,8.8,0.2,0.0,9.54,55.0,0.19799999999999998
2015-12-12 14:00:00,11.3,84,8.7,0.3,0.0,9.57,66.0,0.2376
2015-12-12 15:00:00,11.0,86,8.7,0.1,0.0,9.33,36.0,0.1296
2015-12-12 16:00:00,10.9,86,8.7,0.1,0.0,9.12,4.0,0.0144
2015-12-12 17:00:00,11.0,86,8.8,0.0,0.0,9.2,0.0,0.0
2015-12-12 18:00:00,11.1,87,8.9,0.0,0.0,9.3,0.0,0.0
2015-12-12 19:00:00,11.7,86,9.4,0.0,0.0,9.26,0.0,0.0
2015-12-12 20:00:00,11.8,85,9.3,0.0,0.0,9.02,0.0,0.0
2015-12-12 21:00:00,11.7,84,9.2,0.0,0.0,8.96,0.0,0.0
2015-12-12 22:00:00,11.8,83,9.0,0.0,0.0,8.47,0.0,0.0
2015-12-12 23:00:00,11.7,83,8.9,0.0,0.0,8.19,0.0,0.0
2015-12-13 00:00:00,11.8,82,8.9,0.0,0.0,6.93,0.0,0.0
2015-12-13 01:00:00,11.6,84,9.0,0.2,0.0,5.0,0.0,0.0
2015-12-13 02:00:00,10.6,89,8.9,0.4,0.0,2.83,0.0,0.0
2015-12-13 03:00:00,9.0,93,7.9,0.4,0.0,2.41,0.0,0.0
2015-12-13 04:00:00,7.7,94,6.8,0.2,0.0,2.82,0.0,0.0
2015-12-13 05:00:00,6.8,94,5.9,0.1,0.0,3.32,0.0,0.0
2015-12-13 06:00:00,6.4,94,5.5,0.3,0.0,3.22,0.0,0.0
2015-12-13 07:00:00,6.1,94,5.2,0.2,0.0,3.26,0.0,0.0
2015-12-13 08:00:00,6.1,93,5.1,0.0,0.0,3.2,0.0,0.0
2015-12-13 09:00:00,6.3,94,5.4,0.0,0.0,3.22,4.0,0.0144
2015-12-13 10:00:00,6.7,93,5.7,0.0,0.0,3.03,15.0,0.054
2015-12-13 11:00:00,7.3,93,6.2,0.0,0.0,2.77,24.0,0.0864
2015-12-13 12:00:00,8.0,92,6.9,0.0,0.0,2.6,45.0,0.162
2015-12-13 13:00:00,8.7,92,7.5,0.0,0.0,1.92,51.0,0.18359999999999999
2015-12-13 14:00:00,9.4,92,8.1,0.0,0.0,1.48,55.0,0.19799999999999998
2015-12-13 15:00:00,9.7,93,8.6,0.0,0.0,1.14,40.0,0.144
2015-12-13 16:00:00,9.2,95,8.5,0.0,0.0,1.35,8.0,0.0288
2015-12-13 17:00:00,8.9,96,8.4,0.0,0.0,1.92,0.0,0.0
2015-12-13 18:00:00,9.0,97,8.5,0.0,0.0,2.5,0.0,0.0
2015-12-13 19:00:00,9.3,97,8.9,0.0,0.0,2.75,0.0,0.0
2015-12-13 20:00:00,9.3,98,9.0,0.0,0.0,2.83,0.0,0.0
2015-12-13 21:00:00,9.1,98,8.8,0.0,0.0,2.75,0.0,0.0
2015-12-13 22:00:00,8.5,98,8.2,0.0,0.0,2.82,0.0,0.0
2015-12-13 23:00:00,7.9,98,7.6,0.0,0.0,3.1,0.0,0.0
2015-12-14 00:00:00,7.7,97,7.3,0.0,0.0,3.32,0.0,0.0
2015-12-14 01:00:00,7.3,97,6.9,0.0,0.0,3.36,0.0,0.0
2015-12-14 02:00:00,7.0,97,6.6,0.0,0.0,3.44,0.0,0.0
2015-12-14 03:00:00,6.8,96,6.2,0.0,0.0,3.35,0.0,0.0
2015-12-14 04:00:00,6.8,95,6.0,0.0,0.0,3.31,0.0,0.0
2015-12-14 05:00:00,6.8,94,5.9,0.0,0.0,3.16,0.0,0.0
2015-12-14 06:00:00,6.8,93,5.8,0.0,0.0,3.02,0.0,0.0
2015-12-14 07:00:00,7.4,94,6.5,0.0,0.0,3.11,0.0,0.0
2015-12-14 08:00:00,7.5,92,6.3,0.0,0.0,3.11,0.0,0.0
2015-12-14 09:00:00,7.5,91,6.2,0.0,0.0,3.18,8.0,0.0288
2015-12-14 10:00:00,7.8,90,6.3,0.0,0.0,3.35,37.0,0.13319999999999999
2015-12-14 11:00:00,8.3,86,6.2,0.0,0.0,3.42,68.0,0.2448
2015-12-14 12:00:00,8.8,83,6.0,0.0,0.0,3.18,107.0,0.3852
2015-12-14 13:00:00,9.2,80,5.8,0.0,0.0,3.81,115.0,0.414
2015-12-14 14:00:00,9.3,80,6.0,0.0,0.0,3.32,101.0,0.3636
2015-12-14 15:00:00,9.1,82,6.1,0.0,0.0,3.23,45.0,0.162
2015-12-14 16:00:00,8.7,84,6.2,0.1,0.0,3.35,9.0,0.0324
2015-12-14 17:00:00,8.2,88,6.3,0.4,0.0,3.58,0.0,0.0
2015-12-14 18:00:00,7.4,92,6.2,0.4,0.0,3.7,0.0,0.0
2015-12-14 19:00:00,8.0,92,6.8,0.2,0.0,3.86,0.0,0.0
2015-12-14 20:00:00,8.4,91,7.0,0.0,0.0,3.48,0.0,0.0
2015-12-14 21:00:00,8.5,91,7.1,0.8,0.0,3.36,0.0,0.0
2015-12-14 22:00:00,8.1,93,7.1,0.2,0.0,2.48,0.0,0.0
2015-12-14 23:00:00,7.8,95,7.0,0.0,0.0,2.69,0.0,0.0
2015-12-15 00:00:00,7.3,96,6.7,0.0,0.0,2.52,0.0,0.0
2015-12-15 01:00:00,7.0,97,6.5,0.0,0.0,2.46,0.0,0.0
2015-12-15 02:00:00,6.5,98,6.1,0.0,0.0,2.42,0.0,0.0
2015-12-15 03:00:00,6.2,98,5.9,0.0,0.0,2.62,0.0,0.0
2015-12-15 04:00:00,6.6,98,6.3,0.2,0.0,2.47,0.0,0.0
2015-12-15 05:00:00,7.3,98,6.9,0.1,0.0,2.16,0.0,0.0
2015-12-15 06:00:00,8.1,97,7.7,0.0,0.0,2.42,0.0,0.0
2015-12-15 07:00:00,7.8,98,7.5,0.0,0.0,2.68,0.0,0.0
2015-12-15 08:00:00,8.4,98,8.1,0.0,0.0,2.92,0.0,0.0
2015-12-15 09:00:00,9.0,97,8.6,0.0,0.0,3.0,9.0,0.0324
2015-12-15 10:00:00,9.7,97,9.3,0.0,0.0,2.76,31.0,0.11159999999999999
2015-12-15 11:00:00,10.2,96,9.7,0.0,0.0,3.55,32.0,0.1152
2015-12-15 12:00:00,10.5,95,9.7,0.0,0.0,4.03,38.0,0.1368
2015-12-15 13:00:00,10.6,93,9.6,0.0,0.0,4.22,33.0,0.1188
2015-12-15 14:00:00,10.5,92,9.3,0.0,0.0,4.36,17.0,0.0612
2015-12-15 15:00:00,10.4,92,9.2,0.2,0.0,4.38,13.0,0.0468
2015-12-15 16:00:00,10.1,94,9.3,0.9,0.0,4.58,3.0,0.0108
2015-12-15 17:00:00,9.8,95,9.1,1.9,0.0,4.61,0.0,0.0
2015-12-15 18:00:00,10.0,95,9.2,2.0,0.0,4.74,0.0,0.0
2015-12-15 19:00:00,11.1,95,10.3,0.8,0.0,4.81,0.0,0.0
2015-12-15 20:00:00,11.5,96,10.8,0.0,0.0,4.61,0.0,0.0
2015-12-15 21:00:00,12.2,95,11.5,0.0,0.0,4.52,0.0,0.0
2015-12-15 22:00:00,12.8,94,11.9,0.0,0.0,3.98,0.0,0.0
2015-12-15 23:00:00,12.9,93,11.8,0.0,0.0,4.54,0.0,0.0
2015-12-16 00:00:00,12.6,94,11.6,0.0,0.0,5.36,0.0,0.0
2015-12-16 01:00:00,12.3,94,11.3,0.2,0.0,5.73,0.0,0.0
2015-12-16 02:00:00,12.5,93,11.4,0.0,0.0,6.24,0.0,0.0
2015-12-16 03:00:00,12.7,91,11.3,0.1,0.0,6.52,0.0,0.0
2015-12-16 04:00:00,12.7,91,11.2,0.2,0.0,6.28,0.0,0.0
2015-12-16 05:00:00,12.6,90,11.1,0.0,0.0,5.92,0.0,0.0
2015-12-16 06:00:00,12.6,89,10.9,0.0,0.0,6.11,0.0,0.0
2015-12-16 07:00:00,12.6,92,11.3,0.0,0.0,6.36,0.0,0.0
2015-12-16 08:00:00,12.6,90,11.0,0.0,0.0,6.3,0.0,0.0
2015-12-16 09:00:00,12.5,89,10.8,0.0,0.0,6.42,6.0,0.0216
2015-12-16 10:00:00,12.6,88,10.6,0.0,0.0,6.16,21.0,0.0756
2015-12-16 11:00:00,12.9,86,10.7,0.0,0.0,6.14,38.0,0.1368
2015-12-16 12:00:00,13.3,87,11.1,0.0,0.0,5.87,59.0,0.2124
2015-12-16 13:00:00,13.4,88,11.5,0.0,0.0,6.3,44.0,0.15839999999999999
2015-12-16 14:00:00,13.5,90,11.9,0.0,0.0,6.08,25.0,0.09
2015-12-16 15:00:00,13.5,89,11.8,0.0,0.0,5.69,23.0,0.0828
2015-12-16 16:00:00,13.4,89,11.6,0.0,0.0,5.46,6.0,0.0216
2015-12-16 17:00:00,12.7,92,11.4,0.0,0.0,5.16,0.0,0.0
2015-12-16 18:00:00,12.6,92,11.4,0.0,0.0,5.02,0.0,0.0
2015-12-16 19:00:00,12.7,92,11.5,0.0,0.0,4.76,0.0,0.0
2015-12-16 20:00:00,12.8,93,11.6,0.0,0.0,4.25,0.0,0.0
2015-12-16 21:00:00,12.8,95,12.0,0.0,0.0,4.59,0.0,0.0
2015-12-16 22:00:00,13.0,96,12.4,0.0,0.0,5.07,0.0,0.0
2015-12-16 23:00:00,13.3,94,12.3,0.0,0.0,5.51,0.0,0.0
2015-12-17 00:00:00,13.4,89,11.6,0.0,0.0,5.87,0.0,0.0
2015-12-17 01:00:00,13.0,85,10.6,0.0,0.0,6.0,0.0,0.0
2015-12-17 02:00:00,12.2,85,9.7,0.0,0.0,6.04,0.0,0.0
2015-12-17 03:00:00,11.8,84,9.2,0.0,0.0,6.08,0.0,0.0
2015-12-17 04:00:00,11.5,83,8.8,0.0,0.0,6.22,0.0,0.0
2015-12-17 05:00:00,11.3,82,8.4,0.0,0.0,6.31,0.0,0.0
2015-12-17 06:00:00,11.3,81,8.2,0.0,0.0,6.35,0.0,0.0
2015-12-17 07:00:00,12.2,76,8.1,0.0,0.0,6.26,0.0,0.0
2015-12-17 08:00:00,12.1,76,8.0,0.0,0.0,6.44,0.0,0.0
2015-12-17 09:00:00,12.4,75,8.1,0.0,0.0,6.66,21.0,0.0756
2015-12-17 10:00:00,13.1,73,8.3,0.0,0.0,7.05,72.0,0.2592
2015-12-17 11:00:00,13.8,71,8.6,0.0,0.0,6.8,111.0,0.3996
2015-12-17 12:00:00,14.2,70,8.8,0.0,0.0,6.76,148.0,0.5327999999999999
2015-12-17 13:00:00,14.3,70,8.9,0.0,0.0,6.69,139.0,0.5004
2015-12-17 14:00:00,14.2,70,8.9,0.0,0.0,6.5,111.0,0.3996
2015-12-17 15:00:00,13.7,72,8.8,0.0,0.0,6.18,62.0,0.22319999999999998
2015-12-17 16:00:00,13.2,76,9.1,0.2,0.0,6.04,9.0,0.0324
2015-12-17 17:00:00,12.6,84,10.0,0.8,0.0,5.95,0.0,0.0
2015-12-17 18:00:00,12.3,91,10.9,0.8,0.0,5.66,0.0,0.0
2015-12-17 19:00:00,12.7,92,11.4,0.0,0.0,5.66,0.0,0.0
2015-12-17 20:00:00,12.5,93,11.5,0.0,0.0,5.2,0.0,0.0
2015-12-17 21:00:00,12.1,94,11.1,0.0,0.0,5.02,0.0,0.0
2015-12-17 22:00:00,11.7,94,10.7,0.0,0.0,4.98,0.0,0.0
2015-12-17 23:00:00,11.2,95,10.4,0.0,0.0,5.02,0.0,0.0
2015-12-18 00:00:00,11.2,94,10.3,0.0,0.0,5.09,0.0,0.0
2015-12-18 01:00:00,11.1,94,10.1,0.0,0.0,5.02,0.0,0.0
2015-12-18 02:00:00,11.1,93,10.0,0.0,0.0,4.97,0.0,0.0
2015-12-18 03:00:00,11.1,93,10.0,0.0,0.0,5.03,0.0,0.0
2015-12-18 04:00:00,11.2,92,10.0,0.0,0.0,4.95,0.0,0.0
2015-12-18 05:00:00,11.1,93,10.0,0.0,0.0,4.67,0.0,0.0
2015-12-18 06:00:00,11.0,93,9.9,0.0,0.0,4.88,0.0,0.0
2015-12-18 07:00:00,11.3,92,10.1,0.0,0.0,4.88,0.0,0.0
2015-12-18 08:00:00,11.5,91,10.2,0.0,0.0,4.75,0.0,0.0
2015-12-18 09:00:00,11.7,91,10.3,0.0,0.0,4.86,8.0,0.0288
2015-12-18 10:00:00,12.0,90,10.4,0.0,0.0,4.94,45.0,0.162
2015-12-18 11:00:00,12.3,88,10.3,0.0,0.0,5.24,85.0,0.306
2015-12-18 12:00:00,12.6,85,10.1,0.0,0.0,5.58,130.0,0.46799999999999997
2015-12-18 13:00:00,12.4,85,10.0,0.0,0.0,5.42,71.0,0.2556
2015-12-18 14:00:00,12.2,86,10.0,0.0,0.0,5.41,31.0,0.11159999999999999
2015-12-18 15:00:00,11.8,89,10.1,0.2,0.0,5.33,32.0,0.1152
2015-12-18 16:00:00,11.3,92,10.0,0.0,0.0,5.33,7.0,0.0252
2015-12-18 17:00:00,11.2,91,9.8,0.0,0.0,5.29,0.0,0.0
2015-12-18 18:00:00,11.1,90,9.5,0.0,0.0,5.5,0.0,0.0
2015-12-18 19:00:00,11.2,90,9.7,0.0,0.0,5.89,0.0,0.0
2015-12-18 20:00:00,11.1,90,9.5,0.0,0.0,5.96,0.0,0.0
2015-12-18 21:00:00,11.3,89,9.6,0.0,0.0,5.98,0.0,0.0
2015-12-18 22:00:00,11.7,90,10.1,0.0,0.0,5.85,0.0,0.0
2015-12-18 23:00:00,12.0,91,10.5,0.0,0.0,6.18,0.0,0.0
2015-12-19 00:00:00,12.1,91,10.7,0.0,0.0,6.67,0.0,0.0
2015-12-19 01:00:00,12.4,91,10.9,0.0,0.0,6.82,0.0,0.0
2015-12-19 02:00:00,12.6,91,11.3,0.2,0.0,6.77,0.0,0.0
2015-12-19 03:00:00,12.8,93,11.7,0.2,0.0,6.95,0.0,0.0
2015-12-19 04:00:00,13.1,93,12.0,0.0,0.0,7.16,0.0,0.0
2015-12-19 05:00:00,13.4,93,12.3,0.0,0.0,7.2,0.0,0.0
2015-12-19 06:00:00,13.6,92,12.3,0.0,0.0,7.3,0.0,0.0
2015-12-19 07:00:00,14.1,91,12.7,0.0,0.0,7.48,0.0,0.0
2015-12-19 08:00:00,14.1,89,12.3,0.0,0.0,7.63,0.0,0.0
2015-12-19 09:00:00,14.1,85,11.7,0.0,0.0,7.66,8.0,0.0288
2015-12-19 10:00:00,14.3,81,11.0,0.0,0.0,7.49,48.0,0.1728
2015-12-19 11:00:00,14.5,77,10.6,0.0,0.0,7.56,110.0,0.39599999999999996
2015-12-19 12:00:00,14.7,75,10.4,0.0,0.0,7.72,132.0,0.4752
2015-12-19 13:00:00,14.7,75,10.3,0.0,0.0,6.73,157.0,0.5652
2015-12-19 14:00:00,14.6,75,10.2,0.0,0.0,7.74,127.0,0.4572
2015-12-19 15:00:00,14.2,76,10.1,0.0,0.0,7.12,80.0,0.288
2015-12-19 16:00:00,13.6,78,9.8,0.0,0.0,7.0,17.0,0.0612
2015-12-19 17:00:00,13.4,79,9.8,0.0,0.0,7.14,0.0,0.0
2015-12-19 18:00:00,13.3,80,9.9,0.0,0.0,7.0,0.0,0.0
2015-12-19 19:00:00,13.5,79,10.0,0.0,0.0,6.79,0.0,0.0
2015-12-19 20:00:00,13.3,80,10.0,0.0,0.0,6.68,0.0,0.0
2015-12-19 21:00:00,12.9,83,10.0,0.0,0.0,6.62,0.0,0.0
2015-12-19 22:00:00,12.8,83,9.9,0.0,0.0,7.23,0.0,0.0
2015-12-19 23:00:00,12.8,81,9.7,0.0,0.0,7.64,0.0,0.0
2015-12-20 00:00:00,13.1,77,9.1,0.0,0.0,7.71,0.0,0.0
2015-12-20 01:00:00,13.3,72,8.3,0.0,0.0,8.16,0.0,0.0
2015-12-20 02:00:00,13.7,67,7.8,0.0,0.0,8.45,0.0,0.0
2015-12-20 03:00:00,13.8,68,8.1,0.0,0.0,8.5,0.0,0.0
2015-12-20 04:00:00,13.7,73,9.0,0.0,0.0,7.99,0.0,0.0
2015-12-20 05:00:00,13.7,78,9.9,0.0,0.0,7.48,0.0,0.0
2015-12-20 06:00:00,13.6,80,10.2,0.0,0.0,6.64,0.0,0.0
2015-12-20 07:00:00,12.3,84,9.8,0.0,0.0,6.0,0.0,0.0
2015-12-20 08:00:00,11.8,87,9.7,0.0,0.0,5.49,0.0,0.0
2015-12-20 09:00:00,11.9,86,9.7,0.0,0.0,5.46,14.0,0.0504
2015-12-20 10:00:00,12.1,84,9.5,0.0,0.0,5.02,51.0,0.18359999999999999
2015-12-20 11:00:00,12.3,82,9.4,0.1,0.0,5.49,128.0,0.4608
2015-12-20 12:00:00,12.4,83,9.5,0.0,0.0,5.51,140.0,0.504
2015-12-20 13:00:00,12.4,81,9.3,0.0,0.0,6.14,133.0,0.4788
2015-12-20 14:00:00,12.2,77,8.3,0.0,0.0,6.47,107.0,0.3852
2015-12-20 15:00:00,11.8,77,7.9,0.0,0.0,6.44,63.0,0.2268
2015-12-20 16:00:00,11.1,79,7.6,0.0,0.0,6.07,11.0,0.039599999999999996
2015-12-20 17:00:00,10.3,83,7.5,0.0,0.0,6.39,0.0,0.0
2015-12-20 18:00:00,9.9,84,7.3,0.0,0.0,6.2,0.0,0.0
2015-12-20 19:00:00,9.6,89,7.9,0.0,0.0,6.22,0.0,0.0
2015-12-20 20:00:00,9.3,88,7.4,0.0,0.0,6.36,0.0,0.0
2015-12-20 21:00:00,9.1,86,6.9,0.0,0.0,6.36,0.0,0.0
2015-12-20 22:00:00,8.9,86,6.6,0.0,0.0,5.86,0.0,0.0
2015-12-20 23:00:00,8.5,87,6.5,0.0,0.0,6.08,0.0,0.0
2015-12-21 00:00:00,8.5,87,6.5,0.0,0.0,5.94,0.0,0.0
2015-12-21 01:00:00,8.3,87,6.3,0.0,0.0,5.84,0.0,0.0
2015-12-21 02:00:00,8.1,88,6.2,0.0,0.0,5.75,0.0,0.0
2015-12-21 03:00:00,7.9,88,6.1,0.0,0.0,5.44,0.0,0.0
2015-12-21 04:00:00,7.7,89,6.1,0.0,0.0,5.46,0.0,0.0
2015-12-21 05:00:00,7.6,90,6.1,0.0,0.0,5.56,0.0,0.0
2015-12-21 06:00:00,7.4,91,5.9,0.0,0.0,5.52,0.0,0.0
2015-12-21 07:00:00,7.6,90,6.0,0.0,0.0,5.32,0.0,0.0
2015-12-21 08:00:00,7.5,88,5.7,0.0,0.0,5.53,0.0,0.0
2015-12-21 09:00:00,7.9,86,5.7,0.0,0.0,6.17,21.0,0.0756
2015-12-21 10:00:00,9.0,83,6.2,0.0,0.0,6.8,82.0,0.2952
2015-12-21 11:00:00,10.2,81,7.0,0.0,0.0,7.0,146.0,0.5256
2015-12-21 12:00:00,11.2,79,7.8,0.0,0.0,8.96,143.0,0.5148
2015-12-21 13:00:00,11.5,78,7.8,0.2,0.0,10.75,37.0,0.13319999999999999
2015-12-21 14:00:00,11.7,79,8.2,0.0,0.0,11.43,17.0,0.0612
2015-12-21 15:00:00,12.2,82,9.3,0.0,0.0,10.89,8.0,0.0288
2015-12-21 16:00:00,12.6,88,10.7,0.4,0.0,9.24,1.0,0.0036
2015-12-21 17:00:00,12.8,84,10.3,0.0,0.0,7.37,0.0,0.0
2015-12-21 18:00:00,11.9,75,7.7,0.0,0.0,6.11,0.0,0.0
2015-12-21 19:00:00,11.1,81,8.0,0.0,0.0,5.19,0.0,0.0
2015-12-21 20:00:00,10.2,84,7.6,0.0,0.0,4.69,0.0,0.0
2015-12-21 21:00:00,9.6,88,7.6,0.0,0.0,4.1,0.0,0.0
2015-12-21 22:00:00,9.3,90,7.8,0.0,0.0,3.76,0.0,0.0
2015-12-21 23:00:00,9.5,91,8.1,0.1,0.0,4.3,0.0,0.0
2015-12-22 00:00:00,10.1,90,8.5,0.8,0.0,5.57,0.0,0.0
2015-12-22 01:00:00,10.5,93,9.4,1.4,0.0,5.87,0.0,0.0
2015-12-22 02:00:00,11.3,96,10.7,1.2,0.0,6.62,0.0,0.0
2015-12-22 03:00:00,12.5,96,11.9,0.5,0.0,7.75,0.0,0.0
2015-12-22 04:00:00,13.2,95,12.4,0.0,0.0,8.72,0.0,0.0
2015-12-22 05:00:00,13.3,94,12.4,0.0,0.0,9.47,0.0,0.0
2015-12-22 06:00:00,13.4,92,12.1,0.0,0.0,9.9,0.0,0.0
2015-12-22 07:00:00,13.4,92,12.1,0.0,0.0,10.12,0.0,0.0
2015-12-22 08:00:00,13.2,89,11.5,0.0,0.0,10.37,0.0,0.0
2015-12-22 09:00:00,13.3,89,11.5,0.0,0.0,10.36,6.0,0.0216
2015-12-22 10:00:00,13.5,88,11.5,0.0,0.0,10.34,15.0,0.054
2015-12-22 11:00:00,13.5,85,11.0,0.0,0.0,10.6,41.0,0.1476
2015-12-22 12:00:00,13.6,82,10.7,0.0,0.0,10.51,52.0,0.1872
2015-12-22 13:00:00,13.8,82,10.7,0.0,0.0,10.01,64.0,0.2304
2015-12-22 14:00:00,13.9,82,10.9,0.0,0.0,9.5,55.0,0.19799999999999998
2015-12-22 15:00:00,13.8,83,11.0,0.0,0.0,9.74,30.0,0.108
2015-12-22 16:00:00,13.6,85,11.2,0.0,0.0,9.71,5.0,0.018
2015-12-22 17:00:00,13.5,86,11.2,0.0,0.0,9.42,0.0,0.0
2015-12-22 18:00:00,13.5,85,11.1,0.0,0.0,9.48,0.0,0.0
2015-12-22 19:00:00,13.4,87,11.3,0.1,0.0,9.84,0.0,0.0
2015-12-22 20:00:00,13.3,88,11.4,0.2,0.0,9.6,0.0,0.0
2015-12-22 21:00:00,13.0,91,11.5,1.1,0.0,8.42,0.0,0.0
2015-12-22 22:00:00,12.4,93,11.3,1.4,0.0,7.08,0.0,0.0
2015-12-22 23:00:00,11.7,89,9.9,0.7,0.0,6.19,0.0,0.0
2015-12-23 00:00:00,10.9,86,8.7,0.2,0.0,6.54,0.0,0.0
2015-12-23 01:00:00,10.0,84,7.4,0.0,0.0,7.01,0.0,0.0
2015-12-23 02:00:00,9.5,85,7.2,0.0,0.0,7.29,0.0,0.0
2015-12-23 03:00:00,9.5,84,7.0,0.0,0.0,7.87,0.0,0.0
2015-12-23 04:00:00,9.2,82,6.2,0.0,0.0,8.16,0.0,0.0
2015-12-23 05:00:00,8.9,79,5.5,0.0,0.0,7.96,0.0,0.0
2015-12-23 06:00:00,8.7,76,4.8,0.0,0.0,7.56,0.0,0.0
2015-12-23 07:00:00,8.4,72,3.6,0.0,0.0,7.07,0.0,0.0
2015-12-23 08:00:00,8.0,72,3.3,0.0,0.0,6.26,0.0,0.0
2015-12-23 09:00:00,7.8,75,3.5,0.0,0.0,5.33,22.0,0.07919999999999999
2015-12-23 10:00:00,8.3,75,4.1,0.0,0.0,4.95,101.0,0.3636
2015-12-23 11:00:00,9.3,75,5.0,0.0,0.0,4.47,174.0,0.6264
2015-12-23 12:00:00,10.1,73,5.4,0.0,0.0,4.92,202.0,0.7272
2015-12-23 13:00:00,10.6,70,5.5,0.0,0.0,5.2,201.0,0.7236
2015-12-23 14:00:00,10.6,71,5.5,0.0,0.0,5.39,167.0,0.6012
2015-12-23 15:00:00,10.2,72,5.4,0.0,0.0,5.52,92.0,0.3312
2015-12-23 16:00:00,9.4,75,5.2,0.0,0.0,5.11,19.0,0.0684
2015-12-23 17:00:00,8.9,77,5.2,0.0,0.0,5.24,0.0,0.0
2015-12-23 18:00:00,8.9,78,5.2,0.0,0.0,5.54,0.0,0.0
2015-12-23 19:00:00,9.7,80,6.3,0.0,0.0,5.79,0.0,0.0
2015-12-23 20:00:00,9.7,81,6.6,0.0,0.0,6.02,0.0,0.0
2015-12-23 21:00:00,9.8,81,6.7,0.0,0.0,6.21,0.0,0.0
2015-12-23 22:00:00,9.9,82,6.9,0.0,0.0,6.45,0.0,0.0
2015-12-23 23:00:00,10.0,82,7.1,0.0,0.0,7.4,0.0,0.0
2015-12-24 00:00:00,9.9,83,7.1,0.0,0.0,7.69,0.0,0.0
2015-12-24 01:00:00,10.0,82,7.2,0.0,0.0,7.98,0.0,0.0
2015-12-24 02:00:00,9.9,84,7.3,0.0,0.0,8.45,0.0,0.0
2015-12-24 03:00:00,10.2,83,7.4,0.0,0.0,8.32,0.0,0.0
2015-12-24 04:00:00,10.5,84,7.8,0.0,0.0,8.66,0.0,0.0
2015-12-24 05:00:00,10.6,84,8.0,0.0,0.0,8.35,0.0,0.0
2015-12-24 06:00:00,10.6,85,8.1,0.0,0.0,8.38,0.0,0.0
2015-12-24 07:00:00,11.0,83,8.2,0.0,0.0,8.67,0.0,0.0
2015-12-24 08:00:00,11.2,83,8.3,0.0,0.0,9.11,0.0,0.0
2015-12-24 09:00:00,11.3,82,8.3,0.0,0.0,9.43,14.0,0.0504
2015-12-24 10:00:00,11.7,80,8.3,0.0,0.0,9.61,79.0,0.2844
2015-12-24 11:00:00,11.9,79,8.4,0.8,0.0,10.78,114.0,0.4104
2015-12-24 12:00:00,10.8,87,8.7,1.5,0.0,9.4,49.0,0.1764
2015-12-24 13:00:00,10.0,85,7.6,0.3,0.0,7.47,53.0,0.1908
2015-12-24 14:00:00,9.4,79,5.8,0.0,0.0,7.43,110.0,0.39599999999999996
2015-12-24 15:00:00,8.6,76,4.6,0.0,0.0,7.71,71.0,0.2556
2015-12-24 16:00:00,7.7,74,3.3,0.0,0.0,6.53,20.0,0.072
2015-12-24 17:00:00,7.1,72,2.3,0.0,0.0,5.87,0.0,0.0
2015-12-24 18:00:00,6.6,71,1.7,0.0,0.0,5.52,0.0,0.0
2015-12-24 19:00:00,6.5,73,2.1,0.0,0.0,5.33,0.0,0.0
2015-12-24 20:00:00,6.2,75,2.1,0.0,0.0,5.16,0.0,0.0
2015-12-24 21:00:00,5.9,77,2.2,0.0,0.0,5.2,0.0,0.0
2015-12-24 22:00:00,5.8,77,2.2,0.0,0.0,4.68,0.0,0.0
2015-12-24 23:00:00,5.5,79,2.2,0.0,0.0,4.67,0.0,0.0
2015-12-25 00:00:00,5.5,79,2.1,0.0,0.0,4.17,0.0,0.0
2015-12-25 01:00:00,5.3,80,2.1,0.0,0.0,3.78,0.0,0.0
2015-12-25 02:00:00,5.0,82,2.1,0.0,0.0,3.72,0.0,0.0
2015-12-25 03:00:00,4.5,84,2.1,0.0,0.0,3.36,0.0,0.0
2015-12-25 04:00:00,4.0,87,2.0,0.0,0.0,3.22,0.0,0.0
2015-12-25 05:00:00,4.4,86,2.3,0.0,0.0,3.1,0.0,0.0
2015-12-25 06:00:00,5.3,83,2.7,0.0,0.0,3.14,0.0,0.0
2015-12-25 07:00:00,5.8,86,3.6,0.0,0.0,3.51,0.0,0.0
2015-12-25 08:00:00,6.2,87,4.2,0.0,0.0,3.9,0.0,0.0
2015-12-25 09:00:00,7.1,87,5.0,0.0,0.0,4.9,15.0,0.054
2015-12-25 10:00:00,8.3,83,5.6,0.0,0.0,4.55,65.0,0.23399999999999999
2015-12-25 11:00:00,9.3,82,6.3,0.0,0.0,5.6,91.0,0.3276
2015-12-25 12:00:00,9.7,86,7.6,0.3,0.0,7.28,62.0,0.22319999999999998
2015-12-25 13:00:00,11.1,92,9.9,0.0,0.0,7.01,25.0,0.09
2015-12-25 14:00:00,12.8,91,11.4,0.0,0.0,7.82,16.0,0.0576
2015-12-25 15:00:00,13.3,87,11.2,0.0,0.0,8.4,18.0,0.0648
2015-12-25 16:00:00,13.2,86,11.0,0.0,0.0,8.54,7.0,0.0252
2015-12-25 17:00:00,13.2,86,10.9,0.0,0.0,8.61,0.0,0.0
2015-12-25 18:00:00,13.3,85,10.9,0.0,0.0,8.9,0.0,0.0
2015-12-25 19:00:00,13.9,87,11.7,0.0,0.0,9.23,0.0,0.0
2015-12-25 20:00:00,13.9,86,11.7,0.0,0.0,9.27,0.0,0.0
2015-12-25 21:00:00,13.9,85,11.5,0.0,0.0,8.91,0.0,0.0
2015-12-25 22:00:00,13.9,85,11.5,0.0,0.0,8.87,0.0,0.0
2015-12-25 23:00:00,14.0,86,11.6,0.0,0.0,8.61,0.0,0.0
2015-12-26 00:00:00,14.0,86,11.6,0.0,0.0,8.48,0.0,0.0
2015-12-26 01:00:00,13.9,86,11.6,0.0,0.0,8.67,0.0,0.0
2015-12-26 02:00:00,13.9,85,11.5,0.0,0.0,8.72,0.0,0.0
2015-12-26 03:00:00,13.8,85,11.4,0.0,0.0,8.51,0.0,0.0
2015-12-26 04:00:00,13.7,86,11.4,0.0,0.0,8.39,0.0,0.0
2015-12-26 05:00:00,13.6,86,11.3,0.0,0.0,8.39,0.0,0.0
2015-12-26 06:00:00,13.6,85,11.2,0.0,0.0,8.61,0.0,0.0
2015-12-26 07:00:00,13.5,87,11.5,0.0,0.0,8.58,0.0,0.0
2015-12-26 08:00:00,13.5,86,11.1,0.0,0.0,8.82,0.0,0.0
2015-12-26 09:00:00,13.4,84,10.8,0.0,0.0,8.82,4.0,0.0144
2015-12-26 10:00:00,13.5,82,10.5,0.0,0.0,8.3,34.0,0.1224
2015-12-26 11:00:00,13.7,81,10.4,0.0,0.0,8.6,62.0,0.22319999999999998
2015-12-26 12:00:00,13.7,80,10.4,0.0,0.0,8.66,76.0,0.2736
2015-12-26 13:00:00,13.7,80,10.4,0.0,0.0,8.6,81.0,0.29159999999999997
2015-12-26 14:00:00,13.5,81,10.3,0.0,0.0,8.46,56.0,0.2016
2015-12-26 15:00:00,13.2,80,9.8,0.0,0.0,8.49,48.0,0.1728
2015-12-26 16:00:00,12.9,79,9.3,0.0,0.0,8.42,14.0,0.0504
2015-12-26 17:00:00,12.5,80,9.1,0.0,0.0,8.55,0.0,0.0
2015-12-26 18:00:00,12.5,79,8.9,0.0,0.0,8.78,0.0,0.0
2015-12-26 19:00:00,12.7,77,8.8,0.0,0.0,9.14,0.0,0.0
2015-12-26 20:00:00,12.6,77,8.7,0.0,0.0,9.36,0.0,0.0
2015-12-26 21:00:00,12.6,77,8.6,0.0,0.0,9.59,0.0,0.0
2015-12-26 22:00:00,12.5,77,8.5,0.0,0.0,9.3,0.0,0.0
2015-12-26 23:00:00,12.7,76,8.6,0.0,0.0,9.35,0.0,0.0
2015-12-27 00:00:00,12.9,76,8.8,0.0,0.0,9.46,0.0,0.0
2015-12-27 01:00:00,13.0,77,9.0,0.0,0.0,9.32,0.0,0.0
2015-12-27 02:00:00,13.1,77,9.3,0.0,0.0,9.0,0.0,0.0
2015-12-27 03:00:00,13.2,79,9.5,0.0,0.0,8.58,0.0,0.0
2015-12-27 04:00:00,13.2,80,9.8,0.0,0.0,8.52,0.0,0.0
2015-12-27 05:00:00,13.3,81,10.1,0.0,0.0,8.65,0.0,0.0
2015-12-27 06:00:00,13.1,84,10.5,0.4,0.0,9.13,0.0,0.0
2015-12-27 07:00:00,13.2,89,11.4,0.7,0.0,8.89,0.0,0.0
2015-12-27 08:00:00,13.2,91,11.8,0.2,0.0,8.29,0.0,0.0
2015-12-27 09:00:00,13.1,93,12.0,0.1,0.0,7.5,2.0,0.0072
2015-12-27 10:00:00,13.1,94,12.1,0.3,0.0,6.25,9.0,0.0324
2015-12-27 11:00:00,13.3,93,12.2,0.0,0.0,6.31,15.0,0.054
2015-12-27 12:00:00,13.4,93,12.3,0.0,0.0,6.44,19.0,0.0684
2015-12-27 13:00:00,13.6,92,12.3,0.0,0.0,6.17,31.0,0.11159999999999999
2015-12-27 14:00:00,13.7,91,12.2,0.0,0.0,6.11,29.0,0.10439999999999999
2015-12-27 15:00:00,13.7,90,12.1,0.0,0.0,5.81,26.0,0.0936
2015-12-27 16:00:00,13.6,90,12.0,0.0,0.0,5.06,7.0,0.0252
2015-12-27 17:00:00,13.4,91,11.9,0.0,0.0,4.39,0.0,0.0
2015-12-27 18:00:00,13.1,91,11.7,0.0,0.0,4.02,0.0,0.0
2015-12-27 19:00:00,12.7,93,11.7,0.0,0.0,3.86,0.0,0.0
2015-12-27 20:00:00,12.4,93,11.3,0.0,0.0,4.01,0.0,0.0
2015-12-27 21:00:00,12.2,92,11.0,0.0,0.0,4.1,0.0,0.0
2015-12-27 22:00:00,11.9,91,10.5,0.0,0.0,3.73,0.0,0.0
2015-12-27 23:00:00,11.4,91,10.0,0.0,0.0,3.79,0.0,0.0
2015-12-28 00:00:00,10.7,92,9.4,0.0,0.0,3.73,0.0,0.0
2015-12-28 01:00:00,9.9,93,8.7,0.0,0.0,3.71,0.0,0.0
2015-12-28 02:00:00,9.2,93,8.1,0.0,0.0,3.8,0.0,0.0
2015-12-28 03:00:00,9.0,92,7.7,0.0,0.0,4.19,0.0,0.0
2015-12-28 04:00:00,8.6,91,7.2,0.0,0.0,4.53,0.0,0.0
2015-12-28 05:00:00,8.4,89,6.6,0.0,0.0,4.95,0.0,0.0
2015-12-28 06:00:00,8.3,86,6.1,0.0,0.0,5.16,0.0,0.0
2015-12-28 07:00:00,8.5,87,6.5,0.0,0.0,5.47,0.0,0.0
2015-12-28 08:00:00,8.6,84,6.1,0.0,0.0,5.74,0.0,0.0
2015-12-28 09:00:00,8.9,82,6.0,0.0,0.0,5.88,18.0,0.0648
2015-12-28 10:00:00,9.6,80,6.4,0.0,0.0,5.37,82.0,0.2952
2015-12-28 11:00:00,10.5,79,7.1,0.0,0.0,5.28,143.0,0.5148
2015-12-28 12:00:00,11.3,78,7.6,0.0,0.0,5.1,212.0,0.7632
2015-12-28 13:00:00,11.7,77,7.8,0.0,0.0,5.06,210.0,0.756
2015-12-28 14:00:00,11.7,76,7.6,0.0,0.0,6.01,175.0,0.63
2015-12-28 15:00:00,11.3,74,6.8,0.0,0.0,5.78,93.0,0.3348
2015-12-28 16:00:00,10.7,74,6.3,0.0,0.0,6.07,21.0,0.0756
2015-12-28 17:00:00,10.7,74,6.2,0.0,0.0,6.07,0.0,0.0
2015-12-28 18:00:00,10.9,73,6.2,0.0,0.0,6.23,0.0,0.0
2015-12-28 19:00:00,10.5,76,6.5,0.0,0.0,6.68,0.0,0.0
2015-12-28 20:00:00,10.8,76,6.7,0.0,0.0,6.79,0.0,0.0
2015-12-28 21:00:00,11.1,75,6.8,0.0,0.0,6.96,0.0,0.0
2015-12-28 22:00:00,11.4,73,6.7,0.0,0.0,6.4,0.0,0.0
2015-12-28 23:00:00,11.6,71,6.6,0.0,0.0,6.61,0.0,0.0
2015-12-29 00:00:00,11.8,72,6.8,0.0,0.0,6.52,0.0,0.0
2015-12-29 01:00:00,11.9,77,8.0,0.3,0.0,6.62,0.0,0.0
2015-12-29 02:00:00,11.7,84,9.0,0.4,0.0,6.52,0.0,0.0
2015-12-29 03:00:00,11.2,87,9.2,0.1,0.0,6.38,0.0,0.0
2015-12-29 04:00:00,11.0,86,8.8,0.0,0.0,6.13,0.0,0.0
2015-12-29 05:00:00,10.5,85,8.2,0.0,0.0,5.37,0.0,0.0
2015-12-29 06:00:00,10.0,86,7.8,0.0,0.0,4.79,0.0,0.0
2015-12-29 07:00:00,10.4,86,8.2,0.0,0.0,4.66,0.0,0.0
2015-12-29 08:00:00,9.7,89,8.0,0.0,0.0,4.52,0.0,0.0
2015-12-29 09:00:00,9.4,91,8.0,0.0,0.0,4.22,16.0,0.0576
2015-12-29 10:00:00,9.7,91,8.3,0.0,0.0,4.0,86.0,0.3096
2015-12-29 11:00:00,10.4,87,8.3,0.0,0.0,4.2,155.0,0.5579999999999999
2015-12-29 12:00:00,10.9,83,8.0,0.0,0.0,4.62,177.0,0.6372
2015-12-29 13:00:00,11.0,82,8.0,0.0,0.0,4.98,170.0,0.612
2015-12-29 14:00:00,10.8,82,7.9,0.0,0.0,4.97,150.0,0.54
2015-12-29 15:00:00,10.4,83,7.6,0.0,0.0,5.68,90.0,0.324
2015-12-29 16:00:00,9.6,86,7.4,0.0,0.0,4.77,22.0,0.07919999999999999
2015-12-29 17:00:00,9.0,89,7.3,0.0,0.0,5.22,0.0,0.0
2015-12-29 18:00:00,8.6,91,7.2,0.0,0.0,5.82,0.0,0.0
2015-12-29 19:00:00,9.2,87,7.1,0.0,0.0,5.97,0.0,0.0
2015-12-29 20:00:00,9.5,84,6.9,0.0,0.0,6.5,0.0,0.0
2015-12-29 21:00:00,9.5,83,6.8,0.0,0.0,7.3,0.0,0.0
2015-12-29 22:00:00,9.8,82,6.8,0.0,0.0,7.41,0.0,0.0
2015-12-29 23:00:00,9.8,81,6.7,0.0,0.0,7.6,0.0,0.0
2015-12-30 00:00:00,9.9,82,7.0,0.0,0.0,8.4,0.0,0.0
2015-12-30 01:00:00,10.3,83,7.5,0.0,0.0,8.85,0.0,0.0
2015-12-30 02:00:00,10.8,83,8.0,0.0,0.0,9.12,0.0,0.0
2015-12-30 03:00:00,11.4,82,8.4,0.0,0.0,9.24,0.0,0.0
2015-12-30 04:00:00,11.8,79,8.3,0.0,0.0,9.54,0.0,0.0
2015-12-30 05:00:00,11.9,75,7.7,0.0,0.0,9.83,0.0,0.0
2015-12-30 06:00:00,11.8,73,7.1,0.0,0.0,9.84,0.0,0.0
2015-12-30 07:00:00,11.9,71,6.8,0.0,0.0,9.92,0.0,0.0
2015-12-30 08:00:00,11.7,70,6.4,0.0,0.0,10.11,0.0,0.0
2015-12-30 09:00:00,11.5,69,6.0,0.0,0.0,10.3,13.0,0.0468
2015-12-30 10:00:00,11.7,68,5.9,0.0,0.0,10.21,67.0,0.2412
2015-12-30 11:00:00,11.8,67,5.9,0.0,0.0,10.3,108.0,0.3888
2015-12-30 12:00:00,11.9,65,5.6,0.0,0.0,10.2,120.0,0.432
2015-12-30 13:00:00,12.0,64,5.3,0.0,0.0,10.1,68.0,0.2448
2015-12-30 14:00:00,12.2,61,4.8,0.0,0.0,9.9,33.0,0.1188
2015-12-30 15:00:00,12.3,60,4.7,0.0,0.0,9.3,8.0,0.0288
2015-12-30 16:00:00,12.2,64,5.5,0.0,0.0,8.8,3.0,0.0108
2015-12-30 17:00:00,11.8,70,6.5,0.3,0.0,8.4,0.0,0.0
2015-12-30 18:00:00,11.2,77,7.4,0.9,0.0,8.11,0.0,0.0
2015-12-30 19:00:00,10.4,79,6.8,0.7,0.0,7.92,0.0,0.0
2015-12-30 20:00:00,10.0,84,7.4,1.3,0.0,7.81,0.0,0.0
2015-12-30 21:00:00,10.0,87,7.9,1.7,0.0,7.65,0.0,0.0
2015-12-30 22:00:00,10.2,90,8.6,1.5,0.0,6.52,0.0,0.0
2015-12-30 23:00:00,10.5,88,8.7,1.1,0.0,6.54,0.0,0.0
2015-12-31 00:00:00,10.3,88,8.4,0.6,0.0,6.39,0.0,0.0
2015-12-31 01:00:00,9.8,88,7.9,0.0,0.0,6.51,0.0,0.0
2015-12-31 02:00:00,9.0,86,6.8,0.0,0.0,6.94,0.0,0.0
2015-12-31 03:00:00,8.3,83,5.6,0.0,0.0,7.18,0.0,0.0
2015-12-31 04:00:00,8.0,79,4.6,0.0,0.0,8.85,0.0,0.0
2015-12-31 05:00:00,7.6,79,4.1,0.0,0.0,9.15,0.0,0.0
2015-12-31 06:00:00,7.4,78,3.9,0.0,0.0,8.7,0.0,0.0
2015-12-31 07:00:00,7.5,77,3.7,0.0,0.0,8.31,0.0,0.0
2015-12-31 08:00:00,7.2,74,3.0,0.0,0.0,7.84,0.0,0.0
2015-12-31 09:00:00,7.2,72,2.4,0.0,0.0,7.34,20.0,0.072
2015-12-31 10:00:00,7.8,69,2.4,0.0,0.0,6.16,102.0,0.36719999999999997
2015-12-31 11:00:00,8.7,68,3.2,0.0,0.0,4.86,177.0,0.6372
2015-12-31 12:00:00,9.6,66,3.7,0.0,0.0,5.87,218.0,0.7847999999999999
2015-12-31 13:00:00,10.2,65,4.0,0.0,0.0,6.57,206.0,0.7415999999999999
2015-12-31 14:00:00,10.4,61,3.1,0.0,0.0,7.94,180.0,0.648
2015-12-31 15:00:00,10.0,61,2.9,0.0,0.0,8.37,107.0,0.3852
2015-12-31 16:00:00,9.5,65,3.2,0.0,0.0,8.92,22.0,0.07919999999999999
2015-12-31 17:00:00,8.8,75,4.5,0.4,0.0,9.27,0.0,0.0
2015-12-31 18:00:00,7.5,87,5.6,1.1,0.0,7.5,0.0,0.0
2015-12-31 19:00:00,7.7,88,5.8,0.3,0.0,5.32,0.0,0.0
2015-12-31 20:00:00,7.2,86,5.0,0.0,0.0,5.2,0.0,0.0
2015-12-31 21:00:00,6.5,84,4.0,0.0,0.0,5.16,0.0,0.0
2015-12-31 22:00:00,5.7,85,3.4,0.0,0.0,4.92,0.0,0.0
2015-12-31 23:00:00,4.8,88,3.0,0.0,0.0,4.33,0.0,0.0
2016-01-01 00:00:00,4.1,91,2.7,0.0,0.0,3.49,0.0,0.0
2016-01-01 01:00:00,3.4,93,2.3,0.0,0.0,2.45,0.0,0.0
2016-01-01 02:00:00,2.5,94,1.7,0.0,0.0,1.8,0.0,0.0
2016-01-01 03:00:00,1.5,96,0.9,0.0,0.0,1.7,0.0,0.0
2016-01-01 04:00:00,0.6,98,0.2,0.0,0.0,1.77,0.0,0.0
2016-01-01 05:00:00,-0.0,98,-0.3,0.0,0.0,1.84,0.0,0.0
2016-01-01 06:00:00,-0.4,99,-0.6,0.0,0.0,1.63,0.0,0.0
2016-01-01 07:00:00,-0.0,98,-0.3,0.0,0.0,2.16,0.0,0.0
2016-01-01 08:00:00,0.1,97,-0.3,0.0,0.0,2.66,0.0,0.0
2016-01-01 09:00:00,1.6,95,0.9,0.0,0.0,3.54,16.0,0.0576
2016-01-01 10:00:00,4.1,92,2.8,0.0,0.0,4.65,72.0,0.2592
2016-01-01 11:00:00,5.7,89,4.1,0.0,0.0,4.79,114.0,0.4104
2016-01-01 12:00:00,6.8,88,4.9,0.0,0.0,4.7,123.0,0.44279999999999997
2016-01-01 13:00:00,7.4,85,5.1,0.0,0.0,5.06,128.0,0.4608
2016-01-01 14:00:00,7.6,81,4.6,0.0,0.0,5.78,94.0,0.3384
2016-01-01 15:00:00,7.5,82,4.7,0.3,0.0,5.82,37.0,0.13319999999999999
2016-01-01 16:00:00,7.5,89,5.7,0.3,0.0,6.08,9.0,0.0324
2016-01-01 17:00:00,7.7,91,6.4,0.2,0.0,6.38,0.0,0.0
2016-01-01 18:00:00,7.8,91,6.4,0.0,0.0,6.59,0.0,0.0
2016-01-01 19:00:00,7.3,93,6.2,0.0,0.0,6.83,0.0,0.0
2016-01-01 20:00:00,7.1,92,5.9,0.0,0.0,7.18,0.0,0.0
2016-01-01 21:00:00,7.1,90,5.6,0.0,0.0,7.18,0.0,0.0
2016-01-01 22:00:00,7.2,92,6.0,0.3,0.0,6.53,0.0,0.0
2016-01-01 23:00:00,7.6,92,6.4,0.6,0.0,6.58,0.0,0.0
2016-01-02 00:00:00,8.0,92,6.8,0.7,0.0,6.58,0.0,0.0
2016-01-02 01:00:00,8.3,93,7.2,0.4,0.0,6.72,0.0,0.0
2016-01-02 02:00:00,8.5,93,7.4,0.0,0.0,6.65,0.0,0.0
2016-01-02 03:00:00,8.7,92,7.5,0.0,0.0,6.45,0.0,0.0
2016-01-02 04:00:00,9.1,92,7.8,0.0,0.0,6.4,0.0,0.0
2016-01-02 05:00:00,9.3,90,7.8,0.0,0.0,6.44,0.0,0.0
2016-01-02 06:00:00,9.2,91,7.7,0.2,0.0,7.02,0.0,0.0
2016-01-02 07:00:00,9.0,89,7.3,1.0,0.0,7.6,0.0,0.0
2016-01-02 08:00:00,9.2,89,7.5,0.6,0.0,7.61,0.0,0.0
2016-01-02 09:00:00,9.4,90,7.8,0.0,0.0,7.07,3.0,0.0108
2016-01-02 10:00:00,9.7,88,7.9,0.0,0.0,6.77,18.0,0.0648
2016-01-02 11:00:00,9.9,86,7.7,0.0,0.0,7.27,35.0,0.126
2016-01-02 12:00:00,9.8,86,7.5,0.0,0.0,7.82,36.0,0.1296
2016-01-02 13:00:00,9.6,87,7.6,0.2,0.0,7.72,38.0,0.1368
2016-01-02 14:00:00,9.4,91,7.9,0.8,0.0,6.9,29.0,0.10439999999999999
2016-01-02 15:00:00,9.2,95,8.4,0.7,0.0,5.28,11.0,0.039599999999999996
2016-01-02 16:00:00,9.2,96,8.7,0.2,0.0,3.64,6.0,0.0216
2016-01-02 17:00:00,9.4,96,8.8,0.0,0.0,3.84,0.0,0.0
2016-01-02 18:00:00,9.4,97,9.0,0.0,0.0,5.59,0.0,0.0
2016-01-02 19:00:00,10.1,94,9.2,0.1,0.0,6.29,0.0,0.0
2016-01-02 20:00:00,9.9,94,9.0,0.0,0.0,6.48,0.0,0.0
2016-01-02 21:00:00,9.8,93,8.6,0.2,0.0,6.56,0.0,0.0
2016-01-02 22:00:00,9.5,92,8.3,0.0,0.0,5.77,0.0,0.0
2016-01-02 23:00:00,9.5,90,8.0,0.0,0.0,5.92,0.0,0.0
2016-01-03 00:00:00,9.3,92,8.1,0.0,0.0,5.98,0.0,0.0
2016-01-03 01:00:00,8.7,93,7.6,0.0,0.0,6.44,0.0,0.0
2016-01-03 02:00:00,8.2,88,6.3,0.0,0.0,7.2,0.0,0.0
2016-01-03 03:00:00,7.6,81,4.6,0.0,0.0,6.67,0.0,0.0
2016-01-03 04:00:00,7.2,77,3.4,0.0,0.0,5.3,0.0,0.0
2016-01-03 05:00:00,6.6,75,2.4,0.0,0.0,4.39,0.0,0.0
2016-01-03 06:00:00,6.1,75,2.0,0.0,0.0,3.67,0.0,0.0
2016-01-03 07:00:00,5.9,82,3.1,0.0,0.0,4.14,0.0,0.0
2016-01-03 08:00:00,6.6,86,4.3,0.0,0.0,5.59,0.0,0.0
2016-01-03 09:00:00,7.5,88,5.7,0.2,0.0,6.62,11.0,0.039599999999999996
2016-01-03 10:00:00,8.1,89,6.4,0.6,0.0,7.12,26.0,0.0936
2016-01-03 11:00:00,8.3,91,6.9,0.9,0.0,8.05,34.0,0.1224
2016-01-03 12:00:00,8.3,92,7.0,1.6,0.0,8.23,20.0,0.072
2016-01-03 13:00:00,8.4,92,7.1,2.4,0.0,8.64,17.0,0.0612
2016-01-03 14:00:00,8.5,92,7.2,3.0,0.0,8.45,9.0,0.0324
2016-01-03 15:00:00,8.7,92,7.4,2.1,0.0,6.92,7.0,0.0252
2016-01-03 16:00:00,8.9,92,7.6,0.5,0.0,4.39,6.0,0.0216
2016-01-03 17:00:00,9.0,92,7.7,0.0,0.0,3.86,0.0,0.0
2016-01-03 18:00:00,8.6,91,7.2,0.0,0.0,3.54,0.0,0.0
2016-01-03 19:00:00,6.9,94,6.0,0.0,0.0,3.48,0.0,0.0
2016-01-03 20:00:00,6.3,95,5.5,0.0,0.0,3.83,0.0,0.0
2016-01-03 21:00:00,6.0,95,5.3,0.0,0.0,3.92,0.0,0.0
2016-01-03 22:00:00,5.5,96,4.9,0.0,0.0,3.55,0.0,0.0
2016-01-03 23:00:00,5.3,96,4.7,0.0,0.0,3.77,0.0,0.0
2016-01-04 00:00:00,5.3,96,4.7,0.0,0.0,3.73,0.0,0.0
2016-01-04 01:00:00,5.6,96,5.0,0.0,0.0,4.11,0.0,0.0
2016-01-04 02:00:00,6.0,95,5.3,0.0,0.0,4.57,0.0,0.0
2016-01-04 03:00:00,6.0,95,5.2,0.0,0.0,4.43,0.0,0.0
2016-01-04 04:00:00,5.7,95,5.0,0.0,0.0,4.3,0.0,0.0
2016-01-04 05:00:00,5.5,96,4.9,0.0,0.0,4.22,0.0,0.0
2016-01-04 06:00:00,5.7,96,5.1,0.0,0.0,4.08,0.0,0.0
2016-01-04 07:00:00,6.0,94,5.1,0.0,0.0,4.44,0.0,0.0
2016-01-04 08:00:00,6.2,93,5.2,0.0,0.0,4.37,0.0,0.0
2016-01-04 09:00:00,6.6,93,5.5,0.3,0.0,4.39,13.0,0.0468
2016-01-04 10:00:00,7.3,92,6.1,0.0,0.0,4.26,60.0,0.216
2016-01-04 11:00:00,8.2,90,6.7,0.0,0.0,4.24,103.0,0.37079999999999996
2016-01-04 12:00:00,9.1,89,7.4,0.0,0.0,4.27,159.0,0.5724
2016-01-04 13:00:00,9.3,88,7.4,0.0,0.0,4.31,178.0,0.6408
2016-01-04 14:00:00,9.0,84,6.5,0.4,0.0,4.74,161.0,0.5796
2016-01-04 15:00:00,8.5,86,6.3,0.0,0.0,4.16,84.0,0.3024
2016-01-04 16:00:00,7.8,89,6.1,0.0,0.0,3.76,22.0,0.07919999999999999
2016-01-04 17:00:00,7.3,91,6.0,0.0,0.0,3.7,0.0,0.0
2016-01-04 18:00:00,7.0,92,5.8,0.0,0.0,4.21,0.0,0.0
2016-01-04 19:00:00,7.0,91,5.7,0.0,0.0,4.3,0.0,0.0
2016-01-04 20:00:00,6.8,92,5.6,0.1,0.0,4.32,0.0,0.0
2016-01-04 21:00:00,6.8,92,5.7,0.1,0.0,4.65,0.0,0.0
2016-01-04 22:00:00,7.0,92,5.8,0.0,0.0,4.62,0.0,0.0
2016-01-04 23:00:00,7.0,92,5.8,0.0,0.0,5.0,0.0,0.0
2016-01-05 00:00:00,7.1,91,5.7,0.0,0.0,5.3,0.0,0.0
2016-01-05 01:00:00,7.3,91,5.8,0.0,0.0,5.12,0.0,0.0
2016-01-05 02:00:00,7.2,91,5.8,0.0,0.0,4.72,0.0,0.0
2016-01-05 03:00:00,7.0,91,5.7,0.0,0.0,4.3,0.0,0.0
2016-01-05 04:00:00,6.9,92,5.7,0.0,0.0,3.6,0.0,0.0
2016-01-05 05:00:00,7.0,93,5.9,0.0,0.0,3.22,0.0,0.0
2016-01-05 06:00:00,6.6,94,5.6,0.0,0.0,2.94,0.0,0.0
2016-01-05 07:00:00,6.3,95,5.5,0.0,0.0,2.94,0.0,0.0
2016-01-05 08:00:00,5.9,95,5.2,0.0,0.0,2.82,0.0,0.0
2016-01-05 09:00:00,6.1,96,5.5,0.0,0.0,2.71,15.0,0.054
2016-01-05 10:00:00,7.2,95,6.4,0.0,0.0,2.35,78.0,0.2808
2016-01-05 11:00:00,8.2,92,7.0,0.0,0.0,2.55,133.0,0.4788
2016-01-05 12:00:00,9.0,87,7.0,0.0,0.0,2.57,180.0,0.648
2016-01-05 13:00:00,9.5,87,7.5,0.0,0.0,2.5,182.0,0.6552
2016-01-05 14:00:00,9.3,88,7.4,0.5,0.0,2.53,132.0,0.4752
2016-01-05 15:00:00,8.7,89,7.0,0.2,0.0,2.01,69.0,0.24839999999999998
2016-01-05 16:00:00,8.0,91,6.7,0.0,0.0,1.8,23.0,0.0828
2016-01-05 17:00:00,7.3,95,6.5,0.0,0.0,1.9,0.0,0.0
2016-01-05 18:00:00,6.2,97,5.8,0.0,0.0,1.8,0.0,0.0
2016-01-05 19:00:00,5.4,97,5.0,0.0,0.0,1.65,0.0,0.0
2016-01-05 20:00:00,4.4,98,4.1,0.0,0.0,1.75,0.0,0.0
2016-01-05 21:00:00,3.9,99,3.8,0.0,0.0,1.63,0.0,0.0
2016-01-05 22:00:00,3.6,100,3.6,0.0,0.0,1.21,0.0,0.0
2016-01-05 23:00:00,3.8,100,3.8,0.0,0.0,1.9,0.0,0.0
2016-01-06 00:00:00,3.3,100,3.3,0.0,0.0,2.01,0.0,0.0
2016-01-06 01:00:00,3.3,99,3.2,0.0,0.0,1.92,0.0,0.0
2016-01-06 02:00:00,2.9,99,2.8,0.0,0.0,1.32,0.0,0.0
2016-01-06 03:00:00,2.9,99,2.7,0.0,0.0,0.58,0.0,0.0
2016-01-06 04:00:00,2.8,99,2.6,0.2,0.0,0.7,0.0,0.0
2016-01-06 05:00:00,3.0,97,2.5,0.9,0.0,0.22,0.0,0.0
2016-01-06 06:00:00,3.2,98,2.8,0.0,0.0,0.81,0.0,0.0
2016-01-06 07:00:00,2.9,99,2.7,0.0,0.0,1.12,0.0,0.0
2016-01-06 08:00:00,3.1,99,3.0,0.0,0.0,1.4,0.0,0.0
2016-01-06 09:00:00,3.2,99,3.0,0.0,0.0,1.7,10.0,0.036
2016-01-06 10:00:00,4.2,94,3.3,0.0,0.0,1.97,46.0,0.1656
2016-01-06 11:00:00,4.7,96,4.1,0.0,0.0,1.92,77.0,0.2772
2016-01-06 12:00:00,5.2,96,4.6,0.0,0.0,1.66,77.0,0.2772
2016-01-06 13:00:00,5.9,92,4.6,0.0,0.0,1.61,73.0,0.2628
2016-01-06 14:00:00,6.2,91,4.9,0.0,0.0,0.82,74.0,0.26639999999999997
2016-01-06 15:00:00,6.2,91,4.9,0.0,0.0,0.22,53.0,0.1908
2016-01-06 16:00:00,6.3,90,4.8,0.0,0.0,0.98,15.0,0.054
2016-01-06 17:00:00,5.9,94,5.0,0.0,0.0,1.14,0.0,0.0
2016-01-06 18:00:00,5.8,97,5.3,0.0,0.0,1.57,0.0,0.0
2016-01-06 19:00:00,5.8,96,5.1,0.0,0.0,2.41,0.0,0.0
2016-01-06 20:00:00,5.5,96,5.0,0.0,0.0,2.78,0.0,0.0
2016-01-06 21:00:00,5.4,97,4.9,0.0,0.0,3.06,0.0,0.0
2016-01-06 22:00:00,5.5,96,4.9,0.0,0.0,3.25,0.0,0.0
2016-01-06 23:00:00,5.5,95,4.7,0.0,0.0,3.96,0.0,0.0
2016-01-07 00:00:00,6.0,92,4.8,0.0,0.0,4.92,0.0,0.0
2016-01-07 01:00:00,6.6,90,5.1,0.3,0.0,5.61,0.0,0.0
2016-01-07 02:00:00,7.0,91,5.6,0.4,0.0,5.95,0.0,0.0
2016-01-07 03:00:00,7.1,91,5.7,0.4,0.0,7.02,0.0,0.0
2016-01-07 04:00:00,7.0,91,5.7,1.1,0.0,7.51,0.0,0.0
2016-01-07 05:00:00,7.0,92,5.8,1.5,0.0,7.83,0.0,0.0
2016-01-07 06:00:00,6.9,93,5.9,2.0,0.0,7.42,0.0,0.0
2016-01-07 07:00:00,7.3,94,6.4,1.5,0.0,6.74,0.0,0.0
2016-01-07 08:00:00,7.6,96,7.0,1.1,0.0,4.9,0.0,0.0
2016-01-07 09:00:00,8.4,96,7.8,0.3,0.0,4.74,2.0,0.0072
2016-01-07 10:00:00,9.6,95,8.8,0.0,0.0,4.72,21.0,0.0756
2016-01-07 11:00:00,10.1,91,8.7,1.8,0.0,6.5,75.0,0.27
2016-01-07 12:00:00,8.4,89,6.7,0.8,0.0,9.6,39.0,0.1404
2016-01-07 13:00:00,7.0,83,4.2,0.0,0.0,9.4,106.0,0.3816
2016-01-07 14:00:00,7.1,74,2.7,0.0,0.0,8.54,167.0,0.6012
2016-01-07 15:00:00,7.0,70,2.0,0.0,0.0,7.74,128.0,0.4608
2016-01-07 16:00:00,6.4,69,1.1,0.0,0.0,7.3,38.0,0.1368
2016-01-07 17:00:00,5.8,66,-0.0,0.0,0.0,6.92,0.0,0.0
2016-01-07 18:00:00,5.3,64,-1.0,0.0,0.0,6.83,0.0,0.0
2016-01-07 19:00:00,4.7,65,-1.2,0.0,0.0,6.25,0.0,0.0
2016-01-07 20:00:00,4.3,67,-1.3,0.0,0.0,5.71,0.0,0.0
2016-01-07 21:00:00,4.0,68,-1.3,0.0,0.0,5.8,0.0,0.0
2016-01-07 22:00:00,3.7,70,-1.3,0.0,0.0,5.19,0.0,0.0
2016-01-07 23:00:00,3.4,72,-1.1,0.0,0.0,4.61,0.0,0.0
2016-01-08 00:00:00,2.9,77,-0.8,0.0,0.0,4.36,0.0,0.0
2016-01-08 01:00:00,2.5,81,-0.4,0.0,0.0,4.6,0.0,0.0
2016-01-08 02:00:00,2.3,84,-0.2,0.0,0.0,4.22,0.0,0.0
2016-01-08 03:00:00,2.1,85,-0.1,0.0,0.0,3.82,0.0,0.0
2016-01-08 04:00:00,1.8,87,-0.1,0.0,0.0,3.55,0.0,0.0
2016-01-08 05:00:00,1.6,88,-0.2,0.0,0.0,3.38,0.0,0.0
2016-01-08 06:00:00,1.6,88,-0.1,0.0,0.0,3.35,0.0,0.0
2016-01-08 07:00:00,2.0,90,0.6,0.0,0.0,3.7,0.0,0.0
2016-01-08 08:00:00,2.5,90,1.0,0.0,0.0,4.15,0.0,0.0
2016-01-08 09:00:00,3.7,87,1.8,0.0,0.0,4.68,20.0,0.072
2016-01-08 10:00:00,5.7,84,3.2,0.0,0.0,4.97,99.0,0.3564
2016-01-08 11:00:00,7.2,82,4.4,0.0,0.0,4.51,167.0,0.6012
2016-01-08 12:00:00,8.3,79,4.8,0.0,0.0,4.93,215.0,0.774
2016-01-08 13:00:00,8.8,76,4.9,0.0,0.0,5.28,207.0,0.7452
2016-01-08 14:00:00,8.8,76,4.9,0.0,0.0,5.09,148.0,0.5327999999999999
2016-01-08 15:00:00,8.3,79,4.9,0.1,0.0,4.62,81.0,0.29159999999999997
2016-01-08 16:00:00,7.3,84,4.9,0.1,0.0,4.27,28.0,0.1008
2016-01-08 17:00:00,6.5,91,5.1,0.0,0.0,4.12,0.0,0.0
2016-01-08 18:00:00,5.7,94,4.8,0.0,0.0,4.05,0.0,0.0
2016-01-08 19:00:00,5.9,94,5.1,0.0,0.0,3.96,0.0,0.0
2016-01-08 20:00:00,6.1,95,5.4,0.0,0.0,3.81,0.0,0.0
2016-01-08 21:00:00,6.1,96,5.4,0.0,0.0,3.96,0.0,0.0
2016-01-08 22:00:00,6.1,96,5.5,0.0,0.0,3.9,0.0,0.0
2016-01-08 23:00:00,6.4,96,5.7,0.0,0.0,4.21,0.0,0.0
2016-01-09 00:00:00,6.3,96,5.7,0.0,0.0,4.46,0.0,0.0
2016-01-09 01:00:00,6.8,95,6.0,0.0,0.0,4.77,0.0,0.0
2016-01-09 02:00:00,6.9,95,6.2,0.0,0.0,4.83,0.0,0.0
2016-01-09 03:00:00,6.9,96,6.3,0.0,0.0,4.78,0.0,0.0
2016-01-09 04:00:00,7.1,96,6.5,0.0,0.0,4.87,0.0,0.0
2016-01-09 05:00:00,7.1,96,6.5,0.2,0.0,4.56,0.0,0.0
2016-01-09 06:00:00,6.9,95,6.2,0.0,0.0,4.16,0.0,0.0
2016-01-09 07:00:00,7.1,95,6.4,0.0,0.0,4.3,0.0,0.0
2016-01-09 08:00:00,7.2,95,6.5,0.0,0.0,4.61,0.0,0.0
2016-01-09 09:00:00,7.7,94,6.8,0.0,0.0,5.02,15.0,0.054
2016-01-09 10:00:00,8.5,92,7.2,0.0,0.0,5.0,62.0,0.22319999999999998
2016-01-09 11:00:00,9.0,89,7.3,0.2,0.0,6.26,87.0,0.3132
2016-01-09 12:00:00,9.2,91,7.8,0.4,0.0,6.4,122.0,0.4392
2016-01-09 13:00:00,9.6,87,7.6,0.3,0.0,6.42,126.0,0.4536
2016-01-09 14:00:00,9.2,89,7.5,0.5,0.0,7.53,82.0,0.2952
2016-01-09 15:00:00,9.1,89,7.3,0.6,0.0,7.02,38.0,0.1368
2016-01-09 16:00:00,9.1,90,7.5,0.8,0.0,7.2,12.0,0.0432
2016-01-09 17:00:00,9.1,90,7.6,1.0,0.0,7.95,0.0,0.0
2016-01-09 18:00:00,9.2,90,7.6,1.5,0.0,8.52,0.0,0.0
2016-01-09 19:00:00,9.3,89,7.5,1.1,0.0,9.14,0.0,0.0
2016-01-09 20:00:00,9.0,86,6.8,0.6,0.0,8.72,0.0,0.0
2016-01-09 21:00:00,8.3,86,6.1,0.0,0.0,7.11,0.0,0.0
2016-01-09 22:00:00,7.8,87,5.8,0.0,0.0,6.52,0.0,0.0
2016-01-09 23:00:00,7.3,88,5.5,0.0,0.0,6.76,0.0,0.0
2016-01-10 00:00:00,6.9,87,5.0,0.0,0.0,7.03,0.0,0.0
2016-01-10 01:00:00,6.5,86,4.4,0.0,0.0,6.86,0.0,0.0
2016-01-10 02:00:00,6.2,85,3.9,0.0,0.0,7.41,0.0,0.0
2016-01-10 03:00:00,6.2,83,3.5,0.0,0.0,7.62,0.0,0.0
2016-01-10 04:00:00,5.9,81,2.9,0.0,0.0,7.58,0.0,0.0
2016-01-10 05:00:00,5.6,79,2.3,0.0,0.0,7.52,0.0,0.0
2016-01-10 06:00:00,5.4,80,2.2,0.0,0.0,6.97,0.0,0.0
2016-01-10 07:00:00,5.8,83,3.1,0.0,0.0,6.17,0.0,0.0
2016-01-10 08:00:00,5.7,83,3.1,0.0,0.0,5.53,0.0,0.0
2016-01-10 09:00:00,5.8,84,3.3,0.0,0.0,5.26,17.0,0.0612
2016-01-10 10:00:00,6.3,83,3.7,0.0,0.0,4.19,83.0,0.2988
2016-01-10 11:00:00,7.0,81,3.9,0.0,0.0,4.99,161.0,0.5796
2016-01-10 12:00:00,7.6,74,3.4,0.0,0.0,6.08,193.0,0.6948
2016-01-10 13:00:00,7.8,72,3.1,0.0,0.0,6.04,174.0,0.6264
2016-01-10 14:00:00,7.6,73,3.2,0.0,0.0,6.04,160.0,0.576
2016-01-10 15:00:00,7.2,75,3.2,0.0,0.0,5.45,95.0,0.34199999999999997
2016-01-10 16:00:00,6.5,79,3.0,0.0,0.0,5.11,38.0,0.1368
2016-01-10 17:00:00,5.6,83,3.0,0.0,0.0,5.17,0.0,0.0
2016-01-10 18:00:00,5.1,87,3.1,0.0,0.0,4.89,0.0,0.0
2016-01-10 19:00:00,5.1,84,2.7,0.0,0.0,4.44,0.0,0.0
2016-01-10 20:00:00,4.6,88,2.8,0.0,0.0,4.58,0.0,0.0
2016-01-10 21:00:00,4.4,89,2.7,0.0,0.0,4.74,0.0,0.0
2016-01-10 22:00:00,4.8,88,3.0,0.0,0.0,3.52,0.0,0.0
2016-01-10 23:00:00,5.0,88,3.1,0.0,0.0,3.61,0.0,0.0
2016-01-11 00:00:00,4.9,88,3.1,0.3,0.0,3.63,0.0,0.0
2016-01-11 01:00:00,5.1,87,3.0,0.5,0.0,4.57,0.0,0.0
2016-01-11 02:00:00,5.4,89,3.7,0.4,0.0,5.12,0.0,0.0
2016-01-11 03:00:00,5.9,90,4.4,0.5,0.0,5.41,0.0,0.0
2016-01-11 04:00:00,6.0,91,4.6,1.5,0.0,5.5,0.0,0.0
2016-01-11 05:00:00,6.2,92,4.9,1.4,0.0,5.53,0.0,0.0
2016-01-11 06:00:00,6.2,93,5.1,0.9,0.0,5.3,0.0,0.0
2016-01-11 07:00:00,5.9,95,5.1,0.6,0.0,4.37,0.0,0.0
2016-01-11 08:00:00,6.0,94,5.1,0.2,0.0,3.62,0.0,0.0
2016-01-11 09:00:00,6.2,93,5.1,0.0,0.0,3.69,9.0,0.0324
2016-01-11 10:00:00,6.4,92,5.2,0.0,0.0,3.49,51.0,0.18359999999999999
2016-01-11 11:00:00,6.7,91,5.3,0.0,0.0,3.79,103.0,0.37079999999999996
2016-01-11 12:00:00,6.7,89,5.0,0.0,0.0,3.91,148.0,0.5327999999999999
2016-01-11 13:00:00,6.3,89,4.6,0.0,0.0,3.9,121.0,0.4356
2016-01-11 14:00:00,6.1,89,4.4,0.0,0.0,3.71,84.0,0.3024
2016-01-11 15:00:00,5.7,90,4.1,0.1,0.0,3.32,51.0,0.18359999999999999
2016-01-11 16:00:00,5.1,90,3.7,0.2,0.0,3.62,16.0,0.0576
2016-01-11 17:00:00,4.8,92,3.6,0.2,0.0,3.61,0.0,0.0
2016-01-11 18:00:00,4.6,93,3.6,0.0,0.0,3.61,0.0,0.0
2016-01-11 19:00:00,5.1,89,3.5,0.0,0.0,3.6,0.0,0.0
2016-01-11 20:00:00,5.1,89,3.5,0.0,0.0,3.71,0.0,0.0
2016-01-11 21:00:00,5.1,88,3.4,0.0,0.0,4.0,0.0,0.0
2016-01-11 22:00:00,5.0,88,3.3,0.0,0.0,3.81,0.0,0.0
2016-01-11 23:00:00,4.7,89,3.1,0.0,0.0,4.2,0.0,0.0
2016-01-12 00:00:00,4.3,90,2.8,0.0,0.0,4.6,0.0,0.0
2016-01-12 01:00:00,4.0,90,2.4,0.0,0.0,5.0,0.0,0.0
2016-01-12 02:00:00,3.7,90,2.2,0.0,0.0,5.0,0.0,0.0
2016-01-12 03:00:00,3.7,89,2.1,0.0,0.0,5.42,0.0,0.0
2016-01-12 04:00:00,3.8,87,1.9,0.0,0.0,5.66,0.0,0.0
2016-01-12 05:00:00,3.8,87,1.8,0.0,0.0,5.73,0.0,0.0
2016-01-12 06:00:00,4.1,85,1.7,0.0,0.0,6.02,0.0,0.0
2016-01-12 07:00:00,3.4,86,1.3,0.0,0.0,6.07,0.0,0.0
2016-01-12 08:00:00,3.4,86,1.2,0.0,0.0,5.98,0.0,0.0
2016-01-12 09:00:00,3.6,85,1.2,0.0,0.0,6.16,23.0,0.0828
2016-01-12 10:00:00,4.2,83,1.6,0.0,0.0,6.39,97.0,0.3492
2016-01-12 11:00:00,5.1,79,1.8,0.0,0.0,6.33,184.0,0.6624
2016-01-12 12:00:00,5.9,72,1.3,0.0,0.0,7.94,218.0,0.7847999999999999
2016-01-12 13:00:00,6.2,72,1.5,0.0,0.0,7.7,142.0,0.5112
2016-01-12 14:00:00,6.3,74,2.0,0.0,0.0,6.3,80.0,0.288
2016-01-12 15:00:00,6.3,75,2.1,0.0,0.0,6.64,62.0,0.22319999999999998
2016-01-12 16:00:00,5.9,76,1.9,0.0,0.0,6.83,36.0,0.1296
2016-01-12 17:00:00,5.8,77,2.0,0.0,0.0,7.58,1.0,0.0036
2016-01-12 18:00:00,5.5,78,1.9,0.0,0.0,7.98,0.0,0.0
2016-01-12 19:00:00,5.5,77,1.9,0.0,0.0,8.22,0.0,0.0
2016-01-12 20:00:00,5.5,78,1.9,0.1,0.0,8.12,0.0,0.0
2016-01-12 21:00:00,5.1,81,2.1,0.4,0.0,7.96,0.0,0.0
2016-01-12 22:00:00,4.7,85,2.4,0.4,0.0,6.9,0.0,0.0
2016-01-12 23:00:00,4.6,87,2.6,0.2,0.0,6.75,0.0,0.0
2016-01-13 00:00:00,4.4,87,2.4,0.2,0.0,6.84,0.0,0.0
2016-01-13 01:00:00,4.3,86,2.2,0.2,0.0,6.71,0.0,0.0
2016-01-13 02:00:00,4.0,84,1.6,0.0,0.0,6.41,0.0,0.0
2016-01-13 03:00:00,3.8,83,1.1,0.0,0.0,6.26,0.0,0.0
2016-01-13 04:00:00,3.4,82,0.6,0.0,0.0,6.14,0.0,0.0
2016-01-13 05:00:00,3.0,82,0.2,0.0,0.0,5.87,0.0,0.0
2016-01-13 06:00:00,2.4,84,-0.1,0.0,0.0,5.3,0.0,0.0
2016-01-13 07:00:00,2.1,88,0.2,0.0,0.0,4.92,0.0,0.0
2016-01-13 08:00:00,1.6,89,-0.0,0.0,0.0,4.6,0.0,0.0
2016-01-13 09:00:00,1.6,89,0.1,0.0,0.0,4.51,22.0,0.07919999999999999
2016-01-13 10:00:00,2.5,87,0.6,0.0,0.0,4.16,90.0,0.324
2016-01-13 11:00:00,3.6,82,0.8,0.0,0.0,3.83,160.0,0.576
2016-01-13 12:00:00,4.6,77,0.8,0.0,0.0,3.92,208.0,0.7488
2016-01-13 13:00:00,5.2,73,0.7,0.0,0.0,3.76,223.0,0.8028
2016-01-13 14:00:00,5.6,71,0.8,0.0,0.0,3.4,198.0,0.7128
2016-01-13 15:00:00,5.4,73,1.0,0.0,0.0,3.18,122.0,0.4392
2016-01-13 16:00:00,4.7,75,0.7,0.0,0.0,3.2,45.0,0.162
2016-01-13 17:00:00,4.0,79,0.7,0.0,0.0,3.54,1.0,0.0036
2016-01-13 18:00:00,3.9,80,0.7,0.0,0.0,4.26,0.0,0.0
2016-01-13 19:00:00,4.0,84,1.5,0.0,0.0,4.9,0.0,0.0
2016-01-13 20:00:00,4.2,87,2.3,0.0,0.0,5.15,0.0,0.0
2016-01-13 21:00:00,4.4,89,2.7,0.1,0.0,5.39,0.0,0.0
2016-01-13 22:00:00,4.4,89,2.7,0.4,0.0,5.29,0.0,0.0
2016-01-13 23:00:00,4.3,90,2.8,0.3,0.0,4.97,0.0,0.0
2016-01-14 00:00:00,4.2,92,3.0,0.3,0.0,4.61,0.0,0.0
2016-01-14 01:00:00,4.4,92,3.2,0.2,0.0,4.53,0.0,0.0
2016-01-14 02:00:00,4.6,91,3.3,0.3,0.0,4.77,0.0,0.0
2016-01-14 03:00:00,4.2,92,3.0,0.2,0.0,4.85,0.0,0.0
2016-01-14 04:00:00,3.7,91,2.3,0.0,0.0,5.2,0.0,0.0
2016-01-14 05:00:00,3.1,89,1.5,0.0,0.0,5.0,0.0,0.0
2016-01-14 06:00:00,2.0,89,0.4,0.0,0.0,4.81,0.0,0.0
2016-01-14 07:00:00,1.4,90,-0.1,0.0,0.0,4.94,0.0,0.0
2016-01-14 08:00:00,1.0,90,-0.5,0.0,0.0,5.31,0.0,0.0
2016-01-14 09:00:00,1.2,89,-0.4,0.0,0.0,5.65,28.0,0.1008
2016-01-14 10:00:00,2.2,87,0.2,0.0,0.0,5.7,81.0,0.29159999999999997
2016-01-14 11:00:00,3.2,85,1.0,0.0,0.0,5.62,134.0,0.4824
2016-01-14 12:00:00,4.0,79,0.7,0.1,0.0,7.03,143.0,0.5148
2016-01-14 13:00:00,3.7,82,0.9,0.2,0.0,7.92,137.0,0.49319999999999997
2016-01-14 14:00:00,3.7,81,0.8,0.0,0.0,7.61,124.0,0.44639999999999996
2016-01-14 15:00:00,3.6,77,0.0,0.0,0.0,7.85,90.0,0.324
2016-01-14 16:00:00,3.3,71,-1.4,0.0,0.0,7.74,41.0,0.1476
2016-01-14 17:00:00,2.5,66,-3.2,0.0,0.0,8.01,1.0,0.0036
2016-01-14 18:00:00,2.1,60,-4.9,0.0,0.0,8.13,0.0,0.0
2016-01-14 19:00:00,2.0,57,-5.6,0.0,0.0,8.32,0.0,0.0
2016-01-14 20:00:00,2.1,56,-5.8,0.0,0.0,8.49,0.0,0.0
2016-01-14 21:00:00,2.2,56,-5.6,0.0,0.0,8.49,0.0,0.0
2016-01-14 22:00:00,2.2,59,-5.0,0.0,0.0,8.38,0.0,0.0
2016-01-14 23:00:00,1.8,65,-4.1,0.0,0.0,7.66,0.0,0.0
2016-01-15 00:00:00,1.5,72,-3.0,0.0,0.0,6.89,0.0,0.0
2016-01-15 01:00:00,1.1,79,-2.2,0.0,0.0,6.08,0.0,0.0
2016-01-15 02:00:00,0.7,83,-1.8,0.0,0.0,5.73,0.0,0.0
2016-01-15 03:00:00,0.5,86,-1.5,0.0,0.0,5.81,0.0,0.0
2016-01-15 04:00:00,0.2,88,-1.5,0.0,0.0,5.69,0.0,0.0
2016-01-15 05:00:00,0.2,88,-1.5,0.0,0.0,5.49,0.0,0.0
2016-01-15 06:00:00,0.1,89,-1.5,0.0,0.0,5.63,0.0,0.0
2016-01-15 07:00:00,0.2,88,-1.5,0.0,0.0,5.8,0.0,0.0
2016-01-15 08:00:00,0.2,88,-1.6,0.0,0.0,5.77,0.0,0.0
2016-01-15 09:00:00,0.5,86,-1.5,0.0,0.0,5.69,29.0,0.10439999999999999
2016-01-15 10:00:00,1.5,83,-1.1,0.0,0.0,4.68,120.0,0.432
2016-01-15 11:00:00,2.7,76,-1.2,0.0,0.0,5.38,207.0,0.7452
2016-01-15 12:00:00,3.6,69,-1.7,0.0,0.0,5.66,258.0,0.9288
2016-01-15 13:00:00,4.1,64,-2.0,0.0,0.0,5.87,262.0,0.9431999999999999
2016-01-15 14:00:00,4.3,63,-2.1,0.0,0.0,5.81,233.0,0.8388
2016-01-15 15:00:00,4.2,65,-1.8,0.0,0.0,5.45,154.0,0.5544
2016-01-15 16:00:00,3.4,70,-1.7,0.0,0.0,5.17,58.0,0.20879999999999999
2016-01-15 17:00:00,2.5,76,-1.3,0.0,0.0,4.78,2.0,0.0072
2016-01-15 18:00:00,1.9,81,-1.0,0.0,0.0,4.63,0.0,0.0
2016-01-15 19:00:00,1.6,84,-0.8,0.0,0.0,4.48,0.0,0.0
2016-01-15 20:00:00,1.1,86,-1.0,0.0,0.0,4.3,0.0,0.0
2016-01-15 21:00:00,0.9,87,-1.1,0.0,0.0,4.22,0.0,0.0
2016-01-15 22:00:00,0.5,89,-1.2,0.0,0.0,3.94,0.0,0.0
2016-01-15 23:00:00,0.6,89,-1.0,0.0,0.0,3.77,0.0,0.0
2016-01-16 00:00:00,0.7,90,-0.7,0.0,0.0,3.84,0.0,0.0
2016-01-16 01:00:00,0.7,91,-0.6,0.0,0.0,3.75,0.0,0.0
2016-01-16 02:00:00,0.7,91,-0.6,0.0,0.0,3.54,0.0,0.0
2016-01-16 03:00:00,0.2,91,-1.1,0.0,0.0,4.03,0.0,0.0
2016-01-16 04:00:00,-0.2,90,-1.6,0.0,0.0,4.24,0.0,0.0
2016-01-16 05:00:00,-0.5,89,-2.0,0.0,0.0,3.98,0.0,0.0
2016-01-16 06:00:00,-0.9,89,-2.5,0.0,0.0,3.76,0.0,0.0
2016-01-16 07:00:00,-0.8,89,-2.4,0.0,0.0,3.62,0.0,0.0
2016-01-16 08:00:00,-1.2,89,-2.7,0.0,0.0,3.47,0.0,0.0
2016-01-16 09:00:00,-0.8,89,-2.5,0.0,0.0,3.54,30.0,0.108
2016-01-16 10:00:00,0.6,85,-1.7,0.0,0.0,3.14,122.0,0.4392
2016-01-16 11:00:00,1.9,80,-1.2,0.0,0.0,2.88,207.0,0.7452
2016-01-16 12:00:00,2.9,77,-0.7,0.0,0.0,2.7,252.0,0.9072
2016-01-16 13:00:00,3.5,76,-0.4,0.0,0.0,2.92,242.0,0.8712
2016-01-16 14:00:00,3.7,75,-0.3,0.0,0.0,2.78,208.0,0.7488
2016-01-16 15:00:00,3.5,77,-0.2,0.0,0.0,2.53,152.0,0.5472
2016-01-16 16:00:00,2.5,82,-0.3,0.0,0.0,2.21,60.0,0.216
2016-01-16 17:00:00,1.0,88,-0.8,0.0,0.0,2.31,2.0,0.0072
2016-01-16 18:00:00,-0.3,91,-1.6,0.0,0.0,2.16,0.0,0.0
2016-01-16 19:00:00,-0.9,93,-2.0,0.0,0.0,1.96,0.0,0.0
2016-01-16 20:00:00,-0.9,93,-1.8,0.0,0.0,1.93,0.0,0.0
2016-01-16 21:00:00,-0.3,94,-1.2,0.0,0.07,1.57,0.0,0.0
2016-01-16 22:00:00,0.1,94,-0.7,0.0,0.14,0.89,0.0,0.0
2016-01-16 23:00:00,0.7,93,-0.3,0.0,0.14,0.45,0.0,0.0
2016-01-17 00:00:00,0.7,94,-0.1,0.0,0.14,0.98,0.0,0.0
2016-01-17 01:00:00,0.5,96,-0.1,0.0,0.14,1.2,0.0,0.0
2016-01-17 02:00:00,0.3,98,0.0,0.0,0.21,1.42,0.0,0.0
2016-01-17 03:00:00,0.4,97,0.1,0.0,0.21,1.75,0.0,0.0
2016-01-17 04:00:00,0.5,96,0.0,0.0,0.21,2.26,0.0,0.0
2016-01-17 05:00:00,0.6,95,-0.1,0.0,0.14,2.45,0.0,0.0
2016-01-17 06:00:00,0.5,94,-0.3,0.0,0.07,2.55,0.0,0.0
2016-01-17 07:00:00,0.7,93,-0.3,0.0,0.14,2.72,0.0,0.0
2016-01-17 08:00:00,0.8,92,-0.4,0.0,0.07,2.66,0.0,0.0
2016-01-17 09:00:00,1.0,92,-0.2,0.0,0.0,2.73,10.0,0.036
2016-01-17 10:00:00,1.5,91,0.2,0.0,0.0,2.91,48.0,0.1728
2016-01-17 11:00:00,2.6,87,0.6,0.0,0.0,3.28,86.0,0.3096
2016-01-17 12:00:00,3.6,79,0.4,0.0,0.0,3.97,127.0,0.4572
2016-01-17 13:00:00,3.9,78,0.5,0.0,0.0,4.47,90.0,0.324
2016-01-17 14:00:00,4.1,77,0.4,0.0,0.0,4.89,97.0,0.3492
2016-01-17 15:00:00,4.1,75,0.1,0.0,0.0,4.04,56.0,0.2016
2016-01-17 16:00:00,3.8,75,-0.3,0.0,0.0,3.82,31.0,0.11159999999999999
2016-01-17 17:00:00,3.1,76,-0.8,0.0,0.0,4.03,2.0,0.0072
2016-01-17 18:00:00,2.6,77,-1.0,0.0,0.0,4.46,0.0,0.0
2016-01-17 19:00:00,3.2,75,-0.8,0.0,0.0,4.67,0.0,0.0
2016-01-17 20:00:00,3.1,75,-0.9,0.0,0.0,4.88,0.0,0.0
2016-01-17 21:00:00,3.2,75,-0.8,0.0,0.0,5.24,0.0,0.0
2016-01-17 22:00:00,3.1,78,-0.4,0.0,0.0,4.67,0.0,0.0
2016-01-17 23:00:00,3.0,80,-0.2,0.0,0.0,5.17,0.0,0.0
2016-01-18 00:00:00,3.1,81,0.1,0.0,0.0,5.26,0.0,0.0
2016-01-18 01:00:00,3.1,81,0.2,0.0,0.0,5.28,0.0,0.0
2016-01-18 02:00:00,3.1,81,0.1,0.0,0.0,5.19,0.0,0.0
2016-01-18 03:00:00,3.1,81,0.1,0.0,0.0,5.19,0.0,0.0
2016-01-18 04:00:00,3.0,81,0.0,0.0,0.0,5.19,0.0,0.0
2016-01-18 05:00:00,2.8,80,-0.2,0.0,0.0,5.25,0.0,0.0
2016-01-18 06:00:00,2.6,79,-0.7,0.0,0.0,5.11,0.0,0.0
2016-01-18 07:00:00,2.6,83,0.1,0.0,0.0,4.96,0.0,0.0
2016-01-18 08:00:00,2.4,82,-0.3,0.0,0.0,4.88,0.0,0.0
2016-01-18 09:00:00,2.2,81,-0.8,0.0,0.0,4.68,20.0,0.072
2016-01-18 10:00:00,2.4,79,-1.0,0.0,0.0,3.94,79.0,0.2844
2016-01-18 11:00:00,2.8,74,-1.4,0.0,0.0,4.81,155.0,0.5579999999999999
2016-01-18 12:00:00,3.2,71,-1.6,0.0,0.0,4.18,189.0,0.6804
2016-01-18 13:00:00,2.9,72,-1.6,0.0,0.0,3.91,129.0,0.4644
2016-01-18 14:00:00,3.2,70,-1.8,0.0,0.0,3.64,183.0,0.6587999999999999
2016-01-18 15:00:00,3.0,70,-1.9,0.0,0.0,3.19,144.0,0.5184
2016-01-18 16:00:00,2.1,75,-1.9,0.0,0.0,2.6,59.0,0.2124
2016-01-18 17:00:00,0.9,79,-2.3,0.0,0.0,2.52,3.0,0.0108
2016-01-18 18:00:00,-0.0,82,-2.7,0.0,0.0,2.53,0.0,0.0
2016-01-18 19:00:00,-0.6,86,-2.6,0.0,0.0,2.35,0.0,0.0
2016-01-18 20:00:00,-1.5,87,-3.5,0.0,0.0,2.18,0.0,0.0
2016-01-18 21:00:00,-2.5,87,-4.4,0.0,0.0,2.04,0.0,0.0
2016-01-18 22:00:00,-2.6,86,-4.6,0.0,0.0,1.92,0.0,0.0
2016-01-18 23:00:00,-2.2,84,-4.6,0.0,0.0,2.04,0.0,0.0
2016-01-19 00:00:00,-1.2,81,-4.0,0.0,0.0,2.06,0.0,0.0
2016-01-19 01:00:00,-1.0,82,-3.7,0.0,0.0,1.8,0.0,0.0
2016-01-19 02:00:00,-1.4,85,-3.6,0.0,0.0,1.3,0.0,0.0
2016-01-19 03:00:00,-2.0,88,-3.7,0.0,0.0,1.14,0.0,0.0
2016-01-19 04:00:00,-2.6,90,-4.0,0.0,0.0,1.34,0.0,0.0
2016-01-19 05:00:00,-3.1,91,-4.4,0.0,0.0,1.52,0.0,0.0
2016-01-19 06:00:00,-3.3,91,-4.6,0.0,0.0,1.88,0.0,0.0
2016-01-19 07:00:00,-2.6,94,-3.5,0.0,0.0,2.0,0.0,0.0
2016-01-19 08:00:00,-2.0,93,-3.1,0.0,0.0,1.89,0.0,0.0
2016-01-19 09:00:00,-1.6,91,-2.9,0.0,0.0,1.32,34.0,0.1224
2016-01-19 10:00:00,-0.6,87,-2.6,0.0,0.0,0.67,130.0,0.46799999999999997
2016-01-19 11:00:00,1.0,77,-2.7,0.0,0.0,0.42,216.0,0.7776
2016-01-19 12:00:00,1.9,72,-2.5,0.0,0.0,0.32,269.0,0.9683999999999999
2016-01-19 13:00:00,2.4,69,-2.8,0.0,0.0,0.32,276.0,0.9935999999999999
2016-01-19 14:00:00,2.6,67,-2.9,0.0,0.0,0.45,242.0,0.8712
2016-01-19 15:00:00,2.5,68,-2.8,0.0,0.0,0.61,167.0,0.6012
2016-01-19 16:00:00,1.6,76,-2.1,0.0,0.0,1.4,70.0,0.252
2016-01-19 17:00:00,-0.7,86,-2.8,0.0,0.0,1.77,4.0,0.0144
2016-01-19 18:00:00,-1.7,86,-3.7,0.0,0.0,2.2,0.0,0.0
2016-01-19 19:00:00,-1.2,84,-3.6,0.0,0.0,2.5,0.0,0.0
2016-01-19 20:00:00,-1.3,84,-3.6,0.0,0.0,2.35,0.0,0.0
2016-01-19 21:00:00,-0.7,84,-3.1,0.0,0.0,1.87,0.0,0.0
2016-01-19 22:00:00,-0.6,85,-2.8,0.0,0.0,1.06,0.0,0.0
2016-01-19 23:00:00,-0.7,87,-2.6,0.0,0.0,1.17,0.0,0.0
2016-01-20 00:00:00,-0.5,87,-2.4,0.0,0.0,1.46,0.0,0.0
2016-01-20 01:00:00,-0.5,89,-2.2,0.0,0.0,1.33,0.0,0.0
2016-01-20 02:00:00,-0.5,90,-2.0,0.0,0.0,1.17,0.0,0.0
2016-01-20 03:00:00,-0.4,91,-1.7,0.0,0.0,1.0,0.0,0.0
2016-01-20 04:00:00,-0.5,92,-1.6,0.0,0.0,1.02,0.0,0.0
2016-01-20 05:00:00,-0.6,94,-1.5,0.0,0.0,0.71,0.0,0.0
2016-01-20 06:00:00,-0.6,94,-1.4,0.0,0.0,0.54,0.0,0.0
2016-01-20 07:00:00,-0.4,94,-1.2,0.0,0.0,0.58,0.0,0.0
2016-01-20 08:00:00,-0.4,95,-1.1,0.0,0.0,0.63,0.0,0.0
2016-01-20 09:00:00,0.1,95,-0.6,0.0,0.0,0.6,23.0,0.0828
2016-01-20 10:00:00,1.4,92,0.2,0.0,0.0,0.42,68.0,0.2448
2016-01-20 11:00:00,2.1,86,-0.0,0.0,0.0,0.32,126.0,0.4536
2016-01-20 12:00:00,2.5,83,-0.0,0.0,0.0,0.8,168.0,0.6048
2016-01-20 13:00:00,2.8,81,-0.1,0.0,0.0,1.04,175.0,0.63
2016-01-20 14:00:00,2.9,79,-0.3,0.0,0.0,1.12,178.0,0.6408
2016-01-20 15:00:00,2.7,81,-0.2,0.0,0.0,1.02,106.0,0.3816
2016-01-20 16:00:00,2.1,85,-0.2,0.0,0.0,2.0,51.0,0.18359999999999999
2016-01-20 17:00:00,1.2,90,-0.3,0.0,0.0,2.0,3.0,0.0108
2016-01-20 18:00:00,0.6,93,-0.4,0.0,0.0,1.81,0.0,0.0
2016-01-20 19:00:00,-0.3,95,-1.1,0.0,0.0,2.14,0.0,0.0
2016-01-20 20:00:00,-1.3,94,-2.1,0.0,0.0,2.21,0.0,0.0
2016-01-20 21:00:00,-1.4,94,-2.2,0.0,0.0,2.15,0.0,0.0
2016-01-20 22:00:00,-1.7,94,-2.5,0.0,0.0,2.11,0.0,0.0
2016-01-20 23:00:00,-2.1,94,-3.0,0.0,0.0,2.25,0.0,0.0
2016-01-21 00:00:00,-2.4,94,-3.2,0.0,0.0,2.73,0.0,0.0
2016-01-21 01:00:00,-2.4,94,-3.2,0.0,0.0,2.87,0.0,0.0
2016-01-21 02:00:00,-2.3,94,-3.2,0.0,0.0,2.66,0.0,0.0
2016-01-21 03:00:00,-2.1,94,-3.0,0.0,0.0,2.76,0.0,0.0
2016-01-21 04:00:00,-1.9,94,-2.8,0.0,0.0,2.8,0.0,0.0
2016-01-21 05:00:00,-1.5,94,-2.4,0.0,0.0,2.83,0.0,0.0
2016-01-21 06:00:00,-0.9,94,-1.7,0.0,0.0,3.02,0.0,0.0
2016-01-21 07:00:00,0.2,96,-0.3,0.0,0.0,3.14,0.0,0.0
2016-01-21 08:00:00,1.1,96,0.6,0.0,0.0,3.18,0.0,0.0
2016-01-21 09:00:00,1.9,96,1.3,0.0,0.0,3.53,12.0,0.0432
2016-01-21 10:00:00,2.9,94,2.1,0.0,0.0,4.11,47.0,0.1692
2016-01-21 11:00:00,4.0,92,2.8,0.0,0.0,4.44,88.0,0.31679999999999997
2016-01-21 12:00:00,4.8,87,2.8,0.0,0.0,4.39,127.0,0.4572
2016-01-21 13:00:00,5.2,85,2.9,0.0,0.0,3.89,138.0,0.49679999999999996
2016-01-21 14:00:00,5.2,85,2.8,0.0,0.0,4.24,167.0,0.6012
2016-01-21 15:00:00,4.7,85,2.4,0.0,0.0,4.43,150.0,0.54
2016-01-21 16:00:00,3.7,87,1.7,0.0,0.0,4.74,63.0,0.2268
2016-01-21 17:00:00,2.6,90,1.1,0.0,0.0,4.63,4.0,0.0144
2016-01-21 18:00:00,2.4,90,0.9,0.0,0.0,4.95,0.0,0.0
2016-01-21 19:00:00,2.7,88,0.9,0.0,0.0,5.04,0.0,0.0
2016-01-21 20:00:00,2.6,89,1.0,0.0,0.0,5.22,0.0,0.0
2016-01-21 21:00:00,2.7,90,1.1,0.0,0.0,5.47,0.0,0.0
2016-01-21 22:00:00,2.7,90,1.2,0.0,0.0,5.1,0.0,0.0
2016-01-21 23:00:00,3.1,89,1.4,0.0,0.0,5.43,0.0,0.0
2016-01-22 00:00:00,3.6,86,1.5,0.0,0.0,5.57,0.0,0.0
2016-01-22 01:00:00,3.8,85,1.4,0.0,0.0,5.89,0.0,0.0
2016-01-22 02:00:00,4.0,83,1.4,0.0,0.0,5.82,0.0,0.0
2016-01-22 03:00:00,4.4,81,1.4,0.0,0.0,5.63,0.0,0.0
2016-01-22 04:00:00,4.5,79,1.3,0.0,0.0,5.92,0.0,0.0
2016-01-22 05:00:00,4.6,79,1.3,0.0,0.0,6.12,0.0,0.0
2016-01-22 06:00:00,5.0,78,1.4,0.0,0.0,6.51,0.0,0.0
2016-01-22 07:00:00,5.4,80,2.3,0.0,0.0,6.53,0.0,0.0
2016-01-22 08:00:00,5.7,81,2.6,0.0,0.0,6.73,0.0,0.0
2016-01-22 09:00:00,6.0,83,3.3,0.4,0.0,6.71,7.0,0.0252
2016-01-22 10:00:00,6.1,89,4.4,0.9,0.0,6.14,18.0,0.0648
2016-01-22 11:00:00,6.6,92,5.4,0.4,0.0,6.2,31.0,0.11159999999999999
2016-01-22 12:00:00,6.9,94,6.1,2.1,0.0,6.0,12.0,0.0432
2016-01-22 13:00:00,7.3,97,6.8,1.0,0.0,5.53,18.0,0.0648
2016-01-22 14:00:00,8.1,97,7.7,0.4,0.0,4.75,17.0,0.0612
2016-01-22 15:00:00,9.2,97,8.8,0.0,0.0,4.72,21.0,0.0756
2016-01-22 16:00:00,10.3,94,9.3,0.0,0.0,5.24,25.0,0.09
2016-01-22 17:00:00,9.9,89,8.1,0.0,0.0,4.92,4.0,0.0144
2016-01-22 18:00:00,8.8,87,6.8,0.0,0.0,5.07,0.0,0.0
2016-01-22 19:00:00,8.1,89,6.4,0.0,0.0,4.97,0.0,0.0
2016-01-22 20:00:00,7.2,90,5.7,0.0,0.0,4.59,0.0,0.0
2016-01-22 21:00:00,6.4,91,5.1,0.0,0.0,4.38,0.0,0.0
2016-01-22 22:00:00,5.8,93,4.7,0.0,0.0,4.33,0.0,0.0
2016-01-22 23:00:00,5.5,93,4.5,0.0,0.0,4.58,0.0,0.0
2016-01-23 00:00:00,5.5,93,4.4,0.0,0.0,4.58,0.0,0.0
2016-01-23 01:00:00,5.5,93,4.5,0.0,0.0,5.1,0.0,0.0
2016-01-23 02:00:00,5.4,93,4.4,0.0,0.0,4.97,0.0,0.0
2016-01-23 03:00:00,5.3,94,4.4,0.0,0.0,4.66,0.0,0.0
2016-01-23 04:00:00,4.8,94,4.0,0.0,0.0,3.99,0.0,0.0
2016-01-23 05:00:00,4.0,96,3.4,0.0,0.0,3.38,0.0,0.0
2016-01-23 06:00:00,2.9,97,2.4,0.0,0.0,2.47,0.0,0.0
2016-01-23 07:00:00,2.6,98,2.3,0.0,0.0,2.69,0.0,0.0
2016-01-23 08:00:00,3.0,98,2.8,0.0,0.0,3.68,0.0,0.0
2016-01-23 09:00:00,4.0,98,3.6,0.0,0.0,3.32,36.0,0.1296
2016-01-23 10:00:00,6.1,96,5.5,0.0,0.0,2.95,127.0,0.4572
2016-01-23 11:00:00,8.1,92,6.9,0.0,0.0,3.88,191.0,0.6876
2016-01-23 12:00:00,9.6,88,7.6,0.0,0.0,4.76,220.0,0.7919999999999999
2016-01-23 13:00:00,10.6,83,7.7,0.0,0.0,5.74,206.0,0.7415999999999999
2016-01-23 14:00:00,10.5,84,7.9,0.0,0.0,4.69,147.0,0.5292
2016-01-23 15:00:00,10.4,84,7.8,0.0,0.0,4.1,138.0,0.49679999999999996
2016-01-23 16:00:00,9.3,87,7.3,0.0,0.0,4.3,59.0,0.2124
2016-01-23 17:00:00,8.0,93,7.0,0.0,0.0,4.91,4.0,0.0144
2016-01-23 18:00:00,7.1,96,6.5,0.0,0.0,5.4,0.0,0.0
2016-01-23 19:00:00,6.9,98,6.6,0.0,0.0,5.6,0.0,0.0
2016-01-23 20:00:00,6.9,96,6.3,0.2,0.0,6.01,0.0,0.0
2016-01-23 21:00:00,7.1,93,6.0,1.5,0.0,6.53,0.0,0.0
2016-01-23 22:00:00,7.1,92,5.9,1.1,0.0,5.7,0.0,0.0
2016-01-23 23:00:00,7.3,92,6.1,0.8,0.0,6.18,0.0,0.0
2016-01-24 00:00:00,7.6,93,6.6,0.2,0.0,6.09,0.0,0.0
2016-01-24 01:00:00,8.1,95,7.3,0.0,0.0,5.83,0.0,0.0
2016-01-24 02:00:00,8.9,96,8.3,0.0,0.0,5.73,0.0,0.0
2016-01-24 03:00:00,9.5,97,9.1,0.0,0.0,5.52,0.0,0.0
2016-01-24 04:00:00,10.1,97,9.7,0.0,0.0,5.22,0.0,0.0
2016-01-24 05:00:00,10.6,98,10.2,0.0,0.0,5.1,0.0,0.0
2016-01-24 06:00:00,10.9,97,10.5,0.0,0.0,5.02,0.0,0.0
2016-01-24 07:00:00,11.0,98,10.7,0.0,0.0,5.02,0.0,0.0
2016-01-24 08:00:00,11.1,97,10.7,0.0,0.0,5.23,0.0,0.0
2016-01-24 09:00:00,11.1,97,10.7,0.0,0.0,5.3,9.0,0.0324
2016-01-24 10:00:00,11.1,97,10.6,0.0,0.0,5.02,36.0,0.1296
2016-01-24 11:00:00,11.2,95,10.5,0.0,0.0,5.16,57.0,0.2052
2016-01-24 12:00:00,11.5,92,10.2,0.0,0.0,5.23,97.0,0.3492
2016-01-24 13:00:00,11.7,90,10.0,0.0,0.0,6.17,108.0,0.3888
2016-01-24 14:00:00,11.7,90,10.0,0.0,0.0,5.1,78.0,0.2808
2016-01-24 15:00:00,11.7,90,10.1,0.0,0.0,4.53,71.0,0.2556
2016-01-24 16:00:00,11.4,92,10.1,0.0,0.0,4.3,29.0,0.10439999999999999
2016-01-24 17:00:00,11.0,94,10.1,0.0,0.0,4.21,4.0,0.0144
2016-01-24 18:00:00,10.8,96,10.2,0.0,0.0,4.25,0.0,0.0
2016-01-24 19:00:00,11.3,97,10.8,0.0,0.0,4.44,0.0,0.0
2016-01-24 20:00:00,11.3,97,10.8,0.0,0.0,4.46,0.0,0.0
2016-01-24 21:00:00,11.4,97,10.9,0.0,0.0,4.87,0.0,0.0
2016-01-24 22:00:00,11.4,97,10.9,0.0,0.0,5.3,0.0,0.0
2016-01-24 23:00:00,11.3,96,10.8,0.0,0.0,5.32,0.0,0.0
2016-01-25 00:00:00,10.9,96,10.3,0.0,0.0,5.04,0.0,0.0
2016-01-25 01:00:00,10.5,95,9.7,0.0,0.0,4.84,0.0,0.0
2016-01-25 02:00:00,10.1,94,9.3,0.0,0.0,4.8,0.0,0.0
2016-01-25 03:00:00,9.9,94,8.9,0.0,0.0,5.0,0.0,0.0
2016-01-25 04:00:00,9.7,93,8.7,0.0,0.0,5.22,0.0,0.0
2016-01-25 05:00:00,9.4,93,8.2,0.0,0.0,5.22,0.0,0.0
2016-01-25 06:00:00,8.9,91,7.5,0.0,0.0,5.21,0.0,0.0
2016-01-25 07:00:00,9.1,91,7.7,0.0,0.0,5.32,0.0,0.0
2016-01-25 08:00:00,8.6,88,6.8,0.0,0.0,5.62,0.0,0.0
2016-01-25 09:00:00,8.7,85,6.3,0.0,0.0,5.64,43.0,0.1548
2016-01-25 10:00:00,9.7,82,6.7,0.0,0.0,5.18,131.0,0.47159999999999996
2016-01-25 11:00:00,10.8,81,7.6,0.0,0.0,5.08,200.0,0.72
2016-01-25 12:00:00,11.8,80,8.5,0.0,0.0,5.53,250.0,0.9
2016-01-25 13:00:00,12.8,80,9.5,0.0,0.0,5.85,260.0,0.9359999999999999
2016-01-25 14:00:00,13.1,82,10.1,0.0,0.0,6.14,167.0,0.6012
2016-01-25 15:00:00,12.9,84,10.2,0.0,0.0,8.05,123.0,0.44279999999999997
2016-01-25 16:00:00,12.2,83,9.4,0.0,0.0,8.66,52.0,0.1872
2016-01-25 17:00:00,11.6,81,8.5,0.0,0.0,8.43,5.0,0.018
2016-01-25 18:00:00,11.2,81,8.1,0.0,0.0,7.86,0.0,0.0
2016-01-25 19:00:00,11.3,81,8.1,0.0,0.0,7.32,0.0,0.0
2016-01-25 20:00:00,10.8,76,6.8,0.0,0.0,7.0,0.0,0.0
2016-01-25 21:00:00,9.7,74,5.3,0.0,0.0,6.07,0.0,0.0
2016-01-25 22:00:00,8.3,78,4.7,0.0,0.0,4.83,0.0,0.0
2016-01-25 23:00:00,7.3,83,4.6,0.0,0.0,4.48,0.0,0.0
2016-01-26 00:00:00,6.4,88,4.5,0.0,0.0,4.19,0.0,0.0
2016-01-26 01:00:00,5.8,91,4.4,0.0,0.0,4.02,0.0,0.0
2016-01-26 02:00:00,5.5,93,4.4,0.0,0.0,4.13,0.0,0.0
2016-01-26 03:00:00,5.6,94,4.7,0.0,0.0,4.39,0.0,0.0
2016-01-26 04:00:00,5.8,95,5.0,0.0,0.0,4.83,0.0,0.0
2016-01-26 05:00:00,6.5,94,5.6,0.0,0.0,5.32,0.0,0.0
2016-01-26 06:00:00,7.2,92,6.1,0.0,0.0,6.09,0.0,0.0
2016-01-26 07:00:00,8.1,91,6.7,0.0,0.0,7.08,0.0,0.0
2016-01-26 08:00:00,8.2,88,6.3,0.0,0.0,7.67,0.0,0.0
2016-01-26 09:00:00,8.5,84,6.0,0.0,0.0,8.23,26.0,0.0936
2016-01-26 10:00:00,8.8,82,5.9,0.0,0.0,8.27,80.0,0.288
2016-01-26 11:00:00,9.5,79,6.0,0.0,0.0,9.43,113.0,0.4068
2016-01-26 12:00:00,9.9,79,6.5,0.0,0.0,9.64,125.0,0.45
2016-01-26 13:00:00,10.2,79,6.8,0.2,0.0,10.1,124.0,0.44639999999999996
2016-01-26 14:00:00,10.3,78,6.7,0.2,0.0,10.37,66.0,0.2376
2016-01-26 15:00:00,10.4,80,7.1,0.3,0.0,10.58,24.0,0.0864
2016-01-26 16:00:00,10.5,83,7.7,0.3,0.0,10.53,10.0,0.036
2016-01-26 17:00:00,10.5,87,8.4,0.3,0.0,10.24,2.0,0.0072
2016-01-26 18:00:00,10.6,88,8.7,0.1,0.0,10.12,0.0,0.0
2016-01-26 19:00:00,10.4,91,9.0,0.4,0.0,10.18,0.0,0.0
2016-01-26 20:00:00,10.5,91,9.1,0.0,0.0,9.81,0.0,0.0
2016-01-26 21:00:00,10.8,90,9.2,0.0,0.0,9.45,0.0,0.0
2016-01-26 22:00:00,10.9,89,9.2,0.0,0.0,8.8,0.0,0.0
2016-01-26 23:00:00,11.0,89,9.3,0.0,0.0,8.71,0.0,0.0
2016-01-27 00:00:00,11.2,89,9.4,0.0,0.0,9.01,0.0,0.0
2016-01-27 01:00:00,11.3,88,9.4,0.0,0.0,9.32,0.0,0.0
2016-01-27 02:00:00,11.4,88,9.5,0.0,0.0,9.54,0.0,0.0
2016-01-27 03:00:00,11.5,88,9.6,0.0,0.0,9.72,0.0,0.0
2016-01-27 04:00:00,11.5,89,9.7,0.0,0.0,9.7,0.0,0.0
2016-01-27 05:00:00,11.5,90,9.9,0.0,0.0,9.18,0.0,0.0
2016-01-27 06:00:00,11.4,92,10.2,0.5,0.0,9.18,0.0,0.0
2016-01-27 07:00:00,11.4,94,10.4,0.1,0.0,9.32,0.0,0.0
2016-01-27 08:00:00,11.4,94,10.4,0.0,0.0,9.24,0.0,0.0
2016-01-27 09:00:00,11.6,93,10.5,0.0,0.0,9.43,8.0,0.0288
2016-01-27 10:00:00,11.8,92,10.6,0.0,0.0,8.77,22.0,0.07919999999999999
2016-01-27 11:00:00,12.0,91,10.6,0.0,0.0,9.54,33.0,0.1188
2016-01-27 12:00:00,12.1,91,10.6,0.0,0.0,9.69,33.0,0.1188
2016-01-27 13:00:00,11.9,93,10.7,0.5,0.0,9.51,23.0,0.0828
2016-01-27 14:00:00,11.6,95,10.9,0.8,0.0,8.88,29.0,0.10439999999999999
2016-01-27 15:00:00,11.7,95,10.9,0.5,0.0,8.06,42.0,0.1512
2016-01-27 16:00:00,11.4,93,10.3,0.2,0.0,7.55,14.0,0.0504
2016-01-27 17:00:00,10.5,89,8.7,0.0,0.0,6.32,4.0,0.0144
2016-01-27 18:00:00,9.6,87,7.5,0.0,0.0,6.04,0.0,0.0
2016-01-27 19:00:00,9.8,84,7.2,0.0,0.0,5.76,0.0,0.0
2016-01-27 20:00:00,9.0,82,6.1,0.0,0.0,5.41,0.0,0.0
2016-01-27 21:00:00,8.3,80,5.1,0.0,0.0,5.1,0.0,0.0
2016-01-27 22:00:00,7.7,78,4.1,0.0,0.0,4.9,0.0,0.0
2016-01-27 23:00:00,7.1,75,3.0,0.0,0.0,4.92,0.0,0.0
2016-01-28 00:00:00,6.6,73,2.1,0.0,0.0,4.83,0.0,0.0
2016-01-28 01:00:00,5.6,74,1.3,0.0,0.0,4.63,0.0,0.0
2016-01-28 02:00:00,4.7,75,0.6,0.0,0.0,4.12,0.0,0.0
2016-01-28 03:00:00,3.8,77,0.0,0.0,0.0,3.9,0.0,0.0
2016-01-28 04:00:00,2.9,78,-0.5,0.0,0.0,3.61,0.0,0.0
2016-01-28 05:00:00,2.1,81,-0.8,0.0,0.0,3.42,0.0,0.0
2016-01-28 06:00:00,1.5,83,-1.0,0.0,0.0,3.13,0.0,0.0
2016-01-28 07:00:00,1.2,88,-0.6,0.0,0.0,3.09,0.0,0.0
2016-01-28 08:00:00,1.0,88,-0.7,0.0,0.0,3.42,0.0,0.0
2016-01-28 09:00:00,2.0,87,0.0,0.0,0.0,3.76,54.0,0.1944
2016-01-28 10:00:00,4.2,81,1.2,0.0,0.0,3.54,160.0,0.576
2016-01-28 11:00:00,6.1,74,1.8,0.0,0.0,4.24,251.0,0.9036
2016-01-28 12:00:00,7.4,69,2.1,0.0,0.0,4.82,306.0,1.1016
2016-01-28 13:00:00,8.2,67,2.4,0.0,0.0,5.59,316.0,1.1376
2016-01-28 14:00:00,8.6,65,2.3,0.0,0.0,7.18,279.0,1.0044
2016-01-28 15:00:00,8.6,64,2.2,0.0,0.0,6.38,197.0,0.7091999999999999
2016-01-28 16:00:00,8.0,66,2.1,0.0,0.0,5.74,89.0,0.3204
2016-01-28 17:00:00,7.3,69,1.9,0.0,0.0,6.23,11.0,0.039599999999999996
2016-01-28 18:00:00,6.9,69,1.7,0.0,0.0,6.59,0.0,0.0
2016-01-28 19:00:00,6.8,74,2.5,0.0,0.0,6.94,0.0,0.0
2016-01-28 20:00:00,6.8,74,2.6,0.0,0.0,7.22,0.0,0.0
2016-01-28 21:00:00,7.3,72,2.6,0.0,0.0,7.57,0.0,0.0
2016-01-28 22:00:00,8.0,70,2.8,0.0,0.0,8.13,0.0,0.0
2016-01-28 23:00:00,8.6,71,3.6,0.0,0.0,8.35,0.0,0.0
2016-01-29 00:00:00,9.1,73,4.6,0.0,0.0,8.7,0.0,0.0
2016-01-29 01:00:00,9.4,77,5.6,0.0,0.0,8.7,0.0,0.0
2016-01-29 02:00:00,9.7,80,6.5,0.0,0.0,8.7,0.0,0.0
2016-01-29 03:00:00,9.9,82,7.1,0.0,0.0,8.64,0.0,0.0
2016-01-29 04:00:00,10.1,84,7.5,0.0,0.0,8.71,0.0,0.0
2016-01-29 05:00:00,10.3,85,7.9,0.0,0.0,8.85,0.0,0.0
2016-01-29 06:00:00,10.4,85,7.9,0.0,0.0,9.14,0.0,0.0
2016-01-29 07:00:00,10.3,83,7.6,0.0,0.0,9.68,0.0,0.0
2016-01-29 08:00:00,10.2,81,7.1,0.0,0.0,9.98,0.0,0.0
2016-01-29 09:00:00,10.2,79,6.7,0.0,0.0,10.08,16.0,0.0576
2016-01-29 10:00:00,10.3,77,6.5,0.0,0.0,9.65,36.0,0.1296
2016-01-29 11:00:00,10.6,76,6.5,0.0,0.0,9.5,76.0,0.2736
2016-01-29 12:00:00,10.7,75,6.5,0.0,0.0,9.22,48.0,0.1728
2016-01-29 13:00:00,10.8,77,6.9,0.0,0.0,9.1,43.0,0.1548
2016-01-29 14:00:00,10.9,79,7.4,0.0,0.0,8.82,37.0,0.13319999999999999
2016-01-29 15:00:00,11.0,80,7.7,0.0,0.0,8.39,34.0,0.1224
2016-01-29 16:00:00,10.9,82,7.9,0.2,0.0,8.14,21.0,0.0756
2016-01-29 17:00:00,10.6,84,7.9,0.0,0.0,8.13,7.0,0.0252
2016-01-29 18:00:00,10.5,85,8.0,0.0,0.0,8.34,0.0,0.0
2016-01-29 19:00:00,10.6,87,8.5,0.0,0.0,8.58,0.0,0.0
2016-01-29 20:00:00,10.5,87,8.4,0.0,0.0,9.09,0.0,0.0
2016-01-29 21:00:00,10.6,86,8.4,0.0,0.0,9.37,0.0,0.0
2016-01-29 22:00:00,10.4,87,8.3,0.0,0.0,9.22,0.0,0.0
2016-01-29 23:00:00,10.3,88,8.5,0.4,0.0,9.76,0.0,0.0
2016-01-30 00:00:00,10.0,92,8.8,0.5,0.0,9.68,0.0,0.0
2016-01-30 01:00:00,10.1,93,9.0,0.5,0.0,9.73,0.0,0.0
2016-01-30 02:00:00,10.2,93,9.1,0.8,0.0,9.55,0.0,0.0
2016-01-30 03:00:00,10.2,93,9.0,1.1,0.0,9.03,0.0,0.0
2016-01-30 04:00:00,9.7,89,7.9,1.1,0.0,7.62,0.0,0.0
2016-01-30 05:00:00,8.6,85,6.3,0.5,0.0,6.48,0.0,0.0
2016-01-30 06:00:00,7.8,84,5.3,0.0,0.0,6.09,0.0,0.0
2016-01-30 07:00:00,7.4,85,5.0,0.0,0.0,6.42,0.0,0.0
2016-01-30 08:00:00,6.7,88,4.8,0.2,0.0,6.21,1.0,0.0036
2016-01-30 09:00:00,6.6,84,4.2,0.2,0.0,5.3,24.0,0.0864
2016-01-30 10:00:00,6.6,81,3.6,0.0,0.0,5.6,91.0,0.3276
2016-01-30 11:00:00,6.7,71,1.9,0.0,0.0,6.03,151.0,0.5436
2016-01-30 12:00:00,6.5,64,0.1,0.0,0.0,6.07,173.0,0.6228
2016-01-30 13:00:00,6.9,56,-1.2,0.0,0.0,6.44,305.0,1.0979999999999999
2016-01-30 14:00:00,6.9,53,-2.0,0.0,0.0,6.6,279.0,1.0044
2016-01-30 15:00:00,6.6,53,-2.4,0.0,0.0,6.11,192.0,0.6912
2016-01-30 16:00:00,6.1,54,-2.5,0.0,0.0,5.59,96.0,0.3456
2016-01-30 17:00:00,5.2,56,-2.9,0.0,0.0,5.39,17.0,0.0612
2016-01-30 18:00:00,4.6,58,-2.9,0.0,0.0,5.38,0.0,0.0
2016-01-30 19:00:00,4.6,67,-1.1,0.0,0.0,5.38,0.0,0.0
2016-01-30 20:00:00,4.2,69,-1.0,0.0,0.0,5.38,0.0,0.0
2016-01-30 21:00:00,4.3,69,-0.9,0.0,0.0,5.63,0.0,0.0
2016-01-30 22:00:00,4.2,71,-0.6,0.0,0.0,5.1,0.0,0.0
2016-01-30 23:00:00,4.2,73,-0.2,0.0,0.0,5.15,0.0,0.0
2016-01-31 00:00:00,3.9,77,0.2,0.0,0.0,4.72,0.0,0.0
2016-01-31 01:00:00,3.5,80,0.4,0.0,0.0,4.36,0.0,0.0
2016-01-31 02:00:00,3.2,83,0.6,0.0,0.0,3.88,0.0,0.0
2016-01-31 03:00:00,3.0,85,0.8,0.0,0.0,3.78,0.0,0.0
2016-01-31 04:00:00,2.6,88,0.8,0.0,0.0,3.75,0.0,0.0
2016-01-31 05:00:00,2.2,90,0.8,0.0,0.0,3.68,0.0,0.0
2016-01-31 06:00:00,2.1,91,0.9,0.0,0.0,3.64,0.0,0.0
2016-01-31 07:00:00,4.0,88,2.2,0.0,0.0,3.31,0.0,0.0
2016-01-31 08:00:00,4.6,88,2.8,0.1,0.0,3.36,0.0,0.0
2016-01-31 09:00:00,5.3,89,3.7,0.4,0.0,3.42,8.0,0.0288
2016-01-31 10:00:00,6.0,92,4.8,0.4,0.0,4.06,17.0,0.0612
2016-01-31 11:00:00,6.9,93,5.9,0.4,0.0,5.09,18.0,0.0648
2016-01-31 12:00:00,8.2,93,7.2,0.2,0.0,6.38,22.0,0.07919999999999999
2016-01-31 13:00:00,9.8,92,8.6,0.0,0.0,7.31,28.0,0.1008
2016-01-31 14:00:00,11.4,89,9.6,0.0,0.0,7.53,62.0,0.22319999999999998
2016-01-31 15:00:00,12.3,85,9.8,0.0,0.0,7.2,91.0,0.3276
2016-01-31 16:00:00,12.2,84,9.7,0.0,0.0,7.01,39.0,0.1404
2016-01-31 17:00:00,12.0,86,9.8,0.0,0.0,6.94,7.0,0.0252
2016-01-31 18:00:00,11.8,88,9.9,0.0,0.0,7.31,0.0,0.0
2016-01-31 19:00:00,11.9,89,10.2,0.0,0.0,7.53,0.0,0.0
2016-01-31 20:00:00,11.9,88,10.0,0.0,0.0,7.75,0.0,0.0
2016-01-31 21:00:00,11.8,87,9.7,0.0,0.0,7.94,0.0,0.0
2016-01-31 22:00:00,11.5,86,9.3,0.0,0.0,7.53,0.0,0.0
2016-01-31 23:00:00,11.4,85,9.0,0.0,0.0,7.75,0.0,0.0
2016-02-01 00:00:00,11.3,85,8.9,0.0,0.0,7.78,0.0,0.0
2016-02-01 01:00:00,11.3,85,8.8,0.0,0.0,7.72,0.0,0.0
2016-02-01 02:00:00,11.2,85,8.8,0.0,0.0,7.34,0.0,0.0
2016-02-01 03:00:00,11.0,85,8.6,0.0,0.0,7.13,0.0,0.0
2016-02-01 04:00:00,10.9,85,8.4,0.0,0.0,7.16,0.0,0.0
2016-02-01 05:00:00,10.6,83,7.8,0.0,0.0,7.39,0.0,0.0
2016-02-01 06:00:00,10.3,80,7.0,0.0,0.0,7.66,0.0,0.0
2016-02-01 07:00:00,10.3,78,6.6,0.0,0.0,8.03,0.0,0.0
2016-02-01 08:00:00,10.1,79,6.7,0.0,0.0,8.29,1.0,0.0036
2016-02-01 09:00:00,10.3,79,6.9,0.0,0.0,8.77,25.0,0.09
2016-02-01 10:00:00,10.6,79,7.1,0.0,0.0,8.52,60.0,0.216
2016-02-01 11:00:00,10.9,78,7.2,0.0,0.0,8.17,76.0,0.2736
2016-02-01 12:00:00,11.2,79,7.7,0.0,0.0,8.87,59.0,0.2124
2016-02-01 13:00:00,11.6,81,8.4,0.0,0.0,10.02,105.0,0.378
2016-02-01 14:00:00,12.3,79,8.7,0.0,0.0,9.63,158.0,0.5688
2016-02-01 15:00:00,12.8,75,8.5,0.0,0.0,9.83,148.0,0.5327999999999999
2016-02-01 16:00:00,12.5,75,8.1,0.0,0.0,9.31,77.0,0.2772
2016-02-01 17:00:00,11.8,74,7.3,0.0,0.0,8.68,14.0,0.0504
2016-02-01 18:00:00,11.2,72,6.3,0.0,0.0,8.72,0.0,0.0
2016-02-01 19:00:00,11.0,75,6.8,0.0,0.0,8.81,0.0,0.0
2016-02-01 20:00:00,10.6,73,5.9,0.0,0.0,8.9,0.0,0.0
2016-02-01 21:00:00,9.9,70,4.7,0.0,0.0,8.89,0.0,0.0
2016-02-01 22:00:00,9.6,68,3.9,0.0,0.0,8.54,0.0,0.0
2016-02-01 23:00:00,9.4,66,3.4,0.0,0.0,8.06,0.0,0.0
2016-02-02 00:00:00,9.1,67,3.2,0.0,0.0,8.05,0.0,0.0
2016-02-02 01:00:00,8.8,69,3.3,0.0,0.0,8.1,0.0,0.0
2016-02-02 02:00:00,8.4,71,3.4,0.0,0.0,7.85,0.0,0.0
2016-02-02 03:00:00,8.1,71,3.2,0.0,0.0,7.35,0.0,0.0
2016-02-02 04:00:00,7.9,72,3.1,0.0,0.0,6.89,0.0,0.0
2016-02-02 05:00:00,7.7,72,2.9,0.0,0.0,6.75,0.0,0.0
2016-02-02 06:00:00,7.5,71,2.6,0.0,0.0,6.71,0.0,0.0
2016-02-02 07:00:00,7.8,76,3.8,0.0,0.0,6.53,0.0,0.0
2016-02-02 08:00:00,7.9,77,4.0,0.0,0.0,6.71,1.0,0.0036
2016-02-02 09:00:00,8.0,77,4.2,0.2,0.0,6.99,22.0,0.07919999999999999
2016-02-02 10:00:00,7.7,77,4.0,0.2,0.0,6.48,48.0,0.1728
2016-02-02 11:00:00,8.0,75,3.8,0.0,0.0,6.42,148.0,0.5327999999999999
2016-02-02 12:00:00,8.7,66,2.7,0.0,0.0,7.05,316.0,1.1376
2016-02-02 13:00:00,8.9,61,1.8,0.0,0.0,8.1,313.0,1.1268
2016-02-02 14:00:00,8.8,59,1.2,0.0,0.0,8.29,272.0,0.9792
2016-02-02 15:00:00,8.6,57,0.4,0.0,0.0,7.79,221.0,0.7956
2016-02-02 16:00:00,7.8,56,-0.4,0.0,0.0,7.18,117.0,0.42119999999999996
2016-02-02 17:00:00,6.9,57,-1.0,0.0,0.0,6.63,22.0,0.07919999999999999
2016-02-02 18:00:00,6.1,61,-1.0,0.0,0.0,6.18,0.0,0.0
2016-02-02 19:00:00,5.7,64,-0.7,0.0,0.0,5.88,0.0,0.0
2016-02-02 20:00:00,5.1,67,-0.4,0.0,0.0,5.69,0.0,0.0
2016-02-02 21:00:00,4.8,71,-0.0,0.0,0.0,5.47,0.0,0.0
2016-02-02 22:00:00,4.4,76,0.4,0.0,0.0,5.17,0.0,0.0
2016-02-02 23:00:00,4.1,79,0.8,0.0,0.0,4.9,0.0,0.0
2016-02-03 00:00:00,4.0,81,1.1,0.0,0.0,4.85,0.0,0.0
2016-02-03 01:00:00,3.7,84,1.2,0.0,0.0,4.61,0.0,0.0
2016-02-03 02:00:00,3.3,85,1.1,0.0,0.0,4.8,0.0,0.0
2016-02-03 03:00:00,2.8,86,0.7,0.0,0.0,5.14,0.0,0.0
2016-02-03 04:00:00,2.5,83,-0.1,0.0,0.0,5.14,0.0,0.0
2016-02-03 05:00:00,2.2,80,-0.9,0.0,0.0,5.2,0.0,0.0
2016-02-03 06:00:00,2.0,78,-1.5,0.0,0.0,5.57,0.0,0.0
2016-02-03 07:00:00,2.3,74,-1.8,0.0,0.0,6.25,0.0,0.0
2016-02-03 08:00:00,2.6,72,-1.8,0.0,0.0,6.66,2.0,0.0072
2016-02-03 09:00:00,3.0,75,-0.9,0.2,0.0,6.81,41.0,0.1476
2016-02-03 10:00:00,4.3,75,0.3,0.0,0.0,5.91,135.0,0.486
2016-02-03 11:00:00,5.5,73,1.0,0.0,0.0,6.55,207.0,0.7452
2016-02-03 12:00:00,6.5,67,0.9,0.0,0.0,7.79,289.0,1.0404
2016-02-03 13:00:00,7.2,63,0.7,0.0,0.0,8.52,271.0,0.9756
2016-02-03 14:00:00,7.4,65,1.4,0.0,0.0,8.13,171.0,0.6156
2016-02-03 15:00:00,7.4,68,1.8,0.0,0.0,7.02,131.0,0.47159999999999996
2016-02-03 16:00:00,7.1,68,1.7,0.0,0.0,5.87,110.0,0.39599999999999996
2016-02-03 17:00:00,6.3,69,1.1,0.0,0.0,5.19,24.0,0.0864
2016-02-03 18:00:00,5.4,72,0.8,0.0,0.0,4.75,0.0,0.0
2016-02-03 19:00:00,4.8,78,1.3,0.0,0.0,4.41,0.0,0.0
2016-02-03 20:00:00,4.3,81,1.4,0.0,0.0,4.33,0.0,0.0
2016-02-03 21:00:00,3.7,85,1.4,0.0,0.0,4.2,0.0,0.0
2016-02-03 22:00:00,3.2,88,1.3,0.0,0.0,3.69,0.0,0.0
2016-02-03 23:00:00,2.8,89,1.2,0.0,0.0,3.92,0.0,0.0
2016-02-04 00:00:00,2.6,90,1.1,0.0,0.0,4.22,0.0,0.0
2016-02-04 01:00:00,2.5,90,0.9,0.0,0.0,4.25,0.0,0.0
2016-02-04 02:00:00,2.8,87,0.9,0.0,0.0,4.53,0.0,0.0
2016-02-04 03:00:00,3.4,83,0.8,0.0,0.0,5.22,0.0,0.0
2016-02-04 04:00:00,4.2,81,1.2,0.2,0.0,5.98,0.0,0.0
2016-02-04 05:00:00,5.2,84,2.6,0.4,0.0,6.99,0.0,0.0
2016-02-04 06:00:00,6.4,89,4.6,0.0,0.0,7.59,0.0,0.0
2016-02-04 07:00:00,7.6,92,6.4,0.0,0.0,7.13,0.0,0.0
2016-02-04 08:00:00,8.5,92,7.3,0.0,0.0,6.6,1.0,0.0036
2016-02-04 09:00:00,9.1,90,7.6,0.0,0.0,6.63,26.0,0.0936
2016-02-04 10:00:00,9.7,87,7.7,0.0,0.0,6.38,50.0,0.18
2016-02-04 11:00:00,10.5,83,7.8,0.0,0.0,5.97,100.0,0.36
2016-02-04 12:00:00,10.9,81,7.8,0.0,0.0,6.74,105.0,0.378
2016-02-04 13:00:00,11.2,80,7.8,0.0,0.0,7.32,119.0,0.4284
2016-02-04 14:00:00,11.5,79,7.9,0.0,0.0,6.56,150.0,0.54
2016-02-04 15:00:00,11.7,76,7.7,0.0,0.0,5.83,130.0,0.46799999999999997
2016-02-04 16:00:00,11.3,77,7.4,0.0,0.0,4.9,88.0,0.31679999999999997
2016-02-04 17:00:00,10.5,79,7.1,0.0,0.0,3.74,20.0,0.072
2016-02-04 18:00:00,9.4,85,6.9,0.0,0.0,3.1,0.0,0.0
2016-02-04 19:00:00,8.6,91,7.2,0.0,0.0,3.3,0.0,0.0
2016-02-04 20:00:00,8.0,93,6.9,0.0,0.0,3.67,0.0,0.0
2016-02-04 21:00:00,7.7,95,7.0,0.0,0.0,3.67,0.0,0.0
2016-02-04 22:00:00,7.7,97,7.2,0.0,0.0,3.28,0.0,0.0
2016-02-04 23:00:00,8.1,97,7.6,0.0,0.0,3.78,0.0,0.0
2016-02-05 00:00:00,8.3,96,7.8,0.0,0.0,4.13,0.0,0.0
2016-02-05 01:00:00,8.6,94,7.7,0.0,0.0,4.48,0.0,0.0
2016-02-05 02:00:00,8.5,92,7.3,0.0,0.0,4.59,0.0,0.0
2016-02-05 03:00:00,8.2,91,6.8,0.0,0.0,4.25,0.0,0.0
2016-02-05 04:00:00,8.0,89,6.3,0.0,0.0,4.02,0.0,0.0
2016-02-05 05:00:00,7.9,88,6.0,0.0,0.0,4.03,0.0,0.0
2016-02-05 06:00:00,7.7,87,5.8,0.0,0.0,4.42,0.0,0.0
2016-02-05 07:00:00,8.2,94,7.3,0.0,0.0,5.0,0.0,0.0
2016-02-05 08:00:00,8.2,95,7.4,0.0,0.0,5.47,1.0,0.0036
2016-02-05 09:00:00,8.7,92,7.5,0.0,0.0,6.02,22.0,0.07919999999999999
2016-02-05 10:00:00,9.3,89,7.5,0.0,0.0,5.19,51.0,0.18359999999999999
2016-02-05 11:00:00,10.2,83,7.4,0.0,0.0,7.06,115.0,0.414
2016-02-05 12:00:00,10.4,82,7.5,0.0,0.0,7.41,104.0,0.3744
2016-02-05 13:00:00,10.3,84,7.7,0.2,0.0,7.38,108.0,0.3888
2016-02-05 14:00:00,10.0,87,7.9,0.0,0.0,8.36,97.0,0.3492
2016-02-05 15:00:00,9.8,86,7.6,0.0,0.0,7.05,71.0,0.2556
2016-02-05 16:00:00,9.6,84,7.0,0.0,0.0,7.58,55.0,0.19799999999999998
2016-02-05 17:00:00,9.0,84,6.5,0.0,0.0,7.38,15.0,0.054
2016-02-05 18:00:00,9.2,83,6.5,0.0,0.0,7.63,0.0,0.0
2016-02-05 19:00:00,9.6,85,7.2,0.0,0.0,7.95,0.0,0.0
2016-02-05 20:00:00,9.6,85,7.2,0.0,0.0,8.23,0.0,0.0
2016-02-05 21:00:00,9.5,85,7.1,0.0,0.0,8.6,0.0,0.0
2016-02-05 22:00:00,9.4,84,6.8,0.0,0.0,8.26,0.0,0.0
2016-02-05 23:00:00,9.3,84,6.6,0.0,0.0,8.19,0.0,0.0
2016-02-06 00:00:00,9.2,85,6.7,0.0,0.0,7.69,0.0,0.0
2016-02-06 01:00:00,9.1,86,7.0,0.1,0.0,7.16,0.0,0.0
2016-02-06 02:00:00,9.0,89,7.3,0.1,0.0,6.89,0.0,0.0
2016-02-06 03:00:00,9.0,91,7.5,0.1,0.0,6.67,0.0,0.0
2016-02-06 04:00:00,9.1,90,7.6,0.0,0.0,6.39,0.0,0.0
2016-02-06 05:00:00,9.1,90,7.6,0.0,0.0,6.53,0.0,0.0
2016-02-06 06:00:00,9.3,89,7.5,0.0,0.0,6.99,0.0,0.0
2016-02-06 07:00:00,9.5,89,7.8,0.2,0.0,7.75,0.0,0.0
2016-02-06 08:00:00,9.4,90,7.8,0.4,0.0,8.16,1.0,0.0036
2016-02-06 09:00:00,9.6,90,8.0,0.2,0.0,8.26,10.0,0.036
2016-02-06 10:00:00,9.7,90,8.2,0.3,0.0,8.3,28.0,0.1008
2016-02-06 11:00:00,9.6,91,8.2,0.4,0.0,9.15,22.0,0.07919999999999999
2016-02-06 12:00:00,10.0,87,7.9,0.0,0.0,10.2,57.0,0.2052
2016-02-06 13:00:00,10.4,83,7.6,0.0,0.0,10.62,101.0,0.3636
2016-02-06 14:00:00,10.7,82,7.7,0.0,0.0,10.49,108.0,0.3888
2016-02-06 15:00:00,10.9,77,7.0,0.0,0.0,11.48,70.0,0.252
2016-02-06 16:00:00,11.0,72,6.2,0.0,0.0,11.84,43.0,0.1548
2016-02-06 17:00:00,10.9,70,5.7,0.0,0.0,11.72,14.0,0.0504
2016-02-06 18:00:00,10.9,68,5.2,0.0,0.0,11.04,0.0,0.0
2016-02-06 19:00:00,10.1,72,5.3,0.5,0.0,10.59,0.0,0.0
2016-02-06 20:00:00,9.1,82,6.2,1.0,0.0,10.41,0.0,0.0
2016-02-06 21:00:00,8.8,84,6.3,1.4,0.0,10.42,0.0,0.0
2016-02-06 22:00:00,8.7,86,6.5,1.7,0.0,10.34,0.0,0.0
2016-02-06 23:00:00,8.2,90,6.7,1.3,0.0,7.91,0.0,0.0
2016-02-07 00:00:00,7.4,89,5.6,0.4,0.0,5.13,0.0,0.0
2016-02-07 01:00:00,6.8,86,4.7,0.0,0.0,4.67,0.0,0.0
2016-02-07 02:00:00,6.2,87,4.3,0.0,0.0,5.03,0.0,0.0
2016-02-07 03:00:00,5.6,89,3.9,0.0,0.0,5.2,0.0,0.0
2016-02-07 04:00:00,5.3,88,3.6,0.0,0.0,5.64,0.0,0.0
2016-02-07 05:00:00,4.9,87,3.0,0.0,0.0,5.72,0.0,0.0
2016-02-07 06:00:00,4.6,87,2.6,0.0,0.0,5.74,0.0,0.0
2016-02-07 07:00:00,4.5,82,1.7,0.0,0.0,6.12,0.0,0.0
2016-02-07 08:00:00,4.4,83,1.7,0.0,0.0,6.4,5.0,0.018
2016-02-07 09:00:00,5.3,79,1.9,0.0,0.0,6.97,82.0,0.2952
2016-02-07 10:00:00,6.7,74,2.4,0.0,0.0,6.28,195.0,0.702
2016-02-07 11:00:00,8.0,64,1.5,0.0,0.0,7.92,280.0,1.008
2016-02-07 12:00:00,8.7,60,1.2,0.0,0.0,9.0,283.0,1.0188
2016-02-07 13:00:00,8.9,58,1.1,0.0,0.0,8.71,276.0,0.9935999999999999
2016-02-07 14:00:00,9.0,57,0.9,0.0,0.0,8.43,253.0,0.9107999999999999
2016-02-07 15:00:00,8.9,57,0.8,0.0,0.0,7.93,206.0,0.7415999999999999
2016-02-07 16:00:00,8.2,60,0.8,0.0,0.0,7.7,81.0,0.29159999999999997
2016-02-07 17:00:00,7.6,62,0.8,0.0,0.0,7.69,18.0,0.0648
2016-02-07 18:00:00,6.9,70,1.7,0.0,0.0,8.59,0.0,0.0
2016-02-07 19:00:00,7.0,85,4.6,1.1,0.0,9.6,0.0,0.0
2016-02-07 20:00:00,7.0,90,5.5,1.7,0.0,10.79,0.0,0.0
2016-02-07 21:00:00,7.6,91,6.3,0.6,0.0,11.11,0.0,0.0
2016-02-07 22:00:00,8.6,92,7.3,0.7,0.0,10.38,0.0,0.0
2016-02-07 23:00:00,9.6,92,8.3,0.5,0.0,10.06,0.0,0.0
2016-02-08 00:00:00,9.6,87,7.6,1.3,0.0,10.41,0.0,0.0
2016-02-08 01:00:00,8.7,85,6.3,0.5,0.0,8.66,0.0,0.0
2016-02-08 02:00:00,7.4,85,5.0,0.6,0.0,9.32,0.0,0.0
2016-02-08 03:00:00,6.9,85,4.6,0.1,0.0,8.22,0.0,0.0
2016-02-08 04:00:00,6.6,82,3.7,0.0,0.0,8.29,0.0,0.0
2016-02-08 05:00:00,6.3,78,2.8,0.0,0.0,8.18,0.0,0.0
2016-02-08 06:00:00,6.2,76,2.2,0.0,0.0,8.67,0.0,0.0
2016-02-08 07:00:00,6.3,75,2.1,0.0,0.0,9.01,0.0,0.0
2016-02-08 08:00:00,6.3,70,1.3,0.0,0.0,9.45,6.0,0.0216
2016-02-08 09:00:00,6.8,68,1.2,0.0,0.0,10.17,91.0,0.3276
2016-02-08 10:00:00,7.7,66,1.7,0.0,0.0,8.5,204.0,0.7343999999999999
2016-02-08 11:00:00,8.6,62,1.7,0.0,0.0,10.11,297.0,1.0692
2016-02-08 12:00:00,9.1,61,2.0,0.0,0.0,13.84,329.0,1.1844
2016-02-08 13:00:00,8.9,65,2.6,0.0,0.0,11.93,232.0,0.8351999999999999
2016-02-08 14:00:00,9.4,63,2.7,0.0,0.0,12.04,238.0,0.8568
2016-02-08 15:00:00,8.7,68,3.1,0.4,0.0,12.16,155.0,0.5579999999999999
2016-02-08 16:00:00,8.5,67,2.8,0.0,0.0,11.99,86.0,0.3096
2016-02-08 17:00:00,8.1,68,2.5,0.0,0.0,11.54,27.0,0.0972
2016-02-08 18:00:00,7.8,66,1.8,0.0,0.0,10.98,0.0,0.0
2016-02-08 19:00:00,7.5,69,2.2,0.0,0.0,10.44,0.0,0.0
2016-02-08 20:00:00,7.0,68,1.5,0.0,0.0,9.9,0.0,0.0
2016-02-08 21:00:00,6.4,66,0.5,0.0,0.0,9.45,0.0,0.0
2016-02-08 22:00:00,5.9,65,-0.2,0.0,0.0,8.03,0.0,0.0
2016-02-08 23:00:00,5.4,66,-0.5,0.0,0.0,7.82,0.0,0.0
2016-02-09 00:00:00,5.0,68,-0.4,0.0,0.0,7.13,0.0,0.0
2016-02-09 01:00:00,4.7,71,-0.2,0.0,0.0,7.46,0.0,0.0
2016-02-09 02:00:00,4.5,72,-0.2,0.0,0.0,7.22,0.0,0.0
2016-02-09 03:00:00,4.3,73,-0.2,0.0,0.0,6.38,0.0,0.0
2016-02-09 04:00:00,4.1,75,0.0,0.0,0.0,5.53,0.0,0.0
2016-02-09 05:00:00,3.9,77,0.2,0.0,0.0,4.6,0.0,0.0
2016-02-09 06:00:00,4.0,77,0.4,0.0,0.0,4.14,0.0,0.0
2016-02-09 07:00:00,4.2,85,1.9,0.3,0.0,3.33,0.0,0.0
2016-02-09 08:00:00,4.0,89,2.4,0.2,0.0,2.55,3.0,0.0108
2016-02-09 09:00:00,4.2,91,2.8,0.1,0.0,2.92,26.0,0.0936
2016-02-09 10:00:00,4.5,92,3.3,0.1,0.0,2.21,65.0,0.23399999999999999
2016-02-09 11:00:00,5.0,85,2.8,0.0,0.0,3.62,113.0,0.4068
2016-02-09 12:00:00,5.6,80,2.4,0.0,0.0,4.22,178.0,0.6408
2016-02-09 13:00:00,6.1,72,1.5,0.0,0.0,5.29,234.0,0.8423999999999999
2016-02-09 14:00:00,6.6,60,-0.5,0.0,0.0,6.0,293.0,1.0548
2016-02-09 15:00:00,6.6,57,-1.3,0.0,0.0,5.8,229.0,0.8244
2016-02-09 16:00:00,6.2,58,-1.4,0.0,0.0,5.08,130.0,0.46799999999999997
2016-02-09 17:00:00,5.2,60,-2.0,0.0,0.0,5.0,41.0,0.1476
2016-02-09 18:00:00,4.3,62,-2.3,0.0,0.0,5.79,0.0,0.0
2016-02-09 19:00:00,4.1,69,-1.2,0.2,0.0,6.26,0.0,0.0
2016-02-09 20:00:00,3.7,77,-0.0,0.0,0.0,6.29,0.0,0.0
2016-02-09 21:00:00,3.2,81,0.2,0.0,0.0,6.14,0.0,0.0
2016-02-09 22:00:00,3.1,82,0.3,0.0,0.0,5.94,0.0,0.0
2016-02-09 23:00:00,3.3,82,0.6,0.0,0.0,5.82,0.0,0.0
2016-02-10 00:00:00,3.6,83,0.9,0.0,0.0,5.76,0.0,0.0
2016-02-10 01:00:00,3.8,82,1.0,0.0,0.0,6.12,0.0,0.0
2016-02-10 02:00:00,3.4,83,0.9,0.0,0.0,6.11,0.0,0.0
2016-02-10 03:00:00,3.2,85,0.9,0.0,0.0,6.0,0.0,0.0
2016-02-10 04:00:00,3.1,87,1.1,0.0,0.0,5.9,0.0,0.0
2016-02-10 05:00:00,3.0,89,1.3,0.0,0.0,5.7,0.0,0.0
2016-02-10 06:00:00,2.9,89,1.3,0.0,0.0,5.6,0.0,0.0
2016-02-10 07:00:00,2.8,89,1.1,0.0,0.0,5.32,0.0,0.0
2016-02-10 08:00:00,3.1,88,1.3,0.0,0.0,5.12,6.0,0.0216
2016-02-10 09:00:00,3.9,87,1.9,0.0,0.0,4.53,48.0,0.1728
2016-02-10 10:00:00,4.8,83,2.1,0.0,0.0,5.57,96.0,0.3456
2016-02-10 11:00:00,6.1,74,1.9,0.0,0.0,5.36,180.0,0.648
2016-02-10 12:00:00,6.6,73,2.1,0.0,0.0,5.02,145.0,0.522
2016-02-10 13:00:00,7.1,70,1.9,0.0,0.0,4.75,160.0,0.576
2016-02-10 14:00:00,7.5,66,1.5,0.0,0.0,4.66,170.0,0.612
2016-02-10 15:00:00,7.5,64,1.1,0.0,0.0,4.3,170.0,0.612
2016-02-10 16:00:00,7.3,63,0.8,0.0,0.0,3.86,127.0,0.4572
2016-02-10 17:00:00,6.2,67,0.4,0.0,0.0,3.29,42.0,0.1512
2016-02-10 18:00:00,5.1,70,0.1,0.0,0.0,2.89,0.0,0.0
2016-02-10 19:00:00,3.8,81,0.9,0.0,0.0,2.57,0.0,0.0
2016-02-10 20:00:00,2.5,86,0.5,0.0,0.0,2.35,0.0,0.0
2016-02-10 21:00:00,1.5,88,-0.2,0.0,0.0,2.35,0.0,0.0
2016-02-10 22:00:00,0.5,90,-0.9,0.0,0.0,1.96,0.0,0.0
2016-02-10 23:00:00,-0.1,91,-1.3,0.0,0.0,1.92,0.0,0.0
2016-02-11 00:00:00,-0.7,92,-1.8,0.0,0.0,1.9,0.0,0.0
2016-02-11 01:00:00,-1.1,93,-2.1,0.0,0.0,1.9,0.0,0.0
2016-02-11 02:00:00,-1.4,93,-2.4,0.0,0.0,1.9,0.0,0.0
2016-02-11 03:00:00,-1.7,94,-2.6,0.0,0.0,1.7,0.0,0.0
2016-02-11 04:00:00,-1.8,94,-2.6,0.0,0.0,1.63,0.0,0.0
2016-02-11 05:00:00,-2.0,95,-2.7,0.0,0.0,1.55,0.0,0.0
2016-02-11 06:00:00,-1.9,95,-2.6,0.0,0.0,1.43,0.0,0.0
2016-02-11 07:00:00,-1.0,95,-1.7,0.0,0.0,1.53,0.0,0.0
2016-02-11 08:00:00,-0.8,96,-1.3,0.0,0.0,1.04,8.0,0.0288
2016-02-11 09:00:00,0.7,94,-0.1,0.0,0.0,1.17,86.0,0.3096
2016-02-11 10:00:00,3.4,88,1.5,0.0,0.0,0.51,215.0,0.774
2016-02-11 11:00:00,5.6,80,2.3,0.0,0.0,1.04,314.0,1.1304
2016-02-11 12:00:00,6.7,72,2.1,0.0,0.0,1.66,361.0,1.2995999999999999
2016-02-11 13:00:00,7.3,66,1.4,0.0,0.0,2.27,356.0,1.2816
2016-02-11 14:00:00,7.4,63,0.9,0.0,0.0,2.27,282.0,1.0151999999999999
2016-02-11 15:00:00,7.3,61,0.3,0.0,0.0,2.12,242.0,0.8712
2016-02-11 16:00:00,6.8,64,0.5,0.0,0.0,1.5,164.0,0.5904
2016-02-11 17:00:00,5.5,70,0.5,0.0,0.0,2.19,48.0,0.1728
2016-02-11 18:00:00,3.8,78,0.4,0.0,0.0,1.88,0.0,0.0
2016-02-11 19:00:00,2.3,88,0.5,0.0,0.0,1.93,0.0,0.0
2016-02-11 20:00:00,1.2,90,-0.3,0.0,0.0,2.01,0.0,0.0
2016-02-11 21:00:00,0.8,92,-0.4,0.0,0.0,2.01,0.0,0.0
2016-02-11 22:00:00,0.2,93,-0.8,0.0,0.0,2.18,0.0,0.0
2016-02-11 23:00:00,-0.1,94,-0.9,0.0,0.0,2.47,0.0,0.0
2016-02-12 00:00:00,-0.4,95,-1.2,0.0,0.0,2.75,0.0,0.0
2016-02-12 01:00:00,-0.4,95,-1.2,0.0,0.0,2.69,0.0,0.0
2016-02-12 02:00:00,-0.2,95,-0.9,0.0,0.0,2.6,0.0,0.0
2016-02-12 03:00:00,-0.1,96,-0.7,0.0,0.0,2.61,0.0,0.0
2016-02-12 04:00:00,-0.1,96,-0.6,0.0,0.0,2.76,0.0,0.0
2016-02-12 05:00:00,0.7,96,0.1,0.0,0.0,2.88,0.0,0.0
2016-02-12 06:00:00,0.6,96,0.1,0.0,0.0,3.09,0.0,0.0
2016-02-12 07:00:00,0.5,97,0.1,0.0,0.0,3.32,0.0,0.0
2016-02-12 08:00:00,1.1,97,0.7,0.0,0.0,3.71,10.0,0.036
2016-02-12 09:00:00,3.0,96,2.4,0.0,0.0,4.12,98.0,0.3528
2016-02-12 10:00:00,4.9,86,2.8,0.0,0.0,4.43,192.0,0.6912
2016-02-12 11:00:00,5.9,82,3.0,0.1,0.0,4.0,254.0,0.9144
2016-02-12 12:00:00,6.6,75,2.6,0.2,0.0,4.0,315.0,1.134
2016-02-12 13:00:00,6.6,75,2.5,0.2,0.0,4.23,273.0,0.9828
2016-02-12 14:00:00,6.8,75,2.6,0.0,0.0,4.13,268.0,0.9648
2016-02-12 15:00:00,6.4,76,2.6,0.1,0.0,4.13,206.0,0.7415999999999999
2016-02-12 16:00:00,5.9,80,2.7,0.0,0.0,3.83,137.0,0.49319999999999997
2016-02-12 17:00:00,4.9,84,2.4,0.0,0.0,3.34,36.0,0.1296
2016-02-12 18:00:00,4.1,87,2.1,0.0,0.0,3.01,0.0,0.0
2016-02-12 19:00:00,3.3,87,1.4,0.0,0.0,2.51,0.0,0.0
2016-02-12 20:00:00,2.6,90,1.0,0.0,0.0,2.41,0.0,0.0
2016-02-12 21:00:00,1.8,91,0.5,0.0,0.0,2.11,0.0,0.0
2016-02-12 22:00:00,1.2,91,-0.1,0.0,0.0,2.42,0.0,0.0
2016-02-12 23:00:00,0.8,91,-0.5,0.0,0.0,2.9,0.0,0.0
2016-02-13 00:00:00,0.4,91,-0.9,0.0,0.0,3.11,0.0,0.0
2016-02-13 01:00:00,0.5,91,-0.8,0.0,0.0,3.24,0.0,0.0
2016-02-13 02:00:00,0.2,91,-1.1,0.0,0.0,3.3,0.0,0.0
2016-02-13 03:00:00,1.0,90,-0.4,0.0,0.0,3.34,0.0,0.0
2016-02-13 04:00:00,1.8,90,0.4,0.0,0.0,4.0,0.0,0.0
2016-02-13 05:00:00,2.0,92,0.8,0.0,0.0,4.24,0.0,0.0
2016-02-13 06:00:00,2.4,93,1.4,0.0,0.0,4.23,0.0,0.0
2016-02-13 07:00:00,2.6,92,1.5,0.0,0.0,5.1,0.0,0.0
2016-02-13 08:00:00,3.0,91,1.7,0.1,0.0,5.71,4.0,0.0144
2016-02-13 09:00:00,3.3,90,1.8,0.2,0.0,5.91,27.0,0.0972
2016-02-13 10:00:00,3.4,90,1.9,0.4,0.0,6.51,50.0,0.18
2016-02-13 11:00:00,3.8,87,1.9,0.4,0.0,6.79,108.0,0.3888
2016-02-13 12:00:00,4.2,87,2.2,0.4,0.0,7.13,142.0,0.5112
2016-02-13 13:00:00,4.6,82,1.8,0.2,0.0,6.8,170.0,0.612
2016-02-13 14:00:00,5.2,81,2.2,0.2,0.0,6.91,166.0,0.5976
2016-02-13 15:00:00,5.1,83,2.4,0.2,0.0,6.44,104.0,0.3744
2016-02-13 16:00:00,4.8,85,2.5,0.2,0.0,5.16,53.0,0.1908
2016-02-13 17:00:00,4.5,88,2.7,0.2,0.0,4.11,21.0,0.0756
2016-02-13 18:00:00,4.2,90,2.7,0.2,0.0,4.0,0.0,0.0
2016-02-13 19:00:00,3.8,91,2.4,0.4,0.0,4.16,0.0,0.0
2016-02-13 20:00:00,3.6,92,2.4,0.4,0.0,4.09,0.0,0.0
2016-02-13 21:00:00,3.4,93,2.4,0.3,0.0,3.96,0.0,0.0
2016-02-13 22:00:00,3.4,93,2.4,0.2,0.0,3.51,0.0,0.0
2016-02-13 23:00:00,3.3,93,2.3,0.2,0.0,3.42,0.0,0.0
2016-02-14 00:00:00,3.2,93,2.2,0.1,0.0,3.36,0.0,0.0
2016-02-14 01:00:00,3.0,94,2.1,0.0,0.0,3.36,0.0,0.0
2016-02-14 02:00:00,2.8,93,1.9,0.0,0.0,3.62,0.0,0.0
2016-02-14 03:00:00,2.7,93,1.8,0.1,0.0,3.8,0.0,0.0
2016-02-14 04:00:00,2.7,93,1.7,0.1,0.0,3.94,0.0,0.0
2016-02-14 05:00:00,2.6,93,1.6,0.0,0.0,4.21,0.0,0.0
2016-02-14 06:00:00,2.5,93,1.5,0.0,0.0,4.21,0.0,0.0
2016-02-14 07:00:00,2.6,92,1.5,0.0,0.0,4.43,0.0,0.0
2016-02-14 08:00:00,2.4,93,1.3,0.0,0.0,4.74,10.0,0.036
2016-02-14 09:00:00,3.0,92,1.9,0.0,0.0,4.62,89.0,0.3204
2016-02-14 10:00:00,4.1,83,1.6,0.0,0.0,5.24,206.0,0.7415999999999999
2016-02-14 11:00:00,5.1,75,1.0,0.0,0.0,5.09,265.0,0.954
2016-02-14 12:00:00,5.6,68,0.1,0.0,0.0,5.79,258.0,0.9288
2016-02-14 13:00:00,6.0,64,-0.4,0.0,0.0,6.48,291.0,1.0475999999999999
2016-02-14 14:00:00,6.0,63,-0.5,0.0,0.0,6.61,264.0,0.9504
2016-02-14 15:00:00,5.7,65,-0.4,0.0,0.0,6.77,211.0,0.7595999999999999
2016-02-14 16:00:00,5.0,67,-0.5,0.0,0.0,6.4,141.0,0.5075999999999999
2016-02-14 17:00:00,4.1,69,-1.2,0.0,0.0,6.14,54.0,0.1944
2016-02-14 18:00:00,3.0,70,-1.9,0.0,0.0,6.01,0.0,0.0
2016-02-14 19:00:00,2.4,65,-3.5,0.0,0.0,6.1,0.0,0.0
2016-02-14 20:00:00,1.9,66,-3.8,0.0,0.0,6.01,0.0,0.0
2016-02-14 21:00:00,1.5,68,-3.8,0.0,0.0,5.92,0.0,0.0
2016-02-14 22:00:00,1.2,70,-3.7,0.0,0.0,5.73,0.0,0.0
2016-02-14 23:00:00,0.8,73,-3.6,0.0,0.0,5.46,0.0,0.0
2016-02-15 00:00:00,0.4,76,-3.4,0.0,0.0,5.67,0.0,0.0
2016-02-15 01:00:00,0.2,78,-3.1,0.0,0.0,5.66,0.0,0.0
2016-02-15 02:00:00,-0.0,81,-2.9,0.0,0.0,5.69,0.0,0.0
2016-02-15 03:00:00,-0.1,83,-2.6,0.0,0.0,5.59,0.0,0.0
2016-02-15 04:00:00,-0.3,86,-2.3,0.0,0.0,5.41,0.0,0.0
2016-02-15 05:00:00,-0.4,89,-2.0,0.0,0.0,5.24,0.0,0.0
2016-02-15 06:00:00,-0.4,91,-1.7,0.0,0.0,5.07,0.0,0.0
2016-02-15 07:00:00,-0.5,90,-1.9,0.0,0.0,5.0,0.0,0.0
2016-02-15 08:00:00,-0.0,91,-1.4,0.0,0.0,5.32,16.0,0.0576
2016-02-15 09:00:00,1.5,87,-0.5,0.0,0.0,5.22,108.0,0.3888
2016-02-15 10:00:00,3.1,76,-0.7,0.0,0.0,7.53,235.0,0.846
2016-02-15 11:00:00,4.0,70,-0.9,0.0,0.0,7.38,298.0,1.0728
2016-02-15 12:00:00,4.8,65,-1.3,0.0,0.0,7.16,320.0,1.152
2016-02-15 13:00:00,5.4,60,-1.8,0.0,0.0,6.73,311.0,1.1196
2016-02-15 14:00:00,5.7,57,-2.2,0.0,0.0,6.04,256.0,0.9216
2016-02-15 15:00:00,5.7,57,-2.2,0.0,0.0,5.84,166.0,0.5976
2016-02-15 16:00:00,5.5,59,-1.9,0.0,0.0,4.77,124.0,0.44639999999999996
2016-02-15 17:00:00,4.5,64,-1.7,0.0,0.0,4.05,57.0,0.2052
2016-02-15 18:00:00,3.5,71,-1.3,0.0,0.0,3.61,1.0,0.0036
2016-02-15 19:00:00,2.7,78,-0.8,0.0,0.0,3.96,0.0,0.0
2016-02-15 20:00:00,2.1,83,-0.5,0.0,0.0,3.96,0.0,0.0
2016-02-15 21:00:00,1.6,88,-0.3,0.0,0.0,3.76,0.0,0.0
2016-02-15 22:00:00,0.8,90,-0.6,0.0,0.0,3.04,0.0,0.0
2016-02-15 23:00:00,0.2,92,-1.0,0.0,0.0,2.77,0.0,0.0
2016-02-16 00:00:00,-0.6,94,-1.5,0.0,0.0,2.43,0.0,0.0
2016-02-16 01:00:00,-1.4,94,-2.2,0.0,0.0,2.31,0.0,0.0
2016-02-16 02:00:00,-2.1,95,-2.8,0.0,0.0,1.87,0.0,0.0
2016-02-16 03:00:00,-2.2,95,-2.8,0.0,0.0,2.3,0.0,0.0
2016-02-16 04:00:00,-1.7,96,-2.3,0.0,0.0,1.99,0.0,0.0
2016-02-16 05:00:00,-0.9,96,-1.4,0.0,0.0,1.92,0.0,0.0
2016-02-16 06:00:00,-1.0,97,-1.4,0.0,0.0,0.51,0.0,0.0
2016-02-16 07:00:00,-1.3,99,-1.4,0.0,0.0,0.91,0.0,0.0
2016-02-16 08:00:00,-2.1,98,-2.4,0.0,0.0,1.14,18.0,0.0648
2016-02-16 09:00:00,-0.6,96,-1.2,0.0,0.0,1.02,107.0,0.3852
2016-02-16 10:00:00,1.1,95,0.5,0.0,0.0,1.51,198.0,0.7128
2016-02-16 11:00:00,3.0,90,1.5,0.0,0.0,2.41,288.0,1.0368
2016-02-16 12:00:00,4.9,80,1.7,0.0,0.0,3.06,373.0,1.3428
2016-02-16 13:00:00,6.0,68,0.6,0.0,0.0,3.4,424.0,1.5264
2016-02-16 14:00:00,6.2,64,-0.2,0.0,0.0,3.93,339.0,1.2204
2016-02-16 15:00:00,6.1,63,-0.5,0.0,0.0,4.42,239.0,0.8603999999999999
2016-02-16 16:00:00,5.8,63,-0.7,0.0,0.0,3.95,156.0,0.5616
2016-02-16 17:00:00,5.0,67,-0.6,0.0,0.0,3.55,44.0,0.15839999999999999
2016-02-16 18:00:00,4.0,72,-0.6,0.0,0.0,3.7,1.0,0.0036
2016-02-16 19:00:00,2.7,83,0.1,0.0,0.0,3.72,0.0,0.0
2016-02-16 20:00:00,2.4,84,0.0,0.0,0.0,3.77,0.0,0.0
2016-02-16 21:00:00,2.3,84,-0.1,0.0,0.0,3.77,0.0,0.0
2016-02-16 22:00:00,2.2,84,-0.3,0.0,0.0,3.51,0.0,0.0
2016-02-16 23:00:00,2.2,82,-0.5,0.0,0.0,3.93,0.0,0.0
2016-02-17 00:00:00,2.2,81,-0.7,0.0,0.0,4.24,0.0,0.0
2016-02-17 01:00:00,2.3,80,-0.9,0.0,0.0,4.31,0.0,0.0
2016-02-17 02:00:00,2.4,79,-0.9,0.0,0.0,4.2,0.0,0.0
2016-02-17 03:00:00,2.5,78,-0.9,0.0,0.0,4.1,0.0,0.0
2016-02-17 04:00:00,2.4,78,-1.0,0.0,0.0,4.0,0.0,0.0
2016-02-17 05:00:00,2.0,81,-1.0,0.0,0.0,4.0,0.0,0.0
2016-02-17 06:00:00,1.9,80,-1.1,0.0,0.0,4.13,0.0,0.0
2016-02-17 07:00:00,2.0,83,-0.6,0.0,0.0,4.39,0.0,0.0
2016-02-17 08:00:00,2.4,81,-0.6,0.0,0.0,4.64,16.0,0.0576
2016-02-17 09:00:00,3.6,77,-0.0,0.0,0.0,4.6,94.0,0.3384
2016-02-17 10:00:00,4.7,73,0.3,0.0,0.0,5.26,158.0,0.5688
2016-02-17 11:00:00,5.5,66,-0.4,0.0,0.0,5.85,227.0,0.8171999999999999
2016-02-17 12:00:00,6.1,63,-0.4,0.0,0.0,5.44,291.0,1.0475999999999999
2016-02-17 13:00:00,6.5,61,-0.5,0.0,0.0,5.12,268.0,0.9648
2016-02-17 14:00:00,6.7,63,0.1,0.0,0.0,4.97,258.0,0.9288
2016-02-17 15:00:00,6.4,67,0.6,0.0,0.0,4.69,157.0,0.5652
2016-02-17 16:00:00,5.9,71,1.1,0.1,0.0,4.33,72.0,0.2592
2016-02-17 17:00:00,5.2,77,1.5,0.3,0.0,4.11,20.0,0.072
2016-02-17 18:00:00,4.6,82,1.8,0.4,0.0,4.2,0.0,0.0
2016-02-17 19:00:00,4.2,91,2.9,0.8,0.0,4.41,0.0,0.0
2016-02-17 20:00:00,4.2,92,3.0,1.0,0.0,4.51,0.0,0.0
2016-02-17 21:00:00,4.2,93,3.1,1.1,0.0,4.7,0.0,0.0
2016-02-17 22:00:00,4.2,94,3.3,1.0,0.0,4.1,0.0,0.0
2016-02-17 23:00:00,4.2,95,3.5,0.8,0.0,3.71,0.0,0.0
2016-02-18 00:00:00,4.2,95,3.5,0.7,0.0,2.92,0.0,0.0
2016-02-18 01:00:00,4.1,97,3.7,0.4,0.0,2.25,0.0,0.0
2016-02-18 02:00:00,3.7,98,3.5,0.2,0.0,2.68,0.0,0.0
2016-02-18 03:00:00,3.1,99,2.9,0.2,0.0,3.3,0.0,0.0
2016-02-18 04:00:00,2.6,98,2.3,0.2,0.0,3.86,0.0,0.0
2016-02-18 05:00:00,2.2,97,1.8,0.2,0.0,4.17,0.0,0.0
2016-02-18 06:00:00,2.1,96,1.5,0.0,0.0,4.22,0.0,0.0
2016-02-18 07:00:00,2.7,97,2.3,0.0,0.0,4.12,0.0,0.0
2016-02-18 08:00:00,2.8,96,2.2,0.0,0.0,4.08,10.0,0.036
2016-02-18 09:00:00,3.4,88,1.6,0.0,0.0,4.96,77.0,0.2772
2016-02-18 10:00:00,3.9,84,1.4,0.0,0.0,4.62,151.0,0.5436
2016-02-18 11:00:00,4.9,76,1.1,0.0,0.0,4.33,250.0,0.9
2016-02-18 12:00:00,5.9,67,0.3,0.0,0.0,4.16,338.0,1.2167999999999999
2016-02-18 13:00:00,6.8,59,-0.6,0.0,0.0,4.14,401.0,1.4436
2016-02-18 14:00:00,7.1,56,-1.1,0.0,0.0,4.1,386.0,1.3896
2016-02-18 15:00:00,6.9,56,-1.4,0.0,0.0,3.68,281.0,1.0116
2016-02-18 16:00:00,6.5,57,-1.4,0.0,0.0,2.86,189.0,0.6804
2016-02-18 17:00:00,5.4,62,-1.3,0.0,0.0,1.55,70.0,0.252
2016-02-18 18:00:00,4.1,68,-1.3,0.0,0.0,2.12,2.0,0.0072
2016-02-18 19:00:00,2.4,78,-1.1,0.0,0.0,2.12,0.0,0.0
2016-02-18 20:00:00,1.1,82,-1.6,0.0,0.0,2.24,0.0,0.0
2016-02-18 21:00:00,0.6,83,-1.9,0.0,0.0,2.42,0.0,0.0
2016-02-18 22:00:00,-0.0,85,-2.2,0.0,0.0,2.73,0.0,0.0
2016-02-18 23:00:00,-0.4,88,-2.2,0.0,0.0,2.67,0.0,0.0
2016-02-19 00:00:00,-0.8,91,-2.1,0.0,0.0,2.44,0.0,0.0
2016-02-19 01:00:00,-1.1,93,-2.1,0.0,0.0,2.28,0.0,0.0
2016-02-19 02:00:00,-1.7,94,-2.5,0.0,0.0,2.51,0.0,0.0
2016-02-19 03:00:00,-2.0,94,-2.8,0.0,0.0,2.5,0.0,0.0
2016-02-19 04:00:00,-2.2,94,-3.0,0.0,0.0,2.56,0.0,0.0
2016-02-19 05:00:00,-2.3,94,-3.1,0.0,0.0,2.7,0.0,0.0
2016-02-19 06:00:00,-2.2,93,-3.2,0.0,0.0,2.77,0.0,0.0
2016-02-19 07:00:00,-2.1,94,-2.9,0.0,0.0,2.83,0.0,0.0
2016-02-19 08:00:00,-1.2,94,-2.1,0.0,0.0,3.18,26.0,0.0936
2016-02-19 09:00:00,2.1,90,0.6,0.0,0.0,3.4,142.0,0.5112
2016-02-19 10:00:00,4.9,82,2.0,0.0,0.0,3.4,263.0,0.9468
2016-02-19 11:00:00,6.9,72,2.2,0.0,0.0,4.11,359.0,1.2924
2016-02-19 12:00:00,8.1,62,1.2,0.0,0.0,6.11,395.0,1.422
2016-02-19 13:00:00,8.5,61,1.3,0.0,0.0,6.36,385.0,1.386
2016-02-19 14:00:00,8.7,61,1.6,0.0,0.0,6.67,300.0,1.08
2016-02-19 15:00:00,8.3,68,2.6,0.0,0.0,6.35,211.0,0.7595999999999999
2016-02-19 16:00:00,7.7,75,3.5,0.0,0.0,6.53,118.0,0.4248
2016-02-19 17:00:00,7.2,80,3.9,0.0,0.0,6.99,35.0,0.126
2016-02-19 18:00:00,7.0,82,4.2,0.1,0.0,7.39,1.0,0.0036
2016-02-19 19:00:00,7.4,86,5.2,0.5,0.0,8.12,0.0,0.0
2016-02-19 20:00:00,7.5,88,5.6,0.2,0.0,8.46,0.0,0.0
2016-02-19 21:00:00,7.8,89,6.1,0.2,0.0,8.42,0.0,0.0
2016-02-19 22:00:00,8.1,92,6.8,0.2,0.0,7.41,0.0,0.0
2016-02-19 23:00:00,8.4,94,7.5,0.0,0.0,7.06,0.0,0.0
2016-02-20 00:00:00,8.6,95,7.9,0.0,0.0,6.8,0.0,0.0
2016-02-20 01:00:00,8.7,95,7.9,0.0,0.0,6.76,0.0,0.0
2016-02-20 02:00:00,8.7,93,7.6,0.0,0.0,6.45,0.0,0.0
2016-02-20 03:00:00,8.5,90,7.0,0.0,0.0,6.23,0.0,0.0
2016-02-20 04:00:00,8.3,89,6.6,0.0,0.0,5.97,0.0,0.0
2016-02-20 05:00:00,8.1,88,6.2,0.0,0.0,5.68,0.0,0.0
2016-02-20 06:00:00,7.8,87,5.8,0.0,0.0,5.75,0.0,0.0
2016-02-20 07:00:00,8.2,89,6.5,0.0,0.0,5.54,0.0,0.0
2016-02-20 08:00:00,8.1,88,6.3,0.0,0.0,5.44,12.0,0.0432
2016-02-20 09:00:00,8.5,87,6.4,0.0,0.0,6.02,53.0,0.1908
2016-02-20 10:00:00,8.9,85,6.5,0.0,0.0,5.46,92.0,0.3312
2016-02-20 11:00:00,9.4,77,5.5,0.0,0.0,7.75,164.0,0.5904
2016-02-20 12:00:00,9.6,76,5.6,0.0,0.0,7.08,137.0,0.49319999999999997
2016-02-20 13:00:00,9.9,79,6.5,0.0,0.0,8.3,121.0,0.4356
2016-02-20 14:00:00,10.3,84,7.7,0.4,0.0,8.29,50.0,0.18
2016-02-20 15:00:00,11.1,88,9.2,0.2,0.0,8.86,32.0,0.1152
2016-02-20 16:00:00,11.6,88,9.7,0.0,0.0,9.06,27.0,0.0972
2016-02-20 17:00:00,11.6,87,9.6,0.0,0.0,9.08,15.0,0.054
2016-02-20 18:00:00,11.5,87,9.4,0.0,0.0,9.24,1.0,0.0036
2016-02-20 19:00:00,10.9,90,9.3,0.0,0.0,9.3,0.0,0.0
2016-02-20 20:00:00,10.8,89,9.1,0.0,0.0,9.2,0.0,0.0
2016-02-20 21:00:00,10.8,88,8.9,0.0,0.0,9.12,0.0,0.0
2016-02-20 22:00:00,10.7,87,8.7,0.0,0.0,8.1,0.0,0.0
2016-02-20 23:00:00,10.7,86,8.5,0.0,0.0,8.22,0.0,0.0
2016-02-21 00:00:00,10.7,87,8.5,0.0,0.0,7.94,0.0,0.0
2016-02-21 01:00:00,10.7,86,8.5,0.0,0.0,7.66,0.0,0.0
2016-02-21 02:00:00,10.7,86,8.5,0.0,0.0,7.69,0.0,0.0
2016-02-21 03:00:00,10.8,86,8.6,0.0,0.0,7.41,0.0,0.0
2016-02-21 04:00:00,10.9,85,8.6,0.0,0.0,7.3,0.0,0.0
2016-02-21 05:00:00,10.9,86,8.7,0.0,0.0,7.52,0.0,0.0
2016-02-21 06:00:00,10.9,87,8.9,0.0,0.0,7.65,0.0,0.0
2016-02-21 07:00:00,10.7,88,8.8,0.0,0.0,7.79,0.0,0.0
2016-02-21 08:00:00,10.9,87,8.8,0.0,0.0,8.2,7.0,0.0252
2016-02-21 09:00:00,11.1,86,8.9,0.0,0.0,8.66,35.0,0.126
2016-02-21 10:00:00,11.4,85,9.0,0.0,0.0,8.58,66.0,0.2376
2016-02-21 11:00:00,11.7,84,9.2,0.0,0.0,8.68,106.0,0.3816
2016-02-21 12:00:00,12.1,83,9.3,0.0,0.0,8.75,134.0,0.4824
2016-02-21 13:00:00,12.0,84,9.3,0.0,0.0,8.9,100.0,0.36
2016-02-21 14:00:00,12.1,83,9.3,0.0,0.0,9.18,115.0,0.414
2016-02-21 15:00:00,11.9,84,9.3,0.0,0.0,8.68,75.0,0.27
2016-02-21 16:00:00,11.9,83,9.0,0.0,0.0,8.25,56.0,0.2016
2016-02-21 17:00:00,11.7,82,8.7,0.0,0.0,8.15,25.0,0.09
2016-02-21 18:00:00,11.5,81,8.4,0.0,0.0,8.2,2.0,0.0072
2016-02-21 19:00:00,11.3,85,8.8,0.0,0.0,8.18,0.0,0.0
2016-02-21 20:00:00,11.0,85,8.6,0.0,0.0,8.35,0.0,0.0
2016-02-21 21:00:00,10.8,85,8.4,0.0,0.0,8.35,0.0,0.0
2016-02-21 22:00:00,10.7,85,8.3,0.0,0.0,7.69,0.0,0.0
2016-02-21 23:00:00,10.6,86,8.3,0.0,0.0,7.89,0.0,0.0
2016-02-22 00:00:00,10.6,86,8.4,0.0,0.0,7.65,0.0,0.0
2016-02-22 01:00:00,10.7,86,8.5,0.0,0.0,7.16,0.0,0.0
2016-02-22 02:00:00,10.7,87,8.6,0.0,0.0,6.94,0.0,0.0
2016-02-22 03:00:00,10.7,87,8.6,0.0,0.0,6.67,0.0,0.0
2016-02-22 04:00:00,10.7,87,8.6,0.0,0.0,6.39,0.0,0.0
2016-02-22 05:00:00,10.2,88,8.3,0.2,0.0,5.66,0.0,0.0
2016-02-22 06:00:00,9.2,87,7.1,0.0,0.0,4.74,0.0,0.0
2016-02-22 07:00:00,9.3,92,8.1,0.2,0.0,3.86,0.0,0.0
2016-02-22 08:00:00,8.8,92,7.6,0.2,0.0,3.29,3.0,0.0108
2016-02-22 09:00:00,8.5,91,7.0,0.3,0.0,3.2,18.0,0.0648
2016-02-22 10:00:00,8.2,88,6.2,0.3,0.0,3.33,46.0,0.1656
2016-02-22 11:00:00,7.8,85,5.5,0.3,0.0,3.55,71.0,0.2556
2016-02-22 12:00:00,7.2,83,4.5,0.2,0.0,3.62,78.0,0.2808
2016-02-22 13:00:00,7.1,74,2.7,0.0,0.0,3.35,159.0,0.5724
2016-02-22 14:00:00,6.8,71,2.0,0.0,0.0,4.09,105.0,0.378
2016-02-22 15:00:00,6.8,67,1.1,0.0,0.0,4.09,123.0,0.44279999999999997
2016-02-22 16:00:00,6.8,64,0.5,0.0,0.0,3.58,104.0,0.3744
2016-02-22 17:00:00,6.4,65,0.3,0.0,0.0,2.66,72.0,0.2592
2016-02-22 18:00:00,5.6,67,-0.0,0.0,0.0,2.43,4.0,0.0144
2016-02-22 19:00:00,6.2,67,0.5,0.0,0.0,2.3,0.0,0.0
2016-02-22 20:00:00,5.7,69,0.5,0.0,0.0,2.4,0.0,0.0
2016-02-22 21:00:00,5.5,70,0.4,0.0,0.0,2.52,0.0,0.0
2016-02-22 22:00:00,4.7,73,0.2,0.0,0.0,2.18,0.0,0.0
2016-02-22 23:00:00,3.4,77,-0.3,0.0,0.0,2.6,0.0,0.0
2016-02-23 00:00:00,2.6,79,-0.6,0.0,0.0,2.73,0.0,0.0
2016-02-23 01:00:00,1.8,83,-0.8,0.0,0.0,3.0,0.0,0.0
2016-02-23 02:00:00,1.3,85,-0.9,0.0,0.0,3.1,0.0,0.0
2016-02-23 03:00:00,1.0,87,-0.9,0.0,0.0,3.27,0.0,0.0
2016-02-23 04:00:00,1.1,87,-0.7,0.0,0.0,3.23,0.0,0.0
2016-02-23 05:00:00,0.8,89,-0.8,0.0,0.0,3.1,0.0,0.0
2016-02-23 06:00:00,0.9,90,-0.6,0.0,0.0,3.23,0.0,0.0
2016-02-23 07:00:00,1.0,90,-0.5,0.0,0.0,3.18,0.0,0.0
2016-02-23 08:00:00,1.4,91,0.1,0.0,0.0,3.35,38.0,0.1368
2016-02-23 09:00:00,3.6,86,1.5,0.0,0.0,3.44,143.0,0.5148
2016-02-23 10:00:00,5.4,80,2.2,0.0,0.0,3.19,280.0,1.008
2016-02-23 11:00:00,6.5,74,2.2,0.0,0.0,3.11,350.0,1.26
2016-02-23 12:00:00,7.0,69,1.7,0.2,0.0,2.88,344.0,1.2384
2016-02-23 13:00:00,7.6,70,2.4,0.0,0.0,2.8,390.0,1.404
2016-02-23 14:00:00,7.9,70,2.7,0.0,0.0,2.83,350.0,1.26
2016-02-23 15:00:00,7.8,69,2.4,0.0,0.0,2.73,326.0,1.1736
2016-02-23 16:00:00,6.3,71,1.5,0.3,0.0,2.97,216.0,0.7776
2016-02-23 17:00:00,5.8,70,0.7,0.0,0.0,2.04,86.0,0.3096
2016-02-23 18:00:00,4.6,76,0.7,0.0,0.0,1.71,6.0,0.0216
2016-02-23 19:00:00,3.7,81,0.7,0.0,0.0,2.31,0.0,0.0
2016-02-23 20:00:00,3.4,78,-0.1,0.0,0.0,2.01,0.0,0.0
2016-02-23 21:00:00,3.3,77,-0.4,0.0,0.0,1.66,0.0,0.0
2016-02-23 22:00:00,2.6,79,-0.6,0.0,0.0,2.25,0.0,0.0
2016-02-23 23:00:00,1.6,83,-1.0,0.0,0.0,2.5,0.0,0.0
2016-02-24 00:00:00,0.9,86,-1.3,0.0,0.0,2.47,0.0,0.0
2016-02-24 01:00:00,0.7,87,-1.2,0.0,0.0,2.44,0.0,0.0
2016-02-24 02:00:00,0.9,87,-0.9,0.0,0.0,2.11,0.0,0.0
2016-02-24 03:00:00,1.1,89,-0.6,0.0,0.0,1.7,0.0,0.0
2016-02-24 04:00:00,0.8,91,-0.5,0.0,0.0,1.1,0.0,0.0
2016-02-24 05:00:00,0.4,93,-0.6,0.0,0.0,1.04,0.0,0.0
2016-02-24 06:00:00,-0.9,96,-1.5,0.0,0.0,1.08,0.0,0.0
2016-02-24 07:00:00,0.1,97,-0.3,0.0,0.0,1.2,0.0,0.0
2016-02-24 08:00:00,0.2,97,-0.2,0.0,0.0,1.22,33.0,0.1188
2016-02-24 09:00:00,2.7,92,1.5,0.0,0.0,1.08,139.0,0.5004
2016-02-24 10:00:00,4.2,85,1.9,0.0,0.0,1.08,227.0,0.8171999999999999
2016-02-24 11:00:00,5.6,66,-0.3,0.0,0.0,1.21,322.0,1.1592
2016-02-24 12:00:00,6.0,57,-1.9,0.0,0.0,0.94,348.0,1.2528
2016-02-24 13:00:00,6.5,52,-2.6,0.0,0.0,1.2,394.0,1.4183999999999999
2016-02-24 14:00:00,6.4,53,-2.6,0.0,0.0,1.8,268.0,0.9648
2016-02-24 15:00:00,6.3,52,-2.7,0.0,0.0,2.0,258.0,0.9288
2016-02-24 16:00:00,5.9,54,-2.8,0.0,0.0,2.2,175.0,0.63
2016-02-24 17:00:00,5.1,59,-2.2,0.0,0.0,1.6,89.0,0.3204
2016-02-24 18:00:00,3.8,64,-2.4,0.0,0.0,1.81,7.0,0.0252
2016-02-24 19:00:00,2.7,71,-2.1,0.0,0.0,1.92,0.0,0.0
2016-02-24 20:00:00,1.3,78,-2.1,0.0,0.0,2.06,0.0,0.0
2016-02-24 21:00:00,-0.2,83,-2.7,0.0,0.0,2.15,0.0,0.0
2016-02-24 22:00:00,-1.0,83,-3.4,0.0,0.0,2.15,0.0,0.0
2016-02-24 23:00:00,-1.8,86,-3.9,0.0,0.0,2.0,0.0,0.0
2016-02-25 00:00:00,-2.4,87,-4.3,0.0,0.0,1.98,0.0,0.0
2016-02-25 01:00:00,-2.8,89,-4.4,0.0,0.0,1.92,0.0,0.0
2016-02-25 02:00:00,-3.0,90,-4.4,0.0,0.0,1.97,0.0,0.0
2016-02-25 03:00:00,-3.2,92,-4.3,0.0,0.0,2.15,0.0,0.0
2016-02-25 04:00:00,-3.3,93,-4.2,0.0,0.0,2.15,0.0,0.0
2016-02-25 05:00:00,-3.3,95,-4.1,0.0,0.0,2.25,0.0,0.0
2016-02-25 06:00:00,-3.5,95,-4.1,0.0,0.0,2.47,0.0,0.0
2016-02-25 07:00:00,-2.9,94,-3.8,0.0,0.0,2.73,0.0,0.0
2016-02-25 08:00:00,-1.5,94,-2.4,0.0,0.0,3.26,43.0,0.1548
2016-02-25 09:00:00,1.4,87,-0.5,0.0,0.0,3.54,128.0,0.4608
2016-02-25 10:00:00,2.7,83,0.1,0.0,0.0,3.05,221.0,0.7956
2016-02-25 11:00:00,3.6,75,-0.4,0.0,0.0,2.88,252.0,0.9072
2016-02-25 12:00:00,4.4,65,-1.6,0.0,0.0,2.98,329.0,1.1844
2016-02-25 13:00:00,4.7,60,-2.3,0.0,0.0,3.33,317.0,1.1412
2016-02-25 14:00:00,5.1,54,-3.5,0.0,0.0,3.33,311.0,1.1196
2016-02-25 15:00:00,4.8,53,-4.1,0.0,0.0,3.06,151.0,0.5436
2016-02-25 16:00:00,4.5,52,-4.4,0.0,0.0,2.58,117.0,0.42119999999999996
2016-02-25 17:00:00,4.2,55,-4.0,0.0,0.0,1.49,47.0,0.1692
2016-02-25 18:00:00,3.2,63,-3.2,0.0,0.0,1.86,6.0,0.0216
2016-02-25 19:00:00,2.9,67,-2.6,0.0,0.0,1.62,0.0,0.0
2016-02-25 20:00:00,2.6,67,-2.8,0.0,0.0,1.3,0.0,0.0
2016-02-25 21:00:00,1.5,76,-2.2,0.0,0.0,1.08,0.0,0.0
2016-02-25 22:00:00,0.9,80,-2.1,0.0,0.0,1.35,0.0,0.0
2016-02-25 23:00:00,0.7,81,-2.2,0.0,0.0,1.48,0.0,0.0
2016-02-26 00:00:00,0.6,82,-2.1,0.0,0.0,1.2,0.0,0.0
2016-02-26 01:00:00,0.1,84,-2.3,0.0,0.0,1.3,0.0,0.0
2016-02-26 02:00:00,0.2,82,-2.4,0.0,0.0,1.4,0.0,0.0
2016-02-26 03:00:00,-0.1,83,-2.6,0.0,0.0,1.46,0.0,0.0
2016-02-26 04:00:00,-0.6,85,-2.8,0.0,0.0,1.58,0.0,0.0
2016-02-26 05:00:00,-1.1,87,-3.1,0.0,0.0,1.91,0.0,0.0
2016-02-26 06:00:00,-1.6,87,-3.6,0.0,0.0,2.05,0.0,0.0
2016-02-26 07:00:00,-1.5,85,-3.7,0.0,0.0,2.26,0.0,0.0
2016-02-26 08:00:00,-0.3,84,-2.6,0.0,0.0,2.64,33.0,0.1188
2016-02-26 09:00:00,2.4,76,-1.4,0.0,0.0,2.92,112.0,0.4032
2016-02-26 10:00:00,4.3,68,-1.0,0.0,0.0,3.08,203.0,0.7308
2016-02-26 11:00:00,5.5,59,-1.9,0.0,0.0,3.68,306.0,1.1016
2016-02-26 12:00:00,6.5,52,-2.7,0.0,0.0,3.66,416.0,1.4976
2016-02-26 13:00:00,6.9,51,-2.5,0.0,0.0,3.4,363.0,1.3068
2016-02-26 14:00:00,6.7,53,-2.2,0.0,0.0,3.36,220.0,0.7919999999999999
2016-02-26 15:00:00,6.3,57,-1.6,0.0,0.0,3.36,158.0,0.5688
2016-02-26 16:00:00,5.9,61,-1.0,0.0,0.0,3.54,114.0,0.4104
2016-02-26 17:00:00,5.3,67,-0.4,0.0,0.0,2.91,52.0,0.1872
2016-02-26 18:00:00,4.3,73,-0.2,0.0,0.0,2.83,5.0,0.018
2016-02-26 19:00:00,3.0,79,-0.3,0.0,0.0,3.1,0.0,0.0
2016-02-26 20:00:00,2.1,85,-0.1,0.0,0.0,3.4,0.0,0.0
2016-02-26 21:00:00,1.5,89,-0.2,0.0,0.0,3.0,0.0,0.0
2016-02-26 22:00:00,0.7,90,-0.7,0.0,0.0,2.96,0.0,0.0
2016-02-26 23:00:00,0.3,91,-1.0,0.0,0.0,3.3,0.0,0.0
2016-02-27 00:00:00,0.2,92,-1.0,0.0,0.0,3.35,0.0,0.0
2016-02-27 01:00:00,-0.2,93,-1.2,0.0,0.0,3.23,0.0,0.0
2016-02-27 02:00:00,-0.6,94,-1.5,0.0,0.0,3.23,0.0,0.0
2016-02-27 03:00:00,-0.5,93,-1.5,0.0,0.0,3.4,0.0,0.0
2016-02-27 04:00:00,0.4,92,-0.7,0.0,0.0,3.4,0.0,0.0
2016-02-27 05:00:00,0.9,91,-0.5,0.0,0.0,3.45,0.0,0.0
2016-02-27 06:00:00,1.2,89,-0.4,0.0,0.0,3.77,0.0,0.0
2016-02-27 07:00:00,1.9,80,-1.2,0.0,0.0,3.88,0.0,0.0
2016-02-27 08:00:00,2.4,75,-1.6,0.0,0.0,4.36,37.0,0.13319999999999999
2016-02-27 09:00:00,3.8,70,-1.2,0.0,0.0,4.48,104.0,0.3744
2016-02-27 10:00:00,4.7,64,-1.4,0.0,0.0,4.52,162.0,0.5831999999999999
2016-02-27 11:00:00,5.4,58,-2.3,0.0,0.0,6.59,201.0,0.7236
2016-02-27 12:00:00,5.7,55,-2.6,0.0,0.0,6.84,228.0,0.8208
2016-02-27 13:00:00,5.7,53,-3.3,0.0,0.0,7.08,204.0,0.7343999999999999
2016-02-27 14:00:00,5.6,52,-3.6,0.0,0.0,6.74,186.0,0.6696
2016-02-27 15:00:00,5.3,53,-3.6,0.0,0.0,6.6,138.0,0.49679999999999996
2016-02-27 16:00:00,5.0,55,-3.3,0.0,0.0,6.63,115.0,0.414
2016-02-27 17:00:00,4.5,57,-3.3,0.0,0.0,5.98,56.0,0.2016
2016-02-27 18:00:00,4.1,59,-3.3,0.0,0.0,6.1,7.0,0.0252
2016-02-27 19:00:00,3.7,61,-3.1,0.0,0.0,6.23,0.0,0.0
2016-02-27 20:00:00,3.5,63,-2.8,0.0,0.0,5.94,0.0,0.0
2016-02-27 21:00:00,3.5,64,-2.7,0.0,0.0,5.66,0.0,0.0
2016-02-27 22:00:00,3.6,64,-2.7,0.0,0.0,5.95,0.0,0.0
2016-02-27 23:00:00,3.5,64,-2.7,0.0,0.0,5.66,0.0,0.0
2016-02-28 00:00:00,3.5,64,-2.6,0.0,0.0,5.45,0.0,0.0
2016-02-28 01:00:00,3.3,66,-2.5,0.0,0.0,5.38,0.0,0.0
2016-02-28 02:00:00,3.2,67,-2.4,0.0,0.0,5.32,0.0,0.0
2016-02-28 03:00:00,3.0,69,-2.2,0.0,0.0,5.31,0.0,0.0
2016-02-28 04:00:00,2.6,71,-2.2,0.0,0.0,5.31,0.0,0.0
2016-02-28 05:00:00,2.5,71,-2.2,0.0,0.0,5.47,0.0,0.0
2016-02-28 06:00:00,2.4,72,-2.1,0.0,0.0,5.56,0.0,0.0
2016-02-28 07:00:00,2.6,74,-1.5,0.0,0.0,5.5,0.0,0.0
2016-02-28 08:00:00,3.0,75,-1.0,0.0,0.0,5.42,34.0,0.1224
2016-02-28 09:00:00,3.9,75,-0.2,0.0,0.0,4.99,116.0,0.41759999999999997
2016-02-28 10:00:00,4.8,71,0.0,0.0,0.0,5.84,207.0,0.7452
2016-02-28 11:00:00,5.9,63,-0.6,0.0,0.0,7.38,308.0,1.1088
2016-02-28 12:00:00,6.2,60,-1.0,0.0,0.0,7.58,222.0,0.7992
2016-02-28 13:00:00,6.8,55,-1.6,0.0,0.0,7.5,254.0,0.9144
2016-02-28 14:00:00,6.9,54,-1.7,0.0,0.0,7.42,222.0,0.7992
2016-02-28 15:00:00,6.6,57,-1.4,0.0,0.0,6.93,157.0,0.5652
2016-02-28 16:00:00,6.4,57,-1.4,0.0,0.0,6.3,145.0,0.522
2016-02-28 17:00:00,5.6,61,-1.4,0.0,0.0,5.46,78.0,0.2808
2016-02-28 18:00:00,4.5,64,-1.6,0.0,0.0,5.19,11.0,0.039599999999999996
2016-02-28 19:00:00,3.9,68,-1.5,0.0,0.0,5.19,0.0,0.0
2016-02-28 20:00:00,3.4,71,-1.3,0.0,0.0,5.04,0.0,0.0
2016-02-28 21:00:00,3.1,73,-1.2,0.0,0.0,4.72,0.0,0.0
2016-02-28 22:00:00,2.9,75,-1.1,0.0,0.0,4.14,0.0,0.0
2016-02-28 23:00:00,2.9,76,-1.0,0.0,0.0,4.0,0.0,0.0
2016-02-29 00:00:00,2.6,78,-0.9,0.0,0.0,3.86,0.0,0.0
2016-02-29 01:00:00,2.1,81,-0.8,0.0,0.0,3.76,0.0,0.0
2016-02-29 02:00:00,1.4,86,-0.7,0.0,0.0,3.68,0.0,0.0
2016-02-29 03:00:00,0.7,89,-0.9,0.0,0.0,3.45,0.0,0.0
2016-02-29 04:00:00,0.2,91,-1.1,0.0,0.0,3.26,0.0,0.0
2016-02-29 05:00:00,-0.3,92,-1.4,0.0,0.0,3.32,0.0,0.0
2016-02-29 06:00:00,-0.7,93,-1.6,0.0,0.0,3.2,0.0,0.0
2016-02-29 07:00:00,-0.7,94,-1.5,0.0,0.0,3.13,0.0,0.0
2016-02-29 08:00:00,0.3,94,-0.6,0.0,0.0,3.32,59.0,0.2124
2016-02-29 09:00:00,2.8,87,0.9,0.0,0.0,2.87,182.0,0.6552
2016-02-29 10:00:00,4.5,75,0.5,0.0,0.0,2.56,301.0,1.0836
2016-02-29 11:00:00,5.3,67,-0.3,0.0,0.0,2.58,360.0,1.296
2016-02-29 12:00:00,5.9,63,-0.6,0.0,0.0,2.13,382.0,1.3752
2016-02-29 13:00:00,6.3,61,-0.6,0.0,0.0,1.63,417.0,1.5011999999999999
2016-02-29 14:00:00,6.5,60,-0.8,0.0,0.0,1.17,384.0,1.3824
2016-02-29 15:00:00,6.4,59,-1.1,0.0,0.0,0.76,279.0,1.0044
2016-02-29 16:00:00,6.3,58,-1.3,0.0,0.0,0.92,189.0,0.6804
2016-02-29 17:00:00,5.9,60,-1.2,0.0,0.0,0.76,86.0,0.3096
2016-02-29 18:00:00,5.1,67,-0.6,0.0,0.0,1.36,11.0,0.039599999999999996
2016-02-29 19:00:00,4.4,72,-0.3,0.0,0.0,2.15,0.0,0.0
2016-02-29 20:00:00,4.2,72,-0.4,0.0,0.0,2.6,0.0,0.0
2016-02-29 21:00:00,4.0,72,-0.5,0.0,0.0,2.8,0.0,0.0
2016-02-29 22:00:00,4.2,72,-0.4,0.0,0.0,3.32,0.0,0.0
2016-02-29 23:00:00,4.2,74,-0.1,0.0,0.0,3.71,0.0,0.0
2016-03-01 00:00:00,4.2,76,0.3,0.1,0.0,4.3,0.0,0.0
2016-03-01 01:00:00,4.0,79,0.7,0.3,0.0,5.01,0.0,0.0
2016-03-01 02:00:00,4.0,81,1.1,0.2,0.0,5.48,0.0,0.0
2016-03-01 03:00:00,4.2,83,1.7,0.0,0.0,6.09,0.0,0.0
2016-03-01 04:00:00,4.7,85,2.4,0.0,0.0,6.52,0.0,0.0
2016-03-01 05:00:00,5.3,86,3.2,0.0,0.0,6.87,0.0,0.0
2016-03-01 06:00:00,6.0,88,4.2,0.0,0.0,7.15,0.0,0.0
2016-03-01 07:00:00,6.3,93,5.3,0.2,0.0,7.31,0.0,0.0
2016-03-01 08:00:00,7.0,95,6.3,0.1,0.0,7.47,5.0,0.018
2016-03-01 09:00:00,7.9,96,7.3,0.0,0.0,7.6,17.0,0.0612
2016-03-01 10:00:00,8.7,95,8.0,0.0,0.0,7.69,33.0,0.1188
2016-03-01 11:00:00,9.2,95,8.4,0.5,0.0,7.72,45.0,0.162
2016-03-01 12:00:00,9.5,95,8.7,1.2,0.0,7.64,41.0,0.1476
2016-03-01 13:00:00,9.5,95,8.8,0.7,0.0,7.17,28.0,0.1008
2016-03-01 14:00:00,10.0,94,9.1,0.0,0.0,7.02,79.0,0.2844
2016-03-01 15:00:00,11.0,90,9.4,0.0,0.0,6.58,114.0,0.4104
2016-03-01 16:00:00,11.2,87,9.1,0.0,0.0,6.35,80.0,0.288
2016-03-01 17:00:00,10.9,85,8.4,0.0,0.0,6.4,38.0,0.1368
2016-03-01 18:00:00,10.0,83,7.3,0.0,0.0,6.71,7.0,0.0252
2016-03-01 19:00:00,9.8,86,7.6,0.0,0.0,6.76,0.0,0.0
2016-03-01 20:00:00,9.0,84,6.5,0.0,0.0,6.72,0.0,0.0
2016-03-01 21:00:00,8.5,83,5.7,0.0,0.0,6.59,0.0,0.0
2016-03-01 22:00:00,8.1,82,5.1,0.0,0.0,6.58,0.0,0.0
2016-03-01 23:00:00,7.8,80,4.7,0.0,0.0,6.58,0.0,0.0
2016-03-02 00:00:00,7.4,80,4.1,0.0,0.0,6.63,0.0,0.0
2016-03-02 01:00:00,7.0,80,3.8,0.0,0.0,6.74,0.0,0.0
2016-03-02 02:00:00,6.5,79,3.1,0.3,0.0,6.85,0.0,0.0
2016-03-02 03:00:00,5.5,81,2.6,0.4,0.0,6.3,0.0,0.0
2016-03-02 04:00:00,4.8,82,2.0,0.0,0.0,5.95,0.0,0.0
2016-03-02 05:00:00,3.8,81,0.8,0.0,0.0,6.45,0.0,0.0
2016-03-02 06:00:00,3.3,79,0.0,0.0,0.0,7.09,0.0,0.0
2016-03-02 07:00:00,3.0,80,-0.1,0.0,0.0,7.17,1.0,0.0036
2016-03-02 08:00:00,3.7,78,0.2,0.0,0.0,7.61,71.0,0.2556
2016-03-02 09:00:00,5.1,75,1.0,0.0,0.0,6.99,214.0,0.7704
2016-03-02 10:00:00,6.5,68,1.0,0.0,0.0,9.3,345.0,1.242
2016-03-02 11:00:00,7.1,66,1.2,0.0,0.0,8.15,349.0,1.2564
2016-03-02 12:00:00,5.6,75,1.4,0.4,0.0,8.6,252.0,0.9072
2016-03-02 13:00:00,5.4,71,0.6,0.9,0.21,9.43,305.0,1.0979999999999999
2016-03-02 14:00:00,5.1,82,2.3,0.6,0.07,10.02,239.0,0.8603999999999999
2016-03-02 15:00:00,5.7,78,2.1,0.1,0.0,10.22,214.0,0.7704
2016-03-02 16:00:00,6.0,74,1.6,0.2,0.0,9.42,233.0,0.8388
2016-03-02 17:00:00,5.4,72,0.7,0.0,0.0,7.69,105.0,0.378
2016-03-02 18:00:00,4.8,73,0.3,0.0,0.0,6.28,15.0,0.054
2016-03-02 19:00:00,4.4,76,0.6,0.0,0.0,5.84,0.0,0.0
2016-03-02 20:00:00,3.7,81,0.7,0.6,0.0,5.8,0.0,0.0
2016-03-02 21:00:00,3.8,84,1.3,0.6,0.0,6.53,0.0,0.0
2016-03-02 22:00:00,4.7,81,1.7,0.0,0.0,6.77,0.0,0.0
2016-03-02 23:00:00,4.7,79,1.5,0.0,0.0,6.81,0.0,0.0
2016-03-03 00:00:00,5.1,78,1.5,0.0,0.0,7.6,0.0,0.0
2016-03-03 01:00:00,5.2,77,1.5,0.0,0.0,8.44,0.0,0.0
2016-03-03 02:00:00,4.8,81,1.7,0.1,0.0,8.9,0.0,0.0
2016-03-03 03:00:00,4.4,82,1.7,0.1,0.0,9.06,0.0,0.0
2016-03-03 04:00:00,4.1,81,1.2,0.1,0.0,8.77,0.0,0.0
2016-03-03 05:00:00,3.8,82,1.0,0.0,0.0,8.08,0.0,0.0
2016-03-03 06:00:00,3.4,84,1.0,0.0,0.0,7.1,0.0,0.0
2016-03-03 07:00:00,3.7,81,0.8,0.0,0.0,6.19,1.0,0.0036
2016-03-03 08:00:00,3.9,81,0.9,0.0,0.0,5.12,44.0,0.15839999999999999
2016-03-03 09:00:00,4.4,77,0.7,0.0,0.0,5.33,174.0,0.6264
2016-03-03 10:00:00,5.3,69,0.0,0.0,0.0,4.25,326.0,1.1736
2016-03-03 11:00:00,6.3,61,-0.6,0.0,0.0,3.58,386.0,1.3896
2016-03-03 12:00:00,7.0,56,-1.1,0.0,0.0,3.59,373.0,1.3428
2016-03-03 13:00:00,7.6,52,-1.5,0.0,0.0,3.91,362.0,1.3032
2016-03-03 14:00:00,8.1,50,-1.6,0.0,0.0,4.06,327.0,1.1772
2016-03-03 15:00:00,8.2,52,-1.0,0.0,0.0,3.55,244.0,0.8784
2016-03-03 16:00:00,8.0,57,-0.0,0.0,0.0,3.8,121.0,0.4356
2016-03-03 17:00:00,7.3,64,0.9,0.0,0.0,3.04,68.0,0.2448
2016-03-03 18:00:00,6.4,70,1.3,0.0,0.0,2.82,9.0,0.0324
2016-03-03 19:00:00,5.5,84,3.0,0.0,0.0,3.44,0.0,0.0
2016-03-03 20:00:00,5.3,85,3.0,0.0,0.0,4.2,0.0,0.0
2016-03-03 21:00:00,5.1,86,2.9,0.0,0.0,4.73,0.0,0.0
2016-03-03 22:00:00,5.3,85,3.0,0.3,0.0,5.49,0.0,0.0
2016-03-03 23:00:00,5.3,88,3.5,1.2,0.0,6.51,0.0,0.0
2016-03-04 00:00:00,5.3,93,4.2,1.7,0.0,7.06,0.0,0.0
2016-03-04 01:00:00,5.6,96,5.0,1.7,0.0,6.28,0.0,0.0
2016-03-04 02:00:00,6.1,92,4.9,0.5,0.0,6.32,0.0,0.0
2016-03-04 03:00:00,5.2,91,3.8,0.2,0.0,5.81,0.0,0.0
2016-03-04 04:00:00,3.8,89,2.1,0.0,0.0,5.45,0.0,0.0
2016-03-04 05:00:00,2.8,85,0.6,0.0,0.0,4.75,0.0,0.0
2016-03-04 06:00:00,2.0,85,-0.2,0.0,0.0,4.43,0.0,0.0
2016-03-04 07:00:00,1.1,89,-0.6,0.0,0.0,3.91,2.0,0.0072
2016-03-04 08:00:00,1.4,89,-0.2,0.0,0.0,3.98,85.0,0.306
2016-03-04 09:00:00,2.7,82,-0.0,0.0,0.0,4.18,228.0,0.8208
2016-03-04 10:00:00,4.0,74,-0.1,0.0,0.0,3.74,365.0,1.314
2016-03-04 11:00:00,5.2,65,-0.8,0.0,0.0,3.86,451.0,1.6236
2016-03-04 12:00:00,6.2,55,-2.3,0.0,0.0,4.22,496.0,1.7855999999999999
2016-03-04 13:00:00,6.7,50,-3.0,0.0,0.0,4.39,476.0,1.7136
2016-03-04 14:00:00,6.9,48,-3.4,0.0,0.0,3.98,424.0,1.5264
2016-03-04 15:00:00,7.0,48,-3.4,0.0,0.0,3.44,369.0,1.3284
2016-03-04 16:00:00,6.5,51,-3.0,0.0,0.0,3.75,272.0,0.9792
2016-03-04 17:00:00,5.6,58,-2.1,0.0,0.0,1.92,135.0,0.486
2016-03-04 18:00:00,4.2,66,-1.6,0.0,0.0,1.66,21.0,0.0756
2016-03-04 19:00:00,3.0,83,0.4,0.0,0.0,1.58,0.0,0.0
2016-03-04 20:00:00,1.7,90,0.2,0.0,0.0,2.2,0.0,0.0
2016-03-04 21:00:00,1.6,88,-0.2,0.0,0.0,1.58,0.0,0.0
2016-03-04 22:00:00,1.5,89,-0.1,0.0,0.0,0.58,0.0,0.0
2016-03-04 23:00:00,0.9,93,-0.1,0.0,0.0,1.56,0.0,0.0
2016-03-05 00:00:00,-0.9,97,-1.3,0.0,0.0,1.56,0.0,0.0
2016-03-05 01:00:00,-1.9,98,-2.2,0.0,0.0,1.71,0.0,0.0
2016-03-05 02:00:00,-2.7,97,-3.1,0.0,0.0,2.3,0.0,0.0
2016-03-05 03:00:00,-2.8,96,-3.4,0.0,0.0,2.3,0.0,0.0
2016-03-05 04:00:00,-3.0,95,-3.8,0.0,0.0,2.52,0.0,0.0
2016-03-05 05:00:00,-3.0,94,-3.9,0.0,0.0,2.77,0.0,0.0
2016-03-05 06:00:00,-2.9,93,-3.9,0.0,0.0,3.16,0.0,0.0
2016-03-05 07:00:00,-1.4,93,-2.4,0.0,0.0,3.49,3.0,0.0108
2016-03-05 08:00:00,0.8,93,-0.1,0.0,0.0,3.89,67.0,0.2412
2016-03-05 09:00:00,2.5,88,0.7,0.0,0.0,5.06,164.0,0.5904
2016-03-05 10:00:00,3.8,83,1.1,0.1,0.0,4.9,202.0,0.7272
2016-03-05 11:00:00,4.7,82,1.8,0.5,0.14,5.07,275.0,0.99
2016-03-05 12:00:00,5.7,83,3.1,0.2,0.0,5.28,306.0,1.1016
2016-03-05 13:00:00,6.6,81,3.7,0.2,0.0,6.04,342.0,1.2312
2016-03-05 14:00:00,7.1,77,3.4,0.2,0.0,6.32,350.0,1.26
2016-03-05 15:00:00,6.8,75,2.7,0.3,0.0,6.44,285.0,1.026
2016-03-05 16:00:00,6.0,74,1.6,0.4,0.0,6.45,230.0,0.828
2016-03-05 17:00:00,5.2,73,0.7,0.0,0.0,6.07,90.0,0.324
2016-03-05 18:00:00,4.5,75,0.5,0.0,0.0,5.14,17.0,0.0612
2016-03-05 19:00:00,3.3,86,1.2,0.0,0.0,5.05,0.0,0.0
2016-03-05 20:00:00,2.9,86,0.9,0.0,0.0,4.84,0.0,0.0
2016-03-05 21:00:00,2.6,86,0.6,0.0,0.0,4.8,0.0,0.0
2016-03-05 22:00:00,2.3,86,0.2,0.0,0.0,4.8,0.0,0.0
2016-03-05 23:00:00,2.0,87,-0.0,0.0,0.0,4.91,0.0,0.0
2016-03-06 00:00:00,1.9,87,-0.1,0.0,0.0,4.78,0.0,0.0
2016-03-06 01:00:00,1.5,88,-0.3,0.0,0.0,4.76,0.0,0.0
2016-03-06 02:00:00,1.0,90,-0.4,0.0,0.0,4.76,0.0,0.0
2016-03-06 03:00:00,0.7,91,-0.6,0.0,0.0,4.53,0.0,0.0
2016-03-06 04:00:00,0.3,92,-0.9,0.0,0.0,4.39,0.0,0.0
2016-03-06 05:00:00,-0.1,92,-1.2,0.0,0.0,4.19,0.0,0.0
2016-03-06 06:00:00,-0.5,93,-1.4,0.0,0.0,4.19,0.0,0.0
2016-03-06 07:00:00,-0.4,94,-1.3,0.0,0.0,4.05,4.0,0.0144
2016-03-06 08:00:00,0.8,93,-0.2,0.0,0.0,4.05,74.0,0.26639999999999997
2016-03-06 09:00:00,2.3,84,-0.2,0.0,0.0,5.28,176.0,0.6335999999999999
2016-03-06 10:00:00,3.2,80,0.0,0.0,0.0,4.53,224.0,0.8064
2016-03-06 11:00:00,4.1,75,0.1,0.0,0.0,3.91,297.0,1.0692
2016-03-06 12:00:00,4.9,71,0.1,0.0,0.0,3.33,301.0,1.0836
2016-03-06 13:00:00,5.8,71,0.9,0.0,0.0,3.0,455.0,1.638
2016-03-06 14:00:00,6.3,71,1.4,0.0,0.0,2.77,448.0,1.6128
2016-03-06 15:00:00,6.4,71,1.5,0.0,0.0,2.73,366.0,1.3175999999999999
2016-03-06 16:00:00,5.1,76,1.2,0.4,0.0,2.82,256.0,0.9216
2016-03-06 17:00:00,4.0,81,1.0,0.2,0.0,2.64,120.0,0.432
2016-03-06 18:00:00,3.0,85,0.6,0.0,0.0,1.86,22.0,0.07919999999999999
2016-03-06 19:00:00,2.5,84,0.2,0.0,0.0,1.78,0.0,0.0
2016-03-06 20:00:00,1.4,90,-0.1,0.0,0.0,1.98,0.0,0.0
2016-03-06 21:00:00,0.2,91,-1.1,0.0,0.0,1.98,0.0,0.0
2016-03-06 22:00:00,-0.7,92,-1.8,0.0,0.0,2.14,0.0,0.0
2016-03-06 23:00:00,-1.3,92,-2.4,0.0,0.0,2.47,0.0,0.0
2016-03-07 00:00:00,-1.6,93,-2.7,0.0,0.0,2.59,0.0,0.0
2016-03-07 01:00:00,-1.8,93,-2.8,0.0,0.0,2.82,0.0,0.0
2016-03-07 02:00:00,-1.6,93,-2.6,0.0,0.0,3.0,0.0,0.0
2016-03-07 03:00:00,-1.5,93,-2.5,0.0,0.0,3.28,0.0,0.0
2016-03-07 04:00:00,-1.8,93,-2.8,0.0,0.0,3.55,0.0,0.0
2016-03-07 05:00:00,-2.0,92,-3.1,0.0,0.0,3.61,0.0,0.0
2016-03-07 06:00:00,-2.1,90,-3.5,0.0,0.0,3.66,0.0,0.0
2016-03-07 07:00:00,-1.9,90,-3.3,0.0,0.0,4.02,5.0,0.018
2016-03-07 08:00:00,-0.4,89,-2.0,0.0,0.0,4.22,98.0,0.3528
2016-03-07 09:00:00,1.3,81,-1.5,0.0,0.0,4.99,245.0,0.882
2016-03-07 10:00:00,3.1,72,-1.6,0.0,0.0,4.92,383.0,1.3788
2016-03-07 11:00:00,4.6,64,-1.7,0.0,0.0,6.04,442.0,1.5912
2016-03-07 12:00:00,5.4,60,-1.7,0.0,0.0,6.01,485.0,1.746
2016-03-07 13:00:00,5.9,57,-2.0,0.0,0.0,6.02,407.0,1.4652
2016-03-07 14:00:00,6.2,55,-2.1,0.0,0.0,6.14,392.0,1.4112
2016-03-07 15:00:00,6.2,57,-1.8,0.1,0.0,5.76,326.0,1.1736
2016-03-07 16:00:00,5.9,63,-0.6,0.0,0.0,5.44,248.0,0.8927999999999999
2016-03-07 17:00:00,5.4,66,-0.5,0.0,0.0,4.31,134.0,0.4824
2016-03-07 18:00:00,4.3,69,-1.0,0.0,0.0,3.49,27.0,0.0972
2016-03-07 19:00:00,3.3,69,-1.8,0.0,0.0,3.14,0.0,0.0
2016-03-07 20:00:00,2.2,75,-1.7,0.0,0.0,2.73,0.0,0.0
2016-03-07 21:00:00,0.9,82,-1.8,0.0,0.0,2.33,0.0,0.0
2016-03-07 22:00:00,-0.3,86,-2.4,0.0,0.0,1.98,0.0,0.0
2016-03-07 23:00:00,-1.3,87,-3.1,0.0,0.0,2.13,0.0,0.0
2016-03-08 00:00:00,-1.9,88,-3.7,0.0,0.0,2.0,0.0,0.0
2016-03-08 01:00:00,-2.4,88,-4.1,0.0,0.0,2.01,0.0,0.0
2016-03-08 02:00:00,-2.8,88,-4.5,0.0,0.0,1.9,0.0,0.0
2016-03-08 03:00:00,-3.1,88,-4.8,0.0,0.0,1.87,0.0,0.0
2016-03-08 04:00:00,-3.3,88,-5.0,0.0,0.0,1.7,0.0,0.0
2016-03-08 05:00:00,-3.4,87,-5.2,0.0,0.0,1.82,0.0,0.0
2016-03-08 06:00:00,-3.5,88,-5.3,0.0,0.0,1.71,0.0,0.0
2016-03-08 07:00:00,-2.2,87,-4.0,0.0,0.0,1.77,5.0,0.018
2016-03-08 08:00:00,-0.4,85,-2.5,0.0,0.0,2.33,54.0,0.1944
2016-03-08 09:00:00,2.0,75,-1.9,0.0,0.0,2.58,115.0,0.414
2016-03-08 10:00:00,4.2,67,-1.4,0.0,0.0,3.05,216.0,0.7776
2016-03-08 11:00:00,4.8,68,-0.6,0.0,0.0,3.82,188.0,0.6768
2016-03-08 12:00:00,6.0,70,1.0,0.0,0.0,4.6,306.0,1.1016
2016-03-08 13:00:00,6.8,69,1.6,0.0,0.0,4.78,288.0,1.0368
2016-03-08 14:00:00,7.5,65,1.4,0.0,0.0,5.02,239.0,0.8603999999999999
2016-03-08 15:00:00,7.3,69,2.0,0.0,0.0,4.68,123.0,0.44279999999999997
2016-03-08 16:00:00,6.7,76,2.7,0.0,0.0,4.42,41.0,0.1476
2016-03-08 17:00:00,6.4,79,2.9,0.0,0.0,4.39,28.0,0.1008
2016-03-08 18:00:00,6.0,82,3.1,0.0,0.0,4.49,6.0,0.0216
2016-03-08 19:00:00,6.0,85,3.6,0.0,0.0,5.04,0.0,0.0
2016-03-08 20:00:00,6.2,87,4.2,0.0,0.0,5.43,0.0,0.0
2016-03-08 21:00:00,6.4,90,4.8,0.0,0.0,5.82,0.0,0.0
2016-03-08 22:00:00,6.6,91,5.2,0.0,0.0,6.0,0.0,0.0
2016-03-08 23:00:00,6.7,93,5.6,0.1,0.0,6.3,0.0,0.0
2016-03-09 00:00:00,6.9,94,6.0,0.1,0.0,6.0,0.0,0.0
2016-03-09 01:00:00,6.9,95,6.2,0.3,0.0,6.14,0.0,0.0
2016-03-09 02:00:00,6.8,97,6.3,0.5,0.0,6.21,0.0,0.0
2016-03-09 03:00:00,6.8,95,6.1,1.2,0.0,6.8,0.0,0.0
2016-03-09 04:00:00,6.9,95,6.2,2.3,0.0,7.88,0.0,0.0
2016-03-09 05:00:00,6.9,94,6.0,3.2,0.0,8.72,0.0,0.0
2016-03-09 06:00:00,6.9,93,5.9,3.1,0.0,8.85,0.0,0.0
2016-03-09 07:00:00,6.8,95,6.0,1.7,0.0,8.15,1.0,0.0036
2016-03-09 08:00:00,7.1,95,6.3,0.5,0.0,7.06,10.0,0.036
2016-03-09 09:00:00,7.3,95,6.6,0.0,0.0,5.69,31.0,0.11159999999999999
2016-03-09 10:00:00,7.6,94,6.6,0.0,0.0,3.42,69.0,0.24839999999999998
2016-03-09 11:00:00,8.0,90,6.5,0.0,0.0,2.13,113.0,0.4068
2016-03-09 12:00:00,8.7,81,5.7,0.1,0.0,2.32,231.0,0.8316
2016-03-09 13:00:00,9.2,75,5.0,0.1,0.0,2.51,264.0,0.9504
2016-03-09 14:00:00,9.2,75,5.0,0.1,0.0,3.04,212.0,0.7632
2016-03-09 15:00:00,8.8,78,5.2,0.4,0.0,3.41,201.0,0.7236
2016-03-09 16:00:00,8.1,83,5.4,0.4,0.0,3.91,162.0,0.5831999999999999
2016-03-09 17:00:00,7.2,87,5.1,0.2,0.0,4.03,65.0,0.23399999999999999
2016-03-09 18:00:00,6.3,89,4.7,0.2,0.0,3.48,11.0,0.039599999999999996
2016-03-09 19:00:00,6.2,89,4.5,0.1,0.0,3.49,0.0,0.0
2016-03-09 20:00:00,6.0,89,4.3,0.1,0.0,3.57,0.0,0.0
2016-03-09 21:00:00,5.8,89,4.1,0.0,0.0,3.49,0.0,0.0
2016-03-09 22:00:00,5.7,89,4.0,0.0,0.0,3.18,0.0,0.0
2016-03-09 23:00:00,5.6,90,4.1,0.0,0.0,3.13,0.0,0.0
2016-03-10 00:00:00,5.5,91,4.1,0.0,0.0,3.21,0.0,0.0
2016-03-10 01:00:00,5.2,93,4.2,0.0,0.0,3.11,0.0,0.0
2016-03-10 02:00:00,5.0,94,4.1,0.0,0.0,3.0,0.0,0.0
2016-03-10 03:00:00,4.8,95,4.1,0.0,0.0,2.81,0.0,0.0
2016-03-10 04:00:00,4.6,96,4.0,0.0,0.0,2.72,0.0,0.0
2016-03-10 05:00:00,4.5,97,4.0,0.0,0.0,2.77,0.0,0.0
2016-03-10 06:00:00,4.3,97,3.9,0.0,0.0,2.63,0.0,0.0
2016-03-10 07:00:00,5.1,95,4.4,0.0,0.0,2.77,3.0,0.0108
2016-03-10 08:00:00,5.5,92,4.3,0.0,0.0,3.52,23.0,0.0828
2016-03-10 09:00:00,6.0,88,4.1,0.0,0.0,3.72,49.0,0.1764
2016-03-10 10:00:00,6.8,83,4.0,0.1,0.0,2.82,96.0,0.3456
2016-03-10 11:00:00,7.9,74,3.5,0.2,0.0,2.55,199.0,0.7163999999999999
2016-03-10 12:00:00,8.6,68,3.1,0.1,0.0,2.6,255.0,0.9179999999999999
2016-03-10 13:00:00,8.9,66,2.9,0.0,0.0,2.25,197.0,0.7091999999999999
2016-03-10 14:00:00,9.4,61,2.3,0.0,0.0,2.44,233.0,0.8388
2016-03-10 15:00:00,9.3,61,2.2,0.0,0.0,2.11,173.0,0.6228
2016-03-10 16:00:00,9.3,61,2.1,0.0,0.0,2.1,167.0,0.6012
2016-03-10 17:00:00,8.6,66,2.7,0.0,0.0,1.91,87.0,0.3132
2016-03-10 18:00:00,7.3,73,2.8,0.0,0.0,1.8,25.0,0.09
2016-03-10 19:00:00,5.7,88,3.8,0.0,0.0,1.62,0.0,0.0
2016-03-10 20:00:00,4.5,92,3.3,0.0,0.0,1.36,0.0,0.0
2016-03-10 21:00:00,3.6,94,2.7,0.0,0.0,1.78,0.0,0.0
2016-03-10 22:00:00,2.7,96,2.1,0.0,0.0,1.8,0.0,0.0
2016-03-10 23:00:00,1.8,98,1.5,0.0,0.0,2.11,0.0,0.0
2016-03-11 00:00:00,1.3,98,1.1,0.0,0.0,2.25,0.0,0.0
2016-03-11 01:00:00,0.5,99,0.4,0.0,0.0,2.12,0.0,0.0
2016-03-11 02:00:00,-0.2,99,-0.3,0.0,0.0,2.25,0.0,0.0
2016-03-11 03:00:00,-0.9,100,-0.9,0.0,0.0,1.8,0.0,0.0
2016-03-11 04:00:00,-1.4,99,-1.5,0.0,0.0,1.77,0.0,0.0
2016-03-11 05:00:00,-1.7,99,-1.8,0.0,0.0,1.53,0.0,0.0
2016-03-11 06:00:00,-1.8,99,-2.0,0.0,0.0,1.55,0.0,0.0
2016-03-11 07:00:00,-0.4,99,-0.6,0.0,0.0,1.57,6.0,0.0216
2016-03-11 08:00:00,0.8,99,0.6,0.0,0.0,1.77,64.0,0.2304
2016-03-11 09:00:00,2.0,98,1.8,0.0,0.0,1.84,132.0,0.4752
2016-03-11 10:00:00,3.3,98,3.0,0.0,0.0,1.42,206.0,0.7415999999999999
2016-03-11 11:00:00,4.6,91,3.2,0.0,0.0,1.49,241.0,0.8675999999999999
2016-03-11 12:00:00,5.6,85,3.4,0.0,0.0,1.66,306.0,1.1016
2016-03-11 13:00:00,6.5,80,3.3,0.0,0.0,1.48,349.0,1.2564
2016-03-11 14:00:00,7.0,76,3.1,0.0,0.0,1.56,334.0,1.2024
2016-03-11 15:00:00,7.3,73,2.8,0.0,0.0,1.84,299.0,1.0764
2016-03-11 16:00:00,7.3,71,2.4,0.0,0.0,2.06,211.0,0.7595999999999999
2016-03-11 17:00:00,7.0,70,2.0,0.0,0.0,1.48,123.0,0.44279999999999997
2016-03-11 18:00:00,6.2,75,2.1,0.0,0.0,2.21,31.0,0.11159999999999999
2016-03-11 19:00:00,4.8,85,2.6,0.0,0.0,2.12,0.0,0.0
2016-03-11 20:00:00,3.0,93,2.0,0.0,0.0,2.2,0.0,0.0
2016-03-11 21:00:00,1.7,97,1.3,0.0,0.0,2.11,0.0,0.0
2016-03-11 22:00:00,0.9,99,0.8,0.0,0.0,2.16,0.0,0.0
2016-03-11 23:00:00,0.6,100,0.5,0.0,0.0,2.18,0.0,0.0
2016-03-12 00:00:00,0.6,100,0.6,0.0,0.0,1.65,0.0,0.0
2016-03-12 01:00:00,1.1,100,1.0,0.0,0.0,1.2,0.0,0.0
2016-03-12 02:00:00,1.6,100,1.6,0.0,0.0,0.85,0.0,0.0
2016-03-12 03:00:00,1.5,100,1.5,0.0,0.0,1.0,0.0,0.0
2016-03-12 04:00:00,1.7,100,1.7,0.0,0.0,1.17,0.0,0.0
2016-03-12 05:00:00,1.8,100,1.7,0.0,0.0,1.0,0.0,0.0
2016-03-12 06:00:00,1.7,100,1.7,0.0,0.0,1.0,0.0,0.0
2016-03-12 07:00:00,2.6,100,2.5,0.0,0.0,1.03,6.0,0.0216
2016-03-12 08:00:00,3.1,99,2.9,0.0,0.0,1.12,46.0,0.1656
2016-03-12 09:00:00,3.9,96,3.3,0.0,0.0,1.3,117.0,0.42119999999999996
2016-03-12 10:00:00,5.0,91,3.7,0.0,0.0,0.82,230.0,0.828
2016-03-12 11:00:00,6.3,86,4.2,0.0,0.0,1.04,326.0,1.1736
2016-03-12 12:00:00,8.0,79,4.5,0.0,0.0,1.12,464.0,1.6703999999999999
2016-03-12 13:00:00,9.0,70,3.7,0.0,0.0,0.86,461.0,1.6596
2016-03-12 14:00:00,9.4,65,3.1,0.0,0.0,0.41,423.0,1.5228
2016-03-12 15:00:00,9.6,63,2.9,0.0,0.0,0.45,334.0,1.2024
2016-03-12 16:00:00,9.5,62,2.5,0.0,0.0,0.73,181.0,0.6516
2016-03-12 17:00:00,9.2,63,2.5,0.0,0.0,0.86,84.0,0.3024
2016-03-12 18:00:00,8.2,70,3.1,0.0,0.0,1.46,25.0,0.09
2016-03-12 19:00:00,7.0,79,3.6,0.0,0.0,1.81,0.0,0.0
2016-03-12 20:00:00,5.8,86,3.6,0.0,0.0,1.9,0.0,0.0
2016-03-12 21:00:00,4.8,91,3.5,0.0,0.0,1.81,0.0,0.0
2016-03-12 22:00:00,4.3,94,3.4,0.0,0.0,1.53,0.0,0.0
2016-03-12 23:00:00,3.2,96,2.6,0.0,0.0,1.63,0.0,0.0
2016-03-13 00:00:00,2.6,97,2.1,0.0,0.0,1.7,0.0,0.0
2016-03-13 01:00:00,1.9,98,1.6,0.0,0.0,1.63,0.0,0.0
2016-03-13 02:00:00,1.2,98,0.9,0.0,0.0,1.75,0.0,0.0
2016-03-13 03:00:00,0.5,99,0.4,0.0,0.0,2.0,0.0,0.0
2016-03-13 04:00:00,-0.1,99,-0.3,0.0,0.0,2.2,0.0,0.0
2016-03-13 05:00:00,-0.4,98,-0.7,0.0,0.0,2.4,0.0,0.0
2016-03-13 06:00:00,-0.6,98,-0.9,0.0,0.0,2.56,0.0,0.0
2016-03-13 07:00:00,0.5,98,0.3,0.0,0.0,3.06,12.0,0.0432
2016-03-13 08:00:00,2.9,94,2.1,0.0,0.0,3.26,82.0,0.2952
2016-03-13 09:00:00,5.0,81,2.0,0.0,0.0,4.66,194.0,0.6984
2016-03-13 10:00:00,5.9,73,1.5,0.0,0.0,4.46,305.0,1.0979999999999999
2016-03-13 11:00:00,6.7,68,1.3,0.0,0.0,4.39,406.0,1.4616
2016-03-13 12:00:00,7.3,66,1.4,0.0,0.0,4.57,488.0,1.7568
2016-03-13 13:00:00,7.6,65,1.4,0.0,0.0,4.66,518.0,1.8648
2016-03-13 14:00:00,7.8,64,1.4,0.0,0.0,4.91,528.0,1.9008
2016-03-13 15:00:00,7.6,65,1.3,0.0,0.0,4.99,453.0,1.6308
2016-03-13 16:00:00,6.9,67,1.1,0.0,0.0,4.94,331.0,1.1916
2016-03-13 17:00:00,6.0,70,0.9,0.0,0.0,4.3,183.0,0.6587999999999999
2016-03-13 18:00:00,4.6,75,0.6,0.0,0.0,4.25,44.0,0.15839999999999999
2016-03-13 19:00:00,3.9,80,0.8,0.0,0.0,4.3,0.0,0.0
2016-03-13 20:00:00,3.2,84,0.7,0.0,0.0,4.33,0.0,0.0
2016-03-13 21:00:00,2.8,86,0.7,0.0,0.0,4.33,0.0,0.0
2016-03-13 22:00:00,2.6,89,1.0,0.0,0.0,4.14,0.0,0.0
2016-03-13 23:00:00,2.7,90,1.2,0.0,0.0,4.26,0.0,0.0
2016-03-14 00:00:00,3.3,89,1.6,0.0,0.0,4.33,0.0,0.0
2016-03-14 01:00:00,3.6,89,2.0,0.0,0.0,4.53,0.0,0.0
2016-03-14 02:00:00,3.3,92,2.1,0.0,0.0,4.53,0.0,0.0
2016-03-14 03:00:00,3.1,93,2.1,0.0,0.0,4.6,0.0,0.0
2016-03-14 04:00:00,3.0,93,2.0,0.0,0.0,4.67,0.0,0.0
2016-03-14 05:00:00,3.1,92,1.9,0.0,0.0,4.81,0.0,0.0
2016-03-14 06:00:00,3.2,90,1.7,0.0,0.0,4.97,0.0,0.0
2016-03-14 07:00:00,3.6,88,1.8,0.0,0.0,5.28,10.0,0.036
2016-03-14 08:00:00,3.7,83,1.0,0.0,0.0,6.31,60.0,0.216
2016-03-14 09:00:00,4.2,78,0.6,0.0,0.0,6.35,143.0,0.5148
2016-03-14 10:00:00,4.9,72,0.3,0.0,0.0,5.82,238.0,0.8568
2016-03-14 11:00:00,6.0,67,0.3,0.0,0.0,6.09,399.0,1.4364
2016-03-14 12:00:00,6.7,64,0.4,0.0,0.0,6.36,487.0,1.7531999999999999
2016-03-14 13:00:00,7.5,62,0.7,0.0,0.0,6.5,586.0,2.1096
2016-03-14 14:00:00,7.8,60,0.5,0.0,0.0,6.55,540.0,1.944
2016-03-14 15:00:00,7.7,59,0.1,0.0,0.0,6.77,467.0,1.6812
2016-03-14 16:00:00,7.1,61,0.0,0.0,0.0,6.55,344.0,1.2384
2016-03-14 17:00:00,6.2,65,0.2,0.0,0.0,6.14,194.0,0.6984
2016-03-14 18:00:00,4.9,71,0.1,0.0,0.0,5.91,50.0,0.18
2016-03-14 19:00:00,4.6,71,-0.3,0.0,0.0,5.72,0.0,0.0
2016-03-14 20:00:00,4.0,75,-0.0,0.0,0.0,5.5,0.0,0.0
2016-03-14 21:00:00,3.5,80,0.4,0.0,0.0,4.97,0.0,0.0
2016-03-14 22:00:00,3.2,84,0.8,0.0,0.0,4.92,0.0,0.0
2016-03-14 23:00:00,2.8,88,1.0,0.0,0.0,4.43,0.0,0.0
2016-03-15 00:00:00,2.6,90,1.1,0.0,0.0,4.02,0.0,0.0
2016-03-15 01:00:00,2.3,92,1.1,0.0,0.0,3.7,0.0,0.0
2016-03-15 02:00:00,1.9,93,1.0,0.0,0.0,3.47,0.0,0.0
2016-03-15 03:00:00,1.6,95,0.9,0.0,0.0,3.41,0.0,0.0
2016-03-15 04:00:00,1.6,95,0.9,0.0,0.0,3.22,0.0,0.0
2016-03-15 05:00:00,1.3,95,0.7,0.0,0.0,3.22,0.0,0.0
2016-03-15 06:00:00,1.9,95,1.2,0.0,0.0,3.33,0.0,0.0
2016-03-15 07:00:00,3.4,94,2.6,0.0,0.0,3.5,12.0,0.0432
2016-03-15 08:00:00,4.8,93,3.7,0.0,0.0,3.74,65.0,0.23399999999999999
2016-03-15 09:00:00,6.3,88,4.4,0.0,0.0,3.86,145.0,0.522
2016-03-15 10:00:00,7.1,86,4.9,0.0,0.0,4.06,192.0,0.6912
2016-03-15 11:00:00,7.9,84,5.3,0.0,0.0,4.28,243.0,0.8748
2016-03-15 12:00:00,8.6,82,5.7,0.0,0.0,4.36,305.0,1.0979999999999999
2016-03-15 13:00:00,8.9,81,5.9,0.0,0.0,4.55,288.0,1.0368
2016-03-15 14:00:00,8.8,81,5.8,0.0,0.0,4.83,201.0,0.7236
2016-03-15 15:00:00,8.6,82,5.7,0.0,0.0,4.91,124.0,0.44639999999999996
2016-03-15 16:00:00,8.6,81,5.4,0.0,0.0,5.05,111.0,0.3996
2016-03-15 17:00:00,8.1,82,5.3,0.0,0.0,5.05,49.0,0.1764
2016-03-15 18:00:00,7.6,84,5.0,0.0,0.0,4.61,16.0,0.0576
2016-03-15 19:00:00,6.6,86,4.4,0.0,0.0,5.06,0.0,0.0
2016-03-15 20:00:00,6.2,88,4.3,0.0,0.0,5.25,0.0,0.0
2016-03-15 21:00:00,6.1,89,4.4,0.0,0.0,5.25,0.0,0.0
2016-03-15 22:00:00,5.8,92,4.6,0.0,0.0,5.11,0.0,0.0
2016-03-15 23:00:00,5.7,93,4.6,0.0,0.0,5.16,0.0,0.0
2016-03-16 00:00:00,5.5,94,4.6,0.0,0.0,4.92,0.0,0.0
2016-03-16 01:00:00,5.7,93,4.7,0.0,0.0,4.47,0.0,0.0
2016-03-16 02:00:00,5.7,94,4.8,0.0,0.0,4.39,0.0,0.0
2016-03-16 03:00:00,5.9,93,4.9,0.0,0.0,4.21,0.0,0.0
2016-03-16 04:00:00,6.0,94,5.0,0.0,0.0,4.3,0.0,0.0
2016-03-16 05:00:00,6.0,94,5.1,0.0,0.0,4.44,0.0,0.0
2016-03-16 06:00:00,6.0,94,5.1,0.0,0.0,4.48,0.0,0.0
2016-03-16 07:00:00,6.1,90,4.6,0.0,0.0,4.95,7.0,0.0252
2016-03-16 08:00:00,6.0,86,3.9,0.0,0.0,5.32,48.0,0.1728
2016-03-16 09:00:00,6.4,76,2.5,0.0,0.0,5.54,100.0,0.36
2016-03-16 10:00:00,7.0,70,1.9,0.0,0.0,5.66,236.0,0.8496
2016-03-16 11:00:00,7.5,65,1.2,0.0,0.0,5.86,320.0,1.152
2016-03-16 12:00:00,7.4,64,1.0,0.0,0.0,6.1,285.0,1.026
2016-03-16 13:00:00,7.2,64,0.8,0.0,0.0,6.38,258.0,0.9288
2016-03-16 14:00:00,7.0,64,0.7,0.0,0.0,6.5,267.0,0.9611999999999999
2016-03-16 15:00:00,6.8,64,0.4,0.0,0.0,6.72,253.0,0.9107999999999999
2016-03-16 16:00:00,6.4,64,0.1,0.0,0.0,6.74,201.0,0.7236
2016-03-16 17:00:00,5.8,66,-0.1,0.0,0.0,6.83,96.0,0.3456
2016-03-16 18:00:00,5.5,67,-0.2,0.0,0.0,6.23,31.0,0.11159999999999999
2016-03-16 19:00:00,5.4,68,0.0,0.0,0.0,5.44,0.0,0.0
2016-03-16 20:00:00,5.2,72,0.5,0.0,0.0,5.08,0.0,0.0
2016-03-16 21:00:00,5.3,74,1.1,0.0,0.0,4.62,0.0,0.0
2016-03-16 22:00:00,5.3,76,1.3,0.0,0.0,4.67,0.0,0.0
2016-03-16 23:00:00,5.2,76,1.2,0.0,0.0,4.39,0.0,0.0
2016-03-17 00:00:00,4.8,77,1.1,0.0,0.0,4.11,0.0,0.0
2016-03-17 01:00:00,4.2,79,1.0,0.0,0.0,3.82,0.0,0.0
2016-03-17 02:00:00,3.3,85,1.0,0.0,0.0,3.68,0.0,0.0
2016-03-17 03:00:00,2.5,89,0.9,0.0,0.0,3.55,0.0,0.0
2016-03-17 04:00:00,2.0,91,0.7,0.0,0.0,3.56,0.0,0.0
2016-03-17 05:00:00,1.7,92,0.6,0.0,0.0,3.8,0.0,0.0
2016-03-17 06:00:00,1.4,94,0.5,0.0,0.0,3.84,0.0,0.0
2016-03-17 07:00:00,1.9,95,1.2,0.0,0.0,4.0,26.0,0.0936
2016-03-17 08:00:00,4.0,90,2.4,0.0,0.0,4.06,152.0,0.5472
2016-03-17 09:00:00,6.1,81,3.1,0.0,0.0,4.46,305.0,1.0979999999999999
2016-03-17 10:00:00,7.7,70,2.5,0.0,0.0,4.6,445.0,1.6019999999999999
2016-03-17 11:00:00,8.8,62,2.0,0.0,0.0,4.74,546.0,1.9656
2016-03-17 12:00:00,9.5,59,1.8,0.0,0.0,4.43,598.0,2.1528
2016-03-17 13:00:00,9.8,57,1.7,0.0,0.0,4.02,605.0,2.178
2016-03-17 14:00:00,10.0,56,1.6,0.0,0.0,3.81,551.0,1.9836
2016-03-17 15:00:00,10.0,55,1.2,0.0,0.0,3.72,469.0,1.6884
2016-03-17 16:00:00,9.5,56,1.2,0.0,0.0,3.83,333.0,1.1987999999999999
2016-03-17 17:00:00,8.9,60,1.4,0.0,0.0,3.19,166.0,0.5976
2016-03-17 18:00:00,7.9,64,1.5,0.0,0.0,2.33,45.0,0.162
2016-03-17 19:00:00,6.0,73,1.5,0.0,0.0,2.33,0.0,0.0
2016-03-17 20:00:00,4.7,81,1.7,0.0,0.0,2.62,0.0,0.0
2016-03-17 21:00:00,3.4,89,1.8,0.0,0.0,2.69,0.0,0.0
2016-03-17 22:00:00,2.3,93,1.4,0.0,0.0,2.26,0.0,0.0
2016-03-17 23:00:00,1.3,96,0.7,0.0,0.0,2.06,0.0,0.0
2016-03-18 00:00:00,0.6,97,0.2,0.0,0.0,1.97,0.0,0.0
2016-03-18 01:00:00,-0.2,98,-0.5,0.0,0.0,1.97,0.0,0.0
2016-03-18 02:00:00,0.1,97,-0.2,0.0,0.0,1.99,0.0,0.0
2016-03-18 03:00:00,-0.3,97,-0.7,0.0,0.0,2.16,0.0,0.0
2016-03-18 04:00:00,-0.1,97,-0.5,0.0,0.0,2.33,0.0,0.0
2016-03-18 05:00:00,0.5,96,-0.1,0.0,0.0,2.43,0.0,0.0
2016-03-18 06:00:00,0.5,96,-0.0,0.0,0.0,2.65,0.0,0.0
2016-03-18 07:00:00,2.0,93,1.0,0.0,0.0,3.06,14.0,0.0504
2016-03-18 08:00:00,3.0,89,1.4,0.0,0.0,3.99,70.0,0.252
2016-03-18 09:00:00,4.1,86,1.9,0.0,0.0,4.03,166.0,0.5976
2016-03-18 10:00:00,4.6,85,2.4,0.0,0.0,3.94,175.0,0.63
2016-03-18 11:00:00,5.4,83,2.8,0.0,0.0,3.94,207.0,0.7452
2016-03-18 12:00:00,6.0,82,3.2,0.0,0.0,3.98,193.0,0.6948
2016-03-18 13:00:00,6.5,81,3.6,0.0,0.0,3.98,184.0,0.6624
2016-03-18 14:00:00,7.2,79,3.8,0.0,0.0,4.02,226.0,0.8136
2016-03-18 15:00:00,7.6,77,3.8,0.0,0.0,4.2,177.0,0.6372
2016-03-18 16:00:00,7.4,77,3.6,0.0,0.0,4.43,104.0,0.3744
2016-03-18 17:00:00,7.1,77,3.4,0.0,0.0,4.7,67.0,0.2412
2016-03-18 18:00:00,6.5,79,3.2,0.0,0.0,4.02,17.0,0.0612
2016-03-18 19:00:00,5.7,81,2.6,0.0,0.0,4.07,0.0,0.0
2016-03-18 20:00:00,5.4,82,2.5,0.0,0.0,4.25,0.0,0.0
2016-03-18 21:00:00,5.3,82,2.5,0.0,0.0,4.43,0.0,0.0
2016-03-18 22:00:00,5.1,83,2.4,0.0,0.0,3.91,0.0,0.0
2016-03-18 23:00:00,4.9,84,2.4,0.0,0.0,3.81,0.0,0.0
2016-03-19 00:00:00,4.4,87,2.4,0.0,0.0,3.94,0.0,0.0
2016-03-19 01:00:00,4.2,88,2.4,0.0,0.0,3.86,0.0,0.0
2016-03-19 02:00:00,4.0,91,2.6,0.0,0.0,3.94,0.0,0.0
2016-03-19 03:00:00,4.2,90,2.7,0.0,0.0,3.94,0.0,0.0
2016-03-19 04:00:00,4.3,90,2.8,0.0,0.0,4.0,0.0,0.0
2016-03-19 05:00:00,4.2,90,2.7,0.0,0.0,3.86,0.0,0.0
2016-03-19 06:00:00,4.3,90,2.7,0.0,0.0,3.62,0.0,0.0
2016-03-19 07:00:00,4.6,89,3.0,0.0,0.0,3.8,14.0,0.0504
2016-03-19 08:00:00,5.5,79,2.1,0.0,0.0,5.52,113.0,0.4068
2016-03-19 09:00:00,5.9,76,2.0,0.0,0.0,5.61,123.0,0.44279999999999997
2016-03-19 10:00:00,6.6,72,2.0,0.0,0.0,5.24,187.0,0.6732
2016-03-19 11:00:00,7.1,70,1.9,0.0,0.0,4.96,194.0,0.6984
2016-03-19 12:00:00,7.3,70,2.1,0.0,0.0,5.03,212.0,0.7632
2016-03-19 13:00:00,7.7,68,2.2,0.0,0.0,5.04,276.0,0.9935999999999999
2016-03-19 14:00:00,7.8,68,2.2,0.0,0.0,5.12,212.0,0.7632
2016-03-19 15:00:00,7.8,67,2.1,0.0,0.0,5.06,200.0,0.72
2016-03-19 16:00:00,7.7,67,1.9,0.0,0.0,4.92,144.0,0.5184
2016-03-19 17:00:00,7.3,67,1.6,0.0,0.0,4.64,77.0,0.2772
2016-03-19 18:00:00,6.9,68,1.5,0.0,0.0,4.1,20.0,0.072
2016-03-19 19:00:00,6.0,74,1.6,0.0,0.0,4.17,0.0,0.0
2016-03-19 20:00:00,5.5,76,1.5,0.0,0.0,4.3,0.0,0.0
2016-03-19 21:00:00,4.8,79,1.5,0.0,0.0,4.13,0.0,0.0
2016-03-19 22:00:00,4.3,82,1.5,0.0,0.0,3.5,0.0,0.0
2016-03-19 23:00:00,4.0,84,1.5,0.0,0.0,3.58,0.0,0.0
2016-03-20 00:00:00,3.9,85,1.6,0.0,0.0,3.58,0.0,0.0
2016-03-20 01:00:00,3.7,87,1.7,0.0,0.0,3.31,0.0,0.0
2016-03-20 02:00:00,3.8,88,1.9,0.0,0.0,2.86,0.0,0.0
2016-03-20 03:00:00,3.6,90,2.1,0.0,0.0,2.53,0.0,0.0
2016-03-20 04:00:00,3.5,93,2.4,0.0,0.0,2.57,0.0,0.0
2016-03-20 05:00:00,3.7,94,2.7,0.0,0.0,2.96,0.0,0.0
2016-03-20 06:00:00,3.7,95,2.9,0.0,0.0,3.18,0.0,0.0
2016-03-20 07:00:00,4.1,91,2.7,0.0,0.0,3.28,13.0,0.0468
2016-03-20 08:00:00,4.8,86,2.7,0.0,0.0,3.93,58.0,0.20879999999999999
2016-03-20 09:00:00,6.0,75,1.9,0.0,0.0,4.31,165.0,0.594
2016-03-20 10:00:00,6.5,70,1.5,0.0,0.0,4.39,199.0,0.7163999999999999
2016-03-20 11:00:00,7.0,67,1.3,0.0,0.0,4.44,190.0,0.6839999999999999
2016-03-20 12:00:00,7.6,65,1.4,0.0,0.0,4.42,214.0,0.7704
2016-03-20 13:00:00,8.2,63,1.6,0.0,0.0,4.33,228.0,0.8208
2016-03-20 14:00:00,8.6,63,1.9,0.0,0.0,4.19,209.0,0.7524
2016-03-20 15:00:00,9.0,62,2.0,0.0,0.0,3.92,193.0,0.6948
2016-03-20 16:00:00,8.9,64,2.4,0.0,0.0,2.95,138.0,0.49679999999999996
2016-03-20 17:00:00,8.6,67,2.9,0.0,0.0,2.62,65.0,0.23399999999999999
2016-03-20 18:00:00,8.1,70,3.0,0.0,0.0,2.35,31.0,0.11159999999999999
2016-03-20 19:00:00,7.0,76,3.1,0.0,0.0,2.38,1.0,0.0036
2016-03-20 20:00:00,6.8,79,3.3,0.0,0.0,2.6,0.0,0.0
2016-03-20 21:00:00,6.4,82,3.5,0.0,0.0,2.46,0.0,0.0
2016-03-20 22:00:00,6.1,84,3.6,0.0,0.0,2.06,0.0,0.0
2016-03-20 23:00:00,5.8,86,3.6,0.0,0.0,1.77,0.0,0.0
2016-03-21 00:00:00,5.3,89,3.7,0.0,0.0,1.61,0.0,0.0
2016-03-21 01:00:00,5.0,92,3.8,0.0,0.0,1.5,0.0,0.0
2016-03-21 02:00:00,4.5,94,3.6,0.0,0.0,1.4,0.0,0.0
2016-03-21 03:00:00,4.6,94,3.7,0.0,0.0,1.36,0.0,0.0
2016-03-21 04:00:00,4.2,95,3.4,0.0,0.0,1.53,0.0,0.0
2016-03-21 05:00:00,4.0,95,3.3,0.0,0.0,1.42,0.0,0.0
2016-03-21 06:00:00,3.5,96,2.9,0.0,0.0,1.52,0.0,0.0
2016-03-21 07:00:00,4.4,95,3.7,0.0,0.0,2.15,24.0,0.0864
2016-03-21 08:00:00,6.5,87,4.5,0.0,0.0,2.22,108.0,0.3888
2016-03-21 09:00:00,7.7,81,4.7,0.0,0.0,2.41,198.0,0.7128
2016-03-21 10:00:00,8.7,75,4.5,0.0,0.0,2.15,260.0,0.9359999999999999
2016-03-21 11:00:00,9.7,69,4.3,0.0,0.0,2.64,390.0,1.404
2016-03-21 12:00:00,11.0,59,3.4,0.0,0.0,4.02,562.0,2.0232
2016-03-21 13:00:00,11.4,54,2.5,0.0,0.0,4.43,444.0,1.5984
2016-03-21 14:00:00,11.2,54,2.3,0.0,0.0,4.47,308.0,1.1088
2016-03-21 15:00:00,10.8,56,2.5,0.0,0.0,4.55,232.0,0.8351999999999999
2016-03-21 16:00:00,10.3,59,2.7,0.0,0.0,4.4,191.0,0.6876
2016-03-21 17:00:00,9.5,63,2.9,0.0,0.0,3.71,152.0,0.5472
2016-03-21 18:00:00,8.7,66,2.8,0.0,0.0,3.05,44.0,0.15839999999999999
2016-03-21 19:00:00,7.5,70,2.4,0.0,0.0,2.25,1.0,0.0036
2016-03-21 20:00:00,6.8,75,2.7,0.0,0.0,1.88,0.0,0.0
2016-03-21 21:00:00,6.6,77,2.8,0.0,0.0,1.84,0.0,0.0
2016-03-21 22:00:00,6.0,80,2.9,0.0,0.0,1.93,0.0,0.0
2016-03-21 23:00:00,5.7,82,2.9,0.0,0.0,1.97,0.0,0.0
2016-03-22 00:00:00,5.5,84,3.0,0.0,0.0,1.7,0.0,0.0
2016-03-22 01:00:00,4.6,89,2.9,0.0,0.0,1.78,0.0,0.0
2016-03-22 02:00:00,3.7,92,2.6,0.0,0.0,1.84,0.0,0.0
2016-03-22 03:00:00,3.0,94,2.2,0.0,0.0,1.98,0.0,0.0
2016-03-22 04:00:00,2.6,95,1.8,0.0,0.0,2.06,0.0,0.0
2016-03-22 05:00:00,2.1,96,1.5,0.0,0.0,2.02,0.0,0.0
2016-03-22 06:00:00,1.7,97,1.2,0.0,0.0,1.88,0.0,0.0
2016-03-22 07:00:00,2.1,95,1.5,0.0,0.0,1.94,39.0,0.1404
2016-03-22 08:00:00,5.1,87,3.0,0.0,0.0,1.53,159.0,0.5724
2016-03-22 09:00:00,7.4,80,4.2,0.0,0.0,1.39,301.0,1.0836
2016-03-22 10:00:00,9.0,65,2.8,0.0,0.0,1.17,417.0,1.5011999999999999
2016-03-22 11:00:00,9.9,58,1.9,0.0,0.0,1.21,505.0,1.818
2016-03-22 12:00:00,10.5,56,2.1,0.0,0.0,1.03,555.0,1.998
2016-03-22 13:00:00,10.8,56,2.3,0.0,0.0,0.92,530.0,1.908
2016-03-22 14:00:00,11.0,55,2.3,0.0,0.0,1.22,476.0,1.7136
2016-03-22 15:00:00,11.1,54,2.2,0.0,0.0,1.49,407.0,1.4652
2016-03-22 16:00:00,10.9,55,2.1,0.0,0.0,1.75,294.0,1.0584
2016-03-22 17:00:00,10.4,57,2.2,0.0,0.0,1.8,157.0,0.5652
2016-03-22 18:00:00,9.6,63,2.8,0.0,0.0,1.73,53.0,0.1908
2016-03-22 19:00:00,8.4,65,2.3,0.0,0.0,2.0,1.0,0.0036
2016-03-22 20:00:00,7.2,73,2.6,0.0,0.0,2.1,0.0,0.0
2016-03-22 21:00:00,6.5,78,2.9,0.0,0.0,2.24,0.0,0.0
2016-03-22 22:00:00,6.5,80,3.3,0.0,0.0,1.97,0.0,0.0
2016-03-22 23:00:00,6.3,83,3.5,0.0,0.0,2.02,0.0,0.0
2016-03-23 00:00:00,5.9,86,3.8,0.0,0.0,1.84,0.0,0.0
2016-03-23 01:00:00,5.7,89,4.0,0.0,0.0,1.64,0.0,0.0
2016-03-23 02:00:00,5.2,93,4.1,0.0,0.0,1.28,0.0,0.0
2016-03-23 03:00:00,4.8,95,4.0,0.0,0.0,1.28,0.0,0.0
2016-03-23 04:00:00,4.4,96,3.7,0.0,0.0,1.3,0.0,0.0
2016-03-23 05:00:00,4.2,96,3.6,0.0,0.0,1.0,0.0,0.0
2016-03-23 06:00:00,3.8,97,3.4,0.0,0.0,1.1,0.0,0.0
2016-03-23 07:00:00,5.5,90,4.1,0.0,0.0,1.4,21.0,0.0756
2016-03-23 08:00:00,6.9,85,4.6,0.0,0.0,0.92,96.0,0.3456
2016-03-23 09:00:00,8.1,79,4.6,0.0,0.0,1.14,170.0,0.612
2016-03-23 10:00:00,9.1,64,2.7,0.0,0.0,1.4,261.0,0.9396
2016-03-23 11:00:00,9.4,61,2.3,0.0,0.0,1.46,262.0,0.9431999999999999
2016-03-23 12:00:00,9.8,59,2.2,0.0,0.0,1.34,313.0,1.1268
2016-03-23 13:00:00,10.0,59,2.3,0.0,0.0,1.2,258.0,0.9288
2016-03-23 14:00:00,10.2,59,2.4,0.0,0.0,1.34,235.0,0.846
2016-03-23 15:00:00,10.3,59,2.6,0.0,0.0,1.9,203.0,0.7308
2016-03-23 16:00:00,10.2,59,2.6,0.0,0.0,1.9,148.0,0.5327999999999999
2016-03-23 17:00:00,9.9,62,2.9,0.0,0.0,1.34,73.0,0.2628
2016-03-23 18:00:00,9.4,66,3.4,0.0,0.0,1.17,24.0,0.0864
2016-03-23 19:00:00,8.5,71,3.5,0.0,0.0,1.17,1.0,0.0036
2016-03-23 20:00:00,7.9,76,4.0,0.0,0.0,1.3,0.0,0.0
2016-03-23 21:00:00,7.0,84,4.5,0.0,0.0,1.2,0.0,0.0
2016-03-23 22:00:00,6.6,85,4.2,0.0,0.0,1.13,0.0,0.0
2016-03-23 23:00:00,5.9,87,3.8,0.0,0.0,1.5,0.0,0.0
2016-03-24 00:00:00,6.0,85,3.6,0.0,0.0,2.2,0.0,0.0
2016-03-24 01:00:00,6.1,82,3.2,0.0,0.0,2.44,0.0,0.0
2016-03-24 02:00:00,6.0,81,3.0,0.0,0.0,2.5,0.0,0.0
2016-03-24 03:00:00,5.5,83,2.8,0.0,0.0,2.62,0.0,0.0
2016-03-24 04:00:00,5.1,85,2.7,0.0,0.0,2.75,0.0,0.0
2016-03-24 05:00:00,4.8,86,2.7,0.0,0.0,2.92,0.0,0.0
2016-03-24 06:00:00,4.5,88,2.7,0.0,0.0,3.09,0.0,0.0
2016-03-24 07:00:00,5.6,85,3.3,0.0,0.0,3.33,23.0,0.0828
2016-03-24 08:00:00,6.6,84,4.1,0.0,0.0,3.66,77.0,0.2772
2016-03-24 09:00:00,7.4,83,4.7,0.0,0.0,4.74,123.0,0.44279999999999997
2016-03-24 10:00:00,8.6,78,4.9,0.0,0.0,4.81,197.0,0.7091999999999999
2016-03-24 11:00:00,9.3,74,4.9,0.2,0.0,4.7,186.0,0.6696
2016-03-24 12:00:00,9.2,77,5.3,0.3,0.0,5.1,158.0,0.5688
2016-03-24 13:00:00,9.5,76,5.4,0.3,0.0,5.68,208.0,0.7488
2016-03-24 14:00:00,9.7,75,5.4,0.4,0.0,4.39,227.0,0.8171999999999999
2016-03-24 15:00:00,9.4,80,6.1,0.4,0.0,5.45,132.0,0.4752
2016-03-24 16:00:00,8.8,85,6.4,0.4,0.0,5.66,97.0,0.3492
2016-03-24 17:00:00,8.3,87,6.3,0.4,0.0,5.73,46.0,0.1656
2016-03-24 18:00:00,7.9,89,6.1,0.3,0.0,5.87,16.0,0.0576
2016-03-24 19:00:00,7.8,92,6.6,0.5,0.0,5.88,0.0,0.0
2016-03-24 20:00:00,7.7,92,6.5,0.6,0.0,5.97,0.0,0.0
2016-03-24 21:00:00,7.7,93,6.6,0.7,0.0,5.9,0.0,0.0
2016-03-24 22:00:00,7.7,93,6.7,0.6,0.0,5.44,0.0,0.0
2016-03-24 23:00:00,7.8,94,6.8,0.6,0.0,5.42,0.0,0.0
2016-03-25 00:00:00,7.9,94,6.9,0.7,0.0,5.24,0.0,0.0
2016-03-25 01:00:00,7.9,95,7.2,0.7,0.0,4.95,0.0,0.0
2016-03-25 02:00:00,8.0,96,7.4,0.6,0.0,4.42,0.0,0.0
2016-03-25 03:00:00,8.0,97,7.5,0.5,0.0,3.76,0.0,0.0
2016-03-25 04:00:00,8.1,97,7.7,0.3,0.0,3.2,0.0,0.0
2016-03-25 05:00:00,8.0,96,7.3,0.1,0.0,4.32,0.0,0.0
2016-03-25 06:00:00,7.2,89,5.6,0.0,0.0,4.7,0.0,0.0
2016-03-25 07:00:00,7.2,84,4.7,0.0,0.0,4.16,16.0,0.0576
2016-03-25 08:00:00,7.2,85,4.8,0.0,0.0,4.0,92.0,0.3312
2016-03-25 09:00:00,8.3,77,4.4,0.0,0.0,5.06,282.0,1.0151999999999999
2016-03-25 10:00:00,9.5,69,4.0,0.0,0.0,3.92,433.0,1.5588
2016-03-25 11:00:00,10.8,61,3.5,0.0,0.0,3.32,521.0,1.8756
2016-03-25 12:00:00,11.6,55,2.9,0.0,0.0,3.0,509.0,1.8324
2016-03-25 13:00:00,12.1,51,2.4,0.0,0.0,3.05,457.0,1.6452
2016-03-25 14:00:00,12.7,48,2.0,0.0,0.0,2.56,451.0,1.6236
2016-03-25 15:00:00,13.1,46,1.9,0.0,0.0,2.82,430.0,1.548
2016-03-25 16:00:00,13.1,46,1.7,0.0,0.0,2.83,316.0,1.1376
2016-03-25 17:00:00,12.5,52,3.0,0.0,0.0,2.06,171.0,0.6156
2016-03-25 18:00:00,10.9,60,3.4,0.0,0.0,2.28,86.0,0.3096
2016-03-25 19:00:00,9.6,65,3.4,0.0,0.0,3.01,3.0,0.0108
2016-03-25 20:00:00,8.0,74,3.6,0.0,0.0,3.64,0.0,0.0
2016-03-25 21:00:00,6.9,80,3.7,0.0,0.0,3.96,0.0,0.0
2016-03-25 22:00:00,6.4,82,3.5,0.0,0.0,4.15,0.0,0.0
2016-03-25 23:00:00,6.3,80,3.0,0.0,0.0,4.54,0.0,0.0
2016-03-26 00:00:00,6.3,79,2.9,0.0,0.0,4.71,0.0,0.0
2016-03-26 01:00:00,6.2,79,2.7,0.0,0.0,5.11,0.0,0.0
2016-03-26 02:00:00,6.4,79,3.0,0.0,0.0,5.72,0.0,0.0
2016-03-26 03:00:00,6.8,82,3.9,0.0,0.0,6.0,0.0,0.0
2016-03-26 04:00:00,7.3,84,4.7,0.0,0.0,6.21,0.0,0.0
2016-03-26 05:00:00,7.4,86,5.2,0.0,0.0,6.38,0.0,0.0
2016-03-26 06:00:00,6.9,89,5.2,0.0,0.0,6.38,0.0,0.0
2016-03-26 07:00:00,7.0,87,5.1,0.0,0.0,6.51,46.0,0.1656
2016-03-26 08:00:00,7.9,84,5.3,0.0,0.0,7.21,96.0,0.3456
2016-03-26 09:00:00,8.7,85,6.2,0.0,0.0,7.23,115.0,0.414
2016-03-26 10:00:00,9.2,85,6.8,0.0,0.0,8.7,111.0,0.3996
2016-03-26 11:00:00,9.7,85,7.3,0.0,0.0,9.23,107.0,0.3852
2016-03-26 12:00:00,10.5,84,8.0,0.0,0.0,9.61,129.0,0.4644
2016-03-26 13:00:00,11.0,85,8.6,0.0,0.0,9.7,109.0,0.39239999999999997
2016-03-26 14:00:00,11.4,85,9.0,0.0,0.0,9.7,103.0,0.37079999999999996
2016-03-26 15:00:00,11.7,85,9.2,0.0,0.0,9.8,79.0,0.2844
2016-03-26 16:00:00,11.8,84,9.2,0.0,0.0,10.42,47.0,0.1692
2016-03-26 17:00:00,11.9,83,9.1,0.0,0.0,10.6,29.0,0.10439999999999999
2016-03-26 18:00:00,12.0,82,9.0,0.4,0.0,10.9,14.0,0.0504
2016-03-26 19:00:00,10.6,91,9.2,1.7,0.0,9.69,0.0,0.0
2016-03-26 20:00:00,8.1,85,5.7,0.9,0.0,7.6,0.0,0.0
2016-03-26 21:00:00,6.7,86,4.6,0.7,0.0,6.39,0.0,0.0
2016-03-26 22:00:00,6.6,88,4.7,0.3,0.0,5.94,0.0,0.0
2016-03-26 23:00:00,6.7,89,4.9,0.0,0.0,5.2,0.0,0.0
2016-03-27 00:00:00,6.7,88,4.9,0.0,0.0,4.42,0.0,0.0
2016-03-27 01:00:00,6.7,89,4.9,0.0,0.0,4.17,0.0,0.0
2016-03-27 02:00:00,6.3,89,4.5,0.0,0.0,4.25,0.0,0.0
2016-03-27 03:00:00,5.8,89,4.1,0.0,0.0,4.7,0.0,0.0
2016-03-27 04:00:00,5.3,90,3.9,0.0,0.0,5.19,0.0,0.0
2016-03-27 05:00:00,5.2,91,3.8,0.0,0.0,5.88,0.0,0.0
2016-03-27 06:00:00,5.3,91,3.9,0.0,0.0,6.39,0.0,0.0
2016-03-27 07:00:00,5.8,88,3.9,0.0,0.0,6.46,41.0,0.1476
2016-03-27 08:00:00,7.3,81,4.2,0.0,0.0,7.11,188.0,0.6768
2016-03-27 09:00:00,8.3,75,4.1,0.1,0.0,8.84,291.0,1.0475999999999999
2016-03-27 10:00:00,8.9,74,4.6,0.5,0.0,7.75,348.0,1.2528
2016-03-27 11:00:00,9.8,77,5.9,0.2,0.0,7.91,503.0,1.8108
2016-03-27 12:00:00,9.5,78,5.9,1.1,0.0,7.97,478.0,1.7207999999999999
2016-03-27 13:00:00,9.9,78,6.2,0.1,0.0,7.49,448.0,1.6128
2016-03-27 14:00:00,10.5,73,5.9,0.0,0.0,8.29,533.0,1.9187999999999998
2016-03-27 15:00:00,10.2,69,4.7,0.0,0.0,9.66,446.0,1.6056
2016-03-27 16:00:00,9.7,65,3.5,0.0,0.0,9.1,304.0,1.0944
2016-03-27 17:00:00,9.4,66,3.5,0.0,0.0,8.42,213.0,0.7667999999999999
2016-03-27 18:00:00,8.7,70,3.6,0.0,0.0,7.47,79.0,0.2844
2016-03-27 19:00:00,7.9,78,4.4,0.0,0.0,6.86,4.0,0.0144
2016-03-27 20:00:00,7.6,82,4.6,0.0,0.0,6.3,0.0,0.0
2016-03-27 21:00:00,7.5,85,5.1,0.2,0.0,6.5,0.0,0.0
2016-03-27 22:00:00,7.6,90,6.0,0.7,0.0,7.16,0.0,0.0
2016-03-27 23:00:00,7.8,91,6.4,1.4,0.0,8.86,0.0,0.0
2016-03-28 00:00:00,7.8,88,6.0,3.0,0.0,10.65,0.0,0.0
2016-03-28 01:00:00,7.1,91,5.7,3.5,0.0,12.69,0.0,0.0
2016-03-28 02:00:00,7.2,89,5.6,1.2,0.0,13.1,0.0,0.0
2016-03-28 03:00:00,7.5,88,5.6,0.3,0.0,12.1,0.0,0.0
2016-03-28 04:00:00,7.9,85,5.6,0.3,0.0,11.63,0.0,0.0
2016-03-28 05:00:00,8.7,88,6.9,0.4,0.0,12.83,0.0,0.0
2016-03-28 06:00:00,7.8,89,6.2,0.2,0.0,11.85,0.0,0.0
2016-03-28 07:00:00,5.9,91,4.6,0.6,0.0,13.35,7.0,0.0252
2016-03-28 08:00:00,5.3,88,3.4,0.7,0.0,12.38,34.0,0.1224
2016-03-28 09:00:00,6.2,80,3.0,0.2,0.0,10.63,131.0,0.47159999999999996
2016-03-28 10:00:00,7.8,69,2.5,0.1,0.0,9.05,306.0,1.1016
2016-03-28 11:00:00,9.1,58,1.3,0.0,0.0,9.01,433.0,1.5588
2016-03-28 12:00:00,10.2,51,0.4,0.0,0.0,9.08,568.0,2.0448
2016-03-28 13:00:00,10.8,48,0.1,0.1,0.0,8.75,645.0,2.322
2016-03-28 14:00:00,10.8,47,0.0,0.0,0.0,8.15,503.0,1.8108
2016-03-28 15:00:00,10.7,49,0.3,0.0,0.0,7.42,475.0,1.71
2016-03-28 16:00:00,10.2,50,0.2,0.0,0.0,6.71,328.0,1.1808
2016-03-28 17:00:00,9.3,59,1.6,0.0,0.0,5.97,179.0,0.6444
2016-03-28 18:00:00,8.1,67,2.3,0.0,0.0,5.16,71.0,0.2556
2016-03-28 19:00:00,6.9,78,3.3,0.2,0.0,4.7,4.0,0.0144
2016-03-28 20:00:00,6.2,82,3.3,0.1,0.0,4.86,0.0,0.0
2016-03-28 21:00:00,5.8,84,3.3,0.1,0.0,4.83,0.0,0.0
2016-03-28 22:00:00,5.2,87,3.2,0.0,0.0,4.72,0.0,0.0
2016-03-28 23:00:00,4.8,88,3.1,0.0,0.0,4.41,0.0,0.0
2016-03-29 00:00:00,4.3,90,2.8,0.0,0.0,4.36,0.0,0.0
2016-03-29 01:00:00,4.1,91,2.7,0.0,0.0,4.6,0.0,0.0
2016-03-29 02:00:00,3.9,91,2.5,0.0,0.0,4.86,0.0,0.0
2016-03-29 03:00:00,4.3,89,2.7,0.0,0.0,5.13,0.0,0.0
2016-03-29 04:00:00,4.9,86,2.7,0.0,0.0,5.47,0.0,0.0
2016-03-29 05:00:00,5.1,83,2.5,0.0,0.0,5.61,0.0,0.0
2016-03-29 06:00:00,5.1,81,2.2,0.0,0.0,5.77,1.0,0.0036
2016-03-29 07:00:00,5.2,83,2.5,0.0,0.0,5.91,66.0,0.2376
2016-03-29 08:00:00,6.5,79,3.0,0.0,0.0,5.54,217.0,0.7812
2016-03-29 09:00:00,7.9,67,2.2,0.0,0.0,7.47,371.0,1.3356
2016-03-29 10:00:00,8.4,62,1.6,0.0,0.0,5.85,352.0,1.2671999999999999
2016-03-29 11:00:00,9.4,57,1.2,0.0,0.0,6.41,535.0,1.926
2016-03-29 12:00:00,9.9,54,0.9,0.0,0.0,6.62,541.0,1.9476
2016-03-29 13:00:00,10.4,52,0.9,0.2,0.0,6.24,625.0,2.25
2016-03-29 14:00:00,10.6,52,1.2,0.0,0.0,6.16,599.0,2.1564
2016-03-29 15:00:00,10.8,52,1.4,0.0,0.0,6.46,506.0,1.8215999999999999
2016-03-29 16:00:00,9.0,63,2.4,0.3,0.0,6.52,284.0,1.0224
2016-03-29 17:00:00,7.6,77,3.8,0.7,0.0,4.81,95.0,0.34199999999999997
2016-03-29 18:00:00,6.7,87,4.8,1.2,0.0,6.09,25.0,0.09
2016-03-29 19:00:00,6.5,92,5.3,1.0,0.0,6.04,1.0,0.0036
2016-03-29 20:00:00,6.5,90,5.0,0.0,0.0,5.56,0.0,0.0
2016-03-29 21:00:00,6.1,89,4.4,0.0,0.0,5.06,0.0,0.0
2016-03-29 22:00:00,5.6,88,3.8,0.0,0.0,4.06,0.0,0.0
2016-03-29 23:00:00,5.2,88,3.4,0.0,0.0,4.24,0.0,0.0
2016-03-30 00:00:00,5.0,88,3.2,0.0,0.0,4.11,0.0,0.0
2016-03-30 01:00:00,4.9,87,2.9,0.0,0.0,4.47,0.0,0.0
2016-03-30 02:00:00,5.0,86,2.8,0.0,0.0,4.74,0.0,0.0
2016-03-30 03:00:00,4.9,86,2.7,0.0,0.0,4.76,0.0,0.0
2016-03-30 04:00:00,4.7,87,2.7,0.0,0.0,4.55,0.0,0.0
2016-03-30 05:00:00,4.6,87,2.6,0.0,0.0,4.44,0.0,0.0
2016-03-30 06:00:00,4.4,88,2.6,0.0,0.0,4.27,2.0,0.0072
2016-03-30 07:00:00,5.0,88,3.2,0.0,0.0,4.3,59.0,0.2124
2016-03-30 08:00:00,6.5,83,3.9,0.0,0.0,4.39,221.0,0.7956
2016-03-30 09:00:00,8.1,71,3.2,0.0,0.0,5.7,378.0,1.3608
2016-03-30 10:00:00,9.1,64,2.6,0.0,0.0,4.65,449.0,1.6164
2016-03-30 11:00:00,9.9,58,2.1,0.1,0.0,4.59,489.0,1.7604
2016-03-30 12:00:00,10.6,54,1.6,0.2,0.0,4.83,489.0,1.7604
2016-03-30 13:00:00,11.1,54,2.2,0.1,0.0,4.65,504.0,1.8144
2016-03-30 14:00:00,11.1,58,3.0,0.0,0.0,4.34,424.0,1.5264
2016-03-30 15:00:00,11.2,60,3.7,0.0,0.0,3.94,411.0,1.4796
2016-03-30 16:00:00,10.8,63,4.1,0.1,0.0,3.31,315.0,1.134
2016-03-30 17:00:00,9.5,68,3.8,0.4,0.0,2.79,170.0,0.612
2016-03-30 18:00:00,8.9,73,4.2,0.0,0.0,1.75,53.0,0.1908
2016-03-30 19:00:00,8.4,75,4.1,0.0,0.0,1.5,4.0,0.0144
2016-03-30 20:00:00,7.4,81,4.4,0.0,0.0,1.46,0.0,0.0
2016-03-30 21:00:00,6.3,88,4.5,0.0,0.0,1.75,0.0,0.0
2016-03-30 22:00:00,5.7,90,4.2,0.0,0.0,1.75,0.0,0.0
2016-03-30 23:00:00,5.3,91,3.9,0.0,0.0,1.3,0.0,0.0
2016-03-31 00:00:00,4.6,93,3.6,0.0,0.0,1.2,0.0,0.0
2016-03-31 01:00:00,4.5,92,3.3,0.0,0.0,1.84,0.0,0.0
2016-03-31 02:00:00,4.5,90,3.0,0.0,0.0,2.52,0.0,0.0
2016-03-31 03:00:00,4.3,89,2.6,0.0,0.0,3.2,0.0,0.0
2016-03-31 04:00:00,3.9,90,2.4,0.0,0.0,3.13,0.0,0.0
2016-03-31 05:00:00,3.4,91,2.1,0.0,0.0,2.91,0.0,0.0
2016-03-31 06:00:00,3.0,92,1.8,0.0,0.0,2.96,2.0,0.0072
2016-03-31 07:00:00,4.0,91,2.6,0.0,0.0,3.2,71.0,0.2556
2016-03-31 08:00:00,5.8,85,3.4,0.0,0.0,3.13,214.0,0.7704
2016-03-31 09:00:00,7.4,79,3.9,0.0,0.0,3.3,363.0,1.3068
2016-03-31 10:00:00,8.8,68,3.2,0.0,0.0,3.2,506.0,1.8215999999999999
2016-03-31 11:00:00,9.8,59,2.1,0.0,0.0,3.2,573.0,2.0627999999999997
2016-03-31 12:00:00,10.4,54,1.6,0.0,0.0,3.5,587.0,2.1132
2016-03-31 13:00:00,10.9,52,1.3,0.0,0.0,3.61,595.0,2.142
2016-03-31 14:00:00,11.0,51,1.2,0.0,0.0,3.31,505.0,1.818
2016-03-31 15:00:00,11.1,51,1.4,0.0,0.0,3.21,452.0,1.6272
2016-03-31 16:00:00,10.9,52,1.4,0.0,0.0,3.03,381.0,1.3716
2016-03-31 17:00:00,10.4,54,1.5,0.0,0.0,2.79,241.0,0.8675999999999999
2016-03-31 18:00:00,9.4,60,2.0,0.0,0.0,2.11,103.0,0.37079999999999996
2016-03-31 19:00:00,7.8,71,2.9,0.0,0.0,2.06,8.0,0.0288
2016-03-31 20:00:00,6.0,84,3.5,0.0,0.0,2.21,0.0,0.0
2016-03-31 21:00:00,4.6,89,2.9,0.0,0.0,2.28,0.0,0.0
2016-03-31 22:00:00,3.5,92,2.3,0.0,0.0,2.02,0.0,0.0
2016-03-31 23:00:00,3.0,94,2.1,0.0,0.0,2.24,0.0,0.0
2016-04-01 00:00:00,3.3,94,2.5,0.0,0.0,2.42,0.0,0.0
2016-04-01 01:00:00,4.1,95,3.3,0.0,0.0,2.0,0.0,0.0
2016-04-01 02:00:00,3.7,98,3.3,0.0,0.0,2.1,0.0,0.0
2016-04-01 03:00:00,2.1,100,2.0,0.0,0.0,2.12,0.0,0.0
2016-04-01 04:00:00,0.4,100,0.4,0.0,0.0,2.1,0.0,0.0
2016-04-01 05:00:00,0.4,99,0.3,0.0,0.0,2.09,0.0,0.0
2016-04-01 06:00:00,1.4,99,1.2,0.0,0.0,2.86,3.0,0.0108
2016-04-01 07:00:00,3.2,97,2.7,0.0,0.0,3.2,56.0,0.2016
2016-04-01 08:00:00,5.3,88,3.5,0.0,0.0,3.08,154.0,0.5544
2016-04-01 09:00:00,7.5,77,3.7,0.0,0.0,3.63,302.0,1.0872
2016-04-01 10:00:00,9.4,69,4.0,0.0,0.0,4.0,453.0,1.6308
2016-04-01 11:00:00,10.9,63,4.1,0.0,0.0,4.61,582.0,2.0951999999999997
2016-04-01 12:00:00,11.7,57,3.4,0.0,0.0,5.18,651.0,2.3436
2016-04-01 13:00:00,11.9,57,3.6,0.0,0.0,5.61,554.0,1.9944
2016-04-01 14:00:00,11.6,58,3.5,0.0,0.0,5.85,431.0,1.5515999999999999
2016-04-01 15:00:00,11.4,58,3.5,0.0,0.0,5.75,415.0,1.494
2016-04-01 16:00:00,10.8,60,3.3,0.0,0.0,5.36,292.0,1.0512
2016-04-01 17:00:00,10.1,64,3.6,0.0,0.0,4.84,181.0,0.6516
2016-04-01 18:00:00,9.1,69,3.8,0.0,0.0,4.22,74.0,0.26639999999999997
2016-04-01 19:00:00,7.6,78,4.0,0.0,0.0,4.2,8.0,0.0288
2016-04-01 20:00:00,6.9,81,3.8,0.0,0.0,4.21,0.0,0.0
2016-04-01 21:00:00,6.5,80,3.3,0.0,0.0,4.13,0.0,0.0
2016-04-01 22:00:00,6.4,76,2.5,0.0,0.0,3.82,0.0,0.0
2016-04-01 23:00:00,6.6,70,1.5,0.0,0.0,3.86,0.0,0.0
2016-04-02 00:00:00,6.7,68,1.3,0.0,0.0,3.96,0.0,0.0
2016-04-02 01:00:00,7.1,69,1.8,0.0,0.0,4.34,0.0,0.0
2016-04-02 02:00:00,7.3,71,2.5,0.0,0.0,4.31,0.0,0.0
2016-04-02 03:00:00,7.2,75,3.0,0.0,0.0,3.71,0.0,0.0
2016-04-02 04:00:00,6.8,80,3.6,0.0,0.0,3.55,0.0,0.0
2016-04-02 05:00:00,6.4,84,3.9,0.0,0.0,3.55,0.0,0.0
2016-04-02 06:00:00,6.0,88,4.2,0.0,0.0,3.34,3.0,0.0108
2016-04-02 07:00:00,7.0,88,5.1,0.0,0.0,3.57,76.0,0.2736
2016-04-02 08:00:00,8.7,80,5.5,0.0,0.0,3.41,245.0,0.882
2016-04-02 09:00:00,10.3,70,5.0,0.0,0.0,3.8,406.0,1.4616
2016-04-02 10:00:00,11.6,60,4.1,0.0,0.0,4.1,560.0,2.016
2016-04-02 11:00:00,12.3,55,3.4,0.0,0.0,4.63,657.0,2.3651999999999997
2016-04-02 12:00:00,12.5,53,3.2,0.0,0.0,4.71,618.0,2.2248
2016-04-02 13:00:00,12.7,52,3.2,0.0,0.0,4.68,620.0,2.2319999999999998
2016-04-02 14:00:00,12.7,53,3.3,0.0,0.0,4.38,569.0,2.0484
2016-04-02 15:00:00,12.4,54,3.3,0.0,0.0,3.55,428.0,1.5408
2016-04-02 16:00:00,11.5,58,3.4,0.0,0.0,3.42,205.0,0.738
2016-04-02 17:00:00,10.2,69,4.7,0.1,0.0,3.5,67.0,0.2412
2016-04-02 18:00:00,9.2,78,5.7,0.4,0.0,3.06,17.0,0.0612
2016-04-02 19:00:00,8.3,85,5.9,0.3,0.0,2.3,2.0,0.0072
2016-04-02 20:00:00,7.9,90,6.3,0.5,0.0,2.06,0.0,0.0
2016-04-02 21:00:00,7.6,92,6.5,1.0,0.0,2.21,0.0,0.0
2016-04-02 22:00:00,7.6,94,6.7,0.7,0.0,2.5,0.0,0.0
2016-04-02 23:00:00,7.7,95,6.9,0.2,0.0,2.38,0.0,0.0
2016-04-03 00:00:00,7.8,94,6.9,0.0,0.0,2.3,0.0,0.0
2016-04-03 01:00:00,7.9,94,7.1,0.0,0.0,2.38,0.0,0.0
2016-04-03 02:00:00,8.2,94,7.3,0.0,0.0,2.91,0.0,0.0
2016-04-03 03:00:00,8.3,94,7.3,0.0,0.0,3.38,0.0,0.0
2016-04-03 04:00:00,8.1,94,7.2,0.0,0.0,3.4,0.0,0.0
2016-04-03 05:00:00,7.7,94,6.9,0.0,0.0,3.1,0.0,0.0
2016-04-03 06:00:00,7.0,96,6.4,0.0,0.0,2.71,5.0,0.018
2016-04-03 07:00:00,7.8,94,6.9,0.0,0.0,3.82,60.0,0.216
2016-04-03 08:00:00,9.2,82,6.3,0.0,0.0,3.83,181.0,0.6516
2016-04-03 09:00:00,10.0,76,6.0,0.0,0.0,4.2,201.0,0.7236
2016-04-03 10:00:00,10.9,71,5.8,0.0,0.0,4.12,276.0,0.9935999999999999
2016-04-03 11:00:00,12.0,66,5.8,0.0,0.0,4.18,374.0,1.3464
2016-04-03 12:00:00,13.3,61,6.0,0.0,0.0,3.51,509.0,1.8324
2016-04-03 13:00:00,14.4,60,6.8,0.0,0.0,3.41,635.0,2.286
2016-04-03 14:00:00,15.3,58,7.2,0.0,0.0,3.69,636.0,2.2896
2016-04-03 15:00:00,15.5,58,7.3,0.0,0.0,4.1,510.0,1.8359999999999999
2016-04-03 16:00:00,15.0,62,7.7,0.0,0.0,4.1,266.0,0.9576
2016-04-03 17:00:00,13.6,75,9.3,1.0,0.0,3.62,133.0,0.4788
2016-04-03 18:00:00,12.2,87,10.1,0.6,0.0,3.67,54.0,0.1944
2016-04-03 19:00:00,11.5,87,9.4,1.0,0.0,3.49,7.0,0.0252
2016-04-03 20:00:00,10.7,91,9.4,0.8,0.0,3.16,0.0,0.0
2016-04-03 21:00:00,10.6,93,9.6,0.7,0.0,3.0,0.0,0.0
2016-04-03 22:00:00,10.4,94,9.5,0.2,0.0,2.8,0.0,0.0
2016-04-03 23:00:00,9.9,94,9.0,0.0,0.0,2.53,0.0,0.0
2016-04-04 00:00:00,9.1,94,8.3,0.0,0.0,2.5,0.0,0.0
2016-04-04 01:00:00,8.4,95,7.6,0.0,0.0,2.8,0.0,0.0
2016-04-04 02:00:00,7.8,94,6.9,0.0,0.0,2.9,0.0,0.0
2016-04-04 03:00:00,7.7,94,6.7,0.0,0.0,3.01,0.0,0.0
2016-04-04 04:00:00,7.5,94,6.5,0.0,0.0,2.82,0.0,0.0
2016-04-04 05:00:00,7.2,94,6.3,0.0,0.0,2.9,0.0,0.0
2016-04-04 06:00:00,6.9,95,6.2,0.0,0.0,3.11,4.0,0.0144
2016-04-04 07:00:00,8.0,93,7.0,0.0,0.0,3.13,52.0,0.1872
2016-04-04 08:00:00,9.1,89,7.4,0.0,0.0,3.7,147.0,0.5292
2016-04-04 09:00:00,10.7,83,8.0,0.0,0.0,4.0,361.0,1.2995999999999999
2016-04-04 10:00:00,11.9,80,8.5,0.1,0.0,3.92,510.0,1.8359999999999999
2016-04-04 11:00:00,12.5,77,8.6,0.2,0.0,4.22,583.0,2.0987999999999998
2016-04-04 12:00:00,11.5,73,6.8,1.1,0.0,4.6,515.0,1.8539999999999999
2016-04-04 13:00:00,11.8,69,6.3,0.2,0.0,5.94,505.0,1.818
2016-04-04 14:00:00,12.1,66,5.9,0.2,0.0,5.26,439.0,1.5804
2016-04-04 15:00:00,12.2,65,5.9,0.2,0.0,4.9,398.0,1.4327999999999999
2016-04-04 16:00:00,12.0,68,6.2,0.0,0.0,4.84,300.0,1.08
2016-04-04 17:00:00,11.6,70,6.4,0.0,0.0,5.15,170.0,0.612
2016-04-04 18:00:00,10.9,75,6.6,0.0,0.0,4.28,77.0,0.2772
2016-04-04 19:00:00,9.8,80,6.5,0.0,0.0,3.65,9.0,0.0324
2016-04-04 20:00:00,9.1,83,6.4,0.0,0.0,3.55,0.0,0.0
2016-04-04 21:00:00,8.3,87,6.2,0.0,0.0,3.45,0.0,0.0
2016-04-04 22:00:00,7.4,91,6.1,0.0,0.0,3.32,0.0,0.0
2016-04-04 23:00:00,6.9,93,5.9,0.0,0.0,3.29,0.0,0.0
2016-04-05 00:00:00,6.7,95,6.0,0.0,0.0,3.13,0.0,0.0
2016-04-05 01:00:00,6.7,96,6.1,0.0,0.0,2.8,0.0,0.0
2016-04-05 02:00:00,7.2,96,6.5,0.0,0.0,2.48,0.0,0.0
2016-04-05 03:00:00,7.2,96,6.6,0.0,0.0,2.26,0.0,0.0
2016-04-05 04:00:00,7.2,96,6.7,0.0,0.0,2.05,0.0,0.0
2016-04-05 05:00:00,7.3,96,6.7,0.0,0.0,1.97,0.0,0.0
2016-04-05 06:00:00,7.0,97,6.5,0.0,0.0,2.1,5.0,0.018
2016-04-05 07:00:00,7.7,92,6.5,0.0,0.0,2.31,91.0,0.3276
2016-04-05 08:00:00,8.9,85,6.5,0.0,0.0,2.6,243.0,0.8748
2016-04-05 09:00:00,10.4,77,6.4,0.0,0.0,3.01,405.0,1.458
2016-04-05 10:00:00,11.6,67,5.8,0.0,0.0,2.8,545.0,1.962
2016-04-05 11:00:00,12.3,63,5.4,0.1,0.0,3.8,542.0,1.9512
2016-04-05 12:00:00,12.9,59,5.0,0.1,0.0,4.2,576.0,2.0736
2016-04-05 13:00:00,13.0,57,4.7,0.0,0.0,4.6,542.0,1.9512
2016-04-05 14:00:00,13.0,57,4.8,0.0,0.0,4.81,490.0,1.764
2016-04-05 15:00:00,13.0,59,5.1,0.0,0.0,4.72,427.0,1.5372
2016-04-05 16:00:00,12.7,60,5.2,0.1,0.0,4.79,317.0,1.1412
2016-04-05 17:00:00,11.7,61,4.4,0.4,0.0,3.9,238.0,0.8568
2016-04-05 18:00:00,11.1,64,4.6,0.0,0.0,2.92,108.0,0.3888
2016-04-05 19:00:00,10.4,62,3.4,0.0,0.0,2.33,13.0,0.0468
2016-04-05 20:00:00,8.9,68,3.4,0.0,0.0,2.97,0.0,0.0
2016-04-05 21:00:00,8.5,71,3.4,0.0,0.0,3.49,0.0,0.0
2016-04-05 22:00:00,7.9,73,3.4,0.0,0.0,3.61,0.0,0.0
2016-04-05 23:00:00,7.1,78,3.4,0.0,0.0,3.74,0.0,0.0
2016-04-06 00:00:00,6.2,82,3.4,0.0,0.0,3.79,0.0,0.0
2016-04-06 01:00:00,5.2,87,3.2,0.0,0.0,3.8,0.0,0.0
2016-04-06 02:00:00,4.6,90,3.1,0.0,0.0,3.83,0.0,0.0
2016-04-06 03:00:00,4.3,91,3.0,0.0,0.0,4.18,0.0,0.0
2016-04-06 04:00:00,4.4,92,3.2,0.0,0.0,4.75,0.0,0.0
2016-04-06 05:00:00,4.8,92,3.6,0.0,0.0,5.19,0.0,0.0
2016-04-06 06:00:00,5.7,91,4.4,0.3,0.0,5.76,7.0,0.0252
2016-04-06 07:00:00,7.7,89,5.9,0.0,0.0,6.59,18.0,0.0648
2016-04-06 08:00:00,8.4,88,6.4,0.2,0.0,6.87,15.0,0.054
2016-04-06 09:00:00,8.8,89,7.1,0.2,0.0,6.9,28.0,0.1008
2016-04-06 10:00:00,9.5,84,7.0,0.2,0.0,6.39,141.0,0.5075999999999999
2016-04-06 11:00:00,10.5,70,5.3,0.0,0.0,6.91,322.0,1.1592
2016-04-06 12:00:00,11.5,63,4.6,0.2,0.0,7.69,550.0,1.98
2016-04-06 13:00:00,11.3,61,4.2,0.0,0.0,8.3,505.0,1.818
2016-04-06 14:00:00,11.5,60,3.9,0.1,0.0,8.92,587.0,2.1132
2016-04-06 15:00:00,10.7,52,1.3,0.0,0.0,8.6,444.0,1.5984
2016-04-06 16:00:00,10.2,47,-0.6,0.3,0.0,8.17,416.0,1.4976
2016-04-06 17:00:00,9.5,50,-0.4,0.0,0.0,7.68,261.0,0.9396
2016-04-06 18:00:00,8.6,52,-0.6,0.0,0.0,7.14,119.0,0.4284
2016-04-06 19:00:00,7.7,59,0.2,0.0,0.0,6.45,16.0,0.0576
2016-04-06 20:00:00,6.7,65,0.6,0.0,0.0,6.28,0.0,0.0
2016-04-06 21:00:00,6.0,68,0.5,0.0,0.0,6.24,0.0,0.0
2016-04-06 22:00:00,5.5,69,0.3,0.0,0.0,6.2,0.0,0.0
2016-04-06 23:00:00,5.1,71,0.3,0.0,0.0,5.98,0.0,0.0
2016-04-07 00:00:00,4.7,73,0.3,0.0,0.0,5.85,0.0,0.0
2016-04-07 01:00:00,4.4,74,0.2,0.0,0.0,5.82,0.0,0.0
2016-04-07 02:00:00,4.1,76,0.2,0.0,0.0,5.58,0.0,0.0
2016-04-07 03:00:00,3.8,77,0.1,0.0,0.0,5.36,0.0,0.0
2016-04-07 04:00:00,3.6,78,0.2,0.0,0.0,5.26,0.0,0.0
2016-04-07 05:00:00,3.4,80,0.3,0.0,0.0,4.88,0.0,0.0
2016-04-07 06:00:00,3.3,82,0.5,0.0,0.0,4.74,11.0,0.039599999999999996
2016-04-07 07:00:00,4.8,80,1.6,0.0,0.0,4.34,104.0,0.3744
2016-04-07 08:00:00,6.1,74,1.8,0.1,0.0,6.3,238.0,0.8568
2016-04-07 09:00:00,7.0,74,2.7,0.3,0.0,7.3,375.0,1.3499999999999999
2016-04-07 10:00:00,7.4,74,3.1,0.3,0.0,5.76,420.0,1.512
2016-04-07 11:00:00,7.8,73,3.2,0.5,0.0,5.57,497.0,1.7892
2016-04-07 12:00:00,7.5,76,3.6,0.6,0.0,5.5,279.0,1.0044
2016-04-07 13:00:00,7.9,76,4.0,0.6,0.0,5.51,335.0,1.206
2016-04-07 14:00:00,8.8,73,4.1,0.2,0.0,5.32,366.0,1.3175999999999999
2016-04-07 15:00:00,9.7,75,5.5,0.1,0.0,5.12,360.0,1.296
2016-04-07 16:00:00,10.4,77,6.5,0.2,0.0,5.86,298.0,1.0728
2016-04-07 17:00:00,9.8,77,6.0,1.2,0.0,4.99,229.0,0.8244
2016-04-07 18:00:00,8.9,79,5.5,0.0,0.0,3.86,91.0,0.3276
2016-04-07 19:00:00,8.1,81,4.9,0.0,0.0,3.4,14.0,0.0504
2016-04-07 20:00:00,7.5,83,4.8,0.0,0.0,3.29,0.0,0.0
2016-04-07 21:00:00,6.6,86,4.5,0.0,0.0,3.32,0.0,0.0
2016-04-07 22:00:00,5.9,89,4.3,0.0,0.0,3.1,0.0,0.0
2016-04-07 23:00:00,5.4,91,4.0,0.0,0.0,2.91,0.0,0.0
2016-04-08 00:00:00,5.0,92,3.8,0.0,0.0,2.91,0.0,0.0
2016-04-08 01:00:00,4.7,93,3.6,0.0,0.0,3.03,0.0,0.0
2016-04-08 02:00:00,4.2,94,3.3,0.0,0.0,2.84,0.0,0.0
2016-04-08 03:00:00,3.6,95,2.9,0.0,0.0,2.89,0.0,0.0
2016-04-08 04:00:00,3.2,96,2.6,0.0,0.0,2.75,0.0,0.0
2016-04-08 05:00:00,2.9,97,2.4,0.0,0.0,2.42,0.0,0.0
2016-04-08 06:00:00,3.5,97,3.0,0.0,0.0,2.33,10.0,0.036
2016-04-08 07:00:00,5.7,92,4.5,0.0,0.0,2.24,94.0,0.3384
2016-04-08 08:00:00,6.9,89,5.1,0.0,0.0,2.42,149.0,0.5364
2016-04-08 09:00:00,8.2,80,5.0,0.0,0.0,2.22,247.0,0.8892
2016-04-08 10:00:00,9.0,76,4.9,0.0,0.0,1.68,269.0,0.9683999999999999
2016-04-08 11:00:00,9.7,70,4.5,0.0,0.0,1.22,272.0,0.9792
2016-04-08 12:00:00,10.5,65,4.2,0.0,0.0,1.14,317.0,1.1412
2016-04-08 13:00:00,11.0,61,3.8,0.0,0.0,1.75,357.0,1.2852
2016-04-08 14:00:00,11.6,58,3.6,0.0,0.0,2.33,375.0,1.3499999999999999
2016-04-08 15:00:00,11.5,59,3.6,0.0,0.0,2.75,222.0,0.7992
2016-04-08 16:00:00,11.8,57,3.7,0.0,0.0,3.22,296.0,1.0655999999999999
2016-04-08 17:00:00,11.5,60,4.0,0.0,0.0,3.05,187.0,0.6732
2016-04-08 18:00:00,10.8,66,4.7,0.0,0.0,2.77,95.0,0.34199999999999997
2016-04-08 19:00:00,9.2,71,4.2,0.0,0.0,2.55,15.0,0.054
2016-04-08 20:00:00,8.0,79,4.5,0.0,0.0,2.97,0.0,0.0
2016-04-08 21:00:00,7.1,85,4.7,0.0,0.0,3.23,0.0,0.0
2016-04-08 22:00:00,6.5,90,4.9,0.0,0.0,3.55,0.0,0.0
2016-04-08 23:00:00,5.9,92,4.7,0.0,0.0,3.71,0.0,0.0
2016-04-09 00:00:00,5.5,93,4.4,0.0,0.0,3.83,0.0,0.0
2016-04-09 01:00:00,5.4,93,4.3,0.0,0.0,4.18,0.0,0.0
2016-04-09 02:00:00,5.6,93,4.5,0.0,0.0,4.62,0.0,0.0
2016-04-09 03:00:00,6.2,91,4.9,0.2,0.0,5.2,0.0,0.0
2016-04-09 04:00:00,6.8,89,5.1,0.3,0.0,5.71,0.0,0.0
2016-04-09 05:00:00,7.1,88,5.3,0.3,0.0,5.7,0.0,0.0
2016-04-09 06:00:00,7.1,92,5.9,0.4,0.0,4.85,1.0,0.0036
2016-04-09 07:00:00,7.4,94,6.5,0.4,0.0,4.08,22.0,0.07919999999999999
2016-04-09 08:00:00,7.7,95,7.0,0.2,0.0,3.11,73.0,0.2628
2016-04-09 09:00:00,7.8,93,6.7,0.2,0.0,3.24,101.0,0.3636
2016-04-09 10:00:00,8.4,88,6.5,0.1,0.0,2.92,265.0,0.954
2016-04-09 11:00:00,9.1,79,5.7,0.0,0.0,2.94,449.0,1.6164
2016-04-09 12:00:00,9.9,68,4.2,0.0,0.0,3.06,506.0,1.8215999999999999
2016-04-09 13:00:00,10.6,61,3.3,0.0,0.0,4.08,639.0,2.3004
2016-04-09 14:00:00,10.2,60,2.8,0.1,0.0,4.88,453.0,1.6308
2016-04-09 15:00:00,9.7,63,3.0,0.4,0.0,5.05,415.0,1.494
2016-04-09 16:00:00,9.3,67,3.4,0.4,0.0,4.88,317.0,1.1412
2016-04-09 17:00:00,8.7,70,3.5,0.1,0.0,5.59,217.0,0.7812
2016-04-09 18:00:00,7.8,73,3.2,0.2,0.0,4.58,107.0,0.3852
2016-04-09 19:00:00,6.7,75,2.6,0.0,0.0,3.38,19.0,0.0684
2016-04-09 20:00:00,5.6,79,2.3,0.0,0.0,3.18,0.0,0.0
2016-04-09 21:00:00,4.7,84,2.1,0.0,0.0,2.97,0.0,0.0
2016-04-09 22:00:00,3.9,86,1.9,0.0,0.0,2.8,0.0,0.0
2016-04-09 23:00:00,3.0,90,1.5,0.0,0.0,2.47,0.0,0.0
2016-04-10 00:00:00,2.2,92,1.0,0.0,0.0,1.97,0.0,0.0
2016-04-10 01:00:00,1.4,93,0.4,0.0,0.0,1.9,0.0,0.0
2016-04-10 02:00:00,0.8,93,-0.2,0.0,0.0,2.01,0.0,0.0
2016-04-10 03:00:00,0.4,93,-0.6,0.0,0.0,1.92,0.0,0.0
2016-04-10 04:00:00,-0.1,94,-1.0,0.0,0.0,1.77,0.0,0.0
2016-04-10 05:00:00,-0.2,93,-1.2,0.0,0.0,2.48,0.0,0.0
2016-04-10 06:00:00,0.3,93,-0.7,0.0,0.0,3.11,19.0,0.0684
2016-04-10 07:00:00,4.1,87,2.2,0.0,0.0,3.36,130.0,0.46799999999999997
2016-04-10 08:00:00,7.2,77,3.4,0.0,0.0,3.94,286.0,1.0296
2016-04-10 09:00:00,8.8,62,1.8,0.0,0.0,5.24,466.0,1.6776
2016-04-10 10:00:00,9.9,53,0.7,0.0,0.0,5.08,592.0,2.1311999999999998
2016-04-10 11:00:00,10.7,48,0.2,0.0,0.0,5.78,643.0,2.3148
2016-04-10 12:00:00,11.2,46,0.1,0.0,0.0,6.04,621.0,2.2356
2016-04-10 13:00:00,11.4,47,0.5,0.0,0.0,6.3,560.0,2.016
2016-04-10 14:00:00,11.1,51,1.4,0.0,0.0,6.53,374.0,1.3464
2016-04-10 15:00:00,10.6,58,2.7,0.0,0.0,6.9,272.0,0.9792
2016-04-10 16:00:00,10.4,63,3.7,0.0,0.0,6.96,268.0,0.9648
2016-04-10 17:00:00,10.1,67,4.3,0.0,0.0,6.43,240.0,0.864
2016-04-10 18:00:00,9.8,68,4.1,0.0,0.0,7.02,103.0,0.37079999999999996
2016-04-10 19:00:00,8.5,71,3.5,0.0,0.0,6.68,18.0,0.0648
2016-04-10 20:00:00,8.3,73,3.8,0.0,0.0,6.56,0.0,0.0
2016-04-10 21:00:00,8.4,75,4.2,0.0,0.0,6.25,0.0,0.0
2016-04-10 22:00:00,8.8,77,5.0,0.0,0.0,4.53,0.0,0.0
2016-04-10 23:00:00,9.2,80,5.9,0.0,0.0,4.34,0.0,0.0
2016-04-11 00:00:00,9.4,82,6.5,0.0,0.0,4.12,0.0,0.0
2016-04-11 01:00:00,9.2,84,6.6,0.1,0.0,3.89,0.0,0.0
2016-04-11 02:00:00,8.9,86,6.6,0.2,0.0,3.96,0.0,0.0
2016-04-11 03:00:00,8.6,86,6.4,0.0,0.0,4.4,0.0,0.0
2016-04-11 04:00:00,8.7,85,6.2,0.0,0.0,4.11,0.0,0.0
2016-04-11 05:00:00,8.6,83,6.0,0.0,0.0,4.11,0.0,0.0
2016-04-11 06:00:00,8.4,84,5.9,0.0,0.0,4.27,13.0,0.0468
2016-04-11 07:00:00,9.6,84,7.0,0.0,0.0,4.22,84.0,0.3024
2016-04-11 08:00:00,10.9,79,7.4,0.0,0.0,4.03,206.0,0.7415999999999999
2016-04-11 09:00:00,12.0,74,7.6,0.0,0.0,3.9,336.0,1.2096
2016-04-11 10:00:00,13.0,70,7.6,0.0,0.0,3.31,444.0,1.5984
2016-04-11 11:00:00,14.0,66,7.7,0.0,0.0,2.73,517.0,1.8612
2016-04-11 12:00:00,14.1,67,8.1,0.1,0.0,2.68,356.0,1.2816
2016-04-11 13:00:00,13.9,72,9.0,0.5,0.0,2.55,327.0,1.1772
2016-04-11 14:00:00,13.7,75,9.3,0.5,0.0,2.33,329.0,1.1844
2016-04-11 15:00:00,12.8,81,9.7,0.6,0.0,2.53,144.0,0.5184
2016-04-11 16:00:00,12.0,87,9.9,0.6,0.0,2.58,90.0,0.324
2016-04-11 17:00:00,11.4,89,9.7,0.4,0.0,2.4,66.0,0.2376
2016-04-11 18:00:00,10.8,91,9.3,0.1,0.0,2.05,46.0,0.1656
2016-04-11 19:00:00,10.6,85,8.2,0.0,0.0,1.91,17.0,0.0612
2016-04-11 20:00:00,9.8,88,7.9,0.0,0.0,2.19,0.0,0.0
2016-04-11 21:00:00,8.9,91,7.5,0.0,0.0,2.4,0.0,0.0
2016-04-11 22:00:00,8.2,93,7.1,0.1,0.0,2.19,0.0,0.0
2016-04-11 23:00:00,7.8,93,6.8,0.0,0.0,2.28,0.0,0.0
2016-04-12 00:00:00,7.5,94,6.6,0.2,0.0,2.06,0.0,0.0
2016-04-12 01:00:00,7.3,95,6.5,0.0,0.0,2.36,0.0,0.0
2016-04-12 02:00:00,7.2,95,6.4,0.0,0.0,2.58,0.0,0.0
2016-04-12 03:00:00,7.0,96,6.3,0.0,0.0,2.33,0.0,0.0
2016-04-12 04:00:00,6.5,96,5.9,0.0,0.0,2.14,0.0,0.0
2016-04-12 05:00:00,6.2,96,5.6,0.0,0.0,2.08,0.0,0.0
2016-04-12 06:00:00,6.1,97,5.6,0.0,0.0,2.3,15.0,0.054
2016-04-12 07:00:00,7.2,95,6.5,0.0,0.0,2.8,62.0,0.22319999999999998
2016-04-12 08:00:00,9.0,86,6.9,0.0,0.0,2.75,186.0,0.6696
2016-04-12 09:00:00,10.3,84,7.8,0.0,0.0,2.51,336.0,1.2096
2016-04-12 10:00:00,11.8,76,7.7,0.0,0.0,2.36,497.0,1.7892
2016-04-12 11:00:00,13.2,67,7.2,0.0,0.0,2.66,637.0,2.2932
2016-04-12 12:00:00,14.0,63,7.0,0.0,0.0,3.14,625.0,2.25
2016-04-12 13:00:00,14.5,58,6.3,0.0,0.0,3.33,651.0,2.3436
2016-04-12 14:00:00,14.9,54,5.6,0.0,0.0,3.3,651.0,2.3436
2016-04-12 15:00:00,15.0,52,5.2,0.0,0.0,3.36,551.0,1.9836
2016-04-12 16:00:00,14.1,53,4.6,0.4,0.0,3.44,418.0,1.5048
2016-04-12 17:00:00,13.6,55,4.7,0.0,0.0,2.94,267.0,0.9611999999999999
2016-04-12 18:00:00,12.7,62,5.7,0.0,0.0,1.35,143.0,0.5148
2016-04-12 19:00:00,11.8,66,5.5,0.0,0.0,1.65,23.0,0.0828
2016-04-12 20:00:00,9.4,77,5.6,0.0,0.0,2.2,0.0,0.0
2016-04-12 21:00:00,7.4,87,5.4,0.0,0.0,2.31,0.0,0.0
2016-04-12 22:00:00,6.3,90,4.7,0.0,0.0,2.25,0.0,0.0
2016-04-12 23:00:00,5.3,93,4.2,0.0,0.0,2.47,0.0,0.0
2016-04-13 00:00:00,4.7,95,3.9,0.0,0.0,2.3,0.0,0.0
2016-04-13 01:00:00,4.4,96,3.9,0.0,0.0,1.97,0.0,0.0
2016-04-13 02:00:00,4.4,97,3.9,0.0,0.0,1.92,0.0,0.0
2016-04-13 03:00:00,4.7,98,4.4,0.0,0.0,2.1,0.0,0.0
2016-04-13 04:00:00,4.7,98,4.4,0.0,0.0,2.2,0.0,0.0
2016-04-13 05:00:00,4.3,99,4.2,0.0,0.0,2.0,0.0,0.0
2016-04-13 06:00:00,3.8,99,3.7,0.0,0.0,1.21,24.0,0.0864
2016-04-13 07:00:00,6.3,94,5.4,0.0,0.0,1.41,147.0,0.5292
2016-04-13 08:00:00,9.6,82,6.7,0.0,0.0,0.86,299.0,1.0764
2016-04-13 09:00:00,11.9,70,6.6,0.0,0.0,0.85,451.0,1.6236
2016-04-13 10:00:00,13.3,61,5.9,0.0,0.0,0.51,591.0,2.1276
2016-04-13 11:00:00,14.4,56,5.6,0.0,0.0,0.85,702.0,2.5272
2016-04-13 12:00:00,15.1,53,5.5,0.0,0.0,1.39,752.0,2.7072
2016-04-13 13:00:00,15.8,51,5.5,0.0,0.0,1.79,752.0,2.7072
2016-04-13 14:00:00,15.9,51,5.9,0.0,0.0,1.79,593.0,2.1348
2016-04-13 15:00:00,15.9,53,6.3,0.0,0.0,1.57,525.0,1.89
2016-04-13 16:00:00,15.2,55,6.3,0.5,0.0,1.61,351.0,1.2636
2016-04-13 17:00:00,13.4,66,7.2,0.7,0.0,2.02,191.0,0.6876
2016-04-13 18:00:00,12.8,70,7.5,0.0,0.0,2.43,99.0,0.3564
2016-04-13 19:00:00,12.3,61,5.0,0.0,0.0,2.22,22.0,0.07919999999999999
2016-04-13 20:00:00,10.6,71,5.7,0.0,0.0,1.7,0.0,0.0
2016-04-13 21:00:00,9.0,80,5.7,0.0,0.0,1.97,0.0,0.0
2016-04-13 22:00:00,7.4,88,5.5,0.0,0.0,2.2,0.0,0.0
2016-04-13 23:00:00,6.9,88,5.1,0.0,0.0,2.14,0.0,0.0
2016-04-14 00:00:00,6.8,89,5.2,0.0,0.0,2.02,0.0,0.0
2016-04-14 01:00:00,6.1,93,5.0,0.0,0.0,1.87,0.0,0.0
2016-04-14 02:00:00,5.2,97,4.7,0.0,0.0,1.97,0.0,0.0
2016-04-14 03:00:00,5.1,98,4.8,0.0,0.0,2.11,0.0,0.0
2016-04-14 04:00:00,5.2,98,5.0,0.0,0.0,2.06,0.0,0.0
2016-04-14 05:00:00,5.6,99,5.4,0.0,0.0,1.88,0.0,0.0
2016-04-14 06:00:00,6.0,99,5.8,0.0,0.0,1.39,17.0,0.0612
2016-04-14 07:00:00,8.2,91,6.8,0.0,0.0,1.2,133.0,0.4788
2016-04-14 08:00:00,10.5,84,7.9,0.0,0.0,1.04,310.0,1.1159999999999999
2016-04-14 09:00:00,12.5,74,7.9,0.0,0.0,1.3,464.0,1.6703999999999999
2016-04-14 10:00:00,13.8,65,7.2,0.0,0.0,1.8,568.0,2.0448
2016-04-14 11:00:00,14.7,60,7.0,0.0,0.0,2.28,689.0,2.4804
2016-04-14 12:00:00,15.1,61,7.7,0.0,0.0,2.92,664.0,2.3904
2016-04-14 13:00:00,15.5,62,8.3,0.1,0.0,3.45,689.0,2.4804
2016-04-14 14:00:00,14.6,66,8.3,1.9,0.0,3.54,499.0,1.7964
2016-04-14 15:00:00,13.6,68,7.8,0.7,0.0,3.51,473.0,1.7027999999999999
2016-04-14 16:00:00,13.3,66,7.1,0.0,0.0,3.71,264.0,0.9504
2016-04-14 17:00:00,12.6,68,6.9,0.0,0.0,3.26,170.0,0.612
2016-04-14 18:00:00,11.9,72,7.1,0.0,0.0,2.06,92.0,0.3312
2016-04-14 19:00:00,11.6,71,6.5,0.0,0.0,1.56,16.0,0.0576
2016-04-14 20:00:00,10.6,76,6.6,0.0,0.0,2.02,0.0,0.0
2016-04-14 21:00:00,9.9,81,6.9,0.2,0.0,2.25,0.0,0.0
2016-04-14 22:00:00,9.3,86,7.1,0.5,0.0,1.7,0.0,0.0
2016-04-14 23:00:00,8.8,92,7.5,0.5,0.0,1.0,0.0,0.0
2016-04-15 00:00:00,8.4,93,7.4,0.6,0.0,1.14,0.0,0.0
2016-04-15 01:00:00,8.5,95,7.7,0.7,0.0,0.82,0.0,0.0
2016-04-15 02:00:00,8.7,91,7.3,0.6,0.0,0.92,0.0,0.0
2016-04-15 03:00:00,8.5,93,7.5,0.3,0.0,0.81,0.0,0.0
2016-04-15 04:00:00,8.4,95,7.6,0.0,0.0,0.36,0.0,0.0
2016-04-15 05:00:00,8.3,96,7.7,0.0,0.0,0.14,0.0,0.0
2016-04-15 06:00:00,8.3,96,7.6,0.0,0.0,0.2,8.0,0.0288
2016-04-15 07:00:00,9.1,97,8.6,0.0,0.0,0.22,114.0,0.4104
2016-04-15 08:00:00,9.8,96,9.2,0.0,0.0,0.76,115.0,0.414
2016-04-15 09:00:00,11.0,94,10.1,0.2,0.0,1.0,237.0,0.8532
2016-04-15 10:00:00,11.4,92,10.1,0.3,0.0,0.22,218.0,0.7847999999999999
2016-04-15 11:00:00,12.0,89,10.2,0.8,0.0,1.0,301.0,1.0836
2016-04-15 12:00:00,12.3,84,9.7,1.0,0.0,3.47,385.0,1.386
2016-04-15 13:00:00,11.1,80,7.8,1.9,0.0,4.52,305.0,1.0979999999999999
2016-04-15 14:00:00,10.2,86,7.9,1.7,0.0,3.54,122.0,0.4392
2016-04-15 15:00:00,10.1,87,8.0,1.4,0.0,2.34,92.0,0.3312
2016-04-15 16:00:00,9.9,89,8.1,1.3,0.0,0.91,63.0,0.2268
2016-04-15 17:00:00,10.2,86,8.0,0.8,0.0,0.92,113.0,0.4068
2016-04-15 18:00:00,10.1,89,8.4,0.5,0.0,2.82,68.0,0.2448
2016-04-15 19:00:00,9.1,94,8.2,0.4,0.0,3.9,5.0,0.018
2016-04-15 20:00:00,8.4,95,7.6,0.0,0.0,4.17,0.0,0.0
2016-04-15 21:00:00,7.6,95,6.8,0.0,0.0,3.61,0.0,0.0
2016-04-15 22:00:00,7.0,96,6.3,0.0,0.0,2.75,0.0,0.0
2016-04-15 23:00:00,6.9,95,6.2,0.0,0.0,2.47,0.0,0.0
2016-04-16 00:00:00,6.8,95,6.1,0.0,0.0,2.57,0.0,0.0
2016-04-16 01:00:00,6.6,94,5.7,0.1,0.0,3.23,0.0,0.0
2016-04-16 02:00:00,6.2,92,5.0,0.3,0.0,3.72,0.0,0.0
2016-04-16 03:00:00,5.6,94,4.7,0.1,0.0,3.61,0.0,0.0
2016-04-16 04:00:00,4.9,94,4.0,0.0,0.0,3.59,0.0,0.0
2016-04-16 05:00:00,4.6,92,3.4,0.0,0.0,3.59,0.0,0.0
2016-04-16 06:00:00,4.6,92,3.4,0.0,0.0,3.61,18.0,0.0648
2016-04-16 07:00:00,5.2,92,4.0,0.2,0.0,3.83,79.0,0.2844
2016-04-16 08:00:00,5.0,90,3.5,0.2,0.0,3.89,145.0,0.522
2016-04-16 09:00:00,5.9,92,4.6,0.1,0.0,4.21,318.0,1.1448
2016-04-16 10:00:00,5.5,90,4.0,0.3,0.0,3.89,235.0,0.846
2016-04-16 11:00:00,6.2,85,3.9,0.3,0.0,4.0,370.0,1.332
2016-04-16 12:00:00,6.7,79,3.4,0.3,0.0,3.83,411.0,1.4796
2016-04-16 13:00:00,7.5,72,2.8,0.3,0.0,3.45,553.0,1.9908
2016-04-16 14:00:00,8.2,64,1.8,0.1,0.0,3.38,611.0,2.1995999999999998
2016-04-16 15:00:00,8.3,57,0.2,0.0,0.0,3.51,466.0,1.6776
2016-04-16 16:00:00,8.4,54,-0.4,0.0,0.0,3.51,427.0,1.5372
2016-04-16 17:00:00,8.0,55,-0.6,0.0,0.0,3.51,286.0,1.0296
2016-04-16 18:00:00,7.2,62,0.3,0.0,0.0,4.2,135.0,0.486
2016-04-16 19:00:00,5.9,65,-0.1,0.0,0.0,3.82,29.0,0.10439999999999999
2016-04-16 20:00:00,4.9,73,0.6,0.0,0.0,3.1,0.0,0.0
2016-04-16 21:00:00,4.1,81,1.1,0.0,0.0,3.48,0.0,0.0
2016-04-16 22:00:00,3.7,85,1.3,0.0,0.0,2.6,0.0,0.0
2016-04-16 23:00:00,3.3,87,1.3,0.0,0.0,2.4,0.0,0.0
2016-04-17 00:00:00,2.4,91,1.0,0.0,0.0,2.25,0.0,0.0
2016-04-17 01:00:00,1.6,92,0.5,0.0,0.0,2.25,0.0,0.0
2016-04-17 02:00:00,0.9,94,0.0,0.0,0.0,2.34,0.0,0.0
2016-04-17 03:00:00,0.3,94,-0.5,0.0,0.0,2.33,0.0,0.0
2016-04-17 04:00:00,-0.1,94,-1.0,0.0,0.0,2.4,0.0,0.0
2016-04-17 05:00:00,-0.5,94,-1.4,0.0,0.0,2.48,0.0,0.0
2016-04-17 06:00:00,0.0,94,-0.9,0.0,0.0,2.83,39.0,0.1404
2016-04-17 07:00:00,2.7,87,0.8,0.0,0.0,2.48,178.0,0.6408
2016-04-17 08:00:00,4.4,82,1.6,0.0,0.0,2.36,346.0,1.2456
2016-04-17 09:00:00,6.2,72,1.5,0.0,0.0,2.69,506.0,1.8215999999999999
2016-04-17 10:00:00,7.4,61,0.3,0.1,0.0,2.61,558.0,2.0088
2016-04-17 11:00:00,8.4,54,-0.3,0.3,0.0,2.77,634.0,2.2824
2016-04-17 12:00:00,9.1,51,-0.4,0.3,0.0,2.73,662.0,2.3832
2016-04-17 13:00:00,9.7,49,-0.5,0.3,0.0,2.37,684.0,2.4624
2016-04-17 14:00:00,10.0,48,-0.6,0.1,0.0,2.39,595.0,2.142
2016-04-17 15:00:00,10.2,47,-0.5,0.0,0.0,2.33,562.0,2.0232
2016-04-17 16:00:00,10.3,47,-0.6,0.0,0.0,2.34,407.0,1.4652
2016-04-17 17:00:00,10.4,44,-1.3,0.0,0.0,2.3,307.0,1.1052
2016-04-17 18:00:00,9.9,49,-0.2,0.0,0.0,1.49,120.0,0.432
2016-04-17 19:00:00,8.7,57,0.7,0.0,0.0,2.11,37.0,0.13319999999999999
2016-04-17 20:00:00,6.8,68,1.3,0.0,0.0,2.24,0.0,0.0
2016-04-17 21:00:00,5.2,75,1.0,0.0,0.0,2.1,0.0,0.0
2016-04-17 22:00:00,4.2,78,0.7,0.0,0.0,2.36,0.0,0.0
2016-04-17 23:00:00,3.7,79,0.4,0.0,0.0,2.78,0.0,0.0
2016-04-18 00:00:00,3.4,80,0.3,0.0,0.0,2.95,0.0,0.0
2016-04-18 01:00:00,3.3,82,0.6,0.0,0.0,2.94,0.0,0.0
2016-04-18 02:00:00,2.7,88,0.8,0.0,0.0,2.84,0.0,0.0
2016-04-18 03:00:00,2.1,91,0.8,0.0,0.0,2.67,0.0,0.0
2016-04-18 04:00:00,1.7,92,0.6,0.0,0.0,2.72,0.0,0.0
2016-04-18 05:00:00,1.4,93,0.3,0.0,0.0,2.85,0.0,0.0
2016-04-18 06:00:00,2.1,91,0.8,0.0,0.0,3.35,41.0,0.1476
2016-04-18 07:00:00,4.9,81,1.9,0.0,0.0,3.32,180.0,0.648
2016-04-18 08:00:00,7.2,74,2.9,0.0,0.0,3.74,338.0,1.2167999999999999
2016-04-18 09:00:00,9.2,70,4.0,0.0,0.0,4.32,494.0,1.7784
2016-04-18 10:00:00,10.6,59,2.8,0.0,0.0,5.3,548.0,1.9727999999999999
2016-04-18 11:00:00,10.7,59,2.9,0.0,0.0,5.2,373.0,1.3428
2016-04-18 12:00:00,11.0,58,3.1,0.0,0.0,5.31,336.0,1.2096
2016-04-18 13:00:00,11.3,58,3.3,0.0,0.0,5.21,353.0,1.2708
2016-04-18 14:00:00,11.3,59,3.5,0.0,0.0,5.12,245.0,0.882
2016-04-18 15:00:00,11.4,59,3.7,0.0,0.0,5.02,223.0,0.8028
2016-04-18 16:00:00,11.4,60,3.9,0.0,0.0,5.0,176.0,0.6335999999999999
2016-04-18 17:00:00,11.3,63,4.5,0.0,0.0,4.11,118.0,0.4248
2016-04-18 18:00:00,11.0,65,4.6,0.0,0.0,3.71,74.0,0.26639999999999997
2016-04-18 19:00:00,9.8,71,4.7,0.0,0.0,3.21,14.0,0.0504
2016-04-18 20:00:00,9.4,73,4.7,0.0,0.0,3.04,0.0,0.0
2016-04-18 21:00:00,9.1,74,4.7,0.0,0.0,3.04,0.0,0.0
2016-04-18 22:00:00,8.7,76,4.7,0.0,0.0,3.04,0.0,0.0
2016-04-18 23:00:00,8.5,78,4.8,0.0,0.0,3.08,0.0,0.0
2016-04-19 00:00:00,8.0,81,4.8,0.0,0.0,3.03,0.0,0.0
2016-04-19 01:00:00,7.6,83,4.9,0.0,0.0,2.9,0.0,0.0
2016-04-19 02:00:00,7.1,86,5.0,0.0,0.0,2.7,0.0,0.0
2016-04-19 03:00:00,6.8,88,4.9,0.0,0.0,2.38,0.0,0.0
2016-04-19 04:00:00,6.5,90,4.9,0.0,0.0,2.06,0.0,0.0
2016-04-19 05:00:00,5.9,93,4.8,0.0,0.0,1.84,0.0,0.0
2016-04-19 06:00:00,5.8,94,4.8,0.0,0.0,2.06,34.0,0.1224
2016-04-19 07:00:00,8.3,83,5.5,0.0,0.0,2.1,118.0,0.4248
2016-04-19 08:00:00,9.5,73,5.0,0.0,0.0,2.42,231.0,0.8316
2016-04-19 09:00:00,10.1,65,3.8,0.0,0.0,2.52,319.0,1.1483999999999999
2016-04-19 10:00:00,11.1,59,3.5,0.0,0.0,2.11,509.0,1.8324
2016-04-19 11:00:00,12.0,54,3.0,0.0,0.0,2.0,650.0,2.34
2016-04-19 12:00:00,12.4,52,2.8,0.0,0.0,1.9,635.0,2.286
2016-04-19 13:00:00,13.0,51,3.0,0.0,0.0,2.04,670.0,2.412
2016-04-19 14:00:00,13.5,51,3.4,0.0,0.0,2.15,676.0,2.4335999999999998
2016-04-19 15:00:00,13.7,50,3.5,0.0,0.0,2.42,579.0,2.0844
2016-04-19 16:00:00,13.7,50,3.4,0.0,0.0,2.7,470.0,1.692
2016-04-19 17:00:00,13.2,50,3.0,0.0,0.0,3.0,344.0,1.2384
2016-04-19 18:00:00,12.2,58,4.1,0.0,0.0,2.67,186.0,0.6696
2016-04-19 19:00:00,10.3,66,4.3,0.0,0.0,2.93,47.0,0.1692
2016-04-19 20:00:00,8.6,75,4.4,0.0,0.0,3.71,0.0,0.0
2016-04-19 21:00:00,7.4,81,4.4,0.0,0.0,3.8,0.0,0.0
2016-04-19 22:00:00,6.6,86,4.5,0.0,0.0,3.51,0.0,0.0
2016-04-19 23:00:00,5.8,90,4.3,0.0,0.0,3.47,0.0,0.0
2016-04-20 00:00:00,5.2,91,3.8,0.0,0.0,3.45,0.0,0.0
2016-04-20 01:00:00,4.4,92,3.2,0.0,0.0,3.51,0.0,0.0
2016-04-20 02:00:00,4.0,92,2.7,0.0,0.0,3.2,0.0,0.0
2016-04-20 03:00:00,3.5,93,2.4,0.0,0.0,3.07,0.0,0.0
2016-04-20 04:00:00,3.0,94,2.1,0.0,0.0,2.73,0.0,0.0
2016-04-20 05:00:00,2.5,95,1.7,0.0,0.0,2.52,0.0,0.0
2016-04-20 06:00:00,3.2,95,2.4,0.0,0.0,3.35,49.0,0.1764
2016-04-20 07:00:00,6.6,85,4.2,0.0,0.0,3.76,176.0,0.6335999999999999
2016-04-20 08:00:00,7.9,75,3.7,0.0,0.0,4.9,313.0,1.1268
2016-04-20 09:00:00,9.1,69,3.7,0.0,0.0,5.17,487.0,1.7531999999999999
2016-04-20 10:00:00,9.9,65,3.6,0.0,0.0,5.17,589.0,2.1204
2016-04-20 11:00:00,10.7,62,3.7,0.0,0.0,5.68,707.0,2.5452
2016-04-20 12:00:00,11.3,60,3.7,0.0,0.0,5.73,771.0,2.7756
2016-04-20 13:00:00,11.7,58,3.6,0.0,0.0,5.59,791.0,2.8476
2016-04-20 14:00:00,11.8,56,3.3,0.0,0.0,5.38,747.0,2.6892
2016-04-20 15:00:00,11.5,57,3.2,0.0,0.0,5.34,659.0,2.3724
2016-04-20 16:00:00,10.9,59,3.3,0.0,0.0,5.6,526.0,1.8936
2016-04-20 17:00:00,10.0,63,3.3,0.0,0.0,6.02,365.0,1.314
2016-04-20 18:00:00,9.0,68,3.4,0.0,0.0,5.35,197.0,0.7091999999999999
2016-04-20 19:00:00,7.6,71,2.7,0.0,0.0,5.42,51.0,0.18359999999999999
2016-04-20 20:00:00,6.6,77,2.8,0.0,0.0,5.73,0.0,0.0
2016-04-20 21:00:00,5.9,81,3.0,0.0,0.0,5.29,0.0,0.0
2016-04-20 22:00:00,5.6,85,3.3,0.0,0.0,4.48,0.0,0.0
2016-04-20 23:00:00,5.6,89,3.8,0.0,0.0,4.61,0.0,0.0
2016-04-21 00:00:00,5.6,91,4.3,0.0,0.0,4.83,0.0,0.0
2016-04-21 01:00:00,5.8,92,4.6,0.0,0.0,4.37,0.0,0.0
2016-04-21 02:00:00,6.0,92,4.8,0.0,0.0,3.61,0.0,0.0
2016-04-21 03:00:00,5.9,93,4.8,0.0,0.0,3.98,0.0,0.0
2016-04-21 04:00:00,6.0,93,4.9,0.0,0.0,4.53,0.0,0.0
2016-04-21 05:00:00,6.3,93,5.2,0.0,0.0,4.79,0.0,0.0
2016-04-21 06:00:00,6.8,91,5.4,0.0,0.0,4.83,17.0,0.0612
2016-04-21 07:00:00,8.1,87,6.1,0.0,0.0,5.24,160.0,0.576
2016-04-21 08:00:00,9.6,81,6.4,0.0,0.0,5.85,280.0,1.008
2016-04-21 09:00:00,10.6,76,6.5,0.0,0.0,5.72,358.0,1.2888
2016-04-21 10:00:00,11.7,71,6.6,0.0,0.0,5.32,476.0,1.7136
2016-04-21 11:00:00,12.5,67,6.5,0.0,0.0,5.88,517.0,1.8612
2016-04-21 12:00:00,13.1,64,6.4,0.0,0.0,5.98,621.0,2.2356
2016-04-21 13:00:00,13.4,62,6.2,0.0,0.0,6.18,608.0,2.1888
2016-04-21 14:00:00,13.6,61,6.1,0.0,0.0,6.0,596.0,2.1456
2016-04-21 15:00:00,13.7,60,6.1,0.0,0.0,5.82,583.0,2.0987999999999998
2016-04-21 16:00:00,13.3,61,5.8,0.0,0.0,5.55,431.0,1.5515999999999999
2016-04-21 17:00:00,12.2,65,5.8,0.0,0.0,5.06,188.0,0.6768
2016-04-21 18:00:00,11.2,69,5.8,0.0,0.0,4.66,78.0,0.2808
2016-04-21 19:00:00,10.0,64,3.6,0.0,0.0,4.48,34.0,0.1224
2016-04-21 20:00:00,8.6,69,3.2,0.0,0.0,4.7,0.0,0.0
2016-04-21 21:00:00,7.8,70,2.7,0.0,0.0,4.8,0.0,0.0
2016-04-21 22:00:00,7.4,70,2.2,0.0,0.0,4.84,0.0,0.0
2016-04-21 23:00:00,7.3,70,2.1,0.0,0.0,5.19,0.0,0.0
2016-04-22 00:00:00,7.4,70,2.3,0.0,0.0,5.28,0.0,0.0
2016-04-22 01:00:00,7.3,71,2.4,0.0,0.0,5.19,0.0,0.0
2016-04-22 02:00:00,7.1,72,2.3,0.0,0.0,4.99,0.0,0.0
2016-04-22 03:00:00,7.1,72,2.4,0.0,0.0,4.74,0.0,0.0
2016-04-22 04:00:00,6.6,76,2.6,0.0,0.0,4.62,0.0,0.0
2016-04-22 05:00:00,6.2,81,3.1,0.0,0.0,4.53,0.0,0.0
2016-04-22 06:00:00,6.5,83,3.9,0.0,0.0,4.83,32.0,0.1152
2016-04-22 07:00:00,7.9,80,4.6,0.0,0.0,5.74,171.0,0.6156
2016-04-22 08:00:00,8.4,79,4.9,0.0,0.0,6.18,153.0,0.5508
2016-04-22 09:00:00,8.9,76,4.9,0.0,0.0,6.13,159.0,0.5724
2016-04-22 10:00:00,9.4,73,4.8,0.0,0.0,5.52,189.0,0.6804
2016-04-22 11:00:00,9.7,71,4.8,0.0,0.0,5.48,210.0,0.756
2016-04-22 12:00:00,9.9,70,4.8,0.0,0.0,5.2,217.0,0.7812
2016-04-22 13:00:00,9.6,73,5.1,0.0,0.0,4.88,168.0,0.6048
2016-04-22 14:00:00,9.5,75,5.2,0.1,0.0,4.57,166.0,0.5976
2016-04-22 15:00:00,9.4,75,5.1,0.2,0.0,4.36,190.0,0.6839999999999999
2016-04-22 16:00:00,8.7,79,5.2,0.3,0.0,4.3,81.0,0.29159999999999997
2016-04-22 17:00:00,8.1,82,5.1,0.4,0.0,4.34,53.0,0.1908
2016-04-22 18:00:00,7.2,88,5.3,0.5,0.0,4.61,24.0,0.0864
2016-04-22 19:00:00,7.1,90,5.5,1.0,0.0,4.67,7.0,0.0252
2016-04-22 20:00:00,6.5,89,4.8,0.8,0.0,4.67,0.0,0.0
2016-04-22 21:00:00,5.9,89,4.2,0.5,0.0,4.74,0.0,0.0
2016-04-22 22:00:00,5.5,89,3.8,0.3,0.0,4.0,0.0,0.0
2016-04-22 23:00:00,5.2,88,3.4,0.2,0.0,3.86,0.0,0.0
2016-04-23 00:00:00,4.9,87,2.8,0.2,0.0,3.62,0.0,0.0
2016-04-23 01:00:00,4.7,89,3.0,0.0,0.0,3.57,0.0,0.0
2016-04-23 02:00:00,4.3,88,2.5,0.0,0.0,3.67,0.0,0.0
2016-04-23 03:00:00,3.8,89,2.1,0.0,0.0,3.93,0.0,0.0
2016-04-23 04:00:00,3.3,91,1.9,0.0,0.0,4.22,0.0,0.0
2016-04-23 05:00:00,3.0,92,1.8,0.0,0.0,4.21,0.0,0.0
2016-04-23 06:00:00,3.3,93,2.3,0.0,0.0,4.2,52.0,0.1872
2016-04-23 07:00:00,4.7,88,2.9,0.0,0.0,4.82,197.0,0.7091999999999999
2016-04-23 08:00:00,5.8,78,2.3,0.0,0.0,5.47,281.0,1.0116
2016-04-23 09:00:00,6.6,72,1.9,0.0,0.0,5.49,342.0,1.2312
2016-04-23 10:00:00,7.8,63,1.2,0.0,0.0,5.05,496.0,1.7855999999999999
2016-04-23 11:00:00,8.6,59,1.0,0.0,0.0,5.41,558.0,2.0088
2016-04-23 12:00:00,9.2,54,0.3,0.0,0.0,5.91,565.0,2.034
2016-04-23 13:00:00,9.6,50,-0.3,0.0,0.0,5.9,576.0,2.0736
2016-04-23 14:00:00,9.5,50,-0.4,0.0,0.0,5.9,452.0,1.6272
2016-04-23 15:00:00,9.5,49,-0.7,0.0,0.0,5.7,434.0,1.5624
2016-04-23 16:00:00,9.0,50,-0.8,0.0,0.0,5.4,349.0,1.2564
2016-04-23 17:00:00,8.8,50,-1.0,0.0,0.0,4.8,264.0,0.9504
2016-04-23 18:00:00,8.2,54,-0.5,0.0,0.0,3.01,146.0,0.5256
2016-04-23 19:00:00,7.4,58,-0.3,0.0,0.0,2.11,58.0,0.20879999999999999
2016-04-23 20:00:00,6.6,63,-0.0,0.0,0.0,1.71,0.0,0.0
2016-04-23 21:00:00,5.8,66,-0.1,0.0,0.0,1.53,0.0,0.0
2016-04-23 22:00:00,3.6,79,0.4,0.0,0.0,1.25,0.0,0.0
2016-04-23 23:00:00,3.7,83,1.1,0.0,0.0,1.5,0.0,0.0
2016-04-24 00:00:00,3.4,85,1.1,0.0,0.0,1.7,0.0,0.0
2016-04-24 01:00:00,3.8,84,1.4,0.0,0.0,1.84,0.0,0.0
2016-04-24 02:00:00,3.8,85,1.5,0.0,0.0,1.66,0.0,0.0
2016-04-24 03:00:00,3.5,86,1.4,0.1,0.0,1.77,0.0,0.0
2016-04-24 04:00:00,3.7,84,1.2,0.2,0.0,2.2,0.0,0.0
2016-04-24 05:00:00,3.5,85,1.2,0.2,0.0,2.6,0.0,0.0
2016-04-24 06:00:00,3.5,85,1.1,0.0,0.0,2.83,24.0,0.0864
2016-04-24 07:00:00,3.3,88,1.5,0.0,0.0,3.77,69.0,0.24839999999999998
2016-04-24 08:00:00,4.4,79,1.1,0.0,0.0,4.49,195.0,0.702
2016-04-24 09:00:00,5.5,68,-0.0,0.0,0.0,5.41,390.0,1.404
2016-04-24 10:00:00,6.7,57,-1.1,0.0,0.0,5.51,549.0,1.9764
2016-04-24 11:00:00,8.0,50,-1.9,0.0,0.0,5.87,612.0,2.2032
2016-04-24 12:00:00,8.2,49,-1.9,0.0,0.0,5.87,448.0,1.6128
2016-04-24 13:00:00,9.3,46,-1.6,0.1,0.0,5.39,608.0,2.1888
2016-04-24 14:00:00,9.2,48,-1.2,0.0,0.0,5.31,394.0,1.4183999999999999
2016-04-24 15:00:00,9.1,51,-0.5,0.0,0.0,5.46,371.0,1.3356
2016-04-24 16:00:00,8.9,54,0.1,0.0,0.0,4.72,341.0,1.2276
2016-04-24 17:00:00,8.2,60,0.9,0.0,0.0,3.69,183.0,0.6587999999999999
2016-04-24 18:00:00,7.8,63,1.1,0.0,0.0,2.48,126.0,0.4536
2016-04-24 19:00:00,7.1,71,2.2,0.0,0.0,1.53,18.0,0.0648
2016-04-24 20:00:00,6.6,77,2.8,0.0,0.0,1.36,0.0,0.0
2016-04-24 21:00:00,6.1,82,3.2,0.0,0.0,1.3,0.0,0.0
2016-04-24 22:00:00,6.0,84,3.5,0.0,0.0,1.8,0.0,0.0
2016-04-24 23:00:00,5.9,86,3.7,0.0,0.0,2.2,0.0,0.0
2016-04-25 00:00:00,5.4,89,3.8,0.0,0.0,2.7,0.0,0.0
2016-04-25 01:00:00,5.4,91,4.0,0.0,0.0,3.0,0.0,0.0
2016-04-25 02:00:00,5.2,92,4.1,0.0,0.0,3.2,0.0,0.0
2016-04-25 03:00:00,5.1,93,4.0,0.0,0.0,3.51,0.0,0.0
2016-04-25 04:00:00,5.0,93,3.9,0.0,0.0,3.73,0.0,0.0
2016-04-25 05:00:00,4.8,92,3.7,0.0,0.0,3.77,1.0,0.0036
2016-04-25 06:00:00,5.2,91,3.9,0.0,0.0,3.98,45.0,0.162
2016-04-25 07:00:00,6.6,88,4.7,0.2,0.0,4.28,117.0,0.42119999999999996
2016-04-25 08:00:00,7.6,84,5.1,0.2,0.0,4.9,203.0,0.7308
2016-04-25 09:00:00,8.4,82,5.4,0.1,0.0,4.79,238.0,0.8568
2016-04-25 10:00:00,8.7,78,5.1,0.4,0.0,4.66,225.0,0.8099999999999999
2016-04-25 11:00:00,9.3,77,5.4,0.1,0.0,5.28,352.0,1.2671999999999999
2016-04-25 12:00:00,10.3,74,5.8,0.0,0.0,5.57,500.0,1.8
2016-04-25 13:00:00,11.3,70,6.1,0.0,0.0,5.78,607.0,2.1852
2016-04-25 14:00:00,11.4,69,5.9,0.0,0.0,5.78,527.0,1.8972
2016-04-25 15:00:00,11.6,67,5.7,0.0,0.0,5.88,489.0,1.7604
2016-04-25 16:00:00,10.7,65,4.3,0.2,0.0,6.66,358.0,1.2888
2016-04-25 17:00:00,8.4,72,3.6,0.5,0.0,5.82,244.0,0.8784
2016-04-25 18:00:00,6.5,78,2.8,0.2,0.0,4.94,112.0,0.4032
2016-04-25 19:00:00,5.6,76,1.6,0.0,0.0,3.82,36.0,0.1296
2016-04-25 20:00:00,5.0,76,1.2,0.0,0.0,2.84,0.0,0.0
2016-04-25 21:00:00,4.8,75,0.8,0.0,0.0,2.44,0.0,0.0
2016-04-25 22:00:00,4.6,75,0.6,0.0,0.0,2.39,0.0,0.0
2016-04-25 23:00:00,4.2,77,0.5,0.0,0.0,2.98,0.0,0.0
2016-04-26 00:00:00,3.5,80,0.3,0.0,0.0,3.71,0.0,0.0
2016-04-26 01:00:00,2.7,85,0.5,0.0,0.0,4.03,0.0,0.0
2016-04-26 02:00:00,2.2,89,0.5,0.0,0.0,4.27,0.0,0.0
2016-04-26 03:00:00,1.9,87,-0.1,0.0,0.0,4.61,0.0,0.0
2016-04-26 04:00:00,1.6,80,-1.4,0.0,0.0,4.8,0.0,0.0
2016-04-26 05:00:00,1.3,76,-2.5,0.0,0.0,4.78,1.0,0.0036
2016-04-26 06:00:00,1.9,74,-2.3,0.0,0.0,4.69,72.0,0.2592
2016-04-26 07:00:00,3.2,71,-1.6,0.0,0.0,5.37,222.0,0.7992
2016-04-26 08:00:00,4.6,64,-1.6,0.0,0.0,5.92,389.0,1.4003999999999999
2016-04-26 09:00:00,5.6,62,-1.1,0.0,0.0,6.41,536.0,1.9296
2016-04-26 10:00:00,6.5,57,-1.4,0.0,0.0,5.08,650.0,2.34
2016-04-26 11:00:00,7.4,55,-1.1,0.0,0.0,5.12,688.0,2.4768
2016-04-26 12:00:00,8.1,55,-0.3,0.0,0.0,5.3,722.0,2.5991999999999997
2016-04-26 13:00:00,8.8,56,0.4,0.0,0.0,5.66,781.0,2.8116
2016-04-26 14:00:00,9.0,56,0.6,0.0,0.0,5.8,682.0,2.4552
2016-04-26 15:00:00,8.9,55,0.5,0.0,0.0,5.38,563.0,2.0268
2016-04-26 16:00:00,6.7,64,0.4,0.4,0.0,7.0,420.0,1.512
2016-04-26 17:00:00,6.8,63,0.1,0.0,0.0,5.49,237.0,0.8532
2016-04-26 18:00:00,6.1,64,-0.1,0.2,0.0,4.89,119.0,0.4284
2016-04-26 19:00:00,5.4,69,0.2,0.0,0.0,5.0,50.0,0.18
2016-04-26 20:00:00,4.4,76,0.5,0.0,0.0,4.84,1.0,0.0036
2016-04-26 21:00:00,3.9,80,0.7,0.0,0.0,4.6,0.0,0.0
2016-04-26 22:00:00,3.7,81,0.7,0.0,0.0,4.34,0.0,0.0
2016-04-26 23:00:00,3.3,82,0.6,0.0,0.0,4.36,0.0,0.0
2016-04-27 00:00:00,3.1,83,0.5,0.0,0.0,4.3,0.0,0.0
2016-04-27 01:00:00,2.8,84,0.4,0.0,0.0,4.42,0.0,0.0
2016-04-27 02:00:00,2.4,86,0.3,0.0,0.0,4.42,0.0,0.0
2016-04-27 03:00:00,2.0,88,0.1,0.0,0.0,4.25,0.0,0.0
2016-04-27 04:00:00,1.5,89,-0.1,0.0,0.0,3.97,0.0,0.0
2016-04-27 05:00:00,1.1,90,-0.3,0.0,0.0,3.78,2.0,0.0072
2016-04-27 06:00:00,1.8,88,0.1,0.0,0.0,3.88,73.0,0.2628
2016-04-27 07:00:00,3.3,85,0.9,0.0,0.0,3.83,224.0,0.8064
2016-04-27 08:00:00,5.1,73,0.8,0.0,0.0,4.49,392.0,1.4112
2016-04-27 09:00:00,6.3,66,0.4,0.2,0.0,4.22,490.0,1.764
2016-04-27 10:00:00,7.4,56,-0.8,0.0,0.0,3.2,572.0,2.0592
2016-04-27 11:00:00,8.1,54,-0.8,0.0,0.0,3.14,612.0,2.2032
2016-04-27 12:00:00,9.0,54,0.2,0.0,0.0,2.78,764.0,2.7504
2016-04-27 13:00:00,9.4,56,1.0,0.0,0.0,2.55,749.0,2.6964
2016-04-27 14:00:00,9.5,58,1.6,0.1,0.0,2.36,663.0,2.3868
2016-04-27 15:00:00,9.5,60,2.0,0.2,0.0,2.15,585.0,2.106
2016-04-27 16:00:00,9.1,60,1.6,0.2,0.0,1.62,412.0,1.4831999999999999
2016-04-27 17:00:00,8.7,57,0.6,0.2,0.0,3.11,272.0,0.9792
2016-04-27 18:00:00,6.7,68,1.3,0.4,0.0,3.26,145.0,0.522
2016-04-27 19:00:00,5.8,72,1.1,0.0,0.0,1.28,39.0,0.1404
2016-04-27 20:00:00,5.5,73,1.0,0.0,0.0,1.08,1.0,0.0036
2016-04-27 21:00:00,4.5,82,1.6,0.1,0.0,1.27,0.0,0.0
2016-04-27 22:00:00,3.4,87,1.5,0.0,0.0,1.94,0.0,0.0
2016-04-27 23:00:00,3.1,89,1.5,0.0,0.0,2.08,0.0,0.0
2016-04-28 00:00:00,2.4,92,1.3,0.0,0.0,2.48,0.0,0.0
2016-04-28 01:00:00,1.9,94,1.1,0.0,0.0,2.56,0.0,0.0
2016-04-28 02:00:00,1.6,94,0.8,0.0,0.0,2.14,0.0,0.0
2016-04-28 03:00:00,1.0,94,0.2,0.0,0.0,1.75,0.0,0.0
2016-04-28 04:00:00,0.6,93,-0.4,0.0,0.0,1.68,0.0,0.0
2016-04-28 05:00:00,-0.2,92,-1.4,0.0,0.0,1.92,2.0,0.0072
2016-04-28 06:00:00,0.8,89,-0.8,0.0,0.0,2.31,80.0,0.288
2016-04-28 07:00:00,3.3,81,0.4,0.0,0.0,2.1,230.0,0.828
2016-04-28 08:00:00,5.1,74,0.9,0.0,0.0,2.33,402.0,1.4472
2016-04-28 09:00:00,6.8,61,-0.3,0.0,0.0,3.16,559.0,2.0124
2016-04-28 10:00:00,7.9,54,-0.9,0.0,0.0,3.2,637.0,2.2932
2016-04-28 11:00:00,9.2,44,-2.3,0.0,0.0,4.0,759.0,2.7323999999999997
2016-04-28 12:00:00,9.9,43,-2.2,0.0,0.0,5.16,668.0,2.4048
2016-04-28 13:00:00,10.0,44,-1.6,0.0,0.0,5.86,472.0,1.6992
2016-04-28 14:00:00,10.0,47,-0.7,0.0,0.0,6.17,383.0,1.3788
2016-04-28 15:00:00,10.2,49,0.0,0.0,0.0,6.51,393.0,1.4148
2016-04-28 16:00:00,10.1,52,0.6,0.0,0.0,7.15,304.0,1.0944
2016-04-28 17:00:00,9.6,56,1.2,0.0,0.0,6.91,147.0,0.5292
2016-04-28 18:00:00,9.3,59,1.7,0.0,0.0,7.14,151.0,0.5436
2016-04-28 19:00:00,8.4,67,2.7,0.0,0.0,6.45,41.0,0.1476
2016-04-28 20:00:00,7.9,73,3.3,0.0,0.0,6.23,1.0,0.0036
2016-04-28 21:00:00,7.5,77,3.7,0.0,0.0,6.01,0.0,0.0
2016-04-28 22:00:00,7.2,80,3.9,0.0,0.0,5.52,0.0,0.0
2016-04-28 23:00:00,7.1,80,3.9,0.0,0.0,5.41,0.0,0.0
2016-04-29 00:00:00,6.9,79,3.6,0.1,0.0,5.42,0.0,0.0
2016-04-29 01:00:00,6.7,78,3.1,0.0,0.0,5.28,0.0,0.0
2016-04-29 02:00:00,6.2,77,2.4,0.0,0.0,5.07,0.0,0.0
2016-04-29 03:00:00,5.5,76,1.6,0.0,0.0,4.71,0.0,0.0
2016-04-29 04:00:00,4.7,76,0.8,0.0,0.0,4.49,0.0,0.0
2016-04-29 05:00:00,4.2,76,0.4,0.0,0.0,4.52,2.0,0.0072
2016-04-29 06:00:00,4.5,75,0.4,0.0,0.0,5.01,56.0,0.2016
2016-04-29 07:00:00,5.4,75,1.3,0.0,0.0,5.08,185.0,0.666
2016-04-29 08:00:00,6.6,70,1.5,0.0,0.0,6.26,321.0,1.1556
2016-04-29 09:00:00,8.0,60,0.6,0.0,0.0,7.34,485.0,1.746
2016-04-29 10:00:00,8.9,54,0.1,0.1,0.0,6.9,593.0,2.1348
2016-04-29 11:00:00,9.8,52,0.3,0.0,0.0,6.67,674.0,2.4264
2016-04-29 12:00:00,10.4,52,1.0,0.0,0.0,6.66,738.0,2.6568
2016-04-29 13:00:00,10.8,53,1.6,0.0,0.0,6.84,730.0,2.628
2016-04-29 14:00:00,10.9,55,2.2,0.0,0.0,6.84,678.0,2.4408
2016-04-29 15:00:00,10.7,57,2.5,0.0,0.0,6.69,571.0,2.0556
2016-04-29 16:00:00,10.1,58,2.3,0.1,0.0,6.39,478.0,1.7207999999999999
2016-04-29 17:00:00,9.8,54,0.9,0.0,0.0,6.0,364.0,1.3104
2016-04-29 18:00:00,8.9,59,1.2,0.2,0.0,4.5,199.0,0.7163999999999999
2016-04-29 19:00:00,8.1,57,0.2,0.0,0.0,3.32,58.0,0.20879999999999999
2016-04-29 20:00:00,7.1,61,-0.0,0.0,0.0,2.75,2.0,0.0072
2016-04-29 21:00:00,5.9,66,0.0,0.0,0.0,2.51,0.0,0.0
2016-04-29 22:00:00,4.8,72,0.2,0.0,0.0,3.22,0.0,0.0
2016-04-29 23:00:00,3.8,79,0.5,0.0,0.0,3.08,0.0,0.0
2016-04-30 00:00:00,2.9,85,0.6,0.0,0.0,2.8,0.0,0.0
2016-04-30 01:00:00,2.2,89,0.5,0.0,0.0,2.36,0.0,0.0
2016-04-30 02:00:00,1.6,90,0.2,0.0,0.0,2.41,0.0,0.0
2016-04-30 03:00:00,1.1,91,-0.2,0.0,0.0,2.48,0.0,0.0
2016-04-30 04:00:00,0.7,91,-0.6,0.0,0.0,2.62,0.0,0.0
2016-04-30 05:00:00,0.6,91,-0.7,0.0,0.0,2.69,4.0,0.0144
2016-04-30 06:00:00,2.2,89,0.6,0.0,0.0,2.76,84.0,0.3024
2016-04-30 07:00:00,5.0,81,2.0,0.0,0.0,2.83,237.0,0.8532
2016-04-30 08:00:00,6.9,75,2.8,0.0,0.0,2.9,405.0,1.458
2016-04-30 09:00:00,8.5,67,2.8,0.0,0.0,2.77,562.0,2.0232
2016-04-30 10:00:00,9.7,57,1.7,0.0,0.0,2.69,671.0,2.4156
2016-04-30 11:00:00,10.5,52,1.2,0.0,0.0,2.86,699.0,2.5164
2016-04-30 12:00:00,11.2,49,0.9,0.0,0.0,3.02,805.0,2.898
2016-04-30 13:00:00,11.7,48,1.1,0.0,0.0,3.47,803.0,2.8908
2016-04-30 14:00:00,11.9,51,1.9,0.0,0.0,3.74,721.0,2.5956
2016-04-30 15:00:00,11.7,54,2.7,0.0,0.0,3.98,601.0,2.1635999999999997
2016-04-30 16:00:00,11.2,58,3.2,0.0,0.0,4.1,462.0,1.6632
2016-04-30 17:00:00,10.3,62,3.3,0.2,0.0,3.34,286.0,1.0296
2016-04-30 18:00:00,10.0,62,3.0,0.0,0.0,2.48,159.0,0.5724
2016-04-30 19:00:00,8.2,72,3.4,0.0,0.0,1.78,57.0,0.2052
2016-04-30 20:00:00,7.1,78,3.5,0.0,0.0,1.53,2.0,0.0072
2016-04-30 21:00:00,6.4,83,3.8,0.0,0.0,1.75,0.0,0.0
2016-04-30 22:00:00,5.2,89,3.5,0.0,0.0,2.11,0.0,0.0
2016-04-30 23:00:00,3.9,93,2.8,0.0,0.0,2.33,0.0,0.0
2016-05-01 00:00:00,3.2,93,2.3,0.0,0.0,2.31,0.0,0.0
2016-05-01 01:00:00,3.0,94,2.1,0.0,0.0,2.33,0.0,0.0
2016-05-01 02:00:00,2.2,96,1.7,0.0,0.0,2.31,0.0,0.0
2016-05-01 03:00:00,1.6,98,1.3,0.0,0.0,2.25,0.0,0.0
2016-05-01 04:00:00,1.1,99,0.9,0.0,0.0,2.28,0.0,0.0
2016-05-01 05:00:00,0.7,98,0.5,0.0,0.0,1.75,4.0,0.0144
2016-05-01 06:00:00,2.6,97,2.1,0.0,0.0,1.86,88.0,0.31679999999999997
2016-05-01 07:00:00,6.1,88,4.2,0.0,0.0,1.28,235.0,0.846
2016-05-01 08:00:00,8.5,77,4.6,0.0,0.0,1.92,351.0,1.2636
2016-05-01 09:00:00,10.1,65,3.8,0.0,0.0,2.72,475.0,1.71
2016-05-01 10:00:00,11.3,56,2.7,0.0,0.0,3.38,572.0,2.0592
2016-05-01 11:00:00,12.1,51,2.2,0.0,0.0,3.74,636.0,2.2896
2016-05-01 12:00:00,12.9,48,2.1,0.0,0.0,4.1,738.0,2.6568
2016-05-01 13:00:00,13.5,46,2.2,0.0,0.0,4.58,747.0,2.6892
2016-05-01 14:00:00,13.8,47,2.6,0.0,0.0,4.84,730.0,2.628
2016-05-01 15:00:00,13.9,48,3.0,0.0,0.0,5.02,626.0,2.2536
2016-05-01 16:00:00,13.7,50,3.5,0.0,0.0,5.09,444.0,1.5984
2016-05-01 17:00:00,13.2,54,4.1,0.0,0.0,4.97,272.0,0.9792
2016-05-01 18:00:00,12.4,61,5.1,0.0,0.0,4.63,130.0,0.46799999999999997
2016-05-01 19:00:00,10.9,69,5.4,0.0,0.0,4.34,49.0,0.1764
2016-05-01 20:00:00,9.9,75,5.6,0.0,0.0,4.34,2.0,0.0072
2016-05-01 21:00:00,9.2,80,5.9,0.0,0.0,4.34,0.0,0.0
2016-05-01 22:00:00,8.8,84,6.2,0.0,0.0,4.21,0.0,0.0
2016-05-01 23:00:00,9.0,85,6.6,0.0,0.0,4.52,0.0,0.0
2016-05-02 00:00:00,9.3,86,7.1,0.0,0.0,4.7,0.0,0.0
2016-05-02 01:00:00,9.4,88,7.6,0.0,0.0,4.83,0.0,0.0
2016-05-02 02:00:00,9.6,90,8.1,0.0,0.0,4.74,0.0,0.0
2016-05-02 03:00:00,9.7,93,8.6,0.0,0.0,4.53,0.0,0.0
2016-05-02 04:00:00,9.8,95,9.0,0.0,0.0,4.44,0.0,0.0
2016-05-02 05:00:00,9.9,96,9.3,0.0,0.0,4.53,1.0,0.0036
2016-05-02 06:00:00,10.2,95,9.5,0.0,0.0,4.75,15.0,0.054
2016-05-02 07:00:00,10.9,92,9.7,0.0,0.0,5.81,43.0,0.1548
2016-05-02 08:00:00,11.2,91,9.8,0.0,0.0,6.23,53.0,0.1908
2016-05-02 09:00:00,11.4,90,9.8,0.0,0.0,6.71,55.0,0.19799999999999998
2016-05-02 10:00:00,12.1,85,9.7,0.0,0.0,6.04,152.0,0.5472
2016-05-02 11:00:00,13.1,78,9.4,0.0,0.0,6.22,309.0,1.1124
2016-05-02 12:00:00,14.4,71,9.2,0.0,0.0,7.12,476.0,1.7136
2016-05-02 13:00:00,15.1,67,9.0,0.0,0.0,7.88,545.0,1.962
2016-05-02 14:00:00,15.5,65,8.8,0.0,0.0,8.41,474.0,1.7064
2016-05-02 15:00:00,14.7,69,9.1,0.2,0.0,8.64,324.0,1.1663999999999999
2016-05-02 16:00:00,13.4,79,9.8,0.5,0.0,8.06,128.0,0.4608
2016-05-02 17:00:00,12.4,84,9.7,0.5,0.0,6.41,60.0,0.216
2016-05-02 18:00:00,11.7,82,8.7,0.0,0.0,5.69,59.0,0.2124
2016-05-02 19:00:00,10.9,82,7.9,0.0,0.0,5.56,25.0,0.09
2016-05-02 20:00:00,9.8,79,6.3,0.0,0.0,5.2,3.0,0.0108
2016-05-02 21:00:00,8.7,81,5.5,0.0,0.0,4.91,0.0,0.0
2016-05-02 22:00:00,8.2,82,5.3,0.0,0.0,4.75,0.0,0.0
2016-05-02 23:00:00,7.4,84,4.9,0.0,0.0,4.28,0.0,0.0
2016-05-03 00:00:00,6.8,86,4.6,0.0,0.0,3.88,0.0,0.0
2016-05-03 01:00:00,6.0,88,4.2,0.0,0.0,3.79,0.0,0.0
2016-05-03 02:00:00,5.3,89,3.6,0.0,0.0,3.49,0.0,0.0
2016-05-03 03:00:00,4.7,89,3.0,0.0,0.0,3.26,0.0,0.0
2016-05-03 04:00:00,4.1,89,2.4,0.0,0.0,3.35,0.0,0.0
2016-05-03 05:00:00,3.8,88,2.1,0.0,0.0,3.16,6.0,0.0216
2016-05-03 06:00:00,5.1,86,2.9,0.0,0.0,3.35,96.0,0.3456
2016-05-03 07:00:00,7.5,79,4.0,0.0,0.0,3.2,250.0,0.9
2016-05-03 08:00:00,9.1,73,4.5,0.0,0.0,3.26,416.0,1.4976
2016-05-03 09:00:00,10.5,67,4.5,0.0,0.0,3.35,571.0,2.0556
2016-05-03 10:00:00,11.9,56,3.4,0.0,0.0,3.18,650.0,2.34
2016-05-03 11:00:00,12.7,50,2.7,0.0,0.0,3.92,624.0,2.2464
2016-05-03 12:00:00,13.1,47,2.1,0.0,0.0,4.52,529.0,1.9043999999999999
2016-05-03 13:00:00,13.1,46,1.8,0.0,0.0,4.55,443.0,1.5948
2016-05-03 14:00:00,13.3,45,1.7,0.0,0.0,4.49,419.0,1.5084
2016-05-03 15:00:00,13.4,45,1.8,0.0,0.0,4.34,378.0,1.3608
2016-05-03 16:00:00,13.2,46,1.9,0.0,0.0,4.11,283.0,1.0188
2016-05-03 17:00:00,12.7,51,2.8,0.0,0.0,3.07,193.0,0.6948
2016-05-03 18:00:00,12.2,56,3.7,0.0,0.0,2.24,139.0,0.5004
2016-05-03 19:00:00,11.6,60,4.2,0.0,0.0,2.01,71.0,0.2556
2016-05-03 20:00:00,9.7,68,4.1,0.0,0.0,2.38,4.0,0.0144
2016-05-03 21:00:00,8.0,76,4.0,0.0,0.0,2.38,0.0,0.0
2016-05-03 22:00:00,6.8,82,3.9,0.0,0.0,2.55,0.0,0.0
2016-05-03 23:00:00,5.9,86,3.8,0.0,0.0,2.3,0.0,0.0
2016-05-04 00:00:00,5.1,89,3.5,0.0,0.0,1.9,0.0,0.0
2016-05-04 01:00:00,4.6,91,3.2,0.0,0.0,2.16,0.0,0.0
2016-05-04 02:00:00,4.2,92,3.0,0.0,0.0,2.06,0.0,0.0
2016-05-04 03:00:00,4.0,92,2.9,0.0,0.0,2.21,0.0,0.0
2016-05-04 04:00:00,3.8,93,2.8,0.0,0.0,1.7,0.0,0.0
2016-05-04 05:00:00,3.5,95,2.8,0.0,0.0,1.49,7.0,0.0252
2016-05-04 06:00:00,5.4,91,4.0,0.0,0.0,1.1,96.0,0.3456
2016-05-04 07:00:00,8.7,81,5.6,0.0,0.0,1.02,247.0,0.8892
2016-05-04 08:00:00,11.6,67,5.7,0.0,0.0,2.11,413.0,1.4868
2016-05-04 09:00:00,13.2,58,5.1,0.0,0.0,3.41,569.0,2.0484
2016-05-04 10:00:00,14.1,54,5.0,0.0,0.0,3.41,698.0,2.5128
2016-05-04 11:00:00,14.7,53,5.3,0.0,0.0,3.81,784.0,2.8224
2016-05-04 12:00:00,15.2,52,5.3,0.0,0.0,4.04,824.0,2.9663999999999997
2016-05-04 13:00:00,15.2,51,5.2,0.0,0.0,3.98,758.0,2.7288
2016-05-04 14:00:00,15.2,50,4.8,0.0,0.0,3.88,737.0,2.6532
2016-05-04 15:00:00,15.2,48,4.4,0.0,0.0,3.72,671.0,2.4156
2016-05-04 16:00:00,14.9,47,3.7,0.0,0.0,3.7,552.0,1.9871999999999999
2016-05-04 17:00:00,14.3,47,3.0,0.0,0.0,3.62,399.0,1.4364
2016-05-04 18:00:00,13.4,50,3.3,0.0,0.0,3.14,236.0,0.8496
2016-05-04 19:00:00,12.0,56,3.4,0.0,0.0,2.45,90.0,0.324
2016-05-04 20:00:00,10.1,61,2.9,0.0,0.0,2.34,5.0,0.018
2016-05-04 21:00:00,8.6,66,2.6,0.0,0.0,2.1,0.0,0.0
2016-05-04 22:00:00,7.2,71,2.2,0.0,0.0,1.89,0.0,0.0
2016-05-04 23:00:00,6.1,75,2.0,0.0,0.0,2.14,0.0,0.0
2016-05-05 00:00:00,5.3,79,1.9,0.0,0.0,2.14,0.0,0.0
2016-05-05 01:00:00,5.0,81,2.0,0.0,0.0,2.33,0.0,0.0
2016-05-05 02:00:00,4.9,84,2.4,0.0,0.0,2.39,0.0,0.0
2016-05-05 03:00:00,5.0,86,2.8,0.0,0.0,2.3,0.0,0.0
2016-05-05 04:00:00,4.9,88,3.1,0.0,0.0,2.44,0.0,0.0
2016-05-05 05:00:00,4.8,89,3.2,0.0,0.0,2.52,8.0,0.0288
2016-05-05 06:00:00,6.9,88,5.1,0.0,0.0,2.78,100.0,0.36
2016-05-05 07:00:00,10.8,70,5.6,0.0,0.0,2.5,253.0,0.9107999999999999
2016-05-05 08:00:00,13.1,63,6.2,0.0,0.0,2.72,417.0,1.5011999999999999
2016-05-05 09:00:00,14.9,57,6.5,0.0,0.0,3.22,572.0,2.0592
2016-05-05 10:00:00,16.2,49,5.5,0.0,0.0,3.45,696.0,2.5056
2016-05-05 11:00:00,17.0,44,4.6,0.0,0.0,3.58,784.0,2.8224
2016-05-05 12:00:00,17.5,41,4.1,0.0,0.0,3.58,825.0,2.9699999999999998
2016-05-05 13:00:00,17.9,39,3.8,0.0,0.0,3.82,823.0,2.9628
2016-05-05 14:00:00,18.0,39,3.7,0.0,0.0,4.12,770.0,2.772
2016-05-05 15:00:00,17.8,39,3.8,0.0,0.0,4.22,665.0,2.394
2016-05-05 16:00:00,17.3,42,4.2,0.0,0.0,4.3,515.0,1.8539999999999999
2016-05-05 17:00:00,16.5,48,5.4,0.0,0.0,3.79,349.0,1.2564
2016-05-05 18:00:00,15.4,57,6.8,0.0,0.0,3.41,212.0,0.7632
2016-05-05 19:00:00,13.5,56,5.0,0.0,0.0,3.32,86.0,0.3096
2016-05-05 20:00:00,11.8,60,4.2,0.0,0.0,3.44,6.0,0.0216
2016-05-05 21:00:00,10.7,63,4.0,0.0,0.0,3.13,0.0,0.0
2016-05-05 22:00:00,9.9,68,4.2,0.0,0.0,2.92,0.0,0.0
2016-05-05 23:00:00,9.2,73,4.6,0.0,0.0,2.52,0.0,0.0
2016-05-06 00:00:00,8.4,78,4.8,0.0,0.0,2.57,0.0,0.0
2016-05-06 01:00:00,7.7,83,5.0,0.0,0.0,2.72,0.0,0.0
2016-05-06 02:00:00,7.2,87,5.1,0.0,0.0,2.66,0.0,0.0
2016-05-06 03:00:00,6.9,89,5.2,0.0,0.0,2.53,0.0,0.0
2016-05-06 04:00:00,6.7,90,5.2,0.0,0.0,2.47,0.0,0.0
2016-05-06 05:00:00,6.7,92,5.5,0.0,0.0,2.6,9.0,0.0324
2016-05-06 06:00:00,8.6,90,7.0,0.0,0.0,2.69,80.0,0.288
2016-05-06 07:00:00,11.5,79,8.1,0.0,0.0,2.55,168.0,0.6048
2016-05-06 08:00:00,13.4,73,8.7,0.0,0.0,2.53,279.0,1.0044
2016-05-06 09:00:00,15.2,68,9.4,0.0,0.0,2.62,440.0,1.5839999999999999
2016-05-06 10:00:00,17.0,63,9.9,0.0,0.0,2.71,612.0,2.2032
2016-05-06 11:00:00,18.3,57,9.8,0.0,0.0,3.13,716.0,2.5776
2016-05-06 12:00:00,19.2,54,9.6,0.0,0.0,3.36,762.0,2.7432
2016-05-06 13:00:00,19.9,51,9.6,0.0,0.0,3.31,767.0,2.7612
2016-05-06 14:00:00,20.2,51,9.8,0.0,0.0,3.19,726.0,2.6136
2016-05-06 15:00:00,20.3,52,10.1,0.0,0.0,3.05,654.0,2.3544
2016-05-06 16:00:00,20.0,54,10.5,0.0,0.0,3.09,526.0,1.8936
2016-05-06 17:00:00,19.3,59,11.0,0.0,0.0,2.79,362.0,1.3032
2016-05-06 18:00:00,18.2,66,11.8,0.0,0.0,2.51,187.0,0.6732
2016-05-06 19:00:00,16.5,67,10.2,0.0,0.0,2.72,66.0,0.2376
2016-05-06 20:00:00,14.7,71,9.6,0.0,0.0,3.03,5.0,0.018
2016-05-06 21:00:00,13.6,74,9.1,0.0,0.0,3.01,0.0,0.0
2016-05-06 22:00:00,12.8,77,8.8,0.0,0.0,2.7,0.0,0.0
2016-05-06 23:00:00,12.3,78,8.7,0.0,0.0,2.7,0.0,0.0
2016-05-07 00:00:00,11.8,81,8.6,0.0,0.0,2.6,0.0,0.0
2016-05-07 01:00:00,11.4,84,8.7,0.0,0.0,2.5,0.0,0.0
2016-05-07 02:00:00,10.8,87,8.8,0.0,0.0,2.53,0.0,0.0
2016-05-07 03:00:00,10.5,90,8.9,0.0,0.0,2.47,0.0,0.0
2016-05-07 04:00:00,10.3,92,9.0,0.0,0.0,2.11,0.0,0.0
2016-05-07 05:00:00,10.3,94,9.3,0.0,0.0,1.88,6.0,0.0216
2016-05-07 06:00:00,11.7,91,10.4,0.0,0.0,1.99,37.0,0.13319999999999999
2016-05-07 07:00:00,13.9,80,10.5,0.0,0.0,1.77,112.0,0.4032
2016-05-07 08:00:00,15.3,77,11.2,0.0,0.0,2.01,172.0,0.6192
2016-05-07 09:00:00,17.1,72,12.0,0.0,0.0,2.41,308.0,1.1088
2016-05-07 10:00:00,19.2,66,12.8,0.0,0.0,1.84,569.0,2.0484
2016-05-07 11:00:00,20.7,61,12.9,0.0,0.0,2.06,687.0,2.4732
2016-05-07 12:00:00,21.6,58,12.9,0.1,0.0,2.91,721.0,2.5956
2016-05-07 13:00:00,21.8,55,12.2,0.0,0.0,3.97,637.0,2.2932
2016-05-07 14:00:00,21.3,55,11.8,0.0,0.0,4.32,462.0,1.6632
2016-05-07 15:00:00,21.2,54,11.5,0.0,0.0,4.04,475.0,1.71
2016-05-07 16:00:00,20.8,55,11.3,0.0,0.0,4.86,399.0,1.4364
2016-05-07 17:00:00,20.3,57,11.5,0.0,0.0,4.49,305.0,1.0979999999999999
2016-05-07 18:00:00,19.5,60,11.7,0.0,0.0,3.72,191.0,0.6876
2016-05-07 19:00:00,17.8,59,9.6,0.0,0.0,3.11,86.0,0.3096
2016-05-07 20:00:00,16.0,64,9.2,0.0,0.0,3.05,7.0,0.0252
2016-05-07 21:00:00,14.9,68,8.9,0.0,0.0,3.19,0.0,0.0
2016-05-07 22:00:00,14.0,71,8.8,0.0,0.0,2.92,0.0,0.0
2016-05-07 23:00:00,13.2,75,8.8,0.0,0.0,2.73,0.0,0.0
2016-05-08 00:00:00,12.4,79,8.9,0.0,0.0,2.66,0.0,0.0
2016-05-08 01:00:00,11.8,83,8.9,0.0,0.0,2.6,0.0,0.0
2016-05-08 02:00:00,11.3,85,8.9,0.0,0.0,2.53,0.0,0.0
2016-05-08 03:00:00,10.9,87,8.8,0.0,0.0,2.62,0.0,0.0
2016-05-08 04:00:00,10.6,88,8.8,0.0,0.0,2.72,0.0,0.0
2016-05-08 05:00:00,10.7,89,8.9,0.0,0.0,2.93,11.0,0.039599999999999996
2016-05-08 06:00:00,12.6,85,10.1,0.0,0.0,3.26,105.0,0.378
2016-05-08 07:00:00,16.0,69,10.2,0.0,0.0,3.08,250.0,0.9
2016-05-08 08:00:00,18.4,60,10.4,0.0,0.0,3.32,414.0,1.4904
2016-05-08 09:00:00,20.2,54,10.5,0.0,0.0,3.83,563.0,2.0268
2016-05-08 10:00:00,21.5,51,10.9,0.0,0.0,3.67,686.0,2.4696
2016-05-08 11:00:00,22.6,49,11.2,0.0,0.0,4.22,769.0,2.7683999999999997
2016-05-08 12:00:00,23.4,47,11.3,0.0,0.0,4.78,810.0,2.916
2016-05-08 13:00:00,23.8,45,11.1,0.0,0.0,5.05,798.0,2.8728
2016-05-08 14:00:00,23.9,44,11.1,0.0,0.0,5.05,752.0,2.7072
2016-05-08 15:00:00,23.7,47,11.6,0.0,0.0,4.83,675.0,2.4299999999999997
2016-05-08 16:00:00,23.0,51,12.3,0.0,0.0,4.39,537.0,1.9332
2016-05-08 17:00:00,22.1,56,12.9,0.0,0.0,4.24,351.0,1.2636
2016-05-08 18:00:00,20.9,64,13.8,0.0,0.0,4.1,201.0,0.7236
2016-05-08 19:00:00,19.6,57,11.0,0.0,0.0,4.23,89.0,0.3204
2016-05-08 20:00:00,18.1,56,9.3,0.0,0.0,4.54,8.0,0.0288
2016-05-08 21:00:00,17.3,55,8.2,0.0,0.0,4.73,0.0,0.0
2016-05-08 22:00:00,16.8,55,7.7,0.0,0.0,4.24,0.0,0.0
2016-05-08 23:00:00,16.6,56,7.9,0.0,0.0,4.21,0.0,0.0
2016-05-09 00:00:00,16.3,60,8.4,0.0,0.0,4.23,0.0,0.0
2016-05-09 01:00:00,15.4,65,8.9,0.0,0.0,4.26,0.0,0.0
2016-05-09 02:00:00,14.6,71,9.3,0.0,0.0,4.01,0.0,0.0
2016-05-09 03:00:00,14.0,75,9.7,0.0,0.0,3.75,0.0,0.0
2016-05-09 04:00:00,13.6,79,10.1,0.0,0.0,3.31,0.0,0.0
2016-05-09 05:00:00,13.3,83,10.4,0.0,0.0,2.64,11.0,0.039599999999999996
2016-05-09 06:00:00,14.3,82,11.2,0.0,0.0,2.65,90.0,0.324
2016-05-09 07:00:00,16.4,73,11.6,0.0,0.0,2.71,196.0,0.7056
2016-05-09 08:00:00,18.3,66,12.0,0.0,0.0,3.26,342.0,1.2312
2016-05-09 09:00:00,19.5,63,12.2,0.0,0.0,4.13,442.0,1.5912
2016-05-09 10:00:00,20.5,58,12.1,0.0,0.0,4.34,565.0,2.034
2016-05-09 11:00:00,21.2,55,11.9,0.0,0.0,4.33,670.0,2.412
2016-05-09 12:00:00,21.5,53,11.7,0.0,0.0,4.63,716.0,2.5776
2016-05-09 13:00:00,21.7,53,11.8,0.0,0.0,4.94,732.0,2.6351999999999998
2016-05-09 14:00:00,21.8,54,12.2,0.0,0.0,5.61,737.0,2.6532
2016-05-09 15:00:00,21.7,56,12.5,0.0,0.0,5.81,635.0,2.286
2016-05-09 16:00:00,21.3,59,12.9,0.0,0.0,4.43,434.0,1.5624
2016-05-09 17:00:00,20.1,65,13.4,0.9,0.0,3.76,279.0,1.0044
2016-05-09 18:00:00,18.3,75,13.9,0.4,0.0,3.44,98.0,0.3528
2016-05-09 19:00:00,17.8,75,13.4,0.3,0.0,3.32,65.0,0.23399999999999999
2016-05-09 20:00:00,16.8,80,13.3,0.3,0.0,3.01,6.0,0.0216
2016-05-09 21:00:00,16.1,82,13.1,0.2,0.0,2.8,0.0,0.0
2016-05-09 22:00:00,15.8,83,12.8,0.0,0.0,2.73,0.0,0.0
2016-05-09 23:00:00,15.2,84,12.5,0.0,0.0,2.5,0.0,0.0
2016-05-10 00:00:00,15.3,84,12.5,0.1,0.0,2.3,0.0,0.0
2016-05-10 01:00:00,15.0,84,12.4,0.0,0.0,2.38,0.0,0.0
2016-05-10 02:00:00,14.8,86,12.4,0.0,0.0,2.5,0.0,0.0
2016-05-10 03:00:00,14.6,87,12.5,0.0,0.0,2.4,0.0,0.0
2016-05-10 04:00:00,14.1,90,12.5,0.1,0.0,2.79,0.0,0.0
2016-05-10 05:00:00,14.0,93,12.9,0.2,0.0,2.88,8.0,0.0288
2016-05-10 06:00:00,14.0,95,13.2,0.3,0.0,2.79,26.0,0.0936
2016-05-10 07:00:00,14.3,96,13.7,0.8,0.0,2.92,26.0,0.0936
2016-05-10 08:00:00,14.9,93,13.9,0.4,0.0,3.1,79.0,0.2844
2016-05-10 09:00:00,15.2,95,14.4,0.3,0.0,3.41,99.0,0.3564
2016-05-10 10:00:00,15.5,95,14.7,0.2,0.0,3.06,86.0,0.3096
2016-05-10 11:00:00,16.2,93,15.0,0.0,0.0,3.26,142.0,0.5112
2016-05-10 12:00:00,16.9,89,15.2,0.0,0.0,3.71,197.0,0.7091999999999999
2016-05-10 13:00:00,16.8,88,14.7,0.2,0.0,4.12,188.0,0.6768
2016-05-10 14:00:00,17.4,84,14.6,0.4,0.0,4.41,310.0,1.1159999999999999
2016-05-10 15:00:00,16.9,86,14.5,0.8,0.0,4.6,219.0,0.7884
2016-05-10 16:00:00,16.6,89,14.7,0.5,0.0,3.44,210.0,0.756
2016-05-10 17:00:00,16.5,88,14.6,0.4,0.0,3.26,189.0,0.6804
2016-05-10 18:00:00,16.3,89,14.5,0.2,0.0,3.07,102.0,0.36719999999999997
2016-05-10 19:00:00,15.5,93,14.4,1.3,0.0,3.1,50.0,0.18
2016-05-10 20:00:00,15.0,93,14.0,0.4,0.0,2.51,3.0,0.0108
2016-05-10 21:00:00,14.6,93,13.5,0.1,0.0,2.51,0.0,0.0
2016-05-10 22:00:00,14.4,95,13.5,0.0,0.0,1.78,0.0,0.0
2016-05-10 23:00:00,14.0,96,13.3,0.1,0.0,1.98,0.0,0.0
2016-05-11 00:00:00,13.5,97,13.0,0.0,0.0,1.98,0.0,0.0
2016-05-11 01:00:00,13.1,98,12.8,0.0,0.0,1.86,0.0,0.0
2016-05-11 02:00:00,12.8,98,12.5,0.0,0.0,2.11,0.0,0.0
2016-05-11 03:00:00,12.6,98,12.4,0.1,0.0,2.27,0.0,0.0
2016-05-11 04:00:00,12.7,98,12.4,0.2,0.0,2.22,0.0,0.0
2016-05-11 05:00:00,12.9,98,12.6,0.3,0.0,2.08,7.0,0.0252
2016-05-11 06:00:00,13.2,98,12.9,0.2,0.0,2.14,38.0,0.1368
2016-05-11 07:00:00,14.3,97,13.9,0.5,0.0,2.2,49.0,0.1764
2016-05-11 08:00:00,15.1,96,14.5,0.2,0.0,2.42,137.0,0.49319999999999997
2016-05-11 09:00:00,15.4,94,14.4,0.1,0.0,2.64,157.0,0.5652
2016-05-11 10:00:00,16.4,93,15.2,0.0,0.0,2.1,238.0,0.8568
2016-05-11 11:00:00,17.5,88,15.5,0.4,0.0,1.8,344.0,1.2384
2016-05-11 12:00:00,17.8,87,15.5,1.6,0.0,1.9,307.0,1.1052
2016-05-11 13:00:00,18.6,78,14.6,0.6,0.0,2.15,437.0,1.5732
2016-05-11 14:00:00,17.2,85,14.6,3.6,0.0,2.34,282.0,1.0151999999999999
2016-05-11 15:00:00,17.3,87,15.1,0.4,0.0,1.72,234.0,0.8423999999999999
2016-05-11 16:00:00,17.9,85,15.4,0.0,0.0,1.57,264.0,0.9504
2016-05-11 17:00:00,18.3,85,15.7,0.0,0.0,2.69,285.0,1.026
2016-05-11 18:00:00,16.9,87,14.7,0.4,0.0,3.31,132.0,0.4752
2016-05-11 19:00:00,16.6,85,14.1,0.0,0.0,3.11,72.0,0.2592
2016-05-11 20:00:00,15.2,91,13.7,0.0,0.0,2.96,9.0,0.0324
2016-05-11 21:00:00,14.5,93,13.3,0.0,0.0,2.37,0.0,0.0
2016-05-11 22:00:00,13.7,95,12.8,0.0,0.0,1.98,0.0,0.0
2016-05-11 23:00:00,13.4,95,12.6,0.0,0.0,2.06,0.0,0.0
2016-05-12 00:00:00,13.3,95,12.5,0.2,0.0,2.22,0.0,0.0
2016-05-12 01:00:00,13.1,95,12.4,0.3,0.0,2.7,0.0,0.0
2016-05-12 02:00:00,12.7,95,11.9,0.2,0.0,3.21,0.0,0.0
2016-05-12 03:00:00,12.4,94,11.4,0.2,0.0,3.41,0.0,0.0
2016-05-12 04:00:00,11.9,93,10.8,0.0,0.0,3.8,0.0,0.0
2016-05-12 05:00:00,11.7,92,10.5,0.0,0.0,4.03,13.0,0.0468
2016-05-12 06:00:00,12.9,89,11.2,0.0,0.0,4.24,106.0,0.3816
2016-05-12 07:00:00,14.6,82,11.5,0.0,0.0,4.57,259.0,0.9324
2016-05-12 08:00:00,16.4,76,12.1,0.0,0.0,4.9,399.0,1.4364
2016-05-12 09:00:00,18.0,71,12.7,0.0,0.0,5.02,563.0,2.0268
2016-05-12 10:00:00,19.3,68,13.2,0.0,0.0,4.7,698.0,2.5128
2016-05-12 11:00:00,20.3,65,13.4,0.0,0.0,5.38,787.0,2.8331999999999997
2016-05-12 12:00:00,20.8,62,13.2,0.2,0.0,5.66,742.0,2.6712
2016-05-12 13:00:00,20.7,61,12.8,0.0,0.0,5.7,570.0,2.052
2016-05-12 14:00:00,21.2,56,12.1,0.0,0.0,5.66,667.0,2.4012
2016-05-12 15:00:00,21.1,55,11.8,0.0,0.0,5.74,607.0,2.1852
2016-05-12 16:00:00,20.7,57,12.0,0.0,0.0,5.8,482.0,1.7351999999999999
2016-05-12 17:00:00,20.2,62,12.7,0.0,0.0,5.33,376.0,1.3536
2016-05-12 18:00:00,19.3,68,13.2,0.0,0.0,5.14,235.0,0.846
2016-05-12 19:00:00,17.6,71,12.3,0.0,0.0,5.13,99.0,0.3564
2016-05-12 20:00:00,16.1,74,11.6,0.0,0.0,5.41,11.0,0.039599999999999996
2016-05-12 21:00:00,14.7,78,10.9,0.0,0.0,5.87,0.0,0.0
2016-05-12 22:00:00,13.4,81,10.2,0.0,0.0,5.07,0.0,0.0
2016-05-12 23:00:00,12.5,84,9.8,0.0,0.0,5.17,0.0,0.0
2016-05-13 00:00:00,12.0,85,9.6,0.0,0.0,5.36,0.0,0.0
2016-05-13 01:00:00,11.4,87,9.4,0.0,0.0,5.22,0.0,0.0
2016-05-13 02:00:00,11.0,89,9.3,0.0,0.0,5.32,0.0,0.0
2016-05-13 03:00:00,10.6,90,9.1,0.0,0.0,5.46,0.0,0.0
2016-05-13 04:00:00,10.4,91,8.9,0.0,0.0,5.22,0.0,0.0
2016-05-13 05:00:00,10.4,90,8.8,0.0,0.0,5.34,16.0,0.0576
2016-05-13 06:00:00,11.2,86,9.0,0.0,0.0,7.48,112.0,0.4032
2016-05-13 07:00:00,12.1,81,9.0,0.0,0.0,7.2,157.0,0.5652
2016-05-13 08:00:00,13.7,75,9.2,0.0,0.0,6.89,285.0,1.026
2016-05-13 09:00:00,15.1,71,9.8,0.0,0.0,6.54,487.0,1.7531999999999999
2016-05-13 10:00:00,16.2,68,10.2,0.0,0.0,5.97,573.0,2.0627999999999997
2016-05-13 11:00:00,17.0,66,10.5,0.0,0.0,5.95,656.0,2.3616
2016-05-13 12:00:00,17.4,64,10.4,0.0,0.0,6.32,682.0,2.4552
2016-05-13 13:00:00,17.6,63,10.4,0.0,0.0,6.32,715.0,2.574
2016-05-13 14:00:00,17.5,63,10.4,0.0,0.0,6.41,727.0,2.6172
2016-05-13 15:00:00,16.9,65,10.2,0.0,0.0,6.52,643.0,2.3148
2016-05-13 16:00:00,16.0,66,9.7,0.0,0.0,6.58,536.0,1.9296
2016-05-13 17:00:00,14.5,69,8.9,0.0,0.0,6.67,392.0,1.4112
2016-05-13 18:00:00,12.8,71,7.7,0.0,0.0,6.46,211.0,0.7595999999999999
2016-05-13 19:00:00,11.0,71,6.0,0.2,0.0,5.95,84.0,0.3024
2016-05-13 20:00:00,9.7,73,5.1,0.0,0.0,5.68,10.0,0.036
2016-05-13 21:00:00,9.0,72,4.3,0.0,0.0,5.59,0.0,0.0
2016-05-13 22:00:00,8.5,70,3.4,0.0,0.0,4.61,0.0,0.0
2016-05-13 23:00:00,8.2,69,2.9,0.0,0.0,4.79,0.0,0.0
2016-05-14 00:00:00,8.0,68,2.5,0.0,0.0,4.75,0.0,0.0
2016-05-14 01:00:00,8.0,67,2.3,0.0,0.0,4.72,0.0,0.0
2016-05-14 02:00:00,7.8,66,1.9,0.0,0.0,4.62,0.0,0.0
2016-05-14 03:00:00,7.7,65,1.5,0.0,0.0,4.68,0.0,0.0
2016-05-14 04:00:00,7.5,64,1.2,0.0,0.0,4.56,0.0,0.0
2016-05-14 05:00:00,7.4,64,1.1,0.0,0.0,4.75,10.0,0.036
2016-05-14 06:00:00,7.4,64,1.1,0.0,0.0,5.02,56.0,0.2016
2016-05-14 07:00:00,7.7,65,1.5,0.0,0.0,5.24,224.0,0.8064
2016-05-14 08:00:00,8.3,60,1.1,0.0,0.0,4.92,293.0,1.0548
2016-05-14 09:00:00,8.9,59,1.3,0.0,0.0,4.47,373.0,1.3428
2016-05-14 10:00:00,9.3,58,1.5,0.0,0.0,3.62,348.0,1.2528
2016-05-14 11:00:00,10.0,57,1.9,0.0,0.0,3.5,460.0,1.656
2016-05-14 12:00:00,10.8,55,2.1,0.0,0.0,3.5,548.0,1.9727999999999999
2016-05-14 13:00:00,11.1,54,2.1,0.0,0.0,3.8,484.0,1.7424
2016-05-14 14:00:00,11.4,53,2.2,0.0,0.0,3.81,488.0,1.7568
2016-05-14 15:00:00,11.3,52,1.9,0.0,0.0,3.82,354.0,1.2744
2016-05-14 16:00:00,11.1,52,1.7,0.0,0.0,3.82,252.0,0.9072
2016-05-14 17:00:00,11.0,51,1.3,0.0,0.0,3.61,196.0,0.7056
2016-05-14 18:00:00,10.6,53,1.3,0.0,0.0,3.21,96.0,0.3456
2016-05-14 19:00:00,10.5,56,2.1,0.0,0.0,2.38,87.0,0.3132
2016-05-14 20:00:00,9.6,60,2.3,0.0,0.0,1.75,13.0,0.0468
2016-05-14 21:00:00,8.4,68,2.7,0.0,0.0,1.63,0.0,0.0
2016-05-14 22:00:00,7.0,76,3.1,0.0,0.0,1.9,0.0,0.0
2016-05-14 23:00:00,6.4,80,3.2,0.0,0.0,1.71,0.0,0.0
2016-05-15 00:00:00,6.9,75,2.8,0.0,0.0,1.57,0.0,0.0
2016-05-15 01:00:00,5.0,87,2.9,0.0,0.0,1.82,0.0,0.0
2016-05-15 02:00:00,4.3,88,2.5,0.0,0.0,1.57,0.0,0.0
2016-05-15 03:00:00,4.1,88,2.3,0.0,0.0,1.66,0.0,0.0
2016-05-15 04:00:00,3.8,88,2.1,0.0,0.0,1.72,0.0,0.0
2016-05-15 05:00:00,4.6,87,2.7,0.0,0.0,1.84,19.0,0.0684
2016-05-15 06:00:00,7.1,80,3.9,0.0,0.0,1.94,112.0,0.4032
2016-05-15 07:00:00,9.4,81,6.3,0.0,0.0,1.92,232.0,0.8351999999999999
2016-05-15 08:00:00,11.0,74,6.6,0.0,0.0,2.18,381.0,1.3716
2016-05-15 09:00:00,12.0,68,6.3,0.0,0.0,2.72,480.0,1.728
2016-05-15 10:00:00,13.1,61,5.7,0.0,0.0,2.62,588.0,2.1168
2016-05-15 11:00:00,13.8,57,5.3,0.0,0.0,2.88,608.0,2.1888
2016-05-15 12:00:00,14.5,53,5.0,0.0,0.0,3.31,743.0,2.6748
2016-05-15 13:00:00,15.0,49,4.4,0.0,0.0,3.81,790.0,2.844
2016-05-15 14:00:00,15.3,45,3.5,0.0,0.0,4.05,711.0,2.5596
2016-05-15 15:00:00,15.3,43,2.9,0.0,0.0,4.06,616.0,2.2176
2016-05-15 16:00:00,14.8,45,3.0,0.0,0.0,3.97,354.0,1.2744
2016-05-15 17:00:00,14.2,49,3.7,0.0,0.0,3.68,228.0,0.8208
2016-05-15 18:00:00,13.5,54,4.4,0.0,0.0,2.88,136.0,0.4896
2016-05-15 19:00:00,13.7,55,4.7,0.0,0.0,1.9,51.0,0.18359999999999999
2016-05-15 20:00:00,12.4,62,5.4,0.0,0.0,1.53,10.0,0.036
2016-05-15 21:00:00,10.9,72,6.0,0.0,0.0,2.0,0.0,0.0
2016-05-15 22:00:00,10.0,77,6.2,0.0,0.0,2.0,0.0,0.0
2016-05-15 23:00:00,9.1,83,6.4,0.0,0.0,1.46,0.0,0.0
2016-05-16 00:00:00,8.3,88,6.5,0.0,0.0,1.58,0.0,0.0
2016-05-16 01:00:00,8.0,91,6.6,0.0,0.0,1.36,0.0,0.0
2016-05-16 02:00:00,7.4,93,6.3,0.0,0.0,1.43,0.0,0.0
2016-05-16 03:00:00,7.5,93,6.5,0.0,0.0,1.4,0.0,0.0
2016-05-16 04:00:00,7.6,93,6.5,0.0,0.0,0.98,0.0,0.0
2016-05-16 05:00:00,7.9,92,6.7,0.0,0.0,0.95,16.0,0.0576
2016-05-16 06:00:00,8.8,90,7.2,0.0,0.0,1.41,98.0,0.3528
2016-05-16 07:00:00,9.9,84,7.4,0.0,0.0,1.63,238.0,0.8568
2016-05-16 08:00:00,11.4,76,7.3,0.0,0.0,1.92,392.0,1.4112
2016-05-16 09:00:00,12.4,69,6.9,0.0,0.0,1.7,443.0,1.5948
2016-05-16 10:00:00,13.5,63,6.7,0.0,0.0,0.45,514.0,1.8504
2016-05-16 11:00:00,14.1,59,6.3,0.0,0.0,1.14,455.0,1.638
2016-05-16 12:00:00,14.6,56,6.0,0.0,0.0,1.8,467.0,1.6812
2016-05-16 13:00:00,15.2,53,5.7,0.0,0.0,2.46,522.0,1.8792
2016-05-16 14:00:00,15.6,50,5.3,0.0,0.0,3.0,492.0,1.7711999999999999
2016-05-16 15:00:00,16.1,49,5.2,0.0,0.0,3.47,487.0,1.7531999999999999
2016-05-16 16:00:00,16.0,48,4.9,0.0,0.0,3.72,408.0,1.4687999999999999
2016-05-16 17:00:00,15.9,47,4.6,0.0,0.0,3.69,374.0,1.3464
2016-05-16 18:00:00,15.3,50,4.9,0.0,0.0,2.84,230.0,0.828
2016-05-16 19:00:00,14.8,56,6.0,0.0,0.0,1.58,103.0,0.37079999999999996
2016-05-16 20:00:00,13.1,63,6.2,0.0,0.0,2.22,16.0,0.0576
2016-05-16 21:00:00,11.2,74,6.7,0.0,0.0,2.38,0.0,0.0
2016-05-16 22:00:00,10.0,78,6.4,0.0,0.0,0.89,0.0,0.0
2016-05-16 23:00:00,9.1,82,6.2,0.0,0.0,1.52,0.0,0.0
2016-05-17 00:00:00,8.0,87,6.0,0.0,0.0,1.4,0.0,0.0
2016-05-17 01:00:00,7.4,90,5.8,0.0,0.0,1.55,0.0,0.0
2016-05-17 02:00:00,6.7,92,5.5,0.0,0.0,1.75,0.0,0.0
2016-05-17 03:00:00,5.9,93,4.9,0.0,0.0,1.98,0.0,0.0
2016-05-17 04:00:00,5.4,94,4.5,0.0,0.0,2.05,0.0,0.0
2016-05-17 05:00:00,5.7,94,4.7,0.0,0.0,2.06,23.0,0.0828
2016-05-17 06:00:00,8.2,85,5.9,0.0,0.0,1.8,123.0,0.44279999999999997
2016-05-17 07:00:00,10.8,77,6.9,0.0,0.0,1.75,241.0,0.8675999999999999
2016-05-17 08:00:00,12.3,72,7.3,0.0,0.0,1.96,408.0,1.4687999999999999
2016-05-17 09:00:00,13.8,68,7.9,0.0,0.0,2.1,577.0,2.0772
2016-05-17 10:00:00,15.4,61,7.8,0.0,0.0,2.75,671.0,2.4156
2016-05-17 11:00:00,16.3,55,7.2,0.0,0.0,3.89,602.0,2.1672
2016-05-17 12:00:00,16.1,55,7.1,0.0,0.0,4.33,350.0,1.26
2016-05-17 13:00:00,16.1,56,7.2,0.0,0.0,4.56,429.0,1.5444
2016-05-17 14:00:00,16.0,55,6.9,0.0,0.0,4.56,362.0,1.3032
2016-05-17 15:00:00,15.8,55,6.6,0.0,0.0,5.02,286.0,1.0296
2016-05-17 16:00:00,15.4,58,7.3,0.0,0.0,5.41,228.0,0.8208
2016-05-17 17:00:00,14.9,63,8.0,0.0,0.0,5.75,228.0,0.8208
2016-05-17 18:00:00,14.3,69,8.6,0.0,0.0,5.73,114.0,0.4104
2016-05-17 19:00:00,13.4,76,9.3,0.0,0.0,4.82,53.0,0.1908
2016-05-17 20:00:00,12.8,80,9.4,0.0,0.0,4.5,5.0,0.018
2016-05-17 21:00:00,12.5,82,9.5,0.0,0.0,4.55,0.0,0.0
2016-05-17 22:00:00,12.2,83,9.4,0.0,0.0,4.85,0.0,0.0
2016-05-17 23:00:00,11.8,84,9.2,0.0,0.0,4.89,0.0,0.0
2016-05-18 00:00:00,11.5,85,9.0,0.0,0.0,5.2,0.0,0.0
2016-05-18 01:00:00,11.0,86,8.8,0.0,0.0,5.42,0.0,0.0
2016-05-18 02:00:00,10.6,89,8.9,0.0,0.0,5.46,0.0,0.0
2016-05-18 03:00:00,10.6,89,8.9,0.0,0.0,5.32,0.0,0.0
2016-05-18 04:00:00,10.9,87,8.9,0.0,0.0,5.35,0.0,0.0
2016-05-18 05:00:00,11.2,86,8.9,0.0,0.0,5.51,7.0,0.0252
2016-05-18 06:00:00,11.5,86,9.2,0.0,0.0,6.14,30.0,0.108
2016-05-18 07:00:00,12.2,83,9.4,0.2,0.0,6.56,120.0,0.432
2016-05-18 08:00:00,12.1,85,9.6,0.6,0.0,6.36,120.0,0.432
2016-05-18 09:00:00,11.6,91,10.2,1.0,0.0,5.89,94.0,0.3384
2016-05-18 10:00:00,11.5,91,10.0,1.3,0.0,5.1,76.0,0.2736
2016-05-18 11:00:00,11.7,90,10.0,1.5,0.0,5.2,73.0,0.2628
2016-05-18 12:00:00,12.0,89,10.3,1.1,0.0,5.05,169.0,0.6083999999999999
2016-05-18 13:00:00,12.5,91,11.0,0.4,0.0,4.13,254.0,0.9144
2016-05-18 14:00:00,15.1,83,12.3,0.4,0.0,3.72,704.0,2.5343999999999998
2016-05-18 15:00:00,15.0,75,10.6,2.7,0.0,3.42,574.0,2.0664
2016-05-18 16:00:00,13.4,71,8.3,0.6,0.0,3.84,373.0,1.3428
2016-05-18 17:00:00,13.3,69,7.8,0.0,0.0,3.05,288.0,1.0368
2016-05-18 18:00:00,12.8,71,7.6,0.2,0.0,3.74,206.0,0.7415999999999999
2016-05-18 19:00:00,11.7,84,9.1,0.3,0.0,3.94,70.0,0.252
2016-05-18 20:00:00,11.2,86,8.9,0.3,0.0,4.25,10.0,0.036
2016-05-18 21:00:00,10.5,88,8.5,0.3,0.0,4.88,0.0,0.0
2016-05-18 22:00:00,10.0,89,8.3,0.2,0.0,5.23,0.0,0.0
2016-05-18 23:00:00,10.0,90,8.4,0.5,0.0,5.17,0.0,0.0
2016-05-19 00:00:00,9.7,89,8.0,0.5,0.0,5.02,0.0,0.0
2016-05-19 01:00:00,9.4,91,8.0,0.2,0.0,4.95,0.0,0.0
2016-05-19 02:00:00,9.3,90,7.8,0.2,0.0,5.02,0.0,0.0
2016-05-19 03:00:00,9.3,91,7.9,0.0,0.0,5.09,0.0,0.0
2016-05-19 04:00:00,9.1,93,8.0,0.0,0.0,4.28,0.0,0.0
2016-05-19 05:00:00,9.2,94,8.3,0.0,0.0,3.75,17.0,0.0612
2016-05-19 06:00:00,10.0,90,8.5,0.0,0.0,4.74,117.0,0.42119999999999996
2016-05-19 07:00:00,11.1,88,9.2,0.0,0.0,4.39,184.0,0.6624
2016-05-19 08:00:00,12.2,83,9.3,0.0,0.0,3.91,262.0,0.9431999999999999
2016-05-19 09:00:00,13.2,78,9.4,0.0,0.0,2.98,337.0,1.2132
2016-05-19 10:00:00,14.3,72,9.4,0.0,0.0,1.61,378.0,1.3608
2016-05-19 11:00:00,15.2,67,9.2,0.0,0.0,2.02,392.0,1.4112
2016-05-19 12:00:00,16.3,62,9.1,0.0,0.0,2.69,450.0,1.6199999999999999
2016-05-19 13:00:00,16.9,58,8.7,0.0,0.0,3.47,417.0,1.5011999999999999
2016-05-19 14:00:00,17.2,57,8.5,0.0,0.0,4.68,338.0,1.2167999999999999
2016-05-19 15:00:00,17.4,55,8.2,0.0,0.0,5.53,356.0,1.2816
2016-05-19 16:00:00,17.2,55,8.1,0.0,0.0,5.52,308.0,1.1088
2016-05-19 17:00:00,16.6,60,8.7,0.0,0.0,5.84,263.0,0.9468
2016-05-19 18:00:00,15.5,66,9.2,0.0,0.0,5.72,157.0,0.5652
2016-05-19 19:00:00,13.4,75,9.1,0.5,0.0,5.48,103.0,0.37079999999999996
2016-05-19 20:00:00,12.6,80,9.3,0.0,0.0,5.34,9.0,0.0324
2016-05-19 21:00:00,12.6,84,9.9,0.0,0.0,5.28,0.0,0.0
2016-05-19 22:00:00,12.5,88,10.5,0.0,0.0,5.3,0.0,0.0
2016-05-19 23:00:00,12.6,90,11.0,0.0,0.0,5.53,0.0,0.0
2016-05-20 00:00:00,12.7,91,11.2,0.0,0.0,5.3,0.0,0.0
2016-05-20 01:00:00,12.7,92,11.4,0.0,0.0,5.1,0.0,0.0
2016-05-20 02:00:00,12.7,92,11.5,0.0,0.0,4.75,0.0,0.0
2016-05-20 03:00:00,12.8,92,11.5,0.0,0.0,4.56,0.0,0.0
2016-05-20 04:00:00,12.7,92,11.5,0.0,0.0,4.47,0.0,0.0
2016-05-20 05:00:00,12.8,92,11.4,0.0,0.0,4.33,9.0,0.0324
2016-05-20 06:00:00,13.1,86,10.8,0.0,0.0,4.08,39.0,0.1404
2016-05-20 07:00:00,13.4,83,10.5,0.0,0.0,4.61,84.0,0.3024
2016-05-20 08:00:00,14.0,74,9.4,0.0,0.0,5.11,161.0,0.5796
2016-05-20 09:00:00,14.4,72,9.5,0.0,0.0,5.52,292.0,1.0512
2016-05-20 10:00:00,15.0,68,9.2,0.0,0.0,5.06,372.0,1.3392
2016-05-20 11:00:00,15.7,62,8.5,0.0,0.0,5.66,464.0,1.6703999999999999
2016-05-20 12:00:00,16.1,58,8.0,0.0,0.0,5.59,421.0,1.5156
2016-05-20 13:00:00,16.3,59,8.2,0.3,0.0,5.33,483.0,1.7388
2016-05-20 14:00:00,16.0,62,8.6,0.0,0.0,5.78,354.0,1.2744
2016-05-20 15:00:00,16.8,59,8.8,0.0,0.0,5.42,519.0,1.8683999999999998
2016-05-20 16:00:00,16.9,58,8.6,0.0,0.0,5.34,442.0,1.5912
2016-05-20 17:00:00,15.6,67,9.5,0.1,0.0,5.77,226.0,0.8136
2016-05-20 18:00:00,14.7,71,9.5,0.0,0.0,5.47,180.0,0.648
2016-05-20 19:00:00,13.8,73,9.0,0.0,0.0,4.92,110.0,0.39599999999999996
2016-05-20 20:00:00,12.7,76,8.5,0.0,0.0,4.25,20.0,0.072
2016-05-20 21:00:00,12.3,77,8.4,0.0,0.0,4.07,0.0,0.0
2016-05-20 22:00:00,12.0,80,8.6,0.0,0.0,3.98,0.0,0.0
2016-05-20 23:00:00,11.5,84,8.9,0.0,0.0,4.7,0.0,0.0
2016-05-21 00:00:00,11.5,86,9.2,0.0,0.0,5.6,0.0,0.0
2016-05-21 01:00:00,12.1,85,9.7,0.0,0.0,5.98,0.0,0.0
2016-05-21 02:00:00,12.7,86,10.5,0.0,0.0,5.63,0.0,0.0
2016-05-21 03:00:00,13.0,89,11.2,0.0,0.0,5.42,0.0,0.0
2016-05-21 04:00:00,13.2,89,11.5,0.0,0.0,5.61,0.0,0.0
2016-05-21 05:00:00,13.1,90,11.5,0.0,0.0,6.0,5.0,0.018
2016-05-21 06:00:00,13.2,89,11.5,0.0,0.0,5.89,33.0,0.1188
2016-05-21 07:00:00,13.6,91,12.1,0.2,0.0,5.7,50.0,0.18
2016-05-21 08:00:00,14.2,87,12.0,0.0,0.0,7.42,163.0,0.5868
2016-05-21 09:00:00,15.0,80,11.6,0.0,0.0,7.85,336.0,1.2096
2016-05-21 10:00:00,15.9,73,11.2,0.0,0.0,7.21,438.0,1.5768
2016-05-21 11:00:00,16.3,71,11.0,0.0,0.0,7.25,482.0,1.7351999999999999
2016-05-21 12:00:00,16.6,70,11.0,0.0,0.0,7.22,479.0,1.7244
2016-05-21 13:00:00,16.4,71,11.2,0.0,0.0,7.45,454.0,1.6343999999999999
2016-05-21 14:00:00,16.5,71,11.1,0.0,0.0,7.95,456.0,1.6416
2016-05-21 15:00:00,16.4,70,11.0,0.0,0.0,6.77,377.0,1.3572
2016-05-21 16:00:00,15.8,71,10.7,0.1,0.0,4.88,298.0,1.0728
2016-05-21 17:00:00,15.0,75,10.7,0.2,0.0,5.12,162.0,0.5831999999999999
2016-05-21 18:00:00,14.7,78,10.9,0.1,0.0,4.74,133.0,0.4788
2016-05-21 19:00:00,15.1,82,12.0,0.2,0.0,4.57,48.0,0.1728
2016-05-21 20:00:00,14.1,86,11.8,0.0,0.0,3.98,17.0,0.0612
2016-05-21 21:00:00,13.6,88,11.7,0.0,0.0,3.49,0.0,0.0
2016-05-21 22:00:00,13.1,91,11.6,0.0,0.0,2.42,0.0,0.0
2016-05-21 23:00:00,12.8,92,11.4,0.0,0.0,3.04,0.0,0.0
2016-05-22 00:00:00,12.2,93,11.1,0.0,0.0,3.0,0.0,0.0
2016-05-22 01:00:00,11.9,94,11.0,0.0,0.0,2.62,0.0,0.0
2016-05-22 02:00:00,11.7,94,10.8,0.0,0.0,1.97,0.0,0.0
2016-05-22 03:00:00,11.5,95,10.6,0.0,0.0,1.89,0.0,0.0
2016-05-22 04:00:00,11.2,95,10.4,0.0,0.0,1.58,0.0,0.0
2016-05-22 05:00:00,10.9,95,10.1,0.0,0.0,2.44,17.0,0.0612
2016-05-22 06:00:00,11.3,90,9.8,0.0,0.0,2.6,76.0,0.2736
2016-05-22 07:00:00,12.3,85,9.8,0.0,0.0,2.01,271.0,0.9756
2016-05-22 08:00:00,13.4,79,9.7,0.0,0.0,1.6,394.0,1.4183999999999999
2016-05-22 09:00:00,14.4,71,9.3,0.0,0.0,1.3,518.0,1.8648
2016-05-22 10:00:00,15.7,62,8.4,0.0,0.0,1.26,650.0,2.34
2016-05-22 11:00:00,16.6,56,7.9,0.0,0.0,1.3,690.0,2.484
2016-05-22 12:00:00,17.2,52,7.2,0.0,0.0,1.6,685.0,2.4659999999999997
2016-05-22 13:00:00,17.5,50,7.0,0.0,0.0,1.73,585.0,2.106
2016-05-22 14:00:00,17.5,49,6.7,0.0,0.0,1.91,383.0,1.3788
2016-05-22 15:00:00,16.9,52,7.0,0.0,0.0,2.47,251.0,0.9036
2016-05-22 16:00:00,16.0,57,7.5,0.2,0.0,1.98,213.0,0.7667999999999999
2016-05-22 17:00:00,15.2,63,8.1,0.2,0.0,3.13,171.0,0.6156
2016-05-22 18:00:00,14.3,72,9.4,0.8,0.0,3.35,89.0,0.3204
2016-05-22 19:00:00,13.6,78,9.9,0.2,0.0,2.73,54.0,0.1944
2016-05-22 20:00:00,13.0,81,9.9,0.2,0.0,2.92,12.0,0.0432
2016-05-22 21:00:00,12.4,84,9.8,0.0,0.0,3.26,0.0,0.0
2016-05-22 22:00:00,11.7,87,9.6,0.0,0.0,2.19,0.0,0.0
2016-05-22 23:00:00,11.3,88,9.3,0.0,0.0,2.73,0.0,0.0
2016-05-23 00:00:00,11.0,88,9.2,0.0,0.0,3.58,0.0,0.0
2016-05-23 01:00:00,10.7,89,8.9,0.0,0.0,3.83,0.0,0.0
2016-05-23 02:00:00,10.3,87,8.3,0.0,0.0,3.82,0.0,0.0
2016-05-23 03:00:00,9.8,85,7.4,0.0,0.0,3.89,0.0,0.0
2016-05-23 04:00:00,9.3,84,6.7,0.0,0.0,3.97,0.0,0.0
2016-05-23 05:00:00,9.1,84,6.6,0.0,0.0,4.24,28.0,0.1008
2016-05-23 06:00:00,10.0,83,7.2,0.0,0.0,4.1,140.0,0.504
2016-05-23 07:00:00,11.3,80,7.9,0.0,0.0,4.53,244.0,0.8784
2016-05-23 08:00:00,12.8,74,8.3,0.0,0.0,4.63,429.0,1.5444
2016-05-23 09:00:00,14.4,65,8.0,0.0,0.0,5.15,591.0,2.1276
2016-05-23 10:00:00,15.1,60,7.5,0.0,0.0,3.86,549.0,1.9764
2016-05-23 11:00:00,16.2,55,7.1,0.0,0.0,3.69,746.0,2.6856
2016-05-23 12:00:00,16.7,51,6.6,0.0,0.0,3.4,691.0,2.4876
2016-05-23 13:00:00,17.0,50,6.5,0.0,0.0,3.07,683.0,2.4588
2016-05-23 14:00:00,17.2,49,6.3,0.0,0.0,2.82,659.0,2.3724
2016-05-23 15:00:00,16.9,50,6.5,0.0,0.0,2.72,576.0,2.0736
2016-05-23 16:00:00,16.4,57,7.8,0.1,0.0,2.69,526.0,1.8936
2016-05-23 17:00:00,15.8,62,8.6,0.0,0.0,3.0,357.0,1.2852
2016-05-23 18:00:00,14.9,68,9.0,0.0,0.0,3.2,206.0,0.7415999999999999
2016-05-23 19:00:00,14.5,69,8.8,0.0,0.0,2.82,106.0,0.3816
2016-05-23 20:00:00,13.5,75,9.1,0.0,0.0,2.64,21.0,0.0756
2016-05-23 21:00:00,12.2,82,9.3,0.0,0.0,2.66,0.0,0.0
2016-05-23 22:00:00,11.3,88,9.3,0.0,0.0,2.5,0.0,0.0
2016-05-23 23:00:00,10.3,91,9.0,0.0,0.0,2.44,0.0,0.0
2016-05-24 00:00:00,9.4,93,8.4,0.0,0.0,2.3,0.0,0.0
2016-05-24 01:00:00,8.5,94,7.6,0.0,0.0,2.64,0.0,0.0
2016-05-24 02:00:00,7.7,94,6.8,0.0,0.0,2.83,0.0,0.0
2016-05-24 03:00:00,7.0,94,6.2,0.0,0.0,2.92,0.0,0.0
2016-05-24 04:00:00,6.4,95,5.7,0.0,0.0,2.82,0.0,0.0
2016-05-24 05:00:00,6.6,95,5.9,0.0,0.0,2.97,33.0,0.1188
2016-05-24 06:00:00,8.5,89,6.9,0.0,0.0,2.88,148.0,0.5327999999999999
2016-05-24 07:00:00,10.2,81,7.1,0.0,0.0,3.54,303.0,1.0908
2016-05-24 08:00:00,11.5,75,7.2,0.0,0.0,3.77,441.0,1.5876
2016-05-24 09:00:00,13.1,64,6.4,0.0,0.0,4.19,604.0,2.1744
2016-05-24 10:00:00,14.3,56,5.7,0.0,0.0,4.48,654.0,2.3544
2016-05-24 11:00:00,15.2,51,5.1,0.0,0.0,4.61,666.0,2.3975999999999997
2016-05-24 12:00:00,15.3,50,4.9,0.0,0.0,4.89,426.0,1.5335999999999999
2016-05-24 13:00:00,15.3,50,5.0,0.0,0.0,5.03,348.0,1.2528
2016-05-24 14:00:00,15.3,50,5.1,0.0,0.0,5.11,327.0,1.1772
2016-05-24 15:00:00,15.4,51,5.3,0.0,0.0,5.06,385.0,1.386
2016-05-24 16:00:00,15.0,52,5.3,0.0,0.0,5.13,317.0,1.1412
2016-05-24 17:00:00,14.4,56,5.7,0.0,0.0,5.39,277.0,0.9972
2016-05-24 18:00:00,13.7,61,6.3,0.0,0.0,5.39,258.0,0.9288
2016-05-24 19:00:00,12.2,67,6.4,0.0,0.0,5.46,116.0,0.41759999999999997
2016-05-24 20:00:00,10.6,72,5.9,0.0,0.0,5.22,26.0,0.0936
2016-05-24 21:00:00,9.6,75,5.3,0.0,0.0,4.96,0.0,0.0
2016-05-24 22:00:00,8.9,73,4.2,0.0,0.0,3.92,0.0,0.0
2016-05-24 23:00:00,8.5,72,3.8,0.0,0.0,3.52,0.0,0.0
2016-05-25 00:00:00,8.4,71,3.5,0.0,0.0,3.28,0.0,0.0
2016-05-25 01:00:00,8.3,73,3.8,0.0,0.0,3.22,0.0,0.0
2016-05-25 02:00:00,8.2,76,4.2,0.0,0.0,3.42,0.0,0.0
2016-05-25 03:00:00,8.1,78,4.5,0.0,0.0,3.26,0.0,0.0
2016-05-25 04:00:00,7.8,80,4.6,0.0,0.0,3.44,0.0,0.0
2016-05-25 05:00:00,8.1,81,5.0,0.0,0.0,3.65,18.0,0.0648
2016-05-25 06:00:00,8.7,79,5.3,0.0,0.0,4.49,89.0,0.3204
2016-05-25 07:00:00,9.6,75,5.4,0.1,0.0,4.12,145.0,0.522
2016-05-25 08:00:00,10.2,72,5.4,0.2,0.0,3.55,180.0,0.648
2016-05-25 09:00:00,10.6,71,5.7,0.1,0.0,3.58,187.0,0.6732
2016-05-25 10:00:00,11.1,70,5.9,0.1,0.0,3.4,231.0,0.8316
2016-05-25 11:00:00,11.3,71,6.2,0.0,0.0,3.83,251.0,0.9036
2016-05-25 12:00:00,11.8,70,6.6,0.0,0.0,3.67,328.0,1.1808
2016-05-25 13:00:00,12.6,68,6.8,0.0,0.0,3.57,379.0,1.3644
2016-05-25 14:00:00,12.7,68,6.9,0.0,0.0,3.45,302.0,1.0872
2016-05-25 15:00:00,12.5,69,7.0,0.0,0.0,3.23,199.0,0.7163999999999999
2016-05-25 16:00:00,12.1,72,7.2,0.0,0.0,2.67,110.0,0.39599999999999996
2016-05-25 17:00:00,12.3,71,7.1,0.0,0.0,2.72,120.0,0.432
2016-05-25 18:00:00,12.1,71,7.0,0.0,0.0,2.61,62.0,0.22319999999999998
2016-05-25 19:00:00,11.3,76,7.3,0.0,0.0,2.3,32.0,0.1152
2016-05-25 20:00:00,10.9,79,7.4,0.0,0.0,1.9,8.0,0.0288
2016-05-25 21:00:00,10.7,81,7.5,0.0,0.0,1.71,0.0,0.0
2016-05-25 22:00:00,10.4,82,7.5,0.0,0.0,1.2,0.0,0.0
2016-05-25 23:00:00,9.9,85,7.5,0.0,0.0,1.3,0.0,0.0
2016-05-26 00:00:00,9.1,89,7.4,0.0,0.0,1.33,0.0,0.0
2016-05-26 01:00:00,8.0,93,6.9,0.0,0.0,1.17,0.0,0.0
2016-05-26 02:00:00,8.7,90,7.2,0.0,0.0,0.81,0.0,0.0
2016-05-26 03:00:00,8.4,93,7.3,0.0,0.0,0.54,0.0,0.0
2016-05-26 04:00:00,7.9,96,7.2,0.0,0.0,0.22,0.0,0.0
2016-05-26 05:00:00,7.7,97,7.3,0.0,0.0,0.51,30.0,0.108
2016-05-26 06:00:00,9.0,93,7.9,0.0,0.0,0.61,133.0,0.4788
2016-05-26 07:00:00,11.1,85,8.6,0.0,0.0,0.98,206.0,0.7415999999999999
2016-05-26 08:00:00,12.4,72,7.4,0.0,0.0,0.64,371.0,1.3356
2016-05-26 09:00:00,13.8,61,6.5,0.0,0.0,0.61,569.0,2.0484
2016-05-26 10:00:00,15.0,56,6.3,0.0,0.0,0.92,592.0,2.1311999999999998
2016-05-26 11:00:00,16.2,52,6.4,0.0,0.0,0.92,644.0,2.3184
2016-05-26 12:00:00,17.6,47,6.1,0.0,0.0,0.7,728.0,2.6208
2016-05-26 13:00:00,18.4,45,6.3,0.0,0.0,0.91,726.0,2.6136
2016-05-26 14:00:00,18.6,45,6.3,0.0,0.0,0.95,642.0,2.3112
2016-05-26 15:00:00,18.7,45,6.5,0.0,0.0,0.3,595.0,2.142
2016-05-26 16:00:00,18.6,48,7.3,0.0,0.0,1.2,423.0,1.5228
2016-05-26 17:00:00,18.0,55,8.7,0.0,0.0,2.52,311.0,1.1196
2016-05-26 18:00:00,17.0,62,9.7,0.0,0.0,3.21,194.0,0.6984
2016-05-26 19:00:00,15.2,72,10.3,0.0,0.0,3.13,132.0,0.4752
2016-05-26 20:00:00,13.7,78,9.9,0.0,0.0,2.94,26.0,0.0936
2016-05-26 21:00:00,12.3,84,9.6,0.0,0.0,2.98,0.0,0.0
2016-05-26 22:00:00,11.3,87,9.3,0.0,0.0,2.98,0.0,0.0
2016-05-26 23:00:00,10.6,90,9.1,0.0,0.0,3.18,0.0,0.0
2016-05-27 00:00:00,10.1,92,8.9,0.0,0.0,3.1,0.0,0.0
2016-05-27 01:00:00,9.6,93,8.6,0.0,0.0,3.23,0.0,0.0
2016-05-27 02:00:00,9.3,94,8.3,0.0,0.0,3.1,0.0,0.0
2016-05-27 03:00:00,9.0,93,8.0,0.0,0.0,3.0,0.0,0.0
2016-05-27 04:00:00,8.8,93,7.7,0.0,0.0,2.88,0.0,0.0
2016-05-27 05:00:00,9.3,90,7.8,0.0,0.0,3.08,32.0,0.1152
2016-05-27 06:00:00,10.7,85,8.2,0.0,0.0,3.16,132.0,0.4752
2016-05-27 07:00:00,12.4,79,8.9,0.0,0.0,3.38,276.0,0.9935999999999999
2016-05-27 08:00:00,13.8,74,9.3,0.0,0.0,3.61,397.0,1.4292
2016-05-27 09:00:00,15.1,70,9.6,0.0,0.0,3.83,529.0,1.9043999999999999
2016-05-27 10:00:00,16.3,66,9.9,0.0,0.0,3.47,681.0,2.4516
2016-05-27 11:00:00,17.4,62,10.1,0.0,0.0,3.77,808.0,2.9088
2016-05-27 12:00:00,18.1,60,10.2,0.0,0.0,3.72,818.0,2.9448
2016-05-27 13:00:00,19.0,56,10.0,0.0,0.0,3.4,842.0,3.0312
2016-05-27 14:00:00,19.5,53,9.8,0.0,0.0,3.26,758.0,2.7288
2016-05-27 15:00:00,19.6,54,9.9,0.0,0.0,3.14,598.0,2.1528
2016-05-27 16:00:00,18.8,58,10.5,0.0,0.0,3.16,337.0,1.2132
2016-05-27 17:00:00,18.2,64,11.2,0.0,0.0,3.61,278.0,1.0008
2016-05-27 18:00:00,17.6,68,11.6,0.0,0.0,3.71,227.0,0.8171999999999999
2016-05-27 19:00:00,16.2,74,11.6,0.0,0.0,3.57,122.0,0.4392
2016-05-27 20:00:00,14.6,80,11.2,0.0,0.0,3.49,24.0,0.0864
2016-05-27 21:00:00,13.2,86,10.8,0.0,0.0,3.51,0.0,0.0
2016-05-27 22:00:00,12.3,88,10.4,0.0,0.0,3.54,0.0,0.0
2016-05-27 23:00:00,11.4,90,9.9,0.0,0.0,3.69,0.0,0.0
2016-05-28 00:00:00,10.8,91,9.4,0.0,0.0,3.44,0.0,0.0
2016-05-28 01:00:00,10.2,92,9.0,0.0,0.0,3.3,0.0,0.0
2016-05-28 02:00:00,9.8,93,8.7,0.0,0.0,3.2,0.0,0.0
2016-05-28 03:00:00,9.5,93,8.5,0.0,0.0,3.26,0.0,0.0
2016-05-28 04:00:00,9.4,94,8.4,0.0,0.0,3.33,0.0,0.0
2016-05-28 05:00:00,9.8,92,8.6,0.0,0.0,3.54,30.0,0.108
2016-05-28 06:00:00,11.3,86,9.1,0.0,0.0,3.89,129.0,0.4644
2016-05-28 07:00:00,12.2,83,9.5,0.0,0.0,3.86,216.0,0.7776
2016-05-28 08:00:00,13.2,80,9.9,0.0,0.0,3.91,301.0,1.0836
2016-05-28 09:00:00,15.0,74,10.4,0.0,0.0,3.83,555.0,1.998
2016-05-28 10:00:00,16.4,69,10.7,0.0,0.0,3.58,677.0,2.4372
2016-05-28 11:00:00,17.7,64,10.8,0.0,0.0,3.62,783.0,2.8188
2016-05-28 12:00:00,18.6,60,10.8,0.0,0.0,3.58,841.0,3.0276
2016-05-28 13:00:00,19.3,57,10.6,0.0,0.0,3.49,837.0,3.0132
2016-05-28 14:00:00,19.5,55,10.4,0.0,0.0,3.52,741.0,2.6675999999999997
2016-05-28 15:00:00,19.4,55,10.2,0.0,0.0,3.91,551.0,1.9836
2016-05-28 16:00:00,19.0,57,10.4,0.0,0.0,4.17,427.0,1.5372
2016-05-28 17:00:00,18.4,62,10.9,0.0,0.0,4.24,283.0,1.0188
2016-05-28 18:00:00,17.6,66,11.3,0.0,0.0,3.84,269.0,0.9683999999999999
2016-05-28 19:00:00,17.0,67,10.7,0.0,0.0,3.7,113.0,0.4068
2016-05-28 20:00:00,15.3,73,10.4,0.0,0.0,3.83,29.0,0.10439999999999999
2016-05-28 21:00:00,13.9,78,10.1,0.0,0.0,4.11,0.0,0.0
2016-05-28 22:00:00,12.7,82,9.7,0.0,0.0,4.18,0.0,0.0
2016-05-28 23:00:00,11.6,84,9.1,0.0,0.0,3.91,0.0,0.0
2016-05-29 00:00:00,10.6,87,8.5,0.0,0.0,3.45,0.0,0.0
2016-05-29 01:00:00,9.8,89,8.0,0.0,0.0,3.23,0.0,0.0
2016-05-29 02:00:00,9.2,90,7.7,0.0,0.0,3.26,0.0,0.0
2016-05-29 03:00:00,8.8,93,7.7,0.0,0.0,3.65,0.0,0.0
2016-05-29 04:00:00,8.5,94,7.6,0.0,0.0,4.04,0.0,0.0
2016-05-29 05:00:00,8.9,94,8.1,0.0,0.0,4.33,38.0,0.1368
2016-05-29 06:00:00,10.5,90,8.9,0.0,0.0,5.06,136.0,0.4896
2016-05-29 07:00:00,11.4,86,9.2,0.0,0.0,5.51,271.0,0.9756
2016-05-29 08:00:00,12.7,83,9.9,0.0,0.0,5.41,361.0,1.2995999999999999
2016-05-29 09:00:00,14.2,79,10.6,0.0,0.0,5.7,484.0,1.7424
2016-05-29 10:00:00,15.6,75,11.2,0.0,0.0,5.49,535.0,1.926
2016-05-29 11:00:00,17.0,71,11.7,0.0,0.0,5.69,625.0,2.25
2016-05-29 12:00:00,17.9,68,12.0,0.0,0.0,5.97,606.0,2.1816
2016-05-29 13:00:00,18.5,67,12.2,0.0,0.0,6.0,593.0,2.1348
2016-05-29 14:00:00,18.7,66,12.3,0.0,0.0,6.02,502.0,1.8072
2016-05-29 15:00:00,18.9,66,12.3,0.0,0.0,5.94,421.0,1.5156
2016-05-29 16:00:00,18.5,68,12.4,0.1,0.0,5.82,355.0,1.278
2016-05-29 17:00:00,17.9,70,12.2,0.0,0.0,5.85,255.0,0.9179999999999999
2016-05-29 18:00:00,17.0,73,12.0,0.0,0.0,5.36,182.0,0.6552
2016-05-29 19:00:00,15.5,75,11.1,0.0,0.0,5.38,103.0,0.37079999999999996
2016-05-29 20:00:00,14.0,79,10.5,0.0,0.0,5.06,29.0,0.10439999999999999
2016-05-29 21:00:00,12.9,83,10.1,0.0,0.0,5.1,0.0,0.0
2016-05-29 22:00:00,12.3,86,10.0,0.0,0.0,4.85,0.0,0.0
2016-05-29 23:00:00,12.0,87,9.9,0.0,0.0,5.2,0.0,0.0
2016-05-30 00:00:00,11.8,88,9.9,0.0,0.0,4.85,0.0,0.0
2016-05-30 01:00:00,11.6,89,9.8,0.0,0.0,4.75,0.0,0.0
2016-05-30 02:00:00,11.3,90,9.7,0.0,0.0,5.12,0.0,0.0
2016-05-30 03:00:00,11.0,91,9.6,0.0,0.0,5.5,0.0,0.0
2016-05-30 04:00:00,11.0,91,9.5,0.0,0.0,5.2,0.0,0.0
2016-05-30 05:00:00,11.0,90,9.5,0.0,0.0,5.46,17.0,0.0612
2016-05-30 06:00:00,11.5,87,9.5,0.0,0.0,6.53,70.0,0.252
2016-05-30 07:00:00,11.6,87,9.4,0.0,0.0,6.5,139.0,0.5004
2016-05-30 08:00:00,12.3,84,9.6,0.0,0.0,6.8,225.0,0.8099999999999999
2016-05-30 09:00:00,13.2,80,9.8,0.0,0.0,7.2,262.0,0.9431999999999999
2016-05-30 10:00:00,13.9,78,10.2,0.0,0.0,6.8,309.0,1.1124
2016-05-30 11:00:00,14.6,76,10.4,0.0,0.0,6.73,295.0,1.062
2016-05-30 12:00:00,15.6,71,10.3,0.0,0.0,7.06,358.0,1.2888
2016-05-30 13:00:00,16.6,65,9.9,0.0,0.0,7.83,390.0,1.404
2016-05-30 14:00:00,16.9,62,9.6,0.0,0.0,7.81,307.0,1.1052
2016-05-30 15:00:00,17.1,61,9.6,0.0,0.0,7.62,309.0,1.1124
2016-05-30 16:00:00,17.2,60,9.4,0.0,0.0,8.32,308.0,1.1088
2016-05-30 17:00:00,16.8,62,9.4,0.0,0.0,7.38,215.0,0.774
2016-05-30 18:00:00,16.3,64,9.5,0.0,0.0,7.58,151.0,0.5436
2016-05-30 19:00:00,15.2,67,9.2,0.0,0.0,7.65,75.0,0.27
2016-05-30 20:00:00,14.3,68,8.5,0.0,0.0,7.65,19.0,0.0684
2016-05-30 21:00:00,13.6,68,7.9,0.0,0.0,7.6,0.0,0.0
2016-05-30 22:00:00,13.0,70,7.6,0.0,0.0,7.4,0.0,0.0
2016-05-30 23:00:00,12.4,72,7.6,0.0,0.0,7.55,0.0,0.0
2016-05-31 00:00:00,12.1,74,7.7,0.0,0.0,7.71,0.0,0.0
2016-05-31 01:00:00,11.8,76,7.8,0.0,0.0,7.74,0.0,0.0
2016-05-31 02:00:00,11.6,78,7.9,0.0,0.0,7.78,0.0,0.0
2016-05-31 03:00:00,11.6,79,8.0,0.0,0.0,7.78,0.0,0.0
2016-05-31 04:00:00,11.5,79,8.0,0.0,0.0,8.46,0.0,0.0
2016-05-31 05:00:00,11.5,80,8.1,0.0,0.0,8.59,16.0,0.0576
2016-05-31 06:00:00,11.5,81,8.4,0.2,0.0,8.81,57.0,0.2052
2016-05-31 07:00:00,10.5,94,9.5,1.4,0.0,8.65,36.0,0.1296
2016-05-31 08:00:00,10.6,95,9.8,1.5,0.0,8.63,33.0,0.1188
2016-05-31 09:00:00,10.7,96,10.1,2.2,0.0,8.43,72.0,0.2592
2016-05-31 10:00:00,11.0,95,10.3,2.3,0.0,7.3,57.0,0.2052
2016-05-31 11:00:00,11.2,95,10.5,1.3,0.0,7.54,69.0,0.24839999999999998
2016-05-31 12:00:00,11.4,95,10.6,1.0,0.0,7.62,53.0,0.1908
2016-05-31 13:00:00,11.5,95,10.7,0.6,0.0,7.67,76.0,0.2736
2016-05-31 14:00:00,11.7,94,10.7,0.7,0.0,7.41,67.0,0.2412
2016-05-31 15:00:00,12.0,93,10.9,0.1,0.0,7.3,80.0,0.288
2016-05-31 16:00:00,12.0,93,10.8,0.0,0.0,7.09,42.0,0.1512
2016-05-31 17:00:00,12.0,93,10.9,0.0,0.0,6.91,57.0,0.2052
2016-05-31 18:00:00,11.9,93,10.8,0.1,0.0,6.56,30.0,0.108
2016-05-31 19:00:00,11.6,91,10.3,0.0,0.0,6.43,18.0,0.0648
2016-05-31 20:00:00,11.7,92,10.4,0.0,0.0,6.41,6.0,0.0216
2016-05-31 21:00:00,11.7,93,10.5,0.0,0.0,6.2,0.0,0.0
2016-05-31 22:00:00,11.7,93,10.6,0.0,0.0,4.65,0.0,0.0
2016-05-31 23:00:00,11.7,93,10.6,0.0,0.0,5.05,0.0,0.0
2016-06-01 00:00:00,11.6,94,10.7,0.0,0.0,5.22,0.0,0.0
2016-06-01 01:00:00,11.6,94,10.7,0.0,0.0,5.22,0.0,0.0
2016-06-01 02:00:00,11.6,95,10.7,0.0,0.0,5.4,0.0,0.0
2016-06-01 03:00:00,11.6,94,10.7,0.0,0.0,5.4,0.0,0.0
2016-06-01 04:00:00,11.6,94,10.7,0.0,0.0,5.4,0.0,0.0
2016-06-01 05:00:00,11.6,94,10.7,0.0,0.0,5.5,4.0,0.0144
2016-06-01 06:00:00,11.8,94,10.8,0.0,0.0,5.91,21.0,0.0756
2016-06-01 07:00:00,12.1,91,10.7,0.0,0.0,6.4,69.0,0.24839999999999998
2016-06-01 08:00:00,12.5,89,10.8,0.0,0.0,6.7,98.0,0.3528
2016-06-01 09:00:00,12.8,89,11.0,0.0,0.0,6.91,132.0,0.4752
2016-06-01 10:00:00,13.1,88,11.1,0.0,0.0,5.61,150.0,0.54
2016-06-01 11:00:00,13.0,89,11.2,0.0,0.0,5.82,123.0,0.44279999999999997
2016-06-01 12:00:00,13.6,85,11.2,0.0,0.0,6.01,195.0,0.702
2016-06-01 13:00:00,14.3,84,11.6,0.0,0.0,6.2,280.0,1.008
2016-06-01 14:00:00,14.3,85,11.7,0.2,0.0,6.62,232.0,0.8351999999999999
2016-06-01 15:00:00,14.0,87,11.8,0.3,0.0,6.71,172.0,0.6192
2016-06-01 16:00:00,13.9,86,11.6,0.0,0.0,6.1,144.0,0.5184
2016-06-01 17:00:00,13.6,86,11.3,0.0,0.0,5.93,131.0,0.47159999999999996
2016-06-01 18:00:00,13.2,85,10.8,0.0,0.0,6.32,98.0,0.3528
2016-06-01 19:00:00,12.1,90,10.6,0.0,0.0,6.9,32.0,0.1152
2016-06-01 20:00:00,11.8,91,10.3,0.0,0.0,6.91,12.0,0.0432
2016-06-01 21:00:00,11.5,91,10.1,0.0,0.0,7.03,0.0,0.0
2016-06-01 22:00:00,11.3,91,10.0,0.0,0.0,6.12,0.0,0.0
2016-06-01 23:00:00,11.2,91,9.8,0.0,0.0,5.9,0.0,0.0
2016-06-02 00:00:00,11.0,91,9.6,0.0,0.0,6.0,0.0,0.0
2016-06-02 01:00:00,10.9,91,9.4,0.0,0.0,6.01,0.0,0.0
2016-06-02 02:00:00,10.8,90,9.1,0.0,0.0,6.01,0.0,0.0
2016-06-02 03:00:00,10.5,89,8.8,0.0,0.0,5.91,0.0,0.0
2016-06-02 04:00:00,10.3,89,8.5,0.0,0.0,5.81,0.0,0.0
2016-06-02 05:00:00,10.1,88,8.2,0.0,0.0,6.31,21.0,0.0756
2016-06-02 06:00:00,10.2,86,8.0,0.0,0.0,6.96,54.0,0.1944
2016-06-02 07:00:00,10.3,84,7.8,0.0,0.0,7.41,140.0,0.504
2016-06-02 08:00:00,10.7,83,7.9,0.2,0.0,7.51,168.0,0.6048
2016-06-02 09:00:00,11.4,80,8.0,0.0,0.0,7.63,276.0,0.9935999999999999
2016-06-02 10:00:00,12.1,77,8.1,0.0,0.0,6.38,332.0,1.1952
2016-06-02 11:00:00,12.9,74,8.3,0.0,0.0,6.38,424.0,1.5264
2016-06-02 12:00:00,13.6,71,8.5,0.0,0.0,6.38,467.0,1.6812
2016-06-02 13:00:00,13.8,71,8.6,0.0,0.0,6.38,437.0,1.5732
2016-06-02 14:00:00,14.3,69,8.7,0.0,0.0,6.61,536.0,1.9296
2016-06-02 15:00:00,14.5,68,8.7,0.0,0.0,6.67,517.0,1.8612
2016-06-02 16:00:00,14.5,67,8.5,0.0,0.0,6.04,483.0,1.7388
2016-06-02 17:00:00,14.0,68,8.1,0.0,0.0,5.77,375.0,1.3499999999999999
2016-06-02 18:00:00,13.0,69,7.5,0.0,0.0,5.8,213.0,0.7667999999999999
2016-06-02 19:00:00,11.2,78,7.4,0.0,0.0,5.32,65.0,0.23399999999999999
2016-06-02 20:00:00,10.7,79,7.2,0.0,0.0,4.98,17.0,0.0612
2016-06-02 21:00:00,10.2,80,6.9,0.0,0.0,4.87,0.0,0.0
2016-06-02 22:00:00,10.0,80,6.7,0.0,0.0,4.06,0.0,0.0
2016-06-02 23:00:00,9.9,80,6.5,0.0,0.0,4.0,0.0,0.0
2016-06-03 00:00:00,9.7,80,6.5,0.0,0.0,4.0,0.0,0.0
2016-06-03 01:00:00,9.6,81,6.5,0.0,0.0,4.1,0.0,0.0
2016-06-03 02:00:00,9.5,82,6.5,0.0,0.0,4.1,0.0,0.0
2016-06-03 03:00:00,9.5,82,6.6,0.0,0.0,3.9,0.0,0.0
2016-06-03 04:00:00,9.4,84,6.8,0.0,0.0,4.3,0.0,0.0
2016-06-03 05:00:00,9.6,84,7.0,0.0,0.0,4.81,21.0,0.0756
2016-06-03 06:00:00,10.0,81,6.9,0.0,0.0,4.85,63.0,0.2268
2016-06-03 07:00:00,9.3,84,6.7,0.0,0.0,4.69,75.0,0.27
2016-06-03 08:00:00,9.8,82,6.9,0.0,0.0,4.44,142.0,0.5112
2016-06-03 09:00:00,10.5,80,7.2,0.0,0.0,4.26,222.0,0.7992
2016-06-03 10:00:00,11.2,78,7.5,0.0,0.0,3.2,257.0,0.9252
2016-06-03 11:00:00,11.9,77,7.9,0.0,0.0,3.31,316.0,1.1376
2016-06-03 12:00:00,12.3,76,8.2,0.0,0.0,3.41,307.0,1.1052
2016-06-03 13:00:00,12.8,75,8.5,0.0,0.0,3.51,304.0,1.0944
2016-06-03 14:00:00,13.3,75,8.9,0.0,0.0,3.3,324.0,1.1663999999999999
2016-06-03 15:00:00,13.8,74,9.3,0.0,0.0,3.2,292.0,1.0512
2016-06-03 16:00:00,14.3,73,9.5,0.0,0.0,3.3,232.0,0.8351999999999999
2016-06-03 17:00:00,14.4,74,9.8,0.0,0.0,3.4,135.0,0.486
2016-06-03 18:00:00,14.3,76,10.2,0.0,0.0,3.41,92.0,0.3312
2016-06-03 19:00:00,13.1,79,9.5,0.0,0.0,3.28,46.0,0.1656
2016-06-03 20:00:00,12.7,81,9.6,0.0,0.0,2.89,8.0,0.0288
2016-06-03 21:00:00,12.5,83,9.7,0.0,0.0,2.43,0.0,0.0
2016-06-03 22:00:00,12.2,86,9.9,0.0,0.0,2.67,0.0,0.0
2016-06-03 23:00:00,12.1,87,9.9,0.0,0.0,2.01,0.0,0.0
2016-06-04 00:00:00,12.0,88,10.0,0.0,0.0,1.9,0.0,0.0
2016-06-04 01:00:00,11.9,89,10.1,0.0,0.0,2.0,0.0,0.0
2016-06-04 02:00:00,11.8,90,10.2,0.0,0.0,2.1,0.0,0.0
2016-06-04 03:00:00,11.8,90,10.2,0.0,0.0,2.11,0.0,0.0
2016-06-04 04:00:00,11.7,91,10.3,0.0,0.0,2.26,0.0,0.0
2016-06-04 05:00:00,11.9,91,10.5,0.0,0.0,2.62,9.0,0.0324
2016-06-04 06:00:00,12.2,91,10.7,0.0,0.0,2.8,32.0,0.1152
2016-06-04 07:00:00,12.9,89,11.2,0.0,0.0,2.8,83.0,0.2988
2016-06-04 08:00:00,13.8,87,11.7,0.0,0.0,2.9,157.0,0.5652
2016-06-04 09:00:00,14.4,87,12.2,0.0,0.0,2.9,145.0,0.522
2016-06-04 10:00:00,15.5,84,12.8,0.0,0.0,2.43,279.0,1.0044
2016-06-04 11:00:00,16.7,81,13.4,0.0,0.0,3.01,329.0,1.1844
2016-06-04 12:00:00,17.5,79,13.9,0.0,0.0,3.1,335.0,1.206
2016-06-04 13:00:00,18.4,78,14.4,0.0,0.0,3.01,389.0,1.4003999999999999
2016-06-04 14:00:00,19.2,75,14.8,0.0,0.0,3.07,353.0,1.2708
2016-06-04 15:00:00,19.8,74,15.0,0.0,0.0,3.42,292.0,1.0512
2016-06-04 16:00:00,19.9,75,15.3,0.0,0.0,3.49,191.0,0.6876
2016-06-04 17:00:00,20.1,75,15.6,0.0,0.0,2.73,146.0,0.5256
2016-06-04 18:00:00,20.0,78,15.9,0.0,0.0,2.69,85.0,0.306
2016-06-04 19:00:00,19.1,82,16.0,0.0,0.0,2.62,43.0,0.1548
2016-06-04 20:00:00,18.0,86,15.7,0.0,0.0,2.79,20.0,0.072
2016-06-04 21:00:00,16.7,90,15.1,0.0,0.0,3.18,0.0,0.0
2016-06-04 22:00:00,15.2,93,14.1,0.0,0.0,3.14,0.0,0.0
2016-06-04 23:00:00,13.9,95,13.1,0.0,0.0,2.94,0.0,0.0
2016-06-05 00:00:00,12.8,96,12.1,0.0,0.0,2.96,0.0,0.0
2016-06-05 01:00:00,12.0,95,11.3,0.0,0.0,3.1,0.0,0.0
2016-06-05 02:00:00,11.4,95,10.6,0.0,0.0,3.3,0.0,0.0
2016-06-05 03:00:00,11.0,95,10.2,0.0,0.0,3.3,0.0,0.0
2016-06-05 04:00:00,10.6,95,9.9,0.0,0.0,3.29,0.0,0.0
2016-06-05 05:00:00,10.9,94,10.0,0.0,0.0,3.58,43.0,0.1548
2016-06-05 06:00:00,12.4,89,10.6,0.0,0.0,4.12,156.0,0.5616
2016-06-05 07:00:00,13.7,86,11.4,0.0,0.0,3.86,280.0,1.008
2016-06-05 08:00:00,15.7,78,12.0,0.0,0.0,3.86,389.0,1.4003999999999999
2016-06-05 09:00:00,17.4,74,12.8,0.0,0.0,4.0,560.0,2.016
2016-06-05 10:00:00,18.7,72,13.5,0.0,0.0,3.41,672.0,2.4192
2016-06-05 11:00:00,20.0,69,14.2,0.0,0.0,3.54,765.0,2.754
2016-06-05 12:00:00,20.8,68,14.7,0.0,0.0,3.61,784.0,2.8224
2016-06-05 13:00:00,21.6,66,15.0,0.0,0.0,3.56,751.0,2.7036
2016-06-05 14:00:00,22.0,65,15.2,0.0,0.0,3.44,689.0,2.4804
2016-06-05 15:00:00,22.2,65,15.2,0.0,0.0,3.36,590.0,2.124
2016-06-05 16:00:00,22.3,64,15.1,0.0,0.0,3.41,554.0,1.9944
2016-06-05 17:00:00,21.8,66,15.0,0.0,0.0,3.4,428.0,1.5408
2016-06-05 18:00:00,20.7,69,14.9,0.0,0.0,3.18,272.0,0.9792
2016-06-05 19:00:00,19.1,74,14.3,0.0,0.0,2.82,150.0,0.54
2016-06-05 20:00:00,17.4,78,13.5,0.0,0.0,2.68,41.0,0.1476
2016-06-05 21:00:00,15.6,82,12.6,0.0,0.0,3.01,0.0,0.0
2016-06-05 22:00:00,14.3,84,11.7,0.0,0.0,2.62,0.0,0.0
2016-06-05 23:00:00,13.2,86,10.9,0.0,0.0,2.31,0.0,0.0
2016-06-06 00:00:00,12.3,88,10.4,0.0,0.0,2.02,0.0,0.0
2016-06-06 01:00:00,11.5,91,10.0,0.0,0.0,2.14,0.0,0.0
2016-06-06 02:00:00,10.8,92,9.6,0.0,0.0,2.34,0.0,0.0
2016-06-06 03:00:00,10.3,93,9.2,0.0,0.0,2.48,0.0,0.0
2016-06-06 04:00:00,9.9,92,8.7,0.0,0.0,2.7,0.0,0.0
2016-06-06 05:00:00,10.3,90,8.8,0.0,0.0,3.16,44.0,0.15839999999999999
2016-06-06 06:00:00,11.9,83,9.0,0.0,0.0,3.18,161.0,0.5796
2016-06-06 07:00:00,13.6,78,9.9,0.0,0.0,3.23,303.0,1.0908
2016-06-06 08:00:00,15.2,72,10.1,0.0,0.0,3.2,448.0,1.6128
2016-06-06 09:00:00,16.9,65,10.3,0.0,0.0,3.32,601.0,2.1635999999999997
2016-06-06 10:00:00,18.5,59,10.3,0.0,0.0,2.69,731.0,2.6315999999999997
2016-06-06 11:00:00,19.8,54,10.2,0.0,0.0,3.29,821.0,2.9556
2016-06-06 12:00:00,20.7,51,10.1,0.0,0.0,3.71,845.0,3.042
2016-06-06 13:00:00,21.2,48,9.9,0.0,0.0,3.91,820.0,2.952
2016-06-06 14:00:00,21.7,47,9.9,0.0,0.0,3.83,821.0,2.9556
2016-06-06 15:00:00,21.8,47,9.9,0.0,0.0,3.91,706.0,2.5416
2016-06-06 16:00:00,21.4,48,9.9,0.0,0.0,4.02,585.0,2.106
2016-06-06 17:00:00,20.5,50,9.9,0.0,0.0,3.81,458.0,1.6488
2016-06-06 18:00:00,19.3,55,10.1,0.0,0.0,3.21,308.0,1.1088
2016-06-06 19:00:00,17.8,56,9.0,0.0,0.0,2.92,159.0,0.5724
2016-06-06 20:00:00,15.9,61,8.5,0.0,0.0,2.9,41.0,0.1476
2016-06-06 21:00:00,14.4,67,8.3,0.0,0.0,2.81,0.0,0.0
2016-06-06 22:00:00,13.3,73,8.5,0.0,0.0,2.66,0.0,0.0
2016-06-06 23:00:00,12.5,78,8.8,0.0,0.0,2.62,0.0,0.0
2016-06-07 00:00:00,11.9,82,9.0,0.0,0.0,2.28,0.0,0.0
2016-06-07 01:00:00,11.4,87,9.3,0.0,0.0,1.75,0.0,0.0
2016-06-07 02:00:00,11.1,89,9.4,0.0,0.0,1.44,0.0,0.0
2016-06-07 03:00:00,10.8,90,9.3,0.0,0.0,1.28,0.0,0.0
2016-06-07 04:00:00,10.8,90,9.3,0.0,0.0,1.27,0.0,0.0
2016-06-07 05:00:00,11.6,91,10.1,0.2,0.0,1.63,39.0,0.1404
2016-06-07 06:00:00,13.5,81,10.3,0.0,0.0,1.28,145.0,0.522
2016-06-07 07:00:00,15.4,78,11.5,0.0,0.0,1.28,283.0,1.0188
2016-06-07 08:00:00,17.1,74,12.5,0.0,0.0,1.22,426.0,1.5335999999999999
2016-06-07 09:00:00,18.6,73,13.6,0.4,0.0,1.17,545.0,1.962
2016-06-07 10:00:00,19.1,77,15.0,2.1,0.0,1.22,602.0,2.1672
2016-06-07 11:00:00,19.5,80,16.1,2.1,0.0,0.58,632.0,2.2752
2016-06-07 12:00:00,19.9,79,16.1,0.8,0.0,0.32,554.0,1.9944
2016-06-07 13:00:00,21.0,74,16.2,0.0,0.0,0.32,527.0,1.8972
2016-06-07 14:00:00,21.9,72,16.6,0.0,0.0,0.5,555.0,1.998
2016-06-07 15:00:00,22.1,72,16.7,0.0,0.0,0.22,370.0,1.332
2016-06-07 16:00:00,21.8,73,16.7,0.6,0.0,0.45,277.0,0.9972
2016-06-07 17:00:00,20.8,77,16.7,1.5,0.0,0.5,186.0,0.6696
2016-06-07 18:00:00,19.4,86,17.0,1.7,0.0,0.5,128.0,0.4608
2016-06-07 19:00:00,20.3,84,17.6,0.7,0.0,0.86,98.0,0.3528
2016-06-07 20:00:00,18.6,90,16.9,1.4,0.0,1.12,31.0,0.11159999999999999
2016-06-07 21:00:00,16.9,95,16.2,3.9,0.0,0.81,0.0,0.0
2016-06-07 22:00:00,16.4,97,15.9,2.1,0.0,1.65,0.0,0.0
2016-06-07 23:00:00,15.9,98,15.7,0.7,0.0,1.39,0.0,0.0
2016-06-08 00:00:00,15.5,99,15.4,0.0,0.0,1.26,0.0,0.0
2016-06-08 01:00:00,14.9,100,14.8,0.0,0.0,0.98,0.0,0.0
2016-06-08 02:00:00,14.6,100,14.5,0.0,0.0,0.5,0.0,0.0
2016-06-08 03:00:00,14.7,100,14.6,0.0,0.0,1.2,0.0,0.0
2016-06-08 04:00:00,14.5,99,14.4,0.0,0.0,1.63,0.0,0.0
2016-06-08 05:00:00,14.9,99,14.7,0.0,0.0,1.92,29.0,0.10439999999999999
2016-06-08 06:00:00,15.5,98,15.2,0.0,0.0,1.82,83.0,0.2988
2016-06-08 07:00:00,17.8,92,16.5,0.0,0.0,2.02,267.0,0.9611999999999999
2016-06-08 08:00:00,19.2,85,16.7,0.0,0.0,1.58,394.0,1.4183999999999999
2016-06-08 09:00:00,20.4,77,16.2,0.0,0.0,1.44,464.0,1.6703999999999999
2016-06-08 10:00:00,21.5,68,15.5,0.0,0.0,0.5,614.0,2.2104
2016-06-08 11:00:00,22.5,63,15.0,0.0,0.0,0.5,677.0,2.4372
2016-06-08 12:00:00,23.2,62,15.4,0.0,0.0,0.92,723.0,2.6028
2016-06-08 13:00:00,23.6,62,16.0,0.0,0.0,1.24,728.0,2.6208
2016-06-08 14:00:00,23.6,64,16.5,0.0,0.0,1.12,632.0,2.2752
2016-06-08 15:00:00,23.5,65,16.6,0.1,0.0,2.46,511.0,1.8396
2016-06-08 16:00:00,22.1,69,16.2,0.8,0.0,2.33,379.0,1.3644
2016-06-08 17:00:00,21.1,74,16.4,0.0,0.0,1.94,262.0,0.9431999999999999
2016-06-08 18:00:00,20.8,74,16.1,0.0,0.0,2.69,243.0,0.8748
2016-06-08 19:00:00,19.8,80,16.3,0.0,0.0,2.55,106.0,0.3816
2016-06-08 20:00:00,18.6,82,15.5,0.0,0.0,2.64,34.0,0.1224
2016-06-08 21:00:00,16.9,85,14.4,0.0,0.0,3.09,0.0,0.0
2016-06-08 22:00:00,15.6,86,13.3,0.0,0.0,3.01,0.0,0.0
2016-06-08 23:00:00,14.3,89,12.5,0.0,0.0,2.89,0.0,0.0
2016-06-09 00:00:00,13.4,91,11.9,0.0,0.0,2.65,0.0,0.0
2016-06-09 01:00:00,12.7,92,11.4,0.0,0.0,2.47,0.0,0.0
2016-06-09 02:00:00,12.2,92,11.0,0.0,0.0,2.1,0.0,0.0
2016-06-09 03:00:00,12.1,91,10.6,0.0,0.0,1.86,0.0,0.0
2016-06-09 04:00:00,11.8,91,10.3,0.0,0.0,1.91,0.0,0.0
2016-06-09 05:00:00,11.7,90,10.1,0.0,0.0,2.12,32.0,0.1152
2016-06-09 06:00:00,11.9,88,10.1,0.0,0.0,2.27,103.0,0.37079999999999996
2016-06-09 07:00:00,12.7,84,10.1,0.0,0.0,2.36,220.0,0.7919999999999999
2016-06-09 08:00:00,14.0,78,10.2,0.0,0.0,2.16,358.0,1.2888
2016-06-09 09:00:00,15.4,75,11.0,0.0,0.0,2.01,525.0,1.89
2016-06-09 10:00:00,16.8,72,11.7,0.0,0.0,1.9,685.0,2.4659999999999997
2016-06-09 11:00:00,18.2,69,12.4,0.0,0.0,2.26,819.0,2.9484
2016-06-09 12:00:00,19.3,67,13.1,0.0,0.0,2.22,874.0,3.1464
2016-06-09 13:00:00,20.1,66,13.5,0.0,0.0,1.7,868.0,3.1248
2016-06-09 14:00:00,20.7,63,13.4,0.0,0.0,1.6,814.0,2.9304
2016-06-09 15:00:00,21.0,62,13.5,0.0,0.0,1.8,649.0,2.3364
2016-06-09 16:00:00,21.1,62,13.5,0.0,0.0,1.81,556.0,2.0016
2016-06-09 17:00:00,20.8,63,13.5,0.0,0.0,1.73,417.0,1.5011999999999999
2016-06-09 18:00:00,20.1,66,13.5,0.0,0.0,2.16,230.0,0.828
2016-06-09 19:00:00,18.7,71,13.3,0.0,0.0,2.21,133.0,0.4788
2016-06-09 20:00:00,17.3,75,12.8,0.0,0.0,2.28,42.0,0.1512
2016-06-09 21:00:00,15.8,80,12.3,0.0,0.0,2.42,1.0,0.0036
2016-06-09 22:00:00,14.7,84,12.0,0.0,0.0,2.19,0.0,0.0
2016-06-09 23:00:00,13.9,87,11.7,0.0,0.0,1.98,0.0,0.0
2016-06-10 00:00:00,13.1,89,11.3,0.0,0.0,1.63,0.0,0.0
2016-06-10 01:00:00,12.2,92,11.0,0.0,0.0,1.14,0.0,0.0
2016-06-10 02:00:00,11.7,93,10.6,0.0,0.0,1.21,0.0,0.0
2016-06-10 03:00:00,11.1,95,10.3,0.0,0.0,1.22,0.0,0.0
2016-06-10 04:00:00,11.0,94,10.1,0.0,0.0,1.08,0.0,0.0
2016-06-10 05:00:00,11.8,90,10.2,0.0,0.0,1.44,31.0,0.11159999999999999
2016-06-10 06:00:00,12.8,83,10.0,0.0,0.0,1.42,95.0,0.34199999999999997
2016-06-10 07:00:00,14.4,74,9.8,0.0,0.0,1.5,163.0,0.5868
2016-06-10 08:00:00,15.5,67,9.4,0.0,0.0,1.56,233.0,0.8388
2016-06-10 09:00:00,16.7,61,9.1,0.0,0.0,1.56,309.0,1.1124
2016-06-10 10:00:00,17.8,56,8.8,0.0,0.0,1.39,360.0,1.296
2016-06-10 11:00:00,18.8,52,8.7,0.0,0.0,1.49,417.0,1.5011999999999999
2016-06-10 12:00:00,19.5,51,9.0,0.0,0.0,1.39,447.0,1.6092
2016-06-10 13:00:00,20.3,49,9.3,0.0,0.0,1.75,558.0,2.0088
2016-06-10 14:00:00,20.8,49,9.6,0.0,0.0,2.06,562.0,2.0232
2016-06-10 15:00:00,21.1,48,9.8,0.0,0.0,2.33,499.0,1.7964
2016-06-10 16:00:00,21.0,49,9.9,0.0,0.0,2.34,377.0,1.3572
2016-06-10 17:00:00,20.4,52,10.3,0.0,0.0,2.28,249.0,0.8964
2016-06-10 18:00:00,19.9,56,10.8,0.0,0.0,1.81,202.0,0.7272
2016-06-10 19:00:00,18.7,67,12.4,0.0,0.0,1.6,61.0,0.2196
2016-06-10 20:00:00,17.6,72,12.5,0.0,0.0,1.3,22.0,0.07919999999999999
2016-06-10 21:00:00,16.7,76,12.5,0.0,0.0,1.3,0.0,0.0
2016-06-10 22:00:00,16.0,79,12.4,0.2,0.0,1.06,0.0,0.0
2016-06-10 23:00:00,15.5,80,12.0,0.2,0.0,1.36,0.0,0.0
2016-06-11 00:00:00,15.1,80,11.7,0.2,0.0,0.82,0.0,0.0
2016-06-11 01:00:00,14.7,82,11.7,0.2,0.0,0.36,0.0,0.0
2016-06-11 02:00:00,14.4,84,11.8,0.2,0.0,1.1,0.0,0.0
2016-06-11 03:00:00,14.2,87,12.0,0.2,0.0,0.36,0.0,0.0
2016-06-11 04:00:00,13.8,91,12.4,0.2,0.0,0.85,0.0,0.0
2016-06-11 05:00:00,13.9,92,12.6,0.2,0.0,0.51,16.0,0.0576
2016-06-11 06:00:00,14.4,87,12.3,0.3,0.0,0.32,54.0,0.1944
2016-06-11 07:00:00,16.2,82,13.1,0.0,0.0,0.22,168.0,0.6048
2016-06-11 08:00:00,17.1,76,12.8,0.0,0.0,0.64,221.0,0.7956
2016-06-11 09:00:00,18.6,70,13.1,0.0,0.0,1.2,407.0,1.4652
2016-06-11 10:00:00,19.4,67,13.0,0.0,0.0,1.8,483.0,1.7388
2016-06-11 11:00:00,20.1,61,12.5,0.0,0.0,1.53,530.0,1.908
2016-06-11 12:00:00,20.6,58,12.1,0.0,0.0,1.63,533.0,1.9187999999999998
2016-06-11 13:00:00,20.9,57,12.0,0.0,0.0,1.7,527.0,1.8972
2016-06-11 14:00:00,21.0,58,12.5,0.0,0.0,1.77,478.0,1.7207999999999999
2016-06-11 15:00:00,20.9,59,12.6,0.0,0.0,2.02,436.0,1.5695999999999999
2016-06-11 16:00:00,20.2,60,12.2,0.3,0.0,2.1,326.0,1.1736
2016-06-11 17:00:00,19.5,63,12.3,0.0,0.0,1.4,192.0,0.6912
2016-06-11 18:00:00,19.6,62,12.0,0.0,0.0,0.85,253.0,0.9107999999999999
2016-06-11 19:00:00,18.9,72,13.6,0.0,0.0,0.71,96.0,0.3456
2016-06-11 20:00:00,18.1,76,13.9,0.0,0.0,1.7,43.0,0.1548
2016-06-11 21:00:00,16.7,83,13.7,0.0,0.0,1.61,1.0,0.0036
2016-06-11 22:00:00,15.9,86,13.5,0.0,0.0,2.09,0.0,0.0
2016-06-11 23:00:00,15.5,87,13.4,0.1,0.0,1.84,0.0,0.0
2016-06-12 00:00:00,15.2,88,13.2,0.0,0.0,2.39,0.0,0.0
2016-06-12 01:00:00,14.8,89,13.0,0.3,0.0,2.56,0.0,0.0
2016-06-12 02:00:00,14.2,91,12.8,0.0,0.0,2.92,0.0,0.0
2016-06-12 03:00:00,13.6,94,12.7,0.0,0.0,2.94,0.0,0.0
2016-06-12 04:00:00,13.4,96,12.7,0.0,0.0,2.88,0.0,0.0
2016-06-12 05:00:00,13.4,96,12.7,0.0,0.0,3.02,31.0,0.11159999999999999
2016-06-12 06:00:00,14.0,92,12.8,0.0,0.0,3.56,91.0,0.3276
2016-06-12 07:00:00,14.6,89,12.7,0.0,0.0,3.14,97.0,0.3492
2016-06-12 08:00:00,15.1,86,12.7,0.8,0.0,2.97,187.0,0.6732
2016-06-12 09:00:00,15.6,86,13.2,0.9,0.0,3.11,258.0,0.9288
2016-06-12 10:00:00,15.4,90,13.7,1.0,0.0,2.77,196.0,0.7056
2016-06-12 11:00:00,14.8,96,14.2,0.8,0.0,3.74,82.0,0.2952
2016-06-12 12:00:00,14.8,97,14.3,0.2,0.0,4.05,98.0,0.3528
2016-06-12 13:00:00,15.6,89,13.8,0.0,0.0,3.58,173.0,0.6228
2016-06-12 14:00:00,16.6,87,14.4,0.0,0.0,3.54,153.0,0.5508
2016-06-12 15:00:00,17.9,84,15.2,0.0,0.0,3.61,320.0,1.152
2016-06-12 16:00:00,18.1,83,15.2,0.3,0.0,4.08,231.0,0.8316
2016-06-12 17:00:00,17.8,82,14.7,0.2,0.0,4.58,301.0,1.0836
2016-06-12 18:00:00,17.7,81,14.4,0.0,0.0,3.91,214.0,0.7704
2016-06-12 19:00:00,17.1,87,14.9,0.5,0.0,3.91,118.0,0.4248
2016-06-12 20:00:00,16.5,88,14.5,0.0,0.0,3.13,27.0,0.0972
2016-06-12 21:00:00,15.7,91,14.2,0.0,0.0,3.42,1.0,0.0036
2016-06-12 22:00:00,15.4,91,13.9,0.0,0.0,3.23,0.0,0.0
2016-06-12 23:00:00,15.1,91,13.6,0.0,0.0,3.6,0.0,0.0
2016-06-13 00:00:00,14.5,93,13.3,0.0,0.0,3.61,0.0,0.0
2016-06-13 01:00:00,14.0,94,13.1,0.0,0.0,3.7,0.0,0.0
2016-06-13 02:00:00,13.9,95,13.1,0.0,0.0,3.6,0.0,0.0
2016-06-13 03:00:00,13.7,95,12.9,0.0,0.0,3.2,0.0,0.0
2016-06-13 04:00:00,13.3,96,12.6,0.0,0.0,3.32,0.0,0.0
2016-06-13 05:00:00,13.4,96,12.8,0.0,0.0,3.45,40.0,0.144
2016-06-13 06:00:00,14.3,91,12.8,0.0,0.0,3.67,124.0,0.44639999999999996
2016-06-13 07:00:00,15.2,89,13.4,0.0,0.0,4.4,140.0,0.504
2016-06-13 08:00:00,15.6,89,13.8,0.2,0.0,3.9,146.0,0.5256
2016-06-13 09:00:00,16.0,88,14.0,0.3,0.0,3.55,146.0,0.5256
2016-06-13 10:00:00,15.6,89,13.8,0.8,0.0,3.42,144.0,0.5184
2016-06-13 11:00:00,15.8,93,14.6,0.6,0.0,3.51,220.0,0.7919999999999999
2016-06-13 12:00:00,16.7,89,14.8,0.4,0.0,3.86,338.0,1.2167999999999999
2016-06-13 13:00:00,17.1,87,14.9,0.4,0.0,4.71,351.0,1.2636
2016-06-13 14:00:00,18.6,79,14.9,0.2,0.0,4.96,618.0,2.2248
2016-06-13 15:00:00,18.4,76,14.2,0.2,0.0,4.6,519.0,1.8683999999999998
2016-06-13 16:00:00,17.8,77,13.7,0.3,0.0,3.71,390.0,1.404
2016-06-13 17:00:00,16.9,78,13.1,0.4,0.0,3.21,214.0,0.7704
2016-06-13 18:00:00,16.3,82,13.3,0.3,0.0,2.91,146.0,0.5256
2016-06-13 19:00:00,16.5,80,13.1,0.0,0.0,2.82,113.0,0.4068
2016-06-13 20:00:00,15.6,82,12.5,0.0,0.0,2.42,37.0,0.13319999999999999
2016-06-13 21:00:00,15.0,85,12.5,0.0,0.0,2.58,1.0,0.0036
2016-06-13 22:00:00,14.4,88,12.5,0.3,0.0,2.97,0.0,0.0
2016-06-13 23:00:00,14.1,91,12.7,0.5,0.0,3.26,0.0,0.0
2016-06-14 00:00:00,13.9,93,12.8,0.4,0.0,3.26,0.0,0.0
2016-06-14 01:00:00,13.7,95,12.9,0.0,0.0,3.32,0.0,0.0
2016-06-14 02:00:00,13.0,96,12.3,0.0,0.0,3.39,0.0,0.0
2016-06-14 03:00:00,12.8,96,12.1,0.0,0.0,3.55,0.0,0.0
2016-06-14 04:00:00,12.9,95,12.2,0.0,0.0,3.4,0.0,0.0
2016-06-14 05:00:00,13.1,95,12.4,0.0,0.0,3.32,20.0,0.072
2016-06-14 06:00:00,13.6,92,12.4,0.5,0.0,3.61,62.0,0.22319999999999998
2016-06-14 07:00:00,13.9,91,12.5,0.2,0.0,3.75,63.0,0.2268
2016-06-14 08:00:00,14.5,89,12.7,0.0,0.0,3.83,83.0,0.2988
2016-06-14 09:00:00,14.9,87,12.7,0.0,0.0,3.89,108.0,0.3888
2016-06-14 10:00:00,15.3,85,12.8,0.5,0.0,4.19,151.0,0.5436
2016-06-14 11:00:00,17.3,74,12.5,0.2,0.0,5.23,532.0,1.9152
2016-06-14 12:00:00,16.3,80,12.8,2.2,0.0,5.73,295.0,1.062
2016-06-14 13:00:00,17.2,77,13.2,0.7,0.0,5.11,426.0,1.5335999999999999
2016-06-14 14:00:00,16.4,81,13.2,0.9,0.0,5.33,291.0,1.0475999999999999
2016-06-14 15:00:00,17.6,79,14.0,0.1,0.0,5.03,496.0,1.7855999999999999
2016-06-14 16:00:00,16.7,79,13.0,1.5,0.0,5.09,374.0,1.3464
2016-06-14 17:00:00,15.4,81,12.1,0.4,0.0,4.88,281.0,1.0116
2016-06-14 18:00:00,15.7,80,12.3,0.0,0.0,4.7,174.0,0.6264
2016-06-14 19:00:00,15.6,78,11.8,0.0,0.0,3.83,88.0,0.31679999999999997
2016-06-14 20:00:00,14.9,82,11.8,0.0,0.0,3.61,27.0,0.0972
2016-06-14 21:00:00,14.1,85,11.7,0.0,0.0,3.68,1.0,0.0036
2016-06-14 22:00:00,13.6,87,11.5,0.0,0.0,3.05,0.0,0.0
2016-06-14 23:00:00,13.2,89,11.4,0.0,0.0,3.39,0.0,0.0
2016-06-15 00:00:00,12.7,90,11.2,0.0,0.0,3.48,0.0,0.0
2016-06-15 01:00:00,12.4,91,11.0,0.0,0.0,3.26,0.0,0.0
2016-06-15 02:00:00,11.9,93,10.7,0.0,0.0,2.97,0.0,0.0
2016-06-15 03:00:00,11.3,94,10.3,0.0,0.0,2.69,0.0,0.0
2016-06-15 04:00:00,10.8,94,10.0,0.0,0.0,2.41,1.0,0.0036
2016-06-15 05:00:00,11.2,94,10.3,0.0,0.0,2.72,43.0,0.1548
2016-06-15 06:00:00,12.5,90,10.9,0.0,0.0,3.4,152.0,0.5472
2016-06-15 07:00:00,13.8,85,11.4,0.0,0.0,3.75,275.0,0.99
2016-06-15 08:00:00,15.2,75,10.7,0.0,0.0,3.89,386.0,1.3896
2016-06-15 09:00:00,16.2,66,9.9,0.0,0.0,3.98,472.0,1.6992
2016-06-15 10:00:00,17.3,59,9.3,0.1,0.0,2.73,652.0,2.3472
2016-06-15 11:00:00,17.4,58,9.0,0.1,0.0,3.27,563.0,2.0268
2016-06-15 12:00:00,17.9,59,9.8,0.1,0.0,3.86,677.0,2.4372
2016-06-15 13:00:00,16.9,66,10.6,1.4,0.0,4.27,459.0,1.6523999999999999
2016-06-15 14:00:00,16.3,72,11.2,1.3,0.0,5.97,580.0,2.088
2016-06-15 15:00:00,16.5,72,11.3,0.3,0.0,5.09,474.0,1.7064
2016-06-15 16:00:00,16.8,68,10.9,0.2,0.0,4.96,402.0,1.4472
2016-06-15 17:00:00,16.5,69,10.9,0.1,0.0,4.67,307.0,1.1052
2016-06-15 18:00:00,16.1,73,11.2,0.0,0.0,4.36,237.0,0.8532
2016-06-15 19:00:00,15.5,72,10.6,0.0,0.0,3.61,123.0,0.44279999999999997
2016-06-15 20:00:00,14.7,77,10.7,0.0,0.0,3.4,42.0,0.1512
2016-06-15 21:00:00,13.8,83,10.9,0.0,0.0,3.28,1.0,0.0036
2016-06-15 22:00:00,13.0,88,11.1,0.0,0.0,3.34,0.0,0.0
2016-06-15 23:00:00,12.4,92,11.1,0.0,0.0,2.72,0.0,0.0
2016-06-16 00:00:00,12.1,94,11.2,0.0,0.0,3.31,0.0,0.0
2016-06-16 01:00:00,11.9,95,11.2,0.0,0.0,3.01,0.0,0.0
2016-06-16 02:00:00,12.1,95,11.3,0.0,0.0,2.61,0.0,0.0
2016-06-16 03:00:00,12.4,93,11.3,0.0,0.0,2.47,0.0,0.0
2016-06-16 04:00:00,12.5,93,11.4,0.0,0.0,2.01,0.0,0.0
2016-06-16 05:00:00,12.8,91,11.4,0.0,0.0,2.97,20.0,0.072
2016-06-16 06:00:00,13.5,87,11.3,0.0,0.0,2.91,74.0,0.26639999999999997
2016-06-16 07:00:00,14.0,86,11.7,0.0,0.0,2.19,194.0,0.6984
2016-06-16 08:00:00,15.0,83,12.0,0.0,0.0,1.94,239.0,0.8603999999999999
2016-06-16 09:00:00,15.8,81,12.5,0.2,0.0,1.98,337.0,1.2132
2016-06-16 10:00:00,16.6,77,12.5,0.2,0.0,2.55,418.0,1.5048
2016-06-16 11:00:00,17.1,76,12.8,0.3,0.0,2.72,500.0,1.8
2016-06-16 12:00:00,16.6,76,12.3,3.3,0.0,3.09,459.0,1.6523999999999999
2016-06-16 13:00:00,15.2,82,12.2,2.1,0.0,3.57,209.0,0.7524
2016-06-16 14:00:00,15.4,83,12.6,0.1,0.0,2.89,235.0,0.846
2016-06-16 15:00:00,16.2,82,13.1,0.0,0.0,2.38,295.0,1.062
2016-06-16 16:00:00,16.9,81,13.7,0.0,0.0,2.14,404.0,1.4544
2016-06-16 17:00:00,16.8,82,13.7,0.3,0.0,1.26,291.0,1.0475999999999999
2016-06-16 18:00:00,16.2,84,13.5,1.0,0.0,1.1,211.0,0.7595999999999999
2016-06-16 19:00:00,15.6,79,11.9,1.0,0.0,1.08,103.0,0.37079999999999996
2016-06-16 20:00:00,14.9,84,12.1,0.0,0.0,1.2,34.0,0.1224
2016-06-16 21:00:00,14.2,88,12.2,0.0,0.0,1.3,1.0,0.0036
2016-06-16 22:00:00,13.2,93,12.1,0.0,0.0,1.0,0.0,0.0
2016-06-16 23:00:00,12.7,96,12.0,0.0,0.0,1.51,0.0,0.0
2016-06-17 00:00:00,12.0,97,11.6,0.0,0.0,1.36,0.0,0.0
2016-06-17 01:00:00,11.7,98,11.4,0.0,0.0,1.72,0.0,0.0
2016-06-17 02:00:00,11.1,99,11.0,0.0,0.0,2.12,0.0,0.0
2016-06-17 03:00:00,10.6,100,10.5,0.0,0.0,2.18,0.0,0.0
2016-06-17 04:00:00,10.5,100,10.5,0.0,0.0,2.4,0.0,0.0
2016-06-17 05:00:00,11.5,99,11.4,0.0,0.0,2.66,24.0,0.0864
2016-06-17 06:00:00,12.2,98,11.9,0.0,0.0,3.09,72.0,0.2592
2016-06-17 07:00:00,13.9,92,12.6,0.1,0.0,3.18,175.0,0.63
2016-06-17 08:00:00,14.6,93,13.4,0.1,0.0,2.94,227.0,0.8171999999999999
2016-06-17 09:00:00,15.6,90,14.0,0.4,0.0,3.24,301.0,1.0836
2016-06-17 10:00:00,16.4,82,13.3,0.3,0.0,3.21,371.0,1.3356
2016-06-17 11:00:00,16.4,82,13.4,0.5,0.0,3.4,354.0,1.2744
2016-06-17 12:00:00,17.3,80,13.8,1.1,0.0,3.3,552.0,1.9871999999999999
2016-06-17 13:00:00,18.3,71,12.9,0.3,0.0,2.91,524.0,1.8863999999999999
2016-06-17 14:00:00,16.9,75,12.4,0.6,0.0,2.71,223.0,0.8028
2016-06-17 15:00:00,17.3,74,12.7,0.8,0.0,2.5,372.0,1.3392
2016-06-17 16:00:00,16.7,79,13.1,0.7,0.0,2.35,245.0,0.882
2016-06-17 17:00:00,17.5,77,13.3,0.0,0.0,3.07,329.0,1.1844
2016-06-17 18:00:00,16.5,80,13.1,0.6,0.0,2.88,272.0,0.9792
2016-06-17 19:00:00,15.3,83,12.4,0.2,0.0,1.3,101.0,0.3636
2016-06-17 20:00:00,14.8,85,12.4,0.0,0.0,0.81,37.0,0.13319999999999999
2016-06-17 21:00:00,13.8,91,12.3,0.0,0.0,1.42,1.0,0.0036
2016-06-17 22:00:00,12.8,93,11.7,0.0,0.0,1.88,0.0,0.0
2016-06-17 23:00:00,12.1,96,11.5,0.0,0.0,2.01,0.0,0.0
2016-06-18 00:00:00,12.6,96,11.9,0.0,0.0,2.34,0.0,0.0
2016-06-18 01:00:00,12.6,94,11.6,0.0,0.0,2.82,0.0,0.0
2016-06-18 02:00:00,12.6,92,11.4,0.0,0.0,3.19,0.0,0.0
2016-06-18 03:00:00,11.9,93,10.8,0.0,0.0,3.28,0.0,0.0
2016-06-18 04:00:00,11.6,93,10.5,0.0,0.0,3.26,0.0,0.0
2016-06-18 05:00:00,11.7,93,10.6,0.0,0.0,3.11,37.0,0.13319999999999999
2016-06-18 06:00:00,12.7,90,11.0,0.0,0.0,3.91,128.0,0.4608
2016-06-18 07:00:00,13.3,87,11.2,0.0,0.0,4.11,179.0,0.6444
2016-06-18 08:00:00,14.3,80,10.9,0.0,0.0,4.02,317.0,1.1412
2016-06-18 09:00:00,14.8,76,10.6,0.0,0.0,4.03,324.0,1.1663999999999999
2016-06-18 10:00:00,15.1,75,10.6,0.0,0.0,3.18,306.0,1.1016
2016-06-18 11:00:00,15.6,71,10.5,0.0,0.0,3.26,359.0,1.2924
2016-06-18 12:00:00,16.2,69,10.4,0.0,0.0,3.31,410.0,1.476
2016-06-18 13:00:00,16.8,65,10.2,0.1,0.0,3.44,470.0,1.692
2016-06-18 14:00:00,17.0,64,10.1,0.1,0.0,3.92,369.0,1.3284
2016-06-18 15:00:00,17.1,63,10.1,0.0,0.0,3.38,321.0,1.1556
2016-06-18 16:00:00,16.7,65,10.1,0.0,0.0,3.05,246.0,0.8855999999999999
2016-06-18 17:00:00,16.6,65,10.1,0.0,0.0,3.1,245.0,0.882
2016-06-18 18:00:00,16.3,65,9.8,0.0,0.0,2.2,210.0,0.756
2016-06-18 19:00:00,15.4,69,9.8,0.0,0.0,1.12,105.0,0.378
2016-06-18 20:00:00,14.9,77,10.9,0.0,0.0,0.7,36.0,0.1296
2016-06-18 21:00:00,13.8,80,10.5,0.0,0.0,1.17,1.0,0.0036
2016-06-18 22:00:00,12.0,89,10.2,0.0,0.0,1.75,0.0,0.0
2016-06-18 23:00:00,11.5,91,10.0,0.0,0.0,2.22,0.0,0.0
2016-06-19 00:00:00,11.5,90,10.0,0.0,0.0,2.53,0.0,0.0
2016-06-19 01:00:00,11.7,90,10.1,0.0,0.0,2.69,0.0,0.0
2016-06-19 02:00:00,11.5,92,10.3,0.0,0.0,2.55,0.0,0.0
2016-06-19 03:00:00,11.2,94,10.3,0.0,0.0,2.4,0.0,0.0
2016-06-19 04:00:00,10.9,95,10.1,0.0,0.0,2.19,0.0,0.0
2016-06-19 05:00:00,11.4,95,10.6,0.0,0.0,2.48,32.0,0.1152
2016-06-19 06:00:00,12.9,89,11.1,0.0,0.0,2.87,149.0,0.5364
2016-06-19 07:00:00,14.1,88,12.1,0.0,0.0,3.09,240.0,0.864
2016-06-19 08:00:00,15.5,82,12.3,0.0,0.0,3.3,386.0,1.3896
2016-06-19 09:00:00,16.6,74,12.0,0.0,0.0,3.97,455.0,1.638
2016-06-19 10:00:00,17.7,67,11.5,0.0,0.0,4.12,574.0,2.0664
2016-06-19 11:00:00,18.1,63,11.1,0.0,0.0,4.36,571.0,2.0556
2016-06-19 12:00:00,18.7,60,10.8,0.0,0.0,4.36,565.0,2.034
2016-06-19 13:00:00,19.0,60,11.0,0.0,0.0,4.61,473.0,1.7027999999999999
2016-06-19 14:00:00,18.7,63,11.5,0.0,0.0,4.88,363.0,1.3068
2016-06-19 15:00:00,18.1,68,12.2,0.0,0.0,5.45,210.0,0.756
2016-06-19 16:00:00,17.9,71,12.5,0.0,0.0,6.23,207.0,0.7452
2016-06-19 17:00:00,17.2,76,13.0,0.0,0.0,6.08,112.0,0.4032
2016-06-19 18:00:00,16.7,81,13.3,0.2,0.0,5.46,71.0,0.2556
2016-06-19 19:00:00,15.9,86,13.6,0.4,0.0,4.96,36.0,0.1296
2016-06-19 20:00:00,15.3,92,13.9,0.7,0.0,4.79,10.0,0.036
2016-06-19 21:00:00,14.9,96,14.2,0.3,0.0,5.14,0.0,0.0
2016-06-19 22:00:00,14.7,97,14.3,0.3,0.0,5.6,0.0,0.0
2016-06-19 23:00:00,14.8,97,14.3,0.7,0.0,5.75,0.0,0.0
2016-06-20 00:00:00,14.6,97,14.1,0.3,0.0,6.52,0.0,0.0
2016-06-20 01:00:00,14.5,95,13.7,0.0,0.0,7.02,0.0,0.0
2016-06-20 02:00:00,14.6,94,13.6,0.0,0.0,7.08,0.0,0.0
2016-06-20 03:00:00,14.6,93,13.5,0.0,0.0,6.92,0.0,0.0
2016-06-20 04:00:00,14.6,94,13.6,0.0,0.0,6.5,0.0,0.0
2016-06-20 05:00:00,14.5,95,13.7,0.4,0.0,6.21,3.0,0.0108
2016-06-20 06:00:00,14.4,97,13.9,1.1,0.0,6.0,10.0,0.036
2016-06-20 07:00:00,14.5,97,14.0,0.5,0.0,5.77,32.0,0.1152
2016-06-20 08:00:00,14.5,97,14.0,2.2,0.0,5.28,23.0,0.0828
2016-06-20 09:00:00,14.5,97,14.1,3.6,0.0,5.14,21.0,0.0756
2016-06-20 10:00:00,14.5,98,14.2,3.4,0.0,4.57,22.0,0.07919999999999999
2016-06-20 11:00:00,14.7,98,14.3,2.4,0.0,4.4,29.0,0.10439999999999999
2016-06-20 12:00:00,15.0,96,14.3,0.8,0.0,4.53,44.0,0.15839999999999999
2016-06-20 13:00:00,15.4,94,14.5,0.0,0.0,4.95,56.0,0.2016
2016-06-20 14:00:00,17.0,89,15.2,0.1,0.0,4.96,189.0,0.6804
2016-06-20 15:00:00,18.5,82,15.5,0.0,0.0,4.78,344.0,1.2384
2016-06-20 16:00:00,19.9,76,15.5,0.0,0.0,5.15,469.0,1.6884
2016-06-20 17:00:00,20.2,73,15.3,0.2,0.0,5.48,385.0,1.386
2016-06-20 18:00:00,20.0,72,14.8,0.0,0.0,4.97,274.0,0.9863999999999999
2016-06-20 19:00:00,19.2,77,15.1,0.0,0.0,4.18,131.0,0.47159999999999996
2016-06-20 20:00:00,18.0,81,14.7,0.0,0.0,2.94,48.0,0.1728
2016-06-20 21:00:00,16.6,87,14.4,0.0,0.0,2.53,1.0,0.0036
2016-06-20 22:00:00,15.6,91,14.1,0.0,0.0,2.68,0.0,0.0
2016-06-20 23:00:00,14.8,93,13.7,0.0,0.0,2.64,0.0,0.0
2016-06-21 00:00:00,14.5,94,13.5,0.0,0.0,2.51,0.0,0.0
2016-06-21 01:00:00,14.1,95,13.3,0.0,0.0,2.47,0.0,0.0
2016-06-21 02:00:00,13.8,95,12.9,0.0,0.0,2.64,0.0,0.0
2016-06-21 03:00:00,13.4,95,12.6,0.0,0.0,2.64,0.0,0.0
2016-06-21 04:00:00,13.0,95,12.2,0.0,0.0,2.85,0.0,0.0
2016-06-21 05:00:00,13.1,94,12.2,0.0,0.0,2.85,40.0,0.144
2016-06-21 06:00:00,14.0,89,12.2,0.0,0.0,3.2,121.0,0.4356
2016-06-21 07:00:00,15.0,85,12.5,0.0,0.0,3.1,163.0,0.5868
2016-06-21 08:00:00,16.3,77,12.4,0.0,0.0,3.32,321.0,1.1556
2016-06-21 09:00:00,17.2,71,11.9,0.0,0.0,3.89,391.0,1.4076
2016-06-21 10:00:00,18.3,65,11.7,0.0,0.0,3.77,515.0,1.8539999999999999
2016-06-21 11:00:00,19.1,62,11.7,0.0,0.0,4.07,558.0,2.0088
2016-06-21 12:00:00,19.6,62,12.0,0.0,0.0,4.16,446.0,1.6056
2016-06-21 13:00:00,19.7,62,12.2,0.0,0.0,4.22,401.0,1.4436
2016-06-21 14:00:00,19.4,63,12.2,0.0,0.0,4.31,315.0,1.134
2016-06-21 15:00:00,19.5,63,12.1,0.0,0.0,4.3,340.0,1.224
2016-06-21 16:00:00,19.6,61,11.9,0.0,0.0,4.34,351.0,1.2636
2016-06-21 17:00:00,19.3,63,12.1,0.0,0.0,4.05,242.0,0.8712
2016-06-21 18:00:00,19.0,66,12.5,0.0,0.0,3.76,209.0,0.7524
2016-06-21 19:00:00,18.1,70,12.6,0.0,0.0,3.54,124.0,0.44639999999999996
2016-06-21 20:00:00,16.9,76,12.6,0.0,0.0,3.24,34.0,0.1224
2016-06-21 21:00:00,15.7,82,12.7,0.0,0.0,3.55,1.0,0.0036
2016-06-21 22:00:00,15.1,86,12.8,0.0,0.0,3.53,0.0,0.0
2016-06-21 23:00:00,14.4,91,12.9,0.0,0.0,3.22,0.0,0.0
2016-06-22 00:00:00,14.0,93,13.0,0.0,0.0,3.18,0.0,0.0
2016-06-22 01:00:00,14.1,93,13.0,0.0,0.0,3.05,0.0,0.0
2016-06-22 02:00:00,14.1,93,13.0,0.0,0.0,2.82,0.0,0.0
2016-06-22 03:00:00,14.0,94,13.0,0.0,0.0,2.62,0.0,0.0
2016-06-22 04:00:00,13.9,95,13.0,0.0,0.0,2.33,0.0,0.0
2016-06-22 05:00:00,13.9,95,13.1,0.0,0.0,2.22,35.0,0.126
2016-06-22 06:00:00,15.3,90,13.6,0.0,0.0,1.6,117.0,0.42119999999999996
2016-06-22 07:00:00,15.2,91,13.7,0.0,0.0,1.7,18.0,0.0648
2016-06-22 08:00:00,16.0,89,14.1,0.0,0.0,2.34,75.0,0.27
2016-06-22 09:00:00,16.8,88,14.8,0.3,0.0,2.88,100.0,0.36
2016-06-22 10:00:00,17.8,87,15.5,0.0,0.0,3.96,175.0,0.63
2016-06-22 11:00:00,18.8,84,16.1,0.0,0.0,4.66,247.0,0.8892
2016-06-22 12:00:00,19.0,84,16.3,0.0,0.0,5.1,155.0,0.5579999999999999
2016-06-22 13:00:00,19.0,86,16.6,0.0,0.0,5.32,139.0,0.5004
2016-06-22 14:00:00,19.3,85,16.7,0.0,0.0,5.37,161.0,0.5796
2016-06-22 15:00:00,20.3,81,16.9,0.0,0.0,5.11,247.0,0.8892
2016-06-22 16:00:00,21.1,76,16.8,0.0,0.0,4.94,267.0,0.9611999999999999
2016-06-22 17:00:00,21.0,77,16.9,0.0,0.0,4.22,185.0,0.666
2016-06-22 18:00:00,20.8,78,16.9,0.2,0.0,3.38,171.0,0.6156
2016-06-22 19:00:00,20.4,83,17.5,0.0,0.0,1.93,91.0,0.3276
2016-06-22 20:00:00,19.4,88,17.4,0.0,0.0,1.91,42.0,0.1512
2016-06-22 21:00:00,18.0,94,17.0,0.0,0.0,1.7,1.0,0.0036
2016-06-22 22:00:00,17.2,96,16.5,0.0,0.0,0.6,0.0,0.0
2016-06-22 23:00:00,16.5,97,16.1,0.0,0.0,1.44,0.0,0.0
2016-06-23 00:00:00,16.0,98,15.7,0.5,0.0,2.33,0.0,0.0
2016-06-23 01:00:00,16.6,97,16.2,0.9,0.0,2.13,0.0,0.0
2016-06-23 02:00:00,15.6,99,15.5,1.4,0.0,2.08,0.0,0.0
2016-06-23 03:00:00,15.9,98,15.6,3.1,0.0,1.6,0.0,0.0
2016-06-23 04:00:00,16.3,98,16.0,4.3,0.0,1.12,0.0,0.0
2016-06-23 05:00:00,16.9,98,16.6,4.4,0.0,0.81,5.0,0.018
2016-06-23 06:00:00,17.4,98,17.1,2.7,0.0,1.62,13.0,0.0468
2016-06-23 07:00:00,17.9,98,17.5,0.4,0.0,1.5,32.0,0.1152
2016-06-23 08:00:00,18.7,93,17.6,0.0,0.0,0.92,98.0,0.3528
2016-06-23 09:00:00,19.0,93,17.9,0.0,0.0,0.41,94.0,0.3384
2016-06-23 10:00:00,19.6,91,18.1,0.0,0.0,0.8,150.0,0.54
2016-06-23 11:00:00,20.4,89,18.5,0.2,0.0,0.67,235.0,0.846
2016-06-23 12:00:00,20.8,88,18.8,0.1,0.0,1.24,271.0,0.9756
2016-06-23 13:00:00,22.3,81,18.8,0.2,0.0,0.81,422.0,1.5191999999999999
2016-06-23 14:00:00,23.0,77,18.9,0.3,0.0,1.68,441.0,1.5876
2016-06-23 15:00:00,23.0,77,18.7,1.5,0.0,2.33,284.0,1.0224
2016-06-23 16:00:00,21.2,83,18.1,1.6,0.0,2.83,266.0,0.9576
2016-06-23 17:00:00,20.9,84,18.1,0.0,0.0,2.28,173.0,0.6228
2016-06-23 18:00:00,20.9,81,17.6,0.0,0.0,2.04,194.0,0.6984
2016-06-23 19:00:00,19.4,90,17.8,0.2,0.0,2.5,45.0,0.162
2016-06-23 20:00:00,18.7,92,17.3,0.2,0.0,2.69,26.0,0.0936
2016-06-23 21:00:00,18.0,92,16.7,0.0,0.0,2.79,1.0,0.0036
2016-06-23 22:00:00,17.4,91,16.0,0.0,0.0,3.32,0.0,0.0
2016-06-23 23:00:00,16.9,91,15.3,0.0,0.0,3.83,0.0,0.0
2016-06-24 00:00:00,16.3,89,14.6,0.0,0.0,3.81,0.0,0.0
2016-06-24 01:00:00,15.7,88,13.8,0.0,0.0,3.93,0.0,0.0
2016-06-24 02:00:00,15.1,87,13.0,0.0,0.0,3.81,0.0,0.0
2016-06-24 03:00:00,14.2,88,12.2,0.0,0.0,3.51,0.0,0.0
2016-06-24 04:00:00,13.3,90,11.7,0.0,0.0,3.13,0.0,0.0
2016-06-24 05:00:00,13.0,92,11.6,0.0,0.0,3.28,45.0,0.162
2016-06-24 06:00:00,13.8,88,11.9,0.0,0.0,3.61,164.0,0.5904
2016-06-24 07:00:00,15.0,85,12.4,0.0,0.0,4.26,266.0,0.9576
2016-06-24 08:00:00,16.0,79,12.4,0.0,0.0,4.05,305.0,1.0979999999999999
2016-06-24 09:00:00,17.3,72,12.2,0.0,0.0,4.21,369.0,1.3284
2016-06-24 10:00:00,17.9,69,12.1,0.1,0.0,3.5,399.0,1.4364
2016-06-24 11:00:00,18.3,66,11.9,0.0,0.0,4.11,387.0,1.3932
2016-06-24 12:00:00,19.5,60,11.6,0.0,0.0,4.56,636.0,2.2896
2016-06-24 13:00:00,19.8,59,11.6,0.3,0.0,5.69,607.0,2.1852
2016-06-24 14:00:00,19.1,65,12.3,0.2,0.0,5.92,577.0,2.0772
2016-06-24 15:00:00,19.0,67,12.7,0.2,0.0,5.92,509.0,1.8324
2016-06-24 16:00:00,18.9,69,13.0,0.0,0.0,6.45,442.0,1.5912
2016-06-24 17:00:00,17.7,73,12.8,0.4,0.0,5.97,301.0,1.0836
2016-06-24 18:00:00,17.1,75,12.6,0.2,0.0,4.96,234.0,0.8423999999999999
2016-06-24 19:00:00,16.9,72,11.7,0.0,0.0,4.21,149.0,0.5364
2016-06-24 20:00:00,15.9,75,11.5,0.0,0.0,3.11,43.0,0.1548
2016-06-24 21:00:00,14.9,80,11.5,0.0,0.0,2.69,1.0,0.0036
2016-06-24 22:00:00,13.9,85,11.4,0.0,0.0,2.5,0.0,0.0
2016-06-24 23:00:00,13.1,88,11.1,0.0,0.0,2.64,0.0,0.0
2016-06-25 00:00:00,12.4,89,10.7,0.0,0.0,2.69,0.0,0.0
2016-06-25 01:00:00,11.7,91,10.2,0.0,0.0,2.66,0.0,0.0
2016-06-25 02:00:00,11.2,91,9.8,0.0,0.0,2.38,0.0,0.0
2016-06-25 03:00:00,10.8,92,9.5,0.0,0.0,2.56,0.0,0.0
2016-06-25 04:00:00,10.6,92,9.4,0.0,0.0,2.62,0.0,0.0
2016-06-25 05:00:00,10.9,92,9.7,0.0,0.0,2.72,43.0,0.1548
2016-06-25 06:00:00,12.4,87,10.3,0.0,0.0,2.72,155.0,0.5579999999999999
2016-06-25 07:00:00,14.1,82,11.2,0.0,0.0,3.06,300.0,1.08
2016-06-25 08:00:00,15.2,79,11.5,0.0,0.0,2.52,394.0,1.4183999999999999
2016-06-25 09:00:00,16.4,77,12.4,0.0,0.0,2.41,556.0,2.0016
2016-06-25 10:00:00,17.3,76,13.0,0.2,0.0,2.11,672.0,2.4192
2016-06-25 11:00:00,18.1,74,13.4,0.3,0.0,2.41,724.0,2.6064
2016-06-25 12:00:00,18.4,65,11.8,0.3,0.0,2.77,701.0,2.5236
2016-06-25 13:00:00,17.9,68,11.9,0.2,0.0,2.86,527.0,1.8972
2016-06-25 14:00:00,18.1,68,12.1,0.3,0.0,2.72,592.0,2.1311999999999998
2016-06-25 15:00:00,18.6,64,11.6,0.2,0.0,2.57,617.0,2.2212
2016-06-25 16:00:00,18.9,62,11.4,0.0,0.0,2.5,516.0,1.8576
2016-06-25 17:00:00,17.2,68,11.2,1.4,0.0,2.33,320.0,1.152
2016-06-25 18:00:00,15.7,78,11.9,0.9,0.0,3.7,164.0,0.5904
2016-06-25 19:00:00,14.5,85,12.0,1.2,0.0,3.52,93.0,0.3348
2016-06-25 20:00:00,14.0,88,12.0,0.1,0.0,2.88,34.0,0.1224
2016-06-25 21:00:00,13.4,89,11.6,0.0,0.0,2.55,1.0,0.0036
2016-06-25 22:00:00,12.8,91,11.4,0.0,0.0,3.5,0.0,0.0
2016-06-25 23:00:00,12.4,92,11.1,0.0,0.0,4.3,0.0,0.0
2016-06-26 00:00:00,12.3,92,11.0,0.0,0.0,4.15,0.0,0.0
2016-06-26 01:00:00,12.0,92,10.7,0.0,0.0,3.96,0.0,0.0
2016-06-26 02:00:00,11.9,92,10.7,0.0,0.0,3.42,0.0,0.0
2016-06-26 03:00:00,11.6,93,10.5,0.0,0.0,3.1,0.0,0.0
2016-06-26 04:00:00,11.7,93,10.6,0.0,0.0,3.26,0.0,0.0
2016-06-26 05:00:00,12.2,92,11.0,0.0,0.0,3.77,26.0,0.0936
2016-06-26 06:00:00,12.8,90,11.1,0.0,0.0,4.93,64.0,0.2304
2016-06-26 07:00:00,13.4,87,11.3,0.1,0.0,4.92,202.0,0.7272
2016-06-26 08:00:00,14.4,84,11.7,0.0,0.0,4.39,297.0,1.0692
2016-06-26 09:00:00,15.3,80,11.8,0.0,0.0,4.02,357.0,1.2852
2016-06-26 10:00:00,16.6,75,12.0,0.0,0.0,3.51,547.0,1.9691999999999998
2016-06-26 11:00:00,17.4,70,11.8,0.0,0.0,3.9,593.0,2.1348
2016-06-26 12:00:00,18.2,66,11.7,0.0,0.0,4.54,665.0,2.394
2016-06-26 13:00:00,18.9,61,11.3,0.0,0.0,4.73,724.0,2.6064
2016-06-26 14:00:00,19.2,58,10.7,0.1,0.0,4.82,582.0,2.0951999999999997
2016-06-26 15:00:00,19.4,55,10.2,0.0,0.0,4.94,576.0,2.0736
2016-06-26 16:00:00,19.4,55,10.1,0.0,0.0,5.33,461.0,1.6596
2016-06-26 17:00:00,18.8,59,10.6,0.0,0.0,5.22,268.0,0.9648
2016-06-26 18:00:00,17.9,66,11.4,0.0,0.0,4.49,117.0,0.42119999999999996
2016-06-26 19:00:00,16.2,78,12.3,0.3,0.0,4.21,64.0,0.2304
2016-06-26 20:00:00,15.3,83,12.5,0.7,0.0,3.94,13.0,0.0468
2016-06-26 21:00:00,14.6,91,13.1,0.7,0.0,3.76,0.0,0.0
2016-06-26 22:00:00,14.5,93,13.4,0.3,0.0,3.85,0.0,0.0
2016-06-26 23:00:00,14.5,95,13.7,0.2,0.0,4.12,0.0,0.0
2016-06-27 00:00:00,14.6,95,13.9,0.0,0.0,4.27,0.0,0.0
2016-06-27 01:00:00,14.8,96,14.1,0.0,0.0,4.19,0.0,0.0
2016-06-27 02:00:00,14.9,97,14.4,0.0,0.0,4.12,0.0,0.0
2016-06-27 03:00:00,15.1,97,14.5,0.0,0.0,4.25,0.0,0.0
2016-06-27 04:00:00,15.2,95,14.4,0.0,0.0,4.02,0.0,0.0
2016-06-27 05:00:00,15.3,93,14.2,0.1,0.0,3.81,11.0,0.039599999999999996
2016-06-27 06:00:00,15.6,91,14.1,0.3,0.0,3.81,59.0,0.2124
2016-06-27 07:00:00,15.9,89,14.1,0.3,0.0,3.74,92.0,0.3312
2016-06-27 08:00:00,16.3,87,14.1,0.1,0.0,4.1,233.0,0.8388
2016-06-27 09:00:00,16.9,81,13.7,0.0,0.0,4.4,379.0,1.3644
2016-06-27 10:00:00,17.9,68,12.0,0.0,0.0,3.38,544.0,1.9584
2016-06-27 11:00:00,17.7,64,10.9,0.0,0.0,4.21,375.0,1.3499999999999999
2016-06-27 12:00:00,17.6,64,10.7,0.0,0.0,4.51,364.0,1.3104
2016-06-27 13:00:00,17.9,62,10.5,0.0,0.0,4.71,432.0,1.5552
2016-06-27 14:00:00,18.3,60,10.3,0.0,0.0,4.75,496.0,1.7855999999999999
2016-06-27 15:00:00,18.4,58,10.1,0.0,0.0,4.49,467.0,1.6812
2016-06-27 16:00:00,18.5,57,9.9,0.0,0.0,4.18,468.0,1.6847999999999999
2016-06-27 17:00:00,18.3,57,9.5,0.0,0.0,4.02,338.0,1.2167999999999999
2016-06-27 18:00:00,18.0,56,9.1,0.0,0.0,3.11,241.0,0.8675999999999999
2016-06-27 19:00:00,17.8,62,10.4,0.0,0.0,2.42,116.0,0.41759999999999997
2016-06-27 20:00:00,16.8,66,10.3,0.0,0.0,1.94,31.0,0.11159999999999999
2016-06-27 21:00:00,15.6,70,10.1,0.0,0.0,1.94,1.0,0.0036
2016-06-27 22:00:00,14.8,73,10.0,0.0,0.0,1.92,0.0,0.0
2016-06-27 23:00:00,13.6,77,9.7,0.0,0.0,1.78,0.0,0.0
2016-06-28 00:00:00,12.7,81,9.5,0.0,0.0,1.7,0.0,0.0
2016-06-28 01:00:00,12.1,84,9.5,0.0,0.0,1.7,0.0,0.0
2016-06-28 02:00:00,11.0,89,9.2,0.0,0.0,1.49,0.0,0.0
2016-06-28 03:00:00,10.4,90,8.8,0.0,0.0,1.49,0.0,0.0
2016-06-28 04:00:00,10.0,91,8.6,0.0,0.0,1.86,0.0,0.0
2016-06-28 05:00:00,10.9,90,9.4,0.0,0.0,1.22,37.0,0.13319999999999999
2016-06-28 06:00:00,13.0,83,10.2,0.0,0.0,0.71,147.0,0.5292
2016-06-28 07:00:00,15.0,76,10.9,0.0,0.0,0.36,239.0,0.8603999999999999
2016-06-28 08:00:00,16.5,67,10.3,0.0,0.0,1.08,405.0,1.458
2016-06-28 09:00:00,17.6,60,9.8,0.0,0.0,2.01,542.0,1.9512
2016-06-28 10:00:00,18.2,56,9.2,0.0,0.0,2.72,475.0,1.71
2016-06-28 11:00:00,18.4,55,9.1,0.0,0.0,3.34,449.0,1.6164
2016-06-28 12:00:00,18.4,56,9.3,0.0,0.0,4.16,408.0,1.4687999999999999
2016-06-28 13:00:00,18.5,56,9.6,0.0,0.0,5.03,497.0,1.7892
2016-06-28 14:00:00,18.6,57,9.9,0.0,0.0,5.28,616.0,2.2176
2016-06-28 15:00:00,18.3,57,9.7,0.0,0.0,5.01,533.0,1.9187999999999998
2016-06-28 16:00:00,17.4,61,9.9,0.2,0.0,5.39,404.0,1.4544
2016-06-28 17:00:00,16.0,73,11.2,0.8,0.0,5.04,222.0,0.7992
2016-06-28 18:00:00,15.0,81,11.8,1.2,0.0,4.7,127.0,0.4572
2016-06-28 19:00:00,14.0,85,11.6,0.3,0.0,5.21,38.0,0.1368
2016-06-28 20:00:00,13.8,92,12.5,0.4,0.0,5.77,7.0,0.0252
2016-06-28 21:00:00,14.3,91,12.8,0.0,0.0,5.7,0.0,0.0
2016-06-28 22:00:00,14.1,90,12.5,0.0,0.0,5.77,0.0,0.0
2016-06-28 23:00:00,13.8,89,12.0,0.0,0.0,5.98,0.0,0.0
2016-06-29 00:00:00,13.8,89,12.0,0.0,0.0,6.9,0.0,0.0
2016-06-29 01:00:00,13.5,88,11.5,0.0,0.0,6.62,0.0,0.0
2016-06-29 02:00:00,12.9,85,10.4,0.0,0.0,5.5,0.0,0.0
2016-06-29 03:00:00,12.3,82,9.4,0.0,0.0,4.47,0.0,0.0
2016-06-29 04:00:00,11.3,85,8.9,0.0,0.0,3.77,0.0,0.0
2016-06-29 05:00:00,11.3,87,9.2,0.0,0.0,3.91,37.0,0.13319999999999999
2016-06-29 06:00:00,12.3,87,10.2,0.0,0.0,3.89,131.0,0.47159999999999996
2016-06-29 07:00:00,14.5,81,11.3,0.0,0.0,5.36,284.0,1.0224
2016-06-29 08:00:00,15.6,73,10.7,0.0,0.0,5.8,364.0,1.3104
2016-06-29 09:00:00,16.6,67,10.4,0.0,0.0,7.06,406.0,1.4616
2016-06-29 10:00:00,16.9,65,10.3,0.0,0.0,6.91,356.0,1.2816
2016-06-29 11:00:00,16.7,67,10.6,0.0,0.0,8.8,372.0,1.3392
2016-06-29 12:00:00,16.2,71,11.0,0.0,0.0,8.28,272.0,0.9792
2016-06-29 13:00:00,15.4,77,11.4,0.1,0.0,9.12,125.0,0.45
2016-06-29 14:00:00,15.3,80,11.8,0.2,0.0,8.65,112.0,0.4032
2016-06-29 15:00:00,15.1,83,12.3,0.2,0.0,7.8,81.0,0.29159999999999997
2016-06-29 16:00:00,15.0,85,12.5,0.1,0.0,7.36,67.0,0.2412
2016-06-29 17:00:00,15.1,84,12.5,0.0,0.0,7.71,107.0,0.3852
2016-06-29 18:00:00,15.1,84,12.3,0.0,0.0,6.55,63.0,0.2268
2016-06-29 19:00:00,14.7,86,12.5,0.0,0.0,6.4,32.0,0.1152
2016-06-29 20:00:00,14.7,85,12.2,0.0,0.0,5.89,10.0,0.036
2016-06-29 21:00:00,14.6,86,12.2,0.0,0.0,5.46,0.0,0.0
2016-06-29 22:00:00,14.5,86,12.3,0.0,0.0,5.16,0.0,0.0
2016-06-29 23:00:00,14.4,88,12.4,0.1,0.0,4.98,0.0,0.0
2016-06-30 00:00:00,14.3,89,12.6,0.2,0.0,4.69,0.0,0.0
2016-06-30 01:00:00,14.2,91,12.7,0.4,0.0,4.0,0.0,0.0
2016-06-30 02:00:00,14.0,93,12.9,0.2,0.0,3.54,0.0,0.0
2016-06-30 03:00:00,13.9,94,13.0,0.1,0.0,3.19,0.0,0.0
2016-06-30 04:00:00,13.9,95,13.1,0.1,0.0,3.11,0.0,0.0
2016-06-30 05:00:00,13.9,96,13.2,0.0,0.0,3.14,4.0,0.0144
2016-06-30 06:00:00,14.0,96,13.3,0.1,0.0,2.66,18.0,0.0648
2016-06-30 07:00:00,14.5,92,13.2,0.0,0.0,2.69,80.0,0.288
2016-06-30 08:00:00,15.5,86,13.1,0.0,0.0,2.56,226.0,0.8136
2016-06-30 09:00:00,16.8,78,12.9,0.0,0.0,2.95,441.0,1.5876
2016-06-30 10:00:00,18.3,68,12.4,0.0,0.0,3.16,619.0,2.2284
2016-06-30 11:00:00,19.2,61,11.4,0.0,0.0,4.02,648.0,2.3327999999999998
2016-06-30 12:00:00,19.6,58,11.2,0.0,0.0,4.17,638.0,2.2967999999999997
2016-06-30 13:00:00,19.8,60,11.8,0.2,0.0,4.76,737.0,2.6532
2016-06-30 14:00:00,19.8,61,12.0,0.2,0.0,5.24,670.0,2.412
2016-06-30 15:00:00,19.6,63,12.3,0.0,0.0,5.73,454.0,1.6343999999999999
2016-06-30 16:00:00,19.5,64,12.5,0.0,0.0,5.73,441.0,1.5876
2016-06-30 17:00:00,18.7,69,12.8,0.0,0.0,6.23,225.0,0.8099999999999999
2016-06-30 18:00:00,18.2,72,13.1,0.0,0.0,5.87,146.0,0.5256
2016-06-30 19:00:00,17.3,76,13.0,0.0,0.0,5.61,96.0,0.3456
2016-06-30 20:00:00,16.6,80,13.1,0.0,0.0,5.49,22.0,0.07919999999999999
2016-06-30 21:00:00,15.8,85,13.2,0.0,0.0,5.8,1.0,0.0036
2016-06-30 22:00:00,15.5,87,13.3,0.0,0.0,6.22,0.0,0.0
2016-06-30 23:00:00,15.5,86,13.3,0.0,0.0,6.45,0.0,0.0
2016-07-01 00:00:00,15.6,86,13.2,0.0,0.0,6.44,0.0,0.0
2016-07-01 01:00:00,15.5,85,13.1,0.0,0.0,6.44,0.0,0.0
2016-07-01 02:00:00,15.5,85,13.1,0.0,0.0,6.22,0.0,0.0
2016-07-01 03:00:00,15.5,86,13.1,0.0,0.0,5.94,0.0,0.0
2016-07-01 04:00:00,15.5,86,13.2,0.0,0.0,5.89,0.0,0.0
2016-07-01 05:00:00,15.4,86,13.1,0.0,0.0,5.56,7.0,0.0252
2016-07-01 06:00:00,15.4,86,13.1,0.0,0.0,5.28,40.0,0.144
2016-07-01 07:00:00,15.4,88,13.4,0.0,0.0,5.1,42.0,0.1512
2016-07-01 08:00:00,15.6,87,13.4,0.0,0.0,4.56,70.0,0.252
2016-07-01 09:00:00,15.8,85,13.3,0.0,0.0,4.9,102.0,0.36719999999999997
2016-07-01 10:00:00,16.3,82,13.2,0.0,0.0,5.09,191.0,0.6876
2016-07-01 11:00:00,16.7,79,13.0,0.0,0.0,5.59,230.0,0.828
2016-07-01 12:00:00,17.3,74,12.6,0.1,0.0,5.66,386.0,1.3896
2016-07-01 13:00:00,17.8,70,12.3,0.2,0.0,5.87,504.0,1.8144
2016-07-01 14:00:00,17.7,70,12.1,0.3,0.0,6.31,447.0,1.6092
2016-07-01 15:00:00,18.0,68,11.9,0.2,0.0,7.21,522.0,1.8792
2016-07-01 16:00:00,17.8,66,11.4,0.0,0.0,6.86,413.0,1.4868
2016-07-01 17:00:00,17.4,65,10.7,0.0,0.0,6.67,310.0,1.1159999999999999
2016-07-01 18:00:00,16.8,65,10.1,0.0,0.0,6.33,220.0,0.7919999999999999
2016-07-01 19:00:00,15.7,66,9.4,0.0,0.0,6.24,142.0,0.5112
2016-07-01 20:00:00,14.6,68,8.8,0.0,0.0,5.78,40.0,0.144
2016-07-01 21:00:00,13.6,71,8.4,0.0,0.0,5.55,1.0,0.0036
2016-07-01 22:00:00,12.8,73,8.1,0.0,0.0,5.28,0.0,0.0
2016-07-01 23:00:00,12.1,76,8.1,0.0,0.0,5.32,0.0,0.0
2016-07-02 00:00:00,11.6,79,8.0,0.0,0.0,5.32,0.0,0.0
2016-07-02 01:00:00,11.3,80,8.0,0.0,0.0,5.19,0.0,0.0
2016-07-02 02:00:00,10.9,83,8.1,0.0,0.0,5.15,0.0,0.0
2016-07-02 03:00:00,10.5,85,8.1,0.0,0.0,5.19,0.0,0.0
2016-07-02 04:00:00,10.3,87,8.1,0.0,0.0,5.01,0.0,0.0
2016-07-02 05:00:00,10.8,85,8.4,0.0,0.0,5.02,33.0,0.1188
2016-07-02 06:00:00,11.5,83,8.8,0.0,0.0,4.98,119.0,0.4284
2016-07-02 07:00:00,12.7,75,8.4,0.0,0.0,6.14,264.0,0.9504
2016-07-02 08:00:00,13.8,66,7.6,0.0,0.0,6.14,414.0,1.4904
2016-07-02 09:00:00,14.7,59,6.7,0.0,0.0,6.86,525.0,1.89
2016-07-02 10:00:00,15.7,54,6.3,0.0,0.0,5.91,615.0,2.214
2016-07-02 11:00:00,16.3,51,6.2,0.0,0.0,5.98,531.0,1.9116
2016-07-02 12:00:00,17.0,51,6.9,0.0,0.0,6.01,640.0,2.304
2016-07-02 13:00:00,17.7,52,7.8,0.0,0.0,6.26,723.0,2.6028
2016-07-02 14:00:00,18.0,53,8.4,0.0,0.0,6.49,707.0,2.5452
2016-07-02 15:00:00,17.4,62,10.1,0.3,0.0,6.78,624.0,2.2464
2016-07-02 16:00:00,17.6,60,9.8,0.3,0.0,6.95,481.0,1.7316
2016-07-02 17:00:00,16.3,63,9.3,0.9,0.0,6.56,307.0,1.1052
2016-07-02 18:00:00,16.2,66,9.8,0.0,0.0,5.66,312.0,1.1232
2016-07-02 19:00:00,15.9,64,9.1,0.0,0.0,5.0,132.0,0.4752
2016-07-02 20:00:00,15.0,66,8.7,0.0,0.0,4.35,44.0,0.15839999999999999
2016-07-02 21:00:00,14.2,69,8.6,0.0,0.0,4.07,1.0,0.0036
2016-07-02 22:00:00,13.4,73,8.7,0.0,0.0,4.41,0.0,0.0
2016-07-02 23:00:00,12.9,76,8.8,0.0,0.0,4.24,0.0,0.0
2016-07-03 00:00:00,12.3,80,8.9,0.0,0.0,4.0,0.0,0.0
2016-07-03 01:00:00,11.7,83,9.0,0.0,0.0,3.76,0.0,0.0
2016-07-03 02:00:00,11.2,87,9.1,0.0,0.0,3.71,0.0,0.0
2016-07-03 03:00:00,10.9,90,9.2,0.0,0.0,3.71,0.0,0.0
2016-07-03 04:00:00,10.4,92,9.2,0.0,0.0,3.4,0.0,0.0
2016-07-03 05:00:00,10.6,92,9.4,0.0,0.0,3.09,36.0,0.1296
2016-07-03 06:00:00,11.7,89,10.0,0.0,0.0,2.69,119.0,0.4284
2016-07-03 07:00:00,13.9,80,10.5,0.0,0.0,3.42,276.0,0.9935999999999999
2016-07-03 08:00:00,15.1,73,10.2,0.0,0.0,2.97,420.0,1.512
2016-07-03 09:00:00,16.3,65,9.6,0.0,0.0,3.09,527.0,1.8972
2016-07-03 10:00:00,17.2,60,9.4,0.0,0.0,2.48,582.0,2.0951999999999997
2016-07-03 11:00:00,18.1,57,9.5,0.0,0.0,2.98,680.0,2.448
2016-07-03 12:00:00,18.7,55,9.4,0.0,0.0,3.26,697.0,2.5092
2016-07-03 13:00:00,19.0,55,9.7,0.0,0.0,3.54,537.0,1.9332
2016-07-03 14:00:00,18.9,57,10.3,0.0,0.0,3.61,451.0,1.6236
2016-07-03 15:00:00,19.2,56,10.3,0.0,0.0,3.4,502.0,1.8072
2016-07-03 16:00:00,19.0,58,10.7,0.0,0.0,3.19,414.0,1.4904
2016-07-03 17:00:00,18.9,59,10.6,0.0,0.0,2.97,346.0,1.2456
2016-07-03 18:00:00,18.2,65,11.5,0.0,0.0,2.95,145.0,0.522
2016-07-03 19:00:00,17.4,71,12.2,0.0,0.0,2.91,121.0,0.4356
2016-07-03 20:00:00,16.1,77,12.1,0.0,0.0,2.98,45.0,0.162
2016-07-03 21:00:00,14.9,82,11.9,0.0,0.0,3.23,1.0,0.0036
2016-07-03 22:00:00,14.1,86,11.8,0.0,0.0,3.22,0.0,0.0
2016-07-03 23:00:00,13.3,89,11.6,0.0,0.0,3.05,0.0,0.0
2016-07-04 00:00:00,13.2,89,11.5,0.0,0.0,2.98,0.0,0.0
2016-07-04 01:00:00,12.6,92,11.4,0.0,0.0,2.69,0.0,0.0
2016-07-04 02:00:00,12.0,94,11.1,0.0,0.0,2.4,0.0,0.0
2016-07-04 03:00:00,11.4,96,10.7,0.0,0.0,2.14,0.0,0.0
2016-07-04 04:00:00,10.6,97,10.2,0.0,0.0,1.81,0.0,0.0
2016-07-04 05:00:00,10.7,97,10.3,0.0,0.0,2.06,38.0,0.1368
2016-07-04 06:00:00,13.0,91,11.6,0.0,0.0,1.68,152.0,0.5472
2016-07-04 07:00:00,14.8,85,12.3,0.0,0.0,1.52,294.0,1.0584
2016-07-04 08:00:00,16.7,77,12.7,0.0,0.0,1.7,455.0,1.638
2016-07-04 09:00:00,18.4,66,11.9,0.0,0.0,2.55,573.0,2.0627999999999997
2016-07-04 10:00:00,19.3,61,11.7,0.0,0.0,3.96,623.0,2.2428
2016-07-04 11:00:00,19.8,59,11.6,0.0,0.0,4.2,590.0,2.124
2016-07-04 12:00:00,19.9,61,12.2,0.0,0.0,4.56,493.0,1.7748
2016-07-04 13:00:00,19.6,64,12.6,0.1,0.0,4.64,389.0,1.4003999999999999
2016-07-04 14:00:00,19.3,66,12.9,0.0,0.0,5.44,317.0,1.1412
2016-07-04 15:00:00,19.0,69,13.2,0.0,0.0,5.63,258.0,0.9288
2016-07-04 16:00:00,19.0,70,13.4,0.0,0.0,5.94,306.0,1.1016
2016-07-04 17:00:00,18.6,73,13.7,0.0,0.0,5.7,150.0,0.54
2016-07-04 18:00:00,18.3,76,14.0,0.0,0.0,5.34,120.0,0.432
2016-07-04 19:00:00,17.3,81,14.0,0.0,0.0,5.19,60.0,0.216
2016-07-04 20:00:00,16.9,83,14.0,0.0,0.0,4.58,30.0,0.108
2016-07-04 21:00:00,16.5,86,14.2,0.0,0.0,4.47,0.0,0.0
2016-07-04 22:00:00,15.9,90,14.3,0.0,0.0,4.79,0.0,0.0
2016-07-04 23:00:00,15.7,91,14.2,0.0,0.0,4.8,0.0,0.0
2016-07-05 00:00:00,15.5,92,14.2,0.0,0.0,4.7,0.0,0.0
2016-07-05 01:00:00,15.6,91,14.1,0.0,0.0,4.88,0.0,0.0
2016-07-05 02:00:00,15.7,89,14.0,0.0,0.0,5.19,0.0,0.0
2016-07-05 03:00:00,15.5,88,13.6,0.0,0.0,5.41,0.0,0.0
2016-07-05 04:00:00,15.3,86,13.0,0.0,0.0,5.39,0.0,0.0
2016-07-05 05:00:00,15.1,86,12.8,0.0,0.0,4.94,11.0,0.039599999999999996
2016-07-05 06:00:00,15.3,85,12.8,0.0,0.0,6.04,38.0,0.1368
2016-07-05 07:00:00,15.7,86,13.3,0.2,0.0,5.51,64.0,0.2304
2016-07-05 08:00:00,16.4,77,12.5,0.0,0.0,5.46,195.0,0.702
2016-07-05 09:00:00,16.6,69,11.0,0.0,0.0,5.74,253.0,0.9107999999999999
2016-07-05 10:00:00,17.1,65,10.4,0.0,0.0,4.44,346.0,1.2456
2016-07-05 11:00:00,17.4,63,10.2,0.0,0.0,4.98,360.0,1.296
2016-07-05 12:00:00,17.7,62,10.4,0.0,0.0,4.61,329.0,1.1844
2016-07-05 13:00:00,18.3,59,10.2,0.0,0.0,4.4,437.0,1.5732
2016-07-05 14:00:00,18.9,56,10.1,0.0,0.0,4.16,512.0,1.8432
2016-07-05 15:00:00,19.5,54,9.8,0.0,0.0,4.03,577.0,2.0772
2016-07-05 16:00:00,19.5,52,9.4,0.0,0.0,3.94,456.0,1.6416
2016-07-05 17:00:00,19.3,52,9.1,0.0,0.0,3.54,374.0,1.3464
2016-07-05 18:00:00,18.8,54,9.4,0.0,0.0,3.18,227.0,0.8171999999999999
2016-07-05 19:00:00,17.9,60,9.9,0.0,0.0,2.88,113.0,0.4068
2016-07-05 20:00:00,17.1,61,9.5,0.0,0.0,2.62,38.0,0.1368
2016-07-05 21:00:00,16.4,62,9.2,0.0,0.0,2.69,1.0,0.0036
2016-07-05 22:00:00,15.6,64,8.9,0.0,0.0,2.92,0.0,0.0
2016-07-05 23:00:00,14.8,66,8.5,0.0,0.0,2.87,0.0,0.0
2016-07-06 00:00:00,13.9,68,8.1,0.0,0.0,2.64,0.0,0.0
2016-07-06 01:00:00,13.1,71,7.9,0.0,0.0,2.51,0.0,0.0
2016-07-06 02:00:00,12.0,76,7.9,0.0,0.0,2.15,0.0,0.0
2016-07-06 03:00:00,11.0,81,7.8,0.0,0.0,2.28,0.0,0.0
2016-07-06 04:00:00,10.4,85,7.9,0.0,0.0,2.44,0.0,0.0
2016-07-06 05:00:00,10.6,86,8.3,0.0,0.0,2.66,33.0,0.1188
2016-07-06 06:00:00,12.2,81,9.0,0.0,0.0,2.25,138.0,0.49679999999999996
2016-07-06 07:00:00,13.7,78,9.8,0.0,0.0,2.09,255.0,0.9179999999999999
2016-07-06 08:00:00,14.9,72,9.8,0.0,0.0,1.73,374.0,1.3464
2016-07-06 09:00:00,15.9,65,9.2,0.0,0.0,1.3,449.0,1.6164
2016-07-06 10:00:00,16.9,59,8.8,0.0,0.0,1.2,573.0,2.0627999999999997
2016-07-06 11:00:00,17.9,54,8.5,0.0,0.0,1.7,661.0,2.3796
2016-07-06 12:00:00,18.4,53,8.7,0.0,0.0,1.57,640.0,2.304
2016-07-06 13:00:00,18.8,53,8.9,0.0,0.0,1.8,630.0,2.268
2016-07-06 14:00:00,19.0,52,8.9,0.0,0.0,2.28,547.0,1.9691999999999998
2016-07-06 15:00:00,19.1,52,9.0,0.0,0.0,2.31,430.0,1.548
2016-07-06 16:00:00,19.0,52,9.0,0.0,0.0,2.02,293.0,1.0548
2016-07-06 17:00:00,19.0,53,9.1,0.0,0.0,1.43,273.0,0.9828
2016-07-06 18:00:00,18.8,54,9.2,0.0,0.0,1.4,165.0,0.594
2016-07-06 19:00:00,18.9,59,10.7,0.0,0.0,1.49,73.0,0.2628
2016-07-06 20:00:00,17.7,65,11.0,0.0,0.0,2.06,33.0,0.1188
2016-07-06 21:00:00,16.4,69,10.8,0.0,0.0,2.69,1.0,0.0036
2016-07-06 22:00:00,15.6,72,10.7,0.0,0.0,2.55,0.0,0.0
2016-07-06 23:00:00,14.9,76,10.7,0.0,0.0,2.87,0.0,0.0
2016-07-07 00:00:00,14.4,79,10.8,0.0,0.0,2.52,0.0,0.0
2016-07-07 01:00:00,13.7,82,10.7,0.0,0.0,2.24,0.0,0.0
2016-07-07 02:00:00,13.6,83,10.7,0.0,0.0,1.88,0.0,0.0
2016-07-07 03:00:00,13.6,83,10.8,0.0,0.0,1.77,0.0,0.0
2016-07-07 04:00:00,13.5,84,10.9,0.0,0.0,1.92,0.0,0.0
2016-07-07 05:00:00,13.5,86,11.2,0.0,0.0,2.28,19.0,0.0684
2016-07-07 06:00:00,14.2,84,11.4,0.0,0.0,2.82,84.0,0.3024
2016-07-07 07:00:00,14.9,81,11.7,0.3,0.0,2.87,140.0,0.504
2016-07-07 08:00:00,15.9,78,12.0,0.0,0.0,2.94,255.0,0.9179999999999999
2016-07-07 09:00:00,16.5,74,12.0,0.0,0.0,3.11,281.0,1.0116
2016-07-07 10:00:00,17.3,70,11.9,0.0,0.0,3.05,362.0,1.3032
2016-07-07 11:00:00,18.4,65,11.7,0.0,0.0,3.25,470.0,1.692
2016-07-07 12:00:00,19.4,61,11.7,0.0,0.0,3.68,514.0,1.8504
2016-07-07 13:00:00,19.7,60,11.6,0.0,0.0,3.89,440.0,1.5839999999999999
2016-07-07 14:00:00,19.4,61,11.7,0.0,0.0,3.47,319.0,1.1483999999999999
2016-07-07 15:00:00,19.6,61,11.8,0.0,0.0,3.62,375.0,1.3499999999999999
2016-07-07 16:00:00,19.9,60,12.0,0.0,0.0,3.94,415.0,1.494
2016-07-07 17:00:00,19.6,61,11.8,0.0,0.0,3.74,219.0,0.7884
2016-07-07 18:00:00,19.1,65,12.4,0.0,0.0,3.26,129.0,0.4644
2016-07-07 19:00:00,18.6,72,13.4,0.0,0.0,3.33,99.0,0.3564
2016-07-07 20:00:00,17.6,75,13.2,0.0,0.0,2.83,27.0,0.0972
2016-07-07 21:00:00,16.6,79,13.0,0.0,0.0,2.76,1.0,0.0036
2016-07-07 22:00:00,15.9,83,13.0,0.0,0.0,2.91,0.0,0.0
2016-07-07 23:00:00,15.4,85,12.9,0.0,0.0,2.83,0.0,0.0
2016-07-08 00:00:00,14.9,87,12.7,0.0,0.0,2.8,0.0,0.0
2016-07-08 01:00:00,14.4,88,12.5,0.0,0.0,3.38,0.0,0.0
2016-07-08 02:00:00,13.9,90,12.2,0.0,0.0,3.54,0.0,0.0
2016-07-08 03:00:00,13.6,90,12.0,0.0,0.0,3.47,0.0,0.0
2016-07-08 04:00:00,13.6,89,11.9,0.0,0.0,3.69,0.0,0.0
2016-07-08 05:00:00,14.0,88,12.0,0.0,0.0,4.2,16.0,0.0576
2016-07-08 06:00:00,14.7,87,12.6,0.0,0.0,4.26,72.0,0.2592
2016-07-08 07:00:00,15.8,86,13.4,0.1,0.0,6.19,127.0,0.4572
2016-07-08 08:00:00,16.7,82,13.5,0.0,0.0,6.64,160.0,0.576
2016-07-08 09:00:00,17.5,78,13.6,0.0,0.0,6.94,180.0,0.648
2016-07-08 10:00:00,19.0,72,13.9,0.0,0.0,6.33,343.0,1.2348
2016-07-08 11:00:00,20.2,66,13.6,0.0,0.0,6.32,406.0,1.4616
2016-07-08 12:00:00,21.0,62,13.4,0.0,0.0,6.99,454.0,1.6343999999999999
2016-07-08 13:00:00,22.3,56,13.1,0.0,0.0,7.24,720.0,2.592
2016-07-08 14:00:00,22.5,55,13.1,0.0,0.0,7.4,675.0,2.4299999999999997
2016-07-08 15:00:00,22.6,55,13.1,0.0,0.0,7.0,590.0,2.124
2016-07-08 16:00:00,22.2,56,13.1,0.0,0.0,6.41,474.0,1.7064
2016-07-08 17:00:00,21.5,60,13.5,0.0,0.0,5.76,383.0,1.3788
2016-07-08 18:00:00,20.6,66,14.0,0.0,0.0,5.35,279.0,1.0044
2016-07-08 19:00:00,19.5,70,13.8,0.0,0.0,4.82,154.0,0.5544
2016-07-08 20:00:00,18.2,74,13.5,0.0,0.0,4.1,47.0,0.1692
2016-07-08 21:00:00,17.2,78,13.3,0.0,0.0,3.61,1.0,0.0036
2016-07-08 22:00:00,16.5,81,13.2,0.0,0.0,3.07,0.0,0.0
2016-07-08 23:00:00,15.6,85,13.1,0.0,0.0,3.45,0.0,0.0
2016-07-09 00:00:00,15.0,88,13.0,0.0,0.0,3.1,0.0,0.0
2016-07-09 01:00:00,14.3,91,12.9,0.0,0.0,2.79,0.0,0.0
2016-07-09 02:00:00,13.8,93,12.7,0.0,0.0,2.27,0.0,0.0
2016-07-09 03:00:00,13.5,94,12.6,0.0,0.0,2.66,0.0,0.0
2016-07-09 04:00:00,13.6,94,12.7,0.0,0.0,2.92,0.0,0.0
2016-07-09 05:00:00,13.8,95,13.0,0.0,0.0,3.45,29.0,0.10439999999999999
2016-07-09 06:00:00,15.2,90,13.7,0.0,0.0,4.11,123.0,0.44279999999999997
2016-07-09 07:00:00,17.1,82,14.0,0.0,0.0,5.5,244.0,0.8784
2016-07-09 08:00:00,18.4,76,14.1,0.0,0.0,6.08,331.0,1.1916
2016-07-09 09:00:00,19.6,72,14.5,0.0,0.0,6.52,439.0,1.5804
2016-07-09 10:00:00,20.5,71,15.0,0.0,0.0,6.24,500.0,1.8
2016-07-09 11:00:00,21.0,68,15.0,0.0,0.0,6.52,498.0,1.7928
2016-07-09 12:00:00,21.1,69,15.2,0.0,0.0,7.78,450.0,1.6199999999999999
2016-07-09 13:00:00,21.0,70,15.3,0.0,0.0,8.21,425.0,1.53
2016-07-09 14:00:00,20.8,72,15.5,0.0,0.0,7.99,371.0,1.3356
2016-07-09 15:00:00,20.7,73,15.7,0.0,0.0,7.18,353.0,1.2708
2016-07-09 16:00:00,20.2,76,15.8,0.0,0.0,7.14,285.0,1.026
2016-07-09 17:00:00,19.9,77,15.6,0.0,0.0,6.8,246.0,0.8855999999999999
2016-07-09 18:00:00,19.2,78,15.4,0.0,0.0,5.88,130.0,0.46799999999999997
2016-07-09 19:00:00,18.9,76,14.5,0.0,0.0,6.32,77.0,0.2772
2016-07-09 20:00:00,18.1,77,14.1,0.0,0.0,6.14,33.0,0.1188
2016-07-09 21:00:00,17.4,80,13.8,0.0,0.0,5.88,1.0,0.0036
2016-07-09 22:00:00,16.7,82,13.7,0.0,0.0,5.73,0.0,0.0
2016-07-09 23:00:00,16.3,84,13.6,0.0,0.0,5.45,0.0,0.0
2016-07-10 00:00:00,16.0,86,13.7,0.0,0.0,5.33,0.0,0.0
2016-07-10 01:00:00,15.7,88,13.8,0.0,0.0,5.2,0.0,0.0
2016-07-10 02:00:00,15.6,90,13.9,0.0,0.0,5.16,0.0,0.0
2016-07-10 03:00:00,15.7,91,14.1,0.0,0.0,5.1,0.0,0.0
2016-07-10 04:00:00,15.8,91,14.3,0.0,0.0,4.8,0.0,0.0
2016-07-10 05:00:00,16.0,91,14.5,0.0,0.0,4.79,13.0,0.0468
2016-07-10 06:00:00,16.5,89,14.7,0.0,0.0,5.78,49.0,0.1764
2016-07-10 07:00:00,17.4,88,15.4,0.0,0.0,5.77,83.0,0.2988
2016-07-10 08:00:00,17.9,86,15.6,0.0,0.0,5.92,126.0,0.4536
2016-07-10 09:00:00,18.5,84,15.8,0.0,0.0,6.5,185.0,0.666
2016-07-10 10:00:00,18.4,86,16.1,0.0,0.0,5.73,138.0,0.49679999999999996
2016-07-10 11:00:00,18.0,88,16.0,0.1,0.0,5.98,100.0,0.36
2016-07-10 12:00:00,18.1,88,16.1,0.1,0.0,6.31,128.0,0.4608
2016-07-10 13:00:00,18.2,86,15.8,0.0,0.0,6.94,215.0,0.774
2016-07-10 14:00:00,19.4,75,14.9,0.0,0.0,7.22,420.0,1.512
2016-07-10 15:00:00,20.2,66,13.6,0.0,0.0,7.46,500.0,1.8
2016-07-10 16:00:00,20.3,64,13.1,0.0,0.0,7.52,511.0,1.8396
2016-07-10 17:00:00,20.0,64,12.9,0.0,0.0,7.5,453.0,1.6308
2016-07-10 18:00:00,19.3,67,13.0,0.0,0.0,6.79,248.0,0.8927999999999999
2016-07-10 19:00:00,18.2,72,13.0,0.0,0.0,6.37,141.0,0.5075999999999999
2016-07-10 20:00:00,17.1,76,12.9,0.0,0.0,5.95,37.0,0.13319999999999999
2016-07-10 21:00:00,16.1,81,12.9,0.0,0.0,5.67,0.0,0.0
2016-07-10 22:00:00,15.4,85,12.8,0.0,0.0,6.17,0.0,0.0
2016-07-10 23:00:00,14.9,87,12.7,0.0,0.0,6.31,0.0,0.0
2016-07-11 00:00:00,14.6,88,12.5,0.0,0.0,6.33,0.0,0.0
2016-07-11 01:00:00,14.6,88,12.6,0.0,0.0,6.53,0.0,0.0
2016-07-11 02:00:00,14.9,86,12.6,0.0,0.0,6.59,0.0,0.0
2016-07-11 03:00:00,15.2,85,12.7,0.0,0.0,6.65,0.0,0.0
2016-07-11 04:00:00,15.3,84,12.6,0.0,0.0,6.51,0.0,0.0
2016-07-11 05:00:00,15.4,84,12.6,0.0,0.0,6.65,17.0,0.0612
2016-07-11 06:00:00,15.7,84,12.9,0.0,0.0,7.65,88.0,0.31679999999999997
2016-07-11 07:00:00,16.5,81,13.1,0.0,0.0,8.6,194.0,0.6984
2016-07-11 08:00:00,17.4,74,12.7,0.1,0.0,8.61,296.0,1.0655999999999999
2016-07-11 09:00:00,18.2,70,12.6,0.2,0.0,8.44,346.0,1.2456
2016-07-11 10:00:00,19.2,65,12.5,0.3,0.0,6.9,551.0,1.9836
2016-07-11 11:00:00,19.5,64,12.6,0.2,0.0,7.07,534.0,1.9223999999999999
2016-07-11 12:00:00,20.2,64,13.2,0.0,0.0,7.28,604.0,2.1744
2016-07-11 13:00:00,20.5,66,13.8,0.0,0.0,7.57,566.0,2.0376
2016-07-11 14:00:00,20.6,69,14.6,0.0,0.0,7.57,548.0,1.9727999999999999
2016-07-11 15:00:00,20.7,69,14.7,0.6,0.0,7.8,518.0,1.8648
2016-07-11 16:00:00,18.8,74,14.0,2.4,0.0,6.53,455.0,1.638
2016-07-11 17:00:00,19.1,70,13.5,0.0,0.0,6.0,321.0,1.1556
2016-07-11 18:00:00,18.8,69,13.1,0.0,0.0,5.28,226.0,0.8136
2016-07-11 19:00:00,18.3,70,12.7,0.1,0.0,4.35,136.0,0.4896
2016-07-11 20:00:00,17.4,73,12.5,0.0,0.0,3.79,38.0,0.1368
2016-07-11 21:00:00,16.2,79,12.5,0.0,0.0,3.49,0.0,0.0
2016-07-11 22:00:00,15.6,82,12.4,0.0,0.0,3.16,0.0,0.0
2016-07-11 23:00:00,14.6,85,12.2,0.0,0.0,3.24,0.0,0.0
2016-07-12 00:00:00,13.9,87,11.8,0.0,0.0,3.4,0.0,0.0
2016-07-12 01:00:00,13.4,88,11.5,0.0,0.0,3.14,0.0,0.0
2016-07-12 02:00:00,13.0,89,11.2,0.0,0.0,2.92,0.0,0.0
2016-07-12 03:00:00,12.6,90,10.9,0.0,0.0,2.82,0.0,0.0
2016-07-12 04:00:00,12.3,91,10.8,0.0,0.0,2.77,0.0,0.0
2016-07-12 05:00:00,12.2,92,10.9,0.0,0.0,2.8,25.0,0.09
2016-07-12 06:00:00,13.2,88,11.2,0.0,0.0,2.98,114.0,0.4104
2016-07-12 07:00:00,14.8,80,11.4,0.0,0.0,3.89,262.0,0.9431999999999999
2016-07-12 08:00:00,15.8,73,10.9,0.0,0.0,3.83,356.0,1.2816
2016-07-12 09:00:00,16.6,65,10.1,0.0,0.0,4.0,455.0,1.638
2016-07-12 10:00:00,17.1,62,9.8,0.2,0.0,3.66,525.0,1.89
2016-07-12 11:00:00,17.5,63,10.4,0.0,0.0,3.19,566.0,2.0376
2016-07-12 12:00:00,18.3,62,11.0,0.0,0.0,3.49,601.0,2.1635999999999997
2016-07-12 13:00:00,18.8,63,11.6,0.1,0.0,4.16,617.0,2.2212
2016-07-12 14:00:00,17.5,70,12.0,2.4,0.0,4.24,574.0,2.0664
2016-07-12 15:00:00,16.2,79,12.6,1.5,0.0,3.64,435.0,1.566
2016-07-12 16:00:00,16.0,78,12.2,0.6,0.0,4.34,346.0,1.2456
2016-07-12 17:00:00,15.7,80,12.3,0.2,0.0,3.85,173.0,0.6228
2016-07-12 18:00:00,15.5,81,12.3,0.3,0.0,3.83,183.0,0.6587999999999999
2016-07-12 19:00:00,14.5,84,11.9,0.4,0.0,3.86,101.0,0.3636
2016-07-12 20:00:00,13.8,90,12.2,0.2,0.0,3.42,18.0,0.0648
2016-07-12 21:00:00,13.6,91,12.2,0.1,0.0,3.2,0.0,0.0
2016-07-12 22:00:00,13.4,92,12.1,0.1,0.0,3.19,0.0,0.0
2016-07-12 23:00:00,13.0,92,11.8,0.2,0.0,3.12,0.0,0.0
2016-07-13 00:00:00,12.8,92,11.6,0.2,0.0,3.12,0.0,0.0
2016-07-13 01:00:00,12.6,91,11.2,0.0,0.0,3.11,0.0,0.0
2016-07-13 02:00:00,12.3,91,10.8,0.0,0.0,3.33,0.0,0.0
2016-07-13 03:00:00,12.0,88,10.0,0.0,0.0,3.47,0.0,0.0
2016-07-13 04:00:00,11.6,87,9.5,0.0,0.0,3.69,0.0,0.0
2016-07-13 05:00:00,11.2,87,9.2,0.0,0.0,3.83,20.0,0.072
2016-07-13 06:00:00,11.8,85,9.4,0.0,0.0,3.54,112.0,0.4032
2016-07-13 07:00:00,12.7,85,10.3,0.0,0.0,3.68,142.0,0.5112
2016-07-13 08:00:00,14.1,79,10.5,0.0,0.0,3.69,353.0,1.2708
2016-07-13 09:00:00,15.6,71,10.3,0.0,0.0,3.83,536.0,1.9296
2016-07-13 10:00:00,16.8,64,10.1,0.0,0.0,3.69,652.0,2.3472
2016-07-13 11:00:00,17.5,60,9.6,0.1,0.0,3.7,670.0,2.412
2016-07-13 12:00:00,18.1,59,10.0,0.0,0.0,3.41,741.0,2.6675999999999997
2016-07-13 13:00:00,18.6,61,11.0,0.0,0.0,3.35,800.0,2.88
2016-07-13 14:00:00,18.7,64,11.9,0.2,0.0,3.64,663.0,2.3868
2016-07-13 15:00:00,17.1,68,11.2,1.1,0.0,3.99,517.0,1.8612
2016-07-13 16:00:00,16.0,71,10.7,0.6,0.0,4.05,345.0,1.242
2016-07-13 17:00:00,16.8,63,9.7,0.0,0.0,4.16,293.0,1.0548
2016-07-13 18:00:00,17.0,57,8.5,0.0,0.0,4.1,267.0,0.9611999999999999
2016-07-13 19:00:00,16.1,59,8.1,0.0,0.0,3.52,111.0,0.3996
2016-07-13 20:00:00,15.2,61,7.8,0.0,0.0,2.83,39.0,0.1404
2016-07-13 21:00:00,14.2,65,7.6,0.0,0.0,2.75,0.0,0.0
2016-07-13 22:00:00,13.4,68,7.6,0.0,0.0,2.34,0.0,0.0
2016-07-13 23:00:00,12.8,71,7.7,0.0,0.0,2.41,0.0,0.0
2016-07-14 00:00:00,12.2,76,8.0,0.0,0.0,2.62,0.0,0.0
2016-07-14 01:00:00,11.5,80,8.2,0.0,0.0,2.53,0.0,0.0
2016-07-14 02:00:00,11.2,83,8.3,0.0,0.0,2.44,0.0,0.0
2016-07-14 03:00:00,10.7,85,8.4,0.0,0.0,2.62,0.0,0.0
2016-07-14 04:00:00,10.3,88,8.4,0.0,0.0,2.86,0.0,0.0
2016-07-14 05:00:00,10.4,89,8.6,0.0,0.0,3.19,25.0,0.09
2016-07-14 06:00:00,11.7,85,9.2,0.0,0.0,3.34,133.0,0.4788
2016-07-14 07:00:00,13.2,79,9.7,0.0,0.0,4.66,279.0,1.0044
2016-07-14 08:00:00,14.5,72,9.5,0.0,0.0,3.94,395.0,1.422
2016-07-14 09:00:00,15.9,63,8.9,0.0,0.0,3.67,554.0,1.9944
2016-07-14 10:00:00,17.1,56,8.3,0.0,0.0,3.5,625.0,2.25
2016-07-14 11:00:00,17.6,53,7.9,0.0,0.0,3.5,487.0,1.7531999999999999
2016-07-14 12:00:00,17.7,52,7.8,0.0,0.0,3.42,369.0,1.3284
2016-07-14 13:00:00,17.9,52,8.0,0.0,0.0,3.61,337.0,1.2132
2016-07-14 14:00:00,18.1,52,8.2,0.0,0.0,3.44,349.0,1.2564
2016-07-14 15:00:00,18.5,51,8.1,0.0,0.0,3.8,425.0,1.53
2016-07-14 16:00:00,18.7,50,8.0,0.0,0.0,3.7,368.0,1.3248
2016-07-14 17:00:00,18.5,51,8.1,0.0,0.0,3.36,311.0,1.1196
2016-07-14 18:00:00,18.2,53,8.5,0.0,0.0,2.92,215.0,0.774
2016-07-14 19:00:00,18.1,60,10.1,0.0,0.0,2.18,121.0,0.4356
2016-07-14 20:00:00,16.8,65,10.1,0.0,0.0,1.91,37.0,0.13319999999999999
2016-07-14 21:00:00,15.5,70,10.0,0.0,0.0,2.1,0.0,0.0
2016-07-14 22:00:00,14.6,73,9.8,0.0,0.0,2.7,0.0,0.0
2016-07-14 23:00:00,13.8,77,9.8,0.0,0.0,2.8,0.0,0.0
2016-07-15 00:00:00,13.3,80,10.0,0.0,0.0,2.7,0.0,0.0
2016-07-15 01:00:00,12.8,84,10.2,0.0,0.0,2.53,0.0,0.0
2016-07-15 02:00:00,12.2,88,10.3,0.0,0.0,2.18,0.0,0.0
2016-07-15 03:00:00,11.1,93,9.9,0.0,0.0,1.71,0.0,0.0
2016-07-15 04:00:00,10.4,94,9.5,0.0,0.0,1.9,0.0,0.0
2016-07-15 05:00:00,10.6,95,9.8,0.0,0.0,2.41,23.0,0.0828
2016-07-15 06:00:00,12.9,87,10.8,0.0,0.0,2.21,108.0,0.3888
2016-07-15 07:00:00,14.2,83,11.3,0.0,0.0,2.3,244.0,0.8784
2016-07-15 08:00:00,15.6,75,11.2,0.0,0.0,2.43,377.0,1.3572
2016-07-15 09:00:00,16.7,68,10.7,0.0,0.0,2.98,472.0,1.6992
2016-07-15 10:00:00,17.7,61,10.1,0.0,0.0,2.89,597.0,2.1492
2016-07-15 11:00:00,18.6,57,9.9,0.0,0.0,3.76,653.0,2.3508
2016-07-15 12:00:00,18.6,56,9.7,0.0,0.0,4.46,396.0,1.4256
2016-07-15 13:00:00,18.4,60,10.6,0.0,0.0,5.12,270.0,0.972
2016-07-15 14:00:00,18.4,63,11.3,0.0,0.0,5.25,221.0,0.7956
2016-07-15 15:00:00,18.1,67,11.9,0.0,0.0,5.57,124.0,0.44639999999999996
2016-07-15 16:00:00,17.8,70,12.4,0.0,0.0,5.35,97.0,0.3492
2016-07-15 17:00:00,17.8,71,12.5,0.0,0.0,4.93,114.0,0.4104
2016-07-15 18:00:00,17.6,74,12.9,0.0,0.0,4.65,74.0,0.26639999999999997
2016-07-15 19:00:00,17.7,78,13.8,0.0,0.0,4.07,40.0,0.144
2016-07-15 20:00:00,17.5,80,14.0,0.0,0.0,4.03,18.0,0.0648
2016-07-15 21:00:00,17.4,82,14.3,0.0,0.0,4.12,0.0,0.0
2016-07-15 22:00:00,17.3,84,14.7,0.0,0.0,3.98,0.0,0.0
2016-07-15 23:00:00,17.3,86,14.9,0.0,0.0,4.14,0.0,0.0
2016-07-16 00:00:00,17.1,87,15.0,0.0,0.0,4.24,0.0,0.0
2016-07-16 01:00:00,16.9,88,14.9,0.0,0.0,4.24,0.0,0.0
2016-07-16 02:00:00,16.7,89,14.8,0.0,0.0,4.34,0.0,0.0
2016-07-16 03:00:00,16.6,89,14.7,0.0,0.0,4.24,0.0,0.0
2016-07-16 04:00:00,16.4,89,14.6,0.0,0.0,4.02,0.0,0.0
2016-07-16 05:00:00,16.4,89,14.6,0.0,0.0,3.94,8.0,0.0288
2016-07-16 06:00:00,16.6,89,14.8,0.0,0.0,3.94,45.0,0.162
2016-07-16 07:00:00,17.5,87,15.2,0.0,0.0,4.97,97.0,0.3492
2016-07-16 08:00:00,18.3,84,15.6,0.0,0.0,4.95,179.0,0.6444
2016-07-16 09:00:00,19.7,80,16.1,0.0,0.0,4.95,333.0,1.1987999999999999
2016-07-16 10:00:00,21.3,75,16.6,0.0,0.0,4.31,487.0,1.7531999999999999
2016-07-16 11:00:00,22.2,71,16.6,0.0,0.0,4.32,408.0,1.4687999999999999
2016-07-16 12:00:00,22.7,69,16.7,0.0,0.0,4.49,377.0,1.3572
2016-07-16 13:00:00,23.1,68,16.9,0.0,0.0,5.0,374.0,1.3464
2016-07-16 14:00:00,23.4,67,16.9,0.0,0.0,5.25,357.0,1.2852
2016-07-16 15:00:00,23.4,67,16.9,0.0,0.0,5.51,359.0,1.2924
2016-07-16 16:00:00,23.1,68,16.9,0.0,0.0,5.2,310.0,1.1159999999999999
2016-07-16 17:00:00,23.1,67,16.7,0.0,0.0,5.1,341.0,1.2276
2016-07-16 18:00:00,22.6,69,16.7,0.0,0.0,4.9,224.0,0.8064
2016-07-16 19:00:00,22.1,74,17.4,0.0,0.0,4.6,140.0,0.504
2016-07-16 20:00:00,20.5,80,17.0,0.0,0.0,4.1,40.0,0.144
2016-07-16 21:00:00,19.3,85,16.7,0.0,0.0,3.91,0.0,0.0
2016-07-16 22:00:00,18.4,88,16.5,0.0,0.0,3.71,0.0,0.0
2016-07-16 23:00:00,17.7,91,16.3,0.0,0.0,3.65,0.0,0.0
2016-07-17 00:00:00,17.2,93,16.1,0.0,0.0,3.32,0.0,0.0
2016-07-17 01:00:00,16.8,95,16.0,0.4,0.0,3.21,0.0,0.0
2016-07-17 02:00:00,16.6,96,15.9,0.0,0.0,3.01,0.0,0.0
2016-07-17 03:00:00,16.4,97,15.8,0.0,0.0,2.82,0.0,0.0
2016-07-17 04:00:00,16.3,97,15.8,0.0,0.0,2.73,0.0,0.0
2016-07-17 05:00:00,16.6,96,15.9,0.0,0.0,2.82,8.0,0.0288
2016-07-17 06:00:00,17.2,92,15.8,0.0,0.0,3.81,38.0,0.1368
2016-07-17 07:00:00,18.7,88,16.7,0.0,0.0,3.71,96.0,0.3456
2016-07-17 08:00:00,19.8,83,16.9,0.0,0.0,3.7,192.0,0.6912
2016-07-17 09:00:00,20.9,78,17.0,0.0,0.0,3.9,290.0,1.044
2016-07-17 10:00:00,21.7,74,17.0,0.2,0.0,3.88,342.0,1.2312
2016-07-17 11:00:00,22.9,69,16.9,0.3,0.0,4.23,491.0,1.7676
2016-07-17 12:00:00,23.5,67,16.9,0.3,0.0,4.61,597.0,2.1492
2016-07-17 13:00:00,24.0,64,16.9,0.2,0.0,4.8,707.0,2.5452
2016-07-17 14:00:00,24.2,63,16.7,0.1,0.0,5.0,590.0,2.124
2016-07-17 15:00:00,24.4,62,16.6,0.0,0.0,4.92,506.0,1.8215999999999999
2016-07-17 16:00:00,24.5,60,16.4,0.0,0.0,4.83,465.0,1.674
2016-07-17 17:00:00,24.2,62,16.4,0.0,0.0,4.13,343.0,1.2348
2016-07-17 18:00:00,23.6,65,16.6,0.0,0.0,3.73,254.0,0.9144
2016-07-17 19:00:00,23.2,67,16.8,0.0,0.0,2.91,146.0,0.5256
2016-07-17 20:00:00,21.5,73,16.6,0.0,0.0,2.5,39.0,0.1404
2016-07-17 21:00:00,20.2,79,16.5,0.0,0.0,2.61,0.0,0.0
2016-07-17 22:00:00,19.0,85,16.4,0.0,0.0,3.1,0.0,0.0
2016-07-17 23:00:00,18.1,90,16.4,0.0,0.0,2.77,0.0,0.0
2016-07-18 00:00:00,17.2,93,16.1,0.0,0.0,2.25,0.0,0.0
2016-07-18 01:00:00,16.4,95,15.6,0.0,0.0,1.92,0.0,0.0
2016-07-18 02:00:00,15.7,96,15.1,0.0,0.0,1.84,0.0,0.0
2016-07-18 03:00:00,14.8,98,14.4,0.0,0.0,1.79,0.0,0.0
2016-07-18 04:00:00,14.2,98,14.0,0.0,0.0,1.66,0.0,0.0
2016-07-18 05:00:00,14.5,98,14.2,0.0,0.0,1.7,18.0,0.0648
2016-07-18 06:00:00,16.5,94,15.5,0.0,0.0,1.64,110.0,0.39599999999999996
2016-07-18 07:00:00,18.4,85,15.9,0.0,0.0,1.39,260.0,0.9359999999999999
2016-07-18 08:00:00,20.1,78,16.1,0.0,0.0,1.17,404.0,1.4544
2016-07-18 09:00:00,21.6,71,16.2,0.0,0.0,0.54,546.0,1.9656
2016-07-18 10:00:00,22.8,67,16.4,0.0,0.0,0.36,673.0,2.4228
2016-07-18 11:00:00,23.9,63,16.4,0.0,0.0,0.5,783.0,2.8188
2016-07-18 12:00:00,24.8,59,16.2,0.0,0.0,0.54,813.0,2.9268
2016-07-18 13:00:00,25.5,56,16.1,0.0,0.0,0.82,831.0,2.9916
2016-07-18 14:00:00,26.0,54,16.0,0.0,0.0,1.08,792.0,2.8512
2016-07-18 15:00:00,26.4,52,15.9,0.0,0.0,1.26,720.0,2.592
2016-07-18 16:00:00,26.5,52,16.0,0.0,0.0,1.3,607.0,2.1852
2016-07-18 17:00:00,26.4,53,16.1,0.0,0.0,1.43,460.0,1.656
2016-07-18 18:00:00,25.9,57,16.6,0.0,0.0,1.44,304.0,1.0944
2016-07-18 19:00:00,24.6,60,16.3,0.0,0.0,1.28,159.0,0.5724
2016-07-18 20:00:00,22.6,68,16.5,0.0,0.0,1.8,40.0,0.144
2016-07-18 21:00:00,20.8,77,16.6,0.0,0.0,2.02,0.0,0.0
2016-07-18 22:00:00,19.3,84,16.6,0.0,0.0,1.86,0.0,0.0
2016-07-18 23:00:00,18.0,90,16.3,0.0,0.0,1.77,0.0,0.0
2016-07-19 00:00:00,16.9,92,15.6,0.0,0.0,1.86,0.0,0.0
2016-07-19 01:00:00,16.1,93,14.9,0.0,0.0,1.79,0.0,0.0
2016-07-19 02:00:00,15.6,93,14.4,0.0,0.0,1.9,0.0,0.0
2016-07-19 03:00:00,15.2,93,14.1,0.0,0.0,1.96,0.0,0.0
2016-07-19 04:00:00,14.9,93,13.9,0.0,0.0,1.94,0.0,0.0
2016-07-19 05:00:00,15.2,94,14.2,0.0,0.0,2.28,21.0,0.0756
2016-07-19 06:00:00,18.0,88,16.0,0.0,0.0,2.69,124.0,0.44639999999999996
2016-07-19 07:00:00,20.7,79,16.9,0.0,0.0,2.56,270.0,0.972
2016-07-19 08:00:00,23.0,71,17.4,0.0,0.0,2.91,427.0,1.5372
2016-07-19 09:00:00,25.1,64,17.8,0.0,0.0,3.28,574.0,2.0664
2016-07-19 10:00:00,26.8,59,18.0,0.0,0.0,3.47,699.0,2.5164
2016-07-19 11:00:00,28.0,54,17.8,0.0,0.0,4.04,789.0,2.8404
2016-07-19 12:00:00,28.9,51,17.7,0.0,0.0,4.34,839.0,3.0204
2016-07-19 13:00:00,29.4,49,17.5,0.0,0.0,4.42,843.0,3.0347999999999997
2016-07-19 14:00:00,29.7,47,17.3,0.0,0.0,4.61,802.0,2.8872
2016-07-19 15:00:00,29.8,46,17.1,0.0,0.0,4.68,720.0,2.592
2016-07-19 16:00:00,29.6,47,17.2,0.0,0.0,4.53,603.0,2.1708
2016-07-19 17:00:00,29.0,51,17.9,0.0,0.0,4.17,460.0,1.656
2016-07-19 18:00:00,27.9,58,18.9,0.0,0.0,4.09,305.0,1.0979999999999999
2016-07-19 19:00:00,26.0,60,17.7,0.0,0.0,4.18,156.0,0.5616
2016-07-19 20:00:00,24.2,64,17.0,0.0,0.0,4.4,38.0,0.1368
2016-07-19 21:00:00,23.1,66,16.4,0.0,0.0,4.46,0.0,0.0
2016-07-19 22:00:00,22.4,67,15.9,0.0,0.0,4.46,0.0,0.0
2016-07-19 23:00:00,22.0,68,15.8,0.0,0.0,4.59,0.0,0.0
2016-07-20 00:00:00,21.8,70,16.1,0.0,0.0,4.56,0.0,0.0
2016-07-20 01:00:00,21.5,73,16.5,0.0,0.0,4.36,0.0,0.0
2016-07-20 02:00:00,21.3,75,16.7,0.0,0.0,4.39,0.0,0.0
2016-07-20 03:00:00,21.1,76,16.6,0.0,0.0,4.58,0.0,0.0
2016-07-20 04:00:00,21.0,75,16.4,0.0,0.0,4.74,0.0,0.0
2016-07-20 05:00:00,21.0,75,16.4,0.0,0.0,4.75,18.0,0.0648
2016-07-20 06:00:00,21.7,74,16.9,0.0,0.0,4.73,103.0,0.37079999999999996
2016-07-20 07:00:00,22.5,75,17.8,0.0,0.0,5.1,242.0,0.8712
2016-07-20 08:00:00,22.7,77,18.5,0.0,0.0,5.93,383.0,1.3788
2016-07-20 09:00:00,23.3,75,18.6,0.0,0.0,6.36,539.0,1.9404
2016-07-20 10:00:00,24.6,71,19.0,0.0,0.0,6.58,657.0,2.3651999999999997
2016-07-20 11:00:00,26.7,64,19.3,0.0,0.0,6.4,732.0,2.6351999999999998
2016-07-20 12:00:00,27.9,59,19.2,0.0,0.0,5.87,771.0,2.7756
2016-07-20 13:00:00,28.5,57,19.0,0.0,0.0,5.38,804.0,2.8944
2016-07-20 14:00:00,28.4,50,16.9,0.1,0.0,5.38,794.0,2.8584
2016-07-20 15:00:00,27.5,54,17.3,0.0,0.0,4.68,442.0,1.5912
2016-07-20 16:00:00,27.4,52,16.8,0.0,0.0,4.07,603.0,2.1708
2016-07-20 17:00:00,26.1,57,16.9,0.1,0.0,4.46,354.0,1.2744
2016-07-20 18:00:00,25.8,58,16.8,0.0,0.0,3.94,262.0,0.9431999999999999
2016-07-20 19:00:00,24.6,60,16.4,0.0,0.0,3.96,144.0,0.5184
2016-07-20 20:00:00,22.9,64,15.7,0.0,0.0,4.14,36.0,0.1296
2016-07-20 21:00:00,21.2,68,15.0,0.0,0.0,4.4,0.0,0.0
2016-07-20 22:00:00,19.4,71,14.1,0.0,0.0,3.63,0.0,0.0
2016-07-20 23:00:00,17.9,75,13.4,0.0,0.0,4.03,0.0,0.0
2016-07-21 00:00:00,16.9,78,13.0,0.0,0.0,4.03,0.0,0.0
2016-07-21 01:00:00,16.3,81,13.0,0.0,0.0,3.63,0.0,0.0
2016-07-21 02:00:00,15.9,83,13.0,0.0,0.0,3.21,0.0,0.0
2016-07-21 03:00:00,15.5,85,13.0,0.0,0.0,3.1,0.0,0.0
2016-07-21 04:00:00,15.1,88,13.0,0.0,0.0,2.91,0.0,0.0
2016-07-21 05:00:00,14.8,89,13.1,0.0,0.0,2.81,17.0,0.0612
2016-07-21 06:00:00,16.0,84,13.3,0.0,0.0,2.79,113.0,0.4068
2016-07-21 07:00:00,17.3,83,14.3,0.0,0.0,2.75,193.0,0.6948
2016-07-21 08:00:00,18.7,76,14.4,0.0,0.0,2.48,316.0,1.1376
2016-07-21 09:00:00,19.9,70,14.2,0.1,0.0,2.34,399.0,1.4364
2016-07-21 10:00:00,20.8,64,13.8,0.0,0.0,1.39,464.0,1.6703999999999999
2016-07-21 11:00:00,21.5,60,13.4,0.0,0.0,1.28,503.0,1.8108
2016-07-21 12:00:00,22.1,56,13.0,0.0,0.0,1.2,556.0,2.0016
2016-07-21 13:00:00,22.3,54,12.6,0.0,0.0,1.36,459.0,1.6523999999999999
2016-07-21 14:00:00,22.7,52,12.3,0.0,0.0,1.63,415.0,1.494
2016-07-21 15:00:00,22.6,52,12.4,0.0,0.0,1.66,284.0,1.0224
2016-07-21 16:00:00,22.8,52,12.3,0.0,0.0,1.53,293.0,1.0548
2016-07-21 17:00:00,22.7,52,12.4,0.0,0.0,1.42,176.0,0.6335999999999999
2016-07-21 18:00:00,22.6,52,12.3,0.0,0.0,1.34,192.0,0.6912
2016-07-21 19:00:00,22.3,59,13.8,0.0,0.0,1.04,82.0,0.2952
2016-07-21 20:00:00,21.2,67,14.8,0.0,0.0,1.22,20.0,0.072
2016-07-21 21:00:00,20.2,73,15.2,0.0,0.0,1.32,0.0,0.0
2016-07-21 22:00:00,19.0,81,15.7,0.0,0.0,1.7,0.0,0.0
2016-07-21 23:00:00,18.7,85,16.1,0.0,0.0,1.68,0.0,0.0
2016-07-22 00:00:00,18.2,87,16.0,0.0,0.0,1.5,0.0,0.0
2016-07-22 01:00:00,17.6,90,15.9,0.0,0.0,1.3,0.0,0.0
2016-07-22 02:00:00,17.2,93,16.0,0.0,0.0,1.4,0.0,0.0
2016-07-22 03:00:00,16.7,95,15.9,0.0,0.0,1.41,0.0,0.0
2016-07-22 04:00:00,16.9,95,16.1,0.2,0.0,1.22,0.0,0.0
2016-07-22 05:00:00,16.7,96,16.1,0.0,0.0,1.2,11.0,0.039599999999999996
2016-07-22 06:00:00,17.8,93,16.6,0.0,0.0,1.17,54.0,0.1944
2016-07-22 07:00:00,18.0,91,16.4,0.0,0.0,1.04,75.0,0.27
2016-07-22 08:00:00,18.5,87,16.2,0.0,0.0,1.12,124.0,0.44639999999999996
2016-07-22 09:00:00,19.7,77,15.6,0.0,0.0,1.32,277.0,0.9972
2016-07-22 10:00:00,20.7,70,15.1,0.0,0.0,1.5,443.0,1.5948
2016-07-22 11:00:00,22.1,63,14.8,0.0,0.0,1.43,716.0,2.5776
2016-07-22 12:00:00,22.3,61,14.4,0.0,0.0,1.22,592.0,2.1311999999999998
2016-07-22 13:00:00,22.5,60,14.3,0.0,0.0,0.78,540.0,1.944
2016-07-22 14:00:00,23.0,58,14.2,0.0,0.0,0.57,521.0,1.8756
2016-07-22 15:00:00,23.2,57,14.1,0.0,0.0,0.22,406.0,1.4616
2016-07-22 16:00:00,23.3,56,14.1,0.0,0.0,0.42,426.0,1.5335999999999999
2016-07-22 17:00:00,23.0,58,14.4,0.1,0.0,0.92,373.0,1.3428
2016-07-22 18:00:00,22.6,62,14.9,0.0,0.0,1.5,225.0,0.8099999999999999
2016-07-22 19:00:00,21.8,66,15.3,0.0,0.0,0.92,116.0,0.41759999999999997
2016-07-22 20:00:00,21.0,72,15.8,0.0,0.0,1.3,24.0,0.0864
2016-07-22 21:00:00,20.1,81,16.8,0.0,0.0,1.58,0.0,0.0
2016-07-22 22:00:00,18.9,87,16.7,0.0,0.0,1.6,0.0,0.0
2016-07-22 23:00:00,18.0,91,16.5,0.0,0.0,1.51,0.0,0.0
2016-07-23 00:00:00,17.8,91,16.4,0.0,0.0,1.8,0.0,0.0
2016-07-23 01:00:00,17.5,92,16.1,0.0,0.0,0.98,0.0,0.0
2016-07-23 02:00:00,16.9,94,15.9,0.0,0.0,0.82,0.0,0.0
2016-07-23 03:00:00,16.6,96,15.9,0.0,0.0,0.81,0.0,0.0
2016-07-23 04:00:00,16.2,98,15.9,0.0,0.0,0.81,0.0,0.0
2016-07-23 05:00:00,16.0,98,15.8,0.0,0.0,0.67,15.0,0.054
2016-07-23 06:00:00,16.9,96,16.2,0.0,0.0,0.45,96.0,0.3456
2016-07-23 07:00:00,19.1,85,16.6,0.0,0.0,0.64,258.0,0.9288
2016-07-23 08:00:00,20.8,78,16.8,0.0,0.0,1.2,417.0,1.5011999999999999
2016-07-23 09:00:00,22.3,71,16.8,0.0,0.0,1.58,569.0,2.0484
2016-07-23 10:00:00,23.5,62,15.8,0.1,0.0,1.9,689.0,2.4804
2016-07-23 11:00:00,24.2,57,15.0,0.0,0.0,2.1,669.0,2.4084
2016-07-23 12:00:00,24.2,55,14.7,0.0,0.0,2.22,511.0,1.8396
2016-07-23 13:00:00,24.8,53,14.6,0.0,0.0,2.5,636.0,2.2896
2016-07-23 14:00:00,24.7,53,14.6,0.0,0.0,2.79,511.0,1.8396
2016-07-23 15:00:00,24.7,53,14.6,0.0,0.0,3.07,404.0,1.4544
2016-07-23 16:00:00,24.5,54,14.7,0.0,0.0,3.49,319.0,1.1483999999999999
2016-07-23 17:00:00,24.2,55,14.7,0.0,0.0,3.71,322.0,1.1592
2016-07-23 18:00:00,23.8,57,14.9,0.0,0.0,3.62,254.0,0.9144
2016-07-23 19:00:00,22.6,64,15.6,0.0,0.0,3.36,114.0,0.4104
2016-07-23 20:00:00,20.9,70,15.3,0.0,0.0,3.05,26.0,0.0936
2016-07-23 21:00:00,19.5,76,15.1,0.0,0.0,2.7,0.0,0.0
2016-07-23 22:00:00,18.3,80,14.9,0.0,0.0,2.58,0.0,0.0
2016-07-23 23:00:00,17.5,84,14.8,0.0,0.0,2.41,0.0,0.0
2016-07-24 00:00:00,16.7,87,14.6,0.0,0.0,2.33,0.0,0.0
2016-07-24 01:00:00,16.2,89,14.4,0.0,0.0,2.44,0.0,0.0
2016-07-24 02:00:00,15.6,91,14.1,0.0,0.0,2.28,0.0,0.0
2016-07-24 03:00:00,14.9,92,13.6,0.0,0.0,2.38,0.0,0.0
2016-07-24 04:00:00,14.6,92,13.3,0.0,0.0,2.45,0.0,0.0
2016-07-24 05:00:00,14.6,91,13.2,0.0,0.0,2.15,14.0,0.0504
2016-07-24 06:00:00,16.2,84,13.5,0.0,0.0,2.28,102.0,0.36719999999999997
2016-07-24 07:00:00,17.4,82,14.4,0.0,0.0,2.42,238.0,0.8568
2016-07-24 08:00:00,19.0,76,14.8,0.0,0.0,2.8,358.0,1.2888
2016-07-24 09:00:00,20.4,71,14.9,0.0,0.0,3.72,444.0,1.5984
2016-07-24 10:00:00,21.6,65,14.8,0.1,0.0,4.16,467.0,1.6812
2016-07-24 11:00:00,21.9,65,14.9,0.2,0.0,4.53,385.0,1.386
2016-07-24 12:00:00,21.8,67,15.3,0.1,0.0,4.81,352.0,1.2671999999999999
2016-07-24 13:00:00,21.9,65,15.1,0.0,0.0,4.88,312.0,1.1232
2016-07-24 14:00:00,22.3,64,15.1,0.0,0.0,5.09,378.0,1.3608
2016-07-24 15:00:00,22.6,62,14.9,0.0,0.0,5.37,451.0,1.6236
2016-07-24 16:00:00,22.5,61,14.7,0.0,0.0,5.02,325.0,1.17
2016-07-24 17:00:00,22.1,64,14.9,0.0,0.0,4.95,161.0,0.5796
2016-07-24 18:00:00,21.6,67,15.2,0.0,0.0,4.53,133.0,0.4788
2016-07-24 19:00:00,19.7,81,16.3,0.0,0.0,4.24,59.0,0.2124
2016-07-24 20:00:00,19.1,84,16.2,0.0,0.0,4.03,12.0,0.0432
2016-07-24 21:00:00,18.5,87,16.3,0.0,0.0,4.17,0.0,0.0
2016-07-24 22:00:00,18.3,89,16.5,0.0,0.0,3.5,0.0,0.0
2016-07-24 23:00:00,18.4,90,16.8,0.0,0.0,3.61,0.0,0.0
2016-07-25 00:00:00,18.3,90,16.6,0.0,0.0,3.71,0.0,0.0
2016-07-25 01:00:00,17.9,88,15.8,0.0,0.0,3.74,0.0,0.0
2016-07-25 02:00:00,17.1,84,14.4,0.0,0.0,4.04,0.0,0.0
2016-07-25 03:00:00,16.2,81,13.0,0.0,0.0,3.85,0.0,0.0
2016-07-25 04:00:00,15.1,83,12.2,0.0,0.0,3.83,0.0,0.0
2016-07-25 05:00:00,14.9,84,12.2,0.0,0.0,3.92,11.0,0.039599999999999996
2016-07-25 06:00:00,15.3,82,12.3,0.0,0.0,3.71,62.0,0.22319999999999998
2016-07-25 07:00:00,16.6,79,12.9,0.0,0.0,4.1,108.0,0.3888
2016-07-25 08:00:00,17.5,73,12.6,0.0,0.0,4.12,196.0,0.7056
2016-07-25 09:00:00,18.6,66,12.1,0.0,0.0,3.91,324.0,1.1663999999999999
2016-07-25 10:00:00,19.6,60,11.7,0.0,0.0,3.41,448.0,1.6128
2016-07-25 11:00:00,20.4,55,11.1,0.0,0.0,3.79,544.0,1.9584
2016-07-25 12:00:00,21.1,51,10.5,0.0,0.0,4.08,550.0,1.98
2016-07-25 13:00:00,21.5,48,10.1,0.0,0.0,4.27,460.0,1.656
2016-07-25 14:00:00,21.9,46,9.8,0.0,0.0,4.59,473.0,1.7027999999999999
2016-07-25 15:00:00,22.2,45,9.6,0.0,0.0,4.81,444.0,1.5984
2016-07-25 16:00:00,22.0,46,9.8,0.0,0.0,4.64,295.0,1.062
2016-07-25 17:00:00,21.4,50,10.4,0.0,0.0,4.41,188.0,0.6768
2016-07-25 18:00:00,20.9,53,10.9,0.0,0.0,3.7,149.0,0.5364
2016-07-25 19:00:00,20.3,55,11.0,0.0,0.0,2.8,86.0,0.3096
2016-07-25 20:00:00,19.2,60,11.2,0.0,0.0,2.41,23.0,0.0828
2016-07-25 21:00:00,18.1,66,11.6,0.0,0.0,2.55,0.0,0.0
2016-07-25 22:00:00,17.1,71,11.8,0.0,0.0,3.04,0.0,0.0
2016-07-25 23:00:00,16.3,76,12.0,0.0,0.0,3.01,0.0,0.0
2016-07-26 00:00:00,15.7,79,12.1,0.0,0.0,3.01,0.0,0.0
2016-07-26 01:00:00,14.9,84,12.1,0.0,0.0,2.8,0.0,0.0
2016-07-26 02:00:00,14.2,87,12.1,0.0,0.0,2.6,0.0,0.0
2016-07-26 03:00:00,13.5,91,12.0,0.0,0.0,2.3,0.0,0.0
2016-07-26 04:00:00,12.9,93,11.8,0.0,0.0,2.2,0.0,0.0
2016-07-26 05:00:00,12.7,94,11.8,0.0,0.0,2.2,12.0,0.0432
2016-07-26 06:00:00,14.2,89,12.4,0.0,0.0,2.0,101.0,0.3636
2016-07-26 07:00:00,15.8,85,13.3,0.0,0.0,1.9,236.0,0.8496
2016-07-26 08:00:00,17.3,78,13.5,0.0,0.0,1.82,356.0,1.2816
2016-07-26 09:00:00,18.5,69,12.8,0.0,0.0,1.93,456.0,1.6416
2016-07-26 10:00:00,19.6,63,12.2,0.0,0.0,1.89,510.0,1.8359999999999999
2016-07-26 11:00:00,20.5,57,11.7,0.0,0.0,2.61,536.0,1.9296
2016-07-26 12:00:00,21.0,55,11.5,0.0,0.0,3.09,468.0,1.6847999999999999
2016-07-26 13:00:00,20.6,57,11.7,0.0,0.0,3.62,244.0,0.8784
2016-07-26 14:00:00,20.7,57,12.0,0.0,0.0,3.98,302.0,1.0872
2016-07-26 15:00:00,21.1,56,11.9,0.0,0.0,4.18,362.0,1.3032
2016-07-26 16:00:00,21.1,57,12.2,0.0,0.0,4.27,284.0,1.0224
2016-07-26 17:00:00,20.9,58,12.4,0.0,0.0,3.89,212.0,0.7632
2016-07-26 18:00:00,20.5,62,13.0,0.0,0.0,3.27,126.0,0.4536
2016-07-26 19:00:00,20.1,61,12.4,0.0,0.0,2.88,98.0,0.3528
2016-07-26 20:00:00,19.3,65,12.6,0.0,0.0,3.19,14.0,0.0504
2016-07-26 21:00:00,18.8,69,13.0,0.0,0.0,3.55,0.0,0.0
2016-07-26 22:00:00,18.3,74,13.5,0.0,0.0,3.55,0.0,0.0
2016-07-26 23:00:00,17.9,78,14.0,0.0,0.0,3.68,0.0,0.0
2016-07-27 00:00:00,17.7,80,14.2,0.0,0.0,3.61,0.0,0.0
2016-07-27 01:00:00,17.4,82,14.3,0.0,0.0,3.86,0.0,0.0
2016-07-27 02:00:00,17.2,84,14.4,0.0,0.0,4.14,0.0,0.0
2016-07-27 03:00:00,17.0,85,14.5,0.0,0.0,4.47,0.0,0.0
2016-07-27 04:00:00,16.8,87,14.6,0.0,0.0,4.74,0.0,0.0
2016-07-27 05:00:00,16.6,89,14.7,0.2,0.0,4.82,7.0,0.0252
2016-07-27 06:00:00,16.8,90,15.1,0.3,0.0,4.96,42.0,0.1512
2016-07-27 07:00:00,17.9,87,15.7,0.2,0.0,5.84,83.0,0.2988
2016-07-27 08:00:00,17.9,88,15.8,0.3,0.0,5.04,93.0,0.3348
2016-07-27 09:00:00,18.3,85,15.8,0.2,0.0,4.97,138.0,0.49679999999999996
2016-07-27 10:00:00,18.2,87,16.1,0.2,0.0,5.5,104.0,0.3744
2016-07-27 11:00:00,18.7,84,15.9,0.1,0.0,5.11,136.0,0.4896
2016-07-27 12:00:00,18.9,83,16.0,0.1,0.0,4.49,151.0,0.5436
2016-07-27 13:00:00,19.4,82,16.3,0.0,0.0,4.13,210.0,0.756
2016-07-27 14:00:00,20.4,79,16.7,0.0,0.0,3.98,357.0,1.2852
2016-07-27 15:00:00,21.4,75,16.7,0.0,0.0,3.68,467.0,1.6812
2016-07-27 16:00:00,21.3,74,16.6,0.0,0.0,3.32,336.0,1.2096
2016-07-27 17:00:00,21.3,73,16.3,0.0,0.0,2.92,262.0,0.9431999999999999
2016-07-27 18:00:00,20.6,73,15.6,0.0,0.0,2.4,168.0,0.6048
2016-07-27 19:00:00,20.6,72,15.3,0.1,0.0,1.2,87.0,0.3132
2016-07-27 20:00:00,19.9,75,15.4,0.0,0.0,1.46,14.0,0.0504
2016-07-27 21:00:00,18.7,82,15.5,0.0,0.0,1.3,0.0,0.0
2016-07-27 22:00:00,18.0,85,15.4,0.0,0.0,2.2,0.0,0.0
2016-07-27 23:00:00,17.5,83,14.7,0.0,0.0,2.3,0.0,0.0
2016-07-28 00:00:00,16.8,81,13.5,0.0,0.0,2.38,0.0,0.0
2016-07-28 01:00:00,16.3,78,12.5,0.0,0.0,2.6,0.0,0.0
2016-07-28 02:00:00,15.7,77,11.6,0.0,0.0,2.73,0.0,0.0
2016-07-28 03:00:00,15.1,76,10.9,0.0,0.0,2.95,0.0,0.0
2016-07-28 04:00:00,14.9,74,10.4,0.0,0.0,2.64,0.0,0.0
2016-07-28 05:00:00,14.5,76,10.3,0.0,0.0,2.37,7.0,0.0252
2016-07-28 06:00:00,15.1,73,10.3,0.0,0.0,1.79,68.0,0.2448
2016-07-28 07:00:00,16.1,69,10.5,0.0,0.0,1.28,195.0,0.702
2016-07-28 08:00:00,17.1,65,10.4,0.0,0.0,1.3,278.0,1.0008
2016-07-28 09:00:00,18.1,61,10.4,0.0,0.0,1.41,353.0,1.2708
2016-07-28 10:00:00,19.3,58,11.0,0.0,0.0,1.98,524.0,1.8863999999999999
2016-07-28 11:00:00,20.5,58,11.9,0.0,0.0,3.25,676.0,2.4335999999999998
2016-07-28 12:00:00,21.7,54,11.9,0.0,0.0,4.36,798.0,2.8728
2016-07-28 13:00:00,22.6,52,12.3,0.0,0.0,5.12,689.0,2.4804
2016-07-28 14:00:00,22.0,57,13.2,0.5,0.0,5.73,424.0,1.5264
2016-07-28 15:00:00,20.5,67,14.3,0.0,0.0,4.68,196.0,0.7056
2016-07-28 16:00:00,20.0,72,14.8,0.0,0.0,5.22,160.0,0.576
2016-07-28 17:00:00,19.6,76,15.4,0.1,0.0,5.17,93.0,0.3348
2016-07-28 18:00:00,19.3,80,15.7,0.1,0.0,4.33,54.0,0.1944
2016-07-28 19:00:00,18.9,84,16.1,0.0,0.0,3.82,93.0,0.3348
2016-07-28 20:00:00,18.4,86,16.0,0.0,0.0,3.61,17.0,0.0612
2016-07-28 21:00:00,18.0,88,16.0,0.0,0.0,3.54,0.0,0.0
2016-07-28 22:00:00,17.4,91,15.9,0.0,0.0,3.16,0.0,0.0
2016-07-28 23:00:00,16.9,94,15.9,0.0,0.0,3.5,0.0,0.0
2016-07-29 00:00:00,16.8,94,15.8,0.0,0.0,3.4,0.0,0.0
2016-07-29 01:00:00,16.7,92,15.4,0.0,0.0,3.22,0.0,0.0
2016-07-29 02:00:00,16.5,90,14.8,0.0,0.0,3.11,0.0,0.0
2016-07-29 03:00:00,16.4,87,14.3,0.0,0.0,3.11,0.0,0.0
2016-07-29 04:00:00,16.3,87,14.1,0.0,0.0,3.33,0.0,0.0
2016-07-29 05:00:00,16.1,88,14.1,0.0,0.0,3.61,4.0,0.0144
2016-07-29 06:00:00,16.3,88,14.3,0.0,0.0,4.24,32.0,0.1152
2016-07-29 07:00:00,17.0,90,15.4,0.1,0.0,5.16,76.0,0.2736
2016-07-29 08:00:00,17.8,86,15.5,0.2,0.0,5.14,198.0,0.7128
2016-07-29 09:00:00,19.2,82,16.1,0.0,0.0,4.49,370.0,1.332
2016-07-29 10:00:00,20.3,72,15.1,0.0,0.0,4.11,356.0,1.2816
2016-07-29 11:00:00,19.5,75,14.9,0.2,0.0,4.37,222.0,0.7992
2016-07-29 12:00:00,20.6,71,15.2,0.1,0.0,4.74,510.0,1.8359999999999999
2016-07-29 13:00:00,21.1,69,15.3,0.2,0.0,5.15,525.0,1.89
2016-07-29 14:00:00,21.4,68,15.2,0.3,0.0,5.19,540.0,1.944
2016-07-29 15:00:00,21.2,68,14.9,0.1,0.0,5.06,372.0,1.3392
2016-07-29 16:00:00,20.5,70,14.8,0.3,0.0,5.03,305.0,1.0979999999999999
2016-07-29 17:00:00,20.5,67,14.1,0.2,0.0,4.74,291.0,1.0475999999999999
2016-07-29 18:00:00,20.0,70,14.3,0.0,0.0,3.89,147.0,0.5292
2016-07-29 19:00:00,19.7,68,13.6,0.0,0.0,3.3,62.0,0.22319999999999998
2016-07-29 20:00:00,18.9,71,13.5,0.0,0.0,2.77,11.0,0.039599999999999996
2016-07-29 21:00:00,18.2,74,13.5,0.0,0.0,2.55,0.0,0.0
2016-07-29 22:00:00,17.6,77,13.5,0.0,0.0,2.64,0.0,0.0
2016-07-29 23:00:00,17.0,80,13.4,0.0,0.0,2.51,0.0,0.0
2016-07-30 00:00:00,16.7,81,13.5,0.0,0.0,2.6,0.0,0.0
2016-07-30 01:00:00,16.1,85,13.5,0.0,0.0,2.65,0.0,0.0
2016-07-30 02:00:00,15.7,87,13.6,0.0,0.0,2.4,0.0,0.0
2016-07-30 03:00:00,15.1,90,13.6,0.0,0.0,2.33,0.0,0.0
2016-07-30 04:00:00,14.8,92,13.6,0.0,0.0,2.25,0.0,0.0
2016-07-30 05:00:00,14.7,93,13.6,0.0,0.0,2.2,5.0,0.018
2016-07-30 06:00:00,15.7,88,13.6,0.0,0.0,2.56,54.0,0.1944
2016-07-30 07:00:00,16.1,89,14.2,0.0,0.0,2.37,145.0,0.522
2016-07-30 08:00:00,17.2,83,14.2,0.0,0.0,2.33,234.0,0.8423999999999999
2016-07-30 09:00:00,18.4,78,14.5,0.0,0.0,2.39,338.0,1.2167999999999999
2016-07-30 10:00:00,19.0,75,14.5,0.0,0.0,1.84,353.0,1.2708
2016-07-30 11:00:00,19.7,72,14.5,0.0,0.0,2.13,469.0,1.6884
2016-07-30 12:00:00,20.5,67,14.2,0.0,0.0,2.12,560.0,2.016
2016-07-30 13:00:00,21.1,60,13.0,0.0,0.0,2.42,589.0,2.1204
2016-07-30 14:00:00,21.6,54,11.9,0.0,0.0,2.75,569.0,2.0484
2016-07-30 15:00:00,22.1,51,11.4,0.0,0.0,2.66,551.0,1.9836
2016-07-30 16:00:00,21.9,48,10.5,0.0,0.0,2.56,335.0,1.206
2016-07-30 17:00:00,21.8,48,10.2,0.0,0.0,2.62,259.0,0.9324
2016-07-30 18:00:00,21.4,50,10.4,0.0,0.0,2.41,186.0,0.6696
2016-07-30 19:00:00,19.9,55,10.6,0.0,0.0,2.33,70.0,0.252
2016-07-30 20:00:00,18.7,59,10.5,0.0,0.0,2.24,17.0,0.0612
2016-07-30 21:00:00,17.8,63,10.5,0.0,0.0,2.25,0.0,0.0
2016-07-30 22:00:00,17.0,66,10.6,0.0,0.0,2.28,0.0,0.0
2016-07-30 23:00:00,16.2,70,10.7,0.0,0.0,2.5,0.0,0.0
2016-07-31 00:00:00,15.9,71,10.7,0.0,0.0,2.14,0.0,0.0
2016-07-31 01:00:00,15.3,73,10.6,0.0,0.0,2.24,0.0,0.0
2016-07-31 02:00:00,14.8,75,10.5,0.0,0.0,2.09,0.0,0.0
2016-07-31 03:00:00,14.5,76,10.4,0.0,0.0,1.99,0.0,0.0
2016-07-31 04:00:00,14.2,77,10.3,0.0,0.0,1.93,0.0,0.0
2016-07-31 05:00:00,14.0,79,10.4,0.0,0.0,2.11,5.0,0.018
2016-07-31 06:00:00,14.2,79,10.7,0.0,0.0,2.34,67.0,0.2412
2016-07-31 07:00:00,15.0,79,11.5,0.0,0.0,2.64,187.0,0.6732
2016-07-31 08:00:00,16.3,74,11.6,0.0,0.0,2.55,376.0,1.3536
2016-07-31 09:00:00,17.7,65,11.0,0.0,0.0,3.08,505.0,1.818
2016-07-31 10:00:00,18.6,58,10.3,0.0,0.0,2.68,525.0,1.89
2016-07-31 11:00:00,19.3,54,9.8,0.1,0.0,3.2,588.0,2.1168
2016-07-31 12:00:00,19.9,51,9.4,0.2,0.0,3.42,540.0,1.944
2016-07-31 13:00:00,20.2,50,9.5,0.0,0.0,3.37,517.0,1.8612
2016-07-31 14:00:00,20.1,51,9.6,0.0,0.0,3.57,379.0,1.3644
2016-07-31 15:00:00,20.3,50,9.6,0.0,0.0,3.98,417.0,1.5011999999999999
2016-07-31 16:00:00,20.4,50,9.6,0.0,0.0,3.85,385.0,1.386
2016-07-31 17:00:00,20.2,50,9.5,0.0,0.0,3.35,287.0,1.0332
2016-07-31 18:00:00,19.7,53,9.8,0.0,0.0,2.45,136.0,0.4896
2016-07-31 19:00:00,18.9,55,9.8,0.0,0.0,1.92,61.0,0.2196
2016-07-31 20:00:00,17.9,60,10.1,0.0,0.0,1.7,12.0,0.0432
2016-07-31 21:00:00,16.9,65,10.2,0.0,0.0,2.0,0.0,0.0
2016-07-31 22:00:00,16.1,68,10.3,0.0,0.0,2.61,0.0,0.0
2016-07-31 23:00:00,15.5,71,10.3,0.0,0.0,2.82,0.0,0.0
2016-08-01 00:00:00,15.1,72,10.1,0.0,0.0,2.68,0.0,0.0
2016-08-01 01:00:00,14.1,76,10.0,0.0,0.0,2.56,0.0,0.0
2016-08-01 02:00:00,13.6,78,9.9,0.0,0.0,2.51,0.0,0.0
2016-08-01 03:00:00,13.1,81,10.0,0.0,0.0,2.42,0.0,0.0
2016-08-01 04:00:00,12.2,86,9.9,0.0,0.0,2.02,0.0,0.0
2016-08-01 05:00:00,11.7,89,10.0,0.0,0.0,1.82,6.0,0.0216
2016-08-01 06:00:00,13.1,85,10.6,0.0,0.0,1.9,74.0,0.26639999999999997
2016-08-01 07:00:00,14.7,80,11.2,0.0,0.0,1.81,154.0,0.5544
2016-08-01 08:00:00,15.8,75,11.4,0.0,0.0,1.84,252.0,0.9072
2016-08-01 09:00:00,16.9,68,11.0,0.0,0.0,2.46,332.0,1.1952
2016-08-01 10:00:00,17.2,66,10.8,0.0,0.0,2.42,281.0,1.0116
2016-08-01 11:00:00,17.9,62,10.4,0.0,0.0,2.97,386.0,1.3896
2016-08-01 12:00:00,18.0,62,10.6,0.0,0.0,3.41,345.0,1.242
2016-08-01 13:00:00,17.8,64,10.9,0.2,0.0,3.56,357.0,1.2852
2016-08-01 14:00:00,17.2,68,11.3,0.1,0.0,3.54,245.0,0.882
2016-08-01 15:00:00,16.8,70,11.2,0.2,0.0,3.47,205.0,0.738
2016-08-01 16:00:00,15.9,78,12.2,0.4,0.0,3.2,57.0,0.2052
2016-08-01 17:00:00,15.8,81,12.5,0.4,0.0,3.4,97.0,0.3492
2016-08-01 18:00:00,15.1,90,13.4,0.5,0.0,3.64,33.0,0.1188
2016-08-01 19:00:00,14.6,91,13.2,0.9,0.0,3.52,11.0,0.039599999999999996
2016-08-01 20:00:00,14.5,92,13.2,1.5,0.0,3.8,2.0,0.0072
2016-08-01 21:00:00,14.4,93,13.2,1.7,0.0,4.11,0.0,0.0
2016-08-01 22:00:00,14.4,93,13.2,2.9,0.0,4.49,0.0,0.0
2016-08-01 23:00:00,14.4,92,13.2,3.9,0.0,5.22,0.0,0.0
2016-08-02 00:00:00,14.6,92,13.4,3.0,0.0,5.41,0.0,0.0
2016-08-02 01:00:00,14.8,94,13.8,3.1,0.0,4.9,0.0,0.0
2016-08-02 02:00:00,15.3,97,14.7,1.4,0.0,4.2,0.0,0.0
2016-08-02 03:00:00,16.2,97,15.6,0.5,0.0,4.69,0.0,0.0
2016-08-02 04:00:00,16.7,95,15.9,0.0,0.0,5.08,0.0,0.0
2016-08-02 05:00:00,16.6,95,15.9,0.2,0.0,4.96,0.0,0.0
2016-08-02 06:00:00,16.7,95,16.0,0.0,0.0,4.81,6.0,0.0216
2016-08-02 07:00:00,16.8,96,16.2,0.1,0.0,4.53,21.0,0.0756
2016-08-02 08:00:00,17.1,96,16.4,0.0,0.0,4.31,35.0,0.126
2016-08-02 09:00:00,17.4,96,16.7,0.0,0.0,4.18,41.0,0.1476
2016-08-02 10:00:00,18.0,93,16.8,0.0,0.0,4.12,53.0,0.1908
2016-08-02 11:00:00,18.5,91,17.0,0.0,0.0,4.67,73.0,0.2628
2016-08-02 12:00:00,18.7,91,17.2,0.0,0.0,5.24,62.0,0.22319999999999998
2016-08-02 13:00:00,19.1,90,17.5,0.1,0.0,6.05,82.0,0.2952
2016-08-02 14:00:00,18.9,92,17.5,0.0,0.0,4.98,59.0,0.2124
2016-08-02 15:00:00,19.1,91,17.6,0.0,0.0,4.84,76.0,0.2736
2016-08-02 16:00:00,19.2,90,17.6,0.0,0.0,5.3,60.0,0.216
2016-08-02 17:00:00,19.4,90,17.7,0.0,0.0,5.82,69.0,0.24839999999999998
2016-08-02 18:00:00,19.3,90,17.7,0.0,0.0,5.02,50.0,0.18
2016-08-02 19:00:00,19.8,90,18.0,0.0,0.0,4.81,47.0,0.1692
2016-08-02 20:00:00,19.2,92,17.9,0.0,0.0,4.81,5.0,0.018
2016-08-02 21:00:00,18.7,94,17.7,0.0,0.0,5.03,0.0,0.0
2016-08-02 22:00:00,18.3,95,17.4,0.0,0.0,5.25,0.0,0.0
2016-08-02 23:00:00,18.1,95,17.2,0.0,0.0,5.52,0.0,0.0
2016-08-03 00:00:00,18.0,95,17.1,0.0,0.0,5.59,0.0,0.0
2016-08-03 01:00:00,18.0,94,17.1,0.0,0.0,5.73,0.0,0.0
2016-08-03 02:00:00,18.1,94,17.2,0.0,0.0,5.66,0.0,0.0
2016-08-03 03:00:00,18.1,94,17.2,0.0,0.0,5.8,0.0,0.0
2016-08-03 04:00:00,18.1,94,17.1,0.0,0.0,5.45,0.0,0.0
2016-08-03 05:00:00,18.2,93,17.0,0.0,0.0,5.26,1.0,0.0036
2016-08-03 06:00:00,18.3,91,16.8,0.0,0.0,5.19,15.0,0.054
2016-08-03 07:00:00,18.6,89,16.8,0.0,0.0,4.83,62.0,0.22319999999999998
2016-08-03 08:00:00,18.9,81,15.6,0.0,0.0,5.16,135.0,0.486
2016-08-03 09:00:00,19.5,76,15.2,0.0,0.0,5.75,287.0,1.0332
2016-08-03 10:00:00,20.5,71,15.0,0.0,0.0,6.27,505.0,1.818
2016-08-03 11:00:00,21.0,66,14.4,0.0,0.0,7.0,524.0,1.8863999999999999
2016-08-03 12:00:00,21.3,63,13.9,0.0,0.0,7.38,491.0,1.7676
2016-08-03 13:00:00,21.2,61,13.5,0.0,0.0,7.57,407.0,1.4652
2016-08-03 14:00:00,21.7,59,13.2,0.0,0.0,7.49,463.0,1.6668
2016-08-03 15:00:00,21.8,58,13.2,0.0,0.0,7.77,439.0,1.5804
2016-08-03 16:00:00,21.5,59,13.1,0.0,0.0,7.32,412.0,1.4831999999999999
2016-08-03 17:00:00,20.9,61,13.2,0.0,0.0,6.71,268.0,0.9648
2016-08-03 18:00:00,20.1,66,13.5,0.0,0.0,6.48,176.0,0.6335999999999999
2016-08-03 19:00:00,19.1,71,13.7,0.0,0.0,6.4,92.0,0.3312
2016-08-03 20:00:00,17.9,76,13.7,0.0,0.0,6.26,11.0,0.039599999999999996
2016-08-03 21:00:00,17.2,79,13.6,0.0,0.0,6.42,0.0,0.0
2016-08-03 22:00:00,16.7,80,13.2,0.0,0.0,6.48,0.0,0.0
2016-08-03 23:00:00,16.3,80,12.8,0.0,0.0,6.46,0.0,0.0
2016-08-04 00:00:00,16.1,79,12.4,0.0,0.0,6.46,0.0,0.0
2016-08-04 01:00:00,16.1,78,12.3,0.0,0.0,6.46,0.0,0.0
2016-08-04 02:00:00,15.9,78,12.2,0.0,0.0,6.41,0.0,0.0
2016-08-04 03:00:00,15.7,79,12.1,0.0,0.0,6.19,0.0,0.0
2016-08-04 04:00:00,15.4,80,11.9,0.0,0.0,5.91,0.0,0.0
2016-08-04 05:00:00,14.9,82,11.9,0.0,0.0,5.69,4.0,0.0144
2016-08-04 06:00:00,15.2,83,12.3,0.0,0.0,5.16,74.0,0.26639999999999997
2016-08-04 07:00:00,16.3,79,12.6,0.0,0.0,6.93,198.0,0.7128
2016-08-04 08:00:00,17.3,73,12.4,0.0,0.0,7.06,299.0,1.0764
2016-08-04 09:00:00,18.3,66,11.9,0.0,0.0,6.71,365.0,1.314
2016-08-04 10:00:00,18.9,63,11.6,0.0,0.0,5.63,412.0,1.4831999999999999
2016-08-04 11:00:00,19.4,61,11.7,0.0,0.0,5.8,441.0,1.5876
2016-08-04 12:00:00,20.2,58,11.5,0.2,0.0,5.76,607.0,2.1852
2016-08-04 13:00:00,20.9,54,11.2,0.1,0.0,5.82,646.0,2.3256
2016-08-04 14:00:00,20.8,54,11.1,0.1,0.0,6.2,527.0,1.8972
2016-08-04 15:00:00,20.5,55,11.1,0.0,0.0,6.09,405.0,1.458
2016-08-04 16:00:00,20.1,56,11.2,0.0,0.0,6.0,305.0,1.0979999999999999
2016-08-04 17:00:00,19.9,58,11.3,0.0,0.0,5.6,261.0,0.9396
2016-08-04 18:00:00,19.2,61,11.6,0.0,0.0,4.51,189.0,0.6804
2016-08-04 19:00:00,18.4,65,11.7,0.0,0.0,3.91,63.0,0.2268
2016-08-04 20:00:00,17.6,69,11.8,0.0,0.0,3.81,7.0,0.0252
2016-08-04 21:00:00,16.7,74,12.1,0.0,0.0,3.81,0.0,0.0
2016-08-04 22:00:00,16.1,78,12.2,0.0,0.0,3.6,0.0,0.0
2016-08-04 23:00:00,15.5,82,12.3,0.0,0.0,3.49,0.0,0.0
2016-08-05 00:00:00,15.0,84,12.4,0.0,0.0,2.72,0.0,0.0
2016-08-05 01:00:00,14.4,88,12.4,0.0,0.0,2.22,0.0,0.0
2016-08-05 02:00:00,13.9,90,12.3,0.0,0.0,2.9,0.0,0.0
2016-08-05 03:00:00,13.5,92,12.1,0.0,0.0,3.0,0.0,0.0
2016-08-05 04:00:00,13.2,92,11.9,0.0,0.0,3.21,0.0,0.0
2016-08-05 05:00:00,12.9,93,11.8,0.0,0.0,2.79,4.0,0.0144
2016-08-05 06:00:00,13.8,90,12.2,0.0,0.0,2.53,79.0,0.2844
2016-08-05 07:00:00,15.7,85,13.2,0.0,0.0,2.94,199.0,0.7163999999999999
2016-08-05 08:00:00,16.6,79,12.8,0.0,0.0,2.64,326.0,1.1736
2016-08-05 09:00:00,17.8,71,12.6,0.0,0.0,2.69,459.0,1.6523999999999999
2016-08-05 10:00:00,18.9,66,12.5,0.0,0.0,2.41,585.0,2.106
2016-08-05 11:00:00,20.0,60,12.1,0.0,0.0,2.7,673.0,2.4228
2016-08-05 12:00:00,21.0,55,11.7,0.0,0.0,2.8,763.0,2.7468
2016-08-05 13:00:00,21.7,52,11.5,0.0,0.0,2.82,725.0,2.61
2016-08-05 14:00:00,22.4,49,11.3,0.0,0.0,3.03,622.0,2.2392
2016-08-05 15:00:00,22.5,49,11.2,0.0,0.0,3.06,543.0,1.9547999999999999
2016-08-05 16:00:00,21.5,54,11.9,0.0,0.0,3.42,226.0,0.8136
2016-08-05 17:00:00,21.0,58,12.4,0.1,0.0,3.54,233.0,0.8388
2016-08-05 18:00:00,20.3,63,13.1,0.0,0.0,3.07,161.0,0.5796
2016-08-05 19:00:00,19.7,65,13.0,0.0,0.0,2.91,64.0,0.2304
2016-08-05 20:00:00,18.5,71,13.1,0.0,0.0,3.14,10.0,0.036
2016-08-05 21:00:00,17.3,76,13.0,0.0,0.0,3.54,0.0,0.0
2016-08-05 22:00:00,16.4,78,12.5,0.0,0.0,3.89,0.0,0.0
2016-08-05 23:00:00,15.6,79,12.1,0.0,0.0,4.04,0.0,0.0
2016-08-06 00:00:00,14.8,82,11.8,0.0,0.0,3.71,0.0,0.0
2016-08-06 01:00:00,14.2,85,11.8,0.0,0.0,3.3,0.0,0.0
2016-08-06 02:00:00,13.7,88,11.8,0.0,0.0,3.11,0.0,0.0
2016-08-06 03:00:00,13.2,90,11.7,0.0,0.0,2.92,0.0,0.0
2016-08-06 04:00:00,13.0,91,11.6,0.0,0.0,2.75,0.0,0.0
2016-08-06 05:00:00,12.7,92,11.5,0.0,0.0,2.75,3.0,0.0108
2016-08-06 06:00:00,13.6,90,11.9,0.0,0.0,2.86,74.0,0.26639999999999997
2016-08-06 07:00:00,15.8,84,13.0,0.0,0.0,2.72,214.0,0.7704
2016-08-06 08:00:00,17.4,77,13.4,0.0,0.0,2.53,373.0,1.3428
2016-08-06 09:00:00,19.0,70,13.3,0.0,0.0,2.14,530.0,1.908
2016-08-06 10:00:00,20.3,63,13.0,0.0,0.0,1.82,660.0,2.376
2016-08-06 11:00:00,21.4,57,12.5,0.0,0.0,2.01,750.0,2.6999999999999997
2016-08-06 12:00:00,22.4,51,11.8,0.0,0.0,2.42,759.0,2.7323999999999997
2016-08-06 13:00:00,22.9,49,11.6,0.0,0.0,2.82,601.0,2.1635999999999997
2016-08-06 14:00:00,23.3,48,11.8,0.0,0.0,3.3,557.0,2.0052
2016-08-06 15:00:00,23.7,48,11.9,0.0,0.0,3.61,509.0,1.8324
2016-08-06 16:00:00,23.7,48,12.1,0.0,0.0,3.86,411.0,1.4796
2016-08-06 17:00:00,23.7,49,12.5,0.0,0.0,4.19,312.0,1.1232
2016-08-06 18:00:00,22.8,55,13.4,0.0,0.0,3.83,199.0,0.7163999999999999
2016-08-06 19:00:00,20.9,66,14.3,0.0,0.0,3.8,104.0,0.3744
2016-08-06 20:00:00,19.3,72,14.2,0.0,0.0,3.94,11.0,0.039599999999999996
2016-08-06 21:00:00,18.2,77,14.2,0.0,0.0,4.12,0.0,0.0
2016-08-06 22:00:00,17.4,83,14.4,0.0,0.0,4.47,0.0,0.0
2016-08-06 23:00:00,16.8,88,14.8,0.0,0.0,4.5,0.0,0.0
2016-08-07 00:00:00,16.6,92,15.3,0.0,0.0,4.56,0.0,0.0
2016-08-07 01:00:00,16.8,91,15.2,0.0,0.0,4.82,0.0,0.0
2016-08-07 02:00:00,17.3,85,14.8,0.0,0.0,5.02,0.0,0.0
2016-08-07 03:00:00,17.5,83,14.5,0.0,0.0,5.03,0.0,0.0
2016-08-07 04:00:00,17.6,84,14.9,0.0,0.0,4.96,0.0,0.0
2016-08-07 05:00:00,17.8,86,15.4,0.0,0.0,5.03,1.0,0.0036
2016-08-07 06:00:00,18.1,87,16.0,0.0,0.0,4.95,24.0,0.0864
2016-08-07 07:00:00,19.1,88,17.0,0.0,0.0,6.55,80.0,0.288
2016-08-07 08:00:00,20.1,82,17.0,0.0,0.0,6.62,163.0,0.5868
2016-08-07 09:00:00,20.9,77,16.8,0.0,0.0,6.49,231.0,0.8316
2016-08-07 10:00:00,21.4,75,16.7,0.0,0.0,5.77,279.0,1.0044
2016-08-07 11:00:00,21.9,72,16.7,0.0,0.0,6.14,393.0,1.4148
2016-08-07 12:00:00,22.5,69,16.5,0.0,0.0,6.44,538.0,1.9367999999999999
2016-08-07 13:00:00,23.1,66,16.3,0.0,0.0,6.81,675.0,2.4299999999999997
2016-08-07 14:00:00,23.0,63,15.6,0.0,0.0,6.94,636.0,2.2896
2016-08-07 15:00:00,22.8,60,14.8,0.0,0.0,6.63,550.0,1.98
2016-08-07 16:00:00,22.3,59,13.8,0.0,0.0,6.58,474.0,1.7064
2016-08-07 17:00:00,21.5,58,12.8,0.0,0.0,6.36,378.0,1.3608
2016-08-07 18:00:00,20.3,59,11.9,0.0,0.0,5.8,244.0,0.8784
2016-08-07 19:00:00,19.6,60,11.6,0.0,0.0,5.47,107.0,0.3852
2016-08-07 20:00:00,18.2,63,11.1,0.0,0.0,5.54,10.0,0.036
2016-08-07 21:00:00,17.2,67,11.0,0.0,0.0,5.73,0.0,0.0
2016-08-07 22:00:00,16.3,71,11.1,0.0,0.0,5.98,0.0,0.0
2016-08-07 23:00:00,15.7,75,11.3,0.0,0.0,6.17,0.0,0.0
2016-08-08 00:00:00,15.3,79,11.6,0.0,0.0,6.14,0.0,0.0
2016-08-08 01:00:00,15.1,82,12.1,0.0,0.0,5.79,0.0,0.0
2016-08-08 02:00:00,15.2,84,12.5,0.0,0.0,5.63,0.0,0.0
2016-08-08 03:00:00,15.1,85,12.7,0.0,0.0,5.47,0.0,0.0
2016-08-08 04:00:00,14.7,87,12.6,0.0,0.0,5.11,0.0,0.0
2016-08-08 05:00:00,14.3,88,12.3,0.0,0.0,4.82,3.0,0.0108
2016-08-08 06:00:00,14.6,83,11.7,0.0,0.0,4.37,75.0,0.27
2016-08-08 07:00:00,15.2,69,9.5,0.0,0.0,5.29,194.0,0.6984
2016-08-08 08:00:00,15.9,64,9.2,0.0,0.0,5.25,367.0,1.3212
2016-08-08 09:00:00,16.9,59,8.9,0.0,0.0,5.22,505.0,1.818
2016-08-08 10:00:00,18.1,53,8.5,0.0,0.0,5.15,631.0,2.2716
2016-08-08 11:00:00,18.8,49,8.0,0.0,0.0,5.19,633.0,2.2788
2016-08-08 12:00:00,19.1,47,7.6,0.0,0.0,5.25,506.0,1.8215999999999999
2016-08-08 13:00:00,19.2,47,7.6,0.0,0.0,5.35,445.0,1.6019999999999999
2016-08-08 14:00:00,19.5,46,7.4,0.0,0.0,5.1,508.0,1.8288
2016-08-08 15:00:00,19.3,46,7.2,0.0,0.0,4.88,358.0,1.2888
2016-08-08 16:00:00,19.2,45,7.0,0.0,0.0,4.66,296.0,1.0655999999999999
2016-08-08 17:00:00,18.9,46,7.0,0.0,0.0,4.11,207.0,0.7452
2016-08-08 18:00:00,18.4,50,7.6,0.0,0.0,3.71,157.0,0.5652
2016-08-08 19:00:00,17.5,53,7.8,0.0,0.0,3.34,68.0,0.2448
2016-08-08 20:00:00,16.6,55,7.4,0.0,0.0,2.9,6.0,0.0216
2016-08-08 21:00:00,15.7,58,7.3,0.0,0.0,2.69,0.0,0.0
2016-08-08 22:00:00,14.8,60,7.2,0.0,0.0,3.36,0.0,0.0
2016-08-08 23:00:00,14.2,62,6.9,0.0,0.0,2.97,0.0,0.0
2016-08-09 00:00:00,13.5,64,6.9,0.0,0.0,2.58,0.0,0.0
2016-08-09 01:00:00,12.7,69,7.2,0.0,0.0,2.91,0.0,0.0
2016-08-09 02:00:00,12.2,72,7.4,0.0,0.0,3.18,0.0,0.0
2016-08-09 03:00:00,11.8,75,7.6,0.0,0.0,3.52,0.0,0.0
2016-08-09 04:00:00,11.4,78,7.7,0.0,0.0,3.64,0.0,0.0
2016-08-09 05:00:00,11.0,81,7.8,0.0,0.0,3.62,2.0,0.0072
2016-08-09 06:00:00,11.6,80,8.2,0.0,0.0,3.68,73.0,0.2628
2016-08-09 07:00:00,12.9,77,9.0,0.0,0.0,4.11,215.0,0.774
2016-08-09 08:00:00,14.1,69,8.6,0.0,0.0,4.27,372.0,1.3392
2016-08-09 09:00:00,15.3,63,8.2,0.0,0.0,3.91,516.0,1.8576
2016-08-09 10:00:00,16.4,57,7.7,0.0,0.0,3.28,628.0,2.2608
2016-08-09 11:00:00,17.4,52,7.3,0.0,0.0,3.47,725.0,2.61
2016-08-09 12:00:00,18.5,45,6.4,0.0,0.0,4.19,685.0,2.4659999999999997
2016-08-09 13:00:00,18.7,44,6.3,0.0,0.0,4.44,463.0,1.6668
2016-08-09 14:00:00,18.1,49,7.1,0.0,0.0,4.24,274.0,0.9863999999999999
2016-08-09 15:00:00,17.6,52,7.7,0.0,0.0,4.12,277.0,0.9972
2016-08-09 16:00:00,17.6,52,7.5,0.0,0.0,4.43,321.0,1.1556
2016-08-09 17:00:00,17.3,53,7.6,0.0,0.0,4.72,239.0,0.8603999999999999
2016-08-09 18:00:00,16.7,56,7.8,0.0,0.0,4.46,141.0,0.5075999999999999
2016-08-09 19:00:00,16.3,56,7.6,0.0,0.0,3.66,57.0,0.2052
2016-08-09 20:00:00,15.3,58,7.1,0.0,0.0,3.72,6.0,0.0216
2016-08-09 21:00:00,14.5,59,6.7,0.0,0.0,3.91,0.0,0.0
2016-08-09 22:00:00,13.6,63,6.7,0.0,0.0,3.61,0.0,0.0
2016-08-09 23:00:00,12.7,68,7.0,0.0,0.0,3.62,0.0,0.0
2016-08-10 00:00:00,12.0,73,7.3,0.0,0.0,3.66,0.0,0.0
2016-08-10 01:00:00,11.7,75,7.4,0.0,0.0,3.77,0.0,0.0
2016-08-10 02:00:00,11.3,78,7.5,0.0,0.0,3.77,0.0,0.0
2016-08-10 03:00:00,11.1,79,7.6,0.0,0.0,3.69,0.0,0.0
2016-08-10 04:00:00,10.7,82,7.8,0.0,0.0,3.69,0.0,0.0
2016-08-10 05:00:00,10.6,84,8.0,0.0,0.0,3.58,2.0,0.0072
2016-08-10 06:00:00,11.2,83,8.5,0.0,0.0,3.58,64.0,0.2304
2016-08-10 07:00:00,12.4,81,9.3,0.0,0.0,3.94,138.0,0.49679999999999996
2016-08-10 08:00:00,14.0,73,9.1,0.0,0.0,4.62,286.0,1.0296
2016-08-10 09:00:00,14.8,67,8.7,0.0,0.0,4.28,310.0,1.1159999999999999
2016-08-10 10:00:00,15.9,60,8.1,0.1,0.0,3.83,513.0,1.8468
2016-08-10 11:00:00,16.5,56,7.8,0.0,0.0,3.62,465.0,1.674
2016-08-10 12:00:00,17.2,53,7.5,0.0,0.0,3.48,522.0,1.8792
2016-08-10 13:00:00,17.8,50,7.3,0.0,0.0,3.39,505.0,1.818
2016-08-10 14:00:00,17.7,50,7.2,0.0,0.0,3.72,339.0,1.2204
2016-08-10 15:00:00,18.2,49,7.3,0.0,0.0,3.58,451.0,1.6236
2016-08-10 16:00:00,18.2,48,7.0,0.0,0.0,3.33,301.0,1.0836
2016-08-10 17:00:00,17.8,49,7.1,0.0,0.0,2.95,175.0,0.63
2016-08-10 18:00:00,17.5,53,7.9,0.0,0.0,2.31,114.0,0.4104
2016-08-10 19:00:00,17.3,57,8.6,0.0,0.0,2.24,54.0,0.1944
2016-08-10 20:00:00,16.2,61,8.8,0.0,0.0,2.5,4.0,0.0144
2016-08-10 21:00:00,15.4,65,8.9,0.0,0.0,2.91,0.0,0.0
2016-08-10 22:00:00,15.1,68,9.1,0.0,0.0,3.18,0.0,0.0
2016-08-10 23:00:00,15.0,70,9.6,0.0,0.0,3.23,0.0,0.0
2016-08-11 00:00:00,15.1,72,10.2,0.0,0.0,3.45,0.0,0.0
2016-08-11 01:00:00,15.0,76,10.8,0.0,0.0,3.49,0.0,0.0
2016-08-11 02:00:00,14.8,80,11.3,0.0,0.0,3.63,0.0,0.0
2016-08-11 03:00:00,14.6,82,11.5,0.2,0.0,3.82,0.0,0.0
2016-08-11 04:00:00,14.3,84,11.6,0.0,0.0,3.52,0.0,0.0
2016-08-11 05:00:00,14.1,85,11.6,0.0,0.0,3.67,0.0,0.0
2016-08-11 06:00:00,14.2,85,11.7,0.0,0.0,3.85,15.0,0.054
2016-08-11 07:00:00,14.5,87,12.3,0.6,0.0,3.88,49.0,0.1764
2016-08-11 08:00:00,14.8,84,12.2,0.0,0.0,4.71,103.0,0.37079999999999996
2016-08-11 09:00:00,15.9,76,11.6,0.0,0.0,5.01,250.0,0.9
2016-08-11 10:00:00,17.4,69,11.5,0.0,0.0,4.77,414.0,1.4904
2016-08-11 11:00:00,18.6,66,12.1,0.0,0.0,4.98,402.0,1.4472
2016-08-11 12:00:00,19.0,66,12.5,0.0,0.0,5.7,279.0,1.0044
2016-08-11 13:00:00,19.4,66,12.9,0.0,0.0,6.04,268.0,0.9648
2016-08-11 14:00:00,19.9,66,13.2,0.0,0.0,6.2,310.0,1.1159999999999999
2016-08-11 15:00:00,20.0,65,13.3,0.0,0.0,6.2,238.0,0.8568
2016-08-11 16:00:00,19.8,67,13.4,0.0,0.0,5.85,153.0,0.5508
2016-08-11 17:00:00,19.9,67,13.6,0.0,0.0,5.15,138.0,0.49679999999999996
2016-08-11 18:00:00,19.9,68,13.8,0.0,0.0,5.04,93.0,0.3348
2016-08-11 19:00:00,19.9,70,14.4,0.0,0.0,4.81,41.0,0.1476
2016-08-11 20:00:00,19.0,74,14.3,0.0,0.0,4.37,3.0,0.0108
2016-08-11 21:00:00,18.4,77,14.3,0.0,0.0,4.14,0.0,0.0
2016-08-11 22:00:00,17.5,81,14.2,0.0,0.0,4.2,0.0,0.0
2016-08-11 23:00:00,16.8,84,14.1,0.0,0.0,4.0,0.0,0.0
2016-08-12 00:00:00,16.6,85,14.0,0.0,0.0,4.12,0.0,0.0
2016-08-12 01:00:00,16.7,84,13.9,0.0,0.0,3.95,0.0,0.0
2016-08-12 02:00:00,16.6,84,13.8,0.0,0.0,3.73,0.0,0.0
2016-08-12 03:00:00,16.5,84,13.8,0.0,0.0,3.51,0.0,0.0
2016-08-12 04:00:00,16.3,85,13.7,0.0,0.0,3.4,0.0,0.0
2016-08-12 05:00:00,16.1,86,13.7,0.0,0.0,3.21,1.0,0.0036
2016-08-12 06:00:00,16.2,87,13.9,0.0,0.0,3.28,41.0,0.1476
2016-08-12 07:00:00,16.6,85,14.2,0.0,0.0,3.42,194.0,0.6984
2016-08-12 08:00:00,18.2,80,14.6,0.0,0.0,3.57,353.0,1.2708
2016-08-12 09:00:00,19.8,74,15.0,0.0,0.0,3.86,505.0,1.818
2016-08-12 10:00:00,21.3,66,14.8,0.0,0.0,3.98,605.0,2.178
2016-08-12 11:00:00,22.2,62,14.5,0.0,0.0,4.57,711.0,2.5596
2016-08-12 12:00:00,22.9,57,14.0,0.0,0.0,4.96,768.0,2.7648
2016-08-12 13:00:00,23.6,53,13.6,0.0,0.0,5.05,792.0,2.8512
2016-08-12 14:00:00,24.0,51,13.3,0.0,0.0,5.23,752.0,2.7072
2016-08-12 15:00:00,24.2,50,13.2,0.0,0.0,5.52,664.0,2.3904
2016-08-12 16:00:00,23.9,52,13.3,0.0,0.0,5.57,539.0,1.9404
2016-08-12 17:00:00,23.2,54,13.3,0.0,0.0,5.5,389.0,1.4003999999999999
2016-08-12 18:00:00,22.2,58,13.6,0.0,0.0,5.0,230.0,0.828
2016-08-12 19:00:00,20.8,62,13.1,0.0,0.0,4.68,85.0,0.306
2016-08-12 20:00:00,19.2,66,12.7,0.0,0.0,4.75,5.0,0.018
2016-08-12 21:00:00,17.9,70,12.3,0.0,0.0,4.72,0.0,0.0
2016-08-12 22:00:00,16.7,73,11.9,0.0,0.0,4.75,0.0,0.0
2016-08-12 23:00:00,15.9,76,11.7,0.0,0.0,4.59,0.0,0.0
2016-08-13 00:00:00,15.2,79,11.6,0.0,0.0,4.37,0.0,0.0
2016-08-13 01:00:00,14.8,81,11.7,0.0,0.0,4.46,0.0,0.0
2016-08-13 02:00:00,14.6,84,11.9,0.0,0.0,4.37,0.0,0.0
2016-08-13 03:00:00,14.5,85,12.1,0.0,0.0,4.31,0.0,0.0
2016-08-13 04:00:00,14.2,88,12.3,0.0,0.0,4.14,0.0,0.0
2016-08-13 05:00:00,13.9,91,12.4,0.0,0.0,4.18,1.0,0.0036
2016-08-13 06:00:00,14.4,90,12.8,0.0,0.0,3.98,50.0,0.18
2016-08-13 07:00:00,16.6,82,13.6,0.0,0.0,5.59,126.0,0.4536
2016-08-13 08:00:00,17.7,77,13.6,0.0,0.0,5.63,181.0,0.6516
2016-08-13 09:00:00,18.9,73,14.0,0.0,0.0,5.35,255.0,0.9179999999999999
2016-08-13 10:00:00,20.0,71,14.6,0.0,0.0,4.36,335.0,1.206
2016-08-13 11:00:00,21.0,67,14.7,0.1,0.0,4.22,371.0,1.3356
2016-08-13 12:00:00,21.4,65,14.6,0.0,0.0,4.69,339.0,1.2204
2016-08-13 13:00:00,21.9,63,14.6,0.0,0.0,5.12,404.0,1.4544
2016-08-13 14:00:00,22.7,59,14.4,0.0,0.0,5.32,541.0,1.9476
2016-08-13 15:00:00,23.1,57,14.0,0.0,0.0,5.16,499.0,1.7964
2016-08-13 16:00:00,23.2,54,13.5,0.0,0.0,4.62,454.0,1.6343999999999999
2016-08-13 17:00:00,22.7,53,12.8,0.0,0.0,4.2,311.0,1.1196
2016-08-13 18:00:00,22.2,55,12.7,0.0,0.0,3.21,171.0,0.6156
2016-08-13 19:00:00,21.2,61,13.4,0.0,0.0,2.12,62.0,0.22319999999999998
2016-08-13 20:00:00,19.8,67,13.4,0.0,0.0,1.71,3.0,0.0108
2016-08-13 21:00:00,18.9,70,13.2,0.0,0.0,1.91,0.0,0.0
2016-08-13 22:00:00,17.7,72,12.6,0.0,0.0,2.15,0.0,0.0
2016-08-13 23:00:00,16.9,72,11.9,0.0,0.0,2.52,0.0,0.0
2016-08-14 00:00:00,16.4,72,11.3,0.0,0.0,2.72,0.0,0.0
2016-08-14 01:00:00,15.8,74,11.1,0.0,0.0,2.77,0.0,0.0
2016-08-14 02:00:00,15.3,76,11.0,0.0,0.0,2.63,0.0,0.0
2016-08-14 03:00:00,14.8,77,10.8,0.0,0.0,2.61,0.0,0.0
2016-08-14 04:00:00,14.3,79,10.7,0.0,0.0,2.62,0.0,0.0
2016-08-14 05:00:00,14.0,81,10.8,0.0,0.0,2.33,1.0,0.0036
2016-08-14 06:00:00,14.3,81,11.1,0.0,0.0,2.12,48.0,0.1728
2016-08-14 07:00:00,16.4,74,11.7,0.0,0.0,1.81,103.0,0.37079999999999996
2016-08-14 08:00:00,17.8,65,11.1,0.0,0.0,1.71,277.0,0.9972
2016-08-14 09:00:00,18.8,57,10.1,0.0,0.0,2.3,417.0,1.5011999999999999
2016-08-14 10:00:00,19.7,53,9.9,0.0,0.0,2.24,544.0,1.9584
2016-08-14 11:00:00,20.6,50,9.9,0.0,0.0,2.31,567.0,2.0412
2016-08-14 12:00:00,21.4,48,10.0,0.0,0.0,2.2,610.0,2.1959999999999997
2016-08-14 13:00:00,21.8,47,10.0,0.0,0.0,2.31,465.0,1.674
2016-08-14 14:00:00,22.2,46,10.0,0.0,0.0,2.5,488.0,1.7568
2016-08-14 15:00:00,22.2,46,10.1,0.0,0.0,2.6,418.0,1.5048
2016-08-14 16:00:00,22.0,47,10.2,0.0,0.0,2.73,332.0,1.1952
2016-08-14 17:00:00,21.7,48,10.3,0.0,0.0,2.57,248.0,0.8927999999999999
2016-08-14 18:00:00,21.1,51,10.7,0.0,0.0,2.28,125.0,0.45
2016-08-14 19:00:00,19.6,55,10.3,0.0,0.0,1.75,46.0,0.1656
2016-08-14 20:00:00,18.9,58,10.4,0.0,0.0,1.71,2.0,0.0072
2016-08-14 21:00:00,17.7,65,10.9,0.0,0.0,1.58,0.0,0.0
2016-08-14 22:00:00,16.4,72,11.3,0.0,0.0,1.79,0.0,0.0
2016-08-14 23:00:00,15.6,77,11.5,0.0,0.0,1.8,0.0,0.0
2016-08-15 00:00:00,14.9,81,11.6,0.0,0.0,1.92,0.0,0.0
2016-08-15 01:00:00,13.9,85,11.5,0.0,0.0,1.87,0.0,0.0
2016-08-15 02:00:00,13.1,90,11.5,0.0,0.0,1.84,0.0,0.0
2016-08-15 03:00:00,12.7,91,11.2,0.0,0.0,1.61,0.0,0.0
2016-08-15 04:00:00,12.5,91,11.1,0.0,0.0,1.9,0.0,0.0
2016-08-15 05:00:00,11.8,94,10.9,0.0,0.0,1.65,0.0,0.0
2016-08-15 06:00:00,12.6,94,11.7,0.0,0.0,2.19,51.0,0.18359999999999999
2016-08-15 07:00:00,15.5,87,13.3,0.0,0.0,2.24,184.0,0.6624
2016-08-15 08:00:00,17.3,74,12.7,0.0,0.0,3.16,345.0,1.242
2016-08-15 09:00:00,18.6,64,11.7,0.0,0.0,3.83,488.0,1.7568
2016-08-15 10:00:00,19.6,58,11.2,0.0,0.0,3.69,621.0,2.2356
2016-08-15 11:00:00,20.4,55,10.9,0.0,0.0,3.88,716.0,2.5776
2016-08-15 12:00:00,21.1,52,10.8,0.0,0.0,3.88,785.0,2.826
2016-08-15 13:00:00,21.5,50,10.7,0.0,0.0,3.96,791.0,2.8476
2016-08-15 14:00:00,21.6,51,10.9,0.0,0.0,3.95,747.0,2.6892
2016-08-15 15:00:00,21.4,51,11.0,0.0,0.0,3.93,659.0,2.3724
2016-08-15 16:00:00,20.9,53,11.1,0.0,0.0,3.92,534.0,1.9223999999999999
2016-08-15 17:00:00,20.0,57,11.2,0.0,0.0,3.91,382.0,1.3752
2016-08-15 18:00:00,18.9,61,11.2,0.0,0.0,3.71,222.0,0.7992
2016-08-15 19:00:00,17.8,65,11.0,0.0,0.0,3.51,77.0,0.2772
2016-08-15 20:00:00,16.3,71,11.1,0.0,0.0,3.51,3.0,0.0108
2016-08-15 21:00:00,15.4,77,11.4,0.0,0.0,3.41,0.0,0.0
2016-08-15 22:00:00,14.7,82,11.7,0.0,0.0,3.2,0.0,0.0
2016-08-15 23:00:00,14.0,87,11.9,0.0,0.0,2.83,0.0,0.0
2016-08-16 00:00:00,13.4,91,11.9,0.0,0.0,2.77,0.0,0.0
2016-08-16 01:00:00,12.9,93,11.8,0.0,0.0,2.75,0.0,0.0
2016-08-16 02:00:00,12.6,94,11.7,0.0,0.0,2.82,0.0,0.0
2016-08-16 03:00:00,12.7,95,11.9,0.0,0.0,2.8,0.0,0.0
2016-08-16 04:00:00,13.1,95,12.2,0.0,0.0,2.77,0.0,0.0
2016-08-16 05:00:00,13.0,95,12.2,0.0,0.0,2.76,0.0,0.0
2016-08-16 06:00:00,13.6,94,12.7,0.0,0.0,3.26,44.0,0.15839999999999999
2016-08-16 07:00:00,15.9,89,14.1,0.0,0.0,3.34,130.0,0.46799999999999997
2016-08-16 08:00:00,17.6,78,13.7,0.0,0.0,4.34,239.0,0.8603999999999999
2016-08-16 09:00:00,18.8,70,13.1,0.0,0.0,3.98,339.0,1.2204
2016-08-16 10:00:00,19.6,65,12.8,0.0,0.0,3.03,396.0,1.4256
2016-08-16 11:00:00,20.7,60,12.6,0.0,0.0,3.06,588.0,2.1168
2016-08-16 12:00:00,21.2,57,12.4,0.0,0.0,3.16,597.0,2.1492
2016-08-16 13:00:00,21.5,56,12.3,0.0,0.0,3.26,563.0,2.0268
2016-08-16 14:00:00,21.3,56,12.2,0.0,0.0,3.35,512.0,1.8432
2016-08-16 15:00:00,21.0,57,12.1,0.0,0.0,3.65,448.0,1.6128
2016-08-16 16:00:00,20.4,59,12.1,0.0,0.0,3.77,340.0,1.224
2016-08-16 17:00:00,19.8,61,12.1,0.0,0.0,3.86,273.0,0.9828
2016-08-16 18:00:00,18.9,66,12.3,0.0,0.0,3.92,180.0,0.648
2016-08-16 19:00:00,17.7,68,11.7,0.0,0.0,3.71,69.0,0.24839999999999998
2016-08-16 20:00:00,16.4,75,12.0,0.0,0.0,3.41,2.0,0.0072
2016-08-16 21:00:00,15.3,82,12.2,0.0,0.0,3.03,0.0,0.0
2016-08-16 22:00:00,14.5,87,12.3,0.0,0.0,3.01,0.0,0.0
2016-08-16 23:00:00,13.7,91,12.3,0.0,0.0,3.09,0.0,0.0
2016-08-17 00:00:00,13.3,92,12.0,0.0,0.0,3.11,0.0,0.0
2016-08-17 01:00:00,13.0,93,11.9,0.0,0.0,3.08,0.0,0.0
2016-08-17 02:00:00,13.0,93,11.9,0.0,0.0,3.06,0.0,0.0
2016-08-17 03:00:00,13.1,93,12.1,0.0,0.0,3.0,0.0,0.0
2016-08-17 04:00:00,13.3,94,12.3,0.0,0.0,2.92,0.0,0.0
2016-08-17 05:00:00,13.1,95,12.3,0.0,0.0,3.0,0.0,0.0
2016-08-17 06:00:00,14.0,94,13.0,0.0,0.0,3.55,47.0,0.1692
2016-08-17 07:00:00,16.5,89,14.7,0.0,0.0,3.72,165.0,0.594
2016-08-17 08:00:00,18.0,80,14.5,0.0,0.0,4.0,288.0,1.0368
2016-08-17 09:00:00,19.6,71,14.1,0.0,0.0,3.71,452.0,1.6272
2016-08-17 10:00:00,20.9,63,13.7,0.0,0.0,2.94,553.0,1.9908
2016-08-17 11:00:00,22.0,58,13.3,0.0,0.0,2.75,643.0,2.3148
2016-08-17 12:00:00,22.5,55,13.0,0.0,0.0,2.89,576.0,2.0736
2016-08-17 13:00:00,23.2,52,12.7,0.0,0.0,3.03,689.0,2.4804
2016-08-17 14:00:00,23.3,52,12.9,0.0,0.0,2.9,656.0,2.3616
2016-08-17 15:00:00,23.3,52,12.9,0.0,0.0,2.6,588.0,2.1168
2016-08-17 16:00:00,23.1,53,13.0,0.0,0.0,2.7,506.0,1.8215999999999999
2016-08-17 17:00:00,22.5,56,13.2,0.0,0.0,2.7,367.0,1.3212
2016-08-17 18:00:00,21.3,62,13.7,0.0,0.0,2.83,204.0,0.7343999999999999
2016-08-17 19:00:00,19.8,67,13.4,0.0,0.0,2.77,70.0,0.252
2016-08-17 20:00:00,17.9,76,13.7,0.0,0.0,2.77,1.0,0.0036
2016-08-17 21:00:00,16.7,84,13.9,0.0,0.0,2.04,0.0,0.0
2016-08-17 22:00:00,15.4,90,13.9,0.0,0.0,2.38,0.0,0.0
2016-08-17 23:00:00,14.5,93,13.5,0.0,0.0,2.51,0.0,0.0
2016-08-18 00:00:00,14.1,94,13.2,0.0,0.0,2.3,0.0,0.0
2016-08-18 01:00:00,14.0,94,13.1,0.0,0.0,2.33,0.0,0.0
2016-08-18 02:00:00,14.0,94,13.0,0.0,0.0,1.79,0.0,0.0
2016-08-18 03:00:00,13.8,95,13.0,0.1,0.0,1.17,0.0,0.0
2016-08-18 04:00:00,13.5,95,12.8,0.0,0.0,1.62,0.0,0.0
2016-08-18 05:00:00,13.6,96,12.9,0.2,0.0,1.71,0.0,0.0
2016-08-18 06:00:00,14.1,96,13.4,0.3,0.0,2.25,29.0,0.10439999999999999
2016-08-18 07:00:00,16.3,90,14.6,0.2,0.0,2.01,144.0,0.5184
2016-08-18 08:00:00,18.2,83,15.3,0.3,0.0,1.84,288.0,1.0368
2016-08-18 09:00:00,19.4,77,15.2,0.4,0.0,2.2,310.0,1.1159999999999999
2016-08-18 10:00:00,20.3,71,14.9,0.0,0.0,2.12,312.0,1.1232
2016-08-18 11:00:00,21.0,67,14.7,0.0,0.0,2.86,329.0,1.1844
2016-08-18 12:00:00,22.1,61,14.3,0.0,0.0,2.75,519.0,1.8683999999999998
2016-08-18 13:00:00,22.6,58,14.0,0.0,0.0,2.3,560.0,2.016
2016-08-18 14:00:00,22.7,57,13.8,0.0,0.0,2.7,470.0,1.692
2016-08-18 15:00:00,22.6,57,13.6,0.0,0.0,3.2,412.0,1.4831999999999999
2016-08-18 16:00:00,22.4,56,13.3,0.0,0.0,2.94,400.0,1.44
2016-08-18 17:00:00,21.6,59,13.2,0.0,0.0,2.88,217.0,0.7812
2016-08-18 18:00:00,20.7,64,13.7,0.0,0.0,2.59,129.0,0.4644
2016-08-18 19:00:00,20.1,68,13.9,0.0,0.0,2.73,48.0,0.1728
2016-08-18 20:00:00,18.7,75,14.2,0.0,0.0,3.23,1.0,0.0036
2016-08-18 21:00:00,17.6,81,14.3,0.0,0.0,3.16,0.0,0.0
2016-08-18 22:00:00,17.2,84,14.5,0.0,0.0,3.26,0.0,0.0
2016-08-18 23:00:00,16.6,88,14.6,0.0,0.0,3.01,0.0,0.0
2016-08-19 00:00:00,16.0,92,14.7,0.0,0.0,3.08,0.0,0.0
2016-08-19 01:00:00,15.5,94,14.6,0.0,0.0,3.2,0.0,0.0
2016-08-19 02:00:00,15.6,95,14.8,0.0,0.0,3.14,0.0,0.0
2016-08-19 03:00:00,15.8,95,15.0,0.0,0.0,2.78,0.0,0.0
2016-08-19 04:00:00,15.8,95,15.1,0.0,0.0,2.62,0.0,0.0
2016-08-19 05:00:00,15.8,96,15.2,0.0,0.0,2.47,0.0,0.0
2016-08-19 06:00:00,16.0,96,15.3,0.0,0.0,2.85,8.0,0.0288
2016-08-19 07:00:00,17.1,92,15.7,0.1,0.0,3.52,61.0,0.2196
2016-08-19 08:00:00,17.7,88,15.8,0.0,0.0,3.81,78.0,0.2808
2016-08-19 09:00:00,18.6,84,15.9,0.3,0.0,4.18,135.0,0.486
2016-08-19 10:00:00,18.4,87,16.2,0.6,0.0,3.64,71.0,0.2556
2016-08-19 11:00:00,18.2,90,16.4,0.3,0.0,4.85,62.0,0.22319999999999998
2016-08-19 12:00:00,18.5,88,16.5,0.2,0.0,4.7,159.0,0.5724
2016-08-19 13:00:00,19.2,82,16.1,0.1,0.0,4.93,211.0,0.7595999999999999
2016-08-19 14:00:00,18.9,84,16.2,0.2,0.0,5.54,152.0,0.5472
2016-08-19 15:00:00,19.2,81,15.9,0.2,0.0,5.51,199.0,0.7163999999999999
2016-08-19 16:00:00,19.1,79,15.3,0.0,0.0,5.72,150.0,0.54
2016-08-19 17:00:00,18.3,82,15.3,0.2,0.0,5.82,30.0,0.108
2016-08-19 18:00:00,18.2,84,15.5,0.0,0.0,5.65,47.0,0.1692
2016-08-19 19:00:00,17.5,86,15.2,0.0,0.0,5.65,42.0,0.1512
2016-08-19 20:00:00,16.6,86,14.2,0.0,0.0,5.61,1.0,0.0036
2016-08-19 21:00:00,15.9,87,13.8,0.0,0.0,5.7,0.0,0.0
2016-08-19 22:00:00,15.6,88,13.6,0.0,0.0,5.64,0.0,0.0
2016-08-19 23:00:00,15.4,88,13.4,0.0,0.0,5.55,0.0,0.0
2016-08-20 00:00:00,15.2,88,13.3,0.0,0.0,5.41,0.0,0.0
2016-08-20 01:00:00,15.1,89,13.2,0.0,0.0,5.68,0.0,0.0
2016-08-20 02:00:00,14.9,88,13.0,0.0,0.0,6.09,0.0,0.0
2016-08-20 03:00:00,14.9,87,12.8,0.0,0.0,6.47,0.0,0.0
2016-08-20 04:00:00,14.9,86,12.5,0.0,0.0,6.55,0.0,0.0
2016-08-20 05:00:00,14.7,86,12.3,0.0,0.0,6.49,0.0,0.0
2016-08-20 06:00:00,14.9,85,12.3,0.0,0.0,7.21,37.0,0.13319999999999999
2016-08-20 07:00:00,15.9,80,12.4,0.0,0.0,7.25,119.0,0.4284
2016-08-20 08:00:00,16.7,74,12.1,0.2,0.0,8.42,263.0,0.9468
2016-08-20 09:00:00,17.2,72,12.1,0.7,0.0,8.71,266.0,0.9576
2016-08-20 10:00:00,17.9,71,12.6,0.0,0.0,7.31,335.0,1.206
2016-08-20 11:00:00,19.2,70,13.5,0.0,0.0,8.32,547.0,1.9691999999999998
2016-08-20 12:00:00,19.6,66,13.2,0.0,0.0,9.06,569.0,2.0484
2016-08-20 13:00:00,19.8,63,12.6,0.0,0.0,9.26,595.0,2.142
2016-08-20 14:00:00,19.9,62,12.5,0.0,0.0,10.08,616.0,2.2176
2016-08-20 15:00:00,18.7,62,11.3,0.2,0.0,9.83,332.0,1.1952
2016-08-20 16:00:00,17.9,69,12.0,0.3,0.0,8.49,239.0,0.8603999999999999
2016-08-20 17:00:00,17.1,74,12.3,0.0,0.0,7.71,106.0,0.3816
2016-08-20 18:00:00,16.9,74,12.2,0.0,0.0,7.64,105.0,0.378
2016-08-20 19:00:00,16.6,74,11.8,0.0,0.0,7.5,36.0,0.1296
2016-08-20 20:00:00,16.1,76,11.9,0.0,0.0,7.21,0.0,0.0
2016-08-20 21:00:00,15.9,77,11.9,0.0,0.0,7.28,0.0,0.0
2016-08-20 22:00:00,15.8,78,11.9,0.0,0.0,6.67,0.0,0.0
2016-08-20 23:00:00,15.9,78,12.0,0.0,0.0,6.86,0.0,0.0
2016-08-21 00:00:00,15.8,79,12.2,0.0,0.0,7.02,0.0,0.0
2016-08-21 01:00:00,15.7,80,12.2,0.0,0.0,7.07,0.0,0.0
2016-08-21 02:00:00,15.7,80,12.3,0.0,0.0,6.99,0.0,0.0
2016-08-21 03:00:00,15.5,82,12.4,0.0,0.0,6.58,0.0,0.0
2016-08-21 04:00:00,15.3,83,12.5,0.0,0.0,6.45,0.0,0.0
2016-08-21 05:00:00,15.2,84,12.5,0.0,0.0,6.46,0.0,0.0
2016-08-21 06:00:00,15.2,84,12.6,0.0,0.0,6.28,14.0,0.0504
2016-08-21 07:00:00,15.6,85,13.0,0.2,0.0,6.0,75.0,0.27
2016-08-21 08:00:00,16.2,82,13.1,0.0,0.0,6.14,161.0,0.5796
2016-08-21 09:00:00,16.9,77,12.8,0.0,0.0,6.5,209.0,0.7524
2016-08-21 10:00:00,18.1,70,12.5,0.0,0.0,5.51,354.0,1.2744
2016-08-21 11:00:00,19.2,64,12.3,0.2,0.0,5.81,554.0,1.9944
2016-08-21 12:00:00,19.5,62,12.1,0.0,0.0,6.2,436.0,1.5695999999999999
2016-08-21 13:00:00,20.4,58,11.8,0.0,0.0,6.71,531.0,1.9116
2016-08-21 14:00:00,20.5,57,11.7,0.0,0.0,6.94,429.0,1.5444
2016-08-21 15:00:00,20.4,57,11.7,0.0,0.0,6.41,407.0,1.4652
2016-08-21 16:00:00,20.5,54,11.0,0.0,0.0,6.69,377.0,1.3572
2016-08-21 17:00:00,20.0,56,11.1,0.0,0.0,6.63,223.0,0.8028
2016-08-21 18:00:00,18.3,71,13.0,0.3,0.0,5.74,64.0,0.2304
2016-08-21 19:00:00,17.6,79,13.8,0.3,0.0,4.94,12.0,0.0432
2016-08-21 20:00:00,17.1,85,14.5,0.7,0.0,4.88,0.0,0.0
2016-08-21 21:00:00,16.7,91,15.2,1.2,0.0,5.2,0.0,0.0
2016-08-21 22:00:00,16.8,92,15.4,0.8,0.0,5.16,0.0,0.0
2016-08-21 23:00:00,16.7,91,15.3,0.4,0.0,5.41,0.0,0.0
2016-08-22 00:00:00,16.6,92,15.3,0.0,0.0,5.3,0.0,0.0
2016-08-22 01:00:00,16.5,92,15.1,0.0,0.0,5.49,0.0,0.0
2016-08-22 02:00:00,16.4,91,15.0,0.0,0.0,5.39,0.0,0.0
2016-08-22 03:00:00,16.3,91,14.8,0.0,0.0,5.58,0.0,0.0
2016-08-22 04:00:00,16.3,90,14.7,0.0,0.0,5.58,0.0,0.0
2016-08-22 05:00:00,16.2,90,14.5,0.0,0.0,5.13,0.0,0.0
2016-08-22 06:00:00,16.3,89,14.6,0.0,0.0,4.97,16.0,0.0576
2016-08-22 07:00:00,17.2,91,15.7,0.6,0.0,5.23,109.0,0.39239999999999997
2016-08-22 08:00:00,17.9,86,15.6,0.0,0.0,5.69,171.0,0.6156
2016-08-22 09:00:00,18.6,81,15.2,0.0,0.0,6.27,214.0,0.7704
2016-08-22 10:00:00,19.9,72,14.7,0.0,0.0,6.56,380.0,1.3679999999999999
2016-08-22 11:00:00,21.0,65,14.2,0.0,0.0,6.38,417.0,1.5011999999999999
2016-08-22 12:00:00,22.4,61,14.5,0.0,0.0,6.3,530.0,1.908
2016-08-22 13:00:00,23.0,61,15.2,0.0,0.0,6.22,516.0,1.8576
2016-08-22 14:00:00,23.0,62,15.4,0.0,0.0,6.32,369.0,1.3284
2016-08-22 15:00:00,22.8,64,15.6,0.0,0.0,5.83,272.0,0.9792
2016-08-22 16:00:00,22.6,66,15.8,0.0,0.0,5.62,224.0,0.8064
2016-08-22 17:00:00,22.1,68,16.0,0.0,0.0,4.88,126.0,0.4536
2016-08-22 18:00:00,21.4,72,16.1,0.0,0.0,4.25,64.0,0.2304
2016-08-22 19:00:00,20.3,72,15.2,0.0,0.0,3.62,29.0,0.10439999999999999
2016-08-22 20:00:00,18.9,78,15.0,0.0,0.0,3.05,0.0,0.0
2016-08-22 21:00:00,17.9,83,14.9,0.0,0.0,2.48,0.0,0.0
2016-08-22 22:00:00,17.0,87,14.8,0.0,0.0,2.52,0.0,0.0
2016-08-22 23:00:00,16.0,91,14.6,0.0,0.0,1.97,0.0,0.0
2016-08-23 00:00:00,15.1,94,14.2,0.0,0.0,1.71,0.0,0.0
2016-08-23 01:00:00,14.5,96,13.8,0.0,0.0,1.6,0.0,0.0
2016-08-23 02:00:00,14.1,97,13.6,0.0,0.0,1.51,0.0,0.0
2016-08-23 03:00:00,13.7,97,13.3,0.0,0.0,1.5,0.0,0.0
2016-08-23 04:00:00,13.3,97,12.9,0.0,0.0,1.6,0.0,0.0
2016-08-23 05:00:00,13.0,98,12.7,0.0,0.0,1.8,0.0,0.0
2016-08-23 06:00:00,13.7,96,13.1,0.0,0.0,2.51,35.0,0.126
2016-08-23 07:00:00,16.8,87,14.6,0.0,0.0,2.37,146.0,0.5256
2016-08-23 08:00:00,19.5,71,14.1,0.0,0.0,2.64,313.0,1.1268
2016-08-23 09:00:00,21.9,59,13.5,0.0,0.0,3.05,463.0,1.6668
2016-08-23 10:00:00,23.9,54,14.0,0.0,0.0,3.18,590.0,2.124
2016-08-23 11:00:00,25.5,53,15.2,0.0,0.0,3.71,682.0,2.4552
2016-08-23 12:00:00,26.6,52,16.0,0.0,0.0,4.11,731.0,2.6315999999999997
2016-08-23 13:00:00,27.4,50,16.1,0.0,0.0,4.62,733.0,2.6388
2016-08-23 14:00:00,27.8,48,15.8,0.0,0.0,4.98,688.0,2.4768
2016-08-23 15:00:00,27.8,47,15.4,0.0,0.0,5.15,600.0,2.16
2016-08-23 16:00:00,27.5,48,15.5,0.0,0.0,4.97,478.0,1.7207999999999999
2016-08-23 17:00:00,26.8,52,16.1,0.0,0.0,4.07,330.0,1.188
2016-08-23 18:00:00,25.7,57,16.6,0.0,0.0,3.28,173.0,0.6228
2016-08-23 19:00:00,24.2,58,15.5,0.0,0.0,2.7,44.0,0.15839999999999999
2016-08-23 20:00:00,22.7,64,15.5,0.0,0.0,2.9,0.0,0.0
2016-08-23 21:00:00,21.8,67,15.4,0.0,0.0,2.98,0.0,0.0
2016-08-23 22:00:00,21.1,69,15.3,0.0,0.0,2.87,0.0,0.0
2016-08-23 23:00:00,20.7,72,15.4,0.0,0.0,2.53,0.0,0.0
2016-08-24 00:00:00,20.1,75,15.5,0.0,0.0,2.12,0.0,0.0
2016-08-24 01:00:00,19.5,78,15.6,0.0,0.0,2.43,0.0,0.0
2016-08-24 02:00:00,18.9,82,15.7,0.0,0.0,2.04,0.0,0.0
2016-08-24 03:00:00,18.1,86,15.7,0.0,0.0,1.39,0.0,0.0
2016-08-24 04:00:00,17.6,88,15.6,0.0,0.0,0.72,0.0,0.0
2016-08-24 05:00:00,17.8,86,15.5,0.0,0.0,0.58,0.0,0.0
2016-08-24 06:00:00,19.1,81,15.9,0.0,0.0,0.92,27.0,0.0972
2016-08-24 07:00:00,20.3,83,17.3,0.0,0.0,1.17,144.0,0.5184
2016-08-24 08:00:00,22.6,74,17.7,0.0,0.0,1.21,304.0,1.0944
2016-08-24 09:00:00,24.3,69,18.1,0.0,0.0,1.14,454.0,1.6343999999999999
2016-08-24 10:00:00,25.7,64,18.5,0.0,0.0,1.7,582.0,2.0951999999999997
2016-08-24 11:00:00,27.1,61,18.9,0.0,0.0,1.25,676.0,2.4335999999999998
2016-08-24 12:00:00,28.2,59,19.3,0.0,0.0,0.71,727.0,2.6172
2016-08-24 13:00:00,29.0,56,19.4,0.0,0.0,0.1,728.0,2.6208
2016-08-24 14:00:00,29.5,54,19.4,0.0,0.0,0.3,669.0,2.4084
2016-08-24 15:00:00,29.7,54,19.3,0.0,0.0,0.45,569.0,2.0484
2016-08-24 16:00:00,29.6,53,19.2,0.0,0.0,1.39,414.0,1.4904
2016-08-24 17:00:00,29.1,56,19.3,0.0,0.0,1.9,227.0,0.8171999999999999
2016-08-24 18:00:00,27.9,62,19.9,0.0,0.0,2.08,97.0,0.3492
2016-08-24 19:00:00,26.6,63,19.1,0.0,0.0,2.27,23.0,0.0828
2016-08-24 20:00:00,24.8,68,18.4,0.0,0.0,2.86,0.0,0.0
2016-08-24 21:00:00,22.9,74,17.9,0.7,0.0,3.89,0.0,0.0
2016-08-24 22:00:00,21.2,79,17.5,0.1,0.0,3.86,0.0,0.0
2016-08-24 23:00:00,20.5,82,17.3,0.0,0.0,4.76,0.0,0.0
2016-08-25 00:00:00,20.1,83,17.2,0.0,0.0,4.43,0.0,0.0
2016-08-25 01:00:00,19.7,84,17.0,0.0,0.0,2.25,0.0,0.0
2016-08-25 02:00:00,19.4,85,16.8,0.0,0.0,1.2,0.0,0.0
2016-08-25 03:00:00,19.0,87,16.7,0.2,0.0,0.99,0.0,0.0
2016-08-25 04:00:00,18.9,87,16.6,0.0,0.0,1.39,0.0,0.0
2016-08-25 05:00:00,18.7,88,16.6,0.4,0.0,1.73,0.0,0.0
2016-08-25 06:00:00,18.7,88,16.6,0.4,0.0,2.7,17.0,0.0612
2016-08-25 07:00:00,19.4,88,17.3,0.0,0.0,2.92,106.0,0.3816
2016-08-25 08:00:00,20.9,81,17.5,0.0,0.0,2.83,214.0,0.7704
2016-08-25 09:00:00,22.8,73,17.7,0.0,0.0,2.47,358.0,1.2888
2016-08-25 10:00:00,24.0,69,17.9,0.0,0.0,0.85,413.0,1.4868
2016-08-25 11:00:00,25.1,66,18.3,0.0,0.0,1.08,461.0,1.6596
2016-08-25 12:00:00,26.5,63,18.8,0.0,0.0,0.98,653.0,2.3508
2016-08-25 13:00:00,27.5,60,19.1,0.0,0.0,1.39,682.0,2.4552
2016-08-25 14:00:00,28.1,59,19.3,0.0,0.0,1.8,627.0,2.2572
2016-08-25 15:00:00,28.3,58,19.4,0.0,0.0,1.64,507.0,1.8252
2016-08-25 16:00:00,28.4,58,19.3,0.0,0.0,1.17,423.0,1.5228
2016-08-25 17:00:00,28.0,59,19.3,0.0,0.0,1.12,246.0,0.8855999999999999
2016-08-25 18:00:00,27.2,63,19.7,0.0,0.0,1.14,139.0,0.5004
2016-08-25 19:00:00,24.8,75,20.1,0.0,0.0,1.36,30.0,0.108
2016-08-25 20:00:00,23.9,83,20.7,0.0,0.0,0.76,0.0,0.0
2016-08-25 21:00:00,22.8,86,20.3,0.0,0.0,0.54,0.0,0.0
2016-08-25 22:00:00,21.3,93,20.1,0.0,0.0,2.01,0.0,0.0
2016-08-25 23:00:00,20.9,93,19.8,0.0,0.0,3.04,0.0,0.0
2016-08-26 00:00:00,20.5,94,19.5,0.1,0.0,3.01,0.0,0.0
2016-08-26 01:00:00,19.7,95,19.0,0.0,0.0,2.53,0.0,0.0
2016-08-26 02:00:00,19.2,96,18.5,0.2,0.0,1.65,0.0,0.0
2016-08-26 03:00:00,18.6,96,18.0,0.0,0.0,1.06,0.0,0.0
2016-08-26 04:00:00,18.2,97,17.6,0.0,0.0,1.7,0.0,0.0
2016-08-26 05:00:00,17.9,97,17.4,0.0,0.0,2.09,0.0,0.0
2016-08-26 06:00:00,18.0,96,17.3,0.0,0.0,2.62,23.0,0.0828
2016-08-26 07:00:00,18.0,96,17.4,0.0,0.0,3.0,89.0,0.3204
2016-08-26 08:00:00,19.2,87,16.9,0.0,0.0,2.94,257.0,0.9252
2016-08-26 09:00:00,20.3,75,15.8,0.0,0.0,2.66,427.0,1.5372
2016-08-26 10:00:00,21.3,65,14.5,0.0,0.0,1.75,541.0,1.9476
2016-08-26 11:00:00,22.4,56,13.2,0.0,0.0,1.81,676.0,2.4335999999999998
2016-08-26 12:00:00,23.2,49,12.0,0.0,0.0,1.71,741.0,2.6675999999999997
2016-08-26 13:00:00,23.9,45,11.1,0.0,0.0,1.8,749.0,2.6964
2016-08-26 14:00:00,24.4,42,10.5,0.0,0.0,2.0,703.0,2.5307999999999997
2016-08-26 15:00:00,24.6,40,10.0,0.0,0.0,2.1,613.0,2.2068
2016-08-26 16:00:00,24.4,39,9.7,0.0,0.0,2.35,484.0,1.7424
2016-08-26 17:00:00,23.9,41,9.7,0.0,0.0,2.73,330.0,1.188
2016-08-26 18:00:00,23.0,46,10.6,0.0,0.0,2.48,170.0,0.612
2016-08-26 19:00:00,21.7,47,9.9,0.0,0.0,2.36,37.0,0.13319999999999999
2016-08-26 20:00:00,20.1,52,10.0,0.0,0.0,2.53,0.0,0.0
2016-08-26 21:00:00,18.9,57,10.3,0.0,0.0,2.72,0.0,0.0
2016-08-26 22:00:00,18.0,62,10.7,0.0,0.0,2.9,0.0,0.0
2016-08-26 23:00:00,17.3,67,11.0,0.0,0.0,2.79,0.0,0.0
2016-08-27 00:00:00,16.7,71,11.5,0.0,0.0,2.64,0.0,0.0
2016-08-27 01:00:00,16.3,76,12.1,0.0,0.0,2.88,0.0,0.0
2016-08-27 02:00:00,16.1,82,13.0,0.0,0.0,2.97,0.0,0.0
2016-08-27 03:00:00,16.0,88,14.1,0.0,0.0,2.98,0.0,0.0
2016-08-27 04:00:00,16.0,92,14.7,0.0,0.0,3.08,0.0,0.0
2016-08-27 05:00:00,16.1,93,15.0,0.0,0.0,3.18,0.0,0.0
2016-08-27 06:00:00,16.9,90,15.2,0.0,0.0,3.72,20.0,0.072
2016-08-27 07:00:00,18.4,84,15.6,0.0,0.0,3.73,111.0,0.3996
2016-08-27 08:00:00,20.4,73,15.5,0.0,0.0,4.15,278.0,1.0008
2016-08-27 09:00:00,22.0,68,15.9,0.5,0.0,3.98,420.0,1.512
2016-08-27 10:00:00,21.5,76,17.0,3.0,0.0,3.99,349.0,1.2564
2016-08-27 11:00:00,20.7,81,17.4,2.7,0.0,4.98,140.0,0.504
2016-08-27 12:00:00,19.8,87,17.5,1.5,0.0,5.11,95.0,0.34199999999999997
2016-08-27 13:00:00,19.0,88,17.0,0.4,0.0,4.67,77.0,0.2772
2016-08-27 14:00:00,18.7,86,16.4,0.0,0.0,4.4,231.0,0.8316
2016-08-27 15:00:00,20.6,80,16.9,0.0,0.0,4.23,494.0,1.7784
2016-08-27 16:00:00,21.6,78,17.5,0.0,0.0,4.32,401.0,1.4436
2016-08-27 17:00:00,22.2,76,17.9,0.0,0.0,3.47,256.0,0.9216
2016-08-27 18:00:00,22.1,79,18.3,0.0,0.0,1.89,105.0,0.378
2016-08-27 19:00:00,20.9,87,18.6,0.0,0.0,1.63,21.0,0.0756
2016-08-27 20:00:00,20.3,90,18.7,0.0,0.0,1.92,0.0,0.0
2016-08-27 21:00:00,20.1,91,18.6,0.2,0.0,2.73,0.0,0.0
2016-08-27 22:00:00,19.5,92,18.2,0.0,0.0,1.34,0.0,0.0
2016-08-27 23:00:00,19.0,92,17.6,0.0,0.0,1.6,0.0,0.0
2016-08-28 00:00:00,18.4,91,16.9,0.0,0.0,2.32,0.0,0.0
2016-08-28 01:00:00,17.8,91,16.3,0.0,0.0,2.86,0.0,0.0
2016-08-28 02:00:00,17.0,90,15.4,0.0,0.0,3.48,0.0,0.0
2016-08-28 03:00:00,16.2,90,14.5,0.0,0.0,3.82,0.0,0.0
2016-08-28 04:00:00,15.5,90,13.9,0.0,0.0,4.02,0.0,0.0
2016-08-28 05:00:00,14.9,92,13.6,0.0,0.0,4.02,0.0,0.0
2016-08-28 06:00:00,15.1,93,13.9,0.0,0.0,3.91,22.0,0.07919999999999999
2016-08-28 07:00:00,16.2,92,14.9,0.0,0.0,4.88,99.0,0.3564
2016-08-28 08:00:00,18.0,82,14.9,0.0,0.0,5.61,229.0,0.8244
2016-08-28 09:00:00,18.8,78,14.9,0.0,0.0,5.47,232.0,0.8351999999999999
2016-08-28 10:00:00,19.4,76,15.2,0.0,0.0,5.03,307.0,1.1052
2016-08-28 11:00:00,20.2,75,15.6,0.1,0.0,5.1,374.0,1.3464
2016-08-28 12:00:00,21.0,74,16.1,0.0,0.0,5.1,486.0,1.7496
2016-08-28 13:00:00,20.2,77,16.0,0.4,0.0,5.52,335.0,1.206
2016-08-28 14:00:00,20.3,79,16.5,0.3,0.0,5.61,326.0,1.1736
2016-08-28 15:00:00,20.4,78,16.4,0.2,0.0,5.58,282.0,1.0151999999999999
2016-08-28 16:00:00,19.9,78,16.0,0.2,0.0,4.9,264.0,0.9504
2016-08-28 17:00:00,19.5,80,15.9,0.2,0.0,4.53,183.0,0.6587999999999999
2016-08-28 18:00:00,18.8,83,15.9,0.0,0.0,3.97,74.0,0.26639999999999997
2016-08-28 19:00:00,18.4,84,15.6,0.0,0.0,3.11,9.0,0.0324
2016-08-28 20:00:00,17.9,87,15.7,0.1,0.0,2.38,0.0,0.0
2016-08-28 21:00:00,17.7,88,15.7,0.0,0.0,2.12,0.0,0.0
2016-08-28 22:00:00,17.8,89,15.9,0.0,0.0,1.8,0.0,0.0
2016-08-28 23:00:00,17.1,92,15.9,0.0,0.0,1.92,0.0,0.0
2016-08-29 00:00:00,16.6,95,15.7,0.0,0.0,2.15,0.0,0.0
2016-08-29 01:00:00,16.2,96,15.5,0.0,0.0,2.43,0.0,0.0
2016-08-29 02:00:00,15.9,96,15.3,0.0,0.0,2.6,0.0,0.0
2016-08-29 03:00:00,15.5,95,14.8,0.0,0.0,2.61,0.0,0.0
2016-08-29 04:00:00,15.1,94,14.2,0.0,0.0,2.6,0.0,0.0
2016-08-29 05:00:00,14.6,94,13.6,0.0,0.0,2.4,0.0,0.0
2016-08-29 06:00:00,14.6,92,13.3,0.0,0.0,2.02,18.0,0.0648
2016-08-29 07:00:00,15.4,94,14.5,0.0,0.0,1.71,78.0,0.2808
2016-08-29 08:00:00,16.1,86,13.8,0.0,0.0,1.84,165.0,0.594
2016-08-29 09:00:00,17.0,80,13.6,0.0,0.0,1.84,232.0,0.8351999999999999
2016-08-29 10:00:00,18.7,69,13.0,0.2,0.0,1.98,438.0,1.5768
2016-08-29 11:00:00,19.6,65,12.8,0.1,0.0,2.14,466.0,1.6776
2016-08-29 12:00:00,20.4,61,12.5,0.1,0.0,2.05,483.0,1.7388
2016-08-29 13:00:00,21.2,56,12.2,0.0,0.0,2.36,516.0,1.8576
2016-08-29 14:00:00,21.1,56,12.0,0.0,0.0,2.52,362.0,1.3032
2016-08-29 15:00:00,21.5,54,11.7,0.0,0.0,2.66,410.0,1.476
2016-08-29 16:00:00,21.2,54,11.6,0.0,0.0,2.5,263.0,0.9468
2016-08-29 17:00:00,21.1,53,11.1,0.0,0.0,2.42,262.0,0.9431999999999999
2016-08-29 18:00:00,20.3,56,11.4,0.0,0.0,1.28,130.0,0.46799999999999997
2016-08-29 19:00:00,19.5,63,12.3,0.0,0.0,1.8,24.0,0.0864
2016-08-29 20:00:00,18.4,67,12.2,0.0,0.0,1.3,0.0,0.0
2016-08-29 21:00:00,18.9,61,11.3,0.0,0.0,0.73,0.0,0.0
2016-08-29 22:00:00,18.2,64,11.4,0.0,0.0,0.76,0.0,0.0
2016-08-29 23:00:00,17.0,70,11.5,0.0,0.0,1.28,0.0,0.0
2016-08-30 00:00:00,14.9,80,11.6,0.0,0.0,1.34,0.0,0.0
2016-08-30 01:00:00,13.4,88,11.4,0.0,0.0,1.55,0.0,0.0
2016-08-30 02:00:00,12.8,90,11.2,0.0,0.0,1.68,0.0,0.0
2016-08-30 03:00:00,12.6,91,11.2,0.0,0.0,1.77,0.0,0.0
2016-08-30 04:00:00,12.6,92,11.3,0.0,0.0,1.63,0.0,0.0
2016-08-30 05:00:00,12.6,93,11.5,0.0,0.0,1.5,0.0,0.0
2016-08-30 06:00:00,12.9,94,12.0,0.0,0.0,0.73,21.0,0.0756
2016-08-30 07:00:00,14.9,93,13.7,0.0,0.0,0.64,132.0,0.4752
2016-08-30 08:00:00,18.0,79,14.3,0.0,0.0,0.81,274.0,0.9863999999999999
2016-08-30 09:00:00,20.4,65,13.6,0.0,0.0,1.7,421.0,1.5156
2016-08-30 10:00:00,22.0,55,12.7,0.0,0.0,1.71,563.0,2.0268
2016-08-30 11:00:00,23.0,50,12.0,0.0,0.0,2.09,661.0,2.3796
2016-08-30 12:00:00,23.6,48,11.9,0.0,0.0,2.38,710.0,2.556
2016-08-30 13:00:00,24.0,47,12.1,0.0,0.0,2.44,711.0,2.5596
2016-08-30 14:00:00,24.2,47,12.1,0.0,0.0,2.28,660.0,2.376
2016-08-30 15:00:00,24.3,46,12.0,0.0,0.0,2.34,567.0,2.0412
2016-08-30 16:00:00,24.1,47,11.9,0.0,0.0,2.53,420.0,1.512
2016-08-30 17:00:00,23.4,49,12.0,0.0,0.0,2.79,291.0,1.0475999999999999
2016-08-30 18:00:00,22.0,56,12.9,0.0,0.0,2.94,136.0,0.4896
2016-08-30 19:00:00,20.6,64,13.4,0.0,0.0,3.04,22.0,0.07919999999999999
2016-08-30 20:00:00,18.9,72,13.8,0.0,0.0,2.79,0.0,0.0
2016-08-30 21:00:00,17.7,78,13.8,0.0,0.0,2.38,0.0,0.0
2016-08-30 22:00:00,16.2,85,13.7,0.0,0.0,2.01,0.0,0.0
2016-08-30 23:00:00,14.8,91,13.4,0.0,0.0,1.75,0.0,0.0
2016-08-31 00:00:00,14.0,92,12.8,0.0,0.0,1.71,0.0,0.0
2016-08-31 01:00:00,13.3,94,12.3,0.0,0.0,1.9,0.0,0.0
2016-08-31 02:00:00,12.7,95,11.8,0.0,0.0,1.93,0.0,0.0
2016-08-31 03:00:00,12.0,95,11.3,0.0,0.0,1.94,0.0,0.0
2016-08-31 04:00:00,11.8,95,11.1,0.0,0.0,2.48,0.0,0.0
2016-08-31 05:00:00,11.7,95,10.9,0.0,0.0,2.36,0.0,0.0
2016-08-31 06:00:00,12.0,95,11.1,0.0,0.0,2.48,20.0,0.072
2016-08-31 07:00:00,14.9,89,13.1,0.0,0.0,2.44,129.0,0.4644
2016-08-31 08:00:00,16.9,79,13.2,0.0,0.0,2.82,274.0,0.9863999999999999
2016-08-31 09:00:00,18.6,71,13.2,0.0,0.0,3.2,400.0,1.44
2016-08-31 10:00:00,19.9,63,12.5,0.0,0.0,4.05,499.0,1.7964
2016-08-31 11:00:00,21.3,56,12.2,0.0,0.0,4.3,554.0,1.9944
2016-08-31 12:00:00,22.0,55,12.5,0.0,0.0,4.15,529.0,1.9043999999999999
2016-08-31 13:00:00,22.4,55,12.9,0.0,0.0,4.15,405.0,1.458
2016-08-31 14:00:00,22.5,56,13.4,0.0,0.0,4.46,336.0,1.2096
2016-08-31 15:00:00,21.9,61,14.2,0.0,0.0,4.62,187.0,0.6732
2016-08-31 16:00:00,21.4,66,14.8,0.0,0.0,4.75,159.0,0.5724
2016-08-31 17:00:00,21.1,69,15.1,0.0,0.0,4.21,159.0,0.5724
2016-08-31 18:00:00,20.4,72,15.3,0.0,0.0,3.91,108.0,0.3888
2016-08-31 19:00:00,19.4,77,15.3,0.0,0.0,3.66,15.0,0.054
2016-08-31 20:00:00,18.3,83,15.3,0.0,0.0,3.67,0.0,0.0
2016-08-31 21:00:00,17.4,86,15.0,0.0,0.0,3.55,0.0,0.0
2016-08-31 22:00:00,16.6,85,14.1,0.0,0.0,3.32,0.0,0.0
2016-08-31 23:00:00,15.6,85,13.1,0.0,0.0,3.04,0.0,0.0
2016-09-01 00:00:00,14.9,85,12.4,0.0,0.0,2.94,0.0,0.0
2016-09-01 01:00:00,14.4,86,12.1,0.0,0.0,2.8,0.0,0.0
2016-09-01 02:00:00,13.9,89,12.1,0.0,0.0,2.5,0.0,0.0
2016-09-01 03:00:00,13.1,92,11.9,0.0,0.0,2.2,0.0,0.0
2016-09-01 04:00:00,12.7,94,11.7,0.0,0.0,2.0,0.0,0.0
2016-09-01 05:00:00,12.6,95,11.7,0.0,0.0,1.9,0.0,0.0
2016-09-01 06:00:00,12.8,95,12.0,0.0,0.0,2.0,14.0,0.0504
2016-09-01 07:00:00,14.5,92,13.2,0.0,0.0,1.9,118.0,0.4248
2016-09-01 08:00:00,16.2,85,13.6,0.0,0.0,1.8,230.0,0.828
2016-09-01 09:00:00,18.0,74,13.3,0.0,0.0,1.81,391.0,1.4076
2016-09-01 10:00:00,19.1,68,13.0,0.0,0.0,2.08,421.0,1.5156
2016-09-01 11:00:00,20.1,61,12.3,0.0,0.0,2.42,454.0,1.6343999999999999
2016-09-01 12:00:00,20.9,57,12.0,0.0,0.0,2.56,505.0,1.818
2016-09-01 13:00:00,21.9,51,11.4,0.0,0.0,2.8,617.0,2.2212
2016-09-01 14:00:00,22.3,50,11.3,0.0,0.0,3.05,601.0,2.1635999999999997
2016-09-01 15:00:00,22.4,49,11.2,0.0,0.0,3.5,528.0,1.9008
2016-09-01 16:00:00,22.3,49,11.1,0.0,0.0,3.67,431.0,1.5515999999999999
2016-09-01 17:00:00,21.7,51,11.1,0.0,0.0,3.44,270.0,0.972
2016-09-01 18:00:00,20.6,56,11.6,0.0,0.0,2.83,100.0,0.36
2016-09-01 19:00:00,18.9,64,12.1,0.0,0.0,2.97,18.0,0.0648
2016-09-01 20:00:00,17.5,72,12.3,0.0,0.0,3.26,0.0,0.0
2016-09-01 21:00:00,16.3,78,12.5,0.0,0.0,3.44,0.0,0.0
2016-09-01 22:00:00,15.5,83,12.7,0.0,0.0,3.39,0.0,0.0
2016-09-01 23:00:00,15.1,87,12.9,0.0,0.0,3.4,0.0,0.0
2016-09-02 00:00:00,14.7,89,12.9,0.0,0.0,3.26,0.0,0.0
2016-09-02 01:00:00,14.2,91,12.8,0.0,0.0,2.72,0.0,0.0
2016-09-02 02:00:00,13.7,93,12.6,0.0,0.0,2.83,0.0,0.0
2016-09-02 03:00:00,13.4,95,12.6,0.0,0.0,3.26,0.0,0.0
2016-09-02 04:00:00,13.3,95,12.5,0.3,0.0,3.19,0.0,0.0
2016-09-02 05:00:00,13.4,94,12.5,0.4,0.0,3.55,0.0,0.0
2016-09-02 06:00:00,13.6,93,12.5,0.3,0.0,4.11,10.0,0.036
2016-09-02 07:00:00,15.0,89,13.2,0.3,0.0,4.03,99.0,0.3564
2016-09-02 08:00:00,16.5,80,13.0,0.0,0.0,4.61,174.0,0.6264
2016-09-02 09:00:00,18.4,73,13.4,0.0,0.0,5.46,304.0,1.0944
2016-09-02 10:00:00,20.1,69,14.3,0.0,0.0,5.64,375.0,1.3499999999999999
2016-09-02 11:00:00,21.1,67,14.8,0.0,0.0,4.99,364.0,1.3104
2016-09-02 12:00:00,21.1,68,14.9,0.0,0.0,5.02,276.0,0.9935999999999999
2016-09-02 13:00:00,20.8,69,15.0,0.0,0.0,5.4,216.0,0.7776
2016-09-02 14:00:00,20.0,72,14.9,0.0,0.0,4.95,111.0,0.3996
2016-09-02 15:00:00,19.6,74,14.9,0.0,0.0,4.75,73.0,0.2628
2016-09-02 16:00:00,19.2,77,15.0,0.0,0.0,4.62,35.0,0.126
2016-09-02 17:00:00,18.9,79,15.2,0.0,0.0,4.76,23.0,0.0828
2016-09-02 18:00:00,18.8,80,15.2,0.0,0.0,4.46,34.0,0.1224
2016-09-02 19:00:00,17.8,85,15.2,0.0,0.0,3.96,1.0,0.0036
2016-09-02 20:00:00,17.7,87,15.4,0.0,0.0,3.75,0.0,0.0
2016-09-02 21:00:00,17.6,88,15.6,0.0,0.0,3.58,0.0,0.0
2016-09-02 22:00:00,17.4,88,15.4,0.0,0.0,3.36,0.0,0.0
2016-09-02 23:00:00,17.1,86,14.7,0.0,0.0,3.38,0.0,0.0
2016-09-03 00:00:00,16.3,85,13.7,0.0,0.0,3.06,0.0,0.0
2016-09-03 01:00:00,15.3,85,12.8,0.0,0.0,2.75,0.0,0.0
2016-09-03 02:00:00,14.5,86,12.2,0.0,0.0,2.96,0.0,0.0
2016-09-03 03:00:00,13.7,89,11.9,0.0,0.0,3.16,0.0,0.0
2016-09-03 04:00:00,13.3,92,11.9,0.0,0.0,2.72,0.0,0.0
2016-09-03 05:00:00,12.7,94,11.8,0.0,0.0,2.64,0.0,0.0
2016-09-03 06:00:00,12.5,95,11.8,0.0,0.0,2.78,14.0,0.0504
2016-09-03 07:00:00,14.4,92,13.1,0.0,0.0,3.16,79.0,0.2844
2016-09-03 08:00:00,15.6,83,12.7,0.0,0.0,3.44,206.0,0.7415999999999999
2016-09-03 09:00:00,17.0,72,11.9,0.0,0.0,4.36,305.0,1.0979999999999999
2016-09-03 10:00:00,18.3,63,11.2,0.0,0.0,4.72,367.0,1.3212
2016-09-03 11:00:00,19.4,59,11.1,0.0,0.0,5.96,454.0,1.6343999999999999
2016-09-03 12:00:00,20.1,57,11.3,0.0,0.0,5.55,445.0,1.6019999999999999
2016-09-03 13:00:00,20.3,60,12.2,0.0,0.0,7.03,294.0,1.0584
2016-09-03 14:00:00,20.3,63,12.9,0.0,0.0,8.16,287.0,1.0332
2016-09-03 15:00:00,19.4,68,13.3,0.0,0.0,6.66,263.0,0.9468
2016-09-03 16:00:00,18.7,74,13.9,0.2,0.0,6.6,164.0,0.5904
2016-09-03 17:00:00,17.8,83,14.8,0.8,0.0,6.6,48.0,0.1728
2016-09-03 18:00:00,17.0,94,16.1,1.3,0.0,6.41,16.0,0.0576
2016-09-03 19:00:00,17.1,94,16.1,0.0,0.0,6.25,4.0,0.0144
2016-09-03 20:00:00,17.6,94,16.7,0.0,0.0,6.09,0.0,0.0
2016-09-03 21:00:00,17.8,94,16.8,0.3,0.0,5.97,0.0,0.0
2016-09-03 22:00:00,17.7,95,16.9,0.2,0.0,6.44,0.0,0.0
2016-09-03 23:00:00,17.6,96,16.9,0.0,0.0,6.64,0.0,0.0
2016-09-04 00:00:00,17.5,95,16.7,0.0,0.0,6.96,0.0,0.0
2016-09-04 01:00:00,17.5,96,16.8,0.1,0.0,7.47,0.0,0.0
2016-09-04 02:00:00,17.6,95,16.8,0.3,0.0,7.47,0.0,0.0
2016-09-04 03:00:00,17.5,92,16.1,0.2,0.0,6.45,0.0,0.0
2016-09-04 04:00:00,16.2,87,14.1,0.0,0.0,5.98,0.0,0.0
2016-09-04 05:00:00,15.2,86,12.8,0.0,0.0,5.61,0.0,0.0
2016-09-04 06:00:00,14.7,86,12.3,0.0,0.0,5.82,11.0,0.039599999999999996
2016-09-04 07:00:00,16.0,84,13.3,0.0,0.0,5.79,55.0,0.19799999999999998
2016-09-04 08:00:00,16.4,81,13.2,0.0,0.0,6.68,115.0,0.414
2016-09-04 09:00:00,17.5,74,12.8,0.0,0.0,7.54,265.0,0.954
2016-09-04 10:00:00,18.6,67,12.3,0.0,0.0,7.53,348.0,1.2528
2016-09-04 11:00:00,19.2,62,11.7,0.0,0.0,6.58,381.0,1.3716
2016-09-04 12:00:00,20.1,56,11.2,0.0,0.0,6.48,413.0,1.4868
2016-09-04 13:00:00,20.3,55,11.0,0.0,0.0,5.94,298.0,1.0728
2016-09-04 14:00:00,20.4,55,11.0,0.0,0.0,4.98,218.0,0.7847999999999999
2016-09-04 15:00:00,20.4,55,11.1,0.0,0.0,5.06,198.0,0.7128
2016-09-04 16:00:00,20.2,57,11.3,0.0,0.0,4.92,160.0,0.576
2016-09-04 17:00:00,19.7,59,11.6,0.0,0.0,4.4,83.0,0.2988
2016-09-04 18:00:00,19.2,62,11.7,0.0,0.0,4.12,50.0,0.18
2016-09-04 19:00:00,18.2,70,12.6,0.0,0.0,3.71,6.0,0.0216
2016-09-04 20:00:00,17.6,73,12.8,0.0,0.0,3.28,0.0,0.0
2016-09-04 21:00:00,17.0,77,13.0,0.0,0.0,3.06,0.0,0.0
2016-09-04 22:00:00,16.5,80,13.1,0.0,0.0,3.29,0.0,0.0
2016-09-04 23:00:00,16.1,82,13.1,0.1,0.0,2.77,0.0,0.0
2016-09-05 00:00:00,15.9,84,13.2,0.2,0.0,2.84,0.0,0.0
2016-09-05 01:00:00,15.5,86,13.2,0.3,0.0,2.06,0.0,0.0
2016-09-05 02:00:00,15.2,89,13.4,0.3,0.0,2.3,0.0,0.0
2016-09-05 03:00:00,15.0,91,13.5,0.1,0.0,1.91,0.0,0.0
2016-09-05 04:00:00,15.0,92,13.6,0.0,0.0,1.62,0.0,0.0
2016-09-05 05:00:00,14.9,94,14.0,0.2,0.0,1.43,0.0,0.0
2016-09-05 06:00:00,15.1,94,14.2,0.2,0.0,2.01,1.0,0.0036
2016-09-05 07:00:00,15.0,93,14.0,0.6,0.0,2.73,5.0,0.018
2016-09-05 08:00:00,15.2,93,14.1,0.4,0.0,3.32,10.0,0.036
2016-09-05 09:00:00,15.7,92,14.3,0.0,0.0,3.54,29.0,0.10439999999999999
2016-09-05 10:00:00,16.5,91,15.0,0.0,0.0,3.45,87.0,0.3132
2016-09-05 11:00:00,17.3,89,15.5,0.0,0.0,3.23,109.0,0.39239999999999997
2016-09-05 12:00:00,18.5,87,16.3,0.0,0.0,2.81,188.0,0.6768
2016-09-05 13:00:00,19.7,84,17.0,0.0,0.0,2.21,222.0,0.7992
2016-09-05 14:00:00,20.6,81,17.3,0.0,0.0,2.56,202.0,0.7272
2016-09-05 15:00:00,21.1,80,17.5,0.0,0.0,2.69,139.0,0.5004
2016-09-05 16:00:00,21.7,77,17.5,0.0,0.0,2.86,138.0,0.49679999999999996
2016-09-05 17:00:00,21.5,79,17.8,0.0,0.0,2.65,58.0,0.20879999999999999
2016-09-05 18:00:00,21.2,81,17.9,0.0,0.0,2.09,25.0,0.09
2016-09-05 19:00:00,20.9,85,18.3,0.0,0.0,2.19,3.0,0.0108
2016-09-05 20:00:00,20.6,87,18.5,0.0,0.0,2.42,0.0,0.0
2016-09-05 21:00:00,20.4,89,18.6,0.0,0.0,2.47,0.0,0.0
2016-09-05 22:00:00,20.0,92,18.6,0.0,0.0,2.27,0.0,0.0
2016-09-05 23:00:00,19.6,94,18.6,0.0,0.0,2.48,0.0,0.0
2016-09-06 00:00:00,19.3,95,18.5,0.0,0.0,2.56,0.0,0.0
2016-09-06 01:00:00,19.0,96,18.4,0.0,0.0,2.69,0.0,0.0
2016-09-06 02:00:00,18.9,97,18.3,0.0,0.0,2.59,0.0,0.0
2016-09-06 03:00:00,18.7,97,18.2,0.0,0.0,2.46,0.0,0.0
2016-09-06 04:00:00,18.6,97,18.2,0.0,0.0,2.28,0.0,0.0
2016-09-06 05:00:00,18.5,97,18.1,0.0,0.0,2.06,0.0,0.0
2016-09-06 06:00:00,18.4,98,18.0,0.0,0.0,2.02,5.0,0.018
2016-09-06 07:00:00,19.6,95,18.7,0.0,0.0,1.94,39.0,0.1404
2016-09-06 08:00:00,20.4,91,18.8,0.0,0.0,2.15,65.0,0.23399999999999999
2016-09-06 09:00:00,21.2,87,19.0,0.0,0.0,1.84,122.0,0.4392
2016-09-06 10:00:00,22.0,84,19.1,0.0,0.0,2.15,205.0,0.738
2016-09-06 11:00:00,22.9,77,18.7,0.1,0.0,2.56,208.0,0.7488
2016-09-06 12:00:00,23.4,75,18.7,0.0,0.0,2.69,257.0,0.9252
2016-09-06 13:00:00,23.4,75,18.7,0.0,0.0,2.7,257.0,0.9252
2016-09-06 14:00:00,23.3,75,18.6,0.0,0.0,2.77,195.0,0.702
2016-09-06 15:00:00,23.2,74,18.3,0.0,0.0,2.41,159.0,0.5724
2016-09-06 16:00:00,23.0,74,18.2,0.0,0.0,2.15,127.0,0.4572
2016-09-06 17:00:00,22.5,76,18.1,0.0,0.0,2.15,67.0,0.2412
2016-09-06 18:00:00,21.9,79,18.0,0.0,0.0,1.96,42.0,0.1512
2016-09-06 19:00:00,20.9,84,18.1,0.0,0.0,1.96,5.0,0.018
2016-09-06 20:00:00,20.4,86,17.9,0.0,0.0,2.06,0.0,0.0
2016-09-06 21:00:00,19.9,87,17.7,0.0,0.0,2.14,0.0,0.0
2016-09-06 22:00:00,19.4,88,17.4,0.0,0.0,2.3,0.0,0.0
2016-09-06 23:00:00,19.0,89,17.2,0.0,0.0,2.21,0.0,0.0
2016-09-07 00:00:00,18.8,89,16.9,0.0,0.0,2.0,0.0,0.0
2016-09-07 01:00:00,18.6,89,16.7,0.0,0.0,1.65,0.0,0.0
2016-09-07 02:00:00,18.2,90,16.5,0.0,0.0,1.25,0.0,0.0
2016-09-07 03:00:00,17.4,94,16.4,0.0,0.0,1.49,0.0,0.0
2016-09-07 04:00:00,16.9,95,16.1,0.0,0.0,1.24,0.0,0.0
2016-09-07 05:00:00,17.2,94,16.2,0.0,0.0,0.81,0.0,0.0
2016-09-07 06:00:00,17.2,94,16.3,0.0,0.0,0.78,7.0,0.0252
2016-09-07 07:00:00,18.1,92,16.8,0.0,0.0,0.98,28.0,0.1008
2016-09-07 08:00:00,19.0,90,17.3,0.0,0.0,1.39,79.0,0.2844
2016-09-07 09:00:00,20.4,87,18.1,0.0,0.0,2.06,143.0,0.5148
2016-09-07 10:00:00,21.5,82,18.3,0.0,0.0,2.92,188.0,0.6768
2016-09-07 11:00:00,23.4,71,17.9,0.0,0.0,3.19,327.0,1.1772
2016-09-07 12:00:00,24.2,68,17.9,0.0,0.0,2.82,327.0,1.1772
2016-09-07 13:00:00,24.8,64,17.6,0.0,0.0,2.51,341.0,1.2276
2016-09-07 14:00:00,24.9,63,17.4,0.0,0.0,2.68,316.0,1.1376
2016-09-07 15:00:00,25.2,60,17.0,0.0,0.0,2.47,314.0,1.1304
2016-09-07 16:00:00,25.2,57,16.2,0.0,0.0,2.55,314.0,1.1304
2016-09-07 17:00:00,24.5,58,15.8,0.0,0.0,2.69,204.0,0.7343999999999999
2016-09-07 18:00:00,23.0,63,15.6,0.0,0.0,2.88,92.0,0.3312
2016-09-07 19:00:00,21.3,65,14.5,0.0,0.0,3.35,7.0,0.0252
2016-09-07 20:00:00,20.0,69,14.2,0.0,0.0,3.45,0.0,0.0
2016-09-07 21:00:00,19.2,72,14.1,0.0,0.0,3.48,0.0,0.0
2016-09-07 22:00:00,18.5,75,14.0,0.0,0.0,3.55,0.0,0.0
2016-09-07 23:00:00,17.7,78,13.9,0.0,0.0,3.16,0.0,0.0
2016-09-08 00:00:00,17.1,80,13.6,0.0,0.0,3.2,0.0,0.0
2016-09-08 01:00:00,16.7,81,13.5,0.0,0.0,3.05,0.0,0.0
2016-09-08 02:00:00,16.3,84,13.5,0.0,0.0,3.06,0.0,0.0
2016-09-08 03:00:00,15.9,85,13.4,0.0,0.0,3.22,0.0,0.0
2016-09-08 04:00:00,15.7,87,13.5,0.0,0.0,3.26,0.0,0.0
2016-09-08 05:00:00,15.6,88,13.6,0.0,0.0,3.16,0.0,0.0
2016-09-08 06:00:00,15.8,88,13.8,0.0,0.0,3.52,9.0,0.0324
2016-09-08 07:00:00,17.9,87,15.6,0.0,0.0,3.96,104.0,0.3744
2016-09-08 08:00:00,19.7,80,16.1,0.0,0.0,5.76,234.0,0.8423999999999999
2016-09-08 09:00:00,20.2,71,14.7,0.0,0.0,6.2,390.0,1.404
2016-09-08 10:00:00,20.9,61,13.1,0.0,0.0,5.7,511.0,1.8396
2016-09-08 11:00:00,21.5,57,12.5,0.0,0.0,5.92,623.0,2.2428
2016-09-08 12:00:00,21.8,54,12.1,0.0,0.0,6.02,665.0,2.394
2016-09-08 13:00:00,22.1,51,11.5,0.0,0.0,6.39,655.0,2.358
2016-09-08 14:00:00,21.9,49,10.7,0.0,0.0,6.55,551.0,1.9836
2016-09-08 15:00:00,21.3,48,9.8,0.0,0.0,6.21,380.0,1.3679999999999999
2016-09-08 16:00:00,20.9,48,9.4,0.0,0.0,5.76,281.0,1.0116
2016-09-08 17:00:00,20.4,48,9.2,0.0,0.0,5.22,220.0,0.7919999999999999
2016-09-08 18:00:00,19.4,53,9.6,0.0,0.0,4.2,90.0,0.324
2016-09-08 19:00:00,18.5,59,10.4,0.0,0.0,3.64,6.0,0.0216
2016-09-08 20:00:00,17.2,67,11.1,0.0,0.0,3.55,0.0,0.0
2016-09-08 21:00:00,16.3,75,11.8,0.0,0.0,3.8,0.0,0.0
2016-09-08 22:00:00,15.6,81,12.3,0.0,0.0,3.85,0.0,0.0
2016-09-08 23:00:00,15.0,85,12.6,0.0,0.0,4.16,0.0,0.0
2016-09-09 00:00:00,14.7,88,12.8,0.0,0.0,4.39,0.0,0.0
2016-09-09 01:00:00,14.8,90,13.1,0.0,0.0,4.48,0.0,0.0
2016-09-09 02:00:00,15.0,91,13.5,0.0,0.0,4.74,0.0,0.0
2016-09-09 03:00:00,15.7,88,13.7,0.0,0.0,4.88,0.0,0.0
2016-09-09 04:00:00,16.4,85,13.8,0.0,0.0,4.83,0.0,0.0
2016-09-09 05:00:00,16.8,84,14.0,0.0,0.0,4.65,0.0,0.0
2016-09-09 06:00:00,17.1,84,14.3,0.0,0.0,4.7,3.0,0.0108
2016-09-09 07:00:00,17.5,86,15.2,0.0,0.0,4.43,49.0,0.1764
2016-09-09 08:00:00,18.7,79,15.0,0.0,0.0,6.0,169.0,0.6083999999999999
2016-09-09 09:00:00,19.9,72,14.7,0.0,0.0,6.04,284.0,1.0224
2016-09-09 10:00:00,20.2,70,14.6,0.0,0.0,6.22,226.0,0.8136
2016-09-09 11:00:00,20.7,68,14.6,0.1,0.0,7.2,277.0,0.9972
2016-09-09 12:00:00,20.9,68,14.8,0.0,0.0,7.61,278.0,1.0008
2016-09-09 13:00:00,20.9,68,14.7,0.0,0.0,7.52,271.0,0.9756
2016-09-09 14:00:00,21.0,68,14.8,0.1,0.0,7.65,294.0,1.0584
2016-09-09 15:00:00,21.2,67,14.9,0.0,0.0,8.01,306.0,1.1016
2016-09-09 16:00:00,21.0,68,15.0,0.0,0.0,7.2,222.0,0.7992
2016-09-09 17:00:00,20.5,72,15.3,0.0,0.0,7.11,137.0,0.49319999999999997
2016-09-09 18:00:00,19.8,74,15.1,0.0,0.0,5.66,83.0,0.2988
2016-09-09 19:00:00,19.0,78,15.1,0.0,0.0,5.5,4.0,0.0144
2016-09-09 20:00:00,18.5,80,15.0,0.0,0.0,5.47,0.0,0.0
2016-09-09 21:00:00,18.2,81,14.9,0.0,0.0,5.54,0.0,0.0
2016-09-09 22:00:00,18.0,82,14.8,0.0,0.0,5.74,0.0,0.0
2016-09-09 23:00:00,17.7,84,14.9,0.0,0.0,5.46,0.0,0.0
2016-09-10 00:00:00,17.7,84,15.0,0.0,0.0,5.32,0.0,0.0
2016-09-10 01:00:00,17.5,86,15.1,0.0,0.0,5.32,0.0,0.0
2016-09-10 02:00:00,17.2,87,15.0,0.0,0.0,5.07,0.0,0.0
2016-09-10 03:00:00,16.9,88,14.9,0.0,0.0,5.02,0.0,0.0
2016-09-10 04:00:00,16.8,88,14.9,0.0,0.0,4.98,0.0,0.0
2016-09-10 05:00:00,16.6,89,14.9,0.0,0.0,4.81,0.0,0.0
2016-09-10 06:00:00,16.7,90,15.0,0.2,0.0,5.0,4.0,0.0144
2016-09-10 07:00:00,17.6,91,16.1,0.2,0.0,5.29,41.0,0.1476
2016-09-10 08:00:00,18.5,86,16.2,0.2,0.0,5.92,82.0,0.2952
2016-09-10 09:00:00,19.1,83,16.2,0.4,0.0,5.65,99.0,0.3564
2016-09-10 10:00:00,18.7,87,16.6,0.7,0.0,5.73,58.0,0.20879999999999999
2016-09-10 11:00:00,18.6,90,17.0,2.0,0.0,6.71,81.0,0.29159999999999997
2016-09-10 12:00:00,18.2,93,17.1,1.8,0.0,6.3,34.0,0.1224
2016-09-10 13:00:00,18.0,94,17.1,0.5,0.0,7.12,26.0,0.0936
2016-09-10 14:00:00,17.9,94,17.0,0.8,0.0,6.75,29.0,0.10439999999999999
2016-09-10 15:00:00,17.8,94,16.8,0.6,0.0,5.68,12.0,0.0432
2016-09-10 16:00:00,17.7,94,16.7,0.0,0.0,4.96,12.0,0.0432
2016-09-10 17:00:00,17.8,94,16.8,0.0,0.0,4.58,23.0,0.0828
2016-09-10 18:00:00,17.7,95,16.9,0.1,0.0,3.75,7.0,0.0252
2016-09-10 19:00:00,17.8,94,16.9,0.0,0.0,3.31,0.0,0.0
2016-09-10 20:00:00,17.5,94,16.6,0.0,0.0,3.14,0.0,0.0
2016-09-10 21:00:00,17.1,93,15.9,0.0,0.0,3.0,0.0,0.0
2016-09-10 22:00:00,16.3,92,15.0,0.0,0.0,2.91,0.0,0.0
2016-09-10 23:00:00,15.8,91,14.3,0.0,0.0,3.0,0.0,0.0
2016-09-11 00:00:00,15.1,91,13.7,0.0,0.0,2.8,0.0,0.0
2016-09-11 01:00:00,14.5,91,13.1,0.0,0.0,2.5,0.0,0.0
2016-09-11 02:00:00,14.1,91,12.6,0.0,0.0,2.5,0.0,0.0
2016-09-11 03:00:00,13.3,92,12.0,0.0,0.0,2.41,0.0,0.0
2016-09-11 04:00:00,13.1,91,11.6,0.0,0.0,2.11,0.0,0.0
2016-09-11 05:00:00,12.3,93,11.2,0.0,0.0,1.4,0.0,0.0
2016-09-11 06:00:00,11.7,95,10.9,0.0,0.0,1.36,5.0,0.018
2016-09-11 07:00:00,11.9,95,11.1,0.0,0.0,1.14,98.0,0.3528
2016-09-11 08:00:00,13.8,89,11.9,0.0,0.0,0.73,245.0,0.882
2016-09-11 09:00:00,15.5,77,11.5,0.0,0.0,0.54,401.0,1.4436
2016-09-11 10:00:00,17.0,63,10.0,0.0,0.0,1.32,527.0,1.8972
2016-09-11 11:00:00,18.1,56,9.3,0.0,0.0,2.04,609.0,2.1924
2016-09-11 12:00:00,18.9,53,9.2,0.0,0.0,2.33,633.0,2.2788
2016-09-11 13:00:00,19.6,51,9.2,0.0,0.0,2.41,631.0,2.2716
2016-09-11 14:00:00,19.9,50,9.1,0.0,0.0,2.8,571.0,2.0556
2016-09-11 15:00:00,19.9,49,8.9,0.0,0.0,3.2,501.0,1.8035999999999999
2016-09-11 16:00:00,19.4,49,8.5,0.0,0.0,3.61,374.0,1.3464
2016-09-11 17:00:00,18.6,52,8.5,0.0,0.0,3.37,234.0,0.8423999999999999
2016-09-11 18:00:00,17.2,58,8.9,0.0,0.0,2.86,85.0,0.306
2016-09-11 19:00:00,16.3,65,9.6,0.0,0.0,2.51,3.0,0.0108
2016-09-11 20:00:00,15.0,72,10.0,0.0,0.0,2.3,0.0,0.0
2016-09-11 21:00:00,13.8,79,10.2,0.0,0.0,2.0,0.0,0.0
2016-09-11 22:00:00,12.9,84,10.2,0.0,0.0,2.55,0.0,0.0
2016-09-11 23:00:00,12.4,86,10.1,0.0,0.0,3.01,0.0,0.0
2016-09-12 00:00:00,12.1,87,10.1,0.0,0.0,2.65,0.0,0.0
2016-09-12 01:00:00,12.0,89,10.2,0.0,0.0,2.6,0.0,0.0
2016-09-12 02:00:00,12.0,91,10.5,0.0,0.0,2.6,0.0,0.0
2016-09-12 03:00:00,12.0,93,10.9,0.0,0.0,2.5,0.0,0.0
2016-09-12 04:00:00,12.0,95,11.2,0.0,0.0,2.6,0.0,0.0
2016-09-12 05:00:00,12.2,97,11.7,0.0,0.0,2.95,0.0,0.0
2016-09-12 06:00:00,12.5,98,12.2,0.0,0.0,3.29,5.0,0.018
2016-09-12 07:00:00,15.1,95,14.3,0.0,0.0,3.79,88.0,0.31679999999999997
2016-09-12 08:00:00,18.1,88,16.1,0.0,0.0,3.81,216.0,0.7776
2016-09-12 09:00:00,20.2,74,15.4,0.0,0.0,4.41,350.0,1.26
2016-09-12 10:00:00,21.6,65,14.7,0.0,0.0,5.83,477.0,1.7172
2016-09-12 11:00:00,22.5,63,15.0,0.0,0.0,5.04,492.0,1.7711999999999999
2016-09-12 12:00:00,23.3,61,15.3,0.0,0.0,5.09,539.0,1.9404
2016-09-12 13:00:00,23.7,61,15.6,0.0,0.0,5.16,502.0,1.8072
2016-09-12 14:00:00,24.3,59,15.8,0.0,0.0,4.78,522.0,1.8792
2016-09-12 15:00:00,24.4,59,15.9,0.0,0.0,4.43,430.0,1.548
2016-09-12 16:00:00,24.1,60,16.0,0.0,0.0,4.0,321.0,1.1556
2016-09-12 17:00:00,23.5,63,16.2,0.0,0.0,3.06,185.0,0.666
2016-09-12 18:00:00,22.2,69,16.2,0.0,0.0,2.28,62.0,0.22319999999999998
2016-09-12 19:00:00,20.7,74,15.9,0.0,0.0,2.69,2.0,0.0072
2016-09-12 20:00:00,20.5,74,15.7,0.0,0.0,3.05,0.0,0.0
2016-09-12 21:00:00,20.3,74,15.6,0.0,0.0,3.18,0.0,0.0
2016-09-12 22:00:00,20.1,75,15.6,0.0,0.0,3.28,0.0,0.0
2016-09-12 23:00:00,19.9,77,15.8,0.0,0.0,3.14,0.0,0.0
2016-09-13 00:00:00,19.5,80,15.9,0.0,0.0,2.92,0.0,0.0
2016-09-13 01:00:00,19.4,81,16.0,0.0,0.0,2.69,0.0,0.0
2016-09-13 02:00:00,19.0,82,15.9,0.0,0.0,2.48,0.0,0.0
2016-09-13 03:00:00,18.6,84,15.8,0.0,0.0,2.13,0.0,0.0
2016-09-13 04:00:00,17.9,87,15.7,0.0,0.0,1.91,0.0,0.0
2016-09-13 05:00:00,17.2,89,15.4,0.0,0.0,2.37,0.0,0.0
2016-09-13 06:00:00,17.0,90,15.4,0.0,0.0,2.46,4.0,0.0144
2016-09-13 07:00:00,18.6,89,16.7,0.0,0.0,2.69,87.0,0.3132
2016-09-13 08:00:00,21.8,77,17.5,0.0,0.0,2.69,231.0,0.8316
2016-09-13 09:00:00,24.2,68,17.9,0.0,0.0,3.36,376.0,1.3536
2016-09-13 10:00:00,26.2,61,18.1,0.0,0.0,3.79,496.0,1.7855999999999999
2016-09-13 11:00:00,27.7,55,17.9,0.0,0.0,4.62,588.0,2.1168
2016-09-13 12:00:00,28.7,51,17.7,0.0,0.0,3.19,607.0,2.1852
2016-09-13 13:00:00,29.3,49,17.6,0.0,0.0,1.98,590.0,2.124
2016-09-13 14:00:00,29.6,49,17.6,0.0,0.0,2.95,549.0,1.9764
2016-09-13 15:00:00,29.4,49,17.7,0.0,0.0,3.44,461.0,1.6596
2016-09-13 16:00:00,28.9,52,18.2,0.0,0.0,2.92,341.0,1.2276
2016-09-13 17:00:00,27.7,59,18.8,0.0,0.0,1.99,200.0,0.72
2016-09-13 18:00:00,25.6,66,18.7,0.0,0.0,2.31,71.0,0.2556
2016-09-13 19:00:00,24.1,67,17.7,0.0,0.0,3.06,2.0,0.0072
2016-09-13 20:00:00,23.0,71,17.3,0.0,0.0,3.37,0.0,0.0
2016-09-13 21:00:00,22.3,72,16.9,0.0,0.0,3.45,0.0,0.0
2016-09-13 22:00:00,21.8,72,16.6,0.0,0.0,3.61,0.0,0.0
2016-09-13 23:00:00,21.3,74,16.4,0.0,0.0,3.22,0.0,0.0
2016-09-14 00:00:00,20.8,76,16.4,0.0,0.0,3.14,0.0,0.0
2016-09-14 01:00:00,20.4,78,16.5,0.0,0.0,3.2,0.0,0.0
2016-09-14 02:00:00,20.1,81,16.7,0.0,0.0,3.58,0.0,0.0
2016-09-14 03:00:00,19.7,83,16.7,0.0,0.0,3.76,0.0,0.0
2016-09-14 04:00:00,19.4,83,16.5,0.0,0.0,3.64,0.0,0.0
2016-09-14 05:00:00,19.2,81,15.9,0.0,0.0,3.48,0.0,0.0
2016-09-14 06:00:00,19.1,78,15.3,0.0,0.0,3.45,4.0,0.0144
2016-09-14 07:00:00,20.3,79,16.6,0.0,0.0,3.91,82.0,0.2952
2016-09-14 08:00:00,22.6,69,16.6,0.0,0.0,3.91,222.0,0.7992
2016-09-14 09:00:00,23.9,64,16.7,0.0,0.0,4.06,359.0,1.2924
2016-09-14 10:00:00,24.6,64,17.4,0.0,0.0,2.61,477.0,1.7172
2016-09-14 11:00:00,24.9,65,17.8,0.0,0.0,2.86,530.0,1.908
2016-09-14 12:00:00,25.5,62,17.8,0.0,0.0,3.13,620.0,2.2319999999999998
2016-09-14 13:00:00,26.0,60,17.5,0.0,0.0,3.45,618.0,2.2248
2016-09-14 14:00:00,26.2,57,16.9,0.0,0.0,3.69,562.0,2.0232
2016-09-14 15:00:00,26.0,54,16.1,0.0,0.0,3.2,470.0,1.692
2016-09-14 16:00:00,25.5,54,15.5,0.0,0.0,2.75,349.0,1.2564
2016-09-14 17:00:00,24.5,57,15.3,0.0,0.0,2.51,204.0,0.7343999999999999
2016-09-14 18:00:00,23.0,62,15.3,0.0,0.0,2.01,67.0,0.2412
2016-09-14 19:00:00,21.6,66,15.0,0.0,0.0,1.8,1.0,0.0036
2016-09-14 20:00:00,20.1,75,15.5,0.0,0.0,1.7,0.0,0.0
2016-09-14 21:00:00,18.8,81,15.6,0.0,0.0,1.75,0.0,0.0
2016-09-14 22:00:00,17.9,85,15.3,0.0,0.0,0.91,0.0,0.0
2016-09-14 23:00:00,16.8,90,15.2,0.0,0.0,1.41,0.0,0.0
2016-09-15 00:00:00,16.5,91,14.9,0.0,0.0,2.2,0.0,0.0
2016-09-15 01:00:00,16.3,91,14.8,0.0,0.0,2.65,0.0,0.0
2016-09-15 02:00:00,16.3,90,14.7,0.0,0.0,2.91,0.0,0.0
2016-09-15 03:00:00,16.5,89,14.7,0.0,0.0,3.07,0.0,0.0
2016-09-15 04:00:00,16.6,89,14.8,0.0,0.0,3.26,0.0,0.0
2016-09-15 05:00:00,16.7,90,15.0,0.0,0.0,3.26,0.0,0.0
2016-09-15 06:00:00,16.9,91,15.4,0.0,0.0,3.48,3.0,0.0108
2016-09-15 07:00:00,17.7,92,16.4,0.0,0.0,3.96,78.0,0.2808
2016-09-15 08:00:00,19.9,83,17.0,0.0,0.0,3.85,200.0,0.72
2016-09-15 09:00:00,21.9,75,17.3,0.0,0.0,3.56,325.0,1.17
2016-09-15 10:00:00,23.4,70,17.6,0.0,0.0,3.33,414.0,1.4904
2016-09-15 11:00:00,24.8,66,17.9,0.0,0.0,3.34,489.0,1.7604
2016-09-15 12:00:00,26.0,62,18.1,0.0,0.0,2.84,556.0,2.0016
2016-09-15 13:00:00,26.7,59,18.0,0.0,0.0,2.02,530.0,1.908
2016-09-15 14:00:00,26.2,60,17.8,0.4,0.0,1.53,536.0,1.9296
2016-09-15 15:00:00,25.3,64,17.9,0.5,0.0,1.71,444.0,1.5984
2016-09-15 16:00:00,25.0,65,18.0,0.0,0.0,2.5,294.0,1.0584
2016-09-15 17:00:00,24.2,69,18.2,0.0,0.0,3.0,159.0,0.5724
2016-09-15 18:00:00,22.7,76,18.3,0.1,0.0,2.97,47.0,0.1692
2016-09-15 19:00:00,20.3,86,17.9,0.0,0.0,3.3,1.0,0.0036
2016-09-15 20:00:00,19.3,90,17.6,0.0,0.0,3.07,0.0,0.0
2016-09-15 21:00:00,18.4,93,17.2,0.2,0.0,3.04,0.0,0.0
2016-09-15 22:00:00,17.8,94,16.8,0.8,0.0,3.01,0.0,0.0
2016-09-15 23:00:00,17.4,95,16.6,1.1,0.0,2.82,0.0,0.0
2016-09-16 00:00:00,17.2,96,16.6,1.7,0.0,2.02,0.0,0.0
2016-09-16 01:00:00,17.2,97,16.7,1.9,0.0,1.97,0.0,0.0
2016-09-16 02:00:00,17.1,97,16.7,0.4,0.0,2.1,0.0,0.0
2016-09-16 03:00:00,16.9,98,16.6,0.4,0.0,2.22,0.0,0.0
2016-09-16 04:00:00,16.9,98,16.7,1.8,0.0,1.63,0.0,0.0
2016-09-16 05:00:00,17.2,98,16.9,1.8,0.0,1.49,0.0,0.0
2016-09-16 06:00:00,17.3,98,17.0,0.9,0.0,1.9,0.0,0.0
2016-09-16 07:00:00,17.2,98,16.8,0.5,0.0,2.58,16.0,0.0576
2016-09-16 08:00:00,17.0,97,16.5,1.0,0.0,3.89,10.0,0.036
2016-09-16 09:00:00,16.6,95,15.8,1.5,0.0,5.1,38.0,0.1368
2016-09-16 10:00:00,16.0,92,14.8,1.6,0.0,4.19,70.0,0.252
2016-09-16 11:00:00,16.0,92,14.7,1.3,0.0,4.62,106.0,0.3816
2016-09-16 12:00:00,16.2,91,14.7,0.7,0.0,5.2,150.0,0.54
2016-09-16 13:00:00,16.2,89,14.3,0.6,0.0,5.8,145.0,0.522
2016-09-16 14:00:00,16.1,83,13.3,0.4,0.0,5.85,119.0,0.4284
2016-09-16 15:00:00,16.3,79,12.6,0.1,0.0,5.74,131.0,0.47159999999999996
2016-09-16 16:00:00,16.7,73,11.9,0.0,0.0,6.34,135.0,0.486
2016-09-16 17:00:00,16.7,69,10.9,0.0,0.0,6.11,85.0,0.306
2016-09-16 18:00:00,16.4,65,9.8,0.0,0.0,6.03,30.0,0.108
2016-09-16 19:00:00,15.7,65,9.0,0.0,0.0,5.89,0.0,0.0
2016-09-16 20:00:00,15.3,67,9.1,0.0,0.0,5.81,0.0,0.0
2016-09-16 21:00:00,15.2,68,9.2,0.0,0.0,6.01,0.0,0.0
2016-09-16 22:00:00,15.1,68,9.2,0.0,0.0,5.89,0.0,0.0
2016-09-16 23:00:00,14.9,69,9.2,0.0,0.0,5.53,0.0,0.0
2016-09-17 00:00:00,14.7,70,9.2,0.0,0.0,5.45,0.0,0.0
2016-09-17 01:00:00,14.2,72,9.2,0.0,0.0,5.37,0.0,0.0
2016-09-17 02:00:00,14.0,73,9.2,0.0,0.0,5.3,0.0,0.0
2016-09-17 03:00:00,13.8,74,9.2,0.0,0.0,5.52,0.0,0.0
2016-09-17 04:00:00,13.8,73,9.1,0.0,0.0,5.94,0.0,0.0
2016-09-17 05:00:00,13.6,74,9.2,0.2,0.0,6.37,0.0,0.0
2016-09-17 06:00:00,13.6,75,9.2,0.0,0.0,6.38,0.0,0.0
2016-09-17 07:00:00,13.9,76,9.7,0.0,0.0,6.28,15.0,0.054
2016-09-17 08:00:00,14.1,76,10.0,0.0,0.0,5.69,47.0,0.1692
2016-09-17 09:00:00,14.3,76,10.2,0.0,0.0,7.03,63.0,0.2268
2016-09-17 10:00:00,14.8,75,10.5,0.0,0.0,7.3,100.0,0.36
2016-09-17 11:00:00,15.3,75,10.9,0.0,0.0,7.19,153.0,0.5508
2016-09-17 12:00:00,15.8,75,11.3,0.0,0.0,7.43,192.0,0.6912
2016-09-17 13:00:00,16.3,75,11.8,0.0,0.0,7.31,158.0,0.5688
2016-09-17 14:00:00,16.7,76,12.4,0.0,0.0,7.13,131.0,0.47159999999999996
2016-09-17 15:00:00,17.1,77,13.0,0.0,0.0,6.99,121.0,0.4356
2016-09-17 16:00:00,17.3,78,13.4,0.0,0.0,6.04,105.0,0.378
2016-09-17 17:00:00,17.1,80,13.7,0.0,0.0,5.91,56.0,0.2016
2016-09-17 18:00:00,16.7,82,13.7,0.0,0.0,5.2,22.0,0.07919999999999999
2016-09-17 19:00:00,15.7,86,13.3,0.0,0.0,5.0,0.0,0.0
2016-09-17 20:00:00,15.4,87,13.2,0.0,0.0,4.71,0.0,0.0
2016-09-17 21:00:00,15.3,87,13.1,0.0,0.0,4.32,0.0,0.0
2016-09-17 22:00:00,15.0,88,13.1,0.0,0.0,3.55,0.0,0.0
2016-09-17 23:00:00,14.8,89,13.0,0.0,0.0,3.35,0.0,0.0
2016-09-18 00:00:00,14.7,89,13.0,0.0,0.0,3.13,0.0,0.0
2016-09-18 01:00:00,14.7,90,13.0,0.0,0.0,2.8,0.0,0.0
2016-09-18 02:00:00,14.6,90,12.9,0.0,0.0,2.61,0.0,0.0
2016-09-18 03:00:00,14.2,92,12.9,0.0,0.0,2.62,0.0,0.0
2016-09-18 04:00:00,14.2,92,12.8,0.0,0.0,2.47,0.0,0.0
2016-09-18 05:00:00,13.9,93,12.7,0.0,0.0,2.35,0.0,0.0
2016-09-18 06:00:00,13.8,93,12.7,0.0,0.0,2.28,1.0,0.0036
2016-09-18 07:00:00,14.0,93,12.9,0.0,0.0,2.47,51.0,0.18359999999999999
2016-09-18 08:00:00,15.3,85,12.7,0.0,0.0,2.93,155.0,0.5579999999999999
2016-09-18 09:00:00,16.2,78,12.4,0.0,0.0,2.82,230.0,0.828
2016-09-18 10:00:00,17.1,74,12.4,0.0,0.0,2.2,289.0,1.0404
2016-09-18 11:00:00,18.1,69,12.3,0.0,0.0,2.12,402.0,1.4472
2016-09-18 12:00:00,18.8,65,12.1,0.0,0.0,2.38,381.0,1.3716
2016-09-18 13:00:00,19.4,62,11.9,0.0,0.0,2.21,350.0,1.26
2016-09-18 14:00:00,19.6,61,11.8,0.0,0.0,2.24,268.0,0.9648
2016-09-18 15:00:00,19.5,61,11.7,0.0,0.0,2.36,199.0,0.7163999999999999
2016-09-18 16:00:00,19.3,62,11.8,0.0,0.0,2.48,145.0,0.522
2016-09-18 17:00:00,18.7,66,12.2,0.0,0.0,2.05,62.0,0.22319999999999998
2016-09-18 18:00:00,18.2,69,12.5,0.0,0.0,1.41,13.0,0.0468
2016-09-18 19:00:00,17.2,76,12.9,0.0,0.0,1.06,0.0,0.0
2016-09-18 20:00:00,16.8,82,13.7,0.0,0.0,0.76,0.0,0.0
2016-09-18 21:00:00,16.4,84,13.8,0.0,0.0,1.0,0.0,0.0
2016-09-18 22:00:00,16.3,83,13.4,0.0,0.0,1.33,0.0,0.0
2016-09-18 23:00:00,16.1,83,13.3,0.0,0.0,1.4,0.0,0.0
2016-09-19 00:00:00,16.0,84,13.2,0.0,0.0,2.06,0.0,0.0
2016-09-19 01:00:00,16.0,83,13.2,0.0,0.0,2.6,0.0,0.0
2016-09-19 02:00:00,15.7,84,13.0,0.0,0.0,2.22,0.0,0.0
2016-09-19 03:00:00,15.5,85,12.9,0.0,0.0,2.05,0.0,0.0
2016-09-19 04:00:00,15.3,85,12.7,0.0,0.0,1.77,0.0,0.0
2016-09-19 05:00:00,15.1,85,12.5,0.0,0.0,1.72,0.0,0.0
2016-09-19 06:00:00,14.7,86,12.4,0.0,0.0,1.72,1.0,0.0036
2016-09-19 07:00:00,14.7,91,13.3,0.0,0.0,1.84,15.0,0.054
2016-09-19 08:00:00,15.7,86,13.3,0.0,0.0,1.58,86.0,0.3096
2016-09-19 09:00:00,16.8,81,13.6,0.0,0.0,1.46,193.0,0.6948
2016-09-19 10:00:00,18.0,76,13.8,0.0,0.0,1.2,294.0,1.0584
2016-09-19 11:00:00,19.0,70,13.3,0.0,0.0,1.3,373.0,1.3428
2016-09-19 12:00:00,19.4,66,12.8,0.0,0.0,1.34,345.0,1.242
2016-09-19 13:00:00,19.2,65,12.5,0.0,0.0,1.72,186.0,0.6696
2016-09-19 14:00:00,18.8,68,12.9,0.0,0.0,1.94,109.0,0.39239999999999997
2016-09-19 15:00:00,18.5,72,13.3,0.0,0.0,2.16,98.0,0.3528
2016-09-19 16:00:00,18.1,75,13.6,0.2,0.0,2.16,73.0,0.2628
2016-09-19 17:00:00,17.5,80,14.0,0.3,0.0,2.33,35.0,0.126
2016-09-19 18:00:00,16.9,84,14.2,0.4,0.0,2.21,13.0,0.0468
2016-09-19 19:00:00,15.8,92,14.5,0.3,0.0,2.24,0.0,0.0
2016-09-19 20:00:00,15.5,94,14.6,0.2,0.0,2.2,0.0,0.0
2016-09-19 21:00:00,15.4,95,14.5,0.2,0.0,2.11,0.0,0.0
2016-09-19 22:00:00,15.3,95,14.5,0.0,0.0,1.96,0.0,0.0
2016-09-19 23:00:00,15.2,95,14.5,0.0,0.0,1.7,0.0,0.0
2016-09-20 00:00:00,15.1,96,14.5,0.0,0.0,1.68,0.0,0.0
2016-09-20 01:00:00,14.9,97,14.3,0.0,0.0,1.8,0.0,0.0
2016-09-20 02:00:00,14.8,97,14.2,0.0,0.0,1.96,0.0,0.0
2016-09-20 03:00:00,14.7,97,14.2,0.0,0.0,1.94,0.0,0.0
2016-09-20 04:00:00,14.6,97,14.1,0.0,0.0,2.01,0.0,0.0
2016-09-20 05:00:00,14.4,97,13.9,0.0,0.0,2.22,0.0,0.0
2016-09-20 06:00:00,14.4,97,14.0,0.0,0.0,2.45,0.0,0.0
2016-09-20 07:00:00,14.4,97,13.9,0.0,0.0,2.53,15.0,0.054
2016-09-20 08:00:00,14.5,96,13.9,0.0,0.0,2.82,34.0,0.1224
2016-09-20 09:00:00,15.2,89,13.4,0.0,0.0,3.09,110.0,0.39599999999999996
2016-09-20 10:00:00,15.8,84,13.1,0.0,0.0,2.51,116.0,0.41759999999999997
2016-09-20 11:00:00,16.5,80,13.0,0.0,0.0,2.12,152.0,0.5472
2016-09-20 12:00:00,17.0,77,12.8,0.0,0.0,2.44,175.0,0.63
2016-09-20 13:00:00,17.7,73,12.7,0.0,0.0,2.24,251.0,0.9036
2016-09-20 14:00:00,17.8,71,12.5,0.0,0.0,1.71,171.0,0.6156
2016-09-20 15:00:00,18.1,69,12.3,0.0,0.0,1.53,170.0,0.612
2016-09-20 16:00:00,18.1,68,12.2,0.0,0.0,1.51,119.0,0.4284
2016-09-20 17:00:00,17.9,69,12.2,0.0,0.0,1.6,82.0,0.2952
2016-09-20 18:00:00,17.5,72,12.5,0.0,0.0,1.41,18.0,0.0648
2016-09-20 19:00:00,16.8,77,12.8,0.0,0.0,1.36,0.0,0.0
2016-09-20 20:00:00,16.3,81,13.0,0.0,0.0,1.22,0.0,0.0
2016-09-20 21:00:00,15.6,86,13.2,0.0,0.0,1.2,0.0,0.0
2016-09-20 22:00:00,15.3,87,13.2,0.0,0.0,1.17,0.0,0.0
2016-09-20 23:00:00,15.0,90,13.3,0.0,0.0,1.46,0.0,0.0
2016-09-21 00:00:00,14.6,91,13.2,0.0,0.0,1.71,0.0,0.0
2016-09-21 01:00:00,13.9,94,12.9,0.0,0.0,1.91,0.0,0.0
2016-09-21 02:00:00,13.2,96,12.6,0.0,0.0,1.63,0.0,0.0
2016-09-21 03:00:00,12.9,96,12.3,0.0,0.0,1.65,0.0,0.0
2016-09-21 04:00:00,13.1,97,12.7,0.0,0.0,1.46,0.0,0.0
2016-09-21 05:00:00,13.0,98,12.8,0.0,0.0,1.26,0.0,0.0
2016-09-21 06:00:00,12.1,100,12.1,0.0,0.0,1.3,1.0,0.0036
2016-09-21 07:00:00,13.4,98,13.1,0.0,0.0,1.84,53.0,0.1908
2016-09-21 08:00:00,15.9,91,14.5,0.0,0.0,2.01,165.0,0.594
2016-09-21 09:00:00,17.7,81,14.4,0.0,0.0,2.36,325.0,1.17
2016-09-21 10:00:00,18.8,73,13.9,0.0,0.0,2.16,405.0,1.458
2016-09-21 11:00:00,19.9,67,13.7,0.0,0.0,2.51,517.0,1.8612
2016-09-21 12:00:00,20.6,64,13.5,0.0,0.0,3.0,509.0,1.8324
2016-09-21 13:00:00,20.9,61,13.2,0.0,0.0,3.38,472.0,1.6992
2016-09-21 14:00:00,21.1,58,12.6,0.0,0.0,3.76,474.0,1.7064
2016-09-21 15:00:00,20.5,57,11.6,0.0,0.0,3.9,327.0,1.1772
2016-09-21 16:00:00,19.8,60,11.9,0.0,0.0,3.51,200.0,0.72
2016-09-21 17:00:00,19.0,66,12.4,0.0,0.0,3.2,111.0,0.3996
2016-09-21 18:00:00,17.9,72,12.8,0.0,0.0,3.01,30.0,0.108
2016-09-21 19:00:00,17.1,76,12.8,0.0,0.0,3.04,0.0,0.0
2016-09-21 20:00:00,16.0,83,13.1,0.0,0.0,3.04,0.0,0.0
2016-09-21 21:00:00,15.7,85,13.2,0.0,0.0,3.04,0.0,0.0
2016-09-21 22:00:00,15.2,88,13.2,0.0,0.0,2.4,0.0,0.0
2016-09-21 23:00:00,15.3,87,13.2,0.0,0.0,2.57,0.0,0.0
2016-09-22 00:00:00,15.3,88,13.4,0.0,0.0,2.89,0.0,0.0
2016-09-22 01:00:00,15.3,90,13.7,0.0,0.0,2.38,0.0,0.0
2016-09-22 02:00:00,14.8,93,13.7,0.0,0.0,2.28,0.0,0.0
2016-09-22 03:00:00,14.2,95,13.5,0.0,0.0,2.33,0.0,0.0
2016-09-22 04:00:00,13.9,96,13.2,0.0,0.0,2.42,0.0,0.0
2016-09-22 05:00:00,13.4,96,12.7,0.0,0.0,2.55,0.0,0.0
2016-09-22 06:00:00,13.1,95,12.3,0.0,0.0,2.76,0.0,0.0
2016-09-22 07:00:00,14.1,95,13.3,0.0,0.0,2.9,35.0,0.126
2016-09-22 08:00:00,15.3,86,13.0,0.0,0.0,3.32,137.0,0.49319999999999997
2016-09-22 09:00:00,16.5,78,12.7,0.0,0.0,4.34,261.0,0.9396
2016-09-22 10:00:00,17.8,71,12.5,0.0,0.0,4.34,360.0,1.296
2016-09-22 11:00:00,18.4,69,12.6,0.1,0.0,3.96,310.0,1.1159999999999999
2016-09-22 12:00:00,18.6,69,12.7,0.0,0.0,4.03,261.0,0.9396
2016-09-22 13:00:00,18.8,68,12.7,0.1,0.0,3.89,306.0,1.1016
2016-09-22 14:00:00,18.8,68,12.8,0.1,0.0,3.82,252.0,0.9072
2016-09-22 15:00:00,18.7,70,13.1,0.0,0.0,3.61,266.0,0.9576
2016-09-22 16:00:00,18.2,73,13.2,0.1,0.0,3.47,176.0,0.6335999999999999
2016-09-22 17:00:00,17.7,75,13.2,0.0,0.0,3.04,123.0,0.44279999999999997
2016-09-22 18:00:00,16.7,80,13.2,0.0,0.0,2.56,33.0,0.1188
2016-09-22 19:00:00,15.9,80,12.5,0.0,0.0,2.55,0.0,0.0
2016-09-22 20:00:00,15.2,83,12.3,0.0,0.0,2.42,0.0,0.0
2016-09-22 21:00:00,13.9,87,11.8,0.0,0.0,2.51,0.0,0.0
2016-09-22 22:00:00,12.8,88,10.8,0.0,0.0,2.7,0.0,0.0
2016-09-22 23:00:00,11.9,85,9.4,0.0,0.0,2.51,0.0,0.0
2016-09-23 00:00:00,11.2,81,8.0,0.0,0.0,1.8,0.0,0.0
2016-09-23 01:00:00,10.3,81,7.1,0.0,0.0,1.71,0.0,0.0
2016-09-23 02:00:00,9.6,82,6.7,0.0,0.0,1.7,0.0,0.0
2016-09-23 03:00:00,8.8,84,6.3,0.0,0.0,1.7,0.0,0.0
2016-09-23 04:00:00,8.1,86,6.0,0.0,0.0,1.8,0.0,0.0
2016-09-23 05:00:00,7.5,88,5.6,0.0,0.0,1.82,0.0,0.0
2016-09-23 06:00:00,7.4,87,5.5,0.0,0.0,1.97,0.0,0.0
2016-09-23 07:00:00,9.2,89,7.5,0.0,0.0,1.92,57.0,0.2052
2016-09-23 08:00:00,12.5,78,8.8,0.0,0.0,1.7,193.0,0.6948
2016-09-23 09:00:00,14.5,71,9.3,0.0,0.0,1.79,334.0,1.2024
2016-09-23 10:00:00,16.1,63,9.1,0.0,0.0,1.98,467.0,1.6812
2016-09-23 11:00:00,17.1,54,7.7,0.0,0.0,2.64,556.0,2.0016
2016-09-23 12:00:00,17.9,50,7.3,0.0,0.0,2.78,592.0,2.1311999999999998
2016-09-23 13:00:00,18.3,48,7.1,0.0,0.0,2.83,544.0,1.9584
2016-09-23 14:00:00,18.5,47,7.0,0.0,0.0,2.88,440.0,1.5839999999999999
2016-09-23 15:00:00,18.3,48,7.0,0.0,0.0,3.01,380.0,1.3679999999999999
2016-09-23 16:00:00,17.8,49,7.0,0.0,0.0,3.55,275.0,0.99
2016-09-23 17:00:00,16.8,54,7.5,0.0,0.0,3.23,149.0,0.5364
2016-09-23 18:00:00,15.2,60,7.6,0.0,0.0,2.82,31.0,0.11159999999999999
2016-09-23 19:00:00,13.8,69,8.3,0.0,0.0,2.86,0.0,0.0
2016-09-23 20:00:00,12.7,77,8.7,0.0,0.0,2.77,0.0,0.0
2016-09-23 21:00:00,11.7,84,9.0,0.0,0.0,2.79,0.0,0.0
2016-09-23 22:00:00,11.0,88,9.1,0.0,0.0,3.01,0.0,0.0
2016-09-23 23:00:00,10.7,90,9.1,0.0,0.0,3.24,0.0,0.0
2016-09-24 00:00:00,10.8,90,9.2,0.0,0.0,3.51,0.0,0.0
2016-09-24 01:00:00,11.2,90,9.6,0.0,0.0,3.71,0.0,0.0
2016-09-24 02:00:00,11.7,90,10.1,0.0,0.0,3.8,0.0,0.0
2016-09-24 03:00:00,12.4,90,10.8,0.0,0.0,3.9,0.0,0.0
2016-09-24 04:00:00,13.2,89,11.4,0.0,0.0,4.1,0.0,0.0
2016-09-24 05:00:00,13.7,88,11.8,0.0,0.0,4.41,0.0,0.0
2016-09-24 06:00:00,14.1,87,12.0,0.0,0.0,4.4,0.0,0.0
2016-09-24 07:00:00,14.8,89,13.0,0.0,0.0,4.7,49.0,0.1764
2016-09-24 08:00:00,16.6,83,13.7,0.0,0.0,4.62,157.0,0.5652
2016-09-24 09:00:00,18.8,74,14.1,0.0,0.0,5.51,308.0,1.1088
2016-09-24 10:00:00,20.3,66,13.8,0.0,0.0,5.51,419.0,1.5084
2016-09-24 11:00:00,21.3,59,13.0,0.0,0.0,6.11,512.0,1.8432
2016-09-24 12:00:00,21.6,56,12.5,0.0,0.0,6.61,521.0,1.8756
2016-09-24 13:00:00,21.7,55,12.2,0.0,0.0,6.83,520.0,1.8719999999999999
2016-09-24 14:00:00,21.4,56,12.2,0.0,0.0,6.74,419.0,1.5084
2016-09-24 15:00:00,21.0,58,12.3,0.0,0.0,6.53,303.0,1.0908
2016-09-24 16:00:00,20.5,60,12.4,0.0,0.0,5.8,185.0,0.666
2016-09-24 17:00:00,19.9,60,11.9,0.0,0.0,5.54,81.0,0.29159999999999997
2016-09-24 18:00:00,19.3,60,11.4,0.0,0.0,5.36,17.0,0.0612
2016-09-24 19:00:00,18.9,60,11.0,0.0,0.0,5.32,0.0,0.0
2016-09-24 20:00:00,18.7,59,10.6,0.0,0.0,5.55,0.0,0.0
2016-09-24 21:00:00,18.6,59,10.4,0.0,0.0,5.77,0.0,0.0
2016-09-24 22:00:00,18.5,59,10.3,0.0,0.0,6.25,0.0,0.0
2016-09-24 23:00:00,18.4,59,10.3,0.0,0.0,6.03,0.0,0.0
2016-09-25 00:00:00,18.2,60,10.3,0.0,0.0,5.92,0.0,0.0
2016-09-25 01:00:00,18.1,62,10.6,0.0,0.0,5.81,0.0,0.0
2016-09-25 02:00:00,17.9,65,11.3,0.0,0.0,6.03,0.0,0.0
2016-09-25 03:00:00,17.5,72,12.4,0.0,0.0,5.87,0.0,0.0
2016-09-25 04:00:00,17.1,81,13.8,0.0,0.0,5.36,0.0,0.0
2016-09-25 05:00:00,16.9,87,14.8,0.0,0.0,5.24,0.0,0.0
2016-09-25 06:00:00,16.6,88,14.7,0.0,0.0,4.38,0.0,0.0
2016-09-25 07:00:00,16.0,86,13.6,0.0,0.0,4.16,13.0,0.0468
2016-09-25 08:00:00,15.9,82,12.7,0.0,0.0,4.55,95.0,0.34199999999999997
2016-09-25 09:00:00,16.5,73,11.6,0.0,0.0,5.41,255.0,0.9179999999999999
2016-09-25 10:00:00,17.0,68,11.1,0.0,0.0,5.19,314.0,1.1304
2016-09-25 11:00:00,17.7,62,10.3,0.0,0.0,5.64,474.0,1.7064
2016-09-25 12:00:00,18.1,57,9.5,0.0,0.0,6.22,511.0,1.8396
2016-09-25 13:00:00,18.2,55,8.9,0.0,0.0,6.49,444.0,1.5984
2016-09-25 14:00:00,18.2,53,8.5,0.0,0.0,6.74,443.0,1.5948
2016-09-25 15:00:00,18.0,52,8.1,0.0,0.0,6.42,357.0,1.2852
2016-09-25 16:00:00,17.6,52,7.5,0.0,0.0,5.54,259.0,0.9324
2016-09-25 17:00:00,16.9,54,7.4,0.0,0.0,4.25,113.0,0.4068
2016-09-25 18:00:00,15.7,57,7.2,0.0,0.0,3.69,25.0,0.09
2016-09-25 19:00:00,14.4,64,7.7,0.0,0.0,3.28,0.0,0.0
2016-09-25 20:00:00,13.4,69,7.9,0.0,0.0,3.04,0.0,0.0
2016-09-25 21:00:00,12.5,74,8.0,0.0,0.0,2.98,0.0,0.0
2016-09-25 22:00:00,11.8,79,8.2,0.0,0.0,3.25,0.0,0.0
2016-09-25 23:00:00,11.2,83,8.4,0.0,0.0,2.9,0.0,0.0
2016-09-26 00:00:00,10.7,87,8.5,0.0,0.0,2.62,0.0,0.0
2016-09-26 01:00:00,10.3,89,8.6,0.0,0.0,2.25,0.0,0.0
2016-09-26 02:00:00,10.1,91,8.7,0.0,0.0,2.33,0.0,0.0
2016-09-26 03:00:00,9.9,93,8.8,0.0,0.0,2.02,0.0,0.0
2016-09-26 04:00:00,9.6,93,8.6,0.0,0.0,2.24,0.0,0.0
2016-09-26 05:00:00,9.8,93,8.7,0.0,0.0,2.51,0.0,0.0
2016-09-26 06:00:00,9.8,93,8.8,0.0,0.0,2.5,0.0,0.0
2016-09-26 07:00:00,11.6,93,10.5,0.2,0.0,2.8,21.0,0.0756
2016-09-26 08:00:00,13.4,88,11.5,0.4,0.0,3.01,87.0,0.3132
2016-09-26 09:00:00,15.0,81,11.8,0.0,0.0,3.96,216.0,0.7776
2016-09-26 10:00:00,16.3,74,11.7,0.0,0.0,4.08,376.0,1.3536
2016-09-26 11:00:00,16.8,71,11.4,0.0,0.0,4.49,342.0,1.2312
2016-09-26 12:00:00,17.1,68,11.1,0.0,0.0,4.96,324.0,1.1663999999999999
2016-09-26 13:00:00,16.8,67,10.7,0.1,0.0,4.49,246.0,0.8855999999999999
2016-09-26 14:00:00,16.6,65,10.0,0.0,0.0,4.46,182.0,0.6552
2016-09-26 15:00:00,16.6,64,9.7,0.0,0.0,4.14,166.0,0.5976
2016-09-26 16:00:00,16.5,64,9.6,0.0,0.0,3.49,166.0,0.5976
2016-09-26 17:00:00,15.9,67,9.7,0.0,0.0,3.0,60.0,0.216
2016-09-26 18:00:00,15.4,69,9.7,0.0,0.0,2.43,10.0,0.036
2016-09-26 19:00:00,14.3,76,10.2,0.0,0.0,2.86,0.0,0.0
2016-09-26 20:00:00,13.2,83,10.4,0.0,0.0,2.89,0.0,0.0
2016-09-26 21:00:00,12.5,88,10.7,0.0,0.0,2.85,0.0,0.0
2016-09-26 22:00:00,12.0,91,10.6,0.0,0.0,2.61,0.0,0.0
2016-09-26 23:00:00,11.8,91,10.5,0.0,0.0,2.67,0.0,0.0
2016-09-27 00:00:00,11.7,91,10.3,0.0,0.0,2.38,0.0,0.0
2016-09-27 01:00:00,11.6,91,10.2,0.0,0.0,2.64,0.0,0.0
2016-09-27 02:00:00,11.6,92,10.3,0.0,0.0,3.36,0.0,0.0
2016-09-27 03:00:00,12.2,92,10.9,0.0,0.0,3.29,0.0,0.0
2016-09-27 04:00:00,13.0,91,11.6,0.0,0.0,3.86,0.0,0.0
2016-09-27 05:00:00,13.9,89,12.2,0.0,0.0,4.24,0.0,0.0
2016-09-27 06:00:00,14.6,87,12.4,0.0,0.0,4.51,0.0,0.0
2016-09-27 07:00:00,15.1,85,12.6,0.0,0.0,5.0,14.0,0.0504
2016-09-27 08:00:00,16.1,79,12.5,0.0,0.0,5.2,54.0,0.1944
2016-09-27 09:00:00,16.9,76,12.6,0.0,0.0,5.0,81.0,0.29159999999999997
2016-09-27 10:00:00,17.6,73,12.8,0.0,0.0,5.4,115.0,0.414
2016-09-27 11:00:00,17.5,76,13.2,0.0,0.0,6.51,102.0,0.36719999999999997
2016-09-27 12:00:00,17.8,78,14.0,0.0,0.0,6.68,119.0,0.4284
2016-09-27 13:00:00,18.3,80,14.7,0.0,0.0,6.3,133.0,0.4788
2016-09-27 14:00:00,18.7,81,15.4,0.0,0.0,6.13,119.0,0.4284
2016-09-27 15:00:00,19.0,82,15.8,0.0,0.0,5.66,110.0,0.39599999999999996
2016-09-27 16:00:00,19.2,81,15.8,0.0,0.0,5.1,121.0,0.4356
2016-09-27 17:00:00,18.8,82,15.6,0.0,0.0,4.33,64.0,0.2304
2016-09-27 18:00:00,18.1,84,15.4,0.0,0.0,4.03,8.0,0.0288
2016-09-27 19:00:00,17.7,87,15.4,0.0,0.0,3.89,0.0,0.0
2016-09-27 20:00:00,17.5,88,15.5,0.0,0.0,3.78,0.0,0.0
2016-09-27 21:00:00,17.2,90,15.5,0.0,0.0,3.74,0.0,0.0
2016-09-27 22:00:00,16.8,90,15.2,0.0,0.0,3.83,0.0,0.0
2016-09-27 23:00:00,16.2,89,14.5,0.0,0.0,3.64,0.0,0.0
2016-09-28 00:00:00,15.3,89,13.6,0.0,0.0,3.88,0.0,0.0
2016-09-28 01:00:00,13.9,91,12.4,0.0,0.0,4.36,0.0,0.0
2016-09-28 02:00:00,13.0,90,11.4,0.0,0.0,4.48,0.0,0.0
2016-09-28 03:00:00,12.3,91,10.9,0.0,0.0,4.39,0.0,0.0
2016-09-28 04:00:00,11.9,93,10.7,0.0,0.0,4.2,0.0,0.0
2016-09-28 05:00:00,11.7,93,10.7,0.0,0.0,4.07,0.0,0.0
2016-09-28 06:00:00,11.7,93,10.6,0.0,0.0,4.0,0.0,0.0
2016-09-28 07:00:00,12.3,91,11.0,0.0,0.0,4.44,35.0,0.126
2016-09-28 08:00:00,13.9,85,11.4,0.0,0.0,4.7,156.0,0.5616
2016-09-28 09:00:00,15.6,77,11.6,0.0,0.0,5.01,287.0,1.0332
2016-09-28 10:00:00,17.2,71,12.0,0.0,0.0,4.79,417.0,1.5011999999999999
2016-09-28 11:00:00,18.9,67,12.7,0.0,0.0,5.08,514.0,1.8504
2016-09-28 12:00:00,20.2,66,13.7,0.0,0.0,5.61,542.0,1.9512
2016-09-28 13:00:00,21.3,66,14.8,0.0,0.0,6.5,508.0,1.8288
2016-09-28 14:00:00,21.9,67,15.6,0.0,0.0,6.58,382.0,1.3752
2016-09-28 15:00:00,21.6,70,15.8,0.0,0.0,5.95,234.0,0.8423999999999999
2016-09-28 16:00:00,20.6,74,15.8,0.0,0.0,5.33,123.0,0.44279999999999997
2016-09-28 17:00:00,19.5,79,15.7,0.0,0.0,5.4,53.0,0.1908
2016-09-28 18:00:00,18.6,83,15.6,0.0,0.0,5.75,5.0,0.018
2016-09-28 19:00:00,17.5,87,15.3,0.0,0.0,5.92,0.0,0.0
2016-09-28 20:00:00,17.0,89,15.1,0.0,0.0,6.52,0.0,0.0
2016-09-28 21:00:00,16.7,90,15.1,0.0,0.0,6.4,0.0,0.0
2016-09-28 22:00:00,16.6,91,15.2,0.0,0.0,6.54,0.0,0.0
2016-09-28 23:00:00,16.6,92,15.3,0.0,0.0,6.47,0.0,0.0
2016-09-29 00:00:00,16.6,92,15.3,0.0,0.0,6.65,0.0,0.0
2016-09-29 01:00:00,16.7,92,15.4,0.0,0.0,6.59,0.0,0.0
2016-09-29 02:00:00,16.8,92,15.4,0.0,0.0,6.66,0.0,0.0
2016-09-29 03:00:00,16.8,91,15.4,0.0,0.0,6.72,0.0,0.0
2016-09-29 04:00:00,16.8,91,15.3,0.0,0.0,6.65,0.0,0.0
2016-09-29 05:00:00,16.8,91,15.3,0.0,0.0,6.73,0.0,0.0
2016-09-29 06:00:00,16.7,91,15.2,0.0,0.0,6.86,0.0,0.0
2016-09-29 07:00:00,16.8,91,15.2,0.0,0.0,6.93,10.0,0.036
2016-09-29 08:00:00,16.9,90,15.2,0.1,0.0,7.16,23.0,0.0828
2016-09-29 09:00:00,17.1,88,15.1,0.0,0.0,6.55,32.0,0.1152
2016-09-29 10:00:00,17.1,86,14.7,0.0,0.0,6.24,30.0,0.108
2016-09-29 11:00:00,17.3,78,13.5,0.0,0.0,5.68,138.0,0.49679999999999996
2016-09-29 12:00:00,18.2,65,11.5,0.0,0.0,6.26,354.0,1.2744
2016-09-29 13:00:00,19.1,56,10.2,0.0,0.0,6.6,529.0,1.9043999999999999
2016-09-29 14:00:00,19.2,53,9.4,0.0,0.0,6.99,446.0,1.6056
2016-09-29 15:00:00,18.8,54,9.3,0.0,0.0,6.64,304.0,1.0944
2016-09-29 16:00:00,18.1,55,8.8,0.0,0.0,6.42,220.0,0.7919999999999999
2016-09-29 17:00:00,17.1,56,8.2,0.0,0.0,5.79,101.0,0.3636
2016-09-29 18:00:00,15.9,58,7.6,0.0,0.0,5.48,13.0,0.0468
2016-09-29 19:00:00,15.1,63,8.0,0.0,0.0,5.12,0.0,0.0
2016-09-29 20:00:00,14.3,64,7.6,0.0,0.0,4.71,0.0,0.0
2016-09-29 21:00:00,13.5,67,7.4,0.0,0.0,4.41,0.0,0.0
2016-09-29 22:00:00,13.1,69,7.5,0.0,0.0,4.4,0.0,0.0
2016-09-29 23:00:00,12.7,72,7.7,0.0,0.0,4.11,0.0,0.0
2016-09-30 00:00:00,12.4,74,8.0,0.0,0.0,3.83,0.0,0.0
2016-09-30 01:00:00,12.2,77,8.3,0.0,0.0,3.54,0.0,0.0
2016-09-30 02:00:00,12.2,78,8.4,0.0,0.0,3.76,0.0,0.0
2016-09-30 03:00:00,12.0,79,8.5,0.0,0.0,3.58,0.0,0.0
2016-09-30 04:00:00,11.9,81,8.7,0.0,0.0,3.61,0.0,0.0
2016-09-30 05:00:00,11.4,84,8.8,0.0,0.0,3.56,0.0,0.0
2016-09-30 06:00:00,10.8,88,8.9,0.0,0.0,3.48,0.0,0.0
2016-09-30 07:00:00,11.4,90,9.9,0.0,0.0,3.76,31.0,0.11159999999999999
2016-09-30 08:00:00,12.7,85,10.3,0.0,0.0,3.89,140.0,0.504
2016-09-30 09:00:00,14.5,73,9.8,0.0,0.0,5.05,292.0,1.0512
2016-09-30 10:00:00,15.7,62,8.3,0.0,0.0,4.3,377.0,1.3572
2016-09-30 11:00:00,16.5,54,7.2,0.0,0.0,4.98,429.0,1.5444
2016-09-30 12:00:00,16.9,52,7.0,0.1,0.0,5.17,401.0,1.4436
2016-09-30 13:00:00,17.2,52,7.1,0.2,0.0,5.32,360.0,1.296
2016-09-30 14:00:00,17.2,52,7.2,0.0,0.0,5.36,356.0,1.2816
2016-09-30 15:00:00,17.1,52,7.2,0.0,0.0,5.16,290.0,1.044
2016-09-30 16:00:00,16.7,54,7.4,0.0,0.0,4.1,191.0,0.6876
2016-09-30 17:00:00,15.9,59,7.9,0.0,0.0,3.69,89.0,0.3204
2016-09-30 18:00:00,15.0,64,8.3,0.0,0.0,3.16,11.0,0.039599999999999996
2016-09-30 19:00:00,13.8,73,9.0,0.0,0.0,2.82,0.0,0.0
2016-09-30 20:00:00,13.1,77,9.2,0.0,0.0,2.73,0.0,0.0
2016-09-30 21:00:00,12.3,82,9.4,0.0,0.0,2.64,0.0,0.0
2016-09-30 22:00:00,11.7,87,9.6,0.0,0.0,1.86,0.0,0.0
2016-09-30 23:00:00,10.8,92,9.6,0.0,0.0,1.53,0.0,0.0
2016-10-01 00:00:00,10.3,94,9.4,0.0,0.0,1.66,0.0,0.0
2016-10-01 01:00:00,9.9,96,9.3,0.0,0.0,1.82,0.0,0.0
2016-10-01 02:00:00,10.0,96,9.4,0.0,0.0,1.53,0.0,0.0
2016-10-01 03:00:00,9.8,97,9.3,0.0,0.0,1.71,0.0,0.0
2016-10-01 04:00:00,10.1,97,9.6,0.0,0.0,1.6,0.0,0.0
2016-10-01 05:00:00,9.6,98,9.3,0.0,0.0,1.5,0.0,0.0
2016-10-01 06:00:00,9.8,98,9.5,0.0,0.0,1.66,0.0,0.0
2016-10-01 07:00:00,10.5,97,10.1,0.0,0.0,2.31,16.0,0.0576
2016-10-01 08:00:00,12.2,94,11.3,0.0,0.0,2.24,108.0,0.3888
2016-10-01 09:00:00,13.5,85,11.0,0.4,0.0,2.92,216.0,0.7776
2016-10-01 10:00:00,13.8,80,10.4,0.5,0.0,2.91,240.0,0.864
2016-10-01 11:00:00,12.8,85,10.4,1.5,0.0,3.0,165.0,0.594
2016-10-01 12:00:00,12.7,85,10.2,0.6,0.0,3.55,144.0,0.5184
2016-10-01 13:00:00,13.0,81,9.9,0.1,0.0,3.09,193.0,0.6948
2016-10-01 14:00:00,14.8,66,8.5,0.1,0.0,3.05,418.0,1.5048
2016-10-01 15:00:00,15.2,59,7.3,0.0,0.0,3.94,277.0,0.9972
2016-10-01 16:00:00,14.9,58,6.8,0.0,0.0,2.92,215.0,0.774
2016-10-01 17:00:00,13.8,63,6.8,0.0,0.0,1.84,72.0,0.2592
2016-10-01 18:00:00,12.8,68,7.0,0.0,0.0,2.08,8.0,0.0288
2016-10-01 19:00:00,11.5,83,8.7,0.0,0.0,2.24,0.0,0.0
2016-10-01 20:00:00,10.7,87,8.7,0.0,0.0,2.18,0.0,0.0
2016-10-01 21:00:00,9.8,92,8.5,0.0,0.0,2.21,0.0,0.0
2016-10-01 22:00:00,9.2,94,8.2,0.0,0.0,2.91,0.0,0.0
2016-10-01 23:00:00,9.1,94,8.2,0.0,0.0,3.77,0.0,0.0
2016-10-02 00:00:00,8.9,93,7.9,0.0,0.0,3.64,0.0,0.0
2016-10-02 01:00:00,8.5,94,7.6,0.0,0.0,3.89,0.0,0.0
2016-10-02 02:00:00,8.3,95,7.5,0.0,0.0,4.39,0.0,0.0
2016-10-02 03:00:00,8.5,95,7.8,0.0,0.0,4.47,0.0,0.0
2016-10-02 04:00:00,9.1,94,8.3,0.0,0.0,4.55,0.0,0.0
2016-10-02 05:00:00,9.1,94,8.2,0.0,0.0,4.39,0.0,0.0
2016-10-02 06:00:00,9.0,93,8.0,0.0,0.0,4.31,0.0,0.0
2016-10-02 07:00:00,9.1,94,8.1,0.0,0.0,4.46,30.0,0.108
2016-10-02 08:00:00,10.1,89,8.4,0.0,0.0,4.67,123.0,0.44279999999999997
2016-10-02 09:00:00,11.7,82,8.8,0.0,0.0,5.33,271.0,0.9756
2016-10-02 10:00:00,13.1,74,8.6,0.0,0.0,3.66,345.0,1.242
2016-10-02 11:00:00,14.3,65,7.8,0.0,0.0,3.89,354.0,1.2744
2016-10-02 12:00:00,15.0,59,7.0,0.0,0.0,3.85,350.0,1.26
2016-10-02 13:00:00,15.7,54,6.4,0.0,0.0,3.72,401.0,1.4436
2016-10-02 14:00:00,15.8,52,6.0,0.0,0.0,3.74,307.0,1.1052
2016-10-02 15:00:00,15.7,52,5.8,0.0,0.0,3.64,261.0,0.9396
2016-10-02 16:00:00,15.4,52,5.6,0.0,0.0,3.11,198.0,0.7128
2016-10-02 17:00:00,14.6,57,6.0,0.0,0.0,2.08,93.0,0.3348
2016-10-02 18:00:00,13.3,62,6.2,0.0,0.0,1.75,8.0,0.0288
2016-10-02 19:00:00,12.2,72,7.4,0.0,0.0,1.7,0.0,0.0
2016-10-02 20:00:00,10.6,81,7.5,0.0,0.0,1.64,0.0,0.0
2016-10-02 21:00:00,9.6,85,7.2,0.0,0.0,1.84,0.0,0.0
2016-10-02 22:00:00,8.9,86,6.8,0.0,0.0,2.31,0.0,0.0
2016-10-02 23:00:00,9.2,85,6.8,0.0,0.0,2.12,0.0,0.0
2016-10-03 00:00:00,9.5,85,7.1,0.0,0.0,2.15,0.0,0.0
2016-10-03 01:00:00,9.5,87,7.4,0.0,0.0,1.98,0.0,0.0
2016-10-03 02:00:00,9.2,90,7.6,0.0,0.0,1.98,0.0,0.0
2016-10-03 03:00:00,8.8,92,7.7,0.0,0.0,1.61,0.0,0.0
2016-10-03 04:00:00,8.5,95,7.7,0.0,0.0,1.21,0.0,0.0
2016-10-03 05:00:00,8.0,97,7.6,0.0,0.0,1.53,0.0,0.0
2016-10-03 06:00:00,6.1,100,6.1,0.0,0.0,1.78,0.0,0.0
2016-10-03 07:00:00,6.1,99,6.0,0.0,0.0,1.36,24.0,0.0864
2016-10-03 08:00:00,7.9,97,7.4,0.0,0.0,1.17,100.0,0.36
2016-10-03 09:00:00,9.6,96,9.0,0.0,0.0,1.48,194.0,0.6984
2016-10-03 10:00:00,11.4,89,9.6,0.0,0.0,1.66,280.0,1.008
2016-10-03 11:00:00,13.7,71,8.5,0.0,0.0,2.25,448.0,1.6128
2016-10-03 12:00:00,15.0,56,6.2,0.0,0.0,2.42,539.0,1.9404
2016-10-03 13:00:00,15.8,48,4.9,0.0,0.0,2.25,548.0,1.9727999999999999
2016-10-03 14:00:00,16.2,46,4.4,0.0,0.0,2.12,495.0,1.782
2016-10-03 15:00:00,16.2,46,4.6,0.0,0.0,2.09,394.0,1.4183999999999999
2016-10-03 16:00:00,15.9,49,5.3,0.0,0.0,2.09,259.0,0.9324
2016-10-03 17:00:00,14.9,57,6.4,0.0,0.0,1.68,111.0,0.3996
2016-10-03 18:00:00,13.1,66,6.9,0.0,0.0,1.94,9.0,0.0324
2016-10-03 19:00:00,12.0,78,8.2,0.0,0.0,1.94,0.0,0.0
2016-10-03 20:00:00,11.1,85,8.7,0.0,0.0,2.06,0.0,0.0
2016-10-03 21:00:00,10.6,90,9.1,0.0,0.0,2.47,0.0,0.0
2016-10-03 22:00:00,10.3,94,9.4,0.0,0.0,2.73,0.0,0.0
2016-10-03 23:00:00,10.4,96,9.8,0.0,0.0,3.07,0.0,0.0
2016-10-04 00:00:00,10.7,96,10.1,0.0,0.0,3.3,0.0,0.0
2016-10-04 01:00:00,11.0,96,10.4,0.0,0.0,3.44,0.0,0.0
2016-10-04 02:00:00,11.3,96,10.6,0.0,0.0,3.34,0.0,0.0
2016-10-04 03:00:00,11.2,96,10.6,0.0,0.0,3.63,0.0,0.0
2016-10-04 04:00:00,11.3,96,10.7,0.0,0.0,3.81,0.0,0.0
2016-10-04 05:00:00,11.4,96,10.8,0.0,0.0,3.8,0.0,0.0
2016-10-04 06:00:00,11.7,96,11.1,0.0,0.0,3.7,0.0,0.0
2016-10-04 07:00:00,11.9,97,11.5,0.0,0.0,4.1,25.0,0.09
2016-10-04 08:00:00,13.4,92,12.1,0.0,0.0,5.45,135.0,0.486
2016-10-04 09:00:00,14.3,84,11.7,0.0,0.0,5.34,196.0,0.7056
2016-10-04 10:00:00,15.1,77,11.1,0.0,0.0,5.2,266.0,0.9576
2016-10-04 11:00:00,15.9,71,10.7,0.0,0.0,5.38,383.0,1.3788
2016-10-04 12:00:00,16.5,68,10.6,0.0,0.0,5.14,407.0,1.4652
2016-10-04 13:00:00,16.8,66,10.3,0.0,0.0,5.51,444.0,1.5984
2016-10-04 14:00:00,16.8,66,10.4,0.0,0.0,6.0,459.0,1.6523999999999999
2016-10-04 15:00:00,16.3,68,10.4,0.0,0.0,6.31,354.0,1.2744
2016-10-04 16:00:00,15.6,71,10.4,0.0,0.0,6.24,202.0,0.7272
2016-10-04 17:00:00,14.8,74,10.3,0.0,0.0,6.13,94.0,0.3384
2016-10-04 18:00:00,14.2,78,10.4,0.0,0.0,5.91,5.0,0.018
2016-10-04 19:00:00,14.0,79,10.3,0.0,0.0,5.8,0.0,0.0
2016-10-04 20:00:00,14.2,75,9.9,0.0,0.0,5.71,0.0,0.0
2016-10-04 21:00:00,14.3,72,9.4,0.0,0.0,5.41,0.0,0.0
2016-10-04 22:00:00,13.8,74,9.3,0.0,0.0,5.12,0.0,0.0
2016-10-04 23:00:00,13.8,75,9.5,0.0,0.0,5.32,0.0,0.0
2016-10-05 00:00:00,13.5,77,9.5,0.0,0.0,5.41,0.0,0.0
2016-10-05 01:00:00,13.2,76,9.1,0.0,0.0,5.3,0.0,0.0
2016-10-05 02:00:00,12.9,75,8.5,0.0,0.0,5.1,0.0,0.0
2016-10-05 03:00:00,12.7,74,8.1,0.0,0.0,5.11,0.0,0.0
2016-10-05 04:00:00,12.2,74,7.7,0.0,0.0,5.1,0.0,0.0
2016-10-05 05:00:00,11.6,75,7.4,0.0,0.0,5.0,0.0,0.0
2016-10-05 06:00:00,11.1,77,7.2,0.0,0.0,5.0,0.0,0.0
2016-10-05 07:00:00,11.3,81,8.2,0.0,0.0,5.1,26.0,0.0936
2016-10-05 08:00:00,12.6,77,8.6,0.0,0.0,5.41,145.0,0.522
2016-10-05 09:00:00,13.8,69,8.2,0.0,0.0,7.3,273.0,0.9828
2016-10-05 10:00:00,14.3,67,8.2,0.0,0.0,6.6,337.0,1.2132
2016-10-05 11:00:00,14.8,64,8.0,0.0,0.0,7.01,446.0,1.6056
2016-10-05 12:00:00,14.6,63,7.6,0.0,0.0,7.33,399.0,1.4364
2016-10-05 13:00:00,14.6,61,7.2,0.0,0.0,7.65,420.0,1.512
2016-10-05 14:00:00,14.4,60,6.9,0.0,0.0,7.78,398.0,1.4327999999999999
2016-10-05 15:00:00,14.0,61,6.5,0.0,0.0,7.63,347.0,1.2491999999999999
2016-10-05 16:00:00,13.4,61,6.0,0.0,0.0,7.57,229.0,0.8244
2016-10-05 17:00:00,12.7,62,5.7,0.0,0.0,6.5,88.0,0.31679999999999997
2016-10-05 18:00:00,12.0,64,5.4,0.0,0.0,6.21,6.0,0.0216
2016-10-05 19:00:00,11.9,66,5.8,0.0,0.0,6.24,0.0,0.0
2016-10-05 20:00:00,11.8,68,6.1,0.0,0.0,5.85,0.0,0.0
2016-10-05 21:00:00,11.6,69,6.0,0.0,0.0,5.62,0.0,0.0
2016-10-05 22:00:00,11.8,66,5.7,0.0,0.0,5.4,0.0,0.0
2016-10-05 23:00:00,11.5,65,5.2,0.0,0.0,4.8,0.0,0.0
2016-10-06 00:00:00,11.3,65,5.0,0.0,0.0,4.73,0.0,0.0
2016-10-06 01:00:00,11.2,65,5.0,0.0,0.0,4.36,0.0,0.0
2016-10-06 02:00:00,11.3,65,5.0,0.0,0.0,3.81,0.0,0.0
2016-10-06 03:00:00,11.2,65,5.0,0.0,0.0,3.73,0.0,0.0
2016-10-06 04:00:00,11.2,65,4.9,0.0,0.0,4.16,0.0,0.0
2016-10-06 05:00:00,11.1,66,4.9,0.0,0.0,4.3,0.0,0.0
2016-10-06 06:00:00,11.0,66,4.8,0.0,0.0,4.29,0.0,0.0
2016-10-06 07:00:00,11.2,70,5.9,0.0,0.0,4.39,8.0,0.0288
2016-10-06 08:00:00,11.5,69,6.0,0.0,0.0,4.41,54.0,0.1944
2016-10-06 09:00:00,12.1,62,5.1,0.0,0.0,5.86,104.0,0.3744
2016-10-06 10:00:00,12.3,58,4.3,0.0,0.0,6.07,138.0,0.49679999999999996
2016-10-06 11:00:00,12.6,55,3.9,0.0,0.0,6.04,154.0,0.5544
2016-10-06 12:00:00,12.8,54,3.8,0.0,0.0,6.3,196.0,0.7056
2016-10-06 13:00:00,13.2,54,4.1,0.0,0.0,5.13,181.0,0.6516
2016-10-06 14:00:00,13.6,53,4.2,0.0,0.0,5.55,168.0,0.6048
2016-10-06 15:00:00,13.4,57,5.0,0.0,0.0,4.92,148.0,0.5327999999999999
2016-10-06 16:00:00,13.0,60,5.4,0.0,0.0,5.15,138.0,0.49679999999999996
2016-10-06 17:00:00,12.2,62,5.2,0.0,0.0,4.92,55.0,0.19799999999999998
2016-10-06 18:00:00,11.6,62,4.6,0.0,0.0,4.4,3.0,0.0108
2016-10-06 19:00:00,11.4,64,4.8,0.0,0.0,3.94,0.0,0.0
2016-10-06 20:00:00,11.7,63,5.0,0.0,0.0,3.8,0.0,0.0
2016-10-06 21:00:00,12.0,66,5.8,0.0,0.0,3.72,0.0,0.0
2016-10-06 22:00:00,12.1,71,7.1,0.0,0.0,3.67,0.0,0.0
2016-10-06 23:00:00,12.2,76,8.0,0.0,0.0,3.37,0.0,0.0
2016-10-07 00:00:00,12.0,79,8.5,0.0,0.0,3.31,0.0,0.0
2016-10-07 01:00:00,11.8,81,8.7,0.0,0.0,3.11,0.0,0.0
2016-10-07 02:00:00,11.6,83,8.8,0.0,0.0,2.81,0.0,0.0
2016-10-07 03:00:00,10.9,87,8.9,0.0,0.0,2.72,0.0,0.0
2016-10-07 04:00:00,10.5,90,9.0,0.0,0.0,2.67,0.0,0.0
2016-10-07 05:00:00,10.7,90,9.2,0.0,0.0,3.1,0.0,0.0
2016-10-07 06:00:00,10.8,91,9.4,0.0,0.0,3.08,0.0,0.0
2016-10-07 07:00:00,11.5,91,10.1,0.0,0.0,2.67,8.0,0.0288
2016-10-07 08:00:00,12.4,87,10.3,0.0,0.0,2.67,57.0,0.2052
2016-10-07 09:00:00,13.3,78,9.5,0.0,0.0,3.9,148.0,0.5327999999999999
2016-10-07 10:00:00,13.9,72,9.0,0.0,0.0,3.82,166.0,0.5976
2016-10-07 11:00:00,14.6,68,8.7,0.0,0.0,3.52,227.0,0.8171999999999999
2016-10-07 12:00:00,15.2,65,8.7,0.1,0.0,4.44,266.0,0.9576
2016-10-07 13:00:00,14.9,68,9.1,0.0,0.0,5.0,206.0,0.7415999999999999
2016-10-07 14:00:00,15.0,68,9.1,0.0,0.0,4.74,213.0,0.7667999999999999
2016-10-07 15:00:00,14.7,69,9.1,0.0,0.0,4.4,157.0,0.5652
2016-10-07 16:00:00,14.6,69,9.0,0.0,0.0,3.67,151.0,0.5436
2016-10-07 17:00:00,13.9,73,9.1,0.0,0.0,2.82,62.0,0.22319999999999998
2016-10-07 18:00:00,13.0,77,9.1,0.0,0.0,2.33,3.0,0.0108
2016-10-07 19:00:00,12.2,83,9.4,0.0,0.0,2.19,0.0,0.0
2016-10-07 20:00:00,11.5,88,9.5,0.0,0.0,2.41,0.0,0.0
2016-10-07 21:00:00,11.3,89,9.6,0.0,0.0,2.5,0.0,0.0
2016-10-07 22:00:00,10.7,92,9.5,0.0,0.0,2.15,0.0,0.0
2016-10-07 23:00:00,10.6,93,9.5,0.0,0.0,2.42,0.0,0.0
2016-10-08 00:00:00,10.4,94,9.5,0.0,0.0,2.51,0.0,0.0
2016-10-08 01:00:00,10.0,95,9.3,0.0,0.0,2.47,0.0,0.0
2016-10-08 02:00:00,9.9,96,9.3,0.0,0.0,2.56,0.0,0.0
2016-10-08 03:00:00,9.8,96,9.2,0.0,0.0,2.62,0.0,0.0
2016-10-08 04:00:00,9.5,97,9.1,0.0,0.0,2.67,0.0,0.0
2016-10-08 05:00:00,9.4,98,9.1,0.0,0.0,2.63,0.0,0.0
2016-10-08 06:00:00,9.8,97,9.4,0.0,0.0,2.62,0.0,0.0
2016-10-08 07:00:00,11.2,96,10.6,0.0,0.0,2.83,4.0,0.0144
2016-10-08 08:00:00,12.0,94,11.0,0.0,0.0,3.24,24.0,0.0864
2016-10-08 09:00:00,12.8,88,10.9,0.0,0.0,3.96,47.0,0.1692
2016-10-08 10:00:00,13.4,85,10.9,0.0,0.0,3.2,80.0,0.288
2016-10-08 11:00:00,13.8,82,10.7,0.0,0.0,3.01,96.0,0.3456
2016-10-08 12:00:00,14.2,81,11.0,0.0,0.0,2.98,165.0,0.594
2016-10-08 13:00:00,14.9,80,11.4,0.0,0.0,3.32,240.0,0.864
2016-10-08 14:00:00,15.2,78,11.5,0.0,0.0,3.45,261.0,0.9396
2016-10-08 15:00:00,14.3,80,10.9,0.4,0.0,3.67,176.0,0.6335999999999999
2016-10-08 16:00:00,13.6,81,10.4,0.2,0.0,3.32,39.0,0.1404
2016-10-08 17:00:00,13.1,83,10.2,0.0,0.0,3.06,31.0,0.11159999999999999
2016-10-08 18:00:00,12.2,86,9.9,0.0,0.0,3.22,1.0,0.0036
2016-10-08 19:00:00,12.7,78,9.0,0.0,0.0,3.44,0.0,0.0
2016-10-08 20:00:00,12.4,77,8.6,0.0,0.0,3.45,0.0,0.0
2016-10-08 21:00:00,12.0,78,8.3,0.0,0.0,3.26,0.0,0.0
2016-10-08 22:00:00,11.5,80,8.1,0.0,0.0,3.41,0.0,0.0
2016-10-08 23:00:00,10.6,84,7.9,0.0,0.0,3.51,0.0,0.0
2016-10-09 00:00:00,10.3,84,7.8,0.0,0.0,3.51,0.0,0.0
2016-10-09 01:00:00,9.5,89,7.7,0.0,0.0,3.62,0.0,0.0
2016-10-09 02:00:00,9.1,90,7.6,0.0,0.0,3.61,0.0,0.0
2016-10-09 03:00:00,8.5,92,7.3,0.0,0.0,3.6,0.0,0.0
2016-10-09 04:00:00,8.1,92,6.9,0.0,0.0,3.5,0.0,0.0
2016-10-09 05:00:00,7.8,93,6.7,0.0,0.0,3.52,0.0,0.0
2016-10-09 06:00:00,7.4,93,6.4,0.0,0.0,3.63,0.0,0.0
2016-10-09 07:00:00,8.3,89,6.7,0.0,0.0,3.91,16.0,0.0576
2016-10-09 08:00:00,9.6,84,7.1,0.0,0.0,3.91,112.0,0.4032
2016-10-09 09:00:00,11.2,76,7.2,0.0,0.0,4.39,233.0,0.8388
2016-10-09 10:00:00,12.8,69,7.2,0.0,0.0,4.88,377.0,1.3572
2016-10-09 11:00:00,13.7,62,6.6,0.1,0.0,4.55,411.0,1.4796
2016-10-09 12:00:00,14.1,60,6.3,0.1,0.0,3.89,386.0,1.3896
2016-10-09 13:00:00,14.2,60,6.5,0.0,0.0,3.44,345.0,1.242
2016-10-09 14:00:00,14.4,60,6.7,0.0,0.0,3.49,331.0,1.1916
2016-10-09 15:00:00,13.4,64,6.8,0.2,0.0,3.42,233.0,0.8388
2016-10-09 16:00:00,13.1,65,6.7,0.0,0.0,3.42,166.0,0.5976
2016-10-09 17:00:00,12.3,69,6.8,0.0,0.0,3.1,56.0,0.2016
2016-10-09 18:00:00,11.4,73,6.8,0.0,0.0,2.92,1.0,0.0036
2016-10-09 19:00:00,10.7,83,7.8,0.0,0.0,2.85,0.0,0.0
2016-10-09 20:00:00,9.9,86,7.7,0.0,0.0,3.04,0.0,0.0
2016-10-09 21:00:00,9.5,89,7.8,0.0,0.0,2.98,0.0,0.0
2016-10-09 22:00:00,9.1,92,7.8,0.0,0.0,2.9,0.0,0.0
2016-10-09 23:00:00,8.4,93,7.3,0.0,0.0,2.9,0.0,0.0
2016-10-10 00:00:00,7.8,94,6.9,0.0,0.0,2.8,0.0,0.0
2016-10-10 01:00:00,7.4,94,6.4,0.0,0.0,3.01,0.0,0.0
2016-10-10 02:00:00,6.9,93,5.9,0.0,0.0,3.11,0.0,0.0
2016-10-10 03:00:00,6.5,93,5.5,0.0,0.0,3.11,0.0,0.0
2016-10-10 04:00:00,6.2,93,5.1,0.0,0.0,2.8,0.0,0.0
2016-10-10 05:00:00,5.8,94,4.9,0.0,0.0,2.63,0.0,0.0
2016-10-10 06:00:00,5.5,95,4.7,0.0,0.0,2.79,0.0,0.0
2016-10-10 07:00:00,5.6,96,5.0,0.0,0.0,3.01,16.0,0.0576
2016-10-10 08:00:00,7.6,92,6.4,0.0,0.0,3.01,120.0,0.432
2016-10-10 09:00:00,9.5,83,6.8,0.0,0.0,3.45,253.0,0.9107999999999999
2016-10-10 10:00:00,11.2,72,6.4,0.0,0.0,3.61,379.0,1.3644
2016-10-10 11:00:00,12.3,64,5.6,0.0,0.0,4.01,443.0,1.5948
2016-10-10 12:00:00,12.9,59,5.0,0.0,0.0,4.22,463.0,1.6668
2016-10-10 13:00:00,13.0,57,4.7,0.0,0.0,4.23,371.0,1.3356
2016-10-10 14:00:00,13.0,56,4.5,0.0,0.0,4.14,274.0,0.9863999999999999
2016-10-10 15:00:00,12.9,56,4.3,0.0,0.0,4.21,229.0,0.8244
2016-10-10 16:00:00,12.1,62,5.1,0.0,0.0,3.6,115.0,0.414
2016-10-10 17:00:00,11.3,67,5.3,0.0,0.0,3.31,45.0,0.162
2016-10-10 18:00:00,10.0,73,5.5,0.0,0.0,3.04,1.0,0.0036
2016-10-10 19:00:00,9.6,82,6.6,0.0,0.0,2.98,0.0,0.0
2016-10-10 20:00:00,8.6,89,6.9,0.0,0.0,2.79,0.0,0.0
2016-10-10 21:00:00,7.9,93,6.8,0.0,0.0,2.91,0.0,0.0
2016-10-10 22:00:00,7.8,94,6.9,0.0,0.0,2.86,0.0,0.0
2016-10-10 23:00:00,7.5,95,6.7,0.0,0.0,2.79,0.0,0.0
2016-10-11 00:00:00,7.4,95,6.6,0.0,0.0,2.88,0.0,0.0
2016-10-11 01:00:00,7.3,95,6.6,0.0,0.0,2.95,0.0,0.0
2016-10-11 02:00:00,7.0,96,6.3,0.0,0.0,2.87,0.0,0.0
2016-10-11 03:00:00,6.7,96,6.1,0.0,0.0,2.75,0.0,0.0
2016-10-11 04:00:00,6.5,96,5.9,0.0,0.0,2.51,0.0,0.0
2016-10-11 05:00:00,6.2,97,5.7,0.0,0.0,2.34,0.0,0.0
2016-10-11 06:00:00,5.8,97,5.4,0.0,0.0,2.44,0.0,0.0
2016-10-11 07:00:00,5.9,98,5.7,0.0,0.0,2.6,13.0,0.0468
2016-10-11 08:00:00,7.7,95,7.0,0.0,0.0,2.42,102.0,0.36719999999999997
2016-10-11 09:00:00,10.2,87,8.1,0.0,0.0,2.3,222.0,0.7992
2016-10-11 10:00:00,11.8,78,8.2,0.0,0.0,2.06,327.0,1.1772
2016-10-11 11:00:00,12.9,70,7.5,0.0,0.0,2.77,384.0,1.3824
2016-10-11 12:00:00,13.8,64,7.0,0.0,0.0,3.06,374.0,1.3464
2016-10-11 13:00:00,14.0,62,6.8,0.0,0.0,3.0,312.0,1.1232
2016-10-11 14:00:00,14.0,62,6.7,0.0,0.0,3.11,229.0,0.8244
2016-10-11 15:00:00,13.9,62,6.8,0.0,0.0,3.31,199.0,0.7163999999999999
2016-10-11 16:00:00,13.6,65,7.2,0.0,0.0,2.86,149.0,0.5364
2016-10-11 17:00:00,12.5,72,7.5,0.0,0.0,2.47,52.0,0.1872
2016-10-11 18:00:00,11.3,79,7.8,0.0,0.0,2.31,1.0,0.0036
2016-10-11 19:00:00,10.5,83,7.7,0.0,0.0,1.87,0.0,0.0
2016-10-11 20:00:00,9.1,91,7.7,0.0,0.0,1.93,0.0,0.0
2016-10-11 21:00:00,8.5,92,7.3,0.0,0.0,1.84,0.0,0.0
2016-10-11 22:00:00,8.2,94,7.3,0.0,0.0,1.49,0.0,0.0
2016-10-11 23:00:00,8.9,93,7.9,0.0,0.0,1.75,0.0,0.0
2016-10-12 00:00:00,9.6,91,8.2,0.0,0.0,2.19,0.0,0.0
2016-10-12 01:00:00,9.9,90,8.4,0.0,0.0,2.51,0.0,0.0
2016-10-12 02:00:00,9.5,92,8.3,0.0,0.0,2.8,0.0,0.0
2016-10-12 03:00:00,9.4,93,8.3,0.0,0.0,2.92,0.0,0.0
2016-10-12 04:00:00,9.2,94,8.3,0.0,0.0,2.98,0.0,0.0
2016-10-12 05:00:00,9.0,94,8.2,0.0,0.0,3.12,0.0,0.0
2016-10-12 06:00:00,8.9,95,8.2,0.0,0.0,3.28,0.0,0.0
2016-10-12 07:00:00,9.4,93,8.3,0.0,0.0,3.5,10.0,0.036
2016-10-12 08:00:00,10.3,91,8.9,0.0,0.0,3.62,54.0,0.1944
2016-10-12 09:00:00,11.2,87,9.2,0.0,0.0,3.89,100.0,0.36
2016-10-12 10:00:00,12.2,86,9.9,0.0,0.0,4.03,201.0,0.7236
2016-10-12 11:00:00,12.8,85,10.3,0.0,0.0,4.48,237.0,0.8532
2016-10-12 12:00:00,13.8,80,10.5,0.0,0.0,4.53,362.0,1.3032
2016-10-12 13:00:00,13.8,79,10.2,0.0,0.0,4.6,302.0,1.0872
2016-10-12 14:00:00,14.0,76,9.8,0.0,0.0,5.19,325.0,1.17
2016-10-12 15:00:00,13.6,73,8.9,0.0,0.0,5.44,270.0,0.972
2016-10-12 16:00:00,12.7,73,7.9,0.0,0.0,4.92,155.0,0.5579999999999999
2016-10-12 17:00:00,11.8,76,7.7,0.0,0.0,4.83,49.0,0.1764
2016-10-12 18:00:00,10.7,82,7.7,0.0,0.0,4.24,0.0,0.0
2016-10-12 19:00:00,10.8,81,7.7,0.1,0.0,4.27,0.0,0.0
2016-10-12 20:00:00,10.3,85,7.9,0.0,0.0,4.27,0.0,0.0
2016-10-12 21:00:00,9.8,89,8.1,0.2,0.0,4.07,0.0,0.0
2016-10-12 22:00:00,9.6,90,8.1,0.0,0.0,3.83,0.0,0.0
2016-10-12 23:00:00,9.1,92,7.8,0.0,0.0,3.69,0.0,0.0
2016-10-13 00:00:00,8.8,92,7.6,0.0,0.0,3.56,0.0,0.0
2016-10-13 01:00:00,8.3,95,7.5,0.0,0.0,3.34,0.0,0.0
2016-10-13 02:00:00,8.3,95,7.5,0.0,0.0,3.7,0.0,0.0
2016-10-13 03:00:00,8.2,95,7.5,0.0,0.0,3.84,0.0,0.0
2016-10-13 04:00:00,8.1,95,7.4,0.0,0.0,3.76,0.0,0.0
2016-10-13 05:00:00,8.3,95,7.5,0.0,0.0,3.55,0.0,0.0
2016-10-13 06:00:00,8.6,94,7.6,0.0,0.0,3.62,0.0,0.0
2016-10-13 07:00:00,7.9,94,7.0,0.3,0.0,3.72,8.0,0.0288
2016-10-13 08:00:00,8.8,93,7.8,0.0,0.0,3.77,72.0,0.2592
2016-10-13 09:00:00,10.1,89,8.3,0.0,0.0,4.46,169.0,0.6083999999999999
2016-10-13 10:00:00,11.0,85,8.7,0.1,0.0,4.09,264.0,0.9504
2016-10-13 11:00:00,11.8,81,8.6,0.1,0.0,4.65,319.0,1.1483999999999999
2016-10-13 12:00:00,12.5,75,8.1,0.0,0.0,5.28,354.0,1.2744
2016-10-13 13:00:00,12.8,68,7.0,0.0,0.0,6.11,336.0,1.2096
2016-10-13 14:00:00,12.8,64,6.2,0.0,0.0,6.46,306.0,1.1016
2016-10-13 15:00:00,12.3,64,5.8,0.0,0.0,6.26,206.0,0.7415999999999999
2016-10-13 16:00:00,11.9,65,5.5,0.0,0.0,5.64,90.0,0.324
2016-10-13 17:00:00,11.8,64,5.1,0.0,0.0,4.61,22.0,0.07919999999999999
2016-10-13 18:00:00,11.8,64,5.1,0.0,0.0,4.18,0.0,0.0
2016-10-13 19:00:00,11.2,72,6.4,0.0,0.0,3.64,0.0,0.0
2016-10-13 20:00:00,11.3,72,6.4,0.0,0.0,3.57,0.0,0.0
2016-10-13 21:00:00,11.2,73,6.5,0.0,0.0,3.71,0.0,0.0
2016-10-13 22:00:00,10.9,76,6.8,0.0,0.0,2.75,0.0,0.0
2016-10-13 23:00:00,10.7,78,7.1,0.0,0.0,2.56,0.0,0.0
2016-10-14 00:00:00,10.6,80,7.3,0.0,0.0,2.42,0.0,0.0
2016-10-14 01:00:00,10.5,81,7.3,0.0,0.0,2.79,0.0,0.0
2016-10-14 02:00:00,10.3,81,7.3,0.0,0.0,2.91,0.0,0.0
2016-10-14 03:00:00,10.0,82,7.2,0.0,0.0,2.79,0.0,0.0
2016-10-14 04:00:00,9.5,84,7.0,0.0,0.0,2.62,0.0,0.0
2016-10-14 05:00:00,9.7,83,6.9,0.0,0.0,2.6,0.0,0.0
2016-10-14 06:00:00,9.9,81,6.9,0.0,0.0,2.72,0.0,0.0
2016-10-14 07:00:00,8.6,93,7.5,0.0,0.0,2.75,8.0,0.0288
2016-10-14 08:00:00,9.6,91,8.2,0.0,0.0,2.66,68.0,0.2448
2016-10-14 09:00:00,10.8,85,8.4,0.0,0.0,3.34,178.0,0.6408
2016-10-14 10:00:00,12.1,73,7.5,0.0,0.0,3.88,307.0,1.1052
2016-10-14 11:00:00,12.7,68,7.0,0.0,0.0,3.86,284.0,1.0224
2016-10-14 12:00:00,13.4,64,6.7,0.0,0.0,3.83,338.0,1.2167999999999999
2016-10-14 13:00:00,13.8,62,6.7,0.0,0.0,4.24,324.0,1.1663999999999999
2016-10-14 14:00:00,13.6,63,6.7,0.0,0.0,4.32,221.0,0.7956
2016-10-14 15:00:00,12.9,67,7.0,0.0,0.0,4.18,93.0,0.3348
2016-10-14 16:00:00,12.5,70,7.2,0.0,0.0,3.83,55.0,0.19799999999999998
2016-10-14 17:00:00,12.1,73,7.5,0.0,0.0,3.67,17.0,0.0612
2016-10-14 18:00:00,11.8,76,7.7,0.0,0.0,3.45,0.0,0.0
2016-10-14 19:00:00,11.5,80,8.2,0.0,0.0,3.13,0.0,0.0
2016-10-14 20:00:00,11.4,82,8.4,0.0,0.0,2.69,0.0,0.0
2016-10-14 21:00:00,11.3,83,8.6,0.0,0.0,2.42,0.0,0.0
2016-10-14 22:00:00,11.3,84,8.7,0.0,0.0,1.86,0.0,0.0
2016-10-14 23:00:00,11.2,86,8.9,0.0,0.0,1.7,0.0,0.0
2016-10-15 00:00:00,11.1,87,9.1,0.0,0.0,1.35,0.0,0.0
2016-10-15 01:00:00,11.1,89,9.3,0.0,0.0,1.28,0.0,0.0
2016-10-15 02:00:00,10.9,93,9.7,0.0,0.0,0.85,0.0,0.0
2016-10-15 03:00:00,10.7,93,9.6,0.0,0.0,0.82,0.0,0.0
2016-10-15 04:00:00,10.0,96,9.4,0.0,0.0,1.13,0.0,0.0
2016-10-15 05:00:00,9.0,97,8.6,0.0,0.0,1.71,0.0,0.0
2016-10-15 06:00:00,8.7,97,8.2,0.0,0.0,2.18,0.0,0.0
2016-10-15 07:00:00,9.4,96,8.8,0.0,0.0,2.71,7.0,0.0252
2016-10-15 08:00:00,11.3,90,9.6,0.0,0.0,3.3,74.0,0.26639999999999997
2016-10-15 09:00:00,13.2,79,9.7,0.0,0.0,3.65,175.0,0.63
2016-10-15 10:00:00,14.4,71,9.3,0.0,0.0,4.22,234.0,0.8423999999999999
2016-10-15 11:00:00,14.6,71,9.4,0.0,0.0,3.16,181.0,0.6516
2016-10-15 12:00:00,15.2,68,9.3,0.0,0.0,2.72,249.0,0.8964
2016-10-15 13:00:00,15.7,64,8.9,0.0,0.0,3.11,286.0,1.0296
2016-10-15 14:00:00,16.1,61,8.5,0.0,0.0,3.81,356.0,1.2816
2016-10-15 15:00:00,15.8,59,7.8,0.0,0.0,4.5,278.0,1.0008
2016-10-15 16:00:00,15.1,63,8.1,0.0,0.0,4.41,150.0,0.54
2016-10-15 17:00:00,13.9,70,8.6,0.0,0.0,4.21,42.0,0.1512
2016-10-15 18:00:00,13.1,81,9.9,1.3,0.0,4.26,0.0,0.0
2016-10-15 19:00:00,12.7,91,11.3,0.3,0.0,4.62,0.0,0.0
2016-10-15 20:00:00,12.6,92,11.4,0.0,0.0,4.66,0.0,0.0
2016-10-15 21:00:00,12.1,92,10.9,0.0,0.0,4.12,0.0,0.0
2016-10-15 22:00:00,11.3,93,10.1,0.0,0.0,3.4,0.0,0.0
2016-10-15 23:00:00,10.6,94,9.6,0.0,0.0,2.63,0.0,0.0
2016-10-16 00:00:00,10.2,94,9.3,0.0,0.0,2.6,0.0,0.0
2016-10-16 01:00:00,10.0,94,9.1,0.0,0.0,2.82,0.0,0.0
2016-10-16 02:00:00,9.8,95,9.0,0.0,0.0,3.09,0.0,0.0
2016-10-16 03:00:00,10.0,95,9.2,0.0,0.0,3.36,0.0,0.0
2016-10-16 04:00:00,10.6,94,9.7,0.0,0.0,3.82,0.0,0.0
2016-10-16 05:00:00,11.1,94,10.1,0.2,0.0,4.39,0.0,0.0
2016-10-16 06:00:00,11.3,93,10.3,0.9,0.0,4.6,0.0,0.0
2016-10-16 07:00:00,11.8,95,10.9,1.9,0.0,4.62,2.0,0.0072
2016-10-16 08:00:00,12.4,93,11.3,2.5,0.0,6.01,10.0,0.036
2016-10-16 09:00:00,13.4,91,11.9,1.5,0.0,7.48,28.0,0.1008
2016-10-16 10:00:00,14.1,91,12.7,0.4,0.0,5.46,71.0,0.2556
2016-10-16 11:00:00,14.9,90,13.2,0.0,0.0,4.68,172.0,0.6192
2016-10-16 12:00:00,15.6,88,13.5,0.1,0.0,4.92,257.0,0.9252
2016-10-16 13:00:00,16.1,83,13.3,0.0,0.0,4.97,349.0,1.2564
2016-10-16 14:00:00,16.3,80,12.8,0.0,0.0,4.85,361.0,1.2995999999999999
2016-10-16 15:00:00,15.9,79,12.3,0.0,0.0,5.69,260.0,0.9359999999999999
2016-10-16 16:00:00,14.9,81,11.8,0.0,0.0,5.22,114.0,0.4104
2016-10-16 17:00:00,14.2,83,11.4,0.0,0.0,4.32,36.0,0.1296
2016-10-16 18:00:00,13.3,87,11.2,0.0,0.0,4.1,0.0,0.0
2016-10-16 19:00:00,12.8,89,10.9,0.0,0.0,4.3,0.0,0.0
2016-10-16 20:00:00,12.3,91,11.0,0.0,0.0,4.21,0.0,0.0
2016-10-16 21:00:00,12.2,93,11.0,0.0,0.0,3.95,0.0,0.0
2016-10-16 22:00:00,12.3,93,11.1,0.0,0.0,3.6,0.0,0.0
2016-10-16 23:00:00,12.0,94,11.0,0.0,0.0,4.34,0.0,0.0
2016-10-17 00:00:00,11.7,94,10.8,0.0,0.0,4.3,0.0,0.0
2016-10-17 01:00:00,11.5,94,10.6,0.0,0.0,4.08,0.0,0.0
2016-10-17 02:00:00,11.5,94,10.5,0.0,0.0,4.12,0.0,0.0
2016-10-17 03:00:00,11.2,92,10.0,0.0,0.0,3.98,0.0,0.0
2016-10-17 04:00:00,11.1,92,9.8,0.0,0.0,4.07,0.0,0.0
2016-10-17 05:00:00,11.0,92,9.8,0.0,0.0,4.25,0.0,0.0
2016-10-17 06:00:00,11.0,93,9.9,0.0,0.0,4.07,0.0,0.0
2016-10-17 07:00:00,11.4,92,10.2,0.0,0.0,4.11,5.0,0.018
2016-10-17 08:00:00,12.3,90,10.7,0.0,0.0,4.3,77.0,0.2772
2016-10-17 09:00:00,13.7,85,11.1,0.0,0.0,4.92,189.0,0.6804
2016-10-17 10:00:00,15.0,74,10.5,0.0,0.0,4.8,308.0,1.1088
2016-10-17 11:00:00,15.8,70,10.4,0.0,0.0,4.94,379.0,1.3644
2016-10-17 12:00:00,16.1,69,10.5,0.0,0.0,4.94,378.0,1.3608
2016-10-17 13:00:00,16.1,69,10.3,0.1,0.0,5.0,340.0,1.224
2016-10-17 14:00:00,15.9,69,10.1,0.2,0.0,5.66,255.0,0.9179999999999999
2016-10-17 15:00:00,14.6,75,10.3,0.3,0.0,5.41,194.0,0.6984
2016-10-17 16:00:00,14.2,75,9.9,0.1,0.0,4.66,128.0,0.4608
2016-10-17 17:00:00,13.4,75,9.1,0.0,0.0,3.91,34.0,0.1224
2016-10-17 18:00:00,12.5,78,8.7,0.0,0.0,3.61,0.0,0.0
2016-10-17 19:00:00,12.0,80,8.6,0.0,0.0,3.69,0.0,0.0
2016-10-17 20:00:00,11.2,84,8.6,0.0,0.0,3.67,0.0,0.0
2016-10-17 21:00:00,10.8,86,8.6,0.0,0.0,3.64,0.0,0.0
2016-10-17 22:00:00,10.3,90,8.6,0.0,0.0,4.06,0.0,0.0
2016-10-17 23:00:00,10.0,91,8.6,0.0,0.0,4.28,0.0,0.0
2016-10-18 00:00:00,9.9,92,8.6,0.0,0.0,4.28,0.0,0.0
2016-10-18 01:00:00,9.7,92,8.5,0.0,0.0,4.42,0.0,0.0
2016-10-18 02:00:00,9.5,93,8.4,0.0,0.0,4.42,0.0,0.0
2016-10-18 03:00:00,9.7,92,8.5,0.0,0.0,4.39,0.0,0.0
2016-10-18 04:00:00,9.8,91,8.5,0.0,0.0,4.46,0.0,0.0
2016-10-18 05:00:00,10.1,90,8.6,0.0,0.0,4.6,0.0,0.0
2016-10-18 06:00:00,10.4,89,8.6,0.2,0.0,5.02,0.0,0.0
2016-10-18 07:00:00,11.1,86,8.9,0.1,0.0,5.67,2.0,0.0072
2016-10-18 08:00:00,11.5,85,9.0,0.1,0.0,6.14,16.0,0.0576
2016-10-18 09:00:00,11.7,84,9.0,0.1,0.0,6.59,61.0,0.2196
2016-10-18 10:00:00,11.7,78,8.0,0.2,0.0,5.73,129.0,0.4644
2016-10-18 11:00:00,11.7,72,6.9,0.0,0.0,5.7,220.0,0.7919999999999999
2016-10-18 12:00:00,12.3,64,5.7,0.0,0.0,6.11,318.0,1.1448
2016-10-18 13:00:00,12.8,59,5.0,0.0,0.0,6.26,347.0,1.2491999999999999
2016-10-18 14:00:00,13.0,57,4.7,0.0,0.0,6.15,351.0,1.2636
2016-10-18 15:00:00,12.8,56,4.3,0.0,0.0,6.32,269.0,0.9683999999999999
2016-10-18 16:00:00,12.3,56,3.8,0.0,0.0,5.81,153.0,0.5508
2016-10-18 17:00:00,11.2,58,3.3,0.0,0.0,5.6,37.0,0.13319999999999999
2016-10-18 18:00:00,10.4,60,3.0,0.0,0.0,5.81,0.0,0.0
2016-10-18 19:00:00,10.0,64,3.5,0.0,0.0,5.94,0.0,0.0
2016-10-18 20:00:00,9.7,66,3.7,0.0,0.0,5.98,0.0,0.0
2016-10-18 21:00:00,9.4,69,4.1,0.0,0.0,5.92,0.0,0.0
2016-10-18 22:00:00,9.2,72,4.5,0.0,0.0,5.94,0.0,0.0
2016-10-18 23:00:00,9.1,75,5.0,0.0,0.0,5.58,0.0,0.0
2016-10-19 00:00:00,9.0,78,5.4,0.0,0.0,5.48,0.0,0.0
2016-10-19 01:00:00,9.0,80,5.7,0.0,0.0,5.44,0.0,0.0
2016-10-19 02:00:00,8.9,82,6.0,0.0,0.0,5.38,0.0,0.0
2016-10-19 03:00:00,8.8,84,6.2,0.0,0.0,5.25,0.0,0.0
2016-10-19 04:00:00,8.8,85,6.4,0.0,0.0,5.06,0.0,0.0
2016-10-19 05:00:00,8.7,87,6.6,0.0,0.0,5.03,0.0,0.0
2016-10-19 06:00:00,8.5,89,6.8,0.0,0.0,4.83,0.0,0.0
2016-10-19 07:00:00,8.6,90,7.0,0.0,0.0,4.7,4.0,0.0144
2016-10-19 08:00:00,9.3,88,7.4,0.0,0.0,4.47,77.0,0.2772
2016-10-19 09:00:00,10.9,81,7.8,0.0,0.0,5.11,205.0,0.738
2016-10-19 10:00:00,12.2,72,7.4,0.0,0.0,4.48,318.0,1.1448
2016-10-19 11:00:00,12.9,67,6.9,0.0,0.0,4.74,335.0,1.206
2016-10-19 12:00:00,13.5,61,6.2,0.0,0.0,4.96,339.0,1.2204
2016-10-19 13:00:00,13.8,58,5.6,0.0,0.0,5.14,343.0,1.2348
2016-10-19 14:00:00,13.9,56,5.3,0.0,0.0,5.06,301.0,1.0836
2016-10-19 15:00:00,13.5,58,5.5,0.0,0.0,4.57,163.0,0.5868
2016-10-19 16:00:00,13.1,60,5.6,0.0,0.0,4.22,99.0,0.3564
2016-10-19 17:00:00,12.3,64,5.7,0.0,0.0,4.19,21.0,0.0756
2016-10-19 18:00:00,11.7,67,5.8,0.0,0.0,4.22,0.0,0.0
2016-10-19 19:00:00,10.7,74,6.2,0.0,0.0,4.25,0.0,0.0
2016-10-19 20:00:00,10.1,77,6.3,0.0,0.0,4.29,0.0,0.0
2016-10-19 21:00:00,9.7,80,6.4,0.0,0.0,4.25,0.0,0.0
2016-10-19 22:00:00,9.4,83,6.6,0.0,0.0,3.89,0.0,0.0
2016-10-19 23:00:00,9.1,85,6.8,0.0,0.0,3.8,0.0,0.0
2016-10-20 00:00:00,9.4,85,7.0,0.0,0.0,4.06,0.0,0.0
2016-10-20 01:00:00,9.5,85,7.1,0.0,0.0,4.42,0.0,0.0
2016-10-20 02:00:00,9.6,85,7.2,0.0,0.0,4.47,0.0,0.0
2016-10-20 03:00:00,9.6,86,7.4,0.0,0.0,4.41,0.0,0.0
2016-10-20 04:00:00,9.8,86,7.6,0.0,0.0,4.41,0.0,0.0
2016-10-20 05:00:00,10.0,86,7.8,0.0,0.0,4.34,0.0,0.0
2016-10-20 06:00:00,10.1,87,8.0,0.0,0.0,4.4,0.0,0.0
2016-10-20 07:00:00,9.5,91,8.1,0.0,0.0,4.4,2.0,0.0072
2016-10-20 08:00:00,10.1,90,8.5,0.0,0.0,4.66,43.0,0.1548
2016-10-20 09:00:00,11.0,85,8.6,0.0,0.0,5.93,113.0,0.4068
2016-10-20 10:00:00,12.3,75,7.9,0.0,0.0,5.02,210.0,0.756
2016-10-20 11:00:00,13.0,69,7.4,0.0,0.0,5.41,245.0,0.882
2016-10-20 12:00:00,13.5,67,7.4,0.1,0.0,5.91,318.0,1.1448
2016-10-20 13:00:00,13.4,67,7.5,0.0,0.0,5.52,231.0,0.8316
2016-10-20 14:00:00,13.3,68,7.6,0.0,0.0,5.5,236.0,0.8496
2016-10-20 15:00:00,12.6,74,8.0,0.0,0.0,4.6,164.0,0.5904
2016-10-20 16:00:00,12.0,76,7.9,0.0,0.0,4.42,107.0,0.3852
2016-10-20 17:00:00,11.1,79,7.7,0.0,0.0,4.16,25.0,0.09
2016-10-20 18:00:00,10.6,81,7.5,0.0,0.0,4.26,0.0,0.0
2016-10-20 19:00:00,9.9,88,8.0,0.0,0.0,4.26,0.0,0.0
2016-10-20 20:00:00,9.7,88,7.7,0.0,0.0,4.26,0.0,0.0
2016-10-20 21:00:00,9.3,89,7.6,0.0,0.0,4.18,0.0,0.0
2016-10-20 22:00:00,8.7,92,7.4,0.0,0.0,3.93,0.0,0.0
2016-10-20 23:00:00,8.5,93,7.4,0.0,0.0,3.89,0.0,0.0
2016-10-21 00:00:00,8.4,93,7.4,0.0,0.0,4.1,0.0,0.0
2016-10-21 01:00:00,8.1,95,7.3,0.0,0.0,4.12,0.0,0.0
2016-10-21 02:00:00,7.9,95,7.2,0.0,0.0,4.08,0.0,0.0
2016-10-21 03:00:00,7.7,96,7.0,0.0,0.0,3.89,0.0,0.0
2016-10-21 04:00:00,7.6,96,7.0,0.0,0.0,3.79,0.0,0.0
2016-10-21 05:00:00,7.3,96,6.7,0.0,0.0,3.67,0.0,0.0
2016-10-21 06:00:00,7.0,97,6.5,0.0,0.0,3.67,0.0,0.0
2016-10-21 07:00:00,7.2,94,6.3,0.0,0.0,3.77,3.0,0.0108
2016-10-21 08:00:00,7.9,92,6.8,0.0,0.0,3.98,71.0,0.2556
2016-10-21 09:00:00,9.2,87,7.2,0.0,0.0,5.0,159.0,0.5724
2016-10-21 10:00:00,10.7,80,7.3,0.0,0.0,4.31,244.0,0.8784
2016-10-21 11:00:00,11.6,74,7.1,0.0,0.0,4.4,284.0,1.0224
2016-10-21 12:00:00,12.1,69,6.6,0.0,0.0,4.4,256.0,0.9216
2016-10-21 13:00:00,12.4,67,6.3,0.0,0.0,4.32,236.0,0.8496
2016-10-21 14:00:00,12.5,65,6.1,0.0,0.0,4.16,224.0,0.8064
2016-10-21 15:00:00,12.3,65,5.9,0.0,0.0,4.06,134.0,0.4824
2016-10-21 16:00:00,11.9,66,5.8,0.0,0.0,3.35,66.0,0.2376
2016-10-21 17:00:00,11.3,69,5.7,0.0,0.0,3.13,15.0,0.054
2016-10-21 18:00:00,10.7,72,5.8,0.0,0.0,2.84,0.0,0.0
2016-10-21 19:00:00,9.8,85,7.4,0.0,0.0,2.86,0.0,0.0
2016-10-21 20:00:00,9.1,89,7.4,0.0,0.0,2.86,0.0,0.0
2016-10-21 21:00:00,8.6,92,7.3,0.0,0.0,2.94,0.0,0.0
2016-10-21 22:00:00,8.0,94,7.1,0.0,0.0,3.1,0.0,0.0
2016-10-21 23:00:00,7.7,95,6.9,0.0,0.0,2.8,0.0,0.0
2016-10-22 00:00:00,7.2,96,6.6,0.0,0.0,2.81,0.0,0.0
2016-10-22 01:00:00,7.0,97,6.5,0.0,0.0,2.9,0.0,0.0
2016-10-22 02:00:00,6.4,98,6.1,0.0,0.0,2.9,0.0,0.0
2016-10-22 03:00:00,6.0,98,5.8,0.0,0.0,2.71,0.0,0.0
2016-10-22 04:00:00,6.1,99,5.9,0.0,0.0,2.5,0.0,0.0
2016-10-22 05:00:00,6.0,99,5.8,0.0,0.0,2.5,0.0,0.0
2016-10-22 06:00:00,6.2,98,5.9,0.0,0.0,2.7,0.0,0.0
2016-10-22 07:00:00,5.7,98,5.5,0.0,0.0,2.81,3.0,0.0108
2016-10-22 08:00:00,6.9,97,6.4,0.0,0.0,3.11,72.0,0.2592
2016-10-22 09:00:00,9.4,89,7.6,0.0,0.0,2.94,189.0,0.6804
2016-10-22 10:00:00,11.2,80,7.8,0.0,0.0,3.31,310.0,1.1159999999999999
2016-10-22 11:00:00,12.3,71,7.2,0.0,0.0,3.09,357.0,1.2852
2016-10-22 12:00:00,13.1,64,6.4,0.0,0.0,3.31,375.0,1.3499999999999999
2016-10-22 13:00:00,13.2,62,6.1,0.0,0.0,3.36,236.0,0.8496
2016-10-22 14:00:00,13.2,61,5.9,0.0,0.0,3.28,193.0,0.6948
2016-10-22 15:00:00,12.8,63,6.0,0.0,0.0,3.36,161.0,0.5796
2016-10-22 16:00:00,12.1,68,6.3,0.0,0.0,2.72,74.0,0.26639999999999997
2016-10-22 17:00:00,10.9,73,6.3,0.0,0.0,2.73,18.0,0.0648
2016-10-22 18:00:00,9.7,80,6.4,0.0,0.0,3.09,0.0,0.0
2016-10-22 19:00:00,9.6,85,7.1,0.0,0.0,3.19,0.0,0.0
2016-10-22 20:00:00,9.1,88,7.1,0.0,0.0,3.24,0.0,0.0
2016-10-22 21:00:00,8.3,92,7.0,0.0,0.0,3.02,0.0,0.0
2016-10-22 22:00:00,7.7,94,6.7,0.0,0.0,2.94,0.0,0.0
2016-10-22 23:00:00,7.1,95,6.4,0.0,0.0,2.7,0.0,0.0
2016-10-23 00:00:00,6.6,97,6.1,0.0,0.0,2.69,0.0,0.0
2016-10-23 01:00:00,6.8,97,6.3,0.0,0.0,2.91,0.0,0.0
2016-10-23 02:00:00,7.0,97,6.5,0.0,0.0,2.97,0.0,0.0
2016-10-23 03:00:00,7.6,96,7.0,0.0,0.0,2.9,0.0,0.0
2016-10-23 04:00:00,7.8,96,7.1,0.0,0.0,2.83,0.0,0.0
2016-10-23 05:00:00,7.7,96,7.1,0.0,0.0,2.92,0.0,0.0
2016-10-23 06:00:00,7.8,96,7.2,0.0,0.0,3.02,0.0,0.0
2016-10-23 07:00:00,7.3,96,6.7,0.0,0.0,3.36,2.0,0.0072
2016-10-23 08:00:00,8.1,93,7.1,0.0,0.0,3.62,52.0,0.1872
2016-10-23 09:00:00,9.7,85,7.3,0.0,0.0,4.14,157.0,0.5652
2016-10-23 10:00:00,10.8,75,6.4,0.0,0.0,5.9,235.0,0.846
2016-10-23 11:00:00,11.6,68,5.8,0.0,0.0,5.94,288.0,1.0368
2016-10-23 12:00:00,12.2,63,5.4,0.0,0.0,6.04,335.0,1.206
2016-10-23 13:00:00,12.5,61,5.2,0.0,0.0,6.26,326.0,1.1736
2016-10-23 14:00:00,12.3,63,5.4,0.0,0.0,6.65,256.0,0.9216
2016-10-23 15:00:00,11.8,65,5.5,0.0,0.0,6.55,187.0,0.6732
2016-10-23 16:00:00,11.0,69,5.6,0.0,0.0,5.79,107.0,0.3852
2016-10-23 17:00:00,10.0,74,5.6,0.0,0.0,5.22,19.0,0.0684
2016-10-23 18:00:00,9.5,77,5.6,0.0,0.0,5.17,0.0,0.0
2016-10-23 19:00:00,10.3,74,5.9,0.0,0.0,5.38,0.0,0.0
2016-10-23 20:00:00,10.5,73,5.9,0.0,0.0,4.69,0.0,0.0
2016-10-23 21:00:00,10.3,75,6.0,0.0,0.0,4.49,0.0,0.0
2016-10-23 22:00:00,10.3,75,6.1,0.0,0.0,4.28,0.0,0.0
2016-10-23 23:00:00,10.2,77,6.3,0.0,0.0,3.91,0.0,0.0
2016-10-24 00:00:00,10.0,79,6.5,0.0,0.0,4.02,0.0,0.0
2016-10-24 01:00:00,9.8,81,6.7,0.0,0.0,3.7,0.0,0.0
2016-10-24 02:00:00,9.8,81,6.7,0.0,0.0,4.25,0.0,0.0
2016-10-24 03:00:00,9.9,80,6.7,0.2,0.0,4.7,0.0,0.0
2016-10-24 04:00:00,9.7,82,6.8,0.2,0.0,4.2,0.0,0.0
2016-10-24 05:00:00,9.8,83,7.0,0.2,0.0,4.35,0.0,0.0
2016-10-24 06:00:00,9.8,84,7.2,0.0,0.0,4.43,0.0,0.0
2016-10-24 07:00:00,10.2,82,7.2,0.0,0.0,4.34,0.0,0.0
2016-10-24 08:00:00,10.4,82,7.4,0.0,0.0,3.9,12.0,0.0432
2016-10-24 09:00:00,10.8,81,7.6,0.0,0.0,3.71,26.0,0.0936
2016-10-24 10:00:00,11.2,80,7.9,0.0,0.0,3.3,50.0,0.18
2016-10-24 11:00:00,11.5,79,7.9,0.0,0.0,3.09,58.0,0.20879999999999999
2016-10-24 12:00:00,12.0,76,7.9,0.0,0.0,2.82,78.0,0.2808
2016-10-24 13:00:00,12.2,75,7.8,0.0,0.0,3.0,76.0,0.2736
2016-10-24 14:00:00,12.5,73,7.7,0.0,0.0,2.77,100.0,0.36
2016-10-24 15:00:00,12.2,76,8.1,0.4,0.0,3.04,51.0,0.18359999999999999
2016-10-24 16:00:00,11.7,81,8.5,0.4,0.0,2.52,26.0,0.0936
2016-10-24 17:00:00,11.0,87,8.8,0.4,0.0,2.42,6.0,0.0216
2016-10-24 18:00:00,10.6,90,9.0,0.4,0.0,2.39,0.0,0.0
2016-10-24 19:00:00,10.5,85,8.1,0.2,0.0,2.33,0.0,0.0
2016-10-24 20:00:00,9.5,91,8.0,0.2,0.0,2.06,0.0,0.0
2016-10-24 21:00:00,9.4,92,8.2,0.1,0.0,1.64,0.0,0.0
2016-10-24 22:00:00,8.6,94,7.7,0.0,0.0,1.77,0.0,0.0
2016-10-24 23:00:00,8.1,95,7.4,0.0,0.0,2.0,0.0,0.0
2016-10-25 00:00:00,8.2,96,7.6,0.0,0.0,1.94,0.0,0.0
2016-10-25 01:00:00,8.4,96,7.8,0.0,0.0,1.64,0.0,0.0
2016-10-25 02:00:00,8.5,96,7.9,0.1,0.0,1.41,0.0,0.0
2016-10-25 03:00:00,8.0,97,7.5,0.0,0.0,1.78,0.0,0.0
2016-10-25 04:00:00,7.5,98,7.2,0.0,0.0,1.77,0.0,0.0
2016-10-25 05:00:00,7.1,98,6.7,0.0,0.0,1.92,0.0,0.0
2016-10-25 06:00:00,6.9,98,6.5,0.0,0.0,2.02,0.0,0.0
2016-10-25 07:00:00,5.9,99,5.8,0.0,0.0,1.75,1.0,0.0036
2016-10-25 08:00:00,7.1,98,6.8,0.0,0.0,1.9,61.0,0.2196
2016-10-25 09:00:00,9.7,94,8.9,0.0,0.0,1.33,145.0,0.522
2016-10-25 10:00:00,11.4,88,9.5,0.0,0.0,2.16,214.0,0.7704
2016-10-25 11:00:00,12.6,81,9.3,0.0,0.0,2.09,229.0,0.8244
2016-10-25 12:00:00,13.6,73,9.0,0.0,0.0,2.05,300.0,1.08
2016-10-25 13:00:00,14.4,69,8.8,0.0,0.0,1.72,342.0,1.2312
2016-10-25 14:00:00,14.8,67,8.8,0.0,0.0,1.52,227.0,0.8171999999999999
2016-10-25 15:00:00,14.6,70,9.1,0.0,0.0,1.17,78.0,0.2808
2016-10-25 16:00:00,14.2,73,9.5,0.0,0.0,0.92,34.0,0.1224
2016-10-25 17:00:00,13.5,78,9.7,0.0,0.0,1.63,8.0,0.0288
2016-10-25 18:00:00,12.2,86,9.9,0.0,0.0,1.56,0.0,0.0
2016-10-25 19:00:00,11.7,92,10.4,0.0,0.0,1.77,0.0,0.0
2016-10-25 20:00:00,10.9,95,10.1,0.0,0.0,1.72,0.0,0.0
2016-10-25 21:00:00,10.6,96,10.0,0.0,0.0,1.71,0.0,0.0
2016-10-25 22:00:00,9.8,98,9.5,0.0,0.0,2.01,0.0,0.0
2016-10-25 23:00:00,9.6,98,9.4,0.0,0.0,2.02,0.0,0.0
2016-10-26 00:00:00,9.6,99,9.5,0.0,0.0,1.84,0.0,0.0
2016-10-26 01:00:00,9.2,99,9.1,0.0,0.0,1.98,0.0,0.0
2016-10-26 02:00:00,8.9,99,8.8,0.1,0.0,2.05,0.0,0.0
2016-10-26 03:00:00,8.7,99,8.5,0.0,0.0,1.8,0.0,0.0
2016-10-26 04:00:00,8.6,99,8.5,0.0,0.0,1.78,0.0,0.0
2016-10-26 05:00:00,8.4,100,8.3,0.0,0.0,1.98,0.0,0.0
2016-10-26 06:00:00,8.2,100,8.2,0.0,0.0,2.34,0.0,0.0
2016-10-26 07:00:00,8.7,100,8.6,0.0,0.0,2.55,0.0,0.0
2016-10-26 08:00:00,10.0,99,9.8,0.0,0.0,3.22,26.0,0.0936
2016-10-26 09:00:00,10.6,98,10.3,0.0,0.0,3.66,77.0,0.2772
2016-10-26 10:00:00,11.6,91,10.1,0.0,0.0,3.68,137.0,0.49319999999999997
2016-10-26 11:00:00,12.6,86,10.3,0.0,0.0,4.0,202.0,0.7272
2016-10-26 12:00:00,13.5,80,10.1,0.0,0.0,4.52,244.0,0.8784
2016-10-26 13:00:00,14.1,75,9.7,0.0,0.0,4.85,228.0,0.8208
2016-10-26 14:00:00,14.0,75,9.6,0.0,0.0,4.62,160.0,0.576
2016-10-26 15:00:00,14.2,73,9.5,0.0,0.0,4.3,116.0,0.41759999999999997
2016-10-26 16:00:00,13.9,75,9.5,0.0,0.0,3.61,44.0,0.15839999999999999
2016-10-26 17:00:00,13.5,77,9.6,0.0,0.0,3.13,9.0,0.0324
2016-10-26 18:00:00,12.8,81,9.7,0.0,0.0,2.88,0.0,0.0
2016-10-26 19:00:00,11.8,88,9.9,0.0,0.0,2.94,0.0,0.0
2016-10-26 20:00:00,11.2,92,10.0,0.0,0.0,3.24,0.0,0.0
2016-10-26 21:00:00,10.7,95,9.9,0.0,0.0,3.18,0.0,0.0
2016-10-26 22:00:00,10.1,97,9.6,0.0,0.0,3.4,0.0,0.0
2016-10-26 23:00:00,9.5,98,9.2,0.0,0.0,3.31,0.0,0.0
2016-10-27 00:00:00,9.0,98,8.7,0.0,0.0,3.01,0.0,0.0
2016-10-27 01:00:00,8.4,98,8.1,0.0,0.0,2.65,0.0,0.0
2016-10-27 02:00:00,7.7,99,7.5,0.0,0.0,2.57,0.0,0.0
2016-10-27 03:00:00,7.1,99,6.9,0.0,0.0,2.66,0.0,0.0
2016-10-27 04:00:00,6.6,99,6.5,0.0,0.0,2.79,0.0,0.0
2016-10-27 05:00:00,6.2,99,6.1,0.0,0.0,2.73,0.0,0.0
2016-10-27 06:00:00,5.9,99,5.8,0.0,0.0,2.68,0.0,0.0
2016-10-27 07:00:00,7.0,99,6.8,0.0,0.0,2.92,0.0,0.0
2016-10-27 08:00:00,8.8,96,8.2,0.0,0.0,3.67,37.0,0.13319999999999999
2016-10-27 09:00:00,9.5,93,8.5,0.0,0.0,3.64,88.0,0.31679999999999997
2016-10-27 10:00:00,10.4,89,8.7,0.0,0.0,4.08,162.0,0.5831999999999999
2016-10-27 11:00:00,11.4,84,8.8,0.0,0.0,4.33,223.0,0.8028
2016-10-27 12:00:00,12.5,79,9.0,0.0,0.0,4.66,289.0,1.0404
2016-10-27 13:00:00,13.2,77,9.2,0.0,0.0,5.01,284.0,1.0224
2016-10-27 14:00:00,13.2,77,9.2,0.0,0.0,5.15,186.0,0.6696
2016-10-27 15:00:00,13.2,76,9.0,0.0,0.0,4.24,90.0,0.324
2016-10-27 16:00:00,12.8,78,9.1,0.0,0.0,4.49,39.0,0.1404
2016-10-27 17:00:00,12.5,80,9.1,0.0,0.0,4.49,6.0,0.0216
2016-10-27 18:00:00,12.2,81,9.1,0.0,0.0,4.55,0.0,0.0
2016-10-27 19:00:00,12.7,83,9.9,0.0,0.0,4.57,0.0,0.0
2016-10-27 20:00:00,12.5,84,9.9,0.0,0.0,4.7,0.0,0.0
2016-10-27 21:00:00,12.1,86,9.9,0.0,0.0,4.66,0.0,0.0
2016-10-27 22:00:00,11.8,88,9.8,0.0,0.0,5.11,0.0,0.0
2016-10-27 23:00:00,11.5,89,9.8,0.0,0.0,5.01,0.0,0.0
2016-10-28 00:00:00,11.3,89,9.6,0.0,0.0,5.14,0.0,0.0
2016-10-28 01:00:00,11.2,89,9.4,0.0,0.0,5.06,0.0,0.0
2016-10-28 02:00:00,11.3,88,9.3,0.0,0.0,4.75,0.0,0.0
2016-10-28 03:00:00,11.1,88,9.2,0.0,0.0,4.49,0.0,0.0
2016-10-28 04:00:00,11.1,88,9.2,0.0,0.0,4.55,0.0,0.0
2016-10-28 05:00:00,11.0,89,9.3,0.0,0.0,4.43,0.0,0.0
2016-10-28 06:00:00,10.7,91,9.3,0.0,0.0,3.98,0.0,0.0
2016-10-28 07:00:00,10.8,92,9.6,0.0,0.0,3.61,0.0,0.0
2016-10-28 08:00:00,11.1,92,9.8,0.0,0.0,3.7,43.0,0.1548
2016-10-28 09:00:00,12.4,86,10.2,0.0,0.0,3.71,136.0,0.4896
2016-10-28 10:00:00,13.8,81,10.5,0.0,0.0,3.26,223.0,0.8028
2016-10-28 11:00:00,14.6,78,10.9,0.0,0.0,3.41,258.0,0.9288
2016-10-28 12:00:00,15.5,76,11.3,0.0,0.0,3.34,295.0,1.062
2016-10-28 13:00:00,15.7,76,11.5,0.0,0.0,2.86,184.0,0.6624
2016-10-28 14:00:00,15.7,76,11.5,0.0,0.0,2.45,118.0,0.4248
2016-10-28 15:00:00,15.3,79,11.7,0.0,0.0,2.12,53.0,0.1908
2016-10-28 16:00:00,15.1,80,11.7,0.0,0.0,1.61,33.0,0.1188
2016-10-28 17:00:00,14.5,83,11.7,0.0,0.0,1.4,5.0,0.018
2016-10-28 18:00:00,14.1,85,11.7,0.0,0.0,1.3,0.0,0.0
2016-10-28 19:00:00,13.9,87,11.8,0.0,0.0,1.41,0.0,0.0
2016-10-28 20:00:00,13.6,89,11.8,0.0,0.0,1.49,0.0,0.0
2016-10-28 21:00:00,13.4,90,11.8,0.0,0.0,1.4,0.0,0.0
2016-10-28 22:00:00,13.1,92,11.8,0.0,0.0,1.02,0.0,0.0
2016-10-28 23:00:00,13.0,92,11.8,0.0,0.0,1.08,0.0,0.0
2016-10-29 00:00:00,12.9,94,11.9,0.0,0.0,0.81,0.0,0.0
2016-10-29 01:00:00,12.7,95,11.9,0.0,0.0,0.8,0.0,0.0
2016-10-29 02:00:00,12.6,95,11.9,0.0,0.0,0.89,0.0,0.0
2016-10-29 03:00:00,12.4,96,11.8,0.0,0.0,1.0,0.0,0.0
2016-10-29 04:00:00,12.2,97,11.8,0.0,0.0,0.58,0.0,0.0
2016-10-29 05:00:00,12.2,98,11.9,0.0,0.0,0.22,0.0,0.0
2016-10-29 06:00:00,12.2,98,11.9,0.0,0.0,0.1,0.0,0.0
2016-10-29 07:00:00,12.7,93,11.6,0.0,0.0,0.36,0.0,0.0
2016-10-29 08:00:00,12.8,95,12.0,0.0,0.0,0.61,14.0,0.0504
2016-10-29 09:00:00,13.5,91,12.0,0.0,0.0,0.76,42.0,0.1512
2016-10-29 10:00:00,14.1,88,12.1,0.0,0.0,1.26,72.0,0.2592
2016-10-29 11:00:00,14.8,84,12.1,0.0,0.0,1.56,117.0,0.42119999999999996
2016-10-29 12:00:00,15.4,80,12.0,0.0,0.0,1.78,138.0,0.49679999999999996
2016-10-29 13:00:00,16.1,75,11.6,0.0,0.0,2.0,188.0,0.6768
2016-10-29 14:00:00,16.3,73,11.4,0.0,0.0,1.58,161.0,0.5796
2016-10-29 15:00:00,16.0,75,11.6,0.0,0.0,1.2,73.0,0.2628
2016-10-29 16:00:00,15.6,78,11.9,0.0,0.0,0.92,39.0,0.1404
2016-10-29 17:00:00,14.9,82,11.9,0.0,0.0,1.08,4.0,0.0144
2016-10-29 18:00:00,14.3,86,11.9,0.0,0.0,1.08,0.0,0.0
2016-10-29 19:00:00,13.6,89,11.8,0.0,0.0,1.08,0.0,0.0
2016-10-29 20:00:00,13.2,91,11.8,0.0,0.0,1.08,0.0,0.0
2016-10-29 21:00:00,13.0,92,11.7,0.0,0.0,1.08,0.0,0.0
2016-10-29 22:00:00,12.7,93,11.6,0.0,0.0,1.06,0.0,0.0
2016-10-29 23:00:00,12.6,94,11.6,0.0,0.0,1.14,0.0,0.0
2016-10-30 00:00:00,12.3,95,11.6,0.0,0.0,1.3,0.0,0.0
2016-10-30 01:00:00,12.2,96,11.6,0.0,0.0,1.43,0.0,0.0
2016-10-30 02:00:00,12.0,97,11.5,0.0,0.0,1.55,0.0,0.0
2016-10-30 03:00:00,11.6,98,11.3,0.0,0.0,1.32,0.0,0.0
2016-10-30 04:00:00,11.3,98,11.0,0.0,0.0,1.43,0.0,0.0
2016-10-30 05:00:00,11.3,99,11.1,0.0,0.0,1.65,0.0,0.0
2016-10-30 06:00:00,11.2,99,11.0,0.0,0.0,1.58,0.0,0.0
2016-10-30 07:00:00,10.7,99,10.6,0.0,0.0,1.55,0.0,0.0
2016-10-30 08:00:00,11.1,99,11.0,0.0,0.0,1.75,24.0,0.0864
2016-10-30 09:00:00,11.5,99,11.3,0.0,0.0,1.84,68.0,0.2448
2016-10-30 10:00:00,12.0,96,11.5,0.0,0.0,1.58,107.0,0.3852
2016-10-30 11:00:00,12.5,93,11.5,0.0,0.0,1.65,113.0,0.4068
2016-10-30 12:00:00,13.5,86,11.2,0.0,0.0,2.04,175.0,0.63
2016-10-30 13:00:00,14.3,80,11.0,0.0,0.0,2.26,186.0,0.6696
2016-10-30 14:00:00,14.7,77,10.7,0.0,0.0,2.22,167.0,0.6012
2016-10-30 15:00:00,14.8,76,10.6,0.0,0.0,2.2,138.0,0.49679999999999996
2016-10-30 16:00:00,14.0,81,10.8,0.0,0.0,1.9,70.0,0.252
2016-10-30 17:00:00,12.8,88,10.8,0.0,0.0,2.25,7.0,0.0252
2016-10-30 18:00:00,11.8,93,10.8,0.0,0.0,2.42,0.0,0.0
2016-10-30 19:00:00,11.2,97,10.7,0.0,0.0,2.69,0.0,0.0
2016-10-30 20:00:00,10.8,98,10.5,0.0,0.0,3.14,0.0,0.0
2016-10-30 21:00:00,10.7,97,10.2,0.0,0.0,3.11,0.0,0.0
2016-10-30 22:00:00,10.6,96,10.1,0.0,0.0,2.83,0.0,0.0
2016-10-30 23:00:00,10.6,96,9.9,0.0,0.0,2.32,0.0,0.0
2016-10-31 00:00:00,10.2,95,9.5,0.0,0.0,2.11,0.0,0.0
2016-10-31 01:00:00,9.6,96,9.0,0.0,0.0,2.1,0.0,0.0
2016-10-31 02:00:00,8.8,97,8.3,0.0,0.0,2.11,0.0,0.0
2016-10-31 03:00:00,8.2,98,7.8,0.0,0.0,2.1,0.0,0.0
2016-10-31 04:00:00,7.6,98,7.4,0.0,0.0,1.91,0.0,0.0
2016-10-31 05:00:00,7.3,99,7.1,0.0,0.0,1.91,0.0,0.0
2016-10-31 06:00:00,7.0,99,6.8,0.0,0.0,2.0,0.0,0.0
2016-10-31 07:00:00,7.1,99,7.0,0.0,0.0,1.8,0.0,0.0
2016-10-31 08:00:00,8.1,99,7.9,0.0,0.0,2.3,44.0,0.15839999999999999
2016-10-31 09:00:00,11.2,94,10.2,0.0,0.0,1.92,153.0,0.5508
2016-10-31 10:00:00,13.2,87,11.1,0.0,0.0,1.58,259.0,0.9324
2016-10-31 11:00:00,14.9,81,11.6,0.0,0.0,1.57,334.0,1.2024
2016-10-31 12:00:00,16.2,75,11.9,0.0,0.0,1.36,363.0,1.3068
2016-10-31 13:00:00,16.9,73,12.0,0.0,0.0,1.2,322.0,1.1592
2016-10-31 14:00:00,17.4,71,12.1,0.0,0.0,1.0,290.0,1.044
2016-10-31 15:00:00,17.2,72,12.2,0.0,0.0,0.92,198.0,0.7128
2016-10-31 16:00:00,16.3,77,12.3,0.0,0.0,1.87,89.0,0.3204
2016-10-31 17:00:00,14.4,86,12.0,0.0,0.0,2.12,8.0,0.0288
2016-10-31 18:00:00,12.5,93,11.4,0.0,0.0,1.9,0.0,0.0
2016-10-31 19:00:00,11.3,94,10.3,0.0,0.0,1.96,0.0,0.0
2016-10-31 20:00:00,10.1,96,9.5,0.0,0.0,2.06,0.0,0.0
2016-10-31 21:00:00,9.3,97,8.9,0.0,0.0,2.33,0.0,0.0
2016-10-31 22:00:00,9.1,97,8.6,0.0,0.0,2.24,0.0,0.0
2016-10-31 23:00:00,9.6,96,9.0,0.0,0.0,1.91,0.0,0.0
2016-11-01 00:00:00,9.6,97,9.1,0.0,0.0,1.78,0.0,0.0
2016-11-01 01:00:00,8.6,99,8.4,0.0,0.0,1.48,0.0,0.0
2016-11-01 02:00:00,8.1,100,8.1,0.0,0.0,1.24,0.0,0.0
2016-11-01 03:00:00,7.4,100,7.4,0.0,0.0,1.17,0.0,0.0
2016-11-01 04:00:00,6.8,100,6.8,0.0,0.0,1.49,0.0,0.0
2016-11-01 05:00:00,7.1,100,7.1,0.0,0.0,1.53,0.0,0.0
2016-11-01 06:00:00,7.8,99,7.7,0.0,0.0,1.75,0.0,0.0
2016-11-01 07:00:00,8.5,99,8.4,0.0,0.0,1.99,0.0,0.0
2016-11-01 08:00:00,9.0,99,8.9,0.0,0.0,2.43,19.0,0.0684
2016-11-01 09:00:00,9.6,98,9.3,0.0,0.0,3.0,66.0,0.2376
2016-11-01 10:00:00,10.4,96,9.8,0.0,0.0,4.37,108.0,0.3888
2016-11-01 11:00:00,11.2,91,9.9,0.0,0.0,4.81,115.0,0.414
2016-11-01 12:00:00,12.2,85,9.7,0.0,0.0,4.88,136.0,0.4896
2016-11-01 13:00:00,12.6,82,9.6,0.0,0.0,5.01,118.0,0.4248
2016-11-01 14:00:00,12.5,82,9.5,0.0,0.0,3.98,76.0,0.2736
2016-11-01 15:00:00,12.3,81,9.2,0.0,0.0,3.58,54.0,0.1944
2016-11-01 16:00:00,11.9,80,8.6,0.0,0.0,3.53,27.0,0.0972
2016-11-01 17:00:00,11.3,80,8.1,0.0,0.0,3.72,3.0,0.0108
2016-11-01 18:00:00,10.8,79,7.4,0.0,0.0,3.94,0.0,0.0
2016-11-01 19:00:00,10.5,81,7.4,0.0,0.0,3.67,0.0,0.0
2016-11-01 20:00:00,9.8,80,6.6,0.0,0.0,3.4,0.0,0.0
2016-11-01 21:00:00,9.1,80,5.9,0.0,0.0,3.07,0.0,0.0
2016-11-01 22:00:00,8.4,81,5.3,0.0,0.0,2.42,0.0,0.0
2016-11-01 23:00:00,7.3,85,4.9,0.0,0.0,2.11,0.0,0.0
2016-11-02 00:00:00,6.3,89,4.6,0.0,0.0,2.12,0.0,0.0
2016-11-02 01:00:00,5.5,91,4.2,0.0,0.0,2.08,0.0,0.0
2016-11-02 02:00:00,4.8,92,3.6,0.0,0.0,2.19,0.0,0.0
2016-11-02 03:00:00,3.9,94,3.0,0.0,0.0,2.5,0.0,0.0
2016-11-02 04:00:00,3.5,95,2.7,0.0,0.0,3.04,0.0,0.0
2016-11-02 05:00:00,3.7,94,2.9,0.0,0.0,3.45,0.0,0.0
2016-11-02 06:00:00,4.0,94,3.1,0.0,0.0,3.41,0.0,0.0
2016-11-02 07:00:00,3.9,93,2.8,0.0,0.0,3.3,0.0,0.0
2016-11-02 08:00:00,4.3,92,3.1,0.0,0.0,3.5,40.0,0.144
2016-11-02 09:00:00,6.1,84,3.6,0.0,0.0,3.47,151.0,0.5436
2016-11-02 10:00:00,7.5,76,3.5,0.0,0.0,3.53,263.0,0.9468
2016-11-02 11:00:00,8.5,68,2.9,0.0,0.0,3.09,341.0,1.2276
2016-11-02 12:00:00,9.3,61,2.2,0.0,0.0,3.06,375.0,1.3499999999999999
2016-11-02 13:00:00,9.8,57,1.7,0.0,0.0,3.34,363.0,1.3068
2016-11-02 14:00:00,9.9,55,1.4,0.0,0.0,3.41,288.0,1.0368
2016-11-02 15:00:00,9.6,57,1.5,0.0,0.0,3.18,189.0,0.6804
2016-11-02 16:00:00,8.9,62,1.9,0.0,0.0,2.13,81.0,0.29159999999999997
2016-11-02 17:00:00,7.4,69,2.0,0.0,0.0,1.92,6.0,0.0216
2016-11-02 18:00:00,6.1,76,2.2,0.0,0.0,1.92,0.0,0.0
2016-11-02 19:00:00,4.9,84,2.4,0.0,0.0,1.92,0.0,0.0
2016-11-02 20:00:00,4.0,88,2.2,0.0,0.0,1.98,0.0,0.0
2016-11-02 21:00:00,3.4,89,1.8,0.0,0.0,1.92,0.0,0.0
2016-11-02 22:00:00,3.1,90,1.6,0.0,0.0,2.34,0.0,0.0
2016-11-02 23:00:00,2.9,91,1.6,0.0,0.0,2.22,0.0,0.0
2016-11-03 00:00:00,2.6,93,1.5,0.0,0.0,2.22,0.0,0.0
2016-11-03 01:00:00,2.6,94,1.7,0.0,0.0,2.06,0.0,0.0
2016-11-03 02:00:00,3.0,94,2.2,0.0,0.0,1.94,0.0,0.0
2016-11-03 03:00:00,2.1,98,1.7,0.0,0.0,1.8,0.0,0.0
2016-11-03 04:00:00,1.4,99,1.3,0.0,0.0,1.77,0.0,0.0
2016-11-03 05:00:00,1.3,99,1.2,0.0,0.0,1.44,0.0,0.0
2016-11-03 06:00:00,1.4,99,1.3,0.0,0.0,1.2,0.0,0.0
2016-11-03 07:00:00,1.4,100,1.4,0.0,0.0,1.49,0.0,0.0
2016-11-03 08:00:00,2.1,99,1.9,0.0,0.0,1.7,27.0,0.0972
2016-11-03 09:00:00,4.6,91,3.3,0.0,0.0,1.8,102.0,0.36719999999999997
2016-11-03 10:00:00,6.8,82,4.0,0.0,0.0,2.08,196.0,0.7056
2016-11-03 11:00:00,8.5,76,4.4,0.0,0.0,2.48,277.0,0.9972
2016-11-03 12:00:00,9.7,69,4.3,0.0,0.0,2.9,323.0,1.1628
2016-11-03 13:00:00,10.4,65,4.0,0.0,0.0,3.11,306.0,1.1016
2016-11-03 14:00:00,10.8,61,3.6,0.0,0.0,3.32,243.0,0.8748
2016-11-03 15:00:00,10.8,61,3.6,0.0,0.0,2.98,152.0,0.5472
2016-11-03 16:00:00,9.9,66,3.9,0.0,0.0,2.24,49.0,0.1764
2016-11-03 17:00:00,9.2,71,4.2,0.0,0.0,2.18,3.0,0.0108
2016-11-03 18:00:00,8.6,76,4.5,0.0,0.0,2.53,0.0,0.0
2016-11-03 19:00:00,7.8,80,4.7,0.0,0.0,3.05,0.0,0.0
2016-11-03 20:00:00,7.5,83,4.8,0.0,0.0,3.71,0.0,0.0
2016-11-03 21:00:00,7.5,84,4.9,0.0,0.0,3.72,0.0,0.0
2016-11-03 22:00:00,7.7,82,4.9,0.0,0.0,2.95,0.0,0.0
2016-11-03 23:00:00,7.6,83,4.8,0.0,0.0,2.95,0.0,0.0
2016-11-04 00:00:00,7.4,83,4.7,0.0,0.0,3.11,0.0,0.0
2016-11-04 01:00:00,6.6,87,4.6,0.0,0.0,3.06,0.0,0.0
2016-11-04 02:00:00,6.1,89,4.5,0.0,0.0,2.98,0.0,0.0
2016-11-04 03:00:00,5.4,91,4.1,0.0,0.0,2.83,0.0,0.0
2016-11-04 04:00:00,5.2,93,4.1,0.0,0.0,2.83,0.0,0.0
2016-11-04 05:00:00,5.0,94,4.1,0.0,0.0,2.83,0.0,0.0
2016-11-04 06:00:00,5.2,94,4.3,0.0,0.0,2.9,0.0,0.0
2016-11-04 07:00:00,5.2,94,4.4,0.0,0.0,2.83,0.0,0.0
2016-11-04 08:00:00,5.8,94,4.9,0.0,0.0,2.97,23.0,0.0828
2016-11-04 09:00:00,7.6,90,6.0,0.0,0.0,3.2,84.0,0.3024
2016-11-04 10:00:00,9.2,85,6.9,0.0,0.0,2.62,129.0,0.4644
2016-11-04 11:00:00,10.4,83,7.6,0.0,0.0,2.33,168.0,0.6048
2016-11-04 12:00:00,10.8,82,7.8,0.3,0.0,2.2,112.0,0.4032
2016-11-04 13:00:00,10.8,83,8.0,0.5,0.0,2.12,103.0,0.37079999999999996
2016-11-04 14:00:00,10.3,87,8.3,1.0,0.0,1.66,56.0,0.2016
2016-11-04 15:00:00,9.7,92,8.4,1.2,0.0,1.3,25.0,0.09
2016-11-04 16:00:00,9.3,93,8.2,1.0,0.0,1.14,14.0,0.0504
2016-11-04 17:00:00,8.8,94,8.0,0.9,0.0,1.14,1.0,0.0036
2016-11-04 18:00:00,8.4,95,7.6,0.8,0.0,1.8,0.0,0.0
2016-11-04 19:00:00,7.7,96,7.0,0.0,0.0,1.91,0.0,0.0
2016-11-04 20:00:00,6.5,95,5.8,0.0,0.0,2.61,0.0,0.0
2016-11-04 21:00:00,5.8,95,5.0,0.0,0.0,2.95,0.0,0.0
2016-11-04 22:00:00,5.0,94,4.1,0.0,0.0,2.91,0.0,0.0
2016-11-04 23:00:00,4.3,94,3.5,0.0,0.0,2.95,0.0,0.0
2016-11-05 00:00:00,3.7,94,2.9,0.0,0.0,2.82,0.0,0.0
2016-11-05 01:00:00,3.0,95,2.3,0.0,0.0,2.63,0.0,0.0
2016-11-05 02:00:00,2.4,96,1.8,0.0,0.0,2.7,0.0,0.0
2016-11-05 03:00:00,1.9,96,1.4,0.0,0.0,2.81,0.0,0.0
2016-11-05 04:00:00,1.6,96,1.0,0.0,0.0,2.91,0.0,0.0
2016-11-05 05:00:00,1.4,96,0.8,0.0,0.0,3.04,0.0,0.0
2016-11-05 06:00:00,1.6,96,1.0,0.0,0.0,3.42,0.0,0.0
2016-11-05 07:00:00,2.0,95,1.4,0.0,0.0,3.47,0.0,0.0
2016-11-05 08:00:00,3.1,95,2.4,0.0,0.0,3.7,28.0,0.1008
2016-11-05 09:00:00,5.1,91,3.8,0.0,0.0,3.92,117.0,0.42119999999999996
2016-11-05 10:00:00,6.5,84,4.0,0.0,0.0,4.56,144.0,0.5184
2016-11-05 11:00:00,7.1,81,4.1,0.0,0.0,5.11,154.0,0.5544
2016-11-05 12:00:00,7.4,78,3.8,0.0,0.0,6.03,132.0,0.4752
2016-11-05 13:00:00,8.0,70,3.0,0.0,0.0,6.9,189.0,0.6804
2016-11-05 14:00:00,8.4,67,2.5,0.0,0.0,6.45,248.0,0.8927999999999999
2016-11-05 15:00:00,8.1,64,1.8,0.0,0.0,5.97,171.0,0.6156
2016-11-05 16:00:00,7.4,64,1.0,0.0,0.0,5.58,64.0,0.2304
2016-11-05 17:00:00,6.6,65,0.4,0.0,0.0,5.3,3.0,0.0108
2016-11-05 18:00:00,5.8,66,-0.0,0.0,0.0,5.15,0.0,0.0
2016-11-05 19:00:00,5.7,71,0.9,0.0,0.0,5.14,0.0,0.0
2016-11-05 20:00:00,5.0,72,0.4,0.0,0.0,5.19,0.0,0.0
2016-11-05 21:00:00,4.6,72,-0.0,0.0,0.0,4.91,0.0,0.0
2016-11-05 22:00:00,4.0,73,-0.4,0.0,0.0,4.76,0.0,0.0
2016-11-05 23:00:00,3.6,74,-0.6,0.0,0.0,4.68,0.0,0.0
2016-11-06 00:00:00,3.2,75,-0.9,0.0,0.0,4.6,0.0,0.0
2016-11-06 01:00:00,2.9,75,-1.2,0.0,0.0,4.6,0.0,0.0
2016-11-06 02:00:00,2.6,74,-1.5,0.0,0.0,4.46,0.0,0.0
2016-11-06 03:00:00,2.3,74,-1.8,0.0,0.0,4.47,0.0,0.0
2016-11-06 04:00:00,2.1,74,-2.0,0.0,0.0,4.61,0.0,0.0
2016-11-06 05:00:00,1.9,75,-2.1,0.0,0.0,4.82,0.0,0.0
2016-11-06 06:00:00,1.8,76,-2.1,0.0,0.0,4.88,0.0,0.0
2016-11-06 07:00:00,1.5,81,-1.4,0.0,0.0,4.74,0.0,0.0
2016-11-06 08:00:00,1.9,80,-1.2,0.0,0.0,4.75,29.0,0.10439999999999999
2016-11-06 09:00:00,3.2,76,-0.6,0.0,0.0,4.72,137.0,0.49319999999999997
2016-11-06 10:00:00,4.7,70,-0.3,0.0,0.0,4.88,244.0,0.8784
2016-11-06 11:00:00,5.9,66,0.1,0.0,0.0,5.3,323.0,1.1628
2016-11-06 12:00:00,7.0,64,0.6,0.0,0.0,6.28,352.0,1.2671999999999999
2016-11-06 13:00:00,7.1,65,1.0,0.0,0.0,6.38,242.0,0.8712
2016-11-06 14:00:00,7.0,69,1.7,0.0,0.0,6.35,121.0,0.4356
2016-11-06 15:00:00,6.7,75,2.5,0.2,0.0,5.02,54.0,0.1944
2016-11-06 16:00:00,6.4,77,2.8,0.2,0.0,4.5,47.0,0.1692
2016-11-06 17:00:00,5.8,81,2.8,0.2,0.0,4.79,2.0,0.0072
2016-11-06 18:00:00,5.6,82,2.8,0.0,0.0,5.48,0.0,0.0
2016-11-06 19:00:00,4.8,88,3.1,0.0,0.0,6.23,0.0,0.0
2016-11-06 20:00:00,4.9,87,3.0,0.0,0.0,6.67,0.0,0.0
2016-11-06 21:00:00,5.0,87,2.9,0.0,0.0,6.89,0.0,0.0
2016-11-06 22:00:00,5.1,86,2.9,0.0,0.0,7.12,0.0,0.0
2016-11-06 23:00:00,5.1,86,2.9,0.0,0.0,7.38,0.0,0.0
2016-11-07 00:00:00,5.4,86,3.2,0.0,0.0,7.5,0.0,0.0
2016-11-07 01:00:00,5.7,85,3.3,0.0,0.0,7.71,0.0,0.0
2016-11-07 02:00:00,5.9,83,3.3,0.0,0.0,7.89,0.0,0.0
2016-11-07 03:00:00,5.8,83,3.2,0.0,0.0,8.1,0.0,0.0
2016-11-07 04:00:00,5.9,83,3.1,0.0,0.0,7.94,0.0,0.0
2016-11-07 05:00:00,5.9,82,3.1,0.0,0.0,7.92,0.0,0.0
2016-11-07 06:00:00,5.8,82,3.0,0.0,0.0,8.02,0.0,0.0
2016-11-07 07:00:00,5.5,83,2.8,0.0,0.0,7.71,0.0,0.0
2016-11-07 08:00:00,5.6,82,2.9,0.0,0.0,7.41,24.0,0.0864
2016-11-07 09:00:00,6.2,81,3.2,0.0,0.0,6.42,91.0,0.3276
2016-11-07 10:00:00,7.0,76,3.1,0.0,0.0,8.14,194.0,0.6984
2016-11-07 11:00:00,7.8,69,2.5,0.0,0.0,7.53,262.0,0.9431999999999999
2016-11-07 12:00:00,8.1,67,2.3,0.0,0.0,7.43,287.0,1.0332
2016-11-07 13:00:00,8.1,66,2.2,0.0,0.0,6.81,275.0,0.99
2016-11-07 14:00:00,7.8,67,1.9,0.0,0.0,6.4,230.0,0.828
2016-11-07 15:00:00,7.3,68,1.8,0.0,0.0,5.51,146.0,0.5256
2016-11-07 16:00:00,6.5,71,1.6,0.0,0.0,4.93,66.0,0.2376
2016-11-07 17:00:00,5.5,75,1.5,0.0,0.0,4.44,2.0,0.0072
2016-11-07 18:00:00,4.7,79,1.4,0.0,0.0,4.08,0.0,0.0
2016-11-07 19:00:00,4.0,86,1.8,0.0,0.0,3.96,0.0,0.0
2016-11-07 20:00:00,3.6,87,1.7,0.0,0.0,3.92,0.0,0.0
2016-11-07 21:00:00,3.1,89,1.5,0.0,0.0,3.81,0.0,0.0
2016-11-07 22:00:00,2.7,90,1.2,0.0,0.0,3.35,0.0,0.0
2016-11-07 23:00:00,2.5,90,1.0,0.0,0.0,3.02,0.0,0.0
2016-11-08 00:00:00,1.9,92,0.7,0.0,0.0,2.91,0.0,0.0
2016-11-08 01:00:00,1.3,92,0.2,0.0,0.0,3.19,0.0,0.0
2016-11-08 02:00:00,0.8,93,-0.2,0.0,0.0,3.18,0.0,0.0
2016-11-08 03:00:00,0.3,94,-0.6,0.0,0.0,3.04,0.0,0.0
2016-11-08 04:00:00,-0.1,94,-1.0,0.0,0.0,3.06,0.0,0.0
2016-11-08 05:00:00,-0.4,93,-1.3,0.0,0.0,3.0,0.0,0.0
2016-11-08 06:00:00,-0.7,94,-1.6,0.0,0.0,2.8,0.0,0.0
2016-11-08 07:00:00,-1.0,94,-1.9,0.0,0.0,2.61,0.0,0.0
2016-11-08 08:00:00,-1.0,94,-1.8,0.0,0.0,2.77,25.0,0.09
2016-11-08 09:00:00,1.3,89,-0.3,0.0,0.0,2.47,129.0,0.4644
2016-11-08 10:00:00,3.1,83,0.4,0.0,0.0,2.55,237.0,0.8532
2016-11-08 11:00:00,4.5,78,1.1,0.0,0.0,3.2,313.0,1.1268
2016-11-08 12:00:00,5.6,74,1.3,0.0,0.0,3.37,317.0,1.1412
2016-11-08 13:00:00,6.2,70,1.1,0.0,0.0,3.24,284.0,1.0224
2016-11-08 14:00:00,6.4,67,0.7,0.0,0.0,3.0,210.0,0.756
2016-11-08 15:00:00,6.2,67,0.6,0.0,0.0,2.62,115.0,0.414
2016-11-08 16:00:00,5.6,72,0.9,0.0,0.0,1.84,41.0,0.1476
2016-11-08 17:00:00,4.9,76,1.0,0.0,0.0,1.71,1.0,0.0036
2016-11-08 18:00:00,4.4,78,1.0,0.0,0.0,1.92,0.0,0.0
2016-11-08 19:00:00,4.2,81,1.3,0.0,0.0,2.15,0.0,0.0
2016-11-08 20:00:00,4.2,82,1.4,0.1,0.0,2.42,0.0,0.0
2016-11-08 21:00:00,4.1,83,1.5,0.2,0.0,2.9,0.0,0.0
2016-11-08 22:00:00,4.0,85,1.8,0.3,0.0,2.86,0.0,0.0
2016-11-08 23:00:00,4.0,89,2.4,0.5,0.0,3.62,0.0,0.0
2016-11-09 00:00:00,4.1,91,2.7,0.7,0.0,4.03,0.0,0.0
2016-11-09 01:00:00,4.4,92,3.2,0.9,0.0,4.37,0.0,0.0
2016-11-09 02:00:00,4.8,93,3.7,1.2,0.0,4.24,0.0,0.0
2016-11-09 03:00:00,5.3,93,4.3,1.4,0.0,4.21,0.0,0.0
2016-11-09 04:00:00,5.8,94,4.9,1.8,0.0,4.1,0.0,0.0
2016-11-09 05:00:00,6.2,94,5.3,1.9,0.0,3.98,0.0,0.0
2016-11-09 06:00:00,6.4,95,5.6,1.7,0.0,3.99,0.0,0.0
2016-11-09 07:00:00,6.8,95,6.0,1.0,0.0,3.69,0.0,0.0
2016-11-09 08:00:00,7.0,95,6.2,0.8,0.0,3.25,2.0,0.0072
2016-11-09 09:00:00,7.2,95,6.4,0.6,0.0,2.4,11.0,0.039599999999999996
2016-11-09 10:00:00,7.1,96,6.5,0.4,0.0,3.55,23.0,0.0828
2016-11-09 11:00:00,7.0,96,6.4,0.2,0.0,4.34,52.0,0.1872
2016-11-09 12:00:00,6.8,94,5.9,0.0,0.0,4.96,73.0,0.2628
2016-11-09 13:00:00,7.4,86,5.3,0.0,0.0,6.24,120.0,0.432
2016-11-09 14:00:00,7.9,82,5.0,0.0,0.0,6.41,133.0,0.4788
2016-11-09 15:00:00,7.8,79,4.5,0.0,0.0,6.19,103.0,0.37079999999999996
2016-11-09 16:00:00,7.4,79,4.0,0.0,0.0,5.64,44.0,0.15839999999999999
2016-11-09 17:00:00,6.9,80,3.8,0.0,0.0,5.16,1.0,0.0036
2016-11-09 18:00:00,6.6,82,3.7,0.0,0.0,4.72,0.0,0.0
2016-11-09 19:00:00,6.7,84,4.2,0.0,0.0,4.44,0.0,0.0
2016-11-09 20:00:00,6.6,85,4.2,0.0,0.0,4.44,0.0,0.0
2016-11-09 21:00:00,6.4,86,4.2,0.0,0.0,4.22,0.0,0.0
2016-11-09 22:00:00,5.7,90,4.2,0.0,0.0,3.57,0.0,0.0
2016-11-09 23:00:00,4.9,93,3.8,0.0,0.0,3.51,0.0,0.0
2016-11-10 00:00:00,4.9,93,3.9,0.0,0.0,3.5,0.0,0.0
2016-11-10 01:00:00,5.3,92,4.2,0.0,0.0,3.61,0.0,0.0
2016-11-10 02:00:00,5.3,92,4.2,0.0,0.0,3.41,0.0,0.0
2016-11-10 03:00:00,5.4,92,4.2,0.0,0.0,3.16,0.0,0.0
2016-11-10 04:00:00,5.2,93,4.2,0.0,0.0,2.94,0.0,0.0
2016-11-10 05:00:00,5.0,94,4.1,0.0,0.0,2.97,0.0,0.0
2016-11-10 06:00:00,4.8,95,4.0,0.0,0.0,2.94,0.0,0.0
2016-11-10 07:00:00,4.6,96,3.9,0.0,0.0,2.86,0.0,0.0
2016-11-10 08:00:00,5.1,95,4.4,0.0,0.0,3.13,13.0,0.0468
2016-11-10 09:00:00,6.5,94,5.6,0.0,0.0,3.68,83.0,0.2988
2016-11-10 10:00:00,8.2,89,6.5,0.0,0.0,4.13,161.0,0.5796
2016-11-10 11:00:00,9.5,80,6.3,0.0,0.0,4.9,256.0,0.9216
2016-11-10 12:00:00,10.1,77,6.3,0.0,0.0,5.14,258.0,0.9288
2016-11-10 13:00:00,10.3,76,6.3,0.0,0.0,5.22,267.0,0.9611999999999999
2016-11-10 14:00:00,9.6,75,5.5,0.2,0.0,5.24,232.0,0.8351999999999999
2016-11-10 15:00:00,9.2,76,5.1,0.0,0.0,5.16,131.0,0.47159999999999996
2016-11-10 16:00:00,8.4,75,4.3,0.0,0.0,4.7,50.0,0.18
2016-11-10 17:00:00,7.6,77,3.8,0.0,0.0,4.72,1.0,0.0036
2016-11-10 18:00:00,7.1,78,3.5,0.0,0.0,4.96,0.0,0.0
2016-11-10 19:00:00,6.9,77,3.2,0.0,0.0,5.41,0.0,0.0
2016-11-10 20:00:00,6.6,79,3.1,0.0,0.0,5.86,0.0,0.0
2016-11-10 21:00:00,6.2,80,3.0,0.0,0.0,5.7,0.0,0.0
2016-11-10 22:00:00,5.8,83,3.1,0.0,0.0,5.39,0.0,0.0
2016-11-10 23:00:00,5.6,84,3.0,0.0,0.0,5.14,0.0,0.0
2016-11-11 00:00:00,5.1,85,2.8,0.0,0.0,4.52,0.0,0.0
2016-11-11 01:00:00,4.6,87,2.5,0.0,0.0,4.11,0.0,0.0
2016-11-11 02:00:00,4.1,88,2.3,0.0,0.0,4.24,0.0,0.0
2016-11-11 03:00:00,3.6,90,2.1,0.0,0.0,4.26,0.0,0.0
2016-11-11 04:00:00,3.3,92,2.0,0.0,0.0,4.05,0.0,0.0
2016-11-11 05:00:00,3.1,92,2.0,0.0,0.0,3.67,0.0,0.0
2016-11-11 06:00:00,2.7,94,1.9,0.0,0.0,2.97,0.0,0.0
2016-11-11 07:00:00,2.3,95,1.6,0.0,0.0,2.51,0.0,0.0
2016-11-11 08:00:00,1.8,97,1.4,0.0,0.0,2.22,18.0,0.0648
2016-11-11 09:00:00,3.8,95,3.0,0.0,0.0,1.6,115.0,0.414
2016-11-11 10:00:00,6.1,86,4.0,0.0,0.0,0.94,220.0,0.7919999999999999
2016-11-11 11:00:00,7.6,80,4.4,0.0,0.0,0.81,296.0,1.0655999999999999
2016-11-11 12:00:00,8.7,72,4.0,0.0,0.0,0.22,331.0,1.1916
2016-11-11 13:00:00,9.2,67,3.4,0.0,0.0,0.51,320.0,1.152
2016-11-11 14:00:00,9.4,65,3.1,0.0,0.0,1.3,259.0,0.9324
2016-11-11 15:00:00,9.1,68,3.5,0.0,0.0,1.36,167.0,0.6012
2016-11-11 16:00:00,8.0,74,3.6,0.0,0.0,1.92,60.0,0.216
2016-11-11 17:00:00,6.2,83,3.5,0.0,0.0,2.1,1.0,0.0036
2016-11-11 18:00:00,4.7,90,3.2,0.0,0.0,2.15,0.0,0.0
2016-11-11 19:00:00,4.0,90,2.6,0.0,0.0,2.47,0.0,0.0
2016-11-11 20:00:00,3.9,91,2.5,0.0,0.0,2.73,0.0,0.0
2016-11-11 21:00:00,4.4,90,2.9,0.0,0.0,2.95,0.0,0.0
2016-11-11 22:00:00,4.9,88,3.1,0.0,0.0,3.27,0.0,0.0
2016-11-11 23:00:00,5.8,84,3.3,0.0,0.0,3.62,0.0,0.0
2016-11-12 00:00:00,6.7,79,3.3,0.0,0.0,3.92,0.0,0.0
2016-11-12 01:00:00,7.3,75,3.2,0.0,0.0,4.46,0.0,0.0
2016-11-12 02:00:00,7.8,73,3.3,0.0,0.0,4.95,0.0,0.0
2016-11-12 03:00:00,8.1,72,3.3,0.0,0.0,5.26,0.0,0.0
2016-11-12 04:00:00,8.3,72,3.5,0.4,0.0,5.63,0.0,0.0
2016-11-12 05:00:00,8.4,74,4.0,0.0,0.0,5.77,0.0,0.0
2016-11-12 06:00:00,8.3,79,4.8,0.6,0.0,6.31,0.0,0.0
2016-11-12 07:00:00,8.1,83,5.4,1.5,0.0,6.28,0.0,0.0
2016-11-12 08:00:00,8.2,85,5.8,1.4,0.0,6.21,3.0,0.0108
2016-11-12 09:00:00,8.2,89,6.5,1.9,0.0,6.24,8.0,0.0288
2016-11-12 10:00:00,8.3,91,6.9,2.4,0.0,5.36,18.0,0.0648
2016-11-12 11:00:00,8.3,92,7.0,1.2,0.0,5.14,18.0,0.0648
2016-11-12 12:00:00,8.2,92,7.0,0.4,0.0,5.3,28.0,0.1008
2016-11-12 13:00:00,8.2,92,7.0,0.0,0.0,4.88,24.0,0.0864
2016-11-12 14:00:00,8.5,92,7.3,0.0,0.0,4.14,24.0,0.0864
2016-11-12 15:00:00,8.7,93,7.6,0.0,0.0,3.41,14.0,0.0504
2016-11-12 16:00:00,8.9,93,7.9,0.0,0.0,2.31,6.0,0.0216
2016-11-12 17:00:00,8.9,95,8.1,0.2,0.0,1.61,0.0,0.0
2016-11-12 18:00:00,8.8,96,8.2,0.1,0.0,0.7,0.0,0.0
2016-11-12 19:00:00,9.2,97,8.8,0.0,0.0,2.22,0.0,0.0
2016-11-12 20:00:00,9.5,97,9.0,0.0,0.0,3.18,0.0,0.0
2016-11-12 21:00:00,9.4,96,8.8,0.0,0.0,3.77,0.0,0.0
2016-11-12 22:00:00,9.1,95,8.3,0.0,0.0,3.86,0.0,0.0
2016-11-12 23:00:00,8.2,95,7.4,0.0,0.0,3.8,0.0,0.0
2016-11-13 00:00:00,7.5,94,6.6,0.0,0.0,3.78,0.0,0.0
2016-11-13 01:00:00,6.9,94,6.0,0.0,0.0,3.88,0.0,0.0
2016-11-13 02:00:00,6.5,94,5.7,0.0,0.0,4.1,0.0,0.0
2016-11-13 03:00:00,6.1,94,5.2,0.0,0.0,3.81,0.0,0.0
2016-11-13 04:00:00,5.9,94,5.0,0.0,0.0,3.71,0.0,0.0
2016-11-13 05:00:00,5.6,94,4.7,0.0,0.0,3.62,0.0,0.0
2016-11-13 06:00:00,5.3,95,4.5,0.0,0.0,3.86,0.0,0.0
2016-11-13 07:00:00,5.1,95,4.4,0.0,0.0,3.8,0.0,0.0
2016-11-13 08:00:00,5.1,95,4.4,0.0,0.0,3.58,14.0,0.0504
2016-11-13 09:00:00,6.3,94,5.4,0.0,0.0,3.58,101.0,0.3636
2016-11-13 10:00:00,7.6,89,5.9,0.0,0.0,3.4,203.0,0.7308
2016-11-13 11:00:00,8.9,81,5.7,0.0,0.0,3.85,272.0,0.9792
2016-11-13 12:00:00,9.4,80,6.2,0.0,0.0,4.39,290.0,1.044
2016-11-13 13:00:00,9.8,78,6.2,0.0,0.0,4.3,264.0,0.9504
2016-11-13 14:00:00,9.9,77,6.0,0.0,0.0,4.12,217.0,0.7812
2016-11-13 15:00:00,9.5,79,6.0,0.0,0.0,3.2,130.0,0.46799999999999997
2016-11-13 16:00:00,8.5,83,5.9,0.0,0.0,2.26,49.0,0.1764
2016-11-13 17:00:00,7.3,89,5.6,0.0,0.0,2.21,0.0,0.0
2016-11-13 18:00:00,6.6,92,5.5,0.0,0.0,1.9,0.0,0.0
2016-11-13 19:00:00,6.0,94,5.1,0.0,0.0,1.68,0.0,0.0
2016-11-13 20:00:00,5.5,95,4.7,0.0,0.0,1.66,0.0,0.0
2016-11-13 21:00:00,5.2,95,4.5,0.0,0.0,1.44,0.0,0.0
2016-11-13 22:00:00,5.1,95,4.4,0.0,0.0,1.84,0.0,0.0
2016-11-13 23:00:00,5.0,96,4.4,0.0,0.0,1.71,0.0,0.0
2016-11-14 00:00:00,4.7,97,4.3,0.0,0.0,1.5,0.0,0.0
2016-11-14 01:00:00,4.9,97,4.5,0.0,0.0,1.62,0.0,0.0
2016-11-14 02:00:00,5.3,97,4.8,0.0,0.0,1.8,0.0,0.0
2016-11-14 03:00:00,5.8,96,5.2,0.0,0.0,1.94,0.0,0.0
2016-11-14 04:00:00,6.3,94,5.4,0.0,0.0,2.12,0.0,0.0
2016-11-14 05:00:00,6.5,93,5.5,0.0,0.0,2.48,0.0,0.0
2016-11-14 06:00:00,6.8,92,5.6,0.2,0.0,2.7,0.0,0.0
2016-11-14 07:00:00,7.1,94,6.2,0.1,0.0,2.7,0.0,0.0
2016-11-14 08:00:00,7.5,95,6.8,0.1,0.0,3.11,3.0,0.0108
2016-11-14 09:00:00,8.3,95,7.6,0.0,0.0,3.44,32.0,0.1152
2016-11-14 10:00:00,9.5,94,8.6,0.0,0.0,3.69,91.0,0.3276
2016-11-14 11:00:00,10.6,90,9.1,0.0,0.0,3.89,109.0,0.39239999999999997
2016-11-14 12:00:00,11.2,89,9.5,0.0,0.0,4.55,129.0,0.4644
2016-11-14 13:00:00,11.7,86,9.5,0.0,0.0,5.3,103.0,0.37079999999999996
2016-11-14 14:00:00,11.5,89,9.8,0.7,0.0,4.52,46.0,0.1656
2016-11-14 15:00:00,11.2,93,10.2,0.5,0.0,4.48,20.0,0.072
2016-11-14 16:00:00,11.3,94,10.4,0.0,0.0,4.57,11.0,0.039599999999999996
2016-11-14 17:00:00,11.3,95,10.5,0.0,0.0,4.68,0.0,0.0
2016-11-14 18:00:00,11.4,95,10.7,0.0,0.0,4.41,0.0,0.0
2016-11-14 19:00:00,11.6,96,11.1,0.0,0.0,4.2,0.0,0.0
2016-11-14 20:00:00,11.7,97,11.3,0.0,0.0,3.91,0.0,0.0
2016-11-14 21:00:00,11.7,97,11.2,0.0,0.0,3.83,0.0,0.0
2016-11-14 22:00:00,11.7,98,11.4,0.0,0.0,3.44,0.0,0.0
2016-11-14 23:00:00,11.8,98,11.4,0.0,0.0,3.47,0.0,0.0
2016-11-15 00:00:00,11.7,98,11.4,0.0,0.0,3.59,0.0,0.0
2016-11-15 01:00:00,11.8,98,11.5,0.2,0.0,3.4,0.0,0.0
2016-11-15 02:00:00,11.8,98,11.5,0.0,0.0,3.4,0.0,0.0
2016-11-15 03:00:00,11.7,98,11.4,0.0,0.0,3.35,0.0,0.0
2016-11-15 04:00:00,11.7,97,11.3,0.0,0.0,3.7,0.0,0.0
2016-11-15 05:00:00,11.8,97,11.3,0.0,0.0,3.76,0.0,0.0
2016-11-15 06:00:00,11.7,97,11.3,0.0,0.0,3.93,0.0,0.0
2016-11-15 07:00:00,12.0,97,11.5,0.0,0.0,3.92,0.0,0.0
2016-11-15 08:00:00,12.4,96,11.8,0.0,0.0,3.8,4.0,0.0144
2016-11-15 09:00:00,12.7,96,12.1,0.0,0.0,3.81,26.0,0.0936
2016-11-15 10:00:00,13.2,94,12.3,0.0,0.0,3.81,57.0,0.2052
2016-11-15 11:00:00,13.5,94,12.6,0.0,0.0,3.95,65.0,0.23399999999999999
2016-11-15 12:00:00,13.7,94,12.8,0.0,0.0,4.01,58.0,0.20879999999999999
2016-11-15 13:00:00,13.7,95,12.9,0.0,0.0,4.0,47.0,0.1692
2016-11-15 14:00:00,13.6,96,12.9,0.0,0.0,3.21,31.0,0.11159999999999999
2016-11-15 15:00:00,13.5,96,12.9,0.0,0.0,3.01,19.0,0.0684
2016-11-15 16:00:00,13.3,97,12.9,0.0,0.0,3.16,7.0,0.0252
2016-11-15 17:00:00,13.1,98,12.8,0.0,0.0,3.29,0.0,0.0
2016-11-15 18:00:00,13.0,98,12.7,0.0,0.0,3.26,0.0,0.0
2016-11-15 19:00:00,13.0,98,12.7,0.0,0.0,3.4,0.0,0.0
2016-11-15 20:00:00,12.8,98,12.5,0.0,0.0,3.8,0.0,0.0
2016-11-15 21:00:00,12.7,98,12.4,0.0,0.0,4.07,0.0,0.0
2016-11-15 22:00:00,12.5,98,12.2,0.0,0.0,4.02,0.0,0.0
2016-11-15 23:00:00,12.4,98,12.1,0.0,0.0,4.24,0.0,0.0
2016-11-16 00:00:00,12.3,98,12.0,0.0,0.0,4.33,0.0,0.0
2016-11-16 01:00:00,12.3,98,12.0,0.0,0.0,4.24,0.0,0.0
2016-11-16 02:00:00,12.3,98,11.9,0.0,0.0,4.5,0.0,0.0
2016-11-16 03:00:00,12.3,97,11.8,0.0,0.0,4.86,0.0,0.0
2016-11-16 04:00:00,12.3,96,11.7,0.0,0.0,5.22,0.0,0.0
2016-11-16 05:00:00,12.2,95,11.5,0.0,0.0,5.25,0.0,0.0
2016-11-16 06:00:00,12.2,95,11.5,0.0,0.0,5.32,0.0,0.0
2016-11-16 07:00:00,12.6,96,12.0,0.0,0.0,5.59,0.0,0.0
2016-11-16 08:00:00,12.3,94,11.3,0.0,0.0,5.98,4.0,0.0144
2016-11-16 09:00:00,11.8,90,10.2,0.0,0.0,6.26,49.0,0.1764
2016-11-16 10:00:00,11.6,88,9.6,0.0,0.0,5.41,120.0,0.432
2016-11-16 11:00:00,11.6,83,8.9,0.0,0.0,6.08,205.0,0.738
2016-11-16 12:00:00,12.0,78,8.3,0.0,0.0,6.91,205.0,0.738
2016-11-16 13:00:00,12.4,74,7.9,0.0,0.0,6.78,163.0,0.5868
2016-11-16 14:00:00,12.6,73,7.9,0.0,0.0,5.95,105.0,0.378
2016-11-16 15:00:00,12.5,74,7.9,0.0,0.0,6.46,56.0,0.2016
2016-11-16 16:00:00,11.9,76,7.8,0.0,0.0,6.29,23.0,0.0828
2016-11-16 17:00:00,11.1,81,8.0,0.2,0.0,5.51,0.0,0.0
2016-11-16 18:00:00,11.0,79,7.5,0.1,0.0,4.83,0.0,0.0
2016-11-16 19:00:00,11.0,83,8.2,0.0,0.0,4.12,0.0,0.0
2016-11-16 20:00:00,10.5,83,7.8,0.0,0.0,3.91,0.0,0.0
2016-11-16 21:00:00,9.6,84,7.1,0.0,0.0,3.74,0.0,0.0
2016-11-16 22:00:00,9.3,82,6.4,0.0,0.0,3.13,0.0,0.0
2016-11-16 23:00:00,8.8,81,5.8,0.0,0.0,3.89,0.0,0.0
2016-11-17 00:00:00,8.4,84,5.8,0.0,0.0,4.21,0.0,0.0
2016-11-17 01:00:00,8.1,87,6.0,0.0,0.0,4.34,0.0,0.0
2016-11-17 02:00:00,7.8,87,5.8,0.0,0.0,4.48,0.0,0.0
2016-11-17 03:00:00,7.7,84,5.2,0.0,0.0,4.8,0.0,0.0
2016-11-17 04:00:00,7.8,78,4.2,0.0,0.0,4.99,0.0,0.0
2016-11-17 05:00:00,7.7,74,3.4,0.0,0.0,4.86,0.0,0.0
2016-11-17 06:00:00,7.3,75,3.1,0.0,0.0,4.97,0.0,0.0
2016-11-17 07:00:00,6.8,80,3.6,0.0,0.0,5.02,0.0,0.0
2016-11-17 08:00:00,7.0,81,3.9,0.0,0.0,5.37,7.0,0.0252
2016-11-17 09:00:00,8.1,79,4.7,0.0,0.0,5.67,54.0,0.1944
2016-11-17 10:00:00,9.4,77,5.6,0.0,0.0,5.19,138.0,0.49679999999999996
2016-11-17 11:00:00,10.7,72,6.0,0.0,0.0,6.58,206.0,0.7415999999999999
2016-11-17 12:00:00,11.3,74,6.8,0.0,0.0,8.66,148.0,0.5327999999999999
2016-11-17 13:00:00,11.7,76,7.6,0.0,0.0,8.43,172.0,0.6192
2016-11-17 14:00:00,11.8,73,7.0,0.1,0.0,9.06,165.0,0.594
2016-11-17 15:00:00,10.8,73,6.1,0.1,0.0,9.36,108.0,0.3888
2016-11-17 16:00:00,10.2,69,4.8,0.0,0.0,8.14,33.0,0.1188
2016-11-17 17:00:00,9.5,70,4.2,0.0,0.0,7.2,0.0,0.0
2016-11-17 18:00:00,9.0,71,4.0,0.1,0.0,6.54,0.0,0.0
2016-11-17 19:00:00,9.0,69,3.6,0.0,0.0,6.49,0.0,0.0
2016-11-17 20:00:00,8.0,75,3.8,0.0,0.0,5.51,0.0,0.0
2016-11-17 21:00:00,7.3,78,3.7,0.0,0.0,4.6,0.0,0.0
2016-11-17 22:00:00,6.7,80,3.5,0.0,0.0,5.39,0.0,0.0
2016-11-17 23:00:00,6.6,79,3.2,0.0,0.0,5.8,0.0,0.0
2016-11-18 00:00:00,6.6,77,2.8,0.0,0.0,5.94,0.0,0.0
2016-11-18 01:00:00,6.4,76,2.5,0.0,0.0,6.48,0.0,0.0
2016-11-18 02:00:00,5.9,76,1.9,0.0,0.0,6.36,0.0,0.0
2016-11-18 03:00:00,4.7,79,1.5,0.0,0.0,5.85,0.0,0.0
2016-11-18 04:00:00,3.9,83,1.3,0.0,0.0,5.66,0.0,0.0
2016-11-18 05:00:00,3.4,84,1.0,0.0,0.0,5.15,0.0,0.0
2016-11-18 06:00:00,3.1,85,0.9,0.0,0.0,5.08,0.0,0.0
2016-11-18 07:00:00,3.4,86,1.2,0.0,0.0,5.05,0.0,0.0
2016-11-18 08:00:00,3.3,86,1.2,0.0,0.0,4.7,8.0,0.0288
2016-11-18 09:00:00,4.0,85,1.7,0.0,0.0,3.97,86.0,0.3096
2016-11-18 10:00:00,5.3,79,2.0,0.0,0.0,4.41,176.0,0.6335999999999999
2016-11-18 11:00:00,6.2,75,2.1,0.0,0.0,4.52,223.0,0.8028
2016-11-18 12:00:00,6.7,71,1.9,0.0,0.0,5.13,225.0,0.8099999999999999
2016-11-18 13:00:00,7.1,68,1.5,0.0,0.0,5.01,219.0,0.7884
2016-11-18 14:00:00,7.1,67,1.3,0.0,0.0,5.06,188.0,0.6768
2016-11-18 15:00:00,6.8,68,1.4,0.0,0.0,4.78,135.0,0.486
2016-11-18 16:00:00,5.9,72,1.2,0.0,0.0,4.75,42.0,0.1512
2016-11-18 17:00:00,5.0,75,1.0,0.0,0.0,4.46,0.0,0.0
2016-11-18 18:00:00,4.4,77,0.7,0.0,0.0,4.39,0.0,0.0
2016-11-18 19:00:00,4.4,81,1.3,0.0,0.0,4.17,0.0,0.0
2016-11-18 20:00:00,4.1,82,1.3,0.0,0.0,4.03,0.0,0.0
2016-11-18 21:00:00,3.8,84,1.3,0.0,0.0,3.82,0.0,0.0
2016-11-18 22:00:00,3.4,86,1.4,0.0,0.0,2.83,0.0,0.0
2016-11-18 23:00:00,3.0,89,1.3,0.0,0.0,3.19,0.0,0.0
2016-11-19 00:00:00,2.5,91,1.2,0.0,0.0,3.05,0.0,0.0
2016-11-19 01:00:00,2.3,92,1.2,0.0,0.0,3.08,0.0,0.0
2016-11-19 02:00:00,1.8,94,0.9,0.0,0.0,3.31,0.0,0.0
2016-11-19 03:00:00,1.5,94,0.7,0.0,0.0,3.55,0.0,0.0
2016-11-19 04:00:00,1.3,94,0.4,0.0,0.0,3.8,0.0,0.0
2016-11-19 05:00:00,1.1,93,0.1,0.0,0.0,3.73,0.0,0.0
2016-11-19 06:00:00,0.8,93,-0.2,0.0,0.0,3.51,0.0,0.0
2016-11-19 07:00:00,0.9,91,-0.4,0.0,0.0,3.1,0.0,0.0
2016-11-19 08:00:00,0.9,91,-0.4,0.0,0.0,3.36,7.0,0.0252
2016-11-19 09:00:00,2.3,89,0.7,0.0,0.0,3.97,83.0,0.2988
2016-11-19 10:00:00,4.3,83,1.7,0.0,0.0,3.4,177.0,0.6372
2016-11-19 11:00:00,5.9,78,2.3,0.0,0.0,3.61,254.0,0.9144
2016-11-19 12:00:00,7.0,74,2.6,0.0,0.0,3.76,288.0,1.0368
2016-11-19 13:00:00,7.6,70,2.4,0.0,0.0,4.08,270.0,0.972
2016-11-19 14:00:00,7.7,68,2.1,0.0,0.0,4.53,197.0,0.7091999999999999
2016-11-19 15:00:00,7.0,72,2.3,0.0,0.0,3.57,88.0,0.31679999999999997
2016-11-19 16:00:00,6.2,75,2.1,0.0,0.0,3.45,24.0,0.0864
2016-11-19 17:00:00,5.8,79,2.4,0.0,0.0,3.42,0.0,0.0
2016-11-19 18:00:00,5.6,82,2.7,0.0,0.0,3.51,0.0,0.0
2016-11-19 19:00:00,5.8,88,3.9,0.2,0.0,3.75,0.0,0.0
2016-11-19 20:00:00,6.0,90,4.6,0.2,0.0,3.96,0.0,0.0
2016-11-19 21:00:00,6.3,89,4.7,0.4,0.0,4.27,0.0,0.0
2016-11-19 22:00:00,6.6,90,5.1,0.7,0.0,4.33,0.0,0.0
2016-11-19 23:00:00,7.1,91,5.8,0.7,0.0,5.38,0.0,0.0
2016-11-20 00:00:00,7.6,89,5.9,1.3,0.0,6.44,0.0,0.0
2016-11-20 01:00:00,7.5,89,5.8,3.0,0.0,7.92,0.0,0.0
2016-11-20 02:00:00,7.3,90,5.7,2.8,0.0,8.81,0.0,0.0
2016-11-20 03:00:00,7.6,91,6.1,1.7,0.0,8.74,0.0,0.0
2016-11-20 04:00:00,8.5,91,7.1,1.7,0.0,8.66,0.0,0.0
2016-11-20 05:00:00,9.4,91,7.9,1.3,0.0,7.22,0.0,0.0
2016-11-20 06:00:00,9.3,91,7.9,1.7,0.0,3.58,0.0,0.0
2016-11-20 07:00:00,8.9,94,8.0,0.7,0.0,1.84,0.0,0.0
2016-11-20 08:00:00,8.6,95,7.8,0.0,0.0,5.65,2.0,0.0072
2016-11-20 09:00:00,7.8,95,7.1,0.0,0.0,6.77,24.0,0.0864
2016-11-20 10:00:00,6.5,95,5.7,0.2,0.0,6.94,27.0,0.0972
2016-11-20 11:00:00,5.9,92,4.7,0.0,0.0,6.24,27.0,0.0972
2016-11-20 12:00:00,6.0,88,4.2,0.0,0.0,5.79,55.0,0.19799999999999998
2016-11-20 13:00:00,6.4,83,3.7,0.0,0.0,4.97,98.0,0.3528
2016-11-20 14:00:00,6.4,82,3.6,0.0,0.0,4.37,67.0,0.2412
2016-11-20 15:00:00,6.4,81,3.4,0.0,0.0,3.81,42.0,0.1512
2016-11-20 16:00:00,6.2,81,3.2,0.0,0.0,2.92,11.0,0.039599999999999996
2016-11-20 17:00:00,6.0,83,3.3,0.0,0.0,1.96,0.0,0.0
2016-11-20 18:00:00,6.0,82,3.2,0.0,0.0,0.86,0.0,0.0
2016-11-20 19:00:00,5.4,90,3.9,0.0,0.0,0.45,0.0,0.0
2016-11-20 20:00:00,4.7,94,3.8,0.0,0.0,1.32,0.0,0.0
2016-11-20 21:00:00,4.3,95,3.5,0.0,0.0,2.47,0.0,0.0
2016-11-20 22:00:00,4.4,94,3.6,0.4,0.0,3.07,0.0,0.0
2016-11-20 23:00:00,4.6,94,3.7,1.0,0.0,4.34,0.0,0.0
2016-11-21 00:00:00,4.8,94,3.9,0.9,0.0,4.92,0.0,0.0
2016-11-21 01:00:00,5.2,94,4.3,1.2,0.0,4.96,0.0,0.0
2016-11-21 02:00:00,5.6,94,4.7,1.3,0.0,5.56,0.0,0.0
2016-11-21 03:00:00,6.2,94,5.3,1.2,0.0,5.46,0.0,0.0
2016-11-21 04:00:00,6.8,93,5.8,1.3,0.0,5.01,0.0,0.0
2016-11-21 05:00:00,7.1,95,6.4,0.7,0.0,4.74,0.0,0.0
2016-11-21 06:00:00,7.4,97,6.9,0.4,0.0,3.91,0.0,0.0
2016-11-21 07:00:00,8.3,96,7.8,0.1,0.0,3.1,0.0,0.0
2016-11-21 08:00:00,9.2,96,8.5,0.0,0.0,3.23,2.0,0.0072
2016-11-21 09:00:00,10.4,95,9.6,0.0,0.0,4.52,19.0,0.0684
2016-11-21 10:00:00,11.5,94,10.5,0.4,0.0,5.19,61.0,0.2196
2016-11-21 11:00:00,11.5,93,10.5,0.5,0.0,5.61,49.0,0.1764
2016-11-21 12:00:00,11.9,92,10.7,0.7,0.0,6.36,80.0,0.288
2016-11-21 13:00:00,12.3,91,10.8,0.8,0.0,6.44,88.0,0.31679999999999997
2016-11-21 14:00:00,12.0,91,10.6,1.5,0.0,6.88,13.0,0.0468
2016-11-21 15:00:00,11.4,87,9.3,0.4,0.0,7.85,22.0,0.07919999999999999
2016-11-21 16:00:00,10.3,84,7.7,0.0,0.0,5.71,29.0,0.10439999999999999
2016-11-21 17:00:00,9.9,84,7.4,0.0,0.0,5.12,0.0,0.0
2016-11-21 18:00:00,10.2,86,7.9,0.1,0.0,5.47,0.0,0.0
2016-11-21 19:00:00,10.2,89,8.4,0.4,0.0,5.75,0.0,0.0
2016-11-21 20:00:00,9.8,89,8.0,0.1,0.0,5.72,0.0,0.0
2016-11-21 21:00:00,9.8,89,8.0,0.0,0.0,5.43,0.0,0.0
2016-11-21 22:00:00,9.8,92,8.5,0.6,0.0,4.92,0.0,0.0
2016-11-21 23:00:00,10.2,90,8.6,0.3,0.0,5.2,0.0,0.0
2016-11-22 00:00:00,10.0,86,7.7,0.5,0.0,6.43,0.0,0.0
2016-11-22 01:00:00,9.5,87,7.5,0.2,0.0,7.01,0.0,0.0
2016-11-22 02:00:00,9.4,86,7.2,0.2,0.0,7.37,0.0,0.0
2016-11-22 03:00:00,9.3,86,7.0,0.2,0.0,7.51,0.0,0.0
2016-11-22 04:00:00,9.3,85,6.9,0.1,0.0,7.5,0.0,0.0
2016-11-22 05:00:00,9.3,86,7.0,0.0,0.0,7.88,0.0,0.0
2016-11-22 06:00:00,9.1,87,7.0,0.0,0.0,7.87,0.0,0.0
2016-11-22 07:00:00,9.0,88,7.1,0.0,0.0,7.76,0.0,0.0
2016-11-22 08:00:00,9.0,87,7.0,0.0,0.0,7.98,3.0,0.0108
2016-11-22 09:00:00,9.3,86,7.1,0.0,0.0,7.97,39.0,0.1404
2016-11-22 10:00:00,9.8,83,7.0,0.0,0.0,7.26,94.0,0.3384
2016-11-22 11:00:00,10.2,82,7.2,0.0,0.0,7.85,140.0,0.504
2016-11-22 12:00:00,10.3,82,7.3,0.2,0.0,8.33,180.0,0.648
2016-11-22 13:00:00,10.6,81,7.4,0.1,0.0,8.1,205.0,0.738
2016-11-22 14:00:00,10.5,79,7.0,0.0,0.0,7.48,155.0,0.5579999999999999
2016-11-22 15:00:00,10.2,78,6.6,0.0,0.0,6.78,100.0,0.36
2016-11-22 16:00:00,9.6,79,6.2,0.0,0.0,6.24,23.0,0.0828
2016-11-22 17:00:00,9.2,81,6.1,0.0,0.0,5.48,0.0,0.0
2016-11-22 18:00:00,8.8,83,6.1,0.0,0.0,4.81,0.0,0.0
2016-11-22 19:00:00,8.2,85,5.9,0.0,0.0,4.33,0.0,0.0
2016-11-22 20:00:00,7.8,87,5.8,0.0,0.0,3.89,0.0,0.0
2016-11-22 21:00:00,7.5,88,5.7,0.0,0.0,3.29,0.0,0.0
2016-11-22 22:00:00,7.1,90,5.6,0.0,0.0,2.31,0.0,0.0
2016-11-22 23:00:00,6.3,93,5.2,0.0,0.0,2.11,0.0,0.0
2016-11-23 00:00:00,5.5,95,4.7,0.0,0.0,2.1,0.0,0.0
2016-11-23 01:00:00,5.1,96,4.4,0.0,0.0,1.73,0.0,0.0
2016-11-23 02:00:00,5.1,95,4.4,0.0,0.0,0.58,0.0,0.0
2016-11-23 03:00:00,6.2,93,5.2,0.0,0.0,0.64,0.0,0.0
2016-11-23 04:00:00,5.8,95,5.1,0.0,0.0,1.25,0.0,0.0
2016-11-23 05:00:00,3.3,100,3.2,0.0,0.0,1.28,0.0,0.0
2016-11-23 06:00:00,2.6,100,2.6,0.0,0.0,1.78,0.0,0.0
2016-11-23 07:00:00,3.5,99,3.4,0.0,0.0,2.11,0.0,0.0
2016-11-23 08:00:00,4.2,99,4.0,0.0,0.0,2.52,3.0,0.0108
2016-11-23 09:00:00,6.0,96,5.4,0.0,0.0,3.16,52.0,0.1872
2016-11-23 10:00:00,7.7,91,6.3,0.0,0.0,3.47,101.0,0.3636
2016-11-23 11:00:00,8.8,88,6.9,0.0,0.0,3.96,139.0,0.5004
2016-11-23 12:00:00,9.3,87,7.3,0.0,0.0,4.26,154.0,0.5544
2016-11-23 13:00:00,9.9,86,7.6,0.0,0.0,4.46,162.0,0.5831999999999999
2016-11-23 14:00:00,10.4,85,8.0,0.0,0.0,4.88,152.0,0.5472
2016-11-23 15:00:00,10.4,85,8.1,0.0,0.0,5.02,72.0,0.2592
2016-11-23 16:00:00,9.8,89,8.0,0.0,0.0,5.02,17.0,0.0612
2016-11-23 17:00:00,9.2,91,7.9,0.0,0.0,5.45,0.0,0.0
2016-11-23 18:00:00,9.1,91,7.7,0.0,0.0,5.81,0.0,0.0
2016-11-23 19:00:00,9.0,90,7.4,0.0,0.0,6.01,0.0,0.0
2016-11-23 20:00:00,8.7,91,7.2,0.0,0.0,6.22,0.0,0.0
2016-11-23 21:00:00,8.6,90,7.1,0.0,0.0,6.44,0.0,0.0
2016-11-23 22:00:00,8.6,90,7.1,0.0,0.0,5.73,0.0,0.0
2016-11-23 23:00:00,8.8,89,7.1,0.0,0.0,6.15,0.0,0.0
2016-11-24 00:00:00,8.9,88,7.1,0.0,0.0,6.44,0.0,0.0
2016-11-24 01:00:00,9.0,87,7.0,0.0,0.0,6.36,0.0,0.0
2016-11-24 02:00:00,9.1,86,7.0,0.0,0.0,6.51,0.0,0.0
2016-11-24 03:00:00,8.9,88,7.0,0.0,0.0,6.72,0.0,0.0
2016-11-24 04:00:00,8.8,89,7.1,0.0,0.0,7.0,0.0,0.0
2016-11-24 05:00:00,8.5,91,7.1,0.0,0.0,7.15,0.0,0.0
2016-11-24 06:00:00,8.6,90,7.0,0.0,0.0,6.88,0.0,0.0
2016-11-24 07:00:00,9.1,85,6.6,0.0,0.0,6.79,0.0,0.0
2016-11-24 08:00:00,8.7,85,6.4,0.0,0.0,6.86,2.0,0.0072
2016-11-24 09:00:00,9.1,83,6.4,0.0,0.0,7.0,45.0,0.162
2016-11-24 10:00:00,9.5,82,6.6,0.0,0.0,6.04,106.0,0.3816
2016-11-24 11:00:00,10.1,79,6.7,0.0,0.0,7.99,156.0,0.5616
2016-11-24 12:00:00,10.4,77,6.6,0.0,0.0,8.11,183.0,0.6587999999999999
2016-11-24 13:00:00,10.5,76,6.5,0.0,0.0,8.09,198.0,0.7128
2016-11-24 14:00:00,10.2,76,6.2,0.0,0.0,7.78,161.0,0.5796
2016-11-24 15:00:00,9.6,77,5.8,0.0,0.0,7.57,100.0,0.36
2016-11-24 16:00:00,8.8,78,5.2,0.0,0.0,7.21,28.0,0.1008
2016-11-24 17:00:00,8.2,79,4.8,0.0,0.0,6.65,0.0,0.0
2016-11-24 18:00:00,7.7,80,4.5,0.0,0.0,6.58,0.0,0.0
2016-11-24 19:00:00,7.5,79,4.1,0.0,0.0,7.25,0.0,0.0
2016-11-24 20:00:00,7.3,79,3.8,0.0,0.0,7.53,0.0,0.0
2016-11-24 21:00:00,7.0,80,3.8,0.0,0.0,6.93,0.0,0.0
2016-11-24 22:00:00,6.9,81,3.9,0.0,0.0,6.22,0.0,0.0
2016-11-24 23:00:00,6.9,81,3.8,0.0,0.0,6.09,0.0,0.0
2016-11-25 00:00:00,6.8,80,3.6,0.0,0.0,6.47,0.0,0.0
2016-11-25 01:00:00,6.9,79,3.4,0.0,0.0,6.89,0.0,0.0
2016-11-25 02:00:00,6.7,79,3.3,0.0,0.0,6.73,0.0,0.0
2016-11-25 03:00:00,6.7,78,3.2,0.0,0.0,6.38,0.0,0.0
2016-11-25 04:00:00,6.5,79,3.0,0.0,0.0,6.33,0.0,0.0
2016-11-25 05:00:00,6.3,79,2.9,0.0,0.0,6.81,0.0,0.0
2016-11-25 06:00:00,6.2,79,2.8,0.0,0.0,6.65,0.0,0.0
2016-11-25 07:00:00,6.0,77,2.4,0.0,0.0,6.23,0.0,0.0
2016-11-25 08:00:00,5.9,78,2.3,0.0,0.0,6.56,3.0,0.0108
2016-11-25 09:00:00,6.6,76,2.6,0.0,0.0,6.97,65.0,0.23399999999999999
2016-11-25 10:00:00,7.8,73,3.3,0.0,0.0,5.74,162.0,0.5831999999999999
2016-11-25 11:00:00,9.0,68,3.5,0.0,0.0,6.04,234.0,0.8423999999999999
2016-11-25 12:00:00,9.5,65,3.3,0.0,0.0,6.52,269.0,0.9683999999999999
2016-11-25 13:00:00,9.7,64,3.1,0.0,0.0,6.52,253.0,0.9107999999999999
2016-11-25 14:00:00,9.4,65,3.2,0.0,0.0,6.52,196.0,0.7056
2016-11-25 15:00:00,8.7,66,2.8,0.0,0.0,6.58,117.0,0.42119999999999996
2016-11-25 16:00:00,7.8,69,2.4,0.0,0.0,6.51,30.0,0.108
2016-11-25 17:00:00,7.1,73,2.5,0.0,0.0,6.18,0.0,0.0
2016-11-25 18:00:00,6.7,77,2.9,0.0,0.0,5.86,0.0,0.0
2016-11-25 19:00:00,6.6,81,3.7,0.0,0.0,5.58,0.0,0.0
2016-11-25 20:00:00,6.3,84,3.7,0.0,0.0,5.08,0.0,0.0
2016-11-25 21:00:00,5.9,86,3.7,0.0,0.0,4.6,0.0,0.0
2016-11-25 22:00:00,5.5,88,3.6,0.0,0.0,4.0,0.0,0.0
2016-11-25 23:00:00,5.0,89,3.3,0.0,0.0,3.76,0.0,0.0
2016-11-26 00:00:00,4.5,90,3.1,0.0,0.0,3.61,0.0,0.0
2016-11-26 01:00:00,4.1,92,2.8,0.0,0.0,3.47,0.0,0.0
2016-11-26 02:00:00,3.7,93,2.6,0.0,0.0,3.26,0.0,0.0
2016-11-26 03:00:00,3.3,93,2.3,0.0,0.0,3.19,0.0,0.0
2016-11-26 04:00:00,2.9,94,2.1,0.0,0.0,3.06,0.0,0.0
2016-11-26 05:00:00,2.6,95,1.9,0.0,0.0,2.98,0.0,0.0
2016-11-26 06:00:00,2.4,96,1.8,0.0,0.0,3.06,0.0,0.0
2016-11-26 07:00:00,2.4,97,1.9,0.0,0.0,3.16,0.0,0.0
2016-11-26 08:00:00,2.5,97,2.1,0.0,0.0,3.3,2.0,0.0072
2016-11-26 09:00:00,3.9,95,3.2,0.0,0.0,3.36,59.0,0.2124
2016-11-26 10:00:00,6.1,91,4.7,0.0,0.0,3.22,148.0,0.5327999999999999
2016-11-26 11:00:00,7.6,85,5.2,0.0,0.0,3.75,207.0,0.7452
2016-11-26 12:00:00,8.5,79,5.1,0.0,0.0,3.97,250.0,0.9
2016-11-26 13:00:00,8.9,76,4.9,0.0,0.0,3.94,209.0,0.7524
2016-11-26 14:00:00,8.9,76,4.9,0.0,0.0,3.8,175.0,0.63
2016-11-26 15:00:00,8.3,80,5.1,0.0,0.0,3.34,89.0,0.3204
2016-11-26 16:00:00,7.0,87,5.0,0.0,0.0,2.91,25.0,0.09
2016-11-26 17:00:00,5.9,92,4.8,0.0,0.0,2.69,0.0,0.0
2016-11-26 18:00:00,5.3,95,4.5,0.0,0.0,3.0,0.0,0.0
2016-11-26 19:00:00,5.9,94,5.0,0.0,0.0,3.44,0.0,0.0
2016-11-26 20:00:00,5.8,95,5.1,0.0,0.0,3.56,0.0,0.0
2016-11-26 21:00:00,5.5,96,4.9,0.0,0.0,3.48,0.0,0.0
2016-11-26 22:00:00,5.4,96,4.8,0.0,0.0,3.28,0.0,0.0
2016-11-26 23:00:00,5.0,97,4.5,0.0,0.0,3.28,0.0,0.0
2016-11-27 00:00:00,4.6,97,4.2,0.0,0.0,2.88,0.0,0.0
2016-11-27 01:00:00,4.8,97,4.3,0.0,0.0,2.33,0.0,0.0
2016-11-27 02:00:00,4.7,97,4.2,0.0,0.0,2.34,0.0,0.0
2016-11-27 03:00:00,4.9,97,4.4,0.0,0.0,2.47,0.0,0.0
2016-11-27 04:00:00,5.5,96,4.9,0.0,0.0,2.55,0.0,0.0
2016-11-27 05:00:00,6.1,96,5.4,0.0,0.0,2.86,0.0,0.0
2016-11-27 06:00:00,6.7,96,6.1,0.0,0.0,3.45,0.0,0.0
2016-11-27 07:00:00,7.0,96,6.4,0.0,0.0,4.25,0.0,0.0
2016-11-27 08:00:00,7.3,92,6.2,0.0,0.0,4.36,1.0,0.0036
2016-11-27 09:00:00,7.7,87,5.7,0.0,0.0,4.64,27.0,0.0972
2016-11-27 10:00:00,7.8,84,5.3,0.0,0.0,4.16,57.0,0.2052
2016-11-27 11:00:00,8.2,75,4.1,0.0,0.0,5.03,117.0,0.42119999999999996
2016-11-27 12:00:00,8.4,70,3.2,0.0,0.0,5.45,155.0,0.5579999999999999
2016-11-27 13:00:00,8.4,73,3.8,0.0,0.0,5.16,100.0,0.36
2016-11-27 14:00:00,8.4,75,4.2,0.0,0.0,4.53,109.0,0.39239999999999997
2016-11-27 15:00:00,8.1,77,4.4,0.0,0.0,3.94,79.0,0.2844
2016-11-27 16:00:00,7.5,80,4.2,0.0,0.0,3.81,19.0,0.0684
2016-11-27 17:00:00,6.7,83,4.0,0.0,0.0,3.98,0.0,0.0
2016-11-27 18:00:00,6.1,84,3.6,0.0,0.0,4.12,0.0,0.0
2016-11-27 19:00:00,5.6,85,3.3,0.0,0.0,4.17,0.0,0.0
2016-11-27 20:00:00,5.3,85,3.0,0.0,0.0,4.47,0.0,0.0
2016-11-27 21:00:00,5.0,86,2.8,0.0,0.0,4.62,0.0,0.0
2016-11-27 22:00:00,5.1,84,2.6,0.0,0.0,4.47,0.0,0.0
2016-11-27 23:00:00,5.3,81,2.3,0.0,0.0,4.26,0.0,0.0
2016-11-28 00:00:00,5.2,81,2.1,0.0,0.0,4.06,0.0,0.0
2016-11-28 01:00:00,5.3,80,2.1,0.0,0.0,3.54,0.0,0.0
2016-11-28 02:00:00,5.3,79,2.0,0.0,0.0,3.62,0.0,0.0
2016-11-28 03:00:00,5.2,79,1.9,0.0,0.0,3.72,0.0,0.0
2016-11-28 04:00:00,5.7,77,1.9,0.0,0.0,3.76,0.0,0.0
2016-11-28 05:00:00,5.9,76,1.9,0.0,0.0,3.91,0.0,0.0
2016-11-28 06:00:00,6.1,75,2.0,0.0,0.0,3.88,0.0,0.0
2016-11-28 07:00:00,6.1,81,3.2,0.0,0.0,4.05,0.0,0.0
2016-11-28 08:00:00,5.4,86,3.3,0.0,0.0,4.1,1.0,0.0036
2016-11-28 09:00:00,5.4,83,2.7,0.0,0.0,4.33,53.0,0.1908
2016-11-28 10:00:00,6.4,74,2.0,0.0,0.0,3.81,150.0,0.54
2016-11-28 11:00:00,7.1,62,0.3,0.0,0.0,4.3,215.0,0.774
2016-11-28 12:00:00,7.4,56,-0.7,0.0,0.0,4.7,264.0,0.9504
2016-11-28 13:00:00,7.4,56,-0.7,0.0,0.0,4.91,255.0,0.9179999999999999
2016-11-28 14:00:00,7.1,59,-0.4,0.0,0.0,4.84,199.0,0.7163999999999999
2016-11-28 15:00:00,6.4,61,-0.5,0.0,0.0,4.69,114.0,0.4104
2016-11-28 16:00:00,5.3,64,-1.0,0.0,0.0,4.66,26.0,0.0936
2016-11-28 17:00:00,4.4,66,-1.3,0.0,0.0,4.71,0.0,0.0
2016-11-28 18:00:00,3.8,67,-1.7,0.0,0.0,4.52,0.0,0.0
2016-11-28 19:00:00,3.5,65,-2.5,0.0,0.0,4.33,0.0,0.0
2016-11-28 20:00:00,3.1,66,-2.6,0.0,0.0,4.11,0.0,0.0
2016-11-28 21:00:00,2.7,69,-2.5,0.0,0.0,3.89,0.0,0.0
2016-11-28 22:00:00,2.1,73,-2.2,0.0,0.0,3.26,0.0,0.0
2016-11-28 23:00:00,1.4,78,-2.0,0.0,0.0,2.94,0.0,0.0
2016-11-29 00:00:00,0.6,83,-2.0,0.0,0.0,2.79,0.0,0.0
2016-11-29 01:00:00,-0.3,85,-2.4,0.0,0.0,2.79,0.0,0.0
2016-11-29 02:00:00,-0.9,86,-2.9,0.0,0.0,2.79,0.0,0.0
2016-11-29 03:00:00,-1.4,87,-3.3,0.0,0.0,2.75,0.0,0.0
2016-11-29 04:00:00,-1.8,88,-3.6,0.0,0.0,2.79,0.0,0.0
2016-11-29 05:00:00,-2.0,88,-3.8,0.0,0.0,2.77,0.0,0.0
2016-11-29 06:00:00,-2.2,88,-3.9,0.0,0.0,2.53,0.0,0.0
2016-11-29 07:00:00,-2.3,91,-3.5,0.0,0.0,2.38,0.0,0.0
2016-11-29 08:00:00,-2.4,92,-3.5,0.0,0.0,2.24,1.0,0.0036
2016-11-29 09:00:00,-1.0,92,-2.1,0.0,0.0,2.51,56.0,0.2016
2016-11-29 10:00:00,2.2,87,0.2,0.0,0.0,2.18,151.0,0.5436
2016-11-29 11:00:00,3.8,79,0.5,0.0,0.0,1.99,226.0,0.8136
2016-11-29 12:00:00,4.7,73,0.4,0.0,0.0,2.15,262.0,0.9431999999999999
2016-11-29 13:00:00,5.2,70,0.1,0.0,0.0,2.1,254.0,0.9144
2016-11-29 14:00:00,5.3,69,0.1,0.0,0.0,2.15,203.0,0.7308
2016-11-29 15:00:00,4.6,74,0.4,0.0,0.0,1.66,118.0,0.4248
2016-11-29 16:00:00,3.2,80,0.2,0.0,0.0,1.97,26.0,0.0936
2016-11-29 17:00:00,1.3,89,-0.3,0.0,0.0,2.02,0.0,0.0
2016-11-29 18:00:00,0.4,89,-1.2,0.0,0.0,2.3,0.0,0.0
2016-11-29 19:00:00,-0.0,86,-2.0,0.0,0.0,2.3,0.0,0.0
2016-11-29 20:00:00,-0.7,88,-2.4,0.0,0.0,1.78,0.0,0.0
2016-11-29 21:00:00,-1.7,92,-2.8,0.0,0.0,2.06,0.0,0.0
2016-11-29 22:00:00,-1.4,92,-2.5,0.0,0.0,2.14,0.0,0.0
2016-11-29 23:00:00,-0.6,92,-1.7,0.0,0.0,1.12,0.0,0.0
2016-11-30 00:00:00,-0.3,93,-1.3,0.0,0.0,0.45,0.0,0.0
2016-11-30 01:00:00,-0.6,94,-1.4,0.0,0.0,1.66,0.0,0.0
2016-11-30 02:00:00,-1.7,97,-2.1,0.0,0.0,1.6,0.0,0.0
2016-11-30 03:00:00,-2.2,96,-2.7,0.0,0.0,1.44,0.0,0.0
2016-11-30 04:00:00,-2.4,96,-2.9,0.0,0.0,2.05,0.0,0.0
2016-11-30 05:00:00,-2.4,95,-3.0,0.0,0.0,1.8,0.0,0.0
2016-11-30 06:00:00,-2.7,95,-3.4,0.0,0.0,1.75,0.0,0.0
2016-11-30 07:00:00,-3.9,97,-4.3,0.0,0.0,1.84,0.0,0.0
2016-11-30 08:00:00,-4.0,96,-4.5,0.0,0.0,1.94,1.0,0.0036
2016-11-30 09:00:00,-2.8,96,-3.4,0.0,0.0,1.77,49.0,0.1764
2016-11-30 10:00:00,-0.1,89,-1.7,0.0,0.0,1.61,138.0,0.49679999999999996
2016-11-30 11:00:00,1.7,83,-0.9,0.0,0.0,1.5,209.0,0.7524
2016-11-30 12:00:00,3.1,78,-0.3,0.0,0.0,1.6,255.0,0.9179999999999999
2016-11-30 13:00:00,3.9,77,0.3,0.0,0.0,1.9,249.0,0.8964
2016-11-30 14:00:00,4.0,80,0.8,0.0,0.0,1.91,197.0,0.7091999999999999
2016-11-30 15:00:00,3.0,84,0.6,0.0,0.0,1.81,112.0,0.4032
2016-11-30 16:00:00,1.3,89,-0.3,0.0,0.0,2.12,23.0,0.0828
2016-11-30 17:00:00,0.1,92,-1.0,0.0,0.0,2.3,0.0,0.0
2016-11-30 18:00:00,-0.7,93,-1.6,0.0,0.0,2.2,0.0,0.0
2016-11-30 19:00:00,-1.3,88,-3.1,0.0,0.0,2.2,0.0,0.0
2016-11-30 20:00:00,-1.7,88,-3.5,0.0,0.0,2.2,0.0,0.0
2016-11-30 21:00:00,-1.9,87,-3.8,0.0,0.0,2.31,0.0,0.0
2016-11-30 22:00:00,-1.9,86,-3.9,0.0,0.0,2.41,0.0,0.0
2016-11-30 23:00:00,-1.9,85,-4.1,0.0,0.0,2.6,0.0,0.0
2016-12-01 00:00:00,-1.9,85,-4.2,0.0,0.0,2.7,0.0,0.0
2016-12-01 01:00:00,-1.9,85,-4.2,0.0,0.0,2.71,0.0,0.0
2016-12-01 02:00:00,-1.9,84,-4.2,0.0,0.0,2.63,0.0,0.0
2016-12-01 03:00:00,-1.9,85,-4.1,0.0,0.0,2.6,0.0,0.0
2016-12-01 04:00:00,-1.8,87,-3.7,0.0,0.0,2.47,0.0,0.0
2016-12-01 05:00:00,-1.8,88,-3.5,0.0,0.0,2.55,0.0,0.0
2016-12-01 06:00:00,-1.1,90,-2.5,0.0,0.0,2.57,0.0,0.0
2016-12-01 07:00:00,-1.7,88,-3.4,0.0,0.0,2.53,0.0,0.0
2016-12-01 08:00:00,-1.6,90,-3.0,0.0,0.0,2.42,1.0,0.0036
2016-12-01 09:00:00,-0.0,91,-1.3,0.0,0.0,2.82,41.0,0.1476
2016-12-01 10:00:00,1.8,90,0.3,0.0,0.0,2.66,102.0,0.36719999999999997
2016-12-01 11:00:00,3.6,88,1.8,0.0,0.0,2.4,138.0,0.49679999999999996
2016-12-01 12:00:00,4.8,88,2.9,0.0,0.0,2.55,167.0,0.6012
2016-12-01 13:00:00,5.3,89,3.6,0.0,0.0,2.75,134.0,0.4824
2016-12-01 14:00:00,5.1,92,3.9,0.0,0.0,2.6,93.0,0.3348
2016-12-01 15:00:00,4.6,95,3.8,0.0,0.0,2.66,49.0,0.1764
2016-12-01 16:00:00,3.8,97,3.4,0.0,0.0,2.6,9.0,0.0324
2016-12-01 17:00:00,3.6,97,3.2,0.0,0.0,2.56,0.0,0.0
2016-12-01 18:00:00,3.5,98,3.2,0.0,0.0,2.5,0.0,0.0
2016-12-01 19:00:00,2.2,95,1.6,0.0,0.0,2.56,0.0,0.0
2016-12-01 20:00:00,1.3,97,0.9,0.0,0.0,2.58,0.0,0.0
2016-12-01 21:00:00,0.9,98,0.6,0.0,0.0,2.72,0.0,0.0
2016-12-01 22:00:00,0.8,98,0.4,0.0,0.0,2.64,0.0,0.0
2016-12-01 23:00:00,0.1,98,-0.2,0.0,0.0,2.41,0.0,0.0
2016-12-02 00:00:00,-0.2,98,-0.5,0.0,0.0,2.27,0.0,0.0
2016-12-02 01:00:00,-0.5,98,-0.7,0.0,0.0,2.06,0.0,0.0
2016-12-02 02:00:00,-0.7,98,-0.9,0.0,0.0,1.98,0.0,0.0
2016-12-02 03:00:00,-0.7,99,-0.9,0.0,0.0,1.86,0.0,0.0
2016-12-02 04:00:00,-0.4,99,-0.6,0.0,0.0,1.75,0.0,0.0
2016-12-02 05:00:00,0.0,99,-0.1,0.0,0.0,1.75,0.0,0.0
2016-12-02 06:00:00,0.5,99,0.4,0.0,0.0,1.7,0.0,0.0
2016-12-02 07:00:00,2.1,97,1.7,0.0,0.0,1.57,0.0,0.0
2016-12-02 08:00:00,1.4,98,1.1,0.0,0.0,1.61,0.0,0.0
2016-12-02 09:00:00,2.7,98,2.4,0.0,0.0,1.8,30.0,0.108
2016-12-02 10:00:00,3.9,97,3.4,0.0,0.0,1.53,64.0,0.2304
2016-12-02 11:00:00,5.3,94,4.4,0.0,0.0,1.41,113.0,0.4068
2016-12-02 12:00:00,6.5,90,5.0,0.0,0.0,1.21,121.0,0.4356
2016-12-02 13:00:00,7.0,89,5.3,0.0,0.0,1.34,121.0,0.4356
2016-12-02 14:00:00,7.0,90,5.5,0.0,0.0,1.21,115.0,0.414
2016-12-02 15:00:00,6.6,91,5.3,0.0,0.0,1.34,56.0,0.2016
2016-12-02 16:00:00,5.8,94,4.9,0.0,0.0,1.57,12.0,0.0432
2016-12-02 17:00:00,4.7,96,4.1,0.0,0.0,1.88,0.0,0.0
2016-12-02 18:00:00,4.5,97,4.0,0.0,0.0,1.93,0.0,0.0
2016-12-02 19:00:00,4.1,97,3.6,0.0,0.0,2.15,0.0,0.0
2016-12-02 20:00:00,4.3,97,3.8,0.0,0.0,2.38,0.0,0.0
2016-12-02 21:00:00,4.6,97,4.1,0.0,0.0,2.55,0.0,0.0
2016-12-02 22:00:00,4.8,97,4.4,0.0,0.0,2.52,0.0,0.0
2016-12-02 23:00:00,5.1,98,4.8,0.0,0.0,2.64,0.0,0.0
2016-12-03 00:00:00,5.4,98,5.0,0.0,0.0,2.91,0.0,0.0
2016-12-03 01:00:00,5.1,97,4.6,0.0,0.0,3.11,0.0,0.0
2016-12-03 02:00:00,5.0,96,4.3,0.0,0.0,3.19,0.0,0.0
2016-12-03 03:00:00,4.5,94,3.7,0.0,0.0,3.26,0.0,0.0
2016-12-03 04:00:00,3.9,93,2.9,0.0,0.0,3.11,0.0,0.0
2016-12-03 05:00:00,3.6,93,2.5,0.0,0.0,3.19,0.0,0.0
2016-12-03 06:00:00,3.7,92,2.5,0.0,0.0,3.05,0.0,0.0
2016-12-03 07:00:00,2.9,93,1.9,0.0,0.0,2.98,0.0,0.0
2016-12-03 08:00:00,2.5,94,1.6,0.0,0.0,3.02,0.0,0.0
2016-12-03 09:00:00,3.6,93,2.5,0.0,0.0,3.27,31.0,0.11159999999999999
2016-12-03 10:00:00,5.4,87,3.4,0.0,0.0,3.37,83.0,0.2988
2016-12-03 11:00:00,6.5,79,3.2,0.0,0.0,3.41,136.0,0.4896
2016-12-03 12:00:00,6.9,72,2.2,0.0,0.0,3.61,176.0,0.6335999999999999
2016-12-03 13:00:00,7.1,63,0.5,0.0,0.0,4.1,201.0,0.7236
2016-12-03 14:00:00,6.8,64,0.4,0.0,0.0,4.6,168.0,0.6048
2016-12-03 15:00:00,6.0,65,0.0,0.0,0.0,4.42,102.0,0.36719999999999997
2016-12-03 16:00:00,4.8,69,-0.3,0.0,0.0,4.33,22.0,0.07919999999999999
2016-12-03 17:00:00,3.8,75,-0.2,0.0,0.0,4.33,0.0,0.0
2016-12-03 18:00:00,3.1,80,0.0,0.0,0.0,4.23,0.0,0.0
2016-12-03 19:00:00,3.0,80,-0.0,0.0,0.0,4.24,0.0,0.0
2016-12-03 20:00:00,2.9,81,-0.0,0.0,0.0,4.34,0.0,0.0
2016-12-03 21:00:00,2.7,82,-0.1,0.0,0.0,4.33,0.0,0.0
2016-12-03 22:00:00,2.6,81,-0.2,0.0,0.0,4.77,0.0,0.0
2016-12-03 23:00:00,2.5,81,-0.4,0.0,0.0,4.75,0.0,0.0
2016-12-04 00:00:00,2.4,81,-0.6,0.0,0.0,4.65,0.0,0.0
2016-12-04 01:00:00,2.1,81,-0.8,0.0,0.0,4.57,0.0,0.0
2016-12-04 02:00:00,2.0,81,-0.9,0.0,0.0,4.65,0.0,0.0
2016-12-04 03:00:00,1.8,82,-0.9,0.0,0.0,4.65,0.0,0.0
2016-12-04 04:00:00,1.6,84,-0.8,0.0,0.0,4.36,0.0,0.0
2016-12-04 05:00:00,1.4,86,-0.7,0.0,0.0,4.08,0.0,0.0
2016-12-04 06:00:00,1.1,88,-0.7,0.0,0.0,4.03,0.0,0.0
2016-12-04 07:00:00,1.3,87,-0.6,0.0,0.0,4.03,0.0,0.0
2016-12-04 08:00:00,1.1,88,-0.6,0.0,0.0,4.12,0.0,0.0
2016-12-04 09:00:00,1.9,87,-0.0,0.0,0.0,4.3,45.0,0.162
2016-12-04 10:00:00,3.4,84,1.0,0.0,0.0,4.65,136.0,0.4896
2016-12-04 11:00:00,4.6,78,1.1,0.0,0.0,4.57,211.0,0.7595999999999999
2016-12-04 12:00:00,5.2,74,0.9,0.0,0.0,4.9,249.0,0.8964
2016-12-04 13:00:00,5.4,72,0.8,0.0,0.0,5.02,242.0,0.8712
2016-12-04 14:00:00,5.1,73,0.8,0.0,0.0,4.73,193.0,0.6948
2016-12-04 15:00:00,4.4,76,0.6,0.0,0.0,4.69,109.0,0.39239999999999997
2016-12-04 16:00:00,3.2,81,0.3,0.0,0.0,4.44,22.0,0.07919999999999999
2016-12-04 17:00:00,2.4,85,0.2,0.0,0.0,4.21,0.0,0.0
2016-12-04 18:00:00,1.8,89,0.1,0.0,0.0,3.9,0.0,0.0
2016-12-04 19:00:00,1.6,90,0.1,0.0,0.0,3.5,0.0,0.0
2016-12-04 20:00:00,1.0,91,-0.3,0.0,0.0,3.1,0.0,0.0
2016-12-04 21:00:00,0.4,92,-0.7,0.0,0.0,2.9,0.0,0.0
2016-12-04 22:00:00,-0.2,93,-1.2,0.0,0.0,2.7,0.0,0.0
2016-12-04 23:00:00,-0.7,94,-1.6,0.0,0.0,2.7,0.0,0.0
2016-12-05 00:00:00,-1.1,94,-1.9,0.0,0.0,2.6,0.0,0.0
2016-12-05 01:00:00,-1.4,95,-2.1,0.0,0.0,2.5,0.0,0.0
2016-12-05 02:00:00,-1.7,96,-2.3,0.0,0.0,2.41,0.0,0.0
2016-12-05 03:00:00,-1.8,96,-2.3,0.0,0.0,2.4,0.0,0.0
2016-12-05 04:00:00,-1.8,96,-2.3,0.0,0.0,2.3,0.0,0.0
2016-12-05 05:00:00,-1.8,97,-2.2,0.0,0.0,2.3,0.0,0.0
2016-12-05 06:00:00,-1.8,97,-2.1,0.0,0.0,2.1,0.0,0.0
2016-12-05 07:00:00,-1.7,98,-2.0,0.0,0.0,2.01,0.0,0.0
2016-12-05 08:00:00,-1.7,98,-1.9,0.0,0.0,2.01,0.0,0.0
2016-12-05 09:00:00,-0.6,99,-0.8,0.0,0.0,2.53,40.0,0.144
2016-12-05 10:00:00,2.5,96,2.0,0.0,0.0,2.79,127.0,0.4572
2016-12-05 11:00:00,4.6,91,3.3,0.0,0.0,2.34,200.0,0.72
2016-12-05 12:00:00,5.8,89,4.1,0.0,0.0,2.15,234.0,0.8423999999999999
2016-12-05 13:00:00,6.5,88,4.6,0.0,0.0,1.87,224.0,0.8064
2016-12-05 14:00:00,6.7,88,4.9,0.0,0.0,1.8,169.0,0.6083999999999999
2016-12-05 15:00:00,5.8,92,4.7,0.0,0.0,1.9,77.0,0.2772
2016-12-05 16:00:00,4.6,96,4.0,0.0,0.0,2.2,17.0,0.0612
2016-12-05 17:00:00,3.7,98,3.3,0.0,0.0,2.22,0.0,0.0
2016-12-05 18:00:00,3.2,98,2.9,0.0,0.0,2.04,0.0,0.0
2016-12-05 19:00:00,2.8,97,2.4,0.0,0.0,1.99,0.0,0.0
2016-12-05 20:00:00,3.2,97,2.7,0.0,0.0,2.15,0.0,0.0
2016-12-05 21:00:00,3.1,97,2.7,0.0,0.0,2.15,0.0,0.0
2016-12-05 22:00:00,2.9,98,2.6,0.0,0.0,1.71,0.0,0.0
2016-12-05 23:00:00,2.6,98,2.2,0.0,0.0,2.01,0.0,0.0
2016-12-06 00:00:00,2.6,98,2.3,0.0,0.0,1.84,0.0,0.0
2016-12-06 01:00:00,2.6,98,2.4,0.0,0.0,1.84,0.0,0.0
2016-12-06 02:00:00,2.9,98,2.6,0.0,0.0,1.94,0.0,0.0
2016-12-06 03:00:00,2.9,99,2.7,0.0,0.0,1.43,0.0,0.0
2016-12-06 04:00:00,2.7,99,2.5,0.0,0.0,1.58,0.0,0.0
2016-12-06 05:00:00,2.7,100,2.7,0.0,0.0,2.1,0.0,0.0
2016-12-06 06:00:00,3.7,99,3.6,0.0,0.0,2.3,0.0,0.0
2016-12-06 07:00:00,3.6,100,3.6,0.0,0.0,1.92,0.0,0.0
2016-12-06 08:00:00,3.7,100,3.7,0.0,0.0,1.93,0.0,0.0
2016-12-06 09:00:00,4.5,100,4.4,0.0,0.0,2.25,17.0,0.0612
2016-12-06 10:00:00,6.0,99,5.9,0.0,0.0,2.22,44.0,0.15839999999999999
2016-12-06 11:00:00,7.4,99,7.2,0.0,0.0,2.3,74.0,0.26639999999999997
2016-12-06 12:00:00,8.8,96,8.2,0.0,0.0,2.55,120.0,0.432
2016-12-06 13:00:00,9.6,94,8.8,0.0,0.0,2.93,116.0,0.41759999999999997
2016-12-06 14:00:00,10.2,94,9.2,0.0,0.0,2.4,96.0,0.3456
2016-12-06 15:00:00,10.0,95,9.3,0.0,0.0,2.35,47.0,0.1692
2016-12-06 16:00:00,9.3,98,9.0,0.0,0.0,2.4,9.0,0.0324
2016-12-06 17:00:00,9.0,98,8.7,0.0,0.0,2.35,0.0,0.0
2016-12-06 18:00:00,8.8,98,8.5,0.0,0.0,2.5,0.0,0.0
2016-12-06 19:00:00,8.2,99,8.0,0.0,0.0,2.81,0.0,0.0
2016-12-06 20:00:00,8.3,99,8.1,0.0,0.0,2.94,0.0,0.0
2016-12-06 21:00:00,8.5,98,8.3,0.0,0.0,3.2,0.0,0.0
2016-12-06 22:00:00,8.7,98,8.5,0.0,0.0,3.26,0.0,0.0
2016-12-06 23:00:00,9.0,98,8.7,0.0,0.0,3.4,0.0,0.0
2016-12-07 00:00:00,9.1,97,8.7,0.0,0.0,3.48,0.0,0.0
2016-12-07 01:00:00,9.1,97,8.6,0.0,0.0,3.67,0.0,0.0
2016-12-07 02:00:00,8.9,97,8.5,0.0,0.0,3.81,0.0,0.0
2016-12-07 03:00:00,9.1,97,8.6,0.0,0.0,3.77,0.0,0.0
2016-12-07 04:00:00,9.3,96,8.7,0.0,0.0,3.86,0.0,0.0
2016-12-07 05:00:00,9.2,96,8.6,0.0,0.0,4.08,0.0,0.0
2016-12-07 06:00:00,9.1,95,8.4,0.0,0.0,4.43,0.0,0.0
2016-12-07 07:00:00,9.2,97,8.7,0.0,0.0,4.78,0.0,0.0
2016-12-07 08:00:00,9.2,96,8.6,0.0,0.0,5.03,0.0,0.0
2016-12-07 09:00:00,9.4,95,8.7,0.0,0.0,5.11,31.0,0.11159999999999999
2016-12-07 10:00:00,10.3,94,9.4,0.0,0.0,5.1,107.0,0.3852
2016-12-07 11:00:00,11.2,92,10.0,0.0,0.0,4.68,161.0,0.5796
2016-12-07 12:00:00,12.0,90,10.5,0.0,0.0,5.03,196.0,0.7056
2016-12-07 13:00:00,12.4,88,10.5,0.0,0.0,5.24,196.0,0.7056
2016-12-07 14:00:00,12.3,86,10.0,0.0,0.0,5.24,140.0,0.504
2016-12-07 15:00:00,11.9,85,9.4,0.0,0.0,4.74,68.0,0.2448
2016-12-07 16:00:00,11.2,85,8.8,0.0,0.0,4.74,14.0,0.0504
2016-12-07 17:00:00,10.5,87,8.5,0.0,0.0,5.02,0.0,0.0
2016-12-07 18:00:00,9.9,89,8.2,0.0,0.0,5.07,0.0,0.0
2016-12-07 19:00:00,9.6,90,8.0,0.0,0.0,5.11,0.0,0.0
2016-12-07 20:00:00,9.7,90,8.1,0.0,0.0,5.28,0.0,0.0
2016-12-07 21:00:00,9.9,89,8.2,0.0,0.0,5.59,0.0,0.0
2016-12-07 22:00:00,10.2,89,8.5,0.0,0.0,5.69,0.0,0.0
2016-12-07 23:00:00,10.2,89,8.5,0.0,0.0,5.56,0.0,0.0
2016-12-08 00:00:00,10.2,90,8.6,0.0,0.0,5.22,0.0,0.0
2016-12-08 01:00:00,10.0,90,8.5,0.0,0.0,5.01,0.0,0.0
2016-12-08 02:00:00,10.1,90,8.5,0.0,0.0,5.01,0.0,0.0
2016-12-08 03:00:00,10.0,91,8.5,0.0,0.0,5.15,0.0,0.0
2016-12-08 04:00:00,9.9,92,8.6,0.0,0.0,5.02,0.0,0.0
2016-12-08 05:00:00,9.9,92,8.6,0.0,0.0,4.7,0.0,0.0
2016-12-08 06:00:00,9.8,92,8.6,0.0,0.0,4.68,0.0,0.0
2016-12-08 07:00:00,10.0,90,8.4,0.0,0.0,4.94,0.0,0.0
2016-12-08 08:00:00,10.2,89,8.5,0.0,0.0,5.28,0.0,0.0
2016-12-08 09:00:00,10.6,88,8.7,0.0,0.0,5.73,14.0,0.0504
2016-12-08 10:00:00,11.1,87,9.0,0.0,0.0,5.99,36.0,0.1296
2016-12-08 11:00:00,11.8,86,9.5,0.0,0.0,5.94,59.0,0.2124
2016-12-08 12:00:00,12.1,87,10.1,0.4,0.0,5.89,40.0,0.144
2016-12-08 13:00:00,12.5,88,10.6,0.0,0.0,5.95,47.0,0.1692
2016-12-08 14:00:00,12.7,90,11.1,0.0,0.0,5.73,39.0,0.1404
2016-12-08 15:00:00,12.8,92,11.5,0.0,0.0,5.38,24.0,0.0864
2016-12-08 16:00:00,12.6,94,11.7,0.0,0.0,5.06,4.0,0.0144
2016-12-08 17:00:00,12.5,95,11.8,0.0,0.0,4.8,0.0,0.0
2016-12-08 18:00:00,12.3,97,11.8,0.0,0.0,4.25,0.0,0.0
2016-12-08 19:00:00,11.9,96,11.3,0.0,0.0,3.55,0.0,0.0
2016-12-08 20:00:00,11.8,97,11.3,0.0,0.0,2.92,0.0,0.0
2016-12-08 21:00:00,11.7,98,11.3,0.0,0.0,2.83,0.0,0.0
2016-12-08 22:00:00,11.6,98,11.3,0.0,0.0,3.02,0.0,0.0
2016-12-08 23:00:00,11.7,98,11.4,0.0,0.0,3.47,0.0,0.0
2016-12-09 00:00:00,11.8,97,11.4,0.0,0.0,3.4,0.0,0.0
2016-12-09 01:00:00,11.8,98,11.4,0.0,0.0,3.38,0.0,0.0
2016-12-09 02:00:00,11.8,97,11.4,0.0,0.0,3.64,0.0,0.0
2016-12-09 03:00:00,11.9,97,11.4,0.0,0.0,4.2,0.0,0.0
2016-12-09 04:00:00,11.9,97,11.4,0.0,0.0,4.3,0.0,0.0
2016-12-09 05:00:00,11.8,97,11.3,0.0,0.0,4.25,0.0,0.0
2016-12-09 06:00:00,11.7,97,11.2,0.0,0.0,4.52,0.0,0.0
2016-12-09 07:00:00,11.4,97,11.0,0.0,0.0,4.72,0.0,0.0
2016-12-09 08:00:00,11.3,97,10.8,0.0,0.0,4.72,0.0,0.0
2016-12-09 09:00:00,11.3,96,10.7,0.0,0.0,5.02,17.0,0.0612
2016-12-09 10:00:00,11.8,93,10.7,0.0,0.0,5.1,71.0,0.2556
2016-12-09 11:00:00,12.2,91,10.7,0.0,0.0,5.3,129.0,0.4644
2016-12-09 12:00:00,12.7,88,10.7,0.0,0.0,5.05,171.0,0.6156
2016-12-09 13:00:00,12.9,86,10.7,0.0,0.0,5.02,164.0,0.5904
2016-12-09 14:00:00,12.9,85,10.4,0.0,0.0,5.33,113.0,0.4068
2016-12-09 15:00:00,12.2,86,9.9,0.0,0.0,4.97,67.0,0.2412
2016-12-09 16:00:00,11.2,89,9.5,0.0,0.0,4.74,14.0,0.0504
2016-12-09 17:00:00,10.6,91,9.2,0.0,0.0,4.62,0.0,0.0
2016-12-09 18:00:00,10.0,93,9.0,0.0,0.0,4.72,0.0,0.0
2016-12-09 19:00:00,9.9,93,8.8,0.0,0.0,4.9,0.0,0.0
2016-12-09 20:00:00,9.5,94,8.7,0.0,0.0,4.98,0.0,0.0
2016-12-09 21:00:00,9.4,94,8.5,0.0,0.0,5.02,0.0,0.0
2016-12-09 22:00:00,9.4,94,8.6,0.0,0.0,5.28,0.0,0.0
2016-12-09 23:00:00,9.6,94,8.7,0.0,0.0,4.75,0.0,0.0
2016-12-10 00:00:00,9.9,94,8.9,0.0,0.0,4.6,0.0,0.0
2016-12-10 01:00:00,10.2,93,9.1,0.0,0.0,4.28,0.0,0.0
2016-12-10 02:00:00,10.6,92,9.4,0.0,0.0,4.4,0.0,0.0
2016-12-10 03:00:00,10.9,92,9.6,0.0,0.0,4.33,0.0,0.0
2016-12-10 04:00:00,11.2,91,9.9,0.0,0.0,4.18,0.0,0.0
2016-12-10 05:00:00,11.4,92,10.1,0.0,0.0,3.96,0.0,0.0
2016-12-10 06:00:00,11.5,93,10.4,0.0,0.0,3.61,0.0,0.0
2016-12-10 07:00:00,11.3,95,10.5,0.0,0.0,3.39,0.0,0.0
2016-12-10 08:00:00,11.3,96,10.7,0.0,0.0,3.18,0.0,0.0
2016-12-10 09:00:00,11.5,96,10.9,0.0,0.0,3.11,7.0,0.0252
2016-12-10 10:00:00,11.7,96,11.1,0.0,0.0,2.66,18.0,0.0648
2016-12-10 11:00:00,11.9,96,11.3,0.0,0.0,3.16,29.0,0.10439999999999999
2016-12-10 12:00:00,12.2,95,11.4,0.0,0.0,2.82,36.0,0.1296
2016-12-10 13:00:00,12.3,95,11.5,0.2,0.0,3.49,31.0,0.11159999999999999
2016-12-10 14:00:00,12.3,95,11.5,0.5,0.0,4.08,18.0,0.0648
2016-12-10 15:00:00,12.4,93,11.3,0.3,0.0,5.05,14.0,0.0504
2016-12-10 16:00:00,12.2,91,10.8,0.2,0.0,5.11,4.0,0.0144
2016-12-10 17:00:00,11.9,91,10.4,0.3,0.0,5.55,0.0,0.0
2016-12-10 18:00:00,11.8,91,10.3,0.5,0.0,6.13,0.0,0.0
2016-12-10 19:00:00,11.8,91,10.3,0.5,0.0,6.46,0.0,0.0
2016-12-10 20:00:00,12.0,92,10.8,0.8,0.0,6.36,0.0,0.0
2016-12-10 21:00:00,11.3,92,10.0,1.4,0.0,7.21,0.0,0.0
2016-12-10 22:00:00,9.5,86,7.3,0.7,0.0,5.23,0.0,0.0
2016-12-10 23:00:00,8.8,86,6.6,0.0,0.0,4.27,0.0,0.0
2016-12-11 00:00:00,7.9,87,5.9,0.0,0.0,4.02,0.0,0.0
2016-12-11 01:00:00,6.9,90,5.3,0.0,0.0,3.51,0.0,0.0
2016-12-11 02:00:00,6.4,90,4.8,0.0,0.0,3.9,0.0,0.0
2016-12-11 03:00:00,6.0,90,4.6,0.0,0.0,4.01,0.0,0.0
2016-12-11 04:00:00,5.6,92,4.5,0.0,0.0,3.4,0.0,0.0
2016-12-11 05:00:00,5.1,94,4.1,0.0,0.0,3.41,0.0,0.0
2016-12-11 06:00:00,4.7,94,3.8,0.0,0.0,3.61,0.0,0.0
2016-12-11 07:00:00,4.3,96,3.7,0.0,0.0,3.42,0.0,0.0
2016-12-11 08:00:00,4.1,96,3.5,0.0,0.0,3.44,0.0,0.0
2016-12-11 09:00:00,4.6,96,3.9,0.0,0.0,3.45,30.0,0.108
2016-12-11 10:00:00,5.9,95,5.2,0.0,0.0,3.4,114.0,0.4104
2016-12-11 11:00:00,7.4,88,5.6,0.0,0.0,3.85,184.0,0.6624
2016-12-11 12:00:00,8.2,88,6.3,0.0,0.0,4.1,218.0,0.7847999999999999
2016-12-11 13:00:00,8.7,85,6.3,0.0,0.0,4.1,203.0,0.7308
2016-12-11 14:00:00,8.8,84,6.2,0.0,0.0,3.7,134.0,0.4824
2016-12-11 15:00:00,8.5,85,6.2,0.0,0.0,3.4,75.0,0.27
2016-12-11 16:00:00,7.7,89,5.9,0.0,0.0,3.0,16.0,0.0576
2016-12-11 17:00:00,6.7,93,5.6,0.0,0.0,2.65,0.0,0.0
2016-12-11 18:00:00,6.3,94,5.4,0.0,0.0,2.69,0.0,0.0
2016-12-11 19:00:00,6.2,94,5.3,0.0,0.0,2.64,0.0,0.0
2016-12-11 20:00:00,5.5,96,4.9,0.0,0.0,2.44,0.0,0.0
2016-12-11 21:00:00,4.9,98,4.6,0.0,0.0,2.28,0.0,0.0
2016-12-11 22:00:00,4.6,98,4.3,0.0,0.0,2.37,0.0,0.0
2016-12-11 23:00:00,4.4,99,4.2,0.0,0.0,2.25,0.0,0.0
2016-12-12 00:00:00,3.8,99,3.7,0.0,0.0,1.79,0.0,0.0
2016-12-12 01:00:00,3.0,100,3.0,0.0,0.0,1.56,0.0,0.0
2016-12-12 02:00:00,2.3,100,2.3,0.0,0.0,1.61,0.0,0.0
2016-12-12 03:00:00,2.0,100,2.0,0.0,0.0,1.66,0.0,0.0
2016-12-12 04:00:00,2.6,100,2.6,0.0,0.0,2.14,0.0,0.0
2016-12-12 05:00:00,3.4,100,3.3,0.0,0.0,1.84,0.0,0.0
2016-12-12 06:00:00,3.8,99,3.7,0.0,0.0,2.19,0.0,0.0
2016-12-12 07:00:00,3.7,95,3.0,0.0,0.0,2.51,0.0,0.0
2016-12-12 08:00:00,4.7,94,3.8,0.0,0.0,3.11,0.0,0.0
2016-12-12 09:00:00,6.1,92,4.9,0.1,0.0,3.86,3.0,0.0108
2016-12-12 10:00:00,6.8,92,5.6,0.9,0.0,4.37,8.0,0.0288
2016-12-12 11:00:00,7.4,92,6.3,0.2,0.0,4.56,70.0,0.252
2016-12-12 12:00:00,7.8,93,6.8,0.0,0.0,4.41,77.0,0.2772
2016-12-12 13:00:00,8.2,94,7.3,0.0,0.0,4.22,53.0,0.1908
2016-12-12 14:00:00,8.5,96,7.9,0.0,0.0,4.03,23.0,0.0828
2016-12-12 15:00:00,9.1,97,8.6,0.0,0.0,4.05,21.0,0.0756
2016-12-12 16:00:00,9.4,97,9.0,0.0,0.0,4.12,4.0,0.0144
2016-12-12 17:00:00,9.8,98,9.5,0.2,0.0,4.12,0.0,0.0
2016-12-12 18:00:00,10.0,98,9.8,0.0,0.0,3.98,0.0,0.0
2016-12-12 19:00:00,9.9,98,9.6,0.0,0.0,3.76,0.0,0.0
2016-12-12 20:00:00,10.2,99,10.0,0.0,0.0,3.52,0.0,0.0
2016-12-12 21:00:00,10.4,99,10.2,0.0,0.0,3.28,0.0,0.0
2016-12-12 22:00:00,10.4,98,10.1,0.0,0.0,3.38,0.0,0.0
2016-12-12 23:00:00,10.1,98,9.8,0.0,0.0,3.22,0.0,0.0
2016-12-13 00:00:00,9.8,97,9.4,0.0,0.0,3.08,0.0,0.0
2016-12-13 01:00:00,9.2,97,8.8,0.0,0.0,2.86,0.0,0.0
2016-12-13 02:00:00,8.6,98,8.3,0.0,0.0,2.69,0.0,0.0
2016-12-13 03:00:00,8.3,98,7.9,0.0,0.0,2.16,0.0,0.0
2016-12-13 04:00:00,7.8,98,7.5,0.0,0.0,1.77,0.0,0.0
2016-12-13 05:00:00,7.7,98,7.4,0.0,0.0,1.7,0.0,0.0
2016-12-13 06:00:00,7.5,98,7.2,0.0,0.0,1.9,0.0,0.0
2016-12-13 07:00:00,9.0,99,8.9,0.0,0.0,2.38,0.0,0.0
2016-12-13 08:00:00,9.6,99,9.5,0.0,0.0,2.73,0.0,0.0
2016-12-13 09:00:00,10.2,99,10.0,0.0,0.0,3.16,8.0,0.0288
2016-12-13 10:00:00,10.8,99,10.6,0.0,0.0,3.77,23.0,0.0828
2016-12-13 11:00:00,11.2,98,10.9,0.0,0.0,4.4,28.0,0.1008
2016-12-13 12:00:00,11.5,98,11.2,0.0,0.0,4.81,33.0,0.1188
2016-12-13 13:00:00,11.7,98,11.3,0.0,0.0,4.37,41.0,0.1476
2016-12-13 14:00:00,11.8,97,11.4,0.0,0.0,4.05,34.0,0.1224
2016-12-13 15:00:00,11.8,97,11.4,0.0,0.0,3.81,18.0,0.0648
2016-12-13 16:00:00,11.7,97,11.3,0.0,0.0,3.61,4.0,0.0144
2016-12-13 17:00:00,11.6,97,11.2,0.0,0.0,3.71,0.0,0.0
2016-12-13 18:00:00,11.5,97,11.1,0.0,0.0,3.93,0.0,0.0
2016-12-13 19:00:00,11.6,97,11.2,0.0,0.0,4.08,0.0,0.0
2016-12-13 20:00:00,11.4,97,11.0,0.0,0.0,4.02,0.0,0.0
2016-12-13 21:00:00,11.3,96,10.8,0.0,0.0,3.98,0.0,0.0
2016-12-13 22:00:00,11.1,96,10.5,0.0,0.0,3.75,0.0,0.0
2016-12-13 23:00:00,10.9,96,10.2,0.0,0.0,3.54,0.0,0.0
2016-12-14 00:00:00,10.6,96,10.0,0.0,0.0,3.52,0.0,0.0
2016-12-14 01:00:00,10.1,96,9.5,0.0,0.0,3.41,0.0,0.0
2016-12-14 02:00:00,9.9,96,9.3,0.0,0.0,3.4,0.0,0.0
2016-12-14 03:00:00,9.6,96,9.0,0.0,0.0,3.4,0.0,0.0
2016-12-14 04:00:00,9.2,96,8.6,0.0,0.0,3.21,0.0,0.0
2016-12-14 05:00:00,8.8,96,8.2,0.0,0.0,3.04,0.0,0.0
2016-12-14 06:00:00,8.0,97,7.5,0.0,0.0,2.91,0.0,0.0
2016-12-14 07:00:00,7.6,97,7.2,0.0,0.0,2.92,0.0,0.0
2016-12-14 08:00:00,7.3,96,6.7,0.0,0.0,3.0,0.0,0.0
2016-12-14 09:00:00,7.7,94,6.8,0.0,0.0,3.44,23.0,0.0828
2016-12-14 10:00:00,9.3,90,7.7,0.0,0.0,4.13,102.0,0.36719999999999997
2016-12-14 11:00:00,10.7,86,8.4,0.0,0.0,4.3,171.0,0.6156
2016-12-14 12:00:00,11.3,82,8.4,0.0,0.0,3.94,212.0,0.7632
2016-12-14 13:00:00,11.5,79,8.0,0.0,0.0,3.81,210.0,0.756
2016-12-14 14:00:00,11.2,78,7.6,0.0,0.0,4.02,167.0,0.6012
2016-12-14 15:00:00,10.2,80,6.9,0.0,0.0,3.77,90.0,0.324
2016-12-14 16:00:00,8.8,83,6.2,0.0,0.0,3.44,18.0,0.0648
2016-12-14 17:00:00,7.8,87,5.8,0.0,0.0,3.28,0.0,0.0
2016-12-14 18:00:00,6.9,90,5.4,0.0,0.0,3.22,0.0,0.0
2016-12-14 19:00:00,6.8,88,5.0,0.0,0.0,3.36,0.0,0.0
2016-12-14 20:00:00,6.6,89,5.0,0.0,0.0,3.5,0.0,0.0
2016-12-14 21:00:00,6.3,91,5.0,0.0,0.0,3.56,0.0,0.0
2016-12-14 22:00:00,6.0,93,5.0,0.0,0.0,3.02,0.0,0.0
2016-12-14 23:00:00,5.7,94,4.8,0.0,0.0,2.95,0.0,0.0
2016-12-15 00:00:00,5.4,96,4.8,0.0,0.0,2.95,0.0,0.0
2016-12-15 01:00:00,5.1,97,4.6,0.0,0.0,2.95,0.0,0.0
2016-12-15 02:00:00,5.0,97,4.6,0.0,0.0,2.68,0.0,0.0
2016-12-15 03:00:00,4.7,98,4.4,0.0,0.0,2.46,0.0,0.0
2016-12-15 04:00:00,4.6,98,4.3,0.0,0.0,2.55,0.0,0.0
2016-12-15 05:00:00,4.6,99,4.4,0.0,0.0,2.69,0.0,0.0
2016-12-15 06:00:00,5.1,98,4.8,0.0,0.0,2.92,0.0,0.0
2016-12-15 07:00:00,6.8,98,6.5,0.0,0.0,3.0,0.0,0.0
2016-12-15 08:00:00,7.5,97,7.1,0.0,0.0,2.92,0.0,0.0
2016-12-15 09:00:00,8.0,97,7.5,0.0,0.0,3.3,10.0,0.036
2016-12-15 10:00:00,8.7,95,8.0,0.0,0.0,3.3,39.0,0.1404
2016-12-15 11:00:00,9.5,91,8.0,0.0,0.0,4.29,64.0,0.2304
2016-12-15 12:00:00,9.9,89,8.1,0.0,0.0,4.13,69.0,0.24839999999999998
2016-12-15 13:00:00,9.8,90,8.2,0.0,0.0,4.08,50.0,0.18
2016-12-15 14:00:00,9.9,88,8.1,0.0,0.0,3.84,71.0,0.2556
2016-12-15 15:00:00,9.4,89,7.8,0.0,0.0,3.92,39.0,0.1404
2016-12-15 16:00:00,8.7,91,7.3,0.0,0.0,3.94,11.0,0.039599999999999996
2016-12-15 17:00:00,7.9,93,6.9,0.0,0.0,3.98,0.0,0.0
2016-12-15 18:00:00,7.2,94,6.3,0.0,0.0,3.84,0.0,0.0
2016-12-15 19:00:00,7.2,94,6.3,0.0,0.0,3.84,0.0,0.0
2016-12-15 20:00:00,7.0,94,6.2,0.0,0.0,3.88,0.0,0.0
2016-12-15 21:00:00,6.9,95,6.2,0.0,0.0,3.72,0.0,0.0
2016-12-15 22:00:00,7.2,96,6.5,0.0,0.0,3.2,0.0,0.0
2016-12-15 23:00:00,7.1,96,6.5,0.0,0.0,3.16,0.0,0.0
2016-12-16 00:00:00,7.2,97,6.8,0.0,0.0,2.97,0.0,0.0
2016-12-16 01:00:00,7.4,97,6.9,0.0,0.0,2.83,0.0,0.0
2016-12-16 02:00:00,7.7,97,7.2,0.0,0.0,2.58,0.0,0.0
2016-12-16 03:00:00,7.9,97,7.4,0.0,0.0,2.5,0.0,0.0
2016-12-16 04:00:00,8.1,97,7.6,0.0,0.0,2.28,0.0,0.0
2016-12-16 05:00:00,8.1,97,7.6,0.0,0.0,2.13,0.0,0.0
2016-12-16 06:00:00,8.0,97,7.6,0.0,0.0,1.98,0.0,0.0
2016-12-16 07:00:00,7.9,98,7.6,0.0,0.0,2.02,0.0,0.0
2016-12-16 08:00:00,7.8,98,7.5,0.0,0.0,2.1,0.0,0.0
2016-12-16 09:00:00,7.9,98,7.5,0.0,0.0,2.33,12.0,0.0432
2016-12-16 10:00:00,8.2,95,7.5,0.0,0.0,2.33,44.0,0.15839999999999999
2016-12-16 11:00:00,8.8,92,7.6,0.0,0.0,2.42,92.0,0.3312
2016-12-16 12:00:00,9.2,90,7.7,0.0,0.0,2.19,84.0,0.3024
2016-12-16 13:00:00,9.6,89,7.8,0.0,0.0,1.66,78.0,0.2808
2016-12-16 14:00:00,9.8,87,7.8,0.0,0.0,1.03,70.0,0.252
2016-12-16 15:00:00,9.8,89,8.0,0.0,0.0,0.71,39.0,0.1404
2016-12-16 16:00:00,9.5,90,8.0,0.0,0.0,0.85,7.0,0.0252
2016-12-16 17:00:00,9.1,93,8.0,0.0,0.0,1.08,0.0,0.0
2016-12-16 18:00:00,9.0,94,8.1,0.0,0.0,1.08,0.0,0.0
2016-12-16 19:00:00,8.7,95,8.0,0.0,0.0,1.12,0.0,0.0
2016-12-16 20:00:00,8.5,97,8.0,0.0,0.0,1.0,0.0,0.0
2016-12-16 21:00:00,8.3,97,7.9,0.0,0.0,1.0,0.0,0.0
2016-12-16 22:00:00,8.0,98,7.7,0.0,0.0,1.39,0.0,0.0
2016-12-16 23:00:00,8.0,98,7.7,0.0,0.0,1.48,0.0,0.0
2016-12-17 00:00:00,7.7,98,7.4,0.0,0.0,1.64,0.0,0.0
2016-12-17 01:00:00,7.9,98,7.6,0.0,0.0,1.7,0.0,0.0
2016-12-17 02:00:00,7.9,98,7.6,0.0,0.0,1.66,0.0,0.0
2016-12-17 03:00:00,7.7,98,7.4,0.0,0.0,1.57,0.0,0.0
2016-12-17 04:00:00,7.2,98,7.0,0.0,0.0,1.66,0.0,0.0
2016-12-17 05:00:00,7.0,98,6.7,0.0,0.0,1.49,0.0,0.0
2016-12-17 06:00:00,6.4,99,6.2,0.0,0.0,1.51,0.0,0.0
2016-12-17 07:00:00,5.5,99,5.4,0.0,0.0,1.3,0.0,0.0
2016-12-17 08:00:00,5.6,100,5.5,0.0,0.0,1.24,0.0,0.0
2016-12-17 09:00:00,5.8,99,5.6,0.0,0.0,1.21,10.0,0.036
2016-12-17 10:00:00,6.2,99,6.0,0.0,0.0,1.25,36.0,0.1296
2016-12-17 11:00:00,6.8,99,6.6,0.0,0.0,1.17,72.0,0.2592
2016-12-17 12:00:00,7.4,98,7.1,0.0,0.0,1.3,80.0,0.288
2016-12-17 13:00:00,7.8,97,7.3,0.0,0.0,1.89,84.0,0.3024
2016-12-17 14:00:00,7.8,98,7.6,0.0,0.0,2.01,72.0,0.2592
2016-12-17 15:00:00,7.7,98,7.5,0.0,0.0,1.7,35.0,0.126
2016-12-17 16:00:00,7.6,99,7.5,0.0,0.0,1.04,6.0,0.0216
2016-12-17 17:00:00,7.5,99,7.4,0.0,0.0,1.03,0.0,0.0
2016-12-17 18:00:00,7.5,99,7.4,0.0,0.0,0.86,0.0,0.0
2016-12-17 19:00:00,7.7,100,7.7,0.0,0.0,1.14,0.0,0.0
2016-12-17 20:00:00,7.6,100,7.6,0.0,0.0,1.33,0.0,0.0
2016-12-17 21:00:00,7.6,99,7.5,0.0,0.0,1.46,0.0,0.0
2016-12-17 22:00:00,7.5,99,7.4,0.0,0.0,1.88,0.0,0.0
2016-12-17 23:00:00,7.5,99,7.4,0.0,0.0,1.7,0.0,0.0
2016-12-18 00:00:00,7.4,99,7.3,0.0,0.0,1.58,0.0,0.0
2016-12-18 01:00:00,7.3,100,7.2,0.0,0.0,1.44,0.0,0.0
2016-12-18 02:00:00,7.4,99,7.3,0.0,0.0,0.92,0.0,0.0
2016-12-18 03:00:00,7.4,99,7.3,0.0,0.0,0.92,0.0,0.0
2016-12-18 04:00:00,7.4,99,7.2,0.0,0.0,1.35,0.0,0.0
2016-12-18 05:00:00,7.4,99,7.2,0.0,0.0,1.0,0.0,0.0
2016-12-18 06:00:00,7.4,99,7.2,0.0,0.0,0.58,0.0,0.0
2016-12-18 07:00:00,7.2,99,7.1,0.1,0.0,0.5,0.0,0.0
2016-12-18 08:00:00,7.1,99,7.0,0.0,0.0,0.54,0.0,0.0
2016-12-18 09:00:00,7.2,99,7.1,0.0,0.0,1.08,7.0,0.0252
2016-12-18 10:00:00,7.5,99,7.4,0.0,0.0,1.17,21.0,0.0756
2016-12-18 11:00:00,7.7,99,7.5,0.0,0.0,1.28,31.0,0.11159999999999999
2016-12-18 12:00:00,8.1,96,7.5,0.0,0.0,1.08,59.0,0.2124
2016-12-18 13:00:00,8.4,92,7.2,0.0,0.0,0.89,98.0,0.3528
2016-12-18 14:00:00,8.2,91,6.7,0.0,0.0,1.1,95.0,0.34199999999999997
2016-12-18 15:00:00,7.7,90,6.2,0.0,0.0,1.5,52.0,0.1872
2016-12-18 16:00:00,6.9,93,5.8,0.0,0.0,1.49,14.0,0.0504
2016-12-18 17:00:00,6.4,94,5.5,0.0,0.0,1.52,0.0,0.0
2016-12-18 18:00:00,5.7,96,5.1,0.0,0.0,1.55,0.0,0.0
2016-12-18 19:00:00,5.3,98,5.0,0.0,0.0,1.26,0.0,0.0
2016-12-18 20:00:00,5.6,95,4.9,0.0,0.0,1.04,0.0,0.0
2016-12-18 21:00:00,5.5,94,4.6,0.0,0.0,1.17,0.0,0.0
2016-12-18 22:00:00,5.4,93,4.4,0.0,0.0,1.14,0.0,0.0
2016-12-18 23:00:00,5.3,93,4.3,0.0,0.0,1.39,0.0,0.0
2016-12-19 00:00:00,5.2,93,4.1,0.0,0.0,1.49,0.0,0.0
2016-12-19 01:00:00,5.2,92,4.1,0.0,0.0,1.17,0.0,0.0
2016-12-19 02:00:00,5.3,92,4.1,0.0,0.0,1.36,0.0,0.0
2016-12-19 03:00:00,5.3,92,4.1,0.0,0.0,1.3,0.0,0.0
2016-12-19 04:00:00,5.4,92,4.2,0.0,0.0,0.85,0.0,0.0
2016-12-19 05:00:00,5.5,92,4.3,0.0,0.0,0.41,0.0,0.0
2016-12-19 06:00:00,5.5,92,4.3,0.0,0.0,0.32,0.0,0.0
2016-12-19 07:00:00,4.9,91,3.6,0.0,0.0,0.22,0.0,0.0
2016-12-19 08:00:00,5.0,91,3.7,0.0,0.0,0.32,0.0,0.0
2016-12-19 09:00:00,5.1,91,3.8,0.0,0.0,0.41,4.0,0.0144
2016-12-19 10:00:00,5.3,90,3.9,0.0,0.0,1.08,15.0,0.054
2016-12-19 11:00:00,5.4,90,4.0,0.0,0.0,0.45,16.0,0.0576
2016-12-19 12:00:00,5.5,91,4.1,0.0,0.0,0.32,17.0,0.0612
2016-12-19 13:00:00,5.6,90,4.1,0.0,0.0,1.02,15.0,0.054
2016-12-19 14:00:00,5.6,91,4.2,0.0,0.0,1.53,15.0,0.054
2016-12-19 15:00:00,5.8,90,4.3,0.0,0.0,1.78,14.0,0.0504
2016-12-19 16:00:00,5.7,91,4.3,0.0,0.0,1.63,3.0,0.0108
2016-12-19 17:00:00,5.7,91,4.4,0.0,0.0,1.97,0.0,0.0
2016-12-19 18:00:00,5.7,92,4.5,0.0,0.0,2.15,0.0,0.0
2016-12-19 19:00:00,6.0,95,5.3,0.0,0.0,2.38,0.0,0.0
2016-12-19 20:00:00,6.3,96,5.6,0.0,0.0,2.47,0.0,0.0
2016-12-19 21:00:00,6.4,95,5.7,0.0,0.0,2.65,0.0,0.0
2016-12-19 22:00:00,6.5,93,5.4,0.0,0.0,2.82,0.0,0.0
2016-12-19 23:00:00,6.2,91,4.9,0.0,0.0,2.6,0.0,0.0
2016-12-20 00:00:00,5.5,92,4.3,0.0,0.0,2.32,0.0,0.0
2016-12-20 01:00:00,4.8,95,4.0,0.0,0.0,1.75,0.0,0.0
2016-12-20 02:00:00,3.9,97,3.4,0.0,0.0,2.02,0.0,0.0
2016-12-20 03:00:00,3.2,97,2.8,0.0,0.0,2.45,0.0,0.0
2016-12-20 04:00:00,2.8,97,2.4,0.0,0.0,2.71,0.0,0.0
2016-12-20 05:00:00,2.6,97,2.2,0.0,0.0,2.7,0.0,0.0
2016-12-20 06:00:00,2.4,97,2.0,0.0,0.0,2.55,0.0,0.0
2016-12-20 07:00:00,2.2,95,1.4,0.0,0.0,2.62,0.0,0.0
2016-12-20 08:00:00,1.6,95,0.9,0.0,0.0,2.21,0.0,0.0
2016-12-20 09:00:00,1.6,96,1.0,0.0,0.0,2.51,21.0,0.0756
2016-12-20 10:00:00,3.4,94,2.5,0.0,0.0,2.69,96.0,0.3456
2016-12-20 11:00:00,4.9,84,2.4,0.0,0.0,2.33,162.0,0.5831999999999999
2016-12-20 12:00:00,5.2,82,2.4,0.0,0.0,2.42,147.0,0.5292
2016-12-20 13:00:00,5.8,77,2.1,0.0,0.0,3.18,152.0,0.5472
2016-12-20 14:00:00,6.1,76,2.2,0.0,0.0,2.88,100.0,0.36
2016-12-20 15:00:00,6.2,77,2.5,0.0,0.0,2.63,52.0,0.1872
2016-12-20 16:00:00,5.8,79,2.5,0.0,0.0,2.3,11.0,0.039599999999999996
2016-12-20 17:00:00,5.4,82,2.6,0.0,0.0,2.6,0.0,0.0
2016-12-20 18:00:00,5.1,84,2.6,0.0,0.0,2.89,0.0,0.0
2016-12-20 19:00:00,3.8,91,2.4,0.0,0.0,3.3,0.0,0.0
2016-12-20 20:00:00,3.2,90,1.7,0.0,0.0,3.4,0.0,0.0
2016-12-20 21:00:00,3.4,86,1.3,0.0,0.0,3.8,0.0,0.0
2016-12-20 22:00:00,3.8,83,1.2,0.0,0.0,4.9,0.0,0.0
2016-12-20 23:00:00,4.2,85,1.8,0.0,0.0,5.22,0.0,0.0
2016-12-21 00:00:00,5.1,86,2.9,0.0,0.0,5.51,0.0,0.0
2016-12-21 01:00:00,6.2,86,3.9,0.0,0.0,5.82,0.0,0.0
2016-12-21 02:00:00,7.2,87,5.2,0.1,0.0,6.28,0.0,0.0
2016-12-21 03:00:00,8.0,89,6.3,0.1,0.0,6.4,0.0,0.0
2016-12-21 04:00:00,8.5,89,6.7,0.1,0.0,6.57,0.0,0.0
2016-12-21 05:00:00,8.6,88,6.8,0.1,0.0,6.96,0.0,0.0
2016-12-21 06:00:00,8.9,88,7.0,0.0,0.0,6.91,0.0,0.0
2016-12-21 07:00:00,9.1,87,7.1,0.0,0.0,6.81,0.0,0.0
2016-12-21 08:00:00,9.3,88,7.4,0.0,0.0,6.58,0.0,0.0
2016-12-21 09:00:00,9.6,89,7.8,0.0,0.0,6.35,2.0,0.0072
2016-12-21 10:00:00,9.8,89,8.2,0.0,0.0,5.54,13.0,0.0468
2016-12-21 11:00:00,10.2,90,8.7,0.0,0.0,5.83,24.0,0.0864
2016-12-21 12:00:00,10.6,91,9.2,0.0,0.0,5.64,42.0,0.1512
2016-12-21 13:00:00,10.9,90,9.3,0.0,0.0,5.38,42.0,0.1512
2016-12-21 14:00:00,10.6,85,8.1,0.0,0.0,4.8,29.0,0.10439999999999999
2016-12-21 15:00:00,10.1,79,6.7,0.0,0.0,4.22,25.0,0.09
2016-12-21 16:00:00,9.4,80,6.1,0.0,0.0,3.7,8.0,0.0288
2016-12-21 17:00:00,9.0,82,6.2,0.0,0.0,3.48,0.0,0.0
2016-12-21 18:00:00,8.5,87,6.4,0.0,0.0,3.32,0.0,0.0
2016-12-21 19:00:00,8.6,90,7.1,0.0,0.0,3.25,0.0,0.0
2016-12-21 20:00:00,8.1,93,7.1,0.0,0.0,2.9,0.0,0.0
2016-12-21 21:00:00,7.7,95,7.0,0.0,0.0,2.62,0.0,0.0
2016-12-21 22:00:00,7.6,96,7.0,0.0,0.0,2.52,0.0,0.0
2016-12-21 23:00:00,7.3,97,6.8,0.0,0.0,2.14,0.0,0.0
2016-12-22 00:00:00,6.8,98,6.5,0.0,0.0,1.84,0.0,0.0
2016-12-22 01:00:00,5.9,99,5.7,0.0,0.0,2.0,0.0,0.0
2016-12-22 02:00:00,4.8,100,4.8,0.0,0.0,1.91,0.0,0.0
2016-12-22 03:00:00,4.6,99,4.5,0.0,0.0,2.21,0.0,0.0
2016-12-22 04:00:00,4.8,99,4.6,0.0,0.0,2.1,0.0,0.0
2016-12-22 05:00:00,4.4,97,4.0,0.0,0.0,2.21,0.0,0.0
2016-12-22 06:00:00,4.0,96,3.4,0.0,0.0,2.21,0.0,0.0
2016-12-22 07:00:00,3.0,98,2.8,0.0,0.0,2.26,0.0,0.0
2016-12-22 08:00:00,2.0,99,1.9,0.0,0.0,2.59,0.0,0.0
2016-12-22 09:00:00,2.1,95,1.4,0.0,0.0,3.11,21.0,0.0756
2016-12-22 10:00:00,4.2,90,2.7,0.0,0.0,3.41,107.0,0.3852
2016-12-22 11:00:00,6.4,85,4.1,0.0,0.0,3.69,182.0,0.6552
2016-12-22 12:00:00,7.7,82,4.8,0.0,0.0,3.68,222.0,0.7992
2016-12-22 13:00:00,8.4,80,5.1,0.0,0.0,3.82,217.0,0.7812
2016-12-22 14:00:00,8.6,79,5.1,0.0,0.0,4.39,176.0,0.6335999999999999
2016-12-22 15:00:00,8.1,81,5.0,0.0,0.0,4.1,97.0,0.3492
2016-12-22 16:00:00,7.3,85,4.9,0.0,0.0,4.1,18.0,0.0648
2016-12-22 17:00:00,6.6,90,5.0,0.0,0.0,4.26,0.0,0.0
2016-12-22 18:00:00,6.1,91,4.8,0.0,0.0,4.14,0.0,0.0
2016-12-22 19:00:00,6.1,90,4.6,0.0,0.0,3.98,0.0,0.0
2016-12-22 20:00:00,5.9,92,4.7,0.0,0.0,4.04,0.0,0.0
2016-12-22 21:00:00,5.7,93,4.7,0.0,0.0,4.06,0.0,0.0
2016-12-22 22:00:00,5.6,94,4.7,0.0,0.0,3.76,0.0,0.0
2016-12-22 23:00:00,5.4,95,4.6,0.0,0.0,3.69,0.0,0.0
2016-12-23 00:00:00,5.0,96,4.3,0.0,0.0,3.34,0.0,0.0
2016-12-23 01:00:00,4.7,96,4.2,0.0,0.0,2.9,0.0,0.0
2016-12-23 02:00:00,4.4,97,3.9,0.0,0.0,2.97,0.0,0.0
2016-12-23 03:00:00,4.3,97,3.9,0.0,0.0,3.0,0.0,0.0
2016-12-23 04:00:00,4.4,97,3.9,0.0,0.0,3.11,0.0,0.0
2016-12-23 05:00:00,4.3,97,3.9,0.0,0.0,3.31,0.0,0.0
2016-12-23 06:00:00,4.4,97,4.0,0.0,0.0,3.81,0.0,0.0
2016-12-23 07:00:00,5.8,97,5.3,0.0,0.0,4.44,0.0,0.0
2016-12-23 08:00:00,7.0,96,6.4,0.0,0.0,5.46,0.0,0.0
2016-12-23 09:00:00,8.4,94,7.6,0.0,0.0,6.22,15.0,0.054
2016-12-23 10:00:00,9.4,93,8.4,0.0,0.0,7.34,53.0,0.1908
2016-12-23 11:00:00,9.8,92,8.6,0.0,0.0,8.01,89.0,0.3204
2016-12-23 12:00:00,9.8,90,8.3,0.0,0.0,8.59,66.0,0.2376
2016-12-23 13:00:00,9.8,89,8.0,0.0,0.0,8.81,70.0,0.252
2016-12-23 14:00:00,9.7,88,7.8,0.0,0.0,8.91,46.0,0.1656
2016-12-23 15:00:00,9.6,88,7.7,0.0,0.0,9.53,29.0,0.10439999999999999
2016-12-23 16:00:00,9.5,88,7.6,0.0,0.0,9.75,5.0,0.018
2016-12-23 17:00:00,9.7,89,7.9,0.0,0.0,9.8,0.0,0.0
2016-12-23 18:00:00,10.3,88,8.4,0.1,0.0,9.82,0.0,0.0
2016-12-23 19:00:00,11.0,89,9.3,0.6,0.0,8.98,0.0,0.0
2016-12-23 20:00:00,11.2,92,9.9,0.3,0.0,6.87,0.0,0.0
2016-12-23 21:00:00,10.8,87,8.8,0.0,0.0,5.5,0.0,0.0
2016-12-23 22:00:00,9.4,80,6.1,0.0,0.0,4.51,0.0,0.0
2016-12-23 23:00:00,7.8,79,4.4,0.0,0.0,4.49,0.0,0.0
2016-12-24 00:00:00,6.8,82,4.0,0.0,0.0,5.06,0.0,0.0
2016-12-24 01:00:00,6.3,85,4.0,0.0,0.0,5.35,0.0,0.0
2016-12-24 02:00:00,5.9,86,3.7,0.0,0.0,5.13,0.0,0.0
2016-12-24 03:00:00,5.5,85,3.3,0.0,0.0,5.11,0.0,0.0
2016-12-24 04:00:00,5.2,85,2.8,0.0,0.0,5.33,0.0,0.0
2016-12-24 05:00:00,5.0,84,2.5,0.0,0.0,5.39,0.0,0.0
2016-12-24 06:00:00,4.8,84,2.2,0.0,0.0,5.46,0.0,0.0
2016-12-24 07:00:00,5.3,84,2.8,0.0,0.0,5.69,0.0,0.0
2016-12-24 08:00:00,5.5,83,2.8,0.0,0.0,5.86,0.0,0.0
2016-12-24 09:00:00,6.0,81,3.0,0.0,0.0,6.26,14.0,0.0504
2016-12-24 10:00:00,6.8,78,3.3,0.0,0.0,6.54,70.0,0.252
2016-12-24 11:00:00,7.9,75,3.8,0.0,0.0,7.03,123.0,0.44279999999999997
2016-12-24 12:00:00,8.7,73,4.0,0.0,0.0,7.2,155.0,0.5579999999999999
2016-12-24 13:00:00,9.2,71,4.2,0.0,0.0,6.8,168.0,0.6048
2016-12-24 14:00:00,9.4,71,4.5,0.0,0.0,7.29,145.0,0.522
2016-12-24 15:00:00,9.2,72,4.5,0.0,0.0,7.2,81.0,0.29159999999999997
2016-12-24 16:00:00,8.7,75,4.5,0.0,0.0,7.03,17.0,0.0612
2016-12-24 17:00:00,8.6,75,4.5,0.0,0.0,6.94,0.0,0.0
2016-12-24 18:00:00,8.5,75,4.4,0.0,0.0,6.62,0.0,0.0
2016-12-24 19:00:00,8.3,77,4.5,0.0,0.0,6.44,0.0,0.0
2016-12-24 20:00:00,8.2,78,4.6,0.0,0.0,6.49,0.0,0.0
2016-12-24 21:00:00,8.6,77,4.7,0.0,0.0,6.83,0.0,0.0
2016-12-24 22:00:00,8.7,78,5.1,0.0,0.0,6.83,0.0,0.0
2016-12-24 23:00:00,8.7,80,5.5,0.0,0.0,6.96,0.0,0.0
2016-12-25 00:00:00,8.7,81,5.7,0.0,0.0,7.12,0.0,0.0
2016-12-25 01:00:00,8.5,83,5.7,0.0,0.0,6.85,0.0,0.0
2016-12-25 02:00:00,8.5,84,5.9,0.0,0.0,6.8,0.0,0.0
2016-12-25 03:00:00,8.6,84,6.1,0.0,0.0,6.98,0.0,0.0
2016-12-25 04:00:00,8.9,84,6.4,0.0,0.0,6.94,0.0,0.0
2016-12-25 05:00:00,9.2,85,6.8,0.0,0.0,6.76,0.0,0.0
2016-12-25 06:00:00,9.5,85,7.2,0.0,0.0,6.66,0.0,0.0
2016-12-25 07:00:00,9.6,88,7.7,0.0,0.0,6.71,0.0,0.0
2016-12-25 08:00:00,9.9,88,7.9,0.0,0.0,6.64,0.0,0.0
2016-12-25 09:00:00,10.1,88,8.2,0.0,0.0,6.57,8.0,0.0288
2016-12-25 10:00:00,10.4,87,8.4,0.0,0.0,6.61,29.0,0.10439999999999999
2016-12-25 11:00:00,10.9,86,8.7,0.0,0.0,6.37,56.0,0.2016
2016-12-25 12:00:00,11.2,85,8.9,0.0,0.0,7.21,59.0,0.2124
2016-12-25 13:00:00,11.4,85,9.0,0.0,0.0,7.92,55.0,0.19799999999999998
2016-12-25 14:00:00,11.7,84,9.0,0.0,0.0,7.66,51.0,0.18359999999999999
2016-12-25 15:00:00,11.8,83,9.0,0.0,0.0,7.44,36.0,0.1296
2016-12-25 16:00:00,11.7,83,8.9,0.0,0.0,7.19,7.0,0.0252
2016-12-25 17:00:00,11.5,83,8.8,0.0,0.0,7.05,0.0,0.0
2016-12-25 18:00:00,11.4,84,8.7,0.0,0.0,7.14,0.0,0.0
2016-12-25 19:00:00,11.6,88,9.6,0.0,0.0,7.2,0.0,0.0
2016-12-25 20:00:00,11.5,87,9.5,0.0,0.0,7.34,0.0,0.0
2016-12-25 21:00:00,11.4,87,9.3,0.0,0.0,7.28,0.0,0.0
2016-12-25 22:00:00,11.2,86,9.0,0.0,0.0,7.09,0.0,0.0
2016-12-25 23:00:00,11.1,85,8.8,0.0,0.0,7.09,0.0,0.0
2016-12-26 00:00:00,11.1,85,8.7,0.0,0.0,7.12,0.0,0.0
2016-12-26 01:00:00,11.4,85,8.9,0.0,0.0,6.96,0.0,0.0
2016-12-26 02:00:00,11.5,86,9.3,0.0,0.0,6.67,0.0,0.0
2016-12-26 03:00:00,11.2,85,8.7,0.2,0.0,6.1,0.0,0.0
2016-12-26 04:00:00,10.2,79,6.7,0.0,0.0,5.85,0.0,0.0
2016-12-26 05:00:00,9.2,72,4.5,0.0,0.0,5.71,0.0,0.0
2016-12-26 06:00:00,7.9,71,2.9,0.0,0.0,5.45,0.0,0.0
2016-12-26 07:00:00,7.8,70,2.6,0.0,0.0,5.22,0.0,0.0
2016-12-26 08:00:00,7.0,75,2.9,0.0,0.0,5.23,0.0,0.0
2016-12-26 09:00:00,6.6,76,2.6,0.0,0.0,5.16,20.0,0.072
2016-12-26 10:00:00,6.9,72,2.1,0.0,0.0,4.55,90.0,0.324
2016-12-26 11:00:00,7.4,67,1.7,0.0,0.0,5.0,167.0,0.6012
2016-12-26 12:00:00,7.7,62,0.9,0.0,0.0,5.5,216.0,0.7776
2016-12-26 13:00:00,7.7,60,0.5,0.0,0.0,5.61,219.0,0.7884
2016-12-26 14:00:00,7.5,61,0.4,0.0,0.0,5.14,182.0,0.6552
2016-12-26 15:00:00,7.0,61,0.1,0.0,0.0,4.42,108.0,0.3888
2016-12-26 16:00:00,6.0,64,-0.3,0.0,0.0,3.7,25.0,0.09
2016-12-26 17:00:00,5.0,68,-0.4,0.0,0.0,3.2,0.0,0.0
2016-12-26 18:00:00,3.8,74,-0.3,0.0,0.0,3.08,0.0,0.0
2016-12-26 19:00:00,3.2,83,0.7,0.0,0.0,3.26,0.0,0.0
2016-12-26 20:00:00,2.8,85,0.5,0.0,0.0,3.42,0.0,0.0
2016-12-26 21:00:00,2.5,85,0.3,0.0,0.0,3.6,0.0,0.0
2016-12-26 22:00:00,2.2,86,0.1,0.0,0.0,3.4,0.0,0.0
2016-12-26 23:00:00,1.8,87,-0.1,0.0,0.0,3.2,0.0,0.0
2016-12-27 00:00:00,1.4,88,-0.3,0.0,0.0,3.21,0.0,0.0
2016-12-27 01:00:00,1.0,90,-0.5,0.0,0.0,3.3,0.0,0.0
2016-12-27 02:00:00,0.5,91,-0.8,0.0,0.0,2.8,0.0,0.0
2016-12-27 03:00:00,0.1,91,-1.1,0.0,0.0,2.6,0.0,0.0
2016-12-27 04:00:00,-0.3,92,-1.5,0.0,0.0,2.63,0.0,0.0
2016-12-27 05:00:00,-0.6,92,-1.7,0.0,0.0,2.25,0.0,0.0
2016-12-27 06:00:00,-0.8,92,-1.9,0.0,0.0,2.06,0.0,0.0
2016-12-27 07:00:00,-1.0,94,-1.9,0.0,0.0,2.02,0.0,0.0
2016-12-27 08:00:00,-1.2,94,-2.1,0.0,0.0,2.15,0.0,0.0
2016-12-27 09:00:00,-0.7,94,-1.6,0.0,0.0,1.75,20.0,0.072
2016-12-27 10:00:00,1.6,91,0.3,0.0,0.0,1.49,101.0,0.3636
2016-12-27 11:00:00,3.6,85,1.4,0.0,0.0,0.76,175.0,0.63
2016-12-27 12:00:00,4.8,82,2.1,0.0,0.0,0.51,216.0,0.7776
2016-12-27 13:00:00,5.7,80,2.6,0.0,0.0,0.32,218.0,0.7847999999999999
2016-12-27 14:00:00,5.9,80,2.8,0.0,0.0,0.54,178.0,0.6408
2016-12-27 15:00:00,5.7,82,2.9,0.0,0.0,0.57,103.0,0.37079999999999996
2016-12-27 16:00:00,4.3,91,2.9,0.0,0.0,0.36,24.0,0.0864
2016-12-27 17:00:00,3.9,91,2.5,0.0,0.0,0.14,0.0,0.0
2016-12-27 18:00:00,3.4,94,2.5,0.0,0.0,0.42,0.0,0.0
2016-12-27 19:00:00,2.6,98,2.2,0.0,0.0,1.39,0.0,0.0
2016-12-27 20:00:00,0.7,100,0.7,0.0,0.0,2.08,0.0,0.0
2016-12-27 21:00:00,-0.4,99,-0.5,0.0,0.0,2.27,0.0,0.0
2016-12-27 22:00:00,-1.0,99,-1.2,0.0,0.0,1.77,0.0,0.0
2016-12-27 23:00:00,-1.0,99,-1.2,0.0,0.0,1.7,0.0,0.0
2016-12-28 00:00:00,-0.5,99,-0.6,0.0,0.0,1.63,0.0,0.0
2016-12-28 01:00:00,-0.1,99,-0.2,0.0,0.0,1.14,0.0,0.0
2016-12-28 02:00:00,0.2,99,0.1,0.0,0.0,1.39,0.0,0.0
2016-12-28 03:00:00,0.7,99,0.6,0.0,0.0,1.88,0.0,0.0
2016-12-28 04:00:00,1.1,99,1.0,0.0,0.0,1.97,0.0,0.0
2016-12-28 05:00:00,1.4,100,1.4,0.0,0.0,1.92,0.0,0.0
2016-12-28 06:00:00,1.8,99,1.7,0.0,0.0,2.19,0.0,0.0
2016-12-28 07:00:00,1.9,99,1.8,0.0,0.0,2.33,0.0,0.0
2016-12-28 08:00:00,1.7,99,1.6,0.0,0.0,2.48,0.0,0.0
2016-12-28 09:00:00,1.8,99,1.7,0.0,0.0,2.48,11.0,0.039599999999999996
2016-12-28 10:00:00,2.3,98,2.1,0.0,0.0,2.55,54.0,0.1944
2016-12-28 11:00:00,3.1,95,2.5,0.0,0.0,2.77,100.0,0.36
2016-12-28 12:00:00,4.1,91,2.8,0.0,0.0,2.69,127.0,0.4572
2016-12-28 13:00:00,4.9,89,3.2,0.0,0.0,2.55,155.0,0.5579999999999999
2016-12-28 14:00:00,5.4,87,3.5,0.0,0.0,2.55,159.0,0.5724
2016-12-28 15:00:00,5.0,90,3.4,0.0,0.0,2.55,94.0,0.3384
2016-12-28 16:00:00,3.8,93,2.8,0.0,0.0,2.5,25.0,0.09
2016-12-28 17:00:00,2.6,95,1.9,0.0,0.0,2.56,0.0,0.0
2016-12-28 18:00:00,1.8,96,1.2,0.0,0.0,2.55,0.0,0.0
2016-12-28 19:00:00,1.5,94,0.6,0.0,0.0,2.55,0.0,0.0
2016-12-28 20:00:00,1.0,94,0.1,0.0,0.0,2.78,0.0,0.0
2016-12-28 21:00:00,0.7,94,-0.1,0.0,0.0,3.06,0.0,0.0
2016-12-28 22:00:00,0.6,94,-0.2,0.0,0.0,3.26,0.0,0.0
2016-12-28 23:00:00,0.7,94,-0.2,0.0,0.0,3.16,0.0,0.0
2016-12-29 00:00:00,0.4,94,-0.4,0.0,0.0,3.11,0.0,0.0
2016-12-29 01:00:00,0.2,94,-0.7,0.0,0.0,3.11,0.0,0.0
2016-12-29 02:00:00,-0.1,94,-1.0,0.0,0.0,2.82,0.0,0.0
2016-12-29 03:00:00,-0.5,95,-1.3,0.0,0.0,2.47,0.0,0.0
2016-12-29 04:00:00,-0.9,95,-1.6,0.0,0.0,2.34,0.0,0.0
2016-12-29 05:00:00,-1.2,96,-1.8,0.0,0.0,2.38,0.0,0.0
2016-12-29 06:00:00,-1.4,96,-1.9,0.0,0.0,2.47,0.0,0.0
2016-12-29 07:00:00,-1.5,97,-1.9,0.0,0.0,2.56,0.0,0.0
2016-12-29 08:00:00,-1.5,98,-1.8,0.0,0.0,2.66,0.0,0.0
2016-12-29 09:00:00,-1.0,97,-1.4,0.0,0.0,2.85,20.0,0.072
2016-12-29 10:00:00,1.3,98,1.0,0.0,0.0,2.86,101.0,0.3636
2016-12-29 11:00:00,4.0,94,3.2,0.0,0.0,2.94,179.0,0.6444
2016-12-29 12:00:00,5.3,91,4.0,0.0,0.0,2.62,223.0,0.8028
2016-12-29 13:00:00,6.1,89,4.5,0.0,0.0,2.2,226.0,0.8136
2016-12-29 14:00:00,6.2,90,4.6,0.0,0.0,1.43,186.0,0.6696
2016-12-29 15:00:00,5.6,91,4.3,0.0,0.0,2.18,112.0,0.4032
2016-12-29 16:00:00,4.0,96,3.4,0.0,0.0,2.73,27.0,0.0972
2016-12-29 17:00:00,2.3,99,2.2,0.0,0.0,2.5,0.0,0.0
2016-12-29 18:00:00,1.1,100,1.0,0.0,0.0,2.22,0.0,0.0
2016-12-29 19:00:00,0.4,99,0.3,0.0,0.0,2.1,0.0,0.0
2016-12-29 20:00:00,-0.4,99,-0.5,0.0,0.0,2.16,0.0,0.0
2016-12-29 21:00:00,-1.0,100,-1.0,0.0,0.0,2.12,0.0,0.0
2016-12-29 22:00:00,-1.3,99,-1.4,0.0,0.0,2.2,0.0,0.0
2016-12-29 23:00:00,-0.9,99,-1.0,0.0,0.0,2.0,0.0,0.0
2016-12-30 00:00:00,-0.3,100,-0.3,0.0,0.0,1.75,0.0,0.0
2016-12-30 01:00:00,0.3,100,0.3,0.0,0.0,2.2,0.0,0.0
2016-12-30 02:00:00,0.6,100,0.5,0.0,0.0,1.5,0.0,0.0
2016-12-30 03:00:00,0.4,100,0.3,0.0,0.0,1.3,0.0,0.0
2016-12-30 04:00:00,0.4,100,0.3,0.0,0.0,1.17,0.0,0.0
2016-12-30 05:00:00,0.6,99,0.5,0.0,0.0,1.34,0.0,0.0
2016-12-30 06:00:00,0.6,99,0.4,0.0,0.0,1.55,0.0,0.0
2016-12-30 07:00:00,0.6,99,0.4,0.0,0.0,1.63,0.0,0.0
2016-12-30 08:00:00,0.5,99,0.4,0.0,0.0,1.68,0.0,0.0
2016-12-30 09:00:00,0.5,99,0.4,0.0,0.0,1.71,6.0,0.0216
2016-12-30 10:00:00,0.7,99,0.6,0.0,0.0,1.62,37.0,0.13319999999999999
2016-12-30 11:00:00,1.2,99,1.0,0.0,0.0,1.87,54.0,0.1944
2016-12-30 12:00:00,1.9,99,1.7,0.0,0.0,2.04,75.0,0.27
2016-12-30 13:00:00,2.6,98,2.4,0.0,0.0,1.96,84.0,0.3024
2016-12-30 14:00:00,3.2,98,3.0,0.0,0.0,1.93,65.0,0.23399999999999999
2016-12-30 15:00:00,3.6,99,3.4,0.0,0.0,1.86,35.0,0.126
2016-12-30 16:00:00,3.6,99,3.5,0.0,0.0,2.02,10.0,0.036
2016-12-30 17:00:00,3.7,100,3.6,0.0,0.0,2.16,0.0,0.0
2016-12-30 18:00:00,3.8,100,3.8,0.0,0.0,2.22,0.0,0.0
2016-12-30 19:00:00,4.2,100,4.2,0.0,0.0,2.36,0.0,0.0
2016-12-30 20:00:00,4.4,99,4.3,0.0,0.0,2.55,0.0,0.0
2016-12-30 21:00:00,4.7,99,4.6,0.0,0.0,2.69,0.0,0.0
2016-12-30 22:00:00,4.9,99,4.8,0.0,0.0,2.64,0.0,0.0
2016-12-30 23:00:00,5.1,99,5.0,0.0,0.0,2.72,0.0,0.0
2016-12-31 00:00:00,5.3,99,5.2,0.0,0.0,2.78,0.0,0.0
2016-12-31 01:00:00,5.6,99,5.5,0.0,0.0,2.78,0.0,0.0
2016-12-31 02:00:00,5.7,99,5.6,0.0,0.0,2.78,0.0,0.0
2016-12-31 03:00:00,5.8,99,5.7,0.0,0.0,2.77,0.0,0.0
2016-12-31 04:00:00,5.8,99,5.7,0.0,0.0,2.69,0.0,0.0
2016-12-31 05:00:00,5.8,99,5.7,0.0,0.0,2.83,0.0,0.0
2016-12-31 06:00:00,5.9,99,5.8,0.0,0.0,2.98,0.0,0.0
2016-12-31 07:00:00,5.7,100,5.7,0.0,0.0,3.12,0.0,0.0
2016-12-31 08:00:00,5.8,100,5.7,0.0,0.0,3.33,0.0,0.0
2016-12-31 09:00:00,5.9,99,5.8,0.0,0.0,3.39,4.0,0.0144
2016-12-31 10:00:00,6.1,99,5.9,0.0,0.0,3.42,17.0,0.0612
2016-12-31 11:00:00,6.4,98,6.1,0.0,0.0,3.54,28.0,0.1008
2016-12-31 12:00:00,6.7,96,6.2,0.0,0.0,3.55,39.0,0.1404
2016-12-31 13:00:00,7.0,95,6.3,0.0,0.0,3.64,45.0,0.162
2016-12-31 14:00:00,7.2,95,6.4,0.0,0.0,3.52,39.0,0.1404
2016-12-31 15:00:00,7.2,95,6.5,0.0,0.0,3.36,21.0,0.0756
2016-12-31 16:00:00,7.1,95,6.4,0.0,0.0,3.34,7.0,0.0252
2016-12-31 17:00:00,7.0,96,6.4,0.0,0.0,3.47,0.0,0.0
2016-12-31 18:00:00,6.9,96,6.3,0.0,0.0,3.68,0.0,0.0
2016-12-31 19:00:00,6.9,96,6.3,0.0,0.0,3.75,0.0,0.0
2016-12-31 20:00:00,6.8,96,6.1,0.0,0.0,3.82,0.0,0.0
2016-12-31 21:00:00,6.7,95,6.0,0.0,0.0,3.96,0.0,0.0
2016-12-31 22:00:00,6.6,95,5.8,0.0,0.0,4.11,0.0,0.0
2016-12-31 23:00:00,6.4,95,5.7,0.0,0.0,4.05,0.0,0.0
2017-01-01 00:00:00,5.4,96,4.8,0.0,0.0,3.68,0.0,0.0
2017-01-01 01:00:00,5.8,93,4.7,0.0,0.0,4.48,0.0,0.0
2017-01-01 02:00:00,5.0,94,4.1,0.0,0.0,4.21,0.0,0.0
2017-01-01 03:00:00,5.3,93,4.2,0.0,0.0,4.39,0.0,0.0
2017-01-01 04:00:00,5.7,91,4.3,0.0,0.0,4.58,0.0,0.0
2017-01-01 05:00:00,5.9,90,4.4,0.0,0.0,4.88,0.0,0.0
2017-01-01 06:00:00,6.2,89,4.7,0.0,0.0,4.48,0.0,0.0
2017-01-01 07:00:00,6.2,91,4.8,0.0,0.0,3.89,0.0,0.0
2017-01-01 08:00:00,6.7,92,5.4,0.0,0.0,3.72,0.0,0.0
2017-01-01 09:00:00,7.4,91,6.1,0.1,0.0,4.03,4.0,0.0144
2017-01-01 10:00:00,7.7,91,6.3,0.1,0.0,3.98,11.0,0.039599999999999996
2017-01-01 11:00:00,8.0,92,6.8,0.2,0.0,3.61,29.0,0.10439999999999999
2017-01-01 12:00:00,7.6,94,6.7,0.2,0.0,2.05,25.0,0.09
2017-01-01 13:00:00,8.0,92,6.8,0.4,0.0,2.34,48.0,0.1728
2017-01-01 14:00:00,7.8,90,6.3,1.7,0.0,2.61,23.0,0.0828
2017-01-01 15:00:00,4.3,96,3.8,2.0,0.0,7.2,9.0,0.0324
2017-01-01 16:00:00,4.3,93,3.2,0.9,0.0,6.06,3.0,0.0108
2017-01-01 17:00:00,4.3,92,3.2,0.7,0.0,5.39,0.0,0.0
2017-01-01 18:00:00,4.3,92,3.2,0.7,0.0,5.77,0.0,0.0
2017-01-01 19:00:00,4.3,93,3.2,0.7,0.0,5.28,0.0,0.0
2017-01-01 20:00:00,4.6,90,3.1,0.8,0.0,6.13,0.0,0.0
2017-01-01 21:00:00,4.6,90,3.0,0.7,0.0,4.85,0.0,0.0
2017-01-01 22:00:00,4.6,89,3.0,0.4,0.0,4.75,0.0,0.0
2017-01-01 23:00:00,4.2,91,2.8,0.2,0.0,4.79,0.0,0.0
2017-01-02 00:00:00,3.8,91,2.4,0.1,0.0,4.06,0.0,0.0
2017-01-02 01:00:00,3.5,90,2.0,0.0,0.0,3.75,0.0,0.0
2017-01-02 02:00:00,2.7,91,1.4,0.0,0.0,4.49,0.0,0.0
2017-01-02 03:00:00,2.2,91,0.9,0.0,0.0,4.46,0.0,0.0
2017-01-02 04:00:00,2.0,90,0.6,0.0,0.0,4.34,0.0,0.0
2017-01-02 05:00:00,2.0,90,0.6,0.0,0.0,3.64,0.0,0.0
2017-01-02 06:00:00,1.4,91,0.0,0.0,0.0,3.13,0.0,0.0
2017-01-02 07:00:00,1.1,90,-0.3,0.0,0.0,3.51,0.0,0.0
2017-01-02 08:00:00,0.8,89,-0.9,0.0,0.0,3.5,0.0,0.0
2017-01-02 09:00:00,1.0,86,-1.0,0.0,0.0,3.4,21.0,0.0756
2017-01-02 10:00:00,2.2,85,-0.1,0.0,0.0,4.1,103.0,0.37079999999999996
2017-01-02 11:00:00,3.3,80,0.2,0.0,0.0,4.0,180.0,0.648
2017-01-02 12:00:00,3.8,81,0.9,0.0,0.0,4.4,225.0,0.8099999999999999
2017-01-02 13:00:00,4.3,79,0.9,0.0,0.0,3.8,227.0,0.8171999999999999
2017-01-02 14:00:00,4.4,79,1.0,0.0,0.0,3.34,189.0,0.6804
2017-01-02 15:00:00,3.6,85,1.3,0.0,0.0,2.25,116.0,0.41759999999999997
2017-01-02 16:00:00,1.1,92,-0.1,0.0,0.0,2.3,31.0,0.11159999999999999
2017-01-02 17:00:00,0.3,93,-0.6,0.0,0.0,2.13,0.0,0.0
2017-01-02 18:00:00,-0.8,93,-1.8,0.0,0.0,2.44,0.0,0.0
2017-01-02 19:00:00,-1.3,93,-2.2,0.0,0.0,2.37,0.0,0.0
2017-01-02 20:00:00,-2.2,93,-3.2,0.0,0.0,2.69,0.0,0.0
2017-01-02 21:00:00,-2.6,91,-3.8,0.0,0.0,2.52,0.0,0.0
2017-01-02 22:00:00,-2.8,92,-4.0,0.0,0.0,2.42,0.0,0.0
2017-01-02 23:00:00,-2.7,93,-3.6,0.0,0.0,1.96,0.0,0.0
2017-01-03 00:00:00,-2.5,94,-3.3,0.0,0.0,1.9,0.0,0.0
2017-01-03 01:00:00,-2.3,94,-3.2,0.0,0.0,2.01,0.0,0.0
2017-01-03 02:00:00,-2.1,94,-3.0,0.0,0.0,2.25,0.0,0.0
2017-01-03 03:00:00,-2.2,94,-3.0,0.0,0.0,2.33,0.0,0.0
2017-01-03 04:00:00,-2.0,94,-2.8,0.0,0.0,2.59,0.0,0.0
2017-01-03 05:00:00,-1.8,94,-2.7,0.0,0.0,2.95,0.0,0.0
2017-01-03 06:00:00,-1.4,93,-2.3,0.0,0.0,3.1,0.0,0.0
2017-01-03 07:00:00,-1.2,92,-2.3,0.0,0.0,2.89,0.0,0.0
2017-01-03 08:00:00,-0.6,91,-1.9,0.0,0.0,2.96,0.0,0.0
2017-01-03 09:00:00,0.4,90,-1.0,0.0,0.0,3.49,17.0,0.0612
2017-01-03 10:00:00,2.0,88,0.2,0.0,0.0,4.27,82.0,0.2952
2017-01-03 11:00:00,3.1,86,1.0,0.0,0.0,4.61,165.0,0.594
2017-01-03 12:00:00,3.7,84,1.1,0.0,0.0,4.83,216.0,0.7776
2017-01-03 13:00:00,4.6,80,1.4,0.0,0.0,5.1,209.0,0.7524
2017-01-03 14:00:00,4.6,81,1.6,0.0,0.0,5.23,180.0,0.648
2017-01-03 15:00:00,3.8,84,1.4,0.0,0.0,4.43,107.0,0.3852
2017-01-03 16:00:00,2.3,89,0.8,0.0,0.0,4.14,29.0,0.10439999999999999
2017-01-03 17:00:00,1.7,91,0.4,0.0,0.0,4.32,0.0,0.0
2017-01-03 18:00:00,1.6,92,0.4,0.0,0.0,4.51,0.0,0.0
2017-01-03 19:00:00,1.6,92,0.4,0.0,0.0,4.36,0.0,0.0
2017-01-03 20:00:00,1.9,92,0.7,0.0,0.0,4.33,0.0,0.0
2017-01-03 21:00:00,1.8,92,0.7,0.0,0.0,4.32,0.0,0.0
2017-01-03 22:00:00,2.3,92,1.1,0.0,0.0,4.71,0.0,0.0
2017-01-03 23:00:00,2.5,90,1.1,0.0,0.0,5.02,0.0,0.0
