timestamp,temperature_c,humidity_percent,dew_point_c,rainfall_mm,snowfall_cm,wind_speed_ms,solar_radiation_wm2,solar_radiation_mjm2
2011-01-01 00:00:00,1.6,94,0.8,0.0,0.0,2.45,0.0,0.0
2011-01-01 01:00:00,1.5,96,0.9,0.0,0.0,2.34,0.0,0.0
2011-01-01 02:00:00,1.2,96,0.7,0.0,0.0,2.31,0.0,0.0
2011-01-01 03:00:00,1.2,98,0.9,0.0,0.0,2.6,0.0,0.0
2011-01-01 04:00:00,1.5,98,1.2,0.0,0.0,2.62,0.0,0.0
2011-01-01 05:00:00,1.8,98,1.6,0.0,0.0,2.63,0.0,0.0
2011-01-01 06:00:00,2.6,99,2.4,0.0,0.0,2.82,0.0,0.0
2011-01-01 07:00:00,3.5,98,3.3,0.0,0.0,3.26,0.0,0.0
2011-01-01 08:00:00,4.4,98,4.0,0.0,0.0,3.68,9.0,0.0324
2011-01-01 09:00:00,6.8,95,6.1,0.0,0.0,4.05,114.0,0.4104
2011-01-01 10:00:00,9.2,91,7.8,0.0,0.0,4.05,199.0,0.7163999999999999
2011-01-01 11:00:00,11.3,86,9.0,0.0,0.0,4.18,275.0,0.99
2011-01-01 12:00:00,13.0,82,9.9,0.0,0.0,4.3,356.0,1.2816
2011-01-01 13:00:00,13.6,82,10.5,0.0,0.0,4.15,229.0,0.8244
2011-01-01 14:00:00,14.6,80,11.2,0.0,0.0,3.81,195.0,0.702
2011-01-01 15:00:00,14.4,82,11.3,0.0,0.0,4.52,121.0,0.4356
2011-01-01 16:00:00,13.8,85,11.4,0.0,0.0,4.44,46.0,0.1656
2011-01-01 17:00:00,13.2,89,11.4,0.0,0.0,3.41,9.0,0.0324
2011-01-01 18:00:00,12.8,92,11.6,0.1,0.0,4.12,0.0,0.0
2011-01-01 19:00:00,12.6,95,11.8,0.2,0.0,4.37,0.0,0.0
2011-01-01 20:00:00,12.6,96,12.0,0.6,0.0,4.62,0.0,0.0
2011-01-01 21:00:00,12.8,96,12.2,1.3,0.0,4.92,0.0,0.0
2011-01-01 22:00:00,13.0,97,12.5,0.3,0.0,4.84,0.0,0.0
2011-01-01 23:00:00,13.2,97,12.7,0.2,0.0,4.38,0.0,0.0
2011-01-02 00:00:00,13.3,97,12.9,0.2,0.0,4.03,0.0,0.0
2011-01-02 01:00:00,13.3,97,12.9,0.0,0.0,3.9,0.0,0.0
2011-01-02 02:00:00,13.7,97,13.3,0.0,0.0,3.85,0.0,0.0
2011-01-02 03:00:00,13.7,97,13.3,0.1,0.0,3.64,0.0,0.0
2011-01-02 04:00:00,13.7,98,13.3,0.4,0.0,2.88,0.0,0.0
2011-01-02 05:00:00,13.1,97,12.7,1.2,0.0,3.16,0.0,0.0
2011-01-02 06:00:00,10.3,92,9.0,0.0,0.0,3.64,0.0,0.0
2011-01-02 07:00:00,8.0,85,5.6,0.0,0.0,3.54,0.0,0.0
2011-01-02 08:00:00,7.6,81,4.6,0.0,0.0,3.19,2.0,0.0072
2011-01-02 09:00:00,7.4,75,3.3,0.0,0.0,2.95,19.0,0.0684
2011-01-02 10:00:00,7.2,71,2.3,0.0,0.0,2.25,42.0,0.1512
2011-01-02 11:00:00,7.0,67,1.2,0.0,0.0,1.93,53.0,0.1908
2011-01-02 12:00:00,6.7,64,0.3,0.0,0.0,1.84,64.0,0.2304
2011-01-02 13:00:00,6.2,64,-0.2,0.2,0.0,2.28,59.0,0.2124
2011-01-02 14:00:00,8.5,77,4.7,0.0,0.0,2.73,42.0,0.1512
2011-01-02 15:00:00,7.9,76,3.9,0.2,0.0,2.97,26.0,0.0936
2011-01-02 16:00:00,7.0,77,3.3,0.4,0.0,3.11,27.0,0.0972
2011-01-02 17:00:00,6.3,77,2.7,0.1,0.0,3.55,12.0,0.0432
2011-01-02 18:00:00,5.8,72,1.1,0.0,0.0,3.76,0.0,0.0
2011-01-02 19:00:00,5.2,56,-2.9,0.0,0.0,4.84,0.0,0.0
2011-01-02 20:00:00,4.1,40,-8.2,0.0,0.0,5.25,0.0,0.0
2011-01-02 21:00:00,3.0,35,-11.0,0.0,0.0,5.1,0.0,0.0
2011-01-02 22:00:00,1.7,36,-11.9,0.0,0.0,4.74,0.0,0.0
2011-01-02 23:00:00,0.8,36,-12.5,0.0,0.0,4.69,0.0,0.0
2011-01-03 00:00:00,0.0,36,-13.2,0.0,0.0,4.62,0.0,0.0
2011-01-03 01:00:00,-0.6,36,-13.8,0.0,0.0,4.64,0.0,0.0
2011-01-03 02:00:00,-0.7,40,-12.8,0.0,0.0,4.78,0.0,0.0
2011-01-03 03:00:00,-1.1,38,-13.5,0.0,0.0,4.84,0.0,0.0
2011-01-03 04:00:00,-1.5,38,-14.1,0.0,0.0,4.68,0.0,0.0
2011-01-03 05:00:00,-1.7,37,-14.4,0.0,0.0,4.69,0.0,0.0
2011-01-03 06:00:00,-1.9,38,-14.5,0.0,0.0,4.46,0.0,0.0
2011-01-03 07:00:00,-2.1,38,-14.4,0.0,0.0,4.05,0.0,0.0
2011-01-03 08:00:00,-2.1,43,-13.0,0.0,0.0,3.56,11.0,0.039599999999999996
2011-01-03 09:00:00,-1.1,41,-12.8,0.0,0.0,3.83,132.0,0.4752
2011-01-03 10:00:00,0.1,38,-12.6,0.0,0.0,3.89,286.0,1.0296
2011-01-03 11:00:00,1.2,37,-12.1,0.0,0.0,3.76,408.0,1.4687999999999999
2011-01-03 12:00:00,2.1,36,-11.5,0.0,0.0,3.55,479.0,1.7244
2011-01-03 13:00:00,3.0,35,-11.2,0.0,0.0,3.4,492.0,1.7711999999999999
2011-01-03 14:00:00,3.0,35,-11.0,0.0,0.0,3.38,445.0,1.6019999999999999
2011-01-03 15:00:00,3.2,34,-11.1,0.0,0.0,3.2,342.0,1.2312
2011-01-03 16:00:00,2.9,35,-11.2,0.0,0.0,2.55,197.0,0.7091999999999999
2011-01-03 17:00:00,1.8,40,-10.4,0.0,0.0,1.68,47.0,0.1692
2011-01-03 18:00:00,0.1,52,-8.5,0.0,0.0,1.7,0.0,0.0
2011-01-03 19:00:00,-1.6,62,-7.9,0.0,0.0,1.72,0.0,0.0
2011-01-03 20:00:00,-2.4,64,-8.4,0.0,0.0,1.75,0.0,0.0
2011-01-03 21:00:00,-2.9,64,-8.7,0.0,0.0,2.02,0.0,0.0
2011-01-03 22:00:00,-3.1,65,-8.8,0.0,0.0,2.12,0.0,0.0
2011-01-03 23:00:00,-3.2,65,-8.8,0.0,0.0,2.19,0.0,0.0
2011-01-04 00:00:00,-3.2,66,-8.7,0.0,0.0,2.1,0.0,0.0
2011-01-04 01:00:00,-3.2,65,-8.8,0.0,0.0,1.88,0.0,0.0
2011-01-04 02:00:00,-3.8,66,-9.2,0.0,0.0,1.8,0.0,0.0
2011-01-04 03:00:00,-4.0,68,-9.0,0.0,0.0,1.94,0.0,0.0
2011-01-04 04:00:00,-4.0,69,-8.9,0.0,0.0,2.06,0.0,0.0
2011-01-04 05:00:00,-4.1,69,-9.0,0.0,0.0,1.43,0.0,0.0
2011-01-04 06:00:00,-4.2,69,-9.0,0.0,0.0,1.3,0.0,0.0
2011-01-04 07:00:00,-4.1,69,-9.0,0.0,0.0,1.43,0.0,0.0
2011-01-04 08:00:00,-3.3,65,-8.9,0.0,0.0,1.75,9.0,0.0324
2011-01-04 09:00:00,-0.7,56,-8.3,0.0,0.0,2.1,108.0,0.3888
2011-01-04 10:00:00,1.6,49,-8.0,0.0,0.0,2.61,268.0,0.9648
2011-01-04 11:00:00,3.5,48,-6.4,0.0,0.0,2.84,400.0,1.44
2011-01-04 12:00:00,4.9,45,-6.0,0.0,0.0,2.76,460.0,1.656
2011-01-04 13:00:00,6.2,42,-5.7,0.0,0.0,2.69,485.0,1.746
2011-01-04 14:00:00,6.6,40,-6.2,0.0,0.0,2.77,443.0,1.5948
2011-01-04 15:00:00,6.7,40,-6.0,0.0,0.0,2.88,341.0,1.2276
2011-01-04 16:00:00,5.2,46,-5.4,0.0,0.0,2.51,197.0,0.7091999999999999
2011-01-04 17:00:00,2.5,54,-5.9,0.0,0.0,2.53,48.0,0.1728
2011-01-04 18:00:00,1.3,58,-6.1,0.0,0.0,2.77,0.0,0.0
2011-01-04 19:00:00,0.6,60,-6.2,0.0,0.0,3.11,0.0,0.0
2011-01-04 20:00:00,-0.1,63,-6.3,0.0,0.0,2.95,0.0,0.0
2011-01-04 21:00:00,-0.6,64,-6.5,0.0,0.0,2.6,0.0,0.0
2011-01-04 22:00:00,-1.0,66,-6.5,0.0,0.0,2.09,0.0,0.0
2011-01-04 23:00:00,-1.8,71,-6.4,0.0,0.0,2.18,0.0,0.0
2011-01-05 00:00:00,-2.5,74,-6.5,0.0,0.0,2.43,0.0,0.0
2011-01-05 01:00:00,-2.8,75,-6.6,0.0,0.0,3.4,0.0,0.0
2011-01-05 02:00:00,-1.6,66,-7.1,0.0,0.0,3.85,0.0,0.0
2011-01-05 03:00:00,-1.8,68,-7.0,0.0,0.0,3.18,0.0,0.0
2011-01-05 04:00:00,-2.8,72,-7.1,0.0,0.0,2.73,0.0,0.0
2011-01-05 05:00:00,-3.5,74,-7.4,0.0,0.0,2.27,0.0,0.0
2011-01-05 06:00:00,-3.8,74,-7.8,0.0,0.0,1.98,0.0,0.0
2011-01-05 07:00:00,-4.2,74,-8.1,0.0,0.0,1.91,0.0,0.0
2011-01-05 08:00:00,-4.0,71,-8.5,0.0,0.0,2.05,11.0,0.039599999999999996
2011-01-05 09:00:00,-0.6,55,-8.5,0.0,0.0,2.16,126.0,0.4536
2011-01-05 10:00:00,1.2,45,-9.5,0.0,0.0,2.78,237.0,0.8532
2011-01-05 11:00:00,1.9,44,-9.2,0.0,0.0,2.48,304.0,1.0944
2011-01-05 12:00:00,2.6,42,-8.9,0.0,0.0,3.0,403.0,1.4507999999999999
2011-01-05 13:00:00,3.2,40,-9.1,0.0,0.0,3.35,449.0,1.6164
2011-01-05 14:00:00,4.0,39,-8.8,0.0,0.0,3.22,437.0,1.5732
2011-01-05 15:00:00,4.0,39,-8.8,0.0,0.0,2.86,344.0,1.2384
2011-01-05 16:00:00,3.3,43,-8.0,0.0,0.0,1.43,201.0,0.7236
2011-01-05 17:00:00,2.5,44,-8.6,0.0,0.0,2.3,50.0,0.18
2011-01-05 18:00:00,-0.5,61,-7.1,0.0,0.0,1.89,0.0,0.0
2011-01-05 19:00:00,-1.9,67,-7.3,0.0,0.0,1.7,0.0,0.0
2011-01-05 20:00:00,-2.3,68,-7.4,0.0,0.0,2.01,0.0,0.0
2011-01-05 21:00:00,-2.1,66,-7.5,0.0,0.0,1.84,0.0,0.0
2011-01-05 22:00:00,-2.6,67,-7.8,0.0,0.0,1.62,0.0,0.0
2011-01-05 23:00:00,-2.3,65,-8.0,0.0,0.0,1.48,0.0,0.0
2011-01-06 00:00:00,-1.7,63,-7.9,0.0,0.0,1.25,0.0,0.0
2011-01-06 01:00:00,-1.2,62,-7.5,0.0,0.0,1.03,0.0,0.0
2011-01-06 02:00:00,-3.7,66,-9.1,0.0,0.0,0.95,0.0,0.0
2011-01-06 03:00:00,-4.1,67,-9.3,0.0,0.0,1.08,0.0,0.0
2011-01-06 04:00:00,-4.1,65,-9.7,0.0,0.0,1.33,0.0,0.0
2011-01-06 05:00:00,-3.7,61,-10.1,0.0,0.0,1.24,0.0,0.0
2011-01-06 06:00:00,-3.5,59,-10.3,0.0,0.0,1.3,0.0,0.0
2011-01-06 07:00:00,-3.3,57,-10.5,0.0,0.0,1.22,0.0,0.0
2011-01-06 08:00:00,-2.6,55,-10.5,0.0,0.0,0.71,7.0,0.0252
2011-01-06 09:00:00,-1.5,52,-10.0,0.0,0.0,0.28,100.0,0.36
2011-01-06 10:00:00,0.7,41,-11.1,0.0,0.0,0.2,269.0,0.9683999999999999
2011-01-06 11:00:00,2.2,35,-11.6,0.0,0.0,0.81,410.0,1.476
2011-01-06 12:00:00,3.0,39,-9.7,0.0,0.0,1.4,480.0,1.728
2011-01-06 13:00:00,3.3,38,-9.6,0.0,0.0,1.75,494.0,1.7784
2011-01-06 14:00:00,3.3,39,-9.4,0.0,0.0,1.7,449.0,1.6164
2011-01-06 15:00:00,3.3,39,-9.4,0.0,0.0,1.84,355.0,1.278
2011-01-06 16:00:00,2.5,43,-8.9,0.0,0.0,1.42,209.0,0.7524
2011-01-06 17:00:00,0.8,48,-8.9,0.0,0.0,1.71,53.0,0.1908
2011-01-06 18:00:00,-1.0,56,-8.7,0.0,0.0,1.86,0.0,0.0
2011-01-06 19:00:00,-2.0,62,-8.4,0.0,0.0,2.44,0.0,0.0
2011-01-06 20:00:00,-2.8,68,-7.9,0.0,0.0,2.78,0.0,0.0
2011-01-06 21:00:00,-3.0,71,-7.6,0.0,0.0,3.09,0.0,0.0
2011-01-06 22:00:00,-2.6,72,-7.0,0.0,0.0,3.16,0.0,0.0
2011-01-06 23:00:00,-2.2,73,-6.4,0.0,0.0,2.96,0.0,0.0
2011-01-07 00:00:00,-1.8,74,-5.8,0.0,0.07,2.9,0.0,0.0
2011-01-07 01:00:00,-1.7,76,-5.3,0.0,0.14,3.21,0.0,0.0
2011-01-07 02:00:00,-1.2,73,-5.5,0.0,0.14,3.13,0.0,0.0
2011-01-07 03:00:00,-1.1,72,-5.6,0.0,0.21,2.68,0.0,0.0
2011-01-07 04:00:00,-1.0,71,-5.6,0.0,0.0,2.84,0.0,0.0
2011-01-07 05:00:00,-1.1,70,-6.0,0.0,0.0,1.68,0.0,0.0
2011-01-07 06:00:00,-1.0,66,-6.6,0.0,0.0,1.92,0.0,0.0
2011-01-07 07:00:00,-1.3,62,-7.5,0.0,0.0,2.42,0.0,0.0
2011-01-07 08:00:00,-1.6,59,-8.6,0.0,0.0,3.12,11.0,0.039599999999999996
2011-01-07 09:00:00,-0.6,50,-9.8,0.0,0.0,3.54,134.0,0.4824
2011-01-07 10:00:00,0.3,41,-11.5,0.0,0.0,3.91,295.0,1.062
2011-01-07 11:00:00,1.1,39,-11.4,0.0,0.0,4.25,422.0,1.5191999999999999
2011-01-07 12:00:00,2.8,32,-12.4,0.0,0.0,4.27,486.0,1.7496
2011-01-07 13:00:00,3.1,31,-12.3,0.0,0.0,4.28,420.0,1.512
2011-01-07 14:00:00,2.8,32,-12.2,0.0,0.0,4.06,373.0,1.3428
2011-01-07 15:00:00,2.8,32,-12.3,0.0,0.0,3.61,266.0,0.9576
2011-01-07 16:00:00,2.0,35,-11.7,0.0,0.0,2.06,152.0,0.5472
2011-01-07 17:00:00,0.5,50,-8.8,0.0,0.0,0.91,45.0,0.162
2011-01-07 18:00:00,-2.0,56,-9.7,0.0,0.0,1.17,0.0,0.0
2011-01-07 19:00:00,-3.6,62,-9.9,0.0,0.0,1.63,0.0,0.0
2011-01-07 20:00:00,-4.1,59,-10.9,0.0,0.0,1.6,0.0,0.0
2011-01-07 21:00:00,-4.0,60,-10.7,0.0,0.0,1.55,0.0,0.0
2011-01-07 22:00:00,-3.6,58,-10.6,0.0,0.0,1.71,0.0,0.0
2011-01-07 23:00:00,-3.3,62,-9.6,0.0,0.0,1.75,0.0,0.0
2011-01-08 00:00:00,-2.4,62,-8.7,0.0,0.0,1.89,0.0,0.0
2011-01-08 01:00:00,-1.6,62,-7.9,0.0,0.0,2.08,0.0,0.0
2011-01-08 02:00:00,-1.7,67,-7.0,0.0,0.07,2.14,0.0,0.0
2011-01-08 03:00:00,-1.9,72,-6.2,0.0,0.07,2.22,0.0,0.0
2011-01-08 04:00:00,-1.9,74,-6.0,0.0,0.28,1.98,0.0,0.0
2011-01-08 05:00:00,-2.3,78,-5.6,0.0,0.14,1.66,0.0,0.0
2011-01-08 06:00:00,-2.3,79,-5.4,0.0,0.28,1.22,0.0,0.0
2011-01-08 07:00:00,-2.5,81,-5.3,0.0,0.14,1.22,0.0,0.0
2011-01-08 08:00:00,-2.7,82,-5.3,0.0,0.07,1.0,7.0,0.0252
2011-01-08 09:00:00,-1.4,75,-5.2,0.0,0.07,0.8,101.0,0.3636
2011-01-08 10:00:00,-0.0,65,-5.9,0.0,0.0,1.63,202.0,0.7272
2011-01-08 11:00:00,0.9,52,-7.9,0.0,0.0,3.36,328.0,1.1808
2011-01-08 12:00:00,1.5,43,-9.6,0.0,0.0,4.61,423.0,1.5228
2011-01-08 13:00:00,1.5,36,-11.9,0.0,0.0,5.46,461.0,1.6596
2011-01-08 14:00:00,0.3,35,-13.5,0.0,0.0,5.87,427.0,1.5372
2011-01-08 15:00:00,-0.4,35,-14.0,0.0,0.0,5.9,351.0,1.2636
2011-01-08 16:00:00,-1.1,35,-14.7,0.0,0.0,5.33,217.0,0.7812
2011-01-08 17:00:00,-2.4,34,-16.1,0.0,0.0,4.56,59.0,0.2124
2011-01-08 18:00:00,-3.2,35,-16.6,0.0,0.0,4.57,0.0,0.0
2011-01-08 19:00:00,-3.5,35,-16.9,0.0,0.0,4.88,0.0,0.0
2011-01-08 20:00:00,-3.7,35,-16.8,0.0,0.0,5.52,0.0,0.0
2011-01-08 21:00:00,-3.9,38,-16.2,0.0,0.0,5.96,0.0,0.0
2011-01-08 22:00:00,-4.2,41,-15.6,0.0,0.0,6.26,0.0,0.0
2011-01-08 23:00:00,-4.5,43,-15.2,0.0,0.0,6.26,0.0,0.0
2011-01-09 00:00:00,-5.0,46,-14.9,0.0,0.0,6.26,0.0,0.0
2011-01-09 01:00:00,-5.3,48,-14.7,0.0,0.0,6.22,0.0,0.0
2011-01-09 02:00:00,-5.5,48,-14.8,0.0,0.0,6.04,0.0,0.0
2011-01-09 03:00:00,-5.5,49,-14.6,0.0,0.0,5.86,0.0,0.0
2011-01-09 04:00:00,-5.5,50,-14.4,0.0,0.0,5.55,0.0,0.0
2011-01-09 05:00:00,-5.5,51,-14.1,0.0,0.0,5.32,0.0,0.0
2011-01-09 06:00:00,-5.6,52,-14.0,0.0,0.0,5.28,0.0,0.0
2011-01-09 07:00:00,-5.7,52,-13.9,0.0,0.0,5.11,0.0,0.0
2011-01-09 08:00:00,-5.7,53,-13.8,0.0,0.0,5.02,12.0,0.0432
2011-01-09 09:00:00,-4.7,50,-13.6,0.0,0.0,5.35,136.0,0.4896
2011-01-09 10:00:00,-3.1,42,-14.2,0.0,0.0,7.27,294.0,1.0584
2011-01-09 11:00:00,-1.7,37,-14.7,0.0,0.0,7.41,417.0,1.5011999999999999
2011-01-09 12:00:00,-0.5,32,-15.2,0.0,0.0,6.91,489.0,1.7604
2011-01-09 13:00:00,0.6,29,-15.6,0.0,0.0,6.94,488.0,1.7568
2011-01-09 14:00:00,1.2,28,-15.4,0.0,0.0,6.77,434.0,1.5624
2011-01-09 15:00:00,1.1,29,-15.2,0.0,0.0,6.49,364.0,1.3104
2011-01-09 16:00:00,0.4,31,-14.7,0.0,0.0,5.39,219.0,0.7884
2011-01-09 17:00:00,-1.2,35,-14.6,0.0,0.0,4.03,61.0,0.2196
2011-01-09 18:00:00,-2.3,40,-14.2,0.0,0.0,4.4,0.0,0.0
2011-01-09 19:00:00,-2.8,43,-13.6,0.0,0.0,4.65,0.0,0.0
2011-01-09 20:00:00,-3.2,45,-13.4,0.0,0.0,4.72,0.0,0.0
2011-01-09 21:00:00,-3.3,46,-13.4,0.0,0.0,4.88,0.0,0.0
2011-01-09 22:00:00,-3.5,46,-13.4,0.0,0.0,4.68,0.0,0.0
2011-01-09 23:00:00,-3.7,46,-13.5,0.0,0.0,4.6,0.0,0.0
2011-01-10 00:00:00,-4.0,47,-13.7,0.0,0.0,4.32,0.0,0.0
2011-01-10 01:00:00,-4.3,48,-13.8,0.0,0.0,3.86,0.0,0.0
2011-01-10 02:00:00,-4.4,51,-13.1,0.0,0.0,3.61,0.0,0.0
2011-01-10 03:00:00,-4.6,52,-13.0,0.0,0.0,3.61,0.0,0.0
2011-01-10 04:00:00,-4.8,54,-12.8,0.0,0.0,3.5,0.0,0.0
2011-01-10 05:00:00,-5.0,55,-12.7,0.0,0.0,3.38,0.0,0.0
2011-01-10 06:00:00,-5.1,56,-12.6,0.0,0.0,3.28,0.0,0.0
2011-01-10 07:00:00,-5.1,56,-12.5,0.0,0.0,3.08,0.0,0.0
2011-01-10 08:00:00,-5.1,56,-12.5,0.0,0.0,2.88,10.0,0.036
2011-01-10 09:00:00,-4.3,53,-12.4,0.0,0.0,3.75,100.0,0.36
2011-01-10 10:00:00,-3.3,50,-12.3,0.0,0.0,3.66,217.0,0.7812
2011-01-10 11:00:00,-2.2,46,-12.3,0.0,0.0,3.25,286.0,1.0296
2011-01-10 12:00:00,-1.8,44,-12.4,0.0,0.0,3.26,232.0,0.8351999999999999
2011-01-10 13:00:00,-0.6,40,-12.4,0.0,0.0,3.14,340.0,1.224
2011-01-10 14:00:00,0.7,38,-12.2,0.0,0.0,2.91,349.0,1.2564
2011-01-10 15:00:00,1.0,37,-12.2,0.0,0.0,2.83,301.0,1.0836
2011-01-10 16:00:00,0.4,40,-11.8,0.0,0.0,2.3,177.0,0.6372
2011-01-10 17:00:00,-1.1,46,-11.2,0.0,0.0,1.75,61.0,0.2196
2011-01-10 18:00:00,-2.4,50,-11.5,0.0,0.0,1.92,0.0,0.0
2011-01-10 19:00:00,-3.4,52,-11.8,0.0,0.0,1.91,0.0,0.0
2011-01-10 20:00:00,-4.3,55,-12.1,0.0,0.0,1.84,0.0,0.0
2011-01-10 21:00:00,-4.8,56,-12.3,0.0,0.0,1.84,0.0,0.0
2011-01-10 22:00:00,-5.0,57,-12.3,0.0,0.0,1.91,0.0,0.0
2011-01-10 23:00:00,-4.9,56,-12.3,0.0,0.0,1.97,0.0,0.0
2011-01-11 00:00:00,-4.9,56,-12.3,0.0,0.0,1.62,0.0,0.0
2011-01-11 01:00:00,-5.3,58,-12.2,0.0,0.0,1.93,0.0,0.0
2011-01-11 02:00:00,-5.0,59,-11.8,0.0,0.0,1.66,0.0,0.0
2011-01-11 03:00:00,-4.5,58,-11.6,0.0,0.0,1.64,0.0,0.0
2011-01-11 04:00:00,-4.0,56,-11.5,0.0,0.0,1.39,0.0,0.0
2011-01-11 05:00:00,-3.4,54,-11.3,0.0,0.0,1.46,0.0,0.0
2011-01-11 06:00:00,-3.1,54,-11.2,0.0,0.0,0.92,0.0,0.0
2011-01-11 07:00:00,-3.0,54,-10.9,0.0,0.0,0.82,0.0,0.0
2011-01-11 08:00:00,-2.8,55,-10.6,0.0,0.0,0.91,6.0,0.0216
2011-01-11 09:00:00,-2.4,56,-10.1,0.0,0.0,0.81,37.0,0.13319999999999999
2011-01-11 10:00:00,-1.9,57,-9.3,0.0,0.0,1.36,64.0,0.2304
2011-01-11 11:00:00,-1.2,57,-8.6,0.0,0.07,1.58,126.0,0.4536
2011-01-11 12:00:00,-1.1,59,-8.0,0.0,0.07,1.53,115.0,0.414
2011-01-11 13:00:00,-0.9,61,-7.4,0.0,0.07,1.63,128.0,0.4608
2011-01-11 14:00:00,-1.1,66,-6.6,0.0,0.14,2.15,82.0,0.2952
2011-01-11 15:00:00,-1.1,69,-6.0,0.0,0.14,2.3,103.0,0.37079999999999996
2011-01-11 16:00:00,-1.4,72,-5.8,0.0,0.14,2.86,53.0,0.1908
2011-01-11 17:00:00,-1.9,79,-5.1,0.0,0.21,1.8,14.0,0.0504
2011-01-11 18:00:00,-2.3,85,-4.5,0.0,0.28,0.82,0.0,0.0
2011-01-11 19:00:00,-2.4,87,-4.2,0.0,0.42,0.76,0.0,0.0
2011-01-11 20:00:00,-2.3,88,-4.0,0.0,0.42,0.5,0.0,0.0
2011-01-11 21:00:00,-2.4,90,-3.8,0.0,0.35,0.32,0.0,0.0
2011-01-11 22:00:00,-2.5,91,-3.8,0.0,0.21,0.73,0.0,0.0
2011-01-11 23:00:00,-2.7,92,-3.8,0.0,0.14,1.2,0.0,0.0
2011-01-12 00:00:00,-2.8,91,-4.1,0.0,0.07,2.0,0.0,0.0
2011-01-12 01:00:00,-3.2,90,-4.5,0.0,0.0,2.01,0.0,0.0
2011-01-12 02:00:00,-4.3,91,-5.5,0.0,0.0,2.4,0.0,0.0
2011-01-12 03:00:00,-5.3,90,-6.7,0.0,0.0,2.5,0.0,0.0
2011-01-12 04:00:00,-5.8,87,-7.6,0.0,0.0,3.2,0.0,0.0
2011-01-12 05:00:00,-5.8,79,-8.9,0.0,0.0,3.06,0.0,0.0
2011-01-12 06:00:00,-5.5,69,-10.3,0.0,0.0,3.21,0.0,0.0
2011-01-12 07:00:00,-5.3,63,-11.2,0.0,0.0,3.54,0.0,0.0
2011-01-12 08:00:00,-4.9,60,-11.4,0.0,0.0,3.77,12.0,0.0432
2011-01-12 09:00:00,-3.4,58,-10.6,0.0,0.0,3.91,136.0,0.4896
2011-01-12 10:00:00,-1.1,50,-10.1,0.0,0.0,6.44,295.0,1.062
2011-01-12 11:00:00,0.2,46,-10.0,0.0,0.0,7.78,387.0,1.3932
2011-01-12 12:00:00,0.7,45,-10.0,0.0,0.0,8.05,439.0,1.5804
2011-01-12 13:00:00,0.9,43,-10.2,0.0,0.0,7.56,444.0,1.5984
2011-01-12 14:00:00,0.7,43,-10.3,0.0,0.0,7.56,350.0,1.26
2011-01-12 15:00:00,0.3,44,-10.6,0.0,0.0,8.05,249.0,0.8964
2011-01-12 16:00:00,-0.0,44,-10.8,0.0,0.0,6.77,202.0,0.7272
2011-01-12 17:00:00,-1.1,48,-10.9,0.0,0.0,4.88,62.0,0.22319999999999998
2011-01-12 18:00:00,-2.1,50,-11.1,0.0,0.0,4.89,0.0,0.0
2011-01-12 19:00:00,-2.7,52,-11.1,0.0,0.0,4.97,0.0,0.0
2011-01-12 20:00:00,-3.0,54,-11.0,0.0,0.0,4.88,0.0,0.0
2011-01-12 21:00:00,-3.3,55,-11.0,0.0,0.0,5.35,0.0,0.0
2011-01-12 22:00:00,-3.7,57,-11.1,0.0,0.0,5.62,0.0,0.0
2011-01-12 23:00:00,-4.0,58,-11.1,0.0,0.0,5.74,0.0,0.0
2011-01-13 00:00:00,-4.3,59,-11.2,0.0,0.0,5.66,0.0,0.0
2011-01-13 01:00:00,-4.5,59,-11.3,0.0,0.0,5.38,0.0,0.0
2011-01-13 02:00:00,-3.7,58,-10.7,0.0,0.0,5.23,0.0,0.0
2011-01-13 03:00:00,-3.7,58,-10.8,0.0,0.0,5.09,0.0,0.0
2011-01-13 04:00:00,-3.8,57,-11.0,0.0,0.0,4.96,0.0,0.0
2011-01-13 05:00:00,-3.9,57,-11.2,0.0,0.0,4.47,0.0,0.0
2011-01-13 06:00:00,-4.1,57,-11.3,0.0,0.0,4.47,0.0,0.0
2011-01-13 07:00:00,-4.0,55,-11.8,0.0,0.0,4.19,0.0,0.0
2011-01-13 08:00:00,-4.0,55,-11.8,0.0,0.0,3.84,13.0,0.0468
2011-01-13 09:00:00,-3.2,51,-11.9,0.0,0.0,5.8,130.0,0.46799999999999997
2011-01-13 10:00:00,-2.1,48,-11.8,0.0,0.0,6.09,294.0,1.0584
2011-01-13 11:00:00,-1.1,44,-11.8,0.0,0.0,5.81,422.0,1.5191999999999999
2011-01-13 12:00:00,-0.1,41,-11.8,0.0,0.0,5.58,508.0,1.8288
2011-01-13 13:00:00,0.6,39,-11.9,0.0,0.0,5.6,506.0,1.8215999999999999
2011-01-13 14:00:00,1.6,40,-10.6,0.0,0.0,5.46,476.0,1.7136
2011-01-13 15:00:00,1.6,40,-10.7,0.0,0.0,5.44,379.0,1.3644
2011-01-13 16:00:00,1.1,41,-10.6,0.0,0.0,4.66,232.0,0.8351999999999999
2011-01-13 17:00:00,-0.2,46,-10.5,0.0,0.0,3.22,71.0,0.2556
2011-01-13 18:00:00,-1.3,49,-10.7,0.0,0.0,3.58,0.0,0.0
2011-01-13 19:00:00,-1.9,51,-10.8,0.0,0.0,3.97,0.0,0.0
2011-01-13 20:00:00,-2.5,53,-10.8,0.0,0.0,3.92,0.0,0.0
2011-01-13 21:00:00,-2.9,54,-10.9,0.0,0.0,3.7,0.0,0.0
2011-01-13 22:00:00,-3.3,55,-11.0,0.0,0.0,3.56,0.0,0.0
2011-01-13 23:00:00,-3.7,57,-11.1,0.0,0.0,3.41,0.0,0.0
2011-01-14 00:00:00,-4.1,58,-11.3,0.0,0.0,3.12,0.0,0.0
2011-01-14 01:00:00,-4.4,58,-11.4,0.0,0.0,2.77,0.0,0.0
2011-01-14 02:00:00,-4.3,57,-11.5,0.0,0.0,2.28,0.0,0.0
2011-01-14 03:00:00,-4.4,57,-11.5,0.0,0.0,2.11,0.0,0.0
2011-01-14 04:00:00,-4.6,59,-11.5,0.0,0.0,2.11,0.0,0.0
2011-01-14 05:00:00,-4.9,60,-11.5,0.0,0.0,1.92,0.0,0.0
2011-01-14 06:00:00,-5.1,61,-11.4,0.0,0.0,2.06,0.0,0.0
2011-01-14 07:00:00,-5.1,62,-11.3,0.0,0.0,2.09,0.0,0.0
2011-01-14 08:00:00,-4.4,60,-10.9,0.0,0.0,1.53,13.0,0.0468
2011-01-14 09:00:00,-2.8,55,-10.7,0.0,0.0,2.92,138.0,0.49679999999999996
2011-01-14 10:00:00,-1.0,49,-10.3,0.0,0.0,3.86,296.0,1.0655999999999999
2011-01-14 11:00:00,0.4,43,-10.7,0.0,0.0,3.72,403.0,1.4507999999999999
2011-01-14 12:00:00,1.1,40,-10.9,0.0,0.0,3.36,448.0,1.6128
2011-01-14 13:00:00,1.4,39,-11.0,0.0,0.0,3.45,368.0,1.3248
2011-01-14 14:00:00,1.5,39,-11.0,0.0,0.0,3.42,294.0,1.0584
2011-01-14 15:00:00,1.7,38,-11.0,0.0,0.0,3.2,256.0,0.9216
2011-01-14 16:00:00,1.4,39,-10.9,0.0,0.0,2.69,152.0,0.5472
2011-01-14 17:00:00,0.5,45,-10.1,0.0,0.0,1.33,58.0,0.20879999999999999
2011-01-14 18:00:00,-0.3,48,-10.0,0.0,0.0,0.86,0.0,0.0
2011-01-14 19:00:00,-1.4,53,-9.9,0.0,0.0,0.58,0.0,0.0
2011-01-14 20:00:00,-1.7,55,-9.6,0.0,0.0,1.14,0.0,0.0
2011-01-14 21:00:00,-1.9,57,-9.4,0.0,0.0,1.3,0.0,0.0
2011-01-14 22:00:00,-1.5,54,-9.5,0.0,0.0,1.1,0.0,0.0
2011-01-14 23:00:00,-1.4,54,-9.5,0.0,0.0,0.81,0.0,0.0
2011-01-15 00:00:00,-1.7,56,-9.4,0.0,0.0,0.58,0.0,0.0
2011-01-15 01:00:00,-2.0,57,-9.5,0.0,0.0,1.0,0.0,0.0
2011-01-15 02:00:00,-1.8,55,-9.7,0.0,0.0,1.5,0.0,0.0
2011-01-15 03:00:00,-2.2,56,-9.8,0.0,0.0,1.78,0.0,0.0
2011-01-15 04:00:00,-2.3,56,-9.9,0.0,0.0,1.89,0.0,0.0
2011-01-15 05:00:00,-2.5,56,-10.0,0.0,0.0,0.41,0.0,0.0
2011-01-15 06:00:00,-2.6,57,-10.0,0.0,0.0,0.94,0.0,0.0
2011-01-15 07:00:00,-2.7,57,-10.0,0.0,0.0,1.0,0.0,0.0
2011-01-15 08:00:00,-3.2,60,-9.8,0.0,0.0,1.22,11.0,0.039599999999999996
2011-01-15 09:00:00,-0.9,52,-9.6,0.0,0.0,1.94,132.0,0.4752
2011-01-15 10:00:00,1.2,45,-9.3,0.0,0.0,2.32,292.0,1.0512
2011-01-15 11:00:00,3.2,40,-9.0,0.0,0.0,2.72,421.0,1.5156
2011-01-15 12:00:00,4.9,37,-8.6,0.0,0.0,3.32,503.0,1.8108
2011-01-15 13:00:00,6.0,35,-8.2,0.0,0.0,4.12,518.0,1.8648
2011-01-15 14:00:00,6.7,34,-8.0,0.0,0.0,4.61,468.0,1.6847999999999999
2011-01-15 15:00:00,6.9,35,-7.5,0.0,0.0,4.52,341.0,1.2276
2011-01-15 16:00:00,6.0,40,-6.4,0.0,0.0,3.67,161.0,0.5796
2011-01-15 17:00:00,4.5,46,-6.1,0.0,0.0,3.14,39.0,0.1404
2011-01-15 18:00:00,3.6,50,-6.0,0.0,0.0,3.79,0.0,0.0
2011-01-15 19:00:00,3.3,51,-5.8,0.0,0.0,4.05,0.0,0.0
2011-01-15 20:00:00,3.3,52,-5.6,0.0,0.0,3.89,0.0,0.0
2011-01-15 21:00:00,2.7,56,-5.3,0.0,0.0,3.1,0.0,0.0
2011-01-15 22:00:00,1.6,61,-5.2,0.0,0.0,2.65,0.0,0.0
2011-01-15 23:00:00,0.6,65,-5.1,0.0,0.0,2.18,0.0,0.0
2011-01-16 00:00:00,-0.7,72,-5.1,0.0,0.0,2.33,0.0,0.0
2011-01-16 01:00:00,-1.8,79,-4.9,0.0,0.0,2.38,0.0,0.0
2011-01-16 02:00:00,-0.9,76,-4.6,0.0,0.0,2.64,0.0,0.0
2011-01-16 03:00:00,-0.8,80,-3.9,0.0,0.0,2.92,0.0,0.0
2011-01-16 04:00:00,0.1,79,-3.1,0.0,0.0,3.34,0.0,0.0
2011-01-16 05:00:00,-0.1,80,-3.1,0.0,0.0,2.28,0.0,0.0
2011-01-16 06:00:00,-0.3,76,-4.0,0.0,0.0,2.77,0.0,0.0
2011-01-16 07:00:00,-0.4,66,-5.9,0.0,0.0,3.42,0.0,0.0
2011-01-16 08:00:00,-0.7,59,-7.7,0.0,0.0,3.55,10.0,0.036
2011-01-16 09:00:00,-0.2,51,-9.1,0.0,0.0,3.89,107.0,0.3852
2011-01-16 10:00:00,0.6,47,-9.5,0.0,0.0,4.36,250.0,0.9
2011-01-16 11:00:00,1.6,42,-9.9,0.0,0.0,4.19,402.0,1.4472
2011-01-16 12:00:00,2.5,38,-10.4,0.0,0.0,3.89,508.0,1.8288
2011-01-16 13:00:00,3.1,41,-9.0,0.0,0.0,3.69,528.0,1.9008
2011-01-16 14:00:00,3.9,41,-8.1,0.0,0.0,3.52,484.0,1.7424
2011-01-16 15:00:00,3.8,40,-8.5,0.0,0.0,3.5,384.0,1.3824
2011-01-16 16:00:00,3.2,40,-9.2,0.0,0.0,3.11,238.0,0.8568
2011-01-16 17:00:00,1.8,44,-9.1,0.0,0.0,1.44,77.0,0.2772
2011-01-16 18:00:00,-0.2,51,-9.1,0.0,0.0,1.71,0.0,0.0
2011-01-16 19:00:00,-1.8,57,-9.1,0.0,0.0,1.9,0.0,0.0
2011-01-16 20:00:00,-2.9,58,-10.0,0.0,0.0,2.04,0.0,0.0
2011-01-16 21:00:00,-3.3,52,-11.7,0.0,0.0,1.81,0.0,0.0
2011-01-16 22:00:00,-3.2,50,-12.1,0.0,0.0,1.6,0.0,0.0
2011-01-16 23:00:00,-3.6,51,-12.4,0.0,0.0,1.7,0.0,0.0
2011-01-17 00:00:00,-3.4,49,-12.5,0.0,0.0,1.6,0.0,0.0
2011-01-17 01:00:00,-3.1,48,-12.5,0.0,0.0,1.33,0.0,0.0
2011-01-17 02:00:00,-2.4,43,-13.2,0.0,0.0,1.08,0.0,0.0
2011-01-17 03:00:00,-2.6,44,-13.1,0.0,0.0,1.77,0.0,0.0
2011-01-17 04:00:00,-1.8,42,-13.0,0.0,0.0,1.92,0.0,0.0
2011-01-17 05:00:00,-1.6,42,-12.8,0.0,0.0,2.1,0.0,0.0
2011-01-17 06:00:00,-1.6,43,-12.6,0.0,0.0,2.28,0.0,0.0
2011-01-17 07:00:00,-1.7,44,-12.3,0.0,0.0,2.33,0.0,0.0
2011-01-17 08:00:00,-1.8,46,-11.9,0.0,0.0,2.96,5.0,0.018
2011-01-17 09:00:00,-1.8,48,-11.5,0.0,0.0,3.44,38.0,0.1368
2011-01-17 10:00:00,-1.6,48,-11.1,0.0,0.0,3.51,87.0,0.3132
2011-01-17 11:00:00,-1.3,48,-10.8,0.0,0.0,3.2,153.0,0.5508
2011-01-17 12:00:00,-0.9,48,-10.5,0.0,0.0,3.21,182.0,0.6552
2011-01-17 13:00:00,-0.1,47,-10.0,0.0,0.0,3.21,285.0,1.026
2011-01-17 14:00:00,0.6,46,-9.8,0.0,0.0,3.16,263.0,0.9468
2011-01-17 15:00:00,0.5,48,-9.3,0.0,0.0,3.2,169.0,0.6083999999999999
2011-01-17 16:00:00,0.4,51,-8.6,0.0,0.0,3.1,129.0,0.4644
2011-01-17 17:00:00,-0.3,57,-7.8,0.0,0.0,2.7,37.0,0.13319999999999999
2011-01-17 18:00:00,-0.7,62,-7.1,0.0,0.07,3.06,0.0,0.0
2011-01-17 19:00:00,-0.9,68,-6.1,0.0,0.07,3.34,0.0,0.0
2011-01-17 20:00:00,-1.1,77,-4.6,0.0,0.21,3.26,0.0,0.0
2011-01-17 21:00:00,-1.2,84,-3.5,0.0,0.35,3.2,0.0,0.0
2011-01-17 22:00:00,-1.1,90,-2.6,0.3,0.42,3.04,0.0,0.0
2011-01-17 23:00:00,-0.9,95,-1.7,0.5,0.28,3.14,0.0,0.0
2011-01-18 00:00:00,-0.6,96,-1.2,0.8,0.14,3.41,0.0,0.0
2011-01-18 01:00:00,-0.2,97,-0.7,1.3,0.0,3.47,0.0,0.0
2011-01-18 02:00:00,-0.9,96,-1.4,0.7,0.0,3.19,0.0,0.0
2011-01-18 03:00:00,-0.6,98,-0.9,0.7,0.0,3.13,0.0,0.0
2011-01-18 04:00:00,-0.1,98,-0.4,0.3,0.0,3.3,0.0,0.0
2011-01-18 05:00:00,0.3,98,0.0,0.0,0.0,3.14,0.0,0.0
2011-01-18 06:00:00,0.4,99,0.2,0.0,0.0,3.57,0.0,0.0
2011-01-18 07:00:00,0.4,97,0.1,0.0,0.0,3.93,0.0,0.0
2011-01-18 08:00:00,0.2,97,-0.2,0.0,0.0,4.07,2.0,0.0072
2011-01-18 09:00:00,0.4,95,-0.3,0.0,0.0,4.05,27.0,0.0972
2011-01-18 10:00:00,0.7,92,-0.4,0.0,0.0,3.27,57.0,0.2052
2011-01-18 11:00:00,1.6,90,0.1,0.0,0.0,3.58,143.0,0.5148
2011-01-18 12:00:00,2.5,88,0.8,0.0,0.0,3.89,202.0,0.7272
2011-01-18 13:00:00,3.5,85,1.2,0.0,0.0,3.69,253.0,0.9107999999999999
2011-01-18 14:00:00,1.9,86,-0.3,0.0,0.0,3.08,144.0,0.5184
2011-01-18 15:00:00,2.6,83,0.1,0.0,0.0,2.92,169.0,0.6083999999999999
2011-01-18 16:00:00,2.7,83,0.1,0.0,0.0,3.26,124.0,0.44639999999999996
2011-01-18 17:00:00,1.7,88,-0.2,0.0,0.0,1.55,40.0,0.144
2011-01-18 18:00:00,0.5,91,-0.8,0.0,0.0,2.15,1.0,0.0036
2011-01-18 19:00:00,-0.3,92,-1.4,0.0,0.0,1.71,0.0,0.0
2011-01-18 20:00:00,-1.2,94,-2.0,0.0,0.0,1.84,0.0,0.0
2011-01-18 21:00:00,-1.5,94,-2.3,0.0,0.0,1.8,0.0,0.0
2011-01-18 22:00:00,-1.6,95,-2.3,0.0,0.0,1.77,0.0,0.0
2011-01-18 23:00:00,-1.4,95,-2.1,0.0,0.0,1.53,0.0,0.0
2011-01-19 00:00:00,-0.8,94,-1.7,0.3,0.0,1.71,0.0,0.0
2011-01-19 01:00:00,-0.3,94,-1.2,0.6,0.0,1.35,0.0,0.0
2011-01-19 02:00:00,-0.6,98,-0.9,0.4,0.0,1.7,0.0,0.0
2011-01-19 03:00:00,-0.1,98,-0.3,0.3,0.0,1.55,0.0,0.0
2011-01-19 04:00:00,0.3,98,0.1,0.1,0.0,1.1,0.0,0.0
2011-01-19 05:00:00,0.3,98,0.0,0.0,0.0,0.92,0.0,0.0
2011-01-19 06:00:00,-0.2,98,-0.4,0.0,0.0,1.12,0.0,0.0
2011-01-19 07:00:00,-0.9,99,-1.1,0.0,0.0,1.84,0.0,0.0
2011-01-19 08:00:00,-1.1,98,-1.4,0.0,0.0,2.3,13.0,0.0468
2011-01-19 09:00:00,1.3,96,0.8,0.0,0.0,2.28,124.0,0.44639999999999996
2011-01-19 10:00:00,5.2,88,3.4,0.0,0.0,2.06,284.0,1.0224
2011-01-19 11:00:00,7.0,78,3.5,0.0,0.0,2.61,385.0,1.386
2011-01-19 12:00:00,8.1,69,2.8,0.0,0.0,3.38,441.0,1.5876
2011-01-19 13:00:00,9.0,61,1.9,0.0,0.0,4.97,419.0,1.5084
2011-01-19 14:00:00,9.7,61,2.6,0.0,0.0,4.7,352.0,1.2671999999999999
2011-01-19 15:00:00,9.7,60,2.3,0.0,0.0,3.83,318.0,1.1448
2011-01-19 16:00:00,9.0,62,2.0,0.0,0.0,3.2,219.0,0.7884
2011-01-19 17:00:00,6.9,68,1.4,0.0,0.0,3.05,78.0,0.2808
2011-01-19 18:00:00,4.8,76,0.9,0.0,0.0,3.41,1.0,0.0036
2011-01-19 19:00:00,3.8,77,0.2,0.0,0.0,3.75,0.0,0.0
2011-01-19 20:00:00,3.2,76,-0.7,0.0,0.0,3.75,0.0,0.0
2011-01-19 21:00:00,2.5,75,-1.5,0.0,0.0,3.66,0.0,0.0
2011-01-19 22:00:00,1.7,76,-2.1,0.0,0.0,3.61,0.0,0.0
2011-01-19 23:00:00,0.9,77,-2.7,0.0,0.0,3.44,0.0,0.0
2011-01-20 00:00:00,0.3,77,-3.3,0.0,0.0,3.44,0.0,0.0
2011-01-20 01:00:00,-0.2,76,-4.0,0.0,0.0,2.84,0.0,0.0
2011-01-20 02:00:00,-0.0,82,-2.7,0.0,0.0,2.62,0.0,0.0
2011-01-20 03:00:00,-1.3,86,-3.4,0.0,0.0,2.28,0.0,0.0
2011-01-20 04:00:00,-2.1,86,-4.2,0.0,0.0,2.16,0.0,0.0
2011-01-20 05:00:00,-2.3,85,-4.5,0.0,0.0,2.34,0.0,0.0
2011-01-20 06:00:00,-1.7,81,-4.6,0.0,0.0,1.92,0.0,0.0
2011-01-20 07:00:00,-1.3,78,-4.7,0.0,0.0,1.36,0.0,0.0
2011-01-20 08:00:00,-0.6,75,-4.6,0.0,0.0,1.24,14.0,0.0504
2011-01-20 09:00:00,0.6,67,-4.8,0.0,0.0,0.94,99.0,0.3564
2011-01-20 10:00:00,1.4,60,-5.6,0.0,0.0,1.14,154.0,0.5544
2011-01-20 11:00:00,2.6,54,-5.8,0.0,0.0,1.02,288.0,1.0368
2011-01-20 12:00:00,3.6,53,-5.2,0.0,0.0,1.8,450.0,1.6199999999999999
2011-01-20 13:00:00,4.2,52,-4.8,0.0,0.0,1.97,476.0,1.7136
2011-01-20 14:00:00,5.4,52,-3.7,0.0,0.0,1.89,388.0,1.3968
2011-01-20 15:00:00,5.5,51,-3.9,0.0,0.0,1.52,256.0,0.9216
2011-01-20 16:00:00,5.2,52,-3.8,0.0,0.0,1.93,127.0,0.4572
2011-01-20 17:00:00,4.0,58,-3.5,0.0,0.0,1.98,45.0,0.162
2011-01-20 18:00:00,2.7,64,-3.4,0.0,0.0,2.98,1.0,0.0036
2011-01-20 19:00:00,1.8,68,-3.4,0.0,0.0,3.54,0.0,0.0
2011-01-20 20:00:00,1.3,72,-3.1,0.0,0.0,3.92,0.0,0.0
2011-01-20 21:00:00,1.0,75,-3.0,0.0,0.0,3.54,0.0,0.0
2011-01-20 22:00:00,1.1,75,-2.8,0.0,0.0,3.49,0.0,0.0
2011-01-20 23:00:00,1.4,76,-2.3,0.0,0.07,3.58,0.0,0.0
2011-01-21 00:00:00,1.6,81,-1.2,0.1,0.07,3.54,0.0,0.0
2011-01-21 01:00:00,1.8,88,0.1,0.3,0.07,2.91,0.0,0.0
2011-01-21 02:00:00,1.5,93,0.5,0.1,0.28,2.82,0.0,0.0
2011-01-21 03:00:00,1.4,95,0.7,0.1,0.28,3.61,0.0,0.0
2011-01-21 04:00:00,1.4,89,-0.2,0.0,0.0,5.41,0.0,0.0
2011-01-21 05:00:00,0.5,72,-4.0,0.0,0.0,4.94,0.0,0.0
2011-01-21 06:00:00,-0.6,63,-6.8,0.0,0.0,4.85,0.0,0.0
2011-01-21 07:00:00,-1.3,60,-8.0,0.0,0.0,5.1,0.0,0.0
2011-01-21 08:00:00,-1.6,59,-8.5,0.0,0.0,4.84,17.0,0.0612
2011-01-21 09:00:00,-1.3,54,-9.4,0.0,0.0,5.77,156.0,0.5616
2011-01-21 10:00:00,-0.8,48,-10.5,0.0,0.0,6.04,322.0,1.1592
2011-01-21 11:00:00,-0.5,40,-12.3,0.0,0.0,6.74,436.0,1.5695999999999999
2011-01-21 12:00:00,-0.6,35,-14.2,0.0,0.0,7.31,518.0,1.8648
2011-01-21 13:00:00,-0.8,33,-15.2,0.0,0.0,6.87,557.0,2.0052
2011-01-21 14:00:00,-0.7,32,-15.6,0.0,0.0,6.62,514.0,1.8504
2011-01-21 15:00:00,-1.2,30,-16.4,0.0,0.0,6.26,419.0,1.5084
2011-01-21 16:00:00,-1.9,29,-17.6,0.0,0.0,5.99,269.0,0.9683999999999999
2011-01-21 17:00:00,-2.8,28,-18.8,0.0,0.0,4.49,97.0,0.3492
2011-01-21 18:00:00,-3.6,29,-19.1,0.0,0.0,4.66,2.0,0.0072
2011-01-21 19:00:00,-4.2,30,-19.3,0.0,0.0,5.04,0.0,0.0
2011-01-21 20:00:00,-4.6,31,-19.2,0.0,0.0,5.23,0.0,0.0
2011-01-21 21:00:00,-5.0,32,-19.3,0.0,0.0,5.02,0.0,0.0
2011-01-21 22:00:00,-5.4,33,-19.2,0.0,0.0,4.89,0.0,0.0
2011-01-21 23:00:00,-5.7,34,-19.2,0.0,0.0,4.83,0.0,0.0
2011-01-22 00:00:00,-6.0,35,-19.2,0.0,0.0,4.72,0.0,0.0
2011-01-22 01:00:00,-6.3,35,-19.3,0.0,0.0,4.3,0.0,0.0
2011-01-22 02:00:00,-6.9,35,-19.8,0.0,0.0,4.08,0.0,0.0
2011-01-22 03:00:00,-6.9,34,-20.2,0.0,0.0,3.8,0.0,0.0
2011-01-22 04:00:00,-6.8,33,-20.5,0.0,0.0,3.52,0.0,0.0
2011-01-22 05:00:00,-6.7,32,-20.8,0.0,0.0,3.72,0.0,0.0
2011-01-22 06:00:00,-6.7,31,-21.1,0.0,0.0,3.31,0.0,0.0
2011-01-22 07:00:00,-6.6,30,-21.4,0.0,0.0,3.18,0.0,0.0
2011-01-22 08:00:00,-6.4,29,-21.4,0.0,0.0,2.67,13.0,0.0468
2011-01-22 09:00:00,-5.8,29,-21.2,0.0,0.0,2.51,98.0,0.3528
2011-01-22 10:00:00,-5.0,28,-20.9,0.0,0.0,2.0,213.0,0.7667999999999999
2011-01-22 11:00:00,-4.2,27,-20.5,0.0,0.0,1.5,303.0,1.0908
2011-01-22 12:00:00,-3.5,26,-20.2,0.0,0.0,1.55,369.0,1.3284
2011-01-22 13:00:00,-2.9,26,-19.9,0.0,0.0,1.66,387.0,1.3932
2011-01-22 14:00:00,-3.4,26,-20.3,0.0,0.0,1.66,389.0,1.4003999999999999
2011-01-22 15:00:00,-3.2,25,-20.3,0.0,0.0,1.66,347.0,1.2491999999999999
2011-01-22 16:00:00,-3.1,25,-20.5,0.0,0.0,1.75,255.0,0.9179999999999999
2011-01-22 17:00:00,-3.7,26,-20.5,0.0,0.0,0.4,100.0,0.36
2011-01-22 18:00:00,-4.6,29,-19.8,0.0,0.0,0.67,2.0,0.0072
2011-01-22 19:00:00,-5.8,33,-19.4,0.0,0.0,0.73,0.0,0.0
2011-01-22 20:00:00,-6.3,36,-19.1,0.0,0.0,0.82,0.0,0.0
2011-01-22 21:00:00,-5.5,34,-18.7,0.0,0.0,0.1,0.0,0.0
2011-01-22 22:00:00,-5.4,35,-18.4,0.0,0.0,1.1,0.0,0.0
2011-01-22 23:00:00,-6.9,40,-18.1,0.0,0.0,1.72,0.0,0.0
2011-01-23 00:00:00,-7.3,43,-17.9,0.0,0.0,2.2,0.0,0.0
2011-01-23 01:00:00,-7.5,44,-17.8,0.0,0.0,2.33,0.0,0.0
2011-01-23 02:00:00,-7.6,42,-18.5,0.0,0.0,2.38,0.0,0.0
2011-01-23 03:00:00,-7.5,42,-18.4,0.0,0.0,2.14,0.0,0.0
2011-01-23 04:00:00,-7.5,42,-18.3,0.0,0.0,2.2,0.0,0.0
2011-01-23 05:00:00,-7.3,41,-18.3,0.0,0.0,2.1,0.0,0.0
2011-01-23 06:00:00,-6.9,40,-18.2,0.0,0.0,2.12,0.0,0.0
2011-01-23 07:00:00,-6.4,40,-17.7,0.0,0.0,2.13,0.0,0.0
2011-01-23 08:00:00,-5.9,45,-15.9,0.0,0.0,2.78,13.0,0.0468
2011-01-23 09:00:00,-4.9,45,-14.9,0.0,0.0,3.86,129.0,0.4644
2011-01-23 10:00:00,-4.3,40,-16.0,0.0,0.0,4.6,292.0,1.0512
2011-01-23 11:00:00,-3.6,34,-17.1,0.0,0.0,4.88,431.0,1.5515999999999999
2011-01-23 12:00:00,-2.7,28,-18.7,0.0,0.0,4.9,541.0,1.9476
2011-01-23 13:00:00,-2.3,27,-18.7,0.0,0.0,5.0,565.0,2.034
2011-01-23 14:00:00,-1.4,25,-18.7,0.0,0.0,5.05,526.0,1.8936
2011-01-23 15:00:00,-1.4,25,-19.0,0.0,0.0,4.85,420.0,1.512
2011-01-23 16:00:00,-1.8,24,-19.5,0.0,0.0,4.74,275.0,0.99
2011-01-23 17:00:00,-2.6,26,-19.7,0.0,0.0,2.7,104.0,0.3744
2011-01-23 18:00:00,-3.6,27,-20.0,0.0,0.0,2.55,3.0,0.0108
2011-01-23 19:00:00,-4.3,28,-20.1,0.0,0.0,2.92,0.0,0.0
2011-01-23 20:00:00,-4.9,30,-19.8,0.0,0.0,3.09,0.0,0.0
2011-01-23 21:00:00,-5.5,32,-19.6,0.0,0.0,3.14,0.0,0.0
2011-01-23 22:00:00,-5.9,33,-19.6,0.0,0.0,3.18,0.0,0.0
2011-01-23 23:00:00,-6.3,34,-19.6,0.0,0.0,2.97,0.0,0.0
2011-01-24 00:00:00,-6.6,35,-19.6,0.0,0.0,2.89,0.0,0.0
2011-01-24 01:00:00,-7.0,36,-19.6,0.0,0.0,2.52,0.0,0.0
2011-01-24 02:00:00,-6.9,37,-19.1,0.0,0.0,2.1,0.0,0.0
2011-01-24 03:00:00,-7.5,39,-19.2,0.0,0.0,1.84,0.0,0.0
2011-01-24 04:00:00,-8.2,41,-19.2,0.0,0.0,1.75,0.0,0.0
2011-01-24 05:00:00,-8.6,42,-19.1,0.0,0.0,1.41,0.0,0.0
2011-01-24 06:00:00,-8.8,44,-19.0,0.0,0.0,1.53,0.0,0.0
2011-01-24 07:00:00,-8.8,44,-18.7,0.0,0.0,1.55,0.0,0.0
2011-01-24 08:00:00,-8.3,45,-18.1,0.0,0.0,1.6,19.0,0.0684
2011-01-24 09:00:00,-6.6,42,-17.4,0.0,0.0,1.84,160.0,0.576
2011-01-24 10:00:00,-5.0,38,-17.1,0.0,0.0,1.84,325.0,1.17
2011-01-24 11:00:00,-3.4,35,-16.8,0.0,0.0,2.1,443.0,1.5948
2011-01-24 12:00:00,-2.0,32,-16.4,0.0,0.0,2.45,484.0,1.7424
2011-01-24 13:00:00,-0.9,31,-15.7,0.0,0.0,2.62,483.0,1.7388
2011-01-24 14:00:00,-1.3,38,-13.7,0.0,0.0,2.91,379.0,1.3644
2011-01-24 15:00:00,-0.8,40,-12.6,0.0,0.0,3.03,347.0,1.2491999999999999
2011-01-24 16:00:00,-0.8,43,-11.8,0.0,0.0,2.94,261.0,0.9396
2011-01-24 17:00:00,-1.8,49,-11.1,0.0,0.0,1.7,99.0,0.3564
2011-01-24 18:00:00,-3.1,56,-10.6,0.0,0.0,2.28,3.0,0.0108
2011-01-24 19:00:00,-3.7,61,-10.1,0.0,0.0,2.3,0.0,0.0
2011-01-24 20:00:00,-4.0,64,-9.7,0.0,0.0,2.42,0.0,0.0
2011-01-24 21:00:00,-3.7,65,-9.3,0.0,0.0,2.51,0.0,0.0
2011-01-24 22:00:00,-3.0,64,-8.9,0.0,0.0,2.82,0.0,0.0
2011-01-24 23:00:00,-2.7,64,-8.6,0.0,0.0,3.03,0.0,0.0
2011-01-25 00:00:00,-2.9,66,-8.3,0.0,0.0,3.3,0.0,0.0
2011-01-25 01:00:00,-2.6,66,-8.0,0.0,0.0,3.41,0.0,0.0
2011-01-25 02:00:00,-2.4,63,-8.5,0.0,0.0,3.26,0.0,0.0
2011-01-25 03:00:00,-2.3,64,-8.3,0.0,0.0,3.01,0.0,0.0
2011-01-25 04:00:00,-2.5,66,-8.0,0.0,0.0,2.79,0.0,0.0
2011-01-25 05:00:00,-2.6,68,-7.7,0.0,0.0,2.16,0.0,0.0
2011-01-25 06:00:00,-2.9,71,-7.5,0.0,0.0,2.12,0.0,0.0
2011-01-25 07:00:00,-3.3,74,-7.3,0.0,0.0,2.01,0.0,0.0
2011-01-25 08:00:00,-3.1,74,-7.0,0.0,0.0,2.02,16.0,0.0576
2011-01-25 09:00:00,0.2,60,-6.6,0.0,0.0,1.84,143.0,0.5148
2011-01-25 10:00:00,2.4,52,-6.4,0.0,0.0,1.66,258.0,0.9288
2011-01-25 11:00:00,4.5,46,-6.1,0.0,0.0,1.78,335.0,1.206
2011-01-25 12:00:00,5.7,43,-5.8,0.0,0.0,1.28,316.0,1.1376
2011-01-25 13:00:00,6.5,42,-5.6,0.0,0.0,0.67,305.0,1.0979999999999999
2011-01-25 14:00:00,7.4,41,-5.0,0.0,0.0,0.41,360.0,1.296
2011-01-25 15:00:00,7.5,42,-4.6,0.0,0.0,0.4,282.0,1.0151999999999999
2011-01-25 16:00:00,7.0,45,-4.1,0.0,0.0,1.39,187.0,0.6732
2011-01-25 17:00:00,5.0,55,-3.3,0.0,0.0,1.63,79.0,0.2844
2011-01-25 18:00:00,2.5,67,-3.0,0.0,0.0,1.8,3.0,0.0108
2011-01-25 19:00:00,1.2,74,-2.9,0.0,0.0,2.16,0.0,0.0
2011-01-25 20:00:00,-0.0,82,-2.7,0.0,0.0,2.38,0.0,0.0
2011-01-25 21:00:00,-0.9,87,-2.9,0.0,0.0,2.73,0.0,0.0
2011-01-25 22:00:00,-1.4,88,-3.1,0.0,0.0,2.75,0.0,0.0
2011-01-25 23:00:00,-1.5,87,-3.3,0.0,0.0,2.56,0.0,0.0
2011-01-26 00:00:00,-1.3,87,-3.2,0.0,0.0,2.82,0.0,0.0
2011-01-26 01:00:00,-0.7,84,-3.1,0.0,0.0,2.91,0.0,0.0
2011-01-26 02:00:00,0.2,77,-3.4,0.0,0.0,2.71,0.0,0.0
2011-01-26 03:00:00,0.3,79,-2.9,0.1,0.42,2.51,0.0,0.0
2011-01-26 04:00:00,0.4,83,-2.2,0.0,0.42,2.61,0.0,0.0
2011-01-26 05:00:00,0.4,86,-1.6,0.0,0.77,2.78,0.0,0.0
2011-01-26 06:00:00,0.4,91,-1.0,0.0,1.47,3.71,0.0,0.0
2011-01-26 07:00:00,0.5,93,-0.5,0.1,0.84,3.94,0.0,0.0
2011-01-26 08:00:00,0.6,94,-0.3,0.2,0.28,4.18,4.0,0.0144
2011-01-26 09:00:00,0.7,95,0.0,0.2,0.14,4.24,16.0,0.0576
2011-01-26 10:00:00,1.0,95,0.3,0.0,0.07,4.56,38.0,0.1368
2011-01-26 11:00:00,1.4,91,0.1,0.0,0.0,5.11,61.0,0.2196
2011-01-26 12:00:00,1.8,90,0.4,0.0,0.0,6.02,74.0,0.26639999999999997
2011-01-26 13:00:00,1.9,91,0.6,0.0,0.0,5.09,66.0,0.2376
2011-01-26 14:00:00,1.6,91,0.4,0.0,0.0,5.94,62.0,0.22319999999999998
2011-01-26 15:00:00,1.4,93,0.4,0.9,0.0,5.81,56.0,0.2016
2011-01-26 16:00:00,1.0,94,0.1,1.5,0.21,5.51,34.0,0.1224
2011-01-26 17:00:00,0.6,95,-0.1,0.5,1.75,4.79,6.0,0.0216
2011-01-26 18:00:00,0.3,94,-0.5,0.1,2.17,6.28,0.0,0.0
2011-01-26 19:00:00,0.3,91,-1.0,0.0,1.89,6.59,0.0,0.0
2011-01-26 20:00:00,0.5,90,-0.9,0.0,1.68,5.91,0.0,0.0
2011-01-26 21:00:00,0.6,92,-0.6,0.0,1.68,5.87,0.0,0.0
2011-01-26 22:00:00,0.7,91,-0.5,0.0,1.05,6.19,0.0,0.0
2011-01-26 23:00:00,0.9,89,-0.6,0.0,0.35,5.92,0.0,0.0
2011-01-27 00:00:00,0.9,88,-0.9,0.0,0.07,5.52,0.0,0.0
2011-01-27 01:00:00,0.8,88,-1.0,0.0,0.0,5.28,0.0,0.0
2011-01-27 02:00:00,0.5,85,-1.7,0.0,0.0,5.19,0.0,0.0
2011-01-27 03:00:00,-0.1,86,-2.1,0.0,0.0,5.08,0.0,0.0
2011-01-27 04:00:00,-0.5,85,-2.7,0.0,0.0,4.88,0.0,0.0
2011-01-27 05:00:00,-0.9,83,-3.4,0.0,0.0,4.39,0.0,0.0
2011-01-27 06:00:00,-1.6,82,-4.3,0.0,0.0,4.48,0.0,0.0
2011-01-27 07:00:00,-2.5,81,-5.4,0.0,0.0,4.02,0.0,0.0
2011-01-27 08:00:00,-3.2,79,-6.3,0.0,0.0,3.67,22.0,0.07919999999999999
2011-01-27 09:00:00,-3.0,76,-6.6,0.0,0.0,3.14,163.0,0.5868
2011-01-27 10:00:00,-1.9,69,-6.7,0.0,0.0,3.58,343.0,1.2348
2011-01-27 11:00:00,-0.6,65,-6.4,0.0,0.0,4.56,489.0,1.7604
2011-01-27 12:00:00,0.5,60,-6.3,0.0,0.0,4.08,571.0,2.0556
2011-01-27 13:00:00,1.3,59,-6.0,0.0,0.0,4.07,574.0,2.0664
2011-01-27 14:00:00,1.6,59,-5.6,0.0,0.0,3.77,433.0,1.5588
2011-01-27 15:00:00,1.8,59,-5.4,0.0,0.0,3.45,285.0,1.026
2011-01-27 16:00:00,1.8,61,-5.0,0.0,0.0,2.69,201.0,0.7236
2011-01-27 17:00:00,0.4,76,-3.3,0.0,0.0,1.57,69.0,0.24839999999999998
2011-01-27 18:00:00,-0.3,71,-4.9,0.0,0.0,1.46,4.0,0.0144
2011-01-27 19:00:00,-2.4,80,-5.3,0.0,0.0,1.91,0.0,0.0
2011-01-27 20:00:00,-3.7,82,-6.3,0.0,0.0,1.91,0.0,0.0
2011-01-27 21:00:00,-4.0,80,-6.9,0.0,0.0,2.42,0.0,0.0
2011-01-27 22:00:00,-2.9,77,-6.4,0.0,0.0,3.0,0.0,0.0
2011-01-27 23:00:00,-3.5,78,-6.8,0.0,0.0,3.13,0.0,0.0
2011-01-28 00:00:00,-3.8,77,-7.2,0.0,0.0,3.1,0.0,0.0
2011-01-28 01:00:00,-3.7,77,-7.2,0.0,0.0,3.06,0.0,0.0
2011-01-28 02:00:00,-6.6,84,-8.9,0.0,0.0,3.01,0.0,0.0
2011-01-28 03:00:00,-6.3,86,-8.3,0.0,0.0,2.96,0.0,0.0
2011-01-28 04:00:00,-6.8,89,-8.3,0.0,0.0,2.86,0.0,0.0
2011-01-28 05:00:00,-7.1,91,-8.3,0.0,0.0,2.7,0.0,0.0
2011-01-28 06:00:00,-7.0,93,-8.0,0.0,0.0,2.77,0.0,0.0
2011-01-28 07:00:00,-6.4,94,-7.2,0.0,0.0,2.47,0.0,0.0
2011-01-28 08:00:00,-3.7,92,-4.8,0.0,0.07,2.26,17.0,0.0612
2011-01-28 09:00:00,-2.9,90,-4.4,0.0,0.0,1.2,107.0,0.3852
2011-01-28 10:00:00,-0.5,80,-3.5,0.0,0.0,0.91,211.0,0.7595999999999999
2011-01-28 11:00:00,0.1,84,-2.3,0.0,0.07,0.78,259.0,0.9324
2011-01-28 12:00:00,1.5,76,-2.2,0.0,0.14,0.54,241.0,0.8675999999999999
2011-01-28 13:00:00,1.8,81,-1.1,0.0,0.14,0.86,290.0,1.044
2011-01-28 14:00:00,1.7,80,-1.4,0.0,0.07,0.98,331.0,1.1916
2011-01-28 15:00:00,2.1,77,-1.5,0.0,0.0,1.53,285.0,1.026
2011-01-28 16:00:00,2.3,75,-1.6,0.0,0.0,1.57,200.0,0.72
2011-01-28 17:00:00,1.4,84,-1.1,0.0,0.0,1.48,75.0,0.27
2011-01-28 18:00:00,0.7,85,-1.5,0.0,0.0,1.84,4.0,0.0144
2011-01-28 19:00:00,-0.1,83,-2.7,0.0,0.0,2.21,0.0,0.0
2011-01-28 20:00:00,-2.5,89,-4.1,0.0,0.0,2.5,0.0,0.0
2011-01-28 21:00:00,-3.4,89,-5.0,0.0,0.0,2.69,0.0,0.0
2011-01-28 22:00:00,-2.5,85,-4.6,0.0,0.0,3.54,0.0,0.0
2011-01-28 23:00:00,-2.2,85,-4.4,0.0,0.0,3.28,0.0,0.0
2011-01-29 00:00:00,-3.5,88,-5.2,0.0,0.0,2.86,0.0,0.0
2011-01-29 01:00:00,-5.6,89,-7.1,0.0,0.0,2.79,0.0,0.0
2011-01-29 02:00:00,-6.9,90,-8.3,0.0,0.0,2.75,0.0,0.0
2011-01-29 03:00:00,-8.2,90,-9.5,0.0,0.0,2.53,0.0,0.0
2011-01-29 04:00:00,-9.2,90,-10.5,0.0,0.0,2.56,0.0,0.0
2011-01-29 05:00:00,-9.7,90,-11.1,0.0,0.0,2.86,0.0,0.0
2011-01-29 06:00:00,-9.9,89,-11.3,0.0,0.0,3.5,0.0,0.0
2011-01-29 07:00:00,-10.2,89,-11.6,0.0,0.0,3.31,0.0,0.0
2011-01-29 08:00:00,-8.0,86,-10.0,0.0,0.0,2.81,24.0,0.0864
2011-01-29 09:00:00,-4.6,74,-8.5,0.0,0.0,1.2,165.0,0.594
2011-01-29 10:00:00,-1.7,67,-7.1,0.0,0.0,1.08,241.0,0.8675999999999999
2011-01-29 11:00:00,-0.6,75,-4.4,0.0,0.0,1.53,225.0,0.8099999999999999
2011-01-29 12:00:00,1.4,62,-5.1,0.0,0.0,2.28,344.0,1.2384
2011-01-29 13:00:00,2.0,62,-4.4,0.0,0.0,3.04,336.0,1.2096
2011-01-29 14:00:00,2.2,65,-3.8,0.0,0.0,3.38,198.0,0.7128
2011-01-29 15:00:00,2.5,67,-2.9,0.0,0.0,2.64,139.0,0.5004
2011-01-29 16:00:00,2.4,74,-1.8,0.0,0.0,2.14,113.0,0.4068
2011-01-29 17:00:00,2.0,77,-1.6,0.0,0.0,1.49,65.0,0.23399999999999999
2011-01-29 18:00:00,0.8,84,-1.7,0.0,0.0,2.14,4.0,0.0144
2011-01-29 19:00:00,0.2,87,-1.6,0.0,0.0,2.11,0.0,0.0
2011-01-29 20:00:00,-1.1,91,-2.4,0.0,0.0,2.08,0.0,0.0
2011-01-29 21:00:00,-1.5,92,-2.7,0.0,0.0,2.0,0.0,0.0
2011-01-29 22:00:00,-1.6,92,-2.8,0.0,0.0,1.66,0.0,0.0
2011-01-29 23:00:00,-2.3,91,-3.5,0.0,0.0,2.11,0.0,0.0
2011-01-30 00:00:00,-3.7,92,-4.8,0.0,0.0,1.7,0.0,0.0
2011-01-30 01:00:00,-5.1,94,-6.0,0.0,0.0,2.06,0.0,0.0
2011-01-30 02:00:00,-5.3,90,-6.7,0.0,0.0,2.19,0.0,0.0
2011-01-30 03:00:00,-5.4,90,-6.8,0.0,0.0,2.4,0.0,0.0
2011-01-30 04:00:00,-6.2,91,-7.5,0.0,0.0,2.7,0.0,0.0
2011-01-30 05:00:00,-6.2,90,-7.5,0.0,0.0,2.11,0.0,0.0
2011-01-30 06:00:00,-6.0,89,-7.4,0.0,0.0,0.92,0.0,0.0
2011-01-30 07:00:00,-6.2,90,-7.5,0.0,0.0,1.26,0.0,0.0
2011-01-30 08:00:00,-5.2,89,-6.8,0.0,0.0,1.64,21.0,0.0756
2011-01-30 09:00:00,-1.7,80,-4.8,0.0,0.0,1.28,150.0,0.54
2011-01-30 10:00:00,-0.0,78,-3.3,0.0,0.0,0.64,279.0,1.0044
2011-01-30 11:00:00,2.9,72,-1.7,0.0,0.0,0.6,368.0,1.3248
2011-01-30 12:00:00,3.5,68,-1.9,0.0,0.0,0.95,428.0,1.5408
2011-01-30 13:00:00,4.0,66,-1.9,0.0,0.0,1.28,475.0,1.71
2011-01-30 14:00:00,4.0,75,0.0,0.0,0.0,1.9,503.0,1.8108
2011-01-30 15:00:00,4.1,74,-0.1,0.0,0.0,1.97,408.0,1.4687999999999999
2011-01-30 16:00:00,3.5,77,-0.1,0.0,0.0,1.56,250.0,0.9
2011-01-30 17:00:00,3.0,79,-0.3,0.0,0.0,1.99,102.0,0.36719999999999997
2011-01-30 18:00:00,2.0,80,-1.1,0.0,0.0,2.6,6.0,0.0216
2011-01-30 19:00:00,0.4,84,-2.0,0.0,0.0,2.21,0.0,0.0
2011-01-30 20:00:00,-0.6,86,-2.6,0.0,0.0,2.4,0.0,0.0
2011-01-30 21:00:00,-1.5,86,-3.5,0.0,0.0,2.7,0.0,0.0
2011-01-30 22:00:00,-2.2,86,-4.2,0.0,0.0,2.5,0.0,0.0
2011-01-30 23:00:00,-2.7,86,-4.7,0.0,0.0,2.41,0.0,0.0
2011-01-31 00:00:00,-3.3,86,-5.2,0.0,0.0,2.3,0.0,0.0
2011-01-31 01:00:00,-4.7,86,-6.7,0.0,0.0,2.1,0.0,0.0
2011-01-31 02:00:00,-4.5,86,-6.5,0.0,0.0,2.3,0.0,0.0
2011-01-31 03:00:00,-5.7,86,-7.7,0.0,0.0,2.82,0.0,0.0
2011-01-31 04:00:00,-6.8,85,-8.8,0.0,0.0,3.04,0.0,0.0
2011-01-31 05:00:00,-7.9,84,-10.1,0.0,0.0,2.56,0.0,0.0
2011-01-31 06:00:00,-8.6,83,-10.9,0.0,0.0,2.55,0.0,0.0
2011-01-31 07:00:00,-9.1,82,-11.5,0.0,0.0,2.83,0.0,0.0
2011-01-31 08:00:00,-8.8,81,-11.5,0.0,0.0,2.87,23.0,0.0828
2011-01-31 09:00:00,-7.0,76,-10.5,0.0,0.0,2.83,151.0,0.5436
2011-01-31 10:00:00,-5.0,71,-9.4,0.0,0.0,2.9,194.0,0.6984
2011-01-31 11:00:00,-4.2,69,-9.0,0.0,0.0,2.39,177.0,0.6372
2011-01-31 12:00:00,-3.5,67,-8.7,0.0,0.0,1.97,230.0,0.828
2011-01-31 13:00:00,-3.1,67,-8.4,0.0,0.0,1.92,183.0,0.6587999999999999
2011-01-31 14:00:00,-1.3,61,-7.9,0.0,0.0,2.01,234.0,0.8423999999999999
2011-01-31 15:00:00,-1.2,60,-7.9,0.0,0.0,2.09,177.0,0.6372
2011-01-31 16:00:00,-1.3,62,-7.7,0.0,0.0,2.1,94.0,0.3384
2011-01-31 17:00:00,-1.6,64,-7.5,0.0,0.0,1.84,44.0,0.15839999999999999
2011-01-31 18:00:00,-2.2,70,-6.9,0.0,0.0,1.92,2.0,0.0072
2011-01-31 19:00:00,-2.4,72,-6.8,0.0,0.0,2.04,0.0,0.0
2011-01-31 20:00:00,-2.4,73,-6.5,0.0,0.07,2.06,0.0,0.0
2011-01-31 21:00:00,-2.5,77,-6.1,0.0,0.07,2.09,0.0,0.0
2011-01-31 22:00:00,-2.6,80,-5.5,0.0,0.14,2.1,0.0,0.0
2011-01-31 23:00:00,-2.5,84,-4.9,0.0,0.14,2.11,0.0,0.0
2011-02-01 00:00:00,-2.4,87,-4.2,0.0,0.14,2.04,0.0,0.0
2011-02-01 01:00:00,-2.2,89,-3.7,0.0,0.14,1.61,0.0,0.0
2011-02-01 02:00:00,-2.0,83,-4.5,0.0,0.07,1.6,0.0,0.0
2011-02-01 03:00:00,-1.9,86,-3.9,0.0,0.0,1.61,0.0,0.0
2011-02-01 04:00:00,-1.8,88,-3.4,0.0,0.0,1.26,0.0,0.0
2011-02-01 05:00:00,-1.6,91,-2.9,0.0,0.0,1.21,0.0,0.0
2011-02-01 06:00:00,-1.3,90,-2.8,0.0,0.0,0.95,0.0,0.0
2011-02-01 07:00:00,-1.2,91,-2.5,0.0,0.0,0.85,0.0,0.0
2011-02-01 08:00:00,-0.9,91,-2.2,0.0,0.0,0.5,6.0,0.0216
2011-02-01 09:00:00,-0.1,86,-2.1,0.0,0.0,0.58,64.0,0.2304
2011-02-01 10:00:00,1.1,82,-1.5,0.0,0.0,0.85,122.0,0.4392
2011-02-01 11:00:00,2.1,82,-0.7,0.0,0.0,1.14,200.0,0.72
2011-02-01 12:00:00,3.6,78,0.2,0.0,0.0,1.52,369.0,1.3284
2011-02-01 13:00:00,4.6,77,0.9,0.0,0.0,1.43,415.0,1.494
2011-02-01 14:00:00,3.4,80,0.3,0.0,0.0,1.68,369.0,1.3284
2011-02-01 15:00:00,3.5,82,0.7,0.0,0.0,1.49,332.0,1.1952
2011-02-01 16:00:00,3.0,84,0.6,0.0,0.0,0.95,221.0,0.7956
2011-02-01 17:00:00,4.0,76,0.2,0.0,0.0,0.72,82.0,0.2952
2011-02-01 18:00:00,1.9,87,0.0,0.0,0.0,1.2,5.0,0.018
2011-02-01 19:00:00,0.9,92,-0.2,0.0,0.0,2.51,0.0,0.0
2011-02-01 20:00:00,0.5,94,-0.4,0.0,0.0,2.5,0.0,0.0
2011-02-01 21:00:00,0.9,93,-0.1,0.3,0.0,2.41,0.0,0.0
2011-02-01 22:00:00,0.9,94,0.1,0.5,0.0,3.2,0.0,0.0
2011-02-01 23:00:00,1.1,95,0.4,0.2,0.0,3.5,0.0,0.0
2011-02-02 00:00:00,1.3,96,0.7,0.3,0.0,3.6,0.0,0.0
2011-02-02 01:00:00,1.5,96,1.0,1.9,0.0,3.92,0.0,0.0
2011-02-02 02:00:00,1.3,98,0.9,3.0,0.0,2.75,0.0,0.0
2011-02-02 03:00:00,1.6,98,1.3,3.1,0.0,4.9,0.0,0.0
2011-02-02 04:00:00,2.3,99,2.1,0.7,0.0,5.31,0.0,0.0
2011-02-02 05:00:00,2.9,99,2.7,0.2,0.0,3.91,0.0,0.0
2011-02-02 06:00:00,3.6,99,3.5,0.5,0.0,1.8,0.0,0.0
2011-02-02 07:00:00,4.3,99,4.2,0.9,0.0,0.64,0.0,0.0
2011-02-02 08:00:00,3.6,100,3.6,0.7,0.0,0.63,1.0,0.0036
2011-02-02 09:00:00,3.9,100,3.8,0.3,0.0,1.1,8.0,0.0288
2011-02-02 10:00:00,5.2,99,5.1,0.2,0.0,2.06,27.0,0.0972
2011-02-02 11:00:00,8.3,99,8.1,0.0,0.0,2.62,89.0,0.3204
2011-02-02 12:00:00,11.0,95,10.2,0.0,0.0,3.26,207.0,0.7452
2011-02-02 13:00:00,13.7,85,11.2,0.0,0.0,3.47,429.0,1.5444
2011-02-02 14:00:00,12.7,87,10.6,0.0,0.0,2.93,339.0,1.2204
2011-02-02 15:00:00,11.8,86,9.4,0.1,0.0,4.0,224.0,0.8064
2011-02-02 16:00:00,9.2,78,5.5,0.0,0.0,5.95,86.0,0.3096
2011-02-02 17:00:00,7.1,63,0.5,0.0,0.0,7.02,86.0,0.3096
2011-02-02 18:00:00,4.7,53,-4.1,0.0,0.0,7.38,9.0,0.0324
2011-02-02 19:00:00,2.9,48,-7.1,0.0,0.0,6.69,0.0,0.0
2011-02-02 20:00:00,1.6,46,-8.8,0.0,0.0,5.68,0.0,0.0
2011-02-02 21:00:00,0.4,46,-9.8,0.0,0.0,5.55,0.0,0.0
2011-02-02 22:00:00,-0.5,47,-10.4,0.0,0.0,5.41,0.0,0.0
2011-02-02 23:00:00,-1.1,48,-10.8,0.0,0.0,5.46,0.0,0.0
2011-02-03 00:00:00,-1.7,50,-10.9,0.0,0.0,5.5,0.0,0.0
2011-02-03 01:00:00,-2.1,51,-11.0,0.0,0.0,5.46,0.0,0.0
2011-02-03 02:00:00,-1.8,52,-10.3,0.0,0.0,5.16,0.0,0.0
2011-02-03 03:00:00,-2.3,54,-10.4,0.0,0.0,5.19,0.0,0.0
2011-02-03 04:00:00,-2.7,54,-10.8,0.0,0.0,5.16,0.0,0.0
2011-02-03 05:00:00,-3.2,54,-11.3,0.0,0.0,4.38,0.0,0.0
2011-02-03 06:00:00,-3.7,54,-11.6,0.0,0.0,3.94,0.0,0.0
2011-02-03 07:00:00,-4.2,55,-12.0,0.0,0.0,3.89,0.0,0.0
2011-02-03 08:00:00,-4.5,55,-12.2,0.0,0.0,3.76,30.0,0.108
2011-02-03 09:00:00,-3.9,52,-12.3,0.0,0.0,5.02,183.0,0.6587999999999999
2011-02-03 10:00:00,-2.8,48,-12.2,0.0,0.0,4.88,358.0,1.2888
2011-02-03 11:00:00,-1.5,44,-12.1,0.0,0.0,4.53,496.0,1.7855999999999999
2011-02-03 12:00:00,-0.2,40,-12.3,0.0,0.0,4.19,582.0,2.0951999999999997
2011-02-03 13:00:00,0.8,41,-11.0,0.0,0.0,3.89,608.0,2.1888
2011-02-03 14:00:00,1.9,41,-9.9,0.0,0.0,3.75,555.0,1.998
2011-02-03 15:00:00,2.0,39,-10.4,0.0,0.0,3.54,457.0,1.6452
2011-02-03 16:00:00,1.8,38,-11.0,0.0,0.0,3.25,313.0,1.1268
2011-02-03 17:00:00,0.7,42,-10.7,0.0,0.0,1.34,138.0,0.49679999999999996
2011-02-03 18:00:00,-0.8,51,-9.8,0.0,0.0,1.65,11.0,0.039599999999999996
2011-02-03 19:00:00,-2.0,59,-8.8,0.0,0.0,2.2,0.0,0.0
2011-02-03 20:00:00,-1.0,45,-11.4,0.0,0.0,2.2,0.0,0.0
2011-02-03 21:00:00,-1.4,47,-11.3,0.0,0.0,1.65,0.0,0.0
2011-02-03 22:00:00,-1.6,49,-11.1,0.0,0.0,1.75,0.0,0.0
2011-02-03 23:00:00,-1.7,50,-10.8,0.0,0.0,1.73,0.0,0.0
2011-02-04 00:00:00,-1.9,51,-10.6,0.0,0.0,1.71,0.0,0.0
2011-02-04 01:00:00,-1.9,52,-10.6,0.0,0.0,1.9,0.0,0.0
2011-02-04 02:00:00,-1.3,48,-11.0,0.0,0.0,1.84,0.0,0.0
2011-02-04 03:00:00,-1.1,47,-11.0,0.0,0.0,1.84,0.0,0.0
2011-02-04 04:00:00,-1.4,48,-11.1,0.0,0.0,1.77,0.0,0.0
2011-02-04 05:00:00,-1.2,47,-11.2,0.0,0.0,1.61,0.0,0.0
2011-02-04 06:00:00,-1.3,47,-11.2,0.0,0.0,0.22,0.0,0.0
2011-02-04 07:00:00,-1.4,48,-11.1,0.0,0.0,0.63,0.0,0.0
2011-02-04 08:00:00,-1.2,49,-10.6,0.0,0.0,0.8,20.0,0.072
2011-02-04 09:00:00,-0.3,49,-9.9,0.0,0.0,1.5,105.0,0.378
2011-02-04 10:00:00,1.2,48,-8.7,0.0,0.0,1.33,219.0,0.7884
2011-02-04 11:00:00,2.5,48,-7.5,0.0,0.0,1.34,296.0,1.0655999999999999
2011-02-04 12:00:00,3.8,47,-6.6,0.0,0.0,1.88,385.0,1.386
2011-02-04 13:00:00,4.9,46,-5.7,0.0,0.0,2.51,475.0,1.71
2011-02-04 14:00:00,5.3,47,-5.0,0.0,0.0,2.64,473.0,1.7027999999999999
2011-02-04 15:00:00,5.4,47,-5.0,0.0,0.0,2.61,363.0,1.3068
2011-02-04 16:00:00,5.0,50,-4.6,0.0,0.0,2.33,249.0,0.8964
2011-02-04 17:00:00,3.3,58,-4.2,0.0,0.0,1.7,109.0,0.39239999999999997
2011-02-04 18:00:00,1.6,65,-4.3,0.0,0.0,2.1,8.0,0.0288
2011-02-04 19:00:00,0.8,69,-4.2,0.0,0.0,2.26,0.0,0.0
2011-02-04 20:00:00,0.4,71,-4.3,0.0,0.0,2.12,0.0,0.0
2011-02-04 21:00:00,0.1,73,-4.2,0.0,0.0,2.2,0.0,0.0
2011-02-04 22:00:00,-0.0,74,-4.0,0.0,0.0,2.2,0.0,0.0
2011-02-04 23:00:00,-0.4,77,-3.9,0.0,0.0,2.02,0.0,0.0
2011-02-05 00:00:00,0.3,76,-3.5,0.0,0.0,2.12,0.0,0.0
2011-02-05 01:00:00,0.8,76,-2.9,0.0,0.0,2.42,0.0,0.0
2011-02-05 02:00:00,1.1,73,-3.1,0.0,0.0,2.61,0.0,0.0
2011-02-05 03:00:00,1.2,76,-2.6,0.0,0.0,2.62,0.0,0.0
2011-02-05 04:00:00,1.4,78,-2.1,0.0,0.0,2.31,0.0,0.0
2011-02-05 05:00:00,1.4,80,-1.6,0.0,0.0,1.22,0.0,0.0
2011-02-05 06:00:00,1.5,82,-1.3,0.2,0.0,1.14,0.0,0.0
2011-02-05 07:00:00,1.5,85,-0.8,0.4,0.0,1.4,0.0,0.0
2011-02-05 08:00:00,1.4,90,-0.0,0.3,0.0,1.68,3.0,0.0108
2011-02-05 09:00:00,1.6,93,0.6,0.1,0.0,2.1,19.0,0.0684
2011-02-05 10:00:00,2.0,94,1.1,0.4,0.0,1.92,36.0,0.1296
2011-02-05 11:00:00,2.5,95,1.7,0.5,0.0,2.42,56.0,0.2016
2011-02-05 12:00:00,3.3,94,2.4,0.3,0.0,2.5,90.0,0.324
2011-02-05 13:00:00,3.4,97,3.0,0.4,0.0,2.16,57.0,0.2052
2011-02-05 14:00:00,2.1,99,1.9,0.1,0.0,2.12,41.0,0.1476
2011-02-05 15:00:00,2.5,99,2.3,0.2,0.0,1.7,44.0,0.15839999999999999
2011-02-05 16:00:00,2.9,100,2.9,0.2,0.0,2.5,36.0,0.1296
2011-02-05 17:00:00,3.6,99,3.5,0.0,0.0,2.65,17.0,0.0612
2011-02-05 18:00:00,4.6,99,4.4,0.0,0.0,4.03,2.0,0.0072
2011-02-05 19:00:00,5.1,96,4.5,0.0,0.0,5.46,0.0,0.0
2011-02-05 20:00:00,5.0,95,4.3,0.0,0.0,5.06,0.0,0.0
2011-02-05 21:00:00,4.5,93,3.4,0.0,0.0,4.68,0.0,0.0
2011-02-05 22:00:00,3.4,87,1.5,0.0,0.0,4.71,0.0,0.0
2011-02-05 23:00:00,2.4,85,0.2,0.0,0.0,4.77,0.0,0.0
2011-02-06 00:00:00,1.8,83,-0.8,0.0,0.0,5.06,0.0,0.0
2011-02-06 01:00:00,1.3,80,-1.7,0.0,0.0,4.93,0.0,0.0
2011-02-06 02:00:00,1.7,79,-1.6,0.0,0.0,5.1,0.0,0.0
2011-02-06 03:00:00,1.5,78,-2.0,0.0,0.0,5.05,0.0,0.0
2011-02-06 04:00:00,1.1,77,-2.4,0.0,0.0,4.96,0.0,0.0
2011-02-06 05:00:00,0.7,76,-3.1,0.0,0.0,3.86,0.0,0.0
2011-02-06 06:00:00,0.3,75,-3.7,0.0,0.0,2.47,0.0,0.0
2011-02-06 07:00:00,-0.1,75,-4.0,0.0,0.0,2.18,0.0,0.0
2011-02-06 08:00:00,0.0,76,-3.8,0.0,0.0,2.26,35.0,0.126
2011-02-06 09:00:00,1.9,69,-3.2,0.0,0.0,2.38,192.0,0.6912
2011-02-06 10:00:00,3.6,61,-3.2,0.0,0.0,3.36,363.0,1.3068
2011-02-06 11:00:00,4.9,57,-2.8,0.0,0.0,2.94,498.0,1.7928
2011-02-06 12:00:00,6.2,54,-2.5,0.0,0.0,2.28,582.0,2.0951999999999997
2011-02-06 13:00:00,7.3,51,-2.2,0.0,0.0,1.84,605.0,2.178
2011-02-06 14:00:00,8.3,48,-2.0,0.0,0.0,1.7,564.0,2.0303999999999998
2011-02-06 15:00:00,8.4,48,-2.0,0.0,0.0,1.96,440.0,1.5839999999999999
2011-02-06 16:00:00,8.2,48,-2.3,0.0,0.0,1.65,282.0,1.0151999999999999
2011-02-06 17:00:00,7.5,52,-1.7,0.0,0.0,0.85,111.0,0.3996
2011-02-06 18:00:00,6.9,53,-2.1,0.0,0.0,1.61,10.0,0.036
2011-02-06 19:00:00,3.9,73,-0.5,0.0,0.0,1.7,0.0,0.0
2011-02-06 20:00:00,2.1,79,-1.2,0.0,0.0,1.53,0.0,0.0
2011-02-06 21:00:00,1.0,82,-1.6,0.0,0.0,1.51,0.0,0.0
2011-02-06 22:00:00,0.4,84,-2.1,0.0,0.0,1.44,0.0,0.0
2011-02-06 23:00:00,-0.3,85,-2.5,0.0,0.0,1.5,0.0,0.0
2011-02-07 00:00:00,-0.8,86,-2.9,0.0,0.0,1.7,0.0,0.0
2011-02-07 01:00:00,-1.2,87,-3.1,0.0,0.0,1.84,0.0,0.0
2011-02-07 02:00:00,-0.7,83,-3.2,0.0,0.0,1.8,0.0,0.0
2011-02-07 03:00:00,-0.9,84,-3.2,0.0,0.0,1.75,0.0,0.0
2011-02-07 04:00:00,-1.4,87,-3.3,0.0,0.0,1.62,0.0,0.0
2011-02-07 05:00:00,-1.4,88,-3.1,0.0,0.0,1.03,0.0,0.0
2011-02-07 06:00:00,-0.9,88,-2.6,0.0,0.0,1.17,0.0,0.0
2011-02-07 07:00:00,-0.4,88,-2.1,0.0,0.0,0.92,0.0,0.0
2011-02-07 08:00:00,-0.3,89,-1.9,0.0,0.0,0.99,36.0,0.1296
2011-02-07 09:00:00,2.3,81,-0.6,0.0,0.0,1.1,191.0,0.6876
2011-02-07 10:00:00,5.1,72,0.5,0.0,0.0,0.95,359.0,1.2924
2011-02-07 11:00:00,7.3,65,1.2,0.0,0.0,1.34,496.0,1.7855999999999999
2011-02-07 12:00:00,9.1,60,1.7,0.0,0.0,1.27,575.0,2.07
2011-02-07 13:00:00,10.1,58,2.1,0.0,0.0,1.58,554.0,1.9944
2011-02-07 14:00:00,9.6,59,1.9,0.0,0.0,2.14,386.0,1.3896
2011-02-07 15:00:00,9.3,60,2.0,0.0,0.0,2.5,262.0,0.9431999999999999
2011-02-07 16:00:00,8.5,65,2.4,0.0,0.0,2.78,132.0,0.4752
2011-02-07 17:00:00,7.2,73,2.6,0.0,0.0,2.24,51.0,0.18359999999999999
2011-02-07 18:00:00,6.0,81,2.9,0.0,0.0,2.75,5.0,0.018
2011-02-07 19:00:00,5.3,87,3.3,0.2,0.0,2.82,0.0,0.0
2011-02-07 20:00:00,4.7,92,3.5,0.2,0.0,2.69,0.0,0.0
2011-02-07 21:00:00,4.2,95,3.4,0.1,0.0,2.47,0.0,0.0
2011-02-07 22:00:00,3.8,96,3.2,0.0,0.0,2.33,0.0,0.0
2011-02-07 23:00:00,3.4,98,3.1,0.0,0.0,2.4,0.0,0.0
2011-02-08 00:00:00,2.8,99,2.6,0.0,0.0,1.8,0.0,0.0
2011-02-08 01:00:00,3.3,98,3.0,0.0,0.0,2.02,0.0,0.0
2011-02-08 02:00:00,2.7,99,2.5,0.0,0.0,2.48,0.0,0.0
2011-02-08 03:00:00,2.8,98,2.6,0.0,0.0,2.53,0.0,0.0
2011-02-08 04:00:00,2.5,98,2.2,0.0,0.0,3.65,0.0,0.0
2011-02-08 05:00:00,2.6,94,1.7,0.0,0.0,4.43,0.0,0.0
2011-02-08 06:00:00,1.6,90,0.2,0.0,0.0,5.0,0.0,0.0
2011-02-08 07:00:00,0.4,85,-1.7,0.0,0.0,5.16,0.0,0.0
2011-02-08 08:00:00,0.0,80,-3.0,0.0,0.0,5.68,39.0,0.1404
2011-02-08 09:00:00,0.5,66,-5.1,0.0,0.0,5.95,207.0,0.7452
2011-02-08 10:00:00,1.0,52,-7.8,0.0,0.0,7.57,382.0,1.3752
2011-02-08 11:00:00,1.3,44,-9.7,0.0,0.0,7.66,524.0,1.8863999999999999
2011-02-08 12:00:00,1.6,40,-10.4,0.0,0.0,7.19,625.0,2.25
2011-02-08 13:00:00,1.8,39,-10.8,0.0,0.0,7.17,612.0,2.2032
2011-02-08 14:00:00,2.4,36,-11.1,0.0,0.0,7.92,466.0,1.6776
2011-02-08 15:00:00,2.3,36,-11.3,0.0,0.0,7.96,330.0,1.188
2011-02-08 16:00:00,2.0,35,-11.8,0.0,0.0,7.05,291.0,1.0475999999999999
2011-02-08 17:00:00,1.0,34,-13.1,0.0,0.0,5.75,163.0,0.5868
2011-02-08 18:00:00,-0.3,33,-14.5,0.0,0.0,5.38,17.0,0.0612
2011-02-08 19:00:00,-1.3,34,-15.3,0.0,0.0,5.14,0.0,0.0
2011-02-08 20:00:00,-2.2,33,-16.4,0.0,0.0,5.33,0.0,0.0
2011-02-08 21:00:00,-2.8,31,-17.5,0.0,0.0,5.41,0.0,0.0
2011-02-08 22:00:00,-3.5,31,-18.3,0.0,0.0,5.33,0.0,0.0
2011-02-08 23:00:00,-4.2,32,-18.5,0.0,0.0,5.2,0.0,0.0
2011-02-09 00:00:00,-4.9,33,-18.6,0.0,0.0,4.95,0.0,0.0
2011-02-09 01:00:00,-5.4,34,-18.8,0.0,0.0,4.6,0.0,0.0
2011-02-09 02:00:00,-5.2,35,-18.2,0.0,0.0,4.31,0.0,0.0
2011-02-09 03:00:00,-5.4,36,-18.2,0.0,0.0,4.18,0.0,0.0
2011-02-09 04:00:00,-5.5,36,-18.3,0.0,0.0,3.75,0.0,0.0
2011-02-09 05:00:00,-5.5,36,-18.4,0.0,0.0,3.7,0.0,0.0
2011-02-09 06:00:00,-5.5,35,-18.5,0.0,0.0,3.16,0.0,0.0
2011-02-09 07:00:00,-5.5,35,-18.7,0.0,0.0,2.85,0.0,0.0
2011-02-09 08:00:00,-4.7,33,-18.7,0.0,0.0,2.72,32.0,0.1152
2011-02-09 09:00:00,-3.2,30,-18.3,0.0,0.0,2.5,199.0,0.7163999999999999
2011-02-09 10:00:00,-1.8,28,-17.9,0.0,0.0,2.26,388.0,1.3968
2011-02-09 11:00:00,-0.4,27,-17.0,0.0,0.0,2.11,495.0,1.782
2011-02-09 12:00:00,0.8,32,-13.9,0.0,0.0,2.14,576.0,2.0736
2011-02-09 13:00:00,1.7,32,-13.2,0.0,0.0,2.75,616.0,2.2176
2011-02-09 14:00:00,1.9,31,-13.4,0.0,0.0,3.41,502.0,1.8072
2011-02-09 15:00:00,1.6,32,-13.2,0.0,0.0,3.76,256.0,0.9216
2011-02-09 16:00:00,1.2,35,-12.5,0.0,0.0,3.58,141.0,0.5075999999999999
2011-02-09 17:00:00,0.4,40,-11.6,0.0,0.0,2.52,62.0,0.22319999999999998
2011-02-09 18:00:00,-0.5,46,-10.7,0.0,0.0,2.56,7.0,0.0252
2011-02-09 19:00:00,-0.8,51,-9.7,0.0,0.07,2.75,0.0,0.0
2011-02-09 20:00:00,-0.9,55,-8.9,0.0,0.07,2.94,0.0,0.0
2011-02-09 21:00:00,-1.0,58,-8.3,0.0,0.07,2.72,0.0,0.0
2011-02-09 22:00:00,-1.1,61,-7.8,0.0,0.07,2.41,0.0,0.0
2011-02-09 23:00:00,-1.3,64,-7.2,0.0,0.07,2.33,0.0,0.0
2011-02-10 00:00:00,-1.5,67,-6.8,0.0,0.07,1.91,0.0,0.0
2011-02-10 01:00:00,-1.6,64,-7.6,0.0,0.07,1.88,0.0,0.0
2011-02-10 02:00:00,-2.1,66,-7.6,0.0,0.0,1.88,0.0,0.0
2011-02-10 03:00:00,-2.3,61,-8.9,0.0,0.0,2.48,0.0,0.0
2011-02-10 04:00:00,-2.4,53,-10.8,0.0,0.0,3.33,0.0,0.0
2011-02-10 05:00:00,-2.5,46,-12.5,0.0,0.0,3.96,0.0,0.0
2011-02-10 06:00:00,-2.9,44,-13.4,0.0,0.0,4.44,0.0,0.0
2011-02-10 07:00:00,-3.4,45,-13.7,0.0,0.0,4.19,0.0,0.0
2011-02-10 08:00:00,-3.8,44,-14.4,0.0,0.0,4.58,44.0,0.15839999999999999
2011-02-10 09:00:00,-3.4,40,-15.0,0.0,0.0,4.74,214.0,0.7704
2011-02-10 10:00:00,-2.7,35,-16.1,0.0,0.0,4.66,404.0,1.4544
2011-02-10 11:00:00,-1.9,32,-16.3,0.0,0.0,4.55,547.0,1.9691999999999998
2011-02-10 12:00:00,-1.2,31,-16.1,0.0,0.0,4.6,639.0,2.3004
2011-02-10 13:00:00,-0.7,28,-16.9,0.0,0.0,4.46,668.0,2.4048
2011-02-10 14:00:00,-0.1,29,-16.1,0.0,0.0,4.25,625.0,2.25
2011-02-10 15:00:00,-0.0,28,-16.5,0.0,0.0,3.89,521.0,1.8756
2011-02-10 16:00:00,-0.2,27,-17.1,0.0,0.0,3.54,366.0,1.3175999999999999
2011-02-10 17:00:00,-1.0,27,-17.7,0.0,0.0,1.72,178.0,0.6408
2011-02-10 18:00:00,-2.5,31,-17.4,0.0,0.0,1.4,22.0,0.07919999999999999
2011-02-10 19:00:00,-3.9,47,-13.5,0.0,0.0,1.3,0.0,0.0
2011-02-10 20:00:00,-3.5,31,-18.0,0.0,0.0,0.54,0.0,0.0
2011-02-10 21:00:00,-3.1,28,-19.0,0.0,0.0,0.45,0.0,0.0
2011-02-10 22:00:00,-3.3,29,-18.7,0.0,0.0,0.63,0.0,0.0
2011-02-10 23:00:00,-3.4,29,-18.8,0.0,0.0,0.89,0.0,0.0
2011-02-11 00:00:00,-3.5,30,-18.5,0.0,0.0,1.53,0.0,0.0
2011-02-11 01:00:00,-3.7,31,-18.3,0.0,0.0,1.6,0.0,0.0
2011-02-11 02:00:00,-5.8,46,-15.7,0.0,0.0,1.58,0.0,0.0
2011-02-11 03:00:00,-6.4,50,-15.0,0.0,0.0,1.52,0.0,0.0
2011-02-11 04:00:00,-6.5,55,-14.0,0.0,0.0,1.53,0.0,0.0
2011-02-11 05:00:00,-6.6,63,-12.6,0.0,0.0,1.97,0.0,0.0
2011-02-11 06:00:00,-6.7,72,-10.9,0.0,0.0,1.58,0.0,0.0
2011-02-11 07:00:00,-6.8,81,-9.4,0.0,0.0,1.75,0.0,0.0
2011-02-11 08:00:00,-5.8,82,-8.3,0.0,0.0,2.12,49.0,0.1764
2011-02-11 09:00:00,-2.6,67,-7.8,0.0,0.0,1.33,225.0,0.8099999999999999
2011-02-11 10:00:00,0.2,51,-8.7,0.0,0.0,1.14,407.0,1.4652
2011-02-11 11:00:00,2.7,37,-10.7,0.0,0.0,1.14,551.0,1.9836
2011-02-11 12:00:00,4.5,28,-12.5,0.0,0.0,1.12,639.0,2.3004
2011-02-11 13:00:00,5.8,24,-13.4,0.0,0.0,1.39,663.0,2.3868
2011-02-11 14:00:00,6.0,31,-9.9,0.0,0.0,1.71,622.0,2.2392
2011-02-11 15:00:00,6.0,30,-10.3,0.0,0.0,1.75,519.0,1.8683999999999998
2011-02-11 16:00:00,5.7,30,-10.4,0.0,0.0,1.58,364.0,1.3104
2011-02-11 17:00:00,4.5,35,-9.7,0.0,0.0,1.36,178.0,0.6408
2011-02-11 18:00:00,1.7,42,-9.9,0.0,0.0,2.0,23.0,0.0828
2011-02-11 19:00:00,-0.4,52,-9.2,0.0,0.0,2.57,0.0,0.0
2011-02-11 20:00:00,-1.6,62,-7.9,0.0,0.0,2.64,0.0,0.0
2011-02-11 21:00:00,-2.7,72,-7.0,0.0,0.0,2.3,0.0,0.0
2011-02-11 22:00:00,-3.5,78,-6.8,0.0,0.0,1.92,0.0,0.0
2011-02-11 23:00:00,-4.0,80,-7.0,0.0,0.0,1.99,0.0,0.0
2011-02-12 00:00:00,-4.3,80,-7.3,0.0,0.0,1.71,0.0,0.0
2011-02-12 01:00:00,-4.4,78,-7.6,0.0,0.0,1.58,0.0,0.0
2011-02-12 02:00:00,-2.8,76,-6.4,0.0,0.0,1.56,0.0,0.0
2011-02-12 03:00:00,-3.6,78,-6.9,0.0,0.0,1.7,0.0,0.0
2011-02-12 04:00:00,-4.2,77,-7.5,0.0,0.0,1.75,0.0,0.0
2011-02-12 05:00:00,-4.7,76,-8.3,0.0,0.0,1.66,0.0,0.0
2011-02-12 06:00:00,-4.8,69,-9.5,0.0,0.0,1.84,0.0,0.0
2011-02-12 07:00:00,-4.7,59,-11.5,0.0,0.0,2.42,0.0,0.0
2011-02-12 08:00:00,-3.2,48,-12.6,0.0,0.0,3.08,49.0,0.1764
2011-02-12 09:00:00,1.6,33,-13.1,0.0,0.0,3.16,220.0,0.7919999999999999
2011-02-12 10:00:00,4.1,28,-12.9,0.0,0.0,4.09,380.0,1.3679999999999999
2011-02-12 11:00:00,6.1,29,-10.5,0.0,0.0,5.8,531.0,1.9116
2011-02-12 12:00:00,7.6,31,-8.6,0.0,0.0,8.35,635.0,2.286
2011-02-12 13:00:00,7.6,37,-6.3,0.0,0.0,7.78,610.0,2.1959999999999997
2011-02-12 14:00:00,7.0,36,-7.0,0.0,0.0,7.54,558.0,2.0088
2011-02-12 15:00:00,6.8,35,-7.8,0.0,0.0,7.28,466.0,1.6776
2011-02-12 16:00:00,6.4,36,-7.6,0.0,0.0,6.04,324.0,1.1663999999999999
2011-02-12 17:00:00,5.1,40,-7.5,0.0,0.0,3.92,169.0,0.6083999999999999
2011-02-12 18:00:00,2.4,48,-7.6,0.0,0.0,2.63,23.0,0.0828
2011-02-12 19:00:00,1.0,53,-7.4,0.0,0.0,2.61,0.0,0.0
2011-02-12 20:00:00,-0.0,57,-7.4,0.0,0.0,2.53,0.0,0.0
2011-02-12 21:00:00,-1.0,63,-7.2,0.0,0.0,2.28,0.0,0.0
2011-02-12 22:00:00,-2.2,70,-6.9,0.0,0.0,2.09,0.0,0.0
2011-02-12 23:00:00,-2.8,72,-7.1,0.0,0.0,2.02,0.0,0.0
2011-02-13 00:00:00,-2.6,70,-7.3,0.0,0.0,1.8,0.0,0.0
2011-02-13 01:00:00,-2.4,69,-7.4,0.0,0.0,1.7,0.0,0.0
2011-02-13 02:00:00,-1.7,64,-7.6,0.0,0.0,1.81,0.0,0.0
2011-02-13 03:00:00,-1.4,64,-7.4,0.0,0.0,1.43,0.0,0.0
2011-02-13 04:00:00,-1.4,66,-7.0,0.0,0.0,1.7,0.0,0.0
2011-02-13 05:00:00,-1.7,68,-6.8,0.0,0.0,2.02,0.0,0.0
2011-02-13 06:00:00,-1.6,70,-6.4,0.0,0.0,2.28,0.0,0.0
2011-02-13 07:00:00,-1.1,69,-6.1,0.0,0.0,2.75,0.0,0.0
2011-02-13 08:00:00,0.2,65,-5.6,0.0,0.0,3.48,25.0,0.09
2011-02-13 09:00:00,2.7,58,-4.9,0.0,0.0,4.08,124.0,0.44639999999999996
2011-02-13 10:00:00,4.9,52,-4.1,0.0,0.0,4.65,241.0,0.8675999999999999
2011-02-13 11:00:00,7.1,47,-3.5,0.0,0.0,5.46,450.0,1.6199999999999999
2011-02-13 12:00:00,8.2,45,-3.1,0.0,0.0,5.51,493.0,1.7748
2011-02-13 13:00:00,9.7,42,-2.5,0.0,0.0,5.32,577.0,2.0772
2011-02-13 14:00:00,11.2,40,-2.0,0.0,0.0,5.28,468.0,1.6847999999999999
2011-02-13 15:00:00,11.3,41,-1.4,0.0,0.0,5.01,315.0,1.134
2011-02-13 16:00:00,11.4,42,-1.1,0.0,0.0,5.23,251.0,0.9036
2011-02-13 17:00:00,10.7,42,-1.7,0.0,0.0,4.79,150.0,0.54
2011-02-13 18:00:00,9.3,44,-2.4,0.0,0.0,4.53,22.0,0.07919999999999999
2011-02-13 19:00:00,8.5,46,-2.4,0.0,0.0,4.88,0.0,0.0
2011-02-13 20:00:00,8.2,48,-2.3,0.0,0.0,5.15,0.0,0.0
2011-02-13 21:00:00,7.8,49,-2.3,0.0,0.0,5.3,0.0,0.0
2011-02-13 22:00:00,7.4,50,-2.3,0.0,0.0,5.27,0.0,0.0
2011-02-13 23:00:00,7.1,51,-2.3,0.0,0.0,5.35,0.0,0.0
2011-02-14 00:00:00,6.8,52,-2.3,0.0,0.0,5.33,0.0,0.0
2011-02-14 01:00:00,6.4,54,-2.3,0.0,0.0,5.3,0.0,0.0
2011-02-14 02:00:00,6.7,51,-2.8,0.0,0.0,5.14,0.0,0.0
2011-02-14 03:00:00,6.3,53,-2.7,0.0,0.0,4.94,0.0,0.0
2011-02-14 04:00:00,5.9,54,-2.6,0.0,0.0,4.94,0.0,0.0
2011-02-14 05:00:00,5.6,55,-2.6,0.0,0.0,4.7,0.0,0.0
2011-02-14 06:00:00,5.5,56,-2.6,0.0,0.0,4.88,0.0,0.0
2011-02-14 07:00:00,5.3,57,-2.5,0.0,0.0,5.04,0.0,0.0
2011-02-14 08:00:00,6.0,57,-2.0,0.0,0.0,5.3,54.0,0.1944
2011-02-14 09:00:00,8.0,54,-0.7,0.0,0.0,4.74,206.0,0.7415999999999999
2011-02-14 10:00:00,10.0,49,-0.2,0.0,0.0,5.16,318.0,1.1448
2011-02-14 11:00:00,12.3,44,0.5,0.0,0.0,5.37,518.0,1.8648
2011-02-14 12:00:00,14.4,40,1.1,0.0,0.0,5.59,627.0,2.2572
2011-02-14 13:00:00,15.8,37,1.1,0.0,0.0,6.69,655.0,2.358
2011-02-14 14:00:00,17.3,32,0.3,0.1,0.0,7.52,610.0,2.1959999999999997
2011-02-14 15:00:00,15.7,38,1.3,0.0,0.0,8.23,427.0,1.5372
2011-02-14 16:00:00,13.8,42,1.2,0.0,0.0,7.84,255.0,0.9179999999999999
2011-02-14 17:00:00,11.6,45,0.1,0.0,0.0,7.38,177.0,0.6372
2011-02-14 18:00:00,9.5,50,-0.5,0.0,0.0,6.69,25.0,0.09
2011-02-14 19:00:00,7.9,56,-0.4,0.0,0.0,6.75,0.0,0.0
2011-02-14 20:00:00,6.7,59,-0.7,0.0,0.0,7.34,0.0,0.0
2011-02-14 21:00:00,5.5,59,-1.9,0.0,0.0,7.46,0.0,0.0
2011-02-14 22:00:00,4.3,56,-3.8,0.0,0.0,7.39,0.0,0.0
2011-02-14 23:00:00,3.1,54,-5.4,0.0,0.0,7.3,0.0,0.0
2011-02-15 00:00:00,2.0,54,-6.4,0.0,0.0,7.22,0.0,0.0
2011-02-15 01:00:00,1.1,53,-7.4,0.0,0.0,7.07,0.0,0.0
2011-02-15 02:00:00,1.9,56,-6.0,0.0,0.0,6.79,0.0,0.0
2011-02-15 03:00:00,1.1,54,-7.3,0.0,0.0,6.76,0.0,0.0
2011-02-15 04:00:00,0.3,52,-8.5,0.0,0.0,6.74,0.0,0.0
2011-02-15 05:00:00,-0.5,51,-9.4,0.0,0.0,5.34,0.0,0.0
2011-02-15 06:00:00,-1.0,51,-9.8,0.0,0.0,4.47,0.0,0.0
2011-02-15 07:00:00,-1.5,54,-9.6,0.0,0.0,3.82,0.0,0.0
2011-02-15 08:00:00,-1.2,57,-8.7,0.0,0.0,3.48,61.0,0.2196
2011-02-15 09:00:00,-0.1,51,-9.2,0.0,0.0,4.38,243.0,0.8748
2011-02-15 10:00:00,1.1,46,-9.3,0.0,0.0,4.1,425.0,1.53
2011-02-15 11:00:00,2.4,41,-9.4,0.0,0.0,3.75,568.0,2.0448
2011-02-15 12:00:00,3.8,38,-9.4,0.0,0.0,3.47,657.0,2.3651999999999997
2011-02-15 13:00:00,5.0,34,-9.6,0.0,0.0,3.26,681.0,2.4516
2011-02-15 14:00:00,6.5,32,-9.2,0.0,0.0,3.12,638.0,2.2967999999999997
2011-02-15 15:00:00,6.9,30,-9.4,0.0,0.0,2.88,534.0,1.9223999999999999
2011-02-15 16:00:00,6.8,29,-9.9,0.0,0.0,2.68,380.0,1.3679999999999999
2011-02-15 17:00:00,5.9,32,-9.7,0.0,0.0,1.63,192.0,0.6912
2011-02-15 18:00:00,4.3,41,-7.9,0.0,0.0,1.62,28.0,0.1008
2011-02-15 19:00:00,3.9,37,-9.4,0.0,0.0,1.12,0.0,0.0
2011-02-15 20:00:00,3.1,41,-9.1,0.0,0.0,1.87,0.0,0.0
2011-02-15 21:00:00,-0.9,64,-6.9,0.0,0.0,1.65,0.0,0.0
2011-02-15 22:00:00,-1.8,68,-6.9,0.0,0.0,1.96,0.0,0.0
2011-02-15 23:00:00,-2.2,69,-7.1,0.0,0.0,2.55,0.0,0.0
2011-02-16 00:00:00,-2.5,71,-7.1,0.0,0.0,2.44,0.0,0.0
2011-02-16 01:00:00,-3.0,72,-7.3,0.0,0.0,2.05,0.0,0.0
2011-02-16 02:00:00,-3.0,71,-7.5,0.0,0.0,2.08,0.0,0.0
2011-02-16 03:00:00,-2.8,72,-7.2,0.0,0.0,2.33,0.0,0.0
2011-02-16 04:00:00,-2.7,72,-7.0,0.0,0.0,2.47,0.0,0.0
2011-02-16 05:00:00,-2.1,70,-6.9,0.0,0.0,2.69,0.0,0.0
2011-02-16 06:00:00,-1.5,68,-6.5,0.0,0.0,2.82,0.0,0.0
2011-02-16 07:00:00,-1.2,70,-6.0,0.0,0.0,3.2,0.0,0.0
2011-02-16 08:00:00,-0.2,69,-5.1,0.0,0.0,3.81,39.0,0.1404
2011-02-16 09:00:00,1.9,61,-4.7,0.0,0.0,3.86,174.0,0.6264
2011-02-16 10:00:00,4.0,53,-4.8,0.0,0.0,4.22,301.0,1.0836
2011-02-16 11:00:00,6.0,49,-4.0,0.0,0.0,4.47,424.0,1.5264
2011-02-16 12:00:00,8.4,46,-2.5,0.0,0.0,4.7,636.0,2.2896
2011-02-16 13:00:00,10.1,45,-1.2,0.0,0.0,4.72,660.0,2.376
2011-02-16 14:00:00,11.8,42,-0.6,0.0,0.0,4.63,622.0,2.2392
2011-02-16 15:00:00,12.5,42,0.0,0.0,0.0,4.34,522.0,1.8792
2011-02-16 16:00:00,12.5,44,0.6,0.0,0.0,3.76,369.0,1.3284
2011-02-16 17:00:00,11.3,48,0.7,0.0,0.0,2.31,186.0,0.6696
2011-02-16 18:00:00,8.8,55,0.3,0.0,0.0,2.91,29.0,0.10439999999999999
2011-02-16 19:00:00,7.5,60,0.3,0.0,0.0,3.23,0.0,0.0
2011-02-16 20:00:00,6.9,63,0.3,0.0,0.0,3.51,0.0,0.0
2011-02-16 21:00:00,6.5,65,0.3,0.0,0.0,3.58,0.0,0.0
2011-02-16 22:00:00,6.3,66,0.4,0.0,0.0,3.64,0.0,0.0
2011-02-16 23:00:00,6.2,66,0.4,0.0,0.0,3.62,0.0,0.0
2011-02-17 00:00:00,6.3,67,0.5,0.0,0.0,3.55,0.0,0.0
2011-02-17 01:00:00,5.8,69,0.5,0.0,0.0,3.4,0.0,0.0
2011-02-17 02:00:00,6.1,67,0.4,0.0,0.0,3.18,0.0,0.0
2011-02-17 03:00:00,5.6,69,0.4,0.0,0.0,2.9,0.0,0.0
2011-02-17 04:00:00,4.9,73,0.4,0.0,0.0,2.55,0.0,0.0
2011-02-17 05:00:00,4.1,77,0.5,0.0,0.0,2.26,0.0,0.0
2011-02-17 06:00:00,3.3,82,0.5,0.0,0.0,2.2,0.0,0.0
2011-02-17 07:00:00,2.4,85,0.2,0.0,0.0,2.2,0.0,0.0
2011-02-17 08:00:00,3.3,84,0.9,0.0,0.0,1.7,54.0,0.1944
2011-02-17 09:00:00,7.7,68,2.2,0.0,0.0,1.35,207.0,0.7452
2011-02-17 10:00:00,11.0,59,3.2,0.0,0.0,1.36,397.0,1.4292
2011-02-17 11:00:00,14.1,53,4.5,0.0,0.0,1.62,548.0,1.9727999999999999
2011-02-17 12:00:00,16.6,49,5.7,0.0,0.0,1.99,630.0,2.268
2011-02-17 13:00:00,18.3,46,6.4,0.0,0.0,2.38,649.0,2.3364
2011-02-17 14:00:00,19.3,44,6.9,0.0,0.0,2.83,604.0,2.1744
2011-02-17 15:00:00,19.5,44,6.9,0.0,0.0,3.41,499.0,1.7964
2011-02-17 16:00:00,18.9,46,7.1,0.0,0.0,3.5,358.0,1.2888
2011-02-17 17:00:00,17.3,51,7.0,0.0,0.0,2.7,172.0,0.6192
2011-02-17 18:00:00,15.0,59,7.0,0.0,0.0,2.93,22.0,0.07919999999999999
2011-02-17 19:00:00,13.9,64,7.1,0.0,0.0,3.5,0.0,0.0
2011-02-17 20:00:00,13.4,66,7.2,0.0,0.0,4.2,0.0,0.0
2011-02-17 21:00:00,13.4,66,7.2,0.0,0.0,4.59,0.0,0.0
2011-02-17 22:00:00,13.1,68,7.4,0.0,0.0,4.56,0.0,0.0
2011-02-17 23:00:00,12.8,70,7.5,0.0,0.0,4.43,0.0,0.0
2011-02-18 00:00:00,12.3,73,7.6,0.0,0.0,4.3,0.0,0.0
2011-02-18 01:00:00,12.0,75,7.8,0.0,0.0,4.24,0.0,0.0
2011-02-18 02:00:00,11.8,77,8.0,0.0,0.0,4.42,0.0,0.0
2011-02-18 03:00:00,11.6,79,8.0,0.0,0.0,4.67,0.0,0.0
2011-02-18 04:00:00,11.6,79,8.1,0.0,0.0,4.53,0.0,0.0
2011-02-18 05:00:00,11.1,82,8.2,0.0,0.0,3.82,0.0,0.0
2011-02-18 06:00:00,10.7,85,8.2,0.0,0.0,3.36,0.0,0.0
2011-02-18 07:00:00,10.5,85,8.1,0.0,0.0,3.42,0.0,0.0
2011-02-18 08:00:00,10.9,83,8.2,0.0,0.0,3.47,33.0,0.1188
2011-02-18 09:00:00,12.3,78,8.5,0.0,0.0,3.26,112.0,0.4032
2011-02-18 10:00:00,13.9,71,8.8,0.0,0.0,3.47,192.0,0.6912
2011-02-18 11:00:00,15.4,67,9.2,0.0,0.0,3.7,254.0,0.9144
2011-02-18 12:00:00,17.4,62,10.0,0.0,0.0,4.05,389.0,1.4003999999999999
2011-02-18 13:00:00,19.3,59,11.0,0.0,0.0,4.79,504.0,1.8144
2011-02-18 14:00:00,22.0,49,10.9,0.0,0.0,5.41,520.0,1.8719999999999999
2011-02-18 15:00:00,22.2,49,10.8,0.0,0.0,5.12,381.0,1.3716
2011-02-18 16:00:00,22.2,47,10.4,0.0,0.0,4.83,333.0,1.1987999999999999
2011-02-18 17:00:00,19.7,58,11.2,0.2,0.0,3.01,141.0,0.5075999999999999
2011-02-18 18:00:00,18.5,58,10.1,0.0,0.0,4.54,22.0,0.07919999999999999
2011-02-18 19:00:00,17.4,56,8.4,0.0,0.0,4.7,0.0,0.0
2011-02-18 20:00:00,16.4,49,5.6,0.0,0.0,4.22,0.0,0.0
2011-02-18 21:00:00,15.4,34,-0.3,0.0,0.0,5.23,0.0,0.0
2011-02-18 22:00:00,14.0,24,-6.2,0.0,0.0,5.99,0.0,0.0
2011-02-18 23:00:00,12.6,22,-8.6,0.0,0.0,6.55,0.0,0.0
2011-02-19 00:00:00,11.5,22,-9.6,0.0,0.0,7.21,0.0,0.0
2011-02-19 01:00:00,10.7,22,-10.2,0.0,0.0,7.49,0.0,0.0
2011-02-19 02:00:00,10.7,21,-10.5,0.0,0.0,7.72,0.0,0.0
2011-02-19 03:00:00,10.0,22,-11.0,0.0,0.0,7.72,0.0,0.0
2011-02-19 04:00:00,9.3,22,-11.6,0.0,0.0,7.59,0.0,0.0
2011-02-19 05:00:00,8.7,21,-12.3,0.0,0.0,7.72,0.0,0.0
2011-02-19 06:00:00,8.2,21,-13.0,0.0,0.0,7.53,0.0,0.0
2011-02-19 07:00:00,7.7,22,-12.7,0.0,0.0,7.59,0.0,0.0
2011-02-19 08:00:00,7.5,25,-11.3,0.0,0.0,7.73,75.0,0.27
2011-02-19 09:00:00,7.9,27,-10.0,0.0,0.0,7.67,262.0,0.9431999999999999
2011-02-19 10:00:00,8.3,27,-9.4,0.0,0.0,9.44,445.0,1.6019999999999999
2011-02-19 11:00:00,8.9,27,-8.9,0.0,0.0,9.54,588.0,2.1168
2011-02-19 12:00:00,9.4,27,-8.5,0.0,0.0,9.63,675.0,2.4299999999999997
2011-02-19 13:00:00,9.7,27,-8.3,0.0,0.0,9.71,698.0,2.5128
2011-02-19 14:00:00,11.5,26,-7.4,0.0,0.0,9.78,656.0,2.3616
2011-02-19 15:00:00,11.1,27,-7.4,0.0,0.0,9.68,552.0,1.9871999999999999
2011-02-19 16:00:00,10.1,27,-7.9,0.0,0.0,9.49,395.0,1.422
2011-02-19 17:00:00,8.8,28,-8.8,0.0,0.0,6.76,207.0,0.7452
2011-02-19 18:00:00,7.2,28,-10.0,0.0,0.0,7.47,37.0,0.13319999999999999
2011-02-19 19:00:00,5.8,29,-10.8,0.0,0.0,7.98,0.0,0.0
2011-02-19 20:00:00,4.6,30,-11.4,0.0,0.0,8.17,0.0,0.0
2011-02-19 21:00:00,3.6,31,-11.9,0.0,0.0,8.17,0.0,0.0
2011-02-19 22:00:00,2.8,32,-12.3,0.0,0.0,7.86,0.0,0.0
2011-02-19 23:00:00,2.2,32,-12.7,0.0,0.0,7.36,0.0,0.0
2011-02-20 00:00:00,1.5,33,-12.9,0.0,0.0,7.0,0.0,0.0
2011-02-20 01:00:00,0.9,35,-13.0,0.0,0.0,6.72,0.0,0.0
2011-02-20 02:00:00,1.2,37,-12.0,0.0,0.0,6.47,0.0,0.0
2011-02-20 03:00:00,0.6,38,-12.1,0.0,0.0,6.32,0.0,0.0
2011-02-20 04:00:00,0.0,39,-12.3,0.0,0.0,6.16,0.0,0.0
2011-02-20 05:00:00,-0.4,40,-12.5,0.0,0.0,5.2,0.0,0.0
2011-02-20 06:00:00,-0.8,41,-12.6,0.0,0.0,4.25,0.0,0.0
2011-02-20 07:00:00,-1.2,44,-12.0,0.0,0.0,3.22,0.0,0.0
2011-02-20 08:00:00,-0.8,50,-9.9,0.0,0.0,2.34,77.0,0.2772
2011-02-20 09:00:00,0.8,41,-10.9,0.0,0.0,2.92,257.0,0.9252
2011-02-20 10:00:00,2.3,39,-10.3,0.0,0.0,3.05,410.0,1.476
2011-02-20 11:00:00,3.7,37,-9.7,0.0,0.0,2.64,485.0,1.746
2011-02-20 12:00:00,5.2,35,-9.1,0.0,0.0,2.05,567.0,2.0412
2011-02-20 13:00:00,6.5,32,-8.9,0.0,0.0,1.8,579.0,2.0844
2011-02-20 14:00:00,8.1,32,-7.8,0.0,0.0,1.39,547.0,1.9691999999999998
2011-02-20 15:00:00,8.6,30,-7.8,0.0,0.0,1.0,461.0,1.6596
2011-02-20 16:00:00,8.6,30,-8.1,0.0,0.0,0.85,309.0,1.1124
2011-02-20 17:00:00,8.0,31,-8.1,0.0,0.0,0.8,140.0,0.504
2011-02-20 18:00:00,6.9,35,-7.6,0.0,0.0,1.4,17.0,0.0612
2011-02-20 19:00:00,5.7,44,-5.5,0.5,0.0,1.72,0.0,0.0
2011-02-20 20:00:00,4.6,56,-3.4,0.5,0.0,1.91,0.0,0.0
2011-02-20 21:00:00,3.6,68,-1.7,0.6,0.0,2.64,0.0,0.0
2011-02-20 22:00:00,3.2,75,-0.9,0.2,0.0,3.26,0.0,0.0
2011-02-20 23:00:00,3.3,75,-0.8,0.0,0.0,3.92,0.0,0.0
2011-02-21 00:00:00,3.7,70,-1.3,0.0,0.0,4.57,0.0,0.0
2011-02-21 01:00:00,4.2,65,-1.8,0.0,0.0,4.88,0.0,0.0
2011-02-21 02:00:00,5.3,52,-3.8,0.0,0.0,4.82,0.0,0.0
2011-02-21 03:00:00,6.7,44,-4.6,0.0,0.0,4.57,0.0,0.0
2011-02-21 04:00:00,8.1,36,-6.0,0.0,0.0,4.39,0.0,0.0
2011-02-21 05:00:00,8.8,34,-6.3,0.0,0.0,1.5,0.0,0.0
2011-02-21 06:00:00,8.8,38,-4.9,0.0,0.0,0.99,0.0,0.0
2011-02-21 07:00:00,8.9,44,-2.7,0.0,0.0,1.06,0.0,0.0
2011-02-21 08:00:00,9.3,50,-0.6,0.0,0.0,1.33,17.0,0.0612
2011-02-21 09:00:00,9.9,55,1.2,0.0,0.0,2.47,44.0,0.15839999999999999
2011-02-21 10:00:00,11.0,57,2.9,0.0,0.0,3.1,112.0,0.4032
2011-02-21 11:00:00,11.5,52,2.0,0.0,0.0,2.89,144.0,0.5184
2011-02-21 12:00:00,10.5,51,0.9,0.0,0.0,2.8,95.0,0.34199999999999997
2011-02-21 13:00:00,9.5,50,-0.3,0.0,0.0,3.01,121.0,0.4356
2011-02-21 14:00:00,6.0,62,-0.7,0.0,0.0,3.04,87.0,0.3132
2011-02-21 15:00:00,5.8,67,0.0,0.0,0.0,3.7,86.0,0.3096
2011-02-21 16:00:00,5.5,68,0.0,0.0,0.0,4.0,52.0,0.1872
2011-02-21 17:00:00,5.2,65,-0.8,0.0,0.0,4.34,29.0,0.10439999999999999
2011-02-21 18:00:00,4.5,66,-1.4,0.2,0.0,3.7,8.0,0.0288
2011-02-21 19:00:00,3.0,79,-0.2,1.2,0.0,4.03,0.0,0.0
2011-02-21 20:00:00,1.9,89,0.3,0.9,0.07,4.39,0.0,0.0
2011-02-21 21:00:00,1.2,91,-0.1,0.7,0.0,4.14,0.0,0.0
2011-02-21 22:00:00,0.6,92,-0.6,0.9,0.07,4.05,0.0,0.0
2011-02-21 23:00:00,-0.4,93,-1.5,0.4,0.35,3.92,0.0,0.0
2011-02-22 00:00:00,-1.4,91,-2.7,0.3,0.42,3.84,0.0,0.0
2011-02-22 01:00:00,-2.0,89,-3.6,0.1,0.49,3.98,0.0,0.0
2011-02-22 02:00:00,-2.4,85,-4.5,0.0,0.77,3.58,0.0,0.0
2011-02-22 03:00:00,-2.6,85,-4.9,0.1,0.7,3.36,0.0,0.0
2011-02-22 04:00:00,-2.7,83,-5.3,0.0,0.42,4.03,0.0,0.0
2011-02-22 05:00:00,-3.0,79,-6.0,0.0,0.14,4.2,0.0,0.0
2011-02-22 06:00:00,-3.4,76,-7.0,0.0,0.07,3.55,0.0,0.0
2011-02-22 07:00:00,-3.6,74,-7.6,0.0,0.0,3.07,0.0,0.0
2011-02-22 08:00:00,-3.5,72,-7.8,0.0,0.0,3.01,22.0,0.07919999999999999
2011-02-22 09:00:00,-3.0,69,-8.0,0.0,0.0,3.24,125.0,0.45
2011-02-22 10:00:00,-2.7,66,-8.2,0.0,0.0,2.83,239.0,0.8603999999999999
2011-02-22 11:00:00,-1.9,60,-8.6,0.0,0.0,2.24,261.0,0.9396
2011-02-22 12:00:00,-0.6,56,-8.4,0.0,0.0,1.92,401.0,1.4436
2011-02-22 13:00:00,0.3,54,-7.9,0.0,0.0,1.82,459.0,1.6523999999999999
2011-02-22 14:00:00,2.5,51,-6.8,0.0,0.0,1.94,630.0,2.268
2011-02-22 15:00:00,3.0,49,-6.7,0.0,0.0,2.04,539.0,1.9404
2011-02-22 16:00:00,3.1,47,-7.0,0.0,0.0,2.04,389.0,1.4003999999999999
2011-02-22 17:00:00,2.6,47,-7.7,0.0,0.0,1.53,199.0,0.7163999999999999
2011-02-22 18:00:00,1.7,51,-7.4,0.0,0.0,1.53,38.0,0.1368
2011-02-22 19:00:00,0.7,57,-6.8,0.0,0.0,1.84,0.0,0.0
2011-02-22 20:00:00,-0.4,67,-5.8,0.0,0.0,1.89,0.0,0.0
2011-02-22 21:00:00,-1.2,67,-6.5,0.0,0.0,2.11,0.0,0.0
2011-02-22 22:00:00,-1.8,65,-7.4,0.0,0.0,2.47,0.0,0.0
2011-02-22 23:00:00,-2.4,65,-8.1,0.0,0.0,2.22,0.0,0.0
2011-02-23 00:00:00,-2.7,64,-8.5,0.0,0.0,2.3,0.0,0.0
2011-02-23 01:00:00,-2.9,67,-8.2,0.0,0.0,2.31,0.0,0.0
2011-02-23 02:00:00,-2.7,64,-8.6,0.0,0.0,2.32,0.0,0.0
2011-02-23 03:00:00,-2.9,63,-9.0,0.0,0.0,2.31,0.0,0.0
2011-02-23 04:00:00,-3.1,62,-9.4,0.0,0.0,2.4,0.0,0.0
2011-02-23 05:00:00,-3.5,60,-10.1,0.0,0.0,1.3,0.0,0.0
2011-02-23 06:00:00,-3.5,59,-10.4,0.0,0.0,1.6,0.0,0.0
2011-02-23 07:00:00,-3.0,55,-10.8,0.0,0.0,1.5,0.0,0.0
2011-02-23 08:00:00,-2.5,58,-9.6,0.0,0.0,1.2,88.0,0.31679999999999997
2011-02-23 09:00:00,-0.1,49,-9.6,0.0,0.0,1.14,279.0,1.0044
2011-02-23 10:00:00,1.8,45,-8.9,0.0,0.0,0.85,464.0,1.6703999999999999
2011-02-23 11:00:00,3.5,42,-8.2,0.0,0.0,0.51,607.0,2.1852
2011-02-23 12:00:00,5.0,40,-7.5,0.0,0.0,0.41,695.0,2.502
2011-02-23 13:00:00,6.1,38,-7.1,0.0,0.0,0.28,717.0,2.5812
2011-02-23 14:00:00,6.9,36,-7.1,0.0,0.0,0.14,675.0,2.4299999999999997
2011-02-23 15:00:00,7.2,35,-7.3,0.0,0.0,0.42,574.0,2.0664
2011-02-23 16:00:00,7.0,35,-7.5,0.0,0.0,0.72,414.0,1.4904
2011-02-23 17:00:00,6.4,37,-7.3,0.0,0.0,0.61,223.0,0.8028
2011-02-23 18:00:00,4.7,45,-6.4,0.0,0.0,1.6,46.0,0.1656
2011-02-23 19:00:00,2.7,53,-5.9,0.0,0.0,1.8,0.0,0.0
2011-02-23 20:00:00,1.2,61,-5.5,0.0,0.0,1.68,0.0,0.0
2011-02-23 21:00:00,0.1,68,-5.2,0.0,0.0,1.8,0.0,0.0
2011-02-23 22:00:00,-0.9,73,-5.1,0.0,0.0,1.78,0.0,0.0
2011-02-23 23:00:00,-1.6,77,-5.1,0.0,0.0,1.8,0.0,0.0
2011-02-24 00:00:00,-2.1,80,-5.1,0.0,0.0,1.75,0.0,0.0
2011-02-24 01:00:00,-2.4,82,-5.1,0.0,0.0,1.77,0.0,0.0
2011-02-24 02:00:00,-2.4,80,-5.3,0.0,0.0,1.87,0.0,0.0
2011-02-24 03:00:00,-2.5,82,-5.1,0.0,0.0,1.94,0.0,0.0
2011-02-24 04:00:00,-2.6,85,-4.8,0.0,0.0,2.21,0.0,0.0
2011-02-24 05:00:00,-2.5,86,-4.5,0.0,0.0,2.31,0.0,0.0
2011-02-24 06:00:00,-2.3,87,-4.2,0.0,0.0,2.5,0.0,0.0
2011-02-24 07:00:00,-2.2,89,-3.8,0.0,0.0,2.91,1.0,0.0036
2011-02-24 08:00:00,0.2,85,-1.9,0.0,0.0,3.21,86.0,0.3096
2011-02-24 09:00:00,3.8,72,-0.9,0.0,0.0,3.44,265.0,0.954
2011-02-24 10:00:00,6.0,65,-0.2,0.0,0.0,3.65,410.0,1.476
2011-02-24 11:00:00,7.8,60,0.5,0.0,0.0,3.72,485.0,1.746
2011-02-24 12:00:00,9.4,56,1.2,0.0,0.0,3.91,510.0,1.8359999999999999
2011-02-24 13:00:00,10.4,55,1.7,0.0,0.0,4.2,463.0,1.6668
2011-02-24 14:00:00,10.0,56,1.5,0.0,0.0,4.56,360.0,1.296
2011-02-24 15:00:00,10.5,56,2.0,0.0,0.0,4.33,289.0,1.0404
2011-02-24 16:00:00,9.8,64,3.4,0.0,0.0,3.79,170.0,0.612
2011-02-24 17:00:00,8.3,81,5.2,0.4,0.0,3.49,71.0,0.2556
2011-02-24 18:00:00,7.2,92,6.0,0.7,0.0,3.74,14.0,0.0504
2011-02-24 19:00:00,6.9,93,5.9,0.3,0.0,4.05,0.0,0.0
2011-02-24 20:00:00,7.0,94,6.2,0.0,0.0,4.72,0.0,0.0
2011-02-24 21:00:00,7.1,95,6.3,0.1,0.0,4.57,0.0,0.0
2011-02-24 22:00:00,7.1,95,6.3,0.3,0.0,4.31,0.0,0.0
2011-02-24 23:00:00,7.0,95,6.3,0.6,0.0,3.61,0.0,0.0
2011-02-25 00:00:00,6.9,95,6.2,0.6,0.0,3.1,0.0,0.0
2011-02-25 01:00:00,6.7,96,6.1,0.3,0.0,2.28,0.0,0.0
2011-02-25 02:00:00,6.1,96,5.6,1.8,0.0,2.2,0.0,0.0
2011-02-25 03:00:00,6.2,97,5.7,0.5,0.0,2.86,0.0,0.0
2011-02-25 04:00:00,6.7,97,6.3,0.0,0.0,4.18,0.0,0.0
2011-02-25 05:00:00,8.3,97,7.9,0.1,0.0,3.96,0.0,0.0
2011-02-25 06:00:00,10.7,97,10.2,0.3,0.0,5.26,0.0,0.0
2011-02-25 07:00:00,12.2,95,11.5,2.6,0.0,7.12,0.0,0.0
2011-02-25 08:00:00,13.3,95,12.5,1.6,0.0,8.5,3.0,0.0108
2011-02-25 09:00:00,14.1,92,12.9,0.5,0.0,7.84,14.0,0.0504
2011-02-25 10:00:00,14.6,89,12.8,0.0,0.0,8.1,47.0,0.1692
2011-02-25 11:00:00,15.3,83,12.5,0.0,0.0,8.15,105.0,0.378
2011-02-25 12:00:00,16.3,77,12.2,0.0,0.0,6.59,174.0,0.6264
2011-02-25 13:00:00,18.3,66,11.7,0.0,0.0,7.66,473.0,1.7027999999999999
2011-02-25 14:00:00,15.4,65,8.9,3.7,0.0,8.97,513.0,1.8468
2011-02-25 15:00:00,12.7,44,0.7,0.0,0.0,11.8,442.0,1.5912
2011-02-25 16:00:00,8.5,46,-2.6,0.0,0.0,10.56,346.0,1.2456
2011-02-25 17:00:00,6.7,47,-3.8,0.0,0.0,8.88,186.0,0.6696
2011-02-25 18:00:00,5.5,48,-4.6,0.0,0.0,7.16,49.0,0.1764
2011-02-25 19:00:00,4.5,49,-5.2,0.0,0.0,6.75,0.0,0.0
2011-02-25 20:00:00,3.6,50,-6.0,0.0,0.0,6.58,0.0,0.0
2011-02-25 21:00:00,2.7,50,-6.6,0.0,0.0,6.02,0.0,0.0
2011-02-25 22:00:00,2.1,51,-6.9,0.0,0.0,4.98,0.0,0.0
2011-02-25 23:00:00,1.5,54,-6.9,0.0,0.0,4.1,0.0,0.0
2011-02-26 00:00:00,0.9,58,-6.5,0.0,0.0,3.54,0.0,0.0
2011-02-26 01:00:00,0.1,64,-6.0,0.0,0.0,3.12,0.0,0.0
2011-02-26 02:00:00,-0.2,67,-5.6,0.0,0.0,2.69,0.0,0.0
2011-02-26 03:00:00,-1.0,75,-4.9,0.0,0.0,1.91,0.0,0.0
2011-02-26 04:00:00,0.0,69,-5.0,0.0,0.0,1.58,0.0,0.0
2011-02-26 05:00:00,-0.1,71,-4.8,0.0,0.0,1.48,0.0,0.0
2011-02-26 06:00:00,-0.1,71,-4.6,0.0,0.0,1.26,0.0,0.0
2011-02-26 07:00:00,0.3,69,-4.7,0.0,0.0,1.53,1.0,0.0036
2011-02-26 08:00:00,0.5,75,-3.5,0.0,0.0,0.42,78.0,0.2808
2011-02-26 09:00:00,2.2,59,-4.9,0.0,0.0,0.99,242.0,0.8712
2011-02-26 10:00:00,3.7,54,-4.7,0.0,0.0,0.76,393.0,1.4148
2011-02-26 11:00:00,5.0,49,-4.8,0.0,0.0,0.92,488.0,1.7568
2011-02-26 12:00:00,6.4,45,-4.7,0.0,0.0,2.4,619.0,2.2284
2011-02-26 13:00:00,7.5,43,-4.3,0.0,0.0,3.3,637.0,2.2932
2011-02-26 14:00:00,8.7,42,-3.4,0.0,0.0,3.81,581.0,2.0916
2011-02-26 15:00:00,9.0,42,-3.2,0.0,0.0,3.92,490.0,1.764
2011-02-26 16:00:00,9.0,43,-3.0,0.0,0.0,3.64,387.0,1.3932
2011-02-26 17:00:00,8.3,45,-2.8,0.0,0.0,2.28,219.0,0.7884
2011-02-26 18:00:00,6.2,54,-2.5,0.0,0.0,2.94,49.0,0.1764
2011-02-26 19:00:00,4.6,63,-1.7,0.0,0.0,3.67,0.0,0.0
2011-02-26 20:00:00,3.6,73,-0.7,0.0,0.0,3.82,0.0,0.0
2011-02-26 21:00:00,3.1,81,0.1,0.0,0.0,3.5,0.0,0.0
2011-02-26 22:00:00,2.8,86,0.7,0.0,0.0,3.58,0.0,0.0
2011-02-26 23:00:00,2.7,89,1.1,0.0,0.0,3.42,0.0,0.0
2011-02-27 00:00:00,2.7,90,1.3,0.0,0.0,3.22,0.0,0.0
2011-02-27 01:00:00,2.9,90,1.5,0.0,0.0,2.82,0.0,0.0
2011-02-27 02:00:00,2.7,89,1.1,0.0,0.0,2.62,0.0,0.0
2011-02-27 03:00:00,3.3,85,1.0,0.0,0.0,2.66,0.0,0.0
2011-02-27 04:00:00,2.7,85,0.4,0.0,0.0,2.31,0.0,0.0
2011-02-27 05:00:00,2.3,86,0.2,0.0,0.0,2.44,0.0,0.0
2011-02-27 06:00:00,3.0,83,0.4,0.0,0.0,2.41,0.0,0.0
2011-02-27 07:00:00,3.5,82,0.6,0.0,0.0,2.58,1.0,0.0036
2011-02-27 08:00:00,4.8,78,1.2,0.0,0.0,2.69,25.0,0.09
2011-02-27 09:00:00,6.9,69,1.6,0.0,0.0,2.12,79.0,0.2844
2011-02-27 10:00:00,8.5,63,1.8,0.0,0.0,1.87,161.0,0.5796
2011-02-27 11:00:00,10.2,58,2.4,0.0,0.0,1.26,346.0,1.2456
2011-02-27 12:00:00,12.3,55,3.4,0.0,0.0,0.5,569.0,2.0484
2011-02-27 13:00:00,14.0,52,4.2,0.0,0.0,0.81,665.0,2.394
2011-02-27 14:00:00,15.2,49,4.5,0.0,0.0,1.32,639.0,2.3004
2011-02-27 15:00:00,15.4,49,4.7,0.0,0.0,1.91,520.0,1.8719999999999999
2011-02-27 16:00:00,14.9,50,4.6,0.0,0.0,2.5,372.0,1.3392
2011-02-27 17:00:00,13.4,55,4.5,0.0,0.0,2.34,184.0,0.6624
2011-02-27 18:00:00,10.9,61,3.8,0.0,0.0,3.18,35.0,0.126
2011-02-27 19:00:00,9.4,64,2.9,0.0,0.0,3.49,0.0,0.0
2011-02-27 20:00:00,8.4,66,2.4,0.0,0.0,3.5,0.0,0.0
2011-02-27 21:00:00,7.8,70,2.7,0.0,0.0,3.56,0.0,0.0
2011-02-27 22:00:00,7.5,75,3.3,0.0,0.0,3.75,0.0,0.0
2011-02-27 23:00:00,7.5,77,3.6,0.0,0.0,3.76,0.0,0.0
2011-02-28 00:00:00,7.1,83,4.4,0.5,0.0,3.39,0.0,0.0
2011-02-28 01:00:00,7.1,87,5.1,0.3,0.0,3.26,0.0,0.0
2011-02-28 02:00:00,6.5,93,5.5,1.0,0.0,3.41,0.0,0.0
2011-02-28 03:00:00,7.0,95,6.3,0.6,0.0,3.47,0.0,0.0
2011-02-28 04:00:00,7.5,96,7.0,0.0,0.0,3.61,0.0,0.0
2011-02-28 05:00:00,8.5,96,7.9,0.0,0.0,2.91,0.0,0.0
2011-02-28 06:00:00,9.9,94,9.0,0.0,0.0,3.2,0.0,0.0
2011-02-28 07:00:00,11.6,91,10.2,0.4,0.0,4.75,1.0,0.0036
2011-02-28 08:00:00,13.1,89,11.2,0.0,0.0,6.66,40.0,0.144
2011-02-28 09:00:00,14.6,86,12.3,1.3,0.0,7.02,165.0,0.594
2011-02-28 10:00:00,17.4,79,13.6,0.2,0.0,6.65,343.0,1.2348
2011-02-28 11:00:00,19.0,72,13.8,0.0,0.0,5.39,403.0,1.4507999999999999
2011-02-28 12:00:00,20.4,66,13.9,0.0,0.0,6.25,473.0,1.7027999999999999
2011-02-28 13:00:00,20.0,70,14.5,0.0,0.0,5.14,368.0,1.3248
2011-02-28 14:00:00,17.9,86,15.6,1.4,0.0,4.9,241.0,0.8675999999999999
2011-02-28 15:00:00,17.0,91,15.5,2.3,0.0,4.24,69.0,0.24839999999999998
2011-02-28 16:00:00,16.5,92,15.3,2.0,0.0,3.68,38.0,0.1368
2011-02-28 17:00:00,16.2,93,15.1,0.9,0.0,4.31,24.0,0.0864
2011-02-28 18:00:00,15.4,93,14.2,1.1,0.0,2.95,7.0,0.0252
2011-02-28 19:00:00,12.2,92,11.0,1.1,0.0,3.2,0.0,0.0
2011-02-28 20:00:00,9.2,92,7.9,1.0,0.0,5.74,0.0,0.0
2011-02-28 21:00:00,7.4,92,6.2,0.6,0.0,5.77,0.0,0.0
2011-02-28 22:00:00,6.2,88,4.4,0.1,0.0,4.92,0.0,0.0
2011-02-28 23:00:00,5.3,82,2.5,0.0,0.0,5.32,0.0,0.0
2011-03-01 00:00:00,4.6,72,0.0,0.0,0.0,5.46,0.0,0.0
2011-03-01 01:00:00,3.7,62,-2.8,0.0,0.0,4.97,0.0,0.0
2011-03-01 02:00:00,3.9,63,-2.5,0.0,0.0,4.85,0.0,0.0
2011-03-01 03:00:00,2.9,58,-4.6,0.0,0.0,4.65,0.0,0.0
2011-03-01 04:00:00,2.1,56,-5.8,0.0,0.0,4.52,0.0,0.0
2011-03-01 05:00:00,1.3,56,-6.5,0.0,0.0,3.96,0.0,0.0
2011-03-01 06:00:00,0.6,57,-6.9,0.0,0.0,3.67,0.0,0.0
2011-03-01 07:00:00,-0.0,60,-7.0,0.0,0.0,3.77,3.0,0.0108
2011-03-01 08:00:00,0.4,56,-7.3,0.0,0.0,4.11,116.0,0.41759999999999997
2011-03-01 09:00:00,1.6,50,-7.8,0.0,0.0,4.0,315.0,1.134
2011-03-01 10:00:00,3.0,45,-7.8,0.0,0.0,3.5,502.0,1.8072
2011-03-01 11:00:00,4.6,41,-7.6,0.0,0.0,2.8,646.0,2.3256
2011-03-01 12:00:00,6.1,38,-7.3,0.0,0.0,2.3,733.0,2.6388
2011-03-01 13:00:00,7.3,35,-7.0,0.0,0.0,1.6,756.0,2.7216
2011-03-01 14:00:00,8.1,35,-6.5,0.0,0.0,1.0,710.0,2.556
2011-03-01 15:00:00,8.5,34,-6.5,0.0,0.0,0.58,603.0,2.1708
2011-03-01 16:00:00,8.5,33,-6.9,0.0,0.0,0.51,444.0,1.5984
2011-03-01 17:00:00,8.0,33,-7.3,0.0,0.0,1.12,250.0,0.9
2011-03-01 18:00:00,6.8,39,-6.4,0.0,0.0,1.41,62.0,0.22319999999999998
2011-03-01 19:00:00,4.8,46,-5.8,0.0,0.0,2.18,0.0,0.0
2011-03-01 20:00:00,3.4,53,-5.3,0.0,0.0,2.44,0.0,0.0
2011-03-01 21:00:00,2.4,59,-4.8,0.0,0.0,2.69,0.0,0.0
2011-03-01 22:00:00,1.7,64,-4.4,0.0,0.0,2.75,0.0,0.0
2011-03-01 23:00:00,1.0,69,-4.0,0.0,0.0,2.7,0.0,0.0
2011-03-02 00:00:00,0.5,73,-3.8,0.0,0.0,2.81,0.0,0.0
2011-03-02 01:00:00,0.2,75,-3.7,0.0,0.0,3.04,0.0,0.0
2011-03-02 02:00:00,-0.0,78,-3.4,0.0,0.0,3.26,0.0,0.0
2011-03-02 03:00:00,-0.0,78,-3.4,0.0,0.0,3.51,0.0,0.0
2011-03-02 04:00:00,0.1,76,-3.5,0.0,0.0,3.77,0.0,0.0
2011-03-02 05:00:00,0.4,74,-3.8,0.0,0.0,3.94,0.0,0.0
2011-03-02 06:00:00,0.5,71,-4.2,0.0,0.0,3.76,0.0,0.0
2011-03-02 07:00:00,0.6,69,-4.4,0.0,0.0,3.52,4.0,0.0144
2011-03-02 08:00:00,2.1,67,-3.4,0.0,0.0,3.41,115.0,0.414
2011-03-02 09:00:00,4.7,56,-3.3,0.0,0.0,3.54,310.0,1.1159999999999999
2011-03-02 10:00:00,7.3,50,-2.6,0.0,0.0,3.19,492.0,1.7711999999999999
2011-03-02 11:00:00,9.8,44,-1.8,0.0,0.0,3.23,635.0,2.286
2011-03-02 12:00:00,12.0,40,-1.3,0.0,0.0,3.83,721.0,2.5956
2011-03-02 13:00:00,13.8,35,-1.2,0.0,0.0,4.39,742.0,2.6712
2011-03-02 14:00:00,15.4,33,-0.9,0.0,0.0,4.92,694.0,2.4983999999999997
2011-03-02 15:00:00,15.9,31,-1.2,0.0,0.0,5.81,583.0,2.0987999999999998
2011-03-02 16:00:00,15.3,32,-1.2,0.0,0.0,6.08,405.0,1.458
2011-03-02 17:00:00,13.6,36,-1.1,0.0,0.0,4.81,200.0,0.72
2011-03-02 18:00:00,11.2,37,-3.0,0.0,0.0,4.69,58.0,0.20879999999999999
2011-03-02 19:00:00,9.1,37,-4.7,0.0,0.0,5.06,0.0,0.0
2011-03-02 20:00:00,7.1,36,-6.9,0.0,0.0,5.03,0.0,0.0
2011-03-02 21:00:00,5.2,32,-10.3,0.0,0.0,4.85,0.0,0.0
2011-03-02 22:00:00,3.4,27,-13.7,0.0,0.0,4.87,0.0,0.0
2011-03-02 23:00:00,1.8,26,-15.8,0.0,0.0,4.87,0.0,0.0
2011-03-03 00:00:00,0.4,26,-16.7,0.0,0.0,4.84,0.0,0.0
2011-03-03 01:00:00,-0.6,29,-16.7,0.0,0.0,4.44,0.0,0.0
2011-03-03 02:00:00,-0.5,32,-15.3,0.0,0.0,3.86,0.0,0.0
2011-03-03 03:00:00,-1.3,35,-14.7,0.0,0.0,3.51,0.0,0.0
2011-03-03 04:00:00,-2.0,39,-14.0,0.0,0.0,3.3,0.0,0.0
2011-03-03 05:00:00,-2.5,42,-13.7,0.0,0.0,3.31,0.0,0.0
2011-03-03 06:00:00,-2.9,44,-13.6,0.0,0.0,3.28,0.0,0.0
2011-03-03 07:00:00,-3.1,47,-13.0,0.0,0.0,3.45,4.0,0.0144
2011-03-03 08:00:00,-2.4,43,-13.3,0.0,0.0,3.83,124.0,0.44639999999999996
2011-03-03 09:00:00,-1.3,40,-13.3,0.0,0.0,3.45,321.0,1.1556
2011-03-03 10:00:00,-0.1,37,-13.0,0.0,0.0,2.82,510.0,1.8359999999999999
2011-03-03 11:00:00,1.2,35,-12.6,0.0,0.0,2.37,652.0,2.3472
2011-03-03 12:00:00,2.3,34,-12.0,0.0,0.0,1.92,737.0,2.6532
2011-03-03 13:00:00,3.2,33,-11.4,0.0,0.0,1.42,758.0,2.7288
2011-03-03 14:00:00,3.2,34,-11.1,0.0,0.0,1.08,712.0,2.5632
2011-03-03 15:00:00,3.5,34,-10.9,0.0,0.0,1.2,606.0,2.1816
2011-03-03 16:00:00,3.5,34,-11.1,0.0,0.0,1.5,449.0,1.6164
2011-03-03 17:00:00,2.9,33,-11.7,0.0,0.0,1.58,248.0,0.8927999999999999
2011-03-03 18:00:00,1.7,37,-11.5,0.0,0.0,2.44,56.0,0.2016
2011-03-03 19:00:00,0.6,42,-11.0,0.0,0.0,2.86,0.0,0.0
2011-03-03 20:00:00,-0.2,46,-10.6,0.0,0.0,2.56,0.0,0.0
2011-03-03 21:00:00,-0.7,50,-9.8,0.0,0.0,2.0,0.0,0.0
2011-03-03 22:00:00,-1.3,57,-8.6,0.0,0.0,1.98,0.0,0.0
2011-03-03 23:00:00,-1.5,60,-8.3,0.0,0.0,2.5,0.0,0.0
2011-03-04 00:00:00,-1.5,62,-7.9,0.0,0.0,2.9,0.0,0.0
2011-03-04 01:00:00,-1.4,66,-7.0,0.0,0.0,2.88,0.0,0.0
2011-03-04 02:00:00,-1.2,70,-5.9,0.0,0.0,2.68,0.0,0.0
2011-03-04 03:00:00,-1.2,74,-5.2,0.0,0.0,2.46,0.0,0.0
2011-03-04 04:00:00,-1.3,77,-4.8,0.0,0.0,2.42,0.0,0.0
2011-03-04 05:00:00,-1.3,78,-4.7,0.0,0.0,1.8,0.0,0.0
2011-03-04 06:00:00,-1.3,78,-4.7,0.0,0.0,2.08,0.0,0.0
2011-03-04 07:00:00,-1.4,79,-4.6,0.0,0.0,2.2,4.0,0.0144
2011-03-04 08:00:00,-0.1,72,-4.6,0.0,0.0,2.66,122.0,0.4392
2011-03-04 09:00:00,1.6,64,-4.5,0.0,0.0,3.4,319.0,1.1483999999999999
2011-03-04 10:00:00,3.3,59,-4.0,0.0,0.0,3.44,493.0,1.7748
2011-03-04 11:00:00,4.9,55,-3.5,0.0,0.0,3.71,638.0,2.2967999999999997
2011-03-04 12:00:00,6.1,52,-3.0,0.0,0.0,3.85,660.0,2.376
2011-03-04 13:00:00,7.3,51,-2.3,0.0,0.0,3.85,721.0,2.5956
2011-03-04 14:00:00,8.3,46,-2.7,0.0,0.0,4.07,704.0,2.5343999999999998
2011-03-04 15:00:00,8.7,47,-1.9,0.0,0.0,4.34,589.0,2.1204
2011-03-04 16:00:00,8.6,50,-1.4,0.0,0.0,4.58,430.0,1.548
2011-03-04 17:00:00,7.7,55,-0.9,0.0,0.0,3.12,243.0,0.8748
2011-03-04 18:00:00,6.1,62,-0.5,0.0,0.0,3.24,65.0,0.23399999999999999
2011-03-04 19:00:00,4.9,70,-0.1,0.0,0.0,3.68,0.0,0.0
2011-03-04 20:00:00,4.3,76,0.4,0.0,0.0,3.83,0.0,0.0
2011-03-04 21:00:00,4.0,80,0.8,0.0,0.0,3.86,0.0,0.0
2011-03-04 22:00:00,3.7,84,1.3,0.0,0.0,3.77,0.0,0.0
2011-03-04 23:00:00,3.5,88,1.7,0.0,0.0,3.85,0.0,0.0
2011-03-05 00:00:00,3.5,90,2.0,0.0,0.0,3.67,0.0,0.0
2011-03-05 01:00:00,3.5,91,2.2,0.0,0.0,3.27,0.0,0.0
2011-03-05 02:00:00,3.7,91,2.3,0.0,0.0,2.92,0.0,0.0
2011-03-05 03:00:00,4.0,91,2.7,0.0,0.0,2.94,0.0,0.0
2011-03-05 04:00:00,4.0,93,3.0,0.0,0.0,3.04,0.0,0.0
2011-03-05 05:00:00,3.9,95,3.2,0.0,0.0,2.55,0.0,0.0
2011-03-05 06:00:00,4.1,96,3.5,0.0,0.0,2.75,0.0,0.0
2011-03-05 07:00:00,4.4,97,3.9,0.0,0.0,2.71,5.0,0.018
2011-03-05 08:00:00,6.2,93,5.1,0.0,0.0,2.98,71.0,0.2556
2011-03-05 09:00:00,8.6,84,6.1,0.0,0.0,2.98,196.0,0.7056
2011-03-05 10:00:00,11.0,75,6.8,0.0,0.0,3.51,297.0,1.0692
2011-03-05 11:00:00,13.4,67,7.4,0.0,0.0,4.3,441.0,1.5876
2011-03-05 12:00:00,15.2,61,7.7,0.0,0.0,4.8,534.0,1.9223999999999999
2011-03-05 13:00:00,16.5,53,6.7,0.0,0.0,5.1,579.0,2.0844
2011-03-05 14:00:00,17.1,53,7.5,0.0,0.0,6.55,519.0,1.8683999999999998
2011-03-05 15:00:00,17.1,51,6.8,0.0,0.0,5.1,384.0,1.3824
2011-03-05 16:00:00,16.4,54,7.1,0.0,0.0,4.15,203.0,0.7308
2011-03-05 17:00:00,15.3,59,7.4,0.0,0.0,3.77,129.0,0.4644
2011-03-05 18:00:00,13.6,67,7.5,0.0,0.0,4.38,40.0,0.144
2011-03-05 19:00:00,12.4,73,7.7,0.0,0.0,4.53,0.0,0.0
2011-03-05 20:00:00,12.1,76,7.9,0.0,0.0,4.48,0.0,0.0
2011-03-05 21:00:00,12.1,77,8.1,0.0,0.0,4.55,0.0,0.0
2011-03-05 22:00:00,12.1,77,8.3,0.0,0.0,4.71,0.0,0.0
2011-03-05 23:00:00,12.0,79,8.5,0.0,0.0,5.0,0.0,0.0
2011-03-06 00:00:00,11.8,80,8.5,0.0,0.0,5.12,0.0,0.0
2011-03-06 01:00:00,11.7,81,8.6,0.0,0.0,5.16,0.0,0.0
2011-03-06 02:00:00,12.4,78,8.7,0.0,0.0,5.15,0.0,0.0
2011-03-06 03:00:00,12.6,77,8.7,0.0,0.0,5.05,0.0,0.0
2011-03-06 04:00:00,12.5,78,8.8,0.2,0.0,4.9,0.0,0.0
2011-03-06 05:00:00,12.2,81,9.1,0.4,0.0,5.06,0.0,0.0
2011-03-06 06:00:00,11.4,88,9.6,0.8,0.0,4.88,0.0,0.0
2011-03-06 07:00:00,11.1,92,9.9,1.4,0.0,4.13,1.0,0.0036
2011-03-06 08:00:00,11.3,93,10.3,1.5,0.0,4.0,12.0,0.0432
2011-03-06 09:00:00,11.8,95,11.0,1.1,0.0,3.72,29.0,0.10439999999999999
2011-03-06 10:00:00,12.4,96,11.8,0.7,0.0,3.96,55.0,0.19799999999999998
2011-03-06 11:00:00,12.9,96,12.2,0.4,0.0,3.52,69.0,0.24839999999999998
2011-03-06 12:00:00,13.5,96,13.0,1.1,0.0,2.89,119.0,0.4284
2011-03-06 13:00:00,13.6,98,13.4,1.7,0.0,2.33,94.0,0.3384
2011-03-06 14:00:00,13.4,97,13.0,3.4,0.0,1.84,30.0,0.108
2011-03-06 15:00:00,13.0,97,12.6,5.2,0.0,2.1,23.0,0.0828
2011-03-06 16:00:00,12.4,98,12.1,5.7,0.0,1.42,18.0,0.0648
2011-03-06 17:00:00,11.7,100,11.6,7.0,0.0,3.74,8.0,0.0288
2011-03-06 18:00:00,9.6,100,9.5,6.5,0.0,5.81,4.0,0.0144
2011-03-06 19:00:00,5.8,93,4.7,2.0,0.0,6.62,0.0,0.0
2011-03-06 20:00:00,3.5,94,2.6,0.4,0.0,7.22,0.0,0.0
2011-03-06 21:00:00,2.9,89,1.2,0.0,0.0,6.67,0.0,0.0
2011-03-06 22:00:00,2.6,86,0.5,0.0,0.0,6.49,0.0,0.0
2011-03-06 23:00:00,1.9,89,0.3,0.2,0.07,6.16,0.0,0.0
2011-03-07 00:00:00,1.2,94,0.4,0.4,0.35,6.55,0.0,0.0
2011-03-07 01:00:00,1.1,89,-0.5,0.0,0.63,6.9,0.0,0.0
2011-03-07 02:00:00,1.1,88,-0.6,0.0,0.42,6.81,0.0,0.0
2011-03-07 03:00:00,0.8,79,-2.5,0.0,0.21,7.57,0.0,0.0
2011-03-07 04:00:00,0.7,73,-3.6,0.0,0.07,7.29,0.0,0.0
2011-03-07 05:00:00,0.5,70,-4.4,0.0,0.07,6.17,0.0,0.0
2011-03-07 06:00:00,0.4,66,-5.2,0.0,0.0,5.58,0.0,0.0
2011-03-07 07:00:00,0.3,64,-5.8,0.0,0.0,5.37,8.0,0.0288
2011-03-07 08:00:00,1.1,58,-6.2,0.0,0.0,5.28,139.0,0.5004
2011-03-07 09:00:00,2.4,50,-6.9,0.0,0.0,6.37,340.0,1.224
2011-03-07 10:00:00,4.0,45,-6.8,0.0,0.0,6.16,526.0,1.8936
2011-03-07 11:00:00,5.6,42,-6.3,0.0,0.0,5.58,670.0,2.412
2011-03-07 12:00:00,7.2,39,-5.8,0.0,0.0,5.28,758.0,2.7288
2011-03-07 13:00:00,8.5,36,-5.8,0.0,0.0,5.06,782.0,2.8152
2011-03-07 14:00:00,9.1,35,-5.5,0.0,0.0,5.11,737.0,2.6532
2011-03-07 15:00:00,9.4,32,-6.3,0.0,0.0,4.94,631.0,2.2716
2011-03-07 16:00:00,9.3,31,-7.0,0.0,0.0,4.55,471.0,1.6956
2011-03-07 17:00:00,8.5,32,-7.3,0.0,0.0,2.62,275.0,0.99
2011-03-07 18:00:00,6.9,36,-7.1,0.0,0.0,1.87,79.0,0.2844
2011-03-07 19:00:00,5.1,42,-6.7,0.0,0.0,1.94,0.0,0.0
2011-03-07 20:00:00,3.7,50,-5.8,0.0,0.0,1.93,0.0,0.0
2011-03-07 21:00:00,2.6,60,-4.4,0.0,0.0,1.84,0.0,0.0
2011-03-07 22:00:00,1.9,65,-4.0,0.0,0.0,1.8,0.0,0.0
2011-03-07 23:00:00,1.0,69,-4.1,0.0,0.0,1.73,0.0,0.0
2011-03-08 00:00:00,0.4,71,-4.3,0.0,0.0,1.65,0.0,0.0
2011-03-08 01:00:00,-0.1,73,-4.4,0.0,0.0,1.71,0.0,0.0
2011-03-08 02:00:00,-0.2,71,-4.8,0.0,0.0,2.06,0.0,0.0
2011-03-08 03:00:00,-0.5,71,-5.0,0.0,0.0,2.28,0.0,0.0
2011-03-08 04:00:00,-1.1,75,-5.0,0.0,0.0,2.33,0.0,0.0
2011-03-08 05:00:00,-2.0,79,-5.2,0.0,0.0,1.92,0.0,0.0
2011-03-08 06:00:00,-2.7,82,-5.4,0.0,0.0,2.42,0.0,0.0
2011-03-08 07:00:00,-2.7,82,-5.4,0.0,0.0,2.72,10.0,0.036
2011-03-08 08:00:00,1.0,68,-4.3,0.0,0.0,2.55,147.0,0.5292
2011-03-08 09:00:00,3.2,53,-5.5,0.0,0.0,2.46,349.0,1.2564
2011-03-08 10:00:00,5.0,45,-6.0,0.0,0.0,2.02,532.0,1.9152
2011-03-08 11:00:00,6.8,39,-6.3,0.0,0.0,1.7,675.0,2.4299999999999997
2011-03-08 12:00:00,8.1,35,-6.5,0.0,0.0,1.5,714.0,2.5704
2011-03-08 13:00:00,8.9,33,-6.6,0.0,0.0,1.5,649.0,2.3364
2011-03-08 14:00:00,9.6,31,-6.8,0.0,0.0,1.6,559.0,2.0124
2011-03-08 15:00:00,9.4,31,-6.8,0.0,0.0,2.41,392.0,1.4112
2011-03-08 16:00:00,9.0,32,-6.8,0.0,0.0,3.11,328.0,1.1808
2011-03-08 17:00:00,8.1,34,-6.7,0.0,0.0,2.47,253.0,0.9107999999999999
2011-03-08 18:00:00,6.5,40,-6.0,0.0,0.0,1.87,79.0,0.2844
2011-03-08 19:00:00,4.9,47,-5.5,0.0,0.0,2.04,0.0,0.0
2011-03-08 20:00:00,3.4,54,-5.0,0.0,0.0,2.51,0.0,0.0
2011-03-08 21:00:00,2.2,61,-4.6,0.0,0.0,2.75,0.0,0.0
2011-03-08 22:00:00,1.4,69,-3.6,0.0,0.0,2.68,0.0,0.0
2011-03-08 23:00:00,0.7,79,-2.4,0.0,0.0,3.18,0.0,0.0
2011-03-09 00:00:00,0.1,86,-1.9,0.0,0.0,2.82,0.0,0.0
2011-03-09 01:00:00,0.0,89,-1.6,0.0,0.0,2.6,0.0,0.0
2011-03-09 02:00:00,0.3,88,-1.5,0.0,0.0,2.55,0.0,0.0
2011-03-09 03:00:00,0.1,89,-1.5,0.0,0.0,2.24,0.0,0.0
2011-03-09 04:00:00,0.5,89,-1.1,0.0,0.0,2.73,0.0,0.0
2011-03-09 05:00:00,1.0,90,-0.5,0.0,0.0,2.4,0.0,0.0
2011-03-09 06:00:00,1.3,92,0.1,0.0,0.0,2.21,0.0,0.0
2011-03-09 07:00:00,1.9,92,0.8,0.0,0.0,2.65,4.0,0.0144
2011-03-09 08:00:00,3.0,90,1.5,0.0,0.0,3.03,40.0,0.144
2011-03-09 09:00:00,4.2,86,2.0,0.0,0.0,3.41,83.0,0.2988
2011-03-09 10:00:00,5.1,82,2.4,0.0,0.0,3.69,113.0,0.4068
2011-03-09 11:00:00,5.7,80,2.6,0.0,0.0,4.27,106.0,0.3816
2011-03-09 12:00:00,6.8,77,3.0,0.0,0.0,5.35,156.0,0.5616
2011-03-09 13:00:00,7.8,73,3.2,0.0,0.0,5.37,140.0,0.504
2011-03-09 14:00:00,8.2,73,3.7,0.0,0.0,5.22,93.0,0.3348
2011-03-09 15:00:00,8.7,72,3.9,0.0,0.0,4.7,130.0,0.46799999999999997
2011-03-09 16:00:00,8.7,73,4.2,0.0,0.0,4.22,92.0,0.3312
2011-03-09 17:00:00,8.5,75,4.2,0.0,0.0,3.1,55.0,0.19799999999999998
2011-03-09 18:00:00,7.8,79,4.3,0.0,0.0,4.21,13.0,0.0468
2011-03-09 19:00:00,7.5,81,4.5,0.0,0.0,4.74,0.0,0.0
2011-03-09 20:00:00,7.3,84,4.7,0.1,0.0,4.81,0.0,0.0
2011-03-09 21:00:00,7.2,87,5.1,0.2,0.0,5.12,0.0,0.0
2011-03-09 22:00:00,7.3,88,5.4,0.2,0.0,5.41,0.0,0.0
2011-03-09 23:00:00,7.6,89,5.9,0.2,0.0,5.6,0.0,0.0
2011-03-10 00:00:00,7.9,90,6.4,0.1,0.0,5.65,0.0,0.0
2011-03-10 01:00:00,8.3,92,7.0,0.2,0.0,5.59,0.0,0.0
2011-03-10 02:00:00,8.4,95,7.7,1.2,0.0,5.88,0.0,0.0
2011-03-10 03:00:00,8.9,95,8.2,1.3,0.0,6.02,0.0,0.0
2011-03-10 04:00:00,9.4,95,8.7,1.5,0.0,5.94,0.0,0.0
2011-03-10 05:00:00,9.7,95,9.0,1.7,0.0,4.61,0.0,0.0
2011-03-10 06:00:00,9.9,95,9.2,2.1,0.0,5.32,0.0,0.0
2011-03-10 07:00:00,10.1,94,9.3,2.4,0.0,4.85,1.0,0.0036
2011-03-10 08:00:00,10.4,94,9.5,2.3,0.0,4.83,10.0,0.036
2011-03-10 09:00:00,10.6,94,9.8,2.1,0.0,4.42,23.0,0.0828
2011-03-10 10:00:00,11.0,95,10.2,1.5,0.0,5.11,37.0,0.13319999999999999
2011-03-10 11:00:00,11.3,96,10.7,1.1,0.0,5.46,43.0,0.1548
2011-03-10 12:00:00,12.0,97,11.5,2.3,0.0,5.72,127.0,0.4572
2011-03-10 13:00:00,12.6,96,11.9,0.5,0.0,5.11,135.0,0.486
2011-03-10 14:00:00,12.6,97,12.1,1.0,0.0,4.67,73.0,0.2628
2011-03-10 15:00:00,12.6,98,12.3,1.2,0.0,5.24,79.0,0.2844
2011-03-10 16:00:00,12.4,98,12.2,1.7,0.0,5.59,39.0,0.1404
2011-03-10 17:00:00,12.4,99,12.2,2.3,0.0,5.81,23.0,0.0828
2011-03-10 18:00:00,12.3,99,12.2,2.9,0.0,6.53,8.0,0.0288
2011-03-10 19:00:00,12.7,99,12.6,1.8,0.0,6.08,0.0,0.0
2011-03-10 20:00:00,13.2,99,13.1,1.3,0.0,5.81,0.0,0.0
2011-03-10 21:00:00,13.5,98,13.1,2.0,0.0,5.77,0.0,0.0
2011-03-10 22:00:00,12.3,93,11.2,1.5,0.0,3.35,0.0,0.0
2011-03-10 23:00:00,11.0,91,9.6,0.6,0.0,2.56,0.0,0.0
2011-03-11 00:00:00,9.3,94,8.4,0.2,0.0,3.36,0.0,0.0
2011-03-11 01:00:00,7.6,86,5.5,0.0,0.0,2.82,0.0,0.0
2011-03-11 02:00:00,7.0,90,5.5,0.0,0.0,1.73,0.0,0.0
2011-03-11 03:00:00,7.0,90,5.4,0.0,0.0,2.02,0.0,0.0
2011-03-11 04:00:00,7.0,89,5.2,0.0,0.0,2.61,0.0,0.0
2011-03-11 05:00:00,6.5,86,4.3,0.0,0.0,3.35,0.0,0.0
2011-03-11 06:00:00,5.9,82,3.0,0.0,0.0,3.51,0.0,0.0
2011-03-11 07:00:00,5.1,80,2.0,0.0,0.0,3.23,6.0,0.0216
2011-03-11 08:00:00,5.4,73,0.9,0.0,0.0,2.95,99.0,0.3564
2011-03-11 09:00:00,6.2,63,-0.4,0.0,0.0,3.71,253.0,0.9107999999999999
2011-03-11 10:00:00,7.1,57,-0.7,0.0,0.0,3.4,375.0,1.3499999999999999
2011-03-11 11:00:00,9.0,50,-0.8,0.0,0.0,3.14,625.0,2.25
2011-03-11 12:00:00,10.8,43,-1.2,0.0,0.0,3.55,677.0,2.4372
2011-03-11 13:00:00,11.6,39,-2.0,0.0,0.0,4.03,634.0,2.2824
2011-03-11 14:00:00,10.1,43,-1.9,0.0,0.0,4.57,388.0,1.3968
2011-03-11 15:00:00,10.5,40,-2.7,0.0,0.0,4.7,313.0,1.1268
2011-03-11 16:00:00,10.3,39,-3.1,0.0,0.0,4.88,209.0,0.7524
2011-03-11 17:00:00,9.6,41,-3.1,0.0,0.0,3.85,141.0,0.5075999999999999
2011-03-11 18:00:00,8.4,43,-3.4,0.0,0.0,3.62,46.0,0.1656
2011-03-11 19:00:00,7.2,47,-3.4,0.0,0.0,3.18,0.0,0.0
2011-03-11 20:00:00,6.2,51,-3.3,0.0,0.0,2.77,0.0,0.0
2011-03-11 21:00:00,5.4,54,-3.1,0.0,0.0,2.45,0.0,0.0
2011-03-11 22:00:00,5.1,56,-3.1,0.0,0.0,2.63,0.0,0.0
2011-03-11 23:00:00,4.4,59,-3.0,0.0,0.0,3.04,0.0,0.0
2011-03-12 00:00:00,3.9,62,-2.7,0.0,0.0,2.73,0.0,0.0
2011-03-12 01:00:00,2.9,68,-2.4,0.0,0.0,2.84,0.0,0.0
2011-03-12 02:00:00,2.5,70,-2.4,0.0,0.0,3.05,0.0,0.0
2011-03-12 03:00:00,2.1,72,-2.3,0.0,0.0,3.36,0.0,0.0
2011-03-12 04:00:00,1.9,73,-2.4,0.0,0.0,3.54,0.0,0.0
2011-03-12 05:00:00,1.6,74,-2.6,0.0,0.0,3.18,0.0,0.0
2011-03-12 06:00:00,1.4,75,-2.6,0.0,0.0,3.14,0.0,0.0
2011-03-12 07:00:00,1.3,78,-2.2,0.0,0.0,3.26,16.0,0.0576
2011-03-12 08:00:00,4.1,69,-1.0,0.0,0.0,3.32,164.0,0.5904
2011-03-12 09:00:00,7.0,58,-0.6,0.0,0.0,3.54,346.0,1.2456
2011-03-12 10:00:00,8.9,52,-0.4,0.0,0.0,3.96,428.0,1.5408
2011-03-12 11:00:00,10.4,48,-0.2,0.0,0.0,4.11,487.0,1.7531999999999999
2011-03-12 12:00:00,11.4,46,0.2,0.0,0.0,4.3,461.0,1.6596
2011-03-12 13:00:00,12.9,44,0.9,0.0,0.0,4.98,552.0,1.9871999999999999
2011-03-12 14:00:00,13.8,43,1.3,0.0,0.0,5.59,639.0,2.3004
2011-03-12 15:00:00,15.0,41,2.0,0.0,0.0,5.87,604.0,2.1744
2011-03-12 16:00:00,15.5,41,2.4,0.0,0.0,5.58,468.0,1.6847999999999999
2011-03-12 17:00:00,15.2,44,3.0,0.0,0.0,3.18,277.0,0.9972
2011-03-12 18:00:00,13.8,47,2.7,0.0,0.0,2.63,85.0,0.306
2011-03-12 19:00:00,12.6,51,2.7,0.0,0.0,2.5,1.0,0.0036
2011-03-12 20:00:00,11.6,56,3.1,0.0,0.0,2.66,0.0,0.0
2011-03-12 21:00:00,10.6,61,3.3,0.0,0.0,3.05,0.0,0.0
2011-03-12 22:00:00,9.8,64,3.4,0.0,0.0,3.42,0.0,0.0
2011-03-12 23:00:00,9.2,67,3.3,0.0,0.0,3.5,0.0,0.0
2011-03-13 00:00:00,8.6,69,3.3,0.0,0.0,3.61,0.0,0.0
2011-03-13 01:00:00,7.9,73,3.3,0.0,0.0,3.53,0.0,0.0
2011-03-13 02:00:00,7.2,71,2.2,0.0,0.0,3.52,0.0,0.0
2011-03-13 03:00:00,6.6,70,1.5,0.0,0.0,3.52,0.0,0.0
2011-03-13 04:00:00,5.9,68,0.5,0.0,0.0,3.38,0.0,0.0
2011-03-13 05:00:00,5.1,71,0.3,0.0,0.0,3.2,0.0,0.0
2011-03-13 06:00:00,4.2,77,0.5,0.0,0.0,3.0,0.0,0.0
2011-03-13 07:00:00,3.6,83,0.9,0.0,0.0,3.24,17.0,0.0612
2011-03-13 08:00:00,6.9,73,2.3,0.0,0.0,3.49,159.0,0.5724
2011-03-13 09:00:00,9.6,60,2.1,0.0,0.0,4.16,352.0,1.2671999999999999
2011-03-13 10:00:00,10.9,52,1.4,0.0,0.0,3.98,520.0,1.8719999999999999
2011-03-13 11:00:00,11.9,46,0.7,0.0,0.0,4.26,638.0,2.2967999999999997
2011-03-13 12:00:00,12.8,42,0.3,0.0,0.0,4.89,695.0,2.502
2011-03-13 13:00:00,13.0,43,0.6,0.0,0.0,5.06,661.0,2.3796
2011-03-13 14:00:00,14.5,39,0.6,0.0,0.0,5.2,548.0,1.9727999999999999
2011-03-13 15:00:00,14.6,39,0.9,0.0,0.0,4.88,483.0,1.7388
2011-03-13 16:00:00,14.1,41,0.9,0.0,0.0,4.53,454.0,1.6343999999999999
2011-03-13 17:00:00,12.9,45,1.1,0.0,0.0,3.67,271.0,0.9756
2011-03-13 18:00:00,11.1,48,0.5,0.0,0.0,3.51,92.0,0.3312
2011-03-13 19:00:00,9.3,51,-0.3,0.0,0.0,3.48,1.0,0.0036
2011-03-13 20:00:00,7.9,54,-0.9,0.0,0.0,3.54,0.0,0.0
2011-03-13 21:00:00,6.8,56,-1.4,0.0,0.0,3.35,0.0,0.0
2011-03-13 22:00:00,5.8,58,-1.8,0.0,0.0,3.16,0.0,0.0
2011-03-13 23:00:00,4.9,61,-2.0,0.0,0.0,2.73,0.0,0.0
2011-03-14 00:00:00,3.9,65,-2.1,0.0,0.0,2.61,0.0,0.0
2011-03-14 01:00:00,2.8,71,-1.9,0.0,0.0,2.36,0.0,0.0
2011-03-14 02:00:00,1.5,77,-2.1,0.0,0.0,2.2,0.0,0.0
2011-03-14 03:00:00,1.1,79,-2.1,0.0,0.0,1.89,0.0,0.0
2011-03-14 04:00:00,0.3,81,-2.5,0.0,0.0,2.02,0.0,0.0
2011-03-14 05:00:00,-0.3,83,-2.8,0.0,0.0,1.94,0.0,0.0
2011-03-14 06:00:00,-0.8,85,-3.1,0.0,0.0,1.8,0.0,0.0
2011-03-14 07:00:00,-0.7,86,-2.8,0.0,0.0,2.15,19.0,0.0684
2011-03-14 08:00:00,3.0,72,-1.6,0.0,0.0,1.72,170.0,0.612
2011-03-14 09:00:00,4.9,59,-2.4,0.0,0.0,2.8,355.0,1.278
2011-03-14 10:00:00,6.4,50,-3.3,0.0,0.0,3.69,519.0,1.8683999999999998
2011-03-14 11:00:00,7.2,49,-2.9,0.0,0.0,3.58,565.0,2.034
2011-03-14 12:00:00,8.2,46,-2.9,0.0,0.0,3.38,626.0,2.2536
2011-03-14 13:00:00,9.2,42,-3.2,0.0,0.0,3.14,669.0,2.4084
2011-03-14 14:00:00,10.3,39,-3.1,0.0,0.0,2.82,574.0,2.0664
2011-03-14 15:00:00,10.7,38,-3.1,0.0,0.0,2.79,552.0,1.9871999999999999
2011-03-14 16:00:00,10.4,38,-3.3,0.0,0.0,2.71,403.0,1.4507999999999999
2011-03-14 17:00:00,10.0,39,-3.5,0.0,0.0,1.9,263.0,0.9468
2011-03-14 18:00:00,8.8,45,-2.4,0.0,0.0,1.14,86.0,0.3096
2011-03-14 19:00:00,7.0,55,-1.5,0.0,0.0,1.36,1.0,0.0036
2011-03-14 20:00:00,5.6,63,-0.9,0.0,0.0,1.7,0.0,0.0
2011-03-14 21:00:00,5.1,67,-0.6,0.0,0.0,2.0,0.0,0.0
2011-03-14 22:00:00,4.3,72,-0.3,0.0,0.0,1.8,0.0,0.0
2011-03-14 23:00:00,3.7,77,0.0,0.0,0.0,1.7,0.0,0.0
2011-03-15 00:00:00,4.6,69,-0.6,0.0,0.0,1.71,0.0,0.0
2011-03-15 01:00:00,4.6,70,-0.5,0.0,0.0,2.42,0.0,0.0
2011-03-15 02:00:00,0.7,86,-1.3,0.0,0.0,2.53,0.0,0.0
2011-03-15 03:00:00,0.2,89,-1.5,0.0,0.0,2.28,0.0,0.0
2011-03-15 04:00:00,-0.0,89,-1.6,0.0,0.0,2.56,0.0,0.0
2011-03-15 05:00:00,-0.4,91,-1.7,0.0,0.0,2.44,0.0,0.0
2011-03-15 06:00:00,-0.7,92,-1.9,0.0,0.0,2.26,0.0,0.0
2011-03-15 07:00:00,-0.5,93,-1.5,0.0,0.0,2.67,21.0,0.0756
2011-03-15 08:00:00,3.6,82,0.8,0.0,0.0,2.41,169.0,0.6083999999999999
2011-03-15 09:00:00,5.7,72,1.1,0.0,0.0,2.56,262.0,0.9431999999999999
2011-03-15 10:00:00,7.3,63,0.7,0.0,0.0,2.98,399.0,1.4364
2011-03-15 11:00:00,8.7,55,0.2,0.0,0.0,3.18,556.0,2.0016
2011-03-15 12:00:00,9.5,52,0.2,0.0,0.0,3.54,607.0,2.1852
2011-03-15 13:00:00,10.3,50,0.2,0.0,0.0,3.91,658.0,2.3688
2011-03-15 14:00:00,10.3,49,0.1,0.0,0.0,4.1,471.0,1.6956
2011-03-15 15:00:00,9.8,51,0.2,0.0,0.0,4.24,286.0,1.0296
2011-03-15 16:00:00,9.4,55,0.8,0.0,0.0,4.25,213.0,0.7667999999999999
2011-03-15 17:00:00,8.3,69,2.9,0.5,0.0,2.37,119.0,0.4284
2011-03-15 18:00:00,7.3,76,3.4,0.5,0.0,2.56,33.0,0.1188
2011-03-15 19:00:00,6.7,80,3.5,0.0,0.0,2.62,1.0,0.0036
2011-03-15 20:00:00,6.2,83,3.5,0.0,0.0,2.7,0.0,0.0
2011-03-15 21:00:00,6.1,84,3.7,0.6,0.0,2.83,0.0,0.0
2011-03-15 22:00:00,5.7,91,4.4,0.3,0.0,3.24,0.0,0.0
2011-03-15 23:00:00,5.7,93,4.7,1.0,0.0,3.14,0.0,0.0
2011-03-16 00:00:00,5.7,95,4.9,0.7,0.0,2.6,0.0,0.0
2011-03-16 01:00:00,5.8,96,5.2,1.0,0.0,2.41,0.0,0.0
2011-03-16 02:00:00,5.5,97,5.0,0.8,0.0,1.64,0.0,0.0
2011-03-16 03:00:00,5.5,97,5.1,1.1,0.0,1.77,0.0,0.0
2011-03-16 04:00:00,5.4,98,5.1,0.8,0.0,2.1,0.0,0.0
2011-03-16 05:00:00,5.4,98,5.1,0.2,0.0,1.88,0.0,0.0
2011-03-16 06:00:00,5.4,97,5.0,0.0,0.0,1.32,0.0,0.0
2011-03-16 07:00:00,5.6,97,5.1,0.0,0.0,1.17,6.0,0.0216
2011-03-16 08:00:00,6.5,95,5.8,0.0,0.0,1.28,75.0,0.27
2011-03-16 09:00:00,8.1,89,6.5,0.0,0.0,2.08,266.0,0.9576
2011-03-16 10:00:00,9.4,84,6.8,0.0,0.0,2.1,320.0,1.152
2011-03-16 11:00:00,10.7,76,6.7,0.0,0.0,1.97,378.0,1.3608
2011-03-16 12:00:00,11.7,69,6.3,0.0,0.0,2.33,391.0,1.4076
2011-03-16 13:00:00,12.8,63,5.9,0.0,0.0,2.78,396.0,1.4256
2011-03-16 14:00:00,13.7,56,5.0,0.0,0.0,2.95,305.0,1.0979999999999999
2011-03-16 15:00:00,14.0,51,4.2,0.0,0.0,3.26,265.0,0.954
2011-03-16 16:00:00,13.4,55,4.6,0.0,0.0,2.66,102.0,0.36719999999999997
2011-03-16 17:00:00,12.9,58,4.9,0.0,0.0,2.1,96.0,0.3456
2011-03-16 18:00:00,11.9,62,4.8,0.0,0.0,2.24,33.0,0.1188
2011-03-16 19:00:00,10.9,66,4.8,0.0,0.0,2.58,1.0,0.0036
2011-03-16 20:00:00,10.3,69,4.9,0.0,0.0,3.08,0.0,0.0
2011-03-16 21:00:00,10.1,69,4.6,0.0,0.0,3.64,0.0,0.0
2011-03-16 22:00:00,9.6,69,4.2,0.0,0.0,4.02,0.0,0.0
2011-03-16 23:00:00,9.0,71,4.1,0.0,0.0,3.97,0.0,0.0
2011-03-17 00:00:00,8.2,75,4.1,0.0,0.0,3.97,0.0,0.0
2011-03-17 01:00:00,7.5,79,4.1,0.0,0.0,3.94,0.0,0.0
2011-03-17 02:00:00,7.6,83,4.9,0.0,0.0,3.22,0.0,0.0
2011-03-17 03:00:00,6.7,87,4.7,0.0,0.0,2.92,0.0,0.0
2011-03-17 04:00:00,5.9,90,4.4,0.0,0.0,2.92,0.0,0.0
2011-03-17 05:00:00,5.1,93,4.0,0.0,0.0,2.42,0.0,0.0
2011-03-17 06:00:00,4.3,94,3.5,0.0,0.0,2.25,0.0,0.0
2011-03-17 07:00:00,4.3,94,3.4,0.0,0.0,2.52,25.0,0.09
2011-03-17 08:00:00,7.2,83,4.5,0.0,0.0,2.62,181.0,0.6516
2011-03-17 09:00:00,9.3,73,4.8,0.0,0.0,3.33,363.0,1.3068
2011-03-17 10:00:00,11.5,66,5.3,0.0,0.0,2.83,567.0,2.0412
2011-03-17 11:00:00,13.7,58,5.7,0.0,0.0,2.42,701.0,2.5236
2011-03-17 12:00:00,15.3,52,5.5,0.0,0.0,2.25,785.0,2.826
2011-03-17 13:00:00,16.5,47,5.2,0.0,0.0,1.82,803.0,2.8908
2011-03-17 14:00:00,17.3,46,5.7,0.0,0.0,2.25,753.0,2.7108
2011-03-17 15:00:00,17.7,45,5.5,0.0,0.0,2.72,645.0,2.322
2011-03-17 16:00:00,17.7,44,5.1,0.0,0.0,3.12,486.0,1.7496
2011-03-17 17:00:00,16.9,46,5.3,0.0,0.0,1.84,292.0,1.0512
2011-03-17 18:00:00,14.9,53,5.5,0.0,0.0,1.99,97.0,0.3492
2011-03-17 19:00:00,13.1,58,5.0,0.0,0.0,2.52,2.0,0.0072
2011-03-17 20:00:00,12.0,61,4.6,0.0,0.0,3.01,0.0,0.0
2011-03-17 21:00:00,11.3,62,4.3,0.0,0.0,3.41,0.0,0.0
2011-03-17 22:00:00,10.7,64,4.3,0.0,0.0,3.67,0.0,0.0
2011-03-17 23:00:00,10.3,66,4.3,0.0,0.0,3.96,0.0,0.0
2011-03-18 00:00:00,10.3,66,4.2,0.0,0.0,4.16,0.0,0.0
2011-03-18 01:00:00,10.2,66,4.1,0.0,0.0,4.16,0.0,0.0
2011-03-18 02:00:00,10.4,62,3.5,0.0,0.0,4.24,0.0,0.0
2011-03-18 03:00:00,10.3,64,3.7,0.0,0.0,4.22,0.0,0.0
2011-03-18 04:00:00,10.0,66,4.0,0.0,0.0,3.96,0.0,0.0
2011-03-18 05:00:00,9.8,69,4.3,0.0,0.0,3.48,0.0,0.0
2011-03-18 06:00:00,9.4,72,4.7,0.0,0.0,3.55,0.0,0.0
2011-03-18 07:00:00,9.6,75,5.4,0.0,0.0,3.61,25.0,0.09
2011-03-18 08:00:00,11.9,71,6.8,0.0,0.0,3.18,178.0,0.6408
2011-03-18 09:00:00,15.2,63,8.2,0.0,0.0,2.86,359.0,1.2924
2011-03-18 10:00:00,18.4,58,10.0,0.0,0.0,3.02,526.0,1.8936
2011-03-18 11:00:00,21.1,56,11.9,0.0,0.0,3.22,661.0,2.3796
2011-03-18 12:00:00,23.0,54,13.1,0.0,0.0,3.67,713.0,2.5667999999999997
2011-03-18 13:00:00,23.8,51,13.1,0.0,0.0,5.75,503.0,1.8108
2011-03-18 14:00:00,24.9,45,12.3,0.0,0.0,4.88,471.0,1.6956
2011-03-18 15:00:00,25.1,45,12.3,0.0,0.0,5.02,453.0,1.6308
2011-03-18 16:00:00,24.7,47,12.7,0.0,0.0,4.1,351.0,1.2636
2011-03-18 17:00:00,23.7,51,13.1,0.0,0.0,2.63,247.0,0.8892
2011-03-18 18:00:00,21.5,58,12.8,0.0,0.0,2.26,95.0,0.34199999999999997
2011-03-18 19:00:00,19.3,64,12.4,0.0,0.0,2.66,2.0,0.0072
2011-03-18 20:00:00,18.4,66,12.0,0.0,0.0,3.24,0.0,0.0
2011-03-18 21:00:00,17.8,69,12.1,0.0,0.0,3.51,0.0,0.0
2011-03-18 22:00:00,17.1,74,12.5,0.0,0.0,3.4,0.0,0.0
2011-03-18 23:00:00,16.5,77,12.4,0.0,0.0,3.74,0.0,0.0
2011-03-19 00:00:00,15.8,61,8.4,0.0,0.0,4.31,0.0,0.0
2011-03-19 01:00:00,14.6,48,3.8,0.0,0.0,4.83,0.0,0.0
2011-03-19 02:00:00,16.2,48,5.1,0.0,0.0,5.1,0.0,0.0
2011-03-19 03:00:00,14.9,45,3.1,0.0,0.0,4.92,0.0,0.0
2011-03-19 04:00:00,13.7,46,2.2,0.0,0.0,5.19,0.0,0.0
2011-03-19 05:00:00,12.2,50,2.1,0.0,0.0,3.94,0.0,0.0
2011-03-19 06:00:00,10.8,54,1.9,0.0,0.0,3.67,0.0,0.0
2011-03-19 07:00:00,9.9,57,1.8,0.0,0.0,3.96,27.0,0.0972
2011-03-19 08:00:00,9.8,54,0.9,0.0,0.0,4.31,159.0,0.5724
2011-03-19 09:00:00,10.4,50,0.5,0.0,0.0,5.14,397.0,1.4292
2011-03-19 10:00:00,11.4,46,0.3,0.0,0.0,5.16,592.0,2.1311999999999998
2011-03-19 11:00:00,12.4,43,0.3,0.0,0.0,5.02,731.0,2.6315999999999997
2011-03-19 12:00:00,13.4,41,0.3,0.0,0.0,5.2,813.0,2.9268
2011-03-19 13:00:00,14.2,39,0.3,0.0,0.0,5.26,831.0,2.9916
2011-03-19 14:00:00,15.3,38,0.9,0.0,0.0,5.19,767.0,2.7612
2011-03-19 15:00:00,15.5,36,0.3,0.0,0.0,5.03,667.0,2.4012
2011-03-19 16:00:00,15.4,34,-0.3,0.0,0.0,4.89,508.0,1.8288
2011-03-19 17:00:00,14.7,35,-0.6,0.0,0.0,3.16,311.0,1.1196
2011-03-19 18:00:00,13.3,38,-0.7,0.0,0.0,2.02,110.0,0.39599999999999996
2011-03-19 19:00:00,11.7,42,-0.9,0.0,0.0,2.15,3.0,0.0108
2011-03-19 20:00:00,10.4,45,-1.1,0.0,0.0,2.69,0.0,0.0
2011-03-19 21:00:00,9.3,47,-1.3,0.0,0.0,3.13,0.0,0.0
2011-03-19 22:00:00,8.4,50,-1.5,0.0,0.0,3.4,0.0,0.0
2011-03-19 23:00:00,7.4,53,-1.5,0.0,0.0,3.14,0.0,0.0
2011-03-20 00:00:00,6.5,57,-1.4,0.0,0.0,2.8,0.0,0.0
2011-03-20 01:00:00,5.5,62,-1.3,0.0,0.0,2.64,0.0,0.0
2011-03-20 02:00:00,4.5,65,-1.5,0.0,0.0,2.62,0.0,0.0
2011-03-20 03:00:00,3.6,68,-1.7,0.0,0.0,2.5,0.0,0.0
2011-03-20 04:00:00,2.8,71,-1.9,0.0,0.0,2.34,0.0,0.0
2011-03-20 05:00:00,2.0,74,-2.1,0.0,0.0,1.56,0.0,0.0
2011-03-20 06:00:00,1.5,76,-2.2,0.0,0.0,1.66,0.0,0.0
2011-03-20 07:00:00,1.9,76,-1.9,0.0,0.0,1.86,32.0,0.1152
2011-03-20 08:00:00,4.1,56,-3.9,0.0,0.0,2.34,192.0,0.6912
2011-03-20 09:00:00,5.1,51,-4.3,0.0,0.0,1.98,372.0,1.3392
2011-03-20 10:00:00,6.3,47,-4.2,0.0,0.0,1.42,524.0,1.8863999999999999
2011-03-20 11:00:00,7.5,44,-3.9,0.0,0.0,0.95,626.0,2.2536
2011-03-20 12:00:00,8.7,43,-3.4,0.0,0.0,1.3,728.0,2.6208
2011-03-20 13:00:00,9.6,41,-3.0,0.0,0.0,1.52,766.0,2.7576
2011-03-20 14:00:00,10.5,42,-2.0,0.0,0.0,1.79,743.0,2.6748
2011-03-20 15:00:00,10.8,41,-1.9,0.0,0.0,2.37,672.0,2.4192
2011-03-20 16:00:00,10.6,40,-2.3,0.0,0.0,3.08,511.0,1.8396
2011-03-20 17:00:00,9.7,41,-3.0,0.0,0.0,2.9,317.0,1.1412
2011-03-20 18:00:00,8.5,44,-3.0,0.0,0.0,2.64,115.0,0.414
2011-03-20 19:00:00,7.2,49,-2.9,0.0,0.0,3.22,3.0,0.0108
2011-03-20 20:00:00,6.3,53,-2.6,0.0,0.0,3.62,0.0,0.0
2011-03-20 21:00:00,6.3,56,-1.8,0.0,0.0,3.97,0.0,0.0
2011-03-20 22:00:00,6.5,58,-1.2,0.0,0.0,4.2,0.0,0.0
2011-03-20 23:00:00,6.4,60,-0.7,0.0,0.0,4.27,0.0,0.0
2011-03-21 00:00:00,6.1,65,0.1,0.0,0.0,4.39,0.0,0.0
2011-03-21 01:00:00,6.0,71,1.1,0.0,0.0,4.65,0.0,0.0
2011-03-21 02:00:00,5.7,80,2.6,0.0,0.0,4.41,0.0,0.0
2011-03-21 03:00:00,5.9,81,2.9,0.3,0.0,4.34,0.0,0.0
2011-03-21 04:00:00,5.8,82,3.0,0.0,0.0,4.41,0.0,0.0
2011-03-21 05:00:00,5.8,82,2.9,0.0,0.0,3.75,0.0,0.0
2011-03-21 06:00:00,5.6,84,3.1,1.7,0.0,3.01,0.0,0.0
2011-03-21 07:00:00,5.8,87,3.8,1.5,0.0,3.92,10.0,0.036
2011-03-21 08:00:00,6.3,91,4.9,0.8,0.0,4.0,30.0,0.108
2011-03-21 09:00:00,7.4,92,6.2,0.9,0.0,3.75,98.0,0.3528
2011-03-21 10:00:00,9.4,89,7.6,0.0,0.0,4.43,194.0,0.6984
2011-03-21 11:00:00,13.4,75,9.2,0.0,0.0,3.78,489.0,1.7604
2011-03-21 12:00:00,16.4,69,10.6,0.0,0.0,3.26,607.0,2.1852
2011-03-21 13:00:00,19.1,61,11.5,0.0,0.0,3.47,706.0,2.5416
2011-03-21 14:00:00,21.1,56,11.9,0.0,0.0,4.03,583.0,2.0987999999999998
2011-03-21 15:00:00,22.2,55,12.6,0.0,0.0,4.17,438.0,1.5768
2011-03-21 16:00:00,22.3,57,13.4,0.0,0.0,3.11,314.0,1.1304
2011-03-21 17:00:00,20.9,64,13.9,0.2,0.0,3.11,169.0,0.6083999999999999
2011-03-21 18:00:00,18.0,80,14.6,0.7,0.0,2.55,40.0,0.144
2011-03-21 19:00:00,16.7,86,14.3,0.0,0.0,3.71,2.0,0.0072
2011-03-21 20:00:00,16.1,87,14.0,0.0,0.0,3.23,0.0,0.0
2011-03-21 21:00:00,15.6,87,13.5,0.0,0.0,3.32,0.0,0.0
2011-03-21 22:00:00,15.2,88,13.1,0.0,0.0,3.44,0.0,0.0
2011-03-21 23:00:00,14.6,89,12.8,0.0,0.0,3.94,0.0,0.0
2011-03-22 00:00:00,13.9,91,12.5,0.0,0.0,4.1,0.0,0.0
2011-03-22 01:00:00,13.4,93,12.3,0.0,0.0,3.68,0.0,0.0
2011-03-22 02:00:00,13.0,95,12.2,0.0,0.0,3.31,0.0,0.0
2011-03-22 03:00:00,12.2,94,11.3,0.0,0.0,3.3,0.0,0.0
2011-03-22 04:00:00,11.0,90,9.4,0.0,0.0,3.18,0.0,0.0
2011-03-22 05:00:00,9.7,85,7.2,0.0,0.0,2.11,0.0,0.0
2011-03-22 06:00:00,8.5,80,5.3,0.0,0.0,2.31,0.0,0.0
2011-03-22 07:00:00,8.0,77,4.3,0.0,0.0,2.8,34.0,0.1224
2011-03-22 08:00:00,8.8,68,3.3,0.0,0.0,2.82,178.0,0.6408
2011-03-22 09:00:00,9.7,63,3.0,0.0,0.0,3.65,361.0,1.2995999999999999
2011-03-22 10:00:00,11.0,58,3.1,0.0,0.0,3.42,545.0,1.962
2011-03-22 11:00:00,12.2,54,3.2,0.0,0.0,2.88,653.0,2.3508
2011-03-22 12:00:00,13.5,51,3.5,0.0,0.0,2.59,802.0,2.8872
2011-03-22 13:00:00,14.6,48,3.7,0.0,0.0,2.5,821.0,2.9556
2011-03-22 14:00:00,16.1,46,4.5,0.0,0.0,2.41,767.0,2.7612
2011-03-22 15:00:00,16.6,44,4.4,0.0,0.0,2.28,650.0,2.34
2011-03-22 16:00:00,16.5,44,4.3,0.0,0.0,2.33,487.0,1.7531999999999999
2011-03-22 17:00:00,15.9,46,4.2,0.0,0.0,1.24,300.0,1.08
2011-03-22 18:00:00,14.5,52,4.8,0.0,0.0,1.97,100.0,0.36
2011-03-22 19:00:00,13.1,57,4.7,0.0,0.0,2.94,3.0,0.0108
2011-03-22 20:00:00,12.4,58,4.4,0.0,0.0,3.32,0.0,0.0
2011-03-22 21:00:00,11.9,58,3.9,0.0,0.0,3.69,0.0,0.0
2011-03-22 22:00:00,11.4,57,3.3,0.0,0.0,3.61,0.0,0.0
2011-03-22 23:00:00,10.8,58,2.8,0.0,0.0,3.41,0.0,0.0
2011-03-23 00:00:00,9.9,64,3.4,0.3,0.0,3.22,0.0,0.0
2011-03-23 01:00:00,8.3,82,5.4,0.8,0.0,3.13,0.0,0.0
2011-03-23 02:00:00,6.9,93,5.9,0.2,0.0,2.8,0.0,0.0
2011-03-23 03:00:00,6.8,95,6.1,0.2,0.0,2.4,0.0,0.0
2011-03-23 04:00:00,6.8,97,6.3,0.4,0.0,2.71,0.0,0.0
2011-03-23 05:00:00,6.8,96,6.2,0.1,0.0,2.4,0.0,0.0
2011-03-23 06:00:00,6.8,96,6.2,0.0,0.0,2.41,0.0,0.0
2011-03-23 07:00:00,6.9,95,6.2,0.0,0.0,3.23,10.0,0.036
2011-03-23 08:00:00,7.4,91,6.0,0.0,0.0,4.26,70.0,0.252
2011-03-23 09:00:00,7.8,87,5.8,0.0,0.0,4.67,98.0,0.3528
2011-03-23 10:00:00,8.6,83,5.9,0.0,0.0,4.25,175.0,0.63
2011-03-23 11:00:00,9.5,81,6.4,0.0,0.0,3.94,218.0,0.7847999999999999
2011-03-23 12:00:00,10.3,79,6.8,0.0,0.0,3.4,176.0,0.6335999999999999
2011-03-23 13:00:00,11.2,77,7.4,0.0,0.0,3.05,201.0,0.7236
2011-03-23 14:00:00,11.1,76,7.1,0.0,0.0,3.05,201.0,0.7236
2011-03-23 15:00:00,11.9,75,7.7,0.0,0.0,3.5,206.0,0.7415999999999999
2011-03-23 16:00:00,12.8,74,8.2,0.0,0.0,3.38,187.0,0.6732
2011-03-23 17:00:00,13.1,74,8.6,0.5,0.0,2.91,105.0,0.378
2011-03-23 18:00:00,11.4,85,8.9,0.7,0.0,3.04,35.0,0.126
2011-03-23 19:00:00,9.9,89,8.3,0.0,0.0,2.72,3.0,0.0108
2011-03-23 20:00:00,9.1,93,8.1,5.0,0.0,3.83,0.0,0.0
2011-03-23 21:00:00,7.9,96,7.3,4.5,0.0,3.34,0.0,0.0
2011-03-23 22:00:00,6.9,97,6.4,1.7,0.0,3.3,0.0,0.0
2011-03-23 23:00:00,6.0,97,5.6,0.1,0.0,2.92,0.0,0.0
2011-03-24 00:00:00,5.7,96,5.1,0.0,0.0,2.48,0.0,0.0
2011-03-24 01:00:00,5.6,96,5.0,0.0,0.0,2.44,0.0,0.0
2011-03-24 02:00:00,5.3,96,4.7,0.0,0.0,2.94,0.0,0.0
2011-03-24 03:00:00,5.1,96,4.5,0.0,0.0,2.84,0.0,0.0
2011-03-24 04:00:00,4.9,95,4.2,0.0,0.0,2.77,0.0,0.0
2011-03-24 05:00:00,4.6,95,3.8,0.2,0.0,2.27,0.0,0.0
2011-03-24 06:00:00,4.2,95,3.5,0.2,0.0,2.42,0.0,0.0
2011-03-24 07:00:00,3.8,95,3.0,0.2,0.0,3.0,4.0,0.0144
2011-03-24 08:00:00,3.5,93,2.5,0.2,0.0,3.3,26.0,0.0936
2011-03-24 09:00:00,3.7,88,1.9,0.2,0.0,3.35,114.0,0.4104
2011-03-24 10:00:00,4.6,81,1.6,0.0,0.0,3.91,232.0,0.8351999999999999
2011-03-24 11:00:00,5.1,75,1.1,0.0,0.0,3.95,221.0,0.7956
2011-03-24 12:00:00,5.5,70,0.5,0.0,0.0,3.98,206.0,0.7415999999999999
2011-03-24 13:00:00,6.6,63,0.1,0.0,0.0,4.09,320.0,1.152
2011-03-24 14:00:00,7.1,54,-1.6,0.0,0.0,3.98,326.0,1.1736
2011-03-24 15:00:00,7.2,51,-2.2,0.0,0.0,3.88,241.0,0.8675999999999999
2011-03-24 16:00:00,7.2,49,-2.7,0.0,0.0,3.78,169.0,0.6083999999999999
2011-03-24 17:00:00,7.3,48,-3.1,0.0,0.0,3.31,127.0,0.4572
2011-03-24 18:00:00,7.0,48,-3.4,0.0,0.0,3.24,69.0,0.24839999999999998
2011-03-24 19:00:00,6.3,50,-3.2,0.0,0.0,2.83,3.0,0.0108
2011-03-24 20:00:00,5.7,53,-3.0,0.0,0.0,2.91,0.0,0.0
2011-03-24 21:00:00,4.8,56,-3.3,0.0,0.0,2.55,0.0,0.0
2011-03-24 22:00:00,4.1,56,-4.0,0.0,0.0,2.42,0.0,0.0
2011-03-24 23:00:00,3.3,55,-4.8,0.0,0.0,2.58,0.0,0.0
2011-03-25 00:00:00,2.7,55,-5.5,0.0,0.0,3.04,0.0,0.0
2011-03-25 01:00:00,1.8,58,-5.7,0.0,0.0,3.5,0.0,0.0
2011-03-25 02:00:00,0.7,57,-6.8,0.0,0.0,3.44,0.0,0.0
2011-03-25 03:00:00,-0.0,59,-7.1,0.0,0.0,2.86,0.0,0.0
2011-03-25 04:00:00,-1.0,64,-6.9,0.0,0.0,2.37,0.0,0.0
2011-03-25 05:00:00,-1.8,69,-6.8,0.0,0.0,1.72,0.0,0.0
2011-03-25 06:00:00,-2.4,72,-6.7,0.0,0.0,1.72,0.0,0.0
2011-03-25 07:00:00,-1.3,68,-6.4,0.0,0.0,1.9,51.0,0.18359999999999999
2011-03-25 08:00:00,1.0,52,-7.8,0.0,0.0,2.1,241.0,0.8675999999999999
2011-03-25 09:00:00,2.3,48,-7.6,0.0,0.0,2.47,455.0,1.638
2011-03-25 10:00:00,3.8,45,-7.1,0.0,0.0,2.33,632.0,2.2752
2011-03-25 11:00:00,5.4,41,-6.7,0.0,0.0,2.73,741.0,2.6675999999999997
2011-03-25 12:00:00,6.9,38,-6.4,0.0,0.0,3.1,852.0,3.0671999999999997
2011-03-25 13:00:00,8.2,36,-6.1,0.0,0.0,3.05,867.0,3.1212
2011-03-25 14:00:00,8.6,34,-6.3,0.0,0.0,3.07,796.0,2.8655999999999997
2011-03-25 15:00:00,9.1,33,-6.4,0.0,0.0,3.35,651.0,2.3436
2011-03-25 16:00:00,9.3,31,-6.8,0.0,0.0,3.4,484.0,1.7424
2011-03-25 17:00:00,8.7,31,-7.4,0.0,0.0,3.04,196.0,0.7056
2011-03-25 18:00:00,7.7,34,-7.3,0.0,0.0,2.56,57.0,0.2052
2011-03-25 19:00:00,6.3,37,-7.4,0.0,0.0,1.66,5.0,0.018
2011-03-25 20:00:00,5.4,39,-7.4,0.0,0.0,2.1,0.0,0.0
2011-03-25 21:00:00,5.1,40,-7.4,0.0,0.0,2.1,0.0,0.0
2011-03-25 22:00:00,4.6,42,-7.2,0.0,0.0,2.06,0.0,0.0
2011-03-25 23:00:00,4.0,44,-7.2,0.0,0.0,1.84,0.0,0.0
2011-03-26 00:00:00,3.3,50,-6.1,0.0,0.0,1.5,0.0,0.0
2011-03-26 01:00:00,2.2,63,-4.2,0.0,0.0,1.7,0.0,0.0
2011-03-26 02:00:00,0.6,68,-4.7,0.0,0.0,2.02,0.0,0.0
2011-03-26 03:00:00,-0.4,67,-5.8,0.0,0.0,2.42,0.0,0.0
2011-03-26 04:00:00,-1.0,66,-6.6,0.0,0.0,2.55,0.0,0.0
2011-03-26 05:00:00,-1.6,66,-7.1,0.0,0.0,1.58,0.0,0.0
2011-03-26 06:00:00,-2.3,73,-6.5,0.0,0.0,1.43,0.0,0.0
2011-03-26 07:00:00,-1.5,73,-5.7,0.0,0.0,1.89,50.0,0.18
2011-03-26 08:00:00,1.2,50,-8.0,0.0,0.0,2.06,240.0,0.864
2011-03-26 09:00:00,2.4,45,-8.2,0.0,0.0,1.75,448.0,1.6128
2011-03-26 10:00:00,3.5,44,-7.8,0.0,0.0,1.99,626.0,2.2536
2011-03-26 11:00:00,4.9,39,-8.0,0.0,0.0,2.06,758.0,2.7288
2011-03-26 12:00:00,5.9,39,-7.1,0.0,0.0,2.36,838.0,3.0168
2011-03-26 13:00:00,6.9,37,-6.9,0.0,0.0,2.26,847.0,3.0492
2011-03-26 14:00:00,7.5,35,-7.0,0.0,0.0,2.28,788.0,2.8367999999999998
2011-03-26 15:00:00,7.8,34,-7.3,0.0,0.0,2.58,636.0,2.2896
2011-03-26 16:00:00,7.9,33,-7.6,0.0,0.0,2.62,532.0,1.9152
2011-03-26 17:00:00,7.4,31,-8.5,0.0,0.0,1.8,325.0,1.17
2011-03-26 18:00:00,6.5,34,-8.3,0.0,0.0,1.7,105.0,0.378
2011-03-26 19:00:00,5.4,39,-7.3,0.0,0.0,1.58,5.0,0.018
2011-03-26 20:00:00,4.6,43,-6.9,0.0,0.0,1.86,0.0,0.0
2011-03-26 21:00:00,3.9,47,-6.4,0.0,0.0,2.08,0.0,0.0
2011-03-26 22:00:00,3.4,49,-6.2,0.0,0.0,2.51,0.0,0.0
2011-03-26 23:00:00,3.1,50,-6.3,0.0,0.0,2.69,0.0,0.0
2011-03-27 00:00:00,3.0,49,-6.6,0.0,0.0,2.92,0.0,0.0
2011-03-27 01:00:00,2.7,51,-6.3,0.0,0.07,3.02,0.0,0.0
2011-03-27 02:00:00,2.0,49,-7.5,0.0,0.07,2.86,0.0,0.0
2011-03-27 03:00:00,1.6,51,-7.4,0.0,0.07,2.76,0.0,0.0
2011-03-27 04:00:00,1.1,55,-6.9,0.0,0.14,2.77,0.0,0.0
2011-03-27 05:00:00,0.6,62,-6.0,0.1,0.21,2.28,0.0,0.0
2011-03-27 06:00:00,0.1,67,-5.3,0.0,0.28,2.0,0.0,0.0
2011-03-27 07:00:00,-0.1,68,-5.2,0.0,0.21,1.91,14.0,0.0504
2011-03-27 08:00:00,0.0,66,-5.6,0.0,0.14,2.06,72.0,0.2592
2011-03-27 09:00:00,0.9,60,-5.9,0.0,0.07,2.06,250.0,0.9
2011-03-27 10:00:00,2.1,55,-6.0,0.0,0.0,2.1,423.0,1.5228
2011-03-27 11:00:00,4.1,50,-5.4,0.0,0.0,2.53,760.0,2.7359999999999998
2011-03-27 12:00:00,5.9,45,-5.1,0.0,0.0,2.73,800.0,2.88
2011-03-27 13:00:00,7.0,44,-4.5,0.0,0.0,3.0,856.0,3.0816
2011-03-27 14:00:00,7.4,42,-4.8,0.0,0.0,3.11,794.0,2.8584
2011-03-27 15:00:00,7.8,40,-4.9,0.0,0.0,3.26,689.0,2.4804
2011-03-27 16:00:00,7.9,38,-5.4,0.0,0.0,3.54,535.0,1.926
2011-03-27 17:00:00,7.6,36,-6.5,0.0,0.0,2.83,349.0,1.2564
2011-03-27 18:00:00,6.6,39,-6.6,0.0,0.0,1.53,134.0,0.4824
2011-03-27 19:00:00,5.1,47,-5.2,0.0,0.0,1.92,7.0,0.0252
2011-03-27 20:00:00,3.2,63,-3.2,0.0,0.0,2.01,0.0,0.0
2011-03-27 21:00:00,1.5,68,-3.7,0.0,0.0,2.02,0.0,0.0
2011-03-27 22:00:00,0.5,67,-5.0,0.0,0.0,2.06,0.0,0.0
2011-03-27 23:00:00,-0.3,63,-6.4,0.0,0.0,2.14,0.0,0.0
2011-03-28 00:00:00,-0.9,60,-7.7,0.0,0.0,2.97,0.0,0.0
2011-03-28 01:00:00,-1.4,58,-8.6,0.0,0.0,3.38,0.0,0.0
2011-03-28 02:00:00,-0.7,47,-10.6,0.0,0.0,3.42,0.0,0.0
2011-03-28 03:00:00,-1.3,48,-11.0,0.0,0.0,2.72,0.0,0.0
2011-03-28 04:00:00,-2.2,53,-10.6,0.0,0.0,2.45,0.0,0.0
2011-03-28 05:00:00,-3.0,58,-10.1,0.0,0.0,1.68,0.0,0.0
2011-03-28 06:00:00,-3.2,62,-9.5,0.0,0.0,1.96,0.0,0.0
2011-03-28 07:00:00,-1.9,61,-8.4,0.0,0.0,2.22,57.0,0.2052
2011-03-28 08:00:00,0.3,41,-11.4,0.0,0.0,2.6,194.0,0.6984
2011-03-28 09:00:00,1.3,40,-10.7,0.0,0.0,2.64,338.0,1.2167999999999999
2011-03-28 10:00:00,2.6,39,-10.1,0.0,0.0,2.83,463.0,1.6668
2011-03-28 11:00:00,3.6,37,-9.6,0.0,0.0,2.91,484.0,1.7424
2011-03-28 12:00:00,5.0,36,-9.0,0.0,0.0,3.19,617.0,2.2212
2011-03-28 13:00:00,6.0,34,-8.6,0.0,0.0,3.22,617.0,2.2212
2011-03-28 14:00:00,7.4,32,-8.1,0.0,0.0,3.47,813.0,2.9268
2011-03-28 15:00:00,7.8,31,-8.3,0.0,0.0,3.54,716.0,2.5776
2011-03-28 16:00:00,7.9,30,-8.5,0.0,0.0,3.56,551.0,1.9836
2011-03-28 17:00:00,7.7,29,-9.1,0.0,0.0,2.66,350.0,1.26
2011-03-28 18:00:00,6.6,35,-7.9,0.0,0.0,1.55,141.0,0.5075999999999999
2011-03-28 19:00:00,5.1,43,-6.4,0.0,0.0,1.9,8.0,0.0288
2011-03-28 20:00:00,3.2,52,-5.8,0.0,0.0,2.14,0.0,0.0
2011-03-28 21:00:00,1.8,53,-6.7,0.0,0.0,2.62,0.0,0.0
2011-03-28 22:00:00,0.9,52,-8.0,0.0,0.0,2.97,0.0,0.0
2011-03-28 23:00:00,-0.0,52,-8.7,0.0,0.0,3.18,0.0,0.0
2011-03-29 00:00:00,-0.9,54,-9.0,0.0,0.0,3.18,0.0,0.0
2011-03-29 01:00:00,-1.5,56,-9.3,0.0,0.0,2.9,0.0,0.0
2011-03-29 02:00:00,-2.0,58,-9.3,0.0,0.0,2.98,0.0,0.0
2011-03-29 03:00:00,-2.7,60,-9.3,0.0,0.0,2.83,0.0,0.0
2011-03-29 04:00:00,-3.0,61,-9.4,0.0,0.0,2.86,0.0,0.0
2011-03-29 05:00:00,-3.3,62,-9.6,0.0,0.0,2.9,0.0,0.0
2011-03-29 06:00:00,-3.5,66,-9.0,0.0,0.0,2.9,0.0,0.0
2011-03-29 07:00:00,-2.1,68,-7.2,0.0,0.0,3.04,66.0,0.2376
2011-03-29 08:00:00,1.5,46,-8.9,0.0,0.0,3.38,262.0,0.9431999999999999
2011-03-29 09:00:00,3.1,42,-8.6,0.0,0.0,3.5,468.0,1.6847999999999999
2011-03-29 10:00:00,4.9,39,-8.1,0.0,0.0,3.05,633.0,2.2788
2011-03-29 11:00:00,6.5,35,-7.9,0.0,0.0,3.05,708.0,2.5488
2011-03-29 12:00:00,7.9,32,-7.7,0.0,0.0,3.26,780.0,2.808
2011-03-29 13:00:00,8.9,31,-7.4,0.0,0.0,3.22,827.0,2.9772
2011-03-29 14:00:00,9.8,31,-6.4,0.0,0.0,3.28,829.0,2.9844
2011-03-29 15:00:00,10.3,30,-6.4,0.0,0.0,3.3,714.0,2.5704
2011-03-29 16:00:00,10.3,30,-6.6,0.0,0.0,3.19,549.0,1.9764
2011-03-29 17:00:00,9.9,30,-6.9,0.0,0.0,2.19,348.0,1.2528
2011-03-29 18:00:00,8.8,37,-5.1,0.0,0.0,1.51,141.0,0.5075999999999999
2011-03-29 19:00:00,6.8,54,-1.9,0.0,0.0,1.92,9.0,0.0324
2011-03-29 20:00:00,5.3,56,-2.7,0.0,0.0,1.77,0.0,0.0
2011-03-29 21:00:00,4.8,56,-3.3,0.0,0.0,1.2,0.0,0.0
2011-03-29 22:00:00,4.0,60,-3.1,0.0,0.0,1.7,0.0,0.0
2011-03-29 23:00:00,2.1,71,-2.7,0.0,0.0,1.65,0.0,0.0
2011-03-30 00:00:00,0.5,79,-2.8,0.0,0.0,1.62,0.0,0.0
2011-03-30 01:00:00,-0.2,81,-3.1,0.0,0.0,1.55,0.0,0.0
2011-03-30 02:00:00,1.2,73,-3.1,0.0,0.0,1.52,0.0,0.0
2011-03-30 03:00:00,1.7,73,-2.6,0.0,0.0,1.56,0.0,0.0
2011-03-30 04:00:00,1.6,77,-1.9,0.0,0.0,1.53,0.0,0.0
2011-03-30 05:00:00,1.7,79,-1.5,0.0,0.0,1.78,0.0,0.0
2011-03-30 06:00:00,1.9,81,-1.0,0.0,0.0,2.47,0.0,0.0
2011-03-30 07:00:00,2.8,82,-0.0,0.0,0.0,2.95,43.0,0.1548
2011-03-30 08:00:00,5.4,70,0.3,0.0,0.0,2.89,175.0,0.63
2011-03-30 09:00:00,7.1,59,-0.4,0.0,0.0,2.96,279.0,1.0044
2011-03-30 10:00:00,8.5,51,-1.1,0.0,0.0,3.44,415.0,1.494
2011-03-30 11:00:00,8.9,48,-1.6,0.0,0.0,3.76,386.0,1.3896
2011-03-30 12:00:00,9.1,48,-1.3,0.0,0.0,3.74,426.0,1.5335999999999999
2011-03-30 13:00:00,8.2,55,-0.4,0.2,0.0,3.36,282.0,1.0151999999999999
2011-03-30 14:00:00,8.1,49,-2.1,0.3,0.0,3.66,208.0,0.7488
2011-03-30 15:00:00,7.5,54,-1.3,0.4,0.0,3.58,199.0,0.7163999999999999
2011-03-30 16:00:00,6.8,63,0.4,0.4,0.0,3.61,184.0,0.6624
2011-03-30 17:00:00,5.6,79,2.2,0.6,0.0,1.58,75.0,0.27
2011-03-30 18:00:00,4.6,88,2.8,1.1,0.0,1.49,52.0,0.1872
2011-03-30 19:00:00,3.9,90,2.3,1.1,0.07,1.63,2.0,0.0072
2011-03-30 20:00:00,3.0,94,2.2,0.6,0.07,2.2,0.0,0.0
2011-03-30 21:00:00,2.4,96,1.9,0.5,0.07,2.16,0.0,0.0
2011-03-30 22:00:00,2.1,98,1.8,0.4,0.07,2.52,0.0,0.0
2011-03-30 23:00:00,2.1,98,1.7,0.3,0.07,2.55,0.0,0.0
2011-03-31 00:00:00,2.3,96,1.8,0.2,0.0,2.72,0.0,0.0
2011-03-31 01:00:00,2.6,96,2.0,0.1,0.0,2.48,0.0,0.0
2011-03-31 02:00:00,2.5,96,1.9,0.1,0.0,2.28,0.0,0.0
2011-03-31 03:00:00,2.6,97,2.1,0.1,0.0,2.44,0.0,0.0
2011-03-31 04:00:00,2.5,97,2.1,0.1,0.0,2.45,0.0,0.0
2011-03-31 05:00:00,2.4,97,2.0,0.3,0.0,2.62,0.0,0.0
2011-03-31 06:00:00,2.5,95,1.8,0.3,0.0,2.69,0.0,0.0
2011-03-31 07:00:00,2.6,96,2.0,0.2,0.0,2.35,6.0,0.0216
2011-03-31 08:00:00,3.0,95,2.3,0.1,0.0,2.91,29.0,0.10439999999999999
2011-03-31 09:00:00,3.5,94,2.7,0.1,0.0,2.83,56.0,0.2016
2011-03-31 10:00:00,3.8,95,3.1,0.2,0.0,2.37,56.0,0.2016
2011-03-31 11:00:00,4.3,94,3.5,0.2,0.0,2.22,88.0,0.31679999999999997
2011-03-31 12:00:00,4.6,94,3.8,0.3,0.0,2.05,82.0,0.2952
2011-03-31 13:00:00,5.0,95,4.2,0.5,0.0,1.86,106.0,0.3816
2011-03-31 14:00:00,5.2,92,4.0,0.3,0.0,2.28,122.0,0.4392
2011-03-31 15:00:00,5.2,91,3.8,0.0,0.0,2.77,97.0,0.3492
2011-03-31 16:00:00,5.4,89,3.8,0.0,0.0,2.52,92.0,0.3312
2011-03-31 17:00:00,5.3,91,3.9,0.1,0.0,1.78,48.0,0.1728
2011-03-31 18:00:00,5.0,94,4.0,0.1,0.0,1.92,11.0,0.039599999999999996
2011-03-31 19:00:00,4.7,95,4.0,0.0,0.0,2.06,1.0,0.0036
2011-03-31 20:00:00,4.5,96,3.9,0.0,0.0,2.2,0.0,0.0
2011-03-31 21:00:00,4.3,96,3.7,0.0,0.0,2.48,0.0,0.0
2011-03-31 22:00:00,4.1,97,3.6,0.0,0.0,2.33,0.0,0.0
2011-03-31 23:00:00,3.8,98,3.5,0.1,0.0,2.31,0.0,0.0
2011-04-01 00:00:00,3.6,97,3.2,0.2,0.0,2.21,0.0,0.0
2011-04-01 01:00:00,3.4,98,3.1,0.2,0.0,2.43,0.0,0.0
2011-04-01 02:00:00,3.1,97,2.6,0.4,0.0,2.55,0.0,0.0
2011-04-01 03:00:00,2.8,97,2.3,0.4,0.0,2.44,0.0,0.0
2011-04-01 04:00:00,2.5,98,2.2,0.4,0.0,2.69,0.0,0.0
2011-04-01 05:00:00,2.3,98,2.0,0.2,0.0,2.91,0.0,0.0
2011-04-01 06:00:00,2.2,98,1.9,0.1,0.0,3.34,0.0,0.0
2011-04-01 07:00:00,2.5,94,1.7,0.0,0.0,3.72,26.0,0.0936
2011-04-01 08:00:00,3.4,89,1.8,0.0,0.0,4.34,136.0,0.4896
2011-04-01 09:00:00,4.8,81,1.9,0.0,0.0,4.78,249.0,0.8964
2011-04-01 10:00:00,6.3,71,1.5,0.0,0.0,5.2,322.0,1.1592
2011-04-01 11:00:00,8.0,58,0.2,0.0,0.0,5.49,463.0,1.6668
2011-04-01 12:00:00,8.9,52,-0.6,0.1,0.0,5.94,467.0,1.6812
2011-04-01 13:00:00,9.7,45,-1.6,0.0,0.0,6.38,514.0,1.8504
2011-04-01 14:00:00,8.9,47,-1.7,0.0,0.0,6.49,463.0,1.6668
2011-04-01 15:00:00,9.7,41,-2.8,0.0,0.0,6.8,535.0,1.926
2011-04-01 16:00:00,10.0,38,-3.8,0.0,0.0,6.49,358.0,1.2888
2011-04-01 17:00:00,9.7,40,-3.4,0.0,0.0,5.31,224.0,0.8064
2011-04-01 18:00:00,8.9,42,-3.5,0.0,0.0,4.54,145.0,0.522
2011-04-01 19:00:00,7.5,45,-3.6,0.0,0.0,4.1,11.0,0.039599999999999996
2011-04-01 20:00:00,6.5,49,-3.4,0.0,0.0,3.11,0.0,0.0
2011-04-01 21:00:00,5.2,56,-2.9,0.0,0.0,2.53,0.0,0.0
2011-04-01 22:00:00,3.9,63,-2.5,0.0,0.0,2.53,0.0,0.0
2011-04-01 23:00:00,2.8,69,-2.3,0.0,0.0,2.82,0.0,0.0
2011-04-02 00:00:00,1.9,75,-2.2,0.0,0.0,2.51,0.0,0.0
2011-04-02 01:00:00,1.1,78,-2.2,0.0,0.0,2.42,0.0,0.0
2011-04-02 02:00:00,0.9,79,-2.4,0.0,0.0,2.82,0.0,0.0
2011-04-02 03:00:00,0.6,79,-2.7,0.0,0.0,3.01,0.0,0.0
2011-04-02 04:00:00,0.1,80,-2.9,0.0,0.0,2.85,0.0,0.0
2011-04-02 05:00:00,-0.3,81,-3.1,0.0,0.0,2.73,0.0,0.0
2011-04-02 06:00:00,-0.1,83,-2.7,0.0,0.0,2.24,0.0,0.0
2011-04-02 07:00:00,1.5,84,-0.8,0.2,0.0,2.56,54.0,0.1944
2011-04-02 08:00:00,4.5,73,0.1,0.0,0.0,1.7,186.0,0.6696
2011-04-02 09:00:00,6.9,67,1.2,0.0,0.0,1.6,361.0,1.2995999999999999
2011-04-02 10:00:00,8.9,58,1.1,0.1,0.0,2.32,576.0,2.0736
2011-04-02 11:00:00,9.7,58,1.9,0.0,0.0,2.94,595.0,2.142
2011-04-02 12:00:00,11.0,58,3.0,0.1,0.0,3.4,798.0,2.8728
2011-04-02 13:00:00,11.3,59,3.6,0.2,0.0,4.09,800.0,2.88
2011-04-02 14:00:00,10.3,68,4.7,0.2,0.0,3.9,595.0,2.142
2011-04-02 15:00:00,11.0,63,4.3,0.1,0.0,4.29,618.0,2.2248
2011-04-02 16:00:00,11.2,59,3.4,0.0,0.0,4.88,480.0,1.728
2011-04-02 17:00:00,10.2,59,2.5,0.0,0.0,4.43,313.0,1.1268
2011-04-02 18:00:00,9.0,62,2.1,0.0,0.0,3.93,118.0,0.4248
2011-04-02 19:00:00,8.1,58,0.4,0.0,0.0,4.14,10.0,0.036
2011-04-02 20:00:00,7.3,56,-0.8,0.0,0.0,4.1,0.0,0.0
2011-04-02 21:00:00,6.7,58,-0.9,0.0,0.0,3.91,0.0,0.0
2011-04-02 22:00:00,6.0,64,-0.4,0.0,0.0,3.81,0.0,0.0
2011-04-02 23:00:00,5.3,69,0.0,0.0,0.0,3.82,0.0,0.0
2011-04-03 00:00:00,4.7,72,0.1,0.0,0.0,3.79,0.0,0.0
2011-04-03 01:00:00,4.1,75,0.0,0.0,0.0,3.64,0.0,0.0
2011-04-03 02:00:00,3.8,76,-0.1,0.0,0.0,3.7,0.0,0.0
2011-04-03 03:00:00,3.4,78,-0.1,0.0,0.0,3.83,0.0,0.0
2011-04-03 04:00:00,3.2,79,-0.1,0.0,0.0,4.11,0.0,0.0
2011-04-03 05:00:00,3.0,80,-0.2,0.0,0.0,3.44,0.0,0.0
2011-04-03 06:00:00,2.7,81,-0.2,0.0,0.0,3.45,0.0,0.0
2011-04-03 07:00:00,3.6,80,0.4,0.0,0.0,3.49,83.0,0.2988
2011-04-03 08:00:00,5.9,71,1.0,0.0,0.0,3.61,279.0,1.0044
2011-04-03 09:00:00,7.8,63,1.3,0.0,0.0,4.97,488.0,1.7568
2011-04-03 10:00:00,9.6,54,0.6,0.0,0.0,5.04,667.0,2.4012
2011-04-03 11:00:00,11.0,45,-0.5,0.0,0.0,4.72,744.0,2.6784
2011-04-03 12:00:00,12.3,41,-0.7,0.0,0.0,4.09,858.0,3.0888
2011-04-03 13:00:00,13.4,38,-0.6,0.0,0.0,3.93,883.0,3.1788
2011-04-03 14:00:00,14.3,35,-0.8,0.0,0.0,3.85,743.0,2.6748
2011-04-03 15:00:00,14.6,35,-0.7,0.0,0.0,3.51,586.0,2.1096
2011-04-03 16:00:00,14.5,35,-0.8,0.0,0.0,3.41,393.0,1.4148
2011-04-03 17:00:00,14.0,40,0.5,0.0,0.0,1.43,220.0,0.7919999999999999
2011-04-03 18:00:00,12.9,48,2.1,0.0,0.0,0.85,112.0,0.4032
2011-04-03 19:00:00,10.9,56,2.3,0.2,0.0,1.86,9.0,0.0324
2011-04-03 20:00:00,9.7,58,1.9,0.0,0.0,2.37,0.0,0.0
2011-04-03 21:00:00,9.0,63,2.3,0.1,0.0,3.55,0.0,0.0
2011-04-03 22:00:00,8.3,69,2.9,0.2,0.0,4.12,0.0,0.0
2011-04-03 23:00:00,7.9,69,2.7,0.0,0.0,4.6,0.0,0.0
2011-04-04 00:00:00,7.5,70,2.5,0.0,0.0,4.6,0.0,0.0
2011-04-04 01:00:00,7.3,72,2.5,0.0,0.0,4.58,0.0,0.0
2011-04-04 02:00:00,8.1,69,2.7,0.0,0.0,4.47,0.0,0.0
2011-04-04 03:00:00,8.3,67,2.5,0.0,0.0,4.08,0.0,0.0
2011-04-04 04:00:00,8.6,65,2.4,0.0,0.0,3.83,0.0,0.0
2011-04-04 05:00:00,9.2,63,2.6,0.0,0.0,3.6,0.0,0.0
2011-04-04 06:00:00,9.8,64,3.2,0.0,0.0,3.98,1.0,0.0036
2011-04-04 07:00:00,11.1,62,4.2,0.0,0.0,4.74,67.0,0.2412
2011-04-04 08:00:00,12.9,62,5.7,0.0,0.0,4.65,211.0,0.7595999999999999
2011-04-04 09:00:00,15.2,56,6.5,0.0,0.0,5.69,415.0,1.494
2011-04-04 10:00:00,17.1,53,7.5,0.0,0.0,5.97,545.0,1.962
2011-04-04 11:00:00,19.3,51,8.8,0.0,0.0,5.83,683.0,2.4588
2011-04-04 12:00:00,21.3,48,9.8,0.0,0.0,5.78,736.0,2.6496
2011-04-04 13:00:00,23.4,44,10.5,0.0,0.0,5.81,807.0,2.9052
2011-04-04 14:00:00,25.9,40,11.3,0.0,0.0,6.15,807.0,2.9052
2011-04-04 15:00:00,26.7,38,11.3,0.0,0.0,6.28,697.0,2.5092
2011-04-04 16:00:00,26.7,38,11.2,0.0,0.0,6.17,539.0,1.9404
2011-04-04 17:00:00,25.5,38,10.2,0.0,0.0,5.35,347.0,1.2491999999999999
2011-04-04 18:00:00,23.9,38,8.6,0.0,0.0,5.47,140.0,0.504
2011-04-04 19:00:00,23.1,37,7.8,0.0,0.0,6.84,10.0,0.036
2011-04-04 20:00:00,22.9,39,8.1,0.0,0.0,7.74,0.0,0.0
2011-04-04 21:00:00,22.6,42,8.9,0.0,0.0,7.4,0.0,0.0
2011-04-04 22:00:00,22.3,46,10.0,0.0,0.0,5.59,0.0,0.0
2011-04-04 23:00:00,21.9,51,11.3,0.0,0.0,4.52,0.0,0.0
2011-04-05 00:00:00,21.4,57,12.6,0.0,0.0,5.28,0.0,0.0
2011-04-05 01:00:00,20.8,63,13.6,0.0,0.0,4.88,0.0,0.0
2011-04-05 02:00:00,20.0,63,12.8,0.0,0.0,5.02,0.0,0.0
2011-04-05 03:00:00,19.6,70,13.9,0.0,0.0,6.53,0.0,0.0
2011-04-05 04:00:00,19.5,72,14.2,0.0,0.0,7.47,0.0,0.0
2011-04-05 05:00:00,19.5,73,14.5,0.1,0.0,3.72,0.0,0.0
2011-04-05 06:00:00,17.9,88,15.9,2.7,0.0,4.7,0.0,0.0
2011-04-05 07:00:00,17.1,94,16.2,5.7,0.0,5.92,8.0,0.0288
2011-04-05 08:00:00,13.5,91,12.0,6.4,0.0,6.4,15.0,0.054
2011-04-05 09:00:00,8.2,91,6.8,3.7,0.0,9.71,37.0,0.13319999999999999
2011-04-05 10:00:00,7.5,88,5.7,0.9,0.0,6.53,147.0,0.5292
2011-04-05 11:00:00,7.8,75,3.6,0.2,0.0,6.64,235.0,0.846
2011-04-05 12:00:00,9.8,53,0.6,0.0,0.0,5.55,316.0,1.1376
2011-04-05 13:00:00,12.4,40,-0.9,0.0,0.0,6.19,732.0,2.6351999999999998
2011-04-05 14:00:00,10.4,50,0.4,0.0,0.0,7.32,490.0,1.764
2011-04-05 15:00:00,12.1,39,-1.6,0.0,0.0,8.11,593.0,2.1348
2011-04-05 16:00:00,12.4,33,-3.5,0.0,0.0,7.61,416.0,1.4976
2011-04-05 17:00:00,12.0,34,-3.5,0.0,0.0,5.74,293.0,1.0548
2011-04-05 18:00:00,11.0,36,-3.4,0.0,0.0,4.94,163.0,0.5868
2011-04-05 19:00:00,9.9,40,-3.2,0.0,0.0,4.83,15.0,0.054
2011-04-05 20:00:00,9.0,42,-3.1,0.0,0.0,4.8,0.0,0.0
2011-04-05 21:00:00,8.2,44,-3.3,0.0,0.0,4.48,0.0,0.0
2011-04-05 22:00:00,7.5,45,-3.6,0.0,0.0,3.89,0.0,0.0
2011-04-05 23:00:00,6.7,47,-3.8,0.0,0.0,3.35,0.0,0.0
2011-04-06 00:00:00,5.7,51,-3.5,0.0,0.0,2.85,0.0,0.0
2011-04-06 01:00:00,4.3,63,-2.1,0.0,0.0,2.62,0.0,0.0
2011-04-06 02:00:00,3.2,65,-2.7,0.0,0.0,2.6,0.0,0.0
2011-04-06 03:00:00,2.6,68,-2.7,0.0,0.0,2.52,0.0,0.0
2011-04-06 04:00:00,2.1,70,-2.8,0.0,0.0,2.53,0.0,0.0
2011-04-06 05:00:00,1.5,72,-2.9,0.0,0.0,2.02,0.0,0.0
2011-04-06 06:00:00,1.1,76,-2.6,0.0,0.0,2.16,1.0,0.0036
2011-04-06 07:00:00,3.1,78,-0.4,0.0,0.0,2.84,97.0,0.3492
2011-04-06 08:00:00,7.5,56,-0.6,0.0,0.0,2.83,298.0,1.0728
2011-04-06 09:00:00,9.7,47,-1.1,0.0,0.0,3.78,502.0,1.8072
2011-04-06 10:00:00,11.3,41,-1.4,0.0,0.0,3.78,679.0,2.4444
2011-04-06 11:00:00,12.8,39,-0.8,0.0,0.0,4.1,810.0,2.916
2011-04-06 12:00:00,14.2,37,-0.1,0.0,0.0,4.52,884.0,3.1824
2011-04-06 13:00:00,15.3,36,0.5,0.0,0.0,5.27,820.0,2.952
2011-04-06 14:00:00,16.1,35,0.7,0.0,0.0,6.16,812.0,2.9232
2011-04-06 15:00:00,16.8,34,0.9,0.0,0.0,6.77,633.0,2.2788
2011-04-06 16:00:00,16.8,36,1.6,0.0,0.0,5.4,361.0,1.2995999999999999
2011-04-06 17:00:00,16.6,38,2.3,0.0,0.0,4.07,310.0,1.1159999999999999
2011-04-06 18:00:00,15.5,40,2.0,0.0,0.0,3.23,132.0,0.4752
2011-04-06 19:00:00,14.4,41,1.4,0.0,0.0,3.64,14.0,0.0504
2011-04-06 20:00:00,13.7,42,0.9,0.0,0.0,4.09,0.0,0.0
2011-04-06 21:00:00,13.3,43,0.9,0.0,0.0,3.98,0.0,0.0
2011-04-06 22:00:00,12.9,44,0.9,0.0,0.0,4.08,0.0,0.0
2011-04-06 23:00:00,12.7,44,0.9,0.0,0.0,2.77,0.0,0.0
2011-04-07 00:00:00,12.4,46,1.0,0.0,0.0,1.68,0.0,0.0
2011-04-07 01:00:00,11.8,48,1.3,0.0,0.0,1.97,0.0,0.0
2011-04-07 02:00:00,10.1,61,2.8,0.0,0.0,1.8,0.0,0.0
2011-04-07 03:00:00,8.5,69,3.2,0.0,0.0,1.97,0.0,0.0
2011-04-07 04:00:00,7.4,75,3.2,0.0,0.0,1.98,0.0,0.0
2011-04-07 05:00:00,6.7,79,3.4,0.0,0.0,1.78,0.0,0.0
2011-04-07 06:00:00,5.4,87,3.4,0.0,0.0,1.89,2.0,0.0072
2011-04-07 07:00:00,6.9,86,4.7,0.0,0.0,2.25,95.0,0.34199999999999997
2011-04-07 08:00:00,9.2,75,5.1,0.0,0.0,1.66,259.0,0.9324
2011-04-07 09:00:00,11.2,68,5.5,0.0,0.0,1.04,436.0,1.5695999999999999
2011-04-07 10:00:00,13.5,61,6.1,0.0,0.0,1.2,622.0,2.2392
2011-04-07 11:00:00,15.2,56,6.6,0.0,0.0,1.33,717.0,2.5812
2011-04-07 12:00:00,16.9,53,7.2,0.0,0.0,1.3,821.0,2.9556
2011-04-07 13:00:00,18.0,50,7.6,0.0,0.0,1.42,840.0,3.024
2011-04-07 14:00:00,18.8,50,8.3,0.0,0.0,1.27,832.0,2.9952
2011-04-07 15:00:00,19.1,50,8.5,0.0,0.0,2.12,675.0,2.4299999999999997
2011-04-07 16:00:00,18.6,51,8.3,0.0,0.0,2.95,528.0,1.9008
2011-04-07 17:00:00,16.9,57,8.2,0.0,0.0,3.18,276.0,0.9935999999999999
2011-04-07 18:00:00,15.2,61,7.6,0.0,0.0,3.69,137.0,0.49319999999999997
2011-04-07 19:00:00,13.5,64,6.8,0.0,0.0,3.3,13.0,0.0468
2011-04-07 20:00:00,12.3,67,6.3,0.0,0.0,2.82,0.0,0.0
2011-04-07 21:00:00,11.4,70,6.2,0.0,0.0,3.0,0.0,0.0
2011-04-07 22:00:00,10.3,75,6.0,0.0,0.0,2.9,0.0,0.0
2011-04-07 23:00:00,9.0,79,5.6,0.0,0.0,3.13,0.0,0.0
2011-04-08 00:00:00,8.1,81,5.1,0.0,0.0,2.92,0.0,0.0
2011-04-08 01:00:00,7.7,80,4.5,0.0,0.0,2.61,0.0,0.0
2011-04-08 02:00:00,7.6,80,4.3,0.0,0.0,2.52,0.0,0.0
2011-04-08 03:00:00,7.5,80,4.3,0.5,0.0,2.35,0.0,0.0
2011-04-08 04:00:00,6.9,89,5.2,0.9,0.0,2.62,0.0,0.0
2011-04-08 05:00:00,6.6,92,5.4,0.7,0.0,2.2,0.0,0.0
2011-04-08 06:00:00,6.4,94,5.5,0.4,0.0,1.73,0.0,0.0
2011-04-08 07:00:00,6.5,95,5.7,1.0,0.0,2.24,23.0,0.0828
2011-04-08 08:00:00,7.1,93,6.1,0.6,0.0,2.7,87.0,0.3132
2011-04-08 09:00:00,7.5,90,6.0,0.9,0.0,3.1,124.0,0.44639999999999996
2011-04-08 10:00:00,7.9,86,5.7,0.8,0.0,3.51,179.0,0.6444
2011-04-08 11:00:00,8.8,81,5.7,0.5,0.0,3.92,320.0,1.152
2011-04-08 12:00:00,9.7,76,5.7,0.0,0.0,3.72,368.0,1.3248
2011-04-08 13:00:00,10.8,71,5.8,0.0,0.0,3.92,515.0,1.8539999999999999
2011-04-08 14:00:00,9.9,78,6.2,1.5,0.0,4.0,353.0,1.2708
2011-04-08 15:00:00,8.6,89,7.0,0.7,0.0,3.61,110.0,0.39599999999999996
2011-04-08 16:00:00,7.6,93,6.5,0.6,0.0,4.15,55.0,0.19799999999999998
2011-04-08 17:00:00,6.9,89,5.3,0.0,0.0,3.57,50.0,0.18
2011-04-08 18:00:00,6.6,90,5.0,0.2,0.0,3.91,17.0,0.0612
2011-04-08 19:00:00,6.3,92,5.1,0.0,0.0,4.08,2.0,0.0072
2011-04-08 20:00:00,6.0,92,4.8,0.1,0.0,4.2,0.0,0.0
2011-04-08 21:00:00,5.6,93,4.5,0.3,0.0,3.75,0.0,0.0
2011-04-08 22:00:00,5.3,92,4.1,0.0,0.0,3.26,0.0,0.0
2011-04-08 23:00:00,5.4,91,4.0,0.0,0.0,2.69,0.0,0.0
2011-04-09 00:00:00,5.6,90,4.2,0.0,0.0,2.42,0.0,0.0
2011-04-09 01:00:00,5.9,90,4.4,0.0,0.0,2.82,0.0,0.0
2011-04-09 02:00:00,5.6,90,4.1,0.0,0.0,2.91,0.0,0.0
2011-04-09 03:00:00,5.5,89,3.9,0.0,0.0,3.02,0.0,0.0
2011-04-09 04:00:00,5.5,88,3.7,0.0,0.0,2.84,0.0,0.0
2011-04-09 05:00:00,5.4,89,3.7,0.0,0.0,2.33,0.0,0.0
2011-04-09 06:00:00,5.4,89,3.7,0.0,0.0,1.98,1.0,0.0036
2011-04-09 07:00:00,5.7,88,3.8,0.0,0.0,1.98,31.0,0.11159999999999999
2011-04-09 08:00:00,6.5,85,4.1,0.0,0.0,1.66,126.0,0.4536
2011-04-09 09:00:00,7.5,81,4.5,0.0,0.0,1.6,213.0,0.7667999999999999
2011-04-09 10:00:00,8.5,78,4.9,0.0,0.0,1.43,289.0,1.0404
2011-04-09 11:00:00,9.7,75,5.4,0.0,0.0,1.53,372.0,1.3392
2011-04-09 12:00:00,11.0,71,5.9,0.0,0.0,1.84,493.0,1.7748
2011-04-09 13:00:00,12.2,67,6.2,0.0,0.0,1.89,542.0,1.9512
2011-04-09 14:00:00,11.6,68,5.8,0.0,0.0,2.16,236.0,0.8496
2011-04-09 15:00:00,11.8,67,5.8,0.0,0.0,2.34,221.0,0.7956
2011-04-09 16:00:00,11.5,68,5.8,0.0,0.0,2.37,116.0,0.41759999999999997
2011-04-09 17:00:00,11.0,73,6.2,0.0,0.0,1.49,65.0,0.23399999999999999
2011-04-09 18:00:00,10.5,76,6.5,0.0,0.0,1.53,32.0,0.1152
2011-04-09 19:00:00,10.1,79,6.7,0.0,0.0,1.22,3.0,0.0108
2011-04-09 20:00:00,9.7,82,6.7,0.0,0.0,1.44,0.0,0.0
2011-04-09 21:00:00,9.3,84,6.7,0.0,0.0,1.14,0.0,0.0
2011-04-09 22:00:00,8.9,86,6.7,0.0,0.0,0.95,0.0,0.0
2011-04-09 23:00:00,8.8,88,6.9,0.0,0.0,1.08,0.0,0.0
2011-04-10 00:00:00,8.7,89,7.1,0.0,0.0,1.33,0.0,0.0
2011-04-10 01:00:00,8.8,90,7.2,0.0,0.0,1.68,0.0,0.0
2011-04-10 02:00:00,9.0,89,7.3,0.0,0.0,1.93,0.0,0.0
2011-04-10 03:00:00,8.8,90,7.3,0.0,0.0,1.94,0.0,0.0
2011-04-10 04:00:00,8.3,93,7.2,0.0,0.0,1.81,0.0,0.0
2011-04-10 05:00:00,7.7,96,7.0,0.0,0.0,1.52,0.0,0.0
2011-04-10 06:00:00,7.4,97,6.9,0.0,0.0,1.08,3.0,0.0108
2011-04-10 07:00:00,8.7,93,7.6,0.0,0.0,1.32,86.0,0.3096
2011-04-10 08:00:00,10.8,82,7.8,0.0,0.0,1.7,238.0,0.8568
2011-04-10 09:00:00,12.5,78,8.8,0.0,0.0,1.24,406.0,1.4616
2011-04-10 10:00:00,14.8,72,9.8,0.0,0.0,0.91,614.0,2.2104
2011-04-10 11:00:00,17.0,67,10.8,0.0,0.0,1.34,761.0,2.7396
2011-04-10 12:00:00,19.2,63,12.0,0.0,0.0,1.99,836.0,3.0096
2011-04-10 13:00:00,20.6,58,12.2,0.0,0.0,2.5,847.0,3.0492
2011-04-10 14:00:00,19.3,65,12.7,0.0,0.0,3.1,768.0,2.7648
2011-04-10 15:00:00,20.0,62,12.6,0.0,0.0,3.24,447.0,1.6092
2011-04-10 16:00:00,20.7,59,12.5,0.0,0.0,3.75,346.0,1.2456
2011-04-10 17:00:00,20.1,63,12.8,0.0,0.0,3.01,309.0,1.1124
2011-04-10 18:00:00,17.8,71,12.4,0.0,0.0,2.66,148.0,0.5327999999999999
2011-04-10 19:00:00,15.5,79,11.9,0.0,0.0,3.4,18.0,0.0648
2011-04-10 20:00:00,14.4,85,11.8,0.0,0.0,3.19,0.0,0.0
2011-04-10 21:00:00,14.0,88,12.1,0.0,0.0,3.2,0.0,0.0
2011-04-10 22:00:00,14.3,88,12.4,0.0,0.0,3.81,0.0,0.0
2011-04-10 23:00:00,15.0,86,12.7,0.0,0.0,4.1,0.0,0.0
2011-04-11 00:00:00,15.6,85,13.0,0.0,0.0,4.3,0.0,0.0
2011-04-11 01:00:00,15.8,85,13.2,0.0,0.0,4.55,0.0,0.0
2011-04-11 02:00:00,14.8,90,13.2,0.0,0.0,4.59,0.0,0.0
2011-04-11 03:00:00,14.8,91,13.4,0.0,0.0,4.61,0.0,0.0
2011-04-11 04:00:00,14.8,93,13.6,0.0,0.0,4.48,0.0,0.0
2011-04-11 05:00:00,14.9,94,13.9,0.0,0.0,3.18,0.0,0.0
2011-04-11 06:00:00,14.8,96,14.1,0.0,0.0,3.89,3.0,0.0108
2011-04-11 07:00:00,15.9,93,14.9,0.0,0.0,4.44,86.0,0.3096
2011-04-11 08:00:00,17.6,88,15.6,0.0,0.0,4.47,206.0,0.7415999999999999
2011-04-11 09:00:00,19.8,81,16.4,0.0,0.0,4.3,410.0,1.476
2011-04-11 10:00:00,22.3,73,17.3,0.0,0.0,4.27,651.0,2.3436
2011-04-11 11:00:00,24.5,67,17.9,0.0,0.0,4.48,788.0,2.8367999999999998
2011-04-11 12:00:00,26.1,62,18.2,0.0,0.0,4.79,862.0,3.1031999999999997
2011-04-11 13:00:00,27.2,58,18.3,0.0,0.0,5.29,870.0,3.132
2011-04-11 14:00:00,28.2,56,18.5,0.0,0.0,5.82,814.0,2.9304
2011-04-11 15:00:00,28.4,55,18.4,0.0,0.0,5.94,683.0,2.4588
2011-04-11 16:00:00,28.2,55,18.3,0.0,0.0,5.59,520.0,1.8719999999999999
2011-04-11 17:00:00,27.2,58,18.1,0.0,0.0,4.66,298.0,1.0728
2011-04-11 18:00:00,25.8,60,17.4,0.0,0.0,4.81,126.0,0.4536
2011-04-11 19:00:00,24.7,62,17.0,0.0,0.0,5.13,17.0,0.0612
2011-04-11 20:00:00,23.9,65,16.8,0.0,0.0,4.95,0.0,0.0
2011-04-11 21:00:00,22.5,72,17.2,0.0,0.0,3.61,0.0,0.0
2011-04-11 22:00:00,21.2,79,17.4,0.1,0.0,2.94,0.0,0.0
2011-04-11 23:00:00,20.2,84,17.4,0.1,0.0,3.61,0.0,0.0
2011-04-12 00:00:00,19.6,82,16.4,0.1,0.0,2.9,0.0,0.0
2011-04-12 01:00:00,19.1,79,15.3,0.0,0.0,1.58,0.0,0.0
2011-04-12 02:00:00,18.6,84,15.9,0.2,0.0,1.88,0.0,0.0
2011-04-12 03:00:00,17.9,86,15.5,0.2,0.0,1.92,0.0,0.0
2011-04-12 04:00:00,17.7,84,15.1,0.0,0.0,1.62,0.0,0.0
2011-04-12 05:00:00,17.4,86,15.0,0.4,0.0,1.91,0.0,0.0
2011-04-12 06:00:00,16.6,90,15.0,0.2,0.0,2.35,1.0,0.0036
2011-04-12 07:00:00,16.3,89,14.5,0.3,0.0,3.0,17.0,0.0612
2011-04-12 08:00:00,15.8,89,14.0,1.2,0.0,3.71,43.0,0.1548
2011-04-12 09:00:00,15.2,88,13.3,1.5,0.0,5.33,87.0,0.3132
2011-04-12 10:00:00,15.2,87,13.1,1.4,0.0,5.52,149.0,0.5364
2011-04-12 11:00:00,15.2,85,12.8,1.2,0.0,6.04,115.0,0.414
2011-04-12 12:00:00,14.9,88,13.0,1.0,0.0,6.33,88.0,0.31679999999999997
2011-04-12 13:00:00,15.9,87,13.8,0.2,0.0,6.01,190.0,0.6839999999999999
2011-04-12 14:00:00,16.6,82,13.6,1.2,0.0,5.28,169.0,0.6083999999999999
2011-04-12 15:00:00,15.3,92,14.0,1.0,0.0,5.83,89.0,0.3204
2011-04-12 16:00:00,14.9,93,13.8,1.9,0.0,6.42,105.0,0.378
2011-04-12 17:00:00,14.1,94,13.2,1.6,0.0,6.07,49.0,0.1764
2011-04-12 18:00:00,13.2,96,12.6,1.3,0.0,5.12,13.0,0.0468
2011-04-12 19:00:00,12.4,97,11.9,0.7,0.0,4.9,2.0,0.0072
2011-04-12 20:00:00,11.7,98,11.4,0.2,0.0,5.06,0.0,0.0
2011-04-12 21:00:00,11.2,99,11.0,0.0,0.0,5.1,0.0,0.0
2011-04-12 22:00:00,11.0,99,10.8,0.0,0.0,4.59,0.0,0.0
2011-04-12 23:00:00,11.2,97,10.7,0.0,0.0,4.05,0.0,0.0
2011-04-13 00:00:00,11.4,98,11.1,0.0,0.0,3.94,0.0,0.0
2011-04-13 01:00:00,11.5,99,11.4,0.0,0.0,3.85,0.0,0.0
2011-04-13 02:00:00,10.3,98,10.1,0.4,0.0,3.72,0.0,0.0
2011-04-13 03:00:00,10.4,100,10.3,0.5,0.0,3.61,0.0,0.0
2011-04-13 04:00:00,10.5,99,10.4,0.6,0.0,3.48,0.0,0.0
2011-04-13 05:00:00,10.6,99,10.5,0.7,0.0,2.83,0.0,0.0
2011-04-13 06:00:00,10.8,99,10.7,0.6,0.0,2.92,1.0,0.0036
2011-04-13 07:00:00,11.2,99,11.0,0.8,0.0,3.03,23.0,0.0828
2011-04-13 08:00:00,12.0,94,11.0,0.3,0.0,2.83,56.0,0.2016
2011-04-13 09:00:00,12.3,93,11.2,0.3,0.0,2.61,131.0,0.47159999999999996
2011-04-13 10:00:00,12.4,94,11.4,0.0,0.0,2.21,130.0,0.46799999999999997
2011-04-13 11:00:00,12.2,94,11.3,0.0,0.0,2.3,128.0,0.4608
2011-04-13 12:00:00,12.3,89,10.6,0.0,0.0,3.12,159.0,0.5724
2011-04-13 13:00:00,12.6,84,9.9,0.0,0.0,4.3,192.0,0.6912
2011-04-13 14:00:00,13.3,70,7.9,0.0,0.0,5.28,275.0,0.99
2011-04-13 15:00:00,13.6,67,7.6,0.0,0.0,5.52,237.0,0.8532
2011-04-13 16:00:00,13.6,66,7.4,0.0,0.0,5.1,128.0,0.4608
2011-04-13 17:00:00,13.6,67,7.5,0.0,0.0,4.0,112.0,0.4032
2011-04-13 18:00:00,13.3,68,7.5,0.0,0.0,3.38,56.0,0.2016
2011-04-13 19:00:00,12.7,71,7.5,0.0,0.0,3.22,11.0,0.039599999999999996
2011-04-13 20:00:00,12.3,72,7.4,0.0,0.0,3.49,0.0,0.0
2011-04-13 21:00:00,12.4,69,6.9,0.0,0.0,3.68,0.0,0.0
2011-04-13 22:00:00,12.2,68,6.4,0.0,0.0,3.36,0.0,0.0
2011-04-13 23:00:00,11.8,69,6.2,0.0,0.0,2.94,0.0,0.0
2011-04-14 00:00:00,11.2,71,6.0,0.0,0.0,2.94,0.0,0.0
2011-04-14 01:00:00,10.4,74,5.9,0.0,0.0,3.22,0.0,0.0
2011-04-14 02:00:00,9.0,79,5.6,0.0,0.0,3.24,0.0,0.0
2011-04-14 03:00:00,8.5,82,5.5,0.0,0.0,3.26,0.0,0.0
2011-04-14 04:00:00,8.0,84,5.4,0.0,0.0,3.18,0.0,0.0
2011-04-14 05:00:00,7.5,85,5.2,0.0,0.0,2.62,0.0,0.0
2011-04-14 06:00:00,7.1,87,5.1,0.0,0.0,2.48,6.0,0.0216
2011-04-14 07:00:00,8.5,83,5.8,0.0,0.0,2.48,125.0,0.45
2011-04-14 08:00:00,10.8,72,5.9,0.0,0.0,2.34,324.0,1.1663999999999999
2011-04-14 09:00:00,13.0,64,6.4,0.0,0.0,2.24,527.0,1.8972
2011-04-14 10:00:00,15.0,58,6.8,0.0,0.0,2.24,702.0,2.5272
2011-04-14 11:00:00,16.8,52,6.8,0.0,0.0,2.37,830.0,2.988
2011-04-14 12:00:00,18.2,46,6.4,0.0,0.0,2.2,899.0,3.2363999999999997
2011-04-14 13:00:00,19.2,42,5.9,0.0,0.0,2.08,911.0,3.2796
2011-04-14 14:00:00,20.3,39,6.0,0.0,0.0,2.06,855.0,3.078
2011-04-14 15:00:00,20.7,37,5.6,0.0,0.0,1.94,742.0,2.6712
2011-04-14 16:00:00,20.7,36,5.2,0.0,0.0,1.57,579.0,2.0844
2011-04-14 17:00:00,20.1,39,5.7,0.0,0.0,0.36,384.0,1.3824
2011-04-14 18:00:00,18.4,54,8.8,0.0,0.0,0.63,180.0,0.648
2011-04-14 19:00:00,16.0,73,11.2,0.0,0.0,1.3,24.0,0.0864
2011-04-14 20:00:00,13.6,77,9.6,0.0,0.0,1.9,0.0,0.0
2011-04-14 21:00:00,11.9,83,9.0,0.0,0.0,2.14,0.0,0.0
2011-04-14 22:00:00,10.8,86,8.5,0.0,0.0,2.53,0.0,0.0
2011-04-14 23:00:00,10.0,88,8.1,0.0,0.0,2.72,0.0,0.0
2011-04-15 00:00:00,9.9,87,7.9,0.0,0.0,2.73,0.0,0.0
2011-04-15 01:00:00,11.0,83,8.3,0.0,0.0,2.42,0.0,0.0
2011-04-15 02:00:00,9.4,86,7.3,0.0,0.0,1.78,0.0,0.0
2011-04-15 03:00:00,10.9,82,8.0,0.0,0.0,1.81,0.0,0.0
2011-04-15 04:00:00,7.6,92,6.4,0.0,0.0,3.18,0.0,0.0
2011-04-15 05:00:00,7.8,89,6.0,0.0,0.0,3.16,0.0,0.0
2011-04-15 06:00:00,8.1,86,5.9,0.0,0.0,3.55,7.0,0.0252
2011-04-15 07:00:00,9.7,82,6.7,0.0,0.0,3.72,125.0,0.45
2011-04-15 08:00:00,12.0,72,7.2,0.0,0.0,4.25,318.0,1.1448
2011-04-15 09:00:00,13.7,69,8.1,0.0,0.0,4.02,521.0,1.8756
2011-04-15 10:00:00,15.3,65,8.9,0.0,0.0,4.14,691.0,2.4876
2011-04-15 11:00:00,16.7,62,9.4,0.0,0.0,4.3,813.0,2.9268
2011-04-15 12:00:00,17.8,58,9.4,0.0,0.0,4.4,886.0,3.1896
2011-04-15 13:00:00,18.6,53,8.8,0.0,0.0,4.34,856.0,3.0816
2011-04-15 14:00:00,18.6,51,8.2,0.0,0.0,4.83,576.0,2.0736
2011-04-15 15:00:00,18.1,52,8.0,0.0,0.0,5.11,467.0,1.6812
2011-04-15 16:00:00,17.4,54,7.9,0.0,0.0,5.6,375.0,1.3499999999999999
2011-04-15 17:00:00,16.1,58,7.8,0.0,0.0,4.23,281.0,1.0116
2011-04-15 18:00:00,14.4,64,7.7,0.0,0.0,5.12,150.0,0.54
2011-04-15 19:00:00,12.8,71,7.6,0.0,0.0,5.2,20.0,0.072
2011-04-15 20:00:00,11.6,75,7.3,0.0,0.0,4.87,0.0,0.0
2011-04-15 21:00:00,10.7,78,7.1,0.0,0.0,4.95,0.0,0.0
2011-04-15 22:00:00,10.0,81,6.9,0.0,0.0,5.38,0.0,0.0
2011-04-15 23:00:00,9.7,82,6.7,0.0,0.0,5.06,0.0,0.0
2011-04-16 00:00:00,9.8,82,6.9,0.0,0.0,5.26,0.0,0.0
2011-04-16 01:00:00,9.9,83,7.1,0.0,0.0,5.92,0.0,0.0
2011-04-16 02:00:00,9.2,83,6.4,0.0,0.0,5.12,0.0,0.0
2011-04-16 03:00:00,9.3,84,6.7,0.0,0.0,5.6,0.0,0.0
2011-04-16 04:00:00,9.6,85,7.2,0.0,0.0,5.88,0.0,0.0
2011-04-16 05:00:00,9.8,87,7.8,0.3,0.0,5.12,0.0,0.0
2011-04-16 06:00:00,10.1,88,8.3,0.2,0.0,5.73,1.0,0.0036
2011-04-16 07:00:00,10.4,90,8.9,0.7,0.0,5.57,9.0,0.0324
2011-04-16 08:00:00,10.7,92,9.5,1.0,0.0,6.14,22.0,0.07919999999999999
2011-04-16 09:00:00,11.3,94,10.3,1.7,0.0,6.08,58.0,0.20879999999999999
2011-04-16 10:00:00,12.2,95,11.4,2.9,0.0,6.36,109.0,0.39239999999999997
2011-04-16 11:00:00,13.0,96,12.4,1.0,0.0,7.43,102.0,0.36719999999999997
2011-04-16 12:00:00,13.9,96,13.2,0.6,0.0,7.16,106.0,0.3816
2011-04-16 13:00:00,14.9,96,14.3,1.7,0.0,7.11,182.0,0.6552
2011-04-16 14:00:00,16.2,93,15.1,1.0,0.0,7.37,197.0,0.7091999999999999
2011-04-16 15:00:00,16.6,86,14.2,1.7,0.0,8.65,139.0,0.5004
2011-04-16 16:00:00,16.5,85,14.0,1.2,0.0,8.57,72.0,0.2592
2011-04-16 17:00:00,17.2,81,13.9,0.6,0.0,6.57,124.0,0.44639999999999996
2011-04-16 18:00:00,16.5,87,14.3,2.8,0.0,5.31,27.0,0.0972
2011-04-16 19:00:00,16.0,93,15.0,7.1,0.0,4.34,4.0,0.0144
2011-04-16 20:00:00,15.6,100,15.6,8.1,0.0,3.13,0.0,0.0
2011-04-16 21:00:00,15.0,94,14.0,1.9,0.0,3.67,0.0,0.0
2011-04-16 22:00:00,13.2,81,10.0,0.0,0.0,4.88,0.0,0.0
2011-04-16 23:00:00,12.5,78,8.7,0.0,0.0,4.43,0.0,0.0
2011-04-17 00:00:00,12.0,75,7.7,0.0,0.0,4.39,0.0,0.0
2011-04-17 01:00:00,11.3,73,6.6,0.0,0.0,4.31,0.0,0.0
2011-04-17 02:00:00,10.9,73,6.2,0.0,0.0,4.5,0.0,0.0
2011-04-17 03:00:00,10.1,71,5.0,0.0,0.0,4.41,0.0,0.0
2011-04-17 04:00:00,9.5,68,3.8,0.0,0.0,4.8,0.0,0.0
2011-04-17 05:00:00,9.0,64,2.6,0.0,0.0,4.32,0.0,0.0
2011-04-17 06:00:00,8.5,62,1.5,0.0,0.0,4.9,10.0,0.036
2011-04-17 07:00:00,8.6,58,0.8,0.0,0.0,4.06,142.0,0.5112
2011-04-17 08:00:00,9.3,52,0.0,0.0,0.0,5.51,351.0,1.2636
2011-04-17 09:00:00,10.4,50,0.3,0.0,0.0,5.52,556.0,2.0016
2011-04-17 10:00:00,11.6,47,0.7,0.0,0.0,5.5,716.0,2.5776
2011-04-17 11:00:00,13.2,44,1.2,0.0,0.0,5.82,859.0,3.0924
2011-04-17 12:00:00,14.7,41,1.5,0.0,0.0,6.08,910.0,3.276
2011-04-17 13:00:00,16.0,38,1.8,0.0,0.0,6.48,925.0,3.33
2011-04-17 14:00:00,17.6,32,0.7,0.0,0.0,5.91,854.0,3.0744
2011-04-17 15:00:00,18.2,31,0.7,0.0,0.0,7.15,685.0,2.4659999999999997
2011-04-17 16:00:00,19.0,29,0.6,0.0,0.0,6.5,493.0,1.7748
2011-04-17 17:00:00,18.9,34,2.5,0.0,0.0,3.78,376.0,1.3536
2011-04-17 18:00:00,17.5,38,3.1,0.0,0.0,2.7,183.0,0.6587999999999999
2011-04-17 19:00:00,15.8,43,3.3,0.0,0.0,2.7,28.0,0.1008
2011-04-17 20:00:00,14.7,46,3.2,0.0,0.0,2.83,0.0,0.0
2011-04-17 21:00:00,14.1,49,3.6,0.0,0.0,2.82,0.0,0.0
2011-04-17 22:00:00,13.1,53,3.9,0.0,0.0,2.75,0.0,0.0
2011-04-17 23:00:00,12.0,59,4.2,0.0,0.0,2.69,0.0,0.0
2011-04-18 00:00:00,10.9,66,4.7,0.0,0.0,2.73,0.0,0.0
2011-04-18 01:00:00,9.9,71,4.9,0.0,0.0,2.88,0.0,0.0
2011-04-18 02:00:00,9.5,70,4.4,0.0,0.0,2.89,0.0,0.0
2011-04-18 03:00:00,9.1,73,4.6,0.0,0.0,2.38,0.0,0.0
2011-04-18 04:00:00,8.8,75,4.7,0.0,0.0,2.15,0.0,0.0
2011-04-18 05:00:00,8.9,76,5.0,0.0,0.0,1.7,0.0,0.0
2011-04-18 06:00:00,9.1,77,5.3,0.0,0.0,1.21,7.0,0.0252
2011-04-18 07:00:00,11.6,71,6.5,0.0,0.0,1.39,129.0,0.4644
2011-04-18 08:00:00,14.4,61,6.9,0.0,0.0,0.92,340.0,1.224
2011-04-18 09:00:00,16.4,56,7.6,0.0,0.0,1.28,493.0,1.7748
2011-04-18 10:00:00,17.8,54,8.3,0.0,0.0,1.88,584.0,2.1024
2011-04-18 11:00:00,19.0,52,8.9,0.0,0.0,2.19,539.0,1.9404
2011-04-18 12:00:00,19.5,52,9.3,0.0,0.0,2.33,423.0,1.5228
2011-04-18 13:00:00,20.9,49,9.9,0.0,0.0,2.92,622.0,2.2392
2011-04-18 14:00:00,22.4,45,9.9,0.0,0.0,3.76,521.0,1.8756
2011-04-18 15:00:00,23.4,40,9.1,0.0,0.0,3.91,534.0,1.9223999999999999
2011-04-18 16:00:00,23.6,40,9.2,0.0,0.0,4.42,474.0,1.7064
2011-04-18 17:00:00,22.9,44,9.9,0.0,0.0,3.74,342.0,1.2312
2011-04-18 18:00:00,21.1,48,9.6,0.0,0.0,3.22,163.0,0.5868
2011-04-18 19:00:00,19.5,49,8.5,0.0,0.0,3.85,27.0,0.0972
2011-04-18 20:00:00,19.0,45,6.9,0.0,0.0,4.46,0.0,0.0
2011-04-18 21:00:00,18.5,45,6.3,0.0,0.0,4.75,0.0,0.0
2011-04-18 22:00:00,18.0,46,6.1,0.0,0.0,4.74,0.0,0.0
2011-04-18 23:00:00,17.5,47,6.1,0.0,0.0,4.63,0.0,0.0
2011-04-19 00:00:00,16.9,50,6.3,0.0,0.0,4.22,0.0,0.0
2011-04-19 01:00:00,16.4,52,6.5,0.0,0.0,3.77,0.0,0.0
2011-04-19 02:00:00,15.1,57,6.6,0.0,0.0,3.69,0.0,0.0
2011-04-19 03:00:00,14.4,60,6.8,0.0,0.0,3.33,0.0,0.0
2011-04-19 04:00:00,13.8,63,6.9,0.0,0.0,3.28,0.0,0.0
2011-04-19 05:00:00,13.5,65,7.2,0.0,0.0,2.27,0.0,0.0
2011-04-19 06:00:00,13.5,67,7.6,0.0,0.0,2.64,7.0,0.0252
2011-04-19 07:00:00,13.8,73,9.0,0.0,0.0,2.02,53.0,0.1908
2011-04-19 08:00:00,14.4,77,10.3,0.0,0.0,0.4,63.0,0.2268
2011-04-19 09:00:00,16.8,65,10.2,0.0,0.0,0.85,213.0,0.7667999999999999
2011-04-19 10:00:00,18.3,61,10.6,0.0,0.0,1.36,368.0,1.3248
2011-04-19 11:00:00,19.5,58,11.1,0.0,0.0,1.56,416.0,1.4976
2011-04-19 12:00:00,20.7,56,11.6,0.0,0.0,2.93,497.0,1.7892
2011-04-19 13:00:00,22.2,53,12.2,0.0,0.0,3.24,614.0,2.2104
2011-04-19 14:00:00,19.9,58,11.3,0.4,0.0,3.04,508.0,1.8288
2011-04-19 15:00:00,20.1,58,11.5,0.0,0.0,2.68,361.0,1.2995999999999999
2011-04-19 16:00:00,20.5,59,12.1,0.0,0.0,2.55,300.0,1.08
2011-04-19 17:00:00,20.6,61,12.9,0.0,0.0,1.33,314.0,1.1304
2011-04-19 18:00:00,19.4,68,13.4,0.0,0.0,2.02,145.0,0.522
2011-04-19 19:00:00,17.9,74,13.2,0.0,0.0,2.82,24.0,0.0864
2011-04-19 20:00:00,16.8,78,12.9,0.0,0.0,3.31,0.0,0.0
2011-04-19 21:00:00,16.3,82,13.2,0.0,0.0,3.21,0.0,0.0
2011-04-19 22:00:00,16.3,84,13.6,0.0,0.0,3.23,0.0,0.0
2011-04-19 23:00:00,17.1,80,13.6,0.0,0.0,2.56,0.0,0.0
2011-04-20 00:00:00,18.2,71,12.9,0.0,0.0,2.48,0.0,0.0
2011-04-20 01:00:00,18.7,65,12.1,0.0,0.0,2.77,0.0,0.0
2011-04-20 02:00:00,16.7,76,12.4,0.0,0.0,3.31,0.0,0.0
2011-04-20 03:00:00,17.0,72,12.0,0.0,0.0,4.22,0.0,0.0
2011-04-20 04:00:00,17.3,71,11.9,0.0,0.0,4.68,0.0,0.0
2011-04-20 05:00:00,17.3,72,12.1,0.0,0.0,2.45,0.0,0.0
2011-04-20 06:00:00,17.3,73,12.5,0.0,0.0,2.9,12.0,0.0432
2011-04-20 07:00:00,18.6,71,13.3,0.0,0.0,2.91,143.0,0.5148
2011-04-20 08:00:00,20.6,68,14.4,0.0,0.0,3.24,338.0,1.2167999999999999
2011-04-20 09:00:00,22.4,63,14.9,0.0,0.0,3.76,525.0,1.89
2011-04-20 10:00:00,24.0,58,15.2,0.0,0.0,4.14,651.0,2.3436
2011-04-20 11:00:00,25.2,54,15.2,0.0,0.0,5.11,676.0,2.4335999999999998
2011-04-20 12:00:00,26.3,50,15.2,0.0,0.0,5.96,710.0,2.556
2011-04-20 13:00:00,27.3,47,15.1,0.0,0.0,6.3,747.0,2.6892
2011-04-20 14:00:00,28.1,41,13.8,0.0,0.0,6.76,695.0,2.502
2011-04-20 15:00:00,28.1,42,14.0,0.0,0.0,5.65,559.0,2.0124
2011-04-20 16:00:00,28.3,41,13.9,0.0,0.0,4.61,485.0,1.746
2011-04-20 17:00:00,27.0,47,14.6,0.0,0.0,4.64,289.0,1.0404
2011-04-20 18:00:00,25.3,50,14.1,0.0,0.0,3.79,173.0,0.6228
2011-04-20 19:00:00,23.3,55,13.7,0.0,0.0,2.88,28.0,0.1008
2011-04-20 20:00:00,21.7,58,13.0,0.0,0.0,3.18,0.0,0.0
2011-04-20 21:00:00,20.0,60,12.1,0.0,0.0,4.58,0.0,0.0
2011-04-20 22:00:00,18.3,61,10.6,0.0,0.0,4.55,0.0,0.0
2011-04-20 23:00:00,16.9,62,9.5,0.0,0.0,5.06,0.0,0.0
2011-04-21 00:00:00,15.7,63,8.6,0.0,0.0,4.39,0.0,0.0
2011-04-21 01:00:00,14.7,62,7.6,0.0,0.0,4.24,0.0,0.0
2011-04-21 02:00:00,15.1,61,7.5,0.0,0.0,4.95,0.0,0.0
2011-04-21 03:00:00,14.0,57,5.5,0.0,0.0,5.32,0.0,0.0
2011-04-21 04:00:00,12.9,55,3.9,0.0,0.0,5.17,0.0,0.0
2011-04-21 05:00:00,11.9,55,3.2,0.0,0.0,4.97,0.0,0.0
2011-04-21 06:00:00,11.1,58,3.1,0.0,0.0,4.24,12.0,0.0432
2011-04-21 07:00:00,10.9,56,2.4,0.0,0.0,4.39,124.0,0.44639999999999996
2011-04-21 08:00:00,11.2,53,1.9,0.0,0.0,4.62,302.0,1.0872
2011-04-21 09:00:00,11.8,49,1.5,0.0,0.0,4.47,491.0,1.7676
2011-04-21 10:00:00,12.5,46,1.3,0.0,0.0,4.53,689.0,2.4804
2011-04-21 11:00:00,13.3,44,1.2,0.0,0.0,4.6,808.0,2.9088
2011-04-21 12:00:00,14.2,41,1.1,0.0,0.0,4.88,889.0,3.2004
2011-04-21 13:00:00,14.9,39,0.9,0.0,0.0,4.81,876.0,3.1536
2011-04-21 14:00:00,15.8,38,1.6,0.0,0.0,4.95,854.0,3.0744
2011-04-21 15:00:00,15.9,37,1.3,0.0,0.0,4.82,686.0,2.4696
2011-04-21 16:00:00,15.5,37,0.9,0.0,0.0,4.47,479.0,1.7244
2011-04-21 17:00:00,15.3,37,0.5,0.0,0.0,3.22,369.0,1.3284
2011-04-21 18:00:00,14.5,40,1.1,0.0,0.0,1.98,176.0,0.6335999999999999
2011-04-21 19:00:00,13.0,48,2.2,0.0,0.0,1.77,34.0,0.1224
2011-04-21 20:00:00,11.4,53,2.1,0.0,0.0,1.8,0.0,0.0
2011-04-21 21:00:00,10.0,59,2.4,0.0,0.0,2.11,0.0,0.0
2011-04-21 22:00:00,8.9,61,1.8,0.0,0.0,2.38,0.0,0.0
2011-04-21 23:00:00,8.0,62,1.3,0.0,0.0,2.86,0.0,0.0
2011-04-22 00:00:00,7.4,63,0.8,0.0,0.0,3.18,0.0,0.0
2011-04-22 01:00:00,7.1,62,0.3,0.0,0.0,3.22,0.0,0.0
2011-04-22 02:00:00,7.4,63,0.9,0.0,0.0,3.71,0.0,0.0
2011-04-22 03:00:00,7.3,64,0.9,0.0,0.0,3.89,0.0,0.0
2011-04-22 04:00:00,7.2,63,0.7,0.0,0.0,3.9,0.0,0.0
2011-04-22 05:00:00,7.3,61,0.4,0.0,0.0,3.49,0.0,0.0
2011-04-22 06:00:00,7.4,61,0.5,0.0,0.0,3.65,9.0,0.0324
2011-04-22 07:00:00,7.7,59,0.1,0.0,0.0,3.81,76.0,0.2736
2011-04-22 08:00:00,8.0,60,0.6,0.0,0.0,3.73,118.0,0.4248
2011-04-22 09:00:00,8.5,61,1.3,0.0,0.0,3.45,227.0,0.8171999999999999
2011-04-22 10:00:00,8.8,64,2.3,0.1,0.0,3.3,228.0,0.8208
2011-04-22 11:00:00,9.3,64,2.8,0.2,0.0,3.32,257.0,0.9252
2011-04-22 12:00:00,9.2,67,3.4,0.1,0.0,3.52,189.0,0.6804
2011-04-22 13:00:00,9.2,70,3.9,0.4,0.0,3.57,174.0,0.6264
2011-04-22 14:00:00,8.1,73,3.6,1.0,0.0,3.51,120.0,0.432
2011-04-22 15:00:00,7.7,83,5.0,0.6,0.0,3.1,83.0,0.2988
2011-04-22 16:00:00,7.6,87,5.6,0.7,0.0,3.31,61.0,0.2196
2011-04-22 17:00:00,7.5,90,6.0,0.5,0.0,2.42,46.0,0.1656
2011-04-22 18:00:00,7.1,91,5.7,0.5,0.0,3.41,17.0,0.0612
2011-04-22 19:00:00,6.9,90,5.3,0.2,0.0,3.69,2.0,0.0072
2011-04-22 20:00:00,6.9,89,5.2,0.0,0.0,4.02,0.0,0.0
2011-04-22 21:00:00,7.0,88,5.1,0.0,0.0,3.85,0.0,0.0
2011-04-22 22:00:00,7.2,87,5.2,0.0,0.0,3.91,0.0,0.0
2011-04-22 23:00:00,7.6,86,5.4,0.0,0.0,3.89,0.0,0.0
2011-04-23 00:00:00,8.0,86,5.8,0.1,0.0,4.6,0.0,0.0
2011-04-23 01:00:00,8.5,87,6.4,0.1,0.0,3.55,0.0,0.0
2011-04-23 02:00:00,7.5,93,6.4,0.0,0.0,2.5,0.0,0.0
2011-04-23 03:00:00,7.7,95,6.9,0.0,0.0,2.64,0.0,0.0
2011-04-23 04:00:00,8.1,95,7.4,0.0,0.0,2.62,0.0,0.0
2011-04-23 05:00:00,8.5,96,7.9,0.0,0.0,2.42,0.0,0.0
2011-04-23 06:00:00,9.0,96,8.5,0.0,0.0,2.56,3.0,0.0108
2011-04-23 07:00:00,9.9,96,9.3,0.0,0.0,2.0,23.0,0.0828
2011-04-23 08:00:00,11.1,95,10.4,0.0,0.0,2.53,83.0,0.2988
2011-04-23 09:00:00,12.1,92,10.9,0.0,0.0,3.35,128.0,0.4608
2011-04-23 10:00:00,13.8,89,12.1,0.0,0.0,3.94,299.0,1.0764
2011-04-23 11:00:00,14.6,86,12.3,0.0,0.0,4.5,233.0,0.8388
2011-04-23 12:00:00,16.1,83,13.2,0.0,0.0,4.75,320.0,1.152
2011-04-23 13:00:00,18.7,75,14.2,0.0,0.0,4.7,580.0,2.088
2011-04-23 14:00:00,19.5,75,14.9,0.0,0.0,4.74,386.0,1.3896
2011-04-23 15:00:00,22.1,67,15.8,0.0,0.0,6.25,616.0,2.2176
2011-04-23 16:00:00,23.1,65,16.2,0.0,0.0,4.67,492.0,1.7711999999999999
2011-04-23 17:00:00,22.9,68,16.6,0.0,0.0,3.4,263.0,0.9468
2011-04-23 18:00:00,22.2,70,16.4,0.0,0.0,3.42,166.0,0.5976
2011-04-23 19:00:00,20.8,75,16.1,0.0,0.0,3.92,30.0,0.108
2011-04-23 20:00:00,20.2,78,16.1,0.0,0.0,4.38,0.0,0.0
2011-04-23 21:00:00,19.7,78,15.9,0.0,0.0,4.55,0.0,0.0
2011-04-23 22:00:00,19.4,78,15.4,0.0,0.0,4.42,0.0,0.0
2011-04-23 23:00:00,18.7,79,15.0,0.0,0.0,4.1,0.0,0.0
2011-04-24 00:00:00,18.1,80,14.7,0.0,0.0,3.96,0.0,0.0
2011-04-24 01:00:00,17.4,83,14.5,0.0,0.0,3.7,0.0,0.0
2011-04-24 02:00:00,16.5,86,14.1,0.0,0.0,3.3,0.0,0.0
2011-04-24 03:00:00,15.7,90,14.0,0.0,0.0,2.78,0.0,0.0
2011-04-24 04:00:00,15.0,93,13.8,0.0,0.0,2.38,0.0,0.0
2011-04-24 05:00:00,14.4,95,13.5,0.0,0.0,2.2,0.0,0.0
2011-04-24 06:00:00,14.0,96,13.4,0.0,0.0,1.2,15.0,0.054
2011-04-24 07:00:00,16.3,89,14.6,0.0,0.0,1.28,129.0,0.4644
2011-04-24 08:00:00,18.8,81,15.4,0.0,0.0,1.17,316.0,1.1376
2011-04-24 09:00:00,21.2,73,16.2,0.0,0.0,1.14,529.0,1.9043999999999999
2011-04-24 10:00:00,23.3,67,16.9,0.0,0.0,1.51,704.0,2.5343999999999998
2011-04-24 11:00:00,25.2,61,17.2,0.0,0.0,2.4,840.0,3.024
2011-04-24 12:00:00,26.4,56,17.0,0.0,0.0,3.18,827.0,2.9772
2011-04-24 13:00:00,27.5,52,16.9,0.0,0.0,3.88,869.0,3.1284
2011-04-24 14:00:00,28.3,46,15.6,0.0,0.0,4.11,619.0,2.2284
2011-04-24 15:00:00,28.3,46,15.7,0.0,0.0,3.39,527.0,1.8972
2011-04-24 16:00:00,28.4,47,16.1,0.0,0.0,3.26,481.0,1.7316
2011-04-24 17:00:00,26.5,57,17.2,0.0,0.0,0.45,249.0,0.8964
2011-04-24 18:00:00,25.2,63,17.6,0.0,0.0,1.12,133.0,0.4788
2011-04-24 19:00:00,22.9,73,17.8,0.6,0.0,1.62,21.0,0.0756
2011-04-24 20:00:00,20.5,85,17.8,1.4,0.0,1.82,0.0,0.0
2011-04-24 21:00:00,19.5,88,17.4,1.3,0.0,1.39,0.0,0.0
2011-04-24 22:00:00,19.5,86,17.1,0.6,0.0,1.43,0.0,0.0
2011-04-24 23:00:00,18.3,91,16.8,0.0,0.0,1.36,0.0,0.0
2011-04-25 00:00:00,17.5,94,16.5,0.0,0.0,1.79,0.0,0.0
2011-04-25 01:00:00,17.2,95,16.3,0.0,0.0,1.41,0.0,0.0
2011-04-25 02:00:00,16.0,99,15.9,0.0,0.0,1.53,0.0,0.0
2011-04-25 03:00:00,16.0,98,15.7,0.0,0.0,1.75,0.0,0.0
2011-04-25 04:00:00,16.1,99,16.0,0.0,0.0,1.7,0.0,0.0
2011-04-25 05:00:00,15.8,99,15.7,0.0,0.0,1.39,0.0,0.0
2011-04-25 06:00:00,15.5,97,15.1,0.0,0.0,1.61,15.0,0.054
2011-04-25 07:00:00,17.4,96,16.7,0.0,0.0,0.91,110.0,0.39599999999999996
2011-04-25 08:00:00,19.3,94,18.3,0.0,0.0,0.67,272.0,0.9792
2011-04-25 09:00:00,21.3,86,18.8,0.0,0.0,0.61,450.0,1.6199999999999999
2011-04-25 10:00:00,23.5,76,19.1,0.0,0.0,1.14,586.0,2.1096
2011-04-25 11:00:00,25.9,67,19.3,0.0,0.0,2.12,825.0,2.9699999999999998
2011-04-25 12:00:00,27.8,58,18.8,0.0,0.0,2.7,902.0,3.2472
2011-04-25 13:00:00,29.0,49,17.3,0.0,0.0,3.1,890.0,3.2039999999999997
2011-04-25 14:00:00,29.4,47,16.9,0.0,0.0,3.71,845.0,3.042
2011-04-25 15:00:00,29.6,45,16.2,0.0,0.0,4.21,730.0,2.628
2011-04-25 16:00:00,29.2,46,16.3,0.0,0.0,4.2,560.0,2.016
2011-04-25 17:00:00,28.3,49,16.7,0.0,0.0,2.93,397.0,1.4292
2011-04-25 18:00:00,26.3,56,16.7,0.0,0.0,3.44,188.0,0.6768
2011-04-25 19:00:00,24.7,60,16.5,0.0,0.0,4.5,36.0,0.1296
2011-04-25 20:00:00,23.8,64,16.6,0.0,0.0,4.83,0.0,0.0
2011-04-25 21:00:00,23.1,69,17.0,0.0,0.0,4.87,0.0,0.0
2011-04-25 22:00:00,22.6,71,17.2,0.0,0.0,4.92,0.0,0.0
2011-04-25 23:00:00,22.0,74,17.1,0.0,0.0,4.79,0.0,0.0
2011-04-26 00:00:00,21.5,75,16.8,0.0,0.0,4.65,0.0,0.0
2011-04-26 01:00:00,21.1,73,16.1,0.0,0.0,4.79,0.0,0.0
2011-04-26 02:00:00,20.9,68,14.8,0.0,0.0,4.79,0.0,0.0
2011-04-26 03:00:00,20.4,69,14.4,0.0,0.0,4.61,0.0,0.0
2011-04-26 04:00:00,19.8,71,14.4,0.0,0.0,4.48,0.0,0.0
2011-04-26 05:00:00,19.2,75,14.7,0.0,0.0,4.16,0.0,0.0
2011-04-26 06:00:00,18.9,79,15.2,0.0,0.0,4.11,20.0,0.072
2011-04-26 07:00:00,19.9,80,16.3,0.0,0.0,3.77,159.0,0.5724
2011-04-26 08:00:00,21.4,77,17.1,0.0,0.0,4.66,353.0,1.2708
2011-04-26 09:00:00,23.0,70,17.1,0.0,0.0,4.85,533.0,1.9187999999999998
2011-04-26 10:00:00,24.0,65,17.0,0.0,0.0,5.03,568.0,2.0448
2011-04-26 11:00:00,25.1,59,16.7,0.0,0.0,5.22,686.0,2.4696
2011-04-26 12:00:00,26.0,55,16.2,0.0,0.0,5.47,694.0,2.4983999999999997
2011-04-26 13:00:00,26.4,53,16.0,0.0,0.0,5.58,603.0,2.1708
2011-04-26 14:00:00,27.9,49,16.1,0.0,0.0,5.61,832.0,2.9952
2011-04-26 15:00:00,28.0,48,16.0,0.0,0.0,5.79,692.0,2.4912
2011-04-26 16:00:00,27.3,51,16.4,0.0,0.0,5.81,463.0,1.6668
2011-04-26 17:00:00,26.0,58,17.2,0.0,0.0,5.41,278.0,1.0008
2011-04-26 18:00:00,24.6,66,17.8,0.0,0.0,4.53,174.0,0.6264
2011-04-26 19:00:00,23.3,72,18.1,0.0,0.0,4.02,30.0,0.108
2011-04-26 20:00:00,22.4,78,18.3,0.0,0.0,4.4,0.0,0.0
2011-04-26 21:00:00,21.9,81,18.5,0.0,0.0,4.57,0.0,0.0
2011-04-26 22:00:00,21.6,83,18.6,0.0,0.0,4.14,0.0,0.0
2011-04-26 23:00:00,21.0,86,18.5,0.0,0.0,3.77,0.0,0.0
2011-04-27 00:00:00,20.5,88,18.5,0.0,0.0,3.64,0.0,0.0
2011-04-27 01:00:00,20.3,89,18.5,0.0,0.0,3.61,0.0,0.0
2011-04-27 02:00:00,20.1,91,18.7,0.0,0.0,3.75,0.0,0.0
2011-04-27 03:00:00,20.1,91,18.6,0.0,0.0,4.03,0.0,0.0
2011-04-27 04:00:00,20.0,91,18.5,0.0,0.0,3.73,0.0,0.0
2011-04-27 05:00:00,20.1,91,18.6,0.0,0.0,3.31,0.0,0.0
2011-04-27 06:00:00,20.3,91,18.7,0.0,0.0,3.42,7.0,0.0252
2011-04-27 07:00:00,20.5,90,18.9,0.0,0.0,3.7,31.0,0.11159999999999999
2011-04-27 08:00:00,21.2,88,19.1,0.0,0.0,4.7,86.0,0.3096
2011-04-27 09:00:00,22.4,82,19.1,0.3,0.0,5.82,230.0,0.828
2011-04-27 10:00:00,23.9,74,19.1,0.3,0.0,5.76,510.0,1.8359999999999999
2011-04-27 11:00:00,24.5,75,19.8,0.4,0.0,6.09,581.0,2.0916
2011-04-27 12:00:00,25.7,73,20.4,0.2,0.0,5.5,689.0,2.4804
2011-04-27 13:00:00,26.3,71,20.6,0.0,0.0,5.47,580.0,2.088
2011-04-27 14:00:00,27.3,66,20.4,0.0,0.0,5.35,716.0,2.5776
2011-04-27 15:00:00,27.5,66,20.5,0.0,0.0,5.44,568.0,2.0448
2011-04-27 16:00:00,26.1,70,20.1,0.2,0.0,5.91,450.0,1.6199999999999999
2011-04-27 17:00:00,24.4,77,20.2,0.1,0.0,3.04,219.0,0.7884
2011-04-27 18:00:00,23.8,80,20.0,0.0,0.0,4.27,98.0,0.3528
2011-04-27 19:00:00,23.2,81,19.9,0.0,0.0,5.57,23.0,0.0828
2011-04-27 20:00:00,23.0,82,19.7,0.0,0.0,4.2,0.0,0.0
2011-04-27 21:00:00,22.7,83,19.6,0.0,0.0,4.1,0.0,0.0
2011-04-27 22:00:00,22.6,82,19.5,0.0,0.0,5.22,0.0,0.0
2011-04-27 23:00:00,22.5,82,19.4,0.0,0.0,5.46,0.0,0.0
2011-04-28 00:00:00,22.5,82,19.3,0.0,0.0,6.03,0.0,0.0
2011-04-28 01:00:00,22.6,81,19.1,0.0,0.0,6.11,0.0,0.0
2011-04-28 02:00:00,22.1,88,20.1,0.0,0.0,6.2,0.0,0.0
2011-04-28 03:00:00,22.1,87,19.7,0.0,0.0,6.74,0.0,0.0
2011-04-28 04:00:00,22.2,84,19.5,0.0,0.0,6.84,0.0,0.0
2011-04-28 05:00:00,22.3,83,19.2,0.0,0.0,6.56,0.0,0.0
2011-04-28 06:00:00,22.5,81,19.0,0.0,0.0,6.48,13.0,0.0468
2011-04-28 07:00:00,23.2,77,19.0,0.0,0.0,6.39,107.0,0.3852
2011-04-28 08:00:00,23.9,74,19.0,0.0,0.0,6.31,133.0,0.4788
2011-04-28 09:00:00,23.3,79,19.5,1.4,0.0,5.97,154.0,0.5544
2011-04-28 10:00:00,21.9,88,19.8,1.8,0.0,5.1,163.0,0.5868
2011-04-28 11:00:00,21.6,89,19.7,1.0,0.0,3.76,157.0,0.5652
2011-04-28 12:00:00,20.1,87,17.9,1.8,0.0,2.66,137.0,0.49319999999999997
2011-04-28 13:00:00,18.5,82,15.3,1.7,0.0,3.28,149.0,0.5364
2011-04-28 14:00:00,23.6,68,17.3,0.2,0.0,4.06,583.0,2.0987999999999998
2011-04-28 15:00:00,23.8,65,16.8,0.1,0.0,3.34,424.0,1.5264
2011-04-28 16:00:00,23.7,66,16.9,0.5,0.0,2.51,358.0,1.2888
2011-04-28 17:00:00,22.4,72,17.0,0.3,0.0,1.58,189.0,0.6804
2011-04-28 18:00:00,21.5,65,14.8,0.0,0.0,2.02,153.0,0.5508
2011-04-28 19:00:00,20.2,54,10.7,0.0,0.0,2.52,34.0,0.1224
2011-04-28 20:00:00,19.0,48,7.8,0.0,0.0,3.08,0.0,0.0
2011-04-28 21:00:00,18.0,47,6.6,0.0,0.0,3.69,0.0,0.0
2011-04-28 22:00:00,17.2,48,6.0,0.0,0.0,3.8,0.0,0.0
2011-04-28 23:00:00,15.8,55,6.7,0.0,0.0,3.27,0.0,0.0
2011-04-29 00:00:00,13.9,69,8.4,0.0,0.0,2.09,0.0,0.0
2011-04-29 01:00:00,12.8,72,7.9,0.0,0.0,2.3,0.0,0.0
2011-04-29 02:00:00,12.7,72,7.7,0.0,0.0,2.33,0.0,0.0
2011-04-29 03:00:00,11.7,76,7.6,0.0,0.0,2.02,0.0,0.0
2011-04-29 04:00:00,11.2,77,7.4,0.0,0.0,2.2,0.0,0.0
2011-04-29 05:00:00,10.7,80,7.4,0.0,0.0,2.32,0.0,0.0
2011-04-29 06:00:00,11.0,81,7.9,0.0,0.0,2.47,27.0,0.0972
2011-04-29 07:00:00,14.5,71,9.3,0.0,0.0,2.25,181.0,0.6516
2011-04-29 08:00:00,16.6,57,8.0,0.0,0.0,2.69,383.0,1.3788
2011-04-29 09:00:00,17.3,49,6.5,0.0,0.0,5.3,566.0,2.0376
2011-04-29 10:00:00,17.9,46,6.3,0.0,0.0,5.5,622.0,2.2392
2011-04-29 11:00:00,18.4,43,5.7,0.0,0.0,5.5,586.0,2.1096
2011-04-29 12:00:00,18.7,42,5.4,0.0,0.0,5.4,494.0,1.7784
2011-04-29 13:00:00,18.8,41,5.3,0.0,0.0,5.5,432.0,1.5552
2011-04-29 14:00:00,18.7,41,5.2,0.0,0.0,5.42,346.0,1.2456
2011-04-29 15:00:00,18.8,42,5.7,0.0,0.0,5.02,451.0,1.6236
2011-04-29 16:00:00,18.7,44,6.1,0.0,0.0,5.03,442.0,1.5912
2011-04-29 17:00:00,18.1,46,6.3,0.0,0.0,5.11,302.0,1.0872
2011-04-29 18:00:00,17.1,48,6.0,0.0,0.0,4.43,135.0,0.486
2011-04-29 19:00:00,15.8,49,5.2,0.0,0.0,4.1,36.0,0.1296
2011-04-29 20:00:00,14.5,49,4.0,0.0,0.0,3.97,0.0,0.0
2011-04-29 21:00:00,13.6,50,3.2,0.0,0.0,3.68,0.0,0.0
2011-04-29 22:00:00,12.7,51,2.9,0.0,0.0,3.02,0.0,0.0
2011-04-29 23:00:00,11.9,54,2.9,0.0,0.0,2.59,0.0,0.0
2011-04-30 00:00:00,10.8,63,3.9,0.0,0.0,1.97,0.0,0.0
2011-04-30 01:00:00,9.5,72,4.8,0.0,0.0,1.79,0.0,0.0
2011-04-30 02:00:00,8.9,77,5.0,0.0,0.0,2.11,0.0,0.0
2011-04-30 03:00:00,8.2,78,4.7,0.0,0.0,2.34,0.0,0.0
2011-04-30 04:00:00,7.8,79,4.4,0.0,0.0,2.41,0.0,0.0
2011-04-30 05:00:00,7.4,80,4.2,0.0,0.0,1.66,0.0,0.0
2011-04-30 06:00:00,7.8,78,4.2,0.0,0.0,2.55,29.0,0.10439999999999999
2011-04-30 07:00:00,10.0,64,3.6,0.0,0.0,3.13,186.0,0.6696
2011-04-30 08:00:00,10.9,59,3.2,0.0,0.0,3.52,390.0,1.404
2011-04-30 09:00:00,12.3,52,2.7,0.0,0.0,3.81,590.0,2.124
2011-04-30 10:00:00,13.6,51,3.6,0.0,0.0,3.72,758.0,2.7288
2011-04-30 11:00:00,15.0,48,4.0,0.0,0.0,3.89,870.0,3.132
2011-04-30 12:00:00,16.2,46,4.6,0.0,0.0,3.57,955.0,3.4379999999999997
2011-04-30 13:00:00,17.2,45,5.0,0.0,0.0,3.2,958.0,3.4488
2011-04-30 14:00:00,18.4,44,5.8,0.0,0.0,2.96,906.0,3.2616
2011-04-30 15:00:00,18.9,43,6.0,0.0,0.0,2.62,789.0,2.8404
2011-04-30 16:00:00,19.1,42,5.9,0.0,0.0,2.3,626.0,2.2536
2011-04-30 17:00:00,18.8,42,5.7,0.0,0.0,1.49,431.0,1.5515999999999999
2011-04-30 18:00:00,17.8,51,7.5,0.0,0.0,1.25,225.0,0.8099999999999999
2011-04-30 19:00:00,16.3,69,10.6,0.0,0.0,1.36,47.0,0.1692
2011-04-30 20:00:00,14.1,73,9.2,0.0,0.0,2.2,0.0,0.0
2011-04-30 21:00:00,12.9,77,9.0,0.0,0.0,2.25,0.0,0.0
2011-04-30 22:00:00,12.2,81,9.0,0.0,0.0,1.82,0.0,0.0
2011-04-30 23:00:00,11.5,84,8.9,0.0,0.0,2.02,0.0,0.0
2011-05-01 00:00:00,10.8,87,8.6,0.0,0.0,1.84,0.0,0.0
2011-05-01 01:00:00,10.3,88,8.4,0.0,0.0,1.92,0.0,0.0
2011-05-01 02:00:00,9.9,89,8.3,0.0,0.0,1.89,0.0,0.0
2011-05-01 03:00:00,9.4,91,8.0,0.0,0.0,1.97,0.0,0.0
2011-05-01 04:00:00,8.9,93,7.8,0.0,0.0,1.92,0.0,0.0
2011-05-01 05:00:00,9.0,93,7.9,0.0,0.0,1.93,0.0,0.0
2011-05-01 06:00:00,9.7,92,8.4,0.0,0.0,1.66,26.0,0.0936
2011-05-01 07:00:00,11.8,89,10.0,0.0,0.0,1.49,100.0,0.36
2011-05-01 08:00:00,14.1,77,10.0,0.0,0.0,1.84,217.0,0.7812
2011-05-01 09:00:00,15.9,66,9.5,0.0,0.0,2.22,345.0,1.242
2011-05-01 10:00:00,17.4,56,8.5,0.0,0.0,2.58,479.0,1.7244
2011-05-01 11:00:00,18.2,51,7.8,0.0,0.0,3.31,475.0,1.71
2011-05-01 12:00:00,18.8,48,7.6,0.0,0.0,3.05,530.0,1.908
2011-05-01 13:00:00,19.2,46,7.3,0.0,0.0,2.38,473.0,1.7027999999999999
2011-05-01 14:00:00,17.7,53,8.0,0.3,0.0,1.41,234.0,0.8423999999999999
2011-05-01 15:00:00,16.9,60,9.1,0.1,0.0,0.78,155.0,0.5579999999999999
2011-05-01 16:00:00,16.2,68,10.3,0.2,0.0,1.14,93.0,0.3348
2011-05-01 17:00:00,15.9,71,10.7,0.2,0.0,2.14,99.0,0.3564
2011-05-01 18:00:00,15.8,73,11.0,0.0,0.0,1.64,73.0,0.2628
2011-05-01 19:00:00,15.3,76,11.0,0.0,0.0,1.52,12.0,0.0432
2011-05-01 20:00:00,14.9,75,10.5,0.0,0.0,1.56,0.0,0.0
2011-05-01 21:00:00,14.8,73,9.9,0.0,0.0,1.94,0.0,0.0
2011-05-01 22:00:00,14.4,71,9.2,0.0,0.0,2.58,0.0,0.0
2011-05-01 23:00:00,14.0,70,8.6,0.0,0.0,2.97,0.0,0.0
2011-05-02 00:00:00,13.3,71,8.2,0.0,0.0,2.82,0.0,0.0
2011-05-02 01:00:00,12.8,72,7.9,0.0,0.0,2.79,0.0,0.0
2011-05-02 02:00:00,12.3,75,8.0,0.0,0.0,2.82,0.0,0.0
2011-05-02 03:00:00,11.9,78,8.1,0.0,0.0,2.84,0.0,0.0
2011-05-02 04:00:00,11.7,80,8.4,0.0,0.0,2.81,0.0,0.0
2011-05-02 05:00:00,11.9,81,8.8,0.0,0.0,2.65,0.0,0.0
2011-05-02 06:00:00,12.5,81,9.4,0.0,0.0,3.06,7.0,0.0252
2011-05-02 07:00:00,13.2,82,10.3,0.0,0.0,2.77,59.0,0.2124
2011-05-02 08:00:00,15.7,75,11.4,0.0,0.0,3.28,312.0,1.1232
2011-05-02 09:00:00,18.1,71,12.7,0.0,0.0,4.13,548.0,1.9727999999999999
2011-05-02 10:00:00,20.1,67,13.8,0.0,0.0,3.61,680.0,2.448
2011-05-02 11:00:00,21.7,64,14.6,0.0,0.0,3.11,772.0,2.7792
2011-05-02 12:00:00,23.6,59,15.2,0.0,0.0,2.62,916.0,3.2976
2011-05-02 13:00:00,24.8,56,15.4,0.0,0.0,2.91,840.0,3.024
2011-05-02 14:00:00,26.0,54,15.9,0.0,0.0,3.51,793.0,2.8548
2011-05-02 15:00:00,26.5,52,15.9,0.0,0.0,3.55,662.0,2.3832
2011-05-02 16:00:00,26.1,53,15.7,0.0,0.0,3.1,398.0,1.4327999999999999
2011-05-02 17:00:00,24.8,61,16.7,0.0,0.0,1.28,200.0,0.72
2011-05-02 18:00:00,23.4,67,16.9,0.0,0.0,2.33,101.0,0.3636
2011-05-02 19:00:00,21.8,72,16.5,0.0,0.0,1.97,32.0,0.1152
2011-05-02 20:00:00,20.7,74,16.0,0.0,0.0,1.8,0.0,0.0
2011-05-02 21:00:00,20.1,76,15.6,0.0,0.0,1.77,0.0,0.0
2011-05-02 22:00:00,19.5,76,15.2,0.0,0.0,2.24,0.0,0.0
2011-05-02 23:00:00,19.2,75,14.7,0.0,0.0,2.65,0.0,0.0
2011-05-03 00:00:00,18.9,75,14.3,0.0,0.0,2.91,0.0,0.0
2011-05-03 01:00:00,18.4,76,14.1,0.0,0.0,2.91,0.0,0.0
2011-05-03 02:00:00,17.8,76,13.5,0.0,0.0,2.95,0.0,0.0
2011-05-03 03:00:00,17.4,77,13.3,0.0,0.0,3.04,0.0,0.0
2011-05-03 04:00:00,17.0,78,13.1,0.0,0.0,2.91,0.0,0.0
2011-05-03 05:00:00,16.6,80,13.2,0.0,0.0,2.21,0.0,0.0
2011-05-03 06:00:00,16.7,81,13.5,0.0,0.0,2.94,29.0,0.10439999999999999
2011-05-03 07:00:00,18.4,77,14.4,0.0,0.0,3.21,178.0,0.6408
2011-05-03 08:00:00,20.3,71,14.9,0.0,0.0,3.86,364.0,1.3104
2011-05-03 09:00:00,22.2,67,15.7,0.0,0.0,4.2,564.0,2.0303999999999998
2011-05-03 10:00:00,23.9,63,16.6,0.0,0.0,4.3,726.0,2.6136
2011-05-03 11:00:00,25.5,60,17.1,0.0,0.0,4.84,846.0,3.0456
2011-05-03 12:00:00,26.7,56,17.3,0.0,0.0,5.95,912.0,3.2832
2011-05-03 13:00:00,27.7,52,16.9,0.0,0.0,5.91,913.0,3.2868
2011-05-03 14:00:00,28.0,49,16.2,0.0,0.0,6.35,784.0,2.8224
2011-05-03 15:00:00,28.0,47,15.7,0.0,0.0,6.35,559.0,2.0124
2011-05-03 16:00:00,27.7,48,15.9,0.0,0.0,5.2,424.0,1.5264
2011-05-03 17:00:00,27.1,52,16.2,0.0,0.0,5.24,276.0,0.9935999999999999
2011-05-03 18:00:00,26.0,54,16.0,0.0,0.0,4.49,180.0,0.648
2011-05-03 19:00:00,24.6,57,15.6,0.0,0.0,3.92,41.0,0.1476
2011-05-03 20:00:00,23.3,60,15.1,0.0,0.0,3.04,0.0,0.0
2011-05-03 21:00:00,21.7,66,15.1,0.0,0.0,2.85,0.0,0.0
2011-05-03 22:00:00,19.7,70,14.2,0.0,0.0,5.47,0.0,0.0
2011-05-03 23:00:00,18.1,70,12.5,0.0,0.0,4.99,0.0,0.0
2011-05-04 00:00:00,16.5,71,11.3,0.2,0.0,4.1,0.0,0.0
2011-05-04 01:00:00,14.8,75,10.5,0.3,0.0,3.61,0.0,0.0
2011-05-04 02:00:00,14.3,86,12.0,1.2,0.0,4.39,0.0,0.0
2011-05-04 03:00:00,12.7,92,11.4,1.5,0.0,4.61,0.0,0.0
2011-05-04 04:00:00,11.4,93,10.3,1.1,0.0,4.76,0.0,0.0
2011-05-04 05:00:00,10.2,94,9.4,1.8,0.0,4.61,0.0,0.0
2011-05-04 06:00:00,9.1,93,8.1,2.9,0.0,3.62,3.0,0.0108
2011-05-04 07:00:00,8.3,93,7.3,1.8,0.0,4.46,24.0,0.0864
2011-05-04 08:00:00,7.9,93,6.8,1.6,0.0,4.69,49.0,0.1764
2011-05-04 09:00:00,7.9,91,6.6,1.2,0.0,4.74,109.0,0.39239999999999997
2011-05-04 10:00:00,8.0,90,6.5,0.7,0.0,4.47,122.0,0.4392
2011-05-04 11:00:00,8.8,84,6.2,0.3,0.0,4.34,216.0,0.7776
2011-05-04 12:00:00,10.5,72,5.7,0.0,0.0,4.9,301.0,1.0836
2011-05-04 13:00:00,12.7,59,5.0,0.0,0.0,5.42,486.0,1.7496
2011-05-04 14:00:00,14.2,52,4.6,0.0,0.0,5.22,489.0,1.7604
2011-05-04 15:00:00,14.8,49,4.2,0.0,0.0,4.95,434.0,1.5624
2011-05-04 16:00:00,14.9,47,3.6,0.0,0.0,5.1,347.0,1.2491999999999999
2011-05-04 17:00:00,14.9,46,3.2,0.0,0.0,5.06,383.0,1.3788
2011-05-04 18:00:00,14.1,48,3.1,0.0,0.0,4.82,195.0,0.702
2011-05-04 19:00:00,13.2,51,3.1,0.0,0.0,4.81,52.0,0.1872
2011-05-04 20:00:00,12.4,51,2.6,0.0,0.0,4.53,0.0,0.0
2011-05-04 21:00:00,11.8,54,2.7,0.0,0.0,4.39,0.0,0.0
2011-05-04 22:00:00,11.4,55,2.6,0.0,0.0,4.46,0.0,0.0
2011-05-04 23:00:00,11.0,55,2.3,0.0,0.0,4.5,0.0,0.0
2011-05-05 00:00:00,10.4,56,2.0,0.0,0.0,4.41,0.0,0.0
2011-05-05 01:00:00,9.8,57,1.7,0.0,0.0,4.3,0.0,0.0
2011-05-05 02:00:00,8.7,61,1.7,0.0,0.0,4.22,0.0,0.0
2011-05-05 03:00:00,8.4,61,1.2,0.0,0.0,4.27,0.0,0.0
2011-05-05 04:00:00,8.2,59,0.7,0.0,0.0,4.33,0.0,0.0
2011-05-05 05:00:00,7.9,60,0.5,0.0,0.0,4.53,0.0,0.0
2011-05-05 06:00:00,8.0,62,1.2,0.0,0.0,4.22,39.0,0.1404
2011-05-05 07:00:00,9.2,61,2.1,0.0,0.0,3.9,204.0,0.7343999999999999
2011-05-05 08:00:00,11.1,56,2.5,0.0,0.0,4.35,411.0,1.4796
2011-05-05 09:00:00,13.1,50,3.0,0.0,0.0,4.4,609.0,2.1924
2011-05-05 10:00:00,14.9,42,2.1,0.0,0.0,5.28,780.0,2.808
2011-05-05 11:00:00,16.0,38,1.7,0.0,0.0,5.82,808.0,2.9088
2011-05-05 12:00:00,17.1,33,0.7,0.0,0.0,7.13,884.0,3.1824
2011-05-05 13:00:00,17.4,31,0.0,0.0,0.0,7.27,747.0,2.6892
2011-05-05 14:00:00,18.0,30,-0.0,0.0,0.0,7.13,605.0,2.178
2011-05-05 15:00:00,18.6,29,0.2,0.0,0.0,6.81,631.0,2.2716
2011-05-05 16:00:00,18.9,29,0.7,0.0,0.0,6.54,571.0,2.0556
2011-05-05 17:00:00,18.5,32,1.6,0.0,0.0,3.86,384.0,1.3824
2011-05-05 18:00:00,17.2,39,3.3,0.0,0.0,2.8,229.0,0.8244
2011-05-05 19:00:00,15.4,48,4.5,0.0,0.0,2.41,60.0,0.216
2011-05-05 20:00:00,13.6,52,3.8,0.0,0.0,2.6,0.0,0.0
2011-05-05 21:00:00,12.2,58,4.1,0.0,0.0,2.67,0.0,0.0
2011-05-05 22:00:00,11.1,62,4.1,0.0,0.0,2.71,0.0,0.0
2011-05-05 23:00:00,10.1,66,4.0,0.0,0.0,2.7,0.0,0.0
2011-05-06 00:00:00,9.2,69,3.9,0.0,0.0,2.51,0.0,0.0
2011-05-06 01:00:00,8.4,73,3.9,0.0,0.0,2.24,0.0,0.0
2011-05-06 02:00:00,8.1,76,4.1,0.0,0.0,2.33,0.0,0.0
2011-05-06 03:00:00,8.4,74,4.0,0.0,0.0,2.52,0.0,0.0
2011-05-06 04:00:00,10.3,66,4.3,0.0,0.0,1.55,0.0,0.0
2011-05-06 05:00:00,7.9,80,4.7,0.0,0.0,1.49,0.0,0.0
2011-05-06 06:00:00,7.8,86,5.6,0.0,0.0,1.2,41.0,0.1476
2011-05-06 07:00:00,11.4,78,7.7,0.0,0.0,1.04,205.0,0.738
2011-05-06 08:00:00,14.3,66,7.9,0.0,0.0,0.91,401.0,1.4436
2011-05-06 09:00:00,16.4,58,8.0,0.0,0.0,1.55,587.0,2.1132
2011-05-06 10:00:00,18.0,51,7.6,0.0,0.0,2.82,724.0,2.6064
2011-05-06 11:00:00,19.1,45,6.9,0.0,0.0,3.42,801.0,2.8836
2011-05-06 12:00:00,19.9,42,6.5,0.0,0.0,3.91,821.0,2.9556
2011-05-06 13:00:00,20.7,40,6.5,0.0,0.0,4.31,919.0,3.3084
2011-05-06 14:00:00,21.1,37,5.7,0.0,0.0,4.58,789.0,2.8404
2011-05-06 15:00:00,20.7,37,5.7,0.0,0.0,4.68,585.0,2.106
2011-05-06 16:00:00,20.4,39,5.8,0.0,0.0,3.82,435.0,1.566
2011-05-06 17:00:00,19.8,44,7.2,0.0,0.0,2.44,272.0,0.9792
2011-05-06 18:00:00,17.3,57,8.6,0.6,0.0,2.14,147.0,0.5292
2011-05-06 19:00:00,16.5,62,9.2,0.0,0.0,1.77,36.0,0.1296
2011-05-06 20:00:00,15.2,67,9.2,0.0,0.0,0.67,0.0,0.0
2011-05-06 21:00:00,13.7,74,9.2,0.0,0.0,1.66,0.0,0.0
2011-05-06 22:00:00,12.4,80,9.0,0.0,0.0,1.5,0.0,0.0
2011-05-06 23:00:00,11.6,84,8.9,0.0,0.0,1.98,0.0,0.0
2011-05-07 00:00:00,10.9,87,8.8,0.0,0.0,2.4,0.0,0.0
2011-05-07 01:00:00,10.5,87,8.5,0.0,0.0,3.01,0.0,0.0
2011-05-07 02:00:00,10.5,87,8.4,0.0,0.0,3.42,0.0,0.0
2011-05-07 03:00:00,10.6,85,8.2,0.0,0.0,3.49,0.0,0.0
2011-05-07 04:00:00,10.6,85,8.1,0.0,0.0,3.45,0.0,0.0
2011-05-07 05:00:00,10.2,87,8.1,0.0,0.0,2.66,0.0,0.0
2011-05-07 06:00:00,10.4,87,8.4,0.0,0.0,2.53,40.0,0.144
2011-05-07 07:00:00,12.5,80,9.2,0.0,0.0,2.21,202.0,0.7272
2011-05-07 08:00:00,14.7,72,9.7,0.0,0.0,2.34,403.0,1.4507999999999999
2011-05-07 09:00:00,16.7,64,9.8,0.0,0.0,2.42,598.0,2.1528
2011-05-07 10:00:00,18.2,52,8.3,0.1,0.0,2.58,758.0,2.7288
2011-05-07 11:00:00,19.2,47,7.5,0.0,0.0,2.72,776.0,2.7936
2011-05-07 12:00:00,20.1,43,7.0,0.0,0.0,2.68,795.0,2.862
2011-05-07 13:00:00,21.0,39,6.4,0.0,0.0,3.23,863.0,3.1068
2011-05-07 14:00:00,21.5,35,5.5,0.0,0.0,3.88,756.0,2.7216
2011-05-07 15:00:00,21.7,34,5.1,0.0,0.0,4.18,687.0,2.4732
2011-05-07 16:00:00,21.3,36,5.5,0.0,0.0,3.34,475.0,1.71
2011-05-07 17:00:00,21.0,39,6.4,0.0,0.0,2.73,383.0,1.3788
2011-05-07 18:00:00,19.8,46,7.9,0.0,0.0,2.2,191.0,0.6876
2011-05-07 19:00:00,18.2,52,8.2,0.0,0.0,2.42,40.0,0.144
2011-05-07 20:00:00,17.1,54,7.6,0.0,0.0,2.12,0.0,0.0
2011-05-07 21:00:00,15.8,60,8.0,0.0,0.0,2.02,0.0,0.0
2011-05-07 22:00:00,14.8,65,8.4,0.0,0.0,1.97,0.0,0.0
2011-05-07 23:00:00,14.0,71,8.8,0.0,0.0,1.92,0.0,0.0
2011-05-08 00:00:00,12.9,77,9.1,0.0,0.0,1.68,0.0,0.0
2011-05-08 01:00:00,12.2,82,9.2,0.0,0.0,1.68,0.0,0.0
2011-05-08 02:00:00,11.7,83,9.0,0.0,0.0,1.75,0.0,0.0
2011-05-08 03:00:00,11.5,85,9.0,0.0,0.0,1.86,0.0,0.0
2011-05-08 04:00:00,11.1,87,9.0,0.0,0.0,1.92,0.0,0.0
2011-05-08 05:00:00,10.8,88,8.9,0.0,0.0,1.36,0.0,0.0
2011-05-08 06:00:00,11.2,89,9.5,0.0,0.0,1.64,35.0,0.126
2011-05-08 07:00:00,14.3,79,10.7,0.0,0.0,1.13,157.0,0.5652
2011-05-08 08:00:00,17.1,69,11.3,0.0,0.0,1.03,375.0,1.3499999999999999
2011-05-08 09:00:00,18.8,60,10.9,0.0,0.0,1.0,591.0,2.1276
2011-05-08 10:00:00,19.9,52,9.7,0.0,0.0,0.73,740.0,2.664
2011-05-08 11:00:00,20.7,47,9.1,0.0,0.0,0.9,726.0,2.6136
2011-05-08 12:00:00,21.0,46,8.8,0.0,0.0,1.1,646.0,2.3256
2011-05-08 13:00:00,21.4,44,8.7,0.0,0.0,1.68,647.0,2.3291999999999997
2011-05-08 14:00:00,21.9,41,8.1,0.0,0.0,1.96,688.0,2.4768
2011-05-08 15:00:00,22.0,40,7.9,0.0,0.0,2.24,632.0,2.2752
2011-05-08 16:00:00,21.6,41,7.7,0.0,0.0,2.31,474.0,1.7064
2011-05-08 17:00:00,21.2,42,7.8,0.0,0.0,1.7,350.0,1.26
2011-05-08 18:00:00,20.1,50,9.4,0.0,0.0,1.17,150.0,0.54
2011-05-08 19:00:00,18.6,67,12.4,0.0,0.0,1.03,39.0,0.1404
2011-05-08 20:00:00,17.2,67,11.1,0.0,0.0,1.41,0.0,0.0
2011-05-08 21:00:00,15.5,73,10.8,0.0,0.0,1.58,0.0,0.0
2011-05-08 22:00:00,14.2,78,10.4,0.0,0.0,1.49,0.0,0.0
2011-05-08 23:00:00,13.1,81,9.9,0.0,0.0,1.58,0.0,0.0
2011-05-09 00:00:00,12.8,80,9.4,0.0,0.0,1.8,0.0,0.0
2011-05-09 01:00:00,12.9,74,8.4,0.0,0.0,2.4,0.0,0.0
2011-05-09 02:00:00,12.3,78,8.7,0.0,0.0,3.06,0.0,0.0
2011-05-09 03:00:00,12.0,74,7.6,0.0,0.0,3.23,0.0,0.0
2011-05-09 04:00:00,11.4,75,7.2,0.0,0.0,2.91,0.0,0.0
2011-05-09 05:00:00,10.6,80,7.4,0.0,0.0,2.77,0.0,0.0
2011-05-09 06:00:00,10.8,82,7.9,0.0,0.0,2.62,45.0,0.162
2011-05-09 07:00:00,13.3,72,8.4,0.0,0.0,2.41,209.0,0.7524
2011-05-09 08:00:00,15.1,66,8.9,0.0,0.0,2.72,405.0,1.458
2011-05-09 09:00:00,17.0,61,9.4,0.0,0.0,2.68,594.0,2.1384
2011-05-09 10:00:00,18.7,55,9.6,0.0,0.0,2.6,764.0,2.7504
2011-05-09 11:00:00,20.0,50,9.3,0.0,0.0,2.73,849.0,3.0564
2011-05-09 12:00:00,20.7,46,8.8,0.0,0.0,3.32,772.0,2.7792
2011-05-09 13:00:00,21.5,43,8.5,0.0,0.0,3.52,889.0,3.2004
2011-05-09 14:00:00,21.9,40,7.6,0.0,0.0,3.49,734.0,2.6424
2011-05-09 15:00:00,21.9,39,7.2,0.0,0.0,3.62,616.0,2.2176
2011-05-09 16:00:00,22.0,38,7.0,0.0,0.0,4.02,636.0,2.2896
2011-05-09 17:00:00,21.3,39,6.8,0.0,0.0,2.67,442.0,1.5912
2011-05-09 18:00:00,20.0,45,7.6,0.0,0.0,1.91,242.0,0.8712
2011-05-09 19:00:00,18.0,51,7.9,0.0,0.0,1.8,66.0,0.2376
2011-05-09 20:00:00,16.3,54,6.9,0.0,0.0,1.97,0.0,0.0
2011-05-09 21:00:00,14.9,59,6.9,0.0,0.0,1.86,0.0,0.0
2011-05-09 22:00:00,13.5,65,7.0,0.0,0.0,2.2,0.0,0.0
2011-05-09 23:00:00,12.5,68,6.6,0.0,0.0,2.43,0.0,0.0
2011-05-10 00:00:00,11.9,68,6.1,0.0,0.0,2.52,0.0,0.0
2011-05-10 01:00:00,11.5,67,5.6,0.0,0.0,2.81,0.0,0.0
2011-05-10 02:00:00,11.2,71,6.1,0.0,0.0,3.11,0.0,0.0
2011-05-10 03:00:00,10.7,70,5.5,0.0,0.0,3.2,0.0,0.0
2011-05-10 04:00:00,10.2,70,5.0,0.0,0.0,3.28,0.0,0.0
2011-05-10 05:00:00,9.6,75,5.3,0.0,0.0,2.55,0.0,0.0
2011-05-10 06:00:00,9.7,78,6.1,0.0,0.0,2.45,46.0,0.1656
2011-05-10 07:00:00,12.8,65,6.3,0.0,0.0,1.96,206.0,0.7415999999999999
2011-05-10 08:00:00,14.8,58,6.6,0.0,0.0,1.97,367.0,1.3212
2011-05-10 09:00:00,16.7,52,6.7,0.0,0.0,1.8,522.0,1.8792
2011-05-10 10:00:00,18.3,46,6.5,0.0,0.0,1.3,672.0,2.4192
2011-05-10 11:00:00,19.6,42,6.4,0.0,0.0,1.33,758.0,2.7288
2011-05-10 12:00:00,20.8,39,6.5,0.0,0.0,1.43,904.0,3.2544
2011-05-10 13:00:00,21.8,37,6.6,0.0,0.0,1.4,929.0,3.3444
2011-05-10 14:00:00,22.6,35,6.3,0.0,0.0,1.4,876.0,3.1536
2011-05-10 15:00:00,23.1,34,6.4,0.0,0.0,1.3,806.0,2.9015999999999997
2011-05-10 16:00:00,23.1,34,6.2,0.0,0.0,1.12,645.0,2.322
2011-05-10 17:00:00,22.8,35,6.3,0.0,0.0,1.42,452.0,1.6272
2011-05-10 18:00:00,21.6,44,8.8,0.0,0.0,1.84,242.0,0.8712
2011-05-10 19:00:00,19.5,57,10.9,0.0,0.0,1.63,58.0,0.20879999999999999
2011-05-10 20:00:00,17.4,62,10.1,0.0,0.0,1.91,0.0,0.0
2011-05-10 21:00:00,15.9,68,9.9,0.0,0.0,2.11,0.0,0.0
2011-05-10 22:00:00,14.7,72,9.8,0.0,0.0,1.86,0.0,0.0
2011-05-10 23:00:00,14.5,71,9.3,0.0,0.0,1.98,0.0,0.0
2011-05-11 00:00:00,15.4,65,8.8,0.0,0.0,1.33,0.0,0.0
2011-05-11 01:00:00,14.4,71,9.2,0.0,0.0,1.14,0.0,0.0
2011-05-11 02:00:00,12.9,85,10.4,0.0,0.0,1.81,0.0,0.0
2011-05-11 03:00:00,13.0,85,10.6,0.5,0.0,2.69,0.0,0.0
2011-05-11 04:00:00,12.9,90,11.3,0.0,0.0,2.62,0.0,0.0
2011-05-11 05:00:00,12.7,93,11.6,0.0,0.0,2.4,0.0,0.0
2011-05-11 06:00:00,12.5,95,11.7,0.0,0.0,2.5,44.0,0.15839999999999999
2011-05-11 07:00:00,14.3,87,12.1,0.0,0.0,2.69,184.0,0.6624
2011-05-11 08:00:00,15.6,78,11.8,0.0,0.0,2.47,378.0,1.3608
2011-05-11 09:00:00,17.1,70,11.5,0.0,0.0,2.08,605.0,2.178
2011-05-11 10:00:00,18.5,62,11.2,0.0,0.0,1.8,770.0,2.772
2011-05-11 11:00:00,19.6,58,11.0,0.0,0.0,1.7,888.0,3.1968
2011-05-11 12:00:00,20.7,54,11.0,0.0,0.0,1.49,959.0,3.4524
2011-05-11 13:00:00,21.6,51,11.0,0.0,0.0,1.32,961.0,3.4596
2011-05-11 14:00:00,22.9,48,11.3,0.0,0.0,1.6,907.0,3.2652
2011-05-11 15:00:00,23.2,46,11.0,0.0,0.0,2.14,781.0,2.8116
2011-05-11 16:00:00,22.9,46,10.8,0.0,0.0,2.33,632.0,2.2752
2011-05-11 17:00:00,22.1,48,10.7,0.0,0.0,2.51,432.0,1.5552
2011-05-11 18:00:00,20.7,54,11.1,0.0,0.0,3.02,245.0,0.882
2011-05-11 19:00:00,19.0,61,11.4,0.0,0.0,2.56,68.0,0.2448
2011-05-11 20:00:00,17.4,65,10.9,0.0,0.0,1.94,0.0,0.0
2011-05-11 21:00:00,16.0,71,10.8,0.0,0.0,2.15,0.0,0.0
2011-05-11 22:00:00,15.0,73,10.2,0.0,0.0,3.26,0.0,0.0
2011-05-11 23:00:00,14.4,77,10.4,0.0,0.0,3.28,0.0,0.0
2011-05-12 00:00:00,13.6,85,11.2,0.0,0.0,2.56,0.0,0.0
2011-05-12 01:00:00,12.8,92,11.5,0.0,0.0,2.44,0.0,0.0
2011-05-12 02:00:00,12.2,95,11.4,0.0,0.0,2.1,0.0,0.0
2011-05-12 03:00:00,11.5,96,11.0,0.0,0.0,2.01,0.0,0.0
2011-05-12 04:00:00,10.9,97,10.5,0.0,0.0,1.84,0.0,0.0
2011-05-12 05:00:00,10.6,97,10.2,0.0,0.0,1.39,0.0,0.0
2011-05-12 06:00:00,11.2,96,10.6,0.0,0.0,1.79,48.0,0.1728
2011-05-12 07:00:00,14.3,83,11.5,0.0,0.0,2.5,214.0,0.7704
2011-05-12 08:00:00,15.9,75,11.5,0.0,0.0,2.31,389.0,1.4003999999999999
2011-05-12 09:00:00,17.9,67,11.7,0.0,0.0,2.75,598.0,2.1528
2011-05-12 10:00:00,19.7,61,11.9,0.0,0.0,2.88,760.0,2.7359999999999998
2011-05-12 11:00:00,21.3,56,12.1,0.0,0.0,2.64,861.0,3.0996
2011-05-12 12:00:00,22.6,52,12.4,0.0,0.0,2.19,923.0,3.3228
2011-05-12 13:00:00,23.6,49,12.4,0.0,0.0,2.1,920.0,3.312
2011-05-12 14:00:00,24.3,49,12.9,0.0,0.0,2.24,840.0,3.024
2011-05-12 15:00:00,24.2,50,13.0,0.0,0.0,2.25,679.0,2.4444
2011-05-12 16:00:00,23.7,51,12.9,0.0,0.0,2.12,470.0,1.692
2011-05-12 17:00:00,23.1,53,12.9,0.0,0.0,1.93,356.0,1.2816
2011-05-12 18:00:00,21.9,59,13.5,0.0,0.0,2.31,203.0,0.7308
2011-05-12 19:00:00,20.3,66,13.9,0.0,0.0,2.06,62.0,0.22319999999999998
2011-05-12 20:00:00,19.0,71,13.6,0.0,0.0,2.14,0.0,0.0
2011-05-12 21:00:00,17.9,76,13.7,0.0,0.0,2.02,0.0,0.0
2011-05-12 22:00:00,17.0,80,13.6,0.0,0.0,1.94,0.0,0.0
2011-05-12 23:00:00,16.2,84,13.5,0.0,0.0,1.9,0.0,0.0
2011-05-13 00:00:00,15.5,88,13.5,0.0,0.0,2.02,0.0,0.0
2011-05-13 01:00:00,14.8,91,13.3,0.0,0.0,2.28,0.0,0.0
2011-05-13 02:00:00,14.5,93,13.3,0.0,0.0,2.28,0.0,0.0
2011-05-13 03:00:00,14.2,93,13.2,0.0,0.0,2.56,0.0,0.0
2011-05-13 04:00:00,14.1,95,13.2,0.0,0.0,2.75,0.0,0.0
2011-05-13 05:00:00,14.3,95,13.5,0.0,0.0,1.88,0.0,0.0
2011-05-13 06:00:00,14.7,94,13.7,0.0,0.0,2.56,32.0,0.1152
2011-05-13 07:00:00,16.2,85,13.6,0.0,0.0,3.69,154.0,0.5544
2011-05-13 08:00:00,17.5,77,13.4,0.0,0.0,3.18,238.0,0.8568
2011-05-13 09:00:00,18.6,72,13.5,0.0,0.0,2.92,306.0,1.1016
2011-05-13 10:00:00,19.5,69,13.7,0.0,0.0,3.0,367.0,1.3212
2011-05-13 11:00:00,20.0,68,14.0,0.0,0.0,3.18,325.0,1.17
2011-05-13 12:00:00,20.5,67,14.2,0.0,0.0,3.24,395.0,1.422
2011-05-13 13:00:00,20.5,68,14.4,0.0,0.0,3.42,336.0,1.2096
2011-05-13 14:00:00,19.5,73,14.6,0.5,0.0,3.66,390.0,1.404
2011-05-13 15:00:00,19.5,73,14.6,0.0,0.0,3.8,269.0,0.9683999999999999
2011-05-13 16:00:00,19.6,73,14.6,0.0,0.0,3.85,246.0,0.8855999999999999
2011-05-13 17:00:00,19.7,72,14.5,0.0,0.0,3.54,265.0,0.954
2011-05-13 18:00:00,19.1,74,14.3,0.0,0.0,3.16,115.0,0.414
2011-05-13 19:00:00,18.3,77,14.2,0.0,0.0,2.69,32.0,0.1152
2011-05-13 20:00:00,17.7,79,14.0,0.2,0.0,2.36,0.0,0.0
2011-05-13 21:00:00,17.1,80,13.7,0.2,0.0,2.69,0.0,0.0
2011-05-13 22:00:00,16.6,82,13.5,0.4,0.0,2.91,0.0,0.0
2011-05-13 23:00:00,16.1,84,13.5,0.3,0.0,2.84,0.0,0.0
2011-05-14 00:00:00,15.8,86,13.5,0.1,0.0,2.72,0.0,0.0
2011-05-14 01:00:00,15.4,90,13.8,0.5,0.0,2.58,0.0,0.0
2011-05-14 02:00:00,15.6,85,13.1,0.0,0.0,2.5,0.0,0.0
2011-05-14 03:00:00,15.6,86,13.3,0.1,0.0,2.33,0.0,0.0
2011-05-14 04:00:00,15.4,88,13.5,0.2,0.0,2.33,0.0,0.0
2011-05-14 05:00:00,15.1,93,14.0,0.7,0.0,1.88,0.0,0.0
2011-05-14 06:00:00,15.0,95,14.3,0.8,0.0,2.47,7.0,0.0252
2011-05-14 07:00:00,15.2,97,14.6,0.8,0.0,2.42,26.0,0.0936
2011-05-14 08:00:00,15.4,97,14.9,0.9,0.0,2.97,45.0,0.162
2011-05-14 09:00:00,15.9,92,14.6,0.1,0.0,3.56,87.0,0.3132
2011-05-14 10:00:00,16.7,91,15.2,0.0,0.0,3.02,162.0,0.5831999999999999
2011-05-14 11:00:00,17.2,89,15.5,0.0,0.0,2.92,170.0,0.612
2011-05-14 12:00:00,17.9,88,15.8,0.0,0.0,3.05,209.0,0.7524
2011-05-14 13:00:00,18.6,86,16.2,0.0,0.0,3.25,219.0,0.7884
2011-05-14 14:00:00,19.1,81,15.8,0.2,0.0,3.61,229.0,0.8244
2011-05-14 15:00:00,19.8,78,16.0,0.0,0.0,3.84,211.0,0.7595999999999999
2011-05-14 16:00:00,20.0,79,16.3,0.0,0.0,3.78,165.0,0.594
2011-05-14 17:00:00,19.6,83,16.6,0.3,0.0,2.46,85.0,0.306
2011-05-14 18:00:00,18.9,88,16.9,0.4,0.0,2.14,35.0,0.126
2011-05-14 19:00:00,18.2,93,17.0,0.4,0.0,2.2,8.0,0.0288
2011-05-14 20:00:00,17.7,97,17.3,2.0,0.0,2.5,0.0,0.0
2011-05-14 21:00:00,17.5,98,17.3,1.9,0.0,2.75,0.0,0.0
2011-05-14 22:00:00,17.4,99,17.3,0.4,0.0,2.72,0.0,0.0
2011-05-14 23:00:00,17.3,99,17.2,0.8,0.0,2.7,0.0,0.0
2011-05-15 00:00:00,17.3,99,17.2,0.9,0.0,2.5,0.0,0.0
2011-05-15 01:00:00,17.3,100,17.2,1.3,0.0,2.33,0.0,0.0
2011-05-15 02:00:00,16.8,100,16.8,2.1,0.0,2.21,0.0,0.0
2011-05-15 03:00:00,16.9,100,16.9,2.3,0.0,1.98,0.0,0.0
2011-05-15 04:00:00,17.0,100,16.9,1.5,0.0,1.94,0.0,0.0
2011-05-15 05:00:00,17.0,100,16.9,0.5,0.0,0.28,0.0,0.0
2011-05-15 06:00:00,17.1,99,17.0,0.0,0.0,0.72,9.0,0.0324
2011-05-15 07:00:00,17.7,94,16.8,0.0,0.0,1.82,54.0,0.1944
2011-05-15 08:00:00,18.3,92,17.0,0.0,0.0,2.62,114.0,0.4104
2011-05-15 09:00:00,19.3,89,17.5,0.0,0.0,2.2,181.0,0.6516
2011-05-15 10:00:00,20.5,84,17.8,0.0,0.0,1.66,302.0,1.0872
2011-05-15 11:00:00,21.6,83,18.6,0.0,0.0,1.75,447.0,1.6092
2011-05-15 12:00:00,22.6,80,19.0,0.2,0.0,2.0,524.0,1.8863999999999999
2011-05-15 13:00:00,23.6,73,18.4,0.4,0.0,2.16,550.0,1.98
2011-05-15 14:00:00,23.6,70,17.8,0.4,0.0,2.47,525.0,1.89
2011-05-15 15:00:00,23.6,69,17.5,0.2,0.0,3.11,531.0,1.9116
2011-05-15 16:00:00,21.4,79,17.5,3.0,0.0,3.35,400.0,1.44
2011-05-15 17:00:00,20.7,85,18.1,0.6,0.0,1.97,294.0,1.0584
2011-05-15 18:00:00,20.5,87,18.2,0.0,0.0,2.82,175.0,0.63
2011-05-15 19:00:00,19.6,90,18.0,0.6,0.0,2.0,48.0,0.1728
2011-05-15 20:00:00,17.9,96,17.3,2.0,0.0,1.22,0.0,0.0
2011-05-15 21:00:00,17.6,97,17.1,0.4,0.0,0.91,0.0,0.0
2011-05-15 22:00:00,17.5,98,17.2,0.0,0.0,1.32,0.0,0.0
2011-05-15 23:00:00,16.8,99,16.7,0.0,0.0,2.12,0.0,0.0
2011-05-16 00:00:00,16.4,99,16.2,0.0,0.0,2.33,0.0,0.0
2011-05-16 01:00:00,15.8,99,15.7,0.0,0.0,1.98,0.0,0.0
2011-05-16 02:00:00,15.1,98,14.9,0.0,0.0,2.05,0.0,0.0
2011-05-16 03:00:00,14.9,98,14.6,0.0,0.0,2.28,0.0,0.0
2011-05-16 04:00:00,14.9,98,14.6,0.0,0.0,2.36,0.0,0.0
2011-05-16 05:00:00,14.7,98,14.4,0.0,0.0,1.75,0.0,0.0
2011-05-16 06:00:00,15.2,97,14.8,0.0,0.0,1.97,37.0,0.13319999999999999
2011-05-16 07:00:00,16.0,92,14.8,0.0,0.0,1.8,135.0,0.486
2011-05-16 08:00:00,17.2,88,15.1,0.0,0.0,2.3,248.0,0.8927999999999999
2011-05-16 09:00:00,18.4,83,15.6,0.0,0.0,2.02,330.0,1.188
2011-05-16 10:00:00,20.0,77,15.9,0.0,0.0,1.63,439.0,1.5804
2011-05-16 11:00:00,20.9,76,16.5,0.0,0.0,0.89,495.0,1.782
2011-05-16 12:00:00,21.9,74,17.1,0.0,0.0,0.7,600.0,2.16
2011-05-16 13:00:00,22.5,73,17.4,0.0,0.0,0.81,586.0,2.1096
2011-05-16 14:00:00,24.5,61,16.5,0.0,0.0,1.46,745.0,2.682
2011-05-16 15:00:00,23.9,64,16.6,0.1,0.0,2.26,567.0,2.0412
2011-05-16 16:00:00,22.7,68,16.4,0.2,0.0,2.3,420.0,1.512
2011-05-16 17:00:00,21.2,77,17.1,0.2,0.0,1.7,216.0,0.7776
2011-05-16 18:00:00,20.8,80,17.2,0.0,0.0,0.36,138.0,0.49679999999999996
2011-05-16 19:00:00,20.0,86,17.5,0.4,0.0,1.39,45.0,0.162
2011-05-16 20:00:00,18.5,89,16.7,0.3,0.0,2.22,1.0,0.0036
2011-05-16 21:00:00,17.5,94,16.5,1.0,0.0,2.82,0.0,0.0
2011-05-16 22:00:00,16.8,96,16.1,1.5,0.0,3.07,0.0,0.0
2011-05-16 23:00:00,16.5,98,16.2,0.3,0.0,3.13,0.0,0.0
2011-05-17 00:00:00,16.7,99,16.5,0.0,0.0,3.45,0.0,0.0
2011-05-17 01:00:00,17.2,99,17.0,0.0,0.0,3.44,0.0,0.0
2011-05-17 02:00:00,17.0,98,16.7,1.1,0.0,3.59,0.0,0.0
2011-05-17 03:00:00,16.7,100,16.6,1.0,0.0,4.18,0.0,0.0
2011-05-17 04:00:00,16.5,100,16.4,1.0,0.0,5.09,0.0,0.0
2011-05-17 05:00:00,16.4,100,16.3,1.1,0.0,3.69,0.0,0.0
2011-05-17 06:00:00,16.4,100,16.3,0.6,0.0,4.57,5.0,0.018
2011-05-17 07:00:00,16.5,99,16.4,0.5,0.0,4.36,23.0,0.0828
2011-05-17 08:00:00,16.8,99,16.6,0.8,0.0,4.85,71.0,0.2556
2011-05-17 09:00:00,17.4,99,17.2,0.2,0.0,4.28,95.0,0.34199999999999997
2011-05-17 10:00:00,17.6,96,16.9,0.3,0.0,4.14,103.0,0.37079999999999996
2011-05-17 11:00:00,18.9,95,18.1,0.3,0.0,4.0,214.0,0.7704
2011-05-17 12:00:00,19.2,93,18.1,0.9,0.0,4.6,224.0,0.8064
2011-05-17 13:00:00,19.9,91,18.4,1.2,0.0,5.2,337.0,1.2132
2011-05-17 14:00:00,21.4,75,16.7,1.7,0.0,4.9,539.0,1.9404
2011-05-17 15:00:00,21.4,78,17.5,1.9,0.0,5.1,476.0,1.7136
2011-05-17 16:00:00,20.2,81,16.7,2.3,0.0,3.54,418.0,1.5048
2011-05-17 17:00:00,19.5,88,17.4,1.2,0.0,3.37,246.0,0.8855999999999999
2011-05-17 18:00:00,19.4,90,17.6,0.2,0.0,3.71,142.0,0.5112
2011-05-17 19:00:00,18.2,91,16.7,1.0,0.0,3.8,53.0,0.1908
2011-05-17 20:00:00,16.9,94,15.9,1.7,0.0,4.2,1.0,0.0036
2011-05-17 21:00:00,17.1,95,16.4,0.0,0.0,4.1,0.0,0.0
2011-05-17 22:00:00,17.1,96,16.4,0.0,0.0,4.2,0.0,0.0
2011-05-17 23:00:00,16.8,96,16.1,0.2,0.0,4.5,0.0,0.0
2011-05-18 00:00:00,16.8,96,16.2,0.2,0.0,5.0,0.0,0.0
2011-05-18 01:00:00,16.7,98,16.4,0.1,0.0,4.7,0.0,0.0
2011-05-18 02:00:00,16.4,97,15.9,0.9,0.0,4.23,0.0,0.0
2011-05-18 03:00:00,16.1,99,16.0,0.4,0.0,3.61,0.0,0.0
2011-05-18 04:00:00,16.0,99,15.9,0.2,0.0,3.21,0.0,0.0
2011-05-18 05:00:00,16.1,99,16.0,0.0,0.0,3.6,0.0,0.0
2011-05-18 06:00:00,16.5,96,15.9,0.0,0.0,3.52,16.0,0.0576
2011-05-18 07:00:00,17.3,96,16.7,0.0,0.0,3.08,102.0,0.36719999999999997
2011-05-18 08:00:00,18.3,95,17.6,0.0,0.0,2.86,169.0,0.6083999999999999
2011-05-18 09:00:00,19.4,93,18.2,0.2,0.0,2.87,240.0,0.864
2011-05-18 10:00:00,20.0,91,18.4,0.7,0.0,3.26,359.0,1.2924
2011-05-18 11:00:00,20.8,88,18.8,0.8,0.0,3.42,541.0,1.9476
2011-05-18 12:00:00,21.2,77,16.9,2.5,0.0,3.7,676.0,2.4335999999999998
2011-05-18 13:00:00,21.4,78,17.4,1.3,0.0,3.4,676.0,2.4335999999999998
2011-05-18 14:00:00,21.4,72,16.2,0.4,0.0,2.82,655.0,2.358
2011-05-18 15:00:00,20.5,80,17.0,4.2,0.0,2.15,480.0,1.728
2011-05-18 16:00:00,19.9,83,17.0,1.6,0.0,1.97,439.0,1.5804
2011-05-18 17:00:00,19.7,82,16.5,0.8,0.0,2.62,326.0,1.1736
2011-05-18 18:00:00,19.5,84,16.8,0.0,0.0,1.28,193.0,0.6948
2011-05-18 19:00:00,17.7,90,16.1,1.0,0.0,1.2,50.0,0.18
2011-05-18 20:00:00,16.3,95,15.5,2.4,0.0,2.56,1.0,0.0036
2011-05-18 21:00:00,15.7,97,15.3,0.6,0.0,1.98,0.0,0.0
2011-05-18 22:00:00,15.1,99,14.9,0.0,0.0,1.84,0.0,0.0
2011-05-18 23:00:00,15.2,98,14.9,0.0,0.0,1.79,0.0,0.0
2011-05-19 00:00:00,15.1,99,14.9,0.0,0.0,2.11,0.0,0.0
2011-05-19 01:00:00,14.9,100,14.8,0.0,0.0,2.2,0.0,0.0
2011-05-19 02:00:00,14.5,98,14.2,0.0,0.0,1.8,0.0,0.0
2011-05-19 03:00:00,14.2,99,14.0,0.0,0.0,1.35,0.0,0.0
2011-05-19 04:00:00,13.9,100,13.9,0.0,0.0,1.14,0.0,0.0
2011-05-19 05:00:00,14.2,100,14.2,0.0,0.0,0.92,0.0,0.0
2011-05-19 06:00:00,14.6,100,14.5,0.0,0.0,0.92,43.0,0.1548
2011-05-19 07:00:00,16.1,92,14.7,0.0,0.0,0.54,145.0,0.522
2011-05-19 08:00:00,16.9,87,14.8,0.0,0.0,0.4,238.0,0.8568
2011-05-19 09:00:00,18.2,80,14.6,0.0,0.0,0.54,386.0,1.3896
2011-05-19 10:00:00,18.8,79,15.0,0.0,0.0,0.98,385.0,1.386
2011-05-19 11:00:00,19.3,78,15.3,0.1,0.0,1.08,462.0,1.6632
2011-05-19 12:00:00,20.4,72,15.3,0.2,0.0,1.06,558.0,2.0088
2011-05-19 13:00:00,21.2,65,14.3,0.1,0.0,1.48,628.0,2.2608
2011-05-19 14:00:00,21.3,65,14.4,0.6,0.0,2.24,645.0,2.322
2011-05-19 15:00:00,19.7,74,15.0,2.0,0.0,2.1,465.0,1.674
2011-05-19 16:00:00,19.2,78,15.2,0.2,0.0,1.8,412.0,1.4831999999999999
2011-05-19 17:00:00,18.8,78,15.0,0.5,0.0,0.5,287.0,1.0332
2011-05-19 18:00:00,18.4,81,15.2,0.1,0.0,0.45,136.0,0.4896
2011-05-19 19:00:00,17.8,84,15.0,0.0,0.0,0.71,49.0,0.1764
2011-05-19 20:00:00,16.9,86,14.6,0.0,0.0,1.43,1.0,0.0036
2011-05-19 21:00:00,16.2,88,14.2,0.0,0.0,1.58,0.0,0.0
2011-05-19 22:00:00,15.3,89,13.6,0.0,0.0,1.77,0.0,0.0
2011-05-19 23:00:00,14.8,89,13.0,0.0,0.0,1.8,0.0,0.0
2011-05-20 00:00:00,13.9,90,12.3,0.0,0.0,2.16,0.0,0.0
2011-05-20 01:00:00,13.2,91,11.8,0.0,0.0,2.0,0.0,0.0
2011-05-20 02:00:00,13.0,97,12.5,0.0,0.0,1.9,0.0,0.0
2011-05-20 03:00:00,12.7,95,11.9,0.0,0.0,2.47,0.0,0.0
2011-05-20 04:00:00,12.4,93,11.3,0.0,0.0,2.79,0.0,0.0
2011-05-20 05:00:00,12.2,92,10.9,0.0,0.0,2.94,0.0,0.0
2011-05-20 06:00:00,12.8,92,11.5,0.0,0.0,3.18,59.0,0.2124
2011-05-20 07:00:00,14.8,86,12.4,0.0,0.0,2.82,216.0,0.7776
2011-05-20 08:00:00,16.6,79,13.0,0.0,0.0,2.92,391.0,1.4076
2011-05-20 09:00:00,18.4,72,13.3,0.0,0.0,2.72,557.0,2.0052
2011-05-20 10:00:00,19.7,64,12.6,0.0,0.0,2.77,619.0,2.2284
2011-05-20 11:00:00,20.7,56,11.7,0.0,0.0,2.98,690.0,2.484
2011-05-20 12:00:00,21.3,52,11.1,0.0,0.0,2.62,625.0,2.25
2011-05-20 13:00:00,21.5,50,10.7,0.0,0.0,2.39,550.0,1.98
2011-05-20 14:00:00,20.7,57,11.8,0.0,0.0,2.25,337.0,1.2132
2011-05-20 15:00:00,21.1,55,11.7,0.0,0.0,2.91,416.0,1.4976
2011-05-20 16:00:00,21.5,53,11.4,0.0,0.0,3.42,435.0,1.566
2011-05-20 17:00:00,21.4,53,11.5,0.0,0.0,2.57,345.0,1.242
2011-05-20 18:00:00,20.7,59,12.5,0.0,0.0,1.84,211.0,0.7595999999999999
2011-05-20 19:00:00,19.3,66,12.9,0.0,0.0,1.66,62.0,0.22319999999999998
2011-05-20 20:00:00,18.2,70,12.6,0.0,0.0,2.28,1.0,0.0036
2011-05-20 21:00:00,17.4,74,12.7,0.0,0.0,2.47,0.0,0.0
2011-05-20 22:00:00,16.8,76,12.6,0.0,0.0,2.64,0.0,0.0
2011-05-20 23:00:00,16.3,78,12.5,0.0,0.0,2.58,0.0,0.0
2011-05-21 00:00:00,15.9,80,12.4,0.0,0.0,2.8,0.0,0.0
2011-05-21 01:00:00,15.3,82,12.3,0.0,0.0,3.2,0.0,0.0
2011-05-21 02:00:00,15.1,84,12.4,0.0,0.0,3.08,0.0,0.0
2011-05-21 03:00:00,14.6,87,12.4,0.0,0.0,2.95,0.0,0.0
2011-05-21 04:00:00,14.0,90,12.4,0.0,0.0,2.66,0.0,0.0
2011-05-21 05:00:00,13.3,93,12.2,0.0,0.0,2.01,0.0,0.0
2011-05-21 06:00:00,13.8,94,12.8,0.0,0.0,2.14,62.0,0.22319999999999998
2011-05-21 07:00:00,16.8,84,14.0,0.0,0.0,1.7,227.0,0.8171999999999999
2011-05-21 08:00:00,18.7,76,14.4,0.0,0.0,2.22,416.0,1.4976
2011-05-21 09:00:00,20.4,70,14.7,0.0,0.0,2.0,605.0,2.178
2011-05-21 10:00:00,21.9,63,14.7,0.0,0.0,2.2,757.0,2.7252
2011-05-21 11:00:00,23.2,58,14.5,0.0,0.0,2.47,854.0,3.0744
2011-05-21 12:00:00,24.2,54,14.2,0.0,0.0,2.66,837.0,3.0132
2011-05-21 13:00:00,24.7,51,14.0,0.0,0.0,2.44,786.0,2.8296
2011-05-21 14:00:00,25.7,46,13.2,0.0,0.0,2.33,741.0,2.6675999999999997
2011-05-21 15:00:00,26.2,44,12.9,0.0,0.0,2.38,729.0,2.6244
2011-05-21 16:00:00,26.2,44,12.9,0.0,0.0,1.84,594.0,2.1384
2011-05-21 17:00:00,25.7,47,13.6,0.0,0.0,1.3,425.0,1.53
2011-05-21 18:00:00,24.7,59,16.2,0.0,0.0,0.1,227.0,0.8171999999999999
2011-05-21 19:00:00,23.1,73,17.9,0.0,0.0,1.4,77.0,0.2772
2011-05-21 20:00:00,22.0,67,15.6,0.0,0.0,1.5,2.0,0.0072
2011-05-21 21:00:00,21.2,69,15.3,0.0,0.0,1.65,0.0,0.0
2011-05-21 22:00:00,19.3,78,15.5,0.0,0.0,1.7,0.0,0.0
2011-05-21 23:00:00,18.0,85,15.4,0.0,0.0,1.98,0.0,0.0
2011-05-22 00:00:00,17.1,88,15.2,0.0,0.0,1.91,0.0,0.0
2011-05-22 01:00:00,16.3,91,14.9,0.0,0.0,2.06,0.0,0.0
2011-05-22 02:00:00,16.2,92,14.8,0.0,0.0,1.89,0.0,0.0
2011-05-22 03:00:00,15.8,92,14.5,0.0,0.0,1.87,0.0,0.0
2011-05-22 04:00:00,15.4,93,14.2,0.0,0.0,1.61,0.0,0.0
2011-05-22 05:00:00,15.3,92,14.0,0.0,0.0,1.61,0.0,0.0
2011-05-22 06:00:00,17.3,87,15.2,0.0,0.0,0.42,61.0,0.2196
2011-05-22 07:00:00,19.4,83,16.4,0.0,0.0,0.98,222.0,0.7992
2011-05-22 08:00:00,21.5,75,16.9,0.0,0.0,1.17,398.0,1.4327999999999999
2011-05-22 09:00:00,23.4,69,17.3,0.0,0.0,1.66,595.0,2.142
2011-05-22 10:00:00,24.9,64,17.5,0.0,0.0,2.22,747.0,2.6892
2011-05-22 11:00:00,26.0,58,17.0,0.0,0.0,2.48,838.0,3.0168
2011-05-22 12:00:00,26.8,53,16.5,0.0,0.0,2.73,881.0,3.1715999999999998
2011-05-22 13:00:00,27.4,50,16.1,0.0,0.0,2.97,899.0,3.2363999999999997
2011-05-22 14:00:00,25.2,61,17.2,0.1,0.0,2.91,269.0,0.9683999999999999
2011-05-22 15:00:00,24.2,70,18.5,0.0,0.0,2.75,163.0,0.5868
2011-05-22 16:00:00,24.7,69,18.5,0.0,0.0,3.55,338.0,1.2167999999999999
2011-05-22 17:00:00,24.4,70,18.6,0.0,0.0,3.7,328.0,1.1808
2011-05-22 18:00:00,23.3,74,18.4,0.0,0.0,3.83,177.0,0.6372
2011-05-22 19:00:00,22.1,77,17.9,0.0,0.0,3.7,55.0,0.19799999999999998
2011-05-22 20:00:00,21.1,77,16.9,0.0,0.0,3.89,1.0,0.0036
2011-05-22 21:00:00,20.4,78,16.4,0.0,0.0,3.94,0.0,0.0
2011-05-22 22:00:00,19.6,80,16.1,0.0,0.0,4.02,0.0,0.0
2011-05-22 23:00:00,19.2,81,16.0,0.0,0.0,4.05,0.0,0.0
2011-05-23 00:00:00,18.7,85,16.1,0.0,0.0,3.78,0.0,0.0
2011-05-23 01:00:00,18.3,88,16.2,0.0,0.0,3.47,0.0,0.0
2011-05-23 02:00:00,18.3,88,16.4,0.2,0.0,3.16,0.0,0.0
2011-05-23 03:00:00,18.3,90,16.6,0.2,0.0,2.48,0.0,0.0
2011-05-23 04:00:00,18.2,91,16.8,0.2,0.0,2.48,0.0,0.0
2011-05-23 05:00:00,18.1,93,17.0,0.0,0.0,1.6,0.0,0.0
2011-05-23 06:00:00,18.7,92,17.4,0.2,0.0,2.52,40.0,0.144
2011-05-23 07:00:00,19.6,92,18.2,0.7,0.0,2.28,124.0,0.44639999999999996
2011-05-23 08:00:00,20.4,91,18.8,0.1,0.0,2.82,239.0,0.8603999999999999
2011-05-23 09:00:00,21.7,85,19.1,0.2,0.0,2.92,382.0,1.3752
2011-05-23 10:00:00,23.4,79,19.6,0.0,0.0,2.92,512.0,1.8432
2011-05-23 11:00:00,25.2,72,19.8,0.0,0.0,3.4,620.0,2.2319999999999998
2011-05-23 12:00:00,26.3,68,19.9,0.0,0.0,4.34,603.0,2.1708
2011-05-23 13:00:00,26.8,67,20.0,0.0,0.0,4.44,509.0,1.8324
2011-05-23 14:00:00,28.3,59,19.5,0.0,0.0,5.0,729.0,2.6244
2011-05-23 15:00:00,27.7,60,19.3,0.2,0.0,5.59,482.0,1.7351999999999999
2011-05-23 16:00:00,27.5,63,19.8,0.0,0.0,3.96,368.0,1.3248
2011-05-23 17:00:00,27.4,65,20.2,0.0,0.0,3.91,328.0,1.1808
2011-05-23 18:00:00,26.5,68,20.1,0.0,0.0,3.41,194.0,0.6984
2011-05-23 19:00:00,25.4,71,19.8,0.0,0.0,3.36,40.0,0.144
2011-05-23 20:00:00,24.1,76,19.5,0.0,0.0,3.09,2.0,0.0072
2011-05-23 21:00:00,23.0,80,19.4,0.0,0.0,3.34,0.0,0.0
2011-05-23 22:00:00,22.2,84,19.3,0.0,0.0,3.5,0.0,0.0
2011-05-23 23:00:00,21.5,87,19.2,0.0,0.0,3.4,0.0,0.0
2011-05-24 00:00:00,20.8,90,19.2,0.0,0.0,3.83,0.0,0.0
2011-05-24 01:00:00,20.4,92,19.1,0.0,0.0,4.08,0.0,0.0
2011-05-24 02:00:00,20.6,89,18.7,0.0,0.0,3.53,0.0,0.0
2011-05-24 03:00:00,20.0,90,18.3,0.0,0.0,2.51,0.0,0.0
2011-05-24 04:00:00,19.5,91,18.0,0.0,0.0,2.26,0.0,0.0
2011-05-24 05:00:00,19.6,90,17.9,0.0,0.0,2.06,0.0,0.0
2011-05-24 06:00:00,19.9,89,18.0,0.0,0.0,2.83,12.0,0.0432
2011-05-24 07:00:00,20.9,85,18.3,0.0,0.0,3.11,75.0,0.27
2011-05-24 08:00:00,22.8,77,18.5,0.1,0.0,2.95,237.0,0.8532
2011-05-24 09:00:00,23.7,73,18.7,0.0,0.0,2.84,256.0,0.9216
2011-05-24 10:00:00,26.5,65,19.3,0.0,0.0,3.3,649.0,2.3364
2011-05-24 11:00:00,28.2,59,19.3,0.0,0.0,3.81,829.0,2.9844
2011-05-24 12:00:00,29.1,55,19.2,0.0,0.0,3.45,870.0,3.132
2011-05-24 13:00:00,29.8,54,19.5,0.0,0.0,3.13,875.0,3.15
2011-05-24 14:00:00,30.2,47,17.5,0.0,0.0,3.61,825.0,2.9699999999999998
2011-05-24 15:00:00,26.3,60,18.0,0.5,0.0,3.03,430.0,1.548
2011-05-24 16:00:00,25.4,66,18.6,0.0,0.0,1.78,221.0,0.7956
2011-05-24 17:00:00,25.4,68,19.2,0.0,0.0,1.9,231.0,0.8316
2011-05-24 18:00:00,25.3,71,19.6,0.0,0.0,1.91,232.0,0.8351999999999999
2011-05-24 19:00:00,24.1,78,19.9,0.0,0.0,2.18,76.0,0.2736
2011-05-24 20:00:00,23.0,81,19.6,0.0,0.0,1.8,2.0,0.0072
2011-05-24 21:00:00,22.6,84,19.8,0.0,0.0,2.21,0.0,0.0
2011-05-24 22:00:00,22.1,88,20.0,0.0,0.0,3.08,0.0,0.0
2011-05-24 23:00:00,21.2,89,19.4,0.9,0.0,2.91,0.0,0.0
2011-05-25 00:00:00,20.3,91,18.9,1.2,0.0,2.64,0.0,0.0
2011-05-25 01:00:00,19.9,92,18.5,0.0,0.0,2.12,0.0,0.0
2011-05-25 02:00:00,19.5,90,17.7,0.0,0.0,2.4,0.0,0.0
2011-05-25 03:00:00,19.1,91,17.6,0.0,0.0,2.88,0.0,0.0
2011-05-25 04:00:00,18.6,92,17.3,0.0,0.0,2.87,0.0,0.0
2011-05-25 05:00:00,18.2,93,17.0,0.0,0.0,2.73,0.0,0.0
2011-05-25 06:00:00,18.6,94,17.5,0.0,0.0,2.64,65.0,0.23399999999999999
2011-05-25 07:00:00,20.5,88,18.5,0.0,0.0,2.05,226.0,0.8136
2011-05-25 08:00:00,22.1,81,18.8,0.0,0.0,1.79,415.0,1.494
2011-05-25 09:00:00,23.8,73,18.8,0.0,0.0,1.33,599.0,2.1564
2011-05-25 10:00:00,25.2,66,18.3,0.0,0.0,1.1,753.0,2.7108
2011-05-25 11:00:00,26.4,60,17.9,0.0,0.0,1.13,826.0,2.9736
2011-05-25 12:00:00,26.9,58,17.9,0.0,0.0,1.17,786.0,2.8296
2011-05-25 13:00:00,27.5,56,18.0,0.0,0.0,1.2,806.0,2.9015999999999997
2011-05-25 14:00:00,28.5,53,18.0,0.0,0.0,1.5,759.0,2.7323999999999997
2011-05-25 15:00:00,28.7,52,17.7,0.0,0.0,1.8,674.0,2.4264
2011-05-25 16:00:00,28.9,50,17.5,0.0,0.0,1.82,576.0,2.0736
2011-05-25 17:00:00,28.4,52,17.7,0.0,0.0,1.84,392.0,1.4112
2011-05-25 18:00:00,27.2,61,19.0,0.0,0.0,2.14,244.0,0.8784
2011-05-25 19:00:00,25.3,70,19.5,0.0,0.0,2.5,84.0,0.3024
2011-05-25 20:00:00,23.8,74,18.8,0.0,0.0,3.02,3.0,0.0108
2011-05-25 21:00:00,22.9,75,18.3,0.0,0.0,3.08,0.0,0.0
2011-05-25 22:00:00,22.2,77,18.0,0.0,0.0,3.3,0.0,0.0
2011-05-25 23:00:00,21.7,79,18.0,0.0,0.0,3.14,0.0,0.0
2011-05-26 00:00:00,21.3,82,18.1,0.0,0.0,3.19,0.0,0.0
2011-05-26 01:00:00,20.8,85,18.3,0.0,0.0,3.28,0.0,0.0
2011-05-26 02:00:00,20.9,91,19.3,0.0,0.0,2.91,0.0,0.0
2011-05-26 03:00:00,20.6,93,19.4,0.0,0.0,2.75,0.0,0.0
2011-05-26 04:00:00,20.4,94,19.4,0.0,0.0,2.82,0.0,0.0
2011-05-26 05:00:00,20.3,95,19.5,0.0,0.0,2.45,1.0,0.0036
2011-05-26 06:00:00,21.2,92,19.8,0.0,0.0,2.71,65.0,0.23399999999999999
2011-05-26 07:00:00,23.3,82,20.1,0.0,0.0,2.45,228.0,0.8208
2011-05-26 08:00:00,25.4,71,19.8,0.0,0.0,2.91,416.0,1.4976
2011-05-26 09:00:00,27.2,63,19.6,0.0,0.0,2.88,606.0,2.1816
2011-05-26 10:00:00,28.8,57,19.4,0.0,0.0,2.8,763.0,2.7468
2011-05-26 11:00:00,30.2,52,19.4,0.0,0.0,2.92,878.0,3.1608
2011-05-26 12:00:00,31.3,49,19.4,0.0,0.0,2.92,920.0,3.312
2011-05-26 13:00:00,32.1,46,19.0,0.0,0.0,3.32,942.0,3.3912
2011-05-26 14:00:00,32.3,46,19.1,0.0,0.0,3.93,889.0,3.2004
2011-05-26 15:00:00,32.5,43,18.4,0.0,0.0,4.2,784.0,2.8224
2011-05-26 16:00:00,32.3,43,17.9,0.0,0.0,4.24,634.0,2.2824
2011-05-26 17:00:00,31.6,45,18.1,0.0,0.0,3.91,443.0,1.5948
2011-05-26 18:00:00,30.0,51,18.8,0.0,0.0,4.18,247.0,0.8892
2011-05-26 19:00:00,28.1,57,18.6,0.0,0.0,2.64,90.0,0.324
2011-05-26 20:00:00,27.1,54,16.9,0.0,0.0,2.43,3.0,0.0108
2011-05-26 21:00:00,26.6,53,16.2,0.0,0.0,2.08,0.0,0.0
2011-05-26 22:00:00,25.9,54,15.9,0.0,0.0,2.11,0.0,0.0
2011-05-26 23:00:00,25.3,54,15.3,0.0,0.0,1.98,0.0,0.0
2011-05-27 00:00:00,24.6,53,14.4,0.0,0.0,2.14,0.0,0.0
2011-05-27 01:00:00,24.0,54,14.0,0.0,0.0,2.43,0.0,0.0
2011-05-27 02:00:00,23.0,66,16.2,0.0,0.0,3.3,0.0,0.0
2011-05-27 03:00:00,22.2,73,17.1,0.0,0.0,0.3,0.0,0.0
2011-05-27 04:00:00,21.0,76,16.7,0.0,0.0,1.64,0.0,0.0
2011-05-27 05:00:00,20.4,81,17.0,0.0,0.0,1.77,1.0,0.0036
2011-05-27 06:00:00,20.9,83,17.8,0.0,0.0,2.0,66.0,0.2376
2011-05-27 07:00:00,22.8,77,18.6,0.0,0.0,1.92,233.0,0.8388
2011-05-27 08:00:00,24.2,73,19.0,0.0,0.0,2.6,421.0,1.5156
2011-05-27 09:00:00,25.7,67,19.1,0.0,0.0,3.2,600.0,2.16
2011-05-27 10:00:00,26.7,64,19.3,0.0,0.0,3.4,636.0,2.2896
2011-05-27 11:00:00,26.1,70,20.2,0.5,0.0,3.38,444.0,1.5984
2011-05-27 12:00:00,27.1,68,20.6,0.0,0.0,3.77,658.0,2.3688
2011-05-27 13:00:00,27.2,67,20.5,0.2,0.0,3.69,557.0,2.0052
2011-05-27 14:00:00,28.3,59,19.4,0.0,0.0,3.71,661.0,2.3796
2011-05-27 15:00:00,28.4,59,19.6,0.0,0.0,3.86,578.0,2.0808
2011-05-27 16:00:00,28.3,59,19.6,0.0,0.0,3.94,477.0,1.7172
2011-05-27 17:00:00,27.5,61,19.3,0.0,0.0,2.82,285.0,1.026
2011-05-27 18:00:00,25.8,68,19.5,0.2,0.0,3.9,116.0,0.41759999999999997
2011-05-27 19:00:00,23.9,76,19.3,0.4,0.0,3.26,29.0,0.10439999999999999
2011-05-27 20:00:00,22.4,83,19.4,0.2,0.0,1.7,1.0,0.0036
2011-05-27 21:00:00,21.8,91,20.3,0.0,0.0,1.58,0.0,0.0
2011-05-27 22:00:00,21.1,93,19.9,0.0,0.0,1.9,0.0,0.0
2011-05-27 23:00:00,20.7,94,19.7,0.0,0.0,2.4,0.0,0.0
2011-05-28 00:00:00,20.1,95,19.3,0.0,0.0,2.7,0.0,0.0
2011-05-28 01:00:00,19.8,95,19.1,0.0,0.0,2.6,0.0,0.0
2011-05-28 02:00:00,18.7,98,18.4,0.0,0.0,2.4,0.0,0.0
2011-05-28 03:00:00,18.8,98,18.4,0.0,0.0,2.4,0.0,0.0
2011-05-28 04:00:00,18.8,97,18.4,0.0,0.0,2.4,0.0,0.0
2011-05-28 05:00:00,18.9,97,18.4,0.0,0.0,2.18,1.0,0.0036
2011-05-28 06:00:00,19.6,96,19.0,0.0,0.0,2.12,50.0,0.18
2011-05-28 07:00:00,21.1,90,19.4,0.0,0.0,1.84,193.0,0.6948
2011-05-28 08:00:00,22.2,84,19.3,0.0,0.0,2.47,342.0,1.2312
2011-05-28 09:00:00,23.5,78,19.5,0.0,0.0,2.77,481.0,1.7316
2011-05-28 10:00:00,24.6,75,19.8,0.1,0.0,2.94,574.0,2.0664
2011-05-28 11:00:00,25.5,72,20.1,0.1,0.0,3.1,666.0,2.3975999999999997
2011-05-28 12:00:00,26.7,66,19.7,0.2,0.0,3.71,731.0,2.6315999999999997
2011-05-28 13:00:00,27.1,64,19.6,0.4,0.0,3.71,723.0,2.6028
2011-05-28 14:00:00,27.5,60,19.0,0.0,0.0,3.85,640.0,2.304
2011-05-28 15:00:00,27.7,58,18.8,0.0,0.0,3.96,603.0,2.1708
2011-05-28 16:00:00,27.1,59,18.4,0.2,0.0,4.28,467.0,1.6812
2011-05-28 17:00:00,26.7,59,17.9,0.0,0.0,2.15,322.0,1.1592
2011-05-28 18:00:00,25.8,63,18.2,0.0,0.0,2.12,190.0,0.6839999999999999
2011-05-28 19:00:00,24.6,70,18.7,0.0,0.0,2.52,72.0,0.2592
2011-05-28 20:00:00,23.6,74,18.8,0.0,0.0,2.59,3.0,0.0108
2011-05-28 21:00:00,22.8,81,19.3,0.0,0.0,2.77,0.0,0.0
2011-05-28 22:00:00,22.2,85,19.5,0.0,0.0,2.95,0.0,0.0
2011-05-28 23:00:00,21.6,88,19.5,0.0,0.0,2.97,0.0,0.0
2011-05-29 00:00:00,21.2,90,19.5,0.0,0.0,2.65,0.0,0.0
2011-05-29 01:00:00,20.8,91,19.3,0.0,0.0,2.84,0.0,0.0
2011-05-29 02:00:00,20.7,89,18.8,0.0,0.0,2.8,0.0,0.0
2011-05-29 03:00:00,20.4,91,18.8,0.0,0.0,2.63,0.0,0.0
2011-05-29 04:00:00,20.1,93,18.9,0.0,0.0,2.4,0.0,0.0
2011-05-29 05:00:00,19.9,95,19.0,0.0,0.0,1.55,1.0,0.0036
2011-05-29 06:00:00,20.5,94,19.5,0.0,0.0,2.21,61.0,0.2196
2011-05-29 07:00:00,22.5,85,19.9,0.0,0.0,2.62,217.0,0.7812
2011-05-29 08:00:00,23.9,80,20.3,0.0,0.0,3.11,386.0,1.3896
2011-05-29 09:00:00,25.4,73,20.3,0.0,0.0,3.13,478.0,1.7207999999999999
2011-05-29 10:00:00,26.8,67,20.1,0.0,0.0,3.4,596.0,2.1456
2011-05-29 11:00:00,27.8,62,19.9,0.0,0.0,3.47,627.0,2.2572
2011-05-29 12:00:00,28.9,57,19.4,0.0,0.0,3.33,705.0,2.538
2011-05-29 13:00:00,29.7,53,19.0,0.0,0.0,3.26,698.0,2.5128
2011-05-29 14:00:00,29.0,61,20.6,0.0,0.0,3.52,762.0,2.7432
2011-05-29 15:00:00,29.8,57,20.4,0.0,0.0,3.29,692.0,2.4912
2011-05-29 16:00:00,29.5,57,20.1,0.0,0.0,3.35,456.0,1.6416
2011-05-29 17:00:00,29.2,58,20.0,0.0,0.0,2.66,343.0,1.2348
2011-05-29 18:00:00,28.5,62,20.5,0.0,0.0,2.31,221.0,0.7956
2011-05-29 19:00:00,27.0,69,20.9,0.0,0.0,2.21,80.0,0.288
2011-05-29 20:00:00,25.5,74,20.6,0.0,0.0,2.31,4.0,0.0144
2011-05-29 21:00:00,24.5,79,20.7,0.0,0.0,2.22,0.0,0.0
2011-05-29 22:00:00,23.8,83,20.7,0.0,0.0,2.12,0.0,0.0
2011-05-29 23:00:00,23.2,86,20.7,0.0,0.0,2.61,0.0,0.0
2011-05-30 00:00:00,22.9,87,20.6,0.0,0.0,2.89,0.0,0.0
2011-05-30 01:00:00,22.6,88,20.4,0.0,0.0,2.64,0.0,0.0
2011-05-30 02:00:00,22.1,87,19.9,0.0,0.0,3.04,0.0,0.0
2011-05-30 03:00:00,21.8,88,19.8,0.0,0.0,2.55,0.0,0.0
2011-05-30 04:00:00,21.3,90,19.6,0.0,0.0,2.21,0.0,0.0
2011-05-30 05:00:00,20.7,93,19.5,0.0,0.0,1.8,1.0,0.0036
2011-05-30 06:00:00,21.4,93,20.2,0.0,0.0,2.02,68.0,0.2448
2011-05-30 07:00:00,24.1,81,20.6,0.0,0.0,1.84,229.0,0.8244
2011-05-30 08:00:00,25.9,75,21.1,0.0,0.0,2.02,341.0,1.2276
2011-05-30 09:00:00,28.6,66,21.5,0.0,0.0,2.62,560.0,2.016
2011-05-30 10:00:00,30.8,58,21.5,0.0,0.0,2.95,750.0,2.6999999999999997
2011-05-30 11:00:00,32.2,52,21.2,0.0,0.0,2.66,865.0,3.114
2011-05-30 12:00:00,33.1,48,20.5,0.0,0.0,2.19,923.0,3.3228
2011-05-30 13:00:00,33.8,45,20.0,0.0,0.0,2.06,896.0,3.2256
2011-05-30 14:00:00,34.1,45,20.5,0.0,0.0,1.94,841.0,3.0276
2011-05-30 15:00:00,34.5,43,20.2,0.0,0.0,2.36,750.0,2.6999999999999997
2011-05-30 16:00:00,34.3,44,20.2,0.0,0.0,2.52,576.0,2.0736
2011-05-30 17:00:00,33.3,48,20.9,0.0,0.0,1.91,363.0,1.3068
2011-05-30 18:00:00,31.9,57,22.4,0.0,0.0,1.3,204.0,0.7343999999999999
2011-05-30 19:00:00,30.4,67,23.6,0.0,0.0,1.6,85.0,0.306
2011-05-30 20:00:00,28.5,74,23.5,0.0,0.0,1.7,4.0,0.0144
2011-05-30 21:00:00,27.3,78,23.2,0.0,0.0,1.75,0.0,0.0
2011-05-30 22:00:00,25.9,84,23.0,0.0,0.0,1.97,0.0,0.0
2011-05-30 23:00:00,24.6,89,22.7,0.0,0.0,2.28,0.0,0.0
2011-05-31 00:00:00,23.7,92,22.3,0.0,0.0,2.5,0.0,0.0
2011-05-31 01:00:00,23.0,94,21.9,0.0,0.0,2.55,0.0,0.0
2011-05-31 02:00:00,23.3,86,20.8,0.0,0.0,2.42,0.0,0.0
2011-05-31 03:00:00,23.1,86,20.6,0.0,0.0,2.28,0.0,0.0
2011-05-31 04:00:00,22.6,88,20.5,0.0,0.0,1.99,0.0,0.0
2011-05-31 05:00:00,22.1,90,20.4,0.0,0.0,2.18,1.0,0.0036
2011-05-31 06:00:00,22.8,91,21.3,0.0,0.0,2.26,71.0,0.2556
2011-05-31 07:00:00,26.2,78,22.0,0.0,0.0,1.5,234.0,0.8423999999999999
2011-05-31 08:00:00,28.4,71,22.6,0.0,0.0,1.53,421.0,1.5156
2011-05-31 09:00:00,30.4,64,22.8,0.0,0.0,1.92,601.0,2.1635999999999997
2011-05-31 10:00:00,31.9,58,22.6,0.0,0.0,2.19,753.0,2.7108
2011-05-31 11:00:00,33.1,53,22.1,0.0,0.0,2.11,856.0,3.0816
2011-05-31 12:00:00,33.8,49,21.6,0.0,0.0,1.78,848.0,3.0528
2011-05-31 13:00:00,34.1,48,21.5,0.0,0.0,1.28,777.0,2.7972
2011-05-31 14:00:00,34.0,47,21.2,0.0,0.0,0.89,825.0,2.9699999999999998
2011-05-31 15:00:00,34.2,45,20.7,0.0,0.0,0.63,666.0,2.3975999999999997
2011-05-31 16:00:00,34.2,45,20.6,0.0,0.0,0.71,541.0,1.9476
2011-05-31 17:00:00,33.9,46,20.7,0.0,0.0,1.36,438.0,1.5768
2011-05-31 18:00:00,32.7,54,22.3,0.0,0.0,1.84,238.0,0.8568
2011-05-31 19:00:00,30.9,62,22.7,0.0,0.0,1.84,88.0,0.31679999999999997
2011-05-31 20:00:00,29.2,64,21.8,0.0,0.0,2.3,4.0,0.0144
2011-05-31 21:00:00,28.2,67,21.4,0.0,0.0,2.62,0.0,0.0
2011-05-31 22:00:00,27.3,69,21.1,0.0,0.0,2.5,0.0,0.0
2011-05-31 23:00:00,26.3,74,21.2,0.0,0.0,2.57,0.0,0.0
2011-06-01 00:00:00,25.3,79,21.4,0.0,0.0,2.68,0.0,0.0
2011-06-01 01:00:00,24.6,83,21.5,0.0,0.0,3.01,0.0,0.0
2011-06-01 02:00:00,24.3,87,21.9,0.0,0.0,3.24,0.0,0.0
2011-06-01 03:00:00,23.9,87,21.6,0.0,0.0,2.94,0.0,0.0
2011-06-01 04:00:00,23.4,88,21.4,0.0,0.0,2.77,0.0,0.0
2011-06-01 05:00:00,23.1,90,21.3,0.0,0.0,1.5,1.0,0.0036
2011-06-01 06:00:00,23.7,88,21.6,0.0,0.0,1.84,69.0,0.24839999999999998
2011-06-01 07:00:00,25.8,79,22.0,0.0,0.0,1.8,228.0,0.8208
2011-06-01 08:00:00,28.0,72,22.5,0.0,0.0,1.87,414.0,1.4904
2011-06-01 09:00:00,30.2,65,22.9,0.0,0.0,1.7,593.0,2.1348
2011-06-01 10:00:00,32.2,56,22.3,0.0,0.0,1.68,747.0,2.6892
2011-06-01 11:00:00,33.4,48,21.0,0.0,0.0,2.22,850.0,3.06
2011-06-01 12:00:00,33.7,46,20.4,0.0,0.0,3.34,714.0,2.5704
2011-06-01 13:00:00,33.8,45,20.2,0.0,0.0,2.9,712.0,2.5632
2011-06-01 14:00:00,34.2,43,19.9,0.0,0.0,3.54,751.0,2.7036
2011-06-01 15:00:00,34.3,42,19.4,0.0,0.0,5.53,691.0,2.4876
2011-06-01 16:00:00,32.5,43,18.3,0.6,0.0,3.52,391.0,1.4076
2011-06-01 17:00:00,31.4,48,19.2,0.0,0.0,3.14,205.0,0.738
2011-06-01 18:00:00,30.1,54,19.8,0.0,0.0,3.31,165.0,0.594
2011-06-01 19:00:00,28.7,61,20.4,0.0,0.0,3.83,70.0,0.252
2011-06-01 20:00:00,27.5,66,20.5,0.0,0.0,3.22,4.0,0.0144
2011-06-01 21:00:00,26.8,70,20.9,0.0,0.0,3.73,0.0,0.0
2011-06-01 22:00:00,26.2,72,20.8,0.0,0.0,4.59,0.0,0.0
2011-06-01 23:00:00,25.7,71,19.9,0.0,0.0,4.44,0.0,0.0
2011-06-02 00:00:00,25.0,64,17.8,0.0,0.0,4.34,0.0,0.0
2011-06-02 01:00:00,24.3,58,15.5,0.0,0.0,4.12,0.0,0.0
2011-06-02 02:00:00,24.2,49,12.9,0.0,0.0,3.89,0.0,0.0
2011-06-02 03:00:00,23.4,46,11.2,0.0,0.0,3.76,0.0,0.0
2011-06-02 04:00:00,22.7,46,10.3,0.0,0.0,3.81,0.0,0.0
2011-06-02 05:00:00,22.0,49,10.7,0.0,0.0,3.52,1.0,0.0036
2011-06-02 06:00:00,21.9,51,11.4,0.0,0.0,3.77,79.0,0.2844
2011-06-02 07:00:00,22.8,50,11.8,0.0,0.0,3.54,254.0,0.9144
2011-06-02 08:00:00,23.8,40,9.4,0.0,0.0,4.84,451.0,1.6236
2011-06-02 09:00:00,24.7,37,8.8,0.0,0.0,5.06,637.0,2.2932
2011-06-02 10:00:00,25.8,34,8.9,0.0,0.0,5.08,794.0,2.8584
2011-06-02 11:00:00,26.8,33,9.0,0.0,0.0,5.56,907.0,3.2652
2011-06-02 12:00:00,27.8,31,9.0,0.0,0.0,5.92,968.0,3.4848
2011-06-02 13:00:00,28.6,28,8.5,0.0,0.0,6.27,974.0,3.5063999999999997
2011-06-02 14:00:00,29.5,27,8.5,0.0,0.0,6.66,921.0,3.3156
2011-06-02 15:00:00,29.4,27,8.2,0.0,0.0,6.67,819.0,2.9484
2011-06-02 16:00:00,28.6,28,8.1,0.0,0.0,6.65,671.0,2.4156
2011-06-02 17:00:00,27.6,29,8.1,0.0,0.0,5.52,490.0,1.764
2011-06-02 18:00:00,26.2,32,8.2,0.0,0.0,4.6,294.0,1.0584
2011-06-02 19:00:00,24.7,36,8.7,0.0,0.0,3.62,110.0,0.39599999999999996
2011-06-02 20:00:00,23.2,38,7.9,0.0,0.0,3.28,6.0,0.0216
2011-06-02 21:00:00,21.9,41,8.1,0.0,0.0,3.5,0.0,0.0
2011-06-02 22:00:00,20.7,45,8.3,0.0,0.0,3.19,0.0,0.0
2011-06-02 23:00:00,19.5,49,8.5,0.0,0.0,3.31,0.0,0.0
2011-06-03 00:00:00,18.4,53,8.7,0.0,0.0,3.54,0.0,0.0
2011-06-03 01:00:00,17.3,57,8.7,0.0,0.0,3.42,0.0,0.0
2011-06-03 02:00:00,16.8,57,8.3,0.0,0.0,3.11,0.0,0.0
2011-06-03 03:00:00,15.9,58,7.7,0.0,0.0,2.83,0.0,0.0
2011-06-03 04:00:00,14.8,62,7.6,0.0,0.0,2.45,0.0,0.0
2011-06-03 05:00:00,13.9,70,8.4,0.0,0.0,2.02,1.0,0.0036
2011-06-03 06:00:00,14.7,70,9.2,0.0,0.0,2.33,79.0,0.2844
2011-06-03 07:00:00,17.0,52,7.1,0.0,0.0,2.92,254.0,0.9144
2011-06-03 08:00:00,18.0,47,6.5,0.0,0.0,3.1,423.0,1.5228
2011-06-03 09:00:00,19.5,41,5.8,0.0,0.0,3.0,610.0,2.1959999999999997
2011-06-03 10:00:00,21.0,36,5.3,0.0,0.0,3.2,763.0,2.7468
2011-06-03 11:00:00,22.4,32,5.0,0.0,0.0,3.52,876.0,3.1536
2011-06-03 12:00:00,23.7,29,4.7,0.0,0.0,3.48,945.0,3.4019999999999997
2011-06-03 13:00:00,24.8,27,4.5,0.0,0.0,3.85,986.0,3.5496
2011-06-03 14:00:00,25.6,25,4.1,0.0,0.0,4.17,945.0,3.4019999999999997
2011-06-03 15:00:00,25.9,24,4.0,0.0,0.0,4.29,840.0,3.024
2011-06-03 16:00:00,25.8,25,4.2,0.0,0.0,4.12,687.0,2.4732
2011-06-03 17:00:00,25.3,26,4.4,0.0,0.0,3.01,501.0,1.8035999999999999
2011-06-03 18:00:00,24.3,29,4.9,0.0,0.0,2.55,301.0,1.0836
2011-06-03 19:00:00,22.7,39,8.1,0.0,0.0,1.44,114.0,0.4104
2011-06-03 20:00:00,20.6,43,7.7,0.0,0.0,2.06,7.0,0.0252
2011-06-03 21:00:00,18.8,53,8.9,0.0,0.0,2.15,0.0,0.0
2011-06-03 22:00:00,17.2,62,9.9,0.0,0.0,2.14,0.0,0.0
2011-06-03 23:00:00,16.4,65,9.9,0.0,0.0,2.08,0.0,0.0
2011-06-04 00:00:00,15.6,69,9.9,0.0,0.0,1.75,0.0,0.0
2011-06-04 01:00:00,14.8,73,9.9,0.0,0.0,1.92,0.0,0.0
2011-06-04 02:00:00,14.3,74,9.7,0.0,0.0,2.31,0.0,0.0
2011-06-04 03:00:00,14.2,72,9.2,0.0,0.0,2.95,0.0,0.0
2011-06-04 04:00:00,13.9,73,9.2,0.0,0.0,2.84,0.0,0.0
2011-06-04 05:00:00,13.3,78,9.6,0.0,0.0,1.89,1.0,0.0036
2011-06-04 06:00:00,15.4,69,9.7,0.0,0.0,0.5,80.0,0.288
2011-06-04 07:00:00,18.3,51,8.0,0.0,0.0,0.5,255.0,0.9179999999999999
2011-06-04 08:00:00,20.5,39,6.1,0.0,0.0,0.54,447.0,1.6092
2011-06-04 09:00:00,22.6,33,5.3,0.0,0.0,0.85,624.0,2.2464
2011-06-04 10:00:00,24.2,31,5.8,0.0,0.0,0.3,759.0,2.7323999999999997
2011-06-04 11:00:00,25.9,28,6.2,0.0,0.0,1.08,876.0,3.1536
2011-06-04 12:00:00,27.4,26,6.0,0.0,0.0,1.97,966.0,3.4776
2011-06-04 13:00:00,28.7,24,5.9,0.0,0.0,2.25,976.0,3.5136
2011-06-04 14:00:00,27.6,27,7.0,0.1,0.0,2.44,743.0,2.6748
2011-06-04 15:00:00,27.3,29,7.5,0.0,0.0,2.11,503.0,1.8108
2011-06-04 16:00:00,27.2,31,8.6,0.0,0.0,2.26,361.0,1.2995999999999999
2011-06-04 17:00:00,27.5,33,9.6,0.0,0.0,2.42,347.0,1.2491999999999999
2011-06-04 18:00:00,27.0,41,12.4,0.0,0.0,1.55,185.0,0.666
2011-06-04 19:00:00,25.4,41,11.2,0.0,0.0,0.82,86.0,0.3096
2011-06-04 20:00:00,23.2,46,10.9,0.0,0.0,1.84,6.0,0.0216
2011-06-04 21:00:00,21.9,52,11.5,0.0,0.0,2.46,0.0,0.0
2011-06-04 22:00:00,21.2,55,11.8,0.0,0.0,2.77,0.0,0.0
2011-06-04 23:00:00,20.8,57,11.9,0.0,0.0,2.86,0.0,0.0
2011-06-05 00:00:00,20.1,62,12.6,0.8,0.0,2.73,0.0,0.0
2011-06-05 01:00:00,18.7,74,14.0,2.8,0.0,3.1,0.0,0.0
2011-06-05 02:00:00,20.0,72,14.8,0.2,0.0,2.8,0.0,0.0
2011-06-05 03:00:00,19.3,79,15.5,0.3,0.0,2.12,0.0,0.0
2011-06-05 04:00:00,18.8,82,15.8,0.3,0.0,1.41,0.0,0.0
2011-06-05 05:00:00,18.8,81,15.6,0.0,0.0,2.48,1.0,0.0036
2011-06-05 06:00:00,19.3,81,15.9,0.0,0.0,2.6,41.0,0.1476
2011-06-05 07:00:00,20.3,75,15.7,0.0,0.0,2.77,114.0,0.4104
2011-06-05 08:00:00,21.1,70,15.4,0.0,0.0,2.64,197.0,0.7091999999999999
2011-06-05 09:00:00,22.0,65,15.2,0.0,0.0,2.57,276.0,0.9935999999999999
2011-06-05 10:00:00,23.0,61,15.1,0.0,0.0,3.0,358.0,1.2888
2011-06-05 11:00:00,25.3,53,15.0,0.0,0.0,2.11,753.0,2.7108
2011-06-05 12:00:00,26.7,49,15.0,0.0,0.0,1.44,853.0,3.0707999999999998
2011-06-05 13:00:00,27.9,46,15.4,0.0,0.0,1.13,939.0,3.3804
2011-06-05 14:00:00,26.3,57,17.1,0.0,0.0,1.51,617.0,2.2212
2011-06-05 15:00:00,26.9,53,16.7,0.0,0.0,1.58,482.0,1.7351999999999999
2011-06-05 16:00:00,27.3,51,16.3,0.0,0.0,1.28,491.0,1.7676
2011-06-05 17:00:00,27.2,51,16.0,0.0,0.0,1.12,419.0,1.5084
2011-06-05 18:00:00,26.3,54,16.3,0.0,0.0,1.7,281.0,1.0116
2011-06-05 19:00:00,24.7,62,16.9,0.0,0.0,2.33,85.0,0.306
2011-06-05 20:00:00,23.4,66,16.7,0.0,0.0,2.7,5.0,0.018
2011-06-05 21:00:00,22.5,70,16.9,0.0,0.0,2.69,0.0,0.0
2011-06-05 22:00:00,21.6,76,17.2,0.0,0.0,2.26,0.0,0.0
2011-06-05 23:00:00,20.7,84,17.9,0.0,0.0,1.58,0.0,0.0
2011-06-06 00:00:00,20.0,86,17.6,0.2,0.0,1.42,0.0,0.0
2011-06-06 01:00:00,20.2,84,17.4,0.0,0.0,1.44,0.0,0.0
2011-06-06 02:00:00,19.9,87,17.7,0.0,0.0,1.4,0.0,0.0
2011-06-06 03:00:00,19.8,89,17.9,0.0,0.0,1.0,0.0,0.0
2011-06-06 04:00:00,17.9,95,17.1,0.0,0.0,1.53,0.0,0.0
2011-06-06 05:00:00,16.8,98,16.4,0.0,0.0,1.24,1.0,0.0036
2011-06-06 06:00:00,18.1,94,17.2,0.0,0.0,1.26,75.0,0.27
2011-06-06 07:00:00,20.9,81,17.5,0.0,0.0,1.5,242.0,0.8712
2011-06-06 08:00:00,22.9,70,17.1,0.0,0.0,1.99,434.0,1.5624
2011-06-06 09:00:00,24.5,60,16.3,0.0,0.0,2.59,623.0,2.2428
2011-06-06 10:00:00,25.8,52,15.1,0.0,0.0,2.69,779.0,2.8044
2011-06-06 11:00:00,27.0,45,14.0,0.0,0.0,2.56,864.0,3.1104
2011-06-06 12:00:00,27.7,41,13.4,0.0,0.0,2.28,831.0,2.9916
2011-06-06 13:00:00,28.3,39,13.1,0.0,0.0,2.36,788.0,2.8367999999999998
2011-06-06 14:00:00,29.1,38,13.4,0.0,0.0,2.52,873.0,3.1428
2011-06-06 15:00:00,28.8,38,13.2,0.0,0.0,2.52,717.0,2.5812
2011-06-06 16:00:00,28.5,39,13.1,0.0,0.0,2.27,543.0,1.9547999999999999
2011-06-06 17:00:00,28.0,41,13.4,0.0,0.0,1.61,387.0,1.3932
2011-06-06 18:00:00,27.1,45,14.0,0.0,0.0,1.75,237.0,0.8532
2011-06-06 19:00:00,25.8,53,15.4,0.0,0.0,1.55,106.0,0.3816
2011-06-06 20:00:00,24.0,57,15.0,0.0,0.0,1.91,7.0,0.0252
2011-06-06 21:00:00,22.6,64,15.4,0.0,0.0,2.06,0.0,0.0
2011-06-06 22:00:00,21.5,69,15.5,0.0,0.0,2.34,0.0,0.0
2011-06-06 23:00:00,20.5,73,15.6,0.0,0.0,2.57,0.0,0.0
2011-06-07 00:00:00,19.6,77,15.5,0.0,0.0,2.6,0.0,0.0
2011-06-07 01:00:00,18.9,80,15.4,0.0,0.0,2.57,0.0,0.0
2011-06-07 02:00:00,18.2,92,16.9,0.0,0.0,2.51,0.0,0.0
2011-06-07 03:00:00,18.0,94,17.0,0.0,0.0,2.47,0.0,0.0
2011-06-07 04:00:00,17.7,95,16.9,0.0,0.0,2.36,0.0,0.0
2011-06-07 05:00:00,17.5,95,16.7,0.0,0.0,2.25,1.0,0.0036
2011-06-07 06:00:00,18.7,92,17.4,0.0,0.0,2.58,77.0,0.2772
2011-06-07 07:00:00,22.4,74,17.4,0.0,0.0,2.2,245.0,0.882
2011-06-07 08:00:00,25.0,60,16.6,0.0,0.0,2.48,437.0,1.5732
2011-06-07 09:00:00,27.3,48,15.3,0.0,0.0,2.76,616.0,2.2176
2011-06-07 10:00:00,29.0,40,14.2,0.0,0.0,2.97,755.0,2.718
2011-06-07 11:00:00,30.4,36,13.6,0.0,0.0,3.19,845.0,3.042
2011-06-07 12:00:00,31.5,33,13.1,0.0,0.0,3.09,893.0,3.2148
2011-06-07 13:00:00,32.4,30,12.7,0.0,0.0,2.86,897.0,3.2292
2011-06-07 14:00:00,31.8,35,14.4,0.0,0.0,3.01,666.0,2.3975999999999997
2011-06-07 15:00:00,32.1,35,14.7,0.0,0.0,2.3,568.0,2.0448
2011-06-07 16:00:00,32.2,35,14.8,0.0,0.0,2.1,474.0,1.7064
2011-06-07 17:00:00,31.9,36,15.1,0.0,0.0,3.1,386.0,1.3896
2011-06-07 18:00:00,30.9,39,15.4,0.0,0.0,2.6,244.0,0.8784
2011-06-07 19:00:00,28.8,54,18.7,0.0,0.0,2.0,81.0,0.29159999999999997
2011-06-07 20:00:00,27.2,53,16.8,0.0,0.0,2.08,4.0,0.0144
2011-06-07 21:00:00,25.9,59,17.3,0.0,0.0,2.16,0.0,0.0
2011-06-07 22:00:00,24.7,60,16.5,0.0,0.0,1.92,0.0,0.0
2011-06-07 23:00:00,23.7,67,17.1,0.0,0.0,1.65,0.0,0.0
2011-06-08 00:00:00,22.7,73,17.6,0.0,0.0,1.65,0.0,0.0
2011-06-08 01:00:00,22.0,77,17.8,0.0,0.0,1.87,0.0,0.0
2011-06-08 02:00:00,21.1,77,17.0,0.0,0.0,2.06,0.0,0.0
2011-06-08 03:00:00,20.6,81,17.2,0.0,0.0,1.92,0.0,0.0
2011-06-08 04:00:00,20.1,84,17.4,0.0,0.0,1.82,0.0,0.0
2011-06-08 05:00:00,19.8,87,17.6,0.0,0.0,1.66,1.0,0.0036
2011-06-08 06:00:00,21.2,86,18.8,0.0,0.0,1.73,74.0,0.26639999999999997
2011-06-08 07:00:00,25.2,66,18.3,0.0,0.0,1.32,237.0,0.8532
2011-06-08 08:00:00,28.0,57,18.6,0.0,0.0,1.84,425.0,1.53
2011-06-08 09:00:00,30.2,52,19.4,0.0,0.0,2.38,605.0,2.178
2011-06-08 10:00:00,32.0,49,19.9,0.0,0.0,2.33,758.0,2.7288
2011-06-08 11:00:00,33.6,45,20.1,0.0,0.0,2.28,870.0,3.132
2011-06-08 12:00:00,34.9,42,19.9,0.0,0.0,2.06,933.0,3.3588
2011-06-08 13:00:00,35.9,38,19.4,0.0,0.0,2.05,910.0,3.276
2011-06-08 14:00:00,36.3,39,20.2,0.1,0.0,2.14,859.0,3.0924
2011-06-08 15:00:00,36.7,37,19.6,0.0,0.0,1.97,739.0,2.6604
2011-06-08 16:00:00,36.6,37,19.4,0.0,0.0,1.48,584.0,2.1024
2011-06-08 17:00:00,36.2,40,20.3,0.0,0.0,1.21,419.0,1.5084
2011-06-08 18:00:00,34.8,56,24.6,0.0,0.0,0.64,225.0,0.8099999999999999
2011-06-08 19:00:00,32.5,44,18.7,0.1,0.0,0.58,85.0,0.306
2011-06-08 20:00:00,30.8,58,21.5,0.1,0.0,0.5,6.0,0.0216
2011-06-08 21:00:00,29.2,54,18.9,0.0,0.0,1.61,0.0,0.0
2011-06-08 22:00:00,27.8,63,20.0,0.0,0.0,1.75,0.0,0.0
2011-06-08 23:00:00,26.4,66,19.5,0.0,0.0,1.61,0.0,0.0
2011-06-09 00:00:00,25.3,71,19.6,0.0,0.0,1.61,0.0,0.0
2011-06-09 01:00:00,24.3,75,19.6,0.0,0.0,1.8,0.0,0.0
2011-06-09 02:00:00,23.9,84,21.0,0.0,0.0,2.0,0.0,0.0
2011-06-09 03:00:00,23.5,87,21.2,0.0,0.0,1.8,0.0,0.0
2011-06-09 04:00:00,23.1,89,21.2,0.0,0.0,1.9,0.0,0.0
2011-06-09 05:00:00,22.9,90,21.1,0.0,0.0,2.14,1.0,0.0036
2011-06-09 06:00:00,24.8,84,21.9,0.0,0.0,2.25,75.0,0.27
2011-06-09 07:00:00,28.2,68,21.9,0.0,0.0,1.84,238.0,0.8568
2011-06-09 08:00:00,31.0,56,21.1,0.0,0.0,2.48,426.0,1.5335999999999999
2011-06-09 09:00:00,33.2,46,20.0,0.0,0.0,2.34,605.0,2.178
2011-06-09 10:00:00,34.5,41,19.3,0.0,0.0,2.27,753.0,2.7108
2011-06-09 11:00:00,35.6,38,18.9,0.0,0.0,2.12,861.0,3.0996
2011-06-09 12:00:00,36.8,33,18.1,0.0,0.0,1.58,935.0,3.366
2011-06-09 13:00:00,37.6,29,16.8,0.0,0.0,2.2,931.0,3.3516
2011-06-09 14:00:00,36.8,34,18.1,0.0,0.0,2.84,735.0,2.646
2011-06-09 15:00:00,37.1,30,16.9,0.0,0.0,3.68,737.0,2.6532
2011-06-09 16:00:00,36.8,29,15.6,0.0,0.0,5.05,638.0,2.2967999999999997
2011-06-09 17:00:00,35.7,31,16.2,0.0,0.0,2.97,399.0,1.4364
2011-06-09 18:00:00,34.6,35,16.9,0.0,0.0,2.6,236.0,0.8496
2011-06-09 19:00:00,31.7,43,17.6,1.4,0.0,2.32,84.0,0.3024
2011-06-09 20:00:00,30.4,47,17.9,0.0,0.0,1.46,6.0,0.0216
2011-06-09 21:00:00,28.9,59,20.0,0.0,0.0,1.78,0.0,0.0
2011-06-09 22:00:00,27.3,63,19.7,0.0,0.0,2.48,0.0,0.0
2011-06-09 23:00:00,26.5,63,18.9,0.0,0.0,3.12,0.0,0.0
2011-06-10 00:00:00,25.9,65,18.9,0.0,0.0,1.3,0.0,0.0
2011-06-10 01:00:00,25.4,68,19.0,0.0,0.0,0.95,0.0,0.0
2011-06-10 02:00:00,25.1,68,18.7,0.0,0.0,0.36,0.0,0.0
2011-06-10 03:00:00,23.7,74,18.8,0.0,0.0,1.14,0.0,0.0
2011-06-10 04:00:00,23.2,76,18.8,0.0,0.0,2.15,0.0,0.0
2011-06-10 05:00:00,22.6,82,19.5,0.0,0.0,0.71,1.0,0.0036
2011-06-10 06:00:00,23.6,79,19.7,0.0,0.0,1.27,69.0,0.24839999999999998
2011-06-10 07:00:00,25.9,68,19.5,0.0,0.0,1.39,230.0,0.828
2011-06-10 08:00:00,27.9,59,19.1,0.0,0.0,1.7,414.0,1.4904
2011-06-10 09:00:00,29.5,52,18.6,0.0,0.0,1.49,584.0,2.1024
2011-06-10 10:00:00,31.1,46,18.3,0.0,0.0,1.22,742.0,2.6712
2011-06-10 11:00:00,32.4,42,18.0,0.0,0.0,1.25,857.0,3.0852
2011-06-10 12:00:00,33.5,39,17.8,0.0,0.0,1.48,917.0,3.3011999999999997
2011-06-10 13:00:00,34.3,38,17.8,0.0,0.0,1.58,910.0,3.276
2011-06-10 14:00:00,32.8,45,19.2,0.0,0.0,1.36,773.0,2.7828
2011-06-10 15:00:00,29.3,63,21.4,3.0,0.0,1.88,425.0,1.53
2011-06-10 16:00:00,28.3,68,21.9,1.4,0.0,3.0,416.0,1.4976
2011-06-10 17:00:00,29.5,62,21.3,0.0,0.0,1.86,328.0,1.1808
2011-06-10 18:00:00,29.0,63,21.3,0.0,0.0,2.7,183.0,0.6587999999999999
2011-06-10 19:00:00,28.3,67,21.6,0.0,0.0,2.11,85.0,0.306
2011-06-10 20:00:00,27.0,71,21.3,0.0,0.0,1.63,6.0,0.0216
2011-06-10 21:00:00,26.0,77,21.7,0.0,0.0,1.62,0.0,0.0
2011-06-10 22:00:00,24.9,85,22.3,0.0,0.0,1.43,0.0,0.0
2011-06-10 23:00:00,24.6,85,22.0,0.0,0.0,1.75,0.0,0.0
2011-06-11 00:00:00,25.1,81,21.7,0.0,0.0,1.41,0.0,0.0
2011-06-11 01:00:00,24.6,84,21.8,0.0,0.0,1.56,0.0,0.0
2011-06-11 02:00:00,24.5,89,22.5,0.0,0.0,0.94,0.0,0.0
2011-06-11 03:00:00,24.1,91,22.5,0.0,0.0,0.94,0.0,0.0
2011-06-11 04:00:00,22.7,96,22.0,0.0,0.0,1.08,0.0,0.0
2011-06-11 05:00:00,21.9,98,21.6,0.0,0.0,0.85,2.0,0.0072
2011-06-11 06:00:00,23.4,96,22.8,0.0,0.0,1.66,70.0,0.252
2011-06-11 07:00:00,25.5,86,23.1,0.0,0.0,2.42,217.0,0.7812
2011-06-11 08:00:00,27.1,77,22.8,0.0,0.0,3.55,391.0,1.4076
2011-06-11 09:00:00,28.8,69,22.4,0.0,0.0,2.5,579.0,2.0844
2011-06-11 10:00:00,30.1,62,21.9,0.0,0.0,1.36,682.0,2.4552
2011-06-11 11:00:00,31.5,55,21.5,0.0,0.0,1.03,798.0,2.8728
2011-06-11 12:00:00,32.5,52,21.4,0.0,0.0,1.22,796.0,2.8655999999999997
2011-06-11 13:00:00,33.4,47,20.5,0.0,0.0,1.51,847.0,3.0492
2011-06-11 14:00:00,31.5,54,21.1,0.3,0.0,1.7,785.0,2.826
2011-06-11 15:00:00,31.6,53,20.9,0.0,0.0,1.8,620.0,2.2319999999999998
2011-06-11 16:00:00,31.2,55,21.1,0.0,0.0,1.81,417.0,1.5011999999999999
2011-06-11 17:00:00,28.9,67,22.1,2.2,0.0,1.5,354.0,1.2744
2011-06-11 18:00:00,25.4,88,23.2,5.6,0.0,0.92,156.0,0.5616
2011-06-11 19:00:00,24.3,91,22.8,1.7,0.0,1.06,47.0,0.1692
2011-06-11 20:00:00,23.4,95,22.5,0.4,0.0,2.2,4.0,0.0144
2011-06-11 21:00:00,22.9,97,22.4,2.9,0.0,2.44,0.0,0.0
2011-06-11 22:00:00,22.6,98,22.3,1.1,0.0,1.79,0.0,0.0
2011-06-11 23:00:00,22.5,98,22.2,0.0,0.0,1.89,0.0,0.0
2011-06-12 00:00:00,22.2,99,22.0,0.0,0.0,1.97,0.0,0.0
2011-06-12 01:00:00,22.1,99,22.0,0.0,0.0,1.86,0.0,0.0
2011-06-12 02:00:00,22.5,89,20.7,0.0,0.0,1.97,0.0,0.0
2011-06-12 03:00:00,22.0,94,21.0,0.0,0.0,2.01,0.0,0.0
2011-06-12 04:00:00,21.5,96,20.9,0.0,0.0,1.84,0.0,0.0
2011-06-12 05:00:00,21.1,98,20.8,0.0,0.0,1.61,1.0,0.0036
2011-06-12 06:00:00,22.4,95,21.5,0.0,0.0,1.73,71.0,0.2556
2011-06-12 07:00:00,24.1,88,21.9,0.0,0.0,1.03,216.0,0.7776
2011-06-12 08:00:00,26.0,78,21.8,0.0,0.0,0.5,409.0,1.4724
2011-06-12 09:00:00,27.9,67,21.3,0.0,0.0,0.81,595.0,2.142
2011-06-12 10:00:00,29.4,60,20.8,0.0,0.0,0.6,742.0,2.6712
2011-06-12 11:00:00,30.6,56,20.8,0.0,0.0,0.58,839.0,3.0204
2011-06-12 12:00:00,31.5,50,19.7,0.0,0.0,0.57,837.0,3.0132
2011-06-12 13:00:00,31.8,48,19.3,0.0,0.0,0.2,696.0,2.5056
2011-06-12 14:00:00,31.4,48,19.1,0.0,0.0,1.39,751.0,2.7036
2011-06-12 15:00:00,31.0,49,18.9,0.1,0.0,1.36,532.0,1.9152
2011-06-12 16:00:00,27.5,69,21.3,4.0,0.0,1.89,412.0,1.4831999999999999
2011-06-12 17:00:00,26.4,76,21.8,0.5,0.0,1.34,280.0,1.008
2011-06-12 18:00:00,26.3,75,21.5,0.0,0.0,0.85,221.0,0.7956
2011-06-12 19:00:00,26.0,77,21.7,0.0,0.0,0.58,87.0,0.3132
2011-06-12 20:00:00,25.3,80,21.6,0.0,0.0,0.91,7.0,0.0252
2011-06-12 21:00:00,24.3,85,21.7,0.0,0.0,1.14,0.0,0.0
2011-06-12 22:00:00,23.7,88,21.6,0.0,0.0,2.01,0.0,0.0
2011-06-12 23:00:00,23.5,87,21.3,0.0,0.0,2.69,0.0,0.0
2011-06-13 00:00:00,23.3,80,19.7,0.0,0.0,3.68,0.0,0.0
2011-06-13 01:00:00,22.5,70,16.8,0.0,0.0,4.87,0.0,0.0
2011-06-13 02:00:00,21.2,65,14.4,0.0,0.0,4.61,0.0,0.0
2011-06-13 03:00:00,20.3,62,12.7,0.0,0.0,4.34,0.0,0.0
2011-06-13 04:00:00,19.5,61,11.9,0.0,0.0,4.05,0.0,0.0
2011-06-13 05:00:00,18.8,63,11.6,0.0,0.0,3.85,2.0,0.0072
2011-06-13 06:00:00,18.4,63,11.3,0.0,0.0,3.76,75.0,0.27
2011-06-13 07:00:00,18.8,60,10.9,0.0,0.0,3.96,229.0,0.8244
2011-06-13 08:00:00,19.5,58,10.9,0.0,0.0,3.93,412.0,1.4831999999999999
2011-06-13 09:00:00,20.7,54,11.1,0.0,0.0,3.85,614.0,2.2104
2011-06-13 10:00:00,21.9,50,11.2,0.0,0.0,3.52,773.0,2.7828
2011-06-13 11:00:00,23.0,48,11.3,0.0,0.0,3.26,876.0,3.1536
2011-06-13 12:00:00,24.1,45,11.4,0.0,0.0,2.65,929.0,3.3444
2011-06-13 13:00:00,25.0,43,11.4,0.0,0.0,2.5,955.0,3.4379999999999997
2011-06-13 14:00:00,24.7,44,11.7,0.0,0.0,2.79,849.0,3.0564
2011-06-13 15:00:00,25.2,42,11.4,0.0,0.0,3.22,724.0,2.6064
2011-06-13 16:00:00,25.3,40,10.7,0.0,0.0,3.14,546.0,1.9656
2011-06-13 17:00:00,25.1,39,10.0,0.0,0.0,2.78,321.0,1.1556
2011-06-13 18:00:00,24.7,39,9.8,0.0,0.0,2.9,196.0,0.7056
2011-06-13 19:00:00,23.7,44,10.7,0.0,0.0,2.77,74.0,0.26639999999999997
2011-06-13 20:00:00,22.7,47,10.6,0.0,0.0,2.77,7.0,0.0252
2011-06-13 21:00:00,21.4,55,12.1,0.0,0.0,2.88,0.0,0.0
2011-06-13 22:00:00,20.6,67,14.2,0.0,0.0,2.92,0.0,0.0
2011-06-13 23:00:00,19.8,67,13.4,0.0,0.0,3.27,0.0,0.0
2011-06-14 00:00:00,19.1,63,11.9,0.0,0.0,3.86,0.0,0.0
2011-06-14 01:00:00,18.3,63,11.2,0.0,0.0,3.88,0.0,0.0
2011-06-14 02:00:00,17.8,59,9.8,0.0,0.0,3.52,0.0,0.0
2011-06-14 03:00:00,17.3,62,9.9,0.0,0.0,3.56,0.0,0.0
2011-06-14 04:00:00,16.9,64,10.0,0.0,0.0,3.54,0.0,0.0
2011-06-14 05:00:00,16.5,67,10.3,0.0,0.0,3.25,2.0,0.0072
2011-06-14 06:00:00,16.8,69,11.0,0.0,0.0,2.9,78.0,0.2808
2011-06-14 07:00:00,17.8,64,10.8,0.0,0.0,3.62,244.0,0.8784
2011-06-14 08:00:00,18.9,61,11.2,0.0,0.0,3.8,434.0,1.5624
2011-06-14 09:00:00,20.6,53,10.8,0.0,0.0,4.0,613.0,2.2068
2011-06-14 10:00:00,21.7,49,10.6,0.0,0.0,3.81,596.0,2.1456
2011-06-14 11:00:00,21.8,50,11.0,0.0,0.0,3.21,462.0,1.6632
2011-06-14 12:00:00,22.5,49,11.3,0.0,0.0,2.94,615.0,2.214
2011-06-14 13:00:00,22.9,47,11.1,0.1,0.0,2.79,570.0,2.052
2011-06-14 14:00:00,22.7,46,10.5,0.0,0.0,2.97,371.0,1.3356
2011-06-14 15:00:00,22.4,49,11.0,0.0,0.0,2.92,350.0,1.26
2011-06-14 16:00:00,22.0,51,11.5,0.0,0.0,2.78,328.0,1.1808
2011-06-14 17:00:00,21.8,53,11.8,0.0,0.0,2.76,218.0,0.7847999999999999
2011-06-14 18:00:00,21.5,55,11.9,0.0,0.0,2.9,155.0,0.5579999999999999
2011-06-14 19:00:00,21.0,58,12.4,0.0,0.0,2.42,78.0,0.2808
2011-06-14 20:00:00,20.4,57,11.7,0.0,0.0,2.62,6.0,0.0216
2011-06-14 21:00:00,19.9,60,11.8,0.0,0.0,2.91,0.0,0.0
2011-06-14 22:00:00,19.5,61,11.9,0.0,0.0,3.47,0.0,0.0
2011-06-14 23:00:00,19.0,64,12.0,0.0,0.0,3.9,0.0,0.0
2011-06-15 00:00:00,18.3,66,11.8,0.0,0.0,3.92,0.0,0.0
2011-06-15 01:00:00,17.8,67,11.6,0.0,0.0,3.35,0.0,0.0
2011-06-15 02:00:00,16.7,69,11.0,0.0,0.0,3.01,0.0,0.0
2011-06-15 03:00:00,16.0,71,10.7,0.0,0.0,2.86,0.0,0.0
2011-06-15 04:00:00,15.4,72,10.4,0.0,0.0,2.98,0.0,0.0
2011-06-15 05:00:00,14.8,75,10.3,0.0,0.0,2.33,2.0,0.0072
2011-06-15 06:00:00,15.1,74,10.5,0.0,0.0,2.32,78.0,0.2808
2011-06-15 07:00:00,16.7,66,10.4,0.0,0.0,2.14,248.0,0.8927999999999999
2011-06-15 08:00:00,18.7,59,10.4,0.0,0.0,1.8,443.0,1.5948
2011-06-15 09:00:00,20.7,50,10.0,0.0,0.0,1.61,630.0,2.268
2011-06-15 10:00:00,22.6,44,9.8,0.0,0.0,1.65,790.0,2.844
2011-06-15 11:00:00,24.2,40,9.7,0.0,0.0,1.61,907.0,3.2652
2011-06-15 12:00:00,25.4,37,9.7,0.0,0.0,1.61,972.0,3.4992
2011-06-15 13:00:00,26.4,35,9.6,0.0,0.0,1.51,983.0,3.5387999999999997
2011-06-15 14:00:00,27.0,33,9.2,0.0,0.0,1.2,933.0,3.3588
2011-06-15 15:00:00,27.4,31,9.0,0.0,0.0,0.98,813.0,2.9268
2011-06-15 16:00:00,27.5,31,8.7,0.0,0.0,0.86,680.0,2.448
2011-06-15 17:00:00,27.2,31,8.7,0.0,0.0,0.4,498.0,1.7928
2011-06-15 18:00:00,26.3,36,10.1,0.0,0.0,0.82,298.0,1.0728
2011-06-15 19:00:00,24.8,46,12.2,0.0,0.0,1.4,121.0,0.4356
2011-06-15 20:00:00,22.6,49,11.3,0.0,0.0,2.11,11.0,0.039599999999999996
2011-06-15 21:00:00,21.0,56,11.9,0.0,0.0,2.51,0.0,0.0
2011-06-15 22:00:00,19.7,62,12.3,0.0,0.0,2.69,0.0,0.0
2011-06-15 23:00:00,18.8,67,12.4,0.0,0.0,1.78,0.0,0.0
2011-06-16 00:00:00,17.9,71,12.7,0.0,0.0,2.55,0.0,0.0
2011-06-16 01:00:00,17.4,74,12.7,0.0,0.0,2.0,0.0,0.0
2011-06-16 02:00:00,16.7,78,12.8,0.0,0.0,1.55,0.0,0.0
2011-06-16 03:00:00,16.4,80,12.9,0.0,0.0,1.8,0.0,0.0
2011-06-16 04:00:00,16.6,80,13.2,0.0,0.0,2.31,0.0,0.0
2011-06-16 05:00:00,17.0,80,13.6,0.0,0.0,2.3,1.0,0.0036
2011-06-16 06:00:00,17.7,82,14.5,0.4,0.0,2.79,46.0,0.1656
2011-06-16 07:00:00,19.9,69,14.0,0.1,0.0,2.55,138.0,0.49679999999999996
2011-06-16 08:00:00,21.0,64,13.9,0.5,0.0,2.4,284.0,1.0224
2011-06-16 09:00:00,21.4,64,14.2,0.3,0.0,2.57,322.0,1.1592
2011-06-16 10:00:00,22.7,59,14.3,0.0,0.0,3.35,472.0,1.6992
2011-06-16 11:00:00,23.8,57,14.9,0.0,0.0,4.1,518.0,1.8648
2011-06-16 12:00:00,24.2,59,15.7,0.0,0.0,4.23,435.0,1.566
2011-06-16 13:00:00,25.0,59,16.5,0.0,0.0,4.43,555.0,1.998
2011-06-16 14:00:00,27.1,54,17.0,0.0,0.0,4.62,757.0,2.7252
2011-06-16 15:00:00,27.2,56,17.7,0.0,0.0,4.26,627.0,2.2572
2011-06-16 16:00:00,24.1,75,19.5,2.2,0.0,3.54,318.0,1.1448
2011-06-16 17:00:00,22.6,84,19.8,6.1,0.0,2.53,246.0,0.8855999999999999
2011-06-16 18:00:00,21.6,86,19.2,3.6,0.0,3.13,144.0,0.5184
2011-06-16 19:00:00,20.7,90,19.1,2.2,0.0,2.69,49.0,0.1764
2011-06-16 20:00:00,20.1,93,19.0,2.0,0.0,2.91,5.0,0.018
2011-06-16 21:00:00,19.8,96,19.1,2.0,0.0,2.9,0.0,0.0
2011-06-16 22:00:00,19.6,98,19.2,0.6,0.0,2.06,0.0,0.0
2011-06-16 23:00:00,19.6,98,19.3,0.0,0.0,1.0,0.0,0.0
2011-06-17 00:00:00,19.3,99,19.1,0.0,0.0,1.84,0.0,0.0
2011-06-17 01:00:00,19.3,98,19.0,0.0,0.0,2.06,0.0,0.0
2011-06-17 02:00:00,18.8,98,18.4,0.0,0.0,1.9,0.0,0.0
2011-06-17 03:00:00,18.6,98,18.3,0.0,0.0,1.9,0.0,0.0
2011-06-17 04:00:00,18.8,97,18.3,0.0,0.0,1.57,0.0,0.0
2011-06-17 05:00:00,18.5,99,18.4,0.0,0.0,0.22,1.0,0.0036
2011-06-17 06:00:00,18.7,99,18.6,0.0,0.0,0.32,46.0,0.1656
2011-06-17 07:00:00,19.5,96,18.9,0.0,0.0,1.12,104.0,0.3744
2011-06-17 08:00:00,21.0,90,19.3,0.0,0.0,1.26,244.0,0.8784
2011-06-17 09:00:00,22.2,86,19.7,0.0,0.0,1.65,307.0,1.1052
2011-06-17 10:00:00,23.6,78,19.6,0.0,0.0,2.33,392.0,1.4112
2011-06-17 11:00:00,25.0,70,19.2,0.2,0.0,2.37,591.0,2.1276
2011-06-17 12:00:00,26.0,59,17.5,0.1,0.0,2.51,623.0,2.2428
2011-06-17 13:00:00,27.4,51,16.4,0.0,0.0,3.13,818.0,2.9448
2011-06-17 14:00:00,27.9,47,15.7,0.0,0.0,3.2,539.0,1.9404
2011-06-17 15:00:00,28.2,44,14.9,0.0,0.0,3.32,549.0,1.9764
2011-06-17 16:00:00,28.2,44,14.6,0.0,0.0,3.51,449.0,1.6164
2011-06-17 17:00:00,27.8,46,15.2,0.0,0.0,2.14,393.0,1.4148
2011-06-17 18:00:00,26.5,56,17.0,0.0,0.0,2.48,192.0,0.6912
2011-06-17 19:00:00,25.4,63,17.8,0.0,0.0,2.28,77.0,0.2772
2011-06-17 20:00:00,23.7,70,17.8,0.0,0.0,2.05,8.0,0.0288
2011-06-17 21:00:00,22.5,78,18.5,0.0,0.0,2.28,0.0,0.0
2011-06-17 22:00:00,21.5,82,18.4,0.0,0.0,2.69,0.0,0.0
2011-06-17 23:00:00,21.4,83,18.4,0.0,0.0,2.28,0.0,0.0
2011-06-18 00:00:00,21.2,84,18.4,0.0,0.0,1.81,0.0,0.0
2011-06-18 01:00:00,20.1,90,18.3,0.3,0.0,1.49,0.0,0.0
2011-06-18 02:00:00,20.5,86,18.1,0.0,0.0,0.9,0.0,0.0
2011-06-18 03:00:00,20.3,88,18.2,0.0,0.0,1.2,0.0,0.0
2011-06-18 04:00:00,20.0,90,18.3,0.0,0.0,1.24,0.0,0.0
2011-06-18 05:00:00,19.6,92,18.4,0.0,0.0,0.95,1.0,0.0036
2011-06-18 06:00:00,19.9,93,18.7,0.0,0.0,1.3,60.0,0.216
2011-06-18 07:00:00,22.2,84,19.3,0.0,0.0,0.92,175.0,0.63
2011-06-18 08:00:00,24.7,72,19.4,0.0,0.0,1.33,370.0,1.332
2011-06-18 09:00:00,26.7,64,19.2,0.0,0.0,1.99,534.0,1.9223999999999999
2011-06-18 10:00:00,28.3,58,19.3,0.0,0.0,0.89,694.0,2.4983999999999997
2011-06-18 11:00:00,29.6,52,18.9,0.0,0.0,1.2,801.0,2.8836
2011-06-18 12:00:00,30.7,50,19.0,0.0,0.0,1.71,884.0,3.1824
2011-06-18 13:00:00,31.0,49,19.1,0.0,0.0,1.48,834.0,3.0023999999999997
2011-06-18 14:00:00,30.5,52,19.5,0.0,0.0,1.33,757.0,2.7252
2011-06-18 15:00:00,30.6,52,19.6,0.0,0.0,0.92,607.0,2.1852
2011-06-18 16:00:00,30.5,52,19.6,0.0,0.0,0.45,489.0,1.7604
2011-06-18 17:00:00,27.0,68,20.6,0.4,0.0,0.92,260.0,0.9359999999999999
2011-06-18 18:00:00,25.7,76,21.1,0.4,0.0,0.73,91.0,0.3276
2011-06-18 19:00:00,24.2,88,22.1,0.9,0.0,0.2,39.0,0.1404
2011-06-18 20:00:00,23.4,92,21.9,0.3,0.0,0.76,4.0,0.0144
2011-06-18 21:00:00,22.9,94,22.0,0.0,0.0,0.95,0.0,0.0
2011-06-18 22:00:00,22.6,96,22.0,0.0,0.0,1.0,0.0,0.0
2011-06-18 23:00:00,21.9,98,21.7,0.2,0.0,1.2,0.0,0.0
2011-06-19 00:00:00,21.9,98,21.5,0.2,0.0,1.12,0.0,0.0
2011-06-19 01:00:00,21.3,99,21.1,0.3,0.0,0.92,0.0,0.0
2011-06-19 02:00:00,23.4,85,20.8,0.3,0.0,0.64,0.0,0.0
2011-06-19 03:00:00,22.8,89,20.8,0.1,0.0,0.78,0.0,0.0
2011-06-19 04:00:00,21.8,95,20.9,0.2,0.0,1.17,0.0,0.0
2011-06-19 05:00:00,21.5,97,21.0,0.2,0.0,1.0,1.0,0.0036
2011-06-19 06:00:00,21.6,98,21.2,0.3,0.0,1.17,23.0,0.0828
2011-06-19 07:00:00,22.5,96,21.8,0.2,0.0,1.24,99.0,0.3564
2011-06-19 08:00:00,23.1,92,21.8,0.0,0.0,1.44,194.0,0.6984
2011-06-19 09:00:00,23.7,88,21.6,0.0,0.0,1.61,234.0,0.8423999999999999
2011-06-19 10:00:00,23.5,90,21.8,0.2,0.0,1.92,121.0,0.4356
2011-06-19 11:00:00,23.9,88,21.7,0.2,0.0,1.66,193.0,0.6948
2011-06-19 12:00:00,24.5,82,21.1,0.1,0.0,1.66,264.0,0.9504
2011-06-19 13:00:00,25.6,70,19.8,0.0,0.0,1.64,373.0,1.3428
2011-06-19 14:00:00,28.4,53,18.0,0.0,0.0,1.21,775.0,2.79
2011-06-19 15:00:00,28.6,52,17.8,0.0,0.0,0.64,652.0,2.3472
2011-06-19 16:00:00,28.5,52,17.6,0.0,0.0,0.85,527.0,1.8972
2011-06-19 17:00:00,27.4,56,17.8,0.1,0.0,1.6,371.0,1.3356
2011-06-19 18:00:00,26.2,63,18.6,0.3,0.0,1.84,191.0,0.6876
2011-06-19 19:00:00,25.3,70,19.4,0.0,0.0,1.92,78.0,0.2808
2011-06-19 20:00:00,24.3,73,19.1,0.0,0.0,1.62,8.0,0.0288
2011-06-19 21:00:00,23.2,80,19.5,0.0,0.0,1.7,0.0,0.0
2011-06-19 22:00:00,22.3,85,19.7,0.0,0.0,2.2,0.0,0.0
2011-06-19 23:00:00,21.9,89,20.0,0.0,0.0,2.21,0.0,0.0
2011-06-20 00:00:00,21.7,91,20.2,0.0,0.0,2.06,0.0,0.0
2011-06-20 01:00:00,21.7,91,20.2,0.0,0.0,1.92,0.0,0.0
2011-06-20 02:00:00,21.7,94,20.7,0.0,0.0,1.92,0.0,0.0
2011-06-20 03:00:00,21.6,95,20.7,0.1,0.0,2.37,0.0,0.0
2011-06-20 04:00:00,21.3,95,20.5,0.9,0.0,2.94,0.0,0.0
2011-06-20 05:00:00,21.0,96,20.3,1.2,0.0,2.04,0.0,0.0
2011-06-20 06:00:00,20.9,95,20.0,1.2,0.0,2.86,16.0,0.0576
2011-06-20 07:00:00,20.6,93,19.5,1.5,0.0,2.55,49.0,0.1764
2011-06-20 08:00:00,19.9,92,18.6,2.7,0.0,2.43,51.0,0.18359999999999999
2011-06-20 09:00:00,19.3,91,17.8,3.4,0.0,2.77,48.0,0.1728
2011-06-20 10:00:00,19.0,91,17.5,2.6,0.0,2.55,59.0,0.2124
2011-06-20 11:00:00,19.2,92,17.9,2.3,0.0,1.32,122.0,0.4392
2011-06-20 12:00:00,20.4,82,17.2,0.6,0.0,1.55,434.0,1.5624
2011-06-20 13:00:00,21.2,76,16.8,0.2,0.0,1.06,515.0,1.8539999999999999
2011-06-20 14:00:00,25.0,56,15.5,0.0,0.0,0.32,828.0,2.9808
2011-06-20 15:00:00,25.7,53,15.5,0.0,0.0,0.61,679.0,2.4444
2011-06-20 16:00:00,26.1,52,15.4,0.0,0.0,0.54,583.0,2.0987999999999998
2011-06-20 17:00:00,26.0,53,15.5,0.0,0.0,0.94,431.0,1.5515999999999999
2011-06-20 18:00:00,25.2,57,16.1,0.0,0.0,1.7,251.0,0.9036
2011-06-20 19:00:00,23.9,67,17.4,0.0,0.0,2.33,114.0,0.4104
2011-06-20 20:00:00,22.3,72,17.1,0.0,0.0,2.51,10.0,0.036
2011-06-20 21:00:00,21.3,78,17.2,0.0,0.0,2.51,0.0,0.0
2011-06-20 22:00:00,20.7,81,17.3,0.0,0.0,2.79,0.0,0.0
2011-06-20 23:00:00,20.6,82,17.4,0.0,0.0,3.04,0.0,0.0
2011-06-21 00:00:00,20.6,81,17.2,0.0,0.0,2.8,0.0,0.0
2011-06-21 01:00:00,20.5,81,17.1,0.0,0.0,2.1,0.0,0.0
2011-06-21 02:00:00,20.3,82,17.1,0.0,0.0,2.01,0.0,0.0
2011-06-21 03:00:00,20.2,82,17.1,0.0,0.0,2.0,0.0,0.0
2011-06-21 04:00:00,20.2,83,17.3,0.0,0.0,2.02,0.0,0.0
2011-06-21 05:00:00,20.1,85,17.5,0.0,0.0,1.77,0.0,0.0
2011-06-21 06:00:00,20.1,87,17.9,0.0,0.0,2.06,33.0,0.1188
2011-06-21 07:00:00,20.8,87,18.5,1.9,0.0,1.84,138.0,0.49679999999999996
2011-06-21 08:00:00,21.2,86,18.8,0.6,0.0,1.93,187.0,0.6732
2011-06-21 09:00:00,21.7,85,19.2,0.1,0.0,2.2,201.0,0.7236
2011-06-21 10:00:00,23.1,81,19.7,0.0,0.0,1.56,405.0,1.458
2011-06-21 11:00:00,26.0,72,20.6,0.0,0.0,0.85,838.0,3.0168
2011-06-21 12:00:00,27.8,67,21.1,0.0,0.0,0.91,855.0,3.078
2011-06-21 13:00:00,29.0,63,21.3,0.0,0.0,1.3,820.0,2.952
2011-06-21 14:00:00,29.4,61,21.1,0.1,0.0,1.48,758.0,2.7288
2011-06-21 15:00:00,29.9,59,21.0,0.1,0.0,1.58,710.0,2.556
2011-06-21 16:00:00,29.7,60,21.1,0.0,0.0,1.49,527.0,1.8972
2011-06-21 17:00:00,29.4,63,21.5,0.0,0.0,1.39,345.0,1.242
2011-06-21 18:00:00,28.6,68,22.0,0.0,0.0,2.27,214.0,0.7704
2011-06-21 19:00:00,27.2,76,22.5,0.0,0.0,2.55,101.0,0.3636
2011-06-21 20:00:00,25.7,79,21.9,0.0,0.0,2.51,9.0,0.0324
2011-06-21 21:00:00,24.7,82,21.5,0.0,0.0,2.37,0.0,0.0
2011-06-21 22:00:00,23.9,84,21.1,0.0,0.0,2.25,0.0,0.0
2011-06-21 23:00:00,23.4,85,20.8,0.0,0.0,2.4,0.0,0.0
2011-06-22 00:00:00,22.9,87,20.6,0.0,0.0,2.95,0.0,0.0
2011-06-22 01:00:00,22.6,88,20.6,0.0,0.0,3.0,0.0,0.0
2011-06-22 02:00:00,22.0,96,21.2,0.0,0.0,2.5,0.0,0.0
2011-06-22 03:00:00,21.9,96,21.3,0.0,0.0,1.99,0.0,0.0
2011-06-22 04:00:00,21.8,97,21.2,0.0,0.0,1.84,0.0,0.0
2011-06-22 05:00:00,21.6,97,21.1,0.0,0.0,0.51,1.0,0.0036
2011-06-22 06:00:00,22.2,97,21.8,0.0,0.0,0.41,69.0,0.24839999999999998
2011-06-22 07:00:00,23.9,92,22.6,0.0,0.0,0.71,218.0,0.7847999999999999
2011-06-22 08:00:00,25.4,87,23.0,0.0,0.0,0.78,373.0,1.3428
2011-06-22 09:00:00,27.2,80,23.4,0.0,0.0,1.3,552.0,1.9871999999999999
2011-06-22 10:00:00,29.1,72,23.5,0.0,0.0,1.81,723.0,2.6028
2011-06-22 11:00:00,30.8,65,23.4,0.0,0.0,1.87,853.0,3.0707999999999998
2011-06-22 12:00:00,31.6,62,23.3,0.0,0.0,2.42,854.0,3.0744
2011-06-22 13:00:00,32.1,60,23.3,0.0,0.0,2.76,836.0,3.0096
2011-06-22 14:00:00,32.0,54,21.4,0.0,0.0,3.34,758.0,2.7288
2011-06-22 15:00:00,32.0,55,21.7,0.0,0.0,3.5,624.0,2.2464
2011-06-22 16:00:00,27.7,74,22.7,2.6,0.0,3.42,516.0,1.8576
2011-06-22 17:00:00,26.7,81,23.3,0.9,0.0,2.06,275.0,0.99
2011-06-22 18:00:00,26.8,81,23.3,0.0,0.0,1.63,233.0,0.8388
2011-06-22 19:00:00,26.2,85,23.5,0.0,0.0,1.91,102.0,0.36719999999999997
2011-06-22 20:00:00,25.3,88,23.2,0.0,0.0,1.93,10.0,0.036
2011-06-22 21:00:00,24.6,91,23.1,0.0,0.0,2.21,0.0,0.0
2011-06-22 22:00:00,24.3,92,22.9,0.0,0.0,2.69,0.0,0.0
2011-06-22 23:00:00,24.0,93,22.7,0.0,0.0,2.59,0.0,0.0
2011-06-23 00:00:00,23.8,93,22.5,0.0,0.0,2.39,0.0,0.0
2011-06-23 01:00:00,23.5,92,22.2,0.0,0.0,2.22,0.0,0.0
2011-06-23 02:00:00,24.0,81,20.5,0.0,0.0,2.42,0.0,0.0
2011-06-23 03:00:00,23.8,79,20.0,0.0,0.0,2.42,0.0,0.0
2011-06-23 04:00:00,23.7,78,19.7,0.0,0.0,2.73,0.0,0.0
2011-06-23 05:00:00,23.8,78,19.6,0.0,0.0,1.89,1.0,0.0036
2011-06-23 06:00:00,23.9,79,20.0,0.0,0.0,2.2,34.0,0.1224
2011-06-23 07:00:00,24.2,80,20.6,0.0,0.0,1.78,66.0,0.2376
2011-06-23 08:00:00,25.5,76,20.9,0.0,0.0,1.65,197.0,0.7091999999999999
2011-06-23 09:00:00,26.8,72,21.2,0.0,0.0,1.9,371.0,1.3356
2011-06-23 10:00:00,27.7,69,21.5,0.1,0.0,1.7,466.0,1.6776
2011-06-23 11:00:00,27.8,69,21.6,0.2,0.0,1.5,432.0,1.5552
2011-06-23 12:00:00,27.9,68,21.4,0.1,0.0,1.63,456.0,1.6416
2011-06-23 13:00:00,27.4,71,21.7,0.0,0.0,3.61,427.0,1.5372
2011-06-23 14:00:00,25.0,86,22.4,2.0,0.0,3.04,299.0,1.0764
2011-06-23 15:00:00,25.8,82,22.6,0.1,0.0,1.92,317.0,1.1412
2011-06-23 16:00:00,26.5,81,23.0,0.0,0.0,2.97,285.0,1.026
2011-06-23 17:00:00,26.6,80,22.8,0.0,0.0,3.1,208.0,0.7488
2011-06-23 18:00:00,26.3,81,22.7,0.0,0.0,2.97,156.0,0.5616
2011-06-23 19:00:00,25.7,82,22.3,0.0,0.0,2.84,68.0,0.2448
2011-06-23 20:00:00,25.0,82,21.7,0.0,0.0,2.92,7.0,0.0252
2011-06-23 21:00:00,24.5,82,21.2,0.0,0.0,3.06,0.0,0.0
2011-06-23 22:00:00,24.0,83,20.8,0.0,0.0,3.19,0.0,0.0
2011-06-23 23:00:00,23.6,83,20.6,0.0,0.0,3.06,0.0,0.0
2011-06-24 00:00:00,23.4,84,20.6,0.0,0.0,3.2,0.0,0.0
2011-06-24 01:00:00,23.1,85,20.5,0.0,0.0,3.04,0.0,0.0
2011-06-24 02:00:00,22.4,90,20.6,0.0,0.0,2.83,0.0,0.0
2011-06-24 03:00:00,22.2,90,20.5,0.0,0.0,2.62,0.0,0.0
2011-06-24 04:00:00,21.9,92,20.5,0.0,0.0,2.4,0.0,0.0
2011-06-24 05:00:00,21.6,93,20.5,0.0,0.0,1.2,1.0,0.0036
2011-06-24 06:00:00,22.1,92,20.8,0.0,0.0,1.51,59.0,0.2124
2011-06-24 07:00:00,23.5,86,21.1,0.0,0.0,1.36,196.0,0.7056
2011-06-24 08:00:00,24.6,80,20.9,0.0,0.0,1.34,288.0,1.0368
2011-06-24 09:00:00,25.9,71,20.3,0.0,0.0,1.78,487.0,1.7531999999999999
2011-06-24 10:00:00,26.9,65,19.7,0.0,0.0,2.56,563.0,2.0268
2011-06-24 11:00:00,28.3,54,18.1,0.0,0.0,3.5,819.0,2.9484
2011-06-24 12:00:00,28.3,51,17.3,0.0,0.0,4.16,671.0,2.4156
2011-06-24 13:00:00,28.5,50,17.2,0.0,0.0,4.02,762.0,2.7432
2011-06-24 14:00:00,28.8,45,15.6,0.0,0.0,4.21,694.0,2.4983999999999997
2011-06-24 15:00:00,28.7,45,15.6,0.0,0.0,4.11,621.0,2.2356
2011-06-24 16:00:00,28.7,45,15.6,0.0,0.0,3.71,525.0,1.89
2011-06-24 17:00:00,28.5,45,15.5,0.0,0.0,3.3,428.0,1.5408
2011-06-24 18:00:00,27.4,52,16.7,0.0,0.0,2.62,210.0,0.756
2011-06-24 19:00:00,26.3,58,17.2,0.0,0.0,2.12,101.0,0.3636
2011-06-24 20:00:00,24.9,58,16.0,0.0,0.0,1.64,9.0,0.0324
2011-06-24 21:00:00,23.8,61,16.0,0.0,0.0,1.44,0.0,0.0
2011-06-24 22:00:00,22.8,66,16.0,0.0,0.0,1.57,0.0,0.0
2011-06-24 23:00:00,21.9,71,16.3,0.0,0.0,1.35,0.0,0.0
2011-06-25 00:00:00,21.1,74,16.4,0.0,0.0,1.6,0.0,0.0
2011-06-25 01:00:00,20.4,77,16.2,0.0,0.0,1.63,0.0,0.0
2011-06-25 02:00:00,20.3,81,16.9,0.0,0.0,1.6,0.0,0.0
2011-06-25 03:00:00,19.9,81,16.6,0.0,0.0,1.94,0.0,0.0
2011-06-25 04:00:00,20.0,79,16.1,0.0,0.0,2.26,0.0,0.0
2011-06-25 05:00:00,19.7,79,16.0,0.0,0.0,2.22,1.0,0.0036
2011-06-25 06:00:00,20.2,78,16.3,0.0,0.0,2.44,61.0,0.2196
2011-06-25 07:00:00,21.5,73,16.5,0.0,0.0,1.84,191.0,0.6876
2011-06-25 08:00:00,22.8,67,16.4,0.0,0.0,2.24,399.0,1.4364
2011-06-25 09:00:00,24.3,62,16.5,0.0,0.0,2.59,609.0,2.1924
2011-06-25 10:00:00,25.6,56,16.1,0.0,0.0,2.47,735.0,2.646
2011-06-25 11:00:00,26.7,51,15.8,0.0,0.0,2.41,779.0,2.8044
2011-06-25 12:00:00,26.8,49,15.4,0.0,0.0,2.38,603.0,2.1708
2011-06-25 13:00:00,26.8,49,15.3,0.0,0.0,2.85,474.0,1.7064
2011-06-25 14:00:00,26.4,52,15.8,0.0,0.0,3.05,379.0,1.3644
2011-06-25 15:00:00,26.4,53,15.9,0.0,0.0,3.47,332.0,1.1952
2011-06-25 16:00:00,26.2,53,15.9,0.0,0.0,3.51,251.0,0.9036
2011-06-25 17:00:00,25.9,56,16.4,0.0,0.0,2.47,231.0,0.8316
2011-06-25 18:00:00,26.0,55,16.3,0.0,0.0,2.73,259.0,0.9324
2011-06-25 19:00:00,24.9,62,17.1,0.0,0.0,2.15,107.0,0.3852
2011-06-25 20:00:00,23.5,65,16.5,0.0,0.0,2.28,10.0,0.036
2011-06-25 21:00:00,22.4,69,16.3,0.0,0.0,2.34,0.0,0.0
2011-06-25 22:00:00,21.6,70,15.9,0.0,0.0,2.44,0.0,0.0
2011-06-25 23:00:00,20.7,74,15.8,0.0,0.0,2.3,0.0,0.0
2011-06-26 00:00:00,19.8,78,15.9,0.0,0.0,2.28,0.0,0.0
2011-06-26 01:00:00,19.2,80,15.8,0.0,0.0,2.1,0.0,0.0
2011-06-26 02:00:00,18.8,81,15.5,0.0,0.0,2.28,0.0,0.0
2011-06-26 03:00:00,18.6,82,15.4,0.0,0.0,2.59,0.0,0.0
2011-06-26 04:00:00,18.1,84,15.4,0.0,0.0,2.14,0.0,0.0
2011-06-26 05:00:00,17.7,88,15.6,0.0,0.0,1.75,1.0,0.0036
2011-06-26 06:00:00,18.6,86,16.3,0.0,0.0,1.34,72.0,0.2592
2011-06-26 07:00:00,21.2,74,16.3,0.0,0.0,1.64,234.0,0.8423999999999999
2011-06-26 08:00:00,22.4,66,15.7,0.0,0.0,1.48,402.0,1.4472
2011-06-26 09:00:00,23.5,59,15.1,0.0,0.0,0.89,563.0,2.0268
2011-06-26 10:00:00,25.0,53,14.7,0.0,0.0,1.08,745.0,2.682
2011-06-26 11:00:00,26.5,47,14.3,0.0,0.0,1.7,832.0,2.9952
2011-06-26 12:00:00,27.0,44,13.8,0.0,0.0,1.57,663.0,2.3868
2011-06-26 13:00:00,27.3,43,13.6,0.0,0.0,1.73,516.0,1.8576
2011-06-26 14:00:00,26.8,47,14.4,0.0,0.0,1.91,479.0,1.7244
2011-06-26 15:00:00,27.3,45,14.3,0.0,0.0,1.91,415.0,1.494
2011-06-26 16:00:00,27.1,46,14.5,0.0,0.0,1.73,259.0,0.9324
2011-06-26 17:00:00,26.3,53,16.0,0.0,0.0,1.1,147.0,0.5292
2011-06-26 18:00:00,25.3,72,19.8,0.0,0.0,0.81,86.0,0.3096
2011-06-26 19:00:00,24.9,67,18.4,0.0,0.0,0.5,32.0,0.1152
2011-06-26 20:00:00,23.7,73,18.6,0.0,0.0,0.81,2.0,0.0072
2011-06-26 21:00:00,23.0,76,18.5,0.0,0.0,0.95,0.0,0.0
2011-06-26 22:00:00,23.1,71,17.5,0.0,0.0,1.63,0.0,0.0
2011-06-26 23:00:00,22.4,77,18.2,0.0,0.0,1.6,0.0,0.0
2011-06-27 00:00:00,21.9,76,17.6,0.0,0.0,0.89,0.0,0.0
2011-06-27 01:00:00,21.5,80,17.9,0.2,0.0,1.17,0.0,0.0
2011-06-27 02:00:00,21.2,84,18.4,0.0,0.0,1.06,0.0,0.0
2011-06-27 03:00:00,21.1,84,18.2,0.0,0.0,1.08,0.0,0.0
2011-06-27 04:00:00,21.1,82,18.0,0.0,0.0,1.14,0.0,0.0
2011-06-27 05:00:00,20.9,84,18.1,0.0,0.0,1.71,0.0,0.0
2011-06-27 06:00:00,21.1,87,18.8,0.0,0.0,1.79,18.0,0.0648
2011-06-27 07:00:00,21.6,84,18.9,0.0,0.0,1.58,64.0,0.2304
2011-06-27 08:00:00,22.5,80,18.9,0.0,0.0,1.0,155.0,0.5579999999999999
2011-06-27 09:00:00,23.9,69,17.9,0.0,0.0,0.71,360.0,1.296
2011-06-27 10:00:00,25.5,61,17.4,0.0,0.0,1.49,594.0,2.1384
2011-06-27 11:00:00,27.1,55,17.2,0.0,0.0,1.72,795.0,2.862
2011-06-27 12:00:00,27.7,54,17.5,0.0,0.0,1.08,705.0,2.538
2011-06-27 13:00:00,27.3,56,17.9,0.0,0.0,0.82,463.0,1.6668
2011-06-27 14:00:00,25.8,63,18.3,0.0,0.0,0.51,445.0,1.6019999999999999
2011-06-27 15:00:00,26.5,60,18.2,0.0,0.0,0.5,429.0,1.5444
2011-06-27 16:00:00,26.8,59,18.2,0.0,0.0,0.85,340.0,1.224
2011-06-27 17:00:00,26.6,60,18.1,0.0,0.0,1.12,200.0,0.72
2011-06-27 18:00:00,26.4,62,18.4,0.0,0.0,1.39,158.0,0.5688
2011-06-27 19:00:00,25.7,68,19.4,0.0,0.0,1.42,90.0,0.324
2011-06-27 20:00:00,24.2,77,20.0,0.0,0.0,0.85,11.0,0.039599999999999996
2011-06-27 21:00:00,22.9,83,19.9,0.0,0.0,0.67,0.0,0.0
2011-06-27 22:00:00,21.9,88,19.8,0.0,0.0,1.08,0.0,0.0
2011-06-27 23:00:00,21.3,91,19.7,0.0,0.0,1.26,0.0,0.0
2011-06-28 00:00:00,20.8,93,19.6,0.0,0.0,1.72,0.0,0.0
2011-06-28 01:00:00,20.5,94,19.5,0.0,0.0,1.58,0.0,0.0
2011-06-28 02:00:00,20.5,93,19.3,0.0,0.0,1.56,0.0,0.0
2011-06-28 03:00:00,20.3,95,19.4,0.0,0.0,1.78,0.0,0.0
2011-06-28 04:00:00,20.4,94,19.5,0.2,0.0,1.78,0.0,0.0
2011-06-28 05:00:00,20.4,95,19.6,1.0,0.0,0.91,1.0,0.0036
2011-06-28 06:00:00,21.6,96,20.9,0.5,0.0,1.86,46.0,0.1656
2011-06-28 07:00:00,22.9,94,21.8,0.0,0.0,0.92,132.0,0.4752
2011-06-28 08:00:00,24.4,89,22.5,0.2,0.0,1.12,316.0,1.1376
2011-06-28 09:00:00,25.6,86,23.1,0.4,0.0,1.68,472.0,1.6992
2011-06-28 10:00:00,27.2,76,22.6,0.1,0.0,2.36,558.0,2.0088
2011-06-28 11:00:00,28.6,69,22.3,0.0,0.0,2.2,639.0,2.3004
2011-06-28 12:00:00,29.9,63,22.2,0.0,0.0,2.34,738.0,2.6568
2011-06-28 13:00:00,31.2,58,21.9,0.0,0.0,2.42,767.0,2.7612
2011-06-28 14:00:00,32.0,51,20.5,0.0,0.0,2.31,816.0,2.9375999999999998
2011-06-28 15:00:00,32.2,49,20.2,0.0,0.0,2.31,693.0,2.4948
2011-06-28 16:00:00,32.1,50,20.3,0.0,0.0,2.42,549.0,1.9764
2011-06-28 17:00:00,30.7,54,20.3,0.1,0.0,1.93,418.0,1.5048
2011-06-28 18:00:00,30.0,60,21.4,0.0,0.0,2.25,236.0,0.8496
2011-06-28 19:00:00,29.0,67,22.3,0.0,0.0,2.26,104.0,0.3744
2011-06-28 20:00:00,27.7,70,21.6,0.0,0.0,2.91,10.0,0.036
2011-06-28 21:00:00,26.4,78,22.2,0.0,0.0,3.14,0.0,0.0
2011-06-28 22:00:00,25.0,85,22.2,0.9,0.0,2.58,0.0,0.0
2011-06-28 23:00:00,24.5,86,22.0,0.3,0.0,2.64,0.0,0.0
2011-06-29 00:00:00,24.2,88,22.0,0.0,0.0,2.86,0.0,0.0
2011-06-29 01:00:00,24.0,86,21.5,0.0,0.0,2.72,0.0,0.0
2011-06-29 02:00:00,23.1,95,22.3,0.0,0.0,2.53,0.0,0.0
2011-06-29 03:00:00,23.1,92,21.7,0.0,0.0,3.19,0.0,0.0
2011-06-29 04:00:00,22.6,86,20.2,0.0,0.0,3.97,0.0,0.0
2011-06-29 05:00:00,21.9,82,18.6,0.0,0.0,3.04,1.0,0.0036
2011-06-29 06:00:00,21.6,77,17.5,0.0,0.0,3.11,54.0,0.1944
2011-06-29 07:00:00,22.2,71,16.7,0.0,0.0,2.84,208.0,0.7488
2011-06-29 08:00:00,23.4,60,15.3,0.0,0.0,3.2,426.0,1.5335999999999999
2011-06-29 09:00:00,24.7,53,14.6,0.0,0.0,3.32,612.0,2.2032
2011-06-29 10:00:00,26.1,47,14.0,0.0,0.0,3.34,789.0,2.8404
2011-06-29 11:00:00,27.4,43,13.6,0.0,0.0,3.44,906.0,3.2616
2011-06-29 12:00:00,28.4,40,13.3,0.0,0.0,3.55,974.0,3.5063999999999997
2011-06-29 13:00:00,29.2,38,13.2,0.0,0.0,3.64,986.0,3.5496
2011-06-29 14:00:00,29.6,36,13.1,0.0,0.0,3.64,936.0,3.3695999999999997
2011-06-29 15:00:00,29.9,36,13.1,0.0,0.0,3.54,833.0,2.9988
2011-06-29 16:00:00,29.9,36,13.2,0.0,0.0,3.54,680.0,2.448
2011-06-29 17:00:00,29.6,36,13.2,0.0,0.0,3.48,503.0,1.8108
2011-06-29 18:00:00,28.6,40,13.7,0.0,0.0,3.47,292.0,1.0512
2011-06-29 19:00:00,27.3,46,14.6,0.0,0.0,3.06,128.0,0.4608
2011-06-29 20:00:00,25.7,46,13.2,0.0,0.0,3.18,12.0,0.0432
2011-06-29 21:00:00,24.5,49,13.2,0.0,0.0,3.42,0.0,0.0
2011-06-29 22:00:00,23.3,54,13.4,0.0,0.0,3.14,0.0,0.0
2011-06-29 23:00:00,21.9,59,13.6,0.0,0.0,2.86,0.0,0.0
2011-06-30 00:00:00,20.9,63,13.7,0.0,0.0,2.88,0.0,0.0
2011-06-30 01:00:00,20.0,67,13.7,0.0,0.0,3.13,0.0,0.0
2011-06-30 02:00:00,19.3,68,13.2,0.0,0.0,3.07,0.0,0.0
2011-06-30 03:00:00,18.5,73,13.6,0.0,0.0,2.75,0.0,0.0
2011-06-30 04:00:00,17.8,77,13.7,0.0,0.0,2.64,0.0,0.0
2011-06-30 05:00:00,17.2,81,14.0,0.0,0.0,2.33,1.0,0.0036
2011-06-30 06:00:00,18.1,82,15.0,0.0,0.0,2.47,70.0,0.252
2011-06-30 07:00:00,20.7,67,14.3,0.0,0.0,2.53,234.0,0.8423999999999999
2011-06-30 08:00:00,22.0,62,14.3,0.0,0.0,2.41,425.0,1.53
2011-06-30 09:00:00,23.5,56,14.2,0.0,0.0,1.7,610.0,2.1959999999999997
2011-06-30 10:00:00,24.9,51,14.2,0.0,0.0,1.43,769.0,2.7683999999999997
2011-06-30 11:00:00,26.3,47,14.0,0.0,0.0,2.05,888.0,3.1968
2011-06-30 12:00:00,27.6,43,13.7,0.0,0.0,2.34,957.0,3.4452
2011-06-30 13:00:00,28.6,39,13.1,0.0,0.0,2.39,952.0,3.4272
2011-06-30 14:00:00,29.1,35,12.2,0.0,0.0,2.33,930.0,3.348
2011-06-30 15:00:00,29.6,33,11.5,0.0,0.0,2.51,821.0,2.9556
2011-06-30 16:00:00,29.7,31,10.9,0.0,0.0,2.77,684.0,2.4624
2011-06-30 17:00:00,29.4,31,10.7,0.0,0.0,2.58,506.0,1.8215999999999999
2011-06-30 18:00:00,28.4,35,11.3,0.0,0.0,2.42,313.0,1.1268
2011-06-30 19:00:00,26.5,50,15.2,0.0,0.0,1.25,126.0,0.4536
2011-06-30 20:00:00,24.5,47,12.4,0.0,0.0,1.87,12.0,0.0432
2011-06-30 21:00:00,23.1,51,12.4,0.0,0.0,2.06,0.0,0.0
2011-06-30 22:00:00,22.2,53,12.2,0.0,0.0,0.99,0.0,0.0
2011-06-30 23:00:00,21.4,55,12.0,0.0,0.0,0.89,0.0,0.0
2011-07-01 00:00:00,20.6,59,12.2,0.0,0.0,1.53,0.0,0.0
2011-07-01 01:00:00,19.6,64,12.7,0.0,0.0,1.5,0.0,0.0
2011-07-01 02:00:00,19.0,74,14.2,0.0,0.0,2.47,0.0,0.0
2011-07-01 03:00:00,18.6,71,13.2,0.0,0.0,3.0,0.0,0.0
2011-07-01 04:00:00,18.3,70,12.6,0.0,0.0,3.28,0.0,0.0
2011-07-01 05:00:00,18.0,71,12.7,0.0,0.0,2.75,1.0,0.0036
2011-07-01 06:00:00,18.6,72,13.4,0.0,0.0,2.9,71.0,0.2556
2011-07-01 07:00:00,21.7,58,13.0,0.0,0.0,2.3,238.0,0.8568
2011-07-01 08:00:00,24.0,50,13.0,0.0,0.0,2.24,432.0,1.5552
2011-07-01 09:00:00,26.1,42,12.1,0.0,0.0,2.25,620.0,2.2319999999999998
2011-07-01 10:00:00,27.6,36,11.2,0.0,0.0,2.26,782.0,2.8152
2011-07-01 11:00:00,28.8,32,10.3,0.0,0.0,1.84,902.0,3.2472
2011-07-01 12:00:00,29.8,29,9.8,0.0,0.0,1.32,972.0,3.4992
2011-07-01 13:00:00,30.7,27,9.5,0.0,0.0,1.24,985.0,3.546
2011-07-01 14:00:00,30.7,27,9.3,0.0,0.0,1.21,936.0,3.3695999999999997
2011-07-01 15:00:00,31.2,26,9.1,0.0,0.0,1.44,836.0,3.0096
2011-07-01 16:00:00,31.3,25,9.1,0.0,0.0,1.49,689.0,2.4804
2011-07-01 17:00:00,30.9,27,9.7,0.0,0.0,0.82,506.0,1.8215999999999999
2011-07-01 18:00:00,29.7,36,13.0,0.0,0.0,1.35,315.0,1.134
2011-07-01 19:00:00,27.6,57,18.4,0.0,0.0,2.24,131.0,0.47159999999999996
2011-07-01 20:00:00,25.1,49,13.7,0.0,0.0,2.32,13.0,0.0468
2011-07-01 21:00:00,22.9,58,14.2,0.0,0.0,1.73,0.0,0.0
2011-07-01 22:00:00,21.6,66,14.9,0.0,0.0,1.4,0.0,0.0
2011-07-01 23:00:00,21.6,65,14.8,0.0,0.0,1.99,0.0,0.0
2011-07-02 00:00:00,22.8,60,14.6,0.0,0.0,1.26,0.0,0.0
2011-07-02 01:00:00,22.6,62,15.0,0.0,0.0,0.45,0.0,0.0
2011-07-02 02:00:00,22.0,63,14.6,0.0,0.0,0.22,0.0,0.0
2011-07-02 03:00:00,21.1,68,14.9,0.0,0.0,0.64,0.0,0.0
2011-07-02 04:00:00,19.3,76,15.0,0.0,0.0,0.94,0.0,0.0
2011-07-02 05:00:00,18.3,81,14.9,0.0,0.0,0.71,1.0,0.0036
2011-07-02 06:00:00,19.7,76,15.2,0.0,0.0,0.7,71.0,0.2556
2011-07-02 07:00:00,22.9,60,14.7,0.0,0.0,0.45,239.0,0.8603999999999999
2011-07-02 08:00:00,25.9,44,12.6,0.0,0.0,0.99,428.0,1.5408
2011-07-02 09:00:00,28.0,34,10.8,0.0,0.0,1.2,607.0,2.1852
2011-07-02 10:00:00,29.7,30,10.3,0.0,0.0,0.64,772.0,2.7792
2011-07-02 11:00:00,31.0,28,10.2,0.0,0.0,0.36,899.0,3.2363999999999997
2011-07-02 12:00:00,31.9,26,9.9,0.0,0.0,0.5,965.0,3.4739999999999998
2011-07-02 13:00:00,32.7,24,9.7,0.0,0.0,0.45,967.0,3.4812
2011-07-02 14:00:00,32.9,26,11.1,0.0,0.0,0.51,938.0,3.3768
2011-07-02 15:00:00,33.3,26,11.1,0.0,0.0,0.92,818.0,2.9448
2011-07-02 16:00:00,33.2,26,11.4,0.0,0.0,1.68,683.0,2.4588
2011-07-02 17:00:00,32.4,29,12.1,0.0,0.0,1.41,494.0,1.7784
2011-07-02 18:00:00,30.6,35,13.5,0.0,0.0,2.33,232.0,0.8351999999999999
2011-07-02 19:00:00,28.6,45,15.5,0.0,0.0,2.91,112.0,0.4032
2011-07-02 20:00:00,26.6,50,15.2,0.0,0.0,3.03,11.0,0.039599999999999996
2011-07-02 21:00:00,25.4,54,15.5,0.0,0.0,2.9,0.0,0.0
2011-07-02 22:00:00,24.6,58,15.9,0.0,0.0,2.82,0.0,0.0
2011-07-02 23:00:00,23.6,67,17.0,0.0,0.0,2.95,0.0,0.0
2011-07-03 00:00:00,22.8,75,18.2,0.0,0.0,2.59,0.0,0.0
2011-07-03 01:00:00,22.8,77,18.5,0.1,0.0,2.48,0.0,0.0
2011-07-03 02:00:00,22.3,79,18.6,0.0,0.0,2.1,0.0,0.0
2011-07-03 03:00:00,22.3,80,18.6,0.0,0.0,1.7,0.0,0.0
2011-07-03 04:00:00,21.7,82,18.5,0.2,0.0,1.02,0.0,0.0
2011-07-03 05:00:00,21.6,82,18.4,0.8,0.0,0.57,0.0,0.0
2011-07-03 06:00:00,21.4,89,19.4,0.3,0.0,2.01,19.0,0.0684
2011-07-03 07:00:00,22.0,85,19.4,0.0,0.0,2.21,88.0,0.31679999999999997
2011-07-03 08:00:00,24.0,76,19.5,0.0,0.0,1.53,240.0,0.864
2011-07-03 09:00:00,24.8,70,19.1,0.0,0.0,1.17,281.0,1.0116
2011-07-03 10:00:00,26.0,65,18.9,0.1,0.0,1.61,349.0,1.2564
2011-07-03 11:00:00,26.3,63,18.6,0.4,0.0,1.26,290.0,1.044
2011-07-03 12:00:00,27.5,56,17.9,0.0,0.0,1.41,378.0,1.3608
2011-07-03 13:00:00,29.8,50,18.4,0.0,0.0,1.4,616.0,2.2176
2011-07-03 14:00:00,33.0,46,19.8,0.0,0.0,1.94,808.0,2.9088
2011-07-03 15:00:00,34.1,42,19.5,0.0,0.0,2.35,736.0,2.6496
2011-07-03 16:00:00,34.6,41,19.3,0.0,0.0,2.45,627.0,2.2572
2011-07-03 17:00:00,34.4,39,18.5,0.2,0.0,1.5,441.0,1.5876
2011-07-03 18:00:00,30.2,52,19.4,1.7,0.0,2.26,228.0,0.8208
2011-07-03 19:00:00,25.6,83,22.5,2.8,0.0,1.4,54.0,0.1944
2011-07-03 20:00:00,24.7,89,22.8,0.2,0.0,1.2,7.0,0.0252
2011-07-03 21:00:00,24.5,92,23.0,0.0,0.0,1.33,0.0,0.0
2011-07-03 22:00:00,24.2,90,22.5,0.0,0.0,1.65,0.0,0.0
2011-07-03 23:00:00,23.6,92,22.3,0.0,0.0,1.94,0.0,0.0
2011-07-04 00:00:00,23.3,94,22.2,0.0,0.0,2.94,0.0,0.0
2011-07-04 01:00:00,23.0,94,22.0,0.0,0.0,2.77,0.0,0.0
2011-07-04 02:00:00,23.2,81,19.9,0.0,0.0,2.24,0.0,0.0
2011-07-04 03:00:00,22.9,82,19.7,0.0,0.0,2.25,0.0,0.0
2011-07-04 04:00:00,22.7,82,19.5,0.0,0.0,2.69,0.0,0.0
2011-07-04 05:00:00,22.5,84,19.6,0.0,0.0,2.0,0.0,0.0
2011-07-04 06:00:00,22.9,85,20.2,0.0,0.0,2.02,56.0,0.2016
2011-07-04 07:00:00,25.0,75,20.2,0.0,0.0,1.75,190.0,0.6839999999999999
2011-07-04 08:00:00,27.1,64,19.8,0.0,0.0,1.58,367.0,1.3212
2011-07-04 09:00:00,28.7,55,18.7,0.0,0.0,1.03,463.0,1.6668
2011-07-04 10:00:00,30.0,49,18.1,0.0,0.0,0.99,525.0,1.89
2011-07-04 11:00:00,31.0,47,18.2,0.0,0.0,0.78,599.0,2.1564
2011-07-04 12:00:00,31.8,45,18.4,0.0,0.0,0.51,653.0,2.3508
2011-07-04 13:00:00,31.9,45,18.3,0.0,0.0,0.42,554.0,1.9944
2011-07-04 14:00:00,31.3,45,17.9,0.0,0.0,0.3,682.0,2.4552
2011-07-04 15:00:00,31.6,43,17.6,0.0,0.0,0.41,549.0,1.9764
2011-07-04 16:00:00,32.0,42,17.6,0.0,0.0,1.25,439.0,1.5804
2011-07-04 17:00:00,31.4,43,17.5,0.0,0.0,0.45,307.0,1.1052
2011-07-04 18:00:00,30.0,48,17.8,0.0,0.0,0.6,130.0,0.46799999999999997
2011-07-04 19:00:00,28.8,55,18.8,0.0,0.0,0.92,80.0,0.288
2011-07-04 20:00:00,27.4,59,18.8,0.0,0.0,1.66,7.0,0.0252
2011-07-04 21:00:00,26.4,66,19.6,0.0,0.0,2.19,0.0,0.0
2011-07-04 22:00:00,25.7,70,19.8,0.0,0.0,2.05,0.0,0.0
2011-07-04 23:00:00,25.2,73,20.0,0.0,0.0,1.89,0.0,0.0
2011-07-05 00:00:00,24.6,77,20.2,0.0,0.0,1.58,0.0,0.0
2011-07-05 01:00:00,24.0,78,19.9,0.0,0.0,1.3,0.0,0.0
2011-07-05 02:00:00,23.3,87,21.1,0.2,0.0,1.32,0.0,0.0
2011-07-05 03:00:00,22.6,89,20.7,0.0,0.0,1.3,0.0,0.0
2011-07-05 04:00:00,22.4,89,20.5,0.1,0.0,1.3,0.0,0.0
2011-07-05 05:00:00,21.7,93,20.5,0.0,0.0,0.78,0.0,0.0
2011-07-05 06:00:00,22.5,92,21.0,0.0,0.0,1.12,46.0,0.1656
2011-07-05 07:00:00,23.8,86,21.3,0.0,0.0,1.08,185.0,0.666
2011-07-05 08:00:00,25.1,79,21.1,0.0,0.0,1.02,325.0,1.17
2011-07-05 09:00:00,27.2,67,20.5,0.0,0.0,0.94,544.0,1.9584
2011-07-05 10:00:00,28.8,58,19.8,0.0,0.0,0.7,685.0,2.4659999999999997
2011-07-05 11:00:00,29.8,53,19.2,0.0,0.0,0.5,698.0,2.5128
2011-07-05 12:00:00,30.5,50,18.8,0.0,0.0,0.54,751.0,2.7036
2011-07-05 13:00:00,30.8,49,18.7,0.0,0.0,0.4,641.0,2.3076
2011-07-05 14:00:00,31.2,44,17.4,0.0,0.0,0.6,606.0,2.1816
2011-07-05 15:00:00,31.6,43,17.4,0.0,0.0,0.63,599.0,2.1564
2011-07-05 16:00:00,31.6,42,17.2,0.0,0.0,0.67,466.0,1.6776
2011-07-05 17:00:00,31.2,44,17.5,0.0,0.0,0.22,301.0,1.0836
2011-07-05 18:00:00,30.5,47,17.9,0.0,0.0,0.63,199.0,0.7163999999999999
2011-07-05 19:00:00,29.0,55,19.1,0.0,0.0,1.26,113.0,0.4068
2011-07-05 20:00:00,27.5,63,19.7,0.0,0.0,1.52,11.0,0.039599999999999996
2011-07-05 21:00:00,26.3,72,20.7,0.0,0.0,1.73,0.0,0.0
2011-07-05 22:00:00,25.5,78,21.4,0.0,0.0,1.9,0.0,0.0
2011-07-05 23:00:00,24.7,85,21.9,0.0,0.0,1.7,0.0,0.0
2011-07-06 00:00:00,23.9,90,22.2,0.0,0.0,1.53,0.0,0.0
2011-07-06 01:00:00,23.1,93,22.0,0.0,0.0,1.57,0.0,0.0
2011-07-06 02:00:00,22.9,90,21.2,0.0,0.0,1.56,0.0,0.0
2011-07-06 03:00:00,22.7,89,20.8,0.0,0.0,1.26,0.0,0.0
2011-07-06 04:00:00,22.5,88,20.5,0.0,0.0,1.2,0.0,0.0
2011-07-06 05:00:00,22.1,88,20.1,0.0,0.0,1.2,0.0,0.0
2011-07-06 06:00:00,23.3,83,20.3,0.0,0.0,1.12,59.0,0.2124
2011-07-06 07:00:00,25.9,69,19.7,0.0,0.0,0.85,187.0,0.6732
2011-07-06 08:00:00,28.2,57,18.8,0.0,0.0,1.12,327.0,1.1772
2011-07-06 09:00:00,30.2,47,17.6,0.0,0.0,1.63,491.0,1.7676
2011-07-06 10:00:00,31.7,41,17.0,0.0,0.0,1.36,700.0,2.52
2011-07-06 11:00:00,32.6,38,16.6,0.0,0.0,1.41,773.0,2.7828
2011-07-06 12:00:00,33.1,37,16.5,0.0,0.0,1.2,770.0,2.772
2011-07-06 13:00:00,33.6,37,16.8,0.0,0.0,1.71,756.0,2.7216
2011-07-06 14:00:00,28.6,65,21.4,0.0,0.0,2.22,592.0,2.1311999999999998
2011-07-06 15:00:00,29.8,59,21.0,0.0,0.0,2.77,698.0,2.5128
2011-07-06 16:00:00,30.3,58,21.1,0.0,0.0,2.79,631.0,2.2716
2011-07-06 17:00:00,30.1,59,21.3,0.0,0.0,1.87,431.0,1.5515999999999999
2011-07-06 18:00:00,28.4,68,22.0,0.5,0.0,1.9,253.0,0.9107999999999999
2011-07-06 19:00:00,27.7,73,22.5,0.0,0.0,2.4,106.0,0.3816
2011-07-06 20:00:00,26.7,79,22.7,0.0,0.0,2.41,9.0,0.0324
2011-07-06 21:00:00,25.8,85,23.0,0.0,0.0,2.45,0.0,0.0
2011-07-06 22:00:00,25.3,88,23.2,0.0,0.0,2.42,0.0,0.0
2011-07-06 23:00:00,24.9,90,23.1,0.0,0.0,2.44,0.0,0.0
2011-07-07 00:00:00,24.4,91,22.8,0.0,0.0,2.48,0.0,0.0
2011-07-07 01:00:00,23.8,92,22.4,0.0,0.0,2.33,0.0,0.0
2011-07-07 02:00:00,23.0,93,21.9,0.0,0.0,1.94,0.0,0.0
2011-07-07 03:00:00,22.3,95,21.5,0.0,0.0,1.75,0.0,0.0
2011-07-07 04:00:00,21.7,97,21.2,0.0,0.0,1.64,0.0,0.0
2011-07-07 05:00:00,21.2,98,20.8,0.0,0.0,1.56,0.0,0.0
2011-07-07 06:00:00,22.1,96,21.5,0.0,0.0,1.8,60.0,0.216
2011-07-07 07:00:00,24.9,84,22.0,0.0,0.0,1.43,215.0,0.774
2011-07-07 08:00:00,27.3,71,21.5,0.0,0.0,1.04,402.0,1.4472
2011-07-07 09:00:00,29.8,56,19.9,0.0,0.0,1.21,553.0,1.9908
2011-07-07 10:00:00,31.9,44,18.0,0.0,0.0,1.22,726.0,2.6136
2011-07-07 11:00:00,33.5,37,16.7,0.0,0.0,0.85,863.0,3.1068
2011-07-07 12:00:00,34.3,34,16.0,0.0,0.0,0.81,815.0,2.9339999999999997
2011-07-07 13:00:00,34.5,33,15.7,0.0,0.0,1.26,733.0,2.6388
2011-07-07 14:00:00,34.3,40,18.7,0.0,0.0,1.6,736.0,2.6496
2011-07-07 15:00:00,34.2,39,18.3,0.0,0.0,1.9,673.0,2.4228
2011-07-07 16:00:00,33.4,41,18.5,0.0,0.0,2.11,445.0,1.6019999999999999
2011-07-07 17:00:00,32.2,46,19.1,0.0,0.0,1.32,354.0,1.2744
2011-07-07 18:00:00,30.6,54,20.3,0.2,0.0,1.66,222.0,0.7992
2011-07-07 19:00:00,28.9,66,21.8,0.0,0.0,1.94,82.0,0.2952
2011-07-07 20:00:00,28.2,71,22.4,0.5,0.0,2.69,7.0,0.0252
2011-07-07 21:00:00,27.2,77,22.9,0.1,0.0,2.77,0.0,0.0
2011-07-07 22:00:00,26.4,82,23.0,0.0,0.0,2.52,0.0,0.0
2011-07-07 23:00:00,25.9,84,22.9,0.0,0.0,2.28,0.0,0.0
2011-07-08 00:00:00,25.3,85,22.7,0.0,0.0,2.0,0.0,0.0
2011-07-08 01:00:00,24.8,87,22.5,0.0,0.0,2.0,0.0,0.0
2011-07-08 02:00:00,24.4,87,22.1,0.0,0.0,2.2,0.0,0.0
2011-07-08 03:00:00,24.1,89,22.2,0.0,0.0,2.3,0.0,0.0
2011-07-08 04:00:00,23.7,92,22.3,0.0,0.0,2.14,0.0,0.0
2011-07-08 05:00:00,23.2,94,22.3,0.0,0.0,0.82,0.0,0.0
2011-07-08 06:00:00,24.1,92,22.6,0.0,0.0,1.58,53.0,0.1908
2011-07-08 07:00:00,25.8,82,22.5,0.0,0.0,2.09,203.0,0.7308
2011-07-08 08:00:00,27.3,74,22.1,0.0,0.0,2.24,365.0,1.314
2011-07-08 09:00:00,29.0,65,21.7,0.0,0.0,2.52,537.0,1.9332
2011-07-08 10:00:00,30.3,59,21.4,0.0,0.0,2.43,644.0,2.3184
2011-07-08 11:00:00,31.8,55,21.5,0.0,0.0,2.32,781.0,2.8116
2011-07-08 12:00:00,32.1,53,21.4,0.2,0.0,3.0,788.0,2.8367999999999998
2011-07-08 13:00:00,27.7,77,23.3,5.1,0.0,2.96,481.0,1.7316
2011-07-08 14:00:00,29.6,66,22.6,1.3,0.0,1.97,351.0,1.2636
2011-07-08 15:00:00,26.0,83,22.9,9.1,0.0,2.51,218.0,0.7847999999999999
2011-07-08 16:00:00,24.8,92,23.3,5.1,0.0,2.0,103.0,0.37079999999999996
2011-07-08 17:00:00,24.4,94,23.3,1.6,0.0,2.02,54.0,0.1944
2011-07-08 18:00:00,24.2,93,23.0,0.6,0.0,1.98,62.0,0.22319999999999998
2011-07-08 19:00:00,24.1,94,23.1,0.1,0.0,1.57,38.0,0.1368
2011-07-08 20:00:00,23.6,98,23.2,0.1,0.0,2.46,4.0,0.0144
2011-07-08 21:00:00,23.2,98,22.9,0.0,0.0,2.47,0.0,0.0
2011-07-08 22:00:00,22.7,97,22.1,0.0,0.0,2.66,0.0,0.0
2011-07-08 23:00:00,22.0,95,21.1,0.0,0.0,2.77,0.0,0.0
2011-07-09 00:00:00,21.3,92,20.0,0.0,0.0,2.69,0.0,0.0
2011-07-09 01:00:00,20.7,90,19.0,0.0,0.0,2.69,0.0,0.0
2011-07-09 02:00:00,21.4,91,19.9,0.0,0.0,2.41,0.0,0.0
2011-07-09 03:00:00,21.1,89,19.2,0.0,0.0,2.34,0.0,0.0
2011-07-09 04:00:00,20.8,88,18.6,0.0,0.0,2.48,0.0,0.0
2011-07-09 05:00:00,20.4,88,18.3,0.0,0.0,2.11,0.0,0.0
2011-07-09 06:00:00,20.7,88,18.7,0.0,0.0,2.51,58.0,0.20879999999999999
2011-07-09 07:00:00,22.3,83,19.3,0.0,0.0,2.51,216.0,0.7776
2011-07-09 08:00:00,24.2,75,19.4,0.0,0.0,2.62,405.0,1.458
2011-07-09 09:00:00,26.0,65,19.0,0.0,0.0,2.96,594.0,2.1384
2011-07-09 10:00:00,27.7,56,18.3,0.0,0.0,3.29,747.0,2.6892
2011-07-09 11:00:00,29.1,49,17.4,0.0,0.0,3.14,869.0,3.1284
2011-07-09 12:00:00,30.3,43,16.4,0.0,0.0,2.88,932.0,3.3552
2011-07-09 13:00:00,31.3,39,15.5,0.0,0.0,2.69,957.0,3.4452
2011-07-09 14:00:00,31.4,37,14.9,0.0,0.0,2.38,909.0,3.2723999999999998
2011-07-09 15:00:00,31.8,36,14.7,0.0,0.0,2.09,815.0,2.9339999999999997
2011-07-09 16:00:00,31.8,35,14.6,0.0,0.0,1.96,675.0,2.4299999999999997
2011-07-09 17:00:00,31.6,37,15.1,0.0,0.0,0.82,499.0,1.7964
2011-07-09 18:00:00,30.5,46,17.7,0.0,0.0,0.81,307.0,1.1052
2011-07-09 19:00:00,29.1,55,19.0,0.0,0.0,1.49,125.0,0.45
2011-07-09 20:00:00,26.5,65,19.4,0.0,0.0,1.58,11.0,0.039599999999999996
2011-07-09 21:00:00,25.4,68,19.1,0.0,0.0,1.5,0.0,0.0
2011-07-09 22:00:00,25.1,70,19.1,0.0,0.0,1.73,0.0,0.0
2011-07-09 23:00:00,23.2,80,19.6,0.0,0.0,2.2,0.0,0.0
2011-07-10 00:00:00,22.5,83,19.5,0.0,0.0,1.77,0.0,0.0
2011-07-10 01:00:00,22.6,82,19.4,0.0,0.0,1.97,0.0,0.0
2011-07-10 02:00:00,22.5,84,19.7,0.0,0.0,1.91,0.0,0.0
2011-07-10 03:00:00,22.8,84,19.9,0.0,0.0,1.2,0.0,0.0
2011-07-10 04:00:00,23.1,84,20.3,0.0,0.0,0.81,0.0,0.0
2011-07-10 05:00:00,22.6,88,20.5,0.0,0.0,1.72,0.0,0.0
2011-07-10 06:00:00,22.5,90,20.8,0.0,0.0,1.78,59.0,0.2124
2011-07-10 07:00:00,24.5,79,20.7,0.0,0.0,1.3,218.0,0.7847999999999999
2011-07-10 08:00:00,26.7,66,19.8,0.0,0.0,1.1,407.0,1.4652
2011-07-10 09:00:00,28.6,55,18.7,0.0,0.0,1.06,591.0,2.1276
2011-07-10 10:00:00,30.2,46,17.4,0.0,0.0,1.24,749.0,2.6964
2011-07-10 11:00:00,31.4,41,16.5,0.0,0.0,1.3,868.0,3.1248
2011-07-10 12:00:00,32.3,37,16.0,0.0,0.0,1.4,922.0,3.3192
2011-07-10 13:00:00,32.6,36,15.5,0.0,0.0,1.5,785.0,2.826
2011-07-10 14:00:00,31.9,43,17.6,0.0,0.0,1.65,700.0,2.52
2011-07-10 15:00:00,31.6,43,17.5,0.0,0.0,1.92,425.0,1.53
2011-07-10 16:00:00,31.5,44,17.6,0.0,0.0,2.24,406.0,1.4616
2011-07-10 17:00:00,30.8,46,18.0,0.0,0.0,2.06,257.0,0.9252
2011-07-10 18:00:00,30.1,49,18.2,0.0,0.0,2.24,223.0,0.8028
2011-07-10 19:00:00,28.6,56,19.0,0.0,0.0,2.52,112.0,0.4032
2011-07-10 20:00:00,27.1,60,18.7,0.0,0.0,2.73,10.0,0.036
2011-07-10 21:00:00,26.0,66,19.2,0.0,0.0,2.82,0.0,0.0
2011-07-10 22:00:00,25.2,71,19.6,0.0,0.0,3.01,0.0,0.0
2011-07-10 23:00:00,24.6,75,19.8,0.0,0.0,3.1,0.0,0.0
2011-07-11 00:00:00,23.9,78,19.9,0.0,0.0,2.98,0.0,0.0
2011-07-11 01:00:00,23.3,81,20.0,0.0,0.0,2.82,0.0,0.0
2011-07-11 02:00:00,23.0,85,20.3,0.0,0.0,2.82,0.0,0.0
2011-07-11 03:00:00,22.6,87,20.3,0.0,0.0,2.73,0.0,0.0
2011-07-11 04:00:00,22.3,88,20.2,0.0,0.0,2.66,0.0,0.0
2011-07-11 05:00:00,22.0,90,20.2,0.0,0.0,2.55,0.0,0.0
2011-07-11 06:00:00,22.7,88,20.6,0.0,0.0,2.89,55.0,0.19799999999999998
2011-07-11 07:00:00,24.9,78,20.8,0.0,0.0,2.86,209.0,0.7524
2011-07-11 08:00:00,26.9,69,20.8,0.0,0.0,3.0,395.0,1.422
2011-07-11 09:00:00,29.0,62,21.0,0.0,0.0,2.95,575.0,2.07
2011-07-11 10:00:00,30.9,56,21.1,0.0,0.0,3.0,727.0,2.6172
2011-07-11 11:00:00,32.3,50,20.7,0.0,0.0,3.14,853.0,3.0707999999999998
2011-07-11 12:00:00,32.5,50,20.7,0.0,0.0,3.18,609.0,2.1924
2011-07-11 13:00:00,33.0,49,20.8,0.0,0.0,3.19,691.0,2.4876
2011-07-11 14:00:00,33.3,49,21.0,0.0,0.0,3.41,661.0,2.3796
2011-07-11 15:00:00,33.6,48,21.0,0.0,0.0,3.84,692.0,2.4912
2011-07-11 16:00:00,33.5,47,20.7,0.0,0.0,4.0,518.0,1.8648
2011-07-11 17:00:00,33.2,48,20.8,0.0,0.0,3.88,293.0,1.0548
2011-07-11 18:00:00,32.6,51,21.1,0.0,0.0,3.84,197.0,0.7091999999999999
2011-07-11 19:00:00,31.2,57,21.6,0.0,0.0,3.14,107.0,0.3852
2011-07-11 20:00:00,29.8,61,21.5,0.0,0.0,3.42,9.0,0.0324
2011-07-11 21:00:00,29.0,65,21.9,0.0,0.0,4.18,0.0,0.0
2011-07-11 22:00:00,28.4,69,22.2,0.0,0.0,3.38,0.0,0.0
2011-07-11 23:00:00,28.0,71,22.3,0.0,0.0,3.22,0.0,0.0
2011-07-12 00:00:00,27.7,72,22.3,0.0,0.0,2.88,0.0,0.0
2011-07-12 01:00:00,27.3,74,22.2,0.0,0.0,2.65,0.0,0.0
2011-07-12 02:00:00,25.9,78,21.7,0.0,0.0,2.33,0.0,0.0
2011-07-12 03:00:00,25.5,76,21.1,0.0,0.0,2.5,0.0,0.0
2011-07-12 04:00:00,25.4,75,20.6,0.0,0.0,2.28,0.0,0.0
2011-07-12 05:00:00,25.3,77,21.0,0.0,0.0,4.36,0.0,0.0
2011-07-12 06:00:00,25.7,80,21.9,0.0,0.0,3.69,44.0,0.15839999999999999
2011-07-12 07:00:00,27.5,75,22.7,0.0,0.0,3.56,196.0,0.7056
2011-07-12 08:00:00,29.3,68,22.7,0.0,0.0,4.5,379.0,1.3644
2011-07-12 09:00:00,30.9,60,22.1,0.0,0.0,3.72,526.0,1.8936
2011-07-12 10:00:00,32.0,55,21.9,0.0,0.0,3.14,600.0,2.16
2011-07-12 11:00:00,33.5,51,21.9,0.0,0.0,3.89,754.0,2.7144
2011-07-12 12:00:00,34.6,46,21.4,0.0,0.0,3.92,862.0,3.1031999999999997
2011-07-12 13:00:00,35.5,43,20.9,0.0,0.0,4.05,837.0,3.0132
2011-07-12 14:00:00,33.8,49,21.4,0.0,0.0,3.89,722.0,2.5991999999999997
2011-07-12 15:00:00,34.7,44,20.8,0.0,0.0,3.83,669.0,2.4084
2011-07-12 16:00:00,35.1,41,20.0,0.0,0.0,3.86,592.0,2.1311999999999998
2011-07-12 17:00:00,34.9,40,19.2,0.0,0.0,3.18,398.0,1.4327999999999999
2011-07-12 18:00:00,34.4,40,18.8,0.0,0.0,3.12,270.0,0.972
2011-07-12 19:00:00,32.7,47,20.0,0.0,0.0,2.76,115.0,0.414
2011-07-12 20:00:00,30.9,47,18.4,0.0,0.0,2.91,9.0,0.0324
2011-07-12 21:00:00,30.0,49,18.2,0.0,0.0,3.06,0.0,0.0
2011-07-12 22:00:00,29.2,51,17.9,0.0,0.0,3.26,0.0,0.0
2011-07-12 23:00:00,28.5,52,17.8,0.0,0.0,3.32,0.0,0.0
2011-07-13 00:00:00,27.8,55,18.1,0.0,0.0,3.12,0.0,0.0
2011-07-13 01:00:00,27.2,59,18.4,0.0,0.0,3.2,0.0,0.0
2011-07-13 02:00:00,26.6,63,19.0,0.0,0.0,2.9,0.0,0.0
2011-07-13 03:00:00,25.8,67,19.3,0.0,0.0,2.41,0.0,0.0
2011-07-13 04:00:00,24.9,72,19.6,0.0,0.0,2.19,0.0,0.0
2011-07-13 05:00:00,24.0,80,20.3,0.0,0.0,1.84,0.0,0.0
2011-07-13 06:00:00,24.4,82,21.1,0.0,0.0,2.28,53.0,0.1908
2011-07-13 07:00:00,27.7,62,19.8,0.0,0.0,1.56,200.0,0.72
2011-07-13 08:00:00,29.5,53,19.0,0.0,0.0,1.24,392.0,1.4112
2011-07-13 09:00:00,31.0,46,18.1,0.0,0.0,1.0,565.0,2.034
2011-07-13 10:00:00,32.5,42,17.9,0.0,0.0,2.33,692.0,2.4912
2011-07-13 11:00:00,33.4,39,17.4,0.0,0.0,2.22,734.0,2.6424
2011-07-13 12:00:00,33.6,38,17.5,0.0,0.0,2.28,626.0,2.2536
2011-07-13 13:00:00,34.4,38,17.9,0.0,0.0,2.15,714.0,2.5704
2011-07-13 14:00:00,32.6,45,19.1,0.5,0.0,3.69,571.0,2.0556
2011-07-13 15:00:00,26.4,81,22.8,4.3,0.0,3.79,180.0,0.648
2011-07-13 16:00:00,25.5,86,23.0,1.5,0.0,2.12,128.0,0.4608
2011-07-13 17:00:00,25.4,83,22.4,0.1,0.0,0.94,133.0,0.4788
2011-07-13 18:00:00,25.1,84,22.2,0.0,0.0,0.22,152.0,0.5472
2011-07-13 19:00:00,25.1,85,22.3,0.0,0.0,0.63,89.0,0.3204
2011-07-13 20:00:00,24.6,87,22.2,0.0,0.0,0.99,9.0,0.0324
2011-07-13 21:00:00,23.7,93,22.4,0.0,0.0,1.3,0.0,0.0
2011-07-13 22:00:00,22.8,96,22.1,0.0,0.0,1.61,0.0,0.0
2011-07-13 23:00:00,22.5,94,21.6,0.0,0.0,2.86,0.0,0.0
2011-07-14 00:00:00,22.9,76,18.4,0.0,0.0,3.96,0.0,0.0
2011-07-14 01:00:00,22.5,62,14.9,0.0,0.0,4.08,0.0,0.0
2011-07-14 02:00:00,22.2,56,12.9,0.0,0.0,3.96,0.0,0.0
2011-07-14 03:00:00,21.6,55,12.0,0.0,0.0,3.91,0.0,0.0
2011-07-14 04:00:00,20.9,55,11.4,0.0,0.0,3.86,0.0,0.0
2011-07-14 05:00:00,20.2,58,11.6,0.0,0.0,3.64,0.0,0.0
2011-07-14 06:00:00,20.0,62,12.5,0.0,0.0,3.35,56.0,0.2016
2011-07-14 07:00:00,21.1,58,12.4,0.0,0.0,4.14,217.0,0.7812
2011-07-14 08:00:00,22.5,54,12.6,0.0,0.0,4.44,406.0,1.4616
2011-07-14 09:00:00,24.1,48,12.3,0.0,0.0,4.14,597.0,2.1492
2011-07-14 10:00:00,25.6,42,11.9,0.0,0.0,3.61,762.0,2.7432
2011-07-14 11:00:00,27.0,38,11.5,0.0,0.0,3.11,884.0,3.1824
2011-07-14 12:00:00,28.1,35,11.3,0.0,0.0,2.8,956.0,3.4415999999999998
2011-07-14 13:00:00,28.9,33,11.1,0.0,0.0,2.68,970.0,3.492
2011-07-14 14:00:00,28.9,33,11.0,0.0,0.0,2.72,913.0,3.2868
2011-07-14 15:00:00,29.1,33,11.1,0.0,0.0,2.71,815.0,2.9339999999999997
2011-07-14 16:00:00,28.8,33,11.2,0.0,0.0,2.75,673.0,2.4228
2011-07-14 17:00:00,28.3,35,11.3,0.0,0.0,1.84,500.0,1.8
2011-07-14 18:00:00,27.5,37,11.4,0.0,0.0,1.78,300.0,1.08
2011-07-14 19:00:00,26.0,44,12.9,0.0,0.0,1.88,119.0,0.4284
2011-07-14 20:00:00,24.3,49,12.8,0.0,0.0,2.41,9.0,0.0324
2011-07-14 21:00:00,23.2,55,13.7,0.0,0.0,2.59,0.0,0.0
2011-07-14 22:00:00,22.2,62,14.5,0.0,0.0,2.33,0.0,0.0
2011-07-14 23:00:00,21.5,67,15.1,0.0,0.0,2.25,0.0,0.0
2011-07-15 00:00:00,20.9,75,16.2,0.0,0.0,2.47,0.0,0.0
2011-07-15 01:00:00,20.1,83,17.1,0.0,0.0,2.6,0.0,0.0
2011-07-15 02:00:00,19.5,83,16.6,0.0,0.0,2.4,0.0,0.0
2011-07-15 03:00:00,18.8,89,16.9,0.0,0.0,2.12,0.0,0.0
2011-07-15 04:00:00,18.4,91,17.0,0.0,0.0,1.88,0.0,0.0
2011-07-15 05:00:00,18.2,92,16.9,0.0,0.0,1.56,0.0,0.0
2011-07-15 06:00:00,18.9,91,17.4,0.0,0.0,1.5,49.0,0.1764
2011-07-15 07:00:00,21.6,74,16.7,0.0,0.0,1.7,205.0,0.738
2011-07-15 08:00:00,23.3,62,15.6,0.0,0.0,1.98,392.0,1.4112
2011-07-15 09:00:00,25.1,52,14.5,0.0,0.0,2.06,583.0,2.0987999999999998
2011-07-15 10:00:00,26.7,46,14.0,0.0,0.0,1.77,744.0,2.6784
2011-07-15 11:00:00,28.0,40,13.3,0.0,0.0,2.04,869.0,3.1284
2011-07-15 12:00:00,28.9,37,12.6,0.0,0.0,2.41,871.0,3.1355999999999997
2011-07-15 13:00:00,28.6,37,12.3,0.0,0.0,2.71,541.0,1.9476
2011-07-15 14:00:00,26.5,50,15.4,0.0,0.0,3.01,515.0,1.8539999999999999
2011-07-15 15:00:00,27.3,46,14.6,0.0,0.0,3.0,623.0,2.2428
2011-07-15 16:00:00,27.5,43,13.8,0.0,0.0,2.9,502.0,1.8072
2011-07-15 17:00:00,27.2,42,13.3,0.0,0.0,2.72,362.0,1.3032
2011-07-15 18:00:00,26.5,43,13.0,0.0,0.0,2.52,241.0,0.8675999999999999
2011-07-15 19:00:00,25.5,48,13.7,0.0,0.0,2.21,101.0,0.3636
2011-07-15 20:00:00,24.1,51,13.3,0.0,0.0,2.31,8.0,0.0288
2011-07-15 21:00:00,23.0,56,13.6,0.0,0.0,2.3,0.0,0.0
2011-07-15 22:00:00,22.3,60,14.0,0.0,0.0,2.5,0.0,0.0
2011-07-15 23:00:00,21.4,66,14.8,0.0,0.0,2.6,0.0,0.0
2011-07-16 00:00:00,20.7,73,15.7,0.0,0.0,2.31,0.0,0.0
2011-07-16 01:00:00,20.0,79,16.3,0.0,0.0,1.8,0.0,0.0
2011-07-16 02:00:00,19.0,87,16.8,0.0,0.0,1.57,0.0,0.0
2011-07-16 03:00:00,18.3,90,16.7,0.0,0.0,1.66,0.0,0.0
2011-07-16 04:00:00,17.9,91,16.5,0.0,0.0,1.66,0.0,0.0
2011-07-16 05:00:00,17.6,92,16.3,0.0,0.0,1.7,0.0,0.0
2011-07-16 06:00:00,18.5,91,16.9,0.0,0.0,2.16,52.0,0.1872
2011-07-16 07:00:00,21.9,73,16.9,0.0,0.0,2.12,209.0,0.7524
2011-07-16 08:00:00,23.9,62,16.3,0.0,0.0,2.39,399.0,1.4364
2011-07-16 09:00:00,25.8,53,15.6,0.0,0.0,2.22,586.0,2.1096
2011-07-16 10:00:00,27.4,46,14.7,0.0,0.0,2.34,755.0,2.718
2011-07-16 11:00:00,28.3,42,14.1,0.0,0.0,2.94,770.0,2.772
2011-07-16 12:00:00,28.9,39,13.7,0.0,0.0,3.34,758.0,2.7288
2011-07-16 13:00:00,29.6,37,13.3,0.0,0.0,3.47,777.0,2.7972
2011-07-16 14:00:00,28.8,41,14.4,0.0,0.0,3.54,574.0,2.0664
2011-07-16 15:00:00,28.6,42,14.6,0.0,0.0,3.59,400.0,1.44
2011-07-16 16:00:00,28.6,43,14.7,0.0,0.0,3.47,402.0,1.4472
2011-07-16 17:00:00,28.3,43,14.5,0.0,0.0,3.1,329.0,1.1844
2011-07-16 18:00:00,27.7,45,14.8,0.0,0.0,3.1,171.0,0.6156
2011-07-16 19:00:00,26.8,50,15.6,0.0,0.0,2.5,90.0,0.324
2011-07-16 20:00:00,25.6,54,15.6,0.0,0.0,2.66,6.0,0.0216
2011-07-16 21:00:00,24.8,59,16.2,0.0,0.0,2.66,0.0,0.0
2011-07-16 22:00:00,23.9,64,16.7,0.0,0.0,2.57,0.0,0.0
2011-07-16 23:00:00,23.0,69,17.1,0.0,0.0,2.41,0.0,0.0
2011-07-17 00:00:00,22.1,74,17.2,0.0,0.0,2.3,0.0,0.0
2011-07-17 01:00:00,21.3,77,17.2,0.0,0.0,2.32,0.0,0.0
2011-07-17 02:00:00,20.8,81,17.4,0.0,0.0,2.43,0.0,0.0
2011-07-17 03:00:00,20.5,81,17.1,0.0,0.0,2.5,0.0,0.0
2011-07-17 04:00:00,20.5,80,16.9,0.0,0.0,2.53,0.0,0.0
2011-07-17 05:00:00,20.4,81,17.0,0.0,0.0,1.71,0.0,0.0
2011-07-17 06:00:00,20.9,81,17.5,0.0,0.0,2.02,44.0,0.15839999999999999
2011-07-17 07:00:00,22.8,70,17.0,0.0,0.0,2.15,167.0,0.6012
2011-07-17 08:00:00,24.5,62,16.7,0.0,0.0,2.14,330.0,1.188
2011-07-17 09:00:00,26.3,55,16.7,0.0,0.0,2.02,501.0,1.8035999999999999
2011-07-17 10:00:00,28.0,50,16.5,0.0,0.0,2.15,637.0,2.2932
2011-07-17 11:00:00,29.3,45,16.3,0.0,0.0,2.37,724.0,2.6064
2011-07-17 12:00:00,30.6,41,15.8,0.0,0.0,2.3,833.0,2.9988
2011-07-17 13:00:00,30.9,39,15.4,0.0,0.0,2.16,664.0,2.3904
2011-07-17 14:00:00,31.0,42,16.4,0.0,0.0,2.1,545.0,1.962
2011-07-17 15:00:00,31.2,41,16.5,0.0,0.0,2.6,590.0,2.124
2011-07-17 16:00:00,30.9,43,16.8,0.0,0.0,3.18,450.0,1.6199999999999999
2011-07-17 17:00:00,30.6,44,16.8,0.0,0.0,3.31,376.0,1.3536
2011-07-17 18:00:00,29.6,47,17.1,0.0,0.0,3.14,223.0,0.8028
2011-07-17 19:00:00,28.4,52,17.7,0.0,0.0,2.62,106.0,0.3816
2011-07-17 20:00:00,27.0,56,17.5,0.0,0.0,2.83,8.0,0.0288
2011-07-17 21:00:00,26.0,60,17.7,0.0,0.0,2.98,0.0,0.0
2011-07-17 22:00:00,25.2,64,17.9,0.0,0.0,3.07,0.0,0.0
2011-07-17 23:00:00,24.4,67,17.9,0.0,0.0,3.0,0.0,0.0
2011-07-18 00:00:00,23.8,70,18.0,0.0,0.0,2.69,0.0,0.0
2011-07-18 01:00:00,23.2,73,18.1,0.0,0.0,2.56,0.0,0.0
2011-07-18 02:00:00,22.6,78,18.6,0.0,0.0,2.47,0.0,0.0
2011-07-18 03:00:00,22.0,81,18.6,0.0,0.0,2.25,0.0,0.0
2011-07-18 04:00:00,21.3,85,18.7,0.0,0.0,1.98,0.0,0.0
2011-07-18 05:00:00,20.8,88,18.7,0.0,0.0,1.72,0.0,0.0
2011-07-18 06:00:00,21.4,88,19.2,0.0,0.0,1.72,47.0,0.1692
2011-07-18 07:00:00,24.3,71,18.8,0.0,0.0,1.94,199.0,0.7163999999999999
2011-07-18 08:00:00,26.6,63,19.0,0.0,0.0,1.75,386.0,1.3896
2011-07-18 09:00:00,29.0,55,19.2,0.0,0.0,1.3,571.0,2.0556
2011-07-18 10:00:00,31.0,48,18.7,0.0,0.0,0.91,732.0,2.6351999999999998
2011-07-18 11:00:00,32.5,42,17.9,0.0,0.0,0.92,852.0,3.0671999999999997
2011-07-18 12:00:00,33.7,38,17.4,0.0,0.0,1.12,928.0,3.3407999999999998
2011-07-18 13:00:00,34.6,35,17.1,0.0,0.0,1.28,937.0,3.3731999999999998
2011-07-18 14:00:00,33.9,47,20.9,0.0,0.0,2.25,804.0,2.8944
2011-07-18 15:00:00,34.1,46,20.7,0.0,0.0,3.19,684.0,2.4624
2011-07-18 16:00:00,34.0,45,20.5,0.0,0.0,3.41,566.0,2.0376
2011-07-18 17:00:00,32.7,49,20.5,0.3,0.0,3.11,368.0,1.3248
2011-07-18 18:00:00,32.4,48,20.1,0.0,0.0,3.26,183.0,0.6587999999999999
2011-07-18 19:00:00,31.2,52,20.3,0.0,0.0,2.94,95.0,0.34199999999999997
2011-07-18 20:00:00,30.0,55,20.0,0.0,0.0,3.14,6.0,0.0216
2011-07-18 21:00:00,29.0,58,20.0,0.0,0.0,3.2,0.0,0.0
2011-07-18 22:00:00,28.3,61,20.0,0.0,0.0,3.26,0.0,0.0
2011-07-18 23:00:00,27.6,63,20.0,0.0,0.0,3.06,0.0,0.0
2011-07-19 00:00:00,26.9,66,20.1,0.0,0.0,2.75,0.0,0.0
2011-07-19 01:00:00,26.3,69,20.1,0.0,0.0,2.6,0.0,0.0
2011-07-19 02:00:00,25.6,73,20.4,0.0,0.0,2.31,0.0,0.0
2011-07-19 03:00:00,24.9,77,20.5,0.0,0.0,2.14,0.0,0.0
2011-07-19 04:00:00,24.3,80,20.5,0.0,0.0,2.01,0.0,0.0
2011-07-19 05:00:00,24.0,82,20.7,0.0,0.0,2.16,0.0,0.0
2011-07-19 06:00:00,24.8,79,20.9,0.0,0.0,1.68,35.0,0.126
2011-07-19 07:00:00,27.0,67,20.3,0.0,0.0,1.4,127.0,0.4572
2011-07-19 08:00:00,28.1,66,21.3,0.0,0.0,1.68,237.0,0.8532
2011-07-19 09:00:00,29.0,65,21.9,0.0,0.0,1.72,330.0,1.188
2011-07-19 10:00:00,30.8,60,22.0,0.0,0.0,1.7,502.0,1.8072
2011-07-19 11:00:00,32.2,56,22.4,0.0,0.0,1.84,666.0,2.3975999999999997
2011-07-19 12:00:00,33.4,53,22.5,0.0,0.0,2.1,745.0,2.682
2011-07-19 13:00:00,34.3,49,22.1,0.1,0.0,2.22,725.0,2.61
2011-07-19 14:00:00,34.8,46,21.6,0.1,0.0,1.5,709.0,2.5524
2011-07-19 15:00:00,32.6,54,21.9,0.6,0.0,1.26,437.0,1.5732
2011-07-19 16:00:00,29.6,72,24.1,2.9,0.0,0.95,405.0,1.458
2011-07-19 17:00:00,28.2,80,24.5,2.5,0.0,1.2,302.0,1.0872
2011-07-19 18:00:00,28.0,80,24.2,0.1,0.0,1.56,146.0,0.5256
2011-07-19 19:00:00,27.5,83,24.4,0.0,0.0,1.02,61.0,0.2196
2011-07-19 20:00:00,26.9,85,24.2,0.5,0.0,2.09,5.0,0.018
2011-07-19 21:00:00,25.5,93,24.3,0.8,0.0,3.07,0.0,0.0
2011-07-19 22:00:00,25.0,96,24.3,0.0,0.0,2.02,0.0,0.0
2011-07-19 23:00:00,24.8,97,24.3,0.0,0.0,0.95,0.0,0.0
2011-07-20 00:00:00,24.5,99,24.2,0.0,0.0,0.64,0.0,0.0
2011-07-20 01:00:00,24.0,100,24.0,0.0,0.0,0.98,0.0,0.0
2011-07-20 02:00:00,24.7,99,24.6,0.0,0.0,1.14,0.0,0.0
2011-07-20 03:00:00,24.9,99,24.8,0.0,0.0,1.12,0.0,0.0
2011-07-20 04:00:00,24.9,99,24.8,0.0,0.0,1.17,0.0,0.0
2011-07-20 05:00:00,24.9,99,24.7,0.0,0.0,1.84,0.0,0.0
2011-07-20 06:00:00,25.0,99,24.8,0.1,0.0,1.41,11.0,0.039599999999999996
2011-07-20 07:00:00,25.4,95,24.5,0.2,0.0,1.7,71.0,0.2556
2011-07-20 08:00:00,26.3,89,24.4,0.1,0.0,2.0,181.0,0.6516
2011-07-20 09:00:00,27.6,82,24.2,0.1,0.0,1.26,370.0,1.332
2011-07-20 10:00:00,28.8,75,24.0,0.1,0.0,0.3,452.0,1.6272
2011-07-20 11:00:00,30.7,68,24.0,0.0,0.0,0.32,707.0,2.5452
2011-07-20 12:00:00,31.7,65,24.2,0.0,0.0,0.73,763.0,2.7468
2011-07-20 13:00:00,32.7,61,24.1,0.0,0.0,0.91,819.0,2.9484
2011-07-20 14:00:00,34.1,48,21.5,0.0,0.0,1.22,850.0,3.06
2011-07-20 15:00:00,34.5,45,21.0,0.0,0.0,1.49,750.0,2.6999999999999997
2011-07-20 16:00:00,34.1,46,21.0,0.0,0.0,1.89,543.0,1.9547999999999999
2011-07-20 17:00:00,33.0,51,21.6,0.0,0.0,2.05,369.0,1.3284
2011-07-20 18:00:00,31.7,59,22.7,0.0,0.0,2.48,211.0,0.7595999999999999
2011-07-20 19:00:00,30.3,68,23.8,0.0,0.0,2.5,86.0,0.3096
2011-07-20 20:00:00,29.1,74,24.0,0.0,0.0,2.55,5.0,0.018
2011-07-20 21:00:00,28.2,79,24.3,0.0,0.0,2.47,0.0,0.0
2011-07-20 22:00:00,27.4,83,24.4,0.0,0.0,2.53,0.0,0.0
2011-07-20 23:00:00,26.8,86,24.3,0.0,0.0,2.5,0.0,0.0
2011-07-21 00:00:00,26.2,89,24.3,0.0,0.0,2.4,0.0,0.0
2011-07-21 01:00:00,25.8,91,24.3,0.0,0.0,2.33,0.0,0.0
2011-07-21 02:00:00,25.4,94,24.4,0.0,0.0,2.02,0.0,0.0
2011-07-21 03:00:00,25.0,95,24.2,0.0,0.0,1.75,0.0,0.0
2011-07-21 04:00:00,24.6,96,24.0,0.0,0.0,1.61,0.0,0.0
2011-07-21 05:00:00,24.4,97,23.8,0.0,0.0,1.26,0.0,0.0
2011-07-21 06:00:00,25.0,96,24.4,0.0,0.0,1.52,41.0,0.1476
2011-07-21 07:00:00,27.7,84,24.7,0.0,0.0,1.28,184.0,0.6624
2011-07-21 08:00:00,29.7,74,24.5,0.0,0.0,1.2,369.0,1.3284
2011-07-21 09:00:00,32.0,63,24.0,0.0,0.0,1.49,552.0,1.9871999999999999
2011-07-21 10:00:00,33.8,53,22.8,0.0,0.0,2.27,707.0,2.5452
2011-07-21 11:00:00,34.7,48,22.1,0.0,0.0,2.78,689.0,2.4804
2011-07-21 12:00:00,35.7,44,21.6,0.0,0.0,3.02,775.0,2.79
2011-07-21 13:00:00,36.9,40,21.2,0.0,0.0,3.14,892.0,3.2112
2011-07-21 14:00:00,35.9,48,23.1,0.0,0.0,3.44,703.0,2.5307999999999997
2011-07-21 15:00:00,36.5,45,22.8,0.0,0.0,3.58,736.0,2.6496
2011-07-21 16:00:00,36.8,44,22.5,0.0,0.0,3.52,619.0,2.2284
2011-07-21 17:00:00,36.7,43,22.1,0.0,0.0,2.69,436.0,1.5695999999999999
2011-07-21 18:00:00,36.0,45,22.1,0.0,0.0,2.69,258.0,0.9288
2011-07-21 19:00:00,34.2,51,22.7,0.0,0.0,2.94,97.0,0.3492
2011-07-21 20:00:00,32.5,57,22.8,0.0,0.0,3.13,6.0,0.0216
2011-07-21 21:00:00,31.5,62,23.4,0.0,0.0,2.89,0.0,0.0
2011-07-21 22:00:00,30.6,66,23.6,0.0,0.0,2.87,0.0,0.0
2011-07-21 23:00:00,30.0,68,23.5,0.0,0.0,2.84,0.0,0.0
2011-07-22 00:00:00,29.4,69,23.1,0.0,0.0,2.67,0.0,0.0
2011-07-22 01:00:00,28.9,70,22.8,0.0,0.0,2.55,0.0,0.0
2011-07-22 02:00:00,28.1,71,22.4,0.0,0.0,2.42,0.0,0.0
2011-07-22 03:00:00,27.5,76,22.9,0.0,0.0,2.34,0.0,0.0
2011-07-22 04:00:00,27.0,81,23.4,0.0,0.0,2.28,0.0,0.0
2011-07-22 05:00:00,26.6,86,24.1,0.0,0.0,1.51,0.0,0.0
2011-07-22 06:00:00,27.2,87,24.8,0.0,0.0,2.02,39.0,0.1404
2011-07-22 07:00:00,30.2,73,24.9,0.0,0.0,2.18,181.0,0.6516
2011-07-22 08:00:00,32.2,66,25.0,0.0,0.0,2.06,355.0,1.278
2011-07-22 09:00:00,34.1,58,24.8,0.0,0.0,1.53,489.0,1.7604
2011-07-22 10:00:00,35.9,51,24.2,0.0,0.0,0.78,654.0,2.3544
2011-07-22 11:00:00,37.3,46,23.8,0.0,0.0,0.7,778.0,2.8007999999999997
2011-07-22 12:00:00,38.3,43,23.7,0.0,0.0,0.95,805.0,2.898
2011-07-22 13:00:00,39.2,40,23.3,0.0,0.0,1.49,841.0,3.0276
2011-07-22 14:00:00,39.2,42,24.0,0.0,0.0,1.71,794.0,2.8584
2011-07-22 15:00:00,39.4,41,23.9,0.0,0.0,1.51,711.0,2.5596
2011-07-22 16:00:00,39.7,41,23.9,0.0,0.0,1.35,520.0,1.8719999999999999
2011-07-22 17:00:00,36.4,46,23.0,2.1,0.0,2.11,367.0,1.3212
2011-07-22 18:00:00,34.9,52,23.5,0.0,0.0,1.2,184.0,0.6624
2011-07-22 19:00:00,34.0,57,24.2,0.0,0.0,1.2,75.0,0.27
2011-07-22 20:00:00,32.5,67,25.7,0.0,0.0,1.77,5.0,0.018
2011-07-22 21:00:00,33.3,57,23.5,0.0,0.0,1.66,0.0,0.0
2011-07-22 22:00:00,31.1,71,25.3,0.0,0.0,1.75,0.0,0.0
2011-07-22 23:00:00,30.5,69,24.2,0.0,0.0,1.71,0.0,0.0
2011-07-23 00:00:00,30.0,69,23.7,0.0,0.0,1.8,0.0,0.0
2011-07-23 01:00:00,29.1,73,23.8,0.0,0.0,1.71,0.0,0.0
2011-07-23 02:00:00,28.6,79,24.6,0.0,0.0,1.53,0.0,0.0
2011-07-23 03:00:00,28.0,81,24.5,0.0,0.0,1.7,0.0,0.0
2011-07-23 04:00:00,28.2,76,23.6,0.0,0.0,3.0,0.0,0.0
2011-07-23 05:00:00,28.1,76,23.5,0.0,0.0,1.97,0.0,0.0
2011-07-23 06:00:00,28.3,78,24.1,0.0,0.0,1.62,37.0,0.13319999999999999
2011-07-23 07:00:00,30.2,70,24.1,0.0,0.0,1.8,176.0,0.6335999999999999
2011-07-23 08:00:00,31.3,65,24.0,0.2,0.0,2.52,261.0,0.9396
2011-07-23 09:00:00,32.4,61,23.9,0.0,0.0,3.19,408.0,1.4687999999999999
2011-07-23 10:00:00,34.2,55,23.7,0.0,0.0,2.28,595.0,2.142
2011-07-23 11:00:00,35.6,50,23.4,0.0,0.0,2.06,717.0,2.5812
2011-07-23 12:00:00,36.5,47,23.2,0.0,0.0,1.5,727.0,2.6172
2011-07-23 13:00:00,37.0,45,23.2,0.0,0.0,1.0,636.0,2.2896
2011-07-23 14:00:00,37.2,41,21.7,0.0,0.0,0.45,787.0,2.8331999999999997
2011-07-23 15:00:00,37.6,38,21.1,0.0,0.0,0.61,613.0,2.2068
2011-07-23 16:00:00,38.0,38,21.1,0.0,0.0,1.03,584.0,2.1024
2011-07-23 17:00:00,37.6,39,21.3,0.0,0.0,1.12,419.0,1.5084
2011-07-23 18:00:00,33.3,51,22.0,1.7,0.0,2.15,231.0,0.8316
2011-07-23 19:00:00,29.2,75,24.3,0.7,0.0,1.68,73.0,0.2628
2011-07-23 20:00:00,29.0,74,24.0,0.0,0.0,1.92,4.0,0.0144
2011-07-23 21:00:00,29.0,73,23.8,0.0,0.0,2.33,0.0,0.0
2011-07-23 22:00:00,28.7,75,23.9,0.0,0.0,2.4,0.0,0.0
2011-07-23 23:00:00,28.3,77,23.9,0.0,0.0,2.53,0.0,0.0
2011-07-24 00:00:00,28.0,79,24.0,0.0,0.0,2.82,0.0,0.0
2011-07-24 01:00:00,27.8,80,24.1,0.0,0.0,3.18,0.0,0.0
2011-07-24 02:00:00,28.3,72,22.7,0.0,0.0,3.22,0.0,0.0
2011-07-24 03:00:00,27.9,74,22.8,0.0,0.0,3.02,0.0,0.0
2011-07-24 04:00:00,27.5,75,22.7,0.0,0.0,2.72,0.0,0.0
2011-07-24 05:00:00,27.2,77,22.8,0.0,0.0,2.44,0.0,0.0
2011-07-24 06:00:00,27.3,78,23.1,0.0,0.0,2.51,35.0,0.126
2011-07-24 07:00:00,28.8,72,23.2,0.0,0.0,2.59,152.0,0.5472
2011-07-24 08:00:00,30.7,66,23.5,0.0,0.0,2.83,346.0,1.2456
2011-07-24 09:00:00,32.1,61,23.5,0.0,0.0,2.58,477.0,1.7172
2011-07-24 10:00:00,33.0,58,23.5,0.0,0.0,2.42,540.0,1.944
2011-07-24 11:00:00,34.2,54,23.6,0.0,0.0,4.25,612.0,2.2032
2011-07-24 12:00:00,33.1,57,23.3,2.7,0.0,2.83,564.0,2.0303999999999998
2011-07-24 13:00:00,29.1,78,24.8,1.2,0.0,2.3,398.0,1.4327999999999999
2011-07-24 14:00:00,32.9,56,23.0,0.0,0.0,2.38,688.0,2.4768
2011-07-24 15:00:00,33.9,51,22.4,0.0,0.0,2.2,650.0,2.34
2011-07-24 16:00:00,34.2,48,21.6,0.0,0.0,2.26,504.0,1.8144
2011-07-24 17:00:00,34.1,47,21.1,0.0,0.0,0.92,345.0,1.242
2011-07-24 18:00:00,30.7,61,22.2,1.2,0.0,1.12,139.0,0.5004
2011-07-24 19:00:00,28.7,72,23.2,0.1,0.0,1.17,43.0,0.1548
2011-07-24 20:00:00,28.3,73,23.0,0.0,0.0,0.64,4.0,0.0144
2011-07-24 21:00:00,27.8,77,23.5,0.0,0.0,0.71,0.0,0.0
2011-07-24 22:00:00,27.2,82,23.9,0.0,0.0,0.78,0.0,0.0
2011-07-24 23:00:00,26.5,88,24.4,0.0,0.0,1.04,0.0,0.0
2011-07-25 00:00:00,26.2,89,24.3,0.0,0.0,0.57,0.0,0.0
2011-07-25 01:00:00,25.9,91,24.3,0.0,0.0,1.14,0.0,0.0
2011-07-25 02:00:00,26.8,81,23.3,0.0,0.0,1.0,0.0,0.0
2011-07-25 03:00:00,27.0,80,23.3,0.0,0.0,1.02,0.0,0.0
2011-07-25 04:00:00,26.7,83,23.6,0.0,0.0,1.08,0.0,0.0
2011-07-25 05:00:00,26.1,87,23.9,0.0,0.0,0.61,0.0,0.0
2011-07-25 06:00:00,26.2,89,24.2,0.0,0.0,0.64,27.0,0.0972
2011-07-25 07:00:00,27.2,85,24.4,0.1,0.0,0.86,130.0,0.46799999999999997
2011-07-25 08:00:00,28.0,80,24.3,0.1,0.0,0.98,251.0,0.9036
2011-07-25 09:00:00,29.2,74,24.1,0.0,0.0,0.7,373.0,1.3428
2011-07-25 10:00:00,30.4,70,24.3,0.1,0.0,0.82,561.0,2.0196
2011-07-25 11:00:00,31.6,63,23.6,0.2,0.0,1.14,705.0,2.538
2011-07-25 12:00:00,29.9,70,23.9,7.6,0.0,1.49,704.0,2.5343999999999998
2011-07-25 13:00:00,30.7,68,24.1,1.6,0.0,2.0,659.0,2.3724
2011-07-25 14:00:00,29.2,72,23.7,2.3,0.0,1.9,518.0,1.8648
2011-07-25 15:00:00,28.2,79,24.3,3.2,0.0,1.92,355.0,1.278
2011-07-25 16:00:00,28.4,79,24.4,0.1,0.0,1.41,266.0,0.9576
2011-07-25 17:00:00,28.7,77,24.2,0.3,0.0,0.5,288.0,1.0368
2011-07-25 18:00:00,26.7,86,24.3,5.0,0.0,0.92,104.0,0.3744
2011-07-25 19:00:00,26.3,89,24.3,0.6,0.0,1.32,38.0,0.1368
2011-07-25 20:00:00,26.1,89,24.2,0.0,0.0,0.85,3.0,0.0108
2011-07-25 21:00:00,25.7,91,24.2,0.0,0.0,0.45,0.0,0.0
2011-07-25 22:00:00,25.5,93,24.2,0.0,0.0,0.85,0.0,0.0
2011-07-25 23:00:00,25.1,95,24.3,0.0,0.0,0.5,0.0,0.0
2011-07-26 00:00:00,24.7,97,24.1,0.0,0.0,1.13,0.0,0.0
2011-07-26 01:00:00,24.3,97,23.9,0.0,0.0,1.86,0.0,0.0
2011-07-26 02:00:00,23.9,96,23.2,0.0,0.0,2.28,0.0,0.0
2011-07-26 03:00:00,23.6,96,23.0,0.0,0.0,2.28,0.0,0.0
2011-07-26 04:00:00,23.4,96,22.7,0.0,0.0,2.25,0.0,0.0
2011-07-26 05:00:00,23.3,95,22.4,0.0,0.0,2.1,0.0,0.0
2011-07-26 06:00:00,23.4,94,22.5,0.0,0.0,2.28,35.0,0.126
2011-07-26 07:00:00,24.9,86,22.4,0.0,0.0,2.06,181.0,0.6516
2011-07-26 08:00:00,26.2,74,21.1,0.0,0.0,2.0,359.0,1.2924
2011-07-26 09:00:00,28.0,56,18.3,0.0,0.0,1.92,571.0,2.0556
2011-07-26 10:00:00,29.6,43,15.7,0.0,0.0,1.26,741.0,2.6675999999999997
2011-07-26 11:00:00,31.2,36,14.3,0.0,0.0,0.28,867.0,3.1212
2011-07-26 12:00:00,32.5,32,13.7,0.0,0.0,0.85,938.0,3.3768
2011-07-26 13:00:00,33.6,29,13.4,0.0,0.0,1.88,951.0,3.4236
2011-07-26 14:00:00,33.8,34,15.8,0.0,0.0,2.72,902.0,3.2472
2011-07-26 15:00:00,34.2,33,15.6,0.0,0.0,3.18,781.0,2.8116
2011-07-26 16:00:00,34.2,31,14.9,0.0,0.0,3.74,553.0,1.9908
2011-07-26 17:00:00,34.0,31,14.4,0.0,0.0,3.4,368.0,1.3248
2011-07-26 18:00:00,32.2,41,17.3,0.0,0.0,3.67,184.0,0.6624
2011-07-26 19:00:00,30.7,47,18.0,0.0,0.0,3.53,81.0,0.29159999999999997
2011-07-26 20:00:00,28.7,53,18.1,0.0,0.0,3.55,4.0,0.0144
2011-07-26 21:00:00,27.3,59,18.6,0.0,0.0,2.94,0.0,0.0
2011-07-26 22:00:00,26.4,64,18.9,0.0,0.0,2.51,0.0,0.0
2011-07-26 23:00:00,25.9,65,18.8,0.0,0.0,2.44,0.0,0.0
2011-07-27 00:00:00,25.0,68,18.7,0.0,0.0,2.52,0.0,0.0
2011-07-27 01:00:00,24.7,68,18.5,0.0,0.0,2.9,0.0,0.0
2011-07-27 02:00:00,24.9,66,18.2,0.0,0.0,3.18,0.0,0.0
2011-07-27 03:00:00,24.7,66,18.0,0.0,0.0,3.2,0.0,0.0
2011-07-27 04:00:00,24.2,65,17.2,0.0,0.0,2.92,0.0,0.0
2011-07-27 05:00:00,23.3,68,16.9,0.0,0.0,1.84,0.0,0.0
2011-07-27 06:00:00,22.5,75,17.9,0.0,0.0,2.38,37.0,0.13319999999999999
2011-07-27 07:00:00,24.8,57,15.6,0.0,0.0,2.65,190.0,0.6839999999999999
2011-07-27 08:00:00,25.9,50,14.8,0.0,0.0,2.93,384.0,1.3824
2011-07-27 09:00:00,27.3,44,14.2,0.0,0.0,2.43,573.0,2.0627999999999997
2011-07-27 10:00:00,28.7,40,13.8,0.0,0.0,2.06,739.0,2.6604
2011-07-27 11:00:00,30.0,37,13.7,0.0,0.0,2.62,867.0,3.1212
2011-07-27 12:00:00,31.0,34,13.3,0.0,0.0,2.9,947.0,3.4092
2011-07-27 13:00:00,31.9,31,12.8,0.0,0.0,2.97,976.0,3.5136
2011-07-27 14:00:00,32.1,32,13.2,0.0,0.0,2.83,908.0,3.2687999999999997
2011-07-27 15:00:00,32.5,30,12.9,0.0,0.0,2.76,802.0,2.8872
2011-07-27 16:00:00,32.6,30,12.9,0.0,0.0,2.55,642.0,2.3112
2011-07-27 17:00:00,32.3,32,13.4,0.0,0.0,1.34,465.0,1.674
2011-07-27 18:00:00,31.1,45,17.6,0.0,0.0,1.28,282.0,1.0151999999999999
2011-07-27 19:00:00,29.7,44,16.1,0.0,0.0,1.9,97.0,0.3492
2011-07-27 20:00:00,27.6,45,14.7,0.0,0.0,2.69,4.0,0.0144
2011-07-27 21:00:00,26.4,54,16.2,0.0,0.0,2.64,0.0,0.0
2011-07-27 22:00:00,25.5,62,17.8,0.0,0.0,2.52,0.0,0.0
2011-07-27 23:00:00,24.6,70,18.7,0.0,0.0,2.27,0.0,0.0
2011-07-28 00:00:00,23.9,76,19.3,0.0,0.0,1.77,0.0,0.0
2011-07-28 01:00:00,23.7,76,19.2,0.0,0.0,1.84,0.0,0.0
2011-07-28 02:00:00,22.7,77,18.4,0.0,0.0,2.05,0.0,0.0
2011-07-28 03:00:00,22.3,81,18.9,0.0,0.0,1.84,0.0,0.0
2011-07-28 04:00:00,22.2,84,19.4,0.0,0.0,1.92,0.0,0.0
2011-07-28 05:00:00,21.9,88,19.8,0.0,0.0,1.43,0.0,0.0
2011-07-28 06:00:00,22.6,89,20.7,0.0,0.0,2.24,34.0,0.1224
2011-07-28 07:00:00,25.8,78,21.7,0.0,0.0,1.99,171.0,0.6156
2011-07-28 08:00:00,27.8,70,21.7,0.0,0.0,1.8,351.0,1.2636
2011-07-28 09:00:00,29.7,61,21.3,0.0,0.0,1.65,539.0,1.9404
2011-07-28 10:00:00,31.5,51,20.1,0.0,0.0,1.75,703.0,2.5307999999999997
2011-07-28 11:00:00,32.9,45,19.3,0.0,0.0,1.7,802.0,2.8872
2011-07-28 12:00:00,33.7,41,18.7,0.0,0.0,1.53,749.0,2.6964
2011-07-28 13:00:00,34.3,39,18.4,0.0,0.0,1.42,637.0,2.2932
2011-07-28 14:00:00,32.9,45,19.4,0.0,0.0,0.82,325.0,1.17
2011-07-28 15:00:00,32.1,55,21.9,0.0,0.0,1.0,188.0,0.6768
2011-07-28 16:00:00,33.5,44,19.4,0.0,0.0,1.4,420.0,1.512
2011-07-28 17:00:00,33.3,44,19.4,0.0,0.0,1.72,355.0,1.278
2011-07-28 18:00:00,32.2,49,20.2,0.0,0.0,2.56,146.0,0.5256
2011-07-28 19:00:00,30.4,59,21.5,0.0,0.0,2.48,40.0,0.144
2011-07-28 20:00:00,29.0,68,22.4,0.0,0.0,2.48,2.0,0.0072
2011-07-28 21:00:00,28.2,74,23.1,0.0,0.0,2.19,0.0,0.0
2011-07-28 22:00:00,27.5,79,23.5,0.0,0.0,2.06,0.0,0.0
2011-07-28 23:00:00,27.0,83,23.8,0.0,0.0,1.86,0.0,0.0
2011-07-29 00:00:00,26.3,89,24.3,0.0,0.0,1.3,0.0,0.0
2011-07-29 01:00:00,25.8,92,24.4,0.0,0.0,0.81,0.0,0.0
2011-07-29 02:00:00,26.2,91,24.5,0.0,0.0,0.63,0.0,0.0
2011-07-29 03:00:00,26.2,91,24.6,0.0,0.0,0.82,0.0,0.0
2011-07-29 04:00:00,25.9,93,24.7,0.0,0.0,0.67,0.0,0.0
2011-07-29 05:00:00,25.1,95,24.3,0.0,0.0,0.85,0.0,0.0
2011-07-29 06:00:00,25.1,96,24.4,0.0,0.0,1.2,29.0,0.10439999999999999
2011-07-29 07:00:00,27.9,80,24.1,0.0,0.0,1.32,153.0,0.5508
2011-07-29 08:00:00,30.3,65,23.1,0.0,0.0,2.26,321.0,1.1556
2011-07-29 09:00:00,32.3,56,22.4,0.0,0.0,3.01,477.0,1.7172
2011-07-29 10:00:00,34.1,50,22.1,0.0,0.0,3.36,652.0,2.3472
2011-07-29 11:00:00,35.4,46,21.9,0.0,0.0,3.36,754.0,2.7144
2011-07-29 12:00:00,36.5,42,21.7,0.0,0.0,3.31,764.0,2.7504
2011-07-29 13:00:00,37.7,39,21.3,0.0,0.0,3.2,865.0,3.114
2011-07-29 14:00:00,37.6,38,20.7,0.0,0.0,3.4,760.0,2.7359999999999998
2011-07-29 15:00:00,37.8,36,20.0,0.0,0.0,3.73,677.0,2.4372
2011-07-29 16:00:00,37.8,34,19.1,0.0,0.0,4.16,537.0,1.9332
2011-07-29 17:00:00,37.7,32,18.4,0.0,0.0,3.23,443.0,1.5948
2011-07-29 18:00:00,36.8,33,17.9,0.0,0.0,3.26,215.0,0.774
2011-07-29 19:00:00,35.0,38,18.6,0.0,0.0,2.85,80.0,0.288
2011-07-29 20:00:00,33.4,38,17.1,0.0,0.0,2.73,3.0,0.0108
2011-07-29 21:00:00,32.2,41,17.3,0.0,0.0,2.91,0.0,0.0
2011-07-29 22:00:00,31.2,45,17.9,0.0,0.0,3.02,0.0,0.0
2011-07-29 23:00:00,30.2,51,19.0,0.0,0.0,2.6,0.0,0.0
2011-07-30 00:00:00,29.4,56,19.8,0.0,0.0,2.42,0.0,0.0
2011-07-30 01:00:00,29.0,60,20.5,0.0,0.0,2.51,0.0,0.0
2011-07-30 02:00:00,27.6,66,20.7,0.0,0.0,2.78,0.0,0.0
2011-07-30 03:00:00,27.2,69,21.1,0.0,0.0,2.91,0.0,0.0
2011-07-30 04:00:00,26.7,72,21.3,0.0,0.0,2.84,0.0,0.0
2011-07-30 05:00:00,26.3,75,21.4,0.0,0.0,2.08,0.0,0.0
2011-07-30 06:00:00,26.3,76,21.7,0.0,0.0,2.51,27.0,0.0972
2011-07-30 07:00:00,27.2,71,21.5,0.0,0.0,3.28,152.0,0.5472
2011-07-30 08:00:00,28.3,64,21.0,0.0,0.0,3.41,299.0,1.0764
2011-07-30 09:00:00,29.8,56,20.0,0.0,0.0,3.3,493.0,1.7748
2011-07-30 10:00:00,31.4,47,18.7,0.0,0.0,2.81,681.0,2.4516
2011-07-30 11:00:00,32.9,39,17.3,0.0,0.0,2.47,822.0,2.9592
2011-07-30 12:00:00,34.1,34,15.8,0.0,0.0,2.33,877.0,3.1572
2011-07-30 13:00:00,34.9,30,14.5,0.0,0.0,2.39,868.0,3.1248
2011-07-30 14:00:00,34.7,26,12.4,0.0,0.0,2.58,881.0,3.1715999999999998
2011-07-30 15:00:00,35.2,24,11.7,0.0,0.0,2.61,788.0,2.8367999999999998
2011-07-30 16:00:00,35.3,24,11.5,0.0,0.0,2.55,646.0,2.3256
2011-07-30 17:00:00,34.9,25,11.7,0.0,0.0,1.65,468.0,1.6847999999999999
2011-07-30 18:00:00,33.6,34,15.8,0.0,0.0,1.3,274.0,0.9863999999999999
2011-07-30 19:00:00,31.3,55,21.2,0.0,0.0,1.5,95.0,0.34199999999999997
2011-07-30 20:00:00,29.2,45,15.9,0.0,0.0,1.65,3.0,0.0108
2011-07-30 21:00:00,27.5,52,16.6,0.0,0.0,2.06,0.0,0.0
2011-07-30 22:00:00,26.2,61,18.1,0.0,0.0,2.3,0.0,0.0
2011-07-30 23:00:00,25.9,65,18.9,0.0,0.0,2.27,0.0,0.0
2011-07-31 00:00:00,25.9,68,19.4,0.0,0.0,2.06,0.0,0.0
2011-07-31 01:00:00,25.3,72,20.0,0.0,0.0,1.77,0.0,0.0
2011-07-31 02:00:00,23.9,85,21.2,0.0,0.0,1.7,0.0,0.0
2011-07-31 03:00:00,24.1,86,21.6,0.0,0.0,1.32,0.0,0.0
2011-07-31 04:00:00,24.6,85,21.9,0.0,0.0,1.17,0.0,0.0
2011-07-31 05:00:00,24.5,86,22.1,0.0,0.0,0.6,0.0,0.0
2011-07-31 06:00:00,24.2,86,21.8,0.0,0.0,1.77,31.0,0.11159999999999999
2011-07-31 07:00:00,26.0,72,20.6,0.0,0.0,1.96,176.0,0.6335999999999999
2011-07-31 08:00:00,28.3,58,19.2,0.0,0.0,2.0,362.0,1.3032
2011-07-31 09:00:00,30.6,46,17.7,0.0,0.0,1.68,548.0,1.9727999999999999
2011-07-31 10:00:00,32.5,38,16.4,0.0,0.0,1.1,702.0,2.5272
2011-07-31 11:00:00,33.7,33,15.2,0.0,0.0,0.86,725.0,2.61
2011-07-31 12:00:00,34.5,30,14.4,0.0,0.0,1.44,765.0,2.754
2011-07-31 13:00:00,35.2,28,13.7,0.0,0.0,1.84,767.0,2.7612
2011-07-31 14:00:00,34.8,29,14.4,0.0,0.0,1.89,731.0,2.6315999999999997
2011-07-31 15:00:00,34.3,29,13.7,0.0,0.0,1.9,696.0,2.5056
2011-07-31 16:00:00,33.3,35,15.9,0.0,0.0,1.43,392.0,1.4112
2011-07-31 17:00:00,33.0,41,17.9,0.0,0.0,1.77,407.0,1.4652
2011-07-31 18:00:00,31.9,48,19.6,0.0,0.0,1.58,253.0,0.9107999999999999
2011-07-31 19:00:00,30.4,60,21.7,0.0,0.0,1.2,87.0,0.3132
2011-07-31 20:00:00,28.9,67,22.0,0.0,0.0,1.39,2.0,0.0072
2011-07-31 21:00:00,28.0,71,22.2,0.0,0.0,1.8,0.0,0.0
2011-07-31 22:00:00,27.4,71,21.7,0.0,0.0,2.45,0.0,0.0
2011-07-31 23:00:00,27.0,71,21.2,0.0,0.0,3.0,0.0,0.0
2011-08-01 00:00:00,26.5,72,21.0,0.0,0.0,2.75,0.0,0.0
2011-08-01 01:00:00,25.9,74,20.9,0.0,0.0,2.4,0.0,0.0
2011-08-01 02:00:00,24.6,74,19.7,0.0,0.0,1.75,0.0,0.0
2011-08-01 03:00:00,23.8,80,20.0,0.0,0.0,1.32,0.0,0.0
2011-08-01 04:00:00,23.2,81,19.9,0.0,0.0,1.04,0.0,0.0
2011-08-01 05:00:00,22.4,87,20.1,0.0,0.0,0.92,0.0,0.0
2011-08-01 06:00:00,22.6,88,20.5,0.0,0.0,1.48,30.0,0.108
2011-08-01 07:00:00,25.6,73,20.3,0.0,0.0,1.35,174.0,0.6264
2011-08-01 08:00:00,28.3,56,18.8,0.0,0.0,1.3,365.0,1.314
2011-08-01 09:00:00,31.0,43,16.8,0.0,0.0,1.65,554.0,1.9944
2011-08-01 10:00:00,33.0,35,15.4,0.0,0.0,1.93,718.0,2.5848
2011-08-01 11:00:00,34.4,31,14.8,0.0,0.0,2.06,835.0,3.006
2011-08-01 12:00:00,35.5,29,14.5,0.0,0.0,2.55,890.0,3.2039999999999997
2011-08-01 13:00:00,36.1,28,14.5,0.0,0.0,2.76,782.0,2.8152
2011-08-01 14:00:00,35.9,31,16.0,0.0,0.0,2.77,703.0,2.5307999999999997
2011-08-01 15:00:00,36.1,30,15.9,0.0,0.0,2.28,619.0,2.2284
2011-08-01 16:00:00,36.1,29,15.4,0.0,0.0,4.12,504.0,1.8144
2011-08-01 17:00:00,34.6,30,14.4,0.6,0.0,2.4,280.0,1.008
2011-08-01 18:00:00,30.4,47,17.8,0.6,0.0,1.17,120.0,0.432
2011-08-01 19:00:00,29.3,55,19.5,0.0,0.0,2.01,59.0,0.2124
2011-08-01 20:00:00,28.6,59,19.9,0.0,0.0,2.06,2.0,0.0072
2011-08-01 21:00:00,27.6,57,18.4,0.0,0.0,2.62,0.0,0.0
2011-08-01 22:00:00,27.2,57,17.9,0.0,0.0,3.14,0.0,0.0
2011-08-01 23:00:00,26.4,60,18.1,0.0,0.0,3.44,0.0,0.0
2011-08-02 00:00:00,25.8,64,18.4,0.0,0.0,3.45,0.0,0.0
2011-08-02 01:00:00,25.4,66,18.6,0.0,0.0,3.4,0.0,0.0
2011-08-02 02:00:00,24.8,59,16.3,0.0,0.0,3.28,0.0,0.0
2011-08-02 03:00:00,24.4,63,16.8,0.0,0.0,3.16,0.0,0.0
2011-08-02 04:00:00,24.1,66,17.4,0.0,0.0,3.22,0.0,0.0
2011-08-02 05:00:00,23.8,70,18.0,0.0,0.0,3.04,0.0,0.0
2011-08-02 06:00:00,23.9,73,18.8,0.0,0.0,3.3,29.0,0.10439999999999999
2011-08-02 07:00:00,25.4,70,19.4,0.0,0.0,3.89,174.0,0.6264
2011-08-02 08:00:00,27.0,62,19.1,0.0,0.0,4.29,367.0,1.3212
2011-08-02 09:00:00,28.9,48,16.9,0.0,0.0,3.83,562.0,2.0232
2011-08-02 10:00:00,30.6,38,14.5,0.0,0.0,3.68,730.0,2.628
2011-08-02 11:00:00,32.1,31,12.9,0.0,0.0,3.9,857.0,3.0852
2011-08-02 12:00:00,33.3,27,11.7,0.0,0.0,3.73,935.0,3.366
2011-08-02 13:00:00,34.3,24,10.7,0.0,0.0,3.09,942.0,3.3912
2011-08-02 14:00:00,34.2,26,11.9,0.0,0.0,3.19,877.0,3.1572
2011-08-02 15:00:00,34.8,24,11.4,0.0,0.0,3.48,776.0,2.7936
2011-08-02 16:00:00,34.9,24,11.2,0.0,0.0,3.54,582.0,2.0951999999999997
2011-08-02 17:00:00,34.6,25,11.4,0.0,0.0,1.3,369.0,1.3284
2011-08-02 18:00:00,33.6,30,13.5,0.0,0.0,0.51,200.0,0.72
2011-08-02 19:00:00,31.5,47,18.8,0.0,0.0,1.21,60.0,0.216
2011-08-02 20:00:00,29.9,40,14.8,0.0,0.0,1.42,2.0,0.0072
2011-08-02 21:00:00,28.6,46,15.7,0.0,0.0,1.75,0.0,0.0
2011-08-02 22:00:00,28.2,43,14.5,0.0,0.0,2.12,0.0,0.0
2011-08-02 23:00:00,28.5,42,14.5,0.0,0.0,2.45,0.0,0.0
2011-08-03 00:00:00,28.7,46,16.1,0.0,0.0,2.64,0.0,0.0
2011-08-03 01:00:00,27.7,57,18.3,0.1,0.0,2.15,0.0,0.0
2011-08-03 02:00:00,27.8,57,18.6,0.0,0.0,1.66,0.0,0.0
2011-08-03 03:00:00,27.3,61,19.0,0.0,0.0,1.97,0.0,0.0
2011-08-03 04:00:00,26.9,63,19.2,0.0,0.0,2.19,0.0,0.0
2011-08-03 05:00:00,26.4,73,21.2,0.0,0.0,1.71,0.0,0.0
2011-08-03 06:00:00,26.4,77,21.9,0.0,0.0,1.58,12.0,0.0432
2011-08-03 07:00:00,28.3,60,19.7,0.0,0.0,1.66,97.0,0.3492
2011-08-03 08:00:00,29.4,57,19.9,0.0,0.0,1.98,207.0,0.7452
2011-08-03 09:00:00,30.3,53,19.8,0.0,0.0,1.0,275.0,0.99
2011-08-03 10:00:00,31.4,45,18.2,0.0,0.0,1.0,367.0,1.3212
2011-08-03 11:00:00,32.1,41,17.2,0.0,0.0,0.81,360.0,1.296
2011-08-03 12:00:00,30.1,50,18.5,0.6,0.0,2.01,212.0,0.7632
2011-08-03 13:00:00,28.6,61,20.3,0.8,0.0,2.68,462.0,1.6632
2011-08-03 14:00:00,30.0,55,19.9,0.0,0.0,3.41,193.0,0.6948
2011-08-03 15:00:00,28.4,64,20.9,0.3,0.0,3.36,115.0,0.414
2011-08-03 16:00:00,28.3,64,20.9,0.0,0.0,2.97,80.0,0.288
2011-08-03 17:00:00,28.1,65,20.9,0.0,0.0,1.8,90.0,0.324
2011-08-03 18:00:00,28.4,63,20.5,0.0,0.0,1.7,137.0,0.49319999999999997
2011-08-03 19:00:00,28.0,64,20.7,0.0,0.0,0.81,57.0,0.2052
2011-08-03 20:00:00,27.3,67,20.6,0.0,0.0,0.94,1.0,0.0036
2011-08-03 21:00:00,26.8,70,20.8,0.0,0.0,0.95,0.0,0.0
2011-08-03 22:00:00,26.5,72,21.0,0.0,0.0,0.9,0.0,0.0
2011-08-03 23:00:00,26.1,75,21.3,0.0,0.0,0.8,0.0,0.0
2011-08-04 00:00:00,26.0,77,21.6,0.0,0.0,0.78,0.0,0.0
2011-08-04 01:00:00,26.0,77,21.7,0.0,0.0,1.2,0.0,0.0
2011-08-04 02:00:00,24.9,84,21.9,0.0,0.0,1.4,0.0,0.0
2011-08-04 03:00:00,24.8,83,21.8,0.0,0.0,1.36,0.0,0.0
2011-08-04 04:00:00,24.6,84,21.8,0.0,0.0,1.63,0.0,0.0
2011-08-04 05:00:00,24.4,86,21.9,0.0,0.0,1.96,0.0,0.0
2011-08-04 06:00:00,24.2,88,22.0,0.0,0.0,2.63,15.0,0.054
2011-08-04 07:00:00,24.9,85,22.2,0.0,0.0,3.16,108.0,0.3888
2011-08-04 08:00:00,25.5,81,22.0,0.0,0.0,3.99,224.0,0.8064
2011-08-04 09:00:00,25.8,79,21.8,0.0,0.0,4.08,230.0,0.828
2011-08-04 10:00:00,26.6,75,21.8,0.0,0.0,3.7,394.0,1.4183999999999999
2011-08-04 11:00:00,27.0,73,21.8,0.0,0.0,3.47,394.0,1.4183999999999999
2011-08-04 12:00:00,27.4,72,21.9,0.0,0.0,3.55,427.0,1.5372
2011-08-04 13:00:00,28.4,68,22.0,0.0,0.0,3.34,598.0,2.1528
2011-08-04 14:00:00,28.6,61,20.2,0.0,0.0,3.36,492.0,1.7711999999999999
2011-08-04 15:00:00,28.7,60,20.0,0.0,0.0,3.5,412.0,1.4831999999999999
2011-08-04 16:00:00,28.6,60,20.1,0.0,0.0,3.58,355.0,1.278
2011-08-04 17:00:00,28.1,62,20.2,0.0,0.0,3.81,330.0,1.188
2011-08-04 18:00:00,27.2,65,20.1,0.0,0.0,3.73,203.0,0.7308
2011-08-04 19:00:00,26.0,70,20.2,0.0,0.0,3.6,55.0,0.19799999999999998
2011-08-04 20:00:00,25.2,72,19.8,0.0,0.0,3.1,1.0,0.0036
2011-08-04 21:00:00,24.8,73,19.5,0.0,0.0,2.6,0.0,0.0
2011-08-04 22:00:00,24.4,72,19.1,0.0,0.0,2.0,0.0,0.0
2011-08-04 23:00:00,24.1,72,18.7,0.0,0.0,1.9,0.0,0.0
2011-08-05 00:00:00,23.7,73,18.6,0.0,0.0,1.8,0.0,0.0
2011-08-05 01:00:00,23.4,75,18.6,0.0,0.0,1.63,0.0,0.0
2011-08-05 02:00:00,23.2,78,19.1,0.0,0.0,1.68,0.0,0.0
2011-08-05 03:00:00,23.1,78,19.1,0.0,0.0,1.77,0.0,0.0
2011-08-05 04:00:00,22.9,80,19.2,0.0,0.0,1.73,0.0,0.0
2011-08-05 05:00:00,22.7,82,19.6,0.0,0.0,1.4,0.0,0.0
2011-08-05 06:00:00,22.8,83,19.7,0.0,0.0,1.65,15.0,0.054
2011-08-05 07:00:00,23.4,79,19.5,0.0,0.0,2.11,65.0,0.23399999999999999
2011-08-05 08:00:00,24.3,73,19.2,0.0,0.0,2.13,172.0,0.6192
2011-08-05 09:00:00,25.1,67,18.6,0.0,0.0,2.12,225.0,0.8099999999999999
2011-08-05 10:00:00,26.2,60,17.9,0.0,0.0,2.62,321.0,1.1556
2011-08-05 11:00:00,26.9,56,17.3,0.0,0.0,3.26,358.0,1.2888
2011-08-05 12:00:00,27.7,52,16.9,0.0,0.0,3.25,455.0,1.638
2011-08-05 13:00:00,28.6,49,16.8,0.0,0.0,3.11,551.0,1.9836
2011-08-05 14:00:00,29.3,47,17.0,0.0,0.0,3.09,562.0,2.0232
2011-08-05 15:00:00,29.9,46,17.2,0.0,0.0,3.31,571.0,2.0556
2011-08-05 16:00:00,29.1,49,17.2,0.0,0.0,3.18,397.0,1.4292
2011-08-05 17:00:00,28.3,51,17.3,0.0,0.0,3.62,282.0,1.0151999999999999
2011-08-05 18:00:00,27.5,54,17.4,0.0,0.0,3.71,189.0,0.6804
2011-08-05 19:00:00,26.6,59,17.9,0.0,0.0,3.0,60.0,0.216
2011-08-05 20:00:00,25.5,64,18.1,0.0,0.0,2.97,1.0,0.0036
2011-08-05 21:00:00,24.7,69,18.6,0.0,0.0,2.86,0.0,0.0
2011-08-05 22:00:00,24.1,73,19.0,0.0,0.0,2.73,0.0,0.0
2011-08-05 23:00:00,23.6,77,19.4,0.0,0.0,3.07,0.0,0.0
2011-08-06 00:00:00,23.3,80,19.7,0.0,0.0,3.26,0.0,0.0
2011-08-06 01:00:00,22.9,83,20.0,0.0,0.0,2.91,0.0,0.0
2011-08-06 02:00:00,22.7,86,20.2,0.0,0.0,2.6,0.0,0.0
2011-08-06 03:00:00,22.5,87,20.3,0.0,0.0,2.38,0.0,0.0
2011-08-06 04:00:00,22.2,90,20.4,0.0,0.0,2.18,0.0,0.0
2011-08-06 05:00:00,21.9,92,20.5,0.0,0.0,1.75,0.0,0.0
2011-08-06 06:00:00,21.8,93,20.7,0.0,0.0,2.16,20.0,0.072
2011-08-06 07:00:00,23.8,83,20.7,0.0,0.0,2.9,143.0,0.5148
2011-08-06 08:00:00,25.4,73,20.3,0.0,0.0,3.69,277.0,0.9972
2011-08-06 09:00:00,27.5,63,19.8,0.0,0.0,3.28,496.0,1.7855999999999999
2011-08-06 10:00:00,29.1,57,19.7,0.0,0.0,3.28,581.0,2.0916
2011-08-06 11:00:00,30.1,53,19.5,0.0,0.0,3.34,587.0,2.1132
2011-08-06 12:00:00,30.8,51,19.6,0.0,0.0,3.45,633.0,2.2788
2011-08-06 13:00:00,30.7,52,19.6,0.0,0.0,3.31,451.0,1.6236
2011-08-06 14:00:00,30.8,56,20.9,0.0,0.0,3.41,426.0,1.5335999999999999
2011-08-06 15:00:00,31.3,54,20.8,0.0,0.0,3.83,477.0,1.7172
2011-08-06 16:00:00,30.8,54,20.4,0.0,0.0,4.65,302.0,1.0872
2011-08-06 17:00:00,29.9,57,20.5,0.0,0.0,3.97,283.0,1.0188
2011-08-06 18:00:00,28.6,63,21.0,0.0,0.0,4.25,179.0,0.6444
2011-08-06 19:00:00,27.3,72,21.7,0.0,0.0,3.7,33.0,0.1188
2011-08-06 20:00:00,26.5,77,22.1,0.0,0.0,4.16,0.0,0.0
2011-08-06 21:00:00,26.0,81,22.5,0.0,0.0,3.81,0.0,0.0
2011-08-06 22:00:00,25.5,84,22.7,0.0,0.0,3.42,0.0,0.0
2011-08-06 23:00:00,25.2,87,22.8,0.0,0.0,2.75,0.0,0.0
2011-08-07 00:00:00,25.0,88,22.9,0.1,0.0,2.41,0.0,0.0
2011-08-07 01:00:00,24.9,90,23.1,0.0,0.0,2.55,0.0,0.0
2011-08-07 02:00:00,25.0,94,24.0,0.0,0.0,2.75,0.0,0.0
2011-08-07 03:00:00,24.8,96,24.2,0.0,0.0,2.78,0.0,0.0
2011-08-07 04:00:00,25.0,96,24.2,0.0,0.0,2.44,0.0,0.0
2011-08-07 05:00:00,24.9,96,24.3,0.0,0.0,1.5,0.0,0.0
2011-08-07 06:00:00,25.2,95,24.3,0.0,0.0,1.94,9.0,0.0324
2011-08-07 07:00:00,25.9,90,24.1,0.0,0.0,2.44,75.0,0.27
2011-08-07 08:00:00,26.7,86,24.1,0.3,0.0,2.06,172.0,0.6192
2011-08-07 09:00:00,28.0,79,24.0,0.1,0.0,1.8,290.0,1.044
2011-08-07 10:00:00,29.9,69,23.7,0.0,0.0,2.02,507.0,1.8252
2011-08-07 11:00:00,31.3,63,23.5,0.0,0.0,2.53,571.0,2.0556
2011-08-07 12:00:00,32.9,55,22.6,0.1,0.0,2.57,672.0,2.4192
2011-08-07 13:00:00,29.5,71,23.8,4.0,0.0,2.67,271.0,0.9756
2011-08-07 14:00:00,32.2,58,22.9,0.0,0.0,2.64,444.0,1.5984
2011-08-07 15:00:00,33.0,53,22.1,0.0,0.0,3.05,580.0,2.088
2011-08-07 16:00:00,29.8,65,22.6,0.4,0.0,4.04,325.0,1.17
2011-08-07 17:00:00,29.4,67,22.7,0.0,0.0,1.14,171.0,0.6156
2011-08-07 18:00:00,29.3,68,22.7,0.0,0.0,1.3,112.0,0.4032
2011-08-07 19:00:00,28.8,70,22.8,0.0,0.0,1.56,56.0,0.2016
2011-08-07 20:00:00,27.9,73,22.6,0.0,0.0,2.19,1.0,0.0036
2011-08-07 21:00:00,27.2,76,22.6,0.0,0.0,2.55,0.0,0.0
2011-08-07 22:00:00,26.7,78,22.4,0.0,0.0,2.86,0.0,0.0
2011-08-07 23:00:00,26.3,78,22.2,0.0,0.0,3.1,0.0,0.0
2011-08-08 00:00:00,25.8,80,22.0,0.0,0.0,3.04,0.0,0.0
2011-08-08 01:00:00,25.4,81,21.9,0.0,0.0,2.93,0.0,0.0
2011-08-08 02:00:00,25.0,81,21.6,0.0,0.0,3.42,0.0,0.0
2011-08-08 03:00:00,24.8,82,21.5,0.0,0.0,3.61,0.0,0.0
2011-08-08 04:00:00,24.6,83,21.5,0.0,0.0,3.49,0.0,0.0
2011-08-08 05:00:00,24.4,85,21.6,0.0,0.0,3.1,0.0,0.0
2011-08-08 06:00:00,24.6,84,21.8,0.0,0.0,3.0,14.0,0.0504
2011-08-08 07:00:00,25.7,80,21.9,0.0,0.0,3.11,117.0,0.42119999999999996
2011-08-08 08:00:00,27.2,72,21.8,0.0,0.0,3.89,263.0,0.9468
2011-08-08 09:00:00,29.1,62,21.0,0.0,0.0,3.75,494.0,1.7784
2011-08-08 10:00:00,30.5,55,20.5,0.0,0.0,3.47,663.0,2.3868
2011-08-08 11:00:00,31.5,51,20.2,0.0,0.0,3.82,671.0,2.4156
2011-08-08 12:00:00,32.3,48,19.9,0.0,0.0,3.7,649.0,2.3364
2011-08-08 13:00:00,33.4,43,19.3,0.0,0.0,3.7,754.0,2.7144
2011-08-08 14:00:00,32.4,48,19.9,0.0,0.0,3.84,725.0,2.61
2011-08-08 15:00:00,33.0,46,19.7,0.0,0.0,3.92,628.0,2.2608
2011-08-08 16:00:00,33.0,44,19.3,0.0,0.0,3.94,512.0,1.8432
2011-08-08 17:00:00,32.3,44,18.4,0.0,0.0,2.19,337.0,1.2132
2011-08-08 18:00:00,31.4,45,17.9,0.0,0.0,2.01,175.0,0.63
2011-08-08 19:00:00,30.4,49,18.4,0.0,0.0,1.17,47.0,0.1692
2011-08-08 20:00:00,29.0,53,18.6,0.0,0.0,1.14,0.0,0.0
2011-08-08 21:00:00,27.5,64,20.2,0.0,0.0,1.1,0.0,0.0
2011-08-08 22:00:00,26.3,68,19.9,0.0,0.0,1.08,0.0,0.0
2011-08-08 23:00:00,25.3,71,19.6,0.0,0.0,1.0,0.0,0.0
2011-08-09 00:00:00,24.8,73,19.7,0.0,0.0,1.14,0.0,0.0
2011-08-09 01:00:00,24.1,76,19.7,0.0,0.0,1.12,0.0,0.0
2011-08-09 02:00:00,24.9,73,19.8,0.0,0.0,1.04,0.0,0.0
2011-08-09 03:00:00,25.0,72,19.6,0.0,0.0,1.13,0.0,0.0
2011-08-09 04:00:00,24.9,72,19.6,0.0,0.0,1.24,0.0,0.0
2011-08-09 05:00:00,24.4,77,20.1,0.0,0.0,1.08,0.0,0.0
2011-08-09 06:00:00,24.4,79,20.4,0.0,0.0,1.4,18.0,0.0648
2011-08-09 07:00:00,26.2,71,20.5,0.0,0.0,1.63,132.0,0.4752
2011-08-09 08:00:00,28.2,62,20.2,0.0,0.0,1.44,226.0,0.8136
2011-08-09 09:00:00,29.7,56,20.1,0.0,0.0,0.58,286.0,1.0296
2011-08-09 10:00:00,30.9,53,20.2,0.0,0.0,0.92,367.0,1.3212
2011-08-09 11:00:00,32.4,47,19.5,0.0,0.0,1.88,559.0,2.0124
2011-08-09 12:00:00,34.0,42,19.4,0.0,0.0,1.34,707.0,2.5452
2011-08-09 13:00:00,34.7,40,19.0,0.0,0.0,2.21,690.0,2.484
2011-08-09 14:00:00,32.6,45,19.0,0.0,0.0,3.11,798.0,2.8728
2011-08-09 15:00:00,33.3,39,17.5,0.0,0.0,3.59,604.0,2.1744
2011-08-09 16:00:00,33.2,38,17.0,0.0,0.0,4.64,418.0,1.5048
2011-08-09 17:00:00,32.9,37,16.5,0.0,0.0,3.3,299.0,1.0764
2011-08-09 18:00:00,32.0,38,16.0,0.0,0.0,2.51,156.0,0.5616
2011-08-09 19:00:00,30.8,42,16.2,0.0,0.0,2.14,52.0,0.1872
2011-08-09 20:00:00,29.4,45,16.2,0.0,0.0,2.28,0.0,0.0
2011-08-09 21:00:00,28.5,48,16.5,0.0,0.0,2.95,0.0,0.0
2011-08-09 22:00:00,27.5,52,16.9,0.0,0.0,3.22,0.0,0.0
2011-08-09 23:00:00,26.5,57,17.3,0.0,0.0,3.23,0.0,0.0
2011-08-10 00:00:00,25.5,62,17.6,0.0,0.0,3.35,0.0,0.0
2011-08-10 01:00:00,24.7,66,17.8,0.0,0.0,3.32,0.0,0.0
2011-08-10 02:00:00,24.5,66,17.8,0.0,0.0,3.18,0.0,0.0
2011-08-10 03:00:00,24.1,67,17.7,0.0,0.0,3.32,0.0,0.0
2011-08-10 04:00:00,23.8,68,17.5,0.0,0.0,3.73,0.0,0.0
2011-08-10 05:00:00,23.7,68,17.4,0.0,0.0,2.12,0.0,0.0
2011-08-10 06:00:00,23.9,67,17.4,0.0,0.0,1.97,17.0,0.0612
2011-08-10 07:00:00,24.8,64,17.6,0.0,0.0,2.12,112.0,0.4032
2011-08-10 08:00:00,26.3,58,17.5,0.0,0.0,3.26,301.0,1.0836
2011-08-10 09:00:00,27.8,53,17.3,0.0,0.0,4.11,499.0,1.7964
2011-08-10 10:00:00,29.4,45,16.4,0.0,0.0,4.07,697.0,2.5092
2011-08-10 11:00:00,30.7,39,15.1,0.0,0.0,4.43,814.0,2.9304
2011-08-10 12:00:00,31.6,36,14.6,0.0,0.0,4.79,837.0,3.0132
2011-08-10 13:00:00,31.9,34,14.3,0.0,0.0,4.74,821.0,2.9556
2011-08-10 14:00:00,31.6,32,13.0,0.0,0.0,4.81,596.0,2.1456
2011-08-10 15:00:00,32.1,31,12.8,0.0,0.0,4.63,652.0,2.3472
2011-08-10 16:00:00,32.1,30,12.5,0.0,0.0,4.63,508.0,1.8288
2011-08-10 17:00:00,32.0,30,12.1,0.0,0.0,4.02,377.0,1.3572
2011-08-10 18:00:00,31.2,30,11.7,0.0,0.0,3.27,204.0,0.7343999999999999
2011-08-10 19:00:00,30.0,33,12.0,0.0,0.0,2.02,66.0,0.2376
2011-08-10 20:00:00,28.4,35,11.5,0.0,0.0,2.31,0.0,0.0
2011-08-10 21:00:00,27.2,38,11.8,0.0,0.0,2.69,0.0,0.0
2011-08-10 22:00:00,26.1,43,12.4,0.0,0.0,3.25,0.0,0.0
2011-08-10 23:00:00,25.3,47,13.1,0.0,0.0,3.34,0.0,0.0
2011-08-11 00:00:00,24.4,52,13.9,0.0,0.0,3.26,0.0,0.0
2011-08-11 01:00:00,23.2,60,14.9,0.0,0.0,3.11,0.0,0.0
2011-08-11 02:00:00,22.4,57,13.5,0.0,0.0,2.91,0.0,0.0
2011-08-11 03:00:00,21.8,62,14.2,0.0,0.0,2.83,0.0,0.0
2011-08-11 04:00:00,21.2,65,14.3,0.0,0.0,2.86,0.0,0.0
2011-08-11 05:00:00,20.5,70,14.9,0.0,0.0,1.96,0.0,0.0
2011-08-11 06:00:00,20.1,77,16.0,0.0,0.0,2.09,19.0,0.0684
2011-08-11 07:00:00,22.8,59,14.4,0.0,0.0,2.2,156.0,0.5616
2011-08-11 08:00:00,24.5,49,13.2,0.0,0.0,2.51,347.0,1.2491999999999999
2011-08-11 09:00:00,26.3,41,12.0,0.0,0.0,2.91,540.0,1.944
2011-08-11 10:00:00,27.7,38,11.9,0.0,0.0,2.97,706.0,2.5416
2011-08-11 11:00:00,28.9,34,11.3,0.0,0.0,2.82,841.0,3.0276
2011-08-11 12:00:00,29.8,31,10.7,0.0,0.0,3.06,854.0,3.0744
2011-08-11 13:00:00,30.6,28,10.2,0.0,0.0,3.25,897.0,3.2292
2011-08-11 14:00:00,29.7,34,12.2,0.0,0.0,3.55,623.0,2.2428
2011-08-11 15:00:00,29.9,32,11.5,0.0,0.0,3.75,606.0,2.1816
2011-08-11 16:00:00,29.8,30,10.6,0.0,0.0,3.75,496.0,1.7855999999999999
2011-08-11 17:00:00,29.3,30,9.7,0.0,0.0,2.25,372.0,1.3392
2011-08-11 18:00:00,28.6,29,9.1,0.0,0.0,1.7,231.0,0.8316
2011-08-11 19:00:00,27.4,32,9.3,0.0,0.0,1.24,65.0,0.23399999999999999
2011-08-11 20:00:00,25.9,34,9.0,0.0,0.0,1.52,0.0,0.0
2011-08-11 21:00:00,24.5,38,9.2,0.0,0.0,1.17,0.0,0.0
2011-08-11 22:00:00,23.5,41,9.3,0.0,0.0,1.32,0.0,0.0
2011-08-11 23:00:00,22.4,45,9.9,0.0,0.0,1.39,0.0,0.0
2011-08-12 00:00:00,21.3,51,10.8,0.0,0.0,2.11,0.0,0.0
2011-08-12 01:00:00,21.2,51,10.6,0.0,0.0,2.82,0.0,0.0
2011-08-12 02:00:00,20.8,51,10.4,0.0,0.0,3.23,0.0,0.0
2011-08-12 03:00:00,20.6,51,10.0,0.0,0.0,3.31,0.0,0.0
2011-08-12 04:00:00,20.2,52,10.0,0.0,0.0,3.0,0.0,0.0
2011-08-12 05:00:00,19.7,55,10.5,0.0,0.0,2.6,0.0,0.0
2011-08-12 06:00:00,19.6,63,12.2,0.0,0.0,2.91,18.0,0.0648
2011-08-12 07:00:00,21.8,50,11.0,0.0,0.0,2.55,145.0,0.522
2011-08-12 08:00:00,24.3,42,10.6,0.0,0.0,2.42,342.0,1.2312
2011-08-12 09:00:00,26.3,36,10.0,0.0,0.0,2.16,522.0,1.8792
2011-08-12 10:00:00,27.9,32,9.8,0.0,0.0,1.78,700.0,2.52
2011-08-12 11:00:00,29.3,29,9.7,0.0,0.0,1.08,825.0,2.9699999999999998
2011-08-12 12:00:00,30.5,28,9.9,0.0,0.0,1.0,902.0,3.2472
2011-08-12 13:00:00,31.5,26,9.9,0.0,0.0,1.25,922.0,3.3192
2011-08-12 14:00:00,31.0,29,10.8,0.0,0.0,1.27,856.0,3.0816
2011-08-12 15:00:00,31.4,28,10.7,0.0,0.0,1.13,732.0,2.6351999999999998
2011-08-12 16:00:00,31.6,27,10.6,0.0,0.0,0.51,608.0,2.1888
2011-08-12 17:00:00,31.4,28,10.5,0.0,0.0,1.36,430.0,1.548
2011-08-12 18:00:00,30.2,31,11.2,0.0,0.0,1.75,236.0,0.8496
2011-08-12 19:00:00,28.4,40,13.4,0.0,0.0,2.04,47.0,0.1692
2011-08-12 20:00:00,26.4,51,15.5,0.0,0.0,2.75,0.0,0.0
2011-08-12 21:00:00,25.2,62,17.3,0.0,0.0,2.73,0.0,0.0
2011-08-12 22:00:00,24.3,69,18.2,0.0,0.0,2.06,0.0,0.0
2011-08-12 23:00:00,23.5,75,18.8,0.0,0.0,1.56,0.0,0.0
2011-08-13 00:00:00,22.8,80,19.1,0.0,0.0,1.58,0.0,0.0
2011-08-13 01:00:00,22.0,85,19.3,0.0,0.0,1.5,0.0,0.0
2011-08-13 02:00:00,21.5,76,17.1,0.0,0.0,1.49,0.0,0.0
2011-08-13 03:00:00,21.1,79,17.4,0.0,0.0,1.7,0.0,0.0
2011-08-13 04:00:00,20.9,83,18.0,0.0,0.0,1.86,0.0,0.0
2011-08-13 05:00:00,20.6,89,18.7,0.0,0.0,1.56,0.0,0.0
2011-08-13 06:00:00,20.8,91,19.2,0.0,0.0,2.01,16.0,0.0576
2011-08-13 07:00:00,23.4,79,19.6,0.0,0.0,2.28,122.0,0.4392
2011-08-13 08:00:00,24.7,72,19.4,0.0,0.0,3.54,276.0,0.9935999999999999
2011-08-13 09:00:00,26.3,66,19.5,0.0,0.0,2.82,408.0,1.4687999999999999
2011-08-13 10:00:00,28.4,59,19.5,0.0,0.0,2.4,606.0,2.1816
2011-08-13 11:00:00,29.7,55,19.6,0.0,0.0,3.61,699.0,2.5164
2011-08-13 12:00:00,30.7,51,19.2,0.1,0.0,4.52,814.0,2.9304
2011-08-13 13:00:00,30.6,51,19.4,0.4,0.0,5.06,585.0,2.106
2011-08-13 14:00:00,30.4,51,19.2,0.0,0.0,5.1,562.0,2.0232
2011-08-13 15:00:00,29.7,53,19.2,0.1,0.0,5.12,347.0,1.2491999999999999
2011-08-13 16:00:00,25.8,76,21.3,3.6,0.0,3.31,237.0,0.8532
2011-08-13 17:00:00,25.4,78,21.2,1.2,0.0,1.52,192.0,0.6912
2011-08-13 18:00:00,25.9,73,20.7,0.0,0.0,2.36,150.0,0.54
2011-08-13 19:00:00,25.4,73,20.3,0.0,0.0,3.0,35.0,0.126
2011-08-13 20:00:00,24.8,74,19.9,0.0,0.0,3.13,0.0,0.0
2011-08-13 21:00:00,24.7,75,20.0,0.0,0.0,3.04,0.0,0.0
2011-08-13 22:00:00,24.5,76,20.0,0.0,0.0,3.01,0.0,0.0
2011-08-13 23:00:00,24.2,77,20.0,0.0,0.0,3.1,0.0,0.0
2011-08-14 00:00:00,23.7,80,20.0,0.0,0.0,3.1,0.0,0.0
2011-08-14 01:00:00,23.1,85,20.3,0.7,0.0,2.81,0.0,0.0
2011-08-14 02:00:00,23.1,85,20.5,0.7,0.0,2.2,0.0,0.0
2011-08-14 03:00:00,22.3,91,20.8,1.1,0.0,1.97,0.0,0.0
2011-08-14 04:00:00,21.7,95,20.9,1.3,0.0,2.06,0.0,0.0
2011-08-14 05:00:00,21.2,97,20.7,1.5,0.0,1.58,0.0,0.0
2011-08-14 06:00:00,20.9,98,20.6,1.5,0.0,2.0,3.0,0.0108
2011-08-14 07:00:00,21.0,99,20.8,1.4,0.0,2.26,18.0,0.0648
2011-08-14 08:00:00,21.1,98,20.7,0.3,0.0,1.77,41.0,0.1476
2011-08-14 09:00:00,21.7,92,20.3,0.0,0.0,2.09,130.0,0.46799999999999997
2011-08-14 10:00:00,22.1,91,20.5,0.2,0.0,2.0,151.0,0.5436
2011-08-14 11:00:00,22.4,89,20.6,0.3,0.0,1.3,201.0,0.7236
2011-08-14 12:00:00,23.9,82,20.7,0.6,0.0,0.72,422.0,1.5191999999999999
2011-08-14 13:00:00,25.1,79,21.2,0.1,0.0,0.98,440.0,1.5839999999999999
2011-08-14 14:00:00,27.7,70,21.8,0.7,0.0,2.02,666.0,2.3975999999999997
2011-08-14 15:00:00,27.7,69,21.5,1.2,0.0,2.39,557.0,2.0052
2011-08-14 16:00:00,25.7,76,21.1,7.8,0.0,2.66,406.0,1.4616
2011-08-14 17:00:00,23.9,87,21.6,0.7,0.0,2.72,162.0,0.5831999999999999
2011-08-14 18:00:00,23.8,88,21.7,0.0,0.0,1.6,107.0,0.3852
2011-08-14 19:00:00,23.3,91,21.7,0.0,0.0,1.22,36.0,0.1296
2011-08-14 20:00:00,22.6,94,21.5,0.7,0.0,0.61,0.0,0.0
2011-08-14 21:00:00,21.7,98,21.4,0.2,0.0,1.08,0.0,0.0
2011-08-14 22:00:00,21.5,98,21.2,0.0,0.0,1.24,0.0,0.0
2011-08-14 23:00:00,21.1,99,21.0,0.0,0.0,0.6,0.0,0.0
2011-08-15 00:00:00,20.7,99,20.6,0.0,0.0,0.89,0.0,0.0
2011-08-15 01:00:00,20.4,99,20.3,0.0,0.0,0.85,0.0,0.0
2011-08-15 02:00:00,20.7,98,20.5,0.2,0.0,0.8,0.0,0.0
2011-08-15 03:00:00,21.0,97,20.5,0.0,0.0,0.91,0.0,0.0
2011-08-15 04:00:00,21.1,97,20.6,0.0,0.0,1.51,0.0,0.0
2011-08-15 05:00:00,21.1,97,20.6,0.0,0.0,2.28,0.0,0.0
2011-08-15 06:00:00,20.7,97,20.3,0.5,0.0,2.75,4.0,0.0144
2011-08-15 07:00:00,20.4,99,20.3,1.3,0.0,1.99,47.0,0.1692
2011-08-15 08:00:00,20.1,99,19.9,1.4,0.0,1.9,45.0,0.162
2011-08-15 09:00:00,20.1,97,19.6,1.1,0.0,2.22,120.0,0.432
2011-08-15 10:00:00,21.1,87,18.9,0.0,0.0,2.2,238.0,0.8568
2011-08-15 11:00:00,22.7,80,19.1,0.0,0.0,2.0,335.0,1.206
2011-08-15 12:00:00,24.0,74,19.1,0.0,0.0,1.92,395.0,1.422
2011-08-15 13:00:00,24.9,71,19.2,0.0,0.0,1.7,432.0,1.5552
2011-08-15 14:00:00,26.5,64,19.0,0.3,0.0,2.15,590.0,2.124
2011-08-15 15:00:00,25.9,66,19.2,0.3,0.0,2.1,447.0,1.6092
2011-08-15 16:00:00,25.2,70,19.3,1.4,0.0,1.56,338.0,1.2167999999999999
2011-08-15 17:00:00,23.8,81,20.3,2.5,0.0,1.08,246.0,0.8855999999999999
2011-08-15 18:00:00,22.8,87,20.5,2.8,0.0,1.81,142.0,0.5112
2011-08-15 19:00:00,21.6,91,20.1,1.0,0.0,1.0,31.0,0.11159999999999999
2011-08-15 20:00:00,21.2,90,19.5,0.0,0.0,1.84,0.0,0.0
2011-08-15 21:00:00,20.8,90,19.2,0.0,0.0,2.18,0.0,0.0
2011-08-15 22:00:00,20.3,91,18.8,0.0,0.0,2.57,0.0,0.0
2011-08-15 23:00:00,20.0,91,18.4,0.0,0.0,2.82,0.0,0.0
2011-08-16 00:00:00,19.6,90,18.0,0.0,0.0,3.01,0.0,0.0
2011-08-16 01:00:00,19.4,90,17.7,0.0,0.0,3.26,0.0,0.0
2011-08-16 02:00:00,19.6,90,17.9,0.0,0.0,3.38,0.0,0.0
2011-08-16 03:00:00,19.4,89,17.6,0.0,0.0,3.5,0.0,0.0
2011-08-16 04:00:00,19.2,89,17.4,0.0,0.0,3.66,0.0,0.0
2011-08-16 05:00:00,19.1,88,17.2,0.0,0.0,3.81,0.0,0.0
2011-08-16 06:00:00,19.2,88,17.2,0.0,0.0,3.88,12.0,0.0432
2011-08-16 07:00:00,20.4,85,17.7,0.0,0.0,3.42,128.0,0.4608
2011-08-16 08:00:00,22.1,73,17.1,0.0,0.0,3.89,303.0,1.0908
2011-08-16 09:00:00,23.6,64,16.5,0.0,0.0,5.22,383.0,1.3788
2011-08-16 10:00:00,24.5,61,16.4,0.0,0.0,4.55,346.0,1.2456
2011-08-16 11:00:00,25.2,58,16.4,0.0,0.0,4.55,349.0,1.2564
2011-08-16 12:00:00,25.7,56,16.2,0.0,0.0,4.34,353.0,1.2708
2011-08-16 13:00:00,26.5,53,16.0,0.0,0.0,4.06,424.0,1.5264
2011-08-16 14:00:00,28.2,47,15.9,0.0,0.0,3.61,670.0,2.412
2011-08-16 15:00:00,28.4,46,15.5,0.0,0.0,3.21,553.0,1.9908
2011-08-16 16:00:00,28.4,45,15.4,0.0,0.0,2.62,421.0,1.5156
2011-08-16 17:00:00,28.0,47,15.8,0.0,0.0,2.2,272.0,0.9792
2011-08-16 18:00:00,26.8,66,19.9,0.0,0.0,0.61,174.0,0.6264
2011-08-16 19:00:00,25.3,66,18.5,0.0,0.0,0.81,37.0,0.13319999999999999
2011-08-16 20:00:00,23.5,70,17.6,0.0,0.0,0.98,0.0,0.0
2011-08-16 21:00:00,22.2,73,17.1,0.0,0.0,1.08,0.0,0.0
2011-08-16 22:00:00,21.5,75,17.0,0.0,0.0,1.3,0.0,0.0
2011-08-16 23:00:00,21.2,76,16.8,0.0,0.0,1.7,0.0,0.0
2011-08-17 00:00:00,20.5,79,16.7,0.0,0.0,1.98,0.0,0.0
2011-08-17 01:00:00,19.8,82,16.7,0.0,0.0,2.02,0.0,0.0
2011-08-17 02:00:00,19.3,90,17.6,0.0,0.0,1.8,0.0,0.0
2011-08-17 03:00:00,19.2,91,17.7,0.0,0.0,1.6,0.0,0.0
2011-08-17 04:00:00,18.9,91,17.4,0.0,0.0,1.43,0.0,0.0
2011-08-17 05:00:00,18.6,92,17.2,0.0,0.0,1.35,0.0,0.0
2011-08-17 06:00:00,18.5,92,17.2,0.0,0.0,1.61,14.0,0.0504
2011-08-17 07:00:00,21.2,84,18.4,0.0,0.0,1.24,140.0,0.504
2011-08-17 08:00:00,24.2,70,18.3,0.0,0.0,0.73,327.0,1.1772
2011-08-17 09:00:00,26.6,60,18.1,0.0,0.0,0.6,514.0,1.8504
2011-08-17 10:00:00,28.4,51,17.4,0.0,0.0,0.86,683.0,2.4588
2011-08-17 11:00:00,29.4,45,16.3,0.0,0.0,0.92,723.0,2.6028
2011-08-17 12:00:00,29.2,45,15.9,0.0,0.0,1.02,513.0,1.8468
2011-08-17 13:00:00,29.8,43,15.7,0.0,0.0,1.21,613.0,2.2068
2011-08-17 14:00:00,30.1,42,15.6,0.0,0.0,1.55,549.0,1.9764
2011-08-17 15:00:00,29.8,43,15.8,0.0,0.0,1.7,463.0,1.6668
2011-08-17 16:00:00,29.3,45,16.2,0.0,0.0,2.01,367.0,1.3212
2011-08-17 17:00:00,28.7,49,16.8,0.0,0.0,2.81,279.0,1.0044
2011-08-17 18:00:00,27.4,56,17.9,0.0,0.0,2.57,123.0,0.44279999999999997
2011-08-17 19:00:00,26.0,64,18.6,0.0,0.0,2.69,35.0,0.126
2011-08-17 20:00:00,25.1,68,18.9,0.0,0.0,2.85,0.0,0.0
2011-08-17 21:00:00,24.5,71,19.0,0.0,0.0,2.91,0.0,0.0
2011-08-17 22:00:00,23.8,74,18.9,0.0,0.0,3.04,0.0,0.0
2011-08-17 23:00:00,23.2,75,18.6,0.0,0.0,3.01,0.0,0.0
2011-08-18 00:00:00,22.8,76,18.3,0.0,0.0,3.0,0.0,0.0
2011-08-18 01:00:00,22.5,76,18.1,0.0,0.0,3.0,0.0,0.0
2011-08-18 02:00:00,22.4,75,17.8,0.0,0.0,3.2,0.0,0.0
2011-08-18 03:00:00,22.3,75,17.5,0.0,0.0,3.34,0.0,0.0
2011-08-18 04:00:00,22.0,75,17.3,0.0,0.0,3.18,0.0,0.0
2011-08-18 05:00:00,21.8,76,17.3,0.0,0.0,2.98,0.0,0.0
2011-08-18 06:00:00,21.6,78,17.6,0.0,0.0,2.97,10.0,0.036
2011-08-18 07:00:00,22.4,77,18.2,0.0,0.0,2.92,101.0,0.3636
2011-08-18 08:00:00,23.8,71,18.3,0.0,0.0,3.28,223.0,0.8028
2011-08-18 09:00:00,25.4,66,18.6,0.0,0.0,2.98,393.0,1.4148
2011-08-18 10:00:00,26.9,62,19.0,0.0,0.0,2.64,511.0,1.8396
2011-08-18 11:00:00,28.7,56,19.2,0.0,0.0,2.56,735.0,2.646
2011-08-18 12:00:00,30.2,51,18.8,0.0,0.0,2.55,812.0,2.9232
2011-08-18 13:00:00,31.1,46,18.1,0.0,0.0,2.61,848.0,3.0528
2011-08-18 14:00:00,31.7,44,17.9,0.0,0.0,2.86,750.0,2.6999999999999997
2011-08-18 15:00:00,31.8,43,17.5,0.0,0.0,3.1,652.0,2.3472
2011-08-18 16:00:00,30.6,46,17.5,0.0,0.0,2.6,426.0,1.5335999999999999
2011-08-18 17:00:00,27.2,62,19.3,1.9,0.0,2.28,235.0,0.846
2011-08-18 18:00:00,24.9,78,20.7,1.5,0.0,2.62,142.0,0.5112
2011-08-18 19:00:00,24.0,81,20.5,0.2,0.0,1.77,25.0,0.09
2011-08-18 20:00:00,23.5,83,20.3,0.0,0.0,1.7,0.0,0.0
2011-08-18 21:00:00,23.3,84,20.4,0.0,0.0,1.58,0.0,0.0
2011-08-18 22:00:00,22.9,86,20.4,0.0,0.0,1.6,0.0,0.0
2011-08-18 23:00:00,22.2,89,20.4,0.4,0.0,1.53,0.0,0.0
2011-08-19 00:00:00,21.8,92,20.5,0.0,0.0,0.89,0.0,0.0
2011-08-19 01:00:00,21.2,95,20.3,0.0,0.0,1.08,0.0,0.0
2011-08-19 02:00:00,20.8,94,19.9,0.0,0.0,1.03,0.0,0.0
2011-08-19 03:00:00,20.9,94,19.9,0.0,0.0,1.5,0.0,0.0
2011-08-19 04:00:00,21.4,93,20.3,0.0,0.0,1.7,0.0,0.0
2011-08-19 05:00:00,21.2,95,20.4,0.0,0.0,1.58,0.0,0.0
2011-08-19 06:00:00,20.9,96,20.3,0.0,0.0,1.8,11.0,0.039599999999999996
2011-08-19 07:00:00,22.2,93,21.0,0.0,0.0,1.2,131.0,0.47159999999999996
2011-08-19 08:00:00,24.0,84,21.1,0.0,0.0,0.91,310.0,1.1159999999999999
2011-08-19 09:00:00,25.9,74,20.9,0.0,0.0,0.91,498.0,1.7928
2011-08-19 10:00:00,28.1,62,20.2,0.0,0.0,0.92,672.0,2.4192
2011-08-19 11:00:00,29.7,54,19.5,0.0,0.0,0.76,792.0,2.8512
2011-08-19 12:00:00,30.6,51,19.2,0.0,0.0,1.06,822.0,2.9592
2011-08-19 13:00:00,31.2,49,19.3,0.0,0.0,1.7,797.0,2.8691999999999998
2011-08-19 14:00:00,29.0,60,20.5,0.1,0.0,2.09,627.0,2.2572
2011-08-19 15:00:00,28.7,61,20.3,1.3,0.0,1.73,578.0,2.0808
2011-08-19 16:00:00,28.9,59,20.2,0.1,0.0,1.17,447.0,1.6092
2011-08-19 17:00:00,28.4,60,19.9,0.1,0.0,0.58,318.0,1.1448
2011-08-19 18:00:00,27.6,64,20.2,0.0,0.0,1.66,118.0,0.4248
2011-08-19 19:00:00,26.3,79,22.3,0.0,0.0,1.0,33.0,0.1188
2011-08-19 20:00:00,24.1,79,20.3,2.4,0.0,2.33,0.0,0.0
2011-08-19 21:00:00,21.8,91,20.3,1.1,0.0,1.49,0.0,0.0
2011-08-19 22:00:00,21.7,92,20.4,0.0,0.0,0.78,0.0,0.0
2011-08-19 23:00:00,21.5,94,20.5,0.0,0.0,0.72,0.0,0.0
2011-08-20 00:00:00,20.9,97,20.4,0.0,0.0,1.22,0.0,0.0
2011-08-20 01:00:00,20.7,97,20.3,0.2,0.0,1.21,0.0,0.0
2011-08-20 02:00:00,19.8,99,19.7,0.0,0.0,1.3,0.0,0.0
2011-08-20 03:00:00,19.6,99,19.4,0.0,0.0,1.55,0.0,0.0
2011-08-20 04:00:00,19.2,99,19.1,0.0,0.0,1.2,0.0,0.0
2011-08-20 05:00:00,19.0,99,18.9,0.0,0.0,0.91,0.0,0.0
2011-08-20 06:00:00,18.9,99,18.8,0.0,0.0,1.0,10.0,0.036
2011-08-20 07:00:00,21.0,94,20.0,0.0,0.0,1.14,127.0,0.4572
2011-08-20 08:00:00,22.6,90,20.8,0.0,0.0,0.85,308.0,1.1088
2011-08-20 09:00:00,24.3,80,20.7,0.0,0.0,0.54,501.0,1.8035999999999999
2011-08-20 10:00:00,26.2,70,20.3,0.0,0.0,0.4,668.0,2.4048
2011-08-20 11:00:00,27.9,62,19.9,0.0,0.0,0.81,781.0,2.8116
2011-08-20 12:00:00,28.9,56,19.3,0.0,0.0,1.42,782.0,2.8152
2011-08-20 13:00:00,29.5,54,19.3,0.0,0.0,1.39,736.0,2.6496
2011-08-20 14:00:00,29.6,52,18.8,0.0,0.0,1.63,654.0,2.3544
2011-08-20 15:00:00,29.9,52,18.9,0.0,0.0,2.0,610.0,2.1959999999999997
2011-08-20 16:00:00,29.6,52,18.8,0.0,0.0,2.1,427.0,1.5372
2011-08-20 17:00:00,29.1,53,18.4,0.0,0.0,1.94,336.0,1.2096
2011-08-20 18:00:00,28.1,58,19.0,0.0,0.0,1.99,144.0,0.5184
2011-08-20 19:00:00,26.5,65,19.4,0.0,0.0,2.2,34.0,0.1224
2011-08-20 20:00:00,25.5,70,19.6,0.0,0.0,2.47,0.0,0.0
2011-08-20 21:00:00,24.8,75,20.0,0.0,0.0,2.56,0.0,0.0
2011-08-20 22:00:00,24.1,79,20.2,0.0,0.0,2.55,0.0,0.0
2011-08-20 23:00:00,23.5,83,20.4,0.0,0.0,2.63,0.0,0.0
2011-08-21 00:00:00,23.0,86,20.5,0.0,0.0,2.62,0.0,0.0
2011-08-21 01:00:00,22.6,89,20.7,0.0,0.0,2.71,0.0,0.0
2011-08-21 02:00:00,22.3,91,20.8,0.0,0.0,2.61,0.0,0.0
2011-08-21 03:00:00,22.2,92,20.8,0.0,0.0,2.51,0.0,0.0
2011-08-21 04:00:00,22.0,92,20.7,0.0,0.0,2.7,0.0,0.0
2011-08-21 05:00:00,22.2,91,20.7,0.0,0.0,2.62,0.0,0.0
2011-08-21 06:00:00,22.2,91,20.6,0.0,0.0,2.82,9.0,0.0324
2011-08-21 07:00:00,23.5,85,20.9,0.0,0.0,2.61,105.0,0.378
2011-08-21 08:00:00,25.3,76,20.8,0.0,0.0,2.7,247.0,0.8892
2011-08-21 09:00:00,27.1,70,21.1,0.0,0.0,2.53,427.0,1.5372
2011-08-21 10:00:00,28.8,64,21.4,0.0,0.0,2.51,560.0,2.016
2011-08-21 11:00:00,29.8,62,21.7,0.2,0.0,2.72,692.0,2.4912
2011-08-21 12:00:00,30.1,62,22.1,0.3,0.0,3.32,729.0,2.6244
2011-08-21 13:00:00,30.6,63,22.6,0.3,0.0,3.42,788.0,2.8367999999999998
2011-08-21 14:00:00,27.6,79,23.6,4.2,0.0,3.22,572.0,2.0592
2011-08-21 15:00:00,27.1,79,23.2,2.0,0.0,3.21,486.0,1.7496
2011-08-21 16:00:00,27.1,80,23.3,0.0,0.0,3.81,329.0,1.1844
2011-08-21 17:00:00,26.9,81,23.4,0.0,0.0,3.5,328.0,1.1808
2011-08-21 18:00:00,26.6,83,23.5,0.0,0.0,2.88,150.0,0.54
2011-08-21 19:00:00,25.7,88,23.6,0.0,0.0,2.28,26.0,0.0936
2011-08-21 20:00:00,24.9,92,23.5,0.2,0.0,2.55,0.0,0.0
2011-08-21 21:00:00,24.4,93,23.2,3.4,0.0,2.76,0.0,0.0
2011-08-21 22:00:00,24.1,94,23.1,0.3,0.0,2.77,0.0,0.0
2011-08-21 23:00:00,23.9,93,22.8,0.0,0.0,3.2,0.0,0.0
2011-08-22 00:00:00,23.5,91,21.9,0.0,0.0,3.76,0.0,0.0
2011-08-22 01:00:00,23.0,87,20.7,0.0,0.0,4.5,0.0,0.0
2011-08-22 02:00:00,23.3,80,19.7,0.0,0.0,4.1,0.0,0.0
2011-08-22 03:00:00,22.8,80,19.1,0.0,0.0,3.55,0.0,0.0
2011-08-22 04:00:00,22.4,79,18.6,0.0,0.0,3.7,0.0,0.0
2011-08-22 05:00:00,22.1,78,18.0,0.0,0.0,3.04,0.0,0.0
2011-08-22 06:00:00,21.5,78,17.6,0.0,0.0,2.76,8.0,0.0288
2011-08-22 07:00:00,21.8,75,17.2,0.0,0.0,2.75,108.0,0.3888
2011-08-22 08:00:00,22.7,64,15.6,0.0,0.0,3.68,307.0,1.1052
2011-08-22 09:00:00,23.7,56,14.3,0.0,0.0,3.55,522.0,1.8792
2011-08-22 10:00:00,24.8,48,13.2,0.0,0.0,3.58,681.0,2.4516
2011-08-22 11:00:00,25.8,43,12.1,0.0,0.0,3.88,799.0,2.8764
2011-08-22 12:00:00,26.6,38,11.2,0.0,0.0,3.92,867.0,3.1212
2011-08-22 13:00:00,27.3,35,10.4,0.0,0.0,3.92,860.0,3.096
2011-08-22 14:00:00,27.0,40,12.2,0.0,0.0,3.84,766.0,2.7576
2011-08-22 15:00:00,27.1,38,11.7,0.0,0.0,3.7,643.0,2.3148
2011-08-22 16:00:00,27.0,37,11.2,0.0,0.0,3.78,526.0,1.8936
2011-08-22 17:00:00,26.6,38,10.9,0.0,0.0,3.18,369.0,1.3284
2011-08-22 18:00:00,25.6,39,10.8,0.0,0.0,2.24,192.0,0.6912
2011-08-22 19:00:00,24.2,46,11.7,0.0,0.0,1.97,29.0,0.10439999999999999
2011-08-22 20:00:00,23.6,42,9.9,0.0,0.0,1.98,0.0,0.0
2011-08-22 21:00:00,22.4,44,9.6,0.0,0.0,2.48,0.0,0.0
2011-08-22 22:00:00,21.5,47,9.6,0.0,0.0,2.97,0.0,0.0
2011-08-22 23:00:00,20.8,50,9.9,0.0,0.0,3.4,0.0,0.0
2011-08-23 00:00:00,19.7,54,10.2,0.0,0.0,3.36,0.0,0.0
2011-08-23 01:00:00,18.7,60,10.8,0.0,0.0,2.88,0.0,0.0
2011-08-23 02:00:00,17.5,62,10.0,0.0,0.0,2.58,0.0,0.0
2011-08-23 03:00:00,16.7,67,10.5,0.0,0.0,2.36,0.0,0.0
2011-08-23 04:00:00,16.1,72,11.1,0.0,0.0,2.02,0.0,0.0
2011-08-23 05:00:00,15.6,76,11.3,0.0,0.0,1.58,0.0,0.0
2011-08-23 06:00:00,15.6,77,11.6,0.0,0.0,1.71,9.0,0.0324
2011-08-23 07:00:00,17.9,71,12.5,0.0,0.0,1.58,126.0,0.4536
2011-08-23 08:00:00,20.5,58,12.0,0.0,0.0,1.51,308.0,1.1088
2011-08-23 09:00:00,22.2,51,11.6,0.0,0.0,1.39,503.0,1.8108
2011-08-23 10:00:00,23.6,44,10.7,0.0,0.0,0.86,684.0,2.4624
2011-08-23 11:00:00,24.7,40,10.3,0.0,0.0,0.51,810.0,2.916
2011-08-23 12:00:00,25.6,38,10.1,0.0,0.0,0.22,880.0,3.1679999999999997
2011-08-23 13:00:00,26.4,35,9.9,0.0,0.0,0.41,874.0,3.1464
2011-08-23 14:00:00,26.5,36,10.1,0.0,0.0,0.91,733.0,2.6388
2011-08-23 15:00:00,26.9,35,10.1,0.0,0.0,0.91,667.0,2.4012
2011-08-23 16:00:00,26.8,35,10.0,0.0,0.0,1.02,513.0,1.8468
2011-08-23 17:00:00,26.5,35,10.0,0.0,0.0,0.95,383.0,1.3788
2011-08-23 18:00:00,25.3,41,11.1,0.0,0.0,1.53,194.0,0.6984
2011-08-23 19:00:00,23.3,49,11.9,0.0,0.0,1.98,35.0,0.126
2011-08-23 20:00:00,22.0,54,12.3,0.0,0.0,2.72,0.0,0.0
2011-08-23 21:00:00,21.1,58,12.6,0.0,0.0,2.34,0.0,0.0
2011-08-23 22:00:00,20.3,62,12.8,0.0,0.0,2.09,0.0,0.0
2011-08-23 23:00:00,19.5,66,12.9,0.0,0.0,2.25,0.0,0.0
2011-08-24 00:00:00,18.8,70,13.2,0.0,0.0,2.31,0.0,0.0
2011-08-24 01:00:00,18.2,76,13.8,0.0,0.0,2.33,0.0,0.0
2011-08-24 02:00:00,17.6,82,14.5,0.0,0.0,2.41,0.0,0.0
2011-08-24 03:00:00,17.2,88,15.2,0.0,0.0,2.31,0.0,0.0
2011-08-24 04:00:00,16.8,91,15.4,0.0,0.0,2.22,0.0,0.0
2011-08-24 05:00:00,16.6,93,15.5,0.0,0.0,2.14,0.0,0.0
2011-08-24 06:00:00,16.6,94,15.6,0.0,0.0,2.18,9.0,0.0324
2011-08-24 07:00:00,19.2,86,16.8,0.0,0.0,2.35,122.0,0.4392
2011-08-24 08:00:00,21.9,73,16.7,0.0,0.0,2.94,307.0,1.1052
2011-08-24 09:00:00,23.8,65,16.9,0.0,0.0,3.52,498.0,1.7928
2011-08-24 10:00:00,25.6,60,17.3,0.0,0.0,4.12,663.0,2.3868
2011-08-24 11:00:00,27.2,54,17.2,0.0,0.0,5.06,786.0,2.8296
2011-08-24 12:00:00,28.3,48,16.2,0.0,0.0,5.46,780.0,2.808
2011-08-24 13:00:00,28.9,44,15.3,0.0,0.0,5.41,700.0,2.52
2011-08-24 14:00:00,28.1,50,16.8,0.0,0.0,5.36,443.0,1.5948
2011-08-24 15:00:00,28.5,48,16.5,0.0,0.0,5.36,408.0,1.4687999999999999
2011-08-24 16:00:00,29.0,45,16.0,0.0,0.0,5.17,402.0,1.4472
2011-08-24 17:00:00,28.7,46,16.0,0.0,0.0,4.37,259.0,0.9324
2011-08-24 18:00:00,27.5,50,16.2,0.0,0.0,3.61,128.0,0.4608
2011-08-24 19:00:00,26.0,56,16.4,0.0,0.0,3.3,30.0,0.108
2011-08-24 20:00:00,25.0,59,16.5,0.0,0.0,3.79,0.0,0.0
2011-08-24 21:00:00,24.4,63,16.8,0.0,0.0,4.54,0.0,0.0
2011-08-24 22:00:00,23.8,66,17.2,0.0,0.0,4.32,0.0,0.0
2011-08-24 23:00:00,23.5,69,17.4,0.0,0.0,4.1,0.0,0.0
2011-08-25 00:00:00,23.3,69,17.4,0.0,0.0,4.53,0.0,0.0
2011-08-25 01:00:00,23.1,70,17.4,0.0,0.0,4.79,0.0,0.0
2011-08-25 02:00:00,23.5,67,17.1,0.0,0.0,4.78,0.0,0.0
2011-08-25 03:00:00,23.3,71,17.8,0.0,0.0,4.63,0.0,0.0
2011-08-25 04:00:00,23.1,75,18.5,0.0,0.0,4.59,0.0,0.0
2011-08-25 05:00:00,23.0,78,19.0,0.0,0.0,3.96,0.0,0.0
2011-08-25 06:00:00,23.0,81,19.5,0.0,0.0,3.91,7.0,0.0252
2011-08-25 07:00:00,23.6,80,20.0,0.4,0.0,4.17,95.0,0.34199999999999997
2011-08-25 08:00:00,23.6,85,20.8,1.1,0.0,4.28,149.0,0.5364
2011-08-25 09:00:00,24.5,82,21.2,0.0,0.0,3.62,227.0,0.8171999999999999
2011-08-25 10:00:00,26.6,72,21.2,0.0,0.0,3.36,454.0,1.6343999999999999
2011-08-25 11:00:00,29.2,62,21.1,0.0,0.0,3.76,728.0,2.6208
2011-08-25 12:00:00,31.3,55,21.0,0.0,0.0,3.07,808.0,2.9088
2011-08-25 13:00:00,32.6,49,20.6,0.4,0.0,2.79,812.0,2.9232
2011-08-25 14:00:00,25.7,89,23.7,0.5,0.0,2.82,206.0,0.7415999999999999
2011-08-25 15:00:00,26.6,84,23.7,0.0,0.0,2.0,242.0,0.8712
2011-08-25 16:00:00,28.4,74,23.4,0.0,0.0,1.7,403.0,1.4507999999999999
2011-08-25 17:00:00,28.6,73,23.2,0.0,0.0,2.08,288.0,1.0368
2011-08-25 18:00:00,27.0,82,23.7,1.0,0.0,2.15,93.0,0.3348
2011-08-25 19:00:00,25.5,89,23.5,4.6,0.0,3.0,8.0,0.0288
2011-08-25 20:00:00,24.1,96,23.4,5.2,0.0,3.26,0.0,0.0
2011-08-25 21:00:00,23.7,97,23.2,1.1,0.0,2.77,0.0,0.0
2011-08-25 22:00:00,23.3,98,22.9,0.0,0.0,2.68,0.0,0.0
2011-08-25 23:00:00,22.9,98,22.6,0.0,0.0,2.51,0.0,0.0
2011-08-26 00:00:00,22.6,98,22.3,0.0,0.0,2.06,0.0,0.0
2011-08-26 01:00:00,22.2,99,22.1,0.0,0.0,1.39,0.0,0.0
2011-08-26 02:00:00,21.5,96,20.8,0.0,0.0,1.2,0.0,0.0
2011-08-26 03:00:00,21.2,97,20.6,0.0,0.0,1.39,0.0,0.0
2011-08-26 04:00:00,21.5,96,20.8,0.0,0.0,0.98,0.0,0.0
2011-08-26 05:00:00,21.0,98,20.8,0.0,0.0,0.63,0.0,0.0
2011-08-26 06:00:00,20.7,99,20.6,0.0,0.0,1.12,5.0,0.018
2011-08-26 07:00:00,21.9,96,21.2,0.0,0.0,1.13,85.0,0.306
2011-08-26 08:00:00,23.6,88,21.5,0.0,0.0,1.58,235.0,0.846
2011-08-26 09:00:00,25.1,82,21.8,0.0,0.0,1.9,354.0,1.2744
2011-08-26 10:00:00,26.6,75,21.7,0.0,0.0,2.0,478.0,1.7207999999999999
2011-08-26 11:00:00,27.9,71,22.1,0.0,0.0,2.73,622.0,2.2392
2011-08-26 12:00:00,28.8,69,22.5,0.1,0.0,3.05,750.0,2.6999999999999997
2011-08-26 13:00:00,29.2,68,22.7,0.0,0.0,2.27,625.0,2.25
2011-08-26 14:00:00,29.9,62,21.7,0.0,0.0,1.46,632.0,2.2752
2011-08-26 15:00:00,30.1,61,21.7,0.0,0.0,1.9,549.0,1.9764
2011-08-26 16:00:00,29.1,65,21.8,0.2,0.0,2.51,432.0,1.5552
2011-08-26 17:00:00,28.0,71,22.2,0.1,0.0,1.97,282.0,1.0151999999999999
2011-08-26 18:00:00,26.9,75,22.2,0.1,0.0,1.0,125.0,0.45
2011-08-26 19:00:00,25.9,80,22.2,0.1,0.0,1.5,11.0,0.039599999999999996
2011-08-26 20:00:00,25.2,83,22.2,0.0,0.0,1.7,0.0,0.0
2011-08-26 21:00:00,24.6,87,22.2,0.0,0.0,2.2,0.0,0.0
2011-08-26 22:00:00,24.2,89,22.3,0.0,0.0,2.33,0.0,0.0
2011-08-26 23:00:00,23.9,92,22.4,0.0,0.0,2.28,0.0,0.0
2011-08-27 00:00:00,23.7,93,22.5,0.0,0.0,2.35,0.0,0.0
2011-08-27 01:00:00,23.5,95,22.6,0.0,0.0,2.46,0.0,0.0
2011-08-27 02:00:00,23.4,97,22.8,0.0,0.0,2.7,0.0,0.0
2011-08-27 03:00:00,23.4,97,22.9,0.0,0.0,2.84,0.0,0.0
2011-08-27 04:00:00,23.5,98,23.1,0.0,0.0,3.42,0.0,0.0
2011-08-27 05:00:00,23.7,98,23.3,0.0,0.0,3.58,0.0,0.0
2011-08-27 06:00:00,23.8,97,23.3,0.0,0.0,3.62,3.0,0.0108
2011-08-27 07:00:00,24.0,96,23.4,0.0,0.0,4.24,33.0,0.1188
2011-08-27 08:00:00,24.3,95,23.4,0.0,0.0,4.74,71.0,0.2556
2011-08-27 09:00:00,24.3,94,23.3,0.0,0.0,4.81,83.0,0.2988
2011-08-27 10:00:00,24.6,91,23.1,0.4,0.0,5.06,181.0,0.6516
2011-08-27 11:00:00,24.1,92,22.8,0.7,0.0,6.27,159.0,0.5724
2011-08-27 12:00:00,24.0,93,22.8,0.8,0.0,5.88,132.0,0.4752
2011-08-27 13:00:00,23.7,95,22.9,1.6,0.0,6.74,170.0,0.612
2011-08-27 14:00:00,23.2,96,22.5,4.5,0.0,6.94,167.0,0.6012
2011-08-27 15:00:00,22.5,94,21.5,5.8,0.0,7.91,45.0,0.162
2011-08-27 16:00:00,22.3,94,21.3,5.0,0.0,8.45,59.0,0.2124
2011-08-27 17:00:00,22.2,94,21.1,5.2,0.0,9.08,22.0,0.07919999999999999
2011-08-27 18:00:00,22.0,94,20.9,4.8,0.0,9.42,7.0,0.0252
2011-08-27 19:00:00,21.7,94,20.8,4.8,0.0,9.42,1.0,0.0036
2011-08-27 20:00:00,21.5,95,20.6,7.2,0.0,9.68,0.0,0.0
2011-08-27 21:00:00,21.4,94,20.5,6.6,0.0,9.89,0.0,0.0
2011-08-27 22:00:00,21.3,95,20.4,6.7,0.0,10.21,0.0,0.0
2011-08-27 23:00:00,21.3,95,20.5,6.8,0.0,10.83,0.0,0.0
2011-08-28 00:00:00,21.4,95,20.6,6.8,0.0,11.04,0.0,0.0
2011-08-28 01:00:00,21.3,95,20.5,5.5,0.0,10.72,0.0,0.0
2011-08-28 02:00:00,20.8,93,19.6,6.0,0.0,10.43,0.0,0.0
2011-08-28 03:00:00,20.7,92,19.4,4.3,0.0,10.35,0.0,0.0
2011-08-28 04:00:00,20.6,92,19.2,4.7,0.0,10.14,0.0,0.0
2011-08-28 05:00:00,20.4,91,19.0,4.9,0.0,9.72,0.0,0.0
2011-08-28 06:00:00,20.3,91,18.8,5.0,0.0,9.35,1.0,0.0036
2011-08-28 07:00:00,20.2,91,18.6,2.6,0.0,8.63,11.0,0.039599999999999996
2011-08-28 08:00:00,20.2,91,18.6,0.7,0.0,7.56,38.0,0.1368
2011-08-28 09:00:00,20.2,90,18.5,0.5,0.0,6.77,54.0,0.1944
2011-08-28 10:00:00,21.1,86,18.7,0.3,0.0,6.46,210.0,0.756
2011-08-28 11:00:00,23.7,74,18.7,0.0,0.0,7.43,395.0,1.422
2011-08-28 12:00:00,26.6,58,17.6,0.0,0.0,6.99,740.0,2.664
2011-08-28 13:00:00,28.1,51,17.0,0.0,0.0,6.41,791.0,2.8476
2011-08-28 14:00:00,27.9,49,16.0,0.0,0.0,5.78,662.0,2.3832
2011-08-28 15:00:00,28.5,45,15.5,0.0,0.0,5.32,653.0,2.3508
2011-08-28 16:00:00,28.5,45,15.3,0.0,0.0,4.36,527.0,1.8972
2011-08-28 17:00:00,27.8,50,16.3,0.0,0.0,2.55,358.0,1.2888
2011-08-28 18:00:00,26.4,56,16.8,0.0,0.0,1.43,164.0,0.5904
2011-08-28 19:00:00,24.7,61,16.6,0.0,0.0,2.02,23.0,0.0828
2011-08-28 20:00:00,23.2,64,16.1,0.0,0.0,1.8,0.0,0.0
2011-08-28 21:00:00,22.0,71,16.5,0.0,0.0,1.87,0.0,0.0
2011-08-28 22:00:00,21.0,76,16.7,0.0,0.0,1.81,0.0,0.0
2011-08-28 23:00:00,20.3,80,16.8,0.0,0.0,1.92,0.0,0.0
2011-08-29 00:00:00,19.6,84,16.7,0.0,0.0,2.06,0.0,0.0
2011-08-29 01:00:00,19.3,85,16.7,0.0,0.0,2.1,0.0,0.0
2011-08-29 02:00:00,18.9,85,16.4,0.0,0.0,2.1,0.0,0.0
2011-08-29 03:00:00,18.6,85,16.1,0.0,0.0,2.3,0.0,0.0
2011-08-29 04:00:00,18.6,83,15.6,0.0,0.0,2.33,0.0,0.0
2011-08-29 05:00:00,18.4,80,15.0,0.0,0.0,1.84,0.0,0.0
2011-08-29 06:00:00,18.5,77,14.5,0.0,0.0,1.92,4.0,0.0144
2011-08-29 07:00:00,18.9,76,14.5,0.0,0.0,1.89,63.0,0.2268
2011-08-29 08:00:00,20.0,68,14.0,0.0,0.0,2.14,182.0,0.6552
2011-08-29 09:00:00,21.2,61,13.3,0.0,0.0,2.36,346.0,1.2456
2011-08-29 10:00:00,21.8,58,13.1,0.0,0.0,2.3,417.0,1.5011999999999999
2011-08-29 11:00:00,21.9,58,13.2,0.1,0.0,1.97,423.0,1.5228
2011-08-29 12:00:00,22.2,57,13.2,0.0,0.0,1.57,395.0,1.422
2011-08-29 13:00:00,22.4,56,13.3,0.0,0.0,1.48,412.0,1.4831999999999999
2011-08-29 14:00:00,24.2,48,12.4,0.0,0.0,1.44,584.0,2.1024
2011-08-29 15:00:00,24.5,47,12.6,0.0,0.0,1.66,519.0,1.8683999999999998
2011-08-29 16:00:00,24.6,48,12.7,0.0,0.0,1.7,441.0,1.5876
2011-08-29 17:00:00,24.1,52,13.7,0.0,0.0,1.53,231.0,0.8316
2011-08-29 18:00:00,23.2,61,15.3,0.0,0.0,1.3,104.0,0.3744
2011-08-29 19:00:00,22.1,65,15.3,0.0,0.0,1.25,17.0,0.0612
2011-08-29 20:00:00,20.8,75,16.3,0.0,0.0,1.42,0.0,0.0
2011-08-29 21:00:00,21.2,68,15.2,0.0,0.0,1.49,0.0,0.0
2011-08-29 22:00:00,19.8,77,15.6,0.0,0.0,1.97,0.0,0.0
2011-08-29 23:00:00,18.4,84,15.7,0.0,0.0,1.97,0.0,0.0
2011-08-30 00:00:00,17.7,86,15.4,0.0,0.0,1.96,0.0,0.0
2011-08-30 01:00:00,17.2,87,15.1,0.0,0.0,1.81,0.0,0.0
2011-08-30 02:00:00,16.6,85,14.1,0.0,0.0,2.0,0.0,0.0
2011-08-30 03:00:00,16.1,85,13.6,0.0,0.0,2.21,0.0,0.0
2011-08-30 04:00:00,15.7,84,13.0,0.0,0.0,2.2,0.0,0.0
2011-08-30 05:00:00,15.3,83,12.5,0.0,0.0,2.19,0.0,0.0
2011-08-30 06:00:00,15.2,83,12.4,0.0,0.0,2.43,5.0,0.018
2011-08-30 07:00:00,17.2,78,13.3,0.0,0.0,2.42,114.0,0.4104
2011-08-30 08:00:00,20.0,68,13.8,0.0,0.0,1.84,302.0,1.0872
2011-08-30 09:00:00,22.1,61,14.3,0.0,0.0,1.92,496.0,1.7855999999999999
2011-08-30 10:00:00,23.7,55,14.1,0.0,0.0,2.3,663.0,2.3868
2011-08-30 11:00:00,24.8,50,13.6,0.0,0.0,2.64,789.0,2.8404
2011-08-30 12:00:00,25.6,47,13.5,0.0,0.0,2.31,859.0,3.0924
2011-08-30 13:00:00,26.1,46,13.6,0.0,0.0,2.12,868.0,3.1248
2011-08-30 14:00:00,26.4,42,12.5,0.0,0.0,2.1,818.0,2.9448
2011-08-30 15:00:00,26.4,42,12.5,0.0,0.0,2.04,709.0,2.5524
2011-08-30 16:00:00,26.0,43,12.4,0.0,0.0,1.84,551.0,1.9836
2011-08-30 17:00:00,25.3,47,13.1,0.0,0.0,1.92,361.0,1.2995999999999999
2011-08-30 18:00:00,24.0,57,15.0,0.0,0.0,1.78,165.0,0.594
2011-08-30 19:00:00,22.0,71,16.6,0.0,0.0,1.56,21.0,0.0756
2011-08-30 20:00:00,21.0,71,15.5,0.0,0.0,1.78,0.0,0.0
2011-08-30 21:00:00,21.4,65,14.6,0.0,0.0,1.86,0.0,0.0
2011-08-30 22:00:00,21.3,65,14.4,0.0,0.0,1.91,0.0,0.0
2011-08-30 23:00:00,21.1,65,14.2,0.0,0.0,1.98,0.0,0.0
2011-08-31 00:00:00,20.7,66,14.2,0.0,0.0,1.92,0.0,0.0
2011-08-31 01:00:00,20.2,69,14.4,0.0,0.0,2.33,0.0,0.0
2011-08-31 02:00:00,18.4,83,15.4,0.0,0.0,2.12,0.0,0.0
2011-08-31 03:00:00,18.7,84,16.0,0.0,0.0,1.61,0.0,0.0
2011-08-31 04:00:00,18.1,88,16.1,0.0,0.0,1.4,0.0,0.0
2011-08-31 05:00:00,17.6,91,16.1,0.0,0.0,1.42,0.0,0.0
2011-08-31 06:00:00,17.3,93,16.2,0.0,0.0,1.04,5.0,0.018
2011-08-31 07:00:00,17.7,94,16.7,0.0,0.0,0.64,110.0,0.39599999999999996
2011-08-31 08:00:00,21.0,81,17.5,0.0,0.0,0.22,301.0,1.0836
2011-08-31 09:00:00,23.4,66,16.7,0.0,0.0,0.1,498.0,1.7928
2011-08-31 10:00:00,25.0,51,14.3,0.0,0.0,0.92,665.0,2.394
2011-08-31 11:00:00,26.1,47,13.8,0.0,0.0,1.72,783.0,2.8188
2011-08-31 12:00:00,26.7,45,13.7,0.0,0.0,1.86,857.0,3.0852
2011-08-31 13:00:00,27.2,44,13.9,0.0,0.0,1.8,864.0,3.1104
2011-08-31 14:00:00,27.5,43,13.8,0.0,0.0,1.66,824.0,2.9663999999999997
2011-08-31 15:00:00,27.5,43,13.9,0.0,0.0,1.78,703.0,2.5307999999999997
2011-08-31 16:00:00,27.1,45,14.0,0.0,0.0,2.05,512.0,1.8432
2011-08-31 17:00:00,26.2,50,14.8,0.0,0.0,1.98,324.0,1.1663999999999999
2011-08-31 18:00:00,24.9,59,16.2,0.0,0.0,1.91,150.0,0.54
2011-08-31 19:00:00,23.1,67,16.7,0.0,0.0,1.72,17.0,0.0612
2011-08-31 20:00:00,21.6,74,16.8,0.0,0.0,1.84,0.0,0.0
2011-08-31 21:00:00,20.6,79,16.7,0.0,0.0,2.12,0.0,0.0
2011-08-31 22:00:00,19.6,83,16.7,0.0,0.0,2.1,0.0,0.0
2011-08-31 23:00:00,19.0,86,16.7,0.0,0.0,2.01,0.0,0.0
2011-09-01 00:00:00,18.5,89,16.6,0.0,0.0,1.8,0.0,0.0
2011-09-01 01:00:00,17.9,91,16.4,0.0,0.0,1.91,0.0,0.0
2011-09-01 02:00:00,17.3,93,16.1,0.0,0.0,1.72,0.0,0.0
2011-09-01 03:00:00,17.0,94,16.0,0.0,0.0,1.66,0.0,0.0
2011-09-01 04:00:00,16.7,94,15.8,0.0,0.0,1.7,0.0,0.0
2011-09-01 05:00:00,16.4,95,15.6,0.0,0.0,1.57,0.0,0.0
2011-09-01 06:00:00,16.5,94,15.5,0.0,0.0,1.36,4.0,0.0144
2011-09-01 07:00:00,18.3,92,16.9,0.0,0.0,1.43,105.0,0.378
2011-09-01 08:00:00,21.3,77,17.0,0.0,0.0,0.98,286.0,1.0296
2011-09-01 09:00:00,23.6,67,17.0,0.0,0.0,1.1,475.0,1.71
2011-09-01 10:00:00,25.4,55,15.8,0.0,0.0,1.73,630.0,2.268
2011-09-01 11:00:00,26.4,51,15.5,0.0,0.0,1.41,734.0,2.6424
2011-09-01 12:00:00,27.1,49,15.6,0.0,0.0,1.26,805.0,2.898
2011-09-01 13:00:00,27.4,48,15.6,0.0,0.0,1.89,800.0,2.88
2011-09-01 14:00:00,27.0,52,16.2,0.0,0.0,2.47,594.0,2.1384
2011-09-01 15:00:00,26.7,52,16.1,0.0,0.0,2.78,464.0,1.6703999999999999
2011-09-01 16:00:00,26.3,53,15.9,0.0,0.0,3.13,438.0,1.5768
2011-09-01 17:00:00,25.6,54,15.7,0.0,0.0,2.73,319.0,1.1483999999999999
2011-09-01 18:00:00,24.4,59,15.8,0.0,0.0,2.8,139.0,0.5004
2011-09-01 19:00:00,23.0,62,15.5,0.0,0.0,2.7,14.0,0.0504
2011-09-01 20:00:00,22.1,64,14.9,0.0,0.0,2.7,0.0,0.0
2011-09-01 21:00:00,21.3,68,15.3,0.2,0.0,2.48,0.0,0.0
2011-09-01 22:00:00,21.2,69,15.3,0.2,0.0,2.56,0.0,0.0
2011-09-01 23:00:00,20.9,74,16.0,0.6,0.0,2.34,0.0,0.0
2011-09-02 00:00:00,20.5,79,16.8,0.8,0.0,2.24,0.0,0.0
2011-09-02 01:00:00,20.0,83,17.1,0.8,0.0,2.18,0.0,0.0
2011-09-02 02:00:00,19.5,83,16.6,0.4,0.0,1.84,0.0,0.0
2011-09-02 03:00:00,19.2,84,16.4,0.1,0.0,1.6,0.0,0.0
2011-09-02 04:00:00,18.7,87,16.5,0.0,0.0,1.5,0.0,0.0
2011-09-02 05:00:00,18.5,88,16.5,0.0,0.0,1.77,0.0,0.0
2011-09-02 06:00:00,18.5,90,16.8,0.6,0.0,1.86,2.0,0.0072
2011-09-02 07:00:00,19.5,89,17.6,0.3,0.0,2.0,73.0,0.2628
2011-09-02 08:00:00,20.3,82,17.1,1.3,0.0,2.14,137.0,0.49319999999999997
2011-09-02 09:00:00,20.9,78,16.9,0.0,0.0,2.19,226.0,0.8136
2011-09-02 10:00:00,22.7,69,16.7,0.0,0.0,2.58,499.0,1.7964
2011-09-02 11:00:00,24.3,61,16.4,0.0,0.0,2.83,621.0,2.2356
2011-09-02 12:00:00,25.2,57,16.2,0.0,0.0,2.84,593.0,2.1348
2011-09-02 13:00:00,26.0,54,16.1,0.0,0.0,2.69,683.0,2.4588
2011-09-02 14:00:00,24.7,60,16.4,0.0,0.0,2.42,292.0,1.0512
2011-09-02 15:00:00,24.5,60,16.4,0.0,0.0,2.3,248.0,0.8927999999999999
2011-09-02 16:00:00,24.5,60,16.3,0.0,0.0,2.44,246.0,0.8855999999999999
2011-09-02 17:00:00,24.2,62,16.4,0.0,0.0,1.84,232.0,0.8351999999999999
2011-09-02 18:00:00,23.5,67,17.0,0.0,0.0,1.75,105.0,0.378
2011-09-02 19:00:00,22.5,75,17.8,0.0,0.0,1.56,12.0,0.0432
2011-09-02 20:00:00,21.4,80,17.9,0.0,0.0,1.35,0.0,0.0
2011-09-02 21:00:00,20.9,81,17.5,0.0,0.0,1.7,0.0,0.0
2011-09-02 22:00:00,20.6,81,17.2,0.0,0.0,1.92,0.0,0.0
2011-09-02 23:00:00,20.1,83,17.2,0.0,0.0,1.77,0.0,0.0
2011-09-03 00:00:00,19.8,85,17.2,0.0,0.0,1.91,0.0,0.0
2011-09-03 01:00:00,19.3,87,17.1,0.0,0.0,2.21,0.0,0.0
2011-09-03 02:00:00,19.7,87,17.4,0.0,0.0,2.5,0.0,0.0
2011-09-03 03:00:00,19.3,88,17.2,0.0,0.0,2.5,0.0,0.0
2011-09-03 04:00:00,18.8,90,17.1,0.0,0.0,2.02,0.0,0.0
2011-09-03 05:00:00,18.3,92,17.0,0.0,0.0,1.32,0.0,0.0
2011-09-03 06:00:00,18.2,93,17.1,0.0,0.0,1.68,3.0,0.0108
2011-09-03 07:00:00,19.9,87,17.7,0.0,0.0,1.9,92.0,0.3312
2011-09-03 08:00:00,21.6,79,17.8,0.0,0.0,2.01,253.0,0.9107999999999999
2011-09-03 09:00:00,23.1,74,18.3,0.0,0.0,1.84,394.0,1.4183999999999999
2011-09-03 10:00:00,25.2,69,19.1,0.0,0.0,2.02,611.0,2.1995999999999998
2011-09-03 11:00:00,26.9,65,19.8,0.0,0.0,1.52,731.0,2.6315999999999997
2011-09-03 12:00:00,28.3,62,20.3,0.0,0.0,1.63,785.0,2.826
2011-09-03 13:00:00,29.3,60,20.6,0.0,0.0,1.73,800.0,2.88
2011-09-03 14:00:00,26.8,74,21.8,2.8,0.0,1.92,387.0,1.3932
2011-09-03 15:00:00,26.2,80,22.6,0.5,0.0,1.94,277.0,0.9972
2011-09-03 16:00:00,26.1,83,22.9,0.2,0.0,2.04,240.0,0.864
2011-09-03 17:00:00,26.1,81,22.6,0.0,0.0,1.8,261.0,0.9396
2011-09-03 18:00:00,25.3,86,22.8,0.0,0.0,1.66,100.0,0.36
2011-09-03 19:00:00,24.3,90,22.5,0.0,0.0,2.19,11.0,0.039599999999999996
2011-09-03 20:00:00,23.6,91,22.0,0.0,0.0,2.18,0.0,0.0
2011-09-03 21:00:00,23.1,90,21.4,0.0,0.0,2.22,0.0,0.0
2011-09-03 22:00:00,22.6,91,21.0,0.0,0.0,1.9,0.0,0.0
2011-09-03 23:00:00,22.4,91,20.9,0.0,0.0,1.84,0.0,0.0
2011-09-04 00:00:00,22.1,92,20.7,0.0,0.0,2.14,0.0,0.0
2011-09-04 01:00:00,22.0,92,20.7,0.0,0.0,2.4,0.0,0.0
2011-09-04 02:00:00,21.8,95,21.0,0.0,0.0,2.4,0.0,0.0
2011-09-04 03:00:00,21.7,95,20.8,0.0,0.0,2.4,0.0,0.0
2011-09-04 04:00:00,21.5,95,20.7,0.0,0.0,2.3,0.0,0.0
2011-09-04 05:00:00,21.4,95,20.6,0.0,0.0,2.3,0.0,0.0
2011-09-04 06:00:00,21.2,95,20.4,0.0,0.0,2.1,2.0,0.0072
2011-09-04 07:00:00,22.1,92,20.7,0.0,0.0,2.31,86.0,0.3096
2011-09-04 08:00:00,23.6,85,20.8,0.0,0.0,2.18,223.0,0.8028
2011-09-04 09:00:00,25.2,78,21.1,0.0,0.0,2.12,424.0,1.5264
2011-09-04 10:00:00,26.6,74,21.5,0.0,0.0,2.22,536.0,1.9296
2011-09-04 11:00:00,27.7,70,21.7,0.0,0.0,2.3,530.0,1.908
2011-09-04 12:00:00,28.7,67,21.9,0.0,0.0,2.5,628.0,2.2608
2011-09-04 13:00:00,29.8,63,22.0,0.0,0.0,3.24,760.0,2.7359999999999998
2011-09-04 14:00:00,29.9,64,22.3,0.0,0.0,3.49,661.0,2.3796
2011-09-04 15:00:00,30.0,62,22.0,0.0,0.0,3.41,565.0,2.034
2011-09-04 16:00:00,29.7,62,21.7,0.0,0.0,3.51,416.0,1.4976
2011-09-04 17:00:00,28.8,67,22.0,0.2,0.0,1.99,205.0,0.738
2011-09-04 18:00:00,27.7,70,21.6,0.0,0.0,2.38,88.0,0.31679999999999997
2011-09-04 19:00:00,26.4,74,21.3,0.0,0.0,2.82,10.0,0.036
2011-09-04 20:00:00,25.5,76,20.9,0.0,0.0,3.36,0.0,0.0
2011-09-04 21:00:00,25.1,77,20.7,0.0,0.0,2.63,0.0,0.0
2011-09-04 22:00:00,24.4,82,21.0,0.2,0.0,2.14,0.0,0.0
2011-09-04 23:00:00,23.6,85,20.9,0.0,0.0,2.14,0.0,0.0
2011-09-05 00:00:00,23.3,84,20.4,0.0,0.0,2.9,0.0,0.0
2011-09-05 01:00:00,23.2,81,19.8,0.0,0.0,3.51,0.0,0.0
2011-09-05 02:00:00,22.3,87,20.1,0.5,0.0,3.49,0.0,0.0
2011-09-05 03:00:00,22.3,88,20.1,0.3,0.0,3.11,0.0,0.0
2011-09-05 04:00:00,22.1,89,20.1,0.0,0.0,2.8,0.0,0.0
2011-09-05 05:00:00,21.8,90,20.1,0.0,0.0,1.36,0.0,0.0
2011-09-05 06:00:00,21.7,91,20.2,0.0,0.0,1.41,2.0,0.0072
2011-09-05 07:00:00,22.1,91,20.6,0.0,0.0,1.63,53.0,0.1908
2011-09-05 08:00:00,23.2,87,20.9,0.0,0.0,1.25,155.0,0.5579999999999999
2011-09-05 09:00:00,24.3,82,21.0,0.0,0.0,1.56,276.0,0.9935999999999999
2011-09-05 10:00:00,25.9,73,20.7,0.0,0.0,1.5,440.0,1.5839999999999999
2011-09-05 11:00:00,27.1,69,21.0,0.0,0.0,1.52,477.0,1.7172
2011-09-05 12:00:00,28.2,66,21.4,0.0,0.0,1.68,597.0,2.1492
2011-09-05 13:00:00,28.6,64,21.0,0.0,0.0,2.02,557.0,2.0052
2011-09-05 14:00:00,27.5,68,21.1,0.1,0.0,2.3,376.0,1.3536
2011-09-05 15:00:00,27.4,69,21.1,0.0,0.0,2.51,220.0,0.7919999999999999
2011-09-05 16:00:00,26.0,74,20.9,1.3,0.0,3.1,228.0,0.8208
2011-09-05 17:00:00,24.6,83,21.6,2.4,0.0,1.41,62.0,0.22319999999999998
2011-09-05 18:00:00,23.9,90,22.2,1.2,0.0,0.78,23.0,0.0828
2011-09-05 19:00:00,23.5,91,22.0,1.7,0.0,0.98,3.0,0.0108
2011-09-05 20:00:00,22.6,95,21.7,1.9,0.0,0.94,0.0,0.0
2011-09-05 21:00:00,22.1,98,21.7,1.9,0.0,0.89,0.0,0.0
2011-09-05 22:00:00,21.9,99,21.7,2.7,0.0,1.17,0.0,0.0
2011-09-05 23:00:00,21.7,99,21.6,3.8,0.0,5.86,0.0,0.0
2011-09-06 00:00:00,21.0,100,21.0,4.9,0.0,6.73,0.0,0.0
2011-09-06 01:00:00,18.8,95,18.0,0.7,0.0,5.66,0.0,0.0
2011-09-06 02:00:00,17.2,92,15.9,1.9,0.0,4.83,0.0,0.0
2011-09-06 03:00:00,17.0,92,15.7,1.4,0.0,4.28,0.0,0.0
2011-09-06 04:00:00,16.8,92,15.6,0.7,0.0,4.12,0.0,0.0
2011-09-06 05:00:00,16.7,92,15.4,0.2,0.0,3.49,0.0,0.0
2011-09-06 06:00:00,16.8,89,15.0,0.2,0.0,3.74,0.0,0.0
2011-09-06 07:00:00,16.7,91,15.3,1.1,0.0,4.02,9.0,0.0324
2011-09-06 08:00:00,16.7,92,15.4,1.3,0.0,4.36,23.0,0.0828
2011-09-06 09:00:00,16.7,92,15.5,1.7,0.0,4.55,32.0,0.1152
2011-09-06 10:00:00,16.8,92,15.6,0.7,0.0,4.67,57.0,0.2052
2011-09-06 11:00:00,17.1,91,15.6,0.4,0.0,4.53,80.0,0.288
2011-09-06 12:00:00,17.6,88,15.6,0.1,0.0,4.03,131.0,0.47159999999999996
2011-09-06 13:00:00,17.9,85,15.4,0.1,0.0,4.06,114.0,0.4104
2011-09-06 14:00:00,16.5,96,15.8,3.3,0.0,4.16,49.0,0.1764
2011-09-06 15:00:00,16.4,96,15.8,2.7,0.0,5.02,40.0,0.144
2011-09-06 16:00:00,16.4,96,15.8,1.2,0.0,5.09,39.0,0.1404
2011-09-06 17:00:00,16.5,94,15.4,0.2,0.0,5.58,41.0,0.1476
2011-09-06 18:00:00,16.7,94,15.7,0.0,0.0,5.33,20.0,0.072
2011-09-06 19:00:00,16.8,95,16.0,0.4,0.0,4.4,1.0,0.0036
2011-09-06 20:00:00,17.0,97,16.5,0.9,0.0,3.7,0.0,0.0
2011-09-06 21:00:00,17.3,98,17.0,0.6,0.0,3.19,0.0,0.0
2011-09-06 22:00:00,17.7,99,17.6,0.4,0.0,3.27,0.0,0.0
2011-09-06 23:00:00,18.3,99,18.1,0.6,0.0,3.27,0.0,0.0
2011-09-07 00:00:00,18.8,99,18.7,1.1,0.0,3.54,0.0,0.0
2011-09-07 01:00:00,19.5,99,19.3,1.2,0.0,3.91,0.0,0.0
2011-09-07 02:00:00,19.0,100,18.9,0.8,0.0,3.47,0.0,0.0
2011-09-07 03:00:00,20.0,99,19.9,0.4,0.0,3.28,0.0,0.0
2011-09-07 04:00:00,21.1,99,21.0,0.2,0.0,2.82,0.0,0.0
2011-09-07 05:00:00,21.8,100,21.8,0.0,0.0,2.98,0.0,0.0
2011-09-07 06:00:00,21.8,100,21.7,1.1,0.0,2.73,0.0,0.0
2011-09-07 07:00:00,22.2,100,22.2,0.6,0.0,2.21,24.0,0.0864
2011-09-07 08:00:00,23.0,99,22.9,0.4,0.0,1.65,82.0,0.2952
2011-09-07 09:00:00,23.8,99,23.6,0.2,0.0,1.81,121.0,0.4356
2011-09-07 10:00:00,24.6,97,24.1,0.2,0.0,2.12,177.0,0.6372
2011-09-07 11:00:00,24.7,93,23.5,1.8,0.0,2.47,216.0,0.7776
2011-09-07 12:00:00,24.9,93,23.6,2.3,0.0,2.25,222.0,0.7992
2011-09-07 13:00:00,24.5,93,23.3,1.3,0.0,2.0,114.0,0.4104
2011-09-07 14:00:00,23.2,94,22.1,1.1,0.0,1.5,165.0,0.594
2011-09-07 15:00:00,23.1,96,22.3,0.9,0.0,1.46,82.0,0.2952
2011-09-07 16:00:00,23.1,96,22.5,0.9,0.0,1.86,73.0,0.2628
2011-09-07 17:00:00,23.1,98,22.7,1.3,0.0,1.02,60.0,0.216
2011-09-07 18:00:00,22.9,99,22.7,1.6,0.0,1.21,24.0,0.0864
2011-09-07 19:00:00,22.7,98,22.5,2.1,0.0,1.2,2.0,0.0072
2011-09-07 20:00:00,22.7,98,22.3,2.3,0.0,1.3,0.0,0.0
2011-09-07 21:00:00,22.5,97,22.0,1.8,0.0,0.91,0.0,0.0
2011-09-07 22:00:00,22.2,98,21.9,1.7,0.0,1.36,0.0,0.0
2011-09-07 23:00:00,21.9,98,21.7,2.1,0.0,1.88,0.0,0.0
2011-09-08 00:00:00,22.0,99,21.8,3.4,0.0,2.12,0.0,0.0
2011-09-08 01:00:00,21.8,99,21.7,3.0,0.0,1.92,0.0,0.0
2011-09-08 02:00:00,21.4,99,21.3,1.4,0.0,0.5,0.0,0.0
2011-09-08 03:00:00,21.4,99,21.3,1.4,0.0,0.71,0.0,0.0
2011-09-08 04:00:00,21.3,100,21.2,3.2,0.0,1.0,0.0,0.0
2011-09-08 05:00:00,21.3,100,21.2,4.6,0.0,1.63,0.0,0.0
2011-09-08 06:00:00,21.3,100,21.2,5.2,0.0,2.36,0.0,0.0
2011-09-08 07:00:00,21.3,100,21.3,4.6,0.0,2.64,5.0,0.018
2011-09-08 08:00:00,21.5,100,21.4,3.6,0.0,2.69,11.0,0.039599999999999996
2011-09-08 09:00:00,21.7,99,21.6,2.4,0.0,3.02,18.0,0.0648
2011-09-08 10:00:00,22.1,99,22.0,2.7,0.0,3.83,66.0,0.2376
2011-09-08 11:00:00,22.3,98,22.0,1.5,0.0,3.61,106.0,0.3816
2011-09-08 12:00:00,22.6,96,21.9,0.8,0.0,3.05,111.0,0.3996
2011-09-08 13:00:00,24.2,86,21.7,0.1,0.0,3.07,319.0,1.1483999999999999
2011-09-08 14:00:00,24.5,90,22.7,0.3,0.0,2.55,226.0,0.8136
2011-09-08 15:00:00,24.1,90,22.4,1.2,0.0,2.83,220.0,0.7919999999999999
2011-09-08 16:00:00,23.4,92,21.9,1.9,0.0,2.6,135.0,0.486
2011-09-08 17:00:00,22.6,95,21.7,2.5,0.0,3.81,55.0,0.19799999999999998
2011-09-08 18:00:00,22.1,97,21.6,3.3,0.0,3.42,16.0,0.0576
2011-09-08 19:00:00,21.7,98,21.5,3.1,0.0,2.79,1.0,0.0036
2011-09-08 20:00:00,21.5,99,21.4,1.0,0.0,2.51,0.0,0.0
2011-09-08 21:00:00,21.5,99,21.3,0.0,0.0,2.33,0.0,0.0
2011-09-08 22:00:00,21.5,98,21.2,0.0,0.0,2.19,0.0,0.0
2011-09-08 23:00:00,21.3,100,21.3,0.4,0.0,2.11,0.0,0.0
2011-09-09 00:00:00,21.3,99,21.2,0.3,0.0,1.86,0.0,0.0
2011-09-09 01:00:00,21.2,100,21.1,0.3,0.0,1.84,0.0,0.0
2011-09-09 02:00:00,21.1,100,21.0,0.3,0.0,1.77,0.0,0.0
2011-09-09 03:00:00,21.1,99,21.0,0.4,0.0,1.89,0.0,0.0
2011-09-09 04:00:00,21.2,100,21.1,0.2,0.0,1.88,0.0,0.0
2011-09-09 05:00:00,21.2,99,21.1,0.8,0.0,1.41,0.0,0.0
2011-09-09 06:00:00,21.4,99,21.3,0.4,0.0,2.13,0.0,0.0
2011-09-09 07:00:00,21.6,99,21.5,0.1,0.0,2.47,13.0,0.0468
2011-09-09 08:00:00,21.8,99,21.7,0.0,0.0,2.6,41.0,0.1476
2011-09-09 09:00:00,22.2,98,21.9,0.1,0.0,3.06,96.0,0.3456
2011-09-09 10:00:00,22.8,94,21.8,0.2,0.0,2.82,204.0,0.7343999999999999
2011-09-09 11:00:00,23.2,92,21.9,0.7,0.0,2.33,238.0,0.8568
2011-09-09 12:00:00,23.4,93,22.2,1.7,0.0,1.84,227.0,0.8171999999999999
2011-09-09 13:00:00,23.6,92,22.3,1.4,0.0,1.63,212.0,0.7632
2011-09-09 14:00:00,25.4,86,22.9,0.1,0.0,1.4,507.0,1.8252
2011-09-09 15:00:00,26.2,79,22.2,0.1,0.0,1.25,473.0,1.7027999999999999
2011-09-09 16:00:00,26.2,75,21.5,0.1,0.0,1.2,323.0,1.1628
2011-09-09 17:00:00,25.8,76,21.4,0.0,0.0,1.3,201.0,0.7236
2011-09-09 18:00:00,24.9,82,21.6,0.0,0.0,0.85,84.0,0.3024
2011-09-09 19:00:00,23.7,88,21.5,0.0,0.0,1.21,4.0,0.0144
2011-09-09 20:00:00,22.7,93,21.5,0.0,0.0,1.22,0.0,0.0
2011-09-09 21:00:00,21.8,96,21.2,0.0,0.0,1.4,0.0,0.0
2011-09-09 22:00:00,21.5,97,20.9,0.1,0.0,1.41,0.0,0.0
2011-09-09 23:00:00,20.2,99,20.1,0.2,0.0,0.71,0.0,0.0
2011-09-10 00:00:00,20.0,100,20.0,0.1,0.0,0.64,0.0,0.0
2011-09-10 01:00:00,20.1,99,19.9,0.0,0.0,1.49,0.0,0.0
2011-09-10 02:00:00,20.4,99,20.3,0.1,0.0,2.39,0.0,0.0
2011-09-10 03:00:00,20.1,99,20.0,0.1,0.0,2.83,0.0,0.0
2011-09-10 04:00:00,20.0,98,19.8,0.0,0.0,2.86,0.0,0.0
2011-09-10 05:00:00,19.9,97,19.5,0.0,0.0,2.15,0.0,0.0
2011-09-10 06:00:00,19.8,97,19.3,0.0,0.0,2.42,1.0,0.0036
2011-09-10 07:00:00,20.1,95,19.2,0.0,0.0,2.48,53.0,0.1908
2011-09-10 08:00:00,21.3,87,19.1,0.0,0.0,2.72,204.0,0.7343999999999999
2011-09-10 09:00:00,22.6,81,19.2,0.0,0.0,2.98,351.0,1.2636
2011-09-10 10:00:00,23.7,74,18.9,0.0,0.0,2.98,432.0,1.5552
2011-09-10 11:00:00,24.5,69,18.6,0.0,0.0,3.05,464.0,1.6703999999999999
2011-09-10 12:00:00,25.4,66,18.7,0.0,0.0,2.9,557.0,2.0052
2011-09-10 13:00:00,25.6,65,18.6,0.0,0.0,2.62,496.0,1.7855999999999999
2011-09-10 14:00:00,27.1,60,18.5,0.0,0.0,2.26,628.0,2.2608
2011-09-10 15:00:00,27.2,60,18.7,0.0,0.0,2.26,505.0,1.818
2011-09-10 16:00:00,26.9,62,18.9,0.1,0.0,2.12,390.0,1.404
2011-09-10 17:00:00,26.1,68,19.7,0.0,0.0,0.8,257.0,0.9252
2011-09-10 18:00:00,24.9,75,20.1,0.3,0.0,1.39,79.0,0.2844
2011-09-10 19:00:00,23.3,81,20.0,0.0,0.0,1.56,4.0,0.0144
2011-09-10 20:00:00,22.4,86,19.8,0.0,0.0,1.94,0.0,0.0
2011-09-10 21:00:00,21.7,88,19.6,0.0,0.0,2.02,0.0,0.0
2011-09-10 22:00:00,21.0,90,19.3,0.0,0.0,1.8,0.0,0.0
2011-09-10 23:00:00,20.4,92,19.0,0.0,0.0,1.64,0.0,0.0
2011-09-11 00:00:00,19.8,93,18.6,0.0,0.0,1.49,0.0,0.0
2011-09-11 01:00:00,19.2,94,18.3,0.0,0.0,1.56,0.0,0.0
2011-09-11 02:00:00,19.1,95,18.3,0.0,0.0,1.8,0.0,0.0
2011-09-11 03:00:00,19.0,95,18.1,0.0,0.0,2.0,0.0,0.0
2011-09-11 04:00:00,18.8,94,17.9,0.0,0.0,1.84,0.0,0.0
2011-09-11 05:00:00,18.5,95,17.6,0.0,0.0,1.12,0.0,0.0
2011-09-11 06:00:00,18.3,95,17.4,0.0,0.0,1.51,1.0,0.0036
2011-09-11 07:00:00,19.5,92,18.3,0.1,0.0,1.88,64.0,0.2304
2011-09-11 08:00:00,21.4,87,19.2,0.0,0.0,1.64,178.0,0.6408
2011-09-11 09:00:00,23.2,83,20.1,0.0,0.0,1.2,323.0,1.1628
2011-09-11 10:00:00,24.8,74,19.9,0.0,0.0,0.92,488.0,1.7568
2011-09-11 11:00:00,26.0,68,19.6,0.0,0.0,0.78,670.0,2.412
2011-09-11 12:00:00,26.9,64,19.5,0.0,0.0,1.04,704.0,2.5343999999999998
2011-09-11 13:00:00,27.3,64,19.8,0.0,0.0,1.3,704.0,2.5343999999999998
2011-09-11 14:00:00,27.3,63,19.6,0.0,0.0,1.94,619.0,2.2284
2011-09-11 15:00:00,26.8,65,19.7,0.0,0.0,2.26,450.0,1.6199999999999999
2011-09-11 16:00:00,26.5,66,19.6,0.3,0.0,2.37,336.0,1.2096
2011-09-11 17:00:00,26.0,67,19.3,0.3,0.0,1.3,233.0,0.8388
2011-09-11 18:00:00,24.7,77,20.4,0.3,0.0,1.35,60.0,0.216
2011-09-11 19:00:00,23.6,82,20.3,0.0,0.0,0.92,3.0,0.0108
2011-09-11 20:00:00,22.5,87,20.3,0.0,0.0,1.21,0.0,0.0
2011-09-11 21:00:00,21.8,91,20.3,0.0,0.0,1.12,0.0,0.0
2011-09-11 22:00:00,20.8,95,20.0,0.0,0.0,0.92,0.0,0.0
2011-09-11 23:00:00,20.7,95,19.9,0.0,0.0,0.78,0.0,0.0
2011-09-12 00:00:00,20.2,96,19.6,0.0,0.0,1.84,0.0,0.0
2011-09-12 01:00:00,19.2,99,19.0,0.0,0.0,1.94,0.0,0.0
2011-09-12 02:00:00,18.4,98,18.1,0.0,0.0,1.7,0.0,0.0
2011-09-12 03:00:00,18.0,98,17.7,0.0,0.0,1.35,0.0,0.0
2011-09-12 04:00:00,17.6,98,17.3,0.0,0.0,1.66,0.0,0.0
2011-09-12 05:00:00,17.2,97,16.8,0.0,0.0,1.92,0.0,0.0
2011-09-12 06:00:00,17.0,97,16.6,0.0,0.0,1.66,1.0,0.0036
2011-09-12 07:00:00,18.5,94,17.6,0.0,0.0,1.9,79.0,0.2844
2011-09-12 08:00:00,21.3,83,18.3,0.0,0.0,1.39,255.0,0.9179999999999999
2011-09-12 09:00:00,23.2,73,18.2,0.0,0.0,1.72,443.0,1.5948
2011-09-12 10:00:00,24.6,65,17.7,0.0,0.0,1.77,609.0,2.1924
2011-09-12 11:00:00,25.7,60,17.3,0.0,0.0,0.92,715.0,2.574
2011-09-12 12:00:00,26.2,57,17.0,0.0,0.0,0.73,702.0,2.5272
2011-09-12 13:00:00,26.8,55,16.9,0.0,0.0,1.0,751.0,2.7036
2011-09-12 14:00:00,26.8,51,16.0,0.0,0.0,1.02,649.0,2.3364
2011-09-12 15:00:00,26.7,52,15.9,0.0,0.0,1.0,524.0,1.8863999999999999
2011-09-12 16:00:00,26.1,53,15.9,0.0,0.0,1.3,441.0,1.5876
2011-09-12 17:00:00,25.3,59,16.6,0.0,0.0,2.2,238.0,0.8568
2011-09-12 18:00:00,24.2,67,17.7,0.0,0.0,1.03,75.0,0.27
2011-09-12 19:00:00,22.8,74,17.9,0.0,0.0,1.17,3.0,0.0108
2011-09-12 20:00:00,21.8,80,18.2,0.0,0.0,1.77,0.0,0.0
2011-09-12 21:00:00,21.1,84,18.2,0.0,0.0,2.1,0.0,0.0
2011-09-12 22:00:00,20.4,87,18.1,0.0,0.0,2.02,0.0,0.0
2011-09-12 23:00:00,20.0,89,18.1,0.0,0.0,1.7,0.0,0.0
2011-09-13 00:00:00,19.5,91,18.0,0.0,0.0,1.84,0.0,0.0
2011-09-13 01:00:00,19.0,93,17.8,0.0,0.0,1.75,0.0,0.0
2011-09-13 02:00:00,18.6,95,17.8,0.0,0.0,1.49,0.0,0.0
2011-09-13 03:00:00,18.1,96,17.5,0.0,0.0,1.41,0.0,0.0
2011-09-13 04:00:00,17.9,97,17.4,0.0,0.0,1.6,0.0,0.0
2011-09-13 05:00:00,18.1,97,17.6,0.0,0.0,1.42,0.0,0.0
2011-09-13 06:00:00,18.5,98,18.1,0.0,0.0,1.39,1.0,0.0036
2011-09-13 07:00:00,19.0,96,18.4,0.0,0.0,1.39,78.0,0.2808
2011-09-13 08:00:00,21.3,87,19.0,0.0,0.0,0.71,254.0,0.9144
2011-09-13 09:00:00,23.3,76,18.8,0.0,0.0,0.85,420.0,1.512
2011-09-13 10:00:00,25.0,65,17.9,0.0,0.0,1.17,601.0,2.1635999999999997
2011-09-13 11:00:00,26.3,58,17.5,0.0,0.0,1.48,727.0,2.6172
2011-09-13 12:00:00,27.1,54,17.1,0.0,0.0,1.84,782.0,2.8152
2011-09-13 13:00:00,27.7,51,16.7,0.0,0.0,2.05,781.0,2.8116
2011-09-13 14:00:00,27.6,51,16.6,0.0,0.0,2.34,619.0,2.2284
2011-09-13 15:00:00,27.6,51,16.7,0.0,0.0,2.64,578.0,2.0808
2011-09-13 16:00:00,27.4,53,17.0,0.0,0.0,2.61,471.0,1.6956
2011-09-13 17:00:00,26.5,60,18.1,0.0,0.0,2.39,283.0,1.0188
2011-09-13 18:00:00,25.2,65,18.2,0.0,0.0,2.15,96.0,0.3456
2011-09-13 19:00:00,23.7,69,17.7,0.0,0.0,2.84,3.0,0.0108
2011-09-13 20:00:00,22.8,72,17.4,0.0,0.0,2.85,0.0,0.0
2011-09-13 21:00:00,22.2,74,17.3,0.0,0.0,2.92,0.0,0.0
2011-09-13 22:00:00,21.7,76,17.3,0.0,0.0,2.87,0.0,0.0
2011-09-13 23:00:00,21.2,79,17.4,0.0,0.0,2.64,0.0,0.0
2011-09-14 00:00:00,20.6,81,17.3,0.0,0.0,2.69,0.0,0.0
2011-09-14 01:00:00,20.1,83,17.2,0.0,0.0,2.69,0.0,0.0
2011-09-14 02:00:00,20.0,80,16.3,0.0,0.0,2.62,0.0,0.0
2011-09-14 03:00:00,19.6,81,16.3,0.0,0.0,2.62,0.0,0.0
2011-09-14 04:00:00,19.1,83,16.2,0.0,0.0,2.33,0.0,0.0
2011-09-14 05:00:00,18.7,86,16.3,0.0,0.0,1.84,0.0,0.0
2011-09-14 06:00:00,18.5,88,16.4,0.0,0.0,1.77,1.0,0.0036
2011-09-14 07:00:00,19.4,89,17.6,0.0,0.0,1.96,73.0,0.2628
2011-09-14 08:00:00,21.9,76,17.5,0.1,0.0,1.48,222.0,0.7992
2011-09-14 09:00:00,23.0,72,17.8,0.0,0.0,1.35,327.0,1.1772
2011-09-14 10:00:00,24.8,67,18.2,0.0,0.0,1.22,529.0,1.9043999999999999
2011-09-14 11:00:00,26.9,62,18.9,0.0,0.0,1.58,705.0,2.538
2011-09-14 12:00:00,28.3,58,19.2,0.0,0.0,1.9,727.0,2.6172
2011-09-14 13:00:00,29.3,55,19.3,0.0,0.0,2.14,760.0,2.7359999999999998
2011-09-14 14:00:00,30.7,49,18.8,0.0,0.0,1.48,668.0,2.4048
2011-09-14 15:00:00,29.5,53,19.0,0.0,0.0,1.63,503.0,1.8108
2011-09-14 16:00:00,28.5,56,18.9,0.0,0.0,1.87,314.0,1.1304
2011-09-14 17:00:00,27.9,62,20.0,0.0,0.0,2.04,219.0,0.7884
2011-09-14 18:00:00,26.7,68,20.3,0.0,0.0,1.87,87.0,0.3132
2011-09-14 19:00:00,25.0,78,20.8,0.0,0.0,2.14,2.0,0.0072
2011-09-14 20:00:00,23.7,82,20.4,0.0,0.0,2.06,0.0,0.0
2011-09-14 21:00:00,22.7,86,20.2,0.0,0.0,2.75,0.0,0.0
2011-09-14 22:00:00,21.9,90,20.1,0.0,0.0,1.92,0.0,0.0
2011-09-14 23:00:00,21.5,91,20.0,0.0,0.0,1.82,0.0,0.0
2011-09-15 00:00:00,21.1,93,19.9,0.0,0.0,1.33,0.0,0.0
2011-09-15 01:00:00,20.7,94,19.7,0.0,0.0,0.85,0.0,0.0
2011-09-15 02:00:00,20.9,96,20.2,0.0,0.0,1.08,0.0,0.0
2011-09-15 03:00:00,19.7,99,19.5,0.0,0.0,1.35,0.0,0.0
2011-09-15 04:00:00,19.2,99,19.0,0.0,0.0,2.13,0.0,0.0
2011-09-15 05:00:00,19.4,99,19.3,0.0,0.0,0.92,0.0,0.0
2011-09-15 06:00:00,19.7,99,19.5,0.0,0.0,1.32,0.0,0.0
2011-09-15 07:00:00,19.9,99,19.7,0.0,0.0,1.75,59.0,0.2124
2011-09-15 08:00:00,21.7,92,20.4,0.2,0.0,3.01,188.0,0.6768
2011-09-15 09:00:00,23.1,83,20.1,0.0,0.0,3.08,324.0,1.1663999999999999
2011-09-15 10:00:00,23.6,81,20.1,0.0,0.0,3.03,390.0,1.404
2011-09-15 11:00:00,24.0,78,20.0,0.0,0.0,3.1,462.0,1.6632
2011-09-15 12:00:00,24.1,76,19.6,0.0,0.0,3.7,421.0,1.5156
2011-09-15 13:00:00,23.3,74,18.4,0.0,0.0,4.35,316.0,1.1376
2011-09-15 14:00:00,22.0,65,15.0,0.0,0.0,4.97,206.0,0.7415999999999999
2011-09-15 15:00:00,21.1,66,14.4,0.0,0.0,5.88,240.0,0.864
2011-09-15 16:00:00,19.9,69,14.0,0.0,0.0,6.44,115.0,0.414
2011-09-15 17:00:00,17.8,71,12.4,0.3,0.0,6.31,27.0,0.0972
2011-09-15 18:00:00,16.0,68,10.1,0.0,0.0,5.58,7.0,0.0252
2011-09-15 19:00:00,15.4,63,8.4,0.0,0.0,4.85,0.0,0.0
2011-09-15 20:00:00,15.2,58,7.1,0.0,0.0,4.39,0.0,0.0
2011-09-15 21:00:00,15.1,55,6.0,0.0,0.0,3.88,0.0,0.0
2011-09-15 22:00:00,14.6,57,6.1,0.0,0.0,3.29,0.0,0.0
2011-09-15 23:00:00,13.8,56,5.2,0.0,0.0,3.61,0.0,0.0
2011-09-16 00:00:00,13.2,57,4.8,0.0,0.0,3.49,0.0,0.0
2011-09-16 01:00:00,12.7,57,4.5,0.0,0.0,3.32,0.0,0.0
2011-09-16 02:00:00,11.7,62,4.6,0.0,0.0,3.04,0.0,0.0
2011-09-16 03:00:00,11.1,65,4.8,0.0,0.0,2.69,0.0,0.0
2011-09-16 04:00:00,10.3,70,5.1,0.0,0.0,2.24,0.0,0.0
2011-09-16 05:00:00,9.6,75,5.4,0.0,0.0,1.94,0.0,0.0
2011-09-16 06:00:00,9.1,79,5.7,0.0,0.0,2.08,0.0,0.0
2011-09-16 07:00:00,10.5,75,6.2,0.0,0.0,2.11,81.0,0.29159999999999997
2011-09-16 08:00:00,12.6,63,5.8,0.0,0.0,2.62,269.0,0.9683999999999999
2011-09-16 09:00:00,13.9,58,5.7,0.0,0.0,3.06,456.0,1.6416
2011-09-16 10:00:00,15.0,55,5.9,0.0,0.0,2.47,579.0,2.0844
2011-09-16 11:00:00,16.1,51,6.0,0.0,0.0,1.73,673.0,2.4228
2011-09-16 12:00:00,17.0,49,6.2,0.0,0.0,1.2,697.0,2.5092
2011-09-16 13:00:00,17.6,47,6.3,0.0,0.0,1.12,682.0,2.4552
2011-09-16 14:00:00,17.9,47,6.3,0.0,0.0,1.2,598.0,2.1528
2011-09-16 15:00:00,17.6,47,6.1,0.0,0.0,1.2,339.0,1.2204
2011-09-16 16:00:00,17.7,47,6.3,0.0,0.0,1.4,291.0,1.0475999999999999
2011-09-16 17:00:00,17.4,48,6.3,0.0,0.0,0.81,246.0,0.8855999999999999
2011-09-16 18:00:00,16.7,64,9.8,0.0,0.0,0.82,73.0,0.2628
2011-09-16 19:00:00,16.3,59,8.3,0.0,0.0,1.04,1.0,0.0036
2011-09-16 20:00:00,15.1,72,10.1,0.0,0.0,0.8,0.0,0.0
2011-09-16 21:00:00,15.0,70,9.6,0.0,0.0,1.2,0.0,0.0
2011-09-16 22:00:00,14.5,73,9.6,0.0,0.0,1.6,0.0,0.0
2011-09-16 23:00:00,12.9,83,10.1,0.0,0.0,1.42,0.0,0.0
2011-09-17 00:00:00,11.7,89,9.9,0.0,0.0,1.46,0.0,0.0
2011-09-17 01:00:00,11.2,90,9.5,0.0,0.0,1.53,0.0,0.0
2011-09-17 02:00:00,11.0,88,9.1,0.0,0.0,1.72,0.0,0.0
2011-09-17 03:00:00,10.8,88,8.9,0.0,0.0,1.92,0.0,0.0
2011-09-17 04:00:00,10.8,88,8.9,0.0,0.0,2.0,0.0,0.0
2011-09-17 05:00:00,10.7,88,8.9,0.0,0.0,2.33,0.0,0.0
2011-09-17 06:00:00,10.6,89,8.8,0.0,0.0,2.06,0.0,0.0
2011-09-17 07:00:00,12.7,84,10.1,0.0,0.0,2.33,64.0,0.2304
2011-09-17 08:00:00,14.7,75,10.3,0.0,0.0,1.64,187.0,0.6732
2011-09-17 09:00:00,15.8,70,10.4,0.1,0.0,2.06,283.0,1.0188
2011-09-17 10:00:00,16.3,69,10.7,1.0,0.0,2.05,362.0,1.3032
2011-09-17 11:00:00,15.9,72,10.9,0.0,0.0,2.52,173.0,0.6228
2011-09-17 12:00:00,16.6,69,10.8,0.0,0.0,2.33,287.0,1.0332
2011-09-17 13:00:00,16.9,67,10.8,0.0,0.0,2.69,276.0,0.9935999999999999
2011-09-17 14:00:00,15.8,74,11.2,0.2,0.0,2.44,190.0,0.6839999999999999
2011-09-17 15:00:00,15.9,74,11.4,0.0,0.0,2.44,145.0,0.522
2011-09-17 16:00:00,16.3,74,11.6,0.0,0.0,1.99,152.0,0.5472
2011-09-17 17:00:00,16.1,77,12.0,0.0,0.0,1.98,77.0,0.2772
2011-09-17 18:00:00,16.0,78,12.2,0.0,0.0,1.98,31.0,0.11159999999999999
2011-09-17 19:00:00,15.3,81,12.2,0.0,0.0,2.0,1.0,0.0036
2011-09-17 20:00:00,14.8,85,12.2,0.0,0.0,2.41,0.0,0.0
2011-09-17 21:00:00,14.5,86,12.3,0.0,0.0,2.62,0.0,0.0
2011-09-17 22:00:00,14.3,88,12.3,0.0,0.0,2.72,0.0,0.0
2011-09-17 23:00:00,14.0,89,12.2,0.0,0.0,2.76,0.0,0.0
2011-09-18 00:00:00,14.0,88,12.0,0.0,0.0,2.83,0.0,0.0
2011-09-18 01:00:00,13.8,87,11.7,0.0,0.0,2.86,0.0,0.0
2011-09-18 02:00:00,13.2,87,11.0,0.0,0.0,2.97,0.0,0.0
2011-09-18 03:00:00,13.0,85,10.5,0.0,0.0,3.05,0.0,0.0
2011-09-18 04:00:00,12.7,84,10.0,0.0,0.0,3.04,0.0,0.0
2011-09-18 05:00:00,12.3,84,9.7,0.0,0.0,2.88,0.0,0.0
2011-09-18 06:00:00,12.0,85,9.5,0.0,0.0,2.68,0.0,0.0
2011-09-18 07:00:00,12.5,84,9.9,0.0,0.0,2.85,66.0,0.2376
2011-09-18 08:00:00,14.2,77,10.2,0.0,0.0,2.87,225.0,0.8099999999999999
2011-09-18 09:00:00,15.9,73,11.1,0.0,0.0,3.05,421.0,1.5156
2011-09-18 10:00:00,17.6,67,11.4,0.0,0.0,3.12,564.0,2.0303999999999998
2011-09-18 11:00:00,18.4,65,11.6,0.0,0.0,3.72,577.0,2.0772
2011-09-18 12:00:00,19.0,61,11.4,0.0,0.0,3.16,482.0,1.7351999999999999
2011-09-18 13:00:00,18.7,64,11.7,0.0,0.0,2.61,268.0,0.9648
2011-09-18 14:00:00,18.4,65,11.8,0.0,0.0,2.01,201.0,0.7236
2011-09-18 15:00:00,18.4,66,11.9,0.0,0.0,1.52,155.0,0.5579999999999999
2011-09-18 16:00:00,18.3,67,12.1,0.0,0.0,1.14,108.0,0.3888
2011-09-18 17:00:00,18.1,71,12.7,0.0,0.0,1.0,67.0,0.2412
2011-09-18 18:00:00,17.7,74,12.9,0.0,0.0,0.98,18.0,0.0648
2011-09-18 19:00:00,17.1,77,13.0,0.0,0.0,1.21,0.0,0.0
2011-09-18 20:00:00,16.9,78,13.0,0.0,0.0,1.52,0.0,0.0
2011-09-18 21:00:00,16.8,77,12.7,0.0,0.0,1.58,0.0,0.0
2011-09-18 22:00:00,16.8,75,12.4,0.0,0.0,1.77,0.0,0.0
2011-09-18 23:00:00,16.5,76,12.2,0.0,0.0,1.58,0.0,0.0
2011-09-19 00:00:00,15.9,78,12.1,0.0,0.0,1.49,0.0,0.0
2011-09-19 01:00:00,15.6,79,12.0,0.0,0.0,1.49,0.0,0.0
2011-09-19 02:00:00,15.4,83,12.5,0.0,0.0,1.49,0.0,0.0
2011-09-19 03:00:00,14.9,85,12.5,0.0,0.0,1.75,0.0,0.0
2011-09-19 04:00:00,14.0,90,12.3,0.0,0.0,1.88,0.0,0.0
2011-09-19 05:00:00,13.8,90,12.3,0.0,0.0,2.04,0.0,0.0
2011-09-19 06:00:00,13.7,91,12.3,0.0,0.0,2.16,0.0,0.0
2011-09-19 07:00:00,14.3,91,12.8,0.0,0.0,1.96,48.0,0.1728
2011-09-19 08:00:00,16.3,80,12.7,0.0,0.0,2.5,177.0,0.6372
2011-09-19 09:00:00,17.2,73,12.4,0.0,0.0,2.51,292.0,1.0512
2011-09-19 10:00:00,18.0,69,12.3,0.0,0.0,2.47,400.0,1.44
2011-09-19 11:00:00,19.2,63,12.1,0.0,0.0,2.73,548.0,1.9727999999999999
2011-09-19 12:00:00,20.0,61,12.3,0.0,0.0,2.28,608.0,2.1888
2011-09-19 13:00:00,20.5,59,12.2,0.0,0.0,1.56,548.0,1.9727999999999999
2011-09-19 14:00:00,20.3,60,12.3,0.0,0.0,1.84,419.0,1.5084
2011-09-19 15:00:00,20.2,61,12.4,0.0,0.0,2.39,264.0,0.9504
2011-09-19 16:00:00,20.1,62,12.6,0.0,0.0,2.16,217.0,0.7812
2011-09-19 17:00:00,19.8,64,12.8,0.0,0.0,1.89,172.0,0.6192
2011-09-19 18:00:00,18.8,70,13.2,0.0,0.0,1.91,49.0,0.1764
2011-09-19 19:00:00,18.1,74,13.4,0.0,0.0,2.48,0.0,0.0
2011-09-19 20:00:00,17.7,77,13.5,0.0,0.0,2.39,0.0,0.0
2011-09-19 21:00:00,17.6,77,13.6,0.0,0.0,2.19,0.0,0.0
2011-09-19 22:00:00,17.5,79,13.7,0.0,0.0,2.38,0.0,0.0
2011-09-19 23:00:00,17.3,81,14.0,0.0,0.0,2.67,0.0,0.0
2011-09-20 00:00:00,17.4,83,14.4,0.0,0.0,2.83,0.0,0.0
2011-09-20 01:00:00,17.4,85,14.8,0.0,0.0,2.8,0.0,0.0
2011-09-20 02:00:00,17.1,85,14.5,0.0,0.0,2.7,0.0,0.0
2011-09-20 03:00:00,16.8,87,14.7,0.0,0.0,2.72,0.0,0.0
2011-09-20 04:00:00,16.7,89,14.8,0.0,0.0,2.77,0.0,0.0
2011-09-20 05:00:00,16.5,91,15.0,0.2,0.0,2.79,0.0,0.0
2011-09-20 06:00:00,16.5,92,15.2,0.2,0.0,2.68,0.0,0.0
2011-09-20 07:00:00,16.6,93,15.5,0.6,0.0,2.64,26.0,0.0936
2011-09-20 08:00:00,17.5,93,16.3,1.3,0.0,2.42,97.0,0.3492
2011-09-20 09:00:00,17.9,93,16.7,1.3,0.0,2.44,101.0,0.3636
2011-09-20 10:00:00,18.4,92,17.1,1.6,0.0,2.36,136.0,0.4896
2011-09-20 11:00:00,18.4,95,17.6,1.0,0.0,2.5,95.0,0.34199999999999997
2011-09-20 12:00:00,19.1,92,17.8,0.4,0.0,1.94,150.0,0.54
2011-09-20 13:00:00,19.5,89,17.7,0.0,0.0,1.64,190.0,0.6839999999999999
2011-09-20 14:00:00,21.7,74,16.8,0.0,0.0,1.3,577.0,2.0772
2011-09-20 15:00:00,22.3,71,16.7,0.0,0.0,1.43,467.0,1.6812
2011-09-20 16:00:00,22.4,70,16.6,0.0,0.0,1.63,286.0,1.0296
2011-09-20 17:00:00,21.9,73,16.8,0.0,0.0,1.75,126.0,0.4536
2011-09-20 18:00:00,20.9,78,17.0,0.0,0.0,1.89,43.0,0.1548
2011-09-20 19:00:00,19.9,83,17.0,0.0,0.0,1.86,0.0,0.0
2011-09-20 20:00:00,19.0,88,17.0,0.0,0.0,1.64,0.0,0.0
2011-09-20 21:00:00,18.2,92,16.9,0.0,0.0,1.56,0.0,0.0
2011-09-20 22:00:00,17.5,95,16.7,0.0,0.0,1.39,0.0,0.0
2011-09-20 23:00:00,17.0,96,16.4,0.0,0.0,1.53,0.0,0.0
2011-09-21 00:00:00,16.6,97,16.1,0.0,0.0,1.64,0.0,0.0
2011-09-21 01:00:00,16.3,97,15.9,0.0,0.0,1.63,0.0,0.0
2011-09-21 02:00:00,16.3,98,15.9,0.0,0.0,1.44,0.0,0.0
2011-09-21 03:00:00,16.3,98,16.0,0.0,0.0,1.55,0.0,0.0
2011-09-21 04:00:00,16.3,99,16.2,0.0,0.0,1.3,0.0,0.0
2011-09-21 05:00:00,16.5,99,16.3,0.0,0.0,1.3,0.0,0.0
2011-09-21 06:00:00,16.8,99,16.7,0.0,0.0,1.12,0.0,0.0
2011-09-21 07:00:00,17.8,99,17.6,0.0,0.0,1.49,32.0,0.1152
2011-09-21 08:00:00,20.4,92,19.0,0.0,0.0,1.92,140.0,0.504
2011-09-21 09:00:00,21.2,87,18.9,0.0,0.0,1.97,187.0,0.6732
2011-09-21 10:00:00,22.3,81,18.9,0.1,0.0,1.84,305.0,1.0979999999999999
2011-09-21 11:00:00,23.6,73,18.5,0.1,0.0,2.37,451.0,1.6236
2011-09-21 12:00:00,24.0,72,18.6,0.0,0.0,2.58,396.0,1.4256
2011-09-21 13:00:00,24.1,73,18.9,0.1,0.0,2.48,367.0,1.3212
2011-09-21 14:00:00,24.0,77,19.8,0.0,0.0,2.62,344.0,1.2384
2011-09-21 15:00:00,23.2,81,19.8,0.7,0.0,2.78,206.0,0.7415999999999999
2011-09-21 16:00:00,22.1,87,19.9,2.2,0.0,2.62,155.0,0.5579999999999999
2011-09-21 17:00:00,21.3,94,20.3,1.0,0.0,1.94,59.0,0.2124
2011-09-21 18:00:00,20.8,96,20.2,0.3,0.0,1.98,21.0,0.0756
2011-09-21 19:00:00,20.3,98,20.0,0.3,0.0,1.71,0.0,0.0
2011-09-21 20:00:00,20.2,99,20.0,0.3,0.0,1.62,0.0,0.0
2011-09-21 21:00:00,20.3,99,20.2,0.0,0.0,2.05,0.0,0.0
2011-09-21 22:00:00,20.5,99,20.3,0.0,0.0,1.98,0.0,0.0
2011-09-21 23:00:00,20.5,99,20.4,0.0,0.0,1.66,0.0,0.0
2011-09-22 00:00:00,20.5,99,20.4,0.0,0.0,1.52,0.0,0.0
2011-09-22 01:00:00,20.4,99,20.3,0.0,0.0,1.65,0.0,0.0
2011-09-22 02:00:00,19.8,99,19.7,0.0,0.0,1.7,0.0,0.0
2011-09-22 03:00:00,19.7,99,19.6,0.0,0.0,1.51,0.0,0.0
2011-09-22 04:00:00,19.6,100,19.5,0.0,0.0,1.41,0.0,0.0
2011-09-22 05:00:00,19.6,99,19.5,0.0,0.0,1.49,0.0,0.0
2011-09-22 06:00:00,19.6,99,19.5,0.0,0.0,1.63,0.0,0.0
2011-09-22 07:00:00,19.9,98,19.6,0.0,0.0,1.73,26.0,0.0936
2011-09-22 08:00:00,20.7,93,19.5,0.0,0.0,1.84,106.0,0.3816
2011-09-22 09:00:00,21.6,91,20.0,0.0,0.0,1.77,210.0,0.756
2011-09-22 10:00:00,22.3,88,20.3,0.0,0.0,1.7,224.0,0.8064
2011-09-22 11:00:00,23.4,83,20.4,0.2,0.0,1.48,297.0,1.0692
2011-09-22 12:00:00,24.4,78,20.3,0.2,0.0,1.39,468.0,1.6847999999999999
2011-09-22 13:00:00,25.1,74,20.1,0.2,0.0,1.3,398.0,1.4327999999999999
2011-09-22 14:00:00,25.7,74,20.8,0.0,0.0,1.3,417.0,1.5011999999999999
2011-09-22 15:00:00,25.9,72,20.5,0.0,0.0,1.36,338.0,1.2167999999999999
2011-09-22 16:00:00,25.7,73,20.6,0.0,0.0,1.5,238.0,0.8568
2011-09-22 17:00:00,24.7,80,21.0,0.0,0.0,1.0,99.0,0.3564
2011-09-22 18:00:00,23.6,85,21.0,0.0,0.0,1.14,23.0,0.0828
2011-09-22 19:00:00,22.8,90,21.1,0.0,0.0,1.1,0.0,0.0
2011-09-22 20:00:00,22.1,94,21.1,0.0,0.0,0.63,0.0,0.0
2011-09-22 21:00:00,21.6,97,21.0,0.0,0.0,1.61,0.0,0.0
2011-09-22 22:00:00,21.2,98,20.8,0.0,0.0,1.63,0.0,0.0
2011-09-22 23:00:00,20.7,99,20.5,0.0,0.0,1.58,0.0,0.0
2011-09-23 00:00:00,20.3,99,20.2,0.0,0.0,1.43,0.0,0.0
2011-09-23 01:00:00,20.0,100,19.9,0.0,0.0,1.87,0.0,0.0
2011-09-23 02:00:00,20.3,98,20.1,0.0,0.0,2.01,0.0,0.0
2011-09-23 03:00:00,20.3,99,20.1,0.0,0.0,1.84,0.0,0.0
2011-09-23 04:00:00,20.2,99,20.1,0.0,0.0,1.58,0.0,0.0
2011-09-23 05:00:00,20.1,99,20.0,0.0,0.0,1.25,0.0,0.0
2011-09-23 06:00:00,20.2,99,20.1,0.1,0.0,1.56,0.0,0.0
2011-09-23 07:00:00,20.5,98,20.3,0.4,0.0,1.06,15.0,0.054
2011-09-23 08:00:00,20.8,98,20.6,0.9,0.0,1.3,28.0,0.1008
2011-09-23 09:00:00,21.1,99,20.9,1.4,0.0,1.92,41.0,0.1476
2011-09-23 10:00:00,21.3,100,21.3,2.4,0.0,2.15,64.0,0.2304
2011-09-23 11:00:00,21.3,100,21.2,4.1,0.0,2.53,45.0,0.162
2011-09-23 12:00:00,21.4,99,21.3,4.4,0.0,2.41,52.0,0.1872
2011-09-23 13:00:00,21.3,99,21.2,3.2,0.0,2.0,37.0,0.13319999999999999
2011-09-23 14:00:00,21.3,97,20.8,1.3,0.0,1.92,71.0,0.2556
2011-09-23 15:00:00,21.6,96,21.0,1.5,0.0,3.77,110.0,0.39599999999999996
2011-09-23 16:00:00,21.6,97,21.2,1.8,0.0,3.32,106.0,0.3816
2011-09-23 17:00:00,21.4,98,21.0,0.3,0.0,0.67,41.0,0.1476
2011-09-23 18:00:00,21.1,99,20.9,0.0,0.0,0.64,16.0,0.0576
2011-09-23 19:00:00,21.0,99,20.8,0.0,0.0,0.78,0.0,0.0
2011-09-23 20:00:00,21.0,98,20.8,0.0,0.0,0.86,0.0,0.0
2011-09-23 21:00:00,20.9,99,20.8,0.0,0.0,1.57,0.0,0.0
2011-09-23 22:00:00,20.7,99,20.6,0.0,0.0,1.7,0.0,0.0
2011-09-23 23:00:00,20.5,99,20.4,0.0,0.0,1.84,0.0,0.0
2011-09-24 00:00:00,20.2,100,20.2,0.0,0.0,1.81,0.0,0.0
2011-09-24 01:00:00,20.2,100,20.1,0.0,0.0,1.6,0.0,0.0
2011-09-24 02:00:00,19.9,100,19.9,0.0,0.0,1.5,0.0,0.0
2011-09-24 03:00:00,19.8,99,19.7,0.0,0.0,1.2,0.0,0.0
2011-09-24 04:00:00,19.5,99,19.4,0.0,0.0,1.71,0.0,0.0
2011-09-24 05:00:00,19.1,100,19.1,0.0,0.0,1.5,0.0,0.0
2011-09-24 06:00:00,18.9,98,18.6,0.0,0.0,1.7,0.0,0.0
2011-09-24 07:00:00,19.0,97,18.5,0.0,0.0,1.66,28.0,0.1008
2011-09-24 08:00:00,19.7,92,18.3,0.0,0.0,1.58,125.0,0.45
2011-09-24 09:00:00,20.9,85,18.3,0.0,0.0,2.11,272.0,0.9792
2011-09-24 10:00:00,22.2,78,18.3,0.0,0.0,2.41,373.0,1.3428
2011-09-24 11:00:00,23.2,75,18.4,0.0,0.0,2.86,415.0,1.494
2011-09-24 12:00:00,23.7,73,18.6,0.0,0.0,2.83,380.0,1.3679999999999999
2011-09-24 13:00:00,24.0,72,18.6,0.0,0.0,2.53,330.0,1.188
2011-09-24 14:00:00,23.5,75,18.9,0.0,0.0,2.4,255.0,0.9179999999999999
2011-09-24 15:00:00,23.8,73,18.7,0.0,0.0,2.56,284.0,1.0224
2011-09-24 16:00:00,23.5,75,18.8,0.0,0.0,2.34,185.0,0.666
2011-09-24 17:00:00,22.9,79,19.1,0.0,0.0,1.7,102.0,0.36719999999999997
2011-09-24 18:00:00,22.1,84,19.2,0.0,0.0,1.1,30.0,0.108
2011-09-24 19:00:00,21.4,88,19.2,0.0,0.0,1.0,0.0,0.0
2011-09-24 20:00:00,20.9,90,19.2,0.0,0.0,1.5,0.0,0.0
2011-09-24 21:00:00,20.6,91,19.1,0.0,0.0,1.5,0.0,0.0
2011-09-24 22:00:00,20.2,93,19.0,0.0,0.0,1.49,0.0,0.0
2011-09-24 23:00:00,19.8,95,19.0,0.0,0.0,1.49,0.0,0.0
2011-09-25 00:00:00,19.6,96,18.9,0.0,0.0,1.51,0.0,0.0
2011-09-25 01:00:00,19.3,97,18.8,0.0,0.0,1.55,0.0,0.0
2011-09-25 02:00:00,19.0,99,18.9,0.0,0.0,1.56,0.0,0.0
2011-09-25 03:00:00,18.7,100,18.7,0.0,0.0,1.72,0.0,0.0
2011-09-25 04:00:00,18.8,100,18.7,0.0,0.0,1.77,0.0,0.0
2011-09-25 05:00:00,19.0,100,18.9,0.0,0.0,1.84,0.0,0.0
2011-09-25 06:00:00,19.3,100,19.3,0.0,0.0,1.92,0.0,0.0
2011-09-25 07:00:00,19.9,99,19.8,0.0,0.0,1.52,17.0,0.0612
2011-09-25 08:00:00,20.6,95,19.7,0.0,0.0,2.09,60.0,0.216
2011-09-25 09:00:00,21.5,91,19.9,0.0,0.0,2.1,135.0,0.486
2011-09-25 10:00:00,22.6,85,19.9,0.0,0.0,2.47,233.0,0.8388
2011-09-25 11:00:00,23.1,82,19.8,0.0,0.0,2.61,266.0,0.9576
2011-09-25 12:00:00,23.5,80,19.8,0.0,0.0,2.44,287.0,1.0332
2011-09-25 13:00:00,23.6,79,19.8,0.0,0.0,1.94,245.0,0.882
2011-09-25 14:00:00,24.6,77,20.4,0.0,0.0,1.66,340.0,1.224
2011-09-25 15:00:00,24.3,79,20.3,0.0,0.0,1.43,202.0,0.7272
2011-09-25 16:00:00,24.1,78,20.1,0.0,0.0,1.51,192.0,0.6912
2011-09-25 17:00:00,23.5,83,20.4,0.0,0.0,1.7,98.0,0.3528
2011-09-25 18:00:00,22.6,87,20.4,0.0,0.0,1.41,30.0,0.108
2011-09-25 19:00:00,21.8,92,20.4,0.0,0.0,1.25,0.0,0.0
2011-09-25 20:00:00,21.1,95,20.2,0.0,0.0,1.56,0.0,0.0
2011-09-25 21:00:00,20.5,97,19.9,0.0,0.0,1.79,0.0,0.0
2011-09-25 22:00:00,20.2,97,19.7,0.0,0.0,1.49,0.0,0.0
2011-09-25 23:00:00,19.8,98,19.4,0.0,0.0,1.36,0.0,0.0
2011-09-26 00:00:00,19.5,98,19.3,0.0,0.0,1.53,0.0,0.0
2011-09-26 01:00:00,19.2,99,19.0,0.0,0.0,1.39,0.0,0.0
2011-09-26 02:00:00,19.5,98,19.2,0.0,0.0,1.32,0.0,0.0
2011-09-26 03:00:00,19.3,100,19.2,0.0,0.0,1.24,0.0,0.0
2011-09-26 04:00:00,18.9,100,18.8,0.0,0.0,1.06,0.0,0.0
2011-09-26 05:00:00,19.0,100,18.9,0.0,0.0,1.46,0.0,0.0
2011-09-26 06:00:00,19.2,100,19.1,0.0,0.0,1.22,0.0,0.0
2011-09-26 07:00:00,19.9,99,19.8,0.0,0.0,1.17,35.0,0.126
2011-09-26 08:00:00,21.3,92,19.9,0.0,0.0,1.91,137.0,0.49319999999999997
2011-09-26 09:00:00,22.7,84,19.8,0.0,0.0,2.5,252.0,0.9072
2011-09-26 10:00:00,23.9,77,19.6,0.0,0.0,2.44,346.0,1.2456
2011-09-26 11:00:00,25.0,72,19.6,0.0,0.0,2.45,430.0,1.548
2011-09-26 12:00:00,25.7,69,19.7,0.0,0.0,2.5,443.0,1.5948
2011-09-26 13:00:00,25.6,70,19.8,0.0,0.0,2.38,289.0,1.0404
2011-09-26 14:00:00,26.0,69,19.8,0.0,0.0,2.24,396.0,1.4256
2011-09-26 15:00:00,25.8,70,19.9,0.0,0.0,2.19,282.0,1.0151999999999999
2011-09-26 16:00:00,25.6,72,20.1,0.0,0.0,2.2,240.0,0.864
2011-09-26 17:00:00,24.9,76,20.4,0.0,0.0,2.05,152.0,0.5472
2011-09-26 18:00:00,23.6,82,20.4,0.0,0.0,1.84,35.0,0.126
2011-09-26 19:00:00,22.6,87,20.3,0.0,0.0,1.84,0.0,0.0
2011-09-26 20:00:00,21.7,90,20.0,0.0,0.0,1.94,0.0,0.0
2011-09-26 21:00:00,21.1,93,19.9,0.0,0.0,2.11,0.0,0.0
2011-09-26 22:00:00,20.5,95,19.7,0.0,0.0,2.1,0.0,0.0
2011-09-26 23:00:00,20.0,97,19.6,0.0,0.0,2.33,0.0,0.0
2011-09-27 00:00:00,19.8,98,19.5,0.0,0.0,2.38,0.0,0.0
2011-09-27 01:00:00,19.5,99,19.4,0.0,0.0,2.15,0.0,0.0
2011-09-27 02:00:00,19.7,99,19.5,0.0,0.0,2.16,0.0,0.0
2011-09-27 03:00:00,19.6,100,19.5,0.0,0.0,1.91,0.0,0.0
2011-09-27 04:00:00,19.8,100,19.8,0.0,0.0,1.84,0.0,0.0
2011-09-27 05:00:00,19.9,100,19.9,0.0,0.0,1.98,0.0,0.0
2011-09-27 06:00:00,20.1,100,20.1,0.0,0.0,2.2,0.0,0.0
2011-09-27 07:00:00,21.2,98,20.8,0.0,0.0,2.56,18.0,0.0648
2011-09-27 08:00:00,21.9,95,21.1,0.0,0.0,2.62,50.0,0.18
2011-09-27 09:00:00,21.9,97,21.4,0.7,0.0,3.08,78.0,0.2808
2011-09-27 10:00:00,22.1,95,21.3,0.2,0.0,3.14,121.0,0.4356
2011-09-27 11:00:00,22.7,91,21.2,0.0,0.0,3.31,137.0,0.49319999999999997
2011-09-27 12:00:00,24.1,84,21.1,0.0,0.0,2.82,249.0,0.8964
2011-09-27 13:00:00,24.3,83,21.2,0.2,0.0,2.66,260.0,0.9359999999999999
2011-09-27 14:00:00,25.2,83,22.0,0.5,0.0,2.72,255.0,0.9179999999999999
2011-09-27 15:00:00,25.1,83,22.0,1.1,0.0,2.64,271.0,0.9756
2011-09-27 16:00:00,24.0,88,21.8,1.7,0.0,2.33,196.0,0.7056
2011-09-27 17:00:00,22.9,91,21.3,1.0,0.0,2.48,97.0,0.3492
2011-09-27 18:00:00,22.2,94,21.2,0.3,0.0,1.8,22.0,0.07919999999999999
2011-09-27 19:00:00,21.5,97,20.9,0.5,0.0,2.15,0.0,0.0
2011-09-27 20:00:00,21.2,98,20.9,0.0,0.0,2.25,0.0,0.0
2011-09-27 21:00:00,21.1,99,21.0,0.0,0.0,1.7,0.0,0.0
2011-09-27 22:00:00,21.2,100,21.2,0.0,0.0,2.06,0.0,0.0
2011-09-27 23:00:00,21.2,99,21.1,0.2,0.0,2.39,0.0,0.0
2011-09-28 00:00:00,20.9,100,20.8,0.8,0.0,2.58,0.0,0.0
2011-09-28 01:00:00,20.8,99,20.7,0.4,0.0,2.64,0.0,0.0
2011-09-28 02:00:00,20.7,99,20.5,0.0,0.0,2.7,0.0,0.0
2011-09-28 03:00:00,20.5,99,20.3,0.0,0.0,2.34,0.0,0.0
2011-09-28 04:00:00,20.2,99,20.1,0.0,0.0,2.2,0.0,0.0
2011-09-28 05:00:00,20.0,100,20.0,0.0,0.0,0.3,0.0,0.0
2011-09-28 06:00:00,19.9,100,19.8,0.0,0.0,0.32,0.0,0.0
2011-09-28 07:00:00,20.4,99,20.2,0.0,0.0,0.58,29.0,0.10439999999999999
2011-09-28 08:00:00,21.5,93,20.3,0.0,0.0,1.08,102.0,0.36719999999999997
2011-09-28 09:00:00,22.3,90,20.7,0.0,0.0,2.14,181.0,0.6516
2011-09-28 10:00:00,23.1,87,20.9,0.0,0.0,2.64,224.0,0.8064
2011-09-28 11:00:00,23.7,85,21.0,0.3,0.0,2.86,240.0,0.864
2011-09-28 12:00:00,24.5,83,21.3,0.1,0.0,2.97,322.0,1.1592
2011-09-28 13:00:00,24.9,82,21.6,0.2,0.0,2.44,315.0,1.134
2011-09-28 14:00:00,26.1,75,21.3,0.0,0.0,2.98,460.0,1.656
2011-09-28 15:00:00,25.3,76,20.7,0.1,0.0,2.92,377.0,1.3572
2011-09-28 16:00:00,22.7,84,19.9,0.6,0.0,2.91,194.0,0.6984
2011-09-28 17:00:00,21.9,87,19.6,0.0,0.0,0.5,82.0,0.2952
2011-09-28 18:00:00,21.7,87,19.5,0.0,0.0,1.86,24.0,0.0864
2011-09-28 19:00:00,20.7,92,19.4,1.0,0.0,2.28,0.0,0.0
2011-09-28 20:00:00,20.1,96,19.4,1.4,0.0,2.34,0.0,0.0
2011-09-28 21:00:00,19.9,97,19.5,1.6,0.0,1.9,0.0,0.0
2011-09-28 22:00:00,19.6,99,19.5,1.3,0.0,1.26,0.0,0.0
2011-09-28 23:00:00,19.4,99,19.3,0.0,0.0,1.46,0.0,0.0
2011-09-29 00:00:00,19.3,100,19.2,0.0,0.0,1.46,0.0,0.0
2011-09-29 01:00:00,19.3,99,19.2,0.0,0.0,1.22,0.0,0.0
2011-09-29 02:00:00,19.1,99,19.0,0.0,0.0,0.99,0.0,0.0
2011-09-29 03:00:00,18.5,100,18.4,0.0,0.0,0.85,0.0,0.0
2011-09-29 04:00:00,18.0,100,17.9,0.0,0.0,0.67,0.0,0.0
2011-09-29 05:00:00,18.0,100,18.0,0.0,0.0,1.24,0.0,0.0
2011-09-29 06:00:00,18.0,100,18.0,0.0,0.0,1.41,0.0,0.0
2011-09-29 07:00:00,18.4,99,18.3,0.0,0.0,1.66,22.0,0.07919999999999999
2011-09-29 08:00:00,18.9,99,18.7,0.0,0.0,1.79,86.0,0.3096
2011-09-29 09:00:00,20.0,95,19.2,0.0,0.0,2.51,191.0,0.6876
2011-09-29 10:00:00,21.4,88,19.3,0.2,0.0,2.9,263.0,0.9468
2011-09-29 11:00:00,20.8,89,18.8,2.2,0.0,2.33,274.0,0.9863999999999999
2011-09-29 12:00:00,21.9,87,19.5,0.3,0.0,2.2,498.0,1.7928
2011-09-29 13:00:00,22.8,79,19.0,0.2,0.0,3.21,570.0,2.052
2011-09-29 14:00:00,23.8,62,16.2,0.0,0.0,3.93,551.0,1.9836
2011-09-29 15:00:00,23.7,62,16.0,0.0,0.0,4.64,504.0,1.8144
2011-09-29 16:00:00,22.8,62,15.1,0.0,0.0,3.44,285.0,1.026
2011-09-29 17:00:00,22.2,65,15.2,0.0,0.0,2.69,163.0,0.5868
2011-09-29 18:00:00,20.9,69,14.9,0.0,0.0,2.71,40.0,0.144
2011-09-29 19:00:00,19.0,78,15.1,0.0,0.0,2.01,0.0,0.0
2011-09-29 20:00:00,17.8,80,14.3,0.0,0.0,1.9,0.0,0.0
2011-09-29 21:00:00,17.4,78,13.5,0.0,0.0,1.91,0.0,0.0
2011-09-29 22:00:00,18.6,69,12.9,0.0,0.0,1.25,0.0,0.0
2011-09-29 23:00:00,18.1,73,13.2,0.0,0.0,1.39,0.0,0.0
2011-09-30 00:00:00,15.3,89,13.4,0.0,0.0,1.84,0.0,0.0
2011-09-30 01:00:00,15.0,89,13.2,0.0,0.0,2.26,0.0,0.0
2011-09-30 02:00:00,15.2,87,13.0,0.0,0.0,2.81,0.0,0.0
2011-09-30 03:00:00,15.6,85,13.1,0.0,0.0,3.01,0.0,0.0
2011-09-30 04:00:00,15.7,83,12.7,0.0,0.0,2.95,0.0,0.0
2011-09-30 05:00:00,15.6,81,12.4,0.0,0.0,2.55,0.0,0.0
2011-09-30 06:00:00,15.2,84,12.5,0.0,0.0,1.84,0.0,0.0
2011-09-30 07:00:00,15.5,87,13.3,0.0,0.0,1.87,43.0,0.1548
2011-09-30 08:00:00,18.3,74,13.6,0.0,0.0,1.21,203.0,0.7308
2011-09-30 09:00:00,20.1,68,14.0,0.0,0.0,1.17,379.0,1.3644
2011-09-30 10:00:00,21.8,64,14.6,0.0,0.0,1.17,515.0,1.8539999999999999
2011-09-30 11:00:00,22.8,60,14.7,0.0,0.0,1.46,523.0,1.8828
2011-09-30 12:00:00,23.3,57,14.4,0.0,0.0,1.53,496.0,1.7855999999999999
2011-09-30 13:00:00,23.5,55,13.9,0.0,0.0,2.06,459.0,1.6523999999999999
2011-09-30 14:00:00,23.4,55,13.9,0.0,0.0,2.97,446.0,1.6056
2011-09-30 15:00:00,23.5,54,13.6,0.0,0.0,2.92,395.0,1.422
2011-09-30 16:00:00,22.9,54,13.1,0.0,0.0,2.75,291.0,1.0475999999999999
2011-09-30 17:00:00,21.8,59,13.4,0.0,0.0,2.33,123.0,0.44279999999999997
2011-09-30 18:00:00,20.6,56,11.6,0.0,0.0,3.55,23.0,0.0828
2011-09-30 19:00:00,19.4,50,8.8,0.0,0.0,4.4,0.0,0.0
2011-09-30 20:00:00,18.2,51,7.8,0.0,0.0,3.83,0.0,0.0
2011-09-30 21:00:00,17.4,53,7.8,0.0,0.0,3.32,0.0,0.0
2011-09-30 22:00:00,16.8,56,8.0,0.0,0.0,3.32,0.0,0.0
2011-09-30 23:00:00,16.2,59,8.2,0.0,0.0,3.11,0.0,0.0
2011-10-01 00:00:00,15.7,62,8.5,0.0,0.0,3.34,0.0,0.0
2011-10-01 01:00:00,15.1,65,8.5,0.0,0.0,3.47,0.0,0.0
2011-10-01 02:00:00,14.6,69,8.9,0.0,0.0,4.04,0.0,0.0
2011-10-01 03:00:00,14.1,69,8.4,0.0,0.0,4.19,0.0,0.0
2011-10-01 04:00:00,13.4,70,8.0,0.0,0.0,4.19,0.0,0.0
2011-10-01 05:00:00,13.0,69,7.3,0.0,0.0,3.58,0.0,0.0
2011-10-01 06:00:00,12.5,69,7.0,0.0,0.0,3.72,0.0,0.0
2011-10-01 07:00:00,11.9,72,7.0,0.0,0.0,4.29,18.0,0.0648
2011-10-01 08:00:00,11.5,75,7.1,0.0,0.0,4.96,98.0,0.3528
2011-10-01 09:00:00,11.4,75,7.2,0.0,0.0,5.22,156.0,0.5616
2011-10-01 10:00:00,12.0,71,7.0,0.0,0.0,5.05,222.0,0.7992
2011-10-01 11:00:00,12.7,69,7.2,0.0,0.0,5.06,273.0,0.9828
2011-10-01 12:00:00,13.8,65,7.4,0.0,0.0,5.3,507.0,1.8252
2011-10-01 13:00:00,13.7,66,7.4,0.0,0.0,4.84,310.0,1.1159999999999999
2011-10-01 14:00:00,12.0,76,7.9,0.4,0.0,5.25,172.0,0.6192
2011-10-01 15:00:00,11.7,78,8.1,0.4,0.0,5.1,97.0,0.3492
2011-10-01 16:00:00,10.9,87,8.9,1.0,0.0,4.43,32.0,0.1152
2011-10-01 17:00:00,10.2,94,9.2,0.7,0.0,3.5,15.0,0.054
2011-10-01 18:00:00,9.7,96,9.0,0.8,0.0,4.11,3.0,0.0108
2011-10-01 19:00:00,9.4,96,8.8,0.6,0.0,3.8,0.0,0.0
2011-10-01 20:00:00,9.3,96,8.8,0.7,0.0,4.16,0.0,0.0
2011-10-01 21:00:00,9.5,97,9.1,0.9,0.0,4.07,0.0,0.0
2011-10-01 22:00:00,9.8,94,8.8,0.8,0.0,3.94,0.0,0.0
2011-10-01 23:00:00,9.5,97,9.0,0.8,0.0,4.25,0.0,0.0
2011-10-02 00:00:00,9.0,98,8.7,0.8,0.0,4.33,0.0,0.0
2011-10-02 01:00:00,8.5,98,8.2,1.0,0.0,4.52,0.0,0.0
2011-10-02 02:00:00,8.4,94,7.5,0.8,0.0,4.59,0.0,0.0
2011-10-02 03:00:00,7.9,96,7.3,0.4,0.0,5.14,0.0,0.0
2011-10-02 04:00:00,7.6,94,6.7,0.2,0.0,5.41,0.0,0.0
2011-10-02 05:00:00,7.6,92,6.3,0.1,0.0,3.62,0.0,0.0
2011-10-02 06:00:00,7.5,91,6.0,0.0,0.0,3.86,0.0,0.0
2011-10-02 07:00:00,7.5,88,5.6,0.0,0.0,3.86,6.0,0.0216
2011-10-02 08:00:00,7.6,84,5.0,0.0,0.0,4.05,21.0,0.0756
2011-10-02 09:00:00,8.0,79,4.6,0.0,0.0,4.95,98.0,0.3528
2011-10-02 10:00:00,8.5,75,4.4,0.0,0.0,4.81,138.0,0.49679999999999996
2011-10-02 11:00:00,9.5,70,4.4,0.0,0.0,3.91,250.0,0.9
2011-10-02 12:00:00,10.4,66,4.3,0.0,0.0,3.62,299.0,1.0764
2011-10-02 13:00:00,10.9,63,4.1,0.0,0.0,3.84,253.0,0.9107999999999999
2011-10-02 14:00:00,10.1,69,4.7,0.2,0.0,3.72,213.0,0.7667999999999999
2011-10-02 15:00:00,9.8,71,4.8,0.1,0.0,4.05,158.0,0.5688
2011-10-02 16:00:00,9.7,71,4.7,0.1,0.0,4.3,199.0,0.7163999999999999
2011-10-02 17:00:00,9.3,76,5.3,0.5,0.0,3.11,99.0,0.3564
2011-10-02 18:00:00,9.0,80,5.7,0.0,0.0,2.91,23.0,0.0828
2011-10-02 19:00:00,8.8,82,5.9,0.0,0.0,3.04,0.0,0.0
2011-10-02 20:00:00,8.8,82,5.8,0.0,0.0,3.13,0.0,0.0
2011-10-02 21:00:00,8.5,82,5.6,0.0,0.0,2.94,0.0,0.0
2011-10-02 22:00:00,8.4,82,5.4,0.0,0.0,3.03,0.0,0.0
2011-10-02 23:00:00,8.0,82,5.1,0.0,0.0,2.82,0.0,0.0
2011-10-03 00:00:00,7.5,84,4.9,0.0,0.0,2.52,0.0,0.0
2011-10-03 01:00:00,7.2,85,4.8,0.0,0.0,2.12,0.0,0.0
2011-10-03 02:00:00,6.7,90,5.2,0.0,0.0,1.84,0.0,0.0
2011-10-03 03:00:00,6.0,93,5.0,0.0,0.0,1.99,0.0,0.0
2011-10-03 04:00:00,5.9,92,4.8,0.0,0.0,2.06,0.0,0.0
2011-10-03 05:00:00,6.4,91,5.0,0.0,0.0,0.76,0.0,0.0
2011-10-03 06:00:00,6.8,89,5.1,0.0,0.0,0.32,0.0,0.0
2011-10-03 07:00:00,7.5,89,5.7,0.0,0.0,0.22,23.0,0.0828
2011-10-03 08:00:00,8.5,82,5.6,0.0,0.0,0.14,117.0,0.42119999999999996
2011-10-03 09:00:00,9.3,79,5.8,0.1,0.0,0.4,192.0,0.6912
2011-10-03 10:00:00,9.8,76,5.7,0.2,0.0,0.71,200.0,0.72
2011-10-03 11:00:00,10.5,72,5.7,0.2,0.0,1.22,261.0,0.9396
2011-10-03 12:00:00,10.5,76,6.4,0.2,0.0,1.51,178.0,0.6408
2011-10-03 13:00:00,11.0,76,6.9,0.2,0.0,1.7,288.0,1.0368
2011-10-03 14:00:00,11.6,69,6.1,0.1,0.0,1.94,390.0,1.404
2011-10-03 15:00:00,11.9,67,6.0,0.0,0.0,2.14,287.0,1.0332
2011-10-03 16:00:00,11.5,70,6.3,0.0,0.0,2.12,119.0,0.4284
2011-10-03 17:00:00,11.5,70,6.3,0.0,0.0,1.65,90.0,0.324
2011-10-03 18:00:00,11.1,75,6.7,0.0,0.0,0.92,15.0,0.054
2011-10-03 19:00:00,10.6,82,7.6,0.0,0.0,1.22,0.0,0.0
2011-10-03 20:00:00,10.1,87,8.1,0.0,0.0,1.0,0.0,0.0
2011-10-03 21:00:00,10.1,89,8.4,0.0,0.0,1.0,0.0,0.0
2011-10-03 22:00:00,9.8,91,8.3,0.0,0.0,1.27,0.0,0.0
2011-10-03 23:00:00,9.4,93,8.3,0.0,0.0,1.58,0.0,0.0
2011-10-04 00:00:00,8.7,96,8.0,0.0,0.0,1.81,0.0,0.0
2011-10-04 01:00:00,8.4,97,7.9,0.0,0.0,2.04,0.0,0.0
2011-10-04 02:00:00,8.4,96,7.7,0.0,0.0,2.15,0.0,0.0
2011-10-04 03:00:00,8.2,97,7.8,0.0,0.0,2.24,0.0,0.0
2011-10-04 04:00:00,8.3,98,8.0,0.0,0.0,2.34,0.0,0.0
2011-10-04 05:00:00,8.4,98,8.1,0.0,0.0,1.97,0.0,0.0
2011-10-04 06:00:00,8.1,98,7.9,0.0,0.0,2.15,0.0,0.0
2011-10-04 07:00:00,8.9,97,8.5,0.0,0.0,2.56,36.0,0.1296
2011-10-04 08:00:00,11.5,90,9.9,0.0,0.0,2.58,168.0,0.6048
2011-10-04 09:00:00,13.6,81,10.5,0.0,0.0,3.12,321.0,1.1556
2011-10-04 10:00:00,15.7,71,10.5,0.0,0.0,4.3,484.0,1.7424
2011-10-04 11:00:00,16.8,68,10.8,0.1,0.0,4.74,582.0,2.0951999999999997
2011-10-04 12:00:00,17.7,63,10.6,0.1,0.0,4.42,560.0,2.016
2011-10-04 13:00:00,18.6,58,10.2,0.0,0.0,4.18,453.0,1.6308
2011-10-04 14:00:00,18.7,57,10.0,0.0,0.0,4.19,323.0,1.1628
2011-10-04 15:00:00,19.0,57,10.4,0.0,0.0,4.03,337.0,1.2132
2011-10-04 16:00:00,18.7,62,11.2,0.0,0.0,3.36,214.0,0.7704
2011-10-04 17:00:00,18.1,64,11.2,0.0,0.0,3.36,124.0,0.44639999999999996
2011-10-04 18:00:00,16.8,69,11.1,0.0,0.0,3.72,21.0,0.0756
2011-10-04 19:00:00,15.7,74,11.2,0.0,0.0,3.89,0.0,0.0
2011-10-04 20:00:00,15.0,78,11.2,0.0,0.0,3.85,0.0,0.0
2011-10-04 21:00:00,14.6,80,11.2,0.0,0.0,3.81,0.0,0.0
2011-10-04 22:00:00,14.2,83,11.4,0.0,0.0,3.83,0.0,0.0
2011-10-04 23:00:00,13.7,86,11.5,0.0,0.0,3.61,0.0,0.0
2011-10-05 00:00:00,13.2,89,11.5,0.0,0.0,3.38,0.0,0.0
2011-10-05 01:00:00,12.9,91,11.4,0.0,0.0,3.24,0.0,0.0
2011-10-05 02:00:00,12.8,91,11.3,0.0,0.0,3.28,0.0,0.0
2011-10-05 03:00:00,12.5,91,11.1,0.0,0.0,3.22,0.0,0.0
2011-10-05 04:00:00,12.2,92,10.9,0.0,0.0,3.22,0.0,0.0
2011-10-05 05:00:00,11.9,92,10.7,0.0,0.0,2.82,0.0,0.0
2011-10-05 06:00:00,11.7,92,10.4,0.0,0.0,2.92,0.0,0.0
2011-10-05 07:00:00,12.0,90,10.3,0.0,0.0,3.23,37.0,0.13319999999999999
2011-10-05 08:00:00,13.9,81,10.7,0.0,0.0,3.22,198.0,0.7128
2011-10-05 09:00:00,15.9,71,10.6,0.0,0.0,3.66,385.0,1.386
2011-10-05 10:00:00,17.7,63,10.6,0.0,0.0,3.7,547.0,1.9691999999999998
2011-10-05 11:00:00,19.2,57,10.6,0.0,0.0,3.61,665.0,2.394
2011-10-05 12:00:00,20.5,52,10.3,0.0,0.0,3.61,725.0,2.61
2011-10-05 13:00:00,21.4,47,9.6,0.0,0.0,3.75,721.0,2.5956
2011-10-05 14:00:00,22.3,44,9.5,0.0,0.0,3.89,655.0,2.358
2011-10-05 15:00:00,22.4,42,9.0,0.0,0.0,3.97,534.0,1.9223999999999999
2011-10-05 16:00:00,21.8,47,10.0,0.0,0.0,3.19,368.0,1.3248
2011-10-05 17:00:00,20.3,53,10.4,0.0,0.0,1.98,179.0,0.6444
2011-10-05 18:00:00,18.4,57,9.7,0.0,0.0,2.19,26.0,0.0936
2011-10-05 19:00:00,17.0,61,9.4,0.0,0.0,2.33,0.0,0.0
2011-10-05 20:00:00,16.0,65,9.4,0.0,0.0,2.21,0.0,0.0
2011-10-05 21:00:00,14.9,70,9.5,0.0,0.0,2.14,0.0,0.0
2011-10-05 22:00:00,14.0,75,9.6,0.0,0.0,2.53,0.0,0.0
2011-10-05 23:00:00,13.7,75,9.3,0.0,0.0,3.35,0.0,0.0
2011-10-06 00:00:00,13.5,69,7.9,0.0,0.0,3.61,0.0,0.0
2011-10-06 01:00:00,12.7,66,6.5,0.0,0.0,3.3,0.0,0.0
2011-10-06 02:00:00,12.0,68,6.3,0.0,0.0,3.05,0.0,0.0
2011-10-06 03:00:00,10.9,73,6.2,0.0,0.0,2.68,0.0,0.0
2011-10-06 04:00:00,10.0,77,6.1,0.0,0.0,2.47,0.0,0.0
2011-10-06 05:00:00,9.1,81,6.0,0.0,0.0,2.15,0.0,0.0
2011-10-06 06:00:00,8.4,84,5.8,0.0,0.0,2.12,0.0,0.0
2011-10-06 07:00:00,8.8,85,6.4,0.0,0.0,2.4,38.0,0.1368
2011-10-06 08:00:00,12.2,72,7.2,0.0,0.0,1.84,205.0,0.738
2011-10-06 09:00:00,14.1,65,7.6,0.0,0.0,1.72,395.0,1.422
2011-10-06 10:00:00,15.7,59,7.8,0.0,0.0,1.39,559.0,2.0124
2011-10-06 11:00:00,17.0,55,7.8,0.0,0.0,0.63,677.0,2.4372
2011-10-06 12:00:00,18.1,50,7.6,0.0,0.0,0.1,737.0,2.6532
2011-10-06 13:00:00,18.8,47,7.4,0.0,0.0,0.4,733.0,2.6388
2011-10-06 14:00:00,19.6,49,8.6,0.0,0.0,0.73,663.0,2.3868
2011-10-06 15:00:00,19.7,49,8.7,0.0,0.0,0.85,539.0,1.9404
2011-10-06 16:00:00,19.4,51,8.9,0.0,0.0,0.89,369.0,1.3284
2011-10-06 17:00:00,18.5,60,10.7,0.0,0.0,0.51,178.0,0.6408
2011-10-06 18:00:00,16.9,70,11.4,0.0,0.0,1.34,25.0,0.09
2011-10-06 19:00:00,14.8,80,11.4,0.0,0.0,1.57,0.0,0.0
2011-10-06 20:00:00,13.3,85,10.9,0.0,0.0,1.79,0.0,0.0
2011-10-06 21:00:00,12.3,87,10.2,0.0,0.0,2.04,0.0,0.0
2011-10-06 22:00:00,11.6,88,9.7,0.0,0.0,2.2,0.0,0.0
2011-10-06 23:00:00,11.2,89,9.5,0.0,0.0,2.32,0.0,0.0
2011-10-07 00:00:00,11.0,90,9.3,0.0,0.0,2.19,0.0,0.0
2011-10-07 01:00:00,10.4,91,9.1,0.0,0.0,2.19,0.0,0.0
2011-10-07 02:00:00,10.1,93,9.0,0.0,0.0,2.06,0.0,0.0
2011-10-07 03:00:00,9.3,94,8.5,0.0,0.0,1.77,0.0,0.0
2011-10-07 04:00:00,9.2,95,8.4,0.0,0.0,1.91,0.0,0.0
2011-10-07 05:00:00,9.4,94,8.5,0.0,0.0,1.81,0.0,0.0
2011-10-07 06:00:00,9.9,93,8.9,0.0,0.0,1.71,0.0,0.0
2011-10-07 07:00:00,10.2,94,9.3,0.0,0.0,0.86,36.0,0.1296
2011-10-07 08:00:00,12.9,88,10.9,0.0,0.0,0.41,198.0,0.7128
2011-10-07 09:00:00,16.0,75,11.6,0.0,0.0,0.28,384.0,1.3824
2011-10-07 10:00:00,18.4,64,11.5,0.0,0.0,0.3,545.0,1.962
2011-10-07 11:00:00,19.8,56,10.8,0.0,0.0,0.61,660.0,2.376
2011-10-07 12:00:00,20.6,52,10.3,0.0,0.0,0.81,718.0,2.5848
2011-10-07 13:00:00,21.1,50,10.3,0.0,0.0,1.1,713.0,2.5667999999999997
2011-10-07 14:00:00,21.3,52,10.9,0.0,0.0,1.51,645.0,2.322
2011-10-07 15:00:00,21.2,51,10.7,0.0,0.0,1.8,522.0,1.8792
2011-10-07 16:00:00,20.5,54,10.9,0.0,0.0,1.91,355.0,1.278
2011-10-07 17:00:00,19.2,62,11.8,0.0,0.0,1.99,168.0,0.6048
2011-10-07 18:00:00,17.4,68,11.5,0.0,0.0,1.9,22.0,0.07919999999999999
2011-10-07 19:00:00,16.0,75,11.5,0.0,0.0,1.82,0.0,0.0
2011-10-07 20:00:00,14.6,81,11.4,0.0,0.0,1.81,0.0,0.0
2011-10-07 21:00:00,13.4,86,11.0,0.0,0.0,1.81,0.0,0.0
2011-10-07 22:00:00,12.6,87,10.4,0.0,0.0,1.87,0.0,0.0
2011-10-07 23:00:00,11.9,88,10.0,0.0,0.0,1.84,0.0,0.0
2011-10-08 00:00:00,11.4,90,9.8,0.0,0.0,1.78,0.0,0.0
2011-10-08 01:00:00,11.2,91,9.8,0.0,0.0,2.06,0.0,0.0
2011-10-08 02:00:00,12.1,91,10.6,0.0,0.0,2.13,0.0,0.0
2011-10-08 03:00:00,12.9,91,11.4,0.0,0.0,1.52,0.0,0.0
2011-10-08 04:00:00,12.6,94,11.6,0.0,0.0,0.64,0.0,0.0
2011-10-08 05:00:00,12.2,96,11.7,0.0,0.0,0.22,0.0,0.0
2011-10-08 06:00:00,11.8,99,11.6,0.0,0.0,0.3,0.0,0.0
2011-10-08 07:00:00,11.7,99,11.5,0.0,0.0,0.41,33.0,0.1188
2011-10-08 08:00:00,13.7,93,12.6,0.0,0.0,0.22,190.0,0.6839999999999999
2011-10-08 09:00:00,16.5,79,12.8,0.0,0.0,0.2,377.0,1.3572
2011-10-08 10:00:00,18.4,64,11.3,0.0,0.0,0.32,538.0,1.9367999999999999
2011-10-08 11:00:00,19.7,53,10.0,0.0,0.0,0.64,653.0,2.3508
2011-10-08 12:00:00,20.7,48,9.2,0.0,0.0,1.03,711.0,2.5596
2011-10-08 13:00:00,21.3,45,8.8,0.0,0.0,1.3,707.0,2.5452
2011-10-08 14:00:00,21.8,43,8.6,0.0,0.0,1.39,640.0,2.304
2011-10-08 15:00:00,21.7,44,8.7,0.0,0.0,1.42,518.0,1.8648
2011-10-08 16:00:00,21.0,47,9.4,0.0,0.0,1.7,352.0,1.2671999999999999
2011-10-08 17:00:00,19.7,57,10.8,0.0,0.0,1.5,165.0,0.594
2011-10-08 18:00:00,17.8,63,10.7,0.0,0.0,1.88,20.0,0.072
2011-10-08 19:00:00,15.9,74,11.2,0.0,0.0,1.84,0.0,0.0
2011-10-08 20:00:00,14.6,78,10.9,0.0,0.0,2.04,0.0,0.0
2011-10-08 21:00:00,14.2,78,10.4,0.0,0.0,2.22,0.0,0.0
2011-10-08 22:00:00,13.7,79,10.2,0.0,0.0,2.0,0.0,0.0
2011-10-08 23:00:00,13.5,80,10.1,0.0,0.0,1.93,0.0,0.0
2011-10-09 00:00:00,12.1,85,9.7,0.0,0.0,1.96,0.0,0.0
2011-10-09 01:00:00,10.9,90,9.3,0.0,0.0,1.73,0.0,0.0
2011-10-09 02:00:00,10.3,90,8.8,0.0,0.0,1.8,0.0,0.0
2011-10-09 03:00:00,10.0,92,8.7,0.0,0.0,1.84,0.0,0.0
2011-10-09 04:00:00,9.6,93,8.6,0.0,0.0,1.75,0.0,0.0
2011-10-09 05:00:00,9.4,93,8.4,0.0,0.0,1.93,0.0,0.0
2011-10-09 06:00:00,9.3,94,8.4,0.0,0.0,1.97,0.0,0.0
2011-10-09 07:00:00,9.9,93,8.9,0.0,0.0,1.71,32.0,0.1152
2011-10-09 08:00:00,13.8,83,11.1,0.0,0.0,1.24,192.0,0.6912
2011-10-09 09:00:00,17.6,72,12.4,0.0,0.0,0.71,378.0,1.3608
2011-10-09 10:00:00,20.5,58,11.9,0.0,0.0,0.5,539.0,1.9404
2011-10-09 11:00:00,22.3,48,10.7,0.0,0.0,0.1,653.0,2.3508
2011-10-09 12:00:00,23.4,44,10.5,0.0,0.0,0.22,709.0,2.5524
2011-10-09 13:00:00,24.2,42,10.6,0.0,0.0,0.22,704.0,2.5343999999999998
2011-10-09 14:00:00,25.0,45,12.1,0.0,0.0,0.28,634.0,2.2824
2011-10-09 15:00:00,24.9,46,12.3,0.0,0.0,0.71,510.0,1.8359999999999999
2011-10-09 16:00:00,24.1,52,13.6,0.0,0.0,0.64,344.0,1.2384
2011-10-09 17:00:00,22.7,67,16.4,0.0,0.0,0.72,159.0,0.5724
2011-10-09 18:00:00,21.9,63,14.6,0.0,0.0,1.24,18.0,0.0648
2011-10-09 19:00:00,19.4,75,14.9,0.0,0.0,1.71,0.0,0.0
2011-10-09 20:00:00,16.3,88,14.4,0.0,0.0,1.71,0.0,0.0
2011-10-09 21:00:00,15.0,93,13.8,0.0,0.0,1.71,0.0,0.0
2011-10-09 22:00:00,14.4,93,13.2,0.0,0.0,1.78,0.0,0.0
2011-10-09 23:00:00,13.8,92,12.6,0.0,0.0,1.91,0.0,0.0
2011-10-10 00:00:00,13.3,92,12.0,0.0,0.0,1.89,0.0,0.0
2011-10-10 01:00:00,12.9,92,11.6,0.0,0.0,2.01,0.0,0.0
2011-10-10 02:00:00,12.6,93,11.5,0.0,0.0,2.02,0.0,0.0
2011-10-10 03:00:00,12.4,92,11.2,0.0,0.0,2.26,0.0,0.0
2011-10-10 04:00:00,12.3,91,11.0,0.0,0.0,2.21,0.0,0.0
2011-10-10 05:00:00,12.2,91,10.8,0.0,0.0,1.9,0.0,0.0
2011-10-10 06:00:00,11.9,92,10.6,0.0,0.0,1.87,0.0,0.0
2011-10-10 07:00:00,12.3,92,11.0,0.0,0.0,2.11,26.0,0.0936
2011-10-10 08:00:00,15.6,85,13.0,0.0,0.0,1.7,152.0,0.5472
2011-10-10 09:00:00,18.8,75,14.3,0.0,0.0,1.0,301.0,1.0836
2011-10-10 10:00:00,21.4,68,15.2,0.0,0.0,0.82,409.0,1.4724
2011-10-10 11:00:00,23.4,61,15.4,0.0,0.0,0.67,497.0,1.7892
2011-10-10 12:00:00,24.7,56,15.3,0.0,0.0,1.06,512.0,1.8432
2011-10-10 13:00:00,25.5,52,15.0,0.0,0.0,1.08,529.0,1.9043999999999999
2011-10-10 14:00:00,26.0,53,15.8,0.0,0.0,1.22,499.0,1.7964
2011-10-10 15:00:00,25.9,54,16.0,0.0,0.0,1.44,413.0,1.4868
2011-10-10 16:00:00,25.2,60,16.9,0.0,0.0,1.25,289.0,1.0404
2011-10-10 17:00:00,23.9,68,17.6,0.0,0.0,1.5,125.0,0.45
2011-10-10 18:00:00,21.6,78,17.6,0.0,0.0,1.68,15.0,0.054
2011-10-10 19:00:00,19.5,86,17.1,0.0,0.0,1.89,0.0,0.0
2011-10-10 20:00:00,18.2,88,16.1,0.0,0.0,2.0,0.0,0.0
2011-10-10 21:00:00,16.7,91,15.3,0.0,0.0,1.77,0.0,0.0
2011-10-10 22:00:00,15.9,93,14.8,0.0,0.0,1.62,0.0,0.0
2011-10-10 23:00:00,15.7,93,14.7,0.0,0.0,1.77,0.0,0.0
2011-10-11 00:00:00,15.3,94,14.3,0.0,0.0,1.94,0.0,0.0
2011-10-11 01:00:00,14.8,95,14.0,0.0,0.0,2.11,0.0,0.0
2011-10-11 02:00:00,14.4,95,13.6,0.0,0.0,1.91,0.0,0.0
2011-10-11 03:00:00,14.2,95,13.4,0.0,0.0,1.94,0.0,0.0
2011-10-11 04:00:00,14.5,94,13.6,0.0,0.0,2.16,0.0,0.0
2011-10-11 05:00:00,14.9,92,13.6,0.0,0.0,2.02,0.0,0.0
2011-10-11 06:00:00,15.2,90,13.7,0.0,0.0,2.42,0.0,0.0
2011-10-11 07:00:00,15.6,89,13.8,0.0,0.0,2.48,9.0,0.0324
2011-10-11 08:00:00,17.1,84,14.4,0.0,0.0,2.48,78.0,0.2808
2011-10-11 09:00:00,18.8,78,15.0,0.0,0.0,2.08,175.0,0.63
2011-10-11 10:00:00,20.3,73,15.4,0.0,0.0,2.6,289.0,1.0404
2011-10-11 11:00:00,20.9,72,15.7,0.0,0.0,2.67,268.0,0.9648
2011-10-11 12:00:00,21.3,72,16.0,0.0,0.0,2.55,281.0,1.0116
2011-10-11 13:00:00,21.6,71,16.1,0.0,0.0,2.61,272.0,0.9792
2011-10-11 14:00:00,21.6,69,15.7,0.0,0.0,2.5,208.0,0.7488
2011-10-11 15:00:00,21.1,73,16.0,0.0,0.0,2.2,131.0,0.47159999999999996
2011-10-11 16:00:00,20.5,77,16.3,0.0,0.0,1.7,77.0,0.2772
2011-10-11 17:00:00,19.8,79,16.1,0.0,0.0,2.41,34.0,0.1224
2011-10-11 18:00:00,19.2,81,15.8,0.0,0.0,3.05,3.0,0.0108
2011-10-11 19:00:00,18.8,82,15.6,0.0,0.0,3.09,0.0,0.0
2011-10-11 20:00:00,18.5,83,15.5,0.0,0.0,2.47,0.0,0.0
2011-10-11 21:00:00,18.2,85,15.7,0.2,0.0,2.96,0.0,0.0
2011-10-11 22:00:00,18.0,89,16.1,0.0,0.0,3.73,0.0,0.0
2011-10-11 23:00:00,17.8,90,16.2,0.0,0.0,3.85,0.0,0.0
2011-10-12 00:00:00,17.7,91,16.1,0.0,0.0,3.75,0.0,0.0
2011-10-12 01:00:00,17.5,90,15.9,0.0,0.0,4.0,0.0,0.0
2011-10-12 02:00:00,17.8,90,16.1,0.0,0.0,3.69,0.0,0.0
2011-10-12 03:00:00,18.0,91,16.6,0.0,0.0,3.44,0.0,0.0
2011-10-12 04:00:00,17.9,94,17.0,0.6,0.0,3.72,0.0,0.0
2011-10-12 05:00:00,17.6,94,16.6,1.3,0.0,3.55,0.0,0.0
2011-10-12 06:00:00,17.2,92,15.9,1.1,0.0,4.25,0.0,0.0
2011-10-12 07:00:00,16.9,91,15.4,1.0,0.0,4.79,2.0,0.0072
2011-10-12 08:00:00,16.9,90,15.3,0.4,0.0,4.9,15.0,0.054
2011-10-12 09:00:00,17.5,88,15.5,0.0,0.0,5.26,61.0,0.2196
2011-10-12 10:00:00,18.5,88,16.6,0.0,0.0,5.73,135.0,0.486
2011-10-12 11:00:00,19.4,84,16.5,0.0,0.0,5.92,208.0,0.7488
2011-10-12 12:00:00,19.4,85,16.9,0.0,0.0,6.24,128.0,0.4608
2011-10-12 13:00:00,19.3,87,17.1,0.0,0.0,5.43,101.0,0.3636
2011-10-12 14:00:00,18.0,90,16.4,0.3,0.0,4.37,86.0,0.3096
2011-10-12 15:00:00,17.8,92,16.6,0.6,0.0,5.06,31.0,0.11159999999999999
2011-10-12 16:00:00,17.9,95,17.0,0.5,0.0,4.87,56.0,0.2016
2011-10-12 17:00:00,17.8,95,17.0,1.2,0.0,4.2,30.0,0.108
2011-10-12 18:00:00,17.7,96,17.0,0.7,0.0,4.1,1.0,0.0036
2011-10-12 19:00:00,17.5,96,16.9,0.4,0.0,4.0,0.0,0.0
2011-10-12 20:00:00,17.4,95,16.7,0.0,0.0,3.92,0.0,0.0
2011-10-12 21:00:00,17.4,95,16.6,0.0,0.0,4.06,0.0,0.0
2011-10-12 22:00:00,17.3,95,16.5,0.0,0.0,3.86,0.0,0.0
2011-10-12 23:00:00,17.3,96,16.6,0.0,0.0,3.74,0.0,0.0
2011-10-13 00:00:00,17.3,96,16.6,0.0,0.0,3.96,0.0,0.0
2011-10-13 01:00:00,17.3,96,16.7,0.0,0.0,3.59,0.0,0.0
2011-10-13 02:00:00,17.1,99,17.0,0.0,0.0,3.08,0.0,0.0
2011-10-13 03:00:00,17.2,99,17.1,0.0,0.0,2.98,0.0,0.0
2011-10-13 04:00:00,17.4,99,17.3,0.0,0.0,3.24,0.0,0.0
2011-10-13 05:00:00,17.5,99,17.4,0.0,0.0,2.62,0.0,0.0
2011-10-13 06:00:00,17.6,100,17.6,0.0,0.0,3.47,0.0,0.0
2011-10-13 07:00:00,17.8,99,17.7,0.2,0.0,3.73,2.0,0.0072
2011-10-13 08:00:00,18.0,100,17.9,0.3,0.0,4.1,16.0,0.0576
2011-10-13 09:00:00,18.3,99,18.2,0.5,0.0,4.28,27.0,0.0972
2011-10-13 10:00:00,18.7,99,18.6,0.2,0.0,3.81,50.0,0.18
2011-10-13 11:00:00,18.8,100,18.8,0.4,0.0,3.5,49.0,0.1764
2011-10-13 12:00:00,19.1,98,18.8,0.3,0.0,3.33,107.0,0.3852
2011-10-13 13:00:00,19.4,98,19.0,0.0,0.0,2.8,58.0,0.20879999999999999
2011-10-13 14:00:00,20.5,98,20.1,0.1,0.0,2.7,88.0,0.31679999999999997
2011-10-13 15:00:00,21.3,97,20.8,0.0,0.0,3.4,112.0,0.4032
2011-10-13 16:00:00,21.4,95,20.6,0.1,0.0,4.44,142.0,0.5112
2011-10-13 17:00:00,20.3,93,19.1,0.3,0.0,1.92,63.0,0.2268
2011-10-13 18:00:00,19.9,95,19.0,0.0,0.0,2.77,5.0,0.018
2011-10-13 19:00:00,19.6,96,19.0,0.3,0.0,3.34,0.0,0.0
2011-10-13 20:00:00,19.1,97,18.7,0.8,0.0,3.78,0.0,0.0
2011-10-13 21:00:00,18.7,98,18.4,0.9,0.0,3.35,0.0,0.0
2011-10-13 22:00:00,18.4,99,18.2,0.1,0.0,3.48,0.0,0.0
2011-10-13 23:00:00,18.2,98,18.0,0.0,0.0,4.2,0.0,0.0
2011-10-14 00:00:00,18.2,98,17.9,0.0,0.0,3.63,0.0,0.0
2011-10-14 01:00:00,18.2,98,17.9,0.0,0.0,3.57,0.0,0.0
2011-10-14 02:00:00,18.6,97,18.0,0.0,0.0,3.44,0.0,0.0
2011-10-14 03:00:00,18.1,97,17.5,0.0,0.0,3.21,0.0,0.0
2011-10-14 04:00:00,17.5,98,17.1,0.0,0.0,3.1,0.0,0.0
2011-10-14 05:00:00,17.1,98,16.8,0.0,0.0,2.71,0.0,0.0
2011-10-14 06:00:00,16.9,99,16.7,0.0,0.0,2.72,0.0,0.0
2011-10-14 07:00:00,17.0,99,16.8,1.3,0.0,2.3,8.0,0.0288
2011-10-14 08:00:00,17.3,96,16.7,1.2,0.0,2.81,84.0,0.3024
2011-10-14 09:00:00,17.7,94,16.7,0.5,0.0,3.14,171.0,0.6156
2011-10-14 10:00:00,18.4,93,17.3,0.6,0.0,4.34,315.0,1.134
2011-10-14 11:00:00,18.9,87,16.6,2.5,0.0,4.24,392.0,1.4112
2011-10-14 12:00:00,19.5,82,16.4,0.7,0.0,4.37,451.0,1.6236
2011-10-14 13:00:00,19.6,64,12.6,0.1,0.0,5.15,538.0,1.9367999999999999
2011-10-14 14:00:00,20.3,57,11.6,0.0,0.0,6.07,501.0,1.8035999999999999
2011-10-14 15:00:00,20.4,48,8.9,0.0,0.0,5.71,367.0,1.3212
2011-10-14 16:00:00,19.9,43,7.1,0.0,0.0,5.52,250.0,0.9
2011-10-14 17:00:00,18.7,44,6.3,0.0,0.0,5.32,118.0,0.4248
2011-10-14 18:00:00,17.6,45,5.6,0.0,0.0,4.8,9.0,0.0324
2011-10-14 19:00:00,16.7,47,5.2,0.0,0.0,4.85,0.0,0.0
2011-10-14 20:00:00,16.1,48,5.1,0.0,0.0,4.79,0.0,0.0
2011-10-14 21:00:00,15.3,51,5.2,0.0,0.0,4.37,0.0,0.0
2011-10-14 22:00:00,14.6,54,5.3,0.0,0.0,3.68,0.0,0.0
2011-10-14 23:00:00,14.0,56,5.2,0.0,0.0,3.5,0.0,0.0
2011-10-15 00:00:00,13.6,56,5.0,0.0,0.0,3.72,0.0,0.0
2011-10-15 01:00:00,13.3,56,4.7,0.0,0.0,4.02,0.0,0.0
2011-10-15 02:00:00,13.0,58,5.0,0.0,0.0,4.1,0.0,0.0
2011-10-15 03:00:00,12.7,59,4.9,0.0,0.0,4.1,0.0,0.0
2011-10-15 04:00:00,12.5,60,4.9,0.0,0.0,3.97,0.0,0.0
2011-10-15 05:00:00,12.3,60,4.8,0.0,0.0,3.55,0.0,0.0
2011-10-15 06:00:00,12.3,60,4.8,0.0,0.0,3.69,0.0,0.0
2011-10-15 07:00:00,12.3,62,5.3,0.0,0.0,3.82,23.0,0.0828
2011-10-15 08:00:00,13.7,62,6.5,0.0,0.0,4.12,172.0,0.6192
2011-10-15 09:00:00,15.7,55,6.6,0.0,0.0,4.76,357.0,1.2852
2011-10-15 10:00:00,16.9,46,5.2,0.0,0.0,6.01,519.0,1.8683999999999998
2011-10-15 11:00:00,17.7,44,5.4,0.0,0.0,6.47,625.0,2.25
2011-10-15 12:00:00,18.5,42,5.2,0.0,0.0,6.47,664.0,2.3904
2011-10-15 13:00:00,19.0,39,4.9,0.0,0.0,6.53,613.0,2.2068
2011-10-15 14:00:00,20.2,37,4.9,0.0,0.0,6.54,607.0,2.1852
2011-10-15 15:00:00,20.3,35,4.2,0.0,0.0,6.24,474.0,1.7064
2011-10-15 16:00:00,19.6,38,4.8,0.0,0.0,5.16,297.0,1.0692
2011-10-15 17:00:00,18.3,38,3.8,0.0,0.0,3.76,126.0,0.4536
2011-10-15 18:00:00,17.0,38,2.8,0.0,0.0,2.85,9.0,0.0324
2011-10-15 19:00:00,15.9,40,2.4,0.0,0.0,3.07,0.0,0.0
2011-10-15 20:00:00,14.8,43,2.4,0.0,0.0,3.64,0.0,0.0
2011-10-15 21:00:00,13.8,47,2.7,0.0,0.0,3.58,0.0,0.0
2011-10-15 22:00:00,13.0,51,3.0,0.0,0.0,3.33,0.0,0.0
2011-10-15 23:00:00,12.1,55,3.4,0.0,0.0,3.41,0.0,0.0
2011-10-16 00:00:00,11.3,59,3.6,0.0,0.0,3.5,0.0,0.0
2011-10-16 01:00:00,10.7,62,3.7,0.0,0.0,3.35,0.0,0.0
2011-10-16 02:00:00,10.5,62,3.5,0.0,0.0,3.31,0.0,0.0
2011-10-16 03:00:00,10.1,63,3.5,0.0,0.0,3.31,0.0,0.0
2011-10-16 04:00:00,9.7,65,3.4,0.0,0.0,3.13,0.0,0.0
2011-10-16 05:00:00,9.2,67,3.4,0.0,0.0,3.18,0.0,0.0
2011-10-16 06:00:00,8.8,71,3.8,0.0,0.0,2.83,0.0,0.0
2011-10-16 07:00:00,9.0,74,4.6,0.0,0.0,3.25,22.0,0.07919999999999999
2011-10-16 08:00:00,12.3,65,6.0,0.0,0.0,3.42,169.0,0.6083999999999999
2011-10-16 09:00:00,15.2,56,6.6,0.0,0.0,3.39,351.0,1.2636
2011-10-16 10:00:00,17.1,48,5.9,0.0,0.0,3.61,509.0,1.8324
2011-10-16 11:00:00,18.4,43,5.5,0.0,0.0,4.24,615.0,2.214
2011-10-16 12:00:00,19.3,41,5.9,0.0,0.0,4.14,645.0,2.322
2011-10-16 13:00:00,20.3,41,6.4,0.0,0.0,3.92,661.0,2.3796
2011-10-16 14:00:00,20.8,40,6.6,0.0,0.0,4.3,592.0,2.1311999999999998
2011-10-16 15:00:00,20.8,41,7.1,0.0,0.0,4.78,467.0,1.6812
2011-10-16 16:00:00,20.2,46,8.2,0.0,0.0,4.54,303.0,1.0908
2011-10-16 17:00:00,19.1,48,7.8,0.0,0.0,5.04,122.0,0.4392
2011-10-16 18:00:00,18.6,48,7.3,0.0,0.0,6.04,7.0,0.0252
2011-10-16 19:00:00,18.4,48,7.2,0.0,0.0,6.15,0.0,0.0
2011-10-16 20:00:00,18.2,48,7.1,0.0,0.0,6.22,0.0,0.0
2011-10-16 21:00:00,18.3,48,7.1,0.0,0.0,6.35,0.0,0.0
2011-10-16 22:00:00,18.4,48,7.1,0.0,0.0,6.32,0.0,0.0
2011-10-16 23:00:00,18.6,47,7.2,0.0,0.0,5.97,0.0,0.0
2011-10-17 00:00:00,18.5,48,7.3,0.0,0.0,5.66,0.0,0.0
2011-10-17 01:00:00,18.1,50,7.5,0.0,0.0,4.96,0.0,0.0
2011-10-17 02:00:00,17.8,51,7.4,0.0,0.0,3.96,0.0,0.0
2011-10-17 03:00:00,16.7,55,7.6,0.0,0.0,3.31,0.0,0.0
2011-10-17 04:00:00,15.6,60,7.9,0.0,0.0,3.66,0.0,0.0
2011-10-17 05:00:00,14.9,64,8.2,0.0,0.0,2.78,0.0,0.0
2011-10-17 06:00:00,14.3,65,7.9,0.0,0.0,2.62,0.0,0.0
2011-10-17 07:00:00,14.0,65,7.5,0.0,0.0,2.56,13.0,0.0468
2011-10-17 08:00:00,14.9,62,7.7,0.0,0.0,2.27,109.0,0.39239999999999997
2011-10-17 09:00:00,15.5,58,7.2,0.0,0.0,2.28,152.0,0.5472
2011-10-17 10:00:00,15.9,57,7.5,0.0,0.0,1.98,190.0,0.6839999999999999
2011-10-17 11:00:00,17.8,53,8.0,0.0,0.0,1.77,530.0,1.908
2011-10-17 12:00:00,19.1,52,8.9,0.0,0.0,1.96,602.0,2.1672
2011-10-17 13:00:00,20.2,52,10.0,0.0,0.0,2.42,668.0,2.4048
2011-10-17 14:00:00,20.8,55,11.3,0.0,0.0,3.02,536.0,1.9296
2011-10-17 15:00:00,21.3,53,11.5,0.0,0.0,3.26,456.0,1.6416
2011-10-17 16:00:00,20.9,58,12.4,0.0,0.0,2.64,296.0,1.0655999999999999
2011-10-17 17:00:00,19.6,66,13.1,0.0,0.0,2.21,117.0,0.42119999999999996
2011-10-17 18:00:00,17.9,77,13.8,0.0,0.0,2.3,6.0,0.0216
2011-10-17 19:00:00,17.3,77,13.1,0.0,0.0,1.71,0.0,0.0
2011-10-17 20:00:00,17.1,76,12.9,0.0,0.0,1.87,0.0,0.0
2011-10-17 21:00:00,16.4,79,12.8,0.0,0.0,1.51,0.0,0.0
2011-10-17 22:00:00,15.3,83,12.4,0.0,0.0,1.24,0.0,0.0
2011-10-17 23:00:00,11.9,91,10.5,0.0,0.0,0.64,0.0,0.0
2011-10-18 00:00:00,11.2,89,9.4,0.0,0.0,0.9,0.0,0.0
2011-10-18 01:00:00,11.0,85,8.6,0.0,0.0,1.3,0.0,0.0
2011-10-18 02:00:00,10.7,96,10.1,0.0,0.0,1.8,0.0,0.0
2011-10-18 03:00:00,10.6,93,9.6,0.0,0.0,1.7,0.0,0.0
2011-10-18 04:00:00,11.4,87,9.3,0.0,0.0,1.92,0.0,0.0
2011-10-18 05:00:00,11.9,79,8.4,0.0,0.0,1.2,0.0,0.0
2011-10-18 06:00:00,12.0,76,7.9,0.0,0.0,1.21,0.0,0.0
2011-10-18 07:00:00,11.8,78,8.0,0.0,0.0,1.66,13.0,0.0468
2011-10-18 08:00:00,14.4,66,8.1,0.0,0.0,2.0,125.0,0.45
2011-10-18 09:00:00,16.9,54,7.4,0.0,0.0,1.39,290.0,1.044
2011-10-18 10:00:00,18.5,44,6.2,0.0,0.0,1.7,419.0,1.5084
2011-10-18 11:00:00,20.0,39,5.7,0.0,0.0,2.38,581.0,2.0916
2011-10-18 12:00:00,20.6,40,6.5,0.0,0.0,2.56,569.0,2.0484
2011-10-18 13:00:00,21.2,43,8.0,0.0,0.0,2.39,559.0,2.0124
2011-10-18 14:00:00,22.3,56,13.2,0.0,0.0,2.24,484.0,1.7424
2011-10-18 15:00:00,22.3,59,13.9,0.0,0.0,2.4,389.0,1.4003999999999999
2011-10-18 16:00:00,21.6,64,14.5,0.0,0.0,2.33,236.0,0.8496
2011-10-18 17:00:00,20.1,70,14.6,0.0,0.0,2.26,106.0,0.3816
2011-10-18 18:00:00,18.5,76,14.2,0.0,0.0,2.35,6.0,0.0216
2011-10-18 19:00:00,17.7,80,14.2,0.0,0.0,2.63,0.0,0.0
2011-10-18 20:00:00,17.2,85,14.6,0.0,0.0,3.13,0.0,0.0
2011-10-18 21:00:00,17.1,89,15.3,0.0,0.0,2.7,0.0,0.0
2011-10-18 22:00:00,17.0,92,15.8,0.0,0.0,3.2,0.0,0.0
2011-10-18 23:00:00,17.0,94,16.1,0.0,0.0,2.9,0.0,0.0
2011-10-19 00:00:00,17.0,94,16.1,0.0,0.0,2.5,0.0,0.0
2011-10-19 01:00:00,17.1,93,15.9,0.1,0.0,2.35,0.0,0.0
2011-10-19 02:00:00,16.9,94,15.9,1.1,0.0,2.48,0.0,0.0
2011-10-19 03:00:00,16.4,95,15.6,1.5,0.0,2.3,0.0,0.0
2011-10-19 04:00:00,16.0,95,15.2,1.0,0.0,2.52,0.0,0.0
2011-10-19 05:00:00,16.2,95,15.4,1.4,0.0,2.27,0.0,0.0
2011-10-19 06:00:00,17.0,89,15.2,1.0,0.0,3.8,0.0,0.0
2011-10-19 07:00:00,16.7,89,14.8,3.0,0.0,4.49,5.0,0.018
2011-10-19 08:00:00,16.7,91,15.2,5.0,0.0,6.04,26.0,0.0936
2011-10-19 09:00:00,17.1,91,15.6,2.3,0.0,6.8,77.0,0.2772
2011-10-19 10:00:00,17.0,91,15.5,0.9,0.0,6.69,93.0,0.3348
2011-10-19 11:00:00,16.8,91,15.4,0.3,0.0,6.35,69.0,0.24839999999999998
2011-10-19 12:00:00,17.3,91,15.8,0.0,0.0,5.68,101.0,0.3636
2011-10-19 13:00:00,17.9,90,16.2,0.0,0.0,6.82,124.0,0.44639999999999996
2011-10-19 14:00:00,18.1,90,16.4,0.6,0.0,5.66,91.0,0.3276
2011-10-19 15:00:00,18.6,90,17.0,0.0,0.0,4.56,119.0,0.4284
2011-10-19 16:00:00,18.8,93,17.6,0.0,0.0,3.37,64.0,0.2304
2011-10-19 17:00:00,18.4,98,18.1,2.7,0.0,2.79,16.0,0.0576
2011-10-19 18:00:00,18.5,99,18.4,3.7,0.0,2.82,1.0,0.0036
2011-10-19 19:00:00,19.5,99,19.4,3.4,0.0,2.11,0.0,0.0
2011-10-19 20:00:00,20.1,99,20.0,1.9,0.0,1.4,0.0,0.0
2011-10-19 21:00:00,20.1,99,20.0,0.2,0.0,1.82,0.0,0.0
2011-10-19 22:00:00,20.0,99,19.9,0.0,0.0,3.2,0.0,0.0
2011-10-19 23:00:00,19.5,97,18.9,0.3,0.0,4.16,0.0,0.0
2011-10-20 00:00:00,18.9,96,18.2,0.4,0.0,5.15,0.0,0.0
2011-10-20 01:00:00,17.9,94,16.9,0.0,0.0,4.59,0.0,0.0
2011-10-20 02:00:00,17.4,95,16.6,0.1,0.0,4.88,0.0,0.0
2011-10-20 03:00:00,16.4,96,15.7,0.2,0.0,5.52,0.0,0.0
2011-10-20 04:00:00,15.0,94,14.1,0.4,0.0,5.66,0.0,0.0
2011-10-20 05:00:00,13.8,90,12.2,0.2,0.0,4.34,0.0,0.0
2011-10-20 06:00:00,12.4,86,10.2,0.0,0.0,4.85,0.0,0.0
2011-10-20 07:00:00,11.6,78,7.9,0.0,0.0,4.94,14.0,0.0504
2011-10-20 08:00:00,12.0,70,6.8,0.0,0.0,4.94,146.0,0.5256
2011-10-20 09:00:00,12.9,58,4.8,0.0,0.0,6.08,331.0,1.1916
2011-10-20 10:00:00,13.9,50,3.7,0.0,0.0,6.79,471.0,1.6956
2011-10-20 11:00:00,14.6,47,3.5,0.0,0.0,7.14,453.0,1.6308
2011-10-20 12:00:00,15.1,45,3.2,0.0,0.0,6.94,411.0,1.4796
2011-10-20 13:00:00,15.4,44,3.1,0.0,0.0,7.29,407.0,1.4652
2011-10-20 14:00:00,15.2,45,3.4,0.0,0.0,7.42,317.0,1.1412
2011-10-20 15:00:00,15.1,43,2.7,0.0,0.0,7.21,239.0,0.8603999999999999
2011-10-20 16:00:00,15.0,43,2.4,0.0,0.0,5.67,142.0,0.5112
2011-10-20 17:00:00,14.6,43,2.1,0.0,0.0,4.98,49.0,0.1764
2011-10-20 18:00:00,14.0,44,1.9,0.0,0.0,4.66,4.0,0.0144
2011-10-20 19:00:00,13.5,46,2.0,0.0,0.0,4.38,0.0,0.0
2011-10-20 20:00:00,13.0,47,2.0,0.0,0.0,4.33,0.0,0.0
2011-10-20 21:00:00,12.4,49,2.1,0.0,0.0,4.52,0.0,0.0
2011-10-20 22:00:00,11.8,52,2.3,0.0,0.0,4.49,0.0,0.0
2011-10-20 23:00:00,11.3,55,2.6,0.0,0.0,4.36,0.0,0.0
2011-10-21 00:00:00,10.8,58,2.8,0.0,0.0,4.07,0.0,0.0
2011-10-21 01:00:00,10.4,60,2.9,0.0,0.0,3.85,0.0,0.0
2011-10-21 02:00:00,10.3,63,3.6,0.0,0.0,3.64,0.0,0.0
2011-10-21 03:00:00,9.9,65,3.7,0.0,0.0,3.32,0.0,0.0
2011-10-21 04:00:00,9.5,67,3.7,0.0,0.0,3.14,0.0,0.0
2011-10-21 05:00:00,9.0,70,3.9,0.0,0.0,2.26,0.0,0.0
2011-10-21 06:00:00,8.4,75,4.2,0.0,0.0,1.98,0.0,0.0
2011-10-21 07:00:00,8.1,79,4.8,0.0,0.0,2.26,15.0,0.054
2011-10-21 08:00:00,10.0,73,5.3,0.0,0.0,2.41,146.0,0.5256
2011-10-21 09:00:00,11.9,59,4.2,0.0,0.0,3.01,324.0,1.1663999999999999
2011-10-21 10:00:00,12.8,57,4.5,0.0,0.0,4.51,427.0,1.5372
2011-10-21 11:00:00,13.8,55,4.9,0.0,0.0,4.04,540.0,1.944
2011-10-21 12:00:00,14.6,53,5.2,0.0,0.0,4.08,595.0,2.142
2011-10-21 13:00:00,15.2,52,5.3,0.0,0.0,4.32,563.0,2.0268
2011-10-21 14:00:00,14.9,51,4.7,0.0,0.0,4.32,402.0,1.4472
2011-10-21 15:00:00,14.8,50,4.6,0.0,0.0,4.03,300.0,1.08
2011-10-21 16:00:00,14.5,50,4.2,0.0,0.0,3.61,160.0,0.576
2011-10-21 17:00:00,14.0,53,4.5,0.0,0.0,2.38,39.0,0.1404
2011-10-21 18:00:00,13.3,55,4.5,0.0,0.0,2.11,2.0,0.0072
2011-10-21 19:00:00,12.6,57,4.4,0.0,0.0,2.72,0.0,0.0
2011-10-21 20:00:00,11.9,60,4.3,0.0,0.0,2.75,0.0,0.0
2011-10-21 21:00:00,11.3,62,4.3,0.0,0.0,2.61,0.0,0.0
2011-10-21 22:00:00,10.5,66,4.5,0.0,0.0,2.33,0.0,0.0
2011-10-21 23:00:00,9.8,71,4.8,0.0,0.0,2.51,0.0,0.0
2011-10-22 00:00:00,9.2,75,5.0,0.0,0.0,2.37,0.0,0.0
2011-10-22 01:00:00,8.6,80,5.3,0.0,0.0,1.92,0.0,0.0
2011-10-22 02:00:00,7.6,83,4.8,0.0,0.0,1.84,0.0,0.0
2011-10-22 03:00:00,7.2,84,4.6,0.0,0.0,1.71,0.0,0.0
2011-10-22 04:00:00,6.9,85,4.6,0.0,0.0,1.77,0.0,0.0
2011-10-22 05:00:00,6.8,86,4.5,0.0,0.0,1.9,0.0,0.0
2011-10-22 06:00:00,6.6,86,4.5,0.0,0.0,2.02,0.0,0.0
2011-10-22 07:00:00,6.5,88,4.7,0.0,0.0,1.4,14.0,0.0504
2011-10-22 08:00:00,9.3,81,6.2,0.0,0.0,1.2,143.0,0.5148
2011-10-22 09:00:00,11.8,69,6.2,0.0,0.0,1.22,314.0,1.1304
2011-10-22 10:00:00,13.2,61,5.9,0.0,0.0,1.63,449.0,1.6164
2011-10-22 11:00:00,14.3,57,6.0,0.0,0.0,1.66,538.0,1.9367999999999999
2011-10-22 12:00:00,14.9,55,6.0,0.0,0.0,1.65,511.0,1.8396
2011-10-22 13:00:00,14.9,55,5.8,0.0,0.0,1.71,305.0,1.0979999999999999
2011-10-22 14:00:00,14.4,55,5.5,0.0,0.0,1.71,244.0,0.8784
2011-10-22 15:00:00,14.4,54,5.3,0.0,0.0,1.82,195.0,0.702
2011-10-22 16:00:00,14.2,55,5.3,0.0,0.0,1.46,87.0,0.3132
2011-10-22 17:00:00,13.9,63,7.1,0.0,0.0,0.5,35.0,0.126
2011-10-22 18:00:00,13.3,71,8.2,0.0,0.0,1.06,1.0,0.0036
2011-10-22 19:00:00,12.7,72,7.8,0.0,0.0,1.3,0.0,0.0
2011-10-22 20:00:00,12.0,73,7.4,0.0,0.0,1.39,0.0,0.0
2011-10-22 21:00:00,11.3,78,7.5,0.0,0.0,1.43,0.0,0.0
2011-10-22 22:00:00,10.3,84,7.8,0.0,0.0,1.6,0.0,0.0
2011-10-22 23:00:00,10.0,85,7.5,0.0,0.0,1.26,0.0,0.0
2011-10-23 00:00:00,9.5,86,7.3,0.0,0.0,0.94,0.0,0.0
2011-10-23 01:00:00,9.5,87,7.4,0.0,0.0,0.7,0.0,0.0
2011-10-23 02:00:00,10.4,84,7.8,0.0,0.0,0.94,0.0,0.0
2011-10-23 03:00:00,9.9,87,7.9,0.0,0.0,1.03,0.0,0.0
2011-10-23 04:00:00,9.7,89,8.1,0.0,0.0,0.71,0.0,0.0
2011-10-23 05:00:00,9.3,92,8.1,0.0,0.0,0.85,0.0,0.0
2011-10-23 06:00:00,8.7,94,7.8,0.0,0.0,0.14,0.0,0.0
2011-10-23 07:00:00,7.8,97,7.3,0.0,0.0,0.32,13.0,0.0468
2011-10-23 08:00:00,9.5,93,8.4,0.0,0.0,0.54,143.0,0.5148
2011-10-23 09:00:00,12.6,75,8.2,0.0,0.0,1.26,314.0,1.1304
2011-10-23 10:00:00,14.3,64,7.7,0.0,0.0,1.93,451.0,1.6236
2011-10-23 11:00:00,15.3,59,7.4,0.0,0.0,1.93,530.0,1.908
2011-10-23 12:00:00,16.3,56,7.5,0.0,0.0,1.71,611.0,2.1995999999999998
2011-10-23 13:00:00,16.8,53,7.2,0.0,0.0,1.66,543.0,1.9547999999999999
2011-10-23 14:00:00,17.1,53,7.4,0.0,0.0,1.8,489.0,1.7604
2011-10-23 15:00:00,17.0,52,7.0,0.0,0.0,1.92,310.0,1.1159999999999999
2011-10-23 16:00:00,16.6,55,7.4,0.0,0.0,1.4,183.0,0.6587999999999999
2011-10-23 17:00:00,15.6,61,8.2,0.0,0.0,1.53,60.0,0.216
2011-10-23 18:00:00,14.2,67,8.1,0.0,0.0,2.06,2.0,0.0072
2011-10-23 19:00:00,13.1,72,8.1,0.0,0.0,2.36,0.0,0.0
2011-10-23 20:00:00,12.2,76,8.1,0.0,0.0,2.47,0.0,0.0
2011-10-23 21:00:00,11.4,80,8.1,0.0,0.0,2.51,0.0,0.0
2011-10-23 22:00:00,10.8,84,8.2,0.0,0.0,2.66,0.0,0.0
2011-10-23 23:00:00,10.2,87,8.2,0.0,0.0,2.63,0.0,0.0
2011-10-24 00:00:00,9.8,90,8.2,0.0,0.0,2.5,0.0,0.0
2011-10-24 01:00:00,9.5,91,8.1,0.0,0.0,2.4,0.0,0.0
2011-10-24 02:00:00,9.1,93,8.1,0.0,0.0,2.31,0.0,0.0
2011-10-24 03:00:00,8.9,94,8.0,0.0,0.0,2.04,0.0,0.0
2011-10-24 04:00:00,8.4,95,7.7,0.0,0.0,1.82,0.0,0.0
2011-10-24 05:00:00,8.1,96,7.6,0.0,0.0,1.7,0.0,0.0
2011-10-24 06:00:00,8.1,97,7.6,0.0,0.0,1.8,0.0,0.0
2011-10-24 07:00:00,8.2,97,7.7,0.0,0.0,1.81,9.0,0.0324
2011-10-24 08:00:00,10.4,90,8.9,0.0,0.0,1.71,91.0,0.3276
2011-10-24 09:00:00,12.5,81,9.3,0.0,0.0,2.01,202.0,0.7272
2011-10-24 10:00:00,14.2,74,9.7,0.0,0.0,2.1,305.0,1.0979999999999999
2011-10-24 11:00:00,15.8,69,10.2,0.0,0.0,1.94,398.0,1.4327999999999999
2011-10-24 12:00:00,17.3,64,10.5,0.0,0.0,2.12,525.0,1.89
2011-10-24 13:00:00,18.4,60,10.5,0.0,0.0,2.12,559.0,2.0124
2011-10-24 14:00:00,18.7,59,10.4,0.0,0.0,2.24,481.0,1.7316
2011-10-24 15:00:00,18.9,57,10.2,0.0,0.0,2.35,413.0,1.4868
2011-10-24 16:00:00,18.3,61,10.6,0.0,0.0,2.12,255.0,0.9179999999999999
2011-10-24 17:00:00,17.0,67,10.9,0.0,0.0,0.89,89.0,0.3204
2011-10-24 18:00:00,15.5,73,10.8,0.0,0.0,1.93,2.0,0.0072
2011-10-24 19:00:00,14.1,82,11.1,0.0,0.0,2.18,0.0,0.0
2011-10-24 20:00:00,13.1,85,10.6,0.0,0.0,2.22,0.0,0.0
2011-10-24 21:00:00,12.9,84,10.3,0.0,0.0,3.06,0.0,0.0
2011-10-24 22:00:00,13.0,80,9.6,0.0,0.0,3.8,0.0,0.0
2011-10-24 23:00:00,12.6,80,9.2,0.0,0.0,4.16,0.0,0.0
2011-10-25 00:00:00,12.0,83,9.1,0.0,0.0,3.97,0.0,0.0
2011-10-25 01:00:00,11.4,85,9.0,0.0,0.0,3.61,0.0,0.0
2011-10-25 02:00:00,10.5,87,8.5,0.0,0.0,3.19,0.0,0.0
2011-10-25 03:00:00,9.8,90,8.2,0.0,0.0,2.69,0.0,0.0
2011-10-25 04:00:00,9.0,91,7.6,0.0,0.0,2.56,0.0,0.0
2011-10-25 05:00:00,8.5,91,7.1,0.0,0.0,2.82,0.0,0.0
2011-10-25 06:00:00,8.2,90,6.6,0.0,0.0,2.96,0.0,0.0
2011-10-25 07:00:00,8.3,87,6.3,0.0,0.0,3.1,11.0,0.039599999999999996
2011-10-25 08:00:00,10.5,79,7.0,0.0,0.0,3.2,139.0,0.5004
2011-10-25 09:00:00,12.9,65,6.5,0.0,0.0,3.13,317.0,1.1412
2011-10-25 10:00:00,14.2,56,5.7,0.0,0.0,3.47,472.0,1.6992
2011-10-25 11:00:00,15.4,50,5.1,0.0,0.0,3.38,581.0,2.0916
2011-10-25 12:00:00,16.5,46,4.8,0.0,0.0,3.69,633.0,2.2788
2011-10-25 13:00:00,17.3,43,4.7,0.0,0.0,3.72,624.0,2.2464
2011-10-25 14:00:00,18.3,41,4.7,0.0,0.0,3.58,552.0,1.9871999999999999
2011-10-25 15:00:00,18.4,41,4.9,0.0,0.0,3.18,428.0,1.5408
2011-10-25 16:00:00,17.8,48,6.5,0.0,0.0,2.2,264.0,0.9504
2011-10-25 17:00:00,16.4,54,7.2,0.0,0.0,1.49,91.0,0.3276
2011-10-25 18:00:00,14.5,62,7.3,0.0,0.0,2.15,2.0,0.0072
2011-10-25 19:00:00,13.1,68,7.3,0.0,0.0,2.6,0.0,0.0
2011-10-25 20:00:00,12.1,71,6.9,0.0,0.0,3.01,0.0,0.0
2011-10-25 21:00:00,11.3,73,6.6,0.0,0.0,3.2,0.0,0.0
2011-10-25 22:00:00,10.9,74,6.3,0.0,0.0,3.13,0.0,0.0
2011-10-25 23:00:00,10.9,73,6.1,0.0,0.0,3.35,0.0,0.0
2011-10-26 00:00:00,11.1,70,5.8,0.0,0.0,3.62,0.0,0.0
2011-10-26 01:00:00,11.2,68,5.6,0.0,0.0,3.94,0.0,0.0
2011-10-26 02:00:00,11.5,62,4.6,0.0,0.0,4.1,0.0,0.0
2011-10-26 03:00:00,11.6,62,4.4,0.0,0.0,4.1,0.0,0.0
2011-10-26 04:00:00,11.6,61,4.4,0.0,0.0,4.19,0.0,0.0
2011-10-26 05:00:00,11.5,63,4.6,0.0,0.0,3.55,0.0,0.0
2011-10-26 06:00:00,11.4,64,4.9,0.0,0.0,3.77,0.0,0.0
2011-10-26 07:00:00,11.5,68,5.7,0.0,0.0,3.82,9.0,0.0324
2011-10-26 08:00:00,12.6,69,7.2,0.0,0.0,3.61,119.0,0.4284
2011-10-26 09:00:00,14.6,65,8.1,0.0,0.0,3.05,257.0,0.9252
2011-10-26 10:00:00,16.2,62,8.9,0.0,0.0,3.04,323.0,1.1628
2011-10-26 11:00:00,17.9,59,9.8,0.0,0.0,2.78,409.0,1.4724
2011-10-26 12:00:00,19.2,57,10.6,0.0,0.0,2.6,430.0,1.548
2011-10-26 13:00:00,20.3,55,10.9,0.0,0.0,2.69,471.0,1.6956
2011-10-26 14:00:00,18.6,67,12.4,0.4,0.0,3.14,228.0,0.8208
2011-10-26 15:00:00,17.9,74,13.2,0.2,0.0,2.62,122.0,0.4392
2011-10-26 16:00:00,17.7,77,13.6,0.0,0.0,2.4,100.0,0.36
2011-10-26 17:00:00,17.2,77,13.1,0.0,0.0,2.02,63.0,0.2268
2011-10-26 18:00:00,16.3,78,12.5,0.0,0.0,1.84,1.0,0.0036
2011-10-26 19:00:00,15.6,79,12.0,0.0,0.0,2.12,0.0,0.0
2011-10-26 20:00:00,15.1,81,11.8,0.0,0.0,2.55,0.0,0.0
2011-10-26 21:00:00,14.5,82,11.6,0.0,0.0,2.48,0.0,0.0
2011-10-26 22:00:00,14.7,81,11.6,0.0,0.0,2.39,0.0,0.0
2011-10-26 23:00:00,14.7,81,11.5,0.6,0.0,2.56,0.0,0.0
2011-10-27 00:00:00,14.6,85,12.1,0.0,0.0,2.47,0.0,0.0
2011-10-27 01:00:00,14.3,87,12.3,0.0,0.0,2.55,0.0,0.0
2011-10-27 02:00:00,14.7,81,11.5,0.0,0.0,2.48,0.0,0.0
2011-10-27 03:00:00,14.6,81,11.4,0.4,0.0,2.78,0.0,0.0
2011-10-27 04:00:00,14.2,85,11.7,1.4,0.0,2.97,0.0,0.0
2011-10-27 05:00:00,13.9,89,12.1,1.0,0.0,2.86,0.0,0.0
2011-10-27 06:00:00,13.8,90,12.2,0.6,0.0,2.28,0.0,0.0
2011-10-27 07:00:00,13.7,92,12.4,1.0,0.0,2.15,2.0,0.0072
2011-10-27 08:00:00,14.0,93,12.9,4.3,0.0,2.62,38.0,0.1368
2011-10-27 09:00:00,14.3,94,13.3,0.5,0.0,2.97,48.0,0.1728
2011-10-27 10:00:00,15.4,91,14.0,0.0,0.0,3.08,172.0,0.6192
2011-10-27 11:00:00,17.3,85,14.7,0.0,0.0,2.62,328.0,1.1808
2011-10-27 12:00:00,18.8,78,14.8,0.0,0.0,3.16,350.0,1.26
2011-10-27 13:00:00,19.2,76,14.8,0.4,0.0,3.5,286.0,1.0296
2011-10-27 14:00:00,18.0,87,15.8,0.0,0.0,3.68,152.0,0.5472
2011-10-27 15:00:00,18.0,83,15.1,0.0,0.0,3.58,64.0,0.2304
2011-10-27 16:00:00,18.5,82,15.3,0.3,0.0,4.2,132.0,0.4752
2011-10-27 17:00:00,15.4,90,13.7,0.9,0.0,5.98,39.0,0.1404
2011-10-27 18:00:00,11.7,88,9.7,0.0,0.0,5.8,0.0,0.0
2011-10-27 19:00:00,10.2,82,7.2,0.0,0.0,6.24,0.0,0.0
2011-10-27 20:00:00,9.0,74,4.7,0.0,0.0,6.17,0.0,0.0
2011-10-27 21:00:00,8.1,70,3.1,0.0,0.0,6.04,0.0,0.0
2011-10-27 22:00:00,7.5,69,2.2,0.0,0.0,5.85,0.0,0.0
2011-10-27 23:00:00,7.1,68,1.6,0.0,0.0,5.22,0.0,0.0
2011-10-28 00:00:00,6.6,68,1.1,0.0,0.0,4.75,0.0,0.0
2011-10-28 01:00:00,6.1,68,0.7,0.0,0.0,4.51,0.0,0.0
2011-10-28 02:00:00,5.9,67,0.3,0.0,0.0,4.16,0.0,0.0
2011-10-28 03:00:00,5.5,67,-0.1,0.0,0.0,3.91,0.0,0.0
2011-10-28 04:00:00,5.1,67,-0.4,0.0,0.0,3.5,0.0,0.0
2011-10-28 05:00:00,4.8,68,-0.6,0.0,0.0,2.89,0.0,0.0
2011-10-28 06:00:00,4.4,70,-0.6,0.0,0.0,2.35,0.0,0.0
2011-10-28 07:00:00,4.1,74,-0.0,0.0,0.0,2.18,8.0,0.0288
2011-10-28 08:00:00,5.0,69,-0.2,0.0,0.0,2.6,130.0,0.46799999999999997
2011-10-28 09:00:00,6.2,64,-0.2,0.0,0.0,2.62,303.0,1.0908
2011-10-28 10:00:00,7.4,58,-0.3,0.0,0.0,2.48,435.0,1.566
2011-10-28 11:00:00,8.5,54,-0.4,0.0,0.0,2.62,544.0,1.9584
2011-10-28 12:00:00,9.2,50,-0.7,0.0,0.0,2.52,535.0,1.926
2011-10-28 13:00:00,9.5,48,-1.1,0.0,0.0,2.56,461.0,1.6596
2011-10-28 14:00:00,9.7,46,-1.4,0.0,0.0,2.16,364.0,1.3104
2011-10-28 15:00:00,9.3,46,-1.9,0.0,0.0,2.2,112.0,0.4032
2011-10-28 16:00:00,9.0,46,-2.1,0.0,0.0,2.31,57.0,0.2052
2011-10-28 17:00:00,8.6,47,-1.9,0.0,0.0,1.52,13.0,0.0468
2011-10-28 18:00:00,8.2,51,-1.3,0.0,0.0,1.26,0.0,0.0
2011-10-28 19:00:00,7.8,56,-0.4,0.2,0.0,1.36,0.0,0.0
2011-10-28 20:00:00,7.4,62,0.6,0.3,0.0,1.14,0.0,0.0
2011-10-28 21:00:00,6.5,76,2.5,0.4,0.0,1.89,0.0,0.0
2011-10-28 22:00:00,5.5,87,3.5,1.1,0.0,2.5,0.0,0.0
2011-10-28 23:00:00,5.0,90,3.5,0.6,0.0,2.9,0.0,0.0
2011-10-29 00:00:00,5.1,91,3.7,0.9,0.0,3.28,0.0,0.0
2011-10-29 01:00:00,4.8,93,3.7,1.0,0.0,3.92,0.0,0.0
2011-10-29 02:00:00,4.3,96,3.7,1.3,0.07,4.24,0.0,0.0
2011-10-29 03:00:00,4.5,94,3.6,0.9,0.0,4.97,0.0,0.0
2011-10-29 04:00:00,4.4,93,3.3,1.1,0.0,4.89,0.0,0.0
2011-10-29 05:00:00,4.1,94,3.2,1.3,0.0,4.4,0.0,0.0
2011-10-29 06:00:00,3.7,98,3.3,1.3,0.0,5.1,0.0,0.0
2011-10-29 07:00:00,3.4,99,3.3,1.2,0.07,4.96,1.0,0.0036
2011-10-29 08:00:00,3.4,99,3.3,1.4,0.14,4.11,6.0,0.0216
2011-10-29 09:00:00,3.2,100,3.2,1.6,0.14,4.3,16.0,0.0576
2011-10-29 10:00:00,3.2,99,3.1,1.7,0.21,4.57,28.0,0.1008
2011-10-29 11:00:00,2.7,100,2.6,2.5,0.35,4.56,35.0,0.126
2011-10-29 12:00:00,2.3,100,2.2,1.8,1.19,4.9,63.0,0.2268
2011-10-29 13:00:00,2.4,99,2.2,1.5,0.7,5.35,62.0,0.22319999999999998
2011-10-29 14:00:00,2.1,99,2.0,0.6,0.7,5.63,54.0,0.1944
2011-10-29 15:00:00,1.9,100,1.8,0.5,0.63,5.53,28.0,0.1008
2011-10-29 16:00:00,1.8,99,1.7,0.3,0.56,5.59,17.0,0.0612
2011-10-29 17:00:00,1.7,98,1.5,0.3,0.35,4.1,12.0,0.0432
2011-10-29 18:00:00,1.8,97,1.3,0.3,0.07,3.98,0.0,0.0
2011-10-29 19:00:00,1.9,95,1.2,0.2,0.0,4.04,0.0,0.0
2011-10-29 20:00:00,1.8,92,0.6,0.0,0.0,4.24,0.0,0.0
2011-10-29 21:00:00,1.4,92,0.3,0.0,0.0,4.31,0.0,0.0
2011-10-29 22:00:00,0.9,93,-0.1,0.0,0.0,4.06,0.0,0.0
2011-10-29 23:00:00,0.5,94,-0.4,0.0,0.0,3.69,0.0,0.0
2011-10-30 00:00:00,0.3,94,-0.6,0.0,0.0,3.18,0.0,0.0
2011-10-30 01:00:00,0.1,94,-0.8,0.0,0.0,3.22,0.0,0.0
2011-10-30 02:00:00,0.4,94,-0.5,0.0,0.0,3.55,0.0,0.0
2011-10-30 03:00:00,0.4,93,-0.6,0.0,0.0,3.68,0.0,0.0
2011-10-30 04:00:00,0.4,93,-0.6,0.0,0.0,3.61,0.0,0.0
2011-10-30 05:00:00,0.2,93,-0.8,0.0,0.0,3.22,0.0,0.0
2011-10-30 06:00:00,0.1,92,-1.0,0.0,0.0,3.19,0.0,0.0
2011-10-30 07:00:00,0.0,92,-1.1,0.0,0.0,3.28,7.0,0.0252
2011-10-30 08:00:00,1.5,88,-0.2,0.0,0.0,3.11,127.0,0.4572
2011-10-30 09:00:00,4.2,77,0.6,0.0,0.0,3.05,307.0,1.1052
2011-10-30 10:00:00,6.5,68,0.9,0.0,0.0,3.05,465.0,1.674
2011-10-30 11:00:00,8.4,59,0.8,0.0,0.0,2.83,578.0,2.0808
2011-10-30 12:00:00,9.8,50,-0.1,0.0,0.0,2.42,631.0,2.2716
2011-10-30 13:00:00,10.6,44,-1.0,0.0,0.0,2.25,622.0,2.2392
2011-10-30 14:00:00,11.1,43,-1.1,0.0,0.0,1.92,547.0,1.9691999999999998
2011-10-30 15:00:00,11.0,42,-1.5,0.0,0.0,1.63,420.0,1.512
2011-10-30 16:00:00,10.5,43,-1.4,0.0,0.0,1.35,253.0,0.9107999999999999
2011-10-30 17:00:00,9.4,62,2.4,0.0,0.0,1.08,79.0,0.2844
2011-10-30 18:00:00,9.1,52,-0.2,0.0,0.0,0.72,0.0,0.0
2011-10-30 19:00:00,8.3,58,0.5,0.0,0.0,0.36,0.0,0.0
2011-10-30 20:00:00,7.3,66,1.4,0.0,0.0,0.73,0.0,0.0
2011-10-30 21:00:00,5.1,79,1.7,0.0,0.0,1.7,0.0,0.0
2011-10-30 22:00:00,4.1,84,1.6,0.0,0.0,2.06,0.0,0.0
2011-10-30 23:00:00,3.4,86,1.3,0.0,0.0,2.3,0.0,0.0
2011-10-31 00:00:00,3.2,85,0.9,0.0,0.0,2.42,0.0,0.0
2011-10-31 01:00:00,3.5,84,1.0,0.0,0.0,2.46,0.0,0.0
2011-10-31 02:00:00,4.2,83,1.5,0.0,0.0,2.28,0.0,0.0
2011-10-31 03:00:00,4.4,84,1.8,0.0,0.0,2.28,0.0,0.0
2011-10-31 04:00:00,3.3,88,1.5,0.0,0.0,2.45,0.0,0.0
2011-10-31 05:00:00,2.1,91,0.8,0.0,0.0,2.55,0.0,0.0
2011-10-31 06:00:00,2.0,91,0.7,0.0,0.0,2.6,0.0,0.0
2011-10-31 07:00:00,2.1,91,0.8,0.0,0.0,2.43,6.0,0.0216
2011-10-31 08:00:00,4.4,88,2.6,0.0,0.0,2.14,110.0,0.39599999999999996
2011-10-31 09:00:00,7.8,72,3.0,0.0,0.0,1.63,256.0,0.9216
2011-10-31 10:00:00,9.6,61,2.6,0.0,0.0,1.99,382.0,1.3752
2011-10-31 11:00:00,11.0,53,1.9,0.0,0.0,2.75,472.0,1.6992
2011-10-31 12:00:00,11.8,49,1.4,0.0,0.0,2.97,507.0,1.8252
2011-10-31 13:00:00,12.3,49,1.8,0.0,0.0,3.1,484.0,1.7424
2011-10-31 14:00:00,12.5,44,0.5,0.0,0.0,3.09,454.0,1.6343999999999999
2011-10-31 15:00:00,12.4,45,0.8,0.0,0.0,3.0,304.0,1.0944
2011-10-31 16:00:00,11.8,51,1.9,0.0,0.0,1.98,140.0,0.504
2011-10-31 17:00:00,10.7,57,2.6,0.0,0.0,1.75,46.0,0.1656
2011-10-31 18:00:00,9.7,63,3.0,0.0,0.0,2.15,0.0,0.0
2011-10-31 19:00:00,8.9,71,3.8,0.0,0.0,1.84,0.0,0.0
2011-10-31 20:00:00,8.2,78,4.6,0.0,0.0,1.66,0.0,0.0
2011-10-31 21:00:00,9.5,69,4.0,0.1,0.0,1.78,0.0,0.0
2011-10-31 22:00:00,9.1,70,4.0,0.0,0.0,1.92,0.0,0.0
2011-10-31 23:00:00,8.0,77,4.3,0.0,0.0,1.7,0.0,0.0
2011-11-01 00:00:00,5.8,91,4.4,0.1,0.0,1.7,0.0,0.0
2011-11-01 01:00:00,5.8,91,4.5,0.0,0.0,1.8,0.0,0.0
2011-11-01 02:00:00,5.7,87,3.6,0.0,0.0,1.99,0.0,0.0
2011-11-01 03:00:00,5.3,88,3.6,0.0,0.0,2.01,0.0,0.0
2011-11-01 04:00:00,4.9,90,3.4,0.0,0.0,2.21,0.0,0.0
2011-11-01 05:00:00,4.5,91,3.1,0.0,0.0,2.31,0.0,0.0
2011-11-01 06:00:00,4.1,91,2.8,0.0,0.0,2.65,0.0,0.0
2011-11-01 07:00:00,3.9,91,2.6,0.0,0.0,2.83,5.0,0.018
2011-11-01 08:00:00,6.0,84,3.6,0.0,0.0,2.7,106.0,0.3816
2011-11-01 09:00:00,8.9,73,4.3,0.0,0.0,2.22,282.0,1.0151999999999999
2011-11-01 10:00:00,11.2,65,4.8,0.0,0.0,2.02,438.0,1.5768
2011-11-01 11:00:00,12.9,58,4.9,0.0,0.0,1.97,549.0,1.9764
2011-11-01 12:00:00,13.8,51,3.7,0.0,0.0,2.58,602.0,2.1672
2011-11-01 13:00:00,14.2,48,3.3,0.0,0.0,2.6,591.0,2.1276
2011-11-01 14:00:00,14.5,48,3.7,0.0,0.0,2.5,395.0,1.422
2011-11-01 15:00:00,14.3,48,3.5,0.0,0.0,2.38,265.0,0.954
2011-11-01 16:00:00,13.8,53,4.2,0.0,0.0,1.66,182.0,0.6552
2011-11-01 17:00:00,12.6,62,5.5,0.0,0.0,1.66,64.0,0.2304
2011-11-01 18:00:00,10.4,72,5.6,0.0,0.0,1.7,0.0,0.0
2011-11-01 19:00:00,9.1,74,4.8,0.0,0.0,2.08,0.0,0.0
2011-11-01 20:00:00,8.8,74,4.5,0.0,0.0,2.06,0.0,0.0
2011-11-01 21:00:00,9.1,72,4.4,0.0,0.0,1.91,0.0,0.0
2011-11-01 22:00:00,9.3,72,4.5,0.0,0.0,1.77,0.0,0.0
2011-11-01 23:00:00,8.8,74,4.4,0.0,0.0,1.72,0.0,0.0
2011-11-02 00:00:00,8.4,76,4.4,0.0,0.0,1.75,0.0,0.0
2011-11-02 01:00:00,8.0,78,4.4,0.0,0.0,1.49,0.0,0.0
2011-11-02 02:00:00,7.6,79,4.3,0.0,0.0,1.1,0.0,0.0
2011-11-02 03:00:00,7.4,81,4.4,0.0,0.0,1.14,0.0,0.0
2011-11-02 04:00:00,7.0,84,4.6,0.0,0.0,1.14,0.0,0.0
2011-11-02 05:00:00,6.5,88,4.7,0.0,0.0,0.58,0.0,0.0
2011-11-02 06:00:00,6.0,92,4.7,0.0,0.0,0.32,0.0,0.0
2011-11-02 07:00:00,5.5,95,4.7,0.0,0.0,0.5,5.0,0.018
2011-11-02 08:00:00,5.9,95,5.2,0.0,0.0,0.42,112.0,0.4032
2011-11-02 09:00:00,9.8,77,6.0,0.0,0.0,0.73,284.0,1.0224
2011-11-02 10:00:00,12.4,60,5.0,0.0,0.0,1.3,438.0,1.5768
2011-11-02 11:00:00,13.8,53,4.3,0.0,0.0,1.4,547.0,1.9691999999999998
2011-11-02 12:00:00,14.6,51,4.4,0.0,0.0,1.5,599.0,2.1564
2011-11-02 13:00:00,15.0,50,4.6,0.0,0.0,1.6,589.0,2.1204
2011-11-02 14:00:00,15.3,51,5.3,0.0,0.0,1.6,518.0,1.8648
2011-11-02 15:00:00,15.2,51,5.2,0.0,0.0,1.91,395.0,1.422
2011-11-02 16:00:00,14.4,56,5.8,0.0,0.0,1.77,233.0,0.8388
2011-11-02 17:00:00,12.7,64,6.0,0.0,0.0,2.0,67.0,0.2412
2011-11-02 18:00:00,10.9,71,5.8,0.0,0.0,2.58,0.0,0.0
2011-11-02 19:00:00,9.6,76,5.6,0.0,0.0,2.64,0.0,0.0
2011-11-02 20:00:00,8.6,81,5.4,0.0,0.0,2.42,0.0,0.0
2011-11-02 21:00:00,7.7,85,5.3,0.0,0.0,2.47,0.0,0.0
2011-11-02 22:00:00,7.0,87,5.0,0.0,0.0,2.63,0.0,0.0
2011-11-02 23:00:00,6.6,88,4.8,0.0,0.0,2.82,0.0,0.0
2011-11-03 00:00:00,6.1,90,4.6,0.0,0.0,2.6,0.0,0.0
2011-11-03 01:00:00,5.7,92,4.5,0.0,0.0,2.53,0.0,0.0
2011-11-03 02:00:00,5.7,91,4.4,0.0,0.0,2.63,0.0,0.0
2011-11-03 03:00:00,5.5,92,4.3,0.0,0.0,2.65,0.0,0.0
2011-11-03 04:00:00,5.2,92,4.1,0.0,0.0,2.57,0.0,0.0
2011-11-03 05:00:00,5.0,93,3.9,0.0,0.0,2.5,0.0,0.0
2011-11-03 06:00:00,4.7,94,3.8,0.0,0.0,2.42,0.0,0.0
2011-11-03 07:00:00,4.7,94,3.7,0.0,0.0,2.53,4.0,0.0144
2011-11-03 08:00:00,6.6,89,4.9,0.0,0.0,2.63,101.0,0.3636
2011-11-03 09:00:00,9.4,77,5.5,0.0,0.0,2.47,256.0,0.9216
2011-11-03 10:00:00,11.7,69,6.1,0.0,0.0,2.64,418.0,1.5048
2011-11-03 11:00:00,13.6,63,6.6,0.0,0.0,2.92,523.0,1.8828
2011-11-03 12:00:00,15.0,58,6.8,0.0,0.0,2.94,579.0,2.0844
2011-11-03 13:00:00,15.9,55,6.8,0.0,0.0,2.82,574.0,2.0664
2011-11-03 14:00:00,16.6,55,7.4,0.0,0.0,2.84,486.0,1.7496
2011-11-03 15:00:00,16.3,55,7.2,0.0,0.0,2.7,339.0,1.2204
2011-11-03 16:00:00,15.5,60,7.7,0.0,0.0,1.9,213.0,0.7667999999999999
2011-11-03 17:00:00,13.7,66,7.6,0.0,0.0,2.37,65.0,0.23399999999999999
2011-11-03 18:00:00,11.8,75,7.4,0.0,0.0,2.33,0.0,0.0
2011-11-03 19:00:00,10.4,82,7.4,0.0,0.0,2.37,0.0,0.0
2011-11-03 20:00:00,9.4,87,7.3,0.0,0.0,2.56,0.0,0.0
2011-11-03 21:00:00,8.6,88,6.8,0.0,0.0,2.38,0.0,0.0
2011-11-03 22:00:00,8.1,89,6.5,0.0,0.0,1.73,0.0,0.0
2011-11-03 23:00:00,7.6,90,6.1,0.0,0.0,2.3,0.0,0.0
2011-11-04 00:00:00,7.4,91,6.0,0.0,0.0,2.11,0.0,0.0
2011-11-04 01:00:00,8.8,84,6.2,0.0,0.0,1.2,0.0,0.0
2011-11-04 02:00:00,9.2,82,6.3,0.0,0.0,0.32,0.0,0.0
2011-11-04 03:00:00,7.3,93,6.3,0.0,0.0,1.25,0.0,0.0
2011-11-04 04:00:00,7.2,94,6.3,0.0,0.0,1.44,0.0,0.0
2011-11-04 05:00:00,7.8,92,6.6,0.0,0.0,1.39,0.0,0.0
2011-11-04 06:00:00,7.9,92,6.7,0.0,0.0,2.09,0.0,0.0
2011-11-04 07:00:00,8.3,91,6.9,0.0,0.0,3.35,1.0,0.0036
2011-11-04 08:00:00,9.1,89,7.3,0.0,0.0,4.39,45.0,0.162
2011-11-04 09:00:00,9.9,83,7.2,0.0,0.0,4.56,131.0,0.47159999999999996
2011-11-04 10:00:00,10.4,76,6.3,0.0,0.0,5.55,216.0,0.7776
2011-11-04 11:00:00,11.5,67,5.7,0.0,0.0,5.35,393.0,1.4148
2011-11-04 12:00:00,12.4,60,4.8,0.0,0.0,5.52,495.0,1.782
2011-11-04 13:00:00,13.0,53,3.6,0.0,0.0,5.38,506.0,1.8215999999999999
2011-11-04 14:00:00,13.4,49,2.8,0.0,0.0,5.58,447.0,1.6092
2011-11-04 15:00:00,13.2,45,1.6,0.0,0.0,4.81,366.0,1.3175999999999999
2011-11-04 16:00:00,12.4,46,1.1,0.0,0.0,5.08,230.0,0.828
2011-11-04 17:00:00,11.1,45,-0.4,0.0,0.0,4.63,65.0,0.23399999999999999
2011-11-04 18:00:00,9.9,45,-1.5,0.0,0.0,4.65,0.0,0.0
2011-11-04 19:00:00,8.9,46,-2.2,0.0,0.0,4.87,0.0,0.0
2011-11-04 20:00:00,8.2,46,-2.8,0.0,0.0,4.55,0.0,0.0
2011-11-04 21:00:00,7.6,46,-3.2,0.0,0.0,4.33,0.0,0.0
2011-11-04 22:00:00,7.0,47,-3.6,0.0,0.0,4.56,0.0,0.0
2011-11-04 23:00:00,6.3,48,-3.9,0.0,0.0,4.66,0.0,0.0
2011-11-05 00:00:00,5.7,50,-4.0,0.0,0.0,4.37,0.0,0.0
2011-11-05 01:00:00,5.2,52,-3.9,0.0,0.0,4.05,0.0,0.0
2011-11-05 02:00:00,4.7,55,-3.7,0.0,0.0,3.89,0.0,0.0
2011-11-05 03:00:00,4.3,57,-3.5,0.0,0.0,3.89,0.0,0.0
2011-11-05 04:00:00,3.9,59,-3.4,0.0,0.0,3.79,0.0,0.0
2011-11-05 05:00:00,3.5,61,-3.4,0.0,0.0,3.72,0.0,0.0
2011-11-05 06:00:00,3.2,62,-3.4,0.0,0.0,3.74,0.0,0.0
2011-11-05 07:00:00,2.9,64,-3.1,0.0,0.0,3.5,3.0,0.0108
2011-11-05 08:00:00,3.7,65,-2.3,0.0,0.0,3.11,107.0,0.3852
2011-11-05 09:00:00,5.2,58,-2.5,0.0,0.0,3.68,283.0,1.0188
2011-11-05 10:00:00,6.5,53,-2.3,0.0,0.0,3.32,439.0,1.5804
2011-11-05 11:00:00,7.8,50,-2.1,0.0,0.0,2.97,549.0,1.9764
2011-11-05 12:00:00,8.8,47,-1.9,0.0,0.0,2.69,602.0,2.1672
2011-11-05 13:00:00,9.6,45,-1.8,0.0,0.0,2.58,593.0,2.1348
2011-11-05 14:00:00,10.1,44,-1.7,0.0,0.0,2.64,522.0,1.8792
2011-11-05 15:00:00,10.1,43,-2.0,0.0,0.0,2.5,396.0,1.4256
2011-11-05 16:00:00,9.5,44,-2.1,0.0,0.0,2.32,231.0,0.8316
2011-11-05 17:00:00,8.3,50,-1.5,0.0,0.0,1.6,62.0,0.22319999999999998
2011-11-05 18:00:00,6.8,59,-0.6,0.0,0.0,1.94,0.0,0.0
2011-11-05 19:00:00,5.3,71,0.4,0.0,0.0,2.25,0.0,0.0
2011-11-05 20:00:00,5.0,69,-0.2,0.0,0.0,2.42,0.0,0.0
2011-11-05 21:00:00,4.9,70,-0.2,0.0,0.0,2.33,0.0,0.0
2011-11-05 22:00:00,4.4,73,0.0,0.0,0.0,2.22,0.0,0.0
2011-11-05 23:00:00,4.3,75,0.3,0.0,0.0,2.15,0.0,0.0
2011-11-06 00:00:00,5.2,74,1.0,0.0,0.0,2.1,0.0,0.0
2011-11-06 01:00:00,5.9,74,1.6,0.0,0.0,2.64,0.0,0.0
2011-11-06 02:00:00,4.9,80,1.7,0.0,0.0,1.92,0.0,0.0
2011-11-06 03:00:00,5.1,81,2.1,0.0,0.0,1.75,0.0,0.0
2011-11-06 04:00:00,4.8,84,2.3,0.0,0.0,1.34,0.0,0.0
2011-11-06 05:00:00,4.7,86,2.5,0.0,0.0,0.86,0.0,0.0
2011-11-06 06:00:00,4.7,87,2.7,0.0,0.0,0.81,0.0,0.0
2011-11-06 07:00:00,4.6,87,2.6,0.0,0.0,0.82,2.0,0.0072
2011-11-06 08:00:00,5.1,92,3.8,0.0,0.0,0.36,62.0,0.22319999999999998
2011-11-06 09:00:00,7.6,77,3.7,0.0,0.0,0.41,152.0,0.5472
2011-11-06 10:00:00,9.3,69,3.9,0.0,0.0,1.03,220.0,0.7919999999999999
2011-11-06 11:00:00,10.1,68,4.5,0.0,0.0,1.5,272.0,0.9792
2011-11-06 12:00:00,11.2,66,5.0,0.0,0.0,2.09,360.0,1.296
2011-11-06 13:00:00,11.9,62,4.8,0.0,0.0,2.72,372.0,1.3392
2011-11-06 14:00:00,13.1,56,4.6,0.0,0.0,2.65,474.0,1.7064
2011-11-06 15:00:00,13.1,57,4.7,0.0,0.0,2.69,370.0,1.332
2011-11-06 16:00:00,12.4,61,5.1,0.0,0.0,2.25,214.0,0.7704
2011-11-06 17:00:00,10.9,69,5.3,0.0,0.0,1.77,53.0,0.1908
2011-11-06 18:00:00,9.4,76,5.4,0.0,0.0,2.05,0.0,0.0
2011-11-06 19:00:00,8.3,83,5.5,0.0,0.0,2.3,0.0,0.0
2011-11-06 20:00:00,7.4,87,5.4,0.0,0.0,2.61,0.0,0.0
2011-11-06 21:00:00,6.9,90,5.4,0.0,0.0,2.47,0.0,0.0
2011-11-06 22:00:00,6.4,92,5.3,0.0,0.0,2.31,0.0,0.0
2011-11-06 23:00:00,5.9,94,5.0,0.0,0.0,2.41,0.0,0.0
2011-11-07 00:00:00,5.4,96,4.8,0.0,0.0,2.41,0.0,0.0
2011-11-07 01:00:00,4.9,97,4.5,0.0,0.0,2.33,0.0,0.0
2011-11-07 02:00:00,4.4,99,4.2,0.0,0.0,2.21,0.0,0.0
2011-11-07 03:00:00,4.2,99,4.1,0.0,0.0,2.15,0.0,0.0
2011-11-07 04:00:00,3.9,100,3.9,0.0,0.0,1.92,0.0,0.0
2011-11-07 05:00:00,3.7,100,3.7,0.0,0.0,2.2,0.0,0.0
2011-11-07 06:00:00,3.4,100,3.4,0.0,0.0,2.33,0.0,0.0
2011-11-07 07:00:00,3.2,100,3.2,0.0,0.0,2.14,2.0,0.0072
2011-11-07 08:00:00,5.6,98,5.3,0.0,0.0,1.61,93.0,0.3348
2011-11-07 09:00:00,8.6,90,7.0,0.0,0.0,1.2,258.0,0.9288
2011-11-07 10:00:00,11.1,81,8.0,0.0,0.0,1.0,415.0,1.494
2011-11-07 11:00:00,13.4,73,8.8,0.0,0.0,0.9,527.0,1.8972
2011-11-07 12:00:00,15.4,65,8.9,0.0,0.0,1.0,580.0,2.088
2011-11-07 13:00:00,16.7,59,8.5,0.0,0.0,1.02,571.0,2.0556
2011-11-07 14:00:00,17.4,53,7.6,0.0,0.0,0.81,501.0,1.8035999999999999
2011-11-07 15:00:00,17.3,52,7.4,0.0,0.0,0.73,379.0,1.3644
2011-11-07 16:00:00,16.4,59,8.3,0.0,0.0,1.12,218.0,0.7847999999999999
2011-11-07 17:00:00,14.8,67,8.7,0.0,0.0,2.32,55.0,0.19799999999999998
2011-11-07 18:00:00,12.0,81,8.8,0.0,0.0,2.6,0.0,0.0
2011-11-07 19:00:00,9.9,88,8.0,0.0,0.0,2.51,0.0,0.0
2011-11-07 20:00:00,8.7,90,7.1,0.0,0.0,2.43,0.0,0.0
2011-11-07 21:00:00,7.7,91,6.4,0.0,0.0,2.21,0.0,0.0
2011-11-07 22:00:00,7.1,92,5.9,0.0,0.0,2.28,0.0,0.0
2011-11-07 23:00:00,6.5,92,5.3,0.0,0.0,2.34,0.0,0.0
2011-11-08 00:00:00,6.1,93,5.0,0.0,0.0,2.42,0.0,0.0
2011-11-08 01:00:00,5.8,93,4.7,0.0,0.0,2.45,0.0,0.0
2011-11-08 02:00:00,5.7,94,4.8,0.0,0.0,2.43,0.0,0.0
2011-11-08 03:00:00,5.4,95,4.6,0.0,0.0,2.1,0.0,0.0
2011-11-08 04:00:00,3.8,97,3.4,0.0,0.0,1.84,0.0,0.0
2011-11-08 05:00:00,3.7,96,3.1,0.0,0.0,2.33,0.0,0.0
2011-11-08 06:00:00,4.9,93,3.9,0.0,0.0,2.01,0.0,0.0
2011-11-08 07:00:00,5.6,93,4.6,0.0,0.0,1.4,2.0,0.0072
2011-11-08 08:00:00,6.0,94,5.2,0.0,0.0,0.86,94.0,0.3384
2011-11-08 09:00:00,9.6,84,7.0,0.0,0.0,0.0,261.0,0.9396
2011-11-08 10:00:00,13.4,73,8.6,0.0,0.0,0.41,412.0,1.4831999999999999
2011-11-08 11:00:00,16.1,63,9.1,0.0,0.0,0.7,521.0,1.8756
2011-11-08 12:00:00,17.8,54,8.4,0.0,0.0,0.91,573.0,2.0627999999999997
2011-11-08 13:00:00,18.6,51,8.1,0.0,0.0,1.0,564.0,2.0303999999999998
2011-11-08 14:00:00,19.1,51,8.9,0.0,0.0,1.26,492.0,1.7711999999999999
2011-11-08 15:00:00,18.8,53,9.2,0.0,0.0,1.48,370.0,1.332
2011-11-08 16:00:00,17.7,61,10.0,0.0,0.0,1.56,212.0,0.7632
2011-11-08 17:00:00,15.2,70,9.8,0.0,0.0,2.3,53.0,0.1908
2011-11-08 18:00:00,13.2,78,9.5,0.0,0.0,2.3,0.0,0.0
2011-11-08 19:00:00,11.6,85,9.1,0.0,0.0,2.19,0.0,0.0
2011-11-08 20:00:00,10.1,90,8.5,0.0,0.0,2.09,0.0,0.0
2011-11-08 21:00:00,8.8,92,7.6,0.0,0.0,2.06,0.0,0.0
2011-11-08 22:00:00,7.8,93,6.8,0.0,0.0,2.21,0.0,0.0
2011-11-08 23:00:00,7.0,94,6.2,0.0,0.0,1.88,0.0,0.0
2011-11-09 00:00:00,6.4,95,5.7,0.0,0.0,1.94,0.0,0.0
2011-11-09 01:00:00,6.2,96,5.5,0.0,0.0,2.12,0.0,0.0
2011-11-09 02:00:00,5.2,96,4.5,0.0,0.0,2.28,0.0,0.0
2011-11-09 03:00:00,5.4,96,4.8,0.0,0.0,2.47,0.0,0.0
2011-11-09 04:00:00,5.3,97,4.9,0.0,0.0,2.26,0.0,0.0
2011-11-09 05:00:00,6.1,98,5.8,0.0,0.0,1.7,0.0,0.0
2011-11-09 06:00:00,5.0,99,4.9,0.0,0.0,1.7,0.0,0.0
2011-11-09 07:00:00,2.8,100,2.8,0.0,0.0,1.61,2.0,0.0072
2011-11-09 08:00:00,5.8,96,5.2,0.0,0.0,0.92,94.0,0.3384
2011-11-09 09:00:00,9.4,86,7.1,0.0,0.0,0.41,265.0,0.954
2011-11-09 10:00:00,11.9,74,7.4,0.0,0.0,0.91,418.0,1.5048
2011-11-09 11:00:00,13.9,63,7.0,0.0,0.0,1.5,532.0,1.9152
2011-11-09 12:00:00,15.3,55,6.4,0.0,0.0,2.04,576.0,2.0736
2011-11-09 13:00:00,16.4,52,6.4,0.0,0.0,2.28,565.0,2.034
2011-11-09 14:00:00,16.4,47,5.1,0.0,0.0,2.38,499.0,1.7964
2011-11-09 15:00:00,16.2,48,5.3,0.0,0.0,2.61,375.0,1.3499999999999999
2011-11-09 16:00:00,14.9,56,6.2,0.0,0.0,2.76,213.0,0.7667999999999999
2011-11-09 17:00:00,12.7,66,6.6,0.0,0.0,3.12,51.0,0.18359999999999999
2011-11-09 18:00:00,11.3,77,7.5,0.0,0.0,3.26,0.0,0.0
2011-11-09 19:00:00,10.4,87,8.4,0.0,0.0,2.75,0.0,0.0
2011-11-09 20:00:00,9.8,93,8.8,0.0,0.0,2.34,0.0,0.0
2011-11-09 21:00:00,9.3,96,8.7,0.0,0.0,2.14,0.0,0.0
2011-11-09 22:00:00,8.9,98,8.5,0.0,0.0,2.11,0.0,0.0
2011-11-09 23:00:00,8.5,99,8.3,0.0,0.0,1.91,0.0,0.0
2011-11-10 00:00:00,8.3,99,8.2,0.0,0.0,2.0,0.0,0.0
2011-11-10 01:00:00,8.4,99,8.3,0.0,0.0,2.14,0.0,0.0
2011-11-10 02:00:00,8.3,100,8.3,0.0,0.0,2.1,0.0,0.0
2011-11-10 03:00:00,8.3,100,8.3,0.0,0.0,1.68,0.0,0.0
2011-11-10 04:00:00,8.3,100,8.3,0.0,0.0,1.57,0.0,0.0
2011-11-10 05:00:00,8.7,100,8.7,0.0,0.0,1.14,0.0,0.0
2011-11-10 06:00:00,8.3,100,8.3,0.0,0.0,0.32,0.0,0.0
2011-11-10 07:00:00,8.4,100,8.4,0.0,0.0,0.73,1.0,0.0036
2011-11-10 08:00:00,10.3,98,10.0,0.0,0.0,0.99,26.0,0.0936
2011-11-10 09:00:00,11.8,90,10.1,0.0,0.0,1.92,70.0,0.252
2011-11-10 10:00:00,12.1,78,8.5,0.0,0.0,3.8,136.0,0.4896
2011-11-10 11:00:00,11.7,72,6.7,0.0,0.0,4.85,154.0,0.5544
2011-11-10 12:00:00,11.2,67,5.3,0.0,0.0,5.06,158.0,0.5688
2011-11-10 13:00:00,10.7,66,4.6,0.2,0.0,4.7,149.0,0.5364
2011-11-10 14:00:00,10.1,71,5.1,0.1,0.0,4.29,72.0,0.2592
2011-11-10 15:00:00,9.1,80,5.8,0.8,0.0,3.62,25.0,0.09
2011-11-10 16:00:00,8.5,86,6.2,0.4,0.0,3.26,22.0,0.07919999999999999
2011-11-10 17:00:00,8.1,89,6.4,0.2,0.0,2.62,4.0,0.0144
2011-11-10 18:00:00,8.0,86,5.8,0.0,0.0,2.83,0.0,0.0
2011-11-10 19:00:00,8.0,81,4.9,0.0,0.0,3.47,0.0,0.0
2011-11-10 20:00:00,7.9,72,3.1,0.0,0.0,3.54,0.0,0.0
2011-11-10 21:00:00,7.8,63,1.2,0.0,0.0,3.84,0.0,0.0
2011-11-10 22:00:00,7.5,58,-0.3,0.0,0.0,4.08,0.0,0.0
2011-11-10 23:00:00,6.9,57,-1.0,0.0,0.0,4.44,0.0,0.0
2011-11-11 00:00:00,6.1,58,-1.4,0.0,0.0,4.65,0.0,0.0
2011-11-11 01:00:00,5.6,60,-1.5,0.0,0.0,4.38,0.0,0.0
2011-11-11 02:00:00,5.4,62,-1.3,0.0,0.0,4.39,0.0,0.0
2011-11-11 03:00:00,4.9,64,-1.4,0.0,0.0,4.53,0.0,0.0
2011-11-11 04:00:00,4.6,63,-1.9,0.0,0.0,4.68,0.0,0.0
2011-11-11 05:00:00,4.2,61,-2.7,0.0,0.0,5.12,0.0,0.0
2011-11-11 06:00:00,3.7,59,-3.5,0.0,0.0,5.0,0.0,0.0
2011-11-11 07:00:00,3.3,60,-3.7,0.0,0.0,4.81,1.0,0.0036
2011-11-11 08:00:00,3.7,61,-3.1,0.0,0.0,4.69,87.0,0.3132
2011-11-11 09:00:00,4.6,55,-3.7,0.0,0.0,6.28,254.0,0.9144
2011-11-11 10:00:00,5.7,51,-3.6,0.0,0.0,6.8,410.0,1.476
2011-11-11 11:00:00,7.4,40,-5.3,0.0,0.0,7.51,471.0,1.6956
2011-11-11 12:00:00,8.3,39,-5.0,0.0,0.0,7.38,474.0,1.7064
2011-11-11 13:00:00,8.9,37,-5.1,0.0,0.0,7.38,401.0,1.4436
2011-11-11 14:00:00,9.1,36,-5.2,0.0,0.0,6.76,323.0,1.1628
2011-11-11 15:00:00,9.1,34,-5.8,0.0,0.0,5.89,230.0,0.828
2011-11-11 16:00:00,8.7,36,-5.4,0.0,0.0,4.97,129.0,0.4644
2011-11-11 17:00:00,7.5,38,-5.8,0.0,0.0,3.42,48.0,0.1728
2011-11-11 18:00:00,6.3,43,-5.4,0.0,0.0,3.01,0.0,0.0
2011-11-11 19:00:00,5.1,50,-4.6,0.0,0.0,3.09,0.0,0.0
2011-11-11 20:00:00,3.9,56,-4.1,0.0,0.0,2.91,0.0,0.0
2011-11-11 21:00:00,3.0,61,-3.9,0.0,0.0,2.77,0.0,0.0
2011-11-11 22:00:00,2.1,66,-3.5,0.0,0.0,2.59,0.0,0.0
2011-11-11 23:00:00,1.6,69,-3.4,0.0,0.0,2.3,0.0,0.0
2011-11-12 00:00:00,1.2,72,-3.3,0.0,0.0,2.22,0.0,0.0
2011-11-12 01:00:00,0.8,75,-3.2,0.0,0.0,1.98,0.0,0.0
2011-11-12 02:00:00,0.1,78,-3.2,0.0,0.0,2.06,0.0,0.0
2011-11-12 03:00:00,-0.1,81,-3.0,0.0,0.0,2.16,0.0,0.0
2011-11-12 04:00:00,-0.3,82,-3.0,0.0,0.0,2.38,0.0,0.0
2011-11-12 05:00:00,-0.5,84,-3.0,0.0,0.0,2.16,0.0,0.0
2011-11-12 06:00:00,-0.5,84,-2.9,0.0,0.0,2.71,0.0,0.0
2011-11-12 07:00:00,-0.2,83,-2.8,0.0,0.0,3.14,1.0,0.0036
2011-11-12 08:00:00,2.0,78,-1.4,0.0,0.0,3.54,81.0,0.29159999999999997
2011-11-12 09:00:00,5.5,62,-1.2,0.0,0.0,3.58,244.0,0.8784
2011-11-12 10:00:00,7.9,54,-0.8,0.0,0.0,3.81,394.0,1.4183999999999999
2011-11-12 11:00:00,10.2,50,0.2,0.0,0.0,3.74,502.0,1.8072
2011-11-12 12:00:00,12.1,47,1.1,0.0,0.0,3.86,555.0,1.998
2011-11-12 13:00:00,13.5,45,1.8,0.0,0.0,3.92,547.0,1.9691999999999998
2011-11-12 14:00:00,14.7,44,2.6,0.0,0.0,3.84,481.0,1.7316
2011-11-12 15:00:00,14.9,45,3.0,0.0,0.0,3.58,359.0,1.2924
2011-11-12 16:00:00,13.9,49,3.5,0.0,0.0,3.27,201.0,0.7236
2011-11-12 17:00:00,12.0,53,2.8,0.0,0.0,3.21,45.0,0.162
2011-11-12 18:00:00,10.8,56,2.4,0.0,0.0,3.57,0.0,0.0
2011-11-12 19:00:00,10.2,57,2.0,0.0,0.0,3.93,0.0,0.0
2011-11-12 20:00:00,9.7,57,1.7,0.0,0.0,4.31,0.0,0.0
2011-11-12 21:00:00,9.3,59,1.6,0.0,0.0,4.35,0.0,0.0
2011-11-12 22:00:00,8.8,61,1.6,0.0,0.0,4.16,0.0,0.0
2011-11-12 23:00:00,8.4,63,1.7,0.0,0.0,4.0,0.0,0.0
2011-11-13 00:00:00,8.0,65,1.9,0.0,0.0,3.91,0.0,0.0
2011-11-13 01:00:00,7.5,68,2.0,0.0,0.0,3.58,0.0,0.0
2011-11-13 02:00:00,7.4,65,1.3,0.0,0.0,3.4,0.0,0.0
2011-11-13 03:00:00,7.0,68,1.4,0.0,0.0,3.4,0.0,0.0
2011-11-13 04:00:00,6.9,68,1.4,0.0,0.0,3.58,0.0,0.0
2011-11-13 05:00:00,7.0,67,1.3,0.0,0.0,3.18,0.0,0.0
2011-11-13 06:00:00,6.6,68,1.1,0.0,0.0,3.09,0.0,0.0
2011-11-13 07:00:00,6.2,69,1.0,0.0,0.0,3.09,1.0,0.0036
2011-11-13 08:00:00,7.3,66,1.4,0.0,0.0,3.26,67.0,0.2412
2011-11-13 09:00:00,9.6,59,2.0,0.0,0.0,3.32,241.0,0.8675999999999999
2011-11-13 10:00:00,11.6,51,1.9,0.0,0.0,4.25,396.0,1.4256
2011-11-13 11:00:00,13.2,47,2.0,0.0,0.0,4.43,493.0,1.7748
2011-11-13 12:00:00,14.5,44,2.3,0.0,0.0,4.48,540.0,1.944
2011-11-13 13:00:00,15.4,42,2.4,0.0,0.0,4.62,516.0,1.8576
2011-11-13 14:00:00,16.3,42,3.5,0.0,0.0,4.62,394.0,1.4183999999999999
2011-11-13 15:00:00,16.0,44,3.8,0.0,0.0,4.34,265.0,0.954
2011-11-13 16:00:00,15.2,43,2.8,0.0,0.0,4.88,122.0,0.4392
2011-11-13 17:00:00,14.6,41,1.4,0.0,0.0,5.26,29.0,0.10439999999999999
2011-11-13 18:00:00,14.2,40,0.7,0.0,0.0,5.57,0.0,0.0
2011-11-13 19:00:00,13.8,40,0.5,0.0,0.0,5.73,0.0,0.0
2011-11-13 20:00:00,13.4,42,0.6,0.0,0.0,5.86,0.0,0.0
2011-11-13 21:00:00,13.0,45,1.2,0.0,0.0,5.86,0.0,0.0
2011-11-13 22:00:00,12.9,48,2.1,0.0,0.0,5.77,0.0,0.0
2011-11-13 23:00:00,12.6,53,3.2,0.0,0.0,5.64,0.0,0.0
2011-11-14 00:00:00,12.5,58,4.4,0.0,0.0,5.33,0.0,0.0
2011-11-14 01:00:00,12.4,62,5.4,0.0,0.0,4.84,0.0,0.0
2011-11-14 02:00:00,12.0,66,5.9,0.0,0.0,4.6,0.0,0.0
2011-11-14 03:00:00,11.9,70,6.5,0.0,0.0,4.44,0.0,0.0
2011-11-14 04:00:00,11.9,72,7.0,0.0,0.0,4.43,0.0,0.0
2011-11-14 05:00:00,12.0,73,7.4,0.0,0.0,3.67,0.0,0.0
2011-11-14 06:00:00,12.0,75,7.7,0.0,0.0,3.61,0.0,0.0
2011-11-14 07:00:00,12.1,77,8.1,0.0,0.0,3.73,0.0,0.0
2011-11-14 08:00:00,12.7,76,8.6,0.0,0.0,3.89,49.0,0.1764
2011-11-14 09:00:00,14.2,74,9.6,0.0,0.0,3.89,171.0,0.6156
2011-11-14 10:00:00,15.9,69,10.2,0.0,0.0,4.58,298.0,1.0728
2011-11-14 11:00:00,17.7,64,10.9,0.0,0.0,4.44,431.0,1.5515999999999999
2011-11-14 12:00:00,19.0,62,11.5,0.0,0.0,4.3,483.0,1.7388
2011-11-14 13:00:00,20.2,59,12.0,0.0,0.0,4.34,509.0,1.8324
2011-11-14 14:00:00,21.4,58,12.8,0.0,0.0,4.39,444.0,1.5984
2011-11-14 15:00:00,21.5,59,13.1,0.0,0.0,4.21,329.0,1.1844
2011-11-14 16:00:00,20.7,61,12.9,0.0,0.0,4.31,174.0,0.6264
2011-11-14 17:00:00,19.4,63,12.2,0.0,0.0,4.68,36.0,0.1296
2011-11-14 18:00:00,18.7,65,11.9,0.0,0.0,5.63,0.0,0.0
2011-11-14 19:00:00,18.2,66,11.8,0.0,0.0,5.83,0.0,0.0
2011-11-14 20:00:00,18.0,68,12.0,0.0,0.0,5.77,0.0,0.0
2011-11-14 21:00:00,17.9,68,12.0,0.0,0.0,5.83,0.0,0.0
2011-11-14 22:00:00,17.7,69,11.9,0.0,0.0,5.75,0.0,0.0
2011-11-14 23:00:00,17.4,69,11.6,0.0,0.0,5.71,0.0,0.0
2011-11-15 00:00:00,17.0,70,11.5,0.0,0.0,5.61,0.0,0.0
2011-11-15 01:00:00,16.5,72,11.4,0.0,0.0,5.16,0.0,0.0
2011-11-15 02:00:00,16.9,67,10.8,0.0,0.0,4.95,0.0,0.0
2011-11-15 03:00:00,16.5,69,10.8,0.0,0.0,5.03,0.0,0.0
2011-11-15 04:00:00,16.4,70,10.9,0.0,0.0,5.03,0.0,0.0
2011-11-15 05:00:00,16.4,70,10.9,0.0,0.0,2.15,0.0,0.0
2011-11-15 06:00:00,16.4,70,11.0,0.0,0.0,2.02,0.0,0.0
2011-11-15 07:00:00,16.5,71,11.2,0.0,0.0,1.63,0.0,0.0
2011-11-15 08:00:00,17.0,71,11.7,0.0,0.0,2.01,47.0,0.1692
2011-11-15 09:00:00,18.1,70,12.4,0.0,0.0,2.11,125.0,0.45
2011-11-15 10:00:00,18.7,69,13.0,0.0,0.0,2.1,155.0,0.5579999999999999
2011-11-15 11:00:00,18.9,70,13.4,0.0,0.0,2.18,159.0,0.5724
2011-11-15 12:00:00,18.9,70,13.4,0.0,0.0,2.12,164.0,0.5904
2011-11-15 13:00:00,18.4,71,13.0,0.0,0.0,1.79,104.0,0.3744
2011-11-15 14:00:00,17.8,74,13.0,0.0,0.0,1.98,64.0,0.2304
2011-11-15 15:00:00,17.5,74,12.8,0.0,0.0,1.2,40.0,0.144
2011-11-15 16:00:00,17.3,74,12.7,0.0,0.0,0.42,20.0,0.072
2011-11-15 17:00:00,16.5,82,13.3,0.0,0.0,1.57,5.0,0.018
2011-11-15 18:00:00,16.1,81,12.7,0.0,0.0,1.75,0.0,0.0
2011-11-15 19:00:00,15.6,85,13.0,0.0,0.0,1.46,0.0,0.0
2011-11-15 20:00:00,15.3,85,12.8,0.0,0.0,1.21,0.0,0.0
2011-11-15 21:00:00,15.1,85,12.6,0.0,0.0,1.17,0.0,0.0
2011-11-15 22:00:00,14.9,85,12.3,0.0,0.0,1.26,0.0,0.0
2011-11-15 23:00:00,14.8,83,11.9,0.0,0.0,0.98,0.0,0.0
2011-11-16 00:00:00,14.6,81,11.4,0.0,0.0,1.13,0.0,0.0
2011-11-16 01:00:00,14.2,82,11.3,0.3,0.0,1.36,0.0,0.0
2011-11-16 02:00:00,14.2,92,12.9,0.0,0.0,1.68,0.0,0.0
2011-11-16 03:00:00,14.2,92,12.9,0.2,0.0,1.99,0.0,0.0
2011-11-16 04:00:00,14.1,93,12.9,0.2,0.0,2.5,0.0,0.0
2011-11-16 05:00:00,13.9,94,12.9,0.1,0.0,2.43,0.0,0.0
2011-11-16 06:00:00,13.9,95,13.0,0.0,0.0,2.1,0.0,0.0
2011-11-16 07:00:00,13.5,97,13.1,0.3,0.0,2.06,0.0,0.0
2011-11-16 08:00:00,13.8,98,13.5,0.7,0.0,2.42,19.0,0.0684
2011-11-16 09:00:00,15.0,97,14.6,0.7,0.0,2.16,71.0,0.2556
2011-11-16 10:00:00,15.9,97,15.4,0.6,0.0,2.2,101.0,0.3636
2011-11-16 11:00:00,16.8,96,16.1,1.0,0.0,1.48,132.0,0.4752
2011-11-16 12:00:00,17.1,97,16.6,2.1,0.0,1.42,88.0,0.31679999999999997
2011-11-16 13:00:00,18.0,97,17.5,0.7,0.0,2.22,142.0,0.5112
2011-11-16 14:00:00,16.3,95,15.6,0.5,0.0,2.82,72.0,0.2592
2011-11-16 15:00:00,16.5,99,16.3,0.8,0.0,2.19,26.0,0.0936
2011-11-16 16:00:00,16.4,99,16.2,1.4,0.0,3.94,12.0,0.0432
2011-11-16 17:00:00,15.1,98,14.7,0.8,0.0,3.32,3.0,0.0108
2011-11-16 18:00:00,13.8,96,13.2,0.6,0.0,3.94,0.0,0.0
2011-11-16 19:00:00,13.3,96,12.7,2.3,0.0,4.31,0.0,0.0
2011-11-16 20:00:00,13.2,95,12.4,1.4,0.0,3.67,0.0,0.0
2011-11-16 21:00:00,12.8,93,11.8,1.4,0.0,3.49,0.0,0.0
2011-11-16 22:00:00,12.1,92,10.9,1.6,0.0,4.02,0.0,0.0
2011-11-16 23:00:00,11.5,91,10.1,0.6,0.0,3.91,0.0,0.0
2011-11-17 00:00:00,11.0,90,9.5,0.1,0.0,3.41,0.0,0.0
2011-11-17 01:00:00,10.8,88,8.9,0.0,0.0,3.69,0.0,0.0
2011-11-17 02:00:00,10.5,89,8.8,0.0,0.0,4.12,0.0,0.0
2011-11-17 03:00:00,10.1,86,7.8,0.0,0.0,4.52,0.0,0.0
2011-11-17 04:00:00,9.5,79,6.1,0.0,0.0,4.52,0.0,0.0
2011-11-17 05:00:00,9.0,69,3.7,0.0,0.0,3.49,0.0,0.0
2011-11-17 06:00:00,8.7,60,1.3,0.0,0.0,3.22,0.0,0.0
2011-11-17 07:00:00,7.9,61,0.8,0.2,0.0,3.09,0.0,0.0
2011-11-17 08:00:00,7.1,65,0.9,0.3,0.0,2.32,13.0,0.0468
2011-11-17 09:00:00,7.2,61,0.1,0.0,0.0,2.61,52.0,0.1872
2011-11-17 10:00:00,7.0,61,0.1,0.0,0.0,3.13,71.0,0.2556
2011-11-17 11:00:00,7.1,62,0.2,0.1,0.0,3.61,141.0,0.5075999999999999
2011-11-17 12:00:00,6.7,66,0.8,0.2,0.0,3.96,102.0,0.36719999999999997
2011-11-17 13:00:00,6.8,63,0.2,0.0,0.0,4.1,158.0,0.5688
2011-11-17 14:00:00,7.2,59,-0.3,0.0,0.0,4.53,107.0,0.3852
2011-11-17 15:00:00,7.3,51,-2.0,0.0,0.0,4.39,98.0,0.3528
2011-11-17 16:00:00,7.3,45,-3.7,0.0,0.0,4.44,123.0,0.44279999999999997
2011-11-17 17:00:00,6.8,43,-5.0,0.0,0.0,3.54,32.0,0.1152
2011-11-17 18:00:00,6.4,41,-5.8,0.0,0.0,3.83,0.0,0.0
2011-11-17 19:00:00,5.8,42,-6.2,0.0,0.0,4.52,0.0,0.0
2011-11-17 20:00:00,5.4,43,-6.3,0.0,0.0,5.06,0.0,0.0
2011-11-17 21:00:00,4.9,44,-6.3,0.0,0.0,4.96,0.0,0.0
2011-11-17 22:00:00,4.4,45,-6.5,0.0,0.0,4.66,0.0,0.0
2011-11-17 23:00:00,4.1,43,-7.2,0.0,0.0,4.56,0.0,0.0
2011-11-18 00:00:00,3.8,40,-8.4,0.0,0.0,4.62,0.0,0.0
2011-11-18 01:00:00,3.4,38,-9.8,0.0,0.0,4.47,0.0,0.0
2011-11-18 02:00:00,2.6,38,-10.3,0.0,0.0,4.12,0.0,0.0
2011-11-18 03:00:00,2.0,39,-10.4,0.0,0.0,3.71,0.0,0.0
2011-11-18 04:00:00,1.5,41,-10.3,0.0,0.0,3.36,0.0,0.0
2011-11-18 05:00:00,1.0,43,-10.2,0.0,0.0,2.65,0.0,0.0
2011-11-18 06:00:00,0.6,45,-9.9,0.0,0.0,2.42,0.0,0.0
2011-11-18 07:00:00,-0.1,56,-7.9,0.0,0.0,2.0,0.0,0.0
2011-11-18 08:00:00,0.4,64,-5.6,0.0,0.0,2.3,67.0,0.2412
2011-11-18 09:00:00,2.8,44,-8.2,0.0,0.0,2.69,230.0,0.828
2011-11-18 10:00:00,3.8,43,-7.8,0.0,0.0,3.0,381.0,1.3716
2011-11-18 11:00:00,4.9,41,-7.2,0.0,0.0,2.73,490.0,1.764
2011-11-18 12:00:00,6.0,39,-6.8,0.0,0.0,2.4,544.0,1.9584
2011-11-18 13:00:00,6.7,38,-6.7,0.0,0.0,2.3,536.0,1.9296
2011-11-18 14:00:00,7.1,37,-6.6,0.0,0.0,2.2,470.0,1.692
2011-11-18 15:00:00,7.1,36,-6.9,0.0,0.0,1.81,349.0,1.2564
2011-11-18 16:00:00,6.8,36,-7.3,0.0,0.0,1.58,190.0,0.6839999999999999
2011-11-18 17:00:00,5.8,45,-5.2,0.0,0.0,1.5,37.0,0.13319999999999999
2011-11-18 18:00:00,4.1,56,-4.0,0.0,0.0,1.71,0.0,0.0
2011-11-18 19:00:00,2.8,62,-3.8,0.0,0.0,2.33,0.0,0.0
2011-11-18 20:00:00,1.9,65,-4.0,0.0,0.0,2.53,0.0,0.0
2011-11-18 21:00:00,1.4,68,-3.8,0.0,0.0,2.65,0.0,0.0
2011-11-18 22:00:00,1.1,71,-3.6,0.0,0.0,2.93,0.0,0.0
2011-11-18 23:00:00,0.9,73,-3.5,0.0,0.0,3.01,0.0,0.0
2011-11-19 00:00:00,0.7,74,-3.4,0.0,0.0,3.11,0.0,0.0
2011-11-19 01:00:00,0.7,74,-3.4,0.0,0.0,3.2,0.0,0.0
2011-11-19 02:00:00,0.5,71,-4.1,0.0,0.0,3.3,0.0,0.0
2011-11-19 03:00:00,0.6,71,-4.1,0.0,0.0,3.3,0.0,0.0
2011-11-19 04:00:00,0.7,70,-4.1,0.0,0.0,3.3,0.0,0.0
2011-11-19 05:00:00,0.7,70,-4.2,0.0,0.0,3.31,0.0,0.0
2011-11-19 06:00:00,0.7,69,-4.4,0.0,0.0,3.21,0.0,0.0
2011-11-19 07:00:00,0.7,69,-4.4,0.0,0.0,3.31,0.0,0.0
2011-11-19 08:00:00,1.8,66,-3.9,0.0,0.0,3.52,58.0,0.20879999999999999
2011-11-19 09:00:00,3.9,59,-3.3,0.0,0.0,3.16,194.0,0.6984
2011-11-19 10:00:00,6.0,52,-3.2,0.0,0.0,3.61,358.0,1.2888
2011-11-19 11:00:00,7.8,46,-3.0,0.0,0.0,3.83,481.0,1.7316
2011-11-19 12:00:00,9.2,42,-3.0,0.0,0.0,3.89,537.0,1.9332
2011-11-19 13:00:00,10.1,40,-3.0,0.0,0.0,3.83,530.0,1.908
2011-11-19 14:00:00,10.9,40,-2.2,0.0,0.0,3.77,447.0,1.6092
2011-11-19 15:00:00,10.9,40,-2.1,0.0,0.0,3.62,313.0,1.1268
2011-11-19 16:00:00,9.9,45,-1.5,0.0,0.0,3.1,161.0,0.5796
2011-11-19 17:00:00,8.3,49,-1.9,0.0,0.0,2.63,33.0,0.1188
2011-11-19 18:00:00,7.1,55,-1.5,0.0,0.0,2.84,0.0,0.0
2011-11-19 19:00:00,6.4,60,-0.9,0.0,0.0,3.06,0.0,0.0
2011-11-19 20:00:00,6.1,64,-0.1,0.0,0.0,3.47,0.0,0.0
2011-11-19 21:00:00,6.2,69,0.9,0.0,0.0,3.52,0.0,0.0
2011-11-19 22:00:00,6.6,73,2.2,0.0,0.0,3.7,0.0,0.0
2011-11-19 23:00:00,7.2,77,3.4,0.0,0.0,4.09,0.0,0.0
2011-11-20 00:00:00,7.8,79,4.3,0.0,0.0,4.39,0.0,0.0
2011-11-20 01:00:00,8.3,79,5.0,0.0,0.0,4.61,0.0,0.0
2011-11-20 02:00:00,9.1,75,4.8,0.0,0.0,4.65,0.0,0.0
2011-11-20 03:00:00,9.4,75,5.3,0.0,0.0,4.75,0.0,0.0
2011-11-20 04:00:00,9.7,76,5.7,0.0,0.0,4.66,0.0,0.0
2011-11-20 05:00:00,9.7,78,6.0,0.0,0.0,3.7,0.0,0.0
2011-11-20 06:00:00,9.6,79,6.2,0.0,0.0,3.58,0.0,0.0
2011-11-20 07:00:00,9.5,82,6.5,0.0,0.0,3.26,0.0,0.0
2011-11-20 08:00:00,10.1,81,7.0,0.0,0.0,3.26,34.0,0.1224
2011-11-20 09:00:00,11.6,78,7.8,0.0,0.0,3.25,156.0,0.5616
2011-11-20 10:00:00,13.3,73,8.5,0.0,0.0,3.34,241.0,0.8675999999999999
2011-11-20 11:00:00,15.3,68,9.4,0.0,0.0,3.16,350.0,1.26
2011-11-20 12:00:00,16.2,67,10.1,0.0,0.0,2.97,325.0,1.17
2011-11-20 13:00:00,16.8,66,10.5,0.0,0.0,2.94,282.0,1.0151999999999999
2011-11-20 14:00:00,18.2,65,11.6,0.0,0.0,3.0,277.0,0.9972
2011-11-20 15:00:00,18.1,67,11.9,0.0,0.0,2.72,202.0,0.7272
2011-11-20 16:00:00,17.0,73,12.1,0.0,0.0,2.27,108.0,0.3888
2011-11-20 17:00:00,15.4,80,11.9,0.0,0.0,2.22,20.0,0.072
2011-11-20 18:00:00,14.5,85,12.0,0.2,0.0,2.66,0.0,0.0
2011-11-20 19:00:00,14.1,89,12.3,0.4,0.0,2.56,0.0,0.0
2011-11-20 20:00:00,13.7,92,12.4,0.6,0.0,2.78,0.0,0.0
2011-11-20 21:00:00,13.5,93,12.4,0.6,0.0,2.33,0.0,0.0
2011-11-20 22:00:00,13.5,94,12.5,0.5,0.0,2.12,0.0,0.0
2011-11-20 23:00:00,13.4,95,12.6,0.4,0.0,1.84,0.0,0.0
2011-11-21 00:00:00,13.3,96,12.6,0.5,0.0,1.71,0.0,0.0
2011-11-21 01:00:00,13.2,96,12.5,0.9,0.0,1.61,0.0,0.0
2011-11-21 02:00:00,13.0,95,12.1,0.9,0.0,1.48,0.0,0.0
2011-11-21 03:00:00,13.1,94,12.1,0.1,0.0,1.34,0.0,0.0
2011-11-21 04:00:00,12.7,96,12.0,0.2,0.0,1.34,0.0,0.0
2011-11-21 05:00:00,12.7,96,12.1,0.6,0.0,0.64,0.0,0.0
2011-11-21 06:00:00,13.0,96,12.4,0.1,0.0,0.51,0.0,0.0
2011-11-21 07:00:00,13.1,96,12.5,0.0,0.0,1.44,0.0,0.0
2011-11-21 08:00:00,13.0,95,12.3,0.0,0.0,1.3,11.0,0.039599999999999996
2011-11-21 09:00:00,13.0,94,12.1,0.0,0.0,1.3,38.0,0.1368
2011-11-21 10:00:00,13.1,92,11.8,0.0,0.0,1.8,80.0,0.288
2011-11-21 11:00:00,13.2,87,11.1,0.0,0.0,2.64,123.0,0.44279999999999997
2011-11-21 12:00:00,13.1,84,10.5,0.0,0.0,2.48,108.0,0.3888
2011-11-21 13:00:00,12.6,86,10.3,0.0,0.0,2.55,48.0,0.1728
2011-11-21 14:00:00,13.6,91,12.2,0.0,0.0,2.33,65.0,0.23399999999999999
2011-11-21 15:00:00,13.4,91,11.9,0.0,0.0,2.28,38.0,0.1368
2011-11-21 16:00:00,13.0,91,11.5,0.2,0.0,2.25,18.0,0.0648
2011-11-21 17:00:00,12.6,91,11.2,0.0,0.0,2.37,6.0,0.0216
2011-11-21 18:00:00,12.3,91,11.0,0.0,0.0,2.66,0.0,0.0
2011-11-21 19:00:00,12.1,91,10.7,0.0,0.0,2.58,0.0,0.0
2011-11-21 20:00:00,11.9,91,10.5,0.0,0.0,2.44,0.0,0.0
2011-11-21 21:00:00,11.7,91,10.3,0.0,0.0,2.34,0.0,0.0
2011-11-21 22:00:00,11.6,92,10.3,0.0,0.0,2.47,0.0,0.0
2011-11-21 23:00:00,11.5,92,10.2,0.0,0.0,2.24,0.0,0.0
2011-11-22 00:00:00,11.4,91,10.0,0.0,0.0,2.02,0.0,0.0
2011-11-22 01:00:00,11.3,91,9.9,0.0,0.0,1.84,0.0,0.0
2011-11-22 02:00:00,10.1,97,9.6,0.0,0.0,2.18,0.0,0.0
2011-11-22 03:00:00,10.1,97,9.7,0.0,0.0,2.16,0.0,0.0
2011-11-22 04:00:00,10.1,98,9.8,0.0,0.0,2.15,0.0,0.0
2011-11-22 05:00:00,10.2,98,9.9,0.0,0.0,1.7,0.0,0.0
2011-11-22 06:00:00,10.3,98,9.9,0.0,0.0,1.84,0.0,0.0
2011-11-22 07:00:00,10.3,98,10.0,0.2,0.0,1.84,0.0,0.0
2011-11-22 08:00:00,10.4,98,10.1,0.0,0.0,2.15,5.0,0.018
2011-11-22 09:00:00,10.8,97,10.4,0.0,0.0,2.47,22.0,0.07919999999999999
2011-11-22 10:00:00,11.3,95,10.5,0.4,0.0,2.4,31.0,0.11159999999999999
2011-11-22 11:00:00,11.8,96,11.2,0.5,0.0,2.72,49.0,0.1764
2011-11-22 12:00:00,12.3,95,11.6,0.7,0.0,2.82,64.0,0.2304
2011-11-22 13:00:00,12.7,96,12.1,0.7,0.0,2.86,43.0,0.1548
2011-11-22 14:00:00,12.2,99,12.0,1.6,0.0,2.67,21.0,0.0756
2011-11-22 15:00:00,12.5,99,12.4,2.2,0.0,2.88,11.0,0.039599999999999996
2011-11-22 16:00:00,12.8,100,12.8,3.0,0.0,2.6,7.0,0.0252
2011-11-22 17:00:00,13.1,99,13.0,2.0,0.0,2.37,2.0,0.0072
2011-11-22 18:00:00,13.4,99,13.3,1.7,0.0,2.82,0.0,0.0
2011-11-22 19:00:00,13.8,99,13.7,1.1,0.0,2.72,0.0,0.0
2011-11-22 20:00:00,14.3,98,14.1,0.4,0.0,2.77,0.0,0.0
2011-11-22 21:00:00,14.8,97,14.3,0.4,0.0,3.13,0.0,0.0
2011-11-22 22:00:00,15.2,97,14.7,0.3,0.0,3.86,0.0,0.0
2011-11-22 23:00:00,15.8,96,15.2,0.8,0.0,4.81,0.0,0.0
2011-11-23 00:00:00,16.3,96,15.6,1.1,0.0,5.41,0.0,0.0
2011-11-23 01:00:00,16.6,95,15.9,0.7,0.0,6.05,0.0,0.0
2011-11-23 02:00:00,16.6,94,15.7,1.7,0.0,6.84,0.0,0.0
2011-11-23 03:00:00,16.5,94,15.6,2.0,0.0,6.17,0.0,0.0
2011-11-23 04:00:00,16.2,95,15.4,5.6,0.0,3.39,0.0,0.0
2011-11-23 05:00:00,15.8,97,15.3,8.2,0.0,2.14,0.0,0.0
2011-11-23 06:00:00,15.5,97,15.1,0.8,0.0,2.46,0.0,0.0
2011-11-23 07:00:00,15.5,97,15.1,0.0,0.0,2.44,0.0,0.0
2011-11-23 08:00:00,15.7,97,15.2,0.0,0.0,2.97,13.0,0.0468
2011-11-23 09:00:00,16.4,96,15.7,0.0,0.0,3.35,143.0,0.5148
2011-11-23 10:00:00,16.5,91,14.9,1.1,0.0,5.06,227.0,0.8171999999999999
2011-11-23 11:00:00,14.5,76,10.3,0.3,0.0,6.72,308.0,1.1088
2011-11-23 12:00:00,13.4,57,5.0,0.0,0.0,6.98,373.0,1.3428
2011-11-23 13:00:00,12.9,51,3.0,0.0,0.0,7.16,470.0,1.692
2011-11-23 14:00:00,13.3,56,4.8,0.0,0.0,7.38,371.0,1.3356
2011-11-23 15:00:00,12.0,62,5.0,0.0,0.0,7.35,189.0,0.6804
2011-11-23 16:00:00,9.9,69,4.5,0.2,0.0,7.55,22.0,0.07919999999999999
2011-11-23 17:00:00,8.9,68,3.4,0.0,0.0,5.55,3.0,0.0108
2011-11-23 18:00:00,9.0,63,2.3,0.0,0.0,6.13,0.0,0.0
2011-11-23 19:00:00,9.0,58,1.1,0.0,0.0,6.26,0.0,0.0
2011-11-23 20:00:00,8.3,57,0.4,0.0,0.0,6.17,0.0,0.0
2011-11-23 21:00:00,7.8,57,-0.1,0.0,0.0,6.04,0.0,0.0
2011-11-23 22:00:00,7.4,58,-0.3,0.0,0.0,5.73,0.0,0.0
2011-11-23 23:00:00,7.0,59,-0.4,0.0,0.0,5.24,0.0,0.0
2011-11-24 00:00:00,6.6,61,-0.4,0.0,0.0,4.8,0.0,0.0
2011-11-24 01:00:00,6.3,62,-0.4,0.0,0.0,4.41,0.0,0.0
2011-11-24 02:00:00,6.2,62,-0.5,0.0,0.0,3.86,0.0,0.0
2011-11-24 03:00:00,5.7,64,-0.5,0.0,0.0,3.22,0.0,0.0
2011-11-24 04:00:00,5.2,67,-0.4,0.0,0.0,2.92,0.0,0.0
2011-11-24 05:00:00,4.6,71,-0.2,0.0,0.0,2.58,0.0,0.0
2011-11-24 06:00:00,3.8,76,-0.0,0.0,0.0,1.92,0.0,0.0
2011-11-24 07:00:00,3.1,81,0.2,0.0,0.0,1.91,0.0,0.0
2011-11-24 08:00:00,3.7,83,1.0,0.0,0.0,2.37,50.0,0.18
2011-11-24 09:00:00,6.9,67,1.2,0.0,0.0,2.24,202.0,0.7272
2011-11-24 10:00:00,8.8,61,1.8,0.0,0.0,2.87,350.0,1.26
2011-11-24 11:00:00,10.6,57,2.4,0.0,0.0,3.45,458.0,1.6488
2011-11-24 12:00:00,12.1,54,3.0,0.0,0.0,3.67,510.0,1.8359999999999999
2011-11-24 13:00:00,13.2,51,3.4,0.0,0.0,3.76,505.0,1.818
2011-11-24 14:00:00,14.4,48,3.6,0.0,0.0,3.62,442.0,1.5912
2011-11-24 15:00:00,14.5,49,3.9,0.0,0.0,3.23,324.0,1.1663999999999999
2011-11-24 16:00:00,13.6,55,4.6,0.0,0.0,2.3,171.0,0.6156
2011-11-24 17:00:00,11.8,60,4.4,0.0,0.0,2.06,30.0,0.108
2011-11-24 18:00:00,10.3,66,4.2,0.0,0.0,2.28,0.0,0.0
2011-11-24 19:00:00,9.0,71,4.1,0.0,0.0,2.44,0.0,0.0
2011-11-24 20:00:00,7.9,76,3.9,0.0,0.0,2.6,0.0,0.0
2011-11-24 21:00:00,6.9,80,3.6,0.0,0.0,2.65,0.0,0.0
2011-11-24 22:00:00,5.9,83,3.2,0.0,0.0,2.51,0.0,0.0
2011-11-24 23:00:00,5.2,85,2.8,0.0,0.0,2.31,0.0,0.0
2011-11-25 00:00:00,4.6,86,2.5,0.0,0.0,2.16,0.0,0.0
2011-11-25 01:00:00,4.3,86,2.2,0.0,0.0,2.18,0.0,0.0
2011-11-25 02:00:00,3.7,87,1.8,0.0,0.0,2.44,0.0,0.0
2011-11-25 03:00:00,3.6,87,1.7,0.0,0.0,2.6,0.0,0.0
2011-11-25 04:00:00,3.7,86,1.6,0.0,0.0,2.72,0.0,0.0
2011-11-25 05:00:00,3.6,86,1.6,0.0,0.0,2.89,0.0,0.0
2011-11-25 06:00:00,3.2,88,1.4,0.0,0.0,2.82,0.0,0.0
2011-11-25 07:00:00,3.0,89,1.4,0.0,0.0,2.7,0.0,0.0
2011-11-25 08:00:00,4.1,87,2.2,0.0,0.0,2.0,48.0,0.1728
2011-11-25 09:00:00,7.1,79,3.7,0.0,0.0,1.61,201.0,0.7236
2011-11-25 10:00:00,10.4,66,4.3,0.0,0.0,1.2,351.0,1.2636
2011-11-25 11:00:00,12.8,57,4.5,0.0,0.0,1.33,461.0,1.6596
2011-11-25 12:00:00,14.5,53,5.0,0.0,0.0,1.58,517.0,1.8612
2011-11-25 13:00:00,15.6,50,5.3,0.0,0.0,1.75,512.0,1.8432
2011-11-25 14:00:00,17.0,47,5.7,0.0,0.0,1.84,447.0,1.6092
2011-11-25 15:00:00,16.7,50,6.3,0.0,0.0,1.88,329.0,1.1844
2011-11-25 16:00:00,15.2,59,7.1,0.0,0.0,1.62,174.0,0.6264
2011-11-25 17:00:00,13.1,66,6.8,0.0,0.0,2.4,29.0,0.10439999999999999
2011-11-25 18:00:00,11.2,73,6.5,0.0,0.0,2.53,0.0,0.0
2011-11-25 19:00:00,9.8,77,5.9,0.0,0.0,2.45,0.0,0.0
2011-11-25 20:00:00,8.7,79,5.2,0.0,0.0,2.51,0.0,0.0
2011-11-25 21:00:00,7.7,80,4.4,0.0,0.0,2.66,0.0,0.0
2011-11-25 22:00:00,6.9,81,3.8,0.0,0.0,2.69,0.0,0.0
2011-11-25 23:00:00,6.0,82,3.2,0.0,0.0,2.64,0.0,0.0
2011-11-26 00:00:00,5.2,84,2.7,0.0,0.0,2.56,0.0,0.0
2011-11-26 01:00:00,4.5,84,2.1,0.0,0.0,2.51,0.0,0.0
2011-11-26 02:00:00,4.3,83,1.6,0.0,0.0,2.46,0.0,0.0
2011-11-26 03:00:00,4.0,83,1.3,0.0,0.0,2.34,0.0,0.0
2011-11-26 04:00:00,3.8,83,1.2,0.0,0.0,2.16,0.0,0.0
2011-11-26 05:00:00,3.6,84,1.1,0.0,0.0,2.14,0.0,0.0
2011-11-26 06:00:00,3.4,85,1.1,0.0,0.0,1.92,0.0,0.0
2011-11-26 07:00:00,3.2,86,1.1,0.0,0.0,1.81,0.0,0.0
2011-11-26 08:00:00,4.0,86,1.8,0.0,0.0,1.8,37.0,0.13319999999999999
2011-11-26 09:00:00,7.2,77,3.4,0.0,0.0,1.61,146.0,0.5256
2011-11-26 10:00:00,10.4,64,3.8,0.0,0.0,1.02,279.0,1.0044
2011-11-26 11:00:00,12.6,59,4.8,0.0,0.0,0.73,370.0,1.332
2011-11-26 12:00:00,14.5,55,5.6,0.0,0.0,0.72,418.0,1.5048
2011-11-26 13:00:00,15.6,53,6.1,0.0,0.0,0.72,390.0,1.404
2011-11-26 14:00:00,17.2,46,5.6,0.0,0.0,0.45,319.0,1.1483999999999999
2011-11-26 15:00:00,16.6,53,7.0,0.0,0.0,0.82,201.0,0.7236
2011-11-26 16:00:00,15.1,61,7.6,0.0,0.0,1.56,90.0,0.324
2011-11-26 17:00:00,13.0,69,7.4,0.0,0.0,2.13,16.0,0.0576
2011-11-26 18:00:00,11.3,77,7.5,0.0,0.0,2.51,0.0,0.0
2011-11-26 19:00:00,10.2,84,7.6,0.0,0.0,2.14,0.0,0.0
2011-11-26 20:00:00,9.3,88,7.3,0.0,0.0,2.16,0.0,0.0
2011-11-26 21:00:00,8.7,89,7.0,0.0,0.0,2.1,0.0,0.0
2011-11-26 22:00:00,7.9,90,6.4,0.0,0.0,1.79,0.0,0.0
2011-11-26 23:00:00,7.4,90,5.9,0.0,0.0,2.25,0.0,0.0
2011-11-27 00:00:00,6.9,91,5.5,0.0,0.0,2.51,0.0,0.0
2011-11-27 01:00:00,6.7,91,5.3,0.0,0.0,2.72,0.0,0.0
2011-11-27 02:00:00,6.9,89,5.2,0.0,0.0,2.91,0.0,0.0
2011-11-27 03:00:00,7.2,91,5.8,0.0,0.0,2.95,0.0,0.0
2011-11-27 04:00:00,7.4,92,6.2,0.0,0.0,3.04,0.0,0.0
2011-11-27 05:00:00,7.5,94,6.6,0.0,0.0,3.28,0.0,0.0
2011-11-27 06:00:00,7.7,94,6.8,0.0,0.0,3.0,0.0,0.0
2011-11-27 07:00:00,7.7,95,6.9,0.0,0.0,3.07,0.0,0.0
2011-11-27 08:00:00,8.6,93,7.5,0.0,0.0,3.35,40.0,0.144
2011-11-27 09:00:00,10.9,87,8.8,0.0,0.0,3.42,156.0,0.5616
2011-11-27 10:00:00,13.1,80,9.6,0.0,0.0,3.2,262.0,0.9431999999999999
2011-11-27 11:00:00,14.8,74,10.2,0.0,0.0,3.45,362.0,1.3032
2011-11-27 12:00:00,16.2,70,10.8,0.0,0.0,3.67,437.0,1.5732
2011-11-27 13:00:00,17.7,64,10.8,0.0,0.0,3.83,474.0,1.7064
2011-11-27 14:00:00,19.0,61,11.3,0.0,0.0,4.01,386.0,1.3896
2011-11-27 15:00:00,18.9,62,11.5,0.0,0.0,3.6,268.0,0.9648
2011-11-27 16:00:00,17.9,65,11.2,0.0,0.0,3.3,148.0,0.5327999999999999
2011-11-27 17:00:00,16.0,70,10.6,0.0,0.0,2.64,25.0,0.09
2011-11-27 18:00:00,15.0,73,10.2,0.0,0.0,3.01,0.0,0.0
2011-11-27 19:00:00,14.5,74,10.0,0.0,0.0,3.26,0.0,0.0
2011-11-27 20:00:00,14.3,75,10.0,0.0,0.0,3.75,0.0,0.0
2011-11-27 21:00:00,14.0,77,10.1,0.0,0.0,4.14,0.0,0.0
2011-11-27 22:00:00,13.7,79,10.2,0.0,0.0,4.43,0.0,0.0
2011-11-27 23:00:00,13.6,80,10.2,0.0,0.0,4.7,0.0,0.0
2011-11-28 00:00:00,13.3,82,10.3,0.0,0.0,4.71,0.0,0.0
2011-11-28 01:00:00,12.9,84,10.3,0.0,0.0,4.5,0.0,0.0
2011-11-28 02:00:00,13.7,75,9.4,0.0,0.0,4.3,0.0,0.0
2011-11-28 03:00:00,13.4,77,9.4,0.0,0.0,4.1,0.0,0.0
2011-11-28 04:00:00,13.0,80,9.6,0.0,0.0,3.7,0.0,0.0
2011-11-28 05:00:00,12.6,84,10.0,0.0,0.0,2.2,0.0,0.0
2011-11-28 06:00:00,12.2,89,10.4,0.0,0.0,2.3,0.0,0.0
2011-11-28 07:00:00,11.9,92,10.6,0.0,0.0,2.4,0.0,0.0
2011-11-28 08:00:00,12.3,91,10.9,0.0,0.0,1.58,31.0,0.11159999999999999
2011-11-28 09:00:00,14.3,85,11.9,0.0,0.0,1.64,136.0,0.4896
2011-11-28 10:00:00,16.5,76,12.4,0.0,0.0,1.61,280.0,1.008
2011-11-28 11:00:00,17.8,72,12.7,0.0,0.0,1.75,364.0,1.3104
2011-11-28 12:00:00,18.8,68,12.8,0.0,0.0,2.0,401.0,1.4436
2011-11-28 13:00:00,19.2,65,12.6,0.0,0.0,2.41,384.0,1.3824
2011-11-28 14:00:00,20.0,68,14.0,0.0,0.0,2.76,280.0,1.008
2011-11-28 15:00:00,19.6,71,14.3,0.0,0.0,2.28,177.0,0.6372
2011-11-28 16:00:00,18.8,75,14.2,0.0,0.0,2.2,85.0,0.306
2011-11-28 17:00:00,17.6,80,14.1,0.0,0.0,2.69,13.0,0.0468
2011-11-28 18:00:00,16.7,85,14.1,0.0,0.0,3.04,0.0,0.0
2011-11-28 19:00:00,16.3,88,14.3,0.0,0.0,3.34,0.0,0.0
2011-11-28 20:00:00,15.8,91,14.4,0.0,0.0,3.41,0.0,0.0
2011-11-28 21:00:00,15.5,92,14.2,0.0,0.0,3.48,0.0,0.0
2011-11-28 22:00:00,15.6,90,14.0,0.0,0.0,3.61,0.0,0.0
2011-11-28 23:00:00,15.4,89,13.6,0.0,0.0,3.82,0.0,0.0
2011-11-29 00:00:00,15.1,90,13.4,0.0,0.0,3.89,0.0,0.0
2011-11-29 01:00:00,14.6,91,13.2,0.0,0.0,3.98,0.0,0.0
2011-11-29 02:00:00,15.2,88,13.3,0.0,0.0,4.16,0.0,0.0
2011-11-29 03:00:00,15.6,87,13.4,0.0,0.0,4.33,0.0,0.0
2011-11-29 04:00:00,15.9,86,13.5,0.0,0.0,4.55,0.0,0.0
2011-11-29 05:00:00,16.1,85,13.6,0.0,0.0,4.97,0.0,0.0
2011-11-29 06:00:00,16.1,84,13.4,0.0,0.0,5.03,0.0,0.0
2011-11-29 07:00:00,16.1,83,13.2,0.0,0.0,5.06,0.0,0.0
2011-11-29 08:00:00,16.4,84,13.7,0.0,0.0,5.44,30.0,0.108
2011-11-29 09:00:00,17.5,82,14.4,0.0,0.0,6.01,109.0,0.39239999999999997
2011-11-29 10:00:00,17.7,84,14.9,0.7,0.0,5.37,107.0,0.3852
2011-11-29 11:00:00,16.2,94,15.2,1.9,0.0,4.93,20.0,0.072
2011-11-29 12:00:00,14.6,95,13.8,2.0,0.0,4.13,41.0,0.1476
2011-11-29 13:00:00,12.1,91,10.7,2.8,0.0,4.05,24.0,0.0864
2011-11-29 14:00:00,10.9,90,9.4,1.9,0.0,3.91,27.0,0.0972
2011-11-29 15:00:00,10.2,90,8.6,1.2,0.0,3.91,26.0,0.0936
2011-11-29 16:00:00,9.7,90,8.1,0.6,0.0,3.83,48.0,0.1728
2011-11-29 17:00:00,9.2,90,7.6,0.2,0.0,3.51,4.0,0.0144
2011-11-29 18:00:00,9.0,90,7.5,0.0,0.0,3.45,0.0,0.0
2011-11-29 19:00:00,8.7,92,7.4,0.0,0.0,3.06,0.0,0.0
2011-11-29 20:00:00,8.3,93,7.3,0.0,0.0,3.71,0.0,0.0
2011-11-29 21:00:00,8.3,94,7.4,0.0,0.0,4.06,0.0,0.0
2011-11-29 22:00:00,8.7,89,7.0,0.0,0.0,4.4,0.0,0.0
2011-11-29 23:00:00,8.3,84,5.7,0.3,0.0,4.49,0.0,0.0
2011-11-30 00:00:00,8.0,78,4.4,0.0,0.0,4.7,0.0,0.0
2011-11-30 01:00:00,7.6,75,3.4,0.0,0.0,4.41,0.0,0.0
2011-11-30 02:00:00,6.9,69,1.7,0.0,0.0,3.75,0.0,0.0
2011-11-30 03:00:00,6.5,72,1.8,0.0,0.0,3.18,0.0,0.0
2011-11-30 04:00:00,6.0,75,1.9,0.0,0.0,2.97,0.0,0.0
2011-11-30 05:00:00,5.8,77,2.1,0.0,0.0,2.58,0.0,0.0
2011-11-30 06:00:00,5.4,79,2.0,0.0,0.0,2.61,0.0,0.0
2011-11-30 07:00:00,5.1,80,1.9,0.0,0.0,2.42,0.0,0.0
2011-11-30 08:00:00,5.2,80,2.0,0.0,0.0,2.94,37.0,0.13319999999999999
2011-11-30 09:00:00,6.6,70,1.6,0.0,0.0,3.75,180.0,0.648
2011-11-30 10:00:00,7.9,61,0.9,0.0,0.0,4.16,328.0,1.1808
2011-11-30 11:00:00,8.8,52,-0.5,0.0,0.0,5.0,363.0,1.3068
2011-11-30 12:00:00,9.2,49,-1.1,0.0,0.0,5.33,308.0,1.1088
2011-11-30 13:00:00,9.2,47,-1.5,0.0,0.0,5.61,231.0,0.8316
2011-11-30 14:00:00,9.0,46,-2.0,0.0,0.0,5.32,157.0,0.5652
2011-11-30 15:00:00,8.9,46,-2.3,0.0,0.0,5.24,118.0,0.4248
2011-11-30 16:00:00,8.5,46,-2.3,0.0,0.0,4.78,57.0,0.2052
2011-11-30 17:00:00,8.1,47,-2.5,0.0,0.0,4.0,12.0,0.0432
2011-11-30 18:00:00,7.5,49,-2.5,0.0,0.0,3.7,0.0,0.0
2011-11-30 19:00:00,7.0,50,-2.6,0.0,0.0,4.03,0.0,0.0
2011-11-30 20:00:00,6.0,53,-2.7,0.0,0.0,3.89,0.0,0.0
2011-11-30 21:00:00,5.5,55,-2.8,0.0,0.0,4.24,0.0,0.0
2011-11-30 22:00:00,5.1,56,-2.9,0.0,0.0,4.6,0.0,0.0
2011-11-30 23:00:00,4.7,57,-3.1,0.0,0.0,4.88,0.0,0.0
2011-12-01 00:00:00,4.3,57,-3.4,0.0,0.0,4.81,0.0,0.0
2011-12-01 01:00:00,3.9,58,-3.7,0.0,0.0,4.61,0.0,0.0
2011-12-01 02:00:00,3.4,59,-3.8,0.0,0.0,4.48,0.0,0.0
2011-12-01 03:00:00,3.1,60,-3.9,0.0,0.0,4.5,0.0,0.0
2011-12-01 04:00:00,2.8,62,-3.8,0.0,0.0,4.22,0.0,0.0
2011-12-01 05:00:00,2.5,63,-3.8,0.0,0.0,3.86,0.0,0.0
2011-12-01 06:00:00,2.3,65,-3.7,0.0,0.0,3.83,0.0,0.0
2011-12-01 07:00:00,2.1,67,-3.4,0.0,0.0,3.69,0.0,0.0
2011-12-01 08:00:00,2.3,69,-2.8,0.0,0.0,3.36,36.0,0.1296
2011-12-01 09:00:00,3.7,64,-2.4,0.0,0.0,3.36,181.0,0.6516
2011-12-01 10:00:00,5.4,59,-2.0,0.0,0.0,3.41,328.0,1.1808
2011-12-01 11:00:00,7.0,54,-1.7,0.0,0.0,3.36,437.0,1.5732
2011-12-01 12:00:00,8.3,51,-1.3,0.0,0.0,3.54,492.0,1.7711999999999999
2011-12-01 13:00:00,9.3,49,-1.0,0.0,0.0,3.47,488.0,1.7568
2011-12-01 14:00:00,9.9,49,-0.4,0.0,0.0,3.19,423.0,1.5228
2011-12-01 15:00:00,9.9,48,-0.5,0.0,0.0,3.14,309.0,1.1124
2011-12-01 16:00:00,9.2,52,-0.2,0.0,0.0,2.42,161.0,0.5796
2011-12-01 17:00:00,7.7,57,-0.4,0.0,0.0,1.8,26.0,0.0936
2011-12-01 18:00:00,6.3,62,-0.4,0.0,0.0,1.92,0.0,0.0
2011-12-01 19:00:00,5.0,69,-0.2,0.0,0.0,1.86,0.0,0.0
2011-12-01 20:00:00,3.7,76,-0.2,0.0,0.0,2.14,0.0,0.0
2011-12-01 21:00:00,3.1,77,-0.5,0.0,0.0,2.14,0.0,0.0
2011-12-01 22:00:00,2.9,78,-0.6,0.0,0.0,1.86,0.0,0.0
2011-12-01 23:00:00,3.5,75,-0.5,0.0,0.0,1.34,0.0,0.0
2011-12-02 00:00:00,4.0,75,-0.0,0.0,0.0,0.82,0.0,0.0
2011-12-02 01:00:00,3.6,79,0.3,0.0,0.0,0.67,0.0,0.0
2011-12-02 02:00:00,3.4,84,1.0,0.0,0.0,1.0,0.0,0.0
2011-12-02 03:00:00,3.2,86,1.0,0.0,0.0,1.44,0.0,0.0
2011-12-02 04:00:00,3.1,86,1.0,0.0,0.0,1.64,0.0,0.0
2011-12-02 05:00:00,2.6,87,0.6,0.0,0.0,1.27,0.0,0.0
2011-12-02 06:00:00,1.4,88,-0.3,0.0,0.0,1.75,0.0,0.0
2011-12-02 07:00:00,0.9,89,-0.7,0.0,0.0,1.96,0.0,0.0
2011-12-02 08:00:00,0.7,90,-0.7,0.0,0.0,2.06,35.0,0.126
2011-12-02 09:00:00,4.3,83,1.7,0.0,0.0,1.46,180.0,0.648
2011-12-02 10:00:00,6.9,68,1.4,0.0,0.0,1.06,329.0,1.1844
2011-12-02 11:00:00,8.5,61,1.3,0.0,0.0,1.03,438.0,1.5768
2011-12-02 12:00:00,9.9,55,1.4,0.0,0.0,1.12,492.0,1.7711999999999999
2011-12-02 13:00:00,10.8,52,1.3,0.0,0.0,1.14,487.0,1.7531999999999999
2011-12-02 14:00:00,11.6,51,1.9,0.0,0.0,1.41,419.0,1.5084
2011-12-02 15:00:00,11.6,52,2.0,0.0,0.0,1.77,307.0,1.1052
2011-12-02 16:00:00,10.5,59,2.8,0.0,0.0,1.75,159.0,0.5724
2011-12-02 17:00:00,8.7,65,2.5,0.0,0.0,2.33,25.0,0.09
2011-12-02 18:00:00,7.2,69,1.9,0.0,0.0,2.6,0.0,0.0
2011-12-02 19:00:00,6.1,69,0.8,0.0,0.0,3.26,0.0,0.0
2011-12-02 20:00:00,5.2,68,-0.2,0.0,0.0,3.81,0.0,0.0
2011-12-02 21:00:00,4.4,70,-0.6,0.0,0.0,3.57,0.0,0.0
2011-12-02 22:00:00,3.6,73,-0.7,0.0,0.0,3.04,0.0,0.0
2011-12-02 23:00:00,2.8,78,-0.7,0.0,0.0,2.63,0.0,0.0
2011-12-03 00:00:00,1.9,83,-0.7,0.0,0.0,2.45,0.0,0.0
2011-12-03 01:00:00,1.2,86,-0.9,0.0,0.0,2.38,0.0,0.0
2011-12-03 02:00:00,0.7,85,-1.5,0.0,0.0,2.22,0.0,0.0
2011-12-03 03:00:00,0.0,87,-1.8,0.0,0.0,2.0,0.0,0.0
2011-12-03 04:00:00,-0.5,89,-2.2,0.0,0.0,2.0,0.0,0.0
2011-12-03 05:00:00,-0.9,90,-2.4,0.0,0.0,1.9,0.0,0.0
2011-12-03 06:00:00,-1.2,91,-2.6,0.0,0.0,1.92,0.0,0.0
2011-12-03 07:00:00,-1.5,92,-2.6,0.0,0.0,1.9,0.0,0.0
2011-12-03 08:00:00,-0.8,92,-1.9,0.0,0.0,2.2,33.0,0.1188
2011-12-03 09:00:00,2.9,82,0.0,0.0,0.0,1.84,175.0,0.63
2011-12-03 10:00:00,5.0,71,0.2,0.0,0.0,1.88,323.0,1.1628
2011-12-03 11:00:00,6.5,64,0.2,0.0,0.0,1.8,434.0,1.5624
2011-12-03 12:00:00,7.7,59,0.2,0.0,0.0,1.43,493.0,1.7748
2011-12-03 13:00:00,8.4,56,0.2,0.0,0.0,1.12,477.0,1.7172
2011-12-03 14:00:00,8.7,53,-0.4,0.0,0.0,1.58,424.0,1.5264
2011-12-03 15:00:00,8.6,53,-0.5,0.0,0.0,1.92,304.0,1.0944
2011-12-03 16:00:00,7.8,57,-0.1,0.0,0.0,1.8,155.0,0.5579999999999999
2011-12-03 17:00:00,6.6,64,0.2,0.0,0.0,1.84,25.0,0.09
2011-12-03 18:00:00,5.3,71,0.4,0.0,0.0,1.94,0.0,0.0
2011-12-03 19:00:00,4.5,77,0.8,0.0,0.0,1.94,0.0,0.0
2011-12-03 20:00:00,3.7,82,0.9,0.0,0.0,2.36,0.0,0.0
2011-12-03 21:00:00,3.4,85,1.1,0.0,0.0,2.33,0.0,0.0
2011-12-03 22:00:00,3.2,87,1.3,0.0,0.0,2.28,0.0,0.0
2011-12-03 23:00:00,3.1,89,1.5,0.0,0.0,2.25,0.0,0.0
2011-12-04 00:00:00,2.7,91,1.4,0.0,0.0,2.42,0.0,0.0
2011-12-04 01:00:00,2.3,93,1.3,0.0,0.0,2.42,0.0,0.0
2011-12-04 02:00:00,1.9,95,1.2,0.0,0.0,2.25,0.0,0.0
2011-12-04 03:00:00,1.8,96,1.2,0.0,0.0,2.12,0.0,0.0
2011-12-04 04:00:00,1.7,96,1.1,0.0,0.0,2.21,0.0,0.0
2011-12-04 05:00:00,1.5,97,1.1,0.0,0.0,2.3,0.0,0.0
2011-12-04 06:00:00,1.4,98,1.1,0.0,0.0,2.31,0.0,0.0
2011-12-04 07:00:00,1.4,98,1.1,0.0,0.0,2.1,0.0,0.0
2011-12-04 08:00:00,1.9,99,1.7,0.0,0.0,1.6,29.0,0.10439999999999999
2011-12-04 09:00:00,5.7,93,4.7,0.0,0.0,1.61,164.0,0.5904
2011-12-04 10:00:00,8.6,82,5.7,0.0,0.0,1.9,309.0,1.1124
2011-12-04 11:00:00,10.5,74,6.1,0.0,0.0,2.42,419.0,1.5084
2011-12-04 12:00:00,11.8,69,6.2,0.0,0.0,2.81,458.0,1.6488
2011-12-04 13:00:00,12.5,64,5.9,0.0,0.0,2.91,432.0,1.5552
2011-12-04 14:00:00,12.4,63,5.5,0.0,0.0,3.01,387.0,1.3932
2011-12-04 15:00:00,12.4,63,5.5,0.0,0.0,3.1,297.0,1.0692
2011-12-04 16:00:00,11.4,69,5.9,0.0,0.0,2.55,154.0,0.5544
2011-12-04 17:00:00,9.5,79,6.0,0.0,0.0,2.14,23.0,0.0828
2011-12-04 18:00:00,8.4,86,6.1,0.0,0.0,2.42,0.0,0.0
2011-12-04 19:00:00,7.7,90,6.2,0.0,0.0,2.47,0.0,0.0
2011-12-04 20:00:00,7.1,93,6.0,0.0,0.0,2.4,0.0,0.0
2011-12-04 21:00:00,6.5,94,5.7,0.0,0.0,2.69,0.0,0.0
2011-12-04 22:00:00,6.1,96,5.5,0.0,0.0,2.63,0.0,0.0
2011-12-04 23:00:00,5.9,96,5.4,0.0,0.0,2.7,0.0,0.0
2011-12-05 00:00:00,5.7,97,5.2,0.0,0.0,2.75,0.0,0.0
2011-12-05 01:00:00,5.3,97,4.9,0.0,0.0,2.57,0.0,0.0
2011-12-05 02:00:00,5.8,96,5.1,0.0,0.0,2.62,0.0,0.0
2011-12-05 03:00:00,5.7,96,5.1,0.0,0.0,2.46,0.0,0.0
2011-12-05 04:00:00,5.6,96,5.0,0.0,0.0,2.15,0.0,0.0
2011-12-05 05:00:00,5.6,96,5.0,0.0,0.0,1.89,0.0,0.0
2011-12-05 06:00:00,5.6,96,5.1,0.0,0.0,1.88,0.0,0.0
2011-12-05 07:00:00,5.3,96,4.7,0.0,0.0,2.11,0.0,0.0
2011-12-05 08:00:00,5.6,96,5.1,0.0,0.0,1.42,21.0,0.0756
2011-12-05 09:00:00,8.8,90,7.2,0.0,0.0,1.55,136.0,0.4896
2011-12-05 10:00:00,11.1,83,8.4,0.0,0.0,1.75,219.0,0.7884
2011-12-05 11:00:00,13.2,77,9.2,0.0,0.0,2.01,302.0,1.0872
2011-12-05 12:00:00,15.0,71,9.8,0.0,0.0,2.2,397.0,1.4292
2011-12-05 13:00:00,16.0,68,10.2,0.0,0.0,2.5,352.0,1.2671999999999999
2011-12-05 14:00:00,15.8,71,10.7,0.0,0.0,2.57,217.0,0.7812
2011-12-05 15:00:00,15.3,75,10.9,0.0,0.0,2.82,159.0,0.5724
2011-12-05 16:00:00,14.0,82,10.9,0.2,0.0,2.91,80.0,0.288
2011-12-05 17:00:00,13.1,87,10.9,0.0,0.0,1.97,11.0,0.039599999999999996
2011-12-05 18:00:00,12.4,91,10.9,0.0,0.0,2.33,0.0,0.0
2011-12-05 19:00:00,12.1,94,11.1,0.0,0.0,2.92,0.0,0.0
2011-12-05 20:00:00,12.1,95,11.4,0.0,0.0,3.47,0.0,0.0
2011-12-05 21:00:00,12.2,96,11.7,0.0,0.0,3.49,0.0,0.0
2011-12-05 22:00:00,12.2,97,11.8,0.0,0.0,3.67,0.0,0.0
2011-12-05 23:00:00,12.2,97,11.8,0.0,0.0,4.14,0.0,0.0
2011-12-06 00:00:00,12.5,97,12.1,0.0,0.0,4.2,0.0,0.0
2011-12-06 01:00:00,12.9,97,12.5,0.2,0.0,4.04,0.0,0.0
2011-12-06 02:00:00,13.5,96,12.8,0.1,0.0,4.16,0.0,0.0
2011-12-06 03:00:00,13.9,96,13.2,0.0,0.0,4.47,0.0,0.0
2011-12-06 04:00:00,14.1,96,13.5,0.0,0.0,4.59,0.0,0.0
2011-12-06 05:00:00,14.2,96,13.7,0.0,0.0,3.45,0.0,0.0
2011-12-06 06:00:00,14.3,97,13.8,0.0,0.0,3.05,0.0,0.0
2011-12-06 07:00:00,14.3,97,13.9,0.0,0.0,2.56,0.0,0.0
2011-12-06 08:00:00,14.4,97,14.0,0.0,0.0,2.4,9.0,0.0324
2011-12-06 09:00:00,14.7,97,14.3,0.0,0.0,2.82,26.0,0.0936
2011-12-06 10:00:00,15.2,97,14.7,0.3,0.0,3.16,71.0,0.2556
2011-12-06 11:00:00,15.6,97,15.1,0.7,0.0,3.92,83.0,0.2988
2011-12-06 12:00:00,15.8,98,15.5,1.6,0.0,3.98,91.0,0.3276
2011-12-06 13:00:00,16.0,98,15.7,1.5,0.0,3.53,84.0,0.3024
2011-12-06 14:00:00,16.3,97,15.8,1.5,0.0,3.86,63.0,0.2268
2011-12-06 15:00:00,16.1,97,15.6,1.5,0.0,3.73,36.0,0.1296
2011-12-06 16:00:00,16.0,97,15.5,1.8,0.0,3.48,17.0,0.0612
2011-12-06 17:00:00,15.9,97,15.5,0.5,0.0,3.94,4.0,0.0144
2011-12-06 18:00:00,15.8,98,15.5,0.6,0.0,3.76,0.0,0.0
2011-12-06 19:00:00,15.9,97,15.5,0.5,0.0,3.58,0.0,0.0
2011-12-06 20:00:00,16.1,97,15.6,0.3,0.0,3.76,0.0,0.0
2011-12-06 21:00:00,16.2,97,15.6,0.2,0.0,3.54,0.0,0.0
2011-12-06 22:00:00,16.2,97,15.7,0.0,0.0,3.35,0.0,0.0
2011-12-06 23:00:00,16.2,97,15.6,0.0,0.0,3.32,0.0,0.0
2011-12-07 00:00:00,16.1,97,15.6,0.0,0.0,3.35,0.0,0.0
2011-12-07 01:00:00,16.0,97,15.5,0.0,0.0,2.86,0.0,0.0
2011-12-07 02:00:00,15.9,97,15.5,0.7,0.0,2.52,0.0,0.0
2011-12-07 03:00:00,15.9,97,15.5,0.9,0.0,2.3,0.0,0.0
2011-12-07 04:00:00,15.9,98,15.6,0.8,0.0,2.3,0.0,0.0
2011-12-07 05:00:00,15.7,97,15.3,2.1,0.0,2.15,0.0,0.0
2011-12-07 06:00:00,15.0,99,14.8,3.8,0.0,1.7,0.0,0.0
2011-12-07 07:00:00,14.1,97,13.6,2.9,0.0,2.5,0.0,0.0
2011-12-07 08:00:00,13.3,97,12.8,3.0,0.0,2.86,3.0,0.0108
2011-12-07 09:00:00,12.5,96,11.9,6.2,0.0,2.19,10.0,0.036
2011-12-07 10:00:00,11.8,95,11.1,1.3,0.0,2.91,31.0,0.11159999999999999
2011-12-07 11:00:00,11.8,93,10.7,0.2,0.0,3.14,62.0,0.22319999999999998
2011-12-07 12:00:00,11.6,95,10.9,0.9,0.0,3.71,42.0,0.1512
2011-12-07 13:00:00,11.4,95,10.6,1.1,0.0,5.3,44.0,0.15839999999999999
2011-12-07 14:00:00,12.1,95,11.4,2.1,0.0,5.41,17.0,0.0612
2011-12-07 15:00:00,11.3,94,10.4,1.9,0.0,4.31,14.0,0.0504
2011-12-07 16:00:00,10.8,93,9.8,0.9,0.0,3.73,10.0,0.036
2011-12-07 17:00:00,10.3,94,9.3,1.5,0.0,3.86,2.0,0.0072
2011-12-07 18:00:00,9.8,95,9.0,3.2,0.0,5.52,0.0,0.0
2011-12-07 19:00:00,9.2,96,8.6,4.6,0.0,6.66,0.0,0.0
2011-12-07 20:00:00,7.9,97,7.5,7.3,0.0,7.39,0.0,0.0
2011-12-07 21:00:00,4.2,98,3.9,5.3,0.0,6.11,0.0,0.0
2011-12-07 22:00:00,3.1,99,2.9,3.7,0.21,5.52,0.0,0.0
2011-12-07 23:00:00,2.6,99,2.5,1.4,0.42,5.85,0.0,0.0
2011-12-08 00:00:00,2.6,97,2.1,0.9,0.14,6.42,0.0,0.0
2011-12-08 01:00:00,2.6,90,1.1,0.2,0.0,6.88,0.0,0.0
2011-12-08 02:00:00,2.6,82,-0.2,0.0,0.0,6.74,0.0,0.0
2011-12-08 03:00:00,2.3,73,-2.0,0.0,0.0,5.94,0.0,0.0
2011-12-08 04:00:00,2.2,65,-3.7,0.0,0.0,5.64,0.0,0.0
2011-12-08 05:00:00,1.9,61,-4.9,0.0,0.0,4.61,0.0,0.0
2011-12-08 06:00:00,1.8,58,-5.6,0.0,0.0,4.02,0.0,0.0
2011-12-08 07:00:00,1.6,57,-6.0,0.0,0.0,4.03,0.0,0.0
2011-12-08 08:00:00,1.6,58,-5.7,0.0,0.0,3.81,26.0,0.0936
2011-12-08 09:00:00,2.6,56,-5.4,0.0,0.0,3.48,164.0,0.5904
2011-12-08 10:00:00,3.6,52,-5.3,0.0,0.0,3.81,312.0,1.1232
2011-12-08 11:00:00,4.7,50,-5.0,0.0,0.0,3.68,424.0,1.5264
2011-12-08 12:00:00,5.7,47,-4.8,0.0,0.0,4.02,482.0,1.7351999999999999
2011-12-08 13:00:00,6.5,45,-4.6,0.0,0.0,3.98,480.0,1.728
2011-12-08 14:00:00,6.8,46,-4.1,0.0,0.0,3.37,419.0,1.5084
2011-12-08 15:00:00,6.9,45,-4.2,0.0,0.0,2.92,308.0,1.1088
2011-12-08 16:00:00,6.6,45,-4.6,0.0,0.0,2.4,160.0,0.576
2011-12-08 17:00:00,5.5,54,-3.0,0.0,0.0,1.71,25.0,0.09
2011-12-08 18:00:00,5.3,53,-3.4,0.0,0.0,0.95,0.0,0.0
2011-12-08 19:00:00,5.2,54,-3.3,0.0,0.0,0.78,0.0,0.0
2011-12-08 20:00:00,3.6,67,-2.1,0.0,0.0,0.85,0.0,0.0
2011-12-08 21:00:00,2.5,75,-1.4,0.0,0.0,1.53,0.0,0.0
2011-12-08 22:00:00,1.7,81,-1.1,0.0,0.0,1.64,0.0,0.0
2011-12-08 23:00:00,1.2,84,-1.1,0.0,0.0,1.49,0.0,0.0
2011-12-09 00:00:00,0.9,85,-1.4,0.0,0.0,1.56,0.0,0.0
2011-12-09 01:00:00,0.8,85,-1.5,0.0,0.0,1.91,0.0,0.0
2011-12-09 02:00:00,0.3,87,-1.6,0.0,0.0,1.72,0.0,0.0
2011-12-09 03:00:00,0.2,89,-1.4,0.0,0.0,2.01,0.0,0.0
2011-12-09 04:00:00,0.2,91,-1.1,0.0,0.0,2.47,0.0,0.0
2011-12-09 05:00:00,0.2,92,-0.9,0.0,0.0,2.4,0.0,0.0
2011-12-09 06:00:00,0.1,93,-0.8,0.0,0.0,2.6,0.0,0.0
2011-12-09 07:00:00,0.0,94,-0.8,0.0,0.0,2.32,0.0,0.0
2011-12-09 08:00:00,0.4,95,-0.3,0.0,0.0,2.43,23.0,0.0828
2011-12-09 09:00:00,3.6,87,1.6,0.0,0.0,2.32,152.0,0.5472
2011-12-09 10:00:00,6.0,73,1.6,0.0,0.0,2.55,301.0,1.0836
2011-12-09 11:00:00,7.7,63,1.1,0.0,0.0,2.89,410.0,1.476
2011-12-09 12:00:00,9.1,54,0.3,0.0,0.0,3.07,473.0,1.7027999999999999
2011-12-09 13:00:00,10.0,51,0.2,0.0,0.0,3.01,477.0,1.7172
2011-12-09 14:00:00,10.0,50,0.1,0.0,0.0,2.91,384.0,1.3824
2011-12-09 15:00:00,9.8,52,0.3,0.0,0.0,2.67,257.0,0.9252
2011-12-09 16:00:00,9.0,57,1.0,0.0,0.0,1.6,126.0,0.4536
2011-12-09 17:00:00,7.7,64,1.3,0.0,0.0,1.97,24.0,0.0864
2011-12-09 18:00:00,6.3,73,1.8,0.0,0.0,2.24,0.0,0.0
2011-12-09 19:00:00,4.8,81,1.9,0.0,0.0,2.1,0.0,0.0
2011-12-09 20:00:00,3.8,85,1.4,0.0,0.0,2.12,0.0,0.0
2011-12-09 21:00:00,3.4,86,1.3,0.0,0.0,2.09,0.0,0.0
2011-12-09 22:00:00,2.8,88,1.0,0.0,0.0,1.88,0.0,0.0
2011-12-09 23:00:00,2.4,88,0.6,0.0,0.0,2.0,0.0,0.0
2011-12-10 00:00:00,2.4,84,0.0,0.0,0.0,2.41,0.0,0.0
2011-12-10 01:00:00,2.7,77,-1.0,0.0,0.0,3.25,0.0,0.0
2011-12-10 02:00:00,3.1,73,-1.3,0.0,0.0,3.62,0.0,0.0
2011-12-10 03:00:00,3.0,66,-2.7,0.0,0.0,3.5,0.0,0.0
2011-12-10 04:00:00,2.9,63,-3.6,0.0,0.0,3.42,0.0,0.0
2011-12-10 05:00:00,2.6,62,-3.9,0.0,0.0,2.69,0.0,0.0
2011-12-10 06:00:00,2.1,65,-3.9,0.0,0.0,2.56,0.0,0.0
2011-12-10 07:00:00,1.5,69,-3.6,0.0,0.0,2.55,0.0,0.0
2011-12-10 08:00:00,1.6,72,-2.8,0.0,0.0,2.78,22.0,0.07919999999999999
2011-12-10 09:00:00,3.1,70,-1.8,0.0,0.0,2.76,146.0,0.5256
2011-12-10 10:00:00,4.6,63,-1.9,0.0,0.0,3.3,295.0,1.062
2011-12-10 11:00:00,5.5,55,-2.9,0.0,0.0,4.49,407.0,1.4652
2011-12-10 12:00:00,6.1,50,-3.5,0.0,0.0,4.34,469.0,1.6884
2011-12-10 13:00:00,6.4,47,-4.1,0.0,0.0,4.03,472.0,1.6992
2011-12-10 14:00:00,7.0,43,-4.6,0.0,0.0,4.03,420.0,1.512
2011-12-10 15:00:00,6.6,42,-5.4,0.0,0.0,4.1,312.0,1.1232
2011-12-10 16:00:00,5.8,42,-6.1,0.0,0.0,3.54,163.0,0.5868
2011-12-10 17:00:00,4.4,45,-6.6,0.0,0.0,2.28,26.0,0.0936
2011-12-10 18:00:00,3.2,48,-6.7,0.0,0.0,2.33,0.0,0.0
2011-12-10 19:00:00,2.0,52,-6.8,0.0,0.0,2.33,0.0,0.0
2011-12-10 20:00:00,0.7,57,-6.7,0.0,0.0,2.28,0.0,0.0
2011-12-10 21:00:00,-0.5,63,-6.7,0.0,0.0,2.25,0.0,0.0
2011-12-10 22:00:00,-1.4,66,-6.9,0.0,0.0,1.99,0.0,0.0
2011-12-10 23:00:00,-2.1,68,-7.2,0.0,0.0,1.87,0.0,0.0
2011-12-11 00:00:00,-2.6,69,-7.5,0.0,0.0,1.71,0.0,0.0
2011-12-11 01:00:00,-2.9,69,-7.8,0.0,0.0,1.62,0.0,0.0
2011-12-11 02:00:00,-2.3,66,-7.7,0.0,0.0,1.62,0.0,0.0
2011-12-11 03:00:00,-2.2,66,-7.8,0.0,0.0,1.52,0.0,0.0
2011-12-11 04:00:00,-2.1,65,-7.8,0.0,0.0,1.57,0.0,0.0
2011-12-11 05:00:00,-2.2,66,-7.7,0.0,0.0,1.32,0.0,0.0
2011-12-11 06:00:00,-2.3,67,-7.7,0.0,0.0,1.5,0.0,0.0
2011-12-11 07:00:00,-2.5,68,-7.6,0.0,0.0,1.4,0.0,0.0
2011-12-11 08:00:00,-1.8,66,-7.3,0.0,0.0,1.58,23.0,0.0828
2011-12-11 09:00:00,0.4,62,-6.1,0.0,0.0,1.2,156.0,0.5616
2011-12-11 10:00:00,2.2,49,-7.5,0.0,0.0,1.12,305.0,1.0979999999999999
2011-12-11 11:00:00,3.2,46,-7.5,0.0,0.0,0.58,418.0,1.5048
2011-12-11 12:00:00,4.0,44,-7.2,0.0,0.0,0.1,478.0,1.7207999999999999
2011-12-11 13:00:00,4.7,42,-7.2,0.0,0.0,0.14,479.0,1.7244
2011-12-11 14:00:00,4.8,41,-7.3,0.0,0.0,0.36,420.0,1.512
2011-12-11 15:00:00,4.7,41,-7.4,0.0,0.0,0.67,310.0,1.1159999999999999
2011-12-11 16:00:00,4.2,43,-7.3,0.0,0.0,1.22,162.0,0.5831999999999999
2011-12-11 17:00:00,3.1,52,-5.9,0.0,0.0,1.66,25.0,0.09
2011-12-11 18:00:00,1.6,62,-4.8,0.0,0.0,1.84,0.0,0.0
2011-12-11 19:00:00,0.3,73,-3.9,0.0,0.0,2.0,0.0,0.0
2011-12-11 20:00:00,-0.3,76,-4.0,0.0,0.0,2.22,0.0,0.0
2011-12-11 21:00:00,0.1,74,-4.0,0.0,0.0,2.2,0.0,0.0
2011-12-11 22:00:00,1.2,71,-3.6,0.0,0.0,2.16,0.0,0.0
2011-12-11 23:00:00,1.6,71,-3.0,0.0,0.0,1.94,0.0,0.0
2011-12-12 00:00:00,1.5,74,-2.7,0.0,0.0,1.63,0.0,0.0
2011-12-12 01:00:00,1.4,75,-2.5,0.0,0.0,1.66,0.0,0.0
2011-12-12 02:00:00,0.2,79,-3.1,0.0,0.0,1.86,0.0,0.0
2011-12-12 03:00:00,-0.5,82,-3.1,0.0,0.0,1.91,0.0,0.0
2011-12-12 04:00:00,0.3,81,-2.5,0.0,0.0,1.78,0.0,0.0
2011-12-12 05:00:00,0.6,82,-2.1,0.0,0.0,1.91,0.0,0.0
2011-12-12 06:00:00,0.5,84,-1.9,0.0,0.0,1.7,0.0,0.0
2011-12-12 07:00:00,0.4,85,-1.7,0.0,0.0,1.49,0.0,0.0
2011-12-12 08:00:00,0.5,86,-1.6,0.0,0.0,1.13,17.0,0.0612
2011-12-12 09:00:00,0.7,92,-0.5,0.0,0.0,0.28,124.0,0.44639999999999996
2011-12-12 10:00:00,3.4,71,-1.5,0.0,0.0,0.85,247.0,0.8892
2011-12-12 11:00:00,5.1,62,-1.7,0.0,0.0,1.12,373.0,1.3428
2011-12-12 12:00:00,6.2,60,-1.0,0.0,0.0,1.2,444.0,1.5984
2011-12-12 13:00:00,6.9,60,-0.4,0.0,0.0,1.02,449.0,1.6164
2011-12-12 14:00:00,6.2,58,-1.5,0.0,0.0,0.92,387.0,1.3932
2011-12-12 15:00:00,5.8,62,-1.0,0.0,0.0,0.57,254.0,0.9144
2011-12-12 16:00:00,5.1,66,-0.7,0.0,0.0,1.63,133.0,0.4788
2011-12-12 17:00:00,3.6,75,-0.5,0.0,0.0,1.92,19.0,0.0684
2011-12-12 18:00:00,2.2,86,0.1,0.0,0.0,1.5,0.0,0.0
2011-12-12 19:00:00,2.4,83,-0.2,0.0,0.0,0.85,0.0,0.0
2011-12-12 20:00:00,2.3,85,0.1,0.0,0.0,0.89,0.0,0.0
2011-12-12 21:00:00,2.1,88,0.3,0.0,0.0,0.86,0.0,0.0
2011-12-12 22:00:00,1.5,90,0.1,0.0,0.0,0.42,0.0,0.0
2011-12-12 23:00:00,0.1,93,-0.9,0.0,0.0,1.17,0.0,0.0
2011-12-13 00:00:00,-0.7,95,-1.4,0.0,0.0,1.48,0.0,0.0
2011-12-13 01:00:00,-1.7,97,-2.2,0.0,0.0,1.77,0.0,0.0
2011-12-13 02:00:00,-2.8,96,-3.3,0.0,0.0,1.86,0.0,0.0
2011-12-13 03:00:00,-2.9,95,-3.6,0.0,0.0,1.91,0.0,0.0
2011-12-13 04:00:00,-2.9,94,-3.7,0.0,0.0,2.0,0.0,0.0
2011-12-13 05:00:00,-3.1,94,-3.9,0.0,0.0,1.94,0.0,0.0
2011-12-13 06:00:00,-3.2,93,-4.1,0.0,0.0,2.05,0.0,0.0
2011-12-13 07:00:00,-3.1,92,-4.2,0.0,0.0,2.19,0.0,0.0
2011-12-13 08:00:00,-2.6,90,-4.0,0.0,0.0,2.48,20.0,0.072
2011-12-13 09:00:00,1.2,78,-2.2,0.0,0.0,2.27,149.0,0.5364
2011-12-13 10:00:00,4.4,63,-2.0,0.0,0.0,2.05,296.0,1.0655999999999999
2011-12-13 11:00:00,6.8,53,-2.1,0.0,0.0,2.34,408.0,1.4687999999999999
2011-12-13 12:00:00,8.0,48,-2.4,0.0,0.0,2.56,468.0,1.6847999999999999
2011-12-13 13:00:00,8.6,45,-2.6,0.0,0.0,2.69,468.0,1.6847999999999999
2011-12-13 14:00:00,8.7,43,-3.1,0.0,0.0,2.76,410.0,1.476
2011-12-13 15:00:00,8.4,45,-2.8,0.0,0.0,2.26,302.0,1.0872
2011-12-13 16:00:00,6.9,53,-1.9,0.0,0.0,2.13,158.0,0.5688
2011-12-13 17:00:00,5.0,60,-2.2,0.0,0.0,2.2,25.0,0.09
2011-12-13 18:00:00,3.5,65,-2.5,0.0,0.0,2.22,0.0,0.0
2011-12-13 19:00:00,2.4,68,-2.9,0.0,0.0,2.38,0.0,0.0
2011-12-13 20:00:00,1.5,71,-3.2,0.0,0.0,2.6,0.0,0.0
2011-12-13 21:00:00,0.8,73,-3.5,0.0,0.0,2.57,0.0,0.0
2011-12-13 22:00:00,0.2,76,-3.4,0.0,0.0,2.33,0.0,0.0
2011-12-13 23:00:00,-0.2,80,-3.3,0.0,0.0,2.16,0.0,0.0
2011-12-14 00:00:00,-0.8,82,-3.5,0.0,0.0,2.02,0.0,0.0
2011-12-14 01:00:00,-0.4,82,-3.1,0.0,0.0,2.09,0.0,0.0
2011-12-14 02:00:00,1.2,76,-2.5,0.0,0.0,1.65,0.0,0.0
2011-12-14 03:00:00,1.4,79,-1.9,0.0,0.0,1.55,0.0,0.0
2011-12-14 04:00:00,1.5,80,-1.6,0.0,0.0,1.52,0.0,0.0
2011-12-14 05:00:00,1.8,76,-1.9,0.0,0.0,1.49,0.0,0.0
2011-12-14 06:00:00,2.2,75,-1.8,0.0,0.0,1.2,0.0,0.0
2011-12-14 07:00:00,1.2,82,-1.5,0.0,0.0,1.73,0.0,0.0
2011-12-14 08:00:00,1.3,83,-1.4,0.0,0.0,1.32,14.0,0.0504
2011-12-14 09:00:00,2.7,86,0.5,0.0,0.0,1.17,70.0,0.252
2011-12-14 10:00:00,4.9,70,-0.1,0.0,0.0,0.14,117.0,0.42119999999999996
2011-12-14 11:00:00,6.4,66,0.5,0.0,0.0,0.54,176.0,0.6335999999999999
2011-12-14 12:00:00,7.6,62,0.8,0.0,0.0,0.89,226.0,0.8136
2011-12-14 13:00:00,8.1,62,1.2,0.0,0.0,1.72,195.0,0.702
2011-12-14 14:00:00,10.2,54,1.2,0.0,0.0,1.93,336.0,1.2096
2011-12-14 15:00:00,9.7,55,1.2,0.0,0.0,2.08,103.0,0.37079999999999996
2011-12-14 16:00:00,8.6,62,1.7,0.0,0.0,2.05,18.0,0.0648
2011-12-14 17:00:00,7.8,66,1.9,0.0,0.0,1.36,3.0,0.0108
2011-12-14 18:00:00,7.4,69,2.2,0.0,0.0,1.58,0.0,0.0
2011-12-14 19:00:00,7.1,71,2.3,0.0,0.0,2.14,0.0,0.0
2011-12-14 20:00:00,6.8,72,2.2,0.0,0.0,2.46,0.0,0.0
2011-12-14 21:00:00,6.4,74,2.1,0.0,0.0,2.62,0.0,0.0
2011-12-14 22:00:00,6.1,74,1.9,0.0,0.0,2.72,0.0,0.0
2011-12-14 23:00:00,5.9,74,1.7,0.0,0.0,3.08,0.0,0.0
2011-12-15 00:00:00,5.5,74,1.3,0.0,0.0,3.1,0.0,0.0
2011-12-15 01:00:00,5.1,75,1.1,0.0,0.0,3.11,0.0,0.0
2011-12-15 02:00:00,5.4,77,1.7,0.0,0.0,3.21,0.0,0.0
2011-12-15 03:00:00,5.4,77,1.7,0.0,0.0,3.4,0.0,0.0
2011-12-15 04:00:00,5.4,77,1.8,0.0,0.0,3.7,0.0,0.0
2011-12-15 05:00:00,5.7,75,1.7,0.0,0.0,4.0,0.0,0.0
2011-12-15 06:00:00,6.0,73,1.6,0.0,0.0,4.18,0.0,0.0
2011-12-15 07:00:00,6.0,73,1.5,0.0,0.0,4.18,0.0,0.0
2011-12-15 08:00:00,6.3,73,1.9,0.0,0.0,4.39,15.0,0.054
2011-12-15 09:00:00,7.7,72,3.1,0.0,0.0,4.3,116.0,0.41759999999999997
2011-12-15 10:00:00,9.3,70,4.1,0.0,0.0,4.74,214.0,0.7704
2011-12-15 11:00:00,10.9,70,5.6,0.0,0.0,5.33,297.0,1.0692
2011-12-15 12:00:00,12.8,69,7.2,0.0,0.0,5.32,393.0,1.4148
2011-12-15 13:00:00,13.7,69,8.2,0.0,0.0,4.77,311.0,1.1196
2011-12-15 14:00:00,15.8,66,9.4,0.0,0.0,4.44,316.0,1.1376
2011-12-15 15:00:00,16.2,66,9.7,0.0,0.0,5.16,242.0,0.8712
2011-12-15 16:00:00,15.7,67,9.5,0.0,0.0,5.46,85.0,0.306
2011-12-15 17:00:00,14.9,71,9.7,0.0,0.0,5.05,4.0,0.0144
2011-12-15 18:00:00,14.8,72,9.8,0.0,0.0,5.42,0.0,0.0
2011-12-15 19:00:00,14.8,72,9.9,0.0,0.0,5.64,0.0,0.0
2011-12-15 20:00:00,14.9,73,10.0,0.0,0.0,5.49,0.0,0.0
2011-12-15 21:00:00,14.7,74,10.0,0.0,0.0,5.69,0.0,0.0
2011-12-15 22:00:00,14.2,76,10.1,0.0,0.0,5.17,0.0,0.0
2011-12-15 23:00:00,13.7,79,10.2,0.0,0.0,4.81,0.0,0.0
2011-12-16 00:00:00,13.2,83,10.3,0.0,0.0,4.48,0.0,0.0
2011-12-16 01:00:00,12.6,87,10.5,0.0,0.0,4.02,0.0,0.0
2011-12-16 02:00:00,12.9,93,11.7,0.0,0.0,3.72,0.0,0.0
2011-12-16 03:00:00,12.6,92,11.3,0.0,0.0,4.62,0.0,0.0
2011-12-16 04:00:00,12.0,74,7.5,0.0,0.0,5.73,0.0,0.0
2011-12-16 05:00:00,10.8,58,2.8,0.0,0.0,4.76,0.0,0.0
2011-12-16 06:00:00,9.4,56,1.0,0.0,0.0,4.82,0.0,0.0
2011-12-16 07:00:00,8.2,57,0.1,0.0,0.0,4.95,0.0,0.0
2011-12-16 08:00:00,7.3,56,-0.9,0.0,0.0,4.9,14.0,0.0504
2011-12-16 09:00:00,6.8,52,-2.3,0.0,0.0,5.13,115.0,0.414
2011-12-16 10:00:00,6.9,49,-3.1,0.0,0.0,4.47,256.0,0.9216
2011-12-16 11:00:00,7.4,47,-3.3,0.0,0.0,3.98,370.0,1.332
2011-12-16 12:00:00,8.0,44,-3.4,0.0,0.0,3.96,454.0,1.6343999999999999
2011-12-16 13:00:00,8.0,44,-3.6,0.0,0.0,4.1,316.0,1.1376
2011-12-16 14:00:00,7.8,45,-3.3,0.0,0.0,3.7,256.0,0.9216
2011-12-16 15:00:00,7.4,45,-3.8,0.0,0.0,3.33,131.0,0.47159999999999996
2011-12-16 16:00:00,7.0,46,-4.0,0.0,0.0,2.83,55.0,0.19799999999999998
2011-12-16 17:00:00,6.6,48,-3.6,0.0,0.0,2.33,9.0,0.0324
2011-12-16 18:00:00,6.3,49,-3.6,0.0,0.0,1.78,0.0,0.0
2011-12-16 19:00:00,6.0,52,-3.3,0.1,0.0,1.7,0.0,0.0
2011-12-16 20:00:00,5.4,57,-2.3,0.2,0.0,1.84,0.0,0.0
2011-12-16 21:00:00,5.2,60,-1.9,0.0,0.0,1.66,0.0,0.0
2011-12-16 22:00:00,5.0,63,-1.6,0.0,0.0,0.95,0.0,0.0
2011-12-16 23:00:00,4.7,63,-1.7,0.0,0.0,1.4,0.0,0.0
2011-12-17 00:00:00,4.3,69,-0.9,0.0,0.0,1.97,0.0,0.0
2011-12-17 01:00:00,3.9,72,-0.7,0.0,0.0,2.02,0.0,0.0
2011-12-17 02:00:00,3.1,68,-2.3,0.0,0.0,2.06,0.0,0.0
2011-12-17 03:00:00,2.3,70,-2.6,0.0,0.0,2.27,0.0,0.0
2011-12-17 04:00:00,1.6,72,-3.0,0.0,0.0,2.55,0.0,0.0
2011-12-17 05:00:00,1.0,74,-3.1,0.0,0.0,1.64,0.0,0.0
2011-12-17 06:00:00,0.5,76,-3.3,0.0,0.0,2.16,0.0,0.0
2011-12-17 07:00:00,-0.0,77,-3.5,0.0,0.0,2.34,0.0,0.0
2011-12-17 08:00:00,0.0,78,-3.3,0.0,0.0,1.91,16.0,0.0576
2011-12-17 09:00:00,2.0,71,-2.6,0.0,0.0,1.7,144.0,0.5184
2011-12-17 10:00:00,3.6,60,-3.6,0.0,0.0,3.13,282.0,1.0151999999999999
2011-12-17 11:00:00,4.9,50,-4.6,0.0,0.0,3.36,404.0,1.4544
2011-12-17 12:00:00,5.5,48,-4.6,0.0,0.0,3.05,426.0,1.5335999999999999
2011-12-17 13:00:00,5.8,46,-5.0,0.0,0.0,3.33,364.0,1.3104
2011-12-17 14:00:00,4.9,45,-6.1,0.0,0.0,3.56,173.0,0.6228
2011-12-17 15:00:00,4.8,44,-6.4,0.0,0.0,3.62,119.0,0.4284
2011-12-17 16:00:00,4.5,44,-6.7,0.0,0.0,3.56,66.0,0.2376
2011-12-17 17:00:00,4.2,46,-6.4,0.0,0.0,3.14,11.0,0.039599999999999996
2011-12-17 18:00:00,3.8,50,-5.8,0.0,0.0,3.16,0.0,0.0
2011-12-17 19:00:00,3.0,55,-5.2,0.0,0.0,3.26,0.0,0.0
2011-12-17 20:00:00,2.3,61,-4.5,0.0,0.0,2.76,0.0,0.0
2011-12-17 21:00:00,1.3,68,-3.9,0.0,0.0,2.14,0.0,0.0
2011-12-17 22:00:00,0.0,78,-3.4,0.0,0.0,1.61,0.0,0.0
2011-12-17 23:00:00,-1.0,83,-3.6,0.0,0.0,1.75,0.0,0.0
2011-12-18 00:00:00,-1.6,83,-4.0,0.0,0.0,1.92,0.0,0.0
2011-12-18 01:00:00,-2.0,83,-4.4,0.0,0.0,2.16,0.0,0.0
2011-12-18 02:00:00,-1.9,83,-4.5,0.0,0.0,2.02,0.0,0.0
2011-12-18 03:00:00,-2.0,81,-4.8,0.0,0.0,1.94,0.0,0.0
2011-12-18 04:00:00,-2.3,79,-5.4,0.0,0.0,1.68,0.0,0.0
2011-12-18 05:00:00,-2.4,78,-5.7,0.0,0.0,1.5,0.0,0.0
2011-12-18 06:00:00,-2.4,77,-5.9,0.0,0.0,1.51,0.0,0.0
2011-12-18 07:00:00,-2.8,79,-6.0,0.0,0.0,1.7,0.0,0.0
2011-12-18 08:00:00,-2.2,78,-5.6,0.0,0.0,1.94,16.0,0.0576
2011-12-18 09:00:00,0.6,71,-4.1,0.0,0.0,1.57,139.0,0.5004
2011-12-18 10:00:00,2.5,59,-4.6,0.0,0.0,2.33,287.0,1.0332
2011-12-18 11:00:00,3.5,50,-5.9,0.0,0.0,3.69,394.0,1.4183999999999999
2011-12-18 12:00:00,4.0,48,-6.1,0.0,0.0,3.61,343.0,1.2348
2011-12-18 13:00:00,4.3,47,-6.2,0.0,0.0,3.22,263.0,0.9468
2011-12-18 14:00:00,4.6,49,-5.1,0.0,0.0,3.84,252.0,0.9072
2011-12-18 15:00:00,4.7,49,-5.2,0.0,0.0,3.08,213.0,0.7667999999999999
2011-12-18 16:00:00,4.4,51,-4.8,0.0,0.0,1.53,109.0,0.39239999999999997
2011-12-18 17:00:00,3.3,72,-1.3,0.0,0.0,1.5,22.0,0.07919999999999999
2011-12-18 18:00:00,3.5,57,-4.2,0.0,0.0,1.42,0.0,0.0
2011-12-18 19:00:00,2.6,64,-3.5,0.0,0.0,0.9,0.0,0.0
2011-12-18 20:00:00,-0.6,81,-3.5,0.0,0.0,0.67,0.0,0.0
2011-12-18 21:00:00,-1.3,83,-3.8,0.0,0.0,1.12,0.0,0.0
2011-12-18 22:00:00,-1.7,85,-4.0,0.0,0.0,2.0,0.0,0.0
2011-12-18 23:00:00,-1.9,86,-4.0,0.0,0.0,1.8,0.0,0.0
2011-12-19 00:00:00,-2.1,88,-3.9,0.0,0.0,2.09,0.0,0.0
2011-12-19 01:00:00,-2.3,89,-3.8,0.0,0.0,2.28,0.0,0.0
2011-12-19 02:00:00,-2.6,90,-3.9,0.0,0.0,2.28,0.0,0.0
2011-12-19 03:00:00,-2.7,91,-4.0,0.0,0.0,2.31,0.0,0.0
2011-12-19 04:00:00,-2.8,91,-4.0,0.0,0.0,2.53,0.0,0.0
2011-12-19 05:00:00,-2.7,91,-4.0,0.0,0.0,2.22,0.0,0.0
2011-12-19 06:00:00,-2.5,90,-3.9,0.0,0.0,2.9,0.0,0.0
2011-12-19 07:00:00,-2.5,91,-3.8,0.0,0.0,2.91,0.0,0.0
2011-12-19 08:00:00,-2.1,90,-3.5,0.0,0.0,2.82,15.0,0.054
2011-12-19 09:00:00,0.4,82,-2.3,0.0,0.0,2.53,136.0,0.4896
2011-12-19 10:00:00,2.8,72,-1.8,0.0,0.0,2.77,282.0,1.0151999999999999
2011-12-19 11:00:00,4.9,64,-1.3,0.0,0.0,3.0,392.0,1.4112
2011-12-19 12:00:00,6.6,59,-1.0,0.0,0.0,3.22,452.0,1.6272
2011-12-19 13:00:00,7.8,55,-0.7,0.0,0.0,3.36,463.0,1.6668
2011-12-19 14:00:00,8.2,55,-0.2,0.0,0.0,3.72,394.0,1.4183999999999999
2011-12-19 15:00:00,8.0,58,0.2,0.0,0.0,3.31,214.0,0.7704
2011-12-19 16:00:00,7.2,60,-0.1,0.0,0.0,3.44,67.0,0.2412
2011-12-19 17:00:00,7.0,59,-0.4,0.0,0.0,3.18,7.0,0.0252
2011-12-19 18:00:00,7.0,58,-0.6,0.0,0.0,3.67,0.0,0.0
2011-12-19 19:00:00,7.2,58,-0.6,0.0,0.0,3.76,0.0,0.0
2011-12-19 20:00:00,7.3,58,-0.4,0.0,0.0,3.88,0.0,0.0
2011-12-19 21:00:00,7.1,60,-0.3,0.0,0.0,3.89,0.0,0.0
2011-12-19 22:00:00,7.0,60,-0.2,0.0,0.0,3.45,0.0,0.0
2011-12-19 23:00:00,6.9,61,-0.0,0.0,0.0,2.91,0.0,0.0
2011-12-20 00:00:00,6.7,63,0.1,0.0,0.0,2.6,0.0,0.0
2011-12-20 01:00:00,6.5,64,0.2,0.0,0.0,2.45,0.0,0.0
2011-12-20 02:00:00,7.0,60,-0.2,0.0,0.0,2.6,0.0,0.0
2011-12-20 03:00:00,7.0,63,0.3,0.0,0.0,2.41,0.0,0.0
2011-12-20 04:00:00,7.1,61,0.1,0.0,0.0,2.75,0.0,0.0
2011-12-20 05:00:00,7.1,63,0.6,0.0,0.0,2.38,0.0,0.0
2011-12-20 06:00:00,6.9,70,1.8,0.0,0.0,2.0,0.0,0.0
2011-12-20 07:00:00,6.7,77,2.9,0.0,0.0,2.09,0.0,0.0
2011-12-20 08:00:00,6.5,83,3.8,0.0,0.0,1.55,3.0,0.0108
2011-12-20 09:00:00,7.1,85,4.8,0.0,0.0,1.48,47.0,0.1692
2011-12-20 10:00:00,9.1,75,4.9,0.0,0.0,0.85,155.0,0.5579999999999999
2011-12-20 11:00:00,10.0,71,5.0,0.0,0.0,1.04,221.0,0.7956
2011-12-20 12:00:00,10.3,69,4.9,0.0,0.0,1.5,232.0,0.8351999999999999
2011-12-20 13:00:00,9.9,72,5.1,0.0,0.0,1.6,101.0,0.3636
2011-12-20 14:00:00,13.0,59,5.2,0.0,0.0,1.14,235.0,0.846
2011-12-20 15:00:00,12.7,61,5.5,0.0,0.0,0.71,139.0,0.5004
2011-12-20 16:00:00,11.7,68,5.9,0.0,0.0,1.41,84.0,0.3024
2011-12-20 17:00:00,9.8,75,5.6,0.0,0.0,2.04,19.0,0.0684
2011-12-20 18:00:00,8.3,82,5.4,0.0,0.0,2.4,0.0,0.0
2011-12-20 19:00:00,7.4,85,5.1,0.0,0.0,2.55,0.0,0.0
2011-12-20 20:00:00,6.9,86,4.8,0.0,0.0,2.64,0.0,0.0
2011-12-20 21:00:00,6.3,88,4.5,0.0,0.0,2.7,0.0,0.0
2011-12-20 22:00:00,5.9,89,4.3,0.0,0.0,2.64,0.0,0.0
2011-12-20 23:00:00,6.3,88,4.4,0.0,0.0,2.25,0.0,0.0
2011-12-21 00:00:00,6.5,87,4.5,0.0,0.0,2.33,0.0,0.0
2011-12-21 01:00:00,6.8,87,4.7,0.0,0.0,2.35,0.0,0.0
2011-12-21 02:00:00,6.9,87,5.0,0.0,0.0,2.62,0.0,0.0
2011-12-21 03:00:00,6.9,91,5.6,0.0,0.0,2.8,0.0,0.0
2011-12-21 04:00:00,7.3,94,6.5,0.0,0.0,2.83,0.0,0.0
2011-12-21 05:00:00,8.1,96,7.5,0.0,0.0,2.5,0.0,0.0
2011-12-21 06:00:00,9.0,96,8.4,0.0,0.0,2.96,0.0,0.0
2011-12-21 07:00:00,9.9,94,9.0,0.0,0.0,3.45,0.0,0.0
2011-12-21 08:00:00,10.7,91,9.3,0.0,0.0,3.86,7.0,0.0252
2011-12-21 09:00:00,11.6,88,9.6,0.0,0.0,4.24,47.0,0.1692
2011-12-21 10:00:00,12.7,85,10.2,0.0,0.0,4.81,104.0,0.3744
2011-12-21 11:00:00,13.6,84,10.9,0.0,0.0,5.5,164.0,0.5904
2011-12-21 12:00:00,14.5,84,11.7,0.0,0.0,5.83,221.0,0.7956
2011-12-21 13:00:00,14.6,87,12.5,0.5,0.0,4.65,212.0,0.7632
2011-12-21 14:00:00,14.9,91,13.4,1.0,0.0,5.73,121.0,0.4356
2011-12-21 15:00:00,15.1,94,14.1,0.7,0.0,5.6,88.0,0.31679999999999997
2011-12-21 16:00:00,15.1,95,14.4,1.5,0.0,5.47,23.0,0.0828
2011-12-21 17:00:00,15.1,96,14.4,1.1,0.0,5.51,2.0,0.0072
2011-12-21 18:00:00,15.2,96,14.5,0.0,0.0,5.61,0.0,0.0
2011-12-21 19:00:00,15.4,95,14.6,0.0,0.0,5.73,0.0,0.0
2011-12-21 20:00:00,15.7,95,14.8,0.0,0.0,5.88,0.0,0.0
2011-12-21 21:00:00,15.7,94,14.8,0.0,0.0,5.76,0.0,0.0
2011-12-21 22:00:00,15.4,94,14.4,0.1,0.0,4.98,0.0,0.0
2011-12-21 23:00:00,14.5,96,13.8,0.0,0.0,3.6,0.0,0.0
2011-12-22 00:00:00,13.4,96,12.8,0.0,0.0,2.69,0.0,0.0
2011-12-22 01:00:00,12.3,94,11.4,0.0,0.0,2.38,0.0,0.0
2011-12-22 02:00:00,11.8,95,11.1,0.0,0.0,2.33,0.0,0.0
2011-12-22 03:00:00,10.5,95,9.7,0.0,0.0,2.33,0.0,0.0
2011-12-22 04:00:00,9.5,94,8.6,0.0,0.0,2.55,0.0,0.0
2011-12-22 05:00:00,8.9,93,7.9,0.0,0.0,2.21,0.0,0.0
2011-12-22 06:00:00,8.3,93,7.3,0.0,0.0,2.24,0.0,0.0
2011-12-22 07:00:00,7.6,94,6.7,0.0,0.0,2.41,0.0,0.0
2011-12-22 08:00:00,7.1,95,6.4,0.0,0.0,1.97,11.0,0.039599999999999996
2011-12-22 09:00:00,8.8,94,7.9,0.0,0.0,1.0,110.0,0.39599999999999996
2011-12-22 10:00:00,11.1,85,8.6,0.0,0.0,0.78,227.0,0.8171999999999999
2011-12-22 11:00:00,12.5,78,8.8,0.0,0.0,1.1,342.0,1.2312
2011-12-22 12:00:00,13.7,73,9.0,0.0,0.0,0.81,400.0,1.44
2011-12-22 13:00:00,14.5,69,8.9,0.0,0.0,1.12,407.0,1.4652
2011-12-22 14:00:00,15.1,65,8.6,0.0,0.0,1.5,225.0,0.8099999999999999
2011-12-22 15:00:00,14.9,66,8.7,0.0,0.0,1.86,197.0,0.7091999999999999
2011-12-22 16:00:00,14.0,70,8.7,0.0,0.0,1.89,114.0,0.4104
2011-12-22 17:00:00,12.7,76,8.5,0.0,0.0,2.75,20.0,0.072
2011-12-22 18:00:00,12.1,77,8.3,0.0,0.0,2.61,0.0,0.0
2011-12-22 19:00:00,11.8,78,8.1,0.0,0.0,2.83,0.0,0.0
2011-12-22 20:00:00,11.7,84,9.0,0.3,0.0,3.34,0.0,0.0
2011-12-22 21:00:00,11.4,93,10.3,0.9,0.0,3.86,0.0,0.0
2011-12-22 22:00:00,11.5,98,11.1,3.3,0.0,3.75,0.0,0.0
2011-12-22 23:00:00,12.2,99,12.1,3.4,0.0,2.5,0.0,0.0
2011-12-23 00:00:00,13.8,99,13.6,3.6,0.0,2.56,0.0,0.0
2011-12-23 01:00:00,15.5,97,15.1,3.7,0.0,2.78,0.0,0.0
2011-12-23 02:00:00,10.0,98,9.7,0.3,0.0,1.94,0.0,0.0
2011-12-23 03:00:00,10.0,98,9.7,1.1,0.0,3.36,0.0,0.0
2011-12-23 04:00:00,9.7,96,9.1,1.5,0.0,4.67,0.0,0.0
2011-12-23 05:00:00,9.1,94,8.2,0.0,0.0,3.76,0.0,0.0
2011-12-23 06:00:00,8.9,93,7.8,0.0,0.0,3.94,0.0,0.0
2011-12-23 07:00:00,8.5,93,7.4,0.0,0.0,3.76,0.0,0.0
2011-12-23 08:00:00,8.3,92,7.1,0.0,0.0,3.8,9.0,0.0324
2011-12-23 09:00:00,8.6,85,6.3,0.0,0.0,4.3,91.0,0.3276
2011-12-23 10:00:00,8.9,74,4.6,0.0,0.0,4.95,235.0,0.846
2011-12-23 11:00:00,9.3,66,3.4,0.0,0.0,4.96,301.0,1.0836
2011-12-23 12:00:00,9.6,61,2.5,0.0,0.0,5.31,358.0,1.2888
2011-12-23 13:00:00,9.8,57,1.8,0.0,0.0,5.52,393.0,1.4148
2011-12-23 14:00:00,10.0,56,1.7,0.0,0.0,5.52,305.0,1.0979999999999999
2011-12-23 15:00:00,9.6,53,0.6,0.0,0.0,5.09,165.0,0.594
2011-12-23 16:00:00,9.2,51,-0.4,0.0,0.0,4.31,79.0,0.2844
2011-12-23 17:00:00,8.7,52,-0.7,0.0,0.0,2.41,20.0,0.072
2011-12-23 18:00:00,7.8,56,-0.5,0.0,0.0,1.75,0.0,0.0
2011-12-23 19:00:00,6.4,64,0.0,0.0,0.0,1.56,0.0,0.0
2011-12-23 20:00:00,5.0,72,0.4,0.0,0.0,1.93,0.0,0.0
2011-12-23 21:00:00,3.7,78,0.2,0.0,0.0,1.75,0.0,0.0
2011-12-23 22:00:00,2.9,80,-0.2,0.0,0.0,1.68,0.0,0.0
2011-12-23 23:00:00,2.9,79,-0.3,0.0,0.0,1.91,0.0,0.0
2011-12-24 00:00:00,3.3,76,-0.6,0.0,0.0,1.81,0.0,0.0
2011-12-24 01:00:00,3.8,70,-1.3,0.0,0.0,1.4,0.0,0.0
2011-12-24 02:00:00,4.8,68,-0.6,0.0,0.0,1.49,0.0,0.0
2011-12-24 03:00:00,4.9,68,-0.6,0.0,0.0,1.0,0.0,0.0
2011-12-24 04:00:00,4.6,72,-0.0,0.0,0.0,1.0,0.0,0.0
2011-12-24 05:00:00,3.6,79,0.3,0.0,0.0,1.41,0.0,0.0
2011-12-24 06:00:00,4.0,72,-0.6,0.0,0.0,2.28,0.0,0.0
2011-12-24 07:00:00,3.9,74,-0.4,0.0,0.0,2.44,0.0,0.0
2011-12-24 08:00:00,3.8,75,-0.2,0.0,0.0,3.18,5.0,0.018
2011-12-24 09:00:00,3.9,60,-3.1,0.0,0.0,3.42,111.0,0.3996
2011-12-24 10:00:00,4.2,50,-5.2,0.0,0.0,4.82,277.0,0.9972
2011-12-24 11:00:00,4.9,45,-6.0,0.0,0.0,4.19,400.0,1.44
2011-12-24 12:00:00,5.6,43,-6.1,0.0,0.0,3.61,475.0,1.71
2011-12-24 13:00:00,6.0,42,-6.1,0.0,0.0,3.52,486.0,1.7496
2011-12-24 14:00:00,6.9,42,-5.1,0.0,0.0,3.28,436.0,1.5695999999999999
2011-12-24 15:00:00,6.9,41,-5.3,0.0,0.0,2.78,321.0,1.1556
2011-12-24 16:00:00,6.4,42,-5.5,0.0,0.0,1.78,156.0,0.5616
2011-12-24 17:00:00,5.6,54,-2.9,0.0,0.0,1.26,32.0,0.1152
2011-12-24 18:00:00,5.4,48,-4.7,0.0,0.0,0.67,0.0,0.0
2011-12-24 19:00:00,2.2,70,-2.6,0.0,0.0,0.67,0.0,0.0
2011-12-24 20:00:00,1.2,74,-2.9,0.0,0.0,1.68,0.0,0.0
2011-12-24 21:00:00,0.7,76,-3.0,0.0,0.0,2.01,0.0,0.0
2011-12-24 22:00:00,0.4,78,-2.9,0.0,0.0,2.28,0.0,0.0
2011-12-24 23:00:00,-0.0,81,-2.9,0.0,0.0,2.2,0.0,0.0
2011-12-25 00:00:00,-0.4,83,-2.9,0.0,0.0,2.24,0.0,0.0
2011-12-25 01:00:00,-0.6,86,-2.7,0.0,0.0,2.25,0.0,0.0
2011-12-25 02:00:00,-1.0,90,-2.4,0.0,0.0,2.26,0.0,0.0
2011-12-25 03:00:00,-1.2,93,-2.2,0.0,0.0,2.31,0.0,0.0
2011-12-25 04:00:00,-1.3,94,-2.2,0.0,0.0,2.5,0.0,0.0
2011-12-25 05:00:00,-1.4,95,-2.2,0.0,0.0,2.2,0.0,0.0
2011-12-25 06:00:00,-1.5,95,-2.2,0.0,0.0,2.43,0.0,0.0
2011-12-25 07:00:00,-1.7,96,-2.2,0.0,0.0,2.12,0.0,0.0
2011-12-25 08:00:00,-1.5,97,-1.9,0.0,0.0,2.25,12.0,0.0432
2011-12-25 09:00:00,1.8,93,0.7,0.0,0.0,2.21,129.0,0.4644
2011-12-25 10:00:00,4.3,81,1.4,0.0,0.0,2.42,275.0,0.99
2011-12-25 11:00:00,6.1,73,1.6,0.0,0.0,2.3,392.0,1.4112
2011-12-25 12:00:00,7.6,66,1.7,0.0,0.0,2.16,460.0,1.656
2011-12-25 13:00:00,8.8,60,1.5,0.0,0.0,2.47,467.0,1.6812
2011-12-25 14:00:00,8.8,58,0.9,0.0,0.0,2.68,372.0,1.3392
2011-12-25 15:00:00,8.9,55,0.4,0.0,0.0,2.68,293.0,1.0548
2011-12-25 16:00:00,8.1,59,0.6,0.0,0.0,2.45,170.0,0.612
2011-12-25 17:00:00,6.3,65,0.1,0.0,0.0,2.72,33.0,0.1188
2011-12-25 18:00:00,5.2,67,-0.5,0.0,0.0,3.21,0.0,0.0
2011-12-25 19:00:00,4.5,65,-1.5,0.0,0.0,3.22,0.0,0.0
2011-12-25 20:00:00,4.0,64,-2.3,0.0,0.0,3.47,0.0,0.0
2011-12-25 21:00:00,3.5,62,-3.0,0.0,0.0,3.76,0.0,0.0
2011-12-25 22:00:00,3.0,62,-3.6,0.0,0.0,3.77,0.0,0.0
2011-12-25 23:00:00,2.9,60,-4.2,0.0,0.0,4.14,0.0,0.0
2011-12-26 00:00:00,3.4,58,-4.1,0.0,0.0,5.07,0.0,0.0
2011-12-26 01:00:00,3.5,62,-3.0,0.0,0.0,5.2,0.0,0.0
2011-12-26 02:00:00,3.9,64,-2.3,0.0,0.0,5.6,0.0,0.0
2011-12-26 03:00:00,3.7,65,-2.3,0.0,0.0,5.89,0.0,0.0
2011-12-26 04:00:00,3.3,64,-2.8,0.0,0.0,5.74,0.0,0.0
2011-12-26 05:00:00,3.0,64,-3.1,0.0,0.0,4.39,0.0,0.0
2011-12-26 06:00:00,2.8,65,-3.2,0.0,0.0,3.33,0.0,0.0
2011-12-26 07:00:00,2.4,67,-3.1,0.0,0.0,2.64,0.0,0.0
2011-12-26 08:00:00,2.1,71,-2.6,0.0,0.0,2.82,12.0,0.0432
2011-12-26 09:00:00,3.3,71,-1.5,0.0,0.0,3.41,131.0,0.47159999999999996
2011-12-26 10:00:00,4.9,64,-1.4,0.0,0.0,3.8,281.0,1.0116
2011-12-26 11:00:00,6.1,57,-1.7,0.0,0.0,5.38,398.0,1.4327999999999999
2011-12-26 12:00:00,6.8,54,-1.8,0.0,0.0,4.74,407.0,1.4652
2011-12-26 13:00:00,7.4,52,-1.9,0.0,0.0,4.58,416.0,1.4976
2011-12-26 14:00:00,8.7,49,-1.5,0.0,0.0,3.94,392.0,1.4112
2011-12-26 15:00:00,8.6,49,-1.6,0.0,0.0,3.41,313.0,1.1268
2011-12-26 16:00:00,7.8,52,-1.3,0.0,0.0,2.14,174.0,0.6264
2011-12-26 17:00:00,6.3,59,-1.2,0.0,0.0,1.91,34.0,0.1224
2011-12-26 18:00:00,4.4,72,-0.3,0.0,0.0,1.36,0.0,0.0
2011-12-26 19:00:00,5.1,64,-1.2,0.0,0.0,1.36,0.0,0.0
2011-12-26 20:00:00,2.2,79,-1.0,0.0,0.0,1.7,0.0,0.0
2011-12-26 21:00:00,0.9,85,-1.3,0.0,0.0,2.06,0.0,0.0
2011-12-26 22:00:00,0.9,86,-1.2,0.0,0.0,2.35,0.0,0.0
2011-12-26 23:00:00,1.0,86,-1.0,0.0,0.0,2.75,0.0,0.0
2011-12-27 00:00:00,1.2,87,-0.7,0.0,0.0,3.06,0.0,0.0
2011-12-27 01:00:00,1.8,86,-0.3,0.0,0.0,3.11,0.0,0.0
2011-12-27 02:00:00,2.4,81,-0.6,0.0,0.0,3.03,0.0,0.0
2011-12-27 03:00:00,2.8,78,-0.6,0.0,0.0,3.24,0.0,0.0
2011-12-27 04:00:00,3.1,77,-0.6,0.0,0.0,3.7,0.0,0.0
2011-12-27 05:00:00,3.4,74,-0.7,0.0,0.0,3.9,0.0,0.0
2011-12-27 06:00:00,3.6,72,-0.9,0.0,0.0,3.9,0.0,0.0
2011-12-27 07:00:00,3.9,71,-1.0,0.0,0.0,3.62,0.0,0.0
2011-12-27 08:00:00,4.1,70,-0.9,0.0,0.0,3.1,5.0,0.018
2011-12-27 09:00:00,4.8,69,-0.3,0.0,0.0,2.6,36.0,0.1296
2011-12-27 10:00:00,5.4,76,1.5,0.8,0.0,2.56,57.0,0.2052
2011-12-27 11:00:00,5.7,88,3.9,0.8,0.0,3.0,38.0,0.1368
2011-12-27 12:00:00,6.6,94,5.7,0.6,0.0,4.27,44.0,0.15839999999999999
2011-12-27 13:00:00,8.2,95,7.5,1.0,0.0,5.61,49.0,0.1764
2011-12-27 14:00:00,9.1,95,8.3,2.5,0.0,6.33,27.0,0.0972
2011-12-27 15:00:00,10.5,95,9.8,2.8,0.0,5.17,17.0,0.0612
2011-12-27 16:00:00,11.2,97,10.7,4.1,0.0,3.42,14.0,0.0504
2011-12-27 17:00:00,10.9,99,10.7,2.7,0.0,3.54,2.0,0.0072
2011-12-27 18:00:00,10.4,98,10.0,0.4,0.0,3.66,0.0,0.0
2011-12-27 19:00:00,9.3,95,8.5,0.0,0.0,3.8,0.0,0.0
2011-12-27 20:00:00,8.1,95,7.4,0.0,0.0,4.3,0.0,0.0
2011-12-27 21:00:00,7.2,96,6.5,0.0,0.0,4.36,0.0,0.0
2011-12-27 22:00:00,6.4,96,5.9,0.0,0.0,4.3,0.0,0.0
2011-12-27 23:00:00,5.9,96,5.3,0.0,0.0,4.73,0.0,0.0
2011-12-28 00:00:00,5.3,93,4.2,0.0,0.0,5.1,0.0,0.0
2011-12-28 01:00:00,4.6,87,2.7,0.0,0.0,5.23,0.0,0.0
2011-12-28 02:00:00,4.9,82,2.1,0.0,0.0,4.95,0.0,0.0
2011-12-28 03:00:00,4.3,79,0.9,0.0,0.0,5.06,0.0,0.0
2011-12-28 04:00:00,4.0,75,-0.0,0.0,0.0,4.96,0.0,0.0
2011-12-28 05:00:00,4.0,71,-0.7,0.0,0.0,4.87,0.0,0.0
2011-12-28 06:00:00,4.0,69,-1.1,0.0,0.0,4.61,0.0,0.0
2011-12-28 07:00:00,4.0,68,-1.4,0.0,0.0,4.23,0.0,0.0
2011-12-28 08:00:00,3.9,68,-1.4,0.0,0.0,4.73,12.0,0.0432
2011-12-28 09:00:00,4.6,65,-1.4,0.0,0.0,4.57,132.0,0.4752
2011-12-28 10:00:00,5.1,56,-2.9,0.0,0.0,6.71,258.0,0.9288
2011-12-28 11:00:00,5.2,49,-4.6,0.0,0.0,6.8,293.0,1.0548
2011-12-28 12:00:00,5.3,45,-5.7,0.0,0.0,7.4,317.0,1.1412
2011-12-28 13:00:00,5.3,43,-6.3,0.0,0.0,7.43,336.0,1.2096
2011-12-28 14:00:00,5.9,42,-6.1,0.0,0.0,7.18,239.0,0.8603999999999999
2011-12-28 15:00:00,5.5,40,-6.9,0.0,0.0,6.78,198.0,0.7128
2011-12-28 16:00:00,4.8,40,-7.7,0.0,0.0,6.13,137.0,0.49319999999999997
2011-12-28 17:00:00,3.8,41,-8.3,0.0,0.0,4.41,35.0,0.126
2011-12-28 18:00:00,2.8,42,-8.8,0.0,0.0,4.1,0.0,0.0
2011-12-28 19:00:00,2.0,43,-9.2,0.0,0.0,3.61,0.0,0.0
2011-12-28 20:00:00,1.3,45,-9.4,0.0,0.0,3.26,0.0,0.0
2011-12-28 21:00:00,0.8,46,-9.5,0.0,0.0,2.95,0.0,0.0
2011-12-28 22:00:00,0.4,47,-9.6,0.0,0.0,2.73,0.0,0.0
2011-12-28 23:00:00,0.1,48,-9.7,0.0,0.0,2.72,0.0,0.0
2011-12-29 00:00:00,-0.3,49,-9.7,0.0,0.0,2.69,0.0,0.0
2011-12-29 01:00:00,-0.6,50,-9.7,0.0,0.0,2.82,0.0,0.0
2011-12-29 02:00:00,-1.2,60,-8.0,0.0,0.0,2.56,0.0,0.0
2011-12-29 03:00:00,-2.2,69,-7.1,0.0,0.0,2.01,0.0,0.0
2011-12-29 04:00:00,-2.3,67,-7.6,0.0,0.0,1.93,0.0,0.0
2011-12-29 05:00:00,-2.1,65,-7.7,0.0,0.0,2.08,0.0,0.0
2011-12-29 06:00:00,-1.6,63,-7.7,0.0,0.0,2.0,0.0,0.0
2011-12-29 07:00:00,-0.6,58,-7.8,0.0,0.0,1.08,0.0,0.0
2011-12-29 08:00:00,-0.4,59,-7.6,0.0,0.0,0.41,11.0,0.039599999999999996
2011-12-29 09:00:00,-0.0,74,-4.2,0.0,0.0,0.64,123.0,0.44279999999999997
2011-12-29 10:00:00,2.3,54,-5.9,0.0,0.0,0.94,268.0,0.9648
2011-12-29 11:00:00,3.6,53,-5.1,0.0,0.0,1.43,335.0,1.206
2011-12-29 12:00:00,4.3,54,-4.1,0.0,0.0,1.73,284.0,1.0224
2011-12-29 13:00:00,4.9,56,-3.2,0.0,0.0,2.02,253.0,0.9107999999999999
2011-12-29 14:00:00,5.4,59,-2.0,0.0,0.0,2.4,267.0,0.9611999999999999
2011-12-29 15:00:00,5.8,58,-1.9,0.0,0.0,2.72,232.0,0.8351999999999999
2011-12-29 16:00:00,5.6,60,-1.7,0.0,0.0,2.55,122.0,0.4392
2011-12-29 17:00:00,4.3,66,-1.6,0.0,0.0,2.02,27.0,0.0972
2011-12-29 18:00:00,3.0,73,-1.3,0.0,0.0,1.98,0.0,0.0
2011-12-29 19:00:00,2.3,79,-1.1,0.0,0.0,2.46,0.0,0.0
2011-12-29 20:00:00,2.1,81,-0.9,0.0,0.0,2.6,0.0,0.0
2011-12-29 21:00:00,2.2,81,-0.7,0.2,0.0,3.0,0.0,0.0
2011-12-29 22:00:00,2.2,84,-0.2,0.3,0.0,2.93,0.0,0.0
2011-12-29 23:00:00,2.2,86,0.0,0.1,0.0,2.53,0.0,0.0
2011-12-30 00:00:00,1.9,87,0.0,0.0,0.0,2.45,0.0,0.0
2011-12-30 01:00:00,1.4,89,-0.2,0.0,0.0,2.4,0.0,0.0
2011-12-30 02:00:00,0.9,88,-0.9,0.0,0.0,2.56,0.0,0.0
2011-12-30 03:00:00,0.5,89,-1.1,0.0,0.0,2.64,0.0,0.0
2011-12-30 04:00:00,0.1,90,-1.3,0.0,0.0,2.66,0.0,0.0
2011-12-30 05:00:00,-0.1,91,-1.4,0.0,0.0,2.27,0.0,0.0
2011-12-30 06:00:00,-0.4,92,-1.6,0.0,0.0,2.13,0.0,0.0
2011-12-30 07:00:00,-0.2,91,-1.5,0.0,0.0,2.25,0.0,0.0
2011-12-30 08:00:00,0.4,90,-1.1,0.0,0.0,1.8,9.0,0.0324
2011-12-30 09:00:00,2.0,91,0.7,0.0,0.0,1.35,102.0,0.36719999999999997
2011-12-30 10:00:00,5.5,76,1.6,0.0,0.0,1.53,265.0,0.954
2011-12-30 11:00:00,7.7,69,2.4,0.0,0.0,1.46,391.0,1.4076
2011-12-30 12:00:00,9.4,63,2.8,0.0,0.0,1.3,450.0,1.6199999999999999
2011-12-30 13:00:00,10.6,60,3.1,0.0,0.0,1.66,410.0,1.476
2011-12-30 14:00:00,11.7,57,3.5,0.0,0.0,2.22,417.0,1.5011999999999999
2011-12-30 15:00:00,11.5,59,3.7,0.0,0.0,2.9,293.0,1.0548
2011-12-30 16:00:00,10.2,65,4.0,0.0,0.0,3.06,155.0,0.5579999999999999
2011-12-30 17:00:00,8.2,75,3.9,0.0,0.0,3.47,35.0,0.126
2011-12-30 18:00:00,7.0,82,4.1,0.0,0.0,3.26,0.0,0.0
2011-12-30 19:00:00,6.5,85,4.2,0.0,0.0,3.26,0.0,0.0
2011-12-30 20:00:00,6.7,84,4.2,0.0,0.0,3.35,0.0,0.0
2011-12-30 21:00:00,7.3,80,4.2,0.0,0.0,3.4,0.0,0.0
2011-12-30 22:00:00,8.4,75,4.3,0.0,0.0,3.61,0.0,0.0
2011-12-30 23:00:00,9.5,70,4.4,0.0,0.0,4.11,0.0,0.0
2011-12-31 00:00:00,10.1,68,4.5,0.0,0.0,4.43,0.0,0.0
2011-12-31 01:00:00,10.4,68,4.8,0.0,0.0,4.57,0.0,0.0
2011-12-31 02:00:00,10.3,68,4.6,0.0,0.0,4.46,0.0,0.0
2011-12-31 03:00:00,10.2,70,5.1,0.0,0.0,4.22,0.0,0.0
2011-12-31 04:00:00,9.9,75,5.6,0.0,0.0,3.72,0.0,0.0
2011-12-31 05:00:00,9.2,80,6.0,0.0,0.0,1.78,0.0,0.0
2011-12-31 06:00:00,8.5,86,6.4,0.0,0.0,1.88,0.0,0.0
2011-12-31 07:00:00,7.8,91,6.5,0.0,0.0,2.32,0.0,0.0
2011-12-31 08:00:00,7.4,94,6.6,0.0,0.0,1.5,9.0,0.0324
2011-12-31 09:00:00,8.5,93,7.4,0.0,0.0,2.0,106.0,0.3816
2011-12-31 10:00:00,11.0,83,8.3,0.0,0.0,1.92,250.0,0.9
2011-12-31 11:00:00,12.9,72,8.1,0.0,0.0,2.4,380.0,1.3679999999999999
2011-12-31 12:00:00,13.9,58,5.7,0.0,0.0,4.02,450.0,1.6199999999999999
2011-12-31 13:00:00,13.9,56,5.3,0.0,0.0,4.94,428.0,1.5408
2011-12-31 14:00:00,14.1,55,5.2,0.0,0.0,5.37,389.0,1.4003999999999999
2011-12-31 15:00:00,13.3,57,5.1,0.0,0.0,5.15,291.0,1.0475999999999999
2011-12-31 16:00:00,12.2,59,4.5,0.0,0.0,4.62,130.0,0.46799999999999997
2011-12-31 17:00:00,11.1,61,3.9,0.0,0.0,3.32,28.0,0.1008
2011-12-31 18:00:00,10.4,63,3.6,0.0,0.0,3.31,0.0,0.0
2011-12-31 19:00:00,9.7,66,3.6,0.0,0.0,2.93,0.0,0.0
2011-12-31 20:00:00,8.9,69,3.6,0.0,0.0,2.82,0.0,0.0
2011-12-31 21:00:00,8.0,74,3.7,0.0,0.0,2.95,0.0,0.0
2011-12-31 22:00:00,6.8,81,3.7,0.0,0.0,2.83,0.0,0.0
2011-12-31 23:00:00,5.6,87,3.5,0.0,0.0,2.72,0.0,0.0
2012-01-01 00:00:00,4.4,91,3.0,0.0,0.0,2.37,0.0,0.0
2012-01-01 01:00:00,3.5,93,2.5,0.0,0.0,2.09,0.0,0.0
2012-01-01 02:00:00,3.5,94,2.6,0.0,0.0,2.02,0.0,0.0
2012-01-01 03:00:00,3.1,94,2.3,0.0,0.0,2.02,0.0,0.0
2012-01-01 04:00:00,4.7,92,3.5,0.0,0.0,1.73,0.0,0.0
2012-01-01 05:00:00,4.7,92,3.6,0.0,0.0,0.82,0.0,0.0
2012-01-01 06:00:00,2.9,97,2.4,0.0,0.0,1.7,0.0,0.0
2012-01-01 07:00:00,1.4,99,1.2,0.0,0.0,1.9,0.0,0.0
2012-01-01 08:00:00,1.3,98,1.0,0.0,0.0,2.75,11.0,0.039599999999999996
2012-01-01 09:00:00,4.8,92,3.6,0.0,0.0,3.45,123.0,0.44279999999999997
2012-01-01 10:00:00,8.6,78,4.9,0.0,0.0,3.64,266.0,0.9576
2012-01-01 11:00:00,10.5,69,5.2,0.0,0.0,4.27,384.0,1.3824
2012-01-01 12:00:00,12.0,64,5.4,0.0,0.0,4.46,452.0,1.6272
2012-01-01 13:00:00,13.1,61,5.7,0.0,0.0,4.67,455.0,1.638
2012-01-01 14:00:00,13.6,59,5.8,0.0,0.0,4.59,370.0,1.332
2012-01-01 15:00:00,13.7,60,6.0,0.0,0.0,4.4,269.0,0.9683999999999999
2012-01-01 16:00:00,13.4,60,5.9,0.0,0.0,4.5,152.0,0.5472
2012-01-01 17:00:00,12.2,67,6.4,0.7,0.0,3.1,25.0,0.09
2012-01-01 18:00:00,12.1,70,6.7,0.0,0.0,3.75,0.0,0.0
2012-01-01 19:00:00,12.0,72,7.2,0.0,0.0,4.07,0.0,0.0
2012-01-01 20:00:00,11.5,79,7.9,0.1,0.0,4.11,0.0,0.0
2012-01-01 21:00:00,10.7,77,6.9,0.0,0.0,5.07,0.0,0.0
2012-01-01 22:00:00,9.3,61,2.1,0.0,0.0,4.52,0.0,0.0
2012-01-01 23:00:00,7.9,56,-0.5,0.0,0.0,3.93,0.0,0.0
2012-01-02 00:00:00,6.9,54,-1.9,0.0,0.0,4.41,0.0,0.0
2012-01-02 01:00:00,6.2,51,-3.2,0.0,0.0,5.17,0.0,0.0
2012-01-02 02:00:00,6.0,57,-1.9,0.0,0.0,5.82,0.0,0.0
2012-01-02 03:00:00,4.9,47,-5.6,0.0,0.0,6.32,0.0,0.0
2012-01-02 04:00:00,3.6,41,-8.4,0.0,0.0,6.36,0.0,0.0
2012-01-02 05:00:00,2.4,38,-10.4,0.0,0.0,5.98,0.0,0.0
2012-01-02 06:00:00,1.5,39,-11.0,0.0,0.0,4.44,0.0,0.0
2012-01-02 07:00:00,1.0,41,-10.8,0.0,0.0,3.51,0.0,0.0
2012-01-02 08:00:00,0.8,46,-9.7,0.0,0.0,3.51,12.0,0.0432
2012-01-02 09:00:00,1.6,48,-8.3,0.0,0.0,3.35,132.0,0.4752
2012-01-02 10:00:00,2.7,42,-9.0,0.0,0.0,6.46,287.0,1.0332
2012-01-02 11:00:00,3.9,38,-9.1,0.0,0.0,7.02,390.0,1.404
2012-01-02 12:00:00,4.5,37,-9.0,0.0,0.0,6.43,430.0,1.548
2012-01-02 13:00:00,4.9,35,-9.1,0.0,0.0,6.3,394.0,1.4183999999999999
2012-01-02 14:00:00,4.6,35,-9.4,0.0,0.0,5.89,219.0,0.7884
2012-01-02 15:00:00,4.4,36,-9.3,0.0,0.0,5.63,151.0,0.5436
2012-01-02 16:00:00,4.0,37,-9.6,0.0,0.0,5.22,116.0,0.41759999999999997
2012-01-02 17:00:00,3.2,38,-9.9,0.0,0.0,3.54,36.0,0.1296
2012-01-02 18:00:00,2.4,39,-10.1,0.0,0.0,2.81,0.0,0.0
2012-01-02 19:00:00,1.6,41,-10.3,0.0,0.0,3.0,0.0,0.0
2012-01-02 20:00:00,0.9,43,-10.4,0.0,0.0,3.41,0.0,0.0
2012-01-02 21:00:00,0.2,45,-10.3,0.0,0.0,3.79,0.0,0.0
2012-01-02 22:00:00,-0.4,49,-10.0,0.0,0.0,3.93,0.0,0.0
2012-01-02 23:00:00,-0.9,52,-9.7,0.0,0.0,3.67,0.0,0.0
2012-01-03 00:00:00,-1.3,54,-9.4,0.0,0.0,3.73,0.0,0.0
2012-01-03 01:00:00,-1.6,56,-9.3,0.0,0.0,3.85,0.0,0.0
2012-01-03 02:00:00,-1.5,54,-9.6,0.0,0.0,3.94,0.0,0.0
2012-01-03 03:00:00,-1.7,54,-9.9,0.0,0.0,4.07,0.0,0.0
2012-01-03 04:00:00,-1.8,53,-10.1,0.0,0.0,4.02,0.0,0.0
2012-01-03 05:00:00,-1.9,53,-10.2,0.0,0.0,4.21,0.0,0.0
2012-01-03 06:00:00,-1.9,53,-10.3,0.0,0.0,4.61,0.0,0.0
2012-01-03 07:00:00,-2.0,52,-10.4,0.0,0.0,4.7,0.0,0.0
2012-01-03 08:00:00,-1.9,53,-10.3,0.0,0.0,4.96,11.0,0.039599999999999996
2012-01-03 09:00:00,-1.1,48,-10.8,0.0,0.0,5.97,131.0,0.47159999999999996
2012-01-03 10:00:00,-0.4,46,-10.6,0.0,0.0,6.24,285.0,1.026
2012-01-03 11:00:00,0.1,45,-10.5,0.0,0.0,6.37,393.0,1.4148
2012-01-03 12:00:00,0.3,44,-10.6,0.0,0.0,7.28,430.0,1.548
2012-01-03 13:00:00,0.4,43,-10.8,0.0,0.0,7.5,455.0,1.638
2012-01-03 14:00:00,-0.4,35,-14.1,0.0,0.0,7.44,345.0,1.242
2012-01-03 15:00:00,-1.2,35,-14.7,0.0,0.0,7.71,256.0,0.9216
2012-01-03 16:00:00,-2.0,33,-16.3,0.0,0.0,7.21,157.0,0.5652
2012-01-03 17:00:00,-2.6,29,-18.0,0.0,0.0,6.29,45.0,0.162
2012-01-03 18:00:00,-2.9,31,-17.8,0.0,0.0,5.6,0.0,0.0
2012-01-03 19:00:00,-3.3,32,-17.7,0.0,0.0,5.16,0.0,0.0
2012-01-03 20:00:00,-3.8,32,-18.0,0.0,0.0,5.24,0.0,0.0
2012-01-03 21:00:00,-4.3,32,-18.6,0.0,0.0,5.59,0.0,0.0
2012-01-03 22:00:00,-4.7,31,-19.3,0.0,0.0,5.45,0.0,0.0
2012-01-03 23:00:00,-5.1,31,-19.8,0.0,0.0,5.38,0.0,0.0
2012-01-04 00:00:00,-5.5,30,-20.3,0.0,0.0,5.17,0.0,0.0
2012-01-04 01:00:00,-5.9,30,-20.7,0.0,0.0,4.67,0.0,0.0
2012-01-04 02:00:00,-7.2,33,-20.6,0.0,0.0,4.53,0.0,0.0
2012-01-04 03:00:00,-7.6,35,-20.4,0.0,0.0,4.31,0.0,0.0
2012-01-04 04:00:00,-7.9,37,-20.0,0.0,0.0,4.04,0.0,0.0
2012-01-04 05:00:00,-8.2,40,-19.5,0.0,0.0,2.34,0.0,0.0
2012-01-04 06:00:00,-8.3,42,-18.9,0.0,0.0,1.97,0.0,0.0
2012-01-04 07:00:00,-8.2,44,-18.3,0.0,0.0,1.33,0.0,0.0
2012-01-04 08:00:00,-8.0,46,-17.7,0.0,0.0,1.1,11.0,0.039599999999999996
2012-01-04 09:00:00,-6.8,45,-16.8,0.0,0.0,1.46,124.0,0.44639999999999996
2012-01-04 10:00:00,-5.1,44,-15.5,0.0,0.0,1.72,267.0,0.9611999999999999
2012-01-04 11:00:00,-3.4,42,-14.5,0.0,0.0,2.14,339.0,1.2204
2012-01-04 12:00:00,-2.1,40,-13.9,0.0,0.0,2.83,347.0,1.2491999999999999
2012-01-04 13:00:00,-1.0,39,-13.2,0.0,0.0,3.22,363.0,1.3068
2012-01-04 14:00:00,-0.2,38,-12.8,0.0,0.0,3.45,312.0,1.1232
2012-01-04 15:00:00,0.1,39,-12.3,0.0,0.0,3.51,197.0,0.7091999999999999
2012-01-04 16:00:00,-0.2,41,-11.9,0.0,0.0,2.84,108.0,0.3888
2012-01-04 17:00:00,-1.2,46,-11.4,0.0,0.0,1.88,26.0,0.0936
2012-01-04 18:00:00,-1.8,50,-10.8,0.0,0.0,2.06,0.0,0.0
2012-01-04 19:00:00,-1.8,52,-10.4,0.0,0.0,2.06,0.0,0.0
2012-01-04 20:00:00,-1.5,52,-10.1,0.0,0.0,2.21,0.0,0.0
2012-01-04 21:00:00,-1.0,51,-10.0,0.0,0.0,2.35,0.0,0.0
2012-01-04 22:00:00,-0.9,50,-10.0,0.0,0.0,2.55,0.0,0.0
2012-01-04 23:00:00,-0.9,51,-9.9,0.0,0.0,2.42,0.0,0.0
2012-01-05 00:00:00,-1.3,52,-9.9,0.0,0.0,2.13,0.0,0.0
2012-01-05 01:00:00,-1.3,52,-9.8,0.0,0.0,1.84,0.0,0.0
2012-01-05 02:00:00,-1.9,59,-8.8,0.0,0.0,1.53,0.0,0.0
2012-01-05 03:00:00,-2.5,63,-8.5,0.0,0.0,1.53,0.0,0.0
2012-01-05 04:00:00,-2.6,64,-8.4,0.0,0.0,1.7,0.0,0.0
2012-01-05 05:00:00,-2.2,62,-8.5,0.0,0.0,1.39,0.0,0.0
2012-01-05 06:00:00,-2.3,62,-8.5,0.0,0.0,1.41,0.0,0.0
2012-01-05 07:00:00,-1.8,60,-8.6,0.0,0.0,1.41,0.0,0.0
2012-01-05 08:00:00,-1.9,62,-8.3,0.0,0.0,1.81,8.0,0.0288
2012-01-05 09:00:00,0.6,58,-6.6,0.0,0.0,1.99,114.0,0.4104
2012-01-05 10:00:00,3.4,57,-4.4,0.0,0.0,1.68,272.0,0.9792
2012-01-05 11:00:00,4.4,55,-3.9,0.0,0.0,3.09,389.0,1.4003999999999999
2012-01-05 12:00:00,4.9,52,-4.0,0.0,0.0,4.38,442.0,1.5912
2012-01-05 13:00:00,5.4,50,-4.1,0.0,0.0,4.05,447.0,1.6092
2012-01-05 14:00:00,6.7,49,-3.2,0.0,0.0,4.18,439.0,1.5804
2012-01-05 15:00:00,6.9,48,-3.3,0.0,0.0,3.71,336.0,1.2096
2012-01-05 16:00:00,6.1,53,-2.7,0.0,0.0,2.12,196.0,0.7056
2012-01-05 17:00:00,4.4,60,-2.7,0.0,0.0,1.78,46.0,0.1656
2012-01-05 18:00:00,2.4,70,-2.5,0.0,0.0,1.94,0.0,0.0
2012-01-05 19:00:00,0.6,79,-2.7,0.0,0.0,2.34,0.0,0.0
2012-01-05 20:00:00,0.4,77,-3.3,0.0,0.0,2.5,0.0,0.0
2012-01-05 21:00:00,1.9,69,-3.1,0.0,0.0,2.55,0.0,0.0
2012-01-05 22:00:00,1.8,71,-3.0,0.0,0.0,2.2,0.0,0.0
2012-01-05 23:00:00,0.7,76,-3.0,0.0,0.0,2.0,0.0,0.0
2012-01-06 00:00:00,-1.3,86,-3.4,0.0,0.0,2.13,0.0,0.0
2012-01-06 01:00:00,-1.7,88,-3.5,0.0,0.0,2.26,0.0,0.0
2012-01-06 02:00:00,-1.5,82,-4.1,0.0,0.0,2.27,0.0,0.0
2012-01-06 03:00:00,-1.6,82,-4.2,0.0,0.0,2.27,0.0,0.0
2012-01-06 04:00:00,-1.6,82,-4.3,0.0,0.0,2.48,0.0,0.0
2012-01-06 05:00:00,-1.2,81,-4.1,0.0,0.0,2.66,0.0,0.0
2012-01-06 06:00:00,-0.6,79,-3.9,0.0,0.0,2.83,0.0,0.0
2012-01-06 07:00:00,-0.4,78,-3.8,0.0,0.0,2.92,0.0,0.0
2012-01-06 08:00:00,0.2,77,-3.4,0.0,0.0,3.11,9.0,0.0324
2012-01-06 09:00:00,2.5,71,-2.3,0.0,0.0,3.32,99.0,0.3564
2012-01-06 10:00:00,5.5,62,-1.3,0.0,0.0,3.11,244.0,0.8784
2012-01-06 11:00:00,7.8,57,-0.2,0.0,0.0,3.11,368.0,1.3248
2012-01-06 12:00:00,9.9,53,0.9,0.0,0.0,3.05,447.0,1.6092
2012-01-06 13:00:00,11.6,51,1.7,0.0,0.0,3.08,472.0,1.6992
2012-01-06 14:00:00,13.4,49,2.8,0.0,0.0,3.33,429.0,1.5444
2012-01-06 15:00:00,13.6,50,3.5,0.0,0.0,3.08,331.0,1.1916
2012-01-06 16:00:00,12.7,55,3.9,0.0,0.0,3.02,192.0,0.6912
2012-01-06 17:00:00,10.6,60,3.1,0.0,0.0,3.35,48.0,0.1728
2012-01-06 18:00:00,9.5,62,2.5,0.0,0.0,3.85,0.0,0.0
2012-01-06 19:00:00,8.8,62,1.9,0.0,0.0,4.08,0.0,0.0
2012-01-06 20:00:00,8.2,63,1.6,0.0,0.0,4.0,0.0,0.0
2012-01-06 21:00:00,7.4,65,1.3,0.0,0.0,3.75,0.0,0.0
2012-01-06 22:00:00,6.3,70,1.3,0.0,0.0,3.55,0.0,0.0
2012-01-06 23:00:00,5.1,76,1.2,0.0,0.0,3.19,0.0,0.0
2012-01-07 00:00:00,3.9,81,0.9,0.0,0.0,2.73,0.0,0.0
2012-01-07 01:00:00,2.8,85,0.5,0.0,0.0,2.44,0.0,0.0
2012-01-07 02:00:00,2.8,82,0.0,0.0,0.0,2.28,0.0,0.0
2012-01-07 03:00:00,2.1,84,-0.4,0.0,0.0,2.43,0.0,0.0
2012-01-07 04:00:00,1.4,86,-0.7,0.0,0.0,2.45,0.0,0.0
2012-01-07 05:00:00,0.7,89,-1.0,0.0,0.0,2.51,0.0,0.0
2012-01-07 06:00:00,0.1,90,-1.3,0.0,0.0,2.33,0.0,0.0
2012-01-07 07:00:00,-0.3,91,-1.6,0.0,0.0,2.39,0.0,0.0
2012-01-07 08:00:00,-0.0,89,-1.6,0.0,0.0,2.69,11.0,0.039599999999999996
2012-01-07 09:00:00,3.5,83,0.9,0.0,0.0,2.83,128.0,0.4608
2012-01-07 10:00:00,8.4,63,1.8,0.0,0.0,2.62,276.0,0.9935999999999999
2012-01-07 11:00:00,11.4,58,3.3,0.0,0.0,2.84,390.0,1.404
2012-01-07 12:00:00,13.6,57,5.2,0.0,0.0,3.26,425.0,1.53
2012-01-07 13:00:00,15.3,57,7.0,0.0,0.0,3.39,474.0,1.7064
2012-01-07 14:00:00,17.1,54,7.8,0.0,0.0,3.5,396.0,1.4256
2012-01-07 15:00:00,17.1,57,8.5,0.0,0.0,3.4,283.0,1.0188
2012-01-07 16:00:00,15.9,63,8.8,0.0,0.0,2.94,131.0,0.47159999999999996
2012-01-07 17:00:00,14.1,69,8.5,0.0,0.0,2.65,32.0,0.1152
2012-01-07 18:00:00,12.2,75,7.9,0.0,0.0,2.78,0.0,0.0
2012-01-07 19:00:00,11.0,73,6.3,0.0,0.0,3.32,0.0,0.0
2012-01-07 20:00:00,9.8,69,4.5,0.0,0.0,3.55,0.0,0.0
2012-01-07 21:00:00,8.8,67,3.0,0.0,0.0,3.56,0.0,0.0
2012-01-07 22:00:00,7.7,65,1.5,0.0,0.0,3.78,0.0,0.0
2012-01-07 23:00:00,6.6,65,0.4,0.0,0.0,3.8,0.0,0.0
2012-01-08 00:00:00,5.6,65,-0.5,0.0,0.0,3.61,0.0,0.0
2012-01-08 01:00:00,4.7,66,-1.1,0.0,0.0,3.69,0.0,0.0
2012-01-08 02:00:00,4.8,67,-0.8,0.0,0.0,3.64,0.0,0.0
2012-01-08 03:00:00,4.0,69,-1.2,0.0,0.0,3.41,0.0,0.0
2012-01-08 04:00:00,3.1,72,-1.5,0.0,0.0,2.94,0.0,0.0
2012-01-08 05:00:00,2.0,77,-1.6,0.0,0.0,2.33,0.0,0.0
2012-01-08 06:00:00,1.2,80,-1.9,0.0,0.0,2.16,0.0,0.0
2012-01-08 07:00:00,0.4,83,-2.2,0.0,0.0,2.02,0.0,0.0
2012-01-08 08:00:00,0.5,82,-2.2,0.0,0.0,1.84,10.0,0.036
2012-01-08 09:00:00,2.7,82,-0.0,0.0,0.0,2.13,118.0,0.4248
2012-01-08 10:00:00,5.9,64,-0.3,0.0,0.0,1.84,265.0,0.954
2012-01-08 11:00:00,7.1,57,-0.9,0.0,0.0,2.84,384.0,1.3824
2012-01-08 12:00:00,7.9,54,-0.8,0.0,0.0,2.97,463.0,1.6668
2012-01-08 13:00:00,8.5,52,-0.7,0.0,0.0,2.92,453.0,1.6308
2012-01-08 14:00:00,9.7,48,-0.7,0.0,0.0,3.3,441.0,1.5876
2012-01-08 15:00:00,9.7,48,-0.9,0.0,0.0,3.28,348.0,1.2528
2012-01-08 16:00:00,9.1,49,-1.1,0.0,0.0,2.83,207.0,0.7452
2012-01-08 17:00:00,7.5,54,-1.2,0.0,0.0,1.92,55.0,0.19799999999999998
2012-01-08 18:00:00,5.8,60,-1.4,0.0,0.0,2.21,0.0,0.0
2012-01-08 19:00:00,4.3,65,-1.7,0.0,0.0,2.6,0.0,0.0
2012-01-08 20:00:00,2.9,69,-2.1,0.0,0.0,2.42,0.0,0.0
2012-01-08 21:00:00,1.6,74,-2.4,0.0,0.0,2.06,0.0,0.0
2012-01-08 22:00:00,0.6,78,-2.8,0.0,0.0,2.06,0.0,0.0
2012-01-08 23:00:00,-0.0,78,-3.3,0.0,0.0,1.84,0.0,0.0
2012-01-09 00:00:00,-0.4,78,-3.7,0.0,0.0,1.75,0.0,0.0
2012-01-09 01:00:00,-1.0,80,-4.0,0.0,0.0,1.68,0.0,0.0
2012-01-09 02:00:00,-1.1,79,-4.3,0.0,0.0,1.68,0.0,0.0
2012-01-09 03:00:00,-1.4,79,-4.5,0.0,0.0,1.58,0.0,0.0
2012-01-09 04:00:00,-1.4,79,-4.6,0.0,0.0,1.49,0.0,0.0
2012-01-09 05:00:00,-0.9,78,-4.2,0.0,0.0,1.49,0.0,0.0
2012-01-09 06:00:00,-0.9,80,-3.9,0.0,0.0,1.66,0.0,0.0
2012-01-09 07:00:00,-0.5,81,-3.4,0.0,0.0,1.3,0.0,0.0
2012-01-09 08:00:00,-0.1,82,-2.8,0.0,0.0,1.43,7.0,0.0252
2012-01-09 09:00:00,1.4,76,-2.4,0.0,0.0,1.68,69.0,0.24839999999999998
2012-01-09 10:00:00,3.2,67,-2.4,0.0,0.0,1.89,224.0,0.8064
2012-01-09 11:00:00,4.5,61,-2.4,0.0,0.0,1.92,335.0,1.206
2012-01-09 12:00:00,5.5,58,-2.2,0.0,0.0,1.92,374.0,1.3464
2012-01-09 13:00:00,6.1,56,-1.9,0.0,0.0,1.94,392.0,1.4112
2012-01-09 14:00:00,3.4,69,-1.7,0.1,0.14,2.25,166.0,0.5976
2012-01-09 15:00:00,3.0,75,-0.9,0.1,0.14,2.34,140.0,0.504
2012-01-09 16:00:00,2.4,83,-0.2,0.1,0.14,2.28,75.0,0.27
2012-01-09 17:00:00,1.5,92,0.4,0.2,0.28,1.7,18.0,0.0648
2012-01-09 18:00:00,1.0,97,0.5,0.1,0.21,1.92,0.0,0.0
2012-01-09 19:00:00,0.8,98,0.6,0.0,0.0,1.65,0.0,0.0
2012-01-09 20:00:00,1.0,97,0.6,0.0,0.0,1.81,0.0,0.0
2012-01-09 21:00:00,1.1,96,0.6,0.0,0.0,1.65,0.0,0.0
2012-01-09 22:00:00,1.3,96,0.8,0.0,0.0,1.86,0.0,0.0
2012-01-09 23:00:00,1.4,97,1.0,0.0,0.0,2.33,0.0,0.0
2012-01-10 00:00:00,1.4,98,1.0,0.0,0.0,2.14,0.0,0.0
2012-01-10 01:00:00,1.2,99,1.0,0.0,0.0,2.28,0.0,0.0
2012-01-10 02:00:00,0.9,97,0.5,0.0,0.0,2.09,0.0,0.0
2012-01-10 03:00:00,0.6,97,0.2,0.0,0.0,1.99,0.0,0.0
2012-01-10 04:00:00,0.4,97,0.0,0.0,0.0,2.52,0.0,0.0
2012-01-10 05:00:00,-0.1,97,-0.4,0.0,0.0,2.69,0.0,0.0
2012-01-10 06:00:00,-0.3,97,-0.7,0.0,0.0,2.91,0.0,0.0
2012-01-10 07:00:00,-0.4,95,-1.0,0.0,0.0,3.19,0.0,0.0
2012-01-10 08:00:00,-0.3,94,-1.2,0.0,0.0,3.27,11.0,0.039599999999999996
2012-01-10 09:00:00,1.8,89,0.2,0.0,0.0,2.97,130.0,0.46799999999999997
2012-01-10 10:00:00,5.1,76,1.3,0.0,0.0,3.1,284.0,1.0224
2012-01-10 11:00:00,7.7,63,1.2,0.0,0.0,3.06,407.0,1.4652
2012-01-10 12:00:00,9.0,54,0.3,0.0,0.0,3.61,482.0,1.7351999999999999
2012-01-10 13:00:00,9.8,52,0.3,0.0,0.0,4.2,497.0,1.7892
2012-01-10 14:00:00,10.9,49,0.6,0.0,0.0,4.11,452.0,1.6272
2012-01-10 15:00:00,11.0,48,0.5,0.0,0.0,3.91,354.0,1.2744
2012-01-10 16:00:00,10.4,52,0.9,0.0,0.0,2.77,213.0,0.7667999999999999
2012-01-10 17:00:00,8.5,59,0.9,0.0,0.0,1.75,60.0,0.216
2012-01-10 18:00:00,6.5,68,1.1,0.0,0.0,1.8,0.0,0.0
2012-01-10 19:00:00,4.4,79,1.1,0.0,0.0,1.9,0.0,0.0
2012-01-10 20:00:00,3.1,83,0.5,0.0,0.0,1.1,0.0,0.0
2012-01-10 21:00:00,2.6,82,-0.1,0.0,0.0,1.2,0.0,0.0
2012-01-10 22:00:00,1.7,85,-0.6,0.0,0.0,1.51,0.0,0.0
2012-01-10 23:00:00,0.5,89,-1.2,0.0,0.0,1.56,0.0,0.0
2012-01-11 00:00:00,-0.5,92,-1.7,0.0,0.0,1.61,0.0,0.0
2012-01-11 01:00:00,-0.1,90,-1.6,0.0,0.0,1.99,0.0,0.0
2012-01-11 02:00:00,-0.7,92,-1.9,0.0,0.0,2.16,0.0,0.0
2012-01-11 03:00:00,-1.2,93,-2.3,0.0,0.0,2.0,0.0,0.0
2012-01-11 04:00:00,-1.4,93,-2.3,0.0,0.0,1.92,0.0,0.0
2012-01-11 05:00:00,-1.5,94,-2.3,0.0,0.0,2.43,0.0,0.0
2012-01-11 06:00:00,-1.6,95,-2.3,0.0,0.0,2.52,0.0,0.0
2012-01-11 07:00:00,-1.6,96,-2.1,0.0,0.0,2.21,0.0,0.0
2012-01-11 08:00:00,-1.1,96,-1.6,0.0,0.0,2.2,11.0,0.039599999999999996
2012-01-11 09:00:00,1.9,95,1.1,0.0,0.0,2.42,108.0,0.3888
2012-01-11 10:00:00,5.9,83,3.2,0.0,0.0,2.15,244.0,0.8784
2012-01-11 11:00:00,7.8,78,4.3,0.0,0.0,2.69,329.0,1.1844
2012-01-11 12:00:00,8.7,77,4.9,0.0,0.0,3.33,311.0,1.1196
2012-01-11 13:00:00,8.7,79,5.3,0.2,0.0,3.14,217.0,0.7812
2012-01-11 14:00:00,7.2,90,5.6,0.7,0.0,3.18,66.0,0.2376
2012-01-11 15:00:00,6.9,93,5.8,0.5,0.0,3.49,39.0,0.1404
2012-01-11 16:00:00,6.9,93,5.9,0.3,0.0,3.89,24.0,0.0864
2012-01-11 17:00:00,6.7,94,5.7,0.3,0.0,3.2,7.0,0.0252
2012-01-11 18:00:00,6.7,94,5.7,0.3,0.0,4.51,0.0,0.0
2012-01-11 19:00:00,6.7,94,5.8,0.8,0.0,5.0,0.0,0.0
2012-01-11 20:00:00,6.8,95,6.0,1.8,0.0,5.32,0.0,0.0
2012-01-11 21:00:00,7.2,95,6.5,2.8,0.0,5.74,0.0,0.0
2012-01-11 22:00:00,7.6,96,6.9,4.4,0.0,5.5,0.0,0.0
2012-01-11 23:00:00,7.7,96,7.2,1.7,0.0,5.61,0.0,0.0
2012-01-12 00:00:00,7.8,98,7.5,2.1,0.0,5.63,0.0,0.0
2012-01-12 01:00:00,7.8,99,7.7,2.5,0.0,4.5,0.0,0.0
2012-01-12 02:00:00,9.6,99,9.5,3.3,0.0,3.41,0.0,0.0
2012-01-12 03:00:00,10.1,99,10.0,1.8,0.0,2.28,0.0,0.0
2012-01-12 04:00:00,10.1,99,10.0,0.7,0.0,1.71,0.0,0.0
2012-01-12 05:00:00,9.5,99,9.4,0.1,0.0,1.7,0.0,0.0
2012-01-12 06:00:00,8.1,99,8.0,0.0,0.0,3.21,0.0,0.0
2012-01-12 07:00:00,6.8,98,6.5,0.0,0.0,3.44,0.0,0.0
2012-01-12 08:00:00,6.1,97,5.6,0.0,0.0,2.94,5.0,0.018
2012-01-12 09:00:00,6.1,95,5.3,0.0,0.0,3.47,65.0,0.23399999999999999
2012-01-12 10:00:00,6.6,93,5.6,0.0,0.0,3.32,123.0,0.44279999999999997
2012-01-12 11:00:00,7.9,89,6.2,0.0,0.0,2.73,216.0,0.7776
2012-01-12 12:00:00,9.4,84,6.8,0.0,0.0,2.75,269.0,0.9683999999999999
2012-01-12 13:00:00,11.4,77,7.5,0.0,0.0,2.48,388.0,1.3968
2012-01-12 14:00:00,12.2,74,7.8,0.0,0.0,3.19,331.0,1.1916
2012-01-12 15:00:00,13.4,69,7.8,0.0,0.0,3.61,327.0,1.1772
2012-01-12 16:00:00,13.4,68,7.6,0.0,0.0,2.34,144.0,0.5184
2012-01-12 17:00:00,12.1,74,7.7,0.0,0.0,2.2,29.0,0.10439999999999999
2012-01-12 18:00:00,11.0,80,7.6,0.0,0.0,2.88,0.0,0.0
2012-01-12 19:00:00,11.1,80,7.7,0.3,0.0,3.13,0.0,0.0
2012-01-12 20:00:00,10.8,86,8.6,0.5,0.0,3.22,0.0,0.0
2012-01-12 21:00:00,10.3,87,8.3,0.2,0.0,3.7,0.0,0.0
2012-01-12 22:00:00,10.1,88,8.2,0.0,0.0,4.3,0.0,0.0
2012-01-12 23:00:00,9.3,88,7.4,0.0,0.0,5.0,0.0,0.0
2012-01-13 00:00:00,9.1,86,6.8,0.0,0.0,5.22,0.0,0.0
2012-01-13 01:00:00,9.4,81,6.3,0.0,0.0,5.63,0.0,0.0
2012-01-13 02:00:00,10.2,75,6.0,0.0,0.0,5.81,0.0,0.0
2012-01-13 03:00:00,9.0,86,6.7,1.3,0.0,5.87,0.0,0.0
2012-01-13 04:00:00,4.9,90,3.4,0.5,0.0,7.21,0.0,0.0
2012-01-13 05:00:00,2.9,82,0.1,0.2,0.0,3.69,0.0,0.0
2012-01-13 06:00:00,2.6,72,-1.9,0.0,0.0,4.7,0.0,0.0
2012-01-13 07:00:00,1.7,56,-6.2,0.0,0.0,5.31,0.0,0.0
2012-01-13 08:00:00,0.9,48,-9.0,0.0,0.0,5.2,12.0,0.0432
2012-01-13 09:00:00,1.1,41,-10.7,0.0,0.0,6.12,136.0,0.4896
2012-01-13 10:00:00,1.5,37,-11.7,0.0,0.0,6.61,290.0,1.044
2012-01-13 11:00:00,2.0,35,-12.0,0.0,0.0,8.26,406.0,1.4616
2012-01-13 12:00:00,3.0,32,-12.0,0.0,0.0,8.36,502.0,1.8072
2012-01-13 13:00:00,4.1,31,-11.6,0.0,0.0,8.71,519.0,1.8683999999999998
2012-01-13 14:00:00,4.0,32,-11.3,0.0,0.0,8.5,415.0,1.494
2012-01-13 15:00:00,3.9,33,-10.9,0.0,0.0,7.02,352.0,1.2671999999999999
2012-01-13 16:00:00,3.6,34,-11.0,0.0,0.0,6.0,228.0,0.8208
2012-01-13 17:00:00,2.8,35,-11.1,0.0,0.0,4.04,69.0,0.24839999999999998
2012-01-13 18:00:00,1.9,37,-11.1,0.0,0.0,3.31,0.0,0.0
2012-01-13 19:00:00,1.1,40,-11.1,0.0,0.0,3.16,0.0,0.0
2012-01-13 20:00:00,0.5,41,-11.3,0.0,0.0,3.38,0.0,0.0
2012-01-13 21:00:00,-0.1,41,-11.7,0.0,0.0,3.92,0.0,0.0
2012-01-13 22:00:00,-0.7,42,-11.9,0.0,0.0,4.1,0.0,0.0
2012-01-13 23:00:00,-1.1,43,-12.0,0.0,0.0,4.13,0.0,0.0
2012-01-14 00:00:00,-1.4,44,-12.0,0.0,0.0,4.02,0.0,0.0
2012-01-14 01:00:00,-1.5,44,-12.1,0.0,0.0,4.03,0.0,0.0
2012-01-14 02:00:00,-2.0,45,-12.3,0.0,0.0,4.06,0.0,0.0
2012-01-14 03:00:00,-2.1,46,-12.3,0.0,0.0,4.06,0.0,0.0
2012-01-14 04:00:00,-2.3,47,-12.1,0.0,0.0,4.06,0.0,0.0
2012-01-14 05:00:00,-2.5,48,-11.9,0.0,0.0,3.6,0.0,0.0
2012-01-14 06:00:00,-2.6,48,-12.2,0.0,0.0,3.31,0.0,0.0
2012-01-14 07:00:00,-2.7,49,-12.1,0.0,0.0,2.52,0.0,0.0
2012-01-14 08:00:00,-2.7,52,-11.1,0.0,0.0,2.63,13.0,0.0468
2012-01-14 09:00:00,-1.7,49,-11.2,0.0,0.0,3.5,139.0,0.5004
2012-01-14 10:00:00,-0.7,47,-10.6,0.0,0.0,3.75,299.0,1.0764
2012-01-14 11:00:00,0.3,46,-10.0,0.0,0.0,3.98,428.0,1.5408
2012-01-14 12:00:00,1.4,43,-9.9,0.0,0.0,3.79,506.0,1.8215999999999999
2012-01-14 13:00:00,1.9,42,-9.6,0.0,0.0,3.63,521.0,1.8756
2012-01-14 14:00:00,2.4,43,-8.9,0.0,0.0,3.73,446.0,1.6056
2012-01-14 15:00:00,2.6,41,-9.4,0.0,0.0,3.93,290.0,1.044
2012-01-14 16:00:00,2.3,39,-10.1,0.0,0.0,3.64,126.0,0.4536
2012-01-14 17:00:00,1.7,42,-9.9,0.0,0.0,2.02,39.0,0.1404
2012-01-14 18:00:00,0.6,47,-9.4,0.0,0.0,1.5,0.0,0.0
2012-01-14 19:00:00,-0.5,53,-9.0,0.0,0.0,1.77,0.0,0.0
2012-01-14 20:00:00,-1.7,60,-8.3,0.0,0.0,2.33,0.0,0.0
2012-01-14 21:00:00,-2.7,63,-8.7,0.0,0.0,2.55,0.0,0.0
2012-01-14 22:00:00,-3.5,64,-9.3,0.0,0.0,2.55,0.0,0.0
2012-01-14 23:00:00,-3.8,64,-9.7,0.0,0.0,2.62,0.0,0.0
2012-01-15 00:00:00,-3.9,62,-10.1,0.0,0.0,2.56,0.0,0.0
2012-01-15 01:00:00,-3.9,59,-10.8,0.0,0.0,2.62,0.0,0.0
2012-01-15 02:00:00,-3.7,55,-11.4,0.0,0.0,2.83,0.0,0.0
2012-01-15 03:00:00,-3.5,54,-11.5,0.0,0.0,3.06,0.0,0.0
2012-01-15 04:00:00,-3.3,53,-11.4,0.0,0.0,2.86,0.0,0.0
2012-01-15 05:00:00,-3.1,52,-11.5,0.0,0.0,3.36,0.0,0.0
2012-01-15 06:00:00,-3.5,54,-11.5,0.0,0.0,3.16,0.0,0.0
2012-01-15 07:00:00,-3.6,54,-11.6,0.0,0.0,3.35,0.0,0.0
2012-01-15 08:00:00,-3.4,51,-12.0,0.0,0.0,3.76,13.0,0.0468
2012-01-15 09:00:00,-2.2,43,-13.2,0.0,0.0,4.18,141.0,0.5075999999999999
2012-01-15 10:00:00,-1.4,38,-13.9,0.0,0.0,3.88,303.0,1.0908
2012-01-15 11:00:00,-0.7,36,-14.1,0.0,0.0,3.48,438.0,1.5768
2012-01-15 12:00:00,-0.2,35,-14.0,0.0,0.0,3.4,516.0,1.8576
2012-01-15 13:00:00,0.2,32,-14.5,0.0,0.0,3.31,536.0,1.9296
2012-01-15 14:00:00,0.7,33,-13.9,0.0,0.0,3.22,492.0,1.7711999999999999
2012-01-15 15:00:00,0.7,32,-14.3,0.0,0.0,3.14,390.0,1.404
2012-01-15 16:00:00,0.3,31,-14.8,0.0,0.0,2.78,242.0,0.8712
2012-01-15 17:00:00,-0.7,35,-14.2,0.0,0.0,1.53,77.0,0.2772
2012-01-15 18:00:00,-2.4,54,-10.5,0.0,0.0,1.61,0.0,0.0
2012-01-15 19:00:00,-3.2,50,-12.1,0.0,0.0,1.61,0.0,0.0
2012-01-15 20:00:00,-3.7,47,-13.4,0.0,0.0,1.44,0.0,0.0
2012-01-15 21:00:00,-4.1,45,-14.3,0.0,0.0,1.66,0.0,0.0
2012-01-15 22:00:00,-4.0,45,-14.3,0.0,0.0,1.77,0.0,0.0
2012-01-15 23:00:00,-3.6,43,-14.3,0.0,0.0,1.51,0.0,0.0
2012-01-16 00:00:00,-2.4,42,-13.7,0.0,0.0,1.1,0.0,0.0
2012-01-16 01:00:00,-2.6,44,-13.1,0.0,0.0,1.33,0.0,0.0
2012-01-16 02:00:00,-4.9,66,-10.2,0.0,0.0,1.26,0.0,0.0
2012-01-16 03:00:00,-5.1,71,-9.6,0.0,0.0,1.68,0.0,0.0
2012-01-16 04:00:00,-5.1,73,-9.2,0.0,0.0,1.97,0.0,0.0
2012-01-16 05:00:00,-5.1,74,-8.9,0.0,0.0,1.64,0.0,0.0
2012-01-16 06:00:00,-5.1,76,-8.7,0.0,0.0,2.06,0.0,0.0
2012-01-16 07:00:00,-4.9,76,-8.5,0.0,0.0,2.33,0.0,0.0
2012-01-16 08:00:00,-4.2,73,-8.3,0.0,0.0,2.88,13.0,0.0468
2012-01-16 09:00:00,-1.5,60,-8.2,0.0,0.0,3.42,139.0,0.5004
2012-01-16 10:00:00,0.3,51,-8.6,0.0,0.0,4.14,291.0,1.0475999999999999
2012-01-16 11:00:00,1.8,46,-8.5,0.0,0.0,4.61,414.0,1.4904
2012-01-16 12:00:00,3.0,43,-8.2,0.0,0.0,4.9,467.0,1.6812
2012-01-16 13:00:00,4.0,42,-7.8,0.0,0.0,5.2,479.0,1.7244
2012-01-16 14:00:00,4.3,45,-6.7,0.0,0.0,5.22,468.0,1.6847999999999999
2012-01-16 15:00:00,4.3,45,-6.6,0.0,0.0,5.12,354.0,1.2744
2012-01-16 16:00:00,3.8,47,-6.4,0.0,0.0,4.3,219.0,0.7884
2012-01-16 17:00:00,2.3,51,-6.8,0.0,0.0,3.45,69.0,0.24839999999999998
2012-01-16 18:00:00,1.1,56,-6.7,0.0,0.0,4.0,0.0,0.0
2012-01-16 19:00:00,1.3,56,-6.4,0.0,0.0,4.62,0.0,0.0
2012-01-16 20:00:00,2.0,56,-5.8,0.0,0.0,5.1,0.0,0.0
2012-01-16 21:00:00,2.0,64,-4.1,0.4,0.0,5.5,0.0,0.0
2012-01-16 22:00:00,1.8,77,-1.9,1.1,0.0,5.41,0.0,0.0
2012-01-16 23:00:00,2.1,79,-1.1,0.7,0.0,5.19,0.0,0.0
2012-01-17 00:00:00,2.6,75,-1.3,0.0,0.0,5.28,0.0,0.0
2012-01-17 01:00:00,3.2,71,-1.6,0.0,0.0,5.08,0.0,0.0
2012-01-17 02:00:00,3.3,80,0.1,0.1,0.0,4.94,0.0,0.0
2012-01-17 03:00:00,3.9,75,-0.2,0.0,0.0,5.14,0.0,0.0
2012-01-17 04:00:00,4.6,70,-0.4,0.0,0.0,5.33,0.0,0.0
2012-01-17 05:00:00,5.1,68,-0.3,0.0,0.0,4.49,0.0,0.0
2012-01-17 06:00:00,5.5,71,0.7,0.2,0.0,4.58,0.0,0.0
2012-01-17 07:00:00,5.3,81,2.3,0.7,0.0,4.66,0.0,0.0
2012-01-17 08:00:00,5.5,85,3.2,0.2,0.0,4.7,4.0,0.0144
2012-01-17 09:00:00,6.3,85,4.0,0.0,0.0,4.84,34.0,0.1224
2012-01-17 10:00:00,7.6,84,5.0,0.0,0.0,4.84,123.0,0.44279999999999997
2012-01-17 11:00:00,9.2,80,6.0,0.0,0.0,5.1,174.0,0.6264
2012-01-17 12:00:00,11.0,75,6.8,0.0,0.0,4.96,289.0,1.0404
2012-01-17 13:00:00,11.9,75,7.6,0.5,0.0,5.68,296.0,1.0655999999999999
2012-01-17 14:00:00,13.6,67,7.6,0.0,0.0,6.26,366.0,1.3175999999999999
2012-01-17 15:00:00,14.4,64,7.7,0.2,0.0,6.13,351.0,1.2636
2012-01-17 16:00:00,14.3,64,7.5,0.0,0.0,6.6,207.0,0.7452
2012-01-17 17:00:00,13.3,68,7.5,0.0,0.0,6.4,72.0,0.2592
2012-01-17 18:00:00,13.0,71,7.8,0.0,0.0,6.72,0.0,0.0
2012-01-17 19:00:00,12.9,73,8.1,0.0,0.0,6.49,0.0,0.0
2012-01-17 20:00:00,13.2,74,8.6,0.0,0.0,6.64,0.0,0.0
2012-01-17 21:00:00,13.0,77,9.0,0.0,0.0,6.48,0.0,0.0
2012-01-17 22:00:00,12.5,82,9.4,0.0,0.0,6.44,0.0,0.0
2012-01-17 23:00:00,12.3,84,9.7,0.0,0.0,5.76,0.0,0.0
2012-01-18 00:00:00,11.8,88,9.9,0.0,0.0,4.97,0.0,0.0
2012-01-18 01:00:00,11.0,82,8.0,0.0,0.0,5.63,0.0,0.0
2012-01-18 02:00:00,10.4,64,3.9,0.0,0.0,6.89,0.0,0.0
2012-01-18 03:00:00,8.0,54,-0.6,0.0,0.0,6.93,0.0,0.0
2012-01-18 04:00:00,6.2,54,-2.5,0.0,0.0,6.57,0.0,0.0
2012-01-18 05:00:00,5.0,54,-3.7,0.0,0.0,5.46,0.0,0.0
2012-01-18 06:00:00,4.1,54,-4.3,0.0,0.0,5.22,0.0,0.0
2012-01-18 07:00:00,3.2,56,-4.7,0.0,0.0,4.7,0.0,0.0
2012-01-18 08:00:00,2.6,58,-4.8,0.0,0.0,4.92,14.0,0.0504
2012-01-18 09:00:00,2.7,53,-6.0,0.0,0.0,6.06,145.0,0.522
2012-01-18 10:00:00,3.1,48,-6.9,0.0,0.0,7.14,287.0,1.0332
2012-01-18 11:00:00,3.6,44,-7.4,0.0,0.0,7.31,408.0,1.4687999999999999
2012-01-18 12:00:00,4.0,41,-8.0,0.0,0.0,7.26,499.0,1.7964
2012-01-18 13:00:00,4.0,39,-8.8,0.0,0.0,7.0,539.0,1.9404
2012-01-18 14:00:00,4.2,39,-8.4,0.0,0.0,6.6,503.0,1.8108
2012-01-18 15:00:00,3.7,38,-9.3,0.0,0.0,6.05,376.0,1.3536
2012-01-18 16:00:00,3.1,36,-10.4,0.0,0.0,5.35,250.0,0.9
2012-01-18 17:00:00,2.2,36,-11.2,0.0,0.0,3.26,84.0,0.3024
2012-01-18 18:00:00,1.1,39,-11.4,0.0,0.0,2.77,1.0,0.0036
2012-01-18 19:00:00,-0.0,44,-10.7,0.0,0.0,2.76,0.0,0.0
2012-01-18 20:00:00,-1.5,59,-8.4,0.0,0.0,2.44,0.0,0.0
2012-01-18 21:00:00,-1.6,54,-9.8,0.0,0.0,2.15,0.0,0.0
2012-01-18 22:00:00,-1.3,51,-10.2,0.0,0.0,1.6,0.0,0.0
2012-01-18 23:00:00,-1.8,55,-9.7,0.0,0.0,1.6,0.0,0.0
2012-01-19 00:00:00,-2.4,58,-9.5,0.0,0.0,1.22,0.0,0.0
2012-01-19 01:00:00,-2.5,59,-9.5,0.0,0.0,1.24,0.0,0.0
2012-01-19 02:00:00,-4.1,66,-9.5,0.0,0.0,1.25,0.0,0.0
2012-01-19 03:00:00,-3.9,65,-9.5,0.0,0.0,1.34,0.0,0.0
2012-01-19 04:00:00,-4.0,67,-9.3,0.0,0.0,1.3,0.0,0.0
2012-01-19 05:00:00,-4.0,67,-9.1,0.0,0.0,1.41,0.0,0.0
2012-01-19 06:00:00,-3.6,67,-8.9,0.0,0.0,1.89,0.0,0.0
2012-01-19 07:00:00,-3.7,70,-8.4,0.0,0.0,1.8,0.0,0.0
2012-01-19 08:00:00,-3.5,72,-7.7,0.0,0.0,1.77,15.0,0.054
2012-01-19 09:00:00,-1.3,62,-7.7,0.0,0.0,2.48,144.0,0.5184
2012-01-19 10:00:00,0.4,54,-7.8,0.0,0.0,2.68,310.0,1.1159999999999999
2012-01-19 11:00:00,1.7,50,-7.5,0.0,0.0,3.06,441.0,1.5876
2012-01-19 12:00:00,2.6,48,-7.4,0.0,0.0,3.51,510.0,1.8359999999999999
2012-01-19 13:00:00,3.5,45,-7.2,0.0,0.0,3.63,538.0,1.9367999999999999
2012-01-19 14:00:00,3.4,45,-7.5,0.0,0.0,4.04,496.0,1.7855999999999999
2012-01-19 15:00:00,3.7,43,-7.7,0.0,0.0,4.2,377.0,1.3572
2012-01-19 16:00:00,3.3,45,-7.7,0.0,0.0,3.83,198.0,0.7128
2012-01-19 17:00:00,2.0,49,-7.7,0.0,0.0,3.2,48.0,0.1728
2012-01-19 18:00:00,1.2,54,-7.2,0.0,0.0,3.9,1.0,0.0036
2012-01-19 19:00:00,0.9,57,-6.6,0.0,0.0,4.98,0.0,0.0
2012-01-19 20:00:00,1.1,60,-5.9,0.0,0.0,5.07,0.0,0.0
2012-01-19 21:00:00,0.9,63,-5.3,0.0,0.0,4.85,0.0,0.0
2012-01-19 22:00:00,0.8,66,-4.9,0.0,0.0,4.53,0.0,0.0
2012-01-19 23:00:00,0.8,67,-4.6,0.0,0.0,4.33,0.0,0.0
2012-01-20 00:00:00,0.5,69,-4.4,0.0,0.0,3.61,0.0,0.0
2012-01-20 01:00:00,0.1,72,-4.4,0.0,0.0,2.65,0.0,0.0
2012-01-20 02:00:00,-0.1,70,-5.0,0.0,0.0,2.42,0.0,0.0
2012-01-20 03:00:00,-0.3,70,-5.2,0.0,0.0,2.64,0.0,0.0
2012-01-20 04:00:00,-0.4,69,-5.5,0.0,0.0,2.83,0.0,0.0
2012-01-20 05:00:00,-0.4,69,-5.3,0.0,0.0,2.82,0.0,0.0
2012-01-20 06:00:00,-1.2,74,-5.3,0.0,0.0,2.67,0.0,0.0
2012-01-20 07:00:00,-1.6,71,-6.1,0.0,0.0,3.08,0.0,0.0
2012-01-20 08:00:00,-2.0,67,-7.4,0.0,0.0,3.31,14.0,0.0504
2012-01-20 09:00:00,-1.2,49,-10.5,0.0,0.0,3.7,146.0,0.5256
2012-01-20 10:00:00,-0.6,43,-11.7,0.0,0.0,3.1,308.0,1.1088
2012-01-20 11:00:00,-0.0,39,-12.4,0.0,0.0,2.93,377.0,1.3572
2012-01-20 12:00:00,0.6,36,-12.8,0.0,0.0,3.14,451.0,1.6236
2012-01-20 13:00:00,1.1,34,-13.1,0.0,0.0,2.93,452.0,1.6272
2012-01-20 14:00:00,1.7,36,-11.6,0.0,0.0,2.6,388.0,1.3968
2012-01-20 15:00:00,1.5,36,-12.1,0.0,0.0,2.26,239.0,0.8603999999999999
2012-01-20 16:00:00,1.1,35,-12.5,0.0,0.0,1.58,142.0,0.5112
2012-01-20 17:00:00,0.5,41,-11.2,0.0,0.0,0.73,52.0,0.1872
2012-01-20 18:00:00,-0.1,45,-10.6,0.0,0.0,0.98,1.0,0.0036
2012-01-20 19:00:00,-0.6,49,-10.0,0.0,0.0,1.3,0.0,0.0
2012-01-20 20:00:00,-0.8,51,-9.8,0.0,0.0,2.14,0.0,0.0
2012-01-20 21:00:00,-0.7,51,-9.7,0.0,0.0,2.28,0.0,0.0
2012-01-20 22:00:00,-0.7,52,-9.4,0.0,0.0,2.62,0.0,0.0
2012-01-20 23:00:00,-0.7,56,-8.4,0.0,0.14,3.02,0.0,0.0
2012-01-21 00:00:00,-0.5,57,-7.9,0.0,0.28,3.05,0.0,0.0
2012-01-21 01:00:00,-0.4,61,-7.1,0.0,0.35,2.95,0.0,0.0
2012-01-21 02:00:00,-1.6,80,-4.7,0.0,0.49,2.92,0.0,0.0
2012-01-21 03:00:00,-1.7,86,-3.7,0.2,0.28,2.79,0.0,0.0
2012-01-21 04:00:00,-1.5,90,-3.0,0.0,0.21,3.03,0.0,0.0
2012-01-21 05:00:00,-1.2,92,-2.4,0.0,0.07,2.93,0.0,0.0
2012-01-21 06:00:00,-0.8,94,-1.7,0.2,0.07,2.25,0.0,0.0
2012-01-21 07:00:00,-0.5,95,-1.2,0.2,0.14,2.6,0.0,0.0
2012-01-21 08:00:00,-0.5,96,-1.1,0.1,0.14,2.68,2.0,0.0072
2012-01-21 09:00:00,-0.5,95,-1.1,0.1,0.0,2.15,14.0,0.0504
2012-01-21 10:00:00,-0.3,96,-0.9,1.0,0.0,2.42,38.0,0.1368
2012-01-21 11:00:00,-0.1,95,-0.8,0.7,0.0,2.2,38.0,0.1368
2012-01-21 12:00:00,0.1,95,-0.7,0.1,0.0,2.4,57.0,0.2052
2012-01-21 13:00:00,0.3,93,-0.7,0.0,0.0,2.72,79.0,0.2844
2012-01-21 14:00:00,-0.4,90,-1.8,0.0,0.0,3.07,108.0,0.3888
2012-01-21 15:00:00,0.6,86,-1.6,0.0,0.0,3.54,200.0,0.72
2012-01-21 16:00:00,0.7,84,-1.8,0.0,0.0,3.71,118.0,0.4248
2012-01-21 17:00:00,0.2,85,-2.1,0.0,0.0,3.21,48.0,0.1728
2012-01-21 18:00:00,-0.6,85,-2.8,0.0,0.0,3.51,1.0,0.0036
2012-01-21 19:00:00,-1.3,85,-3.5,0.0,0.0,3.31,0.0,0.0
2012-01-21 20:00:00,-1.8,86,-3.9,0.0,0.0,3.11,0.0,0.0
2012-01-21 21:00:00,-2.3,86,-4.3,0.0,0.0,2.94,0.0,0.0
2012-01-21 22:00:00,-2.7,86,-4.7,0.0,0.0,3.11,0.0,0.0
2012-01-21 23:00:00,-2.8,85,-4.9,0.0,0.0,3.11,0.0,0.0
2012-01-22 00:00:00,-2.9,85,-5.0,0.0,0.0,3.11,0.0,0.0
2012-01-22 01:00:00,-3.3,85,-5.4,0.0,0.0,3.42,0.0,0.0
2012-01-22 02:00:00,-2.6,79,-5.7,0.0,0.0,3.4,0.0,0.0
2012-01-22 03:00:00,-2.3,76,-5.9,0.0,0.0,3.02,0.0,0.0
2012-01-22 04:00:00,-2.2,75,-6.1,0.0,0.0,2.92,0.0,0.0
2012-01-22 05:00:00,-2.4,75,-6.3,0.0,0.0,2.48,0.0,0.0
2012-01-22 06:00:00,-2.5,74,-6.6,0.0,0.0,2.77,0.0,0.0
2012-01-22 07:00:00,-2.6,73,-6.7,0.0,0.0,2.55,0.0,0.0
2012-01-22 08:00:00,-2.5,74,-6.6,0.0,0.0,2.77,11.0,0.039599999999999996
2012-01-22 09:00:00,-1.9,72,-6.3,0.0,0.0,2.83,84.0,0.3024
2012-01-22 10:00:00,-1.2,72,-5.6,0.0,0.0,2.61,142.0,0.5112
2012-01-22 11:00:00,-0.5,72,-4.9,0.0,0.0,2.51,172.0,0.6192
2012-01-22 12:00:00,0.1,73,-4.1,0.0,0.0,2.44,188.0,0.6768
2012-01-22 13:00:00,0.8,73,-3.4,0.0,0.0,2.5,239.0,0.8603999999999999
2012-01-22 14:00:00,0.3,75,-3.6,0.0,0.07,2.45,142.0,0.5112
2012-01-22 15:00:00,0.5,76,-3.3,0.0,0.0,2.22,130.0,0.46799999999999997
2012-01-22 16:00:00,0.1,80,-3.0,0.0,0.07,2.11,54.0,0.1944
2012-01-22 17:00:00,-0.2,83,-2.7,0.0,0.07,1.88,28.0,0.1008
2012-01-22 18:00:00,-0.5,87,-2.4,0.0,0.07,1.99,0.0,0.0
2012-01-22 19:00:00,-0.4,88,-2.1,0.0,0.07,1.96,0.0,0.0
2012-01-22 20:00:00,-0.3,89,-1.8,0.0,0.07,2.16,0.0,0.0
2012-01-22 21:00:00,-0.0,90,-1.5,0.0,0.0,2.28,0.0,0.0
2012-01-22 22:00:00,0.2,91,-1.1,0.0,0.0,1.92,0.0,0.0
2012-01-22 23:00:00,0.5,92,-0.6,0.0,0.0,1.61,0.0,0.0
2012-01-23 00:00:00,0.7,94,-0.2,0.0,0.0,1.36,0.0,0.0
2012-01-23 01:00:00,1.1,94,0.2,0.0,0.0,0.81,0.0,0.0
2012-01-23 02:00:00,0.1,96,-0.5,0.2,0.0,0.86,0.0,0.0
2012-01-23 03:00:00,0.4,96,-0.1,0.0,0.0,1.43,0.0,0.0
2012-01-23 04:00:00,0.8,97,0.4,0.0,0.0,1.5,0.0,0.0
2012-01-23 05:00:00,1.2,97,0.8,0.0,0.0,0.2,0.0,0.0
2012-01-23 06:00:00,1.5,98,1.2,0.0,0.0,0.51,0.0,0.0
2012-01-23 07:00:00,1.7,98,1.4,0.0,0.0,0.54,0.0,0.0
2012-01-23 08:00:00,1.9,98,1.6,0.0,0.0,0.51,4.0,0.0144
2012-01-23 09:00:00,2.7,97,2.2,0.0,0.0,1.39,36.0,0.1296
2012-01-23 10:00:00,4.0,96,3.3,0.0,0.0,1.08,83.0,0.2988
2012-01-23 11:00:00,5.1,95,4.3,0.0,0.0,1.4,122.0,0.4392
2012-01-23 12:00:00,5.4,95,4.7,0.0,0.0,1.82,97.0,0.3492
2012-01-23 13:00:00,5.5,96,4.8,0.0,0.0,2.3,76.0,0.2736
2012-01-23 14:00:00,2.8,97,2.3,0.8,0.0,3.11,34.0,0.1224
2012-01-23 15:00:00,3.4,98,3.1,0.7,0.0,3.85,59.0,0.2124
2012-01-23 16:00:00,3.8,98,3.5,0.0,0.0,4.23,35.0,0.126
2012-01-23 17:00:00,4.4,98,4.1,0.0,0.0,3.91,18.0,0.0648
2012-01-23 18:00:00,4.8,99,4.6,0.0,0.0,4.54,0.0,0.0
2012-01-23 19:00:00,5.3,99,5.1,0.0,0.0,4.54,0.0,0.0
2012-01-23 20:00:00,5.8,98,5.5,0.0,0.0,4.14,0.0,0.0
2012-01-23 21:00:00,6.2,98,5.9,0.0,0.0,3.96,0.0,0.0
2012-01-23 22:00:00,6.6,98,6.2,0.0,0.0,4.31,0.0,0.0
2012-01-23 23:00:00,6.9,97,6.5,0.0,0.0,4.34,0.0,0.0
2012-01-24 00:00:00,6.8,98,6.5,0.0,0.0,4.05,0.0,0.0
2012-01-24 01:00:00,6.5,98,6.2,0.0,0.0,3.61,0.0,0.0
2012-01-24 02:00:00,5.7,98,5.4,0.0,0.0,3.08,0.0,0.0
2012-01-24 03:00:00,4.8,99,4.7,0.0,0.0,2.73,0.0,0.0
2012-01-24 04:00:00,3.9,100,3.8,0.0,0.0,2.61,0.0,0.0
2012-01-24 05:00:00,3.1,100,3.1,0.0,0.0,1.58,0.0,0.0
2012-01-24 06:00:00,2.5,99,2.4,0.0,0.0,1.62,0.0,0.0
2012-01-24 07:00:00,1.9,99,1.7,0.0,0.0,1.89,0.0,0.0
2012-01-24 08:00:00,2.0,98,1.6,0.0,0.0,2.14,15.0,0.054
2012-01-24 09:00:00,4.0,94,3.1,0.0,0.0,2.06,138.0,0.49679999999999996
2012-01-24 10:00:00,6.9,86,4.7,0.0,0.0,1.5,305.0,1.0979999999999999
2012-01-24 11:00:00,9.0,75,4.9,0.0,0.0,1.43,435.0,1.566
2012-01-24 12:00:00,10.3,68,4.8,0.0,0.0,1.63,505.0,1.818
2012-01-24 13:00:00,11.1,64,4.7,0.0,0.0,2.0,481.0,1.7316
2012-01-24 14:00:00,12.2,66,5.9,0.0,0.0,2.51,435.0,1.566
2012-01-24 15:00:00,12.4,65,6.0,0.0,0.0,2.51,344.0,1.2384
2012-01-24 16:00:00,12.0,67,6.1,0.0,0.0,2.1,242.0,0.8712
2012-01-24 17:00:00,10.3,74,6.0,0.0,0.0,1.28,96.0,0.3456
2012-01-24 18:00:00,7.9,84,5.3,0.0,0.0,1.25,3.0,0.0108
2012-01-24 19:00:00,6.2,86,3.9,0.0,0.0,1.34,0.0,0.0
2012-01-24 20:00:00,5.0,82,2.2,0.0,0.0,1.92,0.0,0.0
2012-01-24 21:00:00,4.2,79,0.8,0.0,0.0,2.19,0.0,0.0
2012-01-24 22:00:00,3.4,80,0.3,0.0,0.0,2.98,0.0,0.0
2012-01-24 23:00:00,2.8,83,0.2,0.0,0.0,3.69,0.0,0.0
2012-01-25 00:00:00,2.1,85,-0.1,0.0,0.0,3.83,0.0,0.0
2012-01-25 01:00:00,1.4,87,-0.5,0.0,0.0,3.24,0.0,0.0
2012-01-25 02:00:00,1.6,87,-0.4,0.0,0.0,2.75,0.0,0.0
2012-01-25 03:00:00,0.6,88,-1.1,0.0,0.0,2.2,0.0,0.0
2012-01-25 04:00:00,-0.4,90,-1.9,0.0,0.0,2.12,0.0,0.0
2012-01-25 05:00:00,-1.3,91,-2.6,0.0,0.0,2.42,0.0,0.0
2012-01-25 06:00:00,-2.0,90,-3.4,0.0,0.0,2.37,0.0,0.0
2012-01-25 07:00:00,-2.4,89,-4.0,0.0,0.0,2.62,0.0,0.0
2012-01-25 08:00:00,-1.7,86,-3.7,0.0,0.0,2.47,19.0,0.0684
2012-01-25 09:00:00,1.4,77,-2.2,0.0,0.0,2.37,159.0,0.5724
2012-01-25 10:00:00,3.4,62,-3.2,0.0,0.0,2.57,324.0,1.1663999999999999
2012-01-25 11:00:00,4.6,57,-3.1,0.0,0.0,1.55,452.0,1.6272
2012-01-25 12:00:00,5.8,55,-2.7,0.0,0.0,0.64,512.0,1.8432
2012-01-25 13:00:00,6.8,53,-2.2,0.0,0.0,0.45,512.0,1.8432
2012-01-25 14:00:00,8.1,52,-1.1,0.0,0.0,0.5,488.0,1.7568
2012-01-25 15:00:00,8.5,52,-0.9,0.0,0.0,1.35,379.0,1.3644
2012-01-25 16:00:00,8.3,53,-0.7,0.0,0.0,1.2,231.0,0.8316
2012-01-25 17:00:00,7.6,57,-0.3,0.0,0.0,0.64,79.0,0.2844
2012-01-25 18:00:00,5.6,66,-0.2,0.0,0.0,1.43,3.0,0.0108
2012-01-25 19:00:00,3.7,76,-0.2,0.0,0.0,2.09,0.0,0.0
2012-01-25 20:00:00,2.8,79,-0.4,0.0,0.0,2.27,0.0,0.0
2012-01-25 21:00:00,2.7,79,-0.5,0.0,0.0,2.28,0.0,0.0
2012-01-25 22:00:00,2.7,79,-0.6,0.3,0.0,1.96,0.0,0.0
2012-01-25 23:00:00,2.1,82,-0.6,0.0,0.0,1.61,0.0,0.0
2012-01-26 00:00:00,2.2,84,-0.2,0.1,0.0,1.35,0.0,0.0
2012-01-26 01:00:00,2.3,86,0.1,0.0,0.0,1.75,0.0,0.0
2012-01-26 02:00:00,2.6,82,-0.2,0.0,0.0,1.89,0.0,0.0
2012-01-26 03:00:00,2.9,82,0.2,0.0,0.0,1.72,0.0,0.0
2012-01-26 04:00:00,3.1,82,0.4,0.0,0.0,1.78,0.0,0.0
2012-01-26 05:00:00,3.1,84,0.6,0.0,0.0,1.2,0.0,0.0
2012-01-26 06:00:00,3.1,85,0.9,0.0,0.0,1.6,0.0,0.0
2012-01-26 07:00:00,3.3,86,1.3,0.0,0.0,1.94,0.0,0.0
2012-01-26 08:00:00,3.6,88,1.8,0.0,0.0,1.7,3.0,0.0108
2012-01-26 09:00:00,4.2,88,2.4,0.0,0.0,2.1,21.0,0.0756
2012-01-26 10:00:00,5.0,88,3.1,0.0,0.0,2.22,44.0,0.15839999999999999
2012-01-26 11:00:00,6.2,87,4.2,0.1,0.0,2.31,90.0,0.324
2012-01-26 12:00:00,7.5,86,5.3,0.0,0.0,2.25,135.0,0.486
2012-01-26 13:00:00,8.9,83,6.3,0.0,0.0,2.47,173.0,0.6228
2012-01-26 14:00:00,11.0,75,6.7,0.0,0.0,2.41,282.0,1.0151999999999999
2012-01-26 15:00:00,12.2,73,7.5,0.0,0.0,2.41,256.0,0.9216
2012-01-26 16:00:00,12.2,76,8.1,0.0,0.0,2.66,134.0,0.4824
2012-01-26 17:00:00,11.2,83,8.4,0.0,0.0,1.91,30.0,0.108
2012-01-26 18:00:00,10.4,90,8.8,0.0,0.0,2.62,1.0,0.0036
2012-01-26 19:00:00,10.3,92,9.1,0.0,0.0,2.88,0.0,0.0
2012-01-26 20:00:00,10.6,92,9.4,0.0,0.0,2.83,0.0,0.0
2012-01-26 21:00:00,11.2,90,9.6,0.0,0.0,3.11,0.0,0.0
2012-01-26 22:00:00,11.8,90,10.2,0.0,0.0,3.49,0.0,0.0
2012-01-26 23:00:00,12.0,92,10.8,0.0,0.0,3.98,0.0,0.0
2012-01-27 00:00:00,12.0,94,11.1,0.0,0.0,4.13,0.0,0.0
2012-01-27 01:00:00,12.1,95,11.3,0.0,0.0,4.4,0.0,0.0
2012-01-27 02:00:00,12.4,95,11.7,0.0,0.0,4.7,0.0,0.0
2012-01-27 03:00:00,13.3,96,12.6,0.0,0.0,5.4,0.0,0.0
2012-01-27 04:00:00,14.4,95,13.6,0.3,0.0,6.33,0.0,0.0
2012-01-27 05:00:00,15.2,95,14.3,1.0,0.0,6.87,0.0,0.0
2012-01-27 06:00:00,15.7,94,14.8,1.0,0.0,6.36,0.0,0.0
2012-01-27 07:00:00,16.0,93,14.9,0.7,0.0,5.66,0.0,0.0
2012-01-27 08:00:00,15.9,93,14.8,0.5,0.0,5.47,4.0,0.0144
2012-01-27 09:00:00,15.8,94,14.9,0.3,0.0,4.33,23.0,0.0828
2012-01-27 10:00:00,15.8,96,15.1,0.3,0.0,3.4,87.0,0.3132
2012-01-27 11:00:00,15.5,92,14.2,1.5,0.0,3.51,136.0,0.4896
2012-01-27 12:00:00,14.9,86,12.6,0.6,0.0,5.32,179.0,0.6444
2012-01-27 13:00:00,14.8,70,9.4,0.2,0.0,7.24,305.0,1.0979999999999999
2012-01-27 14:00:00,14.8,60,7.1,0.0,0.0,8.02,372.0,1.3392
2012-01-27 15:00:00,13.2,58,5.0,0.0,0.0,8.01,374.0,1.3464
2012-01-27 16:00:00,11.7,57,3.4,0.0,0.0,7.42,270.0,0.972
2012-01-27 17:00:00,10.1,56,1.7,0.0,0.0,5.81,106.0,0.3816
2012-01-27 18:00:00,8.6,58,0.8,0.0,0.0,4.94,4.0,0.0144
2012-01-27 19:00:00,7.5,60,0.2,0.0,0.0,5.29,0.0,0.0
2012-01-27 20:00:00,6.8,60,-0.5,0.0,0.0,5.47,0.0,0.0
2012-01-27 21:00:00,6.1,59,-1.3,0.0,0.0,5.52,0.0,0.0
2012-01-27 22:00:00,5.3,59,-2.1,0.0,0.0,5.24,0.0,0.0
2012-01-27 23:00:00,4.7,59,-2.6,0.0,0.0,4.27,0.0,0.0
2012-01-28 00:00:00,3.9,61,-2.8,0.0,0.0,3.28,0.0,0.0
2012-01-28 01:00:00,3.1,65,-2.8,0.0,0.0,2.75,0.0,0.0
2012-01-28 02:00:00,2.9,71,-1.9,0.0,0.0,2.52,0.0,0.0
2012-01-28 03:00:00,1.7,78,-1.7,0.0,0.0,2.02,0.0,0.0
2012-01-28 04:00:00,1.2,79,-2.0,0.0,0.0,2.2,0.0,0.0
2012-01-28 05:00:00,2.5,72,-2.1,0.0,0.0,1.84,0.0,0.0
2012-01-28 06:00:00,1.0,79,-2.2,0.0,0.0,0.89,0.0,0.0
2012-01-28 07:00:00,0.7,82,-1.9,0.0,0.0,0.2,0.0,0.0
2012-01-28 08:00:00,-0.0,88,-1.8,0.0,0.0,0.72,21.0,0.0756
2012-01-28 09:00:00,3.3,78,-0.1,0.0,0.0,1.1,158.0,0.5688
2012-01-28 10:00:00,5.5,63,-1.0,0.0,0.0,2.01,320.0,1.152
2012-01-28 11:00:00,7.0,57,-0.9,0.0,0.0,2.7,461.0,1.6596
2012-01-28 12:00:00,8.5,54,-0.4,0.0,0.0,3.93,540.0,1.944
2012-01-28 13:00:00,9.7,52,0.2,0.0,0.0,4.59,567.0,2.0412
2012-01-28 14:00:00,11.0,50,1.0,0.0,0.0,4.59,522.0,1.8792
2012-01-28 15:00:00,11.7,49,1.4,0.0,0.0,4.7,432.0,1.5552
2012-01-28 16:00:00,12.0,48,1.3,0.0,0.0,3.89,265.0,0.954
2012-01-28 17:00:00,10.7,53,1.5,0.0,0.0,2.12,92.0,0.3312
2012-01-28 18:00:00,9.3,59,1.7,0.0,0.0,3.42,4.0,0.0144
2012-01-28 19:00:00,8.7,49,-1.3,0.0,0.0,5.64,0.0,0.0
2012-01-28 20:00:00,7.4,38,-6.1,0.0,0.0,5.5,0.0,0.0
2012-01-28 21:00:00,6.0,38,-7.4,0.0,0.0,4.12,0.0,0.0
2012-01-28 22:00:00,5.0,40,-7.4,0.0,0.0,4.3,0.0,0.0
2012-01-28 23:00:00,4.1,40,-8.2,0.0,0.0,4.71,0.0,0.0
2012-01-29 00:00:00,3.3,39,-9.3,0.0,0.0,4.3,0.0,0.0
2012-01-29 01:00:00,2.4,39,-10.1,0.0,0.0,3.74,0.0,0.0
2012-01-29 02:00:00,2.1,40,-10.2,0.0,0.0,3.45,0.0,0.0
2012-01-29 03:00:00,1.2,41,-10.5,0.0,0.0,3.26,0.0,0.0
2012-01-29 04:00:00,0.2,45,-10.4,0.0,0.0,3.07,0.0,0.0
2012-01-29 05:00:00,-0.9,51,-9.7,0.0,0.0,3.26,0.0,0.0
2012-01-29 06:00:00,-2.0,59,-9.0,0.0,0.0,2.41,0.0,0.0
2012-01-29 07:00:00,-2.6,62,-8.8,0.0,0.0,2.2,0.0,0.0
2012-01-29 08:00:00,-1.9,61,-8.5,0.0,0.0,2.28,25.0,0.09
2012-01-29 09:00:00,1.2,54,-7.1,0.0,0.0,2.19,175.0,0.63
2012-01-29 10:00:00,3.5,42,-8.2,0.0,0.0,2.82,345.0,1.242
2012-01-29 11:00:00,5.1,38,-8.1,0.0,0.0,3.45,476.0,1.7136
2012-01-29 12:00:00,6.3,36,-7.7,0.0,0.0,3.61,518.0,1.8648
2012-01-29 13:00:00,7.0,35,-7.6,0.0,0.0,3.96,477.0,1.7172
2012-01-29 14:00:00,7.9,31,-8.4,0.0,0.0,4.36,523.0,1.8828
2012-01-29 15:00:00,8.2,29,-8.8,0.0,0.0,4.69,449.0,1.6164
2012-01-29 16:00:00,8.0,29,-9.1,0.0,0.0,4.06,285.0,1.026
2012-01-29 17:00:00,6.7,32,-8.8,0.0,0.0,3.54,124.0,0.44639999999999996
2012-01-29 18:00:00,5.4,34,-9.2,0.0,0.0,3.77,5.0,0.018
2012-01-29 19:00:00,5.0,34,-9.7,0.0,0.0,4.59,0.0,0.0
2012-01-29 20:00:00,5.1,33,-9.9,0.0,0.0,5.0,0.0,0.0
2012-01-29 21:00:00,4.9,33,-9.9,0.0,0.0,5.39,0.0,0.0
2012-01-29 22:00:00,4.5,39,-8.3,0.3,0.0,5.23,0.0,0.0
2012-01-29 23:00:00,4.3,44,-6.8,0.0,0.0,5.63,0.0,0.0
2012-01-30 00:00:00,3.9,48,-6.2,0.0,0.0,5.52,0.0,0.0
2012-01-30 01:00:00,3.0,44,-8.2,0.0,0.0,5.02,0.0,0.0
2012-01-30 02:00:00,2.3,43,-9.1,0.0,0.0,4.59,0.0,0.0
2012-01-30 03:00:00,1.3,43,-9.8,0.0,0.0,3.96,0.0,0.0
2012-01-30 04:00:00,0.4,46,-9.9,0.0,0.0,3.49,0.0,0.0
2012-01-30 05:00:00,-0.4,50,-9.6,0.0,0.0,2.9,0.0,0.0
2012-01-30 06:00:00,-1.4,56,-9.0,0.0,0.0,2.92,0.0,0.0
2012-01-30 07:00:00,-2.4,66,-7.9,0.0,0.0,2.82,0.0,0.0
2012-01-30 08:00:00,-2.4,69,-7.3,0.0,0.0,3.03,25.0,0.09
2012-01-30 09:00:00,1.1,55,-7.0,0.0,0.0,2.52,174.0,0.6264
2012-01-30 10:00:00,2.8,43,-8.7,0.0,0.0,3.51,345.0,1.242
2012-01-30 11:00:00,3.9,39,-8.7,0.0,0.0,3.4,481.0,1.7316
2012-01-30 12:00:00,5.0,36,-8.7,0.0,0.0,3.5,564.0,2.0303999999999998
2012-01-30 13:00:00,5.9,35,-8.5,0.0,0.0,3.5,584.0,2.1024
2012-01-30 14:00:00,6.7,34,-8.2,0.0,0.0,3.3,540.0,1.944
2012-01-30 15:00:00,7.2,33,-8.0,0.0,0.0,2.96,438.0,1.5768
2012-01-30 16:00:00,7.3,33,-7.9,0.0,0.0,2.51,290.0,1.044
2012-01-30 17:00:00,6.3,40,-6.4,0.0,0.0,1.43,120.0,0.432
2012-01-30 18:00:00,4.5,45,-6.5,0.0,0.0,2.11,6.0,0.0216
2012-01-30 19:00:00,3.5,47,-6.7,0.0,0.0,2.69,0.0,0.0
2012-01-30 20:00:00,3.1,49,-6.7,0.0,0.0,3.35,0.0,0.0
2012-01-30 21:00:00,2.9,51,-6.3,0.0,0.0,3.45,0.0,0.0
2012-01-30 22:00:00,2.9,54,-5.6,0.0,0.0,3.6,0.0,0.0
2012-01-30 23:00:00,3.1,56,-4.9,0.0,0.0,4.1,0.0,0.0
2012-01-31 00:00:00,3.6,57,-4.2,0.0,0.0,4.22,0.0,0.0
2012-01-31 01:00:00,4.0,58,-3.5,0.0,0.0,4.25,0.0,0.0
2012-01-31 02:00:00,4.1,58,-3.3,0.0,0.0,4.36,0.0,0.0
2012-01-31 03:00:00,4.1,61,-2.8,0.0,0.0,4.22,0.0,0.0
2012-01-31 04:00:00,4.0,62,-2.6,0.0,0.0,3.97,0.0,0.0
2012-01-31 05:00:00,3.8,64,-2.4,0.0,0.0,3.3,0.0,0.0
2012-01-31 06:00:00,3.5,65,-2.4,0.0,0.0,3.24,0.0,0.0
2012-01-31 07:00:00,3.3,67,-2.3,0.0,0.0,3.19,0.0,0.0
2012-01-31 08:00:00,3.5,69,-1.7,0.0,0.0,3.11,22.0,0.07919999999999999
2012-01-31 09:00:00,5.8,66,-0.2,0.0,0.0,3.11,158.0,0.5688
2012-01-31 10:00:00,8.8,55,0.3,0.0,0.0,3.14,326.0,1.1736
2012-01-31 11:00:00,11.2,50,1.3,0.0,0.0,3.38,452.0,1.6272
2012-01-31 12:00:00,13.2,47,2.1,0.0,0.0,3.52,518.0,1.8648
2012-01-31 13:00:00,14.6,44,2.6,0.0,0.0,3.72,528.0,1.9008
2012-01-31 14:00:00,16.1,42,3.3,0.0,0.0,4.0,513.0,1.8468
2012-01-31 15:00:00,16.4,42,3.5,0.0,0.0,4.12,430.0,1.548
2012-01-31 16:00:00,15.8,45,3.7,0.0,0.0,3.89,288.0,1.0368
2012-01-31 17:00:00,14.1,47,2.9,0.0,0.0,3.1,121.0,0.4356
2012-01-31 18:00:00,12.6,47,1.7,0.0,0.0,3.64,7.0,0.0252
2012-01-31 19:00:00,12.0,47,1.0,0.0,0.0,4.24,0.0,0.0
2012-01-31 20:00:00,11.6,48,0.9,0.0,0.0,4.74,0.0,0.0
2012-01-31 21:00:00,11.3,49,1.1,0.0,0.0,4.94,0.0,0.0
2012-01-31 22:00:00,10.8,52,1.3,0.0,0.0,4.88,0.0,0.0
2012-01-31 23:00:00,10.4,54,1.5,0.0,0.0,4.8,0.0,0.0
2012-02-01 00:00:00,10.1,56,1.7,0.0,0.0,4.69,0.0,0.0
2012-02-01 01:00:00,9.9,57,1.7,0.0,0.0,4.74,0.0,0.0
2012-02-01 02:00:00,10.4,55,1.8,0.0,0.0,4.53,0.0,0.0
2012-02-01 03:00:00,9.9,57,1.8,0.0,0.0,3.94,0.0,0.0
2012-02-01 04:00:00,8.7,67,2.9,0.8,0.0,3.18,0.0,0.0
2012-02-01 05:00:00,8.4,69,3.0,0.0,0.0,3.34,0.0,0.0
2012-02-01 06:00:00,7.9,70,2.9,0.2,0.0,3.26,0.0,0.0
2012-02-01 07:00:00,8.1,71,3.1,0.3,0.0,3.33,0.0,0.0
2012-02-01 08:00:00,8.0,76,4.0,0.3,0.0,3.4,10.0,0.036
2012-02-01 09:00:00,8.7,77,4.9,0.0,0.0,3.47,65.0,0.23399999999999999
2012-02-01 10:00:00,11.4,68,5.6,0.0,0.0,3.83,299.0,1.0764
2012-02-01 11:00:00,13.9,58,5.8,0.0,0.0,4.19,439.0,1.5804
2012-02-01 12:00:00,16.0,53,6.6,0.0,0.0,4.07,515.0,1.8539999999999999
2012-02-01 13:00:00,17.5,53,7.7,0.0,0.0,4.26,555.0,1.998
2012-02-01 14:00:00,19.2,49,8.4,0.0,0.0,4.5,457.0,1.6452
2012-02-01 15:00:00,19.4,51,8.9,0.0,0.0,3.44,329.0,1.1844
2012-02-01 16:00:00,18.8,55,9.6,0.0,0.0,2.3,243.0,0.8748
2012-02-01 17:00:00,17.1,62,9.7,0.0,0.0,2.24,101.0,0.3636
2012-02-01 18:00:00,15.2,69,9.5,0.0,0.0,2.37,6.0,0.0216
2012-02-01 19:00:00,13.7,74,9.2,0.0,0.0,2.2,0.0,0.0
2012-02-01 20:00:00,12.6,77,8.8,0.0,0.0,2.48,0.0,0.0
2012-02-01 21:00:00,11.8,80,8.4,0.0,0.0,2.55,0.0,0.0
2012-02-01 22:00:00,10.8,84,8.2,0.0,0.0,2.56,0.0,0.0
2012-02-01 23:00:00,9.9,87,7.9,0.0,0.0,2.25,0.0,0.0
2012-02-02 00:00:00,10.1,86,7.8,0.0,0.0,2.51,0.0,0.0
2012-02-02 01:00:00,10.8,81,7.7,0.0,0.0,1.56,0.0,0.0
2012-02-02 02:00:00,11.0,82,8.1,0.2,0.0,0.61,0.0,0.0
2012-02-02 03:00:00,10.8,83,8.1,0.0,0.0,0.85,0.0,0.0
2012-02-02 04:00:00,9.8,91,8.3,0.2,0.0,1.2,0.0,0.0
2012-02-02 05:00:00,9.3,94,8.3,0.2,0.0,1.2,0.0,0.0
2012-02-02 06:00:00,9.2,93,8.1,0.4,0.0,1.12,0.0,0.0
2012-02-02 07:00:00,8.4,93,7.4,0.6,0.0,1.22,0.0,0.0
2012-02-02 08:00:00,7.6,93,6.6,1.3,0.0,1.06,5.0,0.018
2012-02-02 09:00:00,7.1,93,6.1,1.6,0.0,1.5,16.0,0.0576
2012-02-02 10:00:00,7.1,93,6.0,1.4,0.0,1.33,50.0,0.18
2012-02-02 11:00:00,6.9,94,5.9,0.7,0.0,1.43,41.0,0.1476
2012-02-02 12:00:00,7.5,89,5.8,0.2,0.0,1.92,182.0,0.6552
2012-02-02 13:00:00,8.2,83,5.4,0.0,0.0,2.25,208.0,0.7488
2012-02-02 14:00:00,11.4,76,7.4,0.1,0.0,2.84,300.0,1.08
2012-02-02 15:00:00,12.0,69,6.4,0.0,0.0,3.82,294.0,1.0584
2012-02-02 16:00:00,12.1,60,4.5,0.0,0.0,4.53,209.0,0.7524
2012-02-02 17:00:00,10.9,50,0.9,0.0,0.0,5.05,108.0,0.3888
2012-02-02 18:00:00,8.8,45,-2.3,0.0,0.0,5.33,8.0,0.0288
2012-02-02 19:00:00,7.3,46,-3.5,0.0,0.0,5.01,0.0,0.0
2012-02-02 20:00:00,6.2,47,-4.2,0.0,0.0,4.39,0.0,0.0
2012-02-02 21:00:00,5.3,49,-4.4,0.0,0.0,4.02,0.0,0.0
2012-02-02 22:00:00,4.5,53,-4.3,0.0,0.0,3.91,0.0,0.0
2012-02-02 23:00:00,3.9,56,-4.2,0.0,0.0,3.91,0.0,0.0
2012-02-03 00:00:00,3.2,58,-4.2,0.0,0.0,3.86,0.0,0.0
2012-02-03 01:00:00,2.7,60,-4.3,0.0,0.0,3.55,0.0,0.0
2012-02-03 02:00:00,2.6,63,-3.8,0.0,0.0,3.26,0.0,0.0
2012-02-03 03:00:00,2.0,64,-4.0,0.0,0.0,3.11,0.0,0.0
2012-02-03 04:00:00,1.4,67,-4.1,0.0,0.0,2.9,0.0,0.0
2012-02-03 05:00:00,0.7,70,-4.1,0.0,0.0,2.5,0.0,0.0
2012-02-03 06:00:00,0.1,73,-4.2,0.0,0.0,2.42,0.0,0.0
2012-02-03 07:00:00,-0.6,77,-4.1,0.0,0.0,2.48,0.0,0.0
2012-02-03 08:00:00,-0.5,80,-3.5,0.0,0.0,2.77,30.0,0.108
2012-02-03 09:00:00,2.5,67,-3.0,0.0,0.0,2.88,185.0,0.666
2012-02-03 10:00:00,4.2,60,-2.9,0.0,0.0,3.36,355.0,1.278
2012-02-03 11:00:00,5.7,55,-2.6,0.0,0.0,2.42,490.0,1.764
2012-02-03 12:00:00,7.0,51,-2.3,0.0,0.0,2.14,573.0,2.0627999999999997
2012-02-03 13:00:00,8.1,48,-2.2,0.0,0.0,2.25,596.0,2.1456
2012-02-03 14:00:00,9.1,46,-1.8,0.0,0.0,1.77,556.0,2.0016
2012-02-03 15:00:00,9.5,45,-1.8,0.0,0.0,1.57,457.0,1.6452
2012-02-03 16:00:00,9.3,45,-2.1,0.0,0.0,1.3,310.0,1.1159999999999999
2012-02-03 17:00:00,8.5,48,-1.9,0.0,0.0,0.85,136.0,0.4896
2012-02-03 18:00:00,7.7,52,-1.6,0.0,0.0,0.41,10.0,0.036
2012-02-03 19:00:00,6.5,58,-1.2,0.0,0.0,1.51,0.0,0.0
2012-02-03 20:00:00,2.9,78,-0.6,0.0,0.0,1.39,0.0,0.0
2012-02-03 21:00:00,1.8,83,-0.9,0.0,0.0,2.0,0.0,0.0
2012-02-03 22:00:00,1.1,84,-1.2,0.0,0.0,2.02,0.0,0.0
2012-02-03 23:00:00,0.7,86,-1.4,0.0,0.0,1.7,0.0,0.0
2012-02-04 00:00:00,0.2,88,-1.5,0.0,0.0,2.02,0.0,0.0
2012-02-04 01:00:00,-0.1,90,-1.6,0.0,0.0,2.18,0.0,0.0
2012-02-04 02:00:00,-0.3,91,-1.6,0.0,0.0,1.9,0.0,0.0
2012-02-04 03:00:00,-0.7,93,-1.7,0.0,0.0,1.96,0.0,0.0
2012-02-04 04:00:00,-0.8,93,-1.8,0.0,0.0,1.71,0.0,0.0
2012-02-04 05:00:00,-1.0,94,-1.8,0.0,0.0,1.46,0.0,0.0
2012-02-04 06:00:00,-0.1,94,-1.0,0.0,0.0,0.72,0.0,0.0
2012-02-04 07:00:00,1.4,91,0.2,0.0,0.0,1.22,0.0,0.0
2012-02-04 08:00:00,0.9,95,0.2,0.0,0.0,1.44,29.0,0.10439999999999999
2012-02-04 09:00:00,3.0,86,1.0,0.0,0.0,1.13,137.0,0.49319999999999997
2012-02-04 10:00:00,5.2,74,0.9,0.0,0.0,1.22,300.0,1.08
2012-02-04 11:00:00,6.3,69,1.0,0.0,0.0,1.48,278.0,1.0008
2012-02-04 12:00:00,6.4,68,1.0,0.0,0.0,2.11,211.0,0.7595999999999999
2012-02-04 13:00:00,6.9,67,1.1,0.0,0.0,2.88,226.0,0.8136
2012-02-04 14:00:00,6.5,68,0.9,0.0,0.0,2.69,128.0,0.4608
2012-02-04 15:00:00,6.1,71,1.1,0.1,0.0,2.58,122.0,0.4392
2012-02-04 16:00:00,5.5,75,1.4,0.4,0.0,2.22,70.0,0.252
2012-02-04 17:00:00,4.2,88,2.4,0.7,0.0,1.61,19.0,0.0684
2012-02-04 18:00:00,3.0,94,2.2,0.8,0.07,1.39,1.0,0.0036
2012-02-04 19:00:00,2.3,98,2.0,0.7,0.0,1.17,0.0,0.0
2012-02-04 20:00:00,2.1,99,1.9,0.3,0.0,1.5,0.0,0.0
2012-02-04 21:00:00,2.0,99,1.9,0.1,0.0,1.9,0.0,0.0
2012-02-04 22:00:00,2.1,98,1.8,0.0,0.0,1.81,0.0,0.0
2012-02-04 23:00:00,2.1,97,1.7,0.0,0.0,1.82,0.0,0.0
2012-02-05 00:00:00,1.9,97,1.5,0.0,0.0,1.8,0.0,0.0
2012-02-05 01:00:00,1.9,96,1.4,0.0,0.0,1.8,0.0,0.0
2012-02-05 02:00:00,2.0,96,1.5,0.1,0.0,1.91,0.0,0.0
2012-02-05 03:00:00,1.9,97,1.5,0.2,0.0,2.06,0.0,0.0
2012-02-05 04:00:00,1.8,97,1.4,0.2,0.0,2.1,0.0,0.0
2012-02-05 05:00:00,1.6,98,1.3,0.2,0.0,2.19,0.0,0.0
2012-02-05 06:00:00,1.3,98,1.0,0.1,0.0,2.22,0.0,0.0
2012-02-05 07:00:00,1.1,98,0.8,0.1,0.07,2.28,0.0,0.0
2012-02-05 08:00:00,0.9,97,0.5,0.0,0.07,1.88,10.0,0.036
2012-02-05 09:00:00,1.2,94,0.4,0.0,0.07,2.06,40.0,0.144
2012-02-05 10:00:00,1.8,88,0.0,0.0,0.0,2.78,104.0,0.3744
2012-02-05 11:00:00,2.8,81,-0.2,0.0,0.0,2.75,217.0,0.7812
2012-02-05 12:00:00,4.2,71,-0.5,0.0,0.0,2.51,356.0,1.2816
2012-02-05 13:00:00,5.1,64,-1.2,0.0,0.0,2.69,363.0,1.3068
2012-02-05 14:00:00,5.9,55,-2.4,0.0,0.0,2.81,370.0,1.332
2012-02-05 15:00:00,6.5,49,-3.4,0.0,0.0,2.83,309.0,1.1124
2012-02-05 16:00:00,6.6,47,-3.8,0.0,0.0,2.66,171.0,0.6156
2012-02-05 17:00:00,6.1,50,-3.6,0.0,0.0,2.27,100.0,0.36
2012-02-05 18:00:00,5.2,55,-3.1,0.0,0.0,1.61,9.0,0.0324
2012-02-05 19:00:00,4.4,60,-2.6,0.0,0.0,1.52,0.0,0.0
2012-02-05 20:00:00,3.3,67,-2.2,0.0,0.0,1.63,0.0,0.0
2012-02-05 21:00:00,2.3,74,-1.9,0.0,0.0,1.77,0.0,0.0
2012-02-05 22:00:00,1.2,80,-1.9,0.0,0.0,1.82,0.0,0.0
2012-02-05 23:00:00,0.2,84,-2.2,0.0,0.0,1.8,0.0,0.0
2012-02-06 00:00:00,-0.7,86,-2.8,0.0,0.0,1.8,0.0,0.0
2012-02-06 01:00:00,-1.4,88,-3.2,0.0,0.0,1.8,0.0,0.0
2012-02-06 02:00:00,-2.2,89,-3.7,0.0,0.0,1.92,0.0,0.0
2012-02-06 03:00:00,-2.6,90,-3.9,0.0,0.0,2.12,0.0,0.0
2012-02-06 04:00:00,-2.7,91,-4.0,0.0,0.0,1.91,0.0,0.0
2012-02-06 05:00:00,-2.7,91,-4.0,0.0,0.0,2.02,0.0,0.0
2012-02-06 06:00:00,-3.0,91,-4.2,0.0,0.0,1.52,0.0,0.0
2012-02-06 07:00:00,-3.1,92,-4.2,0.0,0.0,2.01,0.0,0.0
2012-02-06 08:00:00,-2.2,91,-3.4,0.0,0.0,2.37,36.0,0.1296
2012-02-06 09:00:00,2.1,79,-1.2,0.0,0.0,2.02,199.0,0.7163999999999999
2012-02-06 10:00:00,5.2,66,-0.6,0.0,0.0,2.37,373.0,1.3428
2012-02-06 11:00:00,7.3,54,-1.4,0.0,0.0,2.75,511.0,1.8396
2012-02-06 12:00:00,8.5,48,-2.0,0.0,0.0,2.77,597.0,2.1492
2012-02-06 13:00:00,9.2,46,-1.8,0.0,0.0,2.69,620.0,2.2319999999999998
2012-02-06 14:00:00,9.9,47,-0.9,0.0,0.0,2.8,578.0,2.0808
2012-02-06 15:00:00,10.1,47,-0.8,0.0,0.0,2.97,478.0,1.7207999999999999
2012-02-06 16:00:00,9.6,48,-0.7,0.0,0.0,2.92,328.0,1.1808
2012-02-06 17:00:00,8.0,56,-0.2,0.0,0.0,1.94,150.0,0.54
2012-02-06 18:00:00,5.9,64,-0.4,0.0,0.0,2.52,14.0,0.0504
2012-02-06 19:00:00,4.6,69,-0.6,0.0,0.0,2.94,0.0,0.0
2012-02-06 20:00:00,3.8,73,-0.7,0.0,0.0,3.06,0.0,0.0
2012-02-06 21:00:00,3.0,76,-0.7,0.0,0.0,3.11,0.0,0.0
2012-02-06 22:00:00,2.3,81,-0.6,0.0,0.0,3.05,0.0,0.0
2012-02-06 23:00:00,1.7,85,-0.6,0.0,0.0,2.88,0.0,0.0
2012-02-07 00:00:00,1.0,88,-0.7,0.0,0.0,2.6,0.0,0.0
2012-02-07 01:00:00,0.8,87,-1.0,0.0,0.0,2.85,0.0,0.0
2012-02-07 02:00:00,1.0,79,-2.2,0.0,0.0,3.04,0.0,0.0
2012-02-07 03:00:00,1.4,71,-3.2,0.0,0.0,3.13,0.0,0.0
2012-02-07 04:00:00,1.4,68,-3.8,0.0,0.0,3.35,0.0,0.0
2012-02-07 05:00:00,1.1,70,-3.9,0.0,0.0,3.18,0.0,0.0
2012-02-07 06:00:00,0.4,74,-3.7,0.0,0.0,2.56,0.0,0.0
2012-02-07 07:00:00,-0.5,79,-3.6,0.0,0.0,2.4,0.0,0.0
2012-02-07 08:00:00,-0.2,82,-2.9,0.0,0.0,2.6,37.0,0.13319999999999999
2012-02-07 09:00:00,4.1,69,-1.1,0.0,0.0,2.36,197.0,0.7091999999999999
2012-02-07 10:00:00,6.8,60,-0.4,0.0,0.0,2.69,369.0,1.3284
2012-02-07 11:00:00,8.3,57,0.3,0.0,0.0,3.5,504.0,1.8144
2012-02-07 12:00:00,9.5,54,0.6,0.0,0.0,3.2,592.0,2.1311999999999998
2012-02-07 13:00:00,10.4,51,0.8,0.0,0.0,3.19,614.0,2.2104
2012-02-07 14:00:00,11.5,47,0.6,0.0,0.0,3.05,575.0,2.07
2012-02-07 15:00:00,11.7,47,0.6,0.0,0.0,3.12,477.0,1.7172
2012-02-07 16:00:00,11.3,47,0.4,0.0,0.0,2.86,327.0,1.1772
2012-02-07 17:00:00,10.2,53,1.0,0.0,0.0,1.66,151.0,0.5436
2012-02-07 18:00:00,8.3,60,0.9,0.0,0.0,2.14,15.0,0.054
2012-02-07 19:00:00,6.4,66,0.6,0.0,0.0,2.28,0.0,0.0
2012-02-07 20:00:00,5.1,69,-0.0,0.0,0.0,2.77,0.0,0.0
2012-02-07 21:00:00,4.1,71,-0.6,0.0,0.0,2.95,0.0,0.0
2012-02-07 22:00:00,3.1,75,-0.9,0.0,0.0,2.59,0.0,0.0
2012-02-07 23:00:00,2.1,79,-1.1,0.0,0.0,2.15,0.0,0.0
2012-02-08 00:00:00,1.1,84,-1.3,0.0,0.0,1.75,0.0,0.0
2012-02-08 01:00:00,0.4,86,-1.6,0.0,0.0,1.65,0.0,0.0
2012-02-08 02:00:00,0.2,87,-1.6,0.0,0.0,1.71,0.0,0.0
2012-02-08 03:00:00,-0.2,89,-1.8,0.0,0.0,1.84,0.0,0.0
2012-02-08 04:00:00,-0.3,89,-1.9,0.0,0.0,1.97,0.0,0.0
2012-02-08 05:00:00,-0.0,90,-1.5,0.0,0.0,1.75,0.0,0.0
2012-02-08 06:00:00,0.5,89,-1.2,0.0,0.0,2.16,0.0,0.0
2012-02-08 07:00:00,1.0,87,-0.9,0.0,0.0,2.24,0.0,0.0
2012-02-08 08:00:00,1.7,83,-0.8,0.0,0.0,2.64,18.0,0.0648
2012-02-08 09:00:00,3.0,74,-1.1,0.0,0.0,2.72,83.0,0.2988
2012-02-08 10:00:00,3.9,67,-1.7,0.0,0.0,2.45,150.0,0.54
2012-02-08 11:00:00,4.9,63,-1.7,0.0,0.0,2.41,238.0,0.8568
2012-02-08 12:00:00,5.2,63,-1.3,0.0,0.0,2.41,216.0,0.7776
2012-02-08 13:00:00,5.0,68,-0.5,0.2,0.0,2.02,166.0,0.5976
2012-02-08 14:00:00,4.4,72,-0.2,0.3,0.0,1.55,176.0,0.6335999999999999
2012-02-08 15:00:00,3.7,82,0.9,0.3,0.07,1.48,134.0,0.4824
2012-02-08 16:00:00,2.8,92,1.6,0.4,0.07,1.84,70.0,0.252
2012-02-08 17:00:00,2.0,96,1.4,0.4,0.14,1.4,33.0,0.1188
2012-02-08 18:00:00,1.6,98,1.2,0.3,0.21,1.3,3.0,0.0108
2012-02-08 19:00:00,1.4,97,1.0,0.2,0.21,1.22,0.0,0.0
2012-02-08 20:00:00,1.2,99,1.1,0.1,0.07,1.0,0.0,0.0
2012-02-08 21:00:00,1.2,99,1.0,0.1,0.0,0.89,0.0,0.0
2012-02-08 22:00:00,1.3,99,1.2,0.0,0.0,1.2,0.0,0.0
2012-02-08 23:00:00,1.5,98,1.1,0.0,0.0,1.7,0.0,0.0
2012-02-09 00:00:00,1.6,96,1.0,0.0,0.0,2.15,0.0,0.0
2012-02-09 01:00:00,1.5,98,1.1,0.0,0.0,2.73,0.0,0.0
2012-02-09 02:00:00,1.0,94,0.1,0.0,0.0,3.31,0.0,0.0
2012-02-09 03:00:00,0.5,91,-0.7,0.0,0.0,3.91,0.0,0.0
2012-02-09 04:00:00,0.4,87,-1.5,0.0,0.0,4.26,0.0,0.0
2012-02-09 05:00:00,-0.1,82,-2.8,0.0,0.0,3.83,0.0,0.0
2012-02-09 06:00:00,-0.5,75,-4.3,0.0,0.0,3.75,0.0,0.0
2012-02-09 07:00:00,-1.1,70,-5.8,0.0,0.0,3.82,0.0,0.0
2012-02-09 08:00:00,-0.9,67,-6.3,0.0,0.0,3.89,42.0,0.1512
2012-02-09 09:00:00,0.5,58,-6.8,0.0,0.0,4.31,211.0,0.7595999999999999
2012-02-09 10:00:00,2.2,51,-6.8,0.0,0.0,4.32,387.0,1.3932
2012-02-09 11:00:00,3.8,47,-6.5,0.0,0.0,3.75,528.0,1.9008
2012-02-09 12:00:00,5.2,44,-6.2,0.0,0.0,3.19,615.0,2.214
2012-02-09 13:00:00,6.4,41,-6.0,0.0,0.0,2.92,639.0,2.3004
2012-02-09 14:00:00,6.9,40,-5.8,0.0,0.0,2.69,598.0,2.1528
2012-02-09 15:00:00,7.3,38,-6.0,0.0,0.0,2.38,498.0,1.7928
2012-02-09 16:00:00,7.2,38,-6.3,0.0,0.0,2.71,344.0,1.2384
2012-02-09 17:00:00,6.4,42,-5.6,0.0,0.0,0.9,154.0,0.5544
2012-02-09 18:00:00,4.9,51,-4.4,0.0,0.0,0.28,18.0,0.0648
2012-02-09 19:00:00,2.7,66,-2.9,0.0,0.0,0.71,0.0,0.0
2012-02-09 20:00:00,1.5,69,-3.6,0.0,0.0,1.26,0.0,0.0
2012-02-09 21:00:00,0.4,73,-3.9,0.0,0.0,1.75,0.0,0.0
2012-02-09 22:00:00,-0.2,75,-4.1,0.0,0.0,2.01,0.0,0.0
2012-02-09 23:00:00,-0.1,76,-3.9,0.0,0.0,1.87,0.0,0.0
2012-02-10 00:00:00,0.0,74,-4.1,0.0,0.0,1.8,0.0,0.0
2012-02-10 01:00:00,0.1,72,-4.3,0.0,0.0,1.7,0.0,0.0
2012-02-10 02:00:00,-0.2,76,-4.0,0.0,0.0,1.91,0.0,0.0
2012-02-10 03:00:00,-0.8,79,-4.0,0.0,0.0,1.61,0.0,0.0
2012-02-10 04:00:00,-1.7,83,-4.2,0.0,0.0,1.52,0.0,0.0
2012-02-10 05:00:00,-2.1,82,-4.7,0.0,0.0,2.48,0.0,0.0
2012-02-10 06:00:00,-2.4,80,-5.5,0.0,0.0,2.15,0.0,0.0
2012-02-10 07:00:00,-2.5,76,-6.2,0.0,0.0,2.15,0.0,0.0
2012-02-10 08:00:00,-1.3,72,-5.7,0.0,0.0,2.31,42.0,0.1512
2012-02-10 09:00:00,2.1,57,-5.5,0.0,0.0,1.8,209.0,0.7524
2012-02-10 10:00:00,4.2,50,-5.3,0.0,0.0,1.2,384.0,1.3824
2012-02-10 11:00:00,5.7,47,-4.7,0.0,0.0,0.32,521.0,1.8756
2012-02-10 12:00:00,6.8,45,-4.3,0.0,0.0,0.63,597.0,2.1492
2012-02-10 13:00:00,7.7,44,-3.7,0.0,0.0,1.17,567.0,2.0412
2012-02-10 14:00:00,7.4,46,-3.4,0.0,0.0,1.84,459.0,1.6523999999999999
2012-02-10 15:00:00,7.7,47,-3.0,0.0,0.0,2.22,367.0,1.3212
2012-02-10 16:00:00,7.5,47,-3.0,0.0,0.0,1.72,213.0,0.7667999999999999
2012-02-10 17:00:00,6.7,55,-1.8,0.0,0.0,0.36,58.0,0.20879999999999999
2012-02-10 18:00:00,5.7,62,-1.1,0.0,0.0,0.85,7.0,0.0252
2012-02-10 19:00:00,4.7,69,-0.6,0.0,0.0,1.43,0.0,0.0
2012-02-10 20:00:00,4.1,75,0.1,0.0,0.0,1.92,0.0,0.0
2012-02-10 21:00:00,3.8,81,0.8,0.1,0.0,1.73,0.0,0.0
2012-02-10 22:00:00,3.5,86,1.4,0.2,0.0,1.62,0.0,0.0
2012-02-10 23:00:00,3.1,92,1.9,0.1,0.0,1.72,0.0,0.0
2012-02-11 00:00:00,3.1,91,1.8,0.0,0.0,1.64,0.0,0.0
2012-02-11 01:00:00,2.8,93,1.8,0.1,0.0,1.89,0.0,0.0
2012-02-11 02:00:00,2.2,97,1.8,0.4,0.14,2.38,0.0,0.0
2012-02-11 03:00:00,1.9,99,1.7,0.4,0.07,2.43,0.0,0.0
2012-02-11 04:00:00,1.7,99,1.5,0.3,0.07,2.4,0.0,0.0
2012-02-11 05:00:00,1.4,99,1.3,0.2,0.21,1.8,0.0,0.0
2012-02-11 06:00:00,1.2,99,1.1,0.1,0.28,1.53,0.0,0.0
2012-02-11 07:00:00,1.1,100,1.0,0.1,0.14,1.58,0.0,0.0
2012-02-11 08:00:00,1.1,99,0.9,0.1,0.07,1.53,8.0,0.0288
2012-02-11 09:00:00,1.5,96,1.0,0.1,0.0,1.4,48.0,0.1728
2012-02-11 10:00:00,1.9,90,0.5,0.0,0.0,1.88,94.0,0.3384
2012-02-11 11:00:00,3.0,78,-0.4,0.0,0.0,2.78,230.0,0.828
2012-02-11 12:00:00,4.7,64,-1.5,0.0,0.0,3.68,367.0,1.3212
2012-02-11 13:00:00,5.6,57,-2.2,0.0,0.0,4.18,333.0,1.1987999999999999
2012-02-11 14:00:00,4.8,64,-1.4,0.1,0.0,4.67,357.0,1.2852
2012-02-11 15:00:00,5.3,60,-1.9,0.0,0.0,5.31,335.0,1.206
2012-02-11 16:00:00,3.0,72,-1.6,0.4,0.0,6.16,152.0,0.5472
2012-02-11 17:00:00,1.9,54,-6.6,0.0,0.0,7.19,93.0,0.3348
2012-02-11 18:00:00,0.7,43,-10.5,0.0,0.0,6.72,11.0,0.039599999999999996
2012-02-11 19:00:00,-0.7,42,-11.9,0.0,0.0,7.19,0.0,0.0
2012-02-11 20:00:00,-1.8,45,-12.1,0.0,0.0,7.71,0.0,0.0
2012-02-11 21:00:00,-2.7,47,-12.3,0.0,0.07,7.77,0.0,0.0
2012-02-11 22:00:00,-3.3,50,-12.4,0.0,0.14,8.11,0.0,0.0
2012-02-11 23:00:00,-3.8,51,-12.5,0.0,0.14,8.28,0.0,0.0
2012-02-12 00:00:00,-4.0,48,-13.4,0.0,0.14,8.49,0.0,0.0
2012-02-12 01:00:00,-4.1,43,-14.9,0.0,0.07,8.65,0.0,0.0
2012-02-12 02:00:00,-4.3,40,-15.9,0.0,0.0,8.57,0.0,0.0
2012-02-12 03:00:00,-4.7,41,-16.1,0.0,0.0,8.21,0.0,0.0
2012-02-12 04:00:00,-5.0,43,-15.7,0.0,0.0,7.71,0.0,0.0
2012-02-12 05:00:00,-5.3,44,-15.7,0.0,0.0,6.3,0.0,0.0
2012-02-12 06:00:00,-5.5,44,-15.9,0.0,0.0,7.08,0.0,0.0
2012-02-12 07:00:00,-5.5,43,-16.0,0.0,0.0,6.69,0.0,0.0
2012-02-12 08:00:00,-5.2,41,-16.3,0.0,0.0,6.31,50.0,0.18
2012-02-12 09:00:00,-4.3,41,-15.5,0.0,0.0,6.64,220.0,0.7919999999999999
2012-02-12 10:00:00,-3.1,39,-15.3,0.0,0.0,7.02,398.0,1.4327999999999999
2012-02-12 11:00:00,-1.8,39,-14.0,0.0,0.0,6.85,539.0,1.9404
2012-02-12 12:00:00,-0.9,38,-13.4,0.0,0.0,6.58,632.0,2.2752
2012-02-12 13:00:00,-0.3,37,-13.2,0.0,0.0,6.69,637.0,2.2932
2012-02-12 14:00:00,-0.6,36,-13.7,0.0,0.0,6.74,584.0,2.1024
2012-02-12 15:00:00,-0.3,36,-13.5,0.0,0.0,6.82,468.0,1.6847999999999999
2012-02-12 16:00:00,-0.5,37,-13.5,0.0,0.0,6.71,335.0,1.206
2012-02-12 17:00:00,-1.0,37,-13.9,0.0,0.0,4.59,161.0,0.5796
2012-02-12 18:00:00,-1.9,40,-13.8,0.0,0.0,4.27,23.0,0.0828
2012-02-12 19:00:00,-2.3,42,-13.6,0.0,0.0,4.3,0.0,0.0
2012-02-12 20:00:00,-2.6,43,-13.5,0.0,0.0,4.3,0.0,0.0
2012-02-12 21:00:00,-2.6,44,-13.2,0.0,0.0,4.34,0.0,0.0
2012-02-12 22:00:00,-2.8,46,-12.9,0.0,0.0,4.21,0.0,0.0
2012-02-12 23:00:00,-2.9,48,-12.4,0.0,0.0,4.05,0.0,0.0
2012-02-13 00:00:00,-3.1,50,-12.1,0.0,0.0,3.7,0.0,0.0
2012-02-13 01:00:00,-3.3,52,-11.8,0.0,0.0,3.48,0.0,0.0
2012-02-13 02:00:00,-3.6,53,-11.7,0.0,0.0,3.3,0.0,0.0
2012-02-13 03:00:00,-3.6,54,-11.5,0.0,0.0,3.32,0.0,0.0
2012-02-13 04:00:00,-3.5,55,-11.4,0.0,0.0,3.41,0.0,0.0
2012-02-13 05:00:00,-3.5,54,-11.4,0.0,0.0,3.42,0.0,0.0
2012-02-13 06:00:00,-3.5,54,-11.5,0.0,0.0,3.21,0.0,0.0
2012-02-13 07:00:00,-3.5,53,-11.7,0.0,0.0,3.32,0.0,0.0
2012-02-13 08:00:00,-2.7,51,-11.4,0.0,0.0,3.01,54.0,0.1944
2012-02-13 09:00:00,-0.6,43,-11.7,0.0,0.0,3.51,232.0,0.8351999999999999
2012-02-13 10:00:00,1.3,39,-11.2,0.0,0.0,4.05,411.0,1.4796
2012-02-13 11:00:00,3.2,40,-9.2,0.0,0.0,3.67,551.0,1.9836
2012-02-13 12:00:00,4.7,38,-8.6,0.0,0.0,3.52,637.0,2.2932
2012-02-13 13:00:00,6.1,36,-8.0,0.0,0.0,3.7,660.0,2.376
2012-02-13 14:00:00,7.0,36,-6.9,0.0,0.0,3.8,617.0,2.2212
2012-02-13 15:00:00,7.5,36,-6.7,0.0,0.0,3.61,515.0,1.8539999999999999
2012-02-13 16:00:00,7.4,38,-6.1,0.0,0.0,2.91,362.0,1.3032
2012-02-13 17:00:00,5.4,47,-4.9,0.0,0.0,2.14,180.0,0.648
2012-02-13 18:00:00,2.9,55,-5.2,0.0,0.0,2.48,24.0,0.0864
2012-02-13 19:00:00,2.0,58,-5.4,0.0,0.0,2.48,0.0,0.0
2012-02-13 20:00:00,1.6,59,-5.5,0.0,0.0,2.05,0.0,0.0
2012-02-13 21:00:00,0.8,62,-5.6,0.0,0.0,1.91,0.0,0.0
2012-02-13 22:00:00,-0.4,68,-5.6,0.0,0.0,1.94,0.0,0.0
2012-02-13 23:00:00,-1.0,74,-5.1,0.0,0.0,1.89,0.0,0.0
2012-02-14 00:00:00,-1.1,75,-4.9,0.0,0.0,1.42,0.0,0.0
2012-02-14 01:00:00,-0.6,76,-4.3,0.0,0.0,1.42,0.0,0.0
2012-02-14 02:00:00,1.6,58,-5.7,0.0,0.0,1.13,0.0,0.0
2012-02-14 03:00:00,1.4,62,-5.1,0.0,0.0,0.81,0.0,0.0
2012-02-14 04:00:00,0.6,73,-3.8,0.0,0.0,0.76,0.0,0.0
2012-02-14 05:00:00,1.3,64,-4.7,0.0,0.0,0.94,0.0,0.0
2012-02-14 06:00:00,0.1,79,-3.0,0.0,0.0,1.55,0.0,0.0
2012-02-14 07:00:00,-0.2,81,-3.0,0.0,0.0,1.68,0.0,0.0
2012-02-14 08:00:00,0.6,82,-2.1,0.0,0.0,2.14,19.0,0.0684
2012-02-14 09:00:00,2.2,68,-3.0,0.0,0.0,2.05,82.0,0.2952
2012-02-14 10:00:00,3.5,62,-3.0,0.0,0.0,2.06,148.0,0.5327999999999999
2012-02-14 11:00:00,5.4,56,-2.6,0.2,0.0,2.63,310.0,1.1159999999999999
2012-02-14 12:00:00,7.0,55,-1.5,0.2,0.0,3.2,437.0,1.5732
2012-02-14 13:00:00,8.4,51,-1.0,0.0,0.0,3.42,487.0,1.7531999999999999
2012-02-14 14:00:00,11.7,41,-1.1,0.0,0.0,3.83,600.0,2.16
2012-02-14 15:00:00,12.0,40,-1.3,0.1,0.0,4.13,462.0,1.6632
2012-02-14 16:00:00,10.7,52,1.1,0.3,0.0,2.84,222.0,0.7992
2012-02-14 17:00:00,9.2,61,2.0,0.5,0.0,1.92,109.0,0.39239999999999997
2012-02-14 18:00:00,7.4,68,1.8,0.0,0.0,1.75,21.0,0.0756
2012-02-14 19:00:00,6.0,76,2.0,0.0,0.0,1.8,0.0,0.0
2012-02-14 20:00:00,5.6,79,2.3,0.0,0.0,1.66,0.0,0.0
2012-02-14 21:00:00,5.3,82,2.5,0.8,0.0,1.75,0.0,0.0
2012-02-14 22:00:00,5.0,83,2.4,0.0,0.0,1.7,0.0,0.0
2012-02-14 23:00:00,5.2,82,2.5,0.0,0.0,1.97,0.0,0.0
2012-02-15 00:00:00,4.8,84,2.3,0.0,0.0,2.25,0.0,0.0
2012-02-15 01:00:00,4.1,87,2.1,0.0,0.0,1.91,0.0,0.0
2012-02-15 02:00:00,4.1,89,2.4,0.0,0.0,2.31,0.0,0.0
2012-02-15 03:00:00,4.1,88,2.2,0.0,0.0,2.97,0.0,0.0
2012-02-15 04:00:00,3.7,87,1.8,0.0,0.0,3.47,0.0,0.0
2012-02-15 05:00:00,3.6,85,1.3,0.0,0.0,3.47,0.0,0.0
2012-02-15 06:00:00,3.4,85,1.1,0.0,0.0,3.41,0.0,0.0
2012-02-15 07:00:00,3.1,86,0.9,0.0,0.0,3.12,0.0,0.0
2012-02-15 08:00:00,3.4,84,1.0,0.0,0.0,3.2,46.0,0.1656
2012-02-15 09:00:00,5.0,78,1.4,0.0,0.0,3.19,197.0,0.7091999999999999
2012-02-15 10:00:00,6.6,66,0.7,0.0,0.0,4.97,389.0,1.4003999999999999
2012-02-15 11:00:00,7.9,59,0.4,0.0,0.0,4.53,530.0,1.908
2012-02-15 12:00:00,9.1,55,0.5,0.0,0.0,4.18,620.0,2.2319999999999998
2012-02-15 13:00:00,10.1,52,0.6,0.0,0.0,3.83,650.0,2.34
2012-02-15 14:00:00,11.3,48,0.5,0.0,0.0,3.4,607.0,2.1852
2012-02-15 15:00:00,11.6,46,0.4,0.0,0.0,3.33,504.0,1.8144
2012-02-15 16:00:00,11.4,46,0.1,0.0,0.0,2.84,360.0,1.296
2012-02-15 17:00:00,10.4,51,0.6,0.0,0.0,1.3,181.0,0.6516
2012-02-15 18:00:00,8.9,58,1.1,0.0,0.0,1.79,27.0,0.0972
2012-02-15 19:00:00,6.4,73,2.0,0.0,0.0,1.87,0.0,0.0
2012-02-15 20:00:00,5.8,70,0.7,0.0,0.0,1.93,0.0,0.0
2012-02-15 21:00:00,5.5,69,0.3,0.0,0.0,1.84,0.0,0.0
2012-02-15 22:00:00,5.5,69,0.3,0.0,0.0,1.8,0.0,0.0
2012-02-15 23:00:00,4.4,75,0.3,0.0,0.0,1.71,0.0,0.0
2012-02-16 00:00:00,2.3,85,0.0,0.0,0.0,1.75,0.0,0.0
2012-02-16 01:00:00,2.1,88,0.3,0.0,0.0,2.2,0.0,0.0
2012-02-16 02:00:00,1.8,90,0.3,0.0,0.0,2.2,0.0,0.0
2012-02-16 03:00:00,2.5,88,0.8,0.0,0.0,2.02,0.0,0.0
2012-02-16 04:00:00,3.1,86,0.9,0.0,0.0,2.19,0.0,0.0
2012-02-16 05:00:00,3.5,83,0.9,0.0,0.0,2.36,0.0,0.0
2012-02-16 06:00:00,3.8,81,0.9,0.0,0.0,2.76,0.0,0.0
2012-02-16 07:00:00,3.9,81,1.0,0.0,0.0,2.47,0.0,0.0
2012-02-16 08:00:00,4.4,80,1.3,0.0,0.0,2.53,21.0,0.0756
2012-02-16 09:00:00,5.3,81,2.3,0.4,0.0,2.51,70.0,0.252
2012-02-16 10:00:00,6.4,78,2.9,0.4,0.0,2.64,141.0,0.5075999999999999
2012-02-16 11:00:00,7.2,78,3.7,0.6,0.0,2.92,171.0,0.6156
2012-02-16 12:00:00,8.1,76,4.2,0.3,0.0,3.06,242.0,0.8712
2012-02-16 13:00:00,10.0,67,4.2,0.3,0.0,2.79,457.0,1.6452
2012-02-16 14:00:00,8.4,80,5.2,0.5,0.0,2.94,301.0,1.0836
2012-02-16 15:00:00,8.5,80,5.3,0.6,0.0,2.73,205.0,0.738
2012-02-16 16:00:00,7.6,90,6.1,0.7,0.0,3.49,63.0,0.2268
2012-02-16 17:00:00,6.9,92,5.7,0.6,0.0,3.2,16.0,0.0576
2012-02-16 18:00:00,6.5,92,5.4,0.0,0.0,2.02,4.0,0.0144
2012-02-16 19:00:00,6.3,93,5.3,0.0,0.0,2.04,0.0,0.0
2012-02-16 20:00:00,6.4,94,5.5,0.0,0.0,1.84,0.0,0.0
2012-02-16 21:00:00,6.3,95,5.6,0.0,0.0,1.75,0.0,0.0
2012-02-16 22:00:00,6.2,96,5.5,0.0,0.0,1.7,0.0,0.0
2012-02-16 23:00:00,5.7,97,5.2,0.0,0.0,1.66,0.0,0.0
2012-02-17 00:00:00,4.9,99,4.7,0.0,0.0,1.57,0.0,0.0
2012-02-17 01:00:00,4.6,98,4.3,0.0,0.0,1.43,0.0,0.0
2012-02-17 02:00:00,3.7,99,3.6,0.0,0.0,1.7,0.0,0.0
2012-02-17 03:00:00,3.8,99,3.6,0.0,0.0,1.79,0.0,0.0
2012-02-17 04:00:00,4.0,98,3.8,0.0,0.0,2.28,0.0,0.0
2012-02-17 05:00:00,4.5,98,4.2,0.0,0.0,2.27,0.0,0.0
2012-02-17 06:00:00,5.9,97,5.4,0.0,0.0,2.76,0.0,0.0
2012-02-17 07:00:00,6.5,94,5.7,0.0,0.0,3.55,0.0,0.0
2012-02-17 08:00:00,6.3,92,5.1,0.0,0.0,4.0,39.0,0.1404
2012-02-17 09:00:00,6.7,83,4.1,0.0,0.0,3.92,218.0,0.7847999999999999
2012-02-17 10:00:00,7.6,70,2.5,0.0,0.0,4.84,417.0,1.5011999999999999
2012-02-17 11:00:00,8.6,57,0.7,0.0,0.0,4.88,548.0,1.9727999999999999
2012-02-17 12:00:00,9.5,49,-0.8,0.0,0.0,4.74,640.0,2.304
2012-02-17 13:00:00,10.0,44,-1.8,0.0,0.0,4.68,666.0,2.3975999999999997
2012-02-17 14:00:00,11.0,41,-1.8,0.0,0.0,4.38,627.0,2.2572
2012-02-17 15:00:00,10.9,40,-2.3,0.0,0.0,4.58,524.0,1.8863999999999999
2012-02-17 16:00:00,10.6,39,-2.7,0.0,0.0,4.75,373.0,1.3428
2012-02-17 17:00:00,9.7,42,-2.8,0.0,0.0,2.06,186.0,0.6696
2012-02-17 18:00:00,7.9,46,-3.1,0.0,0.0,1.97,31.0,0.11159999999999999
2012-02-17 19:00:00,6.3,52,-2.9,0.0,0.0,1.92,0.0,0.0
2012-02-17 20:00:00,4.9,57,-2.9,0.0,0.0,2.6,0.0,0.0
2012-02-17 21:00:00,4.0,59,-3.2,0.0,0.0,3.14,0.0,0.0
2012-02-17 22:00:00,3.3,62,-3.2,0.0,0.0,3.23,0.0,0.0
2012-02-17 23:00:00,2.6,67,-3.0,0.0,0.0,2.88,0.0,0.0
2012-02-18 00:00:00,2.0,71,-2.7,0.0,0.0,2.56,0.0,0.0
2012-02-18 01:00:00,1.3,75,-2.7,0.0,0.0,2.51,0.0,0.0
2012-02-18 02:00:00,0.7,78,-2.7,0.0,0.0,2.4,0.0,0.0
2012-02-18 03:00:00,0.4,79,-2.9,0.0,0.0,2.02,0.0,0.0
2012-02-18 04:00:00,0.6,76,-3.1,0.0,0.0,2.28,0.0,0.0
2012-02-18 05:00:00,1.9,71,-2.9,0.0,0.0,2.16,0.0,0.0
2012-02-18 06:00:00,1.6,73,-2.7,0.0,0.0,1.91,0.0,0.0
2012-02-18 07:00:00,1.3,75,-2.6,0.0,0.0,1.98,0.0,0.0
2012-02-18 08:00:00,1.4,78,-2.0,0.0,0.0,2.3,66.0,0.2376
2012-02-18 09:00:00,4.2,66,-1.5,0.0,0.0,1.92,230.0,0.828
2012-02-18 10:00:00,6.7,55,-1.8,0.0,0.0,2.28,425.0,1.53
2012-02-18 11:00:00,8.7,50,-1.1,0.0,0.0,3.03,564.0,2.0303999999999998
2012-02-18 12:00:00,10.2,47,-0.6,0.0,0.0,3.88,646.0,2.3256
2012-02-18 13:00:00,11.3,44,-0.4,0.0,0.0,4.62,670.0,2.412
2012-02-18 14:00:00,12.7,42,0.2,0.0,0.0,5.0,630.0,2.268
2012-02-18 15:00:00,13.4,41,0.3,0.0,0.0,5.17,523.0,1.8828
2012-02-18 16:00:00,13.8,39,-0.1,0.0,0.0,4.3,337.0,1.2132
2012-02-18 17:00:00,12.5,45,0.8,0.0,0.0,3.41,139.0,0.5004
2012-02-18 18:00:00,10.5,52,1.0,0.0,0.0,2.22,26.0,0.0936
2012-02-18 19:00:00,8.8,58,1.0,0.0,0.0,2.01,0.0,0.0
2012-02-18 20:00:00,8.1,54,-0.6,0.0,0.0,3.26,0.0,0.0
2012-02-18 21:00:00,7.6,51,-1.8,0.0,0.0,4.54,0.0,0.0
2012-02-18 22:00:00,6.5,51,-2.9,0.0,0.0,4.1,0.0,0.0
2012-02-18 23:00:00,5.6,48,-4.5,0.0,0.0,3.62,0.0,0.0
2012-02-19 00:00:00,4.7,47,-5.7,0.0,0.0,3.26,0.0,0.0
2012-02-19 01:00:00,3.8,48,-6.1,0.0,0.0,3.13,0.0,0.0
2012-02-19 02:00:00,3.7,49,-6.0,0.0,0.0,2.92,0.0,0.0
2012-02-19 03:00:00,3.0,51,-6.1,0.0,0.0,2.92,0.0,0.0
2012-02-19 04:00:00,2.3,55,-5.8,0.0,0.0,2.8,0.0,0.0
2012-02-19 05:00:00,1.7,59,-5.4,0.0,0.0,2.62,0.0,0.0
2012-02-19 06:00:00,1.2,64,-5.0,0.0,0.0,2.88,0.0,0.0
2012-02-19 07:00:00,1.0,68,-4.3,0.0,0.0,2.69,0.0,0.0
2012-02-19 08:00:00,1.6,68,-3.6,0.0,0.0,2.34,38.0,0.1368
2012-02-19 09:00:00,2.4,66,-3.3,0.0,0.0,3.02,148.0,0.5327999999999999
2012-02-19 10:00:00,3.7,61,-3.1,0.0,0.0,3.39,341.0,1.2276
2012-02-19 11:00:00,4.6,57,-3.1,0.0,0.0,3.12,402.0,1.4472
2012-02-19 12:00:00,5.3,54,-3.3,0.0,0.0,2.78,414.0,1.4904
2012-02-19 13:00:00,5.6,53,-3.3,0.0,0.0,2.52,390.0,1.404
2012-02-19 14:00:00,6.1,49,-3.7,0.0,0.0,3.05,414.0,1.4904
2012-02-19 15:00:00,6.5,47,-3.9,0.0,0.0,3.22,433.0,1.5588
2012-02-19 16:00:00,6.3,46,-4.5,0.0,0.0,3.14,285.0,1.026
2012-02-19 17:00:00,5.6,47,-4.9,0.0,0.0,3.33,107.0,0.3852
2012-02-19 18:00:00,5.0,50,-4.7,0.0,0.0,3.32,13.0,0.0468
2012-02-19 19:00:00,4.5,53,-4.3,0.0,0.0,2.33,0.0,0.0
2012-02-19 20:00:00,4.2,55,-4.0,0.0,0.0,1.7,0.0,0.0
2012-02-19 21:00:00,3.8,58,-3.7,0.0,0.0,1.73,0.0,0.0
2012-02-19 22:00:00,3.5,60,-3.5,0.0,0.0,1.92,0.0,0.0
2012-02-19 23:00:00,3.2,62,-3.3,0.0,0.0,2.38,0.0,0.0
2012-02-20 00:00:00,3.1,62,-3.4,0.0,0.0,2.86,0.0,0.0
2012-02-20 01:00:00,2.9,61,-3.9,0.0,0.0,3.52,0.0,0.0
2012-02-20 02:00:00,2.1,68,-3.2,0.0,0.07,3.8,0.0,0.0
2012-02-20 03:00:00,2.0,63,-4.4,0.0,0.0,4.0,0.0,0.0
2012-02-20 04:00:00,1.7,59,-5.4,0.0,0.0,4.1,0.0,0.0
2012-02-20 05:00:00,1.5,57,-6.1,0.0,0.0,3.51,0.0,0.0
2012-02-20 06:00:00,1.3,57,-6.4,0.0,0.0,3.63,0.0,0.0
2012-02-20 07:00:00,1.0,58,-6.3,0.0,0.0,3.73,0.0,0.0
2012-02-20 08:00:00,1.0,61,-5.7,0.0,0.0,3.47,44.0,0.15839999999999999
2012-02-20 09:00:00,2.0,54,-6.2,0.0,0.0,4.01,211.0,0.7595999999999999
2012-02-20 10:00:00,3.4,49,-6.2,0.0,0.0,3.54,437.0,1.5732
2012-02-20 11:00:00,4.8,45,-6.0,0.0,0.0,3.45,588.0,2.1168
2012-02-20 12:00:00,6.1,42,-5.9,0.0,0.0,3.26,675.0,2.4299999999999997
2012-02-20 13:00:00,7.3,39,-5.7,0.0,0.0,3.1,699.0,2.5164
2012-02-20 14:00:00,7.9,40,-5.0,0.0,0.0,3.01,657.0,2.3651999999999997
2012-02-20 15:00:00,8.5,38,-5.0,0.0,0.0,2.94,554.0,1.9944
2012-02-20 16:00:00,8.6,37,-5.3,0.0,0.0,2.79,399.0,1.4364
2012-02-20 17:00:00,7.9,40,-4.9,0.0,0.0,1.5,211.0,0.7595999999999999
2012-02-20 18:00:00,6.5,46,-4.3,0.0,0.0,1.43,39.0,0.1404
2012-02-20 19:00:00,4.4,59,-2.9,0.0,0.0,1.55,0.0,0.0
2012-02-20 20:00:00,2.6,68,-2.7,0.0,0.0,1.86,0.0,0.0
2012-02-20 21:00:00,2.6,64,-3.5,0.0,0.0,1.84,0.0,0.0
2012-02-20 22:00:00,2.5,64,-3.6,0.0,0.0,1.8,0.0,0.0
2012-02-20 23:00:00,0.7,73,-3.5,0.0,0.0,1.7,0.0,0.0
2012-02-21 00:00:00,-0.7,80,-3.8,0.0,0.0,2.11,0.0,0.0
2012-02-21 01:00:00,-1.3,82,-4.1,0.0,0.0,2.16,0.0,0.0
2012-02-21 02:00:00,-0.9,83,-3.4,0.0,0.0,2.12,0.0,0.0
2012-02-21 03:00:00,-1.5,87,-3.5,0.0,0.0,1.99,0.0,0.0
2012-02-21 04:00:00,-1.9,88,-3.6,0.0,0.0,1.92,0.0,0.0
2012-02-21 05:00:00,-2.4,90,-3.7,0.0,0.0,2.22,0.0,0.0
2012-02-21 06:00:00,-2.6,91,-3.8,0.0,0.0,2.62,0.0,0.0
2012-02-21 07:00:00,-2.6,92,-3.8,0.0,0.0,2.3,0.0,0.0
2012-02-21 08:00:00,-0.7,90,-2.2,0.0,0.0,2.51,79.0,0.2844
2012-02-21 09:00:00,3.4,71,-1.4,0.0,0.0,2.7,244.0,0.8784
2012-02-21 10:00:00,4.8,61,-2.0,0.0,0.0,4.2,362.0,1.3032
2012-02-21 11:00:00,6.1,54,-2.5,0.0,0.0,5.14,504.0,1.8144
2012-02-21 12:00:00,7.5,49,-2.5,0.0,0.0,5.14,617.0,2.2212
2012-02-21 13:00:00,8.1,48,-2.3,0.0,0.0,5.22,478.0,1.7207999999999999
2012-02-21 14:00:00,7.3,52,-2.0,0.0,0.0,5.46,316.0,1.1376
2012-02-21 15:00:00,8.4,50,-1.4,0.0,0.0,5.61,487.0,1.7531999999999999
2012-02-21 16:00:00,8.8,50,-1.0,0.0,0.0,5.0,381.0,1.3716
2012-02-21 17:00:00,8.3,53,-0.7,0.0,0.0,3.86,184.0,0.6624
2012-02-21 18:00:00,6.9,58,-0.7,0.0,0.0,3.5,35.0,0.126
2012-02-21 19:00:00,5.9,65,-0.2,0.0,0.0,3.9,0.0,0.0
2012-02-21 20:00:00,5.5,71,0.6,0.0,0.0,3.83,0.0,0.0
2012-02-21 21:00:00,5.3,76,1.4,0.0,0.0,3.65,0.0,0.0
2012-02-21 22:00:00,4.9,82,2.2,0.0,0.0,3.61,0.0,0.0
2012-02-21 23:00:00,4.8,87,2.8,0.0,0.0,3.64,0.0,0.0
2012-02-22 00:00:00,4.8,89,3.2,0.0,0.0,3.76,0.0,0.0
2012-02-22 01:00:00,4.9,90,3.4,0.0,0.0,4.11,0.0,0.0
2012-02-22 02:00:00,5.7,84,3.2,0.0,0.0,4.22,0.0,0.0
2012-02-22 03:00:00,5.5,85,3.1,0.0,0.0,3.77,0.0,0.0
2012-02-22 04:00:00,4.8,88,2.9,0.0,0.0,3.11,0.0,0.0
2012-02-22 05:00:00,3.8,91,2.5,0.0,0.0,2.69,0.0,0.0
2012-02-22 06:00:00,3.0,94,2.1,0.0,0.0,2.15,0.0,0.0
2012-02-22 07:00:00,2.1,95,1.5,0.0,0.0,2.06,0.0,0.0
2012-02-22 08:00:00,3.0,93,2.1,0.0,0.0,2.45,76.0,0.2736
2012-02-22 09:00:00,6.9,78,3.4,0.0,0.0,1.62,233.0,0.8388
2012-02-22 10:00:00,9.8,68,4.1,0.0,0.0,1.56,397.0,1.4292
2012-02-22 11:00:00,12.0,54,3.0,0.0,0.0,2.39,554.0,1.9944
2012-02-22 12:00:00,13.1,47,2.0,0.0,0.0,3.62,592.0,2.1311999999999998
2012-02-22 13:00:00,14.2,42,1.4,0.0,0.0,4.44,689.0,2.4804
2012-02-22 14:00:00,15.6,38,1.1,0.0,0.0,4.78,657.0,2.3651999999999997
2012-02-22 15:00:00,15.9,37,1.0,0.0,0.0,5.24,525.0,1.89
2012-02-22 16:00:00,15.6,39,1.8,0.0,0.0,4.2,315.0,1.134
2012-02-22 17:00:00,14.6,43,2.0,0.0,0.0,4.47,165.0,0.594
2012-02-22 18:00:00,13.0,46,1.7,0.0,0.0,3.94,18.0,0.0648
2012-02-22 19:00:00,12.4,48,1.8,0.3,0.0,2.88,0.0,0.0
2012-02-22 20:00:00,11.2,60,3.7,0.3,0.0,3.26,0.0,0.0
2012-02-22 21:00:00,10.8,63,4.0,0.0,0.0,3.91,0.0,0.0
2012-02-22 22:00:00,10.0,68,4.4,0.0,0.0,3.47,0.0,0.0
2012-02-22 23:00:00,9.4,75,5.2,0.0,0.0,4.34,0.0,0.0
2012-02-23 00:00:00,9.1,81,6.0,0.0,0.0,4.38,0.0,0.0
2012-02-23 01:00:00,8.8,88,7.0,0.3,0.0,4.22,0.0,0.0
2012-02-23 02:00:00,8.9,93,7.8,0.0,0.0,3.82,0.0,0.0
2012-02-23 03:00:00,8.6,94,7.7,0.0,0.0,3.66,0.0,0.0
2012-02-23 04:00:00,7.8,95,7.1,0.0,0.0,3.55,0.0,0.0
2012-02-23 05:00:00,7.3,95,6.5,0.0,0.0,3.47,0.0,0.0
2012-02-23 06:00:00,6.8,95,6.0,0.0,0.0,3.4,0.0,0.0
2012-02-23 07:00:00,6.4,94,5.6,0.0,0.0,3.4,0.0,0.0
2012-02-23 08:00:00,7.3,93,6.3,0.0,0.0,3.7,76.0,0.2736
2012-02-23 09:00:00,9.9,85,7.5,0.0,0.0,3.28,245.0,0.882
2012-02-23 10:00:00,12.2,69,6.8,0.0,0.0,3.2,398.0,1.4327999999999999
2012-02-23 11:00:00,13.7,56,5.0,0.0,0.0,3.91,575.0,2.07
2012-02-23 12:00:00,14.7,50,4.4,0.0,0.0,4.13,648.0,2.3327999999999998
2012-02-23 13:00:00,15.6,46,3.9,0.0,0.0,4.54,679.0,2.4444
2012-02-23 14:00:00,16.9,40,3.1,0.0,0.0,4.5,516.0,1.8576
2012-02-23 15:00:00,17.0,39,3.0,0.0,0.0,3.8,333.0,1.1987999999999999
2012-02-23 16:00:00,16.7,46,5.1,0.0,0.0,1.5,203.0,0.7308
2012-02-23 17:00:00,15.6,56,6.8,0.0,0.0,0.71,90.0,0.324
2012-02-23 18:00:00,13.4,59,5.6,0.0,0.0,1.8,33.0,0.1188
2012-02-23 19:00:00,11.4,68,5.6,0.0,0.0,2.2,0.0,0.0
2012-02-23 20:00:00,10.2,73,5.6,0.0,0.0,2.65,0.0,0.0
2012-02-23 21:00:00,9.5,77,5.6,0.0,0.0,3.1,0.0,0.0
2012-02-23 22:00:00,9.9,75,5.7,0.0,0.0,3.83,0.0,0.0
2012-02-23 23:00:00,9.8,80,6.6,0.7,0.0,4.24,0.0,0.0
2012-02-24 00:00:00,9.6,89,7.8,0.8,0.0,4.48,0.0,0.0
2012-02-24 01:00:00,9.9,94,9.0,1.2,0.0,3.1,0.0,0.0
2012-02-24 02:00:00,9.5,95,8.7,1.5,0.0,2.15,0.0,0.0
2012-02-24 03:00:00,9.2,97,8.7,0.6,0.0,2.62,0.0,0.0
2012-02-24 04:00:00,8.4,97,8.0,0.0,0.0,2.91,0.0,0.0
2012-02-24 05:00:00,7.7,99,7.5,0.0,0.0,2.64,0.0,0.0
2012-02-24 06:00:00,7.5,99,7.3,0.0,0.0,2.88,0.0,0.0
2012-02-24 07:00:00,7.4,99,7.2,0.0,0.0,2.83,0.0,0.0
2012-02-24 08:00:00,8.1,98,7.7,0.0,0.0,2.58,53.0,0.1908
2012-02-24 09:00:00,9.6,96,8.9,0.0,0.0,2.19,115.0,0.414
2012-02-24 10:00:00,12.0,90,10.3,0.0,0.0,1.87,225.0,0.8099999999999999
2012-02-24 11:00:00,14.4,85,11.9,0.2,0.0,2.01,295.0,1.062
2012-02-24 12:00:00,18.4,76,14.1,0.0,0.0,1.93,506.0,1.8215999999999999
2012-02-24 13:00:00,21.0,67,14.7,0.0,0.0,1.61,486.0,1.7496
2012-02-24 14:00:00,15.3,82,12.3,0.0,0.0,1.97,242.0,0.8712
2012-02-24 15:00:00,16.9,80,13.5,0.0,0.0,2.0,257.0,0.9252
2012-02-24 16:00:00,16.6,87,14.4,1.8,0.0,1.1,171.0,0.6156
2012-02-24 17:00:00,16.2,90,14.6,1.2,0.0,2.55,92.0,0.3312
2012-02-24 18:00:00,15.4,86,13.1,0.5,0.0,2.33,10.0,0.036
2012-02-24 19:00:00,13.2,72,8.3,0.2,0.0,4.56,0.0,0.0
2012-02-24 20:00:00,11.6,48,1.0,0.0,0.0,7.28,0.0,0.0
2012-02-24 21:00:00,9.7,40,-3.1,0.0,0.0,8.26,0.0,0.0
2012-02-24 22:00:00,8.5,43,-3.5,0.0,0.0,7.53,0.0,0.0
2012-02-24 23:00:00,7.5,44,-3.9,0.0,0.0,7.16,0.0,0.0
2012-02-25 00:00:00,6.7,45,-4.3,0.0,0.0,6.85,0.0,0.0
2012-02-25 01:00:00,6.1,46,-4.7,0.0,0.0,6.74,0.0,0.0
2012-02-25 02:00:00,5.2,45,-5.7,0.0,0.0,6.97,0.0,0.0
2012-02-25 03:00:00,4.5,47,-5.8,0.0,0.0,6.73,0.0,0.0
2012-02-25 04:00:00,4.0,48,-6.1,0.0,0.0,6.43,0.0,0.0
2012-02-25 05:00:00,3.6,48,-6.4,0.0,0.0,5.41,0.0,0.0
2012-02-25 06:00:00,3.2,49,-6.6,0.0,0.0,5.22,0.0,0.0
2012-02-25 07:00:00,2.9,51,-6.4,0.0,0.0,5.53,1.0,0.0036
2012-02-25 08:00:00,3.2,51,-6.1,0.0,0.0,5.43,94.0,0.3384
2012-02-25 09:00:00,3.7,41,-8.4,0.0,0.0,8.0,287.0,1.0332
2012-02-25 10:00:00,4.4,37,-9.1,0.0,0.0,8.39,477.0,1.7172
2012-02-25 11:00:00,5.2,35,-8.9,0.0,0.0,8.9,594.0,2.1384
2012-02-25 12:00:00,5.9,33,-9.3,0.0,0.0,8.48,566.0,2.0376
2012-02-25 13:00:00,6.2,31,-9.6,0.0,0.0,8.51,488.0,1.7568
2012-02-25 14:00:00,5.6,35,-8.8,0.0,0.0,8.38,300.0,1.08
2012-02-25 15:00:00,6.2,32,-9.3,0.0,0.0,8.38,493.0,1.7748
2012-02-25 16:00:00,6.0,31,-9.8,0.0,0.0,8.48,284.0,1.0224
2012-02-25 17:00:00,5.3,30,-10.8,0.0,0.0,7.34,149.0,0.5364
2012-02-25 18:00:00,4.3,32,-11.1,0.0,0.0,6.71,50.0,0.18
2012-02-25 19:00:00,3.5,33,-11.3,0.0,0.0,6.4,0.0,0.0
2012-02-25 20:00:00,2.8,34,-11.6,0.0,0.0,6.06,0.0,0.0
2012-02-25 21:00:00,2.3,36,-11.3,0.0,0.0,5.8,0.0,0.0
2012-02-25 22:00:00,1.8,39,-10.7,0.0,0.0,5.41,0.0,0.0
2012-02-25 23:00:00,1.4,42,-10.2,0.0,0.0,5.07,0.0,0.0
2012-02-26 00:00:00,1.1,44,-9.8,0.0,0.0,5.0,0.0,0.0
2012-02-26 01:00:00,0.8,46,-9.4,0.0,0.0,4.92,0.0,0.0
2012-02-26 02:00:00,0.5,48,-9.2,0.0,0.0,4.49,0.0,0.0
2012-02-26 03:00:00,0.1,51,-8.8,0.0,0.0,4.12,0.0,0.0
2012-02-26 04:00:00,-0.2,53,-8.6,0.0,0.0,3.94,0.0,0.0
2012-02-26 05:00:00,-0.5,56,-8.3,0.0,0.0,4.05,0.0,0.0
2012-02-26 06:00:00,-0.9,59,-7.9,0.0,0.0,3.55,0.0,0.0
2012-02-26 07:00:00,-1.7,70,-6.4,0.0,0.0,2.78,1.0,0.0036
2012-02-26 08:00:00,-0.5,75,-4.4,0.0,0.0,2.06,99.0,0.3564
2012-02-26 09:00:00,2.2,55,-6.0,0.0,0.0,2.22,291.0,1.0475999999999999
2012-02-26 10:00:00,3.5,52,-5.6,0.0,0.0,2.05,474.0,1.7064
2012-02-26 11:00:00,4.9,48,-5.1,0.0,0.0,1.58,615.0,2.214
2012-02-26 12:00:00,6.2,46,-4.7,0.0,0.0,1.41,700.0,2.52
2012-02-26 13:00:00,7.3,43,-4.4,0.0,0.0,1.43,722.0,2.5991999999999997
2012-02-26 14:00:00,8.0,43,-3.8,0.0,0.0,1.62,678.0,2.4408
2012-02-26 15:00:00,8.4,42,-3.8,0.0,0.0,1.84,572.0,2.0592
2012-02-26 16:00:00,8.4,41,-4.3,0.0,0.0,2.08,418.0,1.5048
2012-02-26 17:00:00,7.8,41,-4.6,0.0,0.0,1.97,229.0,0.8244
2012-02-26 18:00:00,6.4,47,-4.2,0.0,0.0,1.6,51.0,0.18359999999999999
2012-02-26 19:00:00,4.7,53,-4.0,0.0,0.0,2.1,0.0,0.0
2012-02-26 20:00:00,3.4,60,-3.7,0.0,0.0,2.52,0.0,0.0
2012-02-26 21:00:00,2.4,67,-3.1,0.0,0.0,2.8,0.0,0.0
2012-02-26 22:00:00,1.8,73,-2.5,0.0,0.0,2.92,0.0,0.0
2012-02-26 23:00:00,1.3,79,-2.0,0.0,0.0,2.92,0.0,0.0
2012-02-27 00:00:00,0.8,82,-2.0,0.0,0.0,2.98,0.0,0.0
2012-02-27 01:00:00,0.5,83,-2.1,0.0,0.0,2.82,0.0,0.0
2012-02-27 02:00:00,-0.0,83,-2.6,0.0,0.0,2.6,0.0,0.0
2012-02-27 03:00:00,-0.4,83,-3.0,0.0,0.0,2.62,0.0,0.0
2012-02-27 04:00:00,-0.6,81,-3.4,0.0,0.0,2.83,0.0,0.0
2012-02-27 05:00:00,-0.7,80,-3.8,0.0,0.0,2.71,0.0,0.0
2012-02-27 06:00:00,-0.9,80,-4.0,0.0,0.0,2.91,0.0,0.0
2012-02-27 07:00:00,-1.0,80,-4.0,0.0,0.0,2.77,2.0,0.0072
2012-02-27 08:00:00,1.4,76,-2.5,0.0,0.0,3.16,101.0,0.3636
2012-02-27 09:00:00,4.8,60,-2.2,0.0,0.0,3.31,292.0,1.0512
2012-02-27 10:00:00,7.3,54,-1.5,0.0,0.0,3.19,472.0,1.6992
2012-02-27 11:00:00,9.7,49,-0.5,0.0,0.0,3.04,612.0,2.2032
2012-02-27 12:00:00,11.9,46,0.6,0.0,0.0,3.27,696.0,2.5056
2012-02-27 13:00:00,13.8,43,1.4,0.0,0.0,3.85,716.0,2.5776
2012-02-27 14:00:00,15.4,41,2.2,0.0,0.0,4.3,671.0,2.4156
2012-02-27 15:00:00,15.9,40,2.2,0.0,0.0,4.83,535.0,1.926
2012-02-27 16:00:00,15.9,40,2.4,0.0,0.0,4.65,414.0,1.4904
2012-02-27 17:00:00,14.9,43,2.5,0.0,0.0,3.94,228.0,0.8208
2012-02-27 18:00:00,13.0,46,1.7,0.0,0.0,4.3,51.0,0.18359999999999999
2012-02-27 19:00:00,11.7,50,1.6,0.0,0.0,4.83,0.0,0.0
2012-02-27 20:00:00,10.6,56,2.2,0.0,0.0,4.53,0.0,0.0
2012-02-27 21:00:00,9.5,64,2.9,0.0,0.0,3.84,0.0,0.0
2012-02-27 22:00:00,8.5,69,3.2,0.0,0.0,3.52,0.0,0.0
2012-02-27 23:00:00,7.8,71,2.8,0.0,0.0,3.55,0.0,0.0
2012-02-28 00:00:00,7.5,67,1.7,0.0,0.0,4.47,0.0,0.0
2012-02-28 01:00:00,7.3,60,-0.1,0.0,0.0,5.09,0.0,0.0
2012-02-28 02:00:00,7.4,47,-3.1,0.0,0.0,5.03,0.0,0.0
2012-02-28 03:00:00,5.9,45,-5.1,0.0,0.0,5.0,0.0,0.0
2012-02-28 04:00:00,4.5,47,-5.9,0.0,0.0,4.83,0.0,0.0
2012-02-28 05:00:00,3.3,51,-6.0,0.0,0.0,4.19,0.0,0.0
2012-02-28 06:00:00,2.3,54,-6.0,0.0,0.0,3.41,0.0,0.0
2012-02-28 07:00:00,1.6,60,-5.4,0.0,0.0,3.16,2.0,0.0072
2012-02-28 08:00:00,2.1,62,-4.5,0.0,0.0,2.8,109.0,0.39239999999999997
2012-02-28 09:00:00,3.5,56,-4.4,0.0,0.0,3.72,305.0,1.0979999999999999
2012-02-28 10:00:00,5.1,52,-4.0,0.0,0.0,3.09,490.0,1.764
2012-02-28 11:00:00,6.8,48,-3.5,0.0,0.0,2.52,634.0,2.2824
2012-02-28 12:00:00,8.5,44,-3.1,0.0,0.0,2.16,720.0,2.592
2012-02-28 13:00:00,9.9,41,-2.8,0.0,0.0,1.8,742.0,2.6712
2012-02-28 14:00:00,11.3,39,-2.1,0.0,0.0,1.42,696.0,2.5056
2012-02-28 15:00:00,11.8,38,-2.1,0.0,0.0,1.06,588.0,2.1168
2012-02-28 16:00:00,11.8,38,-2.2,0.0,0.0,0.63,418.0,1.5048
2012-02-28 17:00:00,11.2,40,-1.9,0.0,0.0,0.14,234.0,0.8423999999999999
2012-02-28 18:00:00,9.8,46,-1.2,0.0,0.0,1.84,55.0,0.19799999999999998
2012-02-28 19:00:00,7.3,55,-1.2,0.0,0.0,2.05,0.0,0.0
2012-02-28 20:00:00,5.8,61,-1.1,0.0,0.0,2.69,0.0,0.0
2012-02-28 21:00:00,4.7,66,-1.1,0.0,0.0,2.7,0.0,0.0
2012-02-28 22:00:00,3.8,70,-1.2,0.0,0.0,2.39,0.0,0.0
2012-02-28 23:00:00,3.0,73,-1.4,0.0,0.0,2.56,0.0,0.0
2012-02-29 00:00:00,2.4,75,-1.7,0.0,0.0,2.58,0.0,0.0
2012-02-29 01:00:00,1.9,77,-1.7,0.0,0.0,2.33,0.0,0.0
2012-02-29 02:00:00,1.6,82,-1.2,0.0,0.0,2.47,0.0,0.0
2012-02-29 03:00:00,1.2,85,-1.0,0.0,0.0,2.75,0.0,0.0
2012-02-29 04:00:00,1.2,88,-0.6,0.0,0.0,2.87,0.0,0.0
2012-02-29 05:00:00,1.9,88,0.1,0.0,0.0,2.75,0.0,0.0
2012-02-29 06:00:00,2.2,88,0.3,0.0,0.0,3.11,0.0,0.0
2012-02-29 07:00:00,2.7,87,0.7,0.0,0.0,3.14,2.0,0.0072
2012-02-29 08:00:00,4.0,85,1.7,1.0,0.0,2.94,40.0,0.144
2012-02-29 09:00:00,4.4,91,3.1,1.9,0.0,2.69,26.0,0.0936
2012-02-29 10:00:00,5.2,93,4.2,2.2,0.0,2.92,46.0,0.1656
2012-02-29 11:00:00,6.3,96,5.6,2.4,0.0,3.76,59.0,0.2124
2012-02-29 12:00:00,7.3,96,6.7,4.2,0.0,3.93,42.0,0.1512
2012-02-29 13:00:00,8.9,96,8.2,2.9,0.0,2.53,73.0,0.2628
2012-02-29 14:00:00,9.8,91,8.4,0.0,0.0,2.47,154.0,0.5544
2012-02-29 15:00:00,11.3,91,9.9,0.0,0.0,2.59,170.0,0.612
2012-02-29 16:00:00,12.5,88,10.6,0.0,0.0,2.68,157.0,0.5652
2012-02-29 17:00:00,13.0,88,11.0,0.0,0.0,1.73,104.0,0.3744
2012-02-29 18:00:00,12.4,92,11.1,0.0,0.0,1.22,15.0,0.054
2012-02-29 19:00:00,12.2,95,11.4,0.9,0.0,1.51,0.0,0.0
2012-02-29 20:00:00,12.7,96,12.1,1.0,0.0,1.63,0.0,0.0
2012-02-29 21:00:00,13.6,96,12.9,0.9,0.0,2.92,0.0,0.0
2012-02-29 22:00:00,14.3,96,13.6,1.4,0.0,3.7,0.0,0.0
2012-02-29 23:00:00,14.7,95,14.0,0.0,0.0,4.56,0.0,0.0
2012-03-01 00:00:00,14.8,95,14.0,0.0,0.0,4.88,0.0,0.0
2012-03-01 01:00:00,14.7,95,13.8,0.0,0.0,5.23,0.0,0.0
2012-03-01 02:00:00,13.6,96,13.0,0.0,0.0,4.75,0.0,0.0
2012-03-01 03:00:00,13.2,96,12.7,0.0,0.0,4.08,0.0,0.0
2012-03-01 04:00:00,12.5,97,12.1,0.0,0.0,3.22,0.0,0.0
2012-03-01 05:00:00,11.8,98,11.5,0.0,0.0,2.91,0.0,0.0
2012-03-01 06:00:00,11.2,98,10.9,0.0,0.0,3.08,0.0,0.0
2012-03-01 07:00:00,10.8,98,10.4,0.0,0.0,3.11,3.0,0.0108
2012-03-01 08:00:00,11.9,97,11.4,0.0,0.0,3.04,107.0,0.3852
2012-03-01 09:00:00,14.1,90,12.6,0.0,0.0,2.86,294.0,1.0584
2012-03-01 10:00:00,16.0,70,10.4,0.1,0.0,3.78,459.0,1.6523999999999999
2012-03-01 11:00:00,16.5,53,6.8,0.0,0.0,3.26,500.0,1.8
2012-03-01 12:00:00,16.9,47,5.5,0.0,0.0,4.03,508.0,1.8288
2012-03-01 13:00:00,17.0,43,4.3,0.0,0.0,4.3,438.0,1.5768
2012-03-01 14:00:00,17.9,47,6.4,0.1,0.0,3.89,319.0,1.1483999999999999
2012-03-01 15:00:00,18.1,43,5.3,0.0,0.0,4.12,382.0,1.3752
2012-03-01 16:00:00,18.0,40,4.3,0.0,0.0,3.82,375.0,1.3499999999999999
2012-03-01 17:00:00,16.5,43,3.8,0.0,0.0,3.49,213.0,0.7667999999999999
2012-03-01 18:00:00,14.1,45,2.3,0.0,0.0,3.4,59.0,0.2124
2012-03-01 19:00:00,12.2,47,1.2,0.0,0.0,3.41,0.0,0.0
2012-03-01 20:00:00,10.7,48,0.2,0.0,0.0,3.11,0.0,0.0
2012-03-01 21:00:00,9.4,50,-0.5,0.0,0.0,2.53,0.0,0.0
2012-03-01 22:00:00,8.2,53,-0.9,0.0,0.0,2.04,0.0,0.0
2012-03-01 23:00:00,7.1,56,-1.2,0.0,0.0,1.9,0.0,0.0
2012-03-02 00:00:00,6.0,61,-1.1,0.0,0.0,1.8,0.0,0.0
2012-03-02 01:00:00,4.7,68,-0.7,0.0,0.0,1.91,0.0,0.0
2012-03-02 02:00:00,4.4,74,0.3,0.0,0.0,2.05,0.0,0.0
2012-03-02 03:00:00,4.1,75,-0.0,0.0,0.0,1.92,0.0,0.0
2012-03-02 04:00:00,3.4,78,-0.0,0.0,0.0,2.02,0.0,0.0
2012-03-02 05:00:00,2.2,84,-0.2,0.0,0.0,1.75,0.0,0.0
2012-03-02 06:00:00,1.9,85,-0.4,0.0,0.0,1.94,0.0,0.0
2012-03-02 07:00:00,1.6,87,-0.4,0.0,0.0,2.14,4.0,0.0144
2012-03-02 08:00:00,4.2,84,1.8,0.0,0.0,1.75,116.0,0.41759999999999997
2012-03-02 09:00:00,8.0,58,0.3,0.0,0.0,2.56,309.0,1.1124
2012-03-02 10:00:00,9.4,52,0.2,0.0,0.0,3.11,489.0,1.7604
2012-03-02 11:00:00,10.7,50,0.8,0.0,0.0,3.72,618.0,2.2248
2012-03-02 12:00:00,11.5,50,1.4,0.0,0.0,4.06,589.0,2.1204
2012-03-02 13:00:00,11.8,51,1.9,0.0,0.0,4.6,525.0,1.89
2012-03-02 14:00:00,11.7,52,2.3,0.0,0.0,4.7,449.0,1.6164
2012-03-02 15:00:00,10.7,61,3.5,0.0,0.0,3.74,222.0,0.7992
2012-03-02 16:00:00,8.8,82,5.9,1.2,0.0,4.3,70.0,0.252
2012-03-02 17:00:00,7.9,89,6.3,0.9,0.0,2.83,32.0,0.1152
2012-03-02 18:00:00,7.6,93,6.6,1.1,0.0,3.83,9.0,0.0324
2012-03-02 19:00:00,7.4,94,6.5,0.1,0.0,3.69,0.0,0.0
2012-03-02 20:00:00,7.6,95,6.8,0.2,0.0,3.54,0.0,0.0
2012-03-02 21:00:00,7.9,96,7.3,0.5,0.0,3.11,0.0,0.0
2012-03-02 22:00:00,8.1,98,7.8,1.2,0.0,2.69,0.0,0.0
2012-03-02 23:00:00,8.4,99,8.2,0.3,0.0,1.91,0.0,0.0
2012-03-03 00:00:00,9.0,99,8.8,0.0,0.0,1.98,0.0,0.0
2012-03-03 01:00:00,9.8,99,9.6,0.0,0.0,2.28,0.0,0.0
2012-03-03 02:00:00,8.2,98,8.0,0.0,0.0,2.75,0.0,0.0
2012-03-03 03:00:00,8.7,98,8.4,0.0,0.0,3.44,0.0,0.0
2012-03-03 04:00:00,9.2,99,9.0,0.0,0.0,3.72,0.0,0.0
2012-03-03 05:00:00,9.7,98,9.5,0.0,0.0,2.91,0.0,0.0
2012-03-03 06:00:00,10.0,98,9.7,0.2,0.0,3.18,0.0,0.0
2012-03-03 07:00:00,9.9,97,9.5,0.1,0.0,3.29,1.0,0.0036
2012-03-03 08:00:00,10.0,96,9.4,0.2,0.0,3.2,18.0,0.0648
2012-03-03 09:00:00,10.2,90,8.6,0.4,0.0,3.32,72.0,0.2592
2012-03-03 10:00:00,9.6,79,6.1,0.0,0.0,3.72,144.0,0.5184
2012-03-03 11:00:00,9.6,64,3.1,0.0,0.0,3.94,195.0,0.702
2012-03-03 12:00:00,10.5,50,0.6,0.0,0.0,4.56,267.0,0.9611999999999999
2012-03-03 13:00:00,11.4,41,-1.4,0.0,0.0,4.83,341.0,1.2276
2012-03-03 14:00:00,14.7,37,0.2,0.0,0.0,5.05,699.0,2.5164
2012-03-03 15:00:00,15.4,31,-1.8,0.0,0.0,5.0,609.0,2.1924
2012-03-03 16:00:00,15.5,27,-3.3,0.0,0.0,4.6,448.0,1.6128
2012-03-03 17:00:00,14.4,31,-2.5,0.0,0.0,2.57,257.0,0.9252
2012-03-03 18:00:00,12.0,33,-3.8,0.0,0.0,2.65,66.0,0.2376
2012-03-03 19:00:00,10.0,32,-5.9,0.0,0.0,2.33,0.0,0.0
2012-03-03 20:00:00,9.2,32,-6.7,0.0,0.0,2.61,0.0,0.0
2012-03-03 21:00:00,9.2,32,-6.8,0.0,0.0,2.94,0.0,0.0
2012-03-03 22:00:00,9.0,32,-6.7,0.0,0.0,3.22,0.0,0.0
2012-03-03 23:00:00,8.5,34,-6.5,0.0,0.0,3.89,0.0,0.0
2012-03-04 00:00:00,8.2,35,-6.2,0.0,0.0,4.58,0.0,0.0
2012-03-04 01:00:00,7.6,38,-6.0,0.0,0.0,4.24,0.0,0.0
2012-03-04 02:00:00,6.6,43,-5.1,0.0,0.0,3.22,0.0,0.0
2012-03-04 03:00:00,6.0,45,-5.0,0.0,0.0,2.52,0.0,0.0
2012-03-04 04:00:00,5.4,47,-5.1,0.0,0.0,2.61,0.0,0.0
2012-03-04 05:00:00,4.8,48,-5.2,0.0,0.0,2.06,0.0,0.0
2012-03-04 06:00:00,4.3,50,-5.4,0.0,0.0,1.3,0.0,0.0
2012-03-04 07:00:00,3.7,55,-4.4,0.0,0.0,2.55,4.0,0.0144
2012-03-04 08:00:00,4.0,52,-5.0,0.0,0.0,3.48,102.0,0.36719999999999997
2012-03-04 09:00:00,4.6,48,-5.3,0.0,0.0,3.74,265.0,0.954
2012-03-04 10:00:00,5.5,43,-6.1,0.0,0.0,4.52,359.0,1.2924
2012-03-04 11:00:00,6.2,41,-6.2,0.0,0.0,4.8,498.0,1.7928
2012-03-04 12:00:00,7.3,37,-6.4,0.0,0.0,4.48,638.0,2.2967999999999997
2012-03-04 13:00:00,7.7,35,-6.9,0.0,0.0,5.1,517.0,1.8612
2012-03-04 14:00:00,7.7,37,-6.1,0.0,0.0,5.59,589.0,2.1204
2012-03-04 15:00:00,7.6,34,-7.4,0.0,0.0,5.95,403.0,1.4507999999999999
2012-03-04 16:00:00,7.2,34,-7.8,0.0,0.0,5.88,265.0,0.954
2012-03-04 17:00:00,6.5,35,-7.8,0.0,0.0,5.33,206.0,0.7415999999999999
2012-03-04 18:00:00,5.5,36,-8.3,0.0,0.0,4.25,71.0,0.2556
2012-03-04 19:00:00,4.6,37,-8.8,0.0,0.0,3.86,0.0,0.0
2012-03-04 20:00:00,3.8,39,-8.8,0.0,0.0,3.6,0.0,0.0
2012-03-04 21:00:00,2.9,43,-8.5,0.0,0.0,3.5,0.0,0.0
2012-03-04 22:00:00,2.1,46,-8.2,0.0,0.0,3.51,0.0,0.0
2012-03-04 23:00:00,1.4,50,-7.9,0.0,0.0,3.72,0.0,0.0
2012-03-05 00:00:00,0.7,54,-7.5,0.0,0.0,3.8,0.0,0.0
2012-03-05 01:00:00,0.0,59,-7.0,0.0,0.0,3.31,0.0,0.0
2012-03-05 02:00:00,-0.6,64,-6.6,0.0,0.0,2.55,0.0,0.0
2012-03-05 03:00:00,-1.3,70,-6.0,0.0,0.0,2.15,0.0,0.0
2012-03-05 04:00:00,-1.1,69,-6.1,0.0,0.0,2.01,0.0,0.0
2012-03-05 05:00:00,-2.1,76,-5.8,0.0,0.0,1.75,0.0,0.0
2012-03-05 06:00:00,-1.7,74,-5.7,0.0,0.0,1.66,0.0,0.0
2012-03-05 07:00:00,-1.3,76,-5.0,0.0,0.0,1.66,6.0,0.0216
2012-03-05 08:00:00,0.6,78,-2.8,0.0,0.0,1.22,77.0,0.2772
2012-03-05 09:00:00,2.4,66,-3.4,0.0,0.07,1.28,156.0,0.5616
2012-03-05 10:00:00,3.3,64,-3.0,0.0,0.07,1.02,264.0,0.9504
2012-03-05 11:00:00,4.0,58,-3.5,0.0,0.07,1.7,359.0,1.2924
2012-03-05 12:00:00,4.5,54,-4.1,0.1,0.07,2.58,340.0,1.224
2012-03-05 13:00:00,5.3,48,-4.8,0.1,0.0,3.28,391.0,1.4076
2012-03-05 14:00:00,5.1,49,-4.8,0.0,0.07,3.84,382.0,1.3752
2012-03-05 15:00:00,5.6,47,-5.0,0.1,0.0,4.18,381.0,1.3716
2012-03-05 16:00:00,6.0,42,-5.8,0.1,0.0,4.24,357.0,1.2852
2012-03-05 17:00:00,5.7,41,-6.5,0.0,0.0,4.75,217.0,0.7812
2012-03-05 18:00:00,4.7,40,-7.7,0.0,0.0,4.44,65.0,0.23399999999999999
2012-03-05 19:00:00,3.6,40,-8.9,0.0,0.0,4.61,0.0,0.0
2012-03-05 20:00:00,2.6,40,-9.5,0.0,0.0,4.84,0.0,0.0
2012-03-05 21:00:00,1.8,42,-9.8,0.0,0.0,4.75,0.0,0.0
2012-03-05 22:00:00,1.1,43,-10.0,0.0,0.0,4.38,0.0,0.0
2012-03-05 23:00:00,0.4,45,-10.2,0.0,0.0,3.84,0.0,0.0
2012-03-06 00:00:00,-0.4,48,-10.2,0.0,0.0,3.26,0.0,0.0
2012-03-06 01:00:00,-1.2,52,-9.8,0.0,0.0,2.92,0.0,0.0
2012-03-06 02:00:00,-2.3,59,-9.2,0.0,0.0,2.48,0.0,0.0
2012-03-06 03:00:00,-2.9,63,-8.9,0.0,0.0,1.98,0.0,0.0
2012-03-06 04:00:00,-2.9,61,-9.3,0.0,0.0,1.7,0.0,0.0
2012-03-06 05:00:00,-2.7,61,-9.3,0.0,0.0,1.4,0.0,0.0
2012-03-06 06:00:00,-2.4,60,-9.2,0.0,0.0,1.3,0.0,0.0
2012-03-06 07:00:00,-1.4,56,-9.1,0.0,0.0,0.76,8.0,0.0288
2012-03-06 08:00:00,-0.5,62,-6.9,0.0,0.0,0.41,140.0,0.504
2012-03-06 09:00:00,1.5,48,-8.4,0.0,0.0,0.85,340.0,1.224
2012-03-06 10:00:00,2.9,45,-7.8,0.0,0.0,0.73,522.0,1.8792
2012-03-06 11:00:00,4.3,43,-7.2,0.0,0.0,0.92,661.0,2.3796
2012-03-06 12:00:00,5.8,41,-6.5,0.0,0.0,1.71,743.0,2.6748
2012-03-06 13:00:00,7.0,40,-5.7,0.0,0.0,2.57,760.0,2.7359999999999998
2012-03-06 14:00:00,7.9,40,-4.7,0.0,0.0,3.08,713.0,2.5667999999999997
2012-03-06 15:00:00,8.5,40,-4.4,0.0,0.0,3.28,607.0,2.1852
2012-03-06 16:00:00,8.7,40,-4.3,0.0,0.0,3.62,449.0,1.6164
2012-03-06 17:00:00,8.3,41,-4.4,0.0,0.0,2.53,259.0,0.9324
2012-03-06 18:00:00,6.7,46,-4.1,0.0,0.0,1.84,73.0,0.2628
2012-03-06 19:00:00,5.1,53,-3.7,0.0,0.0,2.52,0.0,0.0
2012-03-06 20:00:00,4.0,60,-3.1,0.0,0.0,2.92,0.0,0.0
2012-03-06 21:00:00,3.3,66,-2.6,0.0,0.0,3.32,0.0,0.0
2012-03-06 22:00:00,2.9,69,-2.2,0.0,0.0,3.55,0.0,0.0
2012-03-06 23:00:00,2.8,70,-2.2,0.0,0.0,3.7,0.0,0.0
2012-03-07 00:00:00,2.8,69,-2.3,0.0,0.0,4.03,0.0,0.0
2012-03-07 01:00:00,2.9,68,-2.5,0.0,0.0,4.2,0.0,0.0
2012-03-07 02:00:00,3.3,63,-3.0,0.0,0.0,4.24,0.0,0.0
2012-03-07 03:00:00,3.3,63,-3.1,0.0,0.0,4.27,0.0,0.0
2012-03-07 04:00:00,3.2,64,-3.0,0.0,0.0,4.24,0.0,0.0
2012-03-07 05:00:00,3.1,65,-2.8,0.0,0.0,4.14,0.0,0.0
2012-03-07 06:00:00,3.0,67,-2.4,0.0,0.0,4.05,0.0,0.0
2012-03-07 07:00:00,3.0,71,-1.8,0.0,0.0,3.98,9.0,0.0324
2012-03-07 08:00:00,4.6,70,-0.4,0.0,0.0,3.94,144.0,0.5184
2012-03-07 09:00:00,7.1,63,0.5,0.0,0.0,4.26,346.0,1.2456
2012-03-07 10:00:00,9.4,58,1.5,0.0,0.0,4.39,530.0,1.908
2012-03-07 11:00:00,11.7,53,2.4,0.0,0.0,4.33,670.0,2.412
2012-03-07 12:00:00,13.7,50,3.4,0.0,0.0,4.36,742.0,2.6712
2012-03-07 13:00:00,15.3,48,4.5,0.0,0.0,4.58,758.0,2.7288
2012-03-07 14:00:00,17.2,45,5.1,0.0,0.0,5.01,712.0,2.5632
2012-03-07 15:00:00,17.8,46,6.0,0.0,0.0,5.37,603.0,2.1708
2012-03-07 16:00:00,17.9,47,6.6,0.0,0.0,5.02,454.0,1.6343999999999999
2012-03-07 17:00:00,17.0,50,6.6,0.0,0.0,4.37,257.0,0.9252
2012-03-07 18:00:00,15.3,53,5.8,0.0,0.0,4.03,73.0,0.2628
2012-03-07 19:00:00,14.2,55,5.3,0.0,0.0,4.32,0.0,0.0
2012-03-07 20:00:00,13.5,58,5.3,0.0,0.0,4.51,0.0,0.0
2012-03-07 21:00:00,12.7,60,5.2,0.0,0.0,4.83,0.0,0.0
2012-03-07 22:00:00,12.0,63,5.2,0.0,0.0,5.29,0.0,0.0
2012-03-07 23:00:00,11.5,66,5.4,0.0,0.0,5.31,0.0,0.0
2012-03-08 00:00:00,11.1,70,5.8,0.0,0.0,5.28,0.0,0.0
2012-03-08 01:00:00,10.7,75,6.4,0.0,0.0,5.23,0.0,0.0
2012-03-08 02:00:00,11.4,73,6.8,0.0,0.0,5.19,0.0,0.0
2012-03-08 03:00:00,11.1,77,7.3,0.0,0.0,5.15,0.0,0.0
2012-03-08 04:00:00,10.9,81,7.7,0.0,0.0,5.13,0.0,0.0
2012-03-08 05:00:00,10.8,83,8.0,0.0,0.0,5.3,0.0,0.0
2012-03-08 06:00:00,10.7,85,8.2,0.0,0.0,5.1,0.0,0.0
2012-03-08 07:00:00,10.8,85,8.4,0.0,0.0,5.28,9.0,0.0324
2012-03-08 08:00:00,12.1,81,9.0,0.0,0.0,5.68,120.0,0.432
2012-03-08 09:00:00,14.0,76,9.7,0.0,0.0,5.55,293.0,1.0548
2012-03-08 10:00:00,15.9,70,10.4,0.0,0.0,6.45,476.0,1.7136
2012-03-08 11:00:00,17.7,65,11.0,0.0,0.0,6.88,631.0,2.2716
2012-03-08 12:00:00,19.5,55,10.3,0.0,0.0,7.19,703.0,2.5307999999999997
2012-03-08 13:00:00,20.6,50,9.9,0.0,0.0,7.74,735.0,2.646
2012-03-08 14:00:00,21.7,46,9.6,0.0,0.0,7.96,676.0,2.4335999999999998
2012-03-08 15:00:00,21.6,46,9.5,0.0,0.0,8.08,543.0,1.9547999999999999
2012-03-08 16:00:00,21.0,47,9.4,0.0,0.0,7.38,382.0,1.3752
2012-03-08 17:00:00,19.9,48,8.7,0.0,0.0,6.26,142.0,0.5112
2012-03-08 18:00:00,18.9,50,8.3,0.0,0.0,6.13,29.0,0.10439999999999999
2012-03-08 19:00:00,18.3,52,8.2,0.0,0.0,6.13,0.0,0.0
2012-03-08 20:00:00,17.6,54,8.1,0.0,0.0,6.14,0.0,0.0
2012-03-08 21:00:00,17.0,57,8.3,0.0,0.0,6.13,0.0,0.0
2012-03-08 22:00:00,16.9,58,8.7,0.0,0.0,6.3,0.0,0.0
2012-03-08 23:00:00,16.5,64,9.7,0.1,0.0,6.86,0.0,0.0
2012-03-09 00:00:00,15.2,76,11.1,0.3,0.0,6.42,0.0,0.0
2012-03-09 01:00:00,14.5,86,12.1,1.0,0.0,5.22,0.0,0.0
2012-03-09 02:00:00,13.1,93,12.0,1.4,0.0,6.24,0.0,0.0
2012-03-09 03:00:00,9.2,84,6.6,0.1,0.0,5.8,0.0,0.0
2012-03-09 04:00:00,8.3,72,3.5,0.0,0.0,4.9,0.0,0.0
2012-03-09 05:00:00,8.2,62,1.3,0.0,0.0,4.95,0.0,0.0
2012-03-09 06:00:00,7.5,58,-0.3,0.0,0.0,5.06,0.0,0.0
2012-03-09 07:00:00,6.8,58,-0.9,0.0,0.0,4.72,7.0,0.0252
2012-03-09 08:00:00,6.4,56,-1.7,0.0,0.0,5.01,87.0,0.3132
2012-03-09 09:00:00,6.7,53,-2.3,0.0,0.0,4.94,220.0,0.7919999999999999
2012-03-09 10:00:00,7.5,48,-3.0,0.0,0.0,4.3,397.0,1.4292
2012-03-09 11:00:00,8.6,43,-3.3,0.0,0.0,3.75,561.0,2.0196
2012-03-09 12:00:00,9.9,38,-3.8,0.0,0.0,4.17,663.0,2.3868
2012-03-09 13:00:00,11.3,34,-4.0,0.0,0.0,5.68,657.0,2.3651999999999997
2012-03-09 14:00:00,12.5,33,-3.3,0.0,0.0,5.55,688.0,2.4768
2012-03-09 15:00:00,13.2,32,-3.1,0.0,0.0,5.95,590.0,2.124
2012-03-09 16:00:00,12.9,31,-3.7,0.0,0.0,6.13,444.0,1.5984
2012-03-09 17:00:00,11.7,33,-4.2,0.0,0.0,4.84,262.0,0.9431999999999999
2012-03-09 18:00:00,10.2,33,-5.3,0.0,0.0,3.86,85.0,0.306
2012-03-09 19:00:00,8.9,34,-6.1,0.0,0.0,4.03,0.0,0.0
2012-03-09 20:00:00,7.7,36,-6.6,0.0,0.0,3.98,0.0,0.0
2012-03-09 21:00:00,6.6,37,-7.0,0.0,0.0,3.85,0.0,0.0
2012-03-09 22:00:00,5.6,38,-7.5,0.0,0.0,3.54,0.0,0.0
2012-03-09 23:00:00,4.7,39,-8.1,0.0,0.0,3.52,0.0,0.0
2012-03-10 00:00:00,3.9,40,-8.6,0.0,0.0,3.66,0.0,0.0
2012-03-10 01:00:00,3.0,41,-8.8,0.0,0.0,3.74,0.0,0.0
2012-03-10 02:00:00,2.8,43,-8.7,0.0,0.0,3.61,0.0,0.0
2012-03-10 03:00:00,2.1,43,-9.1,0.0,0.0,3.61,0.0,0.0
2012-03-10 04:00:00,1.5,45,-9.2,0.0,0.0,3.38,0.0,0.0
2012-03-10 05:00:00,0.9,47,-9.3,0.0,0.0,2.64,0.0,0.0
2012-03-10 06:00:00,0.3,50,-9.0,0.0,0.0,2.16,0.0,0.0
2012-03-10 07:00:00,-0.1,55,-8.0,0.0,0.0,2.69,14.0,0.0504
2012-03-10 08:00:00,1.0,45,-9.6,0.0,0.0,3.72,163.0,0.5868
2012-03-10 09:00:00,2.0,41,-10.0,0.0,0.0,3.83,369.0,1.3284
2012-03-10 10:00:00,3.2,38,-9.9,0.0,0.0,3.79,556.0,2.0016
2012-03-10 11:00:00,4.5,35,-9.6,0.0,0.0,3.57,699.0,2.5164
2012-03-10 12:00:00,5.6,33,-9.3,0.0,0.0,3.1,742.0,2.6712
2012-03-10 13:00:00,6.5,32,-9.0,0.0,0.0,2.6,716.0,2.5776
2012-03-10 14:00:00,7.5,33,-7.9,0.0,0.0,2.06,752.0,2.7072
2012-03-10 15:00:00,7.9,32,-7.8,0.0,0.0,1.46,640.0,2.304
2012-03-10 16:00:00,7.9,31,-8.1,0.0,0.0,0.85,478.0,1.7207999999999999
2012-03-10 17:00:00,7.6,30,-8.8,0.0,0.0,0.3,281.0,1.0116
2012-03-10 18:00:00,6.7,36,-7.3,0.0,0.0,1.0,86.0,0.3096
2012-03-10 19:00:00,5.1,46,-5.5,0.0,0.0,1.92,0.0,0.0
2012-03-10 20:00:00,3.7,50,-5.8,0.0,0.0,2.62,0.0,0.0
2012-03-10 21:00:00,2.7,56,-5.2,0.0,0.0,2.55,0.0,0.0
2012-03-10 22:00:00,2.0,62,-4.5,0.0,0.0,2.52,0.0,0.0
2012-03-10 23:00:00,1.3,69,-3.8,0.0,0.0,2.37,0.0,0.0
2012-03-11 00:00:00,0.7,74,-3.3,0.0,0.0,2.18,0.0,0.0
2012-03-11 01:00:00,0.3,79,-3.0,0.0,0.0,2.31,0.0,0.0
2012-03-11 02:00:00,0.1,81,-2.8,0.0,0.0,2.5,0.0,0.0
2012-03-11 03:00:00,-0.2,84,-2.5,0.0,0.0,2.5,0.0,0.0
2012-03-11 04:00:00,-0.5,86,-2.5,0.0,0.0,2.4,0.0,0.0
2012-03-11 05:00:00,-0.8,88,-2.6,0.0,0.0,2.21,0.0,0.0
2012-03-11 06:00:00,-0.9,88,-2.6,0.0,0.0,2.5,0.0,0.0
2012-03-11 07:00:00,-0.6,89,-2.3,0.0,0.0,2.85,15.0,0.054
2012-03-11 08:00:00,3.0,76,-0.9,0.0,0.0,2.82,161.0,0.5796
2012-03-11 09:00:00,5.8,62,-0.9,0.0,0.0,3.09,362.0,1.3032
2012-03-11 10:00:00,8.4,52,-0.8,0.0,0.0,3.09,544.0,1.9584
2012-03-11 11:00:00,10.5,46,-0.5,0.0,0.0,3.14,684.0,2.4624
2012-03-11 12:00:00,12.4,43,0.1,0.0,0.0,3.22,766.0,2.7576
2012-03-11 13:00:00,13.7,41,0.6,0.0,0.0,3.31,785.0,2.826
2012-03-11 14:00:00,15.0,40,1.4,0.0,0.0,3.54,738.0,2.6568
2012-03-11 15:00:00,15.6,39,1.6,0.0,0.0,3.72,630.0,2.268
2012-03-11 16:00:00,15.7,38,1.5,0.0,0.0,3.81,472.0,1.6992
2012-03-11 17:00:00,14.9,42,2.1,0.0,0.0,2.31,279.0,1.0044
2012-03-11 18:00:00,12.6,49,2.0,0.0,0.0,2.4,88.0,0.31679999999999997
2012-03-11 19:00:00,10.6,54,1.6,0.0,0.0,2.71,1.0,0.0036
2012-03-11 20:00:00,9.5,57,1.4,0.0,0.0,3.0,0.0,0.0
2012-03-11 21:00:00,8.6,60,1.2,0.0,0.0,3.06,0.0,0.0
2012-03-11 22:00:00,7.9,62,1.1,0.0,0.0,3.01,0.0,0.0
2012-03-11 23:00:00,7.4,63,0.9,0.0,0.0,3.09,0.0,0.0
2012-03-12 00:00:00,7.0,64,0.7,0.0,0.0,3.04,0.0,0.0
2012-03-12 01:00:00,6.5,66,0.5,0.0,0.0,2.97,0.0,0.0
2012-03-12 02:00:00,6.1,66,0.3,0.0,0.0,2.92,0.0,0.0
2012-03-12 03:00:00,5.4,68,0.0,0.0,0.0,2.95,0.0,0.0
2012-03-12 04:00:00,4.8,70,-0.2,0.0,0.0,2.8,0.0,0.0
2012-03-12 05:00:00,4.3,72,-0.3,0.0,0.0,2.28,0.0,0.0
2012-03-12 06:00:00,3.7,75,-0.2,0.0,0.0,1.92,0.0,0.0
2012-03-12 07:00:00,3.5,79,0.2,0.0,0.0,1.7,17.0,0.0612
2012-03-12 08:00:00,7.1,70,1.9,0.0,0.0,1.9,163.0,0.5868
2012-03-12 09:00:00,10.5,56,2.1,0.0,0.0,2.25,358.0,1.2888
2012-03-12 10:00:00,12.9,51,3.1,0.0,0.0,2.28,537.0,1.9332
2012-03-12 11:00:00,15.1,48,4.2,0.0,0.0,2.06,676.0,2.4335999999999998
2012-03-12 12:00:00,16.9,46,5.2,0.0,0.0,2.53,739.0,2.6604
2012-03-12 13:00:00,18.4,45,6.4,0.0,0.0,2.89,761.0,2.7396
2012-03-12 14:00:00,19.6,42,6.5,0.0,0.0,3.08,736.0,2.6496
2012-03-12 15:00:00,20.1,44,7.3,0.0,0.0,3.32,630.0,2.268
2012-03-12 16:00:00,20.2,46,8.2,0.0,0.0,3.31,443.0,1.5948
2012-03-12 17:00:00,19.4,52,9.3,0.0,0.0,1.34,248.0,0.8927999999999999
2012-03-12 18:00:00,17.4,59,9.4,0.0,0.0,2.56,56.0,0.2016
2012-03-12 19:00:00,16.0,66,9.6,0.2,0.0,2.39,0.0,0.0
2012-03-12 20:00:00,15.4,70,9.9,0.0,0.0,2.91,0.0,0.0
2012-03-12 21:00:00,14.9,73,10.1,0.1,0.0,3.44,0.0,0.0
2012-03-12 22:00:00,14.8,74,10.1,0.0,0.0,4.02,0.0,0.0
2012-03-12 23:00:00,14.7,74,10.0,0.0,0.0,3.94,0.0,0.0
2012-03-13 00:00:00,14.5,74,9.9,0.0,0.0,3.72,0.0,0.0
2012-03-13 01:00:00,14.2,74,9.7,0.5,0.0,3.7,0.0,0.0
2012-03-13 02:00:00,14.5,75,10.2,0.3,0.0,3.69,0.0,0.0
2012-03-13 03:00:00,13.8,81,10.6,0.6,0.0,3.86,0.0,0.0
2012-03-13 04:00:00,13.1,87,11.0,0.5,0.0,3.84,0.0,0.0
2012-03-13 05:00:00,12.7,91,11.2,0.0,0.0,3.74,0.0,0.0
2012-03-13 06:00:00,12.3,93,11.2,0.0,0.0,3.71,0.0,0.0
2012-03-13 07:00:00,12.0,95,11.2,0.0,0.0,3.5,12.0,0.0432
2012-03-13 08:00:00,13.2,93,12.1,0.0,0.0,3.66,140.0,0.504
2012-03-13 09:00:00,15.4,85,12.9,0.0,0.0,3.5,325.0,1.17
2012-03-13 10:00:00,17.9,75,13.5,0.0,0.0,3.38,508.0,1.8288
2012-03-13 11:00:00,20.2,67,13.9,0.0,0.0,3.44,618.0,2.2248
2012-03-13 12:00:00,22.1,60,14.0,0.0,0.0,3.75,682.0,2.4552
2012-03-13 13:00:00,23.3,57,14.2,0.0,0.0,4.24,653.0,2.3508
2012-03-13 14:00:00,24.8,45,12.1,0.0,0.0,4.52,666.0,2.3975999999999997
2012-03-13 15:00:00,24.9,45,12.0,0.0,0.0,4.16,498.0,1.7928
2012-03-13 16:00:00,24.9,45,12.0,0.0,0.0,3.0,411.0,1.4796
2012-03-13 17:00:00,23.5,52,13.0,0.0,0.0,1.84,204.0,0.7343999999999999
2012-03-13 18:00:00,21.4,58,12.9,0.0,0.0,2.28,69.0,0.24839999999999998
2012-03-13 19:00:00,19.3,65,12.6,0.0,0.0,2.69,1.0,0.0036
2012-03-13 20:00:00,17.7,70,12.2,0.0,0.0,2.52,0.0,0.0
2012-03-13 21:00:00,16.8,70,11.4,0.0,0.0,2.79,0.0,0.0
2012-03-13 22:00:00,16.1,73,11.3,0.0,0.0,2.92,0.0,0.0
2012-03-13 23:00:00,15.4,79,11.7,0.0,0.0,3.0,0.0,0.0
2012-03-14 00:00:00,14.5,85,12.0,0.0,0.0,3.13,0.0,0.0
2012-03-14 01:00:00,13.7,89,11.8,0.0,0.0,2.92,0.0,0.0
2012-03-14 02:00:00,13.5,80,10.0,0.0,0.0,2.92,0.0,0.0
2012-03-14 03:00:00,12.6,83,9.8,0.0,0.0,2.92,0.0,0.0
2012-03-14 04:00:00,11.9,86,9.6,0.0,0.0,2.78,0.0,0.0
2012-03-14 05:00:00,11.3,88,9.4,0.0,0.0,2.73,0.0,0.0
2012-03-14 06:00:00,10.7,90,9.1,0.0,0.0,2.72,0.0,0.0
2012-03-14 07:00:00,10.5,92,9.2,0.0,0.0,2.2,20.0,0.072
2012-03-14 08:00:00,14.2,85,11.7,0.0,0.0,1.94,170.0,0.612
2012-03-14 09:00:00,17.9,63,10.8,0.0,0.0,1.12,367.0,1.3212
2012-03-14 10:00:00,19.3,51,8.9,0.0,0.0,1.77,547.0,1.9691999999999998
2012-03-14 11:00:00,20.7,44,8.1,0.0,0.0,2.25,685.0,2.4659999999999997
2012-03-14 12:00:00,22.1,40,7.9,0.0,0.0,2.51,766.0,2.7576
2012-03-14 13:00:00,23.3,37,7.7,0.0,0.0,2.82,783.0,2.8188
2012-03-14 14:00:00,24.6,35,8.2,0.0,0.0,3.01,732.0,2.6351999999999998
2012-03-14 15:00:00,24.9,35,8.2,0.0,0.0,2.89,620.0,2.2319999999999998
2012-03-14 16:00:00,24.7,37,8.9,0.0,0.0,2.55,464.0,1.6703999999999999
2012-03-14 17:00:00,23.4,48,11.8,0.0,0.0,0.9,281.0,1.0116
2012-03-14 18:00:00,22.3,52,12.0,0.0,0.0,0.98,93.0,0.3348
2012-03-14 19:00:00,18.8,66,12.3,0.0,0.0,2.28,1.0,0.0036
2012-03-14 20:00:00,16.3,71,11.1,0.0,0.0,2.12,0.0,0.0
2012-03-14 21:00:00,14.9,78,11.1,0.0,0.0,2.89,0.0,0.0
2012-03-14 22:00:00,13.9,84,11.2,0.0,0.0,3.13,0.0,0.0
2012-03-14 23:00:00,12.9,88,10.9,0.0,0.0,3.01,0.0,0.0
2012-03-15 00:00:00,12.3,89,10.6,0.0,0.0,2.72,0.0,0.0
2012-03-15 01:00:00,11.7,90,10.2,0.0,0.0,2.6,0.0,0.0
2012-03-15 02:00:00,11.8,88,9.8,0.0,0.0,2.64,0.0,0.0
2012-03-15 03:00:00,11.6,88,9.6,0.0,0.0,2.69,0.0,0.0
2012-03-15 04:00:00,11.3,87,9.2,0.0,0.0,2.55,0.0,0.0
2012-03-15 05:00:00,10.7,87,8.7,0.0,0.0,1.8,0.0,0.0
2012-03-15 06:00:00,10.2,87,8.2,0.0,0.0,1.98,0.0,0.0
2012-03-15 07:00:00,10.5,87,8.4,0.0,0.0,1.56,21.0,0.0756
2012-03-15 08:00:00,14.5,76,10.3,0.0,0.0,1.86,173.0,0.6228
2012-03-15 09:00:00,18.2,62,10.7,0.0,0.0,0.64,369.0,1.3284
2012-03-15 10:00:00,21.0,55,11.6,0.0,0.0,0.36,546.0,1.9656
2012-03-15 11:00:00,23.4,49,12.2,0.0,0.0,0.85,688.0,2.4768
2012-03-15 12:00:00,24.7,46,12.4,0.0,0.0,2.02,708.0,2.5488
2012-03-15 13:00:00,25.5,45,12.6,0.0,0.0,2.64,700.0,2.52
2012-03-15 14:00:00,25.3,45,12.6,0.0,0.0,2.73,671.0,2.4156
2012-03-15 15:00:00,25.1,46,12.7,0.0,0.0,3.0,558.0,2.0088
2012-03-15 16:00:00,24.5,48,12.9,0.0,0.0,3.13,453.0,1.6308
2012-03-15 17:00:00,22.8,55,13.4,0.0,0.0,2.5,258.0,0.9288
2012-03-15 18:00:00,20.4,64,13.3,0.0,0.0,3.71,93.0,0.3348
2012-03-15 19:00:00,18.5,72,13.3,0.0,0.0,4.3,1.0,0.0036
2012-03-15 20:00:00,17.1,77,13.1,0.0,0.0,3.9,0.0,0.0
2012-03-15 21:00:00,15.7,83,12.8,0.0,0.0,3.51,0.0,0.0
2012-03-15 22:00:00,14.3,89,12.5,0.0,0.0,2.75,0.0,0.0
2012-03-15 23:00:00,13.4,91,11.9,0.0,0.0,2.64,0.0,0.0
2012-03-16 00:00:00,13.0,90,11.5,0.0,0.0,2.6,0.0,0.0
2012-03-16 01:00:00,12.7,91,11.3,0.0,0.0,2.5,0.0,0.0
2012-03-16 02:00:00,10.8,94,9.8,0.0,0.0,2.39,0.0,0.0
2012-03-16 03:00:00,10.5,94,9.6,0.0,0.0,2.22,0.0,0.0
2012-03-16 04:00:00,10.5,93,9.4,0.0,0.0,2.13,0.0,0.0
2012-03-16 05:00:00,10.4,93,9.3,0.0,0.0,2.25,0.0,0.0
2012-03-16 06:00:00,10.4,93,9.3,0.0,0.0,1.79,0.0,0.0
2012-03-16 07:00:00,10.4,94,9.4,0.0,0.0,2.01,15.0,0.054
2012-03-16 08:00:00,11.6,88,9.7,0.0,0.0,1.75,119.0,0.4284
2012-03-16 09:00:00,13.4,81,10.3,0.0,0.0,1.3,262.0,0.9431999999999999
2012-03-16 10:00:00,15.8,74,11.1,0.0,0.0,0.86,440.0,1.5839999999999999
2012-03-16 11:00:00,18.1,67,11.9,0.0,0.0,0.91,532.0,1.9152
2012-03-16 12:00:00,19.6,64,12.5,0.0,0.0,0.54,460.0,1.656
2012-03-16 13:00:00,21.1,59,12.8,0.0,0.0,0.72,560.0,2.016
2012-03-16 14:00:00,19.9,65,13.0,0.0,0.0,1.12,417.0,1.5011999999999999
2012-03-16 15:00:00,20.5,63,13.1,0.0,0.0,1.08,370.0,1.332
2012-03-16 16:00:00,20.0,65,13.3,0.0,0.0,1.14,183.0,0.6587999999999999
2012-03-16 17:00:00,19.4,69,13.5,0.0,0.0,1.2,117.0,0.42119999999999996
2012-03-16 18:00:00,18.3,74,13.5,0.0,0.0,1.22,69.0,0.24839999999999998
2012-03-16 19:00:00,16.8,80,13.4,0.0,0.0,0.9,2.0,0.0072
2012-03-16 20:00:00,15.3,87,13.2,0.0,0.0,0.5,0.0,0.0
2012-03-16 21:00:00,14.2,91,12.8,0.0,0.0,0.28,0.0,0.0
2012-03-16 22:00:00,13.3,94,12.3,0.0,0.0,1.61,0.0,0.0
2012-03-16 23:00:00,12.5,95,11.8,0.0,0.0,1.61,0.0,0.0
2012-03-17 00:00:00,11.7,96,11.2,0.0,0.0,1.71,0.0,0.0
2012-03-17 01:00:00,11.3,97,10.8,0.0,0.0,1.4,0.0,0.0
2012-03-17 02:00:00,10.4,99,10.2,0.0,0.0,1.91,0.0,0.0
2012-03-17 03:00:00,11.5,98,11.2,0.0,0.0,0.92,0.0,0.0
2012-03-17 04:00:00,11.2,99,11.1,0.0,0.0,0.51,0.0,0.0
2012-03-17 05:00:00,9.6,100,9.6,0.0,0.0,0.85,0.0,0.0
2012-03-17 06:00:00,9.3,100,9.3,0.0,0.0,1.33,0.0,0.0
2012-03-17 07:00:00,10.1,99,9.9,0.0,0.0,1.61,21.0,0.0756
2012-03-17 08:00:00,13.0,93,11.9,0.0,0.0,0.92,136.0,0.4896
2012-03-17 09:00:00,15.1,86,12.7,0.0,0.0,1.22,310.0,1.1159999999999999
2012-03-17 10:00:00,17.6,75,13.1,0.0,0.0,2.06,500.0,1.8
2012-03-17 11:00:00,19.5,67,13.3,0.0,0.0,2.71,628.0,2.2608
2012-03-17 12:00:00,20.1,65,13.4,0.0,0.0,2.88,611.0,2.1995999999999998
2012-03-17 13:00:00,20.8,63,13.4,0.0,0.0,2.56,560.0,2.016
2012-03-17 14:00:00,22.4,57,13.5,0.0,0.0,2.28,681.0,2.4516
2012-03-17 15:00:00,22.4,56,13.2,0.0,0.0,2.28,479.0,1.7244
2012-03-17 16:00:00,21.8,58,13.1,0.0,0.0,2.64,341.0,1.2276
2012-03-17 17:00:00,20.8,62,13.2,0.0,0.0,2.47,279.0,1.0044
2012-03-17 18:00:00,18.8,70,13.1,0.0,0.0,2.6,98.0,0.3528
2012-03-17 19:00:00,16.8,78,12.9,0.0,0.0,2.73,2.0,0.0072
2012-03-17 20:00:00,15.3,84,12.6,0.0,0.0,2.8,0.0,0.0
2012-03-17 21:00:00,14.1,89,12.4,0.0,0.0,2.83,0.0,0.0
2012-03-17 22:00:00,13.1,93,12.0,0.0,0.0,2.8,0.0,0.0
2012-03-17 23:00:00,12.3,95,11.6,0.0,0.0,2.69,0.0,0.0
2012-03-18 00:00:00,11.9,95,11.2,0.0,0.0,2.48,0.0,0.0
2012-03-18 01:00:00,11.6,95,10.9,0.0,0.0,2.62,0.0,0.0
2012-03-18 02:00:00,11.4,95,10.6,0.0,0.0,2.76,0.0,0.0
2012-03-18 03:00:00,11.1,95,10.4,0.0,0.0,2.72,0.0,0.0
2012-03-18 04:00:00,10.9,95,10.2,0.0,0.0,2.4,0.0,0.0
2012-03-18 05:00:00,10.8,95,10.1,0.0,0.0,1.7,0.0,0.0
2012-03-18 06:00:00,10.9,94,10.0,0.0,0.0,1.79,0.0,0.0
2012-03-18 07:00:00,10.9,94,10.0,0.0,0.0,1.49,8.0,0.0288
2012-03-18 08:00:00,11.2,93,10.1,0.0,0.0,1.48,60.0,0.216
2012-03-18 09:00:00,11.9,90,10.3,0.0,0.0,1.66,128.0,0.4608
2012-03-18 10:00:00,12.9,86,10.6,0.0,0.0,1.61,209.0,0.7524
2012-03-18 11:00:00,14.4,79,10.8,0.0,0.0,2.01,314.0,1.1304
2012-03-18 12:00:00,16.5,71,11.3,0.0,0.0,1.92,487.0,1.7531999999999999
2012-03-18 13:00:00,18.8,63,11.6,0.0,0.0,2.04,664.0,2.3904
2012-03-18 14:00:00,19.3,62,11.8,0.0,0.0,2.31,693.0,2.4948
2012-03-18 15:00:00,19.5,60,11.6,0.0,0.0,2.41,518.0,1.8648
2012-03-18 16:00:00,19.4,60,11.4,0.0,0.0,2.6,402.0,1.4472
2012-03-18 17:00:00,19.1,60,11.3,0.0,0.0,1.26,262.0,0.9431999999999999
2012-03-18 18:00:00,17.7,66,11.3,0.0,0.0,1.8,89.0,0.3204
2012-03-18 19:00:00,16.0,73,11.2,0.0,0.0,2.13,2.0,0.0072
2012-03-18 20:00:00,14.6,79,11.1,0.0,0.0,2.14,0.0,0.0
2012-03-18 21:00:00,13.6,83,10.8,0.0,0.0,2.34,0.0,0.0
2012-03-18 22:00:00,12.9,87,10.8,0.0,0.0,2.57,0.0,0.0
2012-03-18 23:00:00,12.4,90,10.8,0.0,0.0,2.52,0.0,0.0
2012-03-19 00:00:00,12.0,92,10.8,0.0,0.0,2.2,0.0,0.0
2012-03-19 01:00:00,11.6,94,10.7,0.0,0.0,2.1,0.0,0.0
2012-03-19 02:00:00,11.4,96,10.9,0.0,0.0,2.1,0.0,0.0
2012-03-19 03:00:00,11.0,98,10.7,0.0,0.0,2.0,0.0,0.0
2012-03-19 04:00:00,10.7,98,10.4,0.0,0.0,1.9,0.0,0.0
2012-03-19 05:00:00,10.4,99,10.2,0.0,0.0,1.8,0.0,0.0
2012-03-19 06:00:00,10.1,99,10.0,0.0,0.0,1.82,0.0,0.0
2012-03-19 07:00:00,10.5,99,10.3,0.0,0.0,2.1,28.0,0.1008
2012-03-19 08:00:00,13.9,90,12.4,0.0,0.0,1.22,175.0,0.63
2012-03-19 09:00:00,16.4,83,13.5,0.0,0.0,1.32,337.0,1.2132
2012-03-19 10:00:00,19.3,73,14.2,0.0,0.0,1.7,517.0,1.8612
2012-03-19 11:00:00,20.8,67,14.5,0.0,0.0,1.91,604.0,2.1744
2012-03-19 12:00:00,22.0,62,14.4,0.0,0.0,1.9,616.0,2.2176
2012-03-19 13:00:00,22.1,61,14.2,0.0,0.0,2.25,380.0,1.3679999999999999
2012-03-19 14:00:00,23.4,58,14.8,0.0,0.0,2.46,579.0,2.0844
2012-03-19 15:00:00,23.4,58,14.6,0.0,0.0,2.69,410.0,1.476
2012-03-19 16:00:00,22.9,58,14.2,0.0,0.0,2.42,338.0,1.2167999999999999
2012-03-19 17:00:00,21.5,64,14.3,0.0,0.0,2.13,223.0,0.8028
2012-03-19 18:00:00,19.9,70,14.3,0.0,0.0,2.01,73.0,0.2628
2012-03-19 19:00:00,18.4,77,14.3,0.0,0.0,2.56,2.0,0.0072
2012-03-19 20:00:00,17.4,83,14.5,0.0,0.0,2.33,0.0,0.0
2012-03-19 21:00:00,16.5,88,14.6,0.0,0.0,1.97,0.0,0.0
2012-03-19 22:00:00,15.6,94,14.6,0.0,0.0,1.98,0.0,0.0
2012-03-19 23:00:00,15.1,97,14.5,0.0,0.0,2.02,0.0,0.0
2012-03-20 00:00:00,14.5,98,14.2,0.4,0.0,1.63,0.0,0.0
2012-03-20 01:00:00,14.6,99,14.5,1.7,0.0,1.58,0.0,0.0
2012-03-20 02:00:00,14.4,97,13.9,0.3,0.0,1.5,0.0,0.0
2012-03-20 03:00:00,13.8,98,13.5,0.4,0.0,1.5,0.0,0.0
2012-03-20 04:00:00,13.0,99,12.9,0.9,0.0,1.5,0.0,0.0
2012-03-20 05:00:00,12.7,100,12.7,0.3,0.0,1.43,0.0,0.0
2012-03-20 06:00:00,12.5,100,12.4,0.4,0.0,1.58,0.0,0.0
2012-03-20 07:00:00,13.1,100,13.0,1.0,0.0,1.88,22.0,0.07919999999999999
2012-03-20 08:00:00,15.0,98,14.7,0.9,0.0,1.75,100.0,0.36
2012-03-20 09:00:00,15.5,97,15.0,0.6,0.0,1.71,159.0,0.5724
2012-03-20 10:00:00,16.4,94,15.4,0.2,0.0,1.9,260.0,0.9359999999999999
2012-03-20 11:00:00,18.1,86,15.8,0.3,0.0,1.84,377.0,1.3572
2012-03-20 12:00:00,19.5,83,16.5,0.2,0.0,2.0,469.0,1.6884
2012-03-20 13:00:00,20.3,78,16.3,0.0,0.0,1.9,454.0,1.6343999999999999
2012-03-20 14:00:00,21.9,71,16.5,0.0,0.0,2.0,541.0,1.9476
2012-03-20 15:00:00,21.6,71,16.1,0.1,0.0,2.2,351.0,1.2636
2012-03-20 16:00:00,21.1,70,15.4,0.1,0.0,2.31,311.0,1.1196
2012-03-20 17:00:00,20.5,73,15.4,0.0,0.0,1.82,185.0,0.666
2012-03-20 18:00:00,19.5,77,15.3,0.0,0.0,1.13,90.0,0.324
2012-03-20 19:00:00,18.1,83,15.2,0.0,0.0,1.56,3.0,0.0108
2012-03-20 20:00:00,16.8,89,15.0,0.0,0.0,1.8,0.0,0.0
2012-03-20 21:00:00,16.0,93,14.8,0.0,0.0,1.94,0.0,0.0
2012-03-20 22:00:00,15.1,96,14.4,0.0,0.0,1.71,0.0,0.0
2012-03-20 23:00:00,14.7,97,14.2,0.0,0.0,1.7,0.0,0.0
2012-03-21 00:00:00,14.2,98,13.9,0.0,0.0,1.6,0.0,0.0
2012-03-21 01:00:00,14.0,99,13.8,0.0,0.0,1.75,0.0,0.0
2012-03-21 02:00:00,13.9,99,13.7,0.0,0.0,1.84,0.0,0.0
2012-03-21 03:00:00,13.8,100,13.7,0.0,0.0,1.97,0.0,0.0
2012-03-21 04:00:00,13.8,100,13.7,0.0,0.0,2.15,0.0,0.0
2012-03-21 05:00:00,13.8,99,13.7,0.0,0.0,1.71,0.0,0.0
2012-03-21 06:00:00,13.7,100,13.7,0.0,0.0,1.71,0.0,0.0
2012-03-21 07:00:00,13.7,99,13.6,0.0,0.0,2.0,10.0,0.036
2012-03-21 08:00:00,14.0,98,13.7,0.0,0.0,2.18,57.0,0.2052
2012-03-21 09:00:00,14.4,95,13.6,0.0,0.0,1.94,119.0,0.4284
2012-03-21 10:00:00,15.7,89,13.9,0.0,0.0,1.91,237.0,0.8532
2012-03-21 11:00:00,16.8,85,14.3,0.0,0.0,1.9,273.0,0.9828
2012-03-21 12:00:00,18.1,81,14.7,0.0,0.0,1.61,359.0,1.2924
2012-03-21 13:00:00,19.4,76,15.0,0.0,0.0,1.52,452.0,1.6272
2012-03-21 14:00:00,19.8,73,14.9,0.0,0.0,1.86,287.0,1.0332
2012-03-21 15:00:00,19.6,75,14.9,0.0,0.0,1.97,172.0,0.6192
2012-03-21 16:00:00,19.7,74,14.9,0.0,0.0,1.84,189.0,0.6804
2012-03-21 17:00:00,19.3,77,15.1,0.0,0.0,1.1,79.0,0.2844
2012-03-21 18:00:00,18.6,80,15.1,0.0,0.0,1.71,42.0,0.1512
2012-03-21 19:00:00,17.6,86,15.2,0.0,0.0,1.66,2.0,0.0072
2012-03-21 20:00:00,17.0,89,15.2,0.0,0.0,1.56,0.0,0.0
2012-03-21 21:00:00,16.6,92,15.3,0.0,0.0,1.43,0.0,0.0
2012-03-21 22:00:00,16.2,94,15.3,0.0,0.0,1.53,0.0,0.0
2012-03-21 23:00:00,15.7,97,15.2,0.0,0.0,1.56,0.0,0.0
2012-03-22 00:00:00,15.3,98,14.9,0.0,0.0,1.58,0.0,0.0
2012-03-22 01:00:00,14.7,99,14.5,0.0,0.0,1.39,0.0,0.0
2012-03-22 02:00:00,14.4,98,14.1,0.0,0.0,1.5,0.0,0.0
2012-03-22 03:00:00,13.9,99,13.8,0.0,0.0,1.44,0.0,0.0
2012-03-22 04:00:00,13.3,100,13.3,0.0,0.0,1.48,0.0,0.0
2012-03-22 05:00:00,12.8,100,12.8,0.0,0.0,1.32,0.0,0.0
2012-03-22 06:00:00,12.8,100,12.8,0.0,0.0,1.1,0.0,0.0
2012-03-22 07:00:00,13.5,99,13.3,0.3,0.0,1.12,26.0,0.0936
2012-03-22 08:00:00,15.7,95,14.9,0.3,0.0,1.14,122.0,0.4392
2012-03-22 09:00:00,16.6,92,15.4,0.2,0.0,1.4,163.0,0.5868
2012-03-22 10:00:00,18.0,88,16.1,0.3,0.0,1.53,315.0,1.134
2012-03-22 11:00:00,19.6,82,16.3,0.0,0.0,1.72,372.0,1.3392
2012-03-22 12:00:00,20.8,75,16.3,0.0,0.0,1.91,377.0,1.3572
2012-03-22 13:00:00,22.0,69,16.1,0.0,0.0,1.8,455.0,1.638
2012-03-22 14:00:00,23.5,62,15.9,0.0,0.0,1.62,425.0,1.53
2012-03-22 15:00:00,24.1,59,15.5,0.0,0.0,1.32,361.0,1.2995999999999999
2012-03-22 16:00:00,24.2,58,15.4,0.0,0.0,1.3,307.0,1.1052
2012-03-22 17:00:00,23.6,61,15.7,0.0,0.0,0.71,198.0,0.7128
2012-03-22 18:00:00,22.0,69,16.0,0.0,0.0,2.02,80.0,0.288
2012-03-22 19:00:00,19.6,79,16.0,0.0,0.0,2.32,3.0,0.0108
2012-03-22 20:00:00,18.6,86,16.2,0.0,0.0,1.91,0.0,0.0
2012-03-22 21:00:00,17.7,92,16.3,0.0,0.0,1.24,0.0,0.0
2012-03-22 22:00:00,17.1,95,16.2,0.0,0.0,1.58,0.0,0.0
2012-03-22 23:00:00,16.4,96,15.8,0.0,0.0,1.21,0.0,0.0
2012-03-23 00:00:00,16.0,97,15.5,0.0,0.0,1.43,0.0,0.0
2012-03-23 01:00:00,16.4,97,15.9,0.0,0.0,1.04,0.0,0.0
2012-03-23 02:00:00,15.7,93,14.6,0.0,0.0,1.0,0.0,0.0
2012-03-23 03:00:00,13.6,98,13.2,0.0,0.0,1.61,0.0,0.0
2012-03-23 04:00:00,12.7,99,12.5,0.0,0.0,1.86,0.0,0.0
2012-03-23 05:00:00,12.6,99,12.4,0.0,0.0,1.7,0.0,0.0
2012-03-23 06:00:00,13.1,100,13.1,0.0,0.0,1.08,0.0,0.0
2012-03-23 07:00:00,12.7,100,12.7,0.0,0.0,1.22,41.0,0.1476
2012-03-23 08:00:00,16.5,93,15.3,0.0,0.0,1.27,207.0,0.7452
2012-03-23 09:00:00,19.4,83,16.5,0.0,0.0,1.53,401.0,1.4436
2012-03-23 10:00:00,21.9,71,16.4,0.0,0.0,1.9,582.0,2.0951999999999997
2012-03-23 11:00:00,23.8,61,15.8,0.0,0.0,2.33,712.0,2.5632
2012-03-23 12:00:00,25.1,54,15.1,0.0,0.0,2.5,786.0,2.8296
2012-03-23 13:00:00,25.9,50,14.6,0.0,0.0,2.5,813.0,2.9268
2012-03-23 14:00:00,26.5,46,14.0,0.0,0.0,2.55,719.0,2.5884
2012-03-23 15:00:00,26.4,46,13.7,0.0,0.0,2.6,610.0,2.1959999999999997
2012-03-23 16:00:00,25.8,47,13.6,0.0,0.0,2.88,448.0,1.6128
2012-03-23 17:00:00,24.6,52,14.2,0.0,0.0,2.12,258.0,0.9288
2012-03-23 18:00:00,22.8,60,14.7,0.0,0.0,2.19,110.0,0.39599999999999996
2012-03-23 19:00:00,20.9,69,14.9,0.0,0.0,2.25,4.0,0.0144
2012-03-23 20:00:00,19.4,76,15.0,0.0,0.0,2.38,0.0,0.0
2012-03-23 21:00:00,18.3,82,15.2,0.0,0.0,2.59,0.0,0.0
2012-03-23 22:00:00,17.2,89,15.4,0.0,0.0,2.87,0.0,0.0
2012-03-23 23:00:00,16.5,94,15.5,0.0,0.0,3.09,0.0,0.0
2012-03-24 00:00:00,16.2,96,15.6,0.0,0.0,3.07,0.0,0.0
2012-03-24 01:00:00,15.9,98,15.6,0.0,0.0,3.1,0.0,0.0
2012-03-24 02:00:00,15.7,98,15.4,0.5,0.0,3.18,0.0,0.0
2012-03-24 03:00:00,15.5,99,15.3,0.8,0.0,3.24,0.0,0.0
2012-03-24 04:00:00,15.3,99,15.2,0.7,0.0,3.22,0.0,0.0
2012-03-24 05:00:00,15.1,99,15.0,0.1,0.0,3.0,0.0,0.0
2012-03-24 06:00:00,15.1,99,15.0,0.6,0.0,3.1,0.0,0.0
2012-03-24 07:00:00,15.4,99,15.3,0.5,0.0,2.63,11.0,0.039599999999999996
2012-03-24 08:00:00,16.1,99,15.9,0.2,0.0,2.4,53.0,0.1908
2012-03-24 09:00:00,16.9,95,16.1,0.1,0.0,3.72,126.0,0.4536
2012-03-24 10:00:00,17.4,95,16.7,0.2,0.0,4.2,142.0,0.5112
2012-03-24 11:00:00,17.5,96,16.9,0.6,0.0,4.61,177.0,0.6372
2012-03-24 12:00:00,16.8,98,16.6,1.2,0.0,4.65,61.0,0.2196
2012-03-24 13:00:00,17.0,97,16.5,1.6,0.0,3.71,85.0,0.306
2012-03-24 14:00:00,15.9,99,15.8,1.4,0.0,3.71,64.0,0.2304
2012-03-24 15:00:00,15.9,99,15.8,0.8,0.0,3.59,53.0,0.1908
2012-03-24 16:00:00,15.8,99,15.6,0.6,0.0,4.03,66.0,0.2376
2012-03-24 17:00:00,15.4,99,15.2,0.3,0.0,4.25,28.0,0.1008
2012-03-24 18:00:00,15.0,99,14.8,0.1,0.0,4.25,14.0,0.0504
2012-03-24 19:00:00,14.8,99,14.6,0.2,0.0,3.83,1.0,0.0036
2012-03-24 20:00:00,14.7,99,14.6,0.3,0.0,4.38,0.0,0.0
2012-03-24 21:00:00,14.6,99,14.5,0.6,0.0,4.16,0.0,0.0
2012-03-24 22:00:00,14.4,100,14.3,0.3,0.0,3.88,0.0,0.0
2012-03-24 23:00:00,14.3,99,14.2,0.2,0.0,3.7,0.0,0.0
2012-03-25 00:00:00,14.0,99,13.9,0.0,0.0,3.41,0.0,0.0
2012-03-25 01:00:00,13.9,99,13.7,0.1,0.0,3.11,0.0,0.0
2012-03-25 02:00:00,12.1,98,11.9,0.0,0.0,3.26,0.0,0.0
2012-03-25 03:00:00,12.0,98,11.7,0.1,0.0,3.33,0.0,0.0
2012-03-25 04:00:00,11.8,97,11.4,0.0,0.0,3.49,0.0,0.0
2012-03-25 05:00:00,11.7,96,11.1,0.0,0.0,2.82,0.0,0.0
2012-03-25 06:00:00,11.6,96,11.0,0.0,0.0,2.91,0.0,0.0
2012-03-25 07:00:00,11.7,95,10.8,0.0,0.0,2.55,12.0,0.0432
2012-03-25 08:00:00,12.0,92,10.7,0.0,0.0,2.73,56.0,0.2016
2012-03-25 09:00:00,12.6,89,10.8,0.0,0.0,2.93,114.0,0.4104
2012-03-25 10:00:00,13.4,86,11.1,0.0,0.0,3.14,186.0,0.6696
2012-03-25 11:00:00,14.2,82,11.2,0.0,0.0,3.14,204.0,0.7343999999999999
2012-03-25 12:00:00,15.1,79,11.4,0.0,0.0,3.22,245.0,0.882
2012-03-25 13:00:00,16.5,73,11.7,0.0,0.0,3.11,364.0,1.3104
2012-03-25 14:00:00,14.3,77,10.3,0.0,0.0,2.91,161.0,0.5796
2012-03-25 15:00:00,15.4,74,10.7,0.0,0.0,2.8,196.0,0.7056
2012-03-25 16:00:00,16.2,71,10.9,0.0,0.0,2.7,161.0,0.5796
2012-03-25 17:00:00,16.5,72,11.3,0.0,0.0,1.0,106.0,0.3816
2012-03-25 18:00:00,16.3,75,11.8,0.0,0.0,0.91,62.0,0.22319999999999998
2012-03-25 19:00:00,15.2,84,12.5,0.0,0.0,1.1,4.0,0.0144
2012-03-25 20:00:00,14.4,86,12.1,0.0,0.0,1.51,0.0,0.0
2012-03-25 21:00:00,13.8,89,12.0,0.0,0.0,1.75,0.0,0.0
2012-03-25 22:00:00,13.6,90,11.9,0.0,0.0,2.64,0.0,0.0
2012-03-25 23:00:00,13.9,85,11.5,0.0,0.0,3.42,0.0,0.0
2012-03-26 00:00:00,14.4,82,11.4,0.0,0.0,3.73,0.0,0.0
2012-03-26 01:00:00,14.7,79,11.2,0.0,0.0,3.86,0.0,0.0
2012-03-26 02:00:00,13.9,81,10.7,0.0,0.0,3.81,0.0,0.0
2012-03-26 03:00:00,13.7,80,10.3,0.0,0.0,3.89,0.0,0.0
2012-03-26 04:00:00,13.1,81,10.0,0.0,0.0,4.05,0.0,0.0
2012-03-26 05:00:00,12.4,81,9.3,0.0,0.0,3.32,0.0,0.0
2012-03-26 06:00:00,11.7,76,7.5,0.0,0.0,3.12,0.0,0.0
2012-03-26 07:00:00,11.6,67,5.6,0.0,0.0,3.72,55.0,0.19799999999999998
2012-03-26 08:00:00,12.3,53,3.0,0.0,0.0,4.53,235.0,0.846
2012-03-26 09:00:00,12.9,46,1.5,0.0,0.0,6.4,442.0,1.5912
2012-03-26 10:00:00,13.6,43,1.2,0.0,0.0,6.48,624.0,2.2464
2012-03-26 11:00:00,14.4,40,0.8,0.0,0.0,6.75,764.0,2.7504
2012-03-26 12:00:00,14.8,37,0.1,0.0,0.0,7.16,852.0,3.0671999999999997
2012-03-26 13:00:00,14.9,34,-1.0,0.0,0.0,7.11,872.0,3.1391999999999998
2012-03-26 14:00:00,14.7,34,-0.9,0.0,0.0,7.02,793.0,2.8548
2012-03-26 15:00:00,14.1,32,-2.4,0.0,0.0,6.94,691.0,2.4876
2012-03-26 16:00:00,13.3,30,-3.8,0.0,0.0,6.94,535.0,1.926
2012-03-26 17:00:00,12.2,29,-5.3,0.0,0.0,5.86,344.0,1.2384
2012-03-26 18:00:00,10.9,29,-6.6,0.0,0.0,5.01,137.0,0.49319999999999997
2012-03-26 19:00:00,9.6,28,-8.0,0.0,0.0,4.61,7.0,0.0252
2012-03-26 20:00:00,8.6,27,-9.3,0.0,0.0,4.7,0.0,0.0
2012-03-26 21:00:00,7.5,27,-10.5,0.0,0.0,4.87,0.0,0.0
2012-03-26 22:00:00,6.4,27,-11.4,0.0,0.0,5.0,0.0,0.0
2012-03-26 23:00:00,5.4,28,-11.8,0.0,0.0,5.04,0.0,0.0
2012-03-27 00:00:00,4.4,29,-11.9,0.0,0.0,4.93,0.0,0.0
2012-03-27 01:00:00,3.5,31,-12.0,0.0,0.0,4.54,0.0,0.0
2012-03-27 02:00:00,3.3,32,-11.8,0.0,0.0,4.08,0.0,0.0
2012-03-27 03:00:00,2.6,34,-11.8,0.0,0.0,3.67,0.0,0.0
2012-03-27 04:00:00,1.9,36,-11.7,0.0,0.0,3.31,0.0,0.0
2012-03-27 05:00:00,1.3,38,-11.3,0.0,0.0,2.51,0.0,0.0
2012-03-27 06:00:00,0.8,45,-9.9,0.0,0.0,2.27,0.0,0.0
2012-03-27 07:00:00,1.0,49,-8.6,0.0,0.0,2.55,63.0,0.2268
2012-03-27 08:00:00,2.4,42,-9.3,0.0,0.0,3.58,262.0,0.9431999999999999
2012-03-27 09:00:00,3.8,40,-8.6,0.0,0.0,3.23,476.0,1.7136
2012-03-27 10:00:00,5.5,38,-7.7,0.0,0.0,2.82,662.0,2.3832
2012-03-27 11:00:00,7.4,36,-6.8,0.0,0.0,2.6,802.0,2.8872
2012-03-27 12:00:00,9.0,33,-6.2,0.0,0.0,2.12,880.0,3.1679999999999997
2012-03-27 13:00:00,10.4,32,-5.8,0.0,0.0,1.72,893.0,3.2148
2012-03-27 14:00:00,11.5,31,-5.3,0.0,0.0,1.78,839.0,3.0204
2012-03-27 15:00:00,12.1,30,-5.1,0.0,0.0,1.92,721.0,2.5956
2012-03-27 16:00:00,12.2,29,-5.3,0.0,0.0,1.62,552.0,1.9871999999999999
2012-03-27 17:00:00,11.9,29,-5.6,0.0,0.0,1.0,348.0,1.2528
2012-03-27 18:00:00,11.1,35,-3.6,0.0,0.0,0.89,139.0,0.5004
2012-03-27 19:00:00,9.5,45,-1.9,0.0,0.0,1.5,8.0,0.0288
2012-03-27 20:00:00,7.9,49,-2.0,0.0,0.0,2.21,0.0,0.0
2012-03-27 21:00:00,6.9,55,-1.6,0.0,0.0,2.5,0.0,0.0
2012-03-27 22:00:00,6.2,60,-1.1,0.0,0.0,2.89,0.0,0.0
2012-03-27 23:00:00,5.9,63,-0.6,0.0,0.0,3.24,0.0,0.0
2012-03-28 00:00:00,5.8,65,-0.2,0.0,0.0,3.62,0.0,0.0
2012-03-28 01:00:00,6.1,64,-0.1,0.0,0.0,3.81,0.0,0.0
2012-03-28 02:00:00,6.5,58,-1.1,0.0,0.0,4.03,0.0,0.0
2012-03-28 03:00:00,6.8,53,-2.1,0.0,0.0,4.31,0.0,0.0
2012-03-28 04:00:00,7.0,50,-2.7,0.0,0.0,4.61,0.0,0.0
2012-03-28 05:00:00,7.3,49,-2.8,0.0,0.0,4.25,0.0,0.0
2012-03-28 06:00:00,7.7,50,-2.2,0.0,0.0,4.38,0.0,0.0
2012-03-28 07:00:00,8.4,53,-0.8,0.0,0.0,4.65,52.0,0.1872
2012-03-28 08:00:00,10.2,53,1.1,0.0,0.0,4.72,239.0,0.8603999999999999
2012-03-28 09:00:00,12.7,50,2.6,0.0,0.0,4.94,437.0,1.5732
2012-03-28 10:00:00,15.6,48,4.7,0.0,0.0,4.72,609.0,2.1924
2012-03-28 11:00:00,18.3,47,6.8,0.0,0.0,4.64,741.0,2.6675999999999997
2012-03-28 12:00:00,20.8,46,8.8,0.0,0.0,4.56,806.0,2.9015999999999997
2012-03-28 13:00:00,22.5,45,10.1,0.0,0.0,4.74,739.0,2.6604
2012-03-28 14:00:00,23.1,45,10.5,0.0,0.0,4.69,587.0,2.1132
2012-03-28 15:00:00,23.1,49,11.9,0.3,0.0,3.98,349.0,1.2564
2012-03-28 16:00:00,22.1,62,14.4,0.5,0.0,3.33,307.0,1.1052
2012-03-28 17:00:00,21.8,62,14.2,0.0,0.0,3.61,196.0,0.7056
2012-03-28 18:00:00,21.4,61,13.5,0.0,0.0,3.41,108.0,0.3888
2012-03-28 19:00:00,20.3,62,12.8,0.0,0.0,3.98,7.0,0.0252
2012-03-28 20:00:00,19.6,63,12.4,0.0,0.0,4.43,0.0,0.0
2012-03-28 21:00:00,19.0,65,12.2,0.0,0.0,3.86,0.0,0.0
2012-03-28 22:00:00,18.1,68,12.2,0.0,0.0,4.37,0.0,0.0
2012-03-28 23:00:00,17.2,73,12.3,0.0,0.0,4.5,0.0,0.0
2012-03-29 00:00:00,16.4,75,12.0,0.0,0.0,3.93,0.0,0.0
2012-03-29 01:00:00,15.3,76,11.0,0.0,0.0,3.49,0.0,0.0
2012-03-29 02:00:00,15.2,77,11.1,0.0,0.0,3.9,0.0,0.0
2012-03-29 03:00:00,14.6,67,8.5,0.0,0.0,4.13,0.0,0.0
2012-03-29 04:00:00,13.9,62,6.7,0.0,0.0,4.28,0.0,0.0
2012-03-29 05:00:00,13.1,61,5.9,0.0,0.0,3.4,0.0,0.0
2012-03-29 06:00:00,12.5,60,4.9,0.0,0.0,3.61,0.0,0.0
2012-03-29 07:00:00,11.7,57,3.6,0.0,0.0,4.03,49.0,0.1764
2012-03-29 08:00:00,11.2,54,2.2,0.0,0.0,5.08,195.0,0.702
2012-03-29 09:00:00,11.8,50,1.7,0.0,0.0,5.19,419.0,1.5084
2012-03-29 10:00:00,13.1,46,1.8,0.0,0.0,5.69,619.0,2.2284
2012-03-29 11:00:00,13.8,46,2.3,0.0,0.0,5.33,725.0,2.61
2012-03-29 12:00:00,14.8,44,2.5,0.0,0.0,5.4,802.0,2.8872
2012-03-29 13:00:00,15.4,43,2.9,0.0,0.0,5.42,828.0,2.9808
2012-03-29 14:00:00,16.2,43,3.5,0.0,0.0,5.34,743.0,2.6748
2012-03-29 15:00:00,16.2,42,3.2,0.0,0.0,4.83,646.0,2.3256
2012-03-29 16:00:00,16.0,42,3.0,0.0,0.0,4.64,517.0,1.8612
2012-03-29 17:00:00,15.4,42,2.5,0.0,0.0,3.14,345.0,1.242
2012-03-29 18:00:00,14.2,45,2.4,0.0,0.0,2.14,140.0,0.504
2012-03-29 19:00:00,12.6,49,2.3,0.0,0.0,2.33,9.0,0.0324
2012-03-29 20:00:00,11.2,53,1.9,0.0,0.0,2.41,0.0,0.0
2012-03-29 21:00:00,10.2,56,1.7,0.0,0.0,2.82,0.0,0.0
2012-03-29 22:00:00,9.2,59,1.6,0.0,0.0,2.42,0.0,0.0
2012-03-29 23:00:00,8.2,63,1.6,0.0,0.0,2.31,0.0,0.0
2012-03-30 00:00:00,7.2,68,1.7,0.0,0.0,2.51,0.0,0.0
2012-03-30 01:00:00,6.3,72,1.6,0.0,0.0,2.24,0.0,0.0
2012-03-30 02:00:00,5.7,78,2.2,0.0,0.0,1.8,0.0,0.0
2012-03-30 03:00:00,5.8,75,1.8,0.0,0.0,1.84,0.0,0.0
2012-03-30 04:00:00,6.4,72,1.7,0.0,0.0,1.48,0.0,0.0
2012-03-30 05:00:00,4.9,81,1.9,0.0,0.0,1.25,0.0,0.0
2012-03-30 06:00:00,3.9,86,1.8,0.0,0.0,1.36,0.0,0.0
2012-03-30 07:00:00,5.0,86,2.8,0.0,0.0,1.63,67.0,0.2412
2012-03-30 08:00:00,8.2,62,1.4,0.0,0.0,1.68,253.0,0.9107999999999999
2012-03-30 09:00:00,9.3,57,1.2,0.0,0.0,0.6,378.0,1.3608
2012-03-30 10:00:00,10.5,55,1.8,0.0,0.0,0.81,456.0,1.6416
2012-03-30 11:00:00,11.6,53,2.4,0.0,0.0,0.72,434.0,1.5624
2012-03-30 12:00:00,12.1,53,2.9,0.0,0.0,1.3,338.0,1.2167999999999999
2012-03-30 13:00:00,13.2,52,3.6,0.0,0.0,1.46,479.0,1.7244
2012-03-30 14:00:00,13.0,58,5.0,0.3,0.0,1.57,428.0,1.5408
2012-03-30 15:00:00,12.6,60,5.1,0.0,0.0,1.58,230.0,0.828
2012-03-30 16:00:00,11.9,63,5.1,0.0,0.0,2.5,119.0,0.4284
2012-03-30 17:00:00,11.4,64,4.9,0.0,0.0,2.53,141.0,0.5075999999999999
2012-03-30 18:00:00,10.8,65,4.4,0.0,0.0,2.55,78.0,0.2808
2012-03-30 19:00:00,10.2,67,4.4,0.0,0.0,2.91,7.0,0.0252
2012-03-30 20:00:00,9.6,71,4.7,0.0,0.0,3.67,0.0,0.0
2012-03-30 21:00:00,9.4,76,5.3,0.0,0.0,3.4,0.0,0.0
2012-03-30 22:00:00,9.1,80,5.8,0.0,0.0,3.55,0.0,0.0
2012-03-30 23:00:00,9.1,83,6.3,0.0,0.0,3.53,0.0,0.0
2012-03-31 00:00:00,9.1,87,7.1,0.0,0.0,3.18,0.0,0.0
2012-03-31 01:00:00,9.1,92,7.8,0.0,0.0,2.5,0.0,0.0
2012-03-31 02:00:00,8.8,94,8.0,0.2,0.0,1.91,0.0,0.0
2012-03-31 03:00:00,8.9,96,8.3,0.0,0.0,2.18,0.0,0.0
2012-03-31 04:00:00,9.0,97,8.6,0.0,0.0,1.84,0.0,0.0
2012-03-31 05:00:00,8.7,98,8.4,0.0,0.0,2.11,0.0,0.0
2012-03-31 06:00:00,8.8,99,8.6,0.0,0.0,1.9,0.0,0.0
2012-03-31 07:00:00,9.7,99,9.5,0.0,0.0,1.46,53.0,0.1908
2012-03-31 08:00:00,11.9,93,10.9,0.0,0.0,1.55,159.0,0.5724
2012-03-31 09:00:00,14.1,85,11.7,0.0,0.0,1.36,313.0,1.1268
2012-03-31 10:00:00,16.5,76,12.3,0.0,0.0,1.58,439.0,1.5804
2012-03-31 11:00:00,18.1,71,12.8,0.0,0.0,2.06,490.0,1.764
2012-03-31 12:00:00,18.8,67,12.5,0.0,0.0,2.34,496.0,1.7855999999999999
2012-03-31 13:00:00,18.6,66,12.2,0.0,0.0,2.75,437.0,1.5732
2012-03-31 14:00:00,15.4,74,10.7,0.0,0.0,3.39,261.0,0.9396
2012-03-31 15:00:00,14.7,75,10.3,0.0,0.0,4.08,283.0,1.0188
2012-03-31 16:00:00,13.4,75,9.2,0.0,0.0,4.39,223.0,0.8028
2012-03-31 17:00:00,12.1,75,7.8,0.0,0.0,4.17,99.0,0.3564
2012-03-31 18:00:00,11.0,75,6.8,0.0,0.0,3.96,40.0,0.144
2012-03-31 19:00:00,10.2,76,6.1,0.0,0.0,3.4,3.0,0.0108
2012-03-31 20:00:00,9.7,77,5.8,0.0,0.0,3.19,0.0,0.0
2012-03-31 21:00:00,9.3,77,5.5,0.0,0.0,3.19,0.0,0.0
2012-03-31 22:00:00,8.9,78,5.2,0.0,0.0,2.97,0.0,0.0
2012-03-31 23:00:00,8.6,78,5.0,0.0,0.0,2.66,0.0,0.0
2012-04-01 00:00:00,8.3,79,4.8,0.0,0.0,2.44,0.0,0.0
2012-04-01 01:00:00,8.0,80,4.7,0.0,0.0,2.06,0.0,0.0
2012-04-01 02:00:00,8.2,78,4.6,0.0,0.0,1.77,0.0,0.0
2012-04-01 03:00:00,7.9,80,4.6,0.0,0.0,1.49,0.0,0.0
2012-04-01 04:00:00,7.9,80,4.6,0.0,0.0,1.3,0.0,0.0
2012-04-01 05:00:00,7.6,82,4.8,0.0,0.0,0.85,0.0,0.0
2012-04-01 06:00:00,7.0,90,5.5,0.0,0.0,1.0,0.0,0.0
2012-04-01 07:00:00,7.7,85,5.3,0.0,0.0,0.3,56.0,0.2016
2012-04-01 08:00:00,9.0,75,4.7,0.0,0.0,0.1,179.0,0.6444
2012-04-01 09:00:00,10.1,70,4.9,0.0,0.0,0.71,314.0,1.1304
2012-04-01 10:00:00,11.5,65,5.1,0.0,0.0,1.32,442.0,1.5912
2012-04-01 11:00:00,12.4,62,5.3,0.0,0.0,1.7,400.0,1.44
2012-04-01 12:00:00,13.2,60,5.6,0.0,0.0,2.06,390.0,1.404
2012-04-01 13:00:00,14.3,58,6.1,0.0,0.0,2.55,492.0,1.7711999999999999
2012-04-01 14:00:00,15.2,55,6.1,0.0,0.0,3.04,496.0,1.7855999999999999
2012-04-01 15:00:00,16.3,52,6.4,0.0,0.0,3.28,556.0,2.0016
2012-04-01 16:00:00,17.0,51,6.8,0.0,0.0,3.85,499.0,1.7964
2012-04-01 17:00:00,16.9,52,7.0,0.0,0.0,3.23,346.0,1.2456
2012-04-01 18:00:00,15.6,57,7.2,0.0,0.0,1.91,133.0,0.4788
2012-04-01 19:00:00,14.4,62,7.2,0.0,0.0,2.7,8.0,0.0288
2012-04-01 20:00:00,13.6,66,7.5,0.0,0.0,1.97,0.0,0.0
2012-04-01 21:00:00,12.9,74,8.4,0.5,0.0,1.57,0.0,0.0
2012-04-01 22:00:00,12.4,82,9.4,0.8,0.0,1.61,0.0,0.0
2012-04-01 23:00:00,12.0,82,9.0,1.1,0.0,0.85,0.0,0.0
2012-04-02 00:00:00,11.7,85,9.3,0.5,0.0,0.86,0.0,0.0
2012-04-02 01:00:00,11.7,90,10.1,0.5,0.0,2.21,0.0,0.0
2012-04-02 02:00:00,11.5,93,10.5,0.3,0.0,4.46,0.0,0.0
2012-04-02 03:00:00,11.2,91,9.8,0.0,0.0,6.46,0.0,0.0
2012-04-02 04:00:00,9.4,87,7.4,0.0,0.0,6.13,0.0,0.0
2012-04-02 05:00:00,7.9,80,4.7,0.0,0.0,4.84,0.0,0.0
2012-04-02 06:00:00,7.2,74,2.8,0.0,0.0,4.52,0.0,0.0
2012-04-02 07:00:00,7.2,67,1.4,0.0,0.0,4.73,67.0,0.2412
2012-04-02 08:00:00,7.8,58,-0.1,0.0,0.0,5.95,240.0,0.864
2012-04-02 09:00:00,8.8,50,-0.9,0.0,0.0,5.9,443.0,1.5948
2012-04-02 10:00:00,10.2,45,-1.1,0.0,0.0,5.65,667.0,2.4012
2012-04-02 11:00:00,11.5,42,-1.1,0.0,0.0,5.46,814.0,2.9304
2012-04-02 12:00:00,12.7,38,-1.1,0.0,0.0,5.17,888.0,3.1968
2012-04-02 13:00:00,13.7,36,-1.1,0.0,0.0,4.84,903.0,3.2508
2012-04-02 14:00:00,14.6,35,-0.9,0.0,0.0,4.65,846.0,3.0456
2012-04-02 15:00:00,15.0,34,-0.9,0.0,0.0,4.75,732.0,2.6351999999999998
2012-04-02 16:00:00,15.2,33,-1.1,0.0,0.0,4.77,566.0,2.0376
2012-04-02 17:00:00,14.8,33,-1.3,0.0,0.0,3.0,366.0,1.3175999999999999
2012-04-02 18:00:00,13.6,37,-0.6,0.0,0.0,1.5,156.0,0.5616
2012-04-02 19:00:00,11.9,44,-0.1,0.0,0.0,2.33,13.0,0.0468
2012-04-02 20:00:00,10.6,47,-0.3,0.0,0.0,2.55,0.0,0.0
2012-04-02 21:00:00,9.6,49,-0.5,0.0,0.0,2.37,0.0,0.0
2012-04-02 22:00:00,8.9,51,-0.7,0.0,0.0,2.78,0.0,0.0
2012-04-02 23:00:00,8.1,53,-0.8,0.0,0.0,3.4,0.0,0.0
2012-04-03 00:00:00,7.1,58,-0.7,0.0,0.0,3.53,0.0,0.0
2012-04-03 01:00:00,6.0,62,-0.6,0.0,0.0,3.08,0.0,0.0
2012-04-03 02:00:00,5.2,66,-0.5,0.0,0.0,2.44,0.0,0.0
2012-04-03 03:00:00,4.3,70,-0.7,0.0,0.0,2.42,0.0,0.0
2012-04-03 04:00:00,3.5,72,-1.1,0.0,0.0,2.56,0.0,0.0
2012-04-03 05:00:00,2.9,73,-1.5,0.0,0.0,2.0,0.0,0.0
2012-04-03 06:00:00,2.4,75,-1.6,0.0,0.0,1.86,1.0,0.0036
2012-04-03 07:00:00,4.1,76,0.2,0.0,0.0,2.16,90.0,0.324
2012-04-03 08:00:00,8.4,51,-1.0,0.0,0.0,1.52,294.0,1.0584
2012-04-03 09:00:00,10.8,42,-1.5,0.0,0.0,1.66,504.0,1.8144
2012-04-03 10:00:00,12.8,37,-1.7,0.0,0.0,1.75,685.0,2.4659999999999997
2012-04-03 11:00:00,14.8,32,-1.7,0.0,0.0,2.44,820.0,2.952
2012-04-03 12:00:00,16.5,30,-1.4,0.0,0.0,2.64,894.0,3.2184
2012-04-03 13:00:00,17.9,28,-1.1,0.0,0.0,2.47,901.0,3.2436
2012-04-03 14:00:00,19.7,25,-0.8,0.0,0.0,2.87,838.0,3.0168
2012-04-03 15:00:00,20.2,24,-0.7,0.0,0.0,2.82,724.0,2.6064
2012-04-03 16:00:00,20.4,25,-0.4,0.0,0.0,2.72,558.0,2.0088
2012-04-03 17:00:00,19.7,30,1.6,0.0,0.0,0.64,358.0,1.2888
2012-04-03 18:00:00,18.2,42,5.0,0.0,0.0,1.42,145.0,0.522
2012-04-03 19:00:00,15.9,46,4.2,0.2,0.0,2.06,10.0,0.036
2012-04-03 20:00:00,14.3,52,4.6,0.0,0.0,2.47,0.0,0.0
2012-04-03 21:00:00,12.6,59,4.7,0.0,0.0,1.98,0.0,0.0
2012-04-03 22:00:00,11.5,65,5.0,0.0,0.0,2.13,0.0,0.0
2012-04-03 23:00:00,10.9,70,5.6,0.0,0.0,1.97,0.0,0.0
2012-04-04 00:00:00,10.4,75,6.1,0.0,0.0,2.55,0.0,0.0
2012-04-04 01:00:00,10.5,77,6.7,0.0,0.0,1.96,0.0,0.0
2012-04-04 02:00:00,10.3,81,7.2,0.0,0.0,1.7,0.0,0.0
2012-04-04 03:00:00,10.2,81,7.2,0.0,0.0,2.37,0.0,0.0
2012-04-04 04:00:00,10.5,76,6.4,0.0,0.0,3.02,0.0,0.0
2012-04-04 05:00:00,10.8,66,4.8,0.0,0.0,2.69,0.0,0.0
2012-04-04 06:00:00,11.1,64,4.6,0.0,0.0,2.38,1.0,0.0036
2012-04-04 07:00:00,11.9,70,6.5,0.0,0.0,2.62,55.0,0.19799999999999998
2012-04-04 08:00:00,14.8,61,7.4,0.0,0.0,1.84,193.0,0.6948
2012-04-04 09:00:00,16.7,56,7.9,0.0,0.0,1.92,357.0,1.2852
2012-04-04 10:00:00,17.7,54,8.2,0.0,0.0,3.14,410.0,1.476
2012-04-04 11:00:00,19.1,51,8.7,0.0,0.0,3.68,564.0,2.0303999999999998
2012-04-04 12:00:00,20.1,50,9.3,0.0,0.0,4.06,612.0,2.2032
2012-04-04 13:00:00,20.9,50,10.2,0.0,0.0,4.38,616.0,2.2176
2012-04-04 14:00:00,22.7,49,11.4,0.0,0.0,4.93,700.0,2.52
2012-04-04 15:00:00,23.0,50,11.9,0.0,0.0,5.07,515.0,1.8539999999999999
2012-04-04 16:00:00,23.8,48,12.0,0.0,0.0,5.1,444.0,1.5984
2012-04-04 17:00:00,23.0,50,11.9,0.0,0.0,3.18,290.0,1.044
2012-04-04 18:00:00,21.1,49,10.0,0.0,0.0,2.75,133.0,0.4788
2012-04-04 19:00:00,18.9,45,6.5,0.0,0.0,3.16,14.0,0.0504
2012-04-04 20:00:00,17.2,39,3.1,0.0,0.0,3.84,0.0,0.0
2012-04-04 21:00:00,15.6,38,1.2,0.0,0.0,4.53,0.0,0.0
2012-04-04 22:00:00,14.3,39,0.3,0.0,0.0,4.31,0.0,0.0
2012-04-04 23:00:00,13.0,41,-0.0,0.0,0.0,4.04,0.0,0.0
2012-04-05 00:00:00,11.8,44,-0.1,0.0,0.0,3.92,0.0,0.0
2012-04-05 01:00:00,10.8,47,-0.1,0.0,0.0,3.64,0.0,0.0
2012-04-05 02:00:00,10.8,48,0.2,0.0,0.0,3.55,0.0,0.0
2012-04-05 03:00:00,9.8,49,-0.5,0.0,0.0,3.49,0.0,0.0
2012-04-05 04:00:00,8.8,50,-1.1,0.0,0.0,2.95,0.0,0.0
2012-04-05 05:00:00,7.8,53,-1.3,0.0,0.0,2.7,0.0,0.0
2012-04-05 06:00:00,6.7,64,0.5,0.0,0.0,2.14,1.0,0.0036
2012-04-05 07:00:00,7.5,68,1.9,0.0,0.0,1.8,96.0,0.3456
2012-04-05 08:00:00,9.7,47,-0.9,0.0,0.0,2.59,292.0,1.0512
2012-04-05 09:00:00,10.5,45,-0.9,0.0,0.0,2.47,447.0,1.6092
2012-04-05 10:00:00,11.7,42,-0.7,0.0,0.0,2.12,617.0,2.2212
2012-04-05 11:00:00,12.9,40,-0.3,0.0,0.0,1.65,774.0,2.7864
2012-04-05 12:00:00,13.9,39,0.0,0.0,0.0,1.14,861.0,3.0996
2012-04-05 13:00:00,14.6,37,0.1,0.0,0.0,0.91,785.0,2.826
2012-04-05 14:00:00,14.7,38,0.3,0.0,0.0,1.21,619.0,2.2284
2012-04-05 15:00:00,15.4,35,-0.1,0.0,0.0,1.39,622.0,2.2392
2012-04-05 16:00:00,15.4,34,-0.3,0.0,0.0,1.44,451.0,1.6236
2012-04-05 17:00:00,15.0,34,-0.7,0.0,0.0,1.1,265.0,0.954
2012-04-05 18:00:00,14.4,37,-0.2,0.0,0.0,0.72,137.0,0.49319999999999997
2012-04-05 19:00:00,12.7,52,3.0,0.0,0.0,1.17,15.0,0.054
2012-04-05 20:00:00,10.3,62,3.3,0.0,0.0,1.41,0.0,0.0
2012-04-05 21:00:00,8.5,70,3.3,0.0,0.0,1.51,0.0,0.0
2012-04-05 22:00:00,7.7,74,3.3,0.0,0.0,1.43,0.0,0.0
2012-04-05 23:00:00,9.5,65,3.1,0.0,0.0,1.64,0.0,0.0
2012-04-06 00:00:00,6.5,81,3.4,0.0,0.0,2.47,0.0,0.0
2012-04-06 01:00:00,6.9,67,1.1,0.0,0.0,4.52,0.0,0.0
2012-04-06 02:00:00,6.8,54,-1.8,0.0,0.0,5.02,0.0,0.0
2012-04-06 03:00:00,6.0,51,-3.5,0.0,0.0,4.39,0.0,0.0
2012-04-06 04:00:00,5.4,51,-4.0,0.0,0.0,3.98,0.0,0.0
2012-04-06 05:00:00,4.8,52,-4.1,0.0,0.0,3.89,0.0,0.0
2012-04-06 06:00:00,4.4,55,-3.8,0.0,0.0,3.69,2.0,0.0072
2012-04-06 07:00:00,5.0,55,-3.2,0.0,0.0,3.23,99.0,0.3564
2012-04-06 08:00:00,6.5,49,-3.4,0.0,0.0,3.45,301.0,1.0836
2012-04-06 09:00:00,8.2,44,-3.3,0.0,0.0,3.79,511.0,1.8396
2012-04-06 10:00:00,9.8,40,-3.2,0.0,0.0,4.22,693.0,2.4948
2012-04-06 11:00:00,11.3,37,-2.8,0.0,0.0,4.22,829.0,2.9844
2012-04-06 12:00:00,12.6,35,-2.6,0.0,0.0,4.08,906.0,3.2616
2012-04-06 13:00:00,13.8,32,-2.6,0.0,0.0,4.46,917.0,3.3011999999999997
2012-04-06 14:00:00,14.7,30,-2.7,0.0,0.0,4.71,861.0,3.0996
2012-04-06 15:00:00,15.1,29,-3.0,0.0,0.0,5.0,744.0,2.6784
2012-04-06 16:00:00,15.1,28,-3.4,0.0,0.0,5.19,578.0,2.0808
2012-04-06 17:00:00,14.7,27,-3.9,0.0,0.0,3.93,378.0,1.3608
2012-04-06 18:00:00,13.6,30,-3.7,0.0,0.0,2.06,168.0,0.6048
2012-04-06 19:00:00,11.9,34,-3.4,0.0,0.0,2.16,17.0,0.0612
2012-04-06 20:00:00,10.4,38,-3.4,0.0,0.0,2.24,0.0,0.0
2012-04-06 21:00:00,9.3,40,-3.5,0.0,0.0,2.71,0.0,0.0
2012-04-06 22:00:00,8.5,40,-4.2,0.0,0.0,3.41,0.0,0.0
2012-04-06 23:00:00,8.0,37,-5.8,0.0,0.0,3.81,0.0,0.0
2012-04-07 00:00:00,7.3,35,-7.3,0.0,0.0,3.8,0.0,0.0
2012-04-07 01:00:00,6.5,36,-7.4,0.0,0.0,3.45,0.0,0.0
2012-04-07 02:00:00,6.0,40,-6.4,0.0,0.0,3.01,0.0,0.0
2012-04-07 03:00:00,4.9,48,-5.3,0.0,0.0,2.8,0.0,0.0
2012-04-07 04:00:00,3.9,54,-4.6,0.0,0.0,2.98,0.0,0.0
2012-04-07 05:00:00,3.2,57,-4.5,0.0,0.0,2.27,0.0,0.0
2012-04-07 06:00:00,2.7,64,-3.4,0.0,0.0,2.4,2.0,0.0072
2012-04-07 07:00:00,4.6,63,-1.9,0.0,0.0,2.97,107.0,0.3852
2012-04-07 08:00:00,8.0,45,-3.2,0.0,0.0,3.02,314.0,1.1304
2012-04-07 09:00:00,10.1,39,-3.2,0.0,0.0,3.31,524.0,1.8863999999999999
2012-04-07 10:00:00,11.9,32,-4.4,0.0,0.0,3.89,705.0,2.538
2012-04-07 11:00:00,13.4,28,-4.5,0.0,0.0,4.28,838.0,3.0168
2012-04-07 12:00:00,14.6,27,-4.4,0.0,0.0,4.67,911.0,3.2796
2012-04-07 13:00:00,15.7,25,-4.2,0.0,0.0,4.95,921.0,3.3156
2012-04-07 14:00:00,16.6,24,-4.2,0.0,0.0,5.24,866.0,3.1176
2012-04-07 15:00:00,17.0,23,-4.1,0.0,0.0,5.52,749.0,2.6964
2012-04-07 16:00:00,17.0,24,-3.8,0.0,0.0,5.52,582.0,2.0951999999999997
2012-04-07 17:00:00,16.5,26,-3.3,0.0,0.0,3.89,380.0,1.3679999999999999
2012-04-07 18:00:00,15.2,29,-2.6,0.0,0.0,2.33,170.0,0.612
2012-04-07 19:00:00,13.3,34,-2.2,0.0,0.0,2.75,18.0,0.0648
2012-04-07 20:00:00,11.9,38,-2.1,0.0,0.0,3.32,0.0,0.0
2012-04-07 21:00:00,10.7,41,-1.9,0.0,0.0,4.02,0.0,0.0
2012-04-07 22:00:00,9.8,44,-1.9,0.0,0.0,4.27,0.0,0.0
2012-04-07 23:00:00,9.0,46,-1.9,0.0,0.0,3.83,0.0,0.0
2012-04-08 00:00:00,8.1,49,-1.9,0.0,0.0,3.11,0.0,0.0
2012-04-08 01:00:00,7.1,53,-1.9,0.0,0.0,2.7,0.0,0.0
2012-04-08 02:00:00,6.3,58,-1.3,0.0,0.0,2.41,0.0,0.0
2012-04-08 03:00:00,5.1,63,-1.3,0.0,0.0,2.42,0.0,0.0
2012-04-08 04:00:00,4.4,65,-1.6,0.0,0.0,2.79,0.0,0.0
2012-04-08 05:00:00,3.9,66,-1.8,0.0,0.0,2.88,0.0,0.0
2012-04-08 06:00:00,3.8,68,-1.5,0.0,0.0,3.1,3.0,0.0108
2012-04-08 07:00:00,6.1,65,-0.0,0.0,0.0,3.51,99.0,0.3564
2012-04-08 08:00:00,10.5,44,-1.3,0.0,0.0,3.23,288.0,1.0368
2012-04-08 09:00:00,12.9,36,-1.8,0.0,0.0,3.38,462.0,1.6632
2012-04-08 10:00:00,14.9,31,-1.9,0.0,0.0,3.45,639.0,2.3004
2012-04-08 11:00:00,16.6,31,-0.5,0.0,0.0,4.48,749.0,2.6964
2012-04-08 12:00:00,18.3,31,0.7,0.0,0.0,5.1,903.0,3.2508
2012-04-08 13:00:00,19.5,28,0.6,0.0,0.0,5.46,911.0,3.2796
2012-04-08 14:00:00,21.1,25,0.0,0.0,0.0,5.66,857.0,3.0852
2012-04-08 15:00:00,21.6,23,-0.4,0.0,0.0,6.21,716.0,2.5776
2012-04-08 16:00:00,21.8,24,0.1,0.0,0.0,7.5,516.0,1.8576
2012-04-08 17:00:00,20.7,29,1.9,0.0,0.0,4.74,274.0,0.9863999999999999
2012-04-08 18:00:00,19.0,33,2.5,0.0,0.0,4.34,134.0,0.4824
2012-04-08 19:00:00,17.1,39,3.1,0.0,0.0,3.61,16.0,0.0576
2012-04-08 20:00:00,15.8,44,3.6,0.0,0.0,4.39,0.0,0.0
2012-04-08 21:00:00,14.5,48,3.7,0.0,0.0,5.14,0.0,0.0
2012-04-08 22:00:00,13.3,50,3.1,0.0,0.0,4.78,0.0,0.0
2012-04-08 23:00:00,12.3,51,2.5,0.0,0.0,3.82,0.0,0.0
2012-04-09 00:00:00,11.5,52,2.0,0.0,0.0,2.95,0.0,0.0
2012-04-09 01:00:00,10.7,52,1.3,0.0,0.0,3.35,0.0,0.0
2012-04-09 02:00:00,10.9,46,-0.2,0.0,0.0,3.89,0.0,0.0
2012-04-09 03:00:00,10.6,36,-3.8,0.0,0.0,4.39,0.0,0.0
2012-04-09 04:00:00,10.3,33,-5.2,0.0,0.0,4.48,0.0,0.0
2012-04-09 05:00:00,9.9,35,-4.9,0.0,0.0,4.12,0.0,0.0
2012-04-09 06:00:00,9.5,41,-3.1,0.0,0.0,4.03,3.0,0.0108
2012-04-09 07:00:00,10.1,47,-0.8,0.0,0.0,4.1,112.0,0.4032
2012-04-09 08:00:00,11.9,44,-0.1,0.0,0.0,4.5,317.0,1.1412
2012-04-09 09:00:00,13.5,41,0.3,0.0,0.0,5.57,523.0,1.8828
2012-04-09 10:00:00,15.0,37,0.4,0.0,0.0,7.08,699.0,2.5164
2012-04-09 11:00:00,16.8,30,-1.0,0.0,0.0,6.55,826.0,2.9736
2012-04-09 12:00:00,17.7,29,-0.7,0.0,0.0,7.82,765.0,2.754
2012-04-09 13:00:00,19.1,27,-0.4,0.0,0.0,7.87,881.0,3.1715999999999998
2012-04-09 14:00:00,18.8,26,-1.1,0.0,0.0,7.06,636.0,2.2896
2012-04-09 15:00:00,19.1,28,0.0,0.0,0.0,6.66,649.0,2.3364
2012-04-09 16:00:00,17.0,42,4.0,0.8,0.0,7.28,461.0,1.6596
2012-04-09 17:00:00,16.5,43,3.7,0.8,0.0,4.57,243.0,0.8748
2012-04-09 18:00:00,15.7,39,1.9,0.0,0.0,4.75,124.0,0.44639999999999996
2012-04-09 19:00:00,14.2,44,2.0,0.0,0.0,4.93,16.0,0.0576
2012-04-09 20:00:00,13.3,48,2.4,0.0,0.0,4.18,0.0,0.0
2012-04-09 21:00:00,12.5,52,3.0,0.0,0.0,3.68,0.0,0.0
2012-04-09 22:00:00,11.6,56,3.1,0.0,0.0,3.62,0.0,0.0
2012-04-09 23:00:00,11.2,59,3.4,0.0,0.0,3.76,0.0,0.0
2012-04-10 00:00:00,10.6,62,3.7,0.0,0.0,3.57,0.0,0.0
2012-04-10 01:00:00,9.5,65,3.3,0.0,0.0,2.63,0.0,0.0
2012-04-10 02:00:00,8.7,66,2.8,0.0,0.0,2.25,0.0,0.0
2012-04-10 03:00:00,7.5,72,2.8,0.0,0.0,2.68,0.0,0.0
2012-04-10 04:00:00,6.8,75,2.8,0.0,0.0,2.82,0.0,0.0
2012-04-10 05:00:00,6.4,77,2.7,0.0,0.0,2.5,0.0,0.0
2012-04-10 06:00:00,6.1,80,2.9,0.0,0.0,2.36,4.0,0.0144
2012-04-10 07:00:00,8.3,77,4.5,0.0,0.0,2.58,114.0,0.4104
2012-04-10 08:00:00,12.5,55,3.8,0.0,0.0,2.2,310.0,1.1159999999999999
2012-04-10 09:00:00,14.6,39,1.0,0.0,0.0,3.11,479.0,1.7244
2012-04-10 10:00:00,15.5,34,-0.4,0.0,0.0,4.51,678.0,2.4408
2012-04-10 11:00:00,15.8,31,-1.3,0.0,0.0,4.78,582.0,2.0951999999999997
2012-04-10 12:00:00,16.5,27,-2.5,0.0,0.0,5.57,653.0,2.3508
2012-04-10 13:00:00,16.7,26,-3.2,0.0,0.0,5.73,536.0,1.9296
2012-04-10 14:00:00,17.4,22,-4.5,0.0,0.0,4.85,510.0,1.8359999999999999
2012-04-10 15:00:00,18.0,20,-5.3,0.0,0.0,5.02,493.0,1.7748
2012-04-10 16:00:00,17.8,20,-5.8,0.0,0.0,6.28,455.0,1.638
2012-04-10 17:00:00,16.2,26,-3.5,0.0,0.0,4.72,314.0,1.1304
2012-04-10 18:00:00,14.2,30,-3.2,0.0,0.0,4.7,142.0,0.5112
2012-04-10 19:00:00,12.5,33,-3.2,0.0,0.0,4.88,21.0,0.0756
2012-04-10 20:00:00,11.2,37,-2.9,0.0,0.0,5.02,0.0,0.0
2012-04-10 21:00:00,10.1,41,-2.5,0.0,0.0,4.7,0.0,0.0
2012-04-10 22:00:00,9.1,45,-2.2,0.0,0.0,4.27,0.0,0.0
2012-04-10 23:00:00,8.1,50,-1.7,0.0,0.0,3.62,0.0,0.0
2012-04-11 00:00:00,7.2,54,-1.4,0.0,0.0,3.14,0.0,0.0
2012-04-11 01:00:00,6.5,58,-1.2,0.0,0.0,3.24,0.0,0.0
2012-04-11 02:00:00,5.7,55,-2.7,0.0,0.0,3.28,0.0,0.0
2012-04-11 03:00:00,5.0,59,-2.4,0.0,0.0,3.58,0.0,0.0
2012-04-11 04:00:00,4.6,62,-2.1,0.0,0.0,3.69,0.0,0.0
2012-04-11 05:00:00,4.2,65,-1.9,0.0,0.0,3.57,0.0,0.0
2012-04-11 06:00:00,4.0,67,-1.6,0.0,0.0,3.36,5.0,0.018
2012-04-11 07:00:00,4.8,65,-1.3,0.0,0.0,3.69,117.0,0.42119999999999996
2012-04-11 08:00:00,6.2,59,-1.1,0.0,0.0,4.39,312.0,1.1232
2012-04-11 09:00:00,7.9,51,-1.7,0.0,0.0,4.3,519.0,1.8683999999999998
2012-04-11 10:00:00,9.0,44,-2.7,0.1,0.0,4.0,566.0,2.0376
2012-04-11 11:00:00,10.2,38,-3.4,0.1,0.0,4.03,718.0,2.5848
2012-04-11 12:00:00,10.5,39,-3.0,0.0,0.0,4.12,588.0,2.1168
2012-04-11 13:00:00,11.4,39,-2.1,0.0,0.0,4.58,668.0,2.4048
2012-04-11 14:00:00,12.3,41,-0.7,0.0,0.0,5.02,749.0,2.6964
2012-04-11 15:00:00,12.4,40,-0.8,0.0,0.0,5.36,649.0,2.3364
2012-04-11 16:00:00,12.1,40,-1.0,0.0,0.0,5.54,487.0,1.7531999999999999
2012-04-11 17:00:00,10.4,48,-0.0,0.5,0.0,4.58,302.0,1.0872
2012-04-11 18:00:00,9.6,51,-0.1,0.0,0.0,4.4,112.0,0.4032
2012-04-11 19:00:00,8.7,56,0.4,0.0,0.0,4.33,18.0,0.0648
2012-04-11 20:00:00,8.0,59,0.6,0.0,0.0,4.44,0.0,0.0
2012-04-11 21:00:00,7.7,61,0.6,0.0,0.0,4.44,0.0,0.0
2012-04-11 22:00:00,7.0,63,0.5,0.0,0.0,4.7,0.0,0.0
2012-04-11 23:00:00,6.6,64,0.3,0.0,0.0,5.04,0.0,0.0
2012-04-12 00:00:00,6.2,65,0.1,0.0,0.0,4.96,0.0,0.0
2012-04-12 01:00:00,5.9,66,-0.1,0.0,0.0,4.67,0.0,0.0
2012-04-12 02:00:00,5.3,68,-0.2,0.0,0.0,4.39,0.0,0.0
2012-04-12 03:00:00,5.0,69,-0.2,0.0,0.0,4.25,0.0,0.0
2012-04-12 04:00:00,4.7,71,-0.2,0.0,0.0,4.03,0.0,0.0
2012-04-12 05:00:00,4.4,72,-0.2,0.0,0.0,3.89,0.0,0.0
2012-04-12 06:00:00,4.2,74,-0.0,0.0,0.0,3.75,5.0,0.018
2012-04-12 07:00:00,5.3,70,0.4,0.0,0.0,3.7,121.0,0.4356
2012-04-12 08:00:00,7.4,61,0.5,0.0,0.0,4.39,323.0,1.1628
2012-04-12 09:00:00,9.6,54,0.7,0.0,0.0,4.47,529.0,1.9043999999999999
2012-04-12 10:00:00,11.4,46,0.3,0.1,0.0,5.06,705.0,2.538
2012-04-12 11:00:00,12.8,38,-1.0,0.0,0.0,5.32,787.0,2.8331999999999997
2012-04-12 12:00:00,14.1,32,-2.6,0.0,0.0,5.37,781.0,2.8116
2012-04-12 13:00:00,14.8,28,-3.5,0.0,0.0,4.99,727.0,2.6172
2012-04-12 14:00:00,14.2,31,-2.8,0.0,0.0,4.83,393.0,1.4148
2012-04-12 15:00:00,14.5,30,-2.8,0.0,0.0,4.91,431.0,1.5515999999999999
2012-04-12 16:00:00,14.6,29,-3.4,0.0,0.0,4.83,382.0,1.3752
2012-04-12 17:00:00,14.1,30,-3.5,0.0,0.0,3.41,197.0,0.7091999999999999
2012-04-12 18:00:00,13.2,32,-3.0,0.0,0.0,2.58,83.0,0.2988
2012-04-12 19:00:00,11.8,37,-2.5,0.0,0.0,2.68,20.0,0.072
2012-04-12 20:00:00,10.4,42,-2.1,0.0,0.0,2.82,0.0,0.0
2012-04-12 21:00:00,9.0,48,-1.6,0.0,0.0,3.04,0.0,0.0
2012-04-12 22:00:00,7.9,53,-1.0,0.0,0.0,2.95,0.0,0.0
2012-04-12 23:00:00,6.9,59,-0.5,0.0,0.0,3.14,0.0,0.0
2012-04-13 00:00:00,6.2,63,-0.2,0.0,0.0,3.12,0.0,0.0
2012-04-13 01:00:00,6.0,65,-0.0,0.0,0.0,2.9,0.0,0.0
2012-04-13 02:00:00,6.6,63,0.1,0.0,0.0,2.64,0.0,0.0
2012-04-13 03:00:00,6.3,65,0.2,0.0,0.0,2.43,0.0,0.0
2012-04-13 04:00:00,5.3,70,0.3,0.0,0.0,2.1,0.0,0.0
2012-04-13 05:00:00,4.5,75,0.4,0.0,0.0,1.7,0.0,0.0
2012-04-13 06:00:00,4.3,77,0.7,0.0,0.0,1.63,6.0,0.0216
2012-04-13 07:00:00,6.5,76,2.6,0.0,0.0,1.87,115.0,0.414
2012-04-13 08:00:00,10.5,50,0.5,0.0,0.0,1.8,326.0,1.1736
2012-04-13 09:00:00,12.5,41,-0.5,0.0,0.0,2.4,536.0,1.9296
2012-04-13 10:00:00,14.0,37,-0.4,0.0,0.0,2.6,714.0,2.5704
2012-04-13 11:00:00,15.5,32,-1.0,0.0,0.0,2.73,852.0,3.0671999999999997
2012-04-13 12:00:00,16.4,31,-0.9,0.0,0.0,2.79,871.0,3.1355999999999997
2012-04-13 13:00:00,17.2,30,-0.7,0.0,0.0,2.44,931.0,3.3516
2012-04-13 14:00:00,17.5,29,-0.7,0.0,0.0,2.16,875.0,3.15
2012-04-13 15:00:00,17.9,28,-0.9,0.0,0.0,1.98,759.0,2.7323999999999997
2012-04-13 16:00:00,18.0,27,-1.3,0.0,0.0,1.89,595.0,2.142
2012-04-13 17:00:00,17.8,26,-1.7,0.0,0.0,1.71,396.0,1.4256
2012-04-13 18:00:00,16.8,33,0.4,0.0,0.0,1.12,186.0,0.6696
2012-04-13 19:00:00,16.0,31,-1.0,0.0,0.0,0.73,25.0,0.09
2012-04-13 20:00:00,12.2,51,2.5,0.0,0.0,1.66,0.0,0.0
2012-04-13 21:00:00,9.8,59,2.2,0.0,0.0,1.99,0.0,0.0
2012-04-13 22:00:00,8.6,64,2.1,0.0,0.0,2.35,0.0,0.0
2012-04-13 23:00:00,7.8,68,2.2,0.0,0.0,2.51,0.0,0.0
2012-04-14 00:00:00,7.2,71,2.3,0.0,0.0,2.63,0.0,0.0
2012-04-14 01:00:00,6.6,75,2.6,0.0,0.0,2.43,0.0,0.0
2012-04-14 02:00:00,6.1,80,2.9,0.0,0.0,2.42,0.0,0.0
2012-04-14 03:00:00,5.7,83,3.0,0.0,0.0,2.41,0.0,0.0
2012-04-14 04:00:00,5.4,83,2.8,0.0,0.0,2.3,0.0,0.0
2012-04-14 05:00:00,5.0,84,2.5,0.0,0.0,1.92,0.0,0.0
2012-04-14 06:00:00,5.1,82,2.3,0.0,0.0,2.28,7.0,0.0252
2012-04-14 07:00:00,8.1,74,3.6,0.0,0.0,2.64,134.0,0.4824
2012-04-14 08:00:00,12.8,50,2.6,0.0,0.0,1.77,340.0,1.224
2012-04-14 09:00:00,16.0,41,2.7,0.0,0.0,1.94,536.0,1.9296
2012-04-14 10:00:00,18.9,34,2.6,0.0,0.0,2.27,687.0,2.4732
2012-04-14 11:00:00,21.1,28,2.0,0.0,0.0,2.84,814.0,2.9304
2012-04-14 12:00:00,22.5,25,1.3,0.0,0.0,3.61,864.0,3.1104
2012-04-14 13:00:00,23.2,23,1.1,0.0,0.0,4.04,834.0,3.0023999999999997
2012-04-14 14:00:00,23.6,22,0.9,0.0,0.0,4.24,775.0,2.79
2012-04-14 15:00:00,23.6,23,1.0,0.0,0.0,4.46,585.0,2.106
2012-04-14 16:00:00,23.4,24,1.6,0.0,0.0,4.31,411.0,1.4796
2012-04-14 17:00:00,22.7,27,2.8,0.0,0.0,2.78,269.0,0.9683999999999999
2012-04-14 18:00:00,20.9,32,3.7,0.0,0.0,2.14,124.0,0.44639999999999996
2012-04-14 19:00:00,19.0,37,4.0,0.0,0.0,2.82,17.0,0.0612
2012-04-14 20:00:00,18.0,41,4.4,0.0,0.0,2.91,0.0,0.0
2012-04-14 21:00:00,17.3,44,5.0,0.0,0.0,2.91,0.0,0.0
2012-04-14 22:00:00,16.7,48,5.6,0.0,0.0,3.05,0.0,0.0
2012-04-14 23:00:00,16.2,53,6.6,0.0,0.0,3.06,0.0,0.0
2012-04-15 00:00:00,15.9,60,8.2,0.0,0.0,2.91,0.0,0.0
2012-04-15 01:00:00,15.0,65,8.6,0.2,0.0,2.84,0.0,0.0
2012-04-15 02:00:00,15.8,53,6.4,0.0,0.0,2.62,0.0,0.0
2012-04-15 03:00:00,15.7,54,6.5,0.0,0.0,2.27,0.0,0.0
2012-04-15 04:00:00,15.6,54,6.3,0.0,0.0,2.59,0.0,0.0
2012-04-15 05:00:00,15.5,54,6.2,0.0,0.0,1.5,0.0,0.0
2012-04-15 06:00:00,15.2,57,6.8,0.0,0.0,1.65,3.0,0.0108
2012-04-15 07:00:00,15.7,61,8.3,0.0,0.0,2.12,81.0,0.29159999999999997
2012-04-15 08:00:00,17.6,53,7.9,0.0,0.0,1.84,188.0,0.6768
2012-04-15 09:00:00,19.9,48,8.6,0.0,0.0,1.91,364.0,1.3104
2012-04-15 10:00:00,22.6,43,9.4,0.0,0.0,2.36,537.0,1.9332
2012-04-15 11:00:00,25.2,38,10.1,0.0,0.0,3.07,725.0,2.61
2012-04-15 12:00:00,27.0,36,10.7,0.0,0.0,3.29,806.0,2.9015999999999997
2012-04-15 13:00:00,28.4,34,11.1,0.0,0.0,3.41,879.0,3.1644
2012-04-15 14:00:00,28.9,37,12.6,0.0,0.0,3.76,819.0,2.9484
2012-04-15 15:00:00,29.4,35,12.3,0.0,0.0,4.58,639.0,2.3004
2012-04-15 16:00:00,28.8,36,12.2,0.0,0.0,4.19,368.0,1.3248
2012-04-15 17:00:00,28.0,38,12.3,0.0,0.0,3.09,291.0,1.0475999999999999
2012-04-15 18:00:00,26.3,41,11.9,0.0,0.0,2.43,152.0,0.5472
2012-04-15 19:00:00,24.5,44,11.5,0.0,0.0,2.8,24.0,0.0864
2012-04-15 20:00:00,23.4,46,11.1,0.0,0.0,3.11,0.0,0.0
2012-04-15 21:00:00,22.7,48,11.0,0.0,0.0,3.61,0.0,0.0
2012-04-15 22:00:00,22.1,50,11.1,0.0,0.0,4.11,0.0,0.0
2012-04-15 23:00:00,21.6,52,11.4,0.0,0.0,4.52,0.0,0.0
2012-04-16 00:00:00,21.0,56,11.8,0.0,0.0,4.56,0.0,0.0
2012-04-16 01:00:00,20.4,59,12.0,0.0,0.0,4.33,0.0,0.0
2012-04-16 02:00:00,19.4,64,12.3,0.0,0.0,3.97,0.0,0.0
2012-04-16 03:00:00,18.8,67,12.5,0.0,0.0,3.68,0.0,0.0
2012-04-16 04:00:00,18.1,71,12.7,0.0,0.0,3.47,0.0,0.0
2012-04-16 05:00:00,17.4,75,12.9,0.0,0.0,2.13,0.0,0.0
2012-04-16 06:00:00,16.9,79,13.2,0.0,0.0,2.33,9.0,0.0324
2012-04-16 07:00:00,18.2,77,14.1,0.0,0.0,2.34,129.0,0.4644
2012-04-16 08:00:00,20.8,67,14.3,0.0,0.0,2.19,322.0,1.1592
2012-04-16 09:00:00,23.1,60,14.8,0.0,0.0,1.94,524.0,1.8863999999999999
2012-04-16 10:00:00,25.5,53,15.1,0.0,0.0,1.97,697.0,2.5092
2012-04-16 11:00:00,27.5,47,15.1,0.0,0.0,2.4,823.0,2.9628
2012-04-16 12:00:00,29.2,41,14.4,0.0,0.0,2.96,893.0,3.2148
2012-04-16 13:00:00,30.3,35,13.3,0.0,0.0,3.57,902.0,3.2472
2012-04-16 14:00:00,31.0,33,13.0,0.0,0.0,4.34,847.0,3.0492
2012-04-16 15:00:00,31.1,32,12.5,0.0,0.0,4.8,732.0,2.6351999999999998
2012-04-16 16:00:00,30.9,32,12.5,0.0,0.0,5.03,553.0,1.9908
2012-04-16 17:00:00,30.2,34,12.6,0.0,0.0,4.0,348.0,1.2528
2012-04-16 18:00:00,28.7,36,12.3,0.0,0.0,3.96,165.0,0.594
2012-04-16 19:00:00,26.7,40,12.1,0.0,0.0,3.57,27.0,0.0972
2012-04-16 20:00:00,25.5,42,11.7,0.0,0.0,3.76,0.0,0.0
2012-04-16 21:00:00,24.7,44,11.7,0.0,0.0,4.47,0.0,0.0
2012-04-16 22:00:00,24.0,46,11.8,0.0,0.0,4.61,0.0,0.0
2012-04-16 23:00:00,23.1,50,12.2,0.0,0.0,3.94,0.0,0.0
2012-04-17 00:00:00,21.9,55,12.5,0.0,0.0,3.2,0.0,0.0
2012-04-17 01:00:00,21.2,60,13.1,0.0,0.0,3.81,0.0,0.0
2012-04-17 02:00:00,21.1,65,14.2,0.0,0.0,4.44,0.0,0.0
2012-04-17 03:00:00,20.6,67,14.3,0.0,0.0,4.46,0.0,0.0
2012-04-17 04:00:00,19.8,66,13.3,0.0,0.0,4.03,0.0,0.0
2012-04-17 05:00:00,18.8,64,11.8,0.0,0.0,3.04,0.0,0.0
2012-04-17 06:00:00,18.0,61,10.3,0.0,0.0,3.58,10.0,0.036
2012-04-17 07:00:00,17.9,54,8.4,0.0,0.0,4.12,139.0,0.5004
2012-04-17 08:00:00,18.3,47,6.9,0.0,0.0,5.19,341.0,1.2276
2012-04-17 09:00:00,19.2,41,5.8,0.0,0.0,5.22,533.0,1.9187999999999998
2012-04-17 10:00:00,20.4,36,5.0,0.0,0.0,5.02,711.0,2.5596
2012-04-17 11:00:00,21.9,31,4.2,0.0,0.0,4.39,825.0,2.9699999999999998
2012-04-17 12:00:00,23.1,28,3.4,0.0,0.0,3.89,864.0,3.1104
2012-04-17 13:00:00,24.0,25,2.7,0.0,0.0,3.72,888.0,3.1968
2012-04-17 14:00:00,23.7,26,3.3,0.0,0.0,3.83,725.0,2.61
2012-04-17 15:00:00,23.8,25,2.7,0.0,0.0,4.08,647.0,2.3291999999999997
2012-04-17 16:00:00,23.2,25,2.2,0.0,0.0,4.19,465.0,1.674
2012-04-17 17:00:00,22.3,26,2.0,0.0,0.0,3.3,326.0,1.1736
2012-04-17 18:00:00,21.0,28,2.0,0.0,0.0,2.64,191.0,0.6876
2012-04-17 19:00:00,19.2,32,2.3,0.0,0.0,2.55,30.0,0.108
2012-04-17 20:00:00,17.8,36,2.5,0.0,0.0,2.58,0.0,0.0
2012-04-17 21:00:00,16.8,40,3.2,0.0,0.0,2.19,0.0,0.0
2012-04-17 22:00:00,15.9,44,3.7,0.0,0.0,2.08,0.0,0.0
2012-04-17 23:00:00,15.1,48,4.1,0.0,0.0,2.13,0.0,0.0
2012-04-18 00:00:00,15.0,49,4.4,0.0,0.0,2.64,0.0,0.0
2012-04-18 01:00:00,14.9,49,4.3,0.0,0.0,3.49,0.0,0.0
2012-04-18 02:00:00,14.9,47,3.8,0.0,0.0,4.22,0.0,0.0
2012-04-18 03:00:00,14.4,46,2.9,0.0,0.0,4.24,0.0,0.0
2012-04-18 04:00:00,14.0,44,1.8,0.0,0.0,3.98,0.0,0.0
2012-04-18 05:00:00,13.9,42,1.3,0.0,0.0,2.61,0.0,0.0
2012-04-18 06:00:00,13.8,43,1.4,0.0,0.0,1.5,5.0,0.018
2012-04-18 07:00:00,13.6,44,1.5,0.0,0.0,1.2,34.0,0.1224
2012-04-18 08:00:00,13.4,46,2.0,0.0,0.0,2.06,97.0,0.3492
2012-04-18 09:00:00,11.9,66,5.8,2.0,0.0,2.9,95.0,0.34199999999999997
2012-04-18 10:00:00,11.4,73,6.8,0.6,0.0,2.12,113.0,0.4068
2012-04-18 11:00:00,10.9,81,7.8,0.6,0.0,1.2,117.0,0.42119999999999996
2012-04-18 12:00:00,11.7,76,7.6,0.5,0.0,0.78,310.0,1.1159999999999999
2012-04-18 13:00:00,12.2,73,7.6,0.3,0.0,1.26,230.0,0.828
2012-04-18 14:00:00,11.4,84,8.8,0.8,0.0,1.39,134.0,0.4824
2012-04-18 15:00:00,11.2,85,8.8,0.7,0.0,1.71,113.0,0.4068
2012-04-18 16:00:00,11.1,82,8.2,0.3,0.0,1.75,93.0,0.3348
2012-04-18 17:00:00,11.2,81,8.1,0.1,0.0,1.5,67.0,0.2412
2012-04-18 18:00:00,11.1,82,8.1,0.1,0.0,0.86,28.0,0.1008
2012-04-18 19:00:00,11.0,83,8.2,0.0,0.0,1.0,5.0,0.018
2012-04-18 20:00:00,11.0,83,8.2,0.0,0.0,0.89,0.0,0.0
2012-04-18 21:00:00,11.0,83,8.3,0.0,0.0,0.6,0.0,0.0
2012-04-18 22:00:00,11.0,84,8.4,0.2,0.0,0.22,0.0,0.0
2012-04-18 23:00:00,10.9,86,8.6,0.3,0.0,0.3,0.0,0.0
2012-04-19 00:00:00,10.8,88,8.9,0.3,0.0,0.54,0.0,0.0
2012-04-19 01:00:00,10.7,91,9.3,0.3,0.0,0.64,0.0,0.0
2012-04-19 02:00:00,10.7,89,8.9,0.0,0.0,0.5,0.0,0.0
2012-04-19 03:00:00,10.8,86,8.5,0.0,0.0,0.51,0.0,0.0
2012-04-19 04:00:00,10.8,87,8.7,0.0,0.0,0.72,0.0,0.0
2012-04-19 05:00:00,9.7,93,8.6,0.0,0.0,1.4,0.0,0.0
2012-04-19 06:00:00,8.7,96,8.1,0.0,0.0,1.32,12.0,0.0432
2012-04-19 07:00:00,11.1,90,9.5,0.0,0.0,0.91,134.0,0.4824
2012-04-19 08:00:00,12.8,77,8.8,0.0,0.0,0.72,311.0,1.1196
2012-04-19 09:00:00,14.6,66,8.3,0.0,0.0,0.5,497.0,1.7892
2012-04-19 10:00:00,16.3,56,7.6,0.0,0.0,0.36,638.0,2.2967999999999997
2012-04-19 11:00:00,18.4,49,7.5,0.0,0.0,0.71,776.0,2.7936
2012-04-19 12:00:00,19.8,46,8.0,0.0,0.0,0.89,753.0,2.7108
2012-04-19 13:00:00,20.5,44,7.8,0.0,0.0,1.02,685.0,2.4659999999999997
2012-04-19 14:00:00,20.0,49,8.9,0.0,0.0,1.22,622.0,2.2392
2012-04-19 15:00:00,20.1,48,8.7,0.0,0.0,1.21,429.0,1.5444
2012-04-19 16:00:00,20.0,48,8.7,0.0,0.0,1.63,344.0,1.2384
2012-04-19 17:00:00,19.6,49,8.5,0.0,0.0,1.13,259.0,0.9324
2012-04-19 18:00:00,18.7,51,8.5,0.0,0.0,1.98,146.0,0.5256
2012-04-19 19:00:00,17.1,58,8.7,0.0,0.0,2.55,28.0,0.1008
2012-04-19 20:00:00,15.6,63,8.5,0.0,0.0,2.51,0.0,0.0
2012-04-19 21:00:00,14.4,67,8.4,0.0,0.0,2.57,0.0,0.0
2012-04-19 22:00:00,13.3,72,8.4,0.0,0.0,2.11,0.0,0.0
2012-04-19 23:00:00,12.2,78,8.5,0.0,0.0,1.96,0.0,0.0
2012-04-20 00:00:00,11.2,84,8.6,0.0,0.0,1.92,0.0,0.0
2012-04-20 01:00:00,10.4,87,8.4,0.0,0.0,1.81,0.0,0.0
2012-04-20 02:00:00,9.6,92,8.4,0.0,0.0,1.5,0.0,0.0
2012-04-20 03:00:00,9.4,93,8.4,0.0,0.0,1.41,0.0,0.0
2012-04-20 04:00:00,9.4,94,8.5,0.0,0.0,1.68,0.0,0.0
2012-04-20 05:00:00,9.2,96,8.5,0.0,0.0,1.55,0.0,0.0
2012-04-20 06:00:00,9.2,97,8.7,0.0,0.0,1.06,14.0,0.0504
2012-04-20 07:00:00,11.8,92,10.6,0.0,0.0,0.7,150.0,0.54
2012-04-20 08:00:00,15.4,75,11.0,0.0,0.0,0.81,350.0,1.26
2012-04-20 09:00:00,18.1,61,10.4,0.0,0.0,1.22,548.0,1.9727999999999999
2012-04-20 10:00:00,19.8,52,9.6,0.0,0.0,2.31,718.0,2.5848
2012-04-20 11:00:00,21.7,44,9.1,0.0,0.0,2.6,803.0,2.8908
2012-04-20 12:00:00,22.3,44,9.6,0.0,0.0,2.6,740.0,2.664
2012-04-20 13:00:00,23.2,42,9.4,0.0,0.0,2.6,717.0,2.5812
2012-04-20 14:00:00,21.9,51,11.2,0.0,0.0,2.7,432.0,1.5552
2012-04-20 15:00:00,21.9,51,11.3,0.0,0.0,2.9,383.0,1.3788
2012-04-20 16:00:00,21.6,52,11.2,0.0,0.0,3.2,280.0,1.008
2012-04-20 17:00:00,21.2,53,11.3,0.0,0.0,2.6,228.0,0.8208
2012-04-20 18:00:00,20.4,56,11.4,0.0,0.0,1.91,96.0,0.3456
2012-04-20 19:00:00,19.1,62,11.7,0.0,0.0,1.77,16.0,0.0576
2012-04-20 20:00:00,18.3,66,11.8,0.0,0.0,2.24,0.0,0.0
2012-04-20 21:00:00,17.3,71,12.0,0.0,0.0,2.52,0.0,0.0
2012-04-20 22:00:00,16.0,78,12.1,0.0,0.0,2.33,0.0,0.0
2012-04-20 23:00:00,14.9,84,12.2,0.0,0.0,2.22,0.0,0.0
2012-04-21 00:00:00,14.0,89,12.3,0.0,0.0,2.41,0.0,0.0
2012-04-21 01:00:00,13.7,92,12.3,0.0,0.0,2.6,0.0,0.0
2012-04-21 02:00:00,13.6,91,12.1,0.0,0.0,2.72,0.0,0.0
2012-04-21 03:00:00,13.4,91,12.0,0.0,0.0,2.77,0.0,0.0
2012-04-21 04:00:00,13.2,92,11.8,0.0,0.0,2.69,0.0,0.0
2012-04-21 05:00:00,13.0,92,11.7,0.0,0.0,2.52,0.0,0.0
2012-04-21 06:00:00,12.9,92,11.7,0.0,0.0,2.71,14.0,0.0504
2012-04-21 07:00:00,15.2,84,12.4,0.0,0.0,2.43,141.0,0.5075999999999999
2012-04-21 08:00:00,17.8,73,12.8,0.0,0.0,2.6,328.0,1.1808
2012-04-21 09:00:00,20.1,65,13.3,0.0,0.0,2.73,511.0,1.8396
2012-04-21 10:00:00,22.0,58,13.4,0.0,0.0,2.72,605.0,2.178
2012-04-21 11:00:00,23.6,52,13.1,0.0,0.0,1.98,718.0,2.5848
2012-04-21 12:00:00,24.3,48,12.5,0.0,0.0,1.39,599.0,2.1564
2012-04-21 13:00:00,25.0,44,11.9,0.0,0.0,1.94,616.0,2.2176
2012-04-21 14:00:00,25.6,41,11.2,0.0,0.0,2.59,493.0,1.7748
2012-04-21 15:00:00,26.0,37,10.0,0.0,0.0,3.23,476.0,1.7136
2012-04-21 16:00:00,26.1,34,9.1,0.0,0.0,3.58,388.0,1.3968
2012-04-21 17:00:00,25.2,37,9.5,0.0,0.0,3.41,213.0,0.7667999999999999
2012-04-21 18:00:00,24.2,39,9.4,0.0,0.0,3.62,131.0,0.47159999999999996
2012-04-21 19:00:00,19.7,60,11.7,0.5,0.0,5.24,15.0,0.054
2012-04-21 20:00:00,16.2,73,11.4,0.1,0.0,5.48,0.0,0.0
2012-04-21 21:00:00,14.8,76,10.6,0.4,0.0,4.39,0.0,0.0
2012-04-21 22:00:00,13.7,80,10.3,0.5,0.0,3.68,0.0,0.0
2012-04-21 23:00:00,12.7,85,10.2,0.4,0.0,3.49,0.0,0.0
2012-04-22 00:00:00,11.9,89,10.1,0.4,0.0,3.49,0.0,0.0
2012-04-22 01:00:00,11.2,91,9.7,0.2,0.0,3.4,0.0,0.0
2012-04-22 02:00:00,12.3,86,9.9,0.0,0.0,3.51,0.0,0.0
2012-04-22 03:00:00,12.0,82,9.1,0.0,0.0,3.74,0.0,0.0
2012-04-22 04:00:00,11.7,80,8.3,0.0,0.0,4.03,0.0,0.0
2012-04-22 05:00:00,11.1,80,7.8,0.2,0.0,2.43,0.0,0.0
2012-04-22 06:00:00,10.3,84,7.8,0.6,0.0,3.0,8.0,0.0288
2012-04-22 07:00:00,9.7,88,7.8,0.9,0.0,3.37,31.0,0.11159999999999999
2012-04-22 08:00:00,9.2,90,7.7,0.7,0.0,3.69,78.0,0.2808
2012-04-22 09:00:00,8.9,91,7.5,0.7,0.0,3.69,99.0,0.3564
2012-04-22 10:00:00,8.6,92,7.4,1.3,0.0,3.51,97.0,0.3492
2012-04-22 11:00:00,8.4,93,7.3,1.8,0.0,4.12,76.0,0.2736
2012-04-22 12:00:00,8.5,93,7.4,1.9,0.0,4.46,101.0,0.3636
2012-04-22 13:00:00,8.7,93,7.7,2.8,0.0,5.39,92.0,0.3312
2012-04-22 14:00:00,8.8,90,7.3,1.4,0.0,5.32,104.0,0.3744
2012-04-22 15:00:00,9.0,91,7.6,1.3,0.0,5.1,88.0,0.31679999999999997
2012-04-22 16:00:00,8.9,94,7.9,2.1,0.0,5.0,43.0,0.1548
2012-04-22 17:00:00,8.8,94,7.8,3.5,0.0,5.67,19.0,0.0684
2012-04-22 18:00:00,8.7,94,7.7,3.9,0.0,5.44,9.0,0.0324
2012-04-22 19:00:00,8.5,92,7.3,3.8,0.0,5.79,2.0,0.0072
2012-04-22 20:00:00,8.1,94,7.2,3.5,0.0,6.45,0.0,0.0
2012-04-22 21:00:00,7.7,94,6.8,3.1,0.0,6.71,0.0,0.0
2012-04-22 22:00:00,7.2,95,6.4,2.4,0.0,6.59,0.0,0.0
2012-04-22 23:00:00,6.5,95,5.8,1.1,0.0,6.57,0.0,0.0
2012-04-23 00:00:00,5.9,95,5.1,0.2,0.0,5.81,0.0,0.0
2012-04-23 01:00:00,5.5,92,4.3,0.0,0.0,5.45,0.0,0.0
2012-04-23 02:00:00,5.8,88,3.9,0.0,0.0,5.12,0.0,0.0
2012-04-23 03:00:00,5.6,86,3.4,0.0,0.0,5.33,0.0,0.0
2012-04-23 04:00:00,5.5,84,3.0,0.0,0.0,5.28,0.0,0.0
2012-04-23 05:00:00,5.3,84,2.8,0.1,0.0,4.66,0.0,0.0
2012-04-23 06:00:00,5.3,84,2.8,0.0,0.0,4.78,6.0,0.0216
2012-04-23 07:00:00,5.6,80,2.4,0.0,0.0,4.94,75.0,0.27
2012-04-23 08:00:00,6.3,75,2.1,0.0,0.0,4.74,165.0,0.594
2012-04-23 09:00:00,6.8,71,1.8,0.0,0.0,4.39,198.0,0.7128
2012-04-23 10:00:00,7.4,66,1.6,0.0,0.0,4.48,318.0,1.1448
2012-04-23 11:00:00,7.8,64,1.4,0.0,0.0,4.84,346.0,1.2456
2012-04-23 12:00:00,8.7,59,1.2,0.0,0.0,5.04,453.0,1.6308
2012-04-23 13:00:00,9.4,56,1.0,0.0,0.0,5.34,483.0,1.7388
2012-04-23 14:00:00,7.9,67,2.2,0.2,0.0,5.85,443.0,1.5948
2012-04-23 15:00:00,7.8,70,2.6,0.4,0.0,6.43,447.0,1.6092
2012-04-23 16:00:00,7.8,69,2.4,0.5,0.0,5.94,338.0,1.2167999999999999
2012-04-23 17:00:00,7.7,68,2.2,0.4,0.0,4.2,161.0,0.5796
2012-04-23 18:00:00,7.5,71,2.6,0.2,0.0,4.53,99.0,0.3564
2012-04-23 19:00:00,7.0,78,3.4,0.3,0.0,4.13,20.0,0.072
2012-04-23 20:00:00,6.6,83,3.9,0.2,0.0,4.12,0.0,0.0
2012-04-23 21:00:00,6.5,82,3.6,0.0,0.0,3.83,0.0,0.0
2012-04-23 22:00:00,6.5,78,3.0,0.0,0.0,3.95,0.0,0.0
2012-04-23 23:00:00,6.4,73,1.9,0.0,0.0,4.04,0.0,0.0
2012-04-24 00:00:00,6.3,67,0.6,0.0,0.0,3.93,0.0,0.0
2012-04-24 01:00:00,6.0,62,-0.7,0.0,0.0,3.73,0.0,0.0
2012-04-24 02:00:00,5.6,64,-0.6,0.0,0.0,3.35,0.0,0.0
2012-04-24 03:00:00,5.1,68,-0.3,0.0,0.0,3.14,0.0,0.0
2012-04-24 04:00:00,4.6,73,0.1,0.0,0.0,3.3,0.0,0.0
2012-04-24 05:00:00,4.4,74,0.2,0.0,0.0,3.18,0.0,0.0
2012-04-24 06:00:00,4.6,74,0.3,0.0,0.0,3.44,22.0,0.07919999999999999
2012-04-24 07:00:00,6.8,69,1.4,0.0,0.0,3.62,177.0,0.6372
2012-04-24 08:00:00,9.3,57,1.2,0.0,0.0,4.12,386.0,1.3896
2012-04-24 09:00:00,11.2,48,0.5,0.0,0.0,4.84,585.0,2.106
2012-04-24 10:00:00,12.6,40,-0.6,0.0,0.0,4.84,759.0,2.7323999999999997
2012-04-24 11:00:00,13.5,34,-2.1,0.0,0.0,4.59,813.0,2.9268
2012-04-24 12:00:00,14.5,31,-2.6,0.0,0.0,4.61,947.0,3.4092
2012-04-24 13:00:00,15.4,28,-3.2,0.0,0.0,4.93,915.0,3.294
2012-04-24 14:00:00,15.6,26,-4.1,0.0,0.0,5.06,720.0,2.592
2012-04-24 15:00:00,15.5,25,-4.6,0.0,0.0,5.07,462.0,1.6632
2012-04-24 16:00:00,15.4,26,-4.3,0.0,0.0,4.42,339.0,1.2204
2012-04-24 17:00:00,14.7,29,-3.1,0.0,0.0,3.11,284.0,1.0224
2012-04-24 18:00:00,13.4,34,-2.2,0.0,0.0,3.0,160.0,0.576
2012-04-24 19:00:00,11.8,40,-1.4,0.0,0.0,2.97,34.0,0.1224
2012-04-24 20:00:00,10.4,60,2.8,0.0,0.0,2.02,0.0,0.0
2012-04-24 21:00:00,11.2,42,-1.2,0.0,0.0,1.66,0.0,0.0
2012-04-24 22:00:00,9.3,61,2.2,0.0,0.0,1.66,0.0,0.0
2012-04-24 23:00:00,8.5,67,2.6,0.0,0.0,1.65,0.0,0.0
2012-04-25 00:00:00,7.2,75,3.0,0.0,0.0,1.51,0.0,0.0
2012-04-25 01:00:00,6.2,78,2.6,0.0,0.0,1.92,0.0,0.0
2012-04-25 02:00:00,6.2,77,2.5,0.0,0.0,2.06,0.0,0.0
2012-04-25 03:00:00,5.4,82,2.6,0.0,0.0,2.02,0.0,0.0
2012-04-25 04:00:00,5.0,85,2.6,0.0,0.0,2.12,0.0,0.0
2012-04-25 05:00:00,5.1,86,2.9,0.0,0.0,1.75,0.0,0.0
2012-04-25 06:00:00,5.5,86,3.4,0.0,0.0,1.44,21.0,0.0756
2012-04-25 07:00:00,8.4,81,5.3,0.0,0.0,1.39,168.0,0.6048
2012-04-25 08:00:00,12.0,57,3.8,0.0,0.0,1.51,377.0,1.3572
2012-04-25 09:00:00,14.2,47,2.9,0.0,0.0,2.24,579.0,2.0844
2012-04-25 10:00:00,16.0,37,1.3,0.0,0.0,3.32,760.0,2.7359999999999998
2012-04-25 11:00:00,16.7,32,0.0,0.0,0.0,3.59,840.0,3.024
2012-04-25 12:00:00,17.3,31,0.0,0.0,0.0,4.0,841.0,3.0276
2012-04-25 13:00:00,18.3,27,-1.0,0.0,0.0,4.66,838.0,3.0168
2012-04-25 14:00:00,18.9,24,-2.4,0.0,0.0,5.03,752.0,2.7072
2012-04-25 15:00:00,19.2,23,-2.6,0.0,0.0,4.78,567.0,2.0412
2012-04-25 16:00:00,19.2,25,-1.5,0.0,0.0,4.2,399.0,1.4364
2012-04-25 17:00:00,19.1,29,0.5,0.0,0.0,2.67,385.0,1.386
2012-04-25 18:00:00,17.4,57,8.8,0.0,0.0,0.63,219.0,0.7884
2012-04-25 19:00:00,16.0,47,4.7,0.0,0.0,0.91,44.0,0.15839999999999999
2012-04-25 20:00:00,13.4,52,3.7,0.0,0.0,1.3,0.0,0.0
2012-04-25 21:00:00,10.8,61,3.7,0.0,0.0,1.49,0.0,0.0
2012-04-25 22:00:00,9.6,66,3.5,0.0,0.0,1.66,0.0,0.0
2012-04-25 23:00:00,9.1,67,3.3,0.0,0.0,1.82,0.0,0.0
2012-04-26 00:00:00,8.9,68,3.4,0.0,0.0,1.96,0.0,0.0
2012-04-26 01:00:00,9.1,72,4.4,0.0,0.0,1.86,0.0,0.0
2012-04-26 02:00:00,9.3,84,6.7,0.0,0.0,1.89,0.0,0.0
2012-04-26 03:00:00,10.2,79,6.8,0.0,0.0,2.06,0.0,0.0
2012-04-26 04:00:00,11.0,75,6.8,0.0,0.0,2.71,0.0,0.0
2012-04-26 05:00:00,11.3,79,7.8,0.0,0.0,2.44,0.0,0.0
2012-04-26 06:00:00,11.3,85,8.8,0.1,0.0,2.38,2.0,0.0072
2012-04-26 07:00:00,11.5,89,9.7,0.2,0.0,2.53,21.0,0.0756
2012-04-26 08:00:00,11.5,93,10.5,0.4,0.0,2.19,29.0,0.10439999999999999
2012-04-26 09:00:00,12.0,95,11.2,0.0,0.0,3.14,50.0,0.18
2012-04-26 10:00:00,12.8,92,11.5,0.0,0.0,3.92,102.0,0.36719999999999997
2012-04-26 11:00:00,14.6,86,12.3,0.0,0.0,3.54,249.0,0.8964
2012-04-26 12:00:00,15.6,82,12.6,0.0,0.0,3.23,251.0,0.9036
2012-04-26 13:00:00,16.6,78,12.8,0.0,0.0,3.22,295.0,1.062
2012-04-26 14:00:00,18.0,74,13.2,0.0,0.0,2.88,312.0,1.1232
2012-04-26 15:00:00,18.9,70,13.3,0.0,0.0,2.69,316.0,1.1376
2012-04-26 16:00:00,19.4,67,13.2,0.0,0.0,2.84,251.0,0.9036
2012-04-26 17:00:00,19.0,71,13.7,0.0,0.0,2.28,131.0,0.47159999999999996
2012-04-26 18:00:00,18.4,75,14.0,0.0,0.0,1.46,101.0,0.3636
2012-04-26 19:00:00,16.8,83,14.0,0.1,0.0,2.73,23.0,0.0828
2012-04-26 20:00:00,16.4,89,14.6,0.2,0.0,2.56,0.0,0.0
2012-04-26 21:00:00,16.4,91,14.9,0.0,0.0,2.09,0.0,0.0
2012-04-26 22:00:00,16.7,88,14.7,0.0,0.0,3.86,0.0,0.0
2012-04-26 23:00:00,14.9,83,12.1,0.0,0.0,5.56,0.0,0.0
2012-04-27 00:00:00,13.0,79,9.5,0.0,0.0,5.54,0.0,0.0
2012-04-27 01:00:00,11.5,73,6.8,0.0,0.0,5.58,0.0,0.0
2012-04-27 02:00:00,12.0,67,6.1,0.0,0.0,5.66,0.0,0.0
2012-04-27 03:00:00,10.9,61,3.7,0.0,0.0,5.7,0.0,0.0
2012-04-27 04:00:00,9.8,60,2.5,0.0,0.0,5.38,0.0,0.0
2012-04-27 05:00:00,8.9,63,2.3,0.0,0.0,3.36,0.0,0.0
2012-04-27 06:00:00,8.5,66,2.5,0.0,0.0,3.1,24.0,0.0864
2012-04-27 07:00:00,8.9,61,1.7,0.0,0.0,3.61,146.0,0.5256
2012-04-27 08:00:00,9.6,55,0.9,0.0,0.0,5.02,282.0,1.0151999999999999
2012-04-27 09:00:00,9.9,51,0.2,0.0,0.0,5.16,335.0,1.206
2012-04-27 10:00:00,10.4,48,-0.2,0.0,0.0,5.24,428.0,1.5408
2012-04-27 11:00:00,11.1,45,-0.3,0.0,0.0,5.46,571.0,2.0556
2012-04-27 12:00:00,12.4,43,-0.0,0.0,0.0,5.46,747.0,2.6892
2012-04-27 13:00:00,13.7,40,0.2,0.0,0.0,5.51,912.0,3.2832
2012-04-27 14:00:00,15.1,37,0.5,0.0,0.0,5.73,841.0,3.0276
2012-04-27 15:00:00,15.4,36,0.4,0.0,0.0,5.87,752.0,2.7072
2012-04-27 16:00:00,15.3,35,-0.0,0.0,0.0,5.63,619.0,2.2284
2012-04-27 17:00:00,14.7,36,-0.4,0.0,0.0,4.2,431.0,1.5515999999999999
2012-04-27 18:00:00,13.6,38,-0.3,0.0,0.0,3.22,225.0,0.8099999999999999
2012-04-27 19:00:00,12.1,41,-0.8,0.0,0.0,2.91,48.0,0.1728
2012-04-27 20:00:00,10.8,42,-1.8,0.0,0.0,3.16,0.0,0.0
2012-04-27 21:00:00,9.8,44,-2.0,0.0,0.0,3.26,0.0,0.0
2012-04-27 22:00:00,8.8,46,-2.1,0.0,0.0,3.4,0.0,0.0
2012-04-27 23:00:00,7.7,51,-1.8,0.0,0.0,3.35,0.0,0.0
2012-04-28 00:00:00,6.4,61,-0.7,0.0,0.0,2.69,0.0,0.0
2012-04-28 01:00:00,5.2,68,-0.1,0.0,0.0,1.93,0.0,0.0
2012-04-28 02:00:00,5.1,68,-0.3,0.0,0.0,1.84,0.0,0.0
2012-04-28 03:00:00,4.5,70,-0.5,0.0,0.0,1.79,0.0,0.0
2012-04-28 04:00:00,4.0,72,-0.6,0.0,0.0,1.79,0.0,0.0
2012-04-28 05:00:00,3.6,75,-0.4,0.0,0.0,1.53,0.0,0.0
2012-04-28 06:00:00,4.0,78,0.5,0.0,0.0,1.84,24.0,0.0864
2012-04-28 07:00:00,7.0,58,-0.6,0.0,0.0,1.46,163.0,0.5868
2012-04-28 08:00:00,8.4,49,-1.6,0.0,0.0,1.75,302.0,1.0872
2012-04-28 09:00:00,9.0,47,-1.7,0.0,0.0,1.12,290.0,1.044
2012-04-28 10:00:00,9.8,45,-1.7,0.0,0.0,1.08,320.0,1.152
2012-04-28 11:00:00,12.0,41,-0.8,0.0,0.0,0.0,709.0,2.5524
2012-04-28 12:00:00,13.9,38,-0.2,0.0,0.0,0.22,932.0,3.3552
2012-04-28 13:00:00,15.2,35,-0.0,0.0,0.0,0.91,917.0,3.3011999999999997
2012-04-28 14:00:00,13.3,44,1.1,0.0,0.0,1.17,496.0,1.7855999999999999
2012-04-28 15:00:00,13.9,44,1.8,0.0,0.0,1.51,564.0,2.0303999999999998
2012-04-28 16:00:00,13.2,49,2.8,0.2,0.0,1.0,308.0,1.1088
2012-04-28 17:00:00,12.4,56,3.8,0.0,0.0,0.78,151.0,0.5436
2012-04-28 18:00:00,11.4,64,4.9,0.6,0.0,1.14,29.0,0.10439999999999999
2012-04-28 19:00:00,10.4,74,6.0,0.3,0.0,1.0,13.0,0.0468
2012-04-28 20:00:00,9.7,80,6.5,0.0,0.0,2.06,0.0,0.0
2012-04-28 21:00:00,9.3,84,6.7,0.0,0.0,1.84,0.0,0.0
2012-04-28 22:00:00,9.1,86,6.9,0.1,0.0,1.84,0.0,0.0
2012-04-28 23:00:00,8.9,89,7.2,0.8,0.0,0.98,0.0,0.0
2012-04-29 00:00:00,8.5,95,7.7,1.2,0.0,1.34,0.0,0.0
2012-04-29 01:00:00,8.2,96,7.6,0.8,0.0,1.71,0.0,0.0
2012-04-29 02:00:00,8.2,96,7.6,0.0,0.0,1.17,0.0,0.0
2012-04-29 03:00:00,8.0,96,7.5,0.0,0.0,1.3,0.0,0.0
2012-04-29 04:00:00,7.9,95,7.2,0.0,0.0,1.3,0.0,0.0
2012-04-29 05:00:00,7.4,97,6.9,0.0,0.0,0.92,0.0,0.0
2012-04-29 06:00:00,6.8,99,6.6,0.0,0.0,1.72,27.0,0.0972
2012-04-29 07:00:00,8.4,91,7.0,0.0,0.0,1.08,180.0,0.648
2012-04-29 08:00:00,10.1,79,6.6,0.0,0.0,1.51,386.0,1.3896
2012-04-29 09:00:00,12.1,63,5.4,0.0,0.0,1.51,590.0,2.124
2012-04-29 10:00:00,14.1,54,4.8,0.0,0.0,0.8,767.0,2.7612
2012-04-29 11:00:00,15.9,47,4.7,0.0,0.0,0.64,895.0,3.222
2012-04-29 12:00:00,17.5,42,4.5,0.0,0.0,1.3,963.0,3.4668
2012-04-29 13:00:00,18.7,37,3.9,0.0,0.0,1.84,966.0,3.4776
2012-04-29 14:00:00,19.4,39,5.1,0.0,0.0,2.28,907.0,3.2652
2012-04-29 15:00:00,20.2,36,4.6,0.0,0.0,3.01,792.0,2.8512
2012-04-29 16:00:00,20.4,34,4.1,0.0,0.0,3.28,627.0,2.2572
2012-04-29 17:00:00,20.1,35,4.1,0.0,0.0,1.98,430.0,1.548
2012-04-29 18:00:00,18.8,46,7.0,0.0,0.0,0.6,223.0,0.8028
2012-04-29 19:00:00,16.8,63,9.7,0.0,0.0,1.02,48.0,0.1728
2012-04-29 20:00:00,14.2,64,7.5,0.0,0.0,1.6,0.0,0.0
2012-04-29 21:00:00,12.0,70,6.6,0.0,0.0,1.55,0.0,0.0
2012-04-29 22:00:00,10.4,72,5.6,0.0,0.0,1.14,0.0,0.0
2012-04-29 23:00:00,9.5,71,4.4,0.0,0.0,0.71,0.0,0.0
2012-04-30 00:00:00,9.1,67,3.3,0.0,0.0,1.03,0.0,0.0
2012-04-30 01:00:00,9.1,61,2.0,0.0,0.0,2.02,0.0,0.0
2012-04-30 02:00:00,8.8,89,7.1,0.0,0.0,3.5,0.0,0.0
2012-04-30 03:00:00,8.7,77,4.9,0.0,0.0,4.24,0.0,0.0
2012-04-30 04:00:00,8.3,62,1.4,0.0,0.0,4.05,0.0,0.0
2012-04-30 05:00:00,7.9,54,-0.7,0.0,0.0,3.53,0.0,0.0
2012-04-30 06:00:00,8.0,56,-0.3,0.0,0.0,3.07,30.0,0.108
2012-04-30 07:00:00,9.5,54,0.6,0.0,0.0,2.82,169.0,0.6083999999999999
2012-04-30 08:00:00,11.3,49,0.9,0.0,0.0,2.84,306.0,1.1016
2012-04-30 09:00:00,12.2,49,1.9,0.0,0.0,2.6,315.0,1.134
2012-04-30 10:00:00,12.9,52,3.2,0.0,0.0,2.56,288.0,1.0368
2012-04-30 11:00:00,13.8,55,5.0,0.0,0.0,2.52,321.0,1.1556
2012-04-30 12:00:00,15.0,59,7.1,0.0,0.0,2.5,395.0,1.422
2012-04-30 13:00:00,16.3,61,8.8,0.0,0.0,3.0,432.0,1.5552
2012-04-30 14:00:00,15.4,58,7.1,0.0,0.0,3.61,478.0,1.7207999999999999
2012-04-30 15:00:00,16.8,58,8.5,0.0,0.0,3.83,628.0,2.2608
2012-04-30 16:00:00,17.6,59,9.4,0.0,0.0,3.62,554.0,1.9944
2012-04-30 17:00:00,17.8,59,9.8,0.0,0.0,3.14,344.0,1.2384
2012-04-30 18:00:00,16.9,63,9.7,0.0,0.0,3.3,173.0,0.6228
2012-04-30 19:00:00,15.5,66,9.2,0.0,0.0,3.62,32.0,0.1152
2012-04-30 20:00:00,14.6,68,8.8,0.0,0.0,3.82,0.0,0.0
2012-04-30 21:00:00,14.2,72,9.1,0.0,0.0,3.66,0.0,0.0
2012-04-30 22:00:00,14.3,74,9.7,0.0,0.0,3.36,0.0,0.0
2012-04-30 23:00:00,14.4,76,10.3,0.0,0.0,3.13,0.0,0.0
2012-05-01 00:00:00,14.7,79,11.0,0.2,0.0,3.31,0.0,0.0
2012-05-01 01:00:00,15.2,80,11.8,0.0,0.0,3.2,0.0,0.0
2012-05-01 02:00:00,15.3,83,12.4,0.0,0.0,3.31,0.0,0.0
2012-05-01 03:00:00,15.8,86,13.4,0.6,0.0,3.45,0.0,0.0
2012-05-01 04:00:00,15.7,91,14.3,1.6,0.0,3.72,0.0,0.0
2012-05-01 05:00:00,16.2,94,15.2,0.8,0.0,3.16,0.0,0.0
2012-05-01 06:00:00,16.8,95,16.0,0.3,0.0,3.62,8.0,0.0288
2012-05-01 07:00:00,17.7,95,16.9,0.0,0.0,3.98,61.0,0.2196
2012-05-01 08:00:00,19.2,91,17.8,0.0,0.0,3.64,198.0,0.7128
2012-05-01 09:00:00,21.3,82,18.1,0.0,0.0,4.81,382.0,1.3752
2012-05-01 10:00:00,22.8,74,18.0,0.0,0.0,4.21,451.0,1.6236
2012-05-01 11:00:00,24.1,67,17.6,0.2,0.0,4.81,587.0,2.1132
2012-05-01 12:00:00,25.4,61,17.2,0.0,0.0,4.48,635.0,2.286
2012-05-01 13:00:00,26.7,54,16.6,0.0,0.0,4.11,747.0,2.6892
2012-05-01 14:00:00,27.5,50,16.1,0.0,0.0,3.81,744.0,2.6784
2012-05-01 15:00:00,27.5,48,15.5,0.0,0.0,3.98,586.0,2.1096
2012-05-01 16:00:00,27.2,47,14.9,0.0,0.0,3.47,436.0,1.5695999999999999
2012-05-01 17:00:00,26.6,52,15.8,0.0,0.0,1.12,330.0,1.188
2012-05-01 18:00:00,25.4,60,17.0,0.0,0.0,0.64,211.0,0.7595999999999999
2012-05-01 19:00:00,23.2,71,17.6,0.0,0.0,1.91,50.0,0.18
2012-05-01 20:00:00,20.8,76,16.4,0.0,0.0,1.77,0.0,0.0
2012-05-01 21:00:00,19.3,83,16.2,0.0,0.0,2.12,0.0,0.0
2012-05-01 22:00:00,18.4,87,16.1,0.0,0.0,2.1,0.0,0.0
2012-05-01 23:00:00,17.8,90,16.1,0.0,0.0,1.71,0.0,0.0
2012-05-02 00:00:00,17.2,93,16.0,0.0,0.0,1.7,0.0,0.0
2012-05-02 01:00:00,16.9,94,15.9,0.0,0.0,1.3,0.0,0.0
2012-05-02 02:00:00,17.9,94,16.9,0.0,0.0,0.64,0.0,0.0
2012-05-02 03:00:00,17.4,96,16.7,0.0,0.0,0.64,0.0,0.0
2012-05-02 04:00:00,16.9,97,16.5,0.0,0.0,0.67,0.0,0.0
2012-05-02 05:00:00,16.7,98,16.3,0.0,0.0,1.08,0.0,0.0
2012-05-02 06:00:00,15.8,99,15.7,0.0,0.0,2.11,11.0,0.039599999999999996
2012-05-02 07:00:00,17.6,96,16.9,0.0,0.0,2.34,88.0,0.31679999999999997
2012-05-02 08:00:00,19.3,89,17.5,0.0,0.0,2.19,228.0,0.8208
2012-05-02 09:00:00,21.1,82,17.9,0.0,0.0,2.02,396.0,1.4256
2012-05-02 10:00:00,22.9,75,18.2,0.0,0.0,1.77,557.0,2.0052
2012-05-02 11:00:00,24.9,66,18.1,0.0,0.0,1.3,635.0,2.286
2012-05-02 12:00:00,25.8,64,18.5,0.0,0.0,1.3,562.0,2.0232
2012-05-02 13:00:00,26.7,62,18.9,0.0,0.0,1.84,615.0,2.214
2012-05-02 14:00:00,24.8,65,17.7,0.0,0.0,2.53,676.0,2.4335999999999998
2012-05-02 15:00:00,24.4,65,17.3,0.0,0.0,3.21,573.0,2.0627999999999997
2012-05-02 16:00:00,23.0,68,16.8,0.0,0.0,3.71,472.0,1.6992
2012-05-02 17:00:00,21.6,70,15.8,0.0,0.0,3.52,300.0,1.08
2012-05-02 18:00:00,20.3,71,14.9,0.0,0.0,3.51,141.0,0.5075999999999999
2012-05-02 19:00:00,19.0,74,14.3,0.0,0.0,3.51,31.0,0.11159999999999999
2012-05-02 20:00:00,17.8,76,13.4,0.0,0.0,3.01,0.0,0.0
2012-05-02 21:00:00,16.6,79,12.9,0.0,0.0,3.13,0.0,0.0
2012-05-02 22:00:00,15.7,81,12.4,0.0,0.0,3.0,0.0,0.0
2012-05-02 23:00:00,14.9,83,12.1,0.0,0.0,2.84,0.0,0.0
2012-05-03 00:00:00,14.4,85,11.9,0.0,0.0,2.63,0.0,0.0
2012-05-03 01:00:00,13.8,88,11.8,0.0,0.0,2.21,0.0,0.0
2012-05-03 02:00:00,13.2,87,11.1,0.0,0.0,1.99,0.0,0.0
2012-05-03 03:00:00,13.2,88,11.2,0.0,0.0,1.73,0.0,0.0
2012-05-03 04:00:00,13.3,88,11.3,0.0,0.0,1.62,0.0,0.0
2012-05-03 05:00:00,13.5,88,11.5,0.0,0.0,1.71,0.0,0.0
2012-05-03 06:00:00,13.8,88,11.8,0.0,0.0,1.4,15.0,0.054
2012-05-03 07:00:00,14.7,86,12.5,0.0,0.0,1.35,96.0,0.3456
2012-05-03 08:00:00,16.0,84,13.3,0.0,0.0,1.7,177.0,0.6372
2012-05-03 09:00:00,17.9,82,14.7,0.0,0.0,1.92,350.0,1.26
2012-05-03 10:00:00,20.4,76,16.1,0.0,0.0,1.52,568.0,2.0448
2012-05-03 11:00:00,23.1,69,17.0,0.0,0.0,0.95,770.0,2.772
2012-05-03 12:00:00,24.8,64,17.6,0.0,0.0,0.45,787.0,2.8331999999999997
2012-05-03 13:00:00,26.1,61,18.1,0.0,0.0,0.92,855.0,3.078
2012-05-03 14:00:00,26.7,60,18.3,0.0,0.0,1.14,834.0,3.0023999999999997
2012-05-03 15:00:00,27.1,59,18.5,0.0,0.0,1.2,738.0,2.6568
2012-05-03 16:00:00,26.9,60,18.5,0.0,0.0,2.33,580.0,2.088
2012-05-03 17:00:00,25.8,63,18.3,0.0,0.0,3.69,401.0,1.4436
2012-05-03 18:00:00,24.1,69,18.1,0.0,0.0,3.26,201.0,0.7236
2012-05-03 19:00:00,22.0,77,17.8,0.0,0.0,2.69,42.0,0.1512
2012-05-03 20:00:00,20.5,82,17.4,0.0,0.0,2.62,0.0,0.0
2012-05-03 21:00:00,19.5,86,17.1,0.0,0.0,2.08,0.0,0.0
2012-05-03 22:00:00,18.8,88,16.8,0.0,0.0,1.0,0.0,0.0
2012-05-03 23:00:00,18.1,92,16.7,0.0,0.0,1.92,0.0,0.0
2012-05-04 00:00:00,17.5,94,16.6,0.0,0.0,2.86,0.0,0.0
2012-05-04 01:00:00,16.9,96,16.3,0.0,0.0,2.83,0.0,0.0
2012-05-04 02:00:00,16.9,97,16.4,0.0,0.0,1.81,0.0,0.0
2012-05-04 03:00:00,16.4,98,16.1,0.0,0.0,1.17,0.0,0.0
2012-05-04 04:00:00,16.1,99,16.0,0.0,0.0,1.12,0.0,0.0
2012-05-04 05:00:00,15.6,100,15.6,0.0,0.0,1.17,0.0,0.0
2012-05-04 06:00:00,16.8,99,16.6,0.0,0.0,1.33,31.0,0.11159999999999999
2012-05-04 07:00:00,18.5,93,17.4,0.0,0.0,1.14,145.0,0.522
2012-05-04 08:00:00,20.0,91,18.5,0.0,0.0,0.3,261.0,0.9396
2012-05-04 09:00:00,22.1,85,19.5,0.0,0.0,1.6,385.0,1.386
2012-05-04 10:00:00,24.6,76,20.1,0.0,0.0,2.33,576.0,2.0736
2012-05-04 11:00:00,27.4,65,20.3,0.0,0.0,2.86,796.0,2.8655999999999997
2012-05-04 12:00:00,29.5,55,19.5,0.0,0.0,2.69,897.0,3.2292
2012-05-04 13:00:00,30.7,46,17.7,0.0,0.0,2.69,880.0,3.1679999999999997
2012-05-04 14:00:00,28.2,61,20.0,0.1,0.0,2.38,620.0,2.2319999999999998
2012-05-04 15:00:00,28.5,59,19.7,0.0,0.0,1.51,612.0,2.2032
2012-05-04 16:00:00,28.7,57,19.4,0.0,0.0,1.3,545.0,1.962
2012-05-04 17:00:00,26.4,68,20.0,0.8,0.0,2.42,339.0,1.2204
2012-05-04 18:00:00,23.4,84,20.5,4.1,0.0,1.86,161.0,0.5796
2012-05-04 19:00:00,22.6,88,20.4,0.9,0.0,1.91,19.0,0.0684
2012-05-04 20:00:00,21.8,91,20.2,0.0,0.0,1.77,0.0,0.0
2012-05-04 21:00:00,21.0,94,20.0,0.0,0.0,2.14,0.0,0.0
2012-05-04 22:00:00,20.4,95,19.6,0.0,0.0,1.92,0.0,0.0
2012-05-04 23:00:00,19.0,100,18.9,0.0,0.0,1.7,0.0,0.0
2012-05-05 00:00:00,19.1,99,19.0,0.0,0.0,1.8,0.0,0.0
2012-05-05 01:00:00,18.2,100,18.1,0.0,0.0,2.28,0.0,0.0
2012-05-05 02:00:00,17.9,98,17.5,0.0,0.0,2.16,0.0,0.0
2012-05-05 03:00:00,17.8,99,17.6,0.0,0.0,2.16,0.0,0.0
2012-05-05 04:00:00,17.8,99,17.6,0.0,0.0,2.45,0.0,0.0
2012-05-05 05:00:00,17.7,99,17.6,0.0,0.0,2.27,0.0,0.0
2012-05-05 06:00:00,17.9,99,17.8,0.0,0.0,2.42,25.0,0.09
2012-05-05 07:00:00,18.8,93,17.7,0.0,0.0,2.61,141.0,0.5075999999999999
2012-05-05 08:00:00,20.7,86,18.2,0.0,0.0,2.64,315.0,1.134
2012-05-05 09:00:00,22.8,76,18.3,0.0,0.0,2.52,512.0,1.8432
2012-05-05 10:00:00,24.0,71,18.5,0.0,0.0,2.28,542.0,1.9512
2012-05-05 11:00:00,25.3,67,18.7,0.0,0.0,2.51,644.0,2.3184
2012-05-05 12:00:00,26.1,65,18.9,0.0,0.0,2.53,666.0,2.3975999999999997
2012-05-05 13:00:00,26.3,64,18.9,0.0,0.0,2.38,636.0,2.2896
2012-05-05 14:00:00,24.4,71,18.8,4.8,0.0,3.85,605.0,2.178
2012-05-05 15:00:00,22.2,80,18.7,1.4,0.0,3.51,398.0,1.4327999999999999
2012-05-05 16:00:00,21.9,83,19.0,0.4,0.0,3.89,222.0,0.7992
2012-05-05 17:00:00,21.4,87,19.1,0.3,0.0,3.2,128.0,0.4608
2012-05-05 18:00:00,20.7,87,18.4,0.0,0.0,3.4,115.0,0.414
2012-05-05 19:00:00,19.6,89,17.6,0.0,0.0,3.01,26.0,0.0936
2012-05-05 20:00:00,18.6,90,16.9,0.0,0.0,2.7,0.0,0.0
2012-05-05 21:00:00,17.9,91,16.3,0.0,0.0,2.62,0.0,0.0
2012-05-05 22:00:00,17.4,91,15.9,0.0,0.0,2.69,0.0,0.0
2012-05-05 23:00:00,16.9,91,15.5,0.0,0.0,2.73,0.0,0.0
2012-05-06 00:00:00,16.7,91,15.3,0.0,0.0,2.64,0.0,0.0
2012-05-06 01:00:00,16.5,91,15.1,0.0,0.0,2.47,0.0,0.0
2012-05-06 02:00:00,16.3,91,14.7,0.0,0.0,2.24,0.0,0.0
2012-05-06 03:00:00,16.1,90,14.5,0.0,0.0,1.91,0.0,0.0
2012-05-06 04:00:00,16.0,90,14.3,0.0,0.0,1.94,0.0,0.0
2012-05-06 05:00:00,15.6,89,13.8,0.0,0.0,2.16,0.0,0.0
2012-05-06 06:00:00,15.4,88,13.5,0.0,0.0,2.5,11.0,0.039599999999999996
2012-05-06 07:00:00,15.5,88,13.5,0.0,0.0,2.25,69.0,0.24839999999999998
2012-05-06 08:00:00,15.8,85,13.4,0.0,0.0,2.09,109.0,0.39239999999999997
2012-05-06 09:00:00,16.7,79,13.1,0.0,0.0,2.06,228.0,0.8208
2012-05-06 10:00:00,18.0,74,13.3,0.0,0.0,1.87,323.0,1.1628
2012-05-06 11:00:00,18.8,71,13.4,0.0,0.0,1.8,334.0,1.2024
2012-05-06 12:00:00,19.6,68,13.6,0.0,0.0,1.84,373.0,1.3428
2012-05-06 13:00:00,20.0,67,13.7,0.0,0.0,1.62,344.0,1.2384
2012-05-06 14:00:00,20.7,65,13.9,0.0,0.0,1.58,338.0,1.2167999999999999
2012-05-06 15:00:00,21.0,64,13.9,0.0,0.0,1.82,318.0,1.1448
2012-05-06 16:00:00,21.0,63,13.7,0.0,0.0,2.35,277.0,0.9972
2012-05-06 17:00:00,20.1,66,13.6,0.0,0.0,1.91,118.0,0.4248
2012-05-06 18:00:00,19.3,68,13.2,0.0,0.0,2.4,98.0,0.3528
2012-05-06 19:00:00,18.5,71,13.0,0.0,0.0,2.55,19.0,0.0684
2012-05-06 20:00:00,17.7,72,12.7,0.0,0.0,2.51,0.0,0.0
2012-05-06 21:00:00,17.0,75,12.6,0.0,0.0,3.0,0.0,0.0
2012-05-06 22:00:00,16.4,78,12.5,0.0,0.0,3.14,0.0,0.0
2012-05-06 23:00:00,15.7,82,12.6,0.0,0.0,2.69,0.0,0.0
2012-05-07 00:00:00,15.2,84,12.6,0.0,0.0,2.33,0.0,0.0
2012-05-07 01:00:00,14.6,88,12.7,0.0,0.0,2.12,0.0,0.0
2012-05-07 02:00:00,13.9,93,12.8,0.0,0.0,2.0,0.0,0.0
2012-05-07 03:00:00,13.4,96,12.7,0.0,0.0,2.02,0.0,0.0
2012-05-07 04:00:00,12.9,97,12.5,0.0,0.0,1.7,0.0,0.0
2012-05-07 05:00:00,12.5,98,12.2,0.0,0.0,1.41,0.0,0.0
2012-05-07 06:00:00,13.0,98,12.7,0.0,0.0,2.02,31.0,0.11159999999999999
2012-05-07 07:00:00,15.0,86,12.7,0.0,0.0,2.63,144.0,0.5184
2012-05-07 08:00:00,16.0,80,12.5,0.0,0.0,2.42,243.0,0.8748
2012-05-07 09:00:00,17.3,72,12.3,0.0,0.0,2.84,354.0,1.2744
2012-05-07 10:00:00,17.8,68,11.8,0.0,0.0,2.89,279.0,1.0044
2012-05-07 11:00:00,18.1,65,11.4,0.0,0.0,3.23,256.0,0.9216
2012-05-07 12:00:00,18.8,62,11.3,0.0,0.0,3.68,335.0,1.206
2012-05-07 13:00:00,19.6,59,11.4,0.0,0.0,4.05,409.0,1.4724
2012-05-07 14:00:00,21.0,55,11.6,0.0,0.0,4.98,558.0,2.0088
2012-05-07 15:00:00,21.5,54,11.7,0.0,0.0,5.04,529.0,1.9043999999999999
2012-05-07 16:00:00,20.4,54,10.9,0.0,0.0,4.92,324.0,1.1663999999999999
2012-05-07 17:00:00,19.2,55,9.9,0.0,0.0,4.22,209.0,0.7524
2012-05-07 18:00:00,18.1,57,9.4,0.0,0.0,4.56,92.0,0.3312
2012-05-07 19:00:00,17.2,60,9.4,0.0,0.0,4.44,26.0,0.0936
2012-05-07 20:00:00,16.4,62,9.2,0.0,0.0,4.08,0.0,0.0
2012-05-07 21:00:00,15.9,65,9.3,0.0,0.0,4.17,0.0,0.0
2012-05-07 22:00:00,15.7,67,9.5,0.0,0.0,4.16,0.0,0.0
2012-05-07 23:00:00,15.5,69,9.9,0.0,0.0,4.05,0.0,0.0
2012-05-08 00:00:00,15.3,72,10.3,0.0,0.0,3.86,0.0,0.0
2012-05-08 01:00:00,15.1,75,10.6,0.0,0.0,3.93,0.0,0.0
2012-05-08 02:00:00,15.5,73,10.7,0.0,0.0,3.77,0.0,0.0
2012-05-08 03:00:00,15.5,74,10.9,0.0,0.0,3.81,0.0,0.0
2012-05-08 04:00:00,15.4,76,11.1,0.0,0.0,3.9,0.0,0.0
2012-05-08 05:00:00,14.9,80,11.4,0.0,0.0,3.72,0.0,0.0
2012-05-08 06:00:00,14.9,82,11.9,0.0,0.0,3.8,37.0,0.13319999999999999
2012-05-08 07:00:00,16.2,78,12.4,0.0,0.0,4.0,172.0,0.6192
2012-05-08 08:00:00,17.8,73,12.9,0.0,0.0,4.43,328.0,1.1808
2012-05-08 09:00:00,19.1,70,13.4,0.0,0.0,4.64,431.0,1.5515999999999999
2012-05-08 10:00:00,20.9,64,14.0,0.0,0.0,4.85,639.0,2.3004
2012-05-08 11:00:00,22.4,61,14.6,0.0,0.0,4.66,667.0,2.4012
2012-05-08 12:00:00,23.1,59,14.6,0.1,0.0,4.08,571.0,2.0556
2012-05-08 13:00:00,23.0,60,14.9,0.2,0.0,3.88,320.0,1.152
2012-05-08 14:00:00,21.0,77,16.8,0.6,0.0,3.45,159.0,0.5724
2012-05-08 15:00:00,21.5,76,17.1,0.6,0.0,3.74,230.0,0.828
2012-05-08 16:00:00,22.1,72,16.8,0.6,0.0,4.08,327.0,1.1772
2012-05-08 17:00:00,22.3,70,16.6,0.0,0.0,3.69,253.0,0.9107999999999999
2012-05-08 18:00:00,21.8,71,16.4,0.0,0.0,3.96,95.0,0.34199999999999997
2012-05-08 19:00:00,21.1,74,16.2,0.0,0.0,3.71,30.0,0.108
2012-05-08 20:00:00,20.4,76,16.1,0.0,0.0,3.89,0.0,0.0
2012-05-08 21:00:00,20.1,78,16.1,0.0,0.0,4.02,0.0,0.0
2012-05-08 22:00:00,19.6,79,15.9,0.3,0.0,3.94,0.0,0.0
2012-05-08 23:00:00,19.4,80,15.9,0.2,0.0,4.08,0.0,0.0
2012-05-09 00:00:00,19.1,82,16.0,0.4,0.0,3.7,0.0,0.0
2012-05-09 01:00:00,18.5,87,16.3,0.3,0.0,3.14,0.0,0.0
2012-05-09 02:00:00,18.2,92,16.9,0.4,0.0,2.94,0.0,0.0
2012-05-09 03:00:00,18.0,94,16.9,0.2,0.0,2.56,0.0,0.0
2012-05-09 04:00:00,17.6,95,16.8,0.0,0.0,2.12,0.0,0.0
2012-05-09 05:00:00,17.2,97,16.6,0.0,0.0,2.48,0.0,0.0
2012-05-09 06:00:00,17.3,97,16.8,0.0,0.0,2.36,22.0,0.07919999999999999
2012-05-09 07:00:00,18.2,97,17.6,0.1,0.0,1.93,124.0,0.44639999999999996
2012-05-09 08:00:00,19.2,94,18.2,0.0,0.0,2.31,190.0,0.6839999999999999
2012-05-09 09:00:00,20.1,90,18.4,0.0,0.0,3.4,242.0,0.8712
2012-05-09 10:00:00,20.2,83,17.3,0.0,0.0,3.05,201.0,0.7236
2012-05-09 11:00:00,20.7,78,16.7,0.0,0.0,2.78,280.0,1.008
2012-05-09 12:00:00,21.7,70,15.9,0.0,0.0,2.3,412.0,1.4831999999999999
2012-05-09 13:00:00,22.3,63,15.0,0.0,0.0,2.5,456.0,1.6416
2012-05-09 14:00:00,23.4,50,12.5,0.0,0.0,2.44,392.0,1.4112
2012-05-09 15:00:00,23.2,51,12.5,0.0,0.0,2.42,298.0,1.0728
2012-05-09 16:00:00,21.8,58,13.1,0.0,0.0,2.76,150.0,0.54
2012-05-09 17:00:00,19.6,72,14.5,0.4,0.0,3.05,55.0,0.19799999999999998
2012-05-09 18:00:00,18.0,88,15.9,1.3,0.0,3.33,22.0,0.07919999999999999
2012-05-09 19:00:00,17.1,89,15.2,1.0,0.0,2.92,6.0,0.0216
2012-05-09 20:00:00,16.3,91,14.8,0.9,0.0,2.64,0.0,0.0
2012-05-09 21:00:00,15.7,92,14.4,0.7,0.0,2.67,0.0,0.0
2012-05-09 22:00:00,15.4,93,14.2,0.4,0.0,1.93,0.0,0.0
2012-05-09 23:00:00,15.1,93,14.1,0.4,0.0,1.49,0.0,0.0
2012-05-10 00:00:00,14.9,94,13.9,0.3,0.0,1.75,0.0,0.0
2012-05-10 01:00:00,14.4,94,13.4,0.0,0.0,2.4,0.0,0.0
2012-05-10 02:00:00,13.5,93,12.4,0.0,0.0,3.37,0.0,0.0
2012-05-10 03:00:00,12.7,91,11.3,0.0,0.0,4.38,0.0,0.0
2012-05-10 04:00:00,11.8,89,10.0,0.0,0.0,4.58,0.0,0.0
2012-05-10 05:00:00,11.2,89,9.4,0.0,0.0,4.41,0.0,0.0
2012-05-10 06:00:00,11.3,88,9.3,0.0,0.0,4.16,48.0,0.1728
2012-05-10 07:00:00,12.4,81,9.3,0.0,0.0,4.08,215.0,0.774
2012-05-10 08:00:00,13.6,69,8.0,0.0,0.0,5.34,418.0,1.5048
2012-05-10 09:00:00,15.0,59,7.1,0.0,0.0,5.62,606.0,2.1816
2012-05-10 10:00:00,16.6,49,5.9,0.0,0.0,6.34,760.0,2.7359999999999998
2012-05-10 11:00:00,17.6,45,5.4,0.0,0.0,6.5,759.0,2.7323999999999997
2012-05-10 12:00:00,18.3,41,4.8,0.0,0.0,6.56,782.0,2.8152
2012-05-10 13:00:00,18.8,38,4.1,0.0,0.0,6.64,784.0,2.8224
2012-05-10 14:00:00,18.7,37,3.8,0.0,0.0,6.66,828.0,2.9808
2012-05-10 15:00:00,18.8,35,3.1,0.0,0.0,6.46,782.0,2.8152
2012-05-10 16:00:00,18.5,35,2.7,0.0,0.0,6.21,588.0,2.1168
2012-05-10 17:00:00,18.2,35,2.6,0.0,0.0,4.72,460.0,1.656
2012-05-10 18:00:00,17.4,38,3.1,0.0,0.0,3.36,251.0,0.9036
2012-05-10 19:00:00,16.1,43,3.6,0.0,0.0,2.42,70.0,0.252
2012-05-10 20:00:00,14.9,45,3.2,0.0,0.0,2.09,0.0,0.0
2012-05-10 21:00:00,14.3,48,3.5,0.0,0.0,2.25,0.0,0.0
2012-05-10 22:00:00,13.5,52,3.7,0.0,0.0,2.69,0.0,0.0
2012-05-10 23:00:00,12.6,55,3.8,0.0,0.0,3.01,0.0,0.0
2012-05-11 00:00:00,11.8,57,3.6,0.0,0.0,3.18,0.0,0.0
2012-05-11 01:00:00,11.1,58,3.2,0.0,0.0,3.33,0.0,0.0
2012-05-11 02:00:00,10.5,58,2.7,0.0,0.0,3.33,0.0,0.0
2012-05-11 03:00:00,9.9,60,2.5,0.0,0.0,3.24,0.0,0.0
2012-05-11 04:00:00,9.0,64,2.6,0.0,0.0,2.95,0.0,0.0
2012-05-11 05:00:00,8.4,69,2.9,0.0,0.0,3.26,0.0,0.0
2012-05-11 06:00:00,8.9,68,3.4,0.0,0.0,3.58,53.0,0.1908
2012-05-11 07:00:00,11.4,58,3.5,0.0,0.0,3.4,229.0,0.8244
2012-05-11 08:00:00,13.5,50,3.2,0.0,0.0,3.58,435.0,1.566
2012-05-11 09:00:00,15.5,42,2.7,0.0,0.0,3.41,632.0,2.2752
2012-05-11 10:00:00,17.2,35,1.5,0.0,0.0,3.3,798.0,2.8728
2012-05-11 11:00:00,18.5,31,1.1,0.0,0.0,4.26,919.0,3.3084
2012-05-11 12:00:00,19.5,29,1.0,0.0,0.0,5.08,954.0,3.4344
2012-05-11 13:00:00,20.9,25,0.1,0.0,0.0,4.9,944.0,3.3984
2012-05-11 14:00:00,21.7,25,0.6,0.0,0.0,4.88,916.0,3.2976
2012-05-11 15:00:00,21.8,25,0.8,0.0,0.0,4.81,701.0,2.5236
2012-05-11 16:00:00,22.0,25,1.1,0.0,0.0,4.67,652.0,2.3472
2012-05-11 17:00:00,21.5,27,1.8,0.0,0.0,3.16,417.0,1.5011999999999999
2012-05-11 18:00:00,20.2,35,4.4,0.0,0.0,1.8,239.0,0.8603999999999999
2012-05-11 19:00:00,18.3,45,6.2,0.0,0.0,1.92,73.0,0.2628
2012-05-11 20:00:00,16.0,50,5.5,0.0,0.0,2.11,0.0,0.0
2012-05-11 21:00:00,14.1,62,6.9,0.0,0.0,2.4,0.0,0.0
2012-05-11 22:00:00,13.4,63,6.5,0.0,0.0,2.63,0.0,0.0
2012-05-11 23:00:00,11.9,70,6.6,0.0,0.0,2.82,0.0,0.0
2012-05-12 00:00:00,10.9,74,6.4,0.0,0.0,2.95,0.0,0.0
2012-05-12 01:00:00,10.4,74,5.9,0.0,0.0,2.87,0.0,0.0
2012-05-12 02:00:00,10.2,68,4.6,0.0,0.0,2.66,0.0,0.0
2012-05-12 03:00:00,9.6,72,4.8,0.0,0.0,2.33,0.0,0.0
2012-05-12 04:00:00,9.2,74,4.9,0.0,0.0,2.2,0.0,0.0
2012-05-12 05:00:00,8.8,78,5.1,0.0,0.0,2.15,0.0,0.0
2012-05-12 06:00:00,9.6,80,6.2,0.0,0.0,2.33,54.0,0.1944
2012-05-12 07:00:00,14.3,64,7.6,0.0,0.0,1.53,229.0,0.8244
2012-05-12 08:00:00,17.8,53,8.1,0.0,0.0,1.04,434.0,1.5624
2012-05-12 09:00:00,20.6,43,7.5,0.0,0.0,0.9,628.0,2.2608
2012-05-12 10:00:00,22.3,33,5.5,0.0,0.0,0.85,790.0,2.844
2012-05-12 11:00:00,23.5,30,4.9,0.0,0.0,1.26,906.0,3.2616
2012-05-12 12:00:00,24.4,28,4.8,0.0,0.0,1.48,954.0,3.4344
2012-05-12 13:00:00,25.0,27,4.8,0.0,0.0,1.5,946.0,3.4055999999999997
2012-05-12 14:00:00,25.0,28,5.2,0.0,0.0,1.84,860.0,3.096
2012-05-12 15:00:00,25.1,28,5.3,0.0,0.0,2.12,732.0,2.6351999999999998
2012-05-12 16:00:00,24.7,29,5.5,0.0,0.0,2.28,528.0,1.9008
2012-05-12 17:00:00,23.9,33,6.7,0.0,0.0,1.92,354.0,1.2744
2012-05-12 18:00:00,22.4,42,8.9,0.0,0.0,2.02,195.0,0.702
2012-05-12 19:00:00,20.5,49,9.5,0.0,0.0,1.96,58.0,0.20879999999999999
2012-05-12 20:00:00,18.8,52,8.9,0.0,0.0,2.18,0.0,0.0
2012-05-12 21:00:00,17.5,59,9.5,0.0,0.0,2.28,0.0,0.0
2012-05-12 22:00:00,16.3,67,10.1,0.0,0.0,2.14,0.0,0.0
2012-05-12 23:00:00,15.5,73,10.6,0.0,0.0,1.94,0.0,0.0
2012-05-13 00:00:00,14.8,77,10.9,0.0,0.0,2.02,0.0,0.0
2012-05-13 01:00:00,14.4,80,11.0,0.0,0.0,2.19,0.0,0.0
2012-05-13 02:00:00,13.8,80,10.4,0.0,0.0,2.33,0.0,0.0
2012-05-13 03:00:00,13.4,81,10.3,0.0,0.0,2.39,0.0,0.0
2012-05-13 04:00:00,13.1,82,10.1,0.0,0.0,2.3,0.0,0.0
2012-05-13 05:00:00,12.8,83,10.1,0.0,0.0,2.1,0.0,0.0
2012-05-13 06:00:00,13.4,83,10.6,0.0,0.0,2.56,41.0,0.1476
2012-05-13 07:00:00,16.6,69,10.9,0.0,0.0,2.3,196.0,0.7056
2012-05-13 08:00:00,19.0,60,11.2,0.0,0.0,2.58,408.0,1.4687999999999999
2012-05-13 09:00:00,21.2,55,11.8,0.0,0.0,2.26,580.0,2.088
2012-05-13 10:00:00,23.4,51,12.6,0.0,0.0,1.92,746.0,2.6856
2012-05-13 11:00:00,25.2,46,12.9,0.0,0.0,1.98,867.0,3.1212
2012-05-13 12:00:00,26.3,43,12.6,0.0,0.0,2.42,885.0,3.186
2012-05-13 13:00:00,26.4,41,12.3,0.0,0.0,2.84,741.0,2.6675999999999997
2012-05-13 14:00:00,26.4,41,12.1,0.0,0.0,3.08,541.0,1.9476
2012-05-13 15:00:00,25.9,42,12.0,0.0,0.0,3.19,318.0,1.1448
2012-05-13 16:00:00,25.2,46,12.6,0.0,0.0,3.18,177.0,0.6372
2012-05-13 17:00:00,24.7,47,12.7,0.0,0.0,3.35,169.0,0.6083999999999999
2012-05-13 18:00:00,23.6,51,12.8,0.0,0.0,2.64,96.0,0.3456
2012-05-13 19:00:00,22.3,56,13.0,0.0,0.0,2.75,34.0,0.1224
2012-05-13 20:00:00,21.1,60,13.0,0.0,0.0,2.69,0.0,0.0
2012-05-13 21:00:00,20.3,64,13.2,0.0,0.0,2.53,0.0,0.0
2012-05-13 22:00:00,19.7,67,13.4,0.0,0.0,2.33,0.0,0.0
2012-05-13 23:00:00,19.0,71,13.7,0.0,0.0,2.52,0.0,0.0
2012-05-14 00:00:00,18.4,76,14.0,0.0,0.0,2.67,0.0,0.0
2012-05-14 01:00:00,18.0,79,14.4,0.1,0.0,2.92,0.0,0.0
2012-05-14 02:00:00,18.1,76,13.8,0.0,0.0,2.92,0.0,0.0
2012-05-14 03:00:00,17.7,79,14.1,0.1,0.0,2.73,0.0,0.0
2012-05-14 04:00:00,17.4,82,14.3,0.2,0.0,2.7,0.0,0.0
2012-05-14 05:00:00,17.0,86,14.6,0.4,0.0,1.9,0.0,0.0
2012-05-14 06:00:00,16.4,92,15.1,0.5,0.0,2.66,5.0,0.018
2012-05-14 07:00:00,16.4,93,15.3,0.6,0.0,2.75,21.0,0.0756
2012-05-14 08:00:00,16.5,93,15.4,0.7,0.0,2.44,34.0,0.1224
2012-05-14 09:00:00,16.5,93,15.4,1.0,0.0,2.38,41.0,0.1476
2012-05-14 10:00:00,16.8,93,15.7,1.1,0.0,2.51,71.0,0.2556
2012-05-14 11:00:00,17.4,93,16.2,0.8,0.0,2.5,91.0,0.3276
2012-05-14 12:00:00,17.7,93,16.6,0.6,0.0,2.33,94.0,0.3384
2012-05-14 13:00:00,17.9,92,16.6,1.0,0.0,2.56,78.0,0.2808
2012-05-14 14:00:00,20.1,76,15.7,0.0,0.0,2.83,255.0,0.9179999999999999
2012-05-14 15:00:00,20.6,73,15.6,0.2,0.0,2.37,245.0,0.882
2012-05-14 16:00:00,20.1,80,16.5,0.5,0.0,1.89,154.0,0.5544
2012-05-14 17:00:00,19.2,88,17.2,0.7,0.0,1.7,59.0,0.2124
2012-05-14 18:00:00,18.5,91,17.0,0.5,0.0,2.24,29.0,0.10439999999999999
2012-05-14 19:00:00,18.0,91,16.4,0.2,0.0,3.14,8.0,0.0288
2012-05-14 20:00:00,17.7,91,16.2,0.1,0.0,3.22,0.0,0.0
2012-05-14 21:00:00,17.4,91,16.0,0.0,0.0,2.98,0.0,0.0
2012-05-14 22:00:00,17.3,91,15.9,0.1,0.0,2.75,0.0,0.0
2012-05-14 23:00:00,17.1,92,15.8,0.1,0.0,2.91,0.0,0.0
2012-05-15 00:00:00,16.9,92,15.6,0.0,0.0,2.9,0.0,0.0
2012-05-15 01:00:00,16.6,94,15.5,0.0,0.0,2.66,0.0,0.0
2012-05-15 02:00:00,17.1,97,16.6,0.4,0.0,2.83,0.0,0.0
2012-05-15 03:00:00,17.1,98,16.7,0.5,0.0,2.64,0.0,0.0
2012-05-15 04:00:00,17.1,98,16.8,0.9,0.0,2.5,0.0,0.0
2012-05-15 05:00:00,17.1,99,17.0,1.3,0.0,2.53,0.0,0.0
2012-05-15 06:00:00,17.2,100,17.1,0.9,0.0,2.5,4.0,0.0144
2012-05-15 07:00:00,17.6,98,17.2,0.4,0.0,2.21,33.0,0.1188
2012-05-15 08:00:00,18.1,93,17.0,0.3,0.0,1.97,53.0,0.1908
2012-05-15 09:00:00,18.8,91,17.3,0.1,0.0,1.93,130.0,0.46799999999999997
2012-05-15 10:00:00,19.9,86,17.5,0.1,0.0,1.91,233.0,0.8388
2012-05-15 11:00:00,21.1,81,17.7,0.3,0.0,1.8,373.0,1.3428
2012-05-15 12:00:00,22.3,75,17.6,0.2,0.0,1.63,469.0,1.6884
2012-05-15 13:00:00,23.3,69,17.4,0.1,0.0,1.71,501.0,1.8035999999999999
2012-05-15 14:00:00,25.5,58,16.7,0.2,0.0,2.09,709.0,2.5524
2012-05-15 15:00:00,25.5,58,16.6,0.2,0.0,2.16,541.0,1.9476
2012-05-15 16:00:00,25.6,58,16.8,0.0,0.0,1.55,415.0,1.494
2012-05-15 17:00:00,24.1,65,17.2,0.4,0.0,0.61,289.0,1.0404
2012-05-15 18:00:00,23.3,71,17.6,0.0,0.0,0.81,159.0,0.5724
2012-05-15 19:00:00,22.2,77,18.1,0.0,0.0,1.26,50.0,0.18
2012-05-15 20:00:00,20.7,83,17.8,0.0,0.0,2.05,1.0,0.0036
2012-05-15 21:00:00,19.9,88,17.9,0.0,0.0,2.24,0.0,0.0
2012-05-15 22:00:00,19.1,93,17.9,0.0,0.0,1.42,0.0,0.0
2012-05-15 23:00:00,18.4,95,17.7,0.0,0.0,1.57,0.0,0.0
2012-05-16 00:00:00,17.9,97,17.4,0.0,0.0,1.91,0.0,0.0
2012-05-16 01:00:00,17.5,98,17.1,0.0,0.0,2.01,0.0,0.0
2012-05-16 02:00:00,16.9,98,16.6,0.0,0.0,1.9,0.0,0.0
2012-05-16 03:00:00,16.4,98,16.2,0.0,0.0,1.61,0.0,0.0
2012-05-16 04:00:00,15.9,99,15.7,0.0,0.0,1.8,0.0,0.0
2012-05-16 05:00:00,15.2,99,15.1,0.0,0.0,2.06,0.0,0.0
2012-05-16 06:00:00,15.7,99,15.6,0.0,0.0,2.0,44.0,0.15839999999999999
2012-05-16 07:00:00,17.7,95,16.9,0.0,0.0,1.1,181.0,0.6516
2012-05-16 08:00:00,19.8,89,17.8,0.0,0.0,1.02,369.0,1.3284
2012-05-16 09:00:00,22.1,76,17.6,0.0,0.0,1.0,543.0,1.9547999999999999
2012-05-16 10:00:00,24.1,60,15.8,0.0,0.0,0.81,722.0,2.5991999999999997
2012-05-16 11:00:00,25.5,50,14.4,0.0,0.0,1.17,795.0,2.862
2012-05-16 12:00:00,26.5,46,14.0,0.0,0.0,1.33,874.0,3.1464
2012-05-16 13:00:00,27.1,43,13.6,0.0,0.0,1.3,866.0,3.1176
2012-05-16 14:00:00,26.9,41,12.5,0.0,0.0,1.51,670.0,2.412
2012-05-16 15:00:00,27.5,39,12.2,0.0,0.0,1.49,719.0,2.5884
2012-05-16 16:00:00,27.5,38,12.1,0.0,0.0,1.92,552.0,1.9871999999999999
2012-05-16 17:00:00,26.9,41,12.4,0.0,0.0,1.41,375.0,1.3499999999999999
2012-05-16 18:00:00,25.7,51,14.8,0.0,0.0,1.0,222.0,0.7992
2012-05-16 19:00:00,24.0,55,14.4,0.0,0.0,2.14,70.0,0.252
2012-05-16 20:00:00,21.9,65,14.9,0.0,0.0,2.55,1.0,0.0036
2012-05-16 21:00:00,20.5,77,16.3,0.0,0.0,2.82,0.0,0.0
2012-05-16 22:00:00,19.7,84,16.9,0.0,0.0,2.76,0.0,0.0
2012-05-16 23:00:00,18.9,89,17.0,0.0,0.0,2.55,0.0,0.0
2012-05-17 00:00:00,18.1,92,16.7,0.0,0.0,2.44,0.0,0.0
2012-05-17 01:00:00,17.7,87,15.5,0.0,0.0,3.09,0.0,0.0
2012-05-17 02:00:00,17.8,79,14.0,0.0,0.0,3.81,0.0,0.0
2012-05-17 03:00:00,17.3,74,12.7,0.0,0.0,3.7,0.0,0.0
2012-05-17 04:00:00,16.7,74,12.1,0.0,0.0,3.6,0.0,0.0
2012-05-17 05:00:00,16.0,73,11.1,0.0,0.0,3.3,0.0,0.0
2012-05-17 06:00:00,15.7,69,9.9,0.0,0.0,4.14,57.0,0.2052
2012-05-17 07:00:00,16.0,59,8.1,0.0,0.0,4.2,224.0,0.8064
2012-05-17 08:00:00,17.0,55,7.9,0.0,0.0,3.57,421.0,1.5156
2012-05-17 09:00:00,18.4,50,7.9,0.0,0.0,3.16,610.0,2.1959999999999997
2012-05-17 10:00:00,19.9,46,7.9,0.0,0.0,2.92,770.0,2.772
2012-05-17 11:00:00,21.3,42,8.0,0.0,0.0,2.91,886.0,3.1896
2012-05-17 12:00:00,22.5,40,8.1,0.0,0.0,2.75,949.0,3.4164
2012-05-17 13:00:00,23.3,38,8.2,0.0,0.0,2.47,960.0,3.456
2012-05-17 14:00:00,22.6,38,7.7,0.0,0.0,2.42,822.0,2.9592
2012-05-17 15:00:00,22.9,36,7.0,0.0,0.0,2.53,693.0,2.4948
2012-05-17 16:00:00,23.0,34,6.4,0.0,0.0,2.25,607.0,2.1852
2012-05-17 17:00:00,22.5,34,5.8,0.0,0.0,2.27,434.0,1.5624
2012-05-17 18:00:00,21.6,37,6.2,0.0,0.0,2.2,250.0,0.9
2012-05-17 19:00:00,19.9,49,8.8,0.0,0.0,1.91,78.0,0.2808
2012-05-17 20:00:00,17.7,54,8.2,0.0,0.0,1.84,1.0,0.0036
2012-05-17 21:00:00,15.9,61,8.3,0.0,0.0,2.01,0.0,0.0
2012-05-17 22:00:00,14.7,64,7.9,0.0,0.0,2.06,0.0,0.0
2012-05-17 23:00:00,13.8,68,8.1,0.0,0.0,1.84,0.0,0.0
2012-05-18 00:00:00,13.0,73,8.4,0.0,0.0,1.8,0.0,0.0
2012-05-18 01:00:00,12.5,78,8.7,0.0,0.0,1.66,0.0,0.0
2012-05-18 02:00:00,11.5,83,8.6,0.0,0.0,1.8,0.0,0.0
2012-05-18 03:00:00,10.8,86,8.6,0.0,0.0,1.86,0.0,0.0
2012-05-18 04:00:00,10.3,89,8.6,0.0,0.0,2.11,0.0,0.0
2012-05-18 05:00:00,10.0,91,8.5,0.0,0.0,1.53,0.0,0.0
2012-05-18 06:00:00,11.2,91,9.7,0.0,0.0,2.16,64.0,0.2304
2012-05-18 07:00:00,15.5,76,11.2,0.0,0.0,1.63,240.0,0.864
2012-05-18 08:00:00,17.9,60,10.1,0.0,0.0,1.72,442.0,1.5912
2012-05-18 09:00:00,19.7,47,8.1,0.0,0.0,2.47,635.0,2.286
2012-05-18 10:00:00,20.9,42,7.4,0.0,0.0,3.01,797.0,2.8691999999999998
2012-05-18 11:00:00,21.9,39,7.2,0.0,0.0,3.3,914.0,3.2904
2012-05-18 12:00:00,22.7,36,7.0,0.0,0.0,3.3,977.0,3.5172
2012-05-18 13:00:00,23.3,35,7.0,0.0,0.0,3.04,980.0,3.528
2012-05-18 14:00:00,23.3,34,6.4,0.0,0.0,2.73,923.0,3.3228
2012-05-18 15:00:00,23.4,34,6.6,0.0,0.0,2.6,813.0,2.9268
2012-05-18 16:00:00,23.3,35,6.9,0.0,0.0,2.66,655.0,2.358
2012-05-18 17:00:00,22.8,36,7.1,0.0,0.0,2.55,464.0,1.6703999999999999
2012-05-18 18:00:00,21.7,42,8.1,0.0,0.0,2.31,242.0,0.8712
2012-05-18 19:00:00,20.0,51,9.5,0.0,0.0,1.86,79.0,0.2844
2012-05-18 20:00:00,18.0,55,8.8,0.0,0.0,2.05,2.0,0.0072
2012-05-18 21:00:00,16.6,60,8.9,0.0,0.0,2.58,0.0,0.0
2012-05-18 22:00:00,15.4,65,8.8,0.0,0.0,2.56,0.0,0.0
2012-05-18 23:00:00,14.2,71,9.0,0.0,0.0,2.25,0.0,0.0
2012-05-19 00:00:00,13.2,76,9.1,0.0,0.0,1.63,0.0,0.0
2012-05-19 01:00:00,13.1,74,8.6,0.0,0.0,1.75,0.0,0.0
2012-05-19 02:00:00,13.1,73,8.4,0.0,0.0,1.3,0.0,0.0
2012-05-19 03:00:00,11.5,82,8.6,0.0,0.0,1.24,0.0,0.0
2012-05-19 04:00:00,10.9,85,8.4,0.0,0.0,1.53,0.0,0.0
2012-05-19 05:00:00,10.5,85,8.1,0.0,0.0,1.7,0.0,0.0
2012-05-19 06:00:00,11.7,83,8.9,0.0,0.0,2.14,63.0,0.2268
2012-05-19 07:00:00,15.5,65,9.0,0.0,0.0,1.52,237.0,0.8532
2012-05-19 08:00:00,18.0,51,7.6,0.0,0.0,1.52,438.0,1.5768
2012-05-19 09:00:00,20.0,44,7.5,0.0,0.0,1.5,627.0,2.2572
2012-05-19 10:00:00,21.9,41,8.1,0.0,0.0,1.9,786.0,2.8296
2012-05-19 11:00:00,23.6,37,8.0,0.0,0.0,2.12,901.0,3.2436
2012-05-19 12:00:00,24.8,34,8.0,0.0,0.0,2.08,954.0,3.4344
2012-05-19 13:00:00,25.7,33,8.1,0.0,0.0,2.05,958.0,3.4488
2012-05-19 14:00:00,26.6,31,8.1,0.0,0.0,2.05,910.0,3.276
2012-05-19 15:00:00,27.1,30,8.1,0.0,0.0,2.19,800.0,2.88
2012-05-19 16:00:00,27.0,31,8.2,0.0,0.0,2.14,644.0,2.3184
2012-05-19 17:00:00,26.5,33,8.7,0.0,0.0,2.27,458.0,1.6488
2012-05-19 18:00:00,25.1,39,10.4,0.0,0.0,1.6,261.0,0.9396
2012-05-19 19:00:00,23.0,46,10.8,0.0,0.0,1.5,84.0,0.3024
2012-05-19 20:00:00,20.9,49,9.9,0.0,0.0,1.72,2.0,0.0072
2012-05-19 21:00:00,19.2,58,10.6,0.0,0.0,1.58,0.0,0.0
2012-05-19 22:00:00,17.6,65,11.1,0.0,0.0,1.77,0.0,0.0
2012-05-19 23:00:00,16.5,70,11.1,0.0,0.0,1.94,0.0,0.0
2012-05-20 00:00:00,15.5,76,11.2,0.0,0.0,2.02,0.0,0.0
2012-05-20 01:00:00,15.2,76,10.9,0.0,0.0,1.6,0.0,0.0
2012-05-20 02:00:00,14.6,75,10.2,0.0,0.0,1.71,0.0,0.0
2012-05-20 03:00:00,14.0,77,10.0,0.0,0.0,1.56,0.0,0.0
2012-05-20 04:00:00,13.0,80,9.7,0.0,0.0,1.84,0.0,0.0
2012-05-20 05:00:00,12.5,82,9.5,0.0,0.0,2.04,0.0,0.0
2012-05-20 06:00:00,13.6,80,10.3,0.0,0.0,2.67,66.0,0.2376
2012-05-20 07:00:00,18.1,58,9.6,0.0,0.0,2.4,239.0,0.8603999999999999
2012-05-20 08:00:00,20.5,44,7.9,0.0,0.0,2.92,440.0,1.5839999999999999
2012-05-20 09:00:00,22.5,37,7.2,0.0,0.0,3.47,629.0,2.2643999999999997
2012-05-20 10:00:00,23.9,33,6.9,0.0,0.0,4.1,759.0,2.7323999999999997
2012-05-20 11:00:00,25.3,32,7.2,0.0,0.0,4.48,905.0,3.258
2012-05-20 12:00:00,26.1,32,8.1,0.0,0.0,4.44,921.0,3.3156
2012-05-20 13:00:00,26.4,35,9.6,0.0,0.0,4.79,902.0,3.2472
2012-05-20 14:00:00,25.8,42,11.7,0.0,0.0,5.12,641.0,2.3076
2012-05-20 15:00:00,25.4,48,13.8,0.0,0.0,5.2,564.0,2.0303999999999998
2012-05-20 16:00:00,24.9,55,15.1,0.0,0.0,5.26,410.0,1.476
2012-05-20 17:00:00,23.9,62,16.1,0.0,0.0,4.41,291.0,1.0475999999999999
2012-05-20 18:00:00,23.0,67,16.6,0.0,0.0,3.89,163.0,0.5868
2012-05-20 19:00:00,21.9,74,16.9,0.0,0.0,3.77,56.0,0.2016
2012-05-20 20:00:00,20.8,78,16.8,0.0,0.0,3.94,1.0,0.0036
2012-05-20 21:00:00,20.2,81,16.8,0.0,0.0,4.19,0.0,0.0
2012-05-20 22:00:00,19.6,84,16.8,0.0,0.0,4.75,0.0,0.0
2012-05-20 23:00:00,18.9,88,16.9,0.2,0.0,5.01,0.0,0.0
2012-05-21 00:00:00,18.2,93,17.1,0.8,0.0,4.92,0.0,0.0
2012-05-21 01:00:00,17.7,97,17.2,1.3,0.0,4.56,0.0,0.0
2012-05-21 02:00:00,17.6,96,17.0,0.4,0.0,4.03,0.0,0.0
2012-05-21 03:00:00,17.4,98,17.1,0.3,0.0,4.36,0.0,0.0
2012-05-21 04:00:00,17.2,99,17.1,0.3,0.0,4.3,0.0,0.0
2012-05-21 05:00:00,17.2,99,17.1,0.4,0.0,4.03,0.0,0.0
2012-05-21 06:00:00,17.3,99,17.1,0.5,0.0,4.36,5.0,0.018
2012-05-21 07:00:00,17.7,96,17.0,0.1,0.0,5.16,38.0,0.1368
2012-05-21 08:00:00,18.4,92,17.1,0.0,0.0,5.19,84.0,0.3024
2012-05-21 09:00:00,18.7,94,17.6,0.1,0.0,5.02,101.0,0.3636
2012-05-21 10:00:00,20.0,88,17.9,0.5,0.0,4.1,318.0,1.1448
2012-05-21 11:00:00,21.4,80,17.9,0.3,0.0,3.86,403.0,1.4507999999999999
2012-05-21 12:00:00,23.2,73,18.0,0.2,0.0,3.45,615.0,2.214
2012-05-21 13:00:00,24.9,67,18.3,0.0,0.0,3.54,761.0,2.7396
2012-05-21 14:00:00,21.7,78,17.7,0.3,0.0,3.4,331.0,1.1916
2012-05-21 15:00:00,21.9,77,17.7,0.2,0.0,2.13,282.0,1.0151999999999999
2012-05-21 16:00:00,22.2,74,17.3,0.2,0.0,1.42,246.0,0.8855999999999999
2012-05-21 17:00:00,21.5,78,17.6,0.2,0.0,1.17,122.0,0.4392
2012-05-21 18:00:00,21.1,81,17.8,0.0,0.0,1.82,80.0,0.288
2012-05-21 19:00:00,20.4,85,17.8,0.0,0.0,1.53,38.0,0.1368
2012-05-21 20:00:00,19.4,89,17.6,0.0,0.0,2.12,1.0,0.0036
2012-05-21 21:00:00,18.9,93,17.7,0.0,0.0,2.75,0.0,0.0
2012-05-21 22:00:00,18.5,96,17.8,0.0,0.0,2.75,0.0,0.0
2012-05-21 23:00:00,18.4,95,17.6,0.1,0.0,2.6,0.0,0.0
2012-05-22 00:00:00,18.3,95,17.5,0.0,0.0,2.5,0.0,0.0
2012-05-22 01:00:00,18.1,96,17.4,1.7,0.0,2.7,0.0,0.0
2012-05-22 02:00:00,18.2,97,17.7,0.0,0.0,2.3,0.0,0.0
2012-05-22 03:00:00,18.1,97,17.7,0.0,0.0,2.0,0.0,0.0
2012-05-22 04:00:00,18.1,97,17.6,0.0,0.0,2.02,0.0,0.0
2012-05-22 05:00:00,18.0,98,17.6,0.0,0.0,1.91,0.0,0.0
2012-05-22 06:00:00,18.0,98,17.6,0.1,0.0,1.8,11.0,0.039599999999999996
2012-05-22 07:00:00,18.2,97,17.7,0.1,0.0,2.18,39.0,0.1404
2012-05-22 08:00:00,18.6,95,17.7,0.0,0.0,2.02,79.0,0.2844
2012-05-22 09:00:00,19.2,91,17.7,0.0,0.0,1.57,155.0,0.5579999999999999
2012-05-22 10:00:00,20.5,81,17.0,0.2,0.0,1.17,304.0,1.0944
2012-05-22 11:00:00,21.0,78,17.1,0.0,0.0,0.78,234.0,0.8423999999999999
2012-05-22 12:00:00,21.9,74,17.0,0.1,0.0,0.32,353.0,1.2708
2012-05-22 13:00:00,21.5,75,17.0,0.1,0.0,0.54,192.0,0.6912
2012-05-22 14:00:00,23.3,66,16.6,0.0,0.0,0.36,384.0,1.3824
2012-05-22 15:00:00,23.7,65,16.7,0.0,0.0,0.3,445.0,1.6019999999999999
2012-05-22 16:00:00,23.8,64,16.7,0.0,0.0,1.04,359.0,1.2924
2012-05-22 17:00:00,24.0,63,16.6,0.0,0.0,2.47,346.0,1.2456
2012-05-22 18:00:00,23.6,65,16.6,0.0,0.0,0.98,197.0,0.7091999999999999
2012-05-22 19:00:00,22.5,72,17.2,0.0,0.0,1.2,76.0,0.2736
2012-05-22 20:00:00,21.3,78,17.2,0.0,0.0,1.62,2.0,0.0072
2012-05-22 21:00:00,20.3,84,17.6,0.0,0.0,1.28,0.0,0.0
2012-05-22 22:00:00,19.3,91,17.8,0.0,0.0,1.1,0.0,0.0
2012-05-22 23:00:00,18.9,92,17.6,0.0,0.0,1.12,0.0,0.0
2012-05-23 00:00:00,18.2,95,17.4,0.0,0.0,0.91,0.0,0.0
2012-05-23 01:00:00,17.6,97,17.1,0.1,0.0,1.43,0.0,0.0
2012-05-23 02:00:00,17.7,98,17.4,0.0,0.0,1.32,0.0,0.0
2012-05-23 03:00:00,18.3,99,18.1,0.0,0.0,0.95,0.0,0.0
2012-05-23 04:00:00,17.8,99,17.7,0.0,0.0,0.82,0.0,0.0
2012-05-23 05:00:00,17.6,99,17.5,0.0,0.0,0.64,0.0,0.0
2012-05-23 06:00:00,17.6,99,17.5,0.0,0.0,0.58,44.0,0.15839999999999999
2012-05-23 07:00:00,19.7,94,18.7,0.0,0.0,1.2,171.0,0.6156
2012-05-23 08:00:00,21.8,82,18.6,0.0,0.0,1.66,357.0,1.2852
2012-05-23 09:00:00,23.3,73,18.2,0.0,0.0,1.14,534.0,1.9223999999999999
2012-05-23 10:00:00,23.9,72,18.4,0.2,0.0,0.85,561.0,2.0196
2012-05-23 11:00:00,23.8,72,18.4,2.7,0.0,1.27,606.0,2.1816
2012-05-23 12:00:00,23.0,79,19.1,3.9,0.0,1.36,585.0,2.106
2012-05-23 13:00:00,23.5,80,19.7,1.2,0.0,1.7,486.0,1.7496
2012-05-23 14:00:00,26.3,62,18.4,0.2,0.0,1.92,673.0,2.4228
2012-05-23 15:00:00,26.3,60,18.0,0.9,0.0,2.06,571.0,2.0556
2012-05-23 16:00:00,24.9,66,18.0,2.0,0.0,2.01,432.0,1.5552
2012-05-23 17:00:00,22.5,81,19.0,4.0,0.0,1.43,319.0,1.1483999999999999
2012-05-23 18:00:00,21.8,85,19.1,0.5,0.0,0.76,131.0,0.47159999999999996
2012-05-23 19:00:00,21.4,88,19.2,0.0,0.0,0.81,46.0,0.1656
2012-05-23 20:00:00,20.7,92,19.3,0.0,0.0,0.92,2.0,0.0072
2012-05-23 21:00:00,20.0,94,19.0,0.0,0.0,1.08,0.0,0.0
2012-05-23 22:00:00,19.6,96,19.0,0.0,0.0,2.06,0.0,0.0
2012-05-23 23:00:00,19.4,95,18.6,0.3,0.0,1.97,0.0,0.0
2012-05-24 00:00:00,19.0,97,18.6,0.7,0.0,1.52,0.0,0.0
2012-05-24 01:00:00,18.9,99,18.7,0.7,0.0,1.53,0.0,0.0
2012-05-24 02:00:00,18.2,99,18.1,0.0,0.0,1.7,0.0,0.0
2012-05-24 03:00:00,18.0,100,17.9,0.0,0.0,1.8,0.0,0.0
2012-05-24 04:00:00,18.0,99,17.9,0.0,0.0,1.82,0.0,0.0
2012-05-24 05:00:00,18.0,99,17.9,0.0,0.0,2.31,0.0,0.0
2012-05-24 06:00:00,18.9,97,18.4,0.0,0.0,2.15,30.0,0.108
2012-05-24 07:00:00,19.6,93,18.4,0.0,0.0,1.91,102.0,0.36719999999999997
2012-05-24 08:00:00,20.6,88,18.6,0.0,0.0,1.28,198.0,0.7128
2012-05-24 09:00:00,21.9,82,18.7,0.0,0.0,1.14,289.0,1.0404
2012-05-24 10:00:00,23.0,79,19.2,0.0,0.0,1.56,385.0,1.386
2012-05-24 11:00:00,23.8,77,19.6,0.0,0.0,2.05,456.0,1.6416
2012-05-24 12:00:00,24.5,76,19.9,0.2,0.0,2.76,493.0,1.7748
2012-05-24 13:00:00,25.1,74,20.1,0.0,0.0,3.4,525.0,1.89
2012-05-24 14:00:00,26.7,61,18.5,0.0,0.0,3.8,772.0,2.7792
2012-05-24 15:00:00,26.6,56,17.1,0.0,0.0,3.94,693.0,2.4948
2012-05-24 16:00:00,26.3,56,16.9,0.0,0.0,4.17,513.0,1.8468
2012-05-24 17:00:00,25.3,62,17.5,0.0,0.0,3.54,361.0,1.2995999999999999
2012-05-24 18:00:00,24.1,70,18.3,0.0,0.0,3.58,178.0,0.6408
2012-05-24 19:00:00,23.0,77,18.8,0.0,0.0,2.78,76.0,0.2736
2012-05-24 20:00:00,21.8,83,18.7,0.0,0.0,3.02,3.0,0.0108
2012-05-24 21:00:00,21.0,88,18.8,0.0,0.0,3.42,0.0,0.0
2012-05-24 22:00:00,20.2,93,19.0,0.0,0.0,3.04,0.0,0.0
2012-05-24 23:00:00,19.4,97,18.9,0.0,0.0,2.48,0.0,0.0
2012-05-25 00:00:00,19.2,98,18.9,0.0,0.0,2.34,0.0,0.0
2012-05-25 01:00:00,19.1,100,19.0,0.0,0.0,2.13,0.0,0.0
2012-05-25 02:00:00,20.1,96,19.5,0.0,0.0,2.26,0.0,0.0
2012-05-25 03:00:00,19.8,98,19.5,0.0,0.0,2.36,0.0,0.0
2012-05-25 04:00:00,19.8,98,19.5,0.0,0.0,2.02,0.0,0.0
2012-05-25 05:00:00,19.9,98,19.6,0.0,0.0,1.33,0.0,0.0
2012-05-25 06:00:00,20.3,96,19.6,0.0,0.0,1.41,20.0,0.072
2012-05-25 07:00:00,21.2,89,19.4,0.0,0.0,1.57,77.0,0.2772
2012-05-25 08:00:00,22.2,85,19.6,0.0,0.0,0.92,179.0,0.6444
2012-05-25 09:00:00,23.5,78,19.4,0.1,0.0,0.94,267.0,0.9611999999999999
2012-05-25 10:00:00,24.2,74,19.2,0.0,0.0,1.17,248.0,0.8927999999999999
2012-05-25 11:00:00,25.4,68,19.0,0.0,0.0,1.17,394.0,1.4183999999999999
2012-05-25 12:00:00,26.2,65,19.0,0.1,0.0,1.5,551.0,1.9836
2012-05-25 13:00:00,27.8,60,19.3,0.0,0.0,1.89,788.0,2.8367999999999998
2012-05-25 14:00:00,28.6,61,20.5,0.0,0.0,2.28,763.0,2.7468
2012-05-25 15:00:00,28.8,60,20.3,0.0,0.0,2.69,678.0,2.4408
2012-05-25 16:00:00,28.4,60,19.9,0.0,0.0,2.59,478.0,1.7207999999999999
2012-05-25 17:00:00,27.5,62,19.6,0.2,0.0,1.8,289.0,1.0404
2012-05-25 18:00:00,25.9,70,20.1,0.3,0.0,2.06,194.0,0.6984
2012-05-25 19:00:00,24.6,77,20.3,0.0,0.0,2.51,69.0,0.24839999999999998
2012-05-25 20:00:00,23.2,83,20.1,0.0,0.0,2.6,3.0,0.0108
2012-05-25 21:00:00,22.1,89,20.2,0.0,0.0,2.06,0.0,0.0
2012-05-25 22:00:00,21.1,94,20.1,0.0,0.0,1.7,0.0,0.0
2012-05-25 23:00:00,20.3,97,19.8,0.0,0.0,1.4,0.0,0.0
2012-05-26 00:00:00,19.6,99,19.4,0.0,0.0,1.32,0.0,0.0
2012-05-26 01:00:00,19.1,100,19.0,0.0,0.0,1.5,0.0,0.0
2012-05-26 02:00:00,19.0,99,18.9,0.0,0.0,1.91,0.0,0.0
2012-05-26 03:00:00,18.5,100,18.5,0.0,0.0,1.91,0.0,0.0
2012-05-26 04:00:00,18.3,100,18.3,0.0,0.0,2.1,0.0,0.0
2012-05-26 05:00:00,18.1,100,18.1,0.0,0.0,2.09,1.0,0.0036
2012-05-26 06:00:00,19.6,98,19.2,0.0,0.0,3.21,56.0,0.2016
2012-05-26 07:00:00,21.2,90,19.5,0.0,0.0,2.79,188.0,0.6768
2012-05-26 08:00:00,23.2,82,19.9,0.0,0.0,2.15,367.0,1.3212
2012-05-26 09:00:00,25.3,72,19.9,0.0,0.0,1.96,592.0,2.1311999999999998
2012-05-26 10:00:00,27.2,63,19.7,0.0,0.0,1.51,750.0,2.6999999999999997
2012-05-26 11:00:00,28.8,57,19.4,0.0,0.0,1.51,866.0,3.1176
2012-05-26 12:00:00,30.0,51,18.8,0.0,0.0,1.58,884.0,3.1824
2012-05-26 13:00:00,30.8,48,18.6,0.0,0.0,1.96,878.0,3.1608
2012-05-26 14:00:00,30.5,52,19.5,0.0,0.0,2.22,774.0,2.7864
2012-05-26 15:00:00,30.7,51,19.3,0.0,0.0,2.22,709.0,2.5524
2012-05-26 16:00:00,30.3,51,19.1,0.0,0.0,2.45,561.0,2.0196
2012-05-26 17:00:00,29.4,54,19.2,0.2,0.0,1.8,415.0,1.494
2012-05-26 18:00:00,28.3,58,19.2,0.0,0.0,2.11,213.0,0.7667999999999999
2012-05-26 19:00:00,26.7,65,19.5,0.0,0.0,2.52,56.0,0.2016
2012-05-26 20:00:00,25.2,69,19.2,0.0,0.0,2.79,3.0,0.0108
2012-05-26 21:00:00,24.2,74,19.3,0.0,0.0,2.77,0.0,0.0
2012-05-26 22:00:00,23.3,78,19.3,0.0,0.0,2.5,0.0,0.0
2012-05-26 23:00:00,22.4,82,19.2,0.0,0.0,2.18,0.0,0.0
2012-05-27 00:00:00,21.8,85,19.1,0.0,0.0,2.28,0.0,0.0
2012-05-27 01:00:00,21.3,86,18.9,0.0,0.0,2.31,0.0,0.0
2012-05-27 02:00:00,21.1,90,19.4,0.0,0.0,2.19,0.0,0.0
2012-05-27 03:00:00,20.4,93,19.2,0.0,0.0,2.06,0.0,0.0
2012-05-27 04:00:00,20.0,94,19.0,0.0,0.0,2.25,0.0,0.0
2012-05-27 05:00:00,19.6,95,18.9,0.0,0.0,2.33,1.0,0.0036
2012-05-27 06:00:00,20.5,93,19.3,0.0,0.0,2.12,63.0,0.2268
2012-05-27 07:00:00,22.4,83,19.3,0.0,0.0,2.18,219.0,0.7884
2012-05-27 08:00:00,24.3,73,19.3,0.0,0.0,2.12,410.0,1.476
2012-05-27 09:00:00,26.2,65,19.1,0.0,0.0,2.47,595.0,2.142
2012-05-27 10:00:00,27.8,59,18.9,0.0,0.0,2.73,719.0,2.5884
2012-05-27 11:00:00,29.0,53,18.4,0.0,0.0,2.62,794.0,2.8584
2012-05-27 12:00:00,30.2,47,17.7,0.0,0.0,2.6,891.0,3.2076
2012-05-27 13:00:00,30.8,44,17.1,0.0,0.0,2.62,866.0,3.1176
2012-05-27 14:00:00,30.6,44,17.1,0.0,0.0,2.93,813.0,2.9268
2012-05-27 15:00:00,30.8,44,17.0,0.0,0.0,3.32,768.0,2.7648
2012-05-27 16:00:00,30.5,45,17.1,0.0,0.0,3.22,597.0,2.1492
2012-05-27 17:00:00,30.0,46,17.2,0.0,0.0,3.14,435.0,1.566
2012-05-27 18:00:00,28.8,51,17.6,0.0,0.0,2.72,233.0,0.8388
2012-05-27 19:00:00,27.1,59,18.4,0.0,0.0,1.65,81.0,0.29159999999999997
2012-05-27 20:00:00,25.6,65,18.6,0.0,0.0,1.73,3.0,0.0108
2012-05-27 21:00:00,24.4,74,19.5,0.0,0.0,2.33,0.0,0.0
2012-05-27 22:00:00,23.5,82,20.2,0.0,0.0,2.53,0.0,0.0
2012-05-27 23:00:00,22.9,86,20.5,0.0,0.0,3.01,0.0,0.0
2012-05-28 00:00:00,22.4,90,20.6,0.0,0.0,3.48,0.0,0.0
2012-05-28 01:00:00,22.0,92,20.6,0.0,0.0,3.58,0.0,0.0
2012-05-28 02:00:00,21.9,91,20.3,0.0,0.0,3.5,0.0,0.0
2012-05-28 03:00:00,21.6,92,20.2,0.0,0.0,3.25,0.0,0.0
2012-05-28 04:00:00,21.3,93,20.1,0.0,0.0,2.9,0.0,0.0
2012-05-28 05:00:00,21.0,95,20.1,0.0,0.0,1.39,1.0,0.0036
2012-05-28 06:00:00,21.5,93,20.3,0.0,0.0,0.28,66.0,0.2376
2012-05-28 07:00:00,23.5,84,20.6,0.0,0.0,1.1,202.0,0.7272
2012-05-28 08:00:00,25.8,73,20.7,0.0,0.0,1.7,418.0,1.5048
2012-05-28 09:00:00,27.9,64,20.4,0.0,0.0,2.14,601.0,2.1635999999999997
2012-05-28 10:00:00,29.8,55,19.8,0.0,0.0,2.15,746.0,2.6856
2012-05-28 11:00:00,31.2,50,19.4,0.0,0.0,1.14,861.0,3.0996
2012-05-28 12:00:00,32.0,46,19.1,0.0,0.0,1.17,900.0,3.2399999999999998
2012-05-28 13:00:00,32.6,44,18.9,0.0,0.0,2.15,858.0,3.0888
2012-05-28 14:00:00,32.8,47,20.0,0.0,0.0,2.3,802.0,2.8872
2012-05-28 15:00:00,32.9,46,19.9,0.0,0.0,2.28,620.0,2.2319999999999998
2012-05-28 16:00:00,31.3,49,19.3,0.0,0.0,2.77,483.0,1.7388
2012-05-28 17:00:00,30.2,52,19.3,0.0,0.0,2.6,317.0,1.1412
2012-05-28 18:00:00,29.6,54,19.3,0.0,0.0,2.9,180.0,0.648
2012-05-28 19:00:00,28.4,60,19.8,0.0,0.0,2.61,67.0,0.2412
2012-05-28 20:00:00,27.1,64,19.7,0.0,0.0,3.16,4.0,0.0144
2012-05-28 21:00:00,26.1,70,20.2,0.0,0.0,3.16,0.0,0.0
2012-05-28 22:00:00,25.2,75,20.5,0.0,0.0,3.13,0.0,0.0
2012-05-28 23:00:00,24.6,78,20.5,0.0,0.0,3.22,0.0,0.0
2012-05-29 00:00:00,24.1,80,20.4,0.0,0.0,3.45,0.0,0.0
2012-05-29 01:00:00,23.6,82,20.3,0.0,0.0,3.77,0.0,0.0
2012-05-29 02:00:00,23.7,80,20.1,0.0,0.0,3.72,0.0,0.0
2012-05-29 03:00:00,23.3,81,19.9,0.0,0.0,3.47,0.0,0.0
2012-05-29 04:00:00,22.8,83,19.7,0.0,0.0,3.12,0.0,0.0
2012-05-29 05:00:00,22.3,85,19.7,0.0,0.0,2.64,1.0,0.0036
2012-05-29 06:00:00,22.8,84,19.9,0.0,0.0,2.94,69.0,0.24839999999999998
2012-05-29 07:00:00,24.6,76,20.1,0.0,0.0,3.45,231.0,0.8316
2012-05-29 08:00:00,26.4,69,20.3,0.0,0.0,3.69,419.0,1.5084
2012-05-29 09:00:00,28.2,62,20.4,0.0,0.0,4.08,600.0,2.16
2012-05-29 10:00:00,30.0,55,19.9,0.0,0.0,4.39,755.0,2.718
2012-05-29 11:00:00,31.4,49,19.3,0.0,0.0,4.46,863.0,3.1068
2012-05-29 12:00:00,32.2,45,18.6,0.0,0.0,4.66,891.0,3.2076
2012-05-29 13:00:00,32.8,43,18.4,0.0,0.0,4.88,825.0,2.9699999999999998
2012-05-29 14:00:00,31.8,48,19.4,0.6,0.0,4.75,770.0,2.772
2012-05-29 15:00:00,31.3,49,19.4,0.7,0.0,4.94,592.0,2.1311999999999998
2012-05-29 16:00:00,31.3,49,19.2,0.0,0.0,4.96,457.0,1.6452
2012-05-29 17:00:00,29.8,53,19.2,0.0,0.0,3.8,268.0,0.9648
2012-05-29 18:00:00,29.2,55,19.2,0.0,0.0,2.95,160.0,0.576
2012-05-29 19:00:00,28.3,59,19.5,0.0,0.0,2.82,67.0,0.2412
2012-05-29 20:00:00,27.4,62,19.4,0.0,0.0,2.12,3.0,0.0108
2012-05-29 21:00:00,26.7,65,19.6,0.0,0.0,1.49,0.0,0.0
2012-05-29 22:00:00,25.8,69,19.8,0.0,0.0,1.2,0.0,0.0
2012-05-29 23:00:00,25.1,73,19.9,0.2,0.0,0.72,0.0,0.0
2012-05-30 00:00:00,23.1,83,20.2,2.4,0.0,0.98,0.0,0.0
2012-05-30 01:00:00,21.9,92,20.6,1.9,0.0,1.58,0.0,0.0
2012-05-30 02:00:00,21.7,95,20.9,0.5,0.0,2.01,0.0,0.0
2012-05-30 03:00:00,21.5,96,20.7,0.3,0.0,1.98,0.0,0.0
2012-05-30 04:00:00,21.1,96,20.4,0.2,0.0,2.19,0.0,0.0
2012-05-30 05:00:00,20.8,96,20.2,0.2,0.0,1.63,0.0,0.0
2012-05-30 06:00:00,20.8,95,19.9,0.2,0.0,1.26,15.0,0.054
2012-05-30 07:00:00,20.9,92,19.6,0.0,0.0,1.7,48.0,0.1728
2012-05-30 08:00:00,21.4,86,19.1,0.0,0.0,1.8,115.0,0.414
2012-05-30 09:00:00,21.9,79,18.1,0.0,0.0,1.44,180.0,0.648
2012-05-30 10:00:00,22.5,73,17.4,0.0,0.0,1.03,338.0,1.2167999999999999
2012-05-30 11:00:00,24.0,64,16.8,0.0,0.0,1.08,529.0,1.9043999999999999
2012-05-30 12:00:00,25.5,55,15.9,0.0,0.0,1.32,674.0,2.4264
2012-05-30 13:00:00,27.1,48,15.0,0.0,0.0,1.46,776.0,2.7936
2012-05-30 14:00:00,26.8,49,15.1,0.0,0.0,1.3,638.0,2.2967999999999997
2012-05-30 15:00:00,26.7,49,15.0,0.0,0.0,0.8,489.0,1.7604
2012-05-30 16:00:00,26.3,51,15.3,0.0,0.0,1.25,338.0,1.2167999999999999
2012-05-30 17:00:00,26.2,52,15.5,0.0,0.0,1.08,329.0,1.1844
2012-05-30 18:00:00,25.4,55,15.8,0.0,0.0,1.53,203.0,0.7308
2012-05-30 19:00:00,24.2,63,16.6,0.0,0.0,1.84,77.0,0.2772
2012-05-30 20:00:00,22.7,70,16.9,0.0,0.0,1.34,4.0,0.0144
2012-05-30 21:00:00,21.8,80,18.1,0.0,0.0,1.32,0.0,0.0
2012-05-30 22:00:00,20.5,85,17.9,0.0,0.0,1.57,0.0,0.0
2012-05-30 23:00:00,19.6,89,17.7,0.0,0.0,1.77,0.0,0.0
2012-05-31 00:00:00,19.1,90,17.4,0.0,0.0,1.97,0.0,0.0
2012-05-31 01:00:00,18.6,91,17.1,0.0,0.0,1.96,0.0,0.0
2012-05-31 02:00:00,18.8,88,16.7,0.0,0.0,2.1,0.0,0.0
2012-05-31 03:00:00,19.2,83,16.2,0.0,0.0,2.82,0.0,0.0
2012-05-31 04:00:00,19.5,76,15.2,0.0,0.0,3.2,0.0,0.0
2012-05-31 05:00:00,19.2,75,14.7,0.0,0.0,3.3,1.0,0.0036
2012-05-31 06:00:00,19.5,73,14.5,0.0,0.0,3.3,72.0,0.2592
2012-05-31 07:00:00,21.2,61,13.3,0.0,0.0,3.11,241.0,0.8675999999999999
2012-05-31 08:00:00,23.0,53,12.8,0.0,0.0,3.2,437.0,1.5732
2012-05-31 09:00:00,24.8,46,12.4,0.0,0.0,3.01,625.0,2.25
2012-05-31 10:00:00,26.4,41,12.1,0.0,0.0,2.79,784.0,2.8224
2012-05-31 11:00:00,27.5,38,11.8,0.0,0.0,2.51,900.0,3.2399999999999998
2012-05-31 12:00:00,28.5,34,11.0,0.0,0.0,2.94,978.0,3.5208
2012-05-31 13:00:00,29.1,31,10.2,0.0,0.0,3.44,944.0,3.3984
2012-05-31 14:00:00,27.6,40,12.7,0.0,0.0,2.77,475.0,1.71
2012-05-31 15:00:00,28.2,38,12.4,0.0,0.0,2.4,710.0,2.556
2012-05-31 16:00:00,28.1,37,12.1,0.0,0.0,2.55,517.0,1.8612
2012-05-31 17:00:00,27.8,37,11.9,0.0,0.0,1.17,391.0,1.4076
2012-05-31 18:00:00,27.0,40,12.2,0.0,0.0,1.14,251.0,0.9036
2012-05-31 19:00:00,25.3,54,15.3,0.0,0.0,1.22,93.0,0.3348
2012-05-31 20:00:00,23.1,54,13.3,0.0,0.0,2.11,5.0,0.018
2012-05-31 21:00:00,21.7,61,13.8,0.0,0.0,2.3,0.0,0.0
2012-05-31 22:00:00,20.8,67,14.5,0.0,0.0,2.12,0.0,0.0
2012-05-31 23:00:00,20.0,74,15.2,0.0,0.0,2.43,0.0,0.0
2012-06-01 00:00:00,19.4,78,15.4,0.0,0.0,2.84,0.0,0.0
2012-06-01 01:00:00,18.8,81,15.5,0.0,0.0,2.69,0.0,0.0
2012-06-01 02:00:00,18.3,90,16.6,0.0,0.0,2.56,0.0,0.0
2012-06-01 03:00:00,18.2,94,17.2,0.0,0.0,2.51,0.0,0.0
2012-06-01 04:00:00,18.4,96,17.8,0.0,0.0,2.88,0.0,0.0
2012-06-01 05:00:00,19.0,96,18.3,0.0,0.0,2.38,1.0,0.0036
2012-06-01 06:00:00,20.0,92,18.7,0.0,0.0,2.61,49.0,0.1764
2012-06-01 07:00:00,21.6,83,18.5,0.1,0.0,3.26,148.0,0.5327999999999999
2012-06-01 08:00:00,22.5,77,18.3,0.2,0.0,3.61,238.0,0.8568
2012-06-01 09:00:00,24.0,70,18.1,0.0,0.0,3.94,399.0,1.4364
2012-06-01 10:00:00,25.3,65,18.3,0.0,0.0,4.16,483.0,1.7388
2012-06-01 11:00:00,27.0,60,18.5,0.0,0.0,4.7,681.0,2.4516
2012-06-01 12:00:00,28.1,56,18.5,0.0,0.0,5.09,706.0,2.5416
2012-06-01 13:00:00,27.7,58,18.6,0.0,0.0,5.32,446.0,1.6056
2012-06-01 14:00:00,25.3,68,18.9,0.6,0.0,5.48,384.0,1.3824
2012-06-01 15:00:00,24.2,75,19.5,1.1,0.0,4.83,299.0,1.0764
2012-06-01 16:00:00,22.9,86,20.5,3.9,0.0,4.18,232.0,0.8351999999999999
2012-06-01 17:00:00,23.5,86,21.0,0.2,0.0,2.33,189.0,0.6804
2012-06-01 18:00:00,23.5,86,21.1,0.2,0.0,4.32,121.0,0.4356
2012-06-01 19:00:00,21.6,91,20.1,2.2,0.0,3.86,23.0,0.0828
2012-06-01 20:00:00,20.8,96,20.1,1.3,0.0,4.24,0.0,0.0
2012-06-01 21:00:00,20.5,98,20.1,1.7,0.0,4.36,0.0,0.0
2012-06-01 22:00:00,19.8,99,19.7,1.3,0.0,4.39,0.0,0.0
2012-06-01 23:00:00,19.6,100,19.6,2.1,0.0,4.0,0.0,0.0
2012-06-02 00:00:00,19.7,99,19.5,0.4,0.0,3.89,0.0,0.0
2012-06-02 01:00:00,18.6,93,17.4,0.1,0.0,3.9,0.0,0.0
2012-06-02 02:00:00,16.7,82,13.7,0.0,0.0,3.96,0.0,0.0
2012-06-02 03:00:00,15.9,82,12.9,0.0,0.0,4.16,0.0,0.0
2012-06-02 04:00:00,15.1,81,11.8,0.0,0.0,4.07,0.0,0.0
2012-06-02 05:00:00,14.5,80,11.1,0.0,0.0,3.26,1.0,0.0036
2012-06-02 06:00:00,14.8,78,10.9,0.0,0.0,2.92,76.0,0.2736
2012-06-02 07:00:00,15.8,70,10.4,0.0,0.0,3.18,250.0,0.9
2012-06-02 08:00:00,17.2,61,9.7,0.0,0.0,4.44,444.0,1.5984
2012-06-02 09:00:00,18.6,55,9.3,0.0,0.0,4.91,633.0,2.2788
2012-06-02 10:00:00,19.8,50,9.0,0.0,0.0,4.77,779.0,2.8044
2012-06-02 11:00:00,21.1,44,8.2,0.0,0.0,4.63,859.0,3.0924
2012-06-02 12:00:00,21.9,40,7.7,0.0,0.0,4.33,801.0,2.8836
2012-06-02 13:00:00,22.4,37,7.0,0.0,0.0,4.05,758.0,2.7288
2012-06-02 14:00:00,21.6,40,7.5,0.0,0.0,3.77,548.0,1.9727999999999999
2012-06-02 15:00:00,21.6,39,7.0,0.0,0.0,3.47,372.0,1.3392
2012-06-02 16:00:00,21.7,38,6.7,0.0,0.0,3.16,286.0,1.0296
2012-06-02 17:00:00,21.5,39,7.1,0.0,0.0,2.24,223.0,0.8028
2012-06-02 18:00:00,21.3,42,7.9,0.0,0.0,1.96,195.0,0.702
2012-06-02 19:00:00,20.0,61,12.2,0.0,0.0,1.17,103.0,0.37079999999999996
2012-06-02 20:00:00,17.9,63,10.7,0.0,0.0,1.75,6.0,0.0216
2012-06-02 21:00:00,16.4,69,10.6,0.0,0.0,1.88,0.0,0.0
2012-06-02 22:00:00,15.8,69,10.1,0.0,0.0,2.22,0.0,0.0
2012-06-02 23:00:00,15.1,69,9.4,0.0,0.0,2.81,0.0,0.0
2012-06-03 00:00:00,14.4,70,9.0,0.0,0.0,3.18,0.0,0.0
2012-06-03 01:00:00,13.7,73,8.9,0.0,0.0,2.86,0.0,0.0
2012-06-03 02:00:00,13.5,74,8.9,0.0,0.0,2.52,0.0,0.0
2012-06-03 03:00:00,12.9,76,8.9,0.0,0.0,2.4,0.0,0.0
2012-06-03 04:00:00,12.6,77,8.7,0.0,0.0,2.3,0.0,0.0
2012-06-03 05:00:00,12.1,80,8.8,0.0,0.0,2.22,1.0,0.0036
2012-06-03 06:00:00,13.4,80,10.0,0.0,0.0,2.77,78.0,0.2808
2012-06-03 07:00:00,17.2,60,9.3,0.0,0.0,2.47,251.0,0.9036
2012-06-03 08:00:00,19.3,52,9.1,0.0,0.0,3.11,446.0,1.6056
2012-06-03 09:00:00,21.0,46,8.9,0.0,0.0,3.5,615.0,2.214
2012-06-03 10:00:00,22.2,42,8.6,0.0,0.0,3.71,751.0,2.7036
2012-06-03 11:00:00,22.9,40,8.6,0.0,0.0,3.51,763.0,2.7468
2012-06-03 12:00:00,23.9,38,8.5,0.0,0.0,3.91,819.0,2.9484
2012-06-03 13:00:00,24.9,36,8.7,0.0,0.0,3.91,920.0,3.312
2012-06-03 14:00:00,24.9,39,9.8,0.0,0.0,3.92,798.0,2.8728
2012-06-03 15:00:00,24.9,39,10.1,0.0,0.0,3.92,633.0,2.2788
2012-06-03 16:00:00,25.0,40,10.3,0.0,0.0,3.62,559.0,2.0124
2012-06-03 17:00:00,24.8,39,9.9,0.0,0.0,3.22,462.0,1.6632
2012-06-03 18:00:00,24.2,41,10.0,0.0,0.0,2.55,289.0,1.0404
2012-06-03 19:00:00,22.7,47,10.8,0.0,0.0,1.62,96.0,0.3456
2012-06-03 20:00:00,21.3,50,10.3,0.0,0.0,1.34,5.0,0.018
2012-06-03 21:00:00,20.0,55,10.7,0.0,0.0,1.28,0.0,0.0
2012-06-03 22:00:00,18.9,59,10.6,0.0,0.0,1.3,0.0,0.0
2012-06-03 23:00:00,18.2,60,10.3,0.0,0.0,1.44,0.0,0.0
2012-06-04 00:00:00,17.7,61,10.2,0.0,0.0,2.3,0.0,0.0
2012-06-04 01:00:00,17.4,64,10.6,0.0,0.0,2.87,0.0,0.0
2012-06-04 02:00:00,17.1,68,11.3,0.0,0.0,3.36,0.0,0.0
2012-06-04 03:00:00,16.9,68,11.1,0.0,0.0,3.37,0.0,0.0
2012-06-04 04:00:00,16.7,70,11.1,0.0,0.0,3.24,0.0,0.0
2012-06-04 05:00:00,16.3,74,11.6,0.0,0.0,2.51,1.0,0.0036
2012-06-04 06:00:00,17.1,73,12.1,0.0,0.0,3.01,65.0,0.23399999999999999
2012-06-04 07:00:00,18.7,67,12.4,0.0,0.0,3.45,173.0,0.6228
2012-06-04 08:00:00,20.1,56,11.1,0.0,0.0,5.13,363.0,1.3068
2012-06-04 09:00:00,21.3,49,10.0,0.0,0.0,5.47,601.0,2.1635999999999997
2012-06-04 10:00:00,22.0,45,9.5,0.0,0.0,6.01,744.0,2.6784
2012-06-04 11:00:00,22.1,43,9.1,0.0,0.0,5.84,681.0,2.4516
2012-06-04 12:00:00,23.1,40,8.9,0.0,0.0,5.8,835.0,3.006
2012-06-04 13:00:00,23.5,38,8.4,0.0,0.0,5.78,783.0,2.8188
2012-06-04 14:00:00,22.4,42,8.8,0.0,0.0,5.82,643.0,2.3148
2012-06-04 15:00:00,22.4,41,8.4,0.0,0.0,5.64,588.0,2.1168
2012-06-04 16:00:00,21.9,41,8.1,0.0,0.0,5.41,368.0,1.3248
2012-06-04 17:00:00,21.9,40,7.6,0.0,0.0,4.09,421.0,1.5156
2012-06-04 18:00:00,21.2,41,7.5,0.0,0.0,3.51,170.0,0.612
2012-06-04 19:00:00,20.4,46,8.3,0.0,0.0,2.72,97.0,0.3492
2012-06-04 20:00:00,19.2,48,7.9,0.0,0.0,2.95,6.0,0.0216
2012-06-04 21:00:00,18.2,53,8.3,0.0,0.0,3.31,0.0,0.0
2012-06-04 22:00:00,17.6,57,9.0,0.0,0.0,3.4,0.0,0.0
2012-06-04 23:00:00,16.8,65,10.2,0.0,0.0,3.25,0.0,0.0
2012-06-05 00:00:00,16.1,72,11.1,0.0,0.0,3.12,0.0,0.0
2012-06-05 01:00:00,15.4,78,11.7,0.0,0.0,3.0,0.0,0.0
2012-06-05 02:00:00,14.9,81,11.6,0.0,0.0,2.86,0.0,0.0
2012-06-05 03:00:00,14.6,82,11.5,0.0,0.0,2.84,0.0,0.0
2012-06-05 04:00:00,14.5,81,11.3,0.0,0.0,2.69,0.0,0.0
2012-06-05 05:00:00,14.3,82,11.2,0.0,0.0,2.41,1.0,0.0036
2012-06-05 06:00:00,14.3,81,11.0,0.0,0.0,2.83,40.0,0.144
2012-06-05 07:00:00,14.6,78,10.8,0.0,0.0,3.04,136.0,0.4896
2012-06-05 08:00:00,15.4,72,10.3,0.0,0.0,2.76,272.0,0.9792
2012-06-05 09:00:00,16.5,64,9.7,0.0,0.0,2.69,453.0,1.6308
2012-06-05 10:00:00,17.8,56,9.0,0.0,0.0,2.48,615.0,2.214
2012-06-05 11:00:00,18.5,51,8.1,0.0,0.0,2.12,557.0,2.0052
2012-06-05 12:00:00,19.6,46,7.8,0.0,0.0,2.39,587.0,2.1132
2012-06-05 13:00:00,20.6,42,7.4,0.0,0.0,2.56,667.0,2.4012
2012-06-05 14:00:00,19.6,45,7.3,0.0,0.0,2.8,387.0,1.3932
2012-06-05 15:00:00,20.1,43,7.2,0.0,0.0,2.62,465.0,1.674
2012-06-05 16:00:00,19.8,43,7.0,0.0,0.0,2.59,294.0,1.0584
2012-06-05 17:00:00,19.4,45,7.0,0.0,0.0,2.25,162.0,0.5831999999999999
2012-06-05 18:00:00,18.8,48,7.4,0.0,0.0,1.92,117.0,0.42119999999999996
2012-06-05 19:00:00,18.3,52,8.4,0.0,0.0,1.48,72.0,0.2592
2012-06-05 20:00:00,17.2,59,9.1,0.0,0.0,1.1,6.0,0.0216
2012-06-05 21:00:00,15.7,71,10.4,0.0,0.0,1.03,0.0,0.0
2012-06-05 22:00:00,15.1,72,10.2,0.0,0.0,1.03,0.0,0.0
2012-06-05 23:00:00,14.5,75,10.2,0.0,0.0,1.0,0.0,0.0
2012-06-06 00:00:00,14.0,79,10.3,0.0,0.0,1.22,0.0,0.0
2012-06-06 01:00:00,13.8,80,10.4,0.0,0.0,1.27,0.0,0.0
2012-06-06 02:00:00,14.1,79,10.4,0.0,0.0,1.27,0.0,0.0
2012-06-06 03:00:00,13.6,81,10.4,0.0,0.0,1.22,0.0,0.0
2012-06-06 04:00:00,13.6,80,10.3,0.0,0.0,1.49,0.0,0.0
2012-06-06 05:00:00,13.7,80,10.4,0.0,0.0,0.73,1.0,0.0036
2012-06-06 06:00:00,14.1,78,10.4,0.0,0.0,0.73,64.0,0.2304
2012-06-06 07:00:00,16.3,67,10.2,0.0,0.0,0.32,220.0,0.7919999999999999
2012-06-06 08:00:00,18.7,52,8.8,0.0,0.0,0.1,423.0,1.5228
2012-06-06 09:00:00,20.3,44,7.7,0.0,0.0,0.0,630.0,2.268
2012-06-06 10:00:00,21.2,41,7.3,0.0,0.0,0.22,704.0,2.5343999999999998
2012-06-06 11:00:00,21.8,39,7.3,0.0,0.0,0.0,627.0,2.2572
2012-06-06 12:00:00,22.5,38,7.3,0.0,0.0,0.5,737.0,2.6532
2012-06-06 13:00:00,22.7,36,7.0,0.0,0.0,0.51,611.0,2.1995999999999998
2012-06-06 14:00:00,22.7,36,6.9,0.0,0.0,0.3,571.0,2.0556
2012-06-06 15:00:00,23.0,36,7.1,0.0,0.0,0.28,607.0,2.1852
2012-06-06 16:00:00,22.8,36,7.1,0.0,0.0,0.63,492.0,1.7711999999999999
2012-06-06 17:00:00,22.5,38,7.3,0.0,0.0,1.8,344.0,1.2384
2012-06-06 18:00:00,21.4,43,8.4,0.0,0.0,2.4,170.0,0.612
2012-06-06 19:00:00,20.2,52,10.0,0.0,0.0,2.5,93.0,0.3348
2012-06-06 20:00:00,18.7,59,10.4,0.0,0.0,2.65,7.0,0.0252
2012-06-06 21:00:00,17.7,66,11.2,0.0,0.0,2.79,0.0,0.0
2012-06-06 22:00:00,17.1,71,11.7,0.0,0.0,2.78,0.0,0.0
2012-06-06 23:00:00,16.5,75,12.0,0.0,0.0,2.48,0.0,0.0
2012-06-07 00:00:00,15.7,80,12.2,0.0,0.0,2.22,0.0,0.0
2012-06-07 01:00:00,14.9,85,12.3,0.0,0.0,2.15,0.0,0.0
2012-06-07 02:00:00,14.1,89,12.2,0.0,0.0,2.28,0.0,0.0
2012-06-07 03:00:00,13.4,91,12.0,0.0,0.0,2.15,0.0,0.0
2012-06-07 04:00:00,13.0,92,11.8,0.0,0.0,1.84,0.0,0.0
2012-06-07 05:00:00,12.8,93,11.7,0.0,0.0,1.61,1.0,0.0036
2012-06-07 06:00:00,14.1,92,12.7,0.0,0.0,1.75,78.0,0.2808
2012-06-07 07:00:00,17.7,74,13.1,0.0,0.0,1.7,246.0,0.8855999999999999
2012-06-07 08:00:00,20.4,60,12.5,0.0,0.0,2.02,440.0,1.5839999999999999
2012-06-07 09:00:00,22.6,47,10.8,0.0,0.0,2.48,624.0,2.2464
2012-06-07 10:00:00,23.9,39,9.1,0.0,0.0,2.86,710.0,2.556
2012-06-07 11:00:00,24.4,37,8.6,0.0,0.0,2.94,661.0,2.3796
2012-06-07 12:00:00,25.0,35,8.4,0.0,0.0,2.77,735.0,2.646
2012-06-07 13:00:00,25.7,33,8.3,0.0,0.0,2.83,770.0,2.772
2012-06-07 14:00:00,25.9,33,8.2,0.0,0.0,3.11,712.0,2.5632
2012-06-07 15:00:00,25.9,32,7.9,0.0,0.0,3.19,576.0,2.0736
2012-06-07 16:00:00,25.8,32,7.8,0.0,0.0,3.33,527.0,1.8972
2012-06-07 17:00:00,25.2,33,7.6,0.0,0.0,2.48,365.0,1.314
2012-06-07 18:00:00,24.4,36,8.3,0.0,0.0,2.76,210.0,0.756
2012-06-07 19:00:00,23.2,42,9.4,0.0,0.0,2.58,96.0,0.3456
2012-06-07 20:00:00,21.7,43,8.6,0.0,0.0,2.28,6.0,0.0216
2012-06-07 21:00:00,20.6,47,8.9,0.0,0.0,1.91,0.0,0.0
2012-06-07 22:00:00,19.3,53,9.4,0.0,0.0,1.94,0.0,0.0
2012-06-07 23:00:00,18.3,60,10.4,0.0,0.0,1.89,0.0,0.0
2012-06-08 00:00:00,17.1,68,11.2,0.0,0.0,1.89,0.0,0.0
2012-06-08 01:00:00,16.2,74,11.5,0.0,0.0,1.86,0.0,0.0
2012-06-08 02:00:00,15.0,78,11.2,0.0,0.0,1.98,0.0,0.0
2012-06-08 03:00:00,14.4,81,11.2,0.0,0.0,2.0,0.0,0.0
2012-06-08 04:00:00,13.9,84,11.2,0.0,0.0,1.94,0.0,0.0
2012-06-08 05:00:00,13.5,86,11.3,0.0,0.0,1.58,2.0,0.0072
2012-06-08 06:00:00,15.0,85,12.4,0.0,0.0,2.02,79.0,0.2844
2012-06-08 07:00:00,19.3,63,12.1,0.0,0.0,1.89,249.0,0.8964
2012-06-08 08:00:00,21.9,53,11.9,0.0,0.0,2.19,443.0,1.5948
2012-06-08 09:00:00,24.1,44,11.0,0.0,0.0,2.3,629.0,2.2643999999999997
2012-06-08 10:00:00,25.8,36,9.4,0.0,0.0,3.14,787.0,2.8331999999999997
2012-06-08 11:00:00,26.8,32,8.6,0.0,0.0,3.83,802.0,2.8872
2012-06-08 12:00:00,27.6,30,8.3,0.0,0.0,3.69,870.0,3.132
2012-06-08 13:00:00,28.2,28,7.9,0.0,0.0,3.64,867.0,3.1212
2012-06-08 14:00:00,27.8,31,9.1,0.0,0.0,3.7,719.0,2.5884
2012-06-08 15:00:00,28.2,30,8.7,0.0,0.0,3.89,678.0,2.4408
2012-06-08 16:00:00,28.1,28,8.1,0.0,0.0,4.24,516.0,1.8576
2012-06-08 17:00:00,27.7,29,7.9,0.0,0.0,2.33,305.0,1.0979999999999999
2012-06-08 18:00:00,26.8,31,8.4,0.0,0.0,1.84,196.0,0.7056
2012-06-08 19:00:00,25.4,37,9.5,0.0,0.0,1.81,92.0,0.3312
2012-06-08 20:00:00,23.8,39,9.1,0.0,0.0,2.24,7.0,0.0252
2012-06-08 21:00:00,22.2,47,10.2,0.0,0.0,2.1,0.0,0.0
2012-06-08 22:00:00,20.4,61,12.5,0.0,0.0,2.06,0.0,0.0
2012-06-08 23:00:00,19.0,63,11.8,0.0,0.0,2.47,0.0,0.0
2012-06-09 00:00:00,18.0,65,11.4,0.0,0.0,2.65,0.0,0.0
2012-06-09 01:00:00,17.6,66,11.2,0.0,0.0,2.71,0.0,0.0
2012-06-09 02:00:00,17.1,70,11.5,0.0,0.0,2.65,0.0,0.0
2012-06-09 03:00:00,16.5,72,11.3,0.0,0.0,2.5,0.0,0.0
2012-06-09 04:00:00,15.9,74,11.2,0.0,0.0,2.38,0.0,0.0
2012-06-09 05:00:00,15.4,77,11.4,0.0,0.0,2.5,2.0,0.0072
2012-06-09 06:00:00,16.9,76,12.6,0.0,0.0,2.73,80.0,0.288
2012-06-09 07:00:00,21.8,53,11.7,0.0,0.0,2.21,251.0,0.9036
2012-06-09 08:00:00,24.7,44,11.5,0.0,0.0,2.65,442.0,1.5912
2012-06-09 09:00:00,27.3,36,10.8,0.0,0.0,2.94,624.0,2.2464
2012-06-09 10:00:00,29.2,30,9.8,0.0,0.0,3.0,781.0,2.8116
2012-06-09 11:00:00,30.6,26,9.0,0.0,0.0,3.28,895.0,3.222
2012-06-09 12:00:00,31.5,25,8.8,0.0,0.0,3.64,962.0,3.4632
2012-06-09 13:00:00,32.3,23,8.8,0.0,0.0,3.81,967.0,3.4812
2012-06-09 14:00:00,32.3,26,10.5,0.0,0.0,3.8,883.0,3.1788
2012-06-09 15:00:00,31.5,28,10.7,0.0,0.0,3.89,406.0,1.4616
2012-06-09 16:00:00,31.4,28,11.0,0.0,0.0,3.8,399.0,1.4364
2012-06-09 17:00:00,31.4,29,11.2,0.0,0.0,2.33,367.0,1.3212
2012-06-09 18:00:00,29.9,44,16.2,0.0,0.0,1.81,208.0,0.7488
2012-06-09 19:00:00,28.5,55,18.4,0.0,0.0,1.64,89.0,0.3204
2012-06-09 20:00:00,27.3,41,13.0,0.0,0.0,2.72,7.0,0.0252
2012-06-09 21:00:00,24.0,55,14.3,0.0,0.0,3.42,0.0,0.0
2012-06-09 22:00:00,22.2,58,13.6,0.0,0.0,3.54,0.0,0.0
2012-06-09 23:00:00,20.9,64,13.8,0.0,0.0,3.41,0.0,0.0
2012-06-10 00:00:00,19.9,68,13.9,0.0,0.0,3.05,0.0,0.0
2012-06-10 01:00:00,19.2,71,13.9,0.0,0.0,2.64,0.0,0.0
2012-06-10 02:00:00,18.5,71,13.2,0.0,0.0,2.26,0.0,0.0
2012-06-10 03:00:00,18.4,71,13.1,0.0,0.0,1.9,0.0,0.0
2012-06-10 04:00:00,18.0,74,13.3,0.0,0.0,1.81,0.0,0.0
2012-06-10 05:00:00,17.7,77,13.6,0.0,0.0,1.92,2.0,0.0072
2012-06-10 06:00:00,19.3,73,14.4,0.0,0.0,2.28,79.0,0.2844
2012-06-10 07:00:00,23.7,55,14.1,0.0,0.0,1.58,247.0,0.8892
2012-06-10 08:00:00,27.0,44,13.8,0.0,0.0,1.73,439.0,1.5804
2012-06-10 09:00:00,29.8,35,12.5,0.0,0.0,1.63,622.0,2.2392
2012-06-10 10:00:00,31.5,30,11.6,0.0,0.0,1.08,779.0,2.8044
2012-06-10 11:00:00,32.7,27,11.3,0.0,0.0,0.51,893.0,3.2148
2012-06-10 12:00:00,33.7,26,11.3,0.0,0.0,0.32,956.0,3.4415999999999998
2012-06-10 13:00:00,34.3,25,11.4,0.0,0.0,0.72,964.0,3.4703999999999997
2012-06-10 14:00:00,33.3,32,14.6,0.0,0.0,1.55,703.0,2.5307999999999997
2012-06-10 15:00:00,33.1,33,14.7,0.0,0.0,2.01,642.0,2.3112
2012-06-10 16:00:00,32.4,34,14.6,0.0,0.0,2.26,459.0,1.6523999999999999
2012-06-10 17:00:00,31.5,37,15.1,0.0,0.0,2.41,313.0,1.1268
2012-06-10 18:00:00,30.5,40,15.6,0.0,0.0,2.16,196.0,0.7056
2012-06-10 19:00:00,29.2,46,16.4,0.0,0.0,1.84,109.0,0.39239999999999997
2012-06-10 20:00:00,27.6,49,15.9,0.0,0.0,2.31,8.0,0.0288
2012-06-10 21:00:00,26.3,55,16.4,0.0,0.0,2.32,0.0,0.0
2012-06-10 22:00:00,25.5,58,16.7,0.0,0.0,2.26,0.0,0.0
2012-06-10 23:00:00,24.5,62,16.8,0.0,0.0,2.38,0.0,0.0
2012-06-11 00:00:00,23.7,65,16.8,0.0,0.0,2.47,0.0,0.0
2012-06-11 01:00:00,22.8,69,16.8,0.0,0.0,2.37,0.0,0.0
2012-06-11 02:00:00,21.5,78,17.6,0.0,0.0,2.11,0.0,0.0
2012-06-11 03:00:00,20.5,82,17.4,0.0,0.0,2.08,0.0,0.0
2012-06-11 04:00:00,19.9,84,17.2,0.0,0.0,2.11,0.0,0.0
2012-06-11 05:00:00,19.3,87,17.1,0.0,0.0,1.41,2.0,0.0072
2012-06-11 06:00:00,20.4,86,18.0,0.0,0.0,1.33,74.0,0.26639999999999997
2012-06-11 07:00:00,24.0,65,16.9,0.0,0.0,1.1,227.0,0.8171999999999999
2012-06-11 08:00:00,26.5,54,16.3,0.0,0.0,1.4,423.0,1.5228
2012-06-11 09:00:00,28.8,44,15.3,0.0,0.0,1.91,585.0,2.106
2012-06-11 10:00:00,30.2,39,14.7,0.0,0.0,3.01,708.0,2.5488
2012-06-11 11:00:00,31.0,36,14.4,0.0,0.0,4.13,767.0,2.7612
2012-06-11 12:00:00,31.5,35,14.2,0.0,0.0,4.59,824.0,2.9663999999999997
2012-06-11 13:00:00,31.7,34,14.1,0.0,0.0,4.92,824.0,2.9663999999999997
2012-06-11 14:00:00,30.8,40,15.7,0.0,0.0,5.07,626.0,2.2536
2012-06-11 15:00:00,30.5,41,15.7,0.0,0.0,5.19,532.0,1.9152
2012-06-11 16:00:00,30.0,42,15.7,0.0,0.0,5.22,419.0,1.5084
2012-06-11 17:00:00,29.3,44,15.8,0.0,0.0,4.64,284.0,1.0224
2012-06-11 18:00:00,28.5,47,16.1,0.0,0.0,4.27,158.0,0.5688
2012-06-11 19:00:00,27.1,53,16.7,0.0,0.0,3.54,60.0,0.216
2012-06-11 20:00:00,25.9,57,16.7,0.0,0.0,3.41,5.0,0.018
2012-06-11 21:00:00,25.0,60,16.7,0.0,0.0,2.3,0.0,0.0
2012-06-11 22:00:00,24.4,64,17.0,0.0,0.0,2.11,0.0,0.0
2012-06-11 23:00:00,23.7,69,17.7,0.0,0.0,2.4,0.0,0.0
2012-06-12 00:00:00,23.2,74,18.3,0.0,0.0,2.73,0.0,0.0
2012-06-12 01:00:00,22.8,77,18.6,0.0,0.0,3.05,0.0,0.0
2012-06-12 02:00:00,22.2,83,19.2,0.0,0.0,3.27,0.0,0.0
2012-06-12 03:00:00,22.1,85,19.5,0.0,0.0,3.61,0.0,0.0
2012-06-12 04:00:00,21.6,88,19.5,0.1,0.0,3.48,0.0,0.0
2012-06-12 05:00:00,21.3,90,19.6,0.2,0.0,3.18,0.0,0.0
2012-06-12 06:00:00,21.1,91,19.6,0.3,0.0,3.35,20.0,0.072
2012-06-12 07:00:00,21.2,90,19.6,0.1,0.0,3.42,38.0,0.1368
2012-06-12 08:00:00,22.1,86,19.6,0.1,0.0,3.66,109.0,0.39239999999999997
2012-06-12 09:00:00,22.2,86,19.8,0.5,0.0,3.45,63.0,0.2268
2012-06-12 10:00:00,22.7,86,20.2,0.6,0.0,2.75,186.0,0.6696
2012-06-12 11:00:00,22.4,89,20.5,0.8,0.0,2.62,142.0,0.5112
2012-06-12 12:00:00,21.8,94,20.8,1.7,0.0,3.11,77.0,0.2772
2012-06-12 13:00:00,21.3,96,20.7,2.7,0.0,3.21,60.0,0.216
2012-06-12 14:00:00,21.4,99,21.2,0.8,0.0,3.4,36.0,0.1296
2012-06-12 15:00:00,21.5,99,21.3,0.5,0.0,3.21,24.0,0.0864
2012-06-12 16:00:00,22.1,95,21.2,0.2,0.0,2.92,90.0,0.324
2012-06-12 17:00:00,22.9,92,21.6,0.0,0.0,2.47,135.0,0.486
2012-06-12 18:00:00,23.5,91,21.9,0.0,0.0,1.55,150.0,0.54
2012-06-12 19:00:00,23.0,94,21.9,0.0,0.0,0.92,77.0,0.2772
2012-06-12 20:00:00,22.1,97,21.5,0.1,0.0,1.4,6.0,0.0216
2012-06-12 21:00:00,21.7,98,21.3,0.1,0.0,1.73,0.0,0.0
2012-06-12 22:00:00,21.4,98,21.1,0.0,0.0,2.01,0.0,0.0
2012-06-12 23:00:00,21.2,98,20.9,0.0,0.0,2.77,0.0,0.0
2012-06-13 00:00:00,20.9,98,20.6,0.0,0.0,2.77,0.0,0.0
2012-06-13 01:00:00,20.9,98,20.5,0.0,0.0,2.94,0.0,0.0
2012-06-13 02:00:00,20.4,97,19.9,0.0,0.0,3.26,0.0,0.0
2012-06-13 03:00:00,20.3,96,19.7,0.0,0.0,4.03,0.0,0.0
2012-06-13 04:00:00,20.4,96,19.7,0.0,0.0,4.68,0.0,0.0
2012-06-13 05:00:00,20.3,95,19.5,0.0,0.0,3.98,1.0,0.0036
2012-06-13 06:00:00,20.1,93,18.9,0.0,0.0,4.24,55.0,0.19799999999999998
2012-06-13 07:00:00,20.4,87,18.2,0.0,0.0,4.43,198.0,0.7128
2012-06-13 08:00:00,21.0,76,16.7,0.0,0.0,5.38,371.0,1.3356
2012-06-13 09:00:00,22.2,61,14.4,0.0,0.0,5.36,561.0,2.0196
2012-06-13 10:00:00,23.7,49,12.4,0.0,0.0,5.26,724.0,2.6064
2012-06-13 11:00:00,25.2,40,10.6,0.0,0.0,5.16,862.0,3.1031999999999997
2012-06-13 12:00:00,26.3,34,9.0,0.0,0.0,4.98,930.0,3.348
2012-06-13 13:00:00,27.2,29,7.8,0.0,0.0,4.88,933.0,3.3588
2012-06-13 14:00:00,27.1,28,7.1,0.0,0.0,4.87,889.0,3.2004
2012-06-13 15:00:00,27.4,27,7.0,0.0,0.0,4.94,809.0,2.9124
2012-06-13 16:00:00,27.3,28,7.3,0.0,0.0,5.0,679.0,2.4444
2012-06-13 17:00:00,26.7,30,7.6,0.0,0.0,4.4,503.0,1.8108
2012-06-13 18:00:00,25.6,33,8.2,0.0,0.0,4.22,281.0,1.0116
2012-06-13 19:00:00,24.3,38,9.3,0.0,0.0,3.57,113.0,0.4068
2012-06-13 20:00:00,22.9,42,9.2,0.0,0.0,3.47,10.0,0.036
2012-06-13 21:00:00,21.7,47,9.9,0.0,0.0,3.62,0.0,0.0
2012-06-13 22:00:00,20.8,52,10.5,0.0,0.0,3.92,0.0,0.0
2012-06-13 23:00:00,20.2,56,11.0,0.0,0.0,3.95,0.0,0.0
2012-06-14 00:00:00,19.7,59,11.4,0.0,0.0,3.77,0.0,0.0
2012-06-14 01:00:00,19.3,61,11.5,0.0,0.0,3.65,0.0,0.0
2012-06-14 02:00:00,19.5,59,11.4,0.0,0.0,3.49,0.0,0.0
2012-06-14 03:00:00,19.4,61,11.6,0.0,0.0,3.42,0.0,0.0
2012-06-14 04:00:00,19.2,62,11.8,0.0,0.0,3.4,0.0,0.0
2012-06-14 05:00:00,19.1,64,12.1,0.0,0.0,3.23,1.0,0.0036
2012-06-14 06:00:00,19.3,65,12.6,0.0,0.0,3.18,44.0,0.15839999999999999
2012-06-14 07:00:00,20.0,64,13.0,0.0,0.0,3.5,136.0,0.4896
2012-06-14 08:00:00,20.9,65,14.2,0.0,0.0,4.08,250.0,0.9
2012-06-14 09:00:00,22.3,64,15.1,0.0,0.0,4.47,387.0,1.3932
2012-06-14 10:00:00,23.3,61,15.4,0.0,0.0,4.02,467.0,1.6812
2012-06-14 11:00:00,24.2,58,15.3,0.2,0.0,3.45,536.0,1.9296
2012-06-14 12:00:00,24.5,56,15.3,0.1,0.0,3.23,478.0,1.7207999999999999
2012-06-14 13:00:00,25.3,53,14.9,0.0,0.0,3.72,560.0,2.016
2012-06-14 14:00:00,25.7,51,14.8,0.0,0.0,3.61,563.0,2.0268
2012-06-14 15:00:00,26.1,49,14.5,0.0,0.0,3.52,600.0,2.16
2012-06-14 16:00:00,25.8,49,14.4,0.0,0.0,3.28,397.0,1.4292
2012-06-14 17:00:00,25.5,50,14.4,0.0,0.0,2.92,305.0,1.0979999999999999
2012-06-14 18:00:00,24.8,53,14.5,0.0,0.0,2.92,159.0,0.5724
2012-06-14 19:00:00,24.0,58,15.1,0.0,0.0,2.8,67.0,0.2412
2012-06-14 20:00:00,22.9,61,15.0,0.0,0.0,3.24,6.0,0.0216
2012-06-14 21:00:00,21.9,66,15.4,0.0,0.0,3.32,0.0,0.0
2012-06-14 22:00:00,21.1,71,15.6,0.0,0.0,3.2,0.0,0.0
2012-06-14 23:00:00,20.3,74,15.6,0.0,0.0,2.88,0.0,0.0
2012-06-15 00:00:00,19.5,77,15.4,0.0,0.0,2.47,0.0,0.0
2012-06-15 01:00:00,18.6,81,15.3,0.0,0.0,1.96,0.0,0.0
2012-06-15 02:00:00,18.2,82,15.0,0.0,0.0,1.92,0.0,0.0
2012-06-15 03:00:00,17.4,86,15.1,0.0,0.0,1.7,0.0,0.0
2012-06-15 04:00:00,16.4,91,14.9,0.0,0.0,1.34,0.0,0.0
2012-06-15 05:00:00,15.7,93,14.6,0.0,0.0,0.82,2.0,0.0072
2012-06-15 06:00:00,16.9,91,15.5,0.0,0.0,1.6,76.0,0.2736
2012-06-15 07:00:00,19.5,75,14.9,0.0,0.0,1.92,242.0,0.8712
2012-06-15 08:00:00,21.1,66,14.4,0.0,0.0,2.16,428.0,1.5408
2012-06-15 09:00:00,22.9,54,13.2,0.0,0.0,2.46,619.0,2.2284
2012-06-15 10:00:00,24.3,47,12.2,0.0,0.0,3.28,781.0,2.8116
2012-06-15 11:00:00,25.5,42,11.7,0.0,0.0,3.35,886.0,3.1896
2012-06-15 12:00:00,26.3,39,11.3,0.0,0.0,3.18,860.0,3.096
2012-06-15 13:00:00,26.8,37,10.7,0.0,0.0,3.2,800.0,2.88
2012-06-15 14:00:00,25.7,42,11.6,0.0,0.0,3.2,438.0,1.5768
2012-06-15 15:00:00,25.7,41,11.5,0.0,0.0,3.31,389.0,1.4003999999999999
2012-06-15 16:00:00,25.7,41,11.4,0.0,0.0,3.01,354.0,1.2744
2012-06-15 17:00:00,25.7,41,11.4,0.0,0.0,2.7,362.0,1.3032
2012-06-15 18:00:00,25.2,41,11.0,0.0,0.0,2.21,262.0,0.9431999999999999
2012-06-15 19:00:00,24.1,48,12.5,0.0,0.0,1.6,95.0,0.34199999999999997
2012-06-15 20:00:00,22.5,53,12.3,0.0,0.0,1.43,9.0,0.0324
2012-06-15 21:00:00,21.0,58,12.5,0.0,0.0,2.22,0.0,0.0
2012-06-15 22:00:00,19.8,63,12.5,0.0,0.0,2.62,0.0,0.0
2012-06-15 23:00:00,18.8,67,12.4,0.0,0.0,2.48,0.0,0.0
2012-06-16 00:00:00,17.6,74,12.9,0.0,0.0,1.98,0.0,0.0
2012-06-16 01:00:00,17.1,75,12.6,0.0,0.0,1.72,0.0,0.0
2012-06-16 02:00:00,17.5,70,12.0,0.0,0.0,1.61,0.0,0.0
2012-06-16 03:00:00,17.2,72,12.2,0.0,0.0,1.43,0.0,0.0
2012-06-16 04:00:00,16.5,76,12.4,0.0,0.0,1.5,0.0,0.0
2012-06-16 05:00:00,15.9,81,12.6,0.0,0.0,1.36,1.0,0.0036
2012-06-16 06:00:00,16.9,82,13.9,0.0,0.0,1.66,75.0,0.27
2012-06-16 07:00:00,19.8,63,12.7,0.0,0.0,1.77,234.0,0.8423999999999999
2012-06-16 08:00:00,21.4,53,11.4,0.0,0.0,1.61,413.0,1.4868
2012-06-16 09:00:00,23.1,44,10.3,0.0,0.0,1.86,589.0,2.1204
2012-06-16 10:00:00,24.3,41,10.2,0.0,0.0,2.22,699.0,2.5164
2012-06-16 11:00:00,25.4,38,10.1,0.0,0.0,3.0,871.0,3.1355999999999997
2012-06-16 12:00:00,26.3,35,9.6,0.0,0.0,3.73,968.0,3.4848
2012-06-16 13:00:00,26.9,33,9.1,0.0,0.0,3.54,966.0,3.4776
2012-06-16 14:00:00,26.5,37,10.8,0.0,0.0,3.18,792.0,2.8512
2012-06-16 15:00:00,26.6,37,10.6,0.0,0.0,3.01,706.0,2.5416
2012-06-16 16:00:00,26.6,36,10.3,0.0,0.0,3.0,656.0,2.3616
2012-06-16 17:00:00,26.0,37,10.0,0.0,0.0,2.4,484.0,1.7424
2012-06-16 18:00:00,25.2,38,9.9,0.0,0.0,2.55,298.0,1.0728
2012-06-16 19:00:00,23.9,43,10.6,0.0,0.0,2.47,121.0,0.4356
2012-06-16 20:00:00,22.1,47,10.4,0.0,0.0,2.64,11.0,0.039599999999999996
2012-06-16 21:00:00,20.8,53,10.9,0.0,0.0,3.16,0.0,0.0
2012-06-16 22:00:00,19.8,59,11.6,0.0,0.0,3.26,0.0,0.0
2012-06-16 23:00:00,18.8,66,12.3,0.0,0.0,2.76,0.0,0.0
2012-06-17 00:00:00,17.6,77,13.6,0.0,0.0,2.08,0.0,0.0
2012-06-17 01:00:00,17.4,77,13.4,0.0,0.0,1.52,0.0,0.0
2012-06-17 02:00:00,16.7,80,13.3,0.0,0.0,1.65,0.0,0.0
2012-06-17 03:00:00,16.5,82,13.5,0.0,0.0,1.63,0.0,0.0
2012-06-17 04:00:00,15.3,89,13.4,0.0,0.0,1.44,0.0,0.0
2012-06-17 05:00:00,14.9,92,13.5,0.0,0.0,1.46,2.0,0.0072
2012-06-17 06:00:00,15.8,92,14.5,0.0,0.0,2.06,78.0,0.2808
2012-06-17 07:00:00,18.9,74,14.2,0.0,0.0,2.24,248.0,0.8927999999999999
2012-06-17 08:00:00,20.2,66,13.6,0.0,0.0,1.66,426.0,1.5335999999999999
2012-06-17 09:00:00,21.8,58,13.1,0.0,0.0,1.84,598.0,2.1528
2012-06-17 10:00:00,23.3,51,12.5,0.0,0.0,2.47,756.0,2.7216
2012-06-17 11:00:00,24.6,45,11.8,0.0,0.0,2.44,864.0,3.1104
2012-06-17 12:00:00,25.7,40,11.1,0.0,0.0,2.75,893.0,3.2148
2012-06-17 13:00:00,26.1,38,10.5,0.0,0.0,3.19,766.0,2.7576
2012-06-17 14:00:00,24.0,52,13.6,0.0,0.0,3.16,590.0,2.124
2012-06-17 15:00:00,23.4,55,13.8,0.0,0.0,3.12,366.0,1.3175999999999999
2012-06-17 16:00:00,23.1,56,13.9,0.0,0.0,3.18,310.0,1.1159999999999999
2012-06-17 17:00:00,23.0,57,13.9,0.0,0.0,2.77,294.0,1.0584
2012-06-17 18:00:00,22.4,58,13.7,0.0,0.0,3.02,209.0,0.7524
2012-06-17 19:00:00,21.6,61,13.8,0.0,0.0,2.8,86.0,0.3096
2012-06-17 20:00:00,20.5,65,13.8,0.0,0.0,2.83,8.0,0.0288
2012-06-17 21:00:00,19.7,70,14.1,0.0,0.0,2.97,0.0,0.0
2012-06-17 22:00:00,18.9,74,14.2,0.0,0.0,2.9,0.0,0.0
2012-06-17 23:00:00,18.3,78,14.3,0.0,0.0,3.04,0.0,0.0
2012-06-18 00:00:00,17.7,81,14.5,0.0,0.0,3.2,0.0,0.0
2012-06-18 01:00:00,17.2,85,14.6,0.0,0.0,3.02,0.0,0.0
2012-06-18 02:00:00,17.0,85,14.5,0.0,0.0,2.75,0.0,0.0
2012-06-18 03:00:00,16.7,88,14.7,0.0,0.0,2.66,0.0,0.0
2012-06-18 04:00:00,16.6,89,14.8,0.0,0.0,2.42,0.0,0.0
2012-06-18 05:00:00,16.6,90,15.0,0.0,0.0,1.8,1.0,0.0036
2012-06-18 06:00:00,17.1,87,15.0,0.0,0.0,2.02,42.0,0.1512
2012-06-18 07:00:00,17.9,82,14.9,0.3,0.0,2.79,117.0,0.42119999999999996
2012-06-18 08:00:00,18.5,80,15.0,0.8,0.0,2.61,148.0,0.5327999999999999
2012-06-18 09:00:00,18.5,83,15.6,1.1,0.0,3.05,164.0,0.5904
2012-06-18 10:00:00,18.6,87,16.3,1.1,0.0,3.23,207.0,0.7452
2012-06-18 11:00:00,18.8,88,16.7,0.9,0.0,3.2,230.0,0.828
2012-06-18 12:00:00,18.5,91,17.0,0.9,0.0,3.18,131.0,0.47159999999999996
2012-06-18 13:00:00,18.8,90,17.1,0.7,0.0,3.35,214.0,0.7704
2012-06-18 14:00:00,19.7,74,14.9,0.0,0.0,3.04,288.0,1.0368
2012-06-18 15:00:00,20.5,70,14.9,0.0,0.0,3.22,312.0,1.1232
2012-06-18 16:00:00,20.8,70,15.0,0.0,0.0,3.22,354.0,1.2744
2012-06-18 17:00:00,21.1,68,15.1,0.0,0.0,2.2,351.0,1.2636
2012-06-18 18:00:00,20.7,71,15.2,0.0,0.0,2.01,143.0,0.5148
2012-06-18 19:00:00,20.3,74,15.6,0.0,0.0,2.12,62.0,0.22319999999999998
2012-06-18 20:00:00,19.6,79,15.8,0.0,0.0,2.42,7.0,0.0252
2012-06-18 21:00:00,19.1,82,15.9,0.0,0.0,2.62,0.0,0.0
2012-06-18 22:00:00,18.7,84,16.0,0.0,0.0,2.58,0.0,0.0
2012-06-18 23:00:00,18.5,85,15.9,0.0,0.0,2.2,0.0,0.0
2012-06-19 00:00:00,18.2,87,15.9,0.0,0.0,2.27,0.0,0.0
2012-06-19 01:00:00,18.0,88,16.0,0.2,0.0,2.42,0.0,0.0
2012-06-19 02:00:00,18.5,88,16.5,0.0,0.0,2.33,0.0,0.0
2012-06-19 03:00:00,18.6,88,16.5,0.0,0.0,2.02,0.0,0.0
2012-06-19 04:00:00,18.3,89,16.5,0.0,0.0,1.78,0.0,0.0
2012-06-19 05:00:00,17.9,91,16.5,0.0,0.0,1.3,1.0,0.0036
2012-06-19 06:00:00,18.5,90,16.8,0.0,0.0,1.58,50.0,0.18
2012-06-19 07:00:00,20.1,82,16.9,0.0,0.0,1.17,184.0,0.6624
2012-06-19 08:00:00,21.4,77,17.3,0.0,0.0,0.81,299.0,1.0764
2012-06-19 09:00:00,23.1,72,17.7,0.0,0.0,0.64,433.0,1.5588
2012-06-19 10:00:00,25.6,64,18.2,0.0,0.0,0.51,683.0,2.4588
2012-06-19 11:00:00,27.7,58,18.7,0.0,0.0,0.32,794.0,2.8584
2012-06-19 12:00:00,29.2,54,18.9,0.0,0.0,0.3,839.0,3.0204
2012-06-19 13:00:00,30.8,50,19.0,0.0,0.0,0.32,925.0,3.33
2012-06-19 14:00:00,31.1,52,20.0,0.0,0.0,0.32,877.0,3.1572
2012-06-19 15:00:00,31.2,51,19.9,0.0,0.0,0.7,629.0,2.2643999999999997
2012-06-19 16:00:00,31.4,51,20.0,0.0,0.0,1.3,564.0,2.0303999999999998
2012-06-19 17:00:00,31.2,51,19.8,0.0,0.0,0.32,444.0,1.5984
2012-06-19 18:00:00,30.6,52,19.6,0.0,0.0,0.73,292.0,1.0512
2012-06-19 19:00:00,28.9,59,20.0,0.0,0.0,2.08,102.0,0.36719999999999997
2012-06-19 20:00:00,26.9,67,20.1,0.0,0.0,2.42,8.0,0.0288
2012-06-19 21:00:00,25.6,73,20.5,0.0,0.0,2.34,0.0,0.0
2012-06-19 22:00:00,24.5,80,20.8,0.0,0.0,2.26,0.0,0.0
2012-06-19 23:00:00,23.8,84,21.0,0.0,0.0,2.5,0.0,0.0
2012-06-20 00:00:00,23.2,89,21.2,0.0,0.0,2.57,0.0,0.0
2012-06-20 01:00:00,22.7,92,21.2,0.0,0.0,2.6,0.0,0.0
2012-06-20 02:00:00,22.5,94,21.4,0.0,0.0,2.44,0.0,0.0
2012-06-20 03:00:00,22.1,95,21.2,0.0,0.0,2.11,0.0,0.0
2012-06-20 04:00:00,21.7,96,20.9,0.0,0.0,2.09,0.0,0.0
2012-06-20 05:00:00,21.4,95,20.6,0.0,0.0,1.8,1.0,0.0036
2012-06-20 06:00:00,22.3,93,21.1,0.0,0.0,1.73,71.0,0.2556
2012-06-20 07:00:00,25.9,74,20.9,0.0,0.0,1.53,230.0,0.828
2012-06-20 08:00:00,28.9,61,20.5,0.0,0.0,1.92,416.0,1.4976
2012-06-20 09:00:00,31.5,50,19.8,0.0,0.0,2.28,598.0,2.1528
2012-06-20 10:00:00,33.3,41,18.4,0.0,0.0,2.0,752.0,2.7072
2012-06-20 11:00:00,34.4,38,17.9,0.0,0.0,1.5,825.0,2.9699999999999998
2012-06-20 12:00:00,35.5,35,17.5,0.0,0.0,1.3,916.0,3.2976
2012-06-20 13:00:00,36.5,32,17.4,0.0,0.0,1.0,922.0,3.3192
2012-06-20 14:00:00,35.1,43,20.5,0.0,0.0,0.45,738.0,2.6568
2012-06-20 15:00:00,35.6,41,20.2,0.0,0.0,0.22,769.0,2.7683999999999997
2012-06-20 16:00:00,35.7,41,20.3,0.0,0.0,0.58,616.0,2.2176
2012-06-20 17:00:00,35.2,42,20.2,0.0,0.0,1.62,437.0,1.5732
2012-06-20 18:00:00,33.6,46,20.4,0.0,0.0,1.75,238.0,0.8568
2012-06-20 19:00:00,32.1,52,20.9,0.0,0.0,1.43,104.0,0.3744
2012-06-20 20:00:00,30.4,56,20.7,0.0,0.0,1.66,10.0,0.036
2012-06-20 21:00:00,29.2,61,21.0,0.0,0.0,1.84,0.0,0.0
2012-06-20 22:00:00,28.2,66,21.3,0.0,0.0,1.9,0.0,0.0
2012-06-20 23:00:00,27.3,71,21.7,0.0,0.0,1.8,0.0,0.0
2012-06-21 00:00:00,26.5,76,21.9,0.0,0.0,1.87,0.0,0.0
2012-06-21 01:00:00,25.9,79,22.0,0.0,0.0,2.02,0.0,0.0
2012-06-21 02:00:00,24.9,76,20.4,0.0,0.0,1.9,0.0,0.0
2012-06-21 03:00:00,23.9,81,20.4,0.0,0.0,1.94,0.0,0.0
2012-06-21 04:00:00,23.2,83,20.2,0.0,0.0,1.99,0.0,0.0
2012-06-21 05:00:00,22.8,85,20.2,0.0,0.0,1.7,1.0,0.0036
2012-06-21 06:00:00,23.9,84,21.0,0.0,0.0,1.72,73.0,0.2628
2012-06-21 07:00:00,28.3,60,19.8,0.0,0.0,1.06,234.0,0.8423999999999999
2012-06-21 08:00:00,31.1,50,19.5,0.0,0.0,1.25,420.0,1.512
2012-06-21 09:00:00,33.4,40,18.0,0.0,0.0,1.4,601.0,2.1635999999999997
2012-06-21 10:00:00,34.8,36,17.5,0.0,0.0,1.53,755.0,2.718
2012-06-21 11:00:00,35.9,33,17.3,0.0,0.0,1.43,870.0,3.132
2012-06-21 12:00:00,36.8,31,16.8,0.0,0.0,1.17,941.0,3.3876
2012-06-21 13:00:00,37.4,29,16.5,0.0,0.0,0.89,841.0,3.0276
2012-06-21 14:00:00,35.7,37,18.9,0.0,0.0,0.4,608.0,2.1888
2012-06-21 15:00:00,35.5,38,19.1,0.0,0.0,0.22,605.0,2.178
2012-06-21 16:00:00,34.2,40,18.9,0.1,0.0,0.82,459.0,1.6523999999999999
2012-06-21 17:00:00,33.6,43,19.3,0.0,0.0,1.2,262.0,0.9431999999999999
2012-06-21 18:00:00,33.4,44,19.4,0.0,0.0,1.52,244.0,0.8784
2012-06-21 19:00:00,32.0,49,20.1,0.0,0.0,1.84,80.0,0.288
2012-06-21 20:00:00,30.5,55,20.3,0.0,0.0,1.98,8.0,0.0288
2012-06-21 21:00:00,29.3,60,20.7,0.0,0.0,1.84,0.0,0.0
2012-06-21 22:00:00,28.4,64,20.8,0.0,0.0,1.75,0.0,0.0
2012-06-21 23:00:00,27.6,67,20.9,0.0,0.0,1.8,0.0,0.0
2012-06-22 00:00:00,26.9,70,21.0,0.0,0.0,1.91,0.0,0.0
2012-06-22 01:00:00,26.2,74,21.3,0.0,0.0,1.92,0.0,0.0
2012-06-22 02:00:00,26.3,75,21.6,0.0,0.0,1.8,0.0,0.0
2012-06-22 03:00:00,26.2,76,21.6,0.0,0.0,1.41,0.0,0.0
2012-06-22 04:00:00,25.8,76,21.4,0.0,0.0,1.75,0.0,0.0
2012-06-22 05:00:00,25.5,79,21.6,0.0,0.0,1.8,1.0,0.0036
2012-06-22 06:00:00,25.8,81,22.2,0.2,0.0,2.21,35.0,0.126
2012-06-22 07:00:00,27.4,70,21.5,0.0,0.0,2.55,134.0,0.4824
2012-06-22 08:00:00,29.5,60,20.9,0.0,0.0,3.01,318.0,1.1448
2012-06-22 09:00:00,31.7,50,19.9,0.0,0.0,2.7,539.0,1.9404
2012-06-22 10:00:00,33.4,43,19.1,0.0,0.0,2.35,705.0,2.538
2012-06-22 11:00:00,34.8,39,18.8,0.0,0.0,2.22,830.0,2.988
2012-06-22 12:00:00,35.8,35,18.0,0.0,0.0,2.36,866.0,3.1176
2012-06-22 13:00:00,36.3,33,17.5,0.0,0.0,3.42,827.0,2.9772
2012-06-22 14:00:00,30.3,52,19.3,0.3,0.0,1.41,436.0,1.5695999999999999
2012-06-22 15:00:00,30.9,47,18.4,0.0,0.0,1.2,323.0,1.1628
2012-06-22 16:00:00,31.5,46,18.4,0.4,0.0,1.56,291.0,1.0475999999999999
2012-06-22 17:00:00,30.6,49,18.6,0.0,0.0,2.79,314.0,1.1304
2012-06-22 18:00:00,29.9,51,18.5,0.0,0.0,3.32,189.0,0.6804
2012-06-22 19:00:00,29.0,54,18.9,0.0,0.0,2.53,77.0,0.2772
2012-06-22 20:00:00,28.0,58,19.1,0.0,0.0,1.5,8.0,0.0288
2012-06-22 21:00:00,27.3,63,19.6,0.0,0.0,1.3,0.0,0.0
2012-06-22 22:00:00,26.6,66,19.8,0.0,0.0,1.0,0.0,0.0
2012-06-22 23:00:00,25.9,69,19.9,0.0,0.0,0.85,0.0,0.0
2012-06-23 00:00:00,25.2,73,20.0,0.0,0.0,0.72,0.0,0.0
2012-06-23 01:00:00,24.7,73,19.6,0.6,0.0,0.71,0.0,0.0
2012-06-23 02:00:00,23.1,87,20.8,0.1,0.0,0.85,0.0,0.0
2012-06-23 03:00:00,22.7,89,20.8,0.0,0.0,1.27,0.0,0.0
2012-06-23 04:00:00,22.4,90,20.7,0.0,0.0,1.84,0.0,0.0
2012-06-23 05:00:00,21.8,91,20.3,0.0,0.0,1.43,1.0,0.0036
2012-06-23 06:00:00,21.9,89,20.1,0.0,0.0,1.8,55.0,0.19799999999999998
2012-06-23 07:00:00,23.0,82,19.8,0.0,0.0,1.71,192.0,0.6912
2012-06-23 08:00:00,24.8,72,19.3,0.0,0.0,1.82,384.0,1.3824
2012-06-23 09:00:00,26.8,59,18.2,0.0,0.0,1.7,574.0,2.0664
2012-06-23 10:00:00,28.8,43,14.9,0.0,0.0,1.8,767.0,2.7612
2012-06-23 11:00:00,30.2,33,12.2,0.0,0.0,1.99,845.0,3.042
2012-06-23 12:00:00,31.2,28,10.6,0.0,0.0,2.33,895.0,3.222
2012-06-23 13:00:00,32.1,25,9.6,0.0,0.0,2.42,937.0,3.3731999999999998
2012-06-23 14:00:00,30.8,33,12.8,0.0,0.0,2.64,708.0,2.5488
2012-06-23 15:00:00,31.4,31,12.1,0.0,0.0,3.0,697.0,2.5092
2012-06-23 16:00:00,31.4,29,11.4,0.0,0.0,3.44,578.0,2.0808
2012-06-23 17:00:00,31.0,29,11.0,0.0,0.0,2.44,427.0,1.5372
2012-06-23 18:00:00,30.3,29,10.5,0.0,0.0,2.3,296.0,1.0655999999999999
2012-06-23 19:00:00,29.1,33,11.2,0.0,0.0,1.98,122.0,0.4392
2012-06-23 20:00:00,27.5,35,10.6,0.0,0.0,1.91,12.0,0.0432
2012-06-23 21:00:00,25.9,41,11.7,0.0,0.0,1.41,0.0,0.0
2012-06-23 22:00:00,24.4,50,13.2,0.0,0.0,1.56,0.0,0.0
2012-06-23 23:00:00,23.5,54,13.6,0.0,0.0,1.35,0.0,0.0
2012-06-24 00:00:00,23.4,52,13.1,0.0,0.0,0.99,0.0,0.0
2012-06-24 01:00:00,23.1,54,13.2,0.0,0.0,0.94,0.0,0.0
2012-06-24 02:00:00,22.6,61,14.7,0.0,0.0,0.94,0.0,0.0
2012-06-24 03:00:00,21.3,68,15.2,0.0,0.0,1.12,0.0,0.0
2012-06-24 04:00:00,20.4,71,15.1,0.0,0.0,1.26,0.0,0.0
2012-06-24 05:00:00,19.8,74,15.1,0.0,0.0,1.0,1.0,0.0036
2012-06-24 06:00:00,20.8,72,15.5,0.0,0.0,1.33,75.0,0.27
2012-06-24 07:00:00,24.7,50,13.7,0.0,0.0,1.25,241.0,0.8675999999999999
2012-06-24 08:00:00,27.3,40,12.7,0.0,0.0,1.3,431.0,1.5515999999999999
2012-06-24 09:00:00,29.0,35,12.1,0.0,0.0,1.0,612.0,2.2032
2012-06-24 10:00:00,30.4,32,11.8,0.0,0.0,0.92,767.0,2.7612
2012-06-24 11:00:00,31.6,28,11.0,0.0,0.0,0.99,879.0,3.1644
2012-06-24 12:00:00,32.3,26,10.4,0.0,0.0,1.3,750.0,2.6999999999999997
2012-06-24 13:00:00,32.5,25,9.9,0.0,0.0,1.98,590.0,2.124
2012-06-24 14:00:00,31.9,30,12.0,0.0,0.0,2.44,665.0,2.394
2012-06-24 15:00:00,31.8,30,12.2,0.0,0.0,2.73,529.0,1.9043999999999999
2012-06-24 16:00:00,31.8,30,12.2,0.0,0.0,2.78,462.0,1.6632
2012-06-24 17:00:00,31.3,32,12.6,0.0,0.0,1.77,342.0,1.2312
2012-06-24 18:00:00,30.3,36,13.5,0.0,0.0,2.0,156.0,0.5616
2012-06-24 19:00:00,29.1,42,14.8,0.0,0.0,2.16,100.0,0.36
2012-06-24 20:00:00,27.6,46,15.0,0.0,0.0,1.64,9.0,0.0324
2012-06-24 21:00:00,26.4,52,15.8,0.0,0.0,1.66,0.0,0.0
2012-06-24 22:00:00,25.6,58,16.6,0.0,0.0,1.62,0.0,0.0
2012-06-24 23:00:00,24.8,63,17.2,0.0,0.0,1.9,0.0,0.0
2012-06-25 00:00:00,24.2,67,17.7,0.0,0.0,2.28,0.0,0.0
2012-06-25 01:00:00,23.7,70,17.9,0.0,0.0,2.47,0.0,0.0
2012-06-25 02:00:00,23.3,75,18.7,0.0,0.0,2.85,0.0,0.0
2012-06-25 03:00:00,23.0,77,18.6,0.0,0.0,2.88,0.0,0.0
2012-06-25 04:00:00,22.5,77,18.4,0.0,0.0,2.69,0.0,0.0
2012-06-25 05:00:00,22.1,80,18.4,0.0,0.0,1.57,1.0,0.0036
2012-06-25 06:00:00,22.7,78,18.6,0.0,0.0,1.97,68.0,0.2448
2012-06-25 07:00:00,24.9,67,18.3,0.0,0.0,1.97,228.0,0.8208
2012-06-25 08:00:00,27.2,56,17.8,0.0,0.0,2.11,415.0,1.494
2012-06-25 09:00:00,30.0,45,16.6,0.4,0.0,3.41,585.0,2.106
2012-06-25 10:00:00,28.9,43,15.2,0.9,0.0,4.19,608.0,2.1888
2012-06-25 11:00:00,28.6,42,14.6,0.0,0.0,5.39,488.0,1.7568
2012-06-25 12:00:00,27.1,51,16.2,0.3,0.0,5.97,643.0,2.3148
2012-06-25 13:00:00,28.9,44,15.4,0.0,0.0,4.95,744.0,2.6784
2012-06-25 14:00:00,28.6,38,12.8,0.0,0.0,4.83,480.0,1.728
2012-06-25 15:00:00,29.6,32,10.9,0.0,0.0,5.26,714.0,2.5704
2012-06-25 16:00:00,29.4,29,9.3,0.0,0.0,6.28,624.0,2.2464
2012-06-25 17:00:00,28.4,28,8.0,0.0,0.0,5.75,462.0,1.6632
2012-06-25 18:00:00,27.1,28,6.9,0.0,0.0,5.94,278.0,1.0008
2012-06-25 19:00:00,25.8,29,6.5,0.0,0.0,5.02,122.0,0.4392
2012-06-25 20:00:00,24.3,31,6.0,0.0,0.0,4.61,13.0,0.0468
2012-06-25 21:00:00,23.1,34,6.2,0.0,0.0,4.37,0.0,0.0
2012-06-25 22:00:00,22.0,37,6.6,0.0,0.0,4.66,0.0,0.0
2012-06-25 23:00:00,21.0,40,6.9,0.0,0.0,4.78,0.0,0.0
2012-06-26 00:00:00,20.0,43,6.9,0.0,0.0,4.65,0.0,0.0
2012-06-26 01:00:00,19.1,45,6.8,0.0,0.0,4.16,0.0,0.0
2012-06-26 02:00:00,18.0,48,6.7,0.0,0.0,3.64,0.0,0.0
2012-06-26 03:00:00,17.3,49,6.6,0.0,0.0,3.54,0.0,0.0
2012-06-26 04:00:00,16.7,51,6.6,0.0,0.0,3.68,0.0,0.0
2012-06-26 05:00:00,16.3,54,6.9,0.0,0.0,3.54,1.0,0.0036
2012-06-26 06:00:00,16.7,54,7.3,0.0,0.0,3.42,76.0,0.2736
2012-06-26 07:00:00,18.0,49,7.2,0.0,0.0,3.61,247.0,0.8892
2012-06-26 08:00:00,19.7,44,7.0,0.0,0.0,3.89,442.0,1.5912
2012-06-26 09:00:00,21.3,38,6.4,0.0,0.0,4.66,629.0,2.2643999999999997
2012-06-26 10:00:00,22.8,34,6.0,0.0,0.0,5.72,791.0,2.8476
2012-06-26 11:00:00,24.2,31,5.8,0.0,0.0,5.83,911.0,3.2796
2012-06-26 12:00:00,25.8,26,5.0,0.0,0.0,6.13,943.0,3.3948
2012-06-26 13:00:00,27.1,23,4.1,0.0,0.0,6.38,851.0,3.0636
2012-06-26 14:00:00,25.2,30,6.2,0.0,0.0,6.32,575.0,2.07
2012-06-26 15:00:00,25.3,29,6.1,0.0,0.0,5.88,485.0,1.746
2012-06-26 16:00:00,25.5,28,5.7,0.0,0.0,5.52,438.0,1.5768
2012-06-26 17:00:00,25.5,27,5.3,0.0,0.0,4.39,334.0,1.2024
2012-06-26 18:00:00,25.5,26,4.7,0.0,0.0,3.91,252.0,0.9072
2012-06-26 19:00:00,24.8,28,5.3,0.0,0.0,2.86,101.0,0.3636
2012-06-26 20:00:00,23.2,31,5.2,0.0,0.0,2.64,12.0,0.0432
2012-06-26 21:00:00,21.7,35,5.7,0.0,0.0,2.94,0.0,0.0
2012-06-26 22:00:00,20.5,39,6.1,0.0,0.0,2.92,0.0,0.0
2012-06-26 23:00:00,19.4,43,6.6,0.0,0.0,2.72,0.0,0.0
2012-06-27 00:00:00,17.9,52,8.0,0.0,0.0,2.61,0.0,0.0
2012-06-27 01:00:00,17.0,57,8.5,0.0,0.0,2.73,0.0,0.0
2012-06-27 02:00:00,16.7,50,6.3,0.0,0.0,3.23,0.0,0.0
2012-06-27 03:00:00,16.7,51,6.6,0.0,0.0,3.35,0.0,0.0
2012-06-27 04:00:00,16.6,54,7.4,0.0,0.0,3.18,0.0,0.0
2012-06-27 05:00:00,16.4,60,8.6,0.0,0.0,3.09,1.0,0.0036
2012-06-27 06:00:00,17.4,61,9.8,0.0,0.0,3.41,74.0,0.26639999999999997
2012-06-27 07:00:00,20.2,52,10.0,0.0,0.0,3.62,242.0,0.8712
2012-06-27 08:00:00,22.7,47,10.7,0.0,0.0,3.82,437.0,1.5732
2012-06-27 09:00:00,25.1,37,9.4,0.0,0.0,4.17,625.0,2.25
2012-06-27 10:00:00,26.8,31,8.4,0.0,0.0,4.61,785.0,2.826
2012-06-27 11:00:00,28.5,28,8.2,0.0,0.0,4.96,902.0,3.2472
2012-06-27 12:00:00,29.9,25,7.8,0.0,0.0,5.31,967.0,3.4812
2012-06-27 13:00:00,31.0,23,7.4,0.0,0.0,5.59,977.0,3.5172
2012-06-27 14:00:00,30.9,22,6.9,0.0,0.0,5.74,930.0,3.348
2012-06-27 15:00:00,31.6,21,6.6,0.0,0.0,5.84,819.0,2.9484
2012-06-27 16:00:00,32.2,20,6.3,0.0,0.0,6.14,550.0,1.98
2012-06-27 17:00:00,31.8,21,6.9,0.0,0.0,4.53,326.0,1.1736
2012-06-27 18:00:00,31.8,22,7.4,0.0,0.0,3.75,219.0,0.7884
2012-06-27 19:00:00,29.8,27,8.5,0.0,0.0,2.02,123.0,0.44279999999999997
2012-06-27 20:00:00,27.6,30,8.6,0.0,0.0,1.8,12.0,0.0432
2012-06-27 21:00:00,25.9,43,12.4,0.0,0.0,1.68,0.0,0.0
2012-06-27 22:00:00,25.0,40,10.6,0.0,0.0,1.97,0.0,0.0
2012-06-27 23:00:00,22.6,50,11.6,0.0,0.0,2.19,0.0,0.0
2012-06-28 00:00:00,21.5,54,11.7,0.0,0.0,2.25,0.0,0.0
2012-06-28 01:00:00,20.1,60,12.0,0.0,0.0,2.14,0.0,0.0
2012-06-28 02:00:00,19.2,63,12.0,0.0,0.0,2.12,0.0,0.0
2012-06-28 03:00:00,18.6,65,11.9,0.0,0.0,2.18,0.0,0.0
2012-06-28 04:00:00,18.1,67,11.8,0.0,0.0,2.34,0.0,0.0
2012-06-28 05:00:00,17.7,71,12.5,0.0,0.0,2.47,1.0,0.0036
2012-06-28 06:00:00,19.1,71,13.8,0.0,0.0,2.71,72.0,0.2592
2012-06-28 07:00:00,23.9,47,11.8,0.0,0.0,2.84,232.0,0.8351999999999999
2012-06-28 08:00:00,27.3,37,11.3,0.0,0.0,3.03,428.0,1.5408
2012-06-28 09:00:00,29.7,30,10.4,0.0,0.0,3.23,560.0,2.016
2012-06-28 10:00:00,31.6,25,9.5,0.0,0.0,3.29,720.0,2.592
2012-06-28 11:00:00,33.1,23,9.2,0.0,0.0,3.18,829.0,2.9844
2012-06-28 12:00:00,34.4,21,9.0,0.0,0.0,3.0,948.0,3.4128
2012-06-28 13:00:00,35.5,19,8.6,0.0,0.0,3.21,945.0,3.4019999999999997
2012-06-28 14:00:00,35.2,20,8.9,0.0,0.0,3.32,878.0,3.1608
2012-06-28 15:00:00,35.8,19,8.8,0.0,0.0,3.47,793.0,2.8548
2012-06-28 16:00:00,36.1,19,9.1,0.0,0.0,3.69,678.0,2.4408
2012-06-28 17:00:00,36.0,20,9.5,0.0,0.0,3.05,500.0,1.8
2012-06-28 18:00:00,35.4,21,10.1,0.0,0.0,3.14,309.0,1.1124
2012-06-28 19:00:00,33.3,26,11.2,0.0,0.0,2.46,129.0,0.4644
2012-06-28 20:00:00,30.9,28,10.2,0.0,0.0,2.47,12.0,0.0432
2012-06-28 21:00:00,29.3,33,11.2,0.0,0.0,2.73,0.0,0.0
2012-06-28 22:00:00,28.0,38,12.4,0.0,0.0,3.01,0.0,0.0
2012-06-28 23:00:00,26.9,44,13.6,0.0,0.0,2.95,0.0,0.0
2012-06-29 00:00:00,26.0,49,14.4,0.0,0.0,2.78,0.0,0.0
2012-06-29 01:00:00,25.3,53,15.0,0.0,0.0,2.48,0.0,0.0
2012-06-29 02:00:00,24.5,54,14.5,0.0,0.0,2.13,0.0,0.0
2012-06-29 03:00:00,24.2,55,14.5,0.0,0.0,2.51,0.0,0.0
2012-06-29 04:00:00,24.0,57,14.9,0.0,0.0,2.25,0.0,0.0
2012-06-29 05:00:00,23.8,61,15.8,0.0,0.0,3.74,1.0,0.0036
2012-06-29 06:00:00,24.8,63,17.2,0.0,0.0,2.62,60.0,0.216
2012-06-29 07:00:00,28.0,50,16.7,0.0,0.0,2.14,202.0,0.7272
2012-06-29 08:00:00,30.9,44,17.1,0.0,0.0,1.6,340.0,1.224
2012-06-29 09:00:00,33.1,42,18.5,0.0,0.0,2.24,563.0,2.0268
2012-06-29 10:00:00,34.9,40,19.3,0.0,0.0,2.1,749.0,2.6964
2012-06-29 11:00:00,36.6,37,19.5,0.0,0.0,1.91,870.0,3.132
2012-06-29 12:00:00,38.2,33,19.1,0.0,0.0,1.84,946.0,3.4055999999999997
2012-06-29 13:00:00,39.6,29,18.1,0.0,0.0,2.47,950.0,3.42
2012-06-29 14:00:00,39.4,31,19.3,0.0,0.0,3.01,847.0,3.0492
2012-06-29 15:00:00,39.9,28,18.1,0.0,0.0,2.66,646.0,2.3256
2012-06-29 16:00:00,40.2,27,17.6,0.0,0.0,3.29,539.0,1.9404
2012-06-29 17:00:00,38.4,28,16.9,1.9,0.0,2.1,376.0,1.3536
2012-06-29 18:00:00,31.5,52,20.5,0.7,0.0,1.77,89.0,0.3204
2012-06-29 19:00:00,31.6,54,21.0,0.0,0.0,3.01,67.0,0.2412
2012-06-29 20:00:00,30.5,58,21.3,0.0,0.0,2.69,10.0,0.036
2012-06-29 21:00:00,29.3,62,21.3,0.0,0.0,2.2,0.0,0.0
2012-06-29 22:00:00,28.7,63,20.9,0.0,0.0,3.26,0.0,0.0
2012-06-29 23:00:00,28.3,64,20.8,0.0,0.0,2.47,0.0,0.0
2012-06-30 00:00:00,27.8,65,20.6,0.0,0.0,2.2,0.0,0.0
2012-06-30 01:00:00,27.3,66,20.4,0.0,0.0,2.64,0.0,0.0
2012-06-30 02:00:00,24.6,76,20.0,0.0,0.0,3.05,0.0,0.0
2012-06-30 03:00:00,24.3,78,20.3,0.0,0.0,3.78,0.0,0.0
2012-06-30 04:00:00,24.2,78,20.2,0.0,0.0,3.54,0.0,0.0
2012-06-30 05:00:00,24.0,79,20.0,0.0,0.0,1.98,1.0,0.0036
2012-06-30 06:00:00,24.5,79,20.6,0.0,0.0,1.91,68.0,0.2448
2012-06-30 07:00:00,26.8,67,20.2,0.0,0.0,2.48,227.0,0.8171999999999999
2012-06-30 08:00:00,28.8,60,20.3,0.0,0.0,2.7,414.0,1.4904
2012-06-30 09:00:00,30.8,52,19.9,0.0,0.0,2.36,598.0,2.1528
2012-06-30 10:00:00,32.7,44,19.0,0.0,0.0,1.7,754.0,2.7144
2012-06-30 11:00:00,34.4,39,18.7,0.0,0.0,1.73,871.0,3.1355999999999997
2012-06-30 12:00:00,36.0,36,18.6,0.0,0.0,2.21,938.0,3.3768
2012-06-30 13:00:00,37.1,32,17.9,0.0,0.0,2.79,938.0,3.3768
2012-06-30 14:00:00,36.7,32,17.5,0.0,0.0,3.1,877.0,3.1572
2012-06-30 15:00:00,37.0,31,17.3,0.0,0.0,3.35,758.0,2.7288
2012-06-30 16:00:00,37.3,31,17.2,0.0,0.0,3.65,567.0,2.0412
2012-06-30 17:00:00,33.0,44,19.1,1.6,0.0,2.24,341.0,1.2276
2012-06-30 18:00:00,26.6,80,22.9,3.9,0.0,1.84,126.0,0.4536
2012-06-30 19:00:00,26.1,85,23.4,0.0,0.0,1.0,59.0,0.2124
2012-06-30 20:00:00,26.2,83,23.1,0.0,0.0,1.17,9.0,0.0324
2012-06-30 21:00:00,26.0,86,23.6,0.0,0.0,1.26,0.0,0.0
2012-06-30 22:00:00,25.4,87,23.0,0.0,0.0,1.4,0.0,0.0
2012-06-30 23:00:00,25.1,88,23.0,0.0,0.0,1.92,0.0,0.0
2012-07-01 00:00:00,24.7,90,22.9,0.0,0.0,2.3,0.0,0.0
2012-07-01 01:00:00,24.3,91,22.7,0.0,0.0,2.47,0.0,0.0
2012-07-01 02:00:00,24.6,74,19.7,0.0,0.0,2.34,0.0,0.0
2012-07-01 03:00:00,23.9,79,20.0,0.0,0.0,1.92,0.0,0.0
2012-07-01 04:00:00,23.4,81,20.1,0.0,0.0,1.62,0.0,0.0
2012-07-01 05:00:00,23.1,85,20.4,0.0,0.0,1.22,1.0,0.0036
2012-07-01 06:00:00,24.1,85,21.5,0.0,0.0,1.08,66.0,0.2376
2012-07-01 07:00:00,27.6,65,20.6,0.0,0.0,0.54,220.0,0.7919999999999999
2012-07-01 08:00:00,30.3,57,20.7,0.0,0.0,1.4,408.0,1.4687999999999999
2012-07-01 09:00:00,32.4,48,20.1,0.0,0.0,2.77,585.0,2.106
2012-07-01 10:00:00,33.9,43,19.7,0.0,0.0,3.41,744.0,2.6784
2012-07-01 11:00:00,35.1,39,19.1,0.0,0.0,3.21,829.0,2.9844
2012-07-01 12:00:00,36.3,35,18.2,0.0,0.0,3.18,908.0,3.2687999999999997
2012-07-01 13:00:00,37.2,31,17.0,0.0,0.0,3.4,872.0,3.1391999999999998
2012-07-01 14:00:00,35.9,40,20.4,0.0,0.0,3.77,804.0,2.8944
2012-07-01 15:00:00,36.8,35,18.7,0.0,0.0,4.14,747.0,2.6892
2012-07-01 16:00:00,37.3,30,16.9,0.0,0.0,4.35,599.0,2.1564
2012-07-01 17:00:00,34.8,31,15.2,0.5,0.0,3.47,390.0,1.404
2012-07-01 18:00:00,33.3,32,14.4,0.0,0.0,2.57,212.0,0.7632
2012-07-01 19:00:00,31.9,41,17.1,0.0,0.0,1.36,102.0,0.36719999999999997
2012-07-01 20:00:00,29.9,50,18.2,0.0,0.0,1.8,11.0,0.039599999999999996
2012-07-01 21:00:00,28.2,51,17.0,0.0,0.0,1.92,0.0,0.0
2012-07-01 22:00:00,26.7,60,18.4,0.0,0.0,2.43,0.0,0.0
2012-07-01 23:00:00,25.7,67,19.1,0.0,0.0,2.78,0.0,0.0
2012-07-02 00:00:00,25.1,70,19.3,0.0,0.0,2.82,0.0,0.0
2012-07-02 01:00:00,24.5,71,19.0,0.0,0.0,2.92,0.0,0.0
2012-07-02 02:00:00,25.1,56,15.7,0.0,0.0,2.79,0.0,0.0
2012-07-02 03:00:00,24.5,56,15.1,0.0,0.0,2.5,0.0,0.0
2012-07-02 04:00:00,23.7,57,14.8,0.0,0.0,2.41,0.0,0.0
2012-07-02 05:00:00,23.0,65,15.9,0.0,0.0,0.1,1.0,0.0036
2012-07-02 06:00:00,23.4,72,18.1,0.0,0.0,0.5,64.0,0.2304
2012-07-02 07:00:00,26.3,50,15.0,0.0,0.0,0.95,198.0,0.7128
2012-07-02 08:00:00,27.8,46,15.2,0.0,0.0,2.11,363.0,1.3068
2012-07-02 09:00:00,29.7,41,15.2,0.0,0.0,2.92,535.0,1.926
2012-07-02 10:00:00,31.5,37,14.9,0.0,0.0,2.69,675.0,2.4299999999999997
2012-07-02 11:00:00,33.2,32,14.1,0.0,0.0,2.47,879.0,3.1644
2012-07-02 12:00:00,33.9,29,13.1,0.0,0.0,2.69,779.0,2.8044
2012-07-02 13:00:00,34.8,25,11.8,0.0,0.0,3.54,850.0,3.06
2012-07-02 14:00:00,33.1,33,14.5,0.0,0.0,3.64,634.0,2.2824
2012-07-02 15:00:00,33.1,31,13.8,0.0,0.0,3.64,537.0,1.9332
2012-07-02 16:00:00,33.0,29,12.8,0.0,0.0,3.58,454.0,1.6343999999999999
2012-07-02 17:00:00,32.8,29,12.5,0.0,0.0,2.22,384.0,1.3824
2012-07-02 18:00:00,32.3,29,12.3,0.0,0.0,1.82,262.0,0.9431999999999999
2012-07-02 19:00:00,31.1,34,13.6,0.0,0.0,0.94,110.0,0.39599999999999996
2012-07-02 20:00:00,29.7,36,12.8,0.0,0.0,1.12,12.0,0.0432
2012-07-02 21:00:00,27.8,42,13.7,0.0,0.0,1.21,0.0,0.0
2012-07-02 22:00:00,26.2,50,15.1,0.0,0.0,1.94,0.0,0.0
2012-07-02 23:00:00,25.6,51,14.7,0.0,0.0,2.16,0.0,0.0
2012-07-03 00:00:00,25.0,53,14.8,0.0,0.0,1.8,0.0,0.0
2012-07-03 01:00:00,26.1,49,14.4,0.0,0.0,1.75,0.0,0.0
2012-07-03 02:00:00,22.6,80,19.0,0.0,0.0,1.72,0.0,0.0
2012-07-03 03:00:00,22.5,83,19.5,0.0,0.0,1.89,0.0,0.0
2012-07-03 04:00:00,22.5,84,19.6,0.0,0.0,1.71,0.0,0.0
2012-07-03 05:00:00,22.2,85,19.7,0.0,0.0,1.03,0.0,0.0
2012-07-03 06:00:00,23.2,83,20.2,0.0,0.0,1.03,64.0,0.2304
2012-07-03 07:00:00,26.3,67,19.7,0.0,0.0,0.92,226.0,0.8136
2012-07-03 08:00:00,29.2,53,18.5,0.0,0.0,0.78,414.0,1.4904
2012-07-03 09:00:00,31.7,40,16.5,0.0,0.0,1.0,592.0,2.1311999999999998
2012-07-03 10:00:00,33.5,31,14.2,0.0,0.0,1.7,754.0,2.7144
2012-07-03 11:00:00,34.7,27,12.7,0.0,0.0,2.4,815.0,2.9339999999999997
2012-07-03 12:00:00,36.0,23,11.9,0.0,0.0,1.98,953.0,3.4308
2012-07-03 13:00:00,36.8,22,11.5,0.0,0.0,1.94,967.0,3.4812
2012-07-03 14:00:00,35.5,30,15.4,0.0,0.0,1.48,765.0,2.754
2012-07-03 15:00:00,35.9,29,15.3,0.0,0.0,1.28,696.0,2.5056
2012-07-03 16:00:00,36.0,29,15.1,0.0,0.0,0.64,598.0,2.1528
2012-07-03 17:00:00,35.5,30,15.3,0.0,0.0,0.85,356.0,1.2816
2012-07-03 18:00:00,34.4,32,15.3,0.0,0.0,1.02,211.0,0.7595999999999999
2012-07-03 19:00:00,32.6,37,16.0,0.0,0.0,1.75,83.0,0.2988
2012-07-03 20:00:00,30.9,43,17.1,0.0,0.0,2.0,8.0,0.0288
2012-07-03 21:00:00,29.6,50,18.2,0.0,0.0,2.94,0.0,0.0
2012-07-03 22:00:00,28.4,57,19.2,0.0,0.0,3.53,0.0,0.0
2012-07-03 23:00:00,27.6,63,20.0,0.0,0.0,2.67,0.0,0.0
2012-07-04 00:00:00,26.7,68,20.4,0.0,0.0,2.42,0.0,0.0
2012-07-04 01:00:00,26.0,72,20.6,0.0,0.0,2.1,0.0,0.0
2012-07-04 02:00:00,24.6,73,19.5,0.0,0.0,1.9,0.0,0.0
2012-07-04 03:00:00,23.8,79,19.9,0.0,0.0,1.82,0.0,0.0
2012-07-04 04:00:00,23.4,81,20.0,0.0,0.0,1.88,0.0,0.0
2012-07-04 05:00:00,23.1,85,20.5,0.0,0.0,2.38,0.0,0.0
2012-07-04 06:00:00,24.7,76,20.2,0.0,0.0,1.5,46.0,0.1656
2012-07-04 07:00:00,26.1,70,20.2,0.0,0.0,1.75,153.0,0.5508
2012-07-04 08:00:00,28.0,63,20.2,0.0,0.0,2.01,295.0,1.062
2012-07-04 09:00:00,30.1,55,20.2,0.0,0.0,2.11,489.0,1.7604
2012-07-04 10:00:00,32.2,49,20.2,0.0,0.0,2.14,673.0,2.4228
2012-07-04 11:00:00,34.2,43,19.8,0.0,0.0,2.48,850.0,3.06
2012-07-04 12:00:00,35.6,39,19.3,0.0,0.0,2.58,820.0,2.952
2012-07-04 13:00:00,36.2,36,18.9,0.0,0.0,2.73,689.0,2.4804
2012-07-04 14:00:00,35.9,39,19.7,0.0,0.0,3.06,664.0,2.3904
2012-07-04 15:00:00,36.5,36,19.1,0.0,0.0,3.32,631.0,2.2716
2012-07-04 16:00:00,36.4,37,19.2,0.0,0.0,3.41,536.0,1.9296
2012-07-04 17:00:00,36.1,36,18.9,0.0,0.0,2.15,353.0,1.2708
2012-07-04 18:00:00,33.9,41,18.9,0.0,0.0,2.11,257.0,0.9252
2012-07-04 19:00:00,32.1,49,20.0,0.3,0.0,3.04,68.0,0.2448
2012-07-04 20:00:00,31.0,53,20.3,0.0,0.0,2.91,7.0,0.0252
2012-07-04 21:00:00,30.0,58,20.8,0.0,0.0,2.28,0.0,0.0
2012-07-04 22:00:00,29.2,61,21.0,0.0,0.0,2.64,0.0,0.0
2012-07-04 23:00:00,28.5,64,21.0,0.0,0.0,2.69,0.0,0.0
2012-07-05 00:00:00,28.0,65,20.7,0.0,0.0,2.91,0.0,0.0
2012-07-05 01:00:00,27.4,65,20.2,0.0,0.0,3.13,0.0,0.0
2012-07-05 02:00:00,26.8,73,21.5,0.0,0.0,3.11,0.0,0.0
2012-07-05 03:00:00,26.7,72,21.1,0.0,0.0,3.21,0.0,0.0
2012-07-05 04:00:00,26.7,70,20.7,0.0,0.0,3.1,0.0,0.0
2012-07-05 05:00:00,26.4,70,20.5,0.0,0.0,3.36,0.0,0.0
2012-07-05 06:00:00,26.9,69,20.7,0.0,0.0,2.95,62.0,0.22319999999999998
2012-07-05 07:00:00,29.0,61,20.7,0.0,0.0,3.47,219.0,0.7884
2012-07-05 08:00:00,31.0,55,20.8,0.0,0.0,3.5,404.0,1.4544
2012-07-05 09:00:00,33.1,49,21.1,0.0,0.0,2.94,579.0,2.0844
2012-07-05 10:00:00,35.1,44,21.2,0.0,0.0,3.2,738.0,2.6568
2012-07-05 11:00:00,36.8,40,21.0,0.0,0.0,4.04,836.0,3.0096
2012-07-05 12:00:00,38.0,37,20.8,0.0,0.0,3.75,875.0,3.15
2012-07-05 13:00:00,38.4,36,20.7,0.0,0.0,3.33,755.0,2.718
2012-07-05 14:00:00,37.9,37,20.7,0.0,0.0,3.16,808.0,2.9088
2012-07-05 15:00:00,36.0,42,21.0,2.9,0.0,3.2,617.0,2.2212
2012-07-05 16:00:00,35.0,45,21.3,0.0,0.0,3.12,504.0,1.8144
2012-07-05 17:00:00,34.3,46,21.1,0.5,0.0,1.72,267.0,0.9611999999999999
2012-07-05 18:00:00,33.3,48,20.9,0.0,0.0,2.34,225.0,0.8099999999999999
2012-07-05 19:00:00,32.6,52,21.5,0.0,0.0,1.82,79.0,0.2844
2012-07-05 20:00:00,31.3,54,21.0,0.0,0.0,1.53,7.0,0.0252
2012-07-05 21:00:00,30.6,56,21.0,0.0,0.0,1.58,0.0,0.0
2012-07-05 22:00:00,30.2,57,20.7,0.0,0.0,1.84,0.0,0.0
2012-07-05 23:00:00,29.5,59,20.5,0.0,0.0,1.75,0.0,0.0
2012-07-06 00:00:00,29.0,60,20.5,0.0,0.0,2.33,0.0,0.0
2012-07-06 01:00:00,28.4,62,20.5,0.0,0.0,2.38,0.0,0.0
2012-07-06 02:00:00,27.0,61,18.8,0.0,0.0,2.28,0.0,0.0
2012-07-06 03:00:00,26.2,64,18.8,0.0,0.0,2.06,0.0,0.0
2012-07-06 04:00:00,25.4,68,18.9,0.0,0.0,1.84,0.0,0.0
2012-07-06 05:00:00,24.7,72,19.3,0.0,0.0,1.41,0.0,0.0
2012-07-06 06:00:00,25.1,75,20.3,0.0,0.0,2.11,60.0,0.216
2012-07-06 07:00:00,27.7,59,18.9,0.0,0.0,2.19,201.0,0.7236
2012-07-06 08:00:00,30.2,42,16.0,0.0,0.0,2.36,404.0,1.4544
2012-07-06 09:00:00,32.0,35,14.8,0.0,0.0,1.84,541.0,1.9476
2012-07-06 10:00:00,33.7,33,15.1,0.0,0.0,1.25,737.0,2.6532
2012-07-06 11:00:00,35.1,30,15.0,0.0,0.0,0.92,846.0,3.0456
2012-07-06 12:00:00,36.3,28,15.1,0.0,0.0,0.64,939.0,3.3804
2012-07-06 13:00:00,37.3,27,15.3,0.0,0.0,0.28,950.0,3.42
2012-07-06 14:00:00,36.7,30,16.6,0.0,0.0,0.14,845.0,3.042
2012-07-06 15:00:00,37.4,29,16.4,0.0,0.0,0.63,764.0,2.7504
2012-07-06 16:00:00,37.6,28,16.1,0.0,0.0,1.0,582.0,2.0951999999999997
2012-07-06 17:00:00,37.5,28,15.9,0.0,0.0,1.17,419.0,1.5084
2012-07-06 18:00:00,36.9,32,17.6,0.0,0.0,1.28,253.0,0.9107999999999999
2012-07-06 19:00:00,35.4,39,19.4,0.0,0.0,0.72,118.0,0.4248
2012-07-06 20:00:00,33.2,39,17.3,0.0,0.0,0.98,11.0,0.039599999999999996
2012-07-06 21:00:00,31.5,45,18.2,0.0,0.0,1.63,0.0,0.0
2012-07-06 22:00:00,30.4,52,19.6,0.0,0.0,2.0,0.0,0.0
2012-07-06 23:00:00,29.6,59,20.8,0.0,0.0,2.14,0.0,0.0
2012-07-07 00:00:00,28.8,65,21.5,0.0,0.0,2.15,0.0,0.0
2012-07-07 01:00:00,28.1,69,21.8,0.0,0.0,2.14,0.0,0.0
2012-07-07 02:00:00,27.2,73,21.8,0.0,0.0,2.26,0.0,0.0
2012-07-07 03:00:00,26.7,76,22.0,0.0,0.0,2.27,0.0,0.0
2012-07-07 04:00:00,26.3,78,22.1,0.0,0.0,2.42,0.0,0.0
2012-07-07 05:00:00,25.9,81,22.3,0.0,0.0,1.98,0.0,0.0
2012-07-07 06:00:00,26.6,80,22.8,0.0,0.0,2.36,58.0,0.20879999999999999
2012-07-07 07:00:00,29.6,65,22.2,0.0,0.0,2.34,205.0,0.738
2012-07-07 08:00:00,32.4,53,21.6,0.0,0.0,2.56,394.0,1.4183999999999999
2012-07-07 09:00:00,34.9,44,20.7,0.0,0.0,2.62,578.0,2.0808
2012-07-07 10:00:00,36.6,37,19.6,0.0,0.0,2.98,723.0,2.6028
2012-07-07 11:00:00,38.2,32,18.4,0.0,0.0,3.28,841.0,3.0276
2012-07-07 12:00:00,39.6,27,17.1,0.0,0.0,3.24,903.0,3.2508
2012-07-07 13:00:00,40.7,23,15.6,0.0,0.0,3.14,883.0,3.1788
2012-07-07 14:00:00,40.8,24,16.4,0.0,0.0,3.09,697.0,2.5092
2012-07-07 15:00:00,41.1,21,14.8,0.0,0.0,3.07,614.0,2.2104
2012-07-07 16:00:00,40.8,21,14.3,0.0,0.0,3.3,439.0,1.5804
2012-07-07 17:00:00,40.5,21,14.1,0.0,0.0,2.3,386.0,1.3896
2012-07-07 18:00:00,39.7,23,14.8,0.0,0.0,2.04,227.0,0.8171999999999999
2012-07-07 19:00:00,37.7,29,16.4,0.0,0.0,1.72,90.0,0.324
2012-07-07 20:00:00,35.3,30,15.1,0.0,0.0,2.19,10.0,0.036
2012-07-07 21:00:00,33.5,35,15.9,0.0,0.0,2.5,0.0,0.0
2012-07-07 22:00:00,31.9,41,17.2,0.0,0.0,2.84,0.0,0.0
2012-07-07 23:00:00,30.7,49,18.7,0.0,0.0,2.9,0.0,0.0
2012-07-08 00:00:00,29.6,52,18.6,0.0,0.0,2.69,0.0,0.0
2012-07-08 01:00:00,28.6,54,18.4,0.0,0.0,2.34,0.0,0.0
2012-07-08 02:00:00,28.0,58,19.0,0.0,0.0,2.11,0.0,0.0
2012-07-08 03:00:00,27.6,59,18.8,0.0,0.0,2.02,0.0,0.0
2012-07-08 04:00:00,27.1,60,18.8,0.0,0.0,1.86,0.0,0.0
2012-07-08 05:00:00,26.6,67,20.0,0.0,0.0,1.08,0.0,0.0
2012-07-08 06:00:00,27.3,69,21.1,0.0,0.0,0.4,57.0,0.2052
2012-07-08 07:00:00,29.9,58,20.7,0.0,0.0,2.6,210.0,0.756
2012-07-08 08:00:00,31.6,56,21.7,0.0,0.0,3.62,387.0,1.3932
2012-07-08 09:00:00,33.1,52,22.0,0.0,0.0,1.46,532.0,1.9152
2012-07-08 10:00:00,34.8,47,22.0,0.0,0.0,1.78,713.0,2.5667999999999997
2012-07-08 11:00:00,36.3,43,21.8,0.0,0.0,2.2,825.0,2.9699999999999998
2012-07-08 12:00:00,37.9,39,21.5,0.0,0.0,2.69,906.0,3.2616
2012-07-08 13:00:00,39.2,34,20.7,0.0,0.0,2.69,875.0,3.15
2012-07-08 14:00:00,37.9,42,22.6,0.8,0.0,2.78,743.0,2.6748
2012-07-08 15:00:00,35.9,45,22.2,0.8,0.0,2.56,633.0,2.2788
2012-07-08 16:00:00,34.3,53,23.2,0.0,0.0,2.6,469.0,1.6884
2012-07-08 17:00:00,30.5,74,25.3,8.3,0.0,0.5,238.0,0.8568
2012-07-08 18:00:00,27.3,88,25.2,13.1,0.0,1.1,39.0,0.1404
2012-07-08 19:00:00,26.3,92,25.0,0.9,0.0,0.51,25.0,0.09
2012-07-08 20:00:00,26.0,93,24.9,0.0,0.0,0.51,5.0,0.018
2012-07-08 21:00:00,26.1,93,24.8,0.0,0.0,0.72,0.0,0.0
2012-07-08 22:00:00,26.0,93,24.8,0.0,0.0,0.82,0.0,0.0
2012-07-08 23:00:00,26.0,92,24.6,0.0,0.0,1.24,0.0,0.0
2012-07-09 00:00:00,25.9,92,24.6,0.0,0.0,2.51,0.0,0.0
2012-07-09 01:00:00,25.9,92,24.5,0.0,0.0,3.1,0.0,0.0
2012-07-09 02:00:00,24.6,93,23.5,1.6,0.0,2.66,0.0,0.0
2012-07-09 03:00:00,23.7,95,22.9,3.7,0.0,2.1,0.0,0.0
2012-07-09 04:00:00,23.4,96,22.8,0.6,0.0,1.03,0.0,0.0
2012-07-09 05:00:00,23.4,97,22.8,0.8,0.0,2.13,0.0,0.0
2012-07-09 06:00:00,23.4,96,22.7,1.4,0.0,1.72,17.0,0.0612
2012-07-09 07:00:00,23.8,94,22.7,0.6,0.0,1.93,69.0,0.24839999999999998
2012-07-09 08:00:00,24.6,88,22.5,0.0,0.0,2.79,191.0,0.6876
2012-07-09 09:00:00,25.6,83,22.4,0.0,0.0,2.62,303.0,1.0908
2012-07-09 10:00:00,26.1,80,22.5,0.0,0.0,2.66,343.0,1.2348
2012-07-09 11:00:00,26.8,77,22.5,0.0,0.0,2.59,450.0,1.6199999999999999
2012-07-09 12:00:00,26.9,76,22.2,0.2,0.0,2.33,420.0,1.512
2012-07-09 13:00:00,27.3,72,21.8,0.0,0.0,2.13,451.0,1.6236
2012-07-09 14:00:00,27.4,62,19.4,0.0,0.0,1.9,485.0,1.746
2012-07-09 15:00:00,27.2,61,18.9,0.0,0.0,1.53,253.0,0.9107999999999999
2012-07-09 16:00:00,27.5,58,18.6,0.0,0.0,1.27,360.0,1.296
2012-07-09 17:00:00,27.6,57,18.3,0.0,0.0,1.7,284.0,1.0224
2012-07-09 18:00:00,27.2,59,18.4,0.0,0.0,1.7,177.0,0.6372
2012-07-09 19:00:00,26.6,64,19.2,0.0,0.0,1.24,77.0,0.2772
2012-07-09 20:00:00,25.6,69,19.6,0.0,0.0,1.34,8.0,0.0288
2012-07-09 21:00:00,24.8,75,20.2,0.0,0.0,1.64,0.0,0.0
2012-07-09 22:00:00,24.0,83,20.9,0.0,0.0,1.49,0.0,0.0
2012-07-09 23:00:00,23.3,89,21.4,0.0,0.0,1.14,0.0,0.0
2012-07-10 00:00:00,23.3,89,21.4,0.0,0.0,0.81,0.0,0.0
2012-07-10 01:00:00,23.2,90,21.5,0.0,0.0,0.71,0.0,0.0
2012-07-10 02:00:00,22.1,94,21.1,0.3,0.0,0.94,0.0,0.0
2012-07-10 03:00:00,22.2,94,21.2,0.0,0.0,1.55,0.0,0.0
2012-07-10 04:00:00,21.8,95,21.0,0.0,0.0,1.8,0.0,0.0
2012-07-10 05:00:00,21.8,95,21.0,0.0,0.0,1.3,0.0,0.0
2012-07-10 06:00:00,22.6,95,21.7,0.0,0.0,1.36,47.0,0.1692
2012-07-10 07:00:00,24.5,85,21.8,0.0,0.0,1.08,196.0,0.7056
2012-07-10 08:00:00,25.8,76,21.2,0.0,0.0,1.28,362.0,1.3032
2012-07-10 09:00:00,27.1,65,20.0,0.0,0.0,1.39,530.0,1.908
2012-07-10 10:00:00,28.4,55,18.5,0.0,0.0,1.55,726.0,2.6136
2012-07-10 11:00:00,28.9,50,17.6,0.0,0.0,1.81,733.0,2.6388
2012-07-10 12:00:00,29.0,50,17.5,0.0,0.0,2.12,679.0,2.4444
2012-07-10 13:00:00,29.4,48,17.4,0.0,0.0,2.44,777.0,2.7972
2012-07-10 14:00:00,29.7,43,15.9,0.0,0.0,2.51,637.0,2.2932
2012-07-10 15:00:00,29.5,44,16.0,0.0,0.0,2.3,482.0,1.7351999999999999
2012-07-10 16:00:00,29.4,45,16.1,0.0,0.0,2.39,409.0,1.4724
2012-07-10 17:00:00,28.7,48,16.7,0.0,0.0,2.0,291.0,1.0475999999999999
2012-07-10 18:00:00,28.0,53,17.4,0.0,0.0,1.58,221.0,0.7956
2012-07-10 19:00:00,27.0,61,19.0,0.0,0.0,1.53,84.0,0.3024
2012-07-10 20:00:00,26.1,64,18.8,0.0,0.0,1.94,8.0,0.0288
2012-07-10 21:00:00,25.2,70,19.3,0.0,0.0,1.72,0.0,0.0
2012-07-10 22:00:00,24.3,76,19.8,0.0,0.0,1.48,0.0,0.0
2012-07-10 23:00:00,23.5,82,20.3,0.0,0.0,1.26,0.0,0.0
2012-07-11 00:00:00,23.0,87,20.6,0.0,0.0,1.12,0.0,0.0
2012-07-11 01:00:00,22.8,87,20.6,0.0,0.0,1.08,0.0,0.0
2012-07-11 02:00:00,22.1,90,20.4,0.0,0.0,1.39,0.0,0.0
2012-07-11 03:00:00,21.7,92,20.4,0.0,0.0,1.75,0.0,0.0
2012-07-11 04:00:00,21.5,93,20.4,0.0,0.0,1.99,0.0,0.0
2012-07-11 05:00:00,21.3,95,20.4,0.0,0.0,1.62,0.0,0.0
2012-07-11 06:00:00,22.0,95,21.1,0.0,0.0,1.84,50.0,0.18
2012-07-11 07:00:00,24.2,84,21.4,0.0,0.0,1.79,188.0,0.6768
2012-07-11 08:00:00,25.4,74,20.5,0.0,0.0,2.09,378.0,1.3608
2012-07-11 09:00:00,26.7,64,19.4,0.0,0.0,2.33,530.0,1.908
2012-07-11 10:00:00,27.8,57,18.4,0.0,0.0,2.4,684.0,2.4624
2012-07-11 11:00:00,28.6,51,17.5,0.0,0.0,2.52,714.0,2.5704
2012-07-11 12:00:00,29.2,47,16.9,0.0,0.0,2.69,751.0,2.7036
2012-07-11 13:00:00,29.7,45,16.4,0.0,0.0,2.92,785.0,2.826
2012-07-11 14:00:00,29.9,44,16.2,0.0,0.0,2.92,743.0,2.6748
2012-07-11 15:00:00,29.6,43,15.7,0.0,0.0,2.88,562.0,2.0232
2012-07-11 16:00:00,29.0,44,15.4,0.0,0.0,2.97,371.0,1.3356
2012-07-11 17:00:00,28.4,46,15.5,0.0,0.0,2.48,303.0,1.0908
2012-07-11 18:00:00,27.6,49,16.0,0.0,0.0,2.33,162.0,0.5831999999999999
2012-07-11 19:00:00,26.6,55,16.8,0.0,0.0,2.06,82.0,0.2952
2012-07-11 20:00:00,25.5,57,16.4,0.0,0.0,2.01,7.0,0.0252
2012-07-11 21:00:00,24.5,62,16.7,0.0,0.0,2.42,0.0,0.0
2012-07-11 22:00:00,23.4,67,17.0,0.0,0.0,2.62,0.0,0.0
2012-07-11 23:00:00,22.7,72,17.5,0.0,0.0,2.4,0.0,0.0
2012-07-12 00:00:00,22.1,77,17.9,0.0,0.0,2.19,0.0,0.0
2012-07-12 01:00:00,21.4,82,18.2,0.0,0.0,2.06,0.0,0.0
2012-07-12 02:00:00,21.4,89,19.5,0.0,0.0,1.84,0.0,0.0
2012-07-12 03:00:00,21.2,90,19.5,0.0,0.0,1.63,0.0,0.0
2012-07-12 04:00:00,20.7,92,19.4,0.0,0.0,1.61,0.0,0.0
2012-07-12 05:00:00,20.6,93,19.4,0.0,0.0,1.34,0.0,0.0
2012-07-12 06:00:00,21.3,92,20.0,0.0,0.0,1.26,46.0,0.1656
2012-07-12 07:00:00,23.4,80,19.7,0.0,0.0,1.33,183.0,0.6587999999999999
2012-07-12 08:00:00,24.5,72,19.1,0.0,0.0,1.55,368.0,1.3248
2012-07-12 09:00:00,26.2,60,17.9,0.0,0.0,1.92,587.0,2.1132
2012-07-12 10:00:00,27.7,49,16.1,0.0,0.0,2.21,739.0,2.6604
2012-07-12 11:00:00,28.9,43,15.0,0.0,0.0,2.91,855.0,3.078
2012-07-12 12:00:00,29.5,40,14.4,0.0,0.0,3.1,872.0,3.1391999999999998
2012-07-12 13:00:00,29.7,39,14.3,0.0,0.0,3.05,762.0,2.7432
2012-07-12 14:00:00,29.7,41,14.9,0.0,0.0,2.78,712.0,2.5632
2012-07-12 15:00:00,29.7,41,15.1,0.0,0.0,2.72,625.0,2.25
2012-07-12 16:00:00,29.3,43,15.3,0.0,0.0,2.7,490.0,1.764
2012-07-12 17:00:00,28.7,45,15.6,0.0,0.0,2.14,341.0,1.2276
2012-07-12 18:00:00,28.0,48,16.0,0.0,0.0,2.27,210.0,0.756
2012-07-12 19:00:00,27.1,55,17.1,0.0,0.0,2.19,87.0,0.3132
2012-07-12 20:00:00,25.9,59,17.1,0.0,0.0,1.75,7.0,0.0252
2012-07-12 21:00:00,25.0,64,17.6,0.0,0.0,1.75,0.0,0.0
2012-07-12 22:00:00,24.2,69,18.0,0.0,0.0,1.6,0.0,0.0
2012-07-12 23:00:00,23.4,74,18.5,0.0,0.0,1.41,0.0,0.0
2012-07-13 00:00:00,22.6,79,18.7,0.0,0.0,1.22,0.0,0.0
2012-07-13 01:00:00,22.3,82,19.1,0.0,0.0,1.1,0.0,0.0
2012-07-13 02:00:00,22.7,82,19.4,0.0,0.0,1.1,0.0,0.0
2012-07-13 03:00:00,22.8,81,19.4,0.0,0.0,1.12,0.0,0.0
2012-07-13 04:00:00,23.1,79,19.3,0.0,0.0,0.72,0.0,0.0
2012-07-13 05:00:00,23.0,81,19.5,0.0,0.0,0.22,0.0,0.0
2012-07-13 06:00:00,23.0,81,19.5,0.0,0.0,0.8,22.0,0.07919999999999999
2012-07-13 07:00:00,23.5,79,19.6,0.0,0.0,0.67,78.0,0.2808
2012-07-13 08:00:00,24.8,70,18.9,0.0,0.0,0.71,172.0,0.6192
2012-07-13 09:00:00,25.3,66,18.6,0.0,0.0,1.08,159.0,0.5724
2012-07-13 10:00:00,26.4,61,18.1,0.0,0.0,1.0,274.0,0.9863999999999999
2012-07-13 11:00:00,27.4,55,17.6,0.0,0.0,0.86,393.0,1.4148
2012-07-13 12:00:00,27.7,53,17.3,0.0,0.0,1.06,320.0,1.152
2012-07-13 13:00:00,28.1,52,17.3,0.0,0.0,1.49,334.0,1.2024
2012-07-13 14:00:00,29.7,46,17.0,0.0,0.0,1.58,562.0,2.0232
2012-07-13 15:00:00,29.5,46,16.7,0.0,0.0,1.75,378.0,1.3608
2012-07-13 16:00:00,29.1,46,16.5,0.0,0.0,1.89,247.0,0.8892
2012-07-13 17:00:00,28.6,48,16.7,0.0,0.0,1.32,167.0,0.6012
2012-07-13 18:00:00,27.9,52,17.1,0.0,0.0,1.2,71.0,0.2556
2012-07-13 19:00:00,27.0,58,17.9,0.0,0.0,1.06,21.0,0.0756
2012-07-13 20:00:00,26.0,62,18.1,0.0,0.0,1.2,2.0,0.0072
2012-07-13 21:00:00,25.2,68,18.9,0.0,0.0,0.58,0.0,0.0
2012-07-13 22:00:00,25.1,66,18.4,0.0,0.0,0.85,0.0,0.0
2012-07-13 23:00:00,24.5,69,18.5,0.0,0.0,0.63,0.0,0.0
2012-07-14 00:00:00,24.2,71,18.6,0.0,0.0,0.45,0.0,0.0
2012-07-14 01:00:00,24.1,71,18.6,0.0,0.0,0.86,0.0,0.0
2012-07-14 02:00:00,22.8,78,18.8,0.0,0.0,1.53,0.0,0.0
2012-07-14 03:00:00,22.8,72,17.4,0.0,0.0,1.97,0.0,0.0
2012-07-14 04:00:00,22.3,69,16.4,0.0,0.0,1.52,0.0,0.0
2012-07-14 05:00:00,22.0,77,17.7,0.0,0.0,1.08,0.0,0.0
2012-07-14 06:00:00,22.1,72,16.9,0.3,0.0,1.53,24.0,0.0864
2012-07-14 07:00:00,21.4,72,16.0,0.8,0.0,2.02,90.0,0.324
2012-07-14 08:00:00,21.2,76,16.8,1.2,0.0,2.43,188.0,0.6768
2012-07-14 09:00:00,22.1,73,17.1,0.1,0.0,2.51,356.0,1.2816
2012-07-14 10:00:00,24.2,67,17.8,0.0,0.0,2.2,531.0,1.9116
2012-07-14 11:00:00,26.1,64,18.8,0.0,0.0,1.62,638.0,2.2967999999999997
2012-07-14 12:00:00,27.2,65,20.0,0.0,0.0,1.68,595.0,2.142
2012-07-14 13:00:00,28.2,63,20.6,0.0,0.0,1.62,681.0,2.4516
2012-07-14 14:00:00,28.4,65,21.2,0.0,0.0,1.82,344.0,1.2384
2012-07-14 15:00:00,29.2,64,21.6,0.0,0.0,2.24,458.0,1.6488
2012-07-14 16:00:00,29.7,63,22.0,0.0,0.0,2.28,519.0,1.8683999999999998
2012-07-14 17:00:00,29.3,65,22.1,0.0,0.0,1.92,318.0,1.1448
2012-07-14 18:00:00,28.0,71,22.2,0.3,0.0,1.4,161.0,0.5796
2012-07-14 19:00:00,26.8,78,22.6,0.6,0.0,2.12,54.0,0.1944
2012-07-14 20:00:00,24.4,89,22.5,3.1,0.0,2.22,4.0,0.0144
2012-07-14 21:00:00,23.4,94,22.4,1.7,0.0,2.5,0.0,0.0
2012-07-14 22:00:00,23.4,94,22.5,0.0,0.0,1.9,0.0,0.0
2012-07-14 23:00:00,23.3,95,22.5,0.0,0.0,2.1,0.0,0.0
2012-07-15 00:00:00,23.2,96,22.6,0.0,0.0,2.2,0.0,0.0
2012-07-15 01:00:00,23.1,98,22.7,0.0,0.0,2.1,0.0,0.0
2012-07-15 02:00:00,23.4,96,22.8,0.0,0.0,2.26,0.0,0.0
2012-07-15 03:00:00,23.3,97,22.8,0.0,0.0,2.31,0.0,0.0
2012-07-15 04:00:00,23.3,97,22.8,0.0,0.0,2.28,0.0,0.0
2012-07-15 05:00:00,23.2,98,22.8,0.0,0.0,1.49,0.0,0.0
2012-07-15 06:00:00,23.6,96,23.0,0.0,0.0,2.5,42.0,0.1512
2012-07-15 07:00:00,25.0,88,22.9,0.0,0.0,2.82,163.0,0.5868
2012-07-15 08:00:00,26.4,82,23.1,0.0,0.0,2.53,322.0,1.1592
2012-07-15 09:00:00,28.1,75,23.1,0.0,0.0,2.26,449.0,1.6164
2012-07-15 10:00:00,29.3,70,23.2,0.1,0.0,2.12,557.0,2.0052
2012-07-15 11:00:00,30.3,67,23.5,0.2,0.0,2.04,722.0,2.5991999999999997
2012-07-15 12:00:00,30.9,64,23.3,0.1,0.0,1.68,693.0,2.4948
2012-07-15 13:00:00,32.2,59,23.2,0.0,0.0,1.79,835.0,3.006
2012-07-15 14:00:00,31.1,62,23.0,0.0,0.0,1.89,545.0,1.962
2012-07-15 15:00:00,31.6,57,22.1,0.0,0.0,2.15,520.0,1.8719999999999999
2012-07-15 16:00:00,31.3,57,21.8,0.0,0.0,2.02,388.0,1.3968
2012-07-15 17:00:00,29.0,68,22.5,1.5,0.0,2.14,227.0,0.8171999999999999
2012-07-15 18:00:00,27.6,75,22.8,0.2,0.0,1.79,104.0,0.3744
2012-07-15 19:00:00,26.8,82,23.4,0.4,0.0,1.57,58.0,0.20879999999999999
2012-07-15 20:00:00,26.0,86,23.4,0.0,0.0,1.77,5.0,0.018
2012-07-15 21:00:00,25.1,91,23.5,0.0,0.0,2.28,0.0,0.0
2012-07-15 22:00:00,24.7,93,23.5,0.0,0.0,2.38,0.0,0.0
2012-07-15 23:00:00,24.5,94,23.5,0.0,0.0,2.4,0.0,0.0
2012-07-16 00:00:00,24.3,95,23.5,0.0,0.0,2.24,0.0,0.0
2012-07-16 01:00:00,24.1,96,23.4,0.0,0.0,2.3,0.0,0.0
2012-07-16 02:00:00,24.0,96,23.3,0.0,0.0,2.35,0.0,0.0
2012-07-16 03:00:00,23.9,94,22.8,0.0,0.0,2.57,0.0,0.0
2012-07-16 04:00:00,23.7,91,22.2,0.0,0.0,2.69,0.0,0.0
2012-07-16 05:00:00,23.3,90,21.6,0.0,0.0,2.12,0.0,0.0
2012-07-16 06:00:00,23.4,90,21.7,0.0,0.0,2.1,44.0,0.15839999999999999
2012-07-16 07:00:00,24.7,86,22.1,0.0,0.0,2.0,185.0,0.666
2012-07-16 08:00:00,26.3,78,22.2,0.0,0.0,2.32,361.0,1.2995999999999999
2012-07-16 09:00:00,28.1,71,22.3,0.0,0.0,2.95,547.0,1.9691999999999998
2012-07-16 10:00:00,29.8,64,22.3,0.0,0.0,2.28,690.0,2.484
2012-07-16 11:00:00,31.5,56,21.6,0.0,0.0,2.04,815.0,2.9339999999999997
2012-07-16 12:00:00,32.6,52,21.5,0.0,0.0,2.3,858.0,3.0888
2012-07-16 13:00:00,33.1,50,21.3,0.0,0.0,2.65,718.0,2.5848
2012-07-16 14:00:00,33.0,51,21.6,0.0,0.0,3.01,652.0,2.3472
2012-07-16 15:00:00,30.3,62,22.2,1.8,0.0,2.69,475.0,1.71
2012-07-16 16:00:00,31.2,59,22.2,0.1,0.0,2.06,487.0,1.7531999999999999
2012-07-16 17:00:00,31.9,56,21.9,0.0,0.0,1.3,332.0,1.1952
2012-07-16 18:00:00,31.7,57,22.1,0.0,0.0,0.71,232.0,0.8351999999999999
2012-07-16 19:00:00,30.5,65,23.1,0.0,0.0,0.45,90.0,0.324
2012-07-16 20:00:00,28.8,69,22.6,0.0,0.0,1.13,7.0,0.0252
2012-07-16 21:00:00,27.8,75,22.9,0.0,0.0,1.49,0.0,0.0
2012-07-16 22:00:00,27.0,79,23.1,0.0,0.0,1.43,0.0,0.0
2012-07-16 23:00:00,26.4,82,23.1,0.0,0.0,1.6,0.0,0.0
2012-07-17 00:00:00,25.6,85,22.9,0.0,0.0,1.62,0.0,0.0
2012-07-17 01:00:00,25.0,85,22.4,0.0,0.0,1.58,0.0,0.0
2012-07-17 02:00:00,24.1,87,21.7,0.0,0.0,1.61,0.0,0.0
2012-07-17 03:00:00,23.5,85,20.8,0.0,0.0,1.84,0.0,0.0
2012-07-17 04:00:00,23.0,83,20.1,0.0,0.0,1.84,0.0,0.0
2012-07-17 05:00:00,22.7,83,19.7,0.0,0.0,1.55,0.0,0.0
2012-07-17 06:00:00,23.5,82,20.2,0.0,0.0,2.01,48.0,0.1728
2012-07-17 07:00:00,26.8,67,20.2,0.0,0.0,1.82,200.0,0.72
2012-07-17 08:00:00,29.2,59,20.5,0.0,0.0,2.02,385.0,1.386
2012-07-17 09:00:00,31.2,52,20.3,0.0,0.0,2.38,568.0,2.0448
2012-07-17 10:00:00,32.9,45,19.3,0.0,0.0,2.38,725.0,2.61
2012-07-17 11:00:00,34.3,39,18.3,0.0,0.0,2.01,848.0,3.0528
2012-07-17 12:00:00,35.4,35,17.6,0.0,0.0,2.01,918.0,3.3047999999999997
2012-07-17 13:00:00,36.2,33,17.2,0.0,0.0,1.8,931.0,3.3516
2012-07-17 14:00:00,35.9,35,18.0,0.0,0.0,2.21,762.0,2.7432
2012-07-17 15:00:00,36.4,34,17.8,0.0,0.0,2.78,680.0,2.448
2012-07-17 16:00:00,36.1,34,17.8,0.0,0.0,3.22,504.0,1.8144
2012-07-17 17:00:00,35.6,35,17.8,0.0,0.0,2.64,382.0,1.3752
2012-07-17 18:00:00,34.5,38,18.2,0.0,0.0,2.48,242.0,0.8712
2012-07-17 19:00:00,32.7,45,19.1,0.0,0.0,2.2,96.0,0.3456
2012-07-17 20:00:00,31.0,47,18.3,0.0,0.0,2.44,8.0,0.0288
2012-07-17 21:00:00,29.8,52,18.9,0.0,0.0,2.51,0.0,0.0
2012-07-17 22:00:00,29.0,57,19.7,0.0,0.0,2.51,0.0,0.0
2012-07-17 23:00:00,28.4,61,20.0,0.0,0.0,2.83,0.0,0.0
2012-07-18 00:00:00,27.8,62,19.9,0.0,0.0,2.94,0.0,0.0
2012-07-18 01:00:00,27.2,64,19.8,0.0,0.0,2.62,0.0,0.0
2012-07-18 02:00:00,26.2,66,19.4,0.0,0.0,2.2,0.0,0.0
2012-07-18 03:00:00,25.4,70,19.5,0.0,0.0,2.15,0.0,0.0
2012-07-18 04:00:00,24.7,74,19.7,0.0,0.0,1.97,0.0,0.0
2012-07-18 05:00:00,24.1,80,20.5,0.0,0.0,1.94,0.0,0.0
2012-07-18 06:00:00,24.6,83,21.4,0.0,0.0,2.33,45.0,0.162
2012-07-18 07:00:00,27.8,65,20.6,0.0,0.0,2.06,193.0,0.6948
2012-07-18 08:00:00,30.1,60,21.4,0.0,0.0,2.2,374.0,1.3464
2012-07-18 09:00:00,32.1,57,22.4,0.0,0.0,2.06,554.0,1.9944
2012-07-18 10:00:00,33.9,51,22.3,0.0,0.0,1.92,707.0,2.5452
2012-07-18 11:00:00,34.9,46,21.4,0.0,0.0,2.16,766.0,2.7576
2012-07-18 12:00:00,35.2,44,21.2,0.0,0.0,2.68,673.0,2.4228
2012-07-18 13:00:00,35.8,43,21.2,0.0,0.0,2.59,689.0,2.4804
2012-07-18 14:00:00,35.2,43,20.6,0.9,0.0,3.53,605.0,2.178
2012-07-18 15:00:00,33.5,50,21.7,0.0,0.0,1.66,368.0,1.3248
2012-07-18 16:00:00,33.6,50,21.8,0.0,0.0,1.17,326.0,1.1736
2012-07-18 17:00:00,33.8,48,21.4,0.0,0.0,1.39,349.0,1.2564
2012-07-18 18:00:00,32.9,54,22.3,0.1,0.0,1.58,158.0,0.5688
2012-07-18 19:00:00,30.5,61,22.0,0.9,0.0,1.24,54.0,0.1944
2012-07-18 20:00:00,27.7,74,22.7,0.4,0.0,0.9,3.0,0.0108
2012-07-18 21:00:00,27.4,78,23.3,0.0,0.0,0.89,0.0,0.0
2012-07-18 22:00:00,26.9,79,23.0,0.0,0.0,1.26,0.0,0.0
2012-07-18 23:00:00,26.5,82,23.2,0.0,0.0,1.62,0.0,0.0
2012-07-19 00:00:00,26.1,85,23.3,0.0,0.0,1.7,0.0,0.0
2012-07-19 01:00:00,25.7,87,23.4,0.0,0.0,1.99,0.0,0.0
2012-07-19 02:00:00,24.9,86,22.4,4.8,0.0,2.0,0.0,0.0
2012-07-19 03:00:00,24.2,90,22.4,1.9,0.0,2.09,0.0,0.0
2012-07-19 04:00:00,24.3,90,22.6,0.0,0.0,2.28,0.0,0.0
2012-07-19 05:00:00,24.3,90,22.6,0.0,0.0,2.38,0.0,0.0
2012-07-19 06:00:00,24.5,91,22.9,0.0,0.0,2.25,37.0,0.13319999999999999
2012-07-19 07:00:00,25.8,87,23.5,0.0,0.0,1.91,173.0,0.6228
2012-07-19 08:00:00,27.3,80,23.6,0.0,0.0,1.78,338.0,1.2167999999999999
2012-07-19 09:00:00,28.9,72,23.3,0.0,0.0,1.42,520.0,1.8719999999999999
2012-07-19 10:00:00,29.9,67,23.1,0.0,0.0,1.42,532.0,1.9152
2012-07-19 11:00:00,31.4,62,23.3,0.0,0.0,1.49,725.0,2.61
2012-07-19 12:00:00,32.7,58,23.4,0.0,0.0,1.51,800.0,2.88
2012-07-19 13:00:00,33.7,54,23.2,0.0,0.0,1.94,850.0,3.06
2012-07-19 14:00:00,33.9,49,21.6,0.0,0.0,1.03,799.0,2.8764
2012-07-19 15:00:00,32.1,53,21.4,0.6,0.0,1.63,418.0,1.5048
2012-07-19 16:00:00,30.2,67,23.3,0.8,0.0,2.46,393.0,1.4148
2012-07-19 17:00:00,28.9,74,23.8,0.4,0.0,1.08,337.0,1.2132
2012-07-19 18:00:00,28.5,76,23.8,0.0,0.0,1.73,175.0,0.63
2012-07-19 19:00:00,27.0,86,24.4,2.4,0.0,2.82,64.0,0.2304
2012-07-19 20:00:00,25.7,91,24.1,2.9,0.0,2.86,4.0,0.0144
2012-07-19 21:00:00,25.3,93,24.1,0.3,0.0,2.3,0.0,0.0
2012-07-19 22:00:00,25.1,94,24.1,0.0,0.0,1.66,0.0,0.0
2012-07-19 23:00:00,25.1,94,24.1,0.0,0.0,2.3,0.0,0.0
2012-07-20 00:00:00,25.1,95,24.3,0.0,0.0,2.34,0.0,0.0
2012-07-20 01:00:00,24.9,97,24.3,0.0,0.0,2.06,0.0,0.0
2012-07-20 02:00:00,24.9,96,24.2,0.1,0.0,1.86,0.0,0.0
2012-07-20 03:00:00,24.8,96,24.1,0.4,0.0,1.88,0.0,0.0
2012-07-20 04:00:00,24.2,97,23.7,1.5,0.0,1.9,0.0,0.0
2012-07-20 05:00:00,23.2,99,23.0,2.3,0.0,2.26,0.0,0.0
2012-07-20 06:00:00,23.1,99,22.9,0.2,0.0,1.87,11.0,0.039599999999999996
2012-07-20 07:00:00,23.2,97,22.8,0.0,0.0,1.72,61.0,0.2196
2012-07-20 08:00:00,24.7,88,22.6,0.0,0.0,2.26,236.0,0.8496
2012-07-20 09:00:00,26.2,81,22.6,0.0,0.0,2.36,385.0,1.386
2012-07-20 10:00:00,27.5,74,22.4,0.1,0.0,2.28,482.0,1.7351999999999999
2012-07-20 11:00:00,28.6,69,22.5,0.0,0.0,1.71,548.0,1.9727999999999999
2012-07-20 12:00:00,28.8,70,22.9,0.1,0.0,0.57,472.0,1.6992
2012-07-20 13:00:00,29.0,71,23.2,0.3,0.0,0.61,473.0,1.7027999999999999
2012-07-20 14:00:00,26.7,76,22.1,0.3,0.0,0.32,531.0,1.9116
2012-07-20 15:00:00,26.6,75,21.9,0.4,0.0,0.6,368.0,1.3248
2012-07-20 16:00:00,24.8,82,21.6,0.6,0.0,1.24,219.0,0.7884
2012-07-20 17:00:00,24.1,85,21.4,0.6,0.0,2.77,118.0,0.4248
2012-07-20 18:00:00,23.1,90,21.3,0.2,0.0,3.14,60.0,0.216
2012-07-20 19:00:00,22.3,92,20.8,0.0,0.0,3.38,13.0,0.0468
2012-07-20 20:00:00,21.6,91,20.0,0.0,0.0,3.83,1.0,0.0036
2012-07-20 21:00:00,21.3,89,19.4,0.0,0.0,4.08,0.0,0.0
2012-07-20 22:00:00,21.0,88,19.0,0.0,0.0,4.02,0.0,0.0
2012-07-20 23:00:00,20.9,88,18.7,0.0,0.0,3.92,0.0,0.0
2012-07-21 00:00:00,20.8,87,18.5,0.0,0.0,3.73,0.0,0.0
2012-07-21 01:00:00,20.8,86,18.4,0.0,0.0,3.67,0.0,0.0
2012-07-21 02:00:00,20.4,88,18.4,0.5,0.0,3.72,0.0,0.0
2012-07-21 03:00:00,20.1,91,18.5,0.8,0.0,3.58,0.0,0.0
2012-07-21 04:00:00,19.7,93,18.6,1.7,0.0,3.54,0.0,0.0
2012-07-21 05:00:00,19.4,96,18.7,1.5,0.0,2.76,0.0,0.0
2012-07-21 06:00:00,19.3,97,18.8,0.7,0.0,3.11,5.0,0.018
2012-07-21 07:00:00,19.5,96,18.8,0.4,0.0,3.14,31.0,0.11159999999999999
2012-07-21 08:00:00,20.1,93,19.0,0.3,0.0,2.97,126.0,0.4536
2012-07-21 09:00:00,20.7,91,19.1,0.2,0.0,3.0,185.0,0.666
2012-07-21 10:00:00,21.3,88,19.3,0.4,0.0,2.91,242.0,0.8712
2012-07-21 11:00:00,22.1,85,19.4,0.4,0.0,2.7,308.0,1.1088
2012-07-21 12:00:00,22.2,83,19.2,0.4,0.0,2.47,201.0,0.7236
2012-07-21 13:00:00,22.8,81,19.4,0.3,0.0,2.55,323.0,1.1628
2012-07-21 14:00:00,21.3,84,18.4,1.5,0.0,2.52,158.0,0.5688
2012-07-21 15:00:00,20.9,89,19.0,0.9,0.0,2.12,110.0,0.39599999999999996
2012-07-21 16:00:00,20.7,92,19.3,0.5,0.0,2.19,75.0,0.27
2012-07-21 17:00:00,20.6,92,19.2,0.2,0.0,1.98,40.0,0.144
2012-07-21 18:00:00,20.8,91,19.2,0.0,0.0,1.56,44.0,0.15839999999999999
2012-07-21 19:00:00,20.8,90,19.2,0.0,0.0,0.82,36.0,0.1296
2012-07-21 20:00:00,20.9,90,19.2,0.0,0.0,0.91,1.0,0.0036
2012-07-21 21:00:00,20.9,90,19.2,0.0,0.0,0.98,0.0,0.0
2012-07-21 22:00:00,21.0,90,19.3,0.0,0.0,0.92,0.0,0.0
2012-07-21 23:00:00,20.9,92,19.5,0.0,0.0,1.1,0.0,0.0
2012-07-22 00:00:00,20.8,93,19.6,0.2,0.0,0.82,0.0,0.0
2012-07-22 01:00:00,20.8,93,19.6,0.0,0.0,0.76,0.0,0.0
2012-07-22 02:00:00,20.6,87,18.3,0.0,0.0,0.71,0.0,0.0
2012-07-22 03:00:00,20.6,87,18.4,0.0,0.0,0.82,0.0,0.0
2012-07-22 04:00:00,20.6,87,18.4,0.0,0.0,0.71,0.0,0.0
2012-07-22 05:00:00,20.6,88,18.5,0.0,0.0,0.41,0.0,0.0
2012-07-22 06:00:00,20.7,88,18.7,0.0,0.0,0.41,15.0,0.054
2012-07-22 07:00:00,21.1,89,19.2,0.0,0.0,0.61,87.0,0.3132
2012-07-22 08:00:00,21.9,86,19.4,0.0,0.0,0.28,186.0,0.6696
2012-07-22 09:00:00,23.3,79,19.4,0.0,0.0,0.92,366.0,1.3175999999999999
2012-07-22 10:00:00,24.4,73,19.3,0.1,0.0,1.26,440.0,1.5839999999999999
2012-07-22 11:00:00,25.4,68,19.1,0.2,0.0,1.36,479.0,1.7244
2012-07-22 12:00:00,26.4,64,19.0,0.2,0.0,1.58,520.0,1.8719999999999999
2012-07-22 13:00:00,26.9,63,19.2,0.0,0.0,1.73,552.0,1.9871999999999999
2012-07-22 14:00:00,25.7,71,20.0,0.1,0.0,1.73,348.0,1.2528
2012-07-22 15:00:00,25.9,71,20.2,0.3,0.0,1.71,336.0,1.2096
2012-07-22 16:00:00,25.9,72,20.4,0.0,0.0,1.82,265.0,0.954
2012-07-22 17:00:00,26.4,69,20.2,0.0,0.0,1.33,303.0,1.0908
2012-07-22 18:00:00,26.2,70,20.2,0.0,0.0,1.92,233.0,0.8388
2012-07-22 19:00:00,25.4,76,21.0,0.0,0.0,1.71,83.0,0.2988
2012-07-22 20:00:00,24.3,81,20.9,0.0,0.0,1.97,5.0,0.018
2012-07-22 21:00:00,23.6,86,21.0,0.0,0.0,2.15,0.0,0.0
2012-07-22 22:00:00,22.9,90,21.1,0.0,0.0,2.24,0.0,0.0
2012-07-22 23:00:00,22.5,93,21.2,0.0,0.0,2.51,0.0,0.0
2012-07-23 00:00:00,22.1,95,21.3,0.0,0.0,2.41,0.0,0.0
2012-07-23 01:00:00,22.0,96,21.4,0.0,0.0,2.24,0.0,0.0
2012-07-23 02:00:00,21.8,98,21.4,0.0,0.0,2.16,0.0,0.0
2012-07-23 03:00:00,21.6,98,21.3,0.0,0.0,1.87,0.0,0.0
2012-07-23 04:00:00,21.4,99,21.2,0.0,0.0,1.46,0.0,0.0
2012-07-23 05:00:00,21.1,99,21.0,0.0,0.0,1.08,0.0,0.0
2012-07-23 06:00:00,21.5,99,21.3,0.0,0.0,1.5,32.0,0.1152
2012-07-23 07:00:00,23.9,89,22.0,0.0,0.0,1.5,177.0,0.6372
2012-07-23 08:00:00,25.6,83,22.4,0.0,0.0,1.3,357.0,1.2852
2012-07-23 09:00:00,27.4,74,22.4,0.0,0.0,1.14,555.0,1.998
2012-07-23 10:00:00,28.9,66,21.9,0.0,0.0,1.36,684.0,2.4624
2012-07-23 11:00:00,29.9,59,21.0,0.0,0.0,1.8,670.0,2.412
2012-07-23 12:00:00,30.7,54,20.4,0.0,0.0,2.37,724.0,2.6064
2012-07-23 13:00:00,30.7,52,19.6,0.0,0.0,2.72,641.0,2.3076
2012-07-23 14:00:00,29.8,60,21.1,0.0,0.0,3.05,533.0,1.9187999999999998
2012-07-23 15:00:00,30.2,58,20.9,0.0,0.0,3.36,522.0,1.8792
2012-07-23 16:00:00,30.2,57,20.8,0.0,0.0,3.5,373.0,1.3428
2012-07-23 17:00:00,30.2,57,20.7,0.0,0.0,2.36,314.0,1.1304
2012-07-23 18:00:00,29.3,62,21.3,0.0,0.0,2.19,166.0,0.5976
2012-07-23 19:00:00,28.3,67,21.5,0.0,0.0,2.3,75.0,0.27
2012-07-23 20:00:00,27.2,67,20.7,0.0,0.0,2.69,4.0,0.0144
2012-07-23 21:00:00,26.5,70,20.5,0.0,0.0,3.26,0.0,0.0
2012-07-23 22:00:00,25.8,71,20.3,0.0,0.0,3.0,0.0,0.0
2012-07-23 23:00:00,25.3,73,20.1,0.0,0.0,3.14,0.0,0.0
2012-07-24 00:00:00,24.9,75,20.1,0.0,0.0,3.11,0.0,0.0
2012-07-24 01:00:00,24.5,76,20.0,0.0,0.0,3.61,0.0,0.0
2012-07-24 02:00:00,24.3,77,20.1,0.0,0.0,3.4,0.0,0.0
2012-07-24 03:00:00,24.1,80,20.3,0.0,0.0,3.36,0.0,0.0
2012-07-24 04:00:00,23.8,82,20.5,0.0,0.0,3.4,0.0,0.0
2012-07-24 05:00:00,23.6,84,20.7,0.0,0.0,3.26,0.0,0.0
2012-07-24 06:00:00,23.9,84,21.1,0.0,0.0,3.31,38.0,0.1368
2012-07-24 07:00:00,25.8,79,21.9,0.0,0.0,3.21,179.0,0.6444
2012-07-24 08:00:00,28.2,71,22.5,0.0,0.0,3.41,370.0,1.332
2012-07-24 09:00:00,30.2,65,22.9,0.0,0.0,3.91,552.0,1.9871999999999999
2012-07-24 10:00:00,31.9,59,22.9,0.0,0.0,4.18,711.0,2.5596
2012-07-24 11:00:00,33.5,52,22.4,0.0,0.0,4.51,828.0,2.9808
2012-07-24 12:00:00,33.9,49,21.8,0.0,0.0,5.03,775.0,2.79
2012-07-24 13:00:00,34.4,47,21.5,0.0,0.0,5.6,724.0,2.6064
2012-07-24 14:00:00,30.8,61,22.4,0.0,0.0,4.08,468.0,1.6847999999999999
2012-07-24 15:00:00,30.9,61,22.6,0.0,0.0,4.95,315.0,1.134
2012-07-24 16:00:00,30.6,61,22.3,0.0,0.0,4.98,351.0,1.2636
2012-07-24 17:00:00,30.5,61,22.0,0.0,0.0,3.45,394.0,1.4183999999999999
2012-07-24 18:00:00,29.7,63,21.9,0.0,0.0,3.72,209.0,0.7524
2012-07-24 19:00:00,28.7,66,21.7,0.0,0.0,3.54,81.0,0.29159999999999997
2012-07-24 20:00:00,27.8,67,21.0,0.0,0.0,3.94,5.0,0.018
2012-07-24 21:00:00,27.0,68,20.7,0.0,0.0,4.33,0.0,0.0
2012-07-24 22:00:00,26.4,70,20.4,0.0,0.0,4.68,0.0,0.0
2012-07-24 23:00:00,25.9,69,19.8,0.0,0.0,4.83,0.0,0.0
2012-07-25 00:00:00,25.4,67,18.8,0.0,0.0,4.55,0.0,0.0
2012-07-25 01:00:00,24.9,64,17.7,0.0,0.0,3.98,0.0,0.0
2012-07-25 02:00:00,24.3,63,16.8,0.0,0.0,3.3,0.0,0.0
2012-07-25 03:00:00,23.5,65,16.5,0.0,0.0,3.1,0.0,0.0
2012-07-25 04:00:00,22.7,65,15.8,0.0,0.0,3.01,0.0,0.0
2012-07-25 05:00:00,22.0,65,15.1,0.0,0.0,2.89,0.0,0.0
2012-07-25 06:00:00,21.4,68,15.2,0.0,0.0,2.91,39.0,0.1404
2012-07-25 07:00:00,22.7,61,14.9,0.0,0.0,2.4,196.0,0.7056
2012-07-25 08:00:00,24.1,50,13.0,0.0,0.0,3.28,393.0,1.4148
2012-07-25 09:00:00,25.1,45,12.3,0.0,0.0,2.72,586.0,2.1096
2012-07-25 10:00:00,26.2,41,12.1,0.0,0.0,1.75,751.0,2.7036
2012-07-25 11:00:00,27.4,39,12.1,0.0,0.0,1.3,876.0,3.1536
2012-07-25 12:00:00,28.4,36,12.1,0.0,0.0,0.98,948.0,3.4128
2012-07-25 13:00:00,29.3,35,12.1,0.0,0.0,0.81,962.0,3.4632
2012-07-25 14:00:00,29.5,33,11.8,0.0,0.0,1.0,906.0,3.2616
2012-07-25 15:00:00,30.1,32,11.8,0.0,0.0,1.36,813.0,2.9268
2012-07-25 16:00:00,30.3,32,12.0,0.0,0.0,1.58,667.0,2.4012
2012-07-25 17:00:00,30.1,34,12.3,0.0,0.0,1.43,486.0,1.7496
2012-07-25 18:00:00,29.2,39,13.9,0.0,0.0,1.56,290.0,1.044
2012-07-25 19:00:00,27.4,49,15.6,0.0,0.0,1.12,106.0,0.3816
2012-07-25 20:00:00,25.5,50,14.3,0.0,0.0,1.92,5.0,0.018
2012-07-25 21:00:00,24.4,56,15.1,0.0,0.0,2.51,0.0,0.0
2012-07-25 22:00:00,23.7,62,15.9,0.0,0.0,2.94,0.0,0.0
2012-07-25 23:00:00,23.2,67,16.7,0.0,0.0,3.26,0.0,0.0
2012-07-26 00:00:00,23.0,72,17.6,0.0,0.0,3.31,0.0,0.0
2012-07-26 01:00:00,22.8,76,18.3,0.0,0.0,3.31,0.0,0.0
2012-07-26 02:00:00,22.5,79,18.6,0.0,0.0,3.06,0.0,0.0
2012-07-26 03:00:00,22.4,80,18.7,0.0,0.0,3.01,0.0,0.0
2012-07-26 04:00:00,22.5,81,19.0,0.0,0.0,2.85,0.0,0.0
2012-07-26 05:00:00,22.5,83,19.5,0.0,0.0,3.1,0.0,0.0
2012-07-26 06:00:00,23.0,84,20.1,0.0,0.0,2.97,34.0,0.1224
2012-07-26 07:00:00,24.8,79,20.8,0.0,0.0,2.91,174.0,0.6264
2012-07-26 08:00:00,27.1,72,21.6,0.0,0.0,1.66,358.0,1.2888
2012-07-26 09:00:00,29.4,66,22.3,0.0,0.0,0.85,527.0,1.8972
2012-07-26 10:00:00,31.8,59,22.7,0.0,0.0,1.77,704.0,2.5343999999999998
2012-07-26 11:00:00,33.9,52,22.8,0.0,0.0,2.47,829.0,2.9844
2012-07-26 12:00:00,35.6,47,22.6,0.0,0.0,3.14,895.0,3.222
2012-07-26 13:00:00,36.8,43,22.1,0.0,0.0,3.61,873.0,3.1428
2012-07-26 14:00:00,35.8,47,22.7,0.0,0.0,4.38,823.0,2.9628
2012-07-26 15:00:00,36.3,44,22.2,0.0,0.0,5.0,717.0,2.5812
2012-07-26 16:00:00,36.3,43,21.8,0.0,0.0,4.9,556.0,2.0016
2012-07-26 17:00:00,36.0,41,20.6,0.0,0.0,2.53,375.0,1.3499999999999999
2012-07-26 18:00:00,34.8,45,21.0,0.0,0.0,2.5,200.0,0.72
2012-07-26 19:00:00,33.0,50,21.3,0.0,0.0,2.44,82.0,0.2952
2012-07-26 20:00:00,31.4,53,20.7,0.0,0.0,1.86,3.0,0.0108
2012-07-26 21:00:00,30.3,58,21.0,0.0,0.0,1.3,0.0,0.0
2012-07-26 22:00:00,29.4,58,20.3,0.0,0.0,1.22,0.0,0.0
2012-07-26 23:00:00,28.7,58,19.5,0.0,0.0,1.35,0.0,0.0
2012-07-27 00:00:00,27.9,60,19.5,0.0,0.0,1.52,0.0,0.0
2012-07-27 01:00:00,27.4,63,19.6,0.0,0.0,1.77,0.0,0.0
2012-07-27 02:00:00,25.4,65,18.4,0.0,0.0,1.88,0.0,0.0
2012-07-27 03:00:00,25.0,68,18.7,0.0,0.0,1.9,0.0,0.0
2012-07-27 04:00:00,24.6,71,19.0,0.0,0.0,2.02,0.0,0.0
2012-07-27 05:00:00,24.5,73,19.4,0.0,0.0,1.25,0.0,0.0
2012-07-27 06:00:00,24.7,77,20.5,0.0,0.0,1.3,28.0,0.1008
2012-07-27 07:00:00,27.1,69,21.0,0.0,0.0,0.95,169.0,0.6083999999999999
2012-07-27 08:00:00,28.9,67,22.1,0.0,0.0,1.25,330.0,1.188
2012-07-27 09:00:00,30.1,63,22.2,0.0,0.0,3.06,469.0,1.6884
2012-07-27 10:00:00,31.3,58,22.1,0.0,0.0,3.0,564.0,2.0303999999999998
2012-07-27 11:00:00,31.9,57,22.3,0.0,0.0,2.59,584.0,2.1024
2012-07-27 12:00:00,32.8,55,22.5,0.0,0.0,2.47,711.0,2.5596
2012-07-27 13:00:00,32.6,55,22.3,0.1,0.0,2.88,635.0,2.286
2012-07-27 14:00:00,29.7,69,23.4,3.1,0.0,2.95,357.0,1.2852
2012-07-27 15:00:00,29.6,69,23.4,0.5,0.0,2.38,486.0,1.7496
2012-07-27 16:00:00,30.3,64,22.7,0.0,0.0,1.77,470.0,1.692
2012-07-27 17:00:00,30.5,62,22.3,0.0,0.0,2.01,293.0,1.0548
2012-07-27 18:00:00,29.6,67,22.7,0.4,0.0,1.39,166.0,0.5976
2012-07-27 19:00:00,28.5,73,23.1,0.0,0.0,1.12,67.0,0.2412
2012-07-27 20:00:00,27.5,76,23.0,0.0,0.0,1.43,3.0,0.0108
2012-07-27 21:00:00,26.6,82,23.2,0.0,0.0,1.2,0.0,0.0
2012-07-27 22:00:00,25.8,86,23.3,0.0,0.0,1.28,0.0,0.0
2012-07-27 23:00:00,25.3,88,23.2,0.0,0.0,1.66,0.0,0.0
2012-07-28 00:00:00,24.8,90,23.0,0.0,0.0,1.63,0.0,0.0
2012-07-28 01:00:00,24.4,92,22.9,0.0,0.0,1.14,0.0,0.0
2012-07-28 02:00:00,24.7,89,22.7,0.0,0.0,0.81,0.0,0.0
2012-07-28 03:00:00,23.6,94,22.5,0.0,0.0,1.39,0.0,0.0
2012-07-28 04:00:00,23.2,94,22.2,0.0,0.0,1.43,0.0,0.0
2012-07-28 05:00:00,22.8,94,21.7,0.0,0.0,1.48,0.0,0.0
2012-07-28 06:00:00,23.0,93,21.9,0.0,0.0,1.75,31.0,0.11159999999999999
2012-07-28 07:00:00,25.3,82,22.1,0.0,0.0,1.14,172.0,0.6192
2012-07-28 08:00:00,27.3,73,22.0,0.0,0.0,1.14,359.0,1.2924
2012-07-28 09:00:00,29.3,62,21.4,0.0,0.0,1.36,531.0,1.9116
2012-07-28 10:00:00,30.8,55,20.8,0.0,0.0,1.66,689.0,2.4804
2012-07-28 11:00:00,32.1,50,20.4,0.0,0.0,1.71,816.0,2.9375999999999998
2012-07-28 12:00:00,32.7,48,20.4,0.0,0.0,1.71,756.0,2.7216
2012-07-28 13:00:00,33.4,46,20.4,0.0,0.0,1.55,813.0,2.9268
2012-07-28 14:00:00,32.6,49,20.5,0.0,0.0,1.61,709.0,2.5524
2012-07-28 15:00:00,32.9,46,19.8,0.1,0.0,2.33,606.0,2.1816
2012-07-28 16:00:00,31.6,48,19.3,1.2,0.0,2.75,440.0,1.5839999999999999
2012-07-28 17:00:00,30.3,52,19.2,0.1,0.0,1.36,279.0,1.0044
2012-07-28 18:00:00,29.2,58,20.1,0.0,0.0,1.36,168.0,0.6048
2012-07-28 19:00:00,27.9,65,20.7,0.0,0.0,1.14,66.0,0.2376
2012-07-28 20:00:00,26.8,70,20.9,0.0,0.0,0.51,2.0,0.0072
2012-07-28 21:00:00,25.8,76,21.3,0.0,0.0,1.08,0.0,0.0
2012-07-28 22:00:00,25.0,80,21.3,0.0,0.0,2.19,0.0,0.0
2012-07-28 23:00:00,24.6,79,20.8,0.0,0.0,2.58,0.0,0.0
2012-07-29 00:00:00,24.0,80,20.2,0.0,0.0,2.13,0.0,0.0
2012-07-29 01:00:00,23.6,77,19.4,0.0,0.0,2.28,0.0,0.0
2012-07-29 02:00:00,23.4,76,18.9,0.0,0.0,2.42,0.0,0.0
2012-07-29 03:00:00,23.0,77,18.7,0.0,0.0,2.72,0.0,0.0
2012-07-29 04:00:00,22.6,78,18.6,0.0,0.0,2.69,0.0,0.0
2012-07-29 05:00:00,22.2,81,18.8,0.0,0.0,1.44,0.0,0.0
2012-07-29 06:00:00,22.3,83,19.2,0.0,0.0,2.11,30.0,0.108
2012-07-29 07:00:00,23.4,77,19.2,0.0,0.0,2.4,167.0,0.6012
2012-07-29 08:00:00,24.8,72,19.4,0.0,0.0,2.62,351.0,1.2636
2012-07-29 09:00:00,26.5,65,19.3,0.0,0.0,3.0,535.0,1.926
2012-07-29 10:00:00,27.8,60,19.2,0.0,0.0,2.72,671.0,2.4156
2012-07-29 11:00:00,29.0,54,18.7,0.0,0.0,2.63,765.0,2.754
2012-07-29 12:00:00,29.6,51,18.4,0.0,0.0,2.34,696.0,2.5056
2012-07-29 13:00:00,30.5,47,18.1,0.0,0.0,1.84,835.0,3.006
2012-07-29 14:00:00,29.3,56,19.6,0.0,0.0,1.44,636.0,2.2896
2012-07-29 15:00:00,29.3,55,19.3,0.0,0.0,1.12,575.0,2.07
2012-07-29 16:00:00,29.1,54,18.8,0.0,0.0,1.21,430.0,1.548
2012-07-29 17:00:00,28.0,57,18.7,0.0,0.0,1.77,344.0,1.2384
2012-07-29 18:00:00,27.3,60,18.9,0.0,0.0,1.4,176.0,0.6335999999999999
2012-07-29 19:00:00,26.6,65,19.4,0.0,0.0,1.41,72.0,0.2592
2012-07-29 20:00:00,25.7,71,20.0,0.0,0.0,1.3,3.0,0.0108
2012-07-29 21:00:00,24.5,79,20.7,0.0,0.0,1.72,0.0,0.0
2012-07-29 22:00:00,23.7,84,20.8,0.0,0.0,1.8,0.0,0.0
2012-07-29 23:00:00,23.0,87,20.7,0.0,0.0,1.46,0.0,0.0
2012-07-30 00:00:00,22.8,88,20.6,0.0,0.0,1.35,0.0,0.0
2012-07-30 01:00:00,22.5,89,20.6,0.0,0.0,1.53,0.0,0.0
2012-07-30 02:00:00,22.0,92,20.6,0.0,0.0,1.53,0.0,0.0
2012-07-30 03:00:00,21.8,93,20.7,0.0,0.0,1.61,0.0,0.0
2012-07-30 04:00:00,21.7,95,20.8,0.0,0.0,1.71,0.0,0.0
2012-07-30 05:00:00,21.8,95,21.0,0.0,0.0,1.5,0.0,0.0
2012-07-30 06:00:00,22.0,96,21.4,0.0,0.0,1.81,29.0,0.10439999999999999
2012-07-30 07:00:00,24.6,87,22.2,0.0,0.0,1.7,163.0,0.5868
2012-07-30 08:00:00,25.9,77,21.5,0.0,0.0,1.9,313.0,1.1268
2012-07-30 09:00:00,26.9,70,21.1,0.0,0.0,2.32,455.0,1.638
2012-07-30 10:00:00,27.7,68,21.4,0.0,0.0,2.69,593.0,2.1348
2012-07-30 11:00:00,28.1,67,21.3,0.0,0.0,2.97,570.0,2.052
2012-07-30 12:00:00,28.4,64,21.0,0.0,0.0,3.26,571.0,2.0556
2012-07-30 13:00:00,28.9,59,20.0,0.0,0.0,3.29,612.0,2.2032
2012-07-30 14:00:00,29.4,52,18.6,0.0,0.0,3.29,613.0,2.2068
2012-07-30 15:00:00,29.8,50,18.2,0.0,0.0,3.32,655.0,2.358
2012-07-30 16:00:00,29.7,49,18.0,0.0,0.0,3.58,558.0,2.0088
2012-07-30 17:00:00,28.5,54,18.3,0.0,0.0,3.01,345.0,1.242
2012-07-30 18:00:00,27.7,59,18.9,0.0,0.0,3.14,185.0,0.666
2012-07-30 19:00:00,26.8,64,19.4,0.0,0.0,3.0,66.0,0.2376
2012-07-30 20:00:00,25.8,68,19.5,0.0,0.0,2.62,2.0,0.0072
2012-07-30 21:00:00,24.8,74,19.9,0.0,0.0,2.2,0.0,0.0
2012-07-30 22:00:00,24.0,80,20.3,0.0,0.0,1.97,0.0,0.0
2012-07-30 23:00:00,23.6,83,20.5,0.0,0.0,1.68,0.0,0.0
2012-07-31 00:00:00,23.2,85,20.5,0.0,0.0,2.12,0.0,0.0
2012-07-31 01:00:00,22.8,87,20.6,0.0,0.0,2.11,0.0,0.0
2012-07-31 02:00:00,22.4,91,20.8,0.0,0.0,1.84,0.0,0.0
2012-07-31 03:00:00,22.1,93,20.9,0.0,0.0,1.58,0.0,0.0
2012-07-31 04:00:00,21.8,94,20.8,0.0,0.0,1.14,0.0,0.0
2012-07-31 05:00:00,21.4,96,20.8,0.0,0.0,1.41,0.0,0.0
2012-07-31 06:00:00,21.4,97,20.9,0.0,0.0,1.81,24.0,0.0864
2012-07-31 07:00:00,22.9,90,21.3,0.0,0.0,2.11,127.0,0.4572
2012-07-31 08:00:00,24.2,82,21.0,0.0,0.0,2.45,257.0,0.9252
2012-07-31 09:00:00,25.6,74,20.7,0.0,0.0,2.26,392.0,1.4112
2012-07-31 10:00:00,26.7,70,20.8,0.0,0.0,2.33,547.0,1.9691999999999998
2012-07-31 11:00:00,27.8,66,21.0,0.0,0.0,1.92,672.0,2.4192
2012-07-31 12:00:00,29.0,63,21.2,0.0,0.0,2.13,789.0,2.8404
2012-07-31 13:00:00,29.7,60,21.2,0.0,0.0,2.48,803.0,2.8908
2012-07-31 14:00:00,30.2,55,20.1,0.0,0.0,2.69,724.0,2.6064
2012-07-31 15:00:00,30.5,53,19.9,0.0,0.0,2.86,702.0,2.5272
2012-07-31 16:00:00,30.4,52,19.5,0.0,0.0,3.04,562.0,2.0232
2012-07-31 17:00:00,29.4,54,19.1,0.0,0.0,2.86,413.0,1.4868
2012-07-31 18:00:00,26.6,68,20.2,1.0,0.0,3.22,174.0,0.6264
2012-07-31 19:00:00,26.3,70,20.4,0.0,0.0,2.33,55.0,0.19799999999999998
2012-07-31 20:00:00,25.6,73,20.5,0.0,0.0,2.1,2.0,0.0072
2012-07-31 21:00:00,24.8,78,20.8,0.0,0.0,2.14,0.0,0.0
2012-07-31 22:00:00,24.3,82,21.1,0.0,0.0,1.92,0.0,0.0
2012-07-31 23:00:00,23.6,88,21.4,0.0,0.0,1.71,0.0,0.0
2012-08-01 00:00:00,23.1,91,21.5,0.0,0.0,1.48,0.0,0.0
2012-08-01 01:00:00,22.7,93,21.5,0.0,0.0,1.32,0.0,0.0
2012-08-01 02:00:00,22.3,93,21.1,0.0,0.0,1.43,0.0,0.0
2012-08-01 03:00:00,22.1,95,21.2,0.0,0.0,1.24,0.0,0.0
2012-08-01 04:00:00,22.3,95,21.4,0.1,0.0,0.85,0.0,0.0
2012-08-01 05:00:00,22.0,96,21.4,0.0,0.0,1.32,0.0,0.0
2012-08-01 06:00:00,22.4,96,21.6,0.0,0.0,0.92,17.0,0.0612
2012-08-01 07:00:00,23.1,91,21.5,0.0,0.0,0.81,73.0,0.2628
2012-08-01 08:00:00,23.7,86,21.1,0.0,0.0,0.22,134.0,0.4824
2012-08-01 09:00:00,24.5,81,21.0,0.0,0.0,0.28,200.0,0.72
2012-08-01 10:00:00,26.0,74,21.0,0.0,0.0,0.57,372.0,1.3392
2012-08-01 11:00:00,28.6,63,20.8,0.0,0.0,0.85,730.0,2.628
2012-08-01 12:00:00,30.3,56,20.6,0.0,0.0,0.5,854.0,3.0744
2012-08-01 13:00:00,31.3,52,20.4,0.0,0.0,0.42,820.0,2.952
2012-08-01 14:00:00,30.9,51,19.6,0.0,0.0,0.22,841.0,3.0276
2012-08-01 15:00:00,31.3,48,18.9,0.0,0.0,0.6,641.0,2.3076
2012-08-01 16:00:00,31.3,46,18.4,0.0,0.0,0.51,485.0,1.746
2012-08-01 17:00:00,28.9,54,18.6,0.4,0.0,1.81,334.0,1.2024
2012-08-01 18:00:00,27.5,62,19.6,0.0,0.0,2.28,182.0,0.6552
2012-08-01 19:00:00,26.6,68,20.3,0.0,0.0,2.25,63.0,0.2268
2012-08-01 20:00:00,25.9,77,21.6,0.0,0.0,2.28,1.0,0.0036
2012-08-01 21:00:00,24.9,80,21.2,0.0,0.0,1.92,0.0,0.0
2012-08-01 22:00:00,24.5,83,21.4,0.0,0.0,1.5,0.0,0.0
2012-08-01 23:00:00,24.1,85,21.5,0.0,0.0,1.21,0.0,0.0
2012-08-02 00:00:00,24.2,86,21.6,0.0,0.0,1.3,0.0,0.0
2012-08-02 01:00:00,24.1,87,21.8,0.0,0.0,1.43,0.0,0.0
2012-08-02 02:00:00,23.6,93,22.3,0.0,0.0,1.34,0.0,0.0
2012-08-02 03:00:00,23.9,92,22.6,0.0,0.0,0.67,0.0,0.0
2012-08-02 04:00:00,22.9,96,22.2,0.0,0.0,0.54,0.0,0.0
2012-08-02 05:00:00,22.4,97,21.9,0.0,0.0,1.12,0.0,0.0
2012-08-02 06:00:00,22.7,97,22.2,0.0,0.0,1.24,22.0,0.07919999999999999
2012-08-02 07:00:00,25.0,89,23.1,0.0,0.0,0.7,153.0,0.5508
2012-08-02 08:00:00,26.6,75,21.9,0.0,0.0,0.86,317.0,1.1412
2012-08-02 09:00:00,28.3,65,21.0,0.0,0.0,1.35,505.0,1.818
2012-08-02 10:00:00,29.6,57,20.3,0.1,0.0,1.3,681.0,2.4516
2012-08-02 11:00:00,30.4,53,19.7,0.0,0.0,2.27,707.0,2.5452
2012-08-02 12:00:00,31.1,50,19.5,0.0,0.0,2.25,746.0,2.6856
2012-08-02 13:00:00,31.8,48,19.4,0.0,0.0,1.93,688.0,2.4768
2012-08-02 14:00:00,32.7,48,20.4,0.0,0.0,1.46,745.0,2.682
2012-08-02 15:00:00,32.7,47,20.1,0.1,0.0,1.08,621.0,2.2356
2012-08-02 16:00:00,32.6,47,19.9,0.0,0.0,1.39,486.0,1.7496
2012-08-02 17:00:00,31.4,50,19.8,0.3,0.0,2.41,354.0,1.2744
2012-08-02 18:00:00,29.8,60,21.1,0.0,0.0,3.26,164.0,0.5904
2012-08-02 19:00:00,28.5,69,22.2,0.0,0.0,2.68,66.0,0.2376
2012-08-02 20:00:00,27.6,72,22.2,0.0,0.0,1.94,1.0,0.0036
2012-08-02 21:00:00,26.7,77,22.3,0.0,0.0,2.08,0.0,0.0
2012-08-02 22:00:00,26.0,80,22.2,0.0,0.0,2.38,0.0,0.0
2012-08-02 23:00:00,25.3,83,22.1,0.0,0.0,2.33,0.0,0.0
2012-08-03 00:00:00,24.8,84,21.9,0.0,0.0,2.31,0.0,0.0
2012-08-03 01:00:00,24.3,86,21.9,0.0,0.0,2.22,0.0,0.0
2012-08-03 02:00:00,23.7,87,21.4,0.0,0.0,2.24,0.0,0.0
2012-08-03 03:00:00,23.4,87,21.2,0.0,0.0,2.22,0.0,0.0
2012-08-03 04:00:00,23.1,89,21.1,0.0,0.0,2.11,0.0,0.0
2012-08-03 05:00:00,22.8,90,21.0,0.0,0.0,0.85,0.0,0.0
2012-08-03 06:00:00,22.7,92,21.3,0.0,0.0,1.66,24.0,0.0864
2012-08-03 07:00:00,24.9,80,21.2,0.0,0.0,0.64,143.0,0.5148
2012-08-03 08:00:00,26.7,71,21.1,0.0,0.0,0.36,305.0,1.0979999999999999
2012-08-03 09:00:00,28.9,62,21.0,0.0,0.0,0.94,514.0,1.8504
2012-08-03 10:00:00,30.8,55,20.6,0.0,0.0,2.21,648.0,2.3327999999999998
2012-08-03 11:00:00,32.5,48,20.2,0.0,0.0,2.75,801.0,2.8836
2012-08-03 12:00:00,33.7,45,20.0,0.0,0.0,2.92,889.0,3.2004
2012-08-03 13:00:00,34.5,43,20.0,0.0,0.0,2.83,843.0,3.0347999999999997
2012-08-03 14:00:00,33.8,48,21.1,0.0,0.0,2.97,765.0,2.754
2012-08-03 15:00:00,33.9,48,21.5,0.0,0.0,3.04,623.0,2.2428
2012-08-03 16:00:00,32.5,54,21.9,0.7,0.0,3.09,441.0,1.5876
2012-08-03 17:00:00,29.7,64,22.1,1.6,0.0,2.5,256.0,0.9216
2012-08-03 18:00:00,28.1,75,23.4,1.8,0.0,1.94,141.0,0.5075999999999999
2012-08-03 19:00:00,27.6,78,23.4,0.0,0.0,1.91,49.0,0.1764
2012-08-03 20:00:00,27.2,78,23.1,0.0,0.0,1.73,1.0,0.0036
2012-08-03 21:00:00,26.7,81,23.1,0.0,0.0,1.93,0.0,0.0
2012-08-03 22:00:00,26.0,85,23.3,0.0,0.0,2.12,0.0,0.0
2012-08-03 23:00:00,25.6,88,23.5,0.0,0.0,2.21,0.0,0.0
2012-08-04 00:00:00,25.2,91,23.6,0.0,0.0,1.99,0.0,0.0
2012-08-04 01:00:00,24.9,93,23.6,0.0,0.0,2.02,0.0,0.0
2012-08-04 02:00:00,24.9,89,23.0,0.0,0.0,2.15,0.0,0.0
2012-08-04 03:00:00,24.3,92,22.9,0.0,0.0,2.02,0.0,0.0
2012-08-04 04:00:00,23.9,93,22.6,0.0,0.0,1.99,0.0,0.0
2012-08-04 05:00:00,23.5,94,22.4,0.0,0.0,1.66,0.0,0.0
2012-08-04 06:00:00,23.5,94,22.5,0.0,0.0,2.01,24.0,0.0864
2012-08-04 07:00:00,25.8,83,22.6,0.0,0.0,1.8,160.0,0.576
2012-08-04 08:00:00,27.5,75,22.8,0.0,0.0,1.8,343.0,1.2348
2012-08-04 09:00:00,29.3,68,22.7,0.0,0.0,1.61,513.0,1.8468
2012-08-04 10:00:00,31.0,60,22.2,0.0,0.0,2.16,668.0,2.4048
2012-08-04 11:00:00,32.2,56,22.4,0.0,0.0,3.08,770.0,2.772
2012-08-04 12:00:00,32.7,55,22.6,0.0,0.0,3.77,737.0,2.6532
2012-08-04 13:00:00,32.7,52,21.7,0.0,0.0,4.13,731.0,2.6315999999999997
2012-08-04 14:00:00,32.8,48,20.3,0.3,0.0,4.41,668.0,2.4048
2012-08-04 15:00:00,32.5,49,20.3,0.6,0.0,4.42,595.0,2.142
2012-08-04 16:00:00,31.5,51,20.2,0.0,0.0,4.18,332.0,1.1952
2012-08-04 17:00:00,30.9,54,20.5,0.0,0.0,3.22,265.0,0.954
2012-08-04 18:00:00,30.3,57,20.8,0.0,0.0,3.01,161.0,0.5796
2012-08-04 19:00:00,29.5,61,21.3,0.0,0.0,3.01,68.0,0.2448
2012-08-04 20:00:00,28.6,66,21.6,0.0,0.0,3.71,1.0,0.0036
2012-08-04 21:00:00,27.8,71,22.0,0.0,0.0,3.26,0.0,0.0
2012-08-04 22:00:00,27.1,74,22.1,0.0,0.0,3.3,0.0,0.0
2012-08-04 23:00:00,26.6,77,22.2,0.0,0.0,3.6,0.0,0.0
2012-08-05 00:00:00,26.1,80,22.3,0.0,0.0,3.5,0.0,0.0
2012-08-05 01:00:00,25.8,82,22.4,0.0,0.0,3.51,0.0,0.0
2012-08-05 02:00:00,26.0,76,21.5,0.0,0.0,3.51,0.0,0.0
2012-08-05 03:00:00,25.7,78,21.5,0.0,0.0,3.52,0.0,0.0
2012-08-05 04:00:00,25.5,79,21.6,0.0,0.0,3.52,0.0,0.0
2012-08-05 05:00:00,25.3,80,21.7,0.0,0.0,3.09,0.0,0.0
2012-08-05 06:00:00,25.4,81,21.8,0.0,0.0,3.26,22.0,0.07919999999999999
2012-08-05 07:00:00,26.5,77,22.1,0.0,0.0,3.61,148.0,0.5327999999999999
2012-08-05 08:00:00,28.0,70,22.0,0.0,0.0,4.25,318.0,1.1448
2012-08-05 09:00:00,29.7,63,21.9,0.0,0.0,4.48,507.0,1.8252
2012-08-05 10:00:00,31.5,56,21.7,0.0,0.0,4.61,665.0,2.394
2012-08-05 11:00:00,32.9,50,21.2,0.0,0.0,5.02,760.0,2.7359999999999998
2012-08-05 12:00:00,34.2,45,20.6,0.0,0.0,5.46,850.0,3.06
2012-08-05 13:00:00,35.2,42,20.2,0.0,0.0,5.58,807.0,2.9052
2012-08-05 14:00:00,34.8,43,20.5,0.0,0.0,5.7,813.0,2.9268
2012-08-05 15:00:00,35.0,42,20.3,0.0,0.0,5.71,593.0,2.1348
2012-08-05 16:00:00,33.3,46,20.0,0.0,0.0,6.11,494.0,1.7784
2012-08-05 17:00:00,31.4,54,21.0,1.0,0.0,4.02,305.0,1.0979999999999999
2012-08-05 18:00:00,30.3,60,21.8,0.0,0.0,3.29,178.0,0.6408
2012-08-05 19:00:00,29.2,64,21.7,0.3,0.0,3.01,44.0,0.15839999999999999
2012-08-05 20:00:00,29.0,63,21.2,0.0,0.0,3.41,0.0,0.0
2012-08-05 21:00:00,27.6,69,21.5,0.6,0.0,3.25,0.0,0.0
2012-08-05 22:00:00,26.9,73,21.7,0.4,0.0,2.83,0.0,0.0
2012-08-05 23:00:00,26.5,75,21.8,0.1,0.0,2.2,0.0,0.0
2012-08-06 00:00:00,26.1,77,21.8,0.2,0.0,1.8,0.0,0.0
2012-08-06 01:00:00,25.5,81,22.0,0.6,0.0,2.01,0.0,0.0
2012-08-06 02:00:00,25.5,79,21.6,0.0,0.0,2.12,0.0,0.0
2012-08-06 03:00:00,25.2,81,21.8,0.2,0.0,2.31,0.0,0.0
2012-08-06 04:00:00,24.5,88,22.4,0.3,0.0,2.34,0.0,0.0
2012-08-06 05:00:00,24.0,92,22.7,0.4,0.0,1.9,0.0,0.0
2012-08-06 06:00:00,23.9,94,22.9,0.2,0.0,2.04,6.0,0.0216
2012-08-06 07:00:00,24.2,95,23.3,0.1,0.0,1.9,52.0,0.1872
2012-08-06 08:00:00,25.0,92,23.6,0.0,0.0,1.66,162.0,0.5831999999999999
2012-08-06 09:00:00,26.9,83,23.7,0.0,0.0,1.61,434.0,1.5624
2012-08-06 10:00:00,28.3,76,23.6,0.0,0.0,1.34,562.0,2.0232
2012-08-06 11:00:00,29.8,65,22.4,0.0,0.0,1.06,681.0,2.4516
2012-08-06 12:00:00,30.5,57,21.2,0.0,0.0,0.94,547.0,1.9691999999999998
2012-08-06 13:00:00,31.1,54,20.7,0.0,0.0,1.12,550.0,1.98
2012-08-06 14:00:00,30.4,56,20.6,0.0,0.0,0.95,529.0,1.9043999999999999
2012-08-06 15:00:00,30.6,54,20.1,0.0,0.0,0.85,454.0,1.6343999999999999
2012-08-06 16:00:00,31.0,50,19.3,0.0,0.0,0.64,414.0,1.4904
2012-08-06 17:00:00,31.1,48,18.7,0.0,0.0,0.92,339.0,1.2204
2012-08-06 18:00:00,30.6,53,20.0,0.0,0.0,0.81,196.0,0.7056
2012-08-06 19:00:00,29.3,58,20.1,0.0,0.0,1.3,53.0,0.1908
2012-08-06 20:00:00,27.8,69,21.6,0.0,0.0,1.32,1.0,0.0036
2012-08-06 21:00:00,26.7,78,22.6,0.0,0.0,1.7,0.0,0.0
2012-08-06 22:00:00,26.1,83,23.0,0.0,0.0,2.14,0.0,0.0
2012-08-06 23:00:00,25.7,86,23.1,0.0,0.0,2.21,0.0,0.0
2012-08-07 00:00:00,25.2,89,23.2,0.0,0.0,1.84,0.0,0.0
2012-08-07 01:00:00,24.6,92,23.3,0.0,0.0,1.49,0.0,0.0
2012-08-07 02:00:00,23.8,92,22.5,0.0,0.0,0.81,0.0,0.0
2012-08-07 03:00:00,23.9,90,22.2,0.0,0.0,0.61,0.0,0.0
2012-08-07 04:00:00,24.0,90,22.2,0.0,0.0,0.92,0.0,0.0
2012-08-07 05:00:00,23.6,92,22.1,0.0,0.0,1.75,0.0,0.0
2012-08-07 06:00:00,23.4,92,22.0,0.0,0.0,2.01,15.0,0.054
2012-08-07 07:00:00,24.5,87,22.1,0.0,0.0,1.98,94.0,0.3384
2012-08-07 08:00:00,26.0,80,22.3,0.0,0.0,2.11,207.0,0.7452
2012-08-07 09:00:00,27.4,74,22.3,0.0,0.0,1.8,324.0,1.1663999999999999
2012-08-07 10:00:00,28.5,67,21.7,0.1,0.0,1.62,437.0,1.5732
2012-08-07 11:00:00,29.4,61,21.1,0.3,0.0,1.24,569.0,2.0484
2012-08-07 12:00:00,29.7,58,20.7,0.0,0.0,1.77,489.0,1.7604
2012-08-07 13:00:00,29.9,57,20.6,0.0,0.0,2.13,422.0,1.5191999999999999
2012-08-07 14:00:00,28.6,66,21.7,0.0,0.0,1.98,578.0,2.0808
2012-08-07 15:00:00,29.4,63,21.6,0.0,0.0,1.77,505.0,1.818
2012-08-07 16:00:00,29.7,61,21.4,0.0,0.0,1.84,441.0,1.5876
2012-08-07 17:00:00,29.1,63,21.2,0.0,0.0,1.0,292.0,1.0512
2012-08-07 18:00:00,28.0,67,21.3,0.0,0.0,1.22,150.0,0.54
2012-08-07 19:00:00,27.1,72,21.7,0.0,0.0,1.35,48.0,0.1728
2012-08-07 20:00:00,26.2,78,22.0,0.0,0.0,1.7,1.0,0.0036
2012-08-07 21:00:00,25.6,83,22.5,0.0,0.0,1.56,0.0,0.0
2012-08-07 22:00:00,25.1,87,22.8,0.0,0.0,1.5,0.0,0.0
2012-08-07 23:00:00,24.6,91,23.1,0.0,0.0,1.28,0.0,0.0
2012-08-08 00:00:00,23.9,96,23.2,0.0,0.0,1.12,0.0,0.0
2012-08-08 01:00:00,23.8,96,23.1,0.0,0.0,1.03,0.0,0.0
2012-08-08 02:00:00,24.8,92,23.4,0.0,0.0,0.86,0.0,0.0
2012-08-08 03:00:00,24.2,95,23.4,0.0,0.0,0.63,0.0,0.0
2012-08-08 04:00:00,23.5,98,23.2,0.0,0.0,1.0,0.0,0.0
2012-08-08 05:00:00,23.1,99,23.0,0.0,0.0,1.7,0.0,0.0
2012-08-08 06:00:00,22.9,99,22.8,0.0,0.0,2.2,15.0,0.054
2012-08-08 07:00:00,24.8,92,23.5,0.0,0.0,1.6,102.0,0.36719999999999997
2012-08-08 08:00:00,26.8,78,22.6,0.0,0.0,1.48,255.0,0.9179999999999999
2012-08-08 09:00:00,28.4,65,21.1,0.0,0.0,1.14,419.0,1.5084
2012-08-08 10:00:00,30.0,51,18.7,0.0,0.0,0.36,575.0,2.07
2012-08-08 11:00:00,30.7,46,17.8,0.0,0.0,0.78,615.0,2.214
2012-08-08 12:00:00,31.5,43,17.4,0.0,0.0,1.49,676.0,2.4335999999999998
2012-08-08 13:00:00,32.2,41,17.4,0.0,0.0,1.61,706.0,2.5416
2012-08-08 14:00:00,31.0,48,18.8,0.0,0.0,1.75,478.0,1.7207999999999999
2012-08-08 15:00:00,31.1,48,18.7,0.0,0.0,1.81,525.0,1.89
2012-08-08 16:00:00,30.8,49,18.8,0.0,0.0,2.51,380.0,1.3679999999999999
2012-08-08 17:00:00,30.6,50,19.0,0.0,0.0,2.7,311.0,1.1196
2012-08-08 18:00:00,29.8,55,19.7,0.0,0.0,2.98,171.0,0.6156
2012-08-08 19:00:00,28.6,63,20.9,0.0,0.0,2.4,56.0,0.2016
2012-08-08 20:00:00,27.3,71,21.6,0.0,0.0,1.82,0.0,0.0
2012-08-08 21:00:00,26.5,77,22.2,0.0,0.0,1.73,0.0,0.0
2012-08-08 22:00:00,25.7,84,22.8,0.0,0.0,1.58,0.0,0.0
2012-08-08 23:00:00,25.1,88,23.1,0.0,0.0,1.36,0.0,0.0
2012-08-09 00:00:00,24.6,92,23.2,0.0,0.0,1.0,0.0,0.0
2012-08-09 01:00:00,24.1,94,23.1,0.0,0.0,1.12,0.0,0.0
2012-08-09 02:00:00,23.3,94,22.3,0.0,0.0,1.3,0.0,0.0
2012-08-09 03:00:00,22.9,96,22.2,0.0,0.0,1.4,0.0,0.0
2012-08-09 04:00:00,22.5,97,22.0,0.0,0.0,1.61,0.0,0.0
2012-08-09 05:00:00,22.2,98,21.9,0.0,0.0,1.3,0.0,0.0
2012-08-09 06:00:00,22.5,98,22.3,0.0,0.0,1.32,19.0,0.0684
2012-08-09 07:00:00,24.5,89,22.7,0.0,0.0,1.1,146.0,0.5256
2012-08-09 08:00:00,26.4,79,22.5,0.0,0.0,1.41,335.0,1.206
2012-08-09 09:00:00,28.7,67,21.9,0.0,0.0,1.9,524.0,1.8863999999999999
2012-08-09 10:00:00,30.6,55,20.6,0.0,0.0,1.73,668.0,2.4048
2012-08-09 11:00:00,32.1,47,19.5,0.0,0.0,1.71,768.0,2.7648
2012-08-09 12:00:00,33.5,41,18.4,0.0,0.0,1.6,884.0,3.1824
2012-08-09 13:00:00,34.3,38,17.7,0.0,0.0,1.87,847.0,3.0492
2012-08-09 14:00:00,34.4,41,19.1,0.0,0.0,2.21,726.0,2.6136
2012-08-09 15:00:00,34.3,40,18.6,0.0,0.0,3.04,673.0,2.4228
2012-08-09 16:00:00,30.7,52,19.6,1.7,0.0,3.54,515.0,1.8539999999999999
2012-08-09 17:00:00,30.1,54,19.8,0.2,0.0,2.28,218.0,0.7847999999999999
2012-08-09 18:00:00,29.6,58,20.4,0.0,0.0,2.12,135.0,0.486
2012-08-09 19:00:00,28.9,63,21.2,0.0,0.0,0.61,36.0,0.1296
2012-08-09 20:00:00,28.0,69,21.7,0.0,0.0,1.6,0.0,0.0
2012-08-09 21:00:00,27.3,74,22.3,0.0,0.0,2.11,0.0,0.0
2012-08-09 22:00:00,26.8,78,22.6,0.0,0.0,2.41,0.0,0.0
2012-08-09 23:00:00,26.5,79,22.6,0.0,0.0,2.68,0.0,0.0
2012-08-10 00:00:00,26.1,81,22.7,0.0,0.0,2.6,0.0,0.0
2012-08-10 01:00:00,25.7,84,22.8,0.0,0.0,2.57,0.0,0.0
2012-08-10 02:00:00,25.1,84,22.3,0.0,0.0,2.55,0.0,0.0
2012-08-10 03:00:00,24.8,87,22.4,0.0,0.0,2.84,0.0,0.0
2012-08-10 04:00:00,24.7,88,22.6,0.0,0.0,3.1,0.0,0.0
2012-08-10 05:00:00,24.4,91,22.7,0.8,0.0,1.0,0.0,0.0
2012-08-10 06:00:00,23.6,95,22.8,1.9,0.0,0.64,4.0,0.0144
2012-08-10 07:00:00,23.4,96,22.7,1.4,0.0,1.1,18.0,0.0648
2012-08-10 08:00:00,23.9,96,23.2,1.4,0.0,0.51,101.0,0.3636
2012-08-10 09:00:00,24.2,96,23.5,2.3,0.0,0.71,148.0,0.5327999999999999
2012-08-10 10:00:00,23.5,96,22.8,3.7,0.0,1.39,102.0,0.36719999999999997
2012-08-10 11:00:00,23.3,97,22.7,4.1,0.0,2.9,88.0,0.31679999999999997
2012-08-10 12:00:00,24.3,95,23.4,1.5,0.0,3.81,380.0,1.3679999999999999
2012-08-10 13:00:00,25.5,89,23.5,0.0,0.0,3.77,378.0,1.3608
2012-08-10 14:00:00,28.3,59,19.6,0.0,0.0,4.0,597.0,2.1492
2012-08-10 15:00:00,28.8,57,19.4,0.0,0.0,4.14,473.0,1.7027999999999999
2012-08-10 16:00:00,29.1,57,19.6,0.0,0.0,4.2,386.0,1.3896
2012-08-10 17:00:00,29.1,57,19.8,0.0,0.0,3.61,342.0,1.2312
2012-08-10 18:00:00,28.7,59,19.9,0.0,0.0,2.91,185.0,0.666
2012-08-10 19:00:00,27.6,64,20.1,0.0,0.0,2.51,42.0,0.1512
2012-08-10 20:00:00,26.8,66,20.0,0.0,0.0,3.1,0.0,0.0
2012-08-10 21:00:00,26.2,69,20.0,0.0,0.0,3.55,0.0,0.0
2012-08-10 22:00:00,25.9,70,20.0,0.0,0.0,3.67,0.0,0.0
2012-08-10 23:00:00,25.6,72,20.1,0.0,0.0,3.36,0.0,0.0
2012-08-11 00:00:00,25.2,74,20.2,0.0,0.0,3.26,0.0,0.0
2012-08-11 01:00:00,24.8,77,20.4,0.0,0.0,3.23,0.0,0.0
2012-08-11 02:00:00,24.2,82,20.9,0.0,0.0,3.4,0.0,0.0
2012-08-11 03:00:00,24.0,84,21.0,0.0,0.0,3.28,0.0,0.0
2012-08-11 04:00:00,23.7,85,21.1,0.0,0.0,2.77,0.0,0.0
2012-08-11 05:00:00,23.3,87,21.1,0.0,0.0,2.72,0.0,0.0
2012-08-11 06:00:00,23.0,90,21.2,0.0,0.0,2.15,16.0,0.0576
2012-08-11 07:00:00,24.0,84,21.2,0.0,0.0,1.84,120.0,0.432
2012-08-11 08:00:00,25.2,76,20.7,0.0,0.0,1.13,265.0,0.954
2012-08-11 09:00:00,26.2,68,19.9,0.0,0.0,1.14,378.0,1.3608
2012-08-11 10:00:00,27.1,65,19.9,0.0,0.0,0.85,510.0,1.8359999999999999
2012-08-11 11:00:00,27.5,63,19.9,0.2,0.0,1.58,513.0,1.8468
2012-08-11 12:00:00,28.9,59,20.0,0.0,0.0,2.59,697.0,2.5092
2012-08-11 13:00:00,28.8,58,19.8,0.0,0.0,3.35,489.0,1.7604
2012-08-11 14:00:00,30.2,53,19.7,0.0,0.0,3.49,718.0,2.5848
2012-08-11 15:00:00,30.1,53,19.6,0.0,0.0,3.54,538.0,1.9367999999999999
2012-08-11 16:00:00,30.3,52,19.5,0.0,0.0,3.28,464.0,1.6703999999999999
2012-08-11 17:00:00,27.2,67,20.6,0.4,0.0,2.41,277.0,0.9972
2012-08-11 18:00:00,24.0,89,22.1,2.0,0.0,3.13,101.0,0.3636
2012-08-11 19:00:00,23.1,94,22.1,1.3,0.0,3.26,30.0,0.108
2012-08-11 20:00:00,22.8,96,22.2,1.6,0.0,3.2,0.0,0.0
2012-08-11 21:00:00,22.9,97,22.3,0.8,0.0,2.5,0.0,0.0
2012-08-11 22:00:00,22.9,96,22.2,0.3,0.0,2.62,0.0,0.0
2012-08-11 23:00:00,22.1,97,21.7,0.0,0.0,3.06,0.0,0.0
2012-08-12 00:00:00,21.7,94,20.7,0.0,0.0,2.69,0.0,0.0
2012-08-12 01:00:00,21.5,82,18.3,0.0,0.0,2.37,0.0,0.0
2012-08-12 02:00:00,22.3,59,13.9,0.0,0.0,2.06,0.0,0.0
2012-08-12 03:00:00,21.7,65,14.8,0.0,0.0,1.61,0.0,0.0
2012-08-12 04:00:00,21.4,65,14.5,0.0,0.0,1.78,0.0,0.0
2012-08-12 05:00:00,21.2,65,14.3,0.0,0.0,1.84,0.0,0.0
2012-08-12 06:00:00,20.7,70,15.0,0.0,0.0,1.72,15.0,0.054
2012-08-12 07:00:00,21.4,68,15.2,0.0,0.0,1.14,133.0,0.4788
2012-08-12 08:00:00,22.6,62,15.0,0.0,0.0,1.06,314.0,1.1304
2012-08-12 09:00:00,24.2,57,15.2,0.0,0.0,1.2,526.0,1.8936
2012-08-12 10:00:00,25.6,53,15.4,0.0,0.0,0.85,701.0,2.5236
2012-08-12 11:00:00,26.9,49,15.4,0.0,0.0,1.0,833.0,2.9988
2012-08-12 12:00:00,28.2,44,14.9,0.0,0.0,1.81,863.0,3.1068
2012-08-12 13:00:00,29.0,41,14.4,0.0,0.0,2.82,779.0,2.8044
2012-08-12 14:00:00,28.4,45,15.3,0.0,0.0,3.1,506.0,1.8215999999999999
2012-08-12 15:00:00,27.9,46,15.2,0.0,0.0,2.72,258.0,0.9288
2012-08-12 16:00:00,28.1,46,15.3,0.0,0.0,2.12,297.0,1.0692
2012-08-12 17:00:00,28.0,46,15.2,0.0,0.0,1.39,261.0,0.9396
2012-08-12 18:00:00,27.4,55,17.6,0.0,0.0,1.08,178.0,0.6408
2012-08-12 19:00:00,27.0,48,15.2,0.0,0.0,0.36,46.0,0.1656
2012-08-12 20:00:00,25.1,64,17.7,0.0,0.0,0.71,0.0,0.0
2012-08-12 21:00:00,23.9,70,18.1,0.0,0.0,0.45,0.0,0.0
2012-08-12 22:00:00,22.9,76,18.5,0.0,0.0,0.57,0.0,0.0
2012-08-12 23:00:00,22.0,83,19.0,0.0,0.0,1.08,0.0,0.0
2012-08-13 00:00:00,21.6,86,19.2,0.0,0.0,0.95,0.0,0.0
2012-08-13 01:00:00,21.5,86,19.2,0.0,0.0,1.26,0.0,0.0
2012-08-13 02:00:00,21.4,81,18.1,0.0,0.0,1.22,0.0,0.0
2012-08-13 03:00:00,21.1,81,17.7,0.0,0.0,1.39,0.0,0.0
2012-08-13 04:00:00,20.4,83,17.4,0.0,0.0,1.3,0.0,0.0
2012-08-13 05:00:00,20.1,83,17.1,0.0,0.0,1.08,0.0,0.0
2012-08-13 06:00:00,20.1,84,17.2,0.0,0.0,1.44,13.0,0.0468
2012-08-13 07:00:00,22.4,71,16.8,0.0,0.0,0.86,119.0,0.4284
2012-08-13 08:00:00,24.8,59,16.4,0.0,0.0,0.54,292.0,1.0512
2012-08-13 09:00:00,26.2,53,15.9,0.0,0.0,0.42,389.0,1.4003999999999999
2012-08-13 10:00:00,27.5,50,16.1,0.0,0.0,1.04,629.0,2.2643999999999997
2012-08-13 11:00:00,28.3,49,16.4,0.0,0.0,1.3,641.0,2.3076
2012-08-13 12:00:00,28.7,47,16.2,0.0,0.0,1.92,535.0,1.926
2012-08-13 13:00:00,29.2,44,15.8,0.0,0.0,1.58,561.0,2.0196
2012-08-13 14:00:00,29.1,44,15.7,0.0,0.0,1.58,365.0,1.314
2012-08-13 15:00:00,29.6,44,15.9,0.0,0.0,1.61,471.0,1.6956
2012-08-13 16:00:00,29.7,43,15.8,0.0,0.0,1.79,424.0,1.5264
2012-08-13 17:00:00,29.0,46,16.2,0.0,0.0,1.2,229.0,0.8244
2012-08-13 18:00:00,27.9,51,16.9,0.0,0.0,2.06,138.0,0.49679999999999996
2012-08-13 19:00:00,26.7,58,17.6,0.0,0.0,2.69,37.0,0.13319999999999999
2012-08-13 20:00:00,25.8,63,18.2,0.0,0.0,3.4,0.0,0.0
2012-08-13 21:00:00,25.1,68,18.8,0.0,0.0,3.32,0.0,0.0
2012-08-13 22:00:00,24.4,73,19.2,0.0,0.0,3.14,0.0,0.0
2012-08-13 23:00:00,23.7,77,19.4,0.0,0.0,3.0,0.0,0.0
2012-08-14 00:00:00,23.2,80,19.7,0.0,0.0,2.69,0.0,0.0
2012-08-14 01:00:00,23.0,83,20.0,0.0,0.0,2.6,0.0,0.0
2012-08-14 02:00:00,22.7,92,21.4,0.4,0.0,2.65,0.0,0.0
2012-08-14 03:00:00,22.7,93,21.4,0.0,0.0,2.41,0.0,0.0
2012-08-14 04:00:00,22.5,94,21.5,0.0,0.0,1.81,0.0,0.0
2012-08-14 05:00:00,22.5,94,21.5,0.0,0.0,1.22,0.0,0.0
2012-08-14 06:00:00,22.7,94,21.6,0.0,0.0,1.3,7.0,0.0252
2012-08-14 07:00:00,23.0,92,21.6,0.4,0.0,1.06,56.0,0.2016
2012-08-14 08:00:00,23.8,88,21.7,0.6,0.0,0.99,185.0,0.666
2012-08-14 09:00:00,23.4,88,21.3,1.0,0.0,0.71,144.0,0.5184
2012-08-14 10:00:00,24.5,83,21.4,0.0,0.0,0.45,298.0,1.0728
2012-08-14 11:00:00,25.9,79,22.0,0.1,0.0,0.1,524.0,1.8863999999999999
2012-08-14 12:00:00,27.0,76,22.5,0.2,0.0,0.85,647.0,2.3291999999999997
2012-08-14 13:00:00,28.1,71,22.4,0.1,0.0,1.52,741.0,2.6675999999999997
2012-08-14 14:00:00,31.0,48,18.9,0.0,0.0,2.24,790.0,2.844
2012-08-14 15:00:00,30.4,51,19.3,0.0,0.0,2.64,572.0,2.0592
2012-08-14 16:00:00,28.5,61,20.3,0.8,0.0,3.23,434.0,1.5624
2012-08-14 17:00:00,26.8,73,21.6,0.9,0.0,1.27,229.0,0.8244
2012-08-14 18:00:00,26.9,73,21.6,0.0,0.0,1.3,158.0,0.5688
2012-08-14 19:00:00,26.2,77,21.8,0.0,0.0,1.5,42.0,0.1512
2012-08-14 20:00:00,25.4,79,21.5,0.0,0.0,1.42,0.0,0.0
2012-08-14 21:00:00,24.8,83,21.7,0.2,0.0,1.4,0.0,0.0
2012-08-14 22:00:00,24.0,87,21.8,0.0,0.0,1.34,0.0,0.0
2012-08-14 23:00:00,23.6,88,21.5,0.0,0.0,2.24,0.0,0.0
2012-08-15 00:00:00,23.3,90,21.5,0.0,0.0,2.24,0.0,0.0
2012-08-15 01:00:00,22.4,94,21.4,0.0,0.0,2.06,0.0,0.0
2012-08-15 02:00:00,21.8,97,21.3,0.0,0.0,1.7,0.0,0.0
2012-08-15 03:00:00,21.6,98,21.2,0.0,0.0,1.26,0.0,0.0
2012-08-15 04:00:00,21.2,98,20.8,0.0,0.0,1.22,0.0,0.0
2012-08-15 05:00:00,20.8,99,20.6,0.0,0.0,1.58,0.0,0.0
2012-08-15 06:00:00,20.7,99,20.5,0.0,0.0,1.64,12.0,0.0432
2012-08-15 07:00:00,22.0,96,21.3,0.0,0.0,1.49,112.0,0.4032
2012-08-15 08:00:00,23.4,88,21.3,0.0,0.0,1.63,217.0,0.7812
2012-08-15 09:00:00,24.7,79,20.9,0.0,0.0,1.79,337.0,1.2132
2012-08-15 10:00:00,25.9,71,20.3,0.0,0.0,1.94,444.0,1.5984
2012-08-15 11:00:00,26.5,67,19.9,0.0,0.0,1.51,410.0,1.476
2012-08-15 12:00:00,27.2,64,19.7,0.0,0.0,1.06,485.0,1.746
2012-08-15 13:00:00,27.9,60,19.5,0.0,0.0,1.75,497.0,1.7892
2012-08-15 14:00:00,26.1,69,20.0,0.0,0.0,1.66,394.0,1.4183999999999999
2012-08-15 15:00:00,27.0,63,19.4,0.0,0.0,1.63,464.0,1.6703999999999999
2012-08-15 16:00:00,27.7,57,18.3,0.0,0.0,1.53,435.0,1.566
2012-08-15 17:00:00,27.7,53,17.4,0.0,0.0,2.12,331.0,1.1916
2012-08-15 18:00:00,26.7,57,17.5,0.4,0.0,1.84,165.0,0.594
2012-08-15 19:00:00,25.6,66,18.9,0.0,0.0,1.04,42.0,0.1512
2012-08-15 20:00:00,24.2,75,19.5,0.0,0.0,0.91,0.0,0.0
2012-08-15 21:00:00,23.4,79,19.5,0.0,0.0,1.61,0.0,0.0
2012-08-15 22:00:00,22.8,79,19.0,0.0,0.0,2.2,0.0,0.0
2012-08-15 23:00:00,22.3,80,18.8,0.0,0.0,2.31,0.0,0.0
2012-08-16 00:00:00,22.0,80,18.4,0.0,0.0,2.44,0.0,0.0
2012-08-16 01:00:00,21.6,79,17.7,0.0,0.0,2.66,0.0,0.0
2012-08-16 02:00:00,20.9,72,15.7,0.0,0.0,2.69,0.0,0.0
2012-08-16 03:00:00,20.5,73,15.4,0.0,0.0,2.72,0.0,0.0
2012-08-16 04:00:00,20.1,75,15.4,0.0,0.0,2.75,0.0,0.0
2012-08-16 05:00:00,19.7,78,15.7,0.0,0.0,2.2,0.0,0.0
2012-08-16 06:00:00,19.3,83,16.4,0.0,0.0,2.3,14.0,0.0504
2012-08-16 07:00:00,21.4,76,16.9,0.0,0.0,1.97,142.0,0.5112
2012-08-16 08:00:00,23.7,67,17.1,0.0,0.0,1.75,334.0,1.2024
2012-08-16 09:00:00,25.6,59,17.0,0.0,0.0,1.14,527.0,1.8972
2012-08-16 10:00:00,27.5,47,15.1,0.0,0.0,1.0,694.0,2.4983999999999997
2012-08-16 11:00:00,28.9,39,13.4,0.0,0.0,1.12,820.0,2.952
2012-08-16 12:00:00,30.0,35,13.0,0.0,0.0,1.36,899.0,3.2363999999999997
2012-08-16 13:00:00,31.0,31,12.0,0.0,0.0,2.47,878.0,3.1608
2012-08-16 14:00:00,29.8,38,14.1,0.0,0.0,2.91,470.0,1.692
2012-08-16 15:00:00,30.3,37,13.8,0.0,0.0,3.0,472.0,1.6992
2012-08-16 16:00:00,30.3,37,13.9,0.0,0.0,2.53,404.0,1.4544
2012-08-16 17:00:00,30.2,37,13.9,0.0,0.0,2.04,392.0,1.4112
2012-08-16 18:00:00,29.0,48,16.8,0.0,0.0,1.3,206.0,0.7415999999999999
2012-08-16 19:00:00,27.3,55,17.6,0.0,0.0,0.98,46.0,0.1656
2012-08-16 20:00:00,25.5,55,15.9,0.0,0.0,1.6,0.0,0.0
2012-08-16 21:00:00,24.1,61,16.0,0.0,0.0,2.12,0.0,0.0
2012-08-16 22:00:00,23.3,64,16.2,0.0,0.0,2.47,0.0,0.0
2012-08-16 23:00:00,23.0,69,16.9,0.0,0.0,2.67,0.0,0.0
2012-08-17 00:00:00,22.6,72,17.4,0.0,0.0,2.38,0.0,0.0
2012-08-17 01:00:00,22.1,75,17.5,0.0,0.0,2.2,0.0,0.0
2012-08-17 02:00:00,21.1,75,16.5,0.0,0.0,1.91,0.0,0.0
2012-08-17 03:00:00,20.5,78,16.4,0.0,0.0,1.84,0.0,0.0
2012-08-17 04:00:00,19.9,79,16.2,0.0,0.0,1.89,0.0,0.0
2012-08-17 05:00:00,19.5,82,16.3,0.0,0.0,1.79,0.0,0.0
2012-08-17 06:00:00,19.5,84,16.7,0.0,0.0,1.8,13.0,0.0468
2012-08-17 07:00:00,22.4,71,16.9,0.0,0.0,1.44,137.0,0.49319999999999997
2012-08-17 08:00:00,25.1,58,16.4,0.0,0.0,1.42,326.0,1.1736
2012-08-17 09:00:00,27.7,49,16.1,0.0,0.0,1.41,515.0,1.8539999999999999
2012-08-17 10:00:00,29.9,41,15.2,0.0,0.0,1.78,665.0,2.394
2012-08-17 11:00:00,31.4,36,14.7,0.0,0.0,2.19,803.0,2.8908
2012-08-17 12:00:00,32.5,33,14.1,0.0,0.0,2.91,878.0,3.1608
2012-08-17 13:00:00,33.3,30,13.6,0.0,0.0,3.79,909.0,3.2723999999999998
2012-08-17 14:00:00,32.0,38,15.7,0.0,0.0,4.22,643.0,2.3148
2012-08-17 15:00:00,32.2,37,15.6,0.0,0.0,4.34,625.0,2.25
2012-08-17 16:00:00,32.2,37,15.5,0.0,0.0,4.2,500.0,1.8
2012-08-17 17:00:00,31.9,37,15.5,0.0,0.0,2.84,330.0,1.188
2012-08-17 18:00:00,30.7,41,15.8,0.3,0.0,2.28,122.0,0.4392
2012-08-17 19:00:00,26.2,63,18.5,0.7,0.0,3.62,17.0,0.0612
2012-08-17 20:00:00,24.4,75,19.6,0.3,0.0,3.96,0.0,0.0
2012-08-17 21:00:00,23.7,80,20.0,0.3,0.0,3.42,0.0,0.0
2012-08-17 22:00:00,22.7,86,20.3,0.6,0.0,3.04,0.0,0.0
2012-08-17 23:00:00,21.9,92,20.5,0.6,0.0,2.97,0.0,0.0
2012-08-18 00:00:00,21.4,94,20.5,0.2,0.0,2.69,0.0,0.0
2012-08-18 01:00:00,21.1,96,20.5,0.0,0.0,2.83,0.0,0.0
2012-08-18 02:00:00,20.5,90,18.8,0.2,0.0,3.06,0.0,0.0
2012-08-18 03:00:00,20.3,91,18.8,0.0,0.0,2.95,0.0,0.0
2012-08-18 04:00:00,20.2,91,18.7,0.0,0.0,2.53,0.0,0.0
2012-08-18 05:00:00,20.0,91,18.5,0.0,0.0,1.84,0.0,0.0
2012-08-18 06:00:00,19.9,91,18.4,0.0,0.0,2.01,10.0,0.036
2012-08-18 07:00:00,20.8,86,18.4,0.0,0.0,2.12,116.0,0.41759999999999997
2012-08-18 08:00:00,22.3,77,18.1,0.0,0.0,2.55,294.0,1.0584
2012-08-18 09:00:00,24.1,66,17.3,0.0,0.0,2.66,498.0,1.7928
2012-08-18 10:00:00,25.8,56,16.2,0.0,0.0,2.34,668.0,2.4048
2012-08-18 11:00:00,27.2,47,15.0,0.0,0.0,1.92,795.0,2.862
2012-08-18 12:00:00,28.4,40,13.6,0.0,0.0,1.91,850.0,3.06
2012-08-18 13:00:00,29.2,37,13.0,0.0,0.0,1.94,849.0,3.0564
2012-08-18 14:00:00,27.9,41,13.4,0.0,0.0,1.8,535.0,1.926
2012-08-18 15:00:00,28.3,39,13.0,0.0,0.0,1.88,560.0,2.016
2012-08-18 16:00:00,28.1,38,12.5,0.0,0.0,1.97,384.0,1.3824
2012-08-18 17:00:00,27.8,38,12.3,0.0,0.0,1.4,260.0,0.9359999999999999
2012-08-18 18:00:00,27.0,43,13.5,0.0,0.0,1.26,152.0,0.5472
2012-08-18 19:00:00,25.4,61,17.2,0.0,0.0,1.03,40.0,0.144
2012-08-18 20:00:00,23.7,60,15.4,0.0,0.0,1.1,0.0,0.0
2012-08-18 21:00:00,22.3,68,16.0,0.0,0.0,1.41,0.0,0.0
2012-08-18 22:00:00,21.4,73,16.3,0.0,0.0,1.35,0.0,0.0
2012-08-18 23:00:00,21.1,76,16.7,0.0,0.0,1.28,0.0,0.0
2012-08-19 00:00:00,22.3,71,16.9,0.0,0.0,1.53,0.0,0.0
2012-08-19 01:00:00,22.2,73,17.2,0.0,0.0,1.17,0.0,0.0
2012-08-19 02:00:00,21.7,76,17.3,0.0,0.0,1.0,0.0,0.0
2012-08-19 03:00:00,20.9,81,17.6,0.0,0.0,1.17,0.0,0.0
2012-08-19 04:00:00,19.5,89,17.5,0.0,0.0,1.2,0.0,0.0
2012-08-19 05:00:00,18.7,91,17.2,0.0,0.0,2.24,0.0,0.0
2012-08-19 06:00:00,18.7,90,17.0,0.0,0.0,2.2,10.0,0.036
2012-08-19 07:00:00,21.1,80,17.4,0.0,0.0,2.01,103.0,0.37079999999999996
2012-08-19 08:00:00,23.1,68,16.9,0.0,0.0,2.21,200.0,0.72
2012-08-19 09:00:00,24.7,61,16.8,0.0,0.0,1.79,322.0,1.1592
2012-08-19 10:00:00,25.9,55,16.2,0.0,0.0,1.8,463.0,1.6668
2012-08-19 11:00:00,27.0,51,15.9,0.0,0.0,2.48,556.0,2.0016
2012-08-19 12:00:00,26.9,50,15.6,0.0,0.0,2.72,520.0,1.8719999999999999
2012-08-19 13:00:00,24.5,61,16.5,0.3,0.0,2.64,294.0,1.0584
2012-08-19 14:00:00,23.4,67,16.9,0.4,0.0,2.86,183.0,0.6587999999999999
2012-08-19 15:00:00,22.8,73,17.7,0.4,0.0,2.44,170.0,0.612
2012-08-19 16:00:00,22.3,74,17.5,0.2,0.0,2.21,156.0,0.5616
2012-08-19 17:00:00,22.2,74,17.4,0.0,0.0,0.22,107.0,0.3852
2012-08-19 18:00:00,22.1,75,17.5,0.0,0.0,1.75,84.0,0.3024
2012-08-19 19:00:00,21.8,78,17.8,0.0,0.0,1.96,30.0,0.108
2012-08-19 20:00:00,21.2,81,17.8,0.0,0.0,1.71,0.0,0.0
2012-08-19 21:00:00,20.8,84,18.0,0.0,0.0,1.2,0.0,0.0
2012-08-19 22:00:00,20.0,88,17.9,0.0,0.0,0.8,0.0,0.0
2012-08-19 23:00:00,19.4,89,17.6,0.0,0.0,0.67,0.0,0.0
2012-08-20 00:00:00,19.0,91,17.4,0.0,0.0,0.51,0.0,0.0
2012-08-20 01:00:00,19.1,89,17.3,0.0,0.0,0.6,0.0,0.0
2012-08-20 02:00:00,19.8,89,18.0,0.0,0.0,1.1,0.0,0.0
2012-08-20 03:00:00,19.2,91,17.7,0.0,0.0,1.2,0.0,0.0
2012-08-20 04:00:00,18.9,93,17.7,0.0,0.0,1.2,0.0,0.0
2012-08-20 05:00:00,18.7,93,17.5,0.0,0.0,1.17,0.0,0.0
2012-08-20 06:00:00,18.9,92,17.6,0.0,0.0,1.13,6.0,0.0216
2012-08-20 07:00:00,20.3,86,17.8,0.0,0.0,1.39,66.0,0.2376
2012-08-20 08:00:00,21.8,78,17.7,0.0,0.0,1.04,224.0,0.8064
2012-08-20 09:00:00,22.6,72,17.3,0.2,0.0,0.86,319.0,1.1483999999999999
2012-08-20 10:00:00,23.4,69,17.4,0.2,0.0,1.2,471.0,1.6956
2012-08-20 11:00:00,24.4,67,17.9,0.0,0.0,2.14,575.0,2.07
2012-08-20 12:00:00,25.2,63,17.7,0.0,0.0,2.6,621.0,2.2356
2012-08-20 13:00:00,25.9,58,17.0,0.0,0.0,2.87,636.0,2.2896
2012-08-20 14:00:00,25.2,58,16.3,0.0,0.0,2.5,413.0,1.4868
2012-08-20 15:00:00,25.9,55,16.1,0.0,0.0,2.08,454.0,1.6343999999999999
2012-08-20 16:00:00,26.2,54,16.1,0.0,0.0,1.92,456.0,1.6416
2012-08-20 17:00:00,26.0,54,16.0,0.0,0.0,0.6,291.0,1.0475999999999999
2012-08-20 18:00:00,24.4,61,16.4,0.2,0.0,0.14,120.0,0.432
2012-08-20 19:00:00,23.2,69,17.1,0.4,0.0,0.41,23.0,0.0828
2012-08-20 20:00:00,22.0,80,18.3,1.7,0.0,0.51,0.0,0.0
2012-08-20 21:00:00,21.0,87,18.7,0.4,0.0,0.82,0.0,0.0
2012-08-20 22:00:00,20.5,91,19.0,0.0,0.0,0.89,0.0,0.0
2012-08-20 23:00:00,20.1,93,19.0,0.0,0.0,1.2,0.0,0.0
2012-08-21 00:00:00,19.6,96,18.9,0.0,0.0,0.89,0.0,0.0
2012-08-21 01:00:00,19.5,97,19.0,0.0,0.0,1.2,0.0,0.0
2012-08-21 02:00:00,18.9,99,18.8,0.0,0.0,1.3,0.0,0.0
2012-08-21 03:00:00,18.5,99,18.4,0.0,0.0,1.33,0.0,0.0
2012-08-21 04:00:00,18.3,99,18.2,0.0,0.0,1.61,0.0,0.0
2012-08-21 05:00:00,18.1,99,17.9,0.0,0.0,1.04,0.0,0.0
2012-08-21 06:00:00,18.0,98,17.7,0.0,0.0,1.0,7.0,0.0252
2012-08-21 07:00:00,18.8,95,18.0,0.0,0.0,1.53,91.0,0.3276
2012-08-21 08:00:00,20.4,87,18.1,0.0,0.0,1.03,252.0,0.9072
2012-08-21 09:00:00,22.4,75,17.8,0.0,0.0,0.58,432.0,1.5552
2012-08-21 10:00:00,24.5,62,16.8,0.0,0.0,0.51,668.0,2.4048
2012-08-21 11:00:00,26.4,52,15.7,0.0,0.0,0.63,794.0,2.8584
2012-08-21 12:00:00,27.2,47,14.9,0.0,0.0,0.67,764.0,2.7504
2012-08-21 13:00:00,28.1,44,14.6,0.0,0.0,0.5,775.0,2.79
2012-08-21 14:00:00,27.9,44,14.6,0.0,0.0,0.61,653.0,2.3508
2012-08-21 15:00:00,27.5,44,14.3,0.0,0.0,0.91,456.0,1.6416
2012-08-21 16:00:00,27.4,45,14.4,0.0,0.0,1.1,433.0,1.5588
2012-08-21 17:00:00,25.9,51,15.0,0.2,0.0,2.43,231.0,0.8316
2012-08-21 18:00:00,25.1,56,15.7,0.0,0.0,2.14,117.0,0.42119999999999996
2012-08-21 19:00:00,24.2,64,16.8,0.0,0.0,1.92,24.0,0.0864
2012-08-21 20:00:00,22.9,75,18.2,0.0,0.0,1.56,0.0,0.0
2012-08-21 21:00:00,22.7,73,17.6,0.0,0.0,1.56,0.0,0.0
2012-08-21 22:00:00,22.9,72,17.5,0.0,0.0,1.6,0.0,0.0
2012-08-21 23:00:00,22.5,74,17.6,0.0,0.0,1.12,0.0,0.0
2012-08-22 00:00:00,21.9,77,17.7,0.0,0.0,1.25,0.0,0.0
2012-08-22 01:00:00,20.9,83,17.9,0.0,0.0,1.22,0.0,0.0
2012-08-22 02:00:00,21.1,84,18.2,0.0,0.0,0.5,0.0,0.0
2012-08-22 03:00:00,20.6,88,18.5,0.0,0.0,0.73,0.0,0.0
2012-08-22 04:00:00,20.2,92,18.8,0.0,0.0,0.58,0.0,0.0
2012-08-22 05:00:00,19.8,95,18.9,0.0,0.0,0.81,0.0,0.0
2012-08-22 06:00:00,18.6,98,18.4,0.0,0.0,0.63,9.0,0.0324
2012-08-22 07:00:00,20.2,94,19.1,0.0,0.0,0.76,110.0,0.39599999999999996
2012-08-22 08:00:00,22.9,80,19.2,0.0,0.0,0.45,297.0,1.0692
2012-08-22 09:00:00,24.8,69,18.7,0.0,0.0,0.51,471.0,1.6956
2012-08-22 10:00:00,26.5,57,17.2,0.0,0.0,0.81,631.0,2.2716
2012-08-22 11:00:00,28.0,48,16.0,0.0,0.0,1.08,784.0,2.8224
2012-08-22 12:00:00,28.8,44,15.5,0.0,0.0,1.36,821.0,2.9556
2012-08-22 13:00:00,29.6,42,15.4,0.0,0.0,2.19,848.0,3.0528
2012-08-22 14:00:00,28.7,47,16.4,0.0,0.0,2.34,683.0,2.4588
2012-08-22 15:00:00,28.9,47,16.6,0.0,0.0,2.06,617.0,2.2212
2012-08-22 16:00:00,27.6,51,16.6,0.4,0.0,2.36,465.0,1.674
2012-08-22 17:00:00,26.9,53,16.7,0.0,0.0,1.43,321.0,1.1556
2012-08-22 18:00:00,25.2,61,17.1,0.2,0.0,1.75,113.0,0.4068
2012-08-22 19:00:00,24.8,67,18.2,0.0,0.0,0.32,24.0,0.0864
2012-08-22 20:00:00,24.0,69,18.0,0.0,0.0,0.5,0.0,0.0
2012-08-22 21:00:00,23.7,70,17.8,0.0,0.0,1.14,0.0,0.0
2012-08-22 22:00:00,23.3,72,18.0,0.0,0.0,1.22,0.0,0.0
2012-08-22 23:00:00,23.0,74,18.0,0.0,0.0,1.39,0.0,0.0
2012-08-23 00:00:00,22.6,76,18.1,0.0,0.0,1.43,0.0,0.0
2012-08-23 01:00:00,21.3,83,18.3,0.0,0.0,1.27,0.0,0.0
2012-08-23 02:00:00,20.8,85,18.2,0.0,0.0,1.12,0.0,0.0
2012-08-23 03:00:00,19.9,89,18.1,0.0,0.0,1.0,0.0,0.0
2012-08-23 04:00:00,19.7,90,18.0,0.0,0.0,0.94,0.0,0.0
2012-08-23 05:00:00,19.5,90,17.8,0.0,0.0,1.26,0.0,0.0
2012-08-23 06:00:00,19.4,90,17.7,0.0,0.0,1.5,8.0,0.0288
2012-08-23 07:00:00,21.4,82,18.3,0.0,0.0,1.1,119.0,0.4284
2012-08-23 08:00:00,24.5,66,17.8,0.0,0.0,0.92,301.0,1.0836
2012-08-23 09:00:00,26.5,58,17.5,0.0,0.0,0.92,494.0,1.7784
2012-08-23 10:00:00,27.8,52,16.9,0.0,0.0,1.06,607.0,2.1852
2012-08-23 11:00:00,28.8,48,16.7,0.0,0.0,1.17,738.0,2.6568
2012-08-23 12:00:00,29.7,45,16.6,0.0,0.0,1.3,782.0,2.8152
2012-08-23 13:00:00,29.8,45,16.5,0.0,0.0,1.4,670.0,2.412
2012-08-23 14:00:00,29.7,40,14.8,0.0,0.0,1.46,628.0,2.2608
2012-08-23 15:00:00,29.2,42,14.8,0.0,0.0,1.43,397.0,1.4292
2012-08-23 16:00:00,28.6,43,14.9,0.0,0.0,1.43,332.0,1.1952
2012-08-23 17:00:00,28.2,45,15.1,0.0,0.0,0.92,282.0,1.0151999999999999
2012-08-23 18:00:00,27.3,49,15.6,0.0,0.0,1.26,127.0,0.4572
2012-08-23 19:00:00,26.1,55,16.3,0.0,0.0,1.53,25.0,0.09
2012-08-23 20:00:00,24.8,60,16.6,0.0,0.0,1.63,0.0,0.0
2012-08-23 21:00:00,23.9,65,16.9,0.0,0.0,1.77,0.0,0.0
2012-08-23 22:00:00,22.7,72,17.5,0.0,0.0,1.7,0.0,0.0
2012-08-23 23:00:00,21.9,79,18.1,0.0,0.0,1.44,0.0,0.0
2012-08-24 00:00:00,21.7,80,18.2,0.0,0.0,1.39,0.0,0.0
2012-08-24 01:00:00,21.1,84,18.3,0.0,0.0,1.6,0.0,0.0
2012-08-24 02:00:00,21.9,82,18.6,0.0,0.0,1.36,0.0,0.0
2012-08-24 03:00:00,22.0,81,18.6,0.0,0.0,0.98,0.0,0.0
2012-08-24 04:00:00,20.4,88,18.3,0.0,0.0,1.12,0.0,0.0
2012-08-24 05:00:00,19.7,90,18.1,0.0,0.0,0.71,0.0,0.0
2012-08-24 06:00:00,19.6,90,17.9,0.0,0.0,0.63,7.0,0.0252
2012-08-24 07:00:00,21.6,83,18.7,0.0,0.0,0.98,96.0,0.3456
2012-08-24 08:00:00,24.8,65,17.8,0.0,0.0,0.5,242.0,0.8712
2012-08-24 09:00:00,27.3,54,17.1,0.0,0.0,0.45,427.0,1.5372
2012-08-24 10:00:00,28.7,44,15.2,0.0,0.0,1.22,557.0,2.0052
2012-08-24 11:00:00,29.3,40,14.5,0.0,0.0,2.0,611.0,2.1995999999999998
2012-08-24 12:00:00,29.7,39,14.3,0.0,0.0,2.24,679.0,2.4444
2012-08-24 13:00:00,29.7,40,14.5,0.0,0.0,2.26,670.0,2.412
2012-08-24 14:00:00,29.6,40,14.5,0.0,0.0,2.14,572.0,2.0592
2012-08-24 15:00:00,29.3,40,14.5,0.0,0.0,2.04,430.0,1.548
2012-08-24 16:00:00,28.8,42,14.5,0.0,0.0,2.18,300.0,1.08
2012-08-24 17:00:00,28.2,44,14.8,0.0,0.0,1.75,171.0,0.6156
2012-08-24 18:00:00,27.2,49,15.4,0.0,0.0,1.84,101.0,0.3636
2012-08-24 19:00:00,26.1,54,16.1,0.0,0.0,1.66,18.0,0.0648
2012-08-24 20:00:00,25.0,60,16.6,0.0,0.0,1.43,0.0,0.0
2012-08-24 21:00:00,24.0,67,17.6,0.0,0.0,1.43,0.0,0.0
2012-08-24 22:00:00,23.3,74,18.5,0.0,0.0,1.22,0.0,0.0
2012-08-24 23:00:00,22.8,78,18.8,0.0,0.0,0.76,0.0,0.0
2012-08-25 00:00:00,22.4,81,18.9,0.0,0.0,0.36,0.0,0.0
2012-08-25 01:00:00,22.6,79,18.9,0.1,0.0,0.36,0.0,0.0
2012-08-25 02:00:00,22.2,81,18.8,0.0,0.0,1.17,0.0,0.0
2012-08-25 03:00:00,21.7,84,18.9,0.0,0.0,1.58,0.0,0.0
2012-08-25 04:00:00,21.6,86,19.2,0.0,0.0,1.36,0.0,0.0
2012-08-25 05:00:00,21.0,91,19.5,0.0,0.0,1.58,0.0,0.0
2012-08-25 06:00:00,21.0,93,19.8,0.0,0.0,2.34,5.0,0.018
2012-08-25 07:00:00,22.1,90,20.3,0.0,0.0,2.64,61.0,0.2196
2012-08-25 08:00:00,23.6,80,19.9,0.0,0.0,3.67,168.0,0.6048
2012-08-25 09:00:00,24.4,72,19.0,0.0,0.0,4.47,229.0,0.8244
2012-08-25 10:00:00,26.0,59,17.5,0.0,0.0,4.84,475.0,1.71
2012-08-25 11:00:00,26.4,55,16.6,0.0,0.0,5.1,449.0,1.6164
2012-08-25 12:00:00,25.2,63,17.6,0.6,0.0,5.2,248.0,0.8927999999999999
2012-08-25 13:00:00,24.7,66,17.9,0.8,0.0,4.84,264.0,0.9504
2012-08-25 14:00:00,25.6,50,14.5,0.0,0.0,4.31,359.0,1.2924
2012-08-25 15:00:00,24.7,59,16.1,0.3,0.0,4.29,248.0,0.8927999999999999
2012-08-25 16:00:00,23.0,76,18.5,1.9,0.0,3.86,143.0,0.5148
2012-08-25 17:00:00,22.3,85,19.6,2.0,0.0,4.27,56.0,0.2016
2012-08-25 18:00:00,21.6,94,20.6,1.8,0.0,4.02,35.0,0.126
2012-08-25 19:00:00,21.5,96,20.8,2.5,0.0,3.76,7.0,0.0252
2012-08-25 20:00:00,21.1,98,20.8,2.3,0.0,3.48,0.0,0.0
2012-08-25 21:00:00,20.9,98,20.5,1.7,0.0,2.98,0.0,0.0
2012-08-25 22:00:00,20.6,99,20.5,1.2,0.0,3.4,0.0,0.0
2012-08-25 23:00:00,20.6,99,20.4,0.7,0.0,4.02,0.0,0.0
2012-08-26 00:00:00,20.7,98,20.4,0.5,0.0,4.0,0.0,0.0
2012-08-26 01:00:00,20.6,98,20.3,0.5,0.0,3.62,0.0,0.0
2012-08-26 02:00:00,21.3,97,20.9,0.0,0.0,3.21,0.0,0.0
2012-08-26 03:00:00,21.4,97,21.0,0.0,0.0,3.31,0.0,0.0
2012-08-26 04:00:00,21.5,97,21.0,0.0,0.0,3.31,0.0,0.0
2012-08-26 05:00:00,21.2,97,20.7,0.2,0.0,4.1,0.0,0.0
2012-08-26 06:00:00,20.6,99,20.5,0.3,0.0,3.5,3.0,0.0108
2012-08-26 07:00:00,20.4,99,20.3,0.6,0.0,3.42,32.0,0.1152
2012-08-26 08:00:00,20.8,99,20.6,1.1,0.0,2.8,75.0,0.27
2012-08-26 09:00:00,21.5,98,21.1,0.3,0.0,3.5,144.0,0.5184
2012-08-26 10:00:00,21.7,96,21.1,0.3,0.0,3.34,135.0,0.486
2012-08-26 11:00:00,22.7,88,20.7,0.2,0.0,2.7,199.0,0.7163999999999999
2012-08-26 12:00:00,24.3,84,21.4,0.0,0.0,2.61,299.0,1.0764
2012-08-26 13:00:00,25.0,81,21.6,0.3,0.0,2.6,265.0,0.954
2012-08-26 14:00:00,22.8,93,21.6,2.3,0.0,2.22,201.0,0.7236
2012-08-26 15:00:00,22.9,93,21.7,0.8,0.0,2.5,189.0,0.6804
2012-08-26 16:00:00,23.2,93,22.0,0.9,0.0,2.91,167.0,0.6012
2012-08-26 17:00:00,22.9,91,21.3,1.3,0.0,2.97,102.0,0.36719999999999997
2012-08-26 18:00:00,22.0,97,21.5,3.1,0.0,3.41,42.0,0.1512
2012-08-26 19:00:00,21.4,99,21.3,1.9,0.0,3.0,4.0,0.0144
2012-08-26 20:00:00,21.3,98,21.0,0.0,0.0,2.55,0.0,0.0
2012-08-26 21:00:00,21.4,98,21.0,0.0,0.0,2.42,0.0,0.0
2012-08-26 22:00:00,21.3,98,21.0,0.0,0.0,1.77,0.0,0.0
2012-08-26 23:00:00,21.4,97,20.9,0.0,0.0,1.66,0.0,0.0
2012-08-27 00:00:00,21.3,98,21.0,0.0,0.0,1.56,0.0,0.0
2012-08-27 01:00:00,21.3,98,21.0,0.1,0.0,2.01,0.0,0.0
2012-08-27 02:00:00,21.7,99,21.5,0.1,0.0,1.8,0.0,0.0
2012-08-27 03:00:00,21.8,98,21.5,0.0,0.0,1.91,0.0,0.0
2012-08-27 04:00:00,21.5,99,21.3,0.6,0.0,2.38,0.0,0.0
2012-08-27 05:00:00,21.1,99,21.0,0.5,0.0,1.33,0.0,0.0
2012-08-27 06:00:00,21.1,99,20.9,0.2,0.0,1.57,1.0,0.0036
2012-08-27 07:00:00,21.7,95,20.8,0.0,0.0,1.12,31.0,0.11159999999999999
2012-08-27 08:00:00,22.5,93,21.2,0.0,0.0,1.49,109.0,0.39239999999999997
2012-08-27 09:00:00,23.6,87,21.3,0.2,0.0,2.13,279.0,1.0044
2012-08-27 10:00:00,24.6,81,21.1,0.2,0.0,2.16,345.0,1.242
2012-08-27 11:00:00,26.0,74,20.9,0.2,0.0,2.14,541.0,1.9476
2012-08-27 12:00:00,27.4,67,20.8,0.1,0.0,2.0,740.0,2.664
2012-08-27 13:00:00,27.7,66,20.7,0.0,0.0,2.3,605.0,2.178
2012-08-27 14:00:00,29.3,55,19.3,0.0,0.0,2.51,653.0,2.3508
2012-08-27 15:00:00,29.6,53,19.1,0.0,0.0,2.47,606.0,2.1816
2012-08-27 16:00:00,29.4,54,19.1,0.0,0.0,2.5,457.0,1.6452
2012-08-27 17:00:00,28.7,58,19.7,0.0,0.0,1.97,262.0,0.9431999999999999
2012-08-27 18:00:00,27.5,65,20.4,0.0,0.0,1.8,131.0,0.47159999999999996
2012-08-27 19:00:00,26.0,74,21.1,0.0,0.0,2.15,20.0,0.072
2012-08-27 20:00:00,25.1,82,21.8,0.0,0.0,2.62,0.0,0.0
2012-08-27 21:00:00,24.3,89,22.3,0.0,0.0,2.91,0.0,0.0
2012-08-27 22:00:00,23.8,92,22.5,0.0,0.0,3.04,0.0,0.0
2012-08-27 23:00:00,23.4,94,22.4,0.0,0.0,2.85,0.0,0.0
2012-08-28 00:00:00,23.1,95,22.2,0.0,0.0,2.77,0.0,0.0
2012-08-28 01:00:00,22.8,95,22.0,0.0,0.0,2.75,0.0,0.0
2012-08-28 02:00:00,22.7,86,20.2,0.0,0.0,2.61,0.0,0.0
2012-08-28 03:00:00,22.4,86,20.0,0.0,0.0,2.48,0.0,0.0
2012-08-28 04:00:00,22.2,86,19.8,0.0,0.0,2.06,0.0,0.0
2012-08-28 05:00:00,22.1,85,19.5,0.6,0.0,2.14,0.0,0.0
2012-08-28 06:00:00,21.9,85,19.3,0.0,0.0,2.4,3.0,0.0108
2012-08-28 07:00:00,22.5,81,19.1,0.2,0.0,2.46,64.0,0.2304
2012-08-28 08:00:00,22.8,80,19.2,0.5,0.0,2.71,127.0,0.4572
2012-08-28 09:00:00,23.7,79,19.8,0.0,0.0,2.72,269.0,0.9683999999999999
2012-08-28 10:00:00,25.2,73,20.1,0.0,0.0,3.28,431.0,1.5515999999999999
2012-08-28 11:00:00,27.3,64,19.9,0.0,0.0,3.28,602.0,2.1672
2012-08-28 12:00:00,28.8,57,19.5,0.0,0.0,3.0,756.0,2.7216
2012-08-28 13:00:00,30.2,50,18.7,0.0,0.0,2.69,836.0,3.0096
2012-08-28 14:00:00,30.7,48,18.4,0.0,0.0,2.62,746.0,2.6856
2012-08-28 15:00:00,30.7,46,17.7,0.0,0.0,2.76,594.0,2.1384
2012-08-28 16:00:00,30.7,45,17.3,0.0,0.0,2.69,497.0,1.7892
2012-08-28 17:00:00,30.2,47,17.7,0.0,0.0,2.55,350.0,1.26
2012-08-28 18:00:00,28.6,63,20.8,0.0,0.0,2.0,159.0,0.5724
2012-08-28 19:00:00,27.0,64,19.6,0.0,0.0,1.84,22.0,0.07919999999999999
2012-08-28 20:00:00,25.7,66,18.8,0.0,0.0,1.61,0.0,0.0
2012-08-28 21:00:00,25.5,58,16.7,0.0,0.0,1.61,0.0,0.0
2012-08-28 22:00:00,24.9,55,15.1,0.0,0.0,1.61,0.0,0.0
2012-08-28 23:00:00,24.1,54,14.3,0.0,0.0,1.58,0.0,0.0
2012-08-29 00:00:00,23.2,56,14.0,0.0,0.0,1.77,0.0,0.0
2012-08-29 01:00:00,22.3,59,14.0,0.0,0.0,2.33,0.0,0.0
2012-08-29 02:00:00,20.9,66,14.3,0.0,0.0,2.86,0.0,0.0
2012-08-29 03:00:00,20.5,66,13.9,0.0,0.0,3.18,0.0,0.0
2012-08-29 04:00:00,20.1,68,13.9,0.0,0.0,3.08,0.0,0.0
2012-08-29 05:00:00,19.7,71,14.4,0.0,0.0,2.51,0.0,0.0
2012-08-29 06:00:00,19.3,78,15.3,0.0,0.0,2.34,5.0,0.018
2012-08-29 07:00:00,20.5,79,16.7,0.0,0.0,2.2,112.0,0.4032
2012-08-29 08:00:00,22.9,66,16.2,0.0,0.0,2.05,299.0,1.0764
2012-08-29 09:00:00,24.3,59,15.8,0.0,0.0,2.14,477.0,1.7172
2012-08-29 10:00:00,25.6,53,15.4,0.0,0.0,1.86,622.0,2.2392
2012-08-29 11:00:00,26.8,49,15.3,0.0,0.0,1.28,768.0,2.7648
2012-08-29 12:00:00,27.9,46,15.1,0.0,0.0,0.94,813.0,2.9268
2012-08-29 13:00:00,28.4,42,14.3,0.0,0.0,1.04,720.0,2.592
2012-08-29 14:00:00,28.2,43,14.3,0.0,0.0,1.28,617.0,2.2212
2012-08-29 15:00:00,28.1,42,14.0,0.0,0.0,0.92,416.0,1.4976
2012-08-29 16:00:00,27.8,42,13.7,0.0,0.0,0.45,285.0,1.026
2012-08-29 17:00:00,27.2,46,14.7,0.0,0.0,0.14,152.0,0.5472
2012-08-29 18:00:00,26.6,50,15.2,0.0,0.0,1.42,103.0,0.37079999999999996
2012-08-29 19:00:00,25.3,56,15.9,0.0,0.0,1.7,13.0,0.0468
2012-08-29 20:00:00,24.1,62,16.4,0.0,0.0,1.7,0.0,0.0
2012-08-29 21:00:00,22.8,71,17.3,0.0,0.0,1.75,0.0,0.0
2012-08-29 22:00:00,21.8,79,18.1,0.0,0.0,1.62,0.0,0.0
2012-08-29 23:00:00,22.0,77,17.8,0.0,0.0,1.32,0.0,0.0
2012-08-30 00:00:00,22.3,76,17.9,0.0,0.0,1.41,0.0,0.0
2012-08-30 01:00:00,22.3,77,18.1,0.0,0.0,1.36,0.0,0.0
2012-08-30 02:00:00,19.6,89,17.8,0.0,0.0,1.03,0.0,0.0
2012-08-30 03:00:00,19.4,90,17.7,0.0,0.0,1.06,0.0,0.0
2012-08-30 04:00:00,20.0,87,17.9,0.0,0.0,0.41,0.0,0.0
2012-08-30 05:00:00,20.2,88,18.1,0.0,0.0,1.06,0.0,0.0
2012-08-30 06:00:00,19.9,91,18.3,0.0,0.0,1.22,5.0,0.018
2012-08-30 07:00:00,20.4,90,18.7,0.0,0.0,0.92,109.0,0.39239999999999997
2012-08-30 08:00:00,23.0,74,18.2,0.0,0.0,0.82,294.0,1.0584
2012-08-30 09:00:00,25.1,63,17.5,0.0,0.0,0.76,486.0,1.7496
2012-08-30 10:00:00,26.9,55,17.1,0.0,0.0,0.91,655.0,2.358
2012-08-30 11:00:00,27.9,50,16.6,0.0,0.0,1.21,692.0,2.4912
2012-08-30 12:00:00,29.1,46,16.4,0.0,0.0,1.44,836.0,3.0096
2012-08-30 13:00:00,29.7,43,15.9,0.0,0.0,1.36,771.0,2.7756
2012-08-30 14:00:00,29.4,48,17.1,0.0,0.0,1.43,584.0,2.1024
2012-08-30 15:00:00,29.4,47,17.0,0.0,0.0,1.82,451.0,1.6236
2012-08-30 16:00:00,29.8,46,17.0,0.0,0.0,2.0,527.0,1.8972
2012-08-30 17:00:00,29.2,49,17.4,0.0,0.0,1.27,352.0,1.2671999999999999
2012-08-30 18:00:00,27.6,57,18.5,0.0,0.0,1.49,158.0,0.5688
2012-08-30 19:00:00,25.8,67,19.3,0.0,0.0,1.56,19.0,0.0684
2012-08-30 20:00:00,24.6,75,19.9,0.0,0.0,1.63,0.0,0.0
2012-08-30 21:00:00,23.7,82,20.5,0.0,0.0,1.7,0.0,0.0
2012-08-30 22:00:00,23.0,88,21.0,0.0,0.0,1.84,0.0,0.0
2012-08-30 23:00:00,22.4,92,21.1,0.0,0.0,2.2,0.0,0.0
2012-08-31 00:00:00,22.0,94,21.1,0.0,0.0,2.18,0.0,0.0
2012-08-31 01:00:00,21.9,95,21.0,0.0,0.0,2.24,0.0,0.0
2012-08-31 02:00:00,21.7,93,20.6,0.0,0.0,2.52,0.0,0.0
2012-08-31 03:00:00,21.4,92,20.0,0.0,0.0,2.27,0.0,0.0
2012-08-31 04:00:00,21.0,92,19.6,0.0,0.0,2.13,0.0,0.0
2012-08-31 05:00:00,20.6,92,19.3,0.0,0.0,1.79,0.0,0.0
2012-08-31 06:00:00,20.3,93,19.2,0.0,0.0,1.8,4.0,0.0144
2012-08-31 07:00:00,22.0,88,20.0,0.0,0.0,1.9,107.0,0.3852
2012-08-31 08:00:00,24.8,76,20.3,0.0,0.0,2.04,296.0,1.0655999999999999
2012-08-31 09:00:00,27.3,66,20.3,0.0,0.0,2.34,493.0,1.7748
2012-08-31 10:00:00,29.9,51,18.6,0.0,0.0,2.64,665.0,2.394
2012-08-31 11:00:00,31.7,38,15.6,0.0,0.0,3.18,793.0,2.8548
2012-08-31 12:00:00,33.0,32,14.0,0.0,0.0,3.32,865.0,3.114
2012-08-31 13:00:00,34.0,29,13.4,0.0,0.0,3.44,875.0,3.15
2012-08-31 14:00:00,34.1,29,13.7,0.0,0.0,3.41,820.0,2.952
2012-08-31 15:00:00,34.6,28,13.7,0.0,0.0,3.31,708.0,2.5488
2012-08-31 16:00:00,34.6,29,13.9,0.0,0.0,3.2,549.0,1.9764
2012-08-31 17:00:00,33.4,38,17.3,0.0,0.0,2.72,358.0,1.2888
2012-08-31 18:00:00,31.4,40,16.1,0.0,0.0,1.91,161.0,0.5796
2012-08-31 19:00:00,28.7,48,16.6,0.0,0.0,2.26,18.0,0.0648
2012-08-31 20:00:00,26.7,55,17.0,0.0,0.0,2.36,0.0,0.0
2012-08-31 21:00:00,25.1,64,17.9,0.0,0.0,2.33,0.0,0.0
2012-08-31 22:00:00,23.9,70,18.0,0.0,0.0,2.45,0.0,0.0
2012-08-31 23:00:00,23.4,68,17.1,0.0,0.0,2.51,0.0,0.0
2012-09-01 00:00:00,23.3,65,16.3,0.0,0.0,2.6,0.0,0.0
2012-09-01 01:00:00,23.4,65,16.5,0.0,0.0,2.71,0.0,0.0
2012-09-01 02:00:00,22.7,72,17.4,0.0,0.0,2.73,0.0,0.0
2012-09-01 03:00:00,22.6,75,18.0,0.0,0.0,2.94,0.0,0.0
2012-09-01 04:00:00,22.8,77,18.7,0.0,0.0,3.27,0.0,0.0
2012-09-01 05:00:00,23.3,79,19.4,0.0,0.0,2.72,0.0,0.0
2012-09-01 06:00:00,23.9,79,20.0,0.0,0.0,2.96,3.0,0.0108
2012-09-01 07:00:00,25.0,78,20.8,0.0,0.0,2.47,72.0,0.2592
2012-09-01 08:00:00,26.7,72,21.3,0.0,0.0,2.24,179.0,0.6444
2012-09-01 09:00:00,27.5,70,21.6,0.2,0.0,2.94,213.0,0.7667999999999999
2012-09-01 10:00:00,28.3,68,21.8,0.0,0.0,2.14,268.0,0.9648
2012-09-01 11:00:00,30.1,62,21.9,0.0,0.0,2.02,504.0,1.8144
2012-09-01 12:00:00,31.9,55,21.8,0.0,0.0,2.22,695.0,2.502
2012-09-01 13:00:00,32.7,51,21.3,0.0,0.0,2.36,607.0,2.1852
2012-09-01 14:00:00,32.8,52,21.7,0.0,0.0,2.44,668.0,2.4048
2012-09-01 15:00:00,33.0,51,21.5,0.0,0.0,2.22,488.0,1.7568
2012-09-01 16:00:00,32.9,51,21.5,0.0,0.0,1.7,352.0,1.2671999999999999
2012-09-01 17:00:00,29.7,62,21.7,1.5,0.0,1.06,211.0,0.7595999999999999
2012-09-01 18:00:00,25.5,86,22.9,3.1,0.0,0.58,54.0,0.1944
2012-09-01 19:00:00,24.8,91,23.2,0.5,0.0,1.2,5.0,0.018
2012-09-01 20:00:00,24.6,93,23.3,0.0,0.0,0.4,0.0,0.0
2012-09-01 21:00:00,24.3,94,23.2,0.0,0.0,2.21,0.0,0.0
2012-09-01 22:00:00,24.0,94,23.0,0.0,0.0,1.63,0.0,0.0
2012-09-01 23:00:00,23.8,94,22.8,0.0,0.0,1.26,0.0,0.0
2012-09-02 00:00:00,23.5,95,22.6,0.0,0.0,0.89,0.0,0.0
2012-09-02 01:00:00,23.4,95,22.6,0.0,0.0,1.2,0.0,0.0
2012-09-02 02:00:00,22.9,97,22.4,0.0,0.0,1.08,0.0,0.0
2012-09-02 03:00:00,22.6,98,22.3,0.0,0.0,1.14,0.0,0.0
2012-09-02 04:00:00,22.3,99,22.2,0.0,0.0,0.99,0.0,0.0
2012-09-02 05:00:00,22.3,99,22.2,0.0,0.0,1.3,0.0,0.0
2012-09-02 06:00:00,22.2,99,22.1,0.0,0.0,1.66,3.0,0.0108
2012-09-02 07:00:00,23.1,98,22.8,0.0,0.0,1.43,68.0,0.2448
2012-09-02 08:00:00,24.3,93,23.1,0.0,0.0,0.92,163.0,0.5868
2012-09-02 09:00:00,25.6,85,22.9,0.0,0.0,0.2,300.0,1.08
2012-09-02 10:00:00,26.4,80,22.7,0.0,0.0,0.32,329.0,1.1844
2012-09-02 11:00:00,26.8,77,22.4,0.2,0.0,0.32,361.0,1.2995999999999999
2012-09-02 12:00:00,26.2,83,23.1,0.9,0.0,0.42,272.0,0.9792
2012-09-02 13:00:00,25.8,85,23.1,2.0,0.0,0.57,256.0,0.9216
2012-09-02 14:00:00,25.9,88,23.8,0.7,0.0,1.1,145.0,0.522
2012-09-02 15:00:00,25.7,89,23.8,0.4,0.0,1.24,190.0,0.6839999999999999
2012-09-02 16:00:00,25.4,93,24.2,0.5,0.0,1.24,104.0,0.3744
2012-09-02 17:00:00,25.2,95,24.4,0.4,0.0,1.62,74.0,0.26639999999999997
2012-09-02 18:00:00,25.0,96,24.4,0.2,0.0,1.62,36.0,0.1296
2012-09-02 19:00:00,24.6,97,24.1,0.1,0.0,1.57,6.0,0.0216
2012-09-02 20:00:00,24.2,99,23.9,0.1,0.0,1.84,0.0,0.0
2012-09-02 21:00:00,23.9,99,23.7,0.0,0.0,1.71,0.0,0.0
2012-09-02 22:00:00,23.7,98,23.4,0.0,0.0,1.43,0.0,0.0
2012-09-02 23:00:00,23.7,99,23.4,0.0,0.0,1.41,0.0,0.0
2012-09-03 00:00:00,23.6,99,23.4,0.0,0.0,1.7,0.0,0.0
2012-09-03 01:00:00,23.5,99,23.3,0.0,0.0,1.53,0.0,0.0
2012-09-03 02:00:00,23.2,99,23.0,0.0,0.0,1.6,0.0,0.0
2012-09-03 03:00:00,23.2,99,23.1,0.0,0.0,2.16,0.0,0.0
2012-09-03 04:00:00,23.0,98,22.8,0.0,0.0,1.88,0.0,0.0
2012-09-03 05:00:00,22.8,98,22.5,0.0,0.0,2.39,0.0,0.0
2012-09-03 06:00:00,22.6,99,22.4,0.0,0.0,2.2,2.0,0.0072
2012-09-03 07:00:00,23.2,97,22.8,0.0,0.0,2.22,51.0,0.18359999999999999
2012-09-03 08:00:00,23.9,96,23.3,0.0,0.0,1.92,122.0,0.4392
2012-09-03 09:00:00,24.4,95,23.6,0.3,0.0,1.72,159.0,0.5724
2012-09-03 10:00:00,25.3,93,24.0,0.3,0.0,1.92,255.0,0.9179999999999999
2012-09-03 11:00:00,26.4,87,24.2,0.2,0.0,2.21,365.0,1.314
2012-09-03 12:00:00,27.7,76,23.0,0.2,0.0,2.14,391.0,1.4076
2012-09-03 13:00:00,26.8,80,23.1,1.8,0.0,2.22,278.0,1.0008
2012-09-03 14:00:00,28.9,68,22.3,0.5,0.0,2.04,480.0,1.728
2012-09-03 15:00:00,28.8,69,22.5,1.2,0.0,2.25,436.0,1.5695999999999999
2012-09-03 16:00:00,26.7,80,23.0,7.6,0.0,3.4,248.0,0.8927999999999999
2012-09-03 17:00:00,24.6,94,23.6,6.5,0.0,1.4,56.0,0.2016
2012-09-03 18:00:00,24.2,96,23.6,2.6,0.0,0.61,24.0,0.0864
2012-09-03 19:00:00,23.9,97,23.4,0.8,0.0,1.7,2.0,0.0072
2012-09-03 20:00:00,23.7,98,23.3,1.0,0.0,1.79,0.0,0.0
2012-09-03 21:00:00,23.5,98,23.1,0.1,0.0,1.86,0.0,0.0
2012-09-03 22:00:00,23.4,98,23.1,0.0,0.0,2.15,0.0,0.0
2012-09-03 23:00:00,23.5,98,23.1,0.0,0.0,2.33,0.0,0.0
2012-09-04 00:00:00,23.4,99,23.1,1.3,0.0,1.93,0.0,0.0
2012-09-04 01:00:00,22.8,99,22.6,4.2,0.0,1.43,0.0,0.0
2012-09-04 02:00:00,22.8,98,22.6,0.5,0.0,1.39,0.0,0.0
2012-09-04 03:00:00,22.6,99,22.4,0.2,0.0,1.08,0.0,0.0
2012-09-04 04:00:00,22.6,98,22.3,0.0,0.0,1.2,0.0,0.0
2012-09-04 05:00:00,22.5,98,22.3,0.0,0.0,0.54,0.0,0.0
2012-09-04 06:00:00,22.4,99,22.2,0.0,0.0,1.7,2.0,0.0072
2012-09-04 07:00:00,22.9,95,22.1,0.0,0.0,2.56,43.0,0.1548
2012-09-04 08:00:00,23.7,90,22.0,0.0,0.0,2.8,134.0,0.4824
2012-09-04 09:00:00,24.5,88,22.3,0.0,0.0,2.89,185.0,0.666
2012-09-04 10:00:00,25.5,85,22.7,0.0,0.0,2.95,276.0,0.9935999999999999
2012-09-04 11:00:00,26.1,84,23.1,0.0,0.0,3.01,289.0,1.0404
2012-09-04 12:00:00,27.0,80,23.3,0.0,0.0,3.67,382.0,1.3752
2012-09-04 13:00:00,27.8,76,23.3,0.0,0.0,3.79,413.0,1.4868
2012-09-04 14:00:00,29.5,64,22.0,0.0,0.0,4.12,568.0,2.0448
2012-09-04 15:00:00,29.9,62,21.9,0.0,0.0,4.41,579.0,2.0844
2012-09-04 16:00:00,28.4,68,22.0,1.0,0.0,4.03,409.0,1.4724
2012-09-04 17:00:00,27.2,78,23.1,0.3,0.0,2.08,192.0,0.6912
2012-09-04 18:00:00,26.7,81,23.1,0.1,0.0,2.35,52.0,0.1872
2012-09-04 19:00:00,26.0,83,22.9,0.1,0.0,3.0,6.0,0.0216
2012-09-04 20:00:00,25.7,84,22.7,0.4,0.0,3.28,0.0,0.0
2012-09-04 21:00:00,25.3,84,22.4,0.2,0.0,3.36,0.0,0.0
2012-09-04 22:00:00,24.9,84,22.0,0.4,0.0,3.09,0.0,0.0
2012-09-04 23:00:00,24.7,83,21.7,0.3,0.0,3.07,0.0,0.0
2012-09-05 00:00:00,24.5,83,21.5,0.0,0.0,3.16,0.0,0.0
2012-09-05 01:00:00,24.2,84,21.4,0.0,0.0,3.26,0.0,0.0
2012-09-05 02:00:00,23.8,94,22.8,0.0,0.0,3.45,0.0,0.0
2012-09-05 03:00:00,23.7,94,22.7,0.0,0.0,3.41,0.0,0.0
2012-09-05 04:00:00,23.6,94,22.7,0.0,0.0,3.31,0.0,0.0
2012-09-05 05:00:00,23.5,95,22.6,0.0,0.0,3.02,0.0,0.0
2012-09-05 06:00:00,23.4,95,22.6,0.0,0.0,2.94,1.0,0.0036
2012-09-05 07:00:00,23.8,94,22.9,0.2,0.0,2.84,57.0,0.2052
2012-09-05 08:00:00,24.1,92,22.8,0.7,0.0,3.77,107.0,0.3852
2012-09-05 09:00:00,25.0,93,23.7,0.4,0.0,3.01,263.0,0.9468
2012-09-05 10:00:00,26.4,89,24.4,0.3,0.0,2.83,473.0,1.7027999999999999
2012-09-05 11:00:00,27.5,84,24.6,0.5,0.0,2.26,604.0,2.1744
2012-09-05 12:00:00,28.5,72,23.0,0.4,0.0,2.02,598.0,2.1528
2012-09-05 13:00:00,26.0,83,22.9,3.2,0.0,2.02,371.0,1.3356
2012-09-05 14:00:00,30.1,65,22.9,0.0,0.0,1.4,551.0,1.9836
2012-09-05 15:00:00,29.9,64,22.5,0.0,0.0,1.43,482.0,1.7351999999999999
2012-09-05 16:00:00,28.9,70,22.8,0.4,0.0,1.52,310.0,1.1159999999999999
2012-09-05 17:00:00,26.6,85,23.9,1.8,0.0,1.7,158.0,0.5688
2012-09-05 18:00:00,25.8,89,23.9,0.2,0.0,1.71,59.0,0.2124
2012-09-05 19:00:00,25.0,92,23.6,0.1,0.0,1.2,7.0,0.0252
2012-09-05 20:00:00,24.6,94,23.6,0.0,0.0,1.2,0.0,0.0
2012-09-05 21:00:00,24.3,96,23.7,0.0,0.0,1.5,0.0,0.0
2012-09-05 22:00:00,24.0,97,23.6,0.0,0.0,1.34,0.0,0.0
2012-09-05 23:00:00,23.9,98,23.5,0.0,0.0,1.35,0.0,0.0
2012-09-06 00:00:00,23.6,99,23.4,0.0,0.0,1.56,0.0,0.0
2012-09-06 01:00:00,23.3,99,23.2,0.0,0.0,1.48,0.0,0.0
2012-09-06 02:00:00,22.9,98,22.6,0.0,0.0,1.43,0.0,0.0
2012-09-06 03:00:00,22.5,99,22.3,0.0,0.0,0.78,0.0,0.0
2012-09-06 04:00:00,22.6,99,22.5,0.0,0.0,0.7,0.0,0.0
2012-09-06 05:00:00,22.4,99,22.3,0.0,0.0,1.43,0.0,0.0
2012-09-06 06:00:00,22.8,99,22.7,0.0,0.0,1.75,1.0,0.0036
2012-09-06 07:00:00,23.4,98,23.1,0.0,0.0,1.84,55.0,0.19799999999999998
2012-09-06 08:00:00,24.6,91,23.0,0.0,0.0,1.41,149.0,0.5364
2012-09-06 09:00:00,24.9,90,23.2,0.0,0.0,1.48,117.0,0.42119999999999996
2012-09-06 10:00:00,25.2,89,23.2,0.0,0.0,2.11,108.0,0.3888
2012-09-06 11:00:00,25.4,88,23.3,0.1,0.0,1.55,107.0,0.3852
2012-09-06 12:00:00,25.9,86,23.4,0.0,0.0,1.02,191.0,0.6876
2012-09-06 13:00:00,26.3,84,23.3,0.0,0.0,0.92,232.0,0.8351999999999999
2012-09-06 14:00:00,26.5,83,23.5,0.4,0.0,0.92,346.0,1.2456
2012-09-06 15:00:00,27.2,80,23.6,0.0,0.0,1.63,459.0,1.6523999999999999
2012-09-06 16:00:00,27.3,74,22.3,0.0,0.0,2.59,299.0,1.0764
2012-09-06 17:00:00,26.8,73,21.5,0.0,0.0,3.05,230.0,0.828
2012-09-06 18:00:00,25.9,75,21.2,0.0,0.0,2.53,98.0,0.3528
2012-09-06 19:00:00,24.8,79,20.9,0.0,0.0,2.82,7.0,0.0252
2012-09-06 20:00:00,23.9,82,20.7,0.0,0.0,2.84,0.0,0.0
2012-09-06 21:00:00,23.0,87,20.7,0.0,0.0,2.51,0.0,0.0
2012-09-06 22:00:00,22.2,90,20.6,0.0,0.0,2.51,0.0,0.0
2012-09-06 23:00:00,21.7,93,20.4,0.0,0.0,2.41,0.0,0.0
2012-09-07 00:00:00,21.2,94,20.2,0.0,0.0,2.2,0.0,0.0
2012-09-07 01:00:00,20.7,96,20.0,0.0,0.0,2.06,0.0,0.0
2012-09-07 02:00:00,20.5,98,20.2,0.0,0.0,1.93,0.0,0.0
2012-09-07 03:00:00,20.2,98,19.9,0.0,0.0,1.39,0.0,0.0
2012-09-07 04:00:00,20.2,98,19.9,0.0,0.0,1.36,0.0,0.0
2012-09-07 05:00:00,20.2,99,20.0,0.0,0.0,1.22,0.0,0.0
2012-09-07 06:00:00,19.5,100,19.5,0.0,0.0,1.58,2.0,0.0072
2012-09-07 07:00:00,21.5,97,21.0,0.0,0.0,1.49,87.0,0.3132
2012-09-07 08:00:00,23.7,88,21.5,0.0,0.0,1.03,261.0,0.9396
2012-09-07 09:00:00,25.6,80,21.8,0.0,0.0,0.6,451.0,1.6236
2012-09-07 10:00:00,27.4,72,21.8,0.0,0.0,0.2,612.0,2.2032
2012-09-07 11:00:00,28.9,64,21.4,0.0,0.0,0.58,735.0,2.646
2012-09-07 12:00:00,29.9,59,21.0,0.0,0.0,1.3,811.0,2.9196
2012-09-07 13:00:00,30.6,56,20.7,0.0,0.0,1.8,784.0,2.8224
2012-09-07 14:00:00,31.0,55,20.9,0.0,0.0,2.31,641.0,2.3076
2012-09-07 15:00:00,30.5,56,20.8,0.0,0.0,2.47,503.0,1.8108
2012-09-07 16:00:00,29.6,59,20.7,0.4,0.0,2.67,393.0,1.4148
2012-09-07 17:00:00,28.9,62,21.0,0.0,0.0,1.58,253.0,0.9107999999999999
2012-09-07 18:00:00,27.4,67,20.8,0.0,0.0,2.28,96.0,0.3456
2012-09-07 19:00:00,26.0,72,20.4,0.0,0.0,2.78,7.0,0.0252
2012-09-07 20:00:00,24.8,76,20.2,0.0,0.0,3.36,0.0,0.0
2012-09-07 21:00:00,23.9,80,20.2,0.0,0.0,3.49,0.0,0.0
2012-09-07 22:00:00,23.2,84,20.4,0.0,0.0,3.23,0.0,0.0
2012-09-07 23:00:00,22.4,89,20.5,0.0,0.0,2.53,0.0,0.0
2012-09-08 00:00:00,21.8,93,20.5,0.0,0.0,2.91,0.0,0.0
2012-09-08 01:00:00,21.2,96,20.5,0.0,0.0,2.86,0.0,0.0
2012-09-08 02:00:00,21.2,98,20.8,0.0,0.0,2.67,0.0,0.0
2012-09-08 03:00:00,21.1,99,20.9,0.0,0.0,2.72,0.0,0.0
2012-09-08 04:00:00,21.1,99,21.0,0.0,0.0,2.55,0.0,0.0
2012-09-08 05:00:00,21.3,100,21.2,0.0,0.0,1.9,0.0,0.0
2012-09-08 06:00:00,21.5,99,21.4,0.0,0.0,2.34,1.0,0.0036
2012-09-08 07:00:00,22.6,94,21.5,0.0,0.0,2.94,62.0,0.22319999999999998
2012-09-08 08:00:00,23.7,88,21.7,0.0,0.0,3.91,165.0,0.594
2012-09-08 09:00:00,25.2,80,21.5,0.0,0.0,4.48,317.0,1.1412
2012-09-08 10:00:00,26.5,72,21.0,0.0,0.0,4.9,412.0,1.4831999999999999
2012-09-08 11:00:00,27.8,64,20.5,0.0,0.0,5.19,557.0,2.0052
2012-09-08 12:00:00,29.0,59,20.2,0.0,0.0,5.31,678.0,2.4408
2012-09-08 13:00:00,29.9,56,20.2,0.0,0.0,5.39,683.0,2.4588
2012-09-08 14:00:00,30.8,55,20.7,0.0,0.0,5.37,661.0,2.3796
2012-09-08 15:00:00,28.8,64,21.2,3.4,0.0,5.36,450.0,1.6199999999999999
2012-09-08 16:00:00,25.0,86,22.5,6.1,0.0,5.69,146.0,0.5256
2012-09-08 17:00:00,22.3,90,20.6,2.2,0.0,2.06,87.0,0.3132
2012-09-08 18:00:00,20.8,89,18.9,0.5,0.0,2.2,12.0,0.0432
2012-09-08 19:00:00,20.1,90,18.4,0.2,0.0,2.33,2.0,0.0072
2012-09-08 20:00:00,19.7,90,17.9,0.1,0.0,2.24,0.0,0.0
2012-09-08 21:00:00,19.6,86,17.1,0.0,0.0,2.06,0.0,0.0
2012-09-08 22:00:00,19.5,82,16.3,0.0,0.0,3.11,0.0,0.0
2012-09-08 23:00:00,19.3,80,15.7,0.0,0.0,3.26,0.0,0.0
2012-09-09 00:00:00,19.1,78,15.2,0.0,0.0,3.26,0.0,0.0
2012-09-09 01:00:00,18.8,77,14.8,0.0,0.0,3.32,0.0,0.0
2012-09-09 02:00:00,17.5,85,14.9,0.0,0.0,3.41,0.0,0.0
2012-09-09 03:00:00,17.0,84,14.2,0.0,0.0,3.28,0.0,0.0
2012-09-09 04:00:00,16.7,83,13.8,0.0,0.0,2.88,0.0,0.0
2012-09-09 05:00:00,16.4,83,13.5,0.0,0.0,2.13,0.0,0.0
2012-09-09 06:00:00,16.0,85,13.5,0.0,0.0,2.0,1.0,0.0036
2012-09-09 07:00:00,16.7,85,14.2,0.0,0.0,1.98,92.0,0.3312
2012-09-09 08:00:00,18.6,77,14.5,0.0,0.0,1.91,276.0,0.9935999999999999
2012-09-09 09:00:00,20.3,69,14.4,0.0,0.0,1.8,463.0,1.6668
2012-09-09 10:00:00,21.7,59,13.4,0.0,0.0,1.77,594.0,2.1384
2012-09-09 11:00:00,22.9,52,12.5,0.0,0.0,1.75,697.0,2.5092
2012-09-09 12:00:00,23.9,47,12.0,0.0,0.0,2.33,743.0,2.6748
2012-09-09 13:00:00,24.0,45,11.5,0.0,0.0,2.8,538.0,1.9367999999999999
2012-09-09 14:00:00,24.5,42,10.8,0.0,0.0,3.0,594.0,2.1384
2012-09-09 15:00:00,24.2,43,10.8,0.0,0.0,3.22,376.0,1.3536
2012-09-09 16:00:00,24.2,43,10.8,0.0,0.0,3.19,389.0,1.4003999999999999
2012-09-09 17:00:00,23.8,44,10.9,0.0,0.0,2.5,292.0,1.0512
2012-09-09 18:00:00,22.5,49,11.4,0.0,0.0,2.62,113.0,0.4068
2012-09-09 19:00:00,21.1,53,11.1,0.0,0.0,3.18,5.0,0.018
2012-09-09 20:00:00,20.2,53,10.5,0.0,0.0,3.25,0.0,0.0
2012-09-09 21:00:00,19.4,55,10.2,0.0,0.0,3.25,0.0,0.0
2012-09-09 22:00:00,18.9,57,10.1,0.0,0.0,3.19,0.0,0.0
2012-09-09 23:00:00,18.4,59,10.1,0.0,0.0,3.38,0.0,0.0
2012-09-10 00:00:00,17.7,61,10.1,0.0,0.0,3.36,0.0,0.0
2012-09-10 01:00:00,17.1,64,10.1,0.0,0.0,3.38,0.0,0.0
2012-09-10 02:00:00,16.3,66,9.9,0.0,0.0,3.22,0.0,0.0
2012-09-10 03:00:00,15.8,68,10.0,0.0,0.0,3.3,0.0,0.0
2012-09-10 04:00:00,15.5,70,10.1,0.0,0.0,3.19,0.0,0.0
2012-09-10 05:00:00,15.1,73,10.3,0.0,0.0,1.94,0.0,0.0
2012-09-10 06:00:00,14.7,77,10.7,0.0,0.0,2.2,1.0,0.0036
2012-09-10 07:00:00,15.5,77,11.6,0.0,0.0,2.77,87.0,0.3132
2012-09-10 08:00:00,17.5,68,11.6,0.0,0.0,2.88,272.0,0.9792
2012-09-10 09:00:00,19.1,62,11.7,0.0,0.0,3.09,466.0,1.6776
2012-09-10 10:00:00,20.5,55,11.3,0.0,0.0,3.74,634.0,2.2824
2012-09-10 11:00:00,21.7,50,10.7,0.0,0.0,3.96,741.0,2.6675999999999997
2012-09-10 12:00:00,22.4,46,10.1,0.0,0.0,3.89,749.0,2.6964
2012-09-10 13:00:00,22.6,43,9.4,0.0,0.0,3.83,650.0,2.34
2012-09-10 14:00:00,22.6,44,9.8,0.0,0.0,3.8,617.0,2.2212
2012-09-10 15:00:00,22.7,42,9.2,0.0,0.0,3.74,573.0,2.0627999999999997
2012-09-10 16:00:00,22.4,41,8.5,0.0,0.0,3.72,370.0,1.332
2012-09-10 17:00:00,21.9,43,8.7,0.0,0.0,3.19,243.0,0.8748
2012-09-10 18:00:00,20.9,46,8.8,0.0,0.0,2.22,101.0,0.3636
2012-09-10 19:00:00,19.3,50,8.7,0.0,0.0,2.2,5.0,0.018
2012-09-10 20:00:00,18.1,52,8.1,0.0,0.0,2.52,0.0,0.0
2012-09-10 21:00:00,17.0,56,8.1,0.0,0.0,2.2,0.0,0.0
2012-09-10 22:00:00,15.7,65,9.1,0.0,0.0,1.72,0.0,0.0
2012-09-10 23:00:00,14.7,70,9.4,0.0,0.0,1.7,0.0,0.0
2012-09-11 00:00:00,13.9,74,9.2,0.0,0.0,1.7,0.0,0.0
2012-09-11 01:00:00,13.3,75,8.9,0.0,0.0,1.75,0.0,0.0
2012-09-11 02:00:00,12.6,78,8.9,0.0,0.0,1.91,0.0,0.0
2012-09-11 03:00:00,12.3,78,8.6,0.0,0.0,2.15,0.0,0.0
2012-09-11 04:00:00,12.1,77,8.2,0.0,0.0,2.43,0.0,0.0
2012-09-11 05:00:00,11.8,80,8.4,0.0,0.0,1.3,0.0,0.0
2012-09-11 06:00:00,11.6,83,8.8,0.0,0.0,1.3,1.0,0.0036
2012-09-11 07:00:00,13.3,83,10.5,0.0,0.0,1.24,88.0,0.31679999999999997
2012-09-11 08:00:00,16.9,66,10.5,0.0,0.0,0.54,277.0,0.9972
2012-09-11 09:00:00,19.2,55,9.9,0.0,0.0,0.14,474.0,1.7064
2012-09-11 10:00:00,20.7,45,8.2,0.0,0.0,0.3,644.0,2.3184
2012-09-11 11:00:00,21.7,41,7.9,0.0,0.0,0.63,769.0,2.7683999999999997
2012-09-11 12:00:00,22.6,39,7.9,0.0,0.0,0.58,837.0,3.0132
2012-09-11 13:00:00,23.3,37,7.9,0.0,0.0,0.42,842.0,3.0312
2012-09-11 14:00:00,23.8,37,8.0,0.0,0.0,0.4,784.0,2.8224
2012-09-11 15:00:00,24.0,36,7.9,0.0,0.0,0.5,666.0,2.3975999999999997
2012-09-11 16:00:00,23.9,36,7.7,0.0,0.0,0.57,502.0,1.8072
2012-09-11 17:00:00,23.2,40,8.7,0.0,0.0,0.73,307.0,1.1052
2012-09-11 18:00:00,22.0,50,11.2,0.0,0.0,1.36,112.0,0.4032
2012-09-11 19:00:00,20.0,57,11.3,0.0,0.0,1.52,4.0,0.0144
2012-09-11 20:00:00,18.5,64,11.6,0.0,0.0,1.71,0.0,0.0
2012-09-11 21:00:00,17.4,71,12.0,0.0,0.0,1.96,0.0,0.0
2012-09-11 22:00:00,16.3,78,12.4,0.0,0.0,2.0,0.0,0.0
2012-09-11 23:00:00,15.6,83,12.7,0.0,0.0,2.01,0.0,0.0
2012-09-12 00:00:00,15.0,86,12.7,0.0,0.0,1.87,0.0,0.0
2012-09-12 01:00:00,14.5,88,12.6,0.0,0.0,1.79,0.0,0.0
2012-09-12 02:00:00,14.2,89,12.4,0.0,0.0,1.86,0.0,0.0
2012-09-12 03:00:00,13.9,90,12.3,0.0,0.0,1.98,0.0,0.0
2012-09-12 04:00:00,13.8,90,12.3,0.0,0.0,2.13,0.0,0.0
2012-09-12 05:00:00,13.9,91,12.4,0.0,0.0,2.0,0.0,0.0
2012-09-12 06:00:00,14.2,91,12.7,0.0,0.0,2.05,1.0,0.0036
2012-09-12 07:00:00,15.7,89,13.8,0.0,0.0,1.3,85.0,0.306
2012-09-12 08:00:00,18.4,77,14.2,0.0,0.0,0.89,272.0,0.9792
2012-09-12 09:00:00,20.9,63,13.6,0.0,0.0,0.95,467.0,1.6812
2012-09-12 10:00:00,22.8,51,12.0,0.0,0.0,1.3,636.0,2.2896
2012-09-12 11:00:00,23.9,44,11.1,0.0,0.0,1.43,758.0,2.7288
2012-09-12 12:00:00,24.7,42,11.0,0.0,0.0,1.43,824.0,2.9663999999999997
2012-09-12 13:00:00,25.4,40,11.0,0.0,0.0,1.66,828.0,2.9808
2012-09-12 14:00:00,25.6,43,12.0,0.0,0.0,1.92,764.0,2.7504
2012-09-12 15:00:00,25.6,42,11.9,0.0,0.0,2.13,649.0,2.3364
2012-09-12 16:00:00,25.2,44,11.9,0.0,0.0,2.41,486.0,1.7496
2012-09-12 17:00:00,24.1,48,12.4,0.0,0.0,2.28,295.0,1.062
2012-09-12 18:00:00,22.4,55,13.0,0.0,0.0,2.41,105.0,0.378
2012-09-12 19:00:00,20.7,62,13.2,0.0,0.0,2.33,3.0,0.0108
2012-09-12 20:00:00,19.4,68,13.3,0.0,0.0,2.21,0.0,0.0
2012-09-12 21:00:00,18.4,73,13.5,0.0,0.0,2.02,0.0,0.0
2012-09-12 22:00:00,17.4,79,13.7,0.0,0.0,1.9,0.0,0.0
2012-09-12 23:00:00,16.5,84,13.9,0.0,0.0,1.7,0.0,0.0
2012-09-13 00:00:00,15.8,89,13.9,0.0,0.0,1.63,0.0,0.0
2012-09-13 01:00:00,15.3,90,13.8,0.0,0.0,1.68,0.0,0.0
2012-09-13 02:00:00,14.9,93,13.8,0.0,0.0,1.84,0.0,0.0
2012-09-13 03:00:00,15.0,93,13.9,0.0,0.0,1.92,0.0,0.0
2012-09-13 04:00:00,15.0,93,14.0,0.0,0.0,1.84,0.0,0.0
2012-09-13 05:00:00,15.5,93,14.4,0.0,0.0,1.75,0.0,0.0
2012-09-13 06:00:00,15.6,94,14.6,0.0,0.0,1.79,1.0,0.0036
2012-09-13 07:00:00,16.0,93,14.8,0.0,0.0,1.21,81.0,0.29159999999999997
2012-09-13 08:00:00,18.6,79,14.8,0.0,0.0,0.58,266.0,0.9576
2012-09-13 09:00:00,21.1,63,13.8,0.0,0.0,0.8,460.0,1.656
2012-09-13 10:00:00,22.8,54,12.9,0.0,0.0,1.21,628.0,2.2608
2012-09-13 11:00:00,24.1,48,12.5,0.0,0.0,1.43,750.0,2.6999999999999997
2012-09-13 12:00:00,25.1,45,12.2,0.0,0.0,1.49,816.0,2.9375999999999998
2012-09-13 13:00:00,25.7,43,12.1,0.0,0.0,1.39,808.0,2.9088
2012-09-13 14:00:00,26.0,42,12.1,0.0,0.0,1.44,762.0,2.7432
2012-09-13 15:00:00,26.1,42,12.0,0.0,0.0,1.78,646.0,2.3256
2012-09-13 16:00:00,25.7,43,12.1,0.0,0.0,2.12,484.0,1.7424
2012-09-13 17:00:00,24.6,47,12.7,0.0,0.0,1.86,292.0,1.0512
2012-09-13 18:00:00,22.8,55,13.3,0.0,0.0,2.2,102.0,0.36719999999999997
2012-09-13 19:00:00,21.1,62,13.6,0.0,0.0,2.34,3.0,0.0108
2012-09-13 20:00:00,19.8,69,14.0,0.0,0.0,2.06,0.0,0.0
2012-09-13 21:00:00,18.5,77,14.4,0.0,0.0,1.9,0.0,0.0
2012-09-13 22:00:00,17.4,83,14.5,0.0,0.0,1.81,0.0,0.0
2012-09-13 23:00:00,16.7,87,14.6,0.0,0.0,1.73,0.0,0.0
2012-09-14 00:00:00,16.3,90,14.7,0.0,0.0,1.66,0.0,0.0
2012-09-14 01:00:00,16.0,93,14.9,0.0,0.0,1.61,0.0,0.0
2012-09-14 02:00:00,15.3,95,14.5,0.0,0.0,1.53,0.0,0.0
2012-09-14 03:00:00,15.2,97,14.8,0.0,0.0,1.66,0.0,0.0
2012-09-14 04:00:00,15.1,99,14.9,0.0,0.0,1.66,0.0,0.0
2012-09-14 05:00:00,15.0,100,15.0,0.0,0.0,1.84,0.0,0.0
2012-09-14 06:00:00,14.6,100,14.6,0.0,0.0,1.92,0.0,0.0
2012-09-14 07:00:00,16.1,98,15.8,0.0,0.0,1.35,72.0,0.2592
2012-09-14 08:00:00,19.4,87,17.3,0.0,0.0,1.06,245.0,0.882
2012-09-14 09:00:00,21.8,76,17.4,0.0,0.0,1.42,438.0,1.5768
2012-09-14 10:00:00,23.8,64,16.7,0.0,0.0,1.91,589.0,2.1204
2012-09-14 11:00:00,25.1,55,15.6,0.0,0.0,2.14,713.0,2.5667999999999997
2012-09-14 12:00:00,25.9,52,15.3,0.0,0.0,1.92,750.0,2.6999999999999997
2012-09-14 13:00:00,26.5,50,15.2,0.0,0.0,1.84,740.0,2.664
2012-09-14 14:00:00,27.1,46,14.3,0.0,0.0,1.75,715.0,2.574
2012-09-14 15:00:00,27.2,44,14.0,0.0,0.0,1.7,582.0,2.0951999999999997
2012-09-14 16:00:00,27.0,45,13.9,0.0,0.0,1.84,425.0,1.53
2012-09-14 17:00:00,26.2,49,14.5,0.0,0.0,1.63,262.0,0.9431999999999999
2012-09-14 18:00:00,24.3,56,15.0,0.0,0.0,1.12,87.0,0.3132
2012-09-14 19:00:00,22.5,64,15.4,0.0,0.0,1.61,2.0,0.0072
2012-09-14 20:00:00,21.3,72,16.1,0.0,0.0,2.01,0.0,0.0
2012-09-14 21:00:00,20.4,79,16.7,0.0,0.0,2.19,0.0,0.0
2012-09-14 22:00:00,19.7,86,17.2,0.0,0.0,2.13,0.0,0.0
2012-09-14 23:00:00,18.9,90,17.3,0.0,0.0,2.02,0.0,0.0
2012-09-15 00:00:00,18.2,93,17.1,0.0,0.0,2.2,0.0,0.0
2012-09-15 01:00:00,17.7,93,16.5,0.0,0.0,3.2,0.0,0.0
2012-09-15 02:00:00,18.2,74,13.5,0.0,0.0,4.16,0.0,0.0
2012-09-15 03:00:00,18.5,74,13.9,0.0,0.0,4.24,0.0,0.0
2012-09-15 04:00:00,18.3,74,13.7,0.0,0.0,4.02,0.0,0.0
2012-09-15 05:00:00,18.0,70,12.5,0.0,0.0,4.04,0.0,0.0
2012-09-15 06:00:00,17.6,65,11.1,0.0,0.0,3.93,0.0,0.0
2012-09-15 07:00:00,17.7,62,10.4,0.0,0.0,3.75,69.0,0.24839999999999998
2012-09-15 08:00:00,18.3,54,8.9,0.0,0.0,4.24,251.0,0.9036
2012-09-15 09:00:00,19.6,48,8.3,0.0,0.0,4.16,462.0,1.6632
2012-09-15 10:00:00,21.0,43,8.0,0.0,0.0,4.06,637.0,2.2932
2012-09-15 11:00:00,22.4,39,7.8,0.0,0.0,3.71,762.0,2.7432
2012-09-15 12:00:00,23.4,36,7.7,0.0,0.0,3.51,827.0,2.9772
2012-09-15 13:00:00,24.3,34,7.6,0.0,0.0,3.23,827.0,2.9772
2012-09-15 14:00:00,24.0,36,7.9,0.0,0.0,2.95,758.0,2.7288
2012-09-15 15:00:00,24.3,35,7.9,0.0,0.0,2.91,617.0,2.2212
2012-09-15 16:00:00,24.2,35,7.7,0.0,0.0,2.73,440.0,1.5839999999999999
2012-09-15 17:00:00,23.5,37,8.1,0.0,0.0,2.52,238.0,0.8568
2012-09-15 18:00:00,21.9,60,13.7,0.0,0.0,1.49,76.0,0.2736
2012-09-15 19:00:00,21.3,49,10.2,0.0,0.0,1.72,1.0,0.0036
2012-09-15 20:00:00,19.7,56,10.7,0.0,0.0,1.87,0.0,0.0
2012-09-15 21:00:00,17.3,69,11.5,0.0,0.0,1.87,0.0,0.0
2012-09-15 22:00:00,16.4,72,11.2,0.0,0.0,1.56,0.0,0.0
2012-09-15 23:00:00,15.8,73,11.1,0.0,0.0,1.92,0.0,0.0
2012-09-16 00:00:00,15.7,73,10.9,0.0,0.0,1.78,0.0,0.0
2012-09-16 01:00:00,16.1,71,10.9,0.0,0.0,1.35,0.0,0.0
2012-09-16 02:00:00,17.3,67,11.2,0.0,0.0,0.58,0.0,0.0
2012-09-16 03:00:00,14.8,81,11.6,0.0,0.0,0.81,0.0,0.0
2012-09-16 04:00:00,14.1,86,11.8,0.0,0.0,1.08,0.0,0.0
2012-09-16 05:00:00,13.7,88,11.8,0.0,0.0,1.3,0.0,0.0
2012-09-16 06:00:00,14.1,86,11.9,0.0,0.0,1.22,0.0,0.0
2012-09-16 07:00:00,15.3,83,12.5,0.0,0.0,1.63,55.0,0.19799999999999998
2012-09-16 08:00:00,17.3,72,12.2,0.0,0.0,1.2,142.0,0.5112
2012-09-16 09:00:00,19.6,58,11.2,0.0,0.0,1.3,281.0,1.0116
2012-09-16 10:00:00,21.8,47,10.0,0.0,0.0,1.12,505.0,1.818
2012-09-16 11:00:00,23.3,42,9.6,0.0,0.0,1.28,674.0,2.4264
2012-09-16 12:00:00,24.2,40,9.8,0.0,0.0,2.04,758.0,2.7288
2012-09-16 13:00:00,25.1,37,9.5,0.0,0.0,2.1,716.0,2.5776
2012-09-16 14:00:00,23.0,46,10.8,0.0,0.0,1.84,377.0,1.3572
2012-09-16 15:00:00,22.8,46,10.6,0.0,0.0,1.71,229.0,0.8244
2012-09-16 16:00:00,22.7,48,11.0,0.0,0.0,1.66,186.0,0.6696
2012-09-16 17:00:00,22.6,49,11.2,0.0,0.0,1.43,204.0,0.7343999999999999
2012-09-16 18:00:00,21.4,55,11.9,0.0,0.0,1.14,78.0,0.2808
2012-09-16 19:00:00,19.5,63,12.2,0.0,0.0,1.22,1.0,0.0036
2012-09-16 20:00:00,18.1,69,12.4,0.0,0.0,1.04,0.0,0.0
2012-09-16 21:00:00,17.1,75,12.6,0.0,0.0,0.82,0.0,0.0
2012-09-16 22:00:00,16.3,79,12.6,0.0,0.0,1.04,0.0,0.0
2012-09-16 23:00:00,15.7,82,12.6,0.0,0.0,1.21,0.0,0.0
2012-09-17 00:00:00,15.2,85,12.6,0.0,0.0,1.22,0.0,0.0
2012-09-17 01:00:00,14.6,88,12.7,0.0,0.0,1.63,0.0,0.0
2012-09-17 02:00:00,14.1,91,12.7,0.0,0.0,1.5,0.0,0.0
2012-09-17 03:00:00,14.8,88,12.8,0.0,0.0,1.62,0.0,0.0
2012-09-17 04:00:00,15.5,86,13.3,0.0,0.0,0.85,0.0,0.0
2012-09-17 05:00:00,15.3,90,13.6,0.0,0.0,1.03,0.0,0.0
2012-09-17 06:00:00,15.0,94,14.0,0.0,0.0,1.3,0.0,0.0
2012-09-17 07:00:00,15.1,96,14.4,0.0,0.0,1.04,63.0,0.2268
2012-09-17 08:00:00,17.9,80,14.4,0.0,0.0,1.3,240.0,0.864
2012-09-17 09:00:00,20.0,69,14.1,0.0,0.0,2.06,405.0,1.458
2012-09-17 10:00:00,21.7,62,14.1,0.0,0.0,2.53,570.0,2.052
2012-09-17 11:00:00,23.3,57,14.3,0.0,0.0,2.97,684.0,2.4624
2012-09-17 12:00:00,24.0,54,14.1,0.0,0.0,3.11,614.0,2.2104
2012-09-17 13:00:00,24.8,50,13.8,0.0,0.0,3.1,631.0,2.2716
2012-09-17 14:00:00,23.1,64,16.0,0.3,0.0,3.0,322.0,1.1592
2012-09-17 15:00:00,23.0,65,16.1,0.0,0.0,3.01,179.0,0.6444
2012-09-17 16:00:00,22.7,68,16.4,0.0,0.0,2.79,103.0,0.37079999999999996
2012-09-17 17:00:00,22.4,70,16.8,0.0,0.0,2.62,67.0,0.2412
2012-09-17 18:00:00,21.8,74,17.0,0.0,0.0,2.25,22.0,0.07919999999999999
2012-09-17 19:00:00,21.2,78,17.3,0.0,0.0,2.25,0.0,0.0
2012-09-17 20:00:00,21.1,80,17.5,0.0,0.0,2.42,0.0,0.0
2012-09-17 21:00:00,21.0,83,17.9,0.0,0.0,2.55,0.0,0.0
2012-09-17 22:00:00,20.6,87,18.4,0.4,0.0,2.64,0.0,0.0
2012-09-17 23:00:00,19.8,95,18.9,0.9,0.0,2.82,0.0,0.0
2012-09-18 00:00:00,19.7,97,19.1,1.1,0.0,3.22,0.0,0.0
2012-09-18 01:00:00,19.7,98,19.3,0.9,0.0,3.44,0.0,0.0
2012-09-18 02:00:00,20.1,99,19.9,0.5,0.0,3.68,0.0,0.0
2012-09-18 03:00:00,20.3,99,20.1,0.7,0.0,4.18,0.0,0.0
2012-09-18 04:00:00,20.4,99,20.2,0.9,0.0,4.65,0.0,0.0
2012-09-18 05:00:00,20.5,98,20.2,0.8,0.0,5.28,0.0,0.0
2012-09-18 06:00:00,20.7,98,20.3,0.4,0.0,5.79,0.0,0.0
2012-09-18 07:00:00,20.8,98,20.4,0.3,0.0,5.73,10.0,0.036
2012-09-18 08:00:00,21.1,97,20.6,1.1,0.0,6.09,36.0,0.1296
2012-09-18 09:00:00,21.2,96,20.6,2.1,0.0,6.97,46.0,0.1656
2012-09-18 10:00:00,21.9,93,20.8,0.9,0.0,7.32,105.0,0.378
2012-09-18 11:00:00,23.2,87,21.0,0.2,0.0,7.13,174.0,0.6264
2012-09-18 12:00:00,25.1,80,21.5,0.1,0.0,6.81,305.0,1.0979999999999999
2012-09-18 13:00:00,23.6,86,21.2,5.2,0.0,6.53,388.0,1.3968
2012-09-18 14:00:00,22.1,96,21.5,7.2,0.0,6.17,29.0,0.10439999999999999
2012-09-18 15:00:00,21.9,97,21.4,2.9,0.0,4.58,44.0,0.15839999999999999
2012-09-18 16:00:00,21.9,97,21.4,1.4,0.0,3.75,42.0,0.1512
2012-09-18 17:00:00,21.8,97,21.2,1.8,0.0,3.05,26.0,0.0936
2012-09-18 18:00:00,21.5,97,21.1,2.8,0.0,2.6,5.0,0.018
2012-09-18 19:00:00,21.4,96,20.8,3.7,0.0,2.92,0.0,0.0
2012-09-18 20:00:00,21.1,96,20.5,1.4,0.0,2.91,0.0,0.0
2012-09-18 21:00:00,20.6,96,20.0,0.2,0.0,2.91,0.0,0.0
2012-09-18 22:00:00,20.1,97,19.5,0.1,0.0,3.07,0.0,0.0
2012-09-18 23:00:00,19.6,95,18.9,0.1,0.0,3.94,0.0,0.0
2012-09-19 00:00:00,18.6,94,17.5,0.0,0.0,4.6,0.0,0.0
2012-09-19 01:00:00,17.5,90,15.8,0.0,0.0,4.26,0.0,0.0
2012-09-19 02:00:00,17.1,81,13.8,0.0,0.0,4.08,0.0,0.0
2012-09-19 03:00:00,16.8,75,12.4,0.0,0.0,4.24,0.0,0.0
2012-09-19 04:00:00,16.6,69,11.0,0.0,0.0,4.25,0.0,0.0
2012-09-19 05:00:00,16.5,65,9.9,0.0,0.0,2.75,0.0,0.0
2012-09-19 06:00:00,16.2,64,9.4,0.0,0.0,2.72,0.0,0.0
2012-09-19 07:00:00,15.9,66,9.5,0.0,0.0,3.0,43.0,0.1548
2012-09-19 08:00:00,16.1,63,9.0,0.0,0.0,3.18,187.0,0.6732
2012-09-19 09:00:00,16.9,58,8.6,0.0,0.0,3.42,406.0,1.4616
2012-09-19 10:00:00,18.0,51,7.8,0.0,0.0,3.68,580.0,2.088
2012-09-19 11:00:00,19.0,46,7.1,0.0,0.0,3.53,699.0,2.5164
2012-09-19 12:00:00,20.0,42,6.6,0.0,0.0,2.95,794.0,2.8584
2012-09-19 13:00:00,20.7,39,6.3,0.0,0.0,2.47,807.0,2.9052
2012-09-19 14:00:00,20.8,40,6.7,0.0,0.0,2.12,742.0,2.6712
2012-09-19 15:00:00,20.9,39,6.5,0.0,0.0,1.77,624.0,2.2464
2012-09-19 16:00:00,20.7,39,6.1,0.0,0.0,1.63,457.0,1.6452
2012-09-19 17:00:00,20.1,40,6.3,0.0,0.0,1.33,264.0,0.9504
2012-09-19 18:00:00,18.7,57,9.9,0.0,0.0,1.17,78.0,0.2808
2012-09-19 19:00:00,16.6,64,9.8,0.0,0.0,1.39,0.0,0.0
2012-09-19 20:00:00,15.3,68,9.5,0.0,0.0,1.75,0.0,0.0
2012-09-19 21:00:00,14.2,72,9.1,0.0,0.0,1.81,0.0,0.0
2012-09-19 22:00:00,13.5,72,8.6,0.0,0.0,1.6,0.0,0.0
2012-09-19 23:00:00,13.0,73,8.3,0.0,0.0,1.73,0.0,0.0
2012-09-20 00:00:00,12.5,75,8.2,0.0,0.0,1.84,0.0,0.0
2012-09-20 01:00:00,12.1,77,8.3,0.0,0.0,1.86,0.0,0.0
2012-09-20 02:00:00,11.9,85,9.4,0.0,0.0,1.89,0.0,0.0
2012-09-20 03:00:00,11.6,86,9.4,0.0,0.0,1.8,0.0,0.0
2012-09-20 04:00:00,11.4,87,9.4,0.0,0.0,1.7,0.0,0.0
2012-09-20 05:00:00,11.3,88,9.4,0.0,0.0,1.64,0.0,0.0
2012-09-20 06:00:00,11.2,89,9.5,0.0,0.0,1.64,0.0,0.0
2012-09-20 07:00:00,12.6,89,10.9,0.0,0.0,1.92,65.0,0.23399999999999999
2012-09-20 08:00:00,16.5,75,12.0,0.0,0.0,1.61,223.0,0.8028
2012-09-20 09:00:00,18.5,64,11.6,0.0,0.0,1.97,405.0,1.458
2012-09-20 10:00:00,19.9,54,10.5,0.0,0.0,1.7,594.0,2.1384
2012-09-20 11:00:00,21.0,51,10.5,0.0,0.0,1.39,720.0,2.592
2012-09-20 12:00:00,21.9,49,10.8,0.0,0.0,1.39,785.0,2.826
2012-09-20 13:00:00,22.6,48,11.1,0.0,0.0,1.52,788.0,2.8367999999999998
2012-09-20 14:00:00,22.8,50,11.7,0.0,0.0,1.75,728.0,2.6208
2012-09-20 15:00:00,22.8,50,11.7,0.0,0.0,1.9,591.0,2.1276
2012-09-20 16:00:00,22.5,50,11.6,0.0,0.0,1.87,432.0,1.5552
2012-09-20 17:00:00,21.8,54,11.9,0.0,0.0,1.7,249.0,0.8964
2012-09-20 18:00:00,20.3,60,12.3,0.0,0.0,2.34,69.0,0.24839999999999998
2012-09-20 19:00:00,18.9,64,11.9,0.0,0.0,2.62,0.0,0.0
2012-09-20 20:00:00,18.0,66,11.6,0.0,0.0,2.48,0.0,0.0
2012-09-20 21:00:00,17.2,70,11.7,0.0,0.0,2.33,0.0,0.0
2012-09-20 22:00:00,16.4,75,12.0,0.0,0.0,2.1,0.0,0.0
2012-09-20 23:00:00,15.7,80,12.2,0.0,0.0,2.21,0.0,0.0
2012-09-21 00:00:00,15.1,84,12.4,0.0,0.0,2.24,0.0,0.0
2012-09-21 01:00:00,14.6,87,12.4,0.0,0.0,1.9,0.0,0.0
2012-09-21 02:00:00,13.9,91,12.5,0.0,0.0,1.8,0.0,0.0
2012-09-21 03:00:00,13.6,92,12.4,0.0,0.0,1.8,0.0,0.0
2012-09-21 04:00:00,13.4,94,12.4,0.0,0.0,1.8,0.0,0.0
2012-09-21 05:00:00,13.2,95,12.4,0.0,0.0,1.61,0.0,0.0
2012-09-21 06:00:00,13.1,95,12.3,0.0,0.0,1.7,0.0,0.0
2012-09-21 07:00:00,14.2,95,13.4,0.0,0.0,1.9,63.0,0.2268
2012-09-21 08:00:00,17.8,81,14.4,0.0,0.0,1.5,237.0,0.8532
2012-09-21 09:00:00,19.9,71,14.4,0.0,0.0,1.63,426.0,1.5335999999999999
2012-09-21 10:00:00,21.8,64,14.6,0.0,0.0,1.97,589.0,2.1204
2012-09-21 11:00:00,23.3,58,14.7,0.0,0.0,2.37,706.0,2.5416
2012-09-21 12:00:00,24.3,55,14.8,0.0,0.0,2.46,768.0,2.7648
2012-09-21 13:00:00,25.0,54,14.9,0.0,0.0,2.78,767.0,2.7612
2012-09-21 14:00:00,25.1,54,15.1,0.0,0.0,3.14,682.0,2.4552
2012-09-21 15:00:00,25.1,54,15.1,0.0,0.0,3.28,592.0,2.1311999999999998
2012-09-21 16:00:00,24.7,55,15.0,0.0,0.0,3.02,411.0,1.4796
2012-09-21 17:00:00,23.5,60,15.4,0.0,0.0,2.42,204.0,0.7343999999999999
2012-09-21 18:00:00,21.8,66,15.2,0.0,0.0,3.08,60.0,0.216
2012-09-21 19:00:00,20.6,71,15.0,0.0,0.0,3.2,0.0,0.0
2012-09-21 20:00:00,19.6,74,14.9,0.0,0.0,3.32,0.0,0.0
2012-09-21 21:00:00,19.0,77,14.9,0.0,0.0,3.44,0.0,0.0
2012-09-21 22:00:00,18.6,80,15.1,0.0,0.0,3.18,0.0,0.0
2012-09-21 23:00:00,18.2,83,15.2,0.0,0.0,3.1,0.0,0.0
2012-09-22 00:00:00,17.8,86,15.4,0.0,0.0,3.26,0.0,0.0
2012-09-22 01:00:00,17.4,89,15.5,0.0,0.0,3.3,0.0,0.0
2012-09-22 02:00:00,17.5,89,15.8,0.0,0.0,3.16,0.0,0.0
2012-09-22 03:00:00,17.4,90,15.7,0.0,0.0,3.24,0.0,0.0
2012-09-22 04:00:00,17.3,89,15.4,0.0,0.0,3.31,0.0,0.0
2012-09-22 05:00:00,17.2,88,15.2,0.0,0.0,3.34,0.0,0.0
2012-09-22 06:00:00,17.2,87,15.0,0.0,0.0,3.24,0.0,0.0
2012-09-22 07:00:00,18.1,83,15.3,0.0,0.0,3.42,59.0,0.2124
2012-09-22 08:00:00,20.0,78,16.0,0.0,0.0,3.4,229.0,0.8244
2012-09-22 09:00:00,22.0,71,16.5,0.0,0.0,3.66,414.0,1.4904
2012-09-22 10:00:00,23.8,65,16.9,0.0,0.0,3.48,573.0,2.0627999999999997
2012-09-22 11:00:00,25.4,60,17.0,0.0,0.0,3.38,644.0,2.3184
2012-09-22 12:00:00,27.0,53,16.8,0.0,0.0,3.45,764.0,2.7504
2012-09-22 13:00:00,28.1,50,16.6,0.0,0.0,3.91,744.0,2.6784
2012-09-22 14:00:00,28.1,48,16.1,0.0,0.0,4.46,615.0,2.214
2012-09-22 15:00:00,28.0,47,15.5,0.0,0.0,4.11,443.0,1.5948
2012-09-22 16:00:00,27.6,47,15.3,0.0,0.0,3.42,281.0,1.0116
2012-09-22 17:00:00,26.3,52,15.6,0.0,0.0,3.26,155.0,0.5579999999999999
2012-09-22 18:00:00,24.6,57,15.6,0.0,0.0,2.47,41.0,0.1476
2012-09-22 19:00:00,22.9,63,15.6,0.0,0.0,2.06,0.0,0.0
2012-09-22 20:00:00,22.1,64,14.9,0.0,0.0,2.9,0.0,0.0
2012-09-22 21:00:00,21.6,58,13.1,0.0,0.0,3.26,0.0,0.0
2012-09-22 22:00:00,21.2,55,11.8,0.0,0.0,3.26,0.0,0.0
2012-09-22 23:00:00,20.3,55,10.9,0.0,0.0,3.77,0.0,0.0
2012-09-23 00:00:00,19.3,56,10.4,0.0,0.0,4.36,0.0,0.0
2012-09-23 01:00:00,18.3,58,10.0,0.0,0.0,4.46,0.0,0.0
2012-09-23 02:00:00,17.5,53,7.8,0.0,0.0,4.39,0.0,0.0
2012-09-23 03:00:00,16.4,50,5.9,0.0,0.0,4.81,0.0,0.0
2012-09-23 04:00:00,15.1,48,4.2,0.0,0.0,4.69,0.0,0.0
2012-09-23 05:00:00,14.0,53,4.5,0.0,0.0,2.97,0.0,0.0
2012-09-23 06:00:00,13.2,60,5.5,0.0,0.0,2.64,0.0,0.0
2012-09-23 07:00:00,13.1,64,6.5,0.0,0.0,3.0,63.0,0.2268
2012-09-23 08:00:00,14.0,60,6.4,0.0,0.0,3.56,247.0,0.8892
2012-09-23 09:00:00,15.2,56,6.6,0.0,0.0,3.44,445.0,1.6019999999999999
2012-09-23 10:00:00,16.6,51,6.6,0.0,0.0,3.18,613.0,2.2068
2012-09-23 11:00:00,18.0,46,6.3,0.0,0.0,3.0,734.0,2.6424
2012-09-23 12:00:00,19.1,42,5.9,0.0,0.0,2.73,798.0,2.8728
2012-09-23 13:00:00,19.8,39,5.5,0.0,0.0,2.47,798.0,2.8728
2012-09-23 14:00:00,19.8,40,5.9,0.0,0.0,2.22,722.0,2.5991999999999997
2012-09-23 15:00:00,19.9,38,5.3,0.0,0.0,2.13,593.0,2.1348
2012-09-23 16:00:00,19.9,37,4.7,0.0,0.0,2.13,438.0,1.5768
2012-09-23 17:00:00,19.3,36,3.7,0.0,0.0,1.78,233.0,0.8388
2012-09-23 18:00:00,18.5,46,6.7,0.0,0.0,1.35,56.0,0.2016
2012-09-23 19:00:00,18.4,39,4.2,0.0,0.0,1.3,0.0,0.0
2012-09-23 20:00:00,16.9,49,6.1,0.0,0.0,1.3,0.0,0.0
2012-09-23 21:00:00,14.6,58,6.4,0.0,0.0,1.39,0.0,0.0
2012-09-23 22:00:00,14.5,52,4.8,0.0,0.0,1.57,0.0,0.0
2012-09-23 23:00:00,14.2,54,5.1,0.0,0.0,1.58,0.0,0.0
2012-09-24 00:00:00,13.7,61,6.3,0.0,0.0,1.98,0.0,0.0
2012-09-24 01:00:00,13.4,65,6.9,0.0,0.0,2.34,0.0,0.0
2012-09-24 02:00:00,13.3,57,4.8,0.0,0.0,2.64,0.0,0.0
2012-09-24 03:00:00,13.0,57,4.7,0.0,0.0,2.59,0.0,0.0
2012-09-24 04:00:00,12.9,60,5.2,0.0,0.0,2.28,0.0,0.0
2012-09-24 05:00:00,13.0,62,5.9,0.0,0.0,0.92,0.0,0.0
2012-09-24 06:00:00,13.1,63,6.3,0.0,0.0,1.41,0.0,0.0
2012-09-24 07:00:00,13.2,67,7.1,0.0,0.0,2.11,30.0,0.108
2012-09-24 08:00:00,14.3,60,6.7,0.0,0.0,2.56,178.0,0.6408
2012-09-24 09:00:00,15.9,53,6.4,0.0,0.0,2.22,382.0,1.3752
2012-09-24 10:00:00,17.3,46,5.5,0.0,0.0,2.36,590.0,2.124
2012-09-24 11:00:00,18.2,40,4.2,0.0,0.0,2.64,666.0,2.3975999999999997
2012-09-24 12:00:00,19.0,35,3.3,0.0,0.0,3.18,742.0,2.6712
2012-09-24 13:00:00,19.4,34,3.1,0.0,0.0,3.31,688.0,2.4768
2012-09-24 14:00:00,19.6,36,4.0,0.0,0.0,3.0,555.0,1.998
2012-09-24 15:00:00,19.9,35,3.9,0.0,0.0,2.38,585.0,2.106
2012-09-24 16:00:00,19.8,34,3.6,0.0,0.0,1.92,437.0,1.5732
2012-09-24 17:00:00,19.3,37,4.1,0.0,0.0,1.41,239.0,0.8603999999999999
2012-09-24 18:00:00,17.5,59,9.5,0.0,0.0,1.32,58.0,0.20879999999999999
2012-09-24 19:00:00,15.6,58,7.3,0.0,0.0,1.4,0.0,0.0
2012-09-24 20:00:00,14.3,62,7.2,0.0,0.0,1.73,0.0,0.0
2012-09-24 21:00:00,13.4,66,7.2,0.0,0.0,2.26,0.0,0.0
2012-09-24 22:00:00,13.0,69,7.5,0.0,0.0,2.75,0.0,0.0
2012-09-24 23:00:00,12.8,73,8.2,0.0,0.0,2.91,0.0,0.0
2012-09-25 00:00:00,12.5,78,8.8,0.0,0.0,2.92,0.0,0.0
2012-09-25 01:00:00,11.9,82,8.9,0.0,0.0,2.75,0.0,0.0
2012-09-25 02:00:00,11.2,76,7.2,0.0,0.0,2.56,0.0,0.0
2012-09-25 03:00:00,10.8,77,6.9,0.0,0.0,2.58,0.0,0.0
2012-09-25 04:00:00,10.3,79,6.8,0.0,0.0,2.42,0.0,0.0
2012-09-25 05:00:00,9.8,82,6.9,0.0,0.0,2.68,0.0,0.0
2012-09-25 06:00:00,9.4,85,7.0,0.0,0.0,2.75,0.0,0.0
2012-09-25 07:00:00,10.4,85,7.9,0.0,0.0,3.0,59.0,0.2124
2012-09-25 08:00:00,14.4,67,8.4,0.0,0.0,2.55,242.0,0.8712
2012-09-25 09:00:00,16.8,58,8.6,0.0,0.0,2.42,438.0,1.5768
2012-09-25 10:00:00,19.0,51,8.7,0.0,0.0,2.6,604.0,2.1744
2012-09-25 11:00:00,20.9,46,8.8,0.0,0.0,3.14,722.0,2.5991999999999997
2012-09-25 12:00:00,22.3,42,8.7,0.0,0.0,3.22,782.0,2.8152
2012-09-25 13:00:00,23.3,39,8.5,0.0,0.0,3.18,778.0,2.8007999999999997
2012-09-25 14:00:00,23.5,38,8.3,0.0,0.0,3.51,695.0,2.502
2012-09-25 15:00:00,23.7,37,8.3,0.0,0.0,3.69,587.0,2.1132
2012-09-25 16:00:00,23.6,37,8.2,0.0,0.0,4.0,425.0,1.53
2012-09-25 17:00:00,22.5,42,9.0,0.0,0.0,3.04,216.0,0.7776
2012-09-25 18:00:00,20.6,48,9.2,0.0,0.0,2.92,44.0,0.15839999999999999
2012-09-25 19:00:00,19.5,53,9.7,0.0,0.0,3.1,0.0,0.0
2012-09-25 20:00:00,18.5,58,10.2,0.0,0.0,3.2,0.0,0.0
2012-09-25 21:00:00,17.9,62,10.4,0.0,0.0,3.29,0.0,0.0
2012-09-25 22:00:00,17.6,63,10.4,0.0,0.0,3.45,0.0,0.0
2012-09-25 23:00:00,17.4,63,10.3,0.0,0.0,3.67,0.0,0.0
2012-09-26 00:00:00,17.3,63,10.2,0.0,0.0,3.73,0.0,0.0
2012-09-26 01:00:00,17.2,63,10.1,0.0,0.0,3.85,0.0,0.0
2012-09-26 02:00:00,17.2,66,10.8,0.0,0.0,3.52,0.0,0.0
2012-09-26 03:00:00,17.1,68,11.2,0.2,0.0,3.36,0.0,0.0
2012-09-26 04:00:00,17.0,70,11.4,0.0,0.0,3.31,0.0,0.0
2012-09-26 05:00:00,16.8,71,11.6,0.0,0.0,2.56,0.0,0.0
2012-09-26 06:00:00,16.7,74,11.9,0.0,0.0,2.73,0.0,0.0
2012-09-26 07:00:00,17.0,75,12.5,0.0,0.0,2.88,45.0,0.162
2012-09-26 08:00:00,18.5,71,13.1,0.0,0.0,2.98,175.0,0.63
2012-09-26 09:00:00,20.5,65,13.8,0.0,0.0,2.69,371.0,1.3356
2012-09-26 10:00:00,22.7,60,14.6,0.0,0.0,2.61,541.0,1.9476
2012-09-26 11:00:00,24.8,55,15.2,0.0,0.0,2.98,650.0,2.34
2012-09-26 12:00:00,26.4,51,15.6,0.0,0.0,3.48,688.0,2.4768
2012-09-26 13:00:00,27.8,48,15.9,0.0,0.0,4.9,722.0,2.5991999999999997
2012-09-26 14:00:00,27.8,48,15.8,0.0,0.0,5.1,510.0,1.8359999999999999
2012-09-26 15:00:00,28.6,44,15.3,0.0,0.0,4.49,511.0,1.8396
2012-09-26 16:00:00,28.4,45,15.4,0.0,0.0,3.07,305.0,1.0979999999999999
2012-09-26 17:00:00,27.4,49,15.9,0.0,0.0,2.84,200.0,0.72
2012-09-26 18:00:00,25.1,63,17.6,0.2,0.0,2.42,35.0,0.126
2012-09-26 19:00:00,23.6,66,16.9,0.3,0.0,2.59,0.0,0.0
2012-09-26 20:00:00,23.7,62,16.0,0.0,0.0,3.0,0.0,0.0
2012-09-26 21:00:00,21.2,75,16.5,0.0,0.0,3.04,0.0,0.0
2012-09-26 22:00:00,20.3,79,16.4,0.0,0.0,2.86,0.0,0.0
2012-09-26 23:00:00,19.8,79,16.1,0.0,0.0,2.55,0.0,0.0
2012-09-27 00:00:00,19.6,79,15.9,0.0,0.0,2.55,0.0,0.0
2012-09-27 01:00:00,19.6,79,15.9,0.0,0.0,2.47,0.0,0.0
2012-09-27 02:00:00,19.0,80,15.6,0.0,0.0,2.25,0.0,0.0
2012-09-27 03:00:00,18.3,85,15.6,0.0,0.0,1.91,0.0,0.0
2012-09-27 04:00:00,17.5,89,15.6,0.0,0.0,1.66,0.0,0.0
2012-09-27 05:00:00,17.1,91,15.6,0.0,0.0,1.22,0.0,0.0
2012-09-27 06:00:00,16.9,91,15.5,0.0,0.0,1.0,0.0,0.0
2012-09-27 07:00:00,17.7,92,16.3,0.2,0.0,0.41,41.0,0.1476
2012-09-27 08:00:00,20.9,77,16.8,0.3,0.0,0.32,173.0,0.6228
2012-09-27 09:00:00,22.4,72,17.2,0.0,0.0,1.0,290.0,1.044
2012-09-27 10:00:00,23.9,67,17.5,0.0,0.0,1.71,441.0,1.5876
2012-09-27 11:00:00,25.4,62,17.7,0.0,0.0,2.06,610.0,2.1959999999999997
2012-09-27 12:00:00,26.4,60,17.9,0.0,0.0,1.39,657.0,2.3651999999999997
2012-09-27 13:00:00,27.3,56,17.9,0.0,0.0,0.64,658.0,2.3688
2012-09-27 14:00:00,27.0,56,17.5,0.0,0.0,1.26,380.0,1.3679999999999999
2012-09-27 15:00:00,25.3,64,18.1,0.3,0.0,1.91,318.0,1.1448
2012-09-27 16:00:00,25.3,63,17.9,0.0,0.0,1.94,234.0,0.8423999999999999
2012-09-27 17:00:00,24.9,65,17.7,0.0,0.0,1.8,131.0,0.47159999999999996
2012-09-27 18:00:00,23.7,69,17.7,0.0,0.0,2.11,21.0,0.0756
2012-09-27 19:00:00,22.9,73,17.7,0.0,0.0,2.12,0.0,0.0
2012-09-27 20:00:00,22.2,76,17.7,0.2,0.0,1.65,0.0,0.0
2012-09-27 21:00:00,21.4,80,17.8,1.4,0.0,1.21,0.0,0.0
2012-09-27 22:00:00,20.0,88,18.0,3.3,0.0,1.08,0.0,0.0
2012-09-27 23:00:00,19.2,92,17.9,2.7,0.0,1.27,0.0,0.0
2012-09-28 00:00:00,18.9,93,17.8,0.5,0.0,1.14,0.0,0.0
2012-09-28 01:00:00,18.8,94,17.9,1.2,0.0,1.24,0.0,0.0
2012-09-28 02:00:00,18.6,91,17.1,0.8,0.0,1.21,0.0,0.0
2012-09-28 03:00:00,18.2,93,17.0,0.7,0.0,0.89,0.0,0.0
2012-09-28 04:00:00,17.8,95,17.0,0.5,0.0,1.0,0.0,0.0
2012-09-28 05:00:00,17.6,96,17.0,0.0,0.0,1.53,0.0,0.0
2012-09-28 06:00:00,17.5,96,16.8,0.0,0.0,1.04,0.0,0.0
2012-09-28 07:00:00,17.7,98,17.4,0.0,0.0,0.94,38.0,0.1368
2012-09-28 08:00:00,19.7,93,18.5,0.0,0.0,0.71,164.0,0.5904
2012-09-28 09:00:00,21.5,84,18.7,0.0,0.0,1.26,337.0,1.2132
2012-09-28 10:00:00,22.9,73,17.9,0.0,0.0,2.25,479.0,1.7244
2012-09-28 11:00:00,23.7,69,17.6,0.0,0.0,2.61,510.0,1.8359999999999999
2012-09-28 12:00:00,24.4,64,17.2,0.0,0.0,2.68,545.0,1.962
2012-09-28 13:00:00,24.7,59,16.1,0.0,0.0,2.66,527.0,1.8972
2012-09-28 14:00:00,24.6,58,15.7,0.0,0.0,2.82,318.0,1.1448
2012-09-28 15:00:00,24.0,59,15.4,0.0,0.0,2.72,227.0,0.8171999999999999
2012-09-28 16:00:00,23.6,59,15.0,0.0,0.0,2.44,170.0,0.612
2012-09-28 17:00:00,22.7,61,14.8,0.0,0.0,1.8,103.0,0.37079999999999996
2012-09-28 18:00:00,21.3,67,15.0,0.2,0.0,2.06,11.0,0.039599999999999996
2012-09-28 19:00:00,20.0,77,15.7,0.3,0.0,1.63,0.0,0.0
2012-09-28 20:00:00,19.2,86,16.7,0.3,0.0,1.78,0.0,0.0
2012-09-28 21:00:00,18.6,89,16.8,0.1,0.0,1.66,0.0,0.0
2012-09-28 22:00:00,18.2,88,16.3,0.1,0.0,1.97,0.0,0.0
2012-09-28 23:00:00,17.7,83,14.8,0.0,0.0,2.11,0.0,0.0
2012-09-29 00:00:00,17.1,79,13.5,0.3,0.0,2.47,0.0,0.0
2012-09-29 01:00:00,16.1,80,12.6,0.4,0.0,2.75,0.0,0.0
2012-09-29 02:00:00,15.3,72,10.3,0.0,0.0,3.0,0.0,0.0
2012-09-29 03:00:00,14.8,72,9.8,0.0,0.0,2.92,0.0,0.0
2012-09-29 04:00:00,14.4,73,9.6,0.0,0.0,2.7,0.0,0.0
2012-09-29 05:00:00,14.0,75,9.6,0.0,0.0,2.26,0.0,0.0
2012-09-29 06:00:00,13.7,77,9.8,0.0,0.0,2.06,0.0,0.0
2012-09-29 07:00:00,13.8,80,10.4,0.0,0.0,2.27,36.0,0.1296
2012-09-29 08:00:00,15.1,74,10.6,0.0,0.0,2.91,152.0,0.5472
2012-09-29 09:00:00,16.5,67,10.4,0.0,0.0,3.11,331.0,1.1916
2012-09-29 10:00:00,18.0,60,10.1,0.0,0.0,2.88,524.0,1.8863999999999999
2012-09-29 11:00:00,19.5,53,9.6,0.0,0.0,3.3,664.0,2.3904
2012-09-29 12:00:00,20.4,47,8.9,0.0,0.0,3.3,697.0,2.5092
2012-09-29 13:00:00,21.3,43,8.3,0.0,0.0,3.24,652.0,2.3472
2012-09-29 14:00:00,20.1,48,8.6,0.0,0.0,3.19,420.0,1.512
2012-09-29 15:00:00,19.4,49,8.3,0.0,0.0,3.02,194.0,0.6984
2012-09-29 16:00:00,19.0,50,8.2,0.0,0.0,2.98,120.0,0.432
2012-09-29 17:00:00,18.6,50,8.0,0.0,0.0,1.91,72.0,0.2592
2012-09-29 18:00:00,18.0,53,8.1,0.0,0.0,1.5,20.0,0.072
2012-09-29 19:00:00,17.1,57,8.6,0.0,0.0,1.53,0.0,0.0
2012-09-29 20:00:00,16.1,64,9.2,0.0,0.0,1.75,0.0,0.0
2012-09-29 21:00:00,14.8,72,9.8,0.0,0.0,1.49,0.0,0.0
2012-09-29 22:00:00,14.2,75,9.8,0.0,0.0,1.5,0.0,0.0
2012-09-29 23:00:00,13.9,75,9.5,0.0,0.0,1.64,0.0,0.0
2012-09-30 00:00:00,14.0,75,9.6,0.0,0.0,1.34,0.0,0.0
2012-09-30 01:00:00,13.6,79,10.1,0.0,0.0,1.32,0.0,0.0
2012-09-30 02:00:00,12.7,80,9.4,0.0,0.0,1.73,0.0,0.0
2012-09-30 03:00:00,12.5,81,9.2,0.0,0.0,1.87,0.0,0.0
2012-09-30 04:00:00,12.2,81,9.0,0.0,0.0,1.9,0.0,0.0
2012-09-30 05:00:00,11.7,82,8.7,0.0,0.0,1.02,0.0,0.0
2012-09-30 06:00:00,11.2,83,8.5,0.0,0.0,1.0,0.0,0.0
2012-09-30 07:00:00,12.0,82,9.0,0.0,0.0,1.22,45.0,0.162
2012-09-30 08:00:00,15.4,67,9.2,0.0,0.0,1.3,214.0,0.7704
2012-09-30 09:00:00,17.6,58,9.4,0.0,0.0,1.8,401.0,1.4436
2012-09-30 10:00:00,19.2,51,8.8,0.0,0.0,2.42,555.0,1.998
2012-09-30 11:00:00,19.8,47,8.2,0.0,0.0,2.91,531.0,1.9116
2012-09-30 12:00:00,20.6,44,7.8,0.0,0.0,3.32,598.0,2.1528
2012-09-30 13:00:00,21.1,41,7.3,0.0,0.0,3.45,597.0,2.1492
2012-09-30 14:00:00,21.2,39,6.7,0.0,0.0,3.7,444.0,1.5984
2012-09-30 15:00:00,21.4,38,6.5,0.0,0.0,3.36,423.0,1.5228
2012-09-30 16:00:00,21.7,37,6.2,0.0,0.0,3.0,348.0,1.2528
2012-09-30 17:00:00,20.5,55,11.2,0.0,0.0,2.55,158.0,0.5688
2012-09-30 18:00:00,18.8,60,10.8,0.0,0.0,2.51,33.0,0.1188
2012-09-30 19:00:00,19.1,49,8.0,0.0,0.0,2.06,0.0,0.0
2012-09-30 20:00:00,17.1,61,9.4,0.0,0.0,1.35,0.0,0.0
2012-09-30 21:00:00,17.0,58,8.6,0.0,0.0,0.73,0.0,0.0
2012-09-30 22:00:00,16.3,63,9.3,0.0,0.0,1.2,0.0,0.0
2012-09-30 23:00:00,15.4,70,10.0,0.0,0.0,1.92,0.0,0.0
2012-10-01 00:00:00,14.2,78,10.4,0.0,0.0,1.75,0.0,0.0
2012-10-01 01:00:00,13.2,85,10.7,0.0,0.0,1.53,0.0,0.0
2012-10-01 02:00:00,11.8,89,10.0,0.0,0.0,1.41,0.0,0.0
2012-10-01 03:00:00,11.3,92,10.0,0.0,0.0,1.33,0.0,0.0
2012-10-01 04:00:00,11.1,93,10.0,0.0,0.0,1.3,0.0,0.0
2012-10-01 05:00:00,11.0,94,10.1,0.0,0.0,0.72,0.0,0.0
2012-10-01 06:00:00,10.8,94,9.9,0.0,0.0,1.08,0.0,0.0
2012-10-01 07:00:00,11.9,91,10.4,0.0,0.0,1.17,34.0,0.1224
2012-10-01 08:00:00,13.9,82,11.0,0.0,0.0,0.92,150.0,0.54
2012-10-01 09:00:00,16.2,71,11.0,0.0,0.0,0.6,304.0,1.0944
2012-10-01 10:00:00,18.5,57,9.7,0.0,0.0,0.22,496.0,1.7855999999999999
2012-10-01 11:00:00,19.7,50,8.9,0.0,0.0,0.5,600.0,2.16
2012-10-01 12:00:00,20.2,48,8.9,0.0,0.0,1.0,522.0,1.8792
2012-10-01 13:00:00,20.4,49,9.3,0.0,0.0,1.5,430.0,1.548
2012-10-01 14:00:00,20.5,51,10.1,0.0,0.0,1.92,300.0,1.08
2012-10-01 15:00:00,19.8,55,10.5,0.0,0.0,2.3,132.0,0.4752
2012-10-01 16:00:00,19.1,60,11.3,0.0,0.0,2.28,42.0,0.1512
2012-10-01 17:00:00,18.6,64,11.7,0.0,0.0,1.49,34.0,0.1224
2012-10-01 18:00:00,18.1,68,12.0,0.0,0.0,1.08,10.0,0.036
2012-10-01 19:00:00,17.8,71,12.5,0.0,0.0,0.98,0.0,0.0
2012-10-01 20:00:00,17.6,75,13.2,0.0,0.0,1.39,0.0,0.0
2012-10-01 21:00:00,17.3,78,13.4,0.0,0.0,0.82,0.0,0.0
2012-10-01 22:00:00,17.1,80,13.6,0.3,0.0,1.55,0.0,0.0
2012-10-01 23:00:00,16.8,83,14.0,0.3,0.0,2.06,0.0,0.0
2012-10-02 00:00:00,16.6,87,14.4,0.3,0.0,1.88,0.0,0.0
2012-10-02 01:00:00,16.6,89,14.8,0.1,0.0,2.12,0.0,0.0
2012-10-02 02:00:00,17.6,79,14.0,0.0,0.0,2.26,0.0,0.0
2012-10-02 03:00:00,17.8,82,14.6,0.0,0.0,2.55,0.0,0.0
2012-10-02 04:00:00,18.0,84,15.3,0.2,0.0,2.79,0.0,0.0
2012-10-02 05:00:00,18.1,90,16.3,0.3,0.0,2.9,0.0,0.0
2012-10-02 06:00:00,18.2,94,17.3,1.1,0.0,2.73,0.0,0.0
2012-10-02 07:00:00,18.6,97,18.1,0.1,0.0,2.2,5.0,0.018
2012-10-02 08:00:00,19.3,98,18.9,0.1,0.0,2.09,23.0,0.0828
2012-10-02 09:00:00,20.1,98,19.8,0.1,0.0,1.63,52.0,0.1872
2012-10-02 10:00:00,21.1,95,20.3,0.6,0.0,1.9,92.0,0.3312
2012-10-02 11:00:00,22.2,94,21.1,0.0,0.0,2.62,159.0,0.5724
2012-10-02 12:00:00,23.7,90,22.0,0.0,0.0,3.2,242.0,0.8712
2012-10-02 13:00:00,25.0,84,22.2,0.1,0.0,3.04,245.0,0.882
2012-10-02 14:00:00,20.5,98,20.1,0.3,0.0,2.25,90.0,0.324
2012-10-02 15:00:00,21.0,95,20.1,0.0,0.0,1.79,78.0,0.2808
2012-10-02 16:00:00,21.3,95,20.6,0.0,0.0,1.27,51.0,0.18359999999999999
2012-10-02 17:00:00,21.4,96,20.8,0.0,0.0,1.25,34.0,0.1224
2012-10-02 18:00:00,21.1,98,20.8,0.0,0.0,1.84,5.0,0.018
2012-10-02 19:00:00,20.9,99,20.8,0.0,0.0,2.0,0.0,0.0
2012-10-02 20:00:00,20.8,100,20.7,0.0,0.0,1.92,0.0,0.0
2012-10-02 21:00:00,20.7,100,20.6,0.0,0.0,1.84,0.0,0.0
2012-10-02 22:00:00,20.5,100,20.4,0.0,0.0,1.81,0.0,0.0
2012-10-02 23:00:00,20.5,100,20.5,0.0,0.0,1.43,0.0,0.0
2012-10-03 00:00:00,20.8,100,20.7,0.0,0.0,1.43,0.0,0.0
2012-10-03 01:00:00,21.0,100,20.9,0.0,0.0,1.48,0.0,0.0
2012-10-03 02:00:00,21.1,99,21.0,0.0,0.0,1.64,0.0,0.0
2012-10-03 03:00:00,21.3,100,21.3,0.0,0.0,1.91,0.0,0.0
2012-10-03 04:00:00,21.6,100,21.5,0.0,0.0,2.25,0.0,0.0
2012-10-03 05:00:00,21.7,100,21.7,0.0,0.0,2.25,0.0,0.0
2012-10-03 06:00:00,21.8,100,21.7,0.0,0.0,2.39,0.0,0.0
2012-10-03 07:00:00,22.2,97,21.7,0.0,0.0,2.76,15.0,0.054
2012-10-03 08:00:00,22.3,98,21.9,0.0,0.0,3.22,58.0,0.20879999999999999
2012-10-03 09:00:00,23.2,91,21.6,0.0,0.0,3.07,174.0,0.6264
2012-10-03 10:00:00,24.4,84,21.5,0.0,0.0,2.2,297.0,1.0692
2012-10-03 11:00:00,26.0,74,21.0,0.0,0.0,2.26,488.0,1.7568
2012-10-03 12:00:00,27.3,67,20.6,0.0,0.0,2.22,600.0,2.16
2012-10-03 13:00:00,28.3,61,20.1,0.0,0.0,1.82,630.0,2.268
2012-10-03 14:00:00,27.7,60,19.4,0.0,0.0,1.65,450.0,1.6199999999999999
2012-10-03 15:00:00,27.6,61,19.4,0.2,0.0,1.88,392.0,1.4112
2012-10-03 16:00:00,27.1,63,19.4,0.0,0.0,1.42,265.0,0.954
2012-10-03 17:00:00,26.0,71,20.2,0.0,0.0,0.3,105.0,0.378
2012-10-03 18:00:00,24.8,75,20.1,0.0,0.0,0.64,21.0,0.0756
2012-10-03 19:00:00,23.6,81,20.1,0.2,0.0,0.94,0.0,0.0
2012-10-03 20:00:00,22.8,86,20.3,0.0,0.0,1.22,0.0,0.0
2012-10-03 21:00:00,22.4,90,20.6,0.0,0.0,1.46,0.0,0.0
2012-10-03 22:00:00,21.9,93,20.8,0.0,0.0,1.7,0.0,0.0
2012-10-03 23:00:00,21.6,96,21.0,0.0,0.0,1.49,0.0,0.0
2012-10-04 00:00:00,21.7,97,21.2,0.0,0.0,1.26,0.0,0.0
2012-10-04 01:00:00,21.6,98,21.3,0.0,0.0,1.1,0.0,0.0
2012-10-04 02:00:00,21.7,97,21.2,0.0,0.0,1.26,0.0,0.0
2012-10-04 03:00:00,21.6,97,21.1,0.0,0.0,1.25,0.0,0.0
2012-10-04 04:00:00,21.5,97,20.9,0.0,0.0,1.28,0.0,0.0
2012-10-04 05:00:00,21.2,97,20.7,0.0,0.0,0.71,0.0,0.0
2012-10-04 06:00:00,21.2,96,20.6,0.0,0.0,1.2,0.0,0.0
2012-10-04 07:00:00,21.2,95,20.4,0.0,0.0,0.9,5.0,0.018
2012-10-04 08:00:00,21.4,93,20.2,0.0,0.0,1.17,27.0,0.0972
2012-10-04 09:00:00,22.1,89,20.2,0.0,0.0,1.5,96.0,0.3456
2012-10-04 10:00:00,23.1,82,19.8,0.0,0.0,1.71,178.0,0.6408
2012-10-04 11:00:00,23.9,75,19.2,0.0,0.0,2.51,269.0,0.9683999999999999
2012-10-04 12:00:00,24.4,71,18.8,0.0,0.0,3.06,290.0,1.044
2012-10-04 13:00:00,24.9,67,18.3,0.0,0.0,2.83,326.0,1.1736
2012-10-04 14:00:00,26.0,61,18.0,0.0,0.0,2.62,453.0,1.6308
2012-10-04 15:00:00,26.3,57,17.2,0.0,0.0,2.7,413.0,1.4868
2012-10-04 16:00:00,26.0,55,16.1,0.0,0.0,3.08,272.0,0.9792
2012-10-04 17:00:00,25.0,57,15.9,0.0,0.0,1.39,133.0,0.4788
2012-10-04 18:00:00,23.7,60,15.4,0.0,0.0,1.4,20.0,0.072
2012-10-04 19:00:00,22.4,62,14.8,0.0,0.0,1.82,0.0,0.0
2012-10-04 20:00:00,21.2,64,14.2,0.0,0.0,2.12,0.0,0.0
2012-10-04 21:00:00,20.2,66,13.5,0.0,0.0,2.42,0.0,0.0
2012-10-04 22:00:00,19.2,68,13.1,0.0,0.0,2.64,0.0,0.0
2012-10-04 23:00:00,18.1,72,13.0,0.0,0.0,2.73,0.0,0.0
2012-10-05 00:00:00,17.1,76,12.8,0.0,0.0,2.68,0.0,0.0
2012-10-05 01:00:00,16.4,78,12.6,0.0,0.0,2.47,0.0,0.0
2012-10-05 02:00:00,15.9,77,11.9,0.0,0.0,2.31,0.0,0.0
2012-10-05 03:00:00,15.4,79,11.8,0.0,0.0,2.4,0.0,0.0
2012-10-05 04:00:00,15.1,80,11.7,0.0,0.0,2.38,0.0,0.0
2012-10-05 05:00:00,15.0,80,11.5,0.0,0.0,2.34,0.0,0.0
2012-10-05 06:00:00,14.7,81,11.6,0.0,0.0,2.28,0.0,0.0
2012-10-05 07:00:00,15.2,83,12.3,0.0,0.0,2.6,36.0,0.1296
2012-10-05 08:00:00,19.2,67,12.9,0.0,0.0,2.31,195.0,0.702
2012-10-05 09:00:00,21.7,58,13.2,0.0,0.0,2.88,379.0,1.3644
2012-10-05 10:00:00,23.8,54,13.8,0.0,0.0,2.92,537.0,1.9332
2012-10-05 11:00:00,25.3,49,13.8,0.0,0.0,2.37,652.0,2.3472
2012-10-05 12:00:00,26.4,43,12.9,0.0,0.0,1.91,710.0,2.556
2012-10-05 13:00:00,27.0,41,12.4,0.0,0.0,2.47,705.0,2.538
2012-10-05 14:00:00,26.6,43,13.1,0.0,0.0,2.72,464.0,1.6703999999999999
2012-10-05 15:00:00,26.4,44,13.0,0.0,0.0,2.6,293.0,1.0548
2012-10-05 16:00:00,25.9,47,13.6,0.0,0.0,1.84,203.0,0.7308
2012-10-05 17:00:00,24.8,52,14.2,0.0,0.0,1.56,132.0,0.4752
2012-10-05 18:00:00,22.8,56,13.7,0.0,0.0,1.57,22.0,0.07919999999999999
2012-10-05 19:00:00,21.4,61,13.6,0.0,0.0,1.99,0.0,0.0
2012-10-05 20:00:00,20.4,66,13.8,0.0,0.0,2.41,0.0,0.0
2012-10-05 21:00:00,19.6,71,14.1,0.0,0.0,2.62,0.0,0.0
2012-10-05 22:00:00,18.9,75,14.4,0.0,0.0,2.57,0.0,0.0
2012-10-05 23:00:00,18.3,79,14.5,0.0,0.0,2.75,0.0,0.0
2012-10-06 00:00:00,17.9,79,14.2,0.0,0.0,2.75,0.0,0.0
2012-10-06 01:00:00,17.5,79,13.7,0.0,0.0,2.91,0.0,0.0
2012-10-06 02:00:00,16.9,76,12.6,0.0,0.0,3.2,0.0,0.0
2012-10-06 03:00:00,16.8,75,12.3,0.0,0.0,3.27,0.0,0.0
2012-10-06 04:00:00,16.7,75,12.1,0.0,0.0,3.4,0.0,0.0
2012-10-06 05:00:00,16.7,74,12.0,0.0,0.0,3.72,0.0,0.0
2012-10-06 06:00:00,16.7,74,12.1,0.0,0.0,3.67,0.0,0.0
2012-10-06 07:00:00,17.0,75,12.5,0.0,0.0,3.67,32.0,0.1152
2012-10-06 08:00:00,18.8,71,13.4,0.0,0.0,3.16,175.0,0.63
2012-10-06 09:00:00,20.9,64,13.9,0.0,0.0,3.26,349.0,1.2564
2012-10-06 10:00:00,22.9,59,14.3,0.0,0.0,3.14,514.0,1.8504
2012-10-06 11:00:00,24.3,53,14.1,0.0,0.0,3.41,606.0,2.1816
2012-10-06 12:00:00,24.8,50,13.8,0.0,0.0,5.1,623.0,2.2428
2012-10-06 13:00:00,23.7,52,13.3,0.0,0.0,5.89,476.0,1.7136
2012-10-06 14:00:00,20.9,58,12.2,0.0,0.0,5.69,233.0,0.8388
2012-10-06 15:00:00,20.6,53,10.6,0.0,0.0,5.88,389.0,1.4003999999999999
2012-10-06 16:00:00,19.7,51,9.2,0.0,0.0,5.53,316.0,1.1376
2012-10-06 17:00:00,18.5,49,7.7,0.0,0.0,4.31,163.0,0.5868
2012-10-06 18:00:00,17.1,50,6.7,0.0,0.0,3.78,22.0,0.07919999999999999
2012-10-06 19:00:00,15.9,51,5.8,0.0,0.0,3.86,0.0,0.0
2012-10-06 20:00:00,14.8,52,5.0,0.0,0.0,3.8,0.0,0.0
2012-10-06 21:00:00,14.1,52,4.4,0.0,0.0,3.77,0.0,0.0
2012-10-06 22:00:00,13.4,53,4.0,0.0,0.0,3.5,0.0,0.0
2012-10-06 23:00:00,12.8,55,3.9,0.0,0.0,2.87,0.0,0.0
2012-10-07 00:00:00,11.9,60,4.5,0.0,0.0,2.06,0.0,0.0
2012-10-07 01:00:00,11.0,69,5.5,0.0,0.0,1.62,0.0,0.0
2012-10-07 02:00:00,11.2,68,5.6,0.0,0.0,1.84,0.0,0.0
2012-10-07 03:00:00,11.0,67,5.1,0.0,0.0,2.21,0.0,0.0
2012-10-07 04:00:00,10.6,68,4.9,0.0,0.0,2.41,0.0,0.0
2012-10-07 05:00:00,11.6,62,4.6,0.0,0.0,1.8,0.0,0.0
2012-10-07 06:00:00,11.7,60,4.3,0.1,0.0,1.58,0.0,0.0
2012-10-07 07:00:00,11.1,68,5.5,0.7,0.0,1.49,8.0,0.0288
2012-10-07 08:00:00,10.8,74,6.3,0.5,0.0,1.12,46.0,0.1656
2012-10-07 09:00:00,10.5,79,7.1,0.8,0.0,1.2,60.0,0.216
2012-10-07 10:00:00,10.2,86,8.0,1.0,0.0,1.49,96.0,0.3456
2012-10-07 11:00:00,10.1,88,8.2,1.2,0.0,1.2,69.0,0.24839999999999998
2012-10-07 12:00:00,10.7,83,7.8,0.4,0.0,1.43,174.0,0.6264
2012-10-07 13:00:00,10.7,82,7.8,0.2,0.0,1.33,96.0,0.3456
2012-10-07 14:00:00,11.3,76,7.2,0.1,0.0,0.85,73.0,0.2628
2012-10-07 15:00:00,11.2,79,7.7,0.4,0.0,0.73,44.0,0.15839999999999999
2012-10-07 16:00:00,11.0,85,8.5,0.3,0.0,1.06,24.0,0.0864
2012-10-07 17:00:00,10.9,88,9.0,0.5,0.0,1.81,22.0,0.07919999999999999
2012-10-07 18:00:00,10.6,92,9.3,0.5,0.0,1.9,2.0,0.0072
2012-10-07 19:00:00,10.5,93,9.3,0.1,0.0,0.91,0.0,0.0
2012-10-07 20:00:00,10.6,90,8.9,0.0,0.0,0.98,0.0,0.0
2012-10-07 21:00:00,10.1,93,9.0,0.0,0.0,1.17,0.0,0.0
2012-10-07 22:00:00,9.6,93,8.5,0.0,0.0,1.9,0.0,0.0
2012-10-07 23:00:00,8.0,98,7.7,0.0,0.0,2.53,0.0,0.0
2012-10-08 00:00:00,7.8,96,7.2,0.0,0.0,3.08,0.0,0.0
2012-10-08 01:00:00,7.4,96,6.7,0.0,0.0,3.18,0.0,0.0
2012-10-08 02:00:00,6.3,96,5.6,0.0,0.0,2.91,0.0,0.0
2012-10-08 03:00:00,5.8,96,5.1,0.0,0.0,2.7,0.0,0.0
2012-10-08 04:00:00,5.4,95,4.7,0.0,0.0,2.58,0.0,0.0
2012-10-08 05:00:00,5.4,95,4.6,0.0,0.0,2.05,0.0,0.0
2012-10-08 06:00:00,5.5,94,4.5,0.0,0.0,2.02,0.0,0.0
2012-10-08 07:00:00,5.9,92,4.7,0.0,0.0,2.33,24.0,0.0864
2012-10-08 08:00:00,7.1,85,4.7,0.0,0.0,2.45,136.0,0.4896
2012-10-08 09:00:00,7.9,80,4.6,0.0,0.0,2.14,127.0,0.4572
2012-10-08 10:00:00,8.5,76,4.6,0.6,0.0,2.24,132.0,0.4752
2012-10-08 11:00:00,9.2,75,5.0,0.3,0.0,1.81,190.0,0.6839999999999999
2012-10-08 12:00:00,10.3,71,5.2,0.2,0.0,1.24,321.0,1.1556
2012-10-08 13:00:00,11.1,67,5.1,0.3,0.0,1.06,353.0,1.2708
2012-10-08 14:00:00,12.6,59,4.8,0.3,0.0,1.24,289.0,1.0404
2012-10-08 15:00:00,12.5,59,4.7,0.0,0.0,2.25,185.0,0.666
2012-10-08 16:00:00,11.8,68,6.1,1.0,0.0,2.44,114.0,0.4104
2012-10-08 17:00:00,11.3,73,6.5,0.4,0.0,2.02,48.0,0.1728
2012-10-08 18:00:00,11.1,73,6.4,0.0,0.0,2.06,6.0,0.0216
2012-10-08 19:00:00,10.9,74,6.5,0.0,0.0,2.34,0.0,0.0
2012-10-08 20:00:00,10.7,74,6.3,0.0,0.0,2.28,0.0,0.0
2012-10-08 21:00:00,10.3,77,6.5,0.8,0.0,2.06,0.0,0.0
2012-10-08 22:00:00,9.9,81,6.8,0.4,0.0,1.96,0.0,0.0
2012-10-08 23:00:00,9.7,86,7.4,0.3,0.0,2.0,0.0,0.0
2012-10-09 00:00:00,9.3,90,7.7,0.7,0.0,2.31,0.0,0.0
2012-10-09 01:00:00,9.0,92,7.7,0.1,0.0,2.51,0.0,0.0
2012-10-09 02:00:00,9.7,77,6.0,0.0,0.0,2.61,0.0,0.0
2012-10-09 03:00:00,9.7,77,5.9,0.0,0.0,2.5,0.0,0.0
2012-10-09 04:00:00,9.8,77,5.9,0.0,0.0,2.33,0.0,0.0
2012-10-09 05:00:00,10.0,75,5.8,0.0,0.0,2.2,0.0,0.0
2012-10-09 06:00:00,10.1,75,5.8,0.0,0.0,2.2,0.0,0.0
2012-10-09 07:00:00,10.2,75,6.1,0.0,0.0,2.31,6.0,0.0216
2012-10-09 08:00:00,10.7,75,6.4,0.0,0.0,2.32,52.0,0.1872
2012-10-09 09:00:00,11.7,73,6.9,0.0,0.0,2.4,146.0,0.5256
2012-10-09 10:00:00,12.7,72,7.7,0.0,0.0,2.53,188.0,0.6768
2012-10-09 11:00:00,13.7,70,8.4,0.0,0.0,2.56,275.0,0.99
2012-10-09 12:00:00,15.0,68,9.1,0.0,0.0,2.48,395.0,1.422
2012-10-09 13:00:00,15.9,65,9.4,0.0,0.0,2.22,403.0,1.4507999999999999
2012-10-09 14:00:00,15.5,70,10.1,0.0,0.0,1.75,269.0,0.9683999999999999
2012-10-09 15:00:00,15.7,70,10.2,0.0,0.0,1.66,231.0,0.8316
2012-10-09 16:00:00,15.5,70,10.1,0.0,0.0,1.46,101.0,0.3636
2012-10-09 17:00:00,15.2,72,10.3,0.0,0.0,1.12,50.0,0.18
2012-10-09 18:00:00,14.7,77,10.6,0.0,0.0,0.81,5.0,0.018
2012-10-09 19:00:00,14.3,87,12.2,0.0,0.0,0.81,0.0,0.0
2012-10-09 20:00:00,14.2,84,11.6,0.0,0.0,0.95,0.0,0.0
2012-10-09 21:00:00,14.1,86,11.8,0.0,0.0,0.86,0.0,0.0
2012-10-09 22:00:00,14.0,88,12.1,0.0,0.0,0.99,0.0,0.0
2012-10-09 23:00:00,14.0,87,11.9,0.0,0.0,0.85,0.0,0.0
2012-10-10 00:00:00,13.7,90,12.1,0.0,0.0,1.06,0.0,0.0
2012-10-10 01:00:00,13.7,90,12.1,0.1,0.0,0.85,0.0,0.0
2012-10-10 02:00:00,13.7,88,11.7,0.0,0.0,0.71,0.0,0.0
2012-10-10 03:00:00,13.2,91,11.8,0.0,0.0,0.32,0.0,0.0
2012-10-10 04:00:00,13.2,92,11.9,0.0,0.0,0.81,0.0,0.0
2012-10-10 05:00:00,13.2,90,11.6,0.0,0.0,1.21,0.0,0.0
2012-10-10 06:00:00,13.2,88,11.3,0.0,0.0,1.52,0.0,0.0
2012-10-10 07:00:00,13.0,88,11.1,0.0,0.0,1.97,20.0,0.072
2012-10-10 08:00:00,13.8,81,10.6,0.0,0.0,1.92,123.0,0.44279999999999997
2012-10-10 09:00:00,15.4,71,10.1,0.0,0.0,2.15,327.0,1.1772
2012-10-10 10:00:00,17.0,62,9.7,0.0,0.0,2.65,515.0,1.8539999999999999
2012-10-10 11:00:00,18.5,54,9.1,0.0,0.0,3.11,659.0,2.3724
2012-10-10 12:00:00,19.6,49,8.5,0.0,0.0,2.57,703.0,2.5307999999999997
2012-10-10 13:00:00,20.4,45,8.1,0.0,0.0,4.3,656.0,2.3616
2012-10-10 14:00:00,19.9,45,7.6,0.0,0.0,4.9,385.0,1.386
2012-10-10 15:00:00,19.7,45,7.6,0.0,0.0,4.42,204.0,0.7343999999999999
2012-10-10 16:00:00,19.5,48,8.2,0.0,0.0,3.21,165.0,0.594
2012-10-10 17:00:00,18.5,53,8.9,0.0,0.0,2.14,108.0,0.3888
2012-10-10 18:00:00,17.2,57,8.5,0.0,0.0,2.41,12.0,0.0432
2012-10-10 19:00:00,16.8,55,7.7,0.0,0.0,4.6,0.0,0.0
2012-10-10 20:00:00,15.6,58,7.3,0.0,0.0,5.73,0.0,0.0
2012-10-10 21:00:00,14.2,57,5.7,0.0,0.0,5.04,0.0,0.0
2012-10-10 22:00:00,12.9,54,3.9,0.0,0.0,4.4,0.0,0.0
2012-10-10 23:00:00,11.9,54,3.0,0.0,0.0,4.0,0.0,0.0
2012-10-11 00:00:00,11.2,54,2.4,0.0,0.0,3.77,0.0,0.0
2012-10-11 01:00:00,10.6,54,1.6,0.0,0.0,3.88,0.0,0.0
2012-10-11 02:00:00,10.7,54,1.8,0.0,0.0,3.75,0.0,0.0
2012-10-11 03:00:00,10.1,55,1.6,0.0,0.0,3.75,0.0,0.0
2012-10-11 04:00:00,9.5,57,1.4,0.0,0.0,3.48,0.0,0.0
2012-10-11 05:00:00,8.9,58,1.1,0.0,0.0,2.69,0.0,0.0
2012-10-11 06:00:00,8.3,60,0.9,0.0,0.0,3.09,0.0,0.0
2012-10-11 07:00:00,8.0,63,1.3,0.0,0.0,3.08,29.0,0.10439999999999999
2012-10-11 08:00:00,9.0,54,0.1,0.0,0.0,3.47,189.0,0.6804
2012-10-11 09:00:00,10.1,49,-0.0,0.0,0.0,3.55,378.0,1.3608
2012-10-11 10:00:00,11.4,46,0.1,0.0,0.0,2.69,540.0,1.944
2012-10-11 11:00:00,12.7,42,0.1,0.0,0.0,2.14,656.0,2.3616
2012-10-11 12:00:00,13.9,40,0.4,0.0,0.0,1.8,714.0,2.5704
2012-10-11 13:00:00,15.0,37,0.4,0.0,0.0,1.7,709.0,2.5524
2012-10-11 14:00:00,15.7,37,1.1,0.0,0.0,1.71,638.0,2.2967999999999997
2012-10-11 15:00:00,16.0,36,1.1,0.0,0.0,1.89,513.0,1.8468
2012-10-11 16:00:00,15.8,36,0.9,0.0,0.0,2.12,343.0,1.2348
2012-10-11 17:00:00,15.0,40,1.4,0.0,0.0,1.91,153.0,0.5508
2012-10-11 18:00:00,13.4,46,2.2,0.0,0.0,1.9,14.0,0.0504
2012-10-11 19:00:00,12.1,53,2.8,0.0,0.0,2.4,0.0,0.0
2012-10-11 20:00:00,11.1,59,3.4,0.0,0.0,2.6,0.0,0.0
2012-10-11 21:00:00,10.3,65,3.9,0.0,0.0,2.61,0.0,0.0
2012-10-11 22:00:00,9.6,70,4.4,0.0,0.0,2.62,0.0,0.0
2012-10-11 23:00:00,8.9,75,4.7,0.0,0.0,2.72,0.0,0.0
2012-10-12 00:00:00,8.3,79,4.8,0.0,0.0,2.66,0.0,0.0
2012-10-12 01:00:00,7.8,80,4.6,0.0,0.0,2.42,0.0,0.0
2012-10-12 02:00:00,7.2,79,3.9,0.0,0.0,2.28,0.0,0.0
2012-10-12 03:00:00,6.8,81,3.8,0.0,0.0,2.04,0.0,0.0
2012-10-12 04:00:00,6.5,82,3.7,0.0,0.0,1.9,0.0,0.0
2012-10-12 05:00:00,6.4,82,3.5,0.0,0.0,2.26,0.0,0.0
2012-10-12 06:00:00,6.2,82,3.3,0.0,0.0,1.84,0.0,0.0
2012-10-12 07:00:00,6.6,81,3.6,0.0,0.0,2.31,27.0,0.0972
2012-10-12 08:00:00,11.0,64,4.4,0.0,0.0,2.12,179.0,0.6444
2012-10-12 09:00:00,13.7,51,3.6,0.0,0.0,3.18,366.0,1.3175999999999999
2012-10-12 10:00:00,15.2,46,3.7,0.0,0.0,4.24,524.0,1.8863999999999999
2012-10-12 11:00:00,16.3,46,4.5,0.0,0.0,4.56,633.0,2.2788
2012-10-12 12:00:00,17.0,45,5.1,0.0,0.0,5.52,677.0,2.4372
2012-10-12 13:00:00,17.8,43,5.1,0.0,0.0,6.52,654.0,2.3544
2012-10-12 14:00:00,17.3,44,4.9,0.0,0.0,6.14,489.0,1.7604
2012-10-12 15:00:00,16.4,44,4.0,0.0,0.0,6.17,492.0,1.7711999999999999
2012-10-12 16:00:00,15.1,42,2.2,0.0,0.0,5.89,322.0,1.1592
2012-10-12 17:00:00,13.8,40,0.4,0.0,0.0,3.29,145.0,0.522
2012-10-12 18:00:00,12.4,41,-0.6,0.0,0.0,2.1,13.0,0.0468
2012-10-12 19:00:00,11.2,43,-0.9,0.0,0.0,1.79,0.0,0.0
2012-10-12 20:00:00,9.9,50,-0.1,0.0,0.0,1.84,0.0,0.0
2012-10-12 21:00:00,8.2,61,1.2,0.0,0.0,1.81,0.0,0.0
2012-10-12 22:00:00,7.0,65,0.9,0.0,0.0,2.02,0.0,0.0
2012-10-12 23:00:00,6.2,67,0.5,0.0,0.0,2.91,0.0,0.0
2012-10-13 00:00:00,5.5,69,0.2,0.0,0.0,3.2,0.0,0.0
2012-10-13 01:00:00,5.1,70,-0.0,0.0,0.0,2.83,0.0,0.0
2012-10-13 02:00:00,4.5,75,0.5,0.0,0.0,2.33,0.0,0.0
2012-10-13 03:00:00,4.1,77,0.4,0.0,0.0,2.26,0.0,0.0
2012-10-13 04:00:00,3.7,78,0.2,0.0,0.0,2.13,0.0,0.0
2012-10-13 05:00:00,3.4,78,-0.0,0.0,0.0,1.84,0.0,0.0
2012-10-13 06:00:00,3.1,80,0.0,0.0,0.0,1.7,0.0,0.0
2012-10-13 07:00:00,3.9,78,0.5,0.0,0.0,1.89,26.0,0.0936
2012-10-13 08:00:00,7.1,61,0.2,0.0,0.0,1.61,183.0,0.6587999999999999
2012-10-13 09:00:00,8.9,53,-0.2,0.0,0.0,1.58,371.0,1.3356
2012-10-13 10:00:00,10.6,47,-0.2,0.0,0.0,1.39,534.0,1.9223999999999999
2012-10-13 11:00:00,12.1,43,0.0,0.0,0.0,1.7,650.0,2.34
2012-10-13 12:00:00,13.5,41,0.5,0.0,0.0,1.97,707.0,2.5452
2012-10-13 13:00:00,14.4,40,1.1,0.0,0.0,2.28,699.0,2.5164
2012-10-13 14:00:00,14.6,41,1.5,0.0,0.0,2.6,626.0,2.2536
2012-10-13 15:00:00,14.7,42,1.8,0.0,0.0,2.94,498.0,1.7928
2012-10-13 16:00:00,14.4,43,1.8,0.0,0.0,3.01,327.0,1.1772
2012-10-13 17:00:00,13.5,46,2.0,0.0,0.0,1.8,140.0,0.504
2012-10-13 18:00:00,11.9,52,2.3,0.0,0.0,2.97,11.0,0.039599999999999996
2012-10-13 19:00:00,11.0,56,2.5,0.0,0.0,2.97,0.0,0.0
2012-10-13 20:00:00,10.6,59,2.9,0.0,0.0,2.97,0.0,0.0
2012-10-13 21:00:00,10.3,65,3.9,0.0,0.0,3.55,0.0,0.0
2012-10-13 22:00:00,10.1,71,5.2,0.0,0.0,3.91,0.0,0.0
2012-10-13 23:00:00,9.8,78,6.2,0.0,0.0,3.71,0.0,0.0
2012-10-14 00:00:00,9.8,82,6.9,0.0,0.0,4.0,0.0,0.0
2012-10-14 01:00:00,10.0,84,7.4,0.0,0.0,4.32,0.0,0.0
2012-10-14 02:00:00,9.9,82,7.0,0.0,0.0,4.08,0.0,0.0
2012-10-14 03:00:00,9.9,83,7.1,0.0,0.0,3.83,0.0,0.0
2012-10-14 04:00:00,9.9,82,7.0,0.0,0.0,3.96,0.0,0.0
2012-10-14 05:00:00,9.9,81,6.9,0.0,0.0,3.72,0.0,0.0
2012-10-14 06:00:00,10.0,81,6.9,0.0,0.0,3.86,0.0,0.0
2012-10-14 07:00:00,10.4,80,7.1,0.0,0.0,4.07,22.0,0.07919999999999999
2012-10-14 08:00:00,12.3,74,7.8,0.0,0.0,3.76,162.0,0.5831999999999999
2012-10-14 09:00:00,14.7,65,8.2,0.0,0.0,4.22,339.0,1.2204
2012-10-14 10:00:00,17.0,58,8.8,0.0,0.0,4.43,491.0,1.7676
2012-10-14 11:00:00,19.0,53,9.2,0.0,0.0,4.57,602.0,2.1672
2012-10-14 12:00:00,20.5,49,9.6,0.0,0.0,4.88,660.0,2.376
2012-10-14 13:00:00,21.6,47,9.8,0.0,0.0,4.94,646.0,2.3256
2012-10-14 14:00:00,22.2,47,10.3,0.0,0.0,5.03,548.0,1.9727999999999999
2012-10-14 15:00:00,22.3,47,10.3,0.0,0.0,4.93,422.0,1.5191999999999999
2012-10-14 16:00:00,22.0,48,10.5,0.0,0.0,4.44,285.0,1.026
2012-10-14 17:00:00,20.7,52,10.4,0.0,0.0,3.54,114.0,0.4104
2012-10-14 18:00:00,19.3,57,10.5,0.0,0.0,3.71,8.0,0.0288
2012-10-14 19:00:00,18.5,61,10.9,0.0,0.0,4.23,0.0,0.0
2012-10-14 20:00:00,18.1,65,11.4,0.0,0.0,4.52,0.0,0.0
2012-10-14 21:00:00,17.8,68,11.7,0.0,0.0,4.71,0.0,0.0
2012-10-14 22:00:00,17.8,68,11.9,0.0,0.0,4.85,0.0,0.0
2012-10-14 23:00:00,17.9,69,12.1,0.0,0.0,5.04,0.0,0.0
2012-10-15 00:00:00,17.9,69,12.2,0.0,0.0,5.0,0.0,0.0
2012-10-15 01:00:00,17.8,70,12.4,0.0,0.0,5.06,0.0,0.0
2012-10-15 02:00:00,18.0,72,12.8,0.0,0.0,5.26,0.0,0.0
2012-10-15 03:00:00,18.1,73,13.1,0.0,0.0,5.37,0.0,0.0
2012-10-15 04:00:00,18.2,73,13.3,0.0,0.0,5.37,0.0,0.0
2012-10-15 05:00:00,18.2,74,13.5,0.0,0.0,5.75,0.0,0.0
2012-10-15 06:00:00,18.2,74,13.6,0.0,0.0,5.58,0.0,0.0
2012-10-15 07:00:00,18.1,76,13.9,0.4,0.0,5.24,13.0,0.0468
2012-10-15 08:00:00,17.9,82,14.7,0.7,0.0,4.76,76.0,0.2736
2012-10-15 09:00:00,17.6,87,15.5,1.0,0.0,4.22,99.0,0.3564
2012-10-15 10:00:00,17.8,90,16.1,0.8,0.0,3.4,142.0,0.5112
2012-10-15 11:00:00,17.8,95,16.9,0.5,0.0,3.32,166.0,0.5976
2012-10-15 12:00:00,18.2,94,17.3,0.7,0.0,3.36,217.0,0.7812
2012-10-15 13:00:00,18.0,96,17.3,0.8,0.0,3.14,135.0,0.486
2012-10-15 14:00:00,18.1,94,17.1,0.6,0.0,1.91,54.0,0.1944
2012-10-15 15:00:00,18.4,92,17.2,0.2,0.0,1.2,136.0,0.4896
2012-10-15 16:00:00,18.0,90,16.3,1.3,0.0,2.1,144.0,0.5184
2012-10-15 17:00:00,17.5,92,16.1,0.1,0.0,1.17,59.0,0.2124
2012-10-15 18:00:00,17.0,89,15.1,0.0,0.0,2.28,3.0,0.0108
2012-10-15 19:00:00,16.1,84,13.3,0.0,0.0,3.09,0.0,0.0
2012-10-15 20:00:00,15.0,76,10.9,0.0,0.0,3.8,0.0,0.0
2012-10-15 21:00:00,14.3,71,9.1,0.0,0.0,4.05,0.0,0.0
2012-10-15 22:00:00,13.7,67,7.8,0.0,0.0,4.27,0.0,0.0
2012-10-15 23:00:00,13.2,66,7.0,0.0,0.0,4.08,0.0,0.0
2012-10-16 00:00:00,12.6,67,6.5,0.0,0.0,3.7,0.0,0.0
2012-10-16 01:00:00,12.0,68,6.2,0.0,0.0,3.62,0.0,0.0
2012-10-16 02:00:00,11.7,73,7.1,0.0,0.0,3.78,0.0,0.0
2012-10-16 03:00:00,11.3,73,6.6,0.0,0.0,4.02,0.0,0.0
2012-10-16 04:00:00,10.9,73,6.2,0.0,0.0,4.22,0.0,0.0
2012-10-16 05:00:00,10.6,73,6.0,0.0,0.0,3.64,0.0,0.0
2012-10-16 06:00:00,10.2,74,5.8,0.0,0.0,3.22,0.0,0.0
2012-10-16 07:00:00,10.2,75,5.9,0.0,0.0,3.18,20.0,0.072
2012-10-16 08:00:00,11.4,70,6.2,0.0,0.0,3.4,165.0,0.594
2012-10-16 09:00:00,13.1,60,5.5,0.0,0.0,4.33,348.0,1.2528
2012-10-16 10:00:00,14.3,54,5.2,0.0,0.0,4.56,498.0,1.7928
2012-10-16 11:00:00,15.2,51,5.1,0.0,0.0,4.25,566.0,2.0376
2012-10-16 12:00:00,16.1,48,5.1,0.0,0.0,4.1,648.0,2.3327999999999998
2012-10-16 13:00:00,16.6,46,4.9,0.0,0.0,3.96,630.0,2.268
2012-10-16 14:00:00,16.8,46,5.1,0.0,0.0,3.54,511.0,1.8396
2012-10-16 15:00:00,16.9,45,4.8,0.0,0.0,3.32,434.0,1.5624
2012-10-16 16:00:00,16.6,45,4.5,0.0,0.0,2.83,310.0,1.1159999999999999
2012-10-16 17:00:00,15.7,48,4.7,0.0,0.0,1.34,127.0,0.4572
2012-10-16 18:00:00,14.0,59,6.0,0.0,0.0,1.8,7.0,0.0252
2012-10-16 19:00:00,12.0,69,6.6,0.0,0.0,1.77,0.0,0.0
2012-10-16 20:00:00,10.8,73,6.1,0.0,0.0,1.93,0.0,0.0
2012-10-16 21:00:00,10.0,75,5.8,0.0,0.0,1.9,0.0,0.0
2012-10-16 22:00:00,9.5,76,5.5,0.0,0.0,1.93,0.0,0.0
2012-10-16 23:00:00,9.4,76,5.4,0.0,0.0,1.84,0.0,0.0
2012-10-17 00:00:00,9.6,75,5.5,0.0,0.0,1.3,0.0,0.0
2012-10-17 01:00:00,9.4,77,5.6,0.0,0.0,1.13,0.0,0.0
2012-10-17 02:00:00,8.5,86,6.3,0.0,0.0,1.14,0.0,0.0
2012-10-17 03:00:00,7.8,90,6.3,0.0,0.0,1.02,0.0,0.0
2012-10-17 04:00:00,7.8,92,6.5,0.0,0.0,1.0,0.0,0.0
2012-10-17 05:00:00,7.9,92,6.6,0.0,0.0,1.56,0.0,0.0
2012-10-17 06:00:00,8.6,90,7.0,0.0,0.0,1.49,0.0,0.0
2012-10-17 07:00:00,8.8,90,7.2,0.0,0.0,1.13,18.0,0.0648
2012-10-17 08:00:00,10.6,86,8.4,0.0,0.0,0.51,162.0,0.5831999999999999
2012-10-17 09:00:00,14.6,61,7.1,0.0,0.0,1.04,338.0,1.2167999999999999
2012-10-17 10:00:00,16.5,52,6.6,0.0,0.0,2.0,493.0,1.7748
2012-10-17 11:00:00,17.7,48,6.6,0.0,0.0,2.1,606.0,2.1816
2012-10-17 12:00:00,18.7,47,7.1,0.0,0.0,2.21,664.0,2.3904
2012-10-17 13:00:00,19.3,46,7.4,0.0,0.0,2.55,648.0,2.3327999999999998
2012-10-17 14:00:00,19.1,48,8.0,0.0,0.0,2.55,552.0,1.9871999999999999
2012-10-17 15:00:00,19.1,49,8.1,0.0,0.0,2.38,442.0,1.5912
2012-10-17 16:00:00,18.7,50,8.2,0.0,0.0,2.55,292.0,1.0512
2012-10-17 17:00:00,17.2,57,8.7,0.0,0.0,2.27,117.0,0.42119999999999996
2012-10-17 18:00:00,15.3,66,8.9,0.0,0.0,2.94,6.0,0.0216
2012-10-17 19:00:00,14.2,73,9.4,0.0,0.0,3.05,0.0,0.0
2012-10-17 20:00:00,13.4,79,9.8,0.0,0.0,3.26,0.0,0.0
2012-10-17 21:00:00,12.8,84,10.2,0.0,0.0,3.42,0.0,0.0
2012-10-17 22:00:00,12.4,88,10.5,0.0,0.0,3.36,0.0,0.0
2012-10-17 23:00:00,12.1,91,10.7,0.0,0.0,3.05,0.0,0.0
2012-10-18 00:00:00,11.9,92,10.7,0.0,0.0,2.79,0.0,0.0
2012-10-18 01:00:00,11.7,93,10.6,0.0,0.0,2.79,0.0,0.0
2012-10-18 02:00:00,11.1,92,9.8,0.0,0.0,2.82,0.0,0.0
2012-10-18 03:00:00,10.8,92,9.6,0.0,0.0,2.91,0.0,0.0
2012-10-18 04:00:00,10.5,92,9.3,0.0,0.0,2.89,0.0,0.0
2012-10-18 05:00:00,10.2,92,9.0,0.0,0.0,2.93,0.0,0.0
2012-10-18 06:00:00,10.0,93,8.9,0.0,0.0,3.01,0.0,0.0
2012-10-18 07:00:00,10.2,92,8.9,0.0,0.0,2.89,18.0,0.0648
2012-10-18 08:00:00,12.6,83,9.8,0.0,0.0,2.75,156.0,0.5616
2012-10-18 09:00:00,15.5,70,10.1,0.0,0.0,2.83,330.0,1.188
2012-10-18 10:00:00,17.6,62,10.4,0.0,0.0,3.01,468.0,1.6847999999999999
2012-10-18 11:00:00,19.2,60,11.2,0.0,0.0,3.76,523.0,1.8828
2012-10-18 12:00:00,20.3,59,12.0,0.0,0.0,5.39,538.0,1.9367999999999999
2012-10-18 13:00:00,20.9,58,12.5,0.0,0.0,5.71,478.0,1.7207999999999999
2012-10-18 14:00:00,20.6,55,11.3,0.0,0.0,5.26,286.0,1.0296
2012-10-18 15:00:00,20.7,57,12.0,0.0,0.0,4.34,256.0,0.9216
2012-10-18 16:00:00,20.0,63,12.7,0.0,0.0,4.12,142.0,0.5112
2012-10-18 17:00:00,19.0,70,13.3,0.0,0.0,4.34,57.0,0.2052
2012-10-18 18:00:00,18.2,76,14.0,0.0,0.0,4.3,3.0,0.0108
2012-10-18 19:00:00,17.7,81,14.4,0.2,0.0,3.98,0.0,0.0
2012-10-18 20:00:00,17.4,86,15.0,0.3,0.0,3.64,0.0,0.0
2012-10-18 21:00:00,17.1,92,15.8,0.9,0.0,2.83,0.0,0.0
2012-10-18 22:00:00,17.1,94,16.1,0.4,0.0,2.15,0.0,0.0
2012-10-18 23:00:00,17.2,94,16.3,0.3,0.0,2.01,0.0,0.0
2012-10-19 00:00:00,17.0,95,16.1,0.2,0.0,2.33,0.0,0.0
2012-10-19 01:00:00,16.7,97,16.1,0.0,0.0,1.6,0.0,0.0
2012-10-19 02:00:00,16.1,100,16.1,0.2,0.0,0.32,0.0,0.0
2012-10-19 03:00:00,16.1,100,16.1,0.3,0.0,0.14,0.0,0.0
2012-10-19 04:00:00,16.1,100,16.0,1.4,0.0,0.41,0.0,0.0
2012-10-19 05:00:00,16.1,99,16.0,2.0,0.0,0.45,0.0,0.0
2012-10-19 06:00:00,16.0,100,15.9,1.3,0.0,0.71,0.0,0.0
2012-10-19 07:00:00,16.1,99,16.0,0.8,0.0,0.67,3.0,0.0108
2012-10-19 08:00:00,16.2,100,16.2,0.8,0.0,1.14,18.0,0.0648
2012-10-19 09:00:00,16.8,99,16.7,0.5,0.0,1.75,66.0,0.2376
2012-10-19 10:00:00,17.1,97,16.7,0.0,0.0,2.25,177.0,0.6372
2012-10-19 11:00:00,18.2,87,16.0,0.1,0.0,2.5,267.0,0.9611999999999999
2012-10-19 12:00:00,19.7,79,16.0,0.1,0.0,3.31,322.0,1.1592
2012-10-19 13:00:00,20.6,74,15.7,0.1,0.0,3.21,378.0,1.3608
2012-10-19 14:00:00,22.7,73,17.5,0.0,0.0,2.91,433.0,1.5588
2012-10-19 15:00:00,22.8,73,17.7,0.0,0.0,2.69,361.0,1.2995999999999999
2012-10-19 16:00:00,20.6,80,17.0,0.4,0.0,2.69,217.0,0.7812
2012-10-19 17:00:00,18.4,88,16.5,0.8,0.0,2.16,77.0,0.2772
2012-10-19 18:00:00,17.7,90,16.1,0.5,0.0,2.31,3.0,0.0108
2012-10-19 19:00:00,17.3,92,16.0,0.2,0.0,2.37,0.0,0.0
2012-10-19 20:00:00,17.2,93,16.0,0.0,0.0,2.77,0.0,0.0
2012-10-19 21:00:00,16.5,92,15.2,0.0,0.0,2.62,0.0,0.0
2012-10-19 22:00:00,15.3,91,13.8,0.0,0.0,2.48,0.0,0.0
2012-10-19 23:00:00,14.1,90,12.4,0.0,0.0,2.28,0.0,0.0
2012-10-20 00:00:00,13.3,88,11.3,0.0,0.0,2.33,0.0,0.0
2012-10-20 01:00:00,12.5,86,10.2,0.0,0.0,2.22,0.0,0.0
2012-10-20 02:00:00,11.9,75,7.7,0.0,0.0,2.52,0.0,0.0
2012-10-20 03:00:00,11.4,74,6.9,0.0,0.0,3.22,0.0,0.0
2012-10-20 04:00:00,11.1,72,6.2,0.0,0.0,3.41,0.0,0.0
2012-10-20 05:00:00,10.5,75,6.3,0.0,0.0,2.13,0.0,0.0
2012-10-20 06:00:00,10.7,74,6.3,0.0,0.0,1.12,0.0,0.0
2012-10-20 07:00:00,11.6,67,5.8,0.0,0.0,1.24,15.0,0.054
2012-10-20 08:00:00,12.2,77,8.2,0.0,0.0,1.22,133.0,0.4788
2012-10-20 09:00:00,14.1,66,7.9,0.0,0.0,1.22,248.0,0.8927999999999999
2012-10-20 10:00:00,15.6,58,7.3,0.0,0.0,1.68,321.0,1.1556
2012-10-20 11:00:00,16.9,52,6.9,0.0,0.0,1.9,436.0,1.5695999999999999
2012-10-20 12:00:00,18.2,47,6.8,0.0,0.0,1.92,617.0,2.2212
2012-10-20 13:00:00,19.1,42,5.9,0.0,0.0,2.83,555.0,1.998
2012-10-20 14:00:00,18.7,44,6.2,0.0,0.0,3.4,415.0,1.494
2012-10-20 15:00:00,18.0,45,6.0,0.0,0.0,2.77,126.0,0.4536
2012-10-20 16:00:00,17.5,48,6.3,0.0,0.0,2.47,94.0,0.3384
2012-10-20 17:00:00,16.7,48,5.7,0.0,0.0,2.13,59.0,0.2124
2012-10-20 18:00:00,15.5,50,5.2,0.0,0.0,1.97,3.0,0.0108
2012-10-20 19:00:00,14.1,53,4.6,0.0,0.0,2.11,0.0,0.0
2012-10-20 20:00:00,12.9,55,4.0,0.0,0.0,2.36,0.0,0.0
2012-10-20 21:00:00,12.1,57,3.9,0.0,0.0,2.83,0.0,0.0
2012-10-20 22:00:00,11.7,60,4.1,0.0,0.0,3.58,0.0,0.0
2012-10-20 23:00:00,11.3,63,4.4,0.0,0.0,4.08,0.0,0.0
2012-10-21 00:00:00,11.1,65,4.8,0.0,0.0,3.94,0.0,0.0
2012-10-21 01:00:00,10.7,68,5.1,0.0,0.0,3.58,0.0,0.0
2012-10-21 02:00:00,10.1,69,4.7,0.0,0.0,3.36,0.0,0.0
2012-10-21 03:00:00,9.5,73,4.9,0.0,0.0,3.14,0.0,0.0
2012-10-21 04:00:00,8.9,77,5.0,0.0,0.0,3.14,0.0,0.0
2012-10-21 05:00:00,8.5,79,5.0,0.0,0.0,3.23,0.0,0.0
2012-10-21 06:00:00,8.1,81,5.0,0.0,0.0,3.07,0.0,0.0
2012-10-21 07:00:00,8.0,83,5.2,0.0,0.0,3.01,15.0,0.054
2012-10-21 08:00:00,10.4,73,5.9,0.0,0.0,2.79,150.0,0.54
2012-10-21 09:00:00,12.6,63,5.8,0.0,0.0,3.28,329.0,1.1844
2012-10-21 10:00:00,14.3,57,5.9,0.0,0.0,3.22,486.0,1.7496
2012-10-21 11:00:00,15.7,50,5.4,0.0,0.0,3.14,598.0,2.1528
2012-10-21 12:00:00,16.7,45,4.8,0.0,0.0,3.36,659.0,2.3724
2012-10-21 13:00:00,17.3,43,4.5,0.0,0.0,3.89,627.0,2.2572
2012-10-21 14:00:00,18.0,40,4.2,0.0,0.0,3.94,438.0,1.5768
2012-10-21 15:00:00,18.0,39,3.7,0.0,0.0,4.05,293.0,1.0548
2012-10-21 16:00:00,17.7,39,3.6,0.0,0.0,3.42,224.0,0.8064
2012-10-21 17:00:00,16.6,42,3.7,0.0,0.0,1.84,85.0,0.306
2012-10-21 18:00:00,14.9,47,3.8,0.0,0.0,1.97,3.0,0.0108
2012-10-21 19:00:00,13.4,52,3.8,0.0,0.0,2.28,0.0,0.0
2012-10-21 20:00:00,12.2,57,3.8,0.0,0.0,2.51,0.0,0.0
2012-10-21 21:00:00,11.1,62,4.0,0.0,0.0,2.61,0.0,0.0
2012-10-21 22:00:00,10.1,68,4.4,0.0,0.0,2.47,0.0,0.0
2012-10-21 23:00:00,9.1,74,4.6,0.0,0.0,2.39,0.0,0.0
2012-10-22 00:00:00,8.3,77,4.6,0.0,0.0,2.2,0.0,0.0
2012-10-22 01:00:00,7.8,80,4.5,0.0,0.0,2.28,0.0,0.0
2012-10-22 02:00:00,7.3,80,4.2,0.0,0.0,2.44,0.0,0.0
2012-10-22 03:00:00,7.0,82,4.1,0.0,0.0,2.39,0.0,0.0
2012-10-22 04:00:00,6.8,83,4.1,0.0,0.0,2.28,0.0,0.0
2012-10-22 05:00:00,6.6,84,4.1,0.0,0.0,1.99,0.0,0.0
2012-10-22 06:00:00,6.5,84,4.0,0.0,0.0,1.96,0.0,0.0
2012-10-22 07:00:00,6.6,85,4.3,0.0,0.0,2.21,13.0,0.0468
2012-10-22 08:00:00,10.4,73,5.8,0.0,0.0,2.25,145.0,0.522
2012-10-22 09:00:00,14.0,59,6.0,0.0,0.0,2.06,323.0,1.1628
2012-10-22 10:00:00,16.3,51,6.1,0.0,0.0,2.44,478.0,1.7207999999999999
2012-10-22 11:00:00,17.9,46,6.0,0.0,0.0,2.33,587.0,2.1132
2012-10-22 12:00:00,19.0,43,6.0,0.0,0.0,2.24,639.0,2.3004
2012-10-22 13:00:00,19.8,41,6.0,0.0,0.0,2.51,629.0,2.2643999999999997
2012-10-22 14:00:00,20.6,39,6.2,0.0,0.0,2.53,560.0,2.016
2012-10-22 15:00:00,20.8,38,6.1,0.0,0.0,2.43,437.0,1.5732
2012-10-22 16:00:00,20.3,41,6.7,0.0,0.0,2.0,274.0,0.9863999999999999
2012-10-22 17:00:00,18.7,48,7.4,0.0,0.0,1.36,100.0,0.36
2012-10-22 18:00:00,16.3,58,8.0,0.0,0.0,1.77,3.0,0.0108
2012-10-22 19:00:00,14.3,68,8.6,0.0,0.0,1.93,0.0,0.0
2012-10-22 20:00:00,12.9,74,8.4,0.0,0.0,2.25,0.0,0.0
2012-10-22 21:00:00,12.1,77,8.1,0.0,0.0,2.36,0.0,0.0
2012-10-22 22:00:00,11.7,76,7.7,0.0,0.0,2.55,0.0,0.0
2012-10-22 23:00:00,11.5,76,7.3,0.0,0.0,2.69,0.0,0.0
2012-10-23 00:00:00,11.3,75,7.1,0.0,0.0,2.56,0.0,0.0
2012-10-23 01:00:00,11.0,76,7.0,0.0,0.0,2.5,0.0,0.0
2012-10-23 02:00:00,10.7,76,6.7,0.0,0.0,2.44,0.0,0.0
2012-10-23 03:00:00,10.4,78,6.8,0.0,0.0,2.39,0.0,0.0
2012-10-23 04:00:00,10.2,81,7.0,0.0,0.0,2.01,0.0,0.0
2012-10-23 05:00:00,9.8,84,7.2,0.0,0.0,1.9,0.0,0.0
2012-10-23 06:00:00,9.8,84,7.3,0.0,0.0,1.77,0.0,0.0
2012-10-23 07:00:00,10.6,81,7.5,0.0,0.0,1.13,12.0,0.0432
2012-10-23 08:00:00,12.7,81,9.5,0.0,0.0,1.0,128.0,0.4608
2012-10-23 09:00:00,16.0,66,9.6,0.0,0.0,0.51,268.0,0.9648
2012-10-23 10:00:00,18.8,59,10.6,0.0,0.0,0.1,421.0,1.5156
2012-10-23 11:00:00,21.3,54,11.7,0.0,0.0,0.58,532.0,1.9152
2012-10-23 12:00:00,23.3,51,12.5,0.0,0.0,1.0,593.0,2.1348
2012-10-23 13:00:00,24.7,48,12.8,0.0,0.0,1.55,600.0,2.16
2012-10-23 14:00:00,25.2,47,12.9,0.0,0.0,1.9,529.0,1.9043999999999999
2012-10-23 15:00:00,25.1,47,13.1,0.0,0.0,2.1,384.0,1.3824
2012-10-23 16:00:00,24.3,52,13.7,0.0,0.0,1.65,247.0,0.8892
2012-10-23 17:00:00,22.1,59,13.7,0.0,0.0,1.94,81.0,0.29159999999999997
2012-10-23 18:00:00,20.2,66,13.6,0.0,0.0,2.7,2.0,0.0072
2012-10-23 19:00:00,19.1,71,13.7,0.0,0.0,2.56,0.0,0.0
2012-10-23 20:00:00,18.3,75,13.7,0.0,0.0,2.33,0.0,0.0
2012-10-23 21:00:00,17.4,78,13.5,0.0,0.0,2.43,0.0,0.0
2012-10-23 22:00:00,16.6,80,13.2,0.0,0.0,2.42,0.0,0.0
2012-10-23 23:00:00,16.1,81,12.8,0.0,0.0,2.52,0.0,0.0
2012-10-24 00:00:00,15.5,82,12.5,0.0,0.0,2.44,0.0,0.0
2012-10-24 01:00:00,14.9,85,12.4,0.0,0.0,2.28,0.0,0.0
2012-10-24 02:00:00,14.3,86,12.1,0.0,0.0,2.05,0.0,0.0
2012-10-24 03:00:00,13.6,89,11.9,0.0,0.0,1.75,0.0,0.0
2012-10-24 04:00:00,13.1,91,11.7,0.0,0.0,1.39,0.0,0.0
2012-10-24 05:00:00,13.0,92,11.6,0.0,0.0,1.51,0.0,0.0
2012-10-24 06:00:00,12.7,93,11.6,0.0,0.0,1.26,0.0,0.0
2012-10-24 07:00:00,13.1,93,12.0,0.0,0.0,0.7,9.0,0.0324
2012-10-24 08:00:00,15.2,86,12.9,0.0,0.0,0.85,85.0,0.306
2012-10-24 09:00:00,17.7,75,13.3,0.0,0.0,0.3,166.0,0.5976
2012-10-24 10:00:00,20.3,67,14.0,0.0,0.0,0.32,272.0,0.9792
2012-10-24 11:00:00,23.2,57,14.2,0.0,0.0,0.63,447.0,1.6092
2012-10-24 12:00:00,25.3,48,13.5,0.0,0.0,1.22,596.0,2.1456
2012-10-24 13:00:00,26.4,43,12.8,0.0,0.0,1.06,596.0,2.1456
2012-10-24 14:00:00,26.8,43,13.1,0.0,0.0,0.57,533.0,1.9187999999999998
2012-10-24 15:00:00,26.7,42,12.6,0.0,0.0,0.14,406.0,1.4616
2012-10-24 16:00:00,25.8,54,15.6,0.0,0.0,0.86,247.0,0.8892
2012-10-24 17:00:00,23.9,53,13.9,0.0,0.0,0.73,87.0,0.3132
2012-10-24 18:00:00,21.4,64,14.2,0.0,0.0,1.56,2.0,0.0072
2012-10-24 19:00:00,19.8,72,14.5,0.0,0.0,1.77,0.0,0.0
2012-10-24 20:00:00,18.4,79,14.6,0.0,0.0,2.08,0.0,0.0
2012-10-24 21:00:00,17.3,84,14.6,0.0,0.0,1.71,0.0,0.0
2012-10-24 22:00:00,16.3,89,14.5,0.0,0.0,1.84,0.0,0.0
2012-10-24 23:00:00,15.6,91,14.1,0.0,0.0,1.84,0.0,0.0
2012-10-25 00:00:00,14.9,93,13.7,0.0,0.0,2.06,0.0,0.0
2012-10-25 01:00:00,14.5,95,13.6,0.0,0.0,2.35,0.0,0.0
2012-10-25 02:00:00,14.8,95,14.0,0.0,0.0,2.43,0.0,0.0
2012-10-25 03:00:00,14.7,96,14.1,0.0,0.0,2.61,0.0,0.0
2012-10-25 04:00:00,14.7,97,14.2,0.0,0.0,2.6,0.0,0.0
2012-10-25 05:00:00,14.7,98,14.4,0.0,0.0,2.02,0.0,0.0
2012-10-25 06:00:00,14.6,99,14.4,0.0,0.0,2.63,0.0,0.0
2012-10-25 07:00:00,14.5,99,14.4,0.0,0.0,3.26,8.0,0.0288
2012-10-25 08:00:00,16.1,91,14.7,0.0,0.0,3.6,106.0,0.3816
2012-10-25 09:00:00,18.2,79,14.5,0.0,0.0,3.69,200.0,0.72
2012-10-25 10:00:00,19.6,75,15.0,0.0,0.0,3.45,378.0,1.3608
2012-10-25 11:00:00,21.1,69,15.2,0.0,0.0,3.1,504.0,1.8144
2012-10-25 12:00:00,22.3,65,15.3,0.0,0.0,2.69,584.0,2.1024
2012-10-25 13:00:00,22.9,62,15.2,0.0,0.0,2.69,583.0,2.0987999999999998
2012-10-25 14:00:00,21.3,68,15.1,0.0,0.0,2.72,348.0,1.2528
2012-10-25 15:00:00,21.5,66,14.9,0.0,0.0,2.98,286.0,1.0296
2012-10-25 16:00:00,21.0,67,14.7,0.0,0.0,3.18,203.0,0.7308
2012-10-25 17:00:00,19.8,72,14.6,0.0,0.0,2.2,69.0,0.24839999999999998
2012-10-25 18:00:00,18.5,78,14.6,0.0,0.0,2.63,1.0,0.0036
2012-10-25 19:00:00,17.5,83,14.6,0.0,0.0,2.81,0.0,0.0
2012-10-25 20:00:00,16.8,87,14.6,0.0,0.0,2.9,0.0,0.0
2012-10-25 21:00:00,16.2,91,14.7,0.0,0.0,2.92,0.0,0.0
2012-10-25 22:00:00,16.0,93,14.8,0.0,0.0,2.98,0.0,0.0
2012-10-25 23:00:00,15.5,96,14.8,0.0,0.0,2.85,0.0,0.0
2012-10-26 00:00:00,14.9,98,14.6,0.0,0.0,2.73,0.0,0.0
2012-10-26 01:00:00,15.1,98,14.8,0.0,0.0,2.31,0.0,0.0
2012-10-26 02:00:00,15.1,96,14.5,0.0,0.0,1.8,0.0,0.0
2012-10-26 03:00:00,15.1,96,14.5,0.0,0.0,1.92,0.0,0.0
2012-10-26 04:00:00,15.0,97,14.5,0.0,0.0,2.1,0.0,0.0
2012-10-26 05:00:00,15.2,97,14.7,0.0,0.0,1.36,0.0,0.0
2012-10-26 06:00:00,15.3,97,14.8,0.0,0.0,1.43,0.0,0.0
2012-10-26 07:00:00,15.7,96,15.0,0.0,0.0,1.8,3.0,0.0108
2012-10-26 08:00:00,16.6,92,15.3,0.0,0.0,1.84,35.0,0.126
2012-10-26 09:00:00,17.6,87,15.4,0.0,0.0,2.64,90.0,0.324
2012-10-26 10:00:00,18.7,81,15.4,0.0,0.0,3.01,157.0,0.5652
2012-10-26 11:00:00,19.6,75,15.0,0.0,0.0,2.86,229.0,0.8244
2012-10-26 12:00:00,20.2,71,14.7,0.0,0.0,2.63,251.0,0.9036
2012-10-26 13:00:00,21.0,66,14.4,0.0,0.0,2.61,341.0,1.2276
2012-10-26 14:00:00,20.4,68,14.2,0.0,0.0,2.5,185.0,0.666
2012-10-26 15:00:00,20.2,69,14.3,0.0,0.0,1.99,116.0,0.41759999999999997
2012-10-26 16:00:00,19.7,72,14.5,0.0,0.0,1.92,62.0,0.22319999999999998
2012-10-26 17:00:00,19.1,74,14.5,0.0,0.0,1.78,23.0,0.0828
2012-10-26 18:00:00,18.5,77,14.4,0.0,0.0,2.33,0.0,0.0
2012-10-26 19:00:00,18.2,78,14.3,0.0,0.0,2.42,0.0,0.0
2012-10-26 20:00:00,17.9,79,14.3,0.0,0.0,2.51,0.0,0.0
2012-10-26 21:00:00,17.5,82,14.4,0.0,0.0,2.69,0.0,0.0
2012-10-26 22:00:00,17.1,84,14.5,0.0,0.0,2.53,0.0,0.0
2012-10-26 23:00:00,16.5,88,14.4,0.0,0.0,2.67,0.0,0.0
2012-10-27 00:00:00,16.0,90,14.4,0.0,0.0,2.64,0.0,0.0
2012-10-27 01:00:00,15.5,92,14.2,0.0,0.0,2.46,0.0,0.0
2012-10-27 02:00:00,15.5,92,14.3,0.0,0.0,2.38,0.0,0.0
2012-10-27 03:00:00,15.2,93,14.1,0.0,0.0,2.88,0.0,0.0
2012-10-27 04:00:00,15.0,93,13.9,0.0,0.0,2.88,0.0,0.0
2012-10-27 05:00:00,15.0,92,13.7,0.0,0.0,2.97,0.0,0.0
2012-10-27 06:00:00,14.7,92,13.4,0.0,0.0,2.87,0.0,0.0
2012-10-27 07:00:00,14.7,90,13.0,0.0,0.0,2.75,6.0,0.0216
2012-10-27 08:00:00,15.6,83,12.7,0.0,0.0,2.84,67.0,0.2412
2012-10-27 09:00:00,16.6,71,11.4,0.0,0.0,3.47,147.0,0.5292
2012-10-27 10:00:00,17.1,65,10.4,0.0,0.0,3.67,175.0,0.63
2012-10-27 11:00:00,17.9,59,9.7,0.0,0.0,3.64,304.0,1.0944
2012-10-27 12:00:00,18.4,56,9.4,0.0,0.0,3.67,332.0,1.1952
2012-10-27 13:00:00,18.5,56,9.5,0.0,0.0,3.81,318.0,1.1448
2012-10-27 14:00:00,19.5,52,9.4,0.0,0.0,3.64,359.0,1.2924
2012-10-27 15:00:00,19.2,53,9.4,0.0,0.0,3.31,253.0,0.9107999999999999
2012-10-27 16:00:00,18.7,54,9.3,0.0,0.0,3.28,137.0,0.49319999999999997
2012-10-27 17:00:00,17.8,57,9.2,0.0,0.0,2.39,37.0,0.13319999999999999
2012-10-27 18:00:00,17.2,60,9.2,0.0,0.0,3.05,0.0,0.0
2012-10-27 19:00:00,16.7,61,9.2,0.0,0.0,3.26,0.0,0.0
2012-10-27 20:00:00,16.3,63,9.2,0.0,0.0,3.47,0.0,0.0
2012-10-27 21:00:00,16.1,63,9.0,0.0,0.0,3.82,0.0,0.0
2012-10-27 22:00:00,15.8,62,8.6,0.0,0.0,3.91,0.0,0.0
2012-10-27 23:00:00,15.4,63,8.4,0.0,0.0,3.54,0.0,0.0
2012-10-28 00:00:00,15.0,66,8.6,0.0,0.0,3.84,0.0,0.0
2012-10-28 01:00:00,14.7,69,9.1,0.0,0.0,3.94,0.0,0.0
2012-10-28 02:00:00,15.0,74,10.4,0.0,0.0,3.89,0.0,0.0
2012-10-28 03:00:00,15.0,73,10.3,0.0,0.0,4.24,0.0,0.0
2012-10-28 04:00:00,14.9,71,9.6,0.0,0.0,4.48,0.0,0.0
2012-10-28 05:00:00,14.7,68,8.9,0.0,0.0,3.94,0.0,0.0
2012-10-28 06:00:00,14.2,69,8.6,0.0,0.0,3.81,0.0,0.0
2012-10-28 07:00:00,13.6,73,8.8,0.1,0.0,4.3,2.0,0.0072
2012-10-28 08:00:00,13.2,76,9.1,0.2,0.0,4.69,37.0,0.13319999999999999
2012-10-28 09:00:00,13.5,76,9.4,0.1,0.0,4.92,113.0,0.4068
2012-10-28 10:00:00,14.1,73,9.4,0.1,0.0,5.83,204.0,0.7343999999999999
2012-10-28 11:00:00,14.7,71,9.4,0.0,0.0,6.04,247.0,0.8892
2012-10-28 12:00:00,14.8,71,9.6,0.0,0.0,6.8,222.0,0.7992
2012-10-28 13:00:00,14.9,71,9.7,0.0,0.0,6.0,192.0,0.6912
2012-10-28 14:00:00,14.4,74,9.7,0.2,0.0,4.66,94.0,0.3384
2012-10-28 15:00:00,13.9,79,10.4,0.3,0.0,4.78,69.0,0.24839999999999998
2012-10-28 16:00:00,13.2,85,10.6,0.5,0.0,4.88,46.0,0.1656
2012-10-28 17:00:00,12.5,89,10.8,0.7,0.0,4.61,10.0,0.036
2012-10-28 18:00:00,12.3,91,10.8,0.8,0.0,4.82,0.0,0.0
2012-10-28 19:00:00,12.1,92,10.8,1.0,0.0,4.96,0.0,0.0
2012-10-28 20:00:00,11.9,93,10.8,1.1,0.0,5.26,0.0,0.0
2012-10-28 21:00:00,11.8,93,10.7,1.1,0.0,5.35,0.0,0.0
2012-10-28 22:00:00,11.7,94,10.7,1.0,0.0,5.02,0.0,0.0
2012-10-28 23:00:00,11.6,94,10.6,1.1,0.0,5.02,0.0,0.0
2012-10-29 00:00:00,11.4,95,10.5,1.0,0.0,5.18,0.0,0.0
2012-10-29 01:00:00,11.2,95,10.3,1.3,0.0,5.04,0.0,0.0
2012-10-29 02:00:00,11.4,95,10.5,0.8,0.0,4.91,0.0,0.0
2012-10-29 03:00:00,11.2,94,10.3,1.0,0.0,5.11,0.0,0.0
2012-10-29 04:00:00,11.0,94,10.1,1.6,0.0,5.5,0.0,0.0
2012-10-29 05:00:00,10.8,94,9.8,2.2,0.0,5.69,0.0,0.0
2012-10-29 06:00:00,10.6,94,9.7,3.1,0.0,6.06,0.0,0.0
2012-10-29 07:00:00,10.5,94,9.6,4.1,0.0,5.92,0.0,0.0
2012-10-29 08:00:00,10.5,94,9.5,5.0,0.0,7.11,3.0,0.0108
2012-10-29 09:00:00,10.3,94,9.4,4.8,0.0,7.74,9.0,0.0324
2012-10-29 10:00:00,10.0,94,9.1,4.4,0.0,8.3,11.0,0.039599999999999996
2012-10-29 11:00:00,9.8,94,8.9,4.4,0.0,9.05,11.0,0.039599999999999996
2012-10-29 12:00:00,9.8,94,8.9,3.7,0.0,8.98,19.0,0.0684
2012-10-29 13:00:00,9.9,94,8.9,3.3,0.0,9.75,26.0,0.0936
2012-10-29 14:00:00,9.6,93,8.6,4.6,0.0,10.7,19.0,0.0684
2012-10-29 15:00:00,9.3,93,8.3,4.5,0.0,11.2,10.0,0.036
2012-10-29 16:00:00,9.2,93,8.2,5.1,0.0,11.48,9.0,0.0324
2012-10-29 17:00:00,9.1,93,8.1,6.1,0.0,11.71,2.0,0.0072
2012-10-29 18:00:00,8.9,93,7.9,5.7,0.0,12.01,0.0,0.0
2012-10-29 19:00:00,8.8,93,7.7,4.3,0.0,11.85,0.0,0.0
2012-10-29 20:00:00,8.6,93,7.5,4.6,0.0,11.81,0.0,0.0
2012-10-29 21:00:00,8.4,93,7.3,4.6,0.0,11.85,0.0,0.0
2012-10-29 22:00:00,8.2,93,7.1,2.3,0.0,11.46,0.0,0.0
2012-10-29 23:00:00,8.1,93,7.0,2.5,0.0,9.9,0.0,0.0
2012-10-30 00:00:00,8.1,93,7.1,2.3,0.0,7.96,0.0,0.0
2012-10-30 01:00:00,7.9,94,6.9,4.0,0.0,7.22,0.0,0.0
2012-10-30 02:00:00,6.2,96,5.5,3.7,0.0,7.69,0.0,0.0
2012-10-30 03:00:00,5.7,97,5.3,3.0,0.0,7.67,0.0,0.0
2012-10-30 04:00:00,5.5,96,4.9,2.0,0.0,7.4,0.0,0.0
2012-10-30 05:00:00,5.2,95,4.5,1.9,0.0,6.48,0.0,0.0
2012-10-30 06:00:00,4.8,96,4.2,2.1,0.0,6.32,0.0,0.0
2012-10-30 07:00:00,4.5,97,4.1,1.9,0.0,5.91,0.0,0.0
2012-10-30 08:00:00,4.4,97,4.0,1.7,0.0,5.77,6.0,0.0216
2012-10-30 09:00:00,4.4,96,3.9,1.4,0.0,5.61,11.0,0.039599999999999996
2012-10-30 10:00:00,4.5,96,3.9,1.2,0.0,5.63,33.0,0.1188
2012-10-30 11:00:00,4.7,95,3.9,1.0,0.0,5.58,52.0,0.1872
2012-10-30 12:00:00,5.2,92,4.1,0.7,0.0,5.5,106.0,0.3816
2012-10-30 13:00:00,5.4,91,4.1,0.5,0.0,5.26,79.0,0.2844
2012-10-30 14:00:00,5.3,82,2.6,0.4,0.0,4.7,124.0,0.44639999999999996
2012-10-30 15:00:00,5.9,83,3.2,0.3,0.0,4.43,102.0,0.36719999999999997
2012-10-30 16:00:00,5.9,85,3.6,0.2,0.0,4.25,71.0,0.2556
2012-10-30 17:00:00,5.8,87,3.7,0.2,0.0,2.59,24.0,0.0864
2012-10-30 18:00:00,5.6,89,3.9,0.2,0.0,2.37,0.0,0.0
2012-10-30 19:00:00,5.5,89,3.8,0.1,0.0,2.28,0.0,0.0
2012-10-30 20:00:00,5.7,88,3.9,0.0,0.0,2.09,0.0,0.0
2012-10-30 21:00:00,5.7,88,3.9,0.0,0.0,1.94,0.0,0.0
2012-10-30 22:00:00,5.7,86,3.6,0.0,0.0,2.01,0.0,0.0
2012-10-30 23:00:00,5.5,86,3.4,0.0,0.0,2.22,0.0,0.0
2012-10-31 00:00:00,5.3,86,3.2,0.0,0.0,2.31,0.0,0.0
2012-10-31 01:00:00,5.0,87,3.0,0.0,0.0,2.37,0.0,0.0
2012-10-31 02:00:00,4.6,95,3.8,0.0,0.0,2.47,0.0,0.0
2012-10-31 03:00:00,4.6,94,3.7,0.0,0.0,2.47,0.0,0.0
2012-10-31 04:00:00,4.2,94,3.4,0.0,0.0,2.47,0.0,0.0
2012-10-31 05:00:00,3.9,94,3.0,0.0,0.0,2.28,0.0,0.0
2012-10-31 06:00:00,4.1,93,3.0,0.0,0.0,1.89,0.0,0.0
2012-10-31 07:00:00,4.1,92,3.0,0.0,0.0,2.1,4.0,0.0144
2012-10-31 08:00:00,5.4,88,3.6,0.0,0.0,2.33,88.0,0.31679999999999997
2012-10-31 09:00:00,6.8,81,3.8,0.0,0.0,2.66,218.0,0.7847999999999999
2012-10-31 10:00:00,8.5,69,3.1,0.0,0.0,2.98,356.0,1.2816
2012-10-31 11:00:00,9.4,60,2.1,0.0,0.0,3.86,364.0,1.3104
2012-10-31 12:00:00,10.4,57,2.3,0.0,0.0,3.77,419.0,1.5084
2012-10-31 13:00:00,10.9,56,2.4,0.0,0.0,3.55,418.0,1.5048
2012-10-31 14:00:00,11.3,54,2.3,0.0,0.0,3.49,233.0,0.8388
2012-10-31 15:00:00,11.1,53,2.0,0.0,0.0,3.69,162.0,0.5831999999999999
2012-10-31 16:00:00,10.9,56,2.3,0.0,0.0,3.01,72.0,0.2592
2012-10-31 17:00:00,10.5,57,2.3,0.0,0.0,1.56,27.0,0.0972
2012-10-31 18:00:00,10.0,60,2.6,0.0,0.0,1.56,0.0,0.0
2012-10-31 19:00:00,9.7,60,2.4,0.0,0.0,1.9,0.0,0.0
2012-10-31 20:00:00,9.2,59,1.7,0.0,0.0,2.0,0.0,0.0
2012-10-31 21:00:00,8.7,59,1.2,0.0,0.0,2.33,0.0,0.0
2012-10-31 22:00:00,8.0,62,1.0,0.0,0.0,2.41,0.0,0.0
2012-10-31 23:00:00,7.3,65,1.1,0.0,0.0,2.4,0.0,0.0
2012-11-01 00:00:00,6.8,67,1.2,0.0,0.0,2.41,0.0,0.0
2012-11-01 01:00:00,6.6,69,1.3,0.0,0.0,2.4,0.0,0.0
2012-11-01 02:00:00,6.0,76,2.1,0.0,0.0,2.55,0.0,0.0
2012-11-01 03:00:00,5.3,80,2.2,0.0,0.0,2.64,0.0,0.0
2012-11-01 04:00:00,5.2,80,2.1,0.0,0.0,2.69,0.0,0.0
2012-11-01 05:00:00,5.4,78,2.0,0.0,0.0,2.91,0.0,0.0
2012-11-01 06:00:00,6.2,73,1.8,0.0,0.0,2.56,0.0,0.0
2012-11-01 07:00:00,6.6,72,1.8,0.0,0.0,2.28,2.0,0.0072
2012-11-01 08:00:00,7.1,72,2.3,0.0,0.0,2.3,53.0,0.1908
2012-11-01 09:00:00,8.0,66,2.1,0.0,0.0,2.6,144.0,0.5184
2012-11-01 10:00:00,9.1,62,2.1,0.0,0.0,3.34,260.0,0.9359999999999999
2012-11-01 11:00:00,10.1,58,2.2,0.0,0.0,3.5,305.0,1.0979999999999999
2012-11-01 12:00:00,10.9,56,2.4,0.0,0.0,3.82,323.0,1.1628
2012-11-01 13:00:00,11.1,55,2.3,0.0,0.0,3.1,269.0,0.9683999999999999
2012-11-01 14:00:00,9.7,67,3.8,0.0,0.0,2.71,120.0,0.432
2012-11-01 15:00:00,9.9,67,4.0,0.0,0.0,2.02,109.0,0.39239999999999997
2012-11-01 16:00:00,10.0,67,4.1,0.0,0.0,1.9,95.0,0.34199999999999997
2012-11-01 17:00:00,9.6,69,4.2,0.0,0.0,2.12,34.0,0.1224
2012-11-01 18:00:00,9.2,69,3.9,0.0,0.0,2.5,0.0,0.0
2012-11-01 19:00:00,8.9,68,3.4,0.0,0.0,2.31,0.0,0.0
2012-11-01 20:00:00,8.8,67,3.0,0.0,0.0,2.62,0.0,0.0
2012-11-01 21:00:00,8.6,66,2.7,0.0,0.0,2.84,0.0,0.0
2012-11-01 22:00:00,8.4,66,2.5,0.0,0.0,3.13,0.0,0.0
2012-11-01 23:00:00,8.3,67,2.5,0.0,0.0,3.21,0.0,0.0
2012-11-02 00:00:00,7.8,68,2.3,0.0,0.0,3.2,0.0,0.0
2012-11-02 01:00:00,7.4,68,1.9,0.0,0.0,3.4,0.0,0.0
2012-11-02 02:00:00,6.3,83,3.5,0.0,0.0,3.31,0.0,0.0
2012-11-02 03:00:00,5.9,81,2.9,0.0,0.0,2.8,0.0,0.0
2012-11-02 04:00:00,5.1,83,2.4,0.0,0.0,2.43,0.0,0.0
2012-11-02 05:00:00,4.5,84,2.0,0.0,0.0,2.42,0.0,0.0
2012-11-02 06:00:00,4.0,86,1.8,0.0,0.0,2.5,0.0,0.0
2012-11-02 07:00:00,3.8,86,1.7,0.0,0.0,2.56,4.0,0.0144
2012-11-02 08:00:00,5.5,82,2.7,0.0,0.0,2.77,96.0,0.3456
2012-11-02 09:00:00,7.7,70,2.5,0.0,0.0,3.04,241.0,0.8675999999999999
2012-11-02 10:00:00,8.6,62,1.8,0.0,0.0,4.44,327.0,1.1772
2012-11-02 11:00:00,9.5,56,1.1,0.1,0.0,5.78,481.0,1.7316
2012-11-02 12:00:00,10.1,50,0.1,0.0,0.0,5.77,422.0,1.5191999999999999
2012-11-02 13:00:00,10.7,45,-0.8,0.0,0.0,6.22,377.0,1.3572
2012-11-02 14:00:00,10.8,47,-0.2,0.0,0.0,6.18,340.0,1.224
2012-11-02 15:00:00,10.9,44,-0.8,0.0,0.0,6.05,358.0,1.2888
2012-11-02 16:00:00,10.3,44,-1.5,0.0,0.0,5.51,203.0,0.7308
2012-11-02 17:00:00,9.3,46,-1.8,0.0,0.0,4.34,62.0,0.22319999999999998
2012-11-02 18:00:00,8.4,48,-2.0,0.0,0.0,4.22,0.0,0.0
2012-11-02 19:00:00,7.8,50,-2.0,0.0,0.0,3.98,0.0,0.0
2012-11-02 20:00:00,7.2,53,-1.7,0.0,0.0,3.77,0.0,0.0
2012-11-02 21:00:00,6.7,57,-1.2,0.0,0.0,3.94,0.0,0.0
2012-11-02 22:00:00,6.2,61,-0.8,0.0,0.0,3.89,0.0,0.0
2012-11-02 23:00:00,5.7,63,-0.7,0.0,0.0,3.85,0.0,0.0
2012-11-03 00:00:00,5.3,64,-0.9,0.0,0.0,3.85,0.0,0.0
2012-11-03 01:00:00,5.0,65,-1.1,0.0,0.0,3.94,0.0,0.0
2012-11-03 02:00:00,5.1,64,-1.0,0.0,0.0,4.03,0.0,0.0
2012-11-03 03:00:00,4.8,65,-1.3,0.0,0.0,4.03,0.0,0.0
2012-11-03 04:00:00,4.6,65,-1.4,0.0,0.0,3.98,0.0,0.0
2012-11-03 05:00:00,4.3,66,-1.5,0.0,0.0,3.18,0.0,0.0
2012-11-03 06:00:00,4.2,66,-1.6,0.0,0.0,3.16,0.0,0.0
2012-11-03 07:00:00,4.0,68,-1.3,0.0,0.0,3.45,4.0,0.0144
2012-11-03 08:00:00,4.9,68,-0.5,0.0,0.0,3.44,107.0,0.3852
2012-11-03 09:00:00,6.3,62,-0.4,0.0,0.0,5.52,278.0,1.0008
2012-11-03 10:00:00,7.6,57,-0.4,0.0,0.0,5.8,417.0,1.5011999999999999
2012-11-03 11:00:00,8.6,53,-0.4,0.0,0.0,5.45,481.0,1.7316
2012-11-03 12:00:00,9.0,51,-0.6,0.0,0.0,5.34,359.0,1.2924
2012-11-03 13:00:00,9.1,50,-0.7,0.0,0.0,5.69,286.0,1.0296
2012-11-03 14:00:00,8.9,51,-0.8,0.0,0.0,5.38,209.0,0.7524
2012-11-03 15:00:00,9.1,49,-1.0,0.0,0.0,5.69,203.0,0.7308
2012-11-03 16:00:00,8.9,49,-1.3,0.0,0.0,5.38,113.0,0.4068
2012-11-03 17:00:00,8.4,50,-1.4,0.0,0.0,3.4,41.0,0.1476
2012-11-03 18:00:00,7.7,53,-1.3,0.0,0.0,3.27,0.0,0.0
2012-11-03 19:00:00,7.0,56,-1.1,0.0,0.0,3.18,0.0,0.0
2012-11-03 20:00:00,6.0,62,-0.8,0.0,0.0,3.13,0.0,0.0
2012-11-03 21:00:00,5.0,68,-0.4,0.0,0.0,2.82,0.0,0.0
2012-11-03 22:00:00,4.1,73,-0.3,0.0,0.0,2.73,0.0,0.0
2012-11-03 23:00:00,3.8,75,-0.2,0.0,0.0,2.68,0.0,0.0
2012-11-04 00:00:00,3.2,78,-0.2,0.0,0.0,2.56,0.0,0.0
2012-11-04 01:00:00,2.7,81,-0.3,0.0,0.0,2.39,0.0,0.0
2012-11-04 02:00:00,3.0,80,-0.1,0.0,0.0,2.01,0.0,0.0
2012-11-04 03:00:00,2.5,82,-0.2,0.0,0.0,1.96,0.0,0.0
2012-11-04 04:00:00,1.9,85,-0.4,0.0,0.0,2.06,0.0,0.0
2012-11-04 05:00:00,1.7,85,-0.6,0.0,0.0,1.66,0.0,0.0
2012-11-04 06:00:00,1.9,86,-0.3,0.0,0.0,1.77,0.0,0.0
2012-11-04 07:00:00,2.0,87,-0.0,0.0,0.0,1.66,3.0,0.0108
2012-11-04 08:00:00,4.3,79,0.9,0.0,0.0,1.8,76.0,0.2736
2012-11-04 09:00:00,6.4,67,0.7,0.0,0.0,2.11,244.0,0.8784
2012-11-04 10:00:00,7.3,59,-0.3,0.0,0.0,2.76,358.0,1.2888
2012-11-04 11:00:00,8.4,55,-0.2,0.0,0.0,2.77,491.0,1.7676
2012-11-04 12:00:00,9.1,53,-0.0,0.0,0.0,2.86,529.0,1.9043999999999999
2012-11-04 13:00:00,9.8,50,-0.0,0.0,0.0,2.84,549.0,1.9764
2012-11-04 14:00:00,10.0,49,-0.2,0.0,0.0,3.33,448.0,1.6128
2012-11-04 15:00:00,10.1,47,-0.7,0.0,0.0,3.47,363.0,1.3068
2012-11-04 16:00:00,9.5,48,-1.0,0.0,0.0,3.47,213.0,0.7667999999999999
2012-11-04 17:00:00,8.2,53,-0.8,0.0,0.0,1.8,57.0,0.2052
2012-11-04 18:00:00,7.1,58,-0.7,0.0,0.0,2.28,0.0,0.0
2012-11-04 19:00:00,6.3,61,-0.6,0.0,0.0,2.66,0.0,0.0
2012-11-04 20:00:00,5.8,64,-0.4,0.0,0.0,2.88,0.0,0.0
2012-11-04 21:00:00,4.9,71,0.1,0.0,0.0,2.82,0.0,0.0
2012-11-04 22:00:00,4.2,75,0.1,0.0,0.0,2.47,0.0,0.0
2012-11-04 23:00:00,4.0,74,-0.2,0.0,0.0,2.37,0.0,0.0
2012-11-05 00:00:00,4.2,71,-0.5,0.0,0.0,2.3,0.0,0.0
2012-11-05 01:00:00,4.8,66,-1.0,0.0,0.0,2.42,0.0,0.0
2012-11-05 02:00:00,4.1,66,-1.6,0.0,0.0,2.2,0.0,0.0
2012-11-05 03:00:00,3.8,67,-1.7,0.0,0.0,2.28,0.0,0.0
2012-11-05 04:00:00,3.8,65,-2.2,0.0,0.0,2.3,0.0,0.0
2012-11-05 05:00:00,3.8,63,-2.6,0.0,0.0,2.05,0.0,0.0
2012-11-05 06:00:00,3.8,61,-3.0,0.0,0.0,2.2,0.0,0.0
2012-11-05 07:00:00,3.6,64,-2.6,0.0,0.0,2.02,2.0,0.0072
2012-11-05 08:00:00,4.3,58,-3.3,0.0,0.0,2.11,56.0,0.2016
2012-11-05 09:00:00,4.9,53,-3.8,0.0,0.0,3.54,194.0,0.6984
2012-11-05 10:00:00,5.6,51,-3.7,0.0,0.0,3.16,300.0,1.08
2012-11-05 11:00:00,6.6,49,-3.3,0.0,0.0,3.1,482.0,1.7351999999999999
2012-11-05 12:00:00,7.4,48,-2.9,0.0,0.0,3.05,544.0,1.9584
2012-11-05 13:00:00,8.1,46,-2.7,0.0,0.0,3.04,578.0,2.0808
2012-11-05 14:00:00,8.8,45,-2.4,0.0,0.0,3.14,509.0,1.8324
2012-11-05 15:00:00,8.9,45,-2.5,0.0,0.0,3.22,383.0,1.3788
2012-11-05 16:00:00,8.5,44,-2.9,0.0,0.0,2.92,226.0,0.8136
2012-11-05 17:00:00,7.4,49,-2.6,0.0,0.0,1.5,59.0,0.2124
2012-11-05 18:00:00,6.0,57,-2.0,0.0,0.0,1.75,0.0,0.0
2012-11-05 19:00:00,4.5,64,-1.6,0.0,0.0,1.75,0.0,0.0
2012-11-05 20:00:00,3.4,68,-1.9,0.0,0.0,2.24,0.0,0.0
2012-11-05 21:00:00,2.5,71,-2.1,0.0,0.0,2.51,0.0,0.0
2012-11-05 22:00:00,1.8,75,-2.1,0.0,0.0,2.06,0.0,0.0
2012-11-05 23:00:00,1.2,76,-2.5,0.0,0.0,2.01,0.0,0.0
2012-11-06 00:00:00,0.6,78,-2.8,0.0,0.0,2.02,0.0,0.0
2012-11-06 01:00:00,0.4,77,-3.1,0.0,0.0,2.02,0.0,0.0
2012-11-06 02:00:00,0.3,81,-2.5,0.0,0.0,2.08,0.0,0.0
2012-11-06 03:00:00,0.0,82,-2.7,0.0,0.0,2.13,0.0,0.0
2012-11-06 04:00:00,-0.3,83,-2.9,0.0,0.0,1.98,0.0,0.0
2012-11-06 05:00:00,-0.6,83,-3.1,0.0,0.0,1.7,0.0,0.0
2012-11-06 06:00:00,-0.8,84,-3.2,0.0,0.0,2.0,0.0,0.0
2012-11-06 07:00:00,-1.0,84,-3.3,0.0,0.0,2.06,2.0,0.0072
2012-11-06 08:00:00,1.1,81,-1.9,0.0,0.0,2.2,94.0,0.3384
2012-11-06 09:00:00,3.7,63,-2.8,0.0,0.0,2.69,259.0,0.9324
2012-11-06 10:00:00,4.8,55,-3.4,0.0,0.0,2.14,421.0,1.5156
2012-11-06 11:00:00,5.8,51,-3.5,0.0,0.0,1.81,536.0,1.9296
2012-11-06 12:00:00,6.7,48,-3.5,0.0,0.0,2.02,599.0,2.1564
2012-11-06 13:00:00,7.2,48,-3.1,0.0,0.0,2.16,594.0,2.1384
2012-11-06 14:00:00,7.5,49,-2.6,0.0,0.0,2.35,514.0,1.8504
2012-11-06 15:00:00,7.2,50,-2.6,0.0,0.0,2.77,327.0,1.1772
2012-11-06 16:00:00,6.7,52,-2.5,0.0,0.0,2.83,187.0,0.6732
2012-11-06 17:00:00,6.1,55,-2.2,0.0,0.0,1.75,41.0,0.1476
2012-11-06 18:00:00,5.6,61,-1.3,0.0,0.0,2.3,0.0,0.0
2012-11-06 19:00:00,5.4,66,-0.4,0.0,0.0,2.79,0.0,0.0
2012-11-06 20:00:00,5.2,69,0.1,0.0,0.0,2.33,0.0,0.0
2012-11-06 21:00:00,5.3,71,0.5,0.0,0.0,2.62,0.0,0.0
2012-11-06 22:00:00,5.3,71,0.6,0.0,0.0,2.97,0.0,0.0
2012-11-06 23:00:00,5.1,71,0.2,0.0,0.0,2.97,0.0,0.0
2012-11-07 00:00:00,4.9,69,-0.4,0.0,0.0,3.06,0.0,0.0
2012-11-07 01:00:00,4.6,67,-1.1,0.0,0.0,3.26,0.0,0.0
2012-11-07 02:00:00,4.2,67,-1.4,0.0,0.0,3.3,0.0,0.0
2012-11-07 03:00:00,3.9,65,-2.2,0.0,0.0,3.4,0.0,0.0
2012-11-07 04:00:00,3.7,63,-2.6,0.0,0.0,3.45,0.0,0.0
2012-11-07 05:00:00,3.5,63,-2.8,0.0,0.0,2.71,0.0,0.0
2012-11-07 06:00:00,3.3,65,-2.8,0.0,0.0,2.83,0.0,0.0
2012-11-07 07:00:00,3.0,67,-2.4,0.0,0.0,3.01,1.0,0.0036
2012-11-07 08:00:00,3.0,71,-1.8,0.0,0.07,3.0,23.0,0.0828
2012-11-07 09:00:00,3.4,72,-1.2,0.0,0.0,3.52,87.0,0.3132
2012-11-07 10:00:00,4.0,70,-1.1,0.0,0.0,3.41,147.0,0.5292
2012-11-07 11:00:00,4.7,65,-1.3,0.0,0.0,3.52,200.0,0.72
2012-11-07 12:00:00,5.6,60,-1.5,0.0,0.0,3.91,282.0,1.0151999999999999
2012-11-07 13:00:00,5.6,59,-1.9,0.0,0.0,3.8,192.0,0.6912
2012-11-07 14:00:00,6.1,60,-1.1,0.0,0.0,3.6,124.0,0.44639999999999996
2012-11-07 15:00:00,6.1,57,-1.8,0.0,0.0,3.85,72.0,0.2592
2012-11-07 16:00:00,6.0,56,-2.2,0.0,0.0,3.65,56.0,0.2016
2012-11-07 17:00:00,5.6,56,-2.5,0.0,0.0,2.75,14.0,0.0504
2012-11-07 18:00:00,5.1,60,-2.1,0.1,0.0,3.06,0.0,0.0
2012-11-07 19:00:00,4.7,64,-1.5,0.1,0.0,3.13,0.0,0.0
2012-11-07 20:00:00,4.4,66,-1.3,0.1,0.0,2.85,0.0,0.0
2012-11-07 21:00:00,4.4,65,-1.6,0.0,0.0,3.04,0.0,0.0
2012-11-07 22:00:00,4.3,64,-2.0,0.0,0.0,3.42,0.0,0.0
2012-11-07 23:00:00,4.2,61,-2.6,0.0,0.0,3.76,0.0,0.0
2012-11-08 00:00:00,4.0,60,-3.0,0.0,0.0,3.86,0.0,0.0
2012-11-08 01:00:00,3.8,60,-3.3,0.0,0.0,3.89,0.0,0.0
2012-11-08 02:00:00,4.5,51,-4.9,0.0,0.0,3.97,0.0,0.0
2012-11-08 03:00:00,4.4,48,-5.6,0.0,0.0,4.12,0.0,0.0
2012-11-08 04:00:00,4.3,47,-6.1,0.0,0.0,4.31,0.0,0.0
2012-11-08 05:00:00,3.9,48,-6.3,0.0,0.0,4.32,0.0,0.0
2012-11-08 06:00:00,3.4,49,-6.3,0.0,0.0,4.31,0.0,0.0
2012-11-08 07:00:00,3.1,52,-5.9,0.0,0.0,4.25,1.0,0.0036
2012-11-08 08:00:00,3.4,55,-4.8,0.0,0.0,4.32,83.0,0.2988
2012-11-08 09:00:00,4.5,51,-4.7,0.0,0.0,4.81,236.0,0.8496
2012-11-08 10:00:00,6.0,47,-4.6,0.0,0.0,5.39,404.0,1.4544
2012-11-08 11:00:00,7.5,42,-4.6,0.0,0.0,5.61,499.0,1.7964
2012-11-08 12:00:00,8.9,38,-4.8,0.0,0.0,5.95,583.0,2.0987999999999998
2012-11-08 13:00:00,10.0,34,-5.0,0.0,0.0,6.08,580.0,2.088
2012-11-08 14:00:00,11.4,31,-5.3,0.0,0.0,6.01,502.0,1.8072
2012-11-08 15:00:00,11.3,31,-5.3,0.0,0.0,6.08,363.0,1.3068
2012-11-08 16:00:00,10.5,33,-5.0,0.0,0.0,5.45,213.0,0.7667999999999999
2012-11-08 17:00:00,9.2,35,-5.6,0.0,0.0,4.33,54.0,0.1944
2012-11-08 18:00:00,8.2,39,-5.0,0.0,0.0,4.89,0.0,0.0
2012-11-08 19:00:00,7.4,44,-3.9,0.0,0.0,5.32,0.0,0.0
2012-11-08 20:00:00,6.7,50,-3.1,0.0,0.0,5.38,0.0,0.0
2012-11-08 21:00:00,6.2,54,-2.5,0.0,0.0,5.52,0.0,0.0
2012-11-08 22:00:00,5.7,56,-2.3,0.0,0.0,5.52,0.0,0.0
2012-11-08 23:00:00,5.2,58,-2.3,0.0,0.0,5.38,0.0,0.0
2012-11-09 00:00:00,4.7,60,-2.4,0.0,0.0,5.02,0.0,0.0
2012-11-09 01:00:00,4.2,62,-2.5,0.0,0.0,4.67,0.0,0.0
2012-11-09 02:00:00,4.6,60,-2.4,0.0,0.0,4.38,0.0,0.0
2012-11-09 03:00:00,4.2,62,-2.5,0.0,0.0,4.17,0.0,0.0
2012-11-09 04:00:00,3.8,63,-2.5,0.0,0.0,4.03,0.0,0.0
2012-11-09 05:00:00,3.5,65,-2.5,0.0,0.0,3.34,0.0,0.0
2012-11-09 06:00:00,3.2,67,-2.3,0.0,0.0,3.33,0.0,0.0
2012-11-09 07:00:00,3.0,71,-1.7,0.0,0.0,3.2,1.0,0.0036
2012-11-09 08:00:00,3.9,73,-0.5,0.0,0.0,3.28,87.0,0.3132
2012-11-09 09:00:00,6.0,65,-0.0,0.0,0.0,3.82,251.0,0.9036
2012-11-09 10:00:00,7.7,61,0.6,0.0,0.0,3.96,400.0,1.44
2012-11-09 11:00:00,9.3,56,1.0,0.0,0.0,3.68,506.0,1.8215999999999999
2012-11-09 12:00:00,10.7,52,1.3,0.0,0.0,3.32,556.0,2.0016
2012-11-09 13:00:00,11.8,49,1.5,0.0,0.0,3.06,547.0,1.9691999999999998
2012-11-09 14:00:00,12.9,47,2.0,0.0,0.0,3.05,479.0,1.7244
2012-11-09 15:00:00,13.1,47,2.0,0.0,0.0,2.91,358.0,1.2888
2012-11-09 16:00:00,12.5,51,2.5,0.0,0.0,1.99,201.0,0.7236
2012-11-09 17:00:00,11.2,57,3.1,0.0,0.0,1.17,47.0,0.1692
2012-11-09 18:00:00,9.6,69,4.1,0.0,0.0,1.44,0.0,0.0
2012-11-09 19:00:00,9.7,62,2.7,0.0,0.0,1.84,0.0,0.0
2012-11-09 20:00:00,9.3,64,2.7,0.0,0.0,1.52,0.0,0.0
2012-11-09 21:00:00,6.7,77,2.9,0.0,0.0,1.79,0.0,0.0
2012-11-09 22:00:00,4.9,86,2.8,0.0,0.0,2.01,0.0,0.0
2012-11-09 23:00:00,4.5,88,2.6,0.0,0.0,2.02,0.0,0.0
2012-11-10 00:00:00,4.4,87,2.4,0.0,0.0,2.05,0.0,0.0
2012-11-10 01:00:00,4.9,84,2.5,0.0,0.0,2.08,0.0,0.0
2012-11-10 02:00:00,5.1,82,2.3,0.0,0.0,2.01,0.0,0.0
2012-11-10 03:00:00,5.8,80,2.7,0.0,0.0,1.56,0.0,0.0
2012-11-10 04:00:00,4.9,84,2.5,0.0,0.0,1.14,0.0,0.0
2012-11-10 05:00:00,5.4,84,2.9,0.0,0.0,1.21,0.0,0.0
2012-11-10 06:00:00,5.3,85,3.0,0.0,0.0,1.36,0.0,0.0
2012-11-10 07:00:00,5.2,86,3.0,0.0,0.0,1.62,1.0,0.0036
2012-11-10 08:00:00,5.2,88,3.4,0.0,0.0,1.92,81.0,0.29159999999999997
2012-11-10 09:00:00,8.4,76,4.4,0.0,0.0,0.92,230.0,0.828
2012-11-10 10:00:00,11.1,65,4.9,0.0,0.0,0.89,381.0,1.3716
2012-11-10 11:00:00,13.3,58,5.3,0.0,0.0,0.86,495.0,1.782
2012-11-10 12:00:00,14.8,54,5.5,0.0,0.0,0.99,517.0,1.8612
2012-11-10 13:00:00,15.6,52,5.7,0.0,0.0,1.27,505.0,1.818
2012-11-10 14:00:00,16.9,48,5.8,0.0,0.0,1.84,445.0,1.6019999999999999
2012-11-10 15:00:00,16.6,49,5.9,0.0,0.0,2.13,317.0,1.1412
2012-11-10 16:00:00,15.3,56,6.7,0.0,0.0,1.92,158.0,0.5688
2012-11-10 17:00:00,13.2,64,6.5,0.0,0.0,2.28,36.0,0.1296
2012-11-10 18:00:00,11.6,71,6.6,0.0,0.0,2.58,0.0,0.0
2012-11-10 19:00:00,10.2,79,6.7,0.0,0.0,2.48,0.0,0.0
2012-11-10 20:00:00,9.1,86,6.8,0.0,0.0,2.27,0.0,0.0
2012-11-10 21:00:00,8.1,91,6.7,0.0,0.0,2.12,0.0,0.0
2012-11-10 22:00:00,7.3,93,6.3,0.0,0.0,1.98,0.0,0.0
2012-11-10 23:00:00,6.7,94,5.8,0.0,0.0,2.05,0.0,0.0
2012-11-11 00:00:00,6.2,95,5.4,0.0,0.0,2.16,0.0,0.0
2012-11-11 01:00:00,5.8,95,5.1,0.0,0.0,2.19,0.0,0.0
2012-11-11 02:00:00,5.6,94,4.6,0.0,0.0,2.28,0.0,0.0
2012-11-11 03:00:00,5.3,94,4.4,0.0,0.0,2.24,0.0,0.0
2012-11-11 04:00:00,5.0,93,4.0,0.0,0.0,2.02,0.0,0.0
2012-11-11 05:00:00,4.8,93,3.8,0.0,0.0,1.94,0.0,0.0
2012-11-11 06:00:00,4.5,94,3.5,0.0,0.0,1.88,0.0,0.0
2012-11-11 07:00:00,4.2,94,3.3,0.0,0.0,1.97,1.0,0.0036
2012-11-11 08:00:00,6.0,92,4.8,0.0,0.0,2.14,80.0,0.288
2012-11-11 09:00:00,10.3,75,6.1,0.0,0.0,1.6,240.0,0.864
2012-11-11 10:00:00,12.8,66,6.5,0.0,0.0,1.8,389.0,1.4003999999999999
2012-11-11 11:00:00,15.0,59,7.0,0.0,0.0,1.8,496.0,1.7855999999999999
2012-11-11 12:00:00,16.9,54,7.4,0.0,0.0,2.01,549.0,1.9764
2012-11-11 13:00:00,18.2,50,7.6,0.0,0.0,2.26,541.0,1.9476
2012-11-11 14:00:00,19.3,48,8.0,0.0,0.0,2.73,474.0,1.7064
2012-11-11 15:00:00,19.0,50,8.4,0.0,0.0,2.92,355.0,1.278
2012-11-11 16:00:00,17.5,57,9.0,0.0,0.0,2.84,197.0,0.7091999999999999
2012-11-11 17:00:00,15.0,67,9.0,0.0,0.0,3.06,42.0,0.1512
2012-11-11 18:00:00,13.6,75,9.2,0.0,0.0,3.26,0.0,0.0
2012-11-11 19:00:00,12.7,80,9.3,0.0,0.0,3.33,0.0,0.0
2012-11-11 20:00:00,12.0,83,9.2,0.0,0.0,3.27,0.0,0.0
2012-11-11 21:00:00,11.4,85,8.9,0.0,0.0,3.23,0.0,0.0
2012-11-11 22:00:00,11.0,85,8.6,0.0,0.0,3.3,0.0,0.0
2012-11-11 23:00:00,10.6,86,8.3,0.0,0.0,3.14,0.0,0.0
2012-11-12 00:00:00,10.2,85,7.9,0.0,0.0,3.03,0.0,0.0
2012-11-12 01:00:00,9.9,86,7.6,0.0,0.0,2.93,0.0,0.0
2012-11-12 02:00:00,9.6,86,7.3,0.0,0.0,3.01,0.0,0.0
2012-11-12 03:00:00,9.3,88,7.4,0.0,0.0,2.91,0.0,0.0
2012-11-12 04:00:00,9.1,92,7.8,0.0,0.0,2.91,0.0,0.0
2012-11-12 05:00:00,8.9,95,8.1,0.0,0.0,2.7,0.0,0.0
2012-11-12 06:00:00,8.9,97,8.4,0.0,0.0,2.6,0.0,0.0
2012-11-12 07:00:00,8.9,98,8.6,0.0,0.0,2.42,1.0,0.0036
2012-11-12 08:00:00,10.2,96,9.6,0.0,0.0,2.71,72.0,0.2592
2012-11-12 09:00:00,13.5,86,11.1,0.0,0.0,2.41,228.0,0.8208
2012-11-12 10:00:00,16.0,77,11.9,0.0,0.0,2.71,373.0,1.3428
2012-11-12 11:00:00,18.0,70,12.5,0.0,0.0,3.0,460.0,1.656
2012-11-12 12:00:00,19.5,66,12.9,0.0,0.0,3.41,493.0,1.7748
2012-11-12 13:00:00,20.2,64,13.1,0.0,0.0,3.77,435.0,1.566
2012-11-12 14:00:00,20.9,61,13.1,0.0,0.0,4.02,385.0,1.386
2012-11-12 15:00:00,20.4,64,13.4,0.0,0.0,3.94,253.0,0.9107999999999999
2012-11-12 16:00:00,19.3,69,13.4,0.0,0.0,4.05,139.0,0.5004
2012-11-12 17:00:00,17.9,74,13.3,0.0,0.0,3.2,24.0,0.0864
2012-11-12 18:00:00,17.2,77,13.2,0.0,0.0,3.8,0.0,0.0
2012-11-12 19:00:00,16.8,79,13.2,0.0,0.0,4.07,0.0,0.0
2012-11-12 20:00:00,16.4,81,13.2,0.0,0.0,4.27,0.0,0.0
2012-11-12 21:00:00,16.2,83,13.3,0.0,0.0,4.34,0.0,0.0
2012-11-12 22:00:00,16.1,84,13.5,0.0,0.0,4.24,0.0,0.0
2012-11-12 23:00:00,16.0,86,13.7,0.7,0.0,4.2,0.0,0.0
2012-11-13 00:00:00,15.6,91,14.2,1.7,0.0,3.22,0.0,0.0
2012-11-13 01:00:00,15.3,93,14.2,2.8,0.0,6.12,0.0,0.0
2012-11-13 02:00:00,9.6,87,7.6,0.9,0.0,6.23,0.0,0.0
2012-11-13 03:00:00,8.0,89,6.3,0.5,0.0,4.7,0.0,0.0
2012-11-13 04:00:00,7.6,85,5.3,0.7,0.0,4.53,0.0,0.0
2012-11-13 05:00:00,7.5,85,5.2,0.9,0.0,4.13,0.0,0.0
2012-11-13 06:00:00,7.1,88,5.2,0.9,0.0,3.94,0.0,0.0
2012-11-13 07:00:00,6.7,91,5.4,1.1,0.0,3.76,0.0,0.0
2012-11-13 08:00:00,6.4,92,5.2,1.0,0.0,3.72,6.0,0.0216
2012-11-13 09:00:00,6.1,93,5.0,0.7,0.0,3.35,23.0,0.0828
2012-11-13 10:00:00,5.9,90,4.4,0.2,0.0,3.18,48.0,0.1728
2012-11-13 11:00:00,6.1,77,2.4,0.0,0.0,3.58,103.0,0.37079999999999996
2012-11-13 12:00:00,6.8,67,1.1,0.0,0.0,3.49,169.0,0.6083999999999999
2012-11-13 13:00:00,7.6,58,-0.3,0.0,0.0,3.31,213.0,0.7667999999999999
2012-11-13 14:00:00,8.2,55,-0.3,0.0,0.0,3.31,319.0,1.1483999999999999
2012-11-13 15:00:00,8.8,49,-1.3,0.0,0.0,3.31,277.0,0.9972
2012-11-13 16:00:00,8.6,47,-2.2,0.0,0.0,3.09,172.0,0.6192
2012-11-13 17:00:00,7.6,50,-2.3,0.0,0.0,2.47,43.0,0.1548
2012-11-13 18:00:00,6.2,56,-1.8,0.0,0.0,2.64,0.0,0.0
2012-11-13 19:00:00,5.1,60,-2.1,0.0,0.0,3.08,0.0,0.0
2012-11-13 20:00:00,4.3,61,-2.5,0.0,0.0,3.45,0.0,0.0
2012-11-13 21:00:00,3.9,60,-3.1,0.0,0.0,3.55,0.0,0.0
2012-11-13 22:00:00,3.7,60,-3.4,0.0,0.0,3.38,0.0,0.0
2012-11-13 23:00:00,3.3,61,-3.4,0.0,0.0,2.97,0.0,0.0
2012-11-14 00:00:00,2.8,64,-3.4,0.0,0.0,2.69,0.0,0.0
2012-11-14 01:00:00,2.4,66,-3.4,0.0,0.0,2.56,0.0,0.0
2012-11-14 02:00:00,1.4,70,-3.4,0.0,0.0,2.4,0.0,0.0
2012-11-14 03:00:00,1.1,72,-3.4,0.0,0.0,2.43,0.0,0.0
2012-11-14 04:00:00,0.7,74,-3.3,0.0,0.0,2.5,0.0,0.0
2012-11-14 05:00:00,0.5,76,-3.3,0.0,0.0,2.6,0.0,0.0
2012-11-14 06:00:00,0.3,76,-3.4,0.0,0.0,2.45,0.0,0.0
2012-11-14 07:00:00,0.1,76,-3.5,0.0,0.0,2.53,0.0,0.0
2012-11-14 08:00:00,1.6,74,-2.6,0.0,0.0,2.9,75.0,0.27
2012-11-14 09:00:00,4.1,57,-3.6,0.0,0.0,3.64,241.0,0.8675999999999999
2012-11-14 10:00:00,5.4,53,-3.4,0.0,0.0,3.85,393.0,1.4148
2012-11-14 11:00:00,6.5,51,-3.0,0.0,0.0,3.09,503.0,1.8108
2012-11-14 12:00:00,7.5,48,-2.8,0.0,0.0,2.66,557.0,2.0052
2012-11-14 13:00:00,8.2,47,-2.6,0.0,0.0,2.51,548.0,1.9727999999999999
2012-11-14 14:00:00,8.1,47,-2.5,0.0,0.0,2.38,478.0,1.7207999999999999
2012-11-14 15:00:00,8.1,47,-2.6,0.0,0.0,2.6,356.0,1.2816
2012-11-14 16:00:00,7.7,47,-3.0,0.0,0.0,2.46,197.0,0.7091999999999999
2012-11-14 17:00:00,6.5,52,-2.5,0.0,0.0,1.63,40.0,0.144
2012-11-14 18:00:00,5.2,62,-1.6,0.0,0.0,1.42,0.0,0.0
2012-11-14 19:00:00,3.9,71,-0.9,0.0,0.0,1.58,0.0,0.0
2012-11-14 20:00:00,2.8,76,-1.0,0.0,0.0,1.8,0.0,0.0
2012-11-14 21:00:00,2.0,79,-1.2,0.0,0.0,1.7,0.0,0.0
2012-11-14 22:00:00,1.4,82,-1.4,0.0,0.0,1.3,0.0,0.0
2012-11-14 23:00:00,0.9,84,-1.5,0.0,0.0,1.81,0.0,0.0
2012-11-15 00:00:00,0.9,85,-1.3,0.0,0.0,1.84,0.0,0.0
2012-11-15 01:00:00,0.8,86,-1.3,0.0,0.0,1.75,0.0,0.0
2012-11-15 02:00:00,1.2,86,-0.9,0.0,0.0,1.99,0.0,0.0
2012-11-15 03:00:00,1.6,85,-0.7,0.0,0.0,2.09,0.0,0.0
2012-11-15 04:00:00,2.1,83,-0.5,0.0,0.0,2.28,0.0,0.0
2012-11-15 05:00:00,3.0,78,-0.5,0.0,0.0,2.52,0.0,0.0
2012-11-15 06:00:00,3.7,74,-0.6,0.0,0.0,2.36,0.0,0.0
2012-11-15 07:00:00,4.1,72,-0.5,0.0,0.0,2.25,0.0,0.0
2012-11-15 08:00:00,4.5,72,-0.1,0.0,0.0,2.33,22.0,0.07919999999999999
2012-11-15 09:00:00,5.3,69,0.0,0.0,0.0,2.02,80.0,0.288
2012-11-15 10:00:00,6.2,68,0.7,0.0,0.0,1.98,150.0,0.54
2012-11-15 11:00:00,7.1,66,1.2,0.0,0.0,2.16,229.0,0.8244
2012-11-15 12:00:00,7.7,65,1.5,0.0,0.0,2.08,237.0,0.8532
2012-11-15 13:00:00,8.4,64,1.9,0.0,0.0,1.86,265.0,0.954
2012-11-15 14:00:00,8.9,61,1.8,0.0,0.0,1.63,250.0,0.9
2012-11-15 15:00:00,8.6,61,1.4,0.0,0.0,1.56,117.0,0.42119999999999996
2012-11-15 16:00:00,8.3,61,1.2,0.0,0.0,1.5,65.0,0.23399999999999999
2012-11-15 17:00:00,7.7,64,1.4,0.0,0.0,0.98,16.0,0.0576
2012-11-15 18:00:00,7.2,68,1.6,0.0,0.0,0.92,0.0,0.0
2012-11-15 19:00:00,6.7,71,1.8,0.0,0.0,1.06,0.0,0.0
2012-11-15 20:00:00,6.3,74,2.0,0.0,0.0,1.66,0.0,0.0
2012-11-15 21:00:00,5.8,78,2.2,0.0,0.0,1.72,0.0,0.0
2012-11-15 22:00:00,5.3,82,2.4,0.0,0.0,1.56,0.0,0.0
2012-11-15 23:00:00,5.3,83,2.6,0.0,0.0,1.1,0.0,0.0
2012-11-16 00:00:00,5.1,81,2.1,0.0,0.0,1.5,0.0,0.0
2012-11-16 01:00:00,4.7,82,1.9,0.0,0.0,2.21,0.0,0.0
2012-11-16 02:00:00,4.1,83,1.5,0.0,0.0,2.11,0.0,0.0
2012-11-16 03:00:00,3.2,86,1.1,0.0,0.0,2.1,0.0,0.0
2012-11-16 04:00:00,3.0,86,1.0,0.0,0.0,1.9,0.0,0.0
2012-11-16 05:00:00,2.8,86,0.7,0.0,0.0,1.4,0.0,0.0
2012-11-16 06:00:00,2.7,85,0.3,0.0,0.0,1.41,0.0,0.0
2012-11-16 07:00:00,2.0,87,-0.0,0.0,0.0,1.81,0.0,0.0
2012-11-16 08:00:00,2.8,85,0.5,0.0,0.0,2.1,57.0,0.2052
2012-11-16 09:00:00,5.9,64,-0.4,0.0,0.0,1.6,201.0,0.7236
2012-11-16 10:00:00,7.6,55,-0.9,0.0,0.0,2.0,340.0,1.224
2012-11-16 11:00:00,8.9,49,-1.2,0.0,0.0,2.61,482.0,1.7351999999999999
2012-11-16 12:00:00,9.9,46,-1.2,0.0,0.0,2.63,539.0,1.9404
2012-11-16 13:00:00,10.5,45,-1.0,0.0,0.0,2.55,532.0,1.9152
2012-11-16 14:00:00,10.8,44,-0.9,0.0,0.0,2.33,464.0,1.6703999999999999
2012-11-16 15:00:00,10.8,44,-0.9,0.0,0.0,2.31,349.0,1.2564
2012-11-16 16:00:00,10.2,47,-0.6,0.0,0.0,1.9,188.0,0.6768
2012-11-16 17:00:00,8.7,53,-0.3,0.0,0.0,2.02,38.0,0.1368
2012-11-16 18:00:00,6.9,61,0.0,0.0,0.0,1.84,0.0,0.0
2012-11-16 19:00:00,5.5,67,-0.0,0.0,0.0,2.21,0.0,0.0
2012-11-16 20:00:00,4.6,70,-0.4,0.0,0.0,2.47,0.0,0.0
2012-11-16 21:00:00,4.0,71,-0.8,0.0,0.0,2.67,0.0,0.0
2012-11-16 22:00:00,3.4,73,-1.0,0.0,0.0,2.83,0.0,0.0
2012-11-16 23:00:00,2.9,74,-1.2,0.0,0.0,2.92,0.0,0.0
2012-11-17 00:00:00,2.4,75,-1.5,0.0,0.0,2.81,0.0,0.0
2012-11-17 01:00:00,1.9,77,-1.7,0.0,0.0,2.81,0.0,0.0
2012-11-17 02:00:00,1.5,78,-2.0,0.0,0.0,2.91,0.0,0.0
2012-11-17 03:00:00,1.1,78,-2.2,0.0,0.0,2.91,0.0,0.0
2012-11-17 04:00:00,0.7,79,-2.4,0.0,0.0,2.81,0.0,0.0
2012-11-17 05:00:00,0.3,81,-2.6,0.0,0.0,2.4,0.0,0.0
2012-11-17 06:00:00,-0.1,82,-2.8,0.0,0.0,2.31,0.0,0.0
2012-11-17 07:00:00,-0.4,83,-3.0,0.0,0.0,2.53,0.0,0.0
2012-11-17 08:00:00,1.0,81,-1.8,0.0,0.0,2.91,66.0,0.2376
2012-11-17 09:00:00,4.8,63,-1.6,0.0,0.0,2.62,226.0,0.8136
2012-11-17 10:00:00,6.9,56,-1.4,0.0,0.0,2.91,376.0,1.3536
2012-11-17 11:00:00,8.4,51,-1.1,0.0,0.0,3.19,484.0,1.7424
2012-11-17 12:00:00,9.5,49,-0.7,0.0,0.0,3.38,537.0,1.9332
2012-11-17 13:00:00,10.2,48,-0.4,0.0,0.0,3.33,529.0,1.9043999999999999
2012-11-17 14:00:00,11.1,45,-0.3,0.0,0.0,3.26,463.0,1.6668
2012-11-17 15:00:00,10.9,46,-0.1,0.0,0.0,3.04,344.0,1.2384
2012-11-17 16:00:00,10.0,51,0.5,0.0,0.0,1.93,187.0,0.6732
2012-11-17 17:00:00,8.3,58,0.5,0.0,0.0,1.62,36.0,0.1296
2012-11-17 18:00:00,6.9,66,0.9,0.0,0.0,1.84,0.0,0.0
2012-11-17 19:00:00,5.7,73,1.2,0.0,0.0,1.94,0.0,0.0
2012-11-17 20:00:00,4.9,77,1.3,0.0,0.0,1.87,0.0,0.0
2012-11-17 21:00:00,4.4,80,1.3,0.0,0.0,1.99,0.0,0.0
2012-11-17 22:00:00,3.9,83,1.4,0.0,0.0,1.8,0.0,0.0
2012-11-17 23:00:00,3.5,86,1.4,0.0,0.0,2.2,0.0,0.0
2012-11-18 00:00:00,3.0,90,1.4,0.0,0.0,2.27,0.0,0.0
2012-11-18 01:00:00,2.5,92,1.3,0.0,0.0,2.19,0.0,0.0
2012-11-18 02:00:00,2.6,93,1.6,0.0,0.0,2.42,0.0,0.0
2012-11-18 03:00:00,2.5,93,1.5,0.0,0.0,2.36,0.0,0.0
2012-11-18 04:00:00,2.1,93,1.1,0.0,0.0,2.52,0.0,0.0
2012-11-18 05:00:00,1.6,94,0.7,0.0,0.0,2.91,0.0,0.0
2012-11-18 06:00:00,1.5,94,0.6,0.0,0.0,3.05,0.0,0.0
2012-11-18 07:00:00,1.5,94,0.6,0.0,0.0,3.26,0.0,0.0
2012-11-18 08:00:00,2.9,91,1.6,0.0,0.0,3.47,54.0,0.1944
2012-11-18 09:00:00,6.2,79,2.7,0.0,0.0,3.47,167.0,0.6012
2012-11-18 10:00:00,7.9,72,3.2,0.0,0.0,3.4,280.0,1.008
2012-11-18 11:00:00,9.0,70,3.8,0.0,0.0,3.27,307.0,1.1052
2012-11-18 12:00:00,9.9,68,4.2,0.0,0.0,3.94,351.0,1.2636
2012-11-18 13:00:00,10.3,66,4.2,0.0,0.0,4.05,324.0,1.1663999999999999
2012-11-18 14:00:00,10.8,64,4.3,0.0,0.0,4.05,259.0,0.9324
2012-11-18 15:00:00,10.7,63,4.0,0.0,0.0,3.81,229.0,0.8244
2012-11-18 16:00:00,10.1,66,4.0,0.0,0.0,3.09,99.0,0.3564
2012-11-18 17:00:00,9.2,69,3.9,0.0,0.0,2.83,18.0,0.0648
2012-11-18 18:00:00,8.7,71,3.8,0.0,0.0,2.97,0.0,0.0
2012-11-18 19:00:00,8.2,74,3.7,0.0,0.0,3.06,0.0,0.0
2012-11-18 20:00:00,7.7,76,3.7,0.0,0.0,3.14,0.0,0.0
2012-11-18 21:00:00,7.4,77,3.6,0.0,0.0,3.26,0.0,0.0
2012-11-18 22:00:00,7.0,79,3.6,0.0,0.0,3.39,0.0,0.0
2012-11-18 23:00:00,6.9,79,3.5,0.0,0.0,3.47,0.0,0.0
2012-11-19 00:00:00,6.7,80,3.5,0.0,0.0,3.47,0.0,0.0
2012-11-19 01:00:00,6.6,81,3.5,0.0,0.0,3.44,0.0,0.0
2012-11-19 02:00:00,6.5,80,3.3,0.0,0.0,3.52,0.0,0.0
2012-11-19 03:00:00,6.3,81,3.3,0.0,0.0,3.47,0.0,0.0
2012-11-19 04:00:00,6.1,82,3.3,0.0,0.0,3.58,0.0,0.0
2012-11-19 05:00:00,5.8,84,3.3,0.0,0.0,2.55,0.0,0.0
2012-11-19 06:00:00,5.6,85,3.2,0.0,0.0,2.73,0.0,0.0
2012-11-19 07:00:00,5.3,87,3.2,0.0,0.0,2.82,0.0,0.0
2012-11-19 08:00:00,5.9,85,3.6,0.0,0.0,2.91,47.0,0.1692
2012-11-19 09:00:00,7.3,79,4.0,0.0,0.0,3.22,157.0,0.5652
2012-11-19 10:00:00,8.7,74,4.4,0.0,0.0,3.22,286.0,1.0296
2012-11-19 11:00:00,9.7,71,4.7,0.0,0.0,3.23,344.0,1.2384
2012-11-19 12:00:00,10.7,68,5.1,0.0,0.0,3.04,352.0,1.2671999999999999
2012-11-19 13:00:00,11.1,68,5.4,0.0,0.0,2.72,292.0,1.0512
2012-11-19 14:00:00,11.9,58,3.9,0.0,0.0,2.42,415.0,1.494
2012-11-19 15:00:00,11.9,56,3.4,0.0,0.0,2.39,309.0,1.1124
2012-11-19 16:00:00,11.1,58,3.2,0.0,0.0,1.86,164.0,0.5904
2012-11-19 17:00:00,9.8,63,3.0,0.0,0.0,1.28,28.0,0.1008
2012-11-19 18:00:00,8.7,67,2.9,0.0,0.0,1.61,0.0,0.0
2012-11-19 19:00:00,7.7,71,2.7,0.0,0.0,2.0,0.0,0.0
2012-11-19 20:00:00,6.9,74,2.7,0.0,0.0,2.24,0.0,0.0
2012-11-19 21:00:00,6.1,79,2.6,0.0,0.0,2.31,0.0,0.0
2012-11-19 22:00:00,5.3,82,2.5,0.0,0.0,2.19,0.0,0.0
2012-11-19 23:00:00,4.6,85,2.3,0.0,0.0,2.1,0.0,0.0
2012-11-20 00:00:00,4.3,87,2.4,0.0,0.0,2.06,0.0,0.0
2012-11-20 01:00:00,3.9,90,2.4,0.0,0.0,1.88,0.0,0.0
2012-11-20 02:00:00,6.1,84,3.5,0.0,0.0,2.02,0.0,0.0
2012-11-20 03:00:00,6.5,82,3.6,0.0,0.0,2.04,0.0,0.0
2012-11-20 04:00:00,6.7,80,3.5,0.0,0.0,1.92,0.0,0.0
2012-11-20 05:00:00,6.6,81,3.6,0.0,0.0,1.55,0.0,0.0
2012-11-20 06:00:00,6.6,82,3.7,0.0,0.0,1.49,0.0,0.0
2012-11-20 07:00:00,6.5,84,4.1,0.0,0.0,1.44,0.0,0.0
2012-11-20 08:00:00,6.5,86,4.4,0.0,0.0,1.52,31.0,0.11159999999999999
2012-11-20 09:00:00,7.5,82,4.5,0.0,0.0,1.49,115.0,0.414
2012-11-20 10:00:00,8.8,78,5.1,0.0,0.0,1.28,224.0,0.8064
2012-11-20 11:00:00,10.4,72,5.6,0.0,0.0,0.71,370.0,1.332
2012-11-20 12:00:00,11.4,65,5.1,0.0,0.0,0.58,380.0,1.3679999999999999
2012-11-20 13:00:00,11.8,62,4.7,0.0,0.0,0.73,362.0,1.3032
2012-11-20 14:00:00,12.0,63,5.1,0.0,0.0,1.08,319.0,1.1483999999999999
2012-11-20 15:00:00,11.7,62,4.7,0.0,0.0,1.2,181.0,0.6516
2012-11-20 16:00:00,11.3,64,4.7,0.0,0.0,1.14,92.0,0.3312
2012-11-20 17:00:00,10.4,68,4.8,0.0,0.0,1.53,16.0,0.0576
2012-11-20 18:00:00,9.4,73,4.8,0.0,0.0,1.65,0.0,0.0
2012-11-20 19:00:00,8.3,79,4.9,0.0,0.0,1.65,0.0,0.0
2012-11-20 20:00:00,7.2,84,4.7,0.0,0.0,1.58,0.0,0.0
2012-11-20 21:00:00,7.2,79,3.9,0.0,0.0,1.42,0.0,0.0
2012-11-20 22:00:00,6.6,81,3.5,0.0,0.0,1.39,0.0,0.0
2012-11-20 23:00:00,4.7,87,2.8,0.0,0.0,1.46,0.0,0.0
2012-11-21 00:00:00,3.9,90,2.4,0.0,0.0,1.49,0.0,0.0
2012-11-21 01:00:00,3.1,92,1.9,0.0,0.0,1.71,0.0,0.0
2012-11-21 02:00:00,2.4,90,1.0,0.0,0.0,1.75,0.0,0.0
2012-11-21 03:00:00,1.9,91,0.7,0.0,0.0,1.81,0.0,0.0
2012-11-21 04:00:00,1.6,92,0.4,0.0,0.0,2.02,0.0,0.0
2012-11-21 05:00:00,1.4,92,0.2,0.0,0.0,1.9,0.0,0.0
2012-11-21 06:00:00,1.1,92,-0.0,0.0,0.0,1.9,0.0,0.0
2012-11-21 07:00:00,0.8,92,-0.3,0.0,0.0,2.04,0.0,0.0
2012-11-21 08:00:00,2.2,90,0.7,0.0,0.0,2.41,54.0,0.1944
2012-11-21 09:00:00,6.3,75,2.1,0.0,0.0,1.75,207.0,0.7452
2012-11-21 10:00:00,9.0,62,2.2,0.0,0.0,1.89,357.0,1.2852
2012-11-21 11:00:00,10.6,55,1.9,0.0,0.0,2.33,464.0,1.6703999999999999
2012-11-21 12:00:00,11.5,51,1.7,0.0,0.0,2.36,519.0,1.8683999999999998
2012-11-21 13:00:00,12.1,49,1.6,0.0,0.0,2.25,511.0,1.8396
2012-11-21 14:00:00,12.5,47,1.6,0.0,0.0,2.2,447.0,1.6092
2012-11-21 15:00:00,12.5,47,1.4,0.0,0.0,2.1,330.0,1.188
2012-11-21 16:00:00,11.6,51,1.9,0.0,0.0,1.34,176.0,0.6335999999999999
2012-11-21 17:00:00,10.1,58,2.3,0.0,0.0,1.97,32.0,0.1152
2012-11-21 18:00:00,7.9,69,2.7,0.0,0.0,1.84,0.0,0.0
2012-11-21 19:00:00,6.1,79,2.6,0.0,0.0,2.15,0.0,0.0
2012-11-21 20:00:00,4.9,83,2.3,0.0,0.0,2.25,0.0,0.0
2012-11-21 21:00:00,4.0,86,1.8,0.0,0.0,2.21,0.0,0.0
2012-11-21 22:00:00,3.4,87,1.4,0.0,0.0,2.15,0.0,0.0
2012-11-21 23:00:00,2.9,88,1.1,0.0,0.0,1.97,0.0,0.0
2012-11-22 00:00:00,2.4,90,0.8,0.0,0.0,1.87,0.0,0.0
2012-11-22 01:00:00,1.9,91,0.5,0.0,0.0,1.9,0.0,0.0
2012-11-22 02:00:00,1.3,91,0.0,0.0,0.0,1.8,0.0,0.0
2012-11-22 03:00:00,0.9,92,-0.2,0.0,0.0,1.8,0.0,0.0
2012-11-22 04:00:00,0.5,93,-0.5,0.0,0.0,1.9,0.0,0.0
2012-11-22 05:00:00,0.3,93,-0.8,0.0,0.0,1.9,0.0,0.0
2012-11-22 06:00:00,0.1,93,-1.0,0.0,0.0,2.0,0.0,0.0
2012-11-22 07:00:00,0.0,92,-1.1,0.0,0.0,2.0,0.0,0.0
2012-11-22 08:00:00,1.5,90,0.0,0.0,0.0,2.3,53.0,0.1908
2012-11-22 09:00:00,5.8,77,2.0,0.0,0.0,1.33,207.0,0.7452
2012-11-22 10:00:00,9.0,62,2.2,0.0,0.0,1.2,355.0,1.278
2012-11-22 11:00:00,10.9,53,1.6,0.0,0.0,1.5,463.0,1.6668
2012-11-22 12:00:00,12.1,48,1.3,0.0,0.0,1.7,517.0,1.8612
2012-11-22 13:00:00,12.8,45,1.1,0.0,0.0,1.72,511.0,1.8396
2012-11-22 14:00:00,13.3,42,0.7,0.0,0.0,1.39,446.0,1.6056
2012-11-22 15:00:00,13.2,42,0.4,0.0,0.0,1.03,328.0,1.1808
2012-11-22 16:00:00,12.3,48,1.5,0.0,0.0,0.85,174.0,0.6264
2012-11-22 17:00:00,10.3,64,3.7,0.0,0.0,1.71,31.0,0.11159999999999999
2012-11-22 18:00:00,9.0,62,2.1,0.0,0.0,1.61,0.0,0.0
2012-11-22 19:00:00,8.6,62,1.6,0.0,0.0,1.56,0.0,0.0
2012-11-22 20:00:00,5.7,75,1.6,0.0,0.0,2.22,0.0,0.0
2012-11-22 21:00:00,3.9,83,1.2,0.0,0.0,1.86,0.0,0.0
2012-11-22 22:00:00,3.8,82,1.0,0.0,0.0,2.1,0.0,0.0
2012-11-22 23:00:00,3.8,81,0.9,0.0,0.0,2.14,0.0,0.0
2012-11-23 00:00:00,3.0,85,0.7,0.0,0.0,2.1,0.0,0.0
2012-11-23 01:00:00,2.3,88,0.5,0.0,0.0,2.3,0.0,0.0
2012-11-23 02:00:00,1.9,93,1.0,0.0,0.0,2.21,0.0,0.0
2012-11-23 03:00:00,1.8,95,1.1,0.0,0.0,2.16,0.0,0.0
2012-11-23 04:00:00,1.5,96,1.0,0.0,0.0,2.15,0.0,0.0
2012-11-23 05:00:00,1.3,97,0.9,0.0,0.0,2.9,0.0,0.0
2012-11-23 06:00:00,1.1,97,0.7,0.0,0.0,2.4,0.0,0.0
2012-11-23 07:00:00,1.1,97,0.7,0.0,0.0,2.24,0.0,0.0
2012-11-23 08:00:00,2.1,96,1.6,0.0,0.0,2.72,48.0,0.1728
2012-11-23 09:00:00,6.1,84,3.6,0.0,0.0,2.41,202.0,0.7272
2012-11-23 10:00:00,8.6,70,3.5,0.0,0.0,2.42,339.0,1.2204
2012-11-23 11:00:00,10.9,58,3.0,0.0,0.0,2.55,457.0,1.6452
2012-11-23 12:00:00,12.7,52,3.1,0.0,0.0,2.62,512.0,1.8432
2012-11-23 13:00:00,14.0,49,3.4,0.0,0.0,2.72,509.0,1.8324
2012-11-23 14:00:00,15.1,49,4.4,0.0,0.0,3.03,445.0,1.6019999999999999
2012-11-23 15:00:00,14.9,50,4.5,0.0,0.0,2.69,282.0,1.0151999999999999
2012-11-23 16:00:00,13.5,56,4.8,0.0,0.0,2.02,111.0,0.3996
2012-11-23 17:00:00,11.9,61,4.7,0.0,0.0,0.94,17.0,0.0612
2012-11-23 18:00:00,11.3,64,4.6,0.0,0.0,0.81,0.0,0.0
2012-11-23 19:00:00,11.5,63,4.6,0.0,0.0,1.46,0.0,0.0
2012-11-23 20:00:00,12.0,62,5.0,0.0,0.0,2.27,0.0,0.0
2012-11-23 21:00:00,11.3,59,3.7,0.0,0.0,3.36,0.0,0.0
2012-11-23 22:00:00,9.5,59,1.8,0.0,0.0,5.33,0.0,0.0
2012-11-23 23:00:00,8.1,56,-0.1,0.0,0.0,6.57,0.0,0.0
2012-11-24 00:00:00,6.8,53,-2.2,0.0,0.0,6.55,0.0,0.0
2012-11-24 01:00:00,5.7,49,-4.2,0.0,0.0,6.91,0.0,0.0
2012-11-24 02:00:00,5.3,46,-5.4,0.0,0.0,6.94,0.0,0.0
2012-11-24 03:00:00,4.0,41,-8.0,0.0,0.0,6.33,0.0,0.0
2012-11-24 04:00:00,3.0,42,-8.8,0.0,0.0,5.84,0.0,0.0
2012-11-24 05:00:00,2.2,45,-8.6,0.0,0.0,4.7,0.0,0.0
2012-11-24 06:00:00,1.7,47,-8.3,0.0,0.0,4.33,0.0,0.0
2012-11-24 07:00:00,1.3,51,-7.7,0.0,0.0,3.98,0.0,0.0
2012-11-24 08:00:00,1.5,55,-6.5,0.0,0.0,3.62,49.0,0.1764
2012-11-24 09:00:00,2.6,52,-6.2,0.0,0.0,5.52,198.0,0.7128
2012-11-24 10:00:00,3.9,47,-6.5,0.0,0.0,6.17,348.0,1.2528
2012-11-24 11:00:00,4.8,45,-6.1,0.0,0.0,6.12,436.0,1.5695999999999999
2012-11-24 12:00:00,5.3,43,-6.3,0.0,0.0,6.19,376.0,1.3536
2012-11-24 13:00:00,5.4,42,-6.7,0.0,0.0,6.38,300.0,1.08
2012-11-24 14:00:00,5.3,38,-7.8,0.0,0.0,6.59,205.0,0.738
2012-11-24 15:00:00,5.3,36,-8.5,0.0,0.0,6.9,160.0,0.576
2012-11-24 16:00:00,5.1,36,-8.9,0.0,0.0,6.91,110.0,0.39599999999999996
2012-11-24 17:00:00,4.6,36,-9.4,0.0,0.0,4.66,22.0,0.07919999999999999
2012-11-24 18:00:00,3.6,38,-9.4,0.0,0.0,4.27,0.0,0.0
2012-11-24 19:00:00,3.0,40,-9.3,0.0,0.0,4.11,0.0,0.0
2012-11-24 20:00:00,2.4,42,-9.1,0.0,0.0,4.05,0.0,0.0
2012-11-24 21:00:00,1.9,45,-8.8,0.0,0.0,4.12,0.0,0.0
2012-11-24 22:00:00,1.5,47,-8.6,0.0,0.0,4.15,0.0,0.0
2012-11-24 23:00:00,1.0,50,-8.4,0.0,0.0,3.98,0.0,0.0
2012-11-25 00:00:00,0.6,52,-8.2,0.0,0.0,3.83,0.0,0.0
2012-11-25 01:00:00,0.2,54,-8.1,0.0,0.0,3.61,0.0,0.0
2012-11-25 02:00:00,-0.1,55,-8.0,0.0,0.0,3.57,0.0,0.0
2012-11-25 03:00:00,-0.4,57,-8.0,0.0,0.0,3.42,0.0,0.0
2012-11-25 04:00:00,-0.9,60,-7.8,0.0,0.0,3.04,0.0,0.0
2012-11-25 05:00:00,-1.4,63,-7.4,0.0,0.0,2.32,0.0,0.0
2012-11-25 06:00:00,-2.1,70,-6.8,0.0,0.0,1.87,0.0,0.0
2012-11-25 07:00:00,-2.5,74,-6.5,0.0,0.0,2.19,0.0,0.0
2012-11-25 08:00:00,-1.6,76,-5.4,0.0,0.0,2.4,42.0,0.1512
2012-11-25 09:00:00,1.5,57,-6.2,0.0,0.0,2.64,167.0,0.6012
2012-11-25 10:00:00,2.8,50,-6.7,0.0,0.0,3.32,278.0,1.0008
2012-11-25 11:00:00,3.7,46,-6.8,0.0,0.0,3.2,325.0,1.17
2012-11-25 12:00:00,4.1,45,-6.8,0.0,0.0,2.97,264.0,0.9504
2012-11-25 13:00:00,4.5,43,-6.9,0.0,0.0,2.82,238.0,0.8568
2012-11-25 14:00:00,4.7,44,-6.6,0.0,0.0,2.84,184.0,0.6624
2012-11-25 15:00:00,5.3,42,-6.6,0.0,0.0,2.9,269.0,0.9683999999999999
2012-11-25 16:00:00,5.2,43,-6.5,0.0,0.0,2.3,166.0,0.5976
2012-11-25 17:00:00,3.9,49,-5.9,0.0,0.0,1.75,28.0,0.1008
2012-11-25 18:00:00,2.7,57,-5.0,0.0,0.0,1.58,0.0,0.0
2012-11-25 19:00:00,1.6,64,-4.4,0.0,0.0,1.77,0.0,0.0
2012-11-25 20:00:00,0.8,69,-4.2,0.0,0.0,2.11,0.0,0.0
2012-11-25 21:00:00,0.2,72,-4.2,0.0,0.0,1.9,0.0,0.0
2012-11-25 22:00:00,-0.3,74,-4.3,0.0,0.0,1.98,0.0,0.0
2012-11-25 23:00:00,-0.6,75,-4.4,0.0,0.0,1.97,0.0,0.0
2012-11-26 00:00:00,-0.8,76,-4.5,0.0,0.0,1.92,0.0,0.0
2012-11-26 01:00:00,-0.8,76,-4.5,0.0,0.0,1.9,0.0,0.0
2012-11-26 02:00:00,-1.3,77,-4.8,0.0,0.0,1.94,0.0,0.0
2012-11-26 03:00:00,-1.1,76,-4.8,0.0,0.0,2.18,0.0,0.0
2012-11-26 04:00:00,-1.0,76,-4.7,0.0,0.0,2.31,0.0,0.0
2012-11-26 05:00:00,-0.3,75,-4.2,0.0,0.0,2.41,0.0,0.0
2012-11-26 06:00:00,0.6,75,-3.4,0.0,0.0,2.14,0.0,0.0
2012-11-26 07:00:00,0.8,77,-2.8,0.0,0.0,2.19,0.0,0.0
2012-11-26 08:00:00,1.3,79,-1.9,0.0,0.0,1.77,18.0,0.0648
2012-11-26 09:00:00,4.6,61,-2.3,0.0,0.0,1.35,173.0,0.6228
2012-11-26 10:00:00,7.1,53,-1.9,0.0,0.0,0.85,327.0,1.1772
2012-11-26 11:00:00,8.5,50,-1.4,0.0,0.0,1.35,440.0,1.5839999999999999
2012-11-26 12:00:00,9.4,49,-0.9,0.0,0.0,1.58,496.0,1.7855999999999999
2012-11-26 13:00:00,10.0,47,-0.8,0.0,0.0,1.71,492.0,1.7711999999999999
2012-11-26 14:00:00,11.9,42,-0.6,0.0,0.0,1.71,429.0,1.5444
2012-11-26 15:00:00,11.9,42,-0.7,0.0,0.0,1.4,314.0,1.1304
2012-11-26 16:00:00,11.0,46,-0.2,0.0,0.0,0.3,164.0,0.5904
2012-11-26 17:00:00,8.3,63,1.6,0.0,0.0,1.9,27.0,0.0972
2012-11-26 18:00:00,5.9,70,0.7,0.0,0.0,1.75,0.0,0.0
2012-11-26 19:00:00,4.3,78,0.8,0.0,0.0,2.1,0.0,0.0
2012-11-26 20:00:00,3.3,83,0.8,0.0,0.0,2.02,0.0,0.0
2012-11-26 21:00:00,2.6,86,0.4,0.0,0.0,1.8,0.0,0.0
2012-11-26 22:00:00,2.8,85,0.5,0.0,0.0,1.78,0.0,0.0
2012-11-26 23:00:00,3.2,85,1.0,0.0,0.0,1.57,0.0,0.0
2012-11-27 00:00:00,3.9,84,1.5,0.0,0.0,1.41,0.0,0.0
2012-11-27 01:00:00,4.1,85,1.8,0.0,0.0,1.91,0.0,0.0
2012-11-27 02:00:00,4.2,86,2.0,0.0,0.0,1.94,0.0,0.0
2012-11-27 03:00:00,4.4,88,2.6,0.1,0.0,1.34,0.0,0.0
2012-11-27 04:00:00,4.6,89,3.0,0.5,0.0,1.53,0.0,0.0
2012-11-27 05:00:00,4.6,94,3.6,1.7,0.0,2.42,0.0,0.0
2012-11-27 06:00:00,4.5,95,3.8,1.3,0.0,2.73,0.0,0.0
2012-11-27 07:00:00,4.7,96,4.1,1.4,0.0,2.42,0.0,0.0
2012-11-27 08:00:00,4.9,97,4.5,0.4,0.0,2.35,13.0,0.0468
2012-11-27 09:00:00,5.8,97,5.4,0.4,0.0,2.7,39.0,0.1404
2012-11-27 10:00:00,7.0,95,6.2,0.2,0.0,3.2,96.0,0.3456
2012-11-27 11:00:00,6.9,96,6.2,0.1,0.0,3.51,83.0,0.2988
2012-11-27 12:00:00,6.3,96,5.7,0.1,0.0,3.41,73.0,0.2628
2012-11-27 13:00:00,5.8,94,4.9,0.1,0.0,3.3,82.0,0.2952
2012-11-27 14:00:00,4.1,94,3.2,0.1,0.0,3.22,48.0,0.1728
2012-11-27 15:00:00,4.1,93,3.0,0.0,0.0,3.14,56.0,0.2016
2012-11-27 16:00:00,4.2,92,2.9,0.0,0.0,3.24,34.0,0.1224
2012-11-27 17:00:00,4.0,92,2.8,0.0,0.0,2.79,10.0,0.036
2012-11-27 18:00:00,3.8,92,2.6,0.0,0.0,2.91,0.0,0.0
2012-11-27 19:00:00,3.5,92,2.3,0.0,0.0,3.01,0.0,0.0
2012-11-27 20:00:00,3.4,90,1.9,0.0,0.0,2.84,0.0,0.0
2012-11-27 21:00:00,2.9,91,1.5,0.0,0.0,2.42,0.0,0.0
2012-11-27 22:00:00,2.2,92,1.1,0.0,0.0,2.41,0.0,0.0
2012-11-27 23:00:00,1.2,95,0.5,0.0,0.0,1.7,0.0,0.0
2012-11-28 00:00:00,0.4,95,-0.3,0.0,0.0,2.25,0.0,0.0
2012-11-28 01:00:00,-0.0,95,-0.7,0.0,0.0,1.77,0.0,0.0
2012-11-28 02:00:00,0.7,93,-0.3,0.0,0.0,1.98,0.0,0.0
2012-11-28 03:00:00,0.3,92,-0.8,0.0,0.0,2.34,0.0,0.0
2012-11-28 04:00:00,0.2,91,-1.1,0.0,0.0,2.33,0.0,0.0
2012-11-28 05:00:00,0.1,89,-1.5,0.0,0.0,1.84,0.0,0.0
2012-11-28 06:00:00,-0.2,85,-2.4,0.0,0.0,1.7,0.0,0.0
2012-11-28 07:00:00,-0.6,83,-3.1,0.0,0.0,1.75,0.0,0.0
2012-11-28 08:00:00,-0.3,82,-2.9,0.0,0.0,2.0,34.0,0.1224
2012-11-28 09:00:00,2.6,68,-2.7,0.0,0.0,1.3,165.0,0.594
2012-11-28 10:00:00,4.4,56,-3.6,0.0,0.0,1.92,310.0,1.1159999999999999
2012-11-28 11:00:00,5.5,50,-4.1,0.0,0.0,2.36,438.0,1.5768
2012-11-28 12:00:00,6.6,44,-4.7,0.0,0.0,4.7,471.0,1.6956
2012-11-28 13:00:00,7.8,39,-5.2,0.0,0.0,5.05,486.0,1.7496
2012-11-28 14:00:00,8.2,40,-4.6,0.0,0.0,5.56,386.0,1.3896
2012-11-28 15:00:00,8.6,36,-5.6,0.0,0.0,4.89,278.0,1.0008
2012-11-28 16:00:00,7.8,38,-5.5,0.0,0.0,3.23,139.0,0.5004
2012-11-28 17:00:00,5.9,44,-5.4,0.0,0.0,2.04,27.0,0.0972
2012-11-28 18:00:00,4.4,50,-5.1,0.0,0.0,2.33,0.0,0.0
2012-11-28 19:00:00,3.2,55,-5.0,0.0,0.0,2.52,0.0,0.0
2012-11-28 20:00:00,2.1,59,-5.2,0.0,0.0,2.45,0.0,0.0
2012-11-28 21:00:00,0.9,64,-5.1,0.0,0.0,2.28,0.0,0.0
2012-11-28 22:00:00,-0.1,69,-5.1,0.0,0.0,2.33,0.0,0.0
2012-11-28 23:00:00,-0.8,72,-5.3,0.0,0.0,2.45,0.0,0.0
2012-11-29 00:00:00,-1.4,73,-5.5,0.0,0.0,2.33,0.0,0.0
2012-11-29 01:00:00,-1.7,74,-5.7,0.0,0.0,2.43,0.0,0.0
2012-11-29 02:00:00,-2.1,76,-5.8,0.0,0.0,2.5,0.0,0.0
2012-11-29 03:00:00,-2.3,77,-5.8,0.0,0.0,2.53,0.0,0.0
2012-11-29 04:00:00,-2.3,77,-5.8,0.0,0.0,2.31,0.0,0.0
2012-11-29 05:00:00,-2.3,77,-5.8,0.0,0.0,2.42,0.0,0.0
2012-11-29 06:00:00,-2.3,77,-5.8,0.0,0.0,2.1,0.0,0.0
2012-11-29 07:00:00,-2.3,77,-5.7,0.0,0.0,2.37,0.0,0.0
2012-11-29 08:00:00,-1.1,75,-4.9,0.0,0.0,1.75,36.0,0.1296
2012-11-29 09:00:00,2.5,66,-3.2,0.0,0.0,1.72,181.0,0.6516
2012-11-29 10:00:00,5.1,53,-3.6,0.0,0.0,2.2,333.0,1.1987999999999999
2012-11-29 11:00:00,6.4,48,-3.7,0.0,0.0,2.91,440.0,1.5839999999999999
2012-11-29 12:00:00,7.3,45,-3.8,0.0,0.0,2.93,497.0,1.7892
2012-11-29 13:00:00,8.0,43,-3.9,0.0,0.0,2.72,493.0,1.7748
2012-11-29 14:00:00,8.7,42,-3.7,0.0,0.0,2.51,431.0,1.5515999999999999
2012-11-29 15:00:00,8.6,41,-3.8,0.0,0.0,2.55,317.0,1.1412
2012-11-29 16:00:00,7.5,47,-3.1,0.0,0.0,1.72,166.0,0.5976
2012-11-29 17:00:00,5.6,54,-3.0,0.0,0.0,2.06,27.0,0.0972
2012-11-29 18:00:00,4.1,60,-2.9,0.0,0.0,2.26,0.0,0.0
2012-11-29 19:00:00,2.9,67,-2.6,0.0,0.0,2.45,0.0,0.0
2012-11-29 20:00:00,1.8,72,-2.7,0.0,0.0,2.62,0.0,0.0
2012-11-29 21:00:00,1.0,77,-2.6,0.0,0.0,2.56,0.0,0.0
2012-11-29 22:00:00,0.3,81,-2.6,0.0,0.0,2.47,0.0,0.0
2012-11-29 23:00:00,-0.2,84,-2.6,0.0,0.0,2.38,0.0,0.0
2012-11-30 00:00:00,-0.5,85,-2.7,0.0,0.0,2.33,0.0,0.0
2012-11-30 01:00:00,-0.8,86,-2.8,0.0,0.0,2.08,0.0,0.0
2012-11-30 02:00:00,-1.0,84,-3.3,0.0,0.0,2.05,0.0,0.0
2012-11-30 03:00:00,-0.7,83,-3.3,0.0,0.0,2.2,0.0,0.0
2012-11-30 04:00:00,0.0,80,-3.0,0.0,0.0,2.0,0.0,0.0
2012-11-30 05:00:00,0.3,80,-2.7,0.0,0.0,1.12,0.0,0.0
2012-11-30 06:00:00,1.2,79,-2.1,0.0,0.0,0.51,0.0,0.0
2012-11-30 07:00:00,1.1,80,-2.0,0.0,0.0,1.08,0.0,0.0
2012-11-30 08:00:00,1.0,82,-1.7,0.0,0.0,1.63,36.0,0.1296
2012-11-30 09:00:00,2.6,81,-0.4,0.0,0.0,1.53,169.0,0.6083999999999999
2012-11-30 10:00:00,5.0,64,-1.2,0.0,0.0,1.63,295.0,1.062
2012-11-30 11:00:00,6.9,58,-0.8,0.0,0.0,1.71,388.0,1.3968
2012-11-30 12:00:00,8.5,54,-0.4,0.0,0.0,1.53,437.0,1.5732
2012-11-30 13:00:00,9.4,51,-0.2,0.0,0.0,1.53,392.0,1.4112
2012-11-30 14:00:00,10.1,53,1.0,0.0,0.0,1.5,304.0,1.0944
2012-11-30 15:00:00,9.9,55,1.3,0.0,0.0,1.7,230.0,0.828
2012-11-30 16:00:00,8.9,62,1.9,0.0,0.0,1.51,134.0,0.4824
2012-11-30 17:00:00,7.0,70,1.9,0.0,0.0,2.06,24.0,0.0864
2012-11-30 18:00:00,5.5,78,2.0,0.0,0.0,2.01,0.0,0.0
2012-11-30 19:00:00,4.3,86,2.1,0.0,0.0,2.01,0.0,0.0
2012-11-30 20:00:00,3.3,90,1.9,0.0,0.0,2.31,0.0,0.0
2012-11-30 21:00:00,2.4,92,1.3,0.0,0.0,2.22,0.0,0.0
2012-11-30 22:00:00,1.8,93,0.9,0.0,0.0,2.1,0.0,0.0
2012-11-30 23:00:00,1.2,94,0.4,0.0,0.0,2.31,0.0,0.0
2012-12-01 00:00:00,0.7,95,0.1,0.0,0.0,2.02,0.0,0.0
2012-12-01 01:00:00,0.4,96,-0.1,0.0,0.0,2.02,0.0,0.0
2012-12-01 02:00:00,0.9,97,0.5,0.0,0.0,2.2,0.0,0.0
2012-12-01 03:00:00,1.5,98,1.2,0.0,0.0,2.33,0.0,0.0
2012-12-01 04:00:00,1.8,98,1.6,0.0,0.0,2.1,0.0,0.0
2012-12-01 05:00:00,1.3,99,1.1,0.0,0.0,1.62,0.0,0.0
2012-12-01 06:00:00,0.6,99,0.5,0.0,0.0,2.04,0.0,0.0
2012-12-01 07:00:00,0.1,100,0.1,0.0,0.0,2.06,0.0,0.0
2012-12-01 08:00:00,0.8,100,0.7,0.0,0.0,2.33,33.0,0.1188
2012-12-01 09:00:00,4.6,96,4.0,0.0,0.0,2.06,152.0,0.5472
2012-12-01 10:00:00,6.5,91,5.1,0.0,0.0,1.78,235.0,0.846
2012-12-01 11:00:00,7.9,86,5.7,0.0,0.0,1.75,311.0,1.1196
2012-12-01 12:00:00,9.5,79,6.1,0.0,0.0,1.53,395.0,1.422
2012-12-01 13:00:00,10.7,74,6.2,0.0,0.0,1.4,420.0,1.512
2012-12-01 14:00:00,10.1,75,5.9,0.0,0.0,1.62,390.0,1.404
2012-12-01 15:00:00,10.3,74,5.9,0.0,0.0,1.26,297.0,1.0692
2012-12-01 16:00:00,9.5,78,5.8,0.0,0.0,1.3,147.0,0.5292
2012-12-01 17:00:00,7.7,87,5.6,0.0,0.0,1.68,24.0,0.0864
2012-12-01 18:00:00,6.2,94,5.3,0.0,0.0,1.56,0.0,0.0
2012-12-01 19:00:00,5.1,96,4.6,0.0,0.0,1.5,0.0,0.0
2012-12-01 20:00:00,4.0,98,3.7,0.0,0.0,1.71,0.0,0.0
2012-12-01 21:00:00,3.5,98,3.2,0.0,0.0,1.8,0.0,0.0
2012-12-01 22:00:00,2.9,99,2.8,0.0,0.0,2.04,0.0,0.0
2012-12-01 23:00:00,2.1,100,2.1,0.0,0.0,2.12,0.0,0.0
2012-12-02 00:00:00,1.9,99,1.8,0.0,0.0,1.94,0.0,0.0
2012-12-02 01:00:00,1.8,99,1.7,0.0,0.0,1.98,0.0,0.0
2012-12-02 02:00:00,2.1,98,1.9,0.0,0.0,2.2,0.0,0.0
2012-12-02 03:00:00,1.7,99,1.5,0.0,0.0,1.97,0.0,0.0
2012-12-02 04:00:00,1.7,99,1.5,0.0,0.0,2.04,0.0,0.0
2012-12-02 05:00:00,1.9,98,1.7,0.0,0.0,1.75,0.0,0.0
2012-12-02 06:00:00,1.5,98,1.2,0.0,0.0,1.36,0.0,0.0
2012-12-02 07:00:00,1.4,98,1.1,0.0,0.0,1.42,0.0,0.0
2012-12-02 08:00:00,2.2,98,1.9,0.0,0.0,2.08,21.0,0.0756
2012-12-02 09:00:00,5.0,95,4.2,0.0,0.0,2.1,85.0,0.306
2012-12-02 10:00:00,7.0,90,5.5,0.0,0.0,1.73,123.0,0.44279999999999997
2012-12-02 11:00:00,9.0,85,6.6,0.0,0.0,2.21,217.0,0.7812
2012-12-02 12:00:00,11.2,79,7.6,0.0,0.0,2.92,340.0,1.224
2012-12-02 13:00:00,12.8,74,8.2,0.0,0.0,3.22,364.0,1.3104
2012-12-02 14:00:00,13.6,71,8.4,0.0,0.0,3.41,397.0,1.4292
2012-12-02 15:00:00,14.0,71,8.7,0.0,0.0,3.31,295.0,1.062
2012-12-02 16:00:00,13.1,75,8.8,0.0,0.0,3.01,142.0,0.5112
2012-12-02 17:00:00,11.5,84,8.9,0.0,0.0,2.43,19.0,0.0684
2012-12-02 18:00:00,10.8,89,9.0,0.3,0.0,3.1,0.0,0.0
2012-12-02 19:00:00,10.9,91,9.4,1.0,0.0,3.4,0.0,0.0
2012-12-02 20:00:00,11.2,93,10.0,0.7,0.0,3.76,0.0,0.0
2012-12-02 21:00:00,11.3,93,10.3,0.1,0.0,3.86,0.0,0.0
2012-12-02 22:00:00,11.4,93,10.4,0.0,0.0,3.75,0.0,0.0
2012-12-02 23:00:00,11.4,94,10.5,0.0,0.0,3.47,0.0,0.0
2012-12-03 00:00:00,11.1,95,10.3,0.0,0.0,3.24,0.0,0.0
2012-12-03 01:00:00,10.8,95,10.1,0.0,0.0,2.92,0.0,0.0
2012-12-03 02:00:00,10.2,92,9.0,0.0,0.0,2.73,0.0,0.0
2012-12-03 03:00:00,9.4,94,8.5,0.0,0.0,2.26,0.0,0.0
2012-12-03 04:00:00,8.6,96,7.9,0.0,0.0,2.01,0.0,0.0
2012-12-03 05:00:00,7.9,97,7.5,0.0,0.0,1.8,0.0,0.0
2012-12-03 06:00:00,7.7,97,7.3,0.0,0.0,2.0,0.0,0.0
2012-12-03 07:00:00,7.2,97,6.8,0.0,0.0,1.94,0.0,0.0
2012-12-03 08:00:00,7.4,97,7.0,0.0,0.0,2.06,23.0,0.0828
2012-12-03 09:00:00,11.0,90,9.3,0.0,0.0,1.46,138.0,0.49679999999999996
2012-12-03 10:00:00,14.2,80,10.8,0.0,0.0,1.0,240.0,0.864
2012-12-03 11:00:00,16.2,76,12.0,0.0,0.0,1.1,275.0,0.99
2012-12-03 12:00:00,17.9,72,12.7,0.0,0.0,1.24,363.0,1.3068
2012-12-03 13:00:00,18.4,70,12.9,0.0,0.0,1.3,315.0,1.134
2012-12-03 14:00:00,20.2,61,12.5,0.0,0.0,1.2,389.0,1.4003999999999999
2012-12-03 15:00:00,20.1,61,12.4,0.0,0.0,0.92,276.0,0.9935999999999999
2012-12-03 16:00:00,19.0,67,12.6,0.0,0.0,1.48,118.0,0.4248
2012-12-03 17:00:00,17.2,74,12.4,0.0,0.0,1.94,19.0,0.0684
2012-12-03 18:00:00,15.3,82,12.2,0.0,0.0,2.13,0.0,0.0
2012-12-03 19:00:00,14.0,88,12.1,0.0,0.0,2.13,0.0,0.0
2012-12-03 20:00:00,13.1,92,11.7,0.0,0.0,2.16,0.0,0.0
2012-12-03 21:00:00,12.5,93,11.5,0.0,0.0,2.37,0.0,0.0
2012-12-03 22:00:00,11.9,95,11.1,0.0,0.0,2.35,0.0,0.0
2012-12-03 23:00:00,11.5,95,10.8,0.0,0.0,2.32,0.0,0.0
2012-12-04 00:00:00,11.2,96,10.5,0.0,0.0,2.28,0.0,0.0
2012-12-04 01:00:00,10.8,96,10.2,0.0,0.0,2.21,0.0,0.0
2012-12-04 02:00:00,10.8,96,10.2,0.0,0.0,2.15,0.0,0.0
2012-12-04 03:00:00,10.7,96,10.1,0.0,0.0,1.97,0.0,0.0
2012-12-04 04:00:00,10.2,97,9.7,0.0,0.0,1.97,0.0,0.0
2012-12-04 05:00:00,9.8,97,9.4,0.0,0.0,2.1,0.0,0.0
2012-12-04 06:00:00,9.3,98,9.0,0.0,0.0,1.96,0.0,0.0
2012-12-04 07:00:00,8.8,98,8.6,0.0,0.0,2.32,0.0,0.0
2012-12-04 08:00:00,9.3,98,9.0,0.0,0.0,1.4,22.0,0.07919999999999999
2012-12-04 09:00:00,12.1,92,10.8,0.0,0.0,1.4,128.0,0.4608
2012-12-04 10:00:00,14.8,82,11.8,0.0,0.0,1.49,274.0,0.9863999999999999
2012-12-04 11:00:00,17.2,73,12.3,0.0,0.0,1.61,388.0,1.3968
2012-12-04 12:00:00,19.2,65,12.5,0.0,0.0,1.75,443.0,1.5948
2012-12-04 13:00:00,20.2,61,12.4,0.0,0.0,2.06,426.0,1.5335999999999999
2012-12-04 14:00:00,21.0,60,12.9,0.0,0.0,2.45,363.0,1.3068
2012-12-04 15:00:00,20.7,61,12.8,0.0,0.0,2.4,278.0,1.0008
2012-12-04 16:00:00,19.2,65,12.6,0.0,0.0,2.3,140.0,0.504
2012-12-04 17:00:00,17.0,73,12.1,0.0,0.0,2.82,22.0,0.07919999999999999
2012-12-04 18:00:00,15.9,76,11.7,0.0,0.0,3.07,0.0,0.0
2012-12-04 19:00:00,15.4,76,11.1,0.0,0.0,3.4,0.0,0.0
2012-12-04 20:00:00,15.1,75,10.6,0.0,0.0,3.88,0.0,0.0
2012-12-04 21:00:00,15.1,73,10.3,0.0,0.0,4.39,0.0,0.0
2012-12-04 22:00:00,15.2,73,10.3,0.0,0.0,4.53,0.0,0.0
2012-12-04 23:00:00,15.2,73,10.4,0.0,0.0,4.61,0.0,0.0
2012-12-05 00:00:00,15.0,74,10.3,0.0,0.0,4.47,0.0,0.0
2012-12-05 01:00:00,14.7,74,10.1,0.0,0.0,4.32,0.0,0.0
2012-12-05 02:00:00,15.0,73,10.3,0.0,0.0,4.22,0.0,0.0
2012-12-05 03:00:00,15.0,73,10.2,0.0,0.0,3.98,0.0,0.0
2012-12-05 04:00:00,14.9,74,10.4,0.0,0.0,3.62,0.0,0.0
2012-12-05 05:00:00,14.0,77,10.1,0.0,0.0,3.2,0.0,0.0
2012-12-05 06:00:00,13.0,69,7.5,0.0,0.0,3.58,0.0,0.0
2012-12-05 07:00:00,11.9,63,5.0,0.0,0.0,3.55,0.0,0.0
2012-12-05 08:00:00,11.5,59,3.8,0.0,0.0,3.7,5.0,0.018
2012-12-05 09:00:00,11.0,59,3.3,0.0,0.0,3.83,65.0,0.23399999999999999
2012-12-05 10:00:00,11.1,57,2.9,0.0,0.0,3.98,169.0,0.6083999999999999
2012-12-05 11:00:00,11.5,54,2.5,0.0,0.0,4.22,250.0,0.9
2012-12-05 12:00:00,12.2,50,2.1,0.0,0.0,4.6,333.0,1.1987999999999999
2012-12-05 13:00:00,13.2,45,1.6,0.0,0.0,4.8,443.0,1.5948
2012-12-05 14:00:00,14.4,43,1.8,0.0,0.0,4.72,425.0,1.53
2012-12-05 15:00:00,13.9,42,1.3,0.0,0.0,4.89,310.0,1.1159999999999999
2012-12-05 16:00:00,12.8,45,1.1,0.0,0.0,4.53,157.0,0.5652
2012-12-05 17:00:00,11.2,47,0.4,0.0,0.0,3.74,23.0,0.0828
2012-12-05 18:00:00,9.9,48,-0.7,0.0,0.0,4.21,0.0,0.0
2012-12-05 19:00:00,8.6,47,-2.1,0.0,0.0,4.02,0.0,0.0
2012-12-05 20:00:00,7.2,45,-3.9,0.0,0.0,3.98,0.0,0.0
2012-12-05 21:00:00,6.0,44,-5.3,0.0,0.0,3.99,0.0,0.0
2012-12-05 22:00:00,5.0,44,-6.2,0.0,0.0,3.73,0.0,0.0
2012-12-05 23:00:00,4.2,45,-6.6,0.0,0.0,3.67,0.0,0.0
2012-12-06 00:00:00,3.5,47,-6.8,0.0,0.0,3.69,0.0,0.0
2012-12-06 01:00:00,2.8,49,-6.8,0.0,0.0,3.45,0.0,0.0
2012-12-06 02:00:00,2.3,53,-6.4,0.0,0.0,3.01,0.0,0.0
2012-12-06 03:00:00,1.5,57,-6.0,0.0,0.0,2.45,0.0,0.0
2012-12-06 04:00:00,0.7,62,-5.9,0.0,0.0,2.42,0.0,0.0
2012-12-06 05:00:00,-0.1,65,-5.8,0.0,0.0,2.22,0.0,0.0
2012-12-06 06:00:00,-0.7,69,-5.6,0.0,0.0,2.14,0.0,0.0
2012-12-06 07:00:00,-1.2,72,-5.5,0.0,0.0,2.28,0.0,0.0
2012-12-06 08:00:00,-0.7,71,-5.3,0.0,0.0,2.34,28.0,0.1008
2012-12-06 09:00:00,1.8,55,-6.2,0.0,0.0,2.66,170.0,0.612
2012-12-06 10:00:00,3.0,51,-6.2,0.0,0.0,1.7,321.0,1.1556
2012-12-06 11:00:00,4.2,48,-5.9,0.0,0.0,1.08,432.0,1.5552
2012-12-06 12:00:00,5.1,46,-5.5,0.0,0.0,0.8,489.0,1.7604
2012-12-06 13:00:00,5.9,45,-5.2,0.0,0.0,0.85,482.0,1.7351999999999999
2012-12-06 14:00:00,5.9,45,-5.0,0.0,0.0,1.17,423.0,1.5228
2012-12-06 15:00:00,6.0,45,-5.0,0.0,0.0,1.63,310.0,1.1159999999999999
2012-12-06 16:00:00,5.5,46,-5.2,0.0,0.0,1.98,159.0,0.5724
2012-12-06 17:00:00,4.3,52,-4.7,0.0,0.0,1.22,23.0,0.0828
2012-12-06 18:00:00,3.2,59,-4.0,0.0,0.0,1.77,0.0,0.0
2012-12-06 19:00:00,2.1,67,-3.4,0.0,0.0,2.05,0.0,0.0
2012-12-06 20:00:00,1.4,73,-2.9,0.0,0.0,2.13,0.0,0.0
2012-12-06 21:00:00,0.8,79,-2.5,0.0,0.0,2.33,0.0,0.0
2012-12-06 22:00:00,0.7,82,-2.0,0.0,0.0,2.5,0.0,0.0
2012-12-06 23:00:00,0.8,84,-1.6,0.0,0.0,2.37,0.0,0.0
2012-12-07 00:00:00,1.0,85,-1.2,0.0,0.0,2.61,0.0,0.0
2012-12-07 01:00:00,1.3,86,-0.8,0.0,0.0,2.69,0.0,0.0
2012-12-07 02:00:00,1.8,83,-0.8,0.0,0.0,2.68,0.0,0.0
2012-12-07 03:00:00,2.3,81,-0.6,0.0,0.0,2.51,0.0,0.0
2012-12-07 04:00:00,2.8,80,-0.3,0.0,0.0,2.53,0.0,0.0
2012-12-07 05:00:00,3.1,81,0.1,0.0,0.0,1.99,0.0,0.0
2012-12-07 06:00:00,3.2,82,0.5,0.0,0.0,2.38,0.0,0.0
2012-12-07 07:00:00,3.5,83,0.9,0.0,0.0,2.44,0.0,0.0
2012-12-07 08:00:00,3.7,87,1.7,1.1,0.0,2.57,8.0,0.0288
2012-12-07 09:00:00,4.1,92,2.9,0.5,0.0,2.41,41.0,0.1476
2012-12-07 10:00:00,4.8,90,3.3,0.2,0.0,2.4,57.0,0.2052
2012-12-07 11:00:00,6.2,84,3.7,0.0,0.0,2.4,129.0,0.4644
2012-12-07 12:00:00,8.3,73,3.6,0.0,0.0,2.3,282.0,1.0151999999999999
2012-12-07 13:00:00,9.9,65,3.6,0.0,0.0,2.65,321.0,1.1556
2012-12-07 14:00:00,10.5,57,2.4,0.0,0.0,2.45,320.0,1.152
2012-12-07 15:00:00,10.7,58,2.9,0.2,0.0,1.8,182.0,0.6552
2012-12-07 16:00:00,9.9,63,3.2,0.0,0.0,1.53,78.0,0.2808
2012-12-07 17:00:00,9.1,67,3.2,0.0,0.0,0.89,9.0,0.0324
2012-12-07 18:00:00,8.7,70,3.4,0.0,0.0,1.55,0.0,0.0
2012-12-07 19:00:00,8.4,74,4.1,0.0,0.0,1.97,0.0,0.0
2012-12-07 20:00:00,8.3,81,5.2,0.1,0.0,1.44,0.0,0.0
2012-12-07 21:00:00,8.0,88,6.1,0.5,0.0,1.41,0.0,0.0
2012-12-07 22:00:00,8.0,92,6.7,0.5,0.0,1.58,0.0,0.0
2012-12-07 23:00:00,8.1,93,7.1,0.4,0.0,1.89,0.0,0.0
2012-12-08 00:00:00,8.3,94,7.4,0.1,0.0,2.11,0.0,0.0
2012-12-08 01:00:00,8.4,95,7.7,0.0,0.0,2.02,0.0,0.0
2012-12-08 02:00:00,8.3,94,7.4,0.0,0.0,1.71,0.0,0.0
2012-12-08 03:00:00,8.2,96,7.6,0.0,0.0,1.53,0.0,0.0
2012-12-08 04:00:00,8.0,97,7.6,0.0,0.0,1.53,0.0,0.0
2012-12-08 05:00:00,7.8,98,7.6,0.0,0.0,0.3,0.0,0.0
2012-12-08 06:00:00,7.5,99,7.4,0.0,0.0,0.42,0.0,0.0
2012-12-08 07:00:00,7.2,100,7.1,0.0,0.0,0.71,0.0,0.0
2012-12-08 08:00:00,7.1,99,7.0,0.0,0.0,1.49,14.0,0.0504
2012-12-08 09:00:00,9.0,97,8.6,0.0,0.0,1.8,116.0,0.41759999999999997
2012-12-08 10:00:00,10.3,94,9.4,0.0,0.0,1.08,211.0,0.7595999999999999
2012-12-08 11:00:00,11.5,89,9.8,0.0,0.0,1.2,230.0,0.828
2012-12-08 12:00:00,13.2,83,10.3,0.0,0.0,1.2,317.0,1.1412
2012-12-08 13:00:00,15.1,76,10.9,0.0,0.0,1.17,409.0,1.4724
2012-12-08 14:00:00,14.5,78,10.7,0.0,0.0,1.4,362.0,1.3032
2012-12-08 15:00:00,14.9,77,10.8,0.0,0.0,1.51,246.0,0.8855999999999999
2012-12-08 16:00:00,14.2,80,10.8,0.0,0.0,1.92,128.0,0.4608
2012-12-08 17:00:00,12.3,89,10.5,0.0,0.0,2.1,19.0,0.0684
2012-12-08 18:00:00,11.6,93,10.5,0.0,0.0,2.15,0.0,0.0
2012-12-08 19:00:00,11.2,94,10.3,0.0,0.0,1.73,0.0,0.0
2012-12-08 20:00:00,11.0,95,10.2,0.0,0.0,1.63,0.0,0.0
2012-12-08 21:00:00,10.6,95,9.9,0.0,0.0,1.55,0.0,0.0
2012-12-08 22:00:00,10.3,95,9.6,0.1,0.0,1.86,0.0,0.0
2012-12-08 23:00:00,10.1,96,9.4,0.0,0.0,1.61,0.0,0.0
2012-12-09 00:00:00,9.7,96,9.2,0.0,0.0,1.66,0.0,0.0
2012-12-09 01:00:00,9.5,97,9.0,0.0,0.0,1.97,0.0,0.0
2012-12-09 02:00:00,9.2,97,8.8,0.0,0.0,2.55,0.0,0.0
2012-12-09 03:00:00,8.8,98,8.5,0.0,0.0,2.8,0.0,0.0
2012-12-09 04:00:00,8.7,97,8.3,0.0,0.0,2.77,0.0,0.0
2012-12-09 05:00:00,8.9,96,8.3,0.0,0.0,2.58,0.0,0.0
2012-12-09 06:00:00,8.4,97,7.9,0.2,0.0,2.41,0.0,0.0
2012-12-09 07:00:00,8.4,97,7.9,0.3,0.0,2.69,0.0,0.0
2012-12-09 08:00:00,8.7,96,8.2,0.5,0.0,3.18,5.0,0.018
2012-12-09 09:00:00,9.0,96,8.5,0.4,0.0,3.47,35.0,0.126
2012-12-09 10:00:00,9.0,95,8.3,0.3,0.0,3.91,47.0,0.1692
2012-12-09 11:00:00,9.2,93,8.1,0.1,0.0,3.58,79.0,0.2844
2012-12-09 12:00:00,9.0,92,7.8,0.0,0.0,3.64,64.0,0.2304
2012-12-09 13:00:00,8.9,92,7.6,0.0,0.0,3.71,62.0,0.22319999999999998
2012-12-09 14:00:00,9.1,91,7.8,0.0,0.0,3.22,48.0,0.1728
2012-12-09 15:00:00,9.0,91,7.6,0.0,0.0,3.0,43.0,0.1548
2012-12-09 16:00:00,8.8,91,7.4,0.0,0.0,2.92,26.0,0.0936
2012-12-09 17:00:00,8.6,92,7.5,0.0,0.0,2.77,3.0,0.0108
2012-12-09 18:00:00,8.6,94,7.7,0.0,0.0,2.55,0.0,0.0
2012-12-09 19:00:00,8.7,95,8.0,0.0,0.0,1.48,0.0,0.0
2012-12-09 20:00:00,8.9,96,8.3,0.3,0.0,1.56,0.0,0.0
2012-12-09 21:00:00,9.0,98,8.7,0.9,0.0,1.77,0.0,0.0
2012-12-09 22:00:00,9.3,99,9.2,0.7,0.0,2.0,0.0,0.0
2012-12-09 23:00:00,9.8,99,9.6,0.0,0.0,2.09,0.0,0.0
2012-12-10 00:00:00,10.2,99,10.0,0.0,0.0,2.22,0.0,0.0
2012-12-10 01:00:00,10.7,99,10.5,0.0,0.0,2.66,0.0,0.0
2012-12-10 02:00:00,10.1,99,9.9,0.0,0.0,2.89,0.0,0.0
2012-12-10 03:00:00,10.8,99,10.6,0.0,0.0,3.1,0.0,0.0
2012-12-10 04:00:00,11.6,99,11.5,0.0,0.0,3.67,0.0,0.0
2012-12-10 05:00:00,12.6,99,12.4,0.0,0.0,3.85,0.0,0.0
2012-12-10 06:00:00,13.4,98,13.2,0.0,0.0,4.7,0.0,0.0
2012-12-10 07:00:00,14.1,98,13.8,0.0,0.0,4.97,0.0,0.0
2012-12-10 08:00:00,14.5,98,14.2,0.0,0.0,5.1,5.0,0.018
2012-12-10 09:00:00,14.9,97,14.5,0.0,0.0,5.15,36.0,0.1296
2012-12-10 10:00:00,15.3,97,14.8,0.0,0.0,4.57,69.0,0.24839999999999998
2012-12-10 11:00:00,15.9,94,14.9,0.0,0.0,5.22,137.0,0.49319999999999997
2012-12-10 12:00:00,16.6,89,14.7,0.0,0.0,5.04,180.0,0.648
2012-12-10 13:00:00,17.3,84,14.5,0.0,0.0,4.74,189.0,0.6804
2012-12-10 14:00:00,17.2,83,14.3,0.0,0.0,3.36,148.0,0.5327999999999999
2012-12-10 15:00:00,17.4,83,14.5,0.0,0.0,3.11,121.0,0.4356
2012-12-10 16:00:00,17.0,85,14.5,0.0,0.0,2.91,70.0,0.252
2012-12-10 17:00:00,16.2,88,14.2,0.0,0.0,2.16,12.0,0.0432
2012-12-10 18:00:00,15.9,88,13.9,0.0,0.0,2.86,0.0,0.0
2012-12-10 19:00:00,15.2,90,13.5,0.0,0.0,2.82,0.0,0.0
2012-12-10 20:00:00,15.2,88,13.2,0.0,0.0,3.13,0.0,0.0
2012-12-10 21:00:00,14.8,88,12.9,0.0,0.0,3.66,0.0,0.0
2012-12-10 22:00:00,15.0,87,12.8,0.0,0.0,3.91,0.0,0.0
2012-12-10 23:00:00,15.1,85,12.6,0.0,0.0,3.58,0.0,0.0
2012-12-11 00:00:00,14.0,87,11.9,0.0,0.0,4.25,0.0,0.0
2012-12-11 01:00:00,10.4,73,5.8,0.0,0.0,6.41,0.0,0.0
2012-12-11 02:00:00,8.8,83,6.1,0.0,0.0,4.44,0.0,0.0
2012-12-11 03:00:00,8.8,79,5.4,0.0,0.0,3.55,0.0,0.0
2012-12-11 04:00:00,8.4,80,5.1,0.2,0.0,3.68,0.0,0.0
2012-12-11 05:00:00,7.7,82,4.9,0.2,0.0,3.76,0.0,0.0
2012-12-11 06:00:00,7.1,84,4.6,0.0,0.0,3.34,0.0,0.0
2012-12-11 07:00:00,6.9,83,4.2,0.0,0.0,3.33,0.0,0.0
2012-12-11 08:00:00,6.8,81,3.9,0.0,0.0,3.28,8.0,0.0288
2012-12-11 09:00:00,6.9,77,3.1,0.0,0.0,3.14,68.0,0.2448
2012-12-11 10:00:00,7.4,70,2.2,0.0,0.0,3.38,152.0,0.5472
2012-12-11 11:00:00,8.0,63,1.3,0.0,0.0,3.47,230.0,0.828
2012-12-11 12:00:00,8.7,56,0.4,0.0,0.0,3.5,288.0,1.0368
2012-12-11 13:00:00,9.2,51,-0.3,0.0,0.0,3.5,265.0,0.954
2012-12-11 14:00:00,9.1,52,-0.1,0.0,0.0,3.3,179.0,0.6444
2012-12-11 15:00:00,9.3,50,-0.6,0.0,0.0,3.14,216.0,0.7776
2012-12-11 16:00:00,8.9,50,-1.1,0.0,0.0,2.39,88.0,0.31679999999999997
2012-12-11 17:00:00,8.0,53,-0.9,0.0,0.0,2.16,17.0,0.0612
2012-12-11 18:00:00,7.0,58,-0.8,0.0,0.0,2.13,0.0,0.0
2012-12-11 19:00:00,6.1,61,-0.8,0.0,0.0,2.3,0.0,0.0
2012-12-11 20:00:00,5.4,64,-0.9,0.0,0.0,2.24,0.0,0.0
2012-12-11 21:00:00,4.6,69,-0.6,0.0,0.0,1.97,0.0,0.0
2012-12-11 22:00:00,4.1,72,-0.5,0.0,0.0,1.79,0.0,0.0
2012-12-11 23:00:00,3.6,73,-0.7,0.0,0.0,1.66,0.0,0.0
2012-12-12 00:00:00,3.3,74,-0.9,0.0,0.0,1.71,0.0,0.0
2012-12-12 01:00:00,2.9,75,-1.1,0.0,0.0,1.75,0.0,0.0
2012-12-12 02:00:00,2.7,76,-1.1,0.0,0.0,1.7,0.0,0.0
2012-12-12 03:00:00,2.4,77,-1.2,0.0,0.0,1.8,0.0,0.0
2012-12-12 04:00:00,2.3,77,-1.3,0.0,0.0,1.89,0.0,0.0
2012-12-12 05:00:00,2.2,77,-1.5,0.0,0.0,1.93,0.0,0.0
2012-12-12 06:00:00,2.0,77,-1.6,0.0,0.0,1.97,0.0,0.0
2012-12-12 07:00:00,1.9,79,-1.4,0.0,0.0,2.1,0.0,0.0
2012-12-12 08:00:00,1.9,81,-1.0,0.0,0.0,2.32,13.0,0.0468
2012-12-12 09:00:00,3.8,69,-1.3,0.0,0.0,2.09,96.0,0.3456
2012-12-12 10:00:00,5.0,63,-1.4,0.0,0.0,2.3,191.0,0.6876
2012-12-12 11:00:00,6.1,57,-1.9,0.0,0.0,2.02,287.0,1.0332
2012-12-12 12:00:00,6.7,53,-2.3,0.0,0.0,2.06,320.0,1.152
2012-12-12 13:00:00,7.1,50,-2.6,0.0,0.0,1.8,337.0,1.2132
2012-12-12 14:00:00,7.7,48,-2.5,0.0,0.0,1.53,309.0,1.1124
2012-12-12 15:00:00,7.5,48,-2.8,0.0,0.0,1.84,210.0,0.756
2012-12-12 16:00:00,7.0,49,-3.0,0.0,0.0,1.79,104.0,0.3744
2012-12-12 17:00:00,6.0,55,-2.4,0.0,0.0,1.52,16.0,0.0576
2012-12-12 18:00:00,5.0,65,-1.0,0.0,0.0,1.8,0.0,0.0
2012-12-12 19:00:00,4.1,69,-1.1,0.0,0.0,1.87,0.0,0.0
2012-12-12 20:00:00,3.7,70,-1.3,0.0,0.0,1.56,0.0,0.0
2012-12-12 21:00:00,3.2,73,-1.1,0.0,0.0,1.84,0.0,0.0
2012-12-12 22:00:00,2.9,74,-1.3,0.0,0.0,2.62,0.0,0.0
2012-12-12 23:00:00,2.8,72,-1.8,0.0,0.0,2.43,0.0,0.0
2012-12-13 00:00:00,2.8,69,-2.4,0.0,0.0,2.53,0.0,0.0
2012-12-13 01:00:00,2.6,68,-2.7,0.0,0.0,2.24,0.0,0.0
2012-12-13 02:00:00,2.2,68,-3.1,0.0,0.0,2.21,0.0,0.0
2012-12-13 03:00:00,2.0,68,-3.4,0.0,0.0,2.45,0.0,0.0
2012-12-13 04:00:00,1.9,66,-3.7,0.0,0.0,2.55,0.0,0.0
2012-12-13 05:00:00,1.8,66,-3.9,0.0,0.0,2.44,0.0,0.0
2012-12-13 06:00:00,1.6,66,-4.0,0.0,0.0,2.77,0.0,0.0
2012-12-13 07:00:00,0.9,72,-3.6,0.0,0.0,2.75,0.0,0.0
2012-12-13 08:00:00,0.3,77,-3.3,0.0,0.0,2.51,19.0,0.0684
2012-12-13 09:00:00,3.0,64,-3.1,0.0,0.0,2.6,154.0,0.5544
2012-12-13 10:00:00,5.1,54,-3.4,0.0,0.0,2.8,301.0,1.0836
2012-12-13 11:00:00,6.6,50,-3.0,0.0,0.0,3.26,414.0,1.4904
2012-12-13 12:00:00,7.5,48,-2.7,0.0,0.0,2.94,475.0,1.71
2012-12-13 13:00:00,8.0,46,-2.9,0.0,0.0,2.28,476.0,1.7136
2012-12-13 14:00:00,8.2,43,-3.5,0.0,0.0,1.84,419.0,1.5084
2012-12-13 15:00:00,8.0,43,-3.9,0.0,0.0,1.75,309.0,1.1124
2012-12-13 16:00:00,7.3,45,-4.0,0.0,0.0,1.36,163.0,0.5868
2012-12-13 17:00:00,6.0,54,-2.7,0.0,0.0,1.65,26.0,0.0936
2012-12-13 18:00:00,4.0,68,-1.3,0.0,0.0,2.01,0.0,0.0
2012-12-13 19:00:00,3.6,66,-2.1,0.0,0.0,2.21,0.0,0.0
2012-12-13 20:00:00,4.0,63,-2.4,0.0,0.0,2.19,0.0,0.0
2012-12-13 21:00:00,3.9,64,-2.2,0.0,0.0,2.12,0.0,0.0
2012-12-13 22:00:00,3.7,66,-2.0,0.0,0.0,2.15,0.0,0.0
2012-12-13 23:00:00,3.1,71,-1.7,0.0,0.0,1.87,0.0,0.0
2012-12-14 00:00:00,1.5,78,-1.8,0.0,0.0,1.88,0.0,0.0
2012-12-14 01:00:00,1.0,81,-1.9,0.0,0.0,2.01,0.0,0.0
2012-12-14 02:00:00,1.7,80,-1.4,0.0,0.0,1.86,0.0,0.0
2012-12-14 03:00:00,0.2,86,-1.9,0.0,0.0,2.3,0.0,0.0
2012-12-14 04:00:00,-1.3,90,-2.7,0.0,0.0,2.25,0.0,0.0
2012-12-14 05:00:00,-1.8,92,-3.0,0.0,0.0,2.48,0.0,0.0
2012-12-14 06:00:00,-1.9,93,-3.0,0.0,0.0,2.25,0.0,0.0
2012-12-14 07:00:00,-2.0,93,-3.0,0.0,0.0,2.08,0.0,0.0
2012-12-14 08:00:00,-1.7,94,-2.6,0.0,0.0,2.28,19.0,0.0684
2012-12-14 09:00:00,1.8,87,-0.2,0.0,0.0,2.19,147.0,0.5292
2012-12-14 10:00:00,4.6,72,0.1,0.0,0.0,2.13,295.0,1.062
2012-12-14 11:00:00,6.5,64,0.1,0.0,0.0,2.11,408.0,1.4687999999999999
2012-12-14 12:00:00,8.1,56,-0.0,0.0,0.0,2.01,468.0,1.6847999999999999
2012-12-14 13:00:00,9.2,52,-0.2,0.0,0.0,2.06,471.0,1.6956
2012-12-14 14:00:00,10.0,49,-0.3,0.0,0.0,2.02,415.0,1.494
2012-12-14 15:00:00,9.7,52,0.2,0.0,0.0,1.39,307.0,1.1052
2012-12-14 16:00:00,8.4,59,0.9,0.0,0.0,2.44,162.0,0.5831999999999999
2012-12-14 17:00:00,6.5,66,0.7,0.0,0.0,2.62,26.0,0.0936
2012-12-14 18:00:00,5.1,73,0.7,0.0,0.0,2.33,0.0,0.0
2012-12-14 19:00:00,3.9,79,0.6,0.0,0.0,2.69,0.0,0.0
2012-12-14 20:00:00,2.6,85,0.4,0.0,0.0,2.77,0.0,0.0
2012-12-14 21:00:00,1.6,88,-0.2,0.0,0.0,2.6,0.0,0.0
2012-12-14 22:00:00,0.9,89,-0.7,0.0,0.0,2.38,0.0,0.0
2012-12-14 23:00:00,0.1,91,-1.2,0.0,0.0,2.01,0.0,0.0
2012-12-15 00:00:00,-0.1,92,-1.3,0.0,0.0,1.92,0.0,0.0
2012-12-15 01:00:00,-0.1,92,-1.3,0.0,0.0,1.92,0.0,0.0
2012-12-15 02:00:00,-0.1,91,-1.4,0.0,0.0,1.8,0.0,0.0
2012-12-15 03:00:00,-0.2,90,-1.7,0.0,0.0,1.7,0.0,0.0
2012-12-15 04:00:00,-0.1,89,-1.7,0.0,0.0,1.8,0.0,0.0
2012-12-15 05:00:00,0.1,88,-1.7,0.0,0.0,2.27,0.0,0.0
2012-12-15 06:00:00,0.1,88,-1.7,0.0,0.0,2.36,0.0,0.0
2012-12-15 07:00:00,0.2,89,-1.5,0.0,0.0,2.51,0.0,0.0
2012-12-15 08:00:00,0.7,90,-0.8,0.0,0.0,2.42,10.0,0.036
2012-12-15 09:00:00,3.0,86,0.9,0.0,0.0,2.47,81.0,0.29159999999999997
2012-12-15 10:00:00,5.3,79,2.0,0.0,0.0,2.01,168.0,0.6048
2012-12-15 11:00:00,7.3,71,2.5,0.0,0.0,2.31,287.0,1.0332
2012-12-15 12:00:00,9.3,63,2.6,0.0,0.0,2.5,430.0,1.548
2012-12-15 13:00:00,10.3,58,2.5,0.0,0.0,2.48,411.0,1.4796
2012-12-15 14:00:00,10.9,52,1.6,0.0,0.0,2.55,405.0,1.458
2012-12-15 15:00:00,10.7,53,1.5,0.0,0.0,2.92,301.0,1.0836
2012-12-15 16:00:00,9.3,60,1.9,0.0,0.0,2.56,158.0,0.5688
2012-12-15 17:00:00,7.4,68,2.0,0.0,0.0,2.37,23.0,0.0828
2012-12-15 18:00:00,6.1,76,2.3,0.0,0.0,2.56,0.0,0.0
2012-12-15 19:00:00,5.5,82,2.7,0.0,0.0,2.66,0.0,0.0
2012-12-15 20:00:00,4.9,87,2.9,0.0,0.0,2.33,0.0,0.0
2012-12-15 21:00:00,4.5,91,3.1,0.0,0.0,2.9,0.0,0.0
2012-12-15 22:00:00,4.5,93,3.4,0.2,0.0,2.56,0.0,0.0
2012-12-15 23:00:00,4.8,94,3.8,0.0,0.0,2.64,0.0,0.0
2012-12-16 00:00:00,5.1,94,4.1,0.0,0.0,2.36,0.0,0.0
2012-12-16 01:00:00,5.1,94,4.3,0.0,0.0,2.62,0.0,0.0
2012-12-16 02:00:00,5.4,93,4.3,0.8,0.0,2.83,0.0,0.0
2012-12-16 03:00:00,5.3,95,4.5,0.0,0.0,2.9,0.0,0.0
2012-12-16 04:00:00,5.8,95,5.0,0.0,0.0,2.4,0.0,0.0
2012-12-16 05:00:00,6.0,96,5.4,0.0,0.0,1.44,0.0,0.0
2012-12-16 06:00:00,6.2,96,5.7,0.0,0.0,1.49,0.0,0.0
2012-12-16 07:00:00,6.4,97,6.0,0.0,0.0,1.63,0.0,0.0
2012-12-16 08:00:00,6.7,98,6.3,0.0,0.0,1.8,4.0,0.0144
2012-12-16 09:00:00,7.4,97,6.9,0.0,0.0,1.94,34.0,0.1224
2012-12-16 10:00:00,8.4,95,7.7,0.0,0.0,2.31,89.0,0.3204
2012-12-16 11:00:00,9.3,91,8.0,0.0,0.0,2.24,150.0,0.54
2012-12-16 12:00:00,9.8,89,8.0,0.0,0.0,1.9,154.0,0.5544
2012-12-16 13:00:00,10.2,85,7.8,0.0,0.0,2.0,160.0,0.576
2012-12-16 14:00:00,9.9,79,6.5,0.0,0.0,1.92,147.0,0.5292
2012-12-16 15:00:00,10.0,79,6.5,0.0,0.0,2.02,109.0,0.39239999999999997
2012-12-16 16:00:00,9.4,83,6.7,0.0,0.0,2.1,37.0,0.13319999999999999
2012-12-16 17:00:00,9.0,88,7.0,0.0,0.0,1.61,5.0,0.018
2012-12-16 18:00:00,8.6,92,7.3,0.1,0.0,1.48,0.0,0.0
2012-12-16 19:00:00,8.4,95,7.7,0.0,0.0,1.5,0.0,0.0
2012-12-16 20:00:00,8.4,97,8.0,0.0,0.0,1.66,0.0,0.0
2012-12-16 21:00:00,8.8,98,8.5,0.0,0.0,2.06,0.0,0.0
2012-12-16 22:00:00,9.1,99,8.9,0.0,0.0,1.32,0.0,0.0
2012-12-16 23:00:00,9.4,99,9.3,0.0,0.0,1.58,0.0,0.0
2012-12-17 00:00:00,9.7,99,9.5,0.0,0.0,1.75,0.0,0.0
2012-12-17 01:00:00,9.9,99,9.7,0.2,0.0,1.61,0.0,0.0
2012-12-17 02:00:00,9.5,99,9.4,0.0,0.0,1.61,0.0,0.0
2012-12-17 03:00:00,9.6,100,9.6,0.0,0.0,1.22,0.0,0.0
2012-12-17 04:00:00,9.6,100,9.6,0.0,0.0,1.49,0.0,0.0
2012-12-17 05:00:00,9.4,99,9.3,0.0,0.0,0.54,0.0,0.0
2012-12-17 06:00:00,9.1,100,9.1,0.0,0.0,0.89,0.0,0.0
2012-12-17 07:00:00,8.7,100,8.7,0.0,0.0,1.14,0.0,0.0
2012-12-17 08:00:00,8.3,99,8.2,0.0,0.0,1.63,7.0,0.0252
2012-12-17 09:00:00,9.3,99,9.1,0.0,0.0,1.92,58.0,0.20879999999999999
2012-12-17 10:00:00,9.9,96,9.2,0.0,0.0,1.68,118.0,0.4248
2012-12-17 11:00:00,11.0,90,9.4,0.0,0.0,2.4,149.0,0.5364
2012-12-17 12:00:00,11.5,88,9.7,0.0,0.0,2.98,164.0,0.5904
2012-12-17 13:00:00,12.2,85,9.7,0.0,0.0,2.44,186.0,0.6696
2012-12-17 14:00:00,11.2,90,9.7,0.0,0.0,2.86,70.0,0.252
2012-12-17 15:00:00,11.3,91,9.9,0.0,0.0,3.26,63.0,0.2268
2012-12-17 16:00:00,10.8,97,10.4,0.0,0.0,3.0,29.0,0.10439999999999999
2012-12-17 17:00:00,10.6,99,10.5,0.1,0.0,2.69,4.0,0.0144
2012-12-17 18:00:00,10.8,99,10.7,0.1,0.0,2.7,0.0,0.0
2012-12-17 19:00:00,10.9,100,10.9,0.5,0.0,2.91,0.0,0.0
2012-12-17 20:00:00,11.2,100,11.1,0.8,0.0,3.14,0.0,0.0
2012-12-17 21:00:00,11.3,99,11.2,1.2,0.0,3.4,0.0,0.0
2012-12-17 22:00:00,11.5,99,11.3,0.6,0.0,3.35,0.0,0.0
2012-12-17 23:00:00,11.8,98,11.5,0.1,0.0,3.45,0.0,0.0
2012-12-18 00:00:00,12.1,97,11.7,0.0,0.0,3.67,0.0,0.0
2012-12-18 01:00:00,12.1,97,11.7,0.0,0.0,4.24,0.0,0.0
2012-12-18 02:00:00,12.0,97,11.5,0.0,0.0,4.13,0.0,0.0
2012-12-18 03:00:00,11.5,97,11.0,0.0,0.0,3.44,0.0,0.0
2012-12-18 04:00:00,10.6,97,10.2,0.0,0.0,2.77,0.0,0.0
2012-12-18 05:00:00,9.7,98,9.3,0.0,0.0,2.82,0.0,0.0
2012-12-18 06:00:00,8.9,98,8.6,0.0,0.0,1.97,0.0,0.0
2012-12-18 07:00:00,8.1,98,7.9,0.0,0.0,2.16,0.0,0.0
2012-12-18 08:00:00,7.9,98,7.6,0.0,0.0,2.64,13.0,0.0468
2012-12-18 09:00:00,9.2,95,8.5,0.0,0.0,2.79,120.0,0.432
2012-12-18 10:00:00,11.0,88,9.1,0.0,0.0,2.86,268.0,0.9648
2012-12-18 11:00:00,12.6,74,8.0,0.0,0.0,4.22,383.0,1.3788
2012-12-18 12:00:00,13.2,64,6.5,0.0,0.0,5.73,362.0,1.3032
2012-12-18 13:00:00,13.5,55,4.7,0.0,0.0,6.26,379.0,1.3644
2012-12-18 14:00:00,12.4,61,5.1,0.1,0.0,6.87,354.0,1.2744
2012-12-18 15:00:00,11.6,59,3.8,0.0,0.0,6.3,204.0,0.7343999999999999
2012-12-18 16:00:00,10.9,54,1.9,0.0,0.0,6.07,143.0,0.5148
2012-12-18 17:00:00,9.5,55,0.9,0.0,0.0,5.03,27.0,0.0972
2012-12-18 18:00:00,8.4,58,0.6,0.0,0.0,4.25,0.0,0.0
2012-12-18 19:00:00,7.6,60,0.3,0.0,0.0,4.43,0.0,0.0
2012-12-18 20:00:00,7.0,60,-0.2,0.0,0.0,4.39,0.0,0.0
2012-12-18 21:00:00,6.4,60,-0.7,0.0,0.0,3.81,0.0,0.0
2012-12-18 22:00:00,5.8,62,-1.0,0.0,0.0,3.79,0.0,0.0
2012-12-18 23:00:00,5.3,64,-1.1,0.0,0.0,3.32,0.0,0.0
2012-12-19 00:00:00,4.7,67,-1.0,0.0,0.0,2.65,0.0,0.0
2012-12-19 01:00:00,4.4,69,-0.8,0.0,0.0,2.1,0.0,0.0
2012-12-19 02:00:00,3.7,78,0.3,0.0,0.0,1.75,0.0,0.0
2012-12-19 03:00:00,3.1,82,0.4,0.0,0.0,1.92,0.0,0.0
2012-12-19 04:00:00,2.1,88,0.3,0.0,0.0,2.58,0.0,0.0
2012-12-19 05:00:00,2.7,84,0.3,0.0,0.0,2.66,0.0,0.0
2012-12-19 06:00:00,3.9,80,0.7,0.0,0.0,1.84,0.0,0.0
2012-12-19 07:00:00,3.9,81,0.9,0.0,0.0,1.81,0.0,0.0
2012-12-19 08:00:00,2.9,88,1.1,0.0,0.0,1.53,10.0,0.036
2012-12-19 09:00:00,5.1,83,2.5,0.0,0.0,2.27,115.0,0.414
2012-12-19 10:00:00,7.7,70,2.7,0.0,0.0,2.76,274.0,0.9863999999999999
2012-12-19 11:00:00,9.5,62,2.6,0.0,0.0,4.11,388.0,1.3968
2012-12-19 12:00:00,10.8,56,2.4,0.0,0.0,5.87,452.0,1.6272
2012-12-19 13:00:00,11.4,53,2.1,0.0,0.0,5.1,430.0,1.548
2012-12-19 14:00:00,11.4,53,2.2,0.0,0.0,4.91,148.0,0.5327999999999999
2012-12-19 15:00:00,11.3,53,2.0,0.0,0.0,4.02,146.0,0.5256
2012-12-19 16:00:00,10.8,53,1.7,0.0,0.0,3.64,80.0,0.288
2012-12-19 17:00:00,9.8,56,1.4,0.0,0.0,3.34,15.0,0.054
2012-12-19 18:00:00,9.4,57,1.3,0.0,0.0,2.73,0.0,0.0
2012-12-19 19:00:00,8.4,60,1.1,0.0,0.0,2.66,0.0,0.0
2012-12-19 20:00:00,7.3,64,0.9,0.0,0.0,2.47,0.0,0.0
2012-12-19 21:00:00,6.1,69,0.7,0.0,0.0,2.42,0.0,0.0
2012-12-19 22:00:00,4.7,76,0.8,0.0,0.0,2.15,0.0,0.0
2012-12-19 23:00:00,3.5,81,0.6,0.0,0.0,1.84,0.0,0.0
2012-12-20 00:00:00,3.3,80,0.2,0.0,0.0,1.87,0.0,0.0
2012-12-20 01:00:00,3.7,77,0.1,0.0,0.0,2.01,0.0,0.0
2012-12-20 02:00:00,2.3,86,0.2,0.0,0.0,1.94,0.0,0.0
2012-12-20 03:00:00,2.4,87,0.4,0.0,0.0,1.84,0.0,0.0
2012-12-20 04:00:00,2.1,89,0.6,0.0,0.0,1.6,0.0,0.0
2012-12-20 05:00:00,1.7,91,0.4,0.0,0.0,1.56,0.0,0.0
2012-12-20 06:00:00,1.6,91,0.3,0.0,0.0,1.66,0.0,0.0
2012-12-20 07:00:00,1.5,91,0.2,0.0,0.0,1.84,0.0,0.0
2012-12-20 08:00:00,1.6,91,0.3,0.0,0.0,2.2,9.0,0.0324
2012-12-20 09:00:00,4.1,84,1.6,0.0,0.0,2.33,94.0,0.3384
2012-12-20 10:00:00,6.2,71,1.3,0.0,0.0,3.31,202.0,0.7272
2012-12-20 11:00:00,7.1,63,0.4,0.0,0.0,3.88,278.0,1.0008
2012-12-20 12:00:00,7.8,58,-0.0,0.0,0.0,3.61,324.0,1.1663999999999999
2012-12-20 13:00:00,8.0,56,-0.3,0.0,0.0,3.83,249.0,0.8964
2012-12-20 14:00:00,7.9,54,-0.7,0.0,0.0,4.03,183.0,0.6587999999999999
2012-12-20 15:00:00,7.5,57,-0.5,0.0,0.0,3.98,79.0,0.2844
2012-12-20 16:00:00,6.9,62,0.1,0.0,0.0,4.44,19.0,0.0684
2012-12-20 17:00:00,6.6,68,1.1,0.0,0.0,3.85,4.0,0.0144
2012-12-20 18:00:00,6.4,76,2.5,0.3,0.0,4.24,0.0,0.0
2012-12-20 19:00:00,6.1,87,4.1,0.8,0.0,4.66,0.0,0.0
2012-12-20 20:00:00,6.4,91,5.1,1.0,0.0,5.46,0.0,0.0
2012-12-20 21:00:00,7.0,93,6.0,1.5,0.0,6.09,0.0,0.0
2012-12-20 22:00:00,8.0,94,7.1,2.0,0.0,6.81,0.0,0.0
2012-12-20 23:00:00,9.3,94,8.4,1.0,0.0,7.64,0.0,0.0
2012-12-21 00:00:00,10.7,94,9.8,1.2,0.0,7.99,0.0,0.0
2012-12-21 01:00:00,11.8,94,10.9,0.8,0.0,7.96,0.0,0.0
2012-12-21 02:00:00,13.3,96,12.6,1.9,0.0,7.34,0.0,0.0
2012-12-21 03:00:00,13.4,96,12.8,2.9,0.0,5.6,0.0,0.0
2012-12-21 04:00:00,11.1,96,10.4,3.3,0.0,7.28,0.0,0.0
2012-12-21 05:00:00,5.5,80,2.4,0.3,0.0,5.54,0.0,0.0
2012-12-21 06:00:00,5.0,76,1.0,0.0,0.0,4.22,0.0,0.0
2012-12-21 07:00:00,4.6,69,-0.7,0.0,0.0,4.59,0.0,0.0
2012-12-21 08:00:00,4.1,61,-2.8,0.0,0.0,5.18,13.0,0.0468
2012-12-21 09:00:00,4.5,52,-4.6,0.0,0.0,6.2,129.0,0.4644
2012-12-21 10:00:00,5.1,45,-6.0,0.0,0.0,6.32,265.0,0.954
2012-12-21 11:00:00,5.9,42,-6.0,0.0,0.0,7.41,314.0,1.1304
2012-12-21 12:00:00,6.8,40,-5.9,0.0,0.0,7.3,346.0,1.2456
2012-12-21 13:00:00,7.1,39,-5.9,0.0,0.0,7.31,315.0,1.134
2012-12-21 14:00:00,6.0,41,-6.4,0.0,0.0,7.02,213.0,0.7667999999999999
2012-12-21 15:00:00,5.4,43,-6.1,0.0,0.0,7.01,161.0,0.5796
2012-12-21 16:00:00,4.8,45,-6.3,0.0,0.0,6.62,97.0,0.3492
2012-12-21 17:00:00,4.2,46,-6.5,0.0,0.0,5.06,17.0,0.0612
2012-12-21 18:00:00,4.0,45,-7.0,0.0,0.0,4.68,0.0,0.0
2012-12-21 19:00:00,3.4,46,-7.2,0.0,0.0,5.74,0.0,0.0
2012-12-21 20:00:00,2.8,49,-6.9,0.0,0.0,5.92,0.0,0.0
2012-12-21 21:00:00,2.5,52,-6.3,0.0,0.0,5.91,0.0,0.0
2012-12-21 22:00:00,2.2,55,-5.8,0.0,0.0,5.8,0.0,0.0
2012-12-21 23:00:00,2.0,57,-5.6,0.0,0.0,6.05,0.0,0.0
2012-12-22 00:00:00,1.9,58,-5.6,0.0,0.0,6.16,0.0,0.0
2012-12-22 01:00:00,1.8,57,-5.8,0.0,0.0,6.33,0.0,0.0
2012-12-22 02:00:00,2.6,53,-6.1,0.0,0.0,6.46,0.0,0.0
2012-12-22 03:00:00,2.3,53,-6.3,0.0,0.0,6.51,0.0,0.0
2012-12-22 04:00:00,2.1,53,-6.4,0.0,0.0,6.58,0.0,0.0
2012-12-22 05:00:00,2.0,53,-6.6,0.0,0.0,6.32,0.0,0.0
2012-12-22 06:00:00,1.9,53,-6.8,0.0,0.0,6.36,0.0,0.0
2012-12-22 07:00:00,1.8,52,-7.1,0.0,0.0,6.58,0.0,0.0
2012-12-22 08:00:00,1.7,53,-6.9,0.0,0.0,6.64,13.0,0.0468
2012-12-22 09:00:00,2.3,53,-6.3,0.0,0.0,6.14,132.0,0.4752
2012-12-22 10:00:00,3.1,47,-7.1,0.0,0.0,8.18,266.0,0.9576
2012-12-22 11:00:00,3.8,44,-7.4,0.0,0.0,8.39,389.0,1.4003999999999999
2012-12-22 12:00:00,4.4,42,-7.5,0.0,0.0,8.39,421.0,1.5156
2012-12-22 13:00:00,5.0,40,-7.4,0.0,0.0,8.63,467.0,1.6812
2012-12-22 14:00:00,5.7,41,-6.7,0.0,0.0,8.44,348.0,1.2528
2012-12-22 15:00:00,5.5,41,-6.7,0.0,0.0,7.94,302.0,1.0872
2012-12-22 16:00:00,4.8,42,-6.9,0.0,0.0,6.64,171.0,0.6156
2012-12-22 17:00:00,3.7,45,-7.1,0.0,0.0,4.79,31.0,0.11159999999999999
2012-12-22 18:00:00,2.8,49,-7.0,0.0,0.0,4.83,0.0,0.0
2012-12-22 19:00:00,2.2,51,-6.8,0.0,0.0,4.27,0.0,0.0
2012-12-22 20:00:00,1.5,54,-6.9,0.0,0.0,3.96,0.0,0.0
2012-12-22 21:00:00,1.0,56,-6.8,0.0,0.0,3.77,0.0,0.0
2012-12-22 22:00:00,0.6,59,-6.6,0.0,0.0,3.72,0.0,0.0
2012-12-22 23:00:00,0.2,61,-6.5,0.0,0.0,3.71,0.0,0.0
2012-12-23 00:00:00,-0.0,62,-6.5,0.0,0.0,3.8,0.0,0.0
2012-12-23 01:00:00,-0.2,62,-6.5,0.0,0.0,3.6,0.0,0.0
2012-12-23 02:00:00,-0.2,63,-6.4,0.0,0.0,3.51,0.0,0.0
2012-12-23 03:00:00,-0.5,63,-6.6,0.0,0.0,3.32,0.0,0.0
2012-12-23 04:00:00,-0.9,65,-6.7,0.0,0.0,2.94,0.0,0.0
2012-12-23 05:00:00,-1.7,70,-6.5,0.0,0.0,1.75,0.0,0.0
2012-12-23 06:00:00,-2.4,74,-6.4,0.0,0.0,1.94,0.0,0.0
2012-12-23 07:00:00,-2.4,73,-6.7,0.0,0.0,1.89,0.0,0.0
2012-12-23 08:00:00,-1.7,69,-6.6,0.0,0.0,1.28,13.0,0.0468
2012-12-23 09:00:00,0.4,69,-4.7,0.0,0.0,1.33,135.0,0.486
2012-12-23 10:00:00,2.9,54,-5.4,0.0,0.0,1.9,284.0,1.0224
2012-12-23 11:00:00,4.5,51,-4.9,0.0,0.0,2.51,401.0,1.4436
2012-12-23 12:00:00,6.0,47,-4.5,0.0,0.0,3.01,467.0,1.6812
2012-12-23 13:00:00,7.1,44,-4.4,0.0,0.0,3.18,473.0,1.7027999999999999
2012-12-23 14:00:00,8.2,42,-3.9,0.0,0.0,3.09,420.0,1.512
2012-12-23 15:00:00,8.4,42,-3.7,0.0,0.0,2.95,308.0,1.1088
2012-12-23 16:00:00,7.6,47,-3.0,0.0,0.0,2.25,165.0,0.594
2012-12-23 17:00:00,5.8,53,-3.1,0.0,0.0,1.9,28.0,0.1008
2012-12-23 18:00:00,4.7,58,-3.0,0.0,0.0,2.12,0.0,0.0
2012-12-23 19:00:00,3.8,62,-2.8,0.0,0.0,2.3,0.0,0.0
2012-12-23 20:00:00,2.8,67,-2.7,0.0,0.0,2.16,0.0,0.0
2012-12-23 21:00:00,1.7,73,-2.6,0.0,0.0,2.14,0.0,0.0
2012-12-23 22:00:00,0.8,78,-2.7,0.0,0.0,2.14,0.0,0.0
2012-12-23 23:00:00,0.2,80,-2.8,0.0,0.0,2.3,0.0,0.0
2012-12-24 00:00:00,-0.2,82,-2.9,0.0,0.0,2.27,0.0,0.0
2012-12-24 01:00:00,-0.5,83,-3.0,0.0,0.0,2.15,0.0,0.0
2012-12-24 02:00:00,-0.9,83,-3.4,0.0,0.0,2.02,0.0,0.0
2012-12-24 03:00:00,-1.2,85,-3.4,0.0,0.0,2.12,0.0,0.0
2012-12-24 04:00:00,-1.3,86,-3.4,0.0,0.0,2.3,0.0,0.0
2012-12-24 05:00:00,-1.6,87,-3.6,0.0,0.0,2.2,0.0,0.0
2012-12-24 06:00:00,-1.8,87,-3.8,0.0,0.0,2.33,0.0,0.0
2012-12-24 07:00:00,-1.8,86,-3.9,0.0,0.0,2.94,0.0,0.0
2012-12-24 08:00:00,-1.4,85,-3.7,0.0,0.0,3.35,11.0,0.039599999999999996
2012-12-24 09:00:00,0.9,77,-2.6,0.0,0.0,2.89,89.0,0.3204
2012-12-24 10:00:00,2.7,68,-2.6,0.0,0.0,2.81,185.0,0.666
2012-12-24 11:00:00,3.8,64,-2.4,0.0,0.0,2.51,265.0,0.954
2012-12-24 12:00:00,4.5,63,-2.0,0.0,0.0,2.34,277.0,0.9972
2012-12-24 13:00:00,4.2,67,-1.3,0.2,0.0,2.28,165.0,0.594
2012-12-24 14:00:00,2.7,82,-0.1,0.2,0.42,2.52,69.0,0.24839999999999998
2012-12-24 15:00:00,2.1,91,0.8,0.2,0.49,3.11,40.0,0.144
2012-12-24 16:00:00,1.7,98,1.4,0.6,0.42,3.31,22.0,0.07919999999999999
2012-12-24 17:00:00,1.8,98,1.5,0.6,0.28,2.47,3.0,0.0108
2012-12-24 18:00:00,2.1,98,1.8,0.4,0.28,2.01,0.0,0.0
2012-12-24 19:00:00,2.5,98,2.1,0.4,0.0,1.9,0.0,0.0
2012-12-24 20:00:00,2.9,98,2.6,0.2,0.0,1.84,0.0,0.0
2012-12-24 21:00:00,3.2,98,2.9,0.0,0.0,1.9,0.0,0.0
2012-12-24 22:00:00,3.5,99,3.3,0.0,0.0,1.12,0.0,0.0
2012-12-24 23:00:00,3.7,98,3.5,0.0,0.0,0.41,0.0,0.0
2012-12-25 00:00:00,4.0,98,3.7,0.0,0.0,0.5,0.0,0.0
2012-12-25 01:00:00,3.8,99,3.6,0.0,0.0,0.86,0.0,0.0
2012-12-25 02:00:00,2.0,99,1.9,0.0,0.0,1.71,0.0,0.0
2012-12-25 03:00:00,1.5,99,1.3,0.0,0.0,2.06,0.0,0.0
2012-12-25 04:00:00,1.1,98,0.9,0.0,0.0,2.28,0.0,0.0
2012-12-25 05:00:00,0.7,98,0.3,0.0,0.0,2.13,0.0,0.0
2012-12-25 06:00:00,0.8,97,0.4,0.0,0.0,2.33,0.0,0.0
2012-12-25 07:00:00,0.8,96,0.3,0.0,0.0,2.55,0.0,0.0
2012-12-25 08:00:00,1.3,96,0.7,0.0,0.0,3.04,11.0,0.039599999999999996
2012-12-25 09:00:00,3.4,94,2.6,0.0,0.0,3.08,110.0,0.39599999999999996
2012-12-25 10:00:00,6.2,87,4.2,0.0,0.0,3.0,239.0,0.8603999999999999
2012-12-25 11:00:00,8.2,70,3.1,0.0,0.0,3.53,371.0,1.3356
2012-12-25 12:00:00,8.9,59,1.2,0.0,0.0,3.31,444.0,1.5984
2012-12-25 13:00:00,9.2,55,0.6,0.0,0.0,3.23,429.0,1.5444
2012-12-25 14:00:00,9.1,55,0.6,0.0,0.0,3.01,383.0,1.3788
2012-12-25 15:00:00,8.9,54,0.1,0.0,0.0,2.75,277.0,0.9972
2012-12-25 16:00:00,8.0,58,0.1,0.0,0.0,2.12,148.0,0.5327999999999999
2012-12-25 17:00:00,6.5,64,0.1,0.0,0.0,1.5,25.0,0.09
2012-12-25 18:00:00,5.2,69,-0.1,0.0,0.0,1.9,0.0,0.0
2012-12-25 19:00:00,4.3,71,-0.4,0.0,0.0,2.12,0.0,0.0
2012-12-25 20:00:00,3.6,73,-0.9,0.0,0.0,2.37,0.0,0.0
2012-12-25 21:00:00,3.1,72,-1.5,0.0,0.0,2.62,0.0,0.0
2012-12-25 22:00:00,2.6,71,-2.2,0.0,0.0,2.69,0.0,0.0
2012-12-25 23:00:00,2.3,68,-3.0,0.0,0.0,2.84,0.0,0.0
2012-12-26 00:00:00,1.8,68,-3.5,0.0,0.0,2.44,0.0,0.0
2012-12-26 01:00:00,1.3,69,-3.8,0.0,0.0,2.84,0.0,0.0
2012-12-26 02:00:00,1.8,69,-3.2,0.0,0.0,3.18,0.0,0.0
2012-12-26 03:00:00,1.5,69,-3.7,0.0,0.0,4.0,0.0,0.0
2012-12-26 04:00:00,1.2,69,-3.9,0.0,0.0,3.36,0.0,0.0
2012-12-26 05:00:00,1.0,69,-4.1,0.0,0.0,2.98,0.0,0.0
2012-12-26 06:00:00,0.9,70,-4.0,0.0,0.0,3.0,0.0,0.0
2012-12-26 07:00:00,0.8,72,-3.6,0.0,0.14,3.44,0.0,0.0
2012-12-26 08:00:00,0.7,75,-3.1,0.0,0.42,4.41,2.0,0.0072
2012-12-26 09:00:00,0.5,82,-2.2,0.3,0.91,4.07,20.0,0.072
2012-12-26 10:00:00,0.6,89,-1.0,0.1,1.05,4.11,55.0,0.19799999999999998
2012-12-26 11:00:00,0.6,96,0.0,0.6,0.98,4.77,20.0,0.072
2012-12-26 12:00:00,1.0,98,0.6,0.4,1.19,6.13,22.0,0.07919999999999999
2012-12-26 13:00:00,1.7,98,1.4,1.0,0.84,6.32,28.0,0.1008
2012-12-26 14:00:00,1.6,95,0.9,3.3,0.28,6.08,20.0,0.072
2012-12-26 15:00:00,2.7,95,2.1,2.3,0.21,6.95,16.0,0.0576
2012-12-26 16:00:00,4.0,96,3.4,1.9,0.0,7.98,11.0,0.039599999999999996
2012-12-26 17:00:00,4.9,96,4.2,1.9,0.0,7.29,3.0,0.0108
2012-12-26 18:00:00,5.6,96,5.0,1.0,0.0,6.26,0.0,0.0
2012-12-26 19:00:00,6.4,97,6.0,0.6,0.0,2.62,0.0,0.0
2012-12-26 20:00:00,7.2,97,6.7,0.3,0.0,2.1,0.0,0.0
2012-12-26 21:00:00,7.3,98,7.0,0.1,0.0,2.77,0.0,0.0
2012-12-26 22:00:00,6.9,99,6.7,0.5,0.0,3.04,0.0,0.0
2012-12-26 23:00:00,5.9,99,5.8,0.8,0.0,4.92,0.0,0.0
2012-12-27 00:00:00,4.8,98,4.6,0.4,0.0,5.77,0.0,0.0
2012-12-27 01:00:00,3.8,96,3.3,0.2,0.0,6.22,0.0,0.0
2012-12-27 02:00:00,2.3,93,1.2,0.1,0.0,6.51,0.0,0.0
2012-12-27 03:00:00,2.0,91,0.7,0.1,0.0,5.81,0.0,0.0
2012-12-27 04:00:00,1.7,89,0.0,0.0,0.0,5.92,0.0,0.0
2012-12-27 05:00:00,1.6,85,-0.6,0.0,0.0,5.44,0.0,0.0
2012-12-27 06:00:00,1.7,81,-1.2,0.0,0.0,5.77,0.0,0.0
2012-12-27 07:00:00,1.8,76,-1.9,0.0,0.0,6.04,0.0,0.0
2012-12-27 08:00:00,1.7,73,-2.6,0.0,0.0,6.13,11.0,0.039599999999999996
2012-12-27 09:00:00,2.5,68,-2.8,0.0,0.0,5.22,120.0,0.432
2012-12-27 10:00:00,3.7,60,-3.3,0.0,0.0,8.03,273.0,0.9828
2012-12-27 11:00:00,4.8,53,-4.0,0.0,0.0,8.46,385.0,1.386
2012-12-27 12:00:00,5.3,52,-3.9,0.0,0.0,8.38,446.0,1.6056
2012-12-27 13:00:00,5.6,51,-3.8,0.0,0.0,8.15,456.0,1.6416
2012-12-27 14:00:00,4.3,50,-5.1,0.0,0.0,7.79,276.0,0.9935999999999999
2012-12-27 15:00:00,4.0,51,-5.4,0.0,0.0,7.41,198.0,0.7128
2012-12-27 16:00:00,3.4,52,-5.6,0.0,0.0,6.49,102.0,0.36719999999999997
2012-12-27 17:00:00,2.8,55,-5.4,0.0,0.0,5.0,25.0,0.09
2012-12-27 18:00:00,2.4,57,-5.2,0.0,0.0,5.24,0.0,0.0
2012-12-27 19:00:00,1.9,60,-4.9,0.0,0.0,4.97,0.0,0.0
2012-12-27 20:00:00,1.5,63,-4.8,0.0,0.0,4.62,0.0,0.0
2012-12-27 21:00:00,1.1,66,-4.6,0.0,0.0,4.43,0.0,0.0
2012-12-27 22:00:00,0.7,68,-4.5,0.0,0.0,4.27,0.0,0.0
2012-12-27 23:00:00,0.5,69,-4.5,0.0,0.0,4.22,0.0,0.0
2012-12-28 00:00:00,0.4,70,-4.4,0.0,0.0,4.25,0.0,0.0
2012-12-28 01:00:00,0.2,71,-4.4,0.0,0.0,4.16,0.0,0.0
2012-12-28 02:00:00,0.9,73,-3.4,0.0,0.0,3.98,0.0,0.0
2012-12-28 03:00:00,0.6,74,-3.4,0.0,0.0,3.7,0.0,0.0
2012-12-28 04:00:00,0.2,76,-3.5,0.0,0.0,3.64,0.0,0.0
2012-12-28 05:00:00,-0.2,78,-3.6,0.0,0.0,2.97,0.0,0.0
2012-12-28 06:00:00,-0.5,79,-3.7,0.0,0.0,2.46,0.0,0.0
2012-12-28 07:00:00,-0.7,80,-3.8,0.0,0.0,2.79,0.0,0.0
2012-12-28 08:00:00,-0.2,77,-3.8,0.0,0.0,2.95,8.0,0.0288
2012-12-28 09:00:00,0.6,73,-3.7,0.0,0.0,2.75,74.0,0.26639999999999997
2012-12-28 10:00:00,1.5,67,-4.0,0.0,0.0,2.84,161.0,0.5796
2012-12-28 11:00:00,2.1,65,-3.7,0.0,0.0,2.53,223.0,0.8028
2012-12-28 12:00:00,3.0,63,-3.4,0.0,0.0,1.66,305.0,1.0979999999999999
2012-12-28 13:00:00,3.7,61,-3.1,0.0,0.0,1.48,332.0,1.1952
2012-12-28 14:00:00,5.5,57,-2.3,0.0,0.0,1.75,360.0,1.296
2012-12-28 15:00:00,5.3,58,-2.4,0.0,0.0,1.9,227.0,0.8171999999999999
2012-12-28 16:00:00,4.9,58,-2.6,0.0,0.0,1.52,151.0,0.5436
2012-12-28 17:00:00,3.9,66,-1.9,0.0,0.0,0.7,35.0,0.126
2012-12-28 18:00:00,2.0,78,-1.3,0.0,0.0,1.4,0.0,0.0
2012-12-28 19:00:00,0.7,83,-1.8,0.0,0.0,1.73,0.0,0.0
2012-12-28 20:00:00,0.0,85,-2.1,0.0,0.0,1.51,0.0,0.0
2012-12-28 21:00:00,-0.4,87,-2.3,0.0,0.0,1.36,0.0,0.0
2012-12-28 22:00:00,-0.7,89,-2.3,0.0,0.0,1.61,0.0,0.0
2012-12-28 23:00:00,-0.4,89,-1.9,0.0,0.0,1.9,0.0,0.0
2012-12-29 00:00:00,-0.4,90,-1.9,0.0,0.0,1.43,0.0,0.0
2012-12-29 01:00:00,-0.2,90,-1.7,0.0,0.0,1.97,0.0,0.0
2012-12-29 02:00:00,0.5,91,-0.9,0.0,0.0,2.02,0.0,0.0
2012-12-29 03:00:00,0.8,91,-0.5,0.0,0.0,1.7,0.0,0.0
2012-12-29 04:00:00,1.2,91,-0.1,0.1,0.07,1.84,0.0,0.0
2012-12-29 05:00:00,1.3,93,0.3,0.2,0.21,1.92,0.0,0.0
2012-12-29 06:00:00,1.1,97,0.7,0.1,0.56,2.48,0.0,0.0
2012-12-29 07:00:00,1.1,98,0.8,0.2,0.21,2.75,0.0,0.0
2012-12-29 08:00:00,1.3,99,1.1,0.1,0.07,1.84,2.0,0.0072
2012-12-29 09:00:00,1.7,99,1.5,0.2,0.07,0.4,21.0,0.0756
2012-12-29 10:00:00,1.9,99,1.8,0.4,0.42,1.43,60.0,0.216
2012-12-29 11:00:00,1.6,99,1.5,0.4,0.63,2.11,38.0,0.1368
2012-12-29 12:00:00,1.5,99,1.4,0.4,0.49,1.71,31.0,0.11159999999999999
2012-12-29 13:00:00,1.8,99,1.7,0.4,0.14,1.14,51.0,0.18359999999999999
2012-12-29 14:00:00,2.6,96,2.1,0.2,0.0,1.3,78.0,0.2808
2012-12-29 15:00:00,3.1,92,1.9,0.0,0.0,2.21,129.0,0.4644
2012-12-29 16:00:00,3.3,91,1.9,0.0,0.0,2.82,85.0,0.306
2012-12-29 17:00:00,2.8,91,1.5,0.0,0.0,3.55,26.0,0.0936
2012-12-29 18:00:00,2.6,88,0.8,0.0,0.0,4.09,0.0,0.0
2012-12-29 19:00:00,2.5,83,-0.1,0.0,0.0,5.01,0.0,0.0
2012-12-29 20:00:00,2.8,78,-0.6,0.0,0.0,5.42,0.0,0.0
2012-12-29 21:00:00,2.9,72,-1.7,0.0,0.0,5.51,0.0,0.0
2012-12-29 22:00:00,2.5,69,-2.7,0.0,0.0,5.61,0.0,0.0
2012-12-29 23:00:00,2.0,67,-3.4,0.0,0.0,5.91,0.0,0.0
2012-12-30 00:00:00,1.4,68,-3.9,0.0,0.0,5.8,0.0,0.0
2012-12-30 01:00:00,0.9,68,-4.3,0.0,0.0,5.72,0.0,0.0
2012-12-30 02:00:00,1.1,69,-4.0,0.0,0.0,5.64,0.0,0.0
2012-12-30 03:00:00,0.8,68,-4.4,0.0,0.0,5.58,0.0,0.0
2012-12-30 04:00:00,0.5,68,-4.7,0.0,0.0,5.49,0.0,0.0
2012-12-30 05:00:00,0.2,69,-4.9,0.0,0.0,5.13,0.0,0.0
2012-12-30 06:00:00,0.2,68,-5.1,0.0,0.0,4.79,0.0,0.0
2012-12-30 07:00:00,0.1,66,-5.6,0.0,0.0,5.13,0.0,0.0
2012-12-30 08:00:00,0.0,64,-6.0,0.0,0.0,6.05,10.0,0.036
2012-12-30 09:00:00,0.3,61,-6.3,0.0,0.0,5.87,122.0,0.4392
2012-12-30 10:00:00,0.7,56,-7.0,0.0,0.0,7.61,274.0,0.9863999999999999
2012-12-30 11:00:00,1.4,52,-7.3,0.0,0.0,9.17,400.0,1.44
2012-12-30 12:00:00,2.0,49,-7.7,0.0,0.0,8.45,442.0,1.5912
2012-12-30 13:00:00,2.8,47,-7.5,0.0,0.0,8.65,477.0,1.7172
2012-12-30 14:00:00,3.7,46,-6.8,0.0,0.0,7.86,401.0,1.4436
2012-12-30 15:00:00,3.5,46,-7.0,0.0,0.0,7.53,315.0,1.134
2012-12-30 16:00:00,3.1,45,-7.7,0.0,0.0,7.08,121.0,0.4356
2012-12-30 17:00:00,2.5,47,-7.6,0.0,0.0,4.66,28.0,0.1008
2012-12-30 18:00:00,1.6,52,-7.3,0.0,0.0,3.86,0.0,0.0
2012-12-30 19:00:00,0.7,56,-7.0,0.0,0.0,3.01,0.0,0.0
2012-12-30 20:00:00,-0.2,60,-7.0,0.0,0.0,2.33,0.0,0.0
2012-12-30 21:00:00,-0.8,64,-6.8,0.0,0.0,3.2,0.0,0.0
2012-12-30 22:00:00,-1.3,66,-6.8,0.0,0.0,3.72,0.0,0.0
2012-12-30 23:00:00,-1.6,67,-6.9,0.0,0.0,3.67,0.0,0.0
2012-12-31 00:00:00,-2.0,68,-7.1,0.0,0.0,3.08,0.0,0.0
2012-12-31 01:00:00,-2.7,73,-6.8,0.0,0.0,2.6,0.0,0.0
2012-12-31 02:00:00,-3.2,76,-6.8,0.0,0.0,2.14,0.0,0.0
2012-12-31 03:00:00,-3.1,74,-7.1,0.0,0.0,1.9,0.0,0.0
2012-12-31 04:00:00,-2.8,71,-7.2,0.0,0.0,1.7,0.0,0.0
2012-12-31 05:00:00,-2.9,72,-7.3,0.0,0.0,1.96,0.0,0.0
2012-12-31 06:00:00,-2.7,73,-7.0,0.0,0.0,1.63,0.0,0.0
2012-12-31 07:00:00,-2.4,73,-6.7,0.0,0.0,1.63,0.0,0.0
2012-12-31 08:00:00,-1.8,72,-6.2,0.0,0.0,2.06,10.0,0.036
2012-12-31 09:00:00,-0.2,69,-5.2,0.0,0.0,1.92,110.0,0.39599999999999996
2012-12-31 10:00:00,1.8,61,-4.9,0.0,0.0,1.92,238.0,0.8568
2012-12-31 11:00:00,3.2,56,-4.8,0.0,0.0,1.94,312.0,1.1232
2012-12-31 12:00:00,4.3,52,-4.6,0.0,0.0,1.86,346.0,1.2456
2012-12-31 13:00:00,5.2,50,-4.3,0.0,0.0,1.98,372.0,1.3392
2012-12-31 14:00:00,5.5,50,-4.0,0.0,0.0,2.34,278.0,1.0008
2012-12-31 15:00:00,5.4,51,-4.0,0.0,0.0,2.66,192.0,0.6912
2012-12-31 16:00:00,4.6,54,-3.8,0.0,0.0,3.14,67.0,0.2412
2012-12-31 17:00:00,3.9,55,-4.2,0.0,0.0,3.0,10.0,0.036
2012-12-31 18:00:00,3.7,54,-4.7,0.0,0.0,3.28,0.0,0.0
2012-12-31 19:00:00,3.5,54,-5.0,0.0,0.0,3.3,0.0,0.0
2012-12-31 20:00:00,3.4,54,-5.0,0.0,0.0,3.54,0.0,0.0
2012-12-31 21:00:00,3.3,55,-5.0,0.0,0.0,3.38,0.0,0.0
2012-12-31 22:00:00,3.1,56,-4.8,0.0,0.0,3.19,0.0,0.0
2012-12-31 23:00:00,2.7,59,-4.6,0.0,0.0,3.13,0.0,0.0
