Date,Rented Bike Count,Temperature,Humidity,Wind speed,Visibility,Dew point temperature,Solar Radiation,Rainfall,Snowfall,Seasons,Holiday,Functioning Day
2017-12-01 00:00:00,254.0,-5.2,37,2.2,2000,-17.6,0.0,0.0,0.0,Winter,No Holiday,Yes
2017-12-01 01:00:00,204.0,-5.5,38,0.8,2000,-17.6,0.0,0.0,0.0,Winter,No Holiday,Yes
2017-12-01 02:00:00,173.0,-6.0,39,1.0,2000,-17.7,0.0,0.0,0.0,Winter,No Holiday,Yes
2017-12-01 03:00:00,107.0,-6.2,40,0.9,2000,-17.6,0.0,0.0,0.0,Winter,No Holiday,Yes
2017-12-01 04:00:00,78.0,-6.0,36,2.3,2000,-18.6,0.0,0.0,0.0,Winter,No Holiday,Yes
2017-12-01 05:00:00,100.0,-6.4,37,1.5,2000,-18.7,0.0,0.0,0.0,Winter,No Holiday,Yes
2017-12-01 06:00:00,181.0,-6.6,35,1.3,2000,-19.5,0.0,0.0,0.0,Winter,No Holiday,Yes
2017-12-01 07:00:00,460.0,-7.4,38,0.9,2000,-19.3,0.0,0.0,0.0,Winter,No Holiday,Yes
2017-12-01 08:00:00,930.0,-7.6,37,1.1,2000,-19.8,0.01,0.0,0.0,Winter,No Holiday,Yes
2017-12-01 09:00:00,490.0,-6.5,27,0.5,1928,-22.4,0.23,0.0,0.0,Winter,No Holiday,Yes
2017-12-01 10:00:00,339.0,-3.5,24,1.2,1996,-21.2,0.65,0.0,0.0,Winter,No Holiday,Yes
2017-12-01 11:00:00,360.0,-0.5,21,1.3,1936,-20.2,0.94,0.0,0.0,Winter,No Holiday,Yes
2017-12-01 12:00:00,449.0,1.7,23,1.4,2000,-17.2,1.11,0.0,0.0,Winter,No Holiday,Yes
2017-12-01 13:00:00,451.0,2.4,25,1.6,2000,-15.6,1.16,0.0,0.0,Winter,No Holiday,Yes
2017-12-01 14:00:00,447.0,3.0,26,2.0,2000,-14.6,1.01,0.0,0.0,Winter,No Holiday,Yes
2017-12-01 15:00:00,463.0,2.1,36,3.2,2000,-11.4,0.54,0.0,0.0,Winter,No Holiday,Yes
2017-12-01 16:00:00,484.0,1.2,54,4.2,793,-7.0,0.24,0.0,0.0,Winter,No Holiday,Yes
2017-12-01 17:00:00,555.0,0.8,58,1.6,2000,-6.5,0.08,0.0,0.0,Winter,No Holiday,Yes
2017-12-01 18:00:00,862.0,0.6,66,1.4,2000,-5.0,0.0,0.0,0.0,Winter,No Holiday,Yes
2017-12-01 19:00:00,600.0,0.0,77,1.7,2000,-3.5,0.0,0.0,0.0,Winter,No Holiday,Yes
2017-12-01 20:00:00,426.0,-0.3,79,1.5,1913,-3.5,0.0,0.0,0.0,Winter,No Holiday,Yes
2017-12-01 21:00:00,405.0,-0.8,81,0.8,1687,-3.6,0.0,0.0,0.0,Winter,No Holiday,Yes
2017-12-01 22:00:00,398.0,-0.9,83,1.5,1380,-3.4,0.0,0.0,0.0,Winter,No Holiday,Yes
2017-12-01 23:00:00,323.0,-1.3,84,1.0,1265,-3.6,0.0,0.0,0.0,Winter,No Holiday,Yes
2017-12-02 00:00:00,328.0,-1.8,87,1.1,994,-3.6,0.0,0.0,0.0,Winter,No Holiday,Yes
2017-12-02 01:00:00,308.0,-2.2,86,0.6,990,-4.2,0.0,0.0,0.0,Winter,No Holiday,Yes
2017-12-02 02:00:00,262.0,-2.9,86,1.5,1256,-4.9,0.0,0.0,0.0,Winter,No Holiday,Yes
2017-12-02 03:00:00,167.0,-3.5,81,2.2,1221,-6.2,0.0,0.0,0.0,Winter,No Holiday,Yes
2017-12-02 04:00:00,89.0,-3.8,79,2.0,1167,-6.9,0.0,0.0,0.0,Winter,No Holiday,Yes
2017-12-02 05:00:00,79.0,-4.0,79,1.5,1202,-7.1,0.0,0.0,0.0,Winter,No Holiday,Yes
2017-12-02 06:00:00,70.0,-4.3,82,2.1,1178,-6.9,0.0,0.0,0.0,Winter,No Holiday,Yes
2017-12-02 07:00:00,146.0,-4.4,81,2.5,1276,-7.1,0.0,0.0,0.0,Winter,No Holiday,Yes
2017-12-02 08:00:00,219.0,-4.2,79,2.1,1436,-7.3,0.01,0.0,0.0,Winter,No Holiday,Yes
2017-12-02 09:00:00,328.0,-2.9,68,1.6,1487,-7.9,0.3,0.0,0.0,Winter,No Holiday,Yes
2017-12-02 10:00:00,334.0,-0.4,57,1.6,1309,-7.8,0.8,0.0,0.0,Winter,No Holiday,Yes
2017-12-02 11:00:00,388.0,1.9,49,1.8,1406,-7.7,1.0,0.0,0.0,Winter,No Holiday,Yes
2017-12-02 12:00:00,479.0,4.3,41,1.3,1666,-7.8,1.09,0.0,0.0,Winter,No Holiday,Yes
2017-12-02 13:00:00,606.0,6.0,36,1.8,1780,-7.9,1.12,0.0,0.0,Winter,No Holiday,Yes
2017-12-02 14:00:00,611.0,7.3,35,1.3,1955,-7.1,0.99,0.0,0.0,Winter,No Holiday,Yes
2017-12-02 15:00:00,589.0,7.6,41,2.3,1953,-4.8,0.74,0.0,0.0,Winter,No Holiday,Yes
2017-12-02 16:00:00,618.0,6.4,48,2.6,1945,-3.8,0.22,0.0,0.0,Winter,No Holiday,Yes
2017-12-02 17:00:00,572.0,6.0,51,2.5,1891,-3.3,0.06,0.0,0.0,Winter,No Holiday,Yes
2017-12-02 18:00:00,489.0,5.5,53,1.5,1697,-3.3,0.0,0.0,0.0,Winter,No Holiday,Yes
2017-12-02 19:00:00,385.0,5.0,52,2.3,1666,-4.0,0.0,0.0,0.0,Winter,No Holiday,Yes
2017-12-02 20:00:00,359.0,4.6,51,1.2,1585,-4.6,0.0,0.0,0.0,Winter,No Holiday,Yes
2017-12-02 21:00:00,377.0,4.1,55,1.2,1448,-4.1,0.0,0.0,0.0,Winter,No Holiday,Yes
2017-12-02 22:00:00,354.0,3.5,54,1.5,1446,-4.9,0.0,0.0,0.0,Winter,No Holiday,Yes
2017-12-02 23:00:00,366.0,4.0,56,1.0,1352,-4.0,0.0,0.0,0.0,Winter,No Holiday,Yes
2017-12-03 00:00:00,342.0,4.0,58,1.4,1296,-3.5,0.0,0.0,0.0,Winter,No Holiday,Yes
2017-12-03 01:00:00,227.0,3.9,69,1.7,485,-1.2,0.0,0.0,0.0,Winter,No Holiday,Yes
2017-12-03 02:00:00,228.0,3.3,79,1.4,830,0.0,0.0,0.0,0.0,Winter,No Holiday,Yes
2017-12-03 03:00:00,117.0,3.4,71,1.6,1011,-1.3,0.0,0.5,0.0,Winter,No Holiday,Yes
2017-12-03 04:00:00,76.0,3.5,73,1.0,1060,-0.8,0.0,0.0,0.0,Winter,No Holiday,Yes
2017-12-03 05:00:00,32.0,3.9,75,1.9,914,-0.1,0.0,0.0,0.0,Winter,No Holiday,Yes
2017-12-03 06:00:00,13.0,3.4,86,2.5,278,1.2,0.0,1.0,0.0,Winter,No Holiday,Yes
2017-12-03 07:00:00,22.0,3.1,91,1.2,129,1.7,0.0,0.0,0.0,Winter,No Holiday,Yes
2017-12-03 08:00:00,85.0,3.2,92,1.8,244,2.0,0.0,0.0,0.0,Winter,No Holiday,Yes
2017-12-03 09:00:00,152.0,3.5,91,1.8,231,2.1,0.02,2.5,0.0,Winter,No Holiday,Yes
2017-12-03 10:00:00,200.0,4.4,89,2.2,257,2.7,0.24,0.0,0.0,Winter,No Holiday,Yes
2017-12-03 11:00:00,273.0,5.1,87,1.4,321,3.1,0.25,0.0,0.0,Winter,No Holiday,Yes
2017-12-03 12:00:00,333.0,5.8,85,1.7,349,3.4,0.43,0.0,0.0,Winter,No Holiday,Yes
2017-12-03 13:00:00,495.0,6.8,81,1.9,390,3.7,0.6,0.0,0.0,Winter,No Holiday,Yes
2017-12-03 14:00:00,563.0,7.6,76,1.2,422,3.6,0.69,0.0,0.0,Winter,No Holiday,Yes
2017-12-03 15:00:00,621.0,8.0,73,1.6,433,3.4,0.53,0.0,0.0,Winter,No Holiday,Yes
2017-12-03 16:00:00,598.0,7.6,77,1.6,399,3.8,0.2,0.0,0.0,Winter,No Holiday,Yes
2017-12-03 17:00:00,545.0,6.7,82,1.5,358,3.8,0.05,0.0,0.0,Winter,No Holiday,Yes
2017-12-03 18:00:00,443.0,6.0,84,1.9,327,3.4,0.0,0.0,0.0,Winter,No Holiday,Yes
2017-12-03 19:00:00,422.0,5.7,85,1.7,309,3.3,0.0,0.0,0.0,Winter,No Holiday,Yes
2017-12-03 20:00:00,397.0,5.2,87,1.4,253,3.2,0.0,0.0,0.0,Winter,No Holiday,Yes
2017-12-03 21:00:00,385.0,4.7,87,1.2,247,2.7,0.0,0.0,0.0,Winter,No Holiday,Yes
2017-12-03 22:00:00,350.0,4.3,89,1.8,201,2.6,0.0,0.0,0.0,Winter,No Holiday,Yes
2017-12-03 23:00:00,303.0,3.9,90,1.3,194,2.4,0.0,0.0,0.0,Winter,No Holiday,Yes
2017-12-04 00:00:00,285.0,4.2,88,0.6,216,2.3,0.0,0.0,0.0,Winter,No Holiday,Yes
2017-12-04 01:00:00,186.0,4.3,87,0.5,221,2.3,0.0,0.0,0.0,Winter,No Holiday,Yes
2017-12-04 02:00:00,112.0,4.4,87,1.8,207,2.4,0.0,0.0,0.0,Winter,No Holiday,Yes
2017-12-04 03:00:00,65.0,3.6,85,2.3,206,1.3,0.0,0.0,0.0,Winter,No Holiday,Yes
2017-12-04 04:00:00,41.0,2.8,89,1.5,130,1.1,0.0,0.0,0.0,Winter,No Holiday,Yes
2017-12-04 05:00:00,82.0,2.0,83,2.7,253,-0.5,0.0,0.0,0.0,Winter,No Holiday,Yes
2017-12-04 06:00:00,200.0,1.2,76,3.7,371,-2.5,0.0,0.1,0.0,Winter,No Holiday,Yes
2017-12-04 07:00:00,498.0,0.2,68,3.4,702,-5.0,0.0,0.0,0.0,Winter,No Holiday,Yes
2017-12-04 08:00:00,937.0,-0.8,69,3.5,954,-5.7,0.01,0.0,0.0,Winter,No Holiday,Yes
2017-12-04 09:00:00,509.0,-1.5,47,4.2,1888,-11.3,0.22,0.0,0.0,Winter,No Holiday,Yes
2017-12-04 10:00:00,311.0,-1.1,40,4.5,2000,-13.0,0.64,0.0,0.0,Winter,No Holiday,Yes
2017-12-04 11:00:00,379.0,-0.5,41,4.1,1799,-12.1,0.94,0.0,0.0,Winter,No Holiday,Yes
2017-12-04 12:00:00,393.0,-0.3,38,4.8,1823,-12.9,1.11,0.0,0.0,Winter,No Holiday,Yes
2017-12-04 13:00:00,391.0,0.0,30,5.4,1938,-15.5,1.17,0.0,0.0,Winter,No Holiday,Yes
2017-12-04 14:00:00,338.0,0.1,27,4.5,2000,-16.7,1.09,0.0,0.0,Winter,No Holiday,Yes
2017-12-04 15:00:00,341.0,-0.1,25,5.8,2000,-17.8,0.88,0.0,0.0,Winter,No Holiday,Yes
2017-12-04 16:00:00,375.0,-0.2,23,4.7,2000,-18.8,0.55,0.0,0.0,Winter,No Holiday,Yes
2017-12-04 17:00:00,515.0,-1.3,26,5.3,2000,-18.3,0.18,0.0,0.0,Winter,No Holiday,Yes
2017-12-04 18:00:00,807.0,-2.1,29,3.9,2000,-17.7,0.0,0.0,0.0,Winter,No Holiday,Yes
2017-12-04 19:00:00,568.0,-2.9,32,3.2,2000,-17.3,0.0,0.0,0.0,Winter,No Holiday,Yes
2017-12-04 20:00:00,398.0,-3.6,38,3.0,2000,-15.8,0.0,0.0,0.0,Winter,No Holiday,Yes
2017-12-04 21:00:00,397.0,-4.6,43,4.5,2000,-15.3,0.0,0.0,0.0,Winter,No Holiday,Yes
2017-12-04 22:00:00,353.0,-5.3,45,2.5,2000,-15.3,0.0,0.0,0.0,Winter,No Holiday,Yes
2017-12-04 23:00:00,248.0,-5.8,44,2.4,2000,-16.1,0.0,0.0,0.0,Winter,No Holiday,Yes
2017-12-05 00:00:00,216.0,-6.1,42,2.6,2000,-16.9,0.0,0.0,0.0,Winter,No Holiday,Yes
2017-12-05 01:00:00,198.0,-6.5,41,2.8,2000,-17.6,0.0,0.0,0.0,Winter,No Holiday,Yes
2017-12-05 02:00:00,124.0,-6.8,41,2.5,2000,-17.8,0.0,0.0,0.0,Winter,No Holiday,Yes
2017-12-05 03:00:00,62.0,-6.9,39,2.0,2000,-18.5,0.0,0.0,0.0,Winter,No Holiday,Yes
2017-12-05 04:00:00,42.0,-7.2,34,3.0,2000,-20.4,0.0,0.0,0.0,Winter,No Holiday,Yes
2017-12-05 05:00:00,82.0,-7.4,33,2.6,2000,-20.9,0.0,0.0,0.0,Winter,No Holiday,Yes
2017-12-05 06:00:00,172.0,-7.4,34,3.2,2000,-20.6,0.0,0.0,0.0,Winter,No Holiday,Yes
2017-12-05 07:00:00,381.0,-7.5,33,2.2,2000,-21.0,0.0,0.0,0.0,Winter,No Holiday,Yes
2017-12-05 08:00:00,812.0,-8.1,36,1.6,2000,-20.5,0.01,0.0,0.0,Winter,No Holiday,Yes
2017-12-05 09:00:00,462.0,-7.6,31,1.3,1974,-21.8,0.21,0.0,0.0,Winter,No Holiday,Yes
2017-12-05 10:00:00,269.0,-5.5,26,2.8,1967,-22.0,0.64,0.0,0.0,Winter,No Holiday,Yes
2017-12-05 11:00:00,334.0,-3.9,25,0.0,1959,-21.0,0.0,0.0,0.0,Winter,No Holiday,Yes
2017-12-05 12:00:00,321.0,-2.3,25,0.0,1962,-19.7,0.0,0.0,0.0,Winter,No Holiday,Yes
2017-12-05 13:00:00,325.0,-1.6,27,0.0,1955,-18.2,0.0,0.0,0.0,Winter,No Holiday,Yes
2017-12-05 14:00:00,334.0,-1.1,28,0.0,2000,-17.3,0.0,0.0,0.0,Winter,No Holiday,Yes
2017-12-05 15:00:00,353.0,-0.7,28,0.0,2000,-16.9,0.0,0.0,0.0,Winter,No Holiday,Yes
2017-12-05 16:00:00,435.0,-0.5,30,0.0,2000,-16.0,0.0,0.0,0.0,Winter,No Holiday,Yes
2017-12-05 17:00:00,529.0,-1.6,35,0.0,2000,-15.1,0.0,0.0,0.0,Winter,No Holiday,Yes
2017-12-05 18:00:00,789.0,-2.6,40,0.0,2000,-14.4,0.0,0.0,0.0,Winter,No Holiday,Yes
2017-12-05 19:00:00,597.0,-3.2,45,0.0,2000,-13.5,0.0,0.0,0.0,Winter,No Holiday,Yes
2017-12-05 20:00:00,418.0,-3.5,46,0.0,2000,-13.4,0.0,0.0,0.0,Winter,No Holiday,Yes
2017-12-05 21:00:00,415.0,-3.7,47,0.0,2000,-13.3,0.0,0.0,0.0,Winter,No Holiday,Yes
2017-12-05 22:00:00,393.0,-2.8,49,0.0,2000,-12.0,0.0,0.0,0.0,Winter,No Holiday,Yes
2017-12-05 23:00:00,244.0,-2.5,59,0.0,1210,-9.4,0.0,0.0,0.0,Winter,No Holiday,Yes
2017-12-06 00:00:00,145.0,-2.8,77,0.0,331,-6.2,0.0,0.1,0.1,Winter,No Holiday,Yes
2017-12-06 01:00:00,144.0,-3.0,79,0.0,293,-6.1,0.0,0.0,0.3,Winter,No Holiday,Yes
2017-12-06 02:00:00,117.0,-3.0,79,0.0,1862,-6.1,0.0,0.0,0.4,Winter,No Holiday,Yes
2017-12-06 03:00:00,78.0,-3.2,78,0.0,1808,-6.4,0.0,0.2,0.4,Winter,No Holiday,Yes
2017-12-06 04:00:00,58.0,-3.4,75,0.0,1982,-7.2,0.0,0.0,0.4,Winter,No Holiday,Yes
2017-12-06 05:00:00,87.0,-3.6,76,0.0,1934,-7.2,0.0,0.0,0.4,Winter,No Holiday,Yes
2017-12-06 06:00:00,142.0,-3.7,76,0.0,1864,-7.3,0.0,0.0,0.4,Winter,No Holiday,Yes
2017-12-06 07:00:00,379.0,-4.2,77,0.0,1741,-7.6,0.0,0.0,0.3,Winter,No Holiday,Yes
2017-12-06 08:00:00,802.0,-4.2,78,0.0,1518,-7.4,0.01,0.0,0.2,Winter,No Holiday,Yes
2017-12-06 09:00:00,440.0,-3.3,70,0.0,1324,-7.9,0.25,0.0,0.2,Winter,No Holiday,Yes
2017-12-06 10:00:00,307.0,-0.9,64,0.0,1224,-6.8,0.63,0.0,0.2,Winter,No Holiday,Yes
2017-12-06 11:00:00,381.0,1.6,57,1.2,1261,-6.0,0.93,0.0,0.0,Winter,No Holiday,Yes
2017-12-06 12:00:00,405.0,2.4,52,0.9,1224,-6.4,1.08,0.0,0.0,Winter,No Holiday,Yes
2017-12-06 13:00:00,442.0,4.2,47,1.1,1469,-6.1,1.1,0.0,0.0,Winter,No Holiday,Yes
2017-12-06 14:00:00,416.0,5.5,34,1.0,1966,-9.1,0.96,0.0,0.0,Winter,No Holiday,Yes
2017-12-06 15:00:00,412.0,5.5,31,3.1,1968,-10.3,0.72,0.0,0.0,Winter,No Holiday,Yes
2017-12-06 16:00:00,496.0,5.3,37,2.9,2000,-8.2,0.36,0.0,0.0,Winter,No Holiday,Yes
2017-12-06 17:00:00,239.0,4.1,60,2.5,1565,-2.9,0.1,0.0,0.0,Winter,No Holiday,Yes
2017-12-06 18:00:00,204.0,1.7,90,1.0,66,0.2,0.0,0.3,0.3,Winter,No Holiday,Yes
2017-12-06 19:00:00,205.0,1.2,92,0.7,180,0.0,0.0,0.0,1.0,Winter,No Holiday,Yes
2017-12-06 20:00:00,190.0,1.2,94,0.6,228,0.3,0.0,0.0,1.0,Winter,No Holiday,Yes
2017-12-06 21:00:00,165.0,1.1,92,0.5,235,0.0,0.0,0.7,1.0,Winter,No Holiday,Yes
2017-12-06 22:00:00,222.0,1.3,92,0.6,233,0.1,0.0,0.0,1.0,Winter,No Holiday,Yes
2017-12-06 23:00:00,193.0,1.3,92,0.6,209,0.1,0.0,0.0,1.0,Winter,No Holiday,Yes
2017-12-07 00:00:00,198.0,1.4,92,0.5,240,0.2,0.0,0.0,0.9,Winter,No Holiday,Yes
2017-12-07 01:00:00,218.0,1.5,92,0.4,227,0.3,0.0,0.0,0.9,Winter,No Holiday,Yes
2017-12-07 02:00:00,149.0,1.4,92,0.7,168,0.2,0.0,0.0,0.9,Winter,No Holiday,Yes
2017-12-07 03:00:00,102.0,1.9,91,1.4,218,0.5,0.0,0.0,0.9,Winter,No Holiday,Yes
2017-12-07 04:00:00,62.0,1.6,92,0.7,119,0.4,0.0,0.0,0.9,Winter,No Holiday,Yes
2017-12-07 05:00:00,83.0,1.5,92,1.1,175,0.3,0.0,0.0,0.9,Winter,No Holiday,Yes
2017-12-07 06:00:00,137.0,1.0,93,0.5,148,0.0,0.0,0.0,0.9,Winter,No Holiday,Yes
2017-12-07 07:00:00,367.0,0.3,93,0.5,173,-0.7,0.0,0.0,0.9,Winter,No Holiday,Yes
2017-12-07 08:00:00,754.0,-0.2,96,0.8,173,-0.7,0.01,0.0,0.8,Winter,No Holiday,Yes
2017-12-07 09:00:00,415.0,0.1,91,0.8,265,-1.1,0.14,0.0,0.8,Winter,No Holiday,Yes
2017-12-07 10:00:00,321.0,1.1,83,0.7,311,-1.4,0.41,0.0,0.7,Winter,No Holiday,Yes
2017-12-07 11:00:00,333.0,2.3,69,1.7,628,-2.8,0.63,0.0,0.6,Winter,No Holiday,Yes
2017-12-07 12:00:00,431.0,3.7,65,2.4,833,-2.2,0.98,0.0,0.3,Winter,No Holiday,Yes
2017-12-07 13:00:00,394.0,4.1,37,3.1,1767,-9.3,1.14,0.0,0.0,Winter,No Holiday,Yes
2017-12-07 14:00:00,390.0,4.4,36,2.7,1975,-9.4,1.04,0.0,0.0,Winter,No Holiday,Yes
2017-12-07 15:00:00,430.0,4.0,35,3.1,1962,-10.1,0.84,0.0,0.0,Winter,No Holiday,Yes
2017-12-07 16:00:00,471.0,3.2,38,2.9,1817,-9.7,0.51,0.0,0.0,Winter,No Holiday,Yes
2017-12-07 17:00:00,552.0,2.1,50,2.0,1434,-7.2,0.15,0.0,0.0,Winter,No Holiday,Yes
2017-12-07 18:00:00,795.0,0.7,46,2.7,1558,-9.6,0.0,0.0,0.0,Winter,No Holiday,Yes
2017-12-07 19:00:00,507.0,-0.4,47,2.5,1269,-10.3,0.0,0.0,0.0,Winter,No Holiday,Yes
2017-12-07 20:00:00,390.0,-1.4,47,2.5,1620,-11.2,0.0,0.0,0.0,Winter,No Holiday,Yes
2017-12-07 21:00:00,402.0,-2.2,46,2.2,1975,-12.2,0.0,0.0,0.0,Winter,No Holiday,Yes
2017-12-07 22:00:00,389.0,-2.7,48,2.6,1844,-12.2,0.0,0.0,0.0,Winter,No Holiday,Yes
2017-12-07 23:00:00,259.0,-3.2,50,2.1,1887,-12.1,0.0,0.0,0.0,Winter,No Holiday,Yes
2017-12-08 00:00:00,233.0,-3.5,49,2.6,1893,-12.6,0.0,0.0,0.0,Winter,No Holiday,Yes
2017-12-08 01:00:00,230.0,-3.7,50,2.5,1902,-12.6,0.0,0.0,0.0,Winter,No Holiday,Yes
2017-12-08 02:00:00,131.0,-4.3,53,1.0,1918,-12.4,0.0,0.0,0.0,Winter,No Holiday,Yes
2017-12-08 03:00:00,99.0,-4.8,52,1.6,1978,-13.1,0.0,0.0,0.0,Winter,No Holiday,Yes
2017-12-08 04:00:00,71.0,-5.3,53,2.4,1936,-13.4,0.0,0.0,0.0,Winter,No Holiday,Yes
2017-12-08 05:00:00,84.0,-5.8,56,2.0,1941,-13.1,0.0,0.0,0.0,Winter,No Holiday,Yes
2017-12-08 06:00:00,158.0,-6.0,56,3.5,1853,-13.3,0.0,0.0,0.0,Winter,No Holiday,Yes
2017-12-08 07:00:00,387.0,-6.5,57,0.8,1776,-13.6,0.0,0.0,0.0,Winter,No Holiday,Yes
2017-12-08 08:00:00,780.0,-7.0,59,0.8,1559,-13.6,0.01,0.0,0.0,Winter,No Holiday,Yes
2017-12-08 09:00:00,395.0,-6.7,50,0.9,1492,-15.4,0.23,0.0,0.0,Winter,No Holiday,Yes
2017-12-08 10:00:00,261.0,-5.3,44,2.8,1516,-15.6,0.63,0.0,0.0,Winter,No Holiday,Yes
2017-12-08 11:00:00,310.0,-3.7,39,1.4,1595,-15.6,0.93,0.0,0.0,Winter,No Holiday,Yes
2017-12-08 12:00:00,355.0,-2.0,30,1.4,1728,-17.3,1.14,0.0,0.0,Winter,No Holiday,Yes
2017-12-08 13:00:00,354.0,-1.7,28,1.8,1963,-17.8,1.22,0.0,0.0,Winter,No Holiday,Yes
2017-12-08 14:00:00,350.0,-1.3,27,3.1,1906,-17.9,1.12,0.0,0.0,Winter,No Holiday,Yes
2017-12-08 15:00:00,362.0,-0.8,26,3.3,1977,-17.9,0.87,0.0,0.0,Winter,No Holiday,Yes
2017-12-08 16:00:00,401.0,-1.1,24,3.4,2000,-19.1,0.56,0.0,0.0,Winter,No Holiday,Yes
2017-12-08 17:00:00,500.0,-2.4,30,2.7,2000,-17.6,0.18,0.0,0.0,Winter,No Holiday,Yes
2017-12-08 18:00:00,752.0,-3.1,33,1.2,2000,-17.1,0.0,0.0,0.0,Winter,No Holiday,Yes
2017-12-08 19:00:00,477.0,-3.3,35,1.1,2000,-16.6,0.0,0.0,0.0,Winter,No Holiday,Yes
2017-12-08 20:00:00,384.0,-3.3,34,1.5,2000,-16.9,0.0,0.0,0.0,Winter,No Holiday,Yes
2017-12-08 21:00:00,336.0,-3.3,35,0.5,2000,-16.6,0.0,0.0,0.0,Winter,No Holiday,Yes
2017-12-08 22:00:00,347.0,-3.4,39,1.2,2000,-15.4,0.0,0.0,0.0,Winter,No Holiday,Yes
2017-12-08 23:00:00,275.0,-3.5,43,0.9,2000,-14.3,0.0,0.0,0.0,Winter,No Holiday,Yes
2017-12-09 00:00:00,267.0,-3.5,48,0.9,1967,-12.9,0.0,0.0,0.0,Winter,No Holiday,Yes
2017-12-09 01:00:00,296.0,-4.1,49,0.6,2000,-13.2,0.0,0.0,0.0,Winter,No Holiday,Yes
2017-12-09 02:00:00,237.0,-4.7,50,0.7,1983,-13.5,0.0,0.0,0.0,Winter,No Holiday,Yes
2017-12-09 03:00:00,169.0,-4.3,47,0.6,1992,-13.9,0.0,0.0,0.0,Winter,No Holiday,Yes
2017-12-09 04:00:00,96.0,-4.3,49,0.7,2000,-13.4,0.0,0.0,0.0,Winter,No Holiday,Yes
2017-12-09 05:00:00,56.0,-4.7,49,0.8,1999,-13.8,0.0,0.0,0.0,Winter,No Holiday,Yes
2017-12-09 06:00:00,76.0,-5.1,53,0.9,1975,-13.2,0.0,0.0,0.0,Winter,No Holiday,Yes
2017-12-09 07:00:00,127.0,-5.5,56,0.8,1950,-12.9,0.0,0.0,0.0,Winter,No Holiday,Yes
2017-12-09 08:00:00,222.0,-5.4,56,0.7,1940,-12.8,0.01,0.0,0.0,Winter,No Holiday,Yes
2017-12-09 09:00:00,291.0,-4.7,48,1.0,1784,-14.0,0.23,0.0,0.0,Winter,No Holiday,Yes
2017-12-09 10:00:00,273.0,-2.2,42,1.3,1646,-13.4,0.61,0.0,0.0,Winter,No Holiday,Yes
2017-12-09 11:00:00,351.0,0.0,45,1.1,1500,-10.5,0.89,0.0,0.0,Winter,No Holiday,Yes
2017-12-09 12:00:00,427.0,2.4,40,0.8,1809,-9.8,1.05,0.0,0.0,Winter,No Holiday,Yes
2017-12-09 13:00:00,431.0,3.9,36,2.0,1702,-9.8,1.13,0.0,0.0,Winter,No Holiday,Yes
2017-12-09 14:00:00,486.0,4.7,32,2.2,1948,-10.6,1.06,0.0,0.0,Winter,No Holiday,Yes
2017-12-09 15:00:00,569.0,5.2,30,2.0,1963,-11.0,0.84,0.0,0.0,Winter,No Holiday,Yes
2017-12-09 16:00:00,546.0,4.4,33,1.6,1963,-10.5,0.4,0.0,0.0,Winter,No Holiday,Yes
2017-12-09 17:00:00,481.0,3.5,37,1.8,1963,-9.8,0.1,0.0,0.0,Winter,No Holiday,Yes
2017-12-09 18:00:00,384.0,2.5,41,1.0,1974,-9.4,0.0,0.0,0.0,Winter,No Holiday,Yes
2017-12-09 19:00:00,275.0,1.5,48,0.4,1878,-8.3,0.0,0.0,0.0,Winter,No Holiday,Yes
2017-12-09 20:00:00,298.0,0.8,51,1.4,1848,-8.2,0.0,0.0,0.0,Winter,No Holiday,Yes
2017-12-09 21:00:00,321.0,-0.1,55,0.7,1654,-8.0,0.0,0.0,0.0,Winter,No Holiday,Yes
2017-12-09 22:00:00,289.0,-0.5,55,0.6,1655,-8.4,0.0,0.0,0.0,Winter,No Holiday,Yes
2017-12-09 23:00:00,265.0,-0.1,54,1.3,1570,-8.3,0.0,0.0,0.0,Winter,No Holiday,Yes
2017-12-10 00:00:00,326.0,-0.2,55,1.0,1629,-8.1,0.0,0.0,0.0,Winter,No Holiday,Yes
2017-12-10 01:00:00,280.0,-0.2,54,0.5,1747,-8.4,0.0,0.0,0.0,Winter,No Holiday,Yes
2017-12-10 02:00:00,243.0,0.2,52,0.7,1726,-8.5,0.0,0.0,0.0,Winter,No Holiday,Yes
2017-12-10 03:00:00,169.0,0.3,53,0.5,1748,-8.1,0.0,0.0,0.0,Winter,No Holiday,Yes
2017-12-10 04:00:00,71.0,0.4,52,1.6,1816,-8.3,0.0,0.0,0.0,Winter,No Holiday,Yes
2017-12-10 05:00:00,13.0,0.3,74,1.0,178,-3.7,0.0,0.0,0.7,Winter,No Holiday,Yes
2017-12-10 06:00:00,9.0,-0.5,90,0.9,91,-1.9,0.0,2.5,2.7,Winter,No Holiday,Yes
2017-12-10 07:00:00,20.0,-0.4,92,1.1,121,-1.5,0.0,0.0,4.0,Winter,No Holiday,Yes
2017-12-10 08:00:00,35.0,-0.2,90,1.2,378,-1.6,0.0,0.0,4.1,Winter,No Holiday,Yes
2017-12-10 09:00:00,31.0,0.2,90,1.0,305,-1.2,0.0,1.6,4.3,Winter,No Holiday,Yes
2017-12-10 10:00:00,19.0,0.5,91,0.4,143,-0.8,0.0,0.0,4.3,Winter,No Holiday,Yes
2017-12-10 11:00:00,58.0,0.9,92,0.9,137,-0.2,0.03,0.0,3.9,Winter,No Holiday,Yes
2017-12-10 12:00:00,119.0,2.3,88,0.3,245,0.5,0.28,0.0,3.1,Winter,No Holiday,Yes
2017-12-10 13:00:00,182.0,3.3,87,1.1,230,1.3,0.54,0.0,2.1,Winter,No Holiday,Yes
2017-12-10 14:00:00,235.0,4.2,85,0.7,325,1.8,0.65,0.0,1.4,Winter,No Holiday,Yes
2017-12-10 15:00:00,180.0,6.7,63,4.5,715,0.1,0.35,0.0,1.0,Winter,No Holiday,Yes
2017-12-10 16:00:00,214.0,5.4,71,3.5,622,0.5,0.2,0.0,0.5,Winter,No Holiday,Yes
2017-12-10 17:00:00,226.0,3.6,65,4.3,1061,-2.3,0.03,0.0,0.4,Winter,No Holiday,Yes
2017-12-10 18:00:00,210.0,2.0,61,3.0,2000,-4.7,0.0,0.0,0.0,Winter,No Holiday,Yes
2017-12-10 19:00:00,181.0,1.6,53,4.0,2000,-6.9,0.0,0.0,0.0,Winter,No Holiday,Yes
2017-12-10 20:00:00,165.0,0.6,57,3.9,1954,-6.9,0.0,0.0,0.0,Winter,No Holiday,Yes
2017-12-10 21:00:00,167.0,0.0,59,3.0,1862,-7.0,0.0,0.0,0.0,Winter,No Holiday,Yes
2017-12-10 22:00:00,152.0,-1.0,56,4.7,2000,-8.6,0.0,0.0,0.0,Winter,No Holiday,Yes
2017-12-10 23:00:00,148.0,-1.4,43,4.3,2000,-12.3,0.0,0.0,0.0,Winter,No Holiday,Yes
2017-12-11 00:00:00,125.0,-2.5,39,3.4,2000,-14.5,0.0,0.0,0.0,Winter,No Holiday,Yes
2017-12-11 01:00:00,111.0,-3.4,36,3.8,2000,-16.3,0.0,0.0,0.0,Winter,No Holiday,Yes
2017-12-11 02:00:00,67.0,-4.2,35,3.4,2000,-17.4,0.0,0.0,0.0,Winter,No Holiday,Yes
2017-12-11 03:00:00,45.0,-4.7,38,2.4,2000,-16.8,0.0,0.0,0.0,Winter,No Holiday,Yes
2017-12-11 04:00:00,44.0,-5.2,35,3.2,2000,-18.3,0.0,0.0,0.0,Winter,No Holiday,Yes
2017-12-11 05:00:00,86.0,-5.6,38,3.2,1974,-17.6,0.0,0.0,0.0,Winter,No Holiday,Yes
2017-12-11 06:00:00,136.0,-5.9,39,2.9,1979,-17.6,0.0,0.0,0.0,Winter,No Holiday,Yes
2017-12-11 07:00:00,325.0,-6.0,39,3.1,1996,-17.7,0.0,0.0,0.0,Winter,No Holiday,Yes
2017-12-11 08:00:00,653.0,-6.0,38,3.6,1994,-18.0,0.01,0.0,0.0,Winter,No Holiday,Yes
2017-12-11 09:00:00,326.0,-5.9,36,5.1,1941,-18.6,0.1,0.0,0.0,Winter,No Holiday,Yes
2017-12-11 10:00:00,212.0,-5.3,32,4.5,2000,-19.4,0.62,0.0,0.0,Winter,No Holiday,Yes
2017-12-11 11:00:00,226.0,-4.7,36,3.8,2000,-17.5,1.0,0.0,0.0,Winter,No Holiday,Yes
2017-12-11 12:00:00,247.0,-5.2,33,4.6,1973,-19.0,1.26,0.0,0.0,Winter,No Holiday,Yes
2017-12-11 13:00:00,241.0,-5.4,32,5.1,1986,-19.5,1.24,0.0,0.0,Winter,No Holiday,Yes
2017-12-11 14:00:00,253.0,-5.4,31,4.1,1945,-19.9,1.13,0.0,0.0,Winter,No Holiday,Yes
2017-12-11 15:00:00,269.0,-5.5,33,4.5,2000,-19.2,0.92,0.0,0.0,Winter,No Holiday,Yes
2017-12-11 16:00:00,277.0,-6.0,40,4.0,2000,-17.4,0.55,0.0,0.0,Winter,No Holiday,Yes
2017-12-11 17:00:00,361.0,-7.1,44,4.2,2000,-17.3,0.18,0.0,0.0,Winter,No Holiday,Yes
2017-12-11 18:00:00,557.0,-7.9,43,3.3,2000,-18.3,0.0,0.0,0.0,Winter,No Holiday,Yes
2017-12-11 19:00:00,371.0,-8.6,45,3.9,2000,-18.4,0.0,0.0,0.0,Winter,No Holiday,Yes
2017-12-11 20:00:00,254.0,-9.3,49,3.8,2000,-18.0,0.0,0.0,0.0,Winter,No Holiday,Yes
2017-12-11 21:00:00,266.0,-9.7,51,2.5,2000,-17.9,0.0,0.0,0.0,Winter,No Holiday,Yes
2017-12-11 22:00:00,222.0,-10.2,50,3.0,2000,-18.6,0.0,0.0,0.0,Winter,No Holiday,Yes
2017-12-11 23:00:00,174.0,-10.7,53,1.2,2000,-18.4,0.0,0.0,0.0,Winter,No Holiday,Yes
2017-12-12 00:00:00,133.0,-11.0,51,1.1,2000,-19.1,0.0,0.0,0.0,Winter,No Holiday,Yes
2017-12-12 01:00:00,127.0,-11.2,51,1.1,2000,-19.3,0.0,0.0,0.0,Winter,No Holiday,Yes
2017-12-12 02:00:00,95.0,-11.5,50,0.7,2000,-19.8,0.0,0.0,0.0,Winter,No Holiday,Yes
2017-12-12 03:00:00,54.0,-11.6,50,2.2,1995,-19.9,0.0,0.0,0.0,Winter,No Holiday,Yes
2017-12-12 04:00:00,46.0,-11.6,47,2.1,1982,-20.6,0.0,0.0,0.0,Winter,No Holiday,Yes
2017-12-12 05:00:00,65.0,-11.6,45,2.8,1951,-21.1,0.0,0.0,0.0,Winter,No Holiday,Yes
2017-12-12 06:00:00,104.0,-11.8,47,2.5,1973,-20.8,0.0,0.0,0.0,Winter,No Holiday,Yes
2017-12-12 07:00:00,280.0,-12.1,50,2.3,1929,-20.4,0.0,0.0,0.0,Winter,No Holiday,Yes
2017-12-12 08:00:00,580.0,-12.3,52,1.3,1914,-20.1,0.0,0.0,0.0,Winter,No Holiday,Yes
2017-12-12 09:00:00,275.0,-11.8,46,2.9,1956,-21.1,0.1,0.0,0.0,Winter,No Holiday,Yes
2017-12-12 10:00:00,184.0,-10.5,45,3.3,1855,-20.1,0.6,0.0,0.0,Winter,No Holiday,Yes
2017-12-12 11:00:00,201.0,-9.4,42,3.1,1815,-19.9,0.93,0.0,0.0,Winter,No Holiday,Yes
2017-12-12 12:00:00,228.0,-8.3,35,2.9,1967,-21.0,1.14,0.0,0.0,Winter,No Holiday,Yes
2017-12-12 13:00:00,225.0,-6.9,37,2.4,1955,-19.1,1.22,0.0,0.0,Winter,No Holiday,Yes
2017-12-12 14:00:00,258.0,-5.4,32,2.0,1930,-19.5,1.12,0.0,0.0,Winter,No Holiday,Yes
2017-12-12 15:00:00,250.0,-5.8,30,2.8,2000,-20.6,0.92,0.0,0.0,Winter,No Holiday,Yes
2017-12-12 16:00:00,248.0,-6.0,29,2.8,1983,-21.2,0.58,0.0,0.0,Winter,No Holiday,Yes
2017-12-12 17:00:00,305.0,-7.0,32,2.6,2000,-20.9,0.19,0.0,0.0,Winter,No Holiday,Yes
2017-12-12 18:00:00,529.0,-7.7,36,1.0,2000,-20.2,0.0,0.0,0.0,Winter,No Holiday,Yes
2017-12-12 19:00:00,350.0,-8.2,43,1.1,2000,-18.5,0.0,0.0,0.0,Winter,No Holiday,Yes
2017-12-12 20:00:00,260.0,-8.4,42,1.0,2000,-19.0,0.0,0.0,0.0,Winter,No Holiday,Yes
2017-12-12 21:00:00,270.0,-8.8,43,1.4,1999,-19.1,0.0,0.0,0.0,Winter,No Holiday,Yes
2017-12-12 22:00:00,256.0,-9.0,45,1.3,1999,-18.7,0.0,0.0,0.0,Winter,No Holiday,Yes
2017-12-12 23:00:00,173.0,-9.3,47,2.1,2000,-18.5,0.0,0.0,0.0,Winter,No Holiday,Yes
2017-12-13 00:00:00,168.0,-9.5,48,1.3,1996,-18.4,0.0,0.0,0.0,Winter,No Holiday,Yes
2017-12-13 01:00:00,183.0,-10.2,52,1.6,1997,-18.2,0.0,0.0,0.0,Winter,No Holiday,Yes
2017-12-13 02:00:00,120.0,-10.4,53,1.8,1949,-18.1,0.0,0.0,0.0,Winter,No Holiday,Yes
2017-12-13 03:00:00,79.0,-10.9,55,1.8,1913,-18.1,0.0,0.0,0.0,Winter,No Holiday,Yes
2017-12-13 04:00:00,41.0,-11.4,58,1.3,1907,-18.0,0.0,0.0,0.0,Winter,No Holiday,Yes
2017-12-13 05:00:00,68.0,-11.5,58,1.1,1923,-18.1,0.0,0.0,0.0,Winter,No Holiday,Yes
2017-12-13 06:00:00,109.0,-11.9,57,1.1,1974,-18.7,0.0,0.0,0.0,Winter,No Holiday,Yes
2017-12-13 07:00:00,310.0,-11.7,53,1.6,1998,-19.3,0.0,0.0,0.0,Winter,No Holiday,Yes
2017-12-13 08:00:00,591.0,-11.4,47,3.3,2000,-20.4,0.0,0.0,0.0,Winter,No Holiday,Yes
2017-12-13 09:00:00,340.0,-11.1,46,3.4,1981,-20.4,0.1,0.0,0.0,Winter,No Holiday,Yes
2017-12-13 10:00:00,202.0,-9.5,39,2.1,1875,-20.9,0.6,0.0,0.0,Winter,No Holiday,Yes
2017-12-13 11:00:00,251.0,-8.1,35,1.8,1806,-20.9,0.96,0.0,0.0,Winter,No Holiday,Yes
2017-12-13 12:00:00,267.0,-6.5,30,2.9,1945,-21.2,1.17,0.0,0.0,Winter,No Holiday,Yes
2017-12-13 13:00:00,251.0,-5.8,28,2.9,1887,-21.4,1.23,0.0,0.0,Winter,No Holiday,Yes
2017-12-13 14:00:00,240.0,-4.7,27,2.9,1883,-20.8,1.12,0.0,0.0,Winter,No Holiday,Yes
2017-12-13 15:00:00,240.0,-4.9,26,3.1,1887,-21.5,0.89,0.0,0.0,Winter,No Holiday,Yes
2017-12-13 16:00:00,278.0,-4.5,26,2.2,2000,-21.1,0.56,0.0,0.0,Winter,No Holiday,Yes
2017-12-13 17:00:00,392.0,-5.6,29,1.7,2000,-20.8,0.18,0.0,0.0,Winter,No Holiday,Yes
2017-12-13 18:00:00,537.0,-6.6,33,1.1,2000,-20.2,0.0,0.0,0.0,Winter,No Holiday,Yes
2017-12-13 19:00:00,373.0,-6.6,31,1.6,2000,-20.9,0.0,0.0,0.0,Winter,No Holiday,Yes
2017-12-13 20:00:00,263.0,-7.6,35,0.8,2000,-20.4,0.0,0.0,0.0,Winter,No Holiday,Yes
2017-12-13 21:00:00,271.0,-8.3,39,1.0,2000,-19.8,0.0,0.0,0.0,Winter,No Holiday,Yes
2017-12-13 22:00:00,271.0,-8.9,39,0.1,2000,-20.3,0.0,0.0,0.0,Winter,No Holiday,Yes
2017-12-13 23:00:00,174.0,-9.2,44,0.4,1978,-19.2,0.0,0.0,0.0,Winter,No Holiday,Yes
2017-12-14 00:00:00,171.0,-9.5,50,0.6,1953,-18.0,0.0,0.0,0.0,Winter,No Holiday,Yes
2017-12-14 01:00:00,170.0,-9.8,48,0.8,2000,-18.7,0.0,0.0,0.0,Winter,No Holiday,Yes
2017-12-14 02:00:00,107.0,-10.6,44,0.8,1903,-20.5,0.0,0.0,0.0,Winter,No Holiday,Yes
2017-12-14 03:00:00,80.0,-10.7,48,0.4,1651,-19.6,0.0,0.0,0.0,Winter,No Holiday,Yes
2017-12-14 04:00:00,52.0,-11.0,50,0.8,1718,-19.4,0.0,0.0,0.0,Winter,No Holiday,Yes
2017-12-14 05:00:00,62.0,-10.8,48,0.8,1648,-19.6,0.0,0.0,0.0,Winter,No Holiday,Yes
2017-12-14 06:00:00,108.0,-11.0,55,0.8,1541,-18.2,0.0,0.0,0.0,Winter,No Holiday,Yes
2017-12-14 07:00:00,279.0,-10.9,57,1.1,1387,-17.7,0.0,0.0,0.0,Winter,No Holiday,Yes
2017-12-14 08:00:00,621.0,-10.4,54,1.1,1432,-17.9,0.01,0.0,0.0,Winter,No Holiday,Yes
2017-12-14 09:00:00,305.0,-9.4,44,0.5,1680,-19.4,0.13,0.0,0.0,Winter,No Holiday,Yes
2017-12-14 10:00:00,189.0,-7.7,43,0.9,1555,-18.1,0.35,0.0,0.0,Winter,No Holiday,Yes
2017-12-14 11:00:00,247.0,-6.1,38,1.0,1587,-18.1,0.52,0.0,0.0,Winter,No Holiday,Yes
2017-12-14 12:00:00,278.0,-4.9,34,1.3,1768,-18.3,0.6,0.0,0.0,Winter,No Holiday,Yes
2017-12-14 13:00:00,282.0,-3.8,32,0.9,1827,-18.1,0.52,0.0,0.0,Winter,No Holiday,Yes
2017-12-14 14:00:00,294.0,-2.7,28,0.7,1857,-18.7,0.65,0.0,0.0,Winter,No Holiday,Yes
2017-12-14 15:00:00,301.0,-2.5,29,1.1,1667,-18.1,0.48,0.0,0.0,Winter,No Holiday,Yes
2017-12-14 16:00:00,335.0,-2.4,28,0.9,1878,-18.4,0.35,0.0,0.0,Winter,No Holiday,Yes
2017-12-14 17:00:00,382.0,-2.9,31,0.6,1723,-17.7,0.09,0.0,0.0,Winter,No Holiday,Yes
2017-12-14 18:00:00,612.0,-3.5,35,1.1,1414,-16.7,0.0,0.0,0.0,Winter,No Holiday,Yes
2017-12-14 19:00:00,410.0,-4.2,40,0.9,1216,-15.8,0.0,0.0,0.0,Winter,No Holiday,Yes
2017-12-14 20:00:00,277.0,-4.8,43,1.1,1397,-15.4,0.0,0.0,0.0,Winter,No Holiday,Yes
2017-12-14 21:00:00,316.0,-4.8,45,0.8,1351,-14.9,0.0,0.0,0.0,Winter,No Holiday,Yes
2017-12-14 22:00:00,309.0,-4.9,44,1.1,1369,-15.3,0.0,0.0,0.0,Winter,No Holiday,Yes
2017-12-14 23:00:00,211.0,-5.6,53,1.2,1290,-13.6,0.0,0.0,0.0,Winter,No Holiday,Yes
2017-12-15 00:00:00,227.0,-5.7,53,0.6,1262,-13.7,0.0,0.0,0.0,Winter,No Holiday,Yes
2017-12-15 01:00:00,241.0,-6.3,57,0.4,1148,-13.4,0.0,0.0,0.0,Winter,No Holiday,Yes
2017-12-15 02:00:00,162.0,-6.8,58,0.4,1089,-13.6,0.0,0.0,0.0,Winter,No Holiday,Yes
2017-12-15 03:00:00,110.0,-6.9,56,0.5,1111,-14.2,0.0,0.0,0.0,Winter,No Holiday,Yes
2017-12-15 04:00:00,69.0,-7.1,59,0.8,1058,-13.7,0.0,0.0,0.0,Winter,No Holiday,Yes
2017-12-15 05:00:00,68.0,-7.5,64,0.9,989,-13.1,0.0,0.0,0.0,Winter,No Holiday,Yes
2017-12-15 06:00:00,129.0,-7.4,64,0.7,906,-13.0,0.0,0.0,0.0,Winter,No Holiday,Yes
2017-12-15 07:00:00,285.0,-7.0,63,0.6,865,-12.8,0.0,0.0,0.0,Winter,No Holiday,Yes
2017-12-15 08:00:00,658.0,-6.6,64,1.1,791,-12.2,0.0,0.0,0.0,Winter,No Holiday,Yes
2017-12-15 09:00:00,330.0,-5.9,60,0.6,691,-12.4,0.09,0.0,0.0,Winter,No Holiday,Yes
2017-12-15 10:00:00,221.0,-4.6,52,0.8,648,-12.9,0.34,0.0,0.0,Winter,No Holiday,Yes
2017-12-15 11:00:00,279.0,-2.9,46,1.0,809,-12.9,0.42,0.0,0.0,Winter,No Holiday,Yes
2017-12-15 12:00:00,309.0,-2.5,43,0.7,895,-13.3,0.34,0.0,0.0,Winter,No Holiday,Yes
2017-12-15 13:00:00,325.0,-1.6,40,0.3,868,-13.4,0.32,0.0,0.0,Winter,No Holiday,Yes
2017-12-15 14:00:00,329.0,-0.7,39,0.8,826,-12.9,0.35,0.0,0.0,Winter,No Holiday,Yes
2017-12-15 15:00:00,342.0,0.1,35,1.5,946,-13.5,0.42,0.0,0.0,Winter,No Holiday,Yes
2017-12-15 16:00:00,354.0,0.0,37,0.6,994,-12.9,0.13,0.0,0.0,Winter,No Holiday,Yes
2017-12-15 17:00:00,464.0,-0.2,39,0.8,1016,-12.5,0.0,0.0,0.0,Winter,No Holiday,Yes
2017-12-15 18:00:00,682.0,0.1,43,0.9,1485,-11.0,0.0,0.0,0.0,Winter,No Holiday,Yes
2017-12-15 19:00:00,451.0,0.6,41,1.2,1550,-11.1,0.0,0.0,0.0,Winter,No Holiday,Yes
2017-12-15 20:00:00,320.0,0.9,42,1.2,1113,-10.5,0.0,0.0,0.0,Winter,No Holiday,Yes
2017-12-15 21:00:00,300.0,0.7,47,2.7,1283,-9.3,0.0,0.0,0.0,Winter,No Holiday,Yes
2017-12-15 22:00:00,296.0,-0.1,49,2.0,870,-9.5,0.0,0.0,0.0,Winter,No Holiday,Yes
2017-12-15 23:00:00,247.0,-1.3,60,2.5,792,-8.0,0.0,0.0,0.0,Winter,No Holiday,Yes
2017-12-16 00:00:00,217.0,-2.6,73,3.4,787,-6.7,0.0,0.0,0.0,Winter,No Holiday,Yes
2017-12-16 01:00:00,302.0,-3.4,76,2.9,582,-7.0,0.0,0.0,0.0,Winter,No Holiday,Yes
2017-12-16 02:00:00,228.0,-4.1,73,2.1,567,-8.2,0.0,0.0,0.0,Winter,No Holiday,Yes
2017-12-16 03:00:00,129.0,-4.5,71,1.6,651,-8.9,0.0,0.0,0.0,Winter,No Holiday,Yes
2017-12-16 04:00:00,80.0,-5.0,70,2.7,702,-9.6,0.0,0.0,0.0,Winter,No Holiday,Yes
2017-12-16 05:00:00,45.0,-5.6,72,2.0,662,-9.8,0.0,0.0,0.0,Winter,No Holiday,Yes
2017-12-16 06:00:00,66.0,-6.1,69,2.9,765,-10.8,0.0,0.0,0.0,Winter,No Holiday,Yes
2017-12-16 07:00:00,90.0,-6.7,64,2.1,977,-12.3,0.0,0.0,0.0,Winter,No Holiday,Yes
2017-12-16 08:00:00,190.0,-7.3,62,2.6,1112,-13.3,0.0,0.0,0.0,Winter,No Holiday,Yes
2017-12-16 09:00:00,195.0,-7.2,47,2.8,1724,-16.6,0.18,0.0,0.0,Winter,No Holiday,Yes
2017-12-16 10:00:00,201.0,-6.2,42,2.3,1893,-17.0,0.52,0.0,0.0,Winter,No Holiday,Yes
2017-12-16 11:00:00,239.0,-5.2,30,4.0,1991,-20.1,0.86,0.0,0.0,Winter,No Holiday,Yes
2017-12-16 12:00:00,252.0,-4.1,28,3.8,1998,-19.9,1.08,0.0,0.0,Winter,No Holiday,Yes
2017-12-16 13:00:00,296.0,-3.7,23,4.0,1980,-21.8,1.12,0.0,0.0,Winter,No Holiday,Yes
2017-12-16 14:00:00,292.0,-3.4,22,4.3,1966,-22.1,1.07,0.0,0.0,Winter,No Holiday,Yes
2017-12-16 15:00:00,291.0,-3.3,22,5.0,2000,-22.0,0.86,0.0,0.0,Winter,No Holiday,Yes
2017-12-16 16:00:00,258.0,-3.3,24,3.5,2000,-21.0,0.54,0.0,0.0,Winter,No Holiday,Yes
2017-12-16 17:00:00,277.0,-4.6,26,2.6,2000,-21.2,0.17,0.0,0.0,Winter,No Holiday,Yes
2017-12-16 18:00:00,212.0,-5.3,28,3.5,2000,-21.0,0.0,0.0,0.0,Winter,No Holiday,Yes
2017-12-16 19:00:00,173.0,-6.0,32,2.4,2000,-20.0,0.0,0.0,0.0,Winter,No Holiday,Yes
2017-12-16 20:00:00,143.0,-6.6,37,3.4,2000,-18.9,0.0,0.0,0.0,Winter,No Holiday,Yes
2017-12-16 21:00:00,159.0,-7.1,39,3.2,2000,-18.7,0.0,0.0,0.0,Winter,No Holiday,Yes
2017-12-16 22:00:00,155.0,-7.6,41,1.6,2000,-18.6,0.0,0.0,0.0,Winter,No Holiday,Yes
2017-12-16 23:00:00,142.0,-8.0,41,2.2,2000,-18.9,0.0,0.0,0.0,Winter,No Holiday,Yes
2017-12-17 00:00:00,175.0,-8.1,41,2.0,2000,-19.0,0.0,0.0,0.0,Winter,No Holiday,Yes
2017-12-17 01:00:00,146.0,-8.4,40,1.6,2000,-19.6,0.0,0.0,0.0,Winter,No Holiday,Yes
2017-12-17 02:00:00,132.0,-8.7,40,2.8,2000,-19.8,0.0,0.0,0.0,Winter,No Holiday,Yes
2017-12-17 03:00:00,100.0,-9.0,40,3.1,2000,-20.1,0.0,0.0,0.0,Winter,No Holiday,Yes
2017-12-17 04:00:00,41.0,-9.5,40,1.9,2000,-20.6,0.0,0.0,0.0,Winter,No Holiday,Yes
2017-12-17 05:00:00,31.0,-9.7,41,3.1,2000,-20.5,0.0,0.0,0.0,Winter,No Holiday,Yes
2017-12-17 06:00:00,39.0,-9.9,42,2.3,2000,-20.4,0.0,0.0,0.0,Winter,No Holiday,Yes
2017-12-17 07:00:00,53.0,-10.2,42,2.3,2000,-20.6,0.0,0.0,0.0,Winter,No Holiday,Yes
2017-12-17 08:00:00,94.0,-10.7,43,0.9,2000,-20.8,0.0,0.0,0.0,Winter,No Holiday,Yes
2017-12-17 09:00:00,122.0,-10.5,38,1.1,1950,-22.1,0.19,0.0,0.0,Winter,No Holiday,Yes
2017-12-17 10:00:00,142.0,-8.5,31,1.5,1997,-22.6,0.58,0.0,0.0,Winter,No Holiday,Yes
2017-12-17 11:00:00,189.0,-7.2,29,1.8,1926,-22.2,0.88,0.0,0.0,Winter,No Holiday,Yes
2017-12-17 12:00:00,216.0,-4.9,25,2.6,1966,-21.9,1.08,0.0,0.0,Winter,No Holiday,Yes
2017-12-17 13:00:00,223.0,-4.5,25,3.2,1989,-21.6,1.14,0.0,0.0,Winter,No Holiday,Yes
2017-12-17 14:00:00,268.0,-3.2,26,3.1,1933,-20.0,1.07,0.0,0.0,Winter,No Holiday,Yes
2017-12-17 15:00:00,278.0,-2.5,28,2.0,2000,-18.5,0.85,0.0,0.0,Winter,No Holiday,Yes
2017-12-17 16:00:00,256.0,-2.7,31,2.3,2000,-17.5,0.54,0.0,0.0,Winter,No Holiday,Yes
2017-12-17 17:00:00,266.0,-3.8,35,2.4,2000,-17.0,0.17,0.0,0.0,Winter,No Holiday,Yes
2017-12-17 18:00:00,204.0,-4.7,37,1.8,2000,-17.2,0.01,0.0,0.0,Winter,No Holiday,Yes
2017-12-17 19:00:00,157.0,-5.6,39,1.1,2000,-17.3,0.0,0.0,0.0,Winter,No Holiday,Yes
2017-12-17 20:00:00,166.0,-6.0,42,0.8,2000,-16.8,0.0,0.0,0.0,Winter,No Holiday,Yes
2017-12-17 21:00:00,168.0,-6.5,45,0.7,2000,-16.4,0.0,0.0,0.0,Winter,No Holiday,Yes
2017-12-17 22:00:00,172.0,-6.6,50,0.6,1990,-15.3,0.0,0.0,0.0,Winter,No Holiday,Yes
2017-12-17 23:00:00,138.0,-6.9,53,0.7,2000,-14.8,0.0,0.0,0.0,Winter,No Holiday,Yes
2017-12-18 00:00:00,151.0,-5.9,50,0.6,2000,-14.6,0.0,0.0,0.0,Winter,No Holiday,Yes
2017-12-18 01:00:00,97.0,-5.3,48,0.4,1664,-14.6,0.0,0.0,0.0,Winter,No Holiday,Yes
2017-12-18 02:00:00,38.0,-5.0,65,0.4,990,-10.5,0.0,0.0,0.2,Winter,No Holiday,Yes
2017-12-18 03:00:00,32.0,-5.3,76,1.0,767,-8.8,0.0,0.3,0.5,Winter,No Holiday,Yes
2017-12-18 04:00:00,29.0,-5.4,81,0.7,270,-8.1,0.0,0.0,0.7,Winter,No Holiday,Yes
2017-12-18 05:00:00,27.0,-5.3,81,0.9,923,-8.0,0.0,0.0,0.8,Winter,No Holiday,Yes
2017-12-18 06:00:00,45.0,-5.2,85,0.9,271,-7.3,0.0,0.4,1.3,Winter,No Holiday,Yes
2017-12-18 07:00:00,96.0,-5.0,85,0.7,186,-7.1,0.0,0.0,1.8,Winter,No Holiday,Yes
2017-12-18 08:00:00,146.0,-4.6,86,1.2,508,-6.5,0.0,0.0,2.0,Winter,No Holiday,Yes
2017-12-18 09:00:00,52.0,-4.3,89,1.0,59,-5.8,0.0,1.6,4.0,Winter,No Holiday,Yes
2017-12-18 10:00:00,36.0,-3.7,87,1.0,541,-5.5,0.03,0.0,4.8,Winter,No Holiday,Yes
2017-12-18 11:00:00,44.0,-2.9,85,1.2,243,-5.0,0.06,0.0,4.8,Winter,No Holiday,Yes
2017-12-18 12:00:00,62.0,-1.8,83,1.2,351,-4.3,0.09,1.1,5.1,Winter,No Holiday,Yes
2017-12-18 13:00:00,76.0,-0.9,84,1.2,333,-3.2,0.09,0.0,5.0,Winter,No Holiday,Yes
2017-12-18 14:00:00,116.0,0.5,76,0.9,364,-3.2,0.17,0.0,4.2,Winter,No Holiday,Yes
2017-12-18 15:00:00,137.0,1.6,73,0.9,421,-2.7,0.6,0.0,3.2,Winter,No Holiday,Yes
2017-12-18 16:00:00,181.0,1.8,76,0.8,410,-1.9,0.47,0.0,2.7,Winter,No Holiday,Yes
2017-12-18 17:00:00,175.0,0.4,84,0.8,317,-1.9,0.15,0.0,2.7,Winter,No Holiday,Yes
2017-12-18 18:00:00,281.0,0.0,88,0.6,277,-1.7,0.0,0.0,2.7,Winter,No Holiday,Yes
2017-12-18 19:00:00,198.0,1.3,65,1.1,1122,-4.5,0.0,0.0,2.7,Winter,No Holiday,Yes
2017-12-18 20:00:00,165.0,3.3,65,3.2,1172,-2.6,0.0,0.0,2.7,Winter,No Holiday,Yes
2017-12-18 21:00:00,148.0,2.8,73,2.4,831,-1.5,0.0,0.0,2.6,Winter,No Holiday,Yes
2017-12-18 22:00:00,160.0,1.5,82,2.4,537,-1.2,0.0,0.0,2.6,Winter,No Holiday,Yes
2017-12-18 23:00:00,128.0,0.1,81,2.9,551,-2.7,0.0,0.0,2.6,Winter,No Holiday,Yes
2017-12-19 00:00:00,122.0,-1.0,73,2.3,881,-5.2,0.0,0.0,2.6,Winter,No Holiday,Yes
2017-12-19 01:00:00,122.0,-2.0,72,0.8,979,-6.3,0.0,0.0,2.6,Winter,No Holiday,Yes
2017-12-19 02:00:00,93.0,-2.7,72,0.9,990,-7.0,0.0,0.0,2.6,Winter,No Holiday,Yes
2017-12-19 03:00:00,55.0,-2.8,58,1.6,1315,-9.9,0.0,0.0,2.6,Winter,No Holiday,Yes
2017-12-19 04:00:00,39.0,-2.9,59,1.8,1286,-9.8,0.0,0.0,2.6,Winter,No Holiday,Yes
2017-12-19 05:00:00,55.0,-3.9,66,0.7,1209,-9.3,0.0,0.0,2.6,Winter,No Holiday,Yes
2017-12-19 06:00:00,78.0,-4.3,70,1.6,1169,-8.9,0.0,0.0,2.6,Winter,No Holiday,Yes
2017-12-19 07:00:00,165.0,-4.4,64,2.8,1367,-10.1,0.0,0.0,2.6,Winter,No Holiday,Yes
2017-12-19 08:00:00,390.0,-5.2,58,2.2,1594,-12.1,0.0,0.0,2.5,Winter,No Holiday,Yes
2017-12-19 09:00:00,199.0,-5.3,48,2.6,1810,-14.6,0.18,0.0,2.5,Winter,No Holiday,Yes
2017-12-19 10:00:00,151.0,-4.6,41,2.8,1815,-15.8,0.57,0.0,2.5,Winter,No Holiday,Yes
2017-12-19 11:00:00,174.0,-3.5,35,2.2,1742,-16.7,0.87,0.0,2.5,Winter,No Holiday,Yes
2017-12-19 12:00:00,191.0,-2.5,31,2.6,1778,-17.3,1.08,0.0,2.3,Winter,No Holiday,Yes
2017-12-19 13:00:00,189.0,-2.2,25,3.2,1970,-19.6,1.17,0.0,2.2,Winter,No Holiday,Yes
2017-12-19 14:00:00,178.0,-2.2,23,3.7,1971,-20.5,1.09,0.0,2.2,Winter,No Holiday,Yes
2017-12-19 15:00:00,195.0,-1.3,26,3.0,2000,-18.3,0.91,0.0,2.1,Winter,No Holiday,Yes
2017-12-19 16:00:00,211.0,-1.8,31,3.1,1993,-16.7,0.56,0.0,2.0,Winter,No Holiday,Yes
2017-12-19 17:00:00,256.0,-2.7,35,1.8,2000,-16.0,0.18,0.0,2.0,Winter,No Holiday,Yes
2017-12-19 18:00:00,384.0,-3.8,42,3.3,2000,-14.8,0.0,0.0,2.0,Winter,No Holiday,Yes
2017-12-19 19:00:00,276.0,-4.5,51,2.0,2000,-13.1,0.0,0.0,2.0,Winter,No Holiday,Yes
2017-12-19 20:00:00,225.0,-4.9,55,2.0,2000,-12.5,0.0,0.0,2.0,Winter,No Holiday,Yes
2017-12-19 21:00:00,224.0,-5.0,57,1.9,2000,-12.2,0.0,0.0,2.0,Winter,No Holiday,Yes
2017-12-19 22:00:00,213.0,-5.5,56,1.5,2000,-12.9,0.0,0.0,2.0,Winter,No Holiday,Yes
2017-12-19 23:00:00,149.0,-5.8,57,1.7,2000,-12.9,0.0,0.0,2.0,Winter,No Holiday,Yes
2017-12-20 00:00:00,142.0,-6.5,63,1.5,1666,-12.3,0.0,0.0,2.0,Winter,No Holiday,Yes
2017-12-20 01:00:00,172.0,-7.3,67,1.1,1593,-12.3,0.0,0.0,2.0,Winter,No Holiday,Yes
2017-12-20 02:00:00,108.0,-7.8,68,0.9,1642,-12.6,0.0,0.0,2.0,Winter,No Holiday,Yes
2017-12-20 03:00:00,71.0,-8.1,70,1.3,1557,-12.6,0.0,0.0,2.0,Winter,No Holiday,Yes
2017-12-20 04:00:00,38.0,-8.5,73,1.0,1723,-12.4,0.0,0.0,2.0,Winter,No Holiday,Yes
2017-12-20 05:00:00,56.0,-8.3,67,0.9,1566,-13.3,0.0,0.0,2.0,Winter,No Holiday,Yes
2017-12-20 06:00:00,97.0,-8.2,66,0.9,1718,-13.4,0.0,0.0,2.0,Winter,No Holiday,Yes
2017-12-20 07:00:00,213.0,-8.1,67,0.9,1737,-13.1,0.0,0.0,2.0,Winter,No Holiday,Yes
2017-12-20 08:00:00,466.0,-7.8,65,1.1,1738,-13.2,0.0,0.0,2.0,Winter,No Holiday,Yes
2017-12-20 09:00:00,239.0,-6.7,62,1.1,1749,-12.7,0.09,0.0,2.0,Winter,No Holiday,Yes
2017-12-20 10:00:00,162.0,-5.4,56,1.1,1751,-12.8,0.28,0.0,2.0,Winter,No Holiday,Yes
2017-12-20 11:00:00,204.0,-4.2,51,1.1,1772,-12.8,0.4,0.0,1.9,Winter,No Holiday,Yes
2017-12-20 12:00:00,209.0,-3.2,49,1.3,1723,-12.4,0.53,0.0,1.9,Winter,No Holiday,Yes
2017-12-20 13:00:00,228.0,-1.3,43,1.0,1777,-12.3,0.8,0.0,1.7,Winter,No Holiday,Yes
2017-12-20 14:00:00,243.0,-0.5,44,1.0,1793,-11.2,0.71,0.0,1.7,Winter,No Holiday,Yes
2017-12-20 15:00:00,240.0,-0.2,45,1.0,1852,-10.7,0.41,0.0,1.6,Winter,No Holiday,Yes
2017-12-20 16:00:00,225.0,-0.5,48,1.1,1722,-10.1,0.12,0.0,1.6,Winter,No Holiday,Yes
2017-12-20 17:00:00,237.0,-0.9,70,1.1,299,-5.6,0.02,0.0,2.2,Winter,No Holiday,Yes
2017-12-20 18:00:00,329.0,-1.4,79,1.6,702,-4.5,0.0,0.1,2.2,Winter,No Holiday,Yes
2017-12-20 19:00:00,190.0,-1.5,81,1.8,751,-4.3,0.0,0.0,2.2,Winter,No Holiday,Yes
2017-12-20 20:00:00,165.0,-1.9,86,0.9,700,-3.9,0.0,0.0,2.4,Winter,No Holiday,Yes
2017-12-20 21:00:00,197.0,-2.0,83,1.2,904,-4.5,0.0,0.1,2.4,Winter,No Holiday,Yes
2017-12-20 22:00:00,184.0,-1.6,82,0.4,929,-4.2,0.0,0.0,2.3,Winter,No Holiday,Yes
2017-12-20 23:00:00,153.0,-1.1,87,1.4,349,-2.9,0.0,0.0,2.2,Winter,No Holiday,Yes
2017-12-21 00:00:00,166.0,-1.3,90,2.0,259,-2.7,0.0,0.0,2.2,Winter,No Holiday,Yes
2017-12-21 01:00:00,189.0,-1.8,90,1.6,263,-3.2,0.0,0.0,2.2,Winter,No Holiday,Yes
2017-12-21 02:00:00,132.0,-2.2,88,1.4,348,-3.9,0.0,0.0,2.2,Winter,No Holiday,Yes
2017-12-21 03:00:00,79.0,-2.9,89,1.3,288,-4.4,0.0,0.0,2.2,Winter,No Holiday,Yes
2017-12-21 04:00:00,58.0,-3.6,91,1.2,241,-4.8,0.0,0.0,2.2,Winter,No Holiday,Yes
2017-12-21 05:00:00,49.0,-4.3,91,1.5,233,-5.5,0.0,0.0,2.2,Winter,No Holiday,Yes
2017-12-21 06:00:00,84.0,-4.8,91,1.1,266,-6.0,0.0,0.0,2.2,Winter,No Holiday,Yes
2017-12-21 07:00:00,178.0,-5.3,90,1.1,311,-6.6,0.0,0.0,2.2,Winter,No Holiday,Yes
2017-12-21 08:00:00,423.0,-5.6,89,0.9,371,-7.1,0.0,0.0,2.2,Winter,No Holiday,Yes
2017-12-21 09:00:00,265.0,-5.3,88,0.4,463,-6.9,0.21,0.0,2.2,Winter,No Holiday,Yes
2017-12-21 10:00:00,169.0,-3.0,71,0.7,608,-7.5,0.67,0.0,2.1,Winter,No Holiday,Yes
2017-12-21 11:00:00,243.0,-0.7,62,0.7,519,-7.0,0.77,0.0,2.0,Winter,No Holiday,Yes
2017-12-21 12:00:00,290.0,1.9,40,2.0,1835,-10.3,1.04,0.0,1.9,Winter,No Holiday,Yes
2017-12-21 13:00:00,285.0,3.2,42,1.8,1349,-8.5,1.08,0.0,1.8,Winter,No Holiday,Yes
2017-12-21 14:00:00,255.0,4.3,47,2.3,953,-6.0,0.96,0.0,1.6,Winter,No Holiday,Yes
2017-12-21 15:00:00,316.0,4.4,46,1.4,1113,-6.2,0.78,0.0,1.0,Winter,No Holiday,Yes
2017-12-21 16:00:00,301.0,4.1,51,1.8,1112,-5.1,0.48,0.0,0.9,Winter,No Holiday,Yes
2017-12-21 17:00:00,366.0,2.9,60,1.3,1193,-4.1,0.16,0.0,0.8,Winter,No Holiday,Yes
2017-12-21 18:00:00,531.0,1.7,64,1.3,1140,-4.3,0.0,0.0,0.8,Winter,No Holiday,Yes
2017-12-21 19:00:00,355.0,0.8,71,0.9,923,-3.8,0.0,0.0,0.8,Winter,No Holiday,Yes
2017-12-21 20:00:00,288.0,0.2,72,0.7,990,-4.2,0.0,0.0,0.8,Winter,No Holiday,Yes
2017-12-21 21:00:00,248.0,-0.4,74,0.6,1065,-4.4,0.0,0.0,0.8,Winter,No Holiday,Yes
2017-12-21 22:00:00,252.0,-1.1,78,0.6,865,-4.4,0.0,0.0,0.8,Winter,No Holiday,Yes
2017-12-21 23:00:00,212.0,-1.5,79,0.6,821,-4.6,0.0,0.0,0.8,Winter,No Holiday,Yes
2017-12-22 00:00:00,196.0,-1.7,79,0.5,794,-4.8,0.0,0.0,0.8,Winter,Holiday,Yes
2017-12-22 01:00:00,250.0,-1.6,79,0.6,784,-4.7,0.0,0.0,0.8,Winter,Holiday,Yes
2017-12-22 02:00:00,161.0,-1.1,79,0.7,736,-4.2,0.0,0.0,0.8,Winter,Holiday,Yes
2017-12-22 03:00:00,99.0,-0.6,76,0.5,789,-4.3,0.0,0.0,0.7,Winter,Holiday,Yes
2017-12-22 04:00:00,64.0,-0.3,76,0.9,760,-4.0,0.0,0.0,0.7,Winter,Holiday,Yes
2017-12-22 05:00:00,76.0,-0.2,73,0.8,880,-4.4,0.0,0.0,0.7,Winter,Holiday,Yes
2017-12-22 06:00:00,114.0,-0.1,71,0.8,895,-4.7,0.0,0.0,0.7,Winter,Holiday,Yes
2017-12-22 07:00:00,283.0,-0.3,72,0.7,919,-4.7,0.0,0.0,0.7,Winter,Holiday,Yes
2017-12-22 08:00:00,544.0,-0.4,69,0.5,904,-5.4,0.0,0.0,0.7,Winter,Holiday,Yes
2017-12-22 09:00:00,298.0,0.3,67,0.7,897,-5.1,0.03,0.0,0.6,Winter,Holiday,Yes
2017-12-22 10:00:00,248.0,1.4,64,1.0,897,-4.6,0.25,0.0,0.5,Winter,Holiday,Yes
2017-12-22 11:00:00,278.0,3.1,57,0.8,804,-4.6,0.63,0.0,0.0,Winter,Holiday,Yes
2017-12-22 12:00:00,301.0,4.5,56,0.8,836,-3.5,0.71,0.0,0.0,Winter,Holiday,Yes
2017-12-22 13:00:00,320.0,5.4,55,1.2,820,-2.9,0.66,0.0,0.0,Winter,Holiday,Yes
2017-12-22 14:00:00,326.0,5.9,55,0.6,779,-2.4,0.48,0.0,0.0,Winter,Holiday,Yes
2017-12-22 15:00:00,386.0,6.5,55,0.9,801,-1.9,0.38,0.0,0.0,Winter,Holiday,Yes
2017-12-22 16:00:00,416.0,6.0,58,0.7,732,-1.6,0.19,0.0,0.0,Winter,Holiday,Yes
2017-12-22 17:00:00,477.0,5.4,61,1.3,691,-1.5,0.08,0.0,0.0,Winter,Holiday,Yes
2017-12-22 18:00:00,671.0,4.9,63,0.6,677,-1.5,0.0,0.0,0.0,Winter,Holiday,Yes
2017-12-22 19:00:00,481.0,5.2,64,0.7,691,-1.0,0.0,0.0,0.0,Winter,Holiday,Yes
2017-12-22 20:00:00,323.0,5.9,67,1.3,779,0.2,0.0,0.0,0.0,Winter,Holiday,Yes
2017-12-22 21:00:00,309.0,6.1,70,2.2,763,1.0,0.0,0.0,0.0,Winter,Holiday,Yes
2017-12-22 22:00:00,314.0,6.1,70,2.7,806,1.0,0.0,0.0,0.0,Winter,Holiday,Yes
2017-12-22 23:00:00,249.0,5.8,74,2.5,832,1.5,0.0,0.0,0.0,Winter,Holiday,Yes
2017-12-23 00:00:00,282.0,5.8,75,1.9,788,1.7,0.0,0.0,0.0,Winter,No Holiday,Yes
2017-12-23 01:00:00,337.0,5.7,75,1.7,706,1.6,0.0,0.0,0.0,Winter,No Holiday,Yes
2017-12-23 02:00:00,312.0,5.6,76,1.6,641,1.6,0.0,0.0,0.0,Winter,No Holiday,Yes
2017-12-23 03:00:00,230.0,5.4,77,1.6,583,1.6,0.0,0.0,0.0,Winter,No Holiday,Yes
2017-12-23 04:00:00,120.0,5.3,79,0.9,506,1.9,0.0,0.0,0.0,Winter,No Holiday,Yes
2017-12-23 05:00:00,59.0,5.0,81,1.2,425,2.0,0.0,0.0,0.0,Winter,No Holiday,Yes
2017-12-23 06:00:00,63.0,5.1,81,1.3,375,2.1,0.0,0.0,0.0,Winter,No Holiday,Yes
2017-12-23 07:00:00,99.0,5.1,82,0.7,334,2.2,0.0,0.0,0.0,Winter,No Holiday,Yes
2017-12-23 08:00:00,188.0,5.1,83,0.9,297,2.4,0.0,0.0,0.0,Winter,No Holiday,Yes
2017-12-23 09:00:00,239.0,5.2,84,0.7,226,2.7,0.03,0.0,0.0,Winter,No Holiday,Yes
2017-12-23 10:00:00,235.0,5.4,82,1.2,215,2.5,0.13,0.0,0.0,Winter,No Holiday,Yes
2017-12-23 11:00:00,282.0,5.7,81,1.1,192,2.6,0.18,0.0,0.0,Winter,No Holiday,Yes
2017-12-23 12:00:00,325.0,7.0,72,1.9,246,2.2,0.64,0.0,0.0,Winter,No Holiday,Yes
2017-12-23 13:00:00,423.0,7.7,68,1.0,249,2.1,0.58,0.0,0.0,Winter,No Holiday,Yes
2017-12-23 14:00:00,405.0,8.6,63,1.6,263,1.9,0.72,0.0,0.0,Winter,No Holiday,Yes
2017-12-23 15:00:00,443.0,8.6,64,1.5,269,2.1,0.57,0.0,0.0,Winter,No Holiday,Yes
2017-12-23 16:00:00,473.0,8.2,64,1.0,281,1.7,0.32,0.0,0.0,Winter,No Holiday,Yes
2017-12-23 17:00:00,453.0,7.7,67,0.9,264,1.9,0.11,0.0,0.0,Winter,No Holiday,Yes
2017-12-23 18:00:00,340.0,6.6,73,0.4,229,2.0,0.0,0.0,0.0,Winter,No Holiday,Yes
2017-12-23 19:00:00,260.0,6.0,76,1.1,219,2.0,0.0,0.0,0.0,Winter,No Holiday,Yes
2017-12-23 20:00:00,258.0,5.9,75,1.5,222,1.7,0.0,0.0,0.0,Winter,No Holiday,Yes
2017-12-23 21:00:00,279.0,5.6,77,0.9,212,1.8,0.0,0.0,0.0,Winter,No Holiday,Yes
2017-12-23 22:00:00,282.0,5.3,79,0.6,200,1.9,0.0,0.0,0.0,Winter,No Holiday,Yes
2017-12-23 23:00:00,237.0,5.5,80,0.6,185,2.3,0.0,0.0,0.0,Winter,No Holiday,Yes
2017-12-24 00:00:00,266.0,5.6,78,0.6,196,2.0,0.0,0.0,0.0,Winter,Holiday,Yes
2017-12-24 01:00:00,251.0,5.6,78,0.5,197,2.0,0.0,0.0,0.0,Winter,Holiday,Yes
2017-12-24 02:00:00,196.0,5.4,80,0.9,190,2.2,0.0,0.0,0.0,Winter,Holiday,Yes
2017-12-24 03:00:00,149.0,5.2,82,0.8,190,2.3,0.0,0.0,0.0,Winter,Holiday,Yes
2017-12-24 04:00:00,79.0,5.2,82,0.7,189,2.3,0.0,0.0,0.0,Winter,Holiday,Yes
2017-12-24 05:00:00,44.0,5.1,82,0.6,185,2.2,0.0,0.0,0.0,Winter,Holiday,Yes
2017-12-24 06:00:00,12.0,4.9,84,1.3,159,2.4,0.0,0.1,0.0,Winter,Holiday,Yes
2017-12-24 07:00:00,3.0,4.7,89,1.1,100,3.0,0.0,0.0,0.0,Winter,Holiday,Yes
2017-12-24 08:00:00,4.0,4.6,91,1.7,95,3.2,0.0,0.0,0.0,Winter,Holiday,Yes
2017-12-24 09:00:00,3.0,4.6,94,0.9,90,3.7,0.0,6.4,0.0,Winter,Holiday,Yes
2017-12-24 10:00:00,4.0,4.8,96,0.6,87,4.2,0.04,0.0,0.0,Winter,Holiday,Yes
2017-12-24 11:00:00,9.0,4.6,95,0.8,156,3.8,0.05,0.0,0.0,Winter,Holiday,Yes
2017-12-24 12:00:00,4.0,4.1,91,0.8,404,2.7,0.07,9.5,0.0,Winter,Holiday,Yes
2017-12-24 13:00:00,7.0,3.7,90,0.7,744,2.2,0.15,0.0,0.0,Winter,Holiday,Yes
2017-12-24 14:00:00,28.0,3.3,90,2.5,561,1.8,0.19,0.0,0.0,Winter,Holiday,Yes
2017-12-24 15:00:00,38.0,2.9,90,2.0,380,1.4,0.08,3.5,0.0,Winter,Holiday,Yes
2017-12-24 16:00:00,54.0,2.3,91,3.3,270,0.9,0.07,0.0,0.0,Winter,Holiday,Yes
2017-12-24 17:00:00,104.0,2.2,86,2.6,605,0.0,0.04,0.0,0.0,Winter,Holiday,Yes
2017-12-24 18:00:00,128.0,1.9,82,4.3,699,-0.8,0.01,0.5,0.0,Winter,Holiday,Yes
2017-12-24 19:00:00,132.0,1.1,68,4.4,695,-4.1,0.0,0.0,0.0,Winter,Holiday,Yes
2017-12-24 20:00:00,116.0,0.6,67,3.3,506,-4.8,0.0,0.0,0.0,Winter,Holiday,Yes
2017-12-24 21:00:00,145.0,0.4,69,3.5,477,-4.6,0.0,0.0,0.0,Winter,Holiday,Yes
2017-12-24 22:00:00,110.0,0.2,69,2.7,565,-4.8,0.0,0.0,0.0,Winter,Holiday,Yes
2017-12-24 23:00:00,128.0,0.0,63,3.2,884,-6.2,0.0,0.0,0.0,Winter,Holiday,Yes
2017-12-25 00:00:00,160.0,-0.6,64,2.4,1010,-6.5,0.0,0.0,0.0,Winter,Holiday,Yes
2017-12-25 01:00:00,132.0,-1.2,57,4.3,1429,-8.6,0.0,0.0,0.0,Winter,Holiday,Yes
2017-12-25 02:00:00,115.0,-1.8,53,4.1,1825,-10.1,0.0,0.0,0.0,Winter,Holiday,Yes
2017-12-25 03:00:00,100.0,-2.3,52,3.4,1947,-10.8,0.0,0.0,0.0,Winter,Holiday,Yes
2017-12-25 04:00:00,72.0,-3.0,51,3.2,2000,-11.7,0.0,0.0,0.0,Winter,Holiday,Yes
2017-12-25 05:00:00,32.0,-3.7,51,2.6,2000,-12.3,0.0,0.0,0.0,Winter,Holiday,Yes
2017-12-25 06:00:00,59.0,-4.1,50,3.0,2000,-13.0,0.0,0.0,0.0,Winter,Holiday,Yes
2017-12-25 07:00:00,61.0,-4.6,46,2.8,2000,-14.4,0.0,0.0,0.0,Winter,Holiday,Yes
2017-12-25 08:00:00,94.0,-4.9,44,3.0,2000,-15.3,0.0,0.0,0.0,Winter,Holiday,Yes
2017-12-25 09:00:00,107.0,-4.6,40,3.5,2000,-16.1,0.18,0.0,0.0,Winter,Holiday,Yes
2017-12-25 10:00:00,133.0,-3.7,35,3.7,1937,-16.9,0.57,0.0,0.0,Winter,Holiday,Yes
2017-12-25 11:00:00,179.0,-2.8,35,2.9,1984,-16.1,0.87,0.0,0.0,Winter,Holiday,Yes
2017-12-25 12:00:00,221.0,-1.6,33,2.5,1874,-15.8,1.18,0.0,0.0,Winter,Holiday,Yes
2017-12-25 13:00:00,244.0,-1.5,33,3.8,2000,-15.7,1.18,0.0,0.0,Winter,Holiday,Yes
2017-12-25 14:00:00,274.0,-0.4,31,2.0,2000,-15.5,1.1,0.0,0.0,Winter,Holiday,Yes
2017-12-25 15:00:00,319.0,0.4,28,2.5,2000,-16.0,0.9,0.0,0.0,Winter,Holiday,Yes
2017-12-25 16:00:00,272.0,0.4,27,2.0,2000,-16.4,0.58,0.0,0.0,Winter,Holiday,Yes
2017-12-25 17:00:00,260.0,-0.7,29,2.0,2000,-16.5,0.21,0.0,0.0,Winter,Holiday,Yes
2017-12-25 18:00:00,237.0,-1.6,33,2.0,2000,-15.8,0.0,0.0,0.0,Winter,Holiday,Yes
2017-12-25 19:00:00,184.0,-1.8,41,2.1,2000,-13.3,0.0,0.0,0.0,Winter,Holiday,Yes
2017-12-25 20:00:00,181.0,-2.1,49,1.7,2000,-11.4,0.0,0.0,0.0,Winter,Holiday,Yes
2017-12-25 21:00:00,185.0,-1.7,51,1.7,2000,-10.5,0.0,0.0,0.0,Winter,Holiday,Yes
2017-12-25 22:00:00,176.0,-1.3,53,1.7,2000,-9.6,0.0,0.0,0.0,Winter,Holiday,Yes
2017-12-25 23:00:00,169.0,-1.0,55,1.9,2000,-8.9,0.0,0.0,0.0,Winter,Holiday,Yes
2017-12-26 00:00:00,178.0,-1.4,58,1.0,1880,-8.6,0.0,0.0,0.0,Winter,No Holiday,Yes
2017-12-26 01:00:00,127.0,-1.5,62,1.3,2000,-7.8,0.0,0.0,0.0,Winter,No Holiday,Yes
2017-12-26 02:00:00,85.0,-2.1,69,1.0,1995,-7.0,0.0,0.0,0.0,Winter,No Holiday,Yes
2017-12-26 03:00:00,72.0,-2.6,70,1.0,1992,-7.3,0.0,0.0,0.0,Winter,No Holiday,Yes
2017-12-26 04:00:00,49.0,-2.6,72,1.4,1929,-6.9,0.0,0.0,0.0,Winter,No Holiday,Yes
2017-12-26 05:00:00,65.0,-2.9,77,0.8,1833,-6.3,0.0,0.0,0.0,Winter,No Holiday,Yes
2017-12-26 06:00:00,120.0,-2.8,73,0.7,1906,-6.9,0.0,0.0,0.0,Winter,No Holiday,Yes
2017-12-26 07:00:00,296.0,-2.9,73,1.9,1911,-7.0,0.0,0.0,0.0,Winter,No Holiday,Yes
2017-12-26 08:00:00,578.0,-2.7,68,2.2,1919,-7.7,0.0,0.0,0.0,Winter,No Holiday,Yes
2017-12-26 09:00:00,293.0,-2.8,52,2.9,1895,-11.3,0.16,0.0,0.0,Winter,No Holiday,Yes
2017-12-26 10:00:00,180.0,-2.2,36,4.1,1930,-15.2,0.53,0.0,0.0,Winter,No Holiday,Yes
2017-12-26 11:00:00,250.0,-2.1,28,4.9,1887,-18.2,0.87,0.0,0.0,Winter,No Holiday,Yes
2017-12-26 12:00:00,262.0,-1.3,23,4.0,2000,-19.8,1.09,0.0,0.0,Winter,No Holiday,Yes
2017-12-26 13:00:00,262.0,-2.0,15,4.7,1970,-25.2,1.18,0.0,0.0,Winter,No Holiday,Yes
2017-12-26 14:00:00,271.0,-1.6,20,4.3,2000,-21.6,1.11,0.0,0.0,Winter,No Holiday,Yes
2017-12-26 15:00:00,246.0,-1.9,17,5.0,2000,-23.7,0.93,0.0,0.0,Winter,No Holiday,Yes
2017-12-26 16:00:00,282.0,-1.9,17,3.3,2000,-23.7,0.61,0.0,0.0,Winter,No Holiday,Yes
2017-12-26 17:00:00,350.0,-3.6,20,3.7,2000,-23.3,0.23,0.0,0.0,Winter,No Holiday,Yes
2017-12-26 18:00:00,481.0,-4.7,23,3.4,2000,-22.7,0.01,0.0,0.0,Winter,No Holiday,Yes
2017-12-26 19:00:00,317.0,-5.4,27,3.0,2000,-21.5,0.0,0.0,0.0,Winter,No Holiday,Yes
2017-12-26 20:00:00,252.0,-6.1,32,4.7,2000,-20.1,0.0,0.0,0.0,Winter,No Holiday,Yes
2017-12-26 21:00:00,220.0,-6.6,39,3.2,2000,-18.2,0.0,0.0,0.0,Winter,No Holiday,Yes
2017-12-26 22:00:00,213.0,-7.2,38,3.1,2000,-19.1,0.0,0.0,0.0,Winter,No Holiday,Yes
2017-12-26 23:00:00,156.0,-7.5,37,3.1,2000,-19.7,0.0,0.0,0.0,Winter,No Holiday,Yes
2017-12-27 00:00:00,133.0,-7.9,37,2.2,2000,-20.0,0.0,0.0,0.0,Winter,No Holiday,Yes
2017-12-27 01:00:00,142.0,-8.2,39,1.8,2000,-19.7,0.0,0.0,0.0,Winter,No Holiday,Yes
2017-12-27 02:00:00,93.0,-8.6,37,1.5,2000,-20.7,0.0,0.0,0.0,Winter,No Holiday,Yes
2017-12-27 03:00:00,81.0,-9.1,37,1.0,2000,-21.1,0.0,0.0,0.0,Winter,No Holiday,Yes
2017-12-27 04:00:00,55.0,-9.1,33,2.3,2000,-22.4,0.0,0.0,0.0,Winter,No Holiday,Yes
2017-12-27 05:00:00,66.0,-9.4,36,1.9,2000,-21.7,0.0,0.0,0.0,Winter,No Holiday,Yes
2017-12-27 06:00:00,105.0,-9.8,37,1.7,2000,-21.7,0.0,0.0,0.0,Winter,No Holiday,Yes
2017-12-27 07:00:00,262.0,-10.1,38,2.3,2000,-21.7,0.0,0.0,0.0,Winter,No Holiday,Yes
2017-12-27 08:00:00,502.0,-10.2,35,1.8,2000,-22.7,0.0,0.0,0.0,Winter,No Holiday,Yes
2017-12-27 09:00:00,279.0,-9.8,33,2.0,1997,-23.0,0.17,0.0,0.0,Winter,No Holiday,Yes
2017-12-27 10:00:00,146.0,-8.5,29,2.4,1992,-23.4,0.56,0.0,0.0,Winter,No Holiday,Yes
2017-12-27 11:00:00,213.0,-6.8,28,2.1,1986,-22.3,0.88,0.0,0.0,Winter,No Holiday,Yes
2017-12-27 12:00:00,230.0,-5.5,21,2.1,1941,-24.4,1.08,0.0,0.0,Winter,No Holiday,Yes
2017-12-27 13:00:00,258.0,-4.7,18,3.7,2000,-25.4,1.16,0.0,0.0,Winter,No Holiday,Yes
2017-12-27 14:00:00,231.0,-4.0,18,2.4,2000,-24.8,1.09,0.0,0.0,Winter,No Holiday,Yes
2017-12-27 15:00:00,228.0,-3.1,16,2.2,2000,-25.4,0.9,0.0,0.0,Winter,No Holiday,Yes
2017-12-27 16:00:00,269.0,-3.2,23,2.7,2000,-21.4,0.57,0.0,0.0,Winter,No Holiday,Yes
2017-12-27 17:00:00,314.0,-4.2,26,2.2,2000,-20.8,0.2,0.0,0.0,Winter,No Holiday,Yes
2017-12-27 18:00:00,466.0,-5.2,32,2.2,2000,-19.3,0.0,0.0,0.0,Winter,No Holiday,Yes
2017-12-27 19:00:00,315.0,-5.5,31,2.1,2000,-19.9,0.0,0.0,0.0,Winter,No Holiday,Yes
2017-12-27 20:00:00,262.0,-5.9,34,0.9,2000,-19.2,0.0,0.0,0.0,Winter,No Holiday,Yes
2017-12-27 21:00:00,242.0,-6.4,34,1.2,2000,-19.7,0.0,0.0,0.0,Winter,No Holiday,Yes
2017-12-27 22:00:00,243.0,-6.4,36,1.3,2000,-19.0,0.0,0.0,0.0,Winter,No Holiday,Yes
2017-12-27 23:00:00,216.0,-6.3,39,0.9,2000,-18.0,0.0,0.0,0.0,Winter,No Holiday,Yes
2017-12-28 00:00:00,164.0,-6.5,41,1.7,2000,-17.6,0.0,0.0,0.0,Winter,No Holiday,Yes
2017-12-28 01:00:00,169.0,-6.6,39,1.4,2000,-18.2,0.0,0.0,0.0,Winter,No Holiday,Yes
2017-12-28 02:00:00,163.0,-6.6,34,1.8,2000,-19.8,0.0,0.0,0.0,Winter,No Holiday,Yes
2017-12-28 03:00:00,86.0,-6.0,32,2.5,2000,-20.0,0.0,0.0,0.0,Winter,No Holiday,Yes
2017-12-28 04:00:00,50.0,-5.8,32,1.6,2000,-19.8,0.0,0.0,0.0,Winter,No Holiday,Yes
2017-12-28 05:00:00,61.0,-5.7,28,1.2,2000,-21.3,0.0,0.0,0.0,Winter,No Holiday,Yes
2017-12-28 06:00:00,103.0,-5.5,24,0.5,2000,-22.9,0.0,0.0,0.0,Winter,No Holiday,Yes
2017-12-28 07:00:00,257.0,-5.0,31,0.5,2000,-19.5,0.0,0.0,0.0,Winter,No Holiday,Yes
2017-12-28 08:00:00,554.0,-4.7,30,0.6,2000,-19.6,0.0,0.0,0.0,Winter,No Holiday,Yes
2017-12-28 09:00:00,326.0,-4.3,38,0.7,1877,-16.5,0.04,0.0,0.0,Winter,No Holiday,Yes
2017-12-28 10:00:00,225.0,-3.4,33,1.3,1863,-17.4,0.33,0.0,0.0,Winter,No Holiday,Yes
2017-12-28 11:00:00,288.0,-2.1,34,1.0,1868,-15.8,0.65,0.0,0.0,Winter,No Holiday,Yes
2017-12-28 12:00:00,286.0,-0.8,38,1.0,1686,-13.3,0.75,0.0,0.0,Winter,No Holiday,Yes
2017-12-28 13:00:00,301.0,0.8,46,1.4,1598,-9.5,0.8,0.0,0.0,Winter,No Holiday,Yes
2017-12-28 14:00:00,311.0,0.8,55,1.8,1132,-7.2,0.59,0.0,0.0,Winter,No Holiday,Yes
2017-12-28 15:00:00,303.0,0.4,57,2.4,1179,-7.1,0.36,0.0,0.0,Winter,No Holiday,Yes
2017-12-28 16:00:00,390.0,0.3,57,2.3,1204,-7.2,0.19,0.0,0.0,Winter,No Holiday,Yes
2017-12-28 17:00:00,407.0,0.2,58,2.0,1159,-7.1,0.08,0.0,0.0,Winter,No Holiday,Yes
2017-12-28 18:00:00,552.0,-0.6,62,1.6,1129,-6.9,0.0,0.0,0.0,Winter,No Holiday,Yes
2017-12-28 19:00:00,402.0,-0.4,62,0.9,1103,-6.8,0.0,0.0,0.0,Winter,No Holiday,Yes
2017-12-28 20:00:00,319.0,-0.3,62,1.3,1040,-6.7,0.0,0.0,0.0,Winter,No Holiday,Yes
2017-12-28 21:00:00,332.0,-0.2,62,0.6,986,-6.6,0.0,0.0,0.0,Winter,No Holiday,Yes
2017-12-28 22:00:00,285.0,0.0,63,1.3,968,-6.2,0.0,0.0,0.0,Winter,No Holiday,Yes
2017-12-28 23:00:00,260.0,0.1,63,1.1,1003,-6.1,0.0,0.0,0.0,Winter,No Holiday,Yes
2017-12-29 00:00:00,233.0,0.2,63,0.7,925,-6.0,0.0,0.0,0.0,Winter,No Holiday,Yes
2017-12-29 01:00:00,269.0,0.3,63,0.7,760,-5.9,0.0,0.0,0.0,Winter,No Holiday,Yes
2017-12-29 02:00:00,210.0,0.5,63,1.0,691,-5.7,0.0,0.0,0.0,Winter,No Holiday,Yes
2017-12-29 03:00:00,135.0,0.6,64,0.4,731,-5.4,0.0,0.0,0.0,Winter,No Holiday,Yes
2017-12-29 04:00:00,85.0,0.6,65,0.4,712,-5.2,0.0,0.0,0.0,Winter,No Holiday,Yes
2017-12-29 05:00:00,67.0,0.7,66,0.7,687,-4.9,0.0,0.0,0.0,Winter,No Holiday,Yes
2017-12-29 06:00:00,128.0,0.8,68,0.6,673,-4.4,0.0,0.0,0.0,Winter,No Holiday,Yes
2017-12-29 07:00:00,289.0,0.9,67,0.6,658,-4.5,0.0,0.0,0.0,Winter,No Holiday,Yes
2017-12-29 08:00:00,636.0,1.0,68,0.6,624,-4.2,0.0,0.0,0.0,Winter,No Holiday,Yes
2017-12-29 09:00:00,353.0,1.2,67,0.2,591,-4.2,0.06,0.0,0.0,Winter,No Holiday,Yes
2017-12-29 10:00:00,252.0,1.9,65,0.3,562,-3.9,0.17,0.0,0.0,Winter,No Holiday,Yes
2017-12-29 11:00:00,317.0,3.1,62,1.1,517,-3.4,0.29,0.0,0.0,Winter,No Holiday,Yes
2017-12-29 12:00:00,363.0,4.3,62,1.6,472,-2.3,0.52,0.0,0.0,Winter,No Holiday,Yes
2017-12-29 13:00:00,370.0,5.2,58,2.5,435,-2.4,0.81,0.0,0.0,Winter,No Holiday,Yes
2017-12-29 14:00:00,419.0,5.7,54,3.5,418,-2.9,0.83,0.0,0.0,Winter,No Holiday,Yes
2017-12-29 15:00:00,426.0,5.7,53,2.7,408,-3.1,0.65,0.0,0.0,Winter,No Holiday,Yes
2017-12-29 16:00:00,504.0,5.4,56,2.2,396,-2.6,0.39,0.0,0.0,Winter,No Holiday,Yes
2017-12-29 17:00:00,534.0,4.5,59,1.6,384,-2.8,0.14,0.0,0.0,Winter,No Holiday,Yes
2017-12-29 18:00:00,574.0,3.6,62,1.4,389,-3.0,0.01,0.0,0.0,Winter,No Holiday,Yes
2017-12-29 19:00:00,395.0,2.7,68,1.2,348,-2.6,0.0,0.0,0.0,Winter,No Holiday,Yes
2017-12-29 20:00:00,292.0,1.7,73,0.5,332,-2.6,0.0,0.0,0.0,Winter,No Holiday,Yes
2017-12-29 21:00:00,282.0,1.0,77,1.5,297,-2.5,0.0,0.0,0.0,Winter,No Holiday,Yes
2017-12-29 22:00:00,294.0,0.8,77,1.4,293,-2.7,0.0,0.0,0.0,Winter,No Holiday,Yes
2017-12-29 23:00:00,236.0,0.3,80,0.8,264,-2.7,0.0,0.0,0.0,Winter,No Holiday,Yes
2017-12-30 00:00:00,240.0,-0.4,83,1.2,247,-2.9,0.0,0.0,0.0,Winter,No Holiday,Yes
2017-12-30 01:00:00,234.0,-0.5,83,0.7,244,-3.0,0.0,0.0,0.0,Winter,No Holiday,Yes
2017-12-30 02:00:00,192.0,-0.9,84,0.6,230,-3.2,0.0,0.0,0.0,Winter,No Holiday,Yes
2017-12-30 03:00:00,127.0,-1.1,83,0.8,237,-3.6,0.0,0.0,0.0,Winter,No Holiday,Yes
2017-12-30 04:00:00,86.0,-1.1,83,0.7,242,-3.6,0.0,0.0,0.0,Winter,No Holiday,Yes
2017-12-30 05:00:00,52.0,-1.2,81,0.8,258,-4.0,0.0,0.0,0.0,Winter,No Holiday,Yes
2017-12-30 06:00:00,62.0,-1.1,81,1.0,253,-3.9,0.0,0.0,0.0,Winter,No Holiday,Yes
2017-12-30 07:00:00,88.0,-0.7,79,0.7,259,-3.8,0.0,0.0,0.0,Winter,No Holiday,Yes
2017-12-30 08:00:00,162.0,-0.4,78,0.5,249,-3.7,0.0,0.0,0.0,Winter,No Holiday,Yes
2017-12-30 09:00:00,224.0,0.2,76,1.3,249,-3.5,0.03,0.0,0.0,Winter,No Holiday,Yes
2017-12-30 10:00:00,208.0,0.8,73,0.5,248,-3.4,0.15,0.0,0.0,Winter,No Holiday,Yes
2017-12-30 11:00:00,237.0,2.0,69,1.0,257,-3.1,0.32,0.0,0.0,Winter,No Holiday,Yes
2017-12-30 12:00:00,274.0,3.2,64,0.8,258,-2.9,0.47,0.0,0.0,Winter,No Holiday,Yes
2017-12-30 13:00:00,333.0,4.0,62,1.0,256,-2.6,0.51,0.0,0.0,Winter,No Holiday,Yes
2017-12-30 14:00:00,356.0,4.3,60,1.2,272,-2.7,0.4,0.0,0.0,Winter,No Holiday,Yes
2017-12-30 15:00:00,337.0,4.3,61,0.7,274,-2.5,0.23,0.0,0.0,Winter,No Holiday,Yes
2017-12-30 16:00:00,345.0,4.1,63,0.7,263,-2.3,0.13,0.0,0.0,Winter,No Holiday,Yes
2017-12-30 17:00:00,183.0,3.8,64,0.9,250,-2.3,0.01,0.0,0.0,Winter,No Holiday,Yes
2017-12-30 18:00:00,45.0,3.0,84,1.7,137,0.5,0.0,0.3,0.0,Winter,No Holiday,Yes
2017-12-30 19:00:00,40.0,2.3,89,0.6,96,0.6,0.0,0.0,0.0,Winter,No Holiday,Yes
2017-12-30 20:00:00,66.0,1.9,90,0.9,88,0.4,0.0,0.0,0.0,Winter,No Holiday,Yes
2017-12-30 21:00:00,64.0,1.8,92,1.1,109,0.6,0.0,0.2,0.0,Winter,No Holiday,Yes
2017-12-30 22:00:00,30.0,1.8,92,1.2,94,0.6,0.0,0.0,0.0,Winter,No Holiday,Yes
2017-12-30 23:00:00,42.0,1.4,92,1.9,73,0.2,0.0,0.0,0.0,Winter,No Holiday,Yes
2017-12-31 00:00:00,43.0,0.9,95,1.8,63,0.1,0.0,0.2,0.2,Winter,Holiday,Yes
2017-12-31 01:00:00,43.0,0.5,95,2.1,79,-0.2,0.0,0.0,0.6,Winter,Holiday,Yes
2017-12-31 02:00:00,65.0,0.4,95,1.7,110,-0.3,0.0,0.0,1.2,Winter,Holiday,Yes
2017-12-31 03:00:00,65.0,0.3,91,2.0,172,-1.0,0.0,1.0,1.2,Winter,Holiday,Yes
2017-12-31 04:00:00,32.0,-0.2,87,3.5,246,-2.1,0.0,0.0,1.2,Winter,Holiday,Yes
2017-12-31 05:00:00,22.0,-0.8,85,2.8,329,-3.0,0.0,0.0,1.2,Winter,Holiday,Yes
2017-12-31 06:00:00,25.0,-1.3,84,2.4,425,-3.6,0.0,0.0,1.2,Winter,Holiday,Yes
2017-12-31 07:00:00,39.0,-1.8,86,1.7,367,-3.8,0.0,0.0,1.2,Winter,Holiday,Yes
2017-12-31 08:00:00,84.0,-2.1,86,1.4,354,-4.1,0.0,0.0,1.2,Winter,Holiday,Yes
2017-12-31 09:00:00,103.0,-1.9,82,1.6,410,-4.5,0.15,0.0,1.2,Winter,Holiday,Yes
2017-12-31 10:00:00,110.0,-0.5,73,1.7,609,-4.7,0.53,0.0,1.1,Winter,Holiday,Yes
2017-12-31 11:00:00,142.0,0.8,62,2.8,801,-5.6,0.88,0.0,1.1,Winter,Holiday,Yes
2017-12-31 12:00:00,209.0,1.4,47,4.5,1388,-8.7,1.1,0.0,1.0,Winter,Holiday,Yes
2017-12-31 13:00:00,267.0,2.5,36,3.7,1578,-11.0,1.15,0.0,0.7,Winter,Holiday,Yes
2017-12-31 14:00:00,262.0,3.0,28,3.8,1956,-13.7,1.1,0.0,0.0,Winter,Holiday,Yes
2017-12-31 15:00:00,300.0,3.1,25,3.9,2000,-15.0,0.9,0.0,0.0,Winter,Holiday,Yes
2017-12-31 16:00:00,272.0,2.7,26,2.7,2000,-14.9,0.59,0.0,0.0,Winter,Holiday,Yes
2017-12-31 17:00:00,240.0,1.7,30,2.9,2000,-14.0,0.22,0.0,0.0,Winter,Holiday,Yes
2017-12-31 18:00:00,215.0,0.7,31,2.3,2000,-14.5,0.01,0.0,0.0,Winter,Holiday,Yes
2017-12-31 19:00:00,163.0,0.0,31,2.2,2000,-15.1,0.0,0.0,0.0,Winter,Holiday,Yes
2017-12-31 20:00:00,161.0,-1.0,32,0.9,2000,-15.6,0.0,0.0,0.0,Winter,Holiday,Yes
2017-12-31 21:00:00,179.0,-1.6,35,1.0,2000,-15.1,0.0,0.0,0.0,Winter,Holiday,Yes
2017-12-31 22:00:00,155.0,-2.1,36,1.7,2000,-15.2,0.0,0.0,0.0,Winter,Holiday,Yes
2017-12-31 23:00:00,227.0,-2.6,40,0.6,2000,-14.3,0.0,0.0,0.0,Winter,Holiday,Yes
2018-01-01 00:00:00,206.0,-3.2,40,0.5,1358,-14.9,0.0,0.0,0.0,Winter,Holiday,Yes
2018-01-01 01:00:00,230.0,-3.3,41,0.7,2000,-14.7,0.0,0.0,0.0,Winter,Holiday,Yes
2018-01-01 02:00:00,178.0,-3.7,42,0.9,2000,-14.7,0.0,0.0,0.0,Winter,Holiday,Yes
2018-01-01 03:00:00,119.0,-4.0,44,1.0,2000,-14.4,0.0,0.0,0.0,Winter,Holiday,Yes
2018-01-01 04:00:00,62.0,-4.2,53,1.1,1994,-12.3,0.0,0.0,0.0,Winter,Holiday,Yes
2018-01-01 05:00:00,61.0,-4.4,54,0.8,1786,-12.3,0.0,0.0,0.0,Winter,Holiday,Yes
2018-01-01 06:00:00,65.0,-4.5,51,1.1,2000,-13.1,0.0,0.0,0.0,Winter,Holiday,Yes
2018-01-01 07:00:00,81.0,-4.7,56,1.1,2000,-12.1,0.0,0.0,0.0,Winter,Holiday,Yes
2018-01-01 08:00:00,89.0,-5.0,55,1.0,2000,-12.6,0.0,0.0,0.0,Winter,Holiday,Yes
2018-01-01 09:00:00,121.0,-4.3,39,0.7,1973,-16.2,0.15,0.0,0.0,Winter,Holiday,Yes
2018-01-01 10:00:00,139.0,-1.6,32,0.8,1766,-16.1,0.53,0.0,0.0,Winter,Holiday,Yes
2018-01-01 11:00:00,169.0,0.1,27,2.2,1874,-16.7,0.84,0.0,0.0,Winter,Holiday,Yes
2018-01-01 12:00:00,225.0,1.5,20,2.8,1992,-19.0,1.03,0.0,0.0,Winter,Holiday,Yes
2018-01-01 13:00:00,248.0,2.4,22,2.3,1921,-17.2,1.1,0.0,0.0,Winter,Holiday,Yes
2018-01-01 14:00:00,298.0,3.7,24,2.1,1906,-15.0,1.01,0.0,0.0,Winter,Holiday,Yes
2018-01-01 15:00:00,344.0,3.0,27,2.9,1715,-14.2,0.78,0.0,0.0,Winter,Holiday,Yes
2018-01-01 16:00:00,310.0,3.0,28,2.5,1864,-13.7,0.51,0.0,0.0,Winter,Holiday,Yes
2018-01-01 17:00:00,271.0,1.8,33,3.3,1913,-12.8,0.18,0.0,0.0,Winter,Holiday,Yes
2018-01-01 18:00:00,218.0,0.8,34,1.9,1887,-13.3,0.01,0.0,0.0,Winter,Holiday,Yes
2018-01-01 19:00:00,125.0,-0.1,39,1.3,1911,-12.4,0.0,0.0,0.0,Winter,Holiday,Yes
2018-01-01 20:00:00,206.0,-0.3,40,1.2,1936,-12.2,0.0,0.0,0.0,Winter,Holiday,Yes
2018-01-01 21:00:00,203.0,-0.9,44,1.2,1871,-11.6,0.0,0.0,0.0,Winter,Holiday,Yes
2018-01-01 22:00:00,168.0,-1.3,48,0.8,1927,-10.9,0.0,0.0,0.0,Winter,Holiday,Yes
2018-01-01 23:00:00,154.0,-1.6,51,0.7,1882,-10.4,0.0,0.0,0.0,Winter,Holiday,Yes
2018-01-02 00:00:00,148.0,-1.8,54,1.1,1772,-9.8,0.0,0.0,0.0,Winter,No Holiday,Yes
2018-01-02 01:00:00,108.0,-2.1,56,0.8,1732,-9.7,0.0,0.0,0.0,Winter,No Holiday,Yes
2018-01-02 02:00:00,69.0,-2.3,62,0.9,1560,-8.6,0.0,0.0,0.0,Winter,No Holiday,Yes
2018-01-02 03:00:00,41.0,-2.5,62,0.4,1626,-8.7,0.0,0.0,0.0,Winter,No Holiday,Yes
2018-01-02 04:00:00,31.0,-2.7,67,0.5,1302,-7.9,0.0,0.0,0.0,Winter,No Holiday,Yes
2018-01-02 05:00:00,58.0,-3.1,67,0.6,1384,-8.3,0.0,0.0,0.0,Winter,No Holiday,Yes
2018-01-02 06:00:00,139.0,-3.2,67,0.4,1409,-8.4,0.0,0.0,0.0,Winter,No Holiday,Yes
2018-01-02 07:00:00,344.0,-3.2,69,0.5,1249,-8.0,0.0,0.0,0.0,Winter,No Holiday,Yes
2018-01-02 08:00:00,655.0,-3.4,71,0.8,1179,-7.9,0.0,0.0,0.0,Winter,No Holiday,Yes
2018-01-02 09:00:00,315.0,-3.1,66,0.2,1168,-8.5,0.12,0.0,0.0,Winter,No Holiday,Yes
2018-01-02 10:00:00,208.0,-1.4,50,1.9,1355,-10.5,0.38,0.0,0.0,Winter,No Holiday,Yes
2018-01-02 11:00:00,269.0,-0.4,40,2.3,1633,-12.3,0.66,0.0,0.0,Winter,No Holiday,Yes
2018-01-02 12:00:00,293.0,0.9,29,1.9,1761,-15.1,0.88,0.0,0.0,Winter,No Holiday,Yes
2018-01-02 13:00:00,273.0,1.5,23,3.6,1970,-17.4,0.95,0.0,0.0,Winter,No Holiday,Yes
2018-01-02 14:00:00,302.0,1.7,20,4.4,1995,-18.9,0.91,0.0,0.0,Winter,No Holiday,Yes
2018-01-02 15:00:00,295.0,1.5,22,3.0,1998,-17.9,0.76,0.0,0.0,Winter,No Holiday,Yes
2018-01-02 16:00:00,320.0,1.3,23,2.9,2000,-17.6,0.51,0.0,0.0,Winter,No Holiday,Yes
2018-01-02 17:00:00,373.0,0.3,27,2.6,2000,-16.5,0.18,0.0,0.0,Winter,No Holiday,Yes
2018-01-02 18:00:00,675.0,-0.8,24,2.3,2000,-18.9,0.01,0.0,0.0,Winter,No Holiday,Yes
2018-01-02 19:00:00,403.0,-1.3,28,2.4,2000,-17.5,0.0,0.0,0.0,Winter,No Holiday,Yes
2018-01-02 20:00:00,364.0,-1.9,26,2.2,2000,-18.9,0.0,0.0,0.0,Winter,No Holiday,Yes
2018-01-02 21:00:00,304.0,-2.6,28,2.0,2000,-18.6,0.0,0.0,0.0,Winter,No Holiday,Yes
2018-01-02 22:00:00,273.0,-3.4,33,2.4,2000,-17.4,0.0,0.0,0.0,Winter,No Holiday,Yes
2018-01-02 23:00:00,186.0,-3.8,35,2.3,2000,-17.0,0.0,0.0,0.0,Winter,No Holiday,Yes
2018-01-03 00:00:00,160.0,-4.3,38,1.4,2000,-16.5,0.0,0.0,0.0,Winter,No Holiday,Yes
2018-01-03 01:00:00,130.0,-5.0,42,1.2,1993,-15.9,0.0,0.0,0.0,Winter,No Holiday,Yes
2018-01-03 02:00:00,110.0,-5.5,43,2.0,2000,-16.1,0.0,0.0,0.0,Winter,No Holiday,Yes
2018-01-03 03:00:00,67.0,-6.1,45,1.3,1999,-16.1,0.0,0.0,0.0,Winter,No Holiday,Yes
2018-01-03 04:00:00,43.0,-6.1,45,2.3,2000,-16.1,0.0,0.0,0.0,Winter,No Holiday,Yes
2018-01-03 05:00:00,67.0,-6.4,47,2.4,1981,-15.8,0.0,0.0,0.0,Winter,No Holiday,Yes
2018-01-03 06:00:00,137.0,-6.7,48,2.4,1991,-15.9,0.0,0.0,0.0,Winter,No Holiday,Yes
2018-01-03 07:00:00,308.0,-6.9,48,2.4,1974,-16.0,0.0,0.0,0.0,Winter,No Holiday,Yes
2018-01-03 08:00:00,670.0,-7.0,49,1.5,1971,-15.9,0.0,0.0,0.0,Winter,No Holiday,Yes
2018-01-03 09:00:00,342.0,-6.8,44,1.7,1858,-17.0,0.16,0.0,0.0,Winter,No Holiday,Yes
2018-01-03 10:00:00,213.0,-5.6,38,2.9,1752,-17.6,0.55,0.0,0.0,Winter,No Holiday,Yes
2018-01-03 11:00:00,267.0,-4.5,36,3.2,1736,-17.3,0.77,0.0,0.0,Winter,No Holiday,Yes
2018-01-03 12:00:00,297.0,-3.4,32,3.1,1706,-17.7,1.02,0.0,0.0,Winter,No Holiday,Yes
2018-01-03 13:00:00,279.0,-2.2,31,2.3,1910,-17.0,1.13,0.0,0.0,Winter,No Holiday,Yes
2018-01-03 14:00:00,270.0,-1.5,30,2.8,1903,-16.8,1.1,0.0,0.0,Winter,No Holiday,Yes
2018-01-03 15:00:00,286.0,-1.1,29,2.8,1976,-16.9,0.96,0.0,0.0,Winter,No Holiday,Yes
2018-01-03 16:00:00,299.0,-0.4,30,2.0,2000,-15.9,0.62,0.0,0.0,Winter,No Holiday,Yes
2018-01-03 17:00:00,382.0,-1.9,35,1.8,2000,-15.3,0.25,0.0,0.0,Winter,No Holiday,Yes
2018-01-03 18:00:00,637.0,-3.1,39,2.1,2000,-15.1,0.0,0.0,0.0,Winter,No Holiday,Yes
2018-01-03 19:00:00,431.0,-3.7,41,2.0,2000,-15.0,0.0,0.0,0.0,Winter,No Holiday,Yes
2018-01-03 20:00:00,294.0,-3.9,44,2.5,2000,-14.3,0.0,0.0,0.0,Winter,No Holiday,Yes
2018-01-03 21:00:00,335.0,-4.3,47,2.8,1997,-13.9,0.0,0.0,0.0,Winter,No Holiday,Yes
2018-01-03 22:00:00,291.0,-5.2,53,1.3,1969,-13.3,0.0,0.0,0.0,Winter,No Holiday,Yes
2018-01-03 23:00:00,197.0,-5.9,54,0.8,1968,-13.7,0.0,0.0,0.0,Winter,No Holiday,Yes
2018-01-04 00:00:00,159.0,-6.3,54,1.4,1990,-14.1,0.0,0.0,0.0,Winter,No Holiday,Yes
2018-01-04 01:00:00,150.0,-6.9,56,2.3,1994,-14.2,0.0,0.0,0.0,Winter,No Holiday,Yes
2018-01-04 02:00:00,123.0,-7.3,57,2.0,1978,-14.3,0.0,0.0,0.0,Winter,No Holiday,Yes
2018-01-04 03:00:00,57.0,-7.4,54,1.7,1968,-15.1,0.0,0.0,0.0,Winter,No Holiday,Yes
2018-01-04 04:00:00,38.0,-7.5,55,1.3,1984,-15.0,0.0,0.0,0.0,Winter,No Holiday,Yes
2018-01-04 05:00:00,66.0,-7.6,49,1.3,2000,-16.4,0.0,0.0,0.0,Winter,No Holiday,Yes
2018-01-04 06:00:00,120.0,-7.6,47,2.3,2000,-16.9,0.0,0.0,0.0,Winter,No Holiday,Yes
2018-01-04 07:00:00,302.0,-8.1,51,0.5,1987,-16.4,0.0,0.0,0.0,Winter,No Holiday,Yes
2018-01-04 08:00:00,646.0,-8.6,55,0.6,1984,-16.0,0.0,0.0,0.0,Winter,No Holiday,Yes
2018-01-04 09:00:00,340.0,-7.9,48,1.2,1926,-17.0,0.14,0.0,0.0,Winter,No Holiday,Yes
2018-01-04 10:00:00,197.0,-6.4,43,1.0,1872,-16.9,0.43,0.0,0.0,Winter,No Holiday,Yes
2018-01-04 11:00:00,264.0,-4.4,40,0.8,1671,-16.0,0.69,0.0,0.0,Winter,No Holiday,Yes
2018-01-04 12:00:00,290.0,-2.9,33,0.9,1813,-16.9,0.92,0.0,0.0,Winter,No Holiday,Yes
2018-01-04 13:00:00,284.0,-2.0,32,1.0,1864,-16.5,0.91,0.0,0.0,Winter,No Holiday,Yes
2018-01-04 14:00:00,262.0,-0.8,32,1.4,1846,-15.4,0.78,0.0,0.0,Winter,No Holiday,Yes
2018-01-04 15:00:00,281.0,-1.2,31,0.8,1732,-16.2,0.47,0.0,0.0,Winter,No Holiday,Yes
2018-01-04 16:00:00,309.0,-1.4,34,1.8,1719,-15.2,0.3,0.0,0.0,Winter,No Holiday,Yes
2018-01-04 17:00:00,397.0,-2.1,37,1.4,1591,-14.8,0.09,0.0,0.0,Winter,No Holiday,Yes
2018-01-04 18:00:00,603.0,-2.6,38,1.4,1604,-14.9,0.0,0.0,0.0,Winter,No Holiday,Yes
2018-01-04 19:00:00,417.0,-2.7,39,1.4,1616,-14.7,0.0,0.0,0.0,Winter,No Holiday,Yes
2018-01-04 20:00:00,311.0,-2.8,39,1.7,1702,-14.8,0.0,0.0,0.0,Winter,No Holiday,Yes
2018-01-04 21:00:00,310.0,-3.1,41,2.0,1742,-14.5,0.0,0.0,0.0,Winter,No Holiday,Yes
2018-01-04 22:00:00,306.0,-3.6,46,1.3,1689,-13.5,0.0,0.0,0.0,Winter,No Holiday,Yes
2018-01-04 23:00:00,221.0,-4.0,48,1.5,1536,-13.4,0.0,0.0,0.0,Winter,No Holiday,Yes
2018-01-05 00:00:00,202.0,-4.7,52,1.8,1611,-13.0,0.0,0.0,0.0,Winter,No Holiday,Yes
2018-01-05 01:00:00,170.0,-5.1,51,1.5,1550,-13.6,0.0,0.0,0.0,Winter,No Holiday,Yes
2018-01-05 02:00:00,118.0,-5.3,52,1.6,1481,-13.6,0.0,0.0,0.0,Winter,No Holiday,Yes
2018-01-05 03:00:00,67.0,-5.5,56,1.1,1453,-12.9,0.0,0.0,0.0,Winter,No Holiday,Yes
2018-01-05 04:00:00,47.0,-5.1,55,1.7,1266,-12.7,0.0,0.0,0.0,Winter,No Holiday,Yes
2018-01-05 05:00:00,75.0,-5.1,55,1.5,1452,-12.7,0.0,0.0,0.0,Winter,No Holiday,Yes
2018-01-05 06:00:00,123.0,-5.1,54,1.3,1346,-12.9,0.0,0.0,0.0,Winter,No Holiday,Yes
2018-01-05 07:00:00,327.0,-5.3,53,1.1,1300,-13.4,0.0,0.0,0.0,Winter,No Holiday,Yes
2018-01-05 08:00:00,665.0,-5.3,51,1.0,1319,-13.8,0.0,0.0,0.0,Winter,No Holiday,Yes
2018-01-05 09:00:00,354.0,-4.7,49,1.2,1550,-13.8,0.12,0.0,0.0,Winter,No Holiday,Yes
2018-01-05 10:00:00,232.0,-3.3,50,1.3,1407,-12.2,0.4,0.0,0.0,Winter,No Holiday,Yes
2018-01-05 11:00:00,308.0,-0.7,45,1.5,1429,-11.1,0.76,0.0,0.0,Winter,No Holiday,Yes
2018-01-05 12:00:00,362.0,-0.3,45,2.2,1066,-10.8,1.01,0.0,0.0,Winter,No Holiday,Yes
2018-01-05 13:00:00,312.0,0.9,43,2.0,1112,-10.2,0.98,0.0,0.0,Winter,No Holiday,Yes
2018-01-05 14:00:00,343.0,1.4,41,2.0,1003,-10.4,0.99,0.0,0.0,Winter,No Holiday,Yes
2018-01-05 15:00:00,333.0,1.5,34,2.8,1776,-12.6,0.84,0.0,0.0,Winter,No Holiday,Yes
2018-01-05 16:00:00,329.0,1.0,34,2.9,2000,-13.1,0.61,0.0,0.0,Winter,No Holiday,Yes
2018-01-05 17:00:00,446.0,-0.6,45,3.3,1827,-11.0,0.24,0.0,0.0,Winter,No Holiday,Yes
2018-01-05 18:00:00,635.0,-1.8,44,2.2,1709,-12.4,0.01,0.0,0.0,Winter,No Holiday,Yes
2018-01-05 19:00:00,443.0,-2.5,49,0.6,1436,-11.7,0.0,0.0,0.0,Winter,No Holiday,Yes
2018-01-05 20:00:00,322.0,-3.4,51,1.1,1391,-12.1,0.0,0.0,0.0,Winter,No Holiday,Yes
2018-01-05 21:00:00,284.0,-3.5,53,0.9,1353,-11.7,0.0,0.0,0.0,Winter,No Holiday,Yes
2018-01-05 22:00:00,281.0,-3.8,53,1.3,1300,-12.0,0.0,0.0,0.0,Winter,No Holiday,Yes
2018-01-05 23:00:00,189.0,-3.6,50,1.9,1284,-12.5,0.0,0.0,0.0,Winter,No Holiday,Yes
2018-01-06 00:00:00,184.0,-4.3,52,1.6,1247,-12.7,0.0,0.0,0.0,Winter,No Holiday,Yes
2018-01-06 01:00:00,222.0,-4.8,54,1.2,1219,-12.7,0.0,0.0,0.0,Winter,No Holiday,Yes
2018-01-06 02:00:00,176.0,-5.5,56,1.4,1285,-12.9,0.0,0.0,0.0,Winter,No Holiday,Yes
2018-01-06 03:00:00,103.0,-5.6,56,1.0,1367,-13.0,0.0,0.0,0.0,Winter,No Holiday,Yes
2018-01-06 04:00:00,61.0,-5.9,61,1.1,1260,-12.2,0.0,0.0,0.0,Winter,No Holiday,Yes
2018-01-06 05:00:00,48.0,-6.1,64,1.0,1231,-11.8,0.0,0.0,0.0,Winter,No Holiday,Yes
2018-01-06 06:00:00,69.0,-6.5,67,0.7,1175,-11.6,0.0,0.0,0.0,Winter,No Holiday,Yes
2018-01-06 07:00:00,105.0,-6.6,65,1.0,1320,-12.0,0.0,0.0,0.0,Winter,No Holiday,Yes
2018-01-06 08:00:00,186.0,-6.5,62,1.1,1503,-12.5,0.0,0.0,0.0,Winter,No Holiday,Yes
2018-01-06 09:00:00,221.0,-5.8,49,1.4,1728,-14.8,0.16,0.0,0.0,Winter,No Holiday,Yes
2018-01-06 10:00:00,204.0,-3.5,39,2.0,1946,-15.4,0.54,0.0,0.0,Winter,No Holiday,Yes
2018-01-06 11:00:00,245.0,-1.6,35,2.1,1812,-15.1,0.87,0.0,0.0,Winter,No Holiday,Yes
2018-01-06 12:00:00,283.0,0.0,35,2.3,1672,-13.6,1.07,0.0,0.0,Winter,No Holiday,Yes
2018-01-06 13:00:00,356.0,0.9,28,2.4,1895,-15.6,1.18,0.0,0.0,Winter,No Holiday,Yes
2018-01-06 14:00:00,370.0,1.8,29,2.0,1693,-14.3,1.14,0.0,0.0,Winter,No Holiday,Yes
2018-01-06 15:00:00,373.0,2.3,27,2.2,1877,-14.8,0.92,0.0,0.0,Winter,No Holiday,Yes
2018-01-06 16:00:00,352.0,2.7,27,2.2,1811,-14.4,0.64,0.0,0.0,Winter,No Holiday,Yes
2018-01-06 17:00:00,354.0,1.1,31,1.7,1989,-14.1,0.26,0.0,0.0,Winter,No Holiday,Yes
2018-01-06 18:00:00,271.0,-0.6,37,1.6,1797,-13.5,0.01,0.0,0.0,Winter,No Holiday,Yes
2018-01-06 19:00:00,207.0,-1.2,37,1.2,1663,-14.0,0.0,0.0,0.0,Winter,No Holiday,Yes
2018-01-06 20:00:00,189.0,-2.1,41,1.1,1578,-13.6,0.0,0.0,0.0,Winter,No Holiday,Yes
2018-01-06 21:00:00,214.0,-2.5,47,0.8,1495,-12.2,0.0,0.0,0.0,Winter,No Holiday,Yes
2018-01-06 22:00:00,218.0,-2.6,47,1.6,1492,-12.3,0.0,0.0,0.0,Winter,No Holiday,Yes
2018-01-06 23:00:00,169.0,-3.2,50,0.8,1429,-12.1,0.0,0.0,0.0,Winter,No Holiday,Yes
2018-01-07 00:00:00,192.0,-3.8,48,0.7,1574,-13.2,0.0,0.0,0.0,Winter,No Holiday,Yes
2018-01-07 01:00:00,162.0,-3.9,51,0.2,1535,-12.5,0.0,0.0,0.0,Winter,No Holiday,Yes
2018-01-07 02:00:00,128.0,-4.4,53,0.3,1594,-12.5,0.0,0.0,0.0,Winter,No Holiday,Yes
2018-01-07 03:00:00,102.0,-4.8,56,0.6,1505,-12.2,0.0,0.0,0.0,Winter,No Holiday,Yes
2018-01-07 04:00:00,62.0,-5.1,60,0.7,1377,-11.6,0.0,0.0,0.0,Winter,No Holiday,Yes
2018-01-07 05:00:00,40.0,-5.6,58,0.7,1350,-12.5,0.0,0.0,0.0,Winter,No Holiday,Yes
2018-01-07 06:00:00,38.0,-5.5,52,0.7,1503,-13.8,0.0,0.0,0.0,Winter,No Holiday,Yes
2018-01-07 07:00:00,60.0,-5.6,58,0.9,1368,-12.5,0.0,0.0,0.0,Winter,No Holiday,Yes
2018-01-07 08:00:00,122.0,-5.3,53,1.1,1411,-13.4,0.0,0.0,0.0,Winter,No Holiday,Yes
2018-01-07 09:00:00,143.0,-3.8,49,1.6,1371,-12.9,0.18,0.0,0.0,Winter,No Holiday,Yes
2018-01-07 10:00:00,179.0,-1.8,40,1.8,1555,-13.6,0.48,0.0,0.0,Winter,No Holiday,Yes
2018-01-07 11:00:00,214.0,0.5,35,1.4,1558,-13.2,0.75,0.0,0.0,Winter,No Holiday,Yes
2018-01-07 12:00:00,278.0,1.1,34,0.9,1455,-13.0,0.6,0.0,0.0,Winter,No Holiday,Yes
2018-01-07 13:00:00,265.0,1.4,34,0.8,1394,-12.7,0.5,0.0,0.0,Winter,No Holiday,Yes
2018-01-07 14:00:00,331.0,1.9,32,0.7,1368,-13.0,0.41,0.0,0.0,Winter,No Holiday,Yes
2018-01-07 15:00:00,368.0,2.7,31,0.9,1603,-12.7,0.43,0.0,0.0,Winter,No Holiday,Yes
2018-01-07 16:00:00,333.0,2.6,32,1.0,1381,-12.4,0.27,0.0,0.0,Winter,No Holiday,Yes
2018-01-07 17:00:00,349.0,2.3,33,0.2,1515,-12.3,0.13,0.0,0.0,Winter,No Holiday,Yes
2018-01-07 18:00:00,270.0,1.8,34,1.2,1518,-12.4,0.0,0.0,0.0,Winter,No Holiday,Yes
2018-01-07 19:00:00,246.0,1.6,35,1.0,1419,-12.2,0.0,0.0,0.0,Winter,No Holiday,Yes
2018-01-07 20:00:00,233.0,1.3,38,0.4,1386,-11.4,0.0,0.0,0.0,Winter,No Holiday,Yes
2018-01-07 21:00:00,236.0,1.2,39,0.6,1378,-11.2,0.0,0.0,0.0,Winter,No Holiday,Yes
2018-01-07 22:00:00,214.0,1.1,40,0.5,1305,-11.0,0.0,0.0,0.0,Winter,No Holiday,Yes
2018-01-07 23:00:00,149.0,1.1,39,0.6,1422,-11.3,0.0,0.0,0.0,Winter,No Holiday,Yes
2018-01-08 00:00:00,149.0,0.9,42,1.1,1271,-10.5,0.0,0.0,0.0,Winter,No Holiday,Yes
2018-01-08 01:00:00,109.0,0.9,42,0.2,1333,-10.5,0.0,0.0,0.0,Winter,No Holiday,Yes
2018-01-08 02:00:00,77.0,0.8,42,0.5,1275,-10.6,0.0,0.0,0.0,Winter,No Holiday,Yes
2018-01-08 03:00:00,53.0,0.9,43,0.4,1261,-10.2,0.0,0.0,0.0,Winter,No Holiday,Yes
2018-01-08 04:00:00,46.0,1.0,43,0.8,1253,-10.2,0.0,0.0,0.0,Winter,No Holiday,Yes
2018-01-08 05:00:00,67.0,0.8,42,1.0,1394,-10.6,0.0,0.0,0.0,Winter,No Holiday,Yes
2018-01-08 06:00:00,159.0,0.8,45,0.7,1268,-9.8,0.0,0.0,0.0,Winter,No Holiday,Yes
2018-01-08 07:00:00,374.0,0.7,44,0.8,1357,-10.1,0.0,0.0,0.0,Winter,No Holiday,Yes
2018-01-08 08:00:00,701.0,0.7,45,0.7,1339,-9.9,0.0,0.0,0.0,Winter,No Holiday,Yes
2018-01-08 09:00:00,387.0,0.8,47,0.9,1070,-9.2,0.05,0.0,0.0,Winter,No Holiday,Yes
2018-01-08 10:00:00,253.0,1.3,43,0.8,971,-9.9,0.16,0.0,0.0,Winter,No Holiday,Yes
2018-01-08 11:00:00,278.0,1.7,37,0.6,1062,-11.4,0.23,0.0,0.0,Winter,No Holiday,Yes
2018-01-08 12:00:00,356.0,2.7,33,2.7,1281,-12.0,0.6,0.0,0.0,Winter,No Holiday,Yes
2018-01-08 13:00:00,303.0,3.0,32,1.6,1518,-12.1,0.38,0.0,0.0,Winter,No Holiday,Yes
2018-01-08 14:00:00,349.0,3.4,31,1.4,1267,-12.1,0.36,0.0,0.0,Winter,No Holiday,Yes
2018-01-08 15:00:00,318.0,3.9,33,1.8,1293,-10.9,0.39,0.0,0.0,Winter,No Holiday,Yes
2018-01-08 16:00:00,353.0,3.5,36,1.7,1702,-10.2,0.16,0.0,0.0,Winter,No Holiday,Yes
2018-01-08 17:00:00,385.0,2.7,50,2.8,1957,-6.7,0.06,0.0,0.0,Winter,No Holiday,Yes
2018-01-08 18:00:00,316.0,1.5,70,2.5,638,-3.3,0.0,0.0,0.0,Winter,No Holiday,Yes
2018-01-08 19:00:00,127.0,0.9,88,1.6,290,-0.8,0.0,0.0,0.5,Winter,No Holiday,Yes
2018-01-08 20:00:00,144.0,1.0,89,1.9,407,-0.6,0.0,0.0,1.0,Winter,No Holiday,Yes
2018-01-08 21:00:00,146.0,0.7,77,6.7,692,-2.8,0.0,0.9,1.0,Winter,No Holiday,Yes
2018-01-08 22:00:00,149.0,0.1,68,4.6,740,-5.1,0.0,0.0,1.0,Winter,No Holiday,Yes
2018-01-08 23:00:00,112.0,-0.6,62,4.2,936,-6.9,0.0,0.0,1.0,Winter,No Holiday,Yes
2018-01-09 00:00:00,100.0,-1.2,67,4.6,983,-6.5,0.0,0.0,1.0,Winter,No Holiday,Yes
2018-01-09 01:00:00,107.0,-1.9,69,5.0,791,-6.8,0.0,0.0,1.0,Winter,No Holiday,Yes
2018-01-09 02:00:00,75.0,-2.9,66,3.3,1515,-8.3,0.0,0.0,1.0,Winter,No Holiday,Yes
2018-01-09 03:00:00,52.0,-3.4,67,3.2,1420,-8.6,0.0,0.0,0.9,Winter,No Holiday,Yes
2018-01-09 04:00:00,38.0,-4.3,59,4.4,1451,-11.1,0.0,0.0,0.9,Winter,No Holiday,Yes
2018-01-09 05:00:00,52.0,-5.1,48,3.2,1821,-14.4,0.0,0.0,0.9,Winter,No Holiday,Yes
2018-01-09 06:00:00,126.0,-5.6,52,3.7,1785,-13.9,0.0,0.0,0.9,Winter,No Holiday,Yes
2018-01-09 07:00:00,245.0,-5.9,57,3.1,1686,-13.0,0.0,0.0,0.8,Winter,No Holiday,Yes
2018-01-09 08:00:00,554.0,-6.0,64,3.2,1384,-11.7,0.0,0.0,0.7,Winter,No Holiday,Yes
2018-01-09 09:00:00,320.0,-6.0,61,2.5,1547,-12.3,0.13,0.0,0.6,Winter,No Holiday,Yes
2018-01-09 10:00:00,190.0,-4.8,57,3.0,1559,-12.0,0.47,0.0,0.5,Winter,No Holiday,Yes
2018-01-09 11:00:00,247.0,-3.9,51,4.5,1746,-12.5,0.73,0.0,0.5,Winter,No Holiday,Yes
2018-01-09 12:00:00,262.0,-2.7,45,2.4,1707,-13.0,1.05,0.0,0.4,Winter,No Holiday,Yes
2018-01-09 13:00:00,265.0,-2.6,45,4.0,1663,-12.9,1.11,0.0,0.3,Winter,No Holiday,Yes
2018-01-09 14:00:00,265.0,-1.8,45,3.7,1922,-12.1,1.06,0.0,0.2,Winter,No Holiday,Yes
2018-01-09 15:00:00,257.0,-2.4,51,4.6,1458,-11.1,0.46,0.0,0.0,Winter,No Holiday,Yes
2018-01-09 16:00:00,262.0,-2.4,56,3.3,1541,-9.9,0.35,0.0,0.0,Winter,No Holiday,Yes
2018-01-09 17:00:00,332.0,-2.9,66,3.6,743,-8.3,0.23,0.0,0.0,Winter,No Holiday,Yes
2018-01-09 18:00:00,558.0,-3.8,58,1.7,1996,-10.8,0.01,0.0,0.0,Winter,No Holiday,Yes
2018-01-09 19:00:00,364.0,-4.5,57,0.6,2000,-11.7,0.0,0.0,0.0,Winter,No Holiday,Yes
2018-01-09 20:00:00,302.0,-4.9,59,0.6,1992,-11.6,0.0,0.0,0.0,Winter,No Holiday,Yes
2018-01-09 21:00:00,281.0,-4.8,59,0.9,2000,-11.6,0.0,0.0,0.0,Winter,No Holiday,Yes
2018-01-09 22:00:00,166.0,-4.2,67,1.6,503,-9.4,0.0,0.0,0.0,Winter,No Holiday,Yes
2018-01-09 23:00:00,80.0,-4.9,80,0.7,690,-7.8,0.0,0.0,0.2,Winter,No Holiday,Yes
2018-01-10 00:00:00,61.0,-5.2,82,0.8,152,-7.7,0.0,0.5,0.5,Winter,No Holiday,Yes
2018-01-10 01:00:00,78.0,-5.6,75,1.7,1982,-9.3,0.0,0.0,0.8,Winter,No Holiday,Yes
2018-01-10 02:00:00,63.0,-5.7,72,1.2,1925,-9.9,0.0,0.0,0.8,Winter,No Holiday,Yes
2018-01-10 03:00:00,40.0,-6.1,70,1.1,2000,-10.6,0.0,0.3,0.8,Winter,No Holiday,Yes
2018-01-10 04:00:00,31.0,-6.6,72,2.2,2000,-10.8,0.0,0.0,0.8,Winter,No Holiday,Yes
2018-01-10 05:00:00,39.0,-7.3,75,1.6,2000,-10.9,0.0,0.0,0.8,Winter,No Holiday,Yes
2018-01-10 06:00:00,84.0,-7.7,74,1.1,2000,-11.5,0.0,0.0,0.8,Winter,No Holiday,Yes
2018-01-10 07:00:00,158.0,-8.0,70,1.8,2000,-12.5,0.0,0.0,0.7,Winter,No Holiday,Yes
2018-01-10 08:00:00,387.0,-7.9,67,2.6,1896,-12.9,0.0,0.0,0.7,Winter,No Holiday,Yes
2018-01-10 09:00:00,225.0,-7.7,62,3.6,1637,-13.7,0.13,0.0,0.7,Winter,No Holiday,Yes
2018-01-10 10:00:00,150.0,-6.9,53,3.2,1576,-14.8,0.52,0.0,0.6,Winter,No Holiday,Yes
2018-01-10 11:00:00,168.0,-6.4,49,4.5,1759,-15.3,0.86,0.0,0.5,Winter,No Holiday,Yes
2018-01-10 12:00:00,217.0,-5.6,44,4.5,1830,-15.9,1.1,0.0,0.5,Winter,No Holiday,Yes
2018-01-10 13:00:00,207.0,-5.1,43,4.7,1901,-15.7,1.18,0.0,0.4,Winter,No Holiday,Yes
2018-01-10 14:00:00,177.0,-5.3,37,5.3,2000,-17.7,1.05,0.0,0.3,Winter,No Holiday,Yes
2018-01-10 15:00:00,193.0,-5.3,33,4.8,2000,-19.0,0.99,0.0,0.3,Winter,No Holiday,Yes
2018-01-10 16:00:00,196.0,-5.4,30,3.9,2000,-20.2,0.69,0.0,0.2,Winter,No Holiday,Yes
2018-01-10 17:00:00,266.0,-6.5,34,4.0,2000,-19.8,0.31,0.0,0.0,Winter,No Holiday,Yes
2018-01-10 18:00:00,437.0,-7.8,32,4.5,2000,-21.6,0.02,0.0,0.0,Winter,No Holiday,Yes
2018-01-10 19:00:00,259.0,-8.5,35,2.9,2000,-21.2,0.0,0.0,0.0,Winter,No Holiday,Yes
2018-01-10 20:00:00,207.0,-8.9,41,2.3,2000,-19.7,0.0,0.0,0.0,Winter,No Holiday,Yes
2018-01-10 21:00:00,214.0,-9.4,47,2.0,2000,-18.6,0.0,0.0,0.0,Winter,No Holiday,Yes
2018-01-10 22:00:00,165.0,-9.7,51,2.8,2000,-17.9,0.0,0.0,0.0,Winter,No Holiday,Yes
2018-01-10 23:00:00,139.0,-10.2,53,3.3,1997,-17.9,0.0,0.0,0.0,Winter,No Holiday,Yes
2018-01-11 00:00:00,98.0,-10.3,54,2.4,1988,-17.8,0.0,0.0,0.0,Winter,No Holiday,Yes
2018-01-11 01:00:00,100.0,-10.6,55,2.9,1987,-17.9,0.0,0.0,0.0,Winter,No Holiday,Yes
2018-01-11 02:00:00,89.0,-10.9,57,2.7,1900,-17.7,0.0,0.0,0.0,Winter,No Holiday,Yes
2018-01-11 03:00:00,38.0,-11.2,59,2.9,1872,-17.6,0.0,0.0,0.0,Winter,No Holiday,Yes
2018-01-11 04:00:00,33.0,-11.5,57,2.3,1899,-18.3,0.0,0.0,0.0,Winter,No Holiday,Yes
2018-01-11 05:00:00,42.0,-11.9,61,1.8,1759,-17.9,0.0,0.0,0.0,Winter,No Holiday,Yes
2018-01-11 06:00:00,82.0,-12.0,61,2.3,1709,-18.0,0.0,0.0,0.0,Winter,No Holiday,Yes
2018-01-11 07:00:00,203.0,-12.3,59,2.3,1738,-18.6,0.0,0.0,0.0,Winter,No Holiday,Yes
2018-01-11 08:00:00,443.0,-12.6,61,1.6,1610,-18.5,0.0,0.0,0.0,Winter,No Holiday,Yes
2018-01-11 09:00:00,227.0,-12.0,53,2.6,1781,-19.6,0.16,0.0,0.0,Winter,No Holiday,Yes
2018-01-11 10:00:00,152.0,-11.1,46,3.7,1638,-20.4,0.48,0.0,0.0,Winter,No Holiday,Yes
2018-01-11 11:00:00,146.0,-10.2,41,3.5,1629,-20.9,0.84,0.0,0.0,Winter,No Holiday,Yes
2018-01-11 12:00:00,187.0,-8.6,40,2.6,1700,-19.8,1.11,0.0,0.0,Winter,No Holiday,Yes
2018-01-11 13:00:00,178.0,-8.6,41,3.4,1593,-19.5,1.2,0.0,0.0,Winter,No Holiday,Yes
2018-01-11 14:00:00,187.0,-7.4,38,3.3,1718,-19.3,1.15,0.0,0.0,Winter,No Holiday,Yes
2018-01-11 15:00:00,181.0,-8.3,42,3.8,1745,-18.9,0.93,0.0,0.0,Winter,No Holiday,Yes
2018-01-11 16:00:00,179.0,-8.2,39,2.8,1807,-19.7,0.63,0.0,0.0,Winter,No Holiday,Yes
2018-01-11 17:00:00,219.0,-9.3,43,2.8,1900,-19.6,0.28,0.0,0.0,Winter,No Holiday,Yes
2018-01-11 18:00:00,352.0,-10.4,43,2.3,1985,-20.6,0.02,0.0,0.0,Winter,No Holiday,Yes
2018-01-11 19:00:00,251.0,-10.9,44,3.0,2000,-20.7,0.0,0.0,0.0,Winter,No Holiday,Yes
2018-01-11 20:00:00,177.0,-11.6,49,1.8,1953,-20.1,0.0,0.0,0.0,Winter,No Holiday,Yes
2018-01-11 21:00:00,162.0,-12.4,51,2.2,1992,-20.4,0.0,0.0,0.0,Winter,No Holiday,Yes
2018-01-11 22:00:00,172.0,-12.9,52,2.8,2000,-20.7,0.0,0.0,0.0,Winter,No Holiday,Yes
2018-01-11 23:00:00,119.0,-13.2,51,1.5,1972,-21.2,0.0,0.0,0.0,Winter,No Holiday,Yes
2018-01-12 00:00:00,105.0,-13.6,49,1.6,2000,-22.0,0.0,0.0,0.0,Winter,No Holiday,Yes
2018-01-12 01:00:00,99.0,-13.7,47,3.0,2000,-22.6,0.0,0.0,0.0,Winter,No Holiday,Yes
2018-01-12 02:00:00,83.0,-13.8,43,2.6,2000,-23.7,0.0,0.0,0.0,Winter,No Holiday,Yes
2018-01-12 03:00:00,42.0,-14.1,45,1.8,2000,-23.4,0.0,0.0,0.0,Winter,No Holiday,Yes
2018-01-12 04:00:00,30.0,-14.3,45,2.0,2000,-23.6,0.0,0.0,0.0,Winter,No Holiday,Yes
2018-01-12 05:00:00,35.0,-14.6,45,1.1,2000,-23.9,0.0,0.0,0.0,Winter,No Holiday,Yes
2018-01-12 06:00:00,92.0,-14.9,45,2.3,2000,-24.2,0.0,0.0,0.0,Winter,No Holiday,Yes
2018-01-12 07:00:00,189.0,-15.1,45,0.9,2000,-24.4,0.0,0.0,0.0,Winter,No Holiday,Yes
2018-01-12 08:00:00,419.0,-15.1,44,1.2,2000,-24.6,0.0,0.0,0.0,Winter,No Holiday,Yes
2018-01-12 09:00:00,196.0,-14.9,40,1.2,1999,-25.5,0.16,0.0,0.0,Winter,No Holiday,Yes
2018-01-12 10:00:00,119.0,-13.0,37,2.2,1960,-24.6,0.59,0.0,0.0,Winter,No Holiday,Yes
2018-01-12 11:00:00,140.0,-11.2,31,2.4,1944,-25.0,0.94,0.0,0.0,Winter,No Holiday,Yes
2018-01-12 12:00:00,178.0,-9.6,27,2.0,1945,-25.1,1.17,0.0,0.0,Winter,No Holiday,Yes
2018-01-12 13:00:00,177.0,-8.2,29,2.0,1920,-23.1,1.19,0.0,0.0,Winter,No Holiday,Yes
2018-01-12 14:00:00,173.0,-7.2,28,2.3,1990,-22.6,1.14,0.0,0.0,Winter,No Holiday,Yes
2018-01-12 15:00:00,177.0,-6.5,26,2.4,1987,-22.8,0.96,0.0,0.0,Winter,No Holiday,Yes
2018-01-12 16:00:00,196.0,-5.8,21,1.1,2000,-24.6,0.66,0.0,0.0,Winter,No Holiday,Yes
2018-01-12 17:00:00,259.0,-6.5,22,1.5,2000,-24.7,0.28,0.0,0.0,Winter,No Holiday,Yes
2018-01-12 18:00:00,405.0,-7.5,28,2.0,2000,-22.9,0.02,0.0,0.0,Winter,No Holiday,Yes
2018-01-12 19:00:00,273.0,-8.2,32,1.1,2000,-22.0,0.0,0.0,0.0,Winter,No Holiday,Yes
2018-01-12 20:00:00,210.0,-7.9,31,1.4,2000,-22.1,0.0,0.0,0.0,Winter,No Holiday,Yes
2018-01-12 21:00:00,184.0,-7.4,33,1.4,2000,-20.9,0.0,0.0,0.0,Winter,No Holiday,Yes
2018-01-12 22:00:00,186.0,-6.9,39,1.6,2000,-18.5,0.0,0.0,0.0,Winter,No Holiday,Yes
2018-01-12 23:00:00,144.0,-6.7,36,1.3,1821,-19.3,0.0,0.0,0.0,Winter,No Holiday,Yes
2018-01-13 00:00:00,152.0,-6.6,39,1.6,1930,-18.2,0.0,0.0,0.0,Winter,No Holiday,Yes
2018-01-13 01:00:00,168.0,-6.5,45,0.5,1964,-16.4,0.0,0.0,0.0,Winter,No Holiday,Yes
2018-01-13 02:00:00,145.0,-6.4,40,0.9,2000,-17.8,0.0,0.0,0.0,Winter,No Holiday,Yes
2018-01-13 03:00:00,77.0,-6.5,42,0.7,1996,-17.3,0.0,0.0,0.0,Winter,No Holiday,Yes
2018-01-13 04:00:00,47.0,-6.4,46,0.8,1993,-16.1,0.0,0.0,0.0,Winter,No Holiday,Yes
2018-01-13 05:00:00,40.0,-6.3,51,0.8,2000,-14.8,0.0,0.0,0.0,Winter,No Holiday,Yes
2018-01-13 06:00:00,42.0,-6.4,59,0.6,887,-13.1,0.0,0.0,0.0,Winter,No Holiday,Yes
2018-01-13 07:00:00,43.0,-6.5,68,0.6,571,-11.4,0.0,0.0,0.0,Winter,No Holiday,Yes
2018-01-13 08:00:00,67.0,-6.5,72,0.8,670,-10.7,0.0,0.0,0.2,Winter,No Holiday,Yes
2018-01-13 09:00:00,102.0,-6.3,76,0.6,330,-9.8,0.05,0.2,0.4,Winter,No Holiday,Yes
2018-01-13 10:00:00,106.0,-5.5,72,0.7,1354,-9.7,0.29,0.0,0.6,Winter,No Holiday,Yes
2018-01-13 11:00:00,133.0,-4.8,70,1.0,1244,-9.4,0.21,0.0,0.6,Winter,No Holiday,Yes
2018-01-13 12:00:00,174.0,-3.7,66,1.1,1140,-9.1,0.45,0.2,0.4,Winter,No Holiday,Yes
2018-01-13 13:00:00,212.0,-2.5,62,1.4,1087,-8.7,0.66,0.0,0.0,Winter,No Holiday,Yes
2018-01-13 14:00:00,215.0,-1.8,62,0.7,936,-8.1,0.55,0.0,0.0,Winter,No Holiday,Yes
2018-01-13 15:00:00,251.0,-1.5,62,0.9,957,-7.8,0.28,0.0,0.0,Winter,No Holiday,Yes
2018-01-13 16:00:00,249.0,-1.2,63,0.9,876,-7.3,0.19,0.0,0.0,Winter,No Holiday,Yes
2018-01-13 17:00:00,277.0,-1.4,68,1.0,761,-6.5,0.11,0.0,0.0,Winter,No Holiday,Yes
2018-01-13 18:00:00,223.0,-2.6,73,1.0,684,-6.7,0.01,0.0,0.0,Winter,No Holiday,Yes
2018-01-13 19:00:00,167.0,-3.3,76,0.8,633,-6.9,0.0,0.0,0.0,Winter,No Holiday,Yes
2018-01-13 20:00:00,158.0,-3.9,78,1.1,596,-7.1,0.0,0.0,0.0,Winter,No Holiday,Yes
2018-01-13 21:00:00,156.0,-4.1,79,0.7,522,-7.2,0.0,0.0,0.0,Winter,No Holiday,Yes
2018-01-13 22:00:00,168.0,-4.3,81,0.4,435,-7.0,0.0,0.0,0.0,Winter,No Holiday,Yes
2018-01-13 23:00:00,131.0,-4.4,81,0.7,420,-7.1,0.0,0.0,0.0,Winter,No Holiday,Yes
2018-01-14 00:00:00,149.0,-4.4,81,0.7,414,-7.1,0.0,0.0,0.0,Winter,No Holiday,Yes
2018-01-14 01:00:00,150.0,-3.7,79,0.9,438,-6.8,0.0,0.0,0.0,Winter,No Holiday,Yes
2018-01-14 02:00:00,111.0,-3.5,78,1.0,444,-6.7,0.0,0.0,0.0,Winter,No Holiday,Yes
2018-01-14 03:00:00,79.0,-3.6,78,1.6,471,-6.8,0.0,0.0,0.0,Winter,No Holiday,Yes
2018-01-14 04:00:00,48.0,-4.0,79,1.2,453,-7.1,0.0,0.0,0.0,Winter,No Holiday,Yes
2018-01-14 05:00:00,29.0,-4.2,79,1.2,442,-7.3,0.0,0.0,0.0,Winter,No Holiday,Yes
2018-01-14 06:00:00,49.0,-4.3,79,1.1,433,-7.4,0.0,0.0,0.0,Winter,No Holiday,Yes
2018-01-14 07:00:00,59.0,-4.4,80,1.4,411,-7.3,0.0,0.0,0.0,Winter,No Holiday,Yes
2018-01-14 08:00:00,81.0,-3.8,79,0.8,412,-6.9,0.0,0.0,0.0,Winter,No Holiday,Yes
2018-01-14 09:00:00,118.0,-3.4,77,1.6,432,-6.8,0.12,0.0,0.0,Winter,No Holiday,Yes
2018-01-14 10:00:00,134.0,-2.1,72,1.7,489,-6.4,0.34,0.0,0.0,Winter,No Holiday,Yes
2018-01-14 11:00:00,174.0,-0.5,64,0.7,537,-6.4,0.49,0.0,0.0,Winter,No Holiday,Yes
2018-01-14 12:00:00,226.0,1.2,58,0.8,550,-6.1,0.74,0.0,0.0,Winter,No Holiday,Yes
2018-01-14 13:00:00,272.0,3.0,52,1.4,568,-5.9,0.9,0.0,0.0,Winter,No Holiday,Yes
2018-01-14 14:00:00,304.0,3.7,53,0.6,592,-5.0,0.74,0.0,0.0,Winter,No Holiday,Yes
2018-01-14 15:00:00,353.0,4.6,50,0.9,824,-4.9,0.62,0.0,0.0,Winter,No Holiday,Yes
2018-01-14 16:00:00,366.0,5.3,49,1.8,982,-4.5,0.43,0.0,0.0,Winter,No Holiday,Yes
2018-01-14 17:00:00,302.0,4.5,51,1.1,1244,-4.7,0.17,0.0,0.0,Winter,No Holiday,Yes
2018-01-14 18:00:00,250.0,4.1,53,1.3,1132,-4.6,0.0,0.0,0.0,Winter,No Holiday,Yes
2018-01-14 19:00:00,208.0,3.9,54,1.1,1102,-4.5,0.0,0.0,0.0,Winter,No Holiday,Yes
2018-01-14 20:00:00,210.0,3.5,55,1.0,1100,-4.7,0.0,0.0,0.0,Winter,No Holiday,Yes
2018-01-14 21:00:00,213.0,3.1,58,0.4,936,-4.3,0.0,0.0,0.0,Winter,No Holiday,Yes
2018-01-14 22:00:00,196.0,2.8,60,0.6,829,-4.2,0.0,0.0,0.0,Winter,No Holiday,Yes
2018-01-14 23:00:00,144.0,2.7,60,0.6,794,-4.3,0.0,0.0,0.0,Winter,No Holiday,Yes
2018-01-15 00:00:00,171.0,3.0,60,0.5,842,-4.0,0.0,0.0,0.0,Winter,No Holiday,Yes
2018-01-15 01:00:00,122.0,3.0,62,0.9,835,-3.5,0.0,0.0,0.0,Winter,No Holiday,Yes
2018-01-15 02:00:00,74.0,3.6,65,0.9,959,-2.3,0.0,0.0,0.0,Winter,No Holiday,Yes
2018-01-15 03:00:00,58.0,4.4,70,1.7,928,-0.6,0.0,0.0,0.0,Winter,No Holiday,Yes
2018-01-15 04:00:00,38.0,4.9,73,1.8,881,0.4,0.0,0.0,0.0,Winter,No Holiday,Yes
2018-01-15 05:00:00,55.0,5.0,76,1.9,808,1.1,0.0,0.0,0.0,Winter,No Holiday,Yes
2018-01-15 06:00:00,82.0,4.9,83,3.0,582,2.2,0.0,0.0,0.0,Winter,No Holiday,Yes
2018-01-15 07:00:00,209.0,4.4,87,1.0,357,2.4,0.0,0.0,0.0,Winter,No Holiday,Yes
2018-01-15 08:00:00,444.0,4.1,85,1.1,470,1.7,0.0,0.0,0.0,Winter,No Holiday,Yes
2018-01-15 09:00:00,303.0,3.9,86,1.7,399,1.7,0.11,0.2,0.0,Winter,No Holiday,Yes
2018-01-15 10:00:00,212.0,4.2,82,2.2,560,1.3,0.22,0.0,0.0,Winter,No Holiday,Yes
2018-01-15 11:00:00,254.0,4.7,75,2.3,533,0.6,0.54,0.0,0.0,Winter,No Holiday,Yes
2018-01-15 12:00:00,311.0,6.2,64,1.9,549,-0.1,0.79,0.0,0.0,Winter,No Holiday,Yes
2018-01-15 13:00:00,309.0,6.1,61,2.3,534,-0.8,0.91,0.0,0.0,Winter,No Holiday,Yes
2018-01-15 14:00:00,306.0,7.1,52,2.1,646,-2.1,0.76,0.0,0.0,Winter,No Holiday,Yes
2018-01-15 15:00:00,349.0,7.4,38,1.7,817,-6.0,0.63,0.0,0.0,Winter,No Holiday,Yes
2018-01-15 16:00:00,365.0,7.5,37,0.9,813,-6.2,0.48,0.0,0.0,Winter,No Holiday,Yes
2018-01-15 17:00:00,455.0,6.5,40,0.8,804,-6.1,0.23,0.0,0.0,Winter,No Holiday,Yes
2018-01-15 18:00:00,555.0,5.2,44,1.3,647,-6.0,0.0,0.0,0.0,Winter,No Holiday,Yes
2018-01-15 19:00:00,444.0,4.4,53,1.2,538,-4.3,0.0,0.0,0.0,Winter,No Holiday,Yes
2018-01-15 20:00:00,321.0,3.7,58,1.3,474,-3.8,0.0,0.0,0.0,Winter,No Holiday,Yes
2018-01-15 21:00:00,334.0,3.4,59,0.8,471,-3.8,0.0,0.0,0.0,Winter,No Holiday,Yes
2018-01-15 22:00:00,333.0,3.0,61,1.6,460,-3.8,0.0,0.0,0.0,Winter,No Holiday,Yes
2018-01-15 23:00:00,230.0,2.4,63,0.6,443,-3.9,0.0,0.0,0.0,Winter,No Holiday,Yes
2018-01-16 00:00:00,212.0,1.8,67,1.2,387,-3.6,0.0,0.0,0.0,Winter,No Holiday,Yes
2018-01-16 01:00:00,207.0,1.2,64,0.7,455,-4.8,0.0,0.0,0.0,Winter,No Holiday,Yes
2018-01-16 02:00:00,141.0,0.5,72,0.7,385,-3.9,0.0,0.0,0.0,Winter,No Holiday,Yes
2018-01-16 03:00:00,81.0,0.3,70,0.6,438,-4.5,0.0,0.0,0.0,Winter,No Holiday,Yes
2018-01-16 04:00:00,51.0,0.8,65,0.7,502,-5.0,0.0,0.0,0.0,Winter,No Holiday,Yes
2018-01-16 05:00:00,58.0,1.1,64,0.5,505,-4.9,0.0,0.0,0.0,Winter,No Holiday,Yes
2018-01-16 06:00:00,140.0,1.2,69,0.6,436,-3.8,0.0,0.0,0.0,Winter,No Holiday,Yes
2018-01-16 07:00:00,318.0,1.1,69,0.6,418,-3.9,0.0,0.0,0.0,Winter,No Holiday,Yes
2018-01-16 08:00:00,650.0,1.2,68,0.6,411,-4.0,0.0,0.0,0.0,Winter,No Holiday,Yes
2018-01-16 09:00:00,376.0,1.9,65,0.8,402,-3.9,0.06,0.0,0.0,Winter,No Holiday,Yes
2018-01-16 10:00:00,221.0,2.7,60,0.5,392,-4.3,0.18,0.0,0.0,Winter,No Holiday,Yes
2018-01-16 11:00:00,256.0,3.9,57,0.8,363,-3.8,0.28,0.0,0.0,Winter,No Holiday,Yes
2018-01-16 12:00:00,276.0,5.2,52,1.2,349,-3.8,0.45,0.0,0.0,Winter,No Holiday,Yes
2018-01-16 13:00:00,296.0,5.8,47,0.8,382,-4.6,0.53,0.0,0.0,Winter,No Holiday,Yes
2018-01-16 14:00:00,276.0,6.5,43,0.8,468,-5.2,0.52,0.0,0.0,Winter,No Holiday,Yes
2018-01-16 15:00:00,250.0,6.3,40,0.3,498,-6.3,0.19,0.0,0.0,Winter,No Holiday,Yes
2018-01-16 16:00:00,277.0,5.8,50,0.9,547,-3.8,0.11,0.0,0.0,Winter,No Holiday,Yes
2018-01-16 17:00:00,381.0,5.2,58,0.8,462,-2.4,0.08,0.0,0.0,Winter,No Holiday,Yes
2018-01-16 18:00:00,592.0,4.9,59,1.4,427,-2.4,0.0,0.0,0.0,Winter,No Holiday,Yes
2018-01-16 19:00:00,409.0,4.6,57,1.0,432,-3.2,0.0,0.0,0.0,Winter,No Holiday,Yes
2018-01-16 20:00:00,332.0,4.5,58,0.8,383,-3.0,0.0,0.0,0.0,Winter,No Holiday,Yes
2018-01-16 21:00:00,342.0,4.3,56,0.7,434,-3.7,0.0,0.0,0.0,Winter,No Holiday,Yes
2018-01-16 22:00:00,321.0,4.0,57,0.3,430,-3.7,0.0,0.0,0.0,Winter,No Holiday,Yes
2018-01-16 23:00:00,242.0,3.9,60,0.9,379,-3.1,0.0,0.0,0.0,Winter,No Holiday,Yes
2018-01-17 00:00:00,204.0,3.5,62,0.4,382,-3.1,0.0,0.0,0.0,Winter,No Holiday,Yes
2018-01-17 01:00:00,183.0,3.3,64,0.4,339,-2.8,0.0,0.0,0.0,Winter,No Holiday,Yes
2018-01-17 02:00:00,140.0,3.1,65,0.8,310,-2.8,0.0,0.0,0.0,Winter,No Holiday,Yes
2018-01-17 03:00:00,75.0,3.0,67,0.8,297,-2.5,0.0,0.0,0.0,Winter,No Holiday,Yes
2018-01-17 04:00:00,55.0,3.0,68,0.5,322,-2.3,0.0,0.0,0.0,Winter,No Holiday,Yes
2018-01-17 05:00:00,72.0,2.9,66,0.8,325,-2.8,0.0,0.0,0.0,Winter,No Holiday,Yes
2018-01-17 06:00:00,115.0,2.7,71,1.1,270,-2.0,0.0,0.0,0.0,Winter,No Holiday,Yes
2018-01-17 07:00:00,272.0,2.5,71,0.9,289,-2.2,0.0,0.0,0.0,Winter,No Holiday,Yes
2018-01-17 08:00:00,537.0,2.6,70,0.6,296,-2.3,0.0,0.0,0.0,Winter,No Holiday,Yes
2018-01-17 09:00:00,337.0,3.0,66,0.7,306,-2.7,0.12,0.0,0.0,Winter,No Holiday,Yes
2018-01-17 10:00:00,212.0,4.3,58,0.5,401,-3.2,0.23,0.0,0.0,Winter,No Holiday,Yes
2018-01-17 11:00:00,270.0,6.0,51,1.0,436,-3.3,0.55,0.0,0.0,Winter,No Holiday,Yes
2018-01-17 12:00:00,310.0,8.1,51,1.4,367,-1.4,0.75,0.0,0.0,Winter,No Holiday,Yes
2018-01-17 13:00:00,273.0,8.0,54,1.8,435,-0.7,0.57,0.0,0.0,Winter,No Holiday,Yes
2018-01-17 14:00:00,258.0,7.7,54,2.6,313,-1.0,0.58,0.0,0.0,Winter,No Holiday,Yes
2018-01-17 15:00:00,278.0,8.5,49,1.3,400,-1.6,0.73,0.0,0.0,Winter,No Holiday,Yes
2018-01-17 16:00:00,314.0,8.3,54,1.2,330,-0.4,0.44,0.0,0.0,Winter,No Holiday,Yes
2018-01-17 17:00:00,380.0,7.2,57,3.3,342,-0.7,0.19,0.0,0.0,Winter,No Holiday,Yes
2018-01-17 18:00:00,501.0,5.2,62,2.9,503,-1.5,0.01,0.0,0.0,Winter,No Holiday,Yes
2018-01-17 19:00:00,360.0,4.2,68,2.4,446,-1.1,0.0,0.0,0.0,Winter,No Holiday,Yes
2018-01-17 20:00:00,286.0,3.5,72,1.7,361,-1.0,0.0,0.0,0.0,Winter,No Holiday,Yes
2018-01-17 21:00:00,320.0,3.1,74,1.1,333,-1.0,0.0,0.0,0.0,Winter,No Holiday,Yes
2018-01-17 22:00:00,313.0,2.8,74,0.5,309,-1.3,0.0,0.0,0.0,Winter,No Holiday,Yes
2018-01-17 23:00:00,227.0,2.7,74,0.8,291,-1.4,0.0,0.0,0.0,Winter,No Holiday,Yes
2018-01-18 00:00:00,215.0,2.7,73,1.0,290,-1.6,0.0,0.0,0.0,Winter,No Holiday,Yes
2018-01-18 01:00:00,190.0,3.2,72,1.9,306,-1.3,0.0,0.0,0.0,Winter,No Holiday,Yes
2018-01-18 02:00:00,137.0,3.3,73,1.2,288,-1.0,0.0,0.0,0.0,Winter,No Holiday,Yes
2018-01-18 03:00:00,95.0,3.6,74,1.7,273,-0.6,0.0,0.0,0.0,Winter,No Holiday,Yes
2018-01-18 04:00:00,50.0,3.3,80,2.1,232,0.1,0.0,0.0,0.0,Winter,No Holiday,Yes
2018-01-18 05:00:00,68.0,2.6,82,2.0,229,-0.1,0.0,0.0,0.0,Winter,No Holiday,Yes
2018-01-18 06:00:00,107.0,2.2,82,2.0,211,-0.5,0.0,0.0,0.0,Winter,No Holiday,Yes
2018-01-18 07:00:00,279.0,1.5,86,1.1,189,-0.5,0.0,0.0,0.0,Winter,No Holiday,Yes
2018-01-18 08:00:00,537.0,1.1,86,1.2,197,-0.9,0.0,0.0,0.0,Winter,No Holiday,Yes
2018-01-18 09:00:00,305.0,1.2,84,2.1,210,-1.2,0.07,0.0,0.0,Winter,No Holiday,Yes
2018-01-18 10:00:00,188.0,1.4,81,2.1,255,-1.5,0.21,0.0,0.0,Winter,No Holiday,Yes
2018-01-18 11:00:00,261.0,1.8,75,1.8,301,-2.1,0.35,0.0,0.0,Winter,No Holiday,Yes
2018-01-18 12:00:00,267.0,2.5,72,2.4,256,-2.0,0.0,0.0,0.0,Winter,No Holiday,Yes
2018-01-18 13:00:00,307.0,3.5,54,3.2,463,-4.9,0.68,0.0,0.0,Winter,No Holiday,Yes
2018-01-18 14:00:00,301.0,4.4,42,2.3,719,-7.4,0.72,0.0,0.0,Winter,No Holiday,Yes
2018-01-18 15:00:00,269.0,4.2,36,2.3,957,-9.5,0.57,0.0,0.0,Winter,No Holiday,Yes
2018-01-18 16:00:00,328.0,3.6,42,2.4,883,-8.1,0.29,0.0,0.0,Winter,No Holiday,Yes
2018-01-18 17:00:00,416.0,2.8,46,2.1,858,-7.6,0.14,0.0,0.0,Winter,No Holiday,Yes
2018-01-18 18:00:00,506.0,2.0,39,2.1,1259,-10.5,0.01,0.0,0.0,Winter,No Holiday,Yes
2018-01-18 19:00:00,365.0,1.5,41,1.0,1210,-10.3,0.0,0.0,0.0,Winter,No Holiday,Yes
2018-01-18 20:00:00,303.0,1.1,44,1.2,1171,-9.8,0.0,0.0,0.0,Winter,No Holiday,Yes
2018-01-18 21:00:00,339.0,0.8,45,1.5,1184,-9.8,0.0,0.0,0.0,Winter,No Holiday,Yes
2018-01-18 22:00:00,318.0,0.7,45,2.0,1084,-9.9,0.0,0.0,0.0,Winter,No Holiday,Yes
2018-01-18 23:00:00,232.0,0.6,47,2.3,1046,-9.4,0.0,0.0,0.0,Winter,No Holiday,Yes
2018-01-19 00:00:00,211.0,0.3,45,1.8,1154,-10.2,0.0,0.0,0.0,Winter,No Holiday,Yes
2018-01-19 01:00:00,207.0,0.0,43,1.7,1250,-11.1,0.0,0.0,0.0,Winter,No Holiday,Yes
2018-01-19 02:00:00,140.0,-0.3,44,1.7,1295,-11.1,0.0,0.0,0.0,Winter,No Holiday,Yes
2018-01-19 03:00:00,93.0,-0.6,43,1.7,1316,-11.6,0.0,0.0,0.0,Winter,No Holiday,Yes
2018-01-19 04:00:00,58.0,-0.7,45,1.4,1241,-11.1,0.0,0.0,0.0,Winter,No Holiday,Yes
2018-01-19 05:00:00,61.0,-1.4,47,1.4,1301,-11.2,0.0,0.0,0.0,Winter,No Holiday,Yes
2018-01-19 06:00:00,151.0,-1.8,49,1.4,1359,-11.1,0.0,0.0,0.0,Winter,No Holiday,Yes
2018-01-19 07:00:00,334.0,-2.0,49,1.9,1281,-11.3,0.0,0.0,0.0,Winter,No Holiday,Yes
2018-01-19 08:00:00,648.0,-2.5,50,1.0,1281,-11.5,0.0,0.0,0.0,Winter,No Holiday,Yes
2018-01-19 09:00:00,387.0,-2.1,42,1.3,1519,-13.3,0.17,0.0,0.0,Winter,No Holiday,Yes
2018-01-19 10:00:00,255.0,0.0,29,1.3,1592,-15.9,0.52,0.0,0.0,Winter,No Holiday,Yes
2018-01-19 11:00:00,283.0,2.2,20,0.6,1794,-18.5,0.83,0.0,0.0,Winter,No Holiday,Yes
2018-01-19 12:00:00,341.0,4.3,28,1.5,1858,-12.6,0.98,0.0,0.0,Winter,No Holiday,Yes
2018-01-19 13:00:00,341.0,4.7,26,2.6,1370,-13.2,1.11,0.0,0.0,Winter,No Holiday,Yes
2018-01-19 14:00:00,349.0,4.7,24,3.6,1552,-14.2,1.08,0.0,0.0,Winter,No Holiday,Yes
2018-01-19 15:00:00,381.0,5.4,25,2.4,1686,-13.1,0.9,0.0,0.0,Winter,No Holiday,Yes
2018-01-19 16:00:00,390.0,4.9,27,2.8,1648,-12.5,0.65,0.0,0.0,Winter,No Holiday,Yes
2018-01-19 17:00:00,468.0,4.1,34,3.1,1810,-10.3,0.28,0.0,0.0,Winter,No Holiday,Yes
2018-01-19 18:00:00,702.0,2.9,45,1.6,1629,-7.8,0.04,0.0,0.0,Winter,No Holiday,Yes
2018-01-19 19:00:00,471.0,2.0,48,1.8,1519,-7.8,0.0,0.0,0.0,Winter,No Holiday,Yes
2018-01-19 20:00:00,342.0,1.2,51,0.6,1544,-7.8,0.0,0.0,0.0,Winter,No Holiday,Yes
2018-01-19 21:00:00,331.0,0.5,52,0.8,1595,-8.2,0.0,0.0,0.0,Winter,No Holiday,Yes
2018-01-19 22:00:00,292.0,0.0,56,0.8,1544,-7.7,0.0,0.0,0.0,Winter,No Holiday,Yes
2018-01-19 23:00:00,236.0,-0.5,59,0.9,1487,-7.5,0.0,0.0,0.0,Winter,No Holiday,Yes
2018-01-20 00:00:00,228.0,-0.6,60,0.6,1433,-7.4,0.0,0.0,0.0,Winter,No Holiday,Yes
2018-01-20 01:00:00,258.0,-0.9,64,0.4,1273,-6.8,0.0,0.0,0.0,Winter,No Holiday,Yes
2018-01-20 02:00:00,216.0,-0.9,65,0.6,1369,-6.6,0.0,0.0,0.0,Winter,No Holiday,Yes
2018-01-20 03:00:00,118.0,-0.9,65,0.2,1359,-6.6,0.0,0.0,0.0,Winter,No Holiday,Yes
2018-01-20 04:00:00,89.0,-0.7,65,0.6,1226,-6.4,0.0,0.0,0.0,Winter,No Holiday,Yes
2018-01-20 05:00:00,56.0,-0.3,62,0.6,862,-6.7,0.0,0.0,0.0,Winter,No Holiday,Yes
2018-01-20 06:00:00,50.0,-0.1,60,0.4,1080,-6.9,0.0,0.0,0.0,Winter,No Holiday,Yes
2018-01-20 07:00:00,101.0,0.2,60,0.3,1145,-6.6,0.0,0.0,0.0,Winter,No Holiday,Yes
2018-01-20 08:00:00,191.0,0.3,63,0.4,1140,-5.9,0.0,0.0,0.0,Winter,No Holiday,Yes
2018-01-20 09:00:00,234.0,0.9,63,0.9,1090,-5.3,0.07,0.0,0.0,Winter,No Holiday,Yes
2018-01-20 10:00:00,259.0,2.1,60,1.2,1005,-4.8,0.3,0.0,0.0,Winter,No Holiday,Yes
2018-01-20 11:00:00,285.0,3.7,59,1.8,978,-3.5,0.51,0.0,0.0,Winter,No Holiday,Yes
2018-01-20 12:00:00,325.0,5.3,55,2.6,904,-3.0,0.85,0.0,0.0,Winter,No Holiday,Yes
2018-01-20 13:00:00,356.0,6.3,55,3.0,792,-2.0,0.85,0.0,0.0,Winter,No Holiday,Yes
2018-01-20 14:00:00,334.0,5.9,61,3.2,623,-1.0,0.52,0.0,0.0,Winter,No Holiday,Yes
2018-01-20 15:00:00,406.0,6.3,55,3.0,355,-2.0,0.68,0.0,0.0,Winter,No Holiday,Yes
2018-01-20 16:00:00,352.0,6.6,42,3.0,355,-5.4,0.48,0.0,0.0,Winter,No Holiday,Yes
2018-01-20 17:00:00,377.0,5.7,53,1.8,276,-3.1,0.22,0.0,0.0,Winter,No Holiday,Yes
2018-01-20 18:00:00,283.0,4.6,55,3.2,232,-3.6,0.03,0.0,0.0,Winter,No Holiday,Yes
2018-01-20 19:00:00,223.0,3.5,66,1.7,187,-2.2,0.0,0.0,0.0,Winter,No Holiday,Yes
2018-01-20 20:00:00,219.0,2.9,66,1.2,173,-2.8,0.0,0.0,0.0,Winter,No Holiday,Yes
2018-01-20 21:00:00,220.0,2.1,48,2.8,346,-7.7,0.0,0.0,0.0,Winter,No Holiday,Yes
2018-01-20 22:00:00,232.0,1.5,48,2.4,422,-8.3,0.0,0.0,0.0,Winter,No Holiday,Yes
2018-01-20 23:00:00,164.0,0.8,53,1.7,382,-7.7,0.0,0.0,0.0,Winter,No Holiday,Yes
2018-01-21 00:00:00,196.0,-0.3,60,1.9,340,-7.1,0.0,0.0,0.0,Winter,No Holiday,Yes
2018-01-21 01:00:00,177.0,-0.8,58,0.4,400,-8.0,0.0,0.0,0.0,Winter,No Holiday,Yes
2018-01-21 02:00:00,107.0,-1.5,63,1.0,380,-7.6,0.0,0.0,0.0,Winter,No Holiday,Yes
2018-01-21 03:00:00,107.0,-2.0,60,0.5,474,-8.7,0.0,0.0,0.0,Winter,No Holiday,Yes
2018-01-21 04:00:00,73.0,-2.3,47,0.7,984,-12.1,0.0,0.0,0.0,Winter,No Holiday,Yes
2018-01-21 05:00:00,32.0,-2.6,49,1.1,1065,-11.8,0.0,0.0,0.0,Winter,No Holiday,Yes
2018-01-21 06:00:00,36.0,-3.1,54,1.4,1037,-11.1,0.0,0.0,0.0,Winter,No Holiday,Yes
2018-01-21 07:00:00,61.0,-3.2,54,1.2,1113,-11.2,0.0,0.0,0.0,Winter,No Holiday,Yes
2018-01-21 08:00:00,115.0,-3.6,53,0.5,1227,-11.8,0.0,0.0,0.0,Winter,No Holiday,Yes
2018-01-21 09:00:00,152.0,-3.2,46,0.8,1091,-13.2,0.15,0.0,0.0,Winter,No Holiday,Yes
2018-01-21 10:00:00,189.0,-1.3,37,0.8,1070,-14.1,0.47,0.0,0.0,Winter,No Holiday,Yes
2018-01-21 11:00:00,216.0,1.9,25,1.0,1493,-16.1,0.78,0.0,0.0,Winter,No Holiday,Yes
2018-01-21 12:00:00,271.0,3.9,30,1.6,1085,-12.1,0.91,0.0,0.0,Winter,No Holiday,Yes
2018-01-21 13:00:00,343.0,4.9,22,2.0,1446,-15.0,1.0,0.0,0.0,Winter,No Holiday,Yes
2018-01-21 14:00:00,340.0,5.4,18,1.2,1923,-17.0,0.96,0.0,0.0,Winter,No Holiday,Yes
2018-01-21 15:00:00,389.0,5.4,20,2.2,1890,-15.8,0.8,0.0,0.0,Winter,No Holiday,Yes
2018-01-21 16:00:00,396.0,4.7,17,2.1,2000,-18.3,0.55,0.0,0.0,Winter,No Holiday,Yes
2018-01-21 17:00:00,383.0,3.8,20,1.3,2000,-17.1,0.24,0.0,0.0,Winter,No Holiday,Yes
2018-01-21 18:00:00,295.0,2.5,24,2.0,2000,-16.0,0.02,0.0,0.0,Winter,No Holiday,Yes
2018-01-21 19:00:00,223.0,1.3,25,1.3,2000,-16.6,0.0,0.0,0.0,Winter,No Holiday,Yes
2018-01-21 20:00:00,258.0,0.3,27,0.4,2000,-16.5,0.0,0.0,0.0,Winter,No Holiday,Yes
2018-01-21 21:00:00,237.0,-0.1,29,0.5,2000,-16.0,0.0,0.0,0.0,Winter,No Holiday,Yes
2018-01-21 22:00:00,207.0,-0.3,32,0.7,2000,-15.0,0.0,0.0,0.0,Winter,No Holiday,Yes
2018-01-21 23:00:00,170.0,-0.4,32,0.6,2000,-15.1,0.0,0.0,0.0,Winter,No Holiday,Yes
2018-01-22 00:00:00,171.0,-0.2,30,0.4,2000,-15.7,0.0,0.0,0.0,Winter,No Holiday,Yes
2018-01-22 01:00:00,97.0,-0.2,32,0.7,2000,-14.9,0.0,0.0,0.0,Winter,No Holiday,Yes
2018-01-22 02:00:00,73.0,-0.2,33,1.4,2000,-14.5,0.0,0.0,0.0,Winter,No Holiday,Yes
2018-01-22 03:00:00,53.0,-0.3,31,0.3,2000,-15.4,0.0,0.0,0.0,Winter,No Holiday,Yes
2018-01-22 04:00:00,31.0,0.0,32,0.4,2000,-14.7,0.0,0.0,0.0,Winter,No Holiday,Yes
2018-01-22 05:00:00,60.0,0.0,32,0.7,2000,-14.7,0.0,0.0,0.0,Winter,No Holiday,Yes
2018-01-22 06:00:00,165.0,0.0,33,0.4,2000,-14.3,0.0,0.0,0.0,Winter,No Holiday,Yes
2018-01-22 07:00:00,316.0,-0.4,34,1.0,1989,-14.3,0.0,0.0,0.0,Winter,No Holiday,Yes
2018-01-22 08:00:00,683.0,-0.7,32,0.5,1991,-15.3,0.0,0.0,0.0,Winter,No Holiday,Yes
2018-01-22 09:00:00,365.0,0.1,33,0.8,1901,-14.3,0.06,0.0,0.0,Winter,No Holiday,Yes
2018-01-22 10:00:00,221.0,1.1,31,0.7,1898,-14.1,0.25,0.0,0.0,Winter,No Holiday,Yes
2018-01-22 11:00:00,277.0,2.4,27,0.9,1796,-14.7,0.47,0.0,0.0,Winter,No Holiday,Yes
2018-01-22 12:00:00,323.0,3.9,28,0.9,1383,-12.9,0.6,0.0,0.0,Winter,No Holiday,Yes
2018-01-22 13:00:00,281.0,3.9,33,0.6,1249,-10.9,0.19,0.0,0.0,Winter,No Holiday,Yes
2018-01-22 14:00:00,249.0,3.3,73,0.4,744,-1.0,0.11,0.0,0.0,Winter,No Holiday,Yes
2018-01-22 15:00:00,63.0,3.6,69,1.8,655,-1.5,0.17,0.0,0.0,Winter,No Holiday,Yes
2018-01-22 16:00:00,18.0,2.0,87,1.9,140,0.0,0.03,0.0,0.0,Winter,No Holiday,Yes
2018-01-22 17:00:00,43.0,1.3,93,1.2,81,0.2,0.03,0.0,0.2,Winter,No Holiday,Yes
2018-01-22 18:00:00,170.0,1.1,96,3.0,187,0.5,0.0,3.3,1.0,Winter,No Holiday,Yes
2018-01-22 19:00:00,167.0,-0.1,88,3.2,582,-1.8,0.0,0.0,1.0,Winter,No Holiday,Yes
2018-01-22 20:00:00,181.0,-0.8,85,2.9,836,-3.0,0.0,0.0,1.0,Winter,No Holiday,Yes
2018-01-22 21:00:00,187.0,-1.8,85,2.9,590,-3.9,0.0,0.0,1.0,Winter,No Holiday,Yes
2018-01-22 22:00:00,170.0,-3.2,81,3.9,492,-6.0,0.0,0.0,1.0,Winter,No Holiday,Yes
2018-01-22 23:00:00,139.0,-4.2,79,2.9,554,-7.3,0.0,0.0,1.0,Winter,No Holiday,Yes
2018-01-23 00:00:00,96.0,-5.3,77,3.8,894,-8.7,0.0,0.0,1.0,Winter,No Holiday,Yes
2018-01-23 01:00:00,120.0,-6.0,76,3.1,1178,-9.5,0.0,0.0,1.0,Winter,No Holiday,Yes
2018-01-23 02:00:00,75.0,-7.5,65,3.9,2000,-12.9,0.0,0.0,1.0,Winter,No Holiday,Yes
2018-01-23 03:00:00,55.0,-8.6,68,3.3,2000,-13.4,0.0,0.0,1.0,Winter,No Holiday,Yes
2018-01-23 04:00:00,45.0,-9.5,49,4.3,2000,-18.2,0.0,0.0,1.0,Winter,No Holiday,Yes
2018-01-23 05:00:00,44.0,-10.5,46,3.0,2000,-19.9,0.0,0.0,1.0,Winter,No Holiday,Yes
2018-01-23 06:00:00,84.0,-11.5,47,3.2,2000,-20.5,0.0,0.0,1.0,Winter,No Holiday,Yes
2018-01-23 07:00:00,211.0,-12.5,41,4.5,2000,-23.0,0.0,0.0,1.0,Winter,No Holiday,Yes
2018-01-23 08:00:00,423.0,-13.0,41,4.0,2000,-23.5,0.0,0.0,1.0,Winter,No Holiday,Yes
2018-01-23 09:00:00,228.0,-13.3,36,3.5,2000,-25.2,0.19,0.0,1.0,Winter,No Holiday,Yes
2018-01-23 10:00:00,132.0,-12.1,34,3.5,1968,-24.8,0.62,0.0,1.0,Winter,No Holiday,Yes
2018-01-23 11:00:00,184.0,-11.7,27,4.0,1935,-26.9,0.94,0.0,1.0,Winter,No Holiday,Yes
2018-01-23 12:00:00,180.0,-11.3,27,3.7,1955,-26.6,1.18,0.0,1.0,Winter,No Holiday,Yes
2018-01-23 13:00:00,189.0,-11.0,27,4.0,1959,-26.3,1.26,0.0,1.0,Winter,No Holiday,Yes
2018-01-23 14:00:00,169.0,-10.4,30,4.3,2000,-24.6,1.22,0.0,1.0,Winter,No Holiday,Yes
2018-01-23 15:00:00,181.0,-9.7,32,3.6,2000,-23.3,1.04,0.0,1.0,Winter,No Holiday,Yes
2018-01-23 16:00:00,181.0,-10.1,34,4.3,2000,-23.0,0.74,0.0,1.0,Winter,No Holiday,Yes
2018-01-23 17:00:00,239.0,-10.6,38,3.5,2000,-22.2,0.38,0.0,0.9,Winter,No Holiday,Yes
2018-01-23 18:00:00,351.0,-11.5,43,2.4,2000,-21.6,0.05,0.0,0.9,Winter,No Holiday,Yes
2018-01-23 19:00:00,248.0,-12.0,47,3.2,2000,-21.0,0.0,0.0,0.9,Winter,No Holiday,Yes
2018-01-23 20:00:00,178.0,-12.5,52,3.0,2000,-20.3,0.0,0.0,0.9,Winter,No Holiday,Yes
2018-01-23 21:00:00,145.0,-13.2,49,4.1,2000,-21.6,0.0,0.0,0.9,Winter,No Holiday,Yes
2018-01-23 22:00:00,117.0,-13.9,45,4.0,2000,-23.2,0.0,0.0,0.9,Winter,No Holiday,Yes
2018-01-23 23:00:00,106.0,-14.3,38,4.0,2000,-25.5,0.0,0.0,0.9,Winter,No Holiday,Yes
2018-01-24 00:00:00,90.0,-14.6,34,3.9,2000,-27.0,0.0,0.0,0.9,Winter,No Holiday,Yes
2018-01-24 01:00:00,89.0,-15.0,31,2.5,2000,-28.3,0.0,0.0,0.9,Winter,No Holiday,Yes
2018-01-24 02:00:00,50.0,-15.2,32,3.1,2000,-28.2,0.0,0.0,0.9,Winter,No Holiday,Yes
2018-01-24 03:00:00,32.0,-15.2,30,3.4,2000,-28.9,0.0,0.0,0.9,Winter,No Holiday,Yes
2018-01-24 04:00:00,24.0,-15.4,30,2.5,2000,-29.1,0.0,0.0,0.9,Winter,No Holiday,Yes
2018-01-24 05:00:00,34.0,-15.6,29,3.7,2000,-29.6,0.0,0.0,0.9,Winter,No Holiday,Yes
2018-01-24 06:00:00,71.0,-15.7,29,2.5,2000,-29.7,0.0,0.0,0.9,Winter,No Holiday,Yes
2018-01-24 07:00:00,164.0,-15.9,30,3.0,2000,-29.5,0.0,0.0,0.9,Winter,No Holiday,Yes
2018-01-24 08:00:00,364.0,-16.2,30,1.6,2000,-29.8,0.0,0.0,0.9,Winter,No Holiday,Yes
2018-01-24 09:00:00,192.0,-15.8,27,3.4,2000,-30.5,0.2,0.0,0.9,Winter,No Holiday,Yes
2018-01-24 10:00:00,90.0,-14.5,24,4.6,1902,-30.6,0.61,0.0,0.9,Winter,No Holiday,Yes
2018-01-24 11:00:00,124.0,-13.1,25,3.8,1964,-29.0,0.96,0.0,0.9,Winter,No Holiday,Yes
2018-01-24 12:00:00,121.0,-12.2,26,4.0,2000,-27.8,1.17,0.0,0.9,Winter,No Holiday,Yes
2018-01-24 13:00:00,140.0,-12.0,25,6.0,1887,-28.0,1.27,0.0,0.9,Winter,No Holiday,Yes
2018-01-24 14:00:00,125.0,-11.1,26,3.8,1980,-26.8,1.25,0.0,0.8,Winter,No Holiday,Yes
2018-01-24 15:00:00,149.0,-10.8,29,3.8,2000,-25.4,1.06,0.0,0.7,Winter,No Holiday,Yes
2018-01-24 16:00:00,124.0,-11.2,30,4.7,2000,-25.3,0.77,0.0,0.7,Winter,No Holiday,Yes
2018-01-24 17:00:00,203.0,-11.8,26,3.5,2000,-27.4,0.39,0.0,0.7,Winter,No Holiday,Yes
2018-01-24 18:00:00,297.0,-13.0,29,3.4,2000,-27.3,0.05,0.0,0.7,Winter,No Holiday,Yes
2018-01-24 19:00:00,211.0,-13.8,32,2.2,2000,-26.9,0.0,0.0,0.7,Winter,No Holiday,Yes
2018-01-24 20:00:00,125.0,-14.3,37,1.3,2000,-25.8,0.0,0.0,0.7,Winter,No Holiday,Yes
2018-01-24 21:00:00,132.0,-14.7,40,3.2,1933,-25.3,0.0,0.0,0.7,Winter,No Holiday,Yes
2018-01-24 22:00:00,121.0,-15.2,45,4.0,2000,-24.4,0.0,0.0,0.7,Winter,No Holiday,Yes
2018-01-24 23:00:00,82.0,-15.7,43,3.6,2000,-25.4,0.0,0.0,0.7,Winter,No Holiday,Yes
2018-01-25 00:00:00,78.0,-15.9,43,3.8,2000,-25.6,0.0,0.0,0.7,Winter,No Holiday,Yes
2018-01-25 01:00:00,68.0,-16.1,42,2.2,2000,-26.0,0.0,0.0,0.7,Winter,No Holiday,Yes
2018-01-25 02:00:00,60.0,-16.0,42,1.3,2000,-25.9,0.0,0.0,0.7,Winter,No Holiday,Yes
2018-01-25 03:00:00,32.0,-16.0,40,1.9,2000,-26.5,0.0,0.0,0.7,Winter,No Holiday,Yes
2018-01-25 04:00:00,22.0,-15.9,37,2.4,1985,-27.2,0.0,0.0,0.7,Winter,No Holiday,Yes
2018-01-25 05:00:00,34.0,-15.8,37,2.7,2000,-27.1,0.0,0.0,0.7,Winter,No Holiday,Yes
2018-01-25 06:00:00,71.0,-16.1,33,3.0,2000,-28.7,0.0,0.0,0.7,Winter,No Holiday,Yes
2018-01-25 07:00:00,165.0,-16.2,33,2.2,2000,-28.7,0.0,0.0,0.7,Winter,No Holiday,Yes
2018-01-25 08:00:00,349.0,-16.4,32,3.3,2000,-29.2,0.01,0.0,0.6,Winter,No Holiday,Yes
2018-01-25 09:00:00,187.0,-16.2,33,2.9,2000,-28.7,0.19,0.0,0.6,Winter,No Holiday,Yes
2018-01-25 10:00:00,105.0,-15.3,33,2.4,2000,-27.9,0.56,0.0,0.6,Winter,No Holiday,Yes
2018-01-25 11:00:00,122.0,-13.8,25,3.5,1996,-29.6,0.91,0.0,0.6,Winter,No Holiday,Yes
2018-01-25 12:00:00,142.0,-12.8,25,3.2,1981,-28.7,1.16,0.0,0.6,Winter,No Holiday,Yes
2018-01-25 13:00:00,130.0,-11.4,27,3.9,2000,-26.7,1.26,0.0,0.6,Winter,No Holiday,Yes
2018-01-25 14:00:00,160.0,-10.4,25,2.3,1981,-26.7,1.21,0.0,0.5,Winter,No Holiday,Yes
2018-01-25 15:00:00,130.0,-9.7,28,3.7,2000,-24.8,1.0,0.0,0.5,Winter,No Holiday,Yes
2018-01-25 16:00:00,152.0,-9.6,31,2.6,1973,-23.6,0.66,0.0,0.5,Winter,No Holiday,Yes
2018-01-25 17:00:00,170.0,-10.9,32,4.0,2000,-24.4,0.28,0.0,0.5,Winter,No Holiday,Yes
2018-01-25 18:00:00,288.0,-11.8,33,4.0,2000,-24.8,0.04,0.0,0.5,Winter,No Holiday,Yes
2018-01-25 19:00:00,178.0,-12.7,33,3.7,2000,-25.6,0.0,0.0,0.5,Winter,No Holiday,Yes
2018-01-25 20:00:00,141.0,-13.5,33,2.4,2000,-26.3,0.0,0.0,0.5,Winter,No Holiday,Yes
2018-01-25 21:00:00,137.0,-14.1,35,2.2,2000,-26.2,0.0,0.0,0.5,Winter,No Holiday,Yes
2018-01-25 22:00:00,113.0,-14.6,35,2.5,2000,-26.7,0.0,0.0,0.5,Winter,No Holiday,Yes
2018-01-25 23:00:00,79.0,-14.9,35,2.8,2000,-26.9,0.0,0.0,0.5,Winter,No Holiday,Yes
2018-01-26 00:00:00,68.0,-15.1,34,1.7,2000,-27.4,0.0,0.0,0.5,Winter,No Holiday,Yes
2018-01-26 01:00:00,93.0,-15.3,34,1.7,2000,-27.6,0.0,0.0,0.5,Winter,No Holiday,Yes
2018-01-26 02:00:00,54.0,-15.6,33,2.2,2000,-28.2,0.0,0.0,0.5,Winter,No Holiday,Yes
2018-01-26 03:00:00,41.0,-15.9,34,2.9,2000,-28.2,0.0,0.0,0.5,Winter,No Holiday,Yes
2018-01-26 04:00:00,24.0,-16.4,36,1.5,2000,-28.0,0.0,0.0,0.5,Winter,No Holiday,Yes
2018-01-26 05:00:00,36.0,-16.9,38,2.3,2000,-27.9,0.0,0.0,0.5,Winter,No Holiday,Yes
2018-01-26 06:00:00,64.0,-17.4,40,1.6,2000,-27.7,0.0,0.0,0.5,Winter,No Holiday,Yes
2018-01-26 07:00:00,142.0,-17.5,38,3.4,2000,-28.4,0.0,0.0,0.5,Winter,No Holiday,Yes
2018-01-26 08:00:00,322.0,-17.8,40,2.5,2000,-28.1,0.0,0.0,0.5,Winter,No Holiday,Yes
2018-01-26 09:00:00,149.0,-17.5,37,3.8,1941,-28.7,0.21,0.0,0.5,Winter,No Holiday,Yes
2018-01-26 10:00:00,96.0,-16.5,33,3.4,1703,-29.0,0.62,0.0,0.5,Winter,No Holiday,Yes
2018-01-26 11:00:00,93.0,-15.6,31,3.3,1808,-28.9,0.93,0.0,0.5,Winter,No Holiday,Yes
2018-01-26 12:00:00,111.0,-14.4,30,2.7,1906,-28.2,1.17,0.0,0.5,Winter,No Holiday,Yes
2018-01-26 13:00:00,115.0,-13.3,28,2.7,1889,-27.9,1.26,0.0,0.5,Winter,No Holiday,Yes
2018-01-26 14:00:00,116.0,-12.1,27,2.5,1879,-27.3,1.25,0.0,0.4,Winter,No Holiday,Yes
2018-01-26 15:00:00,140.0,-11.4,27,3.3,1805,-26.7,0.0,0.0,0.4,Winter,No Holiday,Yes
2018-01-26 16:00:00,147.0,-10.8,28,2.7,1778,-25.8,0.77,0.0,0.4,Winter,No Holiday,Yes
2018-01-26 17:00:00,196.0,-11.5,31,3.3,1745,-25.2,0.41,0.0,0.3,Winter,No Holiday,Yes
2018-01-26 18:00:00,305.0,-12.7,33,2.5,1835,-25.6,0.05,0.0,0.3,Winter,No Holiday,Yes
2018-01-26 19:00:00,171.0,-13.2,33,2.4,1863,-26.1,0.0,0.0,0.3,Winter,No Holiday,Yes
2018-01-26 20:00:00,121.0,-13.7,35,1.7,1878,-25.9,0.0,0.0,0.3,Winter,No Holiday,Yes
2018-01-26 21:00:00,130.0,-14.1,36,1.8,1869,-25.9,0.0,0.0,0.3,Winter,No Holiday,Yes
2018-01-26 22:00:00,108.0,-14.6,40,1.8,1746,-25.2,0.0,0.0,0.3,Winter,No Holiday,Yes
2018-01-26 23:00:00,89.0,-14.4,38,2.7,1738,-25.6,0.0,0.0,0.3,Winter,No Holiday,Yes
2018-01-27 00:00:00,80.0,-15.0,42,1.2,1766,-25.0,0.0,0.0,0.3,Winter,No Holiday,Yes
2018-01-27 01:00:00,94.0,-15.1,43,0.8,1905,-24.9,0.0,0.0,0.3,Winter,No Holiday,Yes
2018-01-27 02:00:00,75.0,-15.3,43,0.6,1867,-25.0,0.0,0.0,0.3,Winter,No Holiday,Yes
2018-01-27 03:00:00,41.0,-15.3,43,0.8,1963,-25.0,0.0,0.0,0.3,Winter,No Holiday,Yes
2018-01-27 04:00:00,36.0,-15.3,47,0.8,1868,-24.0,0.0,0.0,0.3,Winter,No Holiday,Yes
2018-01-27 05:00:00,25.0,-15.4,45,0.8,2000,-24.6,0.0,0.0,0.3,Winter,No Holiday,Yes
2018-01-27 06:00:00,33.0,-15.3,47,0.7,1921,-24.0,0.0,0.0,0.3,Winter,No Holiday,Yes
2018-01-27 07:00:00,57.0,-15.7,53,1.3,1629,-23.1,0.0,0.0,0.3,Winter,No Holiday,Yes
2018-01-27 08:00:00,84.0,-15.9,58,0.9,1369,-22.2,0.0,0.0,0.3,Winter,No Holiday,Yes
2018-01-27 09:00:00,105.0,-15.1,49,1.1,1401,-23.4,0.2,0.0,0.3,Winter,No Holiday,Yes
2018-01-27 10:00:00,96.0,-12.3,35,0.6,1497,-24.6,0.6,0.0,0.3,Winter,No Holiday,Yes
2018-01-27 11:00:00,125.0,-9.6,33,1.1,1748,-22.9,0.9,0.0,0.3,Winter,No Holiday,Yes
2018-01-27 12:00:00,145.0,-7.7,32,2.5,1763,-21.5,1.13,0.0,0.3,Winter,No Holiday,Yes
2018-01-27 13:00:00,189.0,-6.6,27,2.1,1889,-22.5,1.24,0.0,0.3,Winter,No Holiday,Yes
2018-01-27 14:00:00,193.0,-4.1,25,2.0,1730,-21.2,1.2,0.0,0.2,Winter,No Holiday,Yes
2018-01-27 15:00:00,192.0,-3.7,26,2.2,1739,-20.4,1.04,0.0,0.0,Winter,No Holiday,Yes
2018-01-27 16:00:00,195.0,-3.7,25,2.6,1839,-20.9,0.74,0.0,0.0,Winter,No Holiday,Yes
2018-01-27 17:00:00,207.0,-4.6,26,1.9,2000,-21.2,0.39,0.0,0.0,Winter,No Holiday,Yes
2018-01-27 18:00:00,162.0,-6.6,31,3.0,1988,-20.9,0.06,0.0,0.0,Winter,No Holiday,Yes
2018-01-27 19:00:00,122.0,-7.1,33,2.0,1887,-20.6,0.0,0.0,0.0,Winter,No Holiday,Yes
2018-01-27 20:00:00,117.0,-7.6,36,1.7,1858,-20.1,0.0,0.0,0.0,Winter,No Holiday,Yes
2018-01-27 21:00:00,103.0,-7.9,35,2.6,1878,-20.7,0.0,0.0,0.0,Winter,No Holiday,Yes
2018-01-27 22:00:00,114.0,-7.8,43,2.3,1804,-18.2,0.0,0.0,0.0,Winter,No Holiday,Yes
2018-01-27 23:00:00,103.0,-7.6,42,1.2,1760,-18.3,0.0,0.0,0.0,Winter,No Holiday,Yes
2018-01-28 00:00:00,125.0,-7.5,36,2.3,1972,-20.0,0.0,0.0,0.0,Winter,No Holiday,Yes
2018-01-28 01:00:00,103.0,-7.5,45,2.4,1853,-17.4,0.0,0.0,0.0,Winter,No Holiday,Yes
2018-01-28 02:00:00,72.0,-7.8,51,1.9,1627,-16.1,0.0,0.0,0.0,Winter,No Holiday,Yes
2018-01-28 03:00:00,67.0,-7.7,49,1.8,1573,-16.5,0.0,0.0,0.0,Winter,No Holiday,Yes
2018-01-28 04:00:00,38.0,-7.6,37,1.6,1966,-19.8,0.0,0.0,0.0,Winter,No Holiday,Yes
2018-01-28 05:00:00,21.0,-7.5,33,1.5,2000,-21.0,0.0,0.0,0.0,Winter,No Holiday,Yes
2018-01-28 06:00:00,30.0,-7.8,35,1.9,2000,-20.6,0.0,0.0,0.0,Winter,No Holiday,Yes
2018-01-28 07:00:00,42.0,-8.0,39,1.9,2000,-19.5,0.0,0.0,0.0,Winter,No Holiday,Yes
2018-01-28 08:00:00,72.0,-8.1,43,1.7,1943,-18.5,0.0,0.0,0.0,Winter,No Holiday,Yes
2018-01-28 09:00:00,104.0,-7.8,41,1.8,1923,-18.7,0.17,0.0,0.0,Winter,No Holiday,Yes
2018-01-28 10:00:00,111.0,-5.9,35,1.9,1940,-18.9,0.53,0.0,0.0,Winter,No Holiday,Yes
2018-01-28 11:00:00,145.0,-4.6,27,2.6,1887,-20.8,0.85,0.0,0.0,Winter,No Holiday,Yes
2018-01-28 12:00:00,189.0,-3.5,26,2.5,1756,-20.2,1.07,0.0,0.0,Winter,No Holiday,Yes
2018-01-28 13:00:00,206.0,-2.4,22,2.5,1866,-21.2,1.16,0.0,0.0,Winter,No Holiday,Yes
2018-01-28 14:00:00,225.0,-1.5,20,3.0,1992,-21.6,1.09,0.0,0.0,Winter,No Holiday,Yes
2018-01-28 15:00:00,217.0,-1.9,23,4.3,2000,-20.3,0.7,0.0,0.0,Winter,No Holiday,Yes
2018-01-28 16:00:00,187.0,-2.1,27,4.0,2000,-18.6,0.52,0.0,0.0,Winter,No Holiday,Yes
2018-01-28 17:00:00,178.0,-3.8,32,5.2,2000,-18.1,0.25,0.0,0.0,Winter,No Holiday,Yes
2018-01-28 18:00:00,157.0,-4.9,35,3.7,2000,-18.0,0.04,0.0,0.0,Winter,No Holiday,Yes
2018-01-28 19:00:00,134.0,-6.0,31,3.6,2000,-20.4,0.0,0.0,0.0,Winter,No Holiday,Yes
2018-01-28 20:00:00,113.0,-7.0,30,2.8,2000,-21.6,0.0,0.0,0.0,Winter,No Holiday,Yes
2018-01-28 21:00:00,106.0,-7.3,34,3.5,2000,-20.5,0.0,0.0,0.0,Winter,No Holiday,Yes
2018-01-28 22:00:00,105.0,-7.9,40,2.5,1997,-19.1,0.0,0.0,0.0,Winter,No Holiday,Yes
2018-01-28 23:00:00,81.0,-8.7,42,2.1,1981,-19.3,0.0,0.0,0.0,Winter,No Holiday,Yes
2018-01-29 00:00:00,80.0,-9.3,45,0.7,1976,-19.0,0.0,0.0,0.0,Winter,No Holiday,Yes
2018-01-29 01:00:00,62.0,-9.8,47,1.3,1934,-19.0,0.0,0.0,0.0,Winter,No Holiday,Yes
2018-01-29 02:00:00,49.0,-10.2,47,0.9,1808,-19.3,0.0,0.0,0.0,Winter,No Holiday,Yes
2018-01-29 03:00:00,27.0,-9.8,43,2.8,1963,-20.0,0.0,0.0,0.0,Winter,No Holiday,Yes
2018-01-29 04:00:00,26.0,-9.9,45,2.5,1967,-19.6,0.0,0.0,0.0,Winter,No Holiday,Yes
2018-01-29 05:00:00,50.0,-10.4,47,1.0,1921,-19.5,0.0,0.0,0.0,Winter,No Holiday,Yes
2018-01-29 06:00:00,94.0,-10.9,43,1.0,1967,-21.0,0.0,0.0,0.0,Winter,No Holiday,Yes
2018-01-29 07:00:00,231.0,-11.1,37,1.6,2000,-22.9,0.0,0.0,0.0,Winter,No Holiday,Yes
2018-01-29 08:00:00,450.0,-11.5,38,1.0,1998,-23.0,0.01,0.0,0.0,Winter,No Holiday,Yes
2018-01-29 09:00:00,217.0,-10.8,34,2.9,1975,-23.6,0.17,0.0,0.0,Winter,No Holiday,Yes
2018-01-29 10:00:00,135.0,-9.5,28,3.7,1893,-24.6,0.59,0.0,0.0,Winter,No Holiday,Yes
2018-01-29 11:00:00,166.0,-8.1,24,3.6,1761,-25.1,0.91,0.0,0.0,Winter,No Holiday,Yes
2018-01-29 12:00:00,186.0,-7.3,23,3.8,1903,-24.9,1.17,0.0,0.0,Winter,No Holiday,Yes
2018-01-29 13:00:00,166.0,-6.9,23,4.6,1963,-24.6,1.28,0.0,0.0,Winter,No Holiday,Yes
2018-01-29 14:00:00,168.0,-5.7,23,4.5,1956,-23.5,1.25,0.0,0.0,Winter,No Holiday,Yes
2018-01-29 15:00:00,177.0,-5.2,27,4.5,1927,-21.3,1.06,0.0,0.0,Winter,No Holiday,Yes
2018-01-29 16:00:00,195.0,-5.5,28,4.3,1926,-21.1,0.78,0.0,0.0,Winter,No Holiday,Yes
2018-01-29 17:00:00,239.0,-5.7,30,3.6,1978,-20.5,0.4,0.0,0.0,Winter,No Holiday,Yes
2018-01-29 18:00:00,438.0,-6.6,34,2.5,2000,-19.8,0.06,0.0,0.0,Winter,No Holiday,Yes
2018-01-29 19:00:00,282.0,-7.1,40,3.2,2000,-18.4,0.0,0.0,0.0,Winter,No Holiday,Yes
2018-01-29 20:00:00,197.0,-7.4,41,3.8,2000,-18.4,0.0,0.0,0.0,Winter,No Holiday,Yes
2018-01-29 21:00:00,182.0,-7.7,42,2.9,1905,-18.4,0.0,0.0,0.0,Winter,No Holiday,Yes
2018-01-29 22:00:00,172.0,-8.8,40,3.0,1985,-19.9,0.0,0.0,0.0,Winter,No Holiday,Yes
2018-01-29 23:00:00,99.0,-9.4,41,1.6,2000,-20.2,0.0,0.0,0.0,Winter,No Holiday,Yes
2018-01-30 00:00:00,108.0,-10.0,34,1.1,2000,-22.9,0.0,0.0,0.0,Winter,No Holiday,Yes
2018-01-30 01:00:00,129.0,-10.4,37,0.3,2000,-22.3,0.0,0.0,0.0,Winter,No Holiday,Yes
2018-01-30 02:00:00,84.0,-10.6,40,1.0,2000,-21.6,0.0,0.0,0.0,Winter,No Holiday,Yes
2018-01-30 03:00:00,54.0,-10.7,42,1.4,2000,-21.1,0.0,0.0,0.0,Winter,No Holiday,Yes
2018-01-30 04:00:00,33.0,-11.1,50,1.2,1986,-19.4,0.0,0.0,0.0,Winter,No Holiday,Yes
2018-01-30 05:00:00,47.0,-11.3,53,1.6,1979,-19.0,0.0,0.0,0.0,Winter,No Holiday,Yes
2018-01-30 06:00:00,94.0,-11.2,53,0.9,2000,-18.9,0.0,0.0,0.0,Winter,No Holiday,Yes
2018-01-30 07:00:00,214.0,-11.3,57,0.9,1984,-18.1,0.0,0.0,0.0,Winter,No Holiday,Yes
2018-01-30 08:00:00,491.0,-11.1,61,0.7,1963,-17.1,0.01,0.0,0.0,Winter,No Holiday,Yes
2018-01-30 09:00:00,254.0,-9.9,49,0.8,1624,-18.6,0.2,0.0,0.0,Winter,No Holiday,Yes
2018-01-30 10:00:00,170.0,-7.5,42,0.9,1705,-18.2,0.55,0.0,0.0,Winter,No Holiday,Yes
2018-01-30 11:00:00,220.0,-4.5,29,1.3,1912,-19.8,0.79,0.0,0.0,Winter,No Holiday,Yes
2018-01-30 12:00:00,253.0,-3.2,32,2.7,1900,-17.5,1.01,0.0,0.0,Winter,No Holiday,Yes
2018-01-30 13:00:00,225.0,-1.3,35,2.0,1893,-14.8,1.18,0.0,0.0,Winter,No Holiday,Yes
2018-01-30 14:00:00,238.0,-1.1,46,2.1,1437,-11.2,0.72,0.0,0.0,Winter,No Holiday,Yes
2018-01-30 15:00:00,173.0,-1.6,55,2.5,1891,-9.4,0.64,0.0,0.0,Winter,No Holiday,Yes
2018-01-30 16:00:00,94.0,-2.2,76,1.7,233,-5.8,0.25,0.0,0.0,Winter,No Holiday,Yes
2018-01-30 17:00:00,53.0,-2.4,85,0.3,174,-4.5,0.06,0.0,0.6,Winter,No Holiday,Yes
2018-01-30 18:00:00,100.0,-2.3,91,0.4,202,-3.5,0.0,1.4,2.0,Winter,No Holiday,Yes
2018-01-30 19:00:00,59.0,-1.7,91,1.1,167,-2.9,0.0,0.0,3.0,Winter,No Holiday,Yes
2018-01-30 20:00:00,72.0,-1.5,91,1.7,270,-2.7,0.0,0.0,3.3,Winter,No Holiday,Yes
2018-01-30 21:00:00,60.0,-1.6,91,1.3,508,-2.8,0.0,1.5,3.5,Winter,No Holiday,Yes
2018-01-30 22:00:00,73.0,-1.7,85,1.2,1006,-3.8,0.0,0.0,3.5,Winter,No Holiday,Yes
2018-01-30 23:00:00,62.0,-1.7,83,1.0,1093,-4.2,0.0,0.0,3.5,Winter,No Holiday,Yes
2018-01-31 00:00:00,69.0,-1.7,83,0.8,1113,-4.2,0.0,0.0,3.5,Winter,No Holiday,Yes
2018-01-31 01:00:00,96.0,-1.6,81,1.1,1141,-4.4,0.0,0.0,3.5,Winter,No Holiday,Yes
2018-01-31 02:00:00,60.0,-1.6,80,1.4,1097,-4.6,0.0,0.0,3.5,Winter,No Holiday,Yes
2018-01-31 03:00:00,47.0,-2.2,83,1.0,977,-4.7,0.0,0.0,3.5,Winter,No Holiday,Yes
2018-01-31 04:00:00,34.0,-2.4,82,1.5,877,-5.0,0.0,0.0,3.5,Winter,No Holiday,Yes
2018-01-31 05:00:00,34.0,-2.8,83,0.6,946,-5.2,0.0,0.0,3.5,Winter,No Holiday,Yes
2018-01-31 06:00:00,63.0,-3.1,80,0.7,1215,-6.0,0.0,0.0,3.5,Winter,No Holiday,Yes
2018-01-31 07:00:00,124.0,-3.5,83,1.6,953,-5.9,0.0,0.0,3.5,Winter,No Holiday,Yes
2018-01-31 08:00:00,273.0,-3.6,83,1.7,915,-6.0,0.0,0.0,3.5,Winter,No Holiday,Yes
2018-01-31 09:00:00,137.0,-3.3,77,1.2,916,-6.7,0.1,0.0,3.4,Winter,No Holiday,Yes
2018-01-31 10:00:00,102.0,-2.3,63,1.7,1286,-8.4,0.22,0.0,3.2,Winter,No Holiday,Yes
2018-01-31 11:00:00,144.0,-1.5,46,2.5,1906,-11.6,0.56,0.0,3.0,Winter,No Holiday,Yes
2018-01-31 12:00:00,160.0,-1.0,35,2.7,1921,-14.5,0.64,0.0,3.0,Winter,No Holiday,Yes
2018-01-31 13:00:00,171.0,-0.8,39,2.6,1853,-13.0,0.54,0.0,2.8,Winter,No Holiday,Yes
2018-01-31 14:00:00,156.0,-0.7,33,2.7,1984,-15.0,0.56,0.0,2.5,Winter,No Holiday,Yes
2018-01-31 15:00:00,214.0,-0.5,30,2.3,1997,-15.9,0.45,0.0,2.2,Winter,No Holiday,Yes
2018-01-31 16:00:00,216.0,-0.1,29,1.6,2000,-16.0,0.5,0.0,1.8,Winter,No Holiday,Yes
2018-01-31 17:00:00,279.0,-0.9,34,2.8,2000,-14.8,0.28,0.0,1.8,Winter,No Holiday,Yes
2018-01-31 18:00:00,403.0,-1.8,35,2.1,2000,-15.2,0.05,0.0,1.6,Winter,No Holiday,Yes
2018-01-31 19:00:00,270.0,-2.2,36,2.2,2000,-15.2,0.0,0.0,1.6,Winter,No Holiday,Yes
2018-01-31 20:00:00,229.0,-2.6,36,3.1,2000,-15.6,0.0,0.0,1.6,Winter,No Holiday,Yes
2018-01-31 21:00:00,229.0,-3.4,40,0.9,2000,-15.0,0.0,0.0,1.6,Winter,No Holiday,Yes
2018-01-31 22:00:00,188.0,-4.2,48,1.0,2000,-13.5,0.0,0.0,1.6,Winter,No Holiday,Yes
2018-01-31 23:00:00,132.0,-4.7,53,1.3,2000,-12.8,0.0,0.0,1.6,Winter,No Holiday,Yes
2018-02-01 00:00:00,122.0,-5.2,56,1.4,1996,-12.6,0.0,0.0,1.6,Winter,No Holiday,Yes
2018-02-01 01:00:00,149.0,-5.4,54,1.7,1996,-13.2,0.0,0.0,1.6,Winter,No Holiday,Yes
2018-02-01 02:00:00,103.0,-5.5,53,2.1,1980,-13.5,0.0,0.0,1.6,Winter,No Holiday,Yes
2018-02-01 03:00:00,81.0,-6.2,57,1.6,1874,-13.3,0.0,0.0,1.6,Winter,No Holiday,Yes
2018-02-01 04:00:00,37.0,-7.1,56,1.8,1841,-14.4,0.0,0.0,1.6,Winter,No Holiday,Yes
2018-02-01 05:00:00,51.0,-7.8,65,2.3,1737,-13.2,0.0,0.0,1.6,Winter,No Holiday,Yes
2018-02-01 06:00:00,95.0,-8.1,59,0.7,1915,-14.7,0.0,0.0,1.6,Winter,No Holiday,Yes
2018-02-01 07:00:00,244.0,-8.7,64,0.5,1972,-14.2,0.0,0.0,1.6,Winter,No Holiday,Yes
2018-02-01 08:00:00,459.0,-8.6,59,1.0,1948,-15.1,0.01,0.0,1.6,Winter,No Holiday,Yes
2018-02-01 09:00:00,259.0,-7.9,50,0.6,1805,-16.5,0.23,0.0,1.6,Winter,No Holiday,Yes
2018-02-01 10:00:00,168.0,-5.0,41,0.5,1799,-16.2,0.64,0.0,1.5,Winter,No Holiday,Yes
2018-02-01 11:00:00,194.0,-2.6,33,1.5,1830,-16.6,0.95,0.0,1.4,Winter,No Holiday,Yes
2018-02-01 12:00:00,240.0,-1.1,31,1.3,1869,-16.1,1.2,0.0,1.3,Winter,No Holiday,Yes
2018-02-01 13:00:00,233.0,0.3,28,3.1,1988,-16.1,1.3,0.0,1.0,Winter,No Holiday,Yes
2018-02-01 14:00:00,256.0,0.8,23,3.2,2000,-18.0,1.29,0.0,0.5,Winter,No Holiday,Yes
2018-02-01 15:00:00,293.0,0.7,25,3.0,1987,-17.1,1.12,0.0,0.0,Winter,No Holiday,Yes
2018-02-01 16:00:00,268.0,1.1,26,2.1,1957,-16.3,0.82,0.0,0.0,Winter,No Holiday,Yes
2018-02-01 17:00:00,341.0,0.3,26,2.4,1977,-17.0,0.45,0.0,0.0,Winter,No Holiday,Yes
2018-02-01 18:00:00,542.0,-1.0,28,1.9,2000,-17.2,0.08,0.0,0.0,Winter,No Holiday,Yes
2018-02-01 19:00:00,344.0,-1.8,32,1.5,2000,-16.3,0.0,0.0,0.0,Winter,No Holiday,Yes
2018-02-01 20:00:00,263.0,-2.4,36,1.0,2000,-15.4,0.0,0.0,0.0,Winter,No Holiday,Yes
2018-02-01 21:00:00,257.0,-3.2,47,1.8,1917,-12.9,0.0,0.0,0.0,Winter,No Holiday,Yes
2018-02-01 22:00:00,235.0,-3.9,52,1.2,1871,-12.3,0.0,0.0,0.0,Winter,No Holiday,Yes
2018-02-01 23:00:00,143.0,-4.5,55,0.4,1908,-12.1,0.0,0.0,0.0,Winter,No Holiday,Yes
2018-02-02 00:00:00,138.0,-4.9,56,1.1,1982,-12.3,0.0,0.0,0.0,Winter,No Holiday,Yes
2018-02-02 01:00:00,159.0,-5.2,56,0.9,1973,-12.6,0.0,0.0,0.0,Winter,No Holiday,Yes
2018-02-02 02:00:00,102.0,-5.7,59,0.3,1951,-12.4,0.0,0.0,0.0,Winter,No Holiday,Yes
2018-02-02 03:00:00,65.0,-6.3,63,0.9,1425,-12.2,0.0,0.0,0.0,Winter,No Holiday,Yes
2018-02-02 04:00:00,47.0,-6.7,65,1.1,1705,-12.1,0.0,0.0,0.0,Winter,No Holiday,Yes
2018-02-02 05:00:00,48.0,-6.8,61,0.2,1724,-13.0,0.0,0.0,0.0,Winter,No Holiday,Yes
2018-02-02 06:00:00,115.0,-7.0,62,1.3,1830,-13.0,0.0,0.0,0.0,Winter,No Holiday,Yes
2018-02-02 07:00:00,267.0,-7.4,62,1.5,1909,-13.4,0.0,0.0,0.0,Winter,No Holiday,Yes
2018-02-02 08:00:00,558.0,-7.4,58,2.2,1882,-14.2,0.01,0.0,0.0,Winter,No Holiday,Yes
2018-02-02 09:00:00,280.0,-6.5,54,1.2,1541,-14.2,0.22,0.0,0.0,Winter,No Holiday,Yes
2018-02-02 10:00:00,187.0,-4.1,43,1.2,1187,-14.8,0.59,0.0,0.0,Winter,No Holiday,Yes
2018-02-02 11:00:00,234.0,-1.4,37,1.0,1317,-14.2,0.91,0.0,0.0,Winter,No Holiday,Yes
2018-02-02 12:00:00,303.0,0.9,37,1.5,1283,-12.1,1.12,0.0,0.0,Winter,No Holiday,Yes
2018-02-02 13:00:00,294.0,1.6,29,2.2,1662,-14.5,1.2,0.0,0.0,Winter,No Holiday,Yes
2018-02-02 14:00:00,293.0,3.2,26,2.2,1499,-14.5,1.16,0.0,0.0,Winter,No Holiday,Yes
2018-02-02 15:00:00,310.0,3.6,26,2.4,1687,-14.1,0.99,0.0,0.0,Winter,No Holiday,Yes
2018-02-02 16:00:00,330.0,2.9,26,3.0,1968,-14.7,0.69,0.0,0.0,Winter,No Holiday,Yes
2018-02-02 17:00:00,382.0,2.0,25,2.3,1998,-16.0,0.34,0.0,0.0,Winter,No Holiday,Yes
2018-02-02 18:00:00,592.0,0.5,37,3.0,1733,-12.5,0.06,0.0,0.0,Winter,No Holiday,Yes
2018-02-02 19:00:00,379.0,-0.5,43,2.5,1666,-11.5,0.0,0.0,0.0,Winter,No Holiday,Yes
2018-02-02 20:00:00,241.0,-1.3,51,2.4,1481,-10.1,0.0,0.0,0.0,Winter,No Holiday,Yes
2018-02-02 21:00:00,225.0,-2.0,61,1.7,1655,-8.5,0.0,0.0,0.0,Winter,No Holiday,Yes
2018-02-02 22:00:00,227.0,-2.4,63,1.3,1523,-8.4,0.0,0.0,0.0,Winter,No Holiday,Yes
2018-02-02 23:00:00,178.0,-2.6,69,2.0,1434,-7.5,0.0,0.0,0.0,Winter,No Holiday,Yes
2018-02-03 00:00:00,182.0,-2.5,69,2.2,1366,-7.4,0.0,0.0,0.0,Winter,No Holiday,Yes
2018-02-03 01:00:00,184.0,-2.3,71,3.2,1078,-6.8,0.0,0.0,0.0,Winter,No Holiday,Yes
2018-02-03 02:00:00,123.0,-3.4,82,4.2,184,-6.0,0.0,0.0,0.0,Winter,No Holiday,Yes
2018-02-03 03:00:00,60.0,-4.4,80,4.3,346,-7.3,0.0,0.1,0.1,Winter,No Holiday,Yes
2018-02-03 04:00:00,35.0,-5.6,74,4.0,387,-9.5,0.0,0.0,0.2,Winter,No Holiday,Yes
2018-02-03 05:00:00,31.0,-6.3,65,3.9,1521,-11.8,0.0,0.0,0.3,Winter,No Holiday,Yes
2018-02-03 06:00:00,33.0,-7.8,57,4.8,1867,-14.8,0.0,0.4,0.3,Winter,No Holiday,Yes
2018-02-03 07:00:00,67.0,-8.8,58,4.0,1942,-15.5,0.0,0.0,0.3,Winter,No Holiday,Yes
2018-02-03 08:00:00,116.0,-9.5,56,3.5,1979,-16.6,0.01,0.0,0.3,Winter,No Holiday,Yes
2018-02-03 09:00:00,168.0,-9.4,47,3.3,1995,-18.6,0.42,0.0,0.3,Winter,No Holiday,Yes
2018-02-03 10:00:00,144.0,-8.5,43,4.0,1797,-18.8,1.09,0.0,0.2,Winter,No Holiday,Yes
2018-02-03 11:00:00,195.0,-7.7,41,4.6,1984,-18.7,1.65,0.0,0.2,Winter,No Holiday,Yes
2018-02-03 12:00:00,192.0,-6.0,38,3.4,1930,-18.0,2.04,0.0,0.0,Winter,No Holiday,Yes
2018-02-03 13:00:00,229.0,-5.8,38,3.7,1961,-17.8,2.25,0.0,0.0,Winter,No Holiday,Yes
2018-02-03 14:00:00,196.0,-5.0,31,4.0,2000,-19.5,2.18,0.0,0.0,Winter,No Holiday,Yes
2018-02-03 15:00:00,210.0,-4.5,31,4.3,1979,-19.1,1.91,0.0,0.0,Winter,No Holiday,Yes
2018-02-03 16:00:00,205.0,-4.2,31,3.5,1974,-18.8,1.42,0.0,0.0,Winter,No Holiday,Yes
2018-02-03 17:00:00,211.0,-5.6,32,4.6,2000,-19.7,0.53,0.0,0.0,Winter,No Holiday,Yes
2018-02-03 18:00:00,175.0,-6.6,36,4.4,2000,-19.2,0.15,0.0,0.0,Winter,No Holiday,Yes
2018-02-03 19:00:00,135.0,-7.6,32,4.8,2000,-21.4,0.0,0.0,0.0,Winter,No Holiday,Yes
2018-02-03 20:00:00,109.0,-8.5,31,4.1,2000,-22.6,0.0,0.0,0.0,Winter,No Holiday,Yes
2018-02-03 21:00:00,107.0,-9.1,38,2.7,2000,-20.8,0.0,0.0,0.0,Winter,No Holiday,Yes
2018-02-03 22:00:00,92.0,-9.7,45,3.0,2000,-19.4,0.0,0.0,0.0,Winter,No Holiday,Yes
2018-02-03 23:00:00,91.0,-10.0,48,2.6,2000,-18.9,0.0,0.0,0.0,Winter,No Holiday,Yes
2018-02-04 00:00:00,98.0,-10.4,49,2.4,2000,-19.0,0.0,0.0,0.0,Winter,No Holiday,Yes
2018-02-04 01:00:00,90.0,-10.5,48,3.1,2000,-19.4,0.0,0.0,0.0,Winter,No Holiday,Yes
2018-02-04 02:00:00,60.0,-10.5,49,2.0,2000,-19.1,0.0,0.0,0.0,Winter,No Holiday,Yes
2018-02-04 03:00:00,54.0,-10.6,47,3.7,2000,-19.7,0.0,0.0,0.0,Winter,No Holiday,Yes
2018-02-04 04:00:00,35.0,-11.2,47,2.3,2000,-20.3,0.0,0.0,0.0,Winter,No Holiday,Yes
2018-02-04 05:00:00,21.0,-11.5,51,3.3,1996,-19.6,0.0,0.0,0.0,Winter,No Holiday,Yes
2018-02-04 06:00:00,23.0,-11.8,54,2.4,1917,-19.2,0.0,0.0,0.0,Winter,No Holiday,Yes
2018-02-04 07:00:00,34.0,-12.4,54,2.5,1790,-19.8,0.0,0.0,0.0,Winter,No Holiday,Yes
2018-02-04 08:00:00,70.0,-12.8,56,2.4,1507,-19.7,0.02,0.0,0.0,Winter,No Holiday,Yes
2018-02-04 09:00:00,97.0,-12.4,51,3.8,1415,-20.4,0.38,0.0,0.0,Winter,No Holiday,Yes
2018-02-04 10:00:00,103.0,-11.2,43,3.5,1359,-21.3,1.04,0.0,0.0,Winter,No Holiday,Yes
2018-02-04 11:00:00,115.0,-9.7,37,2.8,1436,-21.6,1.57,0.0,0.0,Winter,No Holiday,Yes
2018-02-04 12:00:00,165.0,-8.3,32,1.8,1295,-22.1,1.99,0.0,0.0,Winter,No Holiday,Yes
2018-02-04 13:00:00,152.0,-8.3,34,4.0,1561,-21.4,2.22,0.0,0.0,Winter,No Holiday,Yes
2018-02-04 14:00:00,177.0,-7.4,33,4.0,1713,-20.9,2.17,0.0,0.0,Winter,No Holiday,Yes
2018-02-04 15:00:00,190.0,-6.4,30,4.9,1939,-21.1,1.89,0.0,0.0,Winter,No Holiday,Yes
2018-02-04 16:00:00,181.0,-5.4,29,3.6,1979,-20.6,1.4,0.0,0.0,Winter,No Holiday,Yes
2018-02-04 17:00:00,184.0,-5.9,27,3.6,1974,-21.9,0.81,0.0,0.0,Winter,No Holiday,Yes
2018-02-04 18:00:00,154.0,-7.0,26,4.1,2000,-23.3,0.16,0.0,0.0,Winter,No Holiday,Yes
2018-02-04 19:00:00,124.0,-7.7,31,3.3,2000,-21.9,0.0,0.0,0.0,Winter,No Holiday,Yes
2018-02-04 20:00:00,98.0,-8.2,28,3.5,2000,-23.5,0.0,0.0,0.0,Winter,No Holiday,Yes
2018-02-04 21:00:00,107.0,-8.9,35,3.2,2000,-21.6,0.0,0.0,0.0,Winter,No Holiday,Yes
2018-02-04 22:00:00,78.0,-9.7,45,1.3,2000,-19.4,0.0,0.0,0.0,Winter,No Holiday,Yes
2018-02-04 23:00:00,77.0,-10.3,48,2.0,2000,-19.2,0.0,0.0,0.0,Winter,No Holiday,Yes
2018-02-05 00:00:00,82.0,-10.5,52,2.4,2000,-18.4,0.0,0.0,0.0,Winter,No Holiday,Yes
2018-02-05 01:00:00,52.0,-11.2,54,1.0,2000,-18.6,0.0,0.0,0.0,Winter,No Holiday,Yes
2018-02-05 02:00:00,39.0,-11.2,55,1.5,2000,-18.4,0.0,0.0,0.0,Winter,No Holiday,Yes
2018-02-05 03:00:00,33.0,-11.3,54,0.6,2000,-18.7,0.0,0.0,0.0,Winter,No Holiday,Yes
2018-02-05 04:00:00,20.0,-11.7,51,1.2,2000,-19.8,0.0,0.0,0.0,Winter,No Holiday,Yes
2018-02-05 05:00:00,37.0,-11.6,45,2.4,2000,-21.1,0.0,0.0,0.0,Winter,No Holiday,Yes
2018-02-05 06:00:00,110.0,-11.5,40,2.3,2000,-22.4,0.0,0.0,0.0,Winter,No Holiday,Yes
2018-02-05 07:00:00,227.0,-11.6,44,1.6,2000,-21.4,0.0,0.0,0.0,Winter,No Holiday,Yes
2018-02-05 08:00:00,433.0,-11.5,40,2.8,2000,-22.4,0.02,0.0,0.0,Winter,No Holiday,Yes
2018-02-05 09:00:00,216.0,-11.1,38,2.4,1945,-22.6,0.43,0.0,0.0,Winter,No Holiday,Yes
2018-02-05 10:00:00,123.0,-9.6,32,3.7,2000,-23.2,1.14,0.0,0.0,Winter,No Holiday,Yes
2018-02-05 11:00:00,156.0,-8.5,27,4.7,1894,-24.2,1.73,0.0,0.0,Winter,No Holiday,Yes
2018-02-05 12:00:00,157.0,-7.8,28,4.1,2000,-23.1,2.12,0.0,0.0,Winter,No Holiday,Yes
2018-02-05 13:00:00,169.0,-7.0,25,4.2,1999,-23.7,2.29,0.0,0.0,Winter,No Holiday,Yes
2018-02-05 14:00:00,170.0,-6.4,24,4.6,1970,-23.7,2.23,0.0,0.0,Winter,No Holiday,Yes
2018-02-05 15:00:00,169.0,-5.7,25,4.4,1995,-22.6,1.94,0.0,0.0,Winter,No Holiday,Yes
2018-02-05 16:00:00,199.0,-5.4,25,3.4,1985,-22.3,1.44,0.0,0.0,Winter,No Holiday,Yes
2018-02-05 17:00:00,225.0,-6.4,28,4.5,2000,-21.9,0.81,0.0,0.0,Winter,No Holiday,Yes
2018-02-05 18:00:00,388.0,-7.6,29,3.5,2000,-22.6,0.16,0.0,0.0,Winter,No Holiday,Yes
2018-02-05 19:00:00,246.0,-8.3,29,4.1,2000,-23.2,0.0,0.0,0.0,Winter,No Holiday,Yes
2018-02-05 20:00:00,206.0,-9.1,35,3.8,2000,-21.7,0.0,0.0,0.0,Winter,No Holiday,Yes
2018-02-05 21:00:00,177.0,-9.8,41,3.9,1949,-20.6,0.0,0.0,0.0,Winter,No Holiday,Yes
2018-02-05 22:00:00,183.0,-10.3,43,3.7,1876,-20.5,0.0,0.0,0.0,Winter,No Holiday,Yes
2018-02-05 23:00:00,115.0,-10.5,47,2.8,1794,-19.6,0.0,0.0,0.0,Winter,No Holiday,Yes
2018-02-06 00:00:00,126.0,-10.6,47,3.5,1803,-19.7,0.0,0.0,0.0,Winter,No Holiday,Yes
2018-02-06 01:00:00,87.0,-10.9,36,3.3,2000,-23.0,0.0,0.0,0.0,Winter,No Holiday,Yes
2018-02-06 02:00:00,59.0,-11.2,36,2.9,1981,-23.3,0.0,0.0,0.0,Winter,No Holiday,Yes
2018-02-06 03:00:00,36.0,-11.6,35,3.2,1992,-24.0,0.0,0.0,0.0,Winter,No Holiday,Yes
2018-02-06 04:00:00,32.0,-12.0,36,2.7,1998,-24.0,0.0,0.0,0.0,Winter,No Holiday,Yes
2018-02-06 05:00:00,40.0,-12.3,37,2.9,2000,-24.0,0.0,0.0,0.0,Winter,No Holiday,Yes
2018-02-06 06:00:00,94.0,-12.5,40,3.4,1991,-23.3,0.0,0.0,0.0,Winter,No Holiday,Yes
2018-02-06 07:00:00,213.0,-12.7,41,3.7,1982,-23.2,0.0,0.0,0.0,Winter,No Holiday,Yes
2018-02-06 08:00:00,438.0,-12.7,41,3.1,2000,-23.2,0.02,0.0,0.0,Winter,No Holiday,Yes
2018-02-06 09:00:00,217.0,-12.3,39,3.7,1984,-23.4,0.45,0.0,0.0,Winter,No Holiday,Yes
2018-02-06 10:00:00,128.0,-11.3,35,4.2,1848,-23.7,1.15,0.0,0.0,Winter,No Holiday,Yes
2018-02-06 11:00:00,175.0,-9.9,32,3.3,1863,-23.5,1.72,0.0,0.0,Winter,No Holiday,Yes
2018-02-06 12:00:00,172.0,-8.2,31,2.7,1858,-22.3,2.09,0.0,0.0,Winter,No Holiday,Yes
2018-02-06 13:00:00,165.0,-7.5,28,4.3,1904,-22.9,2.3,0.0,0.0,Winter,No Holiday,Yes
2018-02-06 14:00:00,147.0,-7.0,26,4.4,1986,-23.3,2.24,0.0,0.0,Winter,No Holiday,Yes
2018-02-06 15:00:00,171.0,-5.9,25,3.1,1936,-22.8,1.93,0.0,0.0,Winter,No Holiday,Yes
2018-02-06 16:00:00,175.0,-5.9,24,3.5,2000,-23.2,1.44,0.0,0.0,Winter,No Holiday,Yes
2018-02-06 17:00:00,227.0,-6.6,29,2.5,2000,-21.7,0.68,0.0,0.0,Winter,No Holiday,Yes
2018-02-06 18:00:00,392.0,-7.6,36,3.3,2000,-20.1,0.11,0.0,0.0,Winter,No Holiday,Yes
2018-02-06 19:00:00,251.0,-8.4,37,4.0,2000,-20.5,0.0,0.0,0.0,Winter,No Holiday,Yes
2018-02-06 20:00:00,193.0,-9.6,34,2.6,2000,-22.5,0.0,0.0,0.0,Winter,No Holiday,Yes
2018-02-06 21:00:00,175.0,-10.6,39,3.1,2000,-21.9,0.0,0.0,0.0,Winter,No Holiday,Yes
2018-02-06 22:00:00,169.0,-11.1,43,1.8,1960,-21.2,0.0,0.0,0.0,Winter,No Holiday,Yes
2018-02-06 23:00:00,106.0,-11.8,46,1.1,1860,-21.1,0.0,0.0,0.0,Winter,No Holiday,Yes
2018-02-07 00:00:00,116.0,-12.3,47,0.4,1848,-21.3,0.0,0.0,0.0,Winter,No Holiday,Yes
2018-02-07 01:00:00,96.0,-12.3,47,1.9,1837,-21.3,0.0,0.0,0.0,Winter,No Holiday,Yes
2018-02-07 02:00:00,83.0,-12.5,50,1.0,1722,-20.8,0.0,0.0,0.0,Winter,No Holiday,Yes
2018-02-07 03:00:00,51.0,-12.5,49,1.5,1885,-21.0,0.0,0.0,0.0,Winter,No Holiday,Yes
2018-02-07 04:00:00,34.0,-13.1,54,0.7,1369,-20.4,0.0,0.0,0.0,Winter,No Holiday,Yes
2018-02-07 05:00:00,45.0,-13.0,53,0.7,1810,-20.5,0.0,0.0,0.0,Winter,No Holiday,Yes
2018-02-07 06:00:00,92.0,-13.2,50,0.5,1873,-21.4,0.0,0.0,0.0,Winter,No Holiday,Yes
2018-02-07 07:00:00,214.0,-13.2,56,0.9,1665,-20.1,0.0,0.0,0.0,Winter,No Holiday,Yes
2018-02-07 08:00:00,469.0,-13.3,60,0.6,1598,-19.4,0.02,0.0,0.0,Winter,No Holiday,Yes
2018-02-07 09:00:00,237.0,-12.0,50,1.3,1523,-20.3,0.43,0.0,0.0,Winter,No Holiday,Yes
2018-02-07 10:00:00,155.0,-9.6,39,0.7,1580,-21.0,1.06,0.0,0.0,Winter,No Holiday,Yes
2018-02-07 11:00:00,176.0,-7.0,28,3.3,1829,-22.4,1.56,0.0,0.0,Winter,No Holiday,Yes
2018-02-07 12:00:00,188.0,-6.0,24,2.6,1964,-23.3,1.97,0.0,0.0,Winter,No Holiday,Yes
2018-02-07 13:00:00,228.0,-4.5,23,2.6,1937,-22.5,2.12,0.0,0.0,Winter,No Holiday,Yes
2018-02-07 14:00:00,199.0,-3.5,20,1.5,1976,-23.2,2.02,0.0,0.0,Winter,No Holiday,Yes
2018-02-07 15:00:00,221.0,-2.1,20,2.3,1961,-22.1,1.87,0.0,0.0,Winter,No Holiday,Yes
2018-02-07 16:00:00,240.0,-1.7,18,2.0,1919,-22.9,1.41,0.0,0.0,Winter,No Holiday,Yes
2018-02-07 17:00:00,320.0,-2.3,20,2.2,1994,-22.2,0.77,0.0,0.0,Winter,No Holiday,Yes
2018-02-07 18:00:00,448.0,-4.0,27,2.5,2000,-20.2,0.16,0.0,0.0,Winter,No Holiday,Yes
2018-02-07 19:00:00,280.0,-5.2,33,2.6,2000,-19.0,0.0,0.0,0.0,Winter,No Holiday,Yes
2018-02-07 20:00:00,218.0,-5.8,44,2.1,1994,-16.1,0.0,0.0,0.0,Winter,No Holiday,Yes
2018-02-07 21:00:00,223.0,-6.3,48,2.2,1965,-15.5,0.0,0.0,0.0,Winter,No Holiday,Yes
2018-02-07 22:00:00,200.0,-6.8,50,1.7,1856,-15.5,0.0,0.0,0.0,Winter,No Holiday,Yes
2018-02-07 23:00:00,164.0,-7.6,50,1.0,1839,-16.2,0.0,0.0,0.0,Winter,No Holiday,Yes
2018-02-08 00:00:00,136.0,-8.2,50,1.1,1850,-16.8,0.0,0.0,0.0,Winter,No Holiday,Yes
2018-02-08 01:00:00,126.0,-8.5,60,1.2,1908,-14.8,0.0,0.0,0.0,Winter,No Holiday,Yes
2018-02-08 02:00:00,103.0,-8.3,65,0.4,1750,-13.7,0.0,0.0,0.0,Winter,No Holiday,Yes
2018-02-08 03:00:00,57.0,-8.6,64,0.9,1754,-14.1,0.0,0.0,0.0,Winter,No Holiday,Yes
2018-02-08 04:00:00,46.0,-9.0,54,0.6,1833,-16.6,0.0,0.0,0.0,Winter,No Holiday,Yes
2018-02-08 05:00:00,39.0,-9.0,56,0.4,1678,-16.1,0.0,0.0,0.0,Winter,No Holiday,Yes
2018-02-08 06:00:00,99.0,-9.3,61,0.7,1684,-15.4,0.0,0.0,0.0,Winter,No Holiday,Yes
2018-02-08 07:00:00,255.0,-9.6,67,1.0,1503,-14.5,0.0,0.0,0.0,Winter,No Holiday,Yes
2018-02-08 08:00:00,507.0,-9.7,65,0.8,1508,-15.0,0.02,0.0,0.0,Winter,No Holiday,Yes
2018-02-08 09:00:00,270.0,-8.5,55,1.0,1482,-15.9,0.4,0.0,0.0,Winter,No Holiday,Yes
2018-02-08 10:00:00,160.0,-6.3,46,1.3,1346,-16.0,1.01,0.0,0.0,Winter,No Holiday,Yes
2018-02-08 11:00:00,217.0,-3.1,39,1.2,1495,-15.1,1.54,0.0,0.0,Winter,No Holiday,Yes
2018-02-08 12:00:00,253.0,-1.5,35,1.2,1551,-15.0,1.9,0.0,0.0,Winter,No Holiday,Yes
2018-02-08 13:00:00,270.0,0.3,30,1.4,1697,-15.2,2.11,0.0,0.0,Winter,No Holiday,Yes
2018-02-08 14:00:00,253.0,0.9,25,2.4,1730,-16.9,2.09,0.0,0.0,Winter,No Holiday,Yes
2018-02-08 15:00:00,286.0,1.4,25,2.2,1686,-16.5,1.81,0.0,0.0,Winter,No Holiday,Yes
2018-02-08 16:00:00,284.0,2.0,25,2.3,1755,-16.0,1.3,0.0,0.0,Winter,No Holiday,Yes
2018-02-08 17:00:00,337.0,1.5,24,1.9,1788,-16.9,0.72,0.0,0.0,Winter,No Holiday,Yes
2018-02-08 18:00:00,564.0,-0.5,26,1.7,1999,-17.7,0.15,0.0,0.0,Winter,No Holiday,Yes
2018-02-08 19:00:00,378.0,-1.8,35,1.4,1558,-15.2,0.0,0.0,0.0,Winter,No Holiday,Yes
2018-02-08 20:00:00,277.0,-2.8,40,1.5,1593,-14.5,0.0,0.0,0.0,Winter,No Holiday,Yes
2018-02-08 21:00:00,268.0,-3.3,42,1.1,1596,-14.4,0.0,0.0,0.0,Winter,No Holiday,Yes
2018-02-08 22:00:00,233.0,-3.9,41,0.4,1462,-15.2,0.0,0.0,0.0,Winter,No Holiday,Yes
2018-02-08 23:00:00,195.0,-4.3,44,0.7,1247,-14.7,0.0,0.0,0.0,Winter,No Holiday,Yes
2018-02-09 00:00:00,178.0,-4.6,38,0.1,1551,-16.7,0.0,0.0,0.0,Winter,No Holiday,Yes
2018-02-09 01:00:00,159.0,-4.8,44,1.1,1432,-15.2,0.0,0.0,0.0,Winter,No Holiday,Yes
2018-02-09 02:00:00,107.0,-5.1,47,0.9,1460,-14.6,0.0,0.0,0.0,Winter,No Holiday,Yes
2018-02-09 03:00:00,78.0,-5.2,48,0.7,1309,-14.5,0.0,0.0,0.0,Winter,No Holiday,Yes
2018-02-09 04:00:00,46.0,-4.4,47,0.9,1343,-14.0,0.0,0.0,0.0,Winter,No Holiday,Yes
2018-02-09 05:00:00,36.0,-4.2,44,1.1,1196,-14.6,0.0,0.0,0.0,Winter,No Holiday,Yes
2018-02-09 06:00:00,117.0,-4.0,41,0.8,1242,-15.3,0.0,0.0,0.0,Winter,No Holiday,Yes
2018-02-09 07:00:00,273.0,-3.6,42,0.9,1258,-14.6,0.0,0.0,0.0,Winter,No Holiday,Yes
2018-02-09 08:00:00,589.0,-3.3,39,0.9,1279,-15.3,0.02,0.0,0.0,Winter,No Holiday,Yes
2018-02-09 09:00:00,308.0,-2.4,36,1.2,1276,-15.4,0.2,0.0,0.0,Winter,No Holiday,Yes
2018-02-09 10:00:00,199.0,-1.3,34,0.5,1192,-15.1,0.32,0.0,0.0,Winter,No Holiday,Yes
2018-02-09 11:00:00,238.0,-0.2,31,0.8,1269,-15.3,0.5,0.0,0.0,Winter,No Holiday,Yes
2018-02-09 12:00:00,260.0,1.6,28,0.5,1193,-14.9,0.88,0.0,0.0,Winter,No Holiday,Yes
2018-02-09 13:00:00,268.0,2.6,27,0.8,1120,-14.5,0.82,0.0,0.0,Winter,No Holiday,Yes
2018-02-09 14:00:00,283.0,4.0,25,0.9,1009,-14.3,1.06,0.0,0.0,Winter,No Holiday,Yes
2018-02-09 15:00:00,315.0,5.0,24,1.0,1037,-13.9,1.16,0.0,0.0,Winter,No Holiday,Yes
2018-02-09 16:00:00,319.0,6.0,28,1.7,1183,-11.1,1.03,0.0,0.0,Winter,No Holiday,Yes
2018-02-09 17:00:00,422.0,4.8,38,3.0,1582,-8.3,0.47,0.0,0.0,Winter,No Holiday,Yes
2018-02-09 18:00:00,659.0,4.1,40,2.1,1327,-8.3,0.1,0.0,0.0,Winter,No Holiday,Yes
2018-02-09 19:00:00,407.0,3.3,58,1.7,1024,-4.1,0.0,0.0,0.0,Winter,No Holiday,Yes
2018-02-09 20:00:00,308.0,3.0,61,1.9,842,-3.8,0.0,0.0,0.0,Winter,No Holiday,Yes
2018-02-09 21:00:00,243.0,2.9,63,1.0,786,-3.4,0.0,0.0,0.0,Winter,No Holiday,Yes
2018-02-09 22:00:00,263.0,2.5,66,1.1,759,-3.2,0.0,0.0,0.0,Winter,No Holiday,Yes
2018-02-09 23:00:00,193.0,2.0,70,0.7,689,-2.9,0.0,0.0,0.0,Winter,No Holiday,Yes
2018-02-10 00:00:00,197.0,1.5,71,1.1,590,-3.1,0.0,0.0,0.0,Winter,No Holiday,Yes
2018-02-10 01:00:00,237.0,1.7,71,1.2,584,-3.0,0.0,0.0,0.0,Winter,No Holiday,Yes
2018-02-10 02:00:00,169.0,1.9,71,1.5,584,-2.8,0.0,0.0,0.0,Winter,No Holiday,Yes
2018-02-10 03:00:00,145.0,2.0,71,1.2,534,-2.7,0.0,0.0,0.0,Winter,No Holiday,Yes
2018-02-10 04:00:00,79.0,1.9,74,1.2,514,-2.2,0.0,0.0,0.0,Winter,No Holiday,Yes
2018-02-10 05:00:00,41.0,1.8,75,2.0,484,-2.1,0.0,0.0,0.0,Winter,No Holiday,Yes
2018-02-10 06:00:00,48.0,1.6,78,1.6,448,-1.8,0.0,0.0,0.0,Winter,No Holiday,Yes
2018-02-10 07:00:00,97.0,1.6,81,1.4,393,-1.3,0.0,0.0,0.0,Winter,No Holiday,Yes
2018-02-10 08:00:00,188.0,1.6,82,1.3,349,-1.1,0.01,0.0,0.0,Winter,No Holiday,Yes
2018-02-10 09:00:00,222.0,1.6,78,2.0,260,-1.8,0.17,0.0,0.0,Winter,No Holiday,Yes
2018-02-10 10:00:00,223.0,1.8,73,2.8,270,-2.5,0.69,0.0,0.0,Winter,No Holiday,Yes
2018-02-10 11:00:00,235.0,2.6,62,2.9,294,-3.9,1.12,0.0,0.0,Winter,No Holiday,Yes
2018-02-10 12:00:00,248.0,2.9,53,4.7,354,-5.7,1.37,0.0,0.0,Winter,No Holiday,Yes
2018-02-10 13:00:00,296.0,2.8,31,4.0,967,-12.6,1.42,0.0,0.0,Winter,No Holiday,Yes
2018-02-10 14:00:00,286.0,2.2,24,4.5,1700,-16.3,1.66,0.0,0.0,Winter,No Holiday,Yes
2018-02-10 15:00:00,277.0,2.0,20,4.1,1942,-18.6,1.49,0.0,0.0,Winter,No Holiday,Yes
2018-02-10 16:00:00,291.0,0.3,17,4.9,2000,-21.9,0.87,0.0,0.0,Winter,No Holiday,Yes
2018-02-10 17:00:00,277.0,-0.9,19,5.0,2000,-21.6,0.48,0.0,0.0,Winter,No Holiday,Yes
2018-02-10 18:00:00,216.0,-2.0,15,5.6,2000,-25.2,0.13,0.0,0.0,Winter,No Holiday,Yes
2018-02-10 19:00:00,151.0,-3.1,14,5.1,2000,-26.9,0.0,0.0,0.0,Winter,No Holiday,Yes
2018-02-10 20:00:00,132.0,-4.4,19,5.8,2000,-24.6,0.0,0.0,0.0,Winter,No Holiday,Yes
2018-02-10 21:00:00,124.0,-5.6,28,4.1,2000,-21.2,0.0,0.0,0.0,Winter,No Holiday,Yes
2018-02-10 22:00:00,128.0,-6.2,32,3.5,2000,-20.2,0.0,0.0,0.0,Winter,No Holiday,Yes
2018-02-10 23:00:00,118.0,-6.7,35,2.1,2000,-19.6,0.0,0.0,0.0,Winter,No Holiday,Yes
2018-02-11 00:00:00,112.0,-6.9,36,2.1,2000,-19.5,0.0,0.0,0.0,Winter,No Holiday,Yes
2018-02-11 01:00:00,95.0,-7.0,38,2.6,2000,-18.9,0.0,0.0,0.0,Winter,No Holiday,Yes
2018-02-11 02:00:00,93.0,-7.0,42,1.6,2000,-17.7,0.0,0.0,0.0,Winter,No Holiday,Yes
2018-02-11 03:00:00,58.0,-7.2,43,2.0,2000,-17.6,0.0,0.0,0.0,Winter,No Holiday,Yes
2018-02-11 04:00:00,34.0,-7.5,42,2.4,1998,-18.2,0.0,0.0,0.0,Winter,No Holiday,Yes
2018-02-11 05:00:00,19.0,-7.8,39,2.8,2000,-19.3,0.0,0.0,0.0,Winter,No Holiday,Yes
2018-02-11 06:00:00,39.0,-8.4,33,1.4,1963,-21.8,0.0,0.0,0.0,Winter,No Holiday,Yes
2018-02-11 07:00:00,40.0,-9.2,34,2.0,1945,-22.2,0.0,0.0,0.0,Winter,No Holiday,Yes
2018-02-11 08:00:00,81.0,-9.4,29,1.9,1967,-24.1,0.03,0.0,0.0,Winter,No Holiday,Yes
2018-02-11 09:00:00,126.0,-8.6,28,1.5,1786,-23.8,0.49,0.0,0.0,Winter,No Holiday,Yes
2018-02-11 10:00:00,130.0,-6.9,21,3.4,1827,-25.6,1.16,0.0,0.0,Winter,No Holiday,Yes
2018-02-11 11:00:00,155.0,-5.0,25,3.2,1853,-22.0,1.75,0.0,0.0,Winter,No Holiday,Yes
2018-02-11 12:00:00,174.0,-3.9,28,2.9,1921,-19.7,2.12,0.0,0.0,Winter,No Holiday,Yes
2018-02-11 13:00:00,212.0,-2.4,28,3.0,1953,-18.4,2.35,0.0,0.0,Winter,No Holiday,Yes
2018-02-11 14:00:00,191.0,-2.2,29,4.1,1983,-17.8,1.93,0.0,0.0,Winter,No Holiday,Yes
2018-02-11 15:00:00,181.0,-2.6,31,2.7,1987,-17.4,1.36,0.0,0.0,Winter,No Holiday,Yes
2018-02-11 16:00:00,175.0,-3.6,36,4.4,2000,-16.5,0.67,0.0,0.0,Winter,No Holiday,Yes
2018-02-11 17:00:00,198.0,-4.2,47,2.7,2000,-13.8,0.31,0.0,0.0,Winter,No Holiday,Yes
2018-02-11 18:00:00,150.0,-4.6,56,3.6,2000,-12.0,0.09,0.0,0.0,Winter,No Holiday,Yes
2018-02-11 19:00:00,147.0,-5.2,66,3.1,2000,-10.5,0.0,0.0,0.0,Winter,No Holiday,Yes
2018-02-11 20:00:00,127.0,-5.7,67,2.6,2000,-10.8,0.0,0.0,0.0,Winter,No Holiday,Yes
2018-02-11 21:00:00,119.0,-5.6,69,2.2,1984,-10.3,0.0,0.0,0.0,Winter,No Holiday,Yes
2018-02-11 22:00:00,103.0,-5.8,57,3.2,1980,-12.9,0.0,0.0,0.0,Winter,No Holiday,Yes
2018-02-11 23:00:00,91.0,-7.0,49,3.4,1984,-15.9,0.0,0.0,0.0,Winter,No Holiday,Yes
2018-02-12 00:00:00,103.0,-7.7,52,3.2,1982,-15.8,0.0,0.0,0.0,Winter,No Holiday,Yes
2018-02-12 01:00:00,69.0,-7.9,52,3.7,1961,-16.0,0.0,0.0,0.0,Winter,No Holiday,Yes
2018-02-12 02:00:00,45.0,-8.3,49,2.7,2000,-17.1,0.0,0.0,0.0,Winter,No Holiday,Yes
2018-02-12 03:00:00,21.0,-8.5,35,2.7,2000,-21.2,0.0,0.0,0.0,Winter,No Holiday,Yes
2018-02-12 04:00:00,33.0,-8.6,31,3.5,2000,-22.7,0.0,0.0,0.0,Winter,No Holiday,Yes
2018-02-12 05:00:00,30.0,-9.2,37,1.1,2000,-21.2,0.0,0.0,0.0,Winter,No Holiday,Yes
2018-02-12 06:00:00,109.0,-9.5,36,1.5,2000,-21.8,0.0,0.0,0.0,Winter,No Holiday,Yes
2018-02-12 07:00:00,236.0,-9.5,35,1.1,2000,-22.1,0.0,0.0,0.0,Winter,No Holiday,Yes
2018-02-12 08:00:00,517.0,-9.1,33,2.1,1998,-22.4,0.03,0.0,0.0,Winter,No Holiday,Yes
2018-02-12 09:00:00,262.0,-8.4,28,2.2,1947,-23.7,0.49,0.0,0.0,Winter,No Holiday,Yes
2018-02-12 10:00:00,161.0,-6.7,23,2.4,1938,-24.4,1.25,0.0,0.0,Winter,No Holiday,Yes
2018-02-12 11:00:00,190.0,-6.1,25,2.8,1976,-22.9,1.28,0.0,0.0,Winter,No Holiday,Yes
2018-02-12 12:00:00,202.0,-4.6,32,4.2,1874,-18.8,1.43,0.0,0.0,Winter,No Holiday,Yes
2018-02-12 13:00:00,246.0,-2.7,29,2.9,1961,-18.3,2.29,0.0,0.0,Winter,No Holiday,Yes
2018-02-12 14:00:00,182.0,-2.4,30,3.4,1824,-17.6,2.08,0.0,0.0,Winter,No Holiday,Yes
2018-02-12 15:00:00,228.0,-2.1,30,3.9,1933,-17.3,2.22,0.0,0.0,Winter,No Holiday,Yes
2018-02-12 16:00:00,239.0,-2.4,33,4.5,1815,-16.5,1.55,0.0,0.0,Winter,No Holiday,Yes
2018-02-12 17:00:00,288.0,-3.1,36,4.4,1988,-16.0,0.89,0.0,0.0,Winter,No Holiday,Yes
2018-02-12 18:00:00,475.0,-4.4,46,3.5,2000,-14.3,0.23,0.0,0.0,Winter,No Holiday,Yes
2018-02-12 19:00:00,340.0,-4.9,52,2.0,2000,-13.2,0.0,0.0,0.0,Winter,No Holiday,Yes
2018-02-12 20:00:00,244.0,-4.7,55,1.7,2000,-12.3,0.0,0.0,0.0,Winter,No Holiday,Yes
2018-02-12 21:00:00,253.0,-4.3,59,3.0,1239,-11.1,0.0,0.0,0.0,Winter,No Holiday,Yes
2018-02-12 22:00:00,200.0,-4.2,57,1.7,2000,-11.4,0.0,0.0,0.0,Winter,No Holiday,Yes
2018-02-12 23:00:00,140.0,-4.4,58,2.4,2000,-11.4,0.0,0.0,0.0,Winter,No Holiday,Yes
2018-02-13 00:00:00,158.0,-5.0,60,1.8,1995,-11.5,0.0,0.0,0.0,Winter,No Holiday,Yes
2018-02-13 01:00:00,146.0,-5.5,60,1.3,1994,-12.0,0.0,0.0,0.0,Winter,No Holiday,Yes
2018-02-13 02:00:00,106.0,-6.0,58,2.0,2000,-12.9,0.0,0.0,0.0,Winter,No Holiday,Yes
2018-02-13 03:00:00,70.0,-6.2,61,1.3,1992,-12.5,0.0,0.0,0.0,Winter,No Holiday,Yes
2018-02-13 04:00:00,46.0,-6.4,62,1.8,1978,-12.4,0.0,0.0,0.0,Winter,No Holiday,Yes
2018-02-13 05:00:00,51.0,-6.7,64,1.6,1981,-12.3,0.0,0.0,0.0,Winter,No Holiday,Yes
2018-02-13 06:00:00,96.0,-7.1,70,1.0,1977,-11.6,0.0,0.0,0.0,Winter,No Holiday,Yes
2018-02-13 07:00:00,294.0,-7.2,70,1.9,1946,-11.7,0.0,0.0,0.0,Winter,No Holiday,Yes
2018-02-13 08:00:00,568.0,-7.1,68,0.6,1931,-12.0,0.03,0.0,0.0,Winter,No Holiday,Yes
2018-02-13 09:00:00,285.0,-5.9,52,1.4,1935,-14.1,0.53,0.0,0.0,Winter,No Holiday,Yes
2018-02-13 10:00:00,200.0,-2.4,41,1.5,1905,-13.8,1.19,0.0,0.0,Winter,No Holiday,Yes
2018-02-13 11:00:00,252.0,-0.3,40,3.4,1728,-12.2,1.73,0.0,0.0,Winter,No Holiday,Yes
2018-02-13 12:00:00,281.0,1.0,41,3.3,1794,-10.8,2.11,0.0,0.0,Winter,No Holiday,Yes
2018-02-13 13:00:00,256.0,2.6,40,3.5,1854,-9.6,2.28,0.0,0.0,Winter,No Holiday,Yes
2018-02-13 14:00:00,300.0,3.7,39,3.8,1908,-9.0,2.19,0.0,0.0,Winter,No Holiday,Yes
2018-02-13 15:00:00,295.0,3.7,40,5.3,1950,-8.6,1.96,0.0,0.0,Winter,No Holiday,Yes
2018-02-13 16:00:00,328.0,3.9,41,4.0,1973,-8.1,1.24,0.0,0.0,Winter,No Holiday,Yes
2018-02-13 17:00:00,410.0,3.5,46,3.1,1992,-7.0,0.39,0.0,0.0,Winter,No Holiday,Yes
2018-02-13 18:00:00,604.0,3.1,50,3.7,2000,-6.3,0.07,0.0,0.0,Winter,No Holiday,Yes
2018-02-13 19:00:00,406.0,2.4,57,3.2,1995,-5.2,0.0,0.0,0.0,Winter,No Holiday,Yes
2018-02-13 20:00:00,323.0,2.3,59,3.8,1981,-4.9,0.0,0.0,0.0,Winter,No Holiday,Yes
2018-02-13 21:00:00,290.0,2.6,57,3.8,2000,-5.0,0.0,0.0,0.0,Winter,No Holiday,Yes
2018-02-13 22:00:00,291.0,2.6,57,3.1,2000,-5.0,0.0,0.0,0.0,Winter,No Holiday,Yes
2018-02-13 23:00:00,211.0,2.4,59,3.2,2000,-4.8,0.0,0.0,0.0,Winter,No Holiday,Yes
2018-02-14 00:00:00,178.0,2.0,65,2.2,1885,-3.9,0.0,0.0,0.0,Winter,No Holiday,Yes
2018-02-14 01:00:00,213.0,1.3,67,1.2,1738,-4.1,0.0,0.0,0.0,Winter,No Holiday,Yes
2018-02-14 02:00:00,129.0,1.2,64,0.9,1680,-4.8,0.0,0.0,0.0,Winter,No Holiday,Yes
2018-02-14 03:00:00,101.0,1.1,65,1.0,1596,-4.7,0.0,0.0,0.0,Winter,No Holiday,Yes
2018-02-14 04:00:00,51.0,1.1,67,1.7,1506,-4.3,0.0,0.0,0.0,Winter,No Holiday,Yes
2018-02-14 05:00:00,56.0,1.0,68,0.6,1519,-4.2,0.0,0.0,0.0,Winter,No Holiday,Yes
2018-02-14 06:00:00,108.0,1.1,66,0.9,1550,-4.5,0.0,0.0,0.0,Winter,No Holiday,Yes
2018-02-14 07:00:00,292.0,1.3,66,1.1,1534,-4.3,0.0,0.0,0.0,Winter,No Holiday,Yes
2018-02-14 08:00:00,606.0,2.1,65,1.1,1559,-3.8,0.01,0.0,0.0,Winter,No Holiday,Yes
2018-02-14 09:00:00,326.0,3.9,64,2.9,1483,-2.3,0.18,0.0,0.0,Winter,No Holiday,Yes
2018-02-14 10:00:00,241.0,5.2,65,3.9,1313,-0.8,0.56,0.0,0.0,Winter,No Holiday,Yes
2018-02-14 11:00:00,288.0,6.3,67,3.5,1179,0.6,0.52,0.0,0.0,Winter,No Holiday,Yes
2018-02-14 12:00:00,312.0,6.9,67,3.9,986,1.1,0.42,0.0,0.0,Winter,No Holiday,Yes
2018-02-14 13:00:00,349.0,7.2,65,3.8,773,1.0,0.61,0.0,0.0,Winter,No Holiday,Yes
2018-02-14 14:00:00,398.0,7.8,57,3.5,675,-0.2,1.34,0.0,0.0,Winter,No Holiday,Yes
2018-02-14 15:00:00,461.0,8.7,48,4.1,767,-1.7,1.68,0.0,0.0,Winter,No Holiday,Yes
2018-02-14 16:00:00,447.0,8.0,36,3.5,1013,-6.1,1.09,0.0,0.0,Winter,No Holiday,Yes
2018-02-14 17:00:00,484.0,6.6,34,2.8,1300,-8.1,0.42,0.0,0.0,Winter,No Holiday,Yes
2018-02-14 18:00:00,559.0,5.1,34,2.3,1440,-9.5,0.09,0.0,0.0,Winter,No Holiday,Yes
2018-02-14 19:00:00,316.0,3.9,37,1.4,1417,-9.4,0.0,0.0,0.0,Winter,No Holiday,Yes
2018-02-14 20:00:00,262.0,2.8,29,2.8,1473,-13.5,0.0,0.0,0.0,Winter,No Holiday,Yes
2018-02-14 21:00:00,216.0,1.7,27,3.1,1734,-15.3,0.0,0.0,0.0,Winter,No Holiday,Yes
2018-02-14 22:00:00,218.0,0.3,33,4.0,1436,-14.1,0.0,0.0,0.0,Winter,No Holiday,Yes
2018-02-14 23:00:00,160.0,-0.3,35,2.1,1577,-13.9,0.0,0.0,0.0,Winter,No Holiday,Yes
2018-02-15 00:00:00,126.0,-0.7,37,3.5,1716,-13.6,0.0,0.0,0.0,Winter,Holiday,Yes
2018-02-15 01:00:00,123.0,-1.1,38,2.8,1999,-13.6,0.0,0.0,0.0,Winter,Holiday,Yes
2018-02-15 02:00:00,112.0,-1.2,35,2.2,2000,-14.7,0.0,0.0,0.0,Winter,Holiday,Yes
2018-02-15 03:00:00,74.0,-1.4,34,2.1,2000,-15.2,0.0,0.0,0.0,Winter,Holiday,Yes
2018-02-15 04:00:00,58.0,-1.9,34,3.0,2000,-15.7,0.0,0.0,0.0,Winter,Holiday,Yes
2018-02-15 05:00:00,32.0,-2.4,33,3.1,2000,-16.5,0.0,0.0,0.0,Winter,Holiday,Yes
2018-02-15 06:00:00,39.0,-2.6,38,1.0,2000,-15.0,0.0,0.0,0.0,Winter,Holiday,Yes
2018-02-15 07:00:00,55.0,-3.0,40,0.9,2000,-14.7,0.0,0.0,0.0,Winter,Holiday,Yes
2018-02-15 08:00:00,112.0,-3.0,38,1.0,2000,-15.4,0.0,0.0,0.0,Winter,Holiday,Yes
2018-02-15 09:00:00,112.0,-3.5,30,1.5,1980,-18.6,0.0,0.0,0.0,Winter,Holiday,Yes
2018-02-15 10:00:00,127.0,-1.6,26,1.9,1980,-18.6,1.29,0.0,0.0,Winter,Holiday,Yes
2018-02-15 11:00:00,170.0,0.1,22,2.0,2000,-19.1,1.84,0.0,0.0,Winter,Holiday,Yes
2018-02-15 12:00:00,174.0,1.7,20,3.0,1983,-18.9,2.28,0.0,0.0,Winter,Holiday,Yes
2018-02-15 13:00:00,240.0,2.2,18,3.4,1942,-19.7,2.3,0.0,0.0,Winter,Holiday,Yes
2018-02-15 14:00:00,270.0,2.9,14,4.3,2000,-22.0,2.29,0.0,0.0,Winter,Holiday,Yes
2018-02-15 15:00:00,276.0,3.8,17,3.2,2000,-19.0,1.97,0.0,0.0,Winter,Holiday,Yes
2018-02-15 16:00:00,273.0,3.2,16,3.0,2000,-20.2,1.45,0.0,0.0,Winter,Holiday,Yes
2018-02-15 17:00:00,236.0,2.4,17,3.1,1990,-20.2,0.78,0.0,0.0,Winter,Holiday,Yes
2018-02-15 18:00:00,190.0,1.1,18,2.5,2000,-20.6,0.2,0.0,0.0,Winter,Holiday,Yes
2018-02-15 19:00:00,166.0,0.1,21,2.9,2000,-19.7,0.0,0.0,0.0,Winter,Holiday,Yes
2018-02-15 20:00:00,148.0,-0.4,27,2.2,2000,-17.1,0.0,0.0,0.0,Winter,Holiday,Yes
2018-02-15 21:00:00,134.0,-1.1,32,2.4,2000,-15.7,0.0,0.0,0.0,Winter,Holiday,Yes
2018-02-15 22:00:00,145.0,-1.9,30,0.8,2000,-17.2,0.0,0.0,0.0,Winter,Holiday,Yes
2018-02-15 23:00:00,92.0,-2.5,31,1.4,1996,-17.3,0.0,0.0,0.0,Winter,Holiday,Yes
2018-02-16 00:00:00,105.0,-3.3,35,1.8,1977,-16.6,0.0,0.0,0.0,Winter,Holiday,Yes
2018-02-16 01:00:00,77.0,-3.6,35,2.0,1943,-16.8,0.0,0.0,0.0,Winter,Holiday,Yes
2018-02-16 02:00:00,47.0,-4.1,38,1.2,1996,-16.3,0.0,0.0,0.0,Winter,Holiday,Yes
2018-02-16 03:00:00,36.0,-4.4,37,1.7,1989,-16.9,0.0,0.0,0.0,Winter,Holiday,Yes
2018-02-16 04:00:00,35.0,-4.5,42,1.4,1944,-15.5,0.0,0.0,0.0,Winter,Holiday,Yes
2018-02-16 05:00:00,28.0,-5.0,44,0.9,1976,-15.3,0.0,0.0,0.0,Winter,Holiday,Yes
2018-02-16 06:00:00,30.0,-5.2,42,0.7,1980,-16.1,0.0,0.0,0.0,Winter,Holiday,Yes
2018-02-16 07:00:00,49.0,-5.4,41,0.3,2000,-16.6,0.0,0.0,0.0,Winter,Holiday,Yes
2018-02-16 08:00:00,68.0,-5.4,38,0.7,2000,-17.5,0.04,0.0,0.0,Winter,Holiday,Yes
2018-02-16 09:00:00,48.0,-4.3,33,0.7,1923,-18.2,0.6,0.0,0.0,Winter,Holiday,Yes
2018-02-16 10:00:00,78.0,-1.3,32,1.5,1933,-15.9,1.24,0.0,0.0,Winter,Holiday,Yes
2018-02-16 11:00:00,93.0,1.0,25,1.4,1782,-16.8,1.7,0.0,0.0,Winter,Holiday,Yes
2018-02-16 12:00:00,137.0,2.2,19,1.4,1946,-19.1,2.01,0.0,0.0,Winter,Holiday,Yes
2018-02-16 13:00:00,169.0,3.5,17,3.2,1971,-19.3,2.2,0.0,0.0,Winter,Holiday,Yes
2018-02-16 14:00:00,196.0,4.2,18,3.3,1976,-18.0,2.25,0.0,0.0,Winter,Holiday,Yes
2018-02-16 15:00:00,243.0,4.0,26,3.5,2000,-13.8,1.75,0.0,0.0,Winter,Holiday,Yes
2018-02-16 16:00:00,189.0,3.3,38,3.8,1921,-9.6,1.33,0.0,0.0,Winter,Holiday,Yes
2018-02-16 17:00:00,210.0,2.5,48,4.2,1979,-7.4,0.76,0.0,0.0,Winter,Holiday,Yes
2018-02-16 18:00:00,165.0,1.4,56,3.2,1932,-6.4,0.22,0.0,0.0,Winter,Holiday,Yes
2018-02-16 19:00:00,126.0,0.6,59,2.3,1939,-6.5,0.0,0.0,0.0,Winter,Holiday,Yes
2018-02-16 20:00:00,150.0,0.2,61,1.9,1956,-6.4,0.0,0.0,0.0,Winter,Holiday,Yes
2018-02-16 21:00:00,114.0,0.1,67,2.5,1451,-5.3,0.0,0.0,0.0,Winter,Holiday,Yes
2018-02-16 22:00:00,116.0,-0.6,70,3.4,1204,-5.4,0.0,0.0,0.0,Winter,Holiday,Yes
2018-02-16 23:00:00,84.0,-2.0,51,3.2,1336,-10.8,0.0,0.0,0.0,Winter,Holiday,Yes
2018-02-17 00:00:00,79.0,-2.7,41,3.2,1695,-14.1,0.0,0.0,0.0,Winter,Holiday,Yes
2018-02-17 01:00:00,71.0,-3.1,36,3.5,2000,-16.0,0.0,0.0,0.0,Winter,Holiday,Yes
2018-02-17 02:00:00,56.0,-3.8,30,3.9,2000,-18.8,0.0,0.0,0.0,Winter,Holiday,Yes
2018-02-17 03:00:00,34.0,-4.5,28,3.0,2000,-20.3,0.0,0.0,0.0,Winter,Holiday,Yes
2018-02-17 04:00:00,20.0,-5.2,28,2.5,2000,-20.9,0.0,0.0,0.0,Winter,Holiday,Yes
2018-02-17 05:00:00,14.0,-5.7,31,2.3,1999,-20.1,0.0,0.0,0.0,Winter,Holiday,Yes
2018-02-17 06:00:00,39.0,-6.2,32,2.5,2000,-20.2,0.0,0.0,0.0,Winter,Holiday,Yes
2018-02-17 07:00:00,35.0,-6.8,32,1.6,2000,-20.7,0.0,0.0,0.0,Winter,Holiday,Yes
2018-02-17 08:00:00,80.0,-7.1,30,1.7,1991,-21.7,0.04,0.0,0.0,Winter,Holiday,Yes
2018-02-17 09:00:00,98.0,-6.5,26,2.4,1874,-22.8,0.64,0.0,0.0,Winter,Holiday,Yes
2018-02-17 10:00:00,103.0,-4.3,21,1.4,1908,-23.4,1.34,0.0,0.0,Winter,Holiday,Yes
2018-02-17 11:00:00,155.0,-2.8,19,2.6,1957,-23.2,1.91,0.0,0.0,Winter,Holiday,Yes
2018-02-17 12:00:00,183.0,-1.3,17,1.5,1998,-23.2,2.28,0.0,0.0,Winter,Holiday,Yes
2018-02-17 13:00:00,193.0,-0.4,15,2.4,1938,-23.9,2.46,0.0,0.0,Winter,Holiday,Yes
2018-02-17 14:00:00,258.0,-0.1,15,4.0,2000,-23.7,2.39,0.0,0.0,Winter,Holiday,Yes
2018-02-17 15:00:00,273.0,1.0,14,4.6,2000,-23.5,2.12,0.0,0.0,Winter,Holiday,Yes
2018-02-17 16:00:00,267.0,1.3,15,4.2,2000,-22.5,1.63,0.0,0.0,Winter,Holiday,Yes
2018-02-17 17:00:00,250.0,0.6,17,3.3,2000,-21.7,0.79,0.0,0.0,Winter,Holiday,Yes
2018-02-17 18:00:00,223.0,-0.3,17,1.9,2000,-22.4,0.2,0.0,0.0,Winter,Holiday,Yes
2018-02-17 19:00:00,169.0,-1.5,32,2.5,2000,-16.0,0.0,0.0,0.0,Winter,Holiday,Yes
2018-02-17 20:00:00,145.0,-2.1,38,2.0,2000,-14.5,0.0,0.0,0.0,Winter,Holiday,Yes
2018-02-17 21:00:00,133.0,-2.3,38,2.3,2000,-14.7,0.0,0.0,0.0,Winter,Holiday,Yes
2018-02-17 22:00:00,123.0,-2.7,42,2.2,2000,-13.8,0.0,0.0,0.0,Winter,Holiday,Yes
2018-02-17 23:00:00,117.0,-2.9,31,3.8,2000,-17.7,0.0,0.0,0.0,Winter,Holiday,Yes
2018-02-18 00:00:00,99.0,-3.6,33,1.7,2000,-17.5,0.0,0.0,0.0,Winter,No Holiday,Yes
2018-02-18 01:00:00,103.0,-4.4,33,1.4,2000,-18.2,0.0,0.0,0.0,Winter,No Holiday,Yes
2018-02-18 02:00:00,86.0,-4.7,33,0.1,2000,-18.5,0.0,0.0,0.0,Winter,No Holiday,Yes
2018-02-18 03:00:00,56.0,-4.5,26,0.0,2000,-21.1,0.0,0.0,0.0,Winter,No Holiday,Yes
2018-02-18 04:00:00,37.0,-4.1,27,0.6,2000,-20.3,0.0,0.0,0.0,Winter,No Holiday,Yes
2018-02-18 05:00:00,22.0,-4.0,28,0.5,2000,-19.8,0.0,0.0,0.0,Winter,No Holiday,Yes
2018-02-18 06:00:00,38.0,-4.1,30,1.1,2000,-19.1,0.0,0.0,0.0,Winter,No Holiday,Yes
2018-02-18 07:00:00,52.0,-4.6,31,1.2,2000,-19.2,0.0,0.0,0.0,Winter,No Holiday,Yes
2018-02-18 08:00:00,92.0,-4.8,31,0.8,2000,-19.3,0.02,0.0,0.0,Winter,No Holiday,Yes
2018-02-18 09:00:00,137.0,-4.1,30,0.5,2000,-19.1,0.28,0.0,0.0,Winter,No Holiday,Yes
2018-02-18 10:00:00,156.0,-1.8,23,0.6,2000,-20.2,0.8,0.0,0.0,Winter,No Holiday,Yes
2018-02-18 11:00:00,183.0,0.0,20,0.8,1975,-20.3,1.05,0.0,0.0,Winter,No Holiday,Yes
2018-02-18 12:00:00,263.0,2.2,17,1.0,1979,-20.4,1.75,0.0,0.0,Winter,No Holiday,Yes
2018-02-18 13:00:00,337.0,3.7,17,1.4,2000,-19.1,1.98,0.0,0.0,Winter,No Holiday,Yes
2018-02-18 14:00:00,372.0,4.1,17,1.8,1996,-18.8,1.87,0.0,0.0,Winter,No Holiday,Yes
2018-02-18 15:00:00,440.0,5.0,16,2.0,1970,-18.8,1.42,0.0,0.0,Winter,No Holiday,Yes
2018-02-18 16:00:00,404.0,5.1,16,1.8,1998,-18.7,1.17,0.0,0.0,Winter,No Holiday,Yes
2018-02-18 17:00:00,354.0,4.2,17,2.5,1990,-18.7,0.66,0.0,0.0,Winter,No Holiday,Yes
2018-02-18 18:00:00,310.0,2.8,25,3.0,2000,-15.3,0.22,0.0,0.0,Winter,No Holiday,Yes
2018-02-18 19:00:00,238.0,1.5,30,2.6,2000,-14.2,0.0,0.0,0.0,Winter,No Holiday,Yes
2018-02-18 20:00:00,213.0,0.6,33,1.9,2000,-13.8,0.0,0.0,0.0,Winter,No Holiday,Yes
2018-02-18 21:00:00,226.0,0.2,32,1.1,1951,-14.5,0.0,0.0,0.0,Winter,No Holiday,Yes
2018-02-18 22:00:00,191.0,-0.3,34,1.6,1981,-14.2,0.0,0.0,0.0,Winter,No Holiday,Yes
2018-02-18 23:00:00,153.0,-0.7,37,0.9,1814,-13.6,0.0,0.0,0.0,Winter,No Holiday,Yes
2018-02-19 00:00:00,148.0,-1.1,39,1.7,1832,-13.3,0.0,0.0,0.0,Winter,No Holiday,Yes
2018-02-19 01:00:00,101.0,-1.4,42,1.1,1805,-12.6,0.0,0.0,0.0,Winter,No Holiday,Yes
2018-02-19 02:00:00,59.0,-1.4,41,1.1,1582,-12.9,0.0,0.0,0.0,Winter,No Holiday,Yes
2018-02-19 03:00:00,42.0,-1.4,41,1.6,1870,-12.9,0.0,0.0,0.0,Winter,No Holiday,Yes
2018-02-19 04:00:00,50.0,-1.9,44,0.7,1907,-12.5,0.0,0.0,0.0,Winter,No Holiday,Yes
2018-02-19 05:00:00,59.0,-1.8,44,0.5,1862,-12.4,0.0,0.0,0.0,Winter,No Holiday,Yes
2018-02-19 06:00:00,139.0,-1.4,46,0.3,1651,-11.5,0.0,0.0,0.0,Winter,No Holiday,Yes
2018-02-19 07:00:00,349.0,-0.9,45,0.9,1820,-11.3,0.0,0.0,0.0,Winter,No Holiday,Yes
2018-02-19 08:00:00,646.0,-1.2,51,0.8,1800,-10.0,0.05,0.0,0.0,Winter,No Holiday,Yes
2018-02-19 09:00:00,347.0,-0.6,43,0.5,1596,-11.6,0.52,0.0,0.0,Winter,No Holiday,Yes
2018-02-19 10:00:00,235.0,2.6,45,1.2,1230,-8.1,1.17,0.0,0.0,Winter,No Holiday,Yes
2018-02-19 11:00:00,314.0,4.3,44,2.3,1091,-6.9,1.77,0.0,0.0,Winter,No Holiday,Yes
2018-02-19 12:00:00,361.0,4.7,43,2.1,1131,-6.8,1.38,0.0,0.0,Winter,No Holiday,Yes
2018-02-19 13:00:00,332.0,5.1,41,1.8,1097,-7.0,1.03,0.0,0.0,Winter,No Holiday,Yes
2018-02-19 14:00:00,373.0,5.6,38,1.6,1087,-7.6,1.1,0.0,0.0,Winter,No Holiday,Yes
2018-02-19 15:00:00,392.0,6.3,35,2.6,991,-8.0,1.2,0.0,0.0,Winter,No Holiday,Yes
2018-02-19 16:00:00,403.0,6.3,35,2.9,1117,-8.0,1.1,0.0,0.0,Winter,No Holiday,Yes
2018-02-19 17:00:00,522.0,5.7,36,3.0,1073,-8.2,0.57,0.0,0.0,Winter,No Holiday,Yes
2018-02-19 18:00:00,819.0,4.7,43,2.4,938,-6.8,0.19,0.0,0.0,Winter,No Holiday,Yes
2018-02-19 19:00:00,533.0,3.6,55,1.6,728,-4.6,0.0,0.0,0.0,Winter,No Holiday,Yes
2018-02-19 20:00:00,417.0,2.4,60,1.9,661,-4.5,0.0,0.0,0.0,Winter,No Holiday,Yes
2018-02-19 21:00:00,388.0,1.8,63,1.2,604,-4.5,0.0,0.0,0.0,Winter,No Holiday,Yes
2018-02-19 22:00:00,357.0,1.0,69,0.7,525,-4.0,0.0,0.0,0.0,Winter,No Holiday,Yes
2018-02-19 23:00:00,218.0,0.5,73,1.5,465,-3.7,0.0,0.0,0.0,Winter,No Holiday,Yes
2018-02-20 00:00:00,177.0,0.0,75,2.3,394,-3.9,0.0,0.0,0.0,Winter,No Holiday,Yes
2018-02-20 01:00:00,172.0,-0.5,76,1.6,402,-4.2,0.0,0.0,0.0,Winter,No Holiday,Yes
2018-02-20 02:00:00,115.0,-0.8,76,0.8,421,-4.5,0.0,0.0,0.0,Winter,No Holiday,Yes
2018-02-20 03:00:00,63.0,-1.3,80,0.7,392,-4.3,0.0,0.0,0.0,Winter,No Holiday,Yes
2018-02-20 04:00:00,64.0,-1.6,83,0.6,368,-4.1,0.0,0.0,0.0,Winter,No Holiday,Yes
2018-02-20 05:00:00,79.0,-1.8,82,1.3,375,-4.4,0.0,0.0,0.0,Winter,No Holiday,Yes
2018-02-20 06:00:00,164.0,-2.1,82,1.8,381,-4.7,0.0,0.0,0.0,Winter,No Holiday,Yes
2018-02-20 07:00:00,404.0,-2.2,76,1.9,527,-5.8,0.0,0.0,0.0,Winter,No Holiday,Yes
2018-02-20 08:00:00,727.0,-2.1,71,1.7,610,-6.6,0.06,0.0,0.0,Winter,No Holiday,Yes
2018-02-20 09:00:00,384.0,-1.4,56,1.4,709,-9.0,0.54,0.0,0.0,Winter,No Holiday,Yes
2018-02-20 10:00:00,265.0,1.1,38,3.1,1184,-11.6,1.13,0.0,0.0,Winter,No Holiday,Yes
2018-02-20 11:00:00,322.0,2.8,35,3.9,1265,-11.1,1.71,0.0,0.0,Winter,No Holiday,Yes
2018-02-20 12:00:00,356.0,4.0,23,3.5,1785,-15.3,2.03,0.0,0.0,Winter,No Holiday,Yes
2018-02-20 13:00:00,370.0,4.2,22,3.9,1812,-15.6,2.21,0.0,0.0,Winter,No Holiday,Yes
2018-02-20 14:00:00,335.0,5.0,20,3.7,1866,-16.1,2.12,0.0,0.0,Winter,No Holiday,Yes
2018-02-20 15:00:00,431.0,5.4,18,3.7,1940,-17.0,1.82,0.0,0.0,Winter,No Holiday,Yes
2018-02-20 16:00:00,393.0,5.1,17,3.4,2000,-18.0,1.2,0.0,0.0,Winter,No Holiday,Yes
2018-02-20 17:00:00,514.0,3.9,19,3.6,2000,-17.6,0.58,0.0,0.0,Winter,No Holiday,Yes
2018-02-20 18:00:00,764.0,3.2,20,2.9,2000,-17.6,0.16,0.0,0.0,Winter,No Holiday,Yes
2018-02-20 19:00:00,522.0,2.5,21,2.2,2000,-17.6,0.0,0.0,0.0,Winter,No Holiday,Yes
2018-02-20 20:00:00,358.0,1.8,19,3.1,2000,-19.4,0.0,0.0,0.0,Winter,No Holiday,Yes
2018-02-20 21:00:00,415.0,1.1,21,1.6,2000,-18.8,0.0,0.0,0.0,Winter,No Holiday,Yes
2018-02-20 22:00:00,319.0,0.5,22,2.9,2000,-18.8,0.0,0.0,0.0,Winter,No Holiday,Yes
2018-02-20 23:00:00,242.0,-0.5,26,3.3,2000,-17.7,0.0,0.0,0.0,Winter,No Holiday,Yes
2018-02-21 00:00:00,171.0,-1.4,28,3.4,1990,-17.6,0.0,0.0,0.0,Winter,No Holiday,Yes
2018-02-21 01:00:00,162.0,-2.2,31,1.1,1970,-17.0,0.0,0.0,0.0,Winter,No Holiday,Yes
2018-02-21 02:00:00,105.0,-2.9,31,1.6,1931,-17.7,0.0,0.0,0.0,Winter,No Holiday,Yes
2018-02-21 03:00:00,59.0,-3.4,32,0.9,1977,-17.7,0.0,0.0,0.0,Winter,No Holiday,Yes
2018-02-21 04:00:00,50.0,-3.8,32,1.1,2000,-18.1,0.0,0.0,0.0,Winter,No Holiday,Yes
2018-02-21 05:00:00,63.0,-4.0,35,1.8,2000,-17.2,0.0,0.0,0.0,Winter,No Holiday,Yes
2018-02-21 06:00:00,159.0,-4.0,34,3.4,2000,-17.5,0.0,0.0,0.0,Winter,No Holiday,Yes
2018-02-21 07:00:00,385.0,-4.1,35,3.5,1980,-17.3,0.0,0.0,0.0,Winter,No Holiday,Yes
2018-02-21 08:00:00,718.0,-4.3,36,1.9,1955,-17.1,0.06,0.0,0.0,Winter,No Holiday,Yes
2018-02-21 09:00:00,373.0,-3.8,28,1.7,1904,-19.6,0.63,0.0,0.0,Winter,No Holiday,Yes
2018-02-21 10:00:00,244.0,-1.8,25,2.6,1913,-19.2,1.17,0.0,0.0,Winter,No Holiday,Yes
2018-02-21 11:00:00,276.0,0.2,22,2.2,1907,-19.0,1.57,0.0,0.0,Winter,No Holiday,Yes
2018-02-21 12:00:00,351.0,2.2,17,2.0,1824,-20.4,1.99,0.0,0.0,Winter,No Holiday,Yes
2018-02-21 13:00:00,299.0,2.9,14,3.3,2000,-22.0,2.14,0.0,0.0,Winter,No Holiday,Yes
2018-02-21 14:00:00,365.0,3.3,14,2.9,1985,-21.7,2.49,0.0,0.0,Winter,No Holiday,Yes
2018-02-21 15:00:00,366.0,4.2,15,2.7,1995,-20.2,2.21,0.0,0.0,Winter,No Holiday,Yes
2018-02-21 16:00:00,409.0,3.7,14,3.9,2000,-21.4,1.71,0.0,0.0,Winter,No Holiday,Yes
2018-02-21 17:00:00,469.0,3.1,14,3.7,2000,-21.9,1.0,0.0,0.0,Winter,No Holiday,Yes
2018-02-21 18:00:00,784.0,1.8,16,3.4,2000,-21.4,0.31,0.0,0.0,Winter,No Holiday,Yes
2018-02-21 19:00:00,460.0,-0.1,39,2.8,2000,-12.4,0.0,0.0,0.0,Winter,No Holiday,Yes
2018-02-21 20:00:00,356.0,-1.1,43,1.5,2000,-12.1,0.0,0.0,0.0,Winter,No Holiday,Yes
2018-02-21 21:00:00,345.0,-1.6,52,2.2,2000,-10.1,0.0,0.0,0.0,Winter,No Holiday,Yes
2018-02-21 22:00:00,299.0,-2.2,55,1.4,2000,-10.0,0.0,0.0,0.0,Winter,No Holiday,Yes
2018-02-21 23:00:00,223.0,-2.7,58,1.1,2000,-9.8,0.0,0.0,0.0,Winter,No Holiday,Yes
2018-02-22 00:00:00,195.0,-2.7,58,1.7,2000,-9.8,0.0,0.0,0.0,Winter,No Holiday,Yes
2018-02-22 01:00:00,190.0,-2.2,58,1.0,2000,-9.3,0.0,0.0,0.0,Winter,No Holiday,Yes
2018-02-22 02:00:00,116.0,-2.9,57,0.0,1985,-10.2,0.0,0.0,0.0,Winter,No Holiday,Yes
2018-02-22 03:00:00,71.0,-2.8,57,0.5,1995,-10.1,0.0,0.0,0.0,Winter,No Holiday,Yes
2018-02-22 04:00:00,66.0,-2.4,58,0.3,2000,-9.5,0.0,0.0,0.0,Winter,No Holiday,Yes
2018-02-22 05:00:00,75.0,-2.4,59,1.1,1984,-9.3,0.0,0.0,0.0,Winter,No Holiday,Yes
2018-02-22 06:00:00,151.0,-3.0,62,0.8,1996,-9.2,0.0,0.0,0.0,Winter,No Holiday,Yes
2018-02-22 07:00:00,373.0,-3.7,64,0.7,1891,-9.5,0.0,0.0,0.0,Winter,No Holiday,Yes
2018-02-22 08:00:00,783.0,-3.6,63,0.9,1473,-9.6,0.07,0.0,0.0,Winter,No Holiday,Yes
2018-02-22 09:00:00,383.0,-1.9,51,0.9,1654,-10.7,0.58,0.0,0.0,Winter,No Holiday,Yes
2018-02-22 10:00:00,259.0,0.9,44,1.1,1826,-10.0,1.16,0.0,0.0,Winter,No Holiday,Yes
2018-02-22 11:00:00,308.0,2.7,44,0.9,1761,-8.3,1.45,0.0,0.0,Winter,No Holiday,Yes
2018-02-22 12:00:00,352.0,4.8,47,2.6,1373,-5.5,1.72,0.0,0.0,Winter,No Holiday,Yes
2018-02-22 13:00:00,316.0,4.5,51,3.8,1108,-4.7,1.08,0.0,0.0,Winter,No Holiday,Yes
2018-02-22 14:00:00,331.0,4.8,50,4.3,1168,-4.7,1.01,0.0,0.0,Winter,No Holiday,Yes
2018-02-22 15:00:00,356.0,5.0,49,4.4,1138,-4.8,0.96,0.0,0.0,Winter,No Holiday,Yes
2018-02-22 16:00:00,404.0,5.0,50,4.3,1121,-4.5,0.74,0.0,0.0,Winter,No Holiday,Yes
2018-02-22 17:00:00,465.0,4.6,52,3.9,1059,-4.4,0.5,0.0,0.0,Winter,No Holiday,Yes
2018-02-22 18:00:00,730.0,3.9,56,4.0,1004,-4.0,0.18,0.0,0.0,Winter,No Holiday,Yes
2018-02-22 19:00:00,499.0,3.5,60,2.7,936,-3.5,0.0,0.0,0.0,Winter,No Holiday,Yes
2018-02-22 20:00:00,348.0,3.0,62,2.4,975,-3.5,0.0,0.0,0.0,Winter,No Holiday,Yes
2018-02-22 21:00:00,393.0,2.9,64,2.5,1154,-3.2,0.0,0.0,0.0,Winter,No Holiday,Yes
2018-02-22 22:00:00,346.0,2.9,65,2.3,1150,-3.0,0.0,0.0,0.0,Winter,No Holiday,Yes
2018-02-22 23:00:00,202.0,2.9,63,2.6,1253,-3.4,0.0,0.0,0.0,Winter,No Holiday,Yes
2018-02-23 00:00:00,42.0,1.7,86,2.7,54,-0.3,0.0,0.4,0.4,Winter,No Holiday,Yes
2018-02-23 01:00:00,55.0,0.6,96,2.1,118,0.0,0.0,0.0,4.0,Winter,No Holiday,Yes
2018-02-23 02:00:00,62.0,0.7,97,1.4,197,0.2,0.0,0.0,4.1,Winter,No Holiday,Yes
2018-02-23 03:00:00,32.0,0.9,97,1.2,243,0.4,0.0,3.7,4.1,Winter,No Holiday,Yes
2018-02-23 04:00:00,36.0,1.1,96,2.5,241,0.5,0.0,0.0,3.9,Winter,No Holiday,Yes
2018-02-23 05:00:00,39.0,1.0,91,0.7,257,-0.3,0.0,0.0,3.8,Winter,No Holiday,Yes
2018-02-23 06:00:00,63.0,0.4,95,0.3,197,-0.3,0.0,0.0,3.8,Winter,No Holiday,Yes
2018-02-23 07:00:00,174.0,-0.1,97,0.5,179,-0.5,0.0,0.0,3.8,Winter,No Holiday,Yes
2018-02-23 08:00:00,391.0,-0.2,97,0.4,197,-0.6,0.05,0.0,3.7,Winter,No Holiday,Yes
2018-02-23 09:00:00,214.0,0.5,94,0.6,199,-0.3,0.37,0.0,3.7,Winter,No Holiday,Yes
2018-02-23 10:00:00,184.0,2.2,83,0.8,221,-0.3,0.92,0.0,3.7,Winter,No Holiday,Yes
2018-02-23 11:00:00,230.0,3.8,72,0.9,236,-0.7,1.1,0.0,3.4,Winter,No Holiday,Yes
2018-02-23 12:00:00,283.0,5.3,70,0.9,226,0.2,1.73,0.0,1.7,Winter,No Holiday,Yes
2018-02-23 13:00:00,304.0,6.7,64,2.0,241,0.3,1.94,0.0,0.6,Winter,No Holiday,Yes
2018-02-23 14:00:00,312.0,7.8,57,2.1,277,-0.2,1.39,0.0,0.0,Winter,No Holiday,Yes
2018-02-23 15:00:00,312.0,8.2,62,0.6,291,1.3,1.22,0.0,0.0,Winter,No Holiday,Yes
2018-02-23 16:00:00,354.0,8.3,60,2.7,354,0.9,0.36,0.0,0.0,Winter,No Holiday,Yes
2018-02-23 17:00:00,470.0,7.9,68,4.2,352,2.3,0.27,0.0,0.0,Winter,No Holiday,Yes
2018-02-23 18:00:00,669.0,7.5,70,5.0,374,2.3,0.08,0.0,0.0,Winter,No Holiday,Yes
2018-02-23 19:00:00,421.0,6.9,73,3.7,369,2.3,0.0,0.0,0.0,Winter,No Holiday,Yes
2018-02-23 20:00:00,295.0,6.4,77,2.8,316,2.6,0.0,0.0,0.0,Winter,No Holiday,Yes
2018-02-23 21:00:00,321.0,6.0,79,2.7,306,2.6,0.0,0.0,0.0,Winter,No Holiday,Yes
2018-02-23 22:00:00,291.0,5.7,81,2.5,292,2.6,0.0,0.0,0.0,Winter,No Holiday,Yes
2018-02-23 23:00:00,243.0,5.5,80,2.7,258,2.3,0.0,0.0,0.0,Winter,No Holiday,Yes
2018-02-24 00:00:00,226.0,4.6,82,3.0,240,1.7,0.0,0.0,0.0,Winter,No Holiday,Yes
2018-02-24 01:00:00,263.0,4.0,83,1.7,235,1.3,0.0,0.0,0.0,Winter,No Holiday,Yes
2018-02-24 02:00:00,197.0,3.7,82,1.6,229,0.9,0.0,0.0,0.0,Winter,No Holiday,Yes
2018-02-24 03:00:00,133.0,3.5,82,2.9,217,0.7,0.0,0.0,0.0,Winter,No Holiday,Yes
2018-02-24 04:00:00,63.0,2.7,82,2.8,222,0.0,0.0,0.0,0.0,Winter,No Holiday,Yes
2018-02-24 05:00:00,58.0,1.8,84,2.7,214,-0.6,0.0,0.0,0.0,Winter,No Holiday,Yes
2018-02-24 06:00:00,72.0,1.2,83,2.5,245,-1.3,0.0,0.0,0.0,Winter,No Holiday,Yes
2018-02-24 07:00:00,108.0,0.6,86,1.6,211,-1.4,0.0,0.0,0.0,Winter,No Holiday,Yes
2018-02-24 08:00:00,203.0,0.0,77,2.8,289,-3.5,0.06,0.0,0.0,Winter,No Holiday,Yes
2018-02-24 09:00:00,253.0,0.6,64,3.8,430,-5.4,0.65,0.0,0.0,Winter,No Holiday,Yes
2018-02-24 10:00:00,259.0,0.8,60,2.9,497,-6.0,0.71,0.0,0.0,Winter,No Holiday,Yes
2018-02-24 11:00:00,298.0,2.2,50,2.4,608,-7.1,1.1,0.0,0.0,Winter,No Holiday,Yes
2018-02-24 12:00:00,363.0,4.0,37,1.4,763,-9.4,1.75,0.0,0.0,Winter,No Holiday,Yes
2018-02-24 13:00:00,412.0,5.3,29,2.1,1007,-11.3,2.08,0.0,0.0,Winter,No Holiday,Yes
2018-02-24 14:00:00,454.0,6.9,19,1.9,1843,-15.1,2.36,0.0,0.0,Winter,No Holiday,Yes
2018-02-24 15:00:00,467.0,6.7,24,2.7,1536,-12.4,1.95,0.0,0.0,Winter,No Holiday,Yes
2018-02-24 16:00:00,509.0,5.9,21,3.0,1864,-14.8,1.34,0.0,0.0,Winter,No Holiday,Yes
2018-02-24 17:00:00,462.0,4.9,28,3.1,1477,-12.1,0.77,0.0,0.0,Winter,No Holiday,Yes
2018-02-24 18:00:00,379.0,3.5,30,2.9,1726,-12.4,0.31,0.0,0.0,Winter,No Holiday,Yes
2018-02-24 19:00:00,306.0,2.1,27,2.8,1883,-15.0,0.01,0.0,0.0,Winter,No Holiday,Yes
2018-02-24 20:00:00,233.0,1.1,32,1.4,1785,-13.8,0.0,0.0,0.0,Winter,No Holiday,Yes
2018-02-24 21:00:00,232.0,0.7,31,1.3,1923,-14.5,0.0,0.0,0.0,Winter,No Holiday,Yes
2018-02-24 22:00:00,219.0,0.1,32,0.9,1937,-14.6,0.0,0.0,0.0,Winter,No Holiday,Yes
2018-02-24 23:00:00,187.0,-0.6,39,1.3,1731,-12.8,0.0,0.0,0.0,Winter,No Holiday,Yes
2018-02-25 00:00:00,182.0,-1.1,44,1.2,1741,-11.8,0.0,0.0,0.0,Winter,No Holiday,Yes
2018-02-25 01:00:00,189.0,-1.4,43,0.6,1791,-12.3,0.0,0.0,0.0,Winter,No Holiday,Yes
2018-02-25 02:00:00,124.0,-1.5,46,1.1,1744,-11.6,0.0,0.0,0.0,Winter,No Holiday,Yes
2018-02-25 03:00:00,103.0,-1.3,42,0.8,1648,-12.5,0.0,0.0,0.0,Winter,No Holiday,Yes
2018-02-25 04:00:00,52.0,-1.1,43,0.7,1558,-12.1,0.0,0.0,0.0,Winter,No Holiday,Yes
2018-02-25 05:00:00,37.0,-0.7,41,0.9,1442,-12.3,0.0,0.0,0.0,Winter,No Holiday,Yes
2018-02-25 06:00:00,54.0,-0.8,44,0.6,1541,-11.5,0.0,0.0,0.0,Winter,No Holiday,Yes
2018-02-25 07:00:00,77.0,-1.0,47,0.9,1552,-10.9,0.0,0.0,0.0,Winter,No Holiday,Yes
2018-02-25 08:00:00,158.0,-1.3,54,0.6,1597,-9.4,0.06,0.0,0.0,Winter,No Holiday,Yes
2018-02-25 09:00:00,173.0,-0.3,48,1.1,1394,-10.0,0.43,0.0,0.0,Winter,No Holiday,Yes
2018-02-25 10:00:00,195.0,2.1,42,1.1,1564,-9.5,1.12,0.0,0.0,Winter,No Holiday,Yes
2018-02-25 11:00:00,244.0,4.3,29,2.6,1293,-12.2,1.87,0.0,0.0,Winter,No Holiday,Yes
2018-02-25 12:00:00,396.0,5.5,25,3.1,1652,-13.0,2.28,0.0,0.0,Winter,No Holiday,Yes
2018-02-25 13:00:00,482.0,6.1,22,2.4,1710,-14.0,2.5,0.0,0.0,Winter,No Holiday,Yes
2018-02-25 14:00:00,572.0,7.0,23,2.4,1645,-12.7,2.52,0.0,0.0,Winter,No Holiday,Yes
2018-02-25 15:00:00,612.0,7.5,21,2.7,1900,-13.4,2.22,0.0,0.0,Winter,No Holiday,Yes
2018-02-25 16:00:00,688.0,7.6,18,3.2,1930,-15.2,1.73,0.0,0.0,Winter,No Holiday,Yes
2018-02-25 17:00:00,589.0,6.9,25,2.9,1795,-11.8,1.07,0.0,0.0,Winter,No Holiday,Yes
2018-02-25 18:00:00,402.0,5.2,30,2.8,1877,-11.0,0.36,0.0,0.0,Winter,No Holiday,Yes
2018-02-25 19:00:00,297.0,3.1,40,2.6,1804,-9.2,0.01,0.0,0.0,Winter,No Holiday,Yes
2018-02-25 20:00:00,232.0,1.3,49,2.8,1683,-8.2,0.0,0.0,0.0,Winter,No Holiday,Yes
2018-02-25 21:00:00,239.0,0.2,55,2.5,1942,-7.7,0.0,0.0,0.0,Winter,No Holiday,Yes
2018-02-25 22:00:00,230.0,0.0,54,2.5,1929,-8.2,0.0,0.0,0.0,Winter,No Holiday,Yes
2018-02-25 23:00:00,173.0,-0.3,58,1.0,1945,-7.5,0.0,0.0,0.0,Winter,No Holiday,Yes
2018-02-26 00:00:00,135.0,-0.9,60,0.7,1844,-7.7,0.0,0.0,0.0,Winter,No Holiday,Yes
2018-02-26 01:00:00,122.0,-1.2,63,0.9,1846,-7.3,0.0,0.0,0.0,Winter,No Holiday,Yes
2018-02-26 02:00:00,80.0,-1.7,66,0.8,1631,-7.2,0.0,0.0,0.0,Winter,No Holiday,Yes
2018-02-26 03:00:00,46.0,-1.9,67,1.0,1575,-7.2,0.0,0.0,0.0,Winter,No Holiday,Yes
2018-02-26 04:00:00,46.0,-2.3,69,1.1,1411,-7.2,0.0,0.0,0.0,Winter,No Holiday,Yes
2018-02-26 05:00:00,65.0,-2.5,73,0.8,1134,-6.6,0.0,0.0,0.0,Winter,No Holiday,Yes
2018-02-26 06:00:00,161.0,-2.7,72,0.5,1253,-7.0,0.0,0.0,0.0,Winter,No Holiday,Yes
2018-02-26 07:00:00,402.0,-3.1,68,0.8,1417,-8.1,0.0,0.0,0.0,Winter,No Holiday,Yes
2018-02-26 08:00:00,786.0,-2.9,63,0.7,1386,-8.9,0.11,0.0,0.0,Winter,No Holiday,Yes
2018-02-26 09:00:00,416.0,-1.1,53,0.9,1308,-9.4,0.72,0.0,0.0,Winter,No Holiday,Yes
2018-02-26 10:00:00,289.0,1.9,46,1.1,1233,-8.5,1.39,0.0,0.0,Winter,No Holiday,Yes
2018-02-26 11:00:00,356.0,4.6,37,1.6,1309,-8.8,1.95,0.0,0.0,Winter,No Holiday,Yes
2018-02-26 12:00:00,428.0,6.9,28,1.1,1301,-10.3,2.35,0.0,0.0,Winter,No Holiday,Yes
2018-02-26 13:00:00,444.0,8.1,26,1.2,1422,-10.2,2.48,0.0,0.0,Winter,No Holiday,Yes
2018-02-26 14:00:00,455.0,9.9,25,1.5,1401,-9.2,2.43,0.0,0.0,Winter,No Holiday,Yes
2018-02-26 15:00:00,521.0,10.3,23,2.1,1317,-9.9,2.09,0.0,0.0,Winter,No Holiday,Yes
2018-02-26 16:00:00,555.0,9.5,31,3.1,973,-6.8,1.54,0.0,0.0,Winter,No Holiday,Yes
2018-02-26 17:00:00,646.0,8.7,30,3.1,1117,-7.9,0.96,0.0,0.0,Winter,No Holiday,Yes
2018-02-26 18:00:00,929.0,7.2,26,2.3,1398,-11.0,0.33,0.0,0.0,Winter,No Holiday,Yes
2018-02-26 19:00:00,619.0,5.5,30,2.7,1150,-10.7,0.01,0.0,0.0,Winter,No Holiday,Yes
2018-02-26 20:00:00,483.0,4.3,32,1.7,1101,-10.9,0.0,0.0,0.0,Winter,No Holiday,Yes
2018-02-26 21:00:00,512.0,3.3,36,1.4,1110,-10.3,0.0,0.0,0.0,Winter,No Holiday,Yes
2018-02-26 22:00:00,443.0,2.7,40,1.0,1089,-9.5,0.0,0.0,0.0,Winter,No Holiday,Yes
2018-02-26 23:00:00,308.0,2.8,39,0.7,1065,-9.8,0.0,0.0,0.0,Winter,No Holiday,Yes
2018-02-27 00:00:00,236.0,2.6,40,1.8,1095,-9.6,0.0,0.0,0.0,Winter,No Holiday,Yes
2018-02-27 01:00:00,213.0,2.1,44,0.9,1107,-8.9,0.0,0.0,0.0,Winter,No Holiday,Yes
2018-02-27 02:00:00,145.0,1.5,44,1.2,1079,-9.4,0.0,0.0,0.0,Winter,No Holiday,Yes
2018-02-27 03:00:00,102.0,1.1,44,1.0,1128,-9.8,0.0,0.0,0.0,Winter,No Holiday,Yes
2018-02-27 04:00:00,62.0,0.9,46,0.8,1140,-9.4,0.0,0.0,0.0,Winter,No Holiday,Yes
2018-02-27 05:00:00,72.0,0.6,50,0.1,1026,-8.6,0.0,0.0,0.0,Winter,No Holiday,Yes
2018-02-27 06:00:00,183.0,0.6,50,0.4,985,-8.6,0.0,0.0,0.0,Winter,No Holiday,Yes
2018-02-27 07:00:00,443.0,1.3,47,0.7,1084,-8.7,0.0,0.0,0.0,Winter,No Holiday,Yes
2018-02-27 08:00:00,767.0,2.0,51,0.7,990,-7.0,0.0,0.0,0.0,Winter,No Holiday,Yes
2018-02-27 09:00:00,455.0,2.5,51,1.0,866,-6.6,0.07,0.0,0.0,Winter,No Holiday,Yes
2018-02-27 10:00:00,261.0,3.3,47,0.7,818,-6.9,0.22,0.0,0.0,Winter,No Holiday,Yes
2018-02-27 11:00:00,342.0,4.8,41,0.8,792,-7.3,0.53,0.0,0.0,Winter,No Holiday,Yes
2018-02-27 12:00:00,353.0,5.4,37,0.7,815,-8.1,0.43,0.0,0.0,Winter,No Holiday,Yes
2018-02-27 13:00:00,335.0,5.8,39,0.6,931,-7.1,0.35,0.0,0.0,Winter,No Holiday,Yes
2018-02-27 14:00:00,357.0,6.3,40,0.8,943,-6.3,0.34,0.0,0.0,Winter,No Holiday,Yes
2018-02-27 15:00:00,402.0,6.7,48,0.8,817,-3.5,0.39,0.0,0.0,Winter,No Holiday,Yes
2018-02-27 16:00:00,411.0,6.9,54,1.1,692,-1.7,0.32,0.0,0.0,Winter,No Holiday,Yes
2018-02-27 17:00:00,529.0,6.8,57,1.0,623,-1.1,0.16,0.0,0.0,Winter,No Holiday,Yes
2018-02-27 18:00:00,897.0,6.6,62,0.8,522,-0.1,0.05,0.0,0.0,Winter,No Holiday,Yes
2018-02-27 19:00:00,616.0,6.1,44,1.0,750,-5.2,0.0,0.0,0.0,Winter,No Holiday,Yes
2018-02-27 20:00:00,461.0,5.9,44,1.3,733,-5.4,0.0,0.0,0.0,Winter,No Holiday,Yes
2018-02-27 21:00:00,449.0,5.7,46,0.8,727,-5.0,0.0,0.0,0.0,Winter,No Holiday,Yes
2018-02-27 22:00:00,461.0,5.4,49,1.1,687,-4.4,0.0,0.0,0.0,Winter,No Holiday,Yes
2018-02-27 23:00:00,310.0,5.3,53,1.5,582,-3.5,0.0,0.0,0.0,Winter,No Holiday,Yes
2018-02-28 00:00:00,266.0,5.1,52,1.1,614,-3.9,0.0,0.0,0.0,Winter,No Holiday,Yes
2018-02-28 01:00:00,229.0,5.0,53,1.4,557,-3.8,0.0,0.0,0.0,Winter,No Holiday,Yes
2018-02-28 02:00:00,174.0,5.2,54,1.3,516,-3.3,0.0,0.0,0.0,Winter,No Holiday,Yes
2018-02-28 03:00:00,116.0,5.3,55,1.7,488,-3.0,0.0,0.0,0.0,Winter,No Holiday,Yes
2018-02-28 04:00:00,72.0,5.4,56,1.7,472,-2.6,0.0,0.0,0.0,Winter,No Holiday,Yes
2018-02-28 05:00:00,62.0,5.2,59,1.7,437,-2.1,0.0,0.0,0.0,Winter,No Holiday,Yes
2018-02-28 06:00:00,165.0,5.2,60,1.9,430,-1.9,0.0,0.0,0.0,Winter,No Holiday,Yes
2018-02-28 07:00:00,426.0,5.5,59,2.8,448,-1.8,0.0,0.0,0.0,Winter,No Holiday,Yes
2018-02-28 08:00:00,816.0,5.7,57,2.5,458,-2.1,0.04,0.0,0.0,Winter,No Holiday,Yes
2018-02-28 09:00:00,419.0,6.2,55,2.4,478,-2.1,0.13,0.0,0.0,Winter,No Holiday,Yes
2018-02-28 10:00:00,285.0,6.5,53,2.0,518,-2.4,0.21,0.0,0.0,Winter,No Holiday,Yes
2018-02-28 11:00:00,332.0,7.1,50,2.2,534,-2.6,0.33,0.0,0.0,Winter,No Holiday,Yes
2018-02-28 12:00:00,305.0,7.6,48,2.6,600,-2.7,0.39,0.0,0.0,Winter,No Holiday,Yes
2018-02-28 13:00:00,28.0,7.6,57,2.3,554,-0.3,0.33,0.0,0.0,Winter,No Holiday,Yes
2018-02-28 14:00:00,17.0,5.7,80,3.7,348,2.5,0.13,0.0,0.0,Winter,No Holiday,Yes
2018-02-28 15:00:00,7.0,4.8,87,2.9,312,2.8,0.08,4.5,0.0,Winter,No Holiday,Yes
2018-02-28 16:00:00,9.0,4.2,89,2.5,479,2.5,0.07,0.0,0.0,Winter,No Holiday,Yes
2018-02-28 17:00:00,8.0,3.8,90,2.7,654,2.3,0.0,0.0,0.0,Winter,No Holiday,Yes
2018-02-28 18:00:00,11.0,3.6,90,2.1,845,2.1,0.0,9.5,0.0,Winter,No Holiday,Yes
2018-02-28 19:00:00,19.0,2.5,95,1.9,838,1.7,0.0,0.0,0.0,Winter,No Holiday,Yes
2018-02-28 20:00:00,8.0,2.7,96,1.5,1479,2.1,0.0,0.0,0.0,Winter,No Holiday,Yes
2018-02-28 21:00:00,10.0,2.4,95,2.5,1349,1.6,0.0,9.0,0.0,Winter,No Holiday,Yes
2018-02-28 22:00:00,13.0,2.3,96,1.9,1207,1.7,0.0,0.0,0.0,Winter,No Holiday,Yes
2018-02-28 23:00:00,23.0,1.8,96,1.2,745,1.2,0.0,0.0,0.0,Winter,No Holiday,Yes
2018-03-01 00:00:00,71.0,2.0,96,1.3,1894,1.4,0.0,2.0,0.0,Spring,Holiday,Yes
2018-03-01 01:00:00,147.0,2.1,97,0.2,859,1.6,0.0,0.0,0.0,Spring,Holiday,Yes
2018-03-01 02:00:00,180.0,2.0,97,1.0,580,1.5,0.0,0.0,0.0,Spring,Holiday,Yes
2018-03-01 03:00:00,92.0,1.6,97,2.3,469,1.1,0.0,0.1,0.0,Spring,Holiday,Yes
2018-03-01 04:00:00,28.0,1.6,97,1.1,636,1.1,0.0,0.0,0.0,Spring,Holiday,Yes
2018-03-01 05:00:00,11.0,2.2,97,2.9,362,1.7,0.0,0.0,0.0,Spring,Holiday,Yes
2018-03-01 06:00:00,33.0,3.0,96,2.7,303,2.4,0.0,0.4,0.0,Spring,Holiday,Yes
2018-03-01 07:00:00,61.0,2.6,89,4.3,320,0.9,0.0,0.0,0.0,Spring,Holiday,Yes
2018-03-01 08:00:00,148.0,1.5,80,3.2,1246,-1.5,0.04,0.0,0.0,Spring,Holiday,Yes
2018-03-01 09:00:00,160.0,0.1,78,4.9,615,-3.2,0.09,0.0,0.0,Spring,Holiday,Yes
2018-03-01 10:00:00,191.0,0.1,53,5.3,1022,-8.3,1.12,0.0,0.0,Spring,Holiday,Yes
2018-03-01 11:00:00,239.0,0.8,52,4.6,1035,-7.9,2.2,0.0,0.0,Spring,Holiday,Yes
2018-03-01 12:00:00,311.0,0.5,46,4.7,1172,-9.8,2.49,0.0,0.0,Spring,Holiday,Yes
2018-03-01 13:00:00,358.0,1.4,37,4.0,1681,-11.7,2.95,0.0,0.0,Spring,Holiday,Yes
2018-03-01 14:00:00,375.0,1.2,36,6.0,1430,-12.2,2.86,0.0,0.0,Spring,Holiday,Yes
2018-03-01 15:00:00,458.0,1.6,35,4.5,1567,-12.2,2.54,0.0,0.0,Spring,Holiday,Yes
2018-03-01 16:00:00,460.0,1.4,33,4.8,1480,-13.1,1.98,0.0,0.0,Spring,Holiday,Yes
2018-03-01 17:00:00,423.0,0.4,37,5.2,1366,-12.6,1.23,0.0,0.0,Spring,Holiday,Yes
2018-03-01 18:00:00,317.0,-0.8,40,4.7,1429,-12.7,0.43,0.0,0.0,Spring,Holiday,Yes
2018-03-01 19:00:00,231.0,-1.7,45,3.3,1375,-12.1,0.01,0.0,0.0,Spring,Holiday,Yes
2018-03-01 20:00:00,246.0,-2.2,49,3.5,1325,-11.4,0.0,0.0,0.0,Spring,Holiday,Yes
2018-03-01 21:00:00,212.0,-3.0,50,3.7,1301,-11.9,0.0,0.0,0.0,Spring,Holiday,Yes
2018-03-01 22:00:00,190.0,-3.6,52,3.7,1277,-12.0,0.0,0.0,0.0,Spring,Holiday,Yes
2018-03-01 23:00:00,190.0,-4.0,52,3.4,1272,-12.4,0.0,0.0,0.0,Spring,Holiday,Yes
2018-03-02 00:00:00,156.0,-4.3,53,2.6,1334,-12.4,0.0,0.0,0.0,Spring,No Holiday,Yes
2018-03-02 01:00:00,108.0,-4.6,52,2.1,1372,-12.9,0.0,0.0,0.0,Spring,No Holiday,Yes
2018-03-02 02:00:00,71.0,-5.3,52,1.2,1434,-13.6,0.0,0.0,0.0,Spring,No Holiday,Yes
2018-03-02 03:00:00,49.0,-5.7,50,1.7,1559,-14.4,0.0,0.0,0.0,Spring,No Holiday,Yes
2018-03-02 04:00:00,47.0,-5.8,48,1.5,1552,-15.0,0.0,0.0,0.0,Spring,No Holiday,Yes
2018-03-02 05:00:00,65.0,-6.1,49,1.0,1621,-15.1,0.0,0.0,0.0,Spring,No Holiday,Yes
2018-03-02 06:00:00,135.0,-6.4,50,1.5,1593,-15.1,0.0,0.0,0.0,Spring,No Holiday,Yes
2018-03-02 07:00:00,401.0,-6.6,52,0.5,1555,-14.8,0.0,0.0,0.0,Spring,No Holiday,Yes
2018-03-02 08:00:00,617.0,-6.2,45,0.4,1600,-16.2,0.17,0.0,0.0,Spring,No Holiday,Yes
2018-03-02 09:00:00,343.0,-4.6,34,1.2,1583,-18.1,0.87,0.0,0.0,Spring,No Holiday,Yes
2018-03-02 10:00:00,274.0,-1.8,30,2.1,1608,-17.1,1.59,0.0,0.0,Spring,No Holiday,Yes
2018-03-02 11:00:00,343.0,0.1,30,1.8,1640,-15.4,2.19,0.0,0.0,Spring,No Holiday,Yes
2018-03-02 12:00:00,388.0,1.8,26,2.2,1556,-15.7,2.61,0.0,0.0,Spring,No Holiday,Yes
2018-03-02 13:00:00,375.0,2.3,22,3.1,1627,-17.2,2.83,0.0,0.0,Spring,No Holiday,Yes
2018-03-02 14:00:00,450.0,3.4,23,2.4,1545,-15.8,2.74,0.0,0.0,Spring,No Holiday,Yes
2018-03-02 15:00:00,463.0,4.3,22,1.3,1837,-15.6,2.48,0.0,0.0,Spring,No Holiday,Yes
2018-03-02 16:00:00,574.0,5.2,21,2.1,1721,-15.4,1.97,0.0,0.0,Spring,No Holiday,Yes
2018-03-02 17:00:00,631.0,4.3,21,2.5,1961,-16.1,1.13,0.0,0.0,Spring,No Holiday,Yes
2018-03-02 18:00:00,854.0,3.5,22,0.9,1961,-16.2,0.43,0.0,0.0,Spring,No Holiday,Yes
2018-03-02 19:00:00,568.0,2.0,26,2.3,1985,-15.5,0.02,0.0,0.0,Spring,No Holiday,Yes
2018-03-02 20:00:00,427.0,1.2,35,2.5,1977,-12.6,0.0,0.0,0.0,Spring,No Holiday,Yes
2018-03-02 21:00:00,396.0,1.0,34,1.4,1880,-13.1,0.0,0.0,0.0,Spring,No Holiday,Yes
2018-03-02 22:00:00,414.0,0.5,38,0.9,1907,-12.2,0.0,0.0,0.0,Spring,No Holiday,Yes
2018-03-02 23:00:00,284.0,0.3,38,0.2,1895,-12.3,0.0,0.0,0.0,Spring,No Holiday,Yes
2018-03-03 00:00:00,218.0,0.5,34,0.4,1889,-13.5,0.0,0.0,0.0,Spring,No Holiday,Yes
2018-03-03 01:00:00,229.0,0.6,36,0.4,1933,-12.7,0.0,0.0,0.0,Spring,No Holiday,Yes
2018-03-03 02:00:00,176.0,0.9,35,0.5,1856,-12.8,0.0,0.0,0.0,Spring,No Holiday,Yes
2018-03-03 03:00:00,149.0,0.8,38,0.8,1594,-11.9,0.0,0.0,0.0,Spring,No Holiday,Yes
2018-03-03 04:00:00,93.0,0.6,43,0.9,1599,-10.5,0.0,0.0,0.0,Spring,No Holiday,Yes
2018-03-03 05:00:00,55.0,0.8,39,1.0,1463,-11.6,0.0,0.0,0.0,Spring,No Holiday,Yes
2018-03-03 06:00:00,71.0,0.5,42,0.9,1543,-10.9,0.0,0.0,0.0,Spring,No Holiday,Yes
2018-03-03 07:00:00,159.0,0.1,43,1.4,1502,-11.0,0.0,0.0,0.0,Spring,No Holiday,Yes
2018-03-03 08:00:00,306.0,0.4,38,1.8,1564,-12.3,0.16,0.0,0.0,Spring,No Holiday,Yes
2018-03-03 09:00:00,329.0,2.2,30,1.5,1513,-13.6,0.81,0.0,0.0,Spring,No Holiday,Yes
2018-03-03 10:00:00,354.0,5.1,27,1.2,1563,-12.4,1.54,0.0,0.0,Spring,No Holiday,Yes
2018-03-03 11:00:00,431.0,8.1,21,2.1,1738,-12.9,2.15,0.0,0.0,Spring,No Holiday,Yes
2018-03-03 12:00:00,605.0,10.7,16,1.7,1657,-14.1,2.56,0.0,0.0,Spring,No Holiday,Yes
2018-03-03 13:00:00,771.0,12.2,14,1.6,1896,-14.5,2.75,0.0,0.0,Spring,No Holiday,Yes
2018-03-03 14:00:00,1025.0,14.4,14,1.4,1833,-12.8,2.66,0.0,0.0,Spring,No Holiday,Yes
2018-03-03 15:00:00,1238.0,16.0,14,2.2,1828,-11.5,2.33,0.0,0.0,Spring,No Holiday,Yes
2018-03-03 16:00:00,1285.0,15.8,15,2.6,1867,-10.8,1.7,0.0,0.0,Spring,No Holiday,Yes
2018-03-03 17:00:00,1197.0,15.0,22,2.5,1946,-6.5,0.96,0.0,0.0,Spring,No Holiday,Yes
2018-03-03 18:00:00,920.0,13.9,26,1.9,1995,-5.3,0.41,0.0,0.0,Spring,No Holiday,Yes
2018-03-03 19:00:00,630.0,12.7,32,2.3,2000,-3.6,0.01,0.0,0.0,Spring,No Holiday,Yes
2018-03-03 20:00:00,631.0,11.1,51,3.7,1957,1.3,0.0,0.0,0.0,Spring,No Holiday,Yes
2018-03-03 21:00:00,588.0,10.3,52,2.2,1843,0.8,0.0,0.0,0.0,Spring,No Holiday,Yes
2018-03-03 22:00:00,516.0,10.2,49,1.7,1972,0.0,0.0,0.0,0.0,Spring,No Holiday,Yes
2018-03-03 23:00:00,215.0,9.4,74,1.6,559,4.9,0.0,0.0,0.0,Spring,No Holiday,Yes
2018-03-04 00:00:00,161.0,8.5,87,0.9,303,6.4,0.0,0.0,0.0,Spring,No Holiday,Yes
2018-03-04 01:00:00,118.0,8.3,91,0.1,282,6.9,0.0,0.0,0.0,Spring,No Holiday,Yes
2018-03-04 02:00:00,95.0,8.3,95,0.3,243,7.5,0.0,0.0,0.0,Spring,No Holiday,Yes
2018-03-04 03:00:00,90.0,8.5,96,0.4,238,7.8,0.0,0.1,0.0,Spring,No Holiday,Yes
2018-03-04 04:00:00,34.0,8.8,95,0.2,218,8.0,0.0,0.0,0.0,Spring,No Holiday,Yes
2018-03-04 05:00:00,15.0,8.8,96,1.2,196,8.1,0.0,0.0,0.0,Spring,No Holiday,Yes
2018-03-04 06:00:00,20.0,8.6,96,0.7,224,7.9,0.0,0.2,0.0,Spring,No Holiday,Yes
2018-03-04 07:00:00,23.0,8.4,97,2.6,122,7.9,0.0,0.0,0.0,Spring,No Holiday,Yes
2018-03-04 08:00:00,70.0,8.3,97,0.6,152,7.8,0.01,0.0,0.0,Spring,No Holiday,Yes
2018-03-04 09:00:00,157.0,8.8,97,1.3,196,8.3,0.2,0.2,0.0,Spring,No Holiday,Yes
2018-03-04 10:00:00,239.0,9.8,90,0.8,335,8.2,0.64,0.0,0.0,Spring,No Holiday,Yes
2018-03-04 11:00:00,273.0,10.1,88,0.7,453,8.1,0.34,0.0,0.0,Spring,No Holiday,Yes
2018-03-04 12:00:00,358.0,10.7,85,0.9,393,8.2,0.52,0.0,0.0,Spring,No Holiday,Yes
2018-03-04 13:00:00,429.0,10.8,84,1.2,400,8.1,0.44,0.0,0.0,Spring,No Holiday,Yes
2018-03-04 14:00:00,475.0,11.2,83,1.1,518,8.4,0.45,0.0,0.0,Spring,No Holiday,Yes
2018-03-04 15:00:00,468.0,11.7,81,1.2,616,8.5,0.53,0.0,0.0,Spring,No Holiday,Yes
2018-03-04 16:00:00,396.0,11.7,82,1.1,753,8.7,0.32,0.0,0.0,Spring,No Holiday,Yes
2018-03-04 17:00:00,492.0,11.8,82,1.7,990,8.8,0.4,0.0,0.0,Spring,No Holiday,Yes
2018-03-04 18:00:00,436.0,11.5,81,1.5,1475,8.3,0.07,0.0,0.0,Spring,No Holiday,Yes
2018-03-04 19:00:00,289.0,11.2,81,2.3,1614,8.0,0.0,0.0,0.0,Spring,No Holiday,Yes
2018-03-04 20:00:00,26.0,11.3,80,1.2,1978,7.9,0.0,0.0,0.0,Spring,No Holiday,Yes
2018-03-04 21:00:00,7.0,10.6,89,2.1,606,8.8,0.0,2.0,0.0,Spring,No Holiday,Yes
2018-03-04 22:00:00,8.0,9.6,92,2.5,721,8.3,0.0,0.0,0.0,Spring,No Holiday,Yes
2018-03-04 23:00:00,9.0,8.7,91,2.9,957,7.3,0.0,0.0,0.0,Spring,No Holiday,Yes
2018-03-05 00:00:00,22.0,7.6,88,2.5,1974,5.7,0.0,9.0,0.0,Spring,No Holiday,Yes
2018-03-05 01:00:00,23.0,7.0,88,2.5,2000,5.1,0.0,0.0,0.0,Spring,No Holiday,Yes
2018-03-05 02:00:00,9.0,6.3,89,2.2,1456,4.6,0.0,0.0,0.0,Spring,No Holiday,Yes
2018-03-05 03:00:00,2.0,5.7,92,2.0,458,4.4,0.0,1.5,0.0,Spring,No Holiday,Yes
2018-03-05 04:00:00,4.0,5.1,90,2.6,1005,3.5,0.0,0.0,0.0,Spring,No Holiday,Yes
2018-03-05 05:00:00,22.0,4.7,89,2.3,1242,3.0,0.0,0.0,0.0,Spring,No Holiday,Yes
2018-03-05 06:00:00,20.0,4.2,87,2.0,1979,2.2,0.0,2.0,0.0,Spring,No Holiday,Yes
2018-03-05 07:00:00,85.0,3.8,87,2.2,2000,1.8,0.0,0.0,0.0,Spring,No Holiday,Yes
2018-03-05 08:00:00,184.0,3.6,88,2.3,2000,1.7,0.03,0.0,0.0,Spring,No Holiday,Yes
2018-03-05 09:00:00,211.0,3.7,85,1.8,2000,1.4,0.17,0.0,0.0,Spring,No Holiday,Yes
2018-03-05 10:00:00,232.0,4.4,80,1.8,2000,1.2,0.56,0.0,0.0,Spring,No Holiday,Yes
2018-03-05 11:00:00,322.0,6.1,66,1.9,2000,0.2,1.42,0.0,0.0,Spring,No Holiday,Yes
2018-03-05 12:00:00,438.0,7.6,58,2.4,2000,-0.1,1.85,0.0,0.0,Spring,No Holiday,Yes
2018-03-05 13:00:00,465.0,8.3,51,2.0,2000,-1.2,1.42,0.0,0.0,Spring,No Holiday,Yes
2018-03-05 14:00:00,550.0,10.0,44,1.9,2000,-1.7,2.46,0.0,0.0,Spring,No Holiday,Yes
2018-03-05 15:00:00,637.0,10.3,43,2.5,2000,-1.7,2.45,0.0,0.0,Spring,No Holiday,Yes
2018-03-05 16:00:00,718.0,11.0,39,1.2,2000,-2.4,1.96,0.0,0.0,Spring,No Holiday,Yes
2018-03-05 17:00:00,865.0,10.0,43,1.4,2000,-2.0,1.12,0.0,0.0,Spring,No Holiday,Yes
2018-03-05 18:00:00,1155.0,8.1,47,1.7,2000,-2.5,0.34,0.0,0.0,Spring,No Holiday,Yes
2018-03-05 19:00:00,782.0,5.8,53,1.7,2000,-3.0,0.02,0.0,0.0,Spring,No Holiday,Yes
2018-03-05 20:00:00,578.0,4.3,57,1.3,2000,-3.4,0.0,0.0,0.0,Spring,No Holiday,Yes
2018-03-05 21:00:00,533.0,3.1,59,1.5,2000,-4.1,0.0,0.0,0.0,Spring,No Holiday,Yes
2018-03-05 22:00:00,466.0,2.3,63,1.0,2000,-4.0,0.0,0.0,0.0,Spring,No Holiday,Yes
2018-03-05 23:00:00,274.0,1.9,60,1.3,2000,-5.0,0.0,0.0,0.0,Spring,No Holiday,Yes
2018-03-06 00:00:00,224.0,1.3,69,0.8,2000,-3.7,0.0,0.0,0.0,Spring,No Holiday,Yes
2018-03-06 01:00:00,188.0,0.8,67,0.8,2000,-4.6,0.0,0.0,0.0,Spring,No Holiday,Yes
2018-03-06 02:00:00,122.0,0.3,71,0.9,1999,-4.3,0.0,0.0,0.0,Spring,No Holiday,Yes
2018-03-06 03:00:00,82.0,0.1,71,0.4,2000,-4.5,0.0,0.0,0.0,Spring,No Holiday,Yes
2018-03-06 04:00:00,79.0,-0.5,75,0.6,1967,-4.3,0.0,0.0,0.0,Spring,No Holiday,Yes
2018-03-06 05:00:00,80.0,-0.9,78,0.6,1687,-4.2,0.0,0.0,0.0,Spring,No Holiday,Yes
2018-03-06 06:00:00,214.0,-1.0,77,0.4,1578,-4.5,0.0,0.0,0.0,Spring,No Holiday,Yes
2018-03-06 07:00:00,583.0,-1.0,78,0.6,1484,-4.3,0.0,0.0,0.0,Spring,No Holiday,Yes
2018-03-06 08:00:00,997.0,-0.7,76,1.0,1461,-4.4,0.2,0.0,0.0,Spring,No Holiday,Yes
2018-03-06 09:00:00,556.0,1.2,62,0.8,1338,-5.2,0.85,0.0,0.0,Spring,No Holiday,Yes
2018-03-06 10:00:00,380.0,3.7,51,1.3,1596,-5.5,1.56,0.0,0.0,Spring,No Holiday,Yes
2018-03-06 11:00:00,475.0,6.3,41,1.3,1519,-6.0,2.12,0.0,0.0,Spring,No Holiday,Yes
2018-03-06 12:00:00,504.0,8.5,34,1.9,1876,-6.4,2.55,0.0,0.0,Spring,No Holiday,Yes
2018-03-06 13:00:00,528.0,9.3,27,2.2,1816,-8.7,2.65,0.0,0.0,Spring,No Holiday,Yes
2018-03-06 14:00:00,567.0,9.2,27,2.9,1880,-8.8,2.32,0.0,0.0,Spring,No Holiday,Yes
2018-03-06 15:00:00,616.0,10.1,24,1.8,1839,-9.6,2.12,0.0,0.0,Spring,No Holiday,Yes
2018-03-06 16:00:00,680.0,10.6,26,1.9,1955,-8.1,1.75,0.0,0.0,Spring,No Holiday,Yes
2018-03-06 17:00:00,883.0,10.2,27,2.8,1826,-8.0,1.22,0.0,0.0,Spring,No Holiday,Yes
2018-03-06 18:00:00,1246.0,8.7,28,3.2,2000,-8.8,0.49,0.0,0.0,Spring,No Holiday,Yes
2018-03-06 19:00:00,833.0,7.1,30,2.7,2000,-9.3,0.02,0.0,0.0,Spring,No Holiday,Yes
2018-03-06 20:00:00,666.0,6.1,31,2.8,2000,-9.8,0.0,0.0,0.0,Spring,No Holiday,Yes
2018-03-06 21:00:00,625.0,5.5,33,3.2,1995,-9.5,0.0,0.0,0.0,Spring,No Holiday,Yes
2018-03-06 22:00:00,514.0,4.5,40,1.3,1871,-7.9,0.0,0.0,0.0,Spring,No Holiday,Yes
2018-03-06 23:00:00,361.0,3.5,44,0.9,1905,-7.6,0.0,0.0,0.0,Spring,No Holiday,Yes
2018-03-07 00:00:00,289.0,2.8,45,1.7,1493,-7.9,0.0,0.0,0.0,Spring,No Holiday,Yes
2018-03-07 01:00:00,194.0,2.8,46,2.0,1709,-7.6,0.0,0.0,0.0,Spring,No Holiday,Yes
2018-03-07 02:00:00,134.0,2.6,50,1.3,1962,-6.8,0.0,0.0,0.0,Spring,No Holiday,Yes
2018-03-07 03:00:00,92.0,2.7,55,1.5,1989,-5.4,0.0,0.0,0.0,Spring,No Holiday,Yes
2018-03-07 04:00:00,49.0,2.6,61,1.7,1998,-4.1,0.0,0.0,0.0,Spring,No Holiday,Yes
2018-03-07 05:00:00,97.0,2.5,63,1.3,1987,-3.8,0.0,0.0,0.0,Spring,No Holiday,Yes
2018-03-07 06:00:00,232.0,2.4,65,1.8,1989,-3.5,0.0,0.0,0.0,Spring,No Holiday,Yes
2018-03-07 07:00:00,598.0,2.2,65,1.9,2000,-3.7,0.0,0.0,0.0,Spring,No Holiday,Yes
2018-03-07 08:00:00,1032.0,2.6,63,1.6,1857,-3.7,0.14,0.0,0.0,Spring,No Holiday,Yes
2018-03-07 09:00:00,566.0,3.8,58,2.0,1785,-3.7,0.49,0.0,0.0,Spring,No Holiday,Yes
2018-03-07 10:00:00,410.0,5.2,52,1.5,1808,-3.8,0.74,0.0,0.0,Spring,No Holiday,Yes
2018-03-07 11:00:00,441.0,8.0,43,1.7,1909,-3.8,1.74,0.0,0.0,Spring,No Holiday,Yes
2018-03-07 12:00:00,550.0,9.6,39,1.8,1982,-3.7,2.09,0.0,0.0,Spring,No Holiday,Yes
2018-03-07 13:00:00,509.0,9.9,39,1.9,1911,-3.4,1.61,0.0,0.0,Spring,No Holiday,Yes
2018-03-07 14:00:00,505.0,9.8,38,0.9,1908,-3.8,0.93,0.0,0.0,Spring,No Holiday,Yes
2018-03-07 15:00:00,620.0,10.2,34,2.3,1919,-4.9,1.19,0.0,0.0,Spring,No Holiday,Yes
2018-03-07 16:00:00,646.0,10.4,36,3.2,1963,-4.0,1.02,0.0,0.0,Spring,No Holiday,Yes
2018-03-07 17:00:00,849.0,10.4,37,1.0,2000,-3.6,0.67,0.0,0.0,Spring,No Holiday,Yes
2018-03-07 18:00:00,1365.0,9.6,42,2.0,2000,-2.7,0.14,0.0,0.0,Spring,No Holiday,Yes
2018-03-07 19:00:00,799.0,8.9,44,2.3,2000,-2.7,0.0,0.0,0.0,Spring,No Holiday,Yes
2018-03-07 20:00:00,587.0,8.5,46,1.0,1977,-2.4,0.0,0.0,0.0,Spring,No Holiday,Yes
2018-03-07 21:00:00,411.0,7.9,56,1.4,1975,-0.3,0.0,0.0,0.0,Spring,No Holiday,Yes
2018-03-07 22:00:00,147.0,7.2,60,1.4,1928,0.0,0.0,0.0,0.0,Spring,No Holiday,Yes
2018-03-07 23:00:00,48.0,6.0,79,2.0,918,2.6,0.0,0.0,0.0,Spring,No Holiday,Yes
2018-03-08 00:00:00,49.0,5.2,83,1.5,733,2.5,0.0,0.5,0.0,Spring,No Holiday,Yes
2018-03-08 01:00:00,23.0,4.7,86,0.7,717,2.5,0.0,0.0,0.0,Spring,No Holiday,Yes
2018-03-08 02:00:00,19.0,4.2,88,0.9,553,2.3,0.0,0.0,0.0,Spring,No Holiday,Yes
2018-03-08 03:00:00,12.0,3.8,90,0.8,448,2.3,0.0,2.0,0.0,Spring,No Holiday,Yes
2018-03-08 04:00:00,8.0,3.3,90,1.3,682,1.8,0.0,0.0,0.0,Spring,No Holiday,Yes
2018-03-08 05:00:00,17.0,3.1,90,1.2,974,1.6,0.0,0.0,0.0,Spring,No Holiday,Yes
2018-03-08 06:00:00,32.0,3.1,89,0.2,903,1.4,0.0,1.5,0.0,Spring,No Holiday,Yes
2018-03-08 07:00:00,64.0,3.0,90,0.7,578,1.5,0.0,0.0,0.0,Spring,No Holiday,Yes
2018-03-08 08:00:00,88.0,3.0,94,0.3,444,2.1,0.01,0.0,0.0,Spring,No Holiday,Yes
2018-03-08 09:00:00,100.0,3.4,90,1.5,386,1.9,0.21,0.5,0.0,Spring,No Holiday,Yes
2018-03-08 10:00:00,165.0,3.6,88,2.6,681,1.7,0.44,0.0,0.0,Spring,No Holiday,Yes
2018-03-08 11:00:00,290.0,4.5,82,2.0,1226,1.6,0.73,0.0,0.0,Spring,No Holiday,Yes
2018-03-08 12:00:00,375.0,5.6,72,3.0,1700,0.9,0.89,0.0,0.0,Spring,No Holiday,Yes
2018-03-08 13:00:00,405.0,6.7,65,3.2,1651,0.5,1.76,0.0,0.0,Spring,No Holiday,Yes
2018-03-08 14:00:00,452.0,7.7,62,2.4,1758,0.8,1.64,0.0,0.0,Spring,No Holiday,Yes
2018-03-08 15:00:00,555.0,9.2,53,3.3,1896,0.1,2.23,0.0,0.0,Spring,No Holiday,Yes
2018-03-08 16:00:00,594.0,9.5,56,3.1,994,1.1,1.1,0.0,0.0,Spring,No Holiday,Yes
2018-03-08 17:00:00,757.0,7.5,64,4.3,538,1.1,0.88,0.0,0.0,Spring,No Holiday,Yes
2018-03-08 18:00:00,1091.0,5.9,68,3.4,543,0.4,0.38,0.0,0.0,Spring,No Holiday,Yes
2018-03-08 19:00:00,683.0,4.5,72,2.7,529,-0.1,0.03,0.0,0.0,Spring,No Holiday,Yes
2018-03-08 20:00:00,586.0,3.3,74,2.6,494,-0.8,0.0,0.0,0.0,Spring,No Holiday,Yes
2018-03-08 21:00:00,533.0,3.1,74,3.2,465,-1.0,0.0,0.0,0.0,Spring,No Holiday,Yes
2018-03-08 22:00:00,498.0,2.8,74,2.1,469,-1.3,0.0,0.0,0.0,Spring,No Holiday,Yes
2018-03-08 23:00:00,315.0,2.8,73,1.8,468,-1.5,0.0,0.0,0.0,Spring,No Holiday,Yes
2018-03-09 00:00:00,272.0,3.0,72,2.3,473,-1.5,0.0,0.0,0.0,Spring,No Holiday,Yes
2018-03-09 01:00:00,228.0,2.8,73,2.6,413,-1.5,0.0,0.0,0.0,Spring,No Holiday,Yes
2018-03-09 02:00:00,155.0,2.8,74,1.2,415,-1.3,0.0,0.0,0.0,Spring,No Holiday,Yes
2018-03-09 03:00:00,105.0,2.7,75,0.7,417,-1.2,0.0,0.0,0.0,Spring,No Holiday,Yes
2018-03-09 04:00:00,66.0,2.5,76,1.0,403,-1.3,0.0,0.0,0.0,Spring,No Holiday,Yes
2018-03-09 05:00:00,88.0,2.5,76,0.7,544,-1.3,0.0,0.0,0.0,Spring,No Holiday,Yes
2018-03-09 06:00:00,195.0,2.5,71,1.1,1055,-2.2,0.0,0.0,0.0,Spring,No Holiday,Yes
2018-03-09 07:00:00,574.0,1.6,76,0.7,1024,-2.1,0.0,0.0,0.0,Spring,No Holiday,Yes
2018-03-09 08:00:00,1041.0,1.8,67,0.7,1917,-3.6,0.19,0.0,0.0,Spring,No Holiday,Yes
2018-03-09 09:00:00,570.0,3.5,60,1.3,1969,-3.5,0.71,0.0,0.0,Spring,No Holiday,Yes
2018-03-09 10:00:00,361.0,4.8,54,1.3,1921,-3.7,0.78,0.0,0.0,Spring,No Holiday,Yes
2018-03-09 11:00:00,444.0,5.9,51,0.7,1866,-3.4,0.91,0.0,0.0,Spring,No Holiday,Yes
2018-03-09 12:00:00,510.0,6.8,51,1.0,1617,-2.6,1.13,0.0,0.0,Spring,No Holiday,Yes
2018-03-09 13:00:00,509.0,7.5,44,2.0,1526,-3.9,1.24,0.0,0.0,Spring,No Holiday,Yes
2018-03-09 14:00:00,542.0,8.0,42,1.5,1690,-4.1,1.24,0.0,0.0,Spring,No Holiday,Yes
2018-03-09 15:00:00,611.0,7.7,51,2.9,670,-1.8,0.94,0.0,0.0,Spring,No Holiday,Yes
2018-03-09 16:00:00,686.0,9.6,38,1.7,1052,-4.0,1.71,0.0,0.0,Spring,No Holiday,Yes
2018-03-09 17:00:00,834.0,8.9,46,1.8,789,-2.1,1.0,0.0,0.0,Spring,No Holiday,Yes
2018-03-09 18:00:00,1231.0,7.0,55,2.0,705,-1.4,0.35,0.0,0.0,Spring,No Holiday,Yes
2018-03-09 19:00:00,718.0,5.4,60,3.9,990,-1.7,0.02,0.0,0.0,Spring,No Holiday,Yes
2018-03-09 20:00:00,535.0,4.3,67,1.1,1125,-1.2,0.0,0.0,0.0,Spring,No Holiday,Yes
2018-03-09 21:00:00,537.0,3.5,69,1.4,1177,-1.6,0.0,0.0,0.0,Spring,No Holiday,Yes
2018-03-09 22:00:00,521.0,2.9,69,1.2,1179,-2.2,0.0,0.0,0.0,Spring,No Holiday,Yes
2018-03-09 23:00:00,309.0,2.5,72,1.5,1071,-2.0,0.0,0.0,0.0,Spring,No Holiday,Yes
2018-03-10 00:00:00,328.0,2.1,74,1.4,970,-2.0,0.0,0.0,0.0,Spring,No Holiday,Yes
2018-03-10 01:00:00,305.0,2.0,75,1.0,658,-1.9,0.0,0.0,0.0,Spring,No Holiday,Yes
2018-03-10 02:00:00,241.0,1.6,79,0.9,685,-1.6,0.0,0.0,0.0,Spring,No Holiday,Yes
2018-03-10 03:00:00,139.0,1.3,80,0.6,705,-1.7,0.0,0.0,0.0,Spring,No Holiday,Yes
2018-03-10 04:00:00,91.0,0.9,81,0.6,620,-1.9,0.0,0.0,0.0,Spring,No Holiday,Yes
2018-03-10 05:00:00,79.0,0.8,80,0.3,565,-2.2,0.0,0.0,0.0,Spring,No Holiday,Yes
2018-03-10 06:00:00,74.0,1.1,78,1.1,538,-2.3,0.0,0.0,0.0,Spring,No Holiday,Yes
2018-03-10 07:00:00,208.0,0.9,78,1.1,535,-2.5,0.0,0.0,0.0,Spring,No Holiday,Yes
2018-03-10 08:00:00,340.0,1.5,73,1.2,466,-2.8,0.11,0.0,0.0,Spring,No Holiday,Yes
2018-03-10 09:00:00,381.0,2.7,71,1.3,418,-2.0,0.3,0.0,0.0,Spring,No Holiday,Yes
2018-03-10 10:00:00,416.0,3.5,65,2.4,539,-2.4,0.87,0.0,0.0,Spring,No Holiday,Yes
2018-03-10 11:00:00,497.0,5.7,58,2.3,700,-1.9,2.08,0.0,0.0,Spring,No Holiday,Yes
2018-03-10 12:00:00,650.0,7.1,50,2.2,909,-2.6,2.47,0.0,0.0,Spring,No Holiday,Yes
2018-03-10 13:00:00,757.0,8.2,42,3.1,1261,-3.9,2.66,0.0,0.0,Spring,No Holiday,Yes
2018-03-10 14:00:00,906.0,9.2,38,2.6,1377,-4.4,2.53,0.0,0.0,Spring,No Holiday,Yes
2018-03-10 15:00:00,931.0,8.1,36,4.7,1964,-6.1,2.23,0.0,0.0,Spring,No Holiday,Yes
2018-03-10 16:00:00,972.0,8.3,37,3.8,1867,-5.5,1.73,0.0,0.0,Spring,No Holiday,Yes
2018-03-10 17:00:00,829.0,7.7,46,2.8,1635,-3.2,1.05,0.0,0.0,Spring,No Holiday,Yes
2018-03-10 18:00:00,664.0,6.2,61,3.2,1411,-0.7,0.4,0.0,0.0,Spring,No Holiday,Yes
2018-03-10 19:00:00,573.0,5.3,67,2.6,1314,-0.3,0.02,0.0,0.0,Spring,No Holiday,Yes
2018-03-10 20:00:00,447.0,5.2,69,1.8,1196,0.0,0.0,0.0,0.0,Spring,No Holiday,Yes
2018-03-10 21:00:00,470.0,5.0,73,2.2,1173,0.5,0.0,0.0,0.0,Spring,No Holiday,Yes
2018-03-10 22:00:00,421.0,5.0,75,2.2,1084,0.9,0.0,0.0,0.0,Spring,No Holiday,Yes
2018-03-10 23:00:00,345.0,5.1,75,1.4,950,1.0,0.0,0.0,0.0,Spring,No Holiday,Yes
2018-03-11 00:00:00,376.0,5.1,77,1.9,718,1.3,0.0,0.0,0.0,Spring,No Holiday,Yes
2018-03-11 01:00:00,222.0,4.8,80,1.3,583,1.6,0.0,0.0,0.0,Spring,No Holiday,Yes
2018-03-11 02:00:00,171.0,4.7,78,1.5,466,1.1,0.0,0.0,0.0,Spring,No Holiday,Yes
2018-03-11 03:00:00,115.0,4.4,80,1.6,393,1.2,0.0,0.0,0.0,Spring,No Holiday,Yes
2018-03-11 04:00:00,80.0,4.2,81,1.3,333,1.2,0.0,0.0,0.0,Spring,No Holiday,Yes
2018-03-11 05:00:00,45.0,3.9,85,1.6,264,1.6,0.0,0.0,0.0,Spring,No Holiday,Yes
2018-03-11 06:00:00,63.0,3.4,85,1.5,234,1.1,0.0,0.0,0.0,Spring,No Holiday,Yes
2018-03-11 07:00:00,119.0,2.9,84,1.9,241,0.4,0.0,0.0,0.0,Spring,No Holiday,Yes
2018-03-11 08:00:00,212.0,2.8,82,1.2,240,0.0,0.19,0.0,0.0,Spring,No Holiday,Yes
2018-03-11 09:00:00,289.0,3.9,77,2.0,263,0.2,0.65,0.0,0.0,Spring,No Holiday,Yes
2018-03-11 10:00:00,394.0,5.9,69,2.6,330,0.6,1.43,0.0,0.0,Spring,No Holiday,Yes
2018-03-11 11:00:00,425.0,7.6,54,1.6,430,-1.1,2.06,0.0,0.0,Spring,No Holiday,Yes
2018-03-11 12:00:00,666.0,9.2,40,2.6,592,-3.7,2.47,0.0,0.0,Spring,No Holiday,Yes
2018-03-11 13:00:00,843.0,10.3,31,2.1,885,-6.1,2.67,0.0,0.0,Spring,No Holiday,Yes
2018-03-11 14:00:00,1154.0,11.6,20,2.7,1647,-10.6,2.69,0.0,0.0,Spring,No Holiday,Yes
2018-03-11 15:00:00,1294.0,11.9,26,2.8,1338,-7.0,2.34,0.0,0.0,Spring,No Holiday,Yes
2018-03-11 16:00:00,1205.0,11.9,25,2.7,1424,-7.5,1.83,0.0,0.0,Spring,No Holiday,Yes
2018-03-11 17:00:00,1028.0,11.1,25,2.0,1765,-8.2,1.19,0.0,0.0,Spring,No Holiday,Yes
2018-03-11 18:00:00,776.0,9.4,22,2.9,1995,-11.2,0.55,0.0,0.0,Spring,No Holiday,Yes
2018-03-11 19:00:00,596.0,7.8,28,1.9,1982,-9.6,0.04,0.0,0.0,Spring,No Holiday,Yes
2018-03-11 20:00:00,530.0,6.7,32,1.9,1722,-8.8,0.0,0.0,0.0,Spring,No Holiday,Yes
2018-03-11 21:00:00,533.0,5.7,34,1.0,1520,-8.9,0.0,0.0,0.0,Spring,No Holiday,Yes
2018-03-11 22:00:00,419.0,5.3,31,2.3,1842,-10.5,0.0,0.0,0.0,Spring,No Holiday,Yes
2018-03-11 23:00:00,288.0,4.2,34,1.7,1476,-10.3,0.0,0.0,0.0,Spring,No Holiday,Yes
2018-03-12 00:00:00,222.0,3.5,46,1.1,1040,-7.0,0.0,0.0,0.0,Spring,No Holiday,Yes
2018-03-12 01:00:00,163.0,2.9,51,0.8,1119,-6.2,0.0,0.0,0.0,Spring,No Holiday,Yes
2018-03-12 02:00:00,95.0,2.7,46,0.4,1363,-7.7,0.0,0.0,0.0,Spring,No Holiday,Yes
2018-03-12 03:00:00,60.0,2.3,48,0.8,1448,-7.6,0.0,0.0,0.0,Spring,No Holiday,Yes
2018-03-12 04:00:00,47.0,2.8,52,0.6,1249,-6.1,0.0,0.0,0.0,Spring,No Holiday,Yes
2018-03-12 05:00:00,106.0,3.3,53,0.4,1208,-5.3,0.0,0.0,0.0,Spring,No Holiday,Yes
2018-03-12 06:00:00,261.0,2.8,57,0.7,920,-4.8,0.0,0.0,0.0,Spring,No Holiday,Yes
2018-03-12 07:00:00,662.0,3.0,53,0.5,1094,-5.6,0.0,0.0,0.0,Spring,No Holiday,Yes
2018-03-12 08:00:00,1066.0,3.8,47,0.8,1229,-6.5,0.06,0.0,0.0,Spring,No Holiday,Yes
2018-03-12 09:00:00,604.0,4.8,43,1.0,1200,-6.7,0.18,0.0,0.0,Spring,No Holiday,Yes
2018-03-12 10:00:00,406.0,6.6,40,1.0,1061,-6.0,0.65,0.0,0.0,Spring,No Holiday,Yes
2018-03-12 11:00:00,463.0,9.2,33,1.1,892,-6.2,1.54,0.0,0.0,Spring,No Holiday,Yes
2018-03-12 12:00:00,581.0,11.7,32,1.6,690,-4.4,1.99,0.0,0.0,Spring,No Holiday,Yes
2018-03-12 13:00:00,588.0,13.6,34,1.8,458,-1.9,2.23,0.0,0.0,Spring,No Holiday,Yes
2018-03-12 14:00:00,603.0,14.9,34,2.8,403,-0.8,2.22,0.0,0.0,Spring,No Holiday,Yes
2018-03-12 15:00:00,694.0,15.3,32,2.9,458,-1.3,2.02,0.0,0.0,Spring,No Holiday,Yes
2018-03-12 16:00:00,752.0,14.5,34,3.1,471,-1.2,1.59,0.0,0.0,Spring,No Holiday,Yes
2018-03-12 17:00:00,931.0,13.7,38,2.6,436,-0.3,1.0,0.0,0.0,Spring,No Holiday,Yes
2018-03-12 18:00:00,1425.0,12.2,43,2.8,463,0.0,0.41,0.0,0.0,Spring,No Holiday,Yes
2018-03-12 19:00:00,946.0,10.6,47,2.0,425,-0.2,0.03,0.0,0.0,Spring,No Holiday,Yes
2018-03-12 20:00:00,801.0,9.4,50,2.1,391,-0.5,0.0,0.0,0.0,Spring,No Holiday,Yes
2018-03-12 21:00:00,771.0,8.7,49,1.7,464,-1.4,0.0,0.0,0.0,Spring,No Holiday,Yes
2018-03-12 22:00:00,695.0,7.8,49,0.1,528,-2.2,0.0,0.0,0.0,Spring,No Holiday,Yes
2018-03-12 23:00:00,397.0,6.8,56,0.9,497,-1.3,0.0,0.0,0.0,Spring,No Holiday,Yes
2018-03-13 00:00:00,309.0,6.4,62,0.7,506,-0.3,0.0,0.0,0.0,Spring,No Holiday,Yes
2018-03-13 01:00:00,231.0,5.9,65,1.0,596,-0.1,0.0,0.0,0.0,Spring,No Holiday,Yes
2018-03-13 02:00:00,161.0,5.4,66,0.6,623,-0.4,0.0,0.0,0.0,Spring,No Holiday,Yes
2018-03-13 03:00:00,103.0,5.5,62,0.6,722,-1.2,0.0,0.0,0.0,Spring,No Holiday,Yes
2018-03-13 04:00:00,88.0,6.2,59,0.8,493,-1.2,0.0,0.0,0.0,Spring,No Holiday,Yes
2018-03-13 05:00:00,97.0,6.8,56,0.9,570,-1.3,0.0,0.0,0.0,Spring,No Holiday,Yes
2018-03-13 06:00:00,252.0,7.0,58,0.7,537,-0.7,0.0,0.0,0.0,Spring,No Holiday,Yes
2018-03-13 07:00:00,668.0,7.2,56,0.5,545,-1.0,0.0,0.0,0.0,Spring,No Holiday,Yes
2018-03-13 08:00:00,1215.0,8.0,48,0.4,711,-2.3,0.12,0.0,0.0,Spring,No Holiday,Yes
2018-03-13 09:00:00,616.0,9.4,44,0.3,743,-2.2,0.33,0.0,0.0,Spring,No Holiday,Yes
2018-03-13 10:00:00,428.0,10.9,40,0.5,714,-2.1,0.55,0.0,0.0,Spring,No Holiday,Yes
2018-03-13 11:00:00,571.0,12.6,49,1.4,988,2.1,0.84,0.0,0.0,Spring,No Holiday,Yes
2018-03-13 12:00:00,626.0,15.5,47,3.3,1303,4.2,2.44,0.0,0.0,Spring,No Holiday,Yes
2018-03-13 13:00:00,678.0,17.1,42,3.2,1305,4.0,2.6,0.0,0.0,Spring,No Holiday,Yes
2018-03-13 14:00:00,705.0,18.3,43,2.2,1509,5.4,2.43,0.0,0.0,Spring,No Holiday,Yes
2018-03-13 15:00:00,815.0,18.6,47,3.3,1560,7.0,2.08,0.0,0.0,Spring,No Holiday,Yes
2018-03-13 16:00:00,890.0,17.6,53,3.7,1735,7.8,1.4,0.0,0.0,Spring,No Holiday,Yes
2018-03-13 17:00:00,1085.0,16.9,62,3.1,1562,9.5,0.95,0.0,0.0,Spring,No Holiday,Yes
2018-03-13 18:00:00,1749.0,15.7,68,3.3,1473,9.8,0.39,0.0,0.0,Spring,No Holiday,Yes
2018-03-13 19:00:00,1224.0,14.1,77,2.0,1240,10.1,0.04,0.0,0.0,Spring,No Holiday,Yes
2018-03-13 20:00:00,986.0,13.9,77,1.5,1010,9.9,0.0,0.0,0.0,Spring,No Holiday,Yes
2018-03-13 21:00:00,982.0,13.7,79,2.0,1035,10.1,0.0,0.0,0.0,Spring,No Holiday,Yes
2018-03-13 22:00:00,912.0,13.5,81,2.8,933,10.2,0.0,0.0,0.0,Spring,No Holiday,Yes
2018-03-13 23:00:00,572.0,13.4,81,2.6,958,10.1,0.0,0.0,0.0,Spring,No Holiday,Yes
2018-03-14 00:00:00,412.0,13.6,79,2.2,862,10.0,0.0,0.0,0.0,Spring,No Holiday,Yes
2018-03-14 01:00:00,309.0,13.7,73,2.2,1182,8.9,0.0,0.0,0.0,Spring,No Holiday,Yes
2018-03-14 02:00:00,226.0,13.8,70,1.3,1363,8.4,0.0,0.0,0.0,Spring,No Holiday,Yes
2018-03-14 03:00:00,142.0,14.0,67,2.3,1733,7.9,0.0,0.0,0.0,Spring,No Holiday,Yes
2018-03-14 04:00:00,82.0,14.0,70,1.5,1648,8.6,0.0,0.0,0.0,Spring,No Holiday,Yes
2018-03-14 05:00:00,123.0,14.1,69,1.3,1923,8.4,0.0,0.0,0.0,Spring,No Holiday,Yes
2018-03-14 06:00:00,290.0,14.1,69,1.6,1882,8.4,0.0,0.0,0.0,Spring,No Holiday,Yes
2018-03-14 07:00:00,786.0,14.1,69,1.1,1692,8.4,0.0,0.0,0.0,Spring,No Holiday,Yes
2018-03-14 08:00:00,1371.0,14.2,67,0.9,1812,8.1,0.06,0.0,0.0,Spring,No Holiday,Yes
2018-03-14 09:00:00,761.0,14.6,62,1.2,1768,7.3,0.19,0.0,0.0,Spring,No Holiday,Yes
2018-03-14 10:00:00,552.0,15.7,58,1.3,1980,7.4,0.69,0.0,0.0,Spring,No Holiday,Yes
2018-03-14 11:00:00,643.0,17.5,55,2.1,1892,8.3,1.35,0.0,0.0,Spring,No Holiday,Yes
2018-03-14 12:00:00,813.0,19.9,44,2.7,1874,7.2,2.22,0.0,0.0,Spring,No Holiday,Yes
2018-03-14 13:00:00,789.0,20.9,44,4.7,1795,8.1,2.66,0.0,0.0,Spring,No Holiday,Yes
2018-03-14 14:00:00,878.0,21.1,42,4.3,2000,7.6,2.49,0.0,0.0,Spring,No Holiday,Yes
2018-03-14 15:00:00,1025.0,21.7,39,3.3,1979,7.1,2.09,0.0,0.0,Spring,No Holiday,Yes
2018-03-14 16:00:00,1049.0,21.7,41,3.2,2000,7.8,1.91,0.0,0.0,Spring,No Holiday,Yes
2018-03-14 17:00:00,1325.0,20.5,49,3.5,2000,9.4,1.18,0.0,0.0,Spring,No Holiday,Yes
2018-03-14 18:00:00,2100.0,19.2,53,2.4,2000,9.3,0.58,0.0,0.0,Spring,No Holiday,Yes
2018-03-14 19:00:00,1478.0,17.9,54,2.9,2000,8.4,0.04,0.0,0.0,Spring,No Holiday,Yes
2018-03-14 20:00:00,1275.0,17.2,60,2.5,1993,9.3,0.0,0.0,0.0,Spring,No Holiday,Yes
2018-03-14 21:00:00,1181.0,16.8,67,2.0,1775,10.6,0.0,0.0,0.0,Spring,No Holiday,Yes
2018-03-14 22:00:00,983.0,16.2,71,2.0,1780,10.9,0.0,0.0,0.0,Spring,No Holiday,Yes
2018-03-14 23:00:00,587.0,16.1,69,1.8,1666,10.4,0.0,0.0,0.0,Spring,No Holiday,Yes
2018-03-15 00:00:00,466.0,16.0,69,2.4,1863,10.3,0.0,0.0,0.0,Spring,No Holiday,Yes
2018-03-15 01:00:00,355.0,16.3,68,2.1,1859,10.3,0.0,0.0,0.0,Spring,No Holiday,Yes
2018-03-15 02:00:00,203.0,16.5,68,1.3,1724,10.5,0.0,0.0,0.0,Spring,No Holiday,Yes
2018-03-15 03:00:00,51.0,16.5,69,2.4,1659,10.7,0.0,0.0,0.0,Spring,No Holiday,Yes
2018-03-15 04:00:00,9.0,15.1,86,2.1,877,12.7,0.0,0.0,0.0,Spring,No Holiday,Yes
2018-03-15 05:00:00,8.0,14.5,94,2.0,487,13.5,0.0,0.0,0.0,Spring,No Holiday,Yes
2018-03-15 06:00:00,10.0,14.4,96,0.7,453,13.7,0.0,8.0,0.0,Spring,No Holiday,Yes
2018-03-15 07:00:00,15.0,14.3,97,0.3,189,13.8,0.0,0.0,0.0,Spring,No Holiday,Yes
2018-03-15 08:00:00,39.0,14.1,97,1.1,342,13.6,0.0,0.0,0.0,Spring,No Holiday,Yes
2018-03-15 09:00:00,32.0,14.1,98,1.1,253,13.7,0.06,17.0,0.0,Spring,No Holiday,Yes
2018-03-15 10:00:00,27.0,14.2,98,1.2,299,13.8,0.14,0.0,0.0,Spring,No Holiday,Yes
2018-03-15 11:00:00,65.0,13.9,98,1.4,296,13.5,0.13,0.0,0.0,Spring,No Holiday,Yes
2018-03-15 12:00:00,204.0,13.3,97,2.9,771,12.8,0.19,2.0,0.0,Spring,No Holiday,Yes
2018-03-15 13:00:00,269.0,12.7,97,2.6,467,12.2,0.23,0.0,0.0,Spring,No Holiday,Yes
2018-03-15 14:00:00,289.0,12.1,97,2.0,177,11.6,0.2,0.0,0.0,Spring,No Holiday,Yes
2018-03-15 15:00:00,329.0,11.6,97,3.4,117,11.1,0.26,0.0,0.0,Spring,No Holiday,Yes
2018-03-15 16:00:00,214.0,10.7,98,1.2,196,10.3,0.14,0.0,0.0,Spring,No Holiday,Yes
2018-03-15 17:00:00,411.0,10.9,98,1.3,222,10.5,0.09,0.0,0.0,Spring,No Holiday,Yes
2018-03-15 18:00:00,676.0,10.4,98,2.5,116,10.0,0.03,0.0,0.0,Spring,No Holiday,Yes
2018-03-15 19:00:00,606.0,10.4,98,2.0,391,10.0,0.0,0.0,0.0,Spring,No Holiday,Yes
2018-03-15 20:00:00,533.0,10.5,97,1.8,372,10.0,0.0,0.0,0.0,Spring,No Holiday,Yes
2018-03-15 21:00:00,567.0,10.4,96,2.7,499,9.7,0.0,0.0,0.0,Spring,No Holiday,Yes
2018-03-15 22:00:00,506.0,9.8,90,3.7,493,8.2,0.0,0.0,0.0,Spring,No Holiday,Yes
2018-03-15 23:00:00,343.0,9.3,90,4.1,609,7.7,0.0,0.0,0.0,Spring,No Holiday,Yes
2018-03-16 00:00:00,287.0,8.4,86,2.2,2000,6.1,0.0,0.0,0.0,Spring,No Holiday,Yes
2018-03-16 01:00:00,278.0,7.2,83,2.1,2000,4.4,0.0,0.0,0.0,Spring,No Holiday,Yes
2018-03-16 02:00:00,178.0,6.7,72,2.1,2000,1.9,0.0,0.0,0.0,Spring,No Holiday,Yes
2018-03-16 03:00:00,102.0,6.1,67,2.6,2000,0.4,0.0,0.0,0.0,Spring,No Holiday,Yes
2018-03-16 04:00:00,85.0,5.7,62,2.4,2000,-1.0,0.0,0.0,0.0,Spring,No Holiday,Yes
2018-03-16 05:00:00,85.0,5.2,60,2.0,2000,-1.9,0.0,0.0,0.0,Spring,No Holiday,Yes
2018-03-16 06:00:00,222.0,4.4,61,1.7,2000,-2.4,0.0,0.0,0.0,Spring,No Holiday,Yes
2018-03-16 07:00:00,652.0,3.7,59,2.9,2000,-3.5,0.0,0.0,0.0,Spring,No Holiday,Yes
2018-03-16 08:00:00,1176.0,3.8,56,2.4,2000,-4.1,0.32,0.0,0.0,Spring,No Holiday,Yes
2018-03-16 09:00:00,683.0,5.2,51,1.7,2000,-4.1,1.08,0.0,0.0,Spring,No Holiday,Yes
2018-03-16 10:00:00,507.0,6.7,46,2.2,1936,-4.1,1.79,0.0,0.0,Spring,No Holiday,Yes
2018-03-16 11:00:00,557.0,8.2,45,2.4,1992,-3.0,2.38,0.0,0.0,Spring,No Holiday,Yes
2018-03-16 12:00:00,705.0,9.4,40,2.6,1913,-3.5,2.78,0.0,0.0,Spring,No Holiday,Yes
2018-03-16 13:00:00,715.0,10.4,38,2.4,1959,-3.3,2.99,0.0,0.0,Spring,No Holiday,Yes
2018-03-16 14:00:00,772.0,11.0,36,1.8,1973,-3.5,2.91,0.0,0.0,Spring,No Holiday,Yes
2018-03-16 15:00:00,923.0,11.9,32,1.9,1976,-4.3,2.62,0.0,0.0,Spring,No Holiday,Yes
2018-03-16 16:00:00,976.0,11.6,31,1.4,1999,-4.9,2.11,0.0,0.0,Spring,No Holiday,Yes
2018-03-16 17:00:00,1160.0,11.2,30,1.5,2000,-5.7,1.44,0.0,0.0,Spring,No Holiday,Yes
2018-03-16 18:00:00,1641.0,10.0,33,1.2,2000,-5.5,0.68,0.0,0.0,Spring,No Holiday,Yes
2018-03-16 19:00:00,974.0,8.1,36,1.2,2000,-6.1,0.06,0.0,0.0,Spring,No Holiday,Yes
2018-03-16 20:00:00,774.0,6.7,41,1.0,2000,-5.6,0.0,0.0,0.0,Spring,No Holiday,Yes
2018-03-16 21:00:00,710.0,5.8,43,1.8,2000,-5.8,0.0,0.0,0.0,Spring,No Holiday,Yes
2018-03-16 22:00:00,660.0,4.9,46,0.8,2000,-5.7,0.0,0.0,0.0,Spring,No Holiday,Yes
2018-03-16 23:00:00,455.0,4.2,47,1.3,2000,-6.1,0.0,0.0,0.0,Spring,No Holiday,Yes
2018-03-17 00:00:00,414.0,3.7,48,1.6,2000,-6.3,0.0,0.0,0.0,Spring,No Holiday,Yes
2018-03-17 01:00:00,366.0,3.0,52,0.7,2000,-5.9,0.0,0.0,0.0,Spring,No Holiday,Yes
2018-03-17 02:00:00,268.0,2.3,56,0.6,2000,-5.5,0.0,0.0,0.0,Spring,No Holiday,Yes
2018-03-17 03:00:00,157.0,1.8,59,0.7,2000,-5.3,0.0,0.0,0.0,Spring,No Holiday,Yes
2018-03-17 04:00:00,103.0,1.3,61,0.7,2000,-5.4,0.0,0.0,0.0,Spring,No Holiday,Yes
2018-03-17 05:00:00,60.0,1.0,62,0.9,2000,-5.4,0.0,0.0,0.0,Spring,No Holiday,Yes
2018-03-17 06:00:00,109.0,0.8,63,1.0,2000,-5.4,0.0,0.0,0.0,Spring,No Holiday,Yes
2018-03-17 07:00:00,193.0,0.5,64,0.8,2000,-5.5,0.01,0.0,0.0,Spring,No Holiday,Yes
2018-03-17 08:00:00,384.0,1.3,57,1.0,1974,-6.2,0.32,0.0,0.0,Spring,No Holiday,Yes
2018-03-17 09:00:00,520.0,3.4,49,1.6,1950,-6.3,1.03,0.0,0.0,Spring,No Holiday,Yes
2018-03-17 10:00:00,561.0,6.0,43,1.0,1829,-5.6,1.69,0.0,0.0,Spring,No Holiday,Yes
2018-03-17 11:00:00,742.0,8.0,39,1.2,1783,-5.1,2.26,0.0,0.0,Spring,No Holiday,Yes
2018-03-17 12:00:00,933.0,10.0,38,1.5,1677,-3.6,2.51,0.0,0.0,Spring,No Holiday,Yes
2018-03-17 13:00:00,1111.0,10.9,32,1.2,1772,-5.1,2.22,0.0,0.0,Spring,No Holiday,Yes
2018-03-17 14:00:00,1294.0,12.1,29,2.3,1734,-5.4,2.26,0.0,0.0,Spring,No Holiday,Yes
2018-03-17 15:00:00,1514.0,13.2,23,2.8,1696,-7.5,2.52,0.0,0.0,Spring,No Holiday,Yes
2018-03-17 16:00:00,1440.0,13.7,28,2.1,1499,-4.5,1.88,0.0,0.0,Spring,No Holiday,Yes
2018-03-17 17:00:00,1272.0,12.1,34,2.5,1240,-3.3,0.81,0.0,0.0,Spring,No Holiday,Yes
2018-03-17 18:00:00,934.0,10.6,42,2.8,1307,-1.8,0.31,0.0,0.0,Spring,No Holiday,Yes
2018-03-17 19:00:00,718.0,8.8,49,3.2,1207,-1.3,0.05,0.0,0.0,Spring,No Holiday,Yes
2018-03-17 20:00:00,688.0,7.9,54,2.3,1005,-0.8,0.0,0.0,0.0,Spring,No Holiday,Yes
2018-03-17 21:00:00,624.0,7.4,54,2.0,1142,-1.3,0.0,0.0,0.0,Spring,No Holiday,Yes
2018-03-17 22:00:00,562.0,7.0,55,2.7,1041,-1.4,0.0,0.0,0.0,Spring,No Holiday,Yes
2018-03-17 23:00:00,422.0,6.4,59,1.1,961,-1.0,0.0,0.0,0.0,Spring,No Holiday,Yes
2018-03-18 00:00:00,407.0,5.9,56,1.1,1019,-2.2,0.0,0.0,0.0,Spring,No Holiday,Yes
2018-03-18 01:00:00,309.0,5.7,55,1.4,1043,-2.6,0.0,0.0,0.0,Spring,No Holiday,Yes
2018-03-18 02:00:00,226.0,5.5,56,1.2,1067,-2.5,0.0,0.0,0.0,Spring,No Holiday,Yes
2018-03-18 03:00:00,174.0,5.5,57,1.1,1079,-2.3,0.0,0.0,0.0,Spring,No Holiday,Yes
2018-03-18 04:00:00,106.0,5.6,55,0.4,1115,-2.7,0.0,0.0,0.0,Spring,No Holiday,Yes
2018-03-18 05:00:00,67.0,5.6,55,1.2,1008,-2.7,0.0,0.0,0.0,Spring,No Holiday,Yes
2018-03-18 06:00:00,73.0,5.7,54,1.7,1208,-2.9,0.0,0.0,0.0,Spring,No Holiday,Yes
2018-03-18 07:00:00,152.0,5.5,58,1.0,937,-2.1,0.0,0.0,0.0,Spring,No Holiday,Yes
2018-03-18 08:00:00,293.0,5.9,58,1.8,861,-1.7,0.11,0.0,0.0,Spring,No Holiday,Yes
2018-03-18 09:00:00,398.0,6.3,53,0.5,849,-2.5,0.34,0.0,0.0,Spring,No Holiday,Yes
2018-03-18 10:00:00,460.0,7.2,53,1.6,709,-1.7,0.45,0.0,0.0,Spring,No Holiday,Yes
2018-03-18 11:00:00,587.0,8.5,49,0.7,718,-1.6,0.76,0.0,0.0,Spring,No Holiday,Yes
2018-03-18 12:00:00,751.0,9.8,46,1.2,710,-1.2,1.13,0.0,0.0,Spring,No Holiday,Yes
2018-03-18 13:00:00,881.0,10.6,43,1.3,705,-1.4,1.07,0.0,0.0,Spring,No Holiday,Yes
2018-03-18 14:00:00,993.0,11.0,41,1.1,763,-1.7,0.81,0.0,0.0,Spring,No Holiday,Yes
2018-03-18 15:00:00,1128.0,12.0,37,0.8,879,-2.2,1.09,0.0,0.0,Spring,No Holiday,Yes
2018-03-18 16:00:00,1059.0,12.3,30,1.6,1263,-4.8,0.94,0.0,0.0,Spring,No Holiday,Yes
2018-03-18 17:00:00,603.0,11.1,42,2.2,765,-1.3,0.34,0.0,0.0,Spring,No Holiday,Yes
2018-03-18 18:00:00,365.0,10.4,47,0.4,824,-0.4,0.14,0.0,0.0,Spring,No Holiday,Yes
2018-03-18 19:00:00,237.0,10.0,53,1.7,796,0.8,0.01,0.0,0.0,Spring,No Holiday,Yes
2018-03-18 20:00:00,146.0,9.2,66,1.1,513,3.1,0.0,0.0,0.0,Spring,No Holiday,Yes
2018-03-18 21:00:00,71.0,8.8,72,0.9,501,4.0,0.0,0.0,0.0,Spring,No Holiday,Yes
2018-03-18 22:00:00,70.0,8.1,76,0.8,492,4.1,0.0,0.0,0.0,Spring,No Holiday,Yes
2018-03-18 23:00:00,53.0,7.4,80,1.3,471,4.1,0.0,0.0,0.0,Spring,No Holiday,Yes
2018-03-19 00:00:00,67.0,7.0,81,1.1,421,3.9,0.0,0.5,0.0,Spring,No Holiday,Yes
2018-03-19 01:00:00,38.0,6.7,84,0.8,320,4.1,0.0,0.0,0.0,Spring,No Holiday,Yes
2018-03-19 02:00:00,28.0,6.6,86,0.6,416,4.4,0.0,0.0,0.0,Spring,No Holiday,Yes
2018-03-19 03:00:00,12.0,6.5,88,0.9,276,4.6,0.0,0.3,0.0,Spring,No Holiday,Yes
2018-03-19 04:00:00,9.0,6.3,90,1.0,240,4.7,0.0,0.0,0.0,Spring,No Holiday,Yes
2018-03-19 05:00:00,27.0,6.2,89,1.5,338,4.5,0.0,0.0,0.0,Spring,No Holiday,Yes
2018-03-19 06:00:00,91.0,6.5,88,1.2,417,4.6,0.0,0.2,0.0,Spring,No Holiday,Yes
2018-03-19 07:00:00,370.0,6.5,88,1.4,515,4.6,0.0,0.0,0.0,Spring,No Holiday,Yes
2018-03-19 08:00:00,592.0,7.3,84,2.2,813,4.7,0.05,0.0,0.0,Spring,No Holiday,Yes
2018-03-19 09:00:00,387.0,8.2,81,2.7,1273,5.1,0.2,0.5,0.0,Spring,No Holiday,Yes
2018-03-19 10:00:00,292.0,9.1,77,2.7,1587,5.2,0.27,0.0,0.0,Spring,No Holiday,Yes
2018-03-19 11:00:00,393.0,10.2,65,3.3,2000,3.9,0.57,0.0,0.0,Spring,No Holiday,Yes
2018-03-19 12:00:00,403.0,10.2,58,3.5,2000,2.2,0.32,0.0,0.0,Spring,No Holiday,Yes
2018-03-19 13:00:00,387.0,10.1,61,3.7,1504,2.9,0.38,0.0,0.0,Spring,No Holiday,Yes
2018-03-19 14:00:00,326.0,10.1,59,3.3,2000,2.4,0.57,0.0,0.0,Spring,No Holiday,Yes
2018-03-19 15:00:00,263.0,9.8,57,3.0,2000,1.6,0.43,0.0,0.0,Spring,No Holiday,Yes
2018-03-19 16:00:00,271.0,8.9,63,3.0,1614,2.2,0.28,0.0,0.0,Spring,No Holiday,Yes
2018-03-19 17:00:00,605.0,8.5,59,2.7,1927,0.9,0.16,0.0,0.0,Spring,No Holiday,Yes
2018-03-19 18:00:00,1200.0,8.6,55,2.4,1958,0.0,0.09,0.0,0.0,Spring,No Holiday,Yes
2018-03-19 19:00:00,818.0,8.4,51,3.3,1977,-1.1,0.01,0.0,0.0,Spring,No Holiday,Yes
2018-03-19 20:00:00,711.0,8.3,47,3.1,2000,-2.3,0.0,0.0,0.0,Spring,No Holiday,Yes
2018-03-19 21:00:00,731.0,8.0,47,3.3,2000,-2.6,0.0,0.0,0.0,Spring,No Holiday,Yes
2018-03-19 22:00:00,565.0,7.6,48,3.1,2000,-2.7,0.0,0.0,0.0,Spring,No Holiday,Yes
2018-03-19 23:00:00,382.0,6.9,44,3.3,2000,-4.5,0.0,0.0,0.0,Spring,No Holiday,Yes
2018-03-20 00:00:00,297.0,6.3,42,3.3,2000,-5.6,0.0,0.0,0.0,Spring,No Holiday,Yes
2018-03-20 01:00:00,243.0,5.5,42,3.1,2000,-6.4,0.0,0.0,0.0,Spring,No Holiday,Yes
2018-03-20 02:00:00,165.0,5.1,44,3.4,2000,-6.1,0.0,0.0,0.0,Spring,No Holiday,Yes
2018-03-20 03:00:00,95.0,4.7,44,3.8,2000,-6.5,0.0,0.0,0.0,Spring,No Holiday,Yes
2018-03-20 04:00:00,69.0,4.4,44,3.1,2000,-6.8,0.0,0.0,0.0,Spring,No Holiday,Yes
2018-03-20 05:00:00,92.0,4.1,42,3.1,2000,-7.6,0.0,0.0,0.0,Spring,No Holiday,Yes
2018-03-20 06:00:00,235.0,3.9,43,3.4,2000,-7.5,0.0,0.0,0.0,Spring,No Holiday,Yes
2018-03-20 07:00:00,677.0,3.8,44,4.1,2000,-7.3,0.02,0.0,0.0,Spring,No Holiday,Yes
2018-03-20 08:00:00,1212.0,4.3,43,4.2,2000,-7.2,0.37,0.0,0.0,Spring,No Holiday,Yes
2018-03-20 09:00:00,661.0,5.7,38,3.9,1985,-7.5,0.98,0.0,0.0,Spring,No Holiday,Yes
2018-03-20 10:00:00,418.0,7.4,35,3.5,1990,-7.0,1.81,0.0,0.0,Spring,No Holiday,Yes
2018-03-20 11:00:00,488.0,8.4,34,3.6,1966,-6.5,2.36,0.0,0.0,Spring,No Holiday,Yes
2018-03-20 12:00:00,522.0,9.0,33,3.1,1985,-6.4,2.59,0.0,0.0,Spring,No Holiday,Yes
2018-03-20 13:00:00,516.0,8.0,37,3.4,2000,-5.8,1.96,0.0,0.0,Spring,No Holiday,Yes
2018-03-20 14:00:00,478.0,7.3,38,3.4,1997,-6.1,1.6,0.0,0.0,Spring,No Holiday,Yes
2018-03-20 15:00:00,492.0,6.5,39,3.3,2000,-6.4,1.21,0.0,0.0,Spring,No Holiday,Yes
2018-03-20 16:00:00,518.0,5.6,42,4.2,2000,-6.3,0.81,0.0,0.0,Spring,No Holiday,Yes
2018-03-20 17:00:00,719.0,4.9,43,4.3,2000,-6.6,0.42,0.0,0.0,Spring,No Holiday,Yes
2018-03-20 18:00:00,1111.0,4.1,43,3.5,2000,-7.3,0.21,0.0,0.0,Spring,No Holiday,Yes
2018-03-20 19:00:00,716.0,3.2,45,3.7,2000,-7.6,0.02,0.0,0.0,Spring,No Holiday,Yes
2018-03-20 20:00:00,543.0,2.7,45,3.3,2000,-8.0,0.0,0.0,0.0,Spring,No Holiday,Yes
2018-03-20 21:00:00,494.0,2.3,40,3.3,2000,-9.9,0.0,0.0,0.0,Spring,No Holiday,Yes
2018-03-20 22:00:00,460.0,2.0,37,2.7,2000,-11.1,0.0,0.0,0.0,Spring,No Holiday,Yes
2018-03-20 23:00:00,294.0,1.8,37,2.3,2000,-11.3,0.0,0.0,0.0,Spring,No Holiday,Yes
2018-03-21 00:00:00,240.0,1.6,39,2.3,2000,-10.8,0.0,0.0,0.0,Spring,No Holiday,Yes
2018-03-21 01:00:00,223.0,1.5,40,2.8,2000,-10.6,0.0,0.0,0.0,Spring,No Holiday,Yes
2018-03-21 02:00:00,147.0,1.4,40,2.9,2000,-10.7,0.0,0.0,0.0,Spring,No Holiday,Yes
2018-03-21 03:00:00,82.0,1.3,40,2.1,2000,-10.8,0.0,0.0,0.0,Spring,No Holiday,Yes
2018-03-21 04:00:00,70.0,1.3,39,2.3,2000,-11.1,0.0,0.0,0.0,Spring,No Holiday,Yes
2018-03-21 05:00:00,80.0,1.3,40,2.3,2000,-10.8,0.0,0.0,0.0,Spring,No Holiday,Yes
2018-03-21 06:00:00,209.0,1.4,42,1.7,2000,-10.1,0.0,0.0,0.0,Spring,No Holiday,Yes
2018-03-21 07:00:00,605.0,1.4,43,1.5,2000,-9.8,0.0,0.0,0.0,Spring,No Holiday,Yes
2018-03-21 08:00:00,1097.0,1.6,42,1.8,2000,-9.9,0.13,0.0,0.0,Spring,No Holiday,Yes
2018-03-21 09:00:00,614.0,2.5,40,1.9,2000,-9.7,0.41,0.0,0.0,Spring,No Holiday,Yes
2018-03-21 10:00:00,374.0,3.6,37,1.3,2000,-9.7,0.83,0.0,0.0,Spring,No Holiday,Yes
2018-03-21 11:00:00,339.0,4.8,35,2.1,2000,-9.4,1.38,0.0,0.0,Spring,No Holiday,Yes
2018-03-21 12:00:00,333.0,4.8,51,2.2,1715,-4.5,1.12,0.0,0.0,Spring,No Holiday,Yes
2018-03-21 13:00:00,196.0,4.0,64,2.0,1834,-2.2,0.75,0.0,0.0,Spring,No Holiday,Yes
2018-03-21 14:00:00,117.0,1.9,89,1.5,102,0.2,0.41,0.0,0.0,Spring,No Holiday,Yes
2018-03-21 15:00:00,184.0,2.2,85,1.3,2000,0.0,0.41,0.5,0.0,Spring,No Holiday,Yes
2018-03-21 16:00:00,241.0,2.4,79,1.9,1995,-0.8,0.37,0.0,0.0,Spring,No Holiday,Yes
2018-03-21 17:00:00,319.0,2.5,78,2.0,2000,-0.9,0.25,0.0,0.0,Spring,No Holiday,Yes
2018-03-21 18:00:00,615.0,2.0,77,1.3,2000,-1.6,0.07,0.0,0.0,Spring,No Holiday,Yes
2018-03-21 19:00:00,402.0,2.0,81,0.7,2000,-0.9,0.0,0.0,0.0,Spring,No Holiday,Yes
2018-03-21 20:00:00,120.0,1.7,85,1.3,396,-0.5,0.0,0.0,0.0,Spring,No Holiday,Yes
2018-03-21 21:00:00,231.0,1.2,92,0.7,1474,0.0,0.0,0.5,0.0,Spring,No Holiday,Yes
2018-03-21 22:00:00,320.0,1.2,87,0.9,1802,-0.7,0.0,0.0,0.0,Spring,No Holiday,Yes
2018-03-21 23:00:00,226.0,1.5,86,1.2,1495,-0.5,0.0,0.0,0.0,Spring,No Holiday,Yes
2018-03-22 00:00:00,243.0,1.6,86,1.7,1141,-0.4,0.0,0.0,0.0,Spring,No Holiday,Yes
2018-03-22 01:00:00,247.0,1.6,85,2.0,952,-0.6,0.0,0.0,0.0,Spring,No Holiday,Yes
2018-03-22 02:00:00,173.0,1.5,86,2.5,782,-0.5,0.0,0.0,0.0,Spring,No Holiday,Yes
2018-03-22 03:00:00,107.0,1.3,87,1.7,822,-0.6,0.0,0.0,0.0,Spring,No Holiday,Yes
2018-03-22 04:00:00,75.0,1.3,87,2.2,937,-0.6,0.0,0.0,0.0,Spring,No Holiday,Yes
2018-03-22 05:00:00,81.0,1.1,88,0.9,927,-0.6,0.0,0.0,0.0,Spring,No Holiday,Yes
2018-03-22 06:00:00,212.0,0.8,88,1.0,900,-0.9,0.0,0.0,0.0,Spring,No Holiday,Yes
2018-03-22 07:00:00,600.0,0.6,85,1.5,1321,-1.6,0.01,0.0,0.0,Spring,No Holiday,Yes
2018-03-22 08:00:00,1174.0,1.1,79,1.7,1480,-2.1,0.36,0.0,0.0,Spring,No Holiday,Yes
2018-03-22 09:00:00,653.0,2.5,67,1.3,1472,-3.0,1.11,0.0,0.0,Spring,No Holiday,Yes
2018-03-22 10:00:00,446.0,4.9,56,1.9,1480,-3.1,1.76,0.0,0.0,Spring,No Holiday,Yes
2018-03-22 11:00:00,565.0,6.9,46,2.1,1541,-3.9,2.33,0.0,0.0,Spring,No Holiday,Yes
2018-03-22 12:00:00,668.0,8.3,36,2.5,1665,-5.9,2.7,0.0,0.0,Spring,No Holiday,Yes
2018-03-22 13:00:00,648.0,9.9,29,3.2,1641,-7.3,2.91,0.0,0.0,Spring,No Holiday,Yes
2018-03-22 14:00:00,674.0,11.4,30,3.1,1672,-5.5,2.82,0.0,0.0,Spring,No Holiday,Yes
2018-03-22 15:00:00,758.0,10.7,34,4.5,1850,-4.5,2.51,0.0,0.0,Spring,No Holiday,Yes
2018-03-22 16:00:00,752.0,10.3,34,3.8,1850,-4.9,1.93,0.0,0.0,Spring,No Holiday,Yes
2018-03-22 17:00:00,999.0,9.6,38,3.2,1606,-4.0,1.35,0.0,0.0,Spring,No Holiday,Yes
2018-03-22 18:00:00,1495.0,7.9,46,3.1,1057,-3.0,0.58,0.0,0.0,Spring,No Holiday,Yes
2018-03-22 19:00:00,923.0,6.2,54,1.8,883,-2.4,0.08,0.0,0.0,Spring,No Holiday,Yes
2018-03-22 20:00:00,739.0,5.1,56,2.0,899,-2.9,0.0,0.0,0.0,Spring,No Holiday,Yes
2018-03-22 21:00:00,726.0,4.5,62,2.0,826,-2.1,0.0,0.0,0.0,Spring,No Holiday,Yes
2018-03-22 22:00:00,621.0,3.9,66,2.7,990,-1.8,0.0,0.0,0.0,Spring,No Holiday,Yes
2018-03-22 23:00:00,428.0,3.4,69,1.1,895,-1.7,0.0,0.0,0.0,Spring,No Holiday,Yes
2018-03-23 00:00:00,335.0,2.9,72,1.3,903,-1.6,0.0,0.0,0.0,Spring,No Holiday,Yes
2018-03-23 01:00:00,283.0,2.5,75,1.5,786,-1.4,0.0,0.0,0.0,Spring,No Holiday,Yes
2018-03-23 02:00:00,216.0,2.2,80,1.4,615,-0.8,0.0,0.0,0.0,Spring,No Holiday,Yes
2018-03-23 03:00:00,128.0,1.9,81,1.1,525,-1.0,0.0,0.0,0.0,Spring,No Holiday,Yes
2018-03-23 04:00:00,92.0,2.0,80,0.8,474,-1.0,0.0,0.0,0.0,Spring,No Holiday,Yes
2018-03-23 05:00:00,95.0,2.2,79,0.8,553,-1.0,0.0,0.0,0.0,Spring,No Holiday,Yes
2018-03-23 06:00:00,243.0,2.3,80,0.7,546,-0.8,0.0,0.0,0.0,Spring,No Holiday,Yes
2018-03-23 07:00:00,661.0,2.5,79,1.4,536,-0.7,0.01,0.0,0.0,Spring,No Holiday,Yes
2018-03-23 08:00:00,1216.0,2.6,77,1.3,567,-1.0,0.21,0.0,0.0,Spring,No Holiday,Yes
2018-03-23 09:00:00,664.0,3.3,72,1.4,618,-1.2,0.61,0.0,0.0,Spring,No Holiday,Yes
2018-03-23 10:00:00,461.0,5.4,64,1.6,637,-0.8,1.7,0.0,0.0,Spring,No Holiday,Yes
2018-03-23 11:00:00,584.0,7.1,50,1.7,799,-2.6,2.24,0.0,0.0,Spring,No Holiday,Yes
2018-03-23 12:00:00,690.0,9.3,37,2.3,940,-4.6,2.72,0.0,0.0,Spring,No Holiday,Yes
2018-03-23 13:00:00,682.0,10.9,36,2.1,1073,-3.6,2.87,0.0,0.0,Spring,No Holiday,Yes
2018-03-23 14:00:00,758.0,12.4,33,2.9,811,-3.4,2.71,0.0,0.0,Spring,No Holiday,Yes
2018-03-23 15:00:00,849.0,12.1,30,3.0,1120,-4.9,2.41,0.0,0.0,Spring,No Holiday,Yes
2018-03-23 16:00:00,901.0,12.2,24,2.8,1655,-7.8,1.98,0.0,0.0,Spring,No Holiday,Yes
2018-03-23 17:00:00,1108.0,11.2,27,3.5,1585,-7.1,1.19,0.0,0.0,Spring,No Holiday,Yes
2018-03-23 18:00:00,1611.0,9.7,36,3.6,948,-4.6,0.37,0.0,0.0,Spring,No Holiday,Yes
2018-03-23 19:00:00,932.0,8.3,48,3.0,779,-2.0,0.06,0.0,0.0,Spring,No Holiday,Yes
2018-03-23 20:00:00,724.0,6.7,48,2.6,774,-3.5,0.0,0.0,0.0,Spring,No Holiday,Yes
2018-03-23 21:00:00,676.0,5.8,60,2.2,650,-1.3,0.0,0.0,0.0,Spring,No Holiday,Yes
2018-03-23 22:00:00,638.0,5.3,63,1.8,591,-1.1,0.0,0.0,0.0,Spring,No Holiday,Yes
2018-03-23 23:00:00,422.0,5.0,42,1.7,717,-6.8,0.0,0.0,0.0,Spring,No Holiday,Yes
2018-03-24 00:00:00,403.0,4.7,46,1.7,746,-5.9,0.0,0.0,0.0,Spring,No Holiday,Yes
2018-03-24 01:00:00,360.0,4.7,51,1.1,728,-4.5,0.0,0.0,0.0,Spring,No Holiday,Yes
2018-03-24 02:00:00,305.0,5.0,50,1.7,669,-4.5,0.0,0.0,0.0,Spring,No Holiday,Yes
2018-03-24 03:00:00,197.0,5.0,51,0.8,659,-4.3,0.0,0.0,0.0,Spring,No Holiday,Yes
2018-03-24 04:00:00,122.0,5.1,54,1.2,550,-3.4,0.0,0.0,0.0,Spring,No Holiday,Yes
2018-03-24 05:00:00,82.0,4.7,54,1.3,543,-3.8,0.0,0.0,0.0,Spring,No Holiday,Yes
2018-03-24 06:00:00,113.0,4.2,50,0.6,633,-5.3,0.0,0.0,0.0,Spring,No Holiday,Yes
2018-03-24 07:00:00,198.0,4.0,54,0.9,587,-4.4,0.01,0.0,0.0,Spring,No Holiday,Yes
2018-03-24 08:00:00,424.0,4.5,49,0.4,580,-5.3,0.19,0.0,0.0,Spring,No Holiday,Yes
2018-03-24 09:00:00,456.0,6.5,40,2.5,588,-6.1,0.69,0.0,0.0,Spring,No Holiday,Yes
2018-03-24 10:00:00,494.0,7.2,43,1.5,559,-4.5,0.42,0.0,0.0,Spring,No Holiday,Yes
2018-03-24 11:00:00,589.0,9.0,56,2.0,399,0.6,1.11,0.0,0.0,Spring,No Holiday,Yes
2018-03-24 12:00:00,806.0,10.6,52,3.1,390,1.1,2.27,0.0,0.0,Spring,No Holiday,Yes
2018-03-24 13:00:00,880.0,12.4,50,2.5,379,2.2,2.48,0.0,0.0,Spring,No Holiday,Yes
2018-03-24 14:00:00,855.0,12.7,55,3.4,378,3.8,2.42,0.0,0.0,Spring,No Holiday,Yes
2018-03-24 15:00:00,1025.0,12.4,58,4.1,404,4.3,2.26,0.0,0.0,Spring,No Holiday,Yes
2018-03-24 16:00:00,947.0,12.3,61,3.4,359,4.9,1.82,0.0,0.0,Spring,No Holiday,Yes
2018-03-24 17:00:00,916.0,11.1,66,4.2,367,4.9,1.18,0.0,0.0,Spring,No Holiday,Yes
2018-03-24 18:00:00,736.0,9.0,76,3.0,288,4.9,0.45,0.0,0.0,Spring,No Holiday,Yes
2018-03-24 19:00:00,521.0,7.7,80,2.8,234,4.4,0.05,0.0,0.0,Spring,No Holiday,Yes
2018-03-24 20:00:00,513.0,7.1,83,3.3,203,4.4,0.0,0.0,0.0,Spring,No Holiday,Yes
2018-03-24 21:00:00,487.0,6.7,84,2.8,193,4.1,0.0,0.0,0.0,Spring,No Holiday,Yes
2018-03-24 22:00:00,460.0,6.5,85,2.3,167,4.1,0.0,0.0,0.0,Spring,No Holiday,Yes
2018-03-24 23:00:00,354.0,6.4,85,2.3,155,4.0,0.0,0.0,0.0,Spring,No Holiday,Yes
2018-03-25 00:00:00,372.0,6.4,84,1.4,171,3.8,0.0,0.0,0.0,Spring,No Holiday,Yes
2018-03-25 01:00:00,267.0,6.4,82,1.2,186,3.5,0.0,0.0,0.0,Spring,No Holiday,Yes
2018-03-25 02:00:00,195.0,6.0,82,1.3,198,3.1,0.0,0.0,0.0,Spring,No Holiday,Yes
2018-03-25 03:00:00,139.0,5.5,83,0.9,186,2.8,0.0,0.0,0.0,Spring,No Holiday,Yes
2018-03-25 04:00:00,90.0,5.3,82,1.0,200,2.4,0.0,0.0,0.0,Spring,No Holiday,Yes
2018-03-25 05:00:00,60.0,5.0,83,0.7,200,2.3,0.0,0.0,0.0,Spring,No Holiday,Yes
2018-03-25 06:00:00,71.0,4.6,84,0.7,193,2.1,0.0,0.0,0.0,Spring,No Holiday,Yes
2018-03-25 07:00:00,137.0,4.7,82,1.3,198,1.8,0.02,0.0,0.0,Spring,No Holiday,Yes
2018-03-25 08:00:00,225.0,5.0,79,1.1,203,1.6,0.23,0.0,0.0,Spring,No Holiday,Yes
2018-03-25 09:00:00,331.0,6.3,73,1.3,218,1.8,0.79,0.0,0.0,Spring,No Holiday,Yes
2018-03-25 10:00:00,359.0,8.4,65,1.8,229,2.1,1.67,0.0,0.0,Spring,No Holiday,Yes
2018-03-25 11:00:00,466.0,10.7,56,2.0,261,2.2,2.27,0.0,0.0,Spring,No Holiday,Yes
2018-03-25 12:00:00,626.0,12.7,45,1.3,321,1.0,2.63,0.0,0.0,Spring,No Holiday,Yes
2018-03-25 13:00:00,784.0,14.6,38,1.9,315,0.4,2.75,0.0,0.0,Spring,No Holiday,Yes
2018-03-25 14:00:00,882.0,16.1,37,2.4,315,1.3,2.62,0.0,0.0,Spring,No Holiday,Yes
2018-03-25 15:00:00,960.0,16.7,38,3.1,265,2.2,2.27,0.0,0.0,Spring,No Holiday,Yes
2018-03-25 16:00:00,1031.0,16.5,39,3.1,366,2.4,1.91,0.0,0.0,Spring,No Holiday,Yes
2018-03-25 17:00:00,911.0,15.8,40,2.3,481,2.2,1.28,0.0,0.0,Spring,No Holiday,Yes
2018-03-25 18:00:00,768.0,14.4,44,2.7,596,2.2,0.6,0.0,0.0,Spring,No Holiday,Yes
2018-03-25 19:00:00,571.0,12.6,59,2.5,384,4.7,0.08,0.0,0.0,Spring,No Holiday,Yes
2018-03-25 20:00:00,502.0,10.7,70,2.8,236,5.4,0.0,0.0,0.0,Spring,No Holiday,Yes
2018-03-25 21:00:00,456.0,9.8,74,2.2,219,5.3,0.0,0.0,0.0,Spring,No Holiday,Yes
2018-03-25 22:00:00,424.0,8.8,79,2.0,203,5.3,0.0,0.0,0.0,Spring,No Holiday,Yes
2018-03-25 23:00:00,336.0,8.0,82,1.3,196,5.1,0.0,0.0,0.0,Spring,No Holiday,Yes
2018-03-26 00:00:00,244.0,7.1,84,2.3,185,4.5,0.0,0.0,0.0,Spring,No Holiday,Yes
2018-03-26 01:00:00,185.0,6.3,87,1.8,153,4.2,0.0,0.0,0.0,Spring,No Holiday,Yes
2018-03-26 02:00:00,93.0,5.4,95,1.5,89,4.6,0.0,0.0,0.0,Spring,No Holiday,Yes
2018-03-26 03:00:00,62.0,5.5,96,1.6,72,4.9,0.0,0.0,0.0,Spring,No Holiday,Yes
2018-03-26 04:00:00,65.0,5.5,96,2.0,53,4.9,0.0,0.0,0.0,Spring,No Holiday,Yes
2018-03-26 05:00:00,98.0,5.4,97,1.5,38,4.9,0.0,0.0,0.0,Spring,No Holiday,Yes
2018-03-26 06:00:00,227.0,5.7,97,0.5,80,5.2,0.0,0.0,0.0,Spring,No Holiday,Yes
2018-03-26 07:00:00,581.0,6.0,96,0.6,94,5.4,0.0,0.0,0.0,Spring,No Holiday,Yes
2018-03-26 08:00:00,983.0,6.4,90,1.4,117,4.8,0.13,0.0,0.0,Spring,No Holiday,Yes
2018-03-26 09:00:00,540.0,7.6,82,0.7,147,4.7,0.55,0.0,0.0,Spring,No Holiday,Yes
2018-03-26 10:00:00,415.0,10.0,70,1.0,187,4.7,1.57,0.0,0.0,Spring,No Holiday,Yes
2018-03-26 11:00:00,422.0,12.6,60,2.4,281,5.0,2.23,0.0,0.0,Spring,No Holiday,Yes
2018-03-26 12:00:00,492.0,14.6,53,2.5,348,5.1,2.65,0.0,0.0,Spring,No Holiday,Yes
2018-03-26 13:00:00,504.0,16.0,47,2.5,459,4.6,2.8,0.0,0.0,Spring,No Holiday,Yes
2018-03-26 14:00:00,575.0,17.4,39,2.9,520,3.2,2.7,0.0,0.0,Spring,No Holiday,Yes
2018-03-26 15:00:00,604.0,17.6,33,3.6,985,1.1,2.44,0.0,0.0,Spring,No Holiday,Yes
2018-03-26 16:00:00,819.0,17.7,33,3.4,897,1.2,1.96,0.0,0.0,Spring,No Holiday,Yes
2018-03-26 17:00:00,925.0,17.1,31,3.3,1075,-0.1,1.33,0.0,0.0,Spring,No Holiday,Yes
2018-03-26 18:00:00,1477.0,16.0,33,2.9,1138,-0.2,0.6,0.0,0.0,Spring,No Holiday,Yes
2018-03-26 19:00:00,1031.0,14.3,37,3.1,1247,-0.2,0.1,0.0,0.0,Spring,No Holiday,Yes
2018-03-26 20:00:00,835.0,12.9,42,2.8,1047,0.2,0.0,0.0,0.0,Spring,No Holiday,Yes
2018-03-26 21:00:00,798.0,11.6,54,1.5,693,2.5,0.0,0.0,0.0,Spring,No Holiday,Yes
2018-03-26 22:00:00,662.0,10.7,58,1.4,600,2.7,0.0,0.0,0.0,Spring,No Holiday,Yes
2018-03-26 23:00:00,447.0,9.8,62,0.6,535,2.8,0.0,0.0,0.0,Spring,No Holiday,Yes
2018-03-27 00:00:00,380.0,9.0,68,1.1,426,3.3,0.0,0.0,0.0,Spring,No Holiday,Yes
2018-03-27 01:00:00,278.0,8.7,70,0.9,398,3.5,0.0,0.0,0.0,Spring,No Holiday,Yes
2018-03-27 02:00:00,163.0,8.3,70,0.8,394,3.1,0.0,0.0,0.0,Spring,No Holiday,Yes
2018-03-27 03:00:00,127.0,8.1,71,0.9,378,3.1,0.0,0.0,0.0,Spring,No Holiday,Yes
2018-03-27 04:00:00,95.0,7.8,70,0.3,395,2.6,0.0,0.0,0.0,Spring,No Holiday,Yes
2018-03-27 05:00:00,110.0,8.0,63,0.8,439,1.3,0.0,0.0,0.0,Spring,No Holiday,Yes
2018-03-27 06:00:00,231.0,8.1,66,0.6,415,2.1,0.0,0.0,0.0,Spring,No Holiday,Yes
2018-03-27 07:00:00,705.0,8.5,67,0.7,475,2.7,0.02,0.0,0.0,Spring,No Holiday,Yes
2018-03-27 08:00:00,1201.0,9.3,62,0.6,519,2.3,0.25,0.0,0.0,Spring,No Holiday,Yes
2018-03-27 09:00:00,699.0,11.6,51,0.8,498,1.7,0.84,0.0,0.0,Spring,No Holiday,Yes
2018-03-27 10:00:00,462.0,13.9,40,0.8,586,0.5,1.6,0.0,0.0,Spring,No Holiday,Yes
2018-03-27 11:00:00,560.0,15.8,40,1.9,647,2.2,1.95,0.0,0.0,Spring,No Holiday,Yes
2018-03-27 12:00:00,586.0,16.7,47,2.4,620,5.3,1.76,0.0,0.0,Spring,No Holiday,Yes
2018-03-27 13:00:00,563.0,18.6,46,2.1,642,6.7,2.54,0.0,0.0,Spring,No Holiday,Yes
2018-03-27 14:00:00,618.0,19.4,45,2.0,624,7.1,2.05,0.0,0.0,Spring,No Holiday,Yes
2018-03-27 15:00:00,636.0,19.9,45,2.7,676,7.6,1.79,0.0,0.0,Spring,No Holiday,Yes
2018-03-27 16:00:00,774.0,19.5,50,3.4,613,8.7,1.6,0.0,0.0,Spring,No Holiday,Yes
2018-03-27 17:00:00,960.0,18.4,54,3.2,605,8.9,1.05,0.0,0.0,Spring,No Holiday,Yes
2018-03-27 18:00:00,1521.0,16.8,60,3.1,580,8.9,0.46,0.0,0.0,Spring,No Holiday,Yes
2018-03-27 19:00:00,1020.0,15.0,67,2.6,452,8.9,0.07,0.0,0.0,Spring,No Holiday,Yes
2018-03-27 20:00:00,864.0,13.9,72,2.4,385,8.9,0.0,0.0,0.0,Spring,No Holiday,Yes
2018-03-27 21:00:00,866.0,13.4,73,1.5,325,8.6,0.0,0.0,0.0,Spring,No Holiday,Yes
2018-03-27 22:00:00,764.0,12.9,75,1.3,326,8.5,0.0,0.0,0.0,Spring,No Holiday,Yes
2018-03-27 23:00:00,527.0,12.4,74,1.5,356,7.8,0.0,0.0,0.0,Spring,No Holiday,Yes
2018-03-28 00:00:00,400.0,12.0,76,0.8,346,7.8,0.0,0.0,0.0,Spring,No Holiday,Yes
2018-03-28 01:00:00,337.0,11.6,74,1.2,374,7.1,0.0,0.0,0.0,Spring,No Holiday,Yes
2018-03-28 02:00:00,225.0,11.5,75,1.9,399,7.2,0.0,0.0,0.0,Spring,No Holiday,Yes
2018-03-28 03:00:00,150.0,10.9,79,0.8,383,7.3,0.0,0.0,0.0,Spring,No Holiday,Yes
2018-03-28 04:00:00,104.0,10.6,77,0.9,422,6.7,0.0,0.0,0.0,Spring,No Holiday,Yes
2018-03-28 05:00:00,107.0,10.2,80,0.8,366,6.8,0.0,0.0,0.0,Spring,No Holiday,Yes
2018-03-28 06:00:00,258.0,9.6,84,0.7,301,7.0,0.0,0.0,0.0,Spring,No Holiday,Yes
2018-03-28 07:00:00,741.0,9.6,82,1.1,284,6.6,0.04,0.0,0.0,Spring,No Holiday,Yes
2018-03-28 08:00:00,1353.0,10.3,77,0.7,341,6.4,0.37,0.0,0.0,Spring,No Holiday,Yes
2018-03-28 09:00:00,723.0,12.4,66,1.0,546,6.2,0.91,0.0,0.0,Spring,No Holiday,Yes
2018-03-28 10:00:00,494.0,14.7,62,2.9,684,7.4,1.59,0.0,0.0,Spring,No Holiday,Yes
2018-03-28 11:00:00,588.0,15.6,60,3.7,817,7.8,1.44,0.0,0.0,Spring,No Holiday,Yes
2018-03-28 12:00:00,629.0,16.5,57,3.8,881,7.9,1.55,0.0,0.0,Spring,No Holiday,Yes
2018-03-28 13:00:00,723.0,17.5,54,3.1,1065,8.0,1.63,0.0,0.0,Spring,No Holiday,Yes
2018-03-28 14:00:00,698.0,18.6,46,4.4,1664,6.7,2.14,0.0,0.0,Spring,No Holiday,Yes
2018-03-28 15:00:00,785.0,18.2,45,4.1,1908,6.0,1.86,0.0,0.0,Spring,No Holiday,Yes
2018-03-28 16:00:00,943.0,18.3,43,4.3,1931,5.4,1.3,0.0,0.0,Spring,No Holiday,Yes
2018-03-28 17:00:00,1221.0,17.6,45,4.2,1947,5.5,0.7,0.0,0.0,Spring,No Holiday,Yes
2018-03-28 18:00:00,1839.0,17.0,53,3.1,1855,7.3,0.35,0.0,0.0,Spring,No Holiday,Yes
2018-03-28 19:00:00,1288.0,16.0,60,2.8,1436,8.2,0.06,0.0,0.0,Spring,No Holiday,Yes
2018-03-28 20:00:00,1133.0,15.2,65,2.2,988,8.6,0.0,0.0,0.0,Spring,No Holiday,Yes
2018-03-28 21:00:00,1035.0,14.2,70,0.8,723,8.7,0.0,0.0,0.0,Spring,No Holiday,Yes
2018-03-28 22:00:00,907.0,13.6,73,2.0,644,8.8,0.0,0.0,0.0,Spring,No Holiday,Yes
2018-03-28 23:00:00,614.0,13.5,74,1.2,603,8.9,0.0,0.0,0.0,Spring,No Holiday,Yes
2018-03-29 00:00:00,466.0,13.4,77,1.5,537,9.4,0.0,0.0,0.0,Spring,No Holiday,Yes
2018-03-29 01:00:00,390.0,13.0,81,1.9,484,9.8,0.0,0.0,0.0,Spring,No Holiday,Yes
2018-03-29 02:00:00,254.0,12.9,83,1.6,369,10.0,0.0,0.0,0.0,Spring,No Holiday,Yes
2018-03-29 03:00:00,170.0,12.7,80,0.4,384,9.3,0.0,0.0,0.0,Spring,No Holiday,Yes
2018-03-29 04:00:00,109.0,12.8,81,0.2,418,9.6,0.0,0.0,0.0,Spring,No Holiday,Yes
2018-03-29 05:00:00,106.0,12.7,83,0.8,392,9.8,0.0,0.0,0.0,Spring,No Holiday,Yes
2018-03-29 06:00:00,274.0,12.6,83,0.5,332,9.7,0.0,0.0,0.0,Spring,No Holiday,Yes
2018-03-29 07:00:00,781.0,12.8,82,0.6,370,9.7,0.01,0.0,0.0,Spring,No Holiday,Yes
2018-03-29 08:00:00,1281.0,13.3,80,1.2,369,9.9,0.14,0.0,0.0,Spring,No Holiday,Yes
2018-03-29 09:00:00,757.0,13.5,79,1.9,382,9.9,0.2,0.0,0.0,Spring,No Holiday,Yes
2018-03-29 10:00:00,482.0,15.0,69,1.5,552,9.3,1.02,0.0,0.0,Spring,No Holiday,Yes
2018-03-29 11:00:00,583.0,16.1,63,1.2,555,9.0,1.08,0.0,0.0,Spring,No Holiday,Yes
2018-03-29 12:00:00,714.0,18.2,55,2.3,594,9.0,2.24,0.0,0.0,Spring,No Holiday,Yes
2018-03-29 13:00:00,716.0,19.5,48,1.9,596,8.1,2.32,0.0,0.0,Spring,No Holiday,Yes
2018-03-29 14:00:00,711.0,20.2,47,2.4,541,8.5,2.3,0.0,0.0,Spring,No Holiday,Yes
2018-03-29 15:00:00,781.0,20.8,42,3.1,576,7.4,2.1,0.0,0.0,Spring,No Holiday,Yes
2018-03-29 16:00:00,957.0,20.7,38,2.2,741,5.8,1.63,0.0,0.0,Spring,No Holiday,Yes
2018-03-29 17:00:00,1194.0,20.3,48,2.8,635,8.9,1.14,0.0,0.0,Spring,No Holiday,Yes
2018-03-29 18:00:00,1776.0,19.1,47,2.4,942,7.5,0.57,0.0,0.0,Spring,No Holiday,Yes
2018-03-29 19:00:00,1260.0,17.5,61,2.2,758,9.8,0.11,0.0,0.0,Spring,No Holiday,Yes
2018-03-29 20:00:00,1079.0,15.6,64,2.7,686,8.8,0.0,0.0,0.0,Spring,No Holiday,Yes
2018-03-29 21:00:00,1046.0,14.4,66,1.7,677,8.1,0.0,0.0,0.0,Spring,No Holiday,Yes
2018-03-29 22:00:00,949.0,13.3,71,2.1,581,8.1,0.0,0.0,0.0,Spring,No Holiday,Yes
2018-03-29 23:00:00,614.0,12.7,75,1.6,475,8.3,0.0,0.0,0.0,Spring,No Holiday,Yes
2018-03-30 00:00:00,490.0,11.8,78,0.6,438,8.0,0.0,0.0,0.0,Spring,No Holiday,Yes
2018-03-30 01:00:00,401.0,11.4,77,0.7,466,7.5,0.0,0.0,0.0,Spring,No Holiday,Yes
2018-03-30 02:00:00,261.0,10.8,72,0.4,639,5.9,0.0,0.0,0.0,Spring,No Holiday,Yes
2018-03-30 03:00:00,184.0,10.3,68,0.7,887,4.6,0.0,0.0,0.0,Spring,No Holiday,Yes
2018-03-30 04:00:00,115.0,9.9,67,1.1,820,4.0,0.0,0.0,0.0,Spring,No Holiday,Yes
2018-03-30 05:00:00,117.0,10.4,62,1.8,911,3.4,0.0,0.0,0.0,Spring,No Holiday,Yes
2018-03-30 06:00:00,284.0,10.3,70,1.2,555,5.0,0.0,0.0,0.0,Spring,No Holiday,Yes
2018-03-30 07:00:00,747.0,10.5,70,1.1,483,5.2,0.04,0.0,0.0,Spring,No Holiday,Yes
2018-03-30 08:00:00,1406.0,11.5,60,1.6,550,3.9,0.42,0.0,0.0,Spring,No Holiday,Yes
2018-03-30 09:00:00,772.0,13.7,46,1.3,972,2.2,1.08,0.0,0.0,Spring,No Holiday,Yes
2018-03-30 10:00:00,583.0,16.0,29,1.4,1708,-2.0,1.79,0.0,0.0,Spring,No Holiday,Yes
2018-03-30 11:00:00,739.0,17.8,26,2.6,1822,-1.9,2.37,0.0,0.0,Spring,No Holiday,Yes
2018-03-30 12:00:00,939.0,19.1,26,1.6,1704,-0.8,2.73,0.0,0.0,Spring,No Holiday,Yes
2018-03-30 13:00:00,860.0,20.3,27,1.4,1464,0.6,2.87,0.0,0.0,Spring,No Holiday,Yes
2018-03-30 14:00:00,965.0,21.0,28,2.8,1191,1.7,2.75,0.0,0.0,Spring,No Holiday,Yes
2018-03-30 15:00:00,1068.0,21.8,28,2.3,1162,2.4,2.4,0.0,0.0,Spring,No Holiday,Yes
2018-03-30 16:00:00,1156.0,20.7,36,3.6,811,5.0,1.82,0.0,0.0,Spring,No Holiday,Yes
2018-03-30 17:00:00,1460.0,19.4,45,2.9,778,7.1,1.13,0.0,0.0,Spring,No Holiday,Yes
2018-03-30 18:00:00,1935.0,17.4,57,3.1,657,8.7,0.52,0.0,0.0,Spring,No Holiday,Yes
2018-03-30 19:00:00,1268.0,15.2,60,3.2,1081,7.4,0.09,0.0,0.0,Spring,No Holiday,Yes
2018-03-30 20:00:00,1045.0,14.3,63,2.6,936,7.3,0.0,0.0,0.0,Spring,No Holiday,Yes
2018-03-30 21:00:00,948.0,13.7,73,1.8,658,8.9,0.0,0.0,0.0,Spring,No Holiday,Yes
2018-03-30 22:00:00,880.0,12.7,76,1.5,521,8.5,0.0,0.0,0.0,Spring,No Holiday,Yes
2018-03-30 23:00:00,678.0,12.1,77,1.4,540,8.1,0.0,0.0,0.0,Spring,No Holiday,Yes
2018-03-31 00:00:00,537.0,11.7,77,1.3,588,7.7,0.0,0.0,0.0,Spring,No Holiday,Yes
2018-03-31 01:00:00,502.0,11.5,77,2.0,593,7.6,0.0,0.0,0.0,Spring,No Holiday,Yes
2018-03-31 02:00:00,397.0,11.0,73,1.5,816,6.3,0.0,0.0,0.0,Spring,No Holiday,Yes
2018-03-31 03:00:00,264.0,10.7,74,1.7,712,6.2,0.0,0.0,0.0,Spring,No Holiday,Yes
2018-03-31 04:00:00,163.0,10.4,73,1.7,801,5.7,0.0,0.0,0.0,Spring,No Holiday,Yes
2018-03-31 05:00:00,108.0,9.8,73,0.8,1098,5.1,0.0,0.0,0.0,Spring,No Holiday,Yes
2018-03-31 06:00:00,142.0,9.4,75,0.9,1117,5.1,0.0,0.0,0.0,Spring,No Holiday,Yes
2018-03-31 07:00:00,264.0,9.5,72,0.2,1017,4.6,0.04,0.0,0.0,Spring,No Holiday,Yes
2018-03-31 08:00:00,489.0,10.4,65,0.8,979,4.0,0.41,0.0,0.0,Spring,No Holiday,Yes
2018-03-31 09:00:00,642.0,12.6,57,0.9,859,4.2,0.98,0.0,0.0,Spring,No Holiday,Yes
2018-03-31 10:00:00,618.0,14.7,53,0.9,831,5.2,1.59,0.0,0.0,Spring,No Holiday,Yes
2018-03-31 11:00:00,824.0,16.7,45,1.9,1054,4.6,2.07,0.0,0.0,Spring,No Holiday,Yes
2018-03-31 12:00:00,1072.0,18.2,38,4.2,1189,3.6,2.41,0.0,0.0,Spring,No Holiday,Yes
2018-03-31 13:00:00,1218.0,19.3,37,3.0,1257,4.2,2.53,0.0,0.0,Spring,No Holiday,Yes
2018-03-31 14:00:00,1381.0,20.1,30,3.0,1554,1.9,2.57,0.0,0.0,Spring,No Holiday,Yes
2018-03-31 15:00:00,1542.0,18.9,28,3.7,1769,0.0,2.09,0.0,0.0,Spring,No Holiday,Yes
2018-03-31 16:00:00,1578.0,18.0,32,3.0,1836,1.0,1.03,0.0,0.0,Spring,No Holiday,Yes
2018-03-31 17:00:00,1531.0,17.3,36,3.4,1722,2.0,0.8,0.0,0.0,Spring,No Holiday,Yes
2018-03-31 18:00:00,1391.0,16.6,33,2.6,1867,0.2,0.48,0.0,0.0,Spring,No Holiday,Yes
2018-03-31 19:00:00,1025.0,15.3,41,2.0,1751,2.1,0.08,0.0,0.0,Spring,No Holiday,Yes
2018-03-31 20:00:00,972.0,14.0,45,1.6,1729,2.2,0.0,0.0,0.0,Spring,No Holiday,Yes
2018-03-31 21:00:00,1010.0,13.3,48,1.6,1582,2.5,0.0,0.0,0.0,Spring,No Holiday,Yes
2018-03-31 22:00:00,922.0,12.8,52,1.5,1616,3.1,0.0,0.0,0.0,Spring,No Holiday,Yes
2018-03-31 23:00:00,655.0,12.4,63,1.3,1201,5.5,0.0,0.0,0.0,Spring,No Holiday,Yes
2018-04-01 00:00:00,579.0,12.1,70,0.8,1050,6.7,0.0,0.0,0.0,Spring,No Holiday,Yes
2018-04-01 01:00:00,453.0,11.7,74,0.5,979,7.2,0.0,0.0,0.0,Spring,No Holiday,Yes
2018-04-01 02:00:00,322.0,11.7,72,0.6,915,6.8,0.0,0.0,0.0,Spring,No Holiday,Yes
2018-04-01 03:00:00,221.0,11.9,71,0.7,853,6.7,0.0,0.0,0.0,Spring,No Holiday,Yes
2018-04-01 04:00:00,147.0,12.1,69,0.3,827,6.5,0.0,0.0,0.0,Spring,No Holiday,Yes
2018-04-01 05:00:00,96.0,12.3,65,0.5,1085,5.8,0.0,0.0,0.0,Spring,No Holiday,Yes
2018-04-01 06:00:00,110.0,12.4,61,0.4,1131,5.0,0.0,0.0,0.0,Spring,No Holiday,Yes
2018-04-01 07:00:00,169.0,12.5,62,0.4,1003,5.4,0.0,0.0,0.0,Spring,No Holiday,Yes
2018-04-01 08:00:00,342.0,12.9,64,1.5,778,6.2,0.06,0.0,0.0,Spring,No Holiday,Yes
2018-04-01 09:00:00,485.0,13.5,66,1.8,934,7.2,0.16,0.0,0.0,Spring,No Holiday,Yes
2018-04-01 10:00:00,566.0,14.7,61,2.0,945,7.2,0.64,0.0,0.0,Spring,No Holiday,Yes
2018-04-01 11:00:00,737.0,16.7,55,2.1,1182,7.6,1.37,0.0,0.0,Spring,No Holiday,Yes
2018-04-01 12:00:00,926.0,18.0,53,3.1,1350,8.2,1.53,0.0,0.0,Spring,No Holiday,Yes
2018-04-01 13:00:00,1156.0,17.9,60,2.2,1248,10.0,0.86,0.0,0.0,Spring,No Holiday,Yes
2018-04-01 14:00:00,1201.0,17.5,67,2.1,832,11.2,0.42,0.0,0.0,Spring,No Holiday,Yes
2018-04-01 15:00:00,1349.0,18.2,63,2.2,687,11.0,0.72,0.0,0.0,Spring,No Holiday,Yes
2018-04-01 16:00:00,1409.0,18.2,69,3.2,625,12.4,0.87,0.0,0.0,Spring,No Holiday,Yes
2018-04-01 17:00:00,1362.0,18.0,72,1.8,559,12.8,0.47,0.0,0.0,Spring,No Holiday,Yes
2018-04-01 18:00:00,1296.0,17.7,75,2.1,519,13.2,0.12,0.0,0.0,Spring,No Holiday,Yes
2018-04-01 19:00:00,1066.0,17.4,79,2.3,614,13.7,0.03,0.0,0.0,Spring,No Holiday,Yes
2018-04-01 20:00:00,984.0,17.1,80,1.5,480,13.6,0.0,0.0,0.0,Spring,No Holiday,Yes
2018-04-01 21:00:00,983.0,16.9,81,1.9,472,13.6,0.0,0.0,0.0,Spring,No Holiday,Yes
2018-04-01 22:00:00,841.0,16.7,83,2.4,416,13.7,0.0,0.0,0.0,Spring,No Holiday,Yes
2018-04-01 23:00:00,588.0,16.3,82,1.3,480,13.2,0.0,0.0,0.0,Spring,No Holiday,Yes
2018-04-02 00:00:00,468.0,16.1,80,1.9,605,12.6,0.0,0.0,0.0,Spring,No Holiday,Yes
2018-04-02 01:00:00,295.0,16.0,79,1.0,716,12.3,0.0,0.0,0.0,Spring,No Holiday,Yes
2018-04-02 02:00:00,155.0,15.7,81,1.4,694,12.4,0.0,0.0,0.0,Spring,No Holiday,Yes
2018-04-02 03:00:00,111.0,15.6,81,1.2,628,12.3,0.0,0.0,0.0,Spring,No Holiday,Yes
2018-04-02 04:00:00,86.0,15.7,79,1.2,628,12.0,0.0,0.0,0.0,Spring,No Holiday,Yes
2018-04-02 05:00:00,125.0,15.3,82,1.4,508,12.2,0.0,0.0,0.0,Spring,No Holiday,Yes
2018-04-02 06:00:00,359.0,14.9,81,0.4,580,11.6,0.0,0.0,0.0,Spring,No Holiday,Yes
2018-04-02 07:00:00,918.0,15.1,80,1.0,623,11.6,0.01,0.0,0.0,Spring,No Holiday,Yes
2018-04-02 08:00:00,1469.0,15.7,75,1.1,804,11.2,0.11,0.0,0.0,Spring,No Holiday,Yes
2018-04-02 09:00:00,806.0,16.6,70,1.5,945,11.0,0.3,0.0,0.0,Spring,No Holiday,Yes
2018-04-02 10:00:00,579.0,17.5,66,1.3,1059,11.0,0.55,0.0,0.0,Spring,No Holiday,Yes
2018-04-02 11:00:00,662.0,18.5,61,1.6,1301,10.8,0.95,0.0,0.0,Spring,No Holiday,Yes
2018-04-02 12:00:00,818.0,20.8,50,2.0,1240,9.9,1.82,0.0,0.0,Spring,No Holiday,Yes
2018-04-02 13:00:00,818.0,21.9,48,2.5,1113,10.3,2.14,0.0,0.0,Spring,No Holiday,Yes
2018-04-02 14:00:00,920.0,23.0,42,3.4,1315,9.3,2.1,0.0,0.0,Spring,No Holiday,Yes
2018-04-02 15:00:00,993.0,23.7,43,2.8,1347,10.3,2.28,0.0,0.0,Spring,No Holiday,Yes
2018-04-02 16:00:00,1218.0,23.0,47,4.1,1417,11.0,2.0,0.0,0.0,Spring,No Holiday,Yes
2018-04-02 17:00:00,1569.0,22.0,49,3.7,1582,10.7,1.28,0.0,0.0,Spring,No Holiday,Yes
2018-04-02 18:00:00,2401.0,20.7,54,4.1,1484,11.0,0.5,0.0,0.0,Spring,No Holiday,Yes
2018-04-02 19:00:00,1779.0,19.1,60,3.4,1592,11.1,0.1,0.0,0.0,Spring,No Holiday,Yes
2018-04-02 20:00:00,1517.0,18.2,65,1.8,1563,11.5,0.0,0.0,0.0,Spring,No Holiday,Yes
2018-04-02 21:00:00,1503.0,17.9,64,2.1,1652,10.9,0.0,0.0,0.0,Spring,No Holiday,Yes
2018-04-02 22:00:00,1213.0,17.4,66,2.3,1565,10.9,0.0,0.0,0.0,Spring,No Holiday,Yes
2018-04-02 23:00:00,803.0,16.8,70,0.9,1426,11.2,0.0,0.0,0.0,Spring,No Holiday,Yes
2018-04-03 00:00:00,532.0,16.8,69,0.8,1395,11.0,0.0,0.0,0.0,Spring,No Holiday,Yes
2018-04-03 01:00:00,430.0,17.1,72,1.7,1353,12.0,0.0,0.0,0.0,Spring,No Holiday,Yes
2018-04-03 02:00:00,275.0,17.0,73,1.6,1184,12.1,0.0,0.0,0.0,Spring,No Holiday,Yes
2018-04-03 03:00:00,156.0,17.0,74,1.7,1294,12.3,0.0,0.0,0.0,Spring,No Holiday,Yes
2018-04-03 04:00:00,124.0,16.9,74,1.2,1199,12.2,0.0,0.0,0.0,Spring,No Holiday,Yes
2018-04-03 05:00:00,163.0,16.9,73,1.6,1275,12.0,0.0,0.0,0.0,Spring,No Holiday,Yes
2018-04-03 06:00:00,388.0,16.8,74,1.2,1265,12.1,0.0,0.0,0.0,Spring,No Holiday,Yes
2018-04-03 07:00:00,1033.0,16.8,73,1.0,1366,11.9,0.01,0.0,0.0,Spring,No Holiday,Yes
2018-04-03 08:00:00,1677.0,17.3,71,0.5,1481,11.9,0.17,0.0,0.0,Spring,No Holiday,Yes
2018-04-03 09:00:00,867.0,18.3,67,2.4,1375,12.0,0.55,0.0,0.0,Spring,No Holiday,Yes
2018-04-03 10:00:00,664.0,18.9,66,2.0,1298,12.4,0.85,0.0,0.0,Spring,No Holiday,Yes
2018-04-03 11:00:00,696.0,19.0,67,1.9,1062,12.7,0.52,0.0,0.0,Spring,No Holiday,Yes
2018-04-03 12:00:00,913.0,19.6,63,2.9,1034,12.3,0.68,0.0,0.0,Spring,No Holiday,Yes
2018-04-03 13:00:00,870.0,20.1,61,2.6,1117,12.3,1.01,0.0,0.0,Spring,No Holiday,Yes
2018-04-03 14:00:00,931.0,21.0,53,3.2,1306,11.0,1.12,0.0,0.0,Spring,No Holiday,Yes
2018-04-03 15:00:00,961.0,19.9,58,2.5,1348,11.3,0.51,0.0,0.0,Spring,No Holiday,Yes
2018-04-03 16:00:00,1173.0,19.7,58,3.7,1302,11.1,0.78,0.0,0.0,Spring,No Holiday,Yes
2018-04-03 17:00:00,1436.0,19.7,57,2.6,1302,10.9,0.54,0.0,0.0,Spring,No Holiday,Yes
2018-04-03 18:00:00,2134.0,18.9,68,3.3,1326,12.8,0.12,0.0,0.0,Spring,No Holiday,Yes
2018-04-03 19:00:00,1415.0,18.0,74,3.1,1258,13.2,0.02,0.0,0.0,Spring,No Holiday,Yes
2018-04-03 20:00:00,1470.0,17.3,80,2.4,927,13.8,0.0,0.0,0.0,Spring,No Holiday,Yes
2018-04-03 21:00:00,1223.0,17.0,83,3.2,744,14.0,0.0,0.0,0.0,Spring,No Holiday,Yes
2018-04-03 22:00:00,1030.0,16.0,85,2.0,409,13.4,0.0,0.0,0.0,Spring,No Holiday,Yes
2018-04-03 23:00:00,454.0,15.0,94,1.6,163,14.0,0.0,0.0,0.0,Spring,No Holiday,Yes
2018-04-04 00:00:00,355.0,15.0,96,2.1,141,14.3,0.0,0.1,0.0,Spring,No Holiday,Yes
2018-04-04 01:00:00,113.0,14.8,96,1.7,209,14.1,0.0,0.0,0.0,Spring,No Holiday,Yes
2018-04-04 02:00:00,15.0,14.5,97,2.2,179,14.0,0.0,3.5,0.0,Spring,No Holiday,Yes
2018-04-04 03:00:00,22.0,14.3,97,1.2,228,13.8,0.0,7.0,0.0,Spring,No Holiday,Yes
2018-04-04 04:00:00,14.0,14.1,97,1.7,306,13.6,0.0,3.0,0.0,Spring,No Holiday,Yes
2018-04-04 05:00:00,19.0,11.9,97,3.4,305,11.4,0.0,3.0,0.0,Spring,No Holiday,Yes
2018-04-04 06:00:00,172.0,11.7,95,0.7,2000,10.9,0.0,2.0,0.0,Spring,No Holiday,Yes
2018-04-04 07:00:00,665.0,10.3,90,1.2,2000,8.7,0.01,0.0,0.0,Spring,No Holiday,Yes
2018-04-04 08:00:00,1284.0,10.3,86,2.5,2000,8.0,0.15,0.0,0.0,Spring,No Holiday,Yes
2018-04-04 09:00:00,378.0,10.4,81,1.4,2000,7.2,0.36,0.0,0.0,Spring,No Holiday,Yes
2018-04-04 10:00:00,505.0,10.7,81,1.4,2000,7.5,0.57,0.0,0.0,Spring,No Holiday,Yes
2018-04-04 11:00:00,744.0,12.8,65,2.0,2000,6.3,1.76,0.0,0.0,Spring,No Holiday,Yes
2018-04-04 12:00:00,928.0,15.3,54,2.1,1989,6.0,2.83,0.0,0.0,Spring,No Holiday,Yes
2018-04-04 13:00:00,951.0,16.7,47,1.4,2000,5.3,3.24,0.0,0.0,Spring,No Holiday,Yes
2018-04-04 14:00:00,1096.0,17.9,42,1.3,1981,4.7,3.04,0.0,0.0,Spring,No Holiday,Yes
2018-04-04 15:00:00,1209.0,17.9,44,2.2,2000,5.4,2.79,0.0,0.0,Spring,No Holiday,Yes
2018-04-04 16:00:00,1413.0,17.9,42,1.1,2000,4.7,2.25,0.0,0.0,Spring,No Holiday,Yes
2018-04-04 17:00:00,1745.0,17.2,46,2.2,2000,5.4,1.6,0.0,0.0,Spring,No Holiday,Yes
2018-04-04 18:00:00,2402.0,16.0,47,2.1,2000,4.6,0.79,0.0,0.0,Spring,No Holiday,Yes
2018-04-04 19:00:00,1626.0,14.3,53,2.1,2000,4.8,0.17,0.0,0.0,Spring,No Holiday,Yes
2018-04-04 20:00:00,1374.0,12.8,56,2.0,2000,4.2,0.0,0.0,0.0,Spring,No Holiday,Yes
2018-04-04 21:00:00,1256.0,11.8,57,1.9,2000,3.5,0.0,0.0,0.0,Spring,No Holiday,Yes
2018-04-04 22:00:00,1041.0,10.9,58,1.5,2000,2.9,0.0,0.0,0.0,Spring,No Holiday,Yes
2018-04-04 23:00:00,668.0,10.2,58,2.4,2000,2.2,0.0,0.0,0.0,Spring,No Holiday,Yes
2018-04-05 00:00:00,436.0,9.5,61,1.7,2000,2.3,0.0,0.0,0.0,Spring,No Holiday,Yes
2018-04-05 01:00:00,373.0,9.0,62,1.9,2000,2.0,0.0,0.0,0.0,Spring,No Holiday,Yes
2018-04-05 02:00:00,220.0,9.0,63,2.1,2000,2.3,0.0,0.0,0.0,Spring,No Holiday,Yes
2018-04-05 03:00:00,150.0,8.9,64,2.2,2000,2.4,0.0,0.0,0.0,Spring,No Holiday,Yes
2018-04-05 04:00:00,87.0,8.8,65,2.5,2000,2.5,0.0,0.0,0.0,Spring,No Holiday,Yes
2018-04-05 05:00:00,18.0,8.3,81,2.0,1060,5.2,0.0,0.1,0.0,Spring,No Holiday,Yes
2018-04-05 06:00:00,21.0,7.5,94,2.4,511,6.5,0.0,0.4,0.0,Spring,No Holiday,Yes
2018-04-05 07:00:00,38.0,7.1,94,2.2,572,6.1,0.0,1.5,0.0,Spring,No Holiday,Yes
2018-04-05 08:00:00,207.0,6.7,94,2.7,1127,5.7,0.05,2.0,0.0,Spring,No Holiday,Yes
2018-04-05 09:00:00,129.0,6.8,89,2.9,2000,5.1,0.07,0.0,0.0,Spring,No Holiday,Yes
2018-04-05 10:00:00,95.0,7.1,87,2.9,2000,5.0,0.15,0.0,0.0,Spring,No Holiday,Yes
2018-04-05 11:00:00,47.0,7.1,93,2.6,697,6.0,0.19,0.0,0.0,Spring,No Holiday,Yes
2018-04-05 12:00:00,70.0,7.3,95,2.2,676,6.5,0.3,0.5,0.0,Spring,No Holiday,Yes
2018-04-05 13:00:00,84.0,7.7,95,1.9,442,6.9,0.4,0.0,0.0,Spring,No Holiday,Yes
2018-04-05 14:00:00,46.0,8.0,95,1.5,514,7.2,0.35,0.0,0.0,Spring,No Holiday,Yes
2018-04-05 15:00:00,37.0,8.1,96,1.9,410,7.4,0.26,0.5,0.0,Spring,No Holiday,Yes
2018-04-05 16:00:00,31.0,8.1,96,1.5,281,7.4,0.21,1.0,0.0,Spring,No Holiday,Yes
2018-04-05 17:00:00,46.0,8.0,96,1.4,298,7.3,0.13,1.0,0.0,Spring,No Holiday,Yes
2018-04-05 18:00:00,75.0,7.6,96,2.0,660,6.9,0.04,0.0,0.0,Spring,No Holiday,Yes
2018-04-05 19:00:00,75.0,7.6,96,1.5,1309,6.9,0.0,1.5,0.0,Spring,No Holiday,Yes
2018-04-05 20:00:00,56.0,7.3,96,1.9,2000,6.6,0.0,0.0,0.0,Spring,No Holiday,Yes
2018-04-05 21:00:00,99.0,7.3,96,1.5,749,6.6,0.0,1.0,0.0,Spring,No Holiday,Yes
2018-04-05 22:00:00,77.0,7.2,96,1.0,700,6.5,0.0,0.0,0.0,Spring,No Holiday,Yes
2018-04-05 23:00:00,79.0,7.1,96,1.3,1497,6.5,0.0,0.5,0.0,Spring,No Holiday,Yes
2018-04-06 00:00:00,56.0,7.2,95,0.9,861,6.4,0.0,0.5,0.0,Spring,No Holiday,Yes
2018-04-06 01:00:00,50.0,7.2,95,0.2,683,6.4,0.0,0.5,0.0,Spring,No Holiday,Yes
2018-04-06 02:00:00,27.0,7.3,96,1.0,337,6.6,0.0,1.5,0.0,Spring,No Holiday,Yes
2018-04-06 03:00:00,18.0,7.2,96,0.8,349,6.5,0.0,2.0,0.0,Spring,No Holiday,Yes
2018-04-06 04:00:00,9.0,6.8,97,2.2,453,6.3,0.0,2.0,0.0,Spring,No Holiday,Yes
2018-04-06 05:00:00,54.0,6.3,97,1.7,787,5.8,0.0,0.5,0.0,Spring,No Holiday,Yes
2018-04-06 06:00:00,178.0,6.1,96,2.1,798,5.5,0.0,0.0,0.0,Spring,No Holiday,Yes
2018-04-06 07:00:00,591.0,5.7,95,3.4,1136,4.9,0.02,0.0,0.0,Spring,No Holiday,Yes
2018-04-06 08:00:00,1235.0,5.9,90,2.8,1820,4.3,0.32,0.0,0.0,Spring,No Holiday,Yes
2018-04-06 09:00:00,719.0,6.9,83,2.2,1666,4.2,0.83,0.0,0.0,Spring,No Holiday,Yes
2018-04-06 10:00:00,529.0,8.0,73,2.8,1641,3.4,1.44,0.0,0.0,Spring,No Holiday,Yes
2018-04-06 11:00:00,598.0,8.3,69,4.1,1217,2.9,1.81,0.0,0.0,Spring,No Holiday,Yes
2018-04-06 12:00:00,756.0,6.7,71,4.6,543,1.8,1.05,0.0,0.0,Spring,No Holiday,Yes
2018-04-06 13:00:00,683.0,7.9,58,4.3,488,0.1,1.88,0.0,0.0,Spring,No Holiday,Yes
2018-04-06 14:00:00,572.0,7.4,56,3.5,461,-0.8,1.04,0.0,0.0,Spring,No Holiday,Yes
2018-04-06 15:00:00,545.0,6.8,50,4.1,660,-2.9,0.56,0.0,0.0,Spring,No Holiday,Yes
2018-04-06 16:00:00,585.0,6.6,50,4.0,645,-3.1,0.81,0.0,0.0,Spring,No Holiday,Yes
2018-04-06 17:00:00,776.0,6.3,50,4.4,707,-3.3,0.64,0.0,0.0,Spring,No Holiday,Yes
2018-04-06 18:00:00,1114.0,5.9,43,5.3,859,-5.7,0.62,0.0,0.0,Spring,No Holiday,Yes
2018-04-06 19:00:00,659.0,4.8,48,3.8,1126,-5.3,0.17,0.0,0.0,Spring,No Holiday,Yes
2018-04-06 20:00:00,508.0,4.3,59,4.6,991,-3.0,0.0,0.0,0.0,Spring,No Holiday,Yes
2018-04-06 21:00:00,447.0,4.0,67,3.0,794,-1.5,0.0,0.0,0.0,Spring,No Holiday,Yes
2018-04-06 22:00:00,499.0,3.9,68,3.0,737,-1.4,0.0,0.0,0.0,Spring,No Holiday,Yes
2018-04-06 23:00:00,312.0,3.8,75,4.1,604,-0.2,0.0,0.0,0.0,Spring,No Holiday,Yes
2018-04-07 00:00:00,282.0,3.0,67,3.3,945,-2.5,0.0,0.0,0.0,Spring,No Holiday,Yes
2018-04-07 01:00:00,225.0,2.6,67,2.7,1053,-2.9,0.0,0.0,0.0,Spring,No Holiday,Yes
2018-04-07 02:00:00,123.0,1.8,81,2.9,325,-1.1,0.0,0.0,0.0,Spring,No Holiday,Yes
2018-04-07 03:00:00,122.0,1.5,82,3.5,372,-1.2,0.0,0.1,0.0,Spring,No Holiday,Yes
2018-04-07 04:00:00,80.0,1.6,70,3.6,1392,-3.2,0.0,0.1,0.0,Spring,No Holiday,Yes
2018-04-07 05:00:00,57.0,1.6,62,4.9,1372,-4.9,0.0,0.0,0.0,Spring,No Holiday,Yes
2018-04-07 06:00:00,108.0,1.7,58,3.8,1189,-5.6,0.0,0.0,0.0,Spring,No Holiday,Yes
2018-04-07 07:00:00,206.0,1.9,51,4.9,1297,-7.1,0.07,0.0,0.0,Spring,No Holiday,Yes
2018-04-07 08:00:00,399.0,2.4,44,4.3,1375,-8.6,0.41,0.0,0.0,Spring,No Holiday,Yes
2018-04-07 09:00:00,426.0,3.4,37,3.6,1668,-9.9,1.07,0.0,0.0,Spring,No Holiday,Yes
2018-04-07 10:00:00,453.0,4.3,31,4.9,1661,-11.3,1.77,0.0,0.0,Spring,No Holiday,Yes
2018-04-07 11:00:00,553.0,4.7,26,4.8,1927,-13.2,1.55,0.0,0.0,Spring,No Holiday,Yes
2018-04-07 12:00:00,697.0,6.0,23,4.2,1990,-13.6,2.0,0.0,0.0,Spring,No Holiday,Yes
2018-04-07 13:00:00,852.0,7.4,22,4.5,1964,-12.9,2.98,0.0,0.0,Spring,No Holiday,Yes
2018-04-07 14:00:00,919.0,8.1,24,4.7,1914,-11.3,2.99,0.0,0.0,Spring,No Holiday,Yes
2018-04-07 15:00:00,925.0,7.6,36,5.0,1928,-6.5,1.39,0.0,0.0,Spring,No Holiday,Yes
2018-04-07 16:00:00,897.0,7.9,34,4.7,1979,-7.0,1.09,0.0,0.0,Spring,No Holiday,Yes
2018-04-07 17:00:00,908.0,7.6,36,5.3,2000,-6.5,1.8,0.0,0.0,Spring,No Holiday,Yes
2018-04-07 18:00:00,714.0,6.4,43,3.7,2000,-5.2,0.92,0.0,0.0,Spring,No Holiday,Yes
2018-04-07 19:00:00,518.0,4.9,47,3.5,2000,-5.4,0.2,0.0,0.0,Spring,No Holiday,Yes
2018-04-07 20:00:00,458.0,4.2,44,4.1,2000,-6.9,0.0,0.0,0.0,Spring,No Holiday,Yes
2018-04-07 21:00:00,443.0,3.8,39,3.2,2000,-8.9,0.0,0.0,0.0,Spring,No Holiday,Yes
2018-04-07 22:00:00,426.0,3.5,41,2.8,2000,-8.5,0.0,0.0,0.0,Spring,No Holiday,Yes
2018-04-07 23:00:00,368.0,3.1,39,3.1,2000,-9.5,0.0,0.0,0.0,Spring,No Holiday,Yes
2018-04-08 00:00:00,325.0,2.9,46,2.2,2000,-7.6,0.0,0.0,0.0,Spring,No Holiday,Yes
2018-04-08 01:00:00,224.0,2.4,46,1.7,2000,-8.0,0.0,0.0,0.0,Spring,No Holiday,Yes
2018-04-08 02:00:00,191.0,2.2,49,1.9,2000,-7.4,0.0,0.0,0.0,Spring,No Holiday,Yes
2018-04-08 03:00:00,141.0,2.0,50,2.0,2000,-7.3,0.0,0.0,0.0,Spring,No Holiday,Yes
2018-04-08 04:00:00,90.0,1.7,51,1.3,2000,-7.3,0.0,0.0,0.0,Spring,No Holiday,Yes
2018-04-08 05:00:00,59.0,1.3,51,1.6,2000,-7.7,0.0,0.0,0.0,Spring,No Holiday,Yes
2018-04-08 06:00:00,101.0,0.9,52,1.1,2000,-7.8,0.0,0.0,0.0,Spring,No Holiday,Yes
2018-04-08 07:00:00,159.0,0.9,54,0.8,2000,-7.3,0.11,0.0,0.0,Spring,No Holiday,Yes
2018-04-08 08:00:00,332.0,2.9,53,1.5,1892,-5.7,0.68,0.0,0.0,Spring,No Holiday,Yes
2018-04-08 09:00:00,405.0,5.1,46,2.7,1888,-5.5,1.34,0.0,0.0,Spring,No Holiday,Yes
2018-04-08 10:00:00,494.0,6.3,39,2.8,2000,-6.6,1.55,0.0,0.0,Spring,No Holiday,Yes
2018-04-08 11:00:00,586.0,6.4,29,2.7,2000,-10.3,0.9,0.0,0.0,Spring,No Holiday,Yes
2018-04-08 12:00:00,709.0,6.9,30,1.8,1994,-9.5,0.85,0.0,0.0,Spring,No Holiday,Yes
2018-04-08 13:00:00,847.0,7.4,27,1.8,2000,-10.4,0.86,0.0,0.0,Spring,No Holiday,Yes
2018-04-08 14:00:00,777.0,7.9,27,1.0,1985,-9.9,0.75,0.0,0.0,Spring,No Holiday,Yes
2018-04-08 15:00:00,343.0,7.3,38,0.8,2000,-6.1,0.38,0.0,0.0,Spring,No Holiday,Yes
2018-04-08 16:00:00,137.0,6.1,65,1.5,1465,0.0,0.21,0.0,0.0,Spring,No Holiday,Yes
2018-04-08 17:00:00,58.0,4.3,80,2.6,1357,1.1,0.23,0.1,0.0,Spring,No Holiday,Yes
2018-04-08 18:00:00,22.0,3.0,89,1.5,283,1.3,0.07,1.9,0.0,Spring,No Holiday,Yes
2018-04-08 19:00:00,44.0,2.5,94,1.8,349,1.6,0.0,1.0,0.0,Spring,No Holiday,Yes
2018-04-08 20:00:00,93.0,2.7,90,1.5,639,1.2,0.0,0.0,0.0,Spring,No Holiday,Yes
2018-04-08 21:00:00,170.0,2.8,88,2.1,592,1.0,0.0,0.0,0.0,Spring,No Holiday,Yes
2018-04-08 22:00:00,177.0,2.7,88,2.0,621,0.9,0.0,0.0,0.0,Spring,No Holiday,Yes
2018-04-08 23:00:00,182.0,2.9,85,0.9,829,0.6,0.0,0.0,0.0,Spring,No Holiday,Yes
2018-04-09 00:00:00,197.0,3.2,84,0.6,785,0.7,0.0,0.0,0.0,Spring,No Holiday,Yes
2018-04-09 01:00:00,140.0,2.8,87,0.8,462,0.8,0.0,0.0,0.0,Spring,No Holiday,Yes
2018-04-09 02:00:00,97.0,2.2,88,0.5,508,0.4,0.0,0.0,0.0,Spring,No Holiday,Yes
2018-04-09 03:00:00,52.0,1.6,94,0.3,426,0.7,0.0,0.0,0.0,Spring,No Holiday,Yes
2018-04-09 04:00:00,43.0,1.1,95,0.5,345,0.3,0.0,0.0,0.0,Spring,No Holiday,Yes
2018-04-09 05:00:00,91.0,0.7,96,1.0,206,0.1,0.0,0.0,0.0,Spring,No Holiday,Yes
2018-04-09 06:00:00,239.0,0.1,97,0.6,77,-0.3,0.0,0.0,0.0,Spring,No Holiday,Yes
2018-04-09 07:00:00,651.0,0.6,97,1.3,66,0.1,0.05,0.0,0.0,Spring,No Holiday,Yes
2018-04-09 08:00:00,1163.0,1.0,97,0.9,148,0.5,0.22,0.0,0.0,Spring,No Holiday,Yes
2018-04-09 09:00:00,682.0,2.6,96,1.1,316,2.0,0.87,0.0,0.0,Spring,No Holiday,Yes
2018-04-09 10:00:00,506.0,5.2,73,1.0,668,0.7,2.08,0.0,0.0,Spring,No Holiday,Yes
2018-04-09 11:00:00,644.0,7.5,54,0.9,1013,-1.2,2.49,0.0,0.0,Spring,No Holiday,Yes
2018-04-09 12:00:00,799.0,10.4,44,1.7,1235,-1.3,2.93,0.0,0.0,Spring,No Holiday,Yes
2018-04-09 13:00:00,869.0,12.4,32,1.7,1441,-3.8,3.06,0.0,0.0,Spring,No Holiday,Yes
2018-04-09 14:00:00,921.0,13.9,26,2.5,1537,-5.3,2.99,0.0,0.0,Spring,No Holiday,Yes
2018-04-09 15:00:00,1038.0,14.2,24,1.8,1743,-6.1,2.6,0.0,0.0,Spring,No Holiday,Yes
2018-04-09 16:00:00,1185.0,15.3,24,1.5,1534,-5.1,2.0,0.0,0.0,Spring,No Holiday,Yes
2018-04-09 17:00:00,1479.0,15.3,26,0.9,1257,-4.1,1.39,0.0,0.0,Spring,No Holiday,Yes
2018-04-09 18:00:00,2401.0,14.8,24,1.3,1514,-5.6,0.69,0.0,0.0,Spring,No Holiday,Yes
2018-04-09 19:00:00,1599.0,13.4,33,1.2,1356,-2.5,0.15,0.0,0.0,Spring,No Holiday,Yes
2018-04-09 20:00:00,1362.0,11.7,34,0.9,1393,-3.6,0.0,0.0,0.0,Spring,No Holiday,Yes
2018-04-09 21:00:00,1232.0,10.3,38,0.5,1433,-3.4,0.0,0.0,0.0,Spring,No Holiday,Yes
2018-04-09 22:00:00,1069.0,9.6,41,0.5,1428,-3.0,0.0,0.0,0.0,Spring,No Holiday,Yes
2018-04-09 23:00:00,623.0,9.6,43,1.2,1333,-2.3,0.0,0.0,0.0,Spring,No Holiday,Yes
2018-04-10 00:00:00,485.0,9.0,46,1.2,1259,-2.0,0.0,0.0,0.0,Spring,No Holiday,Yes
2018-04-10 01:00:00,376.0,9.0,44,1.0,1314,-2.6,0.0,0.0,0.0,Spring,No Holiday,Yes
2018-04-10 02:00:00,250.0,8.8,43,1.0,1490,-3.1,0.0,0.0,0.0,Spring,No Holiday,Yes
2018-04-10 03:00:00,149.0,8.1,48,0.8,1455,-2.2,0.0,0.0,0.0,Spring,No Holiday,Yes
2018-04-10 04:00:00,102.0,7.5,48,1.0,1458,-2.8,0.0,0.0,0.0,Spring,No Holiday,Yes
2018-04-10 05:00:00,123.0,7.1,53,0.8,1392,-1.8,0.0,0.0,0.0,Spring,No Holiday,Yes
2018-04-10 06:00:00,370.0,6.9,51,0.9,1546,-2.5,0.0,0.0,0.0,Spring,No Holiday,Yes
2018-04-10 07:00:00,981.0,7.2,50,1.1,1454,-2.5,0.1,0.0,0.0,Spring,No Holiday,Yes
2018-04-10 08:00:00,1702.0,9.6,38,1.4,1527,-4.0,0.58,0.0,0.0,Spring,No Holiday,Yes
2018-04-10 09:00:00,982.0,11.9,35,1.1,1664,-3.1,0.95,0.0,0.0,Spring,No Holiday,Yes
2018-04-10 10:00:00,703.0,15.2,31,1.6,1757,-1.8,1.84,0.0,0.0,Spring,No Holiday,Yes
2018-04-10 11:00:00,839.0,18.5,27,1.3,1610,-0.8,2.59,0.0,0.0,Spring,No Holiday,Yes
2018-04-10 12:00:00,1023.0,20.5,37,4.6,1761,5.2,2.94,0.0,0.0,Spring,No Holiday,Yes
2018-04-10 13:00:00,967.0,21.9,34,5.1,1861,5.3,2.77,0.0,0.0,Spring,No Holiday,Yes
2018-04-10 14:00:00,913.0,21.2,35,7.4,1992,5.1,1.8,0.0,0.0,Spring,No Holiday,Yes
2018-04-10 15:00:00,933.0,21.4,33,4.8,1998,4.4,1.63,0.0,0.0,Spring,No Holiday,Yes
2018-04-10 16:00:00,1080.0,20.9,34,5.8,2000,4.4,1.37,0.0,0.0,Spring,No Holiday,Yes
2018-04-10 17:00:00,1004.0,20.6,39,5.6,2000,6.1,0.74,0.0,0.0,Spring,No Holiday,Yes
2018-04-10 18:00:00,1805.0,19.7,52,7.2,2000,9.5,0.2,0.0,0.0,Spring,No Holiday,Yes
2018-04-10 19:00:00,1153.0,19.2,55,5.8,2000,9.9,0.01,0.0,0.0,Spring,No Holiday,Yes
2018-04-10 20:00:00,336.0,19.1,58,6.1,2000,10.6,0.0,0.0,0.0,Spring,No Holiday,Yes
2018-04-10 21:00:00,133.0,17.5,70,7.3,1634,11.9,0.0,0.5,0.0,Spring,No Holiday,Yes
2018-04-10 22:00:00,75.0,15.8,83,5.4,691,12.9,0.0,1.5,0.0,Spring,No Holiday,Yes
2018-04-10 23:00:00,212.0,15.1,83,4.1,1147,12.2,0.0,3.0,0.0,Spring,No Holiday,Yes
2018-04-11 00:00:00,485.0,14.4,82,4.6,1041,11.3,0.0,0.0,0.0,Spring,No Holiday,No
2018-04-11 01:00:00,376.0,13.6,81,3.6,886,10.3,0.0,0.0,0.0,Spring,No Holiday,No
2018-04-11 02:00:00,250.0,12.7,80,3.9,885,9.3,0.0,0.0,0.0,Spring,No Holiday,No
2018-04-11 03:00:00,149.0,11.6,81,3.1,687,8.4,0.0,0.0,0.0,Spring,No Holiday,No
2018-04-11 04:00:00,102.0,10.2,83,3.5,554,7.4,0.0,0.0,0.0,Spring,No Holiday,No
2018-04-11 05:00:00,123.0,9.7,84,1.7,447,7.1,0.0,0.0,0.0,Spring,No Holiday,No
2018-04-11 06:00:00,370.0,9.0,86,2.0,442,6.7,0.0,0.0,0.0,Spring,No Holiday,No
2018-04-11 07:00:00,981.0,8.8,85,1.1,438,6.4,0.11,0.0,0.0,Spring,No Holiday,No
2018-04-11 08:00:00,1702.0,9.7,77,1.6,519,5.8,0.68,0.0,0.0,Spring,No Holiday,No
2018-04-11 09:00:00,982.0,11.8,59,2.1,975,4.0,1.44,0.0,0.0,Spring,No Holiday,No
2018-04-11 10:00:00,703.0,13.3,51,4.1,1487,3.3,2.17,0.0,0.0,Spring,No Holiday,No
2018-04-11 11:00:00,839.0,14.9,44,4.0,1468,2.7,2.75,0.0,0.0,Spring,No Holiday,No
2018-04-11 12:00:00,1023.0,15.7,46,3.9,1132,4.0,3.05,0.0,0.0,Spring,No Holiday,No
2018-04-11 13:00:00,967.0,15.6,38,4.7,1558,1.3,3.32,0.0,0.0,Spring,No Holiday,No
2018-04-11 14:00:00,913.0,16.4,28,3.4,1804,-2.1,3.16,0.0,0.0,Spring,No Holiday,No
2018-04-11 15:00:00,933.0,17.0,28,3.5,1804,-1.6,2.9,0.0,0.0,Spring,No Holiday,No
2018-04-11 16:00:00,1080.0,16.9,23,4.4,1938,-4.4,2.39,0.0,0.0,Spring,No Holiday,No
2018-04-11 17:00:00,1004.0,16.2,22,4.1,2000,-5.5,1.73,0.0,0.0,Spring,No Holiday,No
2018-04-11 18:00:00,1805.0,15.2,21,2.9,2000,-7.0,0.94,0.0,0.0,Spring,No Holiday,No
2018-04-11 19:00:00,1153.0,13.2,28,2.9,2000,-4.9,0.22,0.0,0.0,Spring,No Holiday,No
2018-04-11 20:00:00,336.0,11.9,33,2.0,2000,-3.8,0.0,0.0,0.0,Spring,No Holiday,No
2018-04-11 21:00:00,133.0,11.0,34,2.1,2000,-4.2,0.0,0.0,0.0,Spring,No Holiday,No
2018-04-11 22:00:00,75.0,10.3,42,1.0,1923,-2.0,0.0,0.0,0.0,Spring,No Holiday,No
2018-04-11 23:00:00,212.0,9.7,45,2.0,1969,-1.6,0.0,0.0,0.0,Spring,No Holiday,No
2018-04-12 00:00:00,504.0,9.5,40,2.4,1987,-3.4,0.0,0.0,0.0,Spring,No Holiday,Yes
2018-04-12 01:00:00,374.0,8.9,40,2.1,2000,-3.9,0.0,0.0,0.0,Spring,No Holiday,Yes
2018-04-12 02:00:00,269.0,8.1,45,1.0,2000,-3.1,0.0,0.0,0.0,Spring,No Holiday,Yes
2018-04-12 03:00:00,182.0,7.8,49,1.4,1972,-2.2,0.0,0.0,0.0,Spring,No Holiday,Yes
2018-04-12 04:00:00,98.0,7.5,53,1.0,1701,-1.4,0.0,0.0,0.0,Spring,No Holiday,Yes
2018-04-12 05:00:00,144.0,7.1,57,0.8,1746,-0.8,0.0,0.0,0.0,Spring,No Holiday,Yes
2018-04-12 06:00:00,375.0,7.1,55,1.8,1780,-1.3,0.0,0.0,0.0,Spring,No Holiday,Yes
2018-04-12 07:00:00,1054.0,7.6,54,1.7,1690,-1.1,0.13,0.0,0.0,Spring,No Holiday,Yes
2018-04-12 08:00:00,1789.0,8.9,48,1.1,1444,-1.5,0.69,0.0,0.0,Spring,No Holiday,Yes
2018-04-12 09:00:00,952.0,11.5,43,1.7,1818,-0.6,1.43,0.0,0.0,Spring,No Holiday,Yes
2018-04-12 10:00:00,686.0,13.8,39,2.3,1659,0.0,2.09,0.0,0.0,Spring,No Holiday,Yes
2018-04-12 11:00:00,829.0,16.2,30,2.4,1700,-1.4,2.68,0.0,0.0,Spring,No Holiday,Yes
2018-04-12 12:00:00,969.0,17.5,20,4.6,2000,-5.7,3.07,0.0,0.0,Spring,No Holiday,Yes
2018-04-12 13:00:00,1029.0,18.1,18,5.1,1939,-6.6,3.2,0.0,0.0,Spring,No Holiday,Yes
2018-04-12 14:00:00,990.0,18.8,27,4.9,1888,-0.6,3.13,0.0,0.0,Spring,No Holiday,Yes
2018-04-12 15:00:00,1074.0,19.4,24,3.9,2000,-1.7,2.86,0.0,0.0,Spring,No Holiday,Yes
2018-04-12 16:00:00,1273.0,18.8,23,4.2,1956,-2.7,2.39,0.0,0.0,Spring,No Holiday,Yes
2018-04-12 17:00:00,1664.0,18.6,22,3.7,1978,-3.5,1.72,0.0,0.0,Spring,No Holiday,Yes
2018-04-12 18:00:00,2359.0,17.9,16,3.7,2000,-8.3,0.92,0.0,0.0,Spring,No Holiday,Yes
2018-04-12 19:00:00,1641.0,15.9,14,2.8,2000,-11.6,0.25,0.0,0.0,Spring,No Holiday,Yes
2018-04-12 20:00:00,1319.0,14.2,15,2.6,2000,-12.1,0.0,0.0,0.0,Spring,No Holiday,Yes
2018-04-12 21:00:00,1241.0,13.4,15,2.7,2000,-12.7,0.0,0.0,0.0,Spring,No Holiday,Yes
2018-04-12 22:00:00,1142.0,13.5,15,2.2,2000,-12.6,0.0,0.0,0.0,Spring,No Holiday,Yes
2018-04-12 23:00:00,772.0,12.6,16,1.7,2000,-12.6,0.0,0.0,0.0,Spring,No Holiday,Yes
2018-04-13 00:00:00,525.0,11.4,22,1.5,2000,-9.6,0.0,0.0,0.0,Spring,No Holiday,Yes
2018-04-13 01:00:00,432.0,10.0,23,0.7,2000,-10.2,0.0,0.0,0.0,Spring,No Holiday,Yes
2018-04-13 02:00:00,257.0,9.7,23,1.4,2000,-10.4,0.0,0.0,0.0,Spring,No Holiday,Yes
2018-04-13 03:00:00,167.0,9.9,27,1.3,2000,-8.2,0.0,0.0,0.0,Spring,No Holiday,Yes
2018-04-13 04:00:00,112.0,9.7,29,1.8,2000,-7.5,0.0,0.0,0.0,Spring,No Holiday,Yes
2018-04-13 05:00:00,156.0,9.1,34,0.9,2000,-5.9,0.0,0.0,0.0,Spring,No Holiday,Yes
2018-04-13 06:00:00,368.0,8.3,35,0.3,2000,-6.2,0.0,0.0,0.0,Spring,No Holiday,Yes
2018-04-13 07:00:00,999.0,8.8,33,1.2,2000,-6.6,0.11,0.0,0.0,Spring,No Holiday,Yes
2018-04-13 08:00:00,1721.0,10.6,27,1.1,2000,-7.6,0.39,0.0,0.0,Spring,No Holiday,Yes
2018-04-13 09:00:00,982.0,13.2,22,1.1,2000,-8.0,0.93,0.0,0.0,Spring,No Holiday,Yes
2018-04-13 10:00:00,741.0,15.7,18,1.6,1980,-8.6,1.66,0.0,0.0,Spring,No Holiday,Yes
2018-04-13 11:00:00,867.0,16.9,15,1.7,1994,-9.9,1.8,0.0,0.0,Spring,No Holiday,Yes
2018-04-13 12:00:00,1095.0,18.2,15,1.6,2000,-8.9,2.27,0.0,0.0,Spring,No Holiday,Yes
2018-04-13 13:00:00,973.0,19.0,15,1.4,2000,-8.2,2.02,0.0,0.0,Spring,No Holiday,Yes
2018-04-13 14:00:00,1063.0,18.7,14,1.6,2000,-9.3,1.25,0.0,0.0,Spring,No Holiday,Yes
2018-04-13 15:00:00,1108.0,18.6,15,0.9,1991,-8.5,0.81,0.0,0.0,Spring,No Holiday,Yes
2018-04-13 16:00:00,1270.0,18.3,16,1.0,2000,-7.9,0.7,0.0,0.0,Spring,No Holiday,Yes
2018-04-13 17:00:00,1662.0,18.1,16,1.4,2000,-8.1,0.45,0.0,0.0,Spring,No Holiday,Yes
2018-04-13 18:00:00,2404.0,17.5,18,1.3,2000,-7.1,0.23,0.0,0.0,Spring,No Holiday,Yes
2018-04-13 19:00:00,1641.0,16.9,19,0.5,2000,-6.9,0.06,0.0,0.0,Spring,No Holiday,Yes
2018-04-13 20:00:00,1359.0,16.2,22,0.9,2000,-5.5,0.0,0.0,0.0,Spring,No Holiday,Yes
2018-04-13 21:00:00,1311.0,16.4,24,2.9,1983,-4.2,0.0,0.0,0.0,Spring,No Holiday,Yes
2018-04-13 22:00:00,1178.0,16.3,25,2.0,2000,-3.7,0.0,0.0,0.0,Spring,No Holiday,Yes
2018-04-13 23:00:00,849.0,15.5,27,3.5,2000,-3.4,0.0,0.0,0.0,Spring,No Holiday,Yes
2018-04-14 00:00:00,664.0,14.8,27,2.1,2000,-4.0,0.0,0.0,0.0,Spring,No Holiday,Yes
2018-04-14 01:00:00,513.0,14.1,25,1.8,2000,-5.6,0.0,0.0,0.0,Spring,No Holiday,Yes
2018-04-14 02:00:00,253.0,13.5,27,1.6,2000,-5.1,0.0,0.0,0.0,Spring,No Holiday,Yes
2018-04-14 03:00:00,62.0,12.1,41,1.0,2000,-0.7,0.0,0.2,0.0,Spring,No Holiday,Yes
2018-04-14 04:00:00,39.0,10.3,72,1.0,2000,5.4,0.0,0.8,0.0,Spring,No Holiday,Yes
2018-04-14 05:00:00,20.0,9.5,76,0.8,1962,5.4,0.0,0.0,0.0,Spring,No Holiday,Yes
2018-04-14 06:00:00,12.0,8.7,80,1.1,1518,5.4,0.0,1.0,0.0,Spring,No Holiday,Yes
2018-04-14 07:00:00,18.0,8.2,88,0.7,607,6.3,0.01,2.0,0.0,Spring,No Holiday,Yes
2018-04-14 08:00:00,17.0,7.7,88,1.4,516,5.8,0.08,1.0,0.0,Spring,No Holiday,Yes
2018-04-14 09:00:00,17.0,7.5,94,1.5,506,6.5,0.15,1.5,0.0,Spring,No Holiday,Yes
2018-04-14 10:00:00,43.0,7.7,94,1.0,685,6.7,0.28,1.5,0.0,Spring,No Holiday,Yes
2018-04-14 11:00:00,52.0,8.1,94,1.2,802,7.1,0.39,0.5,0.0,Spring,No Holiday,Yes
2018-04-14 12:00:00,75.0,8.6,94,1.1,389,7.6,0.49,0.0,0.0,Spring,No Holiday,Yes
2018-04-14 13:00:00,70.0,8.8,93,1.7,597,7.7,0.38,0.0,0.0,Spring,No Holiday,Yes
2018-04-14 14:00:00,122.0,8.9,94,1.3,1129,7.9,0.29,0.5,0.0,Spring,No Holiday,Yes
2018-04-14 15:00:00,203.0,8.6,88,3.2,1211,6.7,0.17,0.0,0.0,Spring,No Holiday,Yes
2018-04-14 16:00:00,445.0,8.9,87,1.8,2000,6.8,0.32,0.0,0.0,Spring,No Holiday,Yes
2018-04-14 17:00:00,675.0,9.3,81,2.4,2000,6.1,0.52,0.0,0.0,Spring,No Holiday,Yes
2018-04-14 18:00:00,706.0,9.6,79,1.8,2000,6.1,0.39,0.0,0.0,Spring,No Holiday,Yes
2018-04-14 19:00:00,612.0,9.5,76,2.3,2000,5.4,0.02,0.0,0.0,Spring,No Holiday,Yes
2018-04-14 20:00:00,640.0,9.4,76,2.6,1376,5.3,0.0,0.0,0.0,Spring,No Holiday,Yes
2018-04-14 21:00:00,633.0,9.1,76,3.5,1113,5.0,0.0,0.0,0.0,Spring,No Holiday,Yes
2018-04-14 22:00:00,586.0,8.8,77,3.2,1258,4.9,0.0,0.0,0.0,Spring,No Holiday,Yes
2018-04-14 23:00:00,503.0,8.4,77,3.8,1662,4.5,0.0,0.0,0.0,Spring,No Holiday,Yes
2018-04-15 00:00:00,475.0,7.8,78,1.8,1741,4.1,0.0,0.0,0.0,Spring,No Holiday,Yes
2018-04-15 01:00:00,349.0,7.1,78,3.6,1662,3.5,0.0,0.0,0.0,Spring,No Holiday,Yes
2018-04-15 02:00:00,254.0,6.7,80,2.8,1342,3.4,0.0,0.0,0.0,Spring,No Holiday,Yes
2018-04-15 03:00:00,183.0,6.4,83,2.3,1158,3.7,0.0,0.0,0.0,Spring,No Holiday,Yes
2018-04-15 04:00:00,110.0,6.0,84,1.7,951,3.4,0.0,0.0,0.0,Spring,No Holiday,Yes
2018-04-15 05:00:00,65.0,5.8,85,1.3,829,3.4,0.0,0.0,0.0,Spring,No Holiday,Yes
2018-04-15 06:00:00,102.0,5.6,85,1.2,769,3.2,0.0,0.0,0.0,Spring,No Holiday,Yes
2018-04-15 07:00:00,223.0,5.8,83,1.1,733,3.1,0.15,0.0,0.0,Spring,No Holiday,Yes
2018-04-15 08:00:00,401.0,7.0,78,0.9,656,3.4,0.56,0.0,0.0,Spring,No Holiday,Yes
2018-04-15 09:00:00,513.0,8.6,66,1.7,881,2.5,1.16,0.0,0.0,Spring,No Holiday,Yes
2018-04-15 10:00:00,582.0,10.3,62,2.1,914,3.3,1.76,0.0,0.0,Spring,No Holiday,Yes
2018-04-15 11:00:00,797.0,11.8,57,2.6,1041,3.5,2.18,0.0,0.0,Spring,No Holiday,Yes
2018-04-15 12:00:00,1105.0,12.5,53,3.4,1324,3.1,2.52,0.0,0.0,Spring,No Holiday,Yes
2018-04-15 13:00:00,1229.0,13.5,46,3.4,1325,2.0,2.71,0.0,0.0,Spring,No Holiday,Yes
2018-04-15 14:00:00,1083.0,13.7,50,3.7,1218,3.4,2.3,0.0,0.0,Spring,No Holiday,Yes
2018-04-15 15:00:00,62.0,13.1,54,4.1,1264,3.9,1.98,0.0,0.0,Spring,No Holiday,Yes
2018-04-15 16:00:00,124.0,12.0,61,3.6,1374,4.6,0.57,0.0,0.0,Spring,No Holiday,Yes
2018-04-15 17:00:00,42.0,11.8,60,2.9,1457,4.2,0.6,0.0,0.0,Spring,No Holiday,Yes
2018-04-15 18:00:00,343.0,11.9,58,2.2,1645,3.8,0.61,0.0,0.0,Spring,No Holiday,Yes
2018-04-15 19:00:00,317.0,11.0,62,2.1,1661,3.9,0.19,0.0,0.0,Spring,No Holiday,Yes
2018-04-15 20:00:00,297.0,10.3,62,2.0,1749,3.3,0.0,0.0,0.0,Spring,No Holiday,Yes
2018-04-15 21:00:00,464.0,9.6,66,1.7,1850,3.5,0.0,0.0,0.0,Spring,No Holiday,Yes
2018-04-15 22:00:00,620.0,9.0,65,1.7,1953,2.7,0.0,0.0,0.0,Spring,No Holiday,Yes
2018-04-15 23:00:00,467.0,8.6,69,2.2,1730,3.2,0.0,0.0,0.0,Spring,No Holiday,Yes
2018-04-16 00:00:00,401.0,8.3,59,2.1,1912,0.7,0.0,0.0,0.0,Spring,No Holiday,Yes
2018-04-16 01:00:00,226.0,7.6,62,1.2,1885,0.7,0.0,0.0,0.0,Spring,No Holiday,Yes
2018-04-16 02:00:00,126.0,7.1,64,0.9,1756,0.7,0.0,0.0,0.0,Spring,No Holiday,Yes
2018-04-16 03:00:00,107.0,6.4,67,1.4,1668,0.7,0.0,0.0,0.0,Spring,No Holiday,Yes
2018-04-16 04:00:00,75.0,5.9,68,0.7,1590,0.4,0.0,0.0,0.0,Spring,No Holiday,Yes
2018-04-16 05:00:00,132.0,5.3,73,0.8,1474,0.8,0.0,0.0,0.0,Spring,No Holiday,Yes
2018-04-16 06:00:00,405.0,5.0,70,0.7,1739,0.0,0.0,0.0,0.0,Spring,No Holiday,Yes
2018-04-16 07:00:00,1049.0,5.0,67,1.0,1774,-0.6,0.18,0.0,0.0,Spring,No Holiday,Yes
2018-04-16 08:00:00,1713.0,6.9,54,0.7,1706,-1.7,0.85,0.0,0.0,Spring,No Holiday,Yes
2018-04-16 09:00:00,922.0,10.1,42,0.8,1911,-2.2,1.57,0.0,0.0,Spring,No Holiday,Yes
2018-04-16 10:00:00,700.0,12.4,34,1.2,1943,-3.0,2.24,0.0,0.0,Spring,No Holiday,Yes
2018-04-16 11:00:00,855.0,14.1,32,1.3,2000,-2.3,2.67,0.0,0.0,Spring,No Holiday,Yes
2018-04-16 12:00:00,1052.0,15.5,33,2.5,1893,-0.7,3.1,0.0,0.0,Spring,No Holiday,Yes
2018-04-16 13:00:00,973.0,16.6,30,2.3,1876,-1.0,3.21,0.0,0.0,Spring,No Holiday,Yes
2018-04-16 14:00:00,1016.0,18.0,28,1.6,1820,-0.8,3.11,0.0,0.0,Spring,No Holiday,Yes
2018-04-16 15:00:00,1145.0,18.4,25,2.0,1809,-2.0,2.8,0.0,0.0,Spring,No Holiday,Yes
2018-04-16 16:00:00,1452.0,18.5,24,3.0,1773,-2.4,2.27,0.0,0.0,Spring,No Holiday,Yes
2018-04-16 17:00:00,1753.0,18.7,21,2.5,1871,-4.1,1.65,0.0,0.0,Spring,No Holiday,Yes
2018-04-16 18:00:00,2692.0,17.0,28,3.1,2000,-1.6,0.88,0.0,0.0,Spring,No Holiday,Yes
2018-04-16 19:00:00,1719.0,13.8,32,3.4,1992,-2.6,0.26,0.0,0.0,Spring,No Holiday,Yes
2018-04-16 20:00:00,1498.0,12.1,35,2.4,1954,-2.9,0.0,0.0,0.0,Spring,No Holiday,Yes
2018-04-16 21:00:00,1355.0,11.1,39,1.5,1734,-2.3,0.0,0.0,0.0,Spring,No Holiday,Yes
2018-04-16 22:00:00,1099.0,10.8,33,0.9,2000,-4.8,0.0,0.0,0.0,Spring,No Holiday,Yes
2018-04-16 23:00:00,733.0,9.7,33,0.4,2000,-5.8,0.0,0.0,0.0,Spring,No Holiday,Yes
2018-04-17 00:00:00,503.0,9.6,31,0.8,2000,-6.7,0.0,0.0,0.0,Spring,No Holiday,Yes
2018-04-17 01:00:00,421.0,9.0,36,1.0,1994,-5.3,0.0,0.0,0.0,Spring,No Holiday,Yes
2018-04-17 02:00:00,237.0,8.4,45,0.9,1987,-2.8,0.0,0.0,0.0,Spring,No Holiday,Yes
2018-04-17 03:00:00,164.0,7.8,49,1.0,1975,-2.2,0.0,0.0,0.0,Spring,No Holiday,Yes
2018-04-17 04:00:00,110.0,7.6,52,0.4,1935,-1.6,0.0,0.0,0.0,Spring,No Holiday,Yes
2018-04-17 05:00:00,143.0,7.4,56,0.6,1746,-0.8,0.0,0.0,0.0,Spring,No Holiday,Yes
2018-04-17 06:00:00,406.0,6.9,57,0.5,1775,-1.0,0.0,0.0,0.0,Spring,No Holiday,Yes
2018-04-17 07:00:00,1100.0,6.9,57,1.1,1633,-1.0,0.18,0.0,0.0,Spring,No Holiday,Yes
2018-04-17 08:00:00,1920.0,8.7,49,0.8,1520,-1.4,0.68,0.0,0.0,Spring,No Holiday,Yes
2018-04-17 09:00:00,1013.0,12.0,39,0.6,1386,-1.5,1.44,0.0,0.0,Spring,No Holiday,Yes
2018-04-17 10:00:00,731.0,14.7,31,1.1,1240,-2.2,2.04,0.0,0.0,Spring,No Holiday,Yes
2018-04-17 11:00:00,822.0,16.9,27,1.5,1354,-2.2,2.66,0.0,0.0,Spring,No Holiday,Yes
2018-04-17 12:00:00,1112.0,18.0,26,2.2,1459,-1.8,3.03,0.0,0.0,Spring,No Holiday,Yes
2018-04-17 13:00:00,1007.0,19.1,26,2.5,1134,-0.8,3.16,0.0,0.0,Spring,No Holiday,Yes
2018-04-17 14:00:00,1037.0,19.8,23,2.6,1472,-1.9,3.01,0.0,0.0,Spring,No Holiday,Yes
2018-04-17 15:00:00,1120.0,19.9,26,3.5,1628,-0.1,2.8,0.0,0.0,Spring,No Holiday,Yes
2018-04-17 16:00:00,1312.0,19.5,28,3.0,1605,0.4,2.24,0.0,0.0,Spring,No Holiday,Yes
2018-04-17 17:00:00,1632.0,18.3,29,4.3,1626,0.0,1.61,0.0,0.0,Spring,No Holiday,Yes
2018-04-17 18:00:00,1727.0,17.1,31,3.3,1501,-0.1,0.93,0.0,0.0,Spring,No Holiday,Yes
2018-04-17 19:00:00,1356.0,14.5,31,3.1,1558,-2.4,0.25,0.0,0.0,Spring,No Holiday,Yes
2018-04-17 20:00:00,1290.0,12.5,31,3.8,1746,-4.2,0.0,0.0,0.0,Spring,No Holiday,Yes
2018-04-17 21:00:00,1320.0,11.7,31,2.6,1617,-4.9,0.0,0.0,0.0,Spring,No Holiday,Yes
2018-04-17 22:00:00,1071.0,11.0,34,1.2,1529,-4.2,0.0,0.0,0.0,Spring,No Holiday,Yes
2018-04-17 23:00:00,680.0,10.1,41,1.1,1509,-2.5,0.0,0.0,0.0,Spring,No Holiday,Yes
2018-04-18 00:00:00,515.0,9.6,44,2.2,1417,-2.0,0.0,0.0,0.0,Spring,No Holiday,Yes
2018-04-18 01:00:00,375.0,8.9,45,2.1,1456,-2.4,0.0,0.0,0.0,Spring,No Holiday,Yes
2018-04-18 02:00:00,260.0,8.7,44,1.6,1684,-2.8,0.0,0.0,0.0,Spring,No Holiday,Yes
2018-04-18 03:00:00,164.0,7.9,45,0.7,1770,-3.3,0.0,0.0,0.0,Spring,No Holiday,Yes
2018-04-18 04:00:00,105.0,7.2,49,0.8,1546,-2.8,0.0,0.0,0.0,Spring,No Holiday,Yes
2018-04-18 05:00:00,154.0,6.7,50,1.6,1774,-3.0,0.0,0.0,0.0,Spring,No Holiday,Yes
2018-04-18 06:00:00,395.0,6.2,52,0.8,1609,-2.9,0.0,0.0,0.0,Spring,No Holiday,Yes
2018-04-18 07:00:00,1083.0,6.4,51,1.0,1398,-3.0,0.19,0.0,0.0,Spring,No Holiday,Yes
2018-04-18 08:00:00,1815.0,8.3,36,0.6,1335,-5.9,0.82,0.0,0.0,Spring,No Holiday,Yes
2018-04-18 09:00:00,987.0,11.2,31,1.7,1299,-5.3,1.59,0.0,0.0,Spring,No Holiday,Yes
2018-04-18 10:00:00,761.0,13.7,26,2.3,1476,-5.4,2.25,0.0,0.0,Spring,No Holiday,Yes
2018-04-18 11:00:00,845.0,15.5,22,1.4,1762,-6.1,2.82,0.0,0.0,Spring,No Holiday,Yes
2018-04-18 12:00:00,1047.0,16.5,17,3.3,1819,-8.6,3.13,0.0,0.0,Spring,No Holiday,Yes
2018-04-18 13:00:00,975.0,17.7,16,2.8,1824,-8.4,3.27,0.0,0.0,Spring,No Holiday,Yes
2018-04-18 14:00:00,967.0,18.9,15,1.8,1822,-8.3,3.17,0.0,0.0,Spring,No Holiday,Yes
2018-04-18 15:00:00,1149.0,19.0,21,3.3,1716,-3.8,2.88,0.0,0.0,Spring,No Holiday,Yes
2018-04-18 16:00:00,1346.0,18.5,22,2.7,1515,-3.6,2.27,0.0,0.0,Spring,No Holiday,Yes
2018-04-18 17:00:00,1738.0,17.8,26,3.3,1439,-1.9,1.63,0.0,0.0,Spring,No Holiday,Yes
2018-04-18 18:00:00,1918.0,16.6,33,3.4,1182,0.2,0.86,0.0,0.0,Spring,No Holiday,Yes
2018-04-18 19:00:00,842.0,14.7,40,2.4,1207,1.2,0.21,0.0,0.0,Spring,No Holiday,Yes
2018-04-18 20:00:00,1346.0,13.0,41,2.3,1164,0.0,0.0,0.0,0.0,Spring,No Holiday,Yes
2018-04-18 21:00:00,1209.0,12.1,40,2.0,1308,-1.1,0.0,0.0,0.0,Spring,No Holiday,Yes
2018-04-18 22:00:00,1003.0,11.3,42,1.6,1189,-1.1,0.0,0.0,0.0,Spring,No Holiday,Yes
2018-04-18 23:00:00,671.0,10.7,42,0.9,1236,-1.7,0.0,0.0,0.0,Spring,No Holiday,Yes
2018-04-19 00:00:00,520.0,9.8,44,1.4,1268,-1.8,0.0,0.0,0.0,Spring,No Holiday,Yes
2018-04-19 01:00:00,42.0,9.3,45,0.8,1263,-2.0,0.0,0.0,0.0,Spring,No Holiday,Yes
2018-04-19 02:00:00,281.0,8.8,49,0.7,1272,-1.3,0.0,0.0,0.0,Spring,No Holiday,Yes
2018-04-19 03:00:00,206.0,8.6,53,1.5,1185,-0.4,0.0,0.0,0.0,Spring,No Holiday,Yes
2018-04-19 04:00:00,125.0,8.3,53,1.1,1007,-0.7,0.0,0.0,0.0,Spring,No Holiday,Yes
2018-04-19 05:00:00,153.0,7.9,59,1.4,1005,0.3,0.0,0.0,0.0,Spring,No Holiday,Yes
2018-04-19 06:00:00,367.0,7.6,55,1.2,1021,-0.8,0.0,0.0,0.0,Spring,No Holiday,Yes
2018-04-19 07:00:00,254.0,7.7,48,0.4,1110,-2.6,0.19,0.0,0.0,Spring,No Holiday,Yes
2018-04-19 08:00:00,20.0,9.6,39,0.8,1003,-3.7,0.79,0.0,0.0,Spring,No Holiday,Yes
2018-04-19 09:00:00,316.0,12.4,29,1.5,1380,-5.1,1.49,0.0,0.0,Spring,No Holiday,Yes
2018-04-19 10:00:00,139.0,14.7,29,1.7,1070,-3.1,2.07,0.0,0.0,Spring,No Holiday,Yes
2018-04-19 11:00:00,795.0,16.1,23,2.5,1361,-5.0,2.52,0.0,0.0,Spring,No Holiday,Yes
2018-04-19 12:00:00,919.0,17.8,21,2.7,1335,-4.8,2.79,0.0,0.0,Spring,No Holiday,Yes
2018-04-19 13:00:00,930.0,19.2,17,2.2,1448,-6.4,2.89,0.0,0.0,Spring,No Holiday,Yes
2018-04-19 14:00:00,996.0,20.5,17,3.1,1512,-5.4,2.83,0.0,0.0,Spring,No Holiday,Yes
2018-04-19 15:00:00,1039.0,20.2,21,4.8,1161,-2.8,2.53,0.0,0.0,Spring,No Holiday,Yes
2018-04-19 16:00:00,1198.0,19.8,25,4.4,1132,-0.8,2.02,0.0,0.0,Spring,No Holiday,Yes
2018-04-19 17:00:00,1534.0,20.1,27,1.9,1088,0.4,1.38,0.0,0.0,Spring,No Holiday,Yes
2018-04-19 18:00:00,2198.0,19.1,31,3.0,958,1.5,0.7,0.0,0.0,Spring,No Holiday,Yes
2018-04-19 19:00:00,1489.0,17.4,34,2.2,779,1.3,0.16,0.0,0.0,Spring,No Holiday,Yes
2018-04-19 20:00:00,1313.0,15.5,38,1.7,745,1.2,0.0,0.0,0.0,Spring,No Holiday,Yes
2018-04-19 21:00:00,1165.0,14.2,44,2.4,1290,2.1,0.0,0.0,0.0,Spring,No Holiday,Yes
2018-04-19 22:00:00,1054.0,13.4,49,1.1,1326,2.8,0.0,0.0,0.0,Spring,No Holiday,Yes
2018-04-19 23:00:00,677.0,12.9,51,1.7,1200,2.9,0.0,0.0,0.0,Spring,No Holiday,Yes
2018-04-20 00:00:00,553.0,12.4,56,0.5,1028,3.8,0.0,0.0,0.0,Spring,No Holiday,Yes
2018-04-20 01:00:00,436.0,11.8,60,0.2,918,4.2,0.0,0.0,0.0,Spring,No Holiday,Yes
2018-04-20 02:00:00,305.0,11.7,63,0.5,904,4.8,0.0,0.0,0.0,Spring,No Holiday,Yes
2018-04-20 03:00:00,188.0,11.3,61,0.3,934,4.0,0.0,0.0,0.0,Spring,No Holiday,Yes
2018-04-20 04:00:00,134.0,11.4,60,0.8,932,3.8,0.0,0.0,0.0,Spring,No Holiday,Yes
2018-04-20 05:00:00,168.0,11.4,60,0.4,851,3.8,0.0,0.0,0.0,Spring,No Holiday,Yes
2018-04-20 06:00:00,414.0,11.2,63,0.7,821,4.4,0.0,0.0,0.0,Spring,No Holiday,Yes
2018-04-20 07:00:00,979.0,11.3,62,0.7,774,4.2,0.17,0.0,0.0,Spring,No Holiday,Yes
2018-04-20 08:00:00,1659.0,13.0,54,1.2,738,3.8,0.68,0.0,0.0,Spring,No Holiday,Yes
2018-04-20 09:00:00,962.0,15.8,42,0.9,683,2.8,1.37,0.0,0.0,Spring,No Holiday,Yes
2018-04-20 10:00:00,708.0,18.2,36,1.0,620,2.8,1.99,0.0,0.0,Spring,No Holiday,Yes
2018-04-20 11:00:00,805.0,20.6,34,2.2,705,4.1,2.51,0.0,0.0,Spring,No Holiday,Yes
2018-04-20 12:00:00,1019.0,22.5,33,1.8,894,5.4,2.88,0.0,0.0,Spring,No Holiday,Yes
2018-04-20 13:00:00,973.0,24.2,30,1.5,835,5.5,3.03,0.0,0.0,Spring,No Holiday,Yes
2018-04-20 14:00:00,970.0,25.9,28,2.2,808,5.9,2.92,0.0,0.0,Spring,No Holiday,Yes
2018-04-20 15:00:00,1080.0,26.1,27,1.8,581,5.6,2.59,0.0,0.0,Spring,No Holiday,Yes
2018-04-20 16:00:00,1206.0,25.7,30,3.4,600,6.8,2.07,0.0,0.0,Spring,No Holiday,Yes
2018-04-20 17:00:00,1543.0,25.6,30,2.3,671,6.7,1.47,0.0,0.0,Spring,No Holiday,Yes
2018-04-20 18:00:00,2268.0,24.7,33,2.3,687,7.3,0.78,0.0,0.0,Spring,No Holiday,Yes
2018-04-20 19:00:00,1578.0,22.9,35,1.8,714,6.6,0.22,0.0,0.0,Spring,No Holiday,Yes
2018-04-20 20:00:00,1358.0,21.1,43,1.8,788,8.0,0.0,0.0,0.0,Spring,No Holiday,Yes
2018-04-20 21:00:00,1213.0,19.2,50,1.5,842,8.5,0.0,0.0,0.0,Spring,No Holiday,Yes
2018-04-20 22:00:00,1183.0,18.2,52,1.3,818,8.1,0.0,0.0,0.0,Spring,No Holiday,Yes
2018-04-20 23:00:00,891.0,17.3,57,0.6,807,8.6,0.0,0.0,0.0,Spring,No Holiday,Yes
2018-04-21 00:00:00,707.0,16.3,59,0.2,756,8.2,0.0,0.0,0.0,Spring,No Holiday,Yes
2018-04-21 01:00:00,628.0,15.5,60,1.1,658,7.7,0.0,0.0,0.0,Spring,No Holiday,Yes
2018-04-21 02:00:00,436.0,14.7,63,1.8,611,7.7,0.0,0.0,0.0,Spring,No Holiday,Yes
2018-04-21 03:00:00,307.0,14.2,62,1.4,583,7.0,0.0,0.0,0.0,Spring,No Holiday,Yes
2018-04-21 04:00:00,166.0,13.6,67,1.6,521,7.5,0.0,0.0,0.0,Spring,No Holiday,Yes
2018-04-21 05:00:00,122.0,13.0,70,0.5,385,7.6,0.0,0.0,0.0,Spring,No Holiday,Yes
2018-04-21 06:00:00,184.0,12.3,67,0.5,483,6.3,0.0,0.0,0.0,Spring,No Holiday,Yes
2018-04-21 07:00:00,324.0,12.5,68,1.1,457,6.7,0.22,0.0,0.0,Spring,No Holiday,Yes
2018-04-21 08:00:00,600.0,14.6,54,0.9,431,5.3,0.89,0.0,0.0,Spring,No Holiday,Yes
2018-04-21 09:00:00,647.0,18.1,33,1.1,512,1.5,1.61,0.0,0.0,Spring,No Holiday,Yes
2018-04-21 10:00:00,702.0,20.6,24,2.0,950,-0.7,2.29,0.0,0.0,Spring,No Holiday,Yes
2018-04-21 11:00:00,872.0,23.1,19,2.0,1172,-1.8,2.85,0.0,0.0,Spring,No Holiday,Yes
2018-04-21 12:00:00,1130.0,24.3,14,3.3,1701,-4.9,3.19,0.0,0.0,Spring,No Holiday,Yes
2018-04-21 13:00:00,1315.0,24.6,10,2.7,2000,-9.0,3.31,0.0,0.0,Spring,No Holiday,Yes
2018-04-21 14:00:00,1511.0,25.0,14,3.8,1858,-4.3,3.29,0.0,0.0,Spring,No Holiday,Yes
2018-04-21 15:00:00,1730.0,25.0,13,4.1,2000,-5.3,2.98,0.0,0.0,Spring,No Holiday,Yes
2018-04-21 16:00:00,1942.0,24.8,13,3.3,1955,-5.5,2.5,0.0,0.0,Spring,No Holiday,Yes
2018-04-21 17:00:00,2032.0,23.2,12,3.6,2000,-7.8,1.69,0.0,0.0,Spring,No Holiday,Yes
2018-04-21 18:00:00,1986.0,22.2,11,3.0,2000,-9.7,0.98,0.0,0.0,Spring,No Holiday,Yes
2018-04-21 19:00:00,1711.0,20.7,15,2.0,2000,-6.9,0.34,0.0,0.0,Spring,No Holiday,Yes
2018-04-21 20:00:00,1581.0,19.1,18,1.2,2000,-5.8,0.0,0.0,0.0,Spring,No Holiday,Yes
2018-04-21 21:00:00,1491.0,17.8,21,1.2,2000,-4.8,0.0,0.0,0.0,Spring,No Holiday,Yes
2018-04-21 22:00:00,1292.0,16.7,28,1.0,1996,-1.9,0.0,0.0,0.0,Spring,No Holiday,Yes
2018-04-21 23:00:00,988.0,16.0,33,0.5,1996,-0.2,0.0,0.0,0.0,Spring,No Holiday,Yes
2018-04-22 00:00:00,826.0,15.9,35,0.3,1995,0.4,0.0,0.0,0.0,Spring,No Holiday,Yes
2018-04-22 01:00:00,578.0,15.9,39,0.2,2000,1.9,0.0,0.0,0.0,Spring,No Holiday,Yes
2018-04-22 02:00:00,410.0,15.4,41,0.5,1319,2.1,0.0,0.0,0.0,Spring,No Holiday,Yes
2018-04-22 03:00:00,289.0,15.2,31,0.3,2000,-1.8,0.0,0.0,0.0,Spring,No Holiday,Yes
2018-04-22 04:00:00,192.0,14.9,35,0.8,2000,-0.4,0.0,0.0,0.0,Spring,No Holiday,Yes
2018-04-22 05:00:00,136.0,14.8,38,0.6,2000,0.5,0.0,0.0,0.0,Spring,No Holiday,Yes
2018-04-22 06:00:00,155.0,14.6,42,0.5,2000,1.8,0.0,0.0,0.0,Spring,No Holiday,Yes
2018-04-22 07:00:00,278.0,15.0,41,0.3,2000,1.8,0.12,0.0,0.0,Spring,No Holiday,Yes
2018-04-22 08:00:00,429.0,16.3,40,0.8,1982,2.6,0.25,0.0,0.0,Spring,No Holiday,Yes
2018-04-22 09:00:00,247.0,16.9,45,0.9,1958,4.8,0.27,0.0,0.0,Spring,No Holiday,Yes
2018-04-22 10:00:00,486.0,16.3,62,0.8,1639,8.9,0.27,0.3,0.0,Spring,No Holiday,Yes
2018-04-22 11:00:00,424.0,17.4,54,0.9,1840,7.9,0.51,0.0,0.0,Spring,No Holiday,Yes
2018-04-22 12:00:00,631.0,18.9,44,0.9,1910,6.3,0.75,0.0,0.0,Spring,No Holiday,Yes
2018-04-22 13:00:00,842.0,20.5,35,1.1,2000,4.4,1.13,0.0,0.0,Spring,No Holiday,Yes
2018-04-22 14:00:00,384.0,20.7,32,1.5,1996,3.3,0.69,0.0,0.0,Spring,No Holiday,Yes
2018-04-22 15:00:00,234.0,19.6,44,2.4,1885,7.0,0.47,0.2,0.0,Spring,No Holiday,Yes
2018-04-22 16:00:00,103.0,19.1,52,0.9,1583,9.0,0.37,0.0,0.0,Spring,No Holiday,Yes
2018-04-22 17:00:00,46.0,17.9,65,1.2,965,11.2,0.13,1.0,0.0,Spring,No Holiday,Yes
2018-04-22 18:00:00,63.0,16.1,73,1.3,1298,11.2,0.11,0.5,0.0,Spring,No Holiday,Yes
2018-04-22 19:00:00,32.0,15.2,64,1.7,1185,8.4,0.02,0.5,0.0,Spring,No Holiday,Yes
2018-04-22 20:00:00,12.0,13.3,80,1.8,821,9.9,0.0,1.5,0.0,Spring,No Holiday,Yes
2018-04-22 21:00:00,24.0,12.0,86,2.3,681,9.7,0.0,2.5,0.0,Spring,No Holiday,Yes
2018-04-22 22:00:00,13.0,11.6,89,2.0,469,9.8,0.0,4.0,0.0,Spring,No Holiday,Yes
2018-04-22 23:00:00,18.0,11.3,94,1.6,368,10.3,0.0,3.0,0.0,Spring,No Holiday,Yes
2018-04-23 00:00:00,81.0,10.7,94,2.6,477,9.7,0.0,2.0,0.0,Spring,No Holiday,Yes
2018-04-23 01:00:00,41.0,10.6,87,2.3,1523,8.5,0.0,0.1,0.0,Spring,No Holiday,Yes
2018-04-23 02:00:00,21.0,10.2,90,2.2,490,8.6,0.0,0.9,0.0,Spring,No Holiday,Yes
2018-04-23 03:00:00,8.0,9.9,93,2.3,990,8.8,0.0,0.5,0.0,Spring,No Holiday,Yes
2018-04-23 04:00:00,2.0,9.5,95,2.4,410,8.7,0.0,3.5,0.0,Spring,No Holiday,Yes
2018-04-23 05:00:00,6.0,9.2,95,2.3,404,8.4,0.0,2.5,0.0,Spring,No Holiday,Yes
2018-04-23 06:00:00,5.0,9.1,95,2.7,373,8.3,0.0,7.0,0.0,Spring,No Holiday,Yes
2018-04-23 07:00:00,17.0,9.0,95,2.3,294,8.2,0.0,6.0,0.0,Spring,No Holiday,Yes
2018-04-23 08:00:00,25.0,8.8,95,2.8,519,8.0,0.03,5.0,0.0,Spring,No Holiday,Yes
2018-04-23 09:00:00,9.0,8.5,95,2.6,447,7.7,0.1,8.0,0.0,Spring,No Holiday,Yes
2018-04-23 10:00:00,12.0,8.6,95,2.5,578,7.8,0.2,4.0,0.0,Spring,No Holiday,Yes
2018-04-23 11:00:00,10.0,8.9,91,2.2,437,7.5,0.29,1.5,0.0,Spring,No Holiday,Yes
2018-04-23 12:00:00,10.0,9.0,96,1.9,481,8.3,0.43,5.5,0.0,Spring,No Holiday,Yes
2018-04-23 13:00:00,11.0,9.3,95,2.3,419,8.5,0.4,2.5,0.0,Spring,No Holiday,Yes
2018-04-23 14:00:00,17.0,9.4,96,2.6,304,8.7,0.39,4.0,0.0,Spring,No Holiday,Yes
2018-04-23 15:00:00,14.0,9.5,96,2.2,350,8.8,0.31,1.5,0.0,Spring,No Holiday,Yes
2018-04-23 16:00:00,41.0,9.6,96,1.7,1409,8.9,0.23,1.0,0.0,Spring,No Holiday,Yes
2018-04-23 17:00:00,42.0,9.4,95,1.9,660,8.6,0.11,0.5,0.0,Spring,No Holiday,Yes
2018-04-23 18:00:00,39.0,9.4,96,1.9,600,8.7,0.07,1.0,0.0,Spring,No Holiday,Yes
2018-04-23 19:00:00,50.0,9.4,95,1.8,531,8.6,0.03,1.5,0.0,Spring,No Holiday,Yes
2018-04-23 20:00:00,37.0,9.4,95,1.6,740,8.6,0.0,1.0,0.0,Spring,No Holiday,Yes
2018-04-23 21:00:00,82.0,9.4,94,2.1,869,8.4,0.0,1.5,0.0,Spring,No Holiday,Yes
2018-04-23 22:00:00,164.0,9.6,90,1.9,2000,8.0,0.0,0.0,0.0,Spring,No Holiday,Yes
2018-04-23 23:00:00,233.0,9.8,87,1.9,2000,7.7,0.0,0.0,0.0,Spring,No Holiday,Yes
2018-04-24 00:00:00,213.0,9.8,86,1.3,2000,7.5,0.0,0.0,0.0,Spring,No Holiday,Yes
2018-04-24 01:00:00,157.0,10.1,83,1.6,2000,7.3,0.0,0.0,0.0,Spring,No Holiday,Yes
2018-04-24 02:00:00,68.0,10.1,83,1.4,2000,7.3,0.0,0.1,0.0,Spring,No Holiday,Yes
2018-04-24 03:00:00,35.0,9.6,94,1.3,523,8.6,0.0,2.4,0.0,Spring,No Holiday,Yes
2018-04-24 04:00:00,34.0,9.5,94,1.2,2000,8.5,0.0,0.5,0.0,Spring,No Holiday,Yes
2018-04-24 05:00:00,77.0,9.4,93,1.3,2000,8.3,0.0,0.0,0.0,Spring,No Holiday,Yes
2018-04-24 06:00:00,262.0,9.6,87,2.0,2000,7.5,0.0,0.0,0.0,Spring,No Holiday,Yes
2018-04-24 07:00:00,751.0,9.8,84,1.3,2000,7.2,0.04,0.0,0.0,Spring,No Holiday,Yes
2018-04-24 08:00:00,1502.0,10.5,79,1.3,2000,7.0,0.29,0.0,0.0,Spring,No Holiday,Yes
2018-04-24 09:00:00,814.0,12.0,71,1.4,2000,6.8,0.92,0.0,0.0,Spring,No Holiday,Yes
2018-04-24 10:00:00,638.0,12.9,68,1.3,2000,7.1,0.97,0.0,0.0,Spring,No Holiday,Yes
2018-04-24 11:00:00,710.0,14.1,62,1.6,2000,6.9,1.08,0.0,0.0,Spring,No Holiday,Yes
2018-04-24 12:00:00,925.0,15.2,57,1.9,2000,6.7,1.33,0.0,0.0,Spring,No Holiday,Yes
2018-04-24 13:00:00,923.0,15.9,53,2.1,2000,6.3,1.54,0.0,0.0,Spring,No Holiday,Yes
2018-04-24 14:00:00,942.0,16.0,52,1.7,2000,6.1,1.22,0.0,0.0,Spring,No Holiday,Yes
2018-04-24 15:00:00,971.0,16.1,52,1.5,2000,6.2,0.93,0.0,0.0,Spring,No Holiday,Yes
2018-04-24 16:00:00,1118.0,15.5,52,1.7,2000,5.6,0.7,0.0,0.0,Spring,No Holiday,Yes
2018-04-24 17:00:00,1462.0,15.1,52,1.9,2000,5.3,0.64,0.0,0.0,Spring,No Holiday,Yes
2018-04-24 18:00:00,2318.0,14.1,43,1.6,2000,1.6,0.36,0.0,0.0,Spring,No Holiday,Yes
2018-04-24 19:00:00,1580.0,13.3,37,1.2,2000,-1.1,0.12,0.0,0.0,Spring,No Holiday,Yes
2018-04-24 20:00:00,1332.0,12.6,49,0.8,2000,2.1,0.0,0.0,0.0,Spring,No Holiday,Yes
2018-04-24 21:00:00,1372.0,11.5,47,1.1,2000,0.5,0.0,0.0,0.0,Spring,No Holiday,Yes
2018-04-24 22:00:00,1215.0,10.4,43,0.7,2000,-1.6,0.0,0.0,0.0,Spring,No Holiday,Yes
2018-04-24 23:00:00,725.0,9.6,44,0.7,2000,-2.0,0.0,0.0,0.0,Spring,No Holiday,Yes
2018-04-25 00:00:00,536.0,8.9,55,0.7,2000,0.3,0.0,0.0,0.0,Spring,No Holiday,Yes
2018-04-25 01:00:00,444.0,8.4,58,1.1,2000,0.6,0.0,0.0,0.0,Spring,No Holiday,Yes
2018-04-25 02:00:00,306.0,7.7,60,0.3,1993,0.4,0.0,0.0,0.0,Spring,No Holiday,Yes
2018-04-25 03:00:00,206.0,7.1,60,0.3,2000,-0.1,0.0,0.0,0.0,Spring,No Holiday,Yes
2018-04-25 04:00:00,117.0,6.4,66,0.5,2000,0.4,0.0,0.0,0.0,Spring,No Holiday,Yes
2018-04-25 05:00:00,148.0,6.0,63,0.5,1984,-0.5,0.0,0.0,0.0,Spring,No Holiday,Yes
2018-04-25 06:00:00,449.0,5.8,55,0.3,2000,-2.5,0.0,0.0,0.0,Spring,No Holiday,Yes
2018-04-25 07:00:00,1123.0,6.4,51,0.3,1963,-3.0,0.27,0.0,0.0,Spring,No Holiday,Yes
2018-04-25 08:00:00,1900.0,8.8,37,0.9,1939,-5.1,0.89,0.0,0.0,Spring,No Holiday,Yes
2018-04-25 09:00:00,1066.0,11.7,32,0.8,1862,-4.4,1.6,0.0,0.0,Spring,No Holiday,Yes
2018-04-25 10:00:00,756.0,14.8,29,0.6,1749,-3.0,2.2,0.0,0.0,Spring,No Holiday,Yes
2018-04-25 11:00:00,938.0,17.5,25,1.3,1843,-2.7,2.74,0.0,0.0,Spring,No Holiday,Yes
2018-04-25 12:00:00,1192.0,19.4,20,1.1,1663,-4.1,3.08,0.0,0.0,Spring,No Holiday,Yes
2018-04-25 13:00:00,1141.0,20.8,23,1.7,1467,-1.1,3.18,0.0,0.0,Spring,No Holiday,Yes
2018-04-25 14:00:00,1161.0,22.1,22,2.1,1470,-0.6,3.12,0.0,0.0,Spring,No Holiday,Yes
2018-04-25 15:00:00,1180.0,22.8,21,2.1,1542,-0.6,2.75,0.0,0.0,Spring,No Holiday,Yes
2018-04-25 16:00:00,1447.0,23.1,19,3.1,1871,-1.8,2.26,0.0,0.0,Spring,No Holiday,Yes
2018-04-25 17:00:00,1878.0,22.9,23,2.8,1985,0.6,1.64,0.0,0.0,Spring,No Holiday,Yes
2018-04-25 18:00:00,2807.0,21.2,32,3.8,1927,3.8,0.94,0.0,0.0,Spring,No Holiday,Yes
2018-04-25 19:00:00,1958.0,18.2,36,3.5,2000,2.8,0.29,0.0,0.0,Spring,No Holiday,Yes
2018-04-25 20:00:00,1651.0,16.8,29,4.3,1971,-1.3,0.01,0.0,0.0,Spring,No Holiday,Yes
2018-04-25 21:00:00,1593.0,15.9,35,1.4,1999,0.4,0.0,0.0,0.0,Spring,No Holiday,Yes
2018-04-25 22:00:00,1382.0,15.2,35,1.2,1999,-0.1,0.0,0.0,0.0,Spring,No Holiday,Yes
2018-04-25 23:00:00,906.0,14.0,45,0.6,1901,2.2,0.0,0.0,0.0,Spring,No Holiday,Yes
2018-04-26 00:00:00,692.0,13.1,47,0.3,1877,2.0,0.0,0.0,0.0,Spring,No Holiday,Yes
2018-04-26 01:00:00,546.0,12.4,55,1.0,1836,3.5,0.0,0.0,0.0,Spring,No Holiday,Yes
2018-04-26 02:00:00,409.0,11.9,57,1.0,1793,3.6,0.0,0.0,0.0,Spring,No Holiday,Yes
2018-04-26 03:00:00,239.0,11.3,66,1.0,1506,5.1,0.0,0.0,0.0,Spring,No Holiday,Yes
2018-04-26 04:00:00,140.0,10.7,70,0.7,1404,5.4,0.0,0.0,0.0,Spring,No Holiday,Yes
2018-04-26 05:00:00,180.0,10.2,73,0.8,1137,5.5,0.0,0.0,0.0,Spring,No Holiday,Yes
2018-04-26 06:00:00,452.0,10.0,72,0.8,1217,5.1,0.01,0.0,0.0,Spring,No Holiday,Yes
2018-04-26 07:00:00,1124.0,10.7,68,0.8,1093,5.0,0.27,0.0,0.0,Spring,No Holiday,Yes
2018-04-26 08:00:00,1933.0,11.7,62,0.6,956,4.6,0.62,0.0,0.0,Spring,No Holiday,Yes
2018-04-26 09:00:00,1027.0,14.0,54,1.5,1054,4.8,1.37,0.0,0.0,Spring,No Holiday,Yes
2018-04-26 10:00:00,745.0,16.7,47,2.2,1147,5.3,2.26,0.0,0.0,Spring,No Holiday,Yes
2018-04-26 11:00:00,930.0,18.1,42,2.7,1112,4.9,2.17,0.0,0.0,Spring,No Holiday,Yes
2018-04-26 12:00:00,1197.0,19.6,36,2.2,962,4.1,2.55,0.0,0.0,Spring,No Holiday,Yes
2018-04-26 13:00:00,1084.0,20.6,30,2.4,1048,2.3,2.67,0.0,0.0,Spring,No Holiday,Yes
2018-04-26 14:00:00,1123.0,21.6,28,3.1,1414,2.2,2.84,0.0,0.0,Spring,No Holiday,Yes
2018-04-26 15:00:00,1227.0,21.9,23,2.6,1463,-0.1,2.66,0.0,0.0,Spring,No Holiday,Yes
2018-04-26 16:00:00,1386.0,21.7,23,2.5,1404,-0.3,1.97,0.0,0.0,Spring,No Holiday,Yes
2018-04-26 17:00:00,1796.0,20.7,30,3.3,1482,2.4,1.48,0.0,0.0,Spring,No Holiday,Yes
2018-04-26 18:00:00,2574.0,17.4,45,3.1,1092,5.3,0.75,0.0,0.0,Spring,No Holiday,Yes
2018-04-26 19:00:00,1891.0,15.2,45,3.3,1138,3.3,0.24,0.0,0.0,Spring,No Holiday,Yes
2018-04-26 20:00:00,1531.0,14.4,50,2.7,1216,4.0,0.01,0.0,0.0,Spring,No Holiday,Yes
2018-04-26 21:00:00,1447.0,13.4,60,2.2,1517,5.7,0.0,0.0,0.0,Spring,No Holiday,Yes
2018-04-26 22:00:00,1146.0,12.7,61,2.2,1949,5.3,0.0,0.0,0.0,Spring,No Holiday,Yes
2018-04-26 23:00:00,851.0,12.1,58,1.9,1719,4.0,0.0,0.0,0.0,Spring,No Holiday,Yes
2018-04-27 00:00:00,663.0,11.8,59,2.4,1535,4.0,0.0,0.0,0.0,Spring,No Holiday,Yes
2018-04-27 01:00:00,562.0,11.5,57,1.8,1471,3.2,0.0,0.0,0.0,Spring,No Holiday,Yes
2018-04-27 02:00:00,361.0,11.2,58,1.4,1255,3.2,0.0,0.0,0.0,Spring,No Holiday,Yes
2018-04-27 03:00:00,258.0,10.7,63,1.1,989,3.9,0.0,0.0,0.0,Spring,No Holiday,Yes
2018-04-27 04:00:00,140.0,10.2,65,1.5,970,3.9,0.0,0.0,0.0,Spring,No Holiday,Yes
2018-04-27 05:00:00,170.0,9.9,69,1.1,808,4.4,0.0,0.0,0.0,Spring,No Holiday,Yes
2018-04-27 06:00:00,427.0,9.9,66,1.5,931,3.8,0.0,0.0,0.0,Spring,No Holiday,Yes
2018-04-27 07:00:00,1129.0,10.1,63,0.7,1163,3.3,0.22,0.0,0.0,Spring,No Holiday,Yes
2018-04-27 08:00:00,1922.0,11.6,58,1.4,1150,3.6,0.79,0.0,0.0,Spring,No Holiday,Yes
2018-04-27 09:00:00,985.0,13.2,57,0.8,1003,4.8,1.39,0.0,0.0,Spring,No Holiday,Yes
2018-04-27 10:00:00,789.0,15.3,50,1.0,944,4.9,1.97,0.0,0.0,Spring,No Holiday,Yes
2018-04-27 11:00:00,986.0,17.7,44,1.5,945,5.2,2.51,0.0,0.0,Spring,No Holiday,Yes
2018-04-27 12:00:00,1142.0,19.5,40,1.1,1055,5.5,2.89,0.0,0.0,Spring,No Holiday,Yes
2018-04-27 13:00:00,1133.0,21.0,36,1.0,1164,5.3,2.99,0.0,0.0,Spring,No Holiday,Yes
2018-04-27 14:00:00,1115.0,22.2,32,2.8,1124,4.7,2.91,0.0,0.0,Spring,No Holiday,Yes
2018-04-27 15:00:00,1253.0,22.7,29,1.6,1223,3.7,2.66,0.0,0.0,Spring,No Holiday,Yes
2018-04-27 16:00:00,1446.0,23.2,33,2.4,869,6.0,2.12,0.0,0.0,Spring,No Holiday,Yes
2018-04-27 17:00:00,1877.0,21.8,41,3.0,662,7.9,1.44,0.0,0.0,Spring,No Holiday,Yes
2018-04-27 18:00:00,2577.0,20.3,47,2.5,705,8.6,0.77,0.0,0.0,Spring,No Holiday,Yes
2018-04-27 19:00:00,1812.0,18.7,53,2.7,753,8.9,0.24,0.0,0.0,Spring,No Holiday,Yes
2018-04-27 20:00:00,1499.0,16.9,41,3.1,1060,3.5,0.0,0.0,0.0,Spring,No Holiday,Yes
2018-04-27 21:00:00,1362.0,15.7,51,1.9,806,5.5,0.0,0.0,0.0,Spring,No Holiday,Yes
2018-04-27 22:00:00,1278.0,14.7,63,1.4,554,7.7,0.0,0.0,0.0,Spring,No Holiday,Yes
2018-04-27 23:00:00,975.0,14.0,66,1.2,519,7.7,0.0,0.0,0.0,Spring,No Holiday,Yes
2018-04-28 00:00:00,777.0,13.3,70,1.6,473,7.9,0.0,0.0,0.0,Spring,No Holiday,Yes
2018-04-28 01:00:00,672.0,12.7,74,1.8,392,8.1,0.0,0.0,0.0,Spring,No Holiday,Yes
2018-04-28 02:00:00,522.0,12.0,76,1.0,363,7.8,0.0,0.0,0.0,Spring,No Holiday,Yes
2018-04-28 03:00:00,325.0,11.6,76,1.0,364,7.5,0.0,0.0,0.0,Spring,No Holiday,Yes
2018-04-28 04:00:00,166.0,11.4,78,1.8,362,7.6,0.0,0.0,0.0,Spring,No Holiday,Yes
2018-04-28 05:00:00,152.0,10.9,81,1.7,348,7.7,0.0,0.0,0.0,Spring,No Holiday,Yes
2018-04-28 06:00:00,230.0,10.6,84,1.1,284,8.0,0.0,0.0,0.0,Spring,No Holiday,Yes
2018-04-28 07:00:00,376.0,10.8,78,0.5,335,7.1,0.26,0.0,0.0,Spring,No Holiday,Yes
2018-04-28 08:00:00,647.0,12.7,67,0.6,378,6.7,0.86,0.0,0.0,Spring,No Holiday,Yes
2018-04-28 09:00:00,795.0,15.1,56,1.7,493,6.3,1.57,0.0,0.0,Spring,No Holiday,Yes
2018-04-28 10:00:00,808.0,17.4,46,1.8,734,5.6,2.27,0.0,0.0,Spring,No Holiday,Yes
2018-04-28 11:00:00,1000.0,19.0,30,3.0,1719,1.0,2.84,0.0,0.0,Spring,No Holiday,Yes
2018-04-28 12:00:00,1278.0,20.5,31,2.5,1485,2.7,3.18,0.0,0.0,Spring,No Holiday,Yes
2018-04-28 13:00:00,1404.0,21.2,31,2.8,1295,3.3,3.25,0.0,0.0,Spring,No Holiday,Yes
2018-04-28 14:00:00,1597.0,21.3,25,3.8,1884,0.4,3.22,0.0,0.0,Spring,No Holiday,Yes
2018-04-28 15:00:00,1875.0,21.1,25,4.1,1885,0.2,2.96,0.0,0.0,Spring,No Holiday,Yes
2018-04-28 16:00:00,1945.0,20.4,25,4.7,1990,-0.3,2.45,0.0,0.0,Spring,No Holiday,Yes
2018-04-28 17:00:00,2043.0,20.1,29,3.3,1840,1.4,1.78,0.0,0.0,Spring,No Holiday,Yes
2018-04-28 18:00:00,1882.0,18.9,30,2.6,1995,0.9,1.05,0.0,0.0,Spring,No Holiday,Yes
2018-04-28 19:00:00,1590.0,16.9,33,1.3,1965,0.5,0.34,0.0,0.0,Spring,No Holiday,Yes
2018-04-28 20:00:00,1435.0,15.1,34,2.2,1981,-0.6,0.01,0.0,0.0,Spring,No Holiday,Yes
2018-04-28 21:00:00,1351.0,13.9,37,1.1,1751,-0.5,0.0,0.0,0.0,Spring,No Holiday,Yes
2018-04-28 22:00:00,1165.0,13.0,45,1.6,1713,1.3,0.0,0.0,0.0,Spring,No Holiday,Yes
2018-04-28 23:00:00,905.0,12.3,51,1.0,1648,2.4,0.0,0.0,0.0,Spring,No Holiday,Yes
2018-04-29 00:00:00,790.0,11.7,53,1.4,1620,2.4,0.0,0.0,0.0,Spring,No Holiday,Yes
2018-04-29 01:00:00,554.0,11.2,57,1.6,1533,2.9,0.0,0.0,0.0,Spring,No Holiday,Yes
2018-04-29 02:00:00,425.0,10.9,56,1.2,1460,2.4,0.0,0.0,0.0,Spring,No Holiday,Yes
2018-04-29 03:00:00,263.0,10.6,60,1.0,1163,3.1,0.0,0.0,0.0,Spring,No Holiday,Yes
2018-04-29 04:00:00,183.0,10.3,63,0.7,1277,3.5,0.0,0.0,0.0,Spring,No Holiday,Yes
2018-04-29 05:00:00,138.0,9.7,63,1.1,1304,2.9,0.0,0.0,0.0,Spring,No Holiday,Yes
2018-04-29 06:00:00,183.0,9.5,65,1.0,1325,3.2,0.01,0.0,0.0,Spring,No Holiday,Yes
2018-04-29 07:00:00,307.0,9.9,59,0.7,1707,2.2,0.25,0.0,0.0,Spring,No Holiday,Yes
2018-04-29 08:00:00,485.0,12.2,50,0.8,1412,2.0,0.84,0.0,0.0,Spring,No Holiday,Yes
2018-04-29 09:00:00,716.0,14.9,39,0.9,1354,1.0,1.56,0.0,0.0,Spring,No Holiday,Yes
2018-04-29 10:00:00,787.0,17.5,35,1.8,1570,1.8,2.26,0.0,0.0,Spring,No Holiday,Yes
2018-04-29 11:00:00,1060.0,19.6,28,2.0,1695,0.5,2.79,0.0,0.0,Spring,No Holiday,Yes
2018-04-29 12:00:00,1375.0,20.5,31,2.6,1299,2.7,2.79,0.0,0.0,Spring,No Holiday,Yes
2018-04-29 13:00:00,1635.0,21.9,27,2.2,1055,2.0,3.35,0.0,0.0,Spring,No Holiday,Yes
2018-04-29 14:00:00,1814.0,21.6,28,3.3,1172,2.2,2.93,0.0,0.0,Spring,No Holiday,Yes
2018-04-29 15:00:00,2019.0,22.8,24,3.3,1138,1.1,2.79,0.0,0.0,Spring,No Holiday,Yes
2018-04-29 16:00:00,2044.0,22.2,23,3.7,1183,0.0,2.28,0.0,0.0,Spring,No Holiday,Yes
2018-04-29 17:00:00,2094.0,21.9,28,3.1,1023,2.5,1.6,0.0,0.0,Spring,No Holiday,Yes
2018-04-29 18:00:00,1950.0,20.1,28,3.2,1114,1.0,0.89,0.0,0.0,Spring,No Holiday,Yes
2018-04-29 19:00:00,1712.0,18.1,38,2.8,932,3.5,0.16,0.0,0.0,Spring,No Holiday,Yes
2018-04-29 20:00:00,1485.0,16.9,42,2.7,942,3.8,0.0,0.0,0.0,Spring,No Holiday,Yes
2018-04-29 21:00:00,1382.0,16.1,44,1.2,913,3.8,0.0,0.0,0.0,Spring,No Holiday,Yes
2018-04-29 22:00:00,1128.0,15.6,43,2.3,1016,3.0,0.0,0.0,0.0,Spring,No Holiday,Yes
2018-04-29 23:00:00,820.0,15.2,51,1.0,858,5.1,0.0,0.0,0.0,Spring,No Holiday,Yes
2018-04-30 00:00:00,569.0,14.7,54,1.3,718,5.4,0.0,0.0,0.0,Spring,No Holiday,Yes
2018-04-30 01:00:00,362.0,14.4,60,1.7,580,6.7,0.0,0.0,0.0,Spring,No Holiday,Yes
2018-04-30 02:00:00,246.0,14.1,62,1.2,502,6.9,0.0,0.0,0.0,Spring,No Holiday,Yes
2018-04-30 03:00:00,157.0,14.3,61,1.0,475,6.8,0.0,0.0,0.0,Spring,No Holiday,Yes
2018-04-30 04:00:00,132.0,14.6,57,1.2,495,6.1,0.0,0.0,0.0,Spring,No Holiday,Yes
2018-04-30 05:00:00,185.0,14.8,63,0.7,492,7.8,0.0,0.0,0.0,Spring,No Holiday,Yes
2018-04-30 06:00:00,397.0,14.9,64,0.5,424,8.1,0.0,0.0,0.0,Spring,No Holiday,Yes
2018-04-30 07:00:00,1075.0,15.1,78,1.5,354,11.2,0.06,0.0,0.0,Spring,No Holiday,Yes
2018-04-30 08:00:00,1791.0,15.8,73,0.5,357,10.9,0.39,0.0,0.0,Spring,No Holiday,Yes
2018-04-30 09:00:00,983.0,17.5,65,1.0,416,10.8,1.0,0.0,0.0,Spring,No Holiday,Yes
2018-04-30 10:00:00,742.0,19.5,54,1.1,451,9.9,1.88,0.0,0.0,Spring,No Holiday,Yes
2018-04-30 11:00:00,901.0,20.3,52,0.9,468,10.1,1.96,0.0,0.0,Spring,No Holiday,Yes
2018-04-30 12:00:00,1094.0,22.2,50,2.0,564,11.2,2.65,0.0,0.0,Spring,No Holiday,Yes
2018-04-30 13:00:00,1019.0,23.3,45,1.8,684,10.6,2.96,0.0,0.0,Spring,No Holiday,Yes
2018-04-30 14:00:00,1055.0,24.0,47,2.3,520,11.9,2.87,0.0,0.0,Spring,No Holiday,Yes
2018-04-30 15:00:00,1168.0,24.1,48,2.7,419,12.3,2.47,0.0,0.0,Spring,No Holiday,Yes
2018-04-30 16:00:00,1344.0,24.8,45,1.8,549,12.0,2.05,0.0,0.0,Spring,No Holiday,Yes
2018-04-30 17:00:00,1706.0,24.0,53,3.5,536,13.8,1.39,0.0,0.0,Spring,No Holiday,Yes
2018-04-30 18:00:00,2558.0,23.0,54,2.9,679,13.1,0.81,0.0,0.0,Spring,No Holiday,Yes
2018-04-30 19:00:00,2064.0,21.2,65,2.9,559,14.3,0.25,0.0,0.0,Spring,No Holiday,Yes
2018-04-30 20:00:00,1703.0,20.0,69,2.4,533,14.1,0.0,0.0,0.0,Spring,No Holiday,Yes
2018-04-30 21:00:00,1711.0,19.1,73,1.2,413,14.1,0.0,0.0,0.0,Spring,No Holiday,Yes
2018-04-30 22:00:00,1456.0,18.4,78,1.6,377,14.4,0.0,0.0,0.0,Spring,No Holiday,Yes
2018-04-30 23:00:00,1044.0,17.9,79,0.4,323,14.1,0.0,0.0,0.0,Spring,No Holiday,Yes
2018-05-01 00:00:00,782.0,18.3,78,0.8,349,14.3,0.0,0.0,0.0,Spring,Holiday,Yes
2018-05-01 01:00:00,705.0,18.3,83,1.1,451,15.3,0.0,0.0,0.0,Spring,Holiday,Yes
2018-05-01 02:00:00,534.0,18.2,85,0.8,355,15.6,0.0,0.0,0.0,Spring,Holiday,Yes
2018-05-01 03:00:00,343.0,18.1,85,1.0,284,15.5,0.0,0.0,0.0,Spring,Holiday,Yes
2018-05-01 04:00:00,187.0,18.0,85,0.3,275,15.4,0.0,0.0,0.0,Spring,Holiday,Yes
2018-05-01 05:00:00,166.0,18.0,85,0.8,346,15.4,0.0,0.0,0.0,Spring,Holiday,Yes
2018-05-01 06:00:00,306.0,17.8,85,0.6,265,15.2,0.0,0.0,0.0,Spring,Holiday,Yes
2018-05-01 07:00:00,614.0,18.0,82,0.7,264,14.8,0.11,0.0,0.0,Spring,Holiday,Yes
2018-05-01 08:00:00,1067.0,18.8,76,0.6,301,14.4,0.36,0.0,0.0,Spring,Holiday,Yes
2018-05-01 09:00:00,1024.0,20.7,67,1.1,464,14.3,1.3,0.0,0.0,Spring,Holiday,Yes
2018-05-01 10:00:00,1002.0,22.2,61,1.2,531,14.3,1.72,0.0,0.0,Spring,Holiday,Yes
2018-05-01 11:00:00,1117.0,22.7,63,1.1,605,15.2,1.36,0.0,0.0,Spring,Holiday,Yes
2018-05-01 12:00:00,1315.0,22.1,67,2.7,462,15.6,0.81,0.0,0.0,Spring,Holiday,Yes
2018-05-01 13:00:00,1493.0,23.0,63,3.1,494,15.5,1.92,0.0,0.0,Spring,Holiday,Yes
2018-05-01 14:00:00,1536.0,23.0,64,2.8,520,15.8,1.59,0.0,0.0,Spring,Holiday,Yes
2018-05-01 15:00:00,1639.0,23.1,61,2.5,556,15.1,1.5,0.0,0.0,Spring,Holiday,Yes
2018-05-01 16:00:00,1759.0,22.6,63,3.1,551,15.1,0.88,0.0,0.0,Spring,Holiday,Yes
2018-05-01 17:00:00,1898.0,22.0,65,2.4,589,15.1,0.47,0.0,0.0,Spring,Holiday,Yes
2018-05-01 18:00:00,2082.0,21.6,67,2.0,584,15.2,0.24,0.0,0.0,Spring,Holiday,Yes
2018-05-01 19:00:00,1696.0,21.2,68,1.5,610,15.0,0.16,0.0,0.0,Spring,Holiday,Yes
2018-05-01 20:00:00,1656.0,20.6,72,1.3,587,15.3,0.0,0.0,0.0,Spring,Holiday,Yes
2018-05-01 21:00:00,1644.0,20.2,74,1.3,554,15.4,0.0,0.0,0.0,Spring,Holiday,Yes
2018-05-01 22:00:00,1400.0,19.9,75,0.8,516,15.3,0.0,0.0,0.0,Spring,Holiday,Yes
2018-05-01 23:00:00,855.0,19.8,73,0.9,442,14.8,0.0,0.0,0.0,Spring,Holiday,Yes
2018-05-02 00:00:00,612.0,19.7,76,0.5,386,15.3,0.0,0.0,0.0,Spring,No Holiday,Yes
2018-05-02 01:00:00,413.0,19.6,75,2.1,392,15.0,0.0,0.0,0.0,Spring,No Holiday,Yes
2018-05-02 02:00:00,245.0,19.0,80,1.6,346,15.4,0.0,0.0,0.0,Spring,No Holiday,Yes
2018-05-02 03:00:00,170.0,18.5,82,0.8,342,15.3,0.0,0.0,0.0,Spring,No Holiday,Yes
2018-05-02 04:00:00,93.0,18.4,81,0.4,300,15.0,0.0,0.0,0.0,Spring,No Holiday,Yes
2018-05-02 05:00:00,76.0,18.4,87,0.8,209,16.1,0.0,0.4,0.0,Spring,No Holiday,Yes
2018-05-02 06:00:00,67.0,17.9,93,0.9,202,16.7,0.0,0.1,0.0,Spring,No Holiday,Yes
2018-05-02 07:00:00,102.0,17.6,94,0.5,166,16.6,0.0,1.0,0.0,Spring,No Holiday,Yes
2018-05-02 08:00:00,555.0,17.5,94,0.9,203,16.5,0.06,0.0,0.0,Spring,No Holiday,Yes
2018-05-02 09:00:00,609.0,17.4,94,0.7,230,16.4,0.16,0.0,0.0,Spring,No Holiday,Yes
2018-05-02 10:00:00,486.0,17.7,88,1.1,322,15.6,0.36,0.0,0.0,Spring,No Holiday,Yes
2018-05-02 11:00:00,206.0,18.0,85,1.1,411,15.4,0.45,0.0,0.0,Spring,No Holiday,Yes
2018-05-02 12:00:00,63.0,17.3,95,0.7,155,16.4,0.16,3.5,0.0,Spring,No Holiday,Yes
2018-05-02 13:00:00,327.0,17.2,96,0.9,275,16.5,0.26,4.0,0.0,Spring,No Holiday,Yes
2018-05-02 14:00:00,376.0,17.5,94,0.3,436,16.5,0.35,0.0,0.0,Spring,No Holiday,Yes
2018-05-02 15:00:00,143.0,17.0,90,3.7,216,15.3,0.26,0.0,0.0,Spring,No Holiday,Yes
2018-05-02 16:00:00,400.0,15.4,95,4.7,378,14.5,0.11,0.5,0.0,Spring,No Holiday,Yes
2018-05-02 17:00:00,813.0,13.9,94,2.6,303,12.9,0.21,0.0,0.0,Spring,No Holiday,Yes
2018-05-02 18:00:00,518.0,13.6,89,2.3,638,11.8,0.09,0.0,0.0,Spring,No Holiday,Yes
2018-05-02 19:00:00,131.0,12.6,93,3.9,831,11.4,0.0,0.0,0.0,Spring,No Holiday,Yes
2018-05-02 20:00:00,123.0,11.1,91,4.0,716,9.6,0.0,0.5,0.0,Spring,No Holiday,Yes
2018-05-02 21:00:00,327.0,10.5,94,2.8,1627,9.5,0.0,1.0,0.0,Spring,No Holiday,Yes
2018-05-02 22:00:00,299.0,10.4,85,3.7,1671,7.9,0.0,0.0,0.0,Spring,No Holiday,Yes
2018-05-02 23:00:00,294.0,9.5,90,3.6,1017,7.9,0.0,1.0,0.0,Spring,No Holiday,Yes
2018-05-03 00:00:00,361.0,8.7,86,3.1,2000,6.4,0.0,0.0,0.0,Spring,No Holiday,Yes
2018-05-03 01:00:00,323.0,7.9,86,2.1,2000,5.6,0.0,0.0,0.0,Spring,No Holiday,Yes
2018-05-03 02:00:00,251.0,7.3,86,1.7,2000,5.1,0.0,0.0,0.0,Spring,No Holiday,Yes
2018-05-03 03:00:00,156.0,7.0,86,1.2,2000,4.8,0.0,0.0,0.0,Spring,No Holiday,Yes
2018-05-03 04:00:00,109.0,7.0,87,1.3,2000,4.9,0.0,0.0,0.0,Spring,No Holiday,Yes
2018-05-03 05:00:00,163.0,7.0,85,0.8,2000,4.6,0.0,0.0,0.0,Spring,No Holiday,Yes
2018-05-03 06:00:00,469.0,7.9,86,2.0,1070,5.6,0.01,0.0,0.0,Spring,No Holiday,Yes
2018-05-03 07:00:00,1160.0,8.4,83,1.4,1400,5.6,0.31,0.0,0.0,Spring,No Holiday,Yes
2018-05-03 08:00:00,1946.0,10.5,67,2.3,1221,4.6,0.98,0.0,0.0,Spring,No Holiday,Yes
2018-05-03 09:00:00,1061.0,12.8,52,3.9,1614,3.1,1.65,0.0,0.0,Spring,No Holiday,Yes
2018-05-03 10:00:00,762.0,13.8,47,4.8,1561,2.6,1.64,0.0,0.0,Spring,No Holiday,Yes
2018-05-03 11:00:00,794.0,14.7,45,3.0,1799,2.8,1.68,0.0,0.0,Spring,No Holiday,Yes
2018-05-03 12:00:00,871.0,14.1,59,3.9,1870,6.1,1.12,0.0,0.0,Spring,No Holiday,Yes
2018-05-03 13:00:00,516.0,13.4,56,3.7,1693,4.7,0.82,0.1,0.0,Spring,No Holiday,Yes
2018-05-03 14:00:00,367.0,12.7,75,3.8,1510,8.3,0.88,0.4,0.0,Spring,No Holiday,Yes
2018-05-03 15:00:00,590.0,12.2,56,4.8,2000,3.6,0.57,0.5,0.0,Spring,No Holiday,Yes
2018-05-03 16:00:00,911.0,12.8,53,3.3,2000,3.4,0.76,0.0,0.0,Spring,No Holiday,Yes
2018-05-03 17:00:00,1421.0,13.2,49,4.2,1999,2.7,0.69,0.0,0.0,Spring,No Holiday,Yes
2018-05-03 18:00:00,2310.0,13.4,49,2.4,1982,2.8,0.6,0.0,0.0,Spring,No Holiday,Yes
2018-05-03 19:00:00,1663.0,13.3,49,3.6,1919,2.7,0.45,0.0,0.0,Spring,No Holiday,Yes
2018-05-03 20:00:00,1401.0,12.6,47,3.2,1935,1.5,0.02,0.0,0.0,Spring,No Holiday,Yes
2018-05-03 21:00:00,1388.0,11.9,48,1.9,1918,1.2,0.0,0.0,0.0,Spring,No Holiday,Yes
2018-05-03 22:00:00,1202.0,11.2,60,2.3,1684,3.7,0.0,0.0,0.0,Spring,No Holiday,Yes
2018-05-03 23:00:00,832.0,10.6,62,2.1,1694,3.6,0.0,0.0,0.0,Spring,No Holiday,Yes
2018-05-04 00:00:00,624.0,10.0,63,2.1,1653,3.2,0.0,0.0,0.0,Spring,No Holiday,Yes
2018-05-04 01:00:00,480.0,9.7,63,2.1,1610,2.9,0.0,0.0,0.0,Spring,No Holiday,Yes
2018-05-04 02:00:00,352.0,9.6,65,1.5,1654,3.3,0.0,0.0,0.0,Spring,No Holiday,Yes
2018-05-04 03:00:00,224.0,9.6,66,0.9,1685,3.5,0.0,0.0,0.0,Spring,No Holiday,Yes
2018-05-04 04:00:00,138.0,9.5,66,1.1,1737,3.4,0.0,0.0,0.0,Spring,No Holiday,Yes
2018-05-04 05:00:00,186.0,9.2,63,0.8,1896,2.5,0.0,0.0,0.0,Spring,No Holiday,Yes
2018-05-04 06:00:00,521.0,9.0,57,1.7,1903,0.9,0.0,0.0,0.0,Spring,No Holiday,Yes
2018-05-04 07:00:00,1260.0,9.5,55,2.1,1912,0.8,0.32,0.0,0.0,Spring,No Holiday,Yes
2018-05-04 08:00:00,2041.0,11.3,46,1.2,1788,0.0,1.04,0.0,0.0,Spring,No Holiday,Yes
2018-05-04 09:00:00,1155.0,14.1,42,1.9,1893,1.3,1.78,0.0,0.0,Spring,No Holiday,Yes
2018-05-04 10:00:00,864.0,16.1,37,2.9,1629,1.3,2.4,0.0,0.0,Spring,No Holiday,Yes
2018-05-04 11:00:00,1021.0,17.2,35,3.6,1731,1.5,2.93,0.0,0.0,Spring,No Holiday,Yes
2018-05-04 12:00:00,1206.0,17.9,32,4.6,1874,0.9,3.28,0.0,0.0,Spring,No Holiday,Yes
2018-05-04 13:00:00,1222.0,18.9,30,3.8,1854,0.9,3.39,0.0,0.0,Spring,No Holiday,Yes
2018-05-04 14:00:00,1266.0,18.8,31,4.9,1940,1.2,3.31,0.0,0.0,Spring,No Holiday,Yes
2018-05-04 15:00:00,1323.0,19.9,26,3.8,1898,-0.1,3.0,0.0,0.0,Spring,No Holiday,Yes
2018-05-04 16:00:00,1501.0,18.6,30,5.1,1891,0.6,2.49,0.0,0.0,Spring,No Holiday,Yes
2018-05-04 17:00:00,1857.0,18.1,30,4.6,1925,0.2,1.86,0.0,0.0,Spring,No Holiday,Yes
2018-05-04 18:00:00,2661.0,17.1,35,3.4,1961,1.4,1.11,0.0,0.0,Spring,No Holiday,Yes
2018-05-04 19:00:00,1890.0,15.5,46,2.6,1782,3.9,0.34,0.0,0.0,Spring,No Holiday,Yes
2018-05-04 20:00:00,1389.0,14.1,46,3.4,1940,2.6,0.01,0.0,0.0,Spring,No Holiday,Yes
2018-05-04 21:00:00,1298.0,13.3,47,1.9,1805,2.2,0.0,0.0,0.0,Spring,No Holiday,Yes
2018-05-04 22:00:00,1256.0,12.7,55,2.0,1775,3.8,0.0,0.0,0.0,Spring,No Holiday,Yes
2018-05-04 23:00:00,935.0,12.4,58,2.5,1843,4.3,0.0,0.0,0.0,Spring,No Holiday,Yes
2018-05-05 00:00:00,796.0,12.2,59,1.2,1718,4.4,0.0,0.0,0.0,Spring,No Holiday,Yes
2018-05-05 01:00:00,716.0,12.1,54,1.3,1820,3.0,0.0,0.0,0.0,Spring,No Holiday,Yes
2018-05-05 02:00:00,508.0,12.1,53,1.1,1948,2.7,0.0,0.0,0.0,Spring,No Holiday,Yes
2018-05-05 03:00:00,392.0,11.6,53,1.1,1904,2.3,0.0,0.0,0.0,Spring,No Holiday,Yes
2018-05-05 04:00:00,252.0,12.1,51,1.6,1939,2.2,0.0,0.0,0.0,Spring,No Holiday,Yes
2018-05-05 05:00:00,190.0,12.2,52,2.3,1961,2.6,0.0,0.0,0.0,Spring,No Holiday,Yes
2018-05-05 06:00:00,247.0,12.3,55,2.1,1972,3.5,0.02,0.0,0.0,Spring,No Holiday,Yes
2018-05-05 07:00:00,352.0,12.9,55,2.3,1952,4.0,0.29,0.0,0.0,Spring,No Holiday,Yes
2018-05-05 08:00:00,579.0,14.4,51,2.3,1907,4.3,0.92,0.0,0.0,Spring,No Holiday,Yes
2018-05-05 09:00:00,759.0,16.1,50,2.6,1628,5.6,1.52,0.0,0.0,Spring,No Holiday,Yes
2018-05-05 10:00:00,877.0,18.1,46,2.9,1755,6.2,2.17,0.0,0.0,Spring,No Holiday,Yes
2018-05-05 11:00:00,1024.0,20.2,41,3.1,1789,6.5,2.56,0.0,0.0,Spring,No Holiday,Yes
2018-05-05 12:00:00,1258.0,21.9,35,3.4,1586,5.7,2.74,0.0,0.0,Spring,No Holiday,Yes
2018-05-05 13:00:00,1408.0,22.7,35,3.4,1794,6.4,2.51,0.0,0.0,Spring,No Holiday,Yes
2018-05-05 14:00:00,1669.0,23.6,34,3.3,1829,6.8,2.57,0.0,0.0,Spring,No Holiday,Yes
2018-05-05 15:00:00,1837.0,23.8,29,4.7,1876,4.6,2.72,0.0,0.0,Spring,No Holiday,Yes
2018-05-05 16:00:00,1223.0,23.2,30,4.5,1787,4.6,1.49,0.0,0.0,Spring,No Holiday,Yes
2018-05-05 17:00:00,2014.0,23.6,29,3.9,1948,4.5,1.68,0.0,0.0,Spring,No Holiday,Yes
2018-05-05 18:00:00,1929.0,22.5,31,3.4,1953,4.5,0.79,0.0,0.0,Spring,No Holiday,Yes
2018-05-05 19:00:00,1753.0,20.7,47,3.5,1952,8.9,0.28,0.0,0.0,Spring,No Holiday,Yes
2018-05-05 20:00:00,1562.0,19.7,53,2.0,1841,9.8,0.0,0.0,0.0,Spring,No Holiday,Yes
2018-05-05 21:00:00,1551.0,19.3,57,3.1,1924,10.5,0.0,0.0,0.0,Spring,No Holiday,Yes
2018-05-05 22:00:00,1360.0,19.1,61,2.7,1830,11.3,0.0,0.0,0.0,Spring,No Holiday,Yes
2018-05-05 23:00:00,1097.0,19.1,62,3.6,1757,11.6,0.0,0.0,0.0,Spring,No Holiday,Yes
2018-05-06 00:00:00,733.0,18.7,64,3.3,1654,11.7,0.0,0.0,0.0,Spring,No Holiday,Yes
2018-05-06 01:00:00,181.0,18.2,71,1.6,1328,12.8,0.0,0.0,0.0,Spring,No Holiday,Yes
2018-05-06 02:00:00,74.0,17.3,82,2.1,768,14.1,0.0,0.5,0.0,Spring,No Holiday,Yes
2018-05-06 03:00:00,43.0,16.2,94,1.7,400,15.2,0.0,1.5,0.0,Spring,No Holiday,Yes
2018-05-06 04:00:00,16.0,15.8,93,0.4,268,14.6,0.0,1.5,0.0,Spring,No Holiday,Yes
2018-05-06 05:00:00,11.0,15.4,96,0.3,208,14.7,0.0,2.0,0.0,Spring,No Holiday,Yes
2018-05-06 06:00:00,7.0,15.1,97,0.3,225,14.6,0.0,3.0,0.0,Spring,No Holiday,Yes
2018-05-06 07:00:00,16.0,15.1,97,0.5,311,14.6,0.03,2.5,0.0,Spring,No Holiday,Yes
2018-05-06 08:00:00,16.0,15.2,97,1.0,414,14.7,0.08,2.0,0.0,Spring,No Holiday,Yes
2018-05-06 09:00:00,12.0,15.4,97,0.8,413,14.9,0.18,1.0,0.0,Spring,No Holiday,Yes
2018-05-06 10:00:00,13.0,15.4,97,0.6,374,14.9,0.38,1.5,0.0,Spring,No Holiday,Yes
2018-05-06 11:00:00,10.0,15.5,97,0.8,459,15.0,0.4,3.5,0.0,Spring,No Holiday,Yes
2018-05-06 12:00:00,71.0,15.7,96,1.1,568,15.0,0.5,3.0,0.0,Spring,No Holiday,Yes
2018-05-06 13:00:00,211.0,16.4,94,0.9,1947,15.4,0.78,0.0,0.0,Spring,No Holiday,Yes
2018-05-06 14:00:00,384.0,17.2,85,1.3,2000,14.6,0.94,0.0,0.0,Spring,No Holiday,Yes
2018-05-06 15:00:00,770.0,17.8,77,1.6,2000,13.7,1.13,0.0,0.0,Spring,No Holiday,Yes
2018-05-06 16:00:00,1482.0,19.5,66,1.7,2000,12.9,1.71,0.0,0.0,Spring,No Holiday,Yes
2018-05-06 17:00:00,1737.0,20.2,62,1.1,2000,12.6,1.74,0.0,0.0,Spring,No Holiday,Yes
2018-05-06 18:00:00,1848.0,20.2,66,1.0,2000,13.6,1.1,0.0,0.0,Spring,No Holiday,Yes
2018-05-06 19:00:00,1639.0,19.0,70,0.7,2000,13.3,0.33,0.0,0.0,Spring,No Holiday,Yes
2018-05-06 20:00:00,1526.0,17.6,77,1.2,2000,13.5,0.01,0.0,0.0,Spring,No Holiday,Yes
2018-05-06 21:00:00,1450.0,16.8,79,0.6,2000,13.1,0.0,0.0,0.0,Spring,No Holiday,Yes
2018-05-06 22:00:00,1290.0,16.4,80,1.2,2000,12.9,0.0,0.0,0.0,Spring,No Holiday,Yes
2018-05-06 23:00:00,1016.0,15.9,83,0.6,2000,13.0,0.0,0.0,0.0,Spring,No Holiday,Yes
2018-05-07 00:00:00,778.0,15.5,85,0.9,2000,12.9,0.0,0.0,0.0,Spring,No Holiday,Yes
2018-05-07 01:00:00,609.0,15.1,84,0.3,1858,12.4,0.0,0.0,0.0,Spring,No Holiday,Yes
2018-05-07 02:00:00,404.0,14.8,85,0.4,1831,12.2,0.0,0.0,0.0,Spring,No Holiday,Yes
2018-05-07 03:00:00,249.0,14.7,82,0.8,1822,11.6,0.0,0.0,0.0,Spring,No Holiday,Yes
2018-05-07 04:00:00,185.0,14.4,85,0.8,1437,11.9,0.0,0.0,0.0,Spring,No Holiday,Yes
2018-05-07 05:00:00,170.0,14.2,85,0.5,1412,11.7,0.0,0.0,0.0,Spring,No Holiday,Yes
2018-05-07 06:00:00,221.0,14.0,87,0.8,1334,11.8,0.01,0.0,0.0,Spring,No Holiday,Yes
2018-05-07 07:00:00,389.0,14.2,81,0.3,1991,10.9,0.13,0.0,0.0,Spring,No Holiday,Yes
2018-05-07 08:00:00,600.0,14.8,80,0.3,1921,11.3,0.31,0.0,0.0,Spring,No Holiday,Yes
2018-05-07 09:00:00,737.0,15.9,72,0.5,1835,10.8,0.67,0.0,0.0,Spring,No Holiday,Yes
2018-05-07 10:00:00,895.0,17.5,63,0.6,1916,10.3,0.96,0.0,0.0,Spring,No Holiday,Yes
2018-05-07 11:00:00,1167.0,20.2,45,1.1,1894,7.8,2.33,0.0,0.0,Spring,No Holiday,Yes
2018-05-07 12:00:00,1414.0,22.9,35,0.8,1948,6.6,3.05,0.0,0.0,Spring,No Holiday,Yes
2018-05-07 13:00:00,1665.0,23.7,44,1.7,1897,10.7,2.35,0.0,0.0,Spring,No Holiday,Yes
2018-05-07 14:00:00,1970.0,24.1,42,1.2,1770,10.3,1.93,0.0,0.0,Spring,No Holiday,Yes
2018-05-07 15:00:00,2191.0,24.6,38,2.1,1478,9.3,1.85,0.0,0.0,Spring,No Holiday,Yes
2018-05-07 16:00:00,2213.0,24.5,38,2.2,1903,9.2,1.1,0.0,0.0,Spring,No Holiday,Yes
2018-05-07 17:00:00,2392.0,25.5,31,2.3,1974,7.1,1.5,0.0,0.0,Spring,No Holiday,Yes
2018-05-07 18:00:00,2268.0,25.1,32,2.4,1899,7.2,1.1,0.0,0.0,Spring,No Holiday,Yes
2018-05-07 19:00:00,1664.0,23.5,48,1.5,1929,11.8,0.4,0.0,0.0,Spring,No Holiday,Yes
2018-05-07 20:00:00,1912.0,20.9,61,2.7,1523,13.0,0.01,0.0,0.0,Spring,No Holiday,Yes
2018-05-07 21:00:00,1717.0,19.6,64,1.5,1297,12.5,0.0,0.0,0.0,Spring,No Holiday,Yes
2018-05-07 22:00:00,1336.0,18.6,69,1.7,1047,12.7,0.0,0.0,0.0,Spring,No Holiday,Yes
2018-05-07 23:00:00,994.0,17.5,69,1.5,978,11.7,0.0,0.0,0.0,Spring,No Holiday,Yes
2018-05-08 00:00:00,712.0,16.4,72,0.8,1046,11.3,0.0,0.0,0.0,Spring,No Holiday,Yes
2018-05-08 01:00:00,430.0,16.0,64,1.0,1600,9.1,0.0,0.0,0.0,Spring,No Holiday,Yes
2018-05-08 02:00:00,287.0,15.5,65,1.3,1953,8.9,0.0,0.0,0.0,Spring,No Holiday,Yes
2018-05-08 03:00:00,194.0,15.6,63,1.7,2000,8.5,0.0,0.0,0.0,Spring,No Holiday,Yes
2018-05-08 04:00:00,155.0,15.4,63,1.6,2000,8.3,0.0,0.0,0.0,Spring,No Holiday,Yes
2018-05-08 05:00:00,200.0,15.0,64,1.6,2000,8.2,0.0,0.0,0.0,Spring,No Holiday,Yes
2018-05-08 06:00:00,555.0,14.8,64,1.5,2000,8.0,0.02,0.0,0.0,Spring,No Holiday,Yes
2018-05-08 07:00:00,1280.0,15.3,60,2.0,2000,7.5,0.35,0.0,0.0,Spring,No Holiday,Yes
2018-05-08 08:00:00,1976.0,16.9,54,1.7,2000,7.5,1.08,0.0,0.0,Spring,No Holiday,Yes
2018-05-08 09:00:00,1128.0,18.5,51,1.4,1955,8.1,1.74,0.0,0.0,Spring,No Holiday,Yes
2018-05-08 10:00:00,792.0,20.0,48,1.9,2000,8.6,2.46,0.0,0.0,Spring,No Holiday,Yes
2018-05-08 11:00:00,956.0,21.0,45,1.6,2000,8.6,2.89,0.0,0.0,Spring,No Holiday,Yes
2018-05-08 12:00:00,1135.0,21.5,44,2.1,1986,8.7,3.15,0.0,0.0,Spring,No Holiday,Yes
2018-05-08 13:00:00,1117.0,21.7,44,2.1,2000,8.9,2.46,0.0,0.0,Spring,No Holiday,Yes
2018-05-08 14:00:00,1096.0,22.2,42,1.7,2000,8.6,2.29,0.0,0.0,Spring,No Holiday,Yes
2018-05-08 15:00:00,1267.0,22.4,39,1.9,2000,7.7,2.16,0.0,0.0,Spring,No Holiday,Yes
2018-05-08 16:00:00,1457.0,22.0,41,1.7,2000,8.1,2.04,0.0,0.0,Spring,No Holiday,Yes
2018-05-08 17:00:00,2020.0,21.7,38,2.0,2000,6.7,1.17,0.0,0.0,Spring,No Holiday,Yes
2018-05-08 18:00:00,2142.0,20.7,40,1.4,2000,6.6,1.06,0.0,0.0,Spring,No Holiday,Yes
2018-05-08 19:00:00,2241.0,17.9,42,2.1,2000,4.7,0.37,0.0,0.0,Spring,No Holiday,Yes
2018-05-08 20:00:00,1726.0,15.8,47,1.8,2000,4.4,0.01,0.0,0.0,Spring,No Holiday,Yes
2018-05-08 21:00:00,1513.0,14.5,49,1.9,2000,3.8,0.0,0.0,0.0,Spring,No Holiday,Yes
2018-05-08 22:00:00,1283.0,13.2,54,2.2,2000,4.0,0.0,0.0,0.0,Spring,No Holiday,Yes
2018-05-08 23:00:00,767.0,12.2,57,1.9,2000,3.9,0.0,0.0,0.0,Spring,No Holiday,Yes
2018-05-09 00:00:00,552.0,11.6,57,1.9,2000,3.3,0.0,0.0,0.0,Spring,No Holiday,Yes
2018-05-09 01:00:00,34.0,11.3,58,1.3,2000,3.3,0.0,0.0,0.0,Spring,No Holiday,Yes
2018-05-09 02:00:00,245.0,10.9,59,1.1,2000,3.1,0.0,0.0,0.0,Spring,No Holiday,Yes
2018-05-09 03:00:00,187.0,10.5,59,1.0,2000,2.8,0.0,0.0,0.0,Spring,No Holiday,Yes
2018-05-09 04:00:00,114.0,10.0,64,1.5,2000,3.4,0.0,0.0,0.0,Spring,No Holiday,Yes
2018-05-09 05:00:00,203.0,9.5,65,0.9,2000,3.2,0.0,0.0,0.0,Spring,No Holiday,Yes
2018-05-09 06:00:00,556.0,9.2,64,1.0,2000,2.7,0.02,0.0,0.0,Spring,No Holiday,Yes
2018-05-09 07:00:00,1333.0,10.0,59,1.1,2000,2.3,0.36,0.0,0.0,Spring,No Holiday,Yes
2018-05-09 08:00:00,2068.0,12.3,53,1.6,2000,2.9,1.09,0.0,0.0,Spring,No Holiday,Yes
2018-05-09 09:00:00,928.0,14.4,46,1.2,1899,2.9,1.77,0.0,0.0,Spring,No Holiday,Yes
2018-05-09 10:00:00,954.0,16.1,43,1.4,1985,3.5,2.41,0.0,0.0,Spring,No Holiday,Yes
2018-05-09 11:00:00,1015.0,17.6,40,1.4,1955,3.8,2.88,0.0,0.0,Spring,No Holiday,Yes
2018-05-09 12:00:00,1242.0,18.7,39,1.9,1925,4.4,3.21,0.0,0.0,Spring,No Holiday,Yes
2018-05-09 13:00:00,1188.0,20.1,36,1.1,1933,4.5,3.34,0.0,0.0,Spring,No Holiday,Yes
2018-05-09 14:00:00,1186.0,20.7,36,2.2,1788,5.0,3.1,0.0,0.0,Spring,No Holiday,Yes
2018-05-09 15:00:00,1324.0,21.2,35,2.9,1733,5.1,2.88,0.0,0.0,Spring,No Holiday,Yes
2018-05-09 16:00:00,1603.0,21.4,35,2.7,1838,5.2,2.38,0.0,0.0,Spring,No Holiday,Yes
2018-05-09 17:00:00,2034.0,21.3,34,2.7,1967,4.7,1.82,0.0,0.0,Spring,No Holiday,Yes
2018-05-09 18:00:00,3130.0,20.6,41,2.3,2000,6.8,1.1,0.0,0.0,Spring,No Holiday,Yes
2018-05-09 19:00:00,2405.0,18.8,47,2.8,1988,7.2,0.4,0.0,0.0,Spring,No Holiday,Yes
2018-05-09 20:00:00,1979.0,17.3,53,1.9,2000,7.6,0.01,0.0,0.0,Spring,No Holiday,Yes
2018-05-09 21:00:00,1940.0,16.4,56,0.8,2000,7.5,0.0,0.0,0.0,Spring,No Holiday,Yes
2018-05-09 22:00:00,1602.0,15.9,60,2.6,2000,8.1,0.0,0.0,0.0,Spring,No Holiday,Yes
2018-05-09 23:00:00,1073.0,15.2,62,1.4,2000,7.9,0.0,0.0,0.0,Spring,No Holiday,Yes
2018-05-10 00:00:00,552.0,14.5,63,0.9,2000,7.5,0.0,0.0,0.0,Spring,No Holiday,No
2018-05-10 01:00:00,34.0,13.9,66,1.0,1960,7.6,0.0,0.0,0.0,Spring,No Holiday,No
2018-05-10 02:00:00,245.0,13.1,73,1.9,1895,8.3,0.0,0.0,0.0,Spring,No Holiday,No
2018-05-10 03:00:00,187.0,12.9,74,1.7,1698,8.3,0.0,0.0,0.0,Spring,No Holiday,No
2018-05-10 04:00:00,114.0,12.0,79,0.6,1351,8.4,0.0,0.0,0.0,Spring,No Holiday,No
2018-05-10 05:00:00,203.0,11.5,80,0.9,974,8.1,0.0,0.0,0.0,Spring,No Holiday,No
2018-05-10 06:00:00,556.0,11.4,80,1.0,885,8.0,0.02,0.0,0.0,Spring,No Holiday,No
2018-05-10 07:00:00,1333.0,12.1,71,1.6,876,6.9,0.34,0.0,0.0,Spring,No Holiday,No
2018-05-10 08:00:00,2068.0,13.5,63,2.2,1211,6.5,1.01,0.0,0.0,Spring,No Holiday,No
2018-05-10 09:00:00,928.0,15.5,55,1.7,1318,6.4,1.76,0.0,0.0,Spring,No Holiday,No
2018-05-10 10:00:00,954.0,17.3,52,2.3,1235,7.3,2.38,0.0,0.0,Spring,No Holiday,No
2018-05-10 11:00:00,1015.0,18.3,51,3.1,1015,7.9,2.84,0.0,0.0,Spring,No Holiday,No
2018-05-10 12:00:00,1242.0,19.8,49,2.3,1320,8.7,3.17,0.0,0.0,Spring,No Holiday,No
2018-05-10 13:00:00,1188.0,20.7,46,2.9,1078,8.6,3.26,0.0,0.0,Spring,No Holiday,No
2018-05-10 14:00:00,1186.0,21.2,47,3.7,1142,9.4,3.22,0.0,0.0,Spring,No Holiday,No
2018-05-10 15:00:00,1324.0,20.4,51,4.0,946,9.9,2.87,0.0,0.0,Spring,No Holiday,No
2018-05-10 16:00:00,1603.0,19.6,54,3.9,1154,10.0,2.41,0.0,0.0,Spring,No Holiday,No
2018-05-10 17:00:00,2034.0,19.2,54,3.4,1075,9.6,1.83,0.0,0.0,Spring,No Holiday,No
2018-05-10 18:00:00,3130.0,18.0,61,3.5,790,10.3,1.05,0.0,0.0,Spring,No Holiday,No
2018-05-10 19:00:00,2405.0,15.5,74,3.6,675,10.8,0.35,0.0,0.0,Spring,No Holiday,No
2018-05-10 20:00:00,1979.0,13.6,82,2.1,520,10.5,0.02,0.0,0.0,Spring,No Holiday,No
2018-05-10 21:00:00,1940.0,12.6,85,2.4,460,10.1,0.0,0.0,0.0,Spring,No Holiday,No
2018-05-10 22:00:00,1602.0,12.3,85,2.3,452,9.8,0.0,0.0,0.0,Spring,No Holiday,No
2018-05-10 23:00:00,1073.0,12.4,85,1.1,369,9.9,0.0,0.0,0.0,Spring,No Holiday,No
2018-05-11 00:00:00,724.0,12.5,84,1.5,334,9.8,0.0,0.0,0.0,Spring,No Holiday,Yes
2018-05-11 01:00:00,565.0,12.4,84,1.8,287,9.7,0.0,0.0,0.0,Spring,No Holiday,Yes
2018-05-11 02:00:00,378.0,12.1,85,1.4,321,9.6,0.0,0.0,0.0,Spring,No Holiday,Yes
2018-05-11 03:00:00,252.0,12.0,86,0.9,297,9.7,0.0,0.0,0.0,Spring,No Holiday,Yes
2018-05-11 04:00:00,154.0,11.9,85,0.7,315,9.4,0.0,0.0,0.0,Spring,No Holiday,Yes
2018-05-11 05:00:00,223.0,11.9,84,1.5,358,9.2,0.0,0.0,0.0,Spring,No Holiday,Yes
2018-05-11 06:00:00,486.0,12.0,83,0.4,321,9.1,0.01,0.0,0.0,Spring,No Holiday,Yes
2018-05-11 07:00:00,1156.0,12.4,82,1.0,314,9.4,0.1,0.0,0.0,Spring,No Holiday,Yes
2018-05-11 08:00:00,1881.0,13.1,78,1.2,330,9.3,0.41,0.0,0.0,Spring,No Holiday,Yes
2018-05-11 09:00:00,850.0,14.3,72,0.7,342,9.3,0.84,0.0,0.0,Spring,No Holiday,Yes
2018-05-11 10:00:00,816.0,16.4,64,2.4,423,9.5,2.05,0.0,0.0,Spring,No Holiday,Yes
2018-05-11 11:00:00,972.0,18.3,56,1.4,519,9.3,2.53,0.0,0.0,Spring,No Holiday,Yes
2018-05-11 12:00:00,1161.0,20.0,47,1.4,685,8.3,3.08,0.0,0.0,Spring,No Holiday,Yes
2018-05-11 13:00:00,1177.0,20.8,45,2.8,688,8.4,3.17,0.0,0.0,Spring,No Holiday,Yes
2018-05-11 14:00:00,1174.0,21.0,47,2.2,606,9.2,2.52,0.0,0.0,Spring,No Holiday,Yes
2018-05-11 15:00:00,1295.0,19.9,47,3.3,484,8.2,1.83,0.0,0.0,Spring,No Holiday,Yes
2018-05-11 16:00:00,1496.0,19.1,54,3.2,542,9.5,0.94,0.0,0.0,Spring,No Holiday,Yes
2018-05-11 17:00:00,1863.0,18.9,45,2.6,1084,6.6,0.8,0.0,0.0,Spring,No Holiday,Yes
2018-05-11 18:00:00,2701.0,17.9,37,3.1,1819,2.9,0.36,0.0,0.0,Spring,No Holiday,Yes
2018-05-11 19:00:00,1999.0,17.1,51,2.5,1223,6.8,0.06,0.0,0.0,Spring,No Holiday,Yes
2018-05-11 20:00:00,941.0,16.7,52,0.9,1328,6.7,0.0,0.0,0.0,Spring,No Holiday,Yes
2018-05-11 21:00:00,1644.0,16.4,52,1.5,1273,6.5,0.0,0.0,0.0,Spring,No Holiday,Yes
2018-05-11 22:00:00,1556.0,16.2,54,1.1,1327,6.8,0.0,0.0,0.0,Spring,No Holiday,Yes
2018-05-11 23:00:00,1185.0,16.2,50,1.6,1327,5.7,0.0,0.0,0.0,Spring,No Holiday,Yes
2018-05-12 00:00:00,862.0,16.1,54,1.3,1052,6.7,0.0,0.0,0.0,Spring,No Holiday,Yes
2018-05-12 01:00:00,669.0,15.9,51,1.8,866,5.7,0.0,0.0,0.0,Spring,No Holiday,Yes
2018-05-12 02:00:00,416.0,15.5,62,1.0,730,8.2,0.0,0.0,0.0,Spring,No Holiday,Yes
2018-05-12 03:00:00,358.0,15.2,63,0.5,700,8.1,0.0,0.0,0.0,Spring,No Holiday,Yes
2018-05-12 04:00:00,207.0,15.0,61,0.8,867,7.5,0.0,0.0,0.0,Spring,No Holiday,Yes
2018-05-12 05:00:00,70.0,15.0,61,1.2,903,7.5,0.0,0.0,0.0,Spring,No Holiday,Yes
2018-05-12 06:00:00,37.0,14.4,71,1.3,560,9.2,0.0,0.4,0.0,Spring,No Holiday,Yes
2018-05-12 07:00:00,43.0,13.3,81,1.5,525,10.1,0.04,0.1,0.0,Spring,No Holiday,Yes
2018-05-12 08:00:00,20.0,12.0,87,1.0,296,9.8,0.1,1.0,0.0,Spring,No Holiday,Yes
2018-05-12 09:00:00,16.0,11.8,95,1.0,168,11.0,0.14,3.0,0.0,Spring,No Holiday,Yes
2018-05-12 10:00:00,6.0,11.8,96,1.3,221,11.1,0.12,2.5,0.0,Spring,No Holiday,Yes
2018-05-12 11:00:00,18.0,12.0,96,1.0,184,11.3,0.14,3.5,0.0,Spring,No Holiday,Yes
2018-05-12 12:00:00,11.0,12.3,97,0.8,238,11.8,0.14,2.0,0.0,Spring,No Holiday,Yes
2018-05-12 13:00:00,19.0,12.6,97,0.6,327,12.1,0.14,3.0,0.0,Spring,No Holiday,Yes
2018-05-12 14:00:00,22.0,13.0,97,0.8,211,12.5,0.15,2.0,0.0,Spring,No Holiday,Yes
2018-05-12 15:00:00,17.0,13.3,97,0.8,194,12.8,0.12,3.0,0.0,Spring,No Holiday,Yes
2018-05-12 16:00:00,34.0,13.8,97,0.7,196,13.3,0.12,1.5,0.0,Spring,No Holiday,Yes
2018-05-12 17:00:00,24.0,14.3,98,0.7,270,13.9,0.08,1.5,0.0,Spring,No Holiday,Yes
2018-05-12 18:00:00,22.0,15.4,97,1.9,340,14.9,0.03,2.0,0.0,Spring,No Holiday,Yes
2018-05-12 19:00:00,29.0,15.5,97,0.7,403,15.0,0.0,2.0,0.0,Spring,No Holiday,Yes
2018-05-12 20:00:00,29.0,15.7,97,0.3,343,15.2,0.0,1.0,0.0,Spring,No Holiday,Yes
2018-05-12 21:00:00,25.0,15.8,97,0.6,193,15.3,0.0,0.5,0.0,Spring,No Holiday,Yes
2018-05-12 22:00:00,30.0,15.8,98,0.4,179,15.4,0.0,1.5,0.0,Spring,No Holiday,Yes
2018-05-12 23:00:00,50.0,15.8,98,1.6,235,15.4,0.0,1.0,0.0,Spring,No Holiday,Yes
2018-05-13 00:00:00,145.0,15.5,97,1.5,181,15.0,0.0,0.5,0.0,Spring,No Holiday,Yes
2018-05-13 01:00:00,178.0,15.1,97,1.7,173,14.6,0.0,0.2,0.0,Spring,No Holiday,Yes
2018-05-13 02:00:00,189.0,14.5,97,2.9,359,14.0,0.0,0.1,0.0,Spring,No Holiday,Yes
2018-05-13 03:00:00,141.0,14.2,98,1.5,135,13.8,0.0,0.2,0.0,Spring,No Holiday,Yes
2018-05-13 04:00:00,83.0,13.8,98,2.9,27,13.4,0.0,0.0,0.0,Spring,No Holiday,Yes
2018-05-13 05:00:00,72.0,13.5,98,0.8,105,13.1,0.0,0.0,0.0,Spring,No Holiday,Yes
2018-05-13 06:00:00,139.0,13.5,98,0.4,251,13.1,0.01,0.0,0.0,Spring,No Holiday,Yes
2018-05-13 07:00:00,220.0,13.7,98,1.6,468,13.3,0.1,0.0,0.0,Spring,No Holiday,Yes
2018-05-13 08:00:00,397.0,14.1,98,1.3,834,13.7,0.26,0.0,0.0,Spring,No Holiday,Yes
2018-05-13 09:00:00,579.0,14.8,95,1.0,986,14.0,0.53,0.0,0.0,Spring,No Holiday,Yes
2018-05-13 10:00:00,716.0,15.2,88,2.2,1090,13.2,0.55,0.0,0.0,Spring,No Holiday,Yes
2018-05-13 11:00:00,993.0,16.4,78,1.6,1209,12.5,1.37,0.0,0.0,Spring,No Holiday,Yes
2018-05-13 12:00:00,1434.0,18.3,65,1.2,1489,11.5,2.4,0.0,0.0,Spring,No Holiday,Yes
2018-05-13 13:00:00,1839.0,19.1,65,1.9,1145,12.3,2.26,0.0,0.0,Spring,No Holiday,Yes
2018-05-13 14:00:00,2055.0,19.7,64,2.9,929,12.6,1.99,0.0,0.0,Spring,No Holiday,Yes
2018-05-13 15:00:00,2329.0,19.7,63,2.5,941,12.4,2.01,0.0,0.0,Spring,No Holiday,Yes
2018-05-13 16:00:00,2379.0,19.5,65,2.9,857,12.7,1.97,0.0,0.0,Spring,No Holiday,Yes
2018-05-13 17:00:00,2410.0,19.4,63,2.6,1099,12.1,1.61,0.0,0.0,Spring,No Holiday,Yes
2018-05-13 18:00:00,2338.0,19.0,66,1.3,1111,12.4,0.95,0.0,0.0,Spring,No Holiday,Yes
2018-05-13 19:00:00,2023.0,17.6,73,2.0,886,12.6,0.34,0.0,0.0,Spring,No Holiday,Yes
2018-05-13 20:00:00,1714.0,15.6,81,2.3,827,12.3,0.02,0.0,0.0,Spring,No Holiday,Yes
2018-05-13 21:00:00,1571.0,14.1,86,0.9,535,11.7,0.0,0.0,0.0,Spring,No Holiday,Yes
2018-05-13 22:00:00,1155.0,13.5,87,2.2,433,11.3,0.0,0.0,0.0,Spring,No Holiday,Yes
2018-05-13 23:00:00,814.0,13.0,89,1.3,326,11.2,0.0,0.0,0.0,Spring,No Holiday,Yes
2018-05-14 00:00:00,581.0,12.7,89,1.2,340,10.9,0.0,0.0,0.0,Spring,No Holiday,Yes
2018-05-14 01:00:00,377.0,12.4,94,1.3,307,11.4,0.0,0.0,0.0,Spring,No Holiday,Yes
2018-05-14 02:00:00,241.0,12.1,94,1.6,191,11.1,0.0,0.0,0.0,Spring,No Holiday,Yes
2018-05-14 03:00:00,167.0,11.9,95,1.5,180,11.1,0.0,0.0,0.0,Spring,No Holiday,Yes
2018-05-14 04:00:00,121.0,11.9,94,1.3,210,10.9,0.0,0.0,0.0,Spring,No Holiday,Yes
2018-05-14 05:00:00,199.0,11.9,93,0.8,241,10.7,0.0,0.0,0.0,Spring,No Holiday,Yes
2018-05-14 06:00:00,552.0,12.1,89,0.3,252,10.3,0.02,0.0,0.0,Spring,No Holiday,Yes
2018-05-14 07:00:00,1251.0,12.6,85,0.4,292,10.1,0.23,0.0,0.0,Spring,No Holiday,Yes
2018-05-14 08:00:00,1997.0,13.8,79,0.9,313,10.2,0.44,0.0,0.0,Spring,No Holiday,Yes
2018-05-14 09:00:00,1106.0,15.1,74,0.6,437,10.4,0.76,0.0,0.0,Spring,No Holiday,Yes
2018-05-14 10:00:00,779.0,16.6,67,0.9,479,10.4,1.23,0.0,0.0,Spring,No Holiday,Yes
2018-05-14 11:00:00,946.0,18.5,65,1.4,463,11.7,2.07,0.0,0.0,Spring,No Holiday,Yes
2018-05-14 12:00:00,1095.0,20.0,62,1.8,428,12.4,2.38,0.0,0.0,Spring,No Holiday,Yes
2018-05-14 13:00:00,1051.0,21.8,59,1.9,404,13.4,2.74,0.0,0.0,Spring,No Holiday,Yes
2018-05-14 14:00:00,1124.0,23.1,56,1.6,391,13.8,2.67,0.0,0.0,Spring,No Holiday,Yes
2018-05-14 15:00:00,1171.0,24.0,59,1.6,353,15.4,2.24,0.0,0.0,Spring,No Holiday,Yes
2018-05-14 16:00:00,1433.0,24.3,54,2.6,346,14.3,1.81,0.0,0.0,Spring,No Holiday,Yes
2018-05-14 17:00:00,1891.0,24.4,51,1.9,466,13.5,1.42,0.0,0.0,Spring,No Holiday,Yes
2018-05-14 18:00:00,2906.0,23.6,48,3.1,666,11.9,0.85,0.0,0.0,Spring,No Holiday,Yes
2018-05-14 19:00:00,2236.0,22.7,56,1.8,598,13.4,0.31,0.0,0.0,Spring,No Holiday,Yes
2018-05-14 20:00:00,1965.0,21.4,64,2.1,411,14.3,0.02,0.0,0.0,Spring,No Holiday,Yes
2018-05-14 21:00:00,1885.0,20.5,67,1.4,357,14.1,0.0,0.0,0.0,Spring,No Holiday,Yes
2018-05-14 22:00:00,1648.0,19.6,71,0.6,325,14.1,0.0,0.0,0.0,Spring,No Holiday,Yes
2018-05-14 23:00:00,1071.0,18.8,73,0.8,291,13.8,0.0,0.0,0.0,Spring,No Holiday,Yes
2018-05-15 00:00:00,764.0,18.1,77,0.5,287,13.9,0.0,0.0,0.0,Spring,No Holiday,Yes
2018-05-15 01:00:00,563.0,17.5,78,0.6,277,13.6,0.0,0.0,0.0,Spring,No Holiday,Yes
2018-05-15 02:00:00,372.0,17.1,74,0.4,350,12.4,0.0,0.0,0.0,Spring,No Holiday,Yes
2018-05-15 03:00:00,241.0,16.6,74,0.4,402,11.9,0.0,0.0,0.0,Spring,No Holiday,Yes
2018-05-15 04:00:00,170.0,16.1,74,0.8,440,11.4,0.0,0.0,0.0,Spring,No Holiday,Yes
2018-05-15 05:00:00,182.0,15.7,76,0.6,330,11.4,0.0,0.0,0.0,Spring,No Holiday,Yes
2018-05-15 06:00:00,562.0,15.4,84,0.8,235,12.7,0.03,0.0,0.0,Spring,No Holiday,Yes
2018-05-15 07:00:00,1239.0,16.2,79,1.2,239,12.5,0.36,0.0,0.0,Spring,No Holiday,Yes
2018-05-15 08:00:00,2059.0,18.4,68,1.1,254,12.3,0.88,0.0,0.0,Spring,No Holiday,Yes
2018-05-15 09:00:00,1148.0,20.8,53,0.8,381,10.8,1.58,0.0,0.0,Spring,No Holiday,Yes
2018-05-15 10:00:00,832.0,22.7,37,0.9,879,7.2,2.18,0.0,0.0,Spring,No Holiday,Yes
2018-05-15 11:00:00,944.0,24.8,36,1.8,973,8.7,2.7,0.0,0.0,Spring,No Holiday,Yes
2018-05-15 12:00:00,1058.0,26.3,36,1.1,1133,10.0,2.88,0.0,0.0,Spring,No Holiday,Yes
2018-05-15 13:00:00,1080.0,27.8,34,1.5,1306,10.4,3.14,0.0,0.0,Spring,No Holiday,Yes
2018-05-15 14:00:00,1092.0,28.5,33,0.9,1348,10.6,2.51,0.0,0.0,Spring,No Holiday,Yes
2018-05-15 15:00:00,1210.0,29.1,38,1.7,1602,13.3,1.89,0.0,0.0,Spring,No Holiday,Yes
2018-05-15 16:00:00,1458.0,28.8,37,2.4,1629,12.6,1.44,0.0,0.0,Spring,No Holiday,Yes
2018-05-15 17:00:00,1951.0,28.5,43,1.7,1404,14.6,1.06,0.0,0.0,Spring,No Holiday,Yes
2018-05-15 18:00:00,2915.0,27.5,47,2.5,1113,15.1,0.43,0.0,0.0,Spring,No Holiday,Yes
2018-05-15 19:00:00,2248.0,26.9,49,0.9,1063,15.2,0.1,0.0,0.0,Spring,No Holiday,Yes
2018-05-15 20:00:00,1958.0,26.3,53,1.0,908,15.9,0.0,0.0,0.0,Spring,No Holiday,Yes
2018-05-15 21:00:00,1944.0,25.6,56,0.7,884,16.1,0.0,0.0,0.0,Spring,No Holiday,Yes
2018-05-15 22:00:00,1640.0,25.0,59,0.6,742,16.4,0.0,0.0,0.0,Spring,No Holiday,Yes
2018-05-15 23:00:00,848.0,24.8,60,1.0,795,16.5,0.0,0.0,0.0,Spring,No Holiday,Yes
2018-05-16 00:00:00,662.0,24.4,63,0.8,745,16.8,0.0,0.0,0.0,Spring,No Holiday,Yes
2018-05-16 01:00:00,502.0,24.1,67,0.5,686,17.5,0.0,0.0,0.0,Spring,No Holiday,Yes
2018-05-16 02:00:00,145.0,23.9,69,0.3,531,17.8,0.0,0.2,0.0,Spring,No Holiday,Yes
2018-05-16 03:00:00,166.0,22.6,89,0.7,327,20.6,0.0,0.8,0.0,Spring,No Holiday,Yes
2018-05-16 04:00:00,124.0,22.3,86,0.5,387,19.8,0.0,0.0,0.0,Spring,No Holiday,Yes
2018-05-16 05:00:00,52.0,22.3,87,0.6,399,20.0,0.0,0.0,0.0,Spring,No Holiday,Yes
2018-05-16 06:00:00,135.0,22.1,94,0.9,269,21.0,0.0,2.0,0.0,Spring,No Holiday,Yes
2018-05-16 07:00:00,367.0,22.0,95,0.7,342,21.1,0.0,0.0,0.0,Spring,No Holiday,Yes
2018-05-16 08:00:00,291.0,22.4,93,1.2,683,21.2,0.04,0.0,0.0,Spring,No Holiday,Yes
2018-05-16 09:00:00,97.0,22.8,93,3.1,569,21.6,0.06,4.0,0.0,Spring,No Holiday,Yes
2018-05-16 10:00:00,81.0,22.8,95,1.7,176,21.9,0.05,1.0,0.0,Spring,No Holiday,Yes
2018-05-16 11:00:00,243.0,22.7,93,4.8,832,21.5,0.17,0.0,0.0,Spring,No Holiday,Yes
2018-05-16 12:00:00,59.0,22.9,87,4.0,1497,20.6,0.22,0.0,0.0,Spring,No Holiday,Yes
2018-05-16 13:00:00,151.0,21.8,97,2.4,682,21.2,0.06,35.0,0.0,Spring,No Holiday,Yes
2018-05-16 14:00:00,248.0,22.0,96,2.9,1327,21.3,0.39,0.0,0.0,Spring,No Holiday,Yes
2018-05-16 15:00:00,240.0,22.0,96,2.9,313,21.3,0.2,0.0,0.0,Spring,No Holiday,Yes
2018-05-16 16:00:00,223.0,21.8,97,1.8,206,21.2,0.18,0.0,0.0,Spring,No Holiday,Yes
2018-05-16 17:00:00,304.0,21.9,97,3.2,207,21.3,0.14,0.5,0.0,Spring,No Holiday,Yes
2018-05-16 18:00:00,562.0,21.9,97,2.1,191,21.3,0.08,0.0,0.0,Spring,No Holiday,Yes
2018-05-16 19:00:00,404.0,21.9,97,2.2,196,21.3,0.01,0.0,0.0,Spring,No Holiday,Yes
2018-05-16 20:00:00,338.0,21.8,97,2.2,156,21.2,0.0,0.5,0.0,Spring,No Holiday,Yes
2018-05-16 21:00:00,398.0,21.8,97,1.3,160,21.2,0.0,0.5,0.0,Spring,No Holiday,Yes
2018-05-16 22:00:00,399.0,21.9,97,1.5,164,21.3,0.0,0.0,0.0,Spring,No Holiday,Yes
2018-05-16 23:00:00,225.0,22.0,97,0.9,158,21.4,0.0,0.0,0.0,Spring,No Holiday,Yes
2018-05-17 00:00:00,118.0,22.0,97,1.6,152,21.4,0.0,0.5,0.0,Spring,No Holiday,Yes
2018-05-17 01:00:00,144.0,22.0,97,2.1,192,21.4,0.0,0.5,0.0,Spring,No Holiday,Yes
2018-05-17 02:00:00,78.0,21.8,97,1.3,175,21.2,0.0,1.0,0.0,Spring,No Holiday,Yes
2018-05-17 03:00:00,38.0,21.8,98,0.6,113,21.4,0.0,2.5,0.0,Spring,No Holiday,Yes
2018-05-17 04:00:00,51.0,19.2,98,2.4,1965,18.8,0.0,19.0,0.0,Spring,No Holiday,Yes
2018-05-17 05:00:00,54.0,18.8,97,0.9,1927,18.3,0.0,0.0,0.0,Spring,No Holiday,Yes
2018-05-17 06:00:00,69.0,18.9,98,0.3,338,18.5,0.0,0.0,0.0,Spring,No Holiday,Yes
2018-05-17 07:00:00,80.0,19.1,98,0.3,125,18.7,0.0,0.0,0.0,Spring,No Holiday,Yes
2018-05-17 08:00:00,152.0,19.7,98,0.5,1958,19.3,0.12,13.5,0.0,Spring,No Holiday,Yes
2018-05-17 09:00:00,28.0,19.7,98,0.5,659,19.3,0.05,10.0,0.0,Spring,No Holiday,Yes
2018-05-17 10:00:00,141.0,20.1,98,1.2,885,19.7,0.13,2.0,0.0,Spring,No Holiday,Yes
2018-05-17 11:00:00,182.0,20.4,98,0.9,300,20.0,0.25,2.5,0.0,Spring,No Holiday,Yes
2018-05-17 12:00:00,467.0,21.7,96,0.8,1773,21.0,0.81,1.5,0.0,Spring,No Holiday,Yes
2018-05-17 13:00:00,592.0,23.4,83,1.7,1944,20.3,1.5,0.0,0.0,Spring,No Holiday,Yes
2018-05-17 14:00:00,352.0,23.4,81,0.6,1921,19.9,0.5,0.0,0.0,Spring,No Holiday,Yes
2018-05-17 15:00:00,186.0,22.8,95,1.6,294,21.9,0.11,0.5,0.0,Spring,No Holiday,Yes
2018-05-17 16:00:00,102.0,22.9,95,0.4,385,22.0,0.31,0.0,0.0,Spring,No Holiday,Yes
2018-05-17 17:00:00,131.0,22.7,96,0.4,249,22.0,0.11,2.5,0.0,Spring,No Holiday,Yes
2018-05-17 18:00:00,431.0,22.6,97,1.1,304,22.0,0.07,1.5,0.0,Spring,No Holiday,Yes
2018-05-17 19:00:00,29.0,22.3,96,2.6,191,21.6,0.0,0.0,0.0,Spring,No Holiday,Yes
2018-05-17 20:00:00,17.0,21.3,97,2.8,388,20.7,0.0,12.5,0.0,Spring,No Holiday,Yes
2018-05-17 21:00:00,18.0,20.5,97,1.1,726,20.0,0.0,4.0,0.0,Spring,No Holiday,Yes
2018-05-17 22:00:00,26.0,20.2,98,0.5,468,19.8,0.0,6.0,0.0,Spring,No Holiday,Yes
2018-05-17 23:00:00,35.0,20.0,98,1.8,589,19.6,0.0,2.5,0.0,Spring,No Holiday,Yes
2018-05-18 00:00:00,129.0,19.3,97,1.8,523,18.8,0.0,1.0,0.0,Spring,No Holiday,Yes
2018-05-18 01:00:00,116.0,19.0,97,1.5,278,18.5,0.0,1.0,0.0,Spring,No Holiday,Yes
2018-05-18 02:00:00,48.0,18.8,98,1.5,237,18.4,0.0,0.5,0.0,Spring,No Holiday,Yes
2018-05-18 03:00:00,47.0,18.3,98,1.6,320,17.9,0.0,2.0,0.0,Spring,No Holiday,Yes
2018-05-18 04:00:00,22.0,18.1,98,1.7,223,17.7,0.0,1.0,0.0,Spring,No Holiday,Yes
2018-05-18 05:00:00,29.0,17.8,98,1.0,457,17.4,0.0,0.5,0.0,Spring,No Holiday,Yes
2018-05-18 06:00:00,77.0,17.4,98,0.3,234,17.0,0.0,0.0,0.0,Spring,No Holiday,Yes
2018-05-18 07:00:00,210.0,16.6,98,0.6,219,16.2,0.01,0.5,0.0,Spring,No Holiday,Yes
2018-05-18 08:00:00,400.0,16.4,98,0.3,514,16.0,0.11,0.0,0.0,Spring,No Holiday,Yes
2018-05-18 09:00:00,427.0,16.6,98,0.6,301,16.2,0.18,0.5,0.0,Spring,No Holiday,Yes
2018-05-18 10:00:00,454.0,16.3,97,1.0,693,15.8,0.37,0.0,0.0,Spring,No Holiday,Yes
2018-05-18 11:00:00,352.0,16.6,96,0.7,539,15.9,0.41,0.0,0.0,Spring,No Holiday,Yes
2018-05-18 12:00:00,185.0,16.6,96,0.8,430,15.9,0.34,0.0,0.0,Spring,No Holiday,Yes
2018-05-18 13:00:00,509.0,16.7,93,1.0,1373,15.5,0.72,0.5,0.0,Spring,No Holiday,Yes
2018-05-18 14:00:00,697.0,16.7,88,1.5,1760,14.6,0.72,0.0,0.0,Spring,No Holiday,Yes
2018-05-18 15:00:00,906.0,16.7,85,1.2,2000,14.1,0.49,0.0,0.0,Spring,No Holiday,Yes
2018-05-18 16:00:00,1182.0,17.0,82,1.9,2000,13.8,0.84,0.0,0.0,Spring,No Holiday,Yes
2018-05-18 17:00:00,1551.0,17.2,81,1.2,2000,13.9,0.57,0.0,0.0,Spring,No Holiday,Yes
2018-05-18 18:00:00,2261.0,17.5,79,1.5,2000,13.8,0.57,0.0,0.0,Spring,No Holiday,Yes
2018-05-18 19:00:00,1751.0,17.0,76,1.5,2000,12.7,0.29,0.0,0.0,Spring,No Holiday,Yes
2018-05-18 20:00:00,1386.0,16.2,76,2.1,2000,11.9,0.02,0.0,0.0,Spring,No Holiday,Yes
2018-05-18 21:00:00,1263.0,15.3,73,2.3,2000,10.4,0.0,0.0,0.0,Spring,No Holiday,Yes
2018-05-18 22:00:00,1221.0,14.2,73,1.9,2000,9.4,0.0,0.0,0.0,Spring,No Holiday,Yes
2018-05-18 23:00:00,864.0,13.2,68,1.8,2000,7.4,0.0,0.0,0.0,Spring,No Holiday,Yes
2018-05-19 00:00:00,689.0,12.2,67,1.2,2000,6.2,0.0,0.0,0.0,Spring,No Holiday,Yes
2018-05-19 01:00:00,676.0,11.4,74,1.3,2000,6.9,0.0,0.0,0.0,Spring,No Holiday,Yes
2018-05-19 02:00:00,526.0,11.1,74,1.9,2000,6.6,0.0,0.0,0.0,Spring,No Holiday,Yes
2018-05-19 03:00:00,320.0,10.7,73,1.3,2000,6.0,0.0,0.0,0.0,Spring,No Holiday,Yes
2018-05-19 04:00:00,213.0,10.5,73,1.2,2000,5.8,0.0,0.0,0.0,Spring,No Holiday,Yes
2018-05-19 05:00:00,198.0,10.4,71,1.1,2000,5.3,0.0,0.0,0.0,Spring,No Holiday,Yes
2018-05-19 06:00:00,234.0,10.5,70,1.0,2000,5.2,0.03,0.0,0.0,Spring,No Holiday,Yes
2018-05-19 07:00:00,436.0,11.4,0,1.4,2000,4.5,0.46,0.0,0.0,Spring,No Holiday,Yes
2018-05-19 08:00:00,766.0,13.7,57,1.4,2000,5.3,1.28,0.0,0.0,Spring,No Holiday,Yes
2018-05-19 09:00:00,932.0,15.7,49,1.6,2000,5.0,2.0,0.0,0.0,Spring,No Holiday,Yes
2018-05-19 10:00:00,1051.0,17.2,45,2.1,2000,5.1,2.61,0.0,0.0,Spring,No Holiday,Yes
2018-05-19 11:00:00,1290.0,19.0,44,1.4,2000,6.4,3.12,0.0,0.0,Spring,No Holiday,Yes
2018-05-19 12:00:00,1573.0,20.5,42,2.1,2000,7.1,3.42,0.0,0.0,Spring,No Holiday,Yes
2018-05-19 13:00:00,1865.0,21.9,39,2.0,2000,7.3,3.52,0.0,0.0,Spring,No Holiday,Yes
2018-05-19 14:00:00,2128.0,22.8,39,2.6,1983,8.1,3.39,0.0,0.0,Spring,No Holiday,Yes
2018-05-19 15:00:00,2268.0,23.9,37,1.6,2000,8.3,3.07,0.0,0.0,Spring,No Holiday,Yes
2018-05-19 16:00:00,2479.0,24.5,34,1.5,2000,7.5,2.54,0.0,0.0,Spring,No Holiday,Yes
2018-05-19 17:00:00,2355.0,24.5,35,1.8,1927,8.0,1.93,0.0,0.0,Spring,No Holiday,Yes
2018-05-19 18:00:00,2439.0,24.0,34,1.7,2000,7.1,1.22,0.0,0.0,Spring,No Holiday,Yes
2018-05-19 19:00:00,2140.0,22.6,34,1.5,2000,5.9,0.51,0.0,0.0,Spring,No Holiday,Yes
2018-05-19 20:00:00,1872.0,20.9,34,1.4,2000,4.4,0.03,0.0,0.0,Spring,No Holiday,Yes
2018-05-19 21:00:00,1780.0,19.5,34,1.3,2000,3.2,0.0,0.0,0.0,Spring,No Holiday,Yes
2018-05-19 22:00:00,1595.0,18.4,34,1.2,2000,2.2,0.0,0.0,0.0,Spring,No Holiday,Yes
2018-05-19 23:00:00,1169.0,17.1,37,1.3,2000,2.2,0.0,0.0,0.0,Spring,No Holiday,Yes
2018-05-20 00:00:00,986.0,15.8,41,1.2,2000,2.5,0.0,0.0,0.0,Spring,No Holiday,Yes
2018-05-20 01:00:00,713.0,14.7,43,1.2,2000,2.2,0.0,0.0,0.0,Spring,No Holiday,Yes
2018-05-20 02:00:00,473.0,13.9,43,0.9,2000,1.5,0.0,0.0,0.0,Spring,No Holiday,Yes
2018-05-20 03:00:00,347.0,13.5,41,1.0,2000,0.4,0.0,0.0,0.0,Spring,No Holiday,Yes
2018-05-20 04:00:00,205.0,12.8,44,0.8,2000,0.8,0.0,0.0,0.0,Spring,No Holiday,Yes
2018-05-20 05:00:00,160.0,12.1,47,1.6,2000,1.1,0.0,0.0,0.0,Spring,No Holiday,Yes
2018-05-20 06:00:00,190.0,11.6,46,0.8,2000,0.3,0.05,0.0,0.0,Spring,No Holiday,Yes
2018-05-20 07:00:00,341.0,12.3,43,0.6,2000,0.0,0.3,0.0,0.0,Spring,No Holiday,Yes
2018-05-20 08:00:00,524.0,14.1,38,1.0,2000,0.0,0.72,0.0,0.0,Spring,No Holiday,Yes
2018-05-20 09:00:00,676.0,16.0,34,1.3,2000,0.1,1.0,0.0,0.0,Spring,No Holiday,Yes
2018-05-20 10:00:00,899.0,17.0,37,1.4,2000,2.1,0.94,0.0,0.0,Spring,No Holiday,Yes
2018-05-20 11:00:00,1013.0,18.7,30,1.9,2000,0.7,1.66,0.0,0.0,Spring,No Holiday,Yes
2018-05-20 12:00:00,1313.0,18.8,31,1.2,2000,1.2,0.92,0.0,0.0,Spring,No Holiday,Yes
2018-05-20 13:00:00,1559.0,19.9,33,1.4,2000,3.1,1.28,0.0,0.0,Spring,No Holiday,Yes
2018-05-20 14:00:00,1680.0,20.3,30,1.8,2000,2.1,1.01,0.0,0.0,Spring,No Holiday,Yes
2018-05-20 15:00:00,1999.0,21.0,28,1.7,2000,1.7,1.16,0.0,0.0,Spring,No Holiday,Yes
2018-05-20 16:00:00,2143.0,22.2,23,2.2,2000,0.0,1.66,0.0,0.0,Spring,No Holiday,Yes
2018-05-20 17:00:00,2310.0,22.4,23,2.4,2000,0.2,1.89,0.0,0.0,Spring,No Holiday,Yes
2018-05-20 18:00:00,2403.0,22.2,22,1.8,2000,-0.5,1.25,0.0,0.0,Spring,No Holiday,Yes
2018-05-20 19:00:00,2145.0,20.8,24,2.0,2000,-0.5,0.56,0.0,0.0,Spring,No Holiday,Yes
2018-05-20 20:00:00,1846.0,19.0,26,1.5,2000,-0.9,0.02,0.0,0.0,Spring,No Holiday,Yes
2018-05-20 21:00:00,1636.0,17.8,26,1.3,2000,-1.9,0.0,0.0,0.0,Spring,No Holiday,Yes
2018-05-20 22:00:00,1325.0,16.8,29,1.2,2000,-1.3,0.0,0.0,0.0,Spring,No Holiday,Yes
2018-05-20 23:00:00,943.0,15.8,30,1.1,2000,-1.7,0.0,0.0,0.0,Spring,No Holiday,Yes
2018-05-21 00:00:00,666.0,15.3,29,1.3,2000,-2.6,0.0,0.0,0.0,Spring,No Holiday,Yes
2018-05-21 01:00:00,420.0,14.5,31,1.1,2000,-2.4,0.0,0.0,0.0,Spring,No Holiday,Yes
2018-05-21 02:00:00,262.0,13.9,0,0.9,2000,-2.1,0.0,0.0,0.0,Spring,No Holiday,Yes
2018-05-21 03:00:00,165.0,13.0,0,0.8,2000,-2.5,0.0,0.0,0.0,Spring,No Holiday,Yes
2018-05-21 04:00:00,113.0,12.4,0,0.8,2000,-3.4,0.0,0.0,0.0,Spring,No Holiday,Yes
2018-05-21 05:00:00,200.0,11.9,0,1.3,2000,-2.7,0.0,0.0,0.0,Spring,No Holiday,Yes
2018-05-21 06:00:00,467.0,11.4,0,0.9,2000,-2.0,0.03,0.0,0.0,Spring,No Holiday,Yes
2018-05-21 07:00:00,1135.0,12.3,0,0.9,1989,-2.7,0.48,0.0,0.0,Spring,No Holiday,Yes
2018-05-21 08:00:00,1785.0,15.3,30,1.3,2000,-2.2,1.3,0.0,0.0,Spring,No Holiday,Yes
2018-05-21 09:00:00,1118.0,17.7,27,1.3,2000,-1.5,2.02,0.0,0.0,Spring,No Holiday,Yes
2018-05-21 10:00:00,962.0,19.3,27,1.4,2000,-0.1,2.63,0.0,0.0,Spring,No Holiday,Yes
2018-05-21 11:00:00,1129.0,20.9,27,1.7,2000,1.1,3.11,0.0,0.0,Spring,No Holiday,Yes
2018-05-21 12:00:00,1373.0,21.8,31,2.1,2000,3.9,3.39,0.0,0.0,Spring,No Holiday,Yes
2018-05-21 13:00:00,1456.0,22.8,31,1.9,1923,4.7,3.49,0.0,0.0,Spring,No Holiday,Yes
2018-05-21 14:00:00,1483.0,23.4,36,2.8,1947,7.4,3.11,0.0,0.0,Spring,No Holiday,Yes
2018-05-21 15:00:00,1612.0,23.3,38,1.5,1963,8.1,2.13,0.0,0.0,Spring,No Holiday,Yes
2018-05-21 16:00:00,1820.0,22.7,42,1.9,2000,9.1,1.13,0.0,0.0,Spring,No Holiday,Yes
2018-05-21 17:00:00,2214.0,22.2,45,2.4,2000,9.6,0.83,0.0,0.0,Spring,No Holiday,Yes
2018-05-21 18:00:00,3069.0,21.6,48,2.5,1884,10.1,0.61,0.0,0.0,Spring,No Holiday,Yes
2018-05-21 19:00:00,2450.0,19.5,56,1.6,1600,10.4,0.29,0.0,0.0,Spring,No Holiday,Yes
2018-05-21 20:00:00,2167.0,18.4,59,2.6,1476,10.2,0.04,0.0,0.0,Spring,No Holiday,Yes
2018-05-21 21:00:00,2065.0,17.7,63,0.5,1324,10.5,0.0,0.0,0.0,Spring,No Holiday,Yes
2018-05-21 22:00:00,1832.0,16.9,65,0.3,1281,10.2,0.0,0.0,0.0,Spring,No Holiday,Yes
2018-05-21 23:00:00,1273.0,16.3,70,0.7,1293,10.8,0.0,0.0,0.0,Spring,No Holiday,Yes
2018-05-22 00:00:00,957.0,16.0,71,0.5,1299,10.7,0.0,0.0,0.0,Spring,Holiday,Yes
2018-05-22 01:00:00,810.0,15.9,71,1.1,1312,10.6,0.0,0.0,0.0,Spring,Holiday,Yes
2018-05-22 02:00:00,590.0,15.7,74,1.0,1313,11.0,0.0,0.0,0.0,Spring,Holiday,Yes
2018-05-22 03:00:00,406.0,15.5,0,0.7,1420,10.4,0.0,0.0,0.0,Spring,Holiday,Yes
2018-05-22 04:00:00,248.0,15.6,0,0.5,1502,10.5,0.0,0.0,0.0,Spring,Holiday,Yes
2018-05-22 05:00:00,182.0,15.7,0,0.6,1610,10.6,0.0,0.0,0.0,Spring,Holiday,Yes
2018-05-22 06:00:00,277.0,15.5,0,0.5,1691,10.4,0.06,0.0,0.0,Spring,Holiday,Yes
2018-05-22 07:00:00,443.0,16.3,69,0.7,1750,10.5,0.34,0.0,0.0,Spring,Holiday,Yes
2018-05-22 08:00:00,694.0,18.2,63,0.8,1731,11.0,1.0,0.0,0.0,Spring,Holiday,Yes
2018-05-22 09:00:00,912.0,19.3,62,0.8,1894,11.8,1.14,0.0,0.0,Spring,Holiday,Yes
2018-05-22 10:00:00,1119.0,20.7,55,1.8,1698,11.3,1.43,0.0,0.0,Spring,Holiday,Yes
2018-05-22 11:00:00,1438.0,21.9,55,1.4,1820,12.4,1.87,0.0,0.0,Spring,Holiday,Yes
2018-05-22 12:00:00,1798.0,22.9,51,1.1,1591,12.2,1.8,0.0,0.0,Spring,Holiday,Yes
2018-05-22 13:00:00,2000.0,22.7,52,1.0,1399,12.3,0.94,0.0,0.0,Spring,Holiday,Yes
2018-05-22 14:00:00,1407.0,22.8,53,1.4,1630,12.7,0.98,0.0,0.0,Spring,Holiday,Yes
2018-05-22 15:00:00,163.0,21.1,72,2.7,663,15.8,0.31,0.1,0.0,Spring,Holiday,Yes
2018-05-22 16:00:00,86.0,19.5,80,1.2,553,15.9,0.53,0.4,0.0,Spring,Holiday,Yes
2018-05-22 17:00:00,50.0,18.6,84,1.8,499,15.8,0.28,1.0,0.0,Spring,Holiday,Yes
2018-05-22 18:00:00,30.0,17.9,93,1.2,258,16.7,0.13,2.0,0.0,Spring,Holiday,Yes
2018-05-22 19:00:00,45.0,17.6,93,0.3,331,16.4,0.06,1.5,0.0,Spring,Holiday,Yes
2018-05-22 20:00:00,30.0,17.2,85,1.4,467,14.6,0.0,0.5,0.0,Spring,Holiday,Yes
2018-05-22 21:00:00,58.0,17.0,85,1.1,597,14.4,0.0,0.5,0.0,Spring,Holiday,Yes
2018-05-22 22:00:00,29.0,16.8,87,0.6,447,14.6,0.0,0.5,0.0,Spring,Holiday,Yes
2018-05-22 23:00:00,18.0,16.3,96,1.1,198,15.6,0.0,2.5,0.0,Spring,Holiday,Yes
2018-05-23 00:00:00,32.0,15.8,97,2.4,181,15.3,0.0,3.5,0.0,Spring,No Holiday,Yes
2018-05-23 01:00:00,25.0,15.3,97,3.2,178,14.8,0.0,3.0,0.0,Spring,No Holiday,Yes
2018-05-23 02:00:00,34.0,15.0,97,2.5,236,14.5,0.0,3.0,0.0,Spring,No Holiday,Yes
2018-05-23 03:00:00,43.0,14.9,96,2.2,636,14.2,0.0,0.5,0.0,Spring,No Holiday,Yes
2018-05-23 04:00:00,59.0,15.0,97,1.4,1827,14.5,0.0,0.0,0.0,Spring,No Holiday,Yes
2018-05-23 05:00:00,152.0,14.6,87,2.2,2000,12.4,0.0,0.0,0.0,Spring,No Holiday,Yes
2018-05-23 06:00:00,436.0,13.9,83,3.2,2000,11.0,0.04,0.0,0.0,Spring,No Holiday,Yes
2018-05-23 07:00:00,1241.0,13.6,75,1.6,1987,9.2,0.47,0.0,0.0,Spring,No Holiday,Yes
2018-05-23 08:00:00,2035.0,14.6,70,3.1,2000,9.1,1.28,0.0,0.0,Spring,No Holiday,Yes
2018-05-23 09:00:00,1125.0,16.0,60,1.9,1992,8.2,1.98,0.0,0.0,Spring,No Holiday,Yes
2018-05-23 10:00:00,871.0,17.9,56,3.3,1919,8.9,2.63,0.0,0.0,Spring,No Holiday,Yes
2018-05-23 11:00:00,1012.0,18.9,42,3.8,2000,5.6,3.13,0.0,0.0,Spring,No Holiday,Yes
2018-05-23 12:00:00,1216.0,20.1,37,4.0,1910,4.9,3.44,0.0,0.0,Spring,No Holiday,Yes
2018-05-23 13:00:00,1167.0,20.9,33,3.9,1853,4.0,3.52,0.0,0.0,Spring,No Holiday,Yes
2018-05-23 14:00:00,1183.0,22.0,33,3.4,1966,4.9,3.41,0.0,0.0,Spring,No Holiday,Yes
2018-05-23 15:00:00,1332.0,23.0,29,2.9,1876,3.9,3.11,0.0,0.0,Spring,No Holiday,Yes
2018-05-23 16:00:00,1563.0,23.0,33,4.2,1880,5.8,2.57,0.0,0.0,Spring,No Holiday,Yes
2018-05-23 17:00:00,2069.0,22.4,39,3.2,1943,7.7,1.9,0.0,0.0,Spring,No Holiday,Yes
2018-05-23 18:00:00,3123.0,21.7,40,3.5,1987,7.4,1.18,0.0,0.0,Spring,No Holiday,Yes
2018-05-23 19:00:00,2454.0,18.8,52,3.4,2000,8.7,0.49,0.0,0.0,Spring,No Holiday,Yes
2018-05-23 20:00:00,2001.0,16.7,61,1.9,2000,9.1,0.05,0.0,0.0,Spring,No Holiday,Yes
2018-05-23 21:00:00,1833.0,15.4,61,1.1,1959,7.9,0.0,0.0,0.0,Spring,No Holiday,Yes
2018-05-23 22:00:00,1588.0,14.8,59,1.0,1740,6.8,0.0,0.0,0.0,Spring,No Holiday,Yes
2018-05-23 23:00:00,1080.0,14.6,54,1.5,1596,5.3,0.0,0.0,0.0,Spring,No Holiday,Yes
2018-05-24 00:00:00,778.0,13.7,51,1.3,1651,3.7,0.0,0.0,0.0,Spring,No Holiday,Yes
2018-05-24 01:00:00,578.0,12.9,62,0.6,1557,5.7,0.0,0.0,0.0,Spring,No Holiday,Yes
2018-05-24 02:00:00,385.0,12.5,54,0.7,1500,3.4,0.0,0.0,0.0,Spring,No Holiday,Yes
2018-05-24 03:00:00,265.0,12.1,64,0.8,1538,5.4,0.0,0.0,0.0,Spring,No Holiday,Yes
2018-05-24 04:00:00,161.0,11.7,64,1.6,1578,5.1,0.0,0.0,0.0,Spring,No Holiday,Yes
2018-05-24 05:00:00,205.0,11.3,64,1.2,1634,4.7,0.0,0.0,0.0,Spring,No Holiday,Yes
2018-05-24 06:00:00,530.0,11.4,67,1.0,1600,5.4,0.04,0.0,0.0,Spring,No Holiday,Yes
2018-05-24 07:00:00,1390.0,12.5,61,1.3,1818,5.1,0.42,0.0,0.0,Spring,No Holiday,Yes
2018-05-24 08:00:00,2081.0,15.2,50,1.6,1530,4.8,1.1,0.0,0.0,Spring,No Holiday,Yes
2018-05-24 09:00:00,1226.0,17.6,30,1.1,1531,0.0,1.79,0.0,0.0,Spring,No Holiday,Yes
2018-05-24 10:00:00,880.0,19.9,27,2.7,1775,0.3,2.44,0.0,0.0,Spring,No Holiday,Yes
2018-05-24 11:00:00,922.0,21.5,30,2.9,1779,3.1,2.92,0.0,0.0,Spring,No Holiday,Yes
2018-05-24 12:00:00,1087.0,22.1,36,5.3,1696,6.3,3.2,0.0,0.0,Spring,No Holiday,Yes
2018-05-24 13:00:00,1078.0,23.3,35,3.7,1874,6.9,3.28,0.0,0.0,Spring,No Holiday,Yes
2018-05-24 14:00:00,1059.0,23.2,36,4.9,1597,7.2,3.18,0.0,0.0,Spring,No Holiday,Yes
2018-05-24 15:00:00,1174.0,23.5,36,3.2,1786,7.5,2.91,0.0,0.0,Spring,No Holiday,Yes
2018-05-24 16:00:00,1455.0,23.5,36,4.0,1763,7.5,2.42,0.0,0.0,Spring,No Holiday,Yes
2018-05-24 17:00:00,1863.0,23.4,38,2.7,1885,8.2,1.76,0.0,0.0,Spring,No Holiday,Yes
2018-05-24 18:00:00,2825.0,22.6,39,2.8,1655,7.9,1.1,0.0,0.0,Spring,No Holiday,Yes
2018-05-24 19:00:00,2334.0,21.1,44,2.6,1512,8.3,0.41,0.0,0.0,Spring,No Holiday,Yes
2018-05-24 20:00:00,1902.0,20.0,46,2.6,1414,8.0,0.05,0.0,0.0,Spring,No Holiday,Yes
2018-05-24 21:00:00,1838.0,19.3,50,1.7,1381,8.6,0.0,0.0,0.0,Spring,No Holiday,Yes
2018-05-24 22:00:00,1678.0,18.6,54,2.3,1328,9.0,0.0,0.0,0.0,Spring,No Holiday,Yes
2018-05-24 23:00:00,1087.0,18.1,56,1.6,1095,9.1,0.0,0.0,0.0,Spring,No Holiday,Yes
2018-05-25 00:00:00,831.0,17.6,57,1.8,943,8.9,0.0,0.0,0.0,Spring,No Holiday,Yes
2018-05-25 01:00:00,610.0,16.9,61,1.0,844,9.3,0.0,0.0,0.0,Spring,No Holiday,Yes
2018-05-25 02:00:00,437.0,16.1,70,0.6,787,10.6,0.0,0.0,0.0,Spring,No Holiday,Yes
2018-05-25 03:00:00,286.0,15.4,71,0.5,780,10.1,0.0,0.0,0.0,Spring,No Holiday,Yes
2018-05-25 04:00:00,188.0,14.8,71,0.4,700,9.5,0.0,0.0,0.0,Spring,No Holiday,Yes
2018-05-25 05:00:00,201.0,14.3,75,0.6,635,9.9,0.0,0.0,0.0,Spring,No Holiday,Yes
2018-05-25 06:00:00,531.0,13.8,74,0.7,644,9.2,0.05,0.0,0.0,Spring,No Holiday,Yes
2018-05-25 07:00:00,1250.0,14.4,66,1.1,704,8.1,0.42,0.0,0.0,Spring,No Holiday,Yes
2018-05-25 08:00:00,1996.0,17.1,57,1.7,792,8.5,1.21,0.0,0.0,Spring,No Holiday,Yes
2018-05-25 09:00:00,1121.0,19.5,44,1.3,995,6.9,1.88,0.0,0.0,Spring,No Holiday,Yes
2018-05-25 10:00:00,819.0,21.4,30,2.5,1730,3.0,2.53,0.0,0.0,Spring,No Holiday,Yes
2018-05-25 11:00:00,959.0,23.1,30,2.5,1896,4.5,3.01,0.0,0.0,Spring,No Holiday,Yes
2018-05-25 12:00:00,1082.0,24.4,24,2.9,1811,2.5,3.28,0.0,0.0,Spring,No Holiday,Yes
2018-05-25 13:00:00,1106.0,25.6,26,2.7,1747,4.6,3.36,0.0,0.0,Spring,No Holiday,Yes
2018-05-25 14:00:00,1161.0,26.0,23,2.3,1923,3.2,2.92,0.0,0.0,Spring,No Holiday,Yes
2018-05-25 15:00:00,1306.0,25.1,25,2.7,1959,3.6,2.2,0.0,0.0,Spring,No Holiday,Yes
2018-05-25 16:00:00,1533.0,24.3,27,4.1,1892,4.0,1.78,0.0,0.0,Spring,No Holiday,Yes
2018-05-25 17:00:00,2013.0,23.6,28,3.1,1844,4.0,1.26,0.0,0.0,Spring,No Holiday,Yes
2018-05-25 18:00:00,2916.0,23.3,32,2.6,1772,5.6,1.05,0.0,0.0,Spring,No Holiday,Yes
2018-05-25 19:00:00,2227.0,22.0,40,1.6,1658,7.7,0.47,0.0,0.0,Spring,No Holiday,Yes
2018-05-25 20:00:00,1905.0,20.4,45,2.0,1457,8.0,0.06,0.0,0.0,Spring,No Holiday,Yes
2018-05-25 21:00:00,1740.0,19.1,50,1.4,1378,8.4,0.0,0.0,0.0,Spring,No Holiday,Yes
2018-05-25 22:00:00,1630.0,18.3,54,1.7,1394,8.8,0.0,0.0,0.0,Spring,No Holiday,Yes
2018-05-25 23:00:00,1209.0,17.6,55,0.5,1362,8.4,0.0,0.0,0.0,Spring,No Holiday,Yes
2018-05-26 00:00:00,987.0,17.0,59,1.1,1299,8.9,0.0,0.0,0.0,Spring,No Holiday,Yes
2018-05-26 01:00:00,837.0,16.2,63,0.7,1328,9.1,0.0,0.0,0.0,Spring,No Holiday,Yes
2018-05-26 02:00:00,572.0,15.8,66,0.6,1204,9.4,0.0,0.0,0.0,Spring,No Holiday,Yes
2018-05-26 03:00:00,419.0,15.3,69,0.5,1103,9.6,0.0,0.0,0.0,Spring,No Holiday,Yes
2018-05-26 04:00:00,232.0,14.8,73,0.5,994,9.9,0.0,0.0,0.0,Spring,No Holiday,Yes
2018-05-26 05:00:00,198.0,14.4,73,0.4,978,9.6,0.0,0.0,0.0,Spring,No Holiday,Yes
2018-05-26 06:00:00,299.0,14.2,72,0.6,947,9.2,0.04,0.0,0.0,Spring,No Holiday,Yes
2018-05-26 07:00:00,503.0,15.0,64,0.6,902,8.2,0.46,0.0,0.0,Spring,No Holiday,Yes
2018-05-26 08:00:00,763.0,17.8,52,0.6,1094,7.8,1.18,0.0,0.0,Spring,No Holiday,Yes
2018-05-26 09:00:00,992.0,20.6,43,1.1,1104,7.5,1.84,0.0,0.0,Spring,No Holiday,Yes
2018-05-26 10:00:00,1010.0,23.2,41,1.1,1440,9.2,2.45,0.0,0.0,Spring,No Holiday,Yes
2018-05-26 11:00:00,1164.0,24.8,34,0.9,1439,7.8,2.92,0.0,0.0,Spring,No Holiday,Yes
2018-05-26 12:00:00,1285.0,26.2,31,1.2,1161,7.7,3.18,0.0,0.0,Spring,No Holiday,Yes
2018-05-26 13:00:00,1441.0,27.8,31,2.0,1326,9.1,3.29,0.0,0.0,Spring,No Holiday,Yes
2018-05-26 14:00:00,1448.0,28.3,30,2.3,1025,9.0,3.14,0.0,0.0,Spring,No Holiday,Yes
2018-05-26 15:00:00,1575.0,29.4,30,2.0,882,10.0,2.82,0.0,0.0,Spring,No Holiday,Yes
2018-05-26 16:00:00,1690.0,29.0,31,2.9,889,10.1,2.26,0.0,0.0,Spring,No Holiday,Yes
2018-05-26 17:00:00,1886.0,27.9,34,3.8,1259,10.5,1.73,0.0,0.0,Spring,No Holiday,Yes
2018-05-26 18:00:00,2020.0,27.0,33,2.2,822,9.3,1.07,0.0,0.0,Spring,No Holiday,Yes
2018-05-26 19:00:00,1985.0,24.9,46,3.1,1341,12.4,0.43,0.0,0.0,Spring,No Holiday,Yes
2018-05-26 20:00:00,1909.0,22.3,50,2.7,1512,11.3,0.05,0.0,0.0,Spring,No Holiday,Yes
2018-05-26 21:00:00,1851.0,21.7,58,1.3,1173,13.0,0.0,0.0,0.0,Spring,No Holiday,Yes
2018-05-26 22:00:00,1683.0,21.2,60,1.0,1192,13.1,0.0,0.0,0.0,Spring,No Holiday,Yes
2018-05-26 23:00:00,1330.0,20.7,63,0.8,1130,13.3,0.0,0.0,0.0,Spring,No Holiday,Yes
2018-05-27 00:00:00,1089.0,20.1,65,1.6,1097,13.3,0.0,0.0,0.0,Spring,No Holiday,Yes
2018-05-27 01:00:00,799.0,19.8,61,1.4,943,12.0,0.0,0.0,0.0,Spring,No Holiday,Yes
2018-05-27 02:00:00,555.0,19.0,62,1.8,974,11.5,0.0,0.0,0.0,Spring,No Holiday,Yes
2018-05-27 03:00:00,423.0,18.5,62,0.8,1073,11.0,0.0,0.0,0.0,Spring,No Holiday,Yes
2018-05-27 04:00:00,208.0,17.9,59,1.3,1261,9.7,0.0,0.0,0.0,Spring,No Holiday,Yes
2018-05-27 05:00:00,174.0,17.6,0,0.8,1304,9.7,0.0,0.0,0.0,Spring,No Holiday,Yes
2018-05-27 06:00:00,234.0,17.3,62,1.4,1293,9.9,0.03,0.0,0.0,Spring,No Holiday,Yes
2018-05-27 07:00:00,341.0,17.6,0,1.4,1219,8.7,0.34,0.0,0.0,Spring,No Holiday,Yes
2018-05-27 08:00:00,608.0,18.3,51,2.0,1366,7.9,0.7,0.0,0.0,Spring,No Holiday,Yes
2018-05-27 09:00:00,762.0,19.5,43,1.5,1548,0.0,1.02,0.0,0.0,Spring,No Holiday,Yes
2018-05-27 10:00:00,821.0,21.6,33,2.0,1697,0.0,1.86,0.0,0.0,Spring,No Holiday,Yes
2018-05-27 11:00:00,1004.0,22.3,33,1.8,1853,0.0,1.54,0.0,0.0,Spring,No Holiday,Yes
2018-05-27 12:00:00,1404.0,23.4,38,2.8,1756,8.2,1.87,0.0,0.0,Spring,No Holiday,Yes
2018-05-27 13:00:00,1579.0,24.3,37,2.3,1583,8.6,2.22,0.0,0.0,Spring,No Holiday,Yes
2018-05-27 14:00:00,1730.0,24.2,36,4.0,1907,8.1,2.16,0.0,0.0,Spring,No Holiday,Yes
2018-05-27 15:00:00,2019.0,23.9,37,2.6,1889,8.3,1.82,0.0,0.0,Spring,No Holiday,Yes
2018-05-27 16:00:00,2242.0,24.0,36,1.6,1811,7.9,1.34,0.0,0.0,Spring,No Holiday,Yes
2018-05-27 17:00:00,2307.0,23.5,32,3.2,1925,0.0,1.01,0.0,0.0,Spring,No Holiday,Yes
2018-05-27 18:00:00,2267.0,23.0,36,2.8,1904,7.1,0.85,0.0,0.0,Spring,No Holiday,Yes
2018-05-27 19:00:00,2207.0,21.7,38,2.1,1857,6.7,0.27,0.0,0.0,Spring,No Holiday,Yes
2018-05-27 20:00:00,2044.0,20.6,41,2.3,1788,6.8,0.09,0.0,0.0,Spring,No Holiday,Yes
2018-05-27 21:00:00,1729.0,19.5,46,1.8,1734,7.5,0.0,0.0,0.0,Spring,No Holiday,Yes
2018-05-27 22:00:00,1374.0,18.6,50,1.0,1830,7.9,0.0,0.0,0.0,Spring,No Holiday,Yes
2018-05-27 23:00:00,1071.0,17.9,53,1.9,1774,8.1,0.0,0.0,0.0,Spring,No Holiday,Yes
2018-05-28 00:00:00,770.0,17.3,55,0.7,1741,8.1,0.0,0.0,0.0,Spring,No Holiday,Yes
2018-05-28 01:00:00,440.0,16.7,60,0.8,1806,8.8,0.0,0.0,0.0,Spring,No Holiday,Yes
2018-05-28 02:00:00,335.0,16.5,58,0.3,1759,8.1,0.0,0.0,0.0,Spring,No Holiday,Yes
2018-05-28 03:00:00,185.0,17.1,56,0.4,1583,8.2,0.0,0.0,0.0,Spring,No Holiday,Yes
2018-05-28 04:00:00,134.0,17.2,0,0.4,1619,8.8,0.0,0.0,0.0,Spring,No Holiday,Yes
2018-05-28 05:00:00,247.0,16.6,0,0.9,1361,9.7,0.0,0.0,0.0,Spring,No Holiday,Yes
2018-05-28 06:00:00,641.0,16.2,0,0.5,1588,9.3,0.05,0.0,0.0,Spring,No Holiday,Yes
2018-05-28 07:00:00,1502.0,16.8,0,0.8,1387,8.9,0.36,0.0,0.0,Spring,No Holiday,Yes
2018-05-28 08:00:00,2194.0,19.5,50,0.7,1329,8.7,1.19,0.0,0.0,Spring,No Holiday,Yes
2018-05-28 09:00:00,1131.0,21.7,48,1.1,1806,10.2,1.92,0.0,0.0,Spring,No Holiday,Yes
2018-05-28 10:00:00,828.0,23.3,49,1.1,1881,11.9,2.46,0.0,0.0,Spring,No Holiday,Yes
2018-05-28 11:00:00,986.0,25.1,45,0.9,1982,12.3,2.9,0.0,0.0,Spring,No Holiday,Yes
2018-05-28 12:00:00,1139.0,26.3,44,1.8,2000,13.0,3.24,0.0,0.0,Spring,No Holiday,Yes
2018-05-28 13:00:00,1124.0,27.7,39,1.9,1882,12.4,3.33,0.0,0.0,Spring,No Holiday,Yes
2018-05-28 14:00:00,1128.0,28.7,36,2.6,1853,12.1,3.21,0.0,0.0,Spring,No Holiday,Yes
2018-05-28 15:00:00,1258.0,28.4,43,3.1,900,14.6,2.28,0.0,0.0,Spring,No Holiday,Yes
2018-05-28 16:00:00,1497.0,28.1,43,3.4,845,14.3,2.32,0.0,0.0,Spring,No Holiday,Yes
2018-05-28 17:00:00,2060.0,26.9,45,3.5,990,13.9,1.64,0.0,0.0,Spring,No Holiday,Yes
2018-05-28 18:00:00,3245.0,26.0,39,2.7,1950,10.9,1.07,0.0,0.0,Spring,No Holiday,Yes
2018-05-28 19:00:00,2656.0,24.4,44,2.8,1979,11.3,0.45,0.0,0.0,Spring,No Holiday,Yes
2018-05-28 20:00:00,2252.0,23.0,49,2.4,1905,11.7,0.07,0.0,0.0,Spring,No Holiday,Yes
2018-05-28 21:00:00,2140.0,21.8,50,2.1,1950,10.9,0.0,0.0,0.0,Spring,No Holiday,Yes
2018-05-28 22:00:00,1881.0,21.1,54,0.6,2000,11.4,0.0,0.0,0.0,Spring,No Holiday,Yes
2018-05-28 23:00:00,1247.0,20.9,53,1.6,1712,10.9,0.0,0.0,0.0,Spring,No Holiday,Yes
2018-05-29 00:00:00,841.0,20.6,54,2.6,1737,0.0,0.0,0.0,0.0,Spring,No Holiday,Yes
2018-05-29 01:00:00,721.0,20.3,55,1.1,1756,0.0,0.0,0.0,0.0,Spring,No Holiday,Yes
2018-05-29 02:00:00,466.0,20.2,56,2.3,1498,0.0,0.0,0.0,0.0,Spring,No Holiday,Yes
2018-05-29 03:00:00,285.0,20.0,58,1.8,1279,11.4,0.0,0.0,0.0,Spring,No Holiday,Yes
2018-05-29 04:00:00,204.0,19.8,60,1.9,1364,11.8,0.0,0.0,0.0,Spring,No Holiday,Yes
2018-05-29 05:00:00,252.0,19.6,64,0.3,1483,12.5,0.0,0.0,0.0,Spring,No Holiday,Yes
2018-05-29 06:00:00,625.0,19.5,64,0.4,1268,12.5,0.02,0.0,0.0,Spring,No Holiday,Yes
2018-05-29 07:00:00,1427.0,19.9,63,1.1,934,12.6,0.24,0.0,0.0,Spring,No Holiday,Yes
2018-05-29 08:00:00,2234.0,20.5,66,1.7,1062,13.9,0.34,0.0,0.0,Spring,No Holiday,Yes
2018-05-29 09:00:00,1192.0,21.0,67,1.1,1012,14.6,0.54,0.0,0.0,Spring,No Holiday,Yes
2018-05-29 10:00:00,893.0,21.6,68,1.6,980,15.4,0.83,0.0,0.0,Spring,No Holiday,Yes
2018-05-29 11:00:00,949.0,23.1,63,2.6,949,15.6,1.68,0.0,0.0,Spring,No Holiday,Yes
2018-05-29 12:00:00,1184.0,23.1,64,2.6,1250,15.9,1.35,0.0,0.0,Spring,No Holiday,Yes
2018-05-29 13:00:00,1103.0,24.2,58,1.5,1030,15.4,1.66,0.0,0.0,Spring,No Holiday,Yes
2018-05-29 14:00:00,1174.0,25.5,53,2.0,981,15.2,2.5,0.0,0.0,Spring,No Holiday,Yes
2018-05-29 15:00:00,1234.0,25.7,56,1.8,1112,16.2,1.71,0.0,0.0,Spring,No Holiday,Yes
2018-05-29 16:00:00,1592.0,23.6,66,4.2,1208,16.8,0.89,0.0,0.0,Spring,No Holiday,Yes
2018-05-29 17:00:00,2022.0,23.9,65,1.9,1425,16.9,1.02,0.0,0.0,Spring,No Holiday,Yes
2018-05-29 18:00:00,2154.0,23.1,68,2.9,1506,16.8,0.42,0.0,0.0,Spring,No Holiday,Yes
2018-05-29 19:00:00,477.0,22.3,71,2.5,1268,16.7,0.14,0.0,0.0,Spring,No Holiday,Yes
2018-05-29 20:00:00,422.0,20.1,88,2.2,572,18.0,0.0,1.0,0.0,Spring,No Holiday,Yes
2018-05-29 21:00:00,1041.0,19.9,93,1.4,416,18.7,0.0,0.0,0.0,Spring,No Holiday,Yes
2018-05-29 22:00:00,1121.0,19.9,85,1.7,559,17.2,0.0,0.0,0.0,Spring,No Holiday,Yes
2018-05-29 23:00:00,742.0,19.5,89,1.7,304,17.6,0.0,0.0,0.0,Spring,No Holiday,Yes
2018-05-30 00:00:00,507.0,19.1,84,1.6,540,16.3,0.0,0.0,0.0,Spring,No Holiday,Yes
2018-05-30 01:00:00,570.0,18.8,84,0.5,488,16.0,0.0,0.0,0.0,Spring,No Holiday,Yes
2018-05-30 02:00:00,422.0,18.7,83,0.6,469,15.7,0.0,0.0,0.0,Spring,No Holiday,Yes
2018-05-30 03:00:00,238.0,18.4,86,0.6,360,16.0,0.0,0.0,0.0,Spring,No Holiday,Yes
2018-05-30 04:00:00,167.0,18.3,84,0.9,409,15.5,0.0,0.0,0.0,Spring,No Holiday,Yes
2018-05-30 05:00:00,239.0,18.4,84,0.6,352,15.6,0.0,0.0,0.0,Spring,No Holiday,Yes
2018-05-30 06:00:00,505.0,18.6,84,0.7,316,15.8,0.01,0.0,0.0,Spring,No Holiday,Yes
2018-05-30 07:00:00,1150.0,18.9,85,0.6,289,16.3,0.12,0.0,0.0,Spring,No Holiday,Yes
2018-05-30 08:00:00,1937.0,19.3,83,0.6,394,16.3,0.23,0.0,0.0,Spring,No Holiday,Yes
2018-05-30 09:00:00,1200.0,19.8,79,1.3,405,16.0,0.45,0.0,0.0,Spring,No Holiday,Yes
2018-05-30 10:00:00,916.0,21.4,71,1.7,476,15.9,1.43,0.0,0.0,Spring,No Holiday,Yes
2018-05-30 11:00:00,975.0,22.8,66,2.7,1270,16.1,2.76,0.0,0.0,Spring,No Holiday,Yes
2018-05-30 12:00:00,1187.0,23.2,64,3.0,1305,16.0,2.08,0.0,0.0,Spring,No Holiday,Yes
2018-05-30 13:00:00,1134.0,24.0,56,2.6,1282,14.6,2.94,0.0,0.0,Spring,No Holiday,Yes
2018-05-30 14:00:00,1119.0,24.3,58,2.9,1211,15.5,2.92,0.0,0.0,Spring,No Holiday,Yes
2018-05-30 15:00:00,1280.0,24.3,52,3.0,1447,13.8,2.55,0.0,0.0,Spring,No Holiday,Yes
2018-05-30 16:00:00,1571.0,24.7,47,3.0,1594,12.6,2.44,0.0,0.0,Spring,No Holiday,Yes
2018-05-30 17:00:00,2166.0,24.1,41,2.2,1980,10.0,1.9,0.0,0.0,Spring,No Holiday,Yes
2018-05-30 18:00:00,3251.0,23.6,42,2.1,2000,9.9,1.23,0.0,0.0,Spring,No Holiday,Yes
2018-05-30 19:00:00,2650.0,21.2,52,3.6,1856,10.9,0.55,0.0,0.0,Spring,No Holiday,Yes
2018-05-30 20:00:00,2224.0,19.1,64,2.6,1530,12.1,0.06,0.0,0.0,Spring,No Holiday,Yes
2018-05-30 21:00:00,2074.0,18.2,69,2.0,1286,12.4,0.0,0.0,0.0,Spring,No Holiday,Yes
2018-05-30 22:00:00,1732.0,17.3,76,1.7,801,13.0,0.0,0.0,0.0,Spring,No Holiday,Yes
2018-05-30 23:00:00,1158.0,16.4,80,1.5,642,12.9,0.0,0.0,0.0,Spring,No Holiday,Yes
2018-05-31 00:00:00,844.0,15.8,82,1.6,546,12.7,0.0,0.0,0.0,Spring,No Holiday,Yes
2018-05-31 01:00:00,610.0,15.5,82,1.5,513,12.4,0.0,0.0,0.0,Spring,No Holiday,Yes
2018-05-31 02:00:00,470.0,15.2,84,0.7,485,12.5,0.0,0.0,0.0,Spring,No Holiday,Yes
2018-05-31 03:00:00,328.0,15.0,84,1.3,473,12.3,0.0,0.0,0.0,Spring,No Holiday,Yes
2018-05-31 04:00:00,188.0,14.8,85,0.7,478,12.2,0.0,0.0,0.0,Spring,No Holiday,Yes
2018-05-31 05:00:00,265.0,14.4,82,1.2,708,11.3,0.0,0.0,0.0,Spring,No Holiday,Yes
2018-05-31 06:00:00,646.0,14.3,82,0.7,653,11.2,0.05,0.0,0.0,Spring,No Holiday,Yes
2018-05-31 07:00:00,1401.0,14.9,71,0.9,651,9.6,0.47,0.0,0.0,Spring,No Holiday,Yes
2018-05-31 08:00:00,2281.0,16.9,65,1.6,896,10.2,1.21,0.0,0.0,Spring,No Holiday,Yes
2018-05-31 09:00:00,1277.0,18.8,59,1.6,1233,10.6,1.9,0.0,0.0,Spring,No Holiday,Yes
2018-05-31 10:00:00,936.0,20.8,54,1.2,1129,11.1,2.45,0.0,0.0,Spring,No Holiday,Yes
2018-05-31 11:00:00,979.0,22.0,54,2.7,1189,12.2,2.89,0.0,0.0,Spring,No Holiday,Yes
2018-05-31 12:00:00,1134.0,23.7,44,1.3,1624,10.7,3.2,0.0,0.0,Spring,No Holiday,Yes
2018-05-31 13:00:00,1151.0,25.0,47,2.5,1120,12.8,3.34,0.0,0.0,Spring,No Holiday,Yes
2018-05-31 14:00:00,1164.0,25.9,43,2.7,1493,12.3,2.97,0.0,0.0,Spring,No Holiday,Yes
2018-05-31 15:00:00,1280.0,26.9,37,2.7,1850,10.9,2.9,0.0,0.0,Spring,No Holiday,Yes
2018-05-31 16:00:00,1550.0,27.3,38,2.9,1784,11.7,2.41,0.0,0.0,Spring,No Holiday,Yes
2018-05-31 17:00:00,2047.0,27.2,42,2.9,1828,13.1,1.79,0.0,0.0,Spring,No Holiday,Yes
2018-05-31 18:00:00,3119.0,26.4,42,3.1,1995,12.4,0.79,0.0,0.0,Spring,No Holiday,Yes
2018-05-31 19:00:00,2534.0,25.2,53,3.1,1983,0.0,0.51,0.0,0.0,Spring,No Holiday,Yes
2018-05-31 20:00:00,2164.0,23.1,58,2.9,1950,14.3,0.06,0.0,0.0,Spring,No Holiday,Yes
2018-05-31 21:00:00,2070.0,21.9,60,2.5,1551,13.7,0.0,0.0,0.0,Spring,No Holiday,Yes
2018-05-31 22:00:00,1900.0,21.1,59,2.1,1874,12.7,0.0,0.0,0.0,Spring,No Holiday,Yes
2018-05-31 23:00:00,1343.0,20.5,62,2.2,1903,12.9,0.0,0.0,0.0,Spring,No Holiday,Yes
2018-06-01 00:00:00,963.0,20.1,63,1.1,1698,12.8,0.0,0.0,0.0,Summer,No Holiday,Yes
2018-06-01 01:00:00,776.0,19.5,65,0.4,1662,12.7,0.0,0.0,0.0,Summer,No Holiday,Yes
2018-06-01 02:00:00,554.0,19.0,72,1.4,1258,13.8,0.0,0.0,0.0,Summer,No Holiday,Yes
2018-06-01 03:00:00,366.0,18.6,72,1.4,1340,13.4,0.0,0.0,0.0,Summer,No Holiday,Yes
2018-06-01 04:00:00,265.0,18.1,76,1.8,561,13.7,0.0,0.0,0.0,Summer,No Holiday,Yes
2018-06-01 05:00:00,306.0,17.8,75,1.0,1210,13.3,0.0,0.0,0.0,Summer,No Holiday,Yes
2018-06-01 06:00:00,672.0,17.5,76,1.2,1161,13.2,0.05,0.0,0.0,Summer,No Holiday,Yes
2018-06-01 07:00:00,1421.0,18.1,64,0.6,923,11.1,0.47,0.0,0.0,Summer,No Holiday,Yes
2018-06-01 08:00:00,2149.0,20.6,55,0.7,1200,11.2,1.21,0.0,0.0,Summer,No Holiday,Yes
2018-06-01 09:00:00,1219.0,23.1,52,1.7,1012,12.6,1.88,0.0,0.0,Summer,No Holiday,Yes
2018-06-01 10:00:00,862.0,25.3,45,1.3,1371,12.5,2.45,0.0,0.0,Summer,No Holiday,Yes
2018-06-01 11:00:00,1036.0,26.8,38,2.6,1879,11.2,2.99,0.0,0.0,Summer,No Holiday,Yes
2018-06-01 12:00:00,1076.0,28.2,34,2.6,1867,10.8,3.26,0.0,0.0,Summer,No Holiday,Yes
2018-06-01 13:00:00,1093.0,29.4,33,2.2,1535,11.4,3.3,0.0,0.0,Summer,No Holiday,Yes
2018-06-01 14:00:00,1071.0,29.6,31,3.7,1988,10.6,3.25,0.0,0.0,Summer,No Holiday,Yes
2018-06-01 15:00:00,1235.0,29.9,36,3.3,1866,13.2,2.94,0.0,0.0,Summer,No Holiday,Yes
2018-06-01 16:00:00,1488.0,29.9,34,3.2,1912,12.3,2.46,0.0,0.0,Summer,No Holiday,Yes
2018-06-01 17:00:00,2123.0,29.2,35,4.3,1967,12.1,1.87,0.0,0.0,Summer,No Holiday,Yes
2018-06-01 18:00:00,3088.0,28.5,36,3.0,1981,11.9,1.21,0.0,0.0,Summer,No Holiday,Yes
2018-06-01 19:00:00,2505.0,26.8,35,1.9,2000,10.0,0.54,0.0,0.0,Summer,No Holiday,Yes
2018-06-01 20:00:00,2163.0,25.0,39,2.8,2000,10.0,0.06,0.0,0.0,Summer,No Holiday,Yes
2018-06-01 21:00:00,2066.0,23.5,44,1.6,2000,10.5,0.0,0.0,0.0,Summer,No Holiday,Yes
2018-06-01 22:00:00,1991.0,22.7,44,1.5,2000,9.8,0.0,0.0,0.0,Summer,No Holiday,Yes
2018-06-01 23:00:00,1440.0,21.8,49,1.6,1965,10.6,0.0,0.0,0.0,Summer,No Holiday,Yes
2018-06-02 00:00:00,1165.0,20.9,53,1.4,1717,10.9,0.0,0.0,0.0,Summer,No Holiday,Yes
2018-06-02 01:00:00,989.0,20.2,57,0.4,1428,11.4,0.0,0.0,0.0,Summer,No Holiday,Yes
2018-06-02 02:00:00,677.0,19.6,60,1.9,1200,11.6,0.0,0.0,0.0,Summer,No Holiday,Yes
2018-06-02 03:00:00,475.0,18.9,63,1.5,1007,11.6,0.0,0.0,0.0,Summer,No Holiday,Yes
2018-06-02 04:00:00,312.0,18.3,66,1.3,929,11.8,0.0,0.0,0.0,Summer,No Holiday,Yes
2018-06-02 05:00:00,264.0,17.8,69,1.1,951,12.0,0.0,0.0,0.0,Summer,No Holiday,Yes
2018-06-02 06:00:00,342.0,17.7,68,1.3,842,11.7,0.05,0.0,0.0,Summer,No Holiday,Yes
2018-06-02 07:00:00,560.0,18.1,59,0.6,789,9.9,0.47,0.0,0.0,Summer,No Holiday,Yes
2018-06-02 08:00:00,898.0,20.4,54,1.0,828,10.7,1.23,0.0,0.0,Summer,No Holiday,Yes
2018-06-02 09:00:00,1005.0,23.3,43,1.2,1257,10.0,1.91,0.0,0.0,Summer,No Holiday,Yes
2018-06-02 10:00:00,1044.0,25.5,33,1.1,1815,0.0,2.52,0.0,0.0,Summer,No Holiday,Yes
2018-06-02 11:00:00,1094.0,27.3,35,2.3,1537,10.4,2.98,0.0,0.0,Summer,No Holiday,Yes
2018-06-02 12:00:00,1253.0,28.3,30,3.0,1675,9.0,3.29,0.0,0.0,Summer,No Holiday,Yes
2018-06-02 13:00:00,1334.0,29.6,24,2.4,1873,6.8,3.42,0.0,0.0,Summer,No Holiday,Yes
2018-06-02 14:00:00,1396.0,29.8,23,3.6,1945,6.4,3.32,0.0,0.0,Summer,No Holiday,Yes
2018-06-02 15:00:00,1535.0,29.8,24,2.9,1939,7.0,3.0,0.0,0.0,Summer,No Holiday,Yes
2018-06-02 16:00:00,1707.0,29.6,26,3.7,2000,8.0,2.58,0.0,0.0,Summer,No Holiday,Yes
2018-06-02 17:00:00,2025.0,28.9,22,2.7,1965,5.0,1.93,0.0,0.0,Summer,No Holiday,Yes
2018-06-02 18:00:00,2246.0,27.4,29,3.6,2000,7.7,1.19,0.0,0.0,Summer,No Holiday,Yes
2018-06-02 19:00:00,2337.0,25.4,33,2.7,2000,7.9,0.54,0.0,0.0,Summer,No Holiday,Yes
2018-06-02 20:00:00,2338.0,23.4,38,2.3,2000,8.2,0.06,0.0,0.0,Summer,No Holiday,Yes
2018-06-02 21:00:00,2238.0,22.1,44,2.5,2000,9.2,0.0,0.0,0.0,Summer,No Holiday,Yes
2018-06-02 22:00:00,1969.0,21.4,48,1.6,2000,9.9,0.0,0.0,0.0,Summer,No Holiday,Yes
2018-06-02 23:00:00,1490.0,20.6,52,0.5,2000,10.3,0.0,0.0,0.0,Summer,No Holiday,Yes
2018-06-03 00:00:00,1248.0,19.7,55,2.0,1986,10.3,0.0,0.0,0.0,Summer,No Holiday,Yes
2018-06-03 01:00:00,902.0,19.2,57,0.8,1985,10.4,0.0,0.0,0.0,Summer,No Holiday,Yes
2018-06-03 02:00:00,673.0,18.6,60,1.8,1841,10.6,0.0,0.0,0.0,Summer,No Holiday,Yes
2018-06-03 03:00:00,437.0,18.0,64,1.3,1560,11.0,0.0,0.0,0.0,Summer,No Holiday,Yes
2018-06-03 04:00:00,294.0,17.4,65,0.8,1093,10.7,0.0,0.0,0.0,Summer,No Holiday,Yes
2018-06-03 05:00:00,193.0,17.1,66,0.3,1370,10.6,0.0,0.0,0.0,Summer,No Holiday,Yes
2018-06-03 06:00:00,228.0,16.9,62,0.4,1768,9.5,0.06,0.0,0.0,Summer,No Holiday,Yes
2018-06-03 07:00:00,423.0,18.0,54,0.7,1997,8.5,0.51,0.0,0.0,Summer,No Holiday,Yes
2018-06-03 08:00:00,659.0,20.3,47,1.5,1785,8.6,1.05,0.0,0.0,Summer,No Holiday,Yes
2018-06-03 09:00:00,831.0,22.7,39,0.7,1880,8.0,1.91,0.0,0.0,Summer,No Holiday,Yes
2018-06-03 10:00:00,938.0,24.8,34,1.3,1869,7.8,2.09,0.0,0.0,Summer,No Holiday,Yes
2018-06-03 11:00:00,977.0,26.7,30,1.1,1782,7.6,2.83,0.0,0.0,Summer,No Holiday,Yes
2018-06-03 12:00:00,1134.0,28.7,27,1.7,1843,7.8,3.29,0.0,0.0,Summer,No Holiday,Yes
2018-06-03 13:00:00,1393.0,29.4,24,2.7,1905,6.7,3.18,0.0,0.0,Summer,No Holiday,Yes
2018-06-03 14:00:00,1399.0,29.8,26,2.2,1818,8.2,3.2,0.0,0.0,Summer,No Holiday,Yes
2018-06-03 15:00:00,1556.0,30.7,21,2.5,1876,5.8,2.95,0.0,0.0,Summer,No Holiday,Yes
2018-06-03 16:00:00,1834.0,30.4,28,3.6,1790,9.8,2.48,0.0,0.0,Summer,No Holiday,Yes
2018-06-03 17:00:00,2131.0,29.5,29,4.1,1944,9.5,1.84,0.0,0.0,Summer,No Holiday,Yes
2018-06-03 18:00:00,2349.0,29.3,25,2.4,1973,7.2,1.23,0.0,0.0,Summer,No Holiday,Yes
2018-06-03 19:00:00,2514.0,27.4,29,2.4,2000,7.7,0.5,0.0,0.0,Summer,No Holiday,Yes
2018-06-03 20:00:00,2460.0,25.3,32,2.2,1997,7.4,0.06,0.0,0.0,Summer,No Holiday,Yes
2018-06-03 21:00:00,2173.0,24.2,32,2.1,2000,6.4,0.0,0.0,0.0,Summer,No Holiday,Yes
2018-06-03 22:00:00,1741.0,23.0,38,1.2,1996,7.9,0.0,0.0,0.0,Summer,No Holiday,Yes
2018-06-03 23:00:00,1274.0,22.0,44,0.8,1978,9.1,0.0,0.0,0.0,Summer,No Holiday,Yes
2018-06-04 00:00:00,938.0,21.4,45,1.4,1964,8.9,0.0,0.0,0.0,Summer,No Holiday,Yes
2018-06-04 01:00:00,596.0,20.7,47,0.9,1987,8.9,0.0,0.0,0.0,Summer,No Holiday,Yes
2018-06-04 02:00:00,351.0,20.1,49,0.8,1978,9.0,0.0,0.0,0.0,Summer,No Holiday,Yes
2018-06-04 03:00:00,244.0,19.6,51,1.0,1923,9.1,0.0,0.0,0.0,Summer,No Holiday,Yes
2018-06-04 04:00:00,172.0,19.4,56,1.2,1752,10.3,0.0,0.0,0.0,Summer,No Holiday,Yes
2018-06-04 05:00:00,299.0,19.2,56,0.9,1772,10.2,0.0,0.0,0.0,Summer,No Holiday,Yes
2018-06-04 06:00:00,742.0,18.9,53,0.3,1871,9.1,0.04,0.0,0.0,Summer,No Holiday,Yes
2018-06-04 07:00:00,1505.0,19.5,52,0.8,1818,9.3,0.46,0.0,0.0,Summer,No Holiday,Yes
2018-06-04 08:00:00,2287.0,22.1,44,1.4,1435,9.2,1.16,0.0,0.0,Summer,No Holiday,Yes
2018-06-04 09:00:00,1243.0,23.3,37,0.4,1336,7.7,1.28,0.0,0.0,Summer,No Holiday,Yes
2018-06-04 10:00:00,970.0,25.1,40,2.7,1076,10.5,2.37,0.0,0.0,Summer,No Holiday,Yes
2018-06-04 11:00:00,1008.0,26.1,37,2.4,1079,10.2,2.79,0.0,0.0,Summer,No Holiday,Yes
2018-06-04 12:00:00,1152.0,26.3,36,3.1,1377,10.0,2.61,0.0,0.0,Summer,No Holiday,Yes
2018-06-04 13:00:00,1085.0,27.4,30,2.0,1768,8.2,3.03,0.0,0.0,Summer,No Holiday,Yes
2018-06-04 14:00:00,1148.0,26.5,43,3.9,1671,12.8,2.36,0.0,0.0,Summer,No Holiday,Yes
2018-06-04 15:00:00,1249.0,25.5,43,2.9,1996,11.9,1.71,0.0,0.0,Summer,No Holiday,Yes
2018-06-04 16:00:00,1671.0,25.5,43,3.2,1892,11.9,1.72,0.0,0.0,Summer,No Holiday,Yes
2018-06-04 17:00:00,2190.0,24.9,46,2.0,1855,12.4,0.91,0.0,0.0,Summer,No Holiday,Yes
2018-06-04 18:00:00,3380.0,24.4,48,1.9,1998,12.6,0.56,0.0,0.0,Summer,No Holiday,Yes
2018-06-04 19:00:00,2788.0,23.9,51,2.3,2000,13.1,0.12,0.0,0.0,Summer,No Holiday,Yes
2018-06-04 20:00:00,2508.0,23.4,43,1.1,2000,10.0,0.01,0.0,0.0,Summer,No Holiday,Yes
2018-06-04 21:00:00,2377.0,22.6,62,1.1,1363,14.9,0.0,0.0,0.0,Summer,No Holiday,Yes
2018-06-04 22:00:00,2000.0,22.0,64,1.8,1211,14.8,0.0,0.0,0.0,Summer,No Holiday,Yes
2018-06-04 23:00:00,1354.0,21.4,68,2.7,972,15.2,0.0,0.0,0.0,Summer,No Holiday,Yes
2018-06-05 00:00:00,927.0,20.5,71,2.8,1204,15.0,0.0,0.0,0.0,Summer,No Holiday,Yes
2018-06-05 01:00:00,742.0,20.0,67,0.7,1426,13.6,0.0,0.0,0.0,Summer,No Holiday,Yes
2018-06-05 02:00:00,448.0,19.7,66,0.5,1591,13.1,0.0,0.0,0.0,Summer,No Holiday,Yes
2018-06-05 03:00:00,314.0,19.1,72,0.6,1370,13.9,0.0,0.0,0.0,Summer,No Holiday,Yes
2018-06-05 04:00:00,214.0,18.5,72,0.6,1168,13.3,0.0,0.0,0.0,Summer,No Holiday,Yes
2018-06-05 05:00:00,282.0,18.1,73,0.5,1182,13.1,0.0,0.0,0.0,Summer,No Holiday,Yes
2018-06-05 06:00:00,733.0,17.8,73,0.4,1188,12.8,0.04,0.0,0.0,Summer,No Holiday,Yes
2018-06-05 07:00:00,1602.0,18.8,64,0.7,1099,11.8,0.48,0.0,0.0,Summer,No Holiday,Yes
2018-06-05 08:00:00,2322.0,21.5,58,1.1,1021,12.8,1.21,0.0,0.0,Summer,No Holiday,Yes
2018-06-05 09:00:00,1344.0,23.5,51,1.4,1169,12.7,1.82,0.0,0.0,Summer,No Holiday,Yes
2018-06-05 10:00:00,959.0,25.5,43,1.0,1568,11.9,2.49,0.0,0.0,Summer,No Holiday,Yes
2018-06-05 11:00:00,974.0,26.8,37,1.6,1639,10.8,2.91,0.0,0.0,Summer,No Holiday,Yes
2018-06-05 12:00:00,1111.0,28.2,35,1.2,1411,11.2,3.23,0.0,0.0,Summer,No Holiday,Yes
2018-06-05 13:00:00,1058.0,28.6,34,2.0,1274,11.1,2.82,0.0,0.0,Summer,No Holiday,Yes
2018-06-05 14:00:00,1120.0,28.9,34,2.7,1328,11.4,2.06,0.0,0.0,Summer,No Holiday,Yes
2018-06-05 15:00:00,1250.0,29.0,38,3.4,749,13.2,2.12,0.0,0.0,Summer,No Holiday,Yes
2018-06-05 16:00:00,1434.0,28.8,38,3.1,1027,13.0,2.14,0.0,0.0,Summer,No Holiday,Yes
2018-06-05 17:00:00,2115.0,28.1,37,3.6,1346,12.0,1.56,0.0,0.0,Summer,No Holiday,Yes
2018-06-05 18:00:00,3227.0,27.1,40,2.8,1811,12.3,1.0,0.0,0.0,Summer,No Holiday,Yes
2018-06-05 19:00:00,2615.0,25.5,43,3.1,1760,11.9,0.41,0.0,0.0,Summer,No Holiday,Yes
2018-06-05 20:00:00,2346.0,24.0,46,2.8,1896,11.6,0.06,0.0,0.0,Summer,No Holiday,Yes
2018-06-05 21:00:00,2404.0,23.3,51,1.7,1654,12.5,0.0,0.0,0.0,Summer,No Holiday,Yes
2018-06-05 22:00:00,2237.0,22.4,54,2.5,1778,12.6,0.0,0.0,0.0,Summer,No Holiday,Yes
2018-06-05 23:00:00,1646.0,21.9,56,0.7,1898,12.7,0.0,0.0,0.0,Summer,No Holiday,Yes
2018-06-06 00:00:00,1268.0,21.2,60,0.9,1789,13.1,0.0,0.0,0.0,Summer,Holiday,Yes
2018-06-06 01:00:00,1031.0,20.6,63,0.6,1670,13.3,0.0,0.0,0.0,Summer,Holiday,Yes
2018-06-06 02:00:00,792.0,20.1,65,1.0,1435,13.3,0.0,0.0,0.0,Summer,Holiday,Yes
2018-06-06 03:00:00,562.0,19.6,68,1.7,1260,13.5,0.0,0.0,0.0,Summer,Holiday,Yes
2018-06-06 04:00:00,332.0,19.2,68,0.8,1181,13.1,0.0,0.0,0.0,Summer,Holiday,Yes
2018-06-06 05:00:00,218.0,18.7,73,1.4,1065,13.7,0.0,0.0,0.0,Summer,Holiday,Yes
2018-06-06 06:00:00,351.0,18.5,73,1.1,1028,13.5,0.06,0.0,0.0,Summer,Holiday,Yes
2018-06-06 07:00:00,536.0,19.3,63,0.7,916,12.0,0.46,0.0,0.0,Summer,Holiday,Yes
2018-06-06 08:00:00,799.0,21.2,59,1.2,794,12.8,1.13,0.0,0.0,Summer,Holiday,Yes
2018-06-06 09:00:00,925.0,22.9,56,2.3,763,13.6,1.74,0.0,0.0,Summer,Holiday,Yes
2018-06-06 10:00:00,1087.0,24.3,53,2.9,949,14.1,2.37,0.0,0.0,Summer,Holiday,Yes
2018-06-06 11:00:00,1152.0,25.8,52,2.1,905,15.1,2.84,0.0,0.0,Summer,Holiday,Yes
2018-06-06 12:00:00,1400.0,27.3,51,2.8,703,16.2,3.16,0.0,0.0,Summer,Holiday,Yes
2018-06-06 13:00:00,1444.0,27.3,52,3.1,613,16.5,3.21,0.0,0.0,Summer,Holiday,Yes
2018-06-06 14:00:00,1603.0,27.4,50,3.5,615,16.0,3.01,0.0,0.0,Summer,Holiday,Yes
2018-06-06 15:00:00,1674.0,27.6,49,3.7,656,15.9,2.79,0.0,0.0,Summer,Holiday,Yes
2018-06-06 16:00:00,1940.0,27.9,47,2.8,824,15.5,2.36,0.0,0.0,Summer,Holiday,Yes
2018-06-06 17:00:00,2104.0,27.4,48,2.7,1084,15.4,1.8,0.0,0.0,Summer,Holiday,Yes
2018-06-06 18:00:00,2162.0,26.6,52,2.5,1368,15.9,1.09,0.0,0.0,Summer,Holiday,Yes
2018-06-06 19:00:00,2163.0,24.9,56,3.1,1469,15.5,0.51,0.0,0.0,Summer,Holiday,Yes
2018-06-06 20:00:00,2145.0,23.4,64,1.8,1144,16.1,0.07,0.0,0.0,Summer,Holiday,Yes
2018-06-06 21:00:00,1935.0,22.1,72,2.5,923,16.8,0.0,0.0,0.0,Summer,Holiday,Yes
2018-06-06 22:00:00,1624.0,20.8,78,1.8,763,16.8,0.0,0.0,0.0,Summer,Holiday,Yes
2018-06-06 23:00:00,1251.0,20.1,77,3.1,797,15.9,0.0,0.0,0.0,Summer,Holiday,Yes
2018-06-07 00:00:00,978.0,19.6,82,1.7,628,16.4,0.0,0.0,0.0,Summer,No Holiday,Yes
2018-06-07 01:00:00,606.0,19.1,86,1.8,522,16.6,0.0,0.0,0.0,Summer,No Holiday,Yes
2018-06-07 02:00:00,418.0,18.8,88,0.3,500,16.7,0.0,0.0,0.0,Summer,No Holiday,Yes
2018-06-07 03:00:00,275.0,18.4,88,1.6,465,16.3,0.0,0.0,0.0,Summer,No Holiday,Yes
2018-06-07 04:00:00,191.0,18.1,88,1.8,458,16.0,0.0,0.0,0.0,Summer,No Holiday,Yes
2018-06-07 05:00:00,288.0,17.8,91,2.2,393,16.3,0.0,0.0,0.0,Summer,No Holiday,Yes
2018-06-07 06:00:00,716.0,18.1,88,1.1,272,16.0,0.03,0.0,0.0,Summer,No Holiday,Yes
2018-06-07 07:00:00,1551.0,18.6,85,2.0,307,16.0,0.16,0.0,0.0,Summer,No Holiday,Yes
2018-06-07 08:00:00,2317.0,18.9,82,2.3,326,15.7,0.44,0.0,0.0,Summer,No Holiday,Yes
2018-06-07 09:00:00,1342.0,20.5,73,1.6,364,15.4,1.23,0.0,0.0,Summer,No Holiday,Yes
2018-06-07 10:00:00,914.0,22.0,69,2.0,488,16.0,2.04,0.0,0.0,Summer,No Holiday,Yes
2018-06-07 11:00:00,967.0,23.4,62,1.8,603,15.6,2.87,0.0,0.0,Summer,No Holiday,Yes
2018-06-07 12:00:00,1099.0,25.0,56,3.0,715,15.6,3.19,0.0,0.0,Summer,No Holiday,Yes
2018-06-07 13:00:00,1071.0,26.7,47,2.4,806,14.4,3.26,0.0,0.0,Summer,No Holiday,Yes
2018-06-07 14:00:00,1116.0,28.2,44,1.7,644,14.7,3.11,0.0,0.0,Summer,No Holiday,Yes
2018-06-07 15:00:00,1171.0,29.3,41,2.0,609,14.6,2.63,0.0,0.0,Summer,No Holiday,Yes
2018-06-07 16:00:00,1442.0,29.3,41,2.0,905,14.6,1.95,0.0,0.0,Summer,No Holiday,Yes
2018-06-07 17:00:00,2002.0,28.2,51,3.3,879,17.0,1.73,0.0,0.0,Summer,No Holiday,Yes
2018-06-07 18:00:00,3221.0,25.6,57,2.7,1217,16.4,0.96,0.0,0.0,Summer,No Holiday,Yes
2018-06-07 19:00:00,2649.0,24.0,60,2.8,1379,15.7,0.38,0.0,0.0,Summer,No Holiday,Yes
2018-06-07 20:00:00,2278.0,22.8,67,1.6,1219,16.3,0.06,0.0,0.0,Summer,No Holiday,Yes
2018-06-07 21:00:00,2161.0,21.5,69,2.6,942,15.5,0.0,0.0,0.0,Summer,No Holiday,Yes
2018-06-07 22:00:00,1939.0,20.9,71,1.0,763,15.4,0.0,0.0,0.0,Summer,No Holiday,Yes
2018-06-07 23:00:00,1290.0,20.3,77,1.3,770,16.1,0.0,0.0,0.0,Summer,No Holiday,Yes
2018-06-08 00:00:00,926.0,19.1,82,2.2,874,15.9,0.0,0.0,0.0,Summer,No Holiday,Yes
2018-06-08 01:00:00,769.0,18.8,84,1.7,658,16.0,0.0,0.0,0.0,Summer,No Holiday,Yes
2018-06-08 02:00:00,525.0,18.6,84,2.5,619,15.8,0.0,0.0,0.0,Summer,No Holiday,Yes
2018-06-08 03:00:00,365.0,18.6,83,2.9,889,15.6,0.0,0.0,0.0,Summer,No Holiday,Yes
2018-06-08 04:00:00,255.0,18.5,82,2.0,1072,15.3,0.0,0.0,0.0,Summer,No Holiday,Yes
2018-06-08 05:00:00,299.0,18.6,81,0.8,1205,15.2,0.0,0.0,0.0,Summer,No Holiday,Yes
2018-06-08 06:00:00,744.0,18.8,78,2.0,1259,14.8,0.01,0.0,0.0,Summer,No Holiday,Yes
2018-06-08 07:00:00,1544.0,19.1,73,2.0,1300,14.1,0.3,0.0,0.0,Summer,No Holiday,Yes
2018-06-08 08:00:00,2348.0,19.7,69,2.0,1448,13.8,0.54,0.0,0.0,Summer,No Holiday,Yes
2018-06-08 09:00:00,1283.0,21.2,62,1.7,1384,13.6,1.45,0.0,0.0,Summer,No Holiday,Yes
2018-06-08 10:00:00,1002.0,21.9,62,1.7,1664,14.2,1.36,0.0,0.0,Summer,No Holiday,Yes
2018-06-08 11:00:00,1095.0,21.9,64,2.4,1359,14.7,1.03,0.0,0.0,Summer,No Holiday,Yes
2018-06-08 12:00:00,1256.0,23.1,56,1.6,1222,13.8,1.71,0.0,0.0,Summer,No Holiday,Yes
2018-06-08 13:00:00,1314.0,24.2,58,1.9,1015,15.4,1.87,0.0,0.0,Summer,No Holiday,Yes
2018-06-08 14:00:00,1249.0,25.0,54,2.2,1146,15.0,1.86,0.0,0.0,Summer,No Holiday,Yes
2018-06-08 15:00:00,1416.0,26.2,51,3.3,1104,15.2,2.87,0.0,0.0,Summer,No Holiday,Yes
2018-06-08 16:00:00,1668.0,26.6,49,3.2,1200,15.0,2.35,0.0,0.0,Summer,No Holiday,Yes
2018-06-08 17:00:00,2314.0,26.9,49,2.3,1210,15.2,1.72,0.0,0.0,Summer,No Holiday,Yes
2018-06-08 18:00:00,3309.0,26.2,54,2.2,1183,16.1,0.88,0.0,0.0,Summer,No Holiday,Yes
2018-06-08 19:00:00,2797.0,24.5,63,3.1,970,16.9,0.46,0.0,0.0,Summer,No Holiday,Yes
2018-06-08 20:00:00,2476.0,22.6,71,1.8,856,17.0,0.11,0.0,0.0,Summer,No Holiday,Yes
2018-06-08 21:00:00,2337.0,21.2,77,1.7,638,16.9,0.0,0.0,0.0,Summer,No Holiday,Yes
2018-06-08 22:00:00,2140.0,20.5,78,0.9,550,16.5,0.0,0.0,0.0,Summer,No Holiday,Yes
2018-06-08 23:00:00,1672.0,20.0,79,1.4,510,16.2,0.0,0.0,0.0,Summer,No Holiday,Yes
2018-06-09 00:00:00,1247.0,19.7,83,1.5,390,16.7,0.0,0.0,0.0,Summer,No Holiday,Yes
2018-06-09 01:00:00,1029.0,19.7,81,0.6,419,16.3,0.0,0.0,0.0,Summer,No Holiday,Yes
2018-06-09 02:00:00,732.0,19.4,84,0.7,382,16.6,0.0,0.0,0.0,Summer,No Holiday,Yes
2018-06-09 03:00:00,535.0,19.1,84,0.6,421,16.3,0.0,0.0,0.0,Summer,No Holiday,Yes
2018-06-09 04:00:00,352.0,19.0,83,0.4,473,16.0,0.0,0.0,0.0,Summer,No Holiday,Yes
2018-06-09 05:00:00,262.0,19.0,85,0.4,467,16.4,0.0,0.0,0.0,Summer,No Holiday,Yes
2018-06-09 06:00:00,381.0,19.0,84,0.5,440,16.2,0.05,0.0,0.0,Summer,No Holiday,Yes
2018-06-09 07:00:00,616.0,20.2,73,1.1,708,15.1,0.41,0.0,0.0,Summer,No Holiday,Yes
2018-06-09 08:00:00,963.0,21.9,62,0.9,1071,14.2,1.03,0.0,0.0,Summer,No Holiday,Yes
2018-06-09 09:00:00,1102.0,24.0,55,1.8,1411,14.3,1.81,0.0,0.0,Summer,No Holiday,Yes
2018-06-09 10:00:00,1156.0,25.8,49,1.3,1442,14.2,2.42,0.0,0.0,Summer,No Holiday,Yes
2018-06-09 11:00:00,1200.0,27.2,46,1.7,1301,14.5,2.88,0.0,0.0,Summer,No Holiday,Yes
2018-06-09 12:00:00,1462.0,28.2,42,1.4,1563,14.0,2.84,0.0,0.0,Summer,No Holiday,Yes
2018-06-09 13:00:00,1583.0,28.8,42,2.0,1438,14.6,2.38,0.0,0.0,Summer,No Holiday,Yes
2018-06-09 14:00:00,1744.0,30.1,35,1.4,1583,12.9,2.53,0.0,0.0,Summer,No Holiday,Yes
2018-06-09 15:00:00,1890.0,29.6,40,2.5,1546,14.5,1.96,0.0,0.0,Summer,No Holiday,Yes
2018-06-09 16:00:00,2297.0,28.7,40,2.5,1474,13.7,1.0,0.0,0.0,Summer,No Holiday,Yes
2018-06-09 17:00:00,2355.0,28.2,39,2.9,1653,12.9,0.7,0.0,0.0,Summer,No Holiday,Yes
2018-06-09 18:00:00,1934.0,27.3,42,1.2,2000,13.2,0.19,0.0,0.0,Summer,No Holiday,Yes
2018-06-09 19:00:00,1058.0,25.7,47,1.8,2000,13.5,0.04,0.0,0.0,Summer,No Holiday,Yes
2018-06-09 20:00:00,246.0,23.7,62,1.6,1402,15.9,0.0,0.4,0.0,Summer,No Holiday,Yes
2018-06-09 21:00:00,225.0,22.4,72,1.5,1816,17.0,0.0,0.1,0.0,Summer,No Holiday,Yes
2018-06-09 22:00:00,776.0,21.0,75,1.3,2000,16.3,0.0,0.0,0.0,Summer,No Holiday,Yes
2018-06-09 23:00:00,766.0,20.7,66,1.6,2000,14.1,0.0,0.0,0.0,Summer,No Holiday,Yes
2018-06-10 00:00:00,483.0,20.2,66,1.5,2000,13.6,0.0,0.0,0.0,Summer,No Holiday,Yes
2018-06-10 01:00:00,375.0,19.7,71,1.2,1986,14.2,0.0,0.5,0.0,Summer,No Holiday,Yes
2018-06-10 02:00:00,162.0,19.2,69,1.3,2000,13.3,0.0,0.0,0.0,Summer,No Holiday,Yes
2018-06-10 03:00:00,150.0,18.6,78,0.8,1997,14.6,0.0,0.0,0.0,Summer,No Holiday,Yes
2018-06-10 04:00:00,174.0,18.3,72,1.7,2000,13.1,0.0,0.0,0.0,Summer,No Holiday,Yes
2018-06-10 05:00:00,138.0,18.4,70,1.4,2000,12.8,0.0,0.0,0.0,Summer,No Holiday,Yes
2018-06-10 06:00:00,216.0,18.3,71,0.9,2000,12.9,0.0,0.0,0.0,Summer,No Holiday,Yes
2018-06-10 07:00:00,313.0,18.4,68,0.6,2000,12.3,0.04,0.0,0.0,Summer,No Holiday,Yes
2018-06-10 08:00:00,619.0,19.0,65,2.0,2000,12.2,0.28,0.0,0.0,Summer,No Holiday,Yes
2018-06-10 09:00:00,786.0,19.2,65,1.4,2000,12.4,0.34,0.0,0.0,Summer,No Holiday,Yes
2018-06-10 10:00:00,942.0,20.2,62,1.8,2000,12.6,0.82,0.0,0.0,Summer,No Holiday,Yes
2018-06-10 11:00:00,1074.0,21.3,56,1.5,1989,12.1,1.18,0.0,0.0,Summer,No Holiday,Yes
2018-06-10 12:00:00,1442.0,23.2,50,2.2,1988,12.1,2.45,0.0,0.0,Summer,No Holiday,Yes
2018-06-10 13:00:00,1752.0,24.2,48,1.2,1968,12.4,2.19,0.0,0.0,Summer,No Holiday,Yes
2018-06-10 14:00:00,1985.0,24.1,51,1.1,2000,13.3,1.58,0.0,0.0,Summer,No Holiday,Yes
2018-06-10 15:00:00,2182.0,24.8,49,1.2,2000,13.3,1.34,0.0,0.0,Summer,No Holiday,Yes
2018-06-10 16:00:00,2333.0,24.8,51,1.6,2000,13.9,1.17,0.0,0.0,Summer,No Holiday,Yes
2018-06-10 17:00:00,2431.0,24.6,52,1.3,2000,14.0,0.82,0.0,0.0,Summer,No Holiday,Yes
2018-06-10 18:00:00,2367.0,24.1,53,1.3,2000,13.9,0.48,0.0,0.0,Summer,No Holiday,Yes
2018-06-10 19:00:00,2267.0,23.4,55,1.0,2000,13.8,0.12,0.0,0.0,Summer,No Holiday,Yes
2018-06-10 20:00:00,2300.0,22.8,55,1.3,2000,13.2,0.01,0.0,0.0,Summer,No Holiday,Yes
2018-06-10 21:00:00,2026.0,22.1,55,1.5,2000,12.6,0.0,0.0,0.0,Summer,No Holiday,Yes
2018-06-10 22:00:00,1634.0,21.5,55,1.8,2000,12.0,0.0,0.0,0.0,Summer,No Holiday,Yes
2018-06-10 23:00:00,1191.0,20.9,56,1.5,2000,11.7,0.0,0.0,0.0,Summer,No Holiday,Yes
2018-06-11 00:00:00,918.0,20.3,58,1.4,2000,11.7,0.0,0.0,0.0,Summer,No Holiday,Yes
2018-06-11 01:00:00,555.0,19.8,59,1.3,2000,11.5,0.0,0.0,0.0,Summer,No Holiday,Yes
2018-06-11 02:00:00,353.0,19.2,60,1.5,2000,11.2,0.0,0.0,0.0,Summer,No Holiday,Yes
2018-06-11 03:00:00,232.0,18.8,61,1.3,2000,11.1,0.0,0.0,0.0,Summer,No Holiday,Yes
2018-06-11 04:00:00,194.0,18.8,60,1.0,2000,10.8,0.0,0.0,0.0,Summer,No Holiday,Yes
2018-06-11 05:00:00,324.0,18.8,61,1.2,2000,11.1,0.0,0.0,0.0,Summer,No Holiday,Yes
2018-06-11 06:00:00,807.0,18.6,61,0.8,2000,10.9,0.03,0.0,0.0,Summer,No Holiday,Yes
2018-06-11 07:00:00,1629.0,19.1,59,1.1,2000,10.8,0.38,0.0,0.0,Summer,No Holiday,Yes
2018-06-11 08:00:00,2375.0,20.7,55,1.5,2000,11.3,1.23,0.0,0.0,Summer,No Holiday,Yes
2018-06-11 09:00:00,1307.0,22.2,48,1.7,1889,10.6,1.77,0.0,0.0,Summer,No Holiday,Yes
2018-06-11 10:00:00,992.0,23.7,47,1.3,2000,11.7,2.67,0.0,0.0,Summer,No Holiday,Yes
2018-06-11 11:00:00,1107.0,23.2,52,1.4,2000,12.7,1.53,0.0,0.0,Summer,No Holiday,Yes
2018-06-11 12:00:00,1204.0,23.2,52,1.2,2000,12.7,0.82,0.0,0.0,Summer,No Holiday,Yes
2018-06-11 13:00:00,1033.0,23.7,49,1.2,2000,12.3,1.04,0.0,0.0,Summer,No Holiday,Yes
2018-06-11 14:00:00,1075.0,23.9,47,1.0,2000,11.8,0.97,0.0,0.0,Summer,No Holiday,Yes
2018-06-11 15:00:00,1240.0,22.2,60,1.3,1907,14.0,0.34,0.0,0.0,Summer,No Holiday,Yes
2018-06-11 16:00:00,1220.0,22.0,60,1.8,2000,13.8,0.14,0.0,0.0,Summer,No Holiday,Yes
2018-06-11 17:00:00,1475.0,20.7,72,3.4,2000,15.4,0.11,0.0,0.0,Summer,No Holiday,Yes
2018-06-11 18:00:00,1491.0,19.8,80,3.9,2000,16.2,0.12,0.0,0.0,Summer,No Holiday,Yes
2018-06-11 19:00:00,873.0,19.4,85,1.2,1651,16.8,0.08,0.5,0.0,Summer,No Holiday,Yes
2018-06-11 20:00:00,1280.0,19.1,84,1.7,2000,16.3,0.04,0.0,0.0,Summer,No Holiday,Yes
2018-06-11 21:00:00,1647.0,19.0,82,1.0,2000,15.8,0.0,0.0,0.0,Summer,No Holiday,Yes
2018-06-11 22:00:00,1117.0,19.0,76,0.1,2000,14.6,0.0,0.0,0.0,Summer,No Holiday,Yes
2018-06-11 23:00:00,384.0,18.2,93,0.8,460,17.0,0.0,3.5,0.0,Summer,No Holiday,Yes
2018-06-12 00:00:00,470.0,18.0,94,0.7,1906,17.0,0.0,1.0,0.0,Summer,No Holiday,Yes
2018-06-12 01:00:00,454.0,17.7,92,0.9,1958,16.3,0.0,0.0,0.0,Summer,No Holiday,Yes
2018-06-12 02:00:00,385.0,17.7,87,1.2,2000,15.5,0.0,0.0,0.0,Summer,No Holiday,Yes
2018-06-12 03:00:00,206.0,17.5,87,0.5,1995,15.3,0.0,0.0,0.0,Summer,No Holiday,Yes
2018-06-12 04:00:00,144.0,17.5,84,0.8,2000,14.7,0.0,0.0,0.0,Summer,No Holiday,Yes
2018-06-12 05:00:00,296.0,17.2,87,0.6,2000,15.0,0.0,0.0,0.0,Summer,No Holiday,Yes
2018-06-12 06:00:00,740.0,16.7,85,1.0,2000,14.1,0.03,0.0,0.0,Summer,No Holiday,Yes
2018-06-12 07:00:00,1573.0,17.1,77,1.5,1748,13.0,0.49,0.0,0.0,Summer,No Holiday,Yes
2018-06-12 08:00:00,2495.0,19.0,67,1.1,1976,12.7,1.29,0.0,0.0,Summer,No Holiday,Yes
2018-06-12 09:00:00,1317.0,21.1,60,0.9,1998,13.0,2.18,0.0,0.0,Summer,No Holiday,Yes
2018-06-12 10:00:00,971.0,22.1,53,1.1,1999,12.0,2.28,0.0,0.0,Summer,No Holiday,Yes
2018-06-12 11:00:00,1092.0,22.9,54,2.6,1959,13.0,2.56,0.0,0.0,Summer,No Holiday,Yes
2018-06-12 12:00:00,1202.0,24.0,51,1.8,2000,13.2,2.29,0.0,0.0,Summer,No Holiday,Yes
2018-06-12 13:00:00,1215.0,25.7,46,0.8,2000,13.2,3.18,0.0,0.0,Summer,No Holiday,Yes
2018-06-12 14:00:00,1246.0,25.6,45,2.2,1961,12.7,1.39,0.0,0.0,Summer,No Holiday,Yes
2018-06-12 15:00:00,1427.0,26.2,42,2.7,1977,12.2,1.59,0.0,0.0,Summer,No Holiday,Yes
2018-06-12 16:00:00,1714.0,26.2,47,3.8,1996,13.9,2.45,0.0,0.0,Summer,No Holiday,Yes
2018-06-12 17:00:00,2270.0,26.4,47,3.0,1976,14.1,1.76,0.0,0.0,Summer,No Holiday,Yes
2018-06-12 18:00:00,3404.0,24.9,53,3.6,2000,14.6,1.28,0.0,0.0,Summer,No Holiday,Yes
2018-06-12 19:00:00,2873.0,23.1,58,2.4,1997,14.3,0.59,0.0,0.0,Summer,No Holiday,Yes
2018-06-12 20:00:00,2579.0,21.6,62,3.3,2000,13.9,0.09,0.0,0.0,Summer,No Holiday,Yes
2018-06-12 21:00:00,2505.0,20.6,70,1.8,1986,14.9,0.0,0.0,0.0,Summer,No Holiday,Yes
2018-06-12 22:00:00,2309.0,20.0,70,1.0,2000,14.3,0.0,0.0,0.0,Summer,No Holiday,Yes
2018-06-12 23:00:00,1657.0,19.5,72,0.6,1989,14.3,0.0,0.0,0.0,Summer,No Holiday,Yes
2018-06-13 00:00:00,1274.0,19.3,76,1.2,1968,14.9,0.0,0.0,0.0,Summer,No Holiday,Yes
2018-06-13 01:00:00,1088.0,18.9,77,0.7,1987,14.7,0.0,0.0,0.0,Summer,No Holiday,Yes
2018-06-13 02:00:00,847.0,18.4,75,0.6,1986,13.8,0.0,0.0,0.0,Summer,No Holiday,Yes
2018-06-13 03:00:00,591.0,18.5,73,1.0,1951,13.5,0.0,0.0,0.0,Summer,No Holiday,Yes
2018-06-13 04:00:00,421.0,18.7,74,0.9,1933,13.9,0.0,0.0,0.0,Summer,No Holiday,Yes
2018-06-13 05:00:00,290.0,18.6,76,0.4,1957,14.2,0.0,0.0,0.0,Summer,No Holiday,Yes
2018-06-13 06:00:00,416.0,18.7,75,0.9,1923,14.1,0.06,0.0,0.0,Summer,No Holiday,Yes
2018-06-13 07:00:00,657.0,19.4,69,0.3,1277,13.5,0.42,0.0,0.0,Summer,No Holiday,Yes
2018-06-13 08:00:00,959.0,20.7,65,1.5,1004,13.8,0.97,0.0,0.0,Summer,No Holiday,Yes
2018-06-13 09:00:00,1111.0,22.6,59,1.6,1030,14.1,1.8,0.0,0.0,Summer,No Holiday,Yes
2018-06-13 10:00:00,1269.0,23.0,57,2.2,1145,14.0,1.1,0.0,0.0,Summer,No Holiday,Yes
2018-06-13 11:00:00,1478.0,24.5,51,1.5,1333,13.6,1.97,0.0,0.0,Summer,No Holiday,Yes
2018-06-13 12:00:00,1747.0,24.5,56,2.3,1094,15.1,1.74,0.0,0.0,Summer,No Holiday,Yes
2018-06-13 13:00:00,1834.0,24.9,52,1.8,1554,14.3,1.7,0.0,0.0,Summer,No Holiday,Yes
2018-06-13 14:00:00,2088.0,26.6,50,2.4,1119,15.3,2.95,0.0,0.0,Summer,No Holiday,Yes
2018-06-13 15:00:00,2288.0,25.5,50,2.2,1025,14.3,0.47,0.0,0.0,Summer,No Holiday,Yes
2018-06-13 16:00:00,2474.0,25.8,50,1.7,1152,14.5,0.66,0.0,0.0,Summer,No Holiday,Yes
2018-06-13 17:00:00,2664.0,25.6,57,3.3,919,16.4,0.87,0.0,0.0,Summer,No Holiday,Yes
2018-06-13 18:00:00,2479.0,23.4,63,3.6,1245,15.9,0.5,0.0,0.0,Summer,No Holiday,Yes
2018-06-13 19:00:00,2404.0,22.8,64,2.3,1444,15.6,0.45,0.0,0.0,Summer,No Holiday,Yes
2018-06-13 20:00:00,2276.0,22.1,65,1.3,1611,15.2,0.09,0.0,0.0,Summer,No Holiday,Yes
2018-06-13 21:00:00,2166.0,21.8,67,0.0,1485,15.3,0.0,0.0,0.0,Summer,No Holiday,Yes
2018-06-13 22:00:00,1934.0,21.6,66,1.2,1438,14.9,0.0,0.0,0.0,Summer,No Holiday,Yes
2018-06-13 23:00:00,1394.0,21.5,62,0.1,1827,13.9,0.0,0.0,0.0,Summer,No Holiday,Yes
2018-06-14 00:00:00,1047.0,21.1,69,0.5,1086,15.1,0.0,0.0,0.0,Summer,No Holiday,Yes
2018-06-14 01:00:00,715.0,20.8,72,1.0,912,15.5,0.0,0.0,0.0,Summer,No Holiday,Yes
2018-06-14 02:00:00,453.0,20.8,73,0.8,829,15.7,0.0,0.0,0.0,Summer,No Holiday,Yes
2018-06-14 03:00:00,289.0,20.8,73,0.7,756,15.7,0.0,0.0,0.0,Summer,No Holiday,Yes
2018-06-14 04:00:00,193.0,21.0,72,0.8,677,15.7,0.0,0.0,0.0,Summer,No Holiday,Yes
2018-06-14 05:00:00,154.0,20.3,84,3.2,518,17.5,0.0,0.0,0.0,Summer,No Holiday,Yes
2018-06-14 06:00:00,100.0,19.5,95,1.4,179,18.6,0.0,1.5,0.0,Summer,No Holiday,Yes
2018-06-14 07:00:00,94.0,19.4,97,0.9,272,18.9,0.0,13.5,0.0,Summer,No Holiday,Yes
2018-06-14 08:00:00,187.0,18.9,97,1.2,492,18.4,0.06,11.5,0.0,Summer,No Holiday,Yes
2018-06-14 09:00:00,175.0,19.1,96,0.6,273,18.4,0.17,1.5,0.0,Summer,No Holiday,Yes
2018-06-14 10:00:00,532.0,19.7,94,1.1,497,18.7,0.61,1.0,0.0,Summer,No Holiday,Yes
2018-06-14 11:00:00,735.0,20.5,79,1.7,770,16.7,1.25,0.0,0.0,Summer,No Holiday,Yes
2018-06-14 12:00:00,945.0,21.2,75,0.7,876,16.5,1.07,0.0,0.0,Summer,No Holiday,Yes
2018-06-14 13:00:00,1056.0,22.8,67,1.2,930,16.3,1.55,0.0,0.0,Summer,No Holiday,Yes
2018-06-14 14:00:00,1153.0,23.8,62,1.2,1282,16.0,1.91,0.0,0.0,Summer,No Holiday,Yes
2018-06-14 15:00:00,1292.0,24.6,57,1.8,1664,15.5,1.54,0.0,0.0,Summer,No Holiday,Yes
2018-06-14 16:00:00,1550.0,25.0,56,0.7,1723,15.6,1.27,0.0,0.0,Summer,No Holiday,Yes
2018-06-14 17:00:00,1934.0,24.6,57,1.0,1866,15.5,0.45,0.0,0.0,Summer,No Holiday,Yes
2018-06-14 18:00:00,2962.0,24.0,61,1.5,1935,16.0,0.26,0.0,0.0,Summer,No Holiday,Yes
2018-06-14 19:00:00,1856.0,23.6,63,0.6,1956,16.1,0.19,0.0,0.0,Summer,No Holiday,Yes
2018-06-14 20:00:00,1557.0,22.6,74,1.2,1594,17.7,0.01,0.0,0.0,Summer,No Holiday,Yes
2018-06-14 21:00:00,1807.0,22.2,72,1.0,1786,16.9,0.0,0.0,0.0,Summer,No Holiday,Yes
2018-06-14 22:00:00,1737.0,21.8,72,1.0,1952,16.5,0.0,0.0,0.0,Summer,No Holiday,Yes
2018-06-14 23:00:00,1295.0,21.6,68,0.8,2000,15.4,0.0,0.0,0.0,Summer,No Holiday,Yes
2018-06-15 00:00:00,986.0,21.0,70,0.9,2000,15.3,0.0,0.0,0.0,Summer,No Holiday,Yes
2018-06-15 01:00:00,717.0,20.6,65,1.2,2000,13.7,0.0,0.0,0.0,Summer,No Holiday,Yes
2018-06-15 02:00:00,403.0,20.1,67,1.1,2000,13.7,0.0,0.1,0.0,Summer,No Holiday,Yes
2018-06-15 03:00:00,154.0,18.8,93,1.0,419,17.6,0.0,5.4,0.0,Summer,No Holiday,Yes
2018-06-15 04:00:00,72.0,18.0,93,1.6,627,16.8,0.0,10.5,0.0,Summer,No Holiday,Yes
2018-06-15 05:00:00,161.0,17.4,86,1.1,1820,15.0,0.0,0.5,0.0,Summer,No Holiday,Yes
2018-06-15 06:00:00,609.0,17.2,83,1.3,2000,14.2,0.07,0.0,0.0,Summer,No Holiday,Yes
2018-06-15 07:00:00,1467.0,18.2,75,1.4,2000,13.6,0.56,0.0,0.0,Summer,No Holiday,Yes
2018-06-15 08:00:00,2328.0,18.7,71,1.1,1992,13.3,0.61,0.0,0.0,Summer,No Holiday,Yes
2018-06-15 09:00:00,1170.0,20.1,65,1.4,2000,13.3,0.93,0.0,0.0,Summer,No Holiday,Yes
2018-06-15 10:00:00,1004.0,22.0,56,1.5,1989,12.8,1.91,0.0,0.0,Summer,No Holiday,Yes
2018-06-15 11:00:00,1118.0,22.9,57,1.4,1918,13.9,2.24,0.0,0.0,Summer,No Holiday,Yes
2018-06-15 12:00:00,1193.0,24.4,50,1.6,2000,13.2,3.07,0.0,0.0,Summer,No Holiday,Yes
2018-06-15 13:00:00,1035.0,25.3,48,1.8,1935,13.4,3.42,0.0,0.0,Summer,No Holiday,Yes
2018-06-15 14:00:00,1027.0,26.4,43,2.1,1944,12.8,3.23,0.0,0.0,Summer,No Holiday,Yes
2018-06-15 15:00:00,1461.0,26.7,40,1.6,1995,11.9,2.42,0.0,0.0,Summer,No Holiday,Yes
2018-06-15 16:00:00,1726.0,26.5,45,1.6,2000,13.5,1.91,0.0,0.0,Summer,No Holiday,Yes
2018-06-15 17:00:00,2460.0,26.1,45,1.4,2000,13.2,1.26,0.0,0.0,Summer,No Holiday,Yes
2018-06-15 18:00:00,2891.0,25.9,44,1.5,2000,12.7,1.36,0.0,0.0,Summer,No Holiday,Yes
2018-06-15 19:00:00,2984.0,24.3,48,1.5,2000,12.5,0.59,0.0,0.0,Summer,No Holiday,Yes
2018-06-15 20:00:00,2441.0,22.6,51,1.3,2000,11.9,0.06,0.0,0.0,Summer,No Holiday,Yes
2018-06-15 21:00:00,2337.0,21.4,54,1.5,2000,11.6,0.0,0.0,0.0,Summer,No Holiday,Yes
2018-06-15 22:00:00,2155.0,20.4,54,1.4,2000,10.7,0.0,0.0,0.0,Summer,No Holiday,Yes
2018-06-15 23:00:00,1593.0,19.6,55,1.4,2000,10.3,0.0,0.0,0.0,Summer,No Holiday,Yes
2018-06-16 00:00:00,1217.0,19.0,57,1.6,2000,10.2,0.0,0.0,0.0,Summer,No Holiday,Yes
2018-06-16 01:00:00,1056.0,18.4,59,1.3,2000,10.2,0.0,0.0,0.0,Summer,No Holiday,Yes
2018-06-16 02:00:00,764.0,17.9,60,0.8,2000,10.0,0.0,0.0,0.0,Summer,No Holiday,Yes
2018-06-16 03:00:00,518.0,17.4,61,1.2,2000,9.7,0.0,0.0,0.0,Summer,No Holiday,Yes
2018-06-16 04:00:00,317.0,16.9,63,1.0,2000,9.8,0.0,0.0,0.0,Summer,No Holiday,Yes
2018-06-16 05:00:00,277.0,16.6,65,1.2,2000,9.9,0.0,0.0,0.0,Summer,No Holiday,Yes
2018-06-16 06:00:00,381.0,16.3,66,0.7,2000,9.9,0.05,0.0,0.0,Summer,No Holiday,Yes
2018-06-16 07:00:00,583.0,17.0,60,1.1,1993,9.1,0.47,0.0,0.0,Summer,No Holiday,Yes
2018-06-16 08:00:00,892.0,18.7,57,1.0,1956,9.9,1.05,0.0,0.0,Summer,No Holiday,Yes
2018-06-16 09:00:00,1144.0,20.4,54,1.5,2000,10.7,1.88,0.0,0.0,Summer,No Holiday,Yes
2018-06-16 10:00:00,1166.0,21.8,46,0.9,1927,9.6,2.46,0.0,0.0,Summer,No Holiday,Yes
2018-06-16 11:00:00,1330.0,23.4,46,1.6,1954,11.1,2.96,0.0,0.0,Summer,No Holiday,Yes
2018-06-16 12:00:00,1525.0,24.8,43,1.2,1943,11.3,3.27,0.0,0.0,Summer,No Holiday,Yes
2018-06-16 13:00:00,1704.0,26.2,37,1.2,1936,10.3,3.36,0.0,0.0,Summer,No Holiday,Yes
2018-06-16 14:00:00,1783.0,27.1,40,1.8,1779,12.3,3.26,0.0,0.0,Summer,No Holiday,Yes
2018-06-16 15:00:00,1861.0,27.8,41,1.6,1851,13.3,2.89,0.0,0.0,Summer,No Holiday,Yes
2018-06-16 16:00:00,1991.0,28.3,41,2.6,1852,13.7,2.58,0.0,0.0,Summer,No Holiday,Yes
2018-06-16 17:00:00,2383.0,28.4,43,2.0,1806,14.6,1.93,0.0,0.0,Summer,No Holiday,Yes
2018-06-16 18:00:00,2451.0,28.0,46,2.3,1833,15.2,1.23,0.0,0.0,Summer,No Holiday,Yes
2018-06-16 19:00:00,2475.0,27.2,48,1.4,1994,15.2,0.57,0.0,0.0,Summer,No Holiday,Yes
2018-06-16 20:00:00,2497.0,25.0,60,2.4,1773,16.6,0.1,0.0,0.0,Summer,No Holiday,Yes
2018-06-16 21:00:00,2435.0,23.7,64,1.7,1707,16.4,0.0,0.0,0.0,Summer,No Holiday,Yes
2018-06-16 22:00:00,1995.0,22.8,69,1.7,1656,16.8,0.0,0.0,0.0,Summer,No Holiday,Yes
2018-06-16 23:00:00,1615.0,22.1,73,1.6,1180,17.0,0.0,0.0,0.0,Summer,No Holiday,Yes
2018-06-17 00:00:00,1394.0,21.5,76,1.4,1015,17.0,0.0,0.0,0.0,Summer,No Holiday,Yes
2018-06-17 01:00:00,929.0,20.9,79,2.0,932,17.1,0.0,0.0,0.0,Summer,No Holiday,Yes
2018-06-17 02:00:00,755.0,20.5,76,1.1,994,16.1,0.0,0.0,0.0,Summer,No Holiday,Yes
2018-06-17 03:00:00,491.0,19.9,80,1.6,741,16.3,0.0,0.0,0.0,Summer,No Holiday,Yes
2018-06-17 04:00:00,304.0,19.4,82,0.9,531,16.2,0.0,0.0,0.0,Summer,No Holiday,Yes
2018-06-17 05:00:00,238.0,19.0,85,0.8,567,16.4,0.0,0.0,0.0,Summer,No Holiday,Yes
2018-06-17 06:00:00,324.0,18.9,83,0.3,576,15.9,0.05,0.0,0.0,Summer,No Holiday,Yes
2018-06-17 07:00:00,475.0,19.6,75,0.9,884,15.0,0.42,0.0,0.0,Summer,No Holiday,Yes
2018-06-17 08:00:00,715.0,21.1,70,0.3,766,15.4,0.9,0.0,0.0,Summer,No Holiday,Yes
2018-06-17 09:00:00,944.0,22.5,66,1.2,605,15.8,0.97,0.0,0.0,Summer,No Holiday,Yes
2018-06-17 10:00:00,953.0,23.0,66,1.1,516,16.2,0.83,0.0,0.0,Summer,No Holiday,Yes
2018-06-17 11:00:00,1146.0,23.6,63,0.7,523,16.1,0.93,0.0,0.0,Summer,No Holiday,Yes
2018-06-17 12:00:00,1422.0,24.8,56,0.9,530,15.4,1.57,0.0,0.0,Summer,No Holiday,Yes
2018-06-17 13:00:00,1563.0,25.7,52,1.1,639,15.0,1.81,0.0,0.0,Summer,No Holiday,Yes
2018-06-17 14:00:00,1709.0,26.8,44,1.6,760,13.5,2.01,0.0,0.0,Summer,No Holiday,Yes
2018-06-17 15:00:00,1979.0,27.3,51,2.6,598,16.2,2.4,0.0,0.0,Summer,No Holiday,Yes
2018-06-17 16:00:00,2235.0,26.6,51,2.2,809,15.6,1.27,0.0,0.0,Summer,No Holiday,Yes
2018-06-17 17:00:00,2330.0,25.6,58,3.3,865,16.7,0.66,0.0,0.0,Summer,No Holiday,Yes
2018-06-17 18:00:00,2474.0,25.0,59,3.4,1324,16.4,0.54,0.0,0.0,Summer,No Holiday,Yes
2018-06-17 19:00:00,2481.0,24.2,62,1.9,1225,16.4,0.39,0.0,0.0,Summer,No Holiday,Yes
2018-06-17 20:00:00,2429.0,23.1,67,2.1,1060,16.6,0.03,0.0,0.0,Summer,No Holiday,Yes
2018-06-17 21:00:00,2055.0,22.7,66,0.9,1069,16.0,0.0,0.0,0.0,Summer,No Holiday,Yes
2018-06-17 22:00:00,1819.0,22.2,70,0.5,1056,16.4,0.0,0.0,0.0,Summer,No Holiday,Yes
2018-06-17 23:00:00,1323.0,21.7,74,1.4,920,16.8,0.0,0.0,0.0,Summer,No Holiday,Yes
2018-06-18 00:00:00,917.0,21.3,74,1.4,963,16.4,0.0,0.0,0.0,Summer,No Holiday,Yes
2018-06-18 01:00:00,547.0,21.0,74,0.5,990,16.1,0.0,0.0,0.0,Summer,No Holiday,Yes
2018-06-18 02:00:00,436.0,20.7,76,0.3,920,16.3,0.0,0.0,0.0,Summer,No Holiday,Yes
2018-06-18 03:00:00,202.0,20.5,77,0.5,865,16.3,0.0,0.0,0.0,Summer,No Holiday,Yes
2018-06-18 04:00:00,164.0,20.2,78,0.7,884,16.2,0.0,0.0,0.0,Summer,No Holiday,Yes
2018-06-18 05:00:00,383.0,20.0,80,0.3,824,16.4,0.0,0.0,0.0,Summer,No Holiday,Yes
2018-06-18 06:00:00,779.0,20.0,78,0.4,752,16.0,0.05,0.0,0.0,Summer,No Holiday,Yes
2018-06-18 07:00:00,1590.0,20.6,76,0.5,786,16.2,0.3,0.0,0.0,Summer,No Holiday,Yes
2018-06-18 08:00:00,2357.0,22.7,65,0.7,759,15.7,1.05,0.0,0.0,Summer,No Holiday,Yes
2018-06-18 09:00:00,1263.0,24.7,59,1.1,616,16.1,1.8,0.0,0.0,Summer,No Holiday,Yes
2018-06-18 10:00:00,822.0,26.1,53,0.9,554,15.7,2.14,0.0,0.0,Summer,No Holiday,Yes
2018-06-18 11:00:00,915.0,27.3,45,2.4,846,14.3,2.84,0.0,0.0,Summer,No Holiday,Yes
2018-06-18 12:00:00,988.0,28.4,45,2.2,649,15.3,2.92,0.0,0.0,Summer,No Holiday,Yes
2018-06-18 13:00:00,938.0,29.4,42,1.7,689,15.1,3.1,0.0,0.0,Summer,No Holiday,Yes
2018-06-18 14:00:00,997.0,29.8,36,2.0,1382,13.1,2.63,0.0,0.0,Summer,No Holiday,Yes
2018-06-18 15:00:00,1177.0,30.5,34,2.8,1590,12.8,2.87,0.0,0.0,Summer,No Holiday,Yes
2018-06-18 16:00:00,1401.0,30.5,34,2.9,1830,12.8,2.51,0.0,0.0,Summer,No Holiday,Yes
2018-06-18 17:00:00,2040.0,29.5,36,3.7,1786,12.8,1.94,0.0,0.0,Summer,No Holiday,Yes
2018-06-18 18:00:00,746.0,29.2,35,2.7,1900,12.1,1.27,0.0,0.0,Summer,No Holiday,Yes
2018-06-18 19:00:00,1557.0,28.1,38,2.6,2000,12.4,0.63,0.0,0.0,Summer,No Holiday,Yes
2018-06-18 20:00:00,2515.0,25.7,43,2.1,2000,12.1,0.12,0.0,0.0,Summer,No Holiday,Yes
2018-06-18 21:00:00,1702.0,23.8,48,2.0,2000,12.1,0.0,0.0,0.0,Summer,No Holiday,Yes
2018-06-18 22:00:00,1373.0,22.9,56,1.3,1927,13.6,0.0,0.0,0.0,Summer,No Holiday,Yes
2018-06-18 23:00:00,1732.0,22.3,59,1.1,1892,13.8,0.0,0.0,0.0,Summer,No Holiday,Yes
2018-06-19 00:00:00,1055.0,21.5,63,1.0,1740,14.1,0.0,0.0,0.0,Summer,No Holiday,Yes
2018-06-19 01:00:00,766.0,20.9,66,0.8,1528,14.3,0.0,0.0,0.0,Summer,No Holiday,Yes
2018-06-19 02:00:00,527.0,20.2,71,1.2,1414,14.7,0.0,0.0,0.0,Summer,No Holiday,Yes
2018-06-19 03:00:00,369.0,19.9,69,1.4,1179,14.0,0.0,0.0,0.0,Summer,No Holiday,Yes
2018-06-19 04:00:00,268.0,19.7,73,1.6,848,14.7,0.0,0.0,0.0,Summer,No Holiday,Yes
2018-06-19 05:00:00,317.0,19.4,77,0.8,831,15.2,0.0,0.0,0.0,Summer,No Holiday,Yes
2018-06-19 06:00:00,746.0,19.1,75,0.4,1039,14.5,0.08,0.0,0.0,Summer,No Holiday,Yes
2018-06-19 07:00:00,1616.0,19.9,72,0.6,840,14.6,0.32,0.0,0.0,Summer,No Holiday,Yes
2018-06-19 08:00:00,2430.0,21.1,66,1.0,797,14.4,0.62,0.0,0.0,Summer,No Holiday,Yes
2018-06-19 09:00:00,1381.0,22.4,62,0.9,761,14.7,0.93,0.0,0.0,Summer,No Holiday,Yes
2018-06-19 10:00:00,937.0,23.7,56,1.6,1074,14.3,1.34,0.0,0.0,Summer,No Holiday,Yes
2018-06-19 11:00:00,1014.0,24.6,53,1.4,1472,14.3,1.67,0.0,0.0,Summer,No Holiday,Yes
2018-06-19 12:00:00,1224.0,25.8,48,1.5,1487,13.9,2.31,0.0,0.0,Summer,No Holiday,Yes
2018-06-19 13:00:00,1230.0,26.6,46,2.9,1482,14.0,2.31,0.0,0.0,Summer,No Holiday,Yes
2018-06-19 14:00:00,1258.0,27.2,44,2.9,1377,13.8,2.59,0.0,0.0,Summer,No Holiday,Yes
2018-06-19 15:00:00,1363.0,26.7,42,2.6,1634,12.7,1.89,0.0,0.0,Summer,No Holiday,Yes
2018-06-19 16:00:00,1700.0,26.1,46,3.0,1728,13.5,1.55,0.0,0.0,Summer,No Holiday,Yes
2018-06-19 17:00:00,2328.0,25.1,51,2.4,1714,14.2,1.15,0.0,0.0,Summer,No Holiday,Yes
2018-06-19 18:00:00,3556.0,24.1,57,2.9,1301,15.0,0.56,0.0,0.0,Summer,No Holiday,Yes
2018-06-19 19:00:00,2809.0,23.3,59,2.6,1214,14.8,0.28,0.0,0.0,Summer,No Holiday,Yes
2018-06-19 20:00:00,2525.0,22.4,62,2.2,1041,14.7,0.05,0.0,0.0,Summer,No Holiday,Yes
2018-06-19 21:00:00,2378.0,21.6,66,2.4,962,14.9,0.0,0.0,0.0,Summer,No Holiday,Yes
2018-06-19 22:00:00,2096.0,20.8,71,2.1,800,15.3,0.0,0.0,0.0,Summer,No Holiday,Yes
2018-06-19 23:00:00,1456.0,20.1,73,1.9,771,15.1,0.0,0.0,0.0,Summer,No Holiday,Yes
2018-06-20 00:00:00,1030.0,19.7,71,2.0,1330,14.2,0.0,0.0,0.0,Summer,No Holiday,Yes
2018-06-20 01:00:00,803.0,19.6,73,1.4,958,14.6,0.0,0.0,0.0,Summer,No Holiday,Yes
2018-06-20 02:00:00,576.0,19.6,78,0.8,662,15.6,0.0,0.0,0.0,Summer,No Holiday,Yes
2018-06-20 03:00:00,340.0,19.4,79,0.8,563,15.6,0.0,0.0,0.0,Summer,No Holiday,Yes
2018-06-20 04:00:00,249.0,19.1,82,1.5,471,15.9,0.0,0.0,0.0,Summer,No Holiday,Yes
2018-06-20 05:00:00,336.0,19.1,83,2.0,457,16.1,0.0,0.0,0.0,Summer,No Holiday,Yes
2018-06-20 06:00:00,714.0,19.4,83,1.6,448,16.4,0.03,0.0,0.0,Summer,No Holiday,Yes
2018-06-20 07:00:00,1629.0,20.0,77,1.7,595,15.8,0.29,0.0,0.0,Summer,No Holiday,Yes
2018-06-20 08:00:00,2440.0,20.6,77,1.2,566,16.4,0.53,0.0,0.0,Summer,No Holiday,Yes
2018-06-20 09:00:00,1401.0,21.1,73,2.0,623,16.0,0.43,0.0,0.0,Summer,No Holiday,Yes
2018-06-20 10:00:00,1002.0,22.2,70,3.1,740,16.4,1.44,0.0,0.0,Summer,No Holiday,Yes
2018-06-20 11:00:00,1100.0,23.7,56,2.4,1070,14.3,2.33,0.0,0.0,Summer,No Holiday,Yes
2018-06-20 12:00:00,1252.0,25.2,53,3.3,976,14.9,3.38,0.0,0.0,Summer,No Holiday,Yes
2018-06-20 13:00:00,1184.0,26.2,51,3.2,1078,15.2,3.36,0.0,0.0,Summer,No Holiday,Yes
2018-06-20 14:00:00,1158.0,27.5,47,2.7,990,15.1,3.24,0.0,0.0,Summer,No Holiday,Yes
2018-06-20 15:00:00,1266.0,27.9,45,3.6,1558,14.8,3.04,0.0,0.0,Summer,No Holiday,Yes
2018-06-20 16:00:00,1600.0,28.2,48,3.9,1103,16.1,2.55,0.0,0.0,Summer,No Holiday,Yes
2018-06-20 17:00:00,2289.0,28.0,50,3.2,1137,16.6,1.93,0.0,0.0,Summer,No Holiday,Yes
2018-06-20 18:00:00,3384.0,27.0,55,3.1,1246,17.1,1.26,0.0,0.0,Summer,No Holiday,Yes
2018-06-20 19:00:00,2741.0,25.6,61,2.7,1236,17.5,0.6,0.0,0.0,Summer,No Holiday,Yes
2018-06-20 20:00:00,2519.0,23.3,68,3.6,895,17.0,0.11,0.0,0.0,Summer,No Holiday,Yes
2018-06-20 21:00:00,2246.0,21.6,74,3.3,758,16.7,0.0,0.0,0.0,Summer,No Holiday,Yes
2018-06-20 22:00:00,1979.0,20.6,78,3.0,684,16.6,0.0,0.0,0.0,Summer,No Holiday,Yes
2018-06-20 23:00:00,1401.0,20.1,82,3.6,494,16.9,0.0,0.0,0.0,Summer,No Holiday,Yes
2018-06-21 00:00:00,1083.0,20.0,83,2.6,547,17.0,0.0,0.0,0.0,Summer,No Holiday,Yes
2018-06-21 01:00:00,794.0,20.1,82,1.2,582,16.9,0.0,0.0,0.0,Summer,No Holiday,Yes
2018-06-21 02:00:00,539.0,20.2,82,0.9,575,17.0,0.0,0.0,0.0,Summer,No Holiday,Yes
2018-06-21 03:00:00,394.0,20.0,83,1.7,607,17.0,0.0,0.0,0.0,Summer,No Holiday,Yes
2018-06-21 04:00:00,215.0,19.6,87,1.2,465,17.3,0.0,0.0,0.0,Summer,No Holiday,Yes
2018-06-21 05:00:00,308.0,19.4,82,2.1,677,16.2,0.0,0.0,0.0,Summer,No Holiday,Yes
2018-06-21 06:00:00,709.0,19.5,80,1.6,709,15.9,0.04,0.0,0.0,Summer,No Holiday,Yes
2018-06-21 07:00:00,1543.0,19.9,74,1.7,683,15.1,0.21,0.0,0.0,Summer,No Holiday,Yes
2018-06-21 08:00:00,2370.0,21.4,65,1.9,821,14.5,1.15,0.0,0.0,Summer,No Holiday,Yes
2018-06-21 09:00:00,1360.0,22.7,59,2.0,940,14.2,1.77,0.0,0.0,Summer,No Holiday,Yes
2018-06-21 10:00:00,922.0,23.9,57,2.1,977,14.8,2.54,0.0,0.0,Summer,No Holiday,Yes
2018-06-21 11:00:00,1066.0,25.5,57,1.8,943,16.3,3.01,0.0,0.0,Summer,No Holiday,Yes
2018-06-21 12:00:00,1197.0,26.4,46,1.4,1103,13.8,3.26,0.0,0.0,Summer,No Holiday,Yes
2018-06-21 13:00:00,1147.0,27.3,33,3.4,1921,9.6,3.42,0.0,0.0,Summer,No Holiday,Yes
2018-06-21 14:00:00,1152.0,28.0,39,2.6,1833,12.7,3.14,0.0,0.0,Summer,No Holiday,Yes
2018-06-21 15:00:00,1276.0,28.3,40,3.2,1619,13.4,2.96,0.0,0.0,Summer,No Holiday,Yes
2018-06-21 16:00:00,1473.0,28.5,42,3.1,1622,14.3,2.62,0.0,0.0,Summer,No Holiday,Yes
2018-06-21 17:00:00,2176.0,28.4,43,3.3,1715,14.6,2.04,0.0,0.0,Summer,No Holiday,Yes
2018-06-21 18:00:00,3418.0,27.8,43,3.0,1933,14.0,1.35,0.0,0.0,Summer,No Holiday,Yes
2018-06-21 19:00:00,2811.0,26.9,42,2.4,2000,12.8,0.62,0.0,0.0,Summer,No Holiday,Yes
2018-06-21 20:00:00,2556.0,25.1,55,2.3,1779,15.4,0.08,0.0,0.0,Summer,No Holiday,Yes
2018-06-21 21:00:00,2436.0,23.8,63,1.5,1455,16.3,0.0,0.0,0.0,Summer,No Holiday,Yes
2018-06-21 22:00:00,2179.0,22.8,67,2.1,1042,16.3,0.0,0.0,0.0,Summer,No Holiday,Yes
2018-06-21 23:00:00,1497.0,21.9,59,2.6,1188,13.5,0.0,0.0,0.0,Summer,No Holiday,Yes
2018-06-22 00:00:00,1137.0,20.7,67,1.9,885,14.3,0.0,0.0,0.0,Summer,No Holiday,Yes
2018-06-22 01:00:00,912.0,20.2,75,1.4,525,15.6,0.0,0.0,0.0,Summer,No Holiday,Yes
2018-06-22 02:00:00,602.0,19.8,80,1.5,370,16.2,0.0,0.0,0.0,Summer,No Holiday,Yes
2018-06-22 03:00:00,413.0,19.3,85,1.6,345,16.7,0.0,0.0,0.0,Summer,No Holiday,Yes
2018-06-22 04:00:00,268.0,19.1,86,1.4,322,16.6,0.0,0.0,0.0,Summer,No Holiday,Yes
2018-06-22 05:00:00,336.0,18.6,85,1.0,384,16.0,0.0,0.0,0.0,Summer,No Holiday,Yes
2018-06-22 06:00:00,710.0,18.2,83,0.6,448,15.2,0.06,0.0,0.0,Summer,No Holiday,Yes
2018-06-22 07:00:00,1529.0,18.8,66,1.1,814,12.3,0.46,0.0,0.0,Summer,No Holiday,Yes
2018-06-22 08:00:00,2283.0,21.9,58,1.2,771,13.2,1.29,0.0,0.0,Summer,No Holiday,Yes
2018-06-22 09:00:00,1284.0,24.2,47,1.2,822,12.1,1.94,0.0,0.0,Summer,No Holiday,Yes
2018-06-22 10:00:00,902.0,26.3,34,0.9,1792,9.1,2.57,0.0,0.0,Summer,No Holiday,Yes
2018-06-22 11:00:00,1020.0,28.1,35,1.3,1608,11.1,3.02,0.0,0.0,Summer,No Holiday,Yes
2018-06-22 12:00:00,1116.0,29.8,28,1.3,1777,9.3,3.21,0.0,0.0,Summer,No Holiday,Yes
2018-06-22 13:00:00,1073.0,30.6,26,1.2,1792,8.9,3.17,0.0,0.0,Summer,No Holiday,Yes
2018-06-22 14:00:00,1087.0,31.6,25,2.3,1780,9.1,3.21,0.0,0.0,Summer,No Holiday,Yes
2018-06-22 15:00:00,1203.0,31.9,23,1.8,1977,8.1,2.57,0.0,0.0,Summer,No Holiday,Yes
2018-06-22 16:00:00,1466.0,30.8,31,3.8,1246,11.7,2.17,0.0,0.0,Summer,No Holiday,Yes
2018-06-22 17:00:00,2146.0,30.4,28,2.9,1834,9.8,1.9,0.0,0.0,Summer,No Holiday,Yes
2018-06-22 18:00:00,3365.0,29.3,27,3.4,1977,8.3,1.24,0.0,0.0,Summer,No Holiday,Yes
2018-06-22 19:00:00,2732.0,27.1,32,3.5,2000,8.9,0.52,0.0,0.0,Summer,No Holiday,Yes
2018-06-22 20:00:00,2493.0,25.4,31,2.5,2000,7.0,0.07,0.0,0.0,Summer,No Holiday,Yes
2018-06-22 21:00:00,2251.0,24.2,32,1.5,2000,6.4,0.0,0.0,0.0,Summer,No Holiday,Yes
2018-06-22 22:00:00,2103.0,23.3,32,1.1,2000,5.6,0.0,0.0,0.0,Summer,No Holiday,Yes
2018-06-22 23:00:00,1648.0,22.9,34,1.1,1810,6.1,0.0,0.0,0.0,Summer,No Holiday,Yes
2018-06-23 00:00:00,1322.0,22.7,36,1.5,2000,6.8,0.0,0.0,0.0,Summer,No Holiday,Yes
2018-06-23 01:00:00,1073.0,22.5,39,1.1,2000,7.8,0.0,0.0,0.0,Summer,No Holiday,Yes
2018-06-23 02:00:00,818.0,22.3,37,1.8,2000,6.8,0.0,0.0,0.0,Summer,No Holiday,Yes
2018-06-23 03:00:00,540.0,22.0,42,0.2,1891,8.4,0.0,0.0,0.0,Summer,No Holiday,Yes
2018-06-23 04:00:00,375.0,21.6,47,0.4,1985,9.7,0.0,0.0,0.0,Summer,No Holiday,Yes
2018-06-23 05:00:00,339.0,21.1,48,0.3,2000,9.6,0.0,0.0,0.0,Summer,No Holiday,Yes
2018-06-23 06:00:00,417.0,21.0,48,0.6,2000,9.5,0.01,0.0,0.0,Summer,No Holiday,Yes
2018-06-23 07:00:00,622.0,21.3,44,0.5,1911,8.5,0.2,0.0,0.0,Summer,No Holiday,Yes
2018-06-23 08:00:00,934.0,22.6,42,0.7,1887,9.0,0.62,0.0,0.0,Summer,No Holiday,Yes
2018-06-23 09:00:00,1072.0,24.3,37,1.1,1939,8.6,1.31,0.0,0.0,Summer,No Holiday,Yes
2018-06-23 10:00:00,1064.0,25.8,35,1.5,1900,9.1,1.66,0.0,0.0,Summer,No Holiday,Yes
2018-06-23 11:00:00,1229.0,27.5,31,1.9,1841,8.8,2.7,0.0,0.0,Summer,No Holiday,Yes
2018-06-23 12:00:00,1374.0,28.4,31,2.7,1849,9.6,2.93,0.0,0.0,Summer,No Holiday,Yes
2018-06-23 13:00:00,1483.0,27.9,41,3.9,1649,13.4,2.08,0.0,0.0,Summer,No Holiday,Yes
2018-06-23 14:00:00,1445.0,28.0,46,3.6,1401,15.2,2.88,0.0,0.0,Summer,No Holiday,Yes
2018-06-23 15:00:00,1589.0,28.4,43,3.1,1337,14.6,2.65,0.0,0.0,Summer,No Holiday,Yes
2018-06-23 16:00:00,1837.0,28.3,48,3.1,1232,16.2,2.41,0.0,0.0,Summer,No Holiday,Yes
2018-06-23 17:00:00,2101.0,28.1,49,3.2,1117,16.3,1.62,0.0,0.0,Summer,No Holiday,Yes
2018-06-23 18:00:00,2256.0,26.3,55,3.2,1119,16.5,0.64,0.0,0.0,Summer,No Holiday,Yes
2018-06-23 19:00:00,2288.0,25.7,59,2.8,1083,17.0,0.38,0.0,0.0,Summer,No Holiday,Yes
2018-06-23 20:00:00,2262.0,24.6,65,2.1,1018,17.5,0.1,0.0,0.0,Summer,No Holiday,Yes
2018-06-23 21:00:00,2175.0,23.8,68,2.2,694,17.5,0.0,0.0,0.0,Summer,No Holiday,Yes
2018-06-23 22:00:00,1932.0,23.0,74,2.4,473,18.1,0.0,0.0,0.0,Summer,No Holiday,Yes
2018-06-23 23:00:00,1402.0,22.5,77,2.7,396,18.2,0.0,0.0,0.0,Summer,No Holiday,Yes
2018-06-24 00:00:00,849.0,22.0,81,1.6,374,18.5,0.0,0.0,0.0,Summer,No Holiday,Yes
2018-06-24 01:00:00,545.0,21.5,83,1.3,345,18.4,0.0,0.0,0.0,Summer,No Holiday,Yes
2018-06-24 02:00:00,1254.0,20.9,87,1.8,222,18.6,0.0,0.0,0.0,Summer,No Holiday,Yes
2018-06-24 03:00:00,644.0,20.6,91,0.8,194,19.0,0.0,0.0,0.0,Summer,No Holiday,Yes
2018-06-24 04:00:00,286.0,20.5,90,0.8,223,18.7,0.0,0.0,0.0,Summer,No Holiday,Yes
2018-06-24 05:00:00,235.0,20.3,87,1.0,251,18.0,0.0,0.0,0.0,Summer,No Holiday,Yes
2018-06-24 06:00:00,258.0,20.2,87,2.0,255,17.9,0.01,0.0,0.0,Summer,No Holiday,Yes
2018-06-24 07:00:00,369.0,20.5,82,0.8,338,17.3,0.16,0.0,0.0,Summer,No Holiday,Yes
2018-06-24 08:00:00,561.0,21.3,78,0.7,351,17.3,0.51,0.0,0.0,Summer,No Holiday,Yes
2018-06-24 09:00:00,734.0,23.1,68,1.9,482,16.8,1.64,0.0,0.0,Summer,No Holiday,Yes
2018-06-24 10:00:00,763.0,25.0,60,1.5,570,16.6,2.33,0.0,0.0,Summer,No Holiday,Yes
2018-06-24 11:00:00,870.0,27.1,52,2.1,557,16.3,2.82,0.0,0.0,Summer,No Holiday,Yes
2018-06-24 12:00:00,1042.0,28.9,40,2.3,809,13.9,3.15,0.0,0.0,Summer,No Holiday,Yes
2018-06-24 13:00:00,1062.0,30.6,31,2.7,1240,11.5,3.24,0.0,0.0,Summer,No Holiday,Yes
2018-06-24 14:00:00,1064.0,31.6,34,2.9,1050,13.8,3.12,0.0,0.0,Summer,No Holiday,Yes
2018-06-24 15:00:00,1213.0,31.8,31,3.4,1400,12.5,2.85,0.0,0.0,Summer,No Holiday,Yes
2018-06-24 16:00:00,1471.0,31.3,32,3.2,1427,12.6,2.38,0.0,0.0,Summer,No Holiday,Yes
2018-06-24 17:00:00,1754.0,30.9,34,2.5,1640,13.2,1.79,0.0,0.0,Summer,No Holiday,Yes
2018-06-24 18:00:00,2094.0,29.8,35,3.3,1805,12.6,1.15,0.0,0.0,Summer,No Holiday,Yes
2018-06-24 19:00:00,2290.0,27.8,41,2.7,1990,13.3,0.45,0.0,0.0,Summer,No Holiday,Yes
2018-06-24 20:00:00,2387.0,26.1,49,1.9,1960,14.5,0.1,0.0,0.0,Summer,No Holiday,Yes
2018-06-24 21:00:00,2153.0,24.5,71,1.7,1295,18.8,0.0,0.0,0.0,Summer,No Holiday,Yes
2018-06-24 22:00:00,1801.0,23.9,72,0.8,1098,18.5,0.0,0.0,0.0,Summer,No Holiday,Yes
2018-06-24 23:00:00,1329.0,23.3,75,2.0,890,18.6,0.0,0.0,0.0,Summer,No Holiday,Yes
2018-06-25 00:00:00,962.0,22.9,79,0.6,715,19.0,0.0,0.0,0.0,Summer,No Holiday,Yes
2018-06-25 01:00:00,585.0,22.5,80,1.1,619,18.8,0.0,0.0,0.0,Summer,No Holiday,Yes
2018-06-25 02:00:00,424.0,22.3,80,0.8,709,18.6,0.0,0.0,0.0,Summer,No Holiday,Yes
2018-06-25 03:00:00,264.0,22.0,83,0.5,684,18.9,0.0,0.0,0.0,Summer,No Holiday,Yes
2018-06-25 04:00:00,199.0,21.8,82,0.7,702,18.5,0.0,0.0,0.0,Summer,No Holiday,Yes
2018-06-25 05:00:00,338.0,21.5,84,0.3,569,18.6,0.0,0.0,0.0,Summer,No Holiday,Yes
2018-06-25 06:00:00,785.0,21.3,81,0.7,604,17.8,0.05,0.0,0.0,Summer,No Holiday,Yes
2018-06-25 07:00:00,1620.0,22.1,74,0.3,830,17.2,0.37,0.0,0.0,Summer,No Holiday,Yes
2018-06-25 08:00:00,2331.0,23.8,66,0.9,960,17.0,0.74,0.0,0.0,Summer,No Holiday,Yes
2018-06-25 09:00:00,1293.0,25.4,61,1.0,1079,17.3,1.28,0.0,0.0,Summer,No Holiday,Yes
2018-06-25 10:00:00,878.0,26.4,55,0.9,901,16.6,1.16,0.0,0.0,Summer,No Holiday,Yes
2018-06-25 11:00:00,968.0,27.8,46,1.3,912,15.1,1.77,0.0,0.0,Summer,No Holiday,Yes
2018-06-25 12:00:00,1039.0,29.8,42,2.1,1220,15.5,2.9,0.0,0.0,Summer,No Holiday,Yes
2018-06-25 13:00:00,1073.0,31.2,36,2.0,1022,14.3,2.91,0.0,0.0,Summer,No Holiday,Yes
2018-06-25 14:00:00,1016.0,32.3,35,1.8,982,14.8,2.71,0.0,0.0,Summer,No Holiday,Yes
2018-06-25 15:00:00,1184.0,32.7,31,1.7,1243,13.3,2.3,0.0,0.0,Summer,No Holiday,Yes
2018-06-25 16:00:00,1407.0,32.2,39,2.8,928,16.4,1.74,0.0,0.0,Summer,No Holiday,Yes
2018-06-25 17:00:00,2008.0,31.5,42,2.3,990,17.0,1.36,0.0,0.0,Summer,No Holiday,Yes
2018-06-25 18:00:00,3238.0,30.7,43,1.6,931,16.6,0.74,0.0,0.0,Summer,No Holiday,Yes
2018-06-25 19:00:00,2779.0,29.8,45,1.5,956,16.5,0.32,0.0,0.0,Summer,No Holiday,Yes
2018-06-25 20:00:00,2456.0,28.8,54,1.1,964,18.5,0.09,0.0,0.0,Summer,No Holiday,Yes
2018-06-25 21:00:00,2372.0,27.9,55,0.5,1083,18.0,0.0,0.0,0.0,Summer,No Holiday,Yes
2018-06-25 22:00:00,2046.0,27.4,55,0.3,1001,17.5,0.0,0.0,0.0,Summer,No Holiday,Yes
2018-06-25 23:00:00,1437.0,27.2,55,0.7,920,17.3,0.0,0.0,0.0,Summer,No Holiday,Yes
2018-06-26 00:00:00,1052.0,26.9,61,1.5,805,18.7,0.0,0.0,0.0,Summer,No Holiday,Yes
2018-06-26 01:00:00,783.0,26.7,50,1.8,884,15.4,0.0,0.0,0.0,Summer,No Holiday,Yes
2018-06-26 02:00:00,524.0,26.1,51,1.7,760,15.1,0.0,0.0,0.0,Summer,No Holiday,Yes
2018-06-26 03:00:00,353.0,25.4,50,1.1,870,14.2,0.0,0.0,0.0,Summer,No Holiday,Yes
2018-06-26 04:00:00,143.0,24.7,49,1.0,1293,13.2,0.0,0.0,0.0,Summer,No Holiday,Yes
2018-06-26 05:00:00,45.0,23.7,64,0.9,876,16.4,0.0,0.1,0.0,Summer,No Holiday,Yes
2018-06-26 06:00:00,37.0,22.5,83,0.8,537,19.4,0.0,0.4,0.0,Summer,No Holiday,Yes
2018-06-26 07:00:00,49.0,21.2,87,0.8,376,18.9,0.03,1.5,0.0,Summer,No Holiday,Yes
2018-06-26 08:00:00,53.0,20.8,94,1.0,159,19.7,0.05,3.5,0.0,Summer,No Holiday,Yes
2018-06-26 09:00:00,19.0,20.3,96,1.1,143,19.6,0.06,6.5,0.0,Summer,No Holiday,Yes
2018-06-26 10:00:00,9.0,20.3,97,1.0,103,19.8,0.12,9.5,0.0,Summer,No Holiday,Yes
2018-06-26 11:00:00,11.0,20.4,97,1.4,129,19.9,0.09,16.0,0.0,Summer,No Holiday,Yes
2018-06-26 12:00:00,10.0,20.5,97,1.8,257,20.0,0.15,5.0,0.0,Summer,No Holiday,Yes
2018-06-26 13:00:00,24.0,20.5,97,1.2,338,20.0,0.11,14.5,0.0,Summer,No Holiday,Yes
2018-06-26 14:00:00,26.0,21.0,97,0.7,381,20.4,0.26,2.5,0.0,Summer,No Holiday,Yes
2018-06-26 15:00:00,65.0,21.5,97,0.6,311,20.9,0.21,4.5,0.0,Summer,No Holiday,Yes
2018-06-26 16:00:00,56.0,23.3,96,3.4,441,22.6,0.08,1.0,0.0,Summer,No Holiday,Yes
2018-06-26 17:00:00,113.0,24.0,95,5.0,362,23.1,0.07,2.0,0.0,Summer,No Holiday,Yes
2018-06-26 18:00:00,156.0,24.1,95,4.4,261,23.2,0.03,1.0,0.0,Summer,No Holiday,Yes
2018-06-26 19:00:00,203.0,24.2,94,4.7,242,23.1,0.03,1.5,0.0,Summer,No Holiday,Yes
2018-06-26 20:00:00,199.0,24.1,94,4.5,214,23.0,0.0,0.5,0.0,Summer,No Holiday,Yes
2018-06-26 21:00:00,275.0,23.5,94,4.6,227,22.4,0.0,1.5,0.0,Summer,No Holiday,Yes
2018-06-26 22:00:00,443.0,22.4,95,4.1,222,21.5,0.0,0.0,0.0,Summer,No Holiday,Yes
2018-06-26 23:00:00,552.0,21.6,89,4.3,698,19.7,0.0,0.0,0.0,Summer,No Holiday,Yes
2018-06-27 00:00:00,513.0,20.5,94,3.7,896,19.4,0.0,0.0,0.0,Summer,No Holiday,Yes
2018-06-27 01:00:00,254.0,20.0,96,3.0,182,19.3,0.0,0.1,0.0,Summer,No Holiday,Yes
2018-06-27 02:00:00,164.0,19.6,97,2.6,201,19.1,0.0,0.4,0.0,Summer,No Holiday,Yes
2018-06-27 03:00:00,152.0,19.4,97,2.9,282,18.9,0.0,0.0,0.0,Summer,No Holiday,Yes
2018-06-27 04:00:00,110.0,19.2,97,1.0,217,18.7,0.0,0.5,0.0,Summer,No Holiday,Yes
2018-06-27 05:00:00,162.0,19.1,97,1.2,402,18.6,0.0,0.0,0.0,Summer,No Holiday,Yes
2018-06-27 06:00:00,417.0,19.2,97,1.5,157,18.7,0.0,0.0,0.0,Summer,No Holiday,Yes
2018-06-27 07:00:00,1084.0,19.3,98,1.0,188,18.9,0.06,0.0,0.0,Summer,No Holiday,Yes
2018-06-27 08:00:00,1995.0,19.7,97,1.5,200,19.2,0.25,0.0,0.0,Summer,No Holiday,Yes
2018-06-27 09:00:00,1238.0,20.0,96,1.6,287,19.3,0.39,0.0,0.0,Summer,No Holiday,Yes
2018-06-27 10:00:00,862.0,21.4,85,1.1,596,18.7,1.34,0.0,0.0,Summer,No Holiday,Yes
2018-06-27 11:00:00,1015.0,23.4,73,1.3,827,18.2,2.38,0.0,0.0,Summer,No Holiday,Yes
2018-06-27 12:00:00,1145.0,24.1,73,2.2,992,18.9,2.15,0.0,0.0,Summer,No Holiday,Yes
2018-06-27 13:00:00,1234.0,24.9,69,2.2,850,18.8,2.14,0.0,0.0,Summer,No Holiday,Yes
2018-06-27 14:00:00,1243.0,24.7,72,2.9,720,19.3,1.45,0.0,0.0,Summer,No Holiday,Yes
2018-06-27 15:00:00,1362.0,25.5,68,2.4,638,19.1,1.61,0.0,0.0,Summer,No Holiday,Yes
2018-06-27 16:00:00,1618.0,25.0,74,2.2,578,20.0,0.52,0.0,0.0,Summer,No Holiday,Yes
2018-06-27 17:00:00,2115.0,25.1,70,2.2,796,19.2,0.48,0.0,0.0,Summer,No Holiday,Yes
2018-06-27 18:00:00,3172.0,25.0,69,1.5,1125,18.9,0.52,0.0,0.0,Summer,No Holiday,Yes
2018-06-27 19:00:00,2487.0,24.9,70,1.8,1131,19.0,0.24,0.0,0.0,Summer,No Holiday,Yes
2018-06-27 20:00:00,2274.0,24.2,72,1.4,833,18.8,0.03,0.0,0.0,Summer,No Holiday,Yes
2018-06-27 21:00:00,2200.0,23.3,71,1.3,1145,17.7,0.0,0.0,0.0,Summer,No Holiday,Yes
2018-06-27 22:00:00,1959.0,22.7,77,2.0,1099,18.4,0.0,0.0,0.0,Summer,No Holiday,Yes
2018-06-27 23:00:00,980.0,22.3,83,2.6,490,19.2,0.0,0.0,0.0,Summer,No Holiday,Yes
2018-06-28 00:00:00,561.0,22.2,84,1.1,482,19.3,0.0,0.0,0.0,Summer,No Holiday,Yes
2018-06-28 01:00:00,1068.0,22.2,84,0.3,610,19.3,0.0,0.0,0.0,Summer,No Holiday,Yes
2018-06-28 02:00:00,652.0,22.4,84,0.6,667,19.5,0.0,0.0,0.0,Summer,No Holiday,Yes
2018-06-28 03:00:00,344.0,22.4,86,0.6,618,19.9,0.0,0.0,0.0,Summer,No Holiday,Yes
2018-06-28 04:00:00,233.0,22.3,88,0.9,298,20.2,0.0,0.0,0.0,Summer,No Holiday,Yes
2018-06-28 05:00:00,266.0,22.1,93,0.4,333,20.9,0.0,0.0,0.0,Summer,No Holiday,Yes
2018-06-28 06:00:00,594.0,22.0,90,0.4,373,20.2,0.04,0.1,0.0,Summer,No Holiday,Yes
2018-06-28 07:00:00,1391.0,22.7,81,0.4,866,19.2,0.4,0.0,0.0,Summer,No Holiday,Yes
2018-06-28 08:00:00,2288.0,24.2,73,1.0,1581,19.0,0.96,0.0,0.0,Summer,No Holiday,Yes
2018-06-28 09:00:00,1246.0,24.8,75,1.1,1418,20.0,0.63,0.0,0.0,Summer,No Holiday,Yes
2018-06-28 10:00:00,826.0,25.3,70,0.6,1386,19.4,0.7,0.0,0.0,Summer,No Holiday,Yes
2018-06-28 11:00:00,938.0,26.5,64,1.8,1806,19.1,1.3,0.0,0.0,Summer,No Holiday,Yes
2018-06-28 12:00:00,1158.0,27.0,68,2.0,1863,20.5,1.3,0.0,0.0,Summer,No Holiday,Yes
2018-06-28 13:00:00,1040.0,27.2,68,1.8,1575,20.7,1.1,0.0,0.0,Summer,No Holiday,Yes
2018-06-28 14:00:00,1030.0,27.1,72,3.0,1126,21.6,0.91,0.0,0.0,Summer,No Holiday,Yes
2018-06-28 15:00:00,1209.0,26.4,76,3.7,1370,21.8,1.01,0.0,0.0,Summer,No Holiday,Yes
2018-06-28 16:00:00,766.0,25.2,81,3.6,961,21.6,0.5,0.0,0.0,Summer,No Holiday,Yes
2018-06-28 17:00:00,65.0,22.2,92,1.2,254,20.8,0.11,4.9,0.0,Summer,No Holiday,Yes
2018-06-28 18:00:00,596.0,20.6,97,0.7,222,20.1,0.14,21.5,0.0,Summer,No Holiday,Yes
2018-06-28 19:00:00,944.0,20.9,97,1.0,1747,20.3,0.19,0.0,0.0,Summer,No Holiday,Yes
2018-06-28 20:00:00,1039.0,21.0,96,0.1,1431,20.3,0.02,0.0,0.0,Summer,No Holiday,Yes
2018-06-28 21:00:00,1223.0,21.3,94,0.3,1314,20.2,0.0,0.0,0.0,Summer,No Holiday,Yes
2018-06-28 22:00:00,1239.0,21.6,94,1.1,766,20.5,0.0,0.0,0.0,Summer,No Holiday,Yes
2018-06-28 23:00:00,931.0,21.7,96,0.3,293,21.0,0.0,0.0,0.0,Summer,No Holiday,Yes
2018-06-29 00:00:00,470.0,21.9,95,1.9,357,21.0,0.0,0.0,0.0,Summer,No Holiday,Yes
2018-06-29 01:00:00,460.0,22.0,96,0.1,387,21.3,0.0,0.1,0.0,Summer,No Holiday,Yes
2018-06-29 02:00:00,345.0,22.2,96,0.8,269,21.5,0.0,0.2,0.0,Summer,No Holiday,Yes
2018-06-29 03:00:00,227.0,22.3,96,1.2,290,21.6,0.0,0.1,0.0,Summer,No Holiday,Yes
2018-06-29 04:00:00,123.0,22.3,96,0.0,278,21.6,0.0,0.1,0.0,Summer,No Holiday,Yes
2018-06-29 05:00:00,133.0,22.1,97,0.5,152,21.5,0.0,1.5,0.0,Summer,No Holiday,Yes
2018-06-29 06:00:00,308.0,21.9,97,0.2,190,21.3,0.0,4.5,0.0,Summer,No Holiday,Yes
2018-06-29 07:00:00,883.0,22.0,97,0.9,269,21.4,0.03,0.0,0.0,Summer,No Holiday,Yes
2018-06-29 08:00:00,2028.0,22.2,95,1.6,389,21.3,0.26,0.0,0.0,Summer,No Holiday,Yes
2018-06-29 09:00:00,1195.0,22.9,86,1.7,538,20.4,0.76,0.0,0.0,Summer,No Holiday,Yes
2018-06-29 10:00:00,913.0,24.4,76,2.1,617,19.8,1.58,0.0,0.0,Summer,No Holiday,Yes
2018-06-29 11:00:00,956.0,24.8,74,1.8,644,19.8,1.41,0.0,0.0,Summer,No Holiday,Yes
2018-06-29 12:00:00,1168.0,26.1,67,2.2,758,19.4,2.15,0.0,0.0,Summer,No Holiday,Yes
2018-06-29 13:00:00,1117.0,26.8,65,2.0,732,19.6,2.37,0.0,0.0,Summer,No Holiday,Yes
2018-06-29 14:00:00,1175.0,27.8,57,2.1,760,18.4,2.62,0.0,0.0,Summer,No Holiday,Yes
2018-06-29 15:00:00,1209.0,28.4,63,2.8,742,20.6,2.47,0.0,0.0,Summer,No Holiday,Yes
2018-06-29 16:00:00,1554.0,29.0,57,2.3,987,19.6,2.36,0.0,0.0,Summer,No Holiday,Yes
2018-06-29 17:00:00,2099.0,28.5,60,2.6,1014,19.9,1.33,0.0,0.0,Summer,No Holiday,Yes
2018-06-29 18:00:00,3113.0,28.1,60,1.9,959,19.5,1.05,0.0,0.0,Summer,No Holiday,Yes
2018-06-29 19:00:00,2602.0,27.1,64,1.1,829,19.6,0.28,0.0,0.0,Summer,No Holiday,Yes
2018-06-29 20:00:00,2339.0,26.2,70,1.5,792,20.2,0.12,0.0,0.0,Summer,No Holiday,Yes
2018-06-29 21:00:00,2225.0,25.2,75,1.4,644,20.4,0.0,0.0,0.0,Summer,No Holiday,Yes
2018-06-29 22:00:00,2103.0,24.2,80,1.3,500,20.5,0.0,0.0,0.0,Summer,No Holiday,Yes
2018-06-29 23:00:00,1552.0,23.5,83,1.4,436,20.4,0.0,0.0,0.0,Summer,No Holiday,Yes
2018-06-30 00:00:00,1275.0,23.0,84,1.9,375,20.1,0.0,0.0,0.0,Summer,No Holiday,Yes
2018-06-30 01:00:00,1070.0,22.6,85,0.3,323,19.9,0.0,0.0,0.0,Summer,No Holiday,Yes
2018-06-30 02:00:00,859.0,22.2,88,1.0,295,20.1,0.0,0.0,0.0,Summer,No Holiday,Yes
2018-06-30 03:00:00,625.0,21.9,88,0.9,274,19.8,0.0,0.0,0.0,Summer,No Holiday,Yes
2018-06-30 04:00:00,382.0,21.7,93,0.1,244,20.5,0.0,0.0,0.0,Summer,No Holiday,Yes
2018-06-30 05:00:00,247.0,21.7,88,0.6,289,19.6,0.0,0.0,0.0,Summer,No Holiday,Yes
2018-06-30 06:00:00,310.0,22.1,85,0.5,303,19.4,0.01,0.1,0.0,Summer,No Holiday,Yes
2018-06-30 07:00:00,468.0,22.5,86,0.6,299,20.0,0.07,0.0,0.0,Summer,No Holiday,Yes
2018-06-30 08:00:00,825.0,23.4,81,0.5,313,19.9,0.37,0.0,0.0,Summer,No Holiday,Yes
2018-06-30 09:00:00,862.0,24.2,81,0.9,295,20.7,0.53,0.0,0.0,Summer,No Holiday,Yes
2018-06-30 10:00:00,933.0,25.1,73,0.9,358,19.9,0.66,0.0,0.0,Summer,No Holiday,Yes
2018-06-30 11:00:00,871.0,26.4,71,1.0,430,20.7,1.36,0.0,0.0,Summer,No Holiday,Yes
2018-06-30 12:00:00,858.0,25.2,94,2.8,166,24.1,0.39,6.4,0.0,Summer,No Holiday,Yes
2018-06-30 13:00:00,1144.0,25.6,87,1.7,390,23.2,0.71,3.5,0.0,Summer,No Holiday,Yes
2018-06-30 14:00:00,1235.0,27.5,69,0.5,736,21.2,1.84,0.0,0.0,Summer,No Holiday,Yes
2018-06-30 15:00:00,1311.0,27.8,71,0.9,733,22.0,0.93,0.0,0.0,Summer,No Holiday,Yes
2018-06-30 16:00:00,1317.0,27.9,69,0.5,880,21.6,0.61,0.0,0.0,Summer,No Holiday,Yes
2018-06-30 17:00:00,1291.0,27.4,75,2.3,616,22.5,0.46,0.0,0.0,Summer,No Holiday,Yes
2018-06-30 18:00:00,306.0,27.5,79,0.5,1237,23.5,0.65,0.5,0.0,Summer,No Holiday,Yes
2018-06-30 19:00:00,481.0,24.3,95,0.5,958,23.4,0.11,4.0,0.0,Summer,No Holiday,Yes
2018-06-30 20:00:00,778.0,24.2,88,0.8,1276,22.0,0.06,0.0,0.0,Summer,No Holiday,Yes
2018-06-30 21:00:00,1005.0,23.9,84,0.7,1552,21.0,0.0,0.0,0.0,Summer,No Holiday,Yes
2018-06-30 22:00:00,1107.0,23.4,88,0.9,1153,21.2,0.0,0.0,0.0,Summer,No Holiday,Yes
2018-06-30 23:00:00,919.0,22.9,92,0.6,989,21.5,0.0,0.0,0.0,Summer,No Holiday,Yes
2018-07-01 00:00:00,865.0,22.6,88,0.2,1259,20.5,0.0,0.0,0.0,Summer,No Holiday,Yes
2018-07-01 01:00:00,740.0,22.7,87,0.5,1072,20.4,0.0,0.0,0.0,Summer,No Holiday,Yes
2018-07-01 02:00:00,586.0,22.7,87,0.5,1187,20.4,0.0,0.0,0.0,Summer,No Holiday,Yes
2018-07-01 03:00:00,368.0,22.7,86,0.7,1455,20.2,0.0,0.0,0.0,Summer,No Holiday,Yes
2018-07-01 04:00:00,211.0,22.7,85,0.7,1547,20.0,0.0,0.0,0.0,Summer,No Holiday,Yes
2018-07-01 05:00:00,54.0,22.6,86,0.5,1076,20.1,0.0,0.1,0.0,Summer,No Holiday,Yes
2018-07-01 06:00:00,60.0,22.3,93,0.6,1262,21.1,0.01,0.4,0.0,Summer,No Holiday,Yes
2018-07-01 07:00:00,25.0,22.1,89,0.5,1617,20.1,0.08,0.5,0.0,Summer,No Holiday,Yes
2018-07-01 08:00:00,20.0,22.1,93,0.5,805,20.9,0.14,1.0,0.0,Summer,No Holiday,Yes
2018-07-01 09:00:00,9.0,22.1,94,0.9,624,21.0,0.22,1.5,0.0,Summer,No Holiday,Yes
2018-07-01 10:00:00,13.0,21.6,97,0.5,266,21.0,0.13,12.0,0.0,Summer,No Holiday,Yes
2018-07-01 11:00:00,11.0,21.2,97,1.2,105,20.6,0.15,18.5,0.0,Summer,No Holiday,Yes
2018-07-01 12:00:00,9.0,21.1,97,1.2,653,20.5,0.17,7.5,0.0,Summer,No Holiday,Yes
2018-07-01 13:00:00,30.0,21.2,97,1.1,760,20.6,0.2,3.5,0.0,Summer,No Holiday,Yes
2018-07-01 14:00:00,14.0,21.5,97,0.7,1522,20.9,0.29,1.0,0.0,Summer,No Holiday,Yes
2018-07-01 15:00:00,51.0,21.8,97,0.7,324,21.2,0.14,5.5,0.0,Summer,No Holiday,Yes
2018-07-01 16:00:00,41.0,22.2,97,1.1,1745,21.6,0.25,1.0,0.0,Summer,No Holiday,Yes
2018-07-01 17:00:00,25.0,22.4,96,0.4,1661,21.7,0.21,1.5,0.0,Summer,No Holiday,Yes
2018-07-01 18:00:00,17.0,22.2,96,1.2,673,21.5,0.09,3.5,0.0,Summer,No Holiday,Yes
2018-07-01 19:00:00,18.0,21.9,96,1.2,509,21.2,0.01,5.5,0.0,Summer,No Holiday,Yes
2018-07-01 20:00:00,16.0,21.9,97,1.1,534,21.3,0.0,6.0,0.0,Summer,No Holiday,Yes
2018-07-01 21:00:00,17.0,21.8,97,0.6,692,21.2,0.0,3.5,0.0,Summer,No Holiday,Yes
2018-07-01 22:00:00,16.0,21.7,97,0.7,540,21.1,0.0,3.5,0.0,Summer,No Holiday,Yes
2018-07-01 23:00:00,15.0,21.5,97,1.5,523,20.9,0.0,5.0,0.0,Summer,No Holiday,Yes
2018-07-02 00:00:00,26.0,21.4,97,0.6,680,20.8,0.0,2.5,0.0,Summer,No Holiday,Yes
2018-07-02 01:00:00,28.0,21.3,97,1.0,1451,20.7,0.0,3.0,0.0,Summer,No Holiday,Yes
2018-07-02 02:00:00,17.0,21.2,97,0.8,1018,20.6,0.0,2.0,0.0,Summer,No Holiday,Yes
2018-07-02 03:00:00,23.0,21.1,96,2.4,866,20.4,0.0,4.5,0.0,Summer,No Holiday,Yes
2018-07-02 04:00:00,58.0,20.8,97,1.0,2000,20.3,0.0,4.0,0.0,Summer,No Holiday,Yes
2018-07-02 05:00:00,28.0,20.7,97,0.3,2000,20.2,0.0,0.5,0.0,Summer,No Holiday,Yes
2018-07-02 06:00:00,40.0,20.7,97,0.3,1262,20.2,0.0,1.0,0.0,Summer,No Holiday,Yes
2018-07-02 07:00:00,126.0,20.7,97,0.4,1801,20.2,0.0,0.5,0.0,Summer,No Holiday,Yes
2018-07-02 08:00:00,104.0,20.8,96,0.4,1627,20.1,0.11,1.5,0.0,Summer,No Holiday,Yes
2018-07-02 09:00:00,128.0,21.0,97,1.3,825,20.4,0.14,3.0,0.0,Summer,No Holiday,Yes
2018-07-02 10:00:00,27.0,21.4,97,0.6,563,20.8,0.27,1.0,0.0,Summer,No Holiday,Yes
2018-07-02 11:00:00,153.0,21.7,97,0.5,591,21.1,0.25,8.0,0.0,Summer,No Holiday,Yes
2018-07-02 12:00:00,218.0,22.4,97,1.0,945,21.8,0.46,0.0,0.0,Summer,No Holiday,Yes
2018-07-02 13:00:00,304.0,22.6,97,0.6,367,22.0,0.3,0.5,0.0,Summer,No Holiday,Yes
2018-07-02 14:00:00,381.0,23.3,96,0.3,434,22.6,0.53,0.0,0.0,Summer,No Holiday,Yes
2018-07-02 15:00:00,619.0,24.2,93,1.0,590,22.9,0.78,0.0,0.0,Summer,No Holiday,Yes
2018-07-02 16:00:00,839.0,25.2,87,0.9,601,22.8,0.88,0.0,0.0,Summer,No Holiday,Yes
2018-07-02 17:00:00,861.0,25.3,87,0.6,751,22.9,0.49,0.0,0.0,Summer,No Holiday,Yes
2018-07-02 18:00:00,832.0,24.9,87,1.9,1742,22.5,0.25,0.0,0.0,Summer,No Holiday,Yes
2018-07-02 19:00:00,44.0,24.1,93,2.1,1118,22.8,0.23,1.5,0.0,Summer,No Holiday,Yes
2018-07-02 20:00:00,61.0,23.5,97,0.1,1814,22.9,0.04,24.0,0.0,Summer,No Holiday,Yes
2018-07-02 21:00:00,72.0,23.4,98,0.4,1038,23.0,0.0,1.0,0.0,Summer,No Holiday,Yes
2018-07-02 22:00:00,83.0,23.4,98,0.3,585,23.0,0.0,2.5,0.0,Summer,No Holiday,Yes
2018-07-02 23:00:00,168.0,23.4,98,0.3,662,23.0,0.0,0.5,0.0,Summer,No Holiday,Yes
2018-07-03 00:00:00,349.0,23.2,98,0.2,927,22.8,0.0,0.5,0.0,Summer,No Holiday,Yes
2018-07-03 01:00:00,407.0,23.1,98,0.0,958,22.7,0.0,0.0,0.0,Summer,No Holiday,Yes
2018-07-03 02:00:00,354.0,23.0,98,0.1,1026,22.6,0.0,0.0,0.0,Summer,No Holiday,Yes
2018-07-03 03:00:00,233.0,22.8,98,0.0,1734,22.4,0.0,0.0,0.0,Summer,No Holiday,Yes
2018-07-03 04:00:00,149.0,22.7,97,0.2,1808,22.1,0.0,0.0,0.0,Summer,No Holiday,Yes
2018-07-03 05:00:00,224.0,22.6,97,0.0,1383,22.0,0.0,0.0,0.0,Summer,No Holiday,Yes
2018-07-03 06:00:00,600.0,22.6,95,0.1,1937,21.7,0.05,0.0,0.0,Summer,No Holiday,Yes
2018-07-03 07:00:00,1308.0,23.5,86,0.2,1908,21.0,0.38,0.0,0.0,Summer,No Holiday,Yes
2018-07-03 08:00:00,2135.0,24.3,83,0.5,1986,21.2,0.53,0.0,0.0,Summer,No Holiday,Yes
2018-07-03 09:00:00,1156.0,25.7,76,0.8,1920,21.1,1.11,0.0,0.0,Summer,No Holiday,Yes
2018-07-03 10:00:00,818.0,27.6,71,1.6,1870,21.8,2.14,0.0,0.0,Summer,No Holiday,Yes
2018-07-03 11:00:00,906.0,29.2,66,1.4,1953,22.1,2.72,0.0,0.0,Summer,No Holiday,Yes
2018-07-03 12:00:00,944.0,30.1,64,1.2,2000,22.5,2.54,0.0,0.0,Summer,No Holiday,Yes
2018-07-03 13:00:00,994.0,31.2,54,1.3,1961,20.7,3.11,0.0,0.0,Summer,No Holiday,Yes
2018-07-03 14:00:00,1001.0,31.0,56,1.5,2000,21.1,1.47,0.0,0.0,Summer,No Holiday,Yes
2018-07-03 15:00:00,1069.0,32.0,54,1.2,1962,21.5,2.99,0.0,0.0,Summer,No Holiday,Yes
2018-07-03 16:00:00,1325.0,31.3,52,1.2,2000,20.2,1.63,0.0,0.0,Summer,No Holiday,Yes
2018-07-03 17:00:00,1783.0,32.4,50,2.2,2000,20.6,1.92,0.0,0.0,Summer,No Holiday,Yes
2018-07-03 18:00:00,2965.0,32.2,57,1.8,1880,22.5,1.53,0.0,0.0,Summer,No Holiday,Yes
2018-07-03 19:00:00,2598.0,30.4,62,0.9,2000,22.2,0.65,0.1,0.0,Summer,No Holiday,Yes
2018-07-03 20:00:00,2398.0,28.8,72,0.9,2000,23.2,0.11,0.0,0.0,Summer,No Holiday,Yes
2018-07-03 21:00:00,2264.0,27.8,72,0.6,2000,22.2,0.0,0.0,0.0,Summer,No Holiday,Yes
2018-07-03 22:00:00,1948.0,26.9,78,0.6,1806,22.7,0.0,0.0,0.0,Summer,No Holiday,Yes
2018-07-03 23:00:00,1365.0,26.4,78,0.3,2000,22.2,0.0,0.0,0.0,Summer,No Holiday,Yes
2018-07-04 00:00:00,971.0,25.9,79,0.3,2000,21.9,0.0,0.0,0.0,Summer,No Holiday,Yes
2018-07-04 01:00:00,796.0,25.4,79,1.0,2000,21.4,0.0,0.0,0.0,Summer,No Holiday,Yes
2018-07-04 02:00:00,555.0,25.1,82,0.2,2000,21.8,0.0,0.0,0.0,Summer,No Holiday,Yes
2018-07-04 03:00:00,372.0,24.9,83,0.2,1857,21.8,0.0,0.0,0.0,Summer,No Holiday,Yes
2018-07-04 04:00:00,234.0,24.7,82,0.3,2000,21.4,0.0,0.0,0.0,Summer,No Holiday,Yes
2018-07-04 05:00:00,316.0,24.2,86,0.2,2000,21.7,0.0,0.0,0.0,Summer,No Holiday,Yes
2018-07-04 06:00:00,747.0,24.0,84,0.1,1969,21.1,0.05,0.0,0.0,Summer,No Holiday,Yes
2018-07-04 07:00:00,1450.0,24.6,78,0.5,2000,20.5,0.33,0.0,0.0,Summer,No Holiday,Yes
2018-07-04 08:00:00,2215.0,26.4,64,0.5,1909,19.0,1.33,0.0,0.0,Summer,No Holiday,Yes
2018-07-04 09:00:00,1191.0,27.4,68,0.5,1941,20.9,1.31,0.0,0.0,Summer,No Holiday,Yes
2018-07-04 10:00:00,831.0,28.5,65,1.5,1519,21.2,1.74,0.0,0.0,Summer,No Holiday,Yes
2018-07-04 11:00:00,941.0,30.0,60,2.3,1861,21.3,2.61,0.0,0.0,Summer,No Holiday,Yes
2018-07-04 12:00:00,1021.0,30.5,58,2.5,1741,21.2,2.26,0.0,0.0,Summer,No Holiday,Yes
2018-07-04 13:00:00,1007.0,31.0,60,2.6,1657,22.3,2.75,0.0,0.0,Summer,No Holiday,Yes
2018-07-04 14:00:00,1005.0,31.3,58,3.0,1479,22.0,2.46,0.0,0.0,Summer,No Holiday,Yes
2018-07-04 15:00:00,1038.0,31.1,57,3.7,1912,21.5,2.03,0.0,0.0,Summer,No Holiday,Yes
2018-07-04 16:00:00,1306.0,31.6,57,2.7,1882,22.0,2.19,0.0,0.0,Summer,No Holiday,Yes
2018-07-04 17:00:00,1856.0,31.2,56,3.4,1943,21.3,1.82,0.0,0.0,Summer,No Holiday,Yes
2018-07-04 18:00:00,3080.0,30.0,60,2.5,1933,21.3,0.99,0.0,0.0,Summer,No Holiday,Yes
2018-07-04 19:00:00,2637.0,28.2,64,2.8,1978,20.7,0.5,0.0,0.0,Summer,No Holiday,Yes
2018-07-04 20:00:00,2415.0,27.1,67,2.9,1949,20.4,0.06,0.0,0.0,Summer,No Holiday,Yes
2018-07-04 21:00:00,2274.0,26.2,70,2.2,1908,20.2,0.0,0.0,0.0,Summer,No Holiday,Yes
2018-07-04 22:00:00,2091.0,25.1,73,2.5,1808,19.9,0.0,0.0,0.0,Summer,No Holiday,Yes
2018-07-04 23:00:00,1432.0,24.7,74,1.4,1596,19.7,0.0,0.0,0.0,Summer,No Holiday,Yes
2018-07-05 00:00:00,1078.0,24.2,77,1.8,1365,19.9,0.0,0.0,0.0,Summer,No Holiday,Yes
2018-07-05 01:00:00,846.0,23.9,79,1.7,1121,20.0,0.0,0.0,0.0,Summer,No Holiday,Yes
2018-07-05 02:00:00,568.0,23.6,80,1.5,879,19.9,0.0,0.0,0.0,Summer,No Holiday,Yes
2018-07-05 03:00:00,376.0,23.5,81,0.9,878,20.0,0.0,0.0,0.0,Summer,No Holiday,Yes
2018-07-05 04:00:00,267.0,23.5,80,0.4,924,19.8,0.0,0.0,0.0,Summer,No Holiday,Yes
2018-07-05 05:00:00,326.0,23.5,80,0.3,838,19.8,0.0,0.0,0.0,Summer,No Holiday,Yes
2018-07-05 06:00:00,438.0,23.5,80,0.3,768,19.8,0.0,0.0,0.0,Summer,No Holiday,Yes
2018-07-05 07:00:00,828.0,23.5,90,0.5,445,21.7,0.05,0.5,0.0,Summer,No Holiday,Yes
2018-07-05 08:00:00,1836.0,23.6,93,0.9,308,22.3,0.21,0.0,0.0,Summer,No Holiday,Yes
2018-07-05 09:00:00,1112.0,24.2,84,0.9,632,21.3,0.49,0.0,0.0,Summer,No Holiday,Yes
2018-07-05 10:00:00,827.0,25.6,75,1.1,1028,20.8,1.22,0.0,0.0,Summer,No Holiday,Yes
2018-07-05 11:00:00,890.0,26.3,71,1.1,1340,20.6,0.86,0.0,0.0,Summer,No Holiday,Yes
2018-07-05 12:00:00,996.0,27.0,68,1.1,1744,20.5,1.2,0.0,0.0,Summer,No Holiday,Yes
2018-07-05 13:00:00,929.0,28.1,67,1.1,1772,21.3,1.43,0.0,0.0,Summer,No Holiday,Yes
2018-07-05 14:00:00,933.0,28.3,67,3.0,1242,21.5,1.73,0.0,0.0,Summer,No Holiday,Yes
2018-07-05 15:00:00,1011.0,28.8,66,0.9,1806,21.8,1.55,0.0,0.0,Summer,No Holiday,Yes
2018-07-05 16:00:00,1105.0,28.2,71,1.7,2000,22.4,0.96,0.0,0.0,Summer,No Holiday,Yes
2018-07-05 17:00:00,1381.0,27.3,76,0.9,1971,22.6,0.52,0.0,0.0,Summer,No Holiday,Yes
2018-07-05 18:00:00,2594.0,26.8,71,1.2,2000,21.0,0.21,0.0,0.0,Summer,No Holiday,Yes
2018-07-05 19:00:00,2309.0,26.7,69,1.4,2000,20.5,0.36,0.0,0.0,Summer,No Holiday,Yes
2018-07-05 20:00:00,2122.0,25.8,68,1.4,2000,19.4,0.09,0.0,0.0,Summer,No Holiday,Yes
2018-07-05 21:00:00,2063.0,25.2,67,1.5,2000,18.6,0.0,0.0,0.0,Summer,No Holiday,Yes
2018-07-05 22:00:00,1941.0,24.4,67,1.6,2000,17.8,0.0,0.0,0.0,Summer,No Holiday,Yes
2018-07-05 23:00:00,1406.0,23.9,66,1.5,2000,17.1,0.0,0.0,0.0,Summer,No Holiday,Yes
2018-07-06 00:00:00,1075.0,23.5,65,1.9,2000,16.5,0.0,0.0,0.0,Summer,No Holiday,Yes
2018-07-06 01:00:00,839.0,23.1,66,1.6,2000,16.3,0.0,0.0,0.0,Summer,No Holiday,Yes
2018-07-06 02:00:00,558.0,22.8,65,1.8,2000,15.8,0.0,0.0,0.0,Summer,No Holiday,Yes
2018-07-06 03:00:00,403.0,22.6,66,1.5,2000,15.9,0.0,0.0,0.0,Summer,No Holiday,Yes
2018-07-06 04:00:00,273.0,22.6,66,0.9,2000,15.9,0.0,0.0,0.0,Summer,No Holiday,Yes
2018-07-06 05:00:00,311.0,22.5,66,1.5,2000,15.8,0.0,0.0,0.0,Summer,No Holiday,Yes
2018-07-06 06:00:00,723.0,22.4,65,1.6,2000,15.4,0.01,0.0,0.0,Summer,No Holiday,Yes
2018-07-06 07:00:00,1449.0,22.6,63,1.3,2000,15.1,0.21,0.0,0.0,Summer,No Holiday,Yes
2018-07-06 08:00:00,2273.0,23.2,60,1.7,2000,14.9,0.58,0.0,0.0,Summer,No Holiday,Yes
2018-07-06 09:00:00,1318.0,23.3,61,1.7,2000,15.3,0.8,0.0,0.0,Summer,No Holiday,Yes
2018-07-06 10:00:00,998.0,23.7,59,1.7,2000,15.2,0.89,0.0,0.0,Summer,No Holiday,Yes
2018-07-06 11:00:00,1024.0,23.9,59,2.1,2000,15.3,1.08,0.0,0.0,Summer,No Holiday,Yes
2018-07-06 12:00:00,1216.0,25.7,57,1.9,2000,16.5,2.32,0.0,0.0,Summer,No Holiday,Yes
2018-07-06 13:00:00,1210.0,26.2,53,2.1,2000,15.8,2.23,0.0,0.0,Summer,No Holiday,Yes
2018-07-06 14:00:00,1209.0,27.0,52,2.1,2000,16.2,2.51,0.0,0.0,Summer,No Holiday,Yes
2018-07-06 15:00:00,1346.0,26.9,51,2.0,2000,15.9,1.95,0.0,0.0,Summer,No Holiday,Yes
2018-07-06 16:00:00,1635.0,26.6,54,2.3,2000,16.5,1.24,0.0,0.0,Summer,No Holiday,Yes
2018-07-06 17:00:00,2282.0,26.6,52,2.2,2000,15.9,1.02,0.0,0.0,Summer,No Holiday,Yes
2018-07-06 18:00:00,3196.0,25.9,52,2.1,2000,15.2,0.57,0.0,0.0,Summer,No Holiday,Yes
2018-07-06 19:00:00,2557.0,25.0,52,2.2,2000,14.4,0.37,0.0,0.0,Summer,No Holiday,Yes
2018-07-06 20:00:00,2223.0,23.8,55,2.3,2000,14.2,0.05,0.0,0.0,Summer,No Holiday,Yes
2018-07-06 21:00:00,2183.0,23.1,54,2.1,2000,13.2,0.0,0.0,0.0,Summer,No Holiday,Yes
2018-07-06 22:00:00,1917.0,22.5,54,2.1,2000,12.7,0.0,0.0,0.0,Summer,No Holiday,Yes
2018-07-06 23:00:00,1458.0,22.0,55,1.7,2000,12.5,0.0,0.0,0.0,Summer,No Holiday,Yes
2018-07-07 00:00:00,1191.0,21.5,56,1.8,2000,12.3,0.0,0.0,0.0,Summer,No Holiday,Yes
2018-07-07 01:00:00,1079.0,21.1,57,2.0,2000,12.2,0.0,0.0,0.0,Summer,No Holiday,Yes
2018-07-07 02:00:00,760.0,20.7,58,1.5,2000,12.1,0.0,0.0,0.0,Summer,No Holiday,Yes
2018-07-07 03:00:00,545.0,20.4,59,1.0,2000,12.1,0.0,0.0,0.0,Summer,No Holiday,Yes
2018-07-07 04:00:00,331.0,20.0,63,1.8,2000,12.7,0.0,0.0,0.0,Summer,No Holiday,Yes
2018-07-07 05:00:00,273.0,19.8,63,1.4,2000,12.5,0.0,0.0,0.0,Summer,No Holiday,Yes
2018-07-07 06:00:00,396.0,19.5,61,1.5,2000,11.7,0.03,0.0,0.0,Summer,No Holiday,Yes
2018-07-07 07:00:00,567.0,19.6,57,1.6,2000,10.8,0.42,0.0,0.0,Summer,No Holiday,Yes
2018-07-07 08:00:00,832.0,21.2,52,1.6,1998,10.9,1.2,0.0,0.0,Summer,No Holiday,Yes
2018-07-07 09:00:00,1009.0,22.6,51,1.7,2000,11.9,1.87,0.0,0.0,Summer,No Holiday,Yes
2018-07-07 10:00:00,1050.0,24.0,49,1.7,2000,12.6,2.48,0.0,0.0,Summer,No Holiday,Yes
2018-07-07 11:00:00,1129.0,25.0,48,1.5,1986,13.2,2.95,0.0,0.0,Summer,No Holiday,Yes
2018-07-07 12:00:00,1328.0,26.4,47,1.7,2000,14.1,3.26,0.0,0.0,Summer,No Holiday,Yes
2018-07-07 13:00:00,1399.0,27.5,43,2.0,2000,13.7,3.41,0.0,0.0,Summer,No Holiday,Yes
2018-07-07 14:00:00,1430.0,28.3,43,1.6,1941,14.5,3.33,0.0,0.0,Summer,No Holiday,Yes
2018-07-07 15:00:00,1579.0,28.7,42,1.3,2000,14.5,2.98,0.0,0.0,Summer,No Holiday,Yes
2018-07-07 16:00:00,1764.0,28.9,44,1.6,1998,15.4,2.2,0.0,0.0,Summer,No Holiday,Yes
2018-07-07 17:00:00,2020.0,28.9,45,1.4,2000,15.7,1.89,0.0,0.0,Summer,No Holiday,Yes
2018-07-07 18:00:00,2238.0,27.8,48,1.2,2000,15.7,0.91,0.0,0.0,Summer,No Holiday,Yes
2018-07-07 19:00:00,2352.0,26.1,51,1.4,2000,15.1,0.32,0.0,0.0,Summer,No Holiday,Yes
2018-07-07 20:00:00,2232.0,24.6,51,1.7,2000,13.7,0.07,0.0,0.0,Summer,No Holiday,Yes
2018-07-07 21:00:00,2235.0,23.4,52,1.4,2000,12.9,0.0,0.0,0.0,Summer,No Holiday,Yes
2018-07-07 22:00:00,1921.0,22.6,51,1.7,2000,11.9,0.0,0.0,0.0,Summer,No Holiday,Yes
2018-07-07 23:00:00,1416.0,21.7,51,1.7,2000,11.1,0.0,0.0,0.0,Summer,No Holiday,Yes
2018-07-08 00:00:00,1208.0,20.7,51,1.7,2000,10.1,0.0,0.0,0.0,Summer,No Holiday,Yes
2018-07-08 01:00:00,946.0,19.9,52,1.6,2000,9.7,0.0,0.0,0.0,Summer,No Holiday,Yes
2018-07-08 02:00:00,648.0,19.3,54,1.4,2000,9.7,0.0,0.0,0.0,Summer,No Holiday,Yes
2018-07-08 03:00:00,460.0,18.8,56,1.2,2000,9.8,0.0,0.0,0.0,Summer,No Holiday,Yes
2018-07-08 04:00:00,277.0,18.4,57,1.1,2000,9.7,0.0,0.0,0.0,Summer,No Holiday,Yes
2018-07-08 05:00:00,253.0,18.1,57,1.4,2000,9.4,0.0,0.0,0.0,Summer,No Holiday,Yes
2018-07-08 06:00:00,267.0,17.8,58,1.1,2000,9.4,0.04,0.0,0.0,Summer,No Holiday,Yes
2018-07-08 07:00:00,410.0,18.2,54,1.2,2000,8.7,0.42,0.0,0.0,Summer,No Holiday,Yes
2018-07-08 08:00:00,684.0,19.1,53,1.7,1952,9.2,0.8,0.0,0.0,Summer,No Holiday,Yes
2018-07-08 09:00:00,787.0,20.8,51,1.5,1973,10.2,1.65,0.0,0.0,Summer,No Holiday,Yes
2018-07-08 10:00:00,867.0,22.5,48,1.6,1940,10.9,2.33,0.0,0.0,Summer,No Holiday,Yes
2018-07-08 11:00:00,1053.0,23.8,47,2.1,2000,11.8,2.59,0.0,0.0,Summer,No Holiday,Yes
2018-07-08 12:00:00,1237.0,25.0,46,1.9,1943,12.5,2.93,0.0,0.0,Summer,No Holiday,Yes
2018-07-08 13:00:00,1442.0,26.1,45,1.8,2000,13.2,3.33,0.0,0.0,Summer,No Holiday,Yes
2018-07-08 14:00:00,1517.0,27.1,41,1.4,1941,12.7,3.24,0.0,0.0,Summer,No Holiday,Yes
2018-07-08 15:00:00,1693.0,27.6,37,1.9,2000,11.5,2.58,0.0,0.0,Summer,No Holiday,Yes
2018-07-08 16:00:00,2070.0,27.9,39,1.2,2000,12.6,2.16,0.0,0.0,Summer,No Holiday,Yes
2018-07-08 17:00:00,2266.0,27.4,44,1.7,2000,14.0,1.17,0.0,0.0,Summer,No Holiday,Yes
2018-07-08 18:00:00,2351.0,26.7,48,1.0,2000,14.7,0.53,0.0,0.0,Summer,No Holiday,Yes
2018-07-08 19:00:00,2272.0,26.3,51,1.7,2000,15.3,0.18,0.0,0.0,Summer,No Holiday,Yes
2018-07-08 20:00:00,2348.0,25.7,53,1.3,2000,15.3,0.03,0.0,0.0,Summer,No Holiday,Yes
2018-07-08 21:00:00,2055.0,25.3,55,1.4,2000,15.6,0.0,0.0,0.0,Summer,No Holiday,Yes
2018-07-08 22:00:00,1717.0,25.0,57,1.0,2000,15.8,0.0,0.0,0.0,Summer,No Holiday,Yes
2018-07-08 23:00:00,1252.0,24.6,60,2.6,2000,16.3,0.0,0.0,0.0,Summer,No Holiday,Yes
2018-07-09 00:00:00,900.0,24.2,61,1.7,2000,16.1,0.0,0.0,0.0,Summer,No Holiday,Yes
2018-07-09 01:00:00,554.0,23.7,64,0.8,2000,16.4,0.0,0.0,0.0,Summer,No Holiday,Yes
2018-07-09 02:00:00,387.0,22.7,63,0.9,2000,15.2,0.0,0.0,0.0,Summer,No Holiday,Yes
2018-07-09 03:00:00,285.0,21.9,63,1.3,2000,14.5,0.0,0.0,0.0,Summer,No Holiday,Yes
2018-07-09 04:00:00,206.0,21.4,63,1.5,2000,14.0,0.0,0.0,0.0,Summer,No Holiday,Yes
2018-07-09 05:00:00,301.0,21.1,64,1.5,2000,14.0,0.0,0.0,0.0,Summer,No Holiday,Yes
2018-07-09 06:00:00,486.0,21.0,64,1.0,2000,13.9,0.03,0.0,0.0,Summer,No Holiday,Yes
2018-07-09 07:00:00,451.0,20.9,66,1.4,2000,14.3,0.1,0.0,0.0,Summer,No Holiday,Yes
2018-07-09 08:00:00,670.0,20.7,73,0.8,2000,15.6,0.3,0.2,0.0,Summer,No Holiday,Yes
2018-07-09 09:00:00,575.0,21.1,72,1.0,1982,15.8,0.52,0.0,0.0,Summer,No Holiday,Yes
2018-07-09 10:00:00,217.0,21.1,73,1.2,1957,16.0,0.4,0.0,0.0,Summer,No Holiday,Yes
2018-07-09 11:00:00,186.0,20.6,82,1.0,2000,17.4,0.29,0.3,0.0,Summer,No Holiday,Yes
2018-07-09 12:00:00,71.0,20.7,83,0.6,1244,17.7,0.32,0.0,0.0,Summer,No Holiday,Yes
2018-07-09 13:00:00,99.0,20.3,87,1.0,771,18.0,0.31,0.5,0.0,Summer,No Holiday,Yes
2018-07-09 14:00:00,110.0,20.2,89,1.0,1854,18.3,0.27,0.5,0.0,Summer,No Holiday,Yes
2018-07-09 15:00:00,59.0,20.3,90,0.9,1356,18.5,0.34,0.0,0.0,Summer,No Holiday,Yes
2018-07-09 16:00:00,68.0,20.2,91,1.2,1637,18.6,0.42,1.0,0.0,Summer,No Holiday,Yes
2018-07-09 17:00:00,104.0,20.3,93,1.4,1684,19.1,0.32,1.0,0.0,Summer,No Holiday,Yes
2018-07-09 18:00:00,140.0,20.3,93,1.3,1832,19.1,0.22,0.5,0.0,Summer,No Holiday,Yes
2018-07-09 19:00:00,68.0,20.4,94,1.1,1769,19.3,0.14,0.5,0.0,Summer,No Holiday,Yes
2018-07-09 20:00:00,48.0,20.3,95,0.8,1372,19.4,0.02,1.0,0.0,Summer,No Holiday,Yes
2018-07-09 21:00:00,95.0,20.3,96,1.0,1007,19.6,0.0,1.5,0.0,Summer,No Holiday,Yes
2018-07-09 22:00:00,71.0,20.4,96,1.1,1641,19.7,0.0,0.5,0.0,Summer,No Holiday,Yes
2018-07-09 23:00:00,40.0,20.4,96,0.6,1137,19.7,0.0,1.0,0.0,Summer,No Holiday,Yes
2018-07-10 00:00:00,29.0,20.4,97,0.3,183,19.9,0.0,5.5,0.0,Summer,No Holiday,Yes
2018-07-10 01:00:00,39.0,20.4,97,0.3,193,19.9,0.0,8.5,0.0,Summer,No Holiday,Yes
2018-07-10 02:00:00,84.0,20.5,98,0.5,596,20.1,0.0,6.5,0.0,Summer,No Holiday,Yes
2018-07-10 03:00:00,136.0,20.6,98,0.8,1986,20.2,0.0,0.5,0.0,Summer,No Holiday,Yes
2018-07-10 04:00:00,133.0,20.6,97,0.5,1989,20.1,0.0,0.0,0.0,Summer,No Holiday,Yes
2018-07-10 05:00:00,174.0,20.6,97,0.6,2000,20.1,0.0,0.0,0.0,Summer,No Holiday,Yes
2018-07-10 06:00:00,534.0,20.7,97,0.9,2000,20.2,0.02,0.0,0.0,Summer,No Holiday,Yes
2018-07-10 07:00:00,1209.0,21.1,95,0.4,2000,20.2,0.14,0.0,0.0,Summer,No Holiday,Yes
2018-07-10 08:00:00,2017.0,21.7,89,0.5,2000,19.8,0.31,0.0,0.0,Summer,No Holiday,Yes
2018-07-10 09:00:00,1061.0,22.3,86,1.0,2000,19.8,0.42,0.0,0.0,Summer,No Holiday,Yes
2018-07-10 10:00:00,768.0,22.6,85,0.9,1996,19.9,0.38,0.0,0.0,Summer,No Holiday,Yes
2018-07-10 11:00:00,909.0,23.2,82,1.1,1991,19.9,0.47,0.0,0.0,Summer,No Holiday,Yes
2018-07-10 12:00:00,1035.0,24.1,80,0.8,2000,20.4,0.72,0.0,0.0,Summer,No Holiday,Yes
2018-07-10 13:00:00,1074.0,25.2,77,1.2,1951,20.8,1.06,0.0,0.0,Summer,No Holiday,Yes
2018-07-10 14:00:00,1142.0,25.5,77,0.8,1957,21.1,0.75,0.0,0.0,Summer,No Holiday,Yes
2018-07-10 15:00:00,1169.0,25.7,77,0.5,1875,21.3,0.48,0.0,0.0,Summer,No Holiday,Yes
2018-07-10 16:00:00,1462.0,26.3,74,0.7,1580,21.2,0.52,0.0,0.0,Summer,No Holiday,Yes
2018-07-10 17:00:00,1603.0,26.5,76,1.0,1400,21.9,0.36,0.0,0.0,Summer,No Holiday,Yes
2018-07-10 18:00:00,1665.0,26.2,82,0.4,1408,22.8,0.21,0.0,0.0,Summer,No Holiday,Yes
2018-07-10 19:00:00,794.0,25.7,83,1.1,1011,22.5,0.08,0.5,0.0,Summer,No Holiday,Yes
2018-07-10 20:00:00,908.0,25.3,89,0.3,745,23.3,0.0,0.0,0.0,Summer,No Holiday,Yes
2018-07-10 21:00:00,1352.0,25.1,86,0.3,870,22.5,0.0,0.0,0.0,Summer,No Holiday,Yes
2018-07-10 22:00:00,971.0,25.0,86,0.5,796,22.4,0.0,0.0,0.0,Summer,No Holiday,Yes
2018-07-10 23:00:00,373.0,24.9,87,0.5,658,22.5,0.0,0.0,0.0,Summer,No Holiday,Yes
2018-07-11 00:00:00,240.0,24.6,96,0.7,308,23.9,0.0,0.5,0.0,Summer,No Holiday,Yes
2018-07-11 01:00:00,240.0,24.6,96,0.5,443,23.9,0.0,0.5,0.0,Summer,No Holiday,Yes
2018-07-11 02:00:00,236.0,24.5,96,0.5,476,23.8,0.0,0.0,0.0,Summer,No Holiday,Yes
2018-07-11 03:00:00,157.0,24.5,97,0.8,263,23.9,0.0,0.5,0.0,Summer,No Holiday,Yes
2018-07-11 04:00:00,71.0,24.5,97,1.0,317,23.9,0.0,0.0,0.0,Summer,No Holiday,Yes
2018-07-11 05:00:00,76.0,24.5,97,0.5,229,23.9,0.0,0.5,0.0,Summer,No Holiday,Yes
2018-07-11 06:00:00,187.0,24.5,97,0.1,290,23.9,0.0,0.5,0.0,Summer,No Holiday,Yes
2018-07-11 07:00:00,303.0,24.6,97,0.3,180,24.0,0.07,0.5,0.0,Summer,No Holiday,Yes
2018-07-11 08:00:00,827.0,25.1,97,0.8,490,24.5,0.26,0.0,0.0,Summer,No Holiday,Yes
2018-07-11 09:00:00,634.0,25.6,96,0.6,450,24.9,0.41,0.0,0.0,Summer,No Holiday,Yes
2018-07-11 10:00:00,581.0,26.3,91,0.6,749,24.7,0.63,0.5,0.0,Summer,No Holiday,Yes
2018-07-11 11:00:00,792.0,27.2,82,0.9,1093,23.8,0.93,0.0,0.0,Summer,No Holiday,Yes
2018-07-11 12:00:00,964.0,28.1,73,2.1,1326,22.7,0.87,0.0,0.0,Summer,No Holiday,Yes
2018-07-11 13:00:00,991.0,28.7,69,2.6,1546,22.4,1.02,0.0,0.0,Summer,No Holiday,Yes
2018-07-11 14:00:00,1052.0,29.2,67,2.8,1725,22.4,1.13,0.0,0.0,Summer,No Holiday,Yes
2018-07-11 15:00:00,1106.0,29.4,68,2.3,1525,22.8,1.29,0.0,0.0,Summer,No Holiday,Yes
2018-07-11 16:00:00,1344.0,28.7,70,3.2,1586,22.6,0.73,0.0,0.0,Summer,No Holiday,Yes
2018-07-11 17:00:00,1923.0,28.7,71,2.9,1666,22.9,0.71,0.0,0.0,Summer,No Holiday,Yes
2018-07-11 18:00:00,2931.0,28.4,75,2.4,1564,23.5,0.52,0.0,0.0,Summer,No Holiday,Yes
2018-07-11 19:00:00,2328.0,28.2,72,1.6,1745,22.6,0.13,0.0,0.0,Summer,No Holiday,Yes
2018-07-11 20:00:00,2048.0,27.7,76,1.8,1727,23.0,0.04,0.0,0.0,Summer,No Holiday,Yes
2018-07-11 21:00:00,1936.0,27.3,78,1.2,1606,23.1,0.0,0.0,0.0,Summer,No Holiday,Yes
2018-07-11 22:00:00,1870.0,27.1,79,1.2,1578,23.1,0.0,0.0,0.0,Summer,No Holiday,Yes
2018-07-11 23:00:00,1298.0,26.9,79,0.1,1541,22.9,0.0,0.0,0.0,Summer,No Holiday,Yes
2018-07-12 00:00:00,938.0,26.7,79,0.9,1590,22.7,0.0,0.0,0.0,Summer,No Holiday,Yes
2018-07-12 01:00:00,787.0,26.6,80,0.0,1485,22.8,0.0,0.0,0.0,Summer,No Holiday,Yes
2018-07-12 02:00:00,517.0,26.3,84,0.3,1361,23.3,0.0,0.0,0.0,Summer,No Holiday,Yes
2018-07-12 03:00:00,322.0,26.2,83,0.3,1294,23.0,0.0,0.0,0.0,Summer,No Holiday,Yes
2018-07-12 04:00:00,159.0,26.1,85,0.6,1081,23.3,0.0,0.0,0.0,Summer,No Holiday,Yes
2018-07-12 05:00:00,231.0,25.9,91,0.4,872,24.3,0.0,0.5,0.0,Summer,No Holiday,Yes
2018-07-12 06:00:00,593.0,25.6,93,1.1,852,24.3,0.01,0.0,0.0,Summer,No Holiday,Yes
2018-07-12 07:00:00,1279.0,25.9,87,1.7,834,23.5,0.26,0.0,0.0,Summer,No Holiday,Yes
2018-07-12 08:00:00,1811.0,26.3,84,2.1,973,23.3,0.48,0.0,0.0,Summer,No Holiday,Yes
2018-07-12 09:00:00,982.0,26.5,82,2.7,815,23.1,0.57,0.0,0.0,Summer,No Holiday,Yes
2018-07-12 10:00:00,746.0,26.7,88,1.6,802,24.5,0.89,0.5,0.0,Summer,No Holiday,Yes
2018-07-12 11:00:00,805.0,27.4,78,2.3,1164,23.2,1.11,0.0,0.0,Summer,No Holiday,Yes
2018-07-12 12:00:00,991.0,27.4,80,2.7,1083,23.6,0.97,0.0,0.0,Summer,No Holiday,Yes
2018-07-12 13:00:00,959.0,27.7,76,2.6,1258,23.0,1.0,0.0,0.0,Summer,No Holiday,Yes
2018-07-12 14:00:00,976.0,27.8,76,3.1,1517,23.1,1.0,0.0,0.0,Summer,No Holiday,Yes
2018-07-12 15:00:00,1163.0,28.0,76,2.3,1437,23.3,1.0,0.0,0.0,Summer,No Holiday,Yes
2018-07-12 16:00:00,1296.0,28.1,74,2.8,1559,23.0,1.06,0.0,0.0,Summer,No Holiday,Yes
2018-07-12 17:00:00,1915.0,27.9,75,2.5,1643,23.0,0.75,0.0,0.0,Summer,No Holiday,Yes
2018-07-12 18:00:00,3016.0,27.5,77,2.1,1897,23.0,0.46,0.0,0.0,Summer,No Holiday,Yes
2018-07-12 19:00:00,2313.0,27.4,78,1.1,1899,23.2,0.27,0.0,0.0,Summer,No Holiday,Yes
2018-07-12 20:00:00,2214.0,26.9,80,1.5,1806,23.1,0.09,0.0,0.0,Summer,No Holiday,Yes
2018-07-12 21:00:00,2115.0,26.3,81,0.8,1910,22.7,0.0,0.0,0.0,Summer,No Holiday,Yes
2018-07-12 22:00:00,1945.0,25.9,83,0.6,1827,22.7,0.0,0.0,0.0,Summer,No Holiday,Yes
2018-07-12 23:00:00,1355.0,25.5,84,0.8,1906,22.5,0.0,0.0,0.0,Summer,No Holiday,Yes
2018-07-13 00:00:00,1006.0,25.1,87,0.4,1800,22.7,0.0,0.0,0.0,Summer,No Holiday,Yes
2018-07-13 01:00:00,760.0,24.8,89,0.9,1555,22.8,0.0,0.0,0.0,Summer,No Holiday,Yes
2018-07-13 02:00:00,600.0,24.9,86,1.3,1469,22.3,0.0,0.0,0.0,Summer,No Holiday,Yes
2018-07-13 03:00:00,377.0,24.9,86,2.0,1079,22.3,0.0,0.0,0.0,Summer,No Holiday,Yes
2018-07-13 04:00:00,241.0,24.8,86,2.1,1103,22.2,0.0,0.0,0.0,Summer,No Holiday,Yes
2018-07-13 05:00:00,301.0,24.8,84,1.4,1303,21.9,0.0,0.0,0.0,Summer,No Holiday,Yes
2018-07-13 06:00:00,665.0,24.8,84,1.1,1426,21.9,0.0,0.0,0.0,Summer,No Holiday,Yes
2018-07-13 07:00:00,1321.0,25.0,83,1.0,1350,21.9,0.13,0.0,0.0,Summer,No Holiday,Yes
2018-07-13 08:00:00,2114.0,25.5,80,1.8,1402,21.7,0.37,0.0,0.0,Summer,No Holiday,Yes
2018-07-13 09:00:00,1240.0,26.6,73,2.2,1147,21.3,1.01,0.0,0.0,Summer,No Holiday,Yes
2018-07-13 10:00:00,836.0,27.4,70,2.4,1335,21.4,1.28,0.0,0.0,Summer,No Holiday,Yes
2018-07-13 11:00:00,887.0,27.5,70,2.4,1719,21.5,1.07,0.0,0.0,Summer,No Holiday,Yes
2018-07-13 12:00:00,1013.0,28.3,68,1.9,1546,21.8,1.35,0.0,0.0,Summer,No Holiday,Yes
2018-07-13 13:00:00,1046.0,28.9,68,2.8,1934,22.3,1.55,0.0,0.0,Summer,No Holiday,Yes
2018-07-13 14:00:00,999.0,29.5,62,2.7,1941,21.4,1.79,0.0,0.0,Summer,No Holiday,Yes
2018-07-13 15:00:00,1094.0,30.2,62,2.4,1806,22.1,1.91,0.0,0.0,Summer,No Holiday,Yes
2018-07-13 16:00:00,1291.0,30.0,67,2.0,1698,23.1,1.46,0.0,0.0,Summer,No Holiday,Yes
2018-07-13 17:00:00,1782.0,30.1,65,1.8,1923,22.7,1.36,0.0,0.0,Summer,No Holiday,Yes
2018-07-13 18:00:00,2884.0,30.8,60,2.5,1793,22.1,1.43,0.0,0.0,Summer,No Holiday,Yes
2018-07-13 19:00:00,2320.0,29.8,68,2.6,1749,23.2,0.81,0.0,0.0,Summer,No Holiday,Yes
2018-07-13 20:00:00,2069.0,28.2,76,2.2,1888,23.5,0.08,0.0,0.0,Summer,No Holiday,Yes
2018-07-13 21:00:00,1924.0,27.2,80,2.3,1870,23.4,0.0,0.0,0.0,Summer,No Holiday,Yes
2018-07-13 22:00:00,1879.0,26.7,82,1.3,1725,23.3,0.0,0.0,0.0,Summer,No Holiday,Yes
2018-07-13 23:00:00,1439.0,26.2,84,1.0,1646,23.2,0.0,0.0,0.0,Summer,No Holiday,Yes
2018-07-14 00:00:00,1169.0,25.7,85,0.4,1519,22.9,0.0,0.0,0.0,Summer,No Holiday,Yes
2018-07-14 01:00:00,1062.0,25.4,85,1.4,1663,22.6,0.0,0.0,0.0,Summer,No Holiday,Yes
2018-07-14 02:00:00,783.0,25.3,85,1.7,1594,22.5,0.0,0.0,0.0,Summer,No Holiday,Yes
2018-07-14 03:00:00,545.0,25.2,83,1.1,1835,22.0,0.0,0.0,0.0,Summer,No Holiday,Yes
2018-07-14 04:00:00,307.0,25.1,82,1.5,1336,21.8,0.0,0.0,0.0,Summer,No Holiday,Yes
2018-07-14 05:00:00,266.0,24.8,86,1.6,1170,22.2,0.0,0.0,0.0,Summer,No Holiday,Yes
2018-07-14 06:00:00,356.0,24.6,86,0.4,1119,22.0,0.02,0.0,0.0,Summer,No Holiday,Yes
2018-07-14 07:00:00,537.0,24.9,81,0.3,1289,21.4,0.24,0.0,0.0,Summer,No Holiday,Yes
2018-07-14 08:00:00,787.0,26.1,74,0.7,1254,21.0,0.87,0.0,0.0,Summer,No Holiday,Yes
2018-07-14 09:00:00,909.0,27.0,70,1.1,1393,21.0,1.15,0.0,0.0,Summer,No Holiday,Yes
2018-07-14 10:00:00,910.0,27.8,68,2.1,1490,21.3,1.29,0.0,0.0,Summer,No Holiday,Yes
2018-07-14 11:00:00,945.0,29.0,65,2.0,1642,21.7,2.22,0.0,0.0,Summer,No Holiday,Yes
2018-07-14 12:00:00,1039.0,30.2,58,2.3,1359,21.0,2.64,0.0,0.0,Summer,No Holiday,Yes
2018-07-14 13:00:00,1078.0,30.7,59,2.3,1534,21.7,2.67,0.0,0.0,Summer,No Holiday,Yes
2018-07-14 14:00:00,1038.0,30.7,59,2.9,1612,21.7,2.05,0.0,0.0,Summer,No Holiday,Yes
2018-07-14 15:00:00,1058.0,31.1,59,2.3,1929,22.1,2.34,0.0,0.0,Summer,No Holiday,Yes
2018-07-14 16:00:00,1177.0,31.7,55,2.3,1895,21.5,2.16,0.0,0.0,Summer,No Holiday,Yes
2018-07-14 17:00:00,1433.0,31.5,53,3.7,1974,20.7,2.02,0.0,0.0,Summer,No Holiday,Yes
2018-07-14 18:00:00,1624.0,31.1,55,2.2,1897,20.9,1.05,0.0,0.0,Summer,No Holiday,Yes
2018-07-14 19:00:00,1797.0,30.4,59,2.4,1972,21.4,0.69,0.0,0.0,Summer,No Holiday,Yes
2018-07-14 20:00:00,2023.0,29.2,63,1.7,1988,21.4,0.1,0.0,0.0,Summer,No Holiday,Yes
2018-07-14 21:00:00,2011.0,28.2,64,2.8,2000,20.7,0.0,0.0,0.0,Summer,No Holiday,Yes
2018-07-14 22:00:00,1682.0,27.6,70,2.7,1994,21.6,0.0,0.0,0.0,Summer,No Holiday,Yes
2018-07-14 23:00:00,1278.0,26.6,80,2.0,1527,22.8,0.0,0.0,0.0,Summer,No Holiday,Yes
2018-07-15 00:00:00,1143.0,26.0,82,1.9,1674,22.6,0.0,0.0,0.0,Summer,No Holiday,Yes
2018-07-15 01:00:00,868.0,25.5,83,2.3,1576,22.3,0.0,0.0,0.0,Summer,No Holiday,Yes
2018-07-15 02:00:00,632.0,25.1,85,1.1,1379,22.3,0.0,0.0,0.0,Summer,No Holiday,Yes
2018-07-15 03:00:00,443.0,24.8,86,0.2,1354,22.2,0.0,0.0,0.0,Summer,No Holiday,Yes
2018-07-15 04:00:00,278.0,24.6,86,0.1,1358,22.0,0.0,0.0,0.0,Summer,No Holiday,Yes
2018-07-15 05:00:00,223.0,24.5,85,0.7,1345,21.8,0.0,0.0,0.0,Summer,No Holiday,Yes
2018-07-15 06:00:00,292.0,24.8,83,0.2,1534,21.7,0.02,0.0,0.0,Summer,No Holiday,Yes
2018-07-15 07:00:00,402.0,25.2,80,0.2,1551,21.4,0.18,0.0,0.0,Summer,No Holiday,Yes
2018-07-15 08:00:00,613.0,26.2,75,0.9,1560,21.4,0.77,0.0,0.0,Summer,No Holiday,Yes
2018-07-15 09:00:00,715.0,27.0,71,1.0,1518,21.2,0.97,0.0,0.0,Summer,No Holiday,Yes
2018-07-15 10:00:00,701.0,28.5,66,1.7,1319,21.5,1.83,0.0,0.0,Summer,No Holiday,Yes
2018-07-15 11:00:00,712.0,28.7,64,1.3,1332,21.2,1.53,0.0,0.0,Summer,No Holiday,Yes
2018-07-15 12:00:00,803.0,30.1,58,1.6,1491,20.9,2.15,0.0,0.0,Summer,No Holiday,Yes
2018-07-15 13:00:00,810.0,31.4,53,3.2,1695,20.6,3.28,0.0,0.0,Summer,No Holiday,Yes
2018-07-15 14:00:00,822.0,32.4,50,2.0,1735,20.6,3.13,0.0,0.0,Summer,No Holiday,Yes
2018-07-15 15:00:00,946.0,32.9,49,2.6,1631,20.7,2.81,0.0,0.0,Summer,No Holiday,Yes
2018-07-15 16:00:00,1125.0,32.8,52,3.0,1803,21.6,2.28,0.0,0.0,Summer,No Holiday,Yes
2018-07-15 17:00:00,1247.0,32.7,52,3.0,1872,21.5,1.96,0.0,0.0,Summer,No Holiday,Yes
2018-07-15 18:00:00,1466.0,32.2,55,2.4,1769,22.0,1.28,0.0,0.0,Summer,No Holiday,Yes
2018-07-15 19:00:00,1847.0,31.2,62,2.1,1852,23.0,0.63,0.0,0.0,Summer,No Holiday,Yes
2018-07-15 20:00:00,2058.0,29.2,72,2.1,1932,23.6,0.09,0.0,0.0,Summer,No Holiday,Yes
2018-07-15 21:00:00,1924.0,28.1,74,3.1,1840,23.0,0.0,0.0,0.0,Summer,No Holiday,Yes
2018-07-15 22:00:00,1607.0,27.5,77,0.9,1778,23.0,0.0,0.0,0.0,Summer,No Holiday,Yes
2018-07-15 23:00:00,1113.0,27.0,78,1.6,1609,22.8,0.0,0.0,0.0,Summer,No Holiday,Yes
2018-07-16 00:00:00,732.0,26.5,81,0.9,1650,22.9,0.0,0.0,0.0,Summer,No Holiday,Yes
2018-07-16 01:00:00,498.0,25.9,83,1.3,1520,22.7,0.0,0.0,0.0,Summer,No Holiday,Yes
2018-07-16 02:00:00,469.0,25.4,84,0.6,1340,22.4,0.0,0.0,0.0,Summer,No Holiday,Yes
2018-07-16 03:00:00,276.0,25.1,85,0.7,1507,22.3,0.0,0.0,0.0,Summer,No Holiday,Yes
2018-07-16 04:00:00,211.0,24.6,84,0.7,1373,21.7,0.0,0.0,0.0,Summer,No Holiday,Yes
2018-07-16 05:00:00,324.0,24.3,85,1.0,1496,21.6,0.0,0.0,0.0,Summer,No Holiday,Yes
2018-07-16 06:00:00,703.0,24.0,85,0.9,1569,21.3,0.02,0.0,0.0,Summer,No Holiday,Yes
2018-07-16 07:00:00,1344.0,24.5,73,0.9,1901,19.3,0.36,0.0,0.0,Summer,No Holiday,Yes
2018-07-16 08:00:00,1935.0,26.4,69,0.5,1559,20.2,1.09,0.0,0.0,Summer,No Holiday,Yes
2018-07-16 09:00:00,1014.0,28.0,64,1.0,1682,20.5,1.35,0.0,0.0,Summer,No Holiday,Yes
2018-07-16 10:00:00,678.0,29.8,54,1.8,1737,19.4,2.34,0.0,0.0,Summer,No Holiday,Yes
2018-07-16 11:00:00,688.0,31.5,51,2.1,1498,20.1,2.83,0.0,0.0,Summer,No Holiday,Yes
2018-07-16 12:00:00,719.0,32.4,49,2.0,1844,20.3,3.09,0.0,0.0,Summer,No Holiday,Yes
2018-07-16 13:00:00,727.0,33.0,51,2.5,1100,21.5,3.09,0.0,0.0,Summer,No Holiday,Yes
2018-07-16 14:00:00,691.0,33.7,45,2.5,1843,20.1,3.23,0.0,0.0,Summer,No Holiday,Yes
2018-07-16 15:00:00,745.0,33.4,44,3.1,1928,19.4,2.95,0.0,0.0,Summer,No Holiday,Yes
2018-07-16 16:00:00,818.0,33.3,46,3.1,1914,20.1,2.51,0.0,0.0,Summer,No Holiday,Yes
2018-07-16 17:00:00,1425.0,33.0,46,3.1,1926,19.8,1.89,0.0,0.0,Summer,No Holiday,Yes
2018-07-16 18:00:00,2636.0,32.3,47,3.0,1961,19.5,1.26,0.0,0.0,Summer,No Holiday,Yes
2018-07-16 19:00:00,2368.0,31.2,52,2.4,1990,20.1,0.57,0.0,0.0,Summer,No Holiday,Yes
2018-07-16 20:00:00,2362.0,29.3,58,2.4,2000,20.1,0.09,0.0,0.0,Summer,No Holiday,Yes
2018-07-16 21:00:00,2241.0,28.0,64,1.5,2000,20.5,0.0,0.0,0.0,Summer,No Holiday,Yes
2018-07-16 22:00:00,1934.0,27.2,69,1.7,2000,21.0,0.0,0.0,0.0,Summer,No Holiday,Yes
2018-07-16 23:00:00,1285.0,26.6,75,1.5,1996,21.7,0.0,0.0,0.0,Summer,No Holiday,Yes
2018-07-17 00:00:00,1003.0,26.4,76,1.2,2000,21.8,0.0,0.0,0.0,Summer,No Holiday,Yes
2018-07-17 01:00:00,692.0,25.8,78,0.4,2000,21.6,0.0,0.0,0.0,Summer,No Holiday,Yes
2018-07-17 02:00:00,497.0,25.3,78,1.0,2000,21.1,0.0,0.0,0.0,Summer,No Holiday,Yes
2018-07-17 03:00:00,372.0,24.8,80,1.0,1988,21.1,0.0,0.0,0.0,Summer,No Holiday,Yes
2018-07-17 04:00:00,222.0,24.4,80,1.0,1112,20.7,0.0,0.0,0.0,Summer,No Holiday,Yes
2018-07-17 05:00:00,372.0,24.1,81,0.9,1646,20.6,0.0,0.0,0.0,Summer,No Holiday,Yes
2018-07-17 06:00:00,713.0,24.0,81,0.9,1271,20.5,0.02,0.0,0.0,Summer,No Holiday,Yes
2018-07-17 07:00:00,1356.0,24.4,75,1.0,841,19.6,0.35,0.0,0.0,Summer,No Holiday,Yes
2018-07-17 08:00:00,1955.0,25.8,69,0.8,969,19.6,1.06,0.0,0.0,Summer,No Holiday,Yes
2018-07-17 09:00:00,1031.0,27.5,60,2.2,1252,19.0,1.59,0.0,0.0,Summer,No Holiday,Yes
2018-07-17 10:00:00,719.0,29.2,55,1.6,1404,19.2,2.36,0.0,0.0,Summer,No Holiday,Yes
2018-07-17 11:00:00,797.0,30.4,53,1.8,1359,19.7,2.74,0.0,0.0,Summer,No Holiday,Yes
2018-07-17 12:00:00,803.0,30.8,57,2.3,940,21.2,2.52,0.0,0.0,Summer,No Holiday,Yes
2018-07-17 13:00:00,763.0,31.1,53,3.2,1162,20.3,2.63,0.0,0.0,Summer,No Holiday,Yes
2018-07-17 14:00:00,786.0,31.8,49,3.5,1429,19.7,2.93,0.0,0.0,Summer,No Holiday,Yes
2018-07-17 15:00:00,878.0,31.9,51,3.3,1465,20.4,3.01,0.0,0.0,Summer,No Holiday,Yes
2018-07-17 16:00:00,1062.0,32.0,51,2.4,1402,20.5,2.55,0.0,0.0,Summer,No Holiday,Yes
2018-07-17 17:00:00,1591.0,31.8,52,2.4,1438,20.7,1.93,0.0,0.0,Summer,No Holiday,Yes
2018-07-17 18:00:00,2770.0,31.3,55,2.5,1550,21.1,1.2,0.0,0.0,Summer,No Holiday,Yes
2018-07-17 19:00:00,2326.0,30.6,57,1.4,1529,21.1,0.58,0.0,0.0,Summer,No Holiday,Yes
2018-07-17 20:00:00,2174.0,28.9,64,1.7,1567,21.3,0.1,0.0,0.0,Summer,No Holiday,Yes
2018-07-17 21:00:00,2273.0,27.9,69,1.9,1194,21.6,0.0,0.0,0.0,Summer,No Holiday,Yes
2018-07-17 22:00:00,1940.0,27.2,70,1.9,1110,21.2,0.0,0.0,0.0,Summer,No Holiday,Yes
2018-07-17 23:00:00,1340.0,26.6,76,1.6,936,22.0,0.0,0.0,0.0,Summer,No Holiday,Yes
2018-07-18 00:00:00,1002.0,26.2,79,0.7,850,22.2,0.0,0.0,0.0,Summer,No Holiday,Yes
2018-07-18 01:00:00,741.0,25.7,80,0.2,805,21.9,0.0,0.0,0.0,Summer,No Holiday,Yes
2018-07-18 02:00:00,526.0,25.2,82,0.4,791,21.9,0.0,0.0,0.0,Summer,No Holiday,Yes
2018-07-18 03:00:00,381.0,24.7,84,0.7,694,21.8,0.0,0.0,0.0,Summer,No Holiday,Yes
2018-07-18 04:00:00,266.0,24.3,83,0.7,621,21.2,0.0,0.0,0.0,Summer,No Holiday,Yes
2018-07-18 05:00:00,327.0,23.9,83,0.4,780,20.8,0.0,0.0,0.0,Summer,No Holiday,Yes
2018-07-18 06:00:00,695.0,23.7,83,0.1,713,20.6,0.03,0.0,0.0,Summer,No Holiday,Yes
2018-07-18 07:00:00,1308.0,24.2,74,0.7,656,19.2,0.35,0.0,0.0,Summer,No Holiday,Yes
2018-07-18 08:00:00,1944.0,25.8,71,0.4,760,20.1,0.93,0.0,0.0,Summer,No Holiday,Yes
2018-07-18 09:00:00,982.0,27.2,59,0.4,948,18.4,1.18,0.0,0.0,Summer,No Holiday,Yes
2018-07-18 10:00:00,722.0,28.9,61,1.5,941,20.6,2.04,0.0,0.0,Summer,No Holiday,Yes
2018-07-18 11:00:00,701.0,30.2,53,2.2,1143,19.5,2.77,0.0,0.0,Summer,No Holiday,Yes
2018-07-18 12:00:00,780.0,31.2,51,2.0,1101,19.8,2.96,0.0,0.0,Summer,No Holiday,Yes
2018-07-18 13:00:00,778.0,32.1,51,2.3,776,20.6,2.96,0.0,0.0,Summer,No Holiday,Yes
2018-07-18 14:00:00,762.0,32.7,49,1.5,765,20.5,2.62,0.0,0.0,Summer,No Holiday,Yes
2018-07-18 15:00:00,776.0,32.9,46,2.5,1248,19.7,2.9,0.0,0.0,Summer,No Holiday,Yes
2018-07-18 16:00:00,912.0,33.1,42,2.9,1712,18.4,2.52,0.0,0.0,Summer,No Holiday,Yes
2018-07-18 17:00:00,1596.0,32.6,46,2.8,1560,19.4,1.95,0.0,0.0,Summer,No Holiday,Yes
2018-07-18 18:00:00,2692.0,32.0,50,2.6,1374,20.2,1.25,0.0,0.0,Summer,No Holiday,Yes
2018-07-18 19:00:00,2281.0,30.6,54,2.8,1531,20.2,0.59,0.0,0.0,Summer,No Holiday,Yes
2018-07-18 20:00:00,2202.0,28.8,66,1.9,1209,21.8,0.09,0.0,0.0,Summer,No Holiday,Yes
2018-07-18 21:00:00,2188.0,28.0,69,1.8,1140,21.7,0.0,0.0,0.0,Summer,No Holiday,Yes
2018-07-18 22:00:00,1980.0,27.2,73,1.5,1005,21.9,0.0,0.0,0.0,Summer,No Holiday,Yes
2018-07-18 23:00:00,1354.0,26.4,76,0.6,959,21.8,0.0,0.0,0.0,Summer,No Holiday,Yes
2018-07-19 00:00:00,1068.0,25.9,76,1.3,984,21.3,0.0,0.0,0.0,Summer,No Holiday,Yes
2018-07-19 01:00:00,824.0,25.4,79,0.8,924,21.4,0.0,0.0,0.0,Summer,No Holiday,Yes
2018-07-19 02:00:00,591.0,24.8,80,1.5,888,21.1,0.0,0.0,0.0,Summer,No Holiday,Yes
2018-07-19 03:00:00,393.0,24.4,85,0.6,678,21.7,0.0,0.0,0.0,Summer,No Holiday,Yes
2018-07-19 04:00:00,231.0,24.0,87,0.9,582,21.6,0.0,0.0,0.0,Summer,No Holiday,Yes
2018-07-19 05:00:00,329.0,23.6,88,0.2,604,21.4,0.0,0.0,0.0,Summer,No Holiday,Yes
2018-07-19 06:00:00,672.0,23.3,83,0.2,875,20.2,0.02,0.0,0.0,Summer,No Holiday,Yes
2018-07-19 07:00:00,1315.0,23.6,75,0.9,856,18.9,0.36,0.0,0.0,Summer,No Holiday,Yes
2018-07-19 08:00:00,1993.0,25.5,65,0.9,833,18.4,1.1,0.0,0.0,Summer,No Holiday,Yes
2018-07-19 09:00:00,985.0,27.6,62,1.5,1043,19.6,1.76,0.0,0.0,Summer,No Holiday,Yes
2018-07-19 10:00:00,695.0,29.4,56,2.2,1153,19.7,2.38,0.0,0.0,Summer,No Holiday,Yes
2018-07-19 11:00:00,687.0,30.7,48,1.6,1705,18.4,2.92,0.0,0.0,Summer,No Holiday,Yes
2018-07-19 12:00:00,828.0,31.7,42,2.6,1868,17.2,3.23,0.0,0.0,Summer,No Holiday,Yes
2018-07-19 13:00:00,798.0,32.6,47,2.7,1641,19.8,3.36,0.0,0.0,Summer,No Holiday,Yes
2018-07-19 14:00:00,722.0,33.1,47,2.5,1785,20.2,3.26,0.0,0.0,Summer,No Holiday,Yes
2018-07-19 15:00:00,827.0,33.7,41,2.5,1924,18.6,3.04,0.0,0.0,Summer,No Holiday,Yes
2018-07-19 16:00:00,1017.0,33.7,43,2.7,1890,19.3,2.55,0.0,0.0,Summer,No Holiday,Yes
2018-07-19 17:00:00,1536.0,34.0,44,2.3,1891,20.0,1.95,0.0,0.0,Summer,No Holiday,Yes
2018-07-19 18:00:00,2640.0,33.0,51,2.4,1566,21.5,1.23,0.0,0.0,Summer,No Holiday,Yes
2018-07-19 19:00:00,2245.0,31.6,58,2.3,1556,22.3,0.56,0.0,0.0,Summer,No Holiday,Yes
2018-07-19 20:00:00,2114.0,29.8,62,2.9,1931,21.7,0.08,0.0,0.0,Summer,No Holiday,Yes
2018-07-19 21:00:00,2122.0,28.8,69,2.4,1619,22.5,0.0,0.0,0.0,Summer,No Holiday,Yes
2018-07-19 22:00:00,1870.0,28.0,76,1.5,1542,23.3,0.0,0.0,0.0,Summer,No Holiday,Yes
2018-07-19 23:00:00,1318.0,27.2,78,1.9,1601,23.0,0.0,0.0,0.0,Summer,No Holiday,Yes
2018-07-20 00:00:00,1041.0,26.7,80,1.4,1465,22.9,0.0,0.0,0.0,Summer,No Holiday,Yes
2018-07-20 01:00:00,773.0,26.1,81,1.6,1409,22.5,0.0,0.0,0.0,Summer,No Holiday,Yes
2018-07-20 02:00:00,557.0,25.7,84,0.1,1293,22.7,0.0,0.0,0.0,Summer,No Holiday,Yes
2018-07-20 03:00:00,428.0,25.4,84,0.9,1174,22.4,0.0,0.0,0.0,Summer,No Holiday,Yes
2018-07-20 04:00:00,267.0,25.1,83,0.0,1253,22.0,0.0,0.0,0.0,Summer,No Holiday,Yes
2018-07-20 05:00:00,327.0,24.9,83,0.3,1207,21.8,0.0,0.0,0.0,Summer,No Holiday,Yes
2018-07-20 06:00:00,672.0,24.6,82,0.2,1157,21.3,0.02,0.0,0.0,Summer,No Holiday,Yes
2018-07-20 07:00:00,1251.0,25.2,75,0.6,1056,20.4,0.34,0.0,0.0,Summer,No Holiday,Yes
2018-07-20 08:00:00,1896.0,26.6,70,1.3,1062,20.6,1.01,0.0,0.0,Summer,No Holiday,Yes
2018-07-20 09:00:00,1029.0,28.4,65,1.2,806,21.1,1.69,0.0,0.0,Summer,No Holiday,Yes
2018-07-20 10:00:00,641.0,29.8,59,1.2,973,20.9,2.32,0.0,0.0,Summer,No Holiday,Yes
2018-07-20 11:00:00,791.0,31.6,54,1.3,990,21.1,2.84,0.0,0.0,Summer,No Holiday,Yes
2018-07-20 12:00:00,822.0,32.6,51,2.1,800,21.1,3.21,0.0,0.0,Summer,No Holiday,Yes
2018-07-20 13:00:00,805.0,32.4,54,2.4,708,21.8,2.5,0.0,0.0,Summer,No Holiday,Yes
2018-07-20 14:00:00,741.0,33.4,52,2.7,685,22.1,2.67,0.0,0.0,Summer,No Holiday,Yes
2018-07-20 15:00:00,794.0,34.1,45,2.4,1110,20.4,2.88,0.0,0.0,Summer,No Holiday,Yes
2018-07-20 16:00:00,928.0,34.3,45,2.3,1466,20.6,2.47,0.0,0.0,Summer,No Holiday,Yes
2018-07-20 17:00:00,1468.0,34.3,44,2.1,1704,20.2,1.87,0.0,0.0,Summer,No Holiday,Yes
2018-07-20 18:00:00,2419.0,33.9,42,2.0,1969,19.1,1.25,0.0,0.0,Summer,No Holiday,Yes
2018-07-20 19:00:00,2084.0,32.9,44,2.0,1985,19.0,0.59,0.0,0.0,Summer,No Holiday,Yes
2018-07-20 20:00:00,1888.0,30.9,51,2.2,2000,19.5,0.07,0.0,0.0,Summer,No Holiday,Yes
2018-07-20 21:00:00,1869.0,29.8,59,1.4,2000,20.9,0.0,0.0,0.0,Summer,No Holiday,Yes
2018-07-20 22:00:00,1782.0,28.8,65,1.3,1988,21.5,0.0,0.0,0.0,Summer,No Holiday,Yes
2018-07-20 23:00:00,1426.0,28.2,70,1.3,1811,22.2,0.0,0.0,0.0,Summer,No Holiday,Yes
2018-07-21 00:00:00,1132.0,27.5,73,1.1,1834,22.2,0.0,0.0,0.0,Summer,No Holiday,Yes
2018-07-21 01:00:00,945.0,27.0,74,1.1,1833,21.9,0.0,0.0,0.0,Summer,No Holiday,Yes
2018-07-21 02:00:00,684.0,26.4,72,0.2,1766,20.9,0.0,0.0,0.0,Summer,No Holiday,Yes
2018-07-21 03:00:00,477.0,26.1,74,0.1,1683,21.0,0.0,0.0,0.0,Summer,No Holiday,Yes
2018-07-21 04:00:00,347.0,25.6,77,1.2,1203,21.2,0.0,0.0,0.0,Summer,No Holiday,Yes
2018-07-21 05:00:00,292.0,25.0,78,0.3,1474,20.8,0.0,0.0,0.0,Summer,No Holiday,Yes
2018-07-21 06:00:00,381.0,24.9,76,0.0,1473,20.3,0.02,0.0,0.0,Summer,No Holiday,Yes
2018-07-21 07:00:00,491.0,25.3,71,0.4,1226,19.6,0.34,0.0,0.0,Summer,No Holiday,Yes
2018-07-21 08:00:00,720.0,27.4,63,0.9,1043,19.7,1.03,0.0,0.0,Summer,No Holiday,Yes
2018-07-21 09:00:00,729.0,29.6,57,0.9,977,20.1,1.71,0.0,0.0,Summer,No Holiday,Yes
2018-07-21 10:00:00,699.0,31.4,51,1.1,847,20.0,2.32,0.0,0.0,Summer,No Holiday,Yes
2018-07-21 11:00:00,676.0,32.9,45,2.1,1020,19.3,2.72,0.0,0.0,Summer,No Holiday,Yes
2018-07-21 12:00:00,735.0,34.2,35,1.8,1528,16.5,3.14,0.0,0.0,Summer,No Holiday,Yes
2018-07-21 13:00:00,727.0,35.2,34,1.8,1636,16.9,3.21,0.0,0.0,Summer,No Holiday,Yes
2018-07-21 14:00:00,682.0,36.3,34,1.3,1493,17.9,3.17,0.0,0.0,Summer,No Holiday,Yes
2018-07-21 15:00:00,785.0,36.5,35,3.0,1355,18.5,2.71,0.0,0.0,Summer,No Holiday,Yes
2018-07-21 16:00:00,883.0,36.8,30,2.8,1756,16.3,2.41,0.0,0.0,Summer,No Holiday,Yes
2018-07-21 17:00:00,1011.0,36.3,36,3.1,1972,18.8,1.91,0.0,0.0,Summer,No Holiday,Yes
2018-07-21 18:00:00,1202.0,35.0,42,2.9,1953,20.1,1.26,0.0,0.0,Summer,No Holiday,Yes
2018-07-21 19:00:00,1423.0,33.4,51,2.6,2000,21.8,0.59,0.0,0.0,Summer,No Holiday,Yes
2018-07-21 20:00:00,1655.0,31.5,53,1.8,2000,20.7,0.08,0.0,0.0,Summer,No Holiday,Yes
2018-07-21 21:00:00,1731.0,30.2,54,1.8,2000,19.8,0.0,0.0,0.0,Summer,No Holiday,Yes
2018-07-21 22:00:00,1588.0,29.4,55,1.4,2000,19.4,0.0,0.0,0.0,Summer,No Holiday,Yes
2018-07-21 23:00:00,1288.0,28.8,56,1.6,2000,19.1,0.0,0.0,0.0,Summer,No Holiday,Yes
2018-07-22 00:00:00,1088.0,28.1,56,0.2,2000,18.4,0.0,0.0,0.0,Summer,No Holiday,Yes
2018-07-22 01:00:00,772.0,27.3,60,0.8,2000,18.8,0.0,0.0,0.0,Summer,No Holiday,Yes
2018-07-22 02:00:00,587.0,26.8,63,0.6,2000,19.1,0.0,0.0,0.0,Summer,No Holiday,Yes
2018-07-22 03:00:00,438.0,26.3,63,0.2,2000,18.6,0.0,0.0,0.0,Summer,No Holiday,Yes
2018-07-22 04:00:00,270.0,25.9,71,0.3,2000,20.2,0.0,0.0,0.0,Summer,No Holiday,Yes
2018-07-22 05:00:00,256.0,25.5,72,0.4,2000,20.0,0.0,0.0,0.0,Summer,No Holiday,Yes
2018-07-22 06:00:00,286.0,25.3,73,0.6,1979,20.1,0.02,0.0,0.0,Summer,No Holiday,Yes
2018-07-22 07:00:00,360.0,25.8,67,0.9,1773,19.1,0.34,0.0,0.0,Summer,No Holiday,Yes
2018-07-22 08:00:00,477.0,27.9,60,0.6,1835,19.4,1.06,0.0,0.0,Summer,No Holiday,Yes
2018-07-22 09:00:00,526.0,30.5,54,0.9,1907,20.1,1.71,0.0,0.0,Summer,No Holiday,Yes
2018-07-22 10:00:00,522.0,32.2,50,0.8,1881,20.4,2.29,0.0,0.0,Summer,No Holiday,Yes
2018-07-22 11:00:00,499.0,33.8,45,1.9,1928,20.2,2.74,0.0,0.0,Summer,No Holiday,Yes
2018-07-22 12:00:00,560.0,35.5,39,1.9,1803,19.4,3.05,0.0,0.0,Summer,No Holiday,Yes
2018-07-22 13:00:00,569.0,36.7,33,1.8,1911,17.7,3.24,0.0,0.0,Summer,No Holiday,Yes
2018-07-22 14:00:00,565.0,37.4,34,2.3,1860,18.8,3.05,0.0,0.0,Summer,No Holiday,Yes
2018-07-22 15:00:00,632.0,37.5,33,2.0,1816,18.4,2.32,0.0,0.0,Summer,No Holiday,Yes
2018-07-22 16:00:00,771.0,37.8,31,2.5,1929,17.7,2.46,0.0,0.0,Summer,No Holiday,Yes
2018-07-22 17:00:00,965.0,37.6,33,2.1,1837,18.5,1.82,0.0,0.0,Summer,No Holiday,Yes
2018-07-22 18:00:00,1212.0,36.3,35,3.0,1860,18.3,0.89,0.0,0.0,Summer,No Holiday,Yes
2018-07-22 19:00:00,1478.0,34.5,47,2.8,1762,21.5,0.42,0.0,0.0,Summer,No Holiday,Yes
2018-07-22 20:00:00,1688.0,33.3,50,2.3,1706,21.4,0.1,0.0,0.0,Summer,No Holiday,Yes
2018-07-22 21:00:00,1666.0,32.3,50,1.7,1784,20.5,0.0,0.0,0.0,Summer,No Holiday,Yes
2018-07-22 22:00:00,1346.0,31.7,51,1.4,1742,20.3,0.0,0.0,0.0,Summer,No Holiday,Yes
2018-07-22 23:00:00,1030.0,31.2,52,1.5,1670,20.1,0.0,0.0,0.0,Summer,No Holiday,Yes
2018-07-23 00:00:00,792.0,30.6,50,2.3,1631,18.9,0.0,0.0,0.0,Summer,No Holiday,Yes
2018-07-23 01:00:00,542.0,30.0,52,1.5,1774,19.0,0.0,0.0,0.0,Summer,No Holiday,Yes
2018-07-23 02:00:00,382.0,29.7,53,1.4,1682,19.0,0.0,0.0,0.0,Summer,No Holiday,Yes
2018-07-23 03:00:00,238.0,29.6,50,2.1,1970,18.0,0.0,0.0,0.0,Summer,No Holiday,Yes
2018-07-23 04:00:00,174.0,29.3,51,0.9,1498,18.1,0.0,0.0,0.0,Summer,No Holiday,Yes
2018-07-23 05:00:00,310.0,29.3,55,1.6,2000,19.3,0.0,0.0,0.0,Summer,No Holiday,Yes
2018-07-23 06:00:00,652.0,29.2,58,1.7,2000,20.0,0.01,0.0,0.0,Summer,No Holiday,Yes
2018-07-23 07:00:00,1241.0,29.3,58,0.8,2000,20.1,0.23,0.0,0.0,Summer,No Holiday,Yes
2018-07-23 08:00:00,1889.0,30.0,56,0.9,2000,20.2,0.54,0.0,0.0,Summer,No Holiday,Yes
2018-07-23 09:00:00,985.0,31.0,55,1.5,1945,20.8,1.14,0.0,0.0,Summer,No Holiday,Yes
2018-07-23 10:00:00,636.0,31.8,51,1.5,1900,20.4,1.71,0.0,0.0,Summer,No Holiday,Yes
2018-07-23 11:00:00,611.0,32.7,48,2.2,1908,20.2,2.53,0.0,0.0,Summer,No Holiday,Yes
2018-07-23 12:00:00,655.0,34.1,47,2.3,1862,21.1,2.94,0.0,0.0,Summer,No Holiday,Yes
2018-07-23 13:00:00,688.0,33.8,47,1.7,1887,20.9,1.57,0.0,0.0,Summer,No Holiday,Yes
2018-07-23 14:00:00,670.0,34.3,45,2.2,1967,20.6,1.64,0.0,0.0,Summer,No Holiday,Yes
2018-07-23 15:00:00,739.0,35.4,46,2.2,1861,22.0,2.48,0.0,0.0,Summer,No Holiday,Yes
2018-07-23 16:00:00,960.0,34.8,47,2.2,1839,21.8,1.32,0.0,0.0,Summer,No Holiday,Yes
2018-07-23 17:00:00,1310.0,34.8,49,3.0,1866,22.5,1.37,0.0,0.0,Summer,No Holiday,Yes
2018-07-23 18:00:00,2405.0,33.9,53,3.2,1886,22.9,0.94,0.0,0.0,Summer,No Holiday,Yes
2018-07-23 19:00:00,2112.0,32.6,58,3.2,1962,23.2,0.45,0.0,0.0,Summer,No Holiday,Yes
2018-07-23 20:00:00,2051.0,31.5,61,1.8,2000,23.0,0.07,0.0,0.0,Summer,No Holiday,Yes
2018-07-23 21:00:00,1994.0,30.8,60,1.8,2000,22.1,0.0,0.0,0.0,Summer,No Holiday,Yes
2018-07-23 22:00:00,1697.0,30.3,60,1.8,2000,21.6,0.0,0.0,0.0,Summer,No Holiday,Yes
2018-07-23 23:00:00,1157.0,30.0,58,1.6,2000,20.8,0.0,0.0,0.0,Summer,No Holiday,Yes
2018-07-24 00:00:00,874.0,29.6,61,1.0,2000,21.2,0.0,0.0,0.0,Summer,No Holiday,Yes
2018-07-24 01:00:00,715.0,29.1,64,1.2,2000,21.5,0.0,0.0,0.0,Summer,No Holiday,Yes
2018-07-24 02:00:00,487.0,28.6,66,0.9,2000,21.6,0.0,0.0,0.0,Summer,No Holiday,Yes
2018-07-24 03:00:00,332.0,28.2,65,0.3,1999,20.9,0.0,0.0,0.0,Summer,No Holiday,Yes
2018-07-24 04:00:00,218.0,27.8,67,0.2,1982,21.1,0.0,0.0,0.0,Summer,No Holiday,Yes
2018-07-24 05:00:00,306.0,27.5,70,0.1,1976,21.5,0.0,0.0,0.0,Summer,No Holiday,Yes
2018-07-24 06:00:00,673.0,27.2,71,0.8,1920,21.4,0.02,0.0,0.0,Summer,No Holiday,Yes
2018-07-24 07:00:00,1213.0,27.8,63,1.2,1781,20.1,0.32,0.0,0.0,Summer,No Holiday,Yes
2018-07-24 08:00:00,1820.0,29.9,59,0.8,1727,21.0,1.03,0.0,0.0,Summer,No Holiday,Yes
2018-07-24 09:00:00,926.0,31.7,59,1.0,1706,22.6,1.69,0.0,0.0,Summer,No Holiday,Yes
2018-07-24 10:00:00,610.0,32.4,54,0.9,1631,21.8,1.45,0.0,0.0,Summer,No Holiday,Yes
2018-07-24 11:00:00,620.0,33.9,46,1.6,1387,20.6,2.15,0.0,0.0,Summer,No Holiday,Yes
2018-07-24 12:00:00,671.0,34.5,50,1.4,1901,22.5,1.89,0.0,0.0,Summer,No Holiday,Yes
2018-07-24 13:00:00,688.0,36.4,41,1.3,1655,21.0,2.86,0.0,0.0,Summer,No Holiday,Yes
2018-07-24 14:00:00,649.0,35.8,49,2.8,1264,23.4,2.4,0.0,0.0,Summer,No Holiday,Yes
2018-07-24 15:00:00,735.0,35.8,47,2.2,1029,22.7,1.51,0.0,0.0,Summer,No Holiday,Yes
2018-07-24 16:00:00,834.0,34.9,51,2.0,1221,23.2,0.76,0.0,0.0,Summer,No Holiday,Yes
2018-07-24 17:00:00,1297.0,34.9,51,2.2,1235,23.2,0.98,0.0,0.0,Summer,No Holiday,Yes
2018-07-24 18:00:00,2300.0,34.9,53,2.2,1296,23.8,0.86,0.0,0.0,Summer,No Holiday,Yes
2018-07-24 19:00:00,1968.0,33.1,57,2.2,1670,23.4,0.44,0.0,0.0,Summer,No Holiday,Yes
2018-07-24 20:00:00,1834.0,31.1,63,2.0,1542,23.2,0.06,0.0,0.0,Summer,No Holiday,Yes
2018-07-24 21:00:00,1899.0,30.2,65,2.3,1642,22.8,0.0,0.0,0.0,Summer,No Holiday,Yes
2018-07-24 22:00:00,1773.0,29.8,66,3.2,1511,22.7,0.0,0.0,0.0,Summer,No Holiday,Yes
2018-07-24 23:00:00,1193.0,29.3,66,2.8,1854,22.2,0.0,0.0,0.0,Summer,No Holiday,Yes
2018-07-25 00:00:00,939.0,28.9,66,2.2,2000,21.9,0.0,0.0,0.0,Summer,No Holiday,Yes
2018-07-25 01:00:00,726.0,28.7,67,2.6,2000,21.9,0.0,0.0,0.0,Summer,No Holiday,Yes
2018-07-25 02:00:00,499.0,28.8,68,1.8,2000,22.2,0.0,0.0,0.0,Summer,No Holiday,Yes
2018-07-25 03:00:00,327.0,28.9,69,2.8,1871,22.6,0.0,0.0,0.0,Summer,No Holiday,Yes
2018-07-25 04:00:00,212.0,28.5,74,2.6,1549,23.4,0.0,0.0,0.0,Summer,No Holiday,Yes
2018-07-25 05:00:00,299.0,28.3,74,2.4,1378,23.2,0.0,0.0,0.0,Summer,No Holiday,Yes
2018-07-25 06:00:00,657.0,28.1,75,1.8,1092,23.2,0.01,0.0,0.0,Summer,No Holiday,Yes
2018-07-25 07:00:00,1171.0,28.3,72,2.0,1200,22.7,0.1,0.0,0.0,Summer,No Holiday,Yes
2018-07-25 08:00:00,1893.0,28.7,70,3.5,1470,22.6,0.52,0.0,0.0,Summer,No Holiday,Yes
2018-07-25 09:00:00,995.0,29.4,66,2.5,1308,22.3,0.91,0.0,0.0,Summer,No Holiday,Yes
2018-07-25 10:00:00,696.0,30.7,61,2.8,1521,22.3,1.5,0.0,0.0,Summer,No Holiday,Yes
2018-07-25 11:00:00,749.0,30.7,63,3.4,1323,22.8,1.13,0.0,0.0,Summer,No Holiday,Yes
2018-07-25 12:00:00,791.0,31.1,60,2.7,1331,22.4,1.02,0.0,0.0,Summer,No Holiday,Yes
2018-07-25 13:00:00,783.0,32.3,56,3.0,1504,22.3,1.74,0.0,0.0,Summer,No Holiday,Yes
2018-07-25 14:00:00,754.0,33.0,53,1.7,1357,22.1,1.73,0.0,0.0,Summer,No Holiday,Yes
2018-07-25 15:00:00,781.0,34.0,50,3.0,1705,22.1,1.72,0.0,0.0,Summer,No Holiday,Yes
2018-07-25 16:00:00,977.0,34.1,52,2.5,1304,22.8,2.23,0.0,0.0,Summer,No Holiday,Yes
2018-07-25 17:00:00,1412.0,33.2,56,2.2,1428,23.2,1.03,0.0,0.0,Summer,No Holiday,Yes
2018-07-25 18:00:00,2416.0,32.2,58,2.5,1553,22.8,0.44,0.0,0.0,Summer,No Holiday,Yes
2018-07-25 19:00:00,2039.0,31.7,60,2.3,1492,22.9,0.23,0.0,0.0,Summer,No Holiday,Yes
2018-07-25 20:00:00,1935.0,30.9,67,1.7,1470,24.0,0.05,0.0,0.0,Summer,No Holiday,Yes
2018-07-25 21:00:00,1811.0,29.7,74,2.2,1342,24.5,0.0,0.0,0.0,Summer,No Holiday,Yes
2018-07-25 22:00:00,1767.0,28.8,76,2.8,1231,24.1,0.0,0.0,0.0,Summer,No Holiday,Yes
2018-07-25 23:00:00,1289.0,28.0,77,1.9,1346,23.5,0.0,0.0,0.0,Summer,No Holiday,Yes
2018-07-26 00:00:00,939.0,27.7,78,1.2,1341,23.5,0.0,0.0,0.0,Summer,No Holiday,Yes
2018-07-26 01:00:00,718.0,27.6,79,1.0,1261,23.6,0.0,0.0,0.0,Summer,No Holiday,Yes
2018-07-26 02:00:00,498.0,27.6,78,0.1,1289,23.4,0.0,0.0,0.0,Summer,No Holiday,Yes
2018-07-26 03:00:00,355.0,27.7,76,0.2,1376,23.0,0.0,0.0,0.0,Summer,No Holiday,Yes
2018-07-26 04:00:00,252.0,27.7,75,1.0,1360,22.8,0.0,0.0,0.0,Summer,No Holiday,Yes
2018-07-26 05:00:00,306.0,27.4,78,0.8,1301,23.2,0.0,0.0,0.0,Summer,No Holiday,Yes
2018-07-26 06:00:00,602.0,27.4,77,0.7,1113,23.0,0.0,0.0,0.0,Summer,No Holiday,Yes
2018-07-26 07:00:00,1175.0,27.7,75,1.2,1103,22.8,0.1,0.0,0.0,Summer,No Holiday,Yes
2018-07-26 08:00:00,1823.0,28.3,72,0.8,1165,22.7,0.34,0.0,0.0,Summer,No Holiday,Yes
2018-07-26 09:00:00,966.0,29.1,69,1.0,853,22.8,0.67,0.0,0.0,Summer,No Holiday,Yes
2018-07-26 10:00:00,644.0,29.5,68,1.8,946,22.9,0.54,0.0,0.0,Summer,No Holiday,Yes
2018-07-26 11:00:00,614.0,30.2,67,1.5,1003,23.3,0.87,0.0,0.0,Summer,No Holiday,Yes
2018-07-26 12:00:00,600.0,32.0,57,1.6,1075,22.4,1.94,0.0,0.0,Summer,No Holiday,Yes
2018-07-26 13:00:00,628.0,32.4,54,0.7,896,21.8,1.41,0.0,0.0,Summer,No Holiday,Yes
2018-07-26 14:00:00,706.0,33.0,56,2.5,879,23.0,1.33,0.0,0.0,Summer,No Holiday,Yes
2018-07-26 15:00:00,774.0,33.1,58,1.9,882,23.7,0.87,0.0,0.0,Summer,No Holiday,Yes
2018-07-26 16:00:00,920.0,33.5,57,2.8,989,23.8,1.55,0.0,0.0,Summer,No Holiday,Yes
2018-07-26 17:00:00,1394.0,33.1,59,2.9,1038,24.0,1.14,0.0,0.0,Summer,No Holiday,Yes
2018-07-26 18:00:00,2367.0,33.2,59,1.8,1069,24.0,0.99,0.0,0.0,Summer,No Holiday,Yes
2018-07-26 19:00:00,1994.0,32.3,63,2.1,1037,24.3,0.41,0.0,0.0,Summer,No Holiday,Yes
2018-07-26 20:00:00,1790.0,31.0,68,1.4,1162,24.3,0.05,0.0,0.0,Summer,No Holiday,Yes
2018-07-26 21:00:00,1868.0,30.0,74,2.7,1056,24.8,0.0,0.0,0.0,Summer,No Holiday,Yes
2018-07-26 22:00:00,1709.0,29.4,78,1.6,1011,25.1,0.0,0.0,0.0,Summer,No Holiday,Yes
2018-07-26 23:00:00,1273.0,29.0,79,1.2,971,24.9,0.0,0.0,0.0,Summer,No Holiday,Yes
2018-07-27 00:00:00,909.0,28.6,80,0.6,990,24.8,0.0,0.0,0.0,Summer,No Holiday,Yes
2018-07-27 01:00:00,747.0,28.3,78,0.5,1072,24.0,0.0,0.0,0.0,Summer,No Holiday,Yes
2018-07-27 02:00:00,537.0,27.8,79,1.4,1049,23.8,0.0,0.0,0.0,Summer,No Holiday,Yes
2018-07-27 03:00:00,371.0,27.6,80,1.6,929,23.8,0.0,0.0,0.0,Summer,No Holiday,Yes
2018-07-27 04:00:00,218.0,27.3,85,1.6,671,24.5,0.0,0.0,0.0,Summer,No Holiday,Yes
2018-07-27 05:00:00,295.0,27.2,86,0.8,657,24.6,0.0,0.0,0.0,Summer,No Holiday,Yes
2018-07-27 06:00:00,647.0,27.2,85,0.1,702,24.4,0.02,0.0,0.0,Summer,No Holiday,Yes
2018-07-27 07:00:00,1111.0,27.6,80,1.0,783,23.8,0.27,0.0,0.0,Summer,No Holiday,Yes
2018-07-27 08:00:00,1763.0,28.5,76,0.9,725,23.8,0.59,0.0,0.0,Summer,No Holiday,Yes
2018-07-27 09:00:00,934.0,29.9,69,1.5,769,23.5,1.12,0.0,0.0,Summer,No Holiday,Yes
2018-07-27 10:00:00,639.0,31.2,61,2.3,901,22.7,1.71,0.0,0.0,Summer,No Holiday,Yes
2018-07-27 11:00:00,619.0,32.7,56,1.9,1034,22.7,2.57,0.0,0.0,Summer,No Holiday,Yes
2018-07-27 12:00:00,714.0,33.7,53,1.9,990,22.7,2.5,0.0,0.0,Summer,No Holiday,Yes
2018-07-27 13:00:00,653.0,35.3,48,2.5,880,22.6,2.89,0.0,0.0,Summer,No Holiday,Yes
2018-07-27 14:00:00,507.0,34.1,57,1.8,667,24.3,1.13,0.0,0.0,Summer,No Holiday,Yes
2018-07-27 15:00:00,776.0,35.3,52,1.9,822,23.9,2.15,0.0,0.0,Summer,No Holiday,Yes
2018-07-27 16:00:00,905.0,35.0,55,2.8,835,24.6,1.56,0.0,0.0,Summer,No Holiday,Yes
2018-07-27 17:00:00,1289.0,34.7,59,2.7,1095,25.5,1.49,0.0,0.0,Summer,No Holiday,Yes
2018-07-27 18:00:00,2183.0,33.7,62,3.2,1082,25.3,0.87,0.0,0.0,Summer,No Holiday,Yes
2018-07-27 19:00:00,1657.0,32.0,68,3.0,1286,25.3,0.38,0.0,0.0,Summer,No Holiday,Yes
2018-07-27 20:00:00,1565.0,30.7,73,2.8,1310,25.2,0.04,0.0,0.0,Summer,No Holiday,Yes
2018-07-27 21:00:00,1547.0,30.3,75,1.1,1289,25.3,0.0,0.0,0.0,Summer,No Holiday,Yes
2018-07-27 22:00:00,1507.0,29.9,74,2.0,1201,24.7,0.0,0.0,0.0,Summer,No Holiday,Yes
2018-07-27 23:00:00,1182.0,29.7,76,1.2,1159,25.0,0.0,0.0,0.0,Summer,No Holiday,Yes
2018-07-28 00:00:00,992.0,29.4,78,2.1,1072,25.1,0.0,0.0,0.0,Summer,No Holiday,Yes
2018-07-28 01:00:00,875.0,29.1,79,1.3,975,25.0,0.0,0.0,0.0,Summer,No Holiday,Yes
2018-07-28 02:00:00,656.0,28.8,80,1.9,925,24.9,0.0,0.0,0.0,Summer,No Holiday,Yes
2018-07-28 03:00:00,461.0,28.5,81,1.2,911,24.9,0.0,0.0,0.0,Summer,No Holiday,Yes
2018-07-28 04:00:00,340.0,28.3,83,1.7,814,25.1,0.0,0.0,0.0,Summer,No Holiday,Yes
2018-07-28 05:00:00,248.0,28.1,84,0.5,754,25.1,0.0,0.0,0.0,Summer,No Holiday,Yes
2018-07-28 06:00:00,313.0,28.0,85,0.8,647,25.2,0.01,0.0,0.0,Summer,No Holiday,Yes
2018-07-28 07:00:00,428.0,28.4,82,0.7,748,25.0,0.16,0.0,0.0,Summer,No Holiday,Yes
2018-07-28 08:00:00,606.0,29.6,75,0.4,749,24.6,0.66,0.0,0.0,Summer,No Holiday,Yes
2018-07-28 09:00:00,671.0,30.6,74,1.4,716,25.4,0.95,0.0,0.0,Summer,No Holiday,Yes
2018-07-28 10:00:00,654.0,32.0,65,0.9,966,24.5,1.19,0.0,0.0,Summer,No Holiday,Yes
2018-07-28 11:00:00,592.0,32.8,62,0.6,881,24.5,1.3,0.0,0.0,Summer,No Holiday,Yes
2018-07-28 12:00:00,632.0,33.6,62,1.9,820,25.3,1.35,0.0,0.0,Summer,No Holiday,Yes
2018-07-28 13:00:00,741.0,34.2,58,1.8,933,24.7,1.33,0.0,0.0,Summer,No Holiday,Yes
2018-07-28 14:00:00,314.0,34.4,65,1.8,960,26.8,1.75,0.2,0.0,Summer,No Holiday,Yes
2018-07-28 15:00:00,468.0,28.9,86,2.2,1592,26.3,0.26,7.3,0.0,Summer,No Holiday,Yes
2018-07-28 16:00:00,706.0,28.6,82,3.4,1022,25.2,0.14,0.0,0.0,Summer,No Holiday,Yes
2018-07-28 17:00:00,863.0,28.2,83,1.3,1099,25.0,0.11,0.0,0.0,Summer,No Holiday,Yes
2018-07-28 18:00:00,843.0,29.0,81,0.8,989,25.4,0.22,0.0,0.0,Summer,No Holiday,Yes
2018-07-28 19:00:00,974.0,29.3,78,0.0,988,25.0,0.15,0.0,0.0,Summer,No Holiday,Yes
2018-07-28 20:00:00,1095.0,29.2,82,0.4,1000,25.8,0.01,0.0,0.0,Summer,No Holiday,Yes
2018-07-28 21:00:00,1211.0,29.1,78,1.1,1362,24.8,0.0,0.0,0.0,Summer,No Holiday,Yes
2018-07-28 22:00:00,1158.0,29.0,74,0.9,1652,23.8,0.0,0.0,0.0,Summer,No Holiday,Yes
2018-07-28 23:00:00,1039.0,28.6,74,0.7,1807,23.5,0.0,0.0,0.0,Summer,No Holiday,Yes
2018-07-29 00:00:00,921.0,28.4,70,0.9,1945,22.3,0.0,0.0,0.0,Summer,No Holiday,Yes
2018-07-29 01:00:00,636.0,28.0,71,0.6,1799,22.2,0.0,0.0,0.0,Summer,No Holiday,Yes
2018-07-29 02:00:00,511.0,27.7,73,0.4,1832,22.4,0.0,0.0,0.0,Summer,No Holiday,Yes
2018-07-29 03:00:00,403.0,27.4,73,0.6,1893,22.1,0.0,0.0,0.0,Summer,No Holiday,Yes
2018-07-29 04:00:00,245.0,27.0,74,0.8,1816,21.9,0.0,0.0,0.0,Summer,No Holiday,Yes
2018-07-29 05:00:00,199.0,26.7,75,0.3,1871,21.8,0.0,0.0,0.0,Summer,No Holiday,Yes
2018-07-29 06:00:00,266.0,26.4,76,0.4,1813,21.8,0.01,0.0,0.0,Summer,No Holiday,Yes
2018-07-29 07:00:00,345.0,26.9,69,0.8,1960,20.7,0.29,0.0,0.0,Summer,No Holiday,Yes
2018-07-29 08:00:00,456.0,28.6,63,0.8,1867,20.8,1.0,0.0,0.0,Summer,No Holiday,Yes
2018-07-29 09:00:00,519.0,30.6,54,1.7,1831,20.2,1.68,0.0,0.0,Summer,No Holiday,Yes
2018-07-29 10:00:00,473.0,32.4,48,1.9,1952,19.9,2.33,0.0,0.0,Summer,No Holiday,Yes
2018-07-29 11:00:00,476.0,33.6,46,1.7,1965,20.3,2.6,0.0,0.0,Summer,No Holiday,Yes
2018-07-29 12:00:00,644.0,33.8,47,1.7,1962,20.9,1.92,0.0,0.0,Summer,No Holiday,Yes
2018-07-29 13:00:00,622.0,34.4,41,2.9,1970,19.2,2.33,0.0,0.0,Summer,No Holiday,Yes
2018-07-29 14:00:00,630.0,35.4,43,1.4,2000,20.9,2.48,0.0,0.0,Summer,No Holiday,Yes
2018-07-29 15:00:00,713.0,35.9,37,1.9,1949,18.9,1.98,0.0,0.0,Summer,No Holiday,Yes
2018-07-29 16:00:00,760.0,36.0,33,1.4,2000,17.1,1.97,0.0,0.0,Summer,No Holiday,Yes
2018-07-29 17:00:00,895.0,36.3,36,1.5,2000,18.8,1.87,0.0,0.0,Summer,No Holiday,Yes
2018-07-29 18:00:00,1141.0,35.8,35,1.3,2000,17.9,1.21,0.0,0.0,Summer,No Holiday,Yes
2018-07-29 19:00:00,1486.0,34.4,39,1.2,2000,18.4,0.58,0.0,0.0,Summer,No Holiday,Yes
2018-07-29 20:00:00,1697.0,32.3,48,1.4,2000,19.8,0.08,0.0,0.0,Summer,No Holiday,Yes
2018-07-29 21:00:00,1638.0,31.1,47,1.3,2000,18.4,0.0,0.0,0.0,Summer,No Holiday,Yes
2018-07-29 22:00:00,1406.0,30.4,45,1.6,2000,17.1,0.0,0.0,0.0,Summer,No Holiday,Yes
2018-07-29 23:00:00,1108.0,29.9,45,1.4,2000,16.6,0.0,0.0,0.0,Summer,No Holiday,Yes
2018-07-30 00:00:00,810.0,29.2,50,1.1,2000,17.7,0.0,0.0,0.0,Summer,No Holiday,Yes
2018-07-30 01:00:00,575.0,28.5,54,1.1,2000,18.2,0.0,0.0,0.0,Summer,No Holiday,Yes
2018-07-30 02:00:00,363.0,28.0,57,1.2,2000,18.6,0.0,0.0,0.0,Summer,No Holiday,Yes
2018-07-30 03:00:00,253.0,27.4,59,1.4,2000,18.6,0.0,0.0,0.0,Summer,No Holiday,Yes
2018-07-30 04:00:00,209.0,26.7,62,1.0,2000,18.8,0.0,0.0,0.0,Summer,No Holiday,Yes
2018-07-30 05:00:00,273.0,26.4,62,0.6,2000,18.5,0.0,0.0,0.0,Summer,No Holiday,Yes
2018-07-30 06:00:00,668.0,26.2,64,1.4,2000,18.8,0.01,0.0,0.0,Summer,No Holiday,Yes
2018-07-30 07:00:00,1130.0,26.8,59,1.1,2000,18.1,0.28,0.0,0.0,Summer,No Holiday,Yes
2018-07-30 08:00:00,1646.0,28.8,56,1.4,2000,19.1,1.08,0.0,0.0,Summer,No Holiday,Yes
2018-07-30 09:00:00,866.0,30.5,53,1.6,2000,19.8,1.74,0.0,0.0,Summer,No Holiday,Yes
2018-07-30 10:00:00,609.0,32.0,50,2.1,1992,20.2,2.34,0.0,0.0,Summer,No Holiday,Yes
2018-07-30 11:00:00,623.0,33.2,46,1.4,1968,20.0,2.16,0.0,0.0,Summer,No Holiday,Yes
2018-07-30 12:00:00,663.0,33.6,48,1.6,2000,21.0,1.89,0.0,0.0,Summer,No Holiday,Yes
2018-07-30 13:00:00,688.0,34.7,43,1.3,2000,20.2,2.05,0.0,0.0,Summer,No Holiday,Yes
2018-07-30 14:00:00,645.0,35.3,41,1.3,2000,20.0,2.01,0.0,0.0,Summer,No Holiday,Yes
2018-07-30 15:00:00,666.0,35.5,43,1.3,2000,20.9,1.61,0.0,0.0,Summer,No Holiday,Yes
2018-07-30 16:00:00,845.0,36.4,40,1.1,2000,20.6,1.79,0.0,0.0,Summer,No Holiday,Yes
2018-07-30 17:00:00,1224.0,35.4,44,0.8,2000,21.2,1.1,0.0,0.0,Summer,No Holiday,Yes
2018-07-30 18:00:00,2347.0,36.5,38,0.9,2000,19.8,1.17,0.0,0.0,Summer,No Holiday,Yes
2018-07-30 19:00:00,2016.0,35.2,43,0.9,2000,20.7,0.42,0.0,0.0,Summer,No Holiday,Yes
2018-07-30 20:00:00,1947.0,33.9,46,1.4,2000,20.6,0.03,0.0,0.0,Summer,No Holiday,Yes
2018-07-30 21:00:00,1875.0,33.1,48,1.1,2000,20.6,0.0,0.0,0.0,Summer,No Holiday,Yes
2018-07-30 22:00:00,1552.0,32.5,50,1.2,2000,20.7,0.0,0.0,0.0,Summer,No Holiday,Yes
2018-07-30 23:00:00,1202.0,31.7,52,1.2,2000,20.6,0.0,0.0,0.0,Summer,No Holiday,Yes
2018-07-31 00:00:00,901.0,31.0,54,0.8,2000,20.5,0.0,0.0,0.0,Summer,No Holiday,Yes
2018-07-31 01:00:00,695.0,30.2,57,0.7,2000,20.7,0.0,0.0,0.0,Summer,No Holiday,Yes
2018-07-31 02:00:00,476.0,29.8,57,0.8,2000,20.3,0.0,0.0,0.0,Summer,No Holiday,Yes
2018-07-31 03:00:00,334.0,29.3,57,1.6,2000,19.8,0.0,0.0,0.0,Summer,No Holiday,Yes
2018-07-31 04:00:00,244.0,28.8,58,0.9,2000,19.7,0.0,0.0,0.0,Summer,No Holiday,Yes
2018-07-31 05:00:00,284.0,28.3,60,1.6,2000,19.7,0.0,0.0,0.0,Summer,No Holiday,Yes
2018-07-31 06:00:00,584.0,27.9,63,0.5,2000,20.1,0.01,0.0,0.0,Summer,No Holiday,Yes
2018-07-31 07:00:00,1091.0,27.9,60,1.1,1983,19.4,0.28,0.0,0.0,Summer,No Holiday,Yes
2018-07-31 08:00:00,1665.0,29.3,51,0.9,2000,18.1,1.02,0.0,0.0,Summer,No Holiday,Yes
2018-07-31 09:00:00,860.0,30.9,47,1.0,2000,18.2,1.62,0.0,0.0,Summer,No Holiday,Yes
2018-07-31 10:00:00,582.0,32.7,43,1.2,2000,18.4,2.31,0.0,0.0,Summer,No Holiday,Yes
2018-07-31 11:00:00,583.0,34.1,40,1.5,1947,18.5,2.8,0.0,0.0,Summer,No Holiday,Yes
2018-07-31 12:00:00,626.0,35.2,39,1.2,2000,19.1,2.86,0.0,0.0,Summer,No Holiday,Yes
2018-07-31 13:00:00,623.0,36.1,38,1.0,2000,19.5,3.12,0.0,0.0,Summer,No Holiday,Yes
2018-07-31 14:00:00,579.0,36.4,35,1.3,1967,18.4,2.46,0.0,0.0,Summer,No Holiday,Yes
2018-07-31 15:00:00,665.0,37.8,34,1.8,1965,19.2,2.81,0.0,0.0,Summer,No Holiday,Yes
2018-07-31 16:00:00,763.0,37.0,38,1.2,2000,20.3,2.07,0.0,0.0,Summer,No Holiday,Yes
2018-07-31 17:00:00,1184.0,38.0,36,1.3,1989,20.3,2.03,0.0,0.0,Summer,No Holiday,Yes
2018-07-31 18:00:00,2092.0,36.2,45,2.0,2000,22.3,0.65,0.0,0.0,Summer,No Holiday,Yes
2018-07-31 19:00:00,1865.0,34.9,47,2.4,2000,21.9,0.42,0.0,0.0,Summer,No Holiday,Yes
2018-07-31 20:00:00,1772.0,33.5,50,2.1,2000,21.6,0.04,0.0,0.0,Summer,No Holiday,Yes
2018-07-31 21:00:00,1719.0,32.7,51,2.8,2000,21.2,0.0,0.0,0.0,Summer,No Holiday,Yes
2018-07-31 22:00:00,1613.0,31.6,66,3.0,2000,24.4,0.0,0.0,0.0,Summer,No Holiday,Yes
2018-07-31 23:00:00,1097.0,31.0,65,0.5,2000,23.6,0.0,0.0,0.0,Summer,No Holiday,Yes
2018-08-01 00:00:00,875.0,30.5,68,1.9,2000,23.9,0.0,0.0,0.0,Summer,No Holiday,Yes
2018-08-01 01:00:00,724.0,29.9,70,1.0,2000,23.8,0.0,0.0,0.0,Summer,No Holiday,Yes
2018-08-01 02:00:00,501.0,29.5,69,0.8,2000,23.2,0.0,0.0,0.0,Summer,No Holiday,Yes
2018-08-01 03:00:00,362.0,29.1,64,0.5,1997,21.5,0.0,0.0,0.0,Summer,No Holiday,Yes
2018-08-01 04:00:00,250.0,28.5,69,0.3,2000,22.2,0.0,0.0,0.0,Summer,No Holiday,Yes
2018-08-01 05:00:00,315.0,28.3,68,0.3,2000,21.8,0.0,0.0,0.0,Summer,No Holiday,Yes
2018-08-01 06:00:00,622.0,27.8,73,0.9,1971,22.5,0.01,0.0,0.0,Summer,No Holiday,Yes
2018-08-01 07:00:00,1061.0,28.2,68,0.5,1748,21.7,0.27,0.0,0.0,Summer,No Holiday,Yes
2018-08-01 08:00:00,1550.0,30.3,59,0.8,1920,21.3,1.02,0.0,0.0,Summer,No Holiday,Yes
2018-08-01 09:00:00,853.0,32.4,53,0.7,1264,21.5,1.69,0.0,0.0,Summer,No Holiday,Yes
2018-08-01 10:00:00,540.0,34.3,45,1.0,1919,20.6,2.31,0.0,0.0,Summer,No Holiday,Yes
2018-08-01 11:00:00,521.0,35.8,41,1.6,1795,20.4,2.77,0.0,0.0,Summer,No Holiday,Yes
2018-08-01 12:00:00,569.0,36.8,39,1.3,1944,20.5,2.8,0.0,0.0,Summer,No Holiday,Yes
2018-08-01 13:00:00,533.0,37.9,38,2.3,1868,21.1,3.05,0.0,0.0,Summer,No Holiday,Yes
2018-08-01 14:00:00,475.0,38.7,38,2.4,1943,21.8,3.12,0.0,0.0,Summer,No Holiday,Yes
2018-08-01 15:00:00,531.0,39.3,37,2.3,1892,21.9,2.82,0.0,0.0,Summer,No Holiday,Yes
2018-08-01 16:00:00,561.0,39.4,39,2.5,1897,22.8,2.42,0.0,0.0,Summer,No Holiday,Yes
2018-08-01 17:00:00,1033.0,39.0,41,2.6,1881,23.3,1.83,0.0,0.0,Summer,No Holiday,Yes
2018-08-01 18:00:00,1929.0,37.8,47,3.8,1931,24.5,1.09,0.0,0.0,Summer,No Holiday,Yes
2018-08-01 19:00:00,1553.0,36.1,56,3.7,1837,25.9,0.47,0.0,0.0,Summer,No Holiday,Yes
2018-08-01 20:00:00,1441.0,34.5,62,2.8,1701,26.1,0.02,0.0,0.0,Summer,No Holiday,Yes
2018-08-01 21:00:00,1500.0,33.3,64,3.0,1680,25.5,0.0,0.0,0.0,Summer,No Holiday,Yes
2018-08-01 22:00:00,1367.0,32.6,64,2.4,1703,24.8,0.0,0.0,0.0,Summer,No Holiday,Yes
2018-08-01 23:00:00,1046.0,32.3,67,1.0,1592,25.3,0.0,0.0,0.0,Summer,No Holiday,Yes
2018-08-02 00:00:00,850.0,31.9,67,1.5,1550,25.0,0.0,0.0,0.0,Summer,No Holiday,Yes
2018-08-02 01:00:00,647.0,31.5,69,1.5,1512,25.1,0.0,0.0,0.0,Summer,No Holiday,Yes
2018-08-02 02:00:00,459.0,31.5,68,0.0,1504,24.8,0.0,0.0,0.0,Summer,No Holiday,Yes
2018-08-02 03:00:00,295.0,31.1,70,0.4,1449,24.9,0.0,0.0,0.0,Summer,No Holiday,Yes
2018-08-02 04:00:00,215.0,31.1,54,1.9,2000,20.6,0.0,0.0,0.0,Summer,No Holiday,Yes
2018-08-02 05:00:00,265.0,30.7,57,0.9,2000,21.1,0.0,0.0,0.0,Summer,No Holiday,Yes
2018-08-02 06:00:00,578.0,30.4,54,1.3,2000,20.0,0.01,0.0,0.0,Summer,No Holiday,Yes
2018-08-02 07:00:00,1006.0,30.5,53,1.1,2000,19.8,0.22,0.0,0.0,Summer,No Holiday,Yes
2018-08-02 08:00:00,1579.0,31.6,50,1.1,1943,19.9,0.76,0.0,0.0,Summer,No Holiday,Yes
2018-08-02 09:00:00,813.0,32.9,49,1.8,1843,20.7,1.53,0.0,0.0,Summer,No Holiday,Yes
2018-08-02 10:00:00,549.0,34.4,46,2.0,1880,21.1,1.94,0.0,0.0,Summer,No Holiday,Yes
2018-08-02 11:00:00,547.0,35.3,45,1.7,1829,21.5,2.27,0.0,0.0,Summer,No Holiday,Yes
2018-08-02 12:00:00,562.0,36.6,41,2.0,1866,21.2,2.58,0.0,0.0,Summer,No Holiday,Yes
2018-08-02 13:00:00,550.0,36.7,44,1.4,1765,22.4,1.9,0.0,0.0,Summer,No Holiday,Yes
2018-08-02 14:00:00,535.0,37.3,40,1.8,1666,21.4,1.52,0.0,0.0,Summer,No Holiday,Yes
2018-08-02 15:00:00,605.0,36.6,44,1.5,1771,22.3,1.13,0.0,0.0,Summer,No Holiday,Yes
2018-08-02 16:00:00,676.0,37.9,39,1.6,1757,21.5,1.76,0.0,0.0,Summer,No Holiday,Yes
2018-08-02 17:00:00,1066.0,37.4,44,2.3,1829,23.0,1.49,0.0,0.0,Summer,No Holiday,Yes
2018-08-02 18:00:00,1881.0,36.7,47,2.5,1803,23.5,0.99,0.0,0.0,Summer,No Holiday,Yes
2018-08-02 19:00:00,1605.0,35.2,52,2.3,1754,23.8,0.44,0.0,0.0,Summer,No Holiday,Yes
2018-08-02 20:00:00,1480.0,33.9,58,2.4,1519,24.4,0.04,0.0,0.0,Summer,No Holiday,Yes
2018-08-02 21:00:00,1535.0,33.3,63,1.2,1304,25.2,0.0,0.0,0.0,Summer,No Holiday,Yes
2018-08-02 22:00:00,1375.0,32.9,64,1.0,1088,25.1,0.0,0.0,0.0,Summer,No Holiday,Yes
2018-08-02 23:00:00,1020.0,32.4,64,1.7,1153,24.7,0.0,0.0,0.0,Summer,No Holiday,Yes
2018-08-03 00:00:00,763.0,32.1,67,1.1,1077,25.1,0.0,0.0,0.0,Summer,No Holiday,Yes
2018-08-03 01:00:00,675.0,31.7,68,0.3,1103,25.0,0.0,0.0,0.0,Summer,No Holiday,Yes
2018-08-03 02:00:00,443.0,31.5,68,0.3,1001,24.8,0.0,0.0,0.0,Summer,No Holiday,Yes
2018-08-03 03:00:00,327.0,31.2,68,1.4,968,24.5,0.0,0.0,0.0,Summer,No Holiday,Yes
2018-08-03 04:00:00,236.0,31.0,73,0.5,990,25.5,0.0,0.0,0.0,Summer,No Holiday,Yes
2018-08-03 05:00:00,266.0,30.5,72,0.5,1084,24.8,0.0,0.0,0.0,Summer,No Holiday,Yes
2018-08-03 06:00:00,544.0,30.5,62,1.3,1583,22.3,0.01,0.0,0.0,Summer,No Holiday,Yes
2018-08-03 07:00:00,937.0,30.8,58,1.6,1777,21.5,0.22,0.0,0.0,Summer,No Holiday,Yes
2018-08-03 08:00:00,1471.0,31.8,55,1.3,1537,21.6,0.78,0.0,0.0,Summer,No Holiday,Yes
2018-08-03 09:00:00,784.0,33.0,50,1.7,1722,21.1,1.49,0.0,0.0,Summer,No Holiday,Yes
2018-08-03 10:00:00,530.0,34.3,48,2.5,1822,21.7,2.12,0.0,0.0,Summer,No Holiday,Yes
2018-08-03 11:00:00,575.0,35.7,42,1.6,1727,20.7,2.56,0.0,0.0,Summer,No Holiday,Yes
2018-08-03 12:00:00,585.0,36.8,41,2.1,1759,21.3,2.53,0.0,0.0,Summer,No Holiday,Yes
2018-08-03 13:00:00,585.0,36.8,44,1.8,1625,22.5,1.79,0.0,0.0,Summer,No Holiday,Yes
2018-08-03 14:00:00,575.0,37.4,40,2.8,1519,21.5,2.03,0.0,0.0,Summer,No Holiday,Yes
2018-08-03 15:00:00,600.0,37.4,44,3.2,1499,23.0,2.71,0.0,0.0,Summer,No Holiday,Yes
2018-08-03 16:00:00,763.0,36.7,44,3.5,1666,22.4,2.16,0.0,0.0,Summer,No Holiday,Yes
2018-08-03 17:00:00,1105.0,35.8,49,3.9,1633,23.4,1.52,0.0,0.0,Summer,No Holiday,Yes
2018-08-03 18:00:00,1920.0,34.4,53,3.3,1650,23.4,0.8,0.0,0.0,Summer,No Holiday,Yes
2018-08-03 19:00:00,1558.0,33.5,54,2.7,1871,22.9,0.35,0.0,0.0,Summer,No Holiday,Yes
2018-08-03 20:00:00,1517.0,32.2,58,1.9,1673,22.8,0.02,0.0,0.0,Summer,No Holiday,Yes
2018-08-03 21:00:00,1511.0,31.2,63,1.7,1537,23.3,0.0,0.0,0.0,Summer,No Holiday,Yes
2018-08-03 22:00:00,1421.0,30.6,64,1.2,1705,23.0,0.0,0.0,0.0,Summer,No Holiday,Yes
2018-08-03 23:00:00,1103.0,30.2,62,0.8,1708,22.1,0.0,0.0,0.0,Summer,No Holiday,Yes
2018-08-04 00:00:00,953.0,30.0,61,1.7,1794,21.6,0.0,0.0,0.0,Summer,No Holiday,Yes
2018-08-04 01:00:00,872.0,29.9,61,1.1,1745,21.5,0.0,0.0,0.0,Summer,No Holiday,Yes
2018-08-04 02:00:00,594.0,29.9,59,1.9,1902,21.0,0.0,0.0,0.0,Summer,No Holiday,Yes
2018-08-04 03:00:00,435.0,29.7,57,1.5,1964,20.2,0.0,0.0,0.0,Summer,No Holiday,Yes
2018-08-04 04:00:00,304.0,29.5,60,1.2,1774,20.9,0.0,0.0,0.0,Summer,No Holiday,Yes
2018-08-04 05:00:00,234.0,29.2,62,2.1,1835,21.1,0.0,0.0,0.0,Summer,No Holiday,Yes
2018-08-04 06:00:00,289.0,29.1,63,1.6,1818,21.3,0.0,0.0,0.0,Summer,No Holiday,Yes
2018-08-04 07:00:00,405.0,29.4,62,1.9,1758,21.3,0.24,0.0,0.0,Summer,No Holiday,Yes
2018-08-04 08:00:00,568.0,30.2,61,1.8,1562,21.8,0.65,0.0,0.0,Summer,No Holiday,Yes
2018-08-04 09:00:00,598.0,31.3,58,1.9,1598,22.0,1.24,0.0,0.0,Summer,No Holiday,Yes
2018-08-04 10:00:00,569.0,32.3,56,1.7,1625,22.3,1.61,0.0,0.0,Summer,No Holiday,Yes
2018-08-04 11:00:00,655.0,33.4,52,2.8,1462,22.1,2.19,0.0,0.0,Summer,No Holiday,Yes
2018-08-04 12:00:00,640.0,33.2,52,2.5,1514,22.0,1.59,0.0,0.0,Summer,No Holiday,Yes
2018-08-04 13:00:00,703.0,33.6,54,3.7,1754,23.0,2.56,0.0,0.0,Summer,No Holiday,Yes
2018-08-04 14:00:00,676.0,33.1,54,4.2,1879,22.5,2.09,0.0,0.0,Summer,No Holiday,Yes
2018-08-04 15:00:00,690.0,34.7,48,3.6,1973,22.0,2.47,0.0,0.0,Summer,No Holiday,Yes
2018-08-04 16:00:00,700.0,34.5,49,4.0,1925,22.2,2.35,0.0,0.0,Summer,No Holiday,Yes
2018-08-04 17:00:00,901.0,34.3,48,3.4,2000,21.7,1.82,0.0,0.0,Summer,No Holiday,Yes
2018-08-04 18:00:00,1044.0,33.2,52,3.7,1986,22.0,1.14,0.0,0.0,Summer,No Holiday,Yes
2018-08-04 19:00:00,1277.0,32.0,57,2.9,2000,22.4,0.48,0.0,0.0,Summer,No Holiday,Yes
2018-08-04 20:00:00,1387.0,30.2,66,2.8,2000,23.1,0.02,0.0,0.0,Summer,No Holiday,Yes
2018-08-04 21:00:00,1377.0,29.2,73,1.9,1933,23.8,0.0,0.0,0.0,Summer,No Holiday,Yes
2018-08-04 22:00:00,1337.0,28.6,74,2.5,1804,23.5,0.0,0.0,0.0,Summer,No Holiday,Yes
2018-08-04 23:00:00,1155.0,28.2,78,2.5,1678,23.9,0.0,0.0,0.0,Summer,No Holiday,Yes
2018-08-05 00:00:00,983.0,28.0,82,1.4,1221,24.6,0.0,0.0,0.0,Summer,No Holiday,Yes
2018-08-05 01:00:00,758.0,27.7,83,2.7,1128,24.5,0.0,0.0,0.0,Summer,No Holiday,Yes
2018-08-05 02:00:00,509.0,27.5,83,2.7,1118,24.3,0.0,0.0,0.0,Summer,No Holiday,Yes
2018-08-05 03:00:00,401.0,27.3,84,1.7,1089,24.3,0.0,0.0,0.0,Summer,No Holiday,Yes
2018-08-05 04:00:00,253.0,27.3,83,2.2,1054,24.1,0.0,0.0,0.0,Summer,No Holiday,Yes
2018-08-05 05:00:00,188.0,27.3,84,0.8,1067,24.3,0.0,0.0,0.0,Summer,No Holiday,Yes
2018-08-05 06:00:00,222.0,27.3,83,1.4,1080,24.1,0.0,0.0,0.0,Summer,No Holiday,Yes
2018-08-05 07:00:00,223.0,27.5,86,1.8,485,24.9,0.03,0.4,0.0,Summer,No Holiday,Yes
2018-08-05 08:00:00,309.0,27.5,95,0.7,404,26.6,0.14,1.6,0.0,Summer,No Holiday,Yes
2018-08-05 09:00:00,422.0,29.1,76,2.2,1041,24.4,1.38,0.0,0.0,Summer,No Holiday,Yes
2018-08-05 10:00:00,461.0,29.5,78,2.0,1091,25.2,1.28,0.0,0.0,Summer,No Holiday,Yes
2018-08-05 11:00:00,499.0,31.2,63,2.6,1695,23.3,1.99,0.0,0.0,Summer,No Holiday,Yes
2018-08-05 12:00:00,565.0,32.5,59,3.4,1780,23.4,2.33,0.0,0.0,Summer,No Holiday,Yes
2018-08-05 13:00:00,600.0,33.0,56,3.5,1857,23.0,2.68,0.0,0.0,Summer,No Holiday,Yes
2018-08-05 14:00:00,639.0,33.3,55,4.7,1921,23.0,3.05,0.0,0.0,Summer,No Holiday,Yes
2018-08-05 15:00:00,712.0,33.7,55,3.7,1843,23.3,2.67,0.0,0.0,Summer,No Holiday,Yes
2018-08-05 16:00:00,818.0,33.6,57,3.5,1901,23.8,2.19,0.0,0.0,Summer,No Holiday,Yes
2018-08-05 17:00:00,978.0,32.8,61,4.0,1878,24.2,1.46,0.0,0.0,Summer,No Holiday,Yes
2018-08-05 18:00:00,1247.0,31.8,63,4.0,1849,23.8,0.81,0.0,0.0,Summer,No Holiday,Yes
2018-08-05 19:00:00,1411.0,30.9,68,3.3,1821,24.2,0.52,0.0,0.0,Summer,No Holiday,Yes
2018-08-05 20:00:00,1524.0,30.0,72,3.5,1765,24.3,0.09,0.0,0.0,Summer,No Holiday,Yes
2018-08-05 21:00:00,1465.0,29.3,75,3.6,1674,24.4,0.0,0.0,0.0,Summer,No Holiday,Yes
2018-08-05 22:00:00,1286.0,29.1,77,3.0,1559,24.6,0.0,0.0,0.0,Summer,No Holiday,Yes
2018-08-05 23:00:00,942.0,28.8,79,1.3,1484,24.7,0.0,0.0,0.0,Summer,No Holiday,Yes
2018-08-06 00:00:00,707.0,28.7,79,2.2,1473,24.6,0.0,0.0,0.0,Summer,No Holiday,Yes
2018-08-06 01:00:00,455.0,28.7,80,1.5,1295,24.8,0.0,0.0,0.0,Summer,No Holiday,Yes
2018-08-06 02:00:00,309.0,28.6,80,1.2,1163,24.8,0.0,0.0,0.0,Summer,No Holiday,Yes
2018-08-06 03:00:00,219.0,28.6,81,1.1,1105,25.0,0.0,0.0,0.0,Summer,No Holiday,Yes
2018-08-06 04:00:00,162.0,28.4,82,0.5,1144,25.0,0.0,0.0,0.0,Summer,No Holiday,Yes
2018-08-06 05:00:00,258.0,28.3,83,1.7,969,25.1,0.0,0.0,0.0,Summer,No Holiday,Yes
2018-08-06 06:00:00,546.0,28.3,83,1.1,900,25.1,0.0,0.0,0.0,Summer,No Holiday,Yes
2018-08-06 07:00:00,699.0,28.5,82,0.8,914,25.1,0.09,0.0,0.0,Summer,No Holiday,Yes
2018-08-06 08:00:00,797.0,28.7,86,1.4,532,26.1,0.32,0.5,0.0,Summer,No Holiday,Yes
2018-08-06 09:00:00,614.0,28.4,87,1.7,1313,26.0,0.56,4.0,0.0,Summer,No Holiday,Yes
2018-08-06 10:00:00,533.0,29.8,76,1.4,850,25.1,1.52,0.0,0.0,Summer,No Holiday,Yes
2018-08-06 11:00:00,569.0,31.3,70,1.0,1227,25.1,1.89,0.0,0.0,Summer,No Holiday,Yes
2018-08-06 12:00:00,613.0,33.2,59,2.6,1289,24.0,2.37,0.0,0.0,Summer,No Holiday,Yes
2018-08-06 13:00:00,666.0,34.3,54,2.2,1540,23.6,2.93,0.0,0.0,Summer,No Holiday,Yes
2018-08-06 14:00:00,571.0,34.0,59,3.2,1180,24.8,1.98,0.0,0.0,Summer,No Holiday,Yes
2018-08-06 15:00:00,646.0,33.6,58,3.6,1448,24.1,1.98,0.0,0.0,Summer,No Holiday,Yes
2018-08-06 16:00:00,752.0,34.6,55,2.5,1650,24.2,2.01,0.0,0.0,Summer,No Holiday,Yes
2018-08-06 17:00:00,1063.0,35.0,53,1.5,1618,23.9,1.78,0.0,0.0,Summer,No Holiday,Yes
2018-08-06 18:00:00,1956.0,32.8,63,1.3,1799,24.8,0.31,0.0,0.0,Summer,No Holiday,Yes
2018-08-06 19:00:00,1548.0,32.2,65,0.8,1894,24.7,0.1,0.0,0.0,Summer,No Holiday,Yes
2018-08-06 20:00:00,1537.0,31.3,65,2.0,1586,23.9,0.02,0.0,0.0,Summer,No Holiday,Yes
2018-08-06 21:00:00,1611.0,30.6,70,1.6,1542,24.4,0.0,0.0,0.0,Summer,No Holiday,Yes
2018-08-06 22:00:00,1371.0,30.1,72,0.4,1806,24.4,0.0,0.0,0.0,Summer,No Holiday,Yes
2018-08-06 23:00:00,969.0,29.4,79,1.2,777,25.3,0.0,2.0,0.0,Summer,No Holiday,Yes
2018-08-07 00:00:00,842.0,28.8,72,0.8,2000,23.2,0.0,0.0,0.0,Summer,No Holiday,Yes
2018-08-07 01:00:00,619.0,28.2,68,0.9,2000,21.7,0.0,0.0,0.0,Summer,No Holiday,Yes
2018-08-07 02:00:00,443.0,27.9,68,0.9,2000,21.4,0.0,0.0,0.0,Summer,No Holiday,Yes
2018-08-07 03:00:00,278.0,27.6,69,0.9,2000,21.3,0.0,0.0,0.0,Summer,No Holiday,Yes
2018-08-07 04:00:00,201.0,27.3,68,0.7,2000,20.8,0.0,0.0,0.0,Summer,No Holiday,Yes
2018-08-07 05:00:00,273.0,27.1,69,0.9,2000,20.9,0.0,0.0,0.0,Summer,No Holiday,Yes
2018-08-07 06:00:00,634.0,26.8,70,0.7,2000,20.8,0.0,0.0,0.0,Summer,No Holiday,Yes
2018-08-07 07:00:00,1059.0,27.0,69,0.8,2000,20.8,0.23,0.0,0.0,Summer,No Holiday,Yes
2018-08-07 08:00:00,1695.0,28.5,64,2.0,2000,21.0,0.89,0.0,0.0,Summer,No Holiday,Yes
2018-08-07 09:00:00,961.0,29.3,66,1.1,2000,22.2,1.07,0.0,0.0,Summer,No Holiday,Yes
2018-08-07 10:00:00,635.0,30.1,65,1.2,2000,22.7,1.11,0.0,0.0,Summer,No Holiday,Yes
2018-08-07 11:00:00,657.0,31.4,59,0.8,2000,22.4,1.3,0.0,0.0,Summer,No Holiday,Yes
2018-08-07 12:00:00,770.0,31.9,57,0.9,1981,22.3,1.28,0.0,0.0,Summer,No Holiday,Yes
2018-08-07 13:00:00,662.0,33.0,55,1.0,1967,22.7,1.49,0.0,0.0,Summer,No Holiday,Yes
2018-08-07 14:00:00,658.0,34.0,50,1.2,1744,22.1,1.68,0.0,0.0,Summer,No Holiday,Yes
2018-08-07 15:00:00,698.0,34.3,49,1.0,1633,22.0,1.62,0.0,0.0,Summer,No Holiday,Yes
2018-08-07 16:00:00,855.0,35.4,45,2.6,1529,21.6,1.84,0.0,0.0,Summer,No Holiday,Yes
2018-08-07 17:00:00,1232.0,35.6,44,2.4,1860,21.4,1.69,0.0,0.0,Summer,No Holiday,Yes
2018-08-07 18:00:00,2274.0,34.6,50,3.1,1821,22.6,1.0,0.0,0.0,Summer,No Holiday,Yes
2018-08-07 19:00:00,1898.0,32.9,56,2.6,1944,22.9,0.4,0.0,0.0,Summer,No Holiday,Yes
2018-08-07 20:00:00,1836.0,31.1,64,2.7,1770,23.4,0.02,0.0,0.0,Summer,No Holiday,Yes
2018-08-07 21:00:00,1826.0,30.3,69,2.2,1834,23.9,0.0,0.0,0.0,Summer,No Holiday,Yes
2018-08-07 22:00:00,1664.0,29.8,75,1.4,1609,24.8,0.0,0.0,0.0,Summer,No Holiday,Yes
2018-08-07 23:00:00,1136.0,29.5,78,1.4,1469,25.2,0.0,0.0,0.0,Summer,No Holiday,Yes
2018-08-08 00:00:00,853.0,29.1,77,2.1,1465,24.6,0.0,0.0,0.0,Summer,No Holiday,Yes
2018-08-08 01:00:00,700.0,28.5,80,1.5,1306,24.7,0.0,0.0,0.0,Summer,No Holiday,Yes
2018-08-08 02:00:00,489.0,28.3,84,2.1,1099,25.3,0.0,0.0,0.0,Summer,No Holiday,Yes
2018-08-08 03:00:00,322.0,28.3,84,0.5,1006,25.3,0.0,0.0,0.0,Summer,No Holiday,Yes
2018-08-08 04:00:00,183.0,28.0,85,1.0,1079,25.2,0.0,0.0,0.0,Summer,No Holiday,Yes
2018-08-08 05:00:00,260.0,27.9,84,0.0,1172,24.9,0.0,0.0,0.0,Summer,No Holiday,Yes
2018-08-08 06:00:00,614.0,27.6,84,1.2,1123,24.6,0.01,0.0,0.0,Summer,No Holiday,Yes
2018-08-08 07:00:00,1079.0,28.2,82,1.5,985,24.8,0.19,0.0,0.0,Summer,No Holiday,Yes
2018-08-08 08:00:00,1693.0,28.6,80,1.6,708,24.8,0.49,0.0,0.0,Summer,No Holiday,Yes
2018-08-08 09:00:00,920.0,30.2,66,1.4,1131,23.1,1.48,0.0,0.0,Summer,No Holiday,Yes
2018-08-08 10:00:00,657.0,31.6,58,2.3,1528,22.3,2.02,0.0,0.0,Summer,No Holiday,Yes
2018-08-08 11:00:00,624.0,32.7,55,2.7,1836,22.4,2.44,0.0,0.0,Summer,No Holiday,Yes
2018-08-08 12:00:00,629.0,34.1,46,1.6,1885,20.8,2.72,0.0,0.0,Summer,No Holiday,Yes
2018-08-08 13:00:00,673.0,34.4,48,2.1,1921,21.7,2.37,0.0,0.0,Summer,No Holiday,Yes
2018-08-08 14:00:00,670.0,33.6,50,3.5,1993,21.7,1.15,0.0,0.0,Summer,No Holiday,Yes
2018-08-08 15:00:00,687.0,34.5,47,3.2,1958,21.5,2.32,0.0,0.0,Summer,No Holiday,Yes
2018-08-08 16:00:00,839.0,35.1,40,2.6,1989,19.4,2.29,0.0,0.0,Summer,No Holiday,Yes
2018-08-08 17:00:00,1266.0,35.0,37,2.6,2000,18.1,1.72,0.0,0.0,Summer,No Holiday,Yes
2018-08-08 18:00:00,2326.0,34.5,45,2.0,2000,20.8,1.0,0.0,0.0,Summer,No Holiday,Yes
2018-08-08 19:00:00,1983.0,32.6,60,3.5,1982,23.8,0.37,0.0,0.0,Summer,No Holiday,Yes
2018-08-08 20:00:00,1822.0,31.0,66,2.9,1857,23.8,0.02,0.0,0.0,Summer,No Holiday,Yes
2018-08-08 21:00:00,1783.0,29.7,71,3.2,1934,23.8,0.0,0.0,0.0,Summer,No Holiday,Yes
2018-08-08 22:00:00,1628.0,29.5,73,0.9,1936,24.1,0.0,0.0,0.0,Summer,No Holiday,Yes
2018-08-08 23:00:00,1180.0,29.1,77,0.4,1552,24.6,0.0,0.0,0.0,Summer,No Holiday,Yes
2018-08-09 00:00:00,929.0,28.9,75,1.6,1946,24.0,0.0,0.0,0.0,Summer,No Holiday,Yes
2018-08-09 01:00:00,733.0,28.8,75,2.1,1975,23.9,0.0,0.0,0.0,Summer,No Holiday,Yes
2018-08-09 02:00:00,466.0,28.5,79,1.2,1546,24.4,0.0,0.0,0.0,Summer,No Holiday,Yes
2018-08-09 03:00:00,334.0,28.3,80,1.4,1617,24.5,0.0,0.0,0.0,Summer,No Holiday,Yes
2018-08-09 04:00:00,189.0,28.1,81,1.5,1729,24.5,0.0,0.0,0.0,Summer,No Holiday,Yes
2018-08-09 05:00:00,292.0,27.8,82,1.0,1599,24.4,0.0,0.0,0.0,Summer,No Holiday,Yes
2018-08-09 06:00:00,619.0,27.7,84,1.4,1436,24.7,0.0,0.0,0.0,Summer,No Holiday,Yes
2018-08-09 07:00:00,1088.0,27.9,81,1.8,1497,24.3,0.12,0.0,0.0,Summer,No Holiday,Yes
2018-08-09 08:00:00,1731.0,28.6,75,1.2,1588,23.7,0.56,0.0,0.0,Summer,No Holiday,Yes
2018-08-09 09:00:00,977.0,29.4,64,2.3,1926,21.8,0.9,0.0,0.0,Summer,No Holiday,Yes
2018-08-09 10:00:00,649.0,30.4,63,1.8,1883,22.5,1.32,0.0,0.0,Summer,No Holiday,Yes
2018-08-09 11:00:00,659.0,30.8,63,2.4,1919,22.9,0.94,0.0,0.0,Summer,No Holiday,Yes
2018-08-09 12:00:00,484.0,31.1,63,3.0,1795,23.2,1.14,0.0,0.0,Summer,No Holiday,Yes
2018-08-09 13:00:00,628.0,29.7,80,1.7,1312,25.8,0.73,0.4,0.0,Summer,No Holiday,Yes
2018-08-09 14:00:00,561.0,30.8,69,1.8,1218,24.4,1.58,0.0,0.0,Summer,No Holiday,Yes
2018-08-09 15:00:00,644.0,31.2,67,2.7,1368,24.3,1.39,0.0,0.0,Summer,No Holiday,Yes
2018-08-09 16:00:00,559.0,31.6,73,3.0,1133,26.1,1.57,0.0,0.0,Summer,No Holiday,Yes
2018-08-09 17:00:00,740.0,28.8,83,4.0,969,25.6,0.39,1.1,0.0,Summer,No Holiday,Yes
2018-08-09 18:00:00,1850.0,28.1,86,2.3,1244,25.5,0.28,0.5,0.0,Summer,No Holiday,Yes
2018-08-09 19:00:00,1698.0,28.2,82,0.4,1832,24.8,0.16,0.0,0.0,Summer,No Holiday,Yes
2018-08-09 20:00:00,1591.0,27.9,78,0.6,1989,23.7,0.03,0.0,0.0,Summer,No Holiday,Yes
2018-08-09 21:00:00,1654.0,27.8,82,0.3,1397,24.4,0.0,0.0,0.0,Summer,No Holiday,Yes
2018-08-09 22:00:00,1494.0,27.5,82,0.4,1228,24.1,0.0,0.0,0.0,Summer,No Holiday,Yes
2018-08-09 23:00:00,1075.0,27.3,81,0.0,1287,23.7,0.0,0.0,0.0,Summer,No Holiday,Yes
2018-08-10 00:00:00,903.0,27.1,84,0.2,1161,24.1,0.0,0.0,0.0,Summer,No Holiday,Yes
2018-08-10 01:00:00,708.0,26.9,84,0.2,1061,23.9,0.0,0.0,0.0,Summer,No Holiday,Yes
2018-08-10 02:00:00,484.0,26.9,84,0.8,1007,23.9,0.0,0.0,0.0,Summer,No Holiday,Yes
2018-08-10 03:00:00,346.0,26.7,84,0.4,994,23.7,0.0,0.0,0.0,Summer,No Holiday,Yes
2018-08-10 04:00:00,214.0,26.3,85,0.4,1216,23.5,0.0,0.0,0.0,Summer,No Holiday,Yes
2018-08-10 05:00:00,283.0,26.1,83,0.3,1617,22.9,0.0,0.0,0.0,Summer,No Holiday,Yes
2018-08-10 06:00:00,645.0,25.7,83,0.6,1483,22.5,0.0,0.0,0.0,Summer,No Holiday,Yes
2018-08-10 07:00:00,1027.0,26.0,78,0.7,1988,21.8,0.16,0.0,0.0,Summer,No Holiday,Yes
2018-08-10 08:00:00,1728.0,27.2,69,1.8,1999,21.0,0.7,0.0,0.0,Summer,No Holiday,Yes
2018-08-10 09:00:00,892.0,29.0,64,0.8,1987,21.4,1.45,0.0,0.0,Summer,No Holiday,Yes
2018-08-10 10:00:00,683.0,30.5,58,0.6,1875,21.2,1.84,0.0,0.0,Summer,No Holiday,Yes
2018-08-10 11:00:00,697.0,31.9,53,1.2,2000,21.1,2.33,0.0,0.0,Summer,No Holiday,Yes
2018-08-10 12:00:00,721.0,33.4,47,1.3,2000,20.5,2.51,0.0,0.0,Summer,No Holiday,Yes
2018-08-10 13:00:00,696.0,34.2,41,1.7,2000,19.0,2.31,0.0,0.0,Summer,No Holiday,Yes
2018-08-10 14:00:00,658.0,35.1,44,1.6,2000,21.0,2.25,0.0,0.0,Summer,No Holiday,Yes
2018-08-10 15:00:00,725.0,34.8,47,2.4,2000,21.8,2.21,0.0,0.0,Summer,No Holiday,Yes
2018-08-10 16:00:00,853.0,36.4,40,3.2,2000,20.6,2.59,0.0,0.0,Summer,No Holiday,Yes
2018-08-10 17:00:00,1293.0,36.3,40,2.7,2000,20.5,1.93,0.0,0.0,Summer,No Holiday,Yes
2018-08-10 18:00:00,2289.0,35.2,44,2.6,2000,21.1,1.23,0.0,0.0,Summer,No Holiday,Yes
2018-08-10 19:00:00,1903.0,33.4,49,2.6,2000,21.2,0.32,0.0,0.0,Summer,No Holiday,Yes
2018-08-10 20:00:00,1702.0,32.2,52,2.3,2000,21.0,0.02,0.0,0.0,Summer,No Holiday,Yes
2018-08-10 21:00:00,1641.0,31.3,55,0.9,2000,21.1,0.0,0.0,0.0,Summer,No Holiday,Yes
2018-08-10 22:00:00,1544.0,30.9,54,0.8,2000,20.5,0.0,0.0,0.0,Summer,No Holiday,Yes
2018-08-10 23:00:00,1198.0,30.4,58,1.4,2000,21.2,0.0,0.0,0.0,Summer,No Holiday,Yes
2018-08-11 00:00:00,1022.0,29.8,63,2.0,2000,21.9,0.0,0.0,0.0,Summer,No Holiday,Yes
2018-08-11 01:00:00,881.0,29.0,67,1.1,2000,22.2,0.0,0.0,0.0,Summer,No Holiday,Yes
2018-08-11 02:00:00,691.0,28.5,68,1.1,1839,22.0,0.0,0.0,0.0,Summer,No Holiday,Yes
2018-08-11 03:00:00,441.0,27.9,69,0.8,2000,21.6,0.0,0.0,0.0,Summer,No Holiday,Yes
2018-08-11 04:00:00,266.0,27.4,69,1.0,2000,21.2,0.0,0.0,0.0,Summer,No Holiday,Yes
2018-08-11 05:00:00,263.0,26.9,69,0.7,2000,20.7,0.0,0.0,0.0,Summer,No Holiday,Yes
2018-08-11 06:00:00,355.0,26.5,69,0.8,2000,20.3,0.0,0.0,0.0,Summer,No Holiday,Yes
2018-08-11 07:00:00,425.0,26.7,67,0.8,2000,20.0,0.13,0.0,0.0,Summer,No Holiday,Yes
2018-08-11 08:00:00,647.0,28.0,60,1.0,2000,19.5,0.91,0.0,0.0,Summer,No Holiday,Yes
2018-08-11 09:00:00,672.0,29.7,58,1.3,1955,20.5,1.68,0.0,0.0,Summer,No Holiday,Yes
2018-08-11 10:00:00,643.0,31.3,53,1.8,2000,20.5,2.34,0.0,0.0,Summer,No Holiday,Yes
2018-08-11 11:00:00,766.0,31.5,54,2.5,1918,21.0,1.78,0.0,0.0,Summer,No Holiday,Yes
2018-08-11 12:00:00,759.0,33.2,50,2.3,2000,21.3,2.84,0.0,0.0,Summer,No Holiday,Yes
2018-08-11 13:00:00,830.0,34.1,45,1.5,1993,20.4,2.57,0.0,0.0,Summer,No Holiday,Yes
2018-08-11 14:00:00,733.0,34.5,43,2.6,2000,20.0,2.37,0.0,0.0,Summer,No Holiday,Yes
2018-08-11 15:00:00,694.0,35.0,41,1.5,2000,19.7,2.4,0.0,0.0,Summer,No Holiday,Yes
2018-08-11 16:00:00,826.0,35.6,39,2.7,2000,19.5,1.81,0.0,0.0,Summer,No Holiday,Yes
2018-08-11 17:00:00,1006.0,35.8,36,2.2,2000,18.3,1.58,0.0,0.0,Summer,No Holiday,Yes
2018-08-11 18:00:00,1274.0,34.4,40,1.8,2000,18.8,0.65,0.0,0.0,Summer,No Holiday,Yes
2018-08-11 19:00:00,1482.0,33.8,44,2.2,2000,19.8,0.3,0.0,0.0,Summer,No Holiday,Yes
2018-08-11 20:00:00,1469.0,32.8,47,1.9,2000,19.9,0.01,0.0,0.0,Summer,No Holiday,Yes
2018-08-11 21:00:00,1437.0,31.6,63,1.2,1980,23.6,0.0,0.0,0.0,Summer,No Holiday,Yes
2018-08-11 22:00:00,1351.0,31.3,53,2.3,2000,20.5,0.0,0.0,0.0,Summer,No Holiday,Yes
2018-08-11 23:00:00,1076.0,30.7,55,1.5,2000,20.6,0.0,0.0,0.0,Summer,No Holiday,Yes
2018-08-12 00:00:00,997.0,29.9,56,2.0,2000,20.1,0.0,0.0,0.0,Summer,No Holiday,Yes
2018-08-12 01:00:00,703.0,29.4,58,1.5,2000,20.2,0.0,0.0,0.0,Summer,No Holiday,Yes
2018-08-12 02:00:00,554.0,29.0,60,1.4,2000,20.4,0.0,0.0,0.0,Summer,No Holiday,Yes
2018-08-12 03:00:00,387.0,28.5,62,1.6,2000,20.5,0.0,0.0,0.0,Summer,No Holiday,Yes
2018-08-12 04:00:00,260.0,28.1,63,0.8,2000,20.3,0.0,0.0,0.0,Summer,No Holiday,Yes
2018-08-12 05:00:00,196.0,27.7,65,1.4,2000,20.5,0.0,0.0,0.0,Summer,No Holiday,Yes
2018-08-12 06:00:00,261.0,27.2,66,0.9,2000,20.2,0.0,0.0,0.0,Summer,No Holiday,Yes
2018-08-12 07:00:00,316.0,27.4,61,0.6,2000,19.2,0.17,0.0,0.0,Summer,No Holiday,Yes
2018-08-12 08:00:00,520.0,28.6,54,1.1,2000,18.3,0.82,0.0,0.0,Summer,No Holiday,Yes
2018-08-12 09:00:00,568.0,29.7,55,1.6,2000,19.6,1.44,0.0,0.0,Summer,No Holiday,Yes
2018-08-12 10:00:00,483.0,31.6,51,2.3,1969,20.2,2.3,0.0,0.0,Summer,No Holiday,Yes
2018-08-12 11:00:00,526.0,32.8,49,2.8,2000,20.6,2.87,0.0,0.0,Summer,No Holiday,Yes
2018-08-12 12:00:00,670.0,33.8,44,2.0,1899,19.8,2.72,0.0,0.0,Summer,No Holiday,Yes
2018-08-12 13:00:00,704.0,34.0,47,1.4,2000,21.0,2.24,0.0,0.0,Summer,No Holiday,Yes
2018-08-12 14:00:00,697.0,35.0,45,2.2,1957,21.2,2.73,0.0,0.0,Summer,No Holiday,Yes
2018-08-12 15:00:00,820.0,34.9,46,2.0,2000,21.5,1.54,0.0,0.0,Summer,No Holiday,Yes
2018-08-12 16:00:00,959.0,34.1,47,2.5,2000,21.1,0.61,0.0,0.0,Summer,No Holiday,Yes
2018-08-12 17:00:00,1156.0,33.7,48,2.3,2000,21.1,0.41,0.0,0.0,Summer,No Holiday,Yes
2018-08-12 18:00:00,1225.0,33.4,49,1.6,1971,21.2,0.25,0.0,0.0,Summer,No Holiday,Yes
2018-08-12 19:00:00,1117.0,32.0,76,2.1,692,27.2,0.1,1.0,0.0,Summer,No Holiday,Yes
2018-08-12 20:00:00,1208.0,29.4,86,1.1,1194,26.8,0.03,4.0,0.0,Summer,No Holiday,Yes
2018-08-12 21:00:00,1337.0,28.9,83,0.3,1449,25.7,0.0,0.0,0.0,Summer,No Holiday,Yes
2018-08-12 22:00:00,1127.0,28.8,79,0.2,1604,24.7,0.0,0.0,0.0,Summer,No Holiday,Yes
2018-08-12 23:00:00,707.0,28.7,81,0.4,1586,25.1,0.0,0.0,0.0,Summer,No Holiday,Yes
2018-08-13 00:00:00,409.0,28.4,85,1.3,1406,25.6,0.0,0.0,0.0,Summer,No Holiday,Yes
2018-08-13 01:00:00,231.0,28.2,88,0.2,929,26.0,0.0,1.0,0.0,Summer,No Holiday,Yes
2018-08-13 02:00:00,212.0,28.1,78,0.9,1191,23.8,0.0,0.0,0.0,Summer,No Holiday,Yes
2018-08-13 03:00:00,196.0,27.7,88,0.5,833,25.5,0.0,0.0,0.0,Summer,No Holiday,Yes
2018-08-13 04:00:00,151.0,27.1,91,0.9,585,25.4,0.0,0.0,0.0,Summer,No Holiday,Yes
2018-08-13 05:00:00,230.0,26.8,90,0.6,591,25.0,0.0,0.0,0.0,Summer,No Holiday,Yes
2018-08-13 06:00:00,594.0,26.7,89,0.6,615,24.7,0.0,0.0,0.0,Summer,No Holiday,Yes
2018-08-13 07:00:00,1065.0,27.0,86,0.9,718,24.4,0.22,0.0,0.0,Summer,No Holiday,Yes
2018-08-13 08:00:00,1657.0,28.0,78,1.1,865,23.7,0.74,0.0,0.0,Summer,No Holiday,Yes
2018-08-13 09:00:00,903.0,29.4,74,2.0,917,24.2,1.18,0.0,0.0,Summer,No Holiday,Yes
2018-08-13 10:00:00,639.0,30.6,67,0.7,1354,23.7,1.2,0.0,0.0,Summer,No Holiday,Yes
2018-08-13 11:00:00,677.0,31.7,58,1.1,1584,22.4,1.27,0.0,0.0,Summer,No Holiday,Yes
2018-08-13 12:00:00,724.0,33.4,54,2.6,1648,22.8,2.09,0.0,0.0,Summer,No Holiday,Yes
2018-08-13 13:00:00,698.0,33.0,54,1.7,1458,22.4,1.23,0.0,0.0,Summer,No Holiday,Yes
2018-08-13 14:00:00,651.0,33.6,55,1.1,1375,23.3,0.94,0.0,0.0,Summer,No Holiday,Yes
2018-08-13 15:00:00,709.0,34.0,51,1.8,1508,22.4,0.98,0.0,0.0,Summer,No Holiday,Yes
2018-08-13 16:00:00,901.0,33.5,52,2.2,1804,22.2,0.91,0.0,0.0,Summer,No Holiday,Yes
2018-08-13 17:00:00,1358.0,33.2,55,2.7,1600,22.9,0.55,0.0,0.0,Summer,No Holiday,Yes
2018-08-13 18:00:00,2367.0,33.1,59,3.1,1726,24.0,0.72,0.0,0.0,Summer,No Holiday,Yes
2018-08-13 19:00:00,2036.0,32.1,60,2.3,1987,23.3,0.25,0.0,0.0,Summer,No Holiday,Yes
2018-08-13 20:00:00,1847.0,31.0,64,2.9,1992,23.3,0.01,0.0,0.0,Summer,No Holiday,Yes
2018-08-13 21:00:00,1851.0,30.4,66,1.6,2000,23.3,0.0,0.0,0.0,Summer,No Holiday,Yes
2018-08-13 22:00:00,1635.0,29.9,60,1.3,2000,21.2,0.0,0.0,0.0,Summer,No Holiday,Yes
2018-08-13 23:00:00,1086.0,29.6,63,0.1,2000,21.8,0.0,0.0,0.0,Summer,No Holiday,Yes
2018-08-14 00:00:00,872.0,29.3,68,1.6,2000,22.7,0.0,0.0,0.0,Summer,No Holiday,Yes
2018-08-14 01:00:00,681.0,28.9,71,1.2,1982,23.1,0.0,0.0,0.0,Summer,No Holiday,Yes
2018-08-14 02:00:00,467.0,28.6,70,1.5,2000,22.5,0.0,0.0,0.0,Summer,No Holiday,Yes
2018-08-14 03:00:00,345.0,28.4,73,1.4,1990,23.0,0.0,0.0,0.0,Summer,No Holiday,Yes
2018-08-14 04:00:00,209.0,28.1,71,0.4,2000,22.3,0.0,0.0,0.0,Summer,No Holiday,Yes
2018-08-14 05:00:00,254.0,27.9,71,0.3,2000,22.1,0.0,0.0,0.0,Summer,No Holiday,Yes
2018-08-14 06:00:00,643.0,27.8,71,0.1,2000,22.0,0.0,0.0,0.0,Summer,No Holiday,Yes
2018-08-14 07:00:00,1097.0,27.9,71,0.4,2000,22.1,0.13,0.0,0.0,Summer,No Holiday,Yes
2018-08-14 08:00:00,1708.0,29.3,63,0.9,1810,21.5,0.76,0.0,0.0,Summer,No Holiday,Yes
2018-08-14 09:00:00,944.0,31.0,56,0.8,1945,21.1,1.32,0.0,0.0,Summer,No Holiday,Yes
2018-08-14 10:00:00,615.0,31.7,57,1.3,1875,22.1,1.25,0.0,0.0,Summer,No Holiday,Yes
2018-08-14 11:00:00,636.0,32.4,54,1.9,1962,21.8,0.96,0.0,0.0,Summer,No Holiday,Yes
2018-08-14 12:00:00,699.0,33.9,49,1.5,1841,21.6,1.91,0.0,0.0,Summer,No Holiday,Yes
2018-08-14 13:00:00,695.0,35.7,38,2.4,1863,19.1,2.5,0.0,0.0,Summer,No Holiday,Yes
2018-08-14 14:00:00,627.0,36.2,41,2.9,1814,20.8,2.68,0.0,0.0,Summer,No Holiday,Yes
2018-08-14 15:00:00,700.0,37.2,38,2.5,1832,20.5,2.68,0.0,0.0,Summer,No Holiday,Yes
2018-08-14 16:00:00,920.0,36.3,41,2.4,1957,20.9,1.85,0.0,0.0,Summer,No Holiday,Yes
2018-08-14 17:00:00,1306.0,34.7,51,3.0,2000,23.0,1.22,0.0,0.0,Summer,No Holiday,Yes
2018-08-14 18:00:00,2305.0,33.7,53,2.4,2000,22.7,0.78,0.0,0.0,Summer,No Holiday,Yes
2018-08-14 19:00:00,1972.0,32.7,56,2.2,2000,22.7,0.33,0.0,0.0,Summer,No Holiday,Yes
2018-08-14 20:00:00,1705.0,31.8,59,0.9,2000,22.7,0.0,0.0,0.0,Summer,No Holiday,Yes
2018-08-14 21:00:00,1684.0,31.3,59,0.3,2000,22.3,0.0,0.0,0.0,Summer,No Holiday,Yes
2018-08-14 22:00:00,1587.0,30.9,63,0.7,2000,23.0,0.0,0.0,0.0,Summer,No Holiday,Yes
2018-08-14 23:00:00,1165.0,30.3,65,0.4,2000,22.9,0.0,0.0,0.0,Summer,No Holiday,Yes
2018-08-15 00:00:00,1034.0,30.0,67,0.8,1986,23.1,0.0,0.0,0.0,Summer,Holiday,Yes
2018-08-15 01:00:00,850.0,29.6,69,0.4,1942,23.3,0.0,0.0,0.0,Summer,Holiday,Yes
2018-08-15 02:00:00,676.0,29.5,68,0.4,1949,22.9,0.0,0.0,0.0,Summer,Holiday,Yes
2018-08-15 03:00:00,474.0,29.1,70,0.3,1952,23.0,0.0,0.0,0.0,Summer,Holiday,Yes
2018-08-15 04:00:00,310.0,28.8,73,0.5,1835,23.4,0.0,0.0,0.0,Summer,Holiday,Yes
2018-08-15 05:00:00,227.0,28.6,73,0.8,1808,23.2,0.0,0.0,0.0,Summer,Holiday,Yes
2018-08-15 06:00:00,346.0,28.4,74,1.0,1700,23.3,0.0,0.0,0.0,Summer,Holiday,Yes
2018-08-15 07:00:00,429.0,28.6,71,0.6,1797,22.8,0.17,0.0,0.0,Summer,Holiday,Yes
2018-08-15 08:00:00,553.0,29.9,60,0.8,1772,21.2,0.83,0.0,0.0,Summer,Holiday,Yes
2018-08-15 09:00:00,563.0,32.0,53,1.6,2000,21.2,1.56,0.0,0.0,Summer,Holiday,Yes
2018-08-15 10:00:00,547.0,33.5,49,1.0,1937,21.3,2.09,0.0,0.0,Summer,Holiday,Yes
2018-08-15 11:00:00,586.0,35.4,44,1.2,1887,21.2,2.58,0.0,0.0,Summer,Holiday,Yes
2018-08-15 12:00:00,563.0,36.5,41,1.1,1807,21.1,2.73,0.0,0.0,Summer,Holiday,Yes
2018-08-15 13:00:00,591.0,36.9,39,1.5,2000,20.6,2.46,0.0,0.0,Summer,Holiday,Yes
2018-08-15 14:00:00,627.0,37.2,38,0.9,1976,20.5,1.96,0.0,0.0,Summer,Holiday,Yes
2018-08-15 15:00:00,761.0,37.4,38,1.4,2000,20.6,1.72,0.0,0.0,Summer,Holiday,Yes
2018-08-15 16:00:00,877.0,36.6,39,0.7,2000,20.3,0.44,0.0,0.0,Summer,Holiday,Yes
2018-08-15 17:00:00,960.0,33.6,55,3.9,1929,23.3,0.86,0.0,0.0,Summer,Holiday,Yes
2018-08-15 18:00:00,925.0,32.8,63,2.3,1546,24.8,0.89,0.1,0.0,Summer,Holiday,Yes
2018-08-15 19:00:00,1301.0,28.7,76,0.7,2000,24.0,0.11,0.9,0.0,Summer,Holiday,Yes
2018-08-15 20:00:00,1500.0,28.4,69,1.5,2000,22.1,0.01,0.0,0.0,Summer,Holiday,Yes
2018-08-15 21:00:00,1507.0,28.6,69,1.3,2000,22.3,0.0,0.0,0.0,Summer,Holiday,Yes
2018-08-15 22:00:00,1350.0,28.6,67,1.0,2000,21.8,0.0,0.0,0.0,Summer,Holiday,Yes
2018-08-15 23:00:00,1008.0,28.5,69,1.1,2000,22.2,0.0,0.0,0.0,Summer,Holiday,Yes
2018-08-16 00:00:00,808.0,28.4,68,0.9,2000,21.9,0.0,0.0,0.0,Summer,No Holiday,Yes
2018-08-16 01:00:00,535.0,28.2,70,1.0,2000,22.2,0.0,0.0,0.0,Summer,No Holiday,Yes
2018-08-16 02:00:00,381.0,28.1,68,0.8,2000,21.6,0.0,0.0,0.0,Summer,No Holiday,Yes
2018-08-16 03:00:00,252.0,27.9,68,0.6,2000,21.4,0.0,0.0,0.0,Summer,No Holiday,Yes
2018-08-16 04:00:00,173.0,27.8,69,0.9,2000,21.5,0.0,0.0,0.0,Summer,No Holiday,Yes
2018-08-16 05:00:00,263.0,28.0,66,0.5,2000,21.0,0.0,0.0,0.0,Summer,No Holiday,Yes
2018-08-16 06:00:00,631.0,27.5,72,1.1,2000,21.9,0.0,0.0,0.0,Summer,No Holiday,Yes
2018-08-16 07:00:00,1105.0,27.6,71,1.2,2000,21.8,0.14,0.0,0.0,Summer,No Holiday,Yes
2018-08-16 08:00:00,1660.0,28.2,68,1.3,2000,21.7,0.41,0.0,0.0,Summer,No Holiday,Yes
2018-08-16 09:00:00,876.0,30.6,55,1.1,2000,20.5,1.46,0.0,0.0,Summer,No Holiday,Yes
2018-08-16 10:00:00,612.0,31.9,51,2.2,1939,20.4,2.04,0.0,0.0,Summer,No Holiday,Yes
2018-08-16 11:00:00,672.0,33.5,48,2.4,1968,20.9,2.71,0.0,0.0,Summer,No Holiday,Yes
2018-08-16 12:00:00,668.0,34.5,44,2.2,2000,20.4,3.19,0.0,0.0,Summer,No Holiday,Yes
2018-08-16 13:00:00,652.0,35.1,39,2.0,2000,19.0,3.45,0.0,0.0,Summer,No Holiday,Yes
2018-08-16 14:00:00,638.0,35.3,40,2.0,2000,19.6,3.17,0.0,0.0,Summer,No Holiday,Yes
2018-08-16 15:00:00,720.0,35.0,38,2.0,2000,18.5,2.8,0.0,0.0,Summer,No Holiday,Yes
2018-08-16 16:00:00,902.0,34.5,37,1.9,2000,17.6,2.36,0.0,0.0,Summer,No Holiday,Yes
2018-08-16 17:00:00,1384.0,33.8,37,2.2,2000,17.0,1.74,0.0,0.0,Summer,No Holiday,Yes
2018-08-16 18:00:00,2481.0,32.4,40,2.1,2000,17.0,1.04,0.0,0.0,Summer,No Holiday,Yes
2018-08-16 19:00:00,2286.0,29.8,45,2.5,2000,16.5,0.36,0.0,0.0,Summer,No Holiday,Yes
2018-08-16 20:00:00,2114.0,27.9,47,1.9,2000,15.5,0.01,0.0,0.0,Summer,No Holiday,Yes
2018-08-16 21:00:00,2127.0,26.8,46,2.0,2000,14.2,0.0,0.0,0.0,Summer,No Holiday,Yes
2018-08-16 22:00:00,1943.0,25.9,45,2.1,2000,13.0,0.0,0.0,0.0,Summer,No Holiday,Yes
2018-08-16 23:00:00,1446.0,25.0,44,2.2,2000,11.8,0.0,0.0,0.0,Summer,No Holiday,Yes
2018-08-17 00:00:00,1109.0,24.1,45,2.0,2000,11.4,0.0,0.0,0.0,Summer,No Holiday,Yes
2018-08-17 01:00:00,842.0,23.4,47,2.1,2000,11.4,0.0,0.0,0.0,Summer,No Holiday,Yes
2018-08-17 02:00:00,572.0,22.8,50,1.4,2000,11.8,0.0,0.0,0.0,Summer,No Holiday,Yes
2018-08-17 03:00:00,375.0,22.4,52,1.3,2000,12.0,0.0,0.0,0.0,Summer,No Holiday,Yes
2018-08-17 04:00:00,276.0,22.1,54,1.6,2000,12.3,0.0,0.0,0.0,Summer,No Holiday,Yes
2018-08-17 05:00:00,304.0,21.8,55,1.9,2000,12.3,0.0,0.0,0.0,Summer,No Holiday,Yes
2018-08-17 06:00:00,719.0,21.8,51,2.0,2000,11.2,0.0,0.0,0.0,Summer,No Holiday,Yes
2018-08-17 07:00:00,1271.0,22.0,49,1.7,2000,10.7,0.23,0.0,0.0,Summer,No Holiday,Yes
2018-08-17 08:00:00,1918.0,23.5,44,1.7,1944,10.5,0.98,0.0,0.0,Summer,No Holiday,Yes
2018-08-17 09:00:00,1069.0,25.5,40,2.6,1990,10.8,1.7,0.0,0.0,Summer,No Holiday,Yes
2018-08-17 10:00:00,717.0,27.0,36,2.2,1977,10.6,2.34,0.0,0.0,Summer,No Holiday,Yes
2018-08-17 11:00:00,844.0,28.8,33,2.2,1951,10.9,2.85,0.0,0.0,Summer,No Holiday,Yes
2018-08-17 12:00:00,904.0,30.3,30,1.9,1981,10.7,3.17,0.0,0.0,Summer,No Holiday,Yes
2018-08-17 13:00:00,820.0,31.3,30,2.1,2000,11.6,3.3,0.0,0.0,Summer,No Holiday,Yes
2018-08-17 14:00:00,791.0,32.7,27,2.0,1964,11.2,3.21,0.0,0.0,Summer,No Holiday,Yes
2018-08-17 15:00:00,970.0,33.5,26,2.1,2000,11.3,2.9,0.0,0.0,Summer,No Holiday,Yes
2018-08-17 16:00:00,1112.0,33.7,26,1.5,2000,11.5,2.39,0.0,0.0,Summer,No Holiday,Yes
2018-08-17 17:00:00,1666.0,33.1,27,1.9,1975,11.5,1.76,0.0,0.0,Summer,No Holiday,Yes
2018-08-17 18:00:00,2797.0,32.5,28,1.4,2000,11.6,1.06,0.0,0.0,Summer,No Holiday,Yes
2018-08-17 19:00:00,2353.0,31.0,31,1.5,2000,11.8,0.34,0.0,0.0,Summer,No Holiday,Yes
2018-08-17 20:00:00,2130.0,28.4,40,1.7,1887,13.4,0.0,0.0,0.0,Summer,No Holiday,Yes
2018-08-17 21:00:00,2008.0,27.1,43,1.6,2000,13.4,0.0,0.0,0.0,Summer,No Holiday,Yes
2018-08-17 22:00:00,1787.0,26.0,45,1.7,2000,13.1,0.0,0.0,0.0,Summer,No Holiday,Yes
2018-08-17 23:00:00,1466.0,25.2,47,1.2,2000,13.0,0.0,0.0,0.0,Summer,No Holiday,Yes
2018-08-18 00:00:00,1191.0,24.5,48,1.2,2000,12.7,0.0,0.0,0.0,Summer,No Holiday,Yes
2018-08-18 01:00:00,969.0,23.9,51,0.9,2000,13.1,0.0,0.0,0.0,Summer,No Holiday,Yes
2018-08-18 02:00:00,698.0,23.4,53,1.1,2000,13.2,0.0,0.0,0.0,Summer,No Holiday,Yes
2018-08-18 03:00:00,483.0,23.0,54,1.0,1818,13.1,0.0,0.0,0.0,Summer,No Holiday,Yes
2018-08-18 04:00:00,316.0,22.6,55,1.4,2000,13.0,0.0,0.0,0.0,Summer,No Holiday,Yes
2018-08-18 05:00:00,262.0,22.0,58,1.0,2000,13.3,0.0,0.0,0.0,Summer,No Holiday,Yes
2018-08-18 06:00:00,397.0,21.6,60,1.0,2000,13.4,0.0,0.0,0.0,Summer,No Holiday,Yes
2018-08-18 07:00:00,475.0,21.7,57,1.3,2000,12.8,0.23,0.0,0.0,Summer,No Holiday,Yes
2018-08-18 08:00:00,754.0,23.2,47,1.0,2000,11.2,0.93,0.0,0.0,Summer,No Holiday,Yes
2018-08-18 09:00:00,771.0,25.3,42,1.4,1921,11.4,1.7,0.0,0.0,Summer,No Holiday,Yes
2018-08-18 10:00:00,769.0,27.0,37,1.2,1962,11.0,2.32,0.0,0.0,Summer,No Holiday,Yes
2018-08-18 11:00:00,857.0,28.4,35,1.6,2000,11.4,2.82,0.0,0.0,Summer,No Holiday,Yes
2018-08-18 12:00:00,952.0,29.8,33,1.5,1936,11.7,3.14,0.0,0.0,Summer,No Holiday,Yes
2018-08-18 13:00:00,1003.0,31.1,30,1.5,2000,11.4,3.24,0.0,0.0,Summer,No Holiday,Yes
2018-08-18 14:00:00,1121.0,31.0,31,1.8,1999,11.8,2.8,0.0,0.0,Summer,No Holiday,Yes
2018-08-18 15:00:00,1196.0,31.7,30,1.9,1943,11.9,2.23,0.0,0.0,Summer,No Holiday,Yes
2018-08-18 16:00:00,1398.0,31.8,33,2.1,2000,13.5,1.88,0.0,0.0,Summer,No Holiday,Yes
2018-08-18 17:00:00,1806.0,29.9,39,2.9,2000,14.4,0.86,0.0,0.0,Summer,No Holiday,Yes
2018-08-18 18:00:00,1979.0,30.1,37,2.1,2000,13.8,0.88,0.0,0.0,Summer,No Holiday,Yes
2018-08-18 19:00:00,2127.0,28.5,45,1.6,2000,15.4,0.23,0.0,0.0,Summer,No Holiday,Yes
2018-08-18 20:00:00,1965.0,27.6,46,1.2,2000,14.9,0.01,0.0,0.0,Summer,No Holiday,Yes
2018-08-18 21:00:00,1886.0,26.8,48,0.9,2000,14.8,0.0,0.0,0.0,Summer,No Holiday,Yes
2018-08-18 22:00:00,1681.0,26.3,48,0.8,2000,14.4,0.0,0.0,0.0,Summer,No Holiday,Yes
2018-08-18 23:00:00,1342.0,25.9,52,1.3,2000,15.2,0.0,0.0,0.0,Summer,No Holiday,Yes
2018-08-19 00:00:00,1100.0,25.3,53,2.4,2000,15.0,0.0,0.0,0.0,Summer,No Holiday,Yes
2018-08-19 01:00:00,844.0,25.0,57,0.9,2000,15.8,0.0,0.0,0.0,Summer,No Holiday,Yes
2018-08-19 02:00:00,611.0,24.5,59,0.3,2000,15.9,0.0,0.0,0.0,Summer,No Holiday,Yes
2018-08-19 03:00:00,425.0,24.0,59,0.6,2000,15.4,0.0,0.0,0.0,Summer,No Holiday,Yes
2018-08-19 04:00:00,264.0,23.6,61,0.3,2000,15.6,0.0,0.0,0.0,Summer,No Holiday,Yes
2018-08-19 05:00:00,223.0,23.4,63,0.3,2000,15.9,0.0,0.0,0.0,Summer,No Holiday,Yes
2018-08-19 06:00:00,260.0,23.1,64,0.6,2000,15.9,0.0,0.0,0.0,Summer,No Holiday,Yes
2018-08-19 07:00:00,392.0,23.3,64,1.0,2000,16.0,0.1,0.0,0.0,Summer,No Holiday,Yes
2018-08-19 08:00:00,592.0,24.4,58,0.8,2000,15.5,0.45,0.0,0.0,Summer,No Holiday,Yes
2018-08-19 09:00:00,645.0,26.3,50,0.7,1980,15.0,1.28,0.0,0.0,Summer,No Holiday,Yes
2018-08-19 10:00:00,732.0,27.3,49,0.9,1968,15.6,1.17,0.0,0.0,Summer,No Holiday,Yes
2018-08-19 11:00:00,795.0,28.4,43,1.0,1914,14.6,1.52,0.0,0.0,Summer,No Holiday,Yes
2018-08-19 12:00:00,926.0,30.9,37,1.8,1858,14.5,2.98,0.0,0.0,Summer,No Holiday,Yes
2018-08-19 13:00:00,943.0,32.4,33,2.7,1893,14.0,3.1,0.0,0.0,Summer,No Holiday,Yes
2018-08-19 14:00:00,972.0,33.4,31,1.2,1962,13.9,2.73,0.0,0.0,Summer,No Holiday,Yes
2018-08-19 15:00:00,1181.0,33.8,31,1.6,2000,14.3,2.45,0.0,0.0,Summer,No Holiday,Yes
2018-08-19 16:00:00,1395.0,33.3,32,2.4,2000,14.3,1.98,0.0,0.0,Summer,No Holiday,Yes
2018-08-19 17:00:00,1721.0,32.7,33,2.5,1994,14.3,1.18,0.0,0.0,Summer,No Holiday,Yes
2018-08-19 18:00:00,1928.0,32.3,41,1.9,2000,17.3,0.62,0.0,0.0,Summer,No Holiday,Yes
2018-08-19 19:00:00,2186.0,29.7,55,2.5,2000,19.6,0.23,0.0,0.0,Summer,No Holiday,Yes
2018-08-19 20:00:00,2029.0,28.5,58,1.4,2000,19.4,0.0,0.0,0.0,Summer,No Holiday,Yes
2018-08-19 21:00:00,1821.0,27.9,61,0.7,2000,19.6,0.0,0.0,0.0,Summer,No Holiday,Yes
2018-08-19 22:00:00,1546.0,27.7,62,0.6,2000,19.7,0.0,0.0,0.0,Summer,No Holiday,Yes
2018-08-19 23:00:00,1016.0,27.5,60,0.3,2000,19.0,0.0,0.0,0.0,Summer,No Holiday,Yes
2018-08-20 00:00:00,818.0,27.0,62,0.6,2000,19.0,0.0,0.0,0.0,Summer,No Holiday,Yes
2018-08-20 01:00:00,527.0,26.6,64,0.2,2000,19.2,0.0,0.0,0.0,Summer,No Holiday,Yes
2018-08-20 02:00:00,352.0,26.3,65,0.3,2000,19.1,0.0,0.0,0.0,Summer,No Holiday,Yes
2018-08-20 03:00:00,255.0,26.1,65,0.6,2000,18.9,0.0,0.0,0.0,Summer,No Holiday,Yes
2018-08-20 04:00:00,193.0,26.2,65,1.1,1542,19.0,0.0,0.0,0.0,Summer,No Holiday,Yes
2018-08-20 05:00:00,281.0,25.7,68,0.8,1395,19.3,0.0,0.0,0.0,Summer,No Holiday,Yes
2018-08-20 06:00:00,675.0,25.3,67,1.5,1450,18.7,0.0,0.0,0.0,Summer,No Holiday,Yes
2018-08-20 07:00:00,1285.0,25.4,60,1.4,1879,17.0,0.16,0.0,0.0,Summer,No Holiday,Yes
2018-08-20 08:00:00,1912.0,26.6,54,1.1,1739,16.5,0.75,0.0,0.0,Summer,No Holiday,Yes
2018-08-20 09:00:00,993.0,27.5,54,1.0,1993,17.3,0.81,0.0,0.0,Summer,No Holiday,Yes
2018-08-20 10:00:00,719.0,29.3,49,2.0,1875,17.4,1.65,0.0,0.0,Summer,No Holiday,Yes
2018-08-20 11:00:00,766.0,31.2,45,1.9,1810,17.8,2.72,0.0,0.0,Summer,No Holiday,Yes
2018-08-20 12:00:00,808.0,31.7,45,2.5,1814,18.3,1.96,0.0,0.0,Summer,No Holiday,Yes
2018-08-20 13:00:00,847.0,31.6,46,2.7,1864,18.5,1.77,0.0,0.0,Summer,No Holiday,Yes
2018-08-20 14:00:00,816.0,32.1,45,2.8,1966,18.6,1.51,0.0,0.0,Summer,No Holiday,Yes
2018-08-20 15:00:00,992.0,32.9,45,1.9,1877,19.3,1.84,0.0,0.0,Summer,No Holiday,Yes
2018-08-20 16:00:00,1253.0,32.3,45,2.8,1928,18.8,0.98,0.0,0.0,Summer,No Holiday,Yes
2018-08-20 17:00:00,1704.0,32.1,44,2.6,1731,18.3,0.6,0.0,0.0,Summer,No Holiday,Yes
2018-08-20 18:00:00,2628.0,31.6,47,2.1,1867,18.9,0.26,0.0,0.0,Summer,No Holiday,Yes
2018-08-20 19:00:00,2162.0,30.8,55,1.9,1170,20.7,0.06,0.0,0.0,Summer,No Holiday,Yes
2018-08-20 20:00:00,1999.0,29.8,61,3.4,1525,21.4,0.0,0.0,0.0,Summer,No Holiday,Yes
2018-08-20 21:00:00,1971.0,29.3,63,3.1,1677,21.5,0.0,0.0,0.0,Summer,No Holiday,Yes
2018-08-20 22:00:00,1630.0,29.0,63,4.2,1776,21.2,0.0,0.0,0.0,Summer,No Holiday,Yes
2018-08-20 23:00:00,1241.0,28.5,62,4.9,1882,20.5,0.0,0.0,0.0,Summer,No Holiday,Yes
2018-08-21 00:00:00,898.0,28.3,59,3.7,1945,19.5,0.0,0.0,0.0,Summer,No Holiday,Yes
2018-08-21 01:00:00,690.0,28.0,61,3.9,1890,19.7,0.0,0.0,0.0,Summer,No Holiday,Yes
2018-08-21 02:00:00,376.0,27.6,60,4.3,1854,19.1,0.0,0.0,0.0,Summer,No Holiday,Yes
2018-08-21 03:00:00,173.0,26.8,62,4.5,1742,18.9,0.0,0.1,0.0,Summer,No Holiday,Yes
2018-08-21 04:00:00,49.0,25.3,70,6.9,925,19.4,0.0,0.4,0.0,Summer,No Holiday,Yes
2018-08-21 05:00:00,57.0,23.8,86,3.6,420,21.3,0.0,1.0,0.0,Summer,No Holiday,Yes
2018-08-21 06:00:00,73.0,23.8,89,3.3,882,21.8,0.0,1.5,0.0,Summer,No Holiday,Yes
2018-08-21 07:00:00,608.0,23.4,94,2.4,1773,22.3,0.02,2.0,0.0,Summer,No Holiday,Yes
2018-08-21 08:00:00,1530.0,24.0,84,3.5,1975,21.1,0.47,0.0,0.0,Summer,No Holiday,Yes
2018-08-21 09:00:00,876.0,24.4,82,3.0,1847,21.1,0.6,0.0,0.0,Summer,No Holiday,Yes
2018-08-21 10:00:00,402.0,24.8,82,3.2,1732,21.5,0.34,0.0,0.0,Summer,No Holiday,Yes
2018-08-21 11:00:00,681.0,24.7,85,2.3,1438,22.0,0.27,0.0,0.0,Summer,No Holiday,Yes
2018-08-21 12:00:00,848.0,25.7,74,3.4,1951,20.7,1.16,0.0,0.0,Summer,No Holiday,Yes
2018-08-21 13:00:00,827.0,27.1,66,2.6,1895,20.1,1.54,0.0,0.0,Summer,No Holiday,Yes
2018-08-21 14:00:00,788.0,28.5,58,2.6,1965,19.4,1.93,0.0,0.0,Summer,No Holiday,Yes
2018-08-21 15:00:00,957.0,29.5,57,2.0,2000,20.0,2.1,0.0,0.0,Summer,No Holiday,Yes
2018-08-21 16:00:00,1112.0,30.4,53,2.0,1990,19.7,1.82,0.0,0.0,Summer,No Holiday,Yes
2018-08-21 17:00:00,1663.0,30.8,52,2.3,1953,19.8,1.49,0.0,0.0,Summer,No Holiday,Yes
2018-08-21 18:00:00,2830.0,30.3,56,1.7,2000,20.5,0.8,0.0,0.0,Summer,No Holiday,Yes
2018-08-21 19:00:00,2364.0,29.2,62,1.7,2000,21.1,0.31,0.0,0.0,Summer,No Holiday,Yes
2018-08-21 20:00:00,2169.0,27.7,69,1.6,1992,21.4,0.01,0.0,0.0,Summer,No Holiday,Yes
2018-08-21 21:00:00,2057.0,26.8,72,0.4,1985,21.3,0.0,0.0,0.0,Summer,No Holiday,Yes
2018-08-21 22:00:00,1828.0,26.1,76,1.2,1867,21.5,0.0,0.0,0.0,Summer,No Holiday,Yes
2018-08-21 23:00:00,1277.0,25.6,75,0.1,1892,20.8,0.0,0.0,0.0,Summer,No Holiday,Yes
2018-08-22 00:00:00,1025.0,25.1,79,0.5,1891,21.1,0.0,0.0,0.0,Summer,No Holiday,Yes
2018-08-22 01:00:00,782.0,24.6,79,0.6,1884,20.7,0.0,0.0,0.0,Summer,No Holiday,Yes
2018-08-22 02:00:00,512.0,24.2,79,0.6,1882,20.3,0.0,0.0,0.0,Summer,No Holiday,Yes
2018-08-22 03:00:00,346.0,24.1,80,0.8,1920,20.4,0.0,0.0,0.0,Summer,No Holiday,Yes
2018-08-22 04:00:00,214.0,23.6,81,0.8,1943,20.1,0.0,0.0,0.0,Summer,No Holiday,Yes
2018-08-22 05:00:00,289.0,23.4,82,0.4,2000,20.1,0.0,0.0,0.0,Summer,No Holiday,Yes
2018-08-22 06:00:00,655.0,23.7,78,0.3,2000,19.6,0.0,0.0,0.0,Summer,No Holiday,Yes
2018-08-22 07:00:00,1330.0,24.3,74,0.6,1999,19.3,0.1,0.0,0.0,Summer,No Holiday,Yes
2018-08-22 08:00:00,1990.0,25.7,66,0.9,1976,18.8,0.64,0.0,0.0,Summer,No Holiday,Yes
2018-08-22 09:00:00,1015.0,28.0,56,1.5,1982,18.3,1.57,0.0,0.0,Summer,No Holiday,Yes
2018-08-22 10:00:00,700.0,30.2,52,1.4,1923,19.2,2.13,0.0,0.0,Summer,No Holiday,Yes
2018-08-22 11:00:00,710.0,32.1,49,1.6,1874,20.0,2.63,0.0,0.0,Summer,No Holiday,Yes
2018-08-22 12:00:00,784.0,33.9,45,1.4,1923,20.2,2.95,0.0,0.0,Summer,No Holiday,Yes
2018-08-22 13:00:00,727.0,35.3,41,2.1,1925,20.0,3.1,0.0,0.0,Summer,No Holiday,Yes
2018-08-22 14:00:00,760.0,36.2,36,1.5,1985,18.7,2.87,0.0,0.0,Summer,No Holiday,Yes
2018-08-22 15:00:00,842.0,36.8,36,1.0,2000,19.2,2.46,0.0,0.0,Summer,No Holiday,Yes
2018-08-22 16:00:00,993.0,37.4,35,1.3,2000,19.3,2.0,0.0,0.0,Summer,No Holiday,Yes
2018-08-22 17:00:00,1495.0,36.4,39,1.2,2000,20.2,1.15,0.0,0.0,Summer,No Holiday,Yes
2018-08-22 18:00:00,2528.0,35.4,40,1.0,2000,19.7,0.34,0.0,0.0,Summer,No Holiday,Yes
2018-08-22 19:00:00,2087.0,35.2,41,0.5,2000,19.9,0.31,0.0,0.0,Summer,No Holiday,Yes
2018-08-22 20:00:00,1808.0,33.2,51,1.0,2000,21.6,0.02,0.0,0.0,Summer,No Holiday,Yes
2018-08-22 21:00:00,1807.0,33.1,46,2.7,2000,19.9,0.0,0.0,0.0,Summer,No Holiday,Yes
2018-08-22 22:00:00,1556.0,32.1,47,2.0,2000,19.3,0.0,0.0,0.0,Summer,No Holiday,Yes
2018-08-22 23:00:00,1117.0,31.2,50,1.8,2000,19.5,0.0,0.0,0.0,Summer,No Holiday,Yes
2018-08-23 00:00:00,908.0,30.7,52,1.3,2000,19.7,0.0,0.0,0.0,Summer,No Holiday,Yes
2018-08-23 01:00:00,745.0,30.1,54,0.8,2000,19.7,0.0,0.0,0.0,Summer,No Holiday,Yes
2018-08-23 02:00:00,492.0,29.8,53,1.4,2000,19.1,0.0,0.0,0.0,Summer,No Holiday,Yes
2018-08-23 03:00:00,304.0,29.7,52,1.4,2000,18.7,0.0,0.0,0.0,Summer,No Holiday,Yes
2018-08-23 04:00:00,168.0,29.3,54,1.0,2000,19.0,0.0,0.0,0.0,Summer,No Holiday,Yes
2018-08-23 05:00:00,185.0,28.5,57,0.9,2000,19.1,0.0,0.1,0.0,Summer,No Holiday,Yes
2018-08-23 06:00:00,492.0,28.3,55,1.5,2000,18.3,0.0,0.0,0.0,Summer,No Holiday,Yes
2018-08-23 07:00:00,720.0,28.3,55,1.1,2000,18.3,0.03,0.0,0.0,Summer,No Holiday,Yes
2018-08-23 08:00:00,1678.0,28.1,58,1.3,2000,19.0,0.14,0.0,0.0,Summer,No Holiday,Yes
2018-08-23 09:00:00,924.0,29.3,54,1.5,2000,19.0,0.82,0.0,0.0,Summer,No Holiday,Yes
2018-08-23 10:00:00,551.0,30.2,52,1.8,2000,19.2,0.93,0.0,0.0,Summer,No Holiday,Yes
2018-08-23 11:00:00,711.0,29.9,57,1.7,1992,20.4,0.88,0.1,0.0,Summer,No Holiday,Yes
2018-08-23 12:00:00,769.0,31.9,49,1.9,2000,19.8,1.85,0.0,0.0,Summer,No Holiday,Yes
2018-08-23 13:00:00,584.0,31.0,53,1.9,2000,20.2,0.79,0.0,0.0,Summer,No Holiday,Yes
2018-08-23 14:00:00,740.0,30.5,59,2.0,2000,21.5,0.84,0.1,0.0,Summer,No Holiday,Yes
2018-08-23 15:00:00,837.0,32.0,53,2.1,1992,21.2,1.57,0.0,0.0,Summer,No Holiday,Yes
2018-08-23 16:00:00,944.0,31.7,56,1.9,2000,21.8,0.92,0.0,0.0,Summer,No Holiday,Yes
2018-08-23 17:00:00,1249.0,30.8,59,2.2,2000,21.8,0.41,0.0,0.0,Summer,No Holiday,Yes
2018-08-23 18:00:00,1447.0,30.6,55,2.3,2000,20.5,0.11,0.0,0.0,Summer,No Holiday,Yes
2018-08-23 19:00:00,582.0,30.0,59,2.2,1970,21.1,0.01,0.0,0.0,Summer,No Holiday,Yes
2018-08-23 20:00:00,257.0,29.2,62,2.1,1952,21.1,0.0,0.1,0.0,Summer,No Holiday,Yes
2018-08-23 21:00:00,189.0,27.8,72,2.0,2000,22.2,0.0,0.1,0.0,Summer,No Holiday,Yes
2018-08-23 22:00:00,215.0,26.6,84,1.7,1815,23.6,0.0,1.5,0.0,Summer,No Holiday,Yes
2018-08-23 23:00:00,267.0,26.1,84,1.9,1801,23.1,0.0,0.5,0.0,Summer,No Holiday,Yes
2018-08-24 00:00:00,238.0,25.7,83,2.0,2000,22.5,0.0,0.5,0.0,Summer,No Holiday,Yes
2018-08-24 01:00:00,208.0,25.7,80,2.0,2000,21.9,0.0,0.2,0.0,Summer,No Holiday,Yes
2018-08-24 02:00:00,83.0,25.4,85,2.0,1453,22.6,0.0,0.8,0.0,Summer,No Holiday,Yes
2018-08-24 03:00:00,62.0,24.8,87,2.2,1286,22.4,0.0,1.0,0.0,Summer,No Holiday,Yes
2018-08-24 04:00:00,30.0,24.5,88,2.0,1433,22.3,0.0,1.0,0.0,Summer,No Holiday,Yes
2018-08-24 05:00:00,45.0,24.6,88,1.5,1967,22.4,0.0,0.5,0.0,Summer,No Holiday,Yes
2018-08-24 06:00:00,173.0,24.9,88,1.1,2000,22.7,0.0,0.5,0.0,Summer,No Holiday,Yes
2018-08-24 07:00:00,400.0,24.2,88,2.3,2000,22.0,0.05,0.0,0.0,Summer,No Holiday,Yes
2018-08-24 08:00:00,578.0,24.4,86,1.7,2000,21.8,0.13,0.0,0.0,Summer,No Holiday,Yes
2018-08-24 09:00:00,484.0,24.8,85,1.7,2000,22.0,0.32,0.0,0.0,Summer,No Holiday,Yes
2018-08-24 10:00:00,286.0,26.0,77,2.2,2000,21.6,0.61,0.0,0.0,Summer,No Holiday,Yes
2018-08-24 11:00:00,415.0,26.2,76,2.6,1995,21.6,0.88,0.0,0.0,Summer,No Holiday,Yes
2018-08-24 12:00:00,355.0,25.8,81,3.2,1828,22.2,0.8,0.0,0.0,Summer,No Holiday,Yes
2018-08-24 13:00:00,274.0,25.8,78,2.8,2000,21.6,0.95,0.0,0.0,Summer,No Holiday,Yes
2018-08-24 14:00:00,152.0,24.4,93,2.9,250,23.1,0.26,1.5,0.0,Summer,No Holiday,Yes
2018-08-24 15:00:00,405.0,24.0,94,3.1,1188,22.9,0.41,0.5,0.0,Summer,No Holiday,Yes
2018-08-24 16:00:00,455.0,24.6,85,2.7,1973,21.9,0.55,0.0,0.0,Summer,No Holiday,Yes
2018-08-24 17:00:00,403.0,24.1,89,1.9,2000,22.1,0.58,0.0,0.0,Summer,No Holiday,Yes
2018-08-24 18:00:00,916.0,23.8,95,2.7,1938,22.9,0.11,1.5,0.0,Summer,No Holiday,Yes
2018-08-24 19:00:00,948.0,23.6,86,3.0,1275,21.1,0.04,0.0,0.0,Summer,No Holiday,Yes
2018-08-24 20:00:00,1162.0,23.5,81,3.5,2000,20.0,0.0,0.0,0.0,Summer,No Holiday,Yes
2018-08-24 21:00:00,1300.0,23.5,79,3.6,2000,19.6,0.0,0.0,0.0,Summer,No Holiday,Yes
2018-08-24 22:00:00,1202.0,23.5,79,2.9,1860,19.6,0.0,0.0,0.0,Summer,No Holiday,Yes
2018-08-24 23:00:00,1084.0,23.4,79,2.7,1990,19.5,0.0,0.0,0.0,Summer,No Holiday,Yes
2018-08-25 00:00:00,980.0,23.2,81,2.4,1976,19.7,0.0,0.0,0.0,Summer,No Holiday,Yes
2018-08-25 01:00:00,886.0,23.0,82,2.1,1922,19.7,0.0,0.0,0.0,Summer,No Holiday,Yes
2018-08-25 02:00:00,708.0,22.9,82,2.1,1829,19.6,0.0,0.0,0.0,Summer,No Holiday,Yes
2018-08-25 03:00:00,456.0,23.1,80,2.0,1849,19.4,0.0,0.0,0.0,Summer,No Holiday,Yes
2018-08-25 04:00:00,306.0,23.2,79,1.8,1941,19.3,0.0,0.0,0.0,Summer,No Holiday,Yes
2018-08-25 05:00:00,232.0,23.3,79,1.7,1592,19.4,0.0,0.0,0.0,Summer,No Holiday,Yes
2018-08-25 06:00:00,318.0,23.5,79,2.0,1439,19.6,0.0,0.0,0.0,Summer,No Holiday,Yes
2018-08-25 07:00:00,490.0,23.7,76,1.9,1281,19.2,0.08,0.0,0.0,Summer,No Holiday,Yes
2018-08-25 08:00:00,721.0,24.1,78,2.0,1133,20.0,0.34,0.0,0.0,Summer,No Holiday,Yes
2018-08-25 09:00:00,808.0,25.3,72,2.4,1220,19.8,1.08,0.0,0.0,Summer,No Holiday,Yes
2018-08-25 10:00:00,858.0,26.3,67,3.2,1673,19.6,1.48,0.0,0.0,Summer,No Holiday,Yes
2018-08-25 11:00:00,916.0,28.0,57,3.3,1827,18.6,2.71,0.0,0.0,Summer,No Holiday,Yes
2018-08-25 12:00:00,1070.0,27.9,55,2.9,1922,18.0,1.49,0.0,0.0,Summer,No Holiday,Yes
2018-08-25 13:00:00,1231.0,28.6,54,2.9,1925,18.3,1.85,0.0,0.0,Summer,No Holiday,Yes
2018-08-25 14:00:00,1261.0,29.2,52,3.1,1735,18.3,2.68,0.0,0.0,Summer,No Holiday,Yes
2018-08-25 15:00:00,1516.0,28.1,53,4.5,1953,17.6,1.6,0.0,0.0,Summer,No Holiday,Yes
2018-08-25 16:00:00,1592.0,27.2,58,3.7,1987,18.2,0.99,0.0,0.0,Summer,No Holiday,Yes
2018-08-25 17:00:00,1797.0,26.9,60,2.8,2000,18.4,0.77,0.0,0.0,Summer,No Holiday,Yes
2018-08-25 18:00:00,2080.0,27.1,56,3.0,1987,17.5,0.87,0.0,0.0,Summer,No Holiday,Yes
2018-08-25 19:00:00,2043.0,25.8,62,3.3,2000,17.9,0.27,0.0,0.0,Summer,No Holiday,Yes
2018-08-25 20:00:00,2022.0,24.6,65,2.9,2000,17.5,0.0,0.0,0.0,Summer,No Holiday,Yes
2018-08-25 21:00:00,1937.0,23.9,71,2.3,2000,18.3,0.0,0.0,0.0,Summer,No Holiday,Yes
2018-08-25 22:00:00,1717.0,23.4,75,1.6,2000,18.7,0.0,0.0,0.0,Summer,No Holiday,Yes
2018-08-25 23:00:00,1357.0,22.9,78,1.4,2000,18.8,0.0,0.0,0.0,Summer,No Holiday,Yes
2018-08-26 00:00:00,1163.0,22.8,78,1.5,2000,18.7,0.0,0.0,0.0,Summer,No Holiday,Yes
2018-08-26 01:00:00,769.0,22.5,80,0.6,2000,18.8,0.0,0.0,0.0,Summer,No Holiday,Yes
2018-08-26 02:00:00,600.0,22.1,84,0.6,2000,19.2,0.0,0.0,0.0,Summer,No Holiday,Yes
2018-08-26 03:00:00,426.0,21.6,85,0.1,1982,18.9,0.0,0.0,0.0,Summer,No Holiday,Yes
2018-08-26 04:00:00,290.0,21.2,86,0.5,1724,18.7,0.0,0.0,0.0,Summer,No Holiday,Yes
2018-08-26 05:00:00,188.0,20.7,88,0.6,1100,18.6,0.0,0.0,0.0,Summer,No Holiday,Yes
2018-08-26 06:00:00,243.0,20.4,88,0.6,1064,18.3,0.0,0.0,0.0,Summer,No Holiday,Yes
2018-08-26 07:00:00,381.0,20.7,85,0.5,1052,18.0,0.11,0.0,0.0,Summer,No Holiday,Yes
2018-08-26 08:00:00,566.0,22.1,74,1.0,1479,17.2,0.77,0.0,0.0,Summer,No Holiday,Yes
2018-08-26 09:00:00,725.0,24.2,64,1.2,1985,16.9,1.48,0.0,0.0,Summer,No Holiday,Yes
2018-08-26 10:00:00,681.0,26.3,53,1.6,2000,15.9,2.19,0.0,0.0,Summer,No Holiday,Yes
2018-08-26 11:00:00,791.0,28.0,46,1.7,1990,15.2,2.73,0.0,0.0,Summer,No Holiday,Yes
2018-08-26 12:00:00,1070.0,28.9,42,2.0,1975,14.6,2.5,0.0,0.0,Summer,No Holiday,Yes
2018-08-26 13:00:00,657.0,27.8,54,3.5,2000,17.6,1.15,0.0,0.0,Summer,No Holiday,Yes
2018-08-26 14:00:00,417.0,25.8,69,3.6,1309,19.6,0.56,0.1,0.0,Summer,No Holiday,Yes
2018-08-26 15:00:00,782.0,24.3,64,1.8,1931,17.0,0.59,0.0,0.0,Summer,No Holiday,Yes
2018-08-26 16:00:00,1025.0,23.5,56,2.3,2000,14.2,0.5,0.1,0.0,Summer,No Holiday,Yes
2018-08-26 17:00:00,1399.0,23.5,58,1.2,2000,14.7,0.52,0.0,0.0,Summer,No Holiday,Yes
2018-08-26 18:00:00,1479.0,23.4,67,0.6,2000,16.9,0.36,0.0,0.0,Summer,No Holiday,Yes
2018-08-26 19:00:00,1596.0,22.7,69,1.9,2000,16.7,0.08,0.0,0.0,Summer,No Holiday,Yes
2018-08-26 20:00:00,1674.0,22.4,64,0.8,2000,15.2,0.0,0.0,0.0,Summer,No Holiday,Yes
2018-08-26 21:00:00,1276.0,22.5,65,1.1,2000,15.5,0.0,0.0,0.0,Summer,No Holiday,Yes
2018-08-26 22:00:00,764.0,21.2,81,1.0,1808,17.8,0.0,1.3,0.0,Summer,No Holiday,Yes
2018-08-26 23:00:00,348.0,20.8,84,0.9,1078,17.9,0.0,0.5,0.0,Summer,No Holiday,Yes
2018-08-27 00:00:00,325.0,20.5,85,1.0,2000,17.8,0.0,0.0,0.0,Summer,No Holiday,Yes
2018-08-27 01:00:00,61.0,20.5,89,0.5,235,18.6,0.0,1.5,0.0,Summer,No Holiday,Yes
2018-08-27 02:00:00,44.0,20.3,97,0.7,315,19.8,0.0,1.0,0.0,Summer,No Holiday,Yes
2018-08-27 03:00:00,22.0,20.3,97,0.4,200,19.8,0.0,1.5,0.0,Summer,No Holiday,Yes
2018-08-27 04:00:00,27.0,20.5,97,0.1,257,20.0,0.0,3.5,0.0,Summer,No Holiday,Yes
2018-08-27 05:00:00,38.0,20.5,97,0.4,384,20.0,0.0,3.0,0.0,Summer,No Holiday,Yes
2018-08-27 06:00:00,47.0,20.6,98,0.7,626,20.2,0.0,1.0,0.0,Summer,No Holiday,Yes
2018-08-27 07:00:00,103.0,20.8,98,0.5,299,20.4,0.02,2.0,0.0,Summer,No Holiday,Yes
2018-08-27 08:00:00,328.0,21.3,97,1.3,1029,20.7,0.17,0.5,0.0,Summer,No Holiday,Yes
2018-08-27 09:00:00,75.0,21.5,97,0.9,1543,20.9,0.19,0.5,0.0,Summer,No Holiday,Yes
2018-08-27 10:00:00,104.0,21.7,97,1.0,1249,21.1,0.29,2.5,0.0,Summer,No Holiday,Yes
2018-08-27 11:00:00,148.0,22.0,96,1.6,602,21.3,0.36,0.5,0.0,Summer,No Holiday,Yes
2018-08-27 12:00:00,137.0,22.6,90,1.4,1963,20.8,1.02,1.0,0.0,Summer,No Holiday,Yes
2018-08-27 13:00:00,149.0,22.9,92,1.2,459,21.5,1.09,0.5,0.0,Summer,No Holiday,Yes
2018-08-27 14:00:00,231.0,23.3,89,1.5,1435,21.3,1.23,0.5,0.0,Summer,No Holiday,Yes
2018-08-27 15:00:00,580.0,24.4,87,1.5,1153,22.0,1.44,0.0,0.0,Summer,No Holiday,Yes
2018-08-27 16:00:00,886.0,24.7,85,1.2,1143,22.0,0.99,0.0,0.0,Summer,No Holiday,Yes
2018-08-27 17:00:00,1356.0,24.9,82,0.9,2000,21.6,0.67,0.0,0.0,Summer,No Holiday,Yes
2018-08-27 18:00:00,2153.0,24.8,83,0.8,1947,21.7,0.26,0.0,0.0,Summer,No Holiday,Yes
2018-08-27 19:00:00,1615.0,24.7,83,0.4,2000,21.6,0.1,0.0,0.0,Summer,No Holiday,Yes
2018-08-27 20:00:00,1560.0,24.4,85,0.7,2000,21.7,0.01,0.0,0.0,Summer,No Holiday,Yes
2018-08-27 21:00:00,1762.0,23.9,88,0.8,2000,21.7,0.0,0.0,0.0,Summer,No Holiday,Yes
2018-08-27 22:00:00,1571.0,23.5,88,0.6,2000,21.3,0.0,0.0,0.0,Summer,No Holiday,Yes
2018-08-27 23:00:00,1113.0,23.6,87,0.6,2000,21.3,0.0,0.0,0.0,Summer,No Holiday,Yes
2018-08-28 00:00:00,870.0,23.5,88,0.6,2000,21.3,0.0,0.0,0.0,Summer,No Holiday,Yes
2018-08-28 01:00:00,653.0,23.1,94,0.6,2000,22.0,0.0,0.0,0.0,Summer,No Holiday,Yes
2018-08-28 02:00:00,482.0,23.2,88,0.6,2000,21.0,0.0,0.0,0.0,Summer,No Holiday,Yes
2018-08-28 03:00:00,281.0,22.9,93,0.6,2000,21.7,0.0,0.0,0.0,Summer,No Holiday,Yes
2018-08-28 04:00:00,200.0,22.6,95,0.4,1919,21.7,0.0,0.0,0.0,Summer,No Holiday,Yes
2018-08-28 05:00:00,218.0,22.5,96,0.3,1605,21.8,0.0,0.0,0.0,Summer,No Holiday,Yes
2018-08-28 06:00:00,581.0,22.5,90,0.6,1149,20.7,0.0,0.0,0.0,Summer,No Holiday,Yes
2018-08-28 07:00:00,1182.0,22.6,88,0.8,2000,20.5,0.06,0.0,0.0,Summer,No Holiday,Yes
2018-08-28 08:00:00,1841.0,23.4,83,0.8,1998,20.3,0.32,0.0,0.0,Summer,No Holiday,Yes
2018-08-28 09:00:00,865.0,24.2,80,1.2,1708,20.5,0.57,0.0,0.0,Summer,No Holiday,Yes
2018-08-28 10:00:00,670.0,25.4,75,0.7,1995,20.6,0.96,0.0,0.0,Summer,No Holiday,Yes
2018-08-28 11:00:00,411.0,25.9,79,1.7,1900,21.9,0.9,0.0,0.0,Summer,No Holiday,Yes
2018-08-28 12:00:00,25.0,25.2,89,1.4,340,23.2,0.32,2.0,0.0,Summer,No Holiday,Yes
2018-08-28 13:00:00,31.0,24.6,97,0.5,765,24.0,0.1,9.5,0.0,Summer,No Holiday,Yes
2018-08-28 14:00:00,126.0,24.9,97,0.5,766,24.3,0.36,4.0,0.0,Summer,No Holiday,Yes
2018-08-28 15:00:00,122.0,25.2,96,0.6,1754,24.5,0.51,0.5,0.0,Summer,No Holiday,Yes
2018-08-28 16:00:00,60.0,25.0,97,0.7,1181,24.4,0.17,2.5,0.0,Summer,No Holiday,Yes
2018-08-28 17:00:00,39.0,24.8,96,1.8,564,24.1,0.14,2.5,0.0,Summer,No Holiday,Yes
2018-08-28 18:00:00,96.0,24.3,97,0.8,105,23.7,0.01,18.5,0.0,Summer,No Holiday,Yes
2018-08-28 19:00:00,84.0,23.9,98,0.8,1792,23.5,0.0,7.0,0.0,Summer,No Holiday,Yes
2018-08-28 20:00:00,10.0,23.3,97,3.3,183,22.7,0.0,15.5,0.0,Summer,No Holiday,Yes
2018-08-28 21:00:00,122.0,22.9,98,2.1,1146,22.5,0.0,29.5,0.0,Summer,No Holiday,Yes
2018-08-28 22:00:00,64.0,22.9,97,1.3,2000,22.3,0.0,0.5,0.0,Summer,No Holiday,Yes
2018-08-28 23:00:00,59.0,22.8,97,1.0,600,22.2,0.0,3.5,0.0,Summer,No Holiday,Yes
2018-08-29 00:00:00,208.0,22.7,96,0.3,2000,22.0,0.0,1.0,0.0,Summer,No Holiday,Yes
2018-08-29 01:00:00,334.0,22.8,97,0.5,2000,22.2,0.0,0.5,0.0,Summer,No Holiday,Yes
2018-08-29 02:00:00,243.0,24.2,91,3.6,1735,22.6,0.0,0.0,0.0,Summer,No Holiday,Yes
2018-08-29 03:00:00,171.0,24.5,87,4.3,1985,22.1,0.0,0.0,0.0,Summer,No Holiday,Yes
2018-08-29 04:00:00,128.0,24.6,86,4.0,1968,22.0,0.0,0.0,0.0,Summer,No Holiday,Yes
2018-08-29 05:00:00,109.0,24.6,87,3.6,1966,22.2,0.0,0.0,0.0,Summer,No Holiday,Yes
2018-08-29 06:00:00,346.0,24.7,85,3.8,2000,22.0,0.0,0.0,0.0,Summer,No Holiday,Yes
2018-08-29 07:00:00,862.0,25.0,85,3.0,2000,22.2,0.02,0.0,0.0,Summer,No Holiday,Yes
2018-08-29 08:00:00,1595.0,25.3,83,3.4,1982,22.1,0.14,0.0,0.0,Summer,No Holiday,Yes
2018-08-29 09:00:00,867.0,25.8,79,2.7,1963,21.8,0.3,0.0,0.0,Summer,No Holiday,Yes
2018-08-29 10:00:00,642.0,26.4,78,2.7,2000,22.2,0.44,0.0,0.0,Summer,No Holiday,Yes
2018-08-29 11:00:00,671.0,26.9,74,3.2,2000,21.8,0.45,0.0,0.0,Summer,No Holiday,Yes
2018-08-29 12:00:00,648.0,27.4,72,4.2,1989,21.8,0.54,0.0,0.0,Summer,No Holiday,Yes
2018-08-29 13:00:00,540.0,27.1,75,3.7,1972,22.2,0.28,0.0,0.0,Summer,No Holiday,Yes
2018-08-29 14:00:00,490.0,26.8,77,3.5,1965,22.4,0.11,0.0,0.0,Summer,No Holiday,Yes
2018-08-29 15:00:00,583.0,26.9,77,2.5,1937,22.5,0.26,0.0,0.0,Summer,No Holiday,Yes
2018-08-29 16:00:00,193.0,27.0,76,3.8,1875,22.3,0.21,0.0,0.0,Summer,No Holiday,Yes
2018-08-29 17:00:00,160.0,24.6,93,0.9,1451,23.3,0.0,1.5,0.0,Summer,No Holiday,Yes
2018-08-29 18:00:00,57.0,23.9,96,0.2,991,23.2,0.0,1.5,0.0,Summer,No Holiday,Yes
2018-08-29 19:00:00,24.0,23.5,97,0.3,323,22.9,0.0,6.5,0.0,Summer,No Holiday,Yes
2018-08-29 20:00:00,19.0,23.4,98,0.6,70,23.0,0.0,21.0,0.0,Summer,No Holiday,Yes
2018-08-29 21:00:00,22.0,23.7,98,0.6,410,23.3,0.0,5.5,0.0,Summer,No Holiday,Yes
2018-08-29 22:00:00,74.0,24.3,97,2.1,1028,23.7,0.0,4.5,0.0,Summer,No Holiday,Yes
2018-08-29 23:00:00,198.0,24.2,94,0.9,1808,23.1,0.0,1.0,0.0,Summer,No Holiday,Yes
2018-08-30 00:00:00,214.0,24.7,94,2.8,1270,23.6,0.0,0.0,0.0,Summer,No Holiday,Yes
2018-08-30 01:00:00,99.0,24.9,92,2.2,1125,23.5,0.0,0.5,0.0,Summer,No Holiday,Yes
2018-08-30 02:00:00,80.0,24.7,96,1.0,337,24.0,0.0,6.5,0.0,Summer,No Holiday,Yes
2018-08-30 03:00:00,81.0,24.1,97,2.5,1989,23.5,0.0,1.5,0.0,Summer,No Holiday,Yes
2018-08-30 04:00:00,42.0,23.9,96,0.4,1797,23.2,0.0,0.0,0.0,Summer,No Holiday,Yes
2018-08-30 05:00:00,73.0,24.0,97,0.9,1347,23.4,0.0,0.5,0.0,Summer,No Holiday,Yes
2018-08-30 06:00:00,285.0,24.2,96,1.6,1206,23.5,0.0,0.0,0.0,Summer,No Holiday,Yes
2018-08-30 07:00:00,771.0,24.3,96,1.4,1025,23.6,0.04,0.0,0.0,Summer,No Holiday,Yes
2018-08-30 08:00:00,1330.0,24.6,96,1.0,883,23.9,0.19,0.0,0.0,Summer,No Holiday,Yes
2018-08-30 09:00:00,846.0,25.0,92,1.1,782,23.6,0.39,0.0,0.0,Summer,No Holiday,Yes
2018-08-30 10:00:00,589.0,26.1,81,1.5,860,22.5,1.05,0.0,0.0,Summer,No Holiday,Yes
2018-08-30 11:00:00,716.0,26.2,82,2.6,834,22.8,0.59,0.0,0.0,Summer,No Holiday,Yes
2018-08-30 12:00:00,768.0,27.0,74,2.5,915,21.9,0.94,0.0,0.0,Summer,No Holiday,Yes
2018-08-30 13:00:00,865.0,28.2,66,2.2,1006,21.2,1.81,0.0,0.0,Summer,No Holiday,Yes
2018-08-30 14:00:00,837.0,27.5,66,2.8,989,20.5,0.76,0.0,0.0,Summer,No Holiday,Yes
2018-08-30 15:00:00,982.0,27.2,69,3.5,963,21.0,0.95,0.0,0.0,Summer,No Holiday,Yes
2018-08-30 16:00:00,1142.0,27.6,68,2.1,1038,21.1,1.46,0.0,0.0,Summer,No Holiday,Yes
2018-08-30 17:00:00,1473.0,26.8,73,2.6,916,21.5,0.37,0.0,0.0,Summer,No Holiday,Yes
2018-08-30 18:00:00,1887.0,26.1,72,2.4,1066,20.6,0.19,0.0,0.0,Summer,No Holiday,Yes
2018-08-30 19:00:00,1707.0,25.1,74,2.1,1105,20.1,0.0,0.5,0.0,Summer,No Holiday,Yes
2018-08-30 20:00:00,1685.0,24.9,70,1.2,1377,19.0,0.0,0.0,0.0,Summer,No Holiday,Yes
2018-08-30 21:00:00,1732.0,24.8,72,1.4,1298,19.4,0.0,0.0,0.0,Summer,No Holiday,Yes
2018-08-30 22:00:00,1582.0,24.6,71,1.5,1319,18.9,0.0,0.0,0.0,Summer,No Holiday,Yes
2018-08-30 23:00:00,1173.0,24.3,71,0.8,1549,18.6,0.0,0.0,0.0,Summer,No Holiday,Yes
2018-08-31 00:00:00,861.0,23.9,75,1.7,1192,19.1,0.0,0.0,0.0,Summer,No Holiday,Yes
2018-08-31 01:00:00,652.0,23.7,77,1.1,1099,19.4,0.0,0.0,0.0,Summer,No Holiday,Yes
2018-08-31 02:00:00,381.0,23.4,79,0.4,1045,19.5,0.0,0.0,0.0,Summer,No Holiday,Yes
2018-08-31 03:00:00,297.0,23.3,81,1.7,1068,19.8,0.0,0.0,0.0,Summer,No Holiday,Yes
2018-08-31 04:00:00,170.0,23.2,83,1.6,1102,20.1,0.0,0.0,0.0,Summer,No Holiday,Yes
2018-08-31 05:00:00,217.0,23.1,84,0.5,1022,20.2,0.0,0.0,0.0,Summer,No Holiday,Yes
2018-08-31 06:00:00,436.0,22.9,83,0.0,1239,19.8,0.0,0.0,0.0,Summer,No Holiday,Yes
2018-08-31 07:00:00,828.0,22.9,83,0.6,1127,19.8,0.01,0.0,0.0,Summer,No Holiday,Yes
2018-08-31 08:00:00,1686.0,23.1,80,0.2,1066,19.4,0.27,0.1,0.0,Summer,No Holiday,Yes
2018-08-31 09:00:00,1049.0,24.1,69,0.9,1662,18.0,0.76,0.0,0.0,Summer,No Holiday,Yes
2018-08-31 10:00:00,794.0,25.5,53,2.3,1843,15.2,1.81,0.0,0.0,Summer,No Holiday,Yes
2018-08-31 11:00:00,868.0,26.7,51,2.7,1925,15.7,2.65,0.0,0.0,Summer,No Holiday,Yes
2018-08-31 12:00:00,982.0,27.8,47,2.9,1905,15.4,2.99,0.0,0.0,Summer,No Holiday,Yes
2018-08-31 13:00:00,965.0,28.7,46,2.6,1815,15.9,3.1,0.0,0.0,Summer,No Holiday,Yes
2018-08-31 14:00:00,987.0,29.3,41,1.9,1928,14.6,3.0,0.0,0.0,Summer,No Holiday,Yes
2018-08-31 15:00:00,1119.0,30.3,41,2.5,1864,15.5,2.72,0.0,0.0,Summer,No Holiday,Yes
2018-08-31 16:00:00,1404.0,29.7,51,3.0,2000,18.4,2.27,0.0,0.0,Summer,No Holiday,Yes
2018-08-31 17:00:00,1869.0,29.1,49,2.8,1969,17.2,1.57,0.0,0.0,Summer,No Holiday,Yes
2018-08-31 18:00:00,2836.0,28.4,57,2.4,2000,19.0,0.84,0.0,0.0,Summer,No Holiday,Yes
2018-08-31 19:00:00,2372.0,26.5,69,2.3,2000,20.3,0.18,0.0,0.0,Summer,No Holiday,Yes
2018-08-31 20:00:00,1995.0,25.4,74,1.6,2000,20.4,0.0,0.0,0.0,Summer,No Holiday,Yes
2018-08-31 21:00:00,1931.0,24.5,78,1.2,2000,20.4,0.0,0.0,0.0,Summer,No Holiday,Yes
2018-08-31 22:00:00,1789.0,24.1,80,0.9,1852,20.4,0.0,0.0,0.0,Summer,No Holiday,Yes
2018-08-31 23:00:00,1329.0,23.8,81,0.6,1893,20.3,0.0,0.0,0.0,Summer,No Holiday,Yes
2018-09-01 00:00:00,1075.0,23.2,83,0.5,1887,20.1,0.0,0.0,0.0,Autumn,No Holiday,Yes
2018-09-01 01:00:00,975.0,22.7,83,0.1,1940,19.6,0.0,0.0,0.0,Autumn,No Holiday,Yes
2018-09-01 02:00:00,785.0,22.0,86,0.4,1703,19.5,0.0,0.0,0.0,Autumn,No Holiday,Yes
2018-09-01 03:00:00,514.0,21.6,87,0.3,1579,19.3,0.0,0.0,0.0,Autumn,No Holiday,Yes
2018-09-01 04:00:00,338.0,21.2,88,0.9,1183,19.1,0.0,0.0,0.0,Autumn,No Holiday,Yes
2018-09-01 05:00:00,260.0,21.1,87,0.6,1116,18.8,0.0,0.0,0.0,Autumn,No Holiday,Yes
2018-09-01 06:00:00,362.0,20.9,87,0.7,1198,18.6,0.0,0.0,0.0,Autumn,No Holiday,Yes
2018-09-01 07:00:00,511.0,21.1,81,1.0,1738,17.7,0.14,0.0,0.0,Autumn,No Holiday,Yes
2018-09-01 08:00:00,812.0,22.3,64,1.7,2000,15.1,0.75,0.0,0.0,Autumn,No Holiday,Yes
2018-09-01 09:00:00,925.0,24.1,56,2.1,1956,14.7,1.46,0.0,0.0,Autumn,No Holiday,Yes
2018-09-01 10:00:00,861.0,26.0,54,1.5,2000,15.9,2.13,0.0,0.0,Autumn,No Holiday,Yes
2018-09-01 11:00:00,981.0,27.6,47,1.2,2000,15.2,2.63,0.0,0.0,Autumn,No Holiday,Yes
2018-09-01 12:00:00,1086.0,28.9,46,1.6,1966,16.1,2.96,0.0,0.0,Autumn,No Holiday,Yes
2018-09-01 13:00:00,1303.0,29.4,48,1.9,1942,17.2,2.88,0.0,0.0,Autumn,No Holiday,Yes
2018-09-01 14:00:00,1371.0,29.7,42,1.4,2000,15.4,2.37,0.0,0.0,Autumn,No Holiday,Yes
2018-09-01 15:00:00,1480.0,30.0,45,0.9,2000,16.7,2.1,0.0,0.0,Autumn,No Holiday,Yes
2018-09-01 16:00:00,1678.0,30.5,41,1.4,1930,15.7,1.95,0.0,0.0,Autumn,No Holiday,Yes
2018-09-01 17:00:00,1845.0,29.6,42,1.3,2000,15.3,0.98,0.0,0.0,Autumn,No Holiday,Yes
2018-09-01 18:00:00,1892.0,28.8,46,1.3,2000,16.0,0.58,0.0,0.0,Autumn,No Holiday,Yes
2018-09-01 19:00:00,1891.0,27.8,48,1.1,2000,15.7,0.08,0.0,0.0,Autumn,No Holiday,Yes
2018-09-01 20:00:00,1440.0,26.9,49,2.1,2000,15.2,0.0,0.0,0.0,Autumn,No Holiday,Yes
2018-09-01 21:00:00,1110.0,26.0,52,1.4,2000,15.3,0.0,0.0,0.0,Autumn,No Holiday,Yes
2018-09-01 22:00:00,992.0,25.1,53,2.0,2000,14.8,0.0,0.0,0.0,Autumn,No Holiday,Yes
2018-09-01 23:00:00,1523.0,24.4,54,1.6,2000,14.4,0.0,0.0,0.0,Autumn,No Holiday,Yes
2018-09-02 00:00:00,1336.0,23.5,56,1.5,2000,14.2,0.0,0.0,0.0,Autumn,No Holiday,Yes
2018-09-02 01:00:00,930.0,22.8,59,1.5,2000,14.3,0.0,0.0,0.0,Autumn,No Holiday,Yes
2018-09-02 02:00:00,610.0,22.0,60,1.2,2000,13.8,0.0,0.0,0.0,Autumn,No Holiday,Yes
2018-09-02 03:00:00,440.0,21.5,61,1.3,2000,13.6,0.0,0.0,0.0,Autumn,No Holiday,Yes
2018-09-02 04:00:00,255.0,21.1,62,1.8,2000,13.5,0.0,0.0,0.0,Autumn,No Holiday,Yes
2018-09-02 05:00:00,179.0,20.6,65,1.1,2000,13.7,0.0,0.0,0.0,Autumn,No Holiday,Yes
2018-09-02 06:00:00,249.0,20.2,66,1.0,2000,13.6,0.0,0.0,0.0,Autumn,No Holiday,Yes
2018-09-02 07:00:00,388.0,20.2,65,1.4,2000,13.4,0.16,0.0,0.0,Autumn,No Holiday,Yes
2018-09-02 08:00:00,576.0,21.3,57,1.3,2000,12.4,0.81,0.0,0.0,Autumn,No Holiday,Yes
2018-09-02 09:00:00,721.0,23.4,52,1.3,1997,12.9,1.53,0.0,0.0,Autumn,No Holiday,Yes
2018-09-02 10:00:00,802.0,25.0,47,1.5,2000,12.8,2.17,0.0,0.0,Autumn,No Holiday,Yes
2018-09-02 11:00:00,940.0,26.5,44,1.4,1958,13.2,2.62,0.0,0.0,Autumn,No Holiday,Yes
2018-09-02 12:00:00,1075.0,27.5,43,1.4,1959,13.7,2.75,0.0,0.0,Autumn,No Holiday,Yes
2018-09-02 13:00:00,1254.0,28.5,42,1.7,1990,14.3,2.94,0.0,0.0,Autumn,No Holiday,Yes
2018-09-02 14:00:00,1395.0,29.1,43,1.4,2000,15.2,2.39,0.0,0.0,Autumn,No Holiday,Yes
2018-09-02 15:00:00,1550.0,29.3,43,1.5,1958,15.4,2.4,0.0,0.0,Autumn,No Holiday,Yes
2018-09-02 16:00:00,1853.0,29.3,44,1.4,1997,15.7,1.32,0.0,0.0,Autumn,No Holiday,Yes
2018-09-02 17:00:00,2069.0,28.8,47,2.0,1998,16.3,1.0,0.0,0.0,Autumn,No Holiday,Yes
2018-09-02 18:00:00,2118.0,27.9,52,1.7,2000,17.1,0.2,0.0,0.0,Autumn,No Holiday,Yes
2018-09-02 19:00:00,1986.0,27.3,54,1.5,2000,17.1,0.05,0.0,0.0,Autumn,No Holiday,Yes
2018-09-02 20:00:00,1838.0,26.9,56,1.6,2000,17.3,0.0,0.0,0.0,Autumn,No Holiday,Yes
2018-09-02 21:00:00,1759.0,26.2,62,2.3,2000,18.3,0.0,0.0,0.0,Autumn,No Holiday,Yes
2018-09-02 22:00:00,1511.0,25.7,64,1.1,2000,18.3,0.0,0.0,0.0,Autumn,No Holiday,Yes
2018-09-02 23:00:00,1047.0,25.1,65,2.2,2000,18.0,0.0,0.0,0.0,Autumn,No Holiday,Yes
2018-09-03 00:00:00,763.0,24.7,67,1.2,2000,18.1,0.0,0.0,0.0,Autumn,No Holiday,Yes
2018-09-03 01:00:00,524.0,24.5,68,0.5,2000,18.1,0.0,0.0,0.0,Autumn,No Holiday,Yes
2018-09-03 02:00:00,321.0,24.3,68,1.0,2000,18.0,0.0,0.0,0.0,Autumn,No Holiday,Yes
2018-09-03 03:00:00,211.0,24.2,70,0.3,2000,18.3,0.0,0.0,0.0,Autumn,No Holiday,Yes
2018-09-03 04:00:00,153.0,24.0,70,1.2,2000,18.1,0.0,0.0,0.0,Autumn,No Holiday,Yes
2018-09-03 05:00:00,264.0,23.9,70,1.5,2000,18.0,0.0,0.0,0.0,Autumn,No Holiday,Yes
2018-09-03 06:00:00,656.0,23.8,71,1.2,2000,18.2,0.0,0.0,0.0,Autumn,No Holiday,Yes
2018-09-03 07:00:00,1287.0,23.9,71,0.4,2000,18.3,0.02,0.0,0.0,Autumn,No Holiday,Yes
2018-09-03 08:00:00,1580.0,24.2,70,1.4,2000,18.3,0.16,0.0,0.0,Autumn,No Holiday,Yes
2018-09-03 09:00:00,719.0,23.6,86,1.2,336,21.1,0.14,2.0,0.0,Autumn,No Holiday,Yes
2018-09-03 10:00:00,434.0,23.3,89,0.7,1716,21.3,0.2,0.5,0.0,Autumn,No Holiday,Yes
2018-09-03 11:00:00,443.0,23.7,86,0.6,1798,21.2,0.31,0.0,0.0,Autumn,No Holiday,Yes
2018-09-03 12:00:00,673.0,23.9,83,1.1,1901,20.8,0.27,0.0,0.0,Autumn,No Holiday,Yes
2018-09-03 13:00:00,731.0,24.9,78,1.5,1910,20.7,0.72,0.0,0.0,Autumn,No Holiday,Yes
2018-09-03 14:00:00,532.0,25.6,77,0.8,1930,21.2,0.78,0.0,0.0,Autumn,No Holiday,Yes
2018-09-03 15:00:00,137.0,25.7,81,0.7,1825,22.1,0.43,0.0,0.0,Autumn,No Holiday,Yes
2018-09-03 16:00:00,39.0,25.5,91,1.3,403,23.9,0.23,3.5,0.0,Autumn,No Holiday,Yes
2018-09-03 17:00:00,23.0,22.7,96,4.9,452,22.0,0.07,13.0,0.0,Autumn,No Holiday,Yes
2018-09-03 18:00:00,113.0,21.9,97,1.8,757,21.3,0.02,13.0,0.0,Autumn,No Holiday,Yes
2018-09-03 19:00:00,73.0,21.7,97,0.2,1154,21.1,0.01,1.0,0.0,Autumn,No Holiday,Yes
2018-09-03 20:00:00,151.0,21.5,97,0.3,2000,20.9,0.0,0.5,0.0,Autumn,No Holiday,Yes
2018-09-03 21:00:00,110.0,21.6,97,0.5,646,21.0,0.0,0.5,0.0,Autumn,No Holiday,Yes
2018-09-03 22:00:00,379.0,21.7,97,0.4,440,21.1,0.0,0.5,0.0,Autumn,No Holiday,Yes
2018-09-03 23:00:00,486.0,21.7,97,0.8,838,21.1,0.0,0.0,0.0,Autumn,No Holiday,Yes
2018-09-04 00:00:00,500.0,21.4,97,0.1,404,20.8,0.0,0.0,0.0,Autumn,No Holiday,Yes
2018-09-04 01:00:00,486.0,21.3,97,1.1,570,20.7,0.0,0.0,0.0,Autumn,No Holiday,Yes
2018-09-04 02:00:00,324.0,20.9,96,0.4,970,20.2,0.0,0.0,0.0,Autumn,No Holiday,Yes
2018-09-04 03:00:00,223.0,20.6,97,0.2,500,20.1,0.0,0.0,0.0,Autumn,No Holiday,Yes
2018-09-04 04:00:00,186.0,20.4,97,2.7,704,19.9,0.0,0.0,0.0,Autumn,No Holiday,Yes
2018-09-04 05:00:00,219.0,20.2,97,1.2,528,19.7,0.0,0.0,0.0,Autumn,No Holiday,Yes
2018-09-04 06:00:00,602.0,20.0,97,0.0,647,19.5,0.0,0.0,0.0,Autumn,No Holiday,Yes
2018-09-04 07:00:00,1289.0,20.1,97,1.9,443,19.6,0.03,0.0,0.0,Autumn,No Holiday,Yes
2018-09-04 08:00:00,2059.0,20.5,90,1.9,490,18.7,0.53,0.0,0.0,Autumn,No Holiday,Yes
2018-09-04 09:00:00,1083.0,21.6,81,2.3,1669,18.1,1.2,0.0,0.0,Autumn,No Holiday,Yes
2018-09-04 10:00:00,822.0,23.1,73,3.1,2000,17.9,2.24,0.0,0.0,Autumn,No Holiday,Yes
2018-09-04 11:00:00,940.0,24.5,64,2.7,2000,17.2,2.7,0.0,0.0,Autumn,No Holiday,Yes
2018-09-04 12:00:00,995.0,25.8,57,2.8,2000,16.6,3.02,0.0,0.0,Autumn,No Holiday,Yes
2018-09-04 13:00:00,997.0,26.5,58,2.8,2000,17.5,2.87,0.0,0.0,Autumn,No Holiday,Yes
2018-09-04 14:00:00,987.0,27.4,52,3.8,1998,16.6,2.67,0.0,0.0,Autumn,No Holiday,Yes
2018-09-04 15:00:00,1178.0,26.7,51,3.4,2000,15.7,2.09,0.0,0.0,Autumn,No Holiday,Yes
2018-09-04 16:00:00,1429.0,27.1,47,4.3,2000,14.8,1.82,0.0,0.0,Autumn,No Holiday,Yes
2018-09-04 17:00:00,1993.0,27.6,47,3.3,2000,15.2,1.49,0.0,0.0,Autumn,No Holiday,Yes
2018-09-04 18:00:00,3166.0,26.8,53,2.6,2000,16.4,0.8,0.0,0.0,Autumn,No Holiday,Yes
2018-09-04 19:00:00,2491.0,25.1,49,3.1,2000,13.6,0.18,0.0,0.0,Autumn,No Holiday,Yes
2018-09-04 20:00:00,2259.0,23.7,49,3.3,2000,12.3,0.0,0.0,0.0,Autumn,No Holiday,Yes
2018-09-04 21:00:00,2212.0,22.9,55,3.0,2000,13.3,0.0,0.0,0.0,Autumn,No Holiday,Yes
2018-09-04 22:00:00,1856.0,22.2,58,1.5,2000,13.5,0.0,0.0,0.0,Autumn,No Holiday,Yes
2018-09-04 23:00:00,1233.0,21.7,60,0.5,2000,13.5,0.0,0.0,0.0,Autumn,No Holiday,Yes
2018-09-05 00:00:00,983.0,21.1,64,1.5,2000,14.0,0.0,0.0,0.0,Autumn,No Holiday,Yes
2018-09-05 01:00:00,748.0,20.9,66,1.1,2000,14.3,0.0,0.0,0.0,Autumn,No Holiday,Yes
2018-09-05 02:00:00,493.0,20.6,72,0.9,2000,15.3,0.0,0.0,0.0,Autumn,No Holiday,Yes
2018-09-05 03:00:00,376.0,20.2,77,0.4,2000,16.0,0.0,0.0,0.0,Autumn,No Holiday,Yes
2018-09-05 04:00:00,220.0,19.9,81,0.2,2000,16.5,0.0,0.0,0.0,Autumn,No Holiday,Yes
2018-09-05 05:00:00,249.0,19.7,82,0.5,2000,16.5,0.0,0.0,0.0,Autumn,No Holiday,Yes
2018-09-05 06:00:00,676.0,19.8,82,0.5,2000,16.6,0.0,0.0,0.0,Autumn,No Holiday,Yes
2018-09-05 07:00:00,1487.0,19.8,79,0.9,2000,16.0,0.13,0.0,0.0,Autumn,No Holiday,Yes
2018-09-05 08:00:00,2312.0,21.2,69,1.9,2000,15.2,0.74,0.0,0.0,Autumn,No Holiday,Yes
2018-09-05 09:00:00,1195.0,23.4,59,3.0,1974,14.9,1.46,0.0,0.0,Autumn,No Holiday,Yes
2018-09-05 10:00:00,847.0,25.4,49,3.9,1996,13.9,2.13,0.0,0.0,Autumn,No Holiday,Yes
2018-09-05 11:00:00,937.0,26.4,47,2.9,2000,14.1,2.38,0.0,0.0,Autumn,No Holiday,Yes
2018-09-05 12:00:00,1072.0,27.1,44,5.0,2000,13.7,2.8,0.0,0.0,Autumn,No Holiday,Yes
2018-09-05 13:00:00,1039.0,27.3,46,4.8,1983,14.6,2.92,0.0,0.0,Autumn,No Holiday,Yes
2018-09-05 14:00:00,989.0,27.9,42,5.0,1914,13.7,2.79,0.0,0.0,Autumn,No Holiday,Yes
2018-09-05 15:00:00,1131.0,28.1,43,5.1,1929,14.3,2.65,0.0,0.0,Autumn,No Holiday,Yes
2018-09-05 16:00:00,1446.0,28.2,37,4.0,1987,12.1,2.03,0.0,0.0,Autumn,No Holiday,Yes
2018-09-05 17:00:00,2068.0,27.7,40,5.0,2000,12.8,1.51,0.0,0.0,Autumn,No Holiday,Yes
2018-09-05 18:00:00,3160.0,27.0,45,2.4,2000,14.0,0.77,0.0,0.0,Autumn,No Holiday,Yes
2018-09-05 19:00:00,2468.0,25.4,55,3.2,2000,15.6,0.15,0.0,0.0,Autumn,No Holiday,Yes
2018-09-05 20:00:00,2177.0,24.5,64,2.0,2000,17.2,0.0,0.0,0.0,Autumn,No Holiday,Yes
2018-09-05 21:00:00,2024.0,23.9,75,2.3,1975,19.1,0.0,0.0,0.0,Autumn,No Holiday,Yes
2018-09-05 22:00:00,1798.0,23.6,82,1.8,1673,20.3,0.0,0.0,0.0,Autumn,No Holiday,Yes
2018-09-05 23:00:00,1219.0,23.0,83,1.8,1469,19.9,0.0,0.0,0.0,Autumn,No Holiday,Yes
2018-09-06 00:00:00,963.0,22.5,83,0.5,1593,19.4,0.0,0.0,0.0,Autumn,No Holiday,Yes
2018-09-06 01:00:00,743.0,21.9,85,0.2,1410,19.2,0.0,0.0,0.0,Autumn,No Holiday,Yes
2018-09-06 02:00:00,531.0,21.6,86,0.2,1353,19.1,0.0,0.0,0.0,Autumn,No Holiday,Yes
2018-09-06 03:00:00,320.0,21.5,85,0.1,1282,18.8,0.0,0.0,0.0,Autumn,No Holiday,Yes
2018-09-06 04:00:00,215.0,21.6,87,0.4,951,19.3,0.0,0.0,0.0,Autumn,No Holiday,Yes
2018-09-06 05:00:00,247.0,21.7,87,0.6,846,19.4,0.0,0.0,0.0,Autumn,No Holiday,Yes
2018-09-06 06:00:00,680.0,21.4,84,0.8,1506,18.5,0.0,0.0,0.0,Autumn,No Holiday,Yes
2018-09-06 07:00:00,1438.0,20.9,83,0.4,1388,17.8,0.09,0.0,0.0,Autumn,No Holiday,Yes
2018-09-06 08:00:00,2270.0,21.8,77,0.9,1419,17.5,0.43,0.0,0.0,Autumn,No Holiday,Yes
2018-09-06 09:00:00,1186.0,23.5,72,0.5,1485,18.1,0.95,0.0,0.0,Autumn,No Holiday,Yes
2018-09-06 10:00:00,835.0,24.6,70,1.2,1454,18.7,0.96,0.0,0.0,Autumn,No Holiday,Yes
2018-09-06 11:00:00,941.0,25.9,63,2.5,1693,18.3,1.32,0.0,0.0,Autumn,No Holiday,Yes
2018-09-06 12:00:00,1041.0,26.9,60,2.3,1592,18.4,1.67,0.0,0.0,Autumn,No Holiday,Yes
2018-09-06 13:00:00,1049.0,28.0,52,2.3,1642,17.2,1.85,0.0,0.0,Autumn,No Holiday,Yes
2018-09-06 14:00:00,1032.0,27.9,47,3.2,1869,15.5,1.65,0.0,0.0,Autumn,No Holiday,Yes
2018-09-06 15:00:00,1089.0,27.8,48,3.0,1880,15.7,0.93,0.0,0.0,Autumn,No Holiday,Yes
2018-09-06 16:00:00,1292.0,26.9,55,3.9,1909,17.0,0.54,0.0,0.0,Autumn,No Holiday,Yes
2018-09-06 17:00:00,1525.0,26.6,63,3.0,2000,18.9,0.43,0.0,0.0,Autumn,No Holiday,Yes
2018-09-06 18:00:00,2497.0,25.8,58,2.9,2000,16.9,0.16,0.0,0.0,Autumn,No Holiday,Yes
2018-09-06 19:00:00,1990.0,25.3,71,3.3,2000,19.6,0.05,0.0,0.0,Autumn,No Holiday,Yes
2018-09-06 20:00:00,1900.0,25.1,71,3.6,2000,19.4,0.0,0.0,0.0,Autumn,No Holiday,Yes
2018-09-06 21:00:00,1851.0,24.6,70,2.5,2000,18.7,0.0,0.0,0.0,Autumn,No Holiday,Yes
2018-09-06 22:00:00,1641.0,24.3,71,2.5,1992,18.6,0.0,0.0,0.0,Autumn,No Holiday,Yes
2018-09-06 23:00:00,562.0,23.9,71,4.7,1982,18.3,0.0,0.0,0.0,Autumn,No Holiday,Yes
2018-09-07 00:00:00,556.0,21.3,82,3.5,1933,18.0,0.0,1.0,0.0,Autumn,No Holiday,Yes
2018-09-07 01:00:00,345.0,21.6,77,2.6,1777,17.3,0.0,0.0,0.0,Autumn,No Holiday,Yes
2018-09-07 02:00:00,259.0,21.3,76,2.2,1559,16.8,0.0,0.5,0.0,Autumn,No Holiday,Yes
2018-09-07 03:00:00,259.0,21.1,75,1.8,1551,16.4,0.0,0.0,0.0,Autumn,No Holiday,Yes
2018-09-07 04:00:00,185.0,20.8,66,1.5,1719,14.2,0.0,0.0,0.0,Autumn,No Holiday,Yes
2018-09-07 05:00:00,247.0,20.5,67,1.2,1649,14.1,0.0,0.0,0.0,Autumn,No Holiday,Yes
2018-09-07 06:00:00,624.0,20.2,70,1.6,1690,14.5,0.0,0.0,0.0,Autumn,No Holiday,Yes
2018-09-07 07:00:00,1346.0,20.3,74,1.8,1372,15.5,0.07,0.0,0.0,Autumn,No Holiday,Yes
2018-09-07 08:00:00,2260.0,20.5,78,2.5,1250,16.5,0.32,0.0,0.0,Autumn,No Holiday,Yes
2018-09-07 09:00:00,1194.0,21.3,63,2.7,1969,13.9,1.15,0.0,0.0,Autumn,No Holiday,Yes
2018-09-07 10:00:00,896.0,22.6,58,1.8,1962,13.9,2.02,0.0,0.0,Autumn,No Holiday,Yes
2018-09-07 11:00:00,988.0,23.8,51,3.5,1970,13.0,2.62,0.0,0.0,Autumn,No Holiday,Yes
2018-09-07 12:00:00,1213.0,24.2,50,3.8,2000,13.1,2.85,0.0,0.0,Autumn,No Holiday,Yes
2018-09-07 13:00:00,1119.0,24.3,50,2.9,2000,13.2,2.37,0.0,0.0,Autumn,No Holiday,Yes
2018-09-07 14:00:00,1187.0,25.2,43,3.2,1981,11.7,2.59,0.0,0.0,Autumn,No Holiday,Yes
2018-09-07 15:00:00,1391.0,24.7,44,4.2,2000,11.6,1.92,0.0,0.0,Autumn,No Holiday,Yes
2018-09-07 16:00:00,1577.0,25.2,39,2.8,1987,10.2,1.65,0.0,0.0,Autumn,No Holiday,Yes
2018-09-07 17:00:00,2183.0,24.5,37,3.2,2000,8.8,1.04,0.0,0.0,Autumn,No Holiday,Yes
2018-09-07 18:00:00,3154.0,24.4,34,2.4,2000,7.5,0.84,0.0,0.0,Autumn,No Holiday,Yes
2018-09-07 19:00:00,2365.0,22.6,39,2.8,2000,7.9,0.14,0.0,0.0,Autumn,No Holiday,Yes
2018-09-07 20:00:00,1959.0,21.6,43,1.4,2000,8.4,0.0,0.0,0.0,Autumn,No Holiday,Yes
2018-09-07 21:00:00,1915.0,20.6,48,2.1,2000,9.1,0.0,0.0,0.0,Autumn,No Holiday,Yes
2018-09-07 22:00:00,1796.0,19.8,51,1.2,2000,9.3,0.0,0.0,0.0,Autumn,No Holiday,Yes
2018-09-07 23:00:00,1363.0,19.4,50,2.8,2000,8.6,0.0,0.0,0.0,Autumn,No Holiday,Yes
2018-09-08 00:00:00,1107.0,19.2,53,3.7,2000,9.3,0.0,0.0,0.0,Autumn,No Holiday,Yes
2018-09-08 01:00:00,1001.0,18.9,55,2.3,2000,9.6,0.0,0.0,0.0,Autumn,No Holiday,Yes
2018-09-08 02:00:00,692.0,18.5,57,2.3,2000,9.8,0.0,0.0,0.0,Autumn,No Holiday,Yes
2018-09-08 03:00:00,504.0,17.8,60,0.2,2000,9.9,0.0,0.0,0.0,Autumn,No Holiday,Yes
2018-09-08 04:00:00,285.0,17.2,66,0.6,2000,10.7,0.0,0.0,0.0,Autumn,No Holiday,Yes
2018-09-08 05:00:00,227.0,16.7,70,0.8,2000,11.1,0.0,0.0,0.0,Autumn,No Holiday,Yes
2018-09-08 06:00:00,322.0,16.2,70,0.3,2000,10.7,0.0,0.0,0.0,Autumn,No Holiday,Yes
2018-09-08 07:00:00,511.0,16.0,70,1.1,2000,10.5,0.11,0.0,0.0,Autumn,No Holiday,Yes
2018-09-08 08:00:00,827.0,17.1,57,1.0,1979,8.5,0.76,0.0,0.0,Autumn,No Holiday,Yes
2018-09-08 09:00:00,956.0,19.9,51,0.6,1906,9.4,1.46,0.0,0.0,Autumn,No Holiday,Yes
2018-09-08 10:00:00,1096.0,22.2,43,0.9,1891,9.0,2.09,0.0,0.0,Autumn,No Holiday,Yes
2018-09-08 11:00:00,1179.0,24.2,41,1.5,1818,10.1,2.62,0.0,0.0,Autumn,No Holiday,Yes
2018-09-08 12:00:00,1273.0,25.2,36,2.4,1995,9.0,2.93,0.0,0.0,Autumn,No Holiday,Yes
2018-09-08 13:00:00,1505.0,26.1,32,3.0,1985,8.1,3.06,0.0,0.0,Autumn,No Holiday,Yes
2018-09-08 14:00:00,1554.0,26.8,31,2.8,2000,8.2,2.96,0.0,0.0,Autumn,No Holiday,Yes
2018-09-08 15:00:00,1792.0,26.9,33,2.9,1997,9.2,2.65,0.0,0.0,Autumn,No Holiday,Yes
2018-09-08 16:00:00,1943.0,27.7,32,1.4,2000,9.4,2.05,0.0,0.0,Autumn,No Holiday,Yes
2018-09-08 17:00:00,2167.0,27.2,35,1.7,2000,10.3,1.32,0.0,0.0,Autumn,No Holiday,Yes
2018-09-08 18:00:00,2255.0,25.7,38,1.5,2000,10.3,0.64,0.0,0.0,Autumn,No Holiday,Yes
2018-09-08 19:00:00,1978.0,24.0,41,1.9,2000,9.9,0.1,0.0,0.0,Autumn,No Holiday,Yes
2018-09-08 20:00:00,1944.0,22.8,45,2.0,2000,10.2,0.0,0.0,0.0,Autumn,No Holiday,Yes
2018-09-08 21:00:00,1878.0,22.1,49,1.7,2000,10.8,0.0,0.0,0.0,Autumn,No Holiday,Yes
2018-09-08 22:00:00,1675.0,21.5,51,2.0,2000,10.9,0.0,0.0,0.0,Autumn,No Holiday,Yes
2018-09-08 23:00:00,1142.0,20.7,52,1.4,2000,10.4,0.0,0.0,0.0,Autumn,No Holiday,Yes
2018-09-09 00:00:00,1185.0,19.6,53,1.5,2000,9.7,0.0,0.0,0.0,Autumn,No Holiday,Yes
2018-09-09 01:00:00,835.0,18.8,54,0.1,2000,9.2,0.0,0.0,0.0,Autumn,No Holiday,Yes
2018-09-09 02:00:00,589.0,18.1,57,0.3,2000,9.4,0.0,0.0,0.0,Autumn,No Holiday,Yes
2018-09-09 03:00:00,395.0,17.4,57,0.6,2000,8.7,0.0,0.0,0.0,Autumn,No Holiday,Yes
2018-09-09 04:00:00,264.0,17.0,59,0.0,2000,8.9,0.0,0.0,0.0,Autumn,No Holiday,Yes
2018-09-09 05:00:00,165.0,16.3,66,0.5,2000,9.9,0.0,0.0,0.0,Autumn,No Holiday,Yes
2018-09-09 06:00:00,255.0,15.8,69,0.9,2000,10.1,0.0,0.0,0.0,Autumn,No Holiday,Yes
2018-09-09 07:00:00,366.0,15.7,68,0.9,2000,9.8,0.05,0.0,0.0,Autumn,No Holiday,Yes
2018-09-09 08:00:00,644.0,17.4,56,0.8,2000,8.5,0.49,0.0,0.0,Autumn,No Holiday,Yes
2018-09-09 09:00:00,803.0,20.4,51,1.8,2000,9.9,1.43,0.0,0.0,Autumn,No Holiday,Yes
2018-09-09 10:00:00,928.0,22.9,45,1.5,2000,10.3,2.1,0.0,0.0,Autumn,No Holiday,Yes
2018-09-09 11:00:00,1051.0,24.4,41,1.3,1982,10.2,2.61,0.0,0.0,Autumn,No Holiday,Yes
2018-09-09 12:00:00,1220.0,25.9,39,1.2,1950,10.8,2.89,0.0,0.0,Autumn,No Holiday,Yes
2018-09-09 13:00:00,1432.0,27.2,32,1.7,2000,9.0,3.12,0.0,0.0,Autumn,No Holiday,Yes
2018-09-09 14:00:00,1662.0,28.2,29,2.0,2000,8.4,3.09,0.0,0.0,Autumn,No Holiday,Yes
2018-09-09 15:00:00,1877.0,28.9,27,1.8,2000,8.0,2.9,0.0,0.0,Autumn,No Holiday,Yes
2018-09-09 16:00:00,2099.0,27.1,35,0.9,2000,10.3,1.27,0.0,0.0,Autumn,No Holiday,Yes
2018-09-09 17:00:00,2201.0,27.7,33,1.1,2000,9.9,1.21,0.0,0.0,Autumn,No Holiday,Yes
2018-09-09 18:00:00,2368.0,26.0,35,0.3,2000,9.3,0.2,0.0,0.0,Autumn,No Holiday,Yes
2018-09-09 19:00:00,2033.0,24.1,56,2.5,2000,14.7,0.04,0.0,0.0,Autumn,No Holiday,Yes
2018-09-09 20:00:00,1930.0,22.9,58,2.6,2000,14.1,0.0,0.0,0.0,Autumn,No Holiday,Yes
2018-09-09 21:00:00,1820.0,22.2,57,1.2,2000,13.2,0.0,0.0,0.0,Autumn,No Holiday,Yes
2018-09-09 22:00:00,1291.0,21.8,54,1.6,2000,12.0,0.0,0.0,0.0,Autumn,No Holiday,Yes
2018-09-09 23:00:00,941.0,21.2,56,2.5,2000,12.0,0.0,0.0,0.0,Autumn,No Holiday,Yes
2018-09-10 00:00:00,792.0,20.7,57,1.8,2000,11.8,0.0,0.0,0.0,Autumn,No Holiday,Yes
2018-09-10 01:00:00,487.0,20.5,58,1.7,2000,11.9,0.0,0.0,0.0,Autumn,No Holiday,Yes
2018-09-10 02:00:00,332.0,20.0,59,1.5,2000,11.7,0.0,0.0,0.0,Autumn,No Holiday,Yes
2018-09-10 03:00:00,176.0,19.7,60,1.9,2000,11.7,0.0,0.0,0.0,Autumn,No Holiday,Yes
2018-09-10 04:00:00,188.0,19.4,61,1.6,2000,11.6,0.0,0.0,0.0,Autumn,No Holiday,Yes
2018-09-10 05:00:00,226.0,19.1,62,1.6,2000,11.6,0.0,0.0,0.0,Autumn,No Holiday,Yes
2018-09-10 06:00:00,691.0,18.7,64,0.9,2000,11.7,0.0,0.0,0.0,Autumn,No Holiday,Yes
2018-09-10 07:00:00,1463.0,18.9,63,1.8,2000,11.6,0.09,0.0,0.0,Autumn,No Holiday,Yes
2018-09-10 08:00:00,2278.0,20.1,57,1.6,2000,11.3,0.73,0.0,0.0,Autumn,No Holiday,Yes
2018-09-10 09:00:00,1125.0,22.3,52,1.9,2000,11.9,1.43,0.0,0.0,Autumn,No Holiday,Yes
2018-09-10 10:00:00,862.0,24.0,47,1.6,1996,11.9,2.08,0.0,0.0,Autumn,No Holiday,Yes
2018-09-10 11:00:00,934.0,25.3,44,1.2,1948,12.1,2.59,0.0,0.0,Autumn,No Holiday,Yes
2018-09-10 12:00:00,1095.0,26.7,40,1.4,2000,11.9,2.92,0.0,0.0,Autumn,No Holiday,Yes
2018-09-10 13:00:00,1057.0,27.1,38,1.7,2000,11.5,2.56,0.0,0.0,Autumn,No Holiday,Yes
2018-09-10 14:00:00,1064.0,27.8,37,1.4,1983,11.7,2.67,0.0,0.0,Autumn,No Holiday,Yes
2018-09-10 15:00:00,1249.0,27.6,38,1.4,2000,11.9,2.09,0.0,0.0,Autumn,No Holiday,Yes
2018-09-10 16:00:00,1467.0,27.5,39,1.5,2000,12.3,1.46,0.0,0.0,Autumn,No Holiday,Yes
2018-09-10 17:00:00,2147.0,26.6,40,1.4,2000,11.8,0.69,0.0,0.0,Autumn,No Holiday,Yes
2018-09-10 18:00:00,3298.0,25.9,42,1.1,2000,11.9,0.48,0.0,0.0,Autumn,No Holiday,Yes
2018-09-10 19:00:00,2518.0,24.4,47,2.0,2000,12.3,0.05,0.0,0.0,Autumn,No Holiday,Yes
2018-09-10 20:00:00,2240.0,23.4,48,1.8,2000,11.7,0.0,0.0,0.0,Autumn,No Holiday,Yes
2018-09-10 21:00:00,2090.0,22.5,48,1.4,2000,10.9,0.0,0.0,0.0,Autumn,No Holiday,Yes
2018-09-10 22:00:00,1779.0,21.7,50,1.6,2000,10.8,0.0,0.0,0.0,Autumn,No Holiday,Yes
2018-09-10 23:00:00,1223.0,20.8,51,1.7,2000,10.2,0.0,0.0,0.0,Autumn,No Holiday,Yes
2018-09-11 00:00:00,910.0,20.1,52,1.5,2000,9.9,0.0,0.0,0.0,Autumn,No Holiday,Yes
2018-09-11 01:00:00,662.0,19.5,52,1.3,2000,9.3,0.0,0.0,0.0,Autumn,No Holiday,Yes
2018-09-11 02:00:00,435.0,18.9,52,1.1,2000,8.8,0.0,0.0,0.0,Autumn,No Holiday,Yes
2018-09-11 03:00:00,261.0,18.2,52,1.5,2000,8.1,0.0,0.0,0.0,Autumn,No Holiday,Yes
2018-09-11 04:00:00,193.0,17.7,52,1.5,2000,7.7,0.0,0.0,0.0,Autumn,No Holiday,Yes
2018-09-11 05:00:00,258.0,17.2,54,1.3,2000,7.7,0.0,0.0,0.0,Autumn,No Holiday,Yes
2018-09-11 06:00:00,678.0,17.0,55,1.2,2000,7.8,0.0,0.0,0.0,Autumn,No Holiday,Yes
2018-09-11 07:00:00,1556.0,16.9,55,1.4,2000,7.7,0.07,0.0,0.0,Autumn,No Holiday,Yes
2018-09-11 08:00:00,2369.0,17.8,53,1.4,2000,8.0,0.51,0.0,0.0,Autumn,No Holiday,Yes
2018-09-11 09:00:00,1234.0,19.8,49,1.9,2000,8.7,1.24,0.0,0.0,Autumn,No Holiday,Yes
2018-09-11 10:00:00,922.0,21.9,43,1.1,2000,8.7,1.89,0.0,0.0,Autumn,No Holiday,Yes
2018-09-11 11:00:00,1012.0,23.7,40,2.0,2000,9.2,2.6,0.0,0.0,Autumn,No Holiday,Yes
2018-09-11 12:00:00,1192.0,24.5,40,1.3,1973,10.0,2.64,0.0,0.0,Autumn,No Holiday,Yes
2018-09-11 13:00:00,1102.0,25.7,40,2.2,1997,11.0,2.98,0.0,0.0,Autumn,No Holiday,Yes
2018-09-11 14:00:00,1115.0,25.8,37,1.5,1995,9.9,2.22,0.0,0.0,Autumn,No Holiday,Yes
2018-09-11 15:00:00,1222.0,26.0,40,1.9,2000,11.3,1.53,0.0,0.0,Autumn,No Holiday,Yes
2018-09-11 16:00:00,1527.0,25.5,44,1.4,2000,12.3,1.0,0.0,0.0,Autumn,No Holiday,Yes
2018-09-11 17:00:00,2171.0,25.4,44,1.2,2000,12.2,0.84,0.0,0.0,Autumn,No Holiday,Yes
2018-09-11 18:00:00,3222.0,24.7,45,0.7,2000,11.9,0.3,0.0,0.0,Autumn,No Holiday,Yes
2018-09-11 19:00:00,2455.0,23.7,49,1.8,2000,12.3,0.03,0.0,0.0,Autumn,No Holiday,Yes
2018-09-11 20:00:00,2072.0,22.9,48,1.2,2000,11.2,0.0,0.0,0.0,Autumn,No Holiday,Yes
2018-09-11 21:00:00,2018.0,22.2,50,1.3,2000,11.2,0.0,0.0,0.0,Autumn,No Holiday,Yes
2018-09-11 22:00:00,1868.0,21.6,52,1.9,2000,11.3,0.0,0.0,0.0,Autumn,No Holiday,Yes
2018-09-11 23:00:00,1240.0,20.9,53,1.8,2000,10.9,0.0,0.0,0.0,Autumn,No Holiday,Yes
2018-09-12 00:00:00,949.0,20.2,54,1.2,2000,10.5,0.0,0.0,0.0,Autumn,No Holiday,Yes
2018-09-12 01:00:00,691.0,19.6,56,1.2,2000,10.5,0.0,0.0,0.0,Autumn,No Holiday,Yes
2018-09-12 02:00:00,462.0,19.0,56,0.9,2000,10.0,0.0,0.0,0.0,Autumn,No Holiday,Yes
2018-09-12 03:00:00,297.0,18.4,57,1.3,2000,9.7,0.0,0.0,0.0,Autumn,No Holiday,Yes
2018-09-12 04:00:00,215.0,18.0,59,1.5,2000,9.8,0.0,0.0,0.0,Autumn,No Holiday,Yes
2018-09-12 05:00:00,241.0,17.5,60,1.6,2000,9.6,0.0,0.0,0.0,Autumn,No Holiday,Yes
2018-09-12 06:00:00,656.0,17.0,63,1.3,2000,9.8,0.0,0.0,0.0,Autumn,No Holiday,Yes
2018-09-12 07:00:00,1551.0,16.8,61,1.3,2000,9.2,0.06,0.0,0.0,Autumn,No Holiday,Yes
2018-09-12 08:00:00,2391.0,18.2,56,1.5,1994,9.2,0.62,0.0,0.0,Autumn,No Holiday,Yes
2018-09-12 09:00:00,1234.0,20.8,48,1.1,2000,9.3,1.38,0.0,0.0,Autumn,No Holiday,Yes
2018-09-12 10:00:00,923.0,22.7,45,1.5,2000,10.1,2.08,0.0,0.0,Autumn,No Holiday,Yes
2018-09-12 11:00:00,1017.0,24.8,44,2.1,1955,11.7,2.55,0.0,0.0,Autumn,No Holiday,Yes
2018-09-12 12:00:00,1165.0,26.3,44,1.2,1966,13.0,2.91,0.0,0.0,Autumn,No Holiday,Yes
2018-09-12 13:00:00,1066.0,26.8,45,1.8,1984,13.8,2.6,0.0,0.0,Autumn,No Holiday,Yes
2018-09-12 14:00:00,1087.0,26.9,45,1.6,2000,13.9,2.27,0.0,0.0,Autumn,No Holiday,Yes
2018-09-12 15:00:00,1251.0,27.7,41,1.6,1969,13.2,1.98,0.0,0.0,Autumn,No Holiday,Yes
2018-09-12 16:00:00,1494.0,27.8,42,1.7,1974,13.7,1.98,0.0,0.0,Autumn,No Holiday,Yes
2018-09-12 17:00:00,2129.0,27.8,41,1.9,1999,13.3,1.27,0.0,0.0,Autumn,No Holiday,Yes
2018-09-12 18:00:00,3256.0,27.0,44,1.4,2000,13.6,0.62,0.0,0.0,Autumn,No Holiday,Yes
2018-09-12 19:00:00,2443.0,25.4,50,0.6,2000,14.2,0.07,0.0,0.0,Autumn,No Holiday,Yes
2018-09-12 20:00:00,2146.0,24.0,56,0.5,1890,14.6,0.0,0.0,0.0,Autumn,No Holiday,Yes
2018-09-12 21:00:00,2012.0,23.2,57,1.1,2000,14.2,0.0,0.0,0.0,Autumn,No Holiday,Yes
2018-09-12 22:00:00,1824.0,22.6,60,1.0,2000,14.4,0.0,0.0,0.0,Autumn,No Holiday,Yes
2018-09-12 23:00:00,1309.0,22.2,62,0.8,2000,14.5,0.0,0.0,0.0,Autumn,No Holiday,Yes
2018-09-13 00:00:00,968.0,21.9,62,1.0,1822,14.2,0.0,0.0,0.0,Autumn,No Holiday,Yes
2018-09-13 01:00:00,736.0,21.5,65,1.0,2000,14.6,0.0,0.0,0.0,Autumn,No Holiday,Yes
2018-09-13 02:00:00,437.0,21.2,66,0.8,2000,14.5,0.0,0.0,0.0,Autumn,No Holiday,Yes
2018-09-13 03:00:00,304.0,20.9,68,1.7,2000,14.7,0.0,0.0,0.0,Autumn,No Holiday,Yes
2018-09-13 04:00:00,240.0,20.7,69,1.3,2000,14.8,0.0,0.0,0.0,Autumn,No Holiday,Yes
2018-09-13 05:00:00,248.0,20.5,70,1.2,2000,14.8,0.0,0.0,0.0,Autumn,No Holiday,Yes
2018-09-13 06:00:00,655.0,20.3,71,1.6,2000,14.8,0.0,0.0,0.0,Autumn,No Holiday,Yes
2018-09-13 07:00:00,1448.0,20.5,69,1.4,2000,14.6,0.03,0.0,0.0,Autumn,No Holiday,Yes
2018-09-13 08:00:00,2329.0,20.9,68,1.3,2000,14.7,0.18,0.0,0.0,Autumn,No Holiday,Yes
2018-09-13 09:00:00,1322.0,21.8,64,1.6,2000,14.6,0.52,0.0,0.0,Autumn,No Holiday,Yes
2018-09-13 10:00:00,915.0,22.7,61,0.9,2000,14.7,0.82,0.0,0.0,Autumn,No Holiday,Yes
2018-09-13 11:00:00,972.0,23.5,61,1.2,2000,15.5,0.95,0.0,0.0,Autumn,No Holiday,Yes
2018-09-13 12:00:00,1119.0,24.3,59,1.5,2000,15.7,1.12,0.0,0.0,Autumn,No Holiday,Yes
2018-09-13 13:00:00,1014.0,25.1,56,2.0,1964,15.6,1.41,0.0,0.0,Autumn,No Holiday,Yes
2018-09-13 14:00:00,1097.0,27.2,49,1.5,1945,15.5,2.54,0.0,0.0,Autumn,No Holiday,Yes
2018-09-13 15:00:00,1200.0,27.8,49,1.4,1963,16.1,1.97,0.0,0.0,Autumn,No Holiday,Yes
2018-09-13 16:00:00,1436.0,28.2,48,1.4,1995,16.1,1.7,0.0,0.0,Autumn,No Holiday,Yes
2018-09-13 17:00:00,2021.0,27.9,51,1.4,2000,16.8,1.19,0.0,0.0,Autumn,No Holiday,Yes
2018-09-13 18:00:00,3146.0,26.7,56,1.8,2000,17.1,0.47,0.0,0.0,Autumn,No Holiday,Yes
2018-09-13 19:00:00,2365.0,25.4,61,0.6,2000,17.3,0.03,0.0,0.0,Autumn,No Holiday,Yes
2018-09-13 20:00:00,2003.0,24.6,62,0.9,2000,16.8,0.0,0.0,0.0,Autumn,No Holiday,Yes
2018-09-13 21:00:00,2000.0,23.8,67,0.6,2000,17.2,0.0,0.0,0.0,Autumn,No Holiday,Yes
2018-09-13 22:00:00,1713.0,22.8,70,1.0,2000,17.0,0.0,0.0,0.0,Autumn,No Holiday,Yes
2018-09-13 23:00:00,1303.0,22.4,73,0.3,1980,17.3,0.0,0.0,0.0,Autumn,No Holiday,Yes
2018-09-14 00:00:00,971.0,22.1,74,1.1,1962,17.2,0.0,0.0,0.0,Autumn,No Holiday,Yes
2018-09-14 01:00:00,775.0,21.6,75,1.1,1671,16.9,0.0,0.0,0.0,Autumn,No Holiday,Yes
2018-09-14 02:00:00,482.0,21.3,75,1.1,2000,16.6,0.0,0.0,0.0,Autumn,No Holiday,Yes
2018-09-14 03:00:00,349.0,21.0,76,0.7,1995,16.6,0.0,0.0,0.0,Autumn,No Holiday,Yes
2018-09-14 04:00:00,223.0,20.7,76,1.0,2000,16.3,0.0,0.0,0.0,Autumn,No Holiday,Yes
2018-09-14 05:00:00,249.0,20.7,77,0.9,2000,16.5,0.0,0.0,0.0,Autumn,No Holiday,Yes
2018-09-14 06:00:00,644.0,20.4,78,1.0,2000,16.4,0.0,0.0,0.0,Autumn,No Holiday,Yes
2018-09-14 07:00:00,1456.0,20.5,76,1.3,2000,16.1,0.06,0.0,0.0,Autumn,No Holiday,Yes
2018-09-14 08:00:00,2253.0,21.4,70,1.5,1986,15.6,0.38,0.0,0.0,Autumn,No Holiday,Yes
2018-09-14 09:00:00,1201.0,22.3,69,1.3,2000,16.3,0.61,0.0,0.0,Autumn,No Holiday,Yes
2018-09-14 10:00:00,936.0,23.3,65,1.4,1996,16.3,0.76,0.0,0.0,Autumn,No Holiday,Yes
2018-09-14 11:00:00,982.0,24.0,64,1.3,2000,16.7,0.95,0.0,0.0,Autumn,No Holiday,Yes
2018-09-14 12:00:00,1088.0,25.3,56,1.2,1960,15.8,1.35,0.0,0.0,Autumn,No Holiday,Yes
2018-09-14 13:00:00,1155.0,26.4,57,1.2,2000,17.1,1.8,0.0,0.0,Autumn,No Holiday,Yes
2018-09-14 14:00:00,1199.0,26.3,58,1.5,1986,17.3,1.37,0.0,0.0,Autumn,No Holiday,Yes
2018-09-14 15:00:00,1347.0,26.6,55,1.8,2000,16.8,1.1,0.0,0.0,Autumn,No Holiday,Yes
2018-09-14 16:00:00,1503.0,26.3,57,1.6,2000,17.0,0.72,0.0,0.0,Autumn,No Holiday,Yes
2018-09-14 17:00:00,2059.0,25.9,56,1.7,2000,16.4,0.42,0.0,0.0,Autumn,No Holiday,Yes
2018-09-14 18:00:00,2826.0,25.7,57,1.5,2000,16.5,0.24,0.0,0.0,Autumn,No Holiday,Yes
2018-09-14 19:00:00,1996.0,25.3,60,1.2,2000,16.9,0.04,0.0,0.0,Autumn,No Holiday,Yes
2018-09-14 20:00:00,1869.0,25.0,61,1.1,2000,16.9,0.0,0.0,0.0,Autumn,No Holiday,Yes
2018-09-14 21:00:00,1259.0,24.7,61,1.6,2000,16.6,0.0,0.0,0.0,Autumn,No Holiday,Yes
2018-09-14 22:00:00,567.0,24.0,73,2.1,1541,18.8,0.0,0.0,0.0,Autumn,No Holiday,Yes
2018-09-14 23:00:00,810.0,22.3,87,1.1,1810,20.0,0.0,0.5,0.0,Autumn,No Holiday,Yes
2018-09-15 00:00:00,906.0,21.8,83,1.5,2000,18.7,0.0,0.0,0.0,Autumn,No Holiday,Yes
2018-09-15 01:00:00,881.0,21.8,79,1.4,2000,17.9,0.0,0.0,0.0,Autumn,No Holiday,Yes
2018-09-15 02:00:00,580.0,21.7,78,1.0,2000,17.6,0.0,0.0,0.0,Autumn,No Holiday,Yes
2018-09-15 03:00:00,302.0,21.6,80,1.2,2000,17.9,0.0,0.0,0.0,Autumn,No Holiday,Yes
2018-09-15 04:00:00,234.0,21.2,83,0.6,2000,18.1,0.0,0.1,0.0,Autumn,No Holiday,Yes
2018-09-15 05:00:00,169.0,21.1,82,0.8,2000,17.8,0.0,0.0,0.0,Autumn,No Holiday,Yes
2018-09-15 06:00:00,272.0,21.0,84,0.9,2000,18.1,0.0,0.1,0.0,Autumn,No Holiday,Yes
2018-09-15 07:00:00,453.0,21.2,84,0.3,2000,18.3,0.05,0.0,0.0,Autumn,No Holiday,Yes
2018-09-15 08:00:00,829.0,21.7,78,0.3,2000,17.6,0.21,0.0,0.0,Autumn,No Holiday,Yes
2018-09-15 09:00:00,934.0,22.7,72,1.2,2000,17.3,0.59,0.0,0.0,Autumn,No Holiday,Yes
2018-09-15 10:00:00,1017.0,24.4,65,1.6,1972,17.3,1.42,0.0,0.0,Autumn,No Holiday,Yes
2018-09-15 11:00:00,1212.0,25.2,64,1.2,1938,17.8,1.31,0.0,0.0,Autumn,No Holiday,Yes
2018-09-15 12:00:00,1284.0,25.4,63,0.9,2000,17.8,1.01,0.0,0.0,Autumn,No Holiday,Yes
2018-09-15 13:00:00,1465.0,25.8,65,1.0,1996,18.7,1.12,0.0,0.0,Autumn,No Holiday,Yes
2018-09-15 14:00:00,1474.0,25.7,67,1.2,2000,19.1,0.9,0.0,0.0,Autumn,No Holiday,Yes
2018-09-15 15:00:00,1077.0,25.2,71,0.2,2000,19.5,0.41,0.0,0.0,Autumn,No Holiday,Yes
2018-09-15 16:00:00,1273.0,24.4,74,0.6,1996,19.4,0.13,0.0,0.0,Autumn,No Holiday,Yes
2018-09-15 17:00:00,1474.0,24.4,75,0.6,2000,19.6,0.17,0.0,0.0,Autumn,No Holiday,Yes
2018-09-15 18:00:00,1566.0,24.2,76,1.2,2000,19.6,0.12,0.0,0.0,Autumn,No Holiday,Yes
2018-09-15 19:00:00,1578.0,23.8,78,2.2,1991,19.7,0.0,0.0,0.0,Autumn,No Holiday,Yes
2018-09-15 20:00:00,1613.0,23.5,80,1.7,1621,19.8,0.0,0.0,0.0,Autumn,No Holiday,Yes
2018-09-15 21:00:00,1710.0,23.3,80,0.7,1877,19.6,0.0,0.0,0.0,Autumn,No Holiday,Yes
2018-09-15 22:00:00,1566.0,23.1,79,0.6,1891,19.2,0.0,0.0,0.0,Autumn,No Holiday,Yes
2018-09-15 23:00:00,1210.0,22.9,81,0.9,1550,19.4,0.0,0.0,0.0,Autumn,No Holiday,Yes
2018-09-16 00:00:00,1014.0,22.8,82,1.5,935,19.5,0.0,0.0,0.0,Autumn,No Holiday,Yes
2018-09-16 01:00:00,764.0,22.8,84,0.9,827,19.9,0.0,0.0,0.0,Autumn,No Holiday,Yes
2018-09-16 02:00:00,432.0,22.8,85,0.8,708,20.1,0.0,0.0,0.0,Autumn,No Holiday,Yes
2018-09-16 03:00:00,258.0,22.6,89,0.6,578,20.6,0.0,0.2,0.0,Autumn,No Holiday,Yes
2018-09-16 04:00:00,188.0,22.5,89,0.7,444,20.5,0.0,0.3,0.0,Autumn,No Holiday,Yes
2018-09-16 05:00:00,123.0,22.2,90,1.4,514,20.4,0.0,0.0,0.0,Autumn,No Holiday,Yes
2018-09-16 06:00:00,137.0,22.0,90,1.3,471,20.2,0.0,0.0,0.0,Autumn,No Holiday,Yes
2018-09-16 07:00:00,258.0,21.9,95,1.3,424,21.0,0.02,0.0,0.0,Autumn,No Holiday,Yes
2018-09-16 08:00:00,464.0,21.9,88,1.6,601,19.8,0.17,0.0,0.0,Autumn,No Holiday,Yes
2018-09-16 09:00:00,725.0,22.3,84,1.9,751,19.4,0.47,0.0,0.0,Autumn,No Holiday,Yes
2018-09-16 10:00:00,813.0,22.9,74,1.3,1162,18.0,0.84,0.0,0.0,Autumn,No Holiday,Yes
2018-09-16 11:00:00,1014.0,23.4,61,2.1,1964,15.4,0.91,0.0,0.0,Autumn,No Holiday,Yes
2018-09-16 12:00:00,989.0,23.7,64,1.9,1474,16.4,0.79,0.0,0.0,Autumn,No Holiday,Yes
2018-09-16 13:00:00,754.0,23.6,66,2.1,1689,16.8,0.87,0.0,0.0,Autumn,No Holiday,Yes
2018-09-16 14:00:00,409.0,23.4,72,2.2,682,18.0,0.73,0.0,0.0,Autumn,No Holiday,Yes
2018-09-16 15:00:00,222.0,23.2,83,1.5,349,20.1,0.77,0.5,0.0,Autumn,No Holiday,Yes
2018-09-16 16:00:00,142.0,22.5,86,2.5,342,20.0,0.47,0.0,0.0,Autumn,No Holiday,Yes
2018-09-16 17:00:00,322.0,22.0,89,2.2,285,20.0,0.21,1.0,0.0,Autumn,No Holiday,Yes
2018-09-16 18:00:00,520.0,21.5,89,3.0,350,19.6,0.18,0.0,0.0,Autumn,No Holiday,Yes
2018-09-16 19:00:00,852.0,21.2,87,2.7,479,18.9,0.01,0.0,0.0,Autumn,No Holiday,Yes
2018-09-16 20:00:00,1073.0,21.1,88,1.7,404,19.0,0.0,0.0,0.0,Autumn,No Holiday,Yes
2018-09-16 21:00:00,1146.0,21.2,88,1.7,373,19.1,0.0,0.0,0.0,Autumn,No Holiday,Yes
2018-09-16 22:00:00,988.0,21.4,87,2.4,540,19.1,0.0,0.0,0.0,Autumn,No Holiday,Yes
2018-09-16 23:00:00,571.0,21.3,80,2.6,1203,17.7,0.0,0.0,0.0,Autumn,No Holiday,Yes
2018-09-17 00:00:00,531.0,21.0,82,1.8,958,17.8,0.0,0.0,0.0,Autumn,No Holiday,Yes
2018-09-17 01:00:00,337.0,20.5,73,1.9,1693,15.4,0.0,0.0,0.0,Autumn,No Holiday,Yes
2018-09-17 02:00:00,227.0,20.3,81,1.9,1234,16.9,0.0,0.1,0.0,Autumn,No Holiday,Yes
2018-09-17 03:00:00,186.0,20.2,82,1.4,1202,17.0,0.0,0.0,0.0,Autumn,No Holiday,Yes
2018-09-17 04:00:00,160.0,20.0,81,2.0,1313,16.6,0.0,0.0,0.0,Autumn,No Holiday,Yes
2018-09-17 05:00:00,246.0,19.4,84,1.6,1252,16.6,0.0,0.0,0.0,Autumn,No Holiday,Yes
2018-09-17 06:00:00,625.0,18.8,88,1.2,798,16.7,0.0,0.0,0.0,Autumn,No Holiday,Yes
2018-09-17 07:00:00,1487.0,18.5,88,1.4,695,16.4,0.08,0.0,0.0,Autumn,No Holiday,Yes
2018-09-17 08:00:00,2276.0,18.9,77,0.6,1109,14.7,0.56,0.0,0.0,Autumn,No Holiday,Yes
2018-09-17 09:00:00,1185.0,20.5,66,1.1,1711,13.9,1.12,0.0,0.0,Autumn,No Holiday,Yes
2018-09-17 10:00:00,868.0,21.7,60,1.7,1540,13.5,1.44,0.0,0.0,Autumn,No Holiday,Yes
2018-09-17 11:00:00,954.0,23.8,54,2.1,1626,13.9,2.55,0.0,0.0,Autumn,No Holiday,Yes
2018-09-17 12:00:00,1083.0,25.2,50,1.7,1710,14.0,2.83,0.0,0.0,Autumn,No Holiday,Yes
2018-09-17 13:00:00,1069.0,25.6,50,3.8,1876,14.3,2.82,0.0,0.0,Autumn,No Holiday,Yes
2018-09-17 14:00:00,1092.0,26.7,40,3.3,1822,11.9,2.8,0.0,0.0,Autumn,No Holiday,Yes
2018-09-17 15:00:00,1207.0,27.4,33,2.7,1955,9.6,2.5,0.0,0.0,Autumn,No Holiday,Yes
2018-09-17 16:00:00,1445.0,27.6,37,2.8,1935,11.5,1.9,0.0,0.0,Autumn,No Holiday,Yes
2018-09-17 17:00:00,2056.0,27.3,43,2.6,2000,13.6,1.25,0.0,0.0,Autumn,No Holiday,Yes
2018-09-17 18:00:00,3277.0,25.3,56,2.8,1992,15.8,0.54,0.0,0.0,Autumn,No Holiday,Yes
2018-09-17 19:00:00,2489.0,23.0,63,3.1,2000,15.5,0.03,0.0,0.0,Autumn,No Holiday,Yes
2018-09-17 20:00:00,2232.0,21.9,65,2.5,1986,15.0,0.0,0.0,0.0,Autumn,No Holiday,Yes
2018-09-17 21:00:00,2100.0,21.3,66,2.3,1989,14.6,0.0,0.0,0.0,Autumn,No Holiday,Yes
2018-09-17 22:00:00,1865.0,20.8,65,0.9,2000,13.9,0.0,0.0,0.0,Autumn,No Holiday,Yes
2018-09-17 23:00:00,1293.0,20.2,68,1.2,1963,14.0,0.0,0.0,0.0,Autumn,No Holiday,Yes
2018-09-18 00:00:00,531.0,19.5,73,1.2,1916,14.5,0.0,0.0,0.0,Autumn,No Holiday,No
2018-09-18 01:00:00,337.0,19.3,71,0.4,1912,13.9,0.0,0.0,0.0,Autumn,No Holiday,No
2018-09-18 02:00:00,227.0,18.8,74,0.2,1866,14.0,0.0,0.0,0.0,Autumn,No Holiday,No
2018-09-18 03:00:00,186.0,18.7,76,0.5,1916,14.3,0.0,0.0,0.0,Autumn,No Holiday,No
2018-09-18 04:00:00,160.0,18.3,78,0.4,1906,14.3,0.0,0.0,0.0,Autumn,No Holiday,No
2018-09-18 05:00:00,246.0,17.9,77,0.5,1658,13.8,0.0,0.0,0.0,Autumn,No Holiday,No
2018-09-18 06:00:00,625.0,17.7,77,0.2,1757,13.6,0.0,0.0,0.0,Autumn,No Holiday,No
2018-09-18 07:00:00,1487.0,17.8,76,0.5,1729,13.5,0.08,0.0,0.0,Autumn,No Holiday,No
2018-09-18 08:00:00,2276.0,18.7,73,0.9,1501,13.7,0.34,0.0,0.0,Autumn,No Holiday,No
2018-09-18 09:00:00,1185.0,20.8,64,1.1,1205,13.7,1.13,0.0,0.0,Autumn,No Holiday,No
2018-09-18 10:00:00,868.0,22.7,54,1.0,1619,12.9,1.74,0.0,0.0,Autumn,No Holiday,No
2018-09-18 11:00:00,954.0,24.1,46,2.1,1678,11.7,2.03,0.0,0.0,Autumn,No Holiday,No
2018-09-18 12:00:00,1083.0,24.7,43,1.8,1809,11.2,1.75,0.0,0.0,Autumn,No Holiday,No
2018-09-18 13:00:00,1069.0,25.6,40,2.5,1704,10.9,2.18,0.0,0.0,Autumn,No Holiday,No
2018-09-18 14:00:00,1092.0,26.1,37,2.3,1749,10.2,1.92,0.0,0.0,Autumn,No Holiday,No
2018-09-18 15:00:00,1207.0,26.1,43,2.8,1785,12.5,1.62,0.0,0.0,Autumn,No Holiday,No
2018-09-18 16:00:00,1445.0,26.4,34,2.5,1953,9.2,1.6,0.0,0.0,Autumn,No Holiday,No
2018-09-18 17:00:00,2056.0,25.5,38,2.9,1997,10.1,0.92,0.0,0.0,Autumn,No Holiday,No
2018-09-18 18:00:00,3277.0,24.8,48,1.4,2000,13.0,0.51,0.0,0.0,Autumn,No Holiday,No
2018-09-18 19:00:00,2489.0,23.2,57,2.2,2000,14.2,0.03,0.0,0.0,Autumn,No Holiday,No
2018-09-18 20:00:00,2232.0,22.6,58,1.4,2000,13.9,0.0,0.0,0.0,Autumn,No Holiday,No
2018-09-18 21:00:00,2100.0,22.1,61,1.5,2000,14.2,0.0,0.0,0.0,Autumn,No Holiday,No
2018-09-18 22:00:00,1865.0,21.8,65,0.3,2000,14.9,0.0,0.0,0.0,Autumn,No Holiday,No
2018-09-18 23:00:00,1293.0,21.2,69,1.3,1999,15.2,0.0,0.0,0.0,Autumn,No Holiday,No
2018-09-19 00:00:00,949.0,21.0,66,0.4,2000,14.3,0.0,0.0,0.0,Autumn,No Holiday,No
2018-09-19 01:00:00,691.0,20.5,64,0.4,2000,13.4,0.0,0.0,0.0,Autumn,No Holiday,No
2018-09-19 02:00:00,462.0,20.0,70,0.2,2000,14.3,0.0,0.0,0.0,Autumn,No Holiday,No
2018-09-19 03:00:00,297.0,19.7,70,0.5,2000,14.0,0.0,0.0,0.0,Autumn,No Holiday,No
2018-09-19 04:00:00,215.0,19.5,70,0.5,2000,13.8,0.0,0.0,0.0,Autumn,No Holiday,No
2018-09-19 05:00:00,241.0,19.3,73,0.9,1782,14.3,0.0,0.0,0.0,Autumn,No Holiday,No
2018-09-19 06:00:00,656.0,19.0,76,0.3,1488,14.6,0.0,0.0,0.0,Autumn,No Holiday,No
2018-09-19 07:00:00,1551.0,19.0,74,0.8,1650,14.2,0.03,0.0,0.0,Autumn,No Holiday,No
2018-09-19 08:00:00,2391.0,19.8,71,1.1,1534,14.3,0.26,0.0,0.0,Autumn,No Holiday,No
2018-09-19 09:00:00,1234.0,21.5,61,0.8,1774,13.6,0.92,0.0,0.0,Autumn,No Holiday,No
2018-09-19 10:00:00,923.0,22.9,59,1.1,1819,14.4,1.49,0.0,0.0,Autumn,No Holiday,No
2018-09-19 11:00:00,1017.0,23.6,55,0.6,1723,14.0,1.01,0.0,0.0,Autumn,No Holiday,No
2018-09-19 12:00:00,1165.0,24.9,51,1.2,1619,14.0,1.56,0.0,0.0,Autumn,No Holiday,No
2018-09-19 13:00:00,1066.0,26.5,39,1.7,1560,11.4,2.15,0.0,0.0,Autumn,No Holiday,No
2018-09-19 14:00:00,1087.0,26.1,40,1.2,1840,11.4,1.21,0.0,0.0,Autumn,No Holiday,No
2018-09-19 15:00:00,1251.0,25.9,39,1.4,1836,10.8,0.9,0.0,0.0,Autumn,No Holiday,No
2018-09-19 16:00:00,1494.0,25.6,41,1.2,1594,11.3,0.65,0.0,0.0,Autumn,No Holiday,No
2018-09-19 17:00:00,2129.0,25.0,44,1.3,1883,11.8,0.36,0.0,0.0,Autumn,No Holiday,No
2018-09-19 18:00:00,3256.0,24.0,55,2.2,1691,14.3,0.12,0.0,0.0,Autumn,No Holiday,No
2018-09-19 19:00:00,2443.0,23.5,58,0.4,1836,14.7,0.0,0.0,0.0,Autumn,No Holiday,No
2018-09-19 20:00:00,2146.0,22.6,67,0.3,1737,16.1,0.0,0.0,0.0,Autumn,No Holiday,No
2018-09-19 21:00:00,2012.0,21.7,63,1.8,1078,14.3,0.0,0.1,0.0,Autumn,No Holiday,No
2018-09-19 22:00:00,1824.0,20.9,71,1.6,1057,15.4,0.0,0.1,0.0,Autumn,No Holiday,No
2018-09-19 23:00:00,1309.0,20.4,57,0.9,2000,11.5,0.0,0.0,0.0,Autumn,No Holiday,No
2018-09-20 00:00:00,886.0,20.1,58,0.3,2000,11.5,0.0,0.0,0.0,Autumn,No Holiday,Yes
2018-09-20 01:00:00,761.0,20.0,59,1.1,1999,11.7,0.0,0.0,0.0,Autumn,No Holiday,Yes
2018-09-20 02:00:00,524.0,19.9,64,1.5,1755,12.8,0.0,0.0,0.0,Autumn,No Holiday,Yes
2018-09-20 03:00:00,294.0,19.6,72,1.7,1140,14.4,0.0,0.0,0.0,Autumn,No Holiday,Yes
2018-09-20 04:00:00,241.0,19.6,74,1.4,847,14.8,0.0,0.0,0.0,Autumn,No Holiday,Yes
2018-09-20 05:00:00,137.0,19.5,74,1.8,1421,14.7,0.0,0.0,0.0,Autumn,No Holiday,Yes
2018-09-20 06:00:00,47.0,18.8,85,1.4,412,16.2,0.0,0.5,0.0,Autumn,No Holiday,Yes
2018-09-20 07:00:00,130.0,18.0,95,1.6,375,17.1,0.0,1.5,0.0,Autumn,No Holiday,Yes
2018-09-20 08:00:00,299.0,18.0,91,1.3,896,16.5,0.11,0.5,0.0,Autumn,No Holiday,Yes
2018-09-20 09:00:00,89.0,18.2,93,1.4,572,17.0,0.18,1.0,0.0,Autumn,No Holiday,Yes
2018-09-20 10:00:00,87.0,18.4,91,1.2,394,16.8,0.25,0.5,0.0,Autumn,No Holiday,Yes
2018-09-20 11:00:00,111.0,18.8,95,1.5,597,17.9,0.46,0.0,0.0,Autumn,No Holiday,Yes
2018-09-20 12:00:00,180.0,19.0,91,1.7,965,17.4,0.67,0.5,0.0,Autumn,No Holiday,Yes
2018-09-20 13:00:00,301.0,18.9,89,2.6,586,17.0,0.58,0.0,0.0,Autumn,No Holiday,Yes
2018-09-20 14:00:00,573.0,19.3,83,2.3,2000,16.3,0.83,0.5,0.0,Autumn,No Holiday,Yes
2018-09-20 15:00:00,696.0,19.4,79,1.4,2000,15.6,0.33,0.0,0.0,Autumn,No Holiday,Yes
2018-09-20 16:00:00,912.0,19.5,75,2.1,2000,14.9,0.38,0.0,0.0,Autumn,No Holiday,Yes
2018-09-20 17:00:00,1290.0,19.3,76,2.1,2000,14.9,0.21,0.0,0.0,Autumn,No Holiday,Yes
2018-09-20 18:00:00,1786.0,19.1,77,2.5,2000,14.9,0.08,0.0,0.0,Autumn,No Holiday,Yes
2018-09-20 19:00:00,1272.0,18.9,78,2.2,2000,14.9,0.0,0.0,0.0,Autumn,No Holiday,Yes
2018-09-20 20:00:00,898.0,19.1,77,2.2,1834,14.9,0.0,0.0,0.0,Autumn,No Holiday,Yes
2018-09-20 21:00:00,784.0,18.7,84,2.7,1744,15.9,0.0,0.0,0.0,Autumn,No Holiday,Yes
2018-09-20 22:00:00,1049.0,18.4,85,2.1,1772,15.8,0.0,0.0,0.0,Autumn,No Holiday,Yes
2018-09-20 23:00:00,935.0,18.7,80,1.7,2000,15.1,0.0,0.0,0.0,Autumn,No Holiday,Yes
2018-09-21 00:00:00,809.0,18.9,78,2.1,2000,14.9,0.0,0.0,0.0,Autumn,No Holiday,Yes
2018-09-21 01:00:00,674.0,19.0,78,1.6,2000,15.0,0.0,0.0,0.0,Autumn,No Holiday,Yes
2018-09-21 02:00:00,122.0,19.1,78,1.3,2000,15.1,0.0,0.0,0.0,Autumn,No Holiday,Yes
2018-09-21 03:00:00,28.0,18.5,88,1.2,659,16.4,0.0,1.5,0.0,Autumn,No Holiday,Yes
2018-09-21 04:00:00,24.0,17.9,95,1.7,1298,17.0,0.0,2.5,0.0,Autumn,No Holiday,Yes
2018-09-21 05:00:00,24.0,17.8,93,1.8,2000,16.6,0.0,0.5,0.0,Autumn,No Holiday,Yes
2018-09-21 06:00:00,23.0,17.6,95,1.7,974,16.7,0.0,1.5,0.0,Autumn,No Holiday,Yes
2018-09-21 07:00:00,45.0,17.6,96,1.7,310,16.9,0.0,5.0,0.0,Autumn,No Holiday,Yes
2018-09-21 08:00:00,127.0,17.8,97,2.0,1284,17.3,0.09,4.0,0.0,Autumn,No Holiday,Yes
2018-09-21 09:00:00,47.0,18.2,96,1.3,1251,17.5,0.21,1.0,0.0,Autumn,No Holiday,Yes
2018-09-21 10:00:00,78.0,18.4,96,2.0,1124,17.7,0.32,1.0,0.0,Autumn,No Holiday,Yes
2018-09-21 11:00:00,98.0,18.9,91,1.8,1938,17.3,0.64,0.5,0.0,Autumn,No Holiday,Yes
2018-09-21 12:00:00,143.0,19.1,91,2.0,1971,17.5,0.63,0.0,0.0,Autumn,No Holiday,Yes
2018-09-21 13:00:00,600.0,19.8,88,0.9,1796,17.7,0.65,0.0,0.0,Autumn,No Holiday,Yes
2018-09-21 14:00:00,972.0,21.4,76,1.4,2000,16.9,1.5,0.5,0.0,Autumn,No Holiday,Yes
2018-09-21 15:00:00,1288.0,21.8,76,1.4,2000,17.3,1.2,0.0,0.0,Autumn,No Holiday,Yes
2018-09-21 16:00:00,1550.0,21.5,78,1.2,2000,17.4,0.51,0.0,0.0,Autumn,No Holiday,Yes
2018-09-21 17:00:00,1904.0,21.2,77,1.2,2000,16.9,0.31,0.0,0.0,Autumn,No Holiday,Yes
2018-09-21 18:00:00,2235.0,20.9,77,0.6,2000,16.7,0.23,0.0,0.0,Autumn,No Holiday,Yes
2018-09-21 19:00:00,1720.0,20.3,81,1.0,2000,16.9,0.02,0.0,0.0,Autumn,No Holiday,Yes
2018-09-21 20:00:00,1551.0,20.0,82,0.4,2000,16.8,0.0,0.0,0.0,Autumn,No Holiday,Yes
2018-09-21 21:00:00,1540.0,19.9,82,0.6,2000,16.7,0.0,0.0,0.0,Autumn,No Holiday,Yes
2018-09-21 22:00:00,1493.0,19.7,82,0.5,2000,16.5,0.0,0.0,0.0,Autumn,No Holiday,Yes
2018-09-21 23:00:00,1171.0,19.5,82,0.6,2000,16.3,0.0,0.0,0.0,Autumn,No Holiday,Yes
2018-09-22 00:00:00,953.0,19.5,81,1.1,2000,16.1,0.0,0.0,0.0,Autumn,No Holiday,Yes
2018-09-22 01:00:00,875.0,19.5,83,1.5,1459,16.5,0.0,0.0,0.0,Autumn,No Holiday,Yes
2018-09-22 02:00:00,655.0,19.4,85,0.0,1533,16.8,0.0,0.0,0.0,Autumn,No Holiday,Yes
2018-09-22 03:00:00,458.0,18.8,90,1.0,1191,17.1,0.0,0.0,0.0,Autumn,No Holiday,Yes
2018-09-22 04:00:00,96.0,18.9,88,0.8,1226,16.8,0.0,0.0,0.0,Autumn,No Holiday,Yes
2018-09-22 05:00:00,93.0,18.8,96,0.2,973,18.1,0.0,6.5,0.0,Autumn,No Holiday,Yes
2018-09-22 06:00:00,215.0,18.4,95,0.1,752,17.5,0.0,0.0,0.0,Autumn,No Holiday,Yes
2018-09-22 07:00:00,363.0,18.1,96,0.9,557,17.4,0.04,0.0,0.0,Autumn,No Holiday,Yes
2018-09-22 08:00:00,654.0,18.2,86,0.0,858,15.8,0.48,0.0,0.0,Autumn,No Holiday,Yes
2018-09-22 09:00:00,810.0,19.7,78,1.3,740,15.7,1.17,0.0,0.0,Autumn,No Holiday,Yes
2018-09-22 10:00:00,925.0,21.8,67,1.9,878,15.3,1.88,0.0,0.0,Autumn,No Holiday,Yes
2018-09-22 11:00:00,1062.0,22.7,55,2.7,1297,13.1,1.86,0.0,0.0,Autumn,No Holiday,Yes
2018-09-22 12:00:00,1273.0,24.2,43,2.2,1798,10.8,2.31,0.0,0.0,Autumn,No Holiday,Yes
2018-09-22 13:00:00,1409.0,24.9,32,3.9,2000,7.0,2.57,0.0,0.0,Autumn,No Holiday,Yes
2018-09-22 14:00:00,1532.0,25.2,28,4.4,2000,5.3,2.76,0.0,0.0,Autumn,No Holiday,Yes
2018-09-22 15:00:00,1814.0,25.4,32,3.8,1980,7.4,2.42,0.0,0.0,Autumn,No Holiday,Yes
2018-09-22 16:00:00,1840.0,25.3,38,3.0,2000,9.9,1.88,0.0,0.0,Autumn,No Holiday,Yes
2018-09-22 17:00:00,2045.0,24.6,35,3.6,1990,8.1,1.2,0.0,0.0,Autumn,No Holiday,Yes
2018-09-22 18:00:00,1939.0,23.2,36,2.8,2000,7.2,0.47,0.0,0.0,Autumn,No Holiday,Yes
2018-09-22 19:00:00,1743.0,21.3,43,2.8,2000,8.2,0.02,0.0,0.0,Autumn,No Holiday,Yes
2018-09-22 20:00:00,1604.0,20.4,52,1.2,2000,10.2,0.0,0.0,0.0,Autumn,No Holiday,Yes
2018-09-22 21:00:00,1502.0,19.4,55,0.8,2000,10.1,0.0,0.0,0.0,Autumn,No Holiday,Yes
2018-09-22 22:00:00,1430.0,18.6,62,0.6,2000,11.1,0.0,0.0,0.0,Autumn,No Holiday,Yes
2018-09-22 23:00:00,1108.0,17.9,66,1.0,2000,11.4,0.0,0.0,0.0,Autumn,No Holiday,Yes
2018-09-23 00:00:00,880.0,17.2,69,0.6,2000,11.4,0.0,0.0,0.0,Autumn,Holiday,Yes
2018-09-23 01:00:00,644.0,16.4,66,0.1,2000,10.0,0.0,0.0,0.0,Autumn,Holiday,Yes
2018-09-23 02:00:00,489.0,16.0,72,1.3,2000,10.9,0.0,0.0,0.0,Autumn,Holiday,Yes
2018-09-23 03:00:00,334.0,15.8,70,0.8,2000,10.3,0.0,0.0,0.0,Autumn,Holiday,Yes
2018-09-23 04:00:00,202.0,16.2,69,0.7,2000,10.4,0.0,0.0,0.0,Autumn,Holiday,Yes
2018-09-23 05:00:00,106.0,16.3,67,0.8,2000,10.1,0.0,0.0,0.0,Autumn,Holiday,Yes
2018-09-23 06:00:00,144.0,16.5,73,1.2,2000,11.6,0.0,0.0,0.0,Autumn,Holiday,Yes
2018-09-23 07:00:00,261.0,16.5,74,0.4,2000,11.8,0.0,0.0,0.0,Autumn,Holiday,Yes
2018-09-23 08:00:00,439.0,17.0,69,1.2,2000,11.2,0.3,0.0,0.0,Autumn,Holiday,Yes
2018-09-23 09:00:00,534.0,18.4,59,1.0,1951,10.2,0.86,0.0,0.0,Autumn,Holiday,Yes
2018-09-23 10:00:00,620.0,19.3,59,0.2,2000,11.0,0.94,0.0,0.0,Autumn,Holiday,Yes
2018-09-23 11:00:00,764.0,20.1,57,3.0,1929,11.3,1.29,0.0,0.0,Autumn,Holiday,Yes
2018-09-23 12:00:00,915.0,20.8,52,1.2,1984,10.5,1.25,0.0,0.0,Autumn,Holiday,Yes
2018-09-23 13:00:00,1031.0,22.7,44,1.4,1913,9.8,1.77,0.0,0.0,Autumn,Holiday,Yes
2018-09-23 14:00:00,1136.0,24.2,40,1.2,1953,9.7,2.62,0.0,0.0,Autumn,Holiday,Yes
2018-09-23 15:00:00,1366.0,25.0,28,2.2,2000,5.2,2.39,0.0,0.0,Autumn,Holiday,Yes
2018-09-23 16:00:00,1502.0,24.6,29,4.0,1988,5.3,1.73,0.0,0.0,Autumn,Holiday,Yes
2018-09-23 17:00:00,1591.0,24.1,41,2.4,2000,10.0,1.17,0.0,0.0,Autumn,Holiday,Yes
2018-09-23 18:00:00,1492.0,22.3,53,2.7,2000,12.2,0.44,0.0,0.0,Autumn,Holiday,Yes
2018-09-23 19:00:00,1333.0,21.0,54,2.9,2000,11.3,0.01,0.0,0.0,Autumn,Holiday,Yes
2018-09-23 20:00:00,1287.0,20.2,48,3.3,2000,8.8,0.0,0.0,0.0,Autumn,Holiday,Yes
2018-09-23 21:00:00,1148.0,19.1,38,2.1,2000,4.4,0.0,0.0,0.0,Autumn,Holiday,Yes
2018-09-23 22:00:00,1074.0,18.5,40,2.5,2000,4.6,0.0,0.0,0.0,Autumn,Holiday,Yes
2018-09-23 23:00:00,768.0,17.7,45,1.1,2000,5.6,0.0,0.0,0.0,Autumn,Holiday,Yes
2018-09-24 00:00:00,620.0,17.2,50,1.7,2000,6.6,0.0,0.0,0.0,Autumn,Holiday,Yes
2018-09-24 01:00:00,426.0,16.8,53,2.0,2000,7.1,0.0,0.0,0.0,Autumn,Holiday,Yes
2018-09-24 02:00:00,302.0,16.1,57,0.7,2000,7.5,0.0,0.0,0.0,Autumn,Holiday,Yes
2018-09-24 03:00:00,216.0,15.5,63,0.3,2000,8.4,0.0,0.0,0.0,Autumn,Holiday,Yes
2018-09-24 04:00:00,141.0,14.9,68,0.9,2000,9.0,0.0,0.0,0.0,Autumn,Holiday,Yes
2018-09-24 05:00:00,105.0,14.4,66,0.3,2000,8.1,0.0,0.0,0.0,Autumn,Holiday,Yes
2018-09-24 06:00:00,141.0,14.3,66,0.5,2000,8.0,0.0,0.0,0.0,Autumn,Holiday,Yes
2018-09-24 07:00:00,205.0,14.7,61,2.1,2000,7.2,0.02,0.0,0.0,Autumn,Holiday,Yes
2018-09-24 08:00:00,296.0,15.4,52,2.2,1985,5.5,0.49,0.0,0.0,Autumn,Holiday,Yes
2018-09-24 09:00:00,310.0,17.0,43,2.1,1993,4.3,1.36,0.0,0.0,Autumn,Holiday,Yes
2018-09-24 10:00:00,426.0,18.5,38,3.3,2000,3.8,2.02,0.0,0.0,Autumn,Holiday,Yes
2018-09-24 11:00:00,588.0,19.4,31,4.1,1966,1.8,2.55,0.0,0.0,Autumn,Holiday,Yes
2018-09-24 12:00:00,754.0,20.3,34,2.6,2000,3.9,2.85,0.0,0.0,Autumn,Holiday,Yes
2018-09-24 13:00:00,885.0,20.9,30,3.5,2000,2.6,2.93,0.0,0.0,Autumn,Holiday,Yes
2018-09-24 14:00:00,1099.0,21.3,30,4.3,2000,3.0,2.78,0.0,0.0,Autumn,Holiday,Yes
2018-09-24 15:00:00,1273.0,21.8,32,3.3,2000,4.3,2.42,0.0,0.0,Autumn,Holiday,Yes
2018-09-24 16:00:00,1433.0,22.0,31,2.7,2000,4.0,1.87,0.0,0.0,Autumn,Holiday,Yes
2018-09-24 17:00:00,1442.0,21.6,32,3.1,2000,4.1,1.2,0.0,0.0,Autumn,Holiday,Yes
2018-09-24 18:00:00,1237.0,20.3,35,2.4,2000,4.3,0.46,0.0,0.0,Autumn,Holiday,Yes
2018-09-24 19:00:00,1280.0,18.6,54,2.7,2000,9.0,0.01,0.0,0.0,Autumn,Holiday,Yes
2018-09-24 20:00:00,1227.0,17.6,57,1.4,2000,8.9,0.0,0.0,0.0,Autumn,Holiday,Yes
2018-09-24 21:00:00,1145.0,16.8,58,1.2,2000,8.4,0.0,0.0,0.0,Autumn,Holiday,Yes
2018-09-24 22:00:00,958.0,16.6,47,3.9,2000,5.2,0.0,0.0,0.0,Autumn,Holiday,Yes
2018-09-24 23:00:00,750.0,15.7,51,0.4,2000,5.5,0.0,0.0,0.0,Autumn,Holiday,Yes
2018-09-25 00:00:00,558.0,14.7,55,1.6,2000,5.7,0.0,0.0,0.0,Autumn,Holiday,Yes
2018-09-25 01:00:00,408.0,13.8,60,0.8,2000,6.1,0.0,0.0,0.0,Autumn,Holiday,Yes
2018-09-25 02:00:00,292.0,13.4,62,0.2,2000,6.2,0.0,0.0,0.0,Autumn,Holiday,Yes
2018-09-25 03:00:00,222.0,12.7,67,0.5,2000,6.7,0.0,0.0,0.0,Autumn,Holiday,Yes
2018-09-25 04:00:00,157.0,12.0,69,0.5,2000,6.4,0.0,0.0,0.0,Autumn,Holiday,Yes
2018-09-25 05:00:00,105.0,11.5,70,0.5,2000,6.2,0.0,0.0,0.0,Autumn,Holiday,Yes
2018-09-25 06:00:00,132.0,11.2,70,0.9,2000,5.9,0.0,0.0,0.0,Autumn,Holiday,Yes
2018-09-25 07:00:00,262.0,10.8,72,0.9,2000,5.9,0.03,0.0,0.0,Autumn,Holiday,Yes
2018-09-25 08:00:00,440.0,12.0,61,1.3,1988,4.6,0.6,0.0,0.0,Autumn,Holiday,Yes
2018-09-25 09:00:00,542.0,15.3,49,1.0,2000,4.6,1.34,0.0,0.0,Autumn,Holiday,Yes
2018-09-25 10:00:00,667.0,18.0,44,1.3,1984,5.5,1.99,0.0,0.0,Autumn,Holiday,Yes
2018-09-25 11:00:00,853.0,20.1,40,1.6,1985,6.0,2.47,0.0,0.0,Autumn,Holiday,Yes
2018-09-25 12:00:00,1045.0,21.7,36,2.0,2000,5.9,2.78,0.0,0.0,Autumn,Holiday,Yes
2018-09-25 13:00:00,1309.0,22.9,30,2.0,2000,4.3,2.9,0.0,0.0,Autumn,Holiday,Yes
2018-09-25 14:00:00,1522.0,23.7,28,1.4,2000,4.0,2.77,0.0,0.0,Autumn,Holiday,Yes
2018-09-25 15:00:00,1747.0,24.1,26,1.6,2000,3.3,2.38,0.0,0.0,Autumn,Holiday,Yes
2018-09-25 16:00:00,1955.0,24.2,28,1.7,2000,4.5,1.86,0.0,0.0,Autumn,Holiday,Yes
2018-09-25 17:00:00,2033.0,22.9,33,1.4,2000,5.7,0.83,0.0,0.0,Autumn,Holiday,Yes
2018-09-25 18:00:00,1885.0,21.6,37,1.0,2000,6.2,0.24,0.0,0.0,Autumn,Holiday,Yes
2018-09-25 19:00:00,1608.0,20.3,39,0.6,2000,5.8,0.0,0.0,0.0,Autumn,Holiday,Yes
2018-09-25 20:00:00,1583.0,19.3,45,0.4,2000,7.0,0.0,0.0,0.0,Autumn,Holiday,Yes
2018-09-25 21:00:00,1565.0,18.5,48,1.0,2000,7.2,0.0,0.0,0.0,Autumn,Holiday,Yes
2018-09-25 22:00:00,1418.0,17.7,52,1.0,2000,7.7,0.0,0.0,0.0,Autumn,Holiday,Yes
2018-09-25 23:00:00,1042.0,17.4,49,1.2,2000,6.5,0.0,0.0,0.0,Autumn,Holiday,Yes
2018-09-26 00:00:00,880.0,17.0,51,1.5,2000,6.7,0.0,0.0,0.0,Autumn,No Holiday,Yes
2018-09-26 01:00:00,594.0,16.6,53,1.7,2000,6.9,0.0,0.0,0.0,Autumn,No Holiday,Yes
2018-09-26 02:00:00,453.0,16.6,54,1.5,2000,7.2,0.0,0.0,0.0,Autumn,No Holiday,Yes
2018-09-26 03:00:00,355.0,16.5,57,1.6,2000,7.9,0.0,0.0,0.0,Autumn,No Holiday,Yes
2018-09-26 04:00:00,222.0,16.4,59,1.7,2000,8.3,0.0,0.0,0.0,Autumn,No Holiday,Yes
2018-09-26 05:00:00,150.0,16.3,61,1.5,2000,8.7,0.0,0.0,0.0,Autumn,No Holiday,Yes
2018-09-26 06:00:00,230.0,16.3,62,2.1,2000,8.9,0.0,0.0,0.0,Autumn,No Holiday,Yes
2018-09-26 07:00:00,335.0,16.3,62,2.0,2000,8.9,0.01,0.0,0.0,Autumn,No Holiday,Yes
2018-09-26 08:00:00,598.0,16.7,60,2.0,2000,8.8,0.2,0.0,0.0,Autumn,No Holiday,Yes
2018-09-26 09:00:00,680.0,17.7,54,1.8,2000,8.2,0.63,0.0,0.0,Autumn,No Holiday,Yes
2018-09-26 10:00:00,923.0,19.4,47,2.3,2000,7.7,1.45,0.0,0.0,Autumn,No Holiday,Yes
2018-09-26 11:00:00,1152.0,20.5,42,2.1,1981,7.1,1.59,0.0,0.0,Autumn,No Holiday,Yes
2018-09-26 12:00:00,1358.0,22.5,37,1.8,2000,7.0,2.5,0.0,0.0,Autumn,No Holiday,Yes
2018-09-26 13:00:00,1686.0,23.4,34,2.1,2000,6.6,2.84,0.0,0.0,Autumn,No Holiday,Yes
2018-09-26 14:00:00,1972.0,24.1,33,1.3,2000,6.8,2.52,0.0,0.0,Autumn,No Holiday,Yes
2018-09-26 15:00:00,2170.0,24.7,35,1.2,2000,8.1,2.28,0.0,0.0,Autumn,No Holiday,Yes
2018-09-26 16:00:00,2270.0,24.4,35,1.8,2000,7.9,1.71,0.0,0.0,Autumn,No Holiday,Yes
2018-09-26 17:00:00,2349.0,23.6,38,1.4,2000,8.4,1.04,0.0,0.0,Autumn,No Holiday,Yes
2018-09-26 18:00:00,2339.0,22.1,45,1.5,2000,9.6,0.27,0.0,0.0,Autumn,No Holiday,Yes
2018-09-26 19:00:00,1937.0,20.7,46,1.0,2000,8.6,0.02,0.0,0.0,Autumn,No Holiday,Yes
2018-09-26 20:00:00,1653.0,20.0,46,2.0,2000,8.0,0.0,0.0,0.0,Autumn,No Holiday,Yes
2018-09-26 21:00:00,1529.0,18.9,43,2.0,2000,6.0,0.0,0.0,0.0,Autumn,No Holiday,Yes
2018-09-26 22:00:00,1249.0,18.1,43,1.7,2000,5.3,0.0,0.0,0.0,Autumn,No Holiday,Yes
2018-09-26 23:00:00,934.0,17.4,46,2.1,2000,5.6,0.0,0.0,0.0,Autumn,No Holiday,Yes
2018-09-27 00:00:00,770.0,16.7,50,1.7,2000,6.2,0.0,0.0,0.0,Autumn,No Holiday,Yes
2018-09-27 01:00:00,488.0,16.1,53,1.4,2000,6.5,0.0,0.0,0.0,Autumn,No Holiday,Yes
2018-09-27 02:00:00,326.0,15.7,53,1.4,2000,6.1,0.0,0.0,0.0,Autumn,No Holiday,Yes
2018-09-27 03:00:00,178.0,14.9,57,1.1,2000,6.4,0.0,0.0,0.0,Autumn,No Holiday,Yes
2018-09-27 04:00:00,151.0,14.4,58,1.1,2000,6.2,0.0,0.0,0.0,Autumn,No Holiday,Yes
2018-09-27 05:00:00,207.0,13.9,60,0.6,2000,6.2,0.0,0.0,0.0,Autumn,No Holiday,Yes
2018-09-27 06:00:00,589.0,13.4,61,0.8,2000,6.0,0.0,0.0,0.0,Autumn,No Holiday,Yes
2018-09-27 07:00:00,1364.0,13.2,60,0.5,2000,5.5,0.02,0.0,0.0,Autumn,No Holiday,Yes
2018-09-27 08:00:00,2129.0,14.8,51,1.1,2000,4.7,0.59,0.0,0.0,Autumn,No Holiday,Yes
2018-09-27 09:00:00,1120.0,17.7,48,1.5,2000,6.5,1.3,0.0,0.0,Autumn,No Holiday,Yes
2018-09-27 10:00:00,907.0,19.9,47,1.8,1989,8.2,1.93,0.0,0.0,Autumn,No Holiday,Yes
2018-09-27 11:00:00,1019.0,21.3,43,1.7,1998,8.2,2.42,0.0,0.0,Autumn,No Holiday,Yes
2018-09-27 12:00:00,1189.0,23.2,42,1.4,2000,9.5,2.73,0.0,0.0,Autumn,No Holiday,Yes
2018-09-27 13:00:00,1191.0,23.0,39,1.7,2000,8.2,2.28,0.0,0.0,Autumn,No Holiday,Yes
2018-09-27 14:00:00,1305.0,24.6,34,1.5,2000,7.6,2.74,0.0,0.0,Autumn,No Holiday,Yes
2018-09-27 15:00:00,1404.0,23.4,35,1.4,2000,7.0,1.39,0.0,0.0,Autumn,No Holiday,Yes
2018-09-27 16:00:00,1636.0,23.6,31,1.1,2000,5.4,1.37,0.0,0.0,Autumn,No Holiday,Yes
2018-09-27 17:00:00,2189.0,24.3,31,1.5,2000,6.0,1.17,0.0,0.0,Autumn,No Holiday,Yes
2018-09-27 18:00:00,3154.0,22.5,38,0.8,2000,7.4,0.31,0.0,0.0,Autumn,No Holiday,Yes
2018-09-27 19:00:00,2422.0,20.6,44,0.7,2000,7.9,0.01,0.0,0.0,Autumn,No Holiday,Yes
2018-09-27 20:00:00,2098.0,19.5,47,1.2,2000,7.8,0.0,0.0,0.0,Autumn,No Holiday,Yes
2018-09-27 21:00:00,1930.0,18.7,48,1.3,2000,7.4,0.0,0.0,0.0,Autumn,No Holiday,Yes
2018-09-27 22:00:00,1801.0,17.9,50,1.0,2000,7.3,0.0,0.0,0.0,Autumn,No Holiday,Yes
2018-09-27 23:00:00,1222.0,17.7,51,1.4,2000,7.4,0.0,0.0,0.0,Autumn,No Holiday,Yes
2018-09-28 00:00:00,770.0,17.1,52,1.4,2000,7.1,0.0,0.0,0.0,Autumn,No Holiday,No
2018-09-28 01:00:00,488.0,16.5,53,1.5,2000,6.8,0.0,0.0,0.0,Autumn,No Holiday,No
2018-09-28 02:00:00,326.0,16.0,56,1.5,2000,7.2,0.0,0.0,0.0,Autumn,No Holiday,No
2018-09-28 03:00:00,178.0,15.3,59,1.6,2000,7.3,0.0,0.0,0.0,Autumn,No Holiday,No
2018-09-28 04:00:00,151.0,14.7,62,1.5,2000,7.4,0.0,0.0,0.0,Autumn,No Holiday,No
2018-09-28 05:00:00,207.0,14.5,60,1.4,2000,6.8,0.0,0.0,0.0,Autumn,No Holiday,No
2018-09-28 06:00:00,589.0,14.4,61,1.2,2000,6.9,0.0,0.0,0.0,Autumn,No Holiday,No
2018-09-28 07:00:00,1364.0,14.5,62,1.5,2000,7.2,0.03,0.0,0.0,Autumn,No Holiday,No
2018-09-28 08:00:00,2129.0,15.2,58,1.7,2000,6.9,0.29,0.0,0.0,Autumn,No Holiday,No
2018-09-28 09:00:00,1120.0,16.5,50,1.2,2000,6.0,0.66,0.0,0.0,Autumn,No Holiday,No
2018-09-28 10:00:00,907.0,17.4,51,1.3,1989,7.1,0.81,0.0,0.0,Autumn,No Holiday,No
2018-09-28 11:00:00,1019.0,17.9,54,1.4,2000,8.4,0.73,0.0,0.0,Autumn,No Holiday,No
2018-09-28 12:00:00,1189.0,19.0,52,1.2,2000,8.9,0.98,0.0,0.0,Autumn,No Holiday,No
2018-09-28 13:00:00,1191.0,19.1,53,1.4,2000,9.2,0.76,0.0,0.0,Autumn,No Holiday,No
2018-09-28 14:00:00,1305.0,19.4,53,1.4,2000,9.5,0.68,0.0,0.0,Autumn,No Holiday,No
2018-09-28 15:00:00,1404.0,20.3,52,1.3,2000,10.1,1.15,0.0,0.0,Autumn,No Holiday,No
2018-09-28 16:00:00,1636.0,21.9,46,1.2,1995,9.7,1.67,0.0,0.0,Autumn,No Holiday,No
2018-09-28 17:00:00,2189.0,21.7,52,1.1,2000,11.4,0.79,0.0,0.0,Autumn,No Holiday,No
2018-09-28 18:00:00,3154.0,20.4,56,1.7,2000,11.3,0.2,0.0,0.0,Autumn,No Holiday,No
2018-09-28 19:00:00,2422.0,19.3,61,0.8,2000,11.5,0.01,0.0,0.0,Autumn,No Holiday,No
2018-09-28 20:00:00,2098.0,18.0,67,0.7,2000,11.7,0.0,0.0,0.0,Autumn,No Holiday,No
2018-09-28 21:00:00,1930.0,17.8,66,1.1,2000,11.3,0.0,0.0,0.0,Autumn,No Holiday,No
2018-09-28 22:00:00,1801.0,17.1,70,1.0,2000,11.5,0.0,0.0,0.0,Autumn,No Holiday,No
2018-09-28 23:00:00,1222.0,16.6,69,1.0,2000,10.8,0.0,0.0,0.0,Autumn,No Holiday,No
2018-09-29 00:00:00,1037.0,16.6,69,1.0,2000,10.8,0.0,0.0,0.0,Autumn,No Holiday,Yes
2018-09-29 01:00:00,982.0,16.2,71,0.9,2000,10.9,0.0,0.0,0.0,Autumn,No Holiday,Yes
2018-09-29 02:00:00,690.0,15.8,71,1.1,2000,10.5,0.0,0.0,0.0,Autumn,No Holiday,Yes
2018-09-29 03:00:00,493.0,15.5,73,1.0,2000,10.6,0.0,0.0,0.0,Autumn,No Holiday,Yes
2018-09-29 04:00:00,301.0,15.4,74,0.9,2000,10.7,0.0,0.0,0.0,Autumn,No Holiday,Yes
2018-09-29 05:00:00,208.0,15.0,77,0.5,2000,10.9,0.0,0.0,0.0,Autumn,No Holiday,Yes
2018-09-29 06:00:00,290.0,14.6,81,1.0,2000,11.3,0.0,0.0,0.0,Autumn,No Holiday,Yes
2018-09-29 07:00:00,513.0,14.7,76,0.8,2000,10.5,0.02,0.0,0.0,Autumn,No Holiday,Yes
2018-09-29 08:00:00,848.0,15.7,65,1.2,2000,9.1,0.54,0.0,0.0,Autumn,No Holiday,Yes
2018-09-29 09:00:00,1076.0,18.3,58,1.4,1958,9.8,1.24,0.0,0.0,Autumn,No Holiday,Yes
2018-09-29 10:00:00,1071.0,20.8,52,1.5,2000,10.5,1.88,0.0,0.0,Autumn,No Holiday,Yes
2018-09-29 11:00:00,1284.0,22.3,50,1.3,2000,11.3,2.36,0.0,0.0,Autumn,No Holiday,Yes
2018-09-29 12:00:00,1495.0,23.8,44,1.7,2000,10.8,2.66,0.0,0.0,Autumn,No Holiday,Yes
2018-09-29 13:00:00,1752.0,24.9,40,1.4,2000,10.3,2.75,0.0,0.0,Autumn,No Holiday,Yes
2018-09-29 14:00:00,1892.0,26.2,33,1.8,2000,8.6,2.62,0.0,0.0,Autumn,No Holiday,Yes
2018-09-29 15:00:00,2065.0,26.5,33,1.4,2000,8.9,2.25,0.0,0.0,Autumn,No Holiday,Yes
2018-09-29 16:00:00,2254.0,26.6,34,1.3,2000,9.4,1.69,0.0,0.0,Autumn,No Holiday,Yes
2018-09-29 17:00:00,2432.0,26.3,31,1.0,2000,7.8,1.03,0.0,0.0,Autumn,No Holiday,Yes
2018-09-29 18:00:00,2397.0,24.8,41,0.5,2000,10.6,0.33,0.0,0.0,Autumn,No Holiday,Yes
2018-09-29 19:00:00,2021.0,22.5,43,0.4,2000,9.2,0.0,0.0,0.0,Autumn,No Holiday,Yes
2018-09-29 20:00:00,1835.0,21.3,46,0.1,2000,9.2,0.0,0.0,0.0,Autumn,No Holiday,Yes
2018-09-29 21:00:00,1781.0,20.1,54,1.2,2000,10.4,0.0,0.0,0.0,Autumn,No Holiday,Yes
2018-09-29 22:00:00,1501.0,19.3,55,0.5,2000,10.0,0.0,0.0,0.0,Autumn,No Holiday,Yes
2018-09-29 23:00:00,1229.0,18.6,59,0.7,2000,10.4,0.0,0.0,0.0,Autumn,No Holiday,Yes
2018-09-30 00:00:00,1037.0,18.1,60,0.2,2000,10.2,0.0,0.0,0.0,Autumn,No Holiday,No
2018-09-30 01:00:00,982.0,17.5,66,0.5,2000,11.0,0.0,0.0,0.0,Autumn,No Holiday,No
2018-09-30 02:00:00,690.0,17.3,68,0.7,2000,11.3,0.0,0.0,0.0,Autumn,No Holiday,No
2018-09-30 03:00:00,493.0,17.0,70,0.9,2000,11.4,0.0,0.0,0.0,Autumn,No Holiday,No
2018-09-30 04:00:00,301.0,16.6,73,0.3,2000,11.7,0.0,0.0,0.0,Autumn,No Holiday,No
2018-09-30 05:00:00,208.0,16.1,78,0.4,2000,12.2,0.0,0.0,0.0,Autumn,No Holiday,No
2018-09-30 06:00:00,290.0,15.5,80,0.4,2000,12.0,0.0,0.0,0.0,Autumn,No Holiday,No
2018-09-30 07:00:00,513.0,15.1,81,0.8,1939,11.8,0.03,0.0,0.0,Autumn,No Holiday,No
2018-09-30 08:00:00,848.0,16.2,69,1.1,2000,10.4,0.54,0.0,0.0,Autumn,No Holiday,No
2018-09-30 09:00:00,1076.0,18.5,62,0.5,1847,11.0,1.0,0.0,0.0,Autumn,No Holiday,No
2018-09-30 10:00:00,1071.0,20.7,62,1.3,1679,13.1,1.41,0.0,0.0,Autumn,No Holiday,No
2018-09-30 11:00:00,1284.0,20.2,63,2.8,1195,12.9,1.25,0.0,0.0,Autumn,No Holiday,No
2018-09-30 12:00:00,1495.0,20.8,47,3.1,1665,9.0,2.0,0.0,0.0,Autumn,No Holiday,No
2018-09-30 13:00:00,1752.0,21.1,42,4.6,1954,7.6,2.74,0.0,0.0,Autumn,No Holiday,No
2018-09-30 14:00:00,1892.0,21.1,32,4.4,1999,3.7,2.48,0.0,0.0,Autumn,No Holiday,No
2018-09-30 15:00:00,2065.0,21.3,32,3.8,2000,3.9,2.31,0.0,0.0,Autumn,No Holiday,No
2018-09-30 16:00:00,2254.0,21.2,28,3.2,2000,1.9,1.77,0.0,0.0,Autumn,No Holiday,No
2018-09-30 17:00:00,2432.0,20.4,31,3.2,2000,2.6,1.06,0.0,0.0,Autumn,No Holiday,No
2018-09-30 18:00:00,2397.0,18.3,34,3.3,2000,2.1,0.36,0.0,0.0,Autumn,No Holiday,No
2018-09-30 19:00:00,2021.0,17.1,35,2.9,2000,1.4,0.0,0.0,0.0,Autumn,No Holiday,No
2018-09-30 20:00:00,1835.0,16.0,39,2.9,2000,2.0,0.0,0.0,0.0,Autumn,No Holiday,No
2018-09-30 21:00:00,1781.0,15.2,40,3.0,2000,1.6,0.0,0.0,0.0,Autumn,No Holiday,No
2018-09-30 22:00:00,1501.0,14.6,46,2.2,2000,3.0,0.0,0.0,0.0,Autumn,No Holiday,No
2018-09-30 23:00:00,1229.0,14.1,53,2.1,2000,4.6,0.0,0.0,0.0,Autumn,No Holiday,No
2018-10-01 00:00:00,680.0,14.1,55,2.6,2000,5.1,0.0,0.0,0.0,Autumn,No Holiday,Yes
2018-10-01 01:00:00,402.0,13.9,57,2.0,2000,5.5,0.0,0.0,0.0,Autumn,No Holiday,Yes
2018-10-01 02:00:00,262.0,13.9,56,2.4,2000,5.2,0.0,0.0,0.0,Autumn,No Holiday,Yes
2018-10-01 03:00:00,179.0,13.6,56,1.6,2000,4.9,0.0,0.0,0.0,Autumn,No Holiday,Yes
2018-10-01 04:00:00,143.0,13.7,56,1.9,2000,5.0,0.0,0.0,0.0,Autumn,No Holiday,Yes
2018-10-01 05:00:00,246.0,13.7,57,1.8,1999,5.3,0.0,0.0,0.0,Autumn,No Holiday,Yes
2018-10-01 06:00:00,632.0,13.3,56,2.3,2000,4.6,0.0,0.0,0.0,Autumn,No Holiday,Yes
2018-10-01 07:00:00,1429.0,13.1,58,2.1,1997,5.0,0.03,0.0,0.0,Autumn,No Holiday,Yes
2018-10-01 08:00:00,2101.0,13.7,54,2.4,1960,4.5,0.39,0.0,0.0,Autumn,No Holiday,Yes
2018-10-01 09:00:00,1106.0,14.9,50,3.4,1989,4.5,1.08,0.0,0.0,Autumn,No Holiday,Yes
2018-10-01 10:00:00,856.0,16.3,47,3.6,1815,4.9,1.93,0.0,0.0,Autumn,No Holiday,Yes
2018-10-01 11:00:00,959.0,17.0,45,4.5,1966,4.9,2.04,0.0,0.0,Autumn,No Holiday,Yes
2018-10-01 12:00:00,1138.0,18.4,40,3.5,1958,4.5,2.28,0.0,0.0,Autumn,No Holiday,Yes
2018-10-01 13:00:00,1087.0,17.6,49,4.7,2000,6.7,1.89,0.0,0.0,Autumn,No Holiday,Yes
2018-10-01 14:00:00,1137.0,19.3,36,3.5,1986,3.8,2.28,0.0,0.0,Autumn,No Holiday,Yes
2018-10-01 15:00:00,1258.0,19.0,40,3.8,1983,5.0,1.96,0.0,0.0,Autumn,No Holiday,Yes
2018-10-01 16:00:00,1357.0,17.7,47,3.4,2000,6.2,0.81,0.0,0.0,Autumn,No Holiday,Yes
2018-10-01 17:00:00,1799.0,17.2,53,2.9,2000,7.5,0.25,0.0,0.0,Autumn,No Holiday,Yes
2018-10-01 18:00:00,2857.0,16.6,61,2.9,2000,9.0,0.16,0.0,0.0,Autumn,No Holiday,Yes
2018-10-01 19:00:00,2122.0,16.2,62,2.2,2000,8.9,0.0,0.0,0.0,Autumn,No Holiday,Yes
2018-10-01 20:00:00,1824.0,15.4,63,2.1,2000,8.3,0.0,0.0,0.0,Autumn,No Holiday,Yes
2018-10-01 21:00:00,1777.0,14.6,66,4.0,2000,8.3,0.0,0.0,0.0,Autumn,No Holiday,Yes
2018-10-01 22:00:00,1501.0,13.9,69,0.5,2000,8.2,0.0,0.0,0.0,Autumn,No Holiday,Yes
2018-10-01 23:00:00,1057.0,13.4,69,3.7,2000,7.8,0.0,0.0,0.0,Autumn,No Holiday,Yes
2018-10-02 00:00:00,680.0,13.0,72,1.8,1987,8.0,0.0,0.0,0.0,Autumn,No Holiday,No
2018-10-02 01:00:00,402.0,12.5,74,1.9,1992,7.9,0.0,0.0,0.0,Autumn,No Holiday,No
2018-10-02 02:00:00,262.0,12.3,75,1.6,1840,7.9,0.0,0.0,0.0,Autumn,No Holiday,No
2018-10-02 03:00:00,179.0,11.8,78,0.3,1843,8.0,0.0,0.0,0.0,Autumn,No Holiday,No
2018-10-02 04:00:00,143.0,11.2,80,0.3,1236,7.8,0.0,0.0,0.0,Autumn,No Holiday,No
2018-10-02 05:00:00,246.0,10.8,82,0.3,1778,7.8,0.0,0.0,0.0,Autumn,No Holiday,No
2018-10-02 06:00:00,632.0,10.6,81,0.0,1798,7.4,0.0,0.0,0.0,Autumn,No Holiday,No
2018-10-02 07:00:00,1429.0,10.4,81,0.3,1956,7.2,0.02,0.0,0.0,Autumn,No Holiday,No
2018-10-02 08:00:00,2101.0,11.2,69,0.9,1714,5.7,0.49,0.0,0.0,Autumn,No Holiday,No
2018-10-02 09:00:00,1106.0,13.9,66,1.6,1427,7.6,1.11,0.0,0.0,Autumn,No Holiday,No
2018-10-02 10:00:00,856.0,16.7,58,2.4,1554,8.3,1.81,0.0,0.0,Autumn,No Holiday,No
2018-10-02 11:00:00,959.0,18.3,44,3.0,1878,5.8,2.35,0.0,0.0,Autumn,No Holiday,No
2018-10-02 12:00:00,1138.0,19.4,41,3.1,1956,5.7,2.67,0.0,0.0,Autumn,No Holiday,No
2018-10-02 13:00:00,1087.0,20.4,36,2.6,1776,4.8,2.71,0.0,0.0,Autumn,No Holiday,No
2018-10-02 14:00:00,1137.0,21.5,39,2.5,1691,6.9,2.56,0.0,0.0,Autumn,No Holiday,No
2018-10-02 15:00:00,1258.0,21.8,38,2.6,1913,6.8,2.22,0.0,0.0,Autumn,No Holiday,No
2018-10-02 16:00:00,1357.0,21.7,36,3.2,1929,5.9,1.64,0.0,0.0,Autumn,No Holiday,No
2018-10-02 17:00:00,1799.0,21.2,40,2.4,2000,7.0,0.98,0.0,0.0,Autumn,No Holiday,No
2018-10-02 18:00:00,2857.0,19.2,48,2.2,2000,7.9,0.28,0.0,0.0,Autumn,No Holiday,No
2018-10-02 19:00:00,2122.0,17.6,57,1.7,2000,8.9,0.0,0.0,0.0,Autumn,No Holiday,No
2018-10-02 20:00:00,1824.0,16.8,62,2.0,2000,9.4,0.0,0.0,0.0,Autumn,No Holiday,No
2018-10-02 21:00:00,1777.0,16.2,65,1.5,2000,9.6,0.0,0.0,0.0,Autumn,No Holiday,No
2018-10-02 22:00:00,1501.0,15.5,69,0.8,1987,9.8,0.0,0.0,0.0,Autumn,No Holiday,No
2018-10-02 23:00:00,1057.0,14.8,68,0.1,1994,8.9,0.0,0.0,0.0,Autumn,No Holiday,No
2018-10-03 00:00:00,1040.0,14.5,74,0.4,2000,9.9,0.0,0.0,0.0,Autumn,Holiday,Yes
2018-10-03 01:00:00,882.0,13.8,75,0.5,2000,9.4,0.0,0.0,0.0,Autumn,Holiday,Yes
2018-10-03 02:00:00,685.0,13.2,77,1.2,1972,9.2,0.0,0.0,0.0,Autumn,Holiday,Yes
2018-10-03 03:00:00,497.0,12.6,78,0.6,1907,8.8,0.0,0.0,0.0,Autumn,Holiday,Yes
2018-10-03 04:00:00,284.0,12.1,80,1.2,1834,8.7,0.0,0.0,0.0,Autumn,Holiday,Yes
2018-10-03 05:00:00,173.0,11.8,82,1.1,1878,8.8,0.0,0.0,0.0,Autumn,Holiday,Yes
2018-10-03 06:00:00,278.0,11.4,84,0.3,1742,8.7,0.0,0.0,0.0,Autumn,Holiday,Yes
2018-10-03 07:00:00,440.0,11.2,85,0.3,1593,8.7,0.02,0.0,0.0,Autumn,Holiday,Yes
2018-10-03 08:00:00,762.0,11.8,73,1.0,1649,7.1,0.49,0.0,0.0,Autumn,Holiday,Yes
2018-10-03 09:00:00,966.0,14.4,61,0.7,1340,6.9,1.21,0.0,0.0,Autumn,Holiday,Yes
2018-10-03 10:00:00,1113.0,17.3,53,0.7,1406,7.6,1.83,0.0,0.0,Autumn,Holiday,Yes
2018-10-03 11:00:00,1248.0,20.3,46,1.6,1409,8.2,2.29,0.0,0.0,Autumn,Holiday,Yes
2018-10-03 12:00:00,1634.0,21.4,40,1.4,1973,7.2,2.53,0.0,0.0,Autumn,Holiday,Yes
2018-10-03 13:00:00,1849.0,22.5,40,2.6,1854,8.2,2.64,0.0,0.0,Autumn,Holiday,Yes
2018-10-03 14:00:00,1995.0,23.4,35,1.6,1972,7.0,2.51,0.0,0.0,Autumn,Holiday,Yes
2018-10-03 15:00:00,2200.0,24.1,34,2.0,1996,7.2,2.14,0.0,0.0,Autumn,Holiday,Yes
2018-10-03 16:00:00,2112.0,24.0,34,2.7,2000,7.1,1.62,0.0,0.0,Autumn,Holiday,Yes
2018-10-03 17:00:00,2400.0,23.3,36,1.7,1960,7.3,0.95,0.0,0.0,Autumn,Holiday,Yes
2018-10-03 18:00:00,2235.0,21.5,43,1.8,2000,8.3,0.26,0.0,0.0,Autumn,Holiday,Yes
2018-10-03 19:00:00,1792.0,20.0,49,1.5,2000,8.9,0.0,0.0,0.0,Autumn,Holiday,Yes
2018-10-03 20:00:00,1744.0,18.6,55,1.5,2000,9.3,0.0,0.0,0.0,Autumn,Holiday,Yes
2018-10-03 21:00:00,1594.0,17.6,59,1.6,2000,9.4,0.0,0.0,0.0,Autumn,Holiday,Yes
2018-10-03 22:00:00,1393.0,16.9,63,0.2,2000,9.8,0.0,0.0,0.0,Autumn,Holiday,Yes
2018-10-03 23:00:00,1033.0,16.1,63,0.6,2000,9.0,0.0,0.0,0.0,Autumn,Holiday,Yes
2018-10-04 00:00:00,1040.0,15.5,65,0.8,2000,8.9,0.0,0.0,0.0,Autumn,No Holiday,No
2018-10-04 01:00:00,882.0,14.7,69,0.6,2000,9.0,0.0,0.0,0.0,Autumn,No Holiday,No
2018-10-04 02:00:00,685.0,14.0,73,0.5,1992,9.2,0.0,0.0,0.0,Autumn,No Holiday,No
2018-10-04 03:00:00,497.0,13.6,75,0.8,1960,9.2,0.0,0.0,0.0,Autumn,No Holiday,No
2018-10-04 04:00:00,284.0,13.3,75,0.4,1792,8.9,0.0,0.0,0.0,Autumn,No Holiday,No
2018-10-04 05:00:00,173.0,13.2,73,0.9,1857,8.4,0.0,0.0,0.0,Autumn,No Holiday,No
2018-10-04 06:00:00,278.0,13.2,73,1.1,1900,8.4,0.0,0.0,0.0,Autumn,No Holiday,No
2018-10-04 07:00:00,440.0,13.2,75,0.8,1780,8.8,0.01,0.0,0.0,Autumn,No Holiday,No
2018-10-04 08:00:00,762.0,13.9,68,0.9,1912,8.0,0.34,0.0,0.0,Autumn,No Holiday,No
2018-10-04 09:00:00,966.0,16.7,58,1.8,1821,8.3,1.22,0.0,0.0,Autumn,No Holiday,No
2018-10-04 10:00:00,1113.0,19.0,49,1.7,1980,8.0,1.73,0.0,0.0,Autumn,No Holiday,No
2018-10-04 11:00:00,1248.0,21.3,41,1.9,1963,7.5,2.36,0.0,0.0,Autumn,No Holiday,No
2018-10-04 12:00:00,1634.0,23.2,38,1.7,1990,8.0,2.44,0.0,0.0,Autumn,No Holiday,No
2018-10-04 13:00:00,1849.0,23.4,39,1.4,2000,8.6,1.72,0.0,0.0,Autumn,No Holiday,No
2018-10-04 14:00:00,1995.0,24.3,39,1.7,2000,9.4,2.18,0.0,0.0,Autumn,No Holiday,No
2018-10-04 15:00:00,2200.0,25.3,39,1.6,2000,10.3,1.88,0.0,0.0,Autumn,No Holiday,No
2018-10-04 16:00:00,2112.0,25.1,41,1.0,2000,10.9,1.22,0.0,0.0,Autumn,No Holiday,No
2018-10-04 17:00:00,2400.0,24.2,44,1.5,2000,11.1,0.58,0.0,0.0,Autumn,No Holiday,No
2018-10-04 18:00:00,2235.0,23.1,48,1.3,2000,11.4,0.2,0.0,0.0,Autumn,No Holiday,No
2018-10-04 19:00:00,1792.0,22.3,50,1.4,2000,11.3,0.0,0.0,0.0,Autumn,No Holiday,No
2018-10-04 20:00:00,1744.0,21.3,53,1.8,2000,11.3,0.0,0.0,0.0,Autumn,No Holiday,No
2018-10-04 21:00:00,1594.0,20.5,57,2.0,2000,11.6,0.0,0.0,0.0,Autumn,No Holiday,No
2018-10-04 22:00:00,1393.0,19.8,60,1.6,2000,11.8,0.0,0.0,0.0,Autumn,No Holiday,No
2018-10-04 23:00:00,1033.0,19.4,62,1.7,2000,11.9,0.0,0.0,0.0,Autumn,No Holiday,No
2018-10-05 00:00:00,973.0,19.0,64,1.9,2000,12.0,0.0,0.0,0.0,Autumn,No Holiday,Yes
2018-10-05 01:00:00,735.0,18.6,66,1.7,2000,12.1,0.0,0.0,0.0,Autumn,No Holiday,Yes
2018-10-05 02:00:00,515.0,18.2,64,2.0,2000,11.2,0.0,0.0,0.0,Autumn,No Holiday,Yes
2018-10-05 03:00:00,329.0,18.0,61,1.8,2000,10.3,0.0,0.0,0.0,Autumn,No Holiday,Yes
2018-10-05 04:00:00,221.0,17.7,57,1.3,2000,9.0,0.0,0.0,0.0,Autumn,No Holiday,Yes
2018-10-05 05:00:00,223.0,17.6,57,1.1,2000,8.9,0.0,0.0,0.0,Autumn,No Holiday,Yes
2018-10-05 06:00:00,531.0,17.7,55,1.5,2000,8.5,0.0,0.0,0.0,Autumn,No Holiday,Yes
2018-10-05 07:00:00,282.0,17.7,56,1.3,2000,8.8,0.0,0.0,0.0,Autumn,No Holiday,Yes
2018-10-05 08:00:00,208.0,16.9,72,1.3,2000,11.8,0.04,0.3,0.0,Autumn,No Holiday,Yes
2018-10-05 09:00:00,47.0,16.3,85,1.8,942,13.7,0.13,1.2,0.0,Autumn,No Holiday,Yes
2018-10-05 10:00:00,33.0,15.8,89,1.8,742,13.9,0.18,1.5,0.0,Autumn,No Holiday,Yes
2018-10-05 11:00:00,29.0,16.1,89,2.4,1112,14.2,0.4,1.5,0.0,Autumn,No Holiday,Yes
2018-10-05 12:00:00,23.0,16.6,90,1.7,518,14.9,0.51,2.0,0.0,Autumn,No Holiday,Yes
2018-10-05 13:00:00,22.0,16.9,95,1.6,325,16.0,0.48,4.0,0.0,Autumn,No Holiday,Yes
2018-10-05 14:00:00,17.0,17.2,95,1.6,553,16.3,0.48,2.5,0.0,Autumn,No Holiday,Yes
2018-10-05 15:00:00,8.0,17.2,96,0.6,213,16.5,0.26,4.0,0.0,Autumn,No Holiday,Yes
2018-10-05 16:00:00,28.0,17.1,97,1.7,382,16.6,0.15,6.0,0.0,Autumn,No Holiday,Yes
2018-10-05 17:00:00,66.0,16.9,97,2.1,728,16.4,0.08,5.5,0.0,Autumn,No Holiday,Yes
2018-10-05 18:00:00,74.0,16.7,96,1.6,1461,16.0,0.03,1.0,0.0,Autumn,No Holiday,Yes
2018-10-05 19:00:00,55.0,16.6,96,2.4,1072,15.9,0.0,1.5,0.0,Autumn,No Holiday,Yes
2018-10-05 20:00:00,44.0,16.5,96,2.7,1047,15.8,0.0,1.0,0.0,Autumn,No Holiday,Yes
2018-10-05 21:00:00,32.0,16.5,96,2.2,963,15.8,0.0,1.5,0.0,Autumn,No Holiday,Yes
2018-10-05 22:00:00,23.0,16.2,92,2.6,1771,14.8,0.0,1.5,0.0,Autumn,No Holiday,Yes
2018-10-05 23:00:00,4.0,16.3,91,1.8,1811,14.8,0.0,0.5,0.0,Autumn,No Holiday,Yes
2018-10-06 00:00:00,973.0,16.4,94,1.8,1744,15.4,0.0,1.0,0.0,Autumn,No Holiday,No
2018-10-06 01:00:00,735.0,16.7,89,2.4,1814,14.8,0.0,1.0,0.0,Autumn,No Holiday,No
2018-10-06 02:00:00,515.0,16.9,88,2.5,2000,14.8,0.0,1.5,0.0,Autumn,No Holiday,No
2018-10-06 03:00:00,329.0,16.8,90,3.3,1601,15.1,0.0,2.0,0.0,Autumn,No Holiday,No
2018-10-06 04:00:00,221.0,16.9,89,2.7,1577,15.0,0.0,2.5,0.0,Autumn,No Holiday,No
2018-10-06 05:00:00,223.0,16.7,93,2.8,360,15.5,0.0,4.5,0.0,Autumn,No Holiday,No
2018-10-06 06:00:00,531.0,16.5,96,2.3,417,15.8,0.0,8.5,0.0,Autumn,No Holiday,No
2018-10-06 07:00:00,5.0,16.5,97,2.3,364,16.0,0.0,9.5,0.0,Autumn,No Holiday,Yes
2018-10-06 08:00:00,6.0,16.6,97,2.0,457,16.1,0.01,9.0,0.0,Autumn,No Holiday,Yes
2018-10-06 09:00:00,5.0,16.7,97,2.9,550,16.2,0.05,6.0,0.0,Autumn,No Holiday,Yes
2018-10-06 10:00:00,2.0,17.0,97,1.5,676,16.5,0.15,6.0,0.0,Autumn,No Holiday,Yes
2018-10-06 11:00:00,20.0,17.5,95,2.0,1214,16.6,0.35,3.5,0.0,Autumn,No Holiday,Yes
2018-10-06 12:00:00,130.0,18.0,92,2.9,1999,16.6,0.45,1.0,0.0,Autumn,No Holiday,Yes
2018-10-06 13:00:00,529.0,17.7,89,5.0,2000,15.8,0.62,0.5,0.0,Autumn,No Holiday,Yes
2018-10-06 14:00:00,941.0,19.3,79,3.6,2000,15.5,1.36,0.0,0.0,Autumn,No Holiday,Yes
2018-10-06 15:00:00,1236.0,21.0,67,4.1,2000,14.6,2.05,0.0,0.0,Autumn,No Holiday,Yes
2018-10-06 16:00:00,1601.0,21.5,62,3.4,2000,13.9,1.26,0.0,0.0,Autumn,No Holiday,Yes
2018-10-06 17:00:00,1870.0,21.1,64,1.2,2000,14.0,0.4,0.0,0.0,Autumn,No Holiday,Yes
2018-10-06 18:00:00,2012.0,20.5,66,1.2,2000,13.9,0.16,0.0,0.0,Autumn,No Holiday,Yes
2018-10-06 19:00:00,1761.0,19.7,72,0.6,2000,14.5,0.0,0.0,0.0,Autumn,No Holiday,Yes
2018-10-06 20:00:00,1567.0,19.4,67,0.8,2000,13.1,0.0,0.0,0.0,Autumn,No Holiday,Yes
2018-10-06 21:00:00,1731.0,18.5,78,0.1,2000,14.5,0.0,0.0,0.0,Autumn,No Holiday,Yes
2018-10-06 22:00:00,1459.0,17.7,78,0.3,2000,13.8,0.0,0.0,0.0,Autumn,No Holiday,Yes
2018-10-06 23:00:00,1162.0,16.9,84,0.9,2000,14.1,0.0,0.0,0.0,Autumn,No Holiday,Yes
2018-10-07 00:00:00,1049.0,16.3,86,0.3,2000,13.9,0.0,0.0,0.0,Autumn,No Holiday,Yes
2018-10-07 01:00:00,768.0,16.0,88,1.2,2000,14.0,0.0,0.0,0.0,Autumn,No Holiday,Yes
2018-10-07 02:00:00,538.0,15.7,88,0.4,2000,13.7,0.0,0.0,0.0,Autumn,No Holiday,Yes
2018-10-07 03:00:00,372.0,15.5,88,1.7,1998,13.5,0.0,0.0,0.0,Autumn,No Holiday,Yes
2018-10-07 04:00:00,255.0,15.1,90,1.2,850,13.4,0.0,0.0,0.0,Autumn,No Holiday,Yes
2018-10-07 05:00:00,146.0,15.1,89,1.1,1615,13.2,0.0,0.0,0.0,Autumn,No Holiday,Yes
2018-10-07 06:00:00,189.0,14.8,89,0.2,1490,12.9,0.0,0.0,0.0,Autumn,No Holiday,Yes
2018-10-07 07:00:00,345.0,14.3,89,0.6,1165,12.5,0.03,0.0,0.0,Autumn,No Holiday,Yes
2018-10-07 08:00:00,589.0,14.6,71,1.0,1896,9.3,0.43,0.0,0.0,Autumn,No Holiday,Yes
2018-10-07 09:00:00,753.0,16.2,60,1.9,1899,8.4,1.16,0.0,0.0,Autumn,No Holiday,Yes
2018-10-07 10:00:00,932.0,18.1,56,2.6,1720,9.1,1.79,0.0,0.0,Autumn,No Holiday,Yes
2018-10-07 11:00:00,1188.0,19.1,56,2.4,1802,10.1,2.15,0.0,0.0,Autumn,No Holiday,Yes
2018-10-07 12:00:00,1516.0,19.8,46,2.5,1837,7.8,2.3,0.0,0.0,Autumn,No Holiday,Yes
2018-10-07 13:00:00,1714.0,20.1,41,3.0,1963,6.4,2.34,0.0,0.0,Autumn,No Holiday,Yes
2018-10-07 14:00:00,1987.0,20.2,42,2.8,1832,6.8,1.87,0.0,0.0,Autumn,No Holiday,Yes
2018-10-07 15:00:00,2167.0,20.4,36,2.8,2000,4.8,1.56,0.0,0.0,Autumn,No Holiday,Yes
2018-10-07 16:00:00,2270.0,20.7,34,2.0,2000,4.2,1.23,0.0,0.0,Autumn,No Holiday,Yes
2018-10-07 17:00:00,2255.0,19.4,32,3.2,2000,2.2,0.63,0.0,0.0,Autumn,No Holiday,Yes
2018-10-07 18:00:00,2069.0,17.9,29,2.8,2000,-0.4,0.16,0.0,0.0,Autumn,No Holiday,Yes
2018-10-07 19:00:00,1608.0,16.6,36,1.4,2000,1.4,0.0,0.0,0.0,Autumn,No Holiday,Yes
2018-10-07 20:00:00,1519.0,15.5,37,1.9,2000,0.8,0.0,0.0,0.0,Autumn,No Holiday,Yes
2018-10-07 21:00:00,1385.0,14.4,36,1.0,2000,-0.5,0.0,0.0,0.0,Autumn,No Holiday,Yes
2018-10-07 22:00:00,1160.0,13.6,38,1.5,2000,-0.4,0.0,0.0,0.0,Autumn,No Holiday,Yes
2018-10-07 23:00:00,840.0,12.9,38,1.5,2000,-1.1,0.0,0.0,0.0,Autumn,No Holiday,Yes
2018-10-08 00:00:00,711.0,12.3,44,0.8,2000,0.3,0.0,0.0,0.0,Autumn,No Holiday,Yes
2018-10-08 01:00:00,390.0,11.7,52,1.1,2000,2.1,0.0,0.0,0.0,Autumn,No Holiday,Yes
2018-10-08 02:00:00,265.0,11.1,56,1.4,2000,2.6,0.0,0.0,0.0,Autumn,No Holiday,Yes
2018-10-08 03:00:00,192.0,10.8,59,0.5,2000,3.0,0.0,0.0,0.0,Autumn,No Holiday,Yes
2018-10-08 04:00:00,123.0,10.4,61,0.6,2000,3.1,0.0,0.0,0.0,Autumn,No Holiday,Yes
2018-10-08 05:00:00,215.0,9.8,63,0.5,2000,3.0,0.0,0.0,0.0,Autumn,No Holiday,Yes
2018-10-08 06:00:00,503.0,9.5,68,0.9,2000,3.8,0.0,0.0,0.0,Autumn,No Holiday,Yes
2018-10-08 07:00:00,1206.0,9.2,72,1.0,2000,4.4,0.01,0.0,0.0,Autumn,No Holiday,Yes
2018-10-08 08:00:00,2005.0,9.9,66,1.2,2000,3.8,0.35,0.0,0.0,Autumn,No Holiday,Yes
2018-10-08 09:00:00,1166.0,12.2,51,0.7,1918,2.3,1.02,0.0,0.0,Autumn,No Holiday,Yes
2018-10-08 10:00:00,943.0,15.0,44,0.5,1839,2.8,1.48,0.0,0.0,Autumn,No Holiday,Yes
2018-10-08 11:00:00,1117.0,17.9,39,1.3,1873,3.7,2.06,0.0,0.0,Autumn,No Holiday,Yes
2018-10-08 12:00:00,1238.0,19.2,31,0.5,1994,1.6,2.4,0.0,0.0,Autumn,No Holiday,Yes
2018-10-08 13:00:00,1303.0,20.2,28,1.3,2000,1.0,2.25,0.0,0.0,Autumn,No Holiday,Yes
2018-10-08 14:00:00,1358.0,20.2,24,1.5,2000,-1.0,1.8,0.0,0.0,Autumn,No Holiday,Yes
2018-10-08 15:00:00,1502.0,20.6,26,1.2,2000,0.4,1.76,0.0,0.0,Autumn,No Holiday,Yes
2018-10-08 16:00:00,1603.0,20.3,25,1.8,2000,-0.3,1.15,0.0,0.0,Autumn,No Holiday,Yes
2018-10-08 17:00:00,2127.0,20.0,28,0.7,2000,0.9,0.79,0.0,0.0,Autumn,No Holiday,Yes
2018-10-08 18:00:00,2787.0,18.1,39,1.0,2000,3.9,0.21,0.0,0.0,Autumn,No Holiday,Yes
2018-10-08 19:00:00,2150.0,16.4,42,1.8,2000,3.4,0.0,0.0,0.0,Autumn,No Holiday,Yes
2018-10-08 20:00:00,1838.0,15.5,45,2.2,2000,3.6,0.0,0.0,0.0,Autumn,No Holiday,Yes
2018-10-08 21:00:00,1788.0,15.1,48,2.6,2000,4.1,0.0,0.0,0.0,Autumn,No Holiday,Yes
2018-10-08 22:00:00,1636.0,14.4,49,1.1,2000,3.8,0.0,0.0,0.0,Autumn,No Holiday,Yes
2018-10-08 23:00:00,1196.0,13.5,55,0.5,2000,4.6,0.0,0.0,0.0,Autumn,No Holiday,Yes
2018-10-09 00:00:00,711.0,12.6,54,0.2,2000,3.5,0.0,0.0,0.0,Autumn,Holiday,No
2018-10-09 01:00:00,390.0,12.0,58,0.7,2000,3.9,0.0,0.0,0.0,Autumn,Holiday,No
2018-10-09 02:00:00,265.0,11.4,65,1.1,2000,5.0,0.0,0.0,0.0,Autumn,Holiday,No
2018-10-09 03:00:00,192.0,11.0,66,0.9,2000,4.8,0.0,0.0,0.0,Autumn,Holiday,No
2018-10-09 04:00:00,123.0,11.0,63,0.8,2000,4.2,0.0,0.0,0.0,Autumn,Holiday,No
2018-10-09 05:00:00,215.0,10.8,64,0.8,2000,4.2,0.0,0.0,0.0,Autumn,Holiday,No
2018-10-09 06:00:00,503.0,10.8,69,0.8,2000,5.3,0.0,0.0,0.0,Autumn,Holiday,No
2018-10-09 07:00:00,1206.0,10.9,70,0.7,2000,5.6,0.0,0.0,0.0,Autumn,Holiday,No
2018-10-09 08:00:00,2005.0,11.4,66,0.8,1991,5.2,0.18,0.0,0.0,Autumn,Holiday,No
2018-10-09 09:00:00,1166.0,12.8,57,1.2,1838,4.4,0.55,0.0,0.0,Autumn,Holiday,No
2018-10-09 10:00:00,943.0,14.8,51,1.0,1998,4.7,1.07,0.0,0.0,Autumn,Holiday,No
2018-10-09 11:00:00,1117.0,16.4,45,0.7,2000,4.4,1.22,0.0,0.0,Autumn,Holiday,No
2018-10-09 12:00:00,1238.0,18.3,40,0.6,1995,4.4,1.82,0.0,0.0,Autumn,Holiday,No
2018-10-09 13:00:00,1303.0,19.2,39,1.0,2000,4.8,1.66,0.0,0.0,Autumn,Holiday,No
2018-10-09 14:00:00,1358.0,18.8,39,1.6,2000,4.5,0.67,0.0,0.0,Autumn,Holiday,No
2018-10-09 15:00:00,1502.0,18.3,40,1.2,2000,4.4,0.33,0.0,0.0,Autumn,Holiday,No
2018-10-09 16:00:00,1603.0,19.0,39,1.4,2000,4.7,0.89,0.0,0.0,Autumn,Holiday,No
2018-10-09 17:00:00,2127.0,18.4,39,2.1,2000,4.1,0.45,0.0,0.0,Autumn,Holiday,No
2018-10-09 18:00:00,2787.0,17.7,43,1.5,2000,4.9,0.05,0.0,0.0,Autumn,Holiday,No
2018-10-09 19:00:00,2150.0,17.3,47,2.2,2000,5.8,0.0,0.0,0.0,Autumn,Holiday,No
2018-10-09 20:00:00,1838.0,17.0,49,1.4,2000,6.1,0.0,0.0,0.0,Autumn,Holiday,No
2018-10-09 21:00:00,1788.0,16.8,52,1.6,2000,6.8,0.0,0.0,0.0,Autumn,Holiday,No
2018-10-09 22:00:00,1636.0,16.7,55,1.9,2000,7.6,0.0,0.0,0.0,Autumn,Holiday,No
2018-10-09 23:00:00,1196.0,16.6,53,1.1,2000,6.9,0.0,0.0,0.0,Autumn,Holiday,No
2018-10-10 00:00:00,643.0,16.6,53,0.9,2000,6.9,0.0,0.0,0.0,Autumn,No Holiday,Yes
2018-10-10 01:00:00,144.0,16.6,57,1.5,2000,8.0,0.0,0.0,0.0,Autumn,No Holiday,Yes
2018-10-10 02:00:00,55.0,14.4,91,0.4,402,12.9,0.0,4.5,0.0,Autumn,No Holiday,Yes
2018-10-10 03:00:00,90.0,14.3,95,1.0,967,13.5,0.0,2.5,0.0,Autumn,No Holiday,Yes
2018-10-10 04:00:00,82.0,14.3,92,2.0,714,13.0,0.0,0.0,0.0,Autumn,No Holiday,Yes
2018-10-10 05:00:00,152.0,13.6,89,2.7,990,11.8,0.0,0.0,0.0,Autumn,No Holiday,Yes
2018-10-10 06:00:00,441.0,12.6,86,1.9,1430,10.3,0.0,0.0,0.0,Autumn,No Holiday,Yes
2018-10-10 07:00:00,1220.0,12.3,84,3.2,1220,9.6,0.0,0.0,0.0,Autumn,No Holiday,Yes
2018-10-10 08:00:00,2082.0,11.8,80,3.7,1518,8.4,0.16,0.0,0.0,Autumn,No Holiday,Yes
2018-10-10 09:00:00,1097.0,12.0,72,3.3,1650,7.0,0.68,0.0,0.0,Autumn,No Holiday,Yes
2018-10-10 10:00:00,792.0,12.0,61,4.1,1981,4.6,0.86,0.0,0.0,Autumn,No Holiday,Yes
2018-10-10 11:00:00,914.0,12.7,50,3.3,1999,2.5,1.61,0.0,0.0,Autumn,No Holiday,Yes
2018-10-10 12:00:00,1006.0,13.7,43,3.4,1980,1.3,1.65,0.0,0.0,Autumn,No Holiday,Yes
2018-10-10 13:00:00,1015.0,14.3,43,3.6,1995,1.8,1.86,0.0,0.0,Autumn,No Holiday,Yes
2018-10-10 14:00:00,1041.0,14.0,43,2.8,2000,1.5,1.13,0.0,0.0,Autumn,No Holiday,Yes
2018-10-10 15:00:00,1171.0,13.7,44,3.9,2000,1.6,0.83,0.0,0.0,Autumn,No Holiday,Yes
2018-10-10 16:00:00,1363.0,13.8,43,3.7,2000,1.4,0.74,0.0,0.0,Autumn,No Holiday,Yes
2018-10-10 17:00:00,1775.0,13.1,45,3.1,2000,1.4,0.62,0.0,0.0,Autumn,No Holiday,Yes
2018-10-10 18:00:00,2514.0,12.2,45,3.1,2000,0.5,0.16,0.0,0.0,Autumn,No Holiday,Yes
2018-10-10 19:00:00,1723.0,11.3,50,1.1,2000,1.2,0.0,0.0,0.0,Autumn,No Holiday,Yes
2018-10-10 20:00:00,1489.0,10.6,48,2.0,2000,0.0,0.0,0.0,0.0,Autumn,No Holiday,Yes
2018-10-10 21:00:00,1445.0,9.9,50,1.2,2000,0.0,0.0,0.0,0.0,Autumn,No Holiday,Yes
2018-10-10 22:00:00,1255.0,9.2,55,0.9,2000,0.6,0.0,0.0,0.0,Autumn,No Holiday,Yes
2018-10-10 23:00:00,901.0,8.5,52,0.6,2000,-0.8,0.0,0.0,0.0,Autumn,No Holiday,Yes
2018-10-11 00:00:00,707.0,7.9,53,0.9,2000,-1.1,0.0,0.0,0.0,Autumn,No Holiday,Yes
2018-10-11 01:00:00,541.0,7.3,59,0.1,2000,-0.1,0.0,0.0,0.0,Autumn,No Holiday,Yes
2018-10-11 02:00:00,341.0,7.1,64,0.9,2000,0.7,0.0,0.0,0.0,Autumn,No Holiday,Yes
2018-10-11 03:00:00,218.0,6.7,71,1.0,2000,1.8,0.0,0.0,0.0,Autumn,No Holiday,Yes
2018-10-11 04:00:00,145.0,6.6,69,0.9,2000,1.3,0.0,0.0,0.0,Autumn,No Holiday,Yes
2018-10-11 05:00:00,197.0,6.6,73,1.1,2000,2.0,0.0,0.0,0.0,Autumn,No Holiday,Yes
2018-10-11 06:00:00,518.0,6.6,65,1.6,2000,0.4,0.0,0.0,0.0,Autumn,No Holiday,Yes
2018-10-11 07:00:00,1233.0,6.3,65,1.0,2000,0.1,0.01,0.0,0.0,Autumn,No Holiday,Yes
2018-10-11 08:00:00,2000.0,7.0,56,3.1,1971,-1.1,0.44,0.0,0.0,Autumn,No Holiday,Yes
2018-10-11 09:00:00,1070.0,8.4,49,2.6,2000,-1.7,1.17,0.0,0.0,Autumn,No Holiday,Yes
2018-10-11 10:00:00,792.0,10.2,44,2.3,1986,-1.5,1.8,0.0,0.0,Autumn,No Holiday,Yes
2018-10-11 11:00:00,926.0,11.7,36,4.3,2000,-2.9,2.28,0.0,0.0,Autumn,No Holiday,Yes
2018-10-11 12:00:00,967.0,13.2,31,3.8,2000,-3.5,2.58,0.0,0.0,Autumn,No Holiday,Yes
2018-10-11 13:00:00,1000.0,13.5,32,5.0,1990,-2.9,2.56,0.0,0.0,Autumn,No Holiday,Yes
2018-10-11 14:00:00,991.0,13.4,32,4.9,2000,-2.9,1.78,0.0,0.0,Autumn,No Holiday,Yes
2018-10-11 15:00:00,1054.0,13.0,39,3.7,2000,-0.6,1.09,0.0,0.0,Autumn,No Holiday,Yes
2018-10-11 16:00:00,1284.0,13.8,36,2.9,2000,-1.0,0.98,0.0,0.0,Autumn,No Holiday,Yes
2018-10-11 17:00:00,1685.0,13.2,36,3.6,2000,-1.5,0.55,0.0,0.0,Autumn,No Holiday,Yes
2018-10-11 18:00:00,2378.0,12.1,40,2.4,1854,-1.1,0.18,0.0,0.0,Autumn,No Holiday,Yes
2018-10-11 19:00:00,1614.0,11.1,43,2.0,2000,-1.0,0.0,0.0,0.0,Autumn,No Holiday,Yes
2018-10-11 20:00:00,1389.0,10.2,46,0.2,2000,-0.9,0.0,0.0,0.0,Autumn,No Holiday,Yes
2018-10-11 21:00:00,1398.0,9.3,52,1.5,2000,0.0,0.0,0.0,0.0,Autumn,No Holiday,Yes
2018-10-11 22:00:00,1221.0,8.8,55,1.6,2000,0.2,0.0,0.0,0.0,Autumn,No Holiday,Yes
2018-10-11 23:00:00,857.0,8.4,60,1.5,2000,1.0,0.0,0.0,0.0,Autumn,No Holiday,Yes
2018-10-12 00:00:00,706.0,8.2,61,1.3,2000,1.1,0.0,0.0,0.0,Autumn,No Holiday,Yes
2018-10-12 01:00:00,531.0,7.6,63,1.2,2000,0.9,0.0,0.0,0.0,Autumn,No Holiday,Yes
2018-10-12 02:00:00,409.0,7.1,61,0.6,2000,0.0,0.0,0.0,0.0,Autumn,No Holiday,Yes
2018-10-12 03:00:00,225.0,6.5,69,0.3,1981,1.2,0.0,0.0,0.0,Autumn,No Holiday,Yes
2018-10-12 04:00:00,168.0,6.2,71,1.1,2000,1.3,0.0,0.0,0.0,Autumn,No Holiday,Yes
2018-10-12 05:00:00,183.0,6.0,72,1.3,2000,1.3,0.0,0.0,0.0,Autumn,No Holiday,Yes
2018-10-12 06:00:00,412.0,5.8,67,1.1,2000,0.1,0.0,0.0,0.0,Autumn,No Holiday,Yes
2018-10-12 07:00:00,1142.0,5.3,73,0.7,2000,0.8,0.01,0.0,0.0,Autumn,No Holiday,Yes
2018-10-12 08:00:00,1996.0,6.0,64,1.1,1920,-0.3,0.42,0.0,0.0,Autumn,No Holiday,Yes
2018-10-12 09:00:00,1106.0,8.6,50,0.8,1785,-1.2,1.13,0.0,0.0,Autumn,No Holiday,Yes
2018-10-12 10:00:00,877.0,11.6,40,1.7,1991,-1.5,1.77,0.0,0.0,Autumn,No Holiday,Yes
2018-10-12 11:00:00,959.0,13.0,38,2.7,2000,-1.0,2.3,0.0,0.0,Autumn,No Holiday,Yes
2018-10-12 12:00:00,1073.0,14.7,38,1.0,1884,0.5,2.55,0.0,0.0,Autumn,No Holiday,Yes
2018-10-12 13:00:00,1110.0,15.8,36,1.5,1888,0.7,2.59,0.0,0.0,Autumn,No Holiday,Yes
2018-10-12 14:00:00,1187.0,16.5,32,1.4,1841,-0.2,2.43,0.0,0.0,Autumn,No Holiday,Yes
2018-10-12 15:00:00,1322.0,17.1,33,2.1,1929,0.6,2.04,0.0,0.0,Autumn,No Holiday,Yes
2018-10-12 16:00:00,1488.0,16.9,34,1.2,1942,0.9,1.47,0.0,0.0,Autumn,No Holiday,Yes
2018-10-12 17:00:00,1902.0,16.3,39,1.7,1969,2.3,0.8,0.0,0.0,Autumn,No Holiday,Yes
2018-10-12 18:00:00,2618.0,14.3,46,1.3,2000,2.8,0.16,0.0,0.0,Autumn,No Holiday,Yes
2018-10-12 19:00:00,1804.0,12.9,50,1.4,2000,2.7,0.0,0.0,0.0,Autumn,No Holiday,Yes
2018-10-12 20:00:00,1440.0,11.8,53,1.5,2000,2.5,0.0,0.0,0.0,Autumn,No Holiday,Yes
2018-10-12 21:00:00,1292.0,11.0,60,1.1,1995,3.5,0.0,0.0,0.0,Autumn,No Holiday,Yes
2018-10-12 22:00:00,1347.0,10.5,62,1.2,2000,3.5,0.0,0.0,0.0,Autumn,No Holiday,Yes
2018-10-12 23:00:00,940.0,9.8,66,0.5,1979,3.7,0.0,0.0,0.0,Autumn,No Holiday,Yes
2018-10-13 00:00:00,835.0,9.1,69,0.9,1885,3.7,0.0,0.0,0.0,Autumn,No Holiday,Yes
2018-10-13 01:00:00,739.0,8.5,70,0.2,1856,3.3,0.0,0.0,0.0,Autumn,No Holiday,Yes
2018-10-13 02:00:00,512.0,8.0,74,0.5,1786,3.6,0.0,0.0,0.0,Autumn,No Holiday,Yes
2018-10-13 03:00:00,374.0,7.6,78,0.7,1614,4.0,0.0,0.0,0.0,Autumn,No Holiday,Yes
2018-10-13 04:00:00,226.0,7.1,79,1.2,1567,3.6,0.0,0.0,0.0,Autumn,No Holiday,Yes
2018-10-13 05:00:00,148.0,6.7,81,1.1,1467,3.6,0.0,0.0,0.0,Autumn,No Holiday,Yes
2018-10-13 06:00:00,209.0,6.6,80,1.0,1424,3.3,0.0,0.0,0.0,Autumn,No Holiday,Yes
2018-10-13 07:00:00,412.0,6.2,83,0.8,1100,3.5,0.01,0.0,0.0,Autumn,No Holiday,Yes
2018-10-13 08:00:00,728.0,7.4,70,0.5,1373,2.2,0.36,0.0,0.0,Autumn,No Holiday,Yes
2018-10-13 09:00:00,853.0,10.0,56,1.0,1761,1.6,1.03,0.0,0.0,Autumn,No Holiday,Yes
2018-10-13 10:00:00,1037.0,12.6,50,1.4,1712,2.4,1.68,0.0,0.0,Autumn,No Holiday,Yes
2018-10-13 11:00:00,1179.0,15.2,44,1.2,1301,3.0,2.16,0.0,0.0,Autumn,No Holiday,Yes
2018-10-13 12:00:00,1402.0,16.6,36,0.7,1442,1.4,2.45,0.0,0.0,Autumn,No Holiday,Yes
2018-10-13 13:00:00,1652.0,18.3,33,1.9,1324,1.7,2.53,0.0,0.0,Autumn,No Holiday,Yes
2018-10-13 14:00:00,1712.0,19.3,27,1.3,1384,-0.1,2.38,0.0,0.0,Autumn,No Holiday,Yes
2018-10-13 15:00:00,1846.0,19.8,29,2.0,1246,1.2,1.97,0.0,0.0,Autumn,No Holiday,Yes
2018-10-13 16:00:00,1916.0,19.4,29,1.2,1154,0.8,1.37,0.0,0.0,Autumn,No Holiday,Yes
2018-10-13 17:00:00,1995.0,18.7,33,1.1,1164,2.0,0.7,0.0,0.0,Autumn,No Holiday,Yes
2018-10-13 18:00:00,1695.0,16.5,38,1.6,1246,2.1,0.14,0.0,0.0,Autumn,No Holiday,Yes
2018-10-13 19:00:00,1381.0,14.8,47,1.3,1111,3.5,0.0,0.0,0.0,Autumn,No Holiday,Yes
2018-10-13 20:00:00,1261.0,13.8,52,1.6,1088,4.0,0.0,0.0,0.0,Autumn,No Holiday,Yes
2018-10-13 21:00:00,1312.0,12.6,56,1.1,1053,4.0,0.0,0.0,0.0,Autumn,No Holiday,Yes
2018-10-13 22:00:00,1147.0,11.7,60,0.5,1002,4.1,0.0,0.0,0.0,Autumn,No Holiday,Yes
2018-10-13 23:00:00,971.0,11.0,62,0.3,946,3.9,0.0,0.0,0.0,Autumn,No Holiday,Yes
2018-10-14 00:00:00,811.0,10.4,59,0.0,971,2.7,0.0,0.0,0.0,Autumn,No Holiday,Yes
2018-10-14 01:00:00,584.0,9.5,65,0.9,990,3.2,0.0,0.0,0.0,Autumn,No Holiday,Yes
2018-10-14 02:00:00,429.0,9.1,68,0.3,921,3.4,0.0,0.0,0.0,Autumn,No Holiday,Yes
2018-10-14 03:00:00,308.0,8.4,73,0.4,820,3.8,0.0,0.0,0.0,Autumn,No Holiday,Yes
2018-10-14 04:00:00,185.0,7.9,76,1.3,771,3.9,0.0,0.0,0.0,Autumn,No Holiday,Yes
2018-10-14 05:00:00,110.0,7.6,79,0.3,765,4.1,0.0,0.0,0.0,Autumn,No Holiday,Yes
2018-10-14 06:00:00,150.0,7.2,80,0.7,729,3.9,0.0,0.0,0.0,Autumn,No Holiday,Yes
2018-10-14 07:00:00,304.0,6.9,81,0.8,665,3.8,0.01,0.0,0.0,Autumn,No Holiday,Yes
2018-10-14 08:00:00,556.0,7.5,72,1.1,697,2.7,0.34,0.0,0.0,Autumn,No Holiday,Yes
2018-10-14 09:00:00,775.0,10.1,60,0.8,726,2.6,1.02,0.0,0.0,Autumn,No Holiday,Yes
2018-10-14 10:00:00,847.0,13.3,47,0.5,818,2.2,1.67,0.0,0.0,Autumn,No Holiday,Yes
2018-10-14 11:00:00,1056.0,16.2,41,1.0,878,2.9,2.11,0.0,0.0,Autumn,No Holiday,Yes
2018-10-14 12:00:00,1394.0,17.2,33,1.1,1258,0.7,2.28,0.0,0.0,Autumn,No Holiday,Yes
2018-10-14 13:00:00,1593.0,18.1,32,1.5,1684,1.1,2.21,0.0,0.0,Autumn,No Holiday,Yes
2018-10-14 14:00:00,1767.0,18.9,31,2.6,1936,1.3,2.37,0.0,0.0,Autumn,No Holiday,Yes
2018-10-14 15:00:00,1948.0,20.1,32,2.4,1893,2.8,2.0,0.0,0.0,Autumn,No Holiday,Yes
2018-10-14 16:00:00,2097.0,19.1,31,2.1,1960,1.5,1.27,0.0,0.0,Autumn,No Holiday,Yes
2018-10-14 17:00:00,1990.0,18.2,43,2.3,1925,5.4,0.68,0.0,0.0,Autumn,No Holiday,Yes
2018-10-14 18:00:00,1662.0,16.2,58,2.4,1991,7.9,0.12,0.0,0.0,Autumn,No Holiday,Yes
2018-10-14 19:00:00,1377.0,15.1,60,2.9,1979,7.3,0.0,0.0,0.0,Autumn,No Holiday,Yes
2018-10-14 20:00:00,1306.0,14.4,61,2.3,1945,6.9,0.0,0.0,0.0,Autumn,No Holiday,Yes
2018-10-14 21:00:00,1261.0,13.8,66,2.4,1897,7.5,0.0,0.0,0.0,Autumn,No Holiday,Yes
2018-10-14 22:00:00,1029.0,13.5,71,1.7,1711,8.3,0.0,0.0,0.0,Autumn,No Holiday,Yes
2018-10-14 23:00:00,810.0,13.2,73,1.2,1639,8.4,0.0,0.0,0.0,Autumn,No Holiday,Yes
2018-10-15 00:00:00,638.0,12.6,78,1.3,1427,8.8,0.0,0.0,0.0,Autumn,No Holiday,Yes
2018-10-15 01:00:00,393.0,12.2,80,1.4,1283,8.8,0.0,0.0,0.0,Autumn,No Holiday,Yes
2018-10-15 02:00:00,272.0,11.8,82,0.7,1262,8.8,0.0,0.0,0.0,Autumn,No Holiday,Yes
2018-10-15 03:00:00,171.0,11.3,85,0.0,907,8.8,0.0,0.0,0.0,Autumn,No Holiday,Yes
2018-10-15 04:00:00,152.0,11.0,82,0.1,951,8.0,0.0,0.0,0.0,Autumn,No Holiday,Yes
2018-10-15 05:00:00,209.0,11.1,79,0.3,1140,7.5,0.0,0.0,0.0,Autumn,No Holiday,Yes
2018-10-15 06:00:00,504.0,11.2,81,0.2,1071,8.0,0.0,0.0,0.0,Autumn,No Holiday,Yes
2018-10-15 07:00:00,1271.0,11.5,81,0.8,960,8.3,0.0,0.0,0.0,Autumn,No Holiday,Yes
2018-10-15 08:00:00,2070.0,12.0,77,0.4,891,8.0,0.12,0.0,0.0,Autumn,No Holiday,Yes
2018-10-15 09:00:00,1119.0,12.8,74,0.5,831,8.2,0.31,0.0,0.0,Autumn,No Holiday,Yes
2018-10-15 10:00:00,837.0,14.1,66,0.6,827,7.8,0.58,0.0,0.0,Autumn,No Holiday,Yes
2018-10-15 11:00:00,910.0,16.7,65,1.5,675,10.0,1.42,0.0,0.0,Autumn,No Holiday,Yes
2018-10-15 12:00:00,1052.0,19.0,60,1.8,513,11.0,2.11,0.0,0.0,Autumn,No Holiday,Yes
2018-10-15 13:00:00,1058.0,19.7,52,2.1,512,9.5,1.83,0.0,0.0,Autumn,No Holiday,Yes
2018-10-15 14:00:00,1121.0,20.0,48,2.1,586,8.6,1.72,0.0,0.0,Autumn,No Holiday,Yes
2018-10-15 15:00:00,1183.0,20.4,43,1.7,690,7.3,1.43,0.0,0.0,Autumn,No Holiday,Yes
2018-10-15 16:00:00,1413.0,20.3,44,2.2,793,7.6,1.09,0.0,0.0,Autumn,No Holiday,Yes
2018-10-15 17:00:00,1773.0,19.3,49,2.8,966,8.3,0.55,0.0,0.0,Autumn,No Holiday,Yes
2018-10-15 18:00:00,2635.0,18.0,66,2.3,554,11.5,0.1,0.0,0.0,Autumn,No Holiday,Yes
2018-10-15 19:00:00,1911.0,16.9,74,1.8,366,12.2,0.0,0.0,0.0,Autumn,No Holiday,Yes
2018-10-15 20:00:00,1659.0,15.9,81,2.8,250,12.6,0.0,0.0,0.0,Autumn,No Holiday,Yes
2018-10-15 21:00:00,1556.0,15.5,86,1.3,178,13.1,0.0,0.0,0.0,Autumn,No Holiday,Yes
2018-10-15 22:00:00,1377.0,14.8,83,1.5,227,11.9,0.0,0.0,0.0,Autumn,No Holiday,Yes
2018-10-15 23:00:00,914.0,14.1,74,1.5,486,9.5,0.0,0.0,0.0,Autumn,No Holiday,Yes
2018-10-16 00:00:00,726.0,13.3,64,1.7,860,6.6,0.0,0.0,0.0,Autumn,No Holiday,Yes
2018-10-16 01:00:00,568.0,12.4,65,1.1,1099,5.9,0.0,0.0,0.0,Autumn,No Holiday,Yes
2018-10-16 02:00:00,427.0,11.7,70,1.0,1012,6.4,0.0,0.0,0.0,Autumn,No Holiday,Yes
2018-10-16 03:00:00,253.0,11.5,61,1.4,1399,4.2,0.0,0.0,0.0,Autumn,No Holiday,Yes
2018-10-16 04:00:00,145.0,11.0,69,0.6,1510,5.5,0.0,0.0,0.0,Autumn,No Holiday,Yes
2018-10-16 05:00:00,202.0,10.2,70,1.5,1519,4.9,0.0,0.0,0.0,Autumn,No Holiday,Yes
2018-10-16 06:00:00,491.0,10.1,71,0.2,1474,5.0,0.0,0.0,0.0,Autumn,No Holiday,Yes
2018-10-16 07:00:00,1216.0,10.2,68,0.4,1493,4.5,0.0,0.0,0.0,Autumn,No Holiday,Yes
2018-10-16 08:00:00,2134.0,10.4,63,0.6,1367,3.6,0.19,0.0,0.0,Autumn,No Holiday,Yes
2018-10-16 09:00:00,1177.0,11.8,55,0.7,1182,3.0,0.55,0.0,0.0,Autumn,No Holiday,Yes
2018-10-16 10:00:00,854.0,14.4,45,0.6,1206,2.6,1.28,0.0,0.0,Autumn,No Holiday,Yes
2018-10-16 11:00:00,914.0,16.5,39,0.7,1351,2.4,1.68,0.0,0.0,Autumn,No Holiday,Yes
2018-10-16 12:00:00,1063.0,18.8,35,1.2,1057,2.9,2.06,0.0,0.0,Autumn,No Holiday,Yes
2018-10-16 13:00:00,1108.0,19.4,31,2.0,1862,1.8,2.02,0.0,0.0,Autumn,No Holiday,Yes
2018-10-16 14:00:00,1113.0,19.9,29,1.9,1833,1.3,2.09,0.0,0.0,Autumn,No Holiday,Yes
2018-10-16 15:00:00,1203.0,19.9,31,2.0,1613,2.2,1.57,0.0,0.0,Autumn,No Holiday,Yes
2018-10-16 16:00:00,1407.0,19.5,32,2.1,1436,2.3,1.1,0.0,0.0,Autumn,No Holiday,Yes
2018-10-16 17:00:00,1811.0,18.4,38,1.8,1565,3.8,0.5,0.0,0.0,Autumn,No Holiday,Yes
2018-10-16 18:00:00,2716.0,16.9,47,1.4,1637,5.5,0.11,0.0,0.0,Autumn,No Holiday,Yes
2018-10-16 19:00:00,1867.0,15.5,63,1.7,1774,8.4,0.0,0.0,0.0,Autumn,No Holiday,Yes
2018-10-16 20:00:00,1568.0,14.8,68,2.0,1502,8.9,0.0,0.0,0.0,Autumn,No Holiday,Yes
2018-10-16 21:00:00,1618.0,14.3,72,1.0,1374,9.3,0.0,0.0,0.0,Autumn,No Holiday,Yes
2018-10-16 22:00:00,1425.0,13.6,71,0.6,1457,8.4,0.0,0.0,0.0,Autumn,No Holiday,Yes
2018-10-16 23:00:00,950.0,12.9,78,0.6,1201,9.1,0.0,0.0,0.0,Autumn,No Holiday,Yes
2018-10-17 00:00:00,739.0,12.3,75,1.2,1332,7.9,0.0,0.0,0.0,Autumn,No Holiday,Yes
2018-10-17 01:00:00,600.0,11.5,74,1.2,1305,7.0,0.0,0.0,0.0,Autumn,No Holiday,Yes
2018-10-17 02:00:00,381.0,10.8,77,0.3,1268,6.9,0.0,0.0,0.0,Autumn,No Holiday,Yes
2018-10-17 03:00:00,239.0,10.2,80,0.3,1191,6.8,0.0,0.0,0.0,Autumn,No Holiday,Yes
2018-10-17 04:00:00,157.0,9.7,76,0.0,1308,5.6,0.0,0.0,0.0,Autumn,No Holiday,Yes
2018-10-17 05:00:00,210.0,9.2,77,0.0,1278,5.3,0.0,0.0,0.0,Autumn,No Holiday,Yes
2018-10-17 06:00:00,503.0,8.8,77,0.2,1077,4.9,0.0,0.0,0.0,Autumn,No Holiday,Yes
2018-10-17 07:00:00,1213.0,8.6,77,0.7,965,4.7,0.0,0.0,0.0,Autumn,No Holiday,Yes
2018-10-17 08:00:00,2202.0,9.2,68,0.2,952,3.5,0.28,0.0,0.0,Autumn,No Holiday,Yes
2018-10-17 09:00:00,1200.0,11.2,63,1.1,656,4.4,0.88,0.0,0.0,Autumn,No Holiday,Yes
2018-10-17 10:00:00,842.0,14.0,58,1.6,841,5.8,1.53,0.0,0.0,Autumn,No Holiday,Yes
2018-10-17 11:00:00,961.0,15.5,25,2.5,1727,-4.4,2.1,0.0,0.0,Autumn,No Holiday,Yes
2018-10-17 12:00:00,1088.0,16.2,29,2.5,1935,-1.8,2.45,0.0,0.0,Autumn,No Holiday,Yes
2018-10-17 13:00:00,1115.0,17.7,25,2.1,1917,-2.6,2.48,0.0,0.0,Autumn,No Holiday,Yes
2018-10-17 14:00:00,1083.0,18.3,24,1.7,1983,-2.6,2.4,0.0,0.0,Autumn,No Holiday,Yes
2018-10-17 15:00:00,1175.0,18.3,21,2.7,2000,-4.4,2.02,0.0,0.0,Autumn,No Holiday,Yes
2018-10-17 16:00:00,1409.0,18.0,26,2.1,2000,-1.8,1.45,0.0,0.0,Autumn,No Holiday,Yes
2018-10-17 17:00:00,1896.0,16.9,34,2.5,2000,0.9,0.74,0.0,0.0,Autumn,No Holiday,Yes
2018-10-17 18:00:00,2445.0,14.6,39,2.3,2000,0.7,0.11,0.0,0.0,Autumn,No Holiday,Yes
2018-10-17 19:00:00,1819.0,13.2,42,1.3,2000,0.5,0.0,0.0,0.0,Autumn,No Holiday,Yes
2018-10-17 20:00:00,1558.0,12.2,47,1.1,2000,1.2,0.0,0.0,0.0,Autumn,No Holiday,Yes
2018-10-17 21:00:00,1493.0,10.8,53,0.9,2000,1.5,0.0,0.0,0.0,Autumn,No Holiday,Yes
2018-10-17 22:00:00,1278.0,9.9,50,0.1,2000,0.0,0.0,0.0,0.0,Autumn,No Holiday,Yes
2018-10-17 23:00:00,896.0,9.7,56,0.7,2000,1.3,0.0,0.0,0.0,Autumn,No Holiday,Yes
2018-10-18 00:00:00,694.0,9.2,64,0.7,2000,2.7,0.0,0.0,0.0,Autumn,No Holiday,Yes
2018-10-18 01:00:00,579.0,9.0,66,0.7,2000,2.9,0.0,0.0,0.0,Autumn,No Holiday,Yes
2018-10-18 02:00:00,385.0,8.7,71,0.8,2000,3.7,0.0,0.0,0.0,Autumn,No Holiday,Yes
2018-10-18 03:00:00,244.0,8.6,74,0.6,1985,4.2,0.0,0.0,0.0,Autumn,No Holiday,Yes
2018-10-18 04:00:00,165.0,8.1,78,0.6,2000,4.4,0.0,0.0,0.0,Autumn,No Holiday,Yes
2018-10-18 05:00:00,185.0,7.8,81,1.1,2000,4.7,0.0,0.0,0.0,Autumn,No Holiday,Yes
2018-10-18 06:00:00,458.0,7.6,82,0.3,1933,4.7,0.0,0.0,0.0,Autumn,No Holiday,Yes
2018-10-18 07:00:00,1191.0,7.7,81,0.4,1992,4.6,0.0,0.0,0.0,Autumn,No Holiday,Yes
2018-10-18 08:00:00,2154.0,8.5,77,0.5,1995,4.6,0.21,0.0,0.0,Autumn,No Holiday,Yes
2018-10-18 09:00:00,1165.0,10.9,60,0.9,1997,3.4,0.93,0.0,0.0,Autumn,No Holiday,Yes
2018-10-18 10:00:00,864.0,13.7,57,1.2,2000,5.3,1.33,0.0,0.0,Autumn,No Holiday,Yes
2018-10-18 11:00:00,917.0,15.0,52,1.4,2000,5.2,1.5,0.0,0.0,Autumn,No Holiday,Yes
2018-10-18 12:00:00,1132.0,16.8,50,1.6,2000,6.3,1.94,0.0,0.0,Autumn,No Holiday,Yes
2018-10-18 13:00:00,1152.0,18.1,43,2.2,2000,5.3,2.3,0.0,0.0,Autumn,No Holiday,Yes
2018-10-18 14:00:00,1122.0,18.7,39,1.3,2000,4.4,1.66,0.0,0.0,Autumn,No Holiday,Yes
2018-10-18 15:00:00,1203.0,19.0,38,1.9,2000,4.3,1.72,0.0,0.0,Autumn,No Holiday,Yes
2018-10-18 16:00:00,1473.0,18.5,40,1.8,2000,4.6,1.28,0.0,0.0,Autumn,No Holiday,Yes
2018-10-18 17:00:00,1804.0,16.9,44,1.6,2000,4.5,0.44,0.0,0.0,Autumn,No Holiday,Yes
2018-10-18 18:00:00,2499.0,15.7,45,2.5,2000,3.7,0.06,0.0,0.0,Autumn,No Holiday,Yes
2018-10-18 19:00:00,1878.0,14.9,49,2.1,2000,4.2,0.0,0.0,0.0,Autumn,No Holiday,Yes
2018-10-18 20:00:00,1528.0,13.8,56,1.9,2000,5.1,0.0,0.0,0.0,Autumn,No Holiday,Yes
2018-10-18 21:00:00,1466.0,12.6,60,0.5,2000,5.0,0.0,0.0,0.0,Autumn,No Holiday,Yes
2018-10-18 22:00:00,1302.0,11.6,61,0.2,2000,4.3,0.0,0.0,0.0,Autumn,No Holiday,Yes
2018-10-18 23:00:00,944.0,10.9,64,0.2,2000,4.3,0.0,0.0,0.0,Autumn,No Holiday,Yes
2018-10-19 00:00:00,783.0,10.3,67,1.5,2000,4.4,0.0,0.0,0.0,Autumn,No Holiday,Yes
2018-10-19 01:00:00,653.0,9.8,68,1.7,2000,4.1,0.0,0.0,0.0,Autumn,No Holiday,Yes
2018-10-19 02:00:00,433.0,9.2,72,1.5,2000,4.4,0.0,0.0,0.0,Autumn,No Holiday,Yes
2018-10-19 03:00:00,262.0,8.5,74,1.3,2000,4.1,0.0,0.0,0.0,Autumn,No Holiday,Yes
2018-10-19 04:00:00,184.0,8.1,76,0.3,2000,4.1,0.0,0.0,0.0,Autumn,No Holiday,Yes
2018-10-19 05:00:00,162.0,7.7,73,0.0,2000,3.1,0.0,0.0,0.0,Autumn,No Holiday,Yes
2018-10-19 06:00:00,491.0,7.2,77,0.5,2000,3.4,0.0,0.0,0.0,Autumn,No Holiday,Yes
2018-10-19 07:00:00,1188.0,7.3,72,0.4,2000,2.5,0.0,0.0,0.0,Autumn,No Holiday,Yes
2018-10-19 08:00:00,2113.0,7.9,63,0.6,2000,1.2,0.3,0.0,0.0,Autumn,No Holiday,Yes
2018-10-19 09:00:00,1191.0,11.1,53,1.0,2000,1.8,1.05,0.0,0.0,Autumn,No Holiday,Yes
2018-10-19 10:00:00,850.0,13.8,44,1.5,1953,1.7,1.66,0.0,0.0,Autumn,No Holiday,Yes
2018-10-19 11:00:00,981.0,16.4,35,1.1,2000,0.8,2.13,0.0,0.0,Autumn,No Holiday,Yes
2018-10-19 12:00:00,1161.0,17.4,33,1.1,2000,0.9,2.39,0.0,0.0,Autumn,No Holiday,Yes
2018-10-19 13:00:00,1190.0,18.9,33,1.8,2000,2.2,2.43,0.0,0.0,Autumn,No Holiday,Yes
2018-10-19 14:00:00,1221.0,19.8,32,2.3,1978,2.6,2.25,0.0,0.0,Autumn,No Holiday,Yes
2018-10-19 15:00:00,1390.0,19.7,30,3.0,1971,1.6,1.89,0.0,0.0,Autumn,No Holiday,Yes
2018-10-19 16:00:00,1527.0,19.3,29,2.8,2000,0.7,1.34,0.0,0.0,Autumn,No Holiday,Yes
2018-10-19 17:00:00,1939.0,18.5,35,2.2,2000,2.7,0.68,0.0,0.0,Autumn,No Holiday,Yes
2018-10-19 18:00:00,2631.0,16.6,40,2.4,2000,2.9,0.11,0.0,0.0,Autumn,No Holiday,Yes
2018-10-19 19:00:00,1769.0,15.3,53,2.4,2000,5.7,0.0,0.0,0.0,Autumn,No Holiday,Yes
2018-10-19 20:00:00,1512.0,14.2,56,1.8,2000,5.5,0.0,0.0,0.0,Autumn,No Holiday,Yes
2018-10-19 21:00:00,1457.0,13.3,56,1.1,2000,4.6,0.0,0.0,0.0,Autumn,No Holiday,Yes
2018-10-19 22:00:00,1331.0,12.3,65,1.7,2000,5.8,0.0,0.0,0.0,Autumn,No Holiday,Yes
2018-10-19 23:00:00,1018.0,11.7,70,1.7,2000,6.4,0.0,0.0,0.0,Autumn,No Holiday,Yes
2018-10-20 00:00:00,891.0,11.3,71,1.2,1997,6.2,0.0,0.0,0.0,Autumn,No Holiday,Yes
2018-10-20 01:00:00,774.0,10.9,72,0.0,1966,6.0,0.0,0.0,0.0,Autumn,No Holiday,Yes
2018-10-20 02:00:00,522.0,10.1,78,0.1,1887,6.4,0.0,0.0,0.0,Autumn,No Holiday,Yes
2018-10-20 03:00:00,386.0,9.5,77,0.4,1611,5.6,0.0,0.0,0.0,Autumn,No Holiday,Yes
2018-10-20 04:00:00,246.0,8.9,75,0.4,1877,4.7,0.0,0.0,0.0,Autumn,No Holiday,Yes
2018-10-20 05:00:00,154.0,8.1,76,0.6,1309,4.1,0.0,0.0,0.0,Autumn,No Holiday,Yes
2018-10-20 06:00:00,219.0,7.5,79,0.6,1025,4.0,0.0,0.0,0.0,Autumn,No Holiday,Yes
2018-10-20 07:00:00,427.0,7.0,82,0.5,867,4.1,0.0,0.0,0.0,Autumn,No Holiday,Yes
2018-10-20 08:00:00,784.0,7.8,70,1.4,1034,2.6,0.29,0.0,0.0,Autumn,No Holiday,Yes
2018-10-20 09:00:00,921.0,10.4,60,1.3,1326,2.9,0.99,0.0,0.0,Autumn,No Holiday,Yes
2018-10-20 10:00:00,997.0,13.0,49,0.5,1685,2.5,1.61,0.0,0.0,Autumn,No Holiday,Yes
2018-10-20 11:00:00,1175.0,16.2,39,1.6,1580,2.2,2.05,0.0,0.0,Autumn,No Holiday,Yes
2018-10-20 12:00:00,1407.0,17.7,33,2.2,1556,1.2,2.37,0.0,0.0,Autumn,No Holiday,Yes
2018-10-20 13:00:00,1585.0,19.4,26,1.1,1942,-0.6,2.45,0.0,0.0,Autumn,No Holiday,Yes
2018-10-20 14:00:00,1649.0,20.0,22,1.6,1950,-2.3,2.29,0.0,0.0,Autumn,No Holiday,Yes
2018-10-20 15:00:00,1760.0,21.3,24,1.5,1832,-0.1,1.91,0.0,0.0,Autumn,No Holiday,Yes
2018-10-20 16:00:00,1813.0,20.9,20,2.0,1976,-2.9,1.35,0.0,0.0,Autumn,No Holiday,Yes
2018-10-20 17:00:00,1949.0,19.2,23,1.5,2000,-2.4,0.62,0.0,0.0,Autumn,No Holiday,Yes
2018-10-20 18:00:00,1707.0,16.6,41,2.4,1811,3.2,0.04,0.0,0.0,Autumn,No Holiday,Yes
2018-10-20 19:00:00,1407.0,14.6,48,1.9,1998,3.6,0.0,0.0,0.0,Autumn,No Holiday,Yes
2018-10-20 20:00:00,1270.0,13.7,51,1.0,1954,3.7,0.0,0.0,0.0,Autumn,No Holiday,Yes
2018-10-20 21:00:00,1249.0,13.3,55,2.0,1554,4.4,0.0,0.0,0.0,Autumn,No Holiday,Yes
2018-10-20 22:00:00,1141.0,12.7,58,0.0,1480,4.6,0.0,0.0,0.0,Autumn,No Holiday,Yes
2018-10-20 23:00:00,922.0,11.7,58,0.0,1567,3.6,0.0,0.0,0.0,Autumn,No Holiday,Yes
2018-10-21 00:00:00,848.0,11.2,62,0.0,1613,4.1,0.0,0.0,0.0,Autumn,No Holiday,Yes
2018-10-21 01:00:00,622.0,10.6,60,0.5,1642,3.1,0.0,0.0,0.0,Autumn,No Holiday,Yes
2018-10-21 02:00:00,428.0,9.8,63,0.6,1591,3.0,0.0,0.0,0.0,Autumn,No Holiday,Yes
2018-10-21 03:00:00,342.0,9.2,68,0.4,1538,3.5,0.0,0.0,0.0,Autumn,No Holiday,Yes
2018-10-21 04:00:00,206.0,8.8,71,0.9,1516,3.8,0.0,0.0,0.0,Autumn,No Holiday,Yes
2018-10-21 05:00:00,146.0,8.2,73,1.3,1305,3.6,0.0,0.0,0.0,Autumn,No Holiday,Yes
2018-10-21 06:00:00,172.0,7.6,75,0.6,1181,3.4,0.0,0.0,0.0,Autumn,No Holiday,Yes
2018-10-21 07:00:00,315.0,7.2,76,0.5,1113,3.2,0.0,0.0,0.0,Autumn,No Holiday,Yes
2018-10-21 08:00:00,534.0,7.9,67,1.1,1210,2.1,0.28,0.0,0.0,Autumn,No Holiday,Yes
2018-10-21 09:00:00,679.0,10.5,56,1.2,1741,2.0,0.98,0.0,0.0,Autumn,No Holiday,Yes
2018-10-21 10:00:00,936.0,13.4,46,0.8,1718,1.9,1.61,0.0,0.0,Autumn,No Holiday,Yes
2018-10-21 11:00:00,1055.0,16.8,38,1.5,1326,2.3,2.07,0.0,0.0,Autumn,No Holiday,Yes
2018-10-21 12:00:00,1417.0,18.4,28,1.9,1690,-0.4,2.33,0.0,0.0,Autumn,No Holiday,Yes
2018-10-21 13:00:00,1519.0,19.3,24,1.5,1745,-1.8,2.4,0.0,0.0,Autumn,No Holiday,Yes
2018-10-21 14:00:00,1642.0,20.1,23,2.3,1896,-1.7,2.23,0.0,0.0,Autumn,No Holiday,Yes
2018-10-21 15:00:00,1891.0,20.9,23,1.5,1892,-1.0,1.87,0.0,0.0,Autumn,No Holiday,Yes
2018-10-21 16:00:00,1976.0,20.2,24,2.5,1881,-1.0,1.31,0.0,0.0,Autumn,No Holiday,Yes
2018-10-21 17:00:00,1883.0,18.8,24,2.1,2000,-2.2,0.63,0.0,0.0,Autumn,No Holiday,Yes
2018-10-21 18:00:00,1618.0,16.2,41,1.4,1907,2.9,0.06,0.0,0.0,Autumn,No Holiday,Yes
2018-10-21 19:00:00,1464.0,14.9,46,1.4,1455,3.3,0.0,0.0,0.0,Autumn,No Holiday,Yes
2018-10-21 20:00:00,1306.0,13.8,52,1.6,1341,4.0,0.0,0.0,0.0,Autumn,No Holiday,Yes
2018-10-21 21:00:00,1158.0,13.0,49,1.0,1702,2.5,0.0,0.0,0.0,Autumn,No Holiday,Yes
2018-10-21 22:00:00,1025.0,12.2,57,0.0,1544,3.9,0.0,0.0,0.0,Autumn,No Holiday,Yes
2018-10-21 23:00:00,724.0,11.8,56,0.0,1655,3.2,0.0,0.0,0.0,Autumn,No Holiday,Yes
2018-10-22 00:00:00,623.0,11.4,56,0.2,1778,2.9,0.0,0.0,0.0,Autumn,No Holiday,Yes
2018-10-22 01:00:00,372.0,10.7,57,0.9,1828,2.5,0.0,0.0,0.0,Autumn,No Holiday,Yes
2018-10-22 02:00:00,253.0,10.5,57,0.2,1837,2.3,0.0,0.0,0.0,Autumn,No Holiday,Yes
2018-10-22 03:00:00,175.0,10.2,60,1.0,1796,2.7,0.0,0.0,0.0,Autumn,No Holiday,Yes
2018-10-22 04:00:00,110.0,10.0,62,0.6,1759,3.0,0.0,0.0,0.0,Autumn,No Holiday,Yes
2018-10-22 05:00:00,202.0,9.4,65,0.8,1659,3.1,0.0,0.0,0.0,Autumn,No Holiday,Yes
2018-10-22 06:00:00,513.0,9.2,65,0.8,1689,2.9,0.0,0.0,0.0,Autumn,No Holiday,Yes
2018-10-22 07:00:00,1244.0,8.9,67,0.8,1557,3.0,0.0,0.0,0.0,Autumn,No Holiday,Yes
2018-10-22 08:00:00,2111.0,9.7,58,0.6,1559,1.8,0.22,0.0,0.0,Autumn,No Holiday,Yes
2018-10-22 09:00:00,1104.0,11.9,50,1.1,1529,1.7,0.75,0.0,0.0,Autumn,No Holiday,Yes
2018-10-22 10:00:00,817.0,14.6,43,0.7,1339,2.1,1.35,0.0,0.0,Autumn,No Holiday,Yes
2018-10-22 11:00:00,941.0,16.7,37,0.7,1074,1.9,1.74,0.0,0.0,Autumn,No Holiday,Yes
2018-10-22 12:00:00,1034.0,18.2,34,1.0,758,2.0,2.03,0.0,0.0,Autumn,No Holiday,Yes
2018-10-22 13:00:00,1064.0,19.4,35,1.2,678,3.5,1.73,0.0,0.0,Autumn,No Holiday,Yes
2018-10-22 14:00:00,1122.0,20.6,30,2.2,839,2.3,1.69,0.0,0.0,Autumn,No Holiday,Yes
2018-10-22 15:00:00,1167.0,20.2,31,1.6,855,2.5,1.25,0.0,0.0,Autumn,No Holiday,Yes
2018-10-22 16:00:00,1464.0,19.7,34,1.6,688,3.3,0.88,0.0,0.0,Autumn,No Holiday,Yes
2018-10-22 17:00:00,1904.0,18.9,35,1.7,720,3.0,0.41,0.0,0.0,Autumn,No Holiday,Yes
2018-10-22 18:00:00,2613.0,17.3,43,0.9,783,4.5,0.08,0.0,0.0,Autumn,No Holiday,Yes
2018-10-22 19:00:00,1860.0,15.6,44,1.5,828,3.3,0.0,0.0,0.0,Autumn,No Holiday,Yes
2018-10-22 20:00:00,1593.0,14.5,51,1.4,751,4.4,0.0,0.0,0.0,Autumn,No Holiday,Yes
2018-10-22 21:00:00,1513.0,13.4,56,0.7,758,4.7,0.0,0.0,0.0,Autumn,No Holiday,Yes
2018-10-22 22:00:00,1360.0,12.7,60,0.0,680,5.1,0.0,0.0,0.0,Autumn,No Holiday,Yes
2018-10-22 23:00:00,916.0,12.0,59,0.4,685,4.2,0.0,0.0,0.0,Autumn,No Holiday,Yes
2018-10-23 00:00:00,726.0,11.6,61,0.7,673,4.3,0.0,0.0,0.0,Autumn,No Holiday,Yes
2018-10-23 01:00:00,547.0,11.1,62,0.2,666,4.0,0.0,0.0,0.0,Autumn,No Holiday,Yes
2018-10-23 02:00:00,356.0,10.6,68,0.9,603,4.9,0.0,0.0,0.0,Autumn,No Holiday,Yes
2018-10-23 03:00:00,243.0,10.1,70,1.1,606,4.8,0.0,0.0,0.0,Autumn,No Holiday,Yes
2018-10-23 04:00:00,170.0,10.0,73,0.9,622,5.3,0.0,0.0,0.0,Autumn,No Holiday,Yes
2018-10-23 05:00:00,193.0,10.0,73,0.5,593,5.3,0.0,0.0,0.0,Autumn,No Holiday,Yes
2018-10-23 06:00:00,456.0,9.9,75,1.0,560,5.6,0.0,0.0,0.0,Autumn,No Holiday,Yes
2018-10-23 07:00:00,839.0,10.4,71,0.6,557,5.3,0.0,0.0,0.0,Autumn,No Holiday,Yes
2018-10-23 08:00:00,1423.0,11.0,78,0.8,412,7.3,0.03,0.0,0.0,Autumn,No Holiday,Yes
2018-10-23 09:00:00,1026.0,11.7,77,0.8,394,7.7,0.25,0.0,0.0,Autumn,No Holiday,Yes
2018-10-23 10:00:00,735.0,13.8,65,1.1,475,7.3,1.06,0.0,0.0,Autumn,No Holiday,Yes
2018-10-23 11:00:00,81.0,13.0,70,5.0,989,7.6,0.5,0.0,0.0,Autumn,No Holiday,Yes
2018-10-23 12:00:00,363.0,11.5,90,1.2,973,9.9,0.06,5.0,0.0,Autumn,No Holiday,Yes
2018-10-23 13:00:00,652.0,13.5,82,0.8,962,10.4,1.33,0.0,0.0,Autumn,No Holiday,Yes
2018-10-23 14:00:00,837.0,15.1,71,0.9,973,9.8,1.62,0.0,0.0,Autumn,No Holiday,Yes
2018-10-23 15:00:00,1010.0,16.6,68,1.5,955,10.6,1.55,0.0,0.0,Autumn,No Holiday,Yes
2018-10-23 16:00:00,1294.0,16.1,70,1.3,898,10.6,0.83,0.0,0.0,Autumn,No Holiday,Yes
2018-10-23 17:00:00,1604.0,15.7,63,3.2,1118,8.6,0.39,0.0,0.0,Autumn,No Holiday,Yes
2018-10-23 18:00:00,2415.0,14.5,71,2.1,1235,9.2,0.06,0.0,0.0,Autumn,No Holiday,Yes
2018-10-23 19:00:00,1685.0,14.0,70,1.6,1265,8.6,0.0,0.0,0.0,Autumn,No Holiday,Yes
2018-10-23 20:00:00,1433.0,13.6,70,1.4,1392,8.2,0.0,0.0,0.0,Autumn,No Holiday,Yes
2018-10-23 21:00:00,1380.0,12.6,70,1.2,1425,7.2,0.0,0.0,0.0,Autumn,No Holiday,Yes
2018-10-23 22:00:00,1257.0,12.3,73,0.9,1392,7.5,0.0,0.0,0.0,Autumn,No Holiday,Yes
2018-10-23 23:00:00,876.0,11.2,78,0.5,802,7.4,0.0,0.0,0.0,Autumn,No Holiday,Yes
2018-10-24 00:00:00,708.0,10.8,80,1.0,1151,7.4,0.0,0.0,0.0,Autumn,No Holiday,Yes
2018-10-24 01:00:00,573.0,10.2,84,1.2,1036,7.6,0.0,0.0,0.0,Autumn,No Holiday,Yes
2018-10-24 02:00:00,371.0,9.5,87,1.0,919,7.4,0.0,0.0,0.0,Autumn,No Holiday,Yes
2018-10-24 03:00:00,249.0,9.4,85,1.6,983,6.9,0.0,0.0,0.0,Autumn,No Holiday,Yes
2018-10-24 04:00:00,162.0,9.0,87,0.6,972,6.9,0.0,0.0,0.0,Autumn,No Holiday,Yes
2018-10-24 05:00:00,164.0,8.5,87,1.2,1046,6.4,0.0,0.0,0.0,Autumn,No Holiday,Yes
2018-10-24 06:00:00,453.0,8.1,88,0.9,831,6.2,0.0,0.0,0.0,Autumn,No Holiday,Yes
2018-10-24 07:00:00,1165.0,7.8,90,0.6,763,6.2,0.0,0.0,0.0,Autumn,No Holiday,Yes
2018-10-24 08:00:00,2108.0,8.1,85,1.2,772,5.7,0.26,0.0,0.0,Autumn,No Holiday,Yes
2018-10-24 09:00:00,1151.0,10.1,72,1.1,728,5.2,0.9,0.0,0.0,Autumn,No Holiday,Yes
2018-10-24 10:00:00,811.0,13.0,63,0.9,854,6.1,1.5,0.0,0.0,Autumn,No Holiday,Yes
2018-10-24 11:00:00,940.0,15.7,53,1.0,1172,6.1,1.99,0.0,0.0,Autumn,No Holiday,Yes
2018-10-24 12:00:00,1126.0,16.8,48,1.6,1673,5.7,2.1,0.0,0.0,Autumn,No Holiday,Yes
2018-10-24 13:00:00,1106.0,17.2,43,2.3,1835,4.4,1.68,0.0,0.0,Autumn,No Holiday,Yes
2018-10-24 14:00:00,1150.0,17.6,39,2.5,1964,3.4,1.63,0.0,0.0,Autumn,No Holiday,Yes
2018-10-24 15:00:00,1161.0,18.0,40,3.0,1808,4.1,1.71,0.0,0.0,Autumn,No Holiday,Yes
2018-10-24 16:00:00,1492.0,18.2,42,1.3,1976,5.0,1.22,0.0,0.0,Autumn,No Holiday,Yes
2018-10-24 17:00:00,1904.0,17.0,47,2.2,1989,5.5,0.59,0.0,0.0,Autumn,No Holiday,Yes
2018-10-24 18:00:00,2612.0,15.1,53,1.7,2000,5.5,0.06,0.0,0.0,Autumn,No Holiday,Yes
2018-10-24 19:00:00,1827.0,13.9,61,1.9,2000,6.4,0.0,0.0,0.0,Autumn,No Holiday,Yes
2018-10-24 20:00:00,1556.0,13.1,63,0.4,2000,6.2,0.0,0.0,0.0,Autumn,No Holiday,Yes
2018-10-24 21:00:00,1464.0,12.1,67,1.0,1977,6.1,0.0,0.0,0.0,Autumn,No Holiday,Yes
2018-10-24 22:00:00,1281.0,11.6,71,0.2,1858,6.5,0.0,0.0,0.0,Autumn,No Holiday,Yes
2018-10-24 23:00:00,884.0,11.0,74,0.1,1817,6.5,0.0,0.0,0.0,Autumn,No Holiday,Yes
2018-10-25 00:00:00,729.0,10.5,75,0.3,1800,6.2,0.0,0.0,0.0,Autumn,No Holiday,Yes
2018-10-25 01:00:00,572.0,10.0,78,0.4,1669,6.3,0.0,0.0,0.0,Autumn,No Holiday,Yes
2018-10-25 02:00:00,421.0,9.1,79,0.5,1625,5.6,0.0,0.0,0.0,Autumn,No Holiday,Yes
2018-10-25 03:00:00,266.0,9.1,79,0.2,1689,5.6,0.0,0.0,0.0,Autumn,No Holiday,Yes
2018-10-25 04:00:00,161.0,8.5,83,1.2,1577,5.7,0.0,0.0,0.0,Autumn,No Holiday,Yes
2018-10-25 05:00:00,193.0,7.8,85,0.9,1542,5.4,0.0,0.0,0.0,Autumn,No Holiday,Yes
2018-10-25 06:00:00,450.0,7.5,86,1.3,1301,5.3,0.0,0.0,0.0,Autumn,No Holiday,Yes
2018-10-25 07:00:00,1251.0,7.3,85,1.4,1039,4.9,0.0,0.0,0.0,Autumn,No Holiday,Yes
2018-10-25 08:00:00,2070.0,7.9,76,1.2,1290,3.9,0.25,0.0,0.0,Autumn,No Holiday,Yes
2018-10-25 09:00:00,1168.0,10.3,64,1.0,1544,3.7,0.91,0.0,0.0,Autumn,No Holiday,Yes
2018-10-25 10:00:00,779.0,13.4,53,1.1,1768,4.0,1.53,0.0,0.0,Autumn,No Holiday,Yes
2018-10-25 11:00:00,956.0,16.4,43,0.7,1713,3.7,1.96,0.0,0.0,Autumn,No Holiday,Yes
2018-10-25 12:00:00,1188.0,18.2,37,1.4,1861,3.2,2.25,0.0,0.0,Autumn,No Holiday,Yes
2018-10-25 13:00:00,1154.0,19.4,32,1.1,1787,2.2,2.31,0.0,0.0,Autumn,No Holiday,Yes
2018-10-25 14:00:00,1192.0,20.6,31,1.4,1562,2.8,1.7,0.0,0.0,Autumn,No Holiday,Yes
2018-10-25 15:00:00,1275.0,20.6,32,1.4,1651,3.3,1.4,0.0,0.0,Autumn,No Holiday,Yes
2018-10-25 16:00:00,1528.0,20.4,32,0.9,1720,3.1,0.84,0.0,0.0,Autumn,No Holiday,Yes
2018-10-25 17:00:00,1961.0,19.2,36,0.7,1643,3.7,0.38,0.0,0.0,Autumn,No Holiday,Yes
2018-10-25 18:00:00,2632.0,17.3,39,1.3,1641,3.1,0.03,0.0,0.0,Autumn,No Holiday,Yes
2018-10-25 19:00:00,1968.0,16.4,47,1.0,1694,5.0,0.0,0.0,0.0,Autumn,No Holiday,Yes
2018-10-25 20:00:00,1596.0,15.3,50,0.5,1647,4.9,0.0,0.0,0.0,Autumn,No Holiday,Yes
2018-10-25 21:00:00,1513.0,14.5,50,0.7,1741,4.1,0.0,0.0,0.0,Autumn,No Holiday,Yes
2018-10-25 22:00:00,1316.0,13.6,56,1.0,1611,4.9,0.0,0.0,0.0,Autumn,No Holiday,Yes
2018-10-25 23:00:00,919.0,12.5,59,0.8,1602,4.6,0.0,0.0,0.0,Autumn,No Holiday,Yes
2018-10-26 00:00:00,753.0,12.5,57,0.9,1877,4.1,0.0,0.0,0.0,Autumn,No Holiday,Yes
2018-10-26 01:00:00,629.0,12.7,56,1.2,1952,4.1,0.0,0.0,0.0,Autumn,No Holiday,Yes
2018-10-26 02:00:00,434.0,12.8,59,0.9,1804,4.9,0.0,0.0,0.0,Autumn,No Holiday,Yes
2018-10-26 03:00:00,327.0,12.8,57,0.5,1715,4.4,0.0,0.0,0.0,Autumn,No Holiday,Yes
2018-10-26 04:00:00,185.0,12.6,60,0.6,1648,5.0,0.0,0.0,0.0,Autumn,No Holiday,Yes
2018-10-26 05:00:00,178.0,12.4,60,0.8,1563,4.8,0.0,0.0,0.0,Autumn,No Holiday,Yes
2018-10-26 06:00:00,376.0,12.6,64,1.3,1348,5.9,0.0,0.0,0.0,Autumn,No Holiday,Yes
2018-10-26 07:00:00,556.0,12.6,63,0.8,1265,5.7,0.0,0.0,0.0,Autumn,No Holiday,Yes
2018-10-26 08:00:00,556.0,12.1,81,0.8,706,8.9,0.0,0.5,0.0,Autumn,No Holiday,Yes
2018-10-26 09:00:00,144.0,12.0,86,0.8,405,9.7,0.07,0.5,0.0,Autumn,No Holiday,Yes
2018-10-26 10:00:00,191.0,12.9,84,1.0,534,10.2,0.27,0.0,0.0,Autumn,No Holiday,Yes
2018-10-26 11:00:00,54.0,12.4,87,1.0,317,10.2,0.24,1.0,0.0,Autumn,No Holiday,Yes
2018-10-26 12:00:00,29.0,12.4,90,1.1,297,10.7,0.19,1.0,0.0,Autumn,No Holiday,Yes
2018-10-26 13:00:00,18.0,12.6,87,2.3,539,10.4,0.13,1.5,0.0,Autumn,No Holiday,Yes
2018-10-26 14:00:00,147.0,12.7,95,1.9,255,11.9,0.09,5.5,0.0,Autumn,No Holiday,Yes
2018-10-26 15:00:00,576.0,14.0,87,1.2,1482,11.8,0.68,1.0,0.0,Autumn,No Holiday,Yes
2018-10-26 16:00:00,900.0,14.5,81,1.8,1588,11.2,0.78,0.0,0.0,Autumn,No Holiday,Yes
2018-10-26 17:00:00,1386.0,14.3,77,2.9,1966,10.3,0.5,0.0,0.0,Autumn,No Holiday,Yes
2018-10-26 18:00:00,1882.0,13.1,74,1.6,1989,8.5,0.05,0.0,0.0,Autumn,No Holiday,Yes
2018-10-26 19:00:00,1228.0,12.9,66,2.5,1997,6.6,0.0,0.0,0.0,Autumn,No Holiday,Yes
2018-10-26 20:00:00,1003.0,12.2,67,5.4,1956,6.2,0.0,0.0,0.0,Autumn,No Holiday,Yes
2018-10-26 21:00:00,542.0,10.6,70,2.4,2000,5.3,0.0,0.0,0.0,Autumn,No Holiday,Yes
2018-10-26 22:00:00,680.0,10.5,72,2.4,2000,5.6,0.0,0.0,0.0,Autumn,No Holiday,Yes
2018-10-26 23:00:00,603.0,10.2,64,3.9,2000,3.6,0.0,0.0,0.0,Autumn,No Holiday,Yes
2018-10-27 00:00:00,640.0,9.9,65,3.2,2000,3.6,0.0,0.0,0.0,Autumn,No Holiday,Yes
2018-10-27 01:00:00,585.0,9.9,62,3.5,2000,2.9,0.0,0.0,0.0,Autumn,No Holiday,Yes
2018-10-27 02:00:00,478.0,9.5,58,3.0,2000,1.6,0.0,0.0,0.0,Autumn,No Holiday,Yes
2018-10-27 03:00:00,346.0,9.1,60,2.8,2000,1.7,0.0,0.0,0.0,Autumn,No Holiday,Yes
2018-10-27 04:00:00,233.0,8.8,61,2.8,2000,1.6,0.0,0.0,0.0,Autumn,No Holiday,Yes
2018-10-27 05:00:00,146.0,8.0,65,1.6,2000,1.8,0.0,0.0,0.0,Autumn,No Holiday,Yes
2018-10-27 06:00:00,197.0,7.4,66,2.3,2000,1.4,0.0,0.0,0.0,Autumn,No Holiday,Yes
2018-10-27 07:00:00,388.0,7.3,65,3.2,2000,1.1,0.0,0.0,0.0,Autumn,No Holiday,Yes
2018-10-27 08:00:00,713.0,7.7,62,2.4,1985,0.8,0.23,0.0,0.0,Autumn,No Holiday,Yes
2018-10-27 09:00:00,785.0,8.3,55,4.0,1853,-0.2,0.89,0.0,0.0,Autumn,No Holiday,Yes
2018-10-27 10:00:00,898.0,9.5,46,3.7,1871,-1.5,1.49,0.0,0.0,Autumn,No Holiday,Yes
2018-10-27 11:00:00,996.0,10.4,42,4.1,1988,-1.9,2.01,0.0,0.0,Autumn,No Holiday,Yes
2018-10-27 12:00:00,1076.0,10.4,41,4.9,1966,-2.3,1.33,0.0,0.0,Autumn,No Holiday,Yes
2018-10-27 13:00:00,1118.0,10.6,38,4.6,2000,-3.1,1.63,0.0,0.0,Autumn,No Holiday,Yes
2018-10-27 14:00:00,1183.0,10.8,37,4.4,2000,-3.3,1.29,0.0,0.0,Autumn,No Holiday,Yes
2018-10-27 15:00:00,1254.0,11.4,32,3.8,2000,-4.7,1.21,0.0,0.0,Autumn,No Holiday,Yes
2018-10-27 16:00:00,1308.0,10.6,35,3.3,2000,-4.2,1.02,0.0,0.0,Autumn,No Holiday,Yes
2018-10-27 17:00:00,1176.0,9.5,34,5.7,2000,-5.6,0.45,0.0,0.0,Autumn,No Holiday,Yes
2018-10-27 18:00:00,1054.0,8.9,39,3.5,2000,-4.3,0.05,0.0,0.0,Autumn,No Holiday,Yes
2018-10-27 19:00:00,864.0,8.0,42,2.9,2000,-4.1,0.0,0.0,0.0,Autumn,No Holiday,Yes
2018-10-27 20:00:00,775.0,7.6,44,4.2,2000,-3.8,0.0,0.0,0.0,Autumn,No Holiday,Yes
2018-10-27 21:00:00,775.0,7.3,49,3.4,2000,-2.7,0.0,0.0,0.0,Autumn,No Holiday,Yes
2018-10-27 22:00:00,752.0,6.6,51,1.8,2000,-2.8,0.0,0.0,0.0,Autumn,No Holiday,Yes
2018-10-27 23:00:00,658.0,6.3,52,1.8,2000,-2.8,0.0,0.0,0.0,Autumn,No Holiday,Yes
2018-10-28 00:00:00,699.0,6.7,55,1.5,2000,-1.7,0.0,0.0,0.0,Autumn,No Holiday,Yes
2018-10-28 01:00:00,531.0,6.9,55,1.8,2000,-1.5,0.0,0.0,0.0,Autumn,No Holiday,Yes
2018-10-28 02:00:00,450.0,6.6,59,0.4,2000,-0.8,0.0,0.0,0.0,Autumn,No Holiday,Yes
2018-10-28 03:00:00,299.0,6.2,59,0.6,2000,-1.2,0.0,0.0,0.0,Autumn,No Holiday,Yes
2018-10-28 04:00:00,148.0,6.8,65,1.1,2000,0.6,0.0,0.0,0.0,Autumn,No Holiday,Yes
2018-10-28 05:00:00,27.0,7.2,68,2.5,1740,1.6,0.0,0.0,0.0,Autumn,No Holiday,Yes
2018-10-28 06:00:00,55.0,6.9,86,1.7,1988,4.7,0.0,1.5,0.0,Autumn,No Holiday,Yes
2018-10-28 07:00:00,134.0,6.9,88,0.9,1991,5.0,0.0,0.0,0.0,Autumn,No Holiday,Yes
2018-10-28 08:00:00,74.0,6.8,89,1.4,1856,5.1,0.05,0.0,0.0,Autumn,No Holiday,Yes
2018-10-28 09:00:00,195.0,7.3,90,1.1,1889,5.7,0.12,2.5,0.0,Autumn,No Holiday,Yes
2018-10-28 10:00:00,330.0,8.2,89,0.4,1365,6.4,0.39,0.0,0.0,Autumn,No Holiday,Yes
2018-10-28 11:00:00,544.0,9.4,86,1.2,1220,7.1,0.75,0.0,0.0,Autumn,No Holiday,Yes
2018-10-28 12:00:00,630.0,11.9,74,1.6,1801,7.4,1.84,0.0,0.0,Autumn,No Holiday,Yes
2018-10-28 13:00:00,916.0,12.1,75,1.2,1775,7.7,0.99,0.0,0.0,Autumn,No Holiday,Yes
2018-10-28 14:00:00,962.0,12.4,72,1.9,1860,7.4,1.06,0.0,0.0,Autumn,No Holiday,Yes
2018-10-28 15:00:00,948.0,12.2,67,3.3,2000,6.2,0.86,0.0,0.0,Autumn,No Holiday,Yes
2018-10-28 16:00:00,385.0,12.2,65,1.9,2000,5.8,0.52,0.0,0.0,Autumn,No Holiday,Yes
2018-10-28 17:00:00,535.0,9.4,85,1.2,2000,6.9,0.07,1.5,0.0,Autumn,No Holiday,Yes
2018-10-28 18:00:00,651.0,8.9,85,1.8,2000,6.5,0.01,0.0,0.0,Autumn,No Holiday,Yes
2018-10-28 19:00:00,645.0,8.4,85,1.2,2000,6.0,0.0,0.0,0.0,Autumn,No Holiday,Yes
2018-10-28 20:00:00,624.0,8.2,82,2.8,2000,5.3,0.0,0.0,0.0,Autumn,No Holiday,Yes
2018-10-28 21:00:00,670.0,7.6,75,1.1,2000,3.4,0.0,0.0,0.0,Autumn,No Holiday,Yes
2018-10-28 22:00:00,625.0,6.7,76,0.6,2000,2.7,0.0,0.0,0.0,Autumn,No Holiday,Yes
2018-10-28 23:00:00,512.0,6.0,74,1.1,2000,1.7,0.0,0.0,0.0,Autumn,No Holiday,Yes
2018-10-29 00:00:00,434.0,5.3,81,1.7,1993,2.2,0.0,0.0,0.0,Autumn,No Holiday,Yes
2018-10-29 01:00:00,326.0,5.1,83,1.1,1989,2.4,0.0,0.0,0.0,Autumn,No Holiday,Yes
2018-10-29 02:00:00,184.0,4.7,81,1.0,1918,1.7,0.0,0.0,0.0,Autumn,No Holiday,Yes
2018-10-29 03:00:00,123.0,5.0,67,0.8,2000,-0.6,0.0,0.0,0.0,Autumn,No Holiday,Yes
2018-10-29 04:00:00,117.0,5.6,66,0.7,2000,-0.2,0.0,0.0,0.0,Autumn,No Holiday,Yes
2018-10-29 05:00:00,161.0,5.1,76,0.7,2000,1.2,0.0,0.0,0.0,Autumn,No Holiday,Yes
2018-10-29 06:00:00,436.0,4.7,76,0.6,2000,0.8,0.0,0.0,0.0,Autumn,No Holiday,Yes
2018-10-29 07:00:00,1070.0,4.6,76,0.7,2000,0.7,0.0,0.0,0.0,Autumn,No Holiday,Yes
2018-10-29 08:00:00,1888.0,5.1,67,0.3,1981,-0.5,0.24,0.0,0.0,Autumn,No Holiday,Yes
2018-10-29 09:00:00,1021.0,7.5,53,1.6,1981,-1.4,1.01,0.0,0.0,Autumn,No Holiday,Yes
2018-10-29 10:00:00,771.0,9.6,43,1.8,1930,-2.3,1.49,0.0,0.0,Autumn,No Holiday,Yes
2018-10-29 11:00:00,796.0,11.0,46,2.6,1946,-0.1,1.97,0.0,0.0,Autumn,No Holiday,Yes
2018-10-29 12:00:00,737.0,10.8,49,2.7,2000,0.4,1.45,0.0,0.0,Autumn,No Holiday,Yes
2018-10-29 13:00:00,815.0,10.4,49,2.7,2000,0.1,0.54,0.0,0.0,Autumn,No Holiday,Yes
2018-10-29 14:00:00,838.0,11.3,39,3.7,2000,-2.1,1.18,0.0,0.0,Autumn,No Holiday,Yes
2018-10-29 15:00:00,884.0,11.0,46,3.4,2000,-0.1,0.57,0.0,0.0,Autumn,No Holiday,Yes
2018-10-29 16:00:00,1069.0,11.3,41,3.6,2000,-1.4,0.94,0.0,0.0,Autumn,No Holiday,Yes
2018-10-29 17:00:00,1274.0,10.0,43,4.9,2000,-2.0,0.43,0.0,0.0,Autumn,No Holiday,Yes
2018-10-29 18:00:00,1987.0,9.4,51,3.4,2000,-0.2,0.02,0.0,0.0,Autumn,No Holiday,Yes
2018-10-29 19:00:00,1377.0,8.1,53,3.7,2000,-0.9,0.0,0.0,0.0,Autumn,No Holiday,Yes
2018-10-29 20:00:00,1026.0,6.8,59,3.2,2000,-0.6,0.0,0.0,0.0,Autumn,No Holiday,Yes
2018-10-29 21:00:00,979.0,5.7,61,2.3,2000,-1.2,0.0,0.0,0.0,Autumn,No Holiday,Yes
2018-10-29 22:00:00,906.0,5.1,58,2.2,2000,-2.4,0.0,0.0,0.0,Autumn,No Holiday,Yes
2018-10-29 23:00:00,658.0,4.3,58,1.4,2000,-3.2,0.0,0.0,0.0,Autumn,No Holiday,Yes
2018-10-30 00:00:00,488.0,3.4,55,1.5,2000,-4.8,0.0,0.0,0.0,Autumn,No Holiday,Yes
2018-10-30 01:00:00,440.0,3.0,55,1.0,2000,-5.1,0.0,0.0,0.0,Autumn,No Holiday,Yes
2018-10-30 02:00:00,283.0,2.1,56,0.5,2000,-5.7,0.0,0.0,0.0,Autumn,No Holiday,Yes
2018-10-30 03:00:00,182.0,1.7,59,0.5,2000,-5.4,0.0,0.0,0.0,Autumn,No Holiday,Yes
2018-10-30 04:00:00,150.0,1.6,63,0.3,2000,-4.6,0.0,0.0,0.0,Autumn,No Holiday,Yes
2018-10-30 05:00:00,162.0,1.1,68,0.6,2000,-4.1,0.0,0.0,0.0,Autumn,No Holiday,Yes
2018-10-30 06:00:00,394.0,0.8,69,1.4,2000,-4.2,0.0,0.0,0.0,Autumn,No Holiday,Yes
2018-10-30 07:00:00,1005.0,1.3,65,1.2,2000,-4.5,0.0,0.0,0.0,Autumn,No Holiday,Yes
2018-10-30 08:00:00,1883.0,1.4,58,0.9,1883,-5.9,0.15,0.0,0.0,Autumn,No Holiday,Yes
2018-10-30 09:00:00,982.0,3.7,49,1.9,1961,-6.0,0.89,0.0,0.0,Autumn,No Holiday,Yes
2018-10-30 10:00:00,684.0,6.1,38,2.5,1914,-7.1,1.51,0.0,0.0,Autumn,No Holiday,Yes
2018-10-30 11:00:00,782.0,7.5,36,1.4,1993,-6.6,1.98,0.0,0.0,Autumn,No Holiday,Yes
2018-10-30 12:00:00,881.0,8.5,34,1.5,1892,-6.4,2.21,0.0,0.0,Autumn,No Holiday,Yes
2018-10-30 13:00:00,847.0,9.8,33,1.8,1937,-5.7,2.3,0.0,0.0,Autumn,No Holiday,Yes
2018-10-30 14:00:00,903.0,10.7,33,1.7,2000,-4.9,2.12,0.0,0.0,Autumn,No Holiday,Yes
2018-10-30 15:00:00,965.0,10.9,33,2.6,1963,-4.7,1.73,0.0,0.0,Autumn,No Holiday,Yes
2018-10-30 16:00:00,1110.0,11.0,34,2.3,1999,-4.2,1.16,0.0,0.0,Autumn,No Holiday,Yes
2018-10-30 17:00:00,1357.0,9.9,40,2.6,2000,-3.0,0.47,0.0,0.0,Autumn,No Holiday,Yes
2018-10-30 18:00:00,2074.0,8.4,52,2.6,2000,-0.9,0.03,0.0,0.0,Autumn,No Holiday,Yes
2018-10-30 19:00:00,1442.0,8.0,52,2.1,2000,-1.2,0.0,0.0,0.0,Autumn,No Holiday,Yes
2018-10-30 20:00:00,1186.0,7.6,59,1.1,2000,0.0,0.0,0.0,0.0,Autumn,No Holiday,Yes
2018-10-30 21:00:00,1147.0,7.6,55,2.0,2000,-0.8,0.0,0.0,0.0,Autumn,No Holiday,Yes
2018-10-30 22:00:00,948.0,7.6,50,1.8,2000,-2.1,0.0,0.0,0.0,Autumn,No Holiday,Yes
2018-10-30 23:00:00,527.0,7.7,50,1.0,1988,-2.0,0.0,0.0,0.0,Autumn,No Holiday,Yes
2018-10-31 00:00:00,294.0,7.1,59,1.7,2000,-0.3,0.0,0.0,0.0,Autumn,No Holiday,Yes
2018-10-31 01:00:00,324.0,6.6,66,1.0,2000,0.6,0.0,0.0,0.0,Autumn,No Holiday,Yes
2018-10-31 02:00:00,287.0,6.4,65,0.0,2000,0.2,0.0,0.0,0.0,Autumn,No Holiday,Yes
2018-10-31 03:00:00,227.0,5.6,69,0.1,2000,0.3,0.0,0.0,0.0,Autumn,No Holiday,Yes
2018-10-31 04:00:00,146.0,5.0,71,1.4,1994,0.1,0.0,0.0,0.0,Autumn,No Holiday,Yes
2018-10-31 05:00:00,141.0,4.1,74,0.9,2000,-0.1,0.0,0.0,0.0,Autumn,No Holiday,Yes
2018-10-31 06:00:00,402.0,3.6,75,0.8,2000,-0.4,0.0,0.0,0.0,Autumn,No Holiday,Yes
2018-10-31 07:00:00,1060.0,3.2,74,0.9,2000,-0.9,0.0,0.0,0.0,Autumn,No Holiday,Yes
2018-10-31 08:00:00,1907.0,3.7,67,1.8,1987,-1.8,0.15,0.0,0.0,Autumn,No Holiday,Yes
2018-10-31 09:00:00,996.0,5.1,56,1.8,1825,-2.9,0.89,0.0,0.0,Autumn,No Holiday,Yes
2018-10-31 10:00:00,717.0,7.2,49,2.2,1892,-2.8,1.51,0.0,0.0,Autumn,No Holiday,Yes
2018-10-31 11:00:00,818.0,8.7,41,2.6,1907,-3.8,1.96,0.0,0.0,Autumn,No Holiday,Yes
2018-10-31 12:00:00,907.0,10.0,39,2.0,2000,-3.3,2.2,0.0,0.0,Autumn,No Holiday,Yes
2018-10-31 13:00:00,983.0,11.2,34,2.6,1940,-4.1,2.26,0.0,0.0,Autumn,No Holiday,Yes
2018-10-31 14:00:00,963.0,11.9,34,2.4,1835,-3.4,2.12,0.0,0.0,Autumn,No Holiday,Yes
2018-10-31 15:00:00,994.0,12.0,35,3.0,1908,-3.0,1.72,0.0,0.0,Autumn,No Holiday,Yes
2018-10-31 16:00:00,1185.0,11.8,34,2.3,1979,-3.5,1.16,0.0,0.0,Autumn,No Holiday,Yes
2018-10-31 17:00:00,1462.0,11.3,41,1.8,2000,-1.4,0.51,0.0,0.0,Autumn,No Holiday,Yes
2018-10-31 18:00:00,2094.0,9.4,48,2.0,2000,-1.0,0.03,0.0,0.0,Autumn,No Holiday,Yes
2018-10-31 19:00:00,1507.0,8.4,53,1.0,2000,-0.6,0.0,0.0,0.0,Autumn,No Holiday,Yes
2018-10-31 20:00:00,1176.0,7.6,59,0.7,2000,0.0,0.0,0.0,0.0,Autumn,No Holiday,Yes
2018-10-31 21:00:00,1069.0,7.6,59,3.0,1929,0.0,0.0,0.0,0.0,Autumn,No Holiday,Yes
2018-10-31 22:00:00,1088.0,6.8,58,2.2,1936,-0.9,0.0,0.0,0.0,Autumn,No Holiday,Yes
2018-10-31 23:00:00,798.0,6.4,60,1.8,1930,-0.8,0.0,0.0,0.0,Autumn,No Holiday,Yes
2018-11-01 00:00:00,584.0,5.7,62,2.3,1909,-1.0,0.0,0.0,0.0,Autumn,No Holiday,Yes
2018-11-01 01:00:00,524.0,5.1,65,1.6,1932,-0.9,0.0,0.0,0.0,Autumn,No Holiday,Yes
2018-11-01 02:00:00,362.0,4.4,64,1.4,2000,-1.8,0.0,0.0,0.0,Autumn,No Holiday,Yes
2018-11-01 03:00:00,242.0,4.2,65,0.7,1962,-1.8,0.0,0.0,0.0,Autumn,No Holiday,Yes
2018-11-01 04:00:00,147.0,3.6,70,0.8,1934,-1.3,0.0,0.0,0.0,Autumn,No Holiday,Yes
2018-11-01 05:00:00,154.0,3.3,72,0.0,1946,-1.2,0.0,0.0,0.0,Autumn,No Holiday,Yes
2018-11-01 06:00:00,433.0,2.9,75,0.2,1761,-1.1,0.0,0.0,0.0,Autumn,No Holiday,Yes
2018-11-01 07:00:00,1055.0,2.5,75,0.5,1763,-1.4,0.0,0.0,0.0,Autumn,No Holiday,Yes
2018-11-01 08:00:00,1899.0,2.8,74,0.9,1366,-1.3,0.13,0.0,0.0,Autumn,No Holiday,Yes
2018-11-01 09:00:00,1011.0,4.7,60,0.9,1219,-2.4,0.82,0.0,0.0,Autumn,No Holiday,Yes
2018-11-01 10:00:00,696.0,8.1,51,0.7,1100,-1.4,1.38,0.0,0.0,Autumn,No Holiday,Yes
2018-11-01 11:00:00,852.0,11.1,46,1.6,1518,-0.1,1.84,0.0,0.0,Autumn,No Holiday,Yes
2018-11-01 12:00:00,926.0,12.6,36,2.6,1785,-2.1,2.14,0.0,0.0,Autumn,No Holiday,Yes
2018-11-01 13:00:00,968.0,13.6,32,1.8,1814,-2.8,2.22,0.0,0.0,Autumn,No Holiday,Yes
2018-11-01 14:00:00,1040.0,14.9,31,2.5,1872,-2.1,2.06,0.0,0.0,Autumn,No Holiday,Yes
2018-11-01 15:00:00,1094.0,14.8,30,2.7,1990,-2.6,1.71,0.0,0.0,Autumn,No Holiday,Yes
2018-11-01 16:00:00,1206.0,14.7,32,2.0,1934,-1.8,1.13,0.0,0.0,Autumn,No Holiday,Yes
2018-11-01 17:00:00,1569.0,13.7,37,1.4,2000,-0.7,0.49,0.0,0.0,Autumn,No Holiday,Yes
2018-11-01 18:00:00,2254.0,11.8,43,1.3,1995,-0.3,0.03,0.0,0.0,Autumn,No Holiday,Yes
2018-11-01 19:00:00,1561.0,10.5,49,1.2,1965,0.2,0.0,0.0,0.0,Autumn,No Holiday,Yes
2018-11-01 20:00:00,1269.0,9.9,53,1.7,1868,0.7,0.0,0.0,0.0,Autumn,No Holiday,Yes
2018-11-01 21:00:00,1197.0,9.3,54,1.1,1975,0.4,0.0,0.0,0.0,Autumn,No Holiday,Yes
2018-11-01 22:00:00,1115.0,8.3,61,0.2,1809,1.2,0.0,0.0,0.0,Autumn,No Holiday,Yes
2018-11-01 23:00:00,806.0,7.8,63,0.4,1547,1.1,0.0,0.0,0.0,Autumn,No Holiday,Yes
2018-11-02 00:00:00,642.0,7.2,64,1.0,1639,0.8,0.0,0.0,0.0,Autumn,No Holiday,Yes
2018-11-02 01:00:00,560.0,6.6,69,0.0,1512,1.3,0.0,0.0,0.0,Autumn,No Holiday,Yes
2018-11-02 02:00:00,369.0,6.1,68,0.5,1519,0.6,0.0,0.0,0.0,Autumn,No Holiday,Yes
2018-11-02 03:00:00,251.0,5.7,72,0.8,1368,1.0,0.0,0.0,0.0,Autumn,No Holiday,Yes
2018-11-02 04:00:00,166.0,5.2,74,1.3,1386,0.9,0.0,0.0,0.0,Autumn,No Holiday,Yes
2018-11-02 05:00:00,153.0,4.8,75,0.7,1471,0.7,0.0,0.0,0.0,Autumn,No Holiday,Yes
2018-11-02 06:00:00,403.0,4.5,77,1.0,1410,0.8,0.0,0.0,0.0,Autumn,No Holiday,Yes
2018-11-02 07:00:00,1024.0,4.1,75,0.8,1143,0.0,0.0,0.0,0.0,Autumn,No Holiday,Yes
2018-11-02 08:00:00,1906.0,4.7,72,1.0,1306,0.0,0.12,0.0,0.0,Autumn,No Holiday,Yes
2018-11-02 09:00:00,1027.0,7.0,57,0.7,1553,-0.9,0.79,0.0,0.0,Autumn,No Holiday,Yes
2018-11-02 10:00:00,751.0,10.0,49,1.2,1411,-0.2,1.4,0.0,0.0,Autumn,No Holiday,Yes
2018-11-02 11:00:00,880.0,12.8,44,1.0,1269,0.8,1.84,0.0,0.0,Autumn,No Holiday,Yes
2018-11-02 12:00:00,1023.0,14.9,40,1.1,1288,1.4,2.06,0.0,0.0,Autumn,No Holiday,Yes
2018-11-02 13:00:00,1130.0,16.5,37,1.2,1400,1.7,2.12,0.0,0.0,Autumn,No Holiday,Yes
2018-11-02 14:00:00,1160.0,18.0,31,1.2,1506,0.5,1.98,0.0,0.0,Autumn,No Holiday,Yes
2018-11-02 15:00:00,1251.0,18.6,31,1.4,1575,1.1,1.63,0.0,0.0,Autumn,No Holiday,Yes
2018-11-02 16:00:00,1424.0,18.8,32,1.4,1717,1.7,1.09,0.0,0.0,Autumn,No Holiday,Yes
2018-11-02 17:00:00,1730.0,17.0,36,1.5,1672,1.8,0.47,0.0,0.0,Autumn,No Holiday,Yes
2018-11-02 18:00:00,2314.0,14.6,42,1.4,1428,1.8,0.02,0.0,0.0,Autumn,No Holiday,Yes
2018-11-02 19:00:00,1568.0,12.8,40,1.4,1870,-0.4,0.0,0.0,0.0,Autumn,No Holiday,Yes
2018-11-02 20:00:00,1242.0,11.7,45,1.2,1748,0.1,0.0,0.0,0.0,Autumn,No Holiday,Yes
2018-11-02 21:00:00,1146.0,10.8,57,2.0,1219,2.6,0.0,0.0,0.0,Autumn,No Holiday,Yes
2018-11-02 22:00:00,1106.0,10.0,56,2.0,1290,1.6,0.0,0.0,0.0,Autumn,No Holiday,Yes
2018-11-02 23:00:00,851.0,9.7,56,1.3,1423,1.3,0.0,0.0,0.0,Autumn,No Holiday,Yes
2018-11-03 00:00:00,642.0,8.8,63,0.6,1314,2.1,0.0,0.0,0.0,Autumn,No Holiday,No
2018-11-03 01:00:00,560.0,8.5,61,0.2,1273,1.3,0.0,0.0,0.0,Autumn,No Holiday,No
2018-11-03 02:00:00,369.0,7.6,68,1.2,1170,2.0,0.0,0.0,0.0,Autumn,No Holiday,No
2018-11-03 03:00:00,251.0,7.1,67,0.6,1229,1.3,0.0,0.0,0.0,Autumn,No Holiday,No
2018-11-03 04:00:00,166.0,6.3,72,1.0,1104,1.6,0.0,0.0,0.0,Autumn,No Holiday,No
2018-11-03 05:00:00,153.0,6.1,75,1.0,1053,1.9,0.0,0.0,0.0,Autumn,No Holiday,No
2018-11-03 06:00:00,403.0,5.5,78,0.6,983,1.9,0.0,0.0,0.0,Autumn,No Holiday,No
2018-11-03 07:00:00,1024.0,5.2,79,1.3,894,1.8,0.0,0.0,0.0,Autumn,No Holiday,No
2018-11-03 08:00:00,1906.0,5.4,75,0.4,905,1.3,0.11,0.0,0.0,Autumn,No Holiday,No
2018-11-03 09:00:00,1027.0,7.9,58,1.3,1033,0.1,0.8,0.0,0.0,Autumn,No Holiday,No
2018-11-03 10:00:00,751.0,11.0,49,0.7,957,0.6,1.4,0.0,0.0,Autumn,No Holiday,No
2018-11-03 11:00:00,880.0,14.5,42,1.6,890,1.7,1.85,0.0,0.0,Autumn,No Holiday,No
2018-11-03 12:00:00,1023.0,16.5,37,1.8,1060,1.7,2.14,0.0,0.0,Autumn,No Holiday,No
2018-11-03 13:00:00,1130.0,17.8,29,2.0,1328,-0.4,2.17,0.0,0.0,Autumn,No Holiday,No
2018-11-03 14:00:00,1160.0,18.1,24,2.4,1594,-2.8,1.97,0.0,0.0,Autumn,No Holiday,No
2018-11-03 15:00:00,1251.0,18.5,25,1.6,1724,-1.9,1.63,0.0,0.0,Autumn,No Holiday,No
2018-11-03 16:00:00,1424.0,18.7,25,2.1,1605,-1.7,1.07,0.0,0.0,Autumn,No Holiday,No
2018-11-03 17:00:00,1730.0,16.7,45,2.2,772,4.6,0.43,0.0,0.0,Autumn,No Holiday,No
2018-11-03 18:00:00,2314.0,14.2,51,1.5,990,4.1,0.02,0.0,0.0,Autumn,No Holiday,No
2018-11-03 19:00:00,1568.0,13.4,62,1.6,740,6.2,0.0,0.0,0.0,Autumn,No Holiday,No
2018-11-03 20:00:00,1242.0,12.1,68,0.8,592,6.3,0.0,0.0,0.0,Autumn,No Holiday,No
2018-11-03 21:00:00,1146.0,11.1,69,0.9,619,5.6,0.0,0.0,0.0,Autumn,No Holiday,No
2018-11-03 22:00:00,1106.0,10.0,68,1.1,791,4.3,0.0,0.0,0.0,Autumn,No Holiday,No
2018-11-03 23:00:00,851.0,9.2,65,1.2,1064,2.9,0.0,0.0,0.0,Autumn,No Holiday,No
2018-11-04 00:00:00,720.0,9.1,63,0.6,1292,2.4,0.0,0.0,0.0,Autumn,No Holiday,Yes
2018-11-04 01:00:00,517.0,8.6,60,1.1,1416,1.2,0.0,0.0,0.0,Autumn,No Holiday,Yes
2018-11-04 02:00:00,378.0,8.2,62,0.2,1415,1.3,0.0,0.0,0.0,Autumn,No Holiday,Yes
2018-11-04 03:00:00,296.0,7.6,66,0.9,1432,1.6,0.0,0.0,0.0,Autumn,No Holiday,Yes
2018-11-04 04:00:00,188.0,6.9,70,1.5,1314,1.7,0.0,0.0,0.0,Autumn,No Holiday,Yes
2018-11-04 05:00:00,112.0,6.6,73,0.3,1219,2.0,0.0,0.0,0.0,Autumn,No Holiday,Yes
2018-11-04 06:00:00,141.0,6.2,73,0.3,1018,1.7,0.0,0.0,0.0,Autumn,No Holiday,Yes
2018-11-04 07:00:00,259.0,5.8,79,1.0,862,2.4,0.0,0.0,0.0,Autumn,No Holiday,Yes
2018-11-04 08:00:00,481.0,5.7,78,1.1,714,2.1,0.09,0.0,0.0,Autumn,No Holiday,Yes
2018-11-04 09:00:00,632.0,7.5,60,0.5,725,0.2,0.79,0.0,0.0,Autumn,No Holiday,Yes
2018-11-04 10:00:00,747.0,11.1,51,0.8,679,1.3,1.38,0.0,0.0,Autumn,No Holiday,Yes
2018-11-04 11:00:00,963.0,14.8,46,2.0,768,3.2,1.83,0.0,0.0,Autumn,No Holiday,Yes
2018-11-04 12:00:00,1145.0,16.3,33,2.9,1530,0.0,2.13,0.0,0.0,Autumn,No Holiday,Yes
2018-11-04 13:00:00,1355.0,18.3,26,1.2,1503,-1.5,2.17,0.0,0.0,Autumn,No Holiday,Yes
2018-11-04 14:00:00,1511.0,19.3,28,1.7,1208,0.3,1.93,0.0,0.0,Autumn,No Holiday,Yes
2018-11-04 15:00:00,1579.0,19.0,25,2.1,1748,-1.5,1.6,0.0,0.0,Autumn,No Holiday,Yes
2018-11-04 16:00:00,1690.0,18.4,25,3.2,1909,-2.0,1.05,0.0,0.0,Autumn,No Holiday,Yes
2018-11-04 17:00:00,1596.0,16.9,33,2.2,1972,0.5,0.43,0.0,0.0,Autumn,No Holiday,Yes
2018-11-04 18:00:00,1335.0,14.5,46,2.6,1618,3.0,0.01,0.0,0.0,Autumn,No Holiday,Yes
2018-11-04 19:00:00,1180.0,12.9,56,2.5,1345,4.3,0.0,0.0,0.0,Autumn,No Holiday,Yes
2018-11-04 20:00:00,1077.0,12.7,59,1.2,1177,4.8,0.0,0.0,0.0,Autumn,No Holiday,Yes
2018-11-04 21:00:00,1001.0,11.8,62,0.7,1030,4.7,0.0,0.0,0.0,Autumn,No Holiday,Yes
2018-11-04 22:00:00,912.0,11.2,67,1.3,940,5.2,0.0,0.0,0.0,Autumn,No Holiday,Yes
2018-11-04 23:00:00,656.0,10.6,73,1.3,931,5.9,0.0,0.0,0.0,Autumn,No Holiday,Yes
2018-11-05 00:00:00,520.0,10.1,75,0.0,922,5.8,0.0,0.0,0.0,Autumn,No Holiday,Yes
2018-11-05 01:00:00,346.0,9.3,78,0.1,828,5.6,0.0,0.0,0.0,Autumn,No Holiday,Yes
2018-11-05 02:00:00,206.0,8.8,81,0.0,773,5.7,0.0,0.0,0.0,Autumn,No Holiday,Yes
2018-11-05 03:00:00,161.0,8.3,81,1.1,642,5.2,0.0,0.0,0.0,Autumn,No Holiday,Yes
2018-11-05 04:00:00,107.0,8.0,81,0.4,666,4.9,0.0,0.0,0.0,Autumn,No Holiday,Yes
2018-11-05 05:00:00,166.0,8.0,84,0.7,569,5.4,0.0,0.0,0.0,Autumn,No Holiday,Yes
2018-11-05 06:00:00,448.0,7.2,83,0.8,636,4.4,0.0,0.0,0.0,Autumn,No Holiday,Yes
2018-11-05 07:00:00,1115.0,7.0,86,1.1,455,4.8,0.0,0.0,0.0,Autumn,No Holiday,Yes
2018-11-05 08:00:00,1975.0,7.2,80,0.8,515,3.9,0.13,0.0,0.0,Autumn,No Holiday,Yes
2018-11-05 09:00:00,1005.0,8.9,67,1.1,578,3.0,0.69,0.0,0.0,Autumn,No Holiday,Yes
2018-11-05 10:00:00,790.0,11.8,59,0.9,616,4.0,1.23,0.0,0.0,Autumn,No Holiday,Yes
2018-11-05 11:00:00,829.0,13.8,47,1.2,994,2.6,1.71,0.0,0.0,Autumn,No Holiday,Yes
2018-11-05 12:00:00,971.0,16.4,48,2.1,653,5.3,1.68,0.0,0.0,Autumn,No Holiday,Yes
2018-11-05 13:00:00,986.0,16.8,46,1.1,760,5.0,1.71,0.0,0.0,Autumn,No Holiday,Yes
2018-11-05 14:00:00,993.0,17.5,38,1.2,1090,3.0,1.74,0.0,0.0,Autumn,No Holiday,Yes
2018-11-05 15:00:00,1100.0,18.0,39,1.0,1208,3.8,1.21,0.0,0.0,Autumn,No Holiday,Yes
2018-11-05 16:00:00,1318.0,16.8,46,1.8,1041,5.0,0.72,0.0,0.0,Autumn,No Holiday,Yes
2018-11-05 17:00:00,1664.0,15.7,49,2.0,1252,5.0,0.26,0.0,0.0,Autumn,No Holiday,Yes
2018-11-05 18:00:00,2357.0,14.5,54,1.3,1343,5.2,0.01,0.0,0.0,Autumn,No Holiday,Yes
2018-11-05 19:00:00,1618.0,13.2,66,1.7,705,6.9,0.0,0.0,0.0,Autumn,No Holiday,Yes
2018-11-05 20:00:00,1464.0,12.7,75,2.0,433,8.3,0.0,0.0,0.0,Autumn,No Holiday,Yes
2018-11-05 21:00:00,1289.0,12.2,79,1.8,351,8.6,0.0,0.0,0.0,Autumn,No Holiday,Yes
2018-11-05 22:00:00,1215.0,11.6,81,1.2,336,8.4,0.0,0.0,0.0,Autumn,No Holiday,Yes
2018-11-05 23:00:00,829.0,10.9,82,0.1,346,7.9,0.0,0.0,0.0,Autumn,No Holiday,Yes
2018-11-06 00:00:00,520.0,10.0,73,0.5,700,5.3,0.0,0.0,0.0,Autumn,No Holiday,No
2018-11-06 01:00:00,346.0,9.8,75,0.5,668,5.5,0.0,0.0,0.0,Autumn,No Holiday,No
2018-11-06 02:00:00,206.0,9.7,78,0.0,619,6.0,0.0,0.0,0.0,Autumn,No Holiday,No
2018-11-06 03:00:00,161.0,9.4,81,0.3,500,6.2,0.0,0.0,0.0,Autumn,No Holiday,No
2018-11-06 04:00:00,107.0,9.1,81,0.0,493,6.0,0.0,0.0,0.0,Autumn,No Holiday,No
2018-11-06 05:00:00,166.0,8.8,84,0.6,420,6.2,0.0,0.0,0.0,Autumn,No Holiday,No
2018-11-06 06:00:00,448.0,8.5,83,0.7,409,5.7,0.0,0.0,0.0,Autumn,No Holiday,No
2018-11-06 07:00:00,1115.0,8.3,84,0.9,422,5.7,0.0,0.0,0.0,Autumn,No Holiday,No
2018-11-06 08:00:00,1975.0,8.7,77,0.7,529,4.8,0.11,0.0,0.0,Autumn,No Holiday,No
2018-11-06 09:00:00,1005.0,10.1,68,0.2,578,4.4,0.33,0.0,0.0,Autumn,No Holiday,No
2018-11-06 10:00:00,790.0,11.7,62,0.5,521,4.6,0.77,0.0,0.0,Autumn,No Holiday,No
2018-11-06 11:00:00,829.0,13.0,55,1.0,488,4.1,0.84,0.0,0.0,Autumn,No Holiday,No
2018-11-06 12:00:00,971.0,14.5,57,0.8,373,6.0,1.08,0.0,0.0,Autumn,No Holiday,No
2018-11-06 13:00:00,986.0,16.1,56,1.7,328,7.3,1.54,0.0,0.0,Autumn,No Holiday,No
2018-11-06 14:00:00,993.0,17.4,50,2.4,336,6.8,1.52,0.0,0.0,Autumn,No Holiday,No
2018-11-06 15:00:00,1100.0,16.3,54,1.6,374,6.9,0.76,0.0,0.0,Autumn,No Holiday,No
2018-11-06 16:00:00,1318.0,16.6,55,1.3,334,7.5,0.66,0.0,0.0,Autumn,No Holiday,No
2018-11-06 17:00:00,1664.0,15.3,63,1.2,260,8.2,0.23,0.0,0.0,Autumn,No Holiday,No
2018-11-06 18:00:00,2357.0,14.0,71,1.5,201,8.8,0.01,0.0,0.0,Autumn,No Holiday,No
2018-11-06 19:00:00,1618.0,13.3,72,1.1,234,8.3,0.0,0.0,0.0,Autumn,No Holiday,No
2018-11-06 20:00:00,1464.0,13.2,73,1.1,246,8.4,0.0,0.0,0.0,Autumn,No Holiday,No
2018-11-06 21:00:00,1289.0,13.0,76,0.9,231,8.8,0.0,0.0,0.0,Autumn,No Holiday,No
2018-11-06 22:00:00,1215.0,12.3,73,1.2,277,7.5,0.0,0.0,0.0,Autumn,No Holiday,No
2018-11-06 23:00:00,829.0,12.2,74,1.1,291,7.6,0.0,0.0,0.0,Autumn,No Holiday,No
2018-11-07 00:00:00,639.0,11.9,74,1.6,287,7.4,0.0,0.0,0.0,Autumn,No Holiday,Yes
2018-11-07 01:00:00,410.0,11.9,76,1.4,286,7.7,0.0,0.0,0.0,Autumn,No Holiday,Yes
2018-11-07 02:00:00,136.0,12.0,81,1.3,295,8.8,0.0,0.0,0.0,Autumn,No Holiday,Yes
2018-11-07 03:00:00,40.0,10.8,88,1.0,145,8.8,0.0,0.5,0.0,Autumn,No Holiday,Yes
2018-11-07 04:00:00,47.0,10.6,95,0.7,94,9.8,0.0,0.0,0.0,Autumn,No Holiday,Yes
2018-11-07 05:00:00,71.0,11.1,95,0.2,117,10.3,0.0,0.0,0.0,Autumn,No Holiday,Yes
2018-11-07 06:00:00,194.0,11.0,91,1.0,124,9.5,0.0,1.0,0.0,Autumn,No Holiday,Yes
2018-11-07 07:00:00,526.0,10.8,91,1.3,216,9.3,0.0,0.0,0.0,Autumn,No Holiday,Yes
2018-11-07 08:00:00,1171.0,11.3,89,1.1,279,9.5,0.01,0.0,0.0,Autumn,No Holiday,Yes
2018-11-07 09:00:00,740.0,11.2,86,1.0,372,8.9,0.09,0.5,0.0,Autumn,No Holiday,Yes
2018-11-07 10:00:00,555.0,11.9,84,0.9,482,9.2,0.2,0.0,0.0,Autumn,No Holiday,Yes
2018-11-07 11:00:00,608.0,12.4,82,0.6,507,9.4,0.34,0.0,0.0,Autumn,No Holiday,Yes
2018-11-07 12:00:00,697.0,13.2,77,1.3,589,9.2,0.5,0.0,0.0,Autumn,No Holiday,Yes
2018-11-07 13:00:00,798.0,14.5,74,1.3,610,9.9,0.75,0.0,0.0,Autumn,No Holiday,Yes
2018-11-07 14:00:00,767.0,15.5,68,1.4,693,9.6,1.15,0.0,0.0,Autumn,No Holiday,Yes
2018-11-07 15:00:00,848.0,15.4,72,1.1,608,10.3,0.57,0.0,0.0,Autumn,No Holiday,Yes
2018-11-07 16:00:00,834.0,15.2,72,1.2,625,10.1,0.4,0.0,0.0,Autumn,No Holiday,Yes
2018-11-07 17:00:00,1115.0,14.9,73,0.9,854,10.0,0.04,0.0,0.0,Autumn,No Holiday,Yes
2018-11-07 18:00:00,1347.0,14.4,77,1.0,912,10.4,0.0,0.0,0.0,Autumn,No Holiday,Yes
2018-11-07 19:00:00,1176.0,13.8,81,1.5,760,10.5,0.0,0.0,0.0,Autumn,No Holiday,Yes
2018-11-07 20:00:00,1062.0,13.3,77,1.6,833,9.3,0.0,0.0,0.0,Autumn,No Holiday,Yes
2018-11-07 21:00:00,1062.0,13.5,75,0.8,1275,9.1,0.0,0.0,0.0,Autumn,No Holiday,Yes
2018-11-07 22:00:00,1003.0,13.2,74,1.4,1407,8.6,0.0,0.0,0.0,Autumn,No Holiday,Yes
2018-11-07 23:00:00,679.0,12.9,72,1.4,2000,7.9,0.0,0.0,0.0,Autumn,No Holiday,Yes
2018-11-08 00:00:00,395.0,12.9,70,1.8,2000,7.5,0.0,0.0,0.0,Autumn,No Holiday,Yes
2018-11-08 01:00:00,158.0,11.9,77,1.1,1634,7.9,0.0,0.0,0.0,Autumn,No Holiday,Yes
2018-11-08 02:00:00,122.0,11.8,84,1.6,1874,9.1,0.0,0.0,0.0,Autumn,No Holiday,Yes
2018-11-08 03:00:00,78.0,11.8,86,1.6,1819,9.5,0.0,0.5,0.0,Autumn,No Holiday,Yes
2018-11-08 04:00:00,50.0,10.8,87,1.7,956,8.7,0.0,0.0,0.0,Autumn,No Holiday,Yes
2018-11-08 05:00:00,49.0,10.8,89,1.6,957,9.0,0.0,0.0,0.0,Autumn,No Holiday,Yes
2018-11-08 06:00:00,136.0,10.6,90,1.6,1065,9.0,0.0,1.5,0.0,Autumn,No Holiday,Yes
2018-11-08 07:00:00,174.0,10.9,88,1.8,1866,8.9,0.0,0.0,0.0,Autumn,No Holiday,Yes
2018-11-08 08:00:00,148.0,10.6,89,1.5,689,8.8,0.02,0.0,0.0,Autumn,No Holiday,Yes
2018-11-08 09:00:00,56.0,10.6,94,2.1,739,9.6,0.06,2.0,0.0,Autumn,No Holiday,Yes
2018-11-08 10:00:00,17.0,10.8,94,1.8,578,9.8,0.15,0.0,0.0,Autumn,No Holiday,Yes
2018-11-08 11:00:00,25.0,10.9,95,2.4,519,10.1,0.12,0.0,0.0,Autumn,No Holiday,Yes
2018-11-08 12:00:00,17.0,11.4,95,2.5,792,10.6,0.44,5.5,0.0,Autumn,No Holiday,Yes
2018-11-08 13:00:00,18.0,11.5,95,2.1,457,10.7,0.32,0.0,0.0,Autumn,No Holiday,Yes
2018-11-08 14:00:00,46.0,11.3,96,2.7,302,10.6,0.11,0.0,0.0,Autumn,No Holiday,Yes
2018-11-08 15:00:00,56.0,11.4,96,2.0,910,10.7,0.07,9.5,0.0,Autumn,No Holiday,Yes
2018-11-08 16:00:00,14.0,11.7,96,1.4,587,11.0,0.02,0.0,0.0,Autumn,No Holiday,Yes
2018-11-08 17:00:00,30.0,11.9,97,0.7,269,11.4,0.0,0.0,0.0,Autumn,No Holiday,Yes
2018-11-08 18:00:00,40.0,12.9,97,0.0,406,12.4,0.0,9.0,0.0,Autumn,No Holiday,Yes
2018-11-08 19:00:00,19.0,12.8,97,0.9,245,12.3,0.0,0.0,0.0,Autumn,No Holiday,Yes
2018-11-08 20:00:00,12.0,13.9,97,2.5,594,13.4,0.0,0.0,0.0,Autumn,No Holiday,Yes
2018-11-08 21:00:00,21.0,14.0,96,4.1,292,13.3,0.0,18.0,0.0,Autumn,No Holiday,Yes
2018-11-08 22:00:00,14.0,12.4,96,2.7,545,11.7,0.0,0.0,0.0,Autumn,No Holiday,Yes
2018-11-08 23:00:00,26.0,11.5,96,3.0,691,10.8,0.0,0.0,0.0,Autumn,No Holiday,Yes
2018-11-09 00:00:00,395.0,12.0,96,3.1,1185,11.3,0.0,18.0,0.0,Autumn,No Holiday,No
2018-11-09 01:00:00,158.0,11.4,89,2.6,1376,9.6,0.0,0.0,0.0,Autumn,No Holiday,No
2018-11-09 02:00:00,122.0,11.3,88,3.7,1680,9.3,0.0,0.0,0.0,Autumn,No Holiday,No
2018-11-09 03:00:00,78.0,10.8,82,2.8,1712,7.8,0.0,0.5,0.0,Autumn,No Holiday,No
2018-11-09 04:00:00,50.0,10.6,75,3.2,913,6.3,0.0,0.0,0.0,Autumn,No Holiday,No
2018-11-09 05:00:00,49.0,10.9,68,3.1,1034,5.2,0.0,0.0,0.0,Autumn,No Holiday,No
2018-11-09 06:00:00,136.0,11.0,70,3.1,900,5.7,0.0,0.0,0.0,Autumn,No Holiday,No
2018-11-09 07:00:00,174.0,10.4,81,3.0,1741,7.2,0.0,0.0,0.0,Autumn,No Holiday,No
2018-11-09 08:00:00,148.0,10.1,85,2.4,1809,7.6,0.05,0.0,0.0,Autumn,No Holiday,No
2018-11-09 09:00:00,56.0,10.8,78,2.6,1985,7.1,0.13,0.5,0.0,Autumn,No Holiday,No
2018-11-09 10:00:00,17.0,11.3,68,4.7,1984,5.5,0.44,0.0,0.0,Autumn,No Holiday,No
2018-11-09 11:00:00,25.0,13.3,59,4.1,1970,5.4,1.43,0.0,0.0,Autumn,No Holiday,No
2018-11-09 12:00:00,17.0,13.9,50,4.1,1964,3.6,2.14,0.0,0.0,Autumn,No Holiday,No
2018-11-09 13:00:00,18.0,14.0,46,5.3,927,2.5,1.68,0.0,0.0,Autumn,No Holiday,No
2018-11-09 14:00:00,46.0,15.0,49,2.8,518,4.3,1.53,0.0,0.0,Autumn,No Holiday,No
2018-11-09 15:00:00,56.0,15.1,52,3.4,622,5.3,1.3,0.0,0.0,Autumn,No Holiday,No
2018-11-09 16:00:00,14.0,14.3,59,3.6,858,6.3,0.72,0.0,0.0,Autumn,No Holiday,No
2018-11-09 17:00:00,30.0,12.9,66,3.6,682,6.6,0.32,0.0,0.0,Autumn,No Holiday,No
2018-11-09 18:00:00,40.0,12.3,69,2.1,623,6.7,0.01,0.0,0.0,Autumn,No Holiday,No
2018-11-09 19:00:00,19.0,11.9,71,2.7,589,6.7,0.0,0.0,0.0,Autumn,No Holiday,No
2018-11-09 20:00:00,12.0,11.9,72,2.5,526,7.0,0.0,0.0,0.0,Autumn,No Holiday,No
2018-11-09 21:00:00,21.0,11.4,74,1.9,498,6.9,0.0,0.0,0.0,Autumn,No Holiday,No
2018-11-09 22:00:00,14.0,11.2,75,1.7,478,6.9,0.0,0.0,0.0,Autumn,No Holiday,No
2018-11-09 23:00:00,26.0,10.9,76,1.2,456,6.8,0.0,0.0,0.0,Autumn,No Holiday,No
2018-11-10 00:00:00,754.0,11.3,77,0.9,433,7.4,0.0,0.0,0.0,Autumn,No Holiday,Yes
2018-11-10 01:00:00,679.0,11.2,78,1.1,467,7.4,0.0,0.0,0.0,Autumn,No Holiday,Yes
2018-11-10 02:00:00,568.0,10.7,80,0.6,409,7.3,0.0,0.0,0.0,Autumn,No Holiday,Yes
2018-11-10 03:00:00,372.0,10.3,81,0.7,361,7.1,0.0,0.0,0.0,Autumn,No Holiday,Yes
2018-11-10 04:00:00,223.0,9.5,87,0.6,266,7.4,0.0,0.0,0.0,Autumn,No Holiday,Yes
2018-11-10 05:00:00,137.0,9.4,87,0.8,279,7.3,0.0,0.0,0.0,Autumn,No Holiday,Yes
2018-11-10 06:00:00,167.0,9.5,85,0.6,304,7.0,0.0,0.0,0.0,Autumn,No Holiday,Yes
2018-11-10 07:00:00,309.0,9.5,86,0.6,293,7.2,0.0,0.0,0.0,Autumn,No Holiday,Yes
2018-11-10 08:00:00,589.0,9.3,85,0.3,313,6.9,0.07,0.0,0.0,Autumn,No Holiday,Yes
2018-11-10 09:00:00,628.0,10.1,77,0.0,350,6.2,0.45,0.0,0.0,Autumn,No Holiday,Yes
2018-11-10 10:00:00,699.0,12.2,73,1.9,374,7.4,0.92,0.0,0.0,Autumn,No Holiday,Yes
2018-11-10 11:00:00,768.0,13.8,63,2.2,416,6.8,1.32,0.0,0.0,Autumn,No Holiday,Yes
2018-11-10 12:00:00,1034.0,15.1,54,2.2,495,5.8,1.91,0.0,0.0,Autumn,No Holiday,Yes
2018-11-10 13:00:00,1094.0,15.9,48,2.7,538,4.8,1.87,0.0,0.0,Autumn,No Holiday,Yes
2018-11-10 14:00:00,1113.0,17.1,39,2.0,781,3.0,1.85,0.0,0.0,Autumn,No Holiday,Yes
2018-11-10 15:00:00,1229.0,16.6,36,2.5,808,1.4,1.45,0.0,0.0,Autumn,No Holiday,Yes
2018-11-10 16:00:00,1263.0,16.0,37,1.9,984,1.2,0.94,0.0,0.0,Autumn,No Holiday,Yes
2018-11-10 17:00:00,1379.0,14.8,47,1.3,787,3.5,0.35,0.0,0.0,Autumn,No Holiday,Yes
2018-11-10 18:00:00,1226.0,13.2,57,2.2,618,4.8,0.01,0.0,0.0,Autumn,No Holiday,Yes
2018-11-10 19:00:00,957.0,12.1,67,1.5,430,6.1,0.0,0.0,0.0,Autumn,No Holiday,Yes
2018-11-10 20:00:00,877.0,11.3,74,1.2,350,6.8,0.0,0.0,0.0,Autumn,No Holiday,Yes
2018-11-10 21:00:00,847.0,10.8,78,1.0,303,7.1,0.0,0.0,0.0,Autumn,No Holiday,Yes
2018-11-10 22:00:00,885.0,10.6,81,1.2,281,7.4,0.0,0.0,0.0,Autumn,No Holiday,Yes
2018-11-10 23:00:00,676.0,10.3,84,1.3,250,7.7,0.0,0.0,0.0,Autumn,No Holiday,Yes
2018-11-11 00:00:00,655.0,9.4,85,0.6,241,6.9,0.0,0.0,0.0,Autumn,No Holiday,Yes
2018-11-11 01:00:00,518.0,8.8,89,0.7,213,7.0,0.0,0.0,0.0,Autumn,No Holiday,Yes
2018-11-11 02:00:00,370.0,7.9,85,1.1,275,5.5,0.0,0.0,0.0,Autumn,No Holiday,Yes
2018-11-11 03:00:00,314.0,7.1,85,0.7,329,4.7,0.0,0.0,0.0,Autumn,No Holiday,Yes
2018-11-11 04:00:00,189.0,6.9,82,0.5,337,4.0,0.0,0.0,0.0,Autumn,No Holiday,Yes
2018-11-11 05:00:00,111.0,6.8,83,0.6,341,4.1,0.0,0.0,0.0,Autumn,No Holiday,Yes
2018-11-11 06:00:00,117.0,6.6,84,1.2,373,4.0,0.0,0.0,0.0,Autumn,No Holiday,Yes
2018-11-11 07:00:00,228.0,6.4,84,1.3,369,3.8,0.0,0.0,0.0,Autumn,No Holiday,Yes
2018-11-11 08:00:00,395.0,6.3,81,0.8,365,3.2,0.11,0.0,0.0,Autumn,No Holiday,Yes
2018-11-11 09:00:00,574.0,7.8,72,1.2,360,3.0,0.54,0.0,0.0,Autumn,No Holiday,Yes
2018-11-11 10:00:00,563.0,10.2,68,0.7,354,4.5,1.06,0.0,0.0,Autumn,No Holiday,Yes
2018-11-11 11:00:00,578.0,10.7,68,0.4,341,5.0,0.54,0.0,0.0,Autumn,No Holiday,Yes
2018-11-11 12:00:00,769.0,10.6,72,2.0,365,5.7,0.29,0.0,0.0,Autumn,No Holiday,Yes
2018-11-11 13:00:00,758.0,9.8,70,1.7,360,4.5,0.33,0.0,0.0,Autumn,No Holiday,Yes
2018-11-11 14:00:00,810.0,10.1,58,0.9,605,2.1,0.43,0.0,0.0,Autumn,No Holiday,Yes
2018-11-11 15:00:00,832.0,10.2,58,2.0,573,2.2,0.29,0.0,0.0,Autumn,No Holiday,Yes
2018-11-11 16:00:00,616.0,9.9,59,1.3,578,2.2,0.1,0.0,0.0,Autumn,No Holiday,Yes
2018-11-11 17:00:00,660.0,8.9,57,3.0,1149,0.8,0.03,0.0,0.0,Autumn,No Holiday,Yes
2018-11-11 18:00:00,752.0,8.9,55,2.0,1333,0.3,0.0,0.0,0.0,Autumn,No Holiday,Yes
2018-11-11 19:00:00,685.0,8.7,52,0.8,1590,-0.6,0.0,0.0,0.0,Autumn,No Holiday,Yes
2018-11-11 20:00:00,711.0,8.2,53,0.6,1621,-0.8,0.0,0.0,0.0,Autumn,No Holiday,Yes
2018-11-11 21:00:00,689.0,8.0,51,0.5,1989,-1.5,0.0,0.0,0.0,Autumn,No Holiday,Yes
2018-11-11 22:00:00,690.0,7.0,60,0.0,1948,-0.2,0.0,0.0,0.0,Autumn,No Holiday,Yes
2018-11-11 23:00:00,554.0,6.3,62,0.0,1993,-0.4,0.0,0.0,0.0,Autumn,No Holiday,Yes
2018-11-12 00:00:00,456.0,5.4,64,0.8,2000,-0.8,0.0,0.0,0.0,Autumn,No Holiday,Yes
2018-11-12 01:00:00,344.0,5.0,67,1.3,2000,-0.6,0.0,0.0,0.0,Autumn,No Holiday,Yes
2018-11-12 02:00:00,187.0,4.8,66,1.6,2000,-1.0,0.0,0.0,0.0,Autumn,No Holiday,Yes
2018-11-12 03:00:00,122.0,4.6,65,0.1,2000,-1.4,0.0,0.0,0.0,Autumn,No Holiday,Yes
2018-11-12 04:00:00,109.0,4.0,68,0.0,2000,-1.3,0.0,0.0,0.0,Autumn,No Holiday,Yes
2018-11-12 05:00:00,158.0,4.0,71,0.0,2000,-0.7,0.0,0.0,0.0,Autumn,No Holiday,Yes
2018-11-12 06:00:00,419.0,3.8,69,0.0,1995,-1.3,0.0,0.0,0.0,Autumn,No Holiday,Yes
2018-11-12 07:00:00,1004.0,3.4,72,1.0,1989,-1.1,0.0,0.0,0.0,Autumn,No Holiday,Yes
2018-11-12 08:00:00,1699.0,3.3,69,0.0,2000,-1.8,0.06,0.0,0.0,Autumn,No Holiday,Yes
2018-11-12 09:00:00,931.0,5.2,55,1.4,1752,-3.1,0.67,0.0,0.0,Autumn,No Holiday,Yes
2018-11-12 10:00:00,683.0,8.3,50,1.1,1364,-1.5,1.23,0.0,0.0,Autumn,No Holiday,Yes
2018-11-12 11:00:00,785.0,10.3,40,0.7,1672,-2.7,1.66,0.0,0.0,Autumn,No Holiday,Yes
2018-11-12 12:00:00,888.0,12.3,37,0.8,1690,-1.9,1.93,0.0,0.0,Autumn,No Holiday,Yes
2018-11-12 13:00:00,889.0,13.3,36,2.1,1283,-1.4,1.99,0.0,0.0,Autumn,No Holiday,Yes
2018-11-12 14:00:00,886.0,14.2,33,1.5,1374,-1.8,1.84,0.0,0.0,Autumn,No Holiday,Yes
2018-11-12 15:00:00,1084.0,13.8,34,2.4,1438,-1.8,1.45,0.0,0.0,Autumn,No Holiday,Yes
2018-11-12 16:00:00,1193.0,12.9,38,2.6,1476,-1.1,0.94,0.0,0.0,Autumn,No Holiday,Yes
2018-11-12 17:00:00,1472.0,11.8,43,1.8,1685,-0.3,0.34,0.0,0.0,Autumn,No Holiday,Yes
2018-11-12 18:00:00,2022.0,10.6,45,1.8,1936,-0.8,0.01,0.0,0.0,Autumn,No Holiday,Yes
2018-11-12 19:00:00,1466.0,9.8,46,2.8,1945,-1.2,0.0,0.0,0.0,Autumn,No Holiday,Yes
2018-11-12 20:00:00,1292.0,9.0,48,1.9,1879,-1.4,0.0,0.0,0.0,Autumn,No Holiday,Yes
2018-11-12 21:00:00,1189.0,8.5,50,0.5,1707,-1.3,0.0,0.0,0.0,Autumn,No Holiday,Yes
2018-11-12 22:00:00,1023.0,7.6,55,1.7,1694,-0.8,0.0,0.0,0.0,Autumn,No Holiday,Yes
2018-11-12 23:00:00,702.0,6.9,60,0.8,1610,-0.3,0.0,0.0,0.0,Autumn,No Holiday,Yes
2018-11-13 00:00:00,587.0,6.2,63,0.8,1611,-0.3,0.0,0.0,0.0,Autumn,No Holiday,Yes
2018-11-13 01:00:00,487.0,5.6,68,0.5,1576,0.1,0.0,0.0,0.0,Autumn,No Holiday,Yes
2018-11-13 02:00:00,330.0,5.6,64,0.1,1556,-0.6,0.0,0.0,0.0,Autumn,No Holiday,Yes
2018-11-13 03:00:00,205.0,5.3,62,0.0,1485,-1.4,0.0,0.0,0.0,Autumn,No Holiday,Yes
2018-11-13 04:00:00,133.0,4.9,63,0.0,1397,-1.5,0.0,0.0,0.0,Autumn,No Holiday,Yes
2018-11-13 05:00:00,162.0,4.7,72,0.0,1310,0.0,0.0,0.0,0.0,Autumn,No Holiday,Yes
2018-11-13 06:00:00,402.0,4.2,72,0.8,1326,-0.4,0.0,0.0,0.0,Autumn,No Holiday,Yes
2018-11-13 07:00:00,1066.0,4.4,72,0.3,1189,-0.2,0.0,0.0,0.0,Autumn,No Holiday,Yes
2018-11-13 08:00:00,1910.0,4.7,68,0.5,1032,-0.7,0.06,0.0,0.0,Autumn,No Holiday,Yes
2018-11-13 09:00:00,990.0,6.0,59,1.0,719,-1.4,0.6,0.0,0.0,Autumn,No Holiday,Yes
2018-11-13 10:00:00,710.0,9.0,51,0.9,706,-0.6,1.16,0.0,0.0,Autumn,No Holiday,Yes
2018-11-13 11:00:00,789.0,11.4,46,0.8,876,0.1,1.57,0.0,0.0,Autumn,No Holiday,Yes
2018-11-13 12:00:00,890.0,12.8,45,1.8,1170,1.1,1.82,0.0,0.0,Autumn,No Holiday,Yes
2018-11-13 13:00:00,912.0,13.5,43,2.2,1687,1.1,1.92,0.0,0.0,Autumn,No Holiday,Yes
2018-11-13 14:00:00,928.0,15.0,37,1.6,1703,0.4,1.82,0.0,0.0,Autumn,No Holiday,Yes
2018-11-13 15:00:00,980.0,15.3,37,1.8,1774,0.6,1.5,0.0,0.0,Autumn,No Holiday,Yes
2018-11-13 16:00:00,1188.0,14.2,37,2.0,1783,-0.3,0.91,0.0,0.0,Autumn,No Holiday,Yes
2018-11-13 17:00:00,1420.0,12.7,40,1.9,1967,-0.5,0.33,0.0,0.0,Autumn,No Holiday,Yes
2018-11-13 18:00:00,2159.0,11.3,42,1.2,1846,-1.1,0.01,0.0,0.0,Autumn,No Holiday,Yes
2018-11-13 19:00:00,1529.0,9.8,45,1.3,1882,-1.5,0.0,0.0,0.0,Autumn,No Holiday,Yes
2018-11-13 20:00:00,1208.0,9.5,44,1.8,1991,-2.1,0.0,0.0,0.0,Autumn,No Holiday,Yes
2018-11-13 21:00:00,1163.0,8.5,42,1.1,2000,-3.7,0.0,0.0,0.0,Autumn,No Holiday,Yes
2018-11-13 22:00:00,1126.0,8.1,50,0.5,2000,-1.7,0.0,0.0,0.0,Autumn,No Holiday,Yes
2018-11-13 23:00:00,718.0,7.6,49,0.6,1971,-2.4,0.0,0.0,0.0,Autumn,No Holiday,Yes
2018-11-14 00:00:00,612.0,7.0,54,0.9,1862,-1.6,0.0,0.0,0.0,Autumn,No Holiday,Yes
2018-11-14 01:00:00,517.0,6.5,60,0.5,1788,-0.7,0.0,0.0,0.0,Autumn,No Holiday,Yes
2018-11-14 02:00:00,327.0,6.2,59,0.6,1584,-1.2,0.0,0.0,0.0,Autumn,No Holiday,Yes
2018-11-14 03:00:00,210.0,6.1,66,0.5,1347,0.2,0.0,0.0,0.0,Autumn,No Holiday,Yes
2018-11-14 04:00:00,164.0,5.6,70,0.6,1311,0.5,0.0,0.0,0.0,Autumn,No Holiday,Yes
2018-11-14 05:00:00,135.0,5.3,72,0.2,1278,0.6,0.0,0.0,0.0,Autumn,No Holiday,Yes
2018-11-14 06:00:00,362.0,5.1,76,1.1,1195,1.2,0.0,0.0,0.0,Autumn,No Holiday,Yes
2018-11-14 07:00:00,1047.0,5.2,78,0.3,1182,1.6,0.0,0.0,0.0,Autumn,No Holiday,Yes
2018-11-14 08:00:00,1916.0,5.0,77,1.5,1115,1.2,0.07,0.0,0.0,Autumn,No Holiday,Yes
2018-11-14 09:00:00,1019.0,7.1,61,0.5,1493,0.0,0.57,0.0,0.0,Autumn,No Holiday,Yes
2018-11-14 10:00:00,779.0,9.6,53,1.4,1818,0.4,1.16,0.0,0.0,Autumn,No Holiday,Yes
2018-11-14 11:00:00,892.0,12.1,49,0.8,1827,1.6,1.61,0.0,0.0,Autumn,No Holiday,Yes
2018-11-14 12:00:00,963.0,14.2,45,0.9,1531,2.4,1.86,0.0,0.0,Autumn,No Holiday,Yes
2018-11-14 13:00:00,1028.0,15.7,41,2.3,1322,2.4,2.01,0.0,0.0,Autumn,No Holiday,Yes
2018-11-14 14:00:00,1001.0,16.1,32,1.4,1703,-0.6,1.8,0.0,0.0,Autumn,No Holiday,Yes
2018-11-14 15:00:00,1063.0,15.9,30,0.7,1823,-1.6,1.34,0.0,0.0,Autumn,No Holiday,Yes
2018-11-14 16:00:00,1137.0,15.2,40,2.7,1371,1.6,0.87,0.0,0.0,Autumn,No Holiday,Yes
2018-11-14 17:00:00,1532.0,13.6,46,1.8,1374,2.1,0.31,0.0,0.0,Autumn,No Holiday,Yes
2018-11-14 18:00:00,2200.0,12.2,47,2.6,1427,1.2,0.01,0.0,0.0,Autumn,No Holiday,Yes
2018-11-14 19:00:00,1464.0,11.5,52,2.4,1319,1.9,0.0,0.0,0.0,Autumn,No Holiday,Yes
2018-11-14 20:00:00,1269.0,10.5,52,1.4,1153,1.0,0.0,0.0,0.0,Autumn,No Holiday,Yes
2018-11-14 21:00:00,1239.0,9.8,52,0.5,1255,0.3,0.0,0.0,0.0,Autumn,No Holiday,Yes
2018-11-14 22:00:00,1074.0,8.8,58,0.5,1358,0.9,0.0,0.0,0.0,Autumn,No Holiday,Yes
2018-11-14 23:00:00,757.0,8.4,65,0.8,1216,2.1,0.0,0.0,0.0,Autumn,No Holiday,Yes
2018-11-15 00:00:00,610.0,7.7,67,0.4,1102,1.9,0.0,0.0,0.0,Autumn,No Holiday,Yes
2018-11-15 01:00:00,489.0,7.3,64,0.3,1150,0.9,0.0,0.0,0.0,Autumn,No Holiday,Yes
2018-11-15 02:00:00,313.0,7.1,68,0.6,1082,1.5,0.0,0.0,0.0,Autumn,No Holiday,Yes
2018-11-15 03:00:00,219.0,6.5,75,1.1,970,2.3,0.0,0.0,0.0,Autumn,No Holiday,Yes
2018-11-15 04:00:00,154.0,6.1,72,0.5,1052,1.4,0.0,0.0,0.0,Autumn,No Holiday,Yes
2018-11-15 05:00:00,172.0,5.3,78,1.4,952,1.7,0.0,0.0,0.0,Autumn,No Holiday,Yes
2018-11-15 06:00:00,357.0,4.9,76,1.1,800,1.0,0.0,0.0,0.0,Autumn,No Holiday,Yes
2018-11-15 07:00:00,883.0,4.8,76,0.7,762,0.9,0.0,0.0,0.0,Autumn,No Holiday,Yes
2018-11-15 08:00:00,1686.0,5.3,75,1.0,808,1.2,0.1,0.0,0.0,Autumn,No Holiday,Yes
2018-11-15 09:00:00,1300.0,6.8,64,1.0,949,0.4,0.5,0.0,0.0,Autumn,No Holiday,Yes
2018-11-15 10:00:00,782.0,8.6,57,0.6,1102,0.5,0.77,0.0,0.0,Autumn,No Holiday,Yes
2018-11-15 11:00:00,770.0,11.1,47,1.2,1047,0.1,1.48,0.0,0.0,Autumn,No Holiday,Yes
2018-11-15 12:00:00,942.0,13.8,43,0.9,987,1.4,1.61,0.0,0.0,Autumn,No Holiday,Yes
2018-11-15 13:00:00,883.0,15.1,37,1.9,990,0.4,1.74,0.0,0.0,Autumn,No Holiday,Yes
2018-11-15 14:00:00,899.0,15.1,33,1.5,1045,-1.0,1.31,0.0,0.0,Autumn,No Holiday,Yes
2018-11-15 15:00:00,971.0,16.1,30,1.0,1125,-1.5,1.06,0.0,0.0,Autumn,No Holiday,Yes
2018-11-15 16:00:00,1123.0,15.4,34,1.4,1016,-0.4,0.68,0.0,0.0,Autumn,No Holiday,Yes
2018-11-15 17:00:00,1416.0,13.7,38,1.4,884,-0.3,0.29,0.0,0.0,Autumn,No Holiday,Yes
2018-11-15 18:00:00,2034.0,12.1,46,1.4,799,0.8,0.01,0.0,0.0,Autumn,No Holiday,Yes
2018-11-15 19:00:00,1448.0,11.2,46,1.4,869,0.0,0.0,0.0,0.0,Autumn,No Holiday,Yes
2018-11-15 20:00:00,1146.0,9.5,49,1.3,918,-0.7,0.0,0.0,0.0,Autumn,No Holiday,Yes
2018-11-15 21:00:00,1123.0,9.6,52,1.3,906,0.2,0.0,0.0,0.0,Autumn,No Holiday,Yes
2018-11-15 22:00:00,1061.0,8.7,53,0.4,764,-0.3,0.0,0.0,0.0,Autumn,No Holiday,Yes
2018-11-15 23:00:00,721.0,8.1,57,0.7,752,0.0,0.0,0.0,0.0,Autumn,No Holiday,Yes
2018-11-16 00:00:00,683.0,7.8,57,0.3,792,-0.2,0.0,0.0,0.0,Autumn,No Holiday,Yes
2018-11-16 01:00:00,520.0,7.8,59,0.6,768,0.2,0.0,0.0,0.0,Autumn,No Holiday,Yes
2018-11-16 02:00:00,376.0,7.7,63,1.0,704,1.0,0.0,0.0,0.0,Autumn,No Holiday,Yes
2018-11-16 03:00:00,262.0,7.4,63,0.6,699,0.8,0.0,0.0,0.0,Autumn,No Holiday,Yes
2018-11-16 04:00:00,171.0,7.1,64,0.6,663,0.7,0.0,0.0,0.0,Autumn,No Holiday,Yes
2018-11-16 05:00:00,151.0,6.9,66,0.5,698,0.9,0.0,0.0,0.0,Autumn,No Holiday,Yes
2018-11-16 06:00:00,412.0,7.1,65,0.5,713,0.9,0.0,0.0,0.0,Autumn,No Holiday,Yes
2018-11-16 07:00:00,939.0,6.6,64,0.5,701,0.2,0.0,0.0,0.0,Autumn,No Holiday,Yes
2018-11-16 08:00:00,1692.0,7.0,64,0.8,683,0.6,0.03,0.0,0.0,Autumn,No Holiday,Yes
2018-11-16 09:00:00,991.0,8.2,61,0.6,586,1.1,0.26,0.0,0.0,Autumn,No Holiday,Yes
2018-11-16 10:00:00,699.0,9.4,55,0.1,570,0.7,0.49,0.0,0.0,Autumn,No Holiday,Yes
2018-11-16 11:00:00,834.0,11.9,44,2.1,791,0.0,1.22,0.0,0.0,Autumn,No Holiday,Yes
2018-11-16 12:00:00,886.0,13.4,48,2.3,962,2.5,1.64,0.0,0.0,Autumn,No Holiday,Yes
2018-11-16 13:00:00,920.0,14.4,49,3.5,890,3.8,1.71,0.0,0.0,Autumn,No Holiday,Yes
2018-11-16 14:00:00,915.0,13.3,53,2.6,761,3.9,1.34,0.0,0.0,Autumn,No Holiday,Yes
2018-11-16 15:00:00,995.0,13.2,61,3.9,719,5.8,1.03,0.0,0.0,Autumn,No Holiday,Yes
2018-11-16 16:00:00,1126.0,11.8,66,3.0,687,5.6,0.44,0.0,0.0,Autumn,No Holiday,Yes
2018-11-16 17:00:00,1346.0,11.0,70,2.9,617,5.7,0.12,0.0,0.0,Autumn,No Holiday,Yes
2018-11-16 18:00:00,1956.0,9.9,74,2.6,492,5.4,0.0,0.0,0.0,Autumn,No Holiday,Yes
2018-11-16 19:00:00,1303.0,8.7,78,2.5,460,5.0,0.0,0.0,0.0,Autumn,No Holiday,Yes
2018-11-16 20:00:00,995.0,7.6,76,3.9,603,3.6,0.0,0.0,0.0,Autumn,No Holiday,Yes
2018-11-16 21:00:00,907.0,6.8,73,2.3,730,2.2,0.0,0.0,0.0,Autumn,No Holiday,Yes
2018-11-16 22:00:00,894.0,6.2,72,1.4,848,1.5,0.0,0.0,0.0,Autumn,No Holiday,Yes
2018-11-16 23:00:00,687.0,5.0,75,1.1,835,0.9,0.0,0.0,0.0,Autumn,No Holiday,Yes
2018-11-17 00:00:00,626.0,4.2,76,2.1,870,0.3,0.0,0.0,0.0,Autumn,No Holiday,Yes
2018-11-17 01:00:00,597.0,3.4,76,0.5,909,-0.4,0.0,0.0,0.0,Autumn,No Holiday,Yes
2018-11-17 02:00:00,456.0,2.9,77,1.8,853,-0.7,0.0,0.0,0.0,Autumn,No Holiday,Yes
2018-11-17 03:00:00,288.0,2.5,77,2.3,992,-1.1,0.0,0.0,0.0,Autumn,No Holiday,Yes
2018-11-17 04:00:00,195.0,1.7,74,1.7,1226,-2.4,0.0,0.0,0.0,Autumn,No Holiday,Yes
2018-11-17 05:00:00,129.0,1.1,75,0.6,1270,-2.8,0.0,0.0,0.0,Autumn,No Holiday,Yes
2018-11-17 06:00:00,151.0,1.0,77,0.6,1259,-2.5,0.0,0.0,0.0,Autumn,No Holiday,Yes
2018-11-17 07:00:00,315.0,0.8,77,0.9,1300,-2.7,0.0,0.0,0.0,Autumn,No Holiday,Yes
2018-11-17 08:00:00,530.0,0.7,72,1.0,1397,-3.7,0.05,0.0,0.0,Autumn,No Holiday,Yes
2018-11-17 09:00:00,644.0,2.2,53,0.5,1595,-6.4,0.62,0.0,0.0,Autumn,No Holiday,Yes
2018-11-17 10:00:00,733.0,4.7,47,1.2,1788,-5.6,1.22,0.0,0.0,Autumn,No Holiday,Yes
2018-11-17 11:00:00,830.0,7.8,38,0.8,1369,-5.6,1.65,0.0,0.0,Autumn,No Holiday,Yes
2018-11-17 12:00:00,994.0,9.1,34,1.0,1802,-5.9,1.95,0.0,0.0,Autumn,No Holiday,Yes
2018-11-17 13:00:00,1037.0,10.9,32,2.1,1581,-5.1,1.85,0.0,0.0,Autumn,No Holiday,Yes
2018-11-17 14:00:00,969.0,9.7,34,1.9,1786,-5.4,0.8,0.0,0.0,Autumn,No Holiday,Yes
2018-11-17 15:00:00,1018.0,8.9,34,2.9,1787,-6.1,0.52,0.0,0.0,Autumn,No Holiday,Yes
2018-11-17 16:00:00,974.0,8.3,35,2.1,1987,-6.2,0.37,0.0,0.0,Autumn,No Holiday,Yes
2018-11-17 17:00:00,1031.0,7.7,34,2.6,2000,-7.2,0.13,0.0,0.0,Autumn,No Holiday,Yes
2018-11-17 18:00:00,877.0,7.1,40,0.6,1995,-5.6,0.01,0.0,0.0,Autumn,No Holiday,Yes
2018-11-17 19:00:00,735.0,6.0,44,0.8,1758,-5.3,0.0,0.0,0.0,Autumn,No Holiday,Yes
2018-11-17 20:00:00,644.0,5.4,43,2.7,1913,-6.2,0.0,0.0,0.0,Autumn,No Holiday,Yes
2018-11-17 21:00:00,685.0,5.0,42,1.5,1927,-6.8,0.0,0.0,0.0,Autumn,No Holiday,Yes
2018-11-17 22:00:00,655.0,4.4,43,1.1,2000,-7.1,0.0,0.0,0.0,Autumn,No Holiday,Yes
2018-11-17 23:00:00,576.0,4.1,46,1.8,2000,-6.5,0.0,0.0,0.0,Autumn,No Holiday,Yes
2018-11-18 00:00:00,592.0,3.6,49,0.8,1990,-6.1,0.0,0.0,0.0,Autumn,No Holiday,Yes
2018-11-18 01:00:00,443.0,3.2,54,1.2,1968,-5.2,0.0,0.0,0.0,Autumn,No Holiday,Yes
2018-11-18 02:00:00,335.0,2.9,49,2.0,1989,-6.7,0.0,0.0,0.0,Autumn,No Holiday,Yes
2018-11-18 03:00:00,258.0,2.5,49,0.2,2000,-7.1,0.0,0.0,0.0,Autumn,No Holiday,Yes
2018-11-18 04:00:00,165.0,2.5,49,0.4,1988,-7.1,0.0,0.0,0.0,Autumn,No Holiday,Yes
2018-11-18 05:00:00,92.0,2.3,53,0.6,1763,-6.3,0.0,0.0,0.0,Autumn,No Holiday,Yes
2018-11-18 06:00:00,114.0,1.9,53,0.4,1813,-6.6,0.0,0.0,0.0,Autumn,No Holiday,Yes
2018-11-18 07:00:00,191.0,2.1,56,0.7,1477,-5.7,0.0,0.0,0.0,Autumn,No Holiday,Yes
2018-11-18 08:00:00,371.0,2.6,53,0.7,1548,-6.0,0.03,0.0,0.0,Autumn,No Holiday,Yes
2018-11-18 09:00:00,457.0,3.5,53,1.0,1338,-5.2,0.22,0.0,0.0,Autumn,No Holiday,Yes
2018-11-18 10:00:00,583.0,4.8,40,1.1,1676,-7.6,0.59,0.0,0.0,Autumn,No Holiday,Yes
2018-11-18 11:00:00,645.0,7.6,35,0.8,1695,-6.9,1.25,0.0,0.0,Autumn,No Holiday,Yes
2018-11-18 12:00:00,776.0,9.2,47,2.5,1910,-1.5,1.37,0.0,0.0,Autumn,No Holiday,Yes
2018-11-18 13:00:00,905.0,9.9,37,2.1,1900,-4.1,1.32,0.0,0.0,Autumn,No Holiday,Yes
2018-11-18 14:00:00,1054.0,10.1,37,2.4,1723,-3.9,1.24,0.0,0.0,Autumn,No Holiday,Yes
2018-11-18 15:00:00,1047.0,9.6,34,1.6,1806,-5.5,0.73,0.0,0.0,Autumn,No Holiday,Yes
2018-11-18 16:00:00,1026.0,9.4,39,1.8,1704,-3.8,0.56,0.0,0.0,Autumn,No Holiday,Yes
2018-11-18 17:00:00,1039.0,8.7,42,1.7,1576,-3.5,0.18,0.0,0.0,Autumn,No Holiday,Yes
2018-11-18 18:00:00,902.0,8.4,46,2.4,1823,-2.5,0.0,0.0,0.0,Autumn,No Holiday,Yes
2018-11-18 19:00:00,759.0,7.9,45,1.0,1602,-3.3,0.0,0.0,0.0,Autumn,No Holiday,Yes
2018-11-18 20:00:00,719.0,7.4,50,0.7,1499,-2.3,0.0,0.0,0.0,Autumn,No Holiday,Yes
2018-11-18 21:00:00,682.0,7.1,52,0.8,1516,-2.1,0.0,0.0,0.0,Autumn,No Holiday,Yes
2018-11-18 22:00:00,632.0,6.8,53,0.4,1498,-2.1,0.0,0.0,0.0,Autumn,No Holiday,Yes
2018-11-18 23:00:00,532.0,7.0,55,0.2,1501,-1.4,0.0,0.0,0.0,Autumn,No Holiday,Yes
2018-11-19 00:00:00,457.0,6.8,56,0.7,1505,-1.3,0.0,0.0,0.0,Autumn,No Holiday,Yes
2018-11-19 01:00:00,277.0,5.9,60,0.5,1332,-1.2,0.0,0.0,0.0,Autumn,No Holiday,Yes
2018-11-19 02:00:00,190.0,5.4,65,0.7,1230,-0.6,0.0,0.0,0.0,Autumn,No Holiday,Yes
2018-11-19 03:00:00,133.0,4.8,65,0.8,1179,-1.2,0.0,0.0,0.0,Autumn,No Holiday,Yes
2018-11-19 04:00:00,88.0,4.5,67,0.9,1175,-1.1,0.0,0.0,0.0,Autumn,No Holiday,Yes
2018-11-19 05:00:00,167.0,4.1,70,1.0,1100,-0.8,0.0,0.0,0.0,Autumn,No Holiday,Yes
2018-11-19 06:00:00,418.0,3.8,71,0.7,1071,-0.9,0.0,0.0,0.0,Autumn,No Holiday,Yes
2018-11-19 07:00:00,991.0,3.4,73,1.1,1012,-0.9,0.0,0.0,0.0,Autumn,No Holiday,Yes
2018-11-19 08:00:00,1751.0,3.5,71,0.8,958,-1.2,0.06,0.0,0.0,Autumn,No Holiday,Yes
2018-11-19 09:00:00,889.0,4.6,60,0.8,967,-2.5,0.46,0.0,0.0,Autumn,No Holiday,Yes
2018-11-19 10:00:00,651.0,7.5,53,0.8,909,-1.4,1.0,0.0,0.0,Autumn,No Holiday,Yes
2018-11-19 11:00:00,745.0,9.8,51,0.5,781,0.1,1.42,0.0,0.0,Autumn,No Holiday,Yes
2018-11-19 12:00:00,785.0,10.3,38,1.2,1130,-3.4,1.08,0.0,0.0,Autumn,No Holiday,Yes
2018-11-19 13:00:00,785.0,10.8,44,2.0,935,-0.9,1.01,0.0,0.0,Autumn,No Holiday,Yes
2018-11-19 14:00:00,793.0,10.6,34,2.8,920,-4.6,1.07,0.0,0.0,Autumn,No Holiday,Yes
2018-11-19 15:00:00,839.0,11.1,35,1.9,861,-3.8,1.11,0.0,0.0,Autumn,No Holiday,Yes
2018-11-19 16:00:00,968.0,9.7,43,2.7,1012,-2.2,0.37,0.0,0.0,Autumn,No Holiday,Yes
2018-11-19 17:00:00,1233.0,8.7,48,1.7,965,-1.7,0.25,0.0,0.0,Autumn,No Holiday,Yes
2018-11-19 18:00:00,1904.0,7.5,48,2.4,1079,-2.8,0.0,0.0,0.0,Autumn,No Holiday,Yes
2018-11-19 19:00:00,1304.0,6.8,52,0.8,960,-2.3,0.0,0.0,0.0,Autumn,No Holiday,Yes
2018-11-19 20:00:00,1030.0,6.0,50,1.5,931,-3.6,0.0,0.0,0.0,Autumn,No Holiday,Yes
2018-11-19 21:00:00,1019.0,5.8,44,2.2,1205,-5.5,0.0,0.0,0.0,Autumn,No Holiday,Yes
2018-11-19 22:00:00,910.0,5.3,39,2.3,1512,-7.5,0.0,0.0,0.0,Autumn,No Holiday,Yes
2018-11-19 23:00:00,629.0,4.2,42,2.2,1360,-7.6,0.0,0.0,0.0,Autumn,No Holiday,Yes
2018-11-20 00:00:00,478.0,3.8,42,1.7,1458,-7.9,0.0,0.0,0.0,Autumn,No Holiday,Yes
2018-11-20 01:00:00,422.0,2.9,43,1.0,1750,-8.4,0.0,0.0,0.0,Autumn,No Holiday,Yes
2018-11-20 02:00:00,286.0,2.6,46,1.5,1811,-7.8,0.0,0.0,0.0,Autumn,No Holiday,Yes
2018-11-20 03:00:00,202.0,1.6,43,1.1,1981,-9.6,0.0,0.0,0.0,Autumn,No Holiday,Yes
2018-11-20 04:00:00,119.0,1.3,48,0.5,2000,-8.5,0.0,0.0,0.0,Autumn,No Holiday,Yes
2018-11-20 05:00:00,141.0,0.7,49,0.4,1998,-8.8,0.0,0.0,0.0,Autumn,No Holiday,Yes
2018-11-20 06:00:00,369.0,0.7,50,1.0,2000,-8.5,0.0,0.0,0.0,Autumn,No Holiday,Yes
2018-11-20 07:00:00,934.0,0.5,53,1.1,2000,-7.9,0.0,0.0,0.0,Autumn,No Holiday,Yes
2018-11-20 08:00:00,1818.0,0.3,53,0.9,1971,-8.1,0.05,0.0,0.0,Autumn,No Holiday,Yes
2018-11-20 09:00:00,955.0,2.3,43,1.2,1892,-9.0,0.52,0.0,0.0,Autumn,No Holiday,Yes
2018-11-20 10:00:00,659.0,5.1,33,1.4,1842,-9.8,1.1,0.0,0.0,Autumn,No Holiday,Yes
2018-11-20 11:00:00,699.0,7.5,29,1.3,1926,-9.4,1.55,0.0,0.0,Autumn,No Holiday,Yes
2018-11-20 12:00:00,788.0,10.1,23,1.8,1745,-10.1,1.82,0.0,0.0,Autumn,No Holiday,Yes
2018-11-20 13:00:00,798.0,11.6,20,1.3,1821,-10.6,1.87,0.0,0.0,Autumn,No Holiday,Yes
2018-11-20 14:00:00,790.0,12.3,16,2.5,1797,-12.8,1.69,0.0,0.0,Autumn,No Holiday,Yes
2018-11-20 15:00:00,861.0,11.9,18,3.3,1848,-11.7,1.32,0.0,0.0,Autumn,No Holiday,Yes
2018-11-20 16:00:00,967.0,11.3,21,2.8,1925,-10.2,0.82,0.0,0.0,Autumn,No Holiday,Yes
2018-11-20 17:00:00,1269.0,9.8,28,2.4,1983,-7.8,0.29,0.0,0.0,Autumn,No Holiday,Yes
2018-11-20 18:00:00,1857.0,9.1,31,2.0,1932,-7.1,0.0,0.0,0.0,Autumn,No Holiday,Yes
2018-11-20 19:00:00,1317.0,8.7,34,2.2,1857,-6.3,0.0,0.0,0.0,Autumn,No Holiday,Yes
2018-11-20 20:00:00,1078.0,8.5,32,2.6,1789,-7.2,0.0,0.0,0.0,Autumn,No Holiday,Yes
2018-11-20 21:00:00,1020.0,8.8,37,3.8,1750,-5.1,0.0,0.0,0.0,Autumn,No Holiday,Yes
2018-11-20 22:00:00,922.0,8.9,40,3.4,1810,-3.9,0.0,0.0,0.0,Autumn,No Holiday,Yes
2018-11-20 23:00:00,378.0,9.3,43,3.5,1807,-2.6,0.0,0.0,0.0,Autumn,No Holiday,Yes
2018-11-21 00:00:00,119.0,7.2,74,1.2,772,2.8,0.0,0.2,0.0,Autumn,No Holiday,Yes
2018-11-21 01:00:00,159.0,6.9,86,0.7,533,4.7,0.0,0.0,0.0,Autumn,No Holiday,Yes
2018-11-21 02:00:00,129.0,6.9,87,0.7,822,4.8,0.0,0.0,0.0,Autumn,No Holiday,Yes
2018-11-21 03:00:00,112.0,6.5,87,1.0,710,4.4,0.0,1.0,0.0,Autumn,No Holiday,Yes
2018-11-21 04:00:00,97.0,6.7,87,1.2,580,4.6,0.0,0.0,0.0,Autumn,No Holiday,Yes
2018-11-21 05:00:00,118.0,6.8,86,0.5,692,4.6,0.0,0.0,0.0,Autumn,No Holiday,Yes
2018-11-21 06:00:00,299.0,6.7,86,0.3,593,4.5,0.0,0.0,0.0,Autumn,No Holiday,Yes
2018-11-21 07:00:00,788.0,6.5,85,0.8,536,4.1,0.0,0.0,0.0,Autumn,No Holiday,Yes
2018-11-21 08:00:00,1622.0,6.4,86,0.9,450,4.2,0.03,0.0,0.0,Autumn,No Holiday,Yes
2018-11-21 09:00:00,867.0,6.4,53,0.7,1486,-2.5,0.21,0.0,0.0,Autumn,No Holiday,Yes
2018-11-21 10:00:00,611.0,6.9,39,0.5,1977,-6.1,0.36,0.0,0.0,Autumn,No Holiday,Yes
2018-11-21 11:00:00,649.0,7.4,30,1.4,2000,-9.0,0.44,0.0,0.0,Autumn,No Holiday,Yes
2018-11-21 12:00:00,697.0,7.7,34,0.6,1969,-7.2,0.49,0.0,0.0,Autumn,No Holiday,Yes
2018-11-21 13:00:00,623.0,8.0,35,1.3,1895,-6.5,0.5,0.0,0.0,Autumn,No Holiday,Yes
2018-11-21 14:00:00,474.0,6.7,47,2.4,2000,-3.8,0.42,0.0,0.0,Autumn,No Holiday,Yes
2018-11-21 15:00:00,550.0,5.7,53,2.0,2000,-3.1,0.22,0.0,0.0,Autumn,No Holiday,Yes
2018-11-21 16:00:00,755.0,6.1,53,0.5,2000,-2.7,0.21,0.0,0.0,Autumn,No Holiday,Yes
2018-11-21 17:00:00,1101.0,5.7,61,2.2,1987,-1.2,0.07,0.0,0.0,Autumn,No Holiday,Yes
2018-11-21 18:00:00,1679.0,5.4,58,0.2,2000,-2.2,0.0,0.0,0.0,Autumn,No Holiday,Yes
2018-11-21 19:00:00,1113.0,5.1,50,0.7,2000,-4.4,0.0,0.0,0.0,Autumn,No Holiday,Yes
2018-11-21 20:00:00,936.0,5.1,43,0.7,1928,-6.4,0.0,0.0,0.0,Autumn,No Holiday,Yes
2018-11-21 21:00:00,838.0,4.6,44,1.1,1859,-6.6,0.0,0.0,0.0,Autumn,No Holiday,Yes
2018-11-21 22:00:00,825.0,4.6,48,2.2,1782,-5.4,0.0,0.0,0.0,Autumn,No Holiday,Yes
2018-11-21 23:00:00,571.0,3.9,46,2.0,1904,-6.6,0.0,0.0,0.0,Autumn,No Holiday,Yes
2018-11-22 00:00:00,443.0,3.1,42,3.4,1995,-8.5,0.0,0.0,0.0,Autumn,No Holiday,Yes
2018-11-22 01:00:00,382.0,2.1,39,3.2,1299,-10.4,0.0,0.0,0.0,Autumn,No Holiday,Yes
2018-11-22 02:00:00,271.0,1.3,44,1.9,2000,-9.6,0.0,0.0,0.0,Autumn,No Holiday,Yes
2018-11-22 03:00:00,164.0,0.6,42,1.1,2000,-10.8,0.0,0.0,0.0,Autumn,No Holiday,Yes
2018-11-22 04:00:00,121.0,0.5,39,1.6,2000,-11.8,0.0,0.0,0.0,Autumn,No Holiday,Yes
2018-11-22 05:00:00,133.0,-0.4,39,0.8,2000,-12.6,0.0,0.0,0.0,Autumn,No Holiday,Yes
2018-11-22 06:00:00,332.0,-1.0,41,0.7,2000,-12.6,0.0,0.0,0.0,Autumn,No Holiday,Yes
2018-11-22 07:00:00,848.0,-1.0,43,1.8,2000,-12.0,0.0,0.0,0.0,Autumn,No Holiday,Yes
2018-11-22 08:00:00,1671.0,-1.2,33,0.5,2000,-15.4,0.04,0.0,0.0,Autumn,No Holiday,Yes
2018-11-22 09:00:00,883.0,0.2,28,1.9,1932,-16.2,0.57,0.0,0.0,Autumn,No Holiday,Yes
2018-11-22 10:00:00,603.0,2.9,22,2.0,1989,-16.7,1.18,0.0,0.0,Autumn,No Holiday,Yes
2018-11-22 11:00:00,644.0,5.1,21,3.2,1965,-15.4,1.63,0.0,0.0,Autumn,No Holiday,Yes
2018-11-22 12:00:00,717.0,5.9,23,2.8,1985,-13.7,1.88,0.0,0.0,Autumn,No Holiday,Yes
2018-11-22 13:00:00,678.0,6.5,26,2.4,1974,-11.6,1.84,0.0,0.0,Autumn,No Holiday,Yes
2018-11-22 14:00:00,692.0,6.7,27,3.1,1976,-11.0,1.66,0.0,0.0,Autumn,No Holiday,Yes
2018-11-22 15:00:00,716.0,6.9,31,2.9,1982,-9.1,1.21,0.0,0.0,Autumn,No Holiday,Yes
2018-11-22 16:00:00,759.0,5.9,34,2.9,1985,-8.7,0.55,0.0,0.0,Autumn,No Holiday,Yes
2018-11-22 17:00:00,1101.0,4.9,41,3.3,1985,-7.2,0.25,0.0,0.0,Autumn,No Holiday,Yes
2018-11-22 18:00:00,1591.0,4.1,46,2.7,2000,-6.5,0.01,0.0,0.0,Autumn,No Holiday,Yes
2018-11-22 19:00:00,1032.0,3.6,48,2.6,2000,-6.4,0.0,0.0,0.0,Autumn,No Holiday,Yes
2018-11-22 20:00:00,777.0,3.1,42,2.4,2000,-8.5,0.0,0.0,0.0,Autumn,No Holiday,Yes
2018-11-22 21:00:00,759.0,2.2,28,3.2,2000,-14.4,0.0,0.0,0.0,Autumn,No Holiday,Yes
2018-11-22 22:00:00,691.0,1.1,33,2.5,2000,-13.4,0.0,0.0,0.0,Autumn,No Holiday,Yes
2018-11-22 23:00:00,488.0,0.4,37,2.9,2000,-12.6,0.0,0.0,0.0,Autumn,No Holiday,Yes
2018-11-23 00:00:00,470.0,-0.3,41,3.1,2000,-11.9,0.0,0.0,0.0,Autumn,No Holiday,Yes
2018-11-23 01:00:00,401.0,-0.6,44,2.3,2000,-11.3,0.0,0.0,0.0,Autumn,No Holiday,Yes
2018-11-23 02:00:00,279.0,-1.0,43,3.1,2000,-12.0,0.0,0.0,0.0,Autumn,No Holiday,Yes
2018-11-23 03:00:00,191.0,-1.2,45,1.1,2000,-11.6,0.0,0.0,0.0,Autumn,No Holiday,Yes
2018-11-23 04:00:00,109.0,-2.0,42,0.7,2000,-13.2,0.0,0.0,0.0,Autumn,No Holiday,Yes
2018-11-23 05:00:00,129.0,-2.4,37,0.5,2000,-15.1,0.0,0.0,0.0,Autumn,No Holiday,Yes
2018-11-23 06:00:00,339.0,-2.6,40,1.4,2000,-14.3,0.0,0.0,0.0,Autumn,No Holiday,Yes
2018-11-23 07:00:00,727.0,-2.8,42,1.3,2000,-13.9,0.0,0.0,0.0,Autumn,No Holiday,Yes
2018-11-23 08:00:00,1516.0,-3.0,43,1.1,2000,-13.8,0.03,0.0,0.0,Autumn,No Holiday,Yes
2018-11-23 09:00:00,800.0,-1.5,33,0.9,1962,-15.7,0.57,0.0,0.0,Autumn,No Holiday,Yes
2018-11-23 10:00:00,582.0,1.3,27,0.9,1856,-15.6,1.13,0.0,0.0,Autumn,No Holiday,Yes
2018-11-23 11:00:00,635.0,4.3,25,2.0,1958,-14.0,1.56,0.0,0.0,Autumn,No Holiday,Yes
2018-11-23 12:00:00,664.0,5.5,20,1.4,1992,-15.7,1.85,0.0,0.0,Autumn,No Holiday,Yes
2018-11-23 13:00:00,731.0,6.5,18,2.2,1984,-16.1,1.94,0.0,0.0,Autumn,No Holiday,Yes
2018-11-23 14:00:00,719.0,6.3,16,2.9,2000,-17.7,1.67,0.0,0.0,Autumn,No Holiday,Yes
2018-11-23 15:00:00,752.0,6.4,16,2.0,2000,-17.6,1.01,0.0,0.0,Autumn,No Holiday,Yes
2018-11-23 16:00:00,891.0,6.3,17,1.5,2000,-17.0,0.73,0.0,0.0,Autumn,No Holiday,Yes
2018-11-23 17:00:00,1101.0,5.4,19,0.5,2000,-16.4,0.27,0.0,0.0,Autumn,No Holiday,Yes
2018-11-23 18:00:00,1548.0,3.9,23,1.0,2000,-15.4,0.0,0.0,0.0,Autumn,No Holiday,Yes
2018-11-23 19:00:00,1007.0,2.9,26,1.1,2000,-14.7,0.0,0.0,0.0,Autumn,No Holiday,Yes
2018-11-23 20:00:00,767.0,2.7,27,1.2,2000,-14.4,0.0,0.0,0.0,Autumn,No Holiday,Yes
2018-11-23 21:00:00,679.0,2.2,28,0.8,2000,-14.4,0.0,0.0,0.0,Autumn,No Holiday,Yes
2018-11-23 22:00:00,729.0,2.0,30,1.3,1995,-13.8,0.0,0.0,0.0,Autumn,No Holiday,Yes
2018-11-23 23:00:00,548.0,2.1,32,1.5,1998,-12.9,0.0,0.0,0.0,Autumn,No Holiday,Yes
2018-11-24 00:00:00,499.0,2.4,32,1.7,2000,-12.6,0.0,0.0,0.0,Autumn,No Holiday,Yes
2018-11-24 01:00:00,507.0,2.4,30,1.3,2000,-13.4,0.0,0.0,0.0,Autumn,No Holiday,Yes
2018-11-24 02:00:00,335.0,2.5,29,1.8,2000,-13.7,0.0,0.0,0.0,Autumn,No Holiday,Yes
2018-11-24 03:00:00,272.0,2.8,28,1.6,2000,-13.9,0.0,0.0,0.0,Autumn,No Holiday,Yes
2018-11-24 04:00:00,151.0,3.0,26,1.6,2000,-14.6,0.0,0.0,0.0,Autumn,No Holiday,Yes
2018-11-24 05:00:00,95.0,3.2,27,1.6,2000,-14.0,0.0,0.0,0.0,Autumn,No Holiday,Yes
2018-11-24 06:00:00,79.0,3.7,25,2.3,2000,-14.5,0.0,0.0,0.0,Autumn,No Holiday,Yes
2018-11-24 07:00:00,30.0,1.2,87,1.9,77,-0.7,0.0,0.0,1.3,Autumn,No Holiday,Yes
2018-11-24 08:00:00,33.0,0.4,96,3.1,33,-0.1,0.0,0.0,4.0,Autumn,No Holiday,Yes
2018-11-24 09:00:00,24.0,0.3,97,3.0,34,-0.1,0.0,9.1,7.1,Autumn,No Holiday,Yes
2018-11-24 10:00:00,62.0,0.4,97,1.8,207,0.0,0.0,0.0,8.8,Autumn,No Holiday,Yes
2018-11-24 11:00:00,114.0,1.2,97,2.3,975,0.7,0.07,0.0,8.8,Autumn,No Holiday,Yes
2018-11-24 12:00:00,167.0,2.5,84,1.9,1538,0.0,0.4,1.8,7.0,Autumn,No Holiday,Yes
2018-11-24 13:00:00,241.0,2.6,83,1.9,1774,0.0,0.84,0.0,6.0,Autumn,No Holiday,Yes
2018-11-24 14:00:00,298.0,3.0,82,1.7,1589,0.2,0.55,0.0,5.0,Autumn,No Holiday,Yes
2018-11-24 15:00:00,330.0,3.7,78,2.0,1314,0.2,0.81,0.0,4.1,Autumn,No Holiday,Yes
2018-11-24 16:00:00,436.0,3.5,82,1.6,1092,0.7,0.51,0.0,3.6,Autumn,No Holiday,Yes
2018-11-24 17:00:00,435.0,2.9,85,1.6,1000,0.6,0.2,0.0,3.5,Autumn,No Holiday,Yes
2018-11-24 18:00:00,426.0,2.6,86,1.1,834,0.4,0.0,0.0,3.5,Autumn,No Holiday,Yes
2018-11-24 19:00:00,420.0,2.6,85,1.2,797,0.3,0.0,0.0,3.3,Autumn,No Holiday,Yes
2018-11-24 20:00:00,349.0,2.6,86,1.7,676,0.4,0.0,0.0,3.3,Autumn,No Holiday,Yes
2018-11-24 21:00:00,392.0,2.6,85,1.1,674,0.3,0.0,0.0,3.2,Autumn,No Holiday,Yes
2018-11-24 22:00:00,396.0,2.7,85,1.1,580,0.4,0.0,0.0,3.2,Autumn,No Holiday,Yes
2018-11-24 23:00:00,386.0,2.8,86,1.2,476,0.6,0.0,0.0,3.0,Autumn,No Holiday,Yes
2018-11-25 00:00:00,420.0,2.7,86,1.2,422,0.5,0.0,0.0,3.0,Autumn,No Holiday,Yes
2018-11-25 01:00:00,370.0,2.7,86,1.0,460,0.5,0.0,0.0,2.9,Autumn,No Holiday,Yes
2018-11-25 02:00:00,285.0,2.8,86,0.8,402,0.6,0.0,0.0,2.9,Autumn,No Holiday,Yes
2018-11-25 03:00:00,184.0,2.6,88,0.9,319,0.8,0.0,0.0,2.8,Autumn,No Holiday,Yes
2018-11-25 04:00:00,138.0,2.4,89,0.7,321,0.7,0.0,0.0,2.6,Autumn,No Holiday,Yes
2018-11-25 05:00:00,88.0,2.1,94,0.4,248,1.2,0.0,0.0,2.5,Autumn,No Holiday,Yes
2018-11-25 06:00:00,75.0,1.7,95,0.7,220,0.9,0.0,0.0,2.5,Autumn,No Holiday,Yes
2018-11-25 07:00:00,142.0,1.3,96,0.9,198,0.7,0.0,0.0,2.5,Autumn,No Holiday,Yes
2018-11-25 08:00:00,250.0,1.4,96,1.0,212,0.8,0.04,0.0,2.5,Autumn,No Holiday,Yes
2018-11-25 09:00:00,355.0,2.3,88,1.1,286,0.5,0.41,0.0,2.5,Autumn,No Holiday,Yes
2018-11-25 10:00:00,430.0,4.0,76,1.3,404,0.1,0.93,0.0,2.4,Autumn,No Holiday,Yes
2018-11-25 11:00:00,522.0,6.0,66,0.9,573,0.1,1.37,0.0,2.3,Autumn,No Holiday,Yes
2018-11-25 12:00:00,700.0,6.9,59,0.9,669,-0.5,1.31,0.0,2.2,Autumn,No Holiday,Yes
2018-11-25 13:00:00,675.0,8.8,53,1.5,778,-0.2,1.43,0.0,1.8,Autumn,No Holiday,Yes
2018-11-25 14:00:00,777.0,9.2,52,1.3,765,-0.1,1.01,0.0,1.3,Autumn,No Holiday,Yes
2018-11-25 15:00:00,846.0,9.5,54,1.3,675,0.6,0.76,0.0,1.1,Autumn,No Holiday,Yes
2018-11-25 16:00:00,872.0,9.5,56,1.1,678,1.1,0.54,0.0,0.8,Autumn,No Holiday,Yes
2018-11-25 17:00:00,813.0,9.0,59,0.7,677,1.4,0.1,0.0,0.4,Autumn,No Holiday,Yes
2018-11-25 18:00:00,663.0,7.3,72,0.7,530,2.5,0.0,0.0,0.4,Autumn,No Holiday,Yes
2018-11-25 19:00:00,616.0,6.3,73,1.1,524,1.8,0.0,0.0,0.4,Autumn,No Holiday,Yes
2018-11-25 20:00:00,570.0,5.5,77,0.7,490,1.7,0.0,0.0,0.4,Autumn,No Holiday,Yes
2018-11-25 21:00:00,546.0,4.7,81,1.0,437,1.7,0.0,0.0,0.4,Autumn,No Holiday,Yes
2018-11-25 22:00:00,496.0,4.2,82,0.9,405,1.3,0.0,0.0,0.4,Autumn,No Holiday,Yes
2018-11-25 23:00:00,379.0,3.8,83,1.1,390,1.1,0.0,0.0,0.4,Autumn,No Holiday,Yes
2018-11-26 00:00:00,387.0,3.3,85,1.1,351,1.0,0.0,0.0,0.3,Autumn,No Holiday,Yes
2018-11-26 01:00:00,214.0,3.1,84,1.0,365,0.6,0.0,0.0,0.3,Autumn,No Holiday,Yes
2018-11-26 02:00:00,175.0,2.8,87,1.1,321,0.8,0.0,0.0,0.3,Autumn,No Holiday,Yes
2018-11-26 03:00:00,119.0,2.4,90,1.0,269,0.9,0.0,0.0,0.3,Autumn,No Holiday,Yes
2018-11-26 04:00:00,99.0,2.2,93,1.1,265,1.1,0.0,0.0,0.3,Autumn,No Holiday,Yes
2018-11-26 05:00:00,115.0,2.1,88,1.4,323,0.3,0.0,0.0,0.3,Autumn,No Holiday,Yes
2018-11-26 06:00:00,339.0,1.8,88,1.1,313,0.0,0.0,0.0,0.3,Autumn,No Holiday,Yes
2018-11-26 07:00:00,819.0,1.7,89,1.3,295,0.0,0.0,0.0,0.3,Autumn,No Holiday,Yes
2018-11-26 08:00:00,1524.0,2.0,84,1.1,396,-0.4,0.03,0.0,0.3,Autumn,No Holiday,Yes
2018-11-26 09:00:00,795.0,3.1,77,0.9,457,-0.5,0.4,0.0,0.2,Autumn,No Holiday,Yes
2018-11-26 10:00:00,586.0,5.1,70,1.2,498,0.0,0.93,0.0,0.0,Autumn,No Holiday,Yes
2018-11-26 11:00:00,643.0,7.2,66,1.5,542,1.2,1.41,0.0,0.0,Autumn,No Holiday,Yes
2018-11-26 12:00:00,752.0,9.1,57,1.1,562,1.0,1.69,0.0,0.0,Autumn,No Holiday,Yes
2018-11-26 13:00:00,718.0,11.7,50,1.4,609,1.6,1.74,0.0,0.0,Autumn,No Holiday,Yes
2018-11-26 14:00:00,796.0,12.8,47,1.2,648,1.7,1.59,0.0,0.0,Autumn,No Holiday,Yes
2018-11-26 15:00:00,794.0,13.2,43,1.1,714,0.8,1.26,0.0,0.0,Autumn,No Holiday,Yes
2018-11-26 16:00:00,935.0,13.2,44,1.6,710,1.1,0.76,0.0,0.0,Autumn,No Holiday,Yes
2018-11-26 17:00:00,1156.0,11.4,48,0.4,706,0.7,0.24,0.0,0.0,Autumn,No Holiday,Yes
2018-11-26 18:00:00,1708.0,9.5,56,0.5,628,1.1,0.0,0.0,0.0,Autumn,No Holiday,Yes
2018-11-26 19:00:00,1181.0,8.4,61,0.3,573,1.3,0.0,0.0,0.0,Autumn,No Holiday,Yes
2018-11-26 20:00:00,943.0,7.3,66,0.5,516,1.3,0.0,0.0,0.0,Autumn,No Holiday,Yes
2018-11-26 21:00:00,955.0,6.7,71,0.9,461,1.8,0.0,0.0,0.0,Autumn,No Holiday,Yes
2018-11-26 22:00:00,846.0,6.2,70,0.4,474,1.1,0.0,0.0,0.0,Autumn,No Holiday,Yes
2018-11-26 23:00:00,563.0,5.4,78,1.5,404,1.8,0.0,0.0,0.0,Autumn,No Holiday,Yes
2018-11-27 00:00:00,496.0,4.9,79,0.5,391,1.5,0.0,0.0,0.0,Autumn,No Holiday,Yes
2018-11-27 01:00:00,408.0,4.5,82,0.4,350,1.6,0.0,0.0,0.0,Autumn,No Holiday,Yes
2018-11-27 02:00:00,299.0,3.9,85,0.8,299,1.6,0.0,0.0,0.0,Autumn,No Holiday,Yes
2018-11-27 03:00:00,183.0,3.5,86,1.4,281,1.3,0.0,0.0,0.0,Autumn,No Holiday,Yes
2018-11-27 04:00:00,95.0,3.1,88,1.0,270,1.2,0.0,0.0,0.0,Autumn,No Holiday,Yes
2018-11-27 05:00:00,140.0,3.6,84,0.6,315,1.1,0.0,0.0,0.0,Autumn,No Holiday,Yes
2018-11-27 06:00:00,317.0,3.8,83,0.7,337,1.1,0.0,0.0,0.0,Autumn,No Holiday,Yes
2018-11-27 07:00:00,815.0,3.6,83,0.9,350,0.9,0.0,0.0,0.0,Autumn,No Holiday,Yes
2018-11-27 08:00:00,1577.0,4.2,78,1.2,362,0.6,0.02,0.0,0.0,Autumn,No Holiday,Yes
2018-11-27 09:00:00,800.0,5.0,75,0.3,390,0.9,0.12,0.0,0.0,Autumn,No Holiday,Yes
2018-11-27 10:00:00,616.0,6.4,71,1.0,385,1.5,0.37,0.0,0.0,Autumn,No Holiday,Yes
2018-11-27 11:00:00,623.0,7.9,64,1.2,383,1.4,0.87,0.0,0.0,Autumn,No Holiday,Yes
2018-11-27 12:00:00,672.0,9.3,61,1.5,390,2.1,0.85,0.0,0.0,Autumn,No Holiday,Yes
2018-11-27 13:00:00,671.0,11.0,60,0.9,411,3.5,0.85,0.0,0.0,Autumn,No Holiday,Yes
2018-11-27 14:00:00,600.0,11.6,70,1.5,388,6.3,0.45,0.0,0.0,Autumn,No Holiday,Yes
2018-11-27 15:00:00,666.0,12.5,70,2.1,360,7.1,0.68,0.0,0.0,Autumn,No Holiday,Yes
2018-11-27 16:00:00,775.0,12.0,74,2.1,316,7.5,0.29,0.0,0.0,Autumn,No Holiday,Yes
2018-11-27 17:00:00,1033.0,11.1,72,2.3,277,6.2,0.12,0.0,0.0,Autumn,No Holiday,Yes
2018-11-27 18:00:00,1538.0,10.2,74,1.2,289,5.7,0.0,0.0,0.0,Autumn,No Holiday,Yes
2018-11-27 19:00:00,1023.0,9.3,52,2.7,482,0.0,0.0,0.0,0.0,Autumn,No Holiday,Yes
2018-11-27 20:00:00,825.0,8.3,39,1.6,560,-4.8,0.0,0.0,0.0,Autumn,No Holiday,Yes
2018-11-27 21:00:00,777.0,7.5,35,1.8,656,-7.0,0.0,0.0,0.0,Autumn,No Holiday,Yes
2018-11-27 22:00:00,740.0,6.6,33,2.1,722,-8.5,0.0,0.0,0.0,Autumn,No Holiday,Yes
2018-11-27 23:00:00,593.0,5.8,34,2.6,763,-8.8,0.0,0.0,0.0,Autumn,No Holiday,Yes
2018-11-28 00:00:00,450.0,5.1,36,2.2,774,-8.7,0.0,0.0,0.0,Autumn,No Holiday,Yes
2018-11-28 01:00:00,434.0,4.9,26,2.6,992,-13.0,0.0,0.0,0.0,Autumn,No Holiday,Yes
2018-11-28 02:00:00,275.0,4.1,34,1.3,928,-10.3,0.0,0.0,0.0,Autumn,No Holiday,Yes
2018-11-28 03:00:00,167.0,3.5,38,1.6,907,-9.5,0.0,0.0,0.0,Autumn,No Holiday,Yes
2018-11-28 04:00:00,128.0,3.9,26,2.4,1071,-13.9,0.0,0.0,0.0,Autumn,No Holiday,Yes
2018-11-28 05:00:00,140.0,3.0,34,1.1,1032,-11.3,0.0,0.0,0.0,Autumn,No Holiday,Yes
2018-11-28 06:00:00,287.0,2.6,33,1.5,1185,-12.0,0.0,0.0,0.0,Autumn,No Holiday,Yes
2018-11-28 07:00:00,796.0,2.5,24,0.2,1306,-16.0,0.0,0.0,0.0,Autumn,No Holiday,Yes
2018-11-28 08:00:00,1540.0,2.1,29,1.1,1337,-14.1,0.02,0.0,0.0,Autumn,No Holiday,Yes
2018-11-28 09:00:00,798.0,3.0,30,1.3,1242,-12.9,0.3,0.0,0.0,Autumn,No Holiday,Yes
2018-11-28 10:00:00,583.0,4.4,23,1.6,1201,-14.9,0.7,0.0,0.0,Autumn,No Holiday,Yes
2018-11-28 11:00:00,608.0,5.7,15,1.1,1419,-19.0,0.98,0.0,0.0,Autumn,No Holiday,Yes
2018-11-28 12:00:00,635.0,7.9,14,1.7,1688,-18.0,1.81,0.0,0.0,Autumn,No Holiday,Yes
2018-11-28 13:00:00,681.0,9.2,13,1.6,1776,-17.8,1.86,0.0,0.0,Autumn,No Holiday,Yes
2018-11-28 14:00:00,675.0,10.3,14,1.1,1880,-16.1,1.7,0.0,0.0,Autumn,No Holiday,Yes
2018-11-28 15:00:00,798.0,10.5,16,2.7,1509,-14.3,1.29,0.0,0.0,Autumn,No Holiday,Yes
2018-11-28 16:00:00,808.0,9.6,17,3.0,1706,-14.3,0.77,0.0,0.0,Autumn,No Holiday,Yes
2018-11-28 17:00:00,1099.0,7.6,23,2.9,1678,-12.2,0.25,0.0,0.0,Autumn,No Holiday,Yes
2018-11-28 18:00:00,1536.0,6.3,25,2.0,1653,-12.3,0.0,0.0,0.0,Autumn,No Holiday,Yes
2018-11-28 19:00:00,1039.0,6.0,24,3.0,1861,-13.0,0.0,0.0,0.0,Autumn,No Holiday,Yes
2018-11-28 20:00:00,842.0,4.8,29,0.6,1756,-11.7,0.0,0.0,0.0,Autumn,No Holiday,Yes
2018-11-28 21:00:00,846.0,4.2,31,1.1,1741,-11.4,0.0,0.0,0.0,Autumn,No Holiday,Yes
2018-11-28 22:00:00,804.0,3.2,34,1.3,1787,-11.1,0.0,0.0,0.0,Autumn,No Holiday,Yes
2018-11-28 23:00:00,555.0,2.9,31,1.7,1869,-12.6,0.0,0.0,0.0,Autumn,No Holiday,Yes
2018-11-29 00:00:00,517.0,2.2,30,0.7,1879,-13.6,0.0,0.0,0.0,Autumn,No Holiday,Yes
2018-11-29 01:00:00,485.0,1.9,32,1.4,1999,-13.0,0.0,0.0,0.0,Autumn,No Holiday,Yes
2018-11-29 02:00:00,319.0,2.1,28,0.4,1981,-14.5,0.0,0.0,0.0,Autumn,No Holiday,Yes
2018-11-29 03:00:00,195.0,1.9,33,0.9,1994,-12.7,0.0,0.0,0.0,Autumn,No Holiday,Yes
2018-11-29 04:00:00,107.0,2.1,33,0.5,1981,-12.5,0.0,0.0,0.0,Autumn,No Holiday,Yes
2018-11-29 05:00:00,126.0,1.8,34,0.9,1990,-12.4,0.0,0.0,0.0,Autumn,No Holiday,Yes
2018-11-29 06:00:00,328.0,1.1,39,1.3,1857,-11.3,0.0,0.0,0.0,Autumn,No Holiday,Yes
2018-11-29 07:00:00,800.0,0.8,41,0.6,1298,-10.9,0.0,0.0,0.0,Autumn,No Holiday,Yes
2018-11-29 08:00:00,1635.0,0.8,44,1.7,1439,-10.0,0.02,0.0,0.0,Autumn,No Holiday,Yes
2018-11-29 09:00:00,825.0,1.8,37,0.9,1310,-11.3,0.31,0.0,0.0,Autumn,No Holiday,Yes
2018-11-29 10:00:00,595.0,3.9,28,0.6,1627,-12.9,0.49,0.0,0.0,Autumn,No Holiday,Yes
2018-11-29 11:00:00,623.0,5.2,26,0.5,1471,-12.7,0.64,0.0,0.0,Autumn,No Holiday,Yes
2018-11-29 12:00:00,661.0,5.6,27,0.3,1522,-11.9,0.34,0.0,0.0,Autumn,No Holiday,Yes
2018-11-29 13:00:00,645.0,5.3,26,2.1,1604,-12.7,0.21,0.0,0.0,Autumn,No Holiday,Yes
2018-11-29 14:00:00,668.0,6.0,27,0.6,1452,-11.6,0.34,0.0,0.0,Autumn,No Holiday,Yes
2018-11-29 15:00:00,652.0,6.5,32,2.6,1321,-9.0,0.35,0.0,0.0,Autumn,No Holiday,Yes
2018-11-29 16:00:00,748.0,5.8,39,2.6,1489,-7.1,0.1,0.0,0.0,Autumn,No Holiday,Yes
2018-11-29 17:00:00,996.0,5.8,38,1.3,1674,-7.4,0.01,0.0,0.0,Autumn,No Holiday,Yes
2018-11-29 18:00:00,1577.0,0.0,46,0.9,1566,-4.8,0.0,0.0,0.0,Autumn,No Holiday,Yes
2018-11-29 19:00:00,1026.0,5.2,48,1.9,1590,-4.9,0.0,0.0,0.0,Autumn,No Holiday,Yes
2018-11-29 20:00:00,818.0,4.1,54,1.3,1434,-4.3,0.0,0.0,0.0,Autumn,No Holiday,Yes
2018-11-29 21:00:00,792.0,3.8,55,2.1,1231,-4.4,0.0,0.0,0.0,Autumn,No Holiday,Yes
2018-11-29 22:00:00,726.0,3.0,59,1.1,1218,-4.2,0.0,0.0,0.0,Autumn,No Holiday,Yes
2018-11-29 23:00:00,559.0,2.6,56,1.9,1394,-5.3,0.0,0.0,0.0,Autumn,No Holiday,Yes
2018-11-30 00:00:00,474.0,1.8,62,1.6,1411,-4.7,0.0,0.0,0.0,Autumn,No Holiday,Yes
2018-11-30 01:00:00,456.0,1.3,63,2.0,1379,-4.9,0.0,0.0,0.0,Autumn,No Holiday,Yes
2018-11-30 02:00:00,300.0,0.6,66,0.5,1368,-5.0,0.0,0.0,0.0,Autumn,No Holiday,Yes
2018-11-30 03:00:00,213.0,-0.1,69,0.9,1338,-5.1,0.0,0.0,0.0,Autumn,No Holiday,Yes
2018-11-30 04:00:00,116.0,-0.5,71,0.4,1345,-5.1,0.0,0.0,0.0,Autumn,No Holiday,Yes
2018-11-30 05:00:00,149.0,-0.7,66,0.5,1336,-6.2,0.0,0.0,0.0,Autumn,No Holiday,Yes
2018-11-30 06:00:00,293.0,-0.8,68,0.8,1322,-5.9,0.0,0.0,0.0,Autumn,No Holiday,Yes
2018-11-30 07:00:00,750.0,-1.2,70,0.8,1351,-5.9,0.0,0.0,0.0,Autumn,No Holiday,Yes
2018-11-30 08:00:00,1527.0,-1.5,68,1.1,1286,-6.6,0.02,0.0,0.0,Autumn,No Holiday,Yes
2018-11-30 09:00:00,809.0,-0.4,57,0.6,1270,-7.8,0.45,0.0,0.0,Autumn,No Holiday,Yes
2018-11-30 10:00:00,554.0,1.9,51,0.8,1029,-7.1,1.01,0.0,0.0,Autumn,No Holiday,Yes
2018-11-30 11:00:00,642.0,5.3,43,1.8,1177,-6.2,1.38,0.0,0.0,Autumn,No Holiday,Yes
2018-11-30 12:00:00,720.0,6.6,35,1.3,1409,-7.8,1.7,0.0,0.0,Autumn,No Holiday,Yes
2018-11-30 13:00:00,740.0,7.1,24,2.8,1838,-12.1,1.83,0.0,0.0,Autumn,No Holiday,Yes
2018-11-30 14:00:00,761.0,7.8,20,2.2,2000,-13.8,1.67,0.0,0.0,Autumn,No Holiday,Yes
2018-11-30 15:00:00,768.0,7.0,20,3.3,1994,-14.4,1.21,0.0,0.0,Autumn,No Holiday,Yes
2018-11-30 16:00:00,837.0,7.2,23,1.5,1945,-12.6,0.72,0.0,0.0,Autumn,No Holiday,Yes
2018-11-30 17:00:00,1047.0,6.0,29,2.1,1877,-10.7,0.23,0.0,0.0,Autumn,No Holiday,Yes
2018-11-30 18:00:00,1384.0,4.7,34,1.9,1661,-9.8,0.0,0.0,0.0,Autumn,No Holiday,Yes
2018-11-30 19:00:00,1003.0,4.2,34,2.6,1894,-10.3,0.0,0.0,0.0,Autumn,No Holiday,Yes
2018-11-30 20:00:00,764.0,3.4,37,2.3,2000,-9.9,0.0,0.0,0.0,Autumn,No Holiday,Yes
2018-11-30 21:00:00,694.0,2.6,39,0.3,1968,-9.9,0.0,0.0,0.0,Autumn,No Holiday,Yes
2018-11-30 22:00:00,712.0,2.1,41,1.0,1859,-9.8,0.0,0.0,0.0,Autumn,No Holiday,Yes
2018-11-30 23:00:00,584.0,1.9,43,1.3,1909,-9.3,0.0,0.0,0.0,Autumn,No Holiday,Yes
