MAE,RMSE,MASE,sMAPE,dataset,run_name,version,timestamp,fold,model,horizon,weather_scenario,model_uses_covariates,degradation_seed,num_weather_vars,test_imputed,train_imputed
152.83333333333334,175.6260231286924,0.5348700362975887,24.57981411757882,seoul,seoul_v5,v5,2026-03-15T20:03:57.688645,0,Seasonal_Naive,6,clean_only,False,42,0,0,48
480.5,656.9458374427327,1.6803772654779932,47.00330467796756,seoul,seoul_v5,v5,2026-03-15T20:03:57.688982,1,Seasonal_Naive,6,clean_only,False,42,0,0,48
99.33333333333331,152.3778199082793,0.3465715024212331,7.278526952562469,seoul,seoul_v5,v5,2026-03-15T20:03:57.689283,2,Seasonal_Naive,6,clean_only,False,42,0,0,48
379.0,567.9706565190377,1.3217223890362904,18.4822049373108,seoul,seoul_v5,v5,2026-03-15T20:03:57.689572,3,Seasonal_Naive,6,clean_only,False,42,0,0,48
90.83333333333331,111.21076087022035,0.3161691565678713,15.30745555569491,seoul,seoul_v5,v5,2026-03-15T20:03:57.689862,4,Seasonal_Naive,6,clean_only,False,42,0,0,48
168.16666666666666,177.10778262591023,0.5851499601938608,25.220929928751616,seoul,seoul_v5,v5,2026-03-15T20:03:57.690148,5,Seasonal_Naive,6,clean_only,False,42,0,0,48
178.33333333333334,193.2269822428189,0.6200488691363085,17.802668445810685,seoul,seoul_v5,v5,2026-03-15T20:03:57.690430,6,Seasonal_Naive,6,clean_only,False,42,0,0,48
95.0,107.32194556566704,0.3300203895339413,6.245051442169944,seoul,seoul_v5,v5,2026-03-15T20:03:57.690709,7,Seasonal_Naive,6,clean_only,False,42,0,0,48
213.16666666666663,249.9896664531023,0.7402605081671755,39.73453094480314,seoul,seoul_v5,v5,2026-03-15T20:03:57.690989,8,Seasonal_Naive,6,clean_only,False,42,0,0,48
503.5,694.559212738554,1.7472194928232192,55.93921574062285,seoul,seoul_v5,v5,2026-03-15T20:03:57.691273,9,Seasonal_Naive,6,clean_only,False,42,0,0,48
164.0,181.4019478028465,0.5678262836308475,17.975307314512808,seoul,seoul_v5,v5,2026-03-15T20:03:57.691553,10,Seasonal_Naive,6,clean_only,False,42,0,0,48
468.5,572.968730967639,1.620902038052367,23.926494841006075,seoul,seoul_v5,v5,2026-03-15T20:03:57.691839,11,Seasonal_Naive,6,clean_only,False,42,0,0,48
108.0,143.4700897980714,0.3727815616483642,19.69081683938951,seoul,seoul_v5,v5,2026-03-15T20:03:57.692119,12,Seasonal_Naive,6,clean_only,False,42,0,0,48
34.833333333333336,49.15112748791561,0.1201786508101928,4.257007183318065,seoul,seoul_v5,v5,2026-03-15T20:03:57.692397,13,Seasonal_Naive,6,clean_only,False,42,0,0,48
126.33333333333331,142.6873038033401,0.4358270527209962,13.681507094239969,seoul,seoul_v5,v5,2026-03-15T20:03:57.692670,14,Seasonal_Naive,6,clean_only,False,42,0,0,48
76.16666666666667,99.28830075425134,0.2626201044438009,3.492376606324917,seoul,seoul_v5,v5,2026-03-15T20:03:57.692983,15,Seasonal_Naive,6,clean_only,False,42,0,0,48
29.5,34.8448944131944,0.1017063956392675,7.651151862539598,seoul,seoul_v5,v5,2026-03-15T20:03:57.693280,16,Seasonal_Naive,6,clean_only,False,42,0,0,48
37.5,48.947250518628046,0.1293318110518987,4.137748614091671,seoul,seoul_v5,v5,2026-03-15T20:03:57.693563,17,Seasonal_Naive,6,clean_only,False,42,0,0,48
53.16666666666666,75.56343913119183,0.1834212477922541,5.966419568399109,seoul,seoul_v5,v5,2026-03-15T20:03:57.693845,18,Seasonal_Naive,6,clean_only,False,42,0,0,48
48.333333333333336,54.64125425598013,0.1667495556894206,2.1633868142936006,seoul,seoul_v5,v5,2026-03-15T20:03:57.694121,19,Seasonal_Naive,6,clean_only,False,42,0,0,48
277.9166666666667,449.50862060699126,0.9726235392870548,24.33596267135492,seoul,seoul_v5,v5,2026-03-15T20:03:59.310261,0,Seasonal_Naive,24,clean_only,False,42,0,0,48
133.08333333333334,152.14275095010825,0.4632313238888904,16.14402634310679,seoul,seoul_v5,v5,2026-03-15T20:03:59.310591,1,Seasonal_Naive,24,clean_only,False,42,0,0,48
337.2916666666667,475.9483077674157,1.1713074303387971,34.393887210236215,seoul,seoul_v5,v5,2026-03-15T20:03:59.310890,2,Seasonal_Naive,24,clean_only,False,42,0,0,48
86.33333333333333,115.34441179932963,0.2979951372435998,10.280426930818116,seoul,seoul_v5,v5,2026-03-15T20:03:59.311179,3,Seasonal_Naive,24,clean_only,False,42,0,0,48
42.125,55.46507910388301,0.1452332852984456,4.979676714830994,seoul,seoul_v5,v5,2026-03-15T20:03:59.311523,4,Seasonal_Naive,24,clean_only,False,42,0,0,48
45.75,54.68927378075765,0.1578102048803297,4.708711071871374,seoul,seoul_v5,v5,2026-03-15T20:03:59.311823,5,Seasonal_Naive,24,clean_only,False,42,0,0,48
76.125,103.98697835145836,0.262750094087252,6.239798397869,seoul,seoul_v5,v5,2026-03-15T20:03:59.312111,6,Seasonal_Naive,24,clean_only,False,42,0,0,48
273.75,432.6265710748705,0.9453857414006884,25.333694957252582,seoul,seoul_v5,v5,2026-03-15T20:03:59.312395,7,Seasonal_Naive,24,clean_only,False,42,0,0,48
121.5,141.42665943873524,0.4177256550868172,18.18724869446685,seoul,seoul_v5,v5,2026-03-15T20:03:59.312679,8,Seasonal_Naive,24,clean_only,False,42,0,0,48
349.2083333333333,490.70735508379465,1.1987125287213884,38.793451486525726,seoul,seoul_v5,v5,2026-03-15T20:03:59.312962,9,Seasonal_Naive,24,clean_only,False,42,0,0,48
65.29166666666667,86.69751053711596,0.2230628063746054,8.143790695211962,seoul,seoul_v5,v5,2026-03-15T20:03:59.313249,10,Seasonal_Naive,24,clean_only,False,42,0,0,48
67.625,80.79836013187396,0.2309071378798259,7.004475237704059,seoul,seoul_v5,v5,2026-03-15T20:03:59.313532,11,Seasonal_Naive,24,clean_only,False,42,0,0,48
53.125,73.86953589493665,0.1813746492193742,6.516672062176481,seoul,seoul_v5,v5,2026-03-15T20:03:59.313823,12,Seasonal_Naive,24,clean_only,False,42,0,0,48
91.25,133.89081372521417,0.3112610020297263,8.371671650882902,seoul,seoul_v5,v5,2026-03-15T20:03:59.314106,13,Seasonal_Naive,24,clean_only,False,42,0,0,48
320.2083333333333,463.466872242954,1.0909921292345108,35.31699568238183,seoul,seoul_v5,v5,2026-03-15T20:03:59.314386,14,Seasonal_Naive,24,clean_only,False,42,0,0,48
180.0,236.1997742025452,0.6098344288210333,24.4337786376927,seoul,seoul_v5,v5,2026-03-15T20:03:59.314666,15,Seasonal_Naive,24,clean_only,False,42,0,0,48
275.4583333333333,429.5557297953317,0.93074224572543,31.91252492262533,seoul,seoul_v5,v5,2026-03-15T20:03:59.314949,16,Seasonal_Naive,24,clean_only,False,42,0,0,48
77.5,97.99404743826706,0.2609723240992121,9.328224120768349,seoul,seoul_v5,v5,2026-03-15T20:03:59.315231,17,Seasonal_Naive,24,clean_only,False,42,0,0,48
104.125,140.4497241008326,0.35051010327721,10.91546108400476,seoul,seoul_v5,v5,2026-03-15T20:03:59.315512,18,Seasonal_Naive,24,clean_only,False,42,0,0,48
42.208333333333336,48.69676580636541,0.1420451289714024,6.929957507225741,seoul,seoul_v5,v5,2026-03-15T20:03:59.315798,19,Seasonal_Naive,24,clean_only,False,42,0,0,48
306.8333333333333,485.9584172882834,1.0738230499714947,27.59243687383629,seoul,seoul_v5,v5,2026-03-15T20:03:59.521511,0,Seasonal_Naive,48,clean_only,False,42,0,0,48
319.25,476.3033434692644,1.1086544201674935,31.532316065947168,seoul,seoul_v5,v5,2026-03-15T20:03:59.521836,1,Seasonal_Naive,48,clean_only,False,42,0,0,48
51.333333333333336,63.75898629474384,0.1769806206604204,5.606885118196647,seoul,seoul_v5,v5,2026-03-15T20:03:59.522139,2,Seasonal_Naive,48,clean_only,False,42,0,0,48
194.3333333333333,361.0399908597384,0.6707533874236142,16.625527925793804,seoul,seoul_v5,v5,2026-03-15T20:03:59.522443,3,Seasonal_Naive,48,clean_only,False,42,0,0,48
214.7708333333333,332.1433864563115,0.7383974242609737,25.36513226923202,seoul,seoul_v5,v5,2026-03-15T20:03:59.522780,4,Seasonal_Naive,48,clean_only,False,42,0,0,48
72.9375,92.24887081513066,0.2491840731070496,9.426365054314488,seoul,seoul_v5,v5,2026-03-15T20:03:59.523069,5,Seasonal_Naive,48,clean_only,False,42,0,0,48
86.16666666666667,126.67527383037309,0.2941825683024831,8.572521867231435,seoul,seoul_v5,v5,2026-03-15T20:03:59.523354,6,Seasonal_Naive,48,clean_only,False,42,0,0,48
283.4166666666667,437.7344609844344,0.9656380563504416,32.24710066174676,seoul,seoul_v5,v5,2026-03-15T20:03:59.523661,7,Seasonal_Naive,48,clean_only,False,42,0,0,48
246.3333333333333,405.59673116697246,0.8323321973572445,28.611320298354688,seoul,seoul_v5,v5,2026-03-15T20:03:59.523944,8,Seasonal_Naive,48,clean_only,False,42,0,0,48
97.97916666666669,131.56612722632423,0.3298217318352778,10.084200624808345,seoul,seoul_v5,v5,2026-03-15T20:03:59.524226,9,Seasonal_Naive,48,clean_only,False,42,0,0,48
128.72916666666666,234.329673394842,0.4333186740392996,16.280592029098703,seoul,seoul_v5,v5,2026-03-15T20:03:59.524516,10,Seasonal_Naive,48,clean_only,False,42,0,0,48
146.41666666666666,205.61655251138384,0.4923434088023203,22.530794868250634,seoul,seoul_v5,v5,2026-03-15T20:03:59.524810,11,Seasonal_Naive,48,clean_only,False,42,0,0,48
194.8333333333333,269.81652716861754,0.6522915453940524,21.362477120574127,seoul,seoul_v5,v5,2026-03-15T20:03:59.525095,12,Seasonal_Naive,48,clean_only,False,42,0,0,48
81.5625,136.23501446642368,0.2729172059312946,8.426957944669196,seoul,seoul_v5,v5,2026-03-15T20:03:59.525373,13,Seasonal_Naive,48,clean_only,False,42,0,0,48
272.5208333333333,410.5280390342825,0.9087129720388618,29.01904916044978,seoul,seoul_v5,v5,2026-03-15T20:03:59.525660,14,Seasonal_Naive,48,clean_only,False,42,0,0,48
346.7291666666667,483.9834923149067,1.1505892512445397,39.93326003715452,seoul,seoul_v5,v5,2026-03-15T20:03:59.525950,15,Seasonal_Naive,48,clean_only,False,42,0,0,48
202.54166666666663,340.649624492185,0.6678486452053481,20.7478478083122,seoul,seoul_v5,v5,2026-03-15T20:03:59.526232,16,Seasonal_Naive,48,clean_only,False,42,0,0,48
243.66666666666663,297.27961024373445,0.7960656604029922,28.101893485803792,seoul,seoul_v5,v5,2026-03-15T20:03:59.526513,17,Seasonal_Naive,48,clean_only,False,42,0,0,48
171.83333333333334,273.69927231665537,0.5620037391664974,20.304127557144845,seoul,seoul_v5,v5,2026-03-15T20:03:59.526796,18,Seasonal_Naive,48,clean_only,False,42,0,0,48
138.02083333333334,193.09502194515528,0.4515826770092943,21.32967094559088,seoul,seoul_v5,v5,2026-03-15T20:03:59.527082,19,Seasonal_Naive,48,clean_only,False,42,0,0,48
195.0059523809524,304.97473548757165,0.6824613358445748,18.037078680950025,seoul,seoul_v5,v5,2026-03-15T20:03:59.747644,0,Seasonal_Naive,168,clean_only,False,42,0,0,48
153.8095238095238,270.65139676607726,0.5311756372644876,16.274137032739596,seoul,seoul_v5,v5,2026-03-15T20:03:59.747983,1,Seasonal_Naive,168,clean_only,False,42,0,0,48
155.54761904761904,259.36543441913875,0.5299713044178127,17.742162772193996,seoul,seoul_v5,v5,2026-03-15T20:03:59.748291,2,Seasonal_Naive,168,clean_only,False,42,0,0,48
143.36904761904762,220.6509849125019,0.4828686011542898,17.20332800219168,seoul,seoul_v5,v5,2026-03-15T20:03:59.748588,3,Seasonal_Naive,168,clean_only,False,42,0,0,48
187.0059523809524,306.44778355801344,0.6235660323598005,20.30847842241081,seoul,seoul_v5,v5,2026-03-15T20:03:59.748926,4,Seasonal_Naive,168,clean_only,False,42,0,0,48
308.2797619047619,503.481421371898,1.0088581953576776,36.851033195022566,seoul,seoul_v5,v5,2026-03-15T20:03:59.749223,5,Seasonal_Naive,168,clean_only,False,42,0,0,48
491.625,619.1199062647988,1.5906844029422025,87.58394057328393,seoul,seoul_v5,v5,2026-03-15T20:03:59.749517,6,Seasonal_Naive,168,clean_only,False,42,0,0,48
294.73809523809524,504.3136306855468,0.9157435707382297,29.94769359082308,seoul,seoul_v5,v5,2026-03-15T20:03:59.749816,7,Seasonal_Naive,168,clean_only,False,42,0,0,48
192.66666666666663,317.8047094259828,0.5921810789669207,20.715137653437186,seoul,seoul_v5,v5,2026-03-15T20:03:59.750112,8,Seasonal_Naive,168,clean_only,False,42,0,0,48
412.1845238095238,622.9767107547899,1.2621885211024957,47.629895036426085,seoul,seoul_v5,v5,2026-03-15T20:03:59.750404,9,Seasonal_Naive,168,clean_only,False,42,0,48,48
407.2440476190476,543.2980031604159,1.2113939427333884,81.44309119617557,seoul,seoul_v5,v5,2026-03-15T20:03:59.750697,10,Seasonal_Naive,168,clean_only,False,42,0,24,96
444.5892857142857,672.1790834577458,1.3416222117365673,45.628682501420165,seoul,seoul_v5,v5,2026-03-15T20:03:59.750990,11,Seasonal_Naive,168,clean_only,False,42,0,72,112
971.6607142857144,1203.2436147466444,2.9239485834173427,139.59776337312977,seoul,seoul_v5,v5,2026-03-15T20:03:59.751279,12,Seasonal_Naive,168,clean_only,False,42,0,31,168
141.98214285714286,258.9502273374079,0.433748251554885,14.459996247292567,seoul,seoul_v5,v5,2026-03-15T20:03:59.751569,13,Seasonal_Naive,168,clean_only,False,42,0,0,199
237.92261904761904,398.2467902599856,0.7397358179729513,26.711407552427247,seoul,seoul_v5,v5,2026-03-15T20:03:59.751869,14,Seasonal_Naive,168,clean_only,False,42,0,0,199
409.57738095238096,539.2834366082459,1.291689975060019,68.58259573318831,seoul,seoul_v5,v5,2026-03-15T20:03:59.752168,15,Seasonal_Naive,168,clean_only,False,42,0,0,199
377.5833333333333,624.7349914354162,1.2471604305373496,61.15858403544661,seoul,seoul_v5,v5,2026-03-15T20:03:59.752454,16,Seasonal_Naive,168,clean_only,False,42,0,72,175
758.7261904761905,898.8267749842411,2.6245004392829423,154.52300155194513,seoul,seoul_v5,v5,2026-03-15T20:03:59.752743,17,Seasonal_Naive,168,clean_only,False,42,0,0,247
183.19642857142856,271.2346660138026,0.6363515718587502,27.33430951590868,seoul,seoul_v5,v5,2026-03-15T20:03:59.753035,18,Seasonal_Naive,168,clean_only,False,42,0,0,247
128.64880952380952,260.41929332008664,0.4515553597354688,23.76753717918394,seoul,seoul_v5,v5,2026-03-15T20:03:59.753326,19,Seasonal_Naive,168,clean_only,False,42,0,0,247
789.7487241715745,873.6155337408776,2.763879577515536,79.59812465602484,seoul,seoul_v5,v5,2026-03-15T20:04:00.669487,0,ARIMA,6,clean_only,False,42,0,0,48
523.9078365138972,562.2692560632299,1.8321806819640247,105.03357747677516,seoul,seoul_v5,v5,2026-03-15T20:04:01.165282,1,ARIMA,6,clean_only,False,42,0,0,48
234.53283469188275,274.49151828925244,0.8182791632846629,22.246553139868983,seoul,seoul_v5,v5,2026-03-15T20:04:01.611382,2,ARIMA,6,clean_only,False,42,0,0,48
362.73216911778326,407.4812501592288,1.264990050518924,22.26398150313064,seoul,seoul_v5,v5,2026-03-15T20:04:02.075010,3,ARIMA,6,clean_only,False,42,0,0,48
703.2900871690609,775.7023455677241,2.447984957975633,81.89541881174125,seoul,seoul_v5,v5,2026-03-15T20:04:02.561189,4,ARIMA,6,clean_only,False,42,0,0,48
332.44136058348766,371.8016642830005,1.1567574761876358,75.74762430759498,seoul,seoul_v5,v5,2026-03-15T20:04:03.112479,5,ARIMA,6,clean_only,False,42,0,0,48
238.20533779832604,292.08815387267174,0.8282184130322491,26.683132430066443,seoul,seoul_v5,v5,2026-03-15T20:04:03.687720,6,ARIMA,6,clean_only,False,42,0,0,48
480.0671001535516,539.0292113199476,1.6677045410011022,31.59240230584448,seoul,seoul_v5,v5,2026-03-15T20:04:04.199127,7,ARIMA,6,clean_only,False,42,0,0,48
666.9518951697587,690.4097198782864,2.316113286199029,92.3490915623166,seoul,seoul_v5,v5,2026-03-15T20:04:04.696515,8,ARIMA,6,clean_only,False,42,0,0,48
729.3254496058157,868.1365608650311,2.5308672138298705,95.4403054307164,seoul,seoul_v5,v5,2026-03-15T20:04:05.198876,9,ARIMA,6,clean_only,False,42,0,0,48
183.39068826400265,325.6098111337512,0.6349637376186091,19.68613799373413,seoul,seoul_v5,v5,2026-03-15T20:04:05.672873,10,ARIMA,6,clean_only,False,42,0,0,48
659.7094030927416,727.6579792374434,2.282442510128784,34.39122590279505,seoul,seoul_v5,v5,2026-03-15T20:04:06.154080,11,ARIMA,6,clean_only,False,42,0,0,48
840.0867521793106,891.5401944550401,2.8997115870139423,93.2752186347116,seoul,seoul_v5,v5,2026-03-15T20:04:06.634033,12,ARIMA,6,clean_only,False,42,0,0,48
734.2650174057079,847.1643897968657,2.533291266859542,94.09767323188493,seoul,seoul_v5,v5,2026-03-15T20:04:07.255961,13,ARIMA,6,clean_only,False,42,0,0,48
227.7375817097624,381.0954654834551,0.785653290477885,22.20315321206226,seoul,seoul_v5,v5,2026-03-15T20:04:07.950382,14,ARIMA,6,clean_only,False,42,0,0,48
569.6495911553696,630.8333044950608,1.9641326274694748,28.937539284236347,seoul,seoul_v5,v5,2026-03-15T20:04:08.439437,15,ARIMA,6,clean_only,False,42,0,0,48
876.0569701541186,925.7744840297208,3.0203592138655195,93.79957120924408,seoul,seoul_v5,v5,2026-03-15T20:04:09.019897,16,ARIMA,6,clean_only,False,42,0,0,48
766.8072050044402,876.881346719737,2.6446017213565023,107.21364189561346,seoul,seoul_v5,v5,2026-03-15T20:04:09.547691,17,ARIMA,6,clean_only,False,42,0,0,48
286.18795605592305,434.42152803177305,0.9873282508380978,31.67252156032676,seoul,seoul_v5,v5,2026-03-15T20:04:10.039321,18,ARIMA,6,clean_only,False,42,0,0,48
535.3661555078855,587.2953999848339,1.8470083150777896,27.43028160351611,seoul,seoul_v5,v5,2026-03-15T20:04:10.759502,19,ARIMA,6,clean_only,False,42,0,0,48
541.3598504362341,632.1188501167217,1.894594304380932,48.41694472778066,seoul,seoul_v5,v5,2026-03-15T20:04:11.431651,0,ARIMA,24,clean_only,False,42,0,0,48
549.6655080218424,619.7995159767135,1.91325445943908,55.25141780766555,seoul,seoul_v5,v5,2026-03-15T20:04:11.909423,1,ARIMA,24,clean_only,False,42,0,0,48
615.9611589191113,724.3317537036348,2.139038563781253,56.945064070201646,seoul,seoul_v5,v5,2026-03-15T20:04:12.395063,2,ARIMA,24,clean_only,False,42,0,0,48
626.6504789574755,712.5065020055052,2.1629976310505845,53.43789156338343,seoul,seoul_v5,v5,2026-03-15T20:04:12.908761,3,ARIMA,24,clean_only,False,42,0,0,48
654.5432975059481,726.112529747142,2.2566521891244333,55.820773224311374,seoul,seoul_v5,v5,2026-03-15T20:04:13.484764,4,ARIMA,24,clean_only,False,42,0,0,48
634.4760535417577,707.0145679586348,2.188563847018314,54.31457440617265,seoul,seoul_v5,v5,2026-03-15T20:04:13.970885,5,ARIMA,24,clean_only,False,42,0,0,48
573.1592137683951,640.6158582157278,1.9782940866288496,51.20315293662097,seoul,seoul_v5,v5,2026-03-15T20:04:14.490824,6,ARIMA,24,clean_only,False,42,0,0,48
632.9970716493976,714.8945949348864,2.18603253291591,59.58680380306313,seoul,seoul_v5,v5,2026-03-15T20:04:15.018896,7,ARIMA,24,clean_only,False,42,0,0,48
595.4641587620578,663.685335202515,2.0472481958814903,65.28563378217905,seoul,seoul_v5,v5,2026-03-15T20:04:15.689359,8,ARIMA,24,clean_only,False,42,0,0,48
542.7339762536366,641.4332557503554,1.863019736350347,54.64144328035601,seoul,seoul_v5,v5,2026-03-15T20:04:16.321142,9,ARIMA,24,clean_only,False,42,0,0,48
545.4502608073163,610.5232293383451,1.8634792481956413,53.3318563007383,seoul,seoul_v5,v5,2026-03-15T20:04:16.861015,10,ARIMA,24,clean_only,False,42,0,0,48
537.1914681808997,610.7863947611237,1.8342527824194168,50.64311801327269,seoul,seoul_v5,v5,2026-03-15T20:04:17.360526,11,ARIMA,24,clean_only,False,42,0,0,48
586.9647097258435,653.2366381424755,2.003962697989208,55.50384908787959,seoul,seoul_v5,v5,2026-03-15T20:04:17.862350,12,ARIMA,24,clean_only,False,42,0,0,48
536.4439577970118,616.645697618021,1.829852973552768,52.99660496853763,seoul,seoul_v5,v5,2026-03-15T20:04:18.333411,13,ARIMA,24,clean_only,False,42,0,0,48
511.3112918912254,584.7491002536725,1.7421051764488424,58.553475215873455,seoul,seoul_v5,v5,2026-03-15T20:04:18.771439,14,ARIMA,24,clean_only,False,42,0,0,48
454.3458776164048,500.1358645548452,1.5393097709077297,56.94229238498784,seoul,seoul_v5,v5,2026-03-15T20:04:19.257796,15,ARIMA,24,clean_only,False,42,0,0,48
531.2167062040222,606.3515161965305,1.794920575159695,54.87408228657574,seoul,seoul_v5,v5,2026-03-15T20:04:19.746493,16,ARIMA,24,clean_only,False,42,0,0,48
561.9078556778226,618.3686880766905,1.892159987430272,56.612187808068015,seoul,seoul_v5,v5,2026-03-15T20:04:20.195126,17,ARIMA,24,clean_only,False,42,0,0,48
467.721494505154,525.6762776267544,1.5744644354763269,52.54264220721571,seoul,seoul_v5,v5,2026-03-15T20:04:20.716616,18,ARIMA,24,clean_only,False,42,0,0,48
466.1126515665526,522.5805445518611,1.5686246406390516,52.961065877958106,seoul,seoul_v5,v5,2026-03-15T20:04:21.299661,19,ARIMA,24,clean_only,False,42,0,0,48
597.4563062382726,684.7082645497417,2.09091478432206,54.84420318904706,seoul,seoul_v5,v5,2026-03-15T20:04:21.987394,0,ARIMA,48,clean_only,False,42,0,0,48
590.0930373172534,712.5886373229317,2.049206747476382,53.17625315896035,seoul,seoul_v5,v5,2026-03-15T20:04:22.476384,1,ARIMA,48,clean_only,False,42,0,0,48
645.6645661430098,715.621653456728,2.226041214047356,55.22146720723386,seoul,seoul_v5,v5,2026-03-15T20:04:23.027678,2,ARIMA,48,clean_only,False,42,0,0,48
566.8587963616554,635.6981516633205,1.9565478105512168,53.29325304598359,seoul,seoul_v5,v5,2026-03-15T20:04:23.546695,3,ARIMA,48,clean_only,False,42,0,0,48
606.90274964049,675.5442299379606,2.0865748861527926,62.41092220226125,seoul,seoul_v5,v5,2026-03-15T20:04:24.225791,4,ARIMA,48,clean_only,False,42,0,0,48
539.9559473820697,608.9381778904036,1.8447084458205985,51.98042052654242,seoul,seoul_v5,v5,2026-03-15T20:04:24.765454,5,ARIMA,48,clean_only,False,42,0,0,48
566.2500138967797,636.0532513698607,1.9332404261834204,54.64368684934197,seoul,seoul_v5,v5,2026-03-15T20:04:25.267785,6,ARIMA,48,clean_only,False,42,0,0,48
541.6224018030015,607.678651472427,1.845379135617436,61.91865584215047,seoul,seoul_v5,v5,2026-03-15T20:04:25.705779,7,ARIMA,48,clean_only,False,42,0,0,48
512.6325760423316,581.4947742142214,1.7321269220063,53.46728131384444,seoul,seoul_v5,v5,2026-03-15T20:04:26.202562,8,ARIMA,48,clean_only,False,42,0,0,48
476.7889047908554,530.5429095773471,1.604987546311362,53.603488212261,seoul,seoul_v5,v5,2026-03-15T20:04:26.724973,9,ARIMA,48,clean_only,False,42,0,0,48
425.6990956399943,477.473693904923,1.4329570558015312,50.26545372076936,seoul,seoul_v5,v5,2026-03-15T20:04:27.182985,10,ARIMA,48,clean_only,False,42,0,0,48
534.0145702966585,590.5084599845709,1.7956873344789743,63.24174637744272,seoul,seoul_v5,v5,2026-03-15T20:04:27.622096,11,ARIMA,48,clean_only,False,42,0,0,48
477.0636345932136,569.9352810998009,1.5971834497524935,49.64198968543812,seoul,seoul_v5,v5,2026-03-15T20:04:28.053882,12,ARIMA,48,clean_only,False,42,0,0,48
528.5875865078619,585.4064890195408,1.7687129158582948,54.30906353292848,seoul,seoul_v5,v5,2026-03-15T20:04:28.532184,13,ARIMA,48,clean_only,False,42,0,0,48
496.02807307033737,580.6146978012388,1.6539915094972777,55.65399930466642,seoul,seoul_v5,v5,2026-03-15T20:04:28.970334,14,ARIMA,48,clean_only,False,42,0,0,48
473.1861443012687,648.9596386507283,1.5702252472873035,52.1585737584132,seoul,seoul_v5,v5,2026-03-15T20:04:29.547554,15,ARIMA,48,clean_only,False,42,0,0,48
552.650669060136,623.6882270740932,1.8222769007379933,57.65873330384517,seoul,seoul_v5,v5,2026-03-15T20:04:30.018154,16,ARIMA,48,clean_only,False,42,0,0,48
608.691591307712,691.2915033825734,1.98861206682403,52.290953119211146,seoul,seoul_v5,v5,2026-03-15T20:04:30.855552,17,ARIMA,48,clean_only,False,42,0,0,48
595.5465464901839,672.9293711386966,1.9478140793899763,56.18336845900623,seoul,seoul_v5,v5,2026-03-15T20:04:31.347115,18,ARIMA,48,clean_only,False,42,0,0,48
631.6609214497379,723.6678862838298,2.0666961862310416,60.85924931904677,seoul,seoul_v5,v5,2026-03-15T20:04:31.872905,19,ARIMA,48,clean_only,False,42,0,0,48
656.7795549438151,730.7146124183118,2.2985280549115323,57.02662127165033,seoul,seoul_v5,v5,2026-03-15T20:04:32.583983,0,ARIMA,168,clean_only,False,42,0,0,48
669.6837772620282,745.9918328716655,2.312728746194981,62.0039340715764,seoul,seoul_v5,v5,2026-03-15T20:04:33.127420,1,ARIMA,168,clean_only,False,42,0,0,48
540.4102311363959,600.3507295278207,1.841249109884536,58.36399378412848,seoul,seoul_v5,v5,2026-03-15T20:04:33.586707,2,ARIMA,168,clean_only,False,42,0,0,48
511.2363449953512,571.8831281245816,1.7218498892667542,55.96328257693598,seoul,seoul_v5,v5,2026-03-15T20:04:33.997385,3,ARIMA,168,clean_only,False,42,0,0,48
557.0115439306379,634.8912019667071,1.8573391595572144,57.12579865402096,seoul,seoul_v5,v5,2026-03-15T20:04:34.424094,4,ARIMA,168,clean_only,False,42,0,0,48
765.624750882733,861.3130546553704,2.5055384749367624,72.59335983855357,seoul,seoul_v5,v5,2026-03-15T20:04:34.894169,5,ARIMA,168,clean_only,False,42,0,0,48
614.474764250044,700.9775803710344,1.9881727403897929,81.74170945131587,seoul,seoul_v5,v5,2026-03-15T20:04:35.329479,6,ARIMA,168,clean_only,False,42,0,0,48
629.2516552762023,744.668491895546,1.955068472672589,60.36746024296365,seoul,seoul_v5,v5,2026-03-15T20:04:35.756302,7,ARIMA,168,clean_only,False,42,0,0,48
621.0796863200717,738.2088923770496,1.9089531424020247,52.25080833877307,seoul,seoul_v5,v5,2026-03-15T20:04:36.134425,8,ARIMA,168,clean_only,False,42,0,0,48
574.4392329087804,719.4753131559935,1.7590437388266458,66.72162360338264,seoul,seoul_v5,v5,2026-03-15T20:04:36.644210,9,ARIMA,168,clean_only,False,42,0,48,48
571.62197935477,688.8626699275457,1.7003548790267222,59.46012703673193,seoul,seoul_v5,v5,2026-03-15T20:04:37.123806,10,ARIMA,168,clean_only,False,42,0,24,96
650.2878301263889,760.0360354764778,1.9623518266254645,66.53630110273282,seoul,seoul_v5,v5,2026-03-15T20:04:37.595425,11,ARIMA,168,clean_only,False,42,0,72,112
1048.239663405867,1239.8642900766242,3.154392097812243,178.11353006903238,seoul,seoul_v5,v5,2026-03-15T20:04:38.250605,12,ARIMA,168,clean_only,False,42,0,31,168
523.7181184593189,643.9686638730906,1.5999323127409442,55.19727348633976,seoul,seoul_v5,v5,2026-03-15T20:04:39.010246,13,ARIMA,168,clean_only,False,42,0,0,199
512.5051311640322,618.3367303196519,1.5934525432450848,57.66685242579596,seoul,seoul_v5,v5,2026-03-15T20:04:39.506519,14,ARIMA,168,clean_only,False,42,0,0,199
419.2986417232826,532.6018065634337,1.3223480525483795,58.02467790714837,seoul,seoul_v5,v5,2026-03-15T20:04:39.907073,15,ARIMA,168,clean_only,False,42,0,0,199
543.928044660845,635.6611705275392,1.796598192965504,87.75215876270579,seoul,seoul_v5,v5,2026-03-15T20:04:40.390180,16,ARIMA,168,clean_only,False,42,0,72,175
806.470194509905,926.6894515229924,2.789651136771014,182.7123135724364,seoul,seoul_v5,v5,2026-03-15T20:04:40.922910,17,ARIMA,168,clean_only,False,42,0,0,247
303.49221068138456,397.5418077907608,1.054211301060846,47.994903351086826,seoul,seoul_v5,v5,2026-03-15T20:04:41.536313,18,ARIMA,168,clean_only,False,42,0,0,247
285.234594402091,366.8103271653432,1.0011690769699613,53.1613067910934,seoul,seoul_v5,v5,2026-03-15T20:04:42.226499,19,ARIMA,168,clean_only,False,42,0,0,247
189.6150104890156,240.92755306015647,0.6635946840315863,35.1124999029389,seoul,seoul_v5,v5,2026-03-15T20:09:05.338565,0,SARIMAX,6,clean_only,True,42,9,0,48
281.0406592499652,345.9493017001792,0.9828394057827032,34.32031039008186,seoul,seoul_v5,v5,2026-03-15T20:13:45.356440,1,SARIMAX,6,clean_only,True,42,9,0,48
87.72754254608408,117.15815452191062,0.3060791901736813,6.7879575383081,seoul,seoul_v5,v5,2026-03-15T20:18:23.447146,2,SARIMAX,6,clean_only,True,42,9,0,48
291.5870802340973,342.60767223170814,1.0168790825834502,17.013587742160997,seoul,seoul_v5,v5,2026-03-15T20:22:48.133992,3,SARIMAX,6,clean_only,True,42,9,0,48
161.1828694823113,179.53798211013387,0.5610391034577429,33.371449539076714,seoul,seoul_v5,v5,2026-03-15T20:27:29.339387,4,SARIMAX,6,clean_only,True,42,9,0,48
108.07243231379977,137.3247887985024,0.3760470533189711,18.888830113075628,seoul,seoul_v5,v5,2026-03-15T20:32:14.210879,5,SARIMAX,6,clean_only,True,42,9,0,48
44.11396836403512,60.4206118111047,0.1533802777415039,4.430566503932951,seoul,seoul_v5,v5,2026-03-15T20:36:19.538021,6,SARIMAX,6,clean_only,True,42,9,0,48
317.8994227322751,365.21610095517934,1.1043504349760054,20.0102849827436,seoul,seoul_v5,v5,2026-03-15T20:40:54.265999,7,SARIMAX,6,clean_only,True,42,9,0,48
205.54917266592,224.82762747068904,0.7138073573620787,41.01564456552942,seoul,seoul_v5,v5,2026-03-15T20:45:31.644057,8,SARIMAX,6,clean_only,True,42,9,0,48
500.17136362609153,677.5540851176173,1.7356686321340171,53.29889224352154,seoul,seoul_v5,v5,2026-03-15T20:49:54.407887,9,SARIMAX,6,clean_only,True,42,9,0,48
167.24458809468243,179.90503775032334,0.5790602007022891,18.27241578110973,seoul,seoul_v5,v5,2026-03-15T20:54:30.207192,10,SARIMAX,6,clean_only,True,42,9,0,48
496.52093728321705,569.1507484127642,1.7178480238592062,24.569846105181444,seoul,seoul_v5,v5,2026-03-15T20:59:01.200536,11,SARIMAX,6,clean_only,True,42,9,0,48
301.0100760040172,327.85772245628294,1.0389907981913922,52.75867895137658,seoul,seoul_v5,v5,2026-03-15T21:03:33.233621,12,SARIMAX,6,clean_only,True,42,9,0,48
311.7940584899788,401.9915632414604,1.0757221802859331,28.81729467036145,seoul,seoul_v5,v5,2026-03-15T21:07:38.652707,13,SARIMAX,6,clean_only,True,42,9,0,48
112.06445282124974,150.49760089564646,0.3866020067641932,10.440698367612365,seoul,seoul_v5,v5,2026-03-15T21:10:51.296103,14,SARIMAX,6,clean_only,True,42,9,0,48
179.53241688953287,246.7781595739628,0.6190217340207063,8.169514876452599,seoul,seoul_v5,v5,2026-03-15T21:14:45.754134,15,SARIMAX,6,clean_only,True,42,9,0,48
285.73335782644125,305.211254666269,0.9851155911333034,49.6766700233707,seoul,seoul_v5,v5,2026-03-15T21:19:20.553550,16,SARIMAX,6,clean_only,True,42,9,0,48
190.44447316005608,247.50145786750195,0.6568140964963939,17.23461003898826,seoul,seoul_v5,v5,2026-03-15T21:24:01.289287,17,SARIMAX,6,clean_only,True,42,9,0,48
87.34841462271244,116.92557819130072,0.3013458658828795,8.441723502071781,seoul,seoul_v5,v5,2026-03-15T21:28:47.860079,18,SARIMAX,6,clean_only,True,42,9,0,48
178.09538489432373,192.7846397878865,0.614427440719962,8.408862387082976,seoul,seoul_v5,v5,2026-03-15T21:33:28.477310,19,SARIMAX,6,clean_only,True,42,9,0,48
317.5832491080519,418.5766213245461,1.111444475319061,30.869270324437952,seoul,seoul_v5,v5,2026-03-15T21:37:52.483902,0,SARIMAX,24,clean_only,True,42,9,0,48
237.2739669714596,261.1991947808642,0.8258940551876625,29.58228851195645,seoul,seoul_v5,v5,2026-03-15T21:42:37.868250,1,SARIMAX,24,clean_only,True,42,9,0,48
406.1633886187336,529.4085544594532,1.4104771686839983,38.59101698876602,seoul,seoul_v5,v5,2026-03-15T21:47:17.167273,2,SARIMAX,24,clean_only,True,42,9,0,48
240.89641538609223,289.2394471512605,0.8314976103992641,25.19585737468028,seoul,seoul_v5,v5,2026-03-15T21:51:45.044073,3,SARIMAX,24,clean_only,True,42,9,0,48
225.14284691529883,252.1920832372123,0.7762192360582522,26.59545326882306,seoul,seoul_v5,v5,2026-03-15T21:56:22.311740,4,SARIMAX,24,clean_only,True,42,9,0,48
196.5458527059737,224.64386275429268,0.677965929702925,23.82337248880811,seoul,seoul_v5,v5,2026-03-15T22:00:46.450220,5,SARIMAX,24,clean_only,True,42,9,0,48
103.64629953528052,128.28600730689374,0.3577415429187581,14.114632475364727,seoul,seoul_v5,v5,2026-03-15T22:05:15.343288,6,SARIMAX,24,clean_only,True,42,9,0,48
384.777858566476,464.7101875753506,1.3288164423577613,39.71925758816832,seoul,seoul_v5,v5,2026-03-15T22:10:13.522003,7,SARIMAX,24,clean_only,True,42,9,0,48
238.47933535951304,264.4512381645237,0.8199089431088176,34.70039879459979,seoul,seoul_v5,v5,2026-03-15T22:14:34.126965,8,SARIMAX,24,clean_only,True,42,9,0,48
443.624036692001,588.774180896591,1.5228092804906106,47.01499793187776,seoul,seoul_v5,v5,2026-03-15T22:18:33.806839,9,SARIMAX,24,clean_only,True,42,9,0,48
199.9917169342989,225.8304948731288,0.6832527933279963,24.44363468395967,seoul,seoul_v5,v5,2026-03-15T22:22:59.081510,10,SARIMAX,24,clean_only,True,42,9,0,48
166.3732643385874,200.0442276855562,0.5680853868857215,20.645230622516863,seoul,seoul_v5,v5,2026-03-15T22:26:17.811108,11,SARIMAX,24,clean_only,True,42,9,0,48
227.1286464834951,260.8341465719231,0.7754424203974623,29.21254735711339,seoul,seoul_v5,v5,2026-03-15T22:30:33.523464,12,SARIMAX,24,clean_only,True,42,9,0,48
218.00005103100773,238.44920663115343,0.7436154994678679,27.458764321310152,seoul,seoul_v5,v5,2026-03-15T22:34:27.445140,13,SARIMAX,24,clean_only,True,42,9,0,48
235.4388357391016,329.97877425062137,0.8021712428080574,30.40649372813246,seoul,seoul_v5,v5,2026-03-15T22:38:57.804323,14,SARIMAX,24,clean_only,True,42,9,0,48
198.09263848403967,228.2323202371211,0.6711317280198099,29.04465351532256,seoul,seoul_v5,v5,2026-03-15T22:43:32.600002,15,SARIMAX,24,clean_only,True,42,9,0,48
305.22205871958914,413.4013334082967,1.031310474219124,34.40699383716856,seoul,seoul_v5,v5,2026-03-15T22:47:55.969795,16,SARIMAX,24,clean_only,True,42,9,0,48
205.1107649959764,233.50549614807488,0.690686877919578,28.076105508391443,seoul,seoul_v5,v5,2026-03-15T22:52:20.016154,17,SARIMAX,24,clean_only,True,42,9,0,48
156.49653370506113,196.8380996965341,0.5268054376133143,22.13174144562252,seoul,seoul_v5,v5,2026-03-15T22:56:48.983282,18,SARIMAX,24,clean_only,True,42,9,0,48
142.5461013590901,161.32498054359326,0.4797152067582835,20.987368158382672,seoul,seoul_v5,v5,2026-03-15T23:01:09.125298,19,SARIMAX,24,clean_only,True,42,9,0,48
412.2014513816234,502.4334764461518,1.4425793146940522,41.1120642578568,seoul,seoul_v5,v5,2026-03-15T23:05:31.537773,0,SARIMAX,48,clean_only,True,42,9,0,48
411.6265408036468,573.0773310752058,1.4294489707759384,37.13977244907645,seoul,seoul_v5,v5,2026-03-15T23:10:08.134019,1,SARIMAX,48,clean_only,True,42,9,0,48
282.5597040778659,327.4545985432941,0.9741738662595864,31.54435549537729,seoul,seoul_v5,v5,2026-03-15T23:14:42.403304,2,SARIMAX,48,clean_only,True,42,9,0,48
213.79618128240057,297.01615107912914,0.7379305976675984,24.96226880263694,seoul,seoul_v5,v5,2026-03-15T23:19:14.188446,3,SARIMAX,48,clean_only,True,42,9,0,48
315.290093881149,391.4622218816804,1.0839898025422805,38.153116266206254,seoul,seoul_v5,v5,2026-03-15T23:23:41.303935,4,SARIMAX,48,clean_only,True,42,9,0,48
230.930162008959,265.79881169544643,0.7889510659491106,26.96569066046748,seoul,seoul_v5,v5,2026-03-15T23:28:07.138377,5,SARIMAX,48,clean_only,True,42,9,0,48
313.8475413960339,359.1134566725433,1.0715103572530575,36.522445239874976,seoul,seoul_v5,v5,2026-03-15T23:32:27.411703,6,SARIMAX,48,clean_only,True,42,9,0,48
270.48843691300254,350.9128253545756,0.9215898682244308,36.05298931887926,seoul,seoul_v5,v5,2026-03-15T23:36:55.074299,7,SARIMAX,48,clean_only,True,42,9,0,48
305.81785767630515,394.60493510628106,1.033323610842236,34.93235105463635,seoul,seoul_v5,v5,2026-03-15T23:41:21.138092,8,SARIMAX,48,clean_only,True,42,9,0,48
190.4966362270815,228.6302403383856,0.6412580613485276,27.2391102310988,seoul,seoul_v5,v5,2026-03-15T23:45:56.073247,9,SARIMAX,48,clean_only,True,42,9,0,48
164.838039448167,211.04280379497607,0.5548657117455962,22.75060802171096,seoul,seoul_v5,v5,2026-03-15T23:50:14.356964,10,SARIMAX,48,clean_only,True,42,9,0,48
274.1636968035816,318.90177526433,0.9219079502842652,40.96803923249819,seoul,seoul_v5,v5,2026-03-15T23:54:33.309773,11,SARIMAX,48,clean_only,True,42,9,0,48
262.6973222424656,323.8217285457424,0.8794965387326805,29.7930426310987,seoul,seoul_v5,v5,2026-03-15T23:59:09.187014,12,SARIMAX,48,clean_only,True,42,9,0,48
231.6062694774586,266.1590108211822,0.7749803640393377,30.944785296440987,seoul,seoul_v5,v5,2026-03-16T00:03:54.475646,13,SARIMAX,48,clean_only,True,42,9,0,48
215.92915220733985,300.70467024074435,0.7200096200064101,29.60800287701373,seoul,seoul_v5,v5,2026-03-16T00:08:28.683782,14,SARIMAX,48,clean_only,True,42,9,0,48
409.76652239062906,573.5064112674825,1.3597729914535004,47.27031576386067,seoul,seoul_v5,v5,2026-03-16T00:12:52.176755,15,SARIMAX,48,clean_only,True,42,9,0,48
343.24746807213234,408.3663273321429,1.1318034471366696,40.01718350217519,seoul,seoul_v5,v5,2026-03-16T00:16:58.844883,16,SARIMAX,48,clean_only,True,42,9,0,48
398.6602936450447,467.0771722289433,1.3024340763488096,38.52231372901034,seoul,seoul_v5,v5,2026-03-16T00:21:57.861488,17,SARIMAX,48,clean_only,True,42,9,0,48
268.0804122334476,329.1878255278926,0.8767925940203312,31.83316304709309,seoul,seoul_v5,v5,2026-03-16T00:25:05.427587,18,SARIMAX,48,clean_only,True,42,9,0,48
263.55634707449445,325.3829235872934,0.862315332260402,34.69199962786839,seoul,seoul_v5,v5,2026-03-16T00:29:37.899480,19,SARIMAX,48,clean_only,True,42,9,0,48
513.5074356500211,582.8331237879179,1.7971193505684304,48.05075071990812,seoul,seoul_v5,v5,2026-03-16T00:34:00.282171,0,SARIMAX,168,clean_only,True,42,9,0,48
504.4387478556544,566.8475675034233,1.7420610032246675,51.47096524590508,seoul,seoul_v5,v5,2026-03-16T00:38:45.779406,1,SARIMAX,168,clean_only,True,42,9,0,48
325.4190470033797,375.83514696409605,1.1087457196627692,39.98418560965097,seoul,seoul_v5,v5,2026-03-16T00:43:16.679477,2,SARIMAX,168,clean_only,True,42,9,0,48
393.8650689372139,451.5976621129652,1.3265420817092946,46.31648516201181,seoul,seoul_v5,v5,2026-03-16T00:48:02.301473,3,SARIMAX,168,clean_only,True,42,9,0,48
330.7817040509733,444.0913157932397,1.1029821893160676,37.483265051706816,seoul,seoul_v5,v5,2026-03-16T00:52:37.032523,4,SARIMAX,168,clean_only,True,42,9,0,48
755.5402486262809,890.6409796741049,2.4725365266912345,70.33461967029362,seoul,seoul_v5,v5,2026-03-16T00:56:27.322819,5,SARIMAX,168,clean_only,True,42,9,0,48
1218.6053907895428,1390.644081581327,3.942876355901781,101.15182082095934,seoul,seoul_v5,v5,2026-03-16T00:59:58.869947,6,SARIMAX,168,clean_only,True,42,9,0,48
631.5417100389061,765.4826739257535,1.9621836130615185,58.34492241367665,seoul,seoul_v5,v5,2026-03-16T01:04:08.243892,7,SARIMAX,168,clean_only,True,42,9,0,48
1290.9944673073314,1433.3135826210646,3.9680060376663353,76.50649897007665,seoul,seoul_v5,v5,2026-03-16T01:08:47.750097,8,SARIMAX,168,clean_only,True,42,9,0,48
863.4111019190585,1036.011152790339,2.6439313435705274,144.11718109542488,seoul,seoul_v5,v5,2026-03-16T01:13:02.583036,9,SARIMAX,168,clean_only,True,42,9,48,48
356.27050506874383,443.7766301755228,1.059767317258771,43.68397257115895,seoul,seoul_v5,v5,2026-03-16T01:17:44.880506,10,SARIMAX,168,clean_only,True,42,9,24,96
500.24578694378334,654.9585852250821,1.5095749732545858,55.43389796288538,seoul,seoul_v5,v5,2026-03-16T01:21:29.830065,11,SARIMAX,168,clean_only,True,42,9,72,112
2483.5925808959105,2637.0097463391435,7.473696221252264,200.0,seoul,seoul_v5,v5,2026-03-16T01:25:36.119704,12,SARIMAX,168,clean_only,True,42,9,31,168
311.5447062856504,400.9026808385013,0.9517532903313468,34.96118737103048,seoul,seoul_v5,v5,2026-03-16T01:30:16.082817,13,SARIMAX,168,clean_only,True,42,9,0,199
336.976177580193,422.65852535103664,1.047707651157756,43.28599131655061,seoul,seoul_v5,v5,2026-03-16T01:34:36.313793,14,SARIMAX,168,clean_only,True,42,9,0,199
1000.2459559618216,1114.216899010338,3.15448980826513,177.2582541431775,seoul,seoul_v5,v5,2026-03-16T01:38:56.722557,15,SARIMAX,168,clean_only,True,42,9,0,199
380.129105019717,489.5615060944722,1.255569132490402,72.94862998840897,seoul,seoul_v5,v5,2026-03-16T01:43:42.255253,16,SARIMAX,168,clean_only,True,42,9,72,175
937.3882358674184,1021.1194701533798,3.242508124398145,191.44761310534133,seoul,seoul_v5,v5,2026-03-16T01:47:48.713022,17,SARIMAX,168,clean_only,True,42,9,0,247
298.1795426243113,361.16720394383947,1.0357572040282492,45.85712229142314,seoul,seoul_v5,v5,2026-03-16T01:51:57.613299,18,SARIMAX,168,clean_only,True,42,9,0,247
274.87944837828115,360.3883920711448,0.9648226723261673,49.36807755448537,seoul,seoul_v5,v5,2026-03-16T01:56:34.495574,19,SARIMAX,168,clean_only,True,42,9,0,247
32.31017557779948,37.28412527134892,0.113075756493429,4.727165328750571,seoul,seoul_v5,v5,2026-03-16T01:56:39.839042,0,XGBoost,6,clean_only,True,42,13,0,48
146.67578125,157.09197914869773,0.5129461981451057,17.771808351778784,seoul,seoul_v5,v5,2026-03-16T01:56:44.380679,1,XGBoost,6,clean_only,True,42,13,0,48
421.5696207682292,475.5708057846053,1.470845807162363,29.654957562317502,seoul,seoul_v5,v5,2026-03-16T01:56:48.940823,2,XGBoost,6,clean_only,True,42,13,0,48
183.8380330403646,212.1259183241927,0.6411156839732011,10.277372431578804,seoul,seoul_v5,v5,2026-03-16T01:56:53.483135,3,XGBoost,6,clean_only,True,42,13,0,48
47.17329661051432,52.88098030051005,0.1641989879105211,8.51769998470488,seoul,seoul_v5,v5,2026-03-16T01:56:58.080041,4,XGBoost,6,clean_only,True,42,13,0,48
120.2761688232422,154.75048198500002,0.4185109736324495,16.130391896776562,seoul,seoul_v5,v5,2026-03-16T01:57:02.621320,5,XGBoost,6,clean_only,True,42,13,0,48
309.56821695963544,364.002757843995,1.0763406888581233,25.71779908322613,seoul,seoul_v5,v5,2026-03-16T01:57:07.156363,6,XGBoost,6,clean_only,True,42,13,0,48
111.01155598958331,121.98451821406064,0.3856429152679076,7.0640926019272205,seoul,seoul_v5,v5,2026-03-16T01:57:11.715703,7,XGBoost,6,clean_only,True,42,13,0,48
62.43407948811849,75.4821032512768,0.2168138392908104,14.312215269045348,seoul,seoul_v5,v5,2026-03-16T01:57:16.288052,8,XGBoost,6,clean_only,True,42,13,0,48
145.01666259765625,149.5027833943452,0.5032292744285856,15.17249030272946,seoul,seoul_v5,v5,2026-03-16T01:57:20.825878,9,XGBoost,6,clean_only,True,42,13,0,48
148.69953409830728,168.53266422299723,0.514850633077319,16.185326165952667,seoul,seoul_v5,v5,2026-03-16T01:57:25.388991,10,XGBoost,6,clean_only,True,42,13,0,48
191.0499064127604,215.82721917755424,0.6609886503183722,8.584596892877345,seoul,seoul_v5,v5,2026-03-16T01:57:29.963775,11,XGBoost,6,clean_only,True,42,13,0,48
49.44777170817057,69.32280450366551,0.1706779403463299,11.8417085717521,seoul,seoul_v5,v5,2026-03-16T01:57:34.515849,12,XGBoost,6,clean_only,True,42,13,0,48
97.85650634765624,111.19736095561156,0.3376152030390545,8.241670649916957,seoul,seoul_v5,v5,2026-03-16T01:57:39.080608,13,XGBoost,6,clean_only,True,42,13,0,48
139.09172566731772,142.00760985904003,0.4798411888295337,13.771900677421735,seoul,seoul_v5,v5,2026-03-16T01:57:43.632493,14,XGBoost,6,clean_only,True,42,13,0,48
111.51155598958331,170.093298398781,0.3844880938381854,4.741257467884806,seoul,seoul_v5,v5,2026-03-16T01:57:48.191194,15,XGBoost,6,clean_only,True,42,13,0,48
40.37738037109375,45.077658641636766,0.1392080617932087,11.670792558837007,seoul,seoul_v5,v5,2026-03-16T01:57:52.752476,16,XGBoost,6,clean_only,True,42,13,0,48
133.96281941731772,145.071937442783,0.4620174413029377,14.79783140406875,seoul,seoul_v5,v5,2026-03-16T01:57:57.330925,17,XGBoost,6,clean_only,True,42,13,0,48
62.89667765299479,65.80061968163828,0.2169890990050061,7.170463270905218,seoul,seoul_v5,v5,2026-03-16T01:58:01.890889,18,XGBoost,6,clean_only,True,42,13,0,48
81.2208251953125,88.92292239797214,0.2802111002906164,3.892427409797716,seoul,seoul_v5,v5,2026-03-16T01:58:06.476100,19,XGBoost,6,clean_only,True,42,13,0,48
233.4178098042806,334.7439383654348,0.8168911171375303,16.63116569561584,seoul,seoul_v5,v5,2026-03-16T01:58:11.306611,0,XGBoost,24,clean_only,True,42,13,0,48
192.21698443094888,260.157870108806,0.6690614515106725,17.849186115951955,seoul,seoul_v5,v5,2026-03-16T01:58:15.980791,1,XGBoost,24,clean_only,True,42,13,0,48
190.8667837778727,229.20603539756323,0.6628200579435924,19.62384606081994,seoul,seoul_v5,v5,2026-03-16T01:58:20.598209,2,XGBoost,24,clean_only,True,42,13,0,48
106.19628588358562,121.02593135739592,0.3665557156753628,11.529959343912866,seoul,seoul_v5,v5,2026-03-16T01:58:25.215328,3,XGBoost,24,clean_only,True,42,13,0,48
150.52029673258463,194.4672650270804,0.5189449780076003,15.957255252696784,seoul,seoul_v5,v5,2026-03-16T01:58:29.793130,4,XGBoost,24,clean_only,True,42,13,0,48
62.351257960001625,73.30967355449864,0.2150746402888338,6.108222142272359,seoul,seoul_v5,v5,2026-03-16T01:58:34.417653,5,XGBoost,24,clean_only,True,42,13,0,48
94.58968989054362,135.73660593514248,0.326482100734638,7.4374711366316015,seoul,seoul_v5,v5,2026-03-16T01:58:39.013006,6,XGBoost,24,clean_only,True,42,13,0,48
164.5239741007487,209.70742020728045,0.5681776045056582,16.244270433232668,seoul,seoul_v5,v5,2026-03-16T01:58:43.688049,7,XGBoost,24,clean_only,True,42,13,0,48
184.29468282063803,227.89691138474123,0.6336182478211375,23.722744183650835,seoul,seoul_v5,v5,2026-03-16T01:58:48.404906,8,XGBoost,24,clean_only,True,42,13,0,48
68.2237040201823,124.18290299197848,0.2341885944821065,6.75883662716483,seoul,seoul_v5,v5,2026-03-16T01:58:53.057468,9,XGBoost,24,clean_only,True,42,13,0,48
80.84407615661621,97.44938540741396,0.2761961430441425,7.94518099672589,seoul,seoul_v5,v5,2026-03-16T01:58:57.756643,10,XGBoost,24,clean_only,True,42,13,0,48
69.09550476074219,98.57344464369594,0.2359282106419942,6.728834547181164,seoul,seoul_v5,v5,2026-03-16T01:59:02.445637,11,XGBoost,24,clean_only,True,42,13,0,48
54.14582951863607,72.2203355426584,0.1848598745531229,6.551456925022141,seoul,seoul_v5,v5,2026-03-16T01:59:07.183666,12,XGBoost,24,clean_only,True,42,13,0,48
69.6493091583252,100.05898380442088,0.2375793288690246,6.670330725770289,seoul,seoul_v5,v5,2026-03-16T01:59:11.855136,13,XGBoost,24,clean_only,True,42,13,0,48
121.59192593892416,157.47838929686293,0.4142797684148293,17.479604188492882,seoul,seoul_v5,v5,2026-03-16T01:59:16.526211,14,XGBoost,24,clean_only,True,42,13,0,48
60.10095342000326,80.727794284856,0.2036201700027067,10.635192538472392,seoul,seoul_v5,v5,2026-03-16T01:59:21.199323,15,XGBoost,24,clean_only,True,42,13,0,48
51.20154698689779,74.70175998167906,0.173004179073186,5.4577560325699634,seoul,seoul_v5,v5,2026-03-16T01:59:25.908483,16,XGBoost,24,clean_only,True,42,13,0,48
66.271177927653,81.93905259180595,0.2231605590267356,6.917469936106587,seoul,seoul_v5,v5,2026-03-16T01:59:30.595253,17,XGBoost,24,clean_only,True,42,13,0,48
128.00363413492838,163.27905815386683,0.4308913999567054,14.706388202921076,seoul,seoul_v5,v5,2026-03-16T01:59:35.267727,18,XGBoost,24,clean_only,True,42,13,0,48
47.590782165527344,58.792837274968285,0.1601588657189081,6.510488752617261,seoul,seoul_v5,v5,2026-03-16T01:59:39.952163,19,XGBoost,24,clean_only,True,42,13,0,48
297.32444763183594,414.8841227847207,1.040544851234464,22.91487687111572,seoul,seoul_v5,v5,2026-03-16T01:59:44.831397,0,XGBoost,48,clean_only,True,42,13,0,48
159.44136905670166,194.7079172783241,0.5536895178144682,16.69017541489399,seoul,seoul_v5,v5,2026-03-16T01:59:49.508901,1,XGBoost,48,clean_only,True,42,13,0,48
126.61410172780354,161.31603143598173,0.4365242008080834,13.588049757861286,seoul,seoul_v5,v5,2026-03-16T01:59:54.290330,2,XGBoost,48,clean_only,True,42,13,0,48
155.9987710316976,226.52933426096584,0.5384393007037664,13.436422067220674,seoul,seoul_v5,v5,2026-03-16T01:59:58.972740,3,XGBoost,48,clean_only,True,42,13,0,48
145.5958112080892,183.955676059163,0.500568770492145,18.26700611834105,seoul,seoul_v5,v5,2026-03-16T02:00:03.733601,4,XGBoost,48,clean_only,True,42,13,0,48
62.4430513381958,79.98960907693966,0.2133307814181214,6.433447905739843,seoul,seoul_v5,v5,2026-03-16T02:00:08.471301,5,XGBoost,48,clean_only,True,42,13,0,48
70.27410697937012,100.57187773490996,0.2399236047545982,7.294455711669406,seoul,seoul_v5,v5,2026-03-16T02:00:13.232144,6,XGBoost,48,clean_only,True,42,13,0,48
110.19532362620036,143.31033194687436,0.3754500374900746,17.208083072306692,seoul,seoul_v5,v5,2026-03-16T02:00:17.930911,7,XGBoost,48,clean_only,True,42,13,0,48
61.8259490331014,80.39842151832484,0.2089028200774761,6.66053630285393,seoul,seoul_v5,v5,2026-03-16T02:00:22.635361,8,XGBoost,48,clean_only,True,42,13,0,48
116.2825698852539,145.72224642492466,0.391435443743767,13.070563427704442,seoul,seoul_v5,v5,2026-03-16T02:00:27.353762,9,XGBoost,48,clean_only,True,42,13,0,48
45.5611785252889,64.14899045395836,0.1533646956432769,5.60935316602138,seoul,seoul_v5,v5,2026-03-16T02:00:32.048728,10,XGBoost,48,clean_only,True,42,13,0,48
81.27950255076091,107.53370161738503,0.273311968252238,13.112947008967302,seoul,seoul_v5,v5,2026-03-16T02:00:36.773534,11,XGBoost,48,clean_only,True,42,13,0,48
129.1507132848104,198.8734164602462,0.4323896579501786,11.159671798853726,seoul,seoul_v5,v5,2026-03-16T02:00:41.464060,12,XGBoost,48,clean_only,True,42,13,0,48
135.92805322011313,206.2019639038937,0.4548303999082126,13.544079771553704,seoul,seoul_v5,v5,2026-03-16T02:00:46.187884,13,XGBoost,48,clean_only,True,42,13,0,48
95.40767002105711,135.39807143566202,0.3181341636149083,11.462371693799572,seoul,seoul_v5,v5,2026-03-16T02:00:50.877023,14,XGBoost,48,clean_only,True,42,13,0,48
130.25215657552084,201.8353039370215,0.4322299526976099,14.875711727189875,seoul,seoul_v5,v5,2026-03-16T02:00:55.605560,15,XGBoost,48,clean_only,True,42,13,0,48
181.90876070658365,280.96942607250475,0.5998149486387613,19.269260519407712,seoul,seoul_v5,v5,2026-03-16T02:01:00.277519,16,XGBoost,48,clean_only,True,42,13,0,48
199.18743260701496,275.18517645165485,0.6507507869313812,16.835356923385554,seoul,seoul_v5,v5,2026-03-16T02:01:04.910870,17,XGBoost,48,clean_only,True,42,13,0,48
92.86949348449708,118.91456692681426,0.3037420131490942,10.115563295005376,seoul,seoul_v5,v5,2026-03-16T02:01:09.562289,18,XGBoost,48,clean_only,True,42,13,0,48
164.70178063710532,272.50062769556894,0.5388785823997699,22.92036396396724,seoul,seoul_v5,v5,2026-03-16T02:01:14.229356,19,XGBoost,48,clean_only,True,42,13,0,48
249.250982375372,343.1094996589593,0.8723023903401845,21.28616056988985,seoul,seoul_v5,v5,2026-03-16T02:01:19.387761,0,XGBoost,168,clean_only,True,42,13,0,48
127.55731210254488,171.12227848474126,0.4405145719566881,13.101995027943234,seoul,seoul_v5,v5,2026-03-16T02:01:24.354732,1,XGBoost,168,clean_only,True,42,13,0,48
101.4245398385184,133.82137241145892,0.3455668174627633,13.20458966890459,seoul,seoul_v5,v5,2026-03-16T02:01:29.358524,2,XGBoost,168,clean_only,True,42,13,0,48
130.24271438235328,225.059418039664,0.4386589598575894,13.87309187822592,seoul,seoul_v5,v5,2026-03-16T02:01:34.304058,3,XGBoost,168,clean_only,True,42,13,0,48
158.12499291556222,230.66240736185,0.5272632939962064,16.7294326444599,seoul,seoul_v5,v5,2026-03-16T02:01:39.273357,4,XGBoost,168,clean_only,True,42,13,0,48
232.80111444564093,356.99191054423983,0.7618512183405757,30.613076809682703,seoul,seoul_v5,v5,2026-03-16T02:01:44.205399,5,XGBoost,168,clean_only,True,42,13,0,48
254.01784238361176,361.14149158681823,0.821891116091822,46.804951361237926,seoul,seoul_v5,v5,2026-03-16T02:01:49.125321,6,XGBoost,168,clean_only,True,42,13,0,48
204.44009653727213,284.6827493373498,0.6351900450936763,25.34504262983396,seoul,seoul_v5,v5,2026-03-16T02:01:54.074318,7,XGBoost,168,clean_only,True,42,13,0,48
113.16225415184384,184.153225019204,0.3478159814635007,10.085766734524793,seoul,seoul_v5,v5,2026-03-16T02:01:59.010430,8,XGBoost,168,clean_only,True,42,13,0,48
185.18799518403551,299.4133762460049,0.5670813634800352,31.1892206706854,seoul,seoul_v5,v5,2026-03-16T02:02:03.987896,9,XGBoost,168,clean_only,True,42,13,48,48
287.1732012430827,413.9510572449862,0.8542294934330078,29.385054211033708,seoul,seoul_v5,v5,2026-03-16T02:02:09.013619,10,XGBoost,168,clean_only,True,42,13,24,96
216.9033822559175,313.9388318118782,0.6545420791411922,33.15237590276852,seoul,seoul_v5,v5,2026-03-16T02:02:14.065420,11,XGBoost,168,clean_only,True,42,13,72,112
252.77523317791167,371.7282844004949,0.76065829780601,36.307451308495246,seoul,seoul_v5,v5,2026-03-16T02:02:19.055808,12,XGBoost,168,clean_only,True,42,13,31,168
111.38193194071452,157.78755953532337,0.3402661578554957,10.833202559775252,seoul,seoul_v5,v5,2026-03-16T02:02:24.094844,13,XGBoost,168,clean_only,True,42,13,0,199
118.49478839692615,210.51036266834663,0.3684174273602303,17.124404613679047,seoul,seoul_v5,v5,2026-03-16T02:02:29.118835,14,XGBoost,168,clean_only,True,42,13,0,199
212.7342951638358,297.5522175912839,0.6709031533324189,26.012863735615515,seoul,seoul_v5,v5,2026-03-16T02:02:34.153797,15,XGBoost,168,clean_only,True,42,13,0,199
309.9383311952864,472.1772055020151,1.0237285082503844,55.78338146707405,seoul,seoul_v5,v5,2026-03-16T02:02:39.196647,16,XGBoost,168,clean_only,True,42,13,72,175
148.91528937930153,205.3157931893008,0.5151110470387642,22.44616030635756,seoul,seoul_v5,v5,2026-03-16T02:02:44.192638,17,XGBoost,168,clean_only,True,42,13,0,247
200.5463071096511,276.6040019041465,0.6966181532842257,26.469808588520543,seoul,seoul_v5,v5,2026-03-16T02:02:49.182707,18,XGBoost,168,clean_only,True,42,13,0,247
140.84762341635567,206.23567195141044,0.4943730104854763,28.04819694992332,seoul,seoul_v5,v5,2026-03-16T02:02:54.160849,19,XGBoost,168,clean_only,True,42,13,0,247
30.47387186686198,39.97154601728744,0.1066492537724527,4.329514242321751,seoul,seoul_v5,v5,2026-03-16T02:02:57.053634,0,TabPFN,6,clean_only,True,42,9,0,48
37.731048583984375,43.922660179160005,0.1319508766767387,5.414839023377335,seoul,seoul_v5,v5,2026-03-16T02:02:58.859396,1,TabPFN,6,clean_only,True,42,9,0,48
159.9267374674479,219.508971967278,0.557980365920331,11.674729503606873,seoul,seoul_v5,v5,2026-03-16T02:03:00.648049,2,TabPFN,6,clean_only,True,42,9,0,48
235.0166829427084,328.9524678358319,0.8195958090829047,12.442665915479262,seoul,seoul_v5,v5,2026-03-16T02:03:02.401663,3,TabPFN,6,clean_only,True,42,9,0,48
83.22741444905598,95.81488596119245,0.289694768033204,15.316251581810992,seoul,seoul_v5,v5,2026-03-16T02:03:04.242629,4,TabPFN,6,clean_only,True,42,9,0,48
78.97261047363281,90.33130694674344,0.2747917931122984,11.864029909637514,seoul,seoul_v5,v5,2026-03-16T02:03:05.990859,5,TabPFN,6,clean_only,True,42,9,0,48
151.03484090169272,188.87253311263544,0.5251344801940757,13.761047357569616,seoul,seoul_v5,v5,2026-03-16T02:03:07.623406,6,TabPFN,6,clean_only,True,42,9,0,48
184.07373046875,264.1997160723035,0.6394535182343432,10.958564428651789,seoul,seoul_v5,v5,2026-03-16T02:03:09.584424,7,TabPFN,6,clean_only,True,42,9,0,48
78.74112701416016,106.75913317669544,0.2734430650374901,16.741244715526534,seoul,seoul_v5,v5,2026-03-16T02:03:11.234684,8,TabPFN,6,clean_only,True,42,9,0,48
401.7442220052083,576.4160202737173,1.3941118884142976,38.81227967094642,seoul,seoul_v5,v5,2026-03-16T02:03:13.176200,9,TabPFN,6,clean_only,True,42,9,0,48
116.8470967610677,137.8084754826538,0.404566175042019,13.057669244090848,seoul,seoul_v5,v5,2026-03-16T02:03:14.722791,10,TabPFN,6,clean_only,True,42,9,0,48
497.97719319661456,572.0807646879534,1.7228863337374385,25.50164974833337,seoul,seoul_v5,v5,2026-03-16T02:03:16.535129,11,TabPFN,6,clean_only,True,42,9,0,48
44.00353495279948,53.23671779195504,0.1518861710903052,9.5150382202351,seoul,seoul_v5,v5,2026-03-16T02:03:18.166912,12,TabPFN,6,clean_only,True,42,9,0,48
41.35477701822917,47.06022259747666,0.1426783150222148,4.12337073288453,seoul,seoul_v5,v5,2026-03-16T02:03:19.873901,13,TabPFN,6,clean_only,True,42,9,0,48
55.728129069010414,67.01034292032456,0.1922519227899901,5.575632956078015,seoul,seoul_v5,v5,2026-03-16T02:03:21.560270,14,TabPFN,6,clean_only,True,42,9,0,48
68.33113606770833,86.34627089316311,0.2356034585233934,3.4632017553095853,seoul,seoul_v5,v5,2026-03-16T02:03:23.406174,15,TabPFN,6,clean_only,True,42,9,0,48
28.73822275797526,31.488730795443416,0.0990800357217639,7.494599061095808,seoul,seoul_v5,v5,2026-03-16T02:03:25.153814,16,TabPFN,6,clean_only,True,42,9,0,48
60.772857666015625,73.41006964370969,0.2095963665265351,5.661445430171177,seoul,seoul_v5,v5,2026-03-16T02:03:26.818001,17,TabPFN,6,clean_only,True,42,9,0,48
40.440999348958336,51.5615472586108,0.1395185936530095,4.213306751255868,seoul,seoul_v5,v5,2026-03-16T02:03:28.747673,18,TabPFN,6,clean_only,True,42,9,0,48
73.62654622395833,90.51835161647476,0.2540109076508615,3.2268717432160936,seoul,seoul_v5,v5,2026-03-16T02:03:30.386794,19,TabPFN,6,clean_only,True,42,9,0,48
136.26610565185547,220.2715428472393,0.4768897941732103,9.731863857890836,seoul,seoul_v5,v5,2026-03-16T02:03:32.355848,0,TabPFN,24,clean_only,True,42,9,0,48
178.2716827392578,312.9865176246489,0.6205211842745646,16.028301131157534,seoul,seoul_v5,v5,2026-03-16T02:03:33.915291,1,TabPFN,24,clean_only,True,42,9,0,48
258.0499483744304,392.66440637362666,0.8961259698960244,23.48056340343486,seoul,seoul_v5,v5,2026-03-16T02:03:35.739144,2,TabPFN,24,clean_only,True,42,9,0,48
67.33548291524251,83.24465041819761,0.2324206155138042,7.415284909124802,seoul,seoul_v5,v5,2026-03-16T02:03:37.481907,3,TabPFN,24,clean_only,True,42,9,0,48
56.04792785644531,69.40492816459708,0.1932350076382628,5.675936159769361,seoul,seoul_v5,v5,2026-03-16T02:03:39.177856,4,TabPFN,24,clean_only,True,42,9,0,48
45.64219029744466,61.77652783904848,0.1574383257273605,5.024779757432332,seoul,seoul_v5,v5,2026-03-16T02:03:40.950205,5,TabPFN,24,clean_only,True,42,9,0,48
68.10219446818034,95.5025632477723,0.2350588900369486,5.46238191160773,seoul,seoul_v5,v5,2026-03-16T02:03:42.679768,6,TabPFN,24,clean_only,True,42,9,0,48
132.15502293904623,235.4033750603953,0.4563926003326217,11.521581364563891,seoul,seoul_v5,v5,2026-03-16T02:03:44.484889,7,TabPFN,24,clean_only,True,42,9,0,48
83.32672373453777,107.40729680444396,0.2864832120020413,11.976108970957991,seoul,seoul_v5,v5,2026-03-16T02:03:46.213688,8,TabPFN,24,clean_only,True,42,9,0,48
244.59497006734213,382.3917186522695,0.8396107054011389,26.739595234710546,seoul,seoul_v5,v5,2026-03-16T02:03:47.916773,9,TabPFN,24,clean_only,True,42,9,0,48
43.631090799967446,60.45648878968085,0.1490614967559816,3.940367441883436,seoul,seoul_v5,v5,2026-03-16T02:03:49.759477,10,TabPFN,24,clean_only,True,42,9,0,48
40.26087443033854,49.607302933940126,0.1374716936524737,4.273748093482734,seoul,seoul_v5,v5,2026-03-16T02:03:51.597735,11,TabPFN,24,clean_only,True,42,9,0,48
37.04429054260254,53.97869054024585,0.1264733214634375,4.754454541035453,seoul,seoul_v5,v5,2026-03-16T02:03:53.358624,12,TabPFN,24,clean_only,True,42,9,0,48
69.8167012532552,106.36371187937208,0.2381503166082001,6.265842862635053,seoul,seoul_v5,v5,2026-03-16T02:03:55.208746,13,TabPFN,24,clean_only,True,42,9,0,48
166.65367698669434,206.66025482935905,0.5678111122461128,22.36070028308149,seoul,seoul_v5,v5,2026-03-16T02:03:57.013447,14,TabPFN,24,clean_only,True,42,9,0,48
70.99037170410156,88.19529142818347,0.240513182110909,10.193723135395368,seoul,seoul_v5,v5,2026-03-16T02:03:58.815277,15,TabPFN,24,clean_only,True,42,9,0,48
167.20840962727866,284.7205124078304,0.5649781177334902,15.251267422291216,seoul,seoul_v5,v5,2026-03-16T02:04:00.691205,16,TabPFN,24,clean_only,True,42,9,0,48
48.14425532023112,62.51615623583671,0.16212023487673,5.49979668404272,seoul,seoul_v5,v5,2026-03-16T02:04:02.418701,17,TabPFN,24,clean_only,True,42,9,0,48
78.59690539042155,106.9474560200788,0.2645763210147972,8.322727089173167,seoul,seoul_v5,v5,2026-03-16T02:04:04.189764,18,TabPFN,24,clean_only,True,42,9,0,48
22.617965698242188,33.04869294004004,0.0761170034671881,2.6354094838848123,seoul,seoul_v5,v5,2026-03-16T02:04:05.984159,19,TabPFN,24,clean_only,True,42,9,0,48
176.939284324646,296.9886854127903,0.6192335098965721,14.717377992636886,seoul,seoul_v5,v5,2026-03-16T02:04:08.023683,0,TabPFN,48,clean_only,True,42,9,0,48
198.7762273152669,317.5301849021635,0.6902870572820335,17.533797595955793,seoul,seoul_v5,v5,2026-03-16T02:04:09.796145,1,TabPFN,48,clean_only,True,42,9,0,48
53.98079268137614,66.56896996215201,0.1861081985550278,5.731435528828005,seoul,seoul_v5,v5,2026-03-16T02:04:11.696353,2,TabPFN,48,clean_only,True,42,9,0,48
113.45016225179036,203.36984365471244,0.3915801747897788,9.39555123606149,seoul,seoul_v5,v5,2026-03-16T02:04:13.421862,3,TabPFN,48,clean_only,True,42,9,0,48
127.95618375142416,223.9427711555362,0.4399224747322864,15.18163070554109,seoul,seoul_v5,v5,2026-03-16T02:04:15.488870,4,TabPFN,48,clean_only,True,42,9,0,48
46.41768487294515,60.95371377839612,0.1585816319566746,4.611598374633943,seoul,seoul_v5,v5,2026-03-16T02:04:17.329848,5,TabPFN,48,clean_only,True,42,9,0,48
57.5771385828654,93.40190936868552,0.1965747447251296,5.844309205388052,seoul,seoul_v5,v5,2026-03-16T02:04:19.100840,6,TabPFN,48,clean_only,True,42,9,0,48
164.0768721898397,267.8535100509706,0.5590315976011406,21.523882379805062,seoul,seoul_v5,v5,2026-03-16T02:04:20.919498,7,TabPFN,48,clean_only,True,42,9,0,48
122.12281958262126,217.18957454969777,0.4126390586089262,11.324025384747138,seoul,seoul_v5,v5,2026-03-16T02:04:22.679470,8,TabPFN,48,clean_only,True,42,9,0,48
72.81325880686443,104.65353230710012,0.2451071583610494,7.095262610413015,seoul,seoul_v5,v5,2026-03-16T02:04:24.524031,9,TabPFN,48,clean_only,True,42,9,0,48
67.8912862141927,133.13756583197332,0.2285306654499943,7.649873725251235,seoul,seoul_v5,v5,2026-03-16T02:04:26.276814,10,TabPFN,48,clean_only,True,42,9,0,48
86.55662377675374,139.26054395564032,0.2910569143175884,15.812735989018886,seoul,seoul_v5,v5,2026-03-16T02:04:28.142802,11,TabPFN,48,clean_only,True,42,9,0,48
128.1997334162394,172.60800566884205,0.4292058283790471,11.617960697783374,seoul,seoul_v5,v5,2026-03-16T02:04:30.036930,12,TabPFN,48,clean_only,True,42,9,0,48
98.05559666951496,175.1669499239818,0.328104943680858,10.233157078250972,seoul,seoul_v5,v5,2026-03-16T02:04:31.881741,13,TabPFN,48,clean_only,True,42,9,0,48
129.49334907531738,190.95142334364635,0.4317918914975826,16.32929298138366,seoul,seoul_v5,v5,2026-03-16T02:04:33.671998,14,TabPFN,48,clean_only,True,42,9,0,48
167.0185426076253,267.8405771422365,0.5542358657920667,18.8234083994788,seoul,seoul_v5,v5,2026-03-16T02:04:35.369327,15,TabPFN,48,clean_only,True,42,9,0,48
142.9978354771932,225.9139051652974,0.4715124164940914,14.98151102836669,seoul,seoul_v5,v5,2026-03-16T02:04:37.122603,16,TabPFN,48,clean_only,True,42,9,0,48
169.42692502339682,236.34963658532257,0.5535223951797482,14.537025393802928,seoul,seoul_v5,v5,2026-03-16T02:04:38.899216,17,TabPFN,48,clean_only,True,42,9,0,48
106.18224493662515,135.7271220136467,0.3472831349416657,10.404793172885356,seoul,seoul_v5,v5,2026-03-16T02:04:40.637514,18,TabPFN,48,clean_only,True,42,9,0,48
98.74489879608154,127.45109979106084,0.3230779344133773,15.795102679104009,seoul,seoul_v5,v5,2026-03-16T02:04:42.242418,19,TabPFN,48,clean_only,True,42,9,0,48
159.66314806256975,225.5390167939653,0.5587723040323704,15.296104818406992,seoul,seoul_v5,v5,2026-03-16T02:04:44.275662,0,TabPFN,168,clean_only,True,42,9,0,48
84.26520738147553,155.12644846616735,0.291006851341074,8.702124014025905,seoul,seoul_v5,v5,2026-03-16T02:04:46.083773,1,TabPFN,168,clean_only,True,42,9,0,48
94.3528586796352,170.4422542656774,0.3214726647451131,11.278281941074544,seoul,seoul_v5,v5,2026-03-16T02:04:47.853955,2,TabPFN,168,clean_only,True,42,9,0,48
117.41951688130696,186.0994489101633,0.3954702832046744,13.814442662712514,seoul,seoul_v5,v5,2026-03-16T02:04:49.673873,3,TabPFN,168,clean_only,True,42,9,0,48
138.27575165884835,192.89928066278,0.4610765632626973,15.330151559812494,seoul,seoul_v5,v5,2026-03-16T02:04:51.448913,4,TabPFN,168,clean_only,True,42,9,0,48
168.83628867921374,266.5322749283834,0.552523696188726,23.870168942420683,seoul,seoul_v5,v5,2026-03-16T02:04:53.270439,5,TabPFN,168,clean_only,True,42,9,0,48
250.4306039923713,350.9230663310624,0.8102843748590092,44.50040632246275,seoul,seoul_v5,v5,2026-03-16T02:04:55.028481,6,TabPFN,168,clean_only,True,42,9,0,48
182.29972857520693,231.7262745832194,0.5664004995866341,25.75143500926802,seoul,seoul_v5,v5,2026-03-16T02:04:56.868078,7,TabPFN,168,clean_only,True,42,9,0,48
95.8298734029134,149.29486037229108,0.2945431029186887,8.657664501199003,seoul,seoul_v5,v5,2026-03-16T02:04:58.630650,8,TabPFN,168,clean_only,True,42,9,0,48
163.14146700359527,246.71082211810884,0.4995706414802603,29.037277469606043,seoul,seoul_v5,v5,2026-03-16T02:05:00.460456,9,TabPFN,168,clean_only,True,42,9,48,48
234.75416468438647,343.2370614176911,0.6983030808988577,25.600300253984333,seoul,seoul_v5,v5,2026-03-16T02:05:02.220879,10,TabPFN,168,clean_only,True,42,9,24,96
242.0055721827916,330.4314006087292,0.7302921177752025,37.31932595502172,seoul,seoul_v5,v5,2026-03-16T02:05:04.054786,11,TabPFN,168,clean_only,True,42,9,72,112
210.5748134908222,343.6228143015803,0.6336676152050466,31.07710867563178,seoul,seoul_v5,v5,2026-03-16T02:05:05.815904,12,TabPFN,168,clean_only,True,42,9,31,168
126.3974813733782,206.81227116649643,0.3861379004668671,12.370876945284836,seoul,seoul_v5,v5,2026-03-16T02:05:07.648407,13,TabPFN,168,clean_only,True,42,9,0,199
113.4485371566954,185.00513429535425,0.3527279027415475,16.064412022795352,seoul,seoul_v5,v5,2026-03-16T02:05:09.412467,14,TabPFN,168,clean_only,True,42,9,0,199
76.73146352313813,122.64998842590616,0.2419891009949212,12.763202071119018,seoul,seoul_v5,v5,2026-03-16T02:05:10.995084,15,TabPFN,168,clean_only,True,42,9,0,199
235.0398207164946,404.96528440023815,0.7763381964198761,51.81798910932328,seoul,seoul_v5,v5,2026-03-16T02:05:12.659940,16,TabPFN,168,clean_only,True,42,9,72,175
680.5250644229707,775.7260436412383,2.353995885393371,139.30912279208036,seoul,seoul_v5,v5,2026-03-16T02:05:14.339022,17,TabPFN,168,clean_only,True,42,9,0,247
106.53466919490268,175.4230807146947,0.3700590930089857,17.402087178131264,seoul,seoul_v5,v5,2026-03-16T02:05:16.122792,18,TabPFN,168,clean_only,True,42,9,0,247
87.55984283628918,130.6922356156742,0.3073337132047398,19.80514421548453,seoul,seoul_v5,v5,2026-03-16T02:05:17.800497,19,TabPFN,168,clean_only,True,42,9,0,247
75.05321502685547,92.02592455455236,0.2626633534067497,10.85740918116288,seoul,seoul_v5,v5,2026-03-16T02:05:19.637839,0,TabPFN_NoWeather,6,clean_only,False,42,0,0,48
47.36759948730469,62.63653778653425,0.1656512742949715,5.463013405135663,seoul,seoul_v5,v5,2026-03-16T02:05:21.250679,1,TabPFN_NoWeather,6,clean_only,False,42,0,0,48
233.9514973958333,284.2575820428808,0.8162508920755488,17.268934584848065,seoul,seoul_v5,v5,2026-03-16T02:05:22.473821,2,TabPFN_NoWeather,6,clean_only,False,42,0,0,48
187.1467692057292,257.3803607863273,0.6526545511741942,10.06239758697562,seoul,seoul_v5,v5,2026-03-16T02:05:23.743607,3,TabPFN_NoWeather,6,clean_only,False,42,0,0,48
93.94180552164714,100.2711571900854,0.3269890064393633,19.73418753851076,seoul,seoul_v5,v5,2026-03-16T02:05:25.054543,4,TabPFN_NoWeather,6,clean_only,False,42,0,0,48
88.89630126953125,107.79194418704267,0.3093221039598474,12.769562313447876,seoul,seoul_v5,v5,2026-03-16T02:05:26.393318,5,TabPFN_NoWeather,6,clean_only,False,42,0,0,48
104.03420003255208,128.691953189453,0.3617175032617818,9.644541123944656,seoul,seoul_v5,v5,2026-03-16T02:05:27.677371,6,TabPFN_NoWeather,6,clean_only,False,42,0,0,48
136.11368815104166,184.9733830590083,0.4728451829948229,7.82615825930955,seoul,seoul_v5,v5,2026-03-16T02:05:28.996719,7,TabPFN_NoWeather,6,clean_only,False,42,0,0,48
81.06489562988281,88.84793115586584,0.2815127795160098,23.40131769767565,seoul,seoul_v5,v5,2026-03-16T02:05:30.420692,8,TabPFN_NoWeather,6,clean_only,False,42,0,0,48
478.14610290527344,649.1474116367926,1.6592377187955325,49.82161372362444,seoul,seoul_v5,v5,2026-03-16T02:05:31.690713,9,TabPFN_NoWeather,6,clean_only,False,42,0,0,48
92.86941528320312,123.37580593370876,0.3215469203855552,10.345955712270891,seoul,seoul_v5,v5,2026-03-16T02:05:32.959633,10,TabPFN_NoWeather,6,clean_only,False,42,0,0,48
532.1455586751302,606.0324108058298,1.84110100447606,27.99932412562065,seoul,seoul_v5,v5,2026-03-16T02:05:34.442660,11,TabPFN_NoWeather,6,clean_only,False,42,0,0,48
50.09968058268229,68.32672516340651,0.1729281219045975,11.454204126086683,seoul,seoul_v5,v5,2026-03-16T02:05:35.755301,12,TabPFN_NoWeather,6,clean_only,False,42,0,0,48
61.30803426106771,66.52169255424907,0.2115191437699577,5.957334236354122,seoul,seoul_v5,v5,2026-03-16T02:05:37.144570,13,TabPFN_NoWeather,6,clean_only,False,42,0,0,48
83.62493896484375,89.78828807094143,0.2884908497336758,9.217510052867215,seoul,seoul_v5,v5,2026-03-16T02:05:38.461613,14,TabPFN_NoWeather,6,clean_only,False,42,0,0,48
69.94285074869792,87.89421220335286,0.2411605965258673,3.643176179726032,seoul,seoul_v5,v5,2026-03-16T02:05:40.005079,15,TabPFN_NoWeather,6,clean_only,False,42,0,0,48
72.95225524902344,76.29803677383424,0.251515624919797,16.896980003397655,seoul,seoul_v5,v5,2026-03-16T02:05:41.290594,16,TabPFN_NoWeather,6,clean_only,False,42,0,0,48
51.46048990885416,64.30455442175251,0.1774794228674684,5.028411065902691,seoul,seoul_v5,v5,2026-03-16T02:05:42.829767,17,TabPFN_NoWeather,6,clean_only,False,42,0,0,48
42.6866455078125,66.29099426212241,0.1472659144158355,4.678057579170961,seoul,seoul_v5,v5,2026-03-16T02:05:44.208809,18,TabPFN_NoWeather,6,clean_only,False,42,0,0,48
75.66068522135417,86.37981781560268,0.2610286684927845,3.665197425493368,seoul,seoul_v5,v5,2026-03-16T02:05:45.558906,19,TabPFN_NoWeather,6,clean_only,False,42,0,0,48
152.37315050760904,256.33138578375406,0.5332595368121011,11.59520359280775,seoul,seoul_v5,v5,2026-03-16T02:05:47.198008,0,TabPFN_NoWeather,24,clean_only,False,42,0,0,48
112.09191385904948,137.0778923479159,0.3901652021603027,14.068325209973649,seoul,seoul_v5,v5,2026-03-16T02:05:48.412354,1,TabPFN_NoWeather,24,clean_only,False,42,0,0,48
306.31540807088214,456.8346528148763,1.0637366675746065,29.93662643466946,seoul,seoul_v5,v5,2026-03-16T02:05:49.822169,2,TabPFN_NoWeather,24,clean_only,False,42,0,0,48
124.7695681254069,156.7375862858111,0.4306647634442699,13.094923085882543,seoul,seoul_v5,v5,2026-03-16T02:05:51.223635,3,TabPFN_NoWeather,24,clean_only,False,42,0,0,48
72.95620854695638,86.44222813808082,0.2515292546039885,8.994093141827223,seoul,seoul_v5,v5,2026-03-16T02:05:52.544068,4,TabPFN_NoWeather,24,clean_only,False,42,0,0,48
46.50002924601237,59.930522545359416,0.1603973583006456,4.891373068846126,seoul,seoul_v5,v5,2026-03-16T02:05:53.909381,5,TabPFN_NoWeather,24,clean_only,False,42,0,0,48
91.72777557373048,134.03836954075135,0.3166040284060691,7.56004820066187,seoul,seoul_v5,v5,2026-03-16T02:05:55.183130,6,TabPFN_NoWeather,24,clean_only,False,42,0,0,48
230.017941792806,369.2962642596488,0.7943586573050312,19.71404812637847,seoul,seoul_v5,v5,2026-03-16T02:05:56.542545,7,TabPFN_NoWeather,24,clean_only,False,42,0,0,48
86.02311833699544,106.25922744375426,0.2957536087237219,11.959971072622148,seoul,seoul_v5,v5,2026-03-16T02:05:57.984511,8,TabPFN_NoWeather,24,clean_only,False,42,0,0,48
317.98905817667645,456.49392160065526,1.091547456483083,32.671023339112715,seoul,seoul_v5,v5,2026-03-16T02:05:59.266239,9,TabPFN_NoWeather,24,clean_only,False,42,0,0,48
55.166565577189125,69.92294235085207,0.1884713557477448,5.695312561975398,seoul,seoul_v5,v5,2026-03-16T02:06:00.580097,10,TabPFN_NoWeather,24,clean_only,False,42,0,0,48
68.78394063313802,79.46452158186355,0.2348643676701479,7.873238214985951,seoul,seoul_v5,v5,2026-03-16T02:06:02.004661,11,TabPFN_NoWeather,24,clean_only,False,42,0,0,48
34.485918045043945,51.06913937427377,0.1177387536645258,4.420592991474423,seoul,seoul_v5,v5,2026-03-16T02:06:03.462432,12,TabPFN_NoWeather,24,clean_only,False,42,0,0,48
89.42428588867188,130.70188818981262,0.3050333460986381,7.915648964981186,seoul,seoul_v5,v5,2026-03-16T02:06:04.798765,13,TabPFN_NoWeather,24,clean_only,False,42,0,0,48
244.5709711710612,344.2538312804697,0.8332856356649104,28.92099927962592,seoul,seoul_v5,v5,2026-03-16T02:06:06.136417,14,TabPFN_NoWeather,24,clean_only,False,42,0,0,48
171.45687929789224,249.8239710954281,0.5808906003003721,21.06950404929765,seoul,seoul_v5,v5,2026-03-16T02:06:07.565396,15,TabPFN_NoWeather,24,clean_only,False,42,0,0,48
227.3987216949463,355.71222965391416,0.7683543073257774,24.90040404085099,seoul,seoul_v5,v5,2026-03-16T02:06:08.836094,16,TabPFN_NoWeather,24,clean_only,False,42,0,0,48
47.90183512369792,65.78114982442183,0.1613039127851447,4.735170335024589,seoul,seoul_v5,v5,2026-03-16T02:06:10.386193,17,TabPFN_NoWeather,24,clean_only,False,42,0,0,48
108.94521141052246,145.2533318445331,0.3667361085527942,11.17541803972014,seoul,seoul_v5,v5,2026-03-16T02:06:11.771220,18,TabPFN_NoWeather,24,clean_only,False,42,0,0,48
26.76997820536296,36.57167619562177,0.0900899113147264,3.8213787080940538,seoul,seoul_v5,v5,2026-03-16T02:06:13.129781,19,TabPFN_NoWeather,24,clean_only,False,42,0,0,48
176.35501766204834,268.4661880746398,0.6171887548407525,17.202769056772794,seoul,seoul_v5,v5,2026-03-16T02:06:14.955151,0,TabPFN_NoWeather,48,clean_only,False,42,0,0,48
294.27127838134766,434.70061780640657,1.0219112091020208,26.51035396728929,seoul,seoul_v5,v5,2026-03-16T02:06:16.376832,1,TabPFN_NoWeather,48,clean_only,False,42,0,0,48
66.16263421376546,79.52404970440267,0.2281072220976736,7.568119469593637,seoul,seoul_v5,v5,2026-03-16T02:06:17.683945,2,TabPFN_NoWeather,48,clean_only,False,42,0,0,48
210.0754025777181,367.385523740545,0.7250881023673269,17.486215045572255,seoul,seoul_v5,v5,2026-03-16T02:06:19.049594,3,TabPFN_NoWeather,48,clean_only,False,42,0,0,48
175.3244670232137,304.62843784386126,0.6027780069137368,17.685319229399234,seoul,seoul_v5,v5,2026-03-16T02:06:20.371027,4,TabPFN_NoWeather,48,clean_only,False,42,0,0,48
62.218119621276855,75.35953478608253,0.2125623234727185,6.483901601839334,seoul,seoul_v5,v5,2026-03-16T02:06:21.670221,5,TabPFN_NoWeather,48,clean_only,False,42,0,0,48
58.41876792907715,93.07259366447056,0.1994481607710945,5.935745939927562,seoul,seoul_v5,v5,2026-03-16T02:06:23.134813,6,TabPFN_NoWeather,48,clean_only,False,42,0,0,48
221.1151269276937,346.09150587458385,0.75336847302372,26.613990500630045,seoul,seoul_v5,v5,2026-03-16T02:06:24.536510,7,TabPFN_NoWeather,48,clean_only,False,42,0,0,48
170.67231527964273,282.4218563022676,0.5766822592885796,17.751805072732488,seoul,seoul_v5,v5,2026-03-16T02:06:25.810837,8,TabPFN_NoWeather,48,clean_only,False,42,0,0,48
99.03955936431883,137.99147646110444,0.3333912718493807,9.573410455601367,seoul,seoul_v5,v5,2026-03-16T02:06:27.378209,9,TabPFN_NoWeather,48,clean_only,False,42,0,0,48
84.69575150807698,116.88964235174356,0.2850966233260418,11.82769898438945,seoul,seoul_v5,v5,2026-03-16T02:06:28.803704,10,TabPFN_NoWeather,48,clean_only,False,42,0,0,48
89.20410792032878,143.38949153712187,0.2999593937802941,13.726439042332672,seoul,seoul_v5,v5,2026-03-16T02:06:30.038593,11,TabPFN_NoWeather,48,clean_only,False,42,0,0,48
167.7634604771932,221.903047518012,0.561663063620132,16.411854865106136,seoul,seoul_v5,v5,2026-03-16T02:06:31.336601,12,TabPFN_NoWeather,48,clean_only,False,42,0,0,48
88.60008811950684,132.33319183107707,0.296465759323737,9.31292661840456,seoul,seoul_v5,v5,2026-03-16T02:06:32.724924,13,TabPFN_NoWeather,48,clean_only,False,42,0,0,48
133.20197677612305,204.9531826960917,0.4441582051440063,14.827988488273588,seoul,seoul_v5,v5,2026-03-16T02:06:34.123846,14,TabPFN_NoWeather,48,clean_only,False,42,0,0,48
193.78781350453696,298.5916683683049,0.6430672602021317,19.45247794742574,seoul,seoul_v5,v5,2026-03-16T02:06:35.546644,15,TabPFN_NoWeather,48,clean_only,False,42,0,0,48
217.16031392415368,356.153038891316,0.7160512887715983,21.476442307730768,seoul,seoul_v5,v5,2026-03-16T02:06:36.844884,16,TabPFN_NoWeather,48,clean_only,False,42,0,0,48
225.5832939147949,266.1818135477602,0.7369867873303565,21.7560423822318,seoul,seoul_v5,v5,2026-03-16T02:06:38.195813,17,TabPFN_NoWeather,48,clean_only,False,42,0,0,48
131.42704804738364,166.25220444821986,0.4298496164708701,12.354222247790654,seoul,seoul_v5,v5,2026-03-16T02:06:39.490923,18,TabPFN_NoWeather,48,clean_only,False,42,0,0,48
158.19291400909424,218.1339691680213,0.5175825842146623,22.111752522688985,seoul,seoul_v5,v5,2026-03-16T02:06:40.841638,19,TabPFN_NoWeather,48,clean_only,False,42,0,0,48
276.71756571815126,438.6657618803124,0.968427051820161,29.96585237408401,seoul,seoul_v5,v5,2026-03-16T02:06:42.406251,0,TabPFN_NoWeather,168,clean_only,False,42,0,0,48
129.17635845002673,224.090612518031,0.4461058900629026,12.289822556036476,seoul,seoul_v5,v5,2026-03-16T02:06:43.668799,1,TabPFN_NoWeather,168,clean_only,False,42,0,0,48
114.6251746586391,204.18780103544844,0.3905431256672677,13.061630891063288,seoul,seoul_v5,v5,2026-03-16T02:06:45.144498,2,TabPFN_NoWeather,168,clean_only,False,42,0,0,48
143.8142294202532,216.5884407276787,0.4843679785804319,17.180116492729663,seoul,seoul_v5,v5,2026-03-16T02:06:46.586569,3,TabPFN_NoWeather,168,clean_only,False,42,0,0,48
155.4270351954869,247.5719419818079,0.5182670306710974,16.537652435027415,seoul,seoul_v5,v5,2026-03-16T02:06:47.927176,4,TabPFN_NoWeather,168,clean_only,False,42,0,0,48
252.3728300730388,394.8966322598248,0.825900462397051,32.2553743421597,seoul,seoul_v5,v5,2026-03-16T02:06:49.286825,5,TabPFN_NoWeather,168,clean_only,False,42,0,0,48
409.1657281830197,587.8494966151422,1.323882109411072,66.2901367425482,seoul,seoul_v5,v5,2026-03-16T02:06:50.690867,6,TabPFN_NoWeather,168,clean_only,False,42,0,0,48
386.9969107764108,538.195639576263,1.202389303129517,41.925118961601775,seoul,seoul_v5,v5,2026-03-16T02:06:51.994407,7,TabPFN_NoWeather,168,clean_only,False,42,0,0,48
194.3670728774298,269.79013616439954,0.5974074546653901,18.556596994525844,seoul,seoul_v5,v5,2026-03-16T02:06:53.532543,8,TabPFN_NoWeather,168,clean_only,False,42,0,0,48
327.3314022790818,548.3335393014434,1.0023518950555368,40.395721316581664,seoul,seoul_v5,v5,2026-03-16T02:06:54.838308,9,TabPFN_NoWeather,168,clean_only,False,42,0,48,48
397.5351633571443,548.1818478743572,1.1825137573646114,42.80029889791663,seoul,seoul_v5,v5,2026-03-16T02:06:56.227227,10,TabPFN_NoWeather,168,clean_only,False,42,0,24,96
407.4240608215332,636.9364295914968,1.22946995610991,42.964809932808514,seoul,seoul_v5,v5,2026-03-16T02:06:57.536517,11,TabPFN_NoWeather,168,clean_only,False,42,0,72,112
245.84400934264767,390.9735498984968,0.7398006652841818,33.52852178168681,seoul,seoul_v5,v5,2026-03-16T02:06:59.076175,12,TabPFN_NoWeather,168,clean_only,False,42,0,31,168
152.0019069853283,255.608272818351,0.4643581232199832,14.525618391142917,seoul,seoul_v5,v5,2026-03-16T02:07:00.397437,13,TabPFN_NoWeather,168,clean_only,False,42,0,0,199
216.4028442019508,355.76283289648114,0.6728277269651433,24.485478251981004,seoul,seoul_v5,v5,2026-03-16T02:07:01.903349,14,TabPFN_NoWeather,168,clean_only,False,42,0,0,199
229.1058335985456,337.1245630867522,0.7225343054806453,30.64544588176113,seoul,seoul_v5,v5,2026-03-16T02:07:03.337310,15,TabPFN_NoWeather,168,clean_only,False,42,0,0,199
356.8763681139265,565.9802956749462,1.1787651774148848,60.56358656478563,seoul,seoul_v5,v5,2026-03-16T02:07:04.730950,16,TabPFN_NoWeather,168,clean_only,False,42,0,72,175
458.75019072351,539.1045803096387,1.5868571458161205,88.66018543410759,seoul,seoul_v5,v5,2026-03-16T02:07:06.268254,17,TabPFN_NoWeather,168,clean_only,False,42,0,0,247
128.07476852053688,191.1413055770224,0.4448808358276047,20.48164411768553,seoul,seoul_v5,v5,2026-03-16T02:07:07.579374,18,TabPFN_NoWeather,168,clean_only,False,42,0,0,247
127.76858447846912,243.5735953333828,0.448465783248379,23.123592887588355,seoul,seoul_v5,v5,2026-03-16T02:07:09.118258,19,TabPFN_NoWeather,168,clean_only,False,42,0,0,247
222.080187493115,273.96378973968143,0.7772128982251977,38.72073508526392,seoul,seoul_v5,v5,2026-03-16T02:11:33.240929,0,SARIMAX,6,degraded,True,42,9,0,48
330.491970588457,399.4913517834946,1.155777718626149,40.37282253997298,seoul,seoul_v5,v5,2026-03-16T02:16:16.480122,1,SARIMAX,6,degraded,True,42,9,0,48
128.3770823081087,188.08995775353995,0.4479044123353242,9.362172537286378,seoul,seoul_v5,v5,2026-03-16T02:20:49.781898,2,SARIMAX,6,degraded,True,42,9,0,48
294.596502935813,351.2709792222653,1.0273741257574125,17.35806549748786,seoul,seoul_v5,v5,2026-03-16T02:25:12.961828,3,SARIMAX,6,degraded,True,42,9,0,48
168.2136883848043,187.0180258139596,0.5855117061995704,34.16648444850978,seoul,seoul_v5,v5,2026-03-16T02:29:57.687040,4,SARIMAX,6,degraded,True,42,9,0,48
75.65745147302452,98.20053524840525,0.2632564205221561,13.456314834860208,seoul,seoul_v5,v5,2026-03-16T02:34:42.352498,5,SARIMAX,6,degraded,True,42,9,0,48
78.32618186686896,115.80508822152008,0.2723330494784127,7.940530434643573,seoul,seoul_v5,v5,2026-03-16T02:38:48.199952,6,SARIMAX,6,degraded,True,42,9,0,48
336.0050942095954,383.3725891463525,1.1672477060677824,21.42605293562721,seoul,seoul_v5,v5,2026-03-16T02:43:20.220523,7,SARIMAX,6,degraded,True,42,9,0,48
221.173379048416,236.99732435704493,0.768065291481306,44.17812834806163,seoul,seoul_v5,v5,2026-03-16T02:47:56.600398,8,SARIMAX,6,degraded,True,42,9,0,48
497.56985960221823,661.49444831206,1.7266410282786655,52.00457175059038,seoul,seoul_v5,v5,2026-03-16T02:52:17.286828,9,SARIMAX,6,degraded,True,42,9,0,48
135.71422291201125,162.4447542655443,0.4698908709266815,14.649688071779243,seoul,seoul_v5,v5,2026-03-16T02:56:51.456012,10,SARIMAX,6,degraded,True,42,9,0,48
511.851970317156,569.5115832069104,1.7708898652469538,25.9323554877727,seoul,seoul_v5,v5,2026-03-16T03:01:28.743499,11,SARIMAX,6,degraded,True,42,9,0,48
318.55728899123875,346.81253823788046,1.099558182079845,54.33225269146229,seoul,seoul_v5,v5,2026-03-16T03:05:56.620682,12,SARIMAX,6,degraded,True,42,9,0,48
295.47037473188874,370.68507175365096,1.019403760468722,27.518974175442903,seoul,seoul_v5,v5,2026-03-16T03:10:03.446167,13,SARIMAX,6,degraded,True,42,9,0,48
129.07574749042575,160.7916406807636,0.4452878834288531,12.337045135342612,seoul,seoul_v5,v5,2026-03-16T03:13:15.937453,14,SARIMAX,6,degraded,True,42,9,0,48
189.7487506662629,254.00966249696643,0.6542473092085956,8.569757668884941,seoul,seoul_v5,v5,2026-03-16T03:17:16.751159,15,SARIMAX,6,degraded,True,42,9,0,48
319.72110838185074,346.36800066417607,1.1022942896037171,53.51940413217374,seoul,seoul_v5,v5,2026-03-16T03:23:05.948902,16,SARIMAX,6,degraded,True,42,9,0,48
208.5833749302934,244.03265256758863,0.7193724169347214,20.52414903950571,seoul,seoul_v5,v5,2026-03-16T03:28:05.596073,17,SARIMAX,6,degraded,True,42,9,0,48
89.94732204284838,153.4219028780517,0.3103119130659117,8.277874571143313,seoul,seoul_v5,v5,2026-03-16T03:33:09.620575,18,SARIMAX,6,degraded,True,42,9,0,48
186.09757147935,208.24437958239344,0.6420349108771409,8.644337211396065,seoul,seoul_v5,v5,2026-03-16T03:38:17.814348,19,SARIMAX,6,degraded,True,42,9,0,48
335.6839205434447,433.54484481658704,1.174791302719231,31.57152309914319,seoul,seoul_v5,v5,2026-03-16T03:43:17.818489,0,SARIMAX,24,degraded,True,42,9,0,48
263.2207398927467,291.7327964181335,0.9162085797034212,32.37872447016192,seoul,seoul_v5,v5,2026-03-16T03:48:38.822351,1,SARIMAX,24,degraded,True,42,9,0,48
411.8303466452714,531.3932772867779,1.430156724095196,39.92656705028786,seoul,seoul_v5,v5,2026-03-16T03:54:12.186389,2,SARIMAX,24,degraded,True,42,9,0,48
243.5398795378661,289.1019898015561,0.8406220057201875,25.11850365352621,seoul,seoul_v5,v5,2026-03-16T03:59:00.744636,3,SARIMAX,24,degraded,True,42,9,0,48
226.5174341431599,272.0534759520122,0.7809583652934224,26.773573465295875,seoul,seoul_v5,v5,2026-03-16T04:03:57.960938,4,SARIMAX,24,degraded,True,42,9,0,48
206.95583897326915,237.11817656496413,0.7138741715749102,24.310946734046748,seoul,seoul_v5,v5,2026-03-16T04:08:45.371478,5,SARIMAX,24,degraded,True,42,9,0,48
114.07280762886816,132.6523040523889,0.3937292733961524,14.262238721313755,seoul,seoul_v5,v5,2026-03-16T04:14:08.598472,6,SARIMAX,24,degraded,True,42,9,0,48
379.77622013738727,454.6276098811151,1.3115434646244195,39.23621395666004,seoul,seoul_v5,v5,2026-03-16T04:19:28.245577,7,SARIMAX,24,degraded,True,42,9,0,48
240.5605436520043,274.97840821090887,0.8270642854738631,35.196916554875,seoul,seoul_v5,v5,2026-03-16T04:24:24.760726,8,SARIMAX,24,degraded,True,42,9,0,48
447.1716085738844,584.6270639278014,1.534986878948131,48.21233386628472,seoul,seoul_v5,v5,2026-03-16T04:28:57.769867,9,SARIMAX,24,degraded,True,42,9,0,48
233.0712587318957,255.4832581267549,0.7962659204798735,27.59679531667912,seoul,seoul_v5,v5,2026-03-16T04:33:57.302820,10,SARIMAX,24,degraded,True,42,9,0,48
193.039426305237,225.65586932670269,0.6591376181309553,23.154885195912662,seoul,seoul_v5,v5,2026-03-16T04:37:28.109133,11,SARIMAX,24,degraded,True,42,9,0,48
244.63270641550284,285.3578505468008,0.8352032247284328,30.73672497996483,seoul,seoul_v5,v5,2026-03-16T04:41:43.493173,12,SARIMAX,24,degraded,True,42,9,0,48
224.13624311249387,246.8874702553154,0.7645465383273774,28.23229920218852,seoul,seoul_v5,v5,2026-03-16T04:45:37.847174,13,SARIMAX,24,degraded,True,42,9,0,48
246.74436647646905,337.3852155320642,0.8406906808341967,32.35702535982159,seoul,seoul_v5,v5,2026-03-16T04:50:00.311878,14,SARIMAX,24,degraded,True,42,9,0,48
207.44057015716496,242.63956300267927,0.7028022312005788,29.801054032362085,seoul,seoul_v5,v5,2026-03-16T04:54:35.180951,15,SARIMAX,24,degraded,True,42,9,0,48
307.7548098880095,418.6849498026356,1.0398683511286115,34.57015337306548,seoul,seoul_v5,v5,2026-03-16T04:59:05.447443,16,SARIMAX,24,degraded,True,42,9,0,48
233.69904234987644,264.1131421081548,0.7869546093136447,30.44268258354617,seoul,seoul_v5,v5,2026-03-16T05:03:32.829660,17,SARIMAX,24,degraded,True,42,9,0,48
155.0191728446925,188.34671367819905,0.5218322812364066,21.71206251922605,seoul,seoul_v5,v5,2026-03-16T05:08:02.455394,18,SARIMAX,24,degraded,True,42,9,0,48
156.88229729744737,178.01111303950552,0.5279612908891405,22.811119589688413,seoul,seoul_v5,v5,2026-03-16T05:12:26.347345,19,SARIMAX,24,degraded,True,42,9,0,48
413.2887580266772,502.8259741829447,1.4463845562079445,41.60881556371932,seoul,seoul_v5,v5,2026-03-16T05:16:48.946240,0,SARIMAX,48,degraded,True,42,9,0,48
422.51353073152086,567.6447567257371,1.4672560483197332,38.72222749834799,seoul,seoul_v5,v5,2026-03-16T05:21:30.859973,1,SARIMAX,48,degraded,True,42,9,0,48
283.49634724936544,337.280472124102,0.9774031069705476,31.109726651879114,seoul,seoul_v5,v5,2026-03-16T05:26:05.287838,2,SARIMAX,48,degraded,True,42,9,0,48
226.99711621753605,306.02162318829704,0.7834944321010504,26.089976289094835,seoul,seoul_v5,v5,2026-03-16T05:30:33.407812,3,SARIMAX,48,degraded,True,42,9,0,48
320.7627732168366,395.7086254633975,1.1028052639462325,38.95785213549272,seoul,seoul_v5,v5,2026-03-16T05:35:00.638043,4,SARIMAX,48,degraded,True,42,9,0,48
223.26591190071733,273.1679706393819,0.7627668800463472,26.00620485603856,seoul,seoul_v5,v5,2026-03-16T05:39:24.357409,5,SARIMAX,48,degraded,True,42,9,0,48
323.17071920023005,373.8446847052298,1.1033407215607458,37.27325501327846,seoul,seoul_v5,v5,2026-03-16T05:43:45.530989,6,SARIMAX,48,degraded,True,42,9,0,48
284.1291057477188,362.5987087399853,0.9680654304974404,36.83166578308531,seoul,seoul_v5,v5,2026-03-16T05:48:15.865238,7,SARIMAX,48,degraded,True,42,9,0,48
311.904035077637,404.8381814597595,1.0538881091235208,35.565348796247484,seoul,seoul_v5,v5,2026-03-16T05:52:43.963286,8,SARIMAX,48,degraded,True,42,9,0,48
207.72361354302384,248.05871330694907,0.6992482615710015,29.04218229705524,seoul,seoul_v5,v5,2026-03-16T05:57:14.717512,9,SARIMAX,48,degraded,True,42,9,0,48
170.30111097378577,216.03685654443623,0.5732551022074547,23.36659730647588,seoul,seoul_v5,v5,2026-03-16T06:01:35.898250,10,SARIMAX,48,degraded,True,42,9,0,48
282.0834389455243,340.26411130841376,0.9485390226325824,41.0843785280733,seoul,seoul_v5,v5,2026-03-16T06:05:59.922342,11,SARIMAX,48,degraded,True,42,9,0,48
262.7366177924422,322.33722253336566,0.8796280981254333,29.600245775356044,seoul,seoul_v5,v5,2026-03-16T06:10:43.703451,12,SARIMAX,48,degraded,True,42,9,0,48
251.2473103610845,289.92593718563654,0.8407014736122604,32.23528226454176,seoul,seoul_v5,v5,2026-03-16T06:15:31.287382,13,SARIMAX,48,degraded,True,42,9,0,48
243.2347116479078,329.23961801569595,0.8110592317697517,32.01377070492315,seoul,seoul_v5,v5,2026-03-16T06:20:05.340743,14,SARIMAX,48,degraded,True,42,9,0,48
416.13595094774246,578.5131402230671,1.3809093616782475,47.4465237060223,seoul,seoul_v5,v5,2026-03-16T06:24:32.562609,15,SARIMAX,48,degraded,True,42,9,0,48
349.9035409488532,423.6200083618762,1.1537507793881705,40.50791197305975,seoul,seoul_v5,v5,2026-03-16T06:28:41.817696,16,SARIMAX,48,degraded,True,42,9,0,48
402.0887346928569,474.540058891617,1.313634886965278,38.57899975445991,seoul,seoul_v5,v5,2026-03-16T06:33:38.516470,17,SARIMAX,48,degraded,True,42,9,0,48
280.03822911804565,339.5140663032716,0.9159022223505682,32.776294286791256,seoul,seoul_v5,v5,2026-03-16T06:36:44.969799,18,SARIMAX,48,degraded,True,42,9,0,48
266.23662794693723,322.2792142971224,0.8710847939589222,34.76162718898525,seoul,seoul_v5,v5,2026-03-16T06:41:19.251524,19,SARIMAX,48,degraded,True,42,9,0,48
527.6839657986449,605.8140453044495,1.846732880744013,48.7529159316126,seoul,seoul_v5,v5,2026-03-16T06:45:43.424414,0,SARIMAX,168,degraded,True,42,9,0,48
515.6252554750578,581.6688011923912,1.7806932034053218,52.04050615228807,seoul,seoul_v5,v5,2026-03-16T06:50:26.902024,1,SARIMAX,168,degraded,True,42,9,0,48
343.62353706900257,400.66584860434233,1.1707708242925334,41.447507489206814,seoul,seoul_v5,v5,2026-03-16T06:55:00.644605,2,SARIMAX,168,degraded,True,42,9,0,48
403.8099685528811,476.9418774637405,1.360036617983239,46.77226848771216,seoul,seoul_v5,v5,2026-03-16T06:59:41.346763,3,SARIMAX,168,degraded,True,42,9,0,48
350.0580386650403,461.7922723553746,1.1672585791351864,39.57809659927274,seoul,seoul_v5,v5,2026-03-16T07:04:17.755976,4,SARIMAX,168,degraded,True,42,9,0,48
776.1933750444543,920.2712317295404,2.540124732021331,71.07571966778265,seoul,seoul_v5,v5,2026-03-16T07:08:10.424147,5,SARIMAX,168,degraded,True,42,9,0,48
1233.0491425040364,1406.6232881798865,3.989610046361409,101.5892527389836,seoul,seoul_v5,v5,2026-03-16T07:11:40.615956,6,SARIMAX,168,degraded,True,42,9,0,48
645.7236712743648,778.2019042972496,2.006246596542968,59.1574151775595,seoul,seoul_v5,v5,2026-03-16T07:15:51.085297,7,SARIMAX,168,degraded,True,42,9,0,48
1284.1166058158767,1438.0507787450172,3.946866213588508,76.13981631022888,seoul,seoul_v5,v5,2026-03-16T07:20:25.927107,8,SARIMAX,168,degraded,True,42,9,0,48
816.1849723678331,1006.895893268052,2.499315825101421,132.11119116037426,seoul,seoul_v5,v5,2026-03-16T07:24:39.803176,9,SARIMAX,168,degraded,True,42,9,48,48
378.59072146049385,481.3340392184838,1.126161350751821,44.98441402359542,seoul,seoul_v5,v5,2026-03-16T07:29:20.234916,10,SARIMAX,168,degraded,True,42,9,24,96
512.1904094459242,677.5049252936974,1.545619860917441,56.0220393827193,seoul,seoul_v5,v5,2026-03-16T07:33:00.682428,11,SARIMAX,168,degraded,True,42,9,72,112
2470.458749487022,2628.7450005723035,7.434173528631011,199.9751737129536,seoul,seoul_v5,v5,2026-03-16T07:36:58.018278,12,SARIMAX,168,degraded,True,42,9,31,168
335.4279397800862,439.2400301850979,1.0247153583860018,37.51062776528959,seoul,seoul_v5,v5,2026-03-16T07:41:37.324817,13,SARIMAX,168,degraded,True,42,9,0,199
347.5710996683727,442.9557707144896,1.0806487955879571,43.8876973564167,seoul,seoul_v5,v5,2026-03-16T07:45:55.554928,14,SARIMAX,168,degraded,True,42,9,0,199
980.1758180066304,1102.157738683392,3.091194330535108,175.095506621407,seoul,seoul_v5,v5,2026-03-16T07:50:14.004275,15,SARIMAX,168,degraded,True,42,9,0,199
382.6389206776353,498.1563196558897,1.2638590714261746,72.83478179421358,seoul,seoul_v5,v5,2026-03-16T07:54:42.806147,16,SARIMAX,168,degraded,True,42,9,72,175
939.7648653350976,1040.631649840684,3.250729094176481,184.4688485489535,seoul,seoul_v5,v5,2026-03-16T07:58:49.916810,17,SARIMAX,168,degraded,True,42,9,0,247
314.8947922000172,384.2654032340981,1.093819336704403,46.903470543676015,seoul,seoul_v5,v5,2026-03-16T08:03:04.710833,18,SARIMAX,168,degraded,True,42,9,0,247
347.75303770753226,448.8668858203831,1.220607859663596,63.2448098334392,seoul,seoul_v5,v5,2026-03-16T08:07:40.547157,19,SARIMAX,168,degraded,True,42,9,0,247
203.44908142089844,233.57742759319004,0.7120097114349423,48.56002740607413,seoul,seoul_v5,v5,2026-03-16T08:07:45.253255,0,XGBoost,6,degraded,True,42,13,0,48
125.49842834472656,140.85201187033465,0.4388859642948959,15.92567381674597,seoul,seoul_v5,v5,2026-03-16T08:07:49.522974,1,XGBoost,6,degraded,True,42,13,0,48
147.5096435546875,162.26910879792234,0.5146574374667982,12.163999521567254,seoul,seoul_v5,v5,2026-03-16T08:07:53.828250,2,XGBoost,6,degraded,True,42,13,0,48
866.8206380208334,959.7666108438692,3.0229452362819456,69.23683697055068,seoul,seoul_v5,v5,2026-03-16T08:07:58.111181,3,XGBoost,6,degraded,True,42,13,0,48
147.57278951009116,163.62561698789065,0.5136656630286994,29.630351499888885,seoul,seoul_v5,v5,2026-03-16T08:08:02.441325,4,XGBoost,6,degraded,True,42,13,0,48
39.086334228515625,46.084346513193616,0.1360041640313569,6.520398871159417,seoul,seoul_v5,v5,2026-03-16T08:08:06.708384,5,XGBoost,6,degraded,True,42,13,0,48
159.99156697591147,188.8091269983686,0.5562762065874385,17.302385624485908,seoul,seoul_v5,v5,2026-03-16T08:08:11.005255,6,XGBoost,6,degraded,True,42,13,0,48
1001.0231730143228,1070.747567960679,3.477453236744092,86.29022687255916,seoul,seoul_v5,v5,2026-03-16T08:08:15.301882,7,XGBoost,6,degraded,True,42,13,0,48
57.273633321126304,63.713955837970175,0.1988932395944211,17.09542204790061,seoul,seoul_v5,v5,2026-03-16T08:08:19.616189,8,XGBoost,6,degraded,True,42,13,0,48
138.48218790690103,187.10193547710617,0.4805536804761576,11.730130286520584,seoul,seoul_v5,v5,2026-03-16T08:08:23.870099,9,XGBoost,6,degraded,True,42,13,0,48
78.62542724609375,156.75298166924443,0.2722291716587622,7.216056522294795,seoul,seoul_v5,v5,2026-03-16T08:08:28.159575,10,XGBoost,6,degraded,True,42,13,0,48
436.552490234375,469.171936726516,1.5103710163025283,22.21600499531197,seoul,seoul_v5,v5,2026-03-16T08:08:32.448158,11,XGBoost,6,degraded,True,42,13,0,48
68.13434092203777,84.30938015432497,0.2351780186185119,20.534661685067903,seoul,seoul_v5,v5,2026-03-16T08:08:36.743502,12,XGBoost,6,degraded,True,42,13,0,48
125.41405232747395,145.3443179002305,0.432691624919275,11.8602690602221,seoul,seoul_v5,v5,2026-03-16T08:08:41.033702,13,XGBoost,6,degraded,True,42,13,0,48
89.2804463704427,98.8803769468912,0.3080013230124935,9.128435391037778,seoul,seoul_v5,v5,2026-03-16T08:08:45.323760,14,XGBoost,6,degraded,True,42,13,0,48
380.2061767578125,429.9629695393082,1.31093810744396,18.412860205700746,seoul,seoul_v5,v5,2026-03-16T08:08:49.592037,15,XGBoost,6,degraded,True,42,13,0,48
104.47500610351562,113.16076586310008,0.3601958069552222,28.919368029469755,seoul,seoul_v5,v5,2026-03-16T08:08:53.878451,16,XGBoost,6,degraded,True,42,13,0,48
213.1484171549479,272.4461743050326,0.7351165550265336,19.970641940080142,seoul,seoul_v5,v5,2026-03-16T08:08:58.360808,17,XGBoost,6,degraded,True,42,13,0,48
125.85493977864584,172.4625099983938,0.4341906600943865,12.354119252968973,seoul,seoul_v5,v5,2026-03-16T08:09:02.643023,18,XGBoost,6,degraded,True,42,13,0,48
424.2905985514323,467.60343857652936,1.463798664654821,24.33673872086962,seoul,seoul_v5,v5,2026-03-16T08:09:06.955722,19,XGBoost,6,degraded,True,42,13,0,48
285.9494768778483,392.3479087592993,1.000735924167489,26.838663785759675,seoul,seoul_v5,v5,2026-03-16T08:09:11.500088,0,XGBoost,24,degraded,True,42,13,0,48
312.67758623758954,491.1107830111905,1.0883560592853196,31.18253281450411,seoul,seoul_v5,v5,2026-03-16T08:09:15.875662,1,XGBoost,24,degraded,True,42,13,0,48
426.6869513193767,671.7151432920637,1.4817490199154868,34.81950900778279,seoul,seoul_v5,v5,2026-03-16T08:09:20.224697,2,XGBoost,24,degraded,True,42,13,0,48
289.9632860819499,422.6904976011103,1.0008608019103766,24.33810068577773,seoul,seoul_v5,v5,2026-03-16T08:09:24.568312,3,XGBoost,24,degraded,True,42,13,0,48
428.0330549875896,631.3895499876544,1.4757186182119375,36.92392454374797,seoul,seoul_v5,v5,2026-03-16T08:09:28.894852,4,XGBoost,24,degraded,True,42,13,0,48
337.4665902455648,482.97718857514207,1.1640583988397568,32.164145655187355,seoul,seoul_v5,v5,2026-03-16T08:09:33.238424,5,XGBoost,24,degraded,True,42,13,0,48
112.28923797607422,167.991544535954,0.3875731736380863,11.566985806102544,seoul,seoul_v5,v5,2026-03-16T08:09:37.580061,6,XGBoost,24,degraded,True,42,13,0,48
247.4227148691813,418.7934913912656,0.8544654127341446,27.878916816873755,seoul,seoul_v5,v5,2026-03-16T08:09:41.958558,7,XGBoost,24,degraded,True,42,13,0,48
217.2282110850016,316.3360451487572,0.7468460640232074,26.67596063247332,seoul,seoul_v5,v5,2026-03-16T08:09:46.357361,8,XGBoost,24,degraded,True,42,13,0,48
265.7718213399251,387.5162868130015,0.9123035781542176,28.15266140300483,seoul,seoul_v5,v5,2026-03-16T08:09:50.717648,9,XGBoost,24,degraded,True,42,13,0,48
372.53758494059247,573.1115500976124,1.2727394385735773,35.26318509728514,seoul,seoul_v5,v5,2026-03-16T08:09:55.103740,10,XGBoost,24,degraded,True,42,13,0,48
404.4844290415446,566.4453816477984,1.3811215057587962,40.04620058841864,seoul,seoul_v5,v5,2026-03-16T08:09:59.502220,11,XGBoost,24,degraded,True,42,13,0,48
302.20107142130536,464.4205898323129,1.0317480154872154,28.61914262904034,seoul,seoul_v5,v5,2026-03-16T08:10:03.925004,12,XGBoost,24,degraded,True,42,13,0,48
172.26483281453451,247.59172550944857,0.5876090353570991,17.695014004653384,seoul,seoul_v5,v5,2026-03-16T08:10:08.319258,13,XGBoost,24,degraded,True,42,13,0,48
310.6847343444824,392.3806738822547,1.0585439682804796,55.04877036283858,seoul,seoul_v5,v5,2026-03-16T08:10:12.701976,14,XGBoost,24,degraded,True,42,13,0,48
328.1089967091878,504.9721019592611,1.1116231255510547,45.59688967733973,seoul,seoul_v5,v5,2026-03-16T08:10:17.074224,15,XGBoost,24,degraded,True,42,13,0,48
165.53192202250162,257.7891487260842,0.5593134576038843,16.79126400077452,seoul,seoul_v5,v5,2026-03-16T08:10:21.441976,16,XGBoost,24,degraded,True,42,13,0,48
349.56697336832684,493.4307207682811,1.1771265221710925,39.1020559719691,seoul,seoul_v5,v5,2026-03-16T08:10:25.804609,17,XGBoost,24,degraded,True,42,13,0,48
177.1453742980957,220.2365613954503,0.596314462812058,26.89761013154039,seoul,seoul_v5,v5,2026-03-16T08:10:30.196737,18,XGBoost,24,degraded,True,42,13,0,48
217.60020955403647,372.70428821180906,0.7322973306291956,23.04065733130411,seoul,seoul_v5,v5,2026-03-16T08:10:34.559818,19,XGBoost,24,degraded,True,42,13,0,48
219.9018205006917,334.2724627954559,0.7695892783845855,23.38391083994541,seoul,seoul_v5,v5,2026-03-16T08:10:39.150748,0,XGBoost,48,degraded,True,42,13,0,48
442.09992424647015,643.2127397221477,1.5352734069586949,41.53674826251923,seoul,seoul_v5,v5,2026-03-16T08:10:43.555710,1,XGBoost,48,degraded,True,42,13,0,48
478.2774664560954,673.0373602088036,1.6489449908044127,44.94400613060199,seoul,seoul_v5,v5,2026-03-16T08:10:47.920939,2,XGBoost,48,degraded,True,42,13,0,48
183.4756530125936,324.32371215686675,0.6332774396292803,20.038686225326327,seoul,seoul_v5,v5,2026-03-16T08:10:52.295628,3,XGBoost,48,degraded,True,42,13,0,48
313.55373398462933,452.7048867457796,1.078020073527958,36.95568036816717,seoul,seoul_v5,v5,2026-03-16T08:10:56.744101,4,XGBoost,48,degraded,True,42,13,0,48
333.37375354766846,478.5262350273501,1.138939911238989,32.99926892120298,seoul,seoul_v5,v5,2026-03-16T08:11:01.194723,5,XGBoost,48,degraded,True,42,13,0,48
316.42825984954834,431.8382438571916,1.0803212166269898,33.917313144467286,seoul,seoul_v5,v5,2026-03-16T08:11:05.682822,6,XGBoost,48,degraded,True,42,13,0,48
229.6800413131714,288.7854551059913,0.7825502687779121,38.33781972199673,seoul,seoul_v5,v5,2026-03-16T08:11:10.127366,7,XGBoost,48,degraded,True,42,13,0,48
198.50245475769043,314.99415963375714,0.6707171218509154,23.46394529366048,seoul,seoul_v5,v5,2026-03-16T08:11:14.593122,8,XGBoost,48,degraded,True,42,13,0,48
232.20592753092447,329.83183572210606,0.7816616916249188,33.330119331482244,seoul,seoul_v5,v5,2026-03-16T08:11:19.043686,9,XGBoost,48,degraded,True,42,13,0,48
293.5061337153117,431.8521487867107,0.9879788083554252,40.28187875789477,seoul,seoul_v5,v5,2026-03-16T08:11:23.478809,10,XGBoost,48,degraded,True,42,13,0,48
296.6259268124898,447.4523996953397,0.9974398630347784,42.969650799504144,seoul,seoul_v5,v5,2026-03-16T08:11:27.918736,11,XGBoost,48,degraded,True,42,13,0,48
329.9386037190755,451.1045991390431,1.1046167410012229,39.208102312424046,seoul,seoul_v5,v5,2026-03-16T08:11:32.345416,12,XGBoost,48,degraded,True,42,13,0,48
324.3484942118327,435.0662092953921,1.0853061736498522,37.1258947709099,seoul,seoul_v5,v5,2026-03-16T08:11:36.800065,13,XGBoost,48,degraded,True,42,13,0,48
166.12379789352417,202.4929029205082,0.5539350818201945,27.6714743685783,seoul,seoul_v5,v5,2026-03-16T08:11:41.206582,14,XGBoost,48,degraded,True,42,13,0,48
263.0502670605977,349.1286377420277,0.8729084222323261,31.872994544443788,seoul,seoul_v5,v5,2026-03-16T08:11:45.644079,15,XGBoost,48,degraded,True,42,13,0,48
249.8728790283203,357.7187429924275,0.8239157230164506,28.799197974410767,seoul,seoul_v5,v5,2026-03-16T08:11:50.042641,16,XGBoost,48,degraded,True,42,13,0,48
358.02836513519287,473.472929465308,1.169688455270934,32.41907523428328,seoul,seoul_v5,v5,2026-03-16T08:11:54.404332,17,XGBoost,48,degraded,True,42,13,0,48
271.57001209259033,344.2037204736717,0.8882057938401164,28.85726701028731,seoul,seoul_v5,v5,2026-03-16T08:11:58.791956,18,XGBoost,48,degraded,True,42,13,0,48
324.8629051844279,476.7181844644808,1.0629008450477924,35.30539907073986,seoul,seoul_v5,v5,2026-03-16T08:12:03.182979,19,XGBoost,48,degraded,True,42,13,0,48
383.2934644335792,542.6509475753371,1.3414101803765563,41.1004186990579,seoul,seoul_v5,v5,2026-03-16T08:12:08.104298,0,XGBoost,168,degraded,True,42,13,0,48
284.6282139278593,393.5188640118554,0.9829532604483764,34.73463863846288,seoul,seoul_v5,v5,2026-03-16T08:12:12.829642,1,XGBoost,168,degraded,True,42,13,0,48
307.0006442297073,420.2607522478538,1.0459917861533945,44.44569522224,seoul,seoul_v5,v5,2026-03-16T08:12:17.559180,2,XGBoost,168,degraded,True,42,13,0,48
407.7902743248712,549.7186793167448,1.3734423335976311,57.99425911999402,seoul,seoul_v5,v5,2026-03-16T08:12:22.250366,3,XGBoost,168,degraded,True,42,13,0,48
326.6076342718942,460.4342536118874,1.0890638722903556,39.46623851973137,seoul,seoul_v5,v5,2026-03-16T08:12:26.945634,4,XGBoost,168,degraded,True,42,13,0,48
327.672047387986,433.7359557959664,1.0723202468903057,41.876910581973576,seoul,seoul_v5,v5,2026-03-16T08:12:31.595731,5,XGBoost,168,degraded,True,42,13,0,48
400.0158867608933,527.0383872894056,1.2942772072202335,66.69435063617867,seoul,seoul_v5,v5,2026-03-16T08:12:36.256174,6,XGBoost,168,degraded,True,42,13,0,48
463.5911556652614,605.2614767404856,1.4403656232786086,56.75435569579683,seoul,seoul_v5,v5,2026-03-16T08:12:40.928310,7,XGBoost,168,degraded,True,42,13,0,48
489.1224531446184,629.7635116642612,1.5033688341702107,50.124876981334566,seoul,seoul_v5,v5,2026-03-16T08:12:45.595384,8,XGBoost,168,degraded,True,42,13,0,48
443.25984816324143,587.8193407737372,1.3573471586134094,62.30221073947519,seoul,seoul_v5,v5,2026-03-16T08:12:50.281794,9,XGBoost,168,degraded,True,42,13,48,48
390.2648453712464,549.7877191225865,1.1608873659628125,42.4296533380058,seoul,seoul_v5,v5,2026-03-16T08:12:55.025802,10,XGBoost,168,degraded,True,42,13,24,96
523.5487237090156,676.3347206054594,1.579895465824935,73.93915071150248,seoul,seoul_v5,v5,2026-03-16T08:12:59.764101,11,XGBoost,168,degraded,True,42,13,72,112
457.5800810002145,601.0106922197882,1.3769627710266283,63.62525198325799,seoul,seoul_v5,v5,2026-03-16T08:13:04.493520,12,XGBoost,168,degraded,True,42,13,31,168
421.74911567143033,566.2548860277151,1.2884221764518806,52.01342772160233,seoul,seoul_v5,v5,2026-03-16T08:13:09.248253,13,XGBoost,168,degraded,True,42,13,0,199
370.2958948952811,483.0413968238262,1.1513034691651691,51.4964471108709,seoul,seoul_v5,v5,2026-03-16T08:13:14.017801,14,XGBoost,168,degraded,True,42,13,0,199
235.0856023061843,334.45310644331147,0.7413927865688198,32.37514238992249,seoul,seoul_v5,v5,2026-03-16T08:13:18.767487,15,XGBoost,168,degraded,True,42,13,0,199
328.2865441583452,441.6678197855756,1.084332785924892,67.79454942920769,seoul,seoul_v5,v5,2026-03-16T08:13:23.550984,16,XGBoost,168,degraded,True,42,13,72,175
384.7720753805978,507.3295635428388,1.3309603563657104,59.07879347197612,seoul,seoul_v5,v5,2026-03-16T08:13:28.279074,17,XGBoost,168,degraded,True,42,13,0,247
204.12030533381872,303.014073342986,0.7090328024425344,30.88060241314907,seoul,seoul_v5,v5,2026-03-16T08:13:33.016121,18,XGBoost,168,degraded,True,42,13,0,247
227.7460262264524,295.0104284166075,0.7993850792842064,47.0429057072762,seoul,seoul_v5,v5,2026-03-16T08:13:37.718978,19,XGBoost,168,degraded,True,42,13,0,247
357.96342341105145,387.5612962221781,1.2527627651455495,76.49892520634882,seoul,seoul_v5,v5,2026-03-16T08:13:40.179669,0,TabPFN,6,degraded,True,42,9,0,48
84.02010599772136,117.21004950661788,0.2938303349877672,15.670673714895702,seoul,seoul_v5,v5,2026-03-16T08:13:41.847623,1,TabPFN,6,degraded,True,42,9,0,48
114.40940348307292,191.51780690295183,0.3991715321098555,8.161246320983299,seoul,seoul_v5,v5,2026-03-16T08:13:43.507222,2,TabPFN,6,degraded,True,42,9,0,48
870.688975016276,1009.9833387605656,3.0364356521532225,71.85135892454139,seoul,seoul_v5,v5,2026-03-16T08:13:45.228978,3,TabPFN,6,degraded,True,42,9,0,48
398.8683433532715,488.7924308177273,1.3883655159592068,87.94193996889386,seoul,seoul_v5,v5,2026-03-16T08:13:46.910019,4,TabPFN,6,degraded,True,42,9,0,48
81.85809834798177,88.5184901849747,0.2848320891369674,20.915941054084804,seoul,seoul_v5,v5,2026-03-16T08:13:48.671296,5,TabPFN,6,degraded,True,42,9,0,48
168.19193522135416,227.4721128412092,0.5847881452253153,15.596584677651634,seoul,seoul_v5,v5,2026-03-16T08:13:50.572095,6,TabPFN,6,degraded,True,42,9,0,48
1221.8563550313313,1289.705949286662,4.244605370968017,121.76103857103782,seoul,seoul_v5,v5,2026-03-16T08:13:52.306671,7,TabPFN,6,degraded,True,42,9,0,48
206.76103846232093,279.4606832552828,0.7180157845252101,66.32807743413322,seoul,seoul_v5,v5,2026-03-16T08:13:54.083679,8,TabPFN,6,degraded,True,42,9,0,48
428.8799387613933,637.1682777737246,1.4882768402874575,41.78550263903687,seoul,seoul_v5,v5,2026-03-16T08:13:55.747172,9,TabPFN,6,degraded,True,42,9,0,48
170.72537231445312,215.4151175076778,0.5911119127000531,17.94142871451525,seoul,seoul_v5,v5,2026-03-16T08:13:57.609776,10,TabPFN,6,degraded,True,42,9,0,48
1105.310811360677,1215.7513292627443,3.824120697579161,77.51660653899158,seoul,seoul_v5,v5,2026-03-16T08:13:59.479330,11,TabPFN,6,degraded,True,42,9,0,48
261.24138895670575,317.1432514262443,0.9017219716895232,73.47024482214138,seoul,seoul_v5,v5,2026-03-16T08:14:01.196373,12,TabPFN,6,degraded,True,42,9,0,48
432.9607264200847,537.0160910778125,1.4937598838746446,53.475224589552525,seoul,seoul_v5,v5,2026-03-16T08:14:02.944244,13,TabPFN,6,degraded,True,42,9,0,48
74.63040161132812,83.10630536124495,0.2574613296383859,7.578465031797645,seoul,seoul_v5,v5,2026-03-16T08:14:04.791612,14,TabPFN,6,degraded,True,42,9,0,48
825.148691813151,985.9773155026776,2.845084931627598,51.98258834098045,seoul,seoul_v5,v5,2026-03-16T08:14:06.561852,15,TabPFN,6,degraded,True,42,9,0,48
204.6294708251953,259.31072705758623,0.7054957938712298,51.4544058704421,seoul,seoul_v5,v5,2026-03-16T08:14:08.386075,16,TabPFN,6,degraded,True,42,9,0,48
263.54396057128906,343.207719561141,0.9089231389993336,26.16039581619834,seoul,seoul_v5,v5,2026-03-16T08:14:10.150200,17,TabPFN,6,degraded,True,42,9,0,48
36.74825032552084,56.42349159845672,0.1267788701358459,3.859012406078744,seoul,seoul_v5,v5,2026-03-16T08:14:11.978829,18,TabPFN,6,degraded,True,42,9,0,48
783.395253499349,933.5524450589376,2.702706423107948,47.09180566236992,seoul,seoul_v5,v5,2026-03-16T08:14:13.791550,19,TabPFN,6,degraded,True,42,9,0,48
240.91822306315103,418.24030628124746,0.843140275122387,26.07463673374213,seoul,seoul_v5,v5,2026-03-16T08:14:15.797619,0,TabPFN,24,degraded,True,42,9,0,48
334.3472752571106,546.2855576141812,1.1637830754364025,46.50376651306541,seoul,seoul_v5,v5,2026-03-16T08:14:17.460727,1,TabPFN,24,degraded,True,42,9,0,48
527.8178946177164,769.1512106343104,1.8329448454547588,56.22862958748062,seoul,seoul_v5,v5,2026-03-16T08:14:19.209397,2,TabPFN,24,degraded,True,42,9,0,48
310.5514914194743,527.3177154685266,1.071924721699817,38.11352805877905,seoul,seoul_v5,v5,2026-03-16T08:14:20.953600,3,TabPFN,24,degraded,True,42,9,0,48
320.16280937194824,517.3381105263388,1.1038171308122977,32.21219355383154,seoul,seoul_v5,v5,2026-03-16T08:14:22.804468,4,TabPFN,24,degraded,True,42,9,0,48
289.8962624867757,454.8037394841327,0.9999691492257908,31.639073471577444,seoul,seoul_v5,v5,2026-03-16T08:14:24.518679,5,TabPFN,24,degraded,True,42,9,0,48
193.50348091125488,294.5448086568505,0.6678891010265088,22.114985066949185,seoul,seoul_v5,v5,2026-03-16T08:14:26.353082,6,TabPFN,24,degraded,True,42,9,0,48
285.95848846435547,447.9540279264818,0.9875473155313056,33.89296447095333,seoul,seoul_v5,v5,2026-03-16T08:14:28.151537,7,TabPFN,24,degraded,True,42,9,0,48
178.53780619303384,303.3180529436465,0.6138256958827017,28.78174607653442,seoul,seoul_v5,v5,2026-03-16T08:14:29.996082,8,TabPFN,24,degraded,True,42,9,0,48
461.70428403218585,657.2713256322972,1.5848725732023952,57.72298123957884,seoul,seoul_v5,v5,2026-03-16T08:14:31.767548,9,TabPFN,24,degraded,True,42,9,0,48
347.16679827372235,532.7090131835541,1.186062544526198,41.97252420084119,seoul,seoul_v5,v5,2026-03-16T08:14:33.595064,10,TabPFN,24,degraded,True,42,9,0,48
291.0040105183919,453.5871025586703,0.9936399730920904,32.679253392545185,seoul,seoul_v5,v5,2026-03-16T08:14:35.455235,11,TabPFN,24,degraded,True,42,9,0,48
243.6462217966716,370.6393826655449,0.8318352566964171,24.86057827339541,seoul,seoul_v5,v5,2026-03-16T08:14:37.280796,12,TabPFN,24,degraded,True,42,9,0,48
189.7136739095052,288.1411342736645,0.6471284190664476,22.58665377515229,seoul,seoul_v5,v5,2026-03-16T08:14:39.202451,13,TabPFN,24,degraded,True,42,9,0,48
258.6425088246663,339.3677574053399,0.8812292249728411,41.00885234077094,seoul,seoul_v5,v5,2026-03-16T08:14:40.907549,14,TabPFN,24,degraded,True,42,9,0,48
269.5152638753255,369.55569945946354,0.9131093722442178,46.56010159023021,seoul,seoul_v5,v5,2026-03-16T08:14:42.590322,15,TabPFN,24,degraded,True,42,9,0,48
338.73938846588135,488.3192515064681,1.144561703112001,44.3990170795668,seoul,seoul_v5,v5,2026-03-16T08:14:44.420691,16,TabPFN,24,degraded,True,42,9,0,48
379.9143416086833,487.0702272136867,1.2793177895256789,45.5794984548138,seoul,seoul_v5,v5,2026-03-16T08:14:46.133082,17,TabPFN,24,degraded,True,42,9,0,48
199.51003138224283,264.953151212967,0.6715993441020826,28.65344413337248,seoul,seoul_v5,v5,2026-03-16T08:14:47.911213,18,TabPFN,24,degraded,True,42,9,0,48
175.50960858662924,281.44658015100384,0.5906484103630745,17.900773565290375,seoul,seoul_v5,v5,2026-03-16T08:14:49.889850,19,TabPFN,24,degraded,True,42,9,0,48
311.29598267873126,492.657320039685,1.0894409610992355,40.50439177648477,seoul,seoul_v5,v5,2026-03-16T08:14:51.718114,0,TabPFN,48,degraded,True,42,9,0,48
496.5214409828186,736.3375606245878,1.7242621464480352,56.58929249047085,seoul,seoul_v5,v5,2026-03-16T08:14:53.283245,1,TabPFN,48,degraded,True,42,9,0,48
311.13193464279175,488.5543250694348,1.0726816149420515,36.25567430741909,seoul,seoul_v5,v5,2026-03-16T08:14:55.099148,2,TabPFN,48,degraded,True,42,9,0,48
233.88397216796875,360.2719186591109,0.8072648366848474,26.011919984337645,seoul,seoul_v5,v5,2026-03-16T08:14:56.870584,3,TabPFN,48,degraded,True,42,9,0,48
316.6499587694804,526.1231109297196,1.088665114898723,36.34927245201548,seoul,seoul_v5,v5,2026-03-16T08:14:58.731292,4,TabPFN,48,degraded,True,42,9,0,48
341.1476985613505,515.8511518077058,1.165498859415435,39.90989653510744,seoul,seoul_v5,v5,2026-03-16T08:15:00.462068,5,TabPFN,48,degraded,True,42,9,0,48
182.5280917485555,284.7979752441289,0.6231711739026073,22.99218107558585,seoul,seoul_v5,v5,2026-03-16T08:15:02.291524,6,TabPFN,48,degraded,True,42,9,0,48
235.66158056259155,332.3169751538763,0.8029301638727453,34.78586092433315,seoul,seoul_v5,v5,2026-03-16T08:15:04.114489,7,TabPFN,48,degraded,True,42,9,0,48
411.8173459370931,545.4996888634374,1.3914837745073716,51.26734983795931,seoul,seoul_v5,v5,2026-03-16T08:15:06.049309,8,TabPFN,48,degraded,True,42,9,0,48
221.3817459742228,291.07059234446655,0.7452248609374685,33.65164758555601,seoul,seoul_v5,v5,2026-03-16T08:15:07.964149,9,TabPFN,48,degraded,True,42,9,0,48
218.31114673614505,324.2884975717505,0.7348629613726907,30.61542721792573,seoul,seoul_v5,v5,2026-03-16T08:15:09.763260,10,TabPFN,48,degraded,True,42,9,0,48
348.1781516075134,439.025403352721,1.1707903337479857,63.10101652898644,seoul,seoul_v5,v5,2026-03-16T08:15:11.555981,11,TabPFN,48,degraded,True,42,9,0,48
229.20989418029785,314.4288686121588,0.7673824264900275,25.92971917531004,seoul,seoul_v5,v5,2026-03-16T08:15:13.342479,12,TabPFN,48,degraded,True,42,9,0,48
242.36012935638428,324.9909901975346,0.8109639764976739,29.936124862585284,seoul,seoul_v5,v5,2026-03-16T08:15:15.123025,13,TabPFN,48,degraded,True,42,9,0,48
196.6675373713176,259.4267102169639,0.6557823128687552,28.44918659390473,seoul,seoul_v5,v5,2026-03-16T08:15:16.924393,14,TabPFN,48,degraded,True,42,9,0,48
277.1674286524455,371.5557564690768,0.9197549409195694,33.691426187988085,seoul,seoul_v5,v5,2026-03-16T08:15:18.642197,15,TabPFN,48,degraded,True,42,9,0,48
224.55740658442176,348.5939719908795,0.7404420148524138,26.943426008031302,seoul,seoul_v5,v5,2026-03-16T08:15:20.419977,16,TabPFN,48,degraded,True,42,9,0,48
401.8421277999878,533.8484579838914,1.312829215505503,39.51541662952656,seoul,seoul_v5,v5,2026-03-16T08:15:22.266592,17,TabPFN,48,degraded,True,42,9,0,48
294.38465603192645,406.0143096866532,0.9628241170311496,34.418273661255434,seoul,seoul_v5,v5,2026-03-16T08:15:24.005188,18,TabPFN,48,degraded,True,42,9,0,48
236.99942223231,338.5539088322223,0.7754252090541109,28.33026590483153,seoul,seoul_v5,v5,2026-03-16T08:15:25.650195,19,TabPFN,48,degraded,True,42,9,0,48
371.3744911693392,580.1220462532374,1.2996974105021348,45.86941801889419,seoul,seoul_v5,v5,2026-03-16T08:15:27.609903,0,TabPFN,168,degraded,True,42,9,0,48
339.1828125544957,498.5163140463854,1.171355597140466,41.525366899359504,seoul,seoul_v5,v5,2026-03-16T08:15:29.475090,1,TabPFN,168,degraded,True,42,9,0,48
246.3977847099304,357.1527262615461,0.8395098309309676,34.30852877472131,seoul,seoul_v5,v5,2026-03-16T08:15:31.223329,2,TabPFN,168,degraded,True,42,9,0,48
379.6981746128627,510.9507478511816,1.278827818702701,55.36792832982522,seoul,seoul_v5,v5,2026-03-16T08:15:32.953167,3,TabPFN,168,degraded,True,42,9,0,48
242.11281758263,321.3006303327236,0.8073183079001832,30.02625328231174,seoul,seoul_v5,v5,2026-03-16T08:15:34.781511,4,TabPFN,168,degraded,True,42,9,0,48
354.49340861184254,488.2897778801072,1.1600942542210098,46.70914721015499,seoul,seoul_v5,v5,2026-03-16T08:15:36.487474,5,TabPFN,168,degraded,True,42,9,0,48
414.81464691389175,583.6705047988726,1.3421595503847537,74.40636685359586,seoul,seoul_v5,v5,2026-03-16T08:15:38.221562,6,TabPFN,168,degraded,True,42,9,0,48
476.2011794135684,625.005681092219,1.4795446380070585,65.897275905534,seoul,seoul_v5,v5,2026-03-16T08:15:39.965664,7,TabPFN,168,degraded,True,42,9,0,48
366.0750370025635,517.6766475970729,1.125169777136852,39.90958900087251,seoul,seoul_v5,v5,2026-03-16T08:15:41.807063,8,TabPFN,168,degraded,True,42,9,0,48
348.006767477308,495.7869282910392,1.0656638515104149,50.44925475789677,seoul,seoul_v5,v5,2026-03-16T08:15:43.566745,9,TabPFN,168,degraded,True,42,9,48,48
336.3747492858342,459.3809855962605,1.0005851188143011,49.67861912261347,seoul,seoul_v5,v5,2026-03-16T08:15:45.205533,10,TabPFN,168,degraded,True,42,9,24,96
464.39614886329286,613.8411029897009,1.401392719932331,69.70474152585604,seoul,seoul_v5,v5,2026-03-16T08:15:47.160901,11,TabPFN,168,degraded,True,42,9,72,112
590.590980904443,781.1940769858497,1.7772228892304756,84.38643953792132,seoul,seoul_v5,v5,2026-03-16T08:15:48.808470,12,TabPFN,168,degraded,True,42,9,31,168
386.4400140785036,572.420490643135,1.1805546603564556,51.71566542845093,seoul,seoul_v5,v5,2026-03-16T08:15:50.516394,13,TabPFN,168,degraded,True,42,9,0,199
341.2701268196106,478.80608375423424,1.061058160099149,58.640218691164456,seoul,seoul_v5,v5,2026-03-16T08:15:52.291933,14,TabPFN,168,degraded,True,42,9,0,199
261.59507435844057,368.5137768599389,0.8249960832509046,44.14026327175408,seoul,seoul_v5,v5,2026-03-16T08:15:53.857531,15,TabPFN,168,degraded,True,42,9,0,199
299.1969425791786,449.218061112793,0.9882496253961784,65.42538203052945,seoul,seoul_v5,v5,2026-03-16T08:15:55.554625,16,TabPFN,168,degraded,True,42,9,72,175
700.7158734457834,804.0907514369674,2.423837664700596,144.52450532150075,seoul,seoul_v5,v5,2026-03-16T08:15:57.392525,17,TabPFN,168,degraded,True,42,9,0,247
107.80781216848465,160.19851605577065,0.3744814856219723,18.765298450046767,seoul,seoul_v5,v5,2026-03-16T08:15:59.151787,18,TabPFN,168,degraded,True,42,9,0,247
151.18102305276054,230.6886410810748,0.5306430856410772,35.86477064799932,seoul,seoul_v5,v5,2026-03-16T08:16:00.973866,19,TabPFN,168,degraded,True,42,9,0,247
6.166666666666667,8.031189202104505,0.0752124873575887,41.56339437226148,washington,washington_v5,v5,2026-03-16T08:16:06.722698,0,Seasonal_Naive,6,clean_only,False,42,0,0,4
93.66666666666669,122.46768281197016,1.1431014726435555,38.56404495140918,washington,washington_v5,v5,2026-03-16T08:16:06.723009,1,Seasonal_Naive,6,clean_only,False,42,0,0,4
14.0,17.33012790874128,0.1708729483136907,4.706299664465009,washington,washington_v5,v5,2026-03-16T08:16:06.723313,2,Seasonal_Naive,6,clean_only,False,42,0,0,4
29.666666666666668,38.33623177448022,0.3621563013705475,8.696994152498194,washington,washington_v5,v5,2026-03-16T08:16:06.723613,3,Seasonal_Naive,6,clean_only,False,42,0,0,4
4.166666666666667,5.522680508593631,0.0509014252399067,34.55614731272627,washington,washington_v5,v5,2026-03-16T08:16:06.723898,4,Seasonal_Naive,6,clean_only,False,42,0,0,4
97.33333333333331,139.70206393130584,1.1928722057357033,38.86720272083497,washington,washington_v5,v5,2026-03-16T08:16:06.724181,5,Seasonal_Naive,6,clean_only,False,42,0,0,4
16.333333333333332,21.02379604162864,0.2005147330010984,3.670447246019954,washington,washington_v5,v5,2026-03-16T08:16:06.724457,6,Seasonal_Naive,6,clean_only,False,42,0,0,4
18.33333333333333,21.83269719175042,0.2251985922574157,7.555664314819062,washington,washington_v5,v5,2026-03-16T08:16:06.724738,7,Seasonal_Naive,6,clean_only,False,42,0,0,4
8.166666666666666,10.124228365658292,0.1003027259410292,43.39835070424884,washington,washington_v5,v5,2026-03-16T08:16:06.725025,8,Seasonal_Naive,6,clean_only,False,42,0,0,4
23.0,27.11088342345192,0.282558521919887,8.266612716555795,washington,washington_v5,v5,2026-03-16T08:16:06.725307,9,Seasonal_Naive,6,clean_only,False,42,0,0,4
18.83333333333333,24.755470775837274,0.2313717799801883,4.3747469039544296,washington,washington_v5,v5,2026-03-16T08:16:06.725586,10,Seasonal_Naive,6,clean_only,False,42,0,0,4
48.0,56.0029761113937,0.5896001882318872,16.142973008494412,washington,washington_v5,v5,2026-03-16T08:16:06.725866,11,Seasonal_Naive,6,clean_only,False,42,0,0,4
9.333333333333334,14.548768561863463,0.1145753568923484,37.67435687940395,washington,washington_v5,v5,2026-03-16T08:16:06.726144,12,Seasonal_Naive,6,clean_only,False,42,0,0,4
34.833333333333336,42.87773314903669,0.429012299003195,10.602222864444071,washington,washington_v5,v5,2026-03-16T08:16:06.726426,13,Seasonal_Naive,6,clean_only,False,42,0,0,4
76.16666666666667,82.92466460589395,0.940363430558082,19.56274437709459,washington,washington_v5,v5,2026-03-16T08:16:06.726703,14,Seasonal_Naive,6,clean_only,False,42,0,0,4
125.16666666666669,134.22431473718413,1.544874048747762,33.369346778224404,washington,washington_v5,v5,2026-03-16T08:16:06.726984,15,Seasonal_Naive,6,clean_only,False,42,0,0,4
22.33333333333333,24.596747752497688,0.2750846456176861,72.79794989451803,washington,washington_v5,v5,2026-03-16T08:16:06.727267,16,Seasonal_Naive,6,clean_only,False,42,0,0,3
248.66666666666663,279.65812462123586,3.073649105339631,91.0929971920538,washington,washington_v5,v5,2026-03-16T08:16:06.727544,17,Seasonal_Naive,6,clean_only,False,42,0,0,3
228.0,235.1963718541027,2.817308976148571,44.14617881008578,washington,washington_v5,v5,2026-03-16T08:16:06.727825,18,Seasonal_Naive,6,clean_only,False,42,0,0,3
63.5,77.18700236006923,0.7825389571675437,22.808884110097026,washington,washington_v5,v5,2026-03-16T08:16:06.728106,19,Seasonal_Naive,6,clean_only,False,42,0,0,3
35.875,64.87070473899088,0.4375537271275942,23.382683285158468,washington,washington_v5,v5,2026-03-16T08:16:07.525802,0,Seasonal_Naive,24,clean_only,False,42,0,0,4
34.041666666666664,71.52942285055383,0.4158646442100378,21.162365398600063,washington,washington_v5,v5,2026-03-16T08:16:07.526115,1,Seasonal_Naive,24,clean_only,False,42,0,0,4
24.5,33.862466931200785,0.3009081778230878,18.04567083331337,washington,washington_v5,v5,2026-03-16T08:16:07.526406,2,Seasonal_Naive,24,clean_only,False,42,0,0,4
61.375,82.07136122505422,0.7534352709929878,25.30216772479175,washington,washington_v5,v5,2026-03-16T08:16:07.526690,3,Seasonal_Naive,24,clean_only,False,42,0,0,4
140.625,187.1422141937338,1.7321094756710649,57.71150250168866,washington,washington_v5,v5,2026-03-16T08:16:07.527036,4,Seasonal_Naive,24,clean_only,False,42,0,0,3
157.91666666666666,212.0784053127522,1.944236157303824,60.45838383244945,washington,washington_v5,v5,2026-03-16T08:16:07.527322,5,Seasonal_Naive,24,clean_only,False,42,0,0,3
149.29166666666666,217.98671595611816,1.8303104934294376,84.14375236161392,washington,washington_v5,v5,2026-03-16T08:16:07.527606,6,Seasonal_Naive,24,clean_only,False,42,0,0,3
41.66666666666666,64.86974127691072,0.5095844934139457,23.50429174004019,washington,washington_v5,v5,2026-03-16T08:16:07.527888,7,Seasonal_Naive,24,clean_only,False,42,0,0,3
29.45833333333333,40.96695823058708,0.3610233289793395,19.384885393410155,washington,washington_v5,v5,2026-03-16T08:16:07.528171,8,Seasonal_Naive,24,clean_only,False,42,0,0,3
35.083333333333336,63.28046038602016,0.4319489294453918,12.162996224255917,washington,washington_v5,v5,2026-03-16T08:16:07.528451,9,Seasonal_Naive,24,clean_only,False,42,0,0,3
39.79166666666666,59.59411324395501,0.4896917861694143,16.42492866812747,washington,washington_v5,v5,2026-03-16T08:16:07.528727,10,Seasonal_Naive,24,clean_only,False,42,0,0,3
153.125,205.26517402293712,1.884450206873208,62.08818406021739,washington,washington_v5,v5,2026-03-16T08:16:07.529009,11,Seasonal_Naive,24,clean_only,False,42,0,0,3
60.41666666666666,86.30083043246648,0.7367378698537904,30.883069539700163,washington,washington_v5,v5,2026-03-16T08:16:07.529288,12,Seasonal_Naive,24,clean_only,False,42,0,0,3
207.41666666666663,270.7026351306294,2.528161671311304,88.9605616916588,washington,washington_v5,v5,2026-03-16T08:16:07.529567,13,Seasonal_Naive,24,clean_only,False,42,0,0,3
22.45833333333333,40.231103224578206,0.2713152536271656,16.145967591252408,washington,washington_v5,v5,2026-03-16T08:16:07.529845,14,Seasonal_Naive,24,clean_only,False,42,0,0,3
36.208333333333336,68.34380001141288,0.438835330966136,20.973016596798377,washington,washington_v5,v5,2026-03-16T08:16:07.530122,15,Seasonal_Naive,24,clean_only,False,42,0,0,2
24.83333333333333,31.75688901640084,0.3028926989604175,17.68468072777443,washington,washington_v5,v5,2026-03-16T08:16:07.530400,16,Seasonal_Naive,24,clean_only,False,42,0,0,2
73.375,109.86108652900414,0.8950529633091284,21.050378747238256,washington,washington_v5,v5,2026-03-16T08:16:07.530674,17,Seasonal_Naive,24,clean_only,False,42,0,0,2
123.16666666666669,168.6596671801926,1.496814576941596,59.75225353240876,washington,washington_v5,v5,2026-03-16T08:16:07.530950,18,Seasonal_Naive,24,clean_only,False,42,0,0,2
44.66666666666666,64.1599563590874,0.5390377797074476,29.341137543497624,washington,washington_v5,v5,2026-03-16T08:16:07.531230,19,Seasonal_Naive,24,clean_only,False,42,0,0,2
30.27083333333333,51.4690440944846,0.3692018382789747,20.88934988669603,washington,washington_v5,v5,2026-03-16T08:16:07.744108,0,Seasonal_Naive,48,clean_only,False,42,0,0,4
37.5625,55.07551633893231,0.4613413644685606,21.37313147062864,washington,washington_v5,v5,2026-03-16T08:16:07.744435,1,Seasonal_Naive,48,clean_only,False,42,0,0,4
146.79166666666666,193.77865379516564,1.8080656837893807,68.19793138032865,washington,washington_v5,v5,2026-03-16T08:16:07.744736,2,Seasonal_Naive,48,clean_only,False,42,0,0,3
153.91666666666666,220.87798290760747,1.887012828001212,84.46095237643762,washington,washington_v5,v5,2026-03-16T08:16:07.745025,3,Seasonal_Naive,48,clean_only,False,42,0,0,3
37.04166666666666,64.4899863027845,0.4539600275284765,20.28954758328552,washington,washington_v5,v5,2026-03-16T08:16:07.745358,4,Seasonal_Naive,48,clean_only,False,42,0,0,3
107.5625,172.2616106391671,1.3237061214621395,42.67117867605566,washington,washington_v5,v5,2026-03-16T08:16:07.745641,5,Seasonal_Naive,48,clean_only,False,42,0,0,3
115.33333333333331,171.7143946596596,1.406407188796753,52.55056341260151,washington,washington_v5,v5,2026-03-16T08:16:07.745927,6,Seasonal_Naive,48,clean_only,False,42,0,0,3
29.729166666666668,45.11489960829645,0.3591529377791886,18.5630727973907,washington,washington_v5,v5,2026-03-16T08:16:07.746212,7,Seasonal_Naive,48,clean_only,False,42,0,0,3
52.395833333333336,81.02404478507188,0.6390731022528945,25.58977834517663,washington,washington_v5,v5,2026-03-16T08:16:07.746494,8,Seasonal_Naive,48,clean_only,False,42,0,0,2
125.625,173.08812784243753,1.5266901046951664,62.95956089555609,washington,washington_v5,v5,2026-03-16T08:16:07.746770,9,Seasonal_Naive,48,clean_only,False,42,0,0,2
101.58333333333331,160.94680798325888,1.2302035531842546,52.35741510479185,washington,washington_v5,v5,2026-03-16T08:16:07.747049,10,Seasonal_Naive,48,clean_only,False,42,0,0,2
38.8125,58.47916295570585,0.473239550489126,26.294230031133942,washington,washington_v5,v5,2026-03-16T08:16:07.747329,11,Seasonal_Naive,48,clean_only,False,42,0,0,2
167.0,247.9562293362816,2.050117576123003,67.79384927557727,washington,washington_v5,v5,2026-03-16T08:16:07.747617,12,Seasonal_Naive,48,clean_only,False,42,0,0,2
174.41666666666666,264.74240624929485,2.104244686734613,63.58079663802396,washington,washington_v5,v5,2026-03-16T08:16:07.747895,13,Seasonal_Naive,48,clean_only,False,42,0,0,2
30.604166666666668,45.176275115743366,0.3692252462584711,17.159374303168097,washington,washington_v5,v5,2026-03-16T08:16:07.748176,14,Seasonal_Naive,48,clean_only,False,42,0,0,2
34.979166666666664,49.2254591988062,0.4274405712205056,19.77216818244917,washington,washington_v5,v5,2026-03-16T08:16:07.748457,15,Seasonal_Naive,48,clean_only,False,42,0,0,2
171.10416666666666,224.33127475528983,2.0903548248377386,62.87801153144484,washington,washington_v5,v5,2026-03-16T08:16:07.748739,16,Seasonal_Naive,48,clean_only,False,42,0,0,2
197.875,269.44147478317683,2.3914160975624235,84.23826683948107,washington,washington_v5,v5,2026-03-16T08:16:07.749019,17,Seasonal_Naive,48,clean_only,False,42,0,0,2
149.39583333333334,223.65826797445547,1.7919860295316143,59.3558422874477,washington,washington_v5,v5,2026-03-16T08:16:07.749297,18,Seasonal_Naive,48,clean_only,False,42,0,0,2
129.29166666666666,196.20429404067588,1.5491823136898333,49.724356711035696,washington,washington_v5,v5,2026-03-16T08:16:07.749576,19,Seasonal_Naive,48,clean_only,False,42,0,0,1
72.80357142857143,128.2251786061202,0.887957464160877,37.36689190739128,washington,washington_v5,v5,2026-03-16T08:16:07.975673,0,Seasonal_Naive,168,clean_only,False,42,0,0,4
84.56547619047619,144.71192648384817,1.0342381282759896,42.59665377762372,washington,washington_v5,v5,2026-03-16T08:16:07.976002,1,Seasonal_Naive,168,clean_only,False,42,0,0,3
99.29166666666669,155.4657556842541,1.199525509078916,48.17742500082977,washington,washington_v5,v5,2026-03-16T08:16:07.976322,2,Seasonal_Naive,168,clean_only,False,42,0,0,3
153.8154761904762,207.56016052724385,1.8831754412188333,69.53494710576103,washington,washington_v5,v5,2026-03-16T08:16:07.976625,3,Seasonal_Naive,168,clean_only,False,42,0,0,2
81.00595238095238,140.7177815616031,0.9772996939281404,34.49183722975781,washington,washington_v5,v5,2026-03-16T08:16:07.976967,4,Seasonal_Naive,168,clean_only,False,42,0,0,2
96.03571428571428,154.54079442935816,1.1572348473959488,42.05685779407173,washington,washington_v5,v5,2026-03-16T08:16:07.977259,5,Seasonal_Naive,168,clean_only,False,42,0,0,2
84.69642857142857,148.80790189592307,0.9983062362841736,36.044437817544186,washington,washington_v5,v5,2026-03-16T08:16:07.977550,6,Seasonal_Naive,168,clean_only,False,42,0,0,1
103.8095238095238,172.8777093235342,1.2164560093019494,44.267440374990585,washington,washington_v5,v5,2026-03-16T08:16:07.977840,7,Seasonal_Naive,168,clean_only,False,42,0,0,0
106.1904761904762,150.84164670591602,1.2349351957401171,46.73019223956435,washington,washington_v5,v5,2026-03-16T08:16:07.978129,8,Seasonal_Naive,168,clean_only,False,42,0,0,0
108.54166666666669,171.6626848821618,1.2727687227629634,47.14923424177768,washington,washington_v5,v5,2026-03-16T08:16:07.978416,9,Seasonal_Naive,168,clean_only,False,42,0,0,0
110.23214285714286,187.8085556395889,1.2819008833613752,53.59679831191221,washington,washington_v5,v5,2026-03-16T08:16:07.978704,10,Seasonal_Naive,168,clean_only,False,42,0,23,0
144.73214285714286,195.8669525347196,1.6967797155311193,84.73298504780277,washington,washington_v5,v5,2026-03-16T08:16:07.978990,11,Seasonal_Naive,168,clean_only,False,42,0,13,23
87.2797619047619,145.66802195076178,1.0196473740907188,49.21630341438425,washington,washington_v5,v5,2026-03-16T08:16:07.979273,12,Seasonal_Naive,168,clean_only,False,42,0,1,36
85.47619047619048,120.18274775167548,1.0051985583596317,48.48401849950754,washington,washington_v5,v5,2026-03-16T08:16:07.979563,13,Seasonal_Naive,168,clean_only,False,42,0,0,37
97.3452380952381,169.51281732687718,1.1585873567038731,55.24848453129929,washington,washington_v5,v5,2026-03-16T08:16:07.979859,14,Seasonal_Naive,168,clean_only,False,42,0,0,37
67.63095238095238,113.24294364645546,0.8050691899859038,42.04724469527208,washington,washington_v5,v5,2026-03-16T08:16:07.980148,15,Seasonal_Naive,168,clean_only,False,42,0,1,37
77.54761904761905,135.09921398382605,0.9297366748182028,43.00837983634956,washington,washington_v5,v5,2026-03-16T08:16:07.980438,16,Seasonal_Naive,168,clean_only,False,42,0,0,38
70.2797619047619,113.9354715032446,0.8443084412678837,47.524340964624805,washington,washington_v5,v5,2026-03-16T08:16:07.980722,17,Seasonal_Naive,168,clean_only,False,42,0,0,38
79.33333333333333,141.38957495077884,0.9590496745725208,54.50038035187279,washington,washington_v5,v5,2026-03-16T08:16:07.981005,18,Seasonal_Naive,168,clean_only,False,42,0,1,38
52.20238095238095,76.92637172430965,0.6493007979659577,84.87671174029705,washington,washington_v5,v5,2026-03-16T08:16:07.981291,19,Seasonal_Naive,168,clean_only,False,42,0,1,39
128.56986208132602,131.76630785283686,1.5681176961662704,148.94081550767876,washington,washington_v5,v5,2026-03-16T08:16:08.253558,0,ARIMA,6,clean_only,False,42,0,0,4
236.7848107151304,300.2220473781537,2.889705329125527,126.88700780780756,washington,washington_v5,v5,2026-03-16T08:16:08.290902,1,ARIMA,6,clean_only,False,42,0,0,4
140.1790330358076,239.7027689806356,1.7109146190421924,31.93768055039475,washington,washington_v5,v5,2026-03-16T08:16:08.328053,2,ARIMA,6,clean_only,False,42,0,0,4
382.8955605164746,435.1746552035105,4.6742035957701935,71.6817974372745,washington,washington_v5,v5,2026-03-16T08:16:08.365000,3,ARIMA,6,clean_only,False,42,0,0,4
180.34208769982249,181.9616645916049,2.203120630718692,156.85716484824036,washington,washington_v5,v5,2026-03-16T08:16:08.402007,4,ARIMA,6,clean_only,False,42,0,0,4
315.420784890288,362.3370875269917,3.865650898016761,144.22830019060572,washington,washington_v5,v5,2026-03-16T08:16:08.439053,5,ARIMA,6,clean_only,False,42,0,0,4
133.57675787997175,241.00593085846705,1.639843343354382,28.669483260790667,washington,washington_v5,v5,2026-03-16T08:16:08.476081,6,ARIMA,6,clean_only,False,42,0,0,4
433.9963289246471,478.1030870513015,5.331019762839104,76.32792936095586,washington,washington_v5,v5,2026-03-16T08:16:08.513115,7,ARIMA,6,clean_only,False,42,0,0,4
128.20713812585066,133.28945001667955,1.5746357680556184,145.32668048563613,washington,washington_v5,v5,2026-03-16T08:16:08.556512,8,ARIMA,6,clean_only,False,42,0,0,4
310.8766614477509,357.9893674513271,3.819167389481114,148.0335080876337,washington,washington_v5,v5,2026-03-16T08:16:08.594311,9,ARIMA,6,clean_only,False,42,0,0,4
146.3327748050323,239.02853203558675,1.7977313934201975,31.586365547572488,washington,washington_v5,v5,2026-03-16T08:16:08.631183,10,ARIMA,6,clean_only,False,42,0,0,4
450.5548176270651,482.52888503886606,5.534316776702108,71.00118892251778,washington,washington_v5,v5,2026-03-16T08:16:08.668090,11,ARIMA,6,clean_only,False,42,0,0,4
223.3230635308539,225.73200653876407,2.74149853996502,154.78166379844748,washington,washington_v5,v5,2026-03-16T08:16:08.711516,12,ARIMA,6,clean_only,False,42,0,0,4
312.70383067776004,352.7629535154713,3.851304956158038,151.65039882480897,washington,washington_v5,v5,2026-03-16T08:16:08.748572,13,ARIMA,6,clean_only,False,42,0,0,4
111.87783623669408,183.5423645814135,1.3812581079249842,22.68361304374659,washington,washington_v5,v5,2026-03-16T08:16:08.785521,14,ARIMA,6,clean_only,False,42,0,0,4
457.4163167272615,481.59362847954,5.645677207875365,86.01036888639084,washington,washington_v5,v5,2026-03-16T08:16:08.822509,15,ARIMA,6,clean_only,False,42,0,0,4
74.03921373416222,85.36625158562235,0.9119575017257076,98.50034281141158,washington,washington_v5,v5,2026-03-16T08:16:08.859495,16,ARIMA,6,clean_only,False,42,0,0,3
250.1148027408467,315.8063649594532,3.0915488190748057,153.6848281138896,washington,washington_v5,v5,2026-03-16T08:16:08.896384,17,ARIMA,6,clean_only,False,42,0,0,3
151.12529549410218,152.20479418370877,1.8673975943799963,27.314690289331327,washington,washington_v5,v5,2026-03-16T08:16:08.933345,18,ARIMA,6,clean_only,False,42,0,0,3
247.7088768658369,273.683517500313,3.052627498956465,53.50262926267614,washington,washington_v5,v5,2026-03-16T08:16:08.971368,19,ARIMA,6,clean_only,False,42,0,0,3
200.1889384817331,273.5298944001661,2.4416283250842925,90.1871317806144,washington,washington_v5,v5,2026-03-16T08:16:09.228895,0,ARIMA,24,clean_only,False,42,0,0,4
198.16920495262983,265.7747349566991,2.420902792979529,80.23483469405849,washington,washington_v5,v5,2026-03-16T08:16:09.266251,1,ARIMA,24,clean_only,False,42,0,0,4
223.1392012588925,296.04343972900017,2.7405881817025555,92.70328969059186,washington,washington_v5,v5,2026-03-16T08:16:09.309766,2,ARIMA,24,clean_only,False,42,0,0,4
177.02622276214834,218.2858571487753,2.1731617127440206,72.26779795225339,washington,washington_v5,v5,2026-03-16T08:16:09.353252,3,ARIMA,24,clean_only,False,42,0,0,4
253.7324058635818,312.7541258116432,3.125278609643566,104.65563674100974,washington,washington_v5,v5,2026-03-16T08:16:09.390559,4,ARIMA,24,clean_only,False,42,0,0,3
122.8516192093416,144.69920368349227,1.512522807705264,68.39802953893792,washington,washington_v5,v5,2026-03-16T08:16:09.434023,5,ARIMA,24,clean_only,False,42,0,0,3
218.7272994564649,298.34964021078343,2.681588867840252,113.66836105781763,washington,washington_v5,v5,2026-03-16T08:16:09.477478,6,ARIMA,24,clean_only,False,42,0,0,3
217.19744152688483,283.3344269295309,2.6563307570707853,101.12097571794172,washington,washington_v5,v5,2026-03-16T08:16:09.514619,7,ARIMA,24,clean_only,False,42,0,0,3
223.03875743541064,282.5991012410619,2.73342669422622,98.10225332694068,washington,washington_v5,v5,2026-03-16T08:16:09.551868,8,ARIMA,24,clean_only,False,42,0,0,3
234.57423673803208,308.5967992861378,2.888097589580889,96.31066700263165,washington,washington_v5,v5,2026-03-16T08:16:09.595569,9,ARIMA,24,clean_only,False,42,0,0,3
203.29300512491983,256.2737663347859,2.501803094333904,82.09775631671833,washington,washington_v5,v5,2026-03-16T08:16:09.639126,10,ARIMA,24,clean_only,False,42,0,0,3
149.9034981888249,183.72599460086064,1.844804428884562,70.6352184238058,washington,washington_v5,v5,2026-03-16T08:16:09.682590,11,ARIMA,24,clean_only,False,42,0,0,3
134.05474874992717,177.10595907541338,1.6347014075223132,70.47436182674245,washington,washington_v5,v5,2026-03-16T08:16:09.726154,12,ARIMA,24,clean_only,False,42,0,0,3
232.49244346595643,312.7766127728761,2.8338054693779413,113.8242122242368,washington,washington_v5,v5,2026-03-16T08:16:09.769779,13,ARIMA,24,clean_only,False,42,0,0,3
211.0272724708332,283.96208502647124,2.549384101788783,93.51282890569924,washington,washington_v5,v5,2026-03-16T08:16:09.807062,14,ARIMA,24,clean_only,False,42,0,0,3
243.6439679263036,320.6333552052792,2.952899828847191,103.90590833687598,washington,washington_v5,v5,2026-03-16T08:16:09.844221,15,ARIMA,24,clean_only,False,42,0,0,2
222.9693803282408,290.8172787031735,2.7195623111336658,90.34299796268336,washington,washington_v5,v5,2026-03-16T08:16:09.888079,16,ARIMA,24,clean_only,False,42,0,0,2
221.9470003499869,262.67997898934374,2.7073842638613685,99.45812514866805,washington,washington_v5,v5,2026-03-16T08:16:09.931700,17,ARIMA,24,clean_only,False,42,0,0,2
175.41677262491487,210.6236374253048,2.1317974206091104,82.5263573722178,washington,washington_v5,v5,2026-03-16T08:16:09.975182,18,ARIMA,24,clean_only,False,42,0,0,2
167.6052605010727,204.7489327589656,2.0226619586817898,82.7597751016441,washington,washington_v5,v5,2026-03-16T08:16:10.018522,19,ARIMA,24,clean_only,False,42,0,0,2
208.48917829580444,281.39201305494646,2.542863192448746,91.15381232326196,washington,washington_v5,v5,2026-03-16T08:16:10.291132,0,ARIMA,48,clean_only,False,42,0,0,4
213.57811153325545,276.6523682951326,2.623159198545637,90.8952138174336,washington,washington_v5,v5,2026-03-16T08:16:10.335482,1,ARIMA,48,clean_only,False,42,0,0,4
185.31129808154537,242.99627453514296,2.282520571420089,89.79937461289826,washington,washington_v5,v5,2026-03-16T08:16:10.372857,2,ARIMA,48,clean_only,False,42,0,0,3
226.32100224959007,300.9299696354103,2.7746873924703923,114.03951138034655,washington,washington_v5,v5,2026-03-16T08:16:10.416567,3,ARIMA,48,clean_only,False,42,0,0,3
231.3981335604975,298.0369687471961,2.8358740989289952,99.0095644127246,washington,washington_v5,v5,2026-03-16T08:16:10.453775,4,ARIMA,48,clean_only,False,42,0,0,3
176.6611471115583,221.6661348662047,2.1740610515383456,76.2786827663611,washington,washington_v5,v5,2026-03-16T08:16:10.497381,5,ARIMA,48,clean_only,False,42,0,0,3
168.96944183675586,231.24131166644884,2.0604610204004765,80.8990049501744,washington,washington_v5,v5,2026-03-16T08:16:10.541009,6,ARIMA,48,clean_only,False,42,0,0,3
223.1816526291136,297.17911537306907,2.6962190733060303,95.96112716483046,washington,washington_v5,v5,2026-03-16T08:16:10.578260,7,ARIMA,48,clean_only,False,42,0,0,3
216.3744480763121,267.80372204388294,2.639123781096842,91.27289392684042,washington,washington_v5,v5,2026-03-16T08:16:10.621974,8,ARIMA,48,clean_only,False,42,0,0,2
170.79172044623806,206.0905016603083,2.075590285127441,82.1463369589766,washington,washington_v5,v5,2026-03-16T08:16:10.665792,9,ARIMA,48,clean_only,False,42,0,0,2
204.4908865468971,269.3371566018168,2.4764437921948264,100.01131085446728,washington,washington_v5,v5,2026-03-16T08:16:10.709520,10,ARIMA,48,clean_only,False,42,0,0,2
213.3114090969971,296.9629371864034,2.600899075175909,101.37673266326252,washington,washington_v5,v5,2026-03-16T08:16:10.746797,11,ARIMA,48,clean_only,False,42,0,0,2
182.27350748643423,243.40819538126493,2.2376174931708177,77.86271773208297,washington,washington_v5,v5,2026-03-16T08:16:10.790564,12,ARIMA,48,clean_only,False,42,0,0,2
251.61341820779364,336.3554147963671,3.0355825993782166,98.80961113278242,washington,washington_v5,v5,2026-03-16T08:16:10.840662,13,ARIMA,48,clean_only,False,42,0,0,2
251.3032161151617,337.1419871564676,3.031858140961188,105.37340337388852,washington,washington_v5,v5,2026-03-16T08:16:10.877922,14,ARIMA,48,clean_only,False,42,0,0,2
237.57615190554267,310.5569331163464,2.903147666340673,95.0763184759428,washington,washington_v5,v5,2026-03-16T08:16:10.927937,15,ARIMA,48,clean_only,False,42,0,0,2
229.20583743101105,276.32564209393786,2.8001745222737897,84.75064218127608,washington,washington_v5,v5,2026-03-16T08:16:10.977921,16,ARIMA,48,clean_only,False,42,0,0,2
169.56320637570727,237.5011003525007,2.0492542326274954,95.20471695611477,washington,washington_v5,v5,2026-03-16T08:16:11.021695,17,ARIMA,48,clean_only,False,42,0,0,2
263.1389459291877,352.7859998259613,3.1563217287236647,118.77012049748676,washington,washington_v5,v5,2026-03-16T08:16:11.058966,18,ARIMA,48,clean_only,False,42,0,0,2
258.34916390216137,328.468101370349,3.095558791933878,99.24962509340952,washington,washington_v5,v5,2026-03-16T08:16:11.102564,19,ARIMA,48,clean_only,False,42,0,0,1
199.46579665639348,264.0273742796934,2.4328084393443845,89.73186417969016,washington,washington_v5,v5,2026-03-16T08:16:11.511876,0,ARIMA,168,clean_only,False,42,0,0,4
208.4677918940125,274.9806739641059,2.5495668990104217,96.26477793395328,washington,washington_v5,v5,2026-03-16T08:16:11.550263,1,ARIMA,168,clean_only,False,42,0,0,3
204.62726948534493,261.6117540914042,2.4720667689551346,92.77675984516505,washington,washington_v5,v5,2026-03-16T08:16:11.588537,2,ARIMA,168,clean_only,False,42,0,0,3
236.8100842063008,322.9104672153293,2.899285207543256,108.9829668946798,washington,washington_v5,v5,2026-03-16T08:16:11.626799,3,ARIMA,168,clean_only,False,42,0,0,2
245.11885685450216,322.30298662398104,2.957246680507507,100.92401697829744,washington,washington_v5,v5,2026-03-16T08:16:11.665074,4,ARIMA,168,clean_only,False,42,0,0,2
242.2690293749632,326.8289345705451,2.9193531315172945,107.67766050512512,washington,washington_v5,v5,2026-03-16T08:16:11.704062,5,ARIMA,168,clean_only,False,42,0,0,2
242.6419276454078,322.9327007157139,2.859990127542849,104.54376789957762,washington,washington_v5,v5,2026-03-16T08:16:11.742373,6,ARIMA,168,clean_only,False,42,0,0,1
205.6851471139813,285.18363762226414,2.410250274243175,100.60387646667591,washington,washington_v5,v5,2026-03-16T08:16:11.780661,7,ARIMA,168,clean_only,False,42,0,0,0
236.9705157086593,316.07143982346986,2.75583310951906,114.78218775097643,washington,washington_v5,v5,2026-03-16T08:16:11.818912,8,ARIMA,168,clean_only,False,42,0,0,0
232.23239593174392,311.51971877239595,2.723176629136846,106.14986968647872,washington,washington_v5,v5,2026-03-16T08:16:11.857192,9,ARIMA,168,clean_only,False,42,0,0,0
198.1670102875196,265.1003316519857,2.304504466268691,89.36260100593036,washington,washington_v5,v5,2026-03-16T08:16:11.895549,10,ARIMA,168,clean_only,False,42,0,23,0
205.96443745101416,276.9764685587948,2.4146417837025163,147.22808863352373,washington,washington_v5,v5,2026-03-16T08:16:11.933838,11,ARIMA,168,clean_only,False,42,0,13,23
206.6116845944384,272.9450019729567,2.4137446878356448,117.45816556614275,washington,washington_v5,v5,2026-03-16T08:16:11.972080,12,ARIMA,168,clean_only,False,42,0,1,36
170.96295028642294,229.672310032412,2.0105214119093344,106.84291991661895,washington,washington_v5,v5,2026-03-16T08:16:12.010465,13,ARIMA,168,clean_only,False,42,0,0,37
118.9305747207722,162.176601790614,1.4154925591964047,91.26674957815813,washington,washington_v5,v5,2026-03-16T08:16:12.048721,14,ARIMA,168,clean_only,False,42,0,0,37
164.2589941960804,223.4494034091948,1.9553155877571504,99.9257166122961,washington,washington_v5,v5,2026-03-16T08:16:12.086921,15,ARIMA,168,clean_only,False,42,0,1,37
151.62739054740928,206.4496322183637,1.8178965083678813,86.57283985914577,washington,washington_v5,v5,2026-03-16T08:16:12.125082,16,ARIMA,168,clean_only,False,42,0,0,38
146.51929089668153,193.6991644560308,1.760214758272692,87.87239716346346,washington,washington_v5,v5,2026-03-16T08:16:12.169757,17,ARIMA,168,clean_only,False,42,0,0,38
110.1790886673148,161.83102862072465,1.3319397369464518,99.81823912511328,washington,washington_v5,v5,2026-03-16T08:16:12.208015,18,ARIMA,168,clean_only,False,42,0,1,38
64.31884931875418,94.27455105262442,0.800007191722057,114.23693771281036,washington,washington_v5,v5,2026-03-16T08:16:12.246205,19,ARIMA,168,clean_only,False,42,0,1,39
49.691720904018666,52.715674129419405,0.6060710157195137,116.174579032783,washington,washington_v5,v5,2026-03-16T08:16:53.339992,0,SARIMAX,6,clean_only,True,42,9,0,4
89.1546955474156,94.62263914553584,1.0880376915303054,36.59327528314208,washington,washington_v5,v5,2026-03-16T08:17:52.753589,1,SARIMAX,6,clean_only,True,42,9,0,4
140.56804508011143,166.02297201939743,1.7156625929664588,40.335405988441,washington,washington_v5,v5,2026-03-16T08:18:20.039629,2,SARIMAX,6,clean_only,True,42,9,0,4
119.48053822945488,134.0099091184646,1.4585605554250003,34.92673892839917,washington,washington_v5,v5,2026-03-16T08:19:46.411006,3,SARIMAX,6,clean_only,True,42,9,0,4
64.14838711202032,64.63230313778575,0.7836586394023434,121.78213622434042,washington,washington_v5,v5,2026-03-16T08:20:29.198142,4,SARIMAX,6,clean_only,True,42,9,0,4
88.16522483759043,105.16740850250208,1.0805121187109663,25.490012564603216,washington,washington_v5,v5,2026-03-16T08:21:39.029617,5,SARIMAX,6,clean_only,True,42,9,0,4
103.05253154022915,146.08280495733823,1.26511535797202,24.73795200032556,washington,washington_v5,v5,2026-03-16T08:22:03.137994,6,SARIMAX,6,clean_only,True,42,9,0,4
181.8669916378486,201.151819123221,2.2339740269964388,46.77674908018201,washington,washington_v5,v5,2026-03-16T08:22:41.371640,7,SARIMAX,6,clean_only,True,42,9,0,4
28.44957430621262,33.09419037013328,0.3494167169112235,140.74341728742652,washington,washington_v5,v5,2026-03-16T08:23:01.269900,8,SARIMAX,6,clean_only,True,42,9,0,4
88.54318896959269,95.68231856380778,1.087766634840059,27.87499380575353,washington,washington_v5,v5,2026-03-16T08:23:39.919694,9,SARIMAX,6,clean_only,True,42,9,0,4
69.5702013674969,99.57362557969834,0.8546857340165254,15.503224606770203,washington,washington_v5,v5,2026-03-16T08:24:30.199954,10,SARIMAX,6,clean_only,True,42,9,0,4
153.03602445984882,162.37865666683962,1.8797931005788868,34.79379159026297,washington,washington_v5,v5,2026-03-16T08:25:54.889444,11,SARIMAX,6,clean_only,True,42,9,0,4
95.31693382951032,95.56835424079686,1.170104111935769,127.41748556607122,washington,washington_v5,v5,2026-03-16T08:27:22.645168,12,SARIMAX,6,clean_only,True,42,9,0,4
56.39822597095608,66.68203666198497,0.6946085909139206,16.935016266790406,washington,washington_v5,v5,2026-03-16T08:28:27.228877,13,SARIMAX,6,clean_only,True,42,9,0,4
38.42739212483215,48.98768148340477,0.4744295092241722,8.164157779669706,washington,washington_v5,v5,2026-03-16T08:29:09.171834,14,SARIMAX,6,clean_only,True,42,9,0,4
94.26276800915764,94.69734102648918,1.1634415770477633,29.463233274655813,washington,washington_v5,v5,2026-03-16T08:30:08.220941,15,SARIMAX,6,clean_only,True,42,9,0,4
76.39965586849222,81.87596083904936,0.9410315937267474,193.3610631186129,washington,washington_v5,v5,2026-03-16T08:30:55.421513,16,SARIMAX,6,clean_only,True,42,9,0,3
202.74836877015352,230.60571227288,2.5060751030004766,85.42451211454284,washington,washington_v5,v5,2026-03-16T08:31:19.037082,17,SARIMAX,6,clean_only,True,42,9,0,3
80.03166485441669,127.02607554588064,0.9889207358353608,11.197984521949406,washington,washington_v5,v5,2026-03-16T08:32:42.158039,18,SARIMAX,6,clean_only,True,42,9,0,3
144.36668555206015,163.24638256548334,1.7790953631754938,78.5246954412346,washington,washington_v5,v5,2026-03-16T08:33:02.834310,19,SARIMAX,6,clean_only,True,42,9,0,3
78.30462054404735,93.71631645799542,0.9550516674664782,49.51460565245703,washington,washington_v5,v5,2026-03-16T08:33:46.581558,0,SARIMAX,24,clean_only,True,42,9,0,4
64.38070099526567,94.42360188539804,0.7864966652647928,42.613846971660976,washington,washington_v5,v5,2026-03-16T08:34:30.458925,1,SARIMAX,24,clean_only,True,42,9,0,4
81.54467817974556,100.70909092539289,1.0015290009076467,57.34281581149371,washington,washington_v5,v5,2026-03-16T08:34:51.324447,2,SARIMAX,24,clean_only,True,42,9,0,4
92.5415939596425,97.1566679242234,1.1360342309263751,51.02948549910732,washington,washington_v5,v5,2026-03-16T08:36:18.604141,3,SARIMAX,24,clean_only,True,42,9,0,4
199.62457958617776,241.173257693276,2.458820450688506,108.46833792323676,washington,washington_v5,v5,2026-03-16T08:37:10.188813,4,SARIMAX,24,clean_only,True,42,9,0,3
185.85957724010945,217.91052061265663,2.288263283914028,79.53111672634245,washington,washington_v5,v5,2026-03-16T08:38:11.772229,5,SARIMAX,24,clean_only,True,42,9,0,3
89.38361099475593,117.15408132531844,1.0958398736990231,74.57427356174705,washington,washington_v5,v5,2026-03-16T08:38:35.172763,6,SARIMAX,24,clean_only,True,42,9,0,3
57.4560674578994,93.37311926665636,0.7026893046981879,55.52955547456779,washington,washington_v5,v5,2026-03-16T08:39:52.911600,7,SARIMAX,24,clean_only,True,42,9,0,3
61.5146058580216,93.22575453994526,0.7538854128785836,28.2641522907068,washington,washington_v5,v5,2026-03-16T08:40:41.720845,8,SARIMAX,24,clean_only,True,42,9,0,3
78.44462437466717,115.94586018003262,0.965816765398101,54.03283551264777,washington,washington_v5,v5,2026-03-16T08:41:49.229675,9,SARIMAX,24,clean_only,True,42,9,0,3
43.99089356707392,55.75150526634929,0.5413691119425933,31.835495674434,washington,washington_v5,v5,2026-03-16T08:42:29.590346,10,SARIMAX,24,clean_only,True,42,9,0,3
120.68241033768672,165.4011061547829,1.485191791848562,52.22451094456949,washington,washington_v5,v5,2026-03-16T08:43:06.738755,11,SARIMAX,24,clean_only,True,42,9,0,3
157.95461306530925,202.60523087013453,1.926143092358328,66.91353474300982,washington,washington_v5,v5,2026-03-16T08:44:11.105717,12,SARIMAX,24,clean_only,True,42,9,0,3
55.97334224615145,90.75374961461236,0.682248253026484,27.28109131701808,washington,washington_v5,v5,2026-03-16T08:44:33.656875,13,SARIMAX,24,clean_only,True,42,9,0,3
64.53682699142969,87.80792172846762,0.7796582820098964,39.43571007423285,washington,washington_v5,v5,2026-03-16T08:45:12.973487,14,SARIMAX,24,clean_only,True,42,9,0,3
117.44459223983358,151.19438948189926,1.4233970956708932,73.78845995226116,washington,washington_v5,v5,2026-03-16T08:45:51.792254,15,SARIMAX,24,clean_only,True,42,9,0,2
68.0439606342466,86.37685251612412,0.8299336463542293,37.56597565108173,washington,washington_v5,v5,2026-03-16T08:46:13.461705,16,SARIMAX,24,clean_only,True,42,9,0,2
58.46128959464167,82.77927762374854,0.7131305007230957,38.98654027159627,washington,washington_v5,v5,2026-03-16T08:46:33.351477,17,SARIMAX,24,clean_only,True,42,9,0,2
114.24151478776577,149.99292488789797,1.388349374502436,55.47509910103866,washington,washington_v5,v5,2026-03-16T08:47:12.064261,18,SARIMAX,24,clean_only,True,42,9,0,2
121.911460939093,158.6041646649562,1.4712287289291024,57.7278890091551,washington,washington_v5,v5,2026-03-16T08:47:31.752489,19,SARIMAX,24,clean_only,True,42,9,0,2
77.30690451729284,97.368492091906,0.942882904647764,45.90067525016847,washington,washington_v5,v5,2026-03-16T08:48:15.095485,0,SARIMAX,48,clean_only,True,42,9,0,4
58.77296004793439,78.4244994511491,0.7218475229915542,47.39529483630574,washington,washington_v5,v5,2026-03-16T08:48:35.772310,1,SARIMAX,48,clean_only,True,42,9,0,4
170.43211018570267,203.8901747848501,2.099250296969036,118.40888276673736,washington,washington_v5,v5,2026-03-16T08:49:24.400065,2,SARIMAX,48,clean_only,True,42,9,0,3
94.89766869125464,126.89845950697335,1.1634420238298204,73.23037346145571,washington,washington_v5,v5,2026-03-16T08:49:48.772783,3,SARIMAX,48,clean_only,True,42,9,0,3
69.70609449310511,103.06944320531844,0.8542752911134105,38.08561477354043,washington,washington_v5,v5,2026-03-16T08:50:38.435018,4,SARIMAX,48,clean_only,True,42,9,0,3
85.57091284055487,123.47521444798394,1.0530690635318598,43.73646446027688,washington,washington_v5,v5,2026-03-16T08:51:19.216533,5,SARIMAX,48,clean_only,True,42,9,0,3
117.52197182835172,155.67225955102677,1.433096063765578,59.81349159100973,washington,washington_v5,v5,2026-03-16T08:52:22.247786,6,SARIMAX,48,clean_only,True,42,9,0,3
99.28118775900752,139.90702159579598,1.1993989152018425,50.32721113934282,washington,washington_v5,v5,2026-03-16T08:53:01.474944,7,SARIMAX,48,clean_only,True,42,9,0,3
67.47982823894347,86.66644478423993,0.8230529114367379,38.83119644700794,washington,washington_v5,v5,2026-03-16T08:53:23.104012,8,SARIMAX,48,clean_only,True,42,9,0,2
121.17332365584276,153.7490238136662,1.472589963609153,59.62861905243445,washington,washington_v5,v5,2026-03-16T08:54:01.745427,9,SARIMAX,48,clean_only,True,42,9,0,2
97.16494737194284,132.63401030544662,1.176695621019772,48.70050913909752,washington,washington_v5,v5,2026-03-16T08:54:19.424006,10,SARIMAX,48,clean_only,True,42,9,0,2
99.92635196474323,129.0923546468062,1.2183987603430153,72.45390737002114,washington,washington_v5,v5,2026-03-16T08:55:23.339913,11,SARIMAX,48,clean_only,True,42,9,0,2
123.75547614159092,164.2767805670407,1.5192411783194402,59.11360781486918,washington,washington_v5,v5,2026-03-16T08:55:47.874923,12,SARIMAX,48,clean_only,True,42,9,0,2
162.14427259790224,203.5921869954739,1.9561847535513688,90.87295456554033,washington,washington_v5,v5,2026-03-16T08:56:24.888617,13,SARIMAX,48,clean_only,True,42,9,0,2
86.58749619027314,127.3623687093486,1.0446384622058444,55.944338090167,washington,washington_v5,v5,2026-03-16T08:57:46.064232,14,SARIMAX,48,clean_only,True,42,9,0,2
66.14956786337684,85.49255360679734,0.8083385560027084,27.706116096507767,washington,washington_v5,v5,2026-03-16T08:58:06.621717,15,SARIMAX,48,clean_only,True,42,9,0,2
144.12097648959335,181.65747744826243,1.7607050981537429,54.3388139810539,washington,washington_v5,v5,2026-03-16T08:58:52.141339,16,SARIMAX,48,clean_only,True,42,9,0,2
107.88460302636037,148.81754189164295,1.3038381622558175,67.77095460111337,washington,washington_v5,v5,2026-03-16T09:00:16.069217,17,SARIMAX,48,clean_only,True,42,9,0,2
316.0624556236574,337.28015189790364,3.7911332083361295,157.0206806272017,washington,washington_v5,v5,2026-03-16T09:00:35.564088,18,SARIMAX,48,clean_only,True,42,9,0,2
93.6466566138375,134.23284827991083,1.122081166579507,35.3469632795267,washington,washington_v5,v5,2026-03-16T09:01:06.520649,19,SARIMAX,48,clean_only,True,42,9,0,1
90.69286730736157,122.4903801342347,1.1061464003964987,64.65292024026257,washington,washington_v5,v5,2026-03-16T09:01:47.975988,0,SARIMAX,168,clean_only,True,42,9,0,4
80.57441024480133,117.74790244541748,0.9854272806413888,47.63241504686979,washington,washington_v5,v5,2026-03-16T09:03:06.381199,1,SARIMAX,168,clean_only,True,42,9,0,3
133.38340225081316,174.4169131280609,1.6113818899295125,64.68243258933049,washington,washington_v5,v5,2026-03-16T09:03:46.159344,2,SARIMAX,168,clean_only,True,42,9,0,3
250.33123583737185,319.938194751175,3.0648257715961047,122.92746407916115,washington,washington_v5,v5,2026-03-16T09:04:07.083375,3,SARIMAX,168,clean_only,True,42,9,0,2
93.36497018988136,135.84284078595613,1.1264055801859365,53.86556793558458,washington,washington_v5,v5,2026-03-16T09:05:26.161055,4,SARIMAX,168,clean_only,True,42,9,0,2
155.45673332610022,192.49294542009224,1.8732609051262417,94.27289366606163,washington,washington_v5,v5,2026-03-16T09:06:42.359560,5,SARIMAX,168,clean_only,True,42,9,0,2
95.7249231158017,134.52652917885865,1.1282977254906938,57.07598158637113,washington,washington_v5,v5,2026-03-16T09:08:01.968857,6,SARIMAX,168,clean_only,True,42,9,0,1
101.95794890526432,137.06854710944526,1.1947589690275726,66.4082498331701,washington,washington_v5,v5,2026-03-16T09:09:23.012136,7,SARIMAX,168,clean_only,True,42,9,0,0
276.78465663797465,339.4225224103163,3.2188490567644146,163.18807934958036,washington,washington_v5,v5,2026-03-16T09:10:14.993971,8,SARIMAX,168,clean_only,True,42,9,0,0
165.00123108572475,207.5579003081112,1.9348183291512733,83.42790739288934,washington,washington_v5,v5,2026-03-16T09:10:42.335755,9,SARIMAX,168,clean_only,True,42,9,0,0
155.56029220408223,178.66574325318783,1.809026576311766,72.03981139223757,washington,washington_v5,v5,2026-03-16T09:11:52.486831,10,SARIMAX,168,clean_only,True,42,9,23,0
127.33902592826358,157.88114928838905,1.4928700143950473,97.28912392768598,washington,washington_v5,v5,2026-03-16T09:12:18.668923,11,SARIMAX,168,clean_only,True,42,9,13,23
107.91403834418584,145.79367575126693,1.2607076763710887,61.86051328762895,washington,washington_v5,v5,2026-03-16T09:13:12.405919,12,SARIMAX,168,clean_only,True,42,9,1,36
518.776531098502,539.6421753491455,6.100803256039844,193.6879978664016,washington,washington_v5,v5,2026-03-16T09:13:51.760582,13,SARIMAX,168,clean_only,True,42,9,0,37
145.1216655102964,181.9607511836364,1.727214706481495,107.78919396108702,washington,washington_v5,v5,2026-03-16T09:14:40.063489,14,SARIMAX,168,clean_only,True,42,9,0,37
90.31388549202931,113.82065653436013,1.0750835834455217,76.479259896229,washington,washington_v5,v5,2026-03-16T09:15:56.400771,15,SARIMAX,168,clean_only,True,42,9,1,37
88.36906690185572,113.42887192157976,1.0594775626530497,73.07899877517904,washington,washington_v5,v5,2026-03-16T09:17:00.962469,16,SARIMAX,168,clean_only,True,42,9,0,38
415.36873341253903,446.6289722051579,4.990047182205862,189.6175738373236,washington,washington_v5,v5,2026-03-16T09:17:29.177228,17,SARIMAX,168,clean_only,True,42,9,0,38
130.67951487019067,295.5031920521342,1.5797665488598898,97.69392025796408,washington,washington_v5,v5,2026-03-16T09:18:44.082855,18,SARIMAX,168,clean_only,True,42,9,1,38
131.7956447278353,158.1104863403956,1.63929337568497,182.2327781914248,washington,washington_v5,v5,2026-03-16T09:19:11.108897,19,SARIMAX,168,clean_only,True,42,9,1,39
4.566421588261922,5.732016283252218,0.0556949069151195,33.516888101149064,washington,washington_v5,v5,2026-03-16T09:19:13.238854,0,XGBoost,6,clean_only,True,42,13,0,4
88.70586649576823,118.55153374345844,1.0825602130615868,37.24989005225729,washington,washington_v5,v5,2026-03-16T09:19:14.928918,1,XGBoost,6,clean_only,True,42,13,0,4
65.76662190755208,92.78989999671307,0.8026954704267989,14.874426202082738,washington,washington_v5,v5,2026-03-16T09:19:16.631084,2,XGBoost,6,clean_only,True,42,13,0,4
22.320533752441406,25.55818894793992,0.2724782679236173,8.835135625834278,washington,washington_v5,v5,2026-03-16T09:19:18.329705,3,XGBoost,6,clean_only,True,42,13,0,4
6.0490381717681885,7.04464871924197,0.0738971194256641,32.91745462518951,washington,washington_v5,v5,2026-03-16T09:19:20.034344,4,XGBoost,6,clean_only,True,42,13,0,4
22.288258870442707,26.718582722237432,0.2731545669944522,7.289113261083911,washington,washington_v5,v5,2026-03-16T09:19:21.737040,5,XGBoost,6,clean_only,True,42,13,0,4
6.401357014973958,8.26475673477471,0.0785856975123803,2.017310949705919,washington,washington_v5,v5,2026-03-16T09:19:23.443233,6,XGBoost,6,clean_only,True,42,13,0,4
23.85301971435547,28.34379479869636,0.2929999887687948,6.429913434077972,washington,washington_v5,v5,2026-03-16T09:19:25.135779,7,XGBoost,6,clean_only,True,42,13,0,4
3.366627216339112,4.835999761350115,0.0413488024929884,26.60786229033433,washington,washington_v5,v5,2026-03-16T09:19:26.835089,8,XGBoost,6,clean_only,True,42,13,0,4
12.094879150390623,14.248688088660945,0.1485874424145232,4.015799450768619,washington,washington_v5,v5,2026-03-16T09:19:28.530377,9,XGBoost,6,clean_only,True,42,13,0,4
27.986256917317707,35.741653403211444,0.343817526262442,6.668537715654437,washington,washington_v5,v5,2026-03-16T09:19:30.226602,10,XGBoost,6,clean_only,True,42,13,0,4
29.248448689778645,36.595418750994845,0.3592685594371705,8.2616615380922,washington,washington_v5,v5,2026-03-16T09:19:31.930315,11,XGBoost,6,clean_only,True,42,13,0,4
16.040552934010822,20.08578853353708,0.1969127225533818,42.32906047867721,washington,washington_v5,v5,2026-03-16T09:19:33.632495,12,XGBoost,6,clean_only,True,42,13,0,4
114.47984949747722,158.72851822147442,1.4099501460991135,38.50389651707913,washington,washington_v5,v5,2026-03-16T09:19:35.326208,13,XGBoost,6,clean_only,True,42,13,0,4
15.673975626627604,16.206081156691315,0.193512912351063,3.5679341682830543,washington,washington_v5,v5,2026-03-16T09:19:37.024688,14,XGBoost,6,clean_only,True,42,13,0,4
32.27680206298828,38.416300142687824,0.3983775809614819,11.635196348831906,washington,washington_v5,v5,2026-03-16T09:19:38.727808,15,XGBoost,6,clean_only,True,42,13,0,4
8.588237603505453,10.512138555192664,0.1057832372077963,28.63115743265442,washington,washington_v5,v5,2026-03-16T09:19:40.435823,16,XGBoost,6,clean_only,True,42,13,0,3
27.07466761271159,36.09957792617133,0.3346569485999149,15.736356904431853,washington,washington_v5,v5,2026-03-16T09:19:42.142948,17,XGBoost,6,clean_only,True,42,13,0,3
30.41412353515625,34.57872139293515,0.375815715953014,4.906852025285093,washington,washington_v5,v5,2026-03-16T09:19:43.852244,18,XGBoost,6,clean_only,True,42,13,0,3
38.6127446492513,45.42738760497891,0.4758421563968783,13.331453192911503,washington,washington_v5,v5,2026-03-16T09:19:45.556979,19,XGBoost,6,clean_only,True,42,13,0,3
40.11847370862961,66.28064112219013,0.4893097616134155,22.36066486717054,washington,washington_v5,v5,2026-03-16T09:19:47.526062,0,XGBoost,24,clean_only,True,42,13,0,4
14.5040140748024,19.7077384812298,0.1771859971457061,12.431437463343126,washington,washington_v5,v5,2026-03-16T09:19:49.266627,1,XGBoost,24,clean_only,True,42,13,0,4
15.860815485318502,23.38007987739271,0.1948020035296083,10.857167139102229,washington,washington_v5,v5,2026-03-16T09:19:51.009624,2,XGBoost,24,clean_only,True,42,13,0,4
61.860194404919945,106.2523780017942,0.75939148407576,28.934074622151734,washington,washington_v5,v5,2026-03-16T09:19:52.758051,3,XGBoost,24,clean_only,True,42,13,0,4
34.05071190992991,42.31147124162634,0.4194102097958057,18.410906186718435,washington,washington_v5,v5,2026-03-16T09:19:54.506899,4,XGBoost,24,clean_only,True,42,13,0,3
94.3756980895996,145.66712144397735,1.1619333694770806,37.89585874379211,washington,washington_v5,v5,2026-03-16T09:19:56.243543,5,XGBoost,24,clean_only,True,42,13,0,3
37.42651615540186,62.14290578653063,0.458847749383679,19.57763800673794,washington,washington_v5,v5,2026-03-16T09:19:57.978836,6,XGBoost,24,clean_only,True,42,13,0,3
44.50584522883097,69.13539361277621,0.5443077262774394,21.62295054346935,washington,washington_v5,v5,2026-03-16T09:19:59.708735,7,XGBoost,24,clean_only,True,42,13,0,3
27.14187077681224,35.51807971336304,0.332634179662975,12.2318261695578,washington,washington_v5,v5,2026-03-16T09:20:01.449033,8,XGBoost,24,clean_only,True,42,13,0,3
29.034352978070576,43.31357479554772,0.3574733782237684,11.96815852424843,washington,washington_v5,v5,2026-03-16T09:20:03.180192,9,XGBoost,24,clean_only,True,42,13,0,3
43.0567794640859,55.69060198604505,0.5298735390777998,16.030154972171353,washington,washington_v5,v5,2026-03-16T09:20:04.908761,10,XGBoost,24,clean_only,True,42,13,0,3
37.61741328239441,64.86020453437283,0.4629429697439548,18.56205485594177,washington,washington_v5,v5,2026-03-16T09:20:06.633895,11,XGBoost,24,clean_only,True,42,13,0,3
69.33824555079143,102.32009805734523,0.8455301185074064,30.77804517250428,washington,washington_v5,v5,2026-03-16T09:20:08.357119,12,XGBoost,24,clean_only,True,42,13,0,3
29.58754489819209,41.32714079986168,0.360636867624644,23.143412271047072,washington,washington_v5,v5,2026-03-16T09:20:10.071911,13,XGBoost,24,clean_only,True,42,13,0,3
21.9489989678065,39.89600657473984,0.2651620729564148,15.128589202901722,washington,washington_v5,v5,2026-03-16T09:20:11.786559,14,XGBoost,24,clean_only,True,42,13,0,3
25.41367479165395,33.281568995065946,0.3080069520348319,13.173352308365216,washington,washington_v5,v5,2026-03-16T09:20:13.504846,15,XGBoost,24,clean_only,True,42,13,0,2
15.786466558774311,20.814508945269846,0.1925478709947192,9.539720831411792,washington,washington_v5,v5,2026-03-16T09:20:15.224868,16,XGBoost,24,clean_only,True,42,13,0,2
40.94988071918488,62.3608408631009,0.499520437272392,15.897804107884475,washington,washington_v5,v5,2026-03-16T09:20:16.939598,17,XGBoost,24,clean_only,True,42,13,0,2
36.75588198502859,50.629568179986336,0.4466853040070564,19.51742277412764,washington,washington_v5,v5,2026-03-16T09:20:18.660789,18,XGBoost,24,clean_only,True,42,13,0,2
33.27375932534536,50.56526442774466,0.4015480600579285,20.29155248651001,washington,washington_v5,v5,2026-03-16T09:20:20.379715,19,XGBoost,24,clean_only,True,42,13,0,2
30.279131601254143,50.63751393927307,0.3693030490959072,17.584022605146217,washington,washington_v5,v5,2026-03-16T09:20:22.419623,0,XGBoost,48,clean_only,True,42,13,0,4
41.19761405388514,79.27172501662406,0.5059877132903433,20.13004778731296,washington,washington_v5,v5,2026-03-16T09:20:24.208006,1,XGBoost,48,clean_only,True,42,13,0,4
61.82802508274714,102.51618809280563,0.761549568766966,28.287208114014483,washington,washington_v5,v5,2026-03-16T09:20:26.006716,2,XGBoost,48,clean_only,True,42,13,0,3
44.49329583843549,70.67361796060607,0.5454862155312229,21.70048263789593,washington,washington_v5,v5,2026-03-16T09:20:27.789623,3,XGBoost,48,clean_only,True,42,13,0,3
30.04798744122188,41.10576384937949,0.3682497693406271,13.04505529948229,washington,washington_v5,v5,2026-03-16T09:20:29.574991,4,XGBoost,48,clean_only,True,42,13,0,3
42.05131586392721,61.93754586901623,0.5174999114432857,17.707779327682168,washington,washington_v5,v5,2026-03-16T09:20:31.356957,5,XGBoost,48,clean_only,True,42,13,0,3
47.15509314338366,76.98185139666862,0.5750225027621554,23.976914341385893,washington,washington_v5,v5,2026-03-16T09:20:33.134003,6,XGBoost,48,clean_only,True,42,13,0,3
23.149557640155155,37.21113079865778,0.2796658153244699,14.561600570243098,washington,washington_v5,v5,2026-03-16T09:20:34.900090,7,XGBoost,48,clean_only,True,42,13,0,3
29.07436939080556,47.24099945707943,0.3546207066585201,13.85066145755458,washington,washington_v5,v5,2026-03-16T09:20:36.672424,8,XGBoost,48,clean_only,True,42,13,0,2
34.98544959227244,49.97517506960531,0.4251696692603691,18.811630989402182,washington,washington_v5,v5,2026-03-16T09:20:38.453886,9,XGBoost,48,clean_only,True,42,13,0,2
86.38968326648076,140.7318765569269,1.0462040555821523,41.092046321713326,washington,washington_v5,v5,2026-03-16T09:20:40.226938,10,XGBoost,48,clean_only,True,42,13,0,2
41.21163702011109,63.89663907563824,0.5024921501660133,21.82277143156216,washington,washington_v5,v5,2026-03-16T09:20:41.985798,11,XGBoost,48,clean_only,True,42,13,0,2
53.97967716058096,88.94744203611637,0.6626627838344458,21.09772146905261,washington,washington_v5,v5,2026-03-16T09:20:43.743778,12,XGBoost,48,clean_only,True,42,13,0,2
111.27920095125836,165.4407231659295,1.3425246097224577,48.95979875216515,washington,washington_v5,v5,2026-03-16T09:20:45.507542,13,XGBoost,48,clean_only,True,42,13,0,2
28.619574685891468,44.09568713296552,0.3452820534636673,12.481588878855414,washington,washington_v5,v5,2026-03-16T09:20:47.283447,14,XGBoost,48,clean_only,True,42,13,0,2
23.880043586095173,39.41383185149805,0.2918108246683338,11.189825212408715,washington,washington_v5,v5,2026-03-16T09:20:49.046390,15,XGBoost,48,clean_only,True,42,13,0,2
36.26789673169454,48.64413114744203,0.4430796420493239,17.286275758952737,washington,washington_v5,v5,2026-03-16T09:20:50.806112,16,XGBoost,48,clean_only,True,42,13,0,2
49.61814936002096,88.4557692849219,0.5996595886838194,26.29471940121936,washington,washington_v5,v5,2026-03-16T09:20:52.572785,17,XGBoost,48,clean_only,True,42,13,0,2
27.33160314957301,39.24515143948278,0.3278394712619412,13.45915800665293,washington,washington_v5,v5,2026-03-16T09:20:54.330802,18,XGBoost,48,clean_only,True,42,13,0,2
29.36562689145406,40.95326907256803,0.3518611135854735,12.682088147976698,washington,washington_v5,v5,2026-03-16T09:20:56.096666,19,XGBoost,48,clean_only,True,42,13,0,1
44.95040018501736,77.2186606596879,0.5482429306433797,21.948337739913228,washington,washington_v5,v5,2026-03-16T09:20:58.385354,0,XGBoost,168,clean_only,True,42,13,0,4
41.50535264185497,64.7696501187224,0.5076116183992042,19.504161051056595,washington,washington_v5,v5,2026-03-16T09:21:00.428913,1,XGBoost,168,clean_only,True,42,13,0,3
47.16104839813141,86.5171891839264,0.5697444960651009,24.13008346686241,washington,washington_v5,v5,2026-03-16T09:21:02.465023,2,XGBoost,168,clean_only,True,42,13,0,3
65.71560366948445,110.09166574835994,0.8045615044743193,28.06929269712548,washington,washington_v5,v5,2026-03-16T09:21:04.493603,3,XGBoost,168,clean_only,True,42,13,0,2
31.85035026641119,47.59968675378214,0.3842598803169797,13.672424667953647,washington,washington_v5,v5,2026-03-16T09:21:06.524798,4,XGBoost,168,clean_only,True,42,13,0,2
33.748568946406955,55.80624253714545,0.4066718337548357,16.80320854959078,washington,washington_v5,v5,2026-03-16T09:21:08.564747,5,XGBoost,168,clean_only,True,42,13,0,2
31.79125305158752,49.11679372553317,0.3747195332318221,15.966027279257464,washington,washington_v5,v5,2026-03-16T09:21:10.603047,6,XGBoost,168,clean_only,True,42,13,0,1
55.416326060181575,89.50343443375877,0.6493770549707459,26.7182842193611,washington,washington_v5,v5,2026-03-16T09:21:12.636496,7,XGBoost,168,clean_only,True,42,13,0,0
43.14264774606342,74.29435929463338,0.5017245995155456,20.246882855613496,washington,washington_v5,v5,2026-03-16T09:21:14.643530,8,XGBoost,168,clean_only,True,42,13,0,0
35.1435835929144,53.53179563950087,0.4120966203719041,19.456189136914865,washington,washington_v5,v5,2026-03-16T09:21:16.663264,9,XGBoost,168,clean_only,True,42,13,0,0
49.92495603646551,89.15924611119253,0.5805824289187892,31.536827101518227,washington,washington_v5,v5,2026-03-16T09:21:18.840062,10,XGBoost,168,clean_only,True,42,13,23,0
91.49243569090252,135.3883569983263,1.072619432976199,45.694376550979854,washington,washington_v5,v5,2026-03-16T09:21:20.858254,11,XGBoost,168,clean_only,True,42,13,13,23
49.92231536479223,73.70270445819938,0.5832183390438639,28.37318883206887,washington,washington_v5,v5,2026-03-16T09:21:22.871054,12,XGBoost,168,clean_only,True,42,13,1,36
47.44907610047432,73.3219461312348,0.5580003346660489,27.28873663250252,washington,washington_v5,v5,2026-03-16T09:21:24.895945,13,XGBoost,168,clean_only,True,42,13,0,37
88.74727492956887,135.13151280445717,1.0562557828943344,54.749644938019614,washington,washington_v5,v5,2026-03-16T09:21:26.926908,14,XGBoost,168,clean_only,True,42,13,0,37
86.54002726361865,131.8332076802399,1.0301601145291812,50.04353165873893,washington,washington_v5,v5,2026-03-16T09:21:28.960869,15,XGBoost,168,clean_only,True,42,13,1,37
30.061998134567624,41.61554450532376,0.3604203781790004,21.59270974563363,washington,washington_v5,v5,2026-03-16T09:21:30.992184,16,XGBoost,168,clean_only,True,42,13,0,38
27.75970822005045,42.31565478472971,0.3334922507148391,21.3307140509195,washington,washington_v5,v5,2026-03-16T09:21:33.009314,17,XGBoost,168,clean_only,True,42,13,0,38
68.19414180233365,103.25661953160512,0.8243895315539549,55.26730882281539,washington,washington_v5,v5,2026-03-16T09:21:35.041740,18,XGBoost,168,clean_only,True,42,13,1,38
57.27241689889204,89.11596447417807,0.7123626416161293,69.59006219516455,washington,washington_v5,v5,2026-03-16T09:21:37.067509,19,XGBoost,168,clean_only,True,42,13,1,39
4.49461301167806,5.4435224137058045,0.0548190850245551,29.27725379348433,washington,washington_v5,v5,2026-03-16T09:21:39.442052,0,TabPFN,6,clean_only,True,42,9,0,4
70.50296020507812,88.46185570977808,0.8604132131973822,33.58032552312436,washington,washington_v5,v5,2026-03-16T09:21:41.110058,1,TabPFN,6,clean_only,True,42,9,0,4
21.702768961588543,28.63849868889851,0.264886865645535,6.112044498261932,washington,washington_v5,v5,2026-03-16T09:21:42.940246,2,TabPFN,6,clean_only,True,42,9,0,4
27.70160166422526,36.06086342348973,0.3381677393513266,8.735908897438485,washington,washington_v5,v5,2026-03-16T09:21:44.653196,3,TabPFN,6,clean_only,True,42,9,0,4
5.123977820078532,6.2079899308726265,0.0625962657455202,31.120900582774546,washington,washington_v5,v5,2026-03-16T09:21:46.345588,4,TabPFN,6,clean_only,True,42,9,0,4
11.651634216308594,14.45681044524112,0.142797026794866,3.27676584866873,washington,washington_v5,v5,2026-03-16T09:21:47.911062,5,TabPFN,6,clean_only,True,42,9,0,4
8.782124837239584,11.211497432638222,0.107812984709474,2.578160014999237,washington,washington_v5,v5,2026-03-16T09:21:49.452674,6,TabPFN,6,clean_only,True,42,9,0,4
26.781222025553387,30.78037333993494,0.3289687363138865,9.497018696539632,washington,washington_v5,v5,2026-03-16T09:21:51.136813,7,TabPFN,6,clean_only,True,42,9,0,4
3.958258390426636,4.574611983279192,0.0486151967190296,25.748277576991025,washington,washington_v5,v5,2026-03-16T09:21:52.797670,8,TabPFN,6,clean_only,True,42,9,0,4
21.273356119791668,23.18976367238883,0.2613464374558138,6.165506876618504,washington,washington_v5,v5,2026-03-16T09:21:54.520385,9,TabPFN,6,clean_only,True,42,9,0,4
24.24081420898437,30.145501149790675,0.2978039114177924,5.861080253686649,washington,washington_v5,v5,2026-03-16T09:21:56.214241,10,TabPFN,6,clean_only,True,42,9,0,4
26.53441111246745,34.29984816103925,0.3259311205527727,7.952768814414954,washington,washington_v5,v5,2026-03-16T09:21:57.951286,11,TabPFN,6,clean_only,True,42,9,0,4
3.4479796091715493,4.723299273050242,0.0423271601012539,13.773424073293098,washington,washington_v5,v5,2026-03-16T09:21:59.678110,12,TabPFN,6,clean_only,True,42,9,0,4
24.37111155192057,29.64871347468984,0.3001580841000795,7.436589946851364,washington,washington_v5,v5,2026-03-16T09:22:01.381852,13,TabPFN,6,clean_only,True,42,9,0,4
18.2703857421875,22.03539143342249,0.2255685244745239,4.0197672499339765,washington,washington_v5,v5,2026-03-16T09:22:03.110701,14,TabPFN,6,clean_only,True,42,9,0,4
33.46061452229818,40.45829974793322,0.412988828473909,13.013857522903509,washington,washington_v5,v5,2026-03-16T09:22:04.959696,15,TabPFN,6,clean_only,True,42,9,0,4
8.667747338612875,11.009902705478163,0.1067625763408641,19.59336906597647,washington,washington_v5,v5,2026-03-16T09:22:06.716550,16,TabPFN,6,clean_only,True,42,9,0,3
16.793800989786785,21.154205874069167,0.2075800994135789,11.599791733178666,washington,washington_v5,v5,2026-03-16T09:22:08.551897,17,TabPFN,6,clean_only,True,42,9,0,3
40.15572102864584,48.88294072751909,0.4961889179724641,6.540527802774375,washington,washington_v5,v5,2026-03-16T09:22:10.295549,18,TabPFN,6,clean_only,True,42,9,0,3
23.89556376139323,29.03000756953896,0.2944757408940348,7.19951060981974,washington,washington_v5,v5,2026-03-16T09:22:11.940721,19,TabPFN,6,clean_only,True,42,9,0,3
30.63314865032832,50.65255405799853,0.3736208603652903,19.27189826554153,washington,washington_v5,v5,2026-03-16T09:22:13.890876,0,TabPFN,24,clean_only,True,42,9,0,4
13.41100569566091,18.58997156556009,0.1638334329143152,11.565383781386233,washington,washington_v5,v5,2026-03-16T09:22:15.512335,1,TabPFN,24,clean_only,True,42,9,0,4
18.921437919139866,24.820048226408005,0.232392465552696,11.469265801414252,washington,washington_v5,v5,2026-03-16T09:22:17.291212,2,TabPFN,24,clean_only,True,42,9,0,4
18.997374097506206,24.87650436950077,0.2332104554184889,8.990200016806227,washington,washington_v5,v5,2026-03-16T09:22:18.937280,3,TabPFN,24,clean_only,True,42,9,0,4
21.308358192443848,29.81301439476358,0.2624597983013344,11.091829661979922,washington,washington_v5,v5,2026-03-16T09:22:20.577579,4,TabPFN,24,clean_only,True,42,9,0,3
75.13911441961925,103.63204500149102,0.9250966738727991,35.07382156006821,washington,washington_v5,v5,2026-03-16T09:22:22.272016,5,TabPFN,24,clean_only,True,42,9,0,3
26.44337099790573,39.39937064783435,0.3241947826008229,21.78083818180074,washington,washington_v5,v5,2026-03-16T09:22:24.118968,6,TabPFN,24,clean_only,True,42,9,0,3
35.46681398153305,62.89340326631051,0.4337601224588681,17.365300363484835,washington,washington_v5,v5,2026-03-16T09:22:25.935763,7,TabPFN,24,clean_only,True,42,9,0,3
25.974850217501324,41.92948487503435,0.3183318889480752,9.949297599237712,washington,washington_v5,v5,2026-03-16T09:22:27.487855,8,TabPFN,24,clean_only,True,42,9,0,3
22.869812885920208,35.103703240334895,0.2815750458723894,11.253136162840107,washington,washington_v5,v5,2026-03-16T09:22:29.014699,9,TabPFN,24,clean_only,True,42,9,0,3
14.51753318309784,21.744494746542184,0.1786584315444169,6.801826534722721,washington,washington_v5,v5,2026-03-16T09:22:30.706975,10,TabPFN,24,clean_only,True,42,9,0,3
42.19221285978953,60.29139724242562,0.5192432604216737,16.23285277029968,washington,washington_v5,v5,2026-03-16T09:22:32.568129,11,TabPFN,24,clean_only,True,42,9,0,3
79.56154421965282,116.3673165998513,0.9701959052799752,33.259264282984894,washington,washington_v5,v5,2026-03-16T09:22:34.266468,12,TabPFN,24,clean_only,True,42,9,0,3
27.216719309488933,42.20658758507624,0.3317393326336112,17.73829078492575,washington,washington_v5,v5,2026-03-16T09:22:36.090712,13,TabPFN,24,clean_only,True,42,9,0,3
24.335254947344463,45.42702650687275,0.2939900201018404,13.918976749718029,washington,washington_v5,v5,2026-03-16T09:22:37.873747,14,TabPFN,24,clean_only,True,42,9,0,3
22.43967586755753,30.229059664913265,0.2719628792482141,14.37040225970175,washington,washington_v5,v5,2026-03-16T09:22:39.683130,15,TabPFN,24,clean_only,True,42,9,0,2
17.32012238105138,23.23279536902434,0.2112539039324048,8.926613430622202,washington,washington_v5,v5,2026-03-16T09:22:41.423819,16,TabPFN,24,clean_only,True,42,9,0,2
41.67714784542719,64.17113649452727,0.5083918866279015,15.517045630637927,washington,washington_v5,v5,2026-03-16T09:22:43.272023,17,TabPFN,24,clean_only,True,42,9,0,2
33.75300252437592,48.96000053266177,0.4101920394644034,18.320915095690435,washington,washington_v5,v5,2026-03-16T09:22:45.015508,18,TabPFN,24,clean_only,True,42,9,0,2
55.89142084121704,81.53998221207995,0.6744982252599446,25.363710303556086,washington,washington_v5,v5,2026-03-16T09:22:46.866383,19,TabPFN,24,clean_only,True,42,9,0,2
21.988804012537003,38.09951663992897,0.268189077373206,15.471143760556773,washington,washington_v5,v5,2026-03-16T09:22:48.811655,0,TabPFN,48,clean_only,True,42,9,0,4
19.960327217976253,26.42993730132779,0.2451520690577068,10.432500001574988,washington,washington_v5,v5,2026-03-16T09:22:50.523800,1,TabPFN,48,clean_only,True,42,9,0,4
47.90041242043177,75.12510883380298,0.5900000586096487,23.10570282582995,washington,washington_v5,v5,2026-03-16T09:22:52.344649,2,TabPFN,48,clean_only,True,42,9,0,3
31.525925497214,52.47256259004932,0.3865067189681861,19.71893153263111,washington,washington_v5,v5,2026-03-16T09:22:54.060591,3,TabPFN,48,clean_only,True,42,9,0,3
24.888474106788635,38.89312068749103,0.3050179273068943,10.706946552714276,washington,washington_v5,v5,2026-03-16T09:22:55.924061,4,TabPFN,48,clean_only,True,42,9,0,3
28.295082847277325,45.52323586175091,0.3482103369875131,11.479259214621496,washington,washington_v5,v5,2026-03-16T09:22:57.651825,5,TabPFN,48,clean_only,True,42,9,0,3
52.65609562397003,86.74471405236687,0.6421032782039368,24.829463549863657,washington,washington_v5,v5,2026-03-16T09:22:59.387429,6,TabPFN,48,clean_only,True,42,9,0,3
23.35034833351771,38.518531416638304,0.2820915330786355,14.329830421298348,washington,washington_v5,v5,2026-03-16T09:23:01.027391,7,TabPFN,48,clean_only,True,42,9,0,3
29.474868714809418,48.25428223585794,0.359505605497957,12.363865691599749,washington,washington_v5,v5,2026-03-16T09:23:02.647615,8,TabPFN,48,clean_only,True,42,9,0,2
44.597726265589394,67.17464305571363,0.5419853323906789,21.589376961522948,washington,washington_v5,v5,2026-03-16T09:23:04.339711,9,TabPFN,48,clean_only,True,42,9,0,2
48.440017302831016,79.34678745729484,0.5866226224995849,25.98243052847362,washington,washington_v5,v5,2026-03-16T09:23:06.031189,10,TabPFN,48,clean_only,True,42,9,0,2
38.07769897580147,58.85079068322069,0.4642801454935534,20.768302899302327,washington,washington_v5,v5,2026-03-16T09:23:07.769156,11,TabPFN,48,clean_only,True,42,9,0,2
47.408164501190186,73.19728465689816,0.5819898879977282,19.3342845419468,washington,washington_v5,v5,2026-03-16T09:23:09.621911,12,TabPFN,48,clean_only,True,42,9,0,2
41.73690231641134,59.79231129155171,0.5035336164743629,19.272397549424824,washington,washington_v5,v5,2026-03-16T09:23:11.349168,13,TabPFN,48,clean_only,True,42,9,0,2
22.05027656753857,33.75876353970137,0.2660264820928575,11.283149714039896,washington,washington_v5,v5,2026-03-16T09:23:13.212109,14,TabPFN,48,clean_only,True,42,9,0,2
19.72125455737114,26.35447602724928,0.2409909988284756,10.83701202450463,washington,washington_v5,v5,2026-03-16T09:23:15.146868,15,TabPFN,48,clean_only,True,42,9,0,2
25.39664653937022,35.1672390914148,0.3102671528256444,13.198365150298436,washington,washington_v5,v5,2026-03-16T09:23:16.807385,16,TabPFN,48,clean_only,True,42,9,0,2
44.74839776754379,77.89239866153086,0.540806260323086,25.08054410769567,washington,washington_v5,v5,2026-03-16T09:23:18.569760,17,TabPFN,48,clean_only,True,42,9,0,2
18.73312346140544,26.12768632337474,0.224701685337026,12.312085062514798,washington,washington_v5,v5,2026-03-16T09:23:20.400299,18,TabPFN,48,clean_only,True,42,9,0,2
23.85133421421051,31.82805185999056,0.2857884508351411,10.49927050244138,washington,washington_v5,v5,2026-03-16T09:23:21.942724,19,TabPFN,48,clean_only,True,42,9,0,1
29.753296528543743,48.58018307584773,0.362889638756706,17.017761651371522,washington,washington_v5,v5,2026-03-16T09:23:23.987902,0,TabPFN,168,clean_only,True,42,9,0,4
36.137131117639086,63.73300074139547,0.4419581196963708,16.99685867144895,washington,washington_v5,v5,2026-03-16T09:23:25.752406,1,TabPFN,168,clean_only,True,42,9,0,3
41.32031771398726,68.16561857312729,0.499183635496498,20.30430820075912,washington,washington_v5,v5,2026-03-16T09:23:27.367964,2,TabPFN,168,clean_only,True,42,9,0,3
43.77200900940668,66.70972031084297,0.5359042823314292,20.464051298304803,washington,washington_v5,v5,2026-03-16T09:23:29.097916,3,TabPFN,168,clean_only,True,42,9,0,2
22.61125450474876,32.14433938401158,0.2727944238332087,11.431506456488918,washington,washington_v5,v5,2026-03-16T09:23:30.761682,4,TabPFN,168,clean_only,True,42,9,0,2
30.630487620830536,55.1086202465622,0.3690988079923945,16.978465101998502,washington,washington_v5,v5,2026-03-16T09:23:32.374711,5,TabPFN,168,clean_only,True,42,9,0,2
28.01144924334117,41.04897652143386,0.3301674573373739,15.205137801655482,washington,washington_v5,v5,2026-03-16T09:23:34.132754,6,TabPFN,168,clean_only,True,42,9,0,1
48.27077564739046,80.60510729988543,0.5656443932608353,23.994244886833453,washington,washington_v5,v5,2026-03-16T09:23:35.987712,7,TabPFN,168,clean_only,True,42,9,0,0
32.76478385925293,56.09393471721822,0.3810359103770368,15.585888184577716,washington,washington_v5,v5,2026-03-16T09:23:37.766275,8,TabPFN,168,clean_only,True,42,9,0,0
34.96388836701711,57.94259147628157,0.4099894990223282,17.90121279017408,washington,washington_v5,v5,2026-03-16T09:23:39.548749,9,TabPFN,168,clean_only,True,42,9,0,0
38.96585587092808,70.94151695513348,0.453137930255141,27.17993560876328,washington,washington_v5,v5,2026-03-16T09:23:41.347405,10,TabPFN,168,clean_only,True,42,9,23,0
61.64717092116674,91.16470267982352,0.7227259064502496,33.79038670799589,washington,washington_v5,v5,2026-03-16T09:23:43.222866,11,TabPFN,168,clean_only,True,42,9,13,23
38.00638759703863,61.47121485795723,0.4440103005125197,25.068655367366183,washington,washington_v5,v5,2026-03-16T09:23:45.112640,12,TabPFN,168,clean_only,True,42,9,1,36
26.012361906823656,50.57576639683565,0.3059049373000729,18.589392441927668,washington,washington_v5,v5,2026-03-16T09:23:46.887926,13,TabPFN,168,clean_only,True,42,9,0,37
89.15487074284326,134.47798208752457,1.061106922663936,54.72585589770976,washington,washington_v5,v5,2026-03-16T09:23:48.569009,14,TabPFN,168,clean_only,True,42,9,0,37
84.57236146643048,128.90937953595,1.0067373021372712,45.96634158664493,washington,washington_v5,v5,2026-03-16T09:23:50.370480,15,TabPFN,168,clean_only,True,42,9,1,37
28.742676522050584,39.19381277525187,0.3446027205371306,22.38823299616916,washington,washington_v5,v5,2026-03-16T09:23:52.155400,16,TabPFN,168,clean_only,True,42,9,0,38
24.65529942228681,42.45406533335321,0.2961973242372847,19.70206737247989,washington,washington_v5,v5,2026-03-16T09:23:53.999894,17,TabPFN,168,clean_only,True,42,9,0,38
45.19451113258089,77.45172024607037,0.5463501831197379,41.31373472809421,washington,washington_v5,v5,2026-03-16T09:23:55.813933,18,TabPFN,168,clean_only,True,42,9,1,38
34.77944223937534,61.341577401555575,0.4325917551430643,49.982290363531455,washington,washington_v5,v5,2026-03-16T09:23:57.553629,19,TabPFN,168,clean_only,True,42,9,1,39
4.786662419637044,6.194309801484999,0.0583811005495129,29.68795043858549,washington,washington_v5,v5,2026-03-16T09:23:59.189514,0,TabPFN_NoWeather,6,clean_only,False,42,0,0,4
102.8876724243164,142.56321345228113,1.2556339843249518,39.88118215213834,washington,washington_v5,v5,2026-03-16T09:24:00.512535,1,TabPFN_NoWeather,6,clean_only,False,42,0,0,4
20.2151362101237,22.19701855242776,0.2467299946276203,6.160340834829075,washington,washington_v5,v5,2026-03-16T09:24:01.882996,2,TabPFN_NoWeather,6,clean_only,False,42,0,0,4
27.25329844156901,29.65014014047147,0.3326950706880788,9.518141980747814,washington,washington_v5,v5,2026-03-16T09:24:03.254901,3,TabPFN_NoWeather,6,clean_only,False,42,0,0,4
4.748143355051677,6.366074543388721,0.0580049433637254,29.877313724635616,washington,washington_v5,v5,2026-03-16T09:24:04.679374,4,TabPFN_NoWeather,6,clean_only,False,42,0,0,4
10.410659790039062,12.845978838570304,0.1275882195915194,3.280882715023924,washington,washington_v5,v5,2026-03-16T09:24:06.078832,5,TabPFN_NoWeather,6,clean_only,False,42,0,0,4
11.189559936523438,13.83151340497732,0.1373676503921501,3.2224094594040493,washington,washington_v5,v5,2026-03-16T09:24:07.509062,6,TabPFN_NoWeather,6,clean_only,False,42,0,0,4
25.253758748372395,29.103967453519083,0.3102060501459197,8.006799937880889,washington,washington_v5,v5,2026-03-16T09:24:08.834733,7,TabPFN_NoWeather,6,clean_only,False,42,0,0,4
3.9112552801767984,4.672274607324867,0.0480379060962829,24.744813278919768,washington,washington_v5,v5,2026-03-16T09:24:10.206756,8,TabPFN_NoWeather,6,clean_only,False,42,0,0,4
12.169181823730469,16.011328426944175,0.149500262134245,4.507160742722348,washington,washington_v5,v5,2026-03-16T09:24:11.585295,9,TabPFN_NoWeather,6,clean_only,False,42,0,0,4
28.407251993815105,35.79010905175192,0.348989546450695,6.69894418044326,washington,washington_v5,v5,2026-03-16T09:24:12.849398,10,TabPFN_NoWeather,6,clean_only,False,42,0,0,4
40.4428965250651,49.83258907993522,0.4967737375796067,11.624333799403882,washington,washington_v5,v5,2026-03-16T09:24:14.248538,11,TabPFN_NoWeather,6,clean_only,False,42,0,0,4
3.392976919809977,4.989632816287583,0.0416519508765781,14.820986952939045,washington,washington_v5,v5,2026-03-16T09:24:15.592781,12,TabPFN_NoWeather,6,clean_only,False,42,0,0,4
17.67902119954427,20.388034292856823,0.2177373453284988,6.126000286192098,washington,washington_v5,v5,2026-03-16T09:24:17.064959,13,TabPFN_NoWeather,6,clean_only,False,42,0,0,4
13.670572916666666,15.096765379892089,0.1687786456754189,3.5516700995241424,washington,washington_v5,v5,2026-03-16T09:24:18.417164,14,TabPFN_NoWeather,6,clean_only,False,42,0,0,4
33.95358530680338,39.024863101718495,0.4190733379687659,14.153370455535155,washington,washington_v5,v5,2026-03-16T09:24:19.742587,15,TabPFN_NoWeather,6,clean_only,False,42,0,0,4
14.273199558258057,20.19992492355706,0.1758061809991312,27.295853196368004,washington,washington_v5,v5,2026-03-16T09:24:21.069421,16,TabPFN_NoWeather,6,clean_only,False,42,0,0,3
25.29917589823405,36.48144425429327,0.3127109491907656,11.830963951398218,washington,washington_v5,v5,2026-03-16T09:24:22.343504,17,TabPFN_NoWeather,6,clean_only,False,42,0,0,3
68.45035807291667,74.6924196740159,0.8458149483307541,11.505638129403202,washington,washington_v5,v5,2026-03-16T09:24:23.820901,18,TabPFN_NoWeather,6,clean_only,False,42,0,0,3
64.59576670328777,68.10891122955643,0.7960425813138386,22.17375507724017,washington,washington_v5,v5,2026-03-16T09:24:25.150867,19,TabPFN_NoWeather,6,clean_only,False,42,0,0,3
37.019944071769714,71.29403649928243,0.4515181744016147,20.705632530183205,washington,washington_v5,v5,2026-03-16T09:24:26.709073,0,TabPFN_NoWeather,24,clean_only,False,42,0,0,4
13.20934283733368,19.04497430080885,0.161369850456681,11.307387689025973,washington,washington_v5,v5,2026-03-16T09:24:28.052799,1,TabPFN_NoWeather,24,clean_only,False,42,0,0,4
20.983433822790783,30.550187665141973,0.2577178300443806,11.881795630301156,washington,washington_v5,v5,2026-03-16T09:24:29.372524,2,TabPFN_NoWeather,24,clean_only,False,42,0,0,4
16.687819639841717,23.47501296006971,0.2048585240346435,9.53721902600469,washington,washington_v5,v5,2026-03-16T09:24:30.658967,3,TabPFN_NoWeather,24,clean_only,False,42,0,0,4
42.752813736597695,54.11604862693419,0.5265959380249666,18.233102864741817,washington,washington_v5,v5,2026-03-16T09:24:31.946928,4,TabPFN_NoWeather,24,clean_only,False,42,0,0,3
120.33490296204884,169.7305855543648,1.4815375366192869,48.683619811450846,washington,washington_v5,v5,2026-03-16T09:24:33.204584,5,TabPFN_NoWeather,24,clean_only,False,42,0,0,3
53.85551734765371,87.16079336936858,0.6602667163638183,33.61127926389243,washington,washington_v5,v5,2026-03-16T09:24:34.600786,6,TabPFN_NoWeather,24,clean_only,False,42,0,0,3
34.1081295410792,54.30720339957148,0.417143373923714,16.181797175738797,washington,washington_v5,v5,2026-03-16T09:24:35.996522,7,TabPFN_NoWeather,24,clean_only,False,42,0,0,3
24.62284574906032,36.15556903870485,0.3017625485014042,10.438037104364591,washington,washington_v5,v5,2026-03-16T09:24:37.446269,8,TabPFN_NoWeather,24,clean_only,False,42,0,0,3
27.40393916765849,45.04194237680064,0.3373995872510231,11.36646277329187,washington,washington_v5,v5,2026-03-16T09:24:38.784427,9,TabPFN_NoWeather,24,clean_only,False,42,0,0,3
18.4431471824646,27.531503855249515,0.226968570128582,6.878281373257143,washington,washington_v5,v5,2026-03-16T09:24:40.166330,10,TabPFN_NoWeather,24,clean_only,False,42,0,0,3
63.32749557495117,96.37412816297169,0.7793470180374129,22.4098477051464,washington,washington_v5,v5,2026-03-16T09:24:41.468256,11,TabPFN_NoWeather,24,clean_only,False,42,0,0,3
89.69874187310536,131.5739959885422,1.0938117519915582,34.379737702361915,washington,washington_v5,v5,2026-03-16T09:24:42.977598,12,TabPFN_NoWeather,24,clean_only,False,42,0,0,3
34.776962677637734,52.74955366487772,0.4238896781979629,21.953502094703627,washington,washington_v5,v5,2026-03-16T09:24:44.590909,13,TabPFN_NoWeather,24,clean_only,False,42,0,0,3
21.70821108420689,48.15433104918585,0.2622531560417206,13.04918071990724,washington,washington_v5,v5,2026-03-16T09:24:46.108741,14,TabPFN_NoWeather,24,clean_only,False,42,0,0,3
25.412639538447063,34.77790523743031,0.3079944050424174,14.197368141619796,washington,washington_v5,v5,2026-03-16T09:24:47.582638,15,TabPFN_NoWeather,24,clean_only,False,42,0,0,2
17.606316824754078,22.86095746120348,0.2147446236967237,8.786481932564717,washington,washington_v5,v5,2026-03-16T09:24:48.980631,16,TabPFN_NoWeather,24,clean_only,False,42,0,0,2
41.91719468434652,65.29729020965043,0.5113200588188075,15.8900910582528,washington,washington_v5,v5,2026-03-16T09:24:50.369274,17,TabPFN_NoWeather,24,clean_only,False,42,0,0,2
41.64190137386322,58.57455140573237,0.5060639105923903,22.65896542594813,washington,washington_v5,v5,2026-03-16T09:24:51.790885,18,TabPFN_NoWeather,24,clean_only,False,42,0,0,2
31.450746456782024,46.824724178836384,0.3795479225419176,19.845009059240063,washington,washington_v5,v5,2026-03-16T09:24:53.053416,19,TabPFN_NoWeather,24,clean_only,False,42,0,0,2
25.429314454396565,52.23850156133514,0.3101516743643435,16.192191886370995,washington,washington_v5,v5,2026-03-16T09:24:54.956346,0,TabPFN_NoWeather,48,clean_only,False,42,0,0,4
18.102809756994247,26.16765380269864,0.222338101936945,10.541757932316758,washington,washington_v5,v5,2026-03-16T09:24:56.247744,1,TabPFN_NoWeather,48,clean_only,False,42,0,0,4
75.07084012031555,112.3365618855854,0.9246642739127902,32.68443151551806,washington,washington_v5,v5,2026-03-16T09:24:57.778387,2,TabPFN_NoWeather,48,clean_only,False,42,0,0,3
46.02339838941892,74.16240580278098,0.5642452180771662,25.45963829230893,washington,washington_v5,v5,2026-03-16T09:24:59.041801,3,TabPFN_NoWeather,48,clean_only,False,42,0,0,3
27.610195885101955,42.19295184036218,0.3383736859590779,11.371801982890698,washington,washington_v5,v5,2026-03-16T09:25:00.382798,4,TabPFN_NoWeather,48,clean_only,False,42,0,0,3
37.53892532984416,64.82913969142774,0.4619686717231829,13.748246428620348,washington,washington_v5,v5,2026-03-16T09:25:01.836961,5,TabPFN_NoWeather,48,clean_only,False,42,0,0,3
57.57526248693466,96.73069874878692,0.7020889860562277,26.122619681457373,washington,washington_v5,v5,2026-03-16T09:25:03.104010,6,TabPFN_NoWeather,48,clean_only,False,42,0,0,3
23.124099642038345,41.352316328626095,0.2793582616376764,13.44142746788738,washington,washington_v5,v5,2026-03-16T09:25:04.592808,7,TabPFN_NoWeather,48,clean_only,False,42,0,0,3
30.260788291692734,49.63769031075229,0.369091483423112,12.694628103544815,washington,washington_v5,v5,2026-03-16T09:25:05.929067,8,TabPFN_NoWeather,48,clean_only,False,42,0,0,2
37.86980146169663,56.22195898309457,0.4602224967828281,22.42669667995104,washington,washington_v5,v5,2026-03-16T09:25:07.346378,9,TabPFN_NoWeather,48,clean_only,False,42,0,0,2
75.26090188821156,126.61948986809676,0.9114312937036532,40.08795292999774,washington,washington_v5,v5,2026-03-16T09:25:08.590048,10,TabPFN_NoWeather,48,clean_only,False,42,0,0,2
39.35896170139313,64.01583847197662,0.4799025402456943,21.925491345775523,washington,washington_v5,v5,2026-03-16T09:25:09.831929,11,TabPFN_NoWeather,48,clean_only,False,42,0,0,2
64.88170915842056,105.01503925700202,0.796497798290891,23.44837195746397,washington,washington_v5,v5,2026-03-16T09:25:11.139977,12,TabPFN_NoWeather,48,clean_only,False,42,0,0,2
125.7795898715655,177.14556532063688,1.5174641205173462,45.94286496992372,washington,washington_v5,v5,2026-03-16T09:25:12.524178,13,TabPFN_NoWeather,48,clean_only,False,42,0,0,2
32.55557382106781,45.961362058254295,0.3927680793302524,14.487021509055708,washington,washington_v5,v5,2026-03-16T09:25:14.114186,14,TabPFN_NoWeather,48,clean_only,False,42,0,0,2
19.09565714001656,26.69534702417195,0.2333462850485176,10.601701174215748,washington,washington_v5,v5,2026-03-16T09:25:15.731351,15,TabPFN_NoWeather,48,clean_only,False,42,0,0,2
40.38427843650182,72.33889727072497,0.4933688812019904,17.285014502478603,washington,washington_v5,v5,2026-03-16T09:25:17.074866,16,TabPFN_NoWeather,48,clean_only,False,42,0,0,2
95.58624037106831,162.3539027622801,1.155206438048485,41.30992021971416,washington,washington_v5,v5,2026-03-16T09:25:18.571606,17,TabPFN_NoWeather,48,clean_only,False,42,0,0,2
32.89260961612066,48.76122117698621,0.3945431113557971,15.311240641338136,washington,washington_v5,v5,2026-03-16T09:25:19.817654,18,TabPFN_NoWeather,48,clean_only,False,42,0,0,2
26.499064167340595,38.54528812801347,0.3175137469858283,11.130492920868214,washington,washington_v5,v5,2026-03-16T09:25:21.292564,19,TabPFN_NoWeather,48,clean_only,False,42,0,0,1
39.84250267914364,72.2785000325106,0.4859438479540197,20.460817810350164,washington,washington_v5,v5,2026-03-16T09:25:22.924793,0,TabPFN_NoWeather,168,clean_only,False,42,0,0,4
43.72096506186894,76.22325152192477,0.5347086199829113,18.366399811349176,washington,washington_v5,v5,2026-03-16T09:25:24.182387,1,TabPFN_NoWeather,168,clean_only,False,42,0,0,3
45.30379423357192,84.39310350862766,0.5473073286569716,22.91849613371304,washington,washington_v5,v5,2026-03-16T09:25:25.634922,2,TabPFN_NoWeather,168,clean_only,False,42,0,0,3
73.90401772374199,120.46142894325264,0.9048129267071082,31.65579444967808,washington,washington_v5,v5,2026-03-16T09:25:27.067179,3,TabPFN_NoWeather,168,clean_only,False,42,0,0,2
33.07700788974762,48.99283894260374,0.3990589424180408,15.188878109640424,washington,washington_v5,v5,2026-03-16T09:25:28.572374,4,TabPFN_NoWeather,168,clean_only,False,42,0,0,2
42.94627988338471,89.91141758576353,0.5175046805942831,20.305257795885165,washington,washington_v5,v5,2026-03-16T09:25:30.104691,5,TabPFN_NoWeather,168,clean_only,False,42,0,0,2
35.52426396665119,54.78041491640344,0.4187200671325173,19.032910726576528,washington,washington_v5,v5,2026-03-16T09:25:31.574511,6,TabPFN_NoWeather,168,clean_only,False,42,0,0,1
68.54520226944061,121.72231023120116,0.8032232511004824,27.62468459707289,washington,washington_v5,v5,2026-03-16T09:25:32.884120,7,TabPFN_NoWeather,168,clean_only,False,42,0,0,0
47.66180081594558,82.6000441897916,0.5542797944929555,20.74868990245879,washington,washington_v5,v5,2026-03-16T09:25:34.181141,8,TabPFN_NoWeather,168,clean_only,False,42,0,0,0
49.31178116514569,86.37800122584144,0.5782340980950103,21.07954405216888,washington,washington_v5,v5,2026-03-16T09:25:35.466535,9,TabPFN_NoWeather,168,clean_only,False,42,0,0,0
57.18866644586836,110.67563353620444,0.6650528614890961,30.85327842489569,washington,washington_v5,v5,2026-03-16T09:25:36.843773,10,TabPFN_NoWeather,168,clean_only,False,42,0,23,0
78.76236185005733,119.03608338876508,0.9233773182396008,41.76003780301717,washington,washington_v5,v5,2026-03-16T09:25:38.143905,11,TabPFN_NoWeather,168,clean_only,False,42,0,13,23
52.76412494977316,84.79533790634521,0.6164178301716409,26.90539954220109,washington,washington_v5,v5,2026-03-16T09:25:39.663246,12,TabPFN_NoWeather,168,clean_only,False,42,0,1,36
48.25754673708053,78.8295748149339,0.5675079357168823,27.575860982586885,washington,washington_v5,v5,2026-03-16T09:25:40.922224,13,TabPFN_NoWeather,168,clean_only,False,42,0,0,37
90.9278152670179,140.15024330538503,1.082208223046359,55.69183465705172,washington,washington_v5,v5,2026-03-16T09:25:42.241849,14,TabPFN_NoWeather,168,clean_only,False,42,0,0,37
84.14746561788377,124.68526278308772,1.001679402690712,46.96701183056198,washington,washington_v5,v5,2026-03-16T09:25:43.577809,15,TabPFN_NoWeather,168,clean_only,False,42,0,1,37
38.70747774555569,58.24229326242217,0.4640730700919884,24.91639484556509,washington,washington_v5,v5,2026-03-16T09:25:44.925766,16,TabPFN_NoWeather,168,clean_only,False,42,0,0,38
23.309140494891576,33.86630945625436,0.2800251956630855,18.07621518384716,washington,washington_v5,v5,2026-03-16T09:25:46.556801,17,TabPFN_NoWeather,168,clean_only,False,42,0,0,38
63.2903268294675,106.3887321332214,0.7651079917990247,48.51464202385446,washington,washington_v5,v5,2026-03-16T09:25:48.048173,18,TabPFN_NoWeather,168,clean_only,False,42,0,1,38
51.52322129408518,80.08062732916703,0.6408533114714242,70.522433251757,washington,washington_v5,v5,2026-03-16T09:25:49.368990,19,TabPFN_NoWeather,168,clean_only,False,42,0,1,39
234.3187893745147,297.0713346576093,2.8578971324556,153.23025283038606,washington,washington_v5,v5,2026-03-16T09:26:31.133611,0,SARIMAX,6,degraded,True,42,9,0,4
133.90538779250593,164.85041295311328,1.634172021144341,59.26902892583696,washington,washington_v5,v5,2026-03-16T09:27:31.139769,1,SARIMAX,6,degraded,True,42,9,0,4
430.5290536994996,564.5980071253182,5.254697767166912,119.3257674695231,washington,washington_v5,v5,2026-03-16T09:27:58.565990,2,SARIMAX,6,degraded,True,42,9,0,4
155.0637112903527,186.22970247688696,1.8929427019450968,61.75076236269085,washington,washington_v5,v5,2026-03-16T09:29:20.913326,3,SARIMAX,6,degraded,True,42,9,0,4
360.7352190346175,433.55776569757086,4.406864827942069,177.7997644050724,washington,washington_v5,v5,2026-03-16T09:30:03.608193,4,SARIMAX,6,degraded,True,42,9,0,4
119.0457804404911,130.2035202692601,1.4589698907285296,46.01077134288323,washington,washington_v5,v5,2026-03-16T09:31:20.717463,5,SARIMAX,6,degraded,True,42,9,0,4
239.67981930946416,283.8505247623668,2.94240826375033,95.31342767332828,washington,washington_v5,v5,2026-03-16T09:31:46.826391,6,SARIMAX,6,degraded,True,42,9,0,4
377.179322350764,456.7832312466524,4.633104677563533,118.48728605705728,washington,washington_v5,v5,2026-03-16T09:32:27.065496,7,SARIMAX,6,degraded,True,42,9,0,4
54.01194090855341,69.86688120586679,0.6633728456931062,109.62813617757207,washington,washington_v5,v5,2026-03-16T09:32:47.738087,8,SARIMAX,6,degraded,True,42,9,0,4
181.92728947436672,217.2714838591669,2.235004609163848,76.33864308992744,washington,washington_v5,v5,2026-03-16T09:33:25.362248,9,SARIMAX,6,degraded,True,42,9,0,4
159.2372652954684,284.1659010141749,1.956265991712744,40.08561042337277,washington,washington_v5,v5,2026-03-16T09:34:16.803295,10,SARIMAX,6,degraded,True,42,9,0,4
170.36590269462508,188.795432819886,2.0926618395217984,57.8077726069068,washington,washington_v5,v5,2026-03-16T09:35:40.633266,11,SARIMAX,6,degraded,True,42,9,0,4
169.54501865575173,207.9688206608249,2.0813229666217103,149.28200014990267,washington,washington_v5,v5,2026-03-16T09:37:04.518035,12,SARIMAX,6,degraded,True,42,9,0,4
214.2632795004677,337.6770133697814,2.638897094654349,75.35848329793647,washington,washington_v5,v5,2026-03-16T09:38:07.916627,13,SARIMAX,6,degraded,True,42,9,0,4
248.799458128212,333.35902375958847,3.07171000393572,83.29637821543228,washington,washington_v5,v5,2026-03-16T09:38:46.317878,14,SARIMAX,6,degraded,True,42,9,0,4
105.54184733772856,108.41552649496268,1.3026540160502391,43.35899778786756,washington,washington_v5,v5,2026-03-16T09:39:43.225411,15,SARIMAX,6,degraded,True,42,9,0,4
425.5994239201089,661.3273165005019,5.242202986753188,200.0,washington,washington_v5,v5,2026-03-16T09:40:31.310305,16,SARIMAX,6,degraded,True,42,9,0,3
393.8997047944606,570.0933370164781,4.868804860194525,121.61835743972556,washington,washington_v5,v5,2026-03-16T09:40:55.978856,17,SARIMAX,6,degraded,True,42,9,0,3
77.85279878864414,124.0963365425749,0.9619973194979636,10.966975463823196,washington,washington_v5,v5,2026-03-16T09:42:21.725017,18,SARIMAX,6,degraded,True,42,9,0,3
240.13480966084057,270.9514264634301,2.9592888745137134,113.61224316739369,washington,washington_v5,v5,2026-03-16T09:42:44.435408,19,SARIMAX,6,degraded,True,42,9,0,3
188.5765362050595,311.9074826579964,2.2999962722044742,93.9940484844565,washington,washington_v5,v5,2026-03-16T09:43:24.208843,0,SARIMAX,24,degraded,True,42,9,0,4
229.2233783616124,385.9040188210348,2.800271197658991,84.5810305073376,washington,washington_v5,v5,2026-03-16T09:44:05.137371,1,SARIMAX,24,degraded,True,42,9,0,4
248.40591781309203,340.2612578442119,3.0509131465146626,107.79204363161364,washington,washington_v5,v5,2026-03-16T09:44:26.056949,2,SARIMAX,24,degraded,True,42,9,0,4
202.0653684502967,297.3505739191198,2.4805405399046387,94.98668557955226,washington,washington_v5,v5,2026-03-16T09:45:49.263428,3,SARIMAX,24,degraded,True,42,9,0,4
318.7355357197287,384.75736254859936,3.92593665175634,147.7435957898354,washington,washington_v5,v5,2026-03-16T09:46:37.353842,4,SARIMAX,24,degraded,True,42,9,0,3
206.7345123277848,236.34659821734093,2.545271011062284,92.31372666303888,washington,washington_v5,v5,2026-03-16T09:47:38.915769,5,SARIMAX,24,degraded,True,42,9,0,3
248.8970720108857,405.6063878068093,3.05146920023703,109.99877652863938,washington,washington_v5,v5,2026-03-16T09:48:02.965520,6,SARIMAX,24,degraded,True,42,9,0,3
165.65267038713208,273.27889520656794,2.025936770925457,76.59652190108544,washington,washington_v5,v5,2026-03-16T09:49:22.210660,7,SARIMAX,24,degraded,True,42,9,0,3
228.7370337089833,357.2225892408804,2.803261285560732,95.16805308166724,washington,washington_v5,v5,2026-03-16T09:50:09.559305,8,SARIMAX,24,degraded,True,42,9,0,3
257.5479756306857,365.5459585694566,3.170952181125964,114.4129950079796,washington,washington_v5,v5,2026-03-16T09:51:16.290515,9,SARIMAX,24,degraded,True,42,9,0,3
54.2538628055994,69.34613934925827,0.6676692184426636,37.340437157987736,washington,washington_v5,v5,2026-03-16T09:51:56.704810,10,SARIMAX,24,degraded,True,42,9,0,3
125.69552546277023,163.2577728484121,1.54688626260476,74.32549727183346,washington,washington_v5,v5,2026-03-16T09:52:35.231938,11,SARIMAX,24,degraded,True,42,9,0,3
159.5956238434047,208.6712826304578,1.9461540405248567,66.89059577270157,washington,washington_v5,v5,2026-03-16T09:53:37.134370,12,SARIMAX,24,degraded,True,42,9,0,3
89.0867116628901,113.0188462364368,1.0858607144199943,63.46502702917476,washington,washington_v5,v5,2026-03-16T09:54:00.817148,13,SARIMAX,24,degraded,True,42,9,0,3
69.79853478826726,94.56865915372413,0.8432240668890513,39.14047563565793,washington,washington_v5,v5,2026-03-16T09:54:41.606521,14,SARIMAX,24,degraded,True,42,9,0,3
110.42813725978284,149.34729423558548,1.3383595349791677,68.98154032061363,washington,washington_v5,v5,2026-03-16T09:55:21.259161,15,SARIMAX,24,degraded,True,42,9,0,2
86.43751150708609,108.79754525636264,1.0542801806095352,55.84998818803996,washington,washington_v5,v5,2026-03-16T09:55:43.546822,16,SARIMAX,24,degraded,True,42,9,0,2
63.709585418602366,82.66040274044931,0.7771509808533709,51.68795241264392,washington,washington_v5,v5,2026-03-16T09:56:04.114897,17,SARIMAX,24,degraded,True,42,9,0,2
111.06215413293693,147.9960262789766,1.34971137688266,54.4423117588772,washington,washington_v5,v5,2026-03-16T09:56:44.051096,18,SARIMAX,24,degraded,True,42,9,0,2
124.79321391802904,161.0302809064851,1.506005752677558,58.00832464536197,washington,washington_v5,v5,2026-03-16T09:57:03.432409,19,SARIMAX,24,degraded,True,42,9,0,2
218.1934049184401,334.00388320600763,2.6612219528006644,98.95575882997116,washington,washington_v5,v5,2026-03-16T09:57:47.134958,0,SARIMAX,48,degraded,True,42,9,0,4
272.06956000058784,393.07174123771887,3.3415492057512712,108.05854557410228,washington,washington_v5,v5,2026-03-16T09:58:08.810727,1,SARIMAX,48,degraded,True,42,9,0,4
388.1749760682762,492.0098295287085,4.781237719226668,151.2641671412572,washington,washington_v5,v5,2026-03-16T09:58:57.590850,2,SARIMAX,48,degraded,True,42,9,0,3
272.85864702705067,370.44622637434105,3.345237252871247,116.9855270590445,washington,washington_v5,v5,2026-03-16T09:59:21.561487,3,SARIMAX,48,degraded,True,42,9,0,3
282.8095924329169,384.1848425431028,3.4659415171967827,109.79595633076228,washington,washington_v5,v5,2026-03-16T10:00:11.315768,4,SARIMAX,48,degraded,True,42,9,0,3
114.69321793893558,145.87968875934862,1.4114595205202582,55.92739100175476,washington,washington_v5,v5,2026-03-16T10:00:53.081970,5,SARIMAX,48,degraded,True,42,9,0,3
115.91535310393148,155.90614445923794,1.4135045019995658,58.96063784036374,washington,washington_v5,v5,2026-03-16T10:02:00.653812,6,SARIMAX,48,degraded,True,42,9,0,3
100.56619589670952,142.39510146819663,1.2149228770034122,48.69632974864497,washington,washington_v5,v5,2026-03-16T10:02:42.599420,7,SARIMAX,48,degraded,True,42,9,0,3
89.37230010906755,102.66720221800894,1.0900758600940628,50.13056900832956,washington,washington_v5,v5,2026-03-16T10:03:04.807009,8,SARIMAX,48,degraded,True,42,9,0,2
118.60740816696868,151.16274435079077,1.4414070160561332,58.65501165363764,washington,washington_v5,v5,2026-03-16T10:03:43.243937,9,SARIMAX,48,degraded,True,42,9,0,2
125.81862408414877,164.3744487336917,1.5236999350786598,71.64263355483604,washington,washington_v5,v5,2026-03-16T10:04:00.842091,10,SARIMAX,48,degraded,True,42,9,0,2
101.40661060454022,129.51760691671012,1.236447505806595,71.27428345567812,washington,washington_v5,v5,2026-03-16T10:05:04.177355,11,SARIMAX,48,degraded,True,42,9,0,2
146.73523910990733,196.763967643086,1.8013442678792362,69.22462842299663,washington,washington_v5,v5,2026-03-16T10:05:29.305977,12,SARIMAX,48,degraded,True,42,9,0,2
164.65128679405578,203.7655260518612,1.9864305517462524,84.45911978655319,washington,washington_v5,v5,2026-03-16T10:06:06.230290,13,SARIMAX,48,degraded,True,42,9,0,2
86.12696054251414,123.84504634712692,1.0390823106593354,56.44647750607592,washington,washington_v5,v5,2026-03-16T10:07:25.650454,14,SARIMAX,48,degraded,True,42,9,0,2
84.85482990100809,105.47729022944829,1.0369142669790803,53.79179010176842,washington,washington_v5,v5,2026-03-16T10:07:46.384392,15,SARIMAX,48,degraded,True,42,9,0,2
143.6520609371258,182.296651019736,1.7549764247576618,55.0082933064835,washington,washington_v5,v5,2026-03-16T10:08:31.624377,16,SARIMAX,48,degraded,True,42,9,0,2
113.1307976511531,155.9784826908899,1.367240988669841,68.46031014757297,washington,washington_v5,v5,2026-03-16T10:09:55.580268,17,SARIMAX,48,degraded,True,42,9,0,2
324.00497159049456,355.9266572754518,3.886402784028697,152.19114573267626,washington,washington_v5,v5,2026-03-16T10:10:16.807179,18,SARIMAX,48,degraded,True,42,9,0,2
109.29910507263064,151.51068926241336,1.3096299618225935,46.70200527144368,washington,washington_v5,v5,2026-03-16T10:10:49.534507,19,SARIMAX,48,degraded,True,42,9,0,1
271.2614968406044,370.4602426860648,3.308473281360741,117.6530226546978,washington,washington_v5,v5,2026-03-16T10:11:32.996585,0,SARIMAX,168,degraded,True,42,9,0,4
240.435047438078,348.4986526252963,2.9405273243445844,106.12194885816513,washington,washington_v5,v5,2026-03-16T10:12:55.000211,1,SARIMAX,168,degraded,True,42,9,0,3
132.0772480715256,174.51856164641984,1.5956024664447066,64.3312766183767,washington,washington_v5,v5,2026-03-16T10:13:34.468035,2,SARIMAX,168,degraded,True,42,9,0,3
259.38386727958977,344.8063804861371,3.175657877913413,117.89668149193972,washington,washington_v5,v5,2026-03-16T10:13:54.164128,3,SARIMAX,168,degraded,True,42,9,0,2
94.13701157188495,135.82124592256713,1.1357199056664105,49.5282308701193,washington,washington_v5,v5,2026-03-16T10:15:13.409650,4,SARIMAX,168,degraded,True,42,9,0,2
157.32442348452886,196.66685465696,1.8957666588611688,95.25149855566048,washington,washington_v5,v5,2026-03-16T10:16:30.497482,5,SARIMAX,168,degraded,True,42,9,0,2
96.18176371818842,132.6138062313245,1.1336824486725674,57.43950248636176,washington,washington_v5,v5,2026-03-16T10:17:46.360004,6,SARIMAX,168,degraded,True,42,9,0,1
107.62777241669149,146.6073952236234,1.2611988353235808,71.26467009050823,washington,washington_v5,v5,2026-03-16T10:19:09.995034,7,SARIMAX,168,degraded,True,42,9,0,0
281.80300432211817,346.66912754992734,3.2772096028504256,158.53157520476643,washington,washington_v5,v5,2026-03-16T10:20:02.793209,8,SARIMAX,168,degraded,True,42,9,0,0
194.63925384975263,239.6940604575788,2.282356279664208,88.97268075837775,washington,washington_v5,v5,2026-03-16T10:20:28.833427,9,SARIMAX,168,degraded,True,42,9,0,0
157.6501796645743,179.25091306645157,1.8333300917138264,72.82534961798633,washington,washington_v5,v5,2026-03-16T10:21:39.718185,10,SARIMAX,168,degraded,True,42,9,23,0
149.70053217184645,202.5509457273116,1.7550270546613886,96.13919814480371,washington,washington_v5,v5,2026-03-16T10:22:05.371265,11,SARIMAX,168,degraded,True,42,9,13,23
114.00740190739124,152.34972031728051,1.3318935048038247,63.69878131394976,washington,washington_v5,v5,2026-03-16T10:22:58.667192,12,SARIMAX,168,degraded,True,42,9,1,36
1050.3542327411724,1470.1902534829253,12.352148061774724,175.25229996071712,washington,washington_v5,v5,2026-03-16T10:23:38.671259,13,SARIMAX,168,degraded,True,42,9,0,37
1063.6042465889684,1485.2608599678322,12.658846562467934,145.9473681041498,washington,washington_v5,v5,2026-03-16T10:24:27.300672,14,SARIMAX,168,degraded,True,42,9,0,37
1120.7097482759043,1703.7162688567776,13.340768649413528,121.94927368058904,washington,washington_v5,v5,2026-03-16T10:25:41.554850,15,SARIMAX,168,degraded,True,42,9,1,37
759.9854721986567,1308.240755404362,9.11164487717196,110.46181573042163,washington,washington_v5,v5,2026-03-16T10:26:45.414796,16,SARIMAX,168,degraded,True,42,9,0,38
954.951211217278,1337.855437568683,11.47234063943389,169.40955438660953,washington,washington_v5,v5,2026-03-16T10:27:15.200652,17,SARIMAX,168,degraded,True,42,9,0,38
1028.285599025041,1763.246947973692,12.430802131671117,132.59078020602038,washington,washington_v5,v5,2026-03-16T10:28:34.344247,18,SARIMAX,168,degraded,True,42,9,1,38
111.10255848626092,138.8550765271661,1.3819097628323491,163.19482727106822,washington,washington_v5,v5,2026-03-16T10:29:02.145338,19,SARIMAX,168,degraded,True,42,9,1,39
4.781031211217244,6.103655746271159,0.0583124188426888,34.067157956327534,washington,washington_v5,v5,2026-03-16T10:29:04.474332,0,XGBoost,6,degraded,True,42,13,0,4
82.37710316975911,109.4967971756772,1.0053244264640044,35.83464005961616,washington,washington_v5,v5,2026-03-16T10:29:06.266975,1,XGBoost,6,degraded,True,42,13,0,4
92.40867360432942,136.53359578188642,1.1278673220378068,20.83047575311304,washington,washington_v5,v5,2026-03-16T10:29:08.072646,2,XGBoost,6,degraded,True,42,13,0,4
22.789459228515625,28.5036216247425,0.2782026830708126,8.591776001214283,washington,washington_v5,v5,2026-03-16T10:29:09.866402,3,XGBoost,6,degraded,True,42,13,0,4
5.38952390352885,5.847143989649945,0.0658402675329993,31.32409493449198,washington,washington_v5,v5,2026-03-16T10:29:11.795580,4,XGBoost,6,degraded,True,42,13,0,4
22.671719868977863,27.221335531909546,0.2778540872047561,7.720760244824267,washington,washington_v5,v5,2026-03-16T10:29:18.863095,5,XGBoost,6,degraded,True,42,13,0,4
29.723833719889324,37.02668474777197,0.3649020356395502,7.463732855488449,washington,washington_v5,v5,2026-03-16T10:29:20.572682,6,XGBoost,6,degraded,True,42,13,0,4
17.57280985514323,20.29415065228379,0.2158566568028453,4.949068784502581,washington,washington_v5,v5,2026-03-16T10:29:22.270675,7,XGBoost,6,degraded,True,42,13,0,4
2.516134262084961,4.03585558314875,0.0309030765698867,17.43028811484443,washington,washington_v5,v5,2026-03-16T10:29:23.966355,8,XGBoost,6,degraded,True,42,13,0,4
15.535474141438804,24.87062736452427,0.1908556787273728,5.666020364291198,washington,washington_v5,v5,2026-03-16T10:29:25.665468,9,XGBoost,6,degraded,True,42,13,0,4
39.56146494547526,53.65794977509215,0.486021587419032,8.90770948217766,washington,washington_v5,v5,2026-03-16T10:29:27.359948,10,XGBoost,6,degraded,True,42,13,0,4
47.905375162760414,49.97827803525029,0.5884378794433899,13.214065197006128,washington,washington_v5,v5,2026-03-16T10:29:29.580109,11,XGBoost,6,degraded,True,42,13,0,4
14.874173323313396,18.72630014027603,0.1825943268211372,39.30555388255003,washington,washington_v5,v5,2026-03-16T10:29:31.267661,12,XGBoost,6,degraded,True,42,13,0,4
120.7525889078776,163.36420073042194,1.4872060988886968,40.89090518706169,washington,washington_v5,v5,2026-03-16T10:29:32.945037,13,XGBoost,6,degraded,True,42,13,0,4
20.45442708333333,23.405708297216776,0.2525329788470478,5.004310971024674,washington,washington_v5,v5,2026-03-16T10:29:34.621855,14,XGBoost,6,degraded,True,42,13,0,4
31.005897521972656,37.97851187227922,0.3826913963235268,10.531202925973462,washington,washington_v5,v5,2026-03-16T10:29:36.662424,15,XGBoost,6,degraded,True,42,13,0,4
9.957527955373129,10.902424601929866,0.1226490917387471,34.604003878491376,washington,washington_v5,v5,2026-03-16T10:29:38.385099,16,XGBoost,6,degraded,True,42,13,0,3
35.61270840962728,46.120173394467216,0.4401915657183862,14.250090769038112,washington,washington_v5,v5,2026-03-16T10:29:40.114147,17,XGBoost,6,degraded,True,42,13,0,3
39.953704833984375,47.92317390362638,0.4936926809612926,6.538612358110106,washington,washington_v5,v5,2026-03-16T10:29:42.313293,18,XGBoost,6,degraded,True,42,13,0,3
61.53941090901693,69.43043114240248,0.7583777391723949,21.869872975826134,washington,washington_v5,v5,2026-03-16T10:29:44.070344,19,XGBoost,6,degraded,True,42,13,0,3
37.53551801045736,62.14363765400726,0.4578064335927682,22.35340633884859,washington,washington_v5,v5,2026-03-16T10:29:46.379788,0,XGBoost,24,degraded,True,42,13,0,4
14.214875439802803,22.198841824657304,0.17365378067849,11.62873793286134,washington,washington_v5,v5,2026-03-16T10:29:48.131058,1,XGBoost,24,degraded,True,42,13,0,4
27.1833267013232,40.01332997555442,0.3338647063210143,14.125016615578446,washington,washington_v5,v5,2026-03-16T10:29:49.878267,2,XGBoost,24,degraded,True,42,13,0,4
70.83894741535187,120.23667440265156,0.8696140373563119,31.656321621250672,washington,washington_v5,v5,2026-03-16T10:29:51.630841,3,XGBoost,24,degraded,True,42,13,0,4
48.34385589758555,60.85362974997647,0.5954620507782004,21.32871577031361,washington,washington_v5,v5,2026-03-16T10:29:53.387698,4,XGBoost,24,degraded,True,42,13,0,3
93.68027812242508,144.72423353807037,1.1533715078748108,39.7660687188052,washington,washington_v5,v5,2026-03-16T10:29:55.145306,5,XGBoost,24,degraded,True,42,13,0,3
55.42682820558548,82.77446306858549,0.6795309312789987,23.03528156108309,washington,washington_v5,v5,2026-03-16T10:29:56.896957,6,XGBoost,24,degraded,True,42,13,0,3
48.609952211380005,65.53240290772098,0.5945010689402926,20.96146429028197,washington,washington_v5,v5,2026-03-16T10:29:58.637992,7,XGBoost,24,degraded,True,42,13,0,3
47.2607079744339,67.34288158973247,0.5791983521193962,19.17087966627732,washington,washington_v5,v5,2026-03-16T10:30:00.381615,8,XGBoost,24,degraded,True,42,13,0,3
68.65664335091908,103.62837305059196,0.8453063257409097,24.076383926528635,washington,washington_v5,v5,2026-03-16T10:30:02.157357,9,XGBoost,24,degraded,True,42,13,0,3
41.20199143886566,50.44020615524147,0.5070477934601477,15.975192201618702,washington,washington_v5,v5,2026-03-16T10:30:03.896328,10,XGBoost,24,degraded,True,42,13,0,3
35.23944560686747,59.01037922622853,0.4336782404176884,19.86501892829066,washington,washington_v5,v5,2026-03-16T10:30:05.621530,11,XGBoost,24,degraded,True,42,13,0,3
55.95484389861425,81.77497454097363,0.6823291448584787,27.496560393541664,washington,washington_v5,v5,2026-03-16T10:30:07.354392,12,XGBoost,24,degraded,True,42,13,0,3
42.8464041352272,63.26027209849642,0.5222465408832251,22.95223923608115,washington,washington_v5,v5,2026-03-16T10:30:09.073794,13,XGBoost,24,degraded,True,42,13,0,3
36.47411734859149,54.53742948317508,0.4406375242713217,22.05719504286344,washington,washington_v5,v5,2026-03-16T10:30:10.790675,14,XGBoost,24,degraded,True,42,13,0,3
44.36635156472524,62.00127889962397,0.5377083334223102,21.57885761136784,washington,washington_v5,v5,2026-03-16T10:30:12.507802,15,XGBoost,24,degraded,True,42,13,0,2
22.84831525882085,29.91908193795645,0.2786813909574257,11.357674973712756,washington,washington_v5,v5,2026-03-16T10:30:14.227886,16,XGBoost,24,degraded,True,42,13,0,2
51.9076946179072,76.93937593087031,0.6331875418916952,17.689216623707917,washington,washington_v5,v5,2026-03-16T10:30:15.940431,17,XGBoost,24,degraded,True,42,13,0,2
34.12103708585104,45.48607254557568,0.4146646740768602,19.34018986489186,washington,washington_v5,v5,2026-03-16T10:30:17.660803,18,XGBoost,24,degraded,True,42,13,0,2
37.9759912888209,52.79695730471713,0.4582946423846729,23.32265579110025,washington,washington_v5,v5,2026-03-16T10:30:19.375029,19,XGBoost,24,degraded,True,42,13,0,2
36.95158399641514,57.67372405339419,0.4506844125686357,21.040587565519537,washington,washington_v5,v5,2026-03-16T10:30:21.392579,0,XGBoost,48,degraded,True,42,13,0,4
46.71014498670896,84.8944059566184,0.5736924332164421,18.88333313130623,washington,washington_v5,v5,2026-03-16T10:30:23.187886,1,XGBoost,48,degraded,True,42,13,0,4
65.4584976832072,99.20850644908953,0.8062669091575156,30.061745020646413,washington,washington_v5,v5,2026-03-16T10:30:24.982181,2,XGBoost,48,degraded,True,42,13,0,3
54.98280849059423,82.15519580540618,0.6740872654550208,26.290597126935573,washington,washington_v5,v5,2026-03-16T10:30:26.769356,3,XGBoost,48,degraded,True,42,13,0,3
40.7064993083477,54.7647944115085,0.4988739765112827,16.056869866789466,washington,washington_v5,v5,2026-03-16T10:30:28.687153,4,XGBoost,48,degraded,True,42,13,0,3
37.90252550443014,60.12960216803288,0.4664432774348777,17.353932066463962,washington,washington_v5,v5,2026-03-16T10:30:30.464867,5,XGBoost,48,degraded,True,42,13,0,3
51.2283399005731,78.13675310736706,0.6246928223088689,26.310104628395965,washington,washington_v5,v5,2026-03-16T10:30:32.239645,6,XGBoost,48,degraded,True,42,13,0,3
31.60167007148266,46.11571728697209,0.3817743286301889,20.03293106987689,washington,washington_v5,v5,2026-03-16T10:30:34.011712,7,XGBoost,48,degraded,True,42,13,0,3
37.92828414837519,59.5613291779416,0.4626120947371403,15.478928252881092,washington,washington_v5,v5,2026-03-16T10:30:35.782364,8,XGBoost,48,degraded,True,42,13,0,2
39.72475308179855,57.23878399906496,0.4827652731656968,21.25679427993617,washington,washington_v5,v5,2026-03-16T10:30:37.565961,9,XGBoost,48,degraded,True,42,13,0,2
90.52664831280708,141.04094280672496,1.0963038990544054,43.77675815630555,washington,washington_v5,v5,2026-03-16T10:30:39.339289,10,XGBoost,48,degraded,True,42,13,0,2
44.582839250564575,67.41327474962821,0.5435971093453434,24.74828961220499,washington,washington_v5,v5,2026-03-16T10:30:41.100268,11,XGBoost,48,degraded,True,42,13,0,2
66.28755689660709,104.08641159812476,0.8137562004310643,25.669357561142075,washington,washington_v5,v5,2026-03-16T10:30:42.867650,12,XGBoost,48,degraded,True,42,13,0,2
123.93897289037704,179.8533164366264,1.4952580516995002,52.9823948089276,washington,washington_v5,v5,2026-03-16T10:30:44.633546,13,XGBoost,48,degraded,True,42,13,0,2
39.96808766325315,61.05247132077997,0.482196661999558,17.826087267852596,washington,washington_v5,v5,2026-03-16T10:30:46.409091,14,XGBoost,48,degraded,True,42,13,0,2
37.804949214061104,56.582169257833975,0.4619712425116041,16.357943689275288,washington,washington_v5,v5,2026-03-16T10:30:48.181228,15,XGBoost,48,degraded,True,42,13,0,2
43.08535899718603,62.00935749954944,0.5263675912410113,18.58567008684224,washington,washington_v5,v5,2026-03-16T10:30:49.955172,16,XGBoost,48,degraded,True,42,13,0,2
53.87851675848166,116.28602163490936,0.6511482111889821,28.89967460490052,washington,washington_v5,v5,2026-03-16T10:30:51.736240,17,XGBoost,48,degraded,True,42,13,0,2
46.59153380990029,75.33033192680382,0.5588601490344409,18.79142029265008,washington,washington_v5,v5,2026-03-16T10:30:53.508554,18,XGBoost,48,degraded,True,42,13,0,2
38.70953520139059,51.40452675115496,0.4638205141229647,18.452377477958105,washington,washington_v5,v5,2026-03-16T10:30:55.286944,19,XGBoost,48,degraded,True,42,13,0,1
56.559573020253865,88.66631684269886,0.6898355952545617,25.42008774194907,washington,washington_v5,v5,2026-03-16T10:30:57.587779,0,XGBoost,168,degraded,True,42,13,0,4
56.0896792383421,81.84197581440058,0.6859783387301105,23.13197774487244,washington,washington_v5,v5,2026-03-16T10:30:59.639679,1,XGBoost,168,degraded,True,42,13,0,3
51.779036025206246,86.51553795555726,0.6255336085379879,25.867822850589327,washington,washington_v5,v5,2026-03-16T10:31:01.678940,2,XGBoost,168,degraded,True,42,13,0,3
73.30867781241734,118.936851505636,0.8975241315354466,31.285659978368784,washington,washington_v5,v5,2026-03-16T10:31:03.711242,3,XGBoost,168,degraded,True,42,13,0,2
53.74700306533348,74.81904434644186,0.6484329620406554,21.653892923131536,washington,washington_v5,v5,2026-03-16T10:31:05.749888,4,XGBoost,168,degraded,True,42,13,0,2
58.9363778849088,91.84803117720226,0.7101861091468751,27.45021818386083,washington,washington_v5,v5,2026-03-16T10:31:07.794498,5,XGBoost,168,degraded,True,42,13,0,2
45.28414429369427,66.66458398233202,0.5337585588400784,20.562025961310308,washington,washington_v5,v5,2026-03-16T10:31:09.835385,6,XGBoost,168,degraded,True,42,13,0,1
66.73488964920952,101.95482680667853,0.7820097286337391,31.783553302290297,washington,washington_v5,v5,2026-03-16T10:31:11.868542,7,XGBoost,168,degraded,True,42,13,0,0
50.94871788791248,82.36031305440709,0.5925047815470679,22.346106919478963,washington,washington_v5,v5,2026-03-16T10:31:13.887088,8,XGBoost,168,degraded,True,42,13,0,0
55.78886665332885,89.22325823541954,0.6541849479132497,24.34323196444169,washington,washington_v5,v5,2026-03-16T10:31:15.911187,9,XGBoost,168,degraded,True,42,13,0,0
59.59999103489376,96.501190501983,0.6930944021924154,34.82376470589771,washington,washington_v5,v5,2026-03-16T10:31:17.929949,10,XGBoost,168,degraded,True,42,13,23,0
76.78876026755287,120.45439223324584,0.9002396304694482,41.855620328462216,washington,washington_v5,v5,2026-03-16T10:31:19.950401,11,XGBoost,168,degraded,True,42,13,13,23
51.00657495998201,77.37560127022567,0.5958852210900626,30.315375114218124,washington,washington_v5,v5,2026-03-16T10:31:21.966685,12,XGBoost,168,degraded,True,42,13,1,36
45.90325133857273,74.64936229977093,0.5398214615379475,27.336905710538502,washington,washington_v5,v5,2026-03-16T10:31:23.993571,13,XGBoost,168,degraded,True,42,13,0,37
81.88174394979363,119.60063671749184,0.9745433381372092,52.36185354835576,washington,washington_v5,v5,2026-03-16T10:31:26.032776,14,XGBoost,168,degraded,True,42,13,0,37
97.06784213298845,143.45694827360592,1.1554817178900731,57.19324124600978,washington,washington_v5,v5,2026-03-16T10:31:28.076764,15,XGBoost,168,degraded,True,42,13,1,37
35.53040271997452,49.71821460602785,0.4259823690980874,25.266167464108165,washington,washington_v5,v5,2026-03-16T10:31:30.119551,16,XGBoost,168,degraded,True,42,13,0,38
28.83205084573655,47.60634398337715,0.3463748773239767,21.333561618560267,washington,washington_v5,v5,2026-03-16T10:31:32.147815,17,XGBoost,168,degraded,True,42,13,0,38
64.02097931646165,99.31900307351069,0.7739407484781508,53.52157408807155,washington,washington_v5,v5,2026-03-16T10:31:34.193137,18,XGBoost,168,degraded,True,42,13,1,38
53.36227009285773,81.16599005466615,0.663727667597644,71.7170834763257,washington,washington_v5,v5,2026-03-16T10:31:36.244417,19,XGBoost,168,degraded,True,42,13,1,39
4.188455104827881,5.5366633528611375,0.0510849935058965,27.31307375269617,washington,washington_v5,v5,2026-03-16T10:31:38.515159,0,TabPFN,6,degraded,True,42,9,0,4
60.02161407470703,73.92248781826355,0.7324995954367342,30.44534620380172,washington,washington_v5,v5,2026-03-16T10:31:40.260921,1,TabPFN,6,degraded,True,42,9,0,4
52.85055033365885,75.40467222897003,0.6450520968223855,16.067504444812073,washington,washington_v5,v5,2026-03-16T10:31:42.112081,2,TabPFN,6,degraded,True,42,9,0,4
80.89142481486003,83.52219727707406,0.9874833446138236,27.370583479827832,washington,washington_v5,v5,2026-03-16T10:31:43.854884,3,TabPFN,6,degraded,True,42,9,0,4
5.747014919916789,7.060352230050202,0.0702075000717055,31.09263220572236,washington,washington_v5,v5,2026-03-16T10:31:45.495313,4,TabPFN,6,degraded,True,42,9,0,4
15.38604990641276,16.359747588022017,0.1885642940694061,4.602462465068729,washington,washington_v5,v5,2026-03-16T10:31:47.453046,5,TabPFN,6,degraded,True,42,9,0,4
29.312291463216145,40.21034969843984,0.3598497732488058,8.573073363295546,washington,washington_v5,v5,2026-03-16T10:31:49.046651,6,TabPFN,6,degraded,True,42,9,0,4
92.95002110799152,115.31629991068348,1.1417571220263696,27.75834879382721,washington,washington_v5,v5,2026-03-16T10:31:50.691895,7,TabPFN,6,degraded,True,42,9,0,4
4.960238377253215,7.657781418684622,0.0609214812925475,22.37936314624116,washington,washington_v5,v5,2026-03-16T10:31:52.384066,8,TabPFN,6,degraded,True,42,9,0,4
20.619140625,27.008956122783417,0.2533092999242737,7.13544496478523,washington,washington_v5,v5,2026-03-16T10:31:54.096102,9,TabPFN,6,degraded,True,42,9,0,4
44.58102162679037,57.458526910262414,0.5476879819712793,10.3532682618623,washington,washington_v5,v5,2026-03-16T10:31:55.945192,10,TabPFN,6,degraded,True,42,9,0,4
61.65525563557943,74.1954579450487,0.7573322985046408,20.210044006122743,washington,washington_v5,v5,2026-03-16T10:31:57.693148,11,TabPFN,6,degraded,True,42,9,0,4
4.391406377156575,8.074769525229145,0.053908602098791,16.23900513600445,washington,washington_v5,v5,2026-03-16T10:31:59.439384,12,TabPFN,6,degraded,True,42,9,0,4
29.835172017415363,35.57669388595665,0.3674542317228849,10.939208429741743,washington,washington_v5,v5,2026-03-16T10:32:01.039923,13,TabPFN,6,degraded,True,42,9,0,4
15.494308471679688,16.966450694392776,0.1912947186243395,3.818430278610721,washington,washington_v5,v5,2026-03-16T10:32:02.666265,14,TabPFN,6,degraded,True,42,9,0,4
93.87926991780598,114.02679828337972,1.1587082381736744,35.85958236278463,washington,washington_v5,v5,2026-03-16T10:32:04.300246,15,TabPFN,6,degraded,True,42,9,0,4
10.464252948760986,12.8008711410672,0.1288905364506153,24.641476560524865,washington,washington_v5,v5,2026-03-16T10:32:05.854576,16,TabPFN,6,degraded,True,42,9,0,3
24.11326726277669,35.50496793806106,0.2980525027441648,6.662195677064704,washington,washington_v5,v5,2026-03-16T10:32:07.496625,17,TabPFN,6,degraded,True,42,9,0,3
54.58046468098959,61.36612152751714,0.6744299695969824,9.055929898924404,washington,washington_v5,v5,2026-03-16T10:32:09.327048,18,TabPFN,6,degraded,True,42,9,0,3
106.3986587524414,134.7137560819817,1.3111983537663126,38.27641597713253,washington,washington_v5,v5,2026-03-16T10:32:10.947647,19,TabPFN,6,degraded,True,42,9,0,3
63.11422902345657,111.26077130203126,0.7697802409476796,26.666776965403788,washington,washington_v5,v5,2026-03-16T10:32:12.933921,0,TabPFN,24,degraded,True,42,9,0,4
18.048645615577698,25.5534859733767,0.2204884285158956,13.28418897905905,washington,washington_v5,v5,2026-03-16T10:32:14.656663,1,TabPFN,24,degraded,True,42,9,0,4
33.77527238925298,47.6455184470825,0.4148267620460638,14.16216521568672,washington,washington_v5,v5,2026-03-16T10:32:16.342473,2,TabPFN,24,degraded,True,42,9,0,4
42.51195311546326,59.591995193116624,0.5218738071851772,18.195439600239173,washington,washington_v5,v5,2026-03-16T10:32:18.111950,3,TabPFN,24,degraded,True,42,9,0,4
48.01297175884247,66.14190686864727,0.5913864770746189,18.460289994285425,washington,washington_v5,v5,2026-03-16T10:32:19.959237,4,TabPFN,24,degraded,True,42,9,0,3
66.70410092671712,94.1093260099454,0.8212465954332471,40.03307474164418,washington,washington_v5,v5,2026-03-16T10:32:21.703953,5,TabPFN,24,degraded,True,42,9,0,3
48.594956497351326,83.5612590239944,0.5957724285002457,29.798430449902423,washington,washington_v5,v5,2026-03-16T10:32:23.448181,6,TabPFN,24,degraded,True,42,9,0,3
49.65842771530152,69.2279682605179,0.6073239535448393,23.9945278265859,washington,washington_v5,v5,2026-03-16T10:32:25.249154,7,TabPFN,24,degraded,True,42,9,0,3
32.060362120469414,43.91006375427946,0.3929122034856572,13.858514981202196,washington,washington_v5,v5,2026-03-16T10:32:27.047862,8,TabPFN,24,degraded,True,42,9,0,3
39.02679576476415,61.51965108136263,0.4805011681788265,16.59823327898249,washington,washington_v5,v5,2026-03-16T10:32:28.843149,9,TabPFN,24,degraded,True,42,9,0,3
38.02350723743439,60.42733491404295,0.4679321258770655,13.71984974720036,washington,washington_v5,v5,2026-03-16T10:32:30.588555,10,TabPFN,24,degraded,True,42,9,0,3
36.88843023777008,56.64660999734468,0.4539716570957956,17.457240718384227,washington,washington_v5,v5,2026-03-16T10:32:32.256359,11,TabPFN,24,degraded,True,42,9,0,3
90.75726970036824,126.918592434712,1.106719738804887,40.72833273457382,washington,washington_v5,v5,2026-03-16T10:32:33.989446,12,TabPFN,24,degraded,True,42,9,0,3
70.776817937692,114.54235679873888,0.8626849577860248,30.62293013766472,washington,washington_v5,v5,2026-03-16T10:32:35.669366,13,TabPFN,24,degraded,True,42,9,0,3
35.817578295866646,58.562183668863966,0.4327059891497108,17.26465940829536,washington,washington_v5,v5,2026-03-16T10:32:37.320587,14,TabPFN,24,degraded,True,42,9,0,3
51.64262549082438,78.98434484149597,0.6258948303583741,23.80287804895418,washington,washington_v5,v5,2026-03-16T10:32:38.978609,15,TabPFN,24,degraded,True,42,9,0,2
29.09772692124049,43.979526903729855,0.3549055989578953,13.076210978354805,washington,washington_v5,v5,2026-03-16T10:32:40.828956,16,TabPFN,24,degraded,True,42,9,0,2
61.78702149788538,89.58707953696876,0.7536988986129763,21.284744421889293,washington,washington_v5,v5,2026-03-16T10:32:42.573009,17,TabPFN,24,degraded,True,42,9,0,2
28.787633061409,41.962819214457966,0.3498491107060579,14.488331843338123,washington,washington_v5,v5,2026-03-16T10:32:44.152693,18,TabPFN,24,degraded,True,42,9,0,2
65.37141827742259,98.13816085212888,0.7889029290579567,28.725230588835508,washington,washington_v5,v5,2026-03-16T10:32:45.799246,19,TabPFN,24,degraded,True,42,9,0,2
42.60725496212641,74.37590630073434,0.5196644797589992,19.5145302153338,washington,washington_v5,v5,2026-03-16T10:32:47.797720,0,TabPFN,48,degraded,True,42,9,0,4
37.37837082147598,67.52584732134089,0.4590798960769801,18.16384996342597,washington,washington_v5,v5,2026-03-16T10:32:49.579116,1,TabPFN,48,degraded,True,42,9,0,4
51.89788063367208,69.72611466375979,0.6392377657801193,29.511761717957093,washington,washington_v5,v5,2026-03-16T10:32:51.308561,2,TabPFN,48,degraded,True,42,9,0,3
52.99267906943957,74.89399088168275,0.6496883499351411,31.02077232623001,washington,washington_v5,v5,2026-03-16T10:32:53.007981,3,TabPFN,48,degraded,True,42,9,0,3
29.1337151825428,41.3943656665836,0.3570450073234805,13.44925144927128,washington,washington_v5,v5,2026-03-16T10:32:54.796704,4,TabPFN,48,degraded,True,42,9,0,3
46.36637224753698,74.95534709264216,0.5706026800609595,17.264153311231347,washington,washington_v5,v5,2026-03-16T10:32:56.417230,5,TabPFN,48,degraded,True,42,9,0,3
66.93273368477821,104.1772184617416,0.816196628497896,31.20887223630791,washington,washington_v5,v5,2026-03-16T10:32:58.158311,6,TabPFN,48,degraded,True,42,9,0,3
33.85528266429901,50.36075860751053,0.4089998338857293,16.607430390220866,washington,washington_v5,v5,2026-03-16T10:33:00.011208,7,TabPFN,48,degraded,True,42,9,0,3
36.96724475423495,58.81188292688153,0.4508902766472709,14.461623950391852,washington,washington_v5,v5,2026-03-16T10:33:01.755883,8,TabPFN,48,degraded,True,42,9,0,2
57.042222917079926,87.96972081346257,0.6932202768344021,28.27512145575432,washington,washington_v5,v5,2026-03-16T10:33:03.602486,9,TabPFN,48,degraded,True,42,9,0,2
61.2232932249705,94.3595857922662,0.7414317919245303,29.798193691469603,washington,washington_v5,v5,2026-03-16T10:33:05.349941,10,TabPFN,48,degraded,True,42,9,0,2
45.64534481366476,66.451617623125,0.5565522051282414,24.363982141044257,washington,washington_v5,v5,2026-03-16T10:33:07.197832,11,TabPFN,48,degraded,True,42,9,0,2
68.41536082824071,97.2137604256682,0.839877447369901,28.427972053926265,washington,washington_v5,v5,2026-03-16T10:33:08.940910,12,TabPFN,48,degraded,True,42,9,0,2
83.73894201715787,130.11246291243955,1.0102659750351588,32.71183458059929,washington,washington_v5,v5,2026-03-16T10:33:10.572941,13,TabPFN,48,degraded,True,42,9,0,2
38.878001004457474,56.46628279023745,0.469045266001075,18.583459873682543,washington,washington_v5,v5,2026-03-16T10:33:12.339321,14,TabPFN,48,degraded,True,42,9,0,2
39.17550685008367,58.76143850600532,0.4787192669689843,18.069168846441222,washington,washington_v5,v5,2026-03-16T10:33:14.174378,15,TabPFN,48,degraded,True,42,9,0,2
40.20663217703501,54.142273341206646,0.49119860257684,18.938276811071173,washington,washington_v5,v5,2026-03-16T10:33:15.866522,16,TabPFN,48,degraded,True,42,9,0,2
67.86582801739375,110.74344404417936,0.8201917048399158,33.6318607095219,washington,washington_v5,v5,2026-03-16T10:33:17.610027,17,TabPFN,48,degraded,True,42,9,0,2
32.87752257784208,51.84972772104799,0.3943621440475463,16.52881819918894,washington,washington_v5,v5,2026-03-16T10:33:19.191146,18,TabPFN,48,degraded,True,42,9,0,2
46.51696785291036,68.73961774968032,0.5573697496683773,17.452939877374515,washington,washington_v5,v5,2026-03-16T10:33:20.952547,19,TabPFN,48,degraded,True,42,9,0,1
46.86642887194952,68.854805975439,0.5716120036259736,24.52777166783809,washington,washington_v5,v5,2026-03-16T10:33:23.029931,0,TabPFN,168,degraded,True,42,9,0,4
58.93927720614842,92.04131762795949,0.7208290012147024,26.07704378511811,washington,washington_v5,v5,2026-03-16T10:33:24.726622,1,TabPFN,168,degraded,True,42,9,0,3
48.27313269036157,76.85676729108285,0.583179394698179,22.39608561782049,washington,washington_v5,v5,2026-03-16T10:33:26.657212,2,TabPFN,168,degraded,True,42,9,0,3
70.35351158323742,110.75719804551018,0.8613437899642292,30.38742641665052,washington,washington_v5,v5,2026-03-16T10:33:28.371517,3,TabPFN,168,degraded,True,42,9,0,2
52.62407139085588,77.7486757701883,0.6348853059794297,20.75158510092065,washington,washington_v5,v5,2026-03-16T10:33:30.113957,4,TabPFN,168,degraded,True,42,9,0,2
62.45717472689493,99.23795937612012,0.7526118757114503,26.11896934864464,washington,washington_v5,v5,2026-03-16T10:33:31.801751,5,TabPFN,168,degraded,True,42,9,0,2
49.51184433982486,74.56499293061083,0.5835899318079678,24.62117588349524,washington,washington_v5,v5,2026-03-16T10:33:33.555510,6,TabPFN,168,degraded,True,42,9,0,1
68.80240964038032,106.35405975143476,0.8062372467391722,33.90956632434052,washington,washington_v5,v5,2026-03-16T10:33:35.318583,7,TabPFN,168,degraded,True,42,9,0,0
47.57863329138075,70.89213761734716,0.5533126032069549,22.59786373413484,washington,washington_v5,v5,2026-03-16T10:33:37.148741,8,TabPFN,168,degraded,True,42,9,0,0
60.93653717211315,97.8403097134521,0.7145469658608672,26.639704860335083,washington,washington_v5,v5,2026-03-16T10:33:38.913991,9,TabPFN,168,degraded,True,42,9,0,0
64.3694217801094,98.896685034381,0.7485586009910026,34.27137009496103,washington,washington_v5,v5,2026-03-16T10:33:40.768190,10,TabPFN,168,degraded,True,42,9,23,0
57.54491329476947,86.1060302765181,0.6746327366059796,32.635497831837974,washington,washington_v5,v5,2026-03-16T10:33:42.506333,11,TabPFN,168,degraded,True,42,9,13,23
51.86040407703037,84.12239518767169,0.6058600949682766,30.372481543035533,washington,washington_v5,v5,2026-03-16T10:33:44.339310,12,TabPFN,168,degraded,True,42,9,1,36
47.67729787031809,86.59536984853102,0.5606842188302261,28.25795908826007,washington,washington_v5,v5,2026-03-16T10:33:46.110710,13,TabPFN,168,degraded,True,42,9,0,37
88.78716274670192,130.85499411352365,1.056730521274158,56.39261438835453,washington,washington_v5,v5,2026-03-16T10:33:47.933808,14,TabPFN,168,degraded,True,42,9,0,37
104.2217168921516,157.60825859686983,1.2406404204494972,57.22737772355208,washington,washington_v5,v5,2026-03-16T10:33:49.798125,15,TabPFN,168,degraded,True,42,9,1,37
45.6160827648072,72.40255651550696,0.5469019633206382,28.76195143229645,washington,washington_v5,v5,2026-03-16T10:33:51.545595,16,TabPFN,168,degraded,True,42,9,0,38
41.68088513328915,72.85707547022429,0.5007348090513184,28.12552844456164,washington,washington_v5,v5,2026-03-16T10:33:53.295033,17,TabPFN,168,degraded,True,42,9,0,38
44.79940418118522,69.1472836629083,0.5415737899286788,42.57923468567095,washington,washington_v5,v5,2026-03-16T10:33:54.935079,18,TabPFN,168,degraded,True,42,9,1,38
37.842022670166834,60.95361632787873,0.4706845754564095,57.63782038412116,washington,washington_v5,v5,2026-03-16T10:33:56.634272,19,TabPFN,168,degraded,True,42,9,1,39
21.666666666666668,26.61453237111885,0.0562334030408274,18.46204475803699,london,london_v5,v5,2026-03-16T10:34:02.410909,0,Seasonal_Naive,6,clean_only,False,42,0,0,0
71.33333333333333,83.87291974568828,0.1858423310564977,4.52038329400921,london,london_v5,v5,2026-03-16T10:34:02.410990,1,Seasonal_Naive,6,clean_only,False,42,0,0,0
112.33333333333331,138.4894701171657,0.2937054884750265,4.722656459392734,london,london_v5,v5,2026-03-16T10:34:02.411056,2,Seasonal_Naive,6,clean_only,False,42,0,0,0
243.5,250.0576600173115,0.6367832405858345,19.31420415825757,london,london_v5,v5,2026-03-16T10:34:02.411120,3,Seasonal_Naive,6,clean_only,False,42,0,0,0
22.666666666666668,30.886890422961,0.0592317642571675,13.3627521727784,london,london_v5,v5,2026-03-16T10:34:02.411186,4,Seasonal_Naive,6,clean_only,False,42,0,0,0
81.16666666666667,96.182985328314,0.2123950295811851,4.553193520230558,london,london_v5,v5,2026-03-16T10:34:02.411250,5,Seasonal_Naive,6,clean_only,False,42,0,0,0
213.5,287.23074347987193,0.5587719219313795,7.679885888481204,london,london_v5,v5,2026-03-16T10:34:02.411311,6,Seasonal_Naive,6,clean_only,False,42,0,0,0
304.0,404.04455199891015,0.7952649827537802,12.033052237790226,london,london_v5,v5,2026-03-16T10:34:02.411372,7,Seasonal_Naive,6,clean_only,False,42,0,0,0
34.0,44.30199393556307,0.0888652681658123,21.985501680233696,london,london_v5,v5,2026-03-16T10:34:02.411433,8,Seasonal_Naive,6,clean_only,False,42,0,0,0
762.1666666666666,951.4664996730048,1.992497927385518,41.599685860507776,london,london_v5,v5,2026-03-16T10:34:02.411496,9,Seasonal_Naive,6,clean_only,False,42,0,0,0
942.5,989.7386018540452,2.457836448649005,53.49816497531261,london,london_v5,v5,2026-03-16T10:34:02.411555,10,Seasonal_Naive,6,clean_only,False,42,0,0,0
558.6666666666666,750.4494209027904,1.4520529291815176,28.345709477689528,london,london_v5,v5,2026-03-16T10:34:02.411631,11,Seasonal_Naive,6,clean_only,False,42,0,0,0
102.33333333333331,108.96023739572767,0.2654400534403158,49.71588460112095,london,london_v5,v5,2026-03-16T10:34:02.411691,12,Seasonal_Naive,6,clean_only,False,42,0,0,0
958.1666666666666,1153.4219378296334,2.48849537729469,91.36365222940913,london,london_v5,v5,2026-03-16T10:34:02.411750,13,Seasonal_Naive,6,clean_only,False,42,0,0,0
1118.3333333333333,1170.272760228714,2.8958824448377247,64.32709909970986,london,london_v5,v5,2026-03-16T10:34:02.411809,14,Seasonal_Naive,6,clean_only,False,42,0,0,0
520.8333333333334,640.4804186442133,1.343248353478364,44.01175592674145,london,london_v5,v5,2026-03-16T10:34:02.411868,15,Seasonal_Naive,6,clean_only,False,42,0,0,0
13.5,16.46713899457543,0.0347555597704964,5.812998093213395,london,london_v5,v5,2026-03-16T10:34:02.411928,16,Seasonal_Naive,6,clean_only,False,42,0,0,0
250.16666666666663,336.3448131506317,0.6443434647559241,33.30256033972695,london,london_v5,v5,2026-03-16T10:34:02.411988,17,Seasonal_Naive,6,clean_only,False,42,0,0,0
402.0,446.56615784599416,1.0350362591232685,16.1407338262224,london,london_v5,v5,2026-03-16T10:34:02.412046,18,Seasonal_Naive,6,clean_only,False,42,0,0,0
189.3333333333333,210.8443343638461,0.4869474119465593,24.134132795690626,london,london_v5,v5,2026-03-16T10:34:02.412106,19,Seasonal_Naive,6,clean_only,False,42,0,0,0
112.20833333333331,149.54193949078856,0.2912241430556697,11.754822167424129,london,london_v5,v5,2026-03-16T10:34:03.202412,0,Seasonal_Naive,24,clean_only,False,42,0,0,0
155.33333333333334,252.96178894581425,0.4059117962329422,9.4072209548201,london,london_v5,v5,2026-03-16T10:34:03.202492,1,Seasonal_Naive,24,clean_only,False,42,0,0,0
574.3333333333334,782.6250698770133,1.5011260495068106,36.3572654984359,london,london_v5,v5,2026-03-16T10:34:03.202555,2,Seasonal_Naive,24,clean_only,False,42,0,0,0
674.9166666666666,883.4602424557655,1.7506506456132884,62.35459796424535,london,london_v5,v5,2026-03-16T10:34:03.202618,3,Seasonal_Naive,24,clean_only,False,42,0,0,0
213.75,298.8627053793542,0.5502963630328607,19.847606263713345,london,london_v5,v5,2026-03-16T10:34:03.202677,4,Seasonal_Naive,24,clean_only,False,42,0,0,0
850.0,1186.7016263576957,2.187473535058858,68.21552867569577,london,london_v5,v5,2026-03-16T10:34:03.202739,5,Seasonal_Naive,24,clean_only,False,42,0,0,0
269.125,338.8601604398684,0.6882871283397606,18.59161645929434,london,london_v5,v5,2026-03-16T10:34:03.202795,6,Seasonal_Naive,24,clean_only,False,42,0,0,0
77.75,131.229125324119,0.1987995345826093,8.450248672963284,london,london_v5,v5,2026-03-16T10:34:03.202856,7,Seasonal_Naive,24,clean_only,False,42,0,0,0
158.08333333333334,241.29960629889143,0.4072719649776808,14.99313591367665,london,london_v5,v5,2026-03-16T10:34:03.202913,8,Seasonal_Naive,24,clean_only,False,42,0,0,0
222.125,306.2755431524583,0.5719650836169468,15.492963758041125,london,london_v5,v5,2026-03-16T10:34:03.202973,9,Seasonal_Naive,24,clean_only,False,42,0,0,0
533.5416666666666,860.92902824023,1.3726365424548366,48.7593721100106,london,london_v5,v5,2026-03-16T10:34:03.203031,10,Seasonal_Naive,24,clean_only,False,42,0,0,0
293.5416666666667,395.1458064225576,0.750921872110806,21.885763832886305,london,london_v5,v5,2026-03-16T10:34:03.203089,11,Seasonal_Naive,24,clean_only,False,42,0,0,0
392.625,573.7522331111227,1.004012863771753,24.94689778170444,london,london_v5,v5,2026-03-16T10:34:03.203145,12,Seasonal_Naive,24,clean_only,False,42,0,0,0
792.2083333333334,1169.3961582799902,2.032204300262404,56.48016763098239,london,london_v5,v5,2026-03-16T10:34:03.203204,13,Seasonal_Naive,24,clean_only,False,42,0,0,0
136.5,196.2959075817256,0.347264663195861,9.754893174570256,london,london_v5,v5,2026-03-16T10:34:03.203260,14,Seasonal_Naive,24,clean_only,False,42,0,0,0
63.66666666666666,85.24327930497904,0.1633368300240778,6.896845650620019,london,london_v5,v5,2026-03-16T10:34:03.203317,15,Seasonal_Naive,24,clean_only,False,42,0,0,0
12.666666666666666,62.05374015050717,0.0325057943275775,1.910507792860734,london,london_v5,v5,2026-03-16T10:34:03.203374,16,Seasonal_Naive,24,clean_only,False,42,0,0,0
1155.7916666666667,1691.2669191072905,2.967064029183208,86.82730786951551,london,london_v5,v5,2026-03-16T10:34:03.203434,17,Seasonal_Naive,24,clean_only,False,42,0,0,0
363.6666666666667,583.9991438349889,0.9190323845223726,39.3210618025693,london,london_v5,v5,2026-03-16T10:34:03.203495,18,Seasonal_Naive,24,clean_only,False,42,0,0,0
655.5416666666666,887.7575447909938,1.6540480932204265,65.03985464268935,london,london_v5,v5,2026-03-16T10:34:03.203557,19,Seasonal_Naive,24,clean_only,False,42,0,0,0
120.08333333333331,162.380468858378,0.3116628222378166,12.906825394032802,london,london_v5,v5,2026-03-16T10:34:03.415284,0,Seasonal_Naive,48,clean_only,False,42,0,0,0
724.0,1074.1390932587208,1.89230747506024,51.88307147905401,london,london_v5,v5,2026-03-16T10:34:03.415371,1,Seasonal_Naive,48,clean_only,False,42,0,0,0
519.0,875.7632385525211,1.3361581867324197,43.857144484882,london,london_v5,v5,2026-03-16T10:34:03.415441,2,Seasonal_Naive,48,clean_only,False,42,0,0,0
244.04166666666663,315.4068140248928,0.624136508853689,17.552512043526903,london,london_v5,v5,2026-03-16T10:34:03.415507,3,Seasonal_Naive,48,clean_only,False,42,0,0,0
217.0625,354.78922733551724,0.559220690972912,16.539181909364277,london,london_v5,v5,2026-03-16T10:34:03.415569,4,Seasonal_Naive,48,clean_only,False,42,0,0,0
576.1875,932.54163222525,1.4823509900302,52.596164098876606,london,london_v5,v5,2026-03-16T10:34:03.415640,5,Seasonal_Naive,48,clean_only,False,42,0,0,0
572.0625,984.4454128255834,1.462866880309273,41.57627767437564,london,london_v5,v5,2026-03-16T10:34:03.415704,6,Seasonal_Naive,48,clean_only,False,42,0,0,0
122.25,179.22251067690502,0.3110117587962931,10.337071014316765,london,london_v5,v5,2026-03-16T10:34:03.415766,7,Seasonal_Naive,48,clean_only,False,42,0,0,0
577.8958333333334,1195.2282470306666,1.4830234027182136,43.46297338165193,london,london_v5,v5,2026-03-16T10:34:03.415826,8,Seasonal_Naive,48,clean_only,False,42,0,0,0
637.8125,995.7949609064442,1.6118341230609785,62.633303602898096,london,london_v5,v5,2026-03-16T10:34:03.415890,9,Seasonal_Naive,48,clean_only,False,42,0,0,0
453.0625,680.2586671014686,1.139001596566333,33.54430585564036,london,london_v5,v5,2026-03-16T10:34:03.415951,10,Seasonal_Naive,48,clean_only,False,42,0,0,0
166.08333333333334,289.06566439709394,0.4188376770055189,12.765781501883987,london,london_v5,v5,2026-03-16T10:34:03.416011,11,Seasonal_Naive,48,clean_only,False,42,0,0,0
909.2291666666666,1380.131523019938,2.291334095382383,66.0239718109086,london,london_v5,v5,2026-03-16T10:34:03.416070,12,Seasonal_Naive,48,clean_only,False,42,0,0,0
1094.5833333333333,1530.0409716736349,2.727753236744068,69.77931285493125,london,london_v5,v5,2026-03-16T10:34:03.416134,13,Seasonal_Naive,48,clean_only,False,42,0,0,0
94.27083333333331,156.73777198450497,0.2333310235514679,9.825177994463912,london,london_v5,v5,2026-03-16T10:34:03.416197,14,Seasonal_Naive,48,clean_only,False,42,0,0,0
858.2291666666666,1330.2404779462497,2.1401817295128165,57.67360671942904,london,london_v5,v5,2026-03-16T10:34:03.416259,15,Seasonal_Naive,48,clean_only,False,42,0,0,0
433.6666666666667,814.594454314538,1.0663990237959795,37.35187882649606,london,london_v5,v5,2026-03-16T10:34:03.416320,16,Seasonal_Naive,48,clean_only,False,42,0,0,0
253.6458333333333,422.2340139069802,0.6242257709754747,15.497299866051224,london,london_v5,v5,2026-03-16T10:34:03.416382,17,Seasonal_Naive,48,clean_only,False,42,0,0,0
168.52083333333334,258.3508193006814,0.419198370489289,12.726854185181532,london,london_v5,v5,2026-03-16T10:34:03.416442,18,Seasonal_Naive,48,clean_only,False,42,0,0,0
776.7291666666666,1170.9826980646071,1.9369828379887355,58.46811584453528,london,london_v5,v5,2026-03-16T10:34:03.416503,19,Seasonal_Naive,48,clean_only,False,42,0,0,0
437.9404761904762,831.7284212209336,1.136625383331274,34.57563266241867,london,london_v5,v5,2026-03-16T10:34:03.632836,0,Seasonal_Naive,168,clean_only,False,42,0,0,0
453.07738095238096,876.756661821066,1.158476816247472,33.51912243797507,london,london_v5,v5,2026-03-16T10:34:03.632922,1,Seasonal_Naive,168,clean_only,False,42,0,0,0
419.5119047619048,840.9617510128904,1.0672649107237877,32.45601289652552,london,london_v5,v5,2026-03-16T10:34:03.632990,2,Seasonal_Naive,168,clean_only,False,42,0,0,0
409.79761904761904,849.8374144225359,1.0268859959667254,31.674521799393307,london,london_v5,v5,2026-03-16T10:34:03.633055,3,Seasonal_Naive,168,clean_only,False,42,0,0,0
549.2559523809524,1019.4581865126294,1.359470888600581,38.05243457762351,london,london_v5,v5,2026-03-16T10:34:03.633119,4,Seasonal_Naive,168,clean_only,False,42,0,0,0
386.9404761904762,779.1357620558086,0.9535046497828495,30.39058505227523,london,london_v5,v5,2026-03-16T10:34:03.633183,5,Seasonal_Naive,168,clean_only,False,42,0,0,0
370.5238095238095,772.0236395344381,0.9131029428132116,34.19455028072761,london,london_v5,v5,2026-03-16T10:34:03.633243,6,Seasonal_Naive,168,clean_only,False,42,0,0,0
367.9821428571428,790.0320555582057,0.9084232673230884,31.00213348887855,london,london_v5,v5,2026-03-16T10:34:03.633303,7,Seasonal_Naive,168,clean_only,False,42,0,0,0
398.3154761904762,843.7504673720047,0.9857005105213824,35.16866877828587,london,london_v5,v5,2026-03-16T10:34:03.633363,8,Seasonal_Naive,168,clean_only,False,42,0,0,0
347.2559523809524,729.4364058902567,0.8527708435551792,33.70174571574866,london,london_v5,v5,2026-03-16T10:34:03.633427,9,Seasonal_Naive,168,clean_only,False,42,0,0,0
342.54761904761904,693.4640616224497,0.8508231308824447,34.34400280709031,london,london_v5,v5,2026-03-16T10:34:03.633488,10,Seasonal_Naive,168,clean_only,False,42,0,0,0
460.8035714285714,864.5416587775887,1.168629322889164,46.67417979007277,london,london_v5,v5,2026-03-16T10:34:03.633551,11,Seasonal_Naive,168,clean_only,False,42,0,0,0
360.4107142857143,716.226541209786,0.924223734693916,47.848330401396375,london,london_v5,v5,2026-03-16T10:34:03.633609,12,Seasonal_Naive,168,clean_only,False,42,0,0,0
341.125,699.629821337514,0.8642556093263333,39.3961314054384,london,london_v5,v5,2026-03-16T10:34:03.633673,13,Seasonal_Naive,168,clean_only,False,42,0,0,0
277.7202380952381,633.4565465985582,0.7098993788637921,37.22211894056868,london,london_v5,v5,2026-03-16T10:34:03.633735,14,Seasonal_Naive,168,clean_only,False,42,0,0,0
281.9047619047619,648.9122216668226,0.7348319048362836,34.382776047349104,london,london_v5,v5,2026-03-16T10:34:03.633797,15,Seasonal_Naive,168,clean_only,False,42,0,0,0
322.1190476190476,679.7296293730465,0.8499921342294817,38.149059669106,london,london_v5,v5,2026-03-16T10:34:03.633858,16,Seasonal_Naive,168,clean_only,False,42,0,0,0
332.1904761904762,641.4809595214588,0.8997757139030774,38.64275015267479,london,london_v5,v5,2026-03-16T10:34:03.633925,17,Seasonal_Naive,168,clean_only,False,42,0,0,0
524.7619047619048,937.686673478432,1.4608349475510285,53.42048302111319,london,london_v5,v5,2026-03-16T10:34:03.633986,18,Seasonal_Naive,168,clean_only,False,42,0,0,0
200.1428571428572,398.9949725187501,0.552560319777367,44.11016320024216,london,london_v5,v5,2026-03-16T10:34:03.634048,19,Seasonal_Naive,168,clean_only,False,42,0,0,0
455.4578261760159,478.647129079588,1.182089700344078,126.21576200927947,london,london_v5,v5,2026-03-16T10:34:04.108647,0,ARIMA,6,clean_only,False,42,0,0,0
2051.320218099199,2412.315849529697,5.34423548235811,168.85709379333204,london,london_v5,v5,2026-03-16T10:34:04.287747,1,ARIMA,6,clean_only,False,42,0,0,0
749.9926636726213,1320.0014942420678,1.9609225071512184,25.90633936747712,london,london_v5,v5,2026-03-16T10:34:04.451529,2,ARIMA,6,clean_only,False,42,0,0,0
2640.7789714641985,2885.7280092697115,6.905970394742913,86.82743551628374,london,london_v5,v5,2026-03-16T10:34:04.622940,3,ARIMA,6,clean_only,False,42,0,0,0
724.0963348671297,739.8335241837123,1.8921839738086268,140.86173482239593,london,london_v5,v5,2026-03-16T10:34:04.792335,4,ARIMA,6,clean_only,False,42,0,0,0
1937.345724273984,2305.228867495535,5.069600851123064,160.34653722961076,london,london_v5,v5,2026-03-16T10:34:04.965922,5,ARIMA,6,clean_only,False,42,0,0,0
655.6831267923262,1073.4288828915958,1.716053025460068,25.159425766964688,london,london_v5,v5,2026-03-16T10:34:05.129150,6,ARIMA,6,clean_only,False,42,0,0,0
2290.249348486024,2486.393696195629,5.991299699426298,85.97041863196701,london,london_v5,v5,2026-03-16T10:34:05.297524,7,ARIMA,6,clean_only,False,42,0,0,0
624.8595471420712,640.6486010724096,1.6331856241984768,127.00136937033326,london,london_v5,v5,2026-03-16T10:34:05.477341,8,ARIMA,6,clean_only,False,42,0,0,0
1187.6392645038957,1391.6675046832454,3.104791742408493,147.99482324418827,london,london_v5,v5,2026-03-16T10:34:05.643984,9,ARIMA,6,clean_only,False,42,0,0,0
501.6668651020619,839.8533231825324,1.3082388393923938,33.389184665331115,london,london_v5,v5,2026-03-16T10:34:05.817741,10,ARIMA,6,clean_only,False,42,0,0,0
1598.34920669176,1678.4259691250472,4.154333497789485,82.7402744510168,london,london_v5,v5,2026-03-16T10:34:05.958671,11,ARIMA,6,clean_only,False,42,0,0,0
439.2595412073552,466.71378338027614,1.1393851083933126,95.6078294537336,london,london_v5,v5,2026-03-16T10:34:06.194251,12,ARIMA,6,clean_only,False,42,0,0,0
549.2335586188841,692.2261125167697,1.4264378205025623,119.50542465453542,london,london_v5,v5,2026-03-16T10:34:06.351204,13,ARIMA,6,clean_only,False,42,0,0,0
787.4419705740635,843.1125567345791,2.039051605586159,41.12203407960522,london,london_v5,v5,2026-03-16T10:34:06.540365,14,ARIMA,6,clean_only,False,42,0,0,0
1644.077109568099,1695.791558163805,4.240135431204129,104.60388938980876,london,london_v5,v5,2026-03-16T10:34:06.746368,15,ARIMA,6,clean_only,False,42,0,0,0
343.25733704329286,367.3869831249356,0.8837111773533048,85.64023311178734,london,london_v5,v5,2026-03-16T10:34:06.950643,16,ARIMA,6,clean_only,False,42,0,0,0
688.4274901735662,946.3912055436002,1.7731529150632666,107.7611663717424,london,london_v5,v5,2026-03-16T10:34:07.117352,17,ARIMA,6,clean_only,False,42,0,0,0
1054.5085237986586,1092.407376059154,2.7150610887715514,48.24373272603273,london,london_v5,v5,2026-03-16T10:34:07.283716,18,ARIMA,6,clean_only,False,42,0,0,0
1795.603393821428,1889.28889529145,4.6181219656891,104.69855230235504,london,london_v5,v5,2026-03-16T10:34:07.451021,19,ARIMA,6,clean_only,False,42,0,0,0
1392.8282445382197,1883.831526288216,3.614929478850732,106.67306136335516,london,london_v5,v5,2026-03-16T10:34:07.899711,0,ARIMA,24,clean_only,False,42,0,0,0
1128.7177885524627,1509.6289936409637,2.9495270278416594,87.41937650515773,london,london_v5,v5,2026-03-16T10:34:08.092699,1,ARIMA,24,clean_only,False,42,0,0,0
613.2103016464775,844.6222692296259,1.602738173466262,65.05414984760507,london,london_v5,v5,2026-03-16T10:34:08.269023,2,ARIMA,24,clean_only,False,42,0,0,0
662.2489695687938,887.6359361858875,1.7177922007146718,70.98848376032446,london,london_v5,v5,2026-03-16T10:34:08.435024,3,ARIMA,24,clean_only,False,42,0,0,0
858.5268714646077,1168.6936264206004,2.210265333019667,84.35174131297214,london,london_v5,v5,2026-03-16T10:34:08.617325,4,ARIMA,24,clean_only,False,42,0,0,0
1174.9102728672608,1642.72642245291,3.0236295623128404,104.40892241310549,london,london_v5,v5,2026-03-16T10:34:08.775475,5,ARIMA,24,clean_only,False,42,0,0,0
1351.18562492735,1823.852687210794,3.4556569387281395,103.48703655614696,london,london_v5,v5,2026-03-16T10:34:08.923275,6,ARIMA,24,clean_only,False,42,0,0,0
1212.6681305110642,1672.8343850972146,3.1006798707236345,91.63389255169288,london,london_v5,v5,2026-03-16T10:34:09.085339,7,ARIMA,24,clean_only,False,42,0,0,0
1110.6969032051334,1515.08170922614,2.861501593650899,88.58098643651374,london,london_v5,v5,2026-03-16T10:34:09.282279,8,ARIMA,24,clean_only,False,42,0,0,0
1113.5627124543164,1412.137967714417,2.867389937835215,92.81997155278296,london,london_v5,v5,2026-03-16T10:34:09.591456,9,ARIMA,24,clean_only,False,42,0,0,0
853.6285233881482,1047.0591341368438,2.196120337151429,75.2636822716413,london,london_v5,v5,2026-03-16T10:34:09.757727,10,ARIMA,24,clean_only,False,42,0,0,0
617.9874313578207,703.9258692656965,1.5809008791352603,65.25204006773258,london,london_v5,v5,2026-03-16T10:34:09.917715,11,ARIMA,24,clean_only,False,42,0,0,0
996.0668599979314,1297.1614793333715,2.5471224211771046,82.61492116242486,london,london_v5,v5,2026-03-16T10:34:10.095601,12,ARIMA,24,clean_only,False,42,0,0,0
1226.816451881272,1693.5309777645346,3.147078317966593,94.94218809129116,london,london_v5,v5,2026-03-16T10:34:10.263758,13,ARIMA,24,clean_only,False,42,0,0,0
1213.9434185914286,1688.9634243808457,3.088349101802085,95.73052617009036,london,london_v5,v5,2026-03-16T10:34:10.421236,14,ARIMA,24,clean_only,False,42,0,0,0
1267.264081559283,1723.630595236568,3.2511659353706976,100.82458443838549,london,london_v5,v5,2026-03-16T10:34:10.581260,15,ARIMA,24,clean_only,False,42,0,0,0
1275.1196110261778,1733.894462417093,3.2722717751903394,101.49327567076476,london,london_v5,v5,2026-03-16T10:34:10.776282,16,ARIMA,24,clean_only,False,42,0,0,0
725.6404565732167,854.8244490346312,1.8628112305289768,79.49394325967369,london,london_v5,v5,2026-03-16T10:34:10.938165,17,ARIMA,24,clean_only,False,42,0,0,0
863.1612145692089,1152.3660484651343,2.181319273838957,91.47393682107888,london,london_v5,v5,2026-03-16T10:34:11.105758,18,ARIMA,24,clean_only,False,42,0,0,0
833.8947539682957,1192.9127998019967,2.10406461996737,88.8305657098897,london,london_v5,v5,2026-03-16T10:34:11.263284,19,ARIMA,24,clean_only,False,42,0,0,0
1317.322206898196,1778.6118679390736,3.418962027467932,104.09653806258186,london,london_v5,v5,2026-03-16T10:34:11.647743,0,ARIMA,48,clean_only,False,42,0,0,0
650.1853134939653,850.5797890504189,1.6993791835621763,69.43372483223834,london,london_v5,v5,2026-03-16T10:34:11.822153,1,ARIMA,48,clean_only,False,42,0,0,0
991.1745268196258,1387.11891849459,2.5517648525831893,90.75291277291952,london,london_v5,v5,2026-03-16T10:34:12.029671,2,ARIMA,48,clean_only,False,42,0,0,0
1328.586896226969,1806.54048198673,3.397860695044667,103.28138823471382,london,london_v5,v5,2026-03-16T10:34:12.186887,3,ARIMA,48,clean_only,False,42,0,0,0
1117.1186933540575,1469.0931237353675,2.878046127710741,91.36520418886536,london,london_v5,v5,2026-03-16T10:34:12.344958,4,ARIMA,48,clean_only,False,42,0,0,0
732.9184007958302,897.5453730033294,1.8855707856054664,70.2462064292971,london,london_v5,v5,2026-03-16T10:34:12.508599,5,ARIMA,48,clean_only,False,42,0,0,0
1101.533460100836,1489.9883991396218,2.8168195194301133,87.70893971959062,london,london_v5,v5,2026-03-16T10:34:12.709218,6,ARIMA,48,clean_only,False,42,0,0,0
1237.727321402278,1699.6428644017326,3.1488568600371964,98.09762761057776,london,london_v5,v5,2026-03-16T10:34:12.874391,7,ARIMA,48,clean_only,False,42,0,0,0
952.3826284916048,1384.322033580689,2.4440489875978275,85.13333834010014,london,london_v5,v5,2026-03-16T10:34:13.035195,8,ARIMA,48,clean_only,False,42,0,0,0
892.1947449932222,1239.4415463366338,2.25469073496641,98.08643739390249,london,london_v5,v5,2026-03-16T10:34:13.191602,9,ARIMA,48,clean_only,False,42,0,0,0
1316.0006078943672,1831.1984573815623,3.308432707350418,111.11666850450436,london,london_v5,v5,2026-03-16T10:34:13.357664,10,ARIMA,48,clean_only,False,42,0,0,0
1141.5849957017244,1572.5574223032731,2.878909027821769,90.4887043498692,london,london_v5,v5,2026-03-16T10:34:13.515327,11,ARIMA,48,clean_only,False,42,0,0,0
787.8163564516786,1220.5376991719822,1.9853635855694447,69.51413100726477,london,london_v5,v5,2026-03-16T10:34:13.681260,12,ARIMA,48,clean_only,False,42,0,0,0
1416.1583541949285,1973.8626092911304,3.529133339380922,111.95511498277192,london,london_v5,v5,2026-03-16T10:34:13.831089,13,ARIMA,48,clean_only,False,42,0,0,0
1344.505783481182,1850.8098224122616,3.327804576854268,96.86947563800324,london,london_v5,v5,2026-03-16T10:34:14.024460,14,ARIMA,48,clean_only,False,42,0,0,0
658.1640461743574,856.309448420317,1.64127568877146,71.79866618235847,london,london_v5,v5,2026-03-16T10:34:14.198157,15,ARIMA,48,clean_only,False,42,0,0,0
921.7965281069802,1255.8741704880922,2.266724637306241,84.81020199810199,london,london_v5,v5,2026-03-16T10:34:14.365725,16,ARIMA,48,clean_only,False,42,0,0,0
1276.6552554543562,1787.5582254887613,3.141865571505756,104.98590403526418,london,london_v5,v5,2026-03-16T10:34:14.518393,17,ARIMA,48,clean_only,False,42,0,0,0
1171.8510233663894,1602.4058294930282,2.91499887423254,93.92270521691844,london,london_v5,v5,2026-03-16T10:34:14.695216,18,ARIMA,48,clean_only,False,42,0,0,0
948.7404272592812,1254.3004393450929,2.365939125466077,81.12324440456187,london,london_v5,v5,2026-03-16T10:34:14.879603,19,ARIMA,48,clean_only,False,42,0,0,0
1045.215040058234,1480.4057095418575,2.7127383974736587,91.4021435348471,london,london_v5,v5,2026-03-16T10:34:15.281221,0,ARIMA,168,clean_only,False,42,0,0,0
998.9411257328056,1336.790345970643,2.554199753969256,82.33038690212776,london,london_v5,v5,2026-03-16T10:34:15.456010,1,ARIMA,168,clean_only,False,42,0,0,0
1027.1303640834524,1445.3115541750358,2.6130848347375983,90.920867518976,london,london_v5,v5,2026-03-16T10:34:15.674334,2,ARIMA,168,clean_only,False,42,0,0,0
1145.3738540303582,1657.157263397344,2.870120069471509,93.13337884273264,london,london_v5,v5,2026-03-16T10:34:15.840228,3,ARIMA,168,clean_only,False,42,0,0,0
989.8207737408192,1412.4114149010084,2.4499188784383783,84.76756057226851,london,london_v5,v5,2026-03-16T10:34:16.002179,4,ARIMA,168,clean_only,False,42,0,0,0
1127.2266999419546,1564.1738887879462,2.7777293043515545,94.92670198027844,london,london_v5,v5,2026-03-16T10:34:16.163414,5,ARIMA,168,clean_only,False,42,0,0,0
998.1055568998833,1456.0094445003183,2.459688413586114,91.51785273236509,london,london_v5,v5,2026-03-16T10:34:16.313312,6,ARIMA,168,clean_only,False,42,0,0,0
996.8967384358368,1423.1144008712583,2.4610003770351017,94.3336782901438,london,london_v5,v5,2026-03-16T10:34:16.486926,7,ARIMA,168,clean_only,False,42,0,0,0
906.827027481622,1297.5941650763505,2.2441002606581493,97.14428000357708,london,london_v5,v5,2026-03-16T10:34:16.652912,8,ARIMA,168,clean_only,False,42,0,0,0
944.9218251548244,1334.1061274168835,2.3204837135433323,96.42546277701202,london,london_v5,v5,2026-03-16T10:34:16.845991,9,ARIMA,168,clean_only,False,42,0,0,0
960.9977826631582,1327.906462118924,2.3869357039754866,92.6852774398527,london,london_v5,v5,2026-03-16T10:34:17.007810,10,ARIMA,168,clean_only,False,42,0,0,0
707.582623132329,1066.3777473067748,1.7944778491966378,88.89762831274591,london,london_v5,v5,2026-03-16T10:34:17.184193,11,ARIMA,168,clean_only,False,42,0,0,0
726.510086885752,1091.5755876355736,1.8630352516713904,99.97047735251412,london,london_v5,v5,2026-03-16T10:34:17.345021,12,ARIMA,168,clean_only,False,42,0,0,0
715.7038057902321,1052.6940479823204,1.813267948026128,97.38311789147885,london,london_v5,v5,2026-03-16T10:34:17.500400,13,ARIMA,168,clean_only,False,42,0,0,0
773.7916291468994,1128.4705454317957,1.977940825158772,93.84538648714086,london,london_v5,v5,2026-03-16T10:34:17.658889,14,ARIMA,168,clean_only,False,42,0,0,0
761.1901310621242,1104.7676258067156,1.9841693704341523,98.00215427066487,london,london_v5,v5,2026-03-16T10:34:17.847351,15,ARIMA,168,clean_only,False,42,0,0,0
739.3637408348839,1074.3030896462808,1.9509972126434867,88.01164227668075,london,london_v5,v5,2026-03-16T10:34:18.042296,16,ARIMA,168,clean_only,False,42,0,0,0
672.1939560402055,959.9201957888088,1.8207138374750007,81.53527711182413,london,london_v5,v5,2026-03-16T10:34:18.220578,17,ARIMA,168,clean_only,False,42,0,0,0
558.590999512719,873.3001050279224,1.555008559254848,86.23433769416718,london,london_v5,v5,2026-03-16T10:34:18.388263,18,ARIMA,168,clean_only,False,42,0,0,0
397.69741556606095,577.1733082228212,1.097974787893437,94.0182322828606,london,london_v5,v5,2026-03-16T10:34:18.553565,19,ARIMA,168,clean_only,False,42,0,0,0
133.72348984322193,138.22244225204238,0.3470643184790719,155.06486176240136,london,london_v5,v5,2026-03-16T10:39:19.728631,0,SARIMAX,6,clean_only,True,42,9,0,0
204.30678912366224,278.1468459449948,0.532273597309482,9.367696091730403,london,london_v5,v5,2026-03-16T10:45:13.344405,1,SARIMAX,6,clean_only,True,42,9,0,0
368.0141363754492,429.8675320131318,0.9622056826991068,13.810240019677687,london,london_v5,v5,2026-03-16T10:50:11.972458,2,SARIMAX,6,clean_only,True,42,9,0,0
497.9706690519061,517.7218354448343,1.302256165731289,30.01804046297105,london,london_v5,v5,2026-03-16T10:54:59.358542,3,SARIMAX,6,clean_only,True,42,9,0,0
236.67700425851248,252.4992994581133,0.6184763171176257,91.29785619559571,london,london_v5,v5,2026-03-16T10:59:53.697128,4,SARIMAX,6,clean_only,True,42,9,0,0
384.18523030571606,497.24912852895625,1.0053268996563076,19.323135986769405,london,london_v5,v5,2026-03-16T11:04:48.604834,5,SARIMAX,6,clean_only,True,42,9,0,0
149.1813891573565,176.80918429875845,0.3904373374044457,6.053523631325253,london,london_v5,v5,2026-03-16T11:09:43.972706,6,SARIMAX,6,clean_only,True,42,9,0,0
308.4891655023557,346.29987326009103,0.8070086542202598,24.097369708443324,london,london_v5,v5,2026-03-16T11:15:27.211667,7,SARIMAX,6,clean_only,True,42,9,0,0
313.2962476136942,330.69862788023715,0.8188575017509907,96.1173384000964,london,london_v5,v5,2026-03-16T11:21:19.502269,8,SARIMAX,6,clean_only,True,42,9,0,0
410.6176037037226,525.3124762943443,1.073459074123344,27.56583608510424,london,london_v5,v5,2026-03-16T11:27:00.494322,9,SARIMAX,6,clean_only,True,42,9,0,0
181.70125205718023,201.5819600249896,0.4738376234178224,14.872394796699554,london,london_v5,v5,2026-03-16T11:31:55.537861,10,SARIMAX,6,clean_only,True,42,9,0,0
182.32659563542288,203.1991850323052,0.4738923638307457,23.47935213917748,london,london_v5,v5,2026-03-16T11:36:46.782603,11,SARIMAX,6,clean_only,True,42,9,0,0
107.76561494227008,130.1507048348214,0.2795307223710554,43.17713906934674,london,london_v5,v5,2026-03-16T11:41:20.947633,12,SARIMAX,6,clean_only,True,42,9,0,0
549.1969115186604,667.9747609789462,1.4263426427608703,67.1240269879,london,london_v5,v5,2026-03-16T11:46:17.537587,13,SARIMAX,6,clean_only,True,42,9,0,0
662.7513634550743,765.7449544503451,1.7161699303026672,34.21941895951269,london,london_v5,v5,2026-03-16T11:51:08.705537,14,SARIMAX,6,clean_only,True,42,9,0,0
721.0814197179217,763.5200190442907,1.859695545139084,68.38731419819317,london,london_v5,v5,2026-03-16T11:56:11.063027,15,SARIMAX,6,clean_only,True,42,9,0,0
140.70140018174698,179.33278628179178,0.3622337721340185,50.08002218386965,london,london_v5,v5,2026-03-16T12:01:44.299079,16,SARIMAX,6,clean_only,True,42,9,0,0
880.3784489622127,1053.8207372765069,2.267552698603965,86.58256122367818,london,london_v5,v5,2026-03-16T12:07:16.348078,17,SARIMAX,6,clean_only,True,42,9,0,0
505.42980769524337,544.6255348554904,1.3013387497668598,20.04827764043558,london,london_v5,v5,2026-03-16T12:10:32.386589,18,SARIMAX,6,clean_only,True,42,9,0,0
183.13541583649112,244.42104758024308,0.4710069548098747,26.32769177716124,london,london_v5,v5,2026-03-16T12:13:23.708401,19,SARIMAX,6,clean_only,True,42,9,0,0
275.4459816198818,398.797732227712,0.7148891492495613,48.13676036685623,london,london_v5,v5,2026-03-16T12:18:28.353508,0,SARIMAX,24,clean_only,True,42,9,0,0
282.84156665599056,338.620328763085,0.7391119852189223,35.76412399130036,london,london_v5,v5,2026-03-16T12:23:23.763224,1,SARIMAX,24,clean_only,True,42,9,0,0
569.3156250993911,663.8431706619615,1.488011343983661,55.51146788458984,london,london_v5,v5,2026-03-16T12:29:14.506767,2,SARIMAX,24,clean_only,True,42,9,0,0
497.1850206393274,750.0305074077994,1.2896366623605304,46.2522223040456,london,london_v5,v5,2026-03-16T12:33:49.563945,3,SARIMAX,24,clean_only,True,42,9,0,0
721.3307740845729,886.8039002526589,1.8570559135551743,63.94581399775415,london,london_v5,v5,2026-03-16T12:39:19.326427,4,SARIMAX,24,clean_only,True,42,9,0,0
876.4728156763089,1131.8868884492078,2.2556012805769954,80.72108018118735,london,london_v5,v5,2026-03-16T12:44:09.065307,5,SARIMAX,24,clean_only,True,42,9,0,0
497.27273983214513,637.556353429767,1.2717749228080335,61.58292562739762,london,london_v5,v5,2026-03-16T12:49:39.187746,6,SARIMAX,24,clean_only,True,42,9,0,0
669.3370118952415,785.9561742802205,1.7114326230699484,56.79155446679568,london,london_v5,v5,2026-03-16T12:55:22.882167,7,SARIMAX,24,clean_only,True,42,9,0,0
433.74597420145096,574.7385269475948,1.1174648932895102,71.25662498129896,london,london_v5,v5,2026-03-16T12:58:34.934279,8,SARIMAX,24,clean_only,True,42,9,0,0
1467.575453359413,1760.1373597874217,3.778961921867845,141.16930893321154,london,london_v5,v5,2026-03-16T13:03:28.544179,9,SARIMAX,24,clean_only,True,42,9,0,0
1716.823639089419,1975.800016597464,4.416852536911077,87.04060301984953,london,london_v5,v5,2026-03-16T13:08:28.044240,10,SARIMAX,24,clean_only,True,42,9,0,0
233.39611284549264,322.2094082792415,0.5970608806290609,33.23004404261818,london,london_v5,v5,2026-03-16T13:13:29.716589,11,SARIMAX,24,clean_only,True,42,9,0,0
483.9139016386576,713.7176624615824,1.2374550326728837,42.345923318168445,london,london_v5,v5,2026-03-16T13:18:58.403551,12,SARIMAX,24,clean_only,True,42,9,0,0
967.264933333762,1237.755468232205,2.4812664476060355,87.59294088351449,london,london_v5,v5,2026-03-16T13:23:52.668366,13,SARIMAX,24,clean_only,True,42,9,0,0
452.7460412458077,601.6142387223666,1.1518146631976909,69.15331801775709,london,london_v5,v5,2026-03-16T13:28:23.334032,14,SARIMAX,24,clean_only,True,42,9,0,0
428.0349297798612,592.8297565795149,1.0981235901019046,28.91818473123384,london,london_v5,v5,2026-03-16T13:33:13.959552,15,SARIMAX,24,clean_only,True,42,9,0,0
461.4768607765255,538.3007792961394,1.184263572895096,47.43261507574143,london,london_v5,v5,2026-03-16T13:38:12.401105,16,SARIMAX,24,clean_only,True,42,9,0,0
1251.9928014503566,1579.486735294022,3.2140245626559,116.71645340947154,london,london_v5,v5,2026-03-16T13:43:49.994129,17,SARIMAX,24,clean_only,True,42,9,0,0
1358.4030248756253,1667.2480111604416,3.432858948929009,137.86029086870084,london,london_v5,v5,2026-03-16T13:48:40.580097,18,SARIMAX,24,clean_only,True,42,9,0,0
1357.2747682689032,1648.7423527200835,3.424645383483952,89.05450013998882,london,london_v5,v5,2026-03-16T13:54:23.350938,19,SARIMAX,24,clean_only,True,42,9,0,0
312.75541139817165,473.4145710334519,0.8117215893393775,38.00105895420252,london,london_v5,v5,2026-03-16T13:59:27.140040,0,SARIMAX,48,clean_only,True,42,9,0,0
566.9605443158855,704.5138157735323,1.481855906178415,73.10826259124347,london,london_v5,v5,2026-03-16T14:05:20.319613,1,SARIMAX,48,clean_only,True,42,9,0,0
775.8620794882736,905.4204636074354,1.997445990912324,67.85921427815532,london,london_v5,v5,2026-03-16T14:10:49.566160,2,SARIMAX,48,clean_only,True,42,9,0,0
829.4861775006744,1027.2755732093517,2.12141071661668,69.85730639714335,london,london_v5,v5,2026-03-16T14:16:20.689551,3,SARIMAX,48,clean_only,True,42,9,0,0
1000.6074342537714,1250.1083963231629,2.577876790214923,117.49520851033796,london,london_v5,v5,2026-03-16T14:19:32.343374,4,SARIMAX,48,clean_only,True,42,9,0,0
2278.213564113093,2472.2838430373804,5.861133975074561,104.9331864662344,london,london_v5,v5,2026-03-16T14:24:31.776787,5,SARIMAX,48,clean_only,True,42,9,0,0
545.3661636686526,709.6129403513931,1.394599538463364,61.67764855699456,london,london_v5,v5,2026-03-16T14:30:02.000074,6,SARIMAX,48,clean_only,True,42,9,0,0
738.9303594625144,894.3798684984026,1.8798857318970448,93.64991130721737,london,london_v5,v5,2026-03-16T14:34:36.911769,7,SARIMAX,48,clean_only,True,42,9,0,0
769.0294167894089,1053.902724943403,1.973519372685272,66.54637935129206,london,london_v5,v5,2026-03-16T14:39:32.791975,8,SARIMAX,48,clean_only,True,42,9,0,0
1707.8155327834247,2000.704595361144,4.315869243130056,164.79486037631983,london,london_v5,v5,2026-03-16T14:44:26.127901,9,SARIMAX,48,clean_only,True,42,9,0,0
1257.1595211793194,1524.4695500585217,3.1605058943563225,110.41803386580978,london,london_v5,v5,2026-03-16T14:50:08.859393,10,SARIMAX,48,clean_only,True,42,9,0,0
682.0285406308082,842.3008406973889,1.7199754115962178,54.09283790237834,london,london_v5,v5,2026-03-16T14:55:45.272170,11,SARIMAX,48,clean_only,True,42,9,0,0
2341.8335034094766,2914.221368023488,5.901617709584668,170.96075236797995,london,london_v5,v5,2026-03-16T15:00:42.412830,12,SARIMAX,48,clean_only,True,42,9,0,0
2524.920254159288,2800.161521841424,6.292220232176918,102.24232817210384,london,london_v5,v5,2026-03-16T15:06:17.705872,13,SARIMAX,48,clean_only,True,42,9,0,0
862.5818284488041,1024.5804025353589,2.134988031952508,88.03760279797123,london,london_v5,v5,2026-03-16T15:11:13.897802,14,SARIMAX,48,clean_only,True,42,9,0,0
1506.9978904502957,1732.1146252641402,3.7580281314405104,158.41761297335222,london,london_v5,v5,2026-03-16T15:16:14.860957,15,SARIMAX,48,clean_only,True,42,9,0,0
739.3054114123853,1143.7385926301113,1.817973641085133,74.12116633633822,london,london_v5,v5,2026-03-16T15:21:13.539790,16,SARIMAX,48,clean_only,True,42,9,0,0
717.8167638625382,891.3290036853493,1.766556607505399,79.74086782426468,london,london_v5,v5,2026-03-16T15:26:40.038569,17,SARIMAX,48,clean_only,True,42,9,0,0
1168.3807403886262,1393.6913121942473,2.9063664877160456,110.40746197225056,london,london_v5,v5,2026-03-16T15:31:30.310389,18,SARIMAX,48,clean_only,True,42,9,0,0
1874.2061875708885,2291.076605564323,4.673836616380151,90.88768984044911,london,london_v5,v5,2026-03-16T15:36:28.201150,19,SARIMAX,48,clean_only,True,42,9,0,0
572.9348589645743,740.0220423508881,1.4869881618597476,57.21229981134909,london,london_v5,v5,2026-03-16T15:41:31.764714,0,SARIMAX,168,clean_only,True,42,9,0,0
971.8787771067203,1176.7667300281769,2.485003839993976,95.53933984541708,london,london_v5,v5,2026-03-16T15:47:15.931527,1,SARIMAX,168,clean_only,True,42,9,0,0
871.30084717152,1066.5042361135986,2.216644653738361,95.29157522800554,london,london_v5,v5,2026-03-16T15:51:50.360397,2,SARIMAX,168,clean_only,True,42,9,0,0
1165.892751870518,1541.6602278154514,2.921537080858009,111.32492224317488,london,london_v5,v5,2026-03-16T15:57:27.021146,3,SARIMAX,168,clean_only,True,42,9,0,0
1714.5431819381092,1992.2173689078488,4.243689181681959,164.28859893067508,london,london_v5,v5,2026-03-16T16:02:20.176819,4,SARIMAX,168,clean_only,True,42,9,0,0
950.9051121739396,1174.0564762302015,2.343234946332684,93.00746422975212,london,london_v5,v5,2026-03-16T16:08:00.601789,5,SARIMAX,168,clean_only,True,42,9,0,0
4716.792286812085,5144.673477982596,11.623860078686828,192.15993295342145,london,london_v5,v5,2026-03-16T16:12:56.645250,6,SARIMAX,168,clean_only,True,42,9,0,0
1735.5104357734872,1916.8267061402385,4.284387411567206,166.84859069717913,london,london_v5,v5,2026-03-16T16:18:33.111572,7,SARIMAX,168,clean_only,True,42,9,0,0
853.8225032571366,1173.5466283522169,2.112931401522398,83.90592387309206,london,london_v5,v5,2026-03-16T16:24:32.487403,8,SARIMAX,168,clean_only,True,42,9,0,0
570.3296381138654,690.3347569672883,1.400582144853563,67.53246216348876,london,london_v5,v5,2026-03-16T16:30:14.908860,9,SARIMAX,168,clean_only,True,42,9,0,0
644.5629951623976,900.123787341603,1.600971879821475,72.34072182491418,london,london_v5,v5,2026-03-16T16:34:44.919556,10,SARIMAX,168,clean_only,True,42,9,0,0
936.2569336900094,1195.0409317099866,2.3744115156842733,115.8513353591955,london,london_v5,v5,2026-03-16T16:40:19.216856,11,SARIMAX,168,clean_only,True,42,9,0,0
1625.1994542126374,2090.1856248390363,4.167600600253451,105.12681274670564,london,london_v5,v5,2026-03-16T16:45:47.203810,12,SARIMAX,168,clean_only,True,42,9,0,0
1689.7078798043135,2004.450159813744,4.280951303023184,170.73327112106202,london,london_v5,v5,2026-03-16T16:50:50.861838,13,SARIMAX,168,clean_only,True,42,9,0,0
823.447753255963,1088.200582766791,2.1048701836512524,90.34396973960511,london,london_v5,v5,2026-03-16T16:56:25.921485,14,SARIMAX,168,clean_only,True,42,9,0,0
1389.0608511870034,1731.2598359685114,3.620819401256141,99.74688036511716,london,london_v5,v5,2026-03-16T17:02:04.698729,15,SARIMAX,168,clean_only,True,42,9,0,0
816.9573750599236,1076.9692704775737,2.155747534752856,106.25318262145343,london,london_v5,v5,2026-03-16T17:07:36.379742,16,SARIMAX,168,clean_only,True,42,9,0,0
560.9371395801037,761.6979441630344,1.519362087102809,80.64968222627029,london,london_v5,v5,2026-03-16T17:12:33.591817,17,SARIMAX,168,clean_only,True,42,9,0,0
1874.484431616243,2043.82170030298,5.218199609188021,125.80352664699174,london,london_v5,v5,2026-03-16T17:17:23.451415,18,SARIMAX,168,clean_only,True,42,9,0,0
863.3394610303656,1113.3638750329435,2.383533119659892,107.10254922014715,london,london_v5,v5,2026-03-16T17:23:02.433205,19,SARIMAX,168,clean_only,True,42,9,0,0
22.08688863118489,26.978792551873543,0.0573240420145518,20.84705203550459,london,london_v5,v5,2026-03-16T17:23:04.194016,0,XGBoost,6,clean_only,True,42,13,0,0
54.50468953450521,64.3542415960018,0.1419992321019132,3.1636110400323263,london,london_v5,v5,2026-03-16T17:23:05.454448,1,XGBoost,6,clean_only,True,42,13,0,0
55.599751790364586,72.4538039862123,0.145370494884385,1.9363450533526363,london,london_v5,v5,2026-03-16T17:23:06.732202,2,XGBoost,6,clean_only,True,42,13,0,0
123.75333658854169,155.69570325833303,0.3236305983825917,5.740213484381254,london,london_v5,v5,2026-03-16T17:23:08.009143,3,XGBoost,6,clean_only,True,42,13,0,0
37.41305669148763,44.91577011550103,0.0977665303275105,27.047123801386547,london,london_v5,v5,2026-03-16T17:23:09.279336,4,XGBoost,6,clean_only,True,42,13,0,0
71.51019287109375,98.84666732674545,0.1871261954440929,3.269847751730103,london,london_v5,v5,2026-03-16T17:23:10.693915,5,XGBoost,6,clean_only,True,42,13,0,0
104.14870198567708,114.7836844200676,0.2725778471906101,4.490219269037564,london,london_v5,v5,2026-03-16T17:23:11.951717,6,XGBoost,6,clean_only,True,42,13,0,0
101.61360677083331,123.18220196087329,0.2658215238031453,5.222284539658756,london,london_v5,v5,2026-03-16T17:23:13.222986,7,XGBoost,6,clean_only,True,42,13,0,0
31.8499698638916,37.06901702821308,0.0832457680302285,20.78117060065548,london,london_v5,v5,2026-03-16T17:23:14.491533,8,XGBoost,6,clean_only,True,42,13,0,0
134.35905965169272,187.47638934787145,0.3512488273100349,10.687986109670272,london,london_v5,v5,2026-03-16T17:23:15.759666,9,XGBoost,6,clean_only,True,42,13,0,0
190.6995137532552,247.5311998609844,0.4973031465701781,12.990269636627303,london,london_v5,v5,2026-03-16T17:23:17.031680,10,XGBoost,6,clean_only,True,42,13,0,0
139.39273071289062,161.22007774198653,0.3623012343763663,13.267695429430828,london,london_v5,v5,2026-03-16T17:23:18.301801,11,XGBoost,6,clean_only,True,42,13,0,0
35.12998962402344,40.06708848599608,0.0911228630927543,18.96313467382278,london,london_v5,v5,2026-03-16T17:23:19.579288,12,XGBoost,6,clean_only,True,42,13,0,0
321.7544759114583,442.3223447434429,0.8356422257048597,30.683898653996817,london,london_v5,v5,2026-03-16T17:23:20.847469,13,XGBoost,6,clean_only,True,42,13,0,0
141.47526041666666,158.73385694738235,0.3663449088102568,6.143860685426842,london,london_v5,v5,2026-03-16T17:23:22.130888,14,XGBoost,6,clean_only,True,42,13,0,0
285.1472981770833,313.0797465443175,0.7354053864483289,33.24121066089087,london,london_v5,v5,2026-03-16T17:23:23.413074,15,XGBoost,6,clean_only,True,42,13,0,0
18.86273447672526,21.446061468908635,0.0485618441141354,12.180187812215342,london,london_v5,v5,2026-03-16T17:23:24.688928,16,XGBoost,6,clean_only,True,42,13,0,0
89.1467514038086,103.56392574831612,0.2296114323967957,15.056128814153675,london,london_v5,v5,2026-03-16T17:23:25.960851,17,XGBoost,6,clean_only,True,42,13,0,0
334.9268798828125,377.49007698735744,0.8623419523227227,11.275065367489882,london,london_v5,v5,2026-03-16T17:23:27.236232,18,XGBoost,6,clean_only,True,42,13,0,0
166.6671600341797,230.9724924100836,0.4286521596925712,14.074535769785545,london,london_v5,v5,2026-03-16T17:23:28.510506,19,XGBoost,6,clean_only,True,42,13,0,0
109.54308191935222,151.26348485424353,0.2843067819648604,10.833148250742964,london,london_v5,v5,2026-03-16T17:23:30.076635,0,XGBoost,24,clean_only,True,42,13,0,0
247.7311455408732,495.2492923059677,0.6473626240515469,18.268107401470445,london,london_v5,v5,2026-03-16T17:23:31.369129,1,XGBoost,24,clean_only,True,42,13,0,0
153.98691161473593,246.3942740619616,0.4024731821961397,14.834449324918747,london,london_v5,v5,2026-03-16T17:23:32.668093,2,XGBoost,24,clean_only,True,42,13,0,0
299.9090868631999,437.7905551935009,0.7779272056436884,28.3658374617986,london,london_v5,v5,2026-03-16T17:23:33.973835,3,XGBoost,24,clean_only,True,42,13,0,0
164.68889967600504,230.5306812098949,0.4239892515723473,14.22894347536008,london,london_v5,v5,2026-03-16T17:23:35.273072,4,XGBoost,24,clean_only,True,42,13,0,0
163.81237983703613,287.83449111999107,0.4215708771865009,11.532126695638578,london,london_v5,v5,2026-03-16T17:23:36.580217,5,XGBoost,24,clean_only,True,42,13,0,0
106.26590887705484,138.8258495991405,0.271775038593229,10.479753618249504,london,london_v5,v5,2026-03-16T17:23:37.890988,6,XGBoost,24,clean_only,True,42,13,0,0
220.48282464345297,338.0983458679288,0.5637541211907078,20.955930206721355,london,london_v5,v5,2026-03-16T17:23:39.198871,7,XGBoost,24,clean_only,True,42,13,0,0
191.9698746999105,289.8706462201897,0.4945742630609492,14.83518780786572,london,london_v5,v5,2026-03-16T17:23:40.494325,8,XGBoost,24,clean_only,True,42,13,0,0
184.20845135053,238.1256358448105,0.4743311301278746,20.981733687904416,london,london_v5,v5,2026-03-16T17:23:41.790291,9,XGBoost,24,clean_only,True,42,13,0,0
286.6966330210368,387.93709890715326,0.7375811481454541,18.50463261737408,london,london_v5,v5,2026-03-16T17:23:43.098262,10,XGBoost,24,clean_only,True,42,13,0,0
378.8799473444621,540.2933935483939,0.9692294882560012,29.932479237890565,london,london_v5,v5,2026-03-16T17:23:44.409333,11,XGBoost,24,clean_only,True,42,13,0,0
552.5375932057699,717.973858845008,1.412938175857566,43.68292681935693,london,london_v5,v5,2026-03-16T17:23:45.712224,12,XGBoost,24,clean_only,True,42,13,0,0
179.36112912495932,293.5319765471322,0.4601042965225846,12.947816647048818,london,london_v5,v5,2026-03-16T17:23:47.020361,13,XGBoost,24,clean_only,True,42,13,0,0
107.75857671101888,133.12248078493622,0.2741446582272331,9.798223703452653,london,london_v5,v5,2026-03-16T17:23:48.331466,14,XGBoost,24,clean_only,True,42,13,0,0
66.59818522135417,85.74559338801616,0.1708576407237546,7.107185823908811,london,london_v5,v5,2026-03-16T17:23:49.630607,15,XGBoost,24,clean_only,True,42,13,0,0
319.4228541056316,556.7521233400663,0.819717915717274,17.20938917184142,london,london_v5,v5,2026-03-16T17:23:50.939047,16,XGBoost,24,clean_only,True,42,13,0,0
231.79521306355795,352.1870279179652,0.5950477570073099,25.426597054469013,london,london_v5,v5,2026-03-16T17:23:52.245194,17,XGBoost,24,clean_only,True,42,13,0,0
242.36813831329343,334.4064628657788,0.6124954209522849,36.06874116203962,london,london_v5,v5,2026-03-16T17:23:53.544709,18,XGBoost,24,clean_only,True,42,13,0,0
273.3197906812032,493.8852000690658,0.6896343918372596,23.76013430755072,london,london_v5,v5,2026-03-16T17:23:54.853751,19,XGBoost,24,clean_only,True,42,13,0,0
89.97098271052043,128.7334647402197,0.2335095938187698,9.310103348223144,london,london_v5,v5,2026-03-16T17:23:56.431659,0,XGBoost,48,clean_only,True,42,13,0,0
237.6816459496816,378.0491324556183,0.6212248001591212,24.347916297941648,london,london_v5,v5,2026-03-16T17:23:57.760994,1,XGBoost,48,clean_only,True,42,13,0,0
219.5417545636495,354.77248836864675,0.5652071535449322,16.54856712286321,london,london_v5,v5,2026-03-16T17:23:59.094532,2,XGBoost,48,clean_only,True,42,13,0,0
181.31281264623007,292.20061067022925,0.4637074784857546,16.944244802476323,london,london_v5,v5,2026-03-16T17:24:00.422945,3,XGBoost,48,clean_only,True,42,13,0,0
264.09434552987415,373.2198354127949,0.6803893919458921,22.01945821886806,london,london_v5,v5,2026-03-16T17:24:01.752097,4,XGBoost,48,clean_only,True,42,13,0,0
329.6776801745097,460.7465975323118,0.8481579964812567,29.485815091618,london,london_v5,v5,2026-03-16T17:24:03.092443,5,XGBoost,48,clean_only,True,42,13,0,0
432.3705258369446,647.7052252018323,1.1056493342401768,32.82871789643401,london,london_v5,v5,2026-03-16T17:24:04.432956,6,XGBoost,48,clean_only,True,42,13,0,0
91.77940225601196,119.2315218838174,0.2334926242692413,8.46550059451502,london,london_v5,v5,2026-03-16T17:24:05.777526,7,XGBoost,48,clean_only,True,42,13,0,0
266.41720453898114,446.1789296929555,0.6836923307425486,22.645516214877283,london,london_v5,v5,2026-03-16T17:24:07.117676,8,XGBoost,48,clean_only,True,42,13,0,0
331.15446217854816,547.2942699212484,0.8368698671526351,40.39151841765285,london,london_v5,v5,2026-03-16T17:24:08.455824,9,XGBoost,48,clean_only,True,42,13,0,0
109.91307655970256,182.5066415844384,0.2763220740737068,9.050318535453403,london,london_v5,v5,2026-03-16T17:24:09.795444,10,XGBoost,48,clean_only,True,42,13,0,0
95.10883569717409,151.92612714574952,0.2398504594446801,7.410724991033825,london,london_v5,v5,2026-03-16T17:24:11.134603,11,XGBoost,48,clean_only,True,42,13,0,0
222.81186310450235,344.2292325113141,0.5615046651645597,19.59139556768596,london,london_v5,v5,2026-03-16T17:24:12.483756,12,XGBoost,48,clean_only,True,42,13,0,0
138.97661209106445,212.30032376066663,0.3463362650595744,10.687795398503992,london,london_v5,v5,2026-03-16T17:24:13.832269,13,XGBoost,48,clean_only,True,42,13,0,0
200.2041837374369,255.53105136253893,0.4955281019482057,14.221947142881088,london,london_v5,v5,2026-03-16T17:24:15.174516,14,XGBoost,48,clean_only,True,42,13,0,0
215.5311754544576,309.1416633816735,0.5374740241462912,24.78454955193359,london,london_v5,v5,2026-03-16T17:24:16.522955,15,XGBoost,48,clean_only,True,42,13,0,0
225.8847343921661,440.2757942520349,0.5554571719743737,18.31346399740875,london,london_v5,v5,2026-03-16T17:24:17.881071,16,XGBoost,48,clean_only,True,42,13,0,0
238.69759011268616,383.8143772039839,0.587437945500436,16.344773255432795,london,london_v5,v5,2026-03-16T17:24:19.234616,17,XGBoost,48,clean_only,True,42,13,0,0
102.25002479553224,137.122782819398,0.2543486341062272,9.322167657199536,london,london_v5,v5,2026-03-16T17:24:20.580705,18,XGBoost,48,clean_only,True,42,13,0,0
104.23244253794353,151.94190256951757,0.2599315965229969,11.64447281708014,london,london_v5,v5,2026-03-16T17:24:21.932067,19,XGBoost,48,clean_only,True,42,13,0,0
157.82150368463425,254.9984719122156,0.4096080103941909,15.3110895310763,london,london_v5,v5,2026-03-16T17:24:23.773630,0,XGBoost,168,clean_only,True,42,13,0,0
347.79547357559204,518.5627119844813,0.8892807495403976,28.01611942174838,london,london_v5,v5,2026-03-16T17:24:25.276523,1,XGBoost,168,clean_only,True,42,13,0,0
264.4131185667856,488.0217867062617,0.6726837550451432,24.131231219284047,london,london_v5,v5,2026-03-16T17:24:26.791771,2,XGBoost,168,clean_only,True,42,13,0,0
170.45310420081728,290.72450983995526,0.4271276784859428,13.993087437617165,london,london_v5,v5,2026-03-16T17:24:28.310918,3,XGBoost,168,clean_only,True,42,13,0,0
252.09935324532643,403.0546607509164,0.623974542809053,21.54247457688556,london,london_v5,v5,2026-03-16T17:24:29.825446,4,XGBoost,168,clean_only,True,42,13,0,0
107.00999552862984,157.5803221041754,0.2636956704926438,11.060774228032566,london,london_v5,v5,2026-03-16T17:24:31.362193,5,XGBoost,168,clean_only,True,42,13,0,0
175.0339660417466,283.84136790136176,0.4313461790495717,17.526280651823946,london,london_v5,v5,2026-03-16T17:24:32.897190,6,XGBoost,168,clean_only,True,42,13,0,0
160.95316126233055,312.2752663183128,0.3973388368920634,16.881529915260256,london,london_v5,v5,2026-03-16T17:24:34.414868,7,XGBoost,168,clean_only,True,42,13,0,0
156.70895753587996,273.9238369559197,0.3878034088048419,19.228853726236903,london,london_v5,v5,2026-03-16T17:24:35.937811,8,XGBoost,168,clean_only,True,42,13,0,0
170.655440784636,324.1121412734975,0.4190856433053832,17.748563699627525,london,london_v5,v5,2026-03-16T17:24:37.462244,9,XGBoost,168,clean_only,True,42,13,0,0
243.1513492266337,326.9912643567334,0.6039417024776811,21.44104191233764,london,london_v5,v5,2026-03-16T17:24:38.988374,10,XGBoost,168,clean_only,True,42,13,0,0
262.7119013922555,393.3647079087227,0.6662553210843464,33.248093951844666,london,london_v5,v5,2026-03-16T17:24:40.497127,11,XGBoost,168,clean_only,True,42,13,0,0
219.7138646138566,369.4996578277953,0.5634260039130611,28.79764498205467,london,london_v5,v5,2026-03-16T17:24:42.009848,12,XGBoost,168,clean_only,True,42,13,0,0
215.91690291251456,384.437644624621,0.5470352348567534,29.97456960227839,london,london_v5,v5,2026-03-16T17:24:43.536711,13,XGBoost,168,clean_only,True,42,13,0,0
111.4238093694051,172.03381601122365,0.2848178930152463,15.980043095780069,london,london_v5,v5,2026-03-16T17:24:45.049499,14,XGBoost,168,clean_only,True,42,13,0,0
119.02044820785522,171.65283755236746,0.3102467020425635,17.536389963734017,london,london_v5,v5,2026-03-16T17:24:46.568041,15,XGBoost,168,clean_only,True,42,13,0,0
157.24795325597128,227.9309995116461,0.4149382794318098,23.923930766917863,london,london_v5,v5,2026-03-16T17:24:48.088424,16,XGBoost,168,clean_only,True,42,13,0,0
93.1900883175078,134.1281528979299,0.2524159608853361,13.700370789745945,london,london_v5,v5,2026-03-16T17:24:49.592029,17,XGBoost,168,clean_only,True,42,13,0,0
522.3753468536195,900.3149698154583,1.4541912351070785,52.61398893114693,london,london_v5,v5,2026-03-16T17:24:51.103745,18,XGBoost,168,clean_only,True,42,13,0,0
436.8223876612527,709.1749346631766,1.2059921680828718,66.70142773363601,london,london_v5,v5,2026-03-16T17:24:52.623544,19,XGBoost,168,clean_only,True,42,13,0,0
18.278286616007488,21.964589647785907,0.0474392426849405,15.74379856510747,london,london_v5,v5,2026-03-16T17:24:55.041678,0,TabPFN,6,clean_only,True,42,9,0,0
33.29875691731771,39.6507175647873,0.0867521300018411,2.099827393488278,london,london_v5,v5,2026-03-16T17:24:56.743248,1,TabPFN,6,clean_only,True,42,9,0,0
76.82080078125,86.07107162143707,0.2008548144080094,3.1514117019637222,london,london_v5,v5,2026-03-16T17:24:58.418731,2,TabPFN,6,clean_only,True,42,9,0,0
150.31647745768228,158.37184998026802,0.3930965652112955,9.744136850450662,london,london_v5,v5,2026-03-16T17:25:00.164744,3,TabPFN,6,clean_only,True,42,9,0,0
26.807552337646484,30.861089165430915,0.0700525861930216,20.263834613103747,london,london_v5,v5,2026-03-16T17:25:01.810935,4,TabPFN,6,clean_only,True,42,9,0,0
41.736846923828125,54.30269555361323,0.1092160020987088,2.5694113976745325,london,london_v5,v5,2026-03-16T17:25:03.751304,5,TabPFN,6,clean_only,True,42,9,0,0
158.49664306640625,183.7962205797778,0.4148172078027526,6.265610159051688,london,london_v5,v5,2026-03-16T17:25:05.608745,6,TabPFN,6,clean_only,True,42,9,0,0
165.06109619140625,185.4545482688137,0.4318003612367722,9.155344140259798,london,london_v5,v5,2026-03-16T17:25:07.356886,7,TabPFN,6,clean_only,True,42,9,0,0
22.89011510213216,26.378480589684383,0.0598275357910966,17.536183086761778,london,london_v5,v5,2026-03-16T17:25:08.962190,8,TabPFN,6,clean_only,True,42,9,0,0
446.419423421224,589.1052740469626,1.1670541560176166,25.4511078061222,london,london_v5,v5,2026-03-16T17:25:10.701899,9,TabPFN,6,clean_only,True,42,9,0,0
343.13353474934894,455.818694777412,0.8948181522129652,22.41872758246824,london,london_v5,v5,2026-03-16T17:25:12.423193,10,TabPFN,6,clean_only,True,42,9,0,0
216.7997131347656,229.32151583297383,0.5634928254827849,16.52348107748078,london,london_v5,v5,2026-03-16T17:25:14.115285,11,TabPFN,6,clean_only,True,42,9,0,0
31.440291086832683,39.367314921647946,0.0815522398658106,11.79150726174582,london,london_v5,v5,2026-03-16T17:25:15.784062,12,TabPFN,6,clean_only,True,42,9,0,0
282.83396911621094,401.1563720117304,0.7345601231736999,26.49768278208145,london,london_v5,v5,2026-03-16T17:25:17.587612,13,TabPFN,6,clean_only,True,42,9,0,0
103.85673014322916,150.85170536695335,0.2689331281073261,4.461197188527726,london,london_v5,v5,2026-03-16T17:25:19.444531,14,TabPFN,6,clean_only,True,42,9,0,0
483.6040445963542,536.4537683934191,1.2472326463478978,48.0372369671466,london,london_v5,v5,2026-03-16T17:25:21.235736,15,TabPFN,6,clean_only,True,42,9,0,0
33.77978261311849,40.15936812915873,0.0869655743440457,12.19676937985646,london,london_v5,v5,2026-03-16T17:25:22.927575,16,TabPFN,6,clean_only,True,42,9,0,0
78.04732767740886,89.25059629309283,0.2010231267046071,14.227895150226828,london,london_v5,v5,2026-03-16T17:25:24.514220,17,TabPFN,6,clean_only,True,42,9,0,0
350.1797281901042,445.08384192822007,0.9016137211111652,11.491037308660928,london,london_v5,v5,2026-03-16T17:25:26.247110,18,TabPFN,6,clean_only,True,42,9,0,0
188.99112447102863,261.3620263931069,0.486067283144564,15.766567256845846,london,london_v5,v5,2026-03-16T17:25:28.066701,19,TabPFN,6,clean_only,True,42,9,0,0
70.3515814145406,96.49280869690791,0.182589638411236,7.906852059288314,london,london_v5,v5,2026-03-16T17:25:30.117677,0,TabPFN,24,clean_only,True,42,9,0,0
106.7027325630188,146.75305250437063,0.2788319603280142,9.990136891510666,london,london_v5,v5,2026-03-16T17:25:31.761098,1,TabPFN,24,clean_only,True,42,9,0,0
304.547797203064,431.6930677060368,0.7959918137575798,23.026322127101484,london,london_v5,v5,2026-03-16T17:25:33.516195,2,TabPFN,24,clean_only,True,42,9,0,0
253.47198677062988,369.4743238851655,0.6574750916679385,24.136997664224307,london,london_v5,v5,2026-03-16T17:25:35.278810,3,TabPFN,24,clean_only,True,42,9,0,0
194.1580041249593,300.5460162361208,0.4998570457248387,14.089605125701553,london,london_v5,v5,2026-03-16T17:25:36.906109,4,TabPFN,24,clean_only,True,42,9,0,0
159.9241304397583,256.15201187682374,0.4115644740638494,12.438766203516757,london,london_v5,v5,2026-03-16T17:25:38.642443,5,TabPFN,24,clean_only,True,42,9,0,0
110.83465178807576,142.27549462747663,0.2834595975838438,9.708091242624832,london,london_v5,v5,2026-03-16T17:25:40.400775,6,TabPFN,24,clean_only,True,42,9,0,0
89.33976459503174,146.80898545705563,0.2284334870895459,10.60668151674314,london,london_v5,v5,2026-03-16T17:25:42.089958,7,TabPFN,24,clean_only,True,42,9,0,0
109.4437910715739,158.0203268173382,0.2819613358628993,8.524034981548695,london,london_v5,v5,2026-03-16T17:25:43.946800,8,TabPFN,24,clean_only,True,42,9,0,0
100.35378837585448,193.0838650520208,0.2584079367908745,8.011211823419108,london,london_v5,v5,2026-03-16T17:25:45.817141,9,TabPFN,24,clean_only,True,42,9,0,0
241.08179664611816,387.27032462569633,0.6202283804085174,15.646230314778649,london,london_v5,v5,2026-03-16T17:25:47.585133,10,TabPFN,24,clean_only,True,42,9,0,0
204.46595827738443,271.4531998013144,0.5230533774509586,18.179305729550407,london,london_v5,v5,2026-03-16T17:25:49.282665,11,TabPFN,24,clean_only,True,42,9,0,0
194.91568660736084,264.3213722853166,0.4984345283787172,15.15760313827483,london,london_v5,v5,2026-03-16T17:25:51.133184,12,TabPFN,24,clean_only,True,42,9,0,0
90.11338520050047,128.64983456035836,0.2311624369629111,9.883968028435708,london,london_v5,v5,2026-03-16T17:25:52.901890,13,TabPFN,24,clean_only,True,42,9,0,0
86.27007166544597,124.08752440576602,0.2194765375881603,8.002061776388135,london,london_v5,v5,2026-03-16T17:25:54.734782,14,TabPFN,24,clean_only,True,42,9,0,0
79.4906047185262,127.72889833661364,0.2039331422736294,6.440656803533972,london,london_v5,v5,2026-03-16T17:25:56.472308,15,TabPFN,24,clean_only,True,42,9,0,0
333.73848756154376,573.2740840296888,0.8564553659899218,18.90454873323553,london,london_v5,v5,2026-03-16T17:25:58.377820,16,TabPFN,24,clean_only,True,42,9,0,0
254.64624309539795,405.9056271749934,0.6537092538779319,28.401047988985223,london,london_v5,v5,2026-03-16T17:26:00.167315,17,TabPFN,24,clean_only,True,42,9,0,0
305.67929395039874,522.090922494262,0.7724908444134286,20.107696561386906,london,london_v5,v5,2026-03-16T17:26:01.969807,18,TabPFN,24,clean_only,True,42,9,0,0
128.3688144683838,164.02530725826384,0.3238973258253051,21.1568483479991,london,london_v5,v5,2026-03-16T17:26:03.717976,19,TabPFN,24,clean_only,True,42,9,0,0
77.39975039164226,106.20846402346945,0.200882370416892,8.673511950098678,london,london_v5,v5,2026-03-16T17:26:05.879427,0,TabPFN,48,clean_only,True,42,9,0,0
301.15147972106934,429.348847838203,0.7871149118807066,24.878360752086923,london,london_v5,v5,2026-03-16T17:26:07.719440,1,TabPFN,48,clean_only,True,42,9,0,0
159.87092685699463,243.7705476047083,0.4115854484402181,12.582823192186302,london,london_v5,v5,2026-03-16T17:26:09.466599,2,TabPFN,48,clean_only,True,42,9,0,0
123.6449231306712,180.7267095233594,0.3162218637265215,11.32833610815312,london,london_v5,v5,2026-03-16T17:26:11.166166,3,TabPFN,48,clean_only,True,42,9,0,0
115.10764328638712,192.10689974398025,0.2965531854414138,8.554531651651109,london,london_v5,v5,2026-03-16T17:26:12.876659,4,TabPFN,48,clean_only,True,42,9,0,0
197.26770957310995,306.3977596293332,0.5075083798011749,17.202465517998288,london,london_v5,v5,2026-03-16T17:26:14.517968,5,TabPFN,48,clean_only,True,42,9,0,0
139.04594628016153,204.49649580809785,0.3555655363784738,12.585909042415237,london,london_v5,v5,2026-03-16T17:26:16.312362,6,TabPFN,48,clean_only,True,42,9,0,0
89.64204247792561,140.15866349759355,0.2280550453427539,7.533405654322324,london,london_v5,v5,2026-03-16T17:26:18.082218,7,TabPFN,48,clean_only,True,42,9,0,0
259.3793082237244,458.18394527097433,0.6656313509960313,20.522545101287648,london,london_v5,v5,2026-03-16T17:26:19.672042,8,TabPFN,48,clean_only,True,42,9,0,0
244.1100500424703,403.8283372511188,0.6168974556638145,21.613086828670657,london,london_v5,v5,2026-03-16T17:26:21.356705,9,TabPFN,48,clean_only,True,42,9,0,0
85.28740954399109,127.63394949480625,0.2144130128571942,6.711072230814522,london,london_v5,v5,2026-03-16T17:26:22.947167,10,TabPFN,48,clean_only,True,42,9,0,0
88.0442529519399,123.34039730889803,0.2220346234625798,8.490144383383463,london,london_v5,v5,2026-03-16T17:26:24.698675,11,TabPFN,48,clean_only,True,42,9,0,0
228.86159976323447,393.5197281318822,0.5767505111871384,16.198029256464284,london,london_v5,v5,2026-03-16T17:26:26.443002,12,TabPFN,48,clean_only,True,42,9,0,0
128.35876258214316,196.07762335982173,0.3198760838351619,8.949570738114883,london,london_v5,v5,2026-03-16T17:26:28.288873,13,TabPFN,48,clean_only,True,42,9,0,0
153.6127290725708,189.4400866735948,0.3802089579318871,12.400814859310206,london,london_v5,v5,2026-03-16T17:26:30.038769,14,TabPFN,48,clean_only,True,42,9,0,0
242.44871958096823,420.959924657364,0.604598794988865,25.22562329408641,london,london_v5,v5,2026-03-16T17:26:31.894400,15,TabPFN,48,clean_only,True,42,9,0,0
170.29861402511597,259.8993497871826,0.4187692753655464,13.447743842408984,london,london_v5,v5,2026-03-16T17:26:33.638436,16,TabPFN,48,clean_only,True,42,9,0,0
76.11027924219768,124.17418465430636,0.1873084099776374,6.837275401288205,london,london_v5,v5,2026-03-16T17:26:35.261643,17,TabPFN,48,clean_only,True,42,9,0,0
101.75457350413004,155.31134046463978,0.2531161907940001,7.946780048367941,london,london_v5,v5,2026-03-16T17:26:37.031645,18,TabPFN,48,clean_only,True,42,9,0,0
155.72449429829916,211.43772078432616,0.3883408604375573,14.664712616912835,london,london_v5,v5,2026-03-16T17:26:38.852223,19,TabPFN,48,clean_only,True,42,9,0,0
201.3561083248684,328.951583083622,0.5225971935768382,16.212834290503363,london,london_v5,v5,2026-03-16T17:26:40.842882,0,TabPFN,168,clean_only,True,42,9,0,0
139.79905707495553,217.57991396010928,0.3574532151972836,12.167345391916156,london,london_v5,v5,2026-03-16T17:26:42.480185,1,TabPFN,168,clean_only,True,42,9,0,0
182.9085128875006,331.43107225170746,0.4653308653738732,15.75798560015232,london,london_v5,v5,2026-03-16T17:26:44.055768,2,TabPFN,168,clean_only,True,42,9,0,0
150.28423243477232,277.0137828803193,0.3765877753524558,10.99119954551417,london,london_v5,v5,2026-03-16T17:26:45.681003,3,TabPFN,168,clean_only,True,42,9,0,0
168.43874063945952,273.9700464407816,0.4169050210912742,15.85021624336522,london,london_v5,v5,2026-03-16T17:26:47.453645,4,TabPFN,168,clean_only,True,42,9,0,0
119.3740811120896,183.82462872842297,0.2941634396188145,11.079353397211609,london,london_v5,v5,2026-03-16T17:26:49.223285,5,TabPFN,168,clean_only,True,42,9,0,0
154.97883501506988,255.4086588624317,0.3819231765642582,14.190844248854576,london,london_v5,v5,2026-03-16T17:26:50.860545,6,TabPFN,168,clean_only,True,42,9,0,0
119.66058238347372,219.33391501738024,0.2954014463163202,11.713817812476252,london,london_v5,v5,2026-03-16T17:26:52.431629,7,TabPFN,168,clean_only,True,42,9,0,0
137.8387196858724,247.08704205416345,0.3411057427731119,16.58436988197851,london,london_v5,v5,2026-03-16T17:26:54.051671,8,TabPFN,168,clean_only,True,42,9,0,0
128.57472097306024,235.4969825460749,0.3157462745052792,13.60945825905848,london,london_v5,v5,2026-03-16T17:26:55.841786,9,TabPFN,168,clean_only,True,42,9,0,0
165.25252943947203,234.55149818743985,0.4104558509991845,17.833791033350106,london,london_v5,v5,2026-03-16T17:26:57.605410,10,TabPFN,168,clean_only,True,42,9,0,0
238.1646540959676,389.18624384182567,0.6040018257441948,28.52431651374629,london,london_v5,v5,2026-03-16T17:26:59.439110,11,TabPFN,168,clean_only,True,42,9,0,0
175.78259805270605,339.5858862018408,0.4507703096131598,19.9964592775692,london,london_v5,v5,2026-03-16T17:27:01.206779,12,TabPFN,168,clean_only,True,42,9,0,0
102.4789757274446,200.3131712586044,0.2596351179493181,17.337562991598517,london,london_v5,v5,2026-03-16T17:27:02.826619,13,TabPFN,168,clean_only,True,42,9,0,0
83.09656137511844,165.38617719230749,0.2124087092482045,9.790904478650738,london,london_v5,v5,2026-03-16T17:27:04.462667,14,TabPFN,168,clean_only,True,42,9,0,0
111.72729450180417,198.6036794062999,0.291235877273694,14.620160559221157,london,london_v5,v5,2026-03-16T17:27:06.199284,15,TabPFN,168,clean_only,True,42,9,0,0
97.99759724026634,153.5645564234022,0.2585913110178015,14.516616996010834,london,london_v5,v5,2026-03-16T17:27:07.934795,16,TabPFN,168,clean_only,True,42,9,0,0
83.22942549841744,126.68004888729632,0.2254363719405407,11.936315471029625,london,london_v5,v5,2026-03-16T17:27:09.717398,17,TabPFN,168,clean_only,True,42,9,0,0
480.0190289134071,792.3561341242801,1.336279494686975,51.0935635037701,london,london_v5,v5,2026-03-16T17:27:11.419329,18,TabPFN,168,clean_only,True,42,9,0,0
208.12938347316924,380.6645165118993,0.5746097578936505,39.30217926515351,london,london_v5,v5,2026-03-16T17:27:13.185218,19,TabPFN,168,clean_only,True,42,9,0,0
18.94269371032715,21.281688680275977,0.0491636367734664,16.248610110284574,london,london_v5,v5,2026-03-16T17:27:14.663489,0,TabPFN_NoWeather,6,clean_only,False,42,0,0,0
111.7839864095052,127.59219549150932,0.291227055268182,6.797445444071331,london,london_v5,v5,2026-03-16T17:27:16.028433,1,TabPFN_NoWeather,6,clean_only,False,42,0,0,0
197.6466064453125,215.03735773374584,0.5167646269268709,8.359765581796529,london,london_v5,v5,2026-03-16T17:27:17.407395,2,TabPFN_NoWeather,6,clean_only,False,42,0,0,0
205.41993204752603,217.7034772307374,0.537199055483144,12.566680256109375,london,london_v5,v5,2026-03-16T17:27:18.694215,3,TabPFN_NoWeather,6,clean_only,False,42,0,0,0
16.290512084960938,17.765951565484873,0.0425698134461005,12.029878288748536,london,london_v5,v5,2026-03-16T17:27:19.988243,4,TabPFN_NoWeather,6,clean_only,False,42,0,0,0
47.875020345052086,58.51773968414311,0.125278230337419,3.6803756112347816,london,london_v5,v5,2026-03-16T17:27:21.238341,5,TabPFN_NoWeather,6,clean_only,False,42,0,0,0
140.8868611653646,182.8986643535028,0.3687289095468394,5.286434789331129,london,london_v5,v5,2026-03-16T17:27:22.631675,6,TabPFN_NoWeather,6,clean_only,False,42,0,0,0
126.40848795572916,147.04229405799066,0.3306850131383039,6.657477995121165,london,london_v5,v5,2026-03-16T17:27:23.903151,7,TabPFN_NoWeather,6,clean_only,False,42,0,0,0
25.114144643147785,27.407423581276817,0.0656404470137743,16.85414405484264,london,london_v5,v5,2026-03-16T17:27:25.124038,8,TabPFN_NoWeather,6,clean_only,False,42,0,0,0
703.2827657063802,847.9694781389875,1.8385604019714643,40.77237712782758,london,london_v5,v5,2026-03-16T17:27:26.360690,9,TabPFN_NoWeather,6,clean_only,False,42,0,0,0
1133.7115071614585,1162.9269197165856,2.956474763452764,61.88482889865016,london,london_v5,v5,2026-03-16T17:27:27.580698,10,TabPFN_NoWeather,6,clean_only,False,42,0,0,0
489.9587809244792,560.7141087998768,1.2734715089849562,30.241371769143083,london,london_v5,v5,2026-03-16T17:27:28.829175,11,TabPFN_NoWeather,6,clean_only,False,42,0,0,0
54.841407775878906,63.57828875448048,0.1422518522225223,18.86828204975958,london,london_v5,v5,2026-03-16T17:27:30.049136,12,TabPFN_NoWeather,6,clean_only,False,42,0,0,0
284.87690989176434,396.78417267131766,0.7398659314979839,26.931781920553423,london,london_v5,v5,2026-03-16T17:27:31.247384,13,TabPFN_NoWeather,6,clean_only,False,42,0,0,0
313.501953125,442.21076211188495,0.8118016117529301,12.454790483899831,london,london_v5,v5,2026-03-16T17:27:32.461459,14,TabPFN_NoWeather,6,clean_only,False,42,0,0,0
552.8038024902344,635.7159089938145,1.425701371183845,50.1730407277554,london,london_v5,v5,2026-03-16T17:27:33.658070,15,TabPFN_NoWeather,6,clean_only,False,42,0,0,0
53.3150634765625,61.241860503950605,0.1372588796538874,20.53017318190488,london,london_v5,v5,2026-03-16T17:27:34.972685,16,TabPFN_NoWeather,6,clean_only,False,42,0,0,0
198.48516337076825,281.66584351591507,0.5112296517080603,23.52837782694967,london,london_v5,v5,2026-03-16T17:27:36.312683,17,TabPFN_NoWeather,6,clean_only,False,42,0,0,0
184.0085856119792,216.8262835342167,0.4737700450208622,6.860011447859328,london,london_v5,v5,2026-03-16T17:27:37.585518,18,TabPFN_NoWeather,6,clean_only,False,42,0,0,0
153.62940979003906,187.5553711847944,0.3951203001556527,15.978768966230607,london,london_v5,v5,2026-03-16T17:27:38.964973,19,TabPFN_NoWeather,6,clean_only,False,42,0,0,0
152.1753911972046,191.9183891201346,0.3949541587425225,12.065039294864878,london,london_v5,v5,2026-03-16T17:27:40.591070,0,TabPFN_NoWeather,24,clean_only,False,42,0,0,0
103.13238620758057,154.73464858592249,0.269502052373231,7.597987695101136,london,london_v5,v5,2026-03-16T17:27:41.953052,1,TabPFN_NoWeather,24,clean_only,False,42,0,0,0
629.2721954981486,820.7408199788377,1.6447188941833075,39.13600160145428,london,london_v5,v5,2026-03-16T17:27:43.354028,2,TabPFN_NoWeather,24,clean_only,False,42,0,0,0
370.0507164001465,522.8063430689442,0.9598659472659484,30.951709274395625,london,london_v5,v5,2026-03-16T17:27:44.962938,3,TabPFN_NoWeather,24,clean_only,False,42,0,0,0
182.06751569112143,248.72028015289143,0.4687302536198943,17.791782375772932,london,london_v5,v5,2026-03-16T17:27:46.362680,4,TabPFN_NoWeather,24,clean_only,False,42,0,0,0
289.3042999903361,544.9023223286302,0.7445241174206928,19.44408945937633,london,london_v5,v5,2026-03-16T17:27:47.823999,5,TabPFN_NoWeather,24,clean_only,False,42,0,0,0
196.9850587844849,256.1450535843299,0.5037892445391993,15.885481288761447,london,london_v5,v5,2026-03-16T17:27:49.061184,6,TabPFN_NoWeather,24,clean_only,False,42,0,0,0
84.65761121114095,124.88940309236634,0.2164616554038625,9.67063629667323,london,london_v5,v5,2026-03-16T17:27:50.272345,7,TabPFN_NoWeather,24,clean_only,False,42,0,0,0
73.07755788167317,93.46407125368616,0.1882705783504854,9.334912809939194,london,london_v5,v5,2026-03-16T17:27:51.485049,8,TabPFN_NoWeather,24,clean_only,False,42,0,0,0
184.95021724700928,245.9745088796033,0.4762411546321131,14.11994628454817,london,london_v5,v5,2026-03-16T17:27:52.711626,9,TabPFN_NoWeather,24,clean_only,False,42,0,0,0
166.318603515625,245.0967642715641,0.4278859686852405,10.98345429512404,london,london_v5,v5,2026-03-16T17:27:53.971887,10,TabPFN_NoWeather,24,clean_only,False,42,0,0,0
358.35089047749835,503.1660231937264,0.9167132032929026,24.691057175385144,london,london_v5,v5,2026-03-16T17:27:55.231658,11,TabPFN_NoWeather,24,clean_only,False,42,0,0,0
579.4192129770914,889.9709726395826,1.4816793208417822,48.89313729277564,london,london_v5,v5,2026-03-16T17:27:56.460542,12,TabPFN_NoWeather,24,clean_only,False,42,0,0,0
149.2151657740275,253.3416942044136,0.3827726732871355,7.677530462853046,london,london_v5,v5,2026-03-16T17:27:57.701670,13,TabPFN_NoWeather,24,clean_only,False,42,0,0,0
101.23351256052652,143.72288252548842,0.257544480904507,8.217650612053202,london,london_v5,v5,2026-03-16T17:27:58.955789,14,TabPFN_NoWeather,24,clean_only,False,42,0,0,0
162.1763245264689,233.43412313388595,0.4160633521430816,10.504733117035874,london,london_v5,v5,2026-03-16T17:28:00.161007,15,TabPFN_NoWeather,24,clean_only,False,42,0,0,0
177.87369537353516,283.6786742573597,0.4564678230077619,11.642307887003962,london,london_v5,v5,2026-03-16T17:28:01.422210,16,TabPFN_NoWeather,24,clean_only,False,42,0,0,0
630.0141042073568,1104.2316728972528,1.617326236537781,44.27439280989656,london,london_v5,v5,2026-03-16T17:28:02.926195,17,TabPFN_NoWeather,24,clean_only,False,42,0,0,0
158.7988402048747,228.765725517436,0.4013050690363148,20.011985018969213,london,london_v5,v5,2026-03-16T17:28:04.239060,18,TabPFN_NoWeather,24,clean_only,False,42,0,0,0
446.2981793085734,614.9967874111218,1.126089598921646,46.32722963819926,london,london_v5,v5,2026-03-16T17:28:05.756076,19,TabPFN_NoWeather,24,clean_only,False,42,0,0,0
106.48230346043904,149.3307588503603,0.276362874794149,9.345466955057653,london,london_v5,v5,2026-03-16T17:28:07.308738,0,TabPFN_NoWeather,48,clean_only,False,42,0,0,0
723.4081048965454,960.4008258666904,1.890760448086871,43.67117642624387,london,london_v5,v5,2026-03-16T17:28:08.546475,1,TabPFN_NoWeather,48,clean_only,False,42,0,0,0
202.59911076227823,344.1987009230938,0.5215885558183552,16.845411270640025,london,london_v5,v5,2026-03-16T17:28:09.865307,2,TabPFN_NoWeather,48,clean_only,False,42,0,0,0
198.2740497589112,262.52581113560217,0.5070858386729428,15.929619593103991,london,london_v5,v5,2026-03-16T17:28:11.312951,3,TabPFN_NoWeather,48,clean_only,False,42,0,0,0
144.61516046524048,206.0826992679964,0.3725737516177614,12.181612038608636,london,london_v5,v5,2026-03-16T17:28:12.949211,4,TabPFN_NoWeather,48,clean_only,False,42,0,0,0
309.93023745218915,489.778974017528,0.797353976487771,20.90181441070616,london,london_v5,v5,2026-03-16T17:28:14.228512,5,TabPFN_NoWeather,48,clean_only,False,42,0,0,0
362.95558563868207,650.4823884709529,0.9281428257473336,30.045706737338413,london,london_v5,v5,2026-03-16T17:28:15.502877,6,TabPFN_NoWeather,48,clean_only,False,42,0,0,0
133.5872974395752,194.89788686965056,0.3398545630227061,9.574514711382411,london,london_v5,v5,2026-03-16T17:28:16.803955,7,TabPFN_NoWeather,48,clean_only,False,42,0,0,0
371.7239227294922,698.6401991302147,0.953935372017253,26.877649314611794,london,london_v5,v5,2026-03-16T17:28:18.067207,8,TabPFN_NoWeather,48,clean_only,False,42,0,0,0
273.53032843271893,386.9423219554104,0.6912462785849022,32.70340838899875,london,london_v5,v5,2026-03-16T17:28:19.270307,9,TabPFN_NoWeather,48,clean_only,False,42,0,0,0
78.42162156105042,103.40556879634136,0.1971523844135349,7.226525877712928,london,london_v5,v5,2026-03-16T17:28:20.676668,10,TabPFN_NoWeather,48,clean_only,False,42,0,0,0
102.29342889785768,186.2031339354135,0.2579689440993954,7.266398875196843,london,london_v5,v5,2026-03-16T17:28:22.173721,11,TabPFN_NoWeather,48,clean_only,False,42,0,0,0
490.13631264368695,779.7058688042843,1.235184797978668,30.583754346263305,london,london_v5,v5,2026-03-16T17:28:23.697873,12,TabPFN_NoWeather,48,clean_only,False,42,0,0,0
206.1801522572836,305.251094725324,0.5138106533739077,12.415979591782344,london,london_v5,v5,2026-03-16T17:28:24.982660,13,TabPFN_NoWeather,48,clean_only,False,42,0,0,0
102.36835980415344,143.28138306953045,0.2533733216076524,8.493836216545965,london,london_v5,v5,2026-03-16T17:28:26.225073,14,TabPFN_NoWeather,48,clean_only,False,42,0,0,0
430.1036710739136,736.0988026076149,1.0725573708989304,34.60199066541485,london,london_v5,v5,2026-03-16T17:28:27.445185,15,TabPFN_NoWeather,48,clean_only,False,42,0,0,0
213.80919313430783,346.9338279511979,0.5257630626526486,15.120663274773014,london,london_v5,v5,2026-03-16T17:28:28.805645,16,TabPFN_NoWeather,48,clean_only,False,42,0,0,0
106.3196668624878,155.97912580920735,0.2616541148928475,8.238454890276415,london,london_v5,v5,2026-03-16T17:28:30.106670,17,TabPFN_NoWeather,48,clean_only,False,42,0,0,0
168.46372906366983,281.52711928475424,0.4190563226705271,10.274393194532736,london,london_v5,v5,2026-03-16T17:28:31.370501,18,TabPFN_NoWeather,48,clean_only,False,42,0,0,0
233.84314807256064,352.232614879345,0.5831507094572543,17.71535457906698,london,london_v5,v5,2026-03-16T17:28:32.571112,19,TabPFN_NoWeather,48,clean_only,False,42,0,0,0
372.9953431628999,628.323616581683,0.9680675752814348,24.855150021637204,london,london_v5,v5,2026-03-16T17:28:34.184783,0,TabPFN_NoWeather,168,clean_only,False,42,0,0,0
254.72987388429183,470.5124863954231,0.6513206478776078,22.575958774990102,london,london_v5,v5,2026-03-16T17:28:35.472197,1,TabPFN_NoWeather,168,clean_only,False,42,0,0,0
224.6174603416806,402.7189706548315,0.5714410748239076,19.3134305147808,london,london_v5,v5,2026-03-16T17:28:36.928879,2,TabPFN_NoWeather,168,clean_only,False,42,0,0,0
249.8096538952419,461.7911375371172,0.6259822490879571,16.653812357935845,london,london_v5,v5,2026-03-16T17:28:38.368204,3,TabPFN_NoWeather,168,clean_only,False,42,0,0,0
274.1357858067467,487.0771349276164,0.6785172171778918,19.79601300473981,london,london_v5,v5,2026-03-16T17:28:39.693430,4,TabPFN_NoWeather,168,clean_only,False,42,0,0,0
210.04366425105505,350.9830222353415,0.5175928155477318,15.633464527363138,london,london_v5,v5,2026-03-16T17:28:41.093634,5,TabPFN_NoWeather,168,clean_only,False,42,0,0,0
190.9279742240905,337.63151834349765,0.4705146893351785,16.446944833030845,london,london_v5,v5,2026-03-16T17:28:42.588701,6,TabPFN_NoWeather,168,clean_only,False,42,0,0,0
165.41624466578165,309.7289432500835,0.4083566780737548,14.740865741305488,london,london_v5,v5,2026-03-16T17:28:44.114883,7,TabPFN_NoWeather,168,clean_only,False,42,0,0,0
187.71937624613443,317.4189182990517,0.4645440512888472,19.46727264177796,london,london_v5,v5,2026-03-16T17:28:45.701512,8,TabPFN_NoWeather,168,clean_only,False,42,0,0,0
112.25539561680384,174.7269558124739,0.2756702304378211,12.660215092837891,london,london_v5,v5,2026-03-16T17:28:47.263209,9,TabPFN_NoWeather,168,clean_only,False,42,0,0,0
148.77442455291748,225.0510865200289,0.3695273727059558,17.08493370229792,london,london_v5,v5,2026-03-16T17:28:48.567113,10,TabPFN_NoWeather,168,clean_only,False,42,0,0,0
360.0975083850679,562.2242632140726,0.9132318703466208,40.69091629697271,london,london_v5,v5,2026-03-16T17:28:49.891150,11,TabPFN_NoWeather,168,clean_only,False,42,0,0,0
260.4654029778072,430.6404575891535,0.66792772233699,33.028552755757175,london,london_v5,v5,2026-03-16T17:28:51.306895,12,TabPFN_NoWeather,168,clean_only,False,42,0,0,0
158.66194804509482,246.71349806775248,0.4019772182766331,27.562255284076823,london,london_v5,v5,2026-03-16T17:28:52.746469,13,TabPFN_NoWeather,168,clean_only,False,42,0,0,0
135.05380564644224,217.5224243626123,0.3452201157508822,20.956674026563864,london,london_v5,v5,2026-03-16T17:28:54.037140,14,TabPFN_NoWeather,168,clean_only,False,42,0,0,0
123.95395635423206,188.25413310209004,0.3231067160566303,19.220797434315624,london,london_v5,v5,2026-03-16T17:28:55.339146,15,TabPFN_NoWeather,168,clean_only,False,42,0,0,0
106.4490487575531,155.84709480050617,0.2808925917573723,18.207071011941363,london,london_v5,v5,2026-03-16T17:28:56.851479,16,TabPFN_NoWeather,168,clean_only,False,42,0,0,0
103.35253770010812,147.3684996017849,0.2799421117042717,13.7805917282947,london,london_v5,v5,2026-03-16T17:28:58.245725,17,TabPFN_NoWeather,168,clean_only,False,42,0,0,0
477.0287966955276,833.5703213184538,1.3279552705282998,50.97528414312179,london,london_v5,v5,2026-03-16T17:28:59.700604,18,TabPFN_NoWeather,168,clean_only,False,42,0,0,0
273.6271213917505,555.2043583505397,0.7554378500156335,46.73667822061568,london,london_v5,v5,2026-03-16T17:29:01.051006,19,TabPFN_NoWeather,168,clean_only,False,42,0,0,0
418.4415771548474,496.4070182528362,1.0860181780240628,128.7889046256405,london,london_v5,v5,2026-03-16T17:34:01.667925,0,SARIMAX,6,degraded,True,42,9,0,0
505.3599286403831,850.5719370468539,1.3165972031926283,31.98360108916422,london,london_v5,v5,2026-03-16T17:39:56.934218,1,SARIMAX,6,degraded,True,42,9,0,0
560.6806935245986,641.0348932361194,1.4659495279242627,21.5069907183428,london,london_v5,v5,2026-03-16T17:44:57.523944,2,SARIMAX,6,degraded,True,42,9,0,0
659.907023159396,728.0124249827711,1.7257401753297392,34.28852146852999,london,london_v5,v5,2026-03-16T17:49:51.695421,3,SARIMAX,6,degraded,True,42,9,0,0
566.0693246887623,683.3586587862372,1.4792331526402411,108.71789283315448,london,london_v5,v5,2026-03-16T17:54:49.271622,4,SARIMAX,6,degraded,True,42,9,0,0
297.84118407062505,342.1975785570553,0.7793838246551409,16.5493469717753,london,london_v5,v5,2026-03-16T17:59:27.798356,5,SARIMAX,6,degraded,True,42,9,0,0
377.2141272080589,438.6178905210063,0.9872443224342622,16.260612131896305,london,london_v5,v5,2026-03-16T18:04:25.558998,6,SARIMAX,6,degraded,True,42,9,0,0
1610.7394059465223,1759.3019026601871,4.213699493062156,68.68530868682656,london,london_v5,v5,2026-03-16T18:10:11.001413,7,SARIMAX,6,degraded,True,42,9,0,0
505.3167253709023,552.706239351402,1.3207384208457464,125.63830706166632,london,london_v5,v5,2026-03-16T18:16:06.184299,8,SARIMAX,6,degraded,True,42,9,0,0
875.5210420697548,1046.943464665366,2.28883515640463,70.53928274714795,london,london_v5,v5,2026-03-16T18:21:48.390251,9,SARIMAX,6,degraded,True,42,9,0,0
397.0568375988952,497.7803475459679,1.0354384802502636,43.06488375634001,london,london_v5,v5,2026-03-16T18:26:40.484232,10,SARIMAX,6,degraded,True,42,9,0,0
162.52464905480588,197.34757956317924,0.4224243306519613,20.03514644340567,london,london_v5,v5,2026-03-16T18:31:38.215517,11,SARIMAX,6,degraded,True,42,9,0,0
535.4863989532687,715.8030999755883,1.388985716821348,90.7822862772465,london,london_v5,v5,2026-03-16T18:36:13.335719,12,SARIMAX,6,degraded,True,42,9,0,0
873.1871164820694,995.3407835622066,2.267791375417196,110.11637174459304,london,london_v5,v5,2026-03-16T18:41:02.315746,13,SARIMAX,6,degraded,True,42,9,0,0
1030.4607322551592,1227.0650911650616,2.668339622622065,64.7520186107646,london,london_v5,v5,2026-03-16T18:45:54.322285,14,SARIMAX,6,degraded,True,42,9,0,0
1120.9677062886055,1171.9593194913,2.8910170094872085,86.1972366397261,london,london_v5,v5,2026-03-16T18:50:56.395466,15,SARIMAX,6,degraded,True,42,9,0,0
441.9894256176012,629.5355648543134,1.1378955481466624,101.10171223060196,london,london_v5,v5,2026-03-16T18:56:24.944460,16,SARIMAX,6,degraded,True,42,9,0,0
518.4495645741796,747.9425138932671,1.3353481228737925,55.86105860688056,london,london_v5,v5,2026-03-16T19:01:53.602433,17,SARIMAX,6,degraded,True,42,9,0,0
525.0905456223891,563.3659325761305,1.351959587169138,20.63413003480928,london,london_v5,v5,2026-03-16T19:05:09.732623,18,SARIMAX,6,degraded,True,42,9,0,0
513.4435240167264,630.6763721693522,1.3205281436654894,73.2711126567264,london,london_v5,v5,2026-03-16T19:08:04.556872,19,SARIMAX,6,degraded,True,42,9,0,0
518.7737165855411,625.4919074150974,1.346418991926587,65.22533537428234,london,london_v5,v5,2026-03-16T19:13:06.967738,0,SARIMAX,24,degraded,True,42,9,0,0
480.2018125219717,551.5759479396073,1.2548470833161467,47.72600536589312,london,london_v5,v5,2026-03-16T19:18:03.172936,1,SARIMAX,24,degraded,True,42,9,0,0
1119.1930101544028,1298.976778878273,2.925217264019816,84.83217538859883,london,london_v5,v5,2026-03-16T19:23:54.355491,2,SARIMAX,24,degraded,True,42,9,0,0
1067.1789567866265,1310.3286519019127,2.768130677392404,92.9307688680813,london,london_v5,v5,2026-03-16T19:28:30.507132,3,SARIMAX,24,degraded,True,42,9,0,0
814.7381754454779,975.0633286982476,2.0975319521481883,78.43383295028441,london,london_v5,v5,2026-03-16T19:34:02.319877,4,SARIMAX,24,degraded,True,42,9,0,0
950.1758040646567,1227.474949640998,2.445275794170244,96.27447242571812,london,london_v5,v5,2026-03-16T19:38:54.089572,5,SARIMAX,24,degraded,True,42,9,0,0
611.1727054779934,724.6124376210179,1.5630740599092998,67.83563158638377,london,london_v5,v5,2026-03-16T19:44:25.402972,6,SARIMAX,24,degraded,True,42,9,0,0
1137.7661921874485,1332.6970405286377,2.909162565539453,79.97318105958306,london,london_v5,v5,2026-03-16T19:50:09.103873,7,SARIMAX,24,degraded,True,42,9,0,0
612.7557937530499,762.1045890640953,1.5786500126932832,74.13816036698465,london,london_v5,v5,2026-03-16T19:53:22.530238,8,SARIMAX,24,degraded,True,42,9,0,0
1656.4808500887132,1988.0552352231184,4.265387542738827,150.7169609047394,london,london_v5,v5,2026-03-16T19:58:16.693715,9,SARIMAX,24,degraded,True,42,9,0,0
1801.4013377252231,2086.6609366176194,4.634444614676145,88.95326902989522,london,london_v5,v5,2026-03-16T20:03:15.965894,10,SARIMAX,24,degraded,True,42,9,0,0
273.30715881742816,356.04655319212515,0.6991590859689488,38.97302711619373,london,london_v5,v5,2026-03-16T20:08:14.962941,11,SARIMAX,24,degraded,True,42,9,0,0
548.65136154356,751.0545936423006,1.4030003813196334,56.72265706654196,london,london_v5,v5,2026-03-16T20:13:44.741044,12,SARIMAX,24,degraded,True,42,9,0,0
992.1606288904464,1274.1185348332124,2.5451298752418445,93.86011343932634,london,london_v5,v5,2026-03-16T20:18:39.702673,13,SARIMAX,24,degraded,True,42,9,0,0
710.7512011652321,840.9698851532066,1.8081961647523663,73.49963306187487,london,london_v5,v5,2026-03-16T20:23:13.840253,14,SARIMAX,24,degraded,True,42,9,0,0
424.50683340668655,615.9984310338766,1.089072259039908,36.927150869045626,london,london_v5,v5,2026-03-16T20:28:06.651970,15,SARIMAX,24,degraded,True,42,9,0,0
434.59319750489794,567.9551082819567,1.115273454809882,48.99843540039483,london,london_v5,v5,2026-03-16T20:32:58.824652,16,SARIMAX,24,degraded,True,42,9,0,0
1074.6136447895562,1389.4023901698088,2.7586697349359848,90.9551798274324,london,london_v5,v5,2026-03-16T20:38:34.571024,17,SARIMAX,24,degraded,True,42,9,0,0
1568.6135164593816,1859.15028358628,3.9640878655151854,152.17328106525366,london,london_v5,v5,2026-03-16T20:43:27.886217,18,SARIMAX,24,degraded,True,42,9,0,0
1324.5455925849983,1650.040839652952,3.342063858334055,96.8811230969656,london,london_v5,v5,2026-03-16T20:49:13.513004,19,SARIMAX,24,degraded,True,42,9,0,0
533.0425258377867,689.6434633990417,1.3834520858463195,56.68671498040475,london,london_v5,v5,2026-03-16T20:53:53.867448,0,SARIMAX,48,degraded,True,42,9,0,0
1035.926409320564,1227.9189214481164,2.7075846518917355,91.96343121708956,london,london_v5,v5,2026-03-16T20:59:49.500083,1,SARIMAX,48,degraded,True,42,9,0,0
1003.823617834737,1337.1029765628875,2.584329759162311,81.55375479720055,london,london_v5,v5,2026-03-16T21:05:24.369525,2,SARIMAX,48,degraded,True,42,9,0,0
1221.156905966024,1574.888627310896,3.123108518568032,76.42629074425514,london,london_v5,v5,2026-03-16T21:10:56.552719,3,SARIMAX,48,degraded,True,42,9,0,0
1175.0328273664188,1371.7240240652131,3.0272509974578896,118.95487513897038,london,london_v5,v5,2026-03-16T21:14:18.115695,4,SARIMAX,48,degraded,True,42,9,0,0
2332.595016749125,2540.6043466411656,6.001040516181931,108.7807054540667,london,london_v5,v5,2026-03-16T21:19:14.998639,5,SARIMAX,48,degraded,True,42,9,0,0
680.6237978883181,824.4708535094363,1.740477678367544,68.1600477788212,london,london_v5,v5,2026-03-16T21:25:51.175325,6,SARIMAX,48,degraded,True,42,9,0,0
1383.6857582545956,1788.0199608252378,3.5201843868805254,112.4384873970209,london,london_v5,v5,2026-03-16T21:30:51.787097,7,SARIMAX,48,degraded,True,42,9,0,0
743.784053885342,997.6276538304816,1.9087335378733248,68.47709532928175,london,london_v5,v5,2026-03-16T21:36:15.932857,8,SARIMAX,48,degraded,True,42,9,0,0
1648.0740079900054,1984.6125078918844,4.164894735377814,157.4882935046137,london,london_v5,v5,2026-03-16T21:41:34.312420,9,SARIMAX,48,degraded,True,42,9,0,0
1294.4865116911958,1627.9071433217382,3.254346152131008,123.3308696291463,london,london_v5,v5,2026-03-16T21:47:50.852271,10,SARIMAX,48,degraded,True,42,9,0,0
1020.8116064215102,1258.8934715302946,2.5743363485831856,85.56862041582532,london,london_v5,v5,2026-03-16T21:53:58.101097,11,SARIMAX,48,degraded,True,42,9,0,0
2459.026888335674,3057.998422952101,6.196954912216569,171.62237115108564,london,london_v5,v5,2026-03-16T21:59:23.449316,12,SARIMAX,48,degraded,True,42,9,0,0
2657.9476538306944,3084.9589905860325,6.6237307795961735,104.56015730585312,london,london_v5,v5,2026-03-16T22:05:38.086848,13,SARIMAX,48,degraded,True,42,9,0,0
847.4253040457012,1066.0924628583605,2.097473911970624,83.54104122601379,london,london_v5,v5,2026-03-16T22:11:02.649171,14,SARIMAX,48,degraded,True,42,9,0,0
1678.517736047165,1992.3360112273867,4.185750299426271,165.27466001059895,london,london_v5,v5,2026-03-16T22:17:16.336856,15,SARIMAX,48,degraded,True,42,9,0,0
970.7182046411492,1328.304256809239,2.3870244715072424,102.1732029361581,london,london_v5,v5,2026-03-16T22:22:40.046724,16,SARIMAX,48,degraded,True,42,9,0,0
1042.1169928523484,1326.1773046574194,2.564663786355254,102.64130727605088,london,london_v5,v5,2026-03-16T22:28:35.149385,17,SARIMAX,48,degraded,True,42,9,0,0
1324.368528504022,1557.1408662700674,3.2943887001677346,120.4670317871085,london,london_v5,v5,2026-03-16T22:33:54.003328,18,SARIMAX,48,degraded,True,42,9,0,0
1984.302467342265,2334.4993162685373,4.948391266308833,98.79899328584771,london,london_v5,v5,2026-03-16T22:39:15.602057,19,SARIMAX,48,degraded,True,42,9,0,0
862.3766771104991,1095.314063470098,2.2382019349368094,76.57935344164386,london,london_v5,v5,2026-03-16T22:44:47.007250,0,SARIMAX,168,degraded,True,42,9,0,0
1320.1756333607757,1719.6156189691767,3.3755665785134883,104.48731796420265,london,london_v5,v5,2026-03-16T22:51:00.511308,1,SARIMAX,168,degraded,True,42,9,0,0
1393.0246485743994,1755.7784903742884,3.5439431165620623,112.41365182619604,london,london_v5,v5,2026-03-16T22:56:38.451583,2,SARIMAX,168,degraded,True,42,9,0,0
1708.9200941234496,2211.4911731659427,4.282275033612606,125.31572025843916,london,london_v5,v5,2026-03-16T23:02:53.133945,3,SARIMAX,168,degraded,True,42,9,0,0
1722.1337676749797,2191.437534171117,4.262476743823015,153.63222675688047,london,london_v5,v5,2026-03-16T23:07:57.580943,4,SARIMAX,168,degraded,True,42,9,0,0
1426.292576441778,1796.4103574122491,3.514692019241044,106.44605110445367,london,london_v5,v5,2026-03-16T23:14:49.135086,5,SARIMAX,168,degraded,True,42,9,0,0
4797.631294988357,5312.560425158056,11.82307625417288,188.50980123135835,london,london_v5,v5,2026-03-16T23:20:17.692088,6,SARIMAX,168,degraded,True,42,9,0,0
1948.157718781713,2337.292402192377,4.809341525149568,157.18778400317447,london,london_v5,v5,2026-03-16T23:26:17.876332,7,SARIMAX,168,degraded,True,42,9,0,0
1344.150715303689,1719.155975840764,3.3263333349843025,114.35501182329388,london,london_v5,v5,2026-03-16T23:32:48.187567,8,SARIMAX,168,degraded,True,42,9,0,0
1126.2701508860996,1483.9819850304548,2.765828317864252,96.08404195676576,london,london_v5,v5,2026-03-16T23:38:54.407101,9,SARIMAX,168,degraded,True,42,9,0,0
1506.5430814835704,1885.236612137965,3.741966459906844,108.7028592730043,london,london_v5,v5,2026-03-16T23:43:48.590899,10,SARIMAX,168,degraded,True,42,9,0,0
1504.7434854362505,1924.1234147680257,3.816132229738647,129.02130699192017,london,london_v5,v5,2026-03-16T23:49:43.886709,11,SARIMAX,168,degraded,True,42,9,0,0
1755.7791325223952,2211.214338824948,4.502454235783559,115.95263787393615,london,london_v5,v5,2026-03-16T23:55:07.016826,12,SARIMAX,168,degraded,True,42,9,0,0
1882.5289481975217,2306.1219193036663,4.769472196992043,169.69449309478583,london,london_v5,v5,2026-03-17T00:00:11.404573,13,SARIMAX,168,degraded,True,42,9,0,0
1059.242313778053,1406.033361494213,2.7076005183295964,104.0609481249296,london,london_v5,v5,2026-03-17T00:07:01.692398,14,SARIMAX,168,degraded,True,42,9,0,0
1606.6918964653055,2029.753649053984,4.1881111152123385,112.83503700402105,london,london_v5,v5,2026-03-17T00:13:13.931032,15,SARIMAX,168,degraded,True,42,9,0,0
1154.5711975523295,1475.4436420644786,3.046626530102042,128.66869683979314,london,london_v5,v5,2026-03-17T00:19:25.473737,16,SARIMAX,168,degraded,True,42,9,0,0
763.2919040849729,1004.870740515794,2.0674629983091184,107.62571906824368,london,london_v5,v5,2026-03-17T00:24:49.389815,17,SARIMAX,168,degraded,True,42,9,0,0
1826.104043189163,2021.56203392458,5.083518029696387,123.34792426673472,london,london_v5,v5,2026-03-17T00:30:06.375270,18,SARIMAX,168,degraded,True,42,9,0,0
1030.824629162797,1310.5900389055498,2.8459311256759925,123.05302777935265,london,london_v5,v5,2026-03-17T00:36:13.706934,19,SARIMAX,168,degraded,True,42,9,0,0
22.012231190999348,28.58286231469833,0.0571302770026771,16.975345948399436,london,london_v5,v5,2026-03-17T00:36:15.655156,0,XGBoost,6,degraded,True,42,13,0,0
73.66626993815105,79.41440275915346,0.191920252227241,4.142548234393406,london,london_v5,v5,2026-03-17T00:36:17.026539,1,XGBoost,6,degraded,True,42,13,0,0
203.4848022460937,261.0637862809286,0.5320291089697311,7.419307266832366,london,london_v5,v5,2026-03-17T00:36:18.404297,2,XGBoost,6,degraded,True,42,13,0,0
263.52769978841144,285.55208470652354,0.6891582039235957,17.937421466995637,london,london_v5,v5,2026-03-17T00:36:19.742681,3,XGBoost,6,degraded,True,42,13,0,0
20.48655954996745,27.179808475014948,0.0535347823104748,17.698284363620402,london,london_v5,v5,2026-03-17T00:36:21.073478,4,XGBoost,6,degraded,True,42,13,0,0
79.92233276367188,100.47606063792938,0.2091388858094957,4.222486948982008,london,london_v5,v5,2026-03-17T00:36:22.409305,5,XGBoost,6,degraded,True,42,13,0,0
110.11118570963542,174.0843934377193,0.2881828518272414,4.6397874039178655,london,london_v5,v5,2026-03-17T00:36:23.733711,6,XGBoost,6,degraded,True,42,13,0,0
93.4794209798177,108.68353567238802,0.2445424674781187,6.753582838295055,london,london_v5,v5,2026-03-17T00:36:25.153824,7,XGBoost,6,degraded,True,42,13,0,0
54.820969899495445,62.658898578539606,0.1432847115067232,58.44070136231083,london,london_v5,v5,2026-03-17T00:36:26.473762,8,XGBoost,6,degraded,True,42,13,0,0
199.06986490885416,232.9323516113864,0.5204193657150321,17.423360035976465,london,london_v5,v5,2026-03-17T00:36:27.795950,9,XGBoost,6,degraded,True,42,13,0,0
206.62349446614584,305.621008954061,0.5388294491736013,13.314851656457726,london,london_v5,v5,2026-03-17T00:36:29.197727,10,XGBoost,6,degraded,True,42,13,0,0
173.1897176106771,180.9444227415601,0.4501443378771543,17.343065776792624,london,london_v5,v5,2026-03-17T00:36:30.531892,11,XGBoost,6,degraded,True,42,13,0,0
35.57589340209961,39.672624864110645,0.0922794825326413,16.16722148918381,london,london_v5,v5,2026-03-17T00:36:31.865175,12,XGBoost,6,degraded,True,42,13,0,0
394.5073725382487,545.3571778259517,1.024591865928098,33.493422129517434,london,london_v5,v5,2026-03-17T00:36:33.192212,13,XGBoost,6,degraded,True,42,13,0,0
186.4488525390625,241.03949362603825,0.4828023477746725,7.723564304539504,london,london_v5,v5,2026-03-17T00:36:34.529012,14,XGBoost,6,degraded,True,42,13,0,0
186.78246053059897,246.91252445079144,0.48171884652742,21.616302901232046,london,london_v5,v5,2026-03-17T00:36:35.923197,15,XGBoost,6,degraded,True,42,13,0,0
24.00927607218425,27.407918999261103,0.0618115429313444,15.284299835922337,london,london_v5,v5,2026-03-17T00:36:37.258993,16,XGBoost,6,degraded,True,42,13,0,0
75.53259531656902,86.3633604191551,0.1945460393135982,13.507412452677723,london,london_v5,v5,2026-03-17T00:36:38.753474,17,XGBoost,6,degraded,True,42,13,0,0
104.22176106770831,113.22120994989608,0.2683415465043779,3.7954842449718007,london,london_v5,v5,2026-03-17T00:36:40.081087,18,XGBoost,6,degraded,True,42,13,0,0
138.49605305989584,165.39254943225913,0.3561987390968114,16.057770939368293,london,london_v5,v5,2026-03-17T00:36:41.417593,19,XGBoost,6,degraded,True,42,13,0,0
201.68927176793417,258.4780902423192,0.5234618819232563,18.717410416153093,london,london_v5,v5,2026-03-17T00:36:43.079428,0,XGBoost,24,degraded,True,42,13,0,0
221.6502863566081,448.5634355496486,0.5792090077503657,14.75783116787549,london,london_v5,v5,2026-03-17T00:36:44.454065,1,XGBoost,24,degraded,True,42,13,0,0
155.30150175094604,210.64657210139777,0.405909105872094,17.287954462229038,london,london_v5,v5,2026-03-17T00:36:45.822313,2,XGBoost,24,degraded,True,42,13,0,0
291.442998568217,400.35929826773247,0.7559672161050822,27.11534542975251,london,london_v5,v5,2026-03-17T00:36:47.202927,3,XGBoost,24,degraded,True,42,13,0,0
163.86400413513184,210.8621742016545,0.4218655696260336,17.810190122132845,london,london_v5,v5,2026-03-17T00:36:48.562620,4,XGBoost,24,degraded,True,42,13,0,0
165.6470731496811,280.75666092047135,0.4262924572645719,18.09041410867808,london,london_v5,v5,2026-03-17T00:36:49.924886,5,XGBoost,24,degraded,True,42,13,0,0
98.12200959523518,132.99282402023778,0.2509470179702029,9.28227204528674,london,london_v5,v5,2026-03-17T00:36:51.283906,6,XGBoost,24,degraded,True,42,13,0,0
278.8489597638448,457.1876098727059,0.7129909121530176,23.49842282172426,london,london_v5,v5,2026-03-17T00:36:52.746065,7,XGBoost,24,degraded,True,42,13,0,0
149.7492774327596,245.2844459299534,0.3858008380012306,10.35221645775283,london,london_v5,v5,2026-03-17T00:36:54.144034,8,XGBoost,24,degraded,True,42,13,0,0
377.19812921683,539.7876354954675,0.9712736500513676,34.825277258335284,london,london_v5,v5,2026-03-17T00:36:55.493341,9,XGBoost,24,degraded,True,42,13,0,0
299.1709626515706,392.8221606773397,0.7696737132875039,21.08258981186953,london,london_v5,v5,2026-03-17T00:36:56.854755,10,XGBoost,24,degraded,True,42,13,0,0
421.9751812616984,549.2757655666951,1.0794733050867211,37.27310771835627,london,london_v5,v5,2026-03-17T00:36:58.227723,11,XGBoost,24,degraded,True,42,13,0,0
554.8653027216593,721.7259304167122,1.4188905484703056,44.78812834109762,london,london_v5,v5,2026-03-17T00:36:59.933060,12,XGBoost,24,degraded,True,42,13,0,0
158.64409510294595,243.7427062260748,0.4069601375220464,12.682606738671678,london,london_v5,v5,2026-03-17T00:37:01.304261,13,XGBoost,24,degraded,True,42,13,0,0
128.6021421750387,205.0176132556402,0.3271720116386889,9.37770741820857,london,london_v5,v5,2026-03-17T00:37:02.681769,14,XGBoost,24,degraded,True,42,13,0,0
131.096578280131,201.8980644940196,0.3363282647635597,10.24599359988338,london,london_v5,v5,2026-03-17T00:37:04.045818,15,XGBoost,24,degraded,True,42,13,0,0
417.5280381838481,685.1850964239261,1.0714800422527195,24.889322298191416,london,london_v5,v5,2026-03-17T00:37:05.427503,16,XGBoost,24,degraded,True,42,13,0,0
232.12249247233072,367.8698809513349,0.5958879248241126,27.17678372398225,london,london_v5,v5,2026-03-17T00:37:06.878690,17,XGBoost,24,degraded,True,42,13,0,0
156.62294578552246,185.0978404641748,0.3958063043158212,24.94578024830919,london,london_v5,v5,2026-03-17T00:37:08.250946,18,XGBoost,24,degraded,True,42,13,0,0
318.015638033549,578.399563264685,0.8024099556910989,25.65935308733993,london,london_v5,v5,2026-03-17T00:37:09.629003,19,XGBoost,24,degraded,True,42,13,0,0
187.00011297067007,261.9747695841491,0.4853378179089209,15.953685149412149,london,london_v5,v5,2026-03-17T00:37:11.426790,0,XGBoost,48,degraded,True,42,13,0,0
260.39952993392944,412.68119891514,0.6806021781714741,30.14181093596525,london,london_v5,v5,2026-03-17T00:37:12.818238,1,XGBoost,48,degraded,True,42,13,0,0
200.79054164886475,395.5467708947796,0.516932420120554,16.26359038768901,london,london_v5,v5,2026-03-17T00:37:14.217016,2,XGBoost,48,degraded,True,42,13,0,0
181.7595559755961,272.1310491872041,0.4648500244524031,15.206258906587458,london,london_v5,v5,2026-03-17T00:37:15.611158,3,XGBoost,48,degraded,True,42,13,0,0
208.19624976317087,350.11885849657466,0.536378465421385,16.78280551286983,london,london_v5,v5,2026-03-17T00:37:17.019420,4,XGBoost,48,degraded,True,42,13,0,0
327.94978221257526,468.94316064196914,0.8437126531606455,31.32673648493505,london,london_v5,v5,2026-03-17T00:37:18.448327,5,XGBoost,48,degraded,True,42,13,0,0
430.77977418899536,649.7641674988184,1.1015814956725687,32.64262378434636,london,london_v5,v5,2026-03-17T00:37:19.860914,6,XGBoost,48,degraded,True,42,13,0,0
172.80062476793924,283.7070924310444,0.4396157564840496,12.742331602137932,london,london_v5,v5,2026-03-17T00:37:21.274554,7,XGBoost,48,degraded,True,42,13,0,0
356.4702875614166,512.6910396436097,0.9147907777392504,32.40865989570138,london,london_v5,v5,2026-03-17T00:37:22.703335,8,XGBoost,48,degraded,True,42,13,0,0
332.17923132578534,579.0446619669477,0.8394595904330302,40.4654442794813,london,london_v5,v5,2026-03-17T00:37:24.123907,9,XGBoost,48,degraded,True,42,13,0,0
181.55196690559387,303.8725805428303,0.4564226352108803,12.78976917215567,london,london_v5,v5,2026-03-17T00:37:25.535650,10,XGBoost,48,degraded,True,42,13,0,0
145.0966578324636,247.1253228754248,0.3659123759627517,10.756027276584584,london,london_v5,v5,2026-03-17T00:37:26.951455,11,XGBoost,48,degraded,True,42,13,0,0
302.42258469263714,465.94707734755264,0.7621303901417291,27.0529134512103,london,london_v5,v5,2026-03-17T00:37:28.368461,12,XGBoost,48,degraded,True,42,13,0,0
227.7281243801117,333.5542850613004,0.5675092151127571,15.346629165989889,london,london_v5,v5,2026-03-17T00:37:29.846009,13,XGBoost,48,degraded,True,42,13,0,0
231.7033085823059,321.6854178319612,0.5734920148696157,15.337813403982931,london,london_v5,v5,2026-03-17T00:37:31.257540,14,XGBoost,48,degraded,True,42,13,0,0
267.70472979545593,395.0927797263408,0.6675801684038161,26.03795951678473,london,london_v5,v5,2026-03-17T00:37:32.663440,15,XGBoost,48,degraded,True,42,13,0,0
297.953948656718,571.4213423614858,0.7326774788247842,22.67272348809078,london,london_v5,v5,2026-03-17T00:37:34.077845,16,XGBoost,48,degraded,True,42,13,0,0
279.2300539811452,390.8622163320357,0.6871888784265611,20.027068944619145,london,london_v5,v5,2026-03-17T00:37:35.578112,17,XGBoost,48,degraded,True,42,13,0,0
222.28214724858603,363.2065457533372,0.5529305313317391,15.050148630818969,london,london_v5,v5,2026-03-17T00:37:36.996885,18,XGBoost,48,degraded,True,42,13,0,0
116.07515207926431,185.01162714297035,0.2894645741955969,11.648189721409574,london,london_v5,v5,2026-03-17T00:37:38.415750,19,XGBoost,48,degraded,True,42,13,0,0
206.17196850549607,353.5710546289365,0.5350962184934003,17.494835852330976,london,london_v5,v5,2026-03-17T00:37:40.312541,0,XGBoost,168,degraded,True,42,13,0,0
334.901542867933,499.1894684030307,0.8563121653137349,27.863198115795026,london,london_v5,v5,2026-03-17T00:37:41.937170,1,XGBoost,168,degraded,True,42,13,0,0
290.8145901816232,515.1291038003197,0.7398507744458882,23.91730451265745,london,london_v5,v5,2026-03-17T00:37:43.540033,2,XGBoost,168,degraded,True,42,13,0,0
310.8527991658165,599.8051850791896,0.7789464150921318,22.202070273503303,london,london_v5,v5,2026-03-17T00:37:45.159849,3,XGBoost,168,degraded,True,42,13,0,0
349.8650715010507,638.1850169360754,0.8659558036322405,26.89922473407377,london,london_v5,v5,2026-03-17T00:37:46.747896,4,XGBoost,168,degraded,True,42,13,0,0
216.33468995775496,311.92122607116033,0.5330952574796246,19.80052281549376,london,london_v5,v5,2026-03-17T00:37:48.371953,5,XGBoost,168,degraded,True,42,13,0,0
248.69802840550744,391.0498769959626,0.6128807266144662,25.04298011322569,london,london_v5,v5,2026-03-17T00:37:49.989524,6,XGBoost,168,degraded,True,42,13,0,0
248.46354082652505,372.0532949808692,0.613372322406199,26.291489501768528,london,london_v5,v5,2026-03-17T00:37:51.589019,7,XGBoost,168,degraded,True,42,13,0,0
200.9566674686613,312.5209402334676,0.4973020170117894,22.245611030256125,london,london_v5,v5,2026-03-17T00:37:53.189670,8,XGBoost,168,degraded,True,42,13,0,0
273.74844991593136,517.9691791449584,0.6722554212710347,24.381168508653484,london,london_v5,v5,2026-03-17T00:37:54.852534,9,XGBoost,168,degraded,True,42,13,0,0
347.7995371364412,506.6012902936997,0.8638678964653829,31.65674809285931,london,london_v5,v5,2026-03-17T00:37:56.484660,10,XGBoost,168,degraded,True,42,13,0,0
275.6041849000113,432.6208170073447,0.6989510324032835,34.877185548138215,london,london_v5,v5,2026-03-17T00:37:58.074631,11,XGBoost,168,degraded,True,42,13,0,0
285.7684243349802,523.2352872206686,0.7328138424516863,32.91080685661632,london,london_v5,v5,2026-03-17T00:37:59.781153,12,XGBoost,168,degraded,True,42,13,0,0
222.7210646456196,395.61853397439216,0.564273886215052,30.94473906154861,london,london_v5,v5,2026-03-17T00:38:01.372575,13,XGBoost,168,degraded,True,42,13,0,0
269.7684915519896,471.4779433128155,0.6895733847243279,28.15266664916566,london,london_v5,v5,2026-03-17T00:38:03.137041,14,XGBoost,168,degraded,True,42,13,0,0
270.2910159428914,451.2051666337003,0.7045587338200054,33.77582521274868,london,london_v5,v5,2026-03-17T00:38:04.758631,15,XGBoost,168,degraded,True,42,13,0,0
337.56173190616425,507.45694379347447,0.8907415412343167,42.98515512833775,london,london_v5,v5,2026-03-17T00:38:06.351567,16,XGBoost,168,degraded,True,42,13,0,0
205.51181145509085,291.1296792238698,0.5566521321986667,32.92264653662628,london,london_v5,v5,2026-03-17T00:38:07.964157,17,XGBoost,168,degraded,True,42,13,0,0
482.32671268781024,777.0754923611219,1.3427036369026224,53.62903446115569,london,london_v5,v5,2026-03-17T00:38:13.730119,18,XGBoost,168,degraded,True,42,13,0,0
343.71438702799026,517.131159318124,0.9489368460084766,57.12800716443736,london,london_v5,v5,2026-03-17T00:39:21.888795,19,XGBoost,168,degraded,True,42,13,0,0
26.827076594034832,39.34577862796138,0.0696266681778234,20.556684747377265,london,london_v5,v5,2026-03-17T00:39:24.337483,0,TabPFN,6,degraded,True,42,9,0,0
57.61151123046875,69.83455071491471,0.1500933300386623,2.9003659122683585,london,london_v5,v5,2026-03-17T00:39:26.106599,1,TabPFN,6,degraded,True,42,9,0,0
179.62030029296875,231.1393759845027,0.4696332466253174,9.325920186233146,london,london_v5,v5,2026-03-17T00:39:27.884481,2,TabPFN,6,degraded,True,42,9,0,0
344.1783854166667,407.9261940785253,0.9000699285635537,23.332111931715907,london,london_v5,v5,2026-03-17T00:39:29.562004,3,TabPFN,6,degraded,True,42,9,0,0
42.00039354960124,52.126154963434246,0.1097540033575694,28.436144268811965,london,london_v5,v5,2026-03-17T00:39:31.496736,4,TabPFN,6,degraded,True,42,9,0,0
378.8200887044271,746.040225695338,0.9912875229526564,13.674877917725697,london,london_v5,v5,2026-03-17T00:39:33.276858,5,TabPFN,6,degraded,True,42,9,0,0
293.4385579427083,461.8093375666608,0.7679870116647288,11.749791101225556,london,london_v5,v5,2026-03-17T00:39:35.018838,6,TabPFN,6,degraded,True,42,9,0,0
257.2064615885417,308.59052557278744,0.6728529349979356,16.38380246642296,london,london_v5,v5,2026-03-17T00:39:36.759690,7,TabPFN,6,degraded,True,42,9,0,0
59.95862452189128,86.08831096132084,0.1567129190291505,30.579676158904835,london,london_v5,v5,2026-03-17T00:39:38.609478,8,TabPFN,6,degraded,True,42,9,0,0
317.5659891764323,469.89703593947934,0.830198436792705,20.699608804768268,london,london_v5,v5,2026-03-17T00:39:40.422545,9,TabPFN,6,degraded,True,42,9,0,0
302.41554768880206,352.03522643146385,0.7886344358065667,21.34321912219677,london,london_v5,v5,2026-03-17T00:39:42.187155,10,TabPFN,6,degraded,True,42,9,0,0
141.8126424153646,240.08770692198024,0.3685909238917684,8.21084641492649,london,london_v5,v5,2026-03-17T00:39:44.113401,11,TabPFN,6,degraded,True,42,9,0,0
54.01329294840495,66.50786456442941,0.1401038244304108,21.70106611963292,london,london_v5,v5,2026-03-17T00:39:45.937037,12,TabPFN,6,degraded,True,42,9,0,0
288.4264882405599,441.2564886121261,0.7490846923040263,26.3236561768472,london,london_v5,v5,2026-03-17T00:39:47.988193,13,TabPFN,6,degraded,True,42,9,0,0
327.5287475585937,390.2593329008304,0.8481234726390031,13.703795266833897,london,london_v5,v5,2026-03-17T00:39:49.820112,14,TabPFN,6,degraded,True,42,9,0,0
291.0156962076823,433.8087786398672,0.7505402011532718,29.85395665801613,london,london_v5,v5,2026-03-17T00:39:51.568338,15,TabPFN,6,degraded,True,42,9,0,0
46.4764404296875,63.22261542376666,0.1196529409832535,14.873812516350768,london,london_v5,v5,2026-03-17T00:39:53.461399,16,TabPFN,6,degraded,True,42,9,0,0
210.916259765625,306.5338566566918,0.5432478891035709,25.442555959110564,london,london_v5,v5,2026-03-17T00:39:55.321510,17,TabPFN,6,degraded,True,42,9,0,0
371.3420817057292,507.287088194065,0.9561007937904106,12.734920267142943,london,london_v5,v5,2026-03-17T00:39:57.178060,18,TabPFN,6,degraded,True,42,9,0,0
267.82961018880206,325.7152215233333,0.6888324059371108,31.53625013764984,london,london_v5,v5,2026-03-17T00:39:59.080424,19,TabPFN,6,degraded,True,42,9,0,0
156.47086922327676,221.3936137290802,0.4061025901468211,11.832791888329645,london,london_v5,v5,2026-03-17T00:40:01.185836,0,TabPFN,24,degraded,True,42,9,0,0
142.13924264907837,291.2100244176953,0.3714334461301122,10.256960387975578,london,london_v5,v5,2026-03-17T00:40:03.073012,1,TabPFN,24,degraded,True,42,9,0,0
319.7521390914917,466.5950974374068,0.8357311643222806,27.0390496033508,london,london_v5,v5,2026-03-17T00:40:04.852178,2,TabPFN,24,degraded,True,42,9,0,0
347.7077646255493,469.5463455577609,0.9019110842718427,28.636611135203765,london,london_v5,v5,2026-03-17T00:40:06.689547,3,TabPFN,24,degraded,True,42,9,0,0
303.9449640909831,408.1535922540541,0.7825020271411529,25.633870373823136,london,london_v5,v5,2026-03-17T00:40:08.438115,4,TabPFN,24,degraded,True,42,9,0,0
232.6707339286804,380.14383535706,0.5987777327667171,22.61158454612901,london,london_v5,v5,2026-03-17T00:40:10.239368,5,TabPFN,24,degraded,True,42,9,0,0
138.19225152333578,197.280837934349,0.3534266528929036,11.553782077317228,london,london_v5,v5,2026-03-17T00:40:12.025296,6,TabPFN,24,degraded,True,42,9,0,0
156.16344912846884,222.6862513072604,0.3992954470167794,14.464573171652638,london,london_v5,v5,2026-03-17T00:40:13.792447,7,TabPFN,24,degraded,True,42,9,0,0
176.8884332974752,293.93728992464,0.4557197668585312,14.784507654671666,london,london_v5,v5,2026-03-17T00:40:15.545266,8,TabPFN,24,degraded,True,42,9,0,0
106.81322956085204,169.47114698587262,0.2750408003474119,9.37083864705242,london,london_v5,v5,2026-03-17T00:40:17.382074,9,TabPFN,24,degraded,True,42,9,0,0
361.4879531860352,558.5292286423484,0.929995921968647,23.886613617319387,london,london_v5,v5,2026-03-17T00:40:19.135924,10,TabPFN,24,degraded,True,42,9,0,0
155.47575823465982,213.78553940194644,0.3977293880190244,17.99395709776616,london,london_v5,v5,2026-03-17T00:40:20.983981,11,TabPFN,24,degraded,True,42,9,0,0
263.2514410018921,364.7989335282442,0.6731813643358174,21.39876796701817,london,london_v5,v5,2026-03-17T00:40:22.718113,12,TabPFN,24,degraded,True,42,9,0,0
95.5174256960551,122.67965611556336,0.2450250964071123,13.648673636915722,london,london_v5,v5,2026-03-17T00:40:24.573317,13,TabPFN,24,degraded,True,42,9,0,0
183.5639966328939,291.80006487434264,0.4669984576235023,16.07844731923063,london,london_v5,v5,2026-03-17T00:40:26.119305,14,TabPFN,24,degraded,True,42,9,0,0
175.05145740509033,258.34239104737816,0.4490945048739634,12.759782994910518,london,london_v5,v5,2026-03-17T00:40:27.868298,15,TabPFN,24,degraded,True,42,9,0,0
473.1215240160624,782.0515957028942,1.2141466540749608,27.801162680971032,london,london_v5,v5,2026-03-17T00:40:29.576830,16,TabPFN,24,degraded,True,42,9,0,0
333.7853094736735,528.9863623120241,0.8568692903500098,33.69956335348627,london,london_v5,v5,2026-03-17T00:40:31.269726,17,TabPFN,24,degraded,True,42,9,0,0
279.0392367045085,447.0512235579502,0.7051679974807896,23.717071535145827,london,london_v5,v5,2026-03-17T00:40:33.013862,18,TabPFN,24,degraded,True,42,9,0,0
311.1251058578491,555.6181732587479,0.785023918790586,26.91809535615277,london,london_v5,v5,2026-03-17T00:40:34.706859,19,TabPFN,24,degraded,True,42,9,0,0
154.0810306072235,220.9488019903824,0.3999000320807108,15.103958837336382,london,london_v5,v5,2026-03-17T00:40:36.918801,0,TabPFN,48,degraded,True,42,9,0,0
240.3918488820394,339.7191285156164,0.6283084151699373,25.53952012578089,london,london_v5,v5,2026-03-17T00:40:38.956398,1,TabPFN,48,degraded,True,42,9,0,0
216.21798729896545,335.5807440242892,0.5566501615574547,18.818548919582835,london,london_v5,v5,2026-03-17T00:40:40.721273,2,TabPFN,48,degraded,True,42,9,0,0
139.82893578211466,195.904301844395,0.3576124725249474,12.398274098673172,london,london_v5,v5,2026-03-17T00:40:42.560784,3,TabPFN,48,degraded,True,42,9,0,0
124.17280562718707,174.06798045815464,0.3199078706035389,10.431146406699868,london,london_v5,v5,2026-03-17T00:40:44.401782,4,TabPFN,48,degraded,True,42,9,0,0
353.1611080169678,504.4031057926164,0.9085735426560184,30.169783242057164,london,london_v5,v5,2026-03-17T00:40:46.179461,5,TabPFN,48,degraded,True,42,9,0,0
172.4393584728241,275.4623468079339,0.4409585078058299,17.073221843898292,london,london_v5,v5,2026-03-17T00:40:47.933915,6,TabPFN,48,degraded,True,42,9,0,0
176.18660497665405,286.0069488595506,0.4482299050317947,13.89463711180143,london,london_v5,v5,2026-03-17T00:40:49.754868,7,TabPFN,48,degraded,True,42,9,0,0
348.52263498306274,609.0633781050268,0.8943951387840651,26.8397232979721,london,london_v5,v5,2026-03-17T00:40:51.500540,8,TabPFN,48,degraded,True,42,9,0,0
296.1345405578613,482.7893090974053,0.7483700264390336,25.96718886857865,london,london_v5,v5,2026-03-17T00:40:53.167750,9,TabPFN,48,degraded,True,42,9,0,0
157.66517368952432,269.7805661561448,0.396371106757404,10.82097890564271,london,london_v5,v5,2026-03-17T00:40:55.096957,10,TabPFN,48,degraded,True,42,9,0,0
140.4721736907959,220.5092312126798,0.3542501088564098,12.883281997206767,london,london_v5,v5,2026-03-17T00:40:56.950520,11,TabPFN,48,degraded,True,42,9,0,0
288.54940446217853,466.1831239162298,0.727168807255015,21.55444119855773,london,london_v5,v5,2026-03-17T00:40:58.772047,12,TabPFN,48,degraded,True,42,9,0,0
205.99397643407187,338.1744182340159,0.5133466944509972,15.036648434213106,london,london_v5,v5,2026-03-17T00:41:00.784229,13,TabPFN,48,degraded,True,42,9,0,0
205.9294494787852,269.945422164609,0.5096987851626988,16.971834604393862,london,london_v5,v5,2026-03-17T00:41:02.954725,14,TabPFN,48,degraded,True,42,9,0,0
350.5309829711914,585.0164376652464,0.8741255069399048,30.97567561085205,london,london_v5,v5,2026-03-17T00:41:04.969677,15,TabPFN,48,degraded,True,42,9,0,0
247.7555168469747,437.49347391793617,0.6092380660392364,19.185863704459454,london,london_v5,v5,2026-03-17T00:41:07.099540,16,TabPFN,48,degraded,True,42,9,0,0
148.8179186185201,255.16426129215264,0.3662428779680768,13.452571410376873,london,london_v5,v5,2026-03-17T00:41:08.961928,17,TabPFN,48,degraded,True,42,9,0,0
172.3902440071106,269.7441476563064,0.4288235937754382,13.925134990260233,london,london_v5,v5,2026-03-17T00:41:10.918355,18,TabPFN,48,degraded,True,42,9,0,0
197.26653798421225,288.8456147235308,0.4919371062434317,16.899536546316533,london,london_v5,v5,2026-03-17T00:41:12.737126,19,TabPFN,48,degraded,True,42,9,0,0
257.6531492641994,397.4109555769476,0.6687098486451782,21.61558432739661,london,london_v5,v5,2026-03-17T00:41:15.108008,0,TabPFN,168,degraded,True,42,9,0,0
222.8854783603124,352.3569899590038,0.5698974837717343,20.42623765813094,london,london_v5,v5,2026-03-17T00:41:17.358434,1,TabPFN,168,degraded,True,42,9,0,0
234.3662952695574,387.6296541785119,0.5962427296061873,20.15930381635164,london,london_v5,v5,2026-03-17T00:41:19.322758,2,TabPFN,168,degraded,True,42,9,0,0
247.26050756091163,419.1958901848655,0.6195945041360045,19.83177316388282,london,london_v5,v5,2026-03-17T00:41:21.535958,3,TabPFN,168,degraded,True,42,9,0,0
276.9475370588757,471.5382367569572,0.68547662099807,24.30998744183829,london,london_v5,v5,2026-03-17T00:41:23.540567,4,TabPFN,168,degraded,True,42,9,0,0
202.2562541734605,351.0636897342775,0.4984029603228237,16.65408733502137,london,london_v5,v5,2026-03-17T00:41:25.759732,5,TabPFN,168,degraded,True,42,9,0,0
226.3159468968709,353.84218159090767,0.5577232874256417,22.008757275605443,london,london_v5,v5,2026-03-17T00:41:27.677299,6,TabPFN,168,degraded,True,42,9,0,0
184.17731518972488,300.22220056925823,0.4546714064231024,19.328143506120053,london,london_v5,v5,2026-03-17T00:41:29.679401,7,TabPFN,168,degraded,True,42,9,0,0
182.0971367245629,297.82350512419487,0.4506308475647809,20.226749903752754,london,london_v5,v5,2026-03-17T00:41:31.758523,8,TabPFN,168,degraded,True,42,9,0,0
218.005333400908,395.4788656621081,0.5353647382835123,22.641279256083045,london,london_v5,v5,2026-03-17T00:41:33.782089,9,TabPFN,168,degraded,True,42,9,0,0
265.9202860196432,432.1529474100271,0.6604954106685407,28.177861650571224,london,london_v5,v5,2026-03-17T00:41:35.720337,10,TabPFN,168,degraded,True,42,9,0,0
240.8947287287031,395.9238617703474,0.6109254814346218,29.955380909143543,london,london_v5,v5,2026-03-17T00:41:37.907756,11,TabPFN,168,degraded,True,42,9,0,0
210.3579139255342,376.46237768073536,0.5394339544427489,25.745702367747946,london,london_v5,v5,2026-03-17T00:41:40.165394,12,TabPFN,168,degraded,True,42,9,0,0
169.26422333717346,303.420867114101,0.4288385620444629,25.3690967792253,london,london_v5,v5,2026-03-17T00:41:42.192539,13,TabPFN,168,degraded,True,42,9,0,0
197.79656641823905,349.72144498304,0.505601106367863,22.360838844591783,london,london_v5,v5,2026-03-17T00:41:44.059633,14,TabPFN,168,degraded,True,42,9,0,0
250.6518220220293,446.7094279313808,0.6533658906030053,33.15800937031213,london,london_v5,v5,2026-03-17T00:41:45.911443,15,TabPFN,168,degraded,True,42,9,0,0
168.2181243328821,260.2295164828448,0.4438858352980298,24.06864340507305,london,london_v5,v5,2026-03-17T00:41:47.947642,16,TabPFN,168,degraded,True,42,9,0,0
137.17117784136818,203.3356312985736,0.371543747685207,20.594646876272428,london,london_v5,v5,2026-03-17T00:41:49.860707,17,TabPFN,168,degraded,True,42,9,0,0
460.133787223271,783.7663406339373,1.2809228543938316,48.27704728356377,london,london_v5,v5,2026-03-17T00:41:52.164779,18,TabPFN,168,degraded,True,42,9,0,0
216.4358971800123,412.8241172682733,0.5975426266235705,41.17945632785582,london,london_v5,v5,2026-03-17T00:41:54.313523,19,TabPFN,168,degraded,True,42,9,0,0
126.5601584590448,140.06298521747658,0.4429219403412293,22.31563419061361,seoul,seoul_v5,v5,2026-03-17T18:40:22.997527,0,Prophet,6,clean_only,False,42,0,0,48
364.00775960460777,394.0105727667554,1.2729872293385254,43.16373490179373,seoul,seoul_v5,v5,2026-03-17T18:40:23.633646,1,Prophet,6,clean_only,False,42,0,0,48
251.9551100048496,289.3543589138129,0.879065043796186,19.031816159877668,seoul,seoul_v5,v5,2026-03-17T18:40:24.349618,2,Prophet,6,clean_only,False,42,0,0,48
339.2409021720768,361.867716545433,1.183066743212939,21.629463288616456,seoul,seoul_v5,v5,2026-03-17T18:40:24.961901,3,Prophet,6,clean_only,False,42,0,0,48
204.13267416788685,224.2332613835918,0.7105371238855582,50.051455072652416,seoul,seoul_v5,v5,2026-03-17T18:40:25.642447,4,Prophet,6,clean_only,False,42,0,0,48
322.03809167071387,338.41527175098963,1.1205584332330534,46.59544423143644,seoul,seoul_v5,v5,2026-03-17T18:40:26.073945,5,Prophet,6,clean_only,False,42,0,0,48
319.9893231110595,338.25108871385555,1.1125739323217116,27.933052997305484,seoul,seoul_v5,v5,2026-03-17T18:40:26.688865,6,Prophet,6,clean_only,False,42,0,0,48
293.9100108995623,327.58408821288015,1.0210136451052472,18.556305292306043,seoul,seoul_v5,v5,2026-03-17T18:40:27.192449,7,Prophet,6,clean_only,False,42,0,0,48
71.34536210425732,107.38149807598906,0.2477599093354276,12.695418611386453,seoul,seoul_v5,v5,2026-03-17T18:40:27.861690,8,Prophet,6,clean_only,False,42,0,0,48
334.0075904082659,410.8430033702035,1.1590557551385023,29.88163170737104,seoul,seoul_v5,v5,2026-03-17T18:40:28.782291,9,Prophet,6,clean_only,False,42,0,0,48
527.5582192959129,551.1199250671124,1.8265940430591825,48.58323216947664,seoul,seoul_v5,v5,2026-03-17T18:40:29.354332,10,Prophet,6,clean_only,False,42,0,0,48
558.1440598905896,584.5795689532484,1.9310498275421115,30.29986784140439,seoul,seoul_v5,v5,2026-03-17T18:40:29.908831,11,Prophet,6,clean_only,False,42,0,0,48
44.172331317460056,53.13106766456968,0.1524688023164047,9.103882893351296,seoul,seoul_v5,v5,2026-03-17T18:40:30.340888,12,Prophet,6,clean_only,False,42,0,0,48
308.1753366410149,395.7600516541109,1.0632372106361958,26.3683492094782,seoul,seoul_v5,v5,2026-03-17T18:40:31.055041,13,Prophet,6,clean_only,False,42,0,0,48
447.0926446671836,464.3501256146648,1.542388413867026,38.81893897729356,seoul,seoul_v5,v5,2026-03-17T18:40:31.570207,14,Prophet,6,clean_only,False,42,0,0,48
482.1731237106656,528.5510081458307,1.6625167104011649,25.567318293909487,seoul,seoul_v5,v5,2026-03-17T18:40:31.954204,15,Prophet,6,clean_only,False,42,0,0,48
60.96238522810271,77.19954386529407,0.2101784566482324,12.535730745758864,seoul,seoul_v5,v5,2026-03-17T18:40:32.373341,16,Prophet,6,clean_only,False,42,0,0,48
344.7200911290538,394.4044175669079,1.1888872984452292,30.84889479169192,seoul,seoul_v5,v5,2026-03-17T18:40:32.882196,17,Prophet,6,clean_only,False,42,0,0,48
533.8351806331635,560.7194818004067,1.841693698065296,46.46908084095144,seoul,seoul_v5,v5,2026-03-17T18:40:33.452472,18,Prophet,6,clean_only,False,42,0,0,48
424.75055029430456,467.5848756009888,1.4653854939395623,22.784272278247634,seoul,seoul_v5,v5,2026-03-17T18:40:33.988374,19,Prophet,6,clean_only,False,42,0,0,48
269.0573472817072,307.73414224741845,0.9416186244713172,26.240693253077268,seoul,seoul_v5,v5,2026-03-17T18:40:36.310442,0,Prophet,24,clean_only,False,42,0,0,48
280.5144932880872,306.94092039648507,0.9764040082344037,35.25820639369452,seoul,seoul_v5,v5,2026-03-17T18:40:36.975402,1,Prophet,24,clean_only,False,42,0,0,48
352.8346429971269,431.27912651591873,1.2252832781424725,29.14681019727225,seoul,seoul_v5,v5,2026-03-17T18:40:37.636703,2,Prophet,24,clean_only,False,42,0,0,48
300.63191805473616,381.7385943289716,1.0376855175350703,23.675090731069005,seoul,seoul_v5,v5,2026-03-17T18:40:38.072985,3,Prophet,24,clean_only,False,42,0,0,48
326.7348710265738,404.25685089523336,1.1264754597211453,27.347974650014617,seoul,seoul_v5,v5,2026-03-17T18:40:38.533663,4,Prophet,24,clean_only,False,42,0,0,48
287.1049075665115,365.83013091801627,0.9903406401140836,24.08111024206605,seoul,seoul_v5,v5,2026-03-17T18:40:39.173632,5,Prophet,24,clean_only,False,42,0,0,48
309.4220274942396,401.4269945272407,1.0679890553271554,27.30981967182592,seoul,seoul_v5,v5,2026-03-17T18:40:39.605172,6,Prophet,24,clean_only,False,42,0,0,48
366.3549306849934,431.3578649201027,1.2651935260691518,36.25995599715869,seoul,seoul_v5,v5,2026-03-17T18:40:40.084427,7,Prophet,24,clean_only,False,42,0,0,48
316.41453679799776,347.84387920960165,1.087855717390415,49.02502234875114,seoul,seoul_v5,v5,2026-03-17T18:40:40.653894,8,Prophet,24,clean_only,False,42,0,0,48
300.9667212035203,379.48053376391647,1.0331156074975023,34.925796040314225,seoul,seoul_v5,v5,2026-03-17T18:40:41.117806,9,Prophet,24,clean_only,False,42,0,0,48
287.9513292972731,361.7517720274987,0.9837584931055192,31.23776524357368,seoul,seoul_v5,v5,2026-03-17T18:40:41.845782,10,Prophet,24,clean_only,False,42,0,0,48
262.5497567604456,343.4126716705752,0.8964822607704097,26.20930867110158,seoul,seoul_v5,v5,2026-03-17T18:40:42.486473,11,Prophet,24,clean_only,False,42,0,0,48
270.5787369169564,335.9086344983728,0.9237858540147634,30.8766564769162,seoul,seoul_v5,v5,2026-03-17T18:40:42.864872,12,Prophet,24,clean_only,False,42,0,0,48
254.57389873601343,316.9330347319189,0.8683718006705274,27.10492592541345,seoul,seoul_v5,v5,2026-03-17T18:40:43.306180,13,Prophet,24,clean_only,False,42,0,0,48
314.07728897997447,374.38611326635424,1.0701028504831702,42.06070630704388,seoul,seoul_v5,v5,2026-03-17T18:40:43.903043,14,Prophet,24,clean_only,False,42,0,0,48
246.4521442396289,301.3975367336877,0.8349722367449611,52.17146356973412,seoul,seoul_v5,v5,2026-03-17T18:40:44.525210,15,Prophet,24,clean_only,False,42,0,0,48
330.323846345929,426.1268108208,1.1161265475044813,51.72480584648165,seoul,seoul_v5,v5,2026-03-17T18:40:44.983117,16,Prophet,24,clean_only,False,42,0,0,48
297.780339163719,367.3247974304001,1.0027409959046116,45.34736544315569,seoul,seoul_v5,v5,2026-03-17T18:40:45.650770,17,Prophet,24,clean_only,False,42,0,0,48
264.5885693895052,310.02738954450246,0.8906695489333466,39.094182349561976,seoul,seoul_v5,v5,2026-03-17T18:40:46.208566,18,Prophet,24,clean_only,False,42,0,0,48
230.62314076317648,281.03339227663497,0.7761238406356239,37.18521186955901,seoul,seoul_v5,v5,2026-03-17T18:40:46.799577,19,Prophet,24,clean_only,False,42,0,0,48
281.76838673323977,317.2514428682214,0.9861033843371054,30.63937023397068,seoul,seoul_v5,v5,2026-03-17T18:40:47.712609,0,Prophet,48,clean_only,False,42,0,0,48
329.1511904419868,408.6526787946225,1.143038127445266,26.63950862256293,seoul,seoul_v5,v5,2026-03-17T18:40:48.539317,1,Prophet,48,clean_only,False,42,0,0,48
310.5435516668503,389.0564173178972,1.0706530620017631,26.256004446640496,seoul,seoul_v5,v5,2026-03-17T18:40:49.001895,2,Prophet,48,clean_only,False,42,0,0,48
359.7236998326303,449.2176284042719,1.2416083543702856,33.3100154826732,seoul,seoul_v5,v5,2026-03-17T18:40:49.438031,3,Prophet,48,clean_only,False,42,0,0,48
301.8644942211901,354.10658535697894,1.037831634534958,39.549213044728624,seoul,seoul_v5,v5,2026-03-17T18:40:50.036301,4,Prophet,48,clean_only,False,42,0,0,48
284.5435154937583,370.80560682330696,0.9721160194266816,30.03855211511024,seoul,seoul_v5,v5,2026-03-17T18:40:50.766534,5,Prophet,48,clean_only,False,42,0,0,48
262.48708040747454,322.4738089956262,0.89616004016044,29.89047151608311,seoul,seoul_v5,v5,2026-03-17T18:40:51.147722,6,Prophet,48,clean_only,False,42,0,0,48
284.3134694108449,334.5198798128084,0.968693581874057,46.967696588879775,seoul,seoul_v5,v5,2026-03-17T18:40:51.741739,7,Prophet,48,clean_only,False,42,0,0,48
331.373169658314,419.1580513072593,1.1196720911242468,53.57559788560974,seoul,seoul_v5,v5,2026-03-17T18:40:52.233156,8,Prophet,48,clean_only,False,42,0,0,48
248.6128013108336,296.8055661842713,0.8368912236590326,39.08894976005975,seoul,seoul_v5,v5,2026-03-17T18:40:52.747647,9,Prophet,48,clean_only,False,42,0,0,48
224.08932463318487,263.60144909444966,0.7543130397779355,33.67801800642125,seoul,seoul_v5,v5,2026-03-17T18:40:53.262378,10,Prophet,48,clean_only,False,42,0,0,48
204.3550230634206,258.7123278077669,0.6871680045139757,46.01871156138571,seoul,seoul_v5,v5,2026-03-17T18:40:53.982070,11,Prophet,48,clean_only,False,42,0,0,48
291.8540070197803,391.4951161660239,0.97711155484198,34.93659094111791,seoul,seoul_v5,v5,2026-03-17T18:40:54.623326,12,Prophet,48,clean_only,False,42,0,0,48
225.7958011091889,304.9552850941523,0.7555378899584755,23.54786208058405,seoul,seoul_v5,v5,2026-03-17T18:40:55.233236,13,Prophet,48,clean_only,False,42,0,0,48
224.8434836804992,261.8157512368547,0.7497342049037634,29.59226680026368,seoul,seoul_v5,v5,2026-03-17T18:40:55.927802,14,Prophet,48,clean_only,False,42,0,0,48
246.172294064971,330.1891392131934,0.8169004016257613,25.2333265072415,seoul,seoul_v5,v5,2026-03-17T18:40:56.574551,15,Prophet,48,clean_only,False,42,0,0,48
313.27327709965294,374.72850254630896,1.032968362180833,34.23721679720248,seoul,seoul_v5,v5,2026-03-17T18:40:57.109927,16,Prophet,48,clean_only,False,42,0,0,48
270.2905821573474,352.8820197291935,0.8830467200511545,23.5041531278805,seoul,seoul_v5,v5,2026-03-17T18:40:57.591843,17,Prophet,48,clean_only,False,42,0,0,48
225.0711899796773,285.61509230519874,0.7361252202554709,24.3826285750983,seoul,seoul_v5,v5,2026-03-17T18:40:58.046977,18,Prophet,48,clean_only,False,42,0,0,48
325.2313218568385,378.25464948487337,1.0641062470379414,39.74660648925442,seoul,seoul_v5,v5,2026-03-17T18:40:58.553098,19,Prophet,48,clean_only,False,42,0,0,48
347.54554023975555,421.35751389959273,1.2163033526048186,32.51339439815577,seoul,seoul_v5,v5,2026-03-17T18:40:59.479946,0,Prophet,168,clean_only,False,42,0,0,48
292.9669467632403,369.4476459677612,1.0117507732298152,29.385715749543728,seoul,seoul_v5,v5,2026-03-17T18:40:59.970093,1,Prophet,168,clean_only,False,42,0,0,48
295.7990240180081,354.48173944159544,1.0078263850271338,52.372067318931634,seoul,seoul_v5,v5,2026-03-17T18:41:00.561061,2,Prophet,168,clean_only,False,42,0,0,48
277.04363312203884,361.8747553730359,0.9330861424134068,44.26999890975711,seoul,seoul_v5,v5,2026-03-17T18:41:01.528387,3,Prophet,168,clean_only,False,42,0,0,48
295.1856245538521,348.26380631186936,0.9842880740915048,33.94023489183648,seoul,seoul_v5,v5,2026-03-17T18:41:02.231946,4,Prophet,168,clean_only,False,42,0,0,48
345.1342316324452,449.29300214866,1.1294659627654555,42.84923437948985,seoul,seoul_v5,v5,2026-03-17T18:41:02.771274,5,Prophet,168,clean_only,False,42,0,0,48
510.792408239278,611.1526663363306,1.652701788817708,99.73562525666183,seoul,seoul_v5,v5,2026-03-17T18:41:03.228313,6,Prophet,168,clean_only,False,42,0,0,48
683.9128771677821,796.8901137279747,2.1248994627096054,98.85964659787116,seoul,seoul_v5,v5,2026-03-17T18:41:03.696196,7,Prophet,168,clean_only,False,42,0,0,48
724.7021883757532,848.4059402844514,2.227447701602295,55.47742587139718,seoul,seoul_v5,v5,2026-03-17T18:41:04.599628,8,Prophet,168,clean_only,False,42,0,0,48
379.89411315703774,518.2464314588449,1.1633090549581335,48.28156428723248,seoul,seoul_v5,v5,2026-03-17T18:41:05.339823,9,Prophet,168,clean_only,False,42,0,48,48
971.9048850617626,1127.814590416058,2.8910421099098755,141.06134219971526,seoul,seoul_v5,v5,2026-03-17T18:41:05.791407,10,Prophet,168,clean_only,False,42,0,24,96
576.9133829821485,862.6665212552862,1.7409322125552629,53.0161311224761,seoul,seoul_v5,v5,2026-03-17T18:41:06.371119,11,Prophet,168,clean_only,False,42,0,72,112
434.2573986382064,529.9935863459863,1.3067795032961662,69.40084472083907,seoul,seoul_v5,v5,2026-03-17T18:41:07.237938,12,Prophet,168,clean_only,False,42,0,31,168
305.4431165682672,404.1825995366496,0.9331132429397314,46.40896494027641,seoul,seoul_v5,v5,2026-03-17T18:41:07.928870,13,Prophet,168,clean_only,False,42,0,0,199
287.75659082392986,381.15516512655546,0.894676840488394,46.85795466978609,seoul,seoul_v5,v5,2026-03-17T18:41:08.635035,14,Prophet,168,clean_only,False,42,0,0,199
477.9070461546651,567.6203794449652,1.5071822059438809,90.86661917974205,seoul,seoul_v5,v5,2026-03-17T18:41:09.523690,15,Prophet,168,clean_only,False,42,0,0,199
377.8734988588543,530.0481010495859,1.2481188493280866,69.63048783021586,seoul,seoul_v5,v5,2026-03-17T18:41:11.266070,16,Prophet,168,clean_only,False,42,0,72,175
845.7475034386896,930.1149623404292,2.925514793293468,160.23984942042685,seoul,seoul_v5,v5,2026-03-17T18:41:12.956056,17,Prophet,168,clean_only,False,42,0,0,247
242.07231677286376,303.8160129412818,0.8408630041706272,38.83687428578165,seoul,seoul_v5,v5,2026-03-17T18:41:13.580987,18,Prophet,168,clean_only,False,42,0,0,247
233.20971559695096,321.245232831719,0.8185625456619401,47.153680249176986,seoul,seoul_v5,v5,2026-03-17T18:41:15.248929,19,Prophet,168,clean_only,False,42,0,0,247
1157.9156901041667,1189.4372272173748,4.052351628324295,97.3602967826087,seoul,seoul_v5,v5,2026-03-17T18:52:22.754911,0,NeuralProphet,6,clean_only,True,42,9,0,48
428.3879089355469,460.4489794108806,1.4981338251424554,65.94333392516471,seoul,seoul_v5,v5,2026-03-17T18:52:36.598164,1,NeuralProphet,6,clean_only,True,42,9,0,48
386.2374610900879,500.2342296006465,1.3475727904163188,50.60083915340744,seoul,seoul_v5,v5,2026-03-17T18:52:50.453377,2,NeuralProphet,6,clean_only,True,42,9,0,48
577.1616617838541,628.848575917753,2.0127902123301085,38.13679309690898,seoul,seoul_v5,v5,2026-03-17T18:53:04.044869,3,NeuralProphet,6,clean_only,True,42,9,0,48
986.19091796875,1012.8147924292568,3.432695237604489,97.62948478192172,seoul,seoul_v5,v5,2026-03-17T18:53:17.786918,4,NeuralProphet,6,clean_only,True,42,9,0,48
339.2001139322917,395.3797780760976,1.1802751228854325,61.743536382324514,seoul,seoul_v5,v5,2026-03-17T18:53:31.413826,5,NeuralProphet,6,clean_only,True,42,9,0,48
102.458251953125,147.22600188173877,0.3562380743395408,10.717784306301686,seoul,seoul_v5,v5,2026-03-17T18:53:45.063989,6,NeuralProphet,6,clean_only,True,42,9,0,48
659.1624959309896,742.0797005774295,2.289863828140107,46.84469691260616,seoul,seoul_v5,v5,2026-03-17T18:53:58.706186,7,NeuralProphet,6,clean_only,True,42,9,0,48
1130.6102905273438,1177.963411934453,3.926252454440075,115.71329124125754,seoul,seoul_v5,v5,2026-03-17T18:54:12.373734,8,NeuralProphet,6,clean_only,True,42,9,0,48
740.1033032735189,919.1703428878996,2.5682679606402123,103.2414409110686,seoul,seoul_v5,v5,2026-03-17T18:54:25.996695,9,NeuralProphet,6,clean_only,True,42,9,0,48
500.7587381998698,641.7004484592093,1.7338047152908818,43.70287687638555,seoul,seoul_v5,v5,2026-03-17T18:54:39.475053,10,NeuralProphet,6,clean_only,True,42,9,0,48
1226.9696350097656,1315.1371970542225,4.245032192135962,75.85853011999917,seoul,seoul_v5,v5,2026-03-17T18:54:53.178847,11,NeuralProphet,6,clean_only,True,42,9,0,48
1368.598124186198,1422.6025048237168,4.723964314844008,115.29328607674474,seoul,seoul_v5,v5,2026-03-17T18:55:06.759714,12,NeuralProphet,6,clean_only,True,42,9,0,48
637.8790028889974,851.4180759649297,2.2007494147564826,75.56636474595533,seoul,seoul_v5,v5,2026-03-17T18:55:20.387904,13,NeuralProphet,6,clean_only,True,42,9,0,48
449.0207010904948,537.3747205529096,1.5490398583138716,39.0665252664028,seoul,seoul_v5,v5,2026-03-17T18:55:34.015012,14,NeuralProphet,6,clean_only,True,42,9,0,48
1175.0520731608074,1263.6353953848293,4.051540019873908,70.96513532399146,seoul,seoul_v5,v5,2026-03-17T18:55:47.665509,15,NeuralProphet,6,clean_only,True,42,9,0,48
1342.7664794921875,1390.3446189179735,4.629421654724709,113.49562811140454,seoul,seoul_v5,v5,2026-03-17T18:56:01.279867,16,NeuralProphet,6,clean_only,True,42,9,0,48
594.1812438964844,798.7782165253399,2.049240969765394,69.8631822143017,seoul,seoul_v5,v5,2026-03-17T18:56:14.949069,17,NeuralProphet,6,clean_only,True,42,9,0,48
510.24322509765625,585.0423065385608,1.7603031164568548,44.184769219873125,seoul,seoul_v5,v5,2026-03-17T18:56:28.585976,18,NeuralProphet,6,clean_only,True,42,9,0,48
1108.3292338053386,1289.405794225688,3.823725668164887,69.99980856931022,seoul,seoul_v5,v5,2026-03-17T18:56:42.215909,19,NeuralProphet,6,clean_only,True,42,9,0,48
374.1600583394368,512.1530030801493,1.309446045704182,36.15213496799566,seoul,seoul_v5,v5,2026-03-17T18:56:57.465416,0,NeuralProphet,24,clean_only,True,42,9,0,48
266.1257044474284,325.25059399912976,0.9263200680679712,32.35699964322746,seoul,seoul_v5,v5,2026-03-17T18:57:10.848338,1,NeuralProphet,24,clean_only,True,42,9,0,48
405.4186242421468,524.9014783356492,1.4078908372256236,41.56386209316929,seoul,seoul_v5,v5,2026-03-17T18:57:24.487374,2,NeuralProphet,24,clean_only,True,42,9,0,48
221.6834065119425,246.58169729639363,0.7651804302875101,27.153323039768768,seoul,seoul_v5,v5,2026-03-17T18:57:38.083078,3,NeuralProphet,24,clean_only,True,42,9,0,48
274.9845905303955,355.3944953167415,0.9480573409893696,27.8960975102953,seoul,seoul_v5,v5,2026-03-17T18:57:51.727733,4,NeuralProphet,24,clean_only,True,42,9,0,48
306.60120646158856,380.56457023472194,1.0575912395247995,31.49667678239885,seoul,seoul_v5,v5,2026-03-17T18:58:05.607632,5,NeuralProphet,24,clean_only,True,42,9,0,48
295.29664357503253,372.95246381619023,1.019234428676381,30.10189186488445,seoul,seoul_v5,v5,2026-03-17T18:58:19.521225,6,NeuralProphet,24,clean_only,True,42,9,0,48
411.7739715576172,558.3498969790417,1.4220465438922516,39.231429039422494,seoul,seoul_v5,v5,2026-03-17T18:58:33.251027,7,NeuralProphet,24,clean_only,True,42,9,0,48
255.71440505981445,332.2922770658536,0.879164340483512,34.30015953652969,seoul,seoul_v5,v5,2026-03-17T18:58:47.205118,8,NeuralProphet,24,clean_only,True,42,9,0,48
322.34992090861004,483.58702141973487,1.106516803700273,34.2215856973064,seoul,seoul_v5,v5,2026-03-17T18:59:01.058018,9,NeuralProphet,24,clean_only,True,42,9,0,48
247.94160874684653,311.49598017951774,0.8470690654362117,32.37944493731332,seoul,seoul_v5,v5,2026-03-17T18:59:14.963893,10,NeuralProphet,24,clean_only,True,42,9,0,48
235.62858899434408,282.4887290380116,0.8045593062823783,27.1604810916101,seoul,seoul_v5,v5,2026-03-17T18:59:28.823665,11,NeuralProphet,24,clean_only,True,42,9,0,48
289.7411400477092,355.1941278082764,0.9892084261755264,33.42503959490974,seoul,seoul_v5,v5,2026-03-17T18:59:42.681644,12,NeuralProphet,24,clean_only,True,42,9,0,48
284.4332860310872,354.61632346924205,0.970224543787879,31.566145285189545,seoul,seoul_v5,v5,2026-03-17T18:59:56.530082,13,NeuralProphet,24,clean_only,True,42,9,0,48
443.5536549886068,556.5933720078971,1.511245948686854,51.591318244181615,seoul,seoul_v5,v5,2026-03-17T19:00:10.443790,14,NeuralProphet,24,clean_only,True,42,9,0,48
266.27252260843915,337.7501753340121,0.9021230651980732,36.49543561845351,seoul,seoul_v5,v5,2026-03-17T19:00:24.302819,15,NeuralProphet,24,clean_only,True,42,9,0,48
313.67796381314594,444.93666336396944,1.05988201170423,38.225265751880656,seoul,seoul_v5,v5,2026-03-17T19:00:37.977696,16,NeuralProphet,24,clean_only,True,42,9,0,48
266.6700967152913,338.8166048858048,0.8979808375167905,34.84109990497868,seoul,seoul_v5,v5,2026-03-17T19:00:51.895728,17,NeuralProphet,24,clean_only,True,42,9,0,48
283.12879371643066,351.1367780595868,0.9530804583558032,33.52142724375035,seoul,seoul_v5,v5,2026-03-17T19:01:05.667163,18,NeuralProphet,24,clean_only,True,42,9,0,48
232.41058476765951,298.54244566137567,0.7821391862817274,29.21416762230441,seoul,seoul_v5,v5,2026-03-17T19:01:19.452596,19,NeuralProphet,24,clean_only,True,42,9,0,48
375.2557058334351,481.3481934292199,1.3132804776445366,38.797663094183605,seoul,seoul_v5,v5,2026-03-17T19:01:33.601956,0,NeuralProphet,48,clean_only,True,42,9,0,48
376.98951148986816,492.0341401897993,1.3091655075020407,34.370921090919275,seoul,seoul_v5,v5,2026-03-17T19:01:47.297759,1,NeuralProphet,48,clean_only,True,42,9,0,48
291.7899177869161,352.4033601129854,1.005996638033405,36.33274511429239,seoul,seoul_v5,v5,2026-03-17T19:02:01.042388,2,NeuralProphet,48,clean_only,True,42,9,0,48
321.6456027825673,414.88448733382296,1.110179473154291,38.82669799140117,seoul,seoul_v5,v5,2026-03-17T19:02:14.520584,3,NeuralProphet,48,clean_only,True,42,9,0,48
408.68645604451496,560.2591656428342,1.4050931487761706,41.812123608935536,seoul,seoul_v5,v5,2026-03-17T19:02:28.241562,4,NeuralProphet,48,clean_only,True,42,9,0,48
311.40354895591736,419.3213408943344,1.0638807843540845,39.10708098807037,seoul,seoul_v5,v5,2026-03-17T19:02:41.927599,5,NeuralProphet,48,clean_only,True,42,9,0,48
258.05987453460693,316.5266257254004,0.8810450676952483,28.21295293840309,seoul,seoul_v5,v5,2026-03-17T19:02:55.662680,6,NeuralProphet,48,clean_only,True,42,9,0,48
410.15132300059,543.1516547819609,1.3974397871867752,48.88383176580906,seoul,seoul_v5,v5,2026-03-17T19:03:09.477409,7,NeuralProphet,48,clean_only,True,42,9,0,48
346.21655011177063,480.0686503051859,1.169826178278652,40.73696036974608,seoul,seoul_v5,v5,2026-03-17T19:03:23.304927,8,NeuralProphet,48,clean_only,True,42,9,0,48
290.3291521867116,354.0973207987958,0.9773186181738208,38.43555980459297,seoul,seoul_v5,v5,2026-03-17T19:03:36.960993,9,NeuralProphet,48,clean_only,True,42,9,0,48
296.054416179657,387.1357724405768,0.9965566497811136,38.79896404911734,seoul,seoul_v5,v5,2026-03-17T19:03:50.420071,10,NeuralProphet,48,clean_only,True,42,9,0,48
269.86413796742755,371.6368627291319,0.9074501737077948,38.17632471282835,seoul,seoul_v5,v5,2026-03-17T19:04:04.185523,11,NeuralProphet,48,clean_only,True,42,9,0,48
288.15470997492474,395.8104811377394,0.9647265068372212,35.307448701566955,seoul,seoul_v5,v5,2026-03-17T19:04:17.892999,12,NeuralProphet,48,clean_only,True,42,9,0,48
314.7929159800212,401.1635319642256,1.0533321449959498,38.32205880715302,seoul,seoul_v5,v5,2026-03-17T19:04:31.727997,13,NeuralProphet,48,clean_only,True,42,9,0,48
347.14161586761475,462.1630220700307,1.1575338502197683,43.244744033517584,seoul,seoul_v5,v5,2026-03-17T19:04:45.540290,14,NeuralProphet,48,clean_only,True,42,9,0,48
359.2144642819961,491.3710180243767,1.1920205775240431,45.189784919776784,seoul,seoul_v5,v5,2026-03-17T19:04:59.400204,15,NeuralProphet,48,clean_only,True,42,9,0,48
383.9268713196119,448.2040300111336,1.2659372517690888,56.8690776370325,seoul,seoul_v5,v5,2026-03-17T19:05:13.066831,16,NeuralProphet,48,clean_only,True,42,9,0,48
329.898783047994,413.4992891919967,1.077788341695943,38.226380047884994,seoul,seoul_v5,v5,2026-03-17T19:05:26.770288,17,NeuralProphet,48,clean_only,True,42,9,0,48
295.3099664052328,422.3778384887832,0.9658504675045986,31.221753815599367,seoul,seoul_v5,v5,2026-03-17T19:05:40.205137,18,NeuralProphet,48,clean_only,True,42,9,0,48
294.1215675671895,377.4337297872461,0.9623199747489436,38.58392344944779,seoul,seoul_v5,v5,2026-03-17T19:05:54.013069,19,NeuralProphet,48,clean_only,True,42,9,0,48
458.7622277396066,608.6869263015027,1.6055278259741288,46.685214180594194,seoul,seoul_v5,v5,2026-03-17T19:06:08.110203,0,NeuralProphet,168,clean_only,True,42,9,0,48
284.37455645061675,354.5475969943117,0.9820772635088884,33.135927674598065,seoul,seoul_v5,v5,2026-03-17T19:06:21.891968,1,NeuralProphet,168,clean_only,True,42,9,0,48
279.7601196652367,355.899923747916,0.9531797172522414,35.37746531297735,seoul,seoul_v5,v5,2026-03-17T19:06:35.741205,2,NeuralProphet,168,clean_only,True,42,9,0,48
247.72746923991613,311.59223406879494,0.8343489653165438,33.70606357707949,seoul,seoul_v5,v5,2026-03-17T19:06:49.371330,3,NeuralProphet,168,clean_only,True,42,9,0,48
251.7860938991819,322.0260987786826,0.8395735728039686,34.528071372643126,seoul,seoul_v5,v5,2026-03-17T19:07:03.223778,4,NeuralProphet,168,clean_only,True,42,9,0,48
393.0352333613805,523.882563234496,1.28622396031123,51.49719414192645,seoul,seoul_v5,v5,2026-03-17T19:07:16.910664,5,NeuralProphet,168,clean_only,True,42,9,0,48
454.8658117765472,670.0852695973704,1.4717476780566434,68.36461072334772,seoul,seoul_v5,v5,2026-03-17T19:07:30.598676,6,NeuralProphet,168,clean_only,True,42,9,0,48
482.9853533903758,706.4175792546223,1.500622889520533,59.72346295490619,seoul,seoul_v5,v5,2026-03-17T19:07:44.303407,7,NeuralProphet,168,clean_only,True,42,9,0,48
314.1906176067534,475.91310740671247,0.9656976069324416,31.818663323683,seoul,seoul_v5,v5,2026-03-17T19:07:58.016113,8,NeuralProphet,168,clean_only,True,42,9,0,48
423.98863597143264,603.121487296768,1.2983349895212193,49.490580790957765,seoul,seoul_v5,v5,2026-03-17T19:08:11.520215,9,NeuralProphet,168,clean_only,True,42,9,48,48
487.2515889576503,623.095952074824,1.4493855144143524,63.32338185727825,seoul,seoul_v5,v5,2026-03-17T19:08:25.252561,10,NeuralProphet,168,clean_only,True,42,9,24,96
405.4775379044669,573.6004078404942,1.2235959990328862,51.40779859868027,seoul,seoul_v5,v5,2026-03-17T19:08:38.964911,11,NeuralProphet,168,clean_only,True,42,9,72,112
384.9912296930949,526.4911282851067,1.1585263705106617,48.47069171117418,seoul,seoul_v5,v5,2026-03-17T19:08:52.665542,12,NeuralProphet,168,clean_only,True,42,9,31,168
275.2083460716974,365.352029834513,0.8407475512045006,38.80413750264625,seoul,seoul_v5,v5,2026-03-17T19:09:06.349870,13,NeuralProphet,168,clean_only,True,42,9,0,199
278.9823299362546,377.6816773724337,0.8673963949349871,40.016336524959925,seoul,seoul_v5,v5,2026-03-17T19:09:20.219996,14,NeuralProphet,168,clean_only,True,42,9,0,199
408.6070901666369,520.2449058055386,1.28862995529544,56.86969404135213,seoul,seoul_v5,v5,2026-03-17T19:09:33.846473,15,NeuralProphet,168,clean_only,True,42,9,0,199
476.3412395204817,666.0056735735009,1.5733584957750395,84.47481914605865,seoul,seoul_v5,v5,2026-03-17T19:09:47.705545,16,NeuralProphet,168,clean_only,True,42,9,72,175
438.2483288929576,590.427381084961,1.5159394075650754,76.67771637295964,seoul,seoul_v5,v5,2026-03-17T19:10:01.508321,17,NeuralProphet,168,clean_only,True,42,9,0,247
221.3053066389901,295.34681502374286,0.7687266658994666,39.028872117972846,seoul,seoul_v5,v5,2026-03-17T19:10:15.284990,18,NeuralProphet,168,clean_only,True,42,9,0,247
256.5985452901749,322.0916575332466,0.90065698124209,53.66192296609216,seoul,seoul_v5,v5,2026-03-17T19:10:28.896315,19,NeuralProphet,168,clean_only,True,42,9,0,247
1144.322001139323,1169.836213683753,4.004777864463592,97.40160654561453,seoul,seoul_v5,v5,2026-03-17T19:10:41.335946,0,NeuralProphet_NoWeather,6,clean_only,False,42,0,0,48
426.3857879638672,460.1707895925549,1.49113212157628,66.93758808937031,seoul,seoul_v5,v5,2026-03-17T19:10:53.752174,1,NeuralProphet_NoWeather,6,clean_only,False,42,0,0,48
265.68207295735675,312.706302800752,0.9269580723948204,29.416493612274486,seoul,seoul_v5,v5,2026-03-17T19:11:05.776852,2,NeuralProphet_NoWeather,6,clean_only,False,42,0,0,48
611.4508870442709,655.3765339833162,2.1323702564710096,40.79149620608303,seoul,seoul_v5,v5,2026-03-17T19:11:18.156029,3,NeuralProphet_NoWeather,6,clean_only,False,42,0,0,48
909.7044067382812,960.1460280962754,3.166463945003869,93.53835291344416,seoul,seoul_v5,v5,2026-03-17T19:11:30.362412,4,NeuralProphet_NoWeather,6,clean_only,False,42,0,0,48
359.39719645182294,397.79019703419215,1.2505525581619588,66.71688542203667,seoul,seoul_v5,v5,2026-03-17T19:11:42.537554,5,NeuralProphet_NoWeather,6,clean_only,False,42,0,0,48
274.1527048746745,309.05878948583205,0.9532041567936564,33.43340352023769,seoul,seoul_v5,v5,2026-03-17T19:11:55.153074,6,NeuralProphet_NoWeather,6,clean_only,False,42,0,0,48
724.9571024576823,789.7190749613371,2.518427635247176,52.80874687957545,seoul,seoul_v5,v5,2026-03-17T19:12:07.361122,7,NeuralProphet_NoWeather,6,clean_only,False,42,0,0,48
1127.4692993164062,1184.773184686047,3.915344783994615,114.6789591193077,seoul,seoul_v5,v5,2026-03-17T19:12:19.810932,8,NeuralProphet_NoWeather,6,clean_only,False,42,0,0,48
736.9702486991882,933.7026815932232,2.557395797731872,100.89262063884648,seoul,seoul_v5,v5,2026-03-17T19:12:32.081202,9,NeuralProphet_NoWeather,6,clean_only,False,42,0,0,48
530.400380452474,618.8797297315974,1.836434615053146,49.51949761287124,seoul,seoul_v5,v5,2026-03-17T19:12:44.291130,10,NeuralProphet_NoWeather,6,clean_only,False,42,0,0,48
1223.476786295573,1313.451135904417,4.232947740482935,74.93688049593665,seoul,seoul_v5,v5,2026-03-17T19:12:56.597704,11,NeuralProphet_NoWeather,6,clean_only,False,42,0,0,48
1286.509053548177,1343.2746075109892,4.44061901904119,111.93874243578485,seoul,seoul_v5,v5,2026-03-17T19:13:08.684586,12,NeuralProphet_NoWeather,6,clean_only,False,42,0,0,48
668.4902318318685,894.1008656162926,2.306361362909483,84.79692099609238,seoul,seoul_v5,v5,2026-03-17T19:13:20.755214,13,NeuralProphet_NoWeather,6,clean_only,False,42,0,0,48
534.0546671549479,610.0888045293254,1.842391595604488,48.33597354695669,seoul,seoul_v5,v5,2026-03-17T19:13:33.272126,14,NeuralProphet_NoWeather,6,clean_only,False,42,0,0,48
1141.2318929036458,1246.1942728532922,3.934929176047511,67.61700457958372,seoul,seoul_v5,v5,2026-03-17T19:13:45.441969,15,NeuralProphet_NoWeather,6,clean_only,False,42,0,0,48
1331.749247233073,1359.0384746763627,4.591437824792668,113.97018266189242,seoul,seoul_v5,v5,2026-03-17T19:13:57.834168,16,NeuralProphet_NoWeather,6,clean_only,False,42,0,0,48
625.1491648356119,826.6972096495202,2.1560446310872443,76.94915169756017,seoul,seoul_v5,v5,2026-03-17T19:14:10.057037,17,NeuralProphet_NoWeather,6,clean_only,False,42,0,0,48
543.3982543945312,656.8053823627167,1.874685627633436,46.014195423363454,seoul,seoul_v5,v5,2026-03-17T19:14:22.212381,18,NeuralProphet_NoWeather,6,clean_only,False,42,0,0,48
1250.496317545573,1325.3396776851623,4.314200800178916,77.86686082237358,seoul,seoul_v5,v5,2026-03-17T19:14:34.726790,19,NeuralProphet_NoWeather,6,clean_only,False,42,0,0,48
423.1120382944743,537.9282967175125,1.4807630400033511,43.09283125712843,seoul,seoul_v5,v5,2026-03-17T19:14:47.126878,0,NeuralProphet_NoWeather,24,clean_only,False,42,0,0,48
243.39379755655924,299.23065502789603,0.8471957249978923,29.910393754235347,seoul,seoul_v5,v5,2026-03-17T19:14:59.537333,1,NeuralProphet_NoWeather,24,clean_only,False,42,0,0,48
343.8439229329427,487.8202014718571,1.194061346929798,31.159397740877345,seoul,seoul_v5,v5,2026-03-17T19:15:11.791709,2,NeuralProphet_NoWeather,24,clean_only,False,42,0,0,48
258.67476749420166,301.99432926679697,0.892862812828852,32.39739476314217,seoul,seoul_v5,v5,2026-03-17T19:15:24.070792,3,NeuralProphet_NoWeather,24,clean_only,False,42,0,0,48
321.0745820999145,383.8942987037022,1.106960626331065,36.61116823085624,seoul,seoul_v5,v5,2026-03-17T19:15:36.606301,4,NeuralProphet_NoWeather,24,clean_only,False,42,0,0,48
264.4404360453288,312.7433525112461,0.9121617353214662,26.674338798553425,seoul,seoul_v5,v5,2026-03-17T19:15:48.848406,5,NeuralProphet_NoWeather,24,clean_only,False,42,0,0,48
268.8973248799642,336.94555566073865,0.9281155653467448,26.66242644446272,seoul,seoul_v5,v5,2026-03-17T19:16:01.407826,6,NeuralProphet_NoWeather,24,clean_only,False,42,0,0,48
379.7276865641276,519.8828546864104,1.3113758556814463,36.83125718598708,seoul,seoul_v5,v5,2026-03-17T19:16:13.634515,7,NeuralProphet_NoWeather,24,clean_only,False,42,0,0,48
190.92333984375,255.7507834433214,0.6564080428608517,27.761119398298835,seoul,seoul_v5,v5,2026-03-17T19:16:26.076894,8,NeuralProphet_NoWeather,24,clean_only,False,42,0,0,48
337.19591395060223,498.1742102228681,1.1574780098401036,33.827238643936184,seoul,seoul_v5,v5,2026-03-17T19:16:38.286530,9,NeuralProphet_NoWeather,24,clean_only,False,42,0,0,48
225.63971694310507,289.1422820758376,0.7708767605498499,33.15592221242278,seoul,seoul_v5,v5,2026-03-17T19:16:50.505278,10,NeuralProphet_NoWeather,24,clean_only,False,42,0,0,48
307.30640347798663,355.4424381659041,1.0493048736302382,33.83157306874908,seoul,seoul_v5,v5,2026-03-17T19:17:03.103817,11,NeuralProphet_NoWeather,24,clean_only,False,42,0,0,48
265.6813767751058,311.09151905672337,0.9070657226673924,28.74389959849909,seoul,seoul_v5,v5,2026-03-17T19:17:15.353715,12,NeuralProphet_NoWeather,24,clean_only,False,42,0,0,48
252.5627212524414,313.3671670603275,0.8615115144371438,29.55265209369569,seoul,seoul_v5,v5,2026-03-17T19:17:27.466223,13,NeuralProphet_NoWeather,24,clean_only,False,42,0,0,48
429.19149653116864,553.9282935248222,1.4623121758747248,49.76191781917822,seoul,seoul_v5,v5,2026-03-17T19:17:39.929200,14,NeuralProphet_NoWeather,24,clean_only,False,42,0,0,48
296.91871452331543,380.06682272308535,1.005951414875564,39.442367625682806,seoul,seoul_v5,v5,2026-03-17T19:17:52.045483,15,NeuralProphet_NoWeather,24,clean_only,False,42,0,0,48
378.3543252944946,505.305824162974,1.2784160498727375,49.96234138714404,seoul,seoul_v5,v5,2026-03-17T19:18:04.560934,16,NeuralProphet_NoWeather,24,clean_only,False,42,0,0,48
177.7984355290731,230.60807376709005,0.5987157540803373,27.19651528759111,seoul,seoul_v5,v5,2026-03-17T19:18:16.671758,17,NeuralProphet_NoWeather,24,clean_only,False,42,0,0,48
293.792155901591,358.91441135648444,0.9889759318809204,38.5733028102727,seoul,seoul_v5,v5,2026-03-17T19:18:28.787470,18,NeuralProphet_NoWeather,24,clean_only,False,42,0,0,48
195.71122868855795,231.194961940464,0.6586336044276685,25.527307229522872,seoul,seoul_v5,v5,2026-03-17T19:18:41.266666,19,NeuralProphet_NoWeather,24,clean_only,False,42,0,0,48
446.0061686436336,583.9489004394486,1.560885511088563,48.28715438769163,seoul,seoul_v5,v5,2026-03-17T19:18:53.726450,0,NeuralProphet_NoWeather,48,clean_only,False,42,0,0,48
381.0693947474162,509.4051705769964,1.3233336534918545,34.615574620817505,seoul,seoul_v5,v5,2026-03-17T19:19:06.058196,1,NeuralProphet_NoWeather,48,clean_only,False,42,0,0,48
282.3008815646172,339.9216097913814,0.9732815304991516,33.02640081180553,seoul,seoul_v5,v5,2026-03-17T19:19:18.139227,2,NeuralProphet_NoWeather,48,clean_only,False,42,0,0,48
393.9541532198588,503.9904689096974,1.3597568581225823,41.37069703872642,seoul,seoul_v5,v5,2026-03-17T19:19:30.104515,3,NeuralProphet_NoWeather,48,clean_only,False,42,0,0,48
326.78771781921387,453.3889977882186,1.123519452677836,35.21961628570951,seoul,seoul_v5,v5,2026-03-17T19:19:42.407494,4,NeuralProphet_NoWeather,48,clean_only,False,42,0,0,48
301.77048919598263,408.0226260147018,1.030970346411131,36.8058878304679,seoul,seoul_v5,v5,2026-03-17T19:19:54.430242,5,NeuralProphet_NoWeather,48,clean_only,False,42,0,0,48
276.3518409729004,330.7662710228322,0.9434958723310702,31.1716348052032,seoul,seoul_v5,v5,2026-03-17T19:20:06.825346,6,NeuralProphet_NoWeather,48,clean_only,False,42,0,0,48
441.1336224873861,587.3761249727781,1.5030005779813544,50.30404755020233,seoul,seoul_v5,v5,2026-03-17T19:20:18.885310,7,NeuralProphet_NoWeather,48,clean_only,False,42,0,0,48
360.5054883162181,504.1052815612956,1.2181068684015597,42.34713627317779,seoul,seoul_v5,v5,2026-03-17T19:20:31.165390,8,NeuralProphet_NoWeather,48,clean_only,False,42,0,0,48
277.9411972463131,333.9339604793761,0.9356177455154536,39.08368761202376,seoul,seoul_v5,v5,2026-03-17T19:20:43.327608,9,NeuralProphet_NoWeather,48,clean_only,False,42,0,0,48
215.87103335062665,284.7164420588228,0.7266492307621578,28.922709549140308,seoul,seoul_v5,v5,2026-03-17T19:20:55.382501,10,NeuralProphet_NoWeather,48,clean_only,False,42,0,0,48
270.19902420043945,360.05803216558184,0.9085762683886512,37.76269150402457,seoul,seoul_v5,v5,2026-03-17T19:21:07.645903,11,NeuralProphet_NoWeather,48,clean_only,False,42,0,0,48
345.5371419290702,458.03417591963085,1.1568398099227917,46.022262507171256,seoul,seoul_v5,v5,2026-03-17T19:21:19.753391,12,NeuralProphet_NoWeather,48,clean_only,False,42,0,0,48
286.3927495479584,363.80698758046935,0.9583020261224194,38.43856593450645,seoul,seoul_v5,v5,2026-03-17T19:21:31.849773,13,NeuralProphet_NoWeather,48,clean_only,False,42,0,0,48
334.3495084444682,439.45765100053205,1.1148789316473244,43.81070208048148,seoul,seoul_v5,v5,2026-03-17T19:21:44.196862,14,NeuralProphet_NoWeather,48,clean_only,False,42,0,0,48
385.2251696586609,514.6568841944987,1.27833474114458,45.72237053172135,seoul,seoul_v5,v5,2026-03-17T19:21:56.242534,15,NeuralProphet_NoWeather,48,clean_only,False,42,0,0,48
299.714661916097,398.5659621780978,0.988261004281478,35.93304607292624,seoul,seoul_v5,v5,2026-03-17T19:22:08.704167,16,NeuralProphet_NoWeather,48,clean_only,False,42,0,0,48
377.6632150014241,533.7846414320218,1.2338360464843747,42.14763815362292,seoul,seoul_v5,v5,2026-03-17T19:22:20.765488,17,NeuralProphet_NoWeather,48,clean_only,False,42,0,0,48
314.5025625228882,443.5365543398879,1.0286224022229389,32.40313113421335,seoul,seoul_v5,v5,2026-03-17T19:22:33.060449,18,NeuralProphet_NoWeather,48,clean_only,False,42,0,0,48
319.757558743159,398.0089684541501,1.0461969463875074,40.87664124085072,seoul,seoul_v5,v5,2026-03-17T19:22:45.196770,19,NeuralProphet_NoWeather,48,clean_only,False,42,0,0,48
442.0471447025026,638.5262867827549,1.5470301352166174,50.6722167955616,seoul,seoul_v5,v5,2026-03-17T19:22:57.482434,0,NeuralProphet_NoWeather,168,clean_only,False,42,0,0,48
276.9993938832056,337.58576832772326,0.9566074058586872,32.40131940953034,seoul,seoul_v5,v5,2026-03-17T19:23:09.713927,1,NeuralProphet_NoWeather,168,clean_only,False,42,0,0,48
245.86661393301827,314.94590690889777,0.8377000618632549,32.01815193519289,seoul,seoul_v5,v5,2026-03-17T19:23:21.723571,2,NeuralProphet_NoWeather,168,clean_only,False,42,0,0,48
270.0364185287839,333.48911504869403,0.9094857630789248,36.03140925128057,seoul,seoul_v5,v5,2026-03-17T19:23:33.786797,3,NeuralProphet_NoWeather,168,clean_only,False,42,0,0,48
272.3647002492632,358.0466818823692,0.9081923507082884,35.26090367812854,seoul,seoul_v5,v5,2026-03-17T19:23:46.216523,4,NeuralProphet_NoWeather,168,clean_only,False,42,0,0,48
377.2229766845703,529.7604604293806,1.2344777002358531,45.63999809090631,seoul,seoul_v5,v5,2026-03-17T19:23:58.199386,5,NeuralProphet_NoWeather,168,clean_only,False,42,0,0,48
546.6965460777283,764.0701260674823,1.7688719430220503,76.76210525868392,seoul,seoul_v5,v5,2026-03-17T19:24:10.488396,6,NeuralProphet_NoWeather,168,clean_only,False,42,0,0,48
548.240882266845,798.9010376857849,1.7033701149020242,70.64819012994352,seoul,seoul_v5,v5,2026-03-17T19:24:22.616583,7,NeuralProphet_NoWeather,168,clean_only,False,42,0,0,48
360.98106975782486,546.9326241321147,1.1095129379367925,40.33924411313781,seoul,seoul_v5,v5,2026-03-17T19:24:34.937393,8,NeuralProphet_NoWeather,168,clean_only,False,42,0,0,48
410.3329235258557,599.0454651033626,1.2565185638655856,47.40231543142035,seoul,seoul_v5,v5,2026-03-17T19:24:47.097207,9,NeuralProphet_NoWeather,168,clean_only,False,42,0,48,48
463.8634006182353,631.7923967819402,1.3798146763590884,59.93048257839374,seoul,seoul_v5,v5,2026-03-17T19:24:59.206142,10,NeuralProphet_NoWeather,168,clean_only,False,42,0,24,96
484.7205439124788,698.337633341518,1.462724966826873,56.02953450043929,seoul,seoul_v5,v5,2026-03-17T19:25:11.509938,11,NeuralProphet_NoWeather,168,clean_only,False,42,0,72,112
425.8688099270775,607.9757371662718,1.2815363276504297,51.28195297878371,seoul,seoul_v5,v5,2026-03-17T19:25:23.592406,12,NeuralProphet_NoWeather,168,clean_only,False,42,0,31,168
299.4571349280221,378.6459052891829,0.914826372365392,44.58039398315521,seoul,seoul_v5,v5,2026-03-17T19:25:35.773233,13,NeuralProphet_NoWeather,168,clean_only,False,42,0,0,199
264.3173745473226,370.05566367920136,0.8218009285871773,35.115881533447705,seoul,seoul_v5,v5,2026-03-17T19:25:48.229406,14,NeuralProphet_NoWeather,168,clean_only,False,42,0,0,199
323.2313706080119,439.1164369364144,1.0193793418680523,43.56800520888161,seoul,seoul_v5,v5,2026-03-17T19:26:00.304536,15,NeuralProphet_NoWeather,168,clean_only,False,42,0,0,199
504.7915454592024,675.2557336488917,1.6673300582648765,89.7066052737341,seoul,seoul_v5,v5,2026-03-17T19:26:12.750981,16,NeuralProphet_NoWeather,168,clean_only,False,42,0,72,175
407.21758268844513,563.8288501196216,1.408601334796153,72.29135155572509,seoul,seoul_v5,v5,2026-03-17T19:26:24.822068,17,NeuralProphet_NoWeather,168,clean_only,False,42,0,0,247
235.2948905499209,313.5066839385671,0.8173209195145127,39.65989807047294,seoul,seoul_v5,v5,2026-03-17T19:26:37.091369,18,NeuralProphet_NoWeather,168,clean_only,False,42,0,0,247
243.7416946150008,327.97930506907505,0.8555296314190899,47.936668342018606,seoul,seoul_v5,v5,2026-03-17T19:26:49.133038,19,NeuralProphet_NoWeather,168,clean_only,False,42,0,0,247
1117.5006917317708,1140.107834446577,3.910911464879952,96.34116894821744,seoul,seoul_v5,v5,2026-03-17T19:27:03.087897,0,NeuralProphet,6,degraded,True,42,9,0,48
412.71409098307294,445.0995596027697,1.443320240645935,61.1439223351686,seoul,seoul_v5,v5,2026-03-17T19:27:16.519856,1,NeuralProphet,6,degraded,True,42,9,0,48
194.1973876953125,232.4658883943892,0.6775498028843271,19.37516493415684,seoul,seoul_v5,v5,2026-03-17T19:27:30.187044,2,NeuralProphet,6,degraded,True,42,9,0,48
628.1424560546875,679.2498265915618,2.1905803368647088,42.28618732089205,seoul,seoul_v5,v5,2026-03-17T19:27:43.782643,3,NeuralProphet,6,degraded,True,42,9,0,48
925.7886657714844,982.3433479190804,3.2224494122979648,93.96199310572624,seoul,seoul_v5,v5,2026-03-17T19:27:57.521429,4,NeuralProphet,6,degraded,True,42,9,0,48
378.40088144938153,461.4135654885256,1.316677467100659,66.61103723190877,seoul,seoul_v5,v5,2026-03-17T19:28:11.381802,5,NeuralProphet,6,degraded,True,42,9,0,48
175.9488525390625,223.75657051293769,0.6117582450991222,20.203384043799343,seoul,seoul_v5,v5,2026-03-17T19:28:25.265886,6,NeuralProphet,6,degraded,True,42,9,0,48
614.5473124186198,717.9798402112194,2.1348751940150485,43.39637550125146,seoul,seoul_v5,v5,2026-03-17T19:28:39.164715,7,NeuralProphet,6,degraded,True,42,9,0,48
1140.3275248209636,1200.6885890303297,3.959997340114076,114.83300424090916,seoul,seoul_v5,v5,2026-03-17T19:28:52.868151,8,NeuralProphet,6,degraded,True,42,9,0,48
687.4615020751953,881.3639806264105,2.3855931221277284,87.98919846729369,seoul,seoul_v5,v5,2026-03-17T19:29:06.793770,9,NeuralProphet,6,degraded,True,42,9,0,48
540.8855489095052,640.9058446592057,1.8727379945543623,48.934605856772976,seoul,seoul_v5,v5,2026-03-17T19:29:20.662869,10,NeuralProphet,6,degraded,True,42,9,0,48
1265.7491048177085,1340.546035078812,4.37920022126357,78.57043763743813,seoul,seoul_v5,v5,2026-03-17T19:29:34.560881,11,NeuralProphet,6,degraded,True,42,9,0,48
1298.7607014973958,1332.1467616487157,4.482907801034484,113.73632129019671,seoul,seoul_v5,v5,2026-03-17T19:29:48.446929,12,NeuralProphet,6,degraded,True,42,9,0,48
655.7878163655599,871.2902414676267,2.262536698236617,82.36908995069588,seoul,seoul_v5,v5,2026-03-17T19:30:02.010332,13,NeuralProphet,6,degraded,True,42,9,0,48
586.2505086263021,682.664725631382,2.0224577677898647,48.8622400486202,seoul,seoul_v5,v5,2026-03-17T19:30:15.817533,14,NeuralProphet,6,degraded,True,42,9,0,48
1174.7329711914062,1268.1765605741648,4.050439767017903,70.77183305440904,seoul,seoul_v5,v5,2026-03-17T19:30:29.581775,15,NeuralProphet,6,degraded,True,42,9,0,48
1356.0276896158855,1392.1212510599305,4.675141989758481,114.583918153314,seoul,seoul_v5,v5,2026-03-17T19:30:43.172944,16,NeuralProphet,6,degraded,True,42,9,0,48
598.1840947469076,821.7979002767165,2.063046195094884,68.82864098406777,seoul,seoul_v5,v5,2026-03-17T19:30:56.814452,17,NeuralProphet,6,degraded,True,42,9,0,48
596.8098449707031,696.2616507493492,2.058951845628115,49.619580837059615,seoul,seoul_v5,v5,2026-03-17T19:31:10.255201,18,NeuralProphet,6,degraded,True,42,9,0,48
1202.9050801595051,1269.800078593397,4.150011468685745,73.74974513918495,seoul,seoul_v5,v5,2026-03-17T19:31:24.121374,19,NeuralProphet,6,degraded,True,42,9,0,48
364.8396924336751,481.8524518604989,1.2768276087337027,33.24922050382765,seoul,seoul_v5,v5,2026-03-17T19:31:38.340707,0,NeuralProphet,24,degraded,True,42,9,0,48
343.5623982747396,399.7238717534649,1.195858719533499,41.080989130718834,seoul,seoul_v5,v5,2026-03-17T19:31:52.145479,1,NeuralProphet,24,degraded,True,42,9,0,48
337.7786019643148,460.8285031216996,1.1729984028370684,32.228718235789145,seoul,seoul_v5,v5,2026-03-17T19:32:05.987729,2,NeuralProphet,24,degraded,True,42,9,0,48
230.11643282572427,261.1822432688294,0.7942885480530038,28.679004051656342,seoul,seoul_v5,v5,2026-03-17T19:32:19.570871,3,NeuralProphet,24,degraded,True,42,9,0,48
298.7066227595012,369.6277529295411,1.029843184896518,36.16417462688532,seoul,seoul_v5,v5,2026-03-17T19:32:33.468182,4,NeuralProphet,24,degraded,True,42,9,0,48
253.2208449045817,340.1650533461778,0.8734608396581912,26.89113092074112,seoul,seoul_v5,v5,2026-03-17T19:32:47.373687,5,NeuralProphet,24,degraded,True,42,9,0,48
321.9156634012858,381.4148888037687,1.1111116038994808,34.06684860566999,seoul,seoul_v5,v5,2026-03-17T19:33:01.300210,6,NeuralProphet,24,degraded,True,42,9,0,48
392.05371475219727,547.4150890449837,1.353943349004201,39.929629157043294,seoul,seoul_v5,v5,2026-03-17T19:33:14.910288,7,NeuralProphet,24,degraded,True,42,9,0,48
433.9914110898972,496.3825565791056,1.4920933868278146,54.75648882045016,seoul,seoul_v5,v5,2026-03-17T19:33:28.710733,8,NeuralProphet,24,degraded,True,42,9,0,48
313.94201278686523,489.08472605396656,1.077655336650879,33.23053353963547,seoul,seoul_v5,v5,2026-03-17T19:33:42.393005,9,NeuralProphet,24,degraded,True,42,9,0,48
252.6608407497406,313.51131521161494,0.8631918754093845,37.358441615762686,seoul,seoul_v5,v5,2026-03-17T19:33:56.057018,10,NeuralProphet,24,degraded,True,42,9,0,48
333.86914536356926,390.493885264787,1.1400039745994133,49.30795670511958,seoul,seoul_v5,v5,2026-03-17T19:34:09.571451,11,NeuralProphet,24,degraded,True,42,9,0,48
200.639435450236,268.3935466017926,0.6850053124585381,20.75457536968956,seoul,seoul_v5,v5,2026-03-17T19:34:23.068624,12,NeuralProphet,24,degraded,True,42,9,0,48
266.02854347229004,319.8100077822812,0.9074445042158203,30.75728567723004,seoul,seoul_v5,v5,2026-03-17T19:34:36.628631,13,NeuralProphet,24,degraded,True,42,9,0,48
394.4584630330404,506.51504401117984,1.3439721383859131,45.8829964347526,seoul,seoul_v5,v5,2026-03-17T19:34:50.004106,14,NeuralProphet,24,degraded,True,42,9,0,48
232.7878494262696,320.82956645108544,0.78867802884081,32.1929317942763,seoul,seoul_v5,v5,2026-03-17T19:35:03.760396,15,NeuralProphet,24,degraded,True,42,9,0,48
328.04918400446576,483.09781239310576,1.1084407232626037,37.94215939714305,seoul,seoul_v5,v5,2026-03-17T19:35:17.537815,16,NeuralProphet,24,degraded,True,42,9,0,48
289.2886231740316,344.98012441209227,0.9741461203250094,39.58835600717587,seoul,seoul_v5,v5,2026-03-17T19:35:31.313096,17,NeuralProphet,24,degraded,True,42,9,0,48
463.7481463750203,530.1968723874035,1.5610891782043033,60.56848564221937,seoul,seoul_v5,v5,2026-03-17T19:35:44.950964,18,NeuralProphet,24,degraded,True,42,9,0,48
253.30700238545737,321.98993277530536,0.8524626058803938,32.18826241879238,seoul,seoul_v5,v5,2026-03-17T19:35:58.603702,19,NeuralProphet,24,degraded,True,42,9,0,48
442.3833662668864,585.2783448774865,1.5482068081087392,48.60359805192176,seoul,seoul_v5,v5,2026-03-17T19:36:12.168774,0,NeuralProphet,48,degraded,True,42,9,0,48
501.39382803440094,627.021451779529,1.7411824078153135,52.55268191027104,seoul,seoul_v5,v5,2026-03-17T19:36:25.956504,1,NeuralProphet,48,degraded,True,42,9,0,48
324.454222202301,398.13459903993504,1.118612525089426,39.43787018196954,seoul,seoul_v5,v5,2026-03-17T19:36:39.621844,2,NeuralProphet,48,degraded,True,42,9,0,48
364.34554799397785,486.7058080404941,1.257560946018904,35.52828191509083,seoul,seoul_v5,v5,2026-03-17T19:36:53.276292,3,NeuralProphet,48,degraded,True,42,9,0,48
354.0200112660726,523.9364891125437,1.2171460174482516,36.78997884040705,seoul,seoul_v5,v5,2026-03-17T19:37:07.022735,4,NeuralProphet,48,degraded,True,42,9,0,48
340.60662766297656,452.0514028862698,1.1636503418449602,46.60068509475494,seoul,seoul_v5,v5,2026-03-17T19:37:20.407425,5,NeuralProphet,48,degraded,True,42,9,0,48
265.5293529033661,318.5533740363601,0.9065466962879144,35.33270808978961,seoul,seoul_v5,v5,2026-03-17T19:37:34.108472,6,NeuralProphet,48,degraded,True,42,9,0,48
425.74011580149335,568.0446679772876,1.4505528653912352,50.502418162138085,seoul,seoul_v5,v5,2026-03-17T19:37:47.674780,7,NeuralProphet,48,degraded,True,42,9,0,48
338.28303209940594,494.0701115560332,1.1430197270743023,40.93524106648636,seoul,seoul_v5,v5,2026-03-17T19:38:01.314615,8,NeuralProphet,48,degraded,True,42,9,0,48
267.10013461112976,331.87442881132546,0.8991240890074793,39.3101609849783,seoul,seoul_v5,v5,2026-03-17T19:38:15.019302,9,NeuralProphet,48,degraded,True,42,9,0,48
269.63855234781903,365.9982550099428,0.907637507479397,33.80647326778616,seoul,seoul_v5,v5,2026-03-17T19:38:28.566995,10,NeuralProphet,48,degraded,True,42,9,0,48
317.482707341512,400.9585332303818,1.0675732614796325,60.16555361302266,seoul,seoul_v5,v5,2026-03-17T19:38:42.371156,11,NeuralProphet,48,degraded,True,42,9,0,48
347.5868897835414,457.3995477738144,1.1637022557516767,48.06123720291578,seoul,seoul_v5,v5,2026-03-17T19:38:56.137909,12,NeuralProphet,48,degraded,True,42,9,0,48
227.28834342956543,299.57070020681704,0.7605321027377719,31.70538948813596,seoul,seoul_v5,v5,2026-03-17T19:39:09.922355,13,NeuralProphet,48,degraded,True,42,9,0,48
341.3893437385559,462.6665673673165,1.1383530623202254,42.69309009887915,seoul,seoul_v5,v5,2026-03-17T19:39:23.775611,14,NeuralProphet,48,degraded,True,42,9,0,48
322.2304332256317,461.7198165522922,1.069292429182094,39.23165606150785,seoul,seoul_v5,v5,2026-03-17T19:39:37.373599,15,NeuralProphet,48,degraded,True,42,9,0,48
385.858006477356,446.1010533453356,1.2723048600742497,55.25580498430859,seoul,seoul_v5,v5,2026-03-17T19:39:50.977757,16,NeuralProphet,48,degraded,True,42,9,0,48
349.2897170186043,449.5129530662922,1.1411390530111745,41.88182079169514,seoul,seoul_v5,v5,2026-03-17T19:40:04.606960,17,NeuralProphet,48,degraded,True,42,9,0,48
331.73023319244385,443.5360428725038,1.0849677872864845,36.9062422440533,seoul,seoul_v5,v5,2026-03-17T19:40:18.204064,18,NeuralProphet,48,degraded,True,42,9,0,48
263.3215621312459,346.09142409183863,0.8615471524817914,35.40910655157347,seoul,seoul_v5,v5,2026-03-17T19:40:31.506134,19,NeuralProphet,48,degraded,True,42,9,0,48
463.1037598337446,607.9407607493279,1.6207218636760616,47.77360672703627,seoul,seoul_v5,v5,2026-03-17T19:40:45.406198,0,NeuralProphet,168,degraded,True,42,9,0,48
297.65266444569545,363.2245806928653,1.0279327300708094,36.731616870149416,seoul,seoul_v5,v5,2026-03-17T19:40:58.912085,1,NeuralProphet,168,degraded,True,42,9,0,48
247.2142484074547,320.1263726051327,0.8422916307002991,33.30015307229748,seoul,seoul_v5,v5,2026-03-17T19:41:12.411666,2,NeuralProphet,168,degraded,True,42,9,0,48
334.7739121232714,426.04599437883167,1.127522385999561,53.34058235887413,seoul,seoul_v5,v5,2026-03-17T19:41:25.899917,3,NeuralProphet,168,degraded,True,42,9,0,48
308.4792117675145,380.3852741463695,1.0286151627702966,44.55198059032933,seoul,seoul_v5,v5,2026-03-17T19:41:39.431439,4,NeuralProphet,168,degraded,True,42,9,0,48
412.394896030426,550.2335736520026,1.3495792523432142,54.91445175407789,seoul,seoul_v5,v5,2026-03-17T19:41:52.611722,5,NeuralProphet,168,degraded,True,42,9,0,48
474.508036556698,688.5216129617219,1.535301363481247,71.35427484421717,seoul,seoul_v5,v5,2026-03-17T19:42:06.052119,6,NeuralProphet,168,degraded,True,42,9,0,48
684.1381882996786,905.6026941034306,2.1255994985169324,90.0564493040116,seoul,seoul_v5,v5,2026-03-17T19:42:19.449031,7,NeuralProphet,168,degraded,True,42,9,0,48
385.55676740691774,537.3916487367321,1.185048905844429,43.10266362842952,seoul,seoul_v5,v5,2026-03-17T19:42:33.036448,8,NeuralProphet,168,degraded,True,42,9,0,48
456.7937457220895,624.1674899455373,1.3987905635881417,54.96391370159181,seoul,seoul_v5,v5,2026-03-17T19:42:46.381196,9,NeuralProphet,168,degraded,True,42,9,48,48
469.6620596186036,636.5314237265899,1.3970634499878034,61.926033450314456,seoul,seoul_v5,v5,2026-03-17T19:42:59.451757,10,NeuralProphet,168,degraded,True,42,9,24,96
494.6567759286789,680.7614667076383,1.492709201720174,63.84489569668883,seoul,seoul_v5,v5,2026-03-17T19:43:12.806480,11,NeuralProphet,168,degraded,True,42,9,72,112
422.786556993212,559.5307272429352,1.2722611259599557,52.69725009900522,seoul,seoul_v5,v5,2026-03-17T19:43:26.087586,12,NeuralProphet,168,degraded,True,42,9,31,168
401.07669379029954,508.89007525117967,1.2252689751696089,53.52645287491454,seoul,seoul_v5,v5,2026-03-17T19:43:39.710201,13,NeuralProphet,168,degraded,True,42,9,0,199
293.3755559410368,395.9949873367923,0.912147015344836,44.894286083188426,seoul,seoul_v5,v5,2026-03-17T19:43:53.025511,14,NeuralProphet,168,degraded,True,42,9,0,199
363.67685019828025,475.6723907745815,1.14693282248694,54.99387432478897,seoul,seoul_v5,v5,2026-03-17T19:44:06.686482,15,NeuralProphet,168,degraded,True,42,9,0,199
554.2673941907428,716.6186872791807,1.830749137863805,98.30876437818506,seoul,seoul_v5,v5,2026-03-17T19:44:20.233235,16,NeuralProphet,168,degraded,True,42,9,72,175
443.57033133222944,590.8851856578426,1.5343486807851912,77.77094624328326,seoul,seoul_v5,v5,2026-03-17T19:44:33.775122,17,NeuralProphet,168,degraded,True,42,9,0,247
232.2043618070228,310.4198673635341,0.8065856511539122,38.81973395950371,seoul,seoul_v5,v5,2026-03-17T19:44:47.092662,18,NeuralProphet,168,degraded,True,42,9,0,247
278.9914209729149,349.6222909511562,0.979255633432182,53.776801487336826,seoul,seoul_v5,v5,2026-03-17T19:45:00.662968,19,NeuralProphet,168,degraded,True,42,9,0,247
87.01605323949525,111.4491657080336,1.0613016979755907,52.78200976422139,washington,washington_v5,v5,2026-03-17T19:45:10.192314,0,Prophet,24,clean_only,False,42,0,0,4
86.0499196664316,120.54274971286124,1.0512152526722032,47.82175173742021,washington,washington_v5,v5,2026-03-17T19:45:10.778823,1,Prophet,24,clean_only,False,42,0,0,4
99.0195649542208,123.74583401046222,1.2161549738452844,54.41988180381357,washington,washington_v5,v5,2026-03-17T19:45:11.186803,2,Prophet,24,clean_only,False,42,0,0,4
56.85395858936178,82.33762373136747,0.6979352781555992,40.70147265120177,washington,washington_v5,v5,2026-03-17T19:45:11.627111,3,Prophet,24,clean_only,False,42,0,0,4
121.66330955017996,151.1650190972929,1.4985541071172883,61.2362257179525,washington,washington_v5,v5,2026-03-17T19:45:12.158768,4,Prophet,24,clean_only,False,42,0,0,3
129.21472757184918,153.29524159239,1.5908640342038154,75.58022081148232,washington,washington_v5,v5,2026-03-17T19:45:12.551192,5,Prophet,24,clean_only,False,42,0,0,3
89.35547970669542,133.0763406010276,1.0954949851136089,60.07944749563392,washington,washington_v5,v5,2026-03-17T19:45:13.036751,6,Prophet,24,clean_only,False,42,0,0,3
74.27703986983097,118.8603400328391,0.9084102656245264,40.45347285284444,washington,washington_v5,v5,2026-03-17T19:45:13.350877,7,Prophet,24,clean_only,False,42,0,0,3
76.38590658566396,116.96468902722792,0.9361389855500286,42.83678353809288,washington,washington_v5,v5,2026-03-17T19:45:13.746363,8,Prophet,24,clean_only,False,42,0,0,3
81.24930798600745,117.28719033072146,1.0003482642109696,46.04709436474268,washington,washington_v5,v5,2026-03-17T19:45:14.131867,9,Prophet,24,clean_only,False,42,0,0,3
67.07266250424772,98.80606443031373,0.8254223724777391,42.84754128273351,washington,washington_v5,v5,2026-03-17T19:45:14.521156,10,Prophet,24,clean_only,False,42,0,0,3
124.99041470669827,150.65302320364677,1.5382087369874649,62.70083732950676,washington,washington_v5,v5,2026-03-17T19:45:15.090687,11,Prophet,24,clean_only,False,42,0,0,3
140.32262807252198,178.2399992609114,1.7111336954223817,74.08071711085547,washington,washington_v5,v5,2026-03-17T19:45:15.421715,12,Prophet,24,clean_only,False,42,0,0,3
88.25042609093741,131.83586627301742,1.075667391177175,61.3252431288381,washington,washington_v5,v5,2026-03-17T19:45:15.859773,13,Prophet,24,clean_only,False,42,0,0,3
77.82909756267885,115.71710154552736,0.9402399114563992,45.48934731764492,washington,washington_v5,v5,2026-03-17T19:45:16.146441,14,Prophet,24,clean_only,False,42,0,0,3
89.88842909824729,135.74863789443654,1.0894237569626346,51.65902193576295,washington,washington_v5,v5,2026-03-17T19:45:16.611230,15,Prophet,24,clean_only,False,42,0,0,2
86.81958766265319,118.7907507109746,1.058940371668655,50.6391183873458,washington,washington_v5,v5,2026-03-17T19:45:16.988235,16,Prophet,24,clean_only,False,42,0,0,2
67.31692774476264,90.1604643847364,0.821154557530716,47.71683707044512,washington,washington_v5,v5,2026-03-17T19:45:17.318076,17,Prophet,24,clean_only,False,42,0,0,2
123.20814332954652,147.5347196113485,1.497318632748915,64.45701483850085,washington,washington_v5,v5,2026-03-17T19:45:17.671564,18,Prophet,24,clean_only,False,42,0,0,2
113.8601162234564,142.71263551555353,1.3740650204400864,67.86078287855787,washington,washington_v5,v5,2026-03-17T19:45:18.102455,19,Prophet,24,clean_only,False,42,0,0,2
86.61727458726932,115.9708290245768,1.0564379464611553,50.53157962208134,washington,washington_v5,v5,2026-03-17T19:45:19.413460,0,Prophet,48,clean_only,False,42,0,0,4
77.8751344204049,105.15299813931826,0.9564597875988596,47.52670837761228,washington,washington_v5,v5,2026-03-17T19:45:19.821845,1,Prophet,48,clean_only,False,42,0,0,4
121.07857853235372,147.00675967163835,1.4913518448118974,67.6919799633947,washington,washington_v5,v5,2026-03-17T19:45:20.353257,2,Prophet,48,clean_only,False,42,0,0,3
82.60633571003194,128.6787732109632,1.0127507211196851,54.294453732031386,washington,washington_v5,v5,2026-03-17T19:45:20.851224,3,Prophet,48,clean_only,False,42,0,0,3
81.12829901494345,120.82756505454972,0.9942588487062912,43.11065079776311,washington,washington_v5,v5,2026-03-17T19:45:21.248360,4,Prophet,48,clean_only,False,42,0,0,3
95.68953059347471,125.75025613697336,1.177592724289796,53.2500853204448,washington,washington_v5,v5,2026-03-17T19:45:21.608652,5,Prophet,48,clean_only,False,42,0,0,3
111.55585780337016,153.8024693814164,1.360343586997527,65.66222617911006,washington,washington_v5,v5,2026-03-17T19:45:21.969332,6,Prophet,48,clean_only,False,42,0,0,3
85.4385240062184,130.68097896385956,1.032168080606063,46.40796545118639,washington,washington_v5,v5,2026-03-17T19:45:22.256023,7,Prophet,48,clean_only,False,42,0,0,3
76.66727299377926,105.27986482258132,0.9351123720411116,48.94214604045025,washington,washington_v5,v5,2026-03-17T19:45:22.629018,8,Prophet,48,clean_only,False,42,0,0,2
121.58188586541728,149.79879418119128,1.4775551208828632,65.97205982050619,washington,washington_v5,v5,2026-03-17T19:45:22.983725,9,Prophet,48,clean_only,False,42,0,0,2
93.29905529699646,123.02161360143748,1.129878549648229,58.834499021226975,washington,washington_v5,v5,2026-03-17T19:45:23.386805,10,Prophet,48,clean_only,False,42,0,0,2
110.75117964579812,143.520767530683,1.3503855322825882,63.69069205408802,washington,washington_v5,v5,2026-03-17T19:45:23.684543,11,Prophet,48,clean_only,False,42,0,0,2
127.883983004556,178.38839236057828,1.5699233608518302,63.3959142645801,washington,washington_v5,v5,2026-03-17T19:45:24.046360,12,Prophet,48,clean_only,False,42,0,0,2
118.1174875878514,174.5352407784678,1.4250249154353247,60.60342119920412,washington,washington_v5,v5,2026-03-17T19:45:24.426384,13,Prophet,48,clean_only,False,42,0,0,2
98.39615786548616,139.31703014375557,1.1871045539149307,50.35789542247385,washington,washington_v5,v5,2026-03-17T19:45:24.743072,14,Prophet,48,clean_only,False,42,0,0,2
91.79665718592337,118.56495421702974,1.1217424347926344,41.59932595519184,washington,washington_v5,v5,2026-03-17T19:45:25.124712,15,Prophet,48,clean_only,False,42,0,0,2
133.13741309909457,167.97731604204978,1.6265204948531788,56.73440318719756,washington,washington_v5,v5,2026-03-17T19:45:25.530696,16,Prophet,48,clean_only,False,42,0,0,2
152.02981625539817,192.6410545501343,1.837354642590608,74.9522479682902,washington,washington_v5,v5,2026-03-17T19:45:25.960677,17,Prophet,48,clean_only,False,42,0,0,2
95.01814956398312,143.07889443942562,1.1397318972791737,50.77423224150094,washington,washington_v5,v5,2026-03-17T19:45:26.254571,18,Prophet,48,clean_only,False,42,0,0,2
113.85466008187416,156.24825326315596,1.3642149589172334,56.03743031241336,washington,washington_v5,v5,2026-03-17T19:45:26.698183,19,Prophet,48,clean_only,False,42,0,0,1
92.46673969665537,124.04673436974858,1.1277816470971047,54.63284737371868,washington,washington_v5,v5,2026-03-17T19:45:27.380334,0,Prophet,168,clean_only,False,42,0,0,4
96.74841380457504,135.35083340572368,1.183235794492972,54.69560625516879,washington,washington_v5,v5,2026-03-17T19:45:27.707274,1,Prophet,168,clean_only,False,42,0,0,3
97.10595809710664,130.85547646534576,1.1731203406230235,59.67521631618133,washington,washington_v5,v5,2026-03-17T19:45:28.002309,2,Prophet,168,clean_only,False,42,0,0,3
116.35989491582023,162.95530283710625,1.4246036996753415,61.85868868699304,washington,washington_v5,v5,2026-03-17T19:45:28.548628,3,Prophet,168,clean_only,False,42,0,0,2
107.7378462733788,140.14852870521025,1.2998077436616666,48.01713827331936,washington,washington_v5,v5,2026-03-17T19:45:28.862939,4,Prophet,168,clean_only,False,42,0,0,2
129.28314825036907,163.76400567329247,1.5578679811895657,57.68229127616701,washington,washington_v5,v5,2026-03-17T19:45:29.275331,5,Prophet,168,clean_only,False,42,0,0,2
110.7853177012682,145.90588442781024,1.3058127174350351,54.99255558100957,washington,washington_v5,v5,2026-03-17T19:45:29.701535,6,Prophet,168,clean_only,False,42,0,0,1
132.29204188238705,175.5995849153659,1.550218548598052,61.49929778989986,washington,washington_v5,v5,2026-03-17T19:45:30.123574,7,Prophet,168,clean_only,False,42,0,0,0
106.18996899873738,145.95448107366394,1.234929297386972,68.7010474834549,washington,washington_v5,v5,2026-03-17T19:45:30.468847,8,Prophet,168,clean_only,False,42,0,0,0
107.89551840461732,149.18909086843848,1.2651919338351718,57.08015288807552,washington,washington_v5,v5,2026-03-17T19:45:31.118686,9,Prophet,168,clean_only,False,42,0,0,0
123.01352343217464,170.60476130408094,1.4305368676127646,62.82951144203294,washington,washington_v5,v5,2026-03-17T19:45:31.513159,10,Prophet,168,clean_only,False,42,0,23,0
120.37585076656904,157.398823684458,1.4112366319492742,86.65983455814099,washington,washington_v5,v5,2026-03-17T19:45:31.907434,11,Prophet,168,clean_only,False,42,0,13,23
103.30647427978458,144.03640450151343,1.2068797270654068,74.29346411238683,washington,washington_v5,v5,2026-03-17T19:45:32.210336,12,Prophet,168,clean_only,False,42,0,1,36
153.28757954365014,175.12458892274617,1.80265935008691,77.71929438368427,washington,washington_v5,v5,2026-03-17T19:45:32.770617,13,Prophet,168,clean_only,False,42,0,0,37
98.5141479384776,134.6624255224663,1.1724995335294002,73.10669527992107,washington,washington_v5,v5,2026-03-17T19:45:33.281774,14,Prophet,168,clean_only,False,42,0,0,37
156.94843337478238,201.1138543966064,1.868291716710752,120.359914180559,washington,washington_v5,v5,2026-03-17T19:45:33.894037,15,Prophet,168,clean_only,False,42,0,1,37
104.33264704918015,130.43703668341408,1.2508686860253022,63.2236039202073,washington,washington_v5,v5,2026-03-17T19:45:34.416060,16,Prophet,168,clean_only,False,42,0,0,38
79.82715599226583,109.4544817744393,0.9590064026968692,55.59287943562433,washington,washington_v5,v5,2026-03-17T19:45:34.733837,17,Prophet,168,clean_only,False,42,0,0,38
83.34799034765241,118.31151240458726,1.0075823069645755,78.53973583166164,washington,washington_v5,v5,2026-03-17T19:45:35.185489,18,Prophet,168,clean_only,False,42,0,1,38
110.12108182045642,129.16813845157412,1.3697020134794389,145.65953246845504,washington,washington_v5,v5,2026-03-17T19:45:35.747703,19,Prophet,168,clean_only,False,42,0,1,39
247.32775751749676,306.93829490348384,3.0165625679133257,151.34289071836957,washington,washington_v5,v5,2026-03-17T19:45:49.571632,0,NeuralProphet,6,clean_only,True,42,9,0,4
230.80109898249307,311.9851841238973,2.816680528127817,123.60494529102878,washington,washington_v5,v5,2026-03-17T19:46:02.692052,1,NeuralProphet,6,clean_only,True,42,9,0,4
201.8483225504557,259.371244411095,2.4636012847406565,46.96592685454954,washington,washington_v5,v5,2026-03-17T19:46:16.182536,2,NeuralProphet,6,clean_only,True,42,9,0,4
309.51756540934247,357.7481348414086,3.778440562849347,71.64658064150053,washington,washington_v5,v5,2026-03-17T19:46:29.672039,3,NeuralProphet,6,clean_only,True,42,9,0,4
259.2103551228841,315.3683788471665,3.166602363047317,151.83450706931242,washington,washington_v5,v5,2026-03-17T19:46:43.120948,4,NeuralProphet,6,clean_only,True,42,9,0,4
270.8048267364502,329.20537422918795,3.3188584006128528,112.52276086962549,washington,washington_v5,v5,2026-03-17T19:46:56.639203,5,NeuralProphet,6,clean_only,True,42,9,0,4
277.1046880086263,346.5067950296094,3.4018513793511658,62.71577307264054,washington,washington_v5,v5,2026-03-17T19:47:10.104724,6,NeuralProphet,6,clean_only,True,42,9,0,4
392.0249252319336,446.6530106862606,4.815461525020916,85.55501481493266,washington,washington_v5,v5,2026-03-17T19:47:23.556211,7,NeuralProphet,6,clean_only,True,42,9,0,4
295.90881729125977,341.61320248286745,3.6343421637917546,166.7084189437092,washington,washington_v5,v5,2026-03-17T19:47:37.075437,8,NeuralProphet,6,clean_only,True,42,9,0,4
270.32006072998047,344.29641615106465,3.320923339354669,121.35286338359148,washington,washington_v5,v5,2026-03-17T19:47:50.280171,9,NeuralProphet,6,clean_only,True,42,9,0,4
247.9156723022461,300.10383170665096,3.0457003744542885,52.53056799107247,washington,washington_v5,v5,2026-03-17T19:48:03.798843,10,NeuralProphet,6,clean_only,True,42,9,0,4
390.16750081380206,436.6775585526075,4.792558998370473,78.62360150898043,washington,washington_v5,v5,2026-03-17T19:48:17.263548,11,NeuralProphet,6,clean_only,True,42,9,0,4
298.98243077596027,349.3333343361218,3.670287719003305,160.36535656533724,washington,washington_v5,v5,2026-03-17T19:48:30.859284,12,NeuralProphet,6,clean_only,True,42,9,0,4
280.99118693669635,339.98139579107783,3.460727515043501,131.5045108631487,washington,washington_v5,v5,2026-03-17T19:48:44.415331,13,NeuralProphet,6,clean_only,True,42,9,0,4
202.86189778645837,247.35068527040053,2.5045589951684506,44.12801459471452,washington,washington_v5,v5,2026-03-17T19:48:57.928963,14,NeuralProphet,6,clean_only,True,42,9,0,4
320.832768758138,329.22290847992406,3.959889894346252,89.58758540183531,washington,washington_v5,v5,2026-03-17T19:49:11.333394,15,NeuralProphet,6,clean_only,True,42,9,0,4
204.60251490275064,239.08715639635065,2.520134789754202,141.15431275046163,washington,washington_v5,v5,2026-03-17T19:49:24.904243,16,NeuralProphet,6,clean_only,True,42,9,0,3
141.47343381245932,157.3646196982277,1.7486850935669882,85.73959631160587,washington,washington_v5,v5,2026-03-17T19:49:38.540532,17,NeuralProphet,6,clean_only,True,42,9,0,3
257.48463439941406,286.5732380161732,3.18163934962194,56.39365062765979,washington,washington_v5,v5,2026-03-17T19:49:52.114707,18,NeuralProphet,6,clean_only,True,42,9,0,3
301.4481811523437,339.838856380985,3.714881028645794,60.03251157074164,washington,washington_v5,v5,2026-03-17T19:50:05.678582,19,NeuralProphet,6,clean_only,True,42,9,0,3
184.41053517659503,215.06858454391565,2.249185142525812,91.12053794532623,washington,washington_v5,v5,2026-03-17T19:50:19.581639,0,NeuralProphet,24,clean_only,True,42,9,0,4
82.18159087498982,114.4950460362356,1.0039584249647746,41.6400720084731,washington,washington_v5,v5,2026-03-17T19:50:32.940616,1,NeuralProphet,24,clean_only,True,42,9,0,4
116.96155349413554,145.569259053615,1.4365178749909362,57.55365264351981,washington,washington_v5,v5,2026-03-17T19:50:46.555609,2,NeuralProphet,24,clean_only,True,42,9,0,4
98.04899179935455,128.43997244153667,1.2036426673227851,58.53545211598008,washington,washington_v5,v5,2026-03-17T19:51:00.074355,3,NeuralProphet,24,clean_only,True,42,9,0,4
152.1813083688418,198.8187572182877,1.874451102191582,75.54310435257288,washington,washington_v5,v5,2026-03-17T19:51:13.684251,4,NeuralProphet,24,clean_only,True,42,9,0,3
131.1790324052175,166.68156475134302,1.6150481343473595,67.96350579114633,washington,washington_v5,v5,2026-03-17T19:51:27.248451,5,NeuralProphet,24,clean_only,True,42,9,0,3
133.5654797554016,193.90286063186213,1.637508004395749,74.52697173384465,washington,washington_v5,v5,2026-03-17T19:51:40.765037,6,NeuralProphet,24,clean_only,True,42,9,0,3
89.31404907008012,119.86306736076384,1.0923133068030018,58.04874380022832,washington,washington_v5,v5,2026-03-17T19:51:54.384242,7,NeuralProphet,24,clean_only,True,42,9,0,3
115.16382177670796,145.6371183310635,1.4113774138323214,72.08088779933605,washington,washington_v5,v5,2026-03-17T19:52:07.952783,8,NeuralProphet,24,clean_only,True,42,9,0,3
104.32122214635211,140.3672602235878,1.2844115978494548,60.222058815730165,washington,washington_v5,v5,2026-03-17T19:52:21.543171,9,NeuralProphet,24,clean_only,True,42,9,0,3
99.77115294337273,132.09951014831478,1.22782276254715,57.64752280129477,washington,washington_v5,v5,2026-03-17T19:52:34.851691,10,NeuralProphet,24,clean_only,True,42,9,0,3
166.07985416551432,215.6327984522652,2.043880591279514,71.16986991100411,washington,washington_v5,v5,2026-03-17T19:52:48.353732,11,NeuralProphet,24,clean_only,True,42,9,0,3
144.72528171539307,182.5450367242531,1.764820895420498,72.5519855821653,washington,washington_v5,v5,2026-03-17T19:53:01.945343,12,NeuralProphet,24,clean_only,True,42,9,0,3
182.34430557489395,235.8321354042737,2.2225595066435826,80.91225653684417,washington,washington_v5,v5,2026-03-17T19:53:15.402323,13,NeuralProphet,24,clean_only,True,42,9,0,3
114.9558814118306,141.6113972877534,1.3887621872141829,75.31263626101716,washington,washington_v5,v5,2026-03-17T19:53:28.894446,14,NeuralProphet,24,clean_only,True,42,9,0,3
139.503835161527,173.86341932705344,1.6907492292056336,76.97596617575138,washington,washington_v5,v5,2026-03-17T19:53:42.358389,15,NeuralProphet,24,clean_only,True,42,9,0,2
105.85467433929443,137.78734280111675,1.2911117318740248,51.51333625618648,washington,washington_v5,v5,2026-03-17T19:53:55.566619,16,NeuralProphet,24,clean_only,True,42,9,0,2
111.5110034942627,152.9828544844299,1.3602487784547108,53.36436053146295,washington,washington_v5,v5,2026-03-17T19:54:09.043563,17,NeuralProphet,24,clean_only,True,42,9,0,2
147.73476163546243,195.974930076589,1.7953846663352009,71.09857071231903,washington,washington_v5,v5,2026-03-17T19:54:22.391740,18,NeuralProphet,24,clean_only,True,42,9,0,2
72.5206360022227,93.78834105403637,0.8751797600061966,45.67282987660666,washington,washington_v5,v5,2026-03-17T19:54:35.727212,19,NeuralProphet,24,clean_only,True,42,9,0,2
141.07661936680475,191.7175295516189,1.7206578568503517,66.79984098051541,washington,washington_v5,v5,2026-03-17T19:54:49.546607,0,NeuralProphet,48,clean_only,True,42,9,0,4
88.45760213335355,115.92957132688042,1.0864333009202898,52.31528172664248,washington,washington_v5,v5,2026-03-17T19:55:03.005999,1,NeuralProphet,48,clean_only,True,42,9,0,4
156.90328337748846,208.78043975137064,1.932612721081245,68.7964636328673,washington,washington_v5,v5,2026-03-17T19:55:16.621072,2,NeuralProphet,48,clean_only,True,42,9,0,3
186.63502153754237,235.99254282004063,2.2881386884393606,86.52655093115818,washington,washington_v5,v5,2026-03-17T19:55:29.884095,3,NeuralProphet,48,clean_only,True,42,9,0,3
119.43652523557346,162.72419643660328,1.4637410560318516,62.29925172672313,washington,washington_v5,v5,2026-03-17T19:55:43.357778,4,NeuralProphet,48,clean_only,True,42,9,0,3
141.03843407829604,182.6136423984449,1.735674036498546,69.82930195847086,washington,washington_v5,v5,2026-03-17T19:55:56.688464,5,NeuralProphet,48,clean_only,True,42,9,0,3
185.5364065170288,223.33862976720408,2.2624832593271624,81.91936692509083,washington,washington_v5,v5,2026-03-17T19:56:10.016124,6,NeuralProphet,48,clean_only,True,42,9,0,3
143.6019937644402,192.16228698119087,1.7348309325224085,64.4510919176084,washington,washington_v5,v5,2026-03-17T19:56:23.404821,7,NeuralProphet,48,clean_only,True,42,9,0,3
103.62792656819026,132.07596519416654,1.2639520415803132,55.07986522853662,washington,washington_v5,v5,2026-03-17T19:56:36.813408,8,NeuralProphet,48,clean_only,True,42,9,0,2
168.73298494021097,215.10045890862403,2.05057097268775,66.49606530786615,washington,washington_v5,v5,2026-03-17T19:56:50.039861,9,NeuralProphet,48,clean_only,True,42,9,0,2
136.36975342035294,174.2786443033384,1.6514771636217769,77.19750245092797,washington,washington_v5,v5,2026-03-17T19:57:03.499027,10,NeuralProphet,48,clean_only,True,42,9,0,2
172.5017063419024,224.5103664258065,2.103307696434116,81.95343989463485,washington,washington_v5,v5,2026-03-17T19:57:16.912036,11,NeuralProphet,48,clean_only,True,42,9,0,2
193.99000334739685,268.72680783741964,2.3814509907464574,78.98751986991371,washington,washington_v5,v5,2026-03-17T19:57:30.566089,12,NeuralProphet,48,clean_only,True,42,9,0,2
185.51877812544504,244.8622743265836,2.2381857801813587,70.39195295583306,washington,washington_v5,v5,2026-03-17T19:57:44.079205,13,NeuralProphet,48,clean_only,True,42,9,0,2
161.76941500107446,218.5709251275478,1.951673860014504,61.41632072303628,washington,washington_v5,v5,2026-03-17T19:57:57.722455,14,NeuralProphet,48,clean_only,True,42,9,0,2
108.63258949915569,138.29118255225777,1.3274751954834587,51.55466771551431,washington,washington_v5,v5,2026-03-17T19:58:11.031906,15,NeuralProphet,48,clean_only,True,42,9,0,2
179.94486554463705,238.7607167143715,2.1983603627186765,66.82559248140764,washington,washington_v5,v5,2026-03-17T19:58:24.620916,16,NeuralProphet,48,clean_only,True,42,9,0,2
183.837797443072,236.9809439389818,2.2217696431877827,80.84550399649078,washington,washington_v5,v5,2026-03-17T19:58:38.270958,17,NeuralProphet,48,clean_only,True,42,9,0,2
140.15545344352722,191.59390149013592,1.6811487236935614,74.31034058985517,washington,washington_v5,v5,2026-03-17T19:58:51.813467,18,NeuralProphet,48,clean_only,True,42,9,0,2
147.4041166305542,199.60656603474845,1.7662070289329912,59.48594064445517,washington,washington_v5,v5,2026-03-17T19:59:05.419471,19,NeuralProphet,48,clean_only,True,42,9,0,1
143.04177745609056,190.75140519877803,1.744626142463228,77.45609129806817,washington,washington_v5,v5,2026-03-17T19:59:19.063546,0,NeuralProphet,168,clean_only,True,42,9,0,4
83.14879559051423,110.9568402511908,1.0169120850953262,49.76370652304074,washington,washington_v5,v5,2026-03-17T19:59:32.804382,1,NeuralProphet,168,clean_only,True,42,9,0,3
102.48938225848336,139.0009244035863,1.23815655992068,56.95580435678639,washington,washington_v5,v5,2026-03-17T19:59:46.347612,2,NeuralProphet,168,clean_only,True,42,9,0,3
135.84214303748948,180.0024431540873,1.6631264550645743,68.10415611362467,washington,washington_v5,v5,2026-03-17T19:59:59.862827,3,NeuralProphet,168,clean_only,True,42,9,0,2
109.71677039350782,148.1979434409595,1.3236825563151116,54.7677655130783,washington,washington_v5,v5,2026-03-17T20:00:13.350012,4,NeuralProphet,168,clean_only,True,42,9,0,2
114.29041397145816,156.25696408307817,1.377204832127276,57.39163721808001,washington,washington_v5,v5,2026-03-17T20:00:26.832836,5,NeuralProphet,168,clean_only,True,42,9,0,2
105.83538416950476,135.82884614595486,1.2474684684826232,64.46396435523819,washington,washington_v5,v5,2026-03-17T20:00:40.061288,6,NeuralProphet,168,clean_only,True,42,9,0,1
124.1482490517554,155.64207634389956,1.4547883282888905,63.49420869668605,washington,washington_v5,v5,2026-03-17T20:00:53.593034,7,NeuralProphet,168,clean_only,True,42,9,0,0
125.66010344028471,171.82897763078898,1.4613559521138022,68.22454770172146,washington,washington_v5,v5,2026-03-17T20:01:07.101115,8,NeuralProphet,168,clean_only,True,42,9,0,0
128.3212783350831,177.30847968421867,1.504706114670444,70.21870917914873,washington,washington_v5,v5,2026-03-17T20:01:20.591327,9,NeuralProphet,168,clean_only,True,42,9,0,0
115.4310525130658,148.58498625424565,1.34235953641578,66.18919141974229,washington,washington_v5,v5,2026-03-17T20:01:34.022235,10,NeuralProphet,168,clean_only,True,42,9,23,0
138.2756238508792,192.88139164523136,1.6210861600671982,71.72777650672286,washington,washington_v5,v5,2026-03-17T20:01:47.284424,11,NeuralProphet,168,clean_only,True,42,9,13,23
83.88515039710771,109.66835925642016,0.9799897646483988,60.6227226905283,washington,washington_v5,v5,2026-03-17T20:02:00.789482,12,NeuralProphet,168,clean_only,True,42,9,1,36
134.37003368423098,169.86828263807573,1.5801893298432346,88.48517044813879,washington,washington_v5,v5,2026-03-17T20:02:14.326782,13,NeuralProphet,168,clean_only,True,42,9,0,37
110.4703245432604,154.26317172500478,1.3148000232078738,77.45542808735289,washington,washington_v5,v5,2026-03-17T20:02:27.974625,14,NeuralProphet,168,clean_only,True,42,9,0,37
119.17520051201184,158.67745224518853,1.418644552011881,82.82288678833548,washington,washington_v5,v5,2026-03-17T20:02:41.572322,15,NeuralProphet,168,clean_only,True,42,9,1,37
127.3415341490791,157.6575279834059,1.5267276543115025,87.01048426896637,washington,washington_v5,v5,2026-03-17T20:02:54.728553,16,NeuralProphet,168,clean_only,True,42,9,0,38
79.63192122571525,106.83797180326007,0.956660942823926,63.60559694426016,washington,washington_v5,v5,2026-03-17T20:03:08.159254,17,NeuralProphet,168,clean_only,True,42,9,0,38
131.1912310691107,202.4450627063697,1.5859526150873824,92.23624190421144,washington,washington_v5,v5,2026-03-17T20:03:21.532594,18,NeuralProphet,168,clean_only,True,42,9,1,38
659.5404067018202,1581.5026087029928,8.203459393028933,143.48950373326352,washington,washington_v5,v5,2026-03-17T20:03:34.998020,19,NeuralProphet,168,clean_only,True,42,9,1,39
253.64415645599365,307.23184723372503,3.0936012828280046,157.57782952495444,washington,washington_v5,v5,2026-03-17T20:03:47.498432,0,NeuralProphet_NoWeather,6,clean_only,False,42,0,0,4
235.2673981189728,312.7558984513717,2.8711869315460725,127.79223388674106,washington,washington_v5,v5,2026-03-17T20:03:59.512301,1,NeuralProphet_NoWeather,6,clean_only,False,42,0,0,4
190.451774597168,272.743164288353,2.3245040169280395,44.78476485652133,washington,washington_v5,v5,2026-03-17T20:04:11.761881,2,NeuralProphet_NoWeather,6,clean_only,False,42,0,0,4
400.4545644124349,457.7763813235062,4.888555412850374,83.4223577132216,washington,washington_v5,v5,2026-03-17T20:04:23.855784,3,NeuralProphet_NoWeather,6,clean_only,False,42,0,0,4
281.8935890197754,349.0536700114911,3.4437085073037808,152.44276246317608,washington,washington_v5,v5,2026-03-17T20:04:35.871303,4,NeuralProphet_NoWeather,6,clean_only,False,42,0,0,4
294.3783893585205,347.64077193573127,3.6077650544694047,128.21196663761938,washington,washington_v5,v5,2026-03-17T20:04:48.113019,5,NeuralProphet_NoWeather,6,clean_only,False,42,0,0,4
239.2665278116862,290.249711499189,2.937334526954703,56.26511141822398,washington,washington_v5,v5,2026-03-17T20:05:00.124534,6,NeuralProphet_NoWeather,6,clean_only,False,42,0,0,4
414.2903289794922,461.60217266569583,5.08895993847509,84.98447977601815,washington,washington_v5,v5,2026-03-17T20:05:12.137039,7,NeuralProphet_NoWeather,6,clean_only,False,42,0,0,4
280.66585477193195,338.2403905083639,3.447128609656385,155.6254417045885,washington,washington_v5,v5,2026-03-17T20:05:24.551910,8,NeuralProphet_NoWeather,6,clean_only,False,42,0,0,4
297.5790847142537,352.8739757728276,3.655804623092712,141.2000097575821,washington,washington_v5,v5,2026-03-17T20:05:36.445386,9,NeuralProphet_NoWeather,6,clean_only,False,42,0,0,4
223.60889434814453,276.9582440817084,2.747086083437102,49.236090474013054,washington,washington_v5,v5,2026-03-17T20:05:48.847683,10,NeuralProphet_NoWeather,6,clean_only,False,42,0,0,4
396.64344787597656,441.83609699180937,4.872105240179595,78.07152863076031,washington,washington_v5,v5,2026-03-17T20:06:00.686130,11,NeuralProphet_NoWeather,6,clean_only,False,42,0,0,4
298.110715230306,338.67500149030417,3.6595865990298817,160.4772005332788,washington,washington_v5,v5,2026-03-17T20:06:12.795286,12,NeuralProphet_NoWeather,6,clean_only,False,42,0,0,4
294.74542808532715,345.7154559523258,3.630126709767476,141.67141881944502,washington,washington_v5,v5,2026-03-17T20:06:24.945457,13,NeuralProphet_NoWeather,6,clean_only,False,42,0,0,4
160.66831715901694,208.39391953621976,1.9836316398990872,36.66222836157604,washington,washington_v5,v5,2026-03-17T20:06:36.853992,14,NeuralProphet_NoWeather,6,clean_only,False,42,0,0,4
343.9425557454427,411.4232436055925,4.245123264695991,74.36416477825559,washington,washington_v5,v5,2026-03-17T20:06:49.119287,15,NeuralProphet_NoWeather,6,clean_only,False,42,0,0,4
215.05941518147787,244.91849834983364,2.648934761728821,139.31935968556272,washington,washington_v5,v5,2026-03-17T20:07:01.200123,16,NeuralProphet_NoWeather,6,clean_only,False,42,0,0,3
233.05958906809488,277.9725398629766,2.88073752317683,129.54084113186212,washington,washington_v5,v5,2026-03-17T20:07:13.231347,17,NeuralProphet_NoWeather,6,clean_only,False,42,0,0,3
275.36683146158856,303.6759887798286,3.4026028333786145,61.0545960095432,washington,washington_v5,v5,2026-03-17T20:07:25.801659,18,NeuralProphet_NoWeather,6,clean_only,False,42,0,0,3
195.7121836344401,234.09854228163795,2.411848946240592,44.9800122573359,washington,washington_v5,v5,2026-03-17T20:07:37.795520,19,NeuralProphet_NoWeather,6,clean_only,False,42,0,0,3
130.31142556667328,164.28868986855315,1.589358883456668,80.94757334428871,washington,washington_v5,v5,2026-03-17T20:07:50.274275,0,NeuralProphet_NoWeather,24,clean_only,False,42,0,0,4
86.84313229719798,117.6591455133905,1.0609054094940364,48.82522480673506,washington,washington_v5,v5,2026-03-17T20:08:02.393559,1,NeuralProphet_NoWeather,24,clean_only,False,42,0,0,4
95.1917299926281,120.6955538171535,1.169141633302412,59.13604024487809,washington,washington_v5,v5,2026-03-17T20:08:14.369377,2,NeuralProphet_NoWeather,24,clean_only,False,42,0,0,4
93.5712481935819,131.76193739392804,1.1486741953545172,50.40161644433957,washington,washington_v5,v5,2026-03-17T20:08:26.894862,3,NeuralProphet_NoWeather,24,clean_only,False,42,0,0,4
167.64202745755514,207.0893581770823,2.064884225990685,84.24933041224423,washington,washington_v5,v5,2026-03-17T20:08:38.918621,4,NeuralProphet_NoWeather,24,clean_only,False,42,0,0,3
151.89627730846405,186.15768682117425,1.870114413739087,77.33292194052436,washington,washington_v5,v5,2026-03-17T20:08:51.210028,5,NeuralProphet_NoWeather,24,clean_only,False,42,0,0,3
128.9562931060791,193.75701834462717,1.5809995409376647,68.33616918860005,washington,washington_v5,v5,2026-03-17T20:09:03.433161,6,NeuralProphet_NoWeather,24,clean_only,False,42,0,0,3
107.98336627086005,132.201012903386,1.3206395759584504,72.99309576747218,washington,washington_v5,v5,2026-03-17T20:09:15.489439,7,NeuralProphet_NoWeather,24,clean_only,False,42,0,0,3
114.45287370681764,144.23902479977065,1.402664468805224,63.4989703396387,washington,washington_v5,v5,2026-03-17T20:09:27.950413,8,NeuralProphet_NoWeather,24,clean_only,False,42,0,0,3
126.46182413895924,172.01271766577767,1.557008538314533,62.91192593482845,washington,washington_v5,v5,2026-03-17T20:09:39.976269,9,NeuralProphet_NoWeather,24,clean_only,False,42,0,0,3
84.51040252049764,110.21596735485409,1.0400180094699558,45.9420913678492,washington,washington_v5,v5,2026-03-17T20:09:52.170572,10,NeuralProphet_NoWeather,24,clean_only,False,42,0,0,3
167.1411556402842,218.83497947657,2.0569416184382727,75.22644549841638,washington,washington_v5,v5,2026-03-17T20:10:04.399866,11,NeuralProphet_NoWeather,24,clean_only,False,42,0,0,3
96.04352223873138,132.4710037605971,1.1711817928951964,47.14010337950117,washington,washington_v5,v5,2026-03-17T20:10:16.480425,12,NeuralProphet_NoWeather,24,clean_only,False,42,0,0,3
194.1332586606344,253.69851730851585,2.366252777850924,81.47760568062753,washington,washington_v5,v5,2026-03-17T20:10:28.798841,13,NeuralProphet_NoWeather,24,clean_only,False,42,0,0,3
114.27231347560884,138.99138599109605,1.380504120810291,75.64495797563212,washington,washington_v5,v5,2026-03-17T20:10:41.056230,14,NeuralProphet_NoWeather,24,clean_only,False,42,0,0,3
107.27199864387512,136.64847599981215,1.3001079777661817,54.42671745504269,washington,washington_v5,v5,2026-03-17T20:10:53.071919,15,NeuralProphet_NoWeather,24,clean_only,False,42,0,0,2
95.05522310733797,123.73131424744336,1.1593905937154192,56.40631612085549,washington,washington_v5,v5,2026-03-17T20:11:05.498035,16,NeuralProphet_NoWeather,24,clean_only,False,42,0,0,2
117.3597043355306,153.74164164976358,1.4315932012074934,61.691033878415446,washington,washington_v5,v5,2026-03-17T20:11:17.379729,17,NeuralProphet_NoWeather,24,clean_only,False,42,0,0,2
132.98292853434882,185.7239238785528,1.616109222581292,70.67541733955677,washington,washington_v5,v5,2026-03-17T20:11:29.514439,18,NeuralProphet_NoWeather,24,clean_only,False,42,0,0,2
83.72856895128886,106.77930787319256,1.010437206841448,53.22205871541197,washington,washington_v5,v5,2026-03-17T20:11:41.616560,19,NeuralProphet_NoWeather,24,clean_only,False,42,0,0,2
150.2857789148887,199.54729915502315,1.8329784724315867,77.34712453686919,washington,washington_v5,v5,2026-03-17T20:11:53.810661,0,NeuralProphet_NoWeather,48,clean_only,False,42,0,0,4
98.1883858392636,129.4986806640362,1.2059464598482894,60.23606930855115,washington,washington_v5,v5,2026-03-17T20:12:06.270887,1,NeuralProphet_NoWeather,48,clean_only,False,42,0,0,4
166.6239005277554,218.8362834511675,2.052343729617053,79.22089290263315,washington,washington_v5,v5,2026-03-17T20:12:18.270123,2,NeuralProphet_NoWeather,48,clean_only,False,42,0,0,3
148.62410662074885,204.62732739995556,1.82212623114395,64.54357622439697,washington,washington_v5,v5,2026-03-17T20:12:30.467878,3,NeuralProphet_NoWeather,48,clean_only,False,42,0,0,3
114.51912985245389,159.23409330236802,1.4034764636316883,65.15101441727104,washington,washington_v5,v5,2026-03-17T20:12:42.650947,4,NeuralProphet_NoWeather,48,clean_only,False,42,0,0,3
140.13804495334625,190.34372015750324,1.724593496380996,60.039227657263794,washington,washington_v5,v5,2026-03-17T20:12:54.698282,5,NeuralProphet_NoWeather,48,clean_only,False,42,0,0,3
186.9803341627121,253.4789795816628,2.28009092020281,74.73535479863752,washington,washington_v5,v5,2026-03-17T20:13:07.248313,6,NeuralProphet_NoWeather,48,clean_only,False,42,0,0,3
157.55362677574158,206.90838614155396,1.903378205946128,79.75239226584301,washington,washington_v5,v5,2026-03-17T20:13:19.297136,7,NeuralProphet_NoWeather,48,clean_only,False,42,0,0,3
108.69084373116492,146.2158805500774,1.3257045507389609,59.96488989971501,washington,washington_v5,v5,2026-03-17T20:13:31.589827,8,NeuralProphet_NoWeather,48,clean_only,False,42,0,0,2
161.79024377465248,215.45207430995728,1.966197526025717,69.64764935023919,washington,washington_v5,v5,2026-03-17T20:13:43.837981,9,NeuralProphet_NoWeather,48,clean_only,False,42,0,0,2
141.64632830520472,195.60159455176245,1.7153780119104147,79.05135603867252,washington,washington_v5,v5,2026-03-17T20:13:55.898610,10,NeuralProphet_NoWeather,48,clean_only,False,42,0,0,2
152.64347298940024,200.3834555073216,1.8611769028689935,71.69479777757206,washington,washington_v5,v5,2026-03-17T20:14:08.406676,11,NeuralProphet_NoWeather,48,clean_only,False,42,0,0,2
187.0427694718043,255.17225206115376,2.296165683717778,82.20546673383305,washington,washington_v5,v5,2026-03-17T20:14:20.451950,12,NeuralProphet_NoWeather,48,clean_only,False,42,0,0,2
193.79109474023184,262.34007464869273,2.337986897908936,72.76644880418517,washington,washington_v5,v5,2026-03-17T20:14:32.712036,13,NeuralProphet_NoWeather,48,clean_only,False,42,0,0,2
165.90061104297638,223.25297872905665,2.001514847110376,76.42226858267136,washington,washington_v5,v5,2026-03-17T20:14:44.968537,14,NeuralProphet_NoWeather,48,clean_only,False,42,0,0,2
111.15942549705504,138.97983133349436,1.3583527813509315,53.87456384807865,washington,washington_v5,v5,2026-03-17T20:14:56.992461,15,NeuralProphet_NoWeather,48,clean_only,False,42,0,0,2
179.218242444098,239.0411009945089,2.189483313529048,73.82115926820828,washington,washington_v5,v5,2026-03-17T20:15:09.476828,16,NeuralProphet_NoWeather,48,clean_only,False,42,0,0,2
203.8998802130421,274.8207482990776,2.4642297199369234,78.01647314701873,washington,washington_v5,v5,2026-03-17T20:15:21.482440,17,NeuralProphet_NoWeather,48,clean_only,False,42,0,0,2
146.5099442998568,198.22613427995915,1.7573701187971442,76.73931981370608,washington,washington_v5,v5,2026-03-17T20:15:33.662755,18,NeuralProphet_NoWeather,48,clean_only,False,42,0,0,2
147.57413840293884,198.10095613931907,1.7682442423861953,64.17202142887278,washington,washington_v5,v5,2026-03-17T20:15:45.785439,19,NeuralProphet_NoWeather,48,clean_only,False,42,0,0,1
98.41177154793624,136.38870871955257,1.2002909389276333,54.84874931698654,washington,washington_v5,v5,2026-03-17T20:15:58.145042,0,NeuralProphet_NoWeather,168,clean_only,False,42,0,0,4
94.90872383188632,125.66271573768974,1.1607363349064612,58.176778791153126,washington,washington_v5,v5,2026-03-17T20:16:10.629328,1,NeuralProphet_NoWeather,168,clean_only,False,42,0,0,3
108.30736188377652,146.79120838074974,1.3084425688691372,60.17418890202379,washington,washington_v5,v5,2026-03-17T20:16:22.618480,2,NeuralProphet_NoWeather,168,clean_only,False,42,0,0,3
125.98506360110784,169.93781314379945,1.5424454262339626,59.47342858471936,washington,washington_v5,v5,2026-03-17T20:16:34.740740,3,NeuralProphet_NoWeather,168,clean_only,False,42,0,0,2
113.30721347708078,151.08643247406272,1.3669996067725956,58.73519797620096,washington,washington_v5,v5,2026-03-17T20:16:46.819850,4,NeuralProphet_NoWeather,168,clean_only,False,42,0,0,2
112.44562109879084,159.93203437351335,1.3549749917563605,57.78067372762688,washington,washington_v5,v5,2026-03-17T20:16:58.906725,5,NeuralProphet_NoWeather,168,clean_only,False,42,0,0,2
102.9430077217874,145.0205779894799,1.2133763881654165,55.00576129705076,washington,washington_v5,v5,2026-03-17T20:17:11.376598,6,NeuralProphet_NoWeather,168,clean_only,False,42,0,0,1
138.9837848636366,177.98307034928874,1.628633424839863,78.24153155941768,washington,washington_v5,v5,2026-03-17T20:17:23.285771,7,NeuralProphet_NoWeather,168,clean_only,False,42,0,0,0
112.29344340307372,155.76225230004195,1.3059092536750847,65.66928048265862,washington,washington_v5,v5,2026-03-17T20:17:35.250637,8,NeuralProphet_NoWeather,168,clean_only,False,42,0,0,0
115.04193046547118,152.80245248014128,1.3489913634032098,68.11976309631456,washington,washington_v5,v5,2026-03-17T20:17:47.754098,9,NeuralProphet_NoWeather,168,clean_only,False,42,0,0,0
110.56524897650594,147.85160578872015,1.2857746085525656,64.13369311865986,washington,washington_v5,v5,2026-03-17T20:17:59.718556,10,NeuralProphet_NoWeather,168,clean_only,False,42,0,23,0
121.9152331550916,176.58674184011562,1.4292837136805872,65.68280190028189,washington,washington_v5,v5,2026-03-17T20:18:12.108737,11,NeuralProphet_NoWeather,168,clean_only,False,42,0,13,23
93.8169557821183,122.09503755483892,1.0960182580791715,64.52598228862637,washington,washington_v5,v5,2026-03-17T20:18:24.130287,12,NeuralProphet_NoWeather,168,clean_only,False,42,0,1,36
92.38558208871456,124.77077307455022,1.0864528871892014,66.42540550440782,washington,washington_v5,v5,2026-03-17T20:18:36.080015,13,NeuralProphet_NoWeather,168,clean_only,False,42,0,0,37
116.47960169116656,162.57136044881676,1.3863214726667783,85.25773898407746,washington,washington_v5,v5,2026-03-17T20:18:48.628688,14,NeuralProphet_NoWeather,168,clean_only,False,42,0,0,37
127.50703944549674,167.8182271474322,1.5178255717244302,88.0335779086525,washington,washington_v5,v5,2026-03-17T20:19:00.684836,15,NeuralProphet_NoWeather,168,clean_only,False,42,0,1,37
97.99152531687704,131.5997050391564,1.174843483621748,73.32900519463915,washington,washington_v5,v5,2026-03-17T20:19:13.105418,16,NeuralProphet_NoWeather,168,clean_only,False,42,0,0,38
84.12623684569483,113.6686995010132,1.0106535647797743,67.31134839629033,washington,washington_v5,v5,2026-03-17T20:19:25.088358,17,NeuralProphet_NoWeather,168,clean_only,False,42,0,0,38
113.46861795868192,153.16492263169243,1.3717064007663982,94.05094530504016,washington,washington_v5,v5,2026-03-17T20:19:37.119908,18,NeuralProphet_NoWeather,168,clean_only,False,42,0,1,38
102.08861918321678,155.2042616068548,1.2697930762846197,101.8663381284149,washington,washington_v5,v5,2026-03-17T20:19:49.606021,19,NeuralProphet_NoWeather,168,clean_only,False,42,0,1,39
266.5016632080078,303.23643608562804,3.2504194013203254,183.19727414076135,washington,washington_v5,v5,2026-03-17T20:20:03.434491,0,NeuralProphet,6,degraded,True,42,9,0,4
399.7712707519531,512.8176203298455,4.878780729364518,135.91554687054634,washington,washington_v5,v5,2026-03-17T20:20:16.835942,1,NeuralProphet,6,degraded,True,42,9,0,4
724.0382817586263,830.9884137516849,8.837039706862512,133.371218110738,washington,washington_v5,v5,2026-03-17T20:20:30.167970,2,NeuralProphet,6,degraded,True,42,9,0,4
254.02764129638672,335.1452307379899,3.101046438801693,64.58786722273379,washington,washington_v5,v5,2026-03-17T20:20:43.665150,3,NeuralProphet,6,degraded,True,42,9,0,4
420.2615610758464,464.37348240127415,5.134058983754084,185.60834886858876,washington,washington_v5,v5,2026-03-17T20:20:57.233920,4,NeuralProphet,6,degraded,True,42,9,0,4
298.4342357317607,358.3027480296438,3.6574716271684338,129.43082138100024,washington,washington_v5,v5,2026-03-17T20:21:10.800248,5,NeuralProphet,6,degraded,True,42,9,0,4
290.85682678222656,421.8613288129307,3.570678303905197,70.95782558181641,washington,washington_v5,v5,2026-03-17T20:21:24.251806,6,NeuralProphet,6,degraded,True,42,9,0,4
367.2379837830861,420.7558090631411,4.510989652985601,145.14613140131885,washington,washington_v5,v5,2026-03-17T20:21:37.795019,7,NeuralProphet,6,degraded,True,42,9,0,4
270.085142771403,323.0839800310621,3.317176659935975,155.60924480578262,washington,washington_v5,v5,2026-03-17T20:21:51.118415,8,NeuralProphet,6,degraded,True,42,9,0,4
424.12422943115234,527.6472149347782,5.210431103412064,138.65925618355746,washington,washington_v5,v5,2026-03-17T20:22:04.509280,9,NeuralProphet,6,degraded,True,42,9,0,4
303.188004175822,397.85816511605066,3.724733532467295,82.62565016859423,washington,washington_v5,v5,2026-03-17T20:22:17.827642,10,NeuralProphet,6,degraded,True,42,9,0,4
368.3567504882813,411.5553892208272,4.524650196341186,74.20339029638609,washington,washington_v5,v5,2026-03-17T20:22:31.066343,11,NeuralProphet,6,degraded,True,42,9,0,4
279.5987141927083,338.89784347526967,3.432334549850495,173.15700166739703,washington,washington_v5,v5,2026-03-17T20:22:44.226692,12,NeuralProphet,6,degraded,True,42,9,0,4
470.2743670940399,529.5441990589082,5.791966145146982,200.0,washington,washington_v5,v5,2026-03-17T20:22:57.218438,13,NeuralProphet,6,degraded,True,42,9,0,4
249.4559596379598,372.6907065591682,3.07981525573274,61.74568580495804,washington,washington_v5,v5,2026-03-17T20:23:10.439900,14,NeuralProphet,6,degraded,True,42,9,0,4
271.35203043619794,313.4521399703719,3.3491721163453665,67.81054861716628,washington,washington_v5,v5,2026-03-17T20:23:23.611028,15,NeuralProphet,6,degraded,True,42,9,0,4
205.9267915089925,259.26271428939634,2.5364461999450008,142.27204491198947,washington,washington_v5,v5,2026-03-17T20:23:36.701844,16,NeuralProphet,6,degraded,True,42,9,0,3
258.03596687316895,340.96688118141856,3.189458520342476,128.1717263569193,washington,washington_v5,v5,2026-03-17T20:23:49.709780,17,NeuralProphet,6,degraded,True,42,9,0,3
277.31610107421875,305.7477843885582,3.4266892139777227,61.615403508456126,washington,washington_v5,v5,2026-03-17T20:24:03.001714,18,NeuralProphet,6,degraded,True,42,9,0,3
101.67943318684895,148.02536945347018,1.2530412222271452,26.673299370118404,washington,washington_v5,v5,2026-03-17T20:24:16.148126,19,NeuralProphet,6,degraded,True,42,9,0,3
335.0920767386754,447.735923989996,4.086990581405805,118.99665663294256,washington,washington_v5,v5,2026-03-17T20:24:29.662696,0,NeuralProphet,24,degraded,True,42,9,0,4
661.9471943378448,926.98187005491,8.086573350084915,122.57256635144633,washington,washington_v5,v5,2026-03-17T20:24:42.833321,1,NeuralProphet,24,degraded,True,42,9,0,4
406.7170125246048,546.1736260314357,4.995284699119543,128.62334286823366,washington,washington_v5,v5,2026-03-17T20:24:56.106434,2,NeuralProphet,24,degraded,True,42,9,0,4
526.661626736323,655.3425579269383,6.465261840516322,136.86353539976085,washington,washington_v5,v5,2026-03-17T20:25:09.201551,3,NeuralProphet,24,degraded,True,42,9,0,4
419.5110846360524,522.2967442494904,5.16721155446864,142.2933279176003,washington,washington_v5,v5,2026-03-17T20:25:22.479042,4,NeuralProphet,24,degraded,True,42,9,0,3
359.6161100069682,472.5505667600518,4.427516478044309,121.28466446313382,washington,washington_v5,v5,2026-03-17T20:25:35.618483,5,NeuralProphet,24,degraded,True,42,9,0,3
290.40134048461914,382.0941970818446,3.5603100471893283,131.01648631631718,washington,washington_v5,v5,2026-03-17T20:25:48.732280,6,NeuralProphet,24,degraded,True,42,9,0,3
404.5609049797058,515.8422020516135,4.9477911316601,133.3338060157698,washington,washington_v5,v5,2026-03-17T20:26:01.618263,7,NeuralProphet,24,degraded,True,42,9,0,3
361.2003541390101,483.1629666919607,4.426650781774772,125.19694525337228,washington,washington_v5,v5,2026-03-17T20:26:14.683086,8,NeuralProphet,24,degraded,True,42,9,0,3
804.3420282204946,1006.708669354618,9.903126213713382,132.99069101771084,washington,washington_v5,v5,2026-03-17T20:26:27.739437,9,NeuralProphet,24,degraded,True,42,9,0,3
107.88531120618184,132.79308582854696,1.327678762203099,59.903033064733314,washington,washington_v5,v5,2026-03-17T20:26:40.724200,10,NeuralProphet,24,degraded,True,42,9,0,3
180.95812106132507,233.94797895904756,2.2269816729430265,74.97636846697003,washington,washington_v5,v5,2026-03-17T20:26:53.623412,11,NeuralProphet,24,degraded,True,42,9,0,3
96.4638721148173,132.87508465985584,1.176307657816038,58.64630588575085,washington,washington_v5,v5,2026-03-17T20:27:06.679629,12,NeuralProphet,24,degraded,True,42,9,0,3
179.6172072092692,240.28587514666788,2.189319431616496,75.62045898271822,washington,washington_v5,v5,2026-03-17T20:27:19.684484,13,NeuralProphet,24,degraded,True,42,9,0,3
112.07319196065266,138.82821006595387,1.3539369128731946,63.62154255231769,washington,washington_v5,v5,2026-03-17T20:27:32.922656,14,NeuralProphet,24,degraded,True,42,9,0,3
100.3917202949524,132.50144894924537,1.2167208414792687,53.315496435932594,washington,washington_v5,v5,2026-03-17T20:27:45.985288,15,NeuralProphet,24,degraded,True,42,9,0,2
117.02673155069353,148.4197840035632,1.4273775531505697,61.32994446154944,washington,washington_v5,v5,2026-03-17T20:27:59.198389,16,NeuralProphet,24,degraded,True,42,9,0,2
154.46361104647318,172.4395822974654,1.8841991521713723,72.7649448679803,washington,washington_v5,v5,2026-03-17T20:28:12.108388,17,NeuralProphet,24,degraded,True,42,9,0,2
159.93945948282877,213.4027493652472,1.9437053941709703,73.51923927881116,washington,washington_v5,v5,2026-03-17T20:28:25.351830,18,NeuralProphet,24,degraded,True,42,9,0,2
87.58923429250717,115.98006891400718,1.057027754760638,68.85878704128346,washington,washington_v5,v5,2026-03-17T20:28:38.378039,19,NeuralProphet,24,degraded,True,42,9,0,2
563.9494447906812,840.0787899374052,6.87827683567108,134.05382858941078,washington,washington_v5,v5,2026-03-17T20:28:51.923137,0,NeuralProphet,48,degraded,True,42,9,0,4
751.225767771403,1007.7553092298216,9.226529669952775,138.15757021929895,washington,washington_v5,v5,2026-03-17T20:29:04.975403,1,NeuralProphet,48,degraded,True,42,9,0,4
478.2260434627533,644.8045840027914,5.890416792138791,131.2014265608294,washington,washington_v5,v5,2026-03-17T20:29:18.325154,2,NeuralProphet,48,degraded,True,42,9,0,3
802.2435527642568,1036.190877049834,9.8354772620298,148.96876597419518,washington,washington_v5,v5,2026-03-17T20:29:31.523796,3,NeuralProphet,48,degraded,True,42,9,0,3
672.9132065375646,897.8321357537311,8.246812988006342,139.22041312302758,washington,washington_v5,v5,2026-03-17T20:29:44.726303,4,NeuralProphet,48,degraded,True,42,9,0,3
167.8952228029569,205.4953364293622,2.066184164448798,84.64795246680866,washington,washington_v5,v5,2026-03-17T20:29:57.845852,5,NeuralProphet,48,degraded,True,42,9,0,3
188.93983140587807,249.71452647586503,2.303985582132429,84.56470636533156,washington,washington_v5,v5,2026-03-17T20:30:10.946818,6,NeuralProphet,48,degraded,True,42,9,0,3
183.14542094866437,239.16821780743584,2.2125482598296493,79.53211061723239,washington,washington_v5,v5,2026-03-17T20:30:23.759217,7,NeuralProphet,48,degraded,True,42,9,0,3
157.10487604141235,209.7740792592199,1.9162115405647744,74.27633980493638,washington,washington_v5,v5,2026-03-17T20:30:36.852708,8,NeuralProphet,48,degraded,True,42,9,0,2
170.2421300510565,226.7424823724944,2.0689112465765223,81.61531760849367,washington,washington_v5,v5,2026-03-17T20:30:49.807358,9,NeuralProphet,48,degraded,True,42,9,0,2
145.63102583090463,180.78234864885724,1.7636338516591978,78.75421837541711,washington,washington_v5,v5,2026-03-17T20:31:02.834680,10,NeuralProphet,48,degraded,True,42,9,0,2
159.63740635911623,196.07362817598224,1.9464537050341544,84.3876925941494,washington,washington_v5,v5,2026-03-17T20:31:15.603772,11,NeuralProphet,48,degraded,True,42,9,0,2
191.25983236233392,265.13903301357595,2.347934993606945,81.54288133308721,washington,washington_v5,v5,2026-03-17T20:31:28.559499,12,NeuralProphet,48,degraded,True,42,9,0,2
195.2431653638681,256.0461452090255,2.3555053607539427,71.3602293839911,washington,washington_v5,v5,2026-03-17T20:31:41.508967,13,NeuralProphet,48,degraded,True,42,9,0,2
212.8139473994573,265.8420977944889,2.5675027518846107,90.79642417007568,washington,washington_v5,v5,2026-03-17T20:31:54.494060,14,NeuralProphet,48,degraded,True,42,9,0,2
132.35842706759772,176.54788361076223,1.6174016439772707,58.152998166833605,washington,washington_v5,v5,2026-03-17T20:32:07.256658,15,NeuralProphet,48,degraded,True,42,9,0,2
195.6214315096537,246.3823100613186,2.389878698830848,77.7514544041197,washington,washington_v5,v5,2026-03-17T20:32:20.243515,16,NeuralProphet,48,degraded,True,42,9,0,2
211.48952132463452,271.4358989336538,2.555954242635514,92.3069535065831,washington,washington_v5,v5,2026-03-17T20:32:33.184848,17,NeuralProphet,48,degraded,True,42,9,0,2
199.5798342227936,260.10027478822826,2.393937412601746,95.09836774554316,washington,washington_v5,v5,2026-03-17T20:32:46.233006,18,NeuralProphet,48,degraded,True,42,9,0,2
187.07067571083704,246.56153683577452,2.24149467396379,72.948430089071,washington,washington_v5,v5,2026-03-17T20:32:59.161031,19,NeuralProphet,48,degraded,True,42,9,0,1
687.5721187875384,873.6113460336553,8.386055560822422,150.58780021607785,washington,washington_v5,v5,2026-03-17T20:33:12.525061,0,NeuralProphet,168,degraded,True,42,9,0,4
618.431885959137,810.4291125542873,7.563439183620431,142.95693189038627,washington,washington_v5,v5,2026-03-17T20:33:25.441278,1,NeuralProphet,168,degraded,True,42,9,0,3
154.10778703859873,190.9853928053316,1.8617496100763773,79.97198645156212,washington,washington_v5,v5,2026-03-17T20:33:38.554384,2,NeuralProphet,168,degraded,True,42,9,0,3
143.6461919148763,186.8226114938767,1.7586720630355637,73.99298820702059,washington,washington_v5,v5,2026-03-17T20:33:51.571915,3,NeuralProphet,168,degraded,True,42,9,0,2
133.68495293458304,164.47222878776583,1.612847695084772,69.7789301378837,washington,washington_v5,v5,2026-03-17T20:34:04.690777,4,NeuralProphet,168,degraded,True,42,9,0,2
169.20612371180738,224.74993878300972,2.0389417021415457,81.12163103825617,washington,washington_v5,v5,2026-03-17T20:34:17.559829,5,NeuralProphet,168,degraded,True,42,9,0,2
143.50255238016447,186.7186609724197,1.691446680576346,72.50215150077062,washington,washington_v5,v5,2026-03-17T20:34:30.741725,6,NeuralProphet,168,degraded,True,42,9,0,1
123.45444553239004,157.62485565923174,1.446658231651944,69.84622258206544,washington,washington_v5,v5,2026-03-17T20:34:43.850655,7,NeuralProphet,168,degraded,True,42,9,0,0
122.31299655636153,169.77728099070472,1.4224309915792386,71.35475653559689,washington,washington_v5,v5,2026-03-17T20:34:56.891451,8,NeuralProphet,168,degraded,True,42,9,0,0
137.82857307933625,174.1985876930324,1.6161894533751575,71.37992823899822,washington,washington_v5,v5,2026-03-17T20:35:09.754671,9,NeuralProphet,168,degraded,True,42,9,0,0
138.1826063238439,176.05388467984014,1.606939686741602,73.6840566175691,washington,washington_v5,v5,2026-03-17T20:35:23.004464,10,NeuralProphet,168,degraded,True,42,9,23,0
155.89522348628157,208.2986663207133,1.827651050677845,83.08292601980027,washington,washington_v5,v5,2026-03-17T20:35:36.001087,11,NeuralProphet,168,degraded,True,42,9,13,23
143.30827758141928,173.92474126864744,1.6742015071123333,86.51427844601184,washington,washington_v5,v5,2026-03-17T20:35:49.053185,12,NeuralProphet,168,degraded,True,42,9,1,36
1928.4928395691368,2412.794205803196,22.67904326739674,185.0832455823646,washington,washington_v5,v5,2026-03-17T20:36:01.987797,13,NeuralProphet,168,degraded,True,42,9,0,37
2930.5032283465066,3359.5276376738952,34.87837777766177,193.30655823738527,washington,washington_v5,v5,2026-03-17T20:36:15.223072,14,NeuralProphet,168,degraded,True,42,9,0,37
2166.8328999337696,2624.7696616673707,25.79366911408148,189.5543446529256,washington,washington_v5,v5,2026-03-17T20:36:28.326910,15,NeuralProphet,168,degraded,True,42,9,1,37
1379.2697171455338,1645.7374569091303,16.536389591908485,185.5347115487375,washington,washington_v5,v5,2026-03-17T20:36:41.525631,16,NeuralProphet,168,degraded,True,42,9,0,38
1946.6550342809587,2244.301882969629,23.38621009996154,195.43680752688095,washington,washington_v5,v5,2026-03-17T20:36:54.624139,17,NeuralProphet,168,degraded,True,42,9,0,38
1775.19822873388,2221.8628910649945,21.46012542313794,181.4630460077541,washington,washington_v5,v5,2026-03-17T20:37:07.694944,18,NeuralProphet,168,degraded,True,42,9,1,38
730.2182111754304,881.1333078078333,9.082560192761784,183.11474673095623,washington,washington_v5,v5,2026-03-17T20:37:20.842462,19,NeuralProphet,168,degraded,True,42,9,1,39
336.09380354368835,394.22324260928826,0.8722937683475493,129.95226221868424,london,london_v5,v5,2026-03-17T20:37:28.151478,0,Prophet,6,clean_only,False,42,0,0,0
736.4607416016403,931.7096579950368,1.9186763684698023,35.07097298356637,london,london_v5,v5,2026-03-17T20:37:28.539826,1,Prophet,6,clean_only,False,42,0,0,0
592.8316137505856,727.8794871168825,1.5500109676562668,20.401059557885283,london,london_v5,v5,2026-03-17T20:37:28.901956,2,Prophet,6,clean_only,False,42,0,0,0
322.8168510468231,563.3703324653493,0.8442068194057932,14.2083496974468,london,london_v5,v5,2026-03-17T20:37:29.272362,3,Prophet,6,clean_only,False,42,0,0,0
311.28164690532503,347.95572694064185,0.8134306379593711,136.73387385155522,london,london_v5,v5,2026-03-17T20:37:29.921360,4,Prophet,6,clean_only,False,42,0,0,0
766.357194775789,926.6465024718001,2.0053855324947567,38.38589452669952,london,london_v5,v5,2026-03-17T20:37:30.376667,5,Prophet,6,clean_only,False,42,0,0,0
635.4169259149252,709.9279182137367,1.6630123509190244,25.23046151437411,london,london_v5,v5,2026-03-17T20:37:30.751547,6,Prophet,6,clean_only,False,42,0,0,0
321.72325138247874,372.2944759011983,0.8416290656650561,20.044369235443448,london,london_v5,v5,2026-03-17T20:37:31.119106,7,Prophet,6,clean_only,False,42,0,0,0
247.11440451848765,268.79110803470655,0.6458790536814834,106.77465951330902,london,london_v5,v5,2026-03-17T20:37:31.570759,8,Prophet,6,clean_only,False,42,0,0,0
794.3500037925891,904.3838930750911,2.076633373508085,55.16931608091661,london,london_v5,v5,2026-03-17T20:37:31.891476,9,Prophet,6,clean_only,False,42,0,0,0
1026.1299602219904,1103.9309249251603,2.675925323378633,58.84601134209486,london,london_v5,v5,2026-03-17T20:37:32.332992,10,Prophet,6,clean_only,False,42,0,0,0
506.9458258728154,562.3486046343976,1.317623218487408,55.27690022910624,london,london_v5,v5,2026-03-17T20:37:32.676476,11,Prophet,6,clean_only,False,42,0,0,0
493.29331667158453,556.1603926368198,1.2795420619451732,162.62486031479202,london,london_v5,v5,2026-03-17T20:37:33.166659,12,Prophet,6,clean_only,False,42,0,0,0
1086.5465486047917,1223.5714356554486,2.8219162255194203,97.44099822896692,london,london_v5,v5,2026-03-17T20:37:33.521595,13,Prophet,6,clean_only,False,42,0,0,0
687.1209174247073,717.1679155766973,1.7792739811484368,32.610403232226375,london,london_v5,v5,2026-03-17T20:37:33.915232,14,Prophet,6,clean_only,False,42,0,0,0
860.2111019888907,1015.0966214717323,2.218516121069542,91.88398701504596,london,london_v5,v5,2026-03-17T20:37:34.264600,15,Prophet,6,clean_only,False,42,0,0,0
571.9199832382636,624.1402235547624,1.4723999378799117,181.86607406989472,london,london_v5,v5,2026-03-17T20:37:34.820727,16,Prophet,6,clean_only,False,42,0,0,0
1006.7633844346511,1145.7994523805783,2.593076911323212,95.63778676528662,london,london_v5,v5,2026-03-17T20:37:35.182420,17,Prophet,6,clean_only,False,42,0,0,0
777.9873474733913,885.8788299652106,2.003097297945506,37.17772085574163,london,london_v5,v5,2026-03-17T20:37:35.487005,18,Prophet,6,clean_only,False,42,0,0,0
670.134765403087,791.6848640566018,1.7235231848685628,92.56940858711708,london,london_v5,v5,2026-03-17T20:37:35.816780,19,Prophet,6,clean_only,False,42,0,0,0
510.28272025039115,686.519046455311,1.3243815633512326,50.07523932745674,london,london_v5,v5,2026-03-17T20:37:37.076872,0,Prophet,24,clean_only,False,42,0,0,0
510.0286664697954,638.9520156747654,1.3327896060324904,54.23701229150537,london,london_v5,v5,2026-03-17T20:37:37.503970,1,Prophet,24,clean_only,False,42,0,0,0
668.5723671449738,812.8834593406768,1.7474371380761777,66.69342797461026,london,london_v5,v5,2026-03-17T20:37:37.962208,2,Prophet,24,clean_only,False,42,0,0,0
768.1504448283928,890.1138804606444,1.9924875745158077,97.58763836897977,london,london_v5,v5,2026-03-17T20:37:38.438024,3,Prophet,24,clean_only,False,42,0,0,0
740.3274297613998,849.1332826327259,1.9059625359118781,103.24327054277376,london,london_v5,v5,2026-03-17T20:37:38.996837,4,Prophet,24,clean_only,False,42,0,0,0
581.6006574130594,799.1517620004558,1.496748289486942,84.62274308977264,london,london_v5,v5,2026-03-17T20:37:39.402262,5,Prophet,24,clean_only,False,42,0,0,0
743.4118351773076,1004.5554616060431,1.9012756050459096,87.52754633770846,london,london_v5,v5,2026-03-17T20:37:39.755933,6,Prophet,24,clean_only,False,42,0,0,0
523.1179444781965,788.0551890405197,1.337564037222852,64.68572763300824,london,london_v5,v5,2026-03-17T20:37:40.089689,7,Prophet,24,clean_only,False,42,0,0,0
442.32474200121897,591.6947456756134,1.1395664744317269,45.373091302334714,london,london_v5,v5,2026-03-17T20:37:40.725004,8,Prophet,24,clean_only,False,42,0,0,0
369.2503740241863,524.5085125935113,0.9508084234297473,62.15260729676192,london,london_v5,v5,2026-03-17T20:37:41.130085,9,Prophet,24,clean_only,False,42,0,0,0
608.7757487467892,719.519114859911,1.566190404792154,80.68824555956323,london,london_v5,v5,2026-03-17T20:37:41.501975,10,Prophet,24,clean_only,False,42,0,0,0
667.7746584204631,842.9683080959866,1.7082637785070198,73.61150483415267,london,london_v5,v5,2026-03-17T20:37:41.911237,11,Prophet,24,clean_only,False,42,0,0,0
633.3876702854603,775.0942587852544,1.6196863896110125,81.20697551110725,london,london_v5,v5,2026-03-17T20:37:42.364602,12,Prophet,24,clean_only,False,42,0,0,0
460.9849956534196,699.896126133203,1.182537031113438,52.84766619741627,london,london_v5,v5,2026-03-17T20:37:42.703982,13,Prophet,24,clean_only,False,42,0,0,0
489.29401926650263,705.0225897551894,1.244795038859569,46.53299829445847,london,london_v5,v5,2026-03-17T20:37:43.100824,14,Prophet,24,clean_only,False,42,0,0,0
495.77868326443485,661.0086985509427,1.2719201861454048,52.02161755070035,london,london_v5,v5,2026-03-17T20:37:43.546647,15,Prophet,24,clean_only,False,42,0,0,0
488.7876980421215,665.7090574643147,1.254349924926891,53.39615123224982,london,london_v5,v5,2026-03-17T20:37:43.972295,16,Prophet,24,clean_only,False,42,0,0,0
944.8512496304496,1319.914180589429,2.4255531827742693,82.27440258560023,london,london_v5,v5,2026-03-17T20:37:44.395799,17,Prophet,24,clean_only,False,42,0,0,0
620.3686864636912,815.59775883686,1.5677513653631667,62.26288791837472,london,london_v5,v5,2026-03-17T20:37:44.837242,18,Prophet,24,clean_only,False,42,0,0,0
469.02082929878253,549.3317027503743,1.1834228819154355,51.308424846156555,london,london_v5,v5,2026-03-17T20:37:45.220009,19,Prophet,24,clean_only,False,42,0,0,0
534.1054727602384,685.2712918683376,1.3862108453556077,47.23014252802471,london,london_v5,v5,2026-03-17T20:37:45.990727,0,Prophet,48,clean_only,False,42,0,0,0
721.8623185654923,912.7959479007968,1.8867202505328686,70.90891711025633,london,london_v5,v5,2026-03-17T20:37:46.470193,1,Prophet,48,clean_only,False,42,0,0,0
670.9251868362101,829.8718995522007,1.7272874394531412,94.8200874325719,london,london_v5,v5,2026-03-17T20:37:47.011199,2,Prophet,48,clean_only,False,42,0,0,0
765.9647523731137,1023.5989738959379,1.9589546858165023,90.68437923815534,london,london_v5,v5,2026-03-17T20:37:47.526422,3,Prophet,48,clean_only,False,42,0,0,0
396.82640999065507,540.3375259862505,1.022348582510909,47.88226012476965,london,london_v5,v5,2026-03-17T20:37:48.147047,4,Prophet,48,clean_only,False,42,0,0,0
642.2932314602733,783.5160796179151,1.6524204491503764,80.03324287348286,london,london_v5,v5,2026-03-17T20:37:48.496330,5,Prophet,48,clean_only,False,42,0,0,0
548.1603477787609,737.3075246586,1.4017447706576853,67.57415498877907,london,london_v5,v5,2026-03-17T20:37:48.956787,6,Prophet,48,clean_only,False,42,0,0,0
482.71454319083614,684.6364310966661,1.228056434145858,48.222792501181644,london,london_v5,v5,2026-03-17T20:37:49.374921,7,Prophet,48,clean_only,False,42,0,0,0
709.7292858213735,1030.7486889273753,1.8213405941974796,67.6181195131659,london,london_v5,v5,2026-03-17T20:37:49.803030,8,Prophet,48,clean_only,False,42,0,0,0
574.9815042480308,724.4345569942751,1.4530521253125437,61.57514501869974,london,london_v5,v5,2026-03-17T20:37:50.243825,9,Prophet,48,clean_only,False,42,0,0,0
501.7116068659588,760.9105861852195,1.2613057166200854,46.8467417236653,london,london_v5,v5,2026-03-17T20:37:50.658466,10,Prophet,48,clean_only,False,42,0,0,0
476.0119676561426,675.4591881197,1.2004319925334168,50.54687169213105,london,london_v5,v5,2026-03-17T20:37:51.206112,11,Prophet,48,clean_only,False,42,0,0,0
837.7732098202213,1111.004843270509,2.1112590645288494,73.91993844275876,london,london_v5,v5,2026-03-17T20:37:51.690820,12,Prophet,48,clean_only,False,42,0,0,0
527.3993979798581,873.1504705573743,1.314304147602373,45.54126146670849,london,london_v5,v5,2026-03-17T20:37:52.107913,13,Prophet,48,clean_only,False,42,0,0,0
541.9699878448122,812.2154381449266,1.341437298542391,49.30423008716698,london,london_v5,v5,2026-03-17T20:37:52.491460,14,Prophet,48,clean_only,False,42,0,0,0
759.4277494505423,956.3400008077205,1.8937988329757542,73.74010091081216,london,london_v5,v5,2026-03-17T20:37:52.924510,15,Prophet,48,clean_only,False,42,0,0,0
540.791770418409,729.3595640226476,1.3298227887419465,69.10882992271085,london,london_v5,v5,2026-03-17T20:37:53.311620,16,Prophet,48,clean_only,False,42,0,0,0
523.3027785822724,834.68548391215,1.2878551014273594,50.87741636233011,london,london_v5,v5,2026-03-17T20:37:53.696173,17,Prophet,48,clean_only,False,42,0,0,0
489.7870950994436,718.7421140722771,1.2183535298941426,51.554716134074006,london,london_v5,v5,2026-03-17T20:37:54.154572,18,Prophet,48,clean_only,False,42,0,0,0
727.2316883133345,880.190736085286,1.8135475786877695,82.63759887234895,london,london_v5,v5,2026-03-17T20:37:54.541585,19,Prophet,48,clean_only,False,42,0,0,0
682.178696045222,888.2116981581158,1.7705182874112497,60.515343471795106,london,london_v5,v5,2026-03-17T20:37:55.253132,0,Prophet,168,clean_only,False,42,0,0,0
664.0949392999895,835.6789151161997,1.698029129922883,86.22030827039785,london,london_v5,v5,2026-03-17T20:37:55.603091,1,Prophet,168,clean_only,False,42,0,0,0
628.4423360448063,858.2298472091638,1.5987971880191925,60.541958399756915,london,london_v5,v5,2026-03-17T20:37:56.005655,2,Prophet,168,clean_only,False,42,0,0,0
602.3271368518568,862.2415547118618,1.5093335663134542,57.42513997215142,london,london_v5,v5,2026-03-17T20:37:56.495856,3,Prophet,168,clean_only,False,42,0,0,0
625.1935097638992,837.9349114573135,1.5474249711481487,60.55676021129703,london,london_v5,v5,2026-03-17T20:37:56.887429,4,Prophet,168,clean_only,False,42,0,0,0
608.3303634140171,853.8638518768121,1.499057001816014,75.07367368658467,london,london_v5,v5,2026-03-17T20:37:57.280356,5,Prophet,168,clean_only,False,42,0,0,0
545.6272453765579,767.1984294003993,1.3446203202776539,58.26436391271843,london,london_v5,v5,2026-03-17T20:37:57.706489,6,Prophet,168,clean_only,False,42,0,0,0
581.762101236916,792.2228326658197,1.4361735727365232,61.315227869616415,london,london_v5,v5,2026-03-17T20:37:58.187664,7,Prophet,168,clean_only,False,42,0,0,0
561.1092942133764,767.2509786270124,1.3885619586117455,65.28403941610004,london,london_v5,v5,2026-03-17T20:37:58.871989,8,Prophet,168,clean_only,False,42,0,0,0
545.8498662776938,764.2422555450315,1.3404661539378218,82.0519390226694,london,london_v5,v5,2026-03-17T20:37:59.352898,9,Prophet,168,clean_only,False,42,0,0,0
474.746888967816,681.0464017537738,1.1791809721852018,56.46315625099819,london,london_v5,v5,2026-03-17T20:37:59.735482,10,Prophet,168,clean_only,False,42,0,0,0
616.4340219347674,827.2622507751429,1.5633187725220072,71.92340295497208,london,london_v5,v5,2026-03-17T20:38:00.184037,11,Prophet,168,clean_only,False,42,0,0,0
502.50612028549784,696.1140430243207,1.2886078709320483,92.28437468938434,london,london_v5,v5,2026-03-17T20:38:00.491002,12,Prophet,168,clean_only,False,42,0,0,0
412.71704466785394,645.6235807077732,1.0456372910774046,64.96179473563627,london,london_v5,v5,2026-03-17T20:38:01.083782,13,Prophet,168,clean_only,False,42,0,0,0
454.81133779141135,655.904779059869,1.162573849182759,56.1264209708861,london,london_v5,v5,2026-03-17T20:38:01.498775,14,Prophet,168,clean_only,False,42,0,0,0
407.70162802479484,613.7587419887441,1.0627424733872621,55.94801986863548,london,london_v5,v5,2026-03-17T20:38:01.918254,15,Prophet,168,clean_only,False,42,0,0,0
425.65246335438434,662.0981970839573,1.1231910948479886,60.39456986410696,london,london_v5,v5,2026-03-17T20:38:02.329833,16,Prophet,168,clean_only,False,42,0,0,0
358.6989242524628,557.7830703808604,0.971576862608377,52.64685805506174,london,london_v5,v5,2026-03-17T20:38:02.835597,17,Prophet,168,clean_only,False,42,0,0,0
536.6907505323676,765.4348217129864,1.494042531080448,73.54024010887082,london,london_v5,v5,2026-03-17T20:38:03.245813,18,Prophet,168,clean_only,False,42,0,0,0
367.3090418526524,470.105531497697,1.0140776669254383,96.43641387105976,london,london_v5,v5,2026-03-17T20:38:03.651418,19,Prophet,168,clean_only,False,42,0,0,0
1189.6192576090496,1538.4653308387942,3.0875233466889047,153.60408614681347,london,london_v5,v5,2026-03-17T20:38:17.032575,0,NeuralProphet,6,clean_only,True,42,9,0,0
1925.7570673624675,2321.557080800006,5.017110034306065,146.9667090854748,london,london_v5,v5,2026-03-17T20:38:30.083178,1,NeuralProphet,6,clean_only,True,42,9,0,0
1463.376485188802,1737.3116720177686,3.8261279412929774,51.314822634562475,london,london_v5,v5,2026-03-17T20:38:43.000412,2,NeuralProphet,6,clean_only,True,42,9,0,0
2211.5846150716147,2612.621705182609,5.783572969261102,81.3830880654892,london,london_v5,v5,2026-03-17T20:38:56.007838,3,NeuralProphet,6,clean_only,True,42,9,0,0
1272.8735809326172,1599.009863437273,3.3262300533078286,146.83807351902098,london,london_v5,v5,2026-03-17T20:39:08.949194,4,NeuralProphet,6,clean_only,True,42,9,0,0
1707.7527974446614,2112.6975870208794,4.468807465264194,128.88199397139732,london,london_v5,v5,2026-03-17T20:39:21.802555,5,NeuralProphet,6,clean_only,True,42,9,0,0
1403.4130045572917,1566.4418967363342,3.6730106876813573,54.29036136892136,london,london_v5,v5,2026-03-17T20:39:35.043336,6,NeuralProphet,6,clean_only,True,42,9,0,0
1892.9810384114583,2316.537131344224,4.952044516005004,76.46633440544576,london,london_v5,v5,2026-03-17T20:39:48.299262,7,NeuralProphet,6,clean_only,True,42,9,0,0
1035.2506256103516,1281.2358659360964,2.705818366579085,144.78267168095132,london,london_v5,v5,2026-03-17T20:40:01.553092,8,NeuralProphet,6,clean_only,True,42,9,0,0
974.4739201863607,1243.496278419345,2.547523200869317,97.67167422576969,london,london_v5,v5,2026-03-17T20:40:14.677750,9,NeuralProphet,6,clean_only,True,42,9,0,0
1189.4592997233074,1447.5075404225195,3.1018529666254286,68.466780924495,london,london_v5,v5,2026-03-17T20:40:27.835578,10,NeuralProphet,6,clean_only,True,42,9,0,0
1292.3037109375,1463.8512358005212,3.3588783810124263,78.65432756661755,london,london_v5,v5,2026-03-17T20:40:40.764334,11,NeuralProphet,6,clean_only,True,42,9,0,0
609.1967722574869,729.8277449155875,1.580181339905817,101.34993149525016,london,london_v5,v5,2026-03-17T20:40:53.929396,12,NeuralProphet,6,clean_only,True,42,9,0,0
356.43385314941406,436.0326154703492,0.9257095103917043,68.07716672453166,london,london_v5,v5,2026-03-17T20:41:06.949561,13,NeuralProphet,6,clean_only,True,42,9,0,0
918.0454762776693,1130.1478171747633,2.3772445111611242,54.81516971837236,london,london_v5,v5,2026-03-17T20:41:20.029067,14,NeuralProphet,6,clean_only,True,42,9,0,0
1274.4371948242188,1370.5228123240267,3.2868204740336964,91.86426872338482,london,london_v5,v5,2026-03-17T20:41:33.156130,15,NeuralProphet,6,clean_only,True,42,9,0,0
498.87584431966144,556.7554715303237,1.2843488315043616,98.51875864566719,london,london_v5,v5,2026-03-17T20:41:46.178902,16,NeuralProphet,6,clean_only,True,42,9,0,0
624.3638178507487,722.975647048414,1.608146884725602,103.86481306980957,london,london_v5,v5,2026-03-17T20:41:59.262281,17,NeuralProphet,6,clean_only,True,42,9,0,0
1648.4733123779297,1782.3224907706483,4.244352364448248,92.84076255524947,london,london_v5,v5,2026-03-17T20:42:12.257950,18,NeuralProphet,6,clean_only,True,42,9,0,0
1406.3683675130208,1493.1516238115053,3.6170463211477446,94.32278645828774,london,london_v5,v5,2026-03-17T20:42:25.557329,19,NeuralProphet,6,clean_only,True,42,9,0,0
676.3513986269633,887.9715051683338,1.7553941905946475,69.30617871686628,london,london_v5,v5,2026-03-17T20:42:38.974428,0,NeuralProphet,24,clean_only,True,42,9,0,0
533.3765443166097,744.3921362759006,1.3938014882322398,48.205406950194835,london,london_v5,v5,2026-03-17T20:42:52.125606,1,NeuralProphet,24,clean_only,True,42,9,0,0
540.8465804258982,825.7391095165383,1.4136022472385306,56.06847634408908,london,london_v5,v5,2026-03-17T20:43:05.248990,2,NeuralProphet,24,clean_only,True,42,9,0,0
824.5041891733805,1032.278690813194,2.138662241393613,85.75280990013138,london,london_v5,v5,2026-03-17T20:43:18.438430,3,NeuralProphet,24,clean_only,True,42,9,0,0
347.0326957702637,447.5899444234648,0.8934307851970308,41.18967671477704,london,london_v5,v5,2026-03-17T20:43:31.366986,4,NeuralProphet,24,clean_only,True,42,9,0,0
963.6847337086996,1366.6640828829068,2.480041001327086,74.28508765333503,london,london_v5,v5,2026-03-17T20:43:44.540104,5,NeuralProphet,24,clean_only,True,42,9,0,0
631.4851578076681,860.4423859890868,1.6150231522772704,57.548900023921966,london,london_v5,v5,2026-03-17T20:43:57.736353,6,NeuralProphet,24,clean_only,True,42,9,0,0
609.2195523579916,827.4640144941154,1.557717858101535,51.129043068096976,london,london_v5,v5,2026-03-17T20:44:10.804906,7,NeuralProphet,24,clean_only,True,42,9,0,0
677.7940252621969,953.7567549710345,1.7462087792430159,62.147733295810035,london,london_v5,v5,2026-03-17T20:44:23.788059,8,NeuralProphet,24,clean_only,True,42,9,0,0
548.5557257334391,780.1054708485378,1.412514221891644,63.656764189001066,london,london_v5,v5,2026-03-17T20:44:36.707925,9,NeuralProphet,24,clean_only,True,42,9,0,0
762.6028130849203,995.3480978235492,1.9619395335307466,71.91036440103414,london,london_v5,v5,2026-03-17T20:44:49.564415,10,NeuralProphet,24,clean_only,True,42,9,0,0
509.0004889170329,646.1625660795198,1.302096579280263,68.37878700013974,london,london_v5,v5,2026-03-17T20:45:02.702695,11,NeuralProphet,24,clean_only,True,42,9,0,0
434.3066218694051,513.4233033551252,1.1106002806192605,64.87629487836925,london,london_v5,v5,2026-03-17T20:45:15.801446,12,NeuralProphet,24,clean_only,True,42,9,0,0
837.1107697486877,1107.1758526498447,2.147389814647983,67.04302712805436,london,london_v5,v5,2026-03-17T20:45:28.849254,13,NeuralProphet,24,clean_only,True,42,9,0,0
519.0960530440012,772.6662778368166,1.3206133042243655,47.42528540151002,london,london_v5,v5,2026-03-17T20:45:41.918831,14,NeuralProphet,24,clean_only,True,42,9,0,0
718.9643842379252,975.8684416224463,1.8445030903921846,57.69059015644334,london,london_v5,v5,2026-03-17T20:45:54.813205,15,NeuralProphet,24,clean_only,True,42,9,0,0
704.6132713953654,906.8699659844722,1.808211637931,65.28650308740819,london,london_v5,v5,2026-03-17T20:46:07.815253,16,NeuralProphet,24,clean_only,True,42,9,0,0
1011.2514251073202,1290.3066780945621,2.5960108680741363,98.2819649793989,london,london_v5,v5,2026-03-17T20:46:20.880079,17,NeuralProphet,24,clean_only,True,42,9,0,0
692.182449499766,893.0966671618079,1.7492339699953439,82.28414427901436,london,london_v5,v5,2026-03-17T20:46:34.055536,18,NeuralProphet,24,clean_only,True,42,9,0,0
785.2543020248413,1059.4266965832755,1.9813361179035034,80.34945688280263,london,london_v5,v5,2026-03-17T20:46:47.165901,19,NeuralProphet,24,clean_only,True,42,9,0,0
558.2960375944773,714.4509212949374,1.4489947429914087,60.95371375273408,london,london_v5,v5,2026-03-17T20:47:00.643448,0,NeuralProphet,48,clean_only,True,42,9,0,0
791.9855346679688,1160.3834621738795,2.070000203579803,65.582716211147,london,london_v5,v5,2026-03-17T20:47:13.533626,1,NeuralProphet,48,clean_only,True,42,9,0,0
718.7794544696808,1078.1913192784016,1.8504875771574691,58.33398356021861,london,london_v5,v5,2026-03-17T20:47:26.825881,2,NeuralProphet,48,clean_only,True,42,9,0,0
861.6029102802277,1218.6503917043585,2.2035492536403463,68.81630681730658,london,london_v5,v5,2026-03-17T20:47:40.026423,3,NeuralProphet,48,clean_only,True,42,9,0,0
514.8569922447205,705.3491248014569,1.326432170252014,52.06553469444053,london,london_v5,v5,2026-03-17T20:47:53.029487,4,NeuralProphet,48,clean_only,True,42,9,0,0
750.8877914845943,1152.8335313945538,1.93180043147201,67.4395715736006,london,london_v5,v5,2026-03-17T20:48:06.034161,5,NeuralProphet,48,clean_only,True,42,9,0,0
695.5354677041372,1071.2973092542743,1.778609504704123,67.49686379647474,london,london_v5,v5,2026-03-17T20:48:19.058363,6,NeuralProphet,48,clean_only,True,42,9,0,0
738.2683153351148,985.2043583880303,1.878201449619226,65.91585571546929,london,london_v5,v5,2026-03-17T20:48:32.191344,7,NeuralProphet,48,clean_only,True,42,9,0,0
864.0978166460991,1276.6518971451046,2.217488361063704,81.0365260655182,london,london_v5,v5,2026-03-17T20:48:44.930238,8,NeuralProphet,48,clean_only,True,42,9,0,0
861.0669213930765,1182.758383376767,2.1760267259428527,84.52386607863791,london,london_v5,v5,2026-03-17T20:48:57.914884,9,NeuralProphet,48,clean_only,True,42,9,0,0
900.771070321401,1329.1150785798795,2.2645433847136767,80.57897644001764,london,london_v5,v5,2026-03-17T20:49:10.889537,10,NeuralProphet,48,clean_only,True,42,9,0,0
591.9041145642599,811.0443692556737,1.4926948982685588,54.63971429155296,london,london_v5,v5,2026-03-17T20:49:23.982352,11,NeuralProphet,48,clean_only,True,42,9,0,0
1026.823676745097,1424.5564774581908,2.5876821671895396,73.19417787282573,london,london_v5,v5,2026-03-17T20:49:36.923547,12,NeuralProphet,48,clean_only,True,42,9,0,0
1277.0035152435303,1688.6070665733414,3.182352924588436,99.19502997825089,london,london_v5,v5,2026-03-17T20:49:49.883314,13,NeuralProphet,48,clean_only,True,42,9,0,0
715.6899665594101,919.8673859110278,1.7714139839238683,66.40602654415427,london,london_v5,v5,2026-03-17T20:50:02.620645,14,NeuralProphet,48,clean_only,True,42,9,0,0
860.0413661102453,1360.3752749677337,2.1447008443250573,73.68649091437938,london,london_v5,v5,2026-03-17T20:50:15.688587,15,NeuralProphet,48,clean_only,True,42,9,0,0
710.6152112881342,1005.0274622989913,1.747423599413313,68.8745563274631,london,london_v5,v5,2026-03-17T20:50:28.633310,16,NeuralProphet,48,clean_only,True,42,9,0,0
950.3475914001465,1244.025946217212,2.3388180682504482,76.92337255056012,london,london_v5,v5,2026-03-17T20:50:41.579643,17,NeuralProphet,48,clean_only,True,42,9,0,0
690.2018747329712,849.9210223914475,1.7168886212686694,71.02501248792983,london,london_v5,v5,2026-03-17T20:50:54.550942,18,NeuralProphet,48,clean_only,True,42,9,0,0
881.219934463501,1273.6041404786254,2.1975586379414014,63.302783906467916,london,london_v5,v5,2026-03-17T20:51:07.472054,19,NeuralProphet,48,clean_only,True,42,9,0,0
631.3790133567084,830.2102464787482,1.638673409058819,54.95117926592445,london,london_v5,v5,2026-03-17T20:51:20.935834,0,NeuralProphet,168,clean_only,True,42,9,0,0
672.344285312153,837.5056587667597,1.7191219421136097,77.74633142765785,london,london_v5,v5,2026-03-17T20:51:33.988952,1,NeuralProphet,168,clean_only,True,42,9,0,0
622.7631282919929,854.3883823761793,1.5843489230558219,69.57256793019052,london,london_v5,v5,2026-03-17T20:51:46.992982,2,NeuralProphet,168,clean_only,True,42,9,0,0
651.5584011532012,909.5612842564032,1.6326990851085075,65.49939251475747,london,london_v5,v5,2026-03-17T20:52:00.003229,3,NeuralProphet,168,clean_only,True,42,9,0,0
751.8179995218912,1013.3453993540968,1.8608349703728786,74.09589940861632,london,london_v5,v5,2026-03-17T20:52:13.004096,4,NeuralProphet,168,clean_only,True,42,9,0,0
542.4257619494483,795.2730667353661,1.3366538731559405,53.91617671932888,london,london_v5,v5,2026-03-17T20:52:25.945128,5,NeuralProphet,168,clean_only,True,42,9,0,0
590.6787765082859,843.2259880400682,1.4556433762790753,58.62889671067831,london,london_v5,v5,2026-03-17T20:52:38.772418,6,NeuralProphet,168,clean_only,True,42,9,0,0
610.874568087714,844.4350709018613,1.5080423923784154,72.31445103215387,london,london_v5,v5,2026-03-17T20:52:51.886413,7,NeuralProphet,168,clean_only,True,42,9,0,0
526.1273908615112,769.898670859762,1.3019931907528388,63.30627662283251,london,london_v5,v5,2026-03-17T20:53:04.813838,8,NeuralProphet,168,clean_only,True,42,9,0,0
525.0283684162866,759.3307850815462,1.2893339381367357,60.52841424752828,london,london_v5,v5,2026-03-17T20:53:17.812210,9,NeuralProphet,168,clean_only,True,42,9,0,0
480.80421005544207,694.5341409871909,1.1942262056241701,54.8260807379594,london,london_v5,v5,2026-03-17T20:53:30.795288,10,NeuralProphet,168,clean_only,True,42,9,0,0
558.3090309273629,752.9804834708714,1.415909826290671,69.482984458918,london,london_v5,v5,2026-03-17T20:53:43.679998,11,NeuralProphet,168,clean_only,True,42,9,0,0
501.85083153985795,734.0775547665633,1.2869274730199094,73.82247569983689,london,london_v5,v5,2026-03-17T20:53:56.735128,12,NeuralProphet,168,clean_only,True,42,9,0,0
379.44495759123845,563.6599564333358,0.9613409542801626,63.30993738745031,london,london_v5,v5,2026-03-17T20:54:09.702680,13,NeuralProphet,168,clean_only,True,42,9,0,0
620.625875262987,821.5895892948165,1.5864235403863651,89.20268718639991,london,london_v5,v5,2026-03-17T20:54:22.771552,14,NeuralProphet,168,clean_only,True,42,9,0,0
451.9269581806092,686.7067295539069,1.17802319224007,70.08317265701746,london,london_v5,v5,2026-03-17T20:54:35.921211,15,NeuralProphet,168,clean_only,True,42,9,0,0
663.3066515752247,843.7626924719198,1.7503014509338113,93.09257629852353,london,london_v5,v5,2026-03-17T20:54:48.948611,16,NeuralProphet,168,clean_only,True,42,9,0,0
482.5704084578015,673.1819449102561,1.3070968763404498,71.1803086387224,london,london_v5,v5,2026-03-17T20:55:01.745886,17,NeuralProphet,168,clean_only,True,42,9,0,0
615.1530228399095,912.4384527191405,1.7124662169673417,85.13072027347542,london,london_v5,v5,2026-03-17T20:55:14.803710,18,NeuralProphet,168,clean_only,True,42,9,0,0
442.4006914013908,638.8089388299769,1.2213929140423734,78.91572205568086,london,london_v5,v5,2026-03-17T20:55:27.859685,19,NeuralProphet,168,clean_only,True,42,9,0,0
1193.18985303243,1512.8615566729193,3.096790426606075,156.47738163339093,london,london_v5,v5,2026-03-17T20:55:40.125279,0,NeuralProphet_NoWeather,6,clean_only,False,42,0,0,0
1865.0939445495605,2280.267208767125,4.859066443380122,137.36349722331465,london,london_v5,v5,2026-03-17T20:55:51.767828,1,NeuralProphet_NoWeather,6,clean_only,False,42,0,0,0
1568.1507161458333,1758.7106621753733,4.100069484463572,60.20181118124982,london,london_v5,v5,2026-03-17T20:56:03.361214,2,NeuralProphet_NoWeather,6,clean_only,False,42,0,0,0
2200.4866333007812,2671.556777875211,5.75455034586893,79.5310317539407,london,london_v5,v5,2026-03-17T20:56:15.350384,3,NeuralProphet_NoWeather,6,clean_only,False,42,0,0,0
1276.292241414388,1615.2808700678397,3.33516358088422,139.30562872493243,london,london_v5,v5,2026-03-17T20:56:26.926850,4,NeuralProphet_NoWeather,6,clean_only,False,42,0,0,0
1877.3683166503906,2302.6357060344385,4.912653377614859,147.18245760718938,london,london_v5,v5,2026-03-17T20:56:38.645384,5,NeuralProphet_NoWeather,6,clean_only,False,42,0,0,0
1416.7892659505208,1592.2696736879277,3.708019021578084,56.305237686677025,london,london_v5,v5,2026-03-17T20:56:50.307759,6,NeuralProphet_NoWeather,6,clean_only,False,42,0,0,0
2057.625732421875,2471.0448649219475,5.382755567790187,80.43390232625643,london,london_v5,v5,2026-03-17T20:57:01.836556,7,NeuralProphet_NoWeather,6,clean_only,False,42,0,0,0
1108.3920364379883,1360.7358812007826,2.89698692796802,129.75262406157512,london,london_v5,v5,2026-03-17T20:57:13.978052,8,NeuralProphet_NoWeather,6,clean_only,False,42,0,0,0
1125.2177925109863,1403.5230849558586,2.941606104660549,128.9698353148574,london,london_v5,v5,2026-03-17T20:57:25.525661,9,NeuralProphet_NoWeather,6,clean_only,False,42,0,0,0
1113.4993896484375,1377.253611218339,2.903765926181804,62.51858480802047,london,london_v5,v5,2026-03-17T20:57:37.049451,10,NeuralProphet_NoWeather,6,clean_only,False,42,0,0,0
1444.0265502929688,1650.1800482683082,3.753227295051529,80.47654605604765,london,london_v5,v5,2026-03-17T20:57:49.012603,11,NeuralProphet_NoWeather,6,clean_only,False,42,0,0,0
780.0791524251302,865.2002215834017,2.0234291717335786,119.54810385450088,london,london_v5,v5,2026-03-17T20:58:00.593784,12,NeuralProphet_NoWeather,6,clean_only,False,42,0,0,0
476.48137283325195,573.9473782865906,1.2374900264351107,101.61404129696301,london,london_v5,v5,2026-03-17T20:58:12.539485,13,NeuralProphet_NoWeather,6,clean_only,False,42,0,0,0
1108.2317059834797,1408.6978349374683,2.869724657678202,74.85812157325485,london,london_v5,v5,2026-03-17T20:58:24.052996,14,NeuralProphet_NoWeather,6,clean_only,False,42,0,0,0
1478.513407389323,1598.9337123737262,3.813140544137076,97.72103019766149,london,london_v5,v5,2026-03-17T20:58:35.545767,15,NeuralProphet_NoWeather,6,clean_only,False,42,0,0,0
507.93238321940106,574.0537332167509,1.3076647632853784,95.770508421003,london,london_v5,v5,2026-03-17T20:58:47.691615,16,NeuralProphet_NoWeather,6,clean_only,False,42,0,0,0
673.5608552296957,885.9552424266353,1.7348615663530933,112.96295412894115,london,london_v5,v5,2026-03-17T20:58:59.427847,17,NeuralProphet_NoWeather,6,clean_only,False,42,0,0,0
1613.804194132487,1724.0010670712345,4.155089194160025,92.9154356719078,london,london_v5,v5,2026-03-17T20:59:11.706015,18,NeuralProphet_NoWeather,6,clean_only,False,42,0,0,0
2128.904012044271,2227.6473637142085,5.475339607117629,112.09748219953177,london,london_v5,v5,2026-03-17T20:59:23.498942,19,NeuralProphet_NoWeather,6,clean_only,False,42,0,0,0
696.2266297340393,926.7976720008618,1.8069781235811306,67.57307920073595,london,london_v5,v5,2026-03-17T20:59:35.668687,0,NeuralProphet_NoWeather,24,clean_only,False,42,0,0,0
555.5730304718018,757.8178533217522,1.451804592729967,45.89606251646733,london,london_v5,v5,2026-03-17T20:59:47.620363,1,NeuralProphet_NoWeather,24,clean_only,False,42,0,0,0
746.9655957619349,1072.6004380335605,1.9523322934711802,64.08009031397103,london,london_v5,v5,2026-03-17T20:59:59.277967,2,NeuralProphet_NoWeather,24,clean_only,False,42,0,0,0
607.6115880012512,888.9556884373783,1.5760695673290617,56.57320094735344,london,london_v5,v5,2026-03-17T21:00:11.198021,3,NeuralProphet_NoWeather,24,clean_only,False,42,0,0,0
400.1710311571757,531.1228777208464,1.0302346808744018,53.13199168632621,london,london_v5,v5,2026-03-17T21:00:23.008737,4,NeuralProphet_NoWeather,24,clean_only,False,42,0,0,0
1004.2824088136355,1403.4983283626484,2.584519048241163,77.02347268501875,london,london_v5,v5,2026-03-17T21:00:34.766000,5,NeuralProphet_NoWeather,24,clean_only,False,42,0,0,0
579.6367591222128,883.5447148342441,1.482420884036761,41.89348730904807,london,london_v5,v5,2026-03-17T21:00:47.068490,6,NeuralProphet_NoWeather,24,clean_only,False,42,0,0,0
562.3710746765137,809.1640621687325,1.4379306483397143,46.7264980689925,london,london_v5,v5,2026-03-17T21:00:58.851401,7,NeuralProphet_NoWeather,24,clean_only,False,42,0,0,0
619.4115118980408,794.228187014394,1.595797218221473,63.34801565799015,london,london_v5,v5,2026-03-17T21:01:10.778473,8,NeuralProphet_NoWeather,24,clean_only,False,42,0,0,0
572.4039004643759,793.3013108455453,1.4739225426754,62.670161886946104,london,london_v5,v5,2026-03-17T21:01:22.693743,9,NeuralProphet_NoWeather,24,clean_only,False,42,0,0,0
647.2068829536438,967.8500007352807,1.665061744138312,56.62089476489795,london,london_v5,v5,2026-03-17T21:01:34.464579,10,NeuralProphet_NoWeather,24,clean_only,False,42,0,0,0
533.7338962554932,698.1771828495483,1.3653681984448645,55.75878257196831,london,london_v5,v5,2026-03-17T21:01:46.664324,11,NeuralProphet_NoWeather,24,clean_only,False,42,0,0,0
508.27855745951337,601.7113798226011,1.2997598473574057,62.66929068544983,london,london_v5,v5,2026-03-17T21:01:58.493441,12,NeuralProphet_NoWeather,24,clean_only,False,42,0,0,0
934.9004844029745,1341.8933486338085,2.398243876995061,68.79985441769182,london,london_v5,v5,2026-03-17T21:02:10.447021,13,NeuralProphet_NoWeather,24,clean_only,False,42,0,0,0
487.6840737660726,671.4138865661838,1.2406992353286495,43.36076544002328,london,london_v5,v5,2026-03-17T21:02:22.353182,14,NeuralProphet_NoWeather,24,clean_only,False,42,0,0,0
521.1924036343893,743.0575754168873,1.3371190844335727,49.98944847063114,london,london_v5,v5,2026-03-17T21:02:34.009463,15,NeuralProphet_NoWeather,24,clean_only,False,42,0,0,0
657.2937748432159,906.7028020616682,1.686778125619788,58.35163520810968,london,london_v5,v5,2026-03-17T21:02:46.037777,16,NeuralProphet_NoWeather,24,clean_only,False,42,0,0,0
1037.6911857922871,1551.6390676584103,2.6638850924097603,86.69404159809547,london,london_v5,v5,2026-03-17T21:02:57.635176,17,NeuralProphet_NoWeather,24,clean_only,False,42,0,0,0
513.5167951583862,713.0556930368743,1.297722909477631,65.85423962832331,london,london_v5,v5,2026-03-17T21:03:09.435268,18,NeuralProphet_NoWeather,24,clean_only,False,42,0,0,0
816.0983427365621,1130.870916671846,2.0591611125920206,78.71566320982373,london,london_v5,v5,2026-03-17T21:03:21.209316,19,NeuralProphet_NoWeather,24,clean_only,False,42,0,0,0
585.5427428086599,784.5340256121516,1.5197105101841968,54.57229960120805,london,london_v5,v5,2026-03-17T21:03:33.406261,0,NeuralProphet_NoWeather,48,clean_only,False,42,0,0,0
856.8427705168724,1239.1920804980589,2.2395165464093965,71.75579971940452,london,london_v5,v5,2026-03-17T21:03:45.315510,1,NeuralProphet_NoWeather,48,clean_only,False,42,0,0,0
699.8152220249176,1100.3093606326902,1.8016644279548355,59.47490499705679,london,london_v5,v5,2026-03-17T21:03:57.006804,2,NeuralProphet_NoWeather,48,clean_only,False,42,0,0,0
789.9560853242874,1210.3154372293752,2.020312514565249,61.5682078686476,london,london_v5,v5,2026-03-17T21:04:08.857439,3,NeuralProphet_NoWeather,48,clean_only,False,42,0,0,0
488.1734813451767,675.3702166644446,1.2576871249179462,48.81170214125398,london,london_v5,v5,2026-03-17T21:04:20.513200,4,NeuralProphet_NoWeather,48,clean_only,False,42,0,0,0
772.7504537204901,1152.3522067343886,1.9880462525113,80.75901401989111,london,london_v5,v5,2026-03-17T21:04:32.177371,5,NeuralProphet_NoWeather,48,clean_only,False,42,0,0,0
637.3171451091766,1021.5239312242594,1.6297347647039853,57.15112556982274,london,london_v5,v5,2026-03-17T21:04:44.257282,6,NeuralProphet_NoWeather,48,clean_only,False,42,0,0,0
688.8395321369171,1057.938779487596,1.752451488084403,53.64151223986243,london,london_v5,v5,2026-03-17T21:04:55.986465,7,NeuralProphet_NoWeather,48,clean_only,False,42,0,0,0
853.30078180631,1298.931166981222,2.1897805036545037,69.07102089167635,london,london_v5,v5,2026-03-17T21:05:07.800533,8,NeuralProphet_NoWeather,48,clean_only,False,42,0,0,0
834.8410161336263,1212.6935073131626,2.109750494283319,67.50450585484192,london,london_v5,v5,2026-03-17T21:05:19.644800,9,NeuralProphet_NoWeather,48,clean_only,False,42,0,0,0
889.3002622922262,1309.363972610114,2.2357057107522786,80.69177963447176,london,london_v5,v5,2026-03-17T21:05:31.367410,10,NeuralProphet_NoWeather,48,clean_only,False,42,0,0,0
574.5697293877602,784.8741080444704,1.4489801348788305,55.05919876110451,london,london_v5,v5,2026-03-17T21:05:43.601193,11,NeuralProphet_NoWeather,48,clean_only,False,42,0,0,0
1004.7827423413595,1510.0824523507788,2.532137155717327,68.16775794273114,london,london_v5,v5,2026-03-17T21:05:55.394000,12,NeuralProphet_NoWeather,48,clean_only,False,42,0,0,0
996.9538548787435,1512.30134770704,2.484455976730843,67.62011479038324,london,london_v5,v5,2026-03-17T21:06:07.311236,13,NeuralProphet_NoWeather,48,clean_only,False,42,0,0,0
597.258104523023,853.9760349436402,1.478281669156419,48.82532423813209,london,london_v5,v5,2026-03-17T21:06:19.200496,14,NeuralProphet_NoWeather,48,clean_only,False,42,0,0,0
976.8025242884954,1471.8306385178196,2.435870274537283,83.4843371035362,london,london_v5,v5,2026-03-17T21:06:30.894753,15,NeuralProphet_NoWeather,48,clean_only,False,42,0,0,0
734.3285611271858,1087.8303996742804,1.805735420595397,73.42874268009223,london,london_v5,v5,2026-03-17T21:06:43.097028,16,NeuralProphet_NoWeather,48,clean_only,False,42,0,0,0
883.6014582812786,1314.4308715141606,2.174554946486478,75.48353257895138,london,london_v5,v5,2026-03-17T21:06:54.866644,17,NeuralProphet_NoWeather,48,clean_only,False,42,0,0,0
592.4692410230637,843.8029116030995,1.473777072480024,48.81559395057938,london,london_v5,v5,2026-03-17T21:07:06.790337,18,NeuralProphet_NoWeather,48,clean_only,False,42,0,0,0
868.7616407473882,1304.247456330615,2.166490535758122,68.402528006032,london,london_v5,v5,2026-03-17T21:07:18.591132,19,NeuralProphet_NoWeather,48,clean_only,False,42,0,0,0
706.427279983248,936.4218109144003,1.8334527671230814,64.79518838796535,london,london_v5,v5,2026-03-17T21:07:30.568634,0,NeuralProphet_NoWeather,168,clean_only,False,42,0,0,0
548.5323167528425,704.0640052594333,1.4025462286043158,58.69147399703177,london,london_v5,v5,2026-03-17T21:07:42.808293,1,NeuralProphet_NoWeather,168,clean_only,False,42,0,0,0
541.4594298941748,781.4239788652297,1.3775071542595132,52.49577192091146,london,london_v5,v5,2026-03-17T21:07:54.535324,2,NeuralProphet_NoWeather,168,clean_only,False,42,0,0,0
613.2057643901734,887.0497888061907,1.536593632636917,54.22523148309168,london,london_v5,v5,2026-03-17T21:08:06.437187,3,NeuralProphet_NoWeather,168,clean_only,False,42,0,0,0
621.2262821992239,848.2932041148374,1.537605632169207,69.15902938541603,london,london_v5,v5,2026-03-17T21:08:18.199161,4,NeuralProphet_NoWeather,168,clean_only,False,42,0,0,0
608.3056729975201,846.5074061590047,1.4989961593133976,67.00648257378687,london,london_v5,v5,2026-03-17T21:08:29.905469,5,NeuralProphet_NoWeather,168,clean_only,False,42,0,0,0
625.5384330806278,876.3913252805633,1.541550014890427,66.20144248789643,london,london_v5,v5,2026-03-17T21:08:42.062295,6,NeuralProphet_NoWeather,168,clean_only,False,42,0,0,0
552.4363428638095,776.054740531462,1.3637782085724337,65.68241454551213,london,london_v5,v5,2026-03-17T21:08:53.782027,7,NeuralProphet_NoWeather,168,clean_only,False,42,0,0,0
548.3190060002463,778.7418562990333,1.3569101791178222,66.95309381146355,london,london_v5,v5,2026-03-17T21:09:05.687250,8,NeuralProphet_NoWeather,168,clean_only,False,42,0,0,0
557.8082461868014,797.746688949472,1.369832843414913,65.97989860169065,london,london_v5,v5,2026-03-17T21:09:17.479773,9,NeuralProphet_NoWeather,168,clean_only,False,42,0,0,0
406.52957873117356,602.1247071012056,1.009742148942788,44.39234199003416,london,london_v5,v5,2026-03-17T21:09:29.200285,10,NeuralProphet_NoWeather,168,clean_only,False,42,0,0,0
561.5877739020756,775.2476980101175,1.4242249423619016,63.94031388230053,london,london_v5,v5,2026-03-17T21:09:41.361401,11,NeuralProphet_NoWeather,168,clean_only,False,42,0,0,0
551.8696998414539,789.6892180494207,1.4151939851808564,76.15971457373148,london,london_v5,v5,2026-03-17T21:09:53.032771,12,NeuralProphet_NoWeather,168,clean_only,False,42,0,0,0
480.18776047229767,697.0160826364071,1.2165773998330025,82.17865537820724,london,london_v5,v5,2026-03-17T21:10:04.852842,13,NeuralProphet_NoWeather,168,clean_only,False,42,0,0,0
410.88255914052326,604.7944650296002,1.050284543612539,58.954338774794955,london,london_v5,v5,2026-03-17T21:10:16.671402,14,NeuralProphet_NoWeather,168,clean_only,False,42,0,0,0
417.00054813566663,642.7989731985499,1.0869816637145997,59.08050114592177,london,london_v5,v5,2026-03-17T21:10:28.383828,15,NeuralProphet_NoWeather,168,clean_only,False,42,0,0,0
380.6443107241676,544.5013630662968,1.0044257626062016,49.55001529140316,london,london_v5,v5,2026-03-17T21:10:40.526960,16,NeuralProphet_NoWeather,168,clean_only,False,42,0,0,0
439.3664812871388,635.2097968452387,1.1900741222290119,65.66205431157597,london,london_v5,v5,2026-03-17T21:10:52.199064,17,NeuralProphet_NoWeather,168,clean_only,False,42,0,0,0
604.7622872477486,918.3777634977788,1.683540432633439,82.49580141484452,london,london_v5,v5,2026-03-17T21:11:04.135130,18,NeuralProphet_NoWeather,168,clean_only,False,42,0,0,0
509.52490512246175,771.5141274441585,1.4067114286673805,95.23432408371286,london,london_v5,v5,2026-03-17T21:11:16.005765,19,NeuralProphet_NoWeather,168,clean_only,False,42,0,0,0
1105.5613765716553,1436.5691264863588,2.86936054500581,139.64716857017586,london,london_v5,v5,2026-03-17T21:11:29.518816,0,NeuralProphet,6,degraded,True,42,9,0,0
1901.1940205891926,2462.882929497245,4.9531167557519264,126.75301129306524,london,london_v5,v5,2026-03-17T21:11:42.681228,1,NeuralProphet,6,degraded,True,42,9,0,0
1682.0904947916667,1980.791486193789,4.3979751670503155,56.77858281485578,london,london_v5,v5,2026-03-17T21:11:55.676101,2,NeuralProphet,6,degraded,True,42,9,0,0
2014.8282063802083,2290.6963382403487,5.269030121078167,81.70006699432442,london,london_v5,v5,2026-03-17T21:12:08.744909,3,NeuralProphet,6,degraded,True,42,9,0,0
1469.1489919026692,1888.1873069748854,3.8391302976632757,166.99398977923155,london,london_v5,v5,2026-03-17T21:12:21.799324,4,NeuralProphet,6,degraded,True,42,9,0,0
1676.6813252766926,2102.3140776426326,4.3875003656718325,120.46804287614594,london,london_v5,v5,2026-03-17T21:12:34.817681,5,NeuralProphet,6,degraded,True,42,9,0,0
1480.5840454101562,1817.8348540261156,3.874982635291662,54.265520177660896,london,london_v5,v5,2026-03-17T21:12:47.900738,6,NeuralProphet,6,degraded,True,42,9,0,0
2072.6961263020835,2567.0661180426596,5.422179766899518,83.10891183539067,london,london_v5,v5,2026-03-17T21:13:01.072574,7,NeuralProphet,6,degraded,True,42,9,0,0
1004.6774241129557,1236.6350864656367,2.625909668056923,139.16985454231735,london,london_v5,v5,2026-03-17T21:13:13.891894,8,NeuralProphet,6,degraded,True,42,9,0,0
1162.2405203183491,1371.5633734961325,3.0383929514862587,140.3959790617182,london,london_v5,v5,2026-03-17T21:13:26.949593,9,NeuralProphet,6,degraded,True,42,9,0,0
954.3564961751302,1194.8690273555144,2.488755630030971,61.657911743322835,london,london_v5,v5,2026-03-17T21:13:40.103167,10,NeuralProphet,6,degraded,True,42,9,0,0
1535.5381164550781,1647.505407154984,3.99107867518222,107.59127421455679,london,london_v5,v5,2026-03-17T21:13:53.138464,11,NeuralProphet,6,degraded,True,42,9,0,0
775.7831522623698,911.7698762134349,2.012285876820392,111.50648265543401,london,london_v5,v5,2026-03-17T21:14:06.192109,12,NeuralProphet,6,degraded,True,42,9,0,0
1529.9411315917969,1947.9205973878147,3.97347514367632,149.92087108992135,london,london_v5,v5,2026-03-17T21:14:19.009290,13,NeuralProphet,6,degraded,True,42,9,0,0
1027.1256815592449,1160.5534992194785,2.65970363326623,58.129172323170444,london,london_v5,v5,2026-03-17T21:14:32.186639,14,NeuralProphet,6,degraded,True,42,9,0,0
1027.0435587565105,1187.2579508106026,2.648783172960465,79.05587535019681,london,london_v5,v5,2026-03-17T21:14:45.387571,15,NeuralProphet,6,degraded,True,42,9,0,0
1046.7427724202473,1151.362464172854,2.69482451786571,183.35670328839214,london,london_v5,v5,2026-03-17T21:14:58.521946,16,NeuralProphet,6,degraded,True,42,9,0,0
1672.726353963216,2242.1846237466652,4.3083689320501115,133.40569088233957,london,london_v5,v5,2026-03-17T21:15:11.652915,17,NeuralProphet,6,degraded,True,42,9,0,0
1232.391133626302,1376.1288159822834,3.173058479416049,62.672243876935184,london,london_v5,v5,2026-03-17T21:15:24.683115,18,NeuralProphet,6,degraded,True,42,9,0,0
1369.5162556966145,1470.7244429201376,3.5222661778003985,92.39888437866452,london,london_v5,v5,2026-03-17T21:15:37.891495,19,NeuralProphet,6,degraded,True,42,9,0,0
1064.267155090968,1209.7432766678794,2.7621860250159322,106.10751727886651,london,london_v5,v5,2026-03-17T21:15:51.308847,0,NeuralProphet,24,degraded,True,42,9,0,0
2186.274438858032,2793.617320546311,5.713098183701922,91.8315110554195,london,london_v5,v5,2026-03-17T21:16:04.299394,1,NeuralProphet,24,degraded,True,42,9,0,0
969.601329167684,1202.4755148527317,2.534231827365127,108.34520995899595,london,london_v5,v5,2026-03-17T21:16:17.508770,2,NeuralProphet,24,degraded,True,42,9,0,0
2635.987185796102,3215.153140672654,6.83742585797106,164.10754876470648,london,london_v5,v5,2026-03-17T21:16:30.542240,3,NeuralProphet,24,degraded,True,42,9,0,0
940.7987515131632,1242.501741921279,2.422073128905496,106.27549332021499,london,london_v5,v5,2026-03-17T21:16:43.775200,4,NeuralProphet,24,degraded,True,42,9,0,0
2002.0690797170002,2694.078346657656,5.1523213261653895,137.0201472850206,london,london_v5,v5,2026-03-17T21:16:56.894667,5,NeuralProphet,24,degraded,True,42,9,0,0
821.2591921488444,1125.1312406064685,2.100370203387867,68.97186781393248,london,london_v5,v5,2026-03-17T21:17:10.116287,6,NeuralProphet,24,degraded,True,42,9,0,0
619.598061243693,808.1444816556052,1.5842547421676305,57.52711081006917,london,london_v5,v5,2026-03-17T21:17:23.188972,7,NeuralProphet,24,degraded,True,42,9,0,0
706.9624950885773,951.223383248755,1.8213558537074257,63.531184691813344,london,london_v5,v5,2026-03-17T21:17:36.084508,8,NeuralProphet,24,degraded,True,42,9,0,0
807.3621776898702,971.3053131882847,2.078932922775675,89.7337982577457,london,london_v5,v5,2026-03-17T21:17:49.159083,9,NeuralProphet,24,degraded,True,42,9,0,0
715.4703248341879,969.2155690023754,1.8406823201738793,70.6024095224525,london,london_v5,v5,2026-03-17T21:18:02.268143,10,NeuralProphet,24,degraded,True,42,9,0,0
671.516286055247,846.35920542512,1.7178354010305232,78.07679663828598,london,london_v5,v5,2026-03-17T21:18:15.401643,11,NeuralProphet,24,degraded,True,42,9,0,0
501.77057758967084,657.224237568162,1.2831177702953502,69.85534812866932,london,london_v5,v5,2026-03-17T21:18:28.256396,12,NeuralProphet,24,degraded,True,42,9,0,0
895.5244938532511,1158.204754182288,2.2972350211735835,65.45054595933742,london,london_v5,v5,2026-03-17T21:18:41.341162,13,NeuralProphet,24,degraded,True,42,9,0,0
568.6776919364929,834.8556190565104,1.4467521403467094,47.82556915307908,london,london_v5,v5,2026-03-17T21:18:54.467992,14,NeuralProphet,24,degraded,True,42,9,0,0
614.0374539693197,825.0347019692581,1.575313056241952,58.62462341146657,london,london_v5,v5,2026-03-17T21:19:07.527190,15,NeuralProphet,24,degraded,True,42,9,0,0
835.1501237551371,1106.9619778848853,2.1432014333238496,72.62670065416663,london,london_v5,v5,2026-03-17T21:19:20.463531,16,NeuralProphet,24,degraded,True,42,9,0,0
1068.7519609133403,1469.057876012384,2.743622047812818,96.32216214569198,london,london_v5,v5,2026-03-17T21:19:33.577387,17,NeuralProphet,24,degraded,True,42,9,0,0
430.0551560719808,619.0285363992787,1.0868046257405324,52.891794076584276,london,london_v5,v5,2026-03-17T21:19:46.712759,18,NeuralProphet,24,degraded,True,42,9,0,0
873.4512174924215,1130.6202818385646,2.203872605322926,88.03747759110037,london,london_v5,v5,2026-03-17T21:19:59.801713,19,NeuralProphet,24,degraded,True,42,9,0,0
1203.0889680782955,1815.551032661233,3.122482469350152,87.26003987461411,london,london_v5,v5,2026-03-17T21:20:12.884423,0,NeuralProphet,48,degraded,True,42,9,0,0
2572.834418296814,3175.7467045517983,6.724577074358182,115.2212405124719,london,london_v5,v5,2026-03-17T21:20:25.932663,1,NeuralProphet,48,degraded,True,42,9,0,0
5046.94021320343,5911.922044628406,12.993276462082518,187.3277720885741,london,london_v5,v5,2026-03-17T21:20:39.046878,2,NeuralProphet,48,degraded,True,42,9,0,0
4050.0856329600015,5474.922876379792,10.358093115987593,126.7113641846414,london,london_v5,v5,2026-03-17T21:20:52.284342,3,NeuralProphet,48,degraded,True,42,9,0,0
638.6650331815084,862.0572315648217,1.6454002932611618,54.3606790717012,london,london_v5,v5,2026-03-17T21:21:05.084720,4,NeuralProphet,48,degraded,True,42,9,0,0
796.8461741606394,1132.4847609112076,2.0500370368479026,77.47773258521664,london,london_v5,v5,2026-03-17T21:21:18.055187,5,NeuralProphet,48,degraded,True,42,9,0,0
592.5232196648916,847.1399647500018,1.5151886268755357,57.305172261926806,london,london_v5,v5,2026-03-17T21:21:31.109718,6,NeuralProphet,48,degraded,True,42,9,0,0
1012.8718926111857,1301.8877661722624,2.5768103783749283,82.40572975693823,london,london_v5,v5,2026-03-17T21:21:44.103749,7,NeuralProphet,48,degraded,True,42,9,0,0
1211.9965504010518,1549.1125946559048,3.1102824152423745,93.37366147868428,london,london_v5,v5,2026-03-17T21:21:56.911562,8,NeuralProphet,48,degraded,True,42,9,0,0
858.6045815547308,1225.8170919541913,2.1698040768508107,85.77761801108146,london,london_v5,v5,2026-03-17T21:22:09.885485,9,NeuralProphet,48,degraded,True,42,9,0,0
818.4132725397745,1224.6760086596732,2.0574954318088134,67.1351375231083,london,london_v5,v5,2026-03-17T21:22:22.926677,10,NeuralProphet,48,degraded,True,42,9,0,0
745.6058257420858,999.0147403897212,1.8803079499182958,76.82820183348747,london,london_v5,v5,2026-03-17T21:22:35.953694,11,NeuralProphet,48,degraded,True,42,9,0,0
978.3285477956136,1374.0214812867885,2.4654703569049126,83.42220722180112,london,london_v5,v5,2026-03-17T21:22:48.928952,12,NeuralProphet,48,degraded,True,42,9,0,0
989.6198738416036,1419.3891165134426,2.4661793504539236,68.67506985317996,london,london_v5,v5,2026-03-17T21:23:01.805998,13,NeuralProphet,48,degraded,True,42,9,0,0
800.0301211675009,1018.4992761215915,1.980165449306709,69.31423061101164,london,london_v5,v5,2026-03-17T21:23:14.563041,14,NeuralProphet,48,degraded,True,42,9,0,0
944.5437049865723,1362.0407059160814,2.3554258683493887,84.49140926618914,london,london_v5,v5,2026-03-17T21:23:27.537601,15,NeuralProphet,48,degraded,True,42,9,0,0
806.4022961457571,1129.891355142793,1.982966844112233,77.02278384318171,london,london_v5,v5,2026-03-17T21:23:40.493636,16,NeuralProphet,48,degraded,True,42,9,0,0
874.6423425674438,1263.0076622567199,2.1525064435001213,62.52447850535409,london,london_v5,v5,2026-03-17T21:23:53.420244,17,NeuralProphet,48,degraded,True,42,9,0,0
689.4182924429575,891.3981836634721,1.7149394473142048,61.91958293823462,london,london_v5,v5,2026-03-17T21:24:06.207779,18,NeuralProphet,48,degraded,True,42,9,0,0
903.3860276540121,1263.3428126524118,2.252835746022119,73.85116926906309,london,london_v5,v5,2026-03-17T21:24:19.303965,19,NeuralProphet,48,degraded,True,42,9,0,0
1697.3873223123096,2205.411211707018,4.405378403629799,121.78811702384071,london,london_v5,v5,2026-03-17T21:24:32.745968,0,NeuralProphet,168,degraded,True,42,9,0,0
692.7437035753613,875.1792054668983,1.7712813614895813,77.86268085466726,london,london_v5,v5,2026-03-17T21:24:45.825560,1,NeuralProphet,168,degraded,True,42,9,0,0
719.6227612608955,957.929759562083,1.8307659766838122,71.88604043162074,london,london_v5,v5,2026-03-17T21:24:58.714063,2,NeuralProphet,168,degraded,True,42,9,0,0
739.0305476302192,971.4023972641879,1.851890017606244,70.63232819927006,london,london_v5,v5,2026-03-17T21:25:11.932186,3,NeuralProphet,168,degraded,True,42,9,0,0
690.9864869571868,903.8707747153894,1.7102700650991747,75.09683815373907,london,london_v5,v5,2026-03-17T21:25:25.026167,4,NeuralProphet,168,degraded,True,42,9,0,0
651.3452710310618,860.6937031537877,1.6050549962016976,69.12034477324327,london,london_v5,v5,2026-03-17T21:25:38.059103,5,NeuralProphet,168,degraded,True,42,9,0,0
678.3615334828695,848.9053813616745,1.671724992006723,77.03546184305323,london,london_v5,v5,2026-03-17T21:25:51.057235,6,NeuralProphet,168,degraded,True,42,9,0,0
741.612867241814,958.1629784423093,1.8307909691427444,80.15238838824735,london,london_v5,v5,2026-03-17T21:26:03.927584,7,NeuralProphet,168,degraded,True,42,9,0,0
727.8424724510738,964.0334993945362,1.8011720346288738,81.86080395162101,london,london_v5,v5,2026-03-17T21:26:17.069560,8,NeuralProphet,168,degraded,True,42,9,0,0
821.9602364188149,1086.3645163905603,2.0185218406586927,90.57311935056886,london,london_v5,v5,2026-03-17T21:26:30.046995,9,NeuralProphet,168,degraded,True,42,9,0,0
687.2470369026775,933.4236921436624,1.7069909207161464,79.63218769537733,london,london_v5,v5,2026-03-17T21:26:42.948655,10,NeuralProphet,168,degraded,True,42,9,0,0
680.2811120634988,884.8237248049704,1.7252393528557655,83.99859009061045,london,london_v5,v5,2026-03-17T21:26:55.727964,11,NeuralProphet,168,degraded,True,42,9,0,0
759.2188377493903,966.1792093178484,1.9469123471131193,95.45103895497175,london,london_v5,v5,2026-03-17T21:27:08.695835,12,NeuralProphet,168,degraded,True,42,9,0,0
999.7276922577903,1232.8155914801146,2.5328553047494777,114.28089952179535,london,london_v5,v5,2026-03-17T21:27:21.601643,13,NeuralProphet,168,degraded,True,42,9,0,0
971.5613201260567,1259.4786475131482,2.483473233409271,102.04805475724244,london,london_v5,v5,2026-03-17T21:27:34.534190,14,NeuralProphet,168,degraded,True,42,9,0,0
597.3026854197184,759.5978428361351,1.55696933647074,82.34152287383819,london,london_v5,v5,2026-03-17T21:27:47.308965,15,NeuralProphet,168,degraded,True,42,9,0,0
507.067277942385,656.0131102145124,1.338024562539702,71.2831962450849,london,london_v5,v5,2026-03-17T21:28:00.303295,16,NeuralProphet,168,degraded,True,42,9,0,0
560.3082998139517,746.6903728535192,1.5176588030231188,82.87635342188085,london,london_v5,v5,2026-03-17T21:28:13.416083,17,NeuralProphet,168,degraded,True,42,9,0,0
822.0633793785458,1105.8415029330465,2.2884643545970653,98.85350552048608,london,london_v5,v5,2026-03-17T21:28:26.548283,18,NeuralProphet,168,degraded,True,42,9,0,0
976.7805861745562,1376.523745711212,2.696724733292332,127.58303948909087,london,london_v5,v5,2026-03-17T21:28:39.469383,19,NeuralProphet,168,degraded,True,42,9,0,0
