MAE,RMSE,MASE,sMAPE,dataset,run_name,timestamp,fold,model,horizon,weather_scenario,model_uses_covariates,degradation_seed,num_weather_vars,test_imputed,train_imputed
87.66666666666667,127.57873386004948,0.4795218206805169,5.328714493154707,SeoulBikeData,seoul_bike_baseline_v3,2026-01-04T21:00:29.203866,0,Seasonal_Naive,6,clean_only,False,42,0,0,48
220.66666666666663,232.8926791464257,1.2079340880746223,49.70564681573814,SeoulBikeData,seoul_bike_baseline_v3,2026-01-04T21:00:29.204111,1,Seasonal_Naive,6,clean_only,False,42,0,0,48
479.5,645.2672572921497,2.623991935483871,63.23394422662844,SeoulBikeData,seoul_bike_baseline_v3,2026-01-04T21:00:29.204332,2,Seasonal_Naive,6,clean_only,False,42,0,0,48
197.66666666666663,231.14641824321367,1.0791309527145718,12.053821594304456,SeoulBikeData,seoul_bike_baseline_v3,2026-01-04T21:00:29.204557,3,Seasonal_Naive,6,clean_only,False,42,0,0,48
387.3333333333333,426.2096510717075,2.1143421052047207,18.86024445943431,SeoulBikeData,seoul_bike_baseline_v3,2026-01-04T21:00:29.204782,4,Seasonal_Naive,6,clean_only,False,42,0,0,48
285.8333333333333,297.08893169105664,1.5577441522429147,60.876400995128066,SeoulBikeData,seoul_bike_baseline_v3,2026-01-04T21:00:29.205288,5,Seasonal_Naive,6,clean_only,False,42,0,0,48
392.3333333333333,543.5460728708591,2.1364115055310973,45.26818970175377,SeoulBikeData,seoul_bike_baseline_v3,2026-01-04T21:00:29.205597,6,Seasonal_Naive,6,clean_only,False,42,0,0,48
756.1666666666666,973.3254851281764,4.110817603249592,72.14009228305814,SeoulBikeData,seoul_bike_baseline_v3,2026-01-04T21:00:29.205853,7,Seasonal_Naive,6,clean_only,False,42,0,0,48
2259.1666666666665,2293.0354336555724,12.226337418836035,192.909383047469,SeoulBikeData,seoul_bike_baseline_v3,2026-01-04T21:00:29.206076,8,Seasonal_Naive,6,clean_only,False,42,0,0,48
678.8333333333334,766.3224952111655,3.6147663912357575,172.08822140036025,SeoulBikeData,seoul_bike_baseline_v3,2026-01-04T21:00:29.206296,9,Seasonal_Naive,6,clean_only,False,42,0,0,48
464.8333333333333,654.2347947538916,2.4658627914309785,50.24236453357824,SeoulBikeData,seoul_bike_baseline_v3,2026-01-04T21:00:29.206601,10,Seasonal_Naive,6,clean_only,False,42,0,0,48
785.1666666666666,895.5775603858476,4.156345308589869,79.804067124332,SeoulBikeData,seoul_bike_baseline_v3,2026-01-04T21:00:29.206825,11,Seasonal_Naive,6,clean_only,False,42,0,0,48
2137.6666666666665,2195.155195728387,11.264450888485182,192.36699438776964,SeoulBikeData,seoul_bike_baseline_v3,2026-01-04T21:00:29.207044,12,Seasonal_Naive,6,clean_only,False,42,0,0,48
506.0,601.8108783773631,2.6273893676345685,160.91354814681463,SeoulBikeData,seoul_bike_baseline_v3,2026-01-04T21:00:29.207261,13,Seasonal_Naive,6,clean_only,False,42,0,0,48
75.33333333333333,87.79141947441865,0.3902493531373616,12.05588642829964,SeoulBikeData,seoul_bike_baseline_v3,2026-01-04T21:00:29.207476,14,Seasonal_Naive,6,clean_only,False,42,0,0,48
116.33333333333331,118.78973019583806,0.6031717761738997,9.877831906403005,SeoulBikeData,seoul_bike_baseline_v3,2026-01-04T21:00:29.208066,15,Seasonal_Naive,6,clean_only,False,42,0,0,48
136.33333333333334,165.10905486980417,0.7072728622691106,6.061264881847581,SeoulBikeData,seoul_bike_baseline_v3,2026-01-04T21:00:29.208391,16,Seasonal_Naive,6,clean_only,False,42,0,0,48
32.0,35.95367389665021,0.1660801237147748,8.06142578255801,SeoulBikeData,seoul_bike_baseline_v3,2026-01-04T21:00:29.208634,17,Seasonal_Naive,6,clean_only,False,42,0,0,48
66.0,83.25462950090723,0.342950673793814,5.510504202302691,SeoulBikeData,seoul_bike_baseline_v3,2026-01-04T21:00:29.208862,18,Seasonal_Naive,6,clean_only,False,42,0,0,48
63.666666666666664,77.55643106796495,0.3311379400154944,5.335742691809486,SeoulBikeData,seoul_bike_baseline_v3,2026-01-04T21:00:29.209163,19,Seasonal_Naive,6,clean_only,False,42,0,0,48
246.375,367.53021417746504,1.3476295274163008,32.58053178245643,SeoulBikeData,seoul_bike_baseline_v3,2026-01-04T21:00:30.240188,0,Seasonal_Naive,24,clean_only,False,42,0,0,48
455.4166666666667,614.9636845646525,2.485989587982745,49.286231859843575,SeoulBikeData,seoul_bike_baseline_v3,2026-01-04T21:00:30.240407,1,Seasonal_Naive,24,clean_only,False,42,0,0,48
1047.0,1329.975939631992,5.666237673561636,123.76100902643488,SeoulBikeData,seoul_bike_baseline_v3,2026-01-04T21:00:30.240618,2,Seasonal_Naive,24,clean_only,False,42,0,0,48
708.8333333333334,1140.4715033704265,3.735202684291867,93.8035652173217,SeoulBikeData,seoul_bike_baseline_v3,2026-01-04T21:00:30.240824,3,Seasonal_Naive,24,clean_only,False,42,0,0,48
74.5,101.8577439373168,0.3864926276702841,6.242234389629441,SeoulBikeData,seoul_bike_baseline_v3,2026-01-04T21:00:30.241032,4,Seasonal_Naive,24,clean_only,False,42,0,0,48
221.04166666666663,338.060460568816,1.1507655296347203,22.793424935974897,SeoulBikeData,seoul_bike_baseline_v3,2026-01-04T21:00:30.241488,5,Seasonal_Naive,24,clean_only,False,42,0,0,48
177.45833333333334,266.4492603354968,0.9230741991136944,14.634451180879497,SeoulBikeData,seoul_bike_baseline_v3,2026-01-04T21:00:30.241782,6,Seasonal_Naive,24,clean_only,False,42,0,0,48
390.5833333333333,531.0757949671591,2.032558351176635,39.68254840899721,SeoulBikeData,seoul_bike_baseline_v3,2026-01-04T21:00:30.242051,7,Seasonal_Naive,24,clean_only,False,42,0,0,48
173.29166666666666,278.8645878080136,0.8965837578148472,15.098236160234167,SeoulBikeData,seoul_bike_baseline_v3,2026-01-04T21:00:30.242284,8,Seasonal_Naive,24,clean_only,False,42,0,0,48
376.4583333333333,696.9065874754426,1.948863837530889,28.772249337076357,SeoulBikeData,seoul_bike_baseline_v3,2026-01-04T21:00:30.242547,9,Seasonal_Naive,24,clean_only,False,42,0,0,48
367.125,681.498379797536,1.890564461340628,28.23350729882746,SeoulBikeData,seoul_bike_baseline_v3,2026-01-04T21:00:30.243062,10,Seasonal_Naive,24,clean_only,False,42,0,0,48
83.0,95.90967973393856,0.425324690669515,8.764141100118366,SeoulBikeData,seoul_bike_baseline_v3,2026-01-04T21:00:30.243296,11,Seasonal_Naive,24,clean_only,False,42,0,0,48
217.625,351.95543041697766,1.1187343517191302,21.351267939188276,SeoulBikeData,seoul_bike_baseline_v3,2026-01-04T21:00:30.243516,12,Seasonal_Naive,24,clean_only,False,42,0,0,48
126.83333333333331,205.099163008206,0.6515825697657299,12.004811593354326,SeoulBikeData,seoul_bike_baseline_v3,2026-01-04T21:00:30.243728,13,Seasonal_Naive,24,clean_only,False,42,0,0,48
296.75,459.33611513429537,1.5273945456646778,32.88990084003342,SeoulBikeData,seoul_bike_baseline_v3,2026-01-04T21:00:30.243959,14,Seasonal_Naive,24,clean_only,False,42,0,0,48
123.29166666666669,239.64165956694592,0.6327846922728106,9.38337043396394,SeoulBikeData,seoul_bike_baseline_v3,2026-01-04T21:00:30.244377,15,Seasonal_Naive,24,clean_only,False,42,0,0,48
346.125,472.2325962912768,1.7799787754244916,32.49615701017332,SeoulBikeData,seoul_bike_baseline_v3,2026-01-04T21:00:30.244640,16,Seasonal_Naive,24,clean_only,False,42,0,0,48
442.8333333333333,552.1279290164554,2.267836088218812,38.6388867977925,SeoulBikeData,seoul_bike_baseline_v3,2026-01-04T21:00:30.244884,17,Seasonal_Naive,24,clean_only,False,42,0,0,48
174.66666666666666,276.3242358775888,0.8885009618507883,13.53739860286551,SeoulBikeData,seoul_bike_baseline_v3,2026-01-04T21:00:30.245131,18,Seasonal_Naive,24,clean_only,False,42,0,0,48
324.4166666666667,437.58256363799507,1.6512305234856992,27.027181331563497,SeoulBikeData,seoul_bike_baseline_v3,2026-01-04T21:00:30.245395,19,Seasonal_Naive,24,clean_only,False,42,0,0,48
304.4583333333333,509.4467178550995,1.6653355245782022,32.64553138944647,SeoulBikeData,seoul_bike_baseline_v3,2026-01-04T21:00:30.443102,0,Seasonal_Naive,48,clean_only,False,42,0,0,48
730.2083333333334,1025.605573145284,3.9517993962578672,84.40408627716306,SeoulBikeData,seoul_bike_baseline_v3,2026-01-04T21:00:30.443326,1,Seasonal_Naive,48,clean_only,False,42,0,0,48
169.85416666666666,281.4810162337773,0.8811729288019647,16.624524449569783,SeoulBikeData,seoul_bike_baseline_v3,2026-01-04T21:00:30.443536,2,Seasonal_Naive,48,clean_only,False,42,0,0,48
240.875,360.91232776580705,1.2529448098324176,23.63672848924871,SeoulBikeData,seoul_bike_baseline_v3,2026-01-04T21:00:30.443742,3,Seasonal_Naive,48,clean_only,False,42,0,0,48
225.60416666666663,422.2179285234897,1.167240383911635,20.411920167276087,SeoulBikeData,seoul_bike_baseline_v3,2026-01-04T21:00:30.443980,4,Seasonal_Naive,48,clean_only,False,42,0,0,48
379.3333333333333,674.6584320973095,1.953433078656801,31.138243701136915,SeoulBikeData,seoul_bike_baseline_v3,2026-01-04T21:00:30.444496,5,Seasonal_Naive,48,clean_only,False,42,0,0,48
258.8333333333333,407.8882097666794,1.3305720453530991,24.627786013479984,SeoulBikeData,seoul_bike_baseline_v3,2026-01-04T21:00:30.444788,6,Seasonal_Naive,48,clean_only,False,42,0,0,48
324.4375,499.4833372262449,1.6699041884046637,32.30736739508066,SeoulBikeData,seoul_bike_baseline_v3,2026-01-04T21:00:30.445088,7,Seasonal_Naive,48,clean_only,False,42,0,0,48
251.0,401.77885708434184,1.2907899534317009,20.797186654541655,SeoulBikeData,seoul_bike_baseline_v3,2026-01-04T21:00:30.445374,8,Seasonal_Naive,48,clean_only,False,42,0,0,48
327.5416666666667,451.37369034241834,1.6661512550355553,26.099362494346952,SeoulBikeData,seoul_bike_baseline_v3,2026-01-04T21:00:30.445652,9,Seasonal_Naive,48,clean_only,False,42,0,0,48
540.6875,752.8769128040342,2.7426007300603725,50.40030042535718,SeoulBikeData,seoul_bike_baseline_v3,2026-01-04T21:00:30.446071,10,Seasonal_Naive,48,clean_only,False,42,0,0,48
457.2291666666667,605.2055952319014,2.265943916477453,36.45494476053126,SeoulBikeData,seoul_bike_baseline_v3,2026-01-04T21:00:30.446340,11,Seasonal_Naive,48,clean_only,False,42,0,0,48
557.125,633.6474440359823,2.710547101472026,53.81520073737674,SeoulBikeData,seoul_bike_baseline_v3,2026-01-04T21:00:30.446646,12,Seasonal_Naive,48,clean_only,False,42,0,0,48
455.9375,569.3243254068809,2.1876810052630073,42.58833000622491,SeoulBikeData,seoul_bike_baseline_v3,2026-01-04T21:00:30.446907,13,Seasonal_Naive,48,clean_only,False,42,0,0,48
447.2708333333333,617.1485673374497,2.136912310546182,38.939913192240546,SeoulBikeData,seoul_bike_baseline_v3,2026-01-04T21:00:30.447155,14,Seasonal_Naive,48,clean_only,False,42,0,0,48
277.2708333333333,644.6350227066475,1.3158388747465686,15.816255774050672,SeoulBikeData,seoul_bike_baseline_v3,2026-01-04T21:00:30.447506,15,Seasonal_Naive,48,clean_only,False,42,0,0,48
167.72916666666666,292.7045225137459,0.7975131965015806,15.43987364430161,SeoulBikeData,seoul_bike_baseline_v3,2026-01-04T21:00:30.447776,16,Seasonal_Naive,48,clean_only,False,42,0,0,48
370.4166666666667,466.06718936222063,1.7648927921027002,32.98323861513485,SeoulBikeData,seoul_bike_baseline_v3,2026-01-04T21:00:30.448054,17,Seasonal_Naive,48,clean_only,False,42,0,0,48
669.0416666666666,938.9846910360149,3.1738481752699195,85.89286204837362,SeoulBikeData,seoul_bike_baseline_v3,2026-01-04T21:00:30.448319,18,Seasonal_Naive,48,clean_only,False,42,0,0,48
479.125,843.4618396821518,2.198634413363183,56.445237518247225,SeoulBikeData,seoul_bike_baseline_v3,2026-01-04T21:00:30.448563,19,Seasonal_Naive,48,clean_only,False,42,0,0,48
344.4642857142857,585.835473815774,1.884161309260016,37.83775475927181,SeoulBikeData,seoul_bike_baseline_v3,2026-01-04T21:00:30.630354,0,Seasonal_Naive,168,clean_only,False,42,0,0,48
368.2916666666667,520.4131314455395,1.916554647541101,32.795717766043154,SeoulBikeData,seoul_bike_baseline_v3,2026-01-04T21:00:30.630758,1,Seasonal_Naive,168,clean_only,False,42,0,0,48
316.625,500.9724650260588,1.6296926639294984,30.255048348864328,SeoulBikeData,seoul_bike_baseline_v3,2026-01-04T21:00:30.631030,2,Seasonal_Naive,168,clean_only,False,42,0,0,48
606.2083333333334,841.5800509415947,3.0414578457648456,60.834868548188616,SeoulBikeData,seoul_bike_baseline_v3,2026-01-04T21:00:30.631287,3,Seasonal_Naive,168,clean_only,False,42,0,0,48
355.9047619047619,516.1451438537512,1.7003953989762952,29.6489150349873,SeoulBikeData,seoul_bike_baseline_v3,2026-01-04T21:00:30.631520,4,Seasonal_Naive,168,clean_only,False,42,0,0,48
498.2202380952381,737.3498999796501,2.3676787662099192,63.82515214821621,SeoulBikeData,seoul_bike_baseline_v3,2026-01-04T21:00:30.631837,5,Seasonal_Naive,168,clean_only,False,42,0,0,48
835.6011904761905,1046.1985806901553,3.680596609554754,129.97849293362194,SeoulBikeData,seoul_bike_baseline_v3,2026-01-04T21:00:30.632089,6,Seasonal_Naive,168,clean_only,False,42,0,0,48
442.6369047619048,666.9438962268758,1.918225789032613,47.2341214645173,SeoulBikeData,seoul_bike_baseline_v3,2026-01-04T21:00:30.632334,7,Seasonal_Naive,168,clean_only,False,42,0,0,48
227.66666666666663,376.411280889604,0.960996110364353,23.321202857413827,SeoulBikeData,seoul_bike_baseline_v3,2026-01-04T21:00:30.632707,8,Seasonal_Naive,168,clean_only,False,42,0,0,48
246.17261904761904,394.3246713414866,1.0519625890756896,27.705801798595623,SeoulBikeData,seoul_bike_baseline_v3,2026-01-04T21:00:30.633010,9,Seasonal_Naive,168,clean_only,False,42,0,0,48
238.69642857142856,390.0977670496755,1.030541726913103,27.489309546109457,SeoulBikeData,seoul_bike_baseline_v3,2026-01-04T21:00:30.633359,10,Seasonal_Naive,168,clean_only,False,42,0,0,48
235.7321428571429,381.0694459269171,1.030649155929936,30.628347891810332,SeoulBikeData,seoul_bike_baseline_v3,2026-01-04T21:00:30.633663,11,Seasonal_Naive,168,clean_only,False,42,0,0,48
279.07142857142856,407.1382414107616,1.2331813411425705,30.771621632681978,SeoulBikeData,seoul_bike_baseline_v3,2026-01-04T21:00:30.633936,12,Seasonal_Naive,168,clean_only,False,42,0,0,48
299.55357142857144,465.71879288645744,1.321383161980123,37.999835504113506,SeoulBikeData,seoul_bike_baseline_v3,2026-01-04T21:00:30.634210,13,Seasonal_Naive,168,clean_only,False,42,0,0,48
455.9107142857143,673.0291288891837,1.982993431569818,63.209341091258985,SeoulBikeData,seoul_bike_baseline_v3,2026-01-04T21:00:30.634517,14,Seasonal_Naive,168,clean_only,False,42,0,0,48
434.5178571428572,612.5702535025599,1.8515647960261976,42.88622943490357,SeoulBikeData,seoul_bike_baseline_v3,2026-01-04T21:00:30.635123,15,Seasonal_Naive,168,clean_only,False,42,0,0,48
348.14285714285717,535.5528629814419,1.4604996768146514,32.24856032058178,SeoulBikeData,seoul_bike_baseline_v3,2026-01-04T21:00:30.635485,16,Seasonal_Naive,168,clean_only,False,42,0,0,48
448.9940476190476,646.5459002967045,1.8903605361367275,57.71599675525343,SeoulBikeData,seoul_bike_baseline_v3,2026-01-04T21:00:30.635782,17,Seasonal_Naive,168,clean_only,False,42,0,48,48
243.8154761904762,356.7438807163641,1.0116907548419896,32.5538879554835,SeoulBikeData,seoul_bike_baseline_v3,2026-01-04T21:00:30.636079,18,Seasonal_Naive,168,clean_only,False,42,0,41,96
395.2559523809524,598.6369487665887,1.621881379030294,52.17138066810749,SeoulBikeData,seoul_bike_baseline_v3,2026-01-04T21:00:30.636373,19,Seasonal_Naive,168,clean_only,False,42,0,62,137
342.7716660572681,430.4548292334522,1.8749029663742436,18.03423917823265,SeoulBikeData,seoul_bike_baseline_v3,2026-01-04T21:00:31.407188,0,ARIMA,6,clean_only,False,42,0,0,48
890.0321648319401,938.6523399430446,4.872055247960808,109.9147201620272,SeoulBikeData,seoul_bike_baseline_v3,2026-01-04T21:00:31.959651,1,ARIMA,6,clean_only,False,42,0,0,48
833.17817272614,976.0851845344664,4.55944276549443,140.2865420798063,SeoulBikeData,seoul_bike_baseline_v3,2026-01-04T21:00:32.456354,2,ARIMA,6,clean_only,False,42,0,0,48
420.49616318300394,471.37263290106415,2.2956345287782316,32.066793303044555,SeoulBikeData,seoul_bike_baseline_v3,2026-01-04T21:00:32.894105,3,ARIMA,6,clean_only,False,42,0,0,48
485.23170202150976,611.780157850734,2.6487413555014507,22.14087896168271,SeoulBikeData,seoul_bike_baseline_v3,2026-01-04T21:00:33.408047,4,ARIMA,6,clean_only,False,42,0,0,48
972.3163053444828,1040.1549367039486,5.298962234801649,86.53210990054333,SeoulBikeData,seoul_bike_baseline_v3,2026-01-04T21:00:33.833358,5,ARIMA,6,clean_only,False,42,0,0,48
442.13649086541136,549.0023108693036,2.407609565250662,97.64753651319197,SeoulBikeData,seoul_bike_baseline_v3,2026-01-04T21:00:34.439107,6,ARIMA,6,clean_only,False,42,0,0,48
666.9863623773126,753.5106693072414,3.625998606464274,76.16271314597269,SeoulBikeData,seoul_bike_baseline_v3,2026-01-04T21:00:35.000694,7,ARIMA,6,clean_only,False,42,0,0,48
203.6586571729869,219.7547434001405,1.102176080057834,137.8344641049466,SeoulBikeData,seoul_bike_baseline_v3,2026-01-04T21:00:35.449535,8,ARIMA,6,clean_only,False,42,0,0,48
88.94587149894171,105.5841522170629,0.4736339999021099,99.76513661825516,SeoulBikeData,seoul_bike_baseline_v3,2026-01-04T21:00:35.999757,9,ARIMA,6,clean_only,False,42,0,0,48
927.06765114751,1110.0398689351896,4.917938241887327,175.15651060109798,SeoulBikeData,seoul_bike_baseline_v3,2026-01-04T21:00:36.442700,10,ARIMA,6,clean_only,False,42,0,0,48
309.9501346215988,343.0961684300825,1.640746917339776,27.608157131114417,SeoulBikeData,seoul_bike_baseline_v3,2026-01-04T21:00:36.702045,11,ARIMA,6,clean_only,False,42,0,0,48
660.6519206875047,826.2801292782545,3.4813103609704372,33.04486435879191,SeoulBikeData,seoul_bike_baseline_v3,2026-01-04T21:00:37.193644,12,ARIMA,6,clean_only,False,42,0,0,48
869.1454811908328,934.3472275830349,4.513011059700444,95.97708680373918,SeoulBikeData,seoul_bike_baseline_v3,2026-01-04T21:00:37.675195,13,ARIMA,6,clean_only,False,42,0,0,48
947.92849827915,1117.2190695895729,4.910555087706756,148.6029812461921,SeoulBikeData,seoul_bike_baseline_v3,2026-01-04T21:00:38.121982,14,ARIMA,6,clean_only,False,42,0,0,48
156.27918096394478,221.12333899862776,0.8102853108397553,14.054368242901832,SeoulBikeData,seoul_bike_baseline_v3,2026-01-04T21:00:38.643687,15,ARIMA,6,clean_only,False,42,0,0,48
534.9627449274901,653.0677136414787,2.7752906978890417,27.871306401472868,SeoulBikeData,seoul_bike_baseline_v3,2026-01-04T21:00:39.156033,16,ARIMA,6,clean_only,False,42,0,0,48
990.7721724255504,1048.0506998926758,5.142111405299737,98.46923254158524,SeoulBikeData,seoul_bike_baseline_v3,2026-01-04T21:00:39.718665,17,ARIMA,6,clean_only,False,42,0,0,48
866.0357031200087,1026.7601452892957,4.500114059310704,140.23515922548816,SeoulBikeData,seoul_bike_baseline_v3,2026-01-04T21:00:39.915702,18,ARIMA,6,clean_only,False,42,0,0,48
251.87849011431317,318.5726937250427,1.3100501206911006,22.57245279647535,SeoulBikeData,seoul_bike_baseline_v3,2026-01-04T21:00:40.379512,19,ARIMA,6,clean_only,False,42,0,0,48
985.97833947236,1167.6189798874152,5.393134545574208,69.84073781471959,SeoulBikeData,seoul_bike_baseline_v3,2026-01-04T21:00:41.138214,0,ARIMA,24,clean_only,False,42,0,0,48
887.2341069359389,1041.6297227823654,4.843157735288374,72.33364055010763,SeoulBikeData,seoul_bike_baseline_v3,2026-01-04T21:00:41.664725,1,ARIMA,24,clean_only,False,42,0,0,48
546.5276472985182,725.2734418507284,2.957741685545244,131.12926729214053,SeoulBikeData,seoul_bike_baseline_v3,2026-01-04T21:00:42.149396,2,ARIMA,24,clean_only,False,42,0,0,48
670.4445020933736,792.2329567665378,3.5329124437637804,56.3212456622047,SeoulBikeData,seoul_bike_baseline_v3,2026-01-04T21:00:42.705287,3,ARIMA,24,clean_only,False,42,0,0,48
630.5643380381415,741.423838070533,3.271254603000464,53.79678125881432,SeoulBikeData,seoul_bike_baseline_v3,2026-01-04T21:00:43.305240,4,ARIMA,24,clean_only,False,42,0,0,48
623.422157864784,764.2520112516253,3.2455995310746317,52.953932845995155,SeoulBikeData,seoul_bike_baseline_v3,2026-01-04T21:00:43.809457,5,ARIMA,24,clean_only,False,42,0,0,48
682.973895637168,857.0154657217166,3.552583696064834,58.28993207421862,SeoulBikeData,seoul_bike_baseline_v3,2026-01-04T21:00:44.315669,6,ARIMA,24,clean_only,False,42,0,0,48
1029.883495775645,1213.461490351251,5.35941531916648,71.04051238318343,SeoulBikeData,seoul_bike_baseline_v3,2026-01-04T21:00:44.858019,7,ARIMA,24,clean_only,False,42,0,0,48
674.2174051523983,792.0316842839369,3.488294540201275,53.4604167864146,SeoulBikeData,seoul_bike_baseline_v3,2026-01-04T21:00:45.171357,8,ARIMA,24,clean_only,False,42,0,0,48
795.0092623333156,894.7831336363123,4.115634227418281,69.40853318974328,SeoulBikeData,seoul_bike_baseline_v3,2026-01-04T21:00:45.741809,9,ARIMA,24,clean_only,False,42,0,0,48
710.7714300608724,825.0455715949512,3.660222555830687,55.08041367483134,SeoulBikeData,seoul_bike_baseline_v3,2026-01-04T21:00:46.272514,10,ARIMA,24,clean_only,False,42,0,0,48
667.6135413666854,766.6519822311236,3.4211147345610233,51.44404597735976,SeoulBikeData,seoul_bike_baseline_v3,2026-01-04T21:00:46.833824,11,ARIMA,24,clean_only,False,42,0,0,48
636.5148941219871,754.143305954947,3.2721014471459258,50.587773811200286,SeoulBikeData,seoul_bike_baseline_v3,2026-01-04T21:00:47.196780,12,ARIMA,24,clean_only,False,42,0,0,48
736.4948943125182,860.6120924701128,3.783605013315298,58.98501453064754,SeoulBikeData,seoul_bike_baseline_v3,2026-01-04T21:00:47.683603,13,ARIMA,24,clean_only,False,42,0,0,48
774.7639896384325,893.5030050910225,3.987768464873283,58.351226219825435,SeoulBikeData,seoul_bike_baseline_v3,2026-01-04T21:00:48.297030,14,ARIMA,24,clean_only,False,42,0,0,48
765.8786902802212,871.997839517635,3.9308115824043774,56.304574142207976,SeoulBikeData,seoul_bike_baseline_v3,2026-01-04T21:00:48.657725,15,ARIMA,24,clean_only,False,42,0,0,48
664.5397498900081,786.9732385912536,3.4174551108128988,51.05507567761342,SeoulBikeData,seoul_bike_baseline_v3,2026-01-04T21:00:49.180599,16,ARIMA,24,clean_only,False,42,0,0,48
827.5692685428356,986.1555496014414,4.238144040727787,60.26428567458299,SeoulBikeData,seoul_bike_baseline_v3,2026-01-04T21:00:49.532629,17,ARIMA,24,clean_only,False,42,0,0,48
606.8458134376364,751.0023346741209,3.0869260816858626,46.77010451138132,SeoulBikeData,seoul_bike_baseline_v3,2026-01-04T21:00:49.895818,18,ARIMA,24,clean_only,False,42,0,0,48
727.9097385494839,854.3224481052074,3.704947686520635,51.83317248612486,SeoulBikeData,seoul_bike_baseline_v3,2026-01-04T21:00:50.297644,19,ARIMA,24,clean_only,False,42,0,0,48
1026.308797222758,1218.9080467906042,5.613735319673252,73.74043965642826,SeoulBikeData,seoul_bike_baseline_v3,2026-01-04T21:00:51.141105,0,ARIMA,48,clean_only,False,42,0,0,48
774.3354510240133,1014.8531730062736,4.190610033014905,124.2106033336248,SeoulBikeData,seoul_bike_baseline_v3,2026-01-04T21:00:51.619017,1,ARIMA,48,clean_only,False,42,0,0,48
618.7317010683136,741.9993296386126,3.20986900629258,53.024598785723,SeoulBikeData,seoul_bike_baseline_v3,2026-01-04T21:00:52.148623,2,ARIMA,48,clean_only,False,42,0,0,48
709.8679515143926,857.1314697362644,3.692476867737742,59.28915727939283,SeoulBikeData,seoul_bike_baseline_v3,2026-01-04T21:00:52.648566,3,ARIMA,48,clean_only,False,42,0,0,48
675.5214584595434,780.3243958934784,3.4950415063826323,58.56890939612747,SeoulBikeData,seoul_bike_baseline_v3,2026-01-04T21:00:52.948753,4,ARIMA,48,clean_only,False,42,0,0,48
695.8495124623608,802.0194509400168,3.5833799351788675,53.62886817526296,SeoulBikeData,seoul_bike_baseline_v3,2026-01-04T21:00:53.466719,5,ARIMA,48,clean_only,False,42,0,0,48
644.8256588142526,756.118888668466,3.3148241947635793,53.02494646552819,SeoulBikeData,seoul_bike_baseline_v3,2026-01-04T21:00:53.801872,6,ARIMA,48,clean_only,False,42,0,0,48
806.695308979025,917.8072835864776,4.1521213646094175,58.90722190361589,SeoulBikeData,seoul_bike_baseline_v3,2026-01-04T21:00:54.406947,7,ARIMA,48,clean_only,False,42,0,0,48
627.0808387682386,740.4125441198942,3.224819309448472,50.55956252089142,SeoulBikeData,seoul_bike_baseline_v3,2026-01-04T21:00:54.938316,8,ARIMA,48,clean_only,False,42,0,0,48
646.3739572755204,783.8798045492267,3.287999328747712,48.72298542865573,SeoulBikeData,seoul_bike_baseline_v3,2026-01-04T21:00:55.277547,9,ARIMA,48,clean_only,False,42,0,0,48
1226.374696374498,1428.2565024702028,6.220702601048231,83.93559235095407,SeoulBikeData,seoul_bike_baseline_v3,2026-01-04T21:00:55.793265,10,ARIMA,48,clean_only,False,42,0,0,48
617.6598327172998,781.5570326833453,3.0610088822670907,51.54079799914445,SeoulBikeData,seoul_bike_baseline_v3,2026-01-04T21:00:56.108960,11,ARIMA,48,clean_only,False,42,0,0,48
1372.5332014443636,1551.3702796429852,6.677704089475683,86.50835002528058,SeoulBikeData,seoul_bike_baseline_v3,2026-01-04T21:00:56.694337,12,ARIMA,48,clean_only,False,42,0,0,48
723.7220062448827,851.0248997478495,3.4725656173330015,53.27748455377154,SeoulBikeData,seoul_bike_baseline_v3,2026-01-04T21:00:57.036388,13,ARIMA,48,clean_only,False,42,0,0,48
1001.8585215157927,1150.047986873442,4.786549107388762,66.55372080059294,SeoulBikeData,seoul_bike_baseline_v3,2026-01-04T21:00:57.406089,14,ARIMA,48,clean_only,False,42,0,0,48
718.2059789315971,843.211492761749,3.408376336567233,51.848847100100905,SeoulBikeData,seoul_bike_baseline_v3,2026-01-04T21:00:57.834261,15,ARIMA,48,clean_only,False,42,0,0,48
654.08926143721,795.4425836193243,3.110042385906729,48.05179539547653,SeoulBikeData,seoul_bike_baseline_v3,2026-01-04T21:00:58.279783,16,ARIMA,48,clean_only,False,42,0,0,48
814.0754365725858,937.6507299763388,3.87875600513336,62.38608626184442,SeoulBikeData,seoul_bike_baseline_v3,2026-01-04T21:00:58.739579,17,ARIMA,48,clean_only,False,42,0,0,48
967.8631044304076,1072.0352258304663,4.591418892058336,109.34438056291968,SeoulBikeData,seoul_bike_baseline_v3,2026-01-04T21:00:59.173115,18,ARIMA,48,clean_only,False,42,0,0,48
771.9536648607069,864.6422331167877,3.5423822448934614,66.6851865958077,SeoulBikeData,seoul_bike_baseline_v3,2026-01-04T21:00:59.684940,19,ARIMA,48,clean_only,False,42,0,0,48
1092.920025774058,1270.0317903308514,5.9780874595137705,79.57433524961523,SeoulBikeData,seoul_bike_baseline_v3,2026-01-04T21:01:00.434600,0,ARIMA,168,clean_only,False,42,0,0,48
1035.8535347795837,1199.4208936421262,5.390482831778313,69.72532956666866,SeoulBikeData,seoul_bike_baseline_v3,2026-01-04T21:01:00.921550,1,ARIMA,168,clean_only,False,42,0,0,48
810.5136114251006,940.1062612361608,4.171774454179205,60.94793514877741,SeoulBikeData,seoul_bike_baseline_v3,2026-01-04T21:01:01.518301,2,ARIMA,168,clean_only,False,42,0,0,48
1091.467394925699,1278.7829642241843,5.476091121083154,70.8520875019738,SeoulBikeData,seoul_bike_baseline_v3,2026-01-04T21:01:01.849185,3,ARIMA,168,clean_only,False,42,0,0,48
989.0795696839727,1141.8630841191166,4.725495496354523,64.58494950253281,SeoulBikeData,seoul_bike_baseline_v3,2026-01-04T21:01:02.223718,4,ARIMA,168,clean_only,False,42,0,0,48
775.8490837809235,896.5399765160275,3.6870469342523298,81.45521501709018,SeoulBikeData,seoul_bike_baseline_v3,2026-01-04T21:01:02.613530,5,ARIMA,168,clean_only,False,42,0,0,48
1030.8490482145935,1286.59274241077,4.5406104671286815,182.94451820139756,SeoulBikeData,seoul_bike_baseline_v3,2026-01-04T21:01:03.264714,6,ARIMA,168,clean_only,False,42,0,0,48
1169.1169252294198,1313.3484057329656,5.0665234015584435,88.98070289375242,SeoulBikeData,seoul_bike_baseline_v3,2026-01-04T21:01:03.715099,7,ARIMA,168,clean_only,False,42,0,0,48
539.9963847871691,637.7589558349085,2.2793605800495547,51.53460634600128,SeoulBikeData,seoul_bike_baseline_v3,2026-01-04T21:01:04.157824,8,ARIMA,168,clean_only,False,42,0,0,48
420.8770810742178,579.1210313895106,1.7985222954621496,45.82754203885573,SeoulBikeData,seoul_bike_baseline_v3,2026-01-04T21:01:04.594626,9,ARIMA,168,clean_only,False,42,0,0,48
381.96201776428114,507.7219877253418,1.6490728401670436,45.565829657617485,SeoulBikeData,seoul_bike_baseline_v3,2026-01-04T21:01:05.016410,10,ARIMA,168,clean_only,False,42,0,0,48
389.1346781446759,508.5546491094507,1.701343409141818,44.886403293853974,SeoulBikeData,seoul_bike_baseline_v3,2026-01-04T21:01:05.488853,11,ARIMA,168,clean_only,False,42,0,0,48
451.4384807331354,576.7086512038601,1.994849540720229,47.940585783788705,SeoulBikeData,seoul_bike_baseline_v3,2026-01-04T21:01:05.985793,12,ARIMA,168,clean_only,False,42,0,0,48
685.6845138871081,770.1770680766465,3.0246742402702367,69.37488257615215,SeoulBikeData,seoul_bike_baseline_v3,2026-01-04T21:01:06.764586,13,ARIMA,168,clean_only,False,42,0,0,48
558.2426689025342,648.983932756633,2.42808846330817,78.52502031700622,SeoulBikeData,seoul_bike_baseline_v3,2026-01-04T21:01:07.526156,14,ARIMA,168,clean_only,False,42,0,0,48
865.2642885473906,1009.9587784961864,3.687058816103568,70.15903908240693,SeoulBikeData,seoul_bike_baseline_v3,2026-01-04T21:01:08.371431,15,ARIMA,168,clean_only,False,42,0,0,48
1015.8092777202486,1164.9492056166205,4.261437772962754,71.51018655367899,SeoulBikeData,seoul_bike_baseline_v3,2026-01-04T21:01:09.172778,16,ARIMA,168,clean_only,False,42,0,0,48
895.5935292246203,1141.9215021360696,3.770639439527874,132.99104165386356,SeoulBikeData,seoul_bike_baseline_v3,2026-01-04T21:01:10.167246,17,ARIMA,168,clean_only,False,42,0,48,48
706.9509473807773,841.2573788741048,2.933430431762951,69.60819302681416,SeoulBikeData,seoul_bike_baseline_v3,2026-01-04T21:01:10.657523,18,ARIMA,168,clean_only,False,42,0,41,96
756.9426920911262,894.3365296555282,3.106015861115773,77.40750282774496,SeoulBikeData,seoul_bike_baseline_v3,2026-01-04T21:01:11.237331,19,ARIMA,168,clean_only,False,42,0,62,137
97.03267371567853,122.2945929653195,0.5307522931441906,5.033558309475207,SeoulBikeData,seoul_bike_baseline_v3,2026-01-04T21:01:49.125771,0,SARIMAX,6,clean_only,True,42,7,0,48
242.0709521538653,273.59560154862316,1.3251016080332396,61.65716197870653,SeoulBikeData,seoul_bike_baseline_v3,2026-01-04T21:02:26.869766,1,SARIMAX,6,clean_only,True,42,7,0,48
225.37528907837665,285.2107837991527,1.2333325151178447,21.74975496401718,SeoulBikeData,seoul_bike_baseline_v3,2026-01-04T21:03:04.879284,2,SARIMAX,6,clean_only,True,42,7,0,48
229.84744612919133,254.7628010149048,1.2548169992600613,16.14637544983172,SeoulBikeData,seoul_bike_baseline_v3,2026-01-04T21:03:43.342316,3,SARIMAX,6,clean_only,True,42,7,0,48
567.4795691808396,593.8332654175649,3.0977089852731954,29.423815850294726,SeoulBikeData,seoul_bike_baseline_v3,2026-01-04T21:04:23.835257,4,SARIMAX,6,clean_only,True,42,7,0,48
184.3284310819255,242.5492423617303,1.004559308256492,31.32327488950304,SeoulBikeData,seoul_bike_baseline_v3,2026-01-04T21:05:02.486442,5,SARIMAX,6,clean_only,True,42,7,0,48
276.71454728616465,315.5330347021585,1.5068210940611495,44.86640372010723,SeoulBikeData,seoul_bike_baseline_v3,2026-01-04T21:05:40.959501,6,SARIMAX,6,clean_only,True,42,7,0,48
666.7079985690925,767.3325682953522,3.624485311983861,74.06257467790984,SeoulBikeData,seoul_bike_baseline_v3,2026-01-04T21:06:15.758370,7,SARIMAX,6,clean_only,True,42,7,0,48
762.1565590381696,779.0943829659337,4.124699339039331,179.99028182513038,SeoulBikeData,seoul_bike_baseline_v3,2026-01-04T21:06:54.181515,8,SARIMAX,6,clean_only,True,42,7,0,48
101.17680040718344,105.79065515705808,0.5387633160098036,200.0,SeoulBikeData,seoul_bike_baseline_v3,2026-01-04T21:07:34.117606,9,SARIMAX,6,clean_only,True,42,7,0,48
277.7887564635654,392.8572450943911,1.4736227144669507,26.18937852384654,SeoulBikeData,seoul_bike_baseline_v3,2026-01-04T21:08:13.406653,10,SARIMAX,6,clean_only,True,42,7,0,48
45.38636855778217,52.23590976029196,0.2402565315589921,3.617157113808155,SeoulBikeData,seoul_bike_baseline_v3,2026-01-04T21:08:50.342882,11,SARIMAX,6,clean_only,True,42,7,0,48
639.4243377715112,667.4641629882061,3.3694514500527126,34.85011745072931,SeoulBikeData,seoul_bike_baseline_v3,2026-01-04T21:09:27.566697,12,SARIMAX,6,clean_only,True,42,7,0,48
109.61942084847362,116.70537113435536,0.5691954561730015,23.142052187363536,SeoulBikeData,seoul_bike_baseline_v3,2026-01-04T21:10:07.059499,13,SARIMAX,6,clean_only,True,42,7,0,48
330.588568470713,417.37982654213226,1.7125483407119757,38.14330242099652,SeoulBikeData,seoul_bike_baseline_v3,2026-01-04T21:10:47.214403,14,SARIMAX,6,clean_only,True,42,7,0,48
98.36133094564624,118.7840852170335,0.5099895016617266,8.619334127975211,SeoulBikeData,seoul_bike_baseline_v3,2026-01-04T21:11:19.487007,15,SARIMAX,6,clean_only,True,42,7,0,48
442.69988368707664,470.51893333832527,2.2966475344368775,23.713426436310257,SeoulBikeData,seoul_bike_baseline_v3,2026-01-04T21:11:52.649505,16,SARIMAX,6,clean_only,True,42,7,0,48
73.48969494980685,87.49437492216101,0.3814118009070307,11.306338831422664,SeoulBikeData,seoul_bike_baseline_v3,2026-01-04T21:12:32.206520,17,SARIMAX,6,clean_only,True,42,7,0,48
241.5639962619341,305.84132620158,1.2552202315508587,24.382422065016847,SeoulBikeData,seoul_bike_baseline_v3,2026-01-04T21:12:57.146078,18,SARIMAX,6,clean_only,True,42,7,0,48
57.15274343262706,70.16019075259591,0.2972582470133121,4.892753507962171,SeoulBikeData,seoul_bike_baseline_v3,2026-01-04T21:13:33.738939,19,SARIMAX,6,clean_only,True,42,7,0,48
221.2452356631319,253.6466743812174,1.2101739721149245,31.08054102039903,SeoulBikeData,seoul_bike_baseline_v3,2026-01-04T21:14:11.203387,0,SARIMAX,24,clean_only,True,42,7,0,48
487.7209548421481,555.7348801992429,2.662329476110337,53.64611610578616,SeoulBikeData,seoul_bike_baseline_v3,2026-01-04T21:14:50.847376,1,SARIMAX,24,clean_only,True,42,7,0,48
331.93457869289387,460.10705856710376,1.796389890112211,85.96737536217113,SeoulBikeData,seoul_bike_baseline_v3,2026-01-04T21:15:29.030036,2,SARIMAX,24,clean_only,True,42,7,0,48
312.6870385588658,408.3661970362077,1.6477067469104398,26.116462750893294,SeoulBikeData,seoul_bike_baseline_v3,2026-01-04T21:16:05.870237,3,SARIMAX,24,clean_only,True,42,7,0,48
235.98643514044,300.88758368016715,1.2242552672747884,20.887058727081484,SeoulBikeData,seoul_bike_baseline_v3,2026-01-04T21:16:38.688515,4,SARIMAX,24,clean_only,True,42,7,0,48
242.8255039091513,311.33744572602893,1.2641744148456129,23.60543515275625,SeoulBikeData,seoul_bike_baseline_v3,2026-01-04T21:17:15.661570,5,SARIMAX,24,clean_only,True,42,7,0,48
326.8169080952176,414.5253900562224,1.6999835963191745,33.68618801710676,SeoulBikeData,seoul_bike_baseline_v3,2026-01-04T21:17:53.824378,6,SARIMAX,24,clean_only,True,42,7,0,48
197.7833569226941,263.6255097029523,1.0292456936299663,24.24950568874078,SeoulBikeData,seoul_bike_baseline_v3,2026-01-04T21:18:29.411721,7,SARIMAX,24,clean_only,True,42,7,0,48
275.7156441500549,388.49947440523886,1.426509266575989,22.69899283070248,SeoulBikeData,seoul_bike_baseline_v3,2026-01-04T21:19:07.994338,8,SARIMAX,24,clean_only,True,42,7,0,48
228.36753745992505,396.3016974802857,1.182221765370126,22.824462071161335,SeoulBikeData,seoul_bike_baseline_v3,2026-01-04T21:19:47.987842,9,SARIMAX,24,clean_only,True,42,7,0,48
319.4639619873737,418.6147095060291,1.6451269001359263,31.026782903635368,SeoulBikeData,seoul_bike_baseline_v3,2026-01-04T21:20:27.099397,10,SARIMAX,24,clean_only,True,42,7,0,48
272.1385363940656,328.6106550454176,1.3945450459163915,19.56859549113866,SeoulBikeData,seoul_bike_baseline_v3,2026-01-04T21:21:07.537582,11,SARIMAX,24,clean_only,True,42,7,0,48
250.808406938478,320.27788986872235,1.2893186928984537,20.311182578661956,SeoulBikeData,seoul_bike_baseline_v3,2026-01-04T21:21:46.063269,12,SARIMAX,24,clean_only,True,42,7,0,48
269.36146875544847,364.52047659027465,1.383794254987226,25.403286770711425,SeoulBikeData,seoul_bike_baseline_v3,2026-01-04T21:22:23.949777,13,SARIMAX,24,clean_only,True,42,7,0,48
225.3981649868256,265.8215821490458,1.16014128998721,23.232653302194255,SeoulBikeData,seoul_bike_baseline_v3,2026-01-04T21:23:01.802039,14,SARIMAX,24,clean_only,True,42,7,0,48
304.4280411235127,400.0907202308782,1.5624527555651762,20.781733532916032,SeoulBikeData,seoul_bike_baseline_v3,2026-01-04T21:23:39.641909,15,SARIMAX,24,clean_only,True,42,7,0,48
355.2830756736362,427.757740330663,1.8270749988200965,28.465483802988903,SeoulBikeData,seoul_bike_baseline_v3,2026-01-04T21:24:13.735366,16,SARIMAX,24,clean_only,True,42,7,0,48
199.81089943785096,273.0355170673648,1.0232706855053482,16.824930742211166,SeoulBikeData,seoul_bike_baseline_v3,2026-01-04T21:24:53.205463,17,SARIMAX,24,clean_only,True,42,7,0,48
250.9055429155487,358.522038370283,1.276315741684118,17.003608374335467,SeoulBikeData,seoul_bike_baseline_v3,2026-01-04T21:25:32.280963,18,SARIMAX,24,clean_only,True,42,7,0,48
384.85757247511407,452.5851120927467,1.9588653610033948,31.83629366969197,SeoulBikeData,seoul_bike_baseline_v3,2026-01-04T21:26:10.299020,19,SARIMAX,24,clean_only,True,42,7,0,48
384.64724719821766,471.23671891622377,2.103955303759371,44.583892654851695,SeoulBikeData,seoul_bike_baseline_v3,2026-01-04T21:26:47.352251,0,SARIMAX,48,clean_only,True,42,7,0,48
325.11455552040746,435.427401525958,1.7594807475768663,56.83528551555364,SeoulBikeData,seoul_bike_baseline_v3,2026-01-04T21:27:24.424002,1,SARIMAX,48,clean_only,True,42,7,0,48
234.63586145262593,298.6228559096773,1.2172487334027666,22.511623071678255,SeoulBikeData,seoul_bike_baseline_v3,2026-01-04T21:27:56.840231,2,SARIMAX,48,clean_only,True,42,7,0,48
269.38118226032816,351.26308171596787,1.401223681077732,28.84382941762837,SeoulBikeData,seoul_bike_baseline_v3,2026-01-04T21:28:34.651234,3,SARIMAX,48,clean_only,True,42,7,0,48
245.58409314119217,380.1338597807231,1.2706133729535842,22.53620780133057,SeoulBikeData,seoul_bike_baseline_v3,2026-01-04T21:29:13.016034,4,SARIMAX,48,clean_only,True,42,7,0,48
299.2109352641164,381.4630849522944,1.5408309449229274,25.577990923141257,SeoulBikeData,seoul_bike_baseline_v3,2026-01-04T21:29:52.069517,5,SARIMAX,48,clean_only,True,42,7,0,48
262.179356882023,345.65501087506266,1.3477727873890797,22.950731546592284,SeoulBikeData,seoul_bike_baseline_v3,2026-01-04T21:30:31.054602,6,SARIMAX,48,clean_only,True,42,7,0,48
277.1970769075902,361.081964423074,1.4267541814417708,22.73349977090403,SeoulBikeData,seoul_bike_baseline_v3,2026-01-04T21:31:09.625217,7,SARIMAX,48,clean_only,True,42,7,0,48
279.28589393904707,354.6824458753534,1.43625269335344,22.673935317584373,SeoulBikeData,seoul_bike_baseline_v3,2026-01-04T21:31:44.047915,8,SARIMAX,48,clean_only,True,42,7,0,48
328.11330308715816,425.749167352016,1.6690590766544615,24.656246235613345,SeoulBikeData,seoul_bike_baseline_v3,2026-01-04T21:32:23.009521,9,SARIMAX,48,clean_only,True,42,7,0,48
443.3009889460679,616.9554203471995,2.24861424745342,45.203723730199606,SeoulBikeData,seoul_bike_baseline_v3,2026-01-04T21:33:01.821035,10,SARIMAX,48,clean_only,True,42,7,0,48
357.3727126747946,459.80197066442514,1.7710736392957485,28.89707058998253,SeoulBikeData,seoul_bike_baseline_v3,2026-01-04T21:33:41.229241,11,SARIMAX,48,clean_only,True,42,7,0,48
204.7672928780933,321.3324810670614,0.996242121942094,28.73760638079943,SeoulBikeData,seoul_bike_baseline_v3,2026-01-04T21:34:20.047595,12,SARIMAX,48,clean_only,True,42,7,0,48
365.69246155521387,427.73059327610247,1.754666926743718,28.362803929031905,SeoulBikeData,seoul_bike_baseline_v3,2026-01-04T21:34:59.921658,13,SARIMAX,48,clean_only,True,42,7,0,48
300.665514161645,438.3472602270311,1.436480518482388,24.796184650495476,SeoulBikeData,seoul_bike_baseline_v3,2026-01-04T21:35:39.538372,14,SARIMAX,48,clean_only,True,42,7,0,48
279.42861659721274,389.894696786015,1.326079025388294,17.499184763278215,SeoulBikeData,seoul_bike_baseline_v3,2026-01-04T21:36:19.759450,15,SARIMAX,48,clean_only,True,42,7,0,48
299.36323929426254,373.0171995204734,1.4234026116584866,23.84659117272338,SeoulBikeData,seoul_bike_baseline_v3,2026-01-04T21:36:58.129656,16,SARIMAX,48,clean_only,True,42,7,0,48
310.0833587603731,395.4532688777757,1.4774278105570613,28.88481119454153,SeoulBikeData,seoul_bike_baseline_v3,2026-01-04T21:37:36.349582,17,SARIMAX,48,clean_only,True,42,7,0,48
638.2387948503236,882.2210567259083,3.0277232874218183,87.169948333361,SeoulBikeData,seoul_bike_baseline_v3,2026-01-04T21:38:15.151774,18,SARIMAX,48,clean_only,True,42,7,0,48
298.9211313602782,425.1639286965265,1.3717052674983865,30.439068673333765,SeoulBikeData,seoul_bike_baseline_v3,2026-01-04T21:38:55.160190,19,SARIMAX,48,clean_only,True,42,7,0,48
333.43642655492295,451.63814178232394,1.8238407871804805,40.31383486878452,SeoulBikeData,seoul_bike_baseline_v3,2026-01-04T21:39:33.845274,0,SARIMAX,168,clean_only,True,42,7,0,48
261.1924517615326,362.935702123035,1.359220565202996,23.854834997169657,SeoulBikeData,seoul_bike_baseline_v3,2026-01-04T21:40:09.807903,1,SARIMAX,168,clean_only,True,42,7,0,48
333.288392118331,437.3170767700545,1.715460395130208,29.20413076920787,SeoulBikeData,seoul_bike_baseline_v3,2026-01-04T21:40:49.821030,2,SARIMAX,168,clean_only,True,42,7,0,48
321.3860963582254,419.35132016034106,1.612452700730158,29.873106654327565,SeoulBikeData,seoul_bike_baseline_v3,2026-01-04T21:41:10.487954,3,SARIMAX,168,clean_only,True,42,7,0,48
298.67675751908234,400.7773288857861,1.4269788961197123,23.51186968883813,SeoulBikeData,seoul_bike_baseline_v3,2026-01-04T21:41:50.753201,4,SARIMAX,168,clean_only,True,42,7,0,48
468.5323004637806,663.120955398379,2.2265935710133125,59.12451974094824,SeoulBikeData,seoul_bike_baseline_v3,2026-01-04T21:42:26.316603,5,SARIMAX,168,clean_only,True,42,7,0,48
341.73265840435766,470.4157491016735,1.50523967441984,47.139654370754286,SeoulBikeData,seoul_bike_baseline_v3,2026-01-04T21:43:05.962921,6,SARIMAX,168,clean_only,True,42,7,0,48
394.0349593663498,504.98007656549146,1.707602806511405,50.07644207772365,SeoulBikeData,seoul_bike_baseline_v3,2026-01-04T21:43:44.261206,7,SARIMAX,168,clean_only,True,42,7,0,48
341.70235297709013,447.7670547323165,1.4423483108931077,32.79694539491192,SeoulBikeData,seoul_bike_baseline_v3,2026-01-04T21:44:24.161170,8,SARIMAX,168,clean_only,True,42,7,0,48
415.345467523069,472.9112198823283,1.7748842055090706,44.45895451037597,SeoulBikeData,seoul_bike_baseline_v3,2026-01-04T21:45:03.010004,9,SARIMAX,168,clean_only,True,42,7,0,48
228.7841238506838,278.9780080587159,0.9877466013817277,28.779395686293824,SeoulBikeData,seoul_bike_baseline_v3,2026-01-04T21:45:42.502551,10,SARIMAX,168,clean_only,True,42,7,0,48
159.88029188454124,213.2349894500796,0.6990157807223328,20.073975604894105,SeoulBikeData,seoul_bike_baseline_v3,2026-01-04T21:46:19.901471,11,SARIMAX,168,clean_only,True,42,7,0,48
212.9474617674632,274.97807672529206,0.9409878963230848,23.27711349501507,SeoulBikeData,seoul_bike_baseline_v3,2026-01-04T21:47:02.054284,12,SARIMAX,168,clean_only,True,42,7,0,48
283.94476993604474,373.8356039195326,1.2525300103633574,41.13617839304404,SeoulBikeData,seoul_bike_baseline_v3,2026-01-04T21:47:40.870326,13,SARIMAX,168,clean_only,True,42,7,0,48
368.408489273565,443.164896647426,1.6024006268609217,75.46893408590974,SeoulBikeData,seoul_bike_baseline_v3,2026-01-04T21:48:21.776552,14,SARIMAX,168,clean_only,True,42,7,0,48
367.70110855211834,467.5495585681282,1.5668456816288554,50.64957980046388,SeoulBikeData,seoul_bike_baseline_v3,2026-01-04T21:49:00.450919,15,SARIMAX,168,clean_only,True,42,7,0,48
394.8856058996725,490.8168479513891,1.656590930884943,38.94292808317565,SeoulBikeData,seoul_bike_baseline_v3,2026-01-04T21:49:39.953337,16,SARIMAX,168,clean_only,True,42,7,0,48
340.966995712339,425.3173505337383,1.4355436474885748,52.71337597629259,SeoulBikeData,seoul_bike_baseline_v3,2026-01-04T21:50:20.983896,17,SARIMAX,168,clean_only,True,42,7,48,48
326.7776670666782,428.45337665756546,1.3559350285127865,44.84951834635344,SeoulBikeData,seoul_bike_baseline_v3,2026-01-04T21:51:00.847534,18,SARIMAX,168,clean_only,True,42,7,41,96
386.5920279950624,511.9974465565488,1.5863300924622976,62.870833187969545,SeoulBikeData,seoul_bike_baseline_v3,2026-01-04T21:51:38.672067,19,SARIMAX,168,clean_only,True,42,7,62,137
266.17864990234375,296.42626145803547,1.4559521387162029,14.009829513790558,SeoulBikeData,seoul_bike_baseline_v3,2026-01-04T21:51:39.199244,0,XGBoost,6,clean_only,True,42,7,0,48
1084.0379028320312,1129.565625982322,5.934046838047141,117.91323252618125,SeoulBikeData,seoul_bike_baseline_v3,2026-01-04T21:51:39.470565,1,XGBoost,6,clean_only,True,42,7,0,48
496.3919779459635,639.1813677699511,2.7164307548886257,62.86078177333954,SeoulBikeData,seoul_bike_baseline_v3,2026-01-04T21:51:39.744788,2,XGBoost,6,clean_only,True,42,7,0,48
643.8496704101562,703.2603305078059,3.5149988612209526,54.64064755615025,SeoulBikeData,seoul_bike_baseline_v3,2026-01-04T21:51:40.020002,3,XGBoost,6,clean_only,True,42,7,0,48
532.0164998372396,624.16750911286,2.9041262123997837,25.11181606313486,SeoulBikeData,seoul_bike_baseline_v3,2026-01-04T21:51:40.287479,4,XGBoost,6,clean_only,True,42,7,0,48
776.4730428059896,844.0308239731049,4.2316490092313455,76.86724624526441,SeoulBikeData,seoul_bike_baseline_v3,2026-01-04T21:51:40.554223,5,XGBoost,6,clean_only,True,42,7,0,48
211.9447784423828,276.9454950598997,1.1541238654245012,38.10305570039414,SeoulBikeData,seoul_bike_baseline_v3,2026-01-04T21:51:40.825592,6,XGBoost,6,clean_only,True,42,7,0,48
646.1498311360677,696.7738963698956,3.512723077149084,78.56828428430312,SeoulBikeData,seoul_bike_baseline_v3,2026-01-04T21:51:41.117582,7,XGBoost,6,clean_only,True,42,7,0,48
265.01099395751953,274.9417479183009,1.434207524231244,152.16720114814296,SeoulBikeData,seoul_bike_baseline_v3,2026-01-04T21:51:41.412519,8,XGBoost,6,clean_only,True,42,7,0,48
508.1057840983073,520.271440019089,2.705647500443486,176.0242134576299,SeoulBikeData,seoul_bike_baseline_v3,2026-01-04T21:51:41.762027,9,XGBoost,6,clean_only,True,42,7,0,48
586.0699106852213,782.9509190205293,3.109002479604082,71.56328453737207,SeoulBikeData,seoul_bike_baseline_v3,2026-01-04T21:51:42.034813,10,XGBoost,6,clean_only,True,42,7,0,48
569.7345072428385,593.2968902586847,3.015937184870133,58.64120234025077,SeoulBikeData,seoul_bike_baseline_v3,2026-01-04T21:51:42.306673,11,XGBoost,6,clean_only,True,42,7,0,48
431.9981282552083,509.5844240951265,2.27641744876734,20.521082952432483,SeoulBikeData,seoul_bike_baseline_v3,2026-01-04T21:51:42.578012,12,XGBoost,6,clean_only,True,42,7,0,48
714.8607177734375,773.3013217603169,3.711892192129537,87.51087980415608,SeoulBikeData,seoul_bike_baseline_v3,2026-01-04T21:51:42.848102,13,XGBoost,6,clean_only,True,42,7,0,48
407.9620666503906,575.4529775480904,2.1133663621446397,42.20262122938248,SeoulBikeData,seoul_bike_baseline_v3,2026-01-04T21:51:43.117362,14,XGBoost,6,clean_only,True,42,7,0,48
370.62183634440106,450.77469303845993,1.9216214726362584,38.78201998877011,SeoulBikeData,seoul_bike_baseline_v3,2026-01-04T21:51:43.393605,15,XGBoost,6,clean_only,True,42,7,0,48
921.930409749349,966.5924104963998,4.782809484472049,59.66593643153478,SeoulBikeData,seoul_bike_baseline_v3,2026-01-04T21:51:43.663420,16,XGBoost,6,clean_only,True,42,7,0,48
527.552734375,614.1448290980718,2.7380007309708665,71.47100931693603,SeoulBikeData,seoul_bike_baseline_v3,2026-01-04T21:51:43.936858,17,XGBoost,6,clean_only,True,42,7,0,48
433.56006876627606,560.1059020224257,2.2528745108104045,46.67089694638238,SeoulBikeData,seoul_bike_baseline_v3,2026-01-04T21:51:44.230338,18,XGBoost,6,clean_only,True,42,7,0,48
367.9532368977864,444.83763995720693,1.9137687469376896,35.85531287665057,SeoulBikeData,seoul_bike_baseline_v3,2026-01-04T21:51:44.504388,19,XGBoost,6,clean_only,True,42,7,0,48
598.9892374674479,758.9890623112462,3.27636969260561,54.47022754144521,SeoulBikeData,seoul_bike_baseline_v3,2026-01-04T21:51:45.026784,0,XGBoost,24,clean_only,True,42,7,0,48
657.5978749593099,766.0261701186805,3.5896390929077917,63.08679241894399,SeoulBikeData,seoul_bike_baseline_v3,2026-01-04T21:51:45.342563,1,XGBoost,24,clean_only,True,42,7,0,48
430.57408078511554,516.4253915444802,2.3302149740246354,105.32942902102933,SeoulBikeData,seoul_bike_baseline_v3,2026-01-04T21:51:45.659662,2,XGBoost,24,clean_only,True,42,7,0,48
666.3577321370443,773.0218573692009,3.51137717814756,56.048828075874454,SeoulBikeData,seoul_bike_baseline_v3,2026-01-04T21:51:45.974710,3,XGBoost,24,clean_only,True,42,7,0,48
567.2586364746094,663.5304208336352,2.9428359863051576,55.953799777010616,SeoulBikeData,seoul_bike_baseline_v3,2026-01-04T21:51:46.290320,4,XGBoost,24,clean_only,True,42,7,0,48
519.2441431681315,630.7465129463642,2.7032381289618157,48.69220714713096,SeoulBikeData,seoul_bike_baseline_v3,2026-01-04T21:51:46.602955,5,XGBoost,24,clean_only,True,42,7,0,48
611.7350209554037,708.3942287803968,3.1820247825585817,56.317934375100485,SeoulBikeData,seoul_bike_baseline_v3,2026-01-04T21:51:46.922768,6,XGBoost,24,clean_only,True,42,7,0,48
737.3600743611654,886.0408012249858,3.837151381182876,59.89723376125282,SeoulBikeData,seoul_bike_baseline_v3,2026-01-04T21:51:47.253406,7,XGBoost,24,clean_only,True,42,7,0,48
644.9186833699545,769.8478739418904,3.336707573671579,54.34987758103139,SeoulBikeData,seoul_bike_baseline_v3,2026-01-04T21:51:47.568557,8,XGBoost,24,clean_only,True,42,7,0,48
723.0198033650717,801.1443844252098,3.742956454490888,68.31115568731965,SeoulBikeData,seoul_bike_baseline_v3,2026-01-04T21:51:47.885665,9,XGBoost,24,clean_only,True,42,7,0,48
736.0477040608724,851.4554331530074,3.790386465505888,56.696916798900446,SeoulBikeData,seoul_bike_baseline_v3,2026-01-04T21:51:48.199972,10,XGBoost,24,clean_only,True,42,7,0,48
602.0375264485677,740.3920077620347,3.085077406122615,48.39436234665973,SeoulBikeData,seoul_bike_baseline_v3,2026-01-04T21:51:48.513357,11,XGBoost,24,clean_only,True,42,7,0,48
560.7171045939127,699.2871378562696,2.8824514026683454,46.90826928525729,SeoulBikeData,seoul_bike_baseline_v3,2026-01-04T21:51:48.829718,12,XGBoost,24,clean_only,True,42,7,0,48
637.6042455037435,775.9157376057539,3.2755727682959415,58.018418121330214,SeoulBikeData,seoul_bike_baseline_v3,2026-01-04T21:51:49.144576,13,XGBoost,24,clean_only,True,42,7,0,48
632.4758071899414,814.3752159199366,3.255400499298335,54.315007266438265,SeoulBikeData,seoul_bike_baseline_v3,2026-01-04T21:51:49.463218,14,XGBoost,24,clean_only,True,42,7,0,48
673.5951639811198,878.9053693825294,3.4571737091415717,52.731523334420935,SeoulBikeData,seoul_bike_baseline_v3,2026-01-04T21:51:49.786839,15,XGBoost,24,clean_only,True,42,7,0,48
649.6057866414388,794.1399107545897,3.3406558688759604,52.61183054680782,SeoulBikeData,seoul_bike_baseline_v3,2026-01-04T21:51:50.099177,16,XGBoost,24,clean_only,True,42,7,0,48
567.8638331095377,732.1261484666068,2.908141725073559,51.23710672917129,SeoulBikeData,seoul_bike_baseline_v3,2026-01-04T21:51:50.443888,17,XGBoost,24,clean_only,True,42,7,0,48
684.8392435709635,841.1897544129661,3.4836659921334014,55.01448075359775,SeoulBikeData,seoul_bike_baseline_v3,2026-01-04T21:51:50.776410,18,XGBoost,24,clean_only,True,42,7,0,48
783.5582987467448,957.1219112021364,3.98819022806417,57.16930181676222,SeoulBikeData,seoul_bike_baseline_v3,2026-01-04T21:51:51.094006,19,XGBoost,24,clean_only,True,42,7,0,48
727.0809885660807,882.2055909815223,3.9770098793087127,63.008694638280495,SeoulBikeData,seoul_bike_baseline_v3,2026-01-04T21:51:51.651747,0,XGBoost,48,clean_only,True,42,7,0,48
521.183757464091,662.2651715743408,2.820583611644167,79.84260809326035,SeoulBikeData,seoul_bike_baseline_v3,2026-01-04T21:51:52.026876,1,XGBoost,48,clean_only,True,42,7,0,48
595.0911661783854,729.825355864064,3.08722615462628,57.482487797037685,SeoulBikeData,seoul_bike_baseline_v3,2026-01-04T21:51:52.397961,2,XGBoost,48,clean_only,True,42,7,0,48
591.3831227620443,695.7406167920142,3.07616155386483,54.42001145991067,SeoulBikeData,seoul_bike_baseline_v3,2026-01-04T21:51:52.762662,3,XGBoost,48,clean_only,True,42,7,0,48
568.5462646484375,682.8431337890007,2.9415687220010045,53.913117828409185,SeoulBikeData,seoul_bike_baseline_v3,2026-01-04T21:51:53.154925,4,XGBoost,48,clean_only,True,42,7,0,48
698.6259969075521,809.6094507530765,3.597677852290325,53.86243163947878,SeoulBikeData,seoul_bike_baseline_v3,2026-01-04T21:51:53.525281,5,XGBoost,48,clean_only,True,42,7,0,48
570.6602884928385,698.8281657783926,2.933565849047157,49.08287381070571,SeoulBikeData,seoul_bike_baseline_v3,2026-01-04T21:51:53.896239,6,XGBoost,48,clean_only,True,42,7,0,48
637.4944051106771,814.6342020429211,3.2812315998577817,52.944453285644045,SeoulBikeData,seoul_bike_baseline_v3,2026-01-04T21:51:54.275728,7,XGBoost,48,clean_only,True,42,7,0,48
627.0253931681315,781.2970267495917,3.224534175489985,54.079128510035176,SeoulBikeData,seoul_bike_baseline_v3,2026-01-04T21:51:54.648206,8,XGBoost,48,clean_only,True,42,7,0,48
727.0793736775717,894.9654823922888,3.698534672830484,57.21303462007074,SeoulBikeData,seoul_bike_baseline_v3,2026-01-04T21:51:55.023106,9,XGBoost,48,clean_only,True,42,7,0,48
719.8077761332194,879.0560385309462,3.651176201273565,68.63215994473923,SeoulBikeData,seoul_bike_baseline_v3,2026-01-04T21:51:55.399247,10,XGBoost,48,clean_only,True,42,7,0,48
696.5927352905273,841.2728603234068,3.452185874976536,56.46840794312163,SeoulBikeData,seoul_bike_baseline_v3,2026-01-04T21:51:55.788413,11,XGBoost,48,clean_only,True,42,7,0,48
1023.9065551757812,1177.9636643330389,4.98155161823634,76.46182300567963,SeoulBikeData,seoul_bike_baseline_v3,2026-01-04T21:51:56.168134,12,XGBoost,48,clean_only,True,42,7,0,48
731.3603121439616,878.2408057553223,3.509215765056765,60.16773967679661,SeoulBikeData,seoul_bike_baseline_v3,2026-01-04T21:51:56.545615,13,XGBoost,48,clean_only,True,42,7,0,48
1243.7775700887044,1391.2246996608633,5.942358416925841,74.8062202628263,SeoulBikeData,seoul_bike_baseline_v3,2026-01-04T21:51:56.922230,14,XGBoost,48,clean_only,True,42,7,0,48
787.834379196167,943.7040611270652,3.73881049999181,62.897389342140144,SeoulBikeData,seoul_bike_baseline_v3,2026-01-04T21:51:57.297966,15,XGBoost,48,clean_only,True,42,7,0,48
673.46697362264,880.8737279752936,3.2021789027273373,51.868995414603894,SeoulBikeData,seoul_bike_baseline_v3,2026-01-04T21:51:57.674639,16,XGBoost,48,clean_only,True,42,7,0,48
1257.6285196940105,1411.0719119382084,5.992115661329353,78.0536906813284,SeoulBikeData,seoul_bike_baseline_v3,2026-01-04T21:51:58.050370,17,XGBoost,48,clean_only,True,42,7,0,48
821.7858200073242,909.1250464329812,3.8984469207841177,107.3897245024628,SeoulBikeData,seoul_bike_baseline_v3,2026-01-04T21:51:58.421044,18,XGBoost,48,clean_only,True,42,7,0,48
674.0575892130533,822.7738216937066,3.0931514995720177,62.52271509635824,SeoulBikeData,seoul_bike_baseline_v3,2026-01-04T21:51:58.798765,19,XGBoost,48,clean_only,True,42,7,0,48
804.8357246035621,967.7870488314228,4.4023151179919005,69.56225122946384,SeoulBikeData,seoul_bike_baseline_v3,2026-01-04T21:51:59.702151,0,XGBoost,168,clean_only,True,42,7,0,48
853.9230771745954,1038.3672370259524,4.443734111645848,61.891972414508665,SeoulBikeData,seoul_bike_baseline_v3,2026-01-04T21:52:00.415561,1,XGBoost,168,clean_only,True,42,7,0,48
653.1435234433129,816.3638636956772,3.361778787678267,56.89068076456367,SeoulBikeData,seoul_bike_baseline_v3,2026-01-04T21:52:01.082965,2,XGBoost,168,clean_only,True,42,7,0,48
1156.8936912899926,1355.681577471715,5.8043467907179345,72.56532773895279,SeoulBikeData,seoul_bike_baseline_v3,2026-01-04T21:52:01.740246,3,XGBoost,168,clean_only,True,42,7,0,48
1295.6653827485584,1457.6717766617917,6.190261247552675,74.5116042135185,SeoulBikeData,seoul_bike_baseline_v3,2026-01-04T21:52:02.443991,4,XGBoost,168,clean_only,True,42,7,0,48
780.2048049200149,924.9438667388386,3.707746511796562,82.85726448494518,SeoulBikeData,seoul_bike_baseline_v3,2026-01-04T21:52:03.135250,5,XGBoost,168,clean_only,True,42,7,0,48
754.8631426493326,913.5560527648656,3.324967406915328,79.42166732740348,SeoulBikeData,seoul_bike_baseline_v3,2026-01-04T21:52:03.834064,6,XGBoost,168,clean_only,True,42,7,0,48
551.8196087791806,695.7508429212116,2.3913835314375533,64.12226200120892,SeoulBikeData,seoul_bike_baseline_v3,2026-01-04T21:52:04.549287,7,XGBoost,168,clean_only,True,42,7,0,48
773.0431242443267,945.1732306411798,3.2630663347410187,77.45497275596571,SeoulBikeData,seoul_bike_baseline_v3,2026-01-04T21:52:05.234639,8,XGBoost,168,clean_only,True,42,7,0,48
466.2761299496605,656.5691364128209,1.9925247851839911,52.623238490292344,SeoulBikeData,seoul_bike_baseline_v3,2026-01-04T21:52:05.958209,9,XGBoost,168,clean_only,True,42,7,0,48
382.7043943859282,521.3016445468387,1.6522779576054183,45.62048662297274,SeoulBikeData,seoul_bike_baseline_v3,2026-01-04T21:52:06.653849,10,XGBoost,168,clean_only,True,42,7,0,48
466.3991208757673,636.5898451739217,2.03915280466602,57.13094859553234,SeoulBikeData,seoul_bike_baseline_v3,2026-01-04T21:52:07.361578,11,XGBoost,168,clean_only,True,42,7,0,48
515.0501007806687,665.7021510664844,2.2759412430275137,57.36533912465512,SeoulBikeData,seoul_bike_baseline_v3,2026-01-04T21:52:08.099079,12,XGBoost,168,clean_only,True,42,7,0,48
504.5554081144787,666.94589404523,2.225682095489416,60.12598452586195,SeoulBikeData,seoul_bike_baseline_v3,2026-01-04T21:52:08.797363,13,XGBoost,168,clean_only,True,42,7,0,48
539.9859366643997,652.0117981097404,2.3486804148115032,81.87039820505014,SeoulBikeData,seoul_bike_baseline_v3,2026-01-04T21:52:09.533291,14,XGBoost,168,clean_only,True,42,7,0,48
704.4252737136114,879.2368747245335,3.001692604339683,77.82230989009588,SeoulBikeData,seoul_bike_baseline_v3,2026-01-04T21:52:10.266213,15,XGBoost,168,clean_only,True,42,7,0,48
680.1982499985468,880.3314668644715,2.8535105744970792,68.4501716647175,SeoulBikeData,seoul_bike_baseline_v3,2026-01-04T21:52:10.978519,16,XGBoost,168,clean_only,True,42,7,0,48
683.3245480855306,879.7121839500293,2.8769418345838043,83.50175392318579,SeoulBikeData,seoul_bike_baseline_v3,2026-01-04T21:52:11.722872,17,XGBoost,168,clean_only,True,42,7,48,48
660.3945888337635,813.7323371169772,2.7402489395252467,74.35142879559271,SeoulBikeData,seoul_bike_baseline_v3,2026-01-04T21:52:12.436937,18,XGBoost,168,clean_only,True,42,7,41,96
719.2072035471598,881.901242116397,2.9511731931448115,91.22969812228396,SeoulBikeData,seoul_bike_baseline_v3,2026-01-04T21:52:13.163791,19,XGBoost,168,clean_only,True,42,7,62,137
208.91729736328125,223.87544823116696,1.142742237299927,10.514136198933032,SeoulBikeData,seoul_bike_baseline_v3,2026-01-04T22:00:08.651902,0,TabPFN,6,clean_only,True,42,7,0,48
184.80537923177084,195.59433190606893,1.011628627946891,44.789845365430175,SeoulBikeData,seoul_bike_baseline_v3,2026-01-04T22:08:05.402109,1,TabPFN,6,clean_only,True,42,7,0,48
436.71106084187824,565.3924108336923,2.389835874422721,62.473295968171705,SeoulBikeData,seoul_bike_baseline_v3,2026-01-04T22:15:41.793829,2,TabPFN,6,clean_only,True,42,7,0,48
207.0827840169271,266.94054193146656,1.1305368061061,11.844506696557785,SeoulBikeData,seoul_bike_baseline_v3,2026-01-04T22:23:27.538262,3,TabPFN,6,clean_only,True,42,7,0,48
348.0737711588542,361.22357788293704,1.9000353616486003,16.941310318022914,SeoulBikeData,seoul_bike_baseline_v3,2026-01-04T22:31:13.736495,4,TabPFN,6,clean_only,True,42,7,0,48
200.0487365722656,206.5904983905928,1.0902323599732833,41.492935869411355,SeoulBikeData,seoul_bike_baseline_v3,2026-01-04T22:38:47.199748,5,TabPFN,6,clean_only,True,42,7,0,48
487.3286539713542,682.4774780531706,2.653698920950002,54.19648816760451,SeoulBikeData,seoul_bike_baseline_v3,2026-01-04T22:46:24.067494,6,TabPFN,6,clean_only,True,42,7,0,48
437.97925821940106,486.45682073900394,2.3810264640244823,62.97122217821162,SeoulBikeData,seoul_bike_baseline_v3,2026-01-04T22:53:52.350081,7,TabPFN,6,clean_only,True,42,7,0,48
64.89591979980469,75.81832312817437,0.3512088878988422,83.06825063342615,SeoulBikeData,seoul_bike_baseline_v3,2026-01-04T23:01:22.849543,8,TabPFN,6,clean_only,True,42,7,0,48
31.491553624471027,33.206933370908885,0.1676915437999555,63.0878255556654,SeoulBikeData,seoul_bike_baseline_v3,2026-01-04T23:08:54.424184,9,TabPFN,6,clean_only,True,42,7,0,48
52.59338124593099,82.66504124088594,0.2789990574898925,7.393733160517217,SeoulBikeData,seoul_bike_baseline_v3,2026-01-04T23:16:37.742262,10,TabPFN,6,clean_only,True,42,7,0,48
277.4855550130208,284.1488986230041,1.4688929545062517,19.954688018707763,SeoulBikeData,seoul_bike_baseline_v3,2026-01-04T23:24:21.991729,11,TabPFN,6,clean_only,True,42,7,0,48
72.83251953125,115.28342327456129,0.3837915200426026,2.793462346670114,SeoulBikeData,seoul_bike_baseline_v3,2026-01-04T23:32:12.685307,12,TabPFN,6,clean_only,True,42,7,0,48
13.819135030110678,18.1856838442092,0.0717554317154529,2.973427396483699,SeoulBikeData,seoul_bike_baseline_v3,2026-01-04T23:40:02.582851,13,TabPFN,6,clean_only,True,42,7,0,48
76.08851369222005,100.88426292944314,0.3941614148173296,7.0441235762066166,SeoulBikeData,seoul_bike_baseline_v3,2026-01-04T23:47:50.270736,14,TabPFN,6,clean_only,True,42,7,0,48
35.273640950520836,45.54913682605237,0.1828888080021151,3.3281615040018537,SeoulBikeData,seoul_bike_baseline_v3,2026-01-04T23:55:42.091239,15,TabPFN,6,clean_only,True,42,7,0,48
40.015034993489586,50.08299445152445,0.2075908190731833,2.1552948340250633,SeoulBikeData,seoul_bike_baseline_v3,2026-01-05T00:03:34.099534,16,TabPFN,6,clean_only,True,42,7,0,48
49.88581339518229,56.068615724727344,0.2589075643838764,8.588660266924325,SeoulBikeData,seoul_bike_baseline_v3,2026-01-05T00:11:27.678769,17,TabPFN,6,clean_only,True,42,7,0,48
54.34197743733724,68.93742182179281,0.2823729966276219,5.735725940270229,SeoulBikeData,seoul_bike_baseline_v3,2026-01-05T00:19:14.325026,18,TabPFN,6,clean_only,True,42,7,0,48
130.318115234375,136.47704813849683,0.6778000873101481,10.59482153902374,SeoulBikeData,seoul_bike_baseline_v3,2026-01-05T00:27:02.689716,19,TabPFN,6,clean_only,True,42,7,0,48
253.41366640726724,338.1112059173622,1.3861298406951097,28.58687606382598,SeoulBikeData,seoul_bike_baseline_v3,2026-01-05T00:34:28.575634,0,TabPFN,24,clean_only,True,42,7,0,48
391.9802182515462,484.36736011992775,2.1397081235539934,45.28055204329732,SeoulBikeData,seoul_bike_baseline_v3,2026-01-05T00:41:59.191432,1,TabPFN,24,clean_only,True,42,7,0,48
136.08633343378702,199.76439407655133,0.7364828169621724,50.31367321951775,SeoulBikeData,seoul_bike_baseline_v3,2026-01-05T00:49:38.517392,2,TabPFN,24,clean_only,True,42,7,0,48
52.161045710245766,83.18201264971187,0.2748630302643509,4.34623982714863,SeoulBikeData,seoul_bike_baseline_v3,2026-01-05T00:57:30.032273,3,TabPFN,24,clean_only,True,42,7,0,48
81.14860280354817,106.32664506868764,0.4209843856283962,7.944172615589181,SeoulBikeData,seoul_bike_baseline_v3,2026-01-05T01:05:22.246567,4,TabPFN,24,clean_only,True,42,7,0,48
45.77682558695475,57.778023978748465,0.2383188370589324,4.740293722709086,SeoulBikeData,seoul_bike_baseline_v3,2026-01-05T01:13:14.151833,5,TabPFN,24,clean_only,True,42,7,0,48
120.1086031595866,171.9309846978434,0.6247616022626904,11.468531783906554,SeoulBikeData,seoul_bike_baseline_v3,2026-01-05T01:21:14.617941,6,TabPFN,24,clean_only,True,42,7,0,48
309.05445098876953,396.61264754092656,1.6082898365492648,31.766673263464657,SeoulBikeData,seoul_bike_baseline_v3,2026-01-05T01:29:17.827972,7,TabPFN,24,clean_only,True,42,7,0,48
218.77461687723795,293.8963294179578,1.1319053702195576,17.141059667784994,SeoulBikeData,seoul_bike_baseline_v3,2026-01-05T01:37:26.464998,8,TabPFN,24,clean_only,True,42,7,0,48
210.6897773742676,441.3848284705021,1.0907068636957888,26.9008198761632,SeoulBikeData,seoul_bike_baseline_v3,2026-01-05T01:45:40.706919,9,TabPFN,24,clean_only,True,42,7,0,48
121.58351771036784,147.90455697536265,0.6261122987211447,11.909853750461163,SeoulBikeData,seoul_bike_baseline_v3,2026-01-05T01:53:57.870562,10,TabPFN,24,clean_only,True,42,7,0,48
67.19121170043945,81.72505587442332,0.3443142329180639,6.9714701392389316,SeoulBikeData,seoul_bike_baseline_v3,2026-01-05T02:02:20.833382,11,TabPFN,24,clean_only,True,42,7,0,48
101.84937540690105,116.34662010735944,0.5235721767666296,8.705063417892212,SeoulBikeData,seoul_bike_baseline_v3,2026-01-05T02:10:50.565991,12,TabPFN,24,clean_only,True,42,7,0,48
119.87316576639812,149.27262721541578,0.6158260083786308,13.4028009699642,SeoulBikeData,seoul_bike_baseline_v3,2026-01-05T02:19:25.603081,13,TabPFN,24,clean_only,True,42,7,0,48
212.8668727874756,283.4448521864703,1.09564178752582,22.059901536778312,SeoulBikeData,seoul_bike_baseline_v3,2026-01-05T02:28:02.932234,14,TabPFN,24,clean_only,True,42,7,0,48
96.4850565592448,129.49056444712093,0.495201893805473,6.840300913359148,SeoulBikeData,seoul_bike_baseline_v3,2026-01-05T02:36:56.218104,15,TabPFN,24,clean_only,True,42,7,0,48
343.4911702473958,465.1442818514983,1.7664340703101051,32.433529893926256,SeoulBikeData,seoul_bike_baseline_v3,2026-01-05T02:46:16.664196,16,TabPFN,24,clean_only,True,42,7,0,48
262.5158627827962,350.40932550033284,1.3443950636403228,19.36965750188601,SeoulBikeData,seoul_bike_baseline_v3,2026-01-05T02:55:25.269522,17,TabPFN,24,clean_only,True,42,7,0,48
70.57925669352214,132.1799878728104,0.3590252144593976,4.621235536386403,SeoulBikeData,seoul_bike_baseline_v3,2026-01-05T03:04:32.742391,18,TabPFN,24,clean_only,True,42,7,0,48
175.8371238708496,217.6681871337422,0.8949836920549171,11.91074656422852,SeoulBikeData,seoul_bike_baseline_v3,2026-01-05T03:13:37.695880,19,TabPFN,24,clean_only,True,42,7,0,48
303.1902936299642,404.21558118927175,1.658399562138034,34.43444752067442,SeoulBikeData,seoul_bike_baseline_v3,2026-01-05T03:21:06.024758,0,TabPFN,48,clean_only,True,42,7,0,48
142.11461408933005,194.76897831336848,0.769107144524007,31.44690109468125,SeoulBikeData,seoul_bike_baseline_v3,2026-01-05T03:28:46.087541,1,TabPFN,48,clean_only,True,42,7,0,48
102.79284159342448,160.2128237698353,0.5332708114515154,8.308149549245437,SeoulBikeData,seoul_bike_baseline_v3,2026-01-05T03:36:36.798561,2,TabPFN,48,clean_only,True,42,7,0,48
186.3860715230306,250.127096512178,0.9695130708451892,18.46391575702128,SeoulBikeData,seoul_bike_baseline_v3,2026-01-05T03:44:36.588149,3,TabPFN,48,clean_only,True,42,7,0,48
237.60274720191956,372.6729205200822,1.2293191476033367,26.859467771738245,SeoulBikeData,seoul_bike_baseline_v3,2026-01-05T03:52:47.734589,4,TabPFN,48,clean_only,True,42,7,0,48
112.75213845570882,133.8756472027327,0.5806338056643405,11.221992461121344,SeoulBikeData,seoul_bike_baseline_v3,2026-01-05T04:01:36.670572,5,TabPFN,48,clean_only,True,42,7,0,48
163.04747454325357,273.63954074298437,0.8381702963013816,15.523818747829496,SeoulBikeData,seoul_bike_baseline_v3,2026-01-05T04:10:24.420607,6,TabPFN,48,clean_only,True,42,7,0,48
165.10669485727945,222.07970039298831,0.8498165633621936,16.03204518373626,SeoulBikeData,seoul_bike_baseline_v3,2026-01-05T04:19:21.256485,7,TabPFN,48,clean_only,True,42,7,0,48
244.71299521128336,382.808567882324,1.2584584688960336,20.78804092039545,SeoulBikeData,seoul_bike_baseline_v3,2026-01-05T04:28:25.558585,8,TabPFN,48,clean_only,True,42,7,0,48
137.91563606262207,210.47369685266096,0.7015544387170018,8.755726674885418,SeoulBikeData,seoul_bike_baseline_v3,2026-01-05T04:37:42.828846,9,TabPFN,48,clean_only,True,42,7,0,48
429.3065214157105,639.0190358546804,2.1776282585678537,39.56416171068202,SeoulBikeData,seoul_bike_baseline_v3,2026-01-05T04:47:15.872580,10,TabPFN,48,clean_only,True,42,7,0,48
297.31624968846637,412.1748944455962,1.4734448201608714,27.36121109644803,SeoulBikeData,seoul_bike_baseline_v3,2026-01-05T04:56:43.074472,11,TabPFN,48,clean_only,True,42,7,0,48
305.5440951983134,376.1138861443918,1.4865454998639105,27.36448479776281,SeoulBikeData,seoul_bike_baseline_v3,2026-01-05T05:06:19.209726,12,TabPFN,48,clean_only,True,42,7,0,48
235.0052668253581,315.0262220594462,1.1276031437874725,20.56906513786937,SeoulBikeData,seoul_bike_baseline_v3,2026-01-05T05:16:12.696537,13,TabPFN,48,clean_only,True,42,7,0,48
309.60572655995685,475.2478896616336,1.479193900418054,24.120258894129684,SeoulBikeData,seoul_bike_baseline_v3,2026-01-05T05:26:31.517632,14,TabPFN,48,clean_only,True,42,7,0,48
117.9896198908488,187.8156936677317,0.5599410756713196,8.76553330948867,SeoulBikeData,seoul_bike_baseline_v3,2026-01-05T05:36:56.371546,15,TabPFN,48,clean_only,True,42,7,0,48
89.80450503031413,138.78875373213086,0.4269995451017847,6.02397039551962,SeoulBikeData,seoul_bike_baseline_v3,2026-01-05T05:47:32.775760,16,TabPFN,48,clean_only,True,42,7,0,48
219.87163639068604,325.91133346637747,1.0476036884240654,20.217807624243637,SeoulBikeData,seoul_bike_baseline_v3,2026-01-05T05:58:23.684837,17,TabPFN,48,clean_only,True,42,7,0,48
216.69064331054688,302.830895431897,1.0279527227291438,63.62793346752517,SeoulBikeData,seoul_bike_baseline_v3,2026-01-05T06:09:21.938675,18,TabPFN,48,clean_only,True,42,7,0,48
162.03246275583902,226.4389104448003,0.7435432271264826,25.90686780611717,SeoulBikeData,seoul_bike_baseline_v3,2026-01-05T06:20:20.559683,19,TabPFN,48,clean_only,True,42,7,0,48
171.40905938829695,259.67383047411755,0.9375785274411904,23.30730135221887,SeoulBikeData,seoul_bike_baseline_v3,2026-01-05T06:28:05.269356,0,TabPFN,168,clean_only,True,42,7,0,48
205.7203080086481,304.8213281997226,1.070548828802067,19.97113695503072,SeoulBikeData,seoul_bike_baseline_v3,2026-01-05T06:36:26.255768,1,TabPFN,168,clean_only,True,42,7,0,48
198.77047556922548,319.40816004592676,1.0230865719413955,18.79933448181228,SeoulBikeData,seoul_bike_baseline_v3,2026-01-05T06:45:27.792359,2,TabPFN,168,clean_only,True,42,7,0,48
254.25786881219773,385.5464006641766,1.2756581317417954,25.02089608414017,SeoulBikeData,seoul_bike_baseline_v3,2026-01-05T06:55:04.737867,3,TabPFN,168,clean_only,True,42,7,0,48
204.8766577584403,318.12867201199884,0.9788330011254954,16.704643511291266,SeoulBikeData,seoul_bike_baseline_v3,2026-01-05T07:05:17.698180,4,TabPFN,168,clean_only,True,42,7,0,48
191.16476440429688,274.4408863570208,0.9084672177468928,43.55735087742512,SeoulBikeData,seoul_bike_baseline_v3,2026-01-05T07:16:13.980889,5,TabPFN,168,clean_only,True,42,7,0,48
96.90087620417276,167.21470227369932,0.4268220779062254,21.71651987801786,SeoulBikeData,seoul_bike_baseline_v3,2026-01-05T07:27:50.070906,6,TabPFN,168,clean_only,True,42,7,0,48
146.1817505246117,227.95738316205768,0.6334980222516121,21.69105487326646,SeoulBikeData,seoul_bike_baseline_v3,2026-01-05T07:40:06.232641,7,TabPFN,168,clean_only,True,42,7,0,48
147.15316772460938,209.02334211032425,0.6211432876038486,15.982267440284698,SeoulBikeData,seoul_bike_baseline_v3,2026-01-05T07:53:10.935820,8,TabPFN,168,clean_only,True,42,7,0,48
102.82426053001768,193.7199572000113,0.4393960455286337,11.653537030308875,SeoulBikeData,seoul_bike_baseline_v3,2026-01-05T08:07:03.615105,9,TabPFN,168,clean_only,True,42,7,0,48
105.5354350862049,164.30008017428702,0.4556359312754352,12.540403485104088,SeoulBikeData,seoul_bike_baseline_v3,2026-01-05T08:21:43.068939,10,TabPFN,168,clean_only,True,42,7,0,48
138.32725606645857,194.46017921554295,0.6047833272927794,15.645264499106943,SeoulBikeData,seoul_bike_baseline_v3,2026-01-05T08:37:13.490661,11,TabPFN,168,clean_only,True,42,7,0,48
165.85987781343005,250.89891863454233,0.7329138192710314,17.147335641262757,SeoulBikeData,seoul_bike_baseline_v3,2026-01-05T09:04:55.026227,12,TabPFN,168,clean_only,True,42,7,0,48
190.74998128981815,320.6307513050063,0.8414315083019849,26.351960098008817,SeoulBikeData,seoul_bike_baseline_v3,2026-01-05T09:22:31.071470,13,TabPFN,168,clean_only,True,42,7,0,48
182.93680943761552,261.5886400677007,0.795687576843811,36.7703034370475,SeoulBikeData,seoul_bike_baseline_v3,2026-01-05T09:41:22.502654,14,TabPFN,168,clean_only,True,42,7,0,48
194.43638495036535,273.52012059403694,0.8285311167829239,21.44712781694933,SeoulBikeData,seoul_bike_baseline_v3,2026-01-05T10:01:03.985545,15,TabPFN,168,clean_only,True,42,7,0,48
141.30492264883858,205.27137656228663,0.5927905445328832,15.148221209771906,SeoulBikeData,seoul_bike_baseline_v3,2026-01-05T10:21:26.469682,16,TabPFN,168,clean_only,True,42,7,0,48
144.08263567515783,214.4776940237176,0.6066185729347953,24.520191143413868,SeoulBikeData,seoul_bike_baseline_v3,2026-01-05T10:42:51.678980,17,TabPFN,168,clean_only,True,42,7,48,48
292.53427233014787,465.09743989217,1.2138450906193945,34.62814805398625,SeoulBikeData,seoul_bike_baseline_v3,2026-01-05T11:04:40.809860,18,TabPFN,168,clean_only,True,42,7,41,96
258.9807802609035,378.9241560253462,1.0626939392099524,47.92157540446636,SeoulBikeData,seoul_bike_baseline_v3,2026-01-05T11:27:26.052183,19,TabPFN,168,clean_only,True,42,7,62,137
119.32564290364584,143.01017624538244,0.6526910593805642,6.475864665653878,SeoulBikeData,seoul_bike_baseline_v3,2026-01-05T11:33:28.559211,0,TabPFN_NoWeather,6,clean_only,False,42,0,0,48
149.1523412068685,158.20923492321756,0.8164631295766479,37.34825574218632,SeoulBikeData,seoul_bike_baseline_v3,2026-01-05T11:39:31.895369,1,TabPFN_NoWeather,6,clean_only,False,42,0,0,48
473.09803136189777,580.2785437149125,2.588958120932044,68.36624106623096,SeoulBikeData,seoul_bike_baseline_v3,2026-01-05T11:45:36.645859,2,TabPFN_NoWeather,6,clean_only,False,42,0,0,48
142.4649454752604,157.9124993604297,0.7777655936213185,9.322236272373924,SeoulBikeData,seoul_bike_baseline_v3,2026-01-05T11:51:41.922015,3,TabPFN_NoWeather,6,clean_only,False,42,0,0,48
361.6411946614583,378.2616294229843,1.9740960538276884,17.56635287229381,SeoulBikeData,seoul_bike_baseline_v3,2026-01-05T11:57:47.349343,4,TabPFN_NoWeather,6,clean_only,False,42,0,0,48
250.55011240641275,261.7926502903182,1.3654564633640622,50.390568928413074,SeoulBikeData,seoul_bike_baseline_v3,2026-01-05T12:03:53.528424,5,TabPFN_NoWeather,6,clean_only,False,42,0,0,48
470.8992767333984,651.2473318285512,2.564234408053113,54.156259386375496,SeoulBikeData,seoul_bike_baseline_v3,2026-01-05T12:10:01.700346,6,TabPFN_NoWeather,6,clean_only,False,42,0,0,48
772.9795939127604,980.7570771582843,4.202219248326158,73.38425055632128,SeoulBikeData,seoul_bike_baseline_v3,2026-01-05T12:16:10.916578,7,TabPFN_NoWeather,6,clean_only,False,42,0,0,48
1375.654950459798,1520.9785991443634,7.444878611381924,177.3413393266231,SeoulBikeData,seoul_bike_baseline_v3,2026-01-05T12:22:22.465639,8,TabPFN_NoWeather,6,clean_only,False,42,0,0,48
509.37157185872394,596.6594929632423,2.7123877809072106,161.43091600953687,SeoulBikeData,seoul_bike_baseline_v3,2026-01-05T12:28:34.469648,9,TabPFN_NoWeather,6,clean_only,False,42,0,0,48
753.1927909851074,898.5459763689701,3.995561300962839,117.41141421390292,SeoulBikeData,seoul_bike_baseline_v3,2026-01-05T12:34:47.126348,10,TabPFN_NoWeather,6,clean_only,False,42,0,0,48
747.7061449686686,931.3883966432842,3.9580449091628225,98.5647903330196,SeoulBikeData,seoul_bike_baseline_v3,2026-01-05T12:41:01.264510,11,TabPFN_NoWeather,6,clean_only,False,42,0,0,48
1789.7785008748372,1890.065944573396,9.43125153175015,151.8425967958109,SeoulBikeData,seoul_bike_baseline_v3,2026-01-05T12:47:14.713309,12,TabPFN_NoWeather,6,clean_only,False,42,0,0,48
379.96743329366046,427.81689086937973,1.9729691586623728,126.93021679267363,SeoulBikeData,seoul_bike_baseline_v3,2026-01-05T12:53:30.351407,13,TabPFN_NoWeather,6,clean_only,False,42,0,0,48
144.59520721435547,170.5993561173621,0.7490467179048451,16.622015483969133,SeoulBikeData,seoul_bike_baseline_v3,2026-01-05T12:59:47.454688,14,TabPFN_NoWeather,6,clean_only,False,42,0,0,48
56.927571614583336,67.82690346168094,0.2951613565962903,4.93099040754554,SeoulBikeData,seoul_bike_baseline_v3,2026-01-05T13:06:04.080033,15,TabPFN_NoWeather,6,clean_only,False,42,0,0,48
175.6890869140625,194.3251690290464,0.9114434477101871,9.683911263038592,SeoulBikeData,seoul_bike_baseline_v3,2026-01-05T13:12:22.051789,16,TabPFN_NoWeather,6,clean_only,False,42,0,0,48
18.16489919026693,22.061205170242864,0.0942758970245607,5.254332938780975,SeoulBikeData,seoul_bike_baseline_v3,2026-01-05T13:18:41.456297,17,TabPFN_NoWeather,6,clean_only,False,42,0,0,48
41.04755147298177,58.170102656250435,0.2132922035643236,4.411964777915099,SeoulBikeData,seoul_bike_baseline_v3,2026-01-05T13:25:01.355528,18,TabPFN_NoWeather,6,clean_only,False,42,0,0,48
96.21781412760416,102.8226443609537,0.500440347062962,7.661764862163074,SeoulBikeData,seoul_bike_baseline_v3,2026-01-05T13:31:22.484294,19,TabPFN_NoWeather,6,clean_only,False,42,0,0,48
218.4468002319336,317.9026176742151,1.1948670042096956,27.16518237342295,SeoulBikeData,seoul_bike_baseline_v3,2026-01-05T13:37:25.763651,0,TabPFN_NoWeather,24,clean_only,False,42,0,0,48
462.9922695159912,611.822477951292,2.527342641536882,49.26413818880715,SeoulBikeData,seoul_bike_baseline_v3,2026-01-05T13:43:34.113237,1,TabPFN_NoWeather,24,clean_only,False,42,0,0,48
738.9847532908121,974.17694142474,3.9992963221433153,113.49111601923867,SeoulBikeData,seoul_bike_baseline_v3,2026-01-05T13:49:46.291775,2,TabPFN_NoWeather,24,clean_only,False,42,0,0,48
677.5026366710663,1010.3246308159968,3.5701053380323313,89.01847886713746,SeoulBikeData,seoul_bike_baseline_v3,2026-01-05T13:56:01.169103,3,TabPFN_NoWeather,24,clean_only,False,42,0,0,48
98.16601371765135,127.05500954418244,0.5092676589215065,8.576152723826167,SeoulBikeData,seoul_bike_baseline_v3,2026-01-05T14:02:20.068681,4,TabPFN_NoWeather,24,clean_only,False,42,0,0,48
171.48105430603027,304.1587620225026,0.8927479115436721,15.25741867206031,SeoulBikeData,seoul_bike_baseline_v3,2026-01-05T14:08:43.557160,5,TabPFN_NoWeather,24,clean_only,False,42,0,0,48
149.59765561421713,204.27252043793845,0.7781530095067184,13.84996234420698,SeoulBikeData,seoul_bike_baseline_v3,2026-01-05T14:15:12.754817,6,TabPFN_NoWeather,24,clean_only,False,42,0,0,48
295.98838233947754,448.6805381607123,1.540295263602393,30.05779654444249,SeoulBikeData,seoul_bike_baseline_v3,2026-01-05T14:21:45.384800,7,TabPFN_NoWeather,24,clean_only,False,42,0,0,48
184.92194811503092,275.1995418054813,0.9567570001062752,12.03095305968165,SeoulBikeData,seoul_bike_baseline_v3,2026-01-05T14:28:22.408611,8,TabPFN_NoWeather,24,clean_only,False,42,0,0,48
325.03997866312665,604.7668881637591,1.6826793407903824,25.39881663316387,SeoulBikeData,seoul_bike_baseline_v3,2026-01-05T14:35:03.803891,9,TabPFN_NoWeather,24,clean_only,False,42,0,0,48
280.1521530151367,484.0879160755931,1.4426849281810803,20.35283502452486,SeoulBikeData,seoul_bike_baseline_v3,2026-01-05T14:41:48.911045,10,TabPFN_NoWeather,24,clean_only,False,42,0,0,48
90.69814745585124,105.85725297288974,0.4647730302525059,9.486543155928585,SeoulBikeData,seoul_bike_baseline_v3,2026-01-05T14:48:39.049697,11,TabPFN_NoWeather,24,clean_only,False,42,0,0,48
150.4575106302897,276.7139864367476,0.7734496754336647,13.653789405578156,SeoulBikeData,seoul_bike_baseline_v3,2026-01-05T14:55:33.665785,12,TabPFN_NoWeather,24,clean_only,False,42,0,0,48
115.4884427388509,149.61194592944025,0.5933003124679855,12.798420403615522,SeoulBikeData,seoul_bike_baseline_v3,2026-01-05T15:02:33.065391,13,TabPFN_NoWeather,24,clean_only,False,42,0,0,48
154.22982025146484,182.11765947383745,0.7938324725557914,16.525026557891486,SeoulBikeData,seoul_bike_baseline_v3,2026-01-05T15:09:37.010436,14,TabPFN_NoWeather,24,clean_only,False,42,0,0,48
118.04370435078938,188.61206691996088,0.6058499422698769,7.322956003012044,SeoulBikeData,seoul_bike_baseline_v3,2026-01-05T15:16:44.595897,15,TabPFN_NoWeather,24,clean_only,False,42,0,0,48
363.3099002838135,471.3388833790135,1.8683536624247783,33.84566457864666,SeoulBikeData,seoul_bike_baseline_v3,2026-01-05T15:23:56.745798,16,TabPFN_NoWeather,24,clean_only,False,42,0,0,48
348.88701248168945,419.9202879650246,1.786718609597642,27.663035998029017,SeoulBikeData,seoul_bike_baseline_v3,2026-01-05T15:31:14.608348,17,TabPFN_NoWeather,24,clean_only,False,42,0,0,48
105.29344685872395,154.83800214284528,0.5356106611291667,7.278475766964626,SeoulBikeData,seoul_bike_baseline_v3,2026-01-05T15:38:35.573625,18,TabPFN_NoWeather,24,clean_only,False,42,0,0,48
272.2968928019206,375.10863026365473,1.3859489571379746,20.49766406203237,SeoulBikeData,seoul_bike_baseline_v3,2026-01-05T15:46:00.602830,19,TabPFN_NoWeather,24,clean_only,False,42,0,0,48
303.9601408640544,467.4628928281973,1.6626104961380734,33.496209774799176,SeoulBikeData,seoul_bike_baseline_v3,2026-01-05T15:52:05.576742,0,TabPFN_NoWeather,48,clean_only,False,42,0,0,48
657.5866413116455,945.160808229126,3.5587795612520616,83.21824888232409,SeoulBikeData,seoul_bike_baseline_v3,2026-01-05T15:58:20.673820,1,TabPFN_NoWeather,48,clean_only,False,42,0,0,48
145.27416769663492,234.82044998324488,0.7536563061165897,12.395102511424271,SeoulBikeData,seoul_bike_baseline_v3,2026-01-05T16:04:43.712254,2,TabPFN_NoWeather,48,clean_only,False,42,0,0,48
162.33726755777994,228.0187624479376,0.8444198726679685,15.01743971072795,SeoulBikeData,seoul_bike_baseline_v3,2026-01-05T16:11:15.656317,3,TabPFN_NoWeather,48,clean_only,False,42,0,0,48
208.6053148905436,358.7426132292866,1.0792910052880775,17.100129122191976,SeoulBikeData,seoul_bike_baseline_v3,2026-01-05T16:17:55.150177,4,TabPFN_NoWeather,48,clean_only,False,42,0,0,48
222.49106057484943,371.5689002112254,1.1457506083453737,17.942205264456533,SeoulBikeData,seoul_bike_baseline_v3,2026-01-05T16:24:42.988793,5,TabPFN_NoWeather,48,clean_only,False,42,0,0,48
192.2245944341024,310.449115091011,0.9881597106890672,18.6064859314543,SeoulBikeData,seoul_bike_baseline_v3,2026-01-05T16:31:41.152728,6,TabPFN_NoWeather,48,clean_only,False,42,0,0,48
157.02618090311685,186.95670247071465,0.808225550928309,14.993831733812913,SeoulBikeData,seoul_bike_baseline_v3,2026-01-05T16:38:48.176639,7,TabPFN_NoWeather,48,clean_only,False,42,0,0,48
246.43736584981283,375.05580664313266,1.2673261991598044,21.521367556188196,SeoulBikeData,seoul_bike_baseline_v3,2026-01-05T16:46:02.746170,8,TabPFN_NoWeather,48,clean_only,False,42,0,0,48
181.9233436584473,256.16137354927884,0.9254144989903164,12.889235854839097,SeoulBikeData,seoul_bike_baseline_v3,2026-01-05T16:53:26.671169,9,TabPFN_NoWeather,48,clean_only,False,42,0,0,48
447.594534556071,678.878658606323,2.270392966814496,41.27379107997495,SeoulBikeData,seoul_bike_baseline_v3,2026-01-05T17:00:59.641300,10,TabPFN_NoWeather,48,clean_only,False,42,0,0,48
402.3694458007813,552.5477020635653,1.9940691984625167,32.51683758981765,SeoulBikeData,seoul_bike_baseline_v3,2026-01-05T17:08:39.470797,11,TabPFN_NoWeather,48,clean_only,False,42,0,0,48
494.51579729715985,634.3076415781607,2.4059382741681747,46.95734809728428,SeoulBikeData,seoul_bike_baseline_v3,2026-01-05T17:16:29.682578,12,TabPFN_NoWeather,48,clean_only,False,42,0,0,48
268.4227345784505,331.7676469974043,1.2879469616296753,27.04844499985361,SeoulBikeData,seoul_bike_baseline_v3,2026-01-05T17:24:28.652367,13,TabPFN_NoWeather,48,clean_only,False,42,0,0,48
294.12347253163654,456.8680784414354,1.4052248043749311,23.165677325511723,SeoulBikeData,seoul_bike_baseline_v3,2026-01-05T17:32:37.110155,14,TabPFN_NoWeather,48,clean_only,False,42,0,0,48
116.6086753209432,191.9193793101073,0.5533875535171611,8.053812266840717,SeoulBikeData,seoul_bike_baseline_v3,2026-01-05T17:40:54.842074,15,TabPFN_NoWeather,48,clean_only,False,42,0,0,48
148.37298965454102,277.3754092939738,0.7054790744238816,10.941258670147906,SeoulBikeData,seoul_bike_baseline_v3,2026-01-05T17:49:22.066326,16,TabPFN_NoWeather,48,clean_only,False,42,0,0,48
253.21626472473145,312.2590987252647,1.206478003480354,23.14490993588413,SeoulBikeData,seoul_bike_baseline_v3,2026-01-05T17:57:59.690333,17,TabPFN_NoWeather,48,clean_only,False,42,0,0,48
725.7835992177328,1074.115246288228,3.4430246527018036,86.67894979197847,SeoulBikeData,seoul_bike_baseline_v3,2026-01-05T18:06:46.609060,18,TabPFN_NoWeather,48,clean_only,False,42,0,0,48
345.48236592610675,656.2524954308485,1.585367949773588,32.36344088596716,SeoulBikeData,seoul_bike_baseline_v3,2026-01-05T18:15:42.877512,19,TabPFN_NoWeather,48,clean_only,False,42,0,0,48
320.4531906218756,529.002247204171,1.7528246852838314,37.88861753494625,SeoulBikeData,seoul_bike_baseline_v3,2026-01-05T18:22:01.549990,0,TabPFN_NoWeather,168,clean_only,False,42,0,0,48
240.75557154700869,354.6481267562572,1.2528689930621115,22.11797843295385,SeoulBikeData,seoul_bike_baseline_v3,2026-01-05T18:28:48.474203,1,TabPFN_NoWeather,168,clean_only,False,42,0,0,48
231.10847336905343,366.1801996882186,1.189532676262115,21.350743437729054,SeoulBikeData,seoul_bike_baseline_v3,2026-01-05T18:36:07.984227,2,TabPFN_NoWeather,168,clean_only,False,42,0,0,48
390.88371476672944,558.9045102894164,1.9611349361066364,34.309589758830825,SeoulBikeData,seoul_bike_baseline_v3,2026-01-05T18:43:57.534928,3,TabPFN_NoWeather,168,clean_only,False,42,0,0,48
224.254148210798,334.01065005659734,1.0714122502272907,18.069522774904236,SeoulBikeData,seoul_bike_baseline_v3,2026-01-05T18:52:16.484943,4,TabPFN_NoWeather,168,clean_only,False,42,0,0,48
494.3227148510161,807.6848694962255,2.349156670316275,57.487832937943814,SeoulBikeData,seoul_bike_baseline_v3,2026-01-05T19:01:10.290113,5,TabPFN_NoWeather,168,clean_only,False,42,0,0,48
836.4948380334037,1044.2604913399214,3.6845328846662593,124.33967453724776,SeoulBikeData,seoul_bike_baseline_v3,2026-01-05T19:10:37.789769,6,TabPFN_NoWeather,168,clean_only,False,42,0,0,48
370.2048061007545,630.3525860016002,1.6043316737637798,40.59483444298384,SeoulBikeData,seoul_bike_baseline_v3,2026-01-05T19:20:39.427752,7,TabPFN_NoWeather,168,clean_only,False,42,0,0,48
207.7773706345331,325.4035941516594,0.8770420717489847,20.962537117729095,SeoulBikeData,seoul_bike_baseline_v3,2026-01-05T19:31:19.583339,8,TabPFN_NoWeather,168,clean_only,False,42,0,0,48
159.9101025717599,270.4675601401648,0.6833393826313708,17.012351672393365,SeoulBikeData,seoul_bike_baseline_v3,2026-01-05T19:42:34.138468,9,TabPFN_NoWeather,168,clean_only,False,42,0,0,48
160.5478412083217,254.264036192733,0.693145056761853,18.12003959364618,SeoulBikeData,seoul_bike_baseline_v3,2026-01-05T19:54:20.975532,10,TabPFN_NoWeather,168,clean_only,False,42,0,0,48
124.01642163594563,170.18728041030425,0.5422146455351982,14.142723135162624,SeoulBikeData,seoul_bike_baseline_v3,2026-01-05T20:06:50.390152,11,TabPFN_NoWeather,168,clean_only,False,42,0,0,48
208.63599259512765,301.41707882571967,0.921936059438698,21.107764918332844,SeoulBikeData,seoul_bike_baseline_v3,2026-01-05T20:19:59.834835,12,TabPFN_NoWeather,168,clean_only,False,42,0,0,48
275.07333537510465,434.6069126827098,1.2133965618935902,34.521131926842955,SeoulBikeData,seoul_bike_baseline_v3,2026-01-05T20:33:50.832651,13,TabPFN_NoWeather,168,clean_only,False,42,0,0,48
430.70029749189104,625.7350944298043,1.8733401829340348,60.8678008355126,SeoulBikeData,seoul_bike_baseline_v3,2026-01-05T20:48:23.307322,14,TabPFN_NoWeather,168,clean_only,False,42,0,0,48
372.1353139423189,539.7354574355452,1.5857406901167244,35.38065462023262,SeoulBikeData,seoul_bike_baseline_v3,2026-01-05T21:03:38.288273,15,TabPFN_NoWeather,168,clean_only,False,42,0,0,48
221.72752752758208,359.0760569747108,0.9301727025295926,20.537879951083664,SeoulBikeData,seoul_bike_baseline_v3,2026-01-05T21:19:44.462395,16,TabPFN_NoWeather,168,clean_only,False,42,0,0,48
378.1875814710344,567.8023126719206,1.5922502381956043,46.16255427444907,SeoulBikeData,seoul_bike_baseline_v3,2026-01-05T21:36:30.885145,17,TabPFN_NoWeather,168,clean_only,False,42,0,48,48
307.3203518277123,443.4952757408509,1.2751986197791194,37.411587616656334,SeoulBikeData,seoul_bike_baseline_v3,2026-01-05T21:54:02.968947,18,TabPFN_NoWeather,168,clean_only,False,42,0,41,96
400.0053574698312,591.4827319963557,1.6413699449297394,50.44096838853669,SeoulBikeData,seoul_bike_baseline_v3,2026-01-05T22:12:21.959080,19,TabPFN_NoWeather,168,clean_only,False,42,0,62,137
101.07358746449808,133.61954368494196,0.5528554070382616,5.111280359687901,SeoulBikeData,seoul_bike_baseline_v3,2026-01-05T22:12:59.812080,0,SARIMAX,6,degraded,True,42,7,0,48
143.0468252274475,156.0699545126103,0.7830414035487313,44.08947369596868,SeoulBikeData,seoul_bike_baseline_v3,2026-01-05T22:13:37.420274,1,SARIMAX,6,degraded,True,42,7,0,48
292.7831289929177,341.3854988968667,1.6022118234059437,35.503547467730165,SeoulBikeData,seoul_bike_baseline_v3,2026-01-05T22:14:14.371797,2,SARIMAX,6,degraded,True,42,7,0,48
192.8555102918756,210.35194808616583,1.052865179886307,13.394173451397148,SeoulBikeData,seoul_bike_baseline_v3,2026-01-05T22:14:53.287451,3,SARIMAX,6,degraded,True,42,7,0,48
537.7898408734009,560.4160333593809,2.9356412331582913,27.30084712864507,SeoulBikeData,seoul_bike_baseline_v3,2026-01-05T22:15:31.742835,4,SARIMAX,6,degraded,True,42,7,0,48
147.72033455456798,177.91114234069167,0.8050512675909456,26.51766004246659,SeoulBikeData,seoul_bike_baseline_v3,2026-01-05T22:16:09.289844,5,SARIMAX,6,degraded,True,42,7,0,48
269.367334836029,326.84845465494647,1.4668125913966183,40.536063724316904,SeoulBikeData,seoul_bike_baseline_v3,2026-01-05T22:16:47.419213,6,SARIMAX,6,degraded,True,42,7,0,48
667.4386958812777,816.0998548366422,3.6284576682195824,71.4475515962687,SeoulBikeData,seoul_bike_baseline_v3,2026-01-05T22:17:26.306024,7,SARIMAX,6,degraded,True,42,7,0,48
769.8178865986497,793.0633986812161,4.166161519414392,179.95854856495143,SeoulBikeData,seoul_bike_baseline_v3,2026-01-05T22:18:04.448831,8,SARIMAX,6,degraded,True,42,7,0,48
230.71607490807335,235.24157995017896,1.2285559246190056,200.0,SeoulBikeData,seoul_bike_baseline_v3,2026-01-05T22:18:44.370993,9,SARIMAX,6,degraded,True,42,7,0,48
316.7074410405637,418.1874031183185,1.680079802003399,34.53246751502017,SeoulBikeData,seoul_bike_baseline_v3,2026-01-05T22:19:20.774474,10,SARIMAX,6,degraded,True,42,7,0,48
59.55159579486004,69.73682344192366,0.3152413446839398,4.630022143298273,SeoulBikeData,seoul_bike_baseline_v3,2026-01-05T22:19:58.739031,11,SARIMAX,6,degraded,True,42,7,0,48
562.2381340398974,601.9401229731224,2.9627181577386437,29.295681954803303,SeoulBikeData,seoul_bike_baseline_v3,2026-01-05T22:20:37.810543,12,SARIMAX,6,degraded,True,42,7,0,48
142.28820988837336,143.86422697247957,0.7388271339930198,30.92295586893366,SeoulBikeData,seoul_bike_baseline_v3,2026-01-05T22:21:17.007397,13,SARIMAX,6,degraded,True,42,7,0,48
342.4951599303131,439.41735801069706,1.7742280701170166,35.726374387839016,SeoulBikeData,seoul_bike_baseline_v3,2026-01-05T22:21:54.961565,14,SARIMAX,6,degraded,True,42,7,0,48
79.053837220229,90.90869878493764,0.4098828946374315,6.853251739455161,SeoulBikeData,seoul_bike_baseline_v3,2026-01-05T22:22:32.965932,15,SARIMAX,6,degraded,True,42,7,0,48
479.69279007702306,510.2906418226754,2.4885600927699145,26.317394924416647,SeoulBikeData,seoul_bike_baseline_v3,2026-01-05T22:23:11.089353,16,SARIMAX,6,degraded,True,42,7,0,48
132.60695541026686,136.70377908083867,0.6882306112492733,24.45842163462112,SeoulBikeData,seoul_bike_baseline_v3,2026-01-05T22:23:49.880917,17,SARIMAX,6,degraded,True,42,7,0,48
261.4756164062491,350.80278065515654,1.3586854367753936,27.277122242372243,SeoulBikeData,seoul_bike_baseline_v3,2026-01-05T22:24:25.375186,18,SARIMAX,6,degraded,True,42,7,0,48
40.49902134866401,48.92079309058439,0.2106402487231434,3.2553143325505927,SeoulBikeData,seoul_bike_baseline_v3,2026-01-05T22:25:04.709609,19,SARIMAX,6,degraded,True,42,7,0,48
218.29209603674403,247.0394751835302,1.194020798460522,29.188899045857568,SeoulBikeData,seoul_bike_baseline_v3,2026-01-05T22:25:44.348628,0,SARIMAX,24,degraded,True,42,7,0,48
451.6071365353241,551.9505691700782,2.465194450398209,46.04028721709379,SeoulBikeData,seoul_bike_baseline_v3,2026-01-05T22:26:23.038848,1,SARIMAX,24,degraded,True,42,7,0,48
354.9166002013406,478.3895279760605,1.920765817605778,102.214716180555,SeoulBikeData,seoul_bike_baseline_v3,2026-01-05T22:27:02.589456,2,SARIMAX,24,degraded,True,42,7,0,48
270.8858578805202,395.1398409151543,1.4274351048559004,20.51864696468833,SeoulBikeData,seoul_bike_baseline_v3,2026-01-05T22:27:40.478680,3,SARIMAX,24,degraded,True,42,7,0,48
232.2751777927056,321.244394712051,1.2050019303044994,21.174274562517702,SeoulBikeData,seoul_bike_baseline_v3,2026-01-05T22:28:16.105592,4,SARIMAX,24,degraded,True,42,7,0,48
286.9291793003119,323.64269458888185,1.4937826608189062,29.393047954232372,SeoulBikeData,seoul_bike_baseline_v3,2026-01-05T22:28:55.224195,5,SARIMAX,24,degraded,True,42,7,0,48
319.92849848612764,393.7731760505439,1.6641525757993654,31.81909450151136,SeoulBikeData,seoul_bike_baseline_v3,2026-01-05T22:29:30.285963,6,SARIMAX,24,degraded,True,42,7,0,48
168.2941039891148,264.0467057297063,0.8757864387033012,19.37221208646961,SeoulBikeData,seoul_bike_baseline_v3,2026-01-05T22:30:07.904967,7,SARIMAX,24,degraded,True,42,7,0,48
328.8366451962103,455.11175451700495,1.701348949596995,26.3854866515111,SeoulBikeData,seoul_bike_baseline_v3,2026-01-05T22:30:42.497355,8,SARIMAX,24,degraded,True,42,7,0,48
260.702336639322,428.1596317710399,1.3496137852427552,27.844219453131252,SeoulBikeData,seoul_bike_baseline_v3,2026-01-05T22:31:20.487575,9,SARIMAX,24,degraded,True,42,7,0,48
300.7734716087604,416.584775356393,1.5488774568268755,25.51272610747088,SeoulBikeData,seoul_bike_baseline_v3,2026-01-05T22:31:59.043347,10,SARIMAX,24,degraded,True,42,7,0,48
300.0683318363521,368.84402020869936,1.5376683182893236,28.165840945577987,SeoulBikeData,seoul_bike_baseline_v3,2026-01-05T22:32:37.088889,11,SARIMAX,24,degraded,True,42,7,0,48
279.6938264101959,364.052807719046,1.4378085769964548,26.58151366239657,SeoulBikeData,seoul_bike_baseline_v3,2026-01-05T22:33:15.814038,12,SARIMAX,24,degraded,True,42,7,0,48
279.3383916785196,361.9780655768973,1.435048833777523,27.284856290466696,SeoulBikeData,seoul_bike_baseline_v3,2026-01-05T22:33:54.417558,13,SARIMAX,24,degraded,True,42,7,0,48
222.65522795909237,301.9659343419768,1.14602318702087,19.093937129763745,SeoulBikeData,seoul_bike_baseline_v3,2026-01-05T22:34:31.400046,14,SARIMAX,24,degraded,True,42,7,0,48
324.149194772316,434.9337038375272,1.6636700112022655,23.08022637124941,SeoulBikeData,seoul_bike_baseline_v3,2026-01-05T22:35:09.725656,15,SARIMAX,24,degraded,True,42,7,0,48
399.47326746058343,468.7170482506499,2.054327013157991,34.41525028313727,SeoulBikeData,seoul_bike_baseline_v3,2026-01-05T22:35:47.864230,16,SARIMAX,24,degraded,True,42,7,0,48
194.6301020271316,282.96242313168693,0.9967388089518368,16.109632501102,SeoulBikeData,seoul_bike_baseline_v3,2026-01-05T22:36:24.386192,17,SARIMAX,24,degraded,True,42,7,0,48
276.22277865417715,373.6966572201954,1.405100407553438,23.89845817260939,SeoulBikeData,seoul_bike_baseline_v3,2026-01-05T22:37:04.845276,18,SARIMAX,24,degraded,True,42,7,0,48
368.62144646626166,421.8393536562105,1.8762259974822733,31.151722296121054,SeoulBikeData,seoul_bike_baseline_v3,2026-01-05T22:37:43.229478,19,SARIMAX,24,degraded,True,42,7,0,48
357.3624893805322,466.94461053739815,1.9547122990571264,38.49887471327273,SeoulBikeData,seoul_bike_baseline_v3,2026-01-05T22:38:22.075756,0,SARIMAX,48,degraded,True,42,7,0,48
313.57813960233966,435.2194111118742,1.697047056561745,58.69745786180127,SeoulBikeData,seoul_bike_baseline_v3,2026-01-05T22:39:00.506169,1,SARIMAX,48,degraded,True,42,7,0,48
255.6861325848482,325.54733852055796,1.3264537616318204,23.935313633689734,SeoulBikeData,seoul_bike_baseline_v3,2026-01-05T22:39:38.211514,2,SARIMAX,48,degraded,True,42,7,0,48
268.217631040307,362.8533411253946,1.3951713075972976,25.246179252035855,SeoulBikeData,seoul_bike_baseline_v3,2026-01-05T22:40:16.803836,3,SARIMAX,48,degraded,True,42,7,0,48
268.5689513997836,408.56740401346167,1.3895334052132402,22.858530663451315,SeoulBikeData,seoul_bike_baseline_v3,2026-01-05T22:40:56.567057,4,SARIMAX,48,degraded,True,42,7,0,48
321.00441455154277,417.16966604295914,1.6530596883475683,29.477637292593673,SeoulBikeData,seoul_bike_baseline_v3,2026-01-05T22:41:35.358853,5,SARIMAX,48,degraded,True,42,7,0,48
290.1622520126728,375.1194843710694,1.4916231080930975,28.148323047185723,SeoulBikeData,seoul_bike_baseline_v3,2026-01-05T22:42:13.815339,6,SARIMAX,48,degraded,True,42,7,0,48
289.1180272933795,403.0610234931636,1.4881122087320615,22.522618282641226,SeoulBikeData,seoul_bike_baseline_v3,2026-01-05T22:42:52.614100,7,SARIMAX,48,degraded,True,42,7,0,48
304.1254638776679,380.2383598563087,1.5639924038089614,26.5333190618438,SeoulBikeData,seoul_bike_baseline_v3,2026-01-05T22:43:30.762306,8,SARIMAX,48,degraded,True,42,7,0,48
333.52391531214454,414.7419566941587,1.69658198218558,27.075417092505695,SeoulBikeData,seoul_bike_baseline_v3,2026-01-05T22:44:09.476886,9,SARIMAX,48,degraded,True,42,7,0,48
438.7199879038213,633.7034762612262,2.225377429877883,42.75038203367954,SeoulBikeData,seoul_bike_baseline_v3,2026-01-05T22:44:47.944061,10,SARIMAX,48,degraded,True,42,7,0,48
367.9199633791905,467.1446799090755,1.8233438799355184,30.133685482358423,SeoulBikeData,seoul_bike_baseline_v3,2026-01-05T22:45:26.936130,11,SARIMAX,48,degraded,True,42,7,0,48
238.10881473788433,375.9676682228289,1.1584566437024222,30.4354679252644,SeoulBikeData,seoul_bike_baseline_v3,2026-01-05T22:46:06.203717,12,SARIMAX,48,degraded,True,42,7,0,48
347.4047632395407,404.627329614351,1.6669188247885631,29.93047626179816,SeoulBikeData,seoul_bike_baseline_v3,2026-01-05T22:46:44.474569,13,SARIMAX,48,degraded,True,42,7,0,48
274.0616251797821,421.9102607918877,1.3093759240466971,23.626534456564052,SeoulBikeData,seoul_bike_baseline_v3,2026-01-05T22:47:23.879129,14,SARIMAX,48,degraded,True,42,7,0,48
299.4549182050138,400.71604476699207,1.4211174607554389,21.78692446359643,SeoulBikeData,seoul_bike_baseline_v3,2026-01-05T22:47:59.184089,15,SARIMAX,48,degraded,True,42,7,0,48
282.15722894824904,354.40540386135984,1.3415920322417374,23.25299683057381,SeoulBikeData,seoul_bike_baseline_v3,2026-01-05T22:48:38.409378,16,SARIMAX,48,degraded,True,42,7,0,48
281.1943711895052,372.00612627693295,1.3397829081454458,26.71320431825232,SeoulBikeData,seoul_bike_baseline_v3,2026-01-05T22:49:16.940617,17,SARIMAX,48,degraded,True,42,7,0,48
668.606059274752,956.9136695067376,3.171781709465405,83.36818706731788,SeoulBikeData,seoul_bike_baseline_v3,2026-01-05T22:49:55.364874,18,SARIMAX,48,degraded,True,42,7,0,48
362.4950414720939,591.866038111356,1.6634366247932375,32.108198266352055,SeoulBikeData,seoul_bike_baseline_v3,2026-01-05T22:50:34.521005,19,SARIMAX,48,degraded,True,42,7,0,48
353.3778248503857,495.028516792189,1.932916858863625,40.92038556380964,SeoulBikeData,seoul_bike_baseline_v3,2026-01-05T22:51:11.600935,0,SARIMAX,168,degraded,True,42,7,0,48
305.08467545676456,412.182811431258,1.587631503944511,27.937698757933703,SeoulBikeData,seoul_bike_baseline_v3,2026-01-05T22:51:50.664264,1,SARIMAX,168,degraded,True,42,7,0,48
315.48908119156647,420.6323812874178,1.6238460044777063,27.693848732856612,SeoulBikeData,seoul_bike_baseline_v3,2026-01-05T22:52:29.501972,2,SARIMAX,168,degraded,True,42,7,0,48
307.4120604382833,413.9299048773685,1.54234241215658,28.426520728837883,SeoulBikeData,seoul_bike_baseline_v3,2026-01-05T22:53:08.506408,3,SARIMAX,168,degraded,True,42,7,0,48
289.37294741323694,389.2396367101075,1.3825283644317938,24.471330034601483,SeoulBikeData,seoul_bike_baseline_v3,2026-01-05T22:53:47.338924,4,SARIMAX,168,degraded,True,42,7,0,48
513.2875458391103,784.692679125377,2.4392827314472707,57.43251178926977,SeoulBikeData,seoul_bike_baseline_v3,2026-01-05T22:54:26.549400,5,SARIMAX,168,degraded,True,42,7,0,48
356.3120590127087,514.4187262299746,1.5694579798268216,45.26803525072423,SeoulBikeData,seoul_bike_baseline_v3,2026-01-05T22:55:05.498065,6,SARIMAX,168,degraded,True,42,7,0,48
348.5381091457271,533.2970070008547,1.5104361661475676,41.61503571651545,SeoulBikeData,seoul_bike_baseline_v3,2026-01-05T22:55:43.890285,7,SARIMAX,168,degraded,True,42,7,0,48
282.1417271870025,340.5570246996322,1.1909389563610095,31.725883005278465,SeoulBikeData,seoul_bike_baseline_v3,2026-01-05T22:56:22.942184,8,SARIMAX,168,degraded,True,42,7,0,48
259.0327713575814,361.60207060903554,1.1069175193690497,27.26740565095145,SeoulBikeData,seoul_bike_baseline_v3,2026-01-05T22:56:59.968468,9,SARIMAX,168,degraded,True,42,7,0,48
183.34941607626817,244.60578267026384,0.791587980610294,23.19578913916657,SeoulBikeData,seoul_bike_baseline_v3,2026-01-05T22:57:37.547597,10,SARIMAX,168,degraded,True,42,7,0,48
161.82251033761963,222.11467318922288,0.7075073923669523,19.269293790847385,SeoulBikeData,seoul_bike_baseline_v3,2026-01-05T22:58:14.633014,11,SARIMAX,168,degraded,True,42,7,0,48
214.07268757652596,284.46058537723115,0.9459601268355792,22.860950563301305,SeoulBikeData,seoul_bike_baseline_v3,2026-01-05T22:58:53.135189,12,SARIMAX,168,degraded,True,42,7,0,48
280.7277568064934,379.6885411120973,1.2383392031531963,36.26113460904909,SeoulBikeData,seoul_bike_baseline_v3,2026-01-05T22:59:31.155408,13,SARIMAX,168,degraded,True,42,7,0,48
387.916356093631,539.6107397193913,1.6872505120599055,59.56331384192437,SeoulBikeData,seoul_bike_baseline_v3,2026-01-05T23:00:08.855788,14,SARIMAX,168,degraded,True,42,7,0,48
465.1999915463859,597.5205930406324,1.9823073167181389,47.06035499047601,SeoulBikeData,seoul_bike_baseline_v3,2026-01-05T23:00:45.390075,15,SARIMAX,168,degraded,True,42,7,0,48
371.7742415845583,479.2466670958446,1.5596360762313568,35.12072481853369,SeoulBikeData,seoul_bike_baseline_v3,2026-01-05T23:01:23.477511,16,SARIMAX,168,degraded,True,42,7,0,48
339.46052048200136,447.15557694661464,1.4292010660240784,43.16996051788391,SeoulBikeData,seoul_bike_baseline_v3,2026-01-05T23:02:01.731130,17,SARIMAX,168,degraded,True,42,7,48,48
348.4685279412347,459.788576364664,1.445939337321342,43.573612403801995,SeoulBikeData,seoul_bike_baseline_v3,2026-01-05T23:02:41.468727,18,SARIMAX,168,degraded,True,42,7,41,96
377.6340250996386,541.7841090279426,1.5495720929891257,50.11427753583708,SeoulBikeData,seoul_bike_baseline_v3,2026-01-05T23:03:19.473718,19,SARIMAX,168,degraded,True,42,7,62,137
456.9798990885417,588.4602899934035,2.499602660365054,22.86396982838576,SeoulBikeData,seoul_bike_baseline_v3,2026-01-05T23:03:20.034622,0,XGBoost,6,degraded,True,42,7,0,48
632.3804931640625,662.2534194227186,3.461664445587516,96.60591376802952,SeoulBikeData,seoul_bike_baseline_v3,2026-01-05T23:03:20.338090,1,XGBoost,6,degraded,True,42,7,0,48
674.7306365966797,816.3240891798915,3.6923623546477287,94.35490204635374,SeoulBikeData,seoul_bike_baseline_v3,2026-01-05T23:03:20.647746,2,XGBoost,6,degraded,True,42,7,0,48
576.102040608724,601.2978144624828,3.1451410317516086,48.081434968652026,SeoulBikeData,seoul_bike_baseline_v3,2026-01-05T23:03:20.952590,3,XGBoost,6,degraded,True,42,7,0,48
298.90911865234375,457.9499209233406,1.6316595573053807,12.921484354033746,SeoulBikeData,seoul_bike_baseline_v3,2026-01-05T23:03:21.257680,4,XGBoost,6,degraded,True,42,7,0,48
971.624267578125,1018.526264411548,5.295190744013281,86.95094606141777,SeoulBikeData,seoul_bike_baseline_v3,2026-01-05T23:03:21.562549,5,XGBoost,6,degraded,True,42,7,0,48
267.3490498860677,342.29306857530105,1.455822224730847,47.18262176339727,SeoulBikeData,seoul_bike_baseline_v3,2026-01-05T23:03:21.866973,6,XGBoost,6,degraded,True,42,7,0,48
689.786610921224,719.3440123697204,3.7499496706998174,82.87151860688783,SeoulBikeData,seoul_bike_baseline_v3,2026-01-05T23:03:22.169485,7,XGBoost,6,degraded,True,42,7,0,48
299.4548517862956,309.39396560212225,1.6206135269554194,156.5798572423041,SeoulBikeData,seoul_bike_baseline_v3,2026-01-05T23:03:22.470891,8,XGBoost,6,degraded,True,42,7,0,48
322.4716262817383,328.4146586634488,1.7171513824851925,165.16734487838855,SeoulBikeData,seoul_bike_baseline_v3,2026-01-05T23:03:22.773353,9,XGBoost,6,degraded,True,42,7,0,48
681.6684010823568,877.9213818418559,3.616136420917674,86.29297887881897,SeoulBikeData,seoul_bike_baseline_v3,2026-01-05T23:03:23.071675,10,XGBoost,6,degraded,True,42,7,0,48
540.1431681315104,575.3538425215988,2.8592929605140385,54.60619551081368,SeoulBikeData,seoul_bike_baseline_v3,2026-01-05T23:03:23.371753,11,XGBoost,6,degraded,True,42,7,0,48
506.0788167317708,587.3632352671818,2.666786204636391,23.357371913600165,SeoulBikeData,seoul_bike_baseline_v3,2026-01-05T23:03:23.680546,12,XGBoost,6,degraded,True,42,7,0,48
954.2898559570312,1013.356747526731,4.955120595223375,99.6340097940802,SeoulBikeData,seoul_bike_baseline_v3,2026-01-05T23:03:23.985238,13,XGBoost,6,degraded,True,42,7,0,48
654.156867980957,834.9257332612478,3.38872957406988,79.82508802778237,SeoulBikeData,seoul_bike_baseline_v3,2026-01-05T23:03:24.289369,14,XGBoost,6,degraded,True,42,7,0,48
366.9969024658203,470.0605293619548,1.9028267063950857,38.26513134867726,SeoulBikeData,seoul_bike_baseline_v3,2026-01-05T23:03:24.593953,15,XGBoost,6,degraded,True,42,7,0,48
383.03228759765625,447.0593608029737,1.987102755921854,19.217400633008143,SeoulBikeData,seoul_bike_baseline_v3,2026-01-05T23:03:24.900349,16,XGBoost,6,degraded,True,42,7,0,48
728.0432739257812,796.9288694800978,3.778547406353232,84.16233272253324,SeoulBikeData,seoul_bike_baseline_v3,2026-01-05T23:03:25.203574,17,XGBoost,6,degraded,True,42,7,0,48
614.7665405273438,793.3351349031336,3.194463625753706,73.77061488397145,SeoulBikeData,seoul_bike_baseline_v3,2026-01-05T23:03:25.508822,18,XGBoost,6,degraded,True,42,7,0,48
232.5512898763021,283.33911642849995,1.209527043103426,20.676639850413498,SeoulBikeData,seoul_bike_baseline_v3,2026-01-05T23:03:25.816702,19,XGBoost,6,degraded,True,42,7,0,48
534.8422393798828,690.2555038672688,2.925496476094521,51.39852326378933,SeoulBikeData,seoul_bike_baseline_v3,2026-01-05T23:03:26.356692,0,XGBoost,24,degraded,True,42,7,0,48
677.1393432617188,781.9242459257247,3.696310390401698,64.55169885615861,SeoulBikeData,seoul_bike_baseline_v3,2026-01-05T23:03:26.701846,1,XGBoost,24,degraded,True,42,7,0,48
578.4498481750488,655.936540343083,3.1305007850959603,107.47668771689769,SeoulBikeData,seoul_bike_baseline_v3,2026-01-05T23:03:27.045913,2,XGBoost,24,degraded,True,42,7,0,48
673.7686564127604,800.1489091071837,3.5504291004345174,56.104576778979954,SeoulBikeData,seoul_bike_baseline_v3,2026-01-05T23:03:27.391038,3,XGBoost,24,degraded,True,42,7,0,48
436.10999806722,543.2430043402819,2.262460390688354,42.57014945082213,SeoulBikeData,seoul_bike_baseline_v3,2026-01-05T23:03:27.738893,4,XGBoost,24,degraded,True,42,7,0,48
727.6446482340494,902.2913653956488,3.7881924780890137,56.95083471589184,SeoulBikeData,seoul_bike_baseline_v3,2026-01-05T23:03:28.086746,5,XGBoost,24,degraded,True,42,7,0,48
633.4539998372396,784.9629645090903,3.2949990715668065,56.354600076656645,SeoulBikeData,seoul_bike_baseline_v3,2026-01-05T23:03:28.430965,6,XGBoost,24,degraded,True,42,7,0,48
632.5964558919271,803.6461447576318,3.291971519559322,54.241761021328,SeoulBikeData,seoul_bike_baseline_v3,2026-01-05T23:03:28.776894,7,XGBoost,24,degraded,True,42,7,0,48
668.7346598307291,782.2642207679,3.459927680454352,52.99799891173923,SeoulBikeData,seoul_bike_baseline_v3,2026-01-05T23:03:29.124661,8,XGBoost,24,degraded,True,42,7,0,48
981.2349700927734,1099.8684362027038,5.07969456381054,77.3325025519291,SeoulBikeData,seoul_bike_baseline_v3,2026-01-05T23:03:29.469783,9,XGBoost,24,degraded,True,42,7,0,48
750.6210276285807,872.392501288979,3.865433949661767,56.38213320827911,SeoulBikeData,seoul_bike_baseline_v3,2026-01-05T23:03:29.820178,10,XGBoost,24,degraded,True,42,7,0,48
535.912722269694,694.134450701837,2.7462278653640397,43.77866527591841,SeoulBikeData,seoul_bike_baseline_v3,2026-01-05T23:03:30.168175,11,XGBoost,24,degraded,True,42,7,0,48
587.4016265869141,706.1747119440682,3.0196272391429013,48.10540412447661,SeoulBikeData,seoul_bike_baseline_v3,2026-01-05T23:03:30.518213,12,XGBoost,24,degraded,True,42,7,0,48
796.4335988362631,981.2896837647484,4.0915289170368,60.23795393069818,SeoulBikeData,seoul_bike_baseline_v3,2026-01-05T23:03:30.865596,13,XGBoost,24,degraded,True,42,7,0,48
779.8273874918619,891.3133654881983,4.01383015405225,59.209767584901826,SeoulBikeData,seoul_bike_baseline_v3,2026-01-05T23:03:31.212955,14,XGBoost,24,degraded,True,42,7,0,48
866.3858083089193,965.2068524776498,4.446656387430536,60.578347042698965,SeoulBikeData,seoul_bike_baseline_v3,2026-01-05T23:03:31.562904,15,XGBoost,24,degraded,True,42,7,0,48
587.0480600992838,709.0759155442067,3.018947163974999,46.85442605421599,SeoulBikeData,seoul_bike_baseline_v3,2026-01-05T23:03:31.910625,16,XGBoost,24,degraded,True,42,7,0,48
725.8700002034506,802.6713333388835,3.717322202070263,57.5979632070428,SeoulBikeData,seoul_bike_baseline_v3,2026-01-05T23:03:32.261177,17,XGBoost,24,degraded,True,42,7,0,48
642.6128285725912,790.643369782588,3.26886707796414,48.20028883104335,SeoulBikeData,seoul_bike_baseline_v3,2026-01-05T23:03:32.610996,18,XGBoost,24,degraded,True,42,7,0,48
687.9665807088217,823.6782703925394,3.501643207411746,51.32583283337997,SeoulBikeData,seoul_bike_baseline_v3,2026-01-05T23:03:32.959688,19,XGBoost,24,degraded,True,42,7,0,48
778.9494654337565,976.4552107104188,4.260721664063616,64.33099532047426,SeoulBikeData,seoul_bike_baseline_v3,2026-01-05T23:03:33.551895,0,XGBoost,48,degraded,True,42,7,0,48
558.5140167872111,676.6884276011888,3.022610470995159,79.96660561310344,SeoulBikeData,seoul_bike_baseline_v3,2026-01-05T23:03:33.949558,1,XGBoost,48,degraded,True,42,7,0,48
639.9272333780924,782.5547124700506,3.3198276234372357,53.7129983904144,SeoulBikeData,seoul_bike_baseline_v3,2026-01-05T23:03:34.350556,2,XGBoost,48,degraded,True,42,7,0,48
657.3371124267578,807.9024420704916,3.419230403011249,56.71197853062421,SeoulBikeData,seoul_bike_baseline_v3,2026-01-05T23:03:34.749834,3,XGBoost,48,degraded,True,42,7,0,48
1100.304189046224,1229.5268670997375,5.692800372519249,75.97182765247018,SeoulBikeData,seoul_bike_baseline_v3,2026-01-05T23:03:35.149476,4,XGBoost,48,degraded,True,42,7,0,48
1085.1294504801433,1243.687650442528,5.588034525112274,68.58961405421637,SeoulBikeData,seoul_bike_baseline_v3,2026-01-05T23:03:35.551199,5,XGBoost,48,degraded,True,42,7,0,48
700.7372245788574,821.5372810396218,3.602246086914144,55.84513448987997,SeoulBikeData,seoul_bike_baseline_v3,2026-01-05T23:03:35.950563,6,XGBoost,48,degraded,True,42,7,0,48
771.9929173787435,895.6232008562141,3.973505547754187,58.63565169274537,SeoulBikeData,seoul_bike_baseline_v3,2026-01-05T23:03:36.354442,7,XGBoost,48,degraded,True,42,7,0,48
655.2957280476888,785.1428514504446,3.3699169015564485,51.42217029972157,SeoulBikeData,seoul_bike_baseline_v3,2026-01-05T23:03:36.752101,8,XGBoost,48,degraded,True,42,7,0,48
770.4063084920248,927.7953081847796,3.9189317525443466,53.34266715310254,SeoulBikeData,seoul_bike_baseline_v3,2026-01-05T23:03:37.168170,9,XGBoost,48,degraded,True,42,7,0,48
1161.7241465250652,1356.4684068269582,5.89276706487279,81.9655006581059,SeoulBikeData,seoul_bike_baseline_v3,2026-01-05T23:03:37.574212,10,XGBoost,48,degraded,True,42,7,0,48
861.5209935506185,1052.9082926443275,4.269540083117259,60.37537041401379,SeoulBikeData,seoul_bike_baseline_v3,2026-01-05T23:03:37.979742,11,XGBoost,48,degraded,True,42,7,0,48
955.1172027587892,1110.8547771920964,4.6468748763812515,76.74578191577152,SeoulBikeData,seoul_bike_baseline_v3,2026-01-05T23:03:38.386958,12,XGBoost,48,degraded,True,42,7,0,48
1094.3765411376953,1306.103722180798,5.251041582787918,65.77363150891755,SeoulBikeData,seoul_bike_baseline_v3,2026-01-05T23:03:38.792032,13,XGBoost,48,degraded,True,42,7,0,48
981.4679718017578,1108.4121086608236,4.6891297957426294,65.89594082611107,SeoulBikeData,seoul_bike_baseline_v3,2026-01-05T23:03:39.194084,14,XGBoost,48,degraded,True,42,7,0,48
891.7616399129232,1025.385372984761,4.23201610749481,59.421589020785895,SeoulBikeData,seoul_bike_baseline_v3,2026-01-05T23:03:39.601347,15,XGBoost,48,degraded,True,42,7,0,48
786.1854146321615,920.2310142526734,3.738128886744299,54.46549955343748,SeoulBikeData,seoul_bike_baseline_v3,2026-01-05T23:03:40.005557,16,XGBoost,48,degraded,True,42,7,0,48
1189.6378173828125,1368.491039334097,5.668166143833648,75.15698043228272,SeoulBikeData,seoul_bike_baseline_v3,2026-01-05T23:03:40.410011,17,XGBoost,48,degraded,True,42,7,0,48
1673.4000345865886,1833.28217005854,7.938395933889416,123.63398915019536,SeoulBikeData,seoul_bike_baseline_v3,2026-01-05T23:03:40.823729,18,XGBoost,48,degraded,True,42,7,0,48
646.8330777486166,794.1206097184483,2.968222205979091,59.532993291696734,SeoulBikeData,seoul_bike_baseline_v3,2026-01-05T23:03:41.228678,19,XGBoost,48,degraded,True,42,7,0,48
758.1703491210938,916.0849723757036,4.1470634166904565,67.70797069274207,SeoulBikeData,seoul_bike_baseline_v3,2026-01-05T23:03:42.097368,0,XGBoost,168,degraded,True,42,7,0,48
810.8209599086216,949.0682367155272,4.219434811277127,60.95298031499913,SeoulBikeData,seoul_bike_baseline_v3,2026-01-05T23:03:42.761312,1,XGBoost,168,degraded,True,42,7,0,48
731.3601422991071,863.9422115311047,3.764365601564276,57.5691676544677,SeoulBikeData,seoul_bike_baseline_v3,2026-01-05T23:03:43.431595,2,XGBoost,168,degraded,True,42,7,0,48
755.8881383623395,962.5971611431238,3.792428745248835,67.64081849429242,SeoulBikeData,seoul_bike_baseline_v3,2026-01-05T23:03:44.094246,3,XGBoost,168,degraded,True,42,7,0,48
1015.3922816685268,1181.5302905039532,4.851208943271248,65.17517825501781,SeoulBikeData,seoul_bike_baseline_v3,2026-01-05T23:03:44.771399,4,XGBoost,168,degraded,True,42,7,0,48
977.5969870431082,1126.4397990993416,4.645808120886295,89.63236237951104,SeoulBikeData,seoul_bike_baseline_v3,2026-01-05T23:03:45.447474,5,XGBoost,168,degraded,True,42,7,0,48
808.7470142727807,958.5788871213653,3.562311246856396,78.32888277730507,SeoulBikeData,seoul_bike_baseline_v3,2026-01-05T23:03:46.132957,6,XGBoost,168,degraded,True,42,7,0,48
1043.1072082519531,1246.9450994926374,4.520443564620996,84.11596059670904,SeoulBikeData,seoul_bike_baseline_v3,2026-01-05T23:03:46.814929,7,XGBoost,168,degraded,True,42,7,0,48
573.3023841494605,693.0923853957323,2.4199474138956445,53.03489191247945,SeoulBikeData,seoul_bike_baseline_v3,2026-01-05T23:03:47.522164,8,XGBoost,168,degraded,True,42,7,0,48
706.1043243124371,864.7899390944945,3.0173759211521705,90.45220538590551,SeoulBikeData,seoul_bike_baseline_v3,2026-01-05T23:03:48.210433,9,XGBoost,168,degraded,True,42,7,0,48
461.7155111403693,527.5321282785093,1.9933984896249777,52.98738844741322,SeoulBikeData,seoul_bike_baseline_v3,2026-01-05T23:03:48.900531,10,XGBoost,168,degraded,True,42,7,0,48
587.3536227998279,685.6497094959072,2.567980370576307,58.68124761181945,SeoulBikeData,seoul_bike_baseline_v3,2026-01-05T23:03:49.595216,11,XGBoost,168,degraded,True,42,7,0,48
751.9386255173456,923.438859986982,3.3227216681375324,63.63102727446828,SeoulBikeData,seoul_bike_baseline_v3,2026-01-05T23:03:50.292652,12,XGBoost,168,degraded,True,42,7,0,48
1026.7853444417317,1177.9915355581936,4.52932962422312,82.56721290357092,SeoulBikeData,seoul_bike_baseline_v3,2026-01-05T23:03:51.001435,13,XGBoost,168,degraded,True,42,7,0,48
796.6914887201218,956.8150032266864,3.4652267200930846,87.89382528757619,SeoulBikeData,seoul_bike_baseline_v3,2026-01-05T23:03:51.709448,14,XGBoost,168,degraded,True,42,7,0,48
694.7726858229864,853.3513822332408,2.9605610567288467,64.07714205090888,SeoulBikeData,seoul_bike_baseline_v3,2026-01-05T23:03:52.420172,15,XGBoost,168,degraded,True,42,7,0,48
731.6780915033249,887.65478205125,3.0694744822366715,64.81031946112644,SeoulBikeData,seoul_bike_baseline_v3,2026-01-05T23:03:53.131904,16,XGBoost,168,degraded,True,42,7,0,48
721.233604158674,881.9279107735006,3.036547031897392,80.39819980114903,SeoulBikeData,seoul_bike_baseline_v3,2026-01-05T23:03:53.847925,17,XGBoost,168,degraded,True,42,7,48,48
1105.050522577195,1259.44174810956,4.585309410183892,84.47325684921255,SeoulBikeData,seoul_bike_baseline_v3,2026-01-05T23:03:54.567161,18,XGBoost,168,degraded,True,42,7,41,96
1212.4753759474982,1391.032361791365,4.975234965940942,92.0000402548033,SeoulBikeData,seoul_bike_baseline_v3,2026-01-05T23:03:55.287260,19,XGBoost,168,degraded,True,42,7,62,137
200.51593017578125,216.42473480157636,1.096788181520966,10.030468210355728,SeoulBikeData,seoul_bike_baseline_v3,2026-01-05T23:11:12.763300,0,TabPFN,6,degraded,True,42,7,0,48
194.66518910725912,207.76349140919544,1.0656014396562734,45.9957367673499,SeoulBikeData,seoul_bike_baseline_v3,2026-01-05T23:18:31.669723,1,TabPFN,6,degraded,True,42,7,0,48
431.7913983662923,548.1206893969473,2.3629137583408855,59.09792520106984,SeoulBikeData,seoul_bike_baseline_v3,2026-01-05T23:25:51.682940,2,TabPFN,6,degraded,True,42,7,0,48
179.9068400065104,227.57919048978655,0.9821738937070504,10.705870877294553,SeoulBikeData,seoul_bike_baseline_v3,2026-01-05T23:33:13.762073,3,TabPFN,6,degraded,True,42,7,0,48
368.75579833984375,383.9593099894875,2.0129326444965043,17.981251726311555,SeoulBikeData,seoul_bike_baseline_v3,2026-01-05T23:40:43.688671,4,TabPFN,6,degraded,True,42,7,0,48
191.82156372070312,197.61285640888113,1.045395635545249,39.69793902605197,SeoulBikeData,seoul_bike_baseline_v3,2026-01-05T23:48:11.077604,5,TabPFN,6,degraded,True,42,7,0,48
481.8517888387044,684.2031475346961,2.623875205528672,52.8457533289457,SeoulBikeData,seoul_bike_baseline_v3,2026-01-05T23:55:39.019934,6,TabPFN,6,degraded,True,42,7,0,48
464.7593892415365,531.0987965257416,2.52661372524087,64.07982826321957,SeoulBikeData,seoul_bike_baseline_v3,2026-01-06T00:03:07.589915,7,TabPFN,6,degraded,True,42,7,0,48
348.8988087972005,613.697593302047,1.888198256606949,103.5510120871703,SeoulBikeData,seoul_bike_baseline_v3,2026-01-06T00:10:39.178920,8,TabPFN,6,degraded,True,42,7,0,48
68.96496963500977,78.45492744239722,0.3672363187958181,93.8329106900504,SeoulBikeData,seoul_bike_baseline_v3,2026-01-06T00:18:10.269643,9,TabPFN,6,degraded,True,42,7,0,48
91.1462885538737,103.29384798842364,0.4835157580251598,22.091370644477713,SeoulBikeData,seoul_bike_baseline_v3,2026-01-06T00:25:42.686470,10,TabPFN,6,degraded,True,42,7,0,48
289.41896565755206,298.98823585028055,1.5320634601499037,20.543321858327097,SeoulBikeData,seoul_bike_baseline_v3,2026-01-06T00:33:17.775764,11,TabPFN,6,degraded,True,42,7,0,48
183.23795572916663,222.89406480430236,0.96557381251409,8.914460006432503,SeoulBikeData,seoul_bike_baseline_v3,2026-01-06T00:40:51.897847,12,TabPFN,6,degraded,True,42,7,0,48
26.474759419759113,34.36439085464552,0.1374693703758067,5.586202213326951,SeoulBikeData,seoul_bike_baseline_v3,2026-01-06T00:48:28.899261,13,TabPFN,6,degraded,True,42,7,0,48
81.9856669108073,103.01710714765692,0.4247104444045718,8.514647392581498,SeoulBikeData,seoul_bike_baseline_v3,2026-01-06T00:56:05.060818,14,TabPFN,6,degraded,True,42,7,0,48
39.40538533528646,50.264470895203885,0.2043113145859743,3.68729909755982,SeoulBikeData,seoul_bike_baseline_v3,2026-01-06T01:03:42.337410,15,TabPFN,6,degraded,True,42,7,0,48
47.838053385416664,62.052567727140904,0.2481752343028324,2.595704070742503,SeoulBikeData,seoul_bike_baseline_v3,2026-01-06T01:11:21.605634,16,TabPFN,6,degraded,True,42,7,0,48
43.00201416015625,53.509058911477375,0.2231806197407265,7.55037893120533,SeoulBikeData,seoul_bike_baseline_v3,2026-01-06T01:19:03.027243,17,TabPFN,6,degraded,True,42,7,0,48
41.132415771484375,60.22787559720543,0.2137331773272404,5.516044759313809,SeoulBikeData,seoul_bike_baseline_v3,2026-01-06T01:26:44.246274,18,TabPFN,6,degraded,True,42,7,0,48
131.0027058919271,134.24235153953208,0.6813607251126976,10.636311764802516,SeoulBikeData,seoul_bike_baseline_v3,2026-01-06T01:34:28.216147,19,TabPFN,6,degraded,True,42,7,0,48
236.23169390360513,312.1487482185186,1.2921473607958096,27.243061980999965,SeoulBikeData,seoul_bike_baseline_v3,2026-01-06T01:41:46.350886,0,TabPFN,24,degraded,True,42,7,0,48
442.3850631713867,556.2164094458143,2.414853784277745,47.38264795470444,SeoulBikeData,seoul_bike_baseline_v3,2026-01-06T01:49:10.305846,1,TabPFN,24,degraded,True,42,7,0,48
323.6431676546733,581.5114850258859,1.7515177739787342,70.19566228533989,SeoulBikeData,seoul_bike_baseline_v3,2026-01-06T01:56:40.362346,2,TabPFN,24,degraded,True,42,7,0,48
88.36754353841145,123.86167588475476,0.4656534481480642,7.651581183716457,SeoulBikeData,seoul_bike_baseline_v3,2026-01-06T02:04:17.120772,3,TabPFN,24,degraded,True,42,7,0,48
83.33190663655598,110.96325081604196,0.4323109740233196,7.562455587267236,SeoulBikeData,seoul_bike_baseline_v3,2026-01-06T02:11:56.488067,4,TabPFN,24,degraded,True,42,7,0,48
66.50417264302571,86.44891060189019,0.346227526278471,5.999099538925504,SeoulBikeData,seoul_bike_baseline_v3,2026-01-06T02:19:41.073292,5,TabPFN,24,degraded,True,42,7,0,48
126.15466626485188,183.65327145751547,0.6562110403017621,12.578755292404878,SeoulBikeData,seoul_bike_baseline_v3,2026-01-06T02:27:29.751347,6,TabPFN,24,degraded,True,42,7,0,48
286.77603848775226,378.1472658973288,1.4923551063254954,29.427647040938943,SeoulBikeData,seoul_bike_baseline_v3,2026-01-06T02:35:25.998408,7,TabPFN,24,degraded,True,42,7,0,48
229.75380579630533,392.2452232317929,1.188709962432012,17.14378910224223,SeoulBikeData,seoul_bike_baseline_v3,2026-01-06T02:43:25.082638,8,TabPFN,24,degraded,True,42,7,0,48
234.6905968983968,442.08196592579526,1.2149552202868612,30.78073823424617,SeoulBikeData,seoul_bike_baseline_v3,2026-01-06T02:51:29.953277,9,TabPFN,24,degraded,True,42,7,0,48
172.06439526875815,236.8082429888984,0.886071040537094,14.971324637900564,SeoulBikeData,seoul_bike_baseline_v3,2026-01-06T02:59:40.301473,10,TabPFN,24,degraded,True,42,7,0,48
80.18074989318848,99.7162680592734,0.4108777427225318,8.479901036683806,SeoulBikeData,seoul_bike_baseline_v3,2026-01-06T03:07:56.706339,11,TabPFN,24,degraded,True,42,7,0,48
142.99158986409506,193.47428822232428,0.7350699762798214,13.323196746156144,SeoulBikeData,seoul_bike_baseline_v3,2026-01-06T03:16:18.269532,12,TabPFN,24,degraded,True,42,7,0,48
172.79751777648926,301.1387198887876,0.8877149856657892,17.906214543523177,SeoulBikeData,seoul_bike_baseline_v3,2026-01-06T03:24:45.109346,13,TabPFN,24,degraded,True,42,7,0,48
189.9875806172689,261.5162064463258,0.9778803517399992,19.663989154010057,SeoulBikeData,seoul_bike_baseline_v3,2026-01-06T03:33:20.971300,14,TabPFN,24,degraded,True,42,7,0,48
106.25173823038736,158.34933711306763,0.5453286122033139,7.012849963907393,SeoulBikeData,seoul_bike_baseline_v3,2026-01-06T03:42:00.789205,15,TabPFN,24,degraded,True,42,7,0,48
342.6453501383464,466.4650767909587,1.7620843647357165,32.4613460519152,SeoulBikeData,seoul_bike_baseline_v3,2026-01-06T03:50:42.851222,16,TabPFN,24,degraded,True,42,7,0,48
275.9103940327962,354.002671328927,1.4129910772350345,20.92272971734157,SeoulBikeData,seoul_bike_baseline_v3,2026-01-06T03:59:31.933378,17,TabPFN,24,degraded,True,42,7,0,48
76.34414418538411,132.15677063308434,0.3883502607274182,5.067265822545084,SeoulBikeData,seoul_bike_baseline_v3,2026-01-06T04:08:25.125908,18,TabPFN,24,degraded,True,42,7,0,48
170.73399225870767,207.32901831375003,0.8690095435319265,12.432028387314064,SeoulBikeData,seoul_bike_baseline_v3,2026-01-06T04:17:23.690489,19,TabPFN,24,degraded,True,42,7,0,48
303.8341455459595,411.89101198818094,1.6619213230848784,33.37022678958168,SeoulBikeData,seoul_bike_baseline_v3,2026-01-06T04:24:46.538476,0,TabPFN,48,degraded,True,42,7,0,48
235.36052815119425,383.75612505289706,1.2737427807828663,45.77477408309047,SeoulBikeData,seoul_bike_baseline_v3,2026-01-06T04:32:23.099939,1,TabPFN,48,degraded,True,42,7,0,48
110.75912094116212,177.09597811217796,0.5745984388053763,8.42590053744065,SeoulBikeData,seoul_bike_baseline_v3,2026-01-06T04:40:09.291107,2,TabPFN,48,degraded,True,42,7,0,48
181.3055388132731,248.2728824020892,0.9430859734300384,17.70773824628796,SeoulBikeData,seoul_bike_baseline_v3,2026-01-06T04:48:02.983353,3,TabPFN,48,degraded,True,42,7,0,48
245.95787827173868,395.6344152331859,1.272547278278676,30.26958608861149,SeoulBikeData,seoul_bike_baseline_v3,2026-01-06T04:56:06.945984,4,TabPFN,48,degraded,True,42,7,0,48
188.94055652618408,291.35876394807406,0.9729773278156584,16.43917487116998,SeoulBikeData,seoul_bike_baseline_v3,2026-01-06T05:04:21.660812,5,TabPFN,48,degraded,True,42,7,0,48
196.1485045750936,315.4816854035109,1.008331166485901,18.97812614784426,SeoulBikeData,seoul_bike_baseline_v3,2026-01-06T05:12:47.597974,6,TabPFN,48,degraded,True,42,7,0,48
132.27520815531412,155.0015587171699,0.6808304345849594,12.814311948396613,SeoulBikeData,seoul_bike_baseline_v3,2026-01-06T05:21:26.333938,7,TabPFN,48,degraded,True,42,7,0,48
247.36076323191324,387.20713254433025,1.2720748528006025,20.93748937512506,SeoulBikeData,seoul_bike_baseline_v3,2026-01-06T05:30:13.414539,8,TabPFN,48,degraded,True,42,7,0,48
140.60454114278158,194.60965488702007,0.7152324620951347,9.688373433076396,SeoulBikeData,seoul_bike_baseline_v3,2026-01-06T05:39:10.701184,9,TabPFN,48,degraded,True,42,7,0,48
444.4767961502075,681.2548928461116,2.2545784498743813,40.961715544041155,SeoulBikeData,seoul_bike_baseline_v3,2026-01-06T05:48:18.084404,10,TabPFN,48,degraded,True,42,7,0,48
324.5102211634318,433.5502609231758,1.6082131567431308,28.25937503610987,SeoulBikeData,seoul_bike_baseline_v3,2026-01-06T05:57:33.391463,11,TabPFN,48,degraded,True,42,7,0,48
341.28383350372314,398.2351326140988,1.6604279213511837,37.8336330263003,SeoulBikeData,seoul_bike_baseline_v3,2026-01-06T06:07:02.612112,12,TabPFN,48,degraded,True,42,7,0,48
252.7488072713216,331.9673121197224,1.212740265431887,26.063593783824007,SeoulBikeData,seoul_bike_baseline_v3,2026-01-06T06:16:42.514649,13,TabPFN,48,degraded,True,42,7,0,48
328.38024520874023,500.0272377282207,1.5688923494006743,25.420946852467303,SeoulBikeData,seoul_bike_baseline_v3,2026-01-06T06:26:35.825963,14,TabPFN,48,degraded,True,42,7,0,48
140.7776896158854,216.64931682610333,0.6680859810122655,9.712986154490904,SeoulBikeData,seoul_bike_baseline_v3,2026-01-06T06:36:38.049676,15,TabPFN,48,degraded,True,42,7,0,48
105.35029220581056,155.2535465136847,0.5009161492848979,7.4832382104921535,SeoulBikeData,seoul_bike_baseline_v3,2026-01-06T06:46:51.669749,16,TabPFN,48,degraded,True,42,7,0,48
204.5517956415812,266.9918340359992,0.9746105459783788,20.143359735378855,SeoulBikeData,seoul_bike_baseline_v3,2026-01-06T06:57:17.792547,17,TabPFN,48,degraded,True,42,7,0,48
440.4209922154744,636.0728362179478,2.089300909251269,82.0168737106975,SeoulBikeData,seoul_bike_baseline_v3,2026-01-06T07:07:54.839084,18,TabPFN,48,degraded,True,42,7,0,48
160.56938966115317,250.0684198433264,0.7368293990957138,22.6979852967388,SeoulBikeData,seoul_bike_baseline_v3,2026-01-06T07:18:43.190628,19,TabPFN,48,degraded,True,42,7,0,48
264.78087620508103,460.21369425114017,1.4483065532993502,31.380295404283636,SeoulBikeData,seoul_bike_baseline_v3,2026-01-06T07:26:22.866713,0,TabPFN,168,degraded,True,42,7,0,48
223.7160540989467,334.7232116538953,1.164196972181177,20.746422125398915,SeoulBikeData,seoul_bike_baseline_v3,2026-01-06T07:34:40.881658,1,TabPFN,168,degraded,True,42,7,0,48
228.08971813746865,369.4736380928152,1.1739949162775511,20.78212460672132,SeoulBikeData,seoul_bike_baseline_v3,2026-01-06T07:43:34.944636,2,TabPFN,168,degraded,True,42,7,0,48
282.83620007832843,423.7906113181614,1.4190408354573607,26.701664577317324,SeoulBikeData,seoul_bike_baseline_v3,2026-01-06T07:53:06.183692,3,TabPFN,168,degraded,True,42,7,0,48
216.1949202219645,326.61246310232843,1.03290792081576,17.193795571656924,SeoulBikeData,seoul_bike_baseline_v3,2026-01-06T08:03:14.016142,4,TabPFN,168,degraded,True,42,7,0,48
383.3398946126302,608.2897643012616,1.8217359699907936,54.785254368679695,SeoulBikeData,seoul_bike_baseline_v3,2026-01-06T08:14:05.567179,5,TabPFN,168,degraded,True,42,7,0,48
309.54487461703167,471.4977155940933,1.3634612169128564,51.613647067840354,SeoulBikeData,seoul_bike_baseline_v3,2026-01-06T08:25:39.169917,6,TabPFN,168,degraded,True,42,7,0,48
347.0688029697963,560.3349381327228,1.5040687327764812,39.852506733017215,SeoulBikeData,seoul_bike_baseline_v3,2026-01-06T08:37:52.251658,7,TabPFN,168,degraded,True,42,7,0,48
186.49509874979657,278.08210189792356,0.7872081896071906,18.935389618971023,SeoulBikeData,seoul_bike_baseline_v3,2026-01-06T08:50:50.899590,8,TabPFN,168,degraded,True,42,7,0,48
142.13188907078333,236.75217599282712,0.6073682385781404,15.231058012346004,SeoulBikeData,seoul_bike_baseline_v3,2026-01-06T09:04:35.803370,9,TabPFN,168,degraded,True,42,7,0,48
118.96542894272577,192.6674985484948,0.5136182360135633,12.8078619597342,SeoulBikeData,seoul_bike_baseline_v3,2026-01-06T09:19:05.464096,10,TabPFN,168,degraded,True,42,7,0,48
122.91009957449776,167.53111256382846,0.5373776730078288,14.047176328228248,SeoulBikeData,seoul_bike_baseline_v3,2026-01-06T09:34:27.437219,11,TabPFN,168,degraded,True,42,7,0,48
186.3876473563058,271.88737835412616,0.8236234361785533,19.246993806017983,SeoulBikeData,seoul_bike_baseline_v3,2026-01-06T09:50:34.281123,12,TabPFN,168,degraded,True,42,7,0,48
271.39788891020277,424.1321002923976,1.1971835251124925,34.18682756565465,SeoulBikeData,seoul_bike_baseline_v3,2026-01-06T10:07:29.816881,13,TabPFN,168,degraded,True,42,7,0,48
269.7005493527367,371.186266543438,1.1730683247818694,50.273557661922005,SeoulBikeData,seoul_bike_baseline_v3,2026-01-06T10:25:21.356172,14,TabPFN,168,degraded,True,42,7,0,48
240.7214201064337,327.90862882069644,1.025760621322332,26.854518737830674,SeoulBikeData,seoul_bike_baseline_v3,2026-01-06T10:44:03.807953,15,TabPFN,168,degraded,True,42,7,0,48
153.18156106131417,228.0650423494837,0.642614420586004,14.664946727730724,SeoulBikeData,seoul_bike_baseline_v3,2026-01-06T11:03:37.379128,16,TabPFN,168,degraded,True,42,7,0,48
243.78181920732771,396.08083457504387,1.026373362633418,34.80205730246977,SeoulBikeData,seoul_bike_baseline_v3,2026-01-06T11:24:11.216912,17,TabPFN,168,degraded,True,42,7,48,48
288.74499775114515,447.6148940452561,1.19812183088612,34.19902886451838,SeoulBikeData,seoul_bike_baseline_v3,2026-01-06T11:45:39.566119,18,TabPFN,168,degraded,True,42,7,41,96
320.0108720234462,464.19200052352846,1.3131229809332168,48.09671749378895,SeoulBikeData,seoul_bike_baseline_v3,2026-01-06T12:08:04.999623,19,TabPFN,168,degraded,True,42,7,62,137
382.3876953125,473.38613276136994,2.0915959375902293,19.80886965398935,SeoulBikeData,seoul_bike_baseline_v3,2026-01-10T11:51:29.742619,0,XGBoost,6,clean_only,True,42,7,0,48
868.0458577473959,890.9184909076688,4.751701729237405,110.50587138359778,SeoulBikeData,seoul_bike_baseline_v3,2026-01-10T11:51:35.925873,1,XGBoost,6,clean_only,True,42,7,0,48
489.21832275390625,620.7162810011175,2.677174001245455,61.880519558664005,SeoulBikeData,seoul_bike_baseline_v3,2026-01-10T11:51:41.918915,2,XGBoost,6,clean_only,True,42,7,0,48
425.69774373372394,441.9144451532316,2.324031762717456,33.073791769743025,SeoulBikeData,seoul_bike_baseline_v3,2026-01-10T11:51:48.076440,3,XGBoost,6,clean_only,True,42,7,0,48
249.83268229166666,367.48365284555626,1.3637652997216125,10.592785262677582,SeoulBikeData,seoul_bike_baseline_v3,2026-01-10T11:51:54.171789,4,XGBoost,6,clean_only,True,42,7,0,48
766.9916178385416,795.7490239975403,4.179976819267595,76.9482066016827,SeoulBikeData,seoul_bike_baseline_v3,2026-01-10T11:52:00.455073,5,XGBoost,6,clean_only,True,42,7,0,48
286.9263102213542,320.6068387484258,1.5624282168134733,49.645205584178036,SeoulBikeData,seoul_bike_baseline_v3,2026-01-10T11:52:06.518696,6,XGBoost,6,clean_only,True,42,7,0,48
717.9606730143229,775.3374061655046,3.903114886138245,80.65290310007349,SeoulBikeData,seoul_bike_baseline_v3,2026-01-10T11:52:12.576359,7,XGBoost,6,clean_only,True,42,7,0,48
289.6974690755208,310.3880106795063,1.5678077490078064,151.74765824120792,SeoulBikeData,seoul_bike_baseline_v3,2026-01-10T11:52:19.854962,8,XGBoost,6,clean_only,True,42,7,0,48
164.32652537027994,176.69412842654933,0.8750336377565008,138.05869456644834,SeoulBikeData,seoul_bike_baseline_v3,2026-01-10T11:52:26.790674,9,XGBoost,6,clean_only,True,42,7,0,48
724.1827875773112,908.533469793264,3.841668103438485,104.56598449889147,SeoulBikeData,seoul_bike_baseline_v3,2026-01-10T11:52:33.210289,10,XGBoost,6,clean_only,True,42,7,0,48
216.59944661458334,270.2069268481776,1.1465872559282768,14.776283019307002,SeoulBikeData,seoul_bike_baseline_v3,2026-01-10T11:52:39.912483,11,XGBoost,6,clean_only,True,42,7,0,48
388.3284505208333,514.3081791238093,2.0462997471511657,17.92538359138676,SeoulBikeData,seoul_bike_baseline_v3,2026-01-10T11:52:46.673134,12,XGBoost,6,clean_only,True,42,7,0,48
1100.9837443033855,1156.8070516197272,5.716824078500418,105.97600945940712,SeoulBikeData,seoul_bike_baseline_v3,2026-01-10T11:52:52.876501,13,XGBoost,6,clean_only,True,42,7,0,48
766.4263305664062,936.4038706439941,3.9703191999687846,97.66915049837722,SeoulBikeData,seoul_bike_baseline_v3,2026-01-10T11:52:59.119119,14,XGBoost,6,clean_only,True,42,7,0,48
208.66834513346353,270.1950531928888,1.0819156707629185,19.746928214773316,SeoulBikeData,seoul_bike_baseline_v3,2026-01-10T11:53:05.023373,15,XGBoost,6,clean_only,True,42,7,0,48
466.1590169270833,516.3032987256731,2.418349306903958,22.582509315952983,SeoulBikeData,seoul_bike_baseline_v3,2026-01-10T11:53:11.193723,16,XGBoost,6,clean_only,True,42,7,0,48
916.1550089518229,964.7735758837817,4.754848038394668,94.8078157093748,SeoulBikeData,seoul_bike_baseline_v3,2026-01-10T11:53:17.599564,17,XGBoost,6,clean_only,True,42,7,0,48
687.1604461669922,841.9304148913478,3.5706384548095125,90.83508339894499,SeoulBikeData,seoul_bike_baseline_v3,2026-01-10T11:53:24.299918,18,XGBoost,6,clean_only,True,42,7,0,48
379.0693664550781,439.6371943163867,1.9715850648834525,36.72260332850319,SeoulBikeData,seoul_bike_baseline_v3,2026-01-10T11:53:31.083062,19,XGBoost,6,clean_only,True,42,7,0,48
553.4273376464844,712.091164764753,3.0271538163035747,52.22911479690705,SeoulBikeData,seoul_bike_baseline_v3,2026-01-10T11:53:38.056074,0,XGBoost,24,clean_only,True,42,7,0,48
667.4541219075521,806.8388720070061,3.643441531604773,63.08908937724762,SeoulBikeData,seoul_bike_baseline_v3,2026-01-10T11:53:43.980853,1,XGBoost,24,clean_only,True,42,7,0,48
321.85055446624756,458.1882770041091,1.741816367691837,92.39256640237166,SeoulBikeData,seoul_bike_baseline_v3,2026-01-10T11:53:50.752301,2,XGBoost,24,clean_only,True,42,7,0,48
772.1387583414713,888.9836359771673,4.068791106705176,60.94776678933791,SeoulBikeData,seoul_bike_baseline_v3,2026-01-10T11:53:57.560240,3,XGBoost,24,clean_only,True,42,7,0,48
743.9069061279297,865.0605979904115,3.8592555018987236,58.61802378898627,SeoulBikeData,seoul_bike_baseline_v3,2026-01-10T11:54:03.867443,4,XGBoost,24,clean_only,True,42,7,0,48
829.1742451985677,908.1693030279749,4.316765946550346,63.0387589922941,SeoulBikeData,seoul_bike_baseline_v3,2026-01-10T11:54:10.477027,5,XGBoost,24,clean_only,True,42,7,0,48
868.7999521891276,1036.1679794228332,4.5191837711593985,65.94703344104114,SeoulBikeData,seoul_bike_baseline_v3,2026-01-10T11:54:16.801747,6,XGBoost,24,clean_only,True,42,7,0,48
915.0862630208334,1106.1419007849775,4.76202148739069,66.4056642738328,SeoulBikeData,seoul_bike_baseline_v3,2026-01-10T11:54:23.264612,7,XGBoost,24,clean_only,True,42,7,0,48
802.9028065999349,919.379347785922,4.154092515516945,59.37958639485288,SeoulBikeData,seoul_bike_baseline_v3,2026-01-10T11:54:30.007354,8,XGBoost,24,clean_only,True,42,7,0,48
1193.0695546468098,1288.6655224887054,6.176327908914889,85.90972050083806,SeoulBikeData,seoul_bike_baseline_v3,2026-01-10T11:54:36.111803,9,XGBoost,24,clean_only,True,42,7,0,48
656.6606953938802,767.8185375138398,3.381571328214895,52.17346044188035,SeoulBikeData,seoul_bike_baseline_v3,2026-01-10T11:54:43.837177,10,XGBoost,24,clean_only,True,42,7,0,48
872.238047281901,983.129148250754,4.469691296992245,60.4658866516897,SeoulBikeData,seoul_bike_baseline_v3,2026-01-10T11:54:51.045356,11,XGBoost,24,clean_only,True,42,7,0,48
885.5293528238932,1021.1014389147592,4.552198076782075,61.57063184739998,SeoulBikeData,seoul_bike_baseline_v3,2026-01-10T11:54:58.689670,12,XGBoost,24,clean_only,True,42,7,0,48
1082.7706858317058,1214.749772454794,5.562532241323717,72.57746128199899,SeoulBikeData,seoul_bike_baseline_v3,2026-01-10T11:55:05.992575,13,XGBoost,24,clean_only,True,42,7,0,48
979.1167246500651,1117.703190879221,5.039587345575648,66.30617214577322,SeoulBikeData,seoul_bike_baseline_v3,2026-01-10T11:55:14.085702,14,XGBoost,24,clean_only,True,42,7,0,48
916.3030497233073,1025.7739177618807,4.70285266655871,62.84550717891075,SeoulBikeData,seoul_bike_baseline_v3,2026-01-10T11:55:21.266409,15,XGBoost,24,clean_only,True,42,7,0,48
757.8888041178385,907.8244097162204,3.8975109728034742,54.743075771797386,SeoulBikeData,seoul_bike_baseline_v3,2026-01-10T11:55:28.689614,16,XGBoost,24,clean_only,True,42,7,0,48
761.7228444417318,886.3997577664837,3.900931627803486,57.95267221909191,SeoulBikeData,seoul_bike_baseline_v3,2026-01-10T11:55:36.014199,17,XGBoost,24,clean_only,True,42,7,0,48
794.4355875651041,893.0461266083413,4.041164792061591,56.061366263592184,SeoulBikeData,seoul_bike_baseline_v3,2026-01-10T11:55:43.441567,18,XGBoost,24,clean_only,True,42,7,0,48
923.0044809977213,1070.4432291998926,4.697949670703869,59.5588386624203,SeoulBikeData,seoul_bike_baseline_v3,2026-01-10T11:55:51.026365,19,XGBoost,24,clean_only,True,42,7,0,48
721.975830078125,909.9842905950863,3.949085526916997,61.827789070513674,SeoulBikeData,seoul_bike_baseline_v3,2026-01-10T11:55:57.214802,0,XGBoost,48,clean_only,True,42,7,0,48
543.7098078727722,689.8821299414776,2.942491878561281,77.08080342944284,SeoulBikeData,seoul_bike_baseline_v3,2026-01-10T11:56:04.072118,1,XGBoost,48,clean_only,True,42,7,0,48
966.5261561075846,1130.090987684273,5.014164211893686,66.99464832939034,SeoulBikeData,seoul_bike_baseline_v3,2026-01-10T11:56:10.373243,2,XGBoost,48,clean_only,True,42,7,0,48
1047.528917948405,1242.187545341074,5.448867341537405,71.58270401100208,SeoulBikeData,seoul_bike_baseline_v3,2026-01-10T11:56:16.768598,3,XGBoost,48,clean_only,True,42,7,0,48
1080.9508845011394,1222.9329375473235,5.592669426531269,75.09548302351065,SeoulBikeData,seoul_bike_baseline_v3,2026-01-10T11:56:23.625221,4,XGBoost,48,clean_only,True,42,7,0,48
815.7196477254232,952.8364157068457,4.200668917690109,58.28156951018673,SeoulBikeData,seoul_bike_baseline_v3,2026-01-10T11:56:31.400200,5,XGBoost,48,clean_only,True,42,7,0,48
1081.8068593343098,1264.1409477992622,5.561192397301217,69.49827024861655,SeoulBikeData,seoul_bike_baseline_v3,2026-01-10T11:56:39.137397,6,XGBoost,48,clean_only,True,42,7,0,48
1147.4879328409831,1319.1592703041392,5.906206604338176,70.55864316589332,SeoulBikeData,seoul_bike_baseline_v3,2026-01-10T11:56:47.245813,7,XGBoost,48,clean_only,True,42,7,0,48
1036.109992980957,1217.9300074543178,5.328288325059797,66.25226258754421,SeoulBikeData,seoul_bike_baseline_v3,2026-01-10T11:56:54.687202,8,XGBoost,48,clean_only,True,42,7,0,48
1016.8449783325195,1153.1637974662833,5.172525236459472,63.30306982357423,SeoulBikeData,seoul_bike_baseline_v3,2026-01-10T11:57:02.162598,9,XGBoost,48,clean_only,True,42,7,0,48
1585.4579366048176,1744.873735016786,8.042128021107173,94.55983400624794,SeoulBikeData,seoul_bike_baseline_v3,2026-01-10T11:57:09.901872,10,XGBoost,48,clean_only,True,42,7,0,48
992.3636016845703,1120.8669787674905,4.9179720588781475,66.44256989311498,SeoulBikeData,seoul_bike_baseline_v3,2026-01-10T11:57:17.301465,11,XGBoost,48,clean_only,True,42,7,0,48
1684.6183471679688,1857.5446070893754,8.196073373125838,94.88932204266064,SeoulBikeData,seoul_bike_baseline_v3,2026-01-10T11:57:24.779480,12,XGBoost,48,clean_only,True,42,7,0,48
1395.8179626464844,1591.158097779814,6.697418930635501,74.66625873555044,SeoulBikeData,seoul_bike_baseline_v3,2026-01-10T11:57:31.495834,13,XGBoost,48,clean_only,True,42,7,0,48
1651.0325520833333,1803.5637335831318,7.88808820679347,85.98179893401672,SeoulBikeData,seoul_bike_baseline_v3,2026-01-10T11:57:38.839649,14,XGBoost,48,clean_only,True,42,7,0,48
1102.486406962077,1272.6675484780305,5.232048592057826,65.9282528086481,SeoulBikeData,seoul_bike_baseline_v3,2026-01-10T11:57:47.348473,15,XGBoost,48,clean_only,True,42,7,0,48
967.8995717366537,1112.4236965940452,4.602137461770472,61.13978359732375,SeoulBikeData,seoul_bike_baseline_v3,2026-01-10T11:57:56.438570,16,XGBoost,48,clean_only,True,42,7,0,48
720.3896204630533,837.6924330582661,3.432379163988777,57.683562033164904,SeoulBikeData,seoul_bike_baseline_v3,2026-01-10T11:58:05.254178,17,XGBoost,48,clean_only,True,42,7,0,48
1812.1630605061848,1948.584978272966,8.596669997452736,127.80215221061898,SeoulBikeData,seoul_bike_baseline_v3,2026-01-10T11:58:13.516759,18,XGBoost,48,clean_only,True,42,7,0,48
1464.9465637207031,1601.719162267252,6.722425105628968,90.8325518877839,SeoulBikeData,seoul_bike_baseline_v3,2026-01-10T11:58:21.803951,19,XGBoost,48,clean_only,True,42,7,0,48
1117.6568458193824,1312.2804969021556,6.113393676083887,79.53810043428155,SeoulBikeData,seoul_bike_baseline_v3,2026-01-10T11:58:28.423516,0,XGBoost,168,clean_only,True,42,7,0,48
1111.4929533458892,1277.0695201065096,5.784103139570308,72.19901759419275,SeoulBikeData,seoul_bike_baseline_v3,2026-01-10T11:58:35.422771,1,XGBoost,168,clean_only,True,42,7,0,48
1164.1922251383464,1345.7615083213786,5.9921848518333105,72.86094481570838,SeoulBikeData,seoul_bike_baseline_v3,2026-01-10T11:58:44.188724,2,XGBoost,168,clean_only,True,42,7,0,48
1490.0763498942058,1676.7883434956984,7.475984997194653,82.26328092624259,SeoulBikeData,seoul_bike_baseline_v3,2026-01-10T11:58:52.479768,3,XGBoost,168,clean_only,True,42,7,0,48
1696.6317661830358,1849.3933501167885,8.105946190589759,85.33710977373391,SeoulBikeData,seoul_bike_baseline_v3,2026-01-10T11:59:00.042941,4,XGBoost,168,clean_only,True,42,7,0,48
759.5803615025112,899.9487335194508,3.6097335187250383,80.54521596039015,SeoulBikeData,seoul_bike_baseline_v3,2026-01-10T11:59:08.664201,5,XGBoost,168,clean_only,True,42,7,0,48
621.0653065716227,762.4716556449986,2.7356242280805274,69.77700234062199,SeoulBikeData,seoul_bike_baseline_v3,2026-01-10T11:59:17.051569,6,XGBoost,168,clean_only,True,42,7,0,48
1827.241483415876,1954.1030410489943,7.918593543762287,107.00393271642963,SeoulBikeData,seoul_bike_baseline_v3,2026-01-10T11:59:25.309373,7,XGBoost,168,clean_only,True,42,7,0,48
1578.7930577596028,1723.288783429199,6.66419028218399,92.17270138732694,SeoulBikeData,seoul_bike_baseline_v3,2026-01-10T11:59:33.948790,8,XGBoost,168,clean_only,True,42,7,0,48
455.00726645333424,559.3526588629196,1.9443698650088808,49.10810913157966,SeoulBikeData,seoul_bike_baseline_v3,2026-01-10T11:59:42.472169,9,XGBoost,168,clean_only,True,42,7,0,48
586.7985363006592,728.8568034981738,2.533428675780975,61.431317219221334,SeoulBikeData,seoul_bike_baseline_v3,2026-01-10T11:59:51.010263,10,XGBoost,168,clean_only,True,42,7,0,48
987.8031312851679,1227.29882947475,4.318793572843295,76.76537548057406,SeoulBikeData,seoul_bike_baseline_v3,2026-01-10T11:59:59.502223,11,XGBoost,168,clean_only,True,42,7,0,48
581.9511359078543,734.6157291322005,2.571568454470454,57.04062152135838,SeoulBikeData,seoul_bike_baseline_v3,2026-01-10T12:00:08.154929,12,XGBoost,168,clean_only,True,42,7,0,48
1140.4206357683454,1335.3229612937319,5.030594756364928,85.66095516924176,SeoulBikeData,seoul_bike_baseline_v3,2026-01-10T12:00:16.631950,13,XGBoost,168,clean_only,True,42,7,0,48
622.9822322300503,723.8942296699715,2.7096745827357327,81.96307251695062,SeoulBikeData,seoul_bike_baseline_v3,2026-01-10T12:00:25.126130,14,XGBoost,168,clean_only,True,42,7,0,48
1377.7361820765905,1536.9633349878243,5.8708008681582635,86.93035854730317,SeoulBikeData,seoul_bike_baseline_v3,2026-01-10T12:00:34.088259,15,XGBoost,168,clean_only,True,42,7,0,48
1545.9585171654112,1689.1992063083549,6.485475339689201,87.78986189738437,SeoulBikeData,seoul_bike_baseline_v3,2026-01-10T12:00:42.755919,16,XGBoost,168,clean_only,True,42,7,0,48
665.895620073591,863.4888647811975,2.8035623368473606,81.94858070369322,SeoulBikeData,seoul_bike_baseline_v3,2026-01-10T12:00:51.491610,17,XGBoost,168,clean_only,True,42,7,48,48
750.000490461077,918.4537512113294,3.112060703372479,71.67664591914648,SeoulBikeData,seoul_bike_baseline_v3,2026-01-10T12:01:00.604300,18,XGBoost,168,clean_only,True,42,7,41,96
706.8648409162249,839.7554998699846,2.900527913791601,77.29190067252549,SeoulBikeData,seoul_bike_baseline_v3,2026-01-10T12:01:09.791205,19,XGBoost,168,clean_only,True,42,7,62,137
451.3875325520833,569.4891737374837,2.4690133624546893,22.605324510843737,SeoulBikeData,seoul_bike_baseline_v3,2026-01-10T12:01:16.216419,0,XGBoost,6,degraded,True,42,7,0,48
845.8827107747396,860.3080178100063,4.630380185156079,109.95386899652466,SeoulBikeData,seoul_bike_baseline_v3,2026-01-10T12:01:22.488447,1,XGBoost,6,degraded,True,42,7,0,48
641.3583068847656,782.9560526948671,3.509737278459259,88.36508516515075,SeoulBikeData,seoul_bike_baseline_v3,2026-01-10T12:01:29.679940,2,XGBoost,6,degraded,True,42,7,0,48
502.9711201985677,520.7366069455567,2.745893950056302,41.198821854615424,SeoulBikeData,seoul_bike_baseline_v3,2026-01-10T12:01:36.217334,3,XGBoost,6,degraded,True,42,7,0,48
234.72379557291666,360.92377761820484,1.281290199844965,9.62581677978447,SeoulBikeData,seoul_bike_baseline_v3,2026-01-10T12:01:42.437640,4,XGBoost,6,degraded,True,42,7,0,48
879.8982137044271,903.5330032293309,4.79529899813548,83.21052708578937,SeoulBikeData,seoul_bike_baseline_v3,2026-01-10T12:01:48.607462,5,XGBoost,6,degraded,True,42,7,0,48
274.32984924316406,355.1065077420052,1.493835461938081,49.84961795545744,SeoulBikeData,seoul_bike_baseline_v3,2026-01-10T12:01:54.593174,6,XGBoost,6,degraded,True,42,7,0,48
706.3862101236979,796.2026884470432,3.8401915811363403,77.81096230611642,SeoulBikeData,seoul_bike_baseline_v3,2026-01-10T12:02:01.022245,7,XGBoost,6,degraded,True,42,7,0,48
202.4425048828125,229.11489155413395,1.0955944105990236,133.68228784099907,SeoulBikeData,seoul_bike_baseline_v3,2026-01-10T12:02:07.945222,8,XGBoost,6,degraded,True,42,7,0,48
64.02397855122884,76.0713943076785,0.34092569491801766,91.5498094200002,SeoulBikeData,seoul_bike_baseline_v3,2026-01-10T12:02:15.403750,9,XGBoost,6,degraded,True,42,7,0,48
737.694902420044,918.2177343067423,3.913347604100164,117.04038381444921,SeoulBikeData,seoul_bike_baseline_v3,2026-01-10T12:02:22.585703,10,XGBoost,6,degraded,True,42,7,0,48
177.0452880859375,209.48917125144223,0.9372040151270579,12.533303933581166,SeoulBikeData,seoul_bike_baseline_v3,2026-01-10T12:02:29.719620,11,XGBoost,6,degraded,True,42,7,0,48
416.32470703125,496.395505251007,2.193826235466941,19.29273171963599,SeoulBikeData,seoul_bike_baseline_v3,2026-01-10T12:02:37.339731,12,XGBoost,6,degraded,True,42,7,0,48
1148.221455891927,1196.1273625401375,5.9621044365619245,108.32355976045068,SeoulBikeData,seoul_bike_baseline_v3,2026-01-10T12:02:44.515448,13,XGBoost,6,degraded,True,42,7,0,48
471.29820251464844,667.9230366769865,2.441466619462073,48.97758292227286,SeoulBikeData,seoul_bike_baseline_v3,2026-01-10T12:02:51.676229,14,XGBoost,6,degraded,True,42,7,0,48
167.11221313476562,228.70244467265448,0.8664530408325032,15.109437872466506,SeoulBikeData,seoul_bike_baseline_v3,2026-01-10T12:02:58.175968,15,XGBoost,6,degraded,True,42,7,0,48
408.14990234375,465.55642304038804,2.11740843275444,20.255304913645208,SeoulBikeData,seoul_bike_baseline_v3,2026-01-10T12:03:05.059147,16,XGBoost,6,degraded,True,42,7,0,48
978.2006632486979,1022.2723014846733,5.076865224069328,97.93516512917888,SeoulBikeData,seoul_bike_baseline_v3,2026-01-10T12:03:11.682898,17,XGBoost,6,degraded,True,42,7,0,48
662.1256917317709,818.5978753522177,3.440552304781909,86.2126890891336,SeoulBikeData,seoul_bike_baseline_v3,2026-01-10T12:03:18.778381,18,XGBoost,6,degraded,True,42,7,0,48
380.29453531901044,414.06364591838354,1.9779573145238767,37.00766932927966,SeoulBikeData,seoul_bike_baseline_v3,2026-01-10T12:03:26.342810,19,XGBoost,6,degraded,True,42,7,0,48
714.0201314290365,884.854490249359,3.9055692025710296,59.35219644278688,SeoulBikeData,seoul_bike_baseline_v3,2026-01-10T12:03:32.623540,0,XGBoost,24,degraded,True,42,7,0,48
642.1746520996094,783.8793652231465,3.5054481217626434,61.4515250401401,SeoulBikeData,seoul_bike_baseline_v3,2026-01-10T12:03:39.205683,1,XGBoost,24,degraded,True,42,7,0,48
704.4541155497233,801.9883493269323,3.8124206770041873,114.33495442967414,SeoulBikeData,seoul_bike_baseline_v3,2026-01-10T12:03:46.564158,2,XGBoost,24,degraded,True,42,7,0,48
738.8874359130859,849.7337699348774,3.8935730082465456,59.36909343510772,SeoulBikeData,seoul_bike_baseline_v3,2026-01-10T12:03:53.933797,3,XGBoost,24,degraded,True,42,7,0,48
428.7929433186849,503.34549270413623,2.2245008240230026,42.30926478062915,SeoulBikeData,seoul_bike_baseline_v3,2026-01-10T12:04:00.522033,4,XGBoost,24,degraded,True,42,7,0,48
884.9202779134115,982.8880744967387,4.606985495785248,64.98024909558502,SeoulBikeData,seoul_bike_baseline_v3,2026-01-10T12:04:07.675515,5,XGBoost,24,degraded,True,42,7,0,48
543.8065185546875,682.0884032635512,2.8286852308298167,51.9843204845892,SeoulBikeData,seoul_bike_baseline_v3,2026-01-10T12:04:13.844181,6,XGBoost,24,degraded,True,42,7,0,48
871.2071838378906,1037.696461994815,4.533678951435331,64.9174547569303,SeoulBikeData,seoul_bike_baseline_v3,2026-01-10T12:04:21.144713,7,XGBoost,24,degraded,True,42,7,0,48
776.4764404296875,901.8255933462741,4.017366663996993,58.40682059838112,SeoulBikeData,seoul_bike_baseline_v3,2026-01-10T12:04:28.445388,8,XGBoost,24,degraded,True,42,7,0,48
1167.7885080973308,1287.0442265203526,6.045452024301147,84.52337068249535,SeoulBikeData,seoul_bike_baseline_v3,2026-01-10T12:04:35.318579,9,XGBoost,24,degraded,True,42,7,0,48
747.7174021402994,853.8883974497755,3.8504813009530507,56.74450093243338,SeoulBikeData,seoul_bike_baseline_v3,2026-01-10T12:04:43.984563,10,XGBoost,24,degraded,True,42,7,0,48
954.8458150227865,1086.9494653147347,4.893006035080092,63.49311050421248,SeoulBikeData,seoul_bike_baseline_v3,2026-01-10T12:04:51.203619,11,XGBoost,24,degraded,True,42,7,0,48
593.287956237793,720.1788078969347,3.049886810359357,48.00072770961392,SeoulBikeData,seoul_bike_baseline_v3,2026-01-10T12:04:59.602089,12,XGBoost,24,degraded,True,42,7,0,48
1152.6746622721355,1323.9846068813488,5.921650868965489,73.96353647691149,SeoulBikeData,seoul_bike_baseline_v3,2026-01-10T12:05:07.651582,13,XGBoost,24,degraded,True,42,7,0,48
914.8459116617838,1082.3180423938495,4.708780642277467,62.9937037756976,SeoulBikeData,seoul_bike_baseline_v3,2026-01-10T12:05:16.648381,14,XGBoost,24,degraded,True,42,7,0,48
1094.2008972167969,1229.2732331331629,5.615899247285954,68.78468919799889,SeoulBikeData,seoul_bike_baseline_v3,2026-01-10T12:05:24.443953,15,XGBoost,24,degraded,True,42,7,0,48
630.7907409667969,733.6939941640276,3.2438978133772096,49.277259913402,SeoulBikeData,seoul_bike_baseline_v3,2026-01-10T12:05:32.764122,16,XGBoost,24,degraded,True,42,7,0,48
1017.7619069417318,1192.3347162463474,5.212157730771974,67.21608195638731,SeoulBikeData,seoul_bike_baseline_v3,2026-01-10T12:05:40.862761,17,XGBoost,24,degraded,True,42,7,0,48
644.5343780517578,745.952144789648,3.278641688043243,48.85231666073541,SeoulBikeData,seoul_bike_baseline_v3,2026-01-10T12:05:48.768168,18,XGBoost,24,degraded,True,42,7,0,48
588.6226043701172,683.24210109758,2.9959977739005934,45.619242813099994,SeoulBikeData,seoul_bike_baseline_v3,2026-01-10T12:05:56.562634,19,XGBoost,24,degraded,True,42,7,0,48
829.1598917643229,1031.0224104530555,4.535364193164508,66.07345225685441,SeoulBikeData,seoul_bike_baseline_v3,2026-01-10T12:06:02.916842,0,XGBoost,48,degraded,True,42,7,0,48
954.6620105107626,1075.396825856391,5.166515615543627,95.93995032444407,SeoulBikeData,seoul_bike_baseline_v3,2026-01-10T12:06:10.273383,1,XGBoost,48,degraded,True,42,7,0,48
1138.3631235758464,1272.5982351523105,5.905623555352768,73.90306773195029,SeoulBikeData,seoul_bike_baseline_v3,2026-01-10T12:06:17.013244,2,XGBoost,48,degraded,True,42,7,0,48
923.7611312866211,1106.4977552352075,4.805071987422914,67.42595324164361,SeoulBikeData,seoul_bike_baseline_v3,2026-01-10T12:06:24.402975,3,XGBoost,48,degraded,True,42,7,0,48
1226.9083811442058,1377.5471348475035,6.347830498836084,79.93288792615827,SeoulBikeData,seoul_bike_baseline_v3,2026-01-10T12:06:31.727931,4,XGBoost,48,degraded,True,42,7,0,48
925.9941635131836,1082.5983668596318,4.768543839147068,62.52951742879694,SeoulBikeData,seoul_bike_baseline_v3,2026-01-10T12:06:41.575377,5,XGBoost,48,degraded,True,42,7,0,48
1076.7961527506511,1251.4337918385495,5.535434099396453,69.7123138487571,SeoulBikeData,seoul_bike_baseline_v3,2026-01-10T12:06:50.535746,6,XGBoost,48,degraded,True,42,7,0,48
1191.479985555013,1367.7136705889707,6.132637004904317,72.02394729958806,SeoulBikeData,seoul_bike_baseline_v3,2026-01-10T12:06:59.013973,7,XGBoost,48,degraded,True,42,7,0,48
1164.0442454020183,1354.7744366647223,5.986201662609204,70.16267908095651,SeoulBikeData,seoul_bike_baseline_v3,2026-01-10T12:07:07.284800,8,XGBoost,48,degraded,True,42,7,0,48
981.8183186848959,1125.7046736608572,4.994350308287713,61.79586040412516,SeoulBikeData,seoul_bike_baseline_v3,2026-01-10T12:07:15.161561,9,XGBoost,48,degraded,True,42,7,0,48
1456.7615254720051,1639.65859547658,7.38932419055995,90.72779237788654,SeoulBikeData,seoul_bike_baseline_v3,2026-01-10T12:07:23.367538,10,XGBoost,48,degraded,True,42,7,0,48
1383.222900390625,1548.712658982893,6.854999078738636,78.08066062489226,SeoulBikeData,seoul_bike_baseline_v3,2026-01-10T12:07:31.616145,11,XGBoost,48,degraded,True,42,7,0,48
1584.1741638183594,1754.5787631946923,7.707388266483687,92.54637104565667,SeoulBikeData,seoul_bike_baseline_v3,2026-01-10T12:07:39.318079,12,XGBoost,48,degraded,True,42,7,0,48
1406.8619130452473,1611.697877923882,6.750410054441813,74.71040864249403,SeoulBikeData,seoul_bike_baseline_v3,2026-01-10T12:07:47.402166,13,XGBoost,48,degraded,True,42,7,0,48
1512.818598429362,1677.0087353670376,7.227747587550997,82.08547412382691,SeoulBikeData,seoul_bike_baseline_v3,2026-01-10T12:07:55.185401,14,XGBoost,48,degraded,True,42,7,0,48
1298.4268213907878,1460.487973303957,6.161919258004484,72.4126479462373,SeoulBikeData,seoul_bike_baseline_v3,2026-01-10T12:08:03.502814,15,XGBoost,48,degraded,True,42,7,0,48
1183.7001368204753,1343.7207163436317,5.628218982874509,69.1310389635588,SeoulBikeData,seoul_bike_baseline_v3,2026-01-10T12:08:12.469237,16,XGBoost,48,degraded,True,42,7,0,48
1354.2520167032878,1517.4431796550373,6.452489420841876,80.4085207425694,SeoulBikeData,seoul_bike_baseline_v3,2026-01-10T12:08:21.409742,17,XGBoost,48,degraded,True,42,7,0,48
1906.5894775390625,2055.0308063143257,9.044616853872354,128.5001177026608,SeoulBikeData,seoul_bike_baseline_v3,2026-01-10T12:08:30.139502,18,XGBoost,48,degraded,True,42,7,0,48
1512.5440190633137,1659.2288610087587,6.940842853199604,92.09789747662657,SeoulBikeData,seoul_bike_baseline_v3,2026-01-10T12:08:38.986195,19,XGBoost,48,degraded,True,42,7,0,48
1321.3888600667317,1493.2332477358655,7.227773292845841,86.39681006097197,SeoulBikeData,seoul_bike_baseline_v3,2026-01-10T12:08:45.656307,0,XGBoost,168,degraded,True,42,7,0,48
1145.0253121512276,1305.5760876956028,5.958602331183984,73.41891663238597,SeoulBikeData,seoul_bike_baseline_v3,2026-01-10T12:08:52.911163,1,XGBoost,168,degraded,True,42,7,0,48
1213.4887876964751,1396.7914542149747,6.245917963109817,74.31513008980427,SeoulBikeData,seoul_bike_baseline_v3,2026-01-10T12:09:01.658524,2,XGBoost,168,degraded,True,42,7,0,48
1630.1532825288318,1811.9966546660169,8.178776533281956,85.77062624273452,SeoulBikeData,seoul_bike_baseline_v3,2026-01-10T12:09:10.110391,3,XGBoost,168,degraded,True,42,7,0,48
1551.4290422712054,1711.1433524007614,7.41221553540799,81.58982244897153,SeoulBikeData,seoul_bike_baseline_v3,2026-01-10T12:09:18.252051,4,XGBoost,168,degraded,True,42,7,0,48
1785.4841977074034,1972.8712674522528,8.48510899211418,108.70830364188184,SeoulBikeData,seoul_bike_baseline_v3,2026-01-10T12:09:26.262898,5,XGBoost,168,degraded,True,42,7,0,48
1651.3207931064424,1794.8849937244258,7.273620216997549,103.70684153391684,SeoulBikeData,seoul_bike_baseline_v3,2026-01-10T12:09:34.273516,6,XGBoost,168,degraded,True,42,7,0,48
1775.0360434395927,1909.7115052527258,7.692354339093695,105.47443515706662,SeoulBikeData,seoul_bike_baseline_v3,2026-01-10T12:09:42.561631,7,XGBoost,168,degraded,True,42,7,0,48
633.0751796904065,749.025035648741,2.672252351027941,56.09263407794101,SeoulBikeData,seoul_bike_baseline_v3,2026-01-10T12:09:50.771078,8,XGBoost,168,degraded,True,42,7,0,48
753.8764321463449,874.4014476291275,3.2215191375544765,65.65538760987751,SeoulBikeData,seoul_bike_baseline_v3,2026-01-10T12:09:58.929954,9,XGBoost,168,degraded,True,42,7,0,48
1487.1208975655693,1674.4729198091209,6.420456925467493,95.26301372041665,SeoulBikeData,seoul_bike_baseline_v3,2026-01-10T12:10:06.849134,10,XGBoost,168,degraded,True,42,7,0,48
706.9430959792364,849.8006672928713,3.0908398673618485,64.59253841347005,SeoulBikeData,seoul_bike_baseline_v3,2026-01-10T12:10:14.977593,11,XGBoost,168,degraded,True,42,7,0,48
1502.665157136463,1673.4756278749032,6.640087246665106,90.81123803161647,SeoulBikeData,seoul_bike_baseline_v3,2026-01-10T12:10:23.477392,12,XGBoost,168,degraded,True,42,7,0,48
1682.9634755452473,1816.19500567138,7.42384605266945,103.05737435031132,SeoulBikeData,seoul_bike_baseline_v3,2026-01-10T12:10:31.825199,13,XGBoost,168,degraded,True,42,7,0,48
1767.1075664701916,1916.455044597821,7.686072266754614,116.73271968326841,SeoulBikeData,seoul_bike_baseline_v3,2026-01-10T12:10:40.779639,14,XGBoost,168,degraded,True,42,7,0,48
1537.657691592262,1681.3163001206442,6.552257411955116,91.64725308946005,SeoulBikeData,seoul_bike_baseline_v3,2026-01-10T12:10:49.511970,15,XGBoost,168,degraded,True,42,7,0,48
648.6622365315756,810.0854627544422,2.7212133392341586,56.17302859131183,SeoulBikeData,seoul_bike_baseline_v3,2026-01-10T12:10:59.254946,16,XGBoost,168,degraded,True,42,7,0,48
704.0078172229585,906.7821679697779,2.964022801342771,84.69365211339083,SeoulBikeData,seoul_bike_baseline_v3,2026-01-10T12:11:07.968389,17,XGBoost,168,degraded,True,42,7,48,48
1522.8778871808734,1714.2125028693915,6.3190471059784725,94.76102904515632,SeoulBikeData,seoul_bike_baseline_v3,2026-01-10T12:11:16.268477,18,XGBoost,168,degraded,True,42,7,41,96
1640.1698372250512,1864.1327871759509,6.730223546079741,100.87879368079538,SeoulBikeData,seoul_bike_baseline_v3,2026-01-10T12:11:24.918786,19,XGBoost,168,degraded,True,42,7,62,137
