
================================================================================
[2026-05-17 07:48:02] FAILED: seoul
================================================================================
Traceback (most recent call last):
  File "/home/20250572/TabPFN-TS_for_Bike_Demand_Forecasting/forecasting/run_weather_baseline.py", line 149, in main
    compute_and_log_comparative_metrics(config)
  File "/home/20250572/TabPFN-TS_for_Bike_Demand_Forecasting/forecasting/run_experiments.py", line 482, in compute_and_log_comparative_metrics
    comparative_df = MetricsCalculator.compute_and_save_comparative_metrics(
                     ^^^^^^^^^^^^^^^^^^^^^^^^^^^^^^^^^^^^^^^^^^^^^^^^^^^^^^^
  File "/home/20250572/TabPFN-TS_for_Bike_Demand_Forecasting/forecasting/evaluation/metrics.py", line 463, in compute_and_save_comparative_metrics
    comp = MetricsCalculator.compute_comparative_metrics(group, baseline_model=baseline_model)
           ^^^^^^^^^^^^^^^^^^^^^^^^^^^^^^^^^^^^^^^^^^^^^^^^^^^^^^^^^^^^^^^^^^^^^^^^^^^^^^^^^^^
  File "/home/20250572/TabPFN-TS_for_Bike_Demand_Forecasting/forecasting/evaluation/metrics.py", line 404, in compute_comparative_metrics
    raise ValueError(
ValueError: Baseline model 'SeasonalNaive' not found in results_df. Available models: ['ARIMA', 'NeuralProphet', 'NeuralProphet_NoWeather', 'Prophet', 'SARIMAX', 'Seasonal_Naive', 'TabPFN', 'TabPFN_NoWeather', 'XGBoost']

================================================================================
[2026-05-17 07:48:02] FAILED: seoul
================================================================================
Traceback (most recent call last):
  File "/home/20250572/TabPFN-TS_for_Bike_Demand_Forecasting/forecasting/run_weather_baseline.py", line 149, in main
    compute_and_log_comparative_metrics(config)
  File "/home/20250572/TabPFN-TS_for_Bike_Demand_Forecasting/forecasting/run_experiments.py", line 482, in compute_and_log_comparative_metrics
    comparative_df = MetricsCalculator.compute_and_save_comparative_metrics(
                     ^^^^^^^^^^^^^^^^^^^^^^^^^^^^^^^^^^^^^^^^^^^^^^^^^^^^^^^
  File "/home/20250572/TabPFN-TS_for_Bike_Demand_Forecasting/forecasting/evaluation/metrics.py", line 463, in compute_and_save_comparative_metrics
    comp = MetricsCalculator.compute_comparative_metrics(group, baseline_model=baseline_model)
           ^^^^^^^^^^^^^^^^^^^^^^^^^^^^^^^^^^^^^^^^^^^^^^^^^^^^^^^^^^^^^^^^^^^^^^^^^^^^^^^^^^^
  File "/home/20250572/TabPFN-TS_for_Bike_Demand_Forecasting/forecasting/evaluation/metrics.py", line 404, in compute_comparative_metrics
    raise ValueError(
ValueError: Baseline model 'SeasonalNaive' not found in results_df. Available models: ['ARIMA', 'NeuralProphet', 'NeuralProphet_NoWeather', 'Prophet', 'SARIMAX', 'Seasonal_Naive', 'TabPFN', 'TabPFN_NoWeather', 'XGBoost']

During handling of the above exception, another exception occurred:

Traceback (most recent call last):
  File "/home/20250572/TabPFN-TS_for_Bike_Demand_Forecasting/forecasting/main.py", line 76, in main
    run_baseline(config=config, no_confirm=True)
  File "/home/20250572/TabPFN-TS_for_Bike_Demand_Forecasting/forecasting/run_weather_baseline.py", line 170, in main
    experiment.finish()
    ^^^^^^^^^^^^^^^^^
AttributeError: 'ForecastingExperiment' object has no attribute 'finish'

================================================================================
[2026-05-18 00:42:23] FAILED: washington
================================================================================
Traceback (most recent call last):
  File "/home/20250572/TabPFN-TS_for_Bike_Demand_Forecasting/forecasting/run_weather_baseline.py", line 149, in main
    compute_and_log_comparative_metrics(config)
  File "/home/20250572/TabPFN-TS_for_Bike_Demand_Forecasting/forecasting/run_experiments.py", line 482, in compute_and_log_comparative_metrics
  File "/home/20250572/TabPFN-TS_for_Bike_Demand_Forecasting/forecasting/evaluation/metrics.py", line 463, in compute_and_save_comparative_metrics
    for dataset, group in df.groupby('dataset'):
               ^^^^^^^^^^^^^^^^^^^^^^^^^^^^^^^^^^
  File "/home/20250572/TabPFN-TS_for_Bike_Demand_Forecasting/forecasting/evaluation/metrics.py", line 404, in compute_comparative_metrics
    if baseline_model not in results_df['model'].values:
        ^^^^^^^^^^^^^^^^^^^^^^^^^^^^^^^^^^^^^^^^^^^^^^^^
ValueError: Baseline model 'SeasonalNaive' not found in results_df. Available models: ['ARIMA', 'NeuralProphet', 'NeuralProphet_NoWeather', 'Prophet', 'SARIMAX', 'Seasonal_Naive', 'TabPFN', 'TabPFN_NoWeather', 'XGBoost']

================================================================================
[2026-05-18 00:42:23] FAILED: washington
================================================================================
Traceback (most recent call last):
  File "/home/20250572/TabPFN-TS_for_Bike_Demand_Forecasting/forecasting/run_weather_baseline.py", line 149, in main
    compute_and_log_comparative_metrics(config)
  File "/home/20250572/TabPFN-TS_for_Bike_Demand_Forecasting/forecasting/run_experiments.py", line 482, in compute_and_log_comparative_metrics
  File "/home/20250572/TabPFN-TS_for_Bike_Demand_Forecasting/forecasting/evaluation/metrics.py", line 463, in compute_and_save_comparative_metrics
    for dataset, group in df.groupby('dataset'):
               ^^^^^^^^^^^^^^^^^^^^^^^^^^^^^^^^^^
  File "/home/20250572/TabPFN-TS_for_Bike_Demand_Forecasting/forecasting/evaluation/metrics.py", line 404, in compute_comparative_metrics
    if baseline_model not in results_df['model'].values:
        ^^^^^^^^^^^^^^^^^^^^^^^^^^^^^^^^^^^^^^^^^^^^^^^^
ValueError: Baseline model 'SeasonalNaive' not found in results_df. Available models: ['ARIMA', 'NeuralProphet', 'NeuralProphet_NoWeather', 'Prophet', 'SARIMAX', 'Seasonal_Naive', 'TabPFN', 'TabPFN_NoWeather', 'XGBoost']

During handling of the above exception, another exception occurred:

Traceback (most recent call last):
  File "/home/20250572/TabPFN-TS_for_Bike_Demand_Forecasting/forecasting/main.py", line 76, in main
    run_baseline(config=config, no_confirm=True)
  File "/home/20250572/TabPFN-TS_for_Bike_Demand_Forecasting/forecasting/run_weather_baseline.py", line 170, in main
    if hasattr(experiment, "finish"):
    ^^^^^^^^^^^^^^^^^
AttributeError: 'ForecastingExperiment' object has no attribute 'finish'

================================================================================
[2026-05-18 19:22:57] FAILED: london
================================================================================
Traceback (most recent call last):
  File "/home/20250572/TabPFN-TS_for_Bike_Demand_Forecasting/forecasting/run_weather_baseline.py", line 149, in main
    compute_and_log_comparative_metrics(config)
  File "/home/20250572/TabPFN-TS_for_Bike_Demand_Forecasting/forecasting/run_experiments.py", line 482, in compute_and_log_comparative_metrics
  File "/home/20250572/TabPFN-TS_for_Bike_Demand_Forecasting/forecasting/evaluation/metrics.py", line 463, in compute_and_save_comparative_metrics
    for dataset, group in df.groupby('dataset'):
               ^^^^^^^^^^^^^^^^^^^^^^^^^^^^^^^^^^
  File "/home/20250572/TabPFN-TS_for_Bike_Demand_Forecasting/forecasting/evaluation/metrics.py", line 404, in compute_comparative_metrics
    if baseline_model not in results_df['model'].values:
        ^^^^^^^^^^^^^^^^^^^^^^^^^^^^^^^^^^^^^^^^^^^^^^^^
ValueError: Baseline model 'SeasonalNaive' not found in results_df. Available models: ['ARIMA', 'NeuralProphet', 'NeuralProphet_NoWeather', 'Prophet', 'SARIMAX', 'Seasonal_Naive', 'TabPFN', 'TabPFN_NoWeather', 'XGBoost']

================================================================================
[2026-05-18 19:22:57] FAILED: london
================================================================================
Traceback (most recent call last):
  File "/home/20250572/TabPFN-TS_for_Bike_Demand_Forecasting/forecasting/run_weather_baseline.py", line 149, in main
    compute_and_log_comparative_metrics(config)
  File "/home/20250572/TabPFN-TS_for_Bike_Demand_Forecasting/forecasting/run_experiments.py", line 482, in compute_and_log_comparative_metrics
  File "/home/20250572/TabPFN-TS_for_Bike_Demand_Forecasting/forecasting/evaluation/metrics.py", line 463, in compute_and_save_comparative_metrics
    for dataset, group in df.groupby('dataset'):
               ^^^^^^^^^^^^^^^^^^^^^^^^^^^^^^^^^^
  File "/home/20250572/TabPFN-TS_for_Bike_Demand_Forecasting/forecasting/evaluation/metrics.py", line 404, in compute_comparative_metrics
    if baseline_model not in results_df['model'].values:
        ^^^^^^^^^^^^^^^^^^^^^^^^^^^^^^^^^^^^^^^^^^^^^^^^
ValueError: Baseline model 'SeasonalNaive' not found in results_df. Available models: ['ARIMA', 'NeuralProphet', 'NeuralProphet_NoWeather', 'Prophet', 'SARIMAX', 'Seasonal_Naive', 'TabPFN', 'TabPFN_NoWeather', 'XGBoost']

During handling of the above exception, another exception occurred:

Traceback (most recent call last):
  File "/home/20250572/TabPFN-TS_for_Bike_Demand_Forecasting/forecasting/main.py", line 76, in main
    run_baseline(config=config, no_confirm=True)
  File "/home/20250572/TabPFN-TS_for_Bike_Demand_Forecasting/forecasting/run_weather_baseline.py", line 170, in main
    if hasattr(experiment, "finish"):
    ^^^^^^^^^^^^^^^^^
AttributeError: 'ForecastingExperiment' object has no attribute 'finish'

================================================================================
[2026-05-18 20:32:23] ERROR: Error in TabPFN_v3 h=6 fold=0: TabPFN requires a one-time license acceptance to download
model weights for local inference, but no interactive terminal
is available.

To authenticate in a non-interactive environment:
  1. Open https://ux.priorlabs.ai in a browser and log in (or register)
  2. Accept the license on the Licenses tab
  3. Copy your API Key from https://ux.priorlabs.ai/account
  4. Set the environment variable: export TABPFN_TOKEN="<your-api-key>"
     or in Python (before calling .fit()): import os; os.environ["TABPFN_TOKEN"] = "<your-api-key>"
================================================================================
Traceback (most recent call last):
  File "/home/20250572/TabPFN-TS_for_Bike_Demand_Forecasting/forecasting/run_experiments.py", line 185, in run_single_experiment
    y_pred = model.predict(horizon, X_test)
             ^^^^^^^^^^^^^^^^^^^^^^^^^^^^^^
  File "/home/20250572/TabPFN-TS_for_Bike_Demand_Forecasting/forecasting/models/tabpfn_pipeline_model.py", line 108, in predict
    pred_df = self.pipeline.predict_df(
              ^^^^^^^^^^^^^^^^^^^^^^^^^
  File "/home/20250572/TabPFN-TS_for_Bike_Demand_Forecasting/.venv/lib/python3.12/site-packages/tabpfn_time_series/pipeline.py", line 424, in predict_df
    pred = self.predict(context_tsdf, future_tsdf, quantiles=quantiles)
           ^^^^^^^^^^^^^^^^^^^^^^^^^^^^^^^^^^^^^^^^^^^^^^^^^^^^^^^^^^^^
  File "/home/20250572/TabPFN-TS_for_Bike_Demand_Forecasting/.venv/lib/python3.12/site-packages/tabpfn_time_series/pipeline.py", line 310, in predict
    return self.predictor.predict(
           ^^^^^^^^^^^^^^^^^^^^^^^
  File "/home/20250572/TabPFN-TS_for_Bike_Demand_Forecasting/.venv/lib/python3.12/site-packages/tabpfn_common_utils/telemetry/core/decorators.py", line 217, in wrapped
    return fn(*args, **kwargs)
           ^^^^^^^^^^^^^^^^^^^
  File "/home/20250572/TabPFN-TS_for_Bike_Demand_Forecasting/.venv/lib/python3.12/site-packages/tabpfn_time_series/predictor.py", line 128, in predict
    return self._worker.predict(
           ^^^^^^^^^^^^^^^^^^^^^
  File "/home/20250572/TabPFN-TS_for_Bike_Demand_Forecasting/.venv/lib/python3.12/site-packages/tabpfn_time_series/worker/parallel_workers/gpu_worker.py", line 62, in predict
    predictions = self._prediction_routine_per_gpu(
                  ^^^^^^^^^^^^^^^^^^^^^^^^^^^^^^^^^
  File "/home/20250572/TabPFN-TS_for_Bike_Demand_Forecasting/.venv/lib/python3.12/site-packages/tabpfn_time_series/worker/parallel_workers/gpu_worker.py", line 123, in _prediction_routine_per_gpu
    predictions = self._prediction_routine(
                  ^^^^^^^^^^^^^^^^^^^^^^^^^
  File "/home/20250572/TabPFN-TS_for_Bike_Demand_Forecasting/.venv/lib/python3.12/site-packages/tabpfn_time_series/worker/parallel_workers/base.py", line 70, in _prediction_routine
    results = self.inference_routine(train_X, train_y, test_X, **kwargs)
              ^^^^^^^^^^^^^^^^^^^^^^^^^^^^^^^^^^^^^^^^^^^^^^^^^^^^^^^^^^
  File "/home/20250572/TabPFN-TS_for_Bike_Demand_Forecasting/.venv/lib/python3.12/site-packages/tabpfn_time_series/worker/model_adapters/base.py", line 110, in predict
    raw_pred_output = self._fit_and_predict(
                      ^^^^^^^^^^^^^^^^^^^^^^
  File "/home/20250572/TabPFN-TS_for_Bike_Demand_Forecasting/.venv/lib/python3.12/site-packages/tabpfn_time_series/worker/model_adapters/base.py", line 134, in _fit_and_predict
    model.fit(train_X, train_y, **fit_kwargs)
  File "/usr/local/anaconda3/lib/python3.12/contextlib.py", line 81, in inner
    return func(*args, **kwds)
           ^^^^^^^^^^^^^^^^^^^
  File "/home/20250572/TabPFN-TS_for_Bike_Demand_Forecasting/.venv/lib/python3.12/site-packages/tabpfn_common_utils/telemetry/core/decorators.py", line 320, in wrapper
    return _safe_call_with_telemetry(
           ^^^^^^^^^^^^^^^^^^^^^^^^^^
  File "/home/20250572/TabPFN-TS_for_Bike_Demand_Forecasting/.venv/lib/python3.12/site-packages/tabpfn_common_utils/telemetry/core/decorators.py", line 364, in _safe_call_with_telemetry
    result = func(*args, **kwargs)
             ^^^^^^^^^^^^^^^^^^^^^
  File "/home/20250572/TabPFN-TS_for_Bike_Demand_Forecasting/.venv/lib/python3.12/site-packages/tabpfn/regressor.py", line 825, in fit
    byte_size = self._initialize_model_variables()
                ^^^^^^^^^^^^^^^^^^^^^^^^^^^^^^^^^^
  File "/home/20250572/TabPFN-TS_for_Bike_Demand_Forecasting/.venv/lib/python3.12/site-packages/tabpfn/regressor.py", line 641, in _initialize_model_variables
    return initialize_model_variables_helper(self, self.estimator_type)
           ^^^^^^^^^^^^^^^^^^^^^^^^^^^^^^^^^^^^^^^^^^^^^^^^^^^^^^^^^^^^
  File "/home/20250572/TabPFN-TS_for_Bike_Demand_Forecasting/.venv/lib/python3.12/site-packages/tabpfn/base.py", line 386, in initialize_model_variables_helper
    initialize_tabpfn_model(
  File "/home/20250572/TabPFN-TS_for_Bike_Demand_Forecasting/.venv/lib/python3.12/site-packages/tabpfn/base.py", line 201, in initialize_tabpfn_model
    load_model_criterion_config(
  File "/home/20250572/TabPFN-TS_for_Bike_Demand_Forecasting/.venv/lib/python3.12/site-packages/tabpfn/model_loading.py", line 685, in load_model_criterion_config
    raise res[0]
  File "/home/20250572/TabPFN-TS_for_Bike_Demand_Forecasting/.venv/lib/python3.12/site-packages/tabpfn/model_loading.py", line 510, in _download_model
    ensure_license_accepted(hf_repo_id=_HF_REPOS[version])
  File "/home/20250572/TabPFN-TS_for_Bike_Demand_Forecasting/.venv/lib/python3.12/site-packages/tabpfn/browser_auth.py", line 621, in ensure_license_accepted
    raise TabPFNLicenseError(
tabpfn.errors.TabPFNLicenseError: TabPFN requires a one-time license acceptance to download
model weights for local inference, but no interactive terminal
is available.

To authenticate in a non-interactive environment:
  1. Open https://ux.priorlabs.ai in a browser and log in (or register)
  2. Accept the license on the Licenses tab
  3. Copy your API Key from https://ux.priorlabs.ai/account
  4. Set the environment variable: export TABPFN_TOKEN="<your-api-key>"
     or in Python (before calling .fit()): import os; os.environ["TABPFN_TOKEN"] = "<your-api-key>"

================================================================================
[2026-05-18 20:32:23] ERROR: Error in TabPFN_v3 h=6 fold=1: TabPFN requires a one-time license acceptance to download
model weights for local inference, but no interactive terminal
is available.

To authenticate in a non-interactive environment:
  1. Open https://ux.priorlabs.ai in a browser and log in (or register)
  2. Accept the license on the Licenses tab
  3. Copy your API Key from https://ux.priorlabs.ai/account
  4. Set the environment variable: export TABPFN_TOKEN="<your-api-key>"
     or in Python (before calling .fit()): import os; os.environ["TABPFN_TOKEN"] = "<your-api-key>"
================================================================================
Traceback (most recent call last):
  File "/home/20250572/TabPFN-TS_for_Bike_Demand_Forecasting/forecasting/run_experiments.py", line 185, in run_single_experiment
    y_pred = model.predict(horizon, X_test)
             ^^^^^^^^^^^^^^^^^^^^^^^^^^^^^^
  File "/home/20250572/TabPFN-TS_for_Bike_Demand_Forecasting/forecasting/models/tabpfn_pipeline_model.py", line 108, in predict
    pred_df = self.pipeline.predict_df(
              ^^^^^^^^^^^^^^^^^^^^^^^^^
  File "/home/20250572/TabPFN-TS_for_Bike_Demand_Forecasting/.venv/lib/python3.12/site-packages/tabpfn_time_series/pipeline.py", line 424, in predict_df
    pred = self.predict(context_tsdf, future_tsdf, quantiles=quantiles)
           ^^^^^^^^^^^^^^^^^^^^^^^^^^^^^^^^^^^^^^^^^^^^^^^^^^^^^^^^^^^^
  File "/home/20250572/TabPFN-TS_for_Bike_Demand_Forecasting/.venv/lib/python3.12/site-packages/tabpfn_time_series/pipeline.py", line 310, in predict
    return self.predictor.predict(
           ^^^^^^^^^^^^^^^^^^^^^^^
  File "/home/20250572/TabPFN-TS_for_Bike_Demand_Forecasting/.venv/lib/python3.12/site-packages/tabpfn_common_utils/telemetry/core/decorators.py", line 217, in wrapped
    return fn(*args, **kwargs)
           ^^^^^^^^^^^^^^^^^^^
  File "/home/20250572/TabPFN-TS_for_Bike_Demand_Forecasting/.venv/lib/python3.12/site-packages/tabpfn_time_series/predictor.py", line 128, in predict
    return self._worker.predict(
           ^^^^^^^^^^^^^^^^^^^^^
  File "/home/20250572/TabPFN-TS_for_Bike_Demand_Forecasting/.venv/lib/python3.12/site-packages/tabpfn_time_series/worker/parallel_workers/gpu_worker.py", line 62, in predict
    predictions = self._prediction_routine_per_gpu(
                  ^^^^^^^^^^^^^^^^^^^^^^^^^^^^^^^^^
  File "/home/20250572/TabPFN-TS_for_Bike_Demand_Forecasting/.venv/lib/python3.12/site-packages/tabpfn_time_series/worker/parallel_workers/gpu_worker.py", line 123, in _prediction_routine_per_gpu
    predictions = self._prediction_routine(
                  ^^^^^^^^^^^^^^^^^^^^^^^^^
  File "/home/20250572/TabPFN-TS_for_Bike_Demand_Forecasting/.venv/lib/python3.12/site-packages/tabpfn_time_series/worker/parallel_workers/base.py", line 70, in _prediction_routine
    results = self.inference_routine(train_X, train_y, test_X, **kwargs)
              ^^^^^^^^^^^^^^^^^^^^^^^^^^^^^^^^^^^^^^^^^^^^^^^^^^^^^^^^^^
  File "/home/20250572/TabPFN-TS_for_Bike_Demand_Forecasting/.venv/lib/python3.12/site-packages/tabpfn_time_series/worker/model_adapters/base.py", line 110, in predict
    raw_pred_output = self._fit_and_predict(
                      ^^^^^^^^^^^^^^^^^^^^^^
  File "/home/20250572/TabPFN-TS_for_Bike_Demand_Forecasting/.venv/lib/python3.12/site-packages/tabpfn_time_series/worker/model_adapters/base.py", line 134, in _fit_and_predict
    model.fit(train_X, train_y, **fit_kwargs)
  File "/usr/local/anaconda3/lib/python3.12/contextlib.py", line 81, in inner
    return func(*args, **kwds)
           ^^^^^^^^^^^^^^^^^^^
  File "/home/20250572/TabPFN-TS_for_Bike_Demand_Forecasting/.venv/lib/python3.12/site-packages/tabpfn_common_utils/telemetry/core/decorators.py", line 320, in wrapper
    return _safe_call_with_telemetry(
           ^^^^^^^^^^^^^^^^^^^^^^^^^^
  File "/home/20250572/TabPFN-TS_for_Bike_Demand_Forecasting/.venv/lib/python3.12/site-packages/tabpfn_common_utils/telemetry/core/decorators.py", line 364, in _safe_call_with_telemetry
    result = func(*args, **kwargs)
             ^^^^^^^^^^^^^^^^^^^^^
  File "/home/20250572/TabPFN-TS_for_Bike_Demand_Forecasting/.venv/lib/python3.12/site-packages/tabpfn/regressor.py", line 825, in fit
    byte_size = self._initialize_model_variables()
                ^^^^^^^^^^^^^^^^^^^^^^^^^^^^^^^^^^
  File "/home/20250572/TabPFN-TS_for_Bike_Demand_Forecasting/.venv/lib/python3.12/site-packages/tabpfn/regressor.py", line 641, in _initialize_model_variables
    return initialize_model_variables_helper(self, self.estimator_type)
           ^^^^^^^^^^^^^^^^^^^^^^^^^^^^^^^^^^^^^^^^^^^^^^^^^^^^^^^^^^^^
  File "/home/20250572/TabPFN-TS_for_Bike_Demand_Forecasting/.venv/lib/python3.12/site-packages/tabpfn/base.py", line 386, in initialize_model_variables_helper
    initialize_tabpfn_model(
  File "/home/20250572/TabPFN-TS_for_Bike_Demand_Forecasting/.venv/lib/python3.12/site-packages/tabpfn/base.py", line 201, in initialize_tabpfn_model
    load_model_criterion_config(
  File "/home/20250572/TabPFN-TS_for_Bike_Demand_Forecasting/.venv/lib/python3.12/site-packages/tabpfn/model_loading.py", line 685, in load_model_criterion_config
    raise res[0]
  File "/home/20250572/TabPFN-TS_for_Bike_Demand_Forecasting/.venv/lib/python3.12/site-packages/tabpfn/model_loading.py", line 510, in _download_model
    ensure_license_accepted(hf_repo_id=_HF_REPOS[version])
  File "/home/20250572/TabPFN-TS_for_Bike_Demand_Forecasting/.venv/lib/python3.12/site-packages/tabpfn/browser_auth.py", line 621, in ensure_license_accepted
    raise TabPFNLicenseError(
tabpfn.errors.TabPFNLicenseError: TabPFN requires a one-time license acceptance to download
model weights for local inference, but no interactive terminal
is available.

To authenticate in a non-interactive environment:
  1. Open https://ux.priorlabs.ai in a browser and log in (or register)
  2. Accept the license on the Licenses tab
  3. Copy your API Key from https://ux.priorlabs.ai/account
  4. Set the environment variable: export TABPFN_TOKEN="<your-api-key>"
     or in Python (before calling .fit()): import os; os.environ["TABPFN_TOKEN"] = "<your-api-key>"

================================================================================
[2026-05-18 20:32:24] ERROR: Error in TabPFN_v3 h=6 fold=2: TabPFN requires a one-time license acceptance to download
model weights for local inference, but no interactive terminal
is available.

To authenticate in a non-interactive environment:
  1. Open https://ux.priorlabs.ai in a browser and log in (or register)
  2. Accept the license on the Licenses tab
  3. Copy your API Key from https://ux.priorlabs.ai/account
  4. Set the environment variable: export TABPFN_TOKEN="<your-api-key>"
     or in Python (before calling .fit()): import os; os.environ["TABPFN_TOKEN"] = "<your-api-key>"
================================================================================
Traceback (most recent call last):
  File "/home/20250572/TabPFN-TS_for_Bike_Demand_Forecasting/forecasting/run_experiments.py", line 185, in run_single_experiment
    y_pred = model.predict(horizon, X_test)
             ^^^^^^^^^^^^^^^^^^^^^^^^^^^^^^
  File "/home/20250572/TabPFN-TS_for_Bike_Demand_Forecasting/forecasting/models/tabpfn_pipeline_model.py", line 108, in predict
    pred_df = self.pipeline.predict_df(
              ^^^^^^^^^^^^^^^^^^^^^^^^^
  File "/home/20250572/TabPFN-TS_for_Bike_Demand_Forecasting/.venv/lib/python3.12/site-packages/tabpfn_time_series/pipeline.py", line 424, in predict_df
    pred = self.predict(context_tsdf, future_tsdf, quantiles=quantiles)
           ^^^^^^^^^^^^^^^^^^^^^^^^^^^^^^^^^^^^^^^^^^^^^^^^^^^^^^^^^^^^
  File "/home/20250572/TabPFN-TS_for_Bike_Demand_Forecasting/.venv/lib/python3.12/site-packages/tabpfn_time_series/pipeline.py", line 310, in predict
    return self.predictor.predict(
           ^^^^^^^^^^^^^^^^^^^^^^^
  File "/home/20250572/TabPFN-TS_for_Bike_Demand_Forecasting/.venv/lib/python3.12/site-packages/tabpfn_common_utils/telemetry/core/decorators.py", line 217, in wrapped
    return fn(*args, **kwargs)
           ^^^^^^^^^^^^^^^^^^^
  File "/home/20250572/TabPFN-TS_for_Bike_Demand_Forecasting/.venv/lib/python3.12/site-packages/tabpfn_time_series/predictor.py", line 128, in predict
    return self._worker.predict(
           ^^^^^^^^^^^^^^^^^^^^^
  File "/home/20250572/TabPFN-TS_for_Bike_Demand_Forecasting/.venv/lib/python3.12/site-packages/tabpfn_time_series/worker/parallel_workers/gpu_worker.py", line 62, in predict
    predictions = self._prediction_routine_per_gpu(
                  ^^^^^^^^^^^^^^^^^^^^^^^^^^^^^^^^^
  File "/home/20250572/TabPFN-TS_for_Bike_Demand_Forecasting/.venv/lib/python3.12/site-packages/tabpfn_time_series/worker/parallel_workers/gpu_worker.py", line 123, in _prediction_routine_per_gpu
    predictions = self._prediction_routine(
                  ^^^^^^^^^^^^^^^^^^^^^^^^^
  File "/home/20250572/TabPFN-TS_for_Bike_Demand_Forecasting/.venv/lib/python3.12/site-packages/tabpfn_time_series/worker/parallel_workers/base.py", line 70, in _prediction_routine
    results = self.inference_routine(train_X, train_y, test_X, **kwargs)
              ^^^^^^^^^^^^^^^^^^^^^^^^^^^^^^^^^^^^^^^^^^^^^^^^^^^^^^^^^^
  File "/home/20250572/TabPFN-TS_for_Bike_Demand_Forecasting/.venv/lib/python3.12/site-packages/tabpfn_time_series/worker/model_adapters/base.py", line 110, in predict
    raw_pred_output = self._fit_and_predict(
                      ^^^^^^^^^^^^^^^^^^^^^^
  File "/home/20250572/TabPFN-TS_for_Bike_Demand_Forecasting/.venv/lib/python3.12/site-packages/tabpfn_time_series/worker/model_adapters/base.py", line 134, in _fit_and_predict
    model.fit(train_X, train_y, **fit_kwargs)
  File "/usr/local/anaconda3/lib/python3.12/contextlib.py", line 81, in inner
    return func(*args, **kwds)
           ^^^^^^^^^^^^^^^^^^^
  File "/home/20250572/TabPFN-TS_for_Bike_Demand_Forecasting/.venv/lib/python3.12/site-packages/tabpfn_common_utils/telemetry/core/decorators.py", line 320, in wrapper
    return _safe_call_with_telemetry(
           ^^^^^^^^^^^^^^^^^^^^^^^^^^
  File "/home/20250572/TabPFN-TS_for_Bike_Demand_Forecasting/.venv/lib/python3.12/site-packages/tabpfn_common_utils/telemetry/core/decorators.py", line 364, in _safe_call_with_telemetry
    result = func(*args, **kwargs)
             ^^^^^^^^^^^^^^^^^^^^^
  File "/home/20250572/TabPFN-TS_for_Bike_Demand_Forecasting/.venv/lib/python3.12/site-packages/tabpfn/regressor.py", line 825, in fit
    byte_size = self._initialize_model_variables()
                ^^^^^^^^^^^^^^^^^^^^^^^^^^^^^^^^^^
  File "/home/20250572/TabPFN-TS_for_Bike_Demand_Forecasting/.venv/lib/python3.12/site-packages/tabpfn/regressor.py", line 641, in _initialize_model_variables
    return initialize_model_variables_helper(self, self.estimator_type)
           ^^^^^^^^^^^^^^^^^^^^^^^^^^^^^^^^^^^^^^^^^^^^^^^^^^^^^^^^^^^^
  File "/home/20250572/TabPFN-TS_for_Bike_Demand_Forecasting/.venv/lib/python3.12/site-packages/tabpfn/base.py", line 386, in initialize_model_variables_helper
    initialize_tabpfn_model(
  File "/home/20250572/TabPFN-TS_for_Bike_Demand_Forecasting/.venv/lib/python3.12/site-packages/tabpfn/base.py", line 201, in initialize_tabpfn_model
    load_model_criterion_config(
  File "/home/20250572/TabPFN-TS_for_Bike_Demand_Forecasting/.venv/lib/python3.12/site-packages/tabpfn/model_loading.py", line 685, in load_model_criterion_config
    raise res[0]
  File "/home/20250572/TabPFN-TS_for_Bike_Demand_Forecasting/.venv/lib/python3.12/site-packages/tabpfn/model_loading.py", line 510, in _download_model
    ensure_license_accepted(hf_repo_id=_HF_REPOS[version])
  File "/home/20250572/TabPFN-TS_for_Bike_Demand_Forecasting/.venv/lib/python3.12/site-packages/tabpfn/browser_auth.py", line 621, in ensure_license_accepted
    raise TabPFNLicenseError(
tabpfn.errors.TabPFNLicenseError: TabPFN requires a one-time license acceptance to download
model weights for local inference, but no interactive terminal
is available.

To authenticate in a non-interactive environment:
  1. Open https://ux.priorlabs.ai in a browser and log in (or register)
  2. Accept the license on the Licenses tab
  3. Copy your API Key from https://ux.priorlabs.ai/account
  4. Set the environment variable: export TABPFN_TOKEN="<your-api-key>"
     or in Python (before calling .fit()): import os; os.environ["TABPFN_TOKEN"] = "<your-api-key>"

================================================================================
[2026-05-18 20:32:24] ERROR: Error in TabPFN_v3 h=6 fold=3: TabPFN requires a one-time license acceptance to download
model weights for local inference, but no interactive terminal
is available.

To authenticate in a non-interactive environment:
  1. Open https://ux.priorlabs.ai in a browser and log in (or register)
  2. Accept the license on the Licenses tab
  3. Copy your API Key from https://ux.priorlabs.ai/account
  4. Set the environment variable: export TABPFN_TOKEN="<your-api-key>"
     or in Python (before calling .fit()): import os; os.environ["TABPFN_TOKEN"] = "<your-api-key>"
================================================================================
Traceback (most recent call last):
  File "/home/20250572/TabPFN-TS_for_Bike_Demand_Forecasting/forecasting/run_experiments.py", line 185, in run_single_experiment
    y_pred = model.predict(horizon, X_test)
             ^^^^^^^^^^^^^^^^^^^^^^^^^^^^^^
  File "/home/20250572/TabPFN-TS_for_Bike_Demand_Forecasting/forecasting/models/tabpfn_pipeline_model.py", line 108, in predict
    pred_df = self.pipeline.predict_df(
              ^^^^^^^^^^^^^^^^^^^^^^^^^
  File "/home/20250572/TabPFN-TS_for_Bike_Demand_Forecasting/.venv/lib/python3.12/site-packages/tabpfn_time_series/pipeline.py", line 424, in predict_df
    pred = self.predict(context_tsdf, future_tsdf, quantiles=quantiles)
           ^^^^^^^^^^^^^^^^^^^^^^^^^^^^^^^^^^^^^^^^^^^^^^^^^^^^^^^^^^^^
  File "/home/20250572/TabPFN-TS_for_Bike_Demand_Forecasting/.venv/lib/python3.12/site-packages/tabpfn_time_series/pipeline.py", line 310, in predict
    return self.predictor.predict(
           ^^^^^^^^^^^^^^^^^^^^^^^
  File "/home/20250572/TabPFN-TS_for_Bike_Demand_Forecasting/.venv/lib/python3.12/site-packages/tabpfn_common_utils/telemetry/core/decorators.py", line 217, in wrapped
    return fn(*args, **kwargs)
           ^^^^^^^^^^^^^^^^^^^
  File "/home/20250572/TabPFN-TS_for_Bike_Demand_Forecasting/.venv/lib/python3.12/site-packages/tabpfn_time_series/predictor.py", line 128, in predict
    return self._worker.predict(
           ^^^^^^^^^^^^^^^^^^^^^
  File "/home/20250572/TabPFN-TS_for_Bike_Demand_Forecasting/.venv/lib/python3.12/site-packages/tabpfn_time_series/worker/parallel_workers/gpu_worker.py", line 62, in predict
    predictions = self._prediction_routine_per_gpu(
                  ^^^^^^^^^^^^^^^^^^^^^^^^^^^^^^^^^
  File "/home/20250572/TabPFN-TS_for_Bike_Demand_Forecasting/.venv/lib/python3.12/site-packages/tabpfn_time_series/worker/parallel_workers/gpu_worker.py", line 123, in _prediction_routine_per_gpu
    predictions = self._prediction_routine(
                  ^^^^^^^^^^^^^^^^^^^^^^^^^
  File "/home/20250572/TabPFN-TS_for_Bike_Demand_Forecasting/.venv/lib/python3.12/site-packages/tabpfn_time_series/worker/parallel_workers/base.py", line 70, in _prediction_routine
    results = self.inference_routine(train_X, train_y, test_X, **kwargs)
              ^^^^^^^^^^^^^^^^^^^^^^^^^^^^^^^^^^^^^^^^^^^^^^^^^^^^^^^^^^
  File "/home/20250572/TabPFN-TS_for_Bike_Demand_Forecasting/.venv/lib/python3.12/site-packages/tabpfn_time_series/worker/model_adapters/base.py", line 110, in predict
    raw_pred_output = self._fit_and_predict(
                      ^^^^^^^^^^^^^^^^^^^^^^
  File "/home/20250572/TabPFN-TS_for_Bike_Demand_Forecasting/.venv/lib/python3.12/site-packages/tabpfn_time_series/worker/model_adapters/base.py", line 134, in _fit_and_predict
    model.fit(train_X, train_y, **fit_kwargs)
  File "/usr/local/anaconda3/lib/python3.12/contextlib.py", line 81, in inner
    return func(*args, **kwds)
           ^^^^^^^^^^^^^^^^^^^
  File "/home/20250572/TabPFN-TS_for_Bike_Demand_Forecasting/.venv/lib/python3.12/site-packages/tabpfn_common_utils/telemetry/core/decorators.py", line 320, in wrapper
    return _safe_call_with_telemetry(
           ^^^^^^^^^^^^^^^^^^^^^^^^^^
  File "/home/20250572/TabPFN-TS_for_Bike_Demand_Forecasting/.venv/lib/python3.12/site-packages/tabpfn_common_utils/telemetry/core/decorators.py", line 364, in _safe_call_with_telemetry
    result = func(*args, **kwargs)
             ^^^^^^^^^^^^^^^^^^^^^
  File "/home/20250572/TabPFN-TS_for_Bike_Demand_Forecasting/.venv/lib/python3.12/site-packages/tabpfn/regressor.py", line 825, in fit
    byte_size = self._initialize_model_variables()
                ^^^^^^^^^^^^^^^^^^^^^^^^^^^^^^^^^^
  File "/home/20250572/TabPFN-TS_for_Bike_Demand_Forecasting/.venv/lib/python3.12/site-packages/tabpfn/regressor.py", line 641, in _initialize_model_variables
    return initialize_model_variables_helper(self, self.estimator_type)
           ^^^^^^^^^^^^^^^^^^^^^^^^^^^^^^^^^^^^^^^^^^^^^^^^^^^^^^^^^^^^
  File "/home/20250572/TabPFN-TS_for_Bike_Demand_Forecasting/.venv/lib/python3.12/site-packages/tabpfn/base.py", line 386, in initialize_model_variables_helper
    initialize_tabpfn_model(
  File "/home/20250572/TabPFN-TS_for_Bike_Demand_Forecasting/.venv/lib/python3.12/site-packages/tabpfn/base.py", line 201, in initialize_tabpfn_model
    load_model_criterion_config(
  File "/home/20250572/TabPFN-TS_for_Bike_Demand_Forecasting/.venv/lib/python3.12/site-packages/tabpfn/model_loading.py", line 685, in load_model_criterion_config
    raise res[0]
  File "/home/20250572/TabPFN-TS_for_Bike_Demand_Forecasting/.venv/lib/python3.12/site-packages/tabpfn/model_loading.py", line 510, in _download_model
    ensure_license_accepted(hf_repo_id=_HF_REPOS[version])
  File "/home/20250572/TabPFN-TS_for_Bike_Demand_Forecasting/.venv/lib/python3.12/site-packages/tabpfn/browser_auth.py", line 621, in ensure_license_accepted
    raise TabPFNLicenseError(
tabpfn.errors.TabPFNLicenseError: TabPFN requires a one-time license acceptance to download
model weights for local inference, but no interactive terminal
is available.

To authenticate in a non-interactive environment:
  1. Open https://ux.priorlabs.ai in a browser and log in (or register)
  2. Accept the license on the Licenses tab
  3. Copy your API Key from https://ux.priorlabs.ai/account
  4. Set the environment variable: export TABPFN_TOKEN="<your-api-key>"
     or in Python (before calling .fit()): import os; os.environ["TABPFN_TOKEN"] = "<your-api-key>"

================================================================================
[2026-05-18 20:32:25] ERROR: Error in TabPFN_v3 h=6 fold=4: TabPFN requires a one-time license acceptance to download
model weights for local inference, but no interactive terminal
is available.

To authenticate in a non-interactive environment:
  1. Open https://ux.priorlabs.ai in a browser and log in (or register)
  2. Accept the license on the Licenses tab
  3. Copy your API Key from https://ux.priorlabs.ai/account
  4. Set the environment variable: export TABPFN_TOKEN="<your-api-key>"
     or in Python (before calling .fit()): import os; os.environ["TABPFN_TOKEN"] = "<your-api-key>"
================================================================================
Traceback (most recent call last):
  File "/home/20250572/TabPFN-TS_for_Bike_Demand_Forecasting/forecasting/run_experiments.py", line 185, in run_single_experiment
    y_pred = model.predict(horizon, X_test)
             ^^^^^^^^^^^^^^^^^^^^^^^^^^^^^^
  File "/home/20250572/TabPFN-TS_for_Bike_Demand_Forecasting/forecasting/models/tabpfn_pipeline_model.py", line 108, in predict
    pred_df = self.pipeline.predict_df(
              ^^^^^^^^^^^^^^^^^^^^^^^^^
  File "/home/20250572/TabPFN-TS_for_Bike_Demand_Forecasting/.venv/lib/python3.12/site-packages/tabpfn_time_series/pipeline.py", line 424, in predict_df
    pred = self.predict(context_tsdf, future_tsdf, quantiles=quantiles)
           ^^^^^^^^^^^^^^^^^^^^^^^^^^^^^^^^^^^^^^^^^^^^^^^^^^^^^^^^^^^^
  File "/home/20250572/TabPFN-TS_for_Bike_Demand_Forecasting/.venv/lib/python3.12/site-packages/tabpfn_time_series/pipeline.py", line 310, in predict
    return self.predictor.predict(
           ^^^^^^^^^^^^^^^^^^^^^^^
  File "/home/20250572/TabPFN-TS_for_Bike_Demand_Forecasting/.venv/lib/python3.12/site-packages/tabpfn_common_utils/telemetry/core/decorators.py", line 217, in wrapped
    return fn(*args, **kwargs)
           ^^^^^^^^^^^^^^^^^^^
  File "/home/20250572/TabPFN-TS_for_Bike_Demand_Forecasting/.venv/lib/python3.12/site-packages/tabpfn_time_series/predictor.py", line 128, in predict
    return self._worker.predict(
           ^^^^^^^^^^^^^^^^^^^^^
  File "/home/20250572/TabPFN-TS_for_Bike_Demand_Forecasting/.venv/lib/python3.12/site-packages/tabpfn_time_series/worker/parallel_workers/gpu_worker.py", line 62, in predict
    predictions = self._prediction_routine_per_gpu(
                  ^^^^^^^^^^^^^^^^^^^^^^^^^^^^^^^^^
  File "/home/20250572/TabPFN-TS_for_Bike_Demand_Forecasting/.venv/lib/python3.12/site-packages/tabpfn_time_series/worker/parallel_workers/gpu_worker.py", line 123, in _prediction_routine_per_gpu
    predictions = self._prediction_routine(
                  ^^^^^^^^^^^^^^^^^^^^^^^^^
  File "/home/20250572/TabPFN-TS_for_Bike_Demand_Forecasting/.venv/lib/python3.12/site-packages/tabpfn_time_series/worker/parallel_workers/base.py", line 70, in _prediction_routine
    results = self.inference_routine(train_X, train_y, test_X, **kwargs)
              ^^^^^^^^^^^^^^^^^^^^^^^^^^^^^^^^^^^^^^^^^^^^^^^^^^^^^^^^^^
  File "/home/20250572/TabPFN-TS_for_Bike_Demand_Forecasting/.venv/lib/python3.12/site-packages/tabpfn_time_series/worker/model_adapters/base.py", line 110, in predict
    raw_pred_output = self._fit_and_predict(
                      ^^^^^^^^^^^^^^^^^^^^^^
  File "/home/20250572/TabPFN-TS_for_Bike_Demand_Forecasting/.venv/lib/python3.12/site-packages/tabpfn_time_series/worker/model_adapters/base.py", line 134, in _fit_and_predict
    model.fit(train_X, train_y, **fit_kwargs)
  File "/usr/local/anaconda3/lib/python3.12/contextlib.py", line 81, in inner
    return func(*args, **kwds)
           ^^^^^^^^^^^^^^^^^^^
  File "/home/20250572/TabPFN-TS_for_Bike_Demand_Forecasting/.venv/lib/python3.12/site-packages/tabpfn_common_utils/telemetry/core/decorators.py", line 320, in wrapper
    return _safe_call_with_telemetry(
           ^^^^^^^^^^^^^^^^^^^^^^^^^^
  File "/home/20250572/TabPFN-TS_for_Bike_Demand_Forecasting/.venv/lib/python3.12/site-packages/tabpfn_common_utils/telemetry/core/decorators.py", line 364, in _safe_call_with_telemetry
    result = func(*args, **kwargs)
             ^^^^^^^^^^^^^^^^^^^^^
  File "/home/20250572/TabPFN-TS_for_Bike_Demand_Forecasting/.venv/lib/python3.12/site-packages/tabpfn/regressor.py", line 825, in fit
    byte_size = self._initialize_model_variables()
                ^^^^^^^^^^^^^^^^^^^^^^^^^^^^^^^^^^
  File "/home/20250572/TabPFN-TS_for_Bike_Demand_Forecasting/.venv/lib/python3.12/site-packages/tabpfn/regressor.py", line 641, in _initialize_model_variables
    return initialize_model_variables_helper(self, self.estimator_type)
           ^^^^^^^^^^^^^^^^^^^^^^^^^^^^^^^^^^^^^^^^^^^^^^^^^^^^^^^^^^^^
  File "/home/20250572/TabPFN-TS_for_Bike_Demand_Forecasting/.venv/lib/python3.12/site-packages/tabpfn/base.py", line 386, in initialize_model_variables_helper
    initialize_tabpfn_model(
  File "/home/20250572/TabPFN-TS_for_Bike_Demand_Forecasting/.venv/lib/python3.12/site-packages/tabpfn/base.py", line 201, in initialize_tabpfn_model
    load_model_criterion_config(
  File "/home/20250572/TabPFN-TS_for_Bike_Demand_Forecasting/.venv/lib/python3.12/site-packages/tabpfn/model_loading.py", line 685, in load_model_criterion_config
    raise res[0]
  File "/home/20250572/TabPFN-TS_for_Bike_Demand_Forecasting/.venv/lib/python3.12/site-packages/tabpfn/model_loading.py", line 510, in _download_model
    ensure_license_accepted(hf_repo_id=_HF_REPOS[version])
  File "/home/20250572/TabPFN-TS_for_Bike_Demand_Forecasting/.venv/lib/python3.12/site-packages/tabpfn/browser_auth.py", line 621, in ensure_license_accepted
    raise TabPFNLicenseError(
tabpfn.errors.TabPFNLicenseError: TabPFN requires a one-time license acceptance to download
model weights for local inference, but no interactive terminal
is available.

To authenticate in a non-interactive environment:
  1. Open https://ux.priorlabs.ai in a browser and log in (or register)
  2. Accept the license on the Licenses tab
  3. Copy your API Key from https://ux.priorlabs.ai/account
  4. Set the environment variable: export TABPFN_TOKEN="<your-api-key>"
     or in Python (before calling .fit()): import os; os.environ["TABPFN_TOKEN"] = "<your-api-key>"

================================================================================
[2026-05-18 20:32:25] ERROR: Error in TabPFN_v3 h=6 fold=5: TabPFN requires a one-time license acceptance to download
model weights for local inference, but no interactive terminal
is available.

To authenticate in a non-interactive environment:
  1. Open https://ux.priorlabs.ai in a browser and log in (or register)
  2. Accept the license on the Licenses tab
  3. Copy your API Key from https://ux.priorlabs.ai/account
  4. Set the environment variable: export TABPFN_TOKEN="<your-api-key>"
     or in Python (before calling .fit()): import os; os.environ["TABPFN_TOKEN"] = "<your-api-key>"
================================================================================
Traceback (most recent call last):
  File "/home/20250572/TabPFN-TS_for_Bike_Demand_Forecasting/forecasting/run_experiments.py", line 185, in run_single_experiment
    y_pred = model.predict(horizon, X_test)
             ^^^^^^^^^^^^^^^^^^^^^^^^^^^^^^
  File "/home/20250572/TabPFN-TS_for_Bike_Demand_Forecasting/forecasting/models/tabpfn_pipeline_model.py", line 108, in predict
    pred_df = self.pipeline.predict_df(
              ^^^^^^^^^^^^^^^^^^^^^^^^^
  File "/home/20250572/TabPFN-TS_for_Bike_Demand_Forecasting/.venv/lib/python3.12/site-packages/tabpfn_time_series/pipeline.py", line 424, in predict_df
    pred = self.predict(context_tsdf, future_tsdf, quantiles=quantiles)
           ^^^^^^^^^^^^^^^^^^^^^^^^^^^^^^^^^^^^^^^^^^^^^^^^^^^^^^^^^^^^
  File "/home/20250572/TabPFN-TS_for_Bike_Demand_Forecasting/.venv/lib/python3.12/site-packages/tabpfn_time_series/pipeline.py", line 310, in predict
    return self.predictor.predict(
           ^^^^^^^^^^^^^^^^^^^^^^^
  File "/home/20250572/TabPFN-TS_for_Bike_Demand_Forecasting/.venv/lib/python3.12/site-packages/tabpfn_common_utils/telemetry/core/decorators.py", line 217, in wrapped
    return fn(*args, **kwargs)
           ^^^^^^^^^^^^^^^^^^^
  File "/home/20250572/TabPFN-TS_for_Bike_Demand_Forecasting/.venv/lib/python3.12/site-packages/tabpfn_time_series/predictor.py", line 128, in predict
    return self._worker.predict(
           ^^^^^^^^^^^^^^^^^^^^^
  File "/home/20250572/TabPFN-TS_for_Bike_Demand_Forecasting/.venv/lib/python3.12/site-packages/tabpfn_time_series/worker/parallel_workers/gpu_worker.py", line 62, in predict
    predictions = self._prediction_routine_per_gpu(
                  ^^^^^^^^^^^^^^^^^^^^^^^^^^^^^^^^^
  File "/home/20250572/TabPFN-TS_for_Bike_Demand_Forecasting/.venv/lib/python3.12/site-packages/tabpfn_time_series/worker/parallel_workers/gpu_worker.py", line 123, in _prediction_routine_per_gpu
    predictions = self._prediction_routine(
                  ^^^^^^^^^^^^^^^^^^^^^^^^^
  File "/home/20250572/TabPFN-TS_for_Bike_Demand_Forecasting/.venv/lib/python3.12/site-packages/tabpfn_time_series/worker/parallel_workers/base.py", line 70, in _prediction_routine
    results = self.inference_routine(train_X, train_y, test_X, **kwargs)
              ^^^^^^^^^^^^^^^^^^^^^^^^^^^^^^^^^^^^^^^^^^^^^^^^^^^^^^^^^^
  File "/home/20250572/TabPFN-TS_for_Bike_Demand_Forecasting/.venv/lib/python3.12/site-packages/tabpfn_time_series/worker/model_adapters/base.py", line 110, in predict
    raw_pred_output = self._fit_and_predict(
                      ^^^^^^^^^^^^^^^^^^^^^^
  File "/home/20250572/TabPFN-TS_for_Bike_Demand_Forecasting/.venv/lib/python3.12/site-packages/tabpfn_time_series/worker/model_adapters/base.py", line 134, in _fit_and_predict
    model.fit(train_X, train_y, **fit_kwargs)
  File "/usr/local/anaconda3/lib/python3.12/contextlib.py", line 81, in inner
    return func(*args, **kwds)
           ^^^^^^^^^^^^^^^^^^^
  File "/home/20250572/TabPFN-TS_for_Bike_Demand_Forecasting/.venv/lib/python3.12/site-packages/tabpfn_common_utils/telemetry/core/decorators.py", line 320, in wrapper
    return _safe_call_with_telemetry(
           ^^^^^^^^^^^^^^^^^^^^^^^^^^
  File "/home/20250572/TabPFN-TS_for_Bike_Demand_Forecasting/.venv/lib/python3.12/site-packages/tabpfn_common_utils/telemetry/core/decorators.py", line 364, in _safe_call_with_telemetry
    result = func(*args, **kwargs)
             ^^^^^^^^^^^^^^^^^^^^^
  File "/home/20250572/TabPFN-TS_for_Bike_Demand_Forecasting/.venv/lib/python3.12/site-packages/tabpfn/regressor.py", line 825, in fit
    byte_size = self._initialize_model_variables()
                ^^^^^^^^^^^^^^^^^^^^^^^^^^^^^^^^^^
  File "/home/20250572/TabPFN-TS_for_Bike_Demand_Forecasting/.venv/lib/python3.12/site-packages/tabpfn/regressor.py", line 641, in _initialize_model_variables
    return initialize_model_variables_helper(self, self.estimator_type)
           ^^^^^^^^^^^^^^^^^^^^^^^^^^^^^^^^^^^^^^^^^^^^^^^^^^^^^^^^^^^^
  File "/home/20250572/TabPFN-TS_for_Bike_Demand_Forecasting/.venv/lib/python3.12/site-packages/tabpfn/base.py", line 386, in initialize_model_variables_helper
    initialize_tabpfn_model(
  File "/home/20250572/TabPFN-TS_for_Bike_Demand_Forecasting/.venv/lib/python3.12/site-packages/tabpfn/base.py", line 201, in initialize_tabpfn_model
    load_model_criterion_config(
  File "/home/20250572/TabPFN-TS_for_Bike_Demand_Forecasting/.venv/lib/python3.12/site-packages/tabpfn/model_loading.py", line 685, in load_model_criterion_config
    raise res[0]
  File "/home/20250572/TabPFN-TS_for_Bike_Demand_Forecasting/.venv/lib/python3.12/site-packages/tabpfn/model_loading.py", line 510, in _download_model
    ensure_license_accepted(hf_repo_id=_HF_REPOS[version])
  File "/home/20250572/TabPFN-TS_for_Bike_Demand_Forecasting/.venv/lib/python3.12/site-packages/tabpfn/browser_auth.py", line 621, in ensure_license_accepted
    raise TabPFNLicenseError(
tabpfn.errors.TabPFNLicenseError: TabPFN requires a one-time license acceptance to download
model weights for local inference, but no interactive terminal
is available.

To authenticate in a non-interactive environment:
  1. Open https://ux.priorlabs.ai in a browser and log in (or register)
  2. Accept the license on the Licenses tab
  3. Copy your API Key from https://ux.priorlabs.ai/account
  4. Set the environment variable: export TABPFN_TOKEN="<your-api-key>"
     or in Python (before calling .fit()): import os; os.environ["TABPFN_TOKEN"] = "<your-api-key>"

================================================================================
[2026-05-18 20:32:25] ERROR: Error in TabPFN_v3 h=6 fold=6: TabPFN requires a one-time license acceptance to download
model weights for local inference, but no interactive terminal
is available.

To authenticate in a non-interactive environment:
  1. Open https://ux.priorlabs.ai in a browser and log in (or register)
  2. Accept the license on the Licenses tab
  3. Copy your API Key from https://ux.priorlabs.ai/account
  4. Set the environment variable: export TABPFN_TOKEN="<your-api-key>"
     or in Python (before calling .fit()): import os; os.environ["TABPFN_TOKEN"] = "<your-api-key>"
================================================================================
Traceback (most recent call last):
  File "/home/20250572/TabPFN-TS_for_Bike_Demand_Forecasting/forecasting/run_experiments.py", line 185, in run_single_experiment
    y_pred = model.predict(horizon, X_test)
             ^^^^^^^^^^^^^^^^^^^^^^^^^^^^^^
  File "/home/20250572/TabPFN-TS_for_Bike_Demand_Forecasting/forecasting/models/tabpfn_pipeline_model.py", line 108, in predict
    pred_df = self.pipeline.predict_df(
              ^^^^^^^^^^^^^^^^^^^^^^^^^
  File "/home/20250572/TabPFN-TS_for_Bike_Demand_Forecasting/.venv/lib/python3.12/site-packages/tabpfn_time_series/pipeline.py", line 424, in predict_df
    pred = self.predict(context_tsdf, future_tsdf, quantiles=quantiles)
           ^^^^^^^^^^^^^^^^^^^^^^^^^^^^^^^^^^^^^^^^^^^^^^^^^^^^^^^^^^^^
  File "/home/20250572/TabPFN-TS_for_Bike_Demand_Forecasting/.venv/lib/python3.12/site-packages/tabpfn_time_series/pipeline.py", line 310, in predict
    return self.predictor.predict(
           ^^^^^^^^^^^^^^^^^^^^^^^
  File "/home/20250572/TabPFN-TS_for_Bike_Demand_Forecasting/.venv/lib/python3.12/site-packages/tabpfn_common_utils/telemetry/core/decorators.py", line 217, in wrapped
    return fn(*args, **kwargs)
           ^^^^^^^^^^^^^^^^^^^
  File "/home/20250572/TabPFN-TS_for_Bike_Demand_Forecasting/.venv/lib/python3.12/site-packages/tabpfn_time_series/predictor.py", line 128, in predict
    return self._worker.predict(
           ^^^^^^^^^^^^^^^^^^^^^
  File "/home/20250572/TabPFN-TS_for_Bike_Demand_Forecasting/.venv/lib/python3.12/site-packages/tabpfn_time_series/worker/parallel_workers/gpu_worker.py", line 62, in predict
    predictions = self._prediction_routine_per_gpu(
                  ^^^^^^^^^^^^^^^^^^^^^^^^^^^^^^^^^
  File "/home/20250572/TabPFN-TS_for_Bike_Demand_Forecasting/.venv/lib/python3.12/site-packages/tabpfn_time_series/worker/parallel_workers/gpu_worker.py", line 123, in _prediction_routine_per_gpu
    predictions = self._prediction_routine(
                  ^^^^^^^^^^^^^^^^^^^^^^^^^
  File "/home/20250572/TabPFN-TS_for_Bike_Demand_Forecasting/.venv/lib/python3.12/site-packages/tabpfn_time_series/worker/parallel_workers/base.py", line 70, in _prediction_routine
    results = self.inference_routine(train_X, train_y, test_X, **kwargs)
              ^^^^^^^^^^^^^^^^^^^^^^^^^^^^^^^^^^^^^^^^^^^^^^^^^^^^^^^^^^
  File "/home/20250572/TabPFN-TS_for_Bike_Demand_Forecasting/.venv/lib/python3.12/site-packages/tabpfn_time_series/worker/model_adapters/base.py", line 110, in predict
    raw_pred_output = self._fit_and_predict(
                      ^^^^^^^^^^^^^^^^^^^^^^
  File "/home/20250572/TabPFN-TS_for_Bike_Demand_Forecasting/.venv/lib/python3.12/site-packages/tabpfn_time_series/worker/model_adapters/base.py", line 134, in _fit_and_predict
    model.fit(train_X, train_y, **fit_kwargs)
  File "/usr/local/anaconda3/lib/python3.12/contextlib.py", line 81, in inner
    return func(*args, **kwds)
           ^^^^^^^^^^^^^^^^^^^
  File "/home/20250572/TabPFN-TS_for_Bike_Demand_Forecasting/.venv/lib/python3.12/site-packages/tabpfn_common_utils/telemetry/core/decorators.py", line 320, in wrapper
    return _safe_call_with_telemetry(
           ^^^^^^^^^^^^^^^^^^^^^^^^^^
  File "/home/20250572/TabPFN-TS_for_Bike_Demand_Forecasting/.venv/lib/python3.12/site-packages/tabpfn_common_utils/telemetry/core/decorators.py", line 364, in _safe_call_with_telemetry
    result = func(*args, **kwargs)
             ^^^^^^^^^^^^^^^^^^^^^
  File "/home/20250572/TabPFN-TS_for_Bike_Demand_Forecasting/.venv/lib/python3.12/site-packages/tabpfn/regressor.py", line 825, in fit
    byte_size = self._initialize_model_variables()
                ^^^^^^^^^^^^^^^^^^^^^^^^^^^^^^^^^^
  File "/home/20250572/TabPFN-TS_for_Bike_Demand_Forecasting/.venv/lib/python3.12/site-packages/tabpfn/regressor.py", line 641, in _initialize_model_variables
    return initialize_model_variables_helper(self, self.estimator_type)
           ^^^^^^^^^^^^^^^^^^^^^^^^^^^^^^^^^^^^^^^^^^^^^^^^^^^^^^^^^^^^
  File "/home/20250572/TabPFN-TS_for_Bike_Demand_Forecasting/.venv/lib/python3.12/site-packages/tabpfn/base.py", line 386, in initialize_model_variables_helper
    initialize_tabpfn_model(
  File "/home/20250572/TabPFN-TS_for_Bike_Demand_Forecasting/.venv/lib/python3.12/site-packages/tabpfn/base.py", line 201, in initialize_tabpfn_model
    load_model_criterion_config(
  File "/home/20250572/TabPFN-TS_for_Bike_Demand_Forecasting/.venv/lib/python3.12/site-packages/tabpfn/model_loading.py", line 685, in load_model_criterion_config
    raise res[0]
  File "/home/20250572/TabPFN-TS_for_Bike_Demand_Forecasting/.venv/lib/python3.12/site-packages/tabpfn/model_loading.py", line 510, in _download_model
    ensure_license_accepted(hf_repo_id=_HF_REPOS[version])
  File "/home/20250572/TabPFN-TS_for_Bike_Demand_Forecasting/.venv/lib/python3.12/site-packages/tabpfn/browser_auth.py", line 621, in ensure_license_accepted
    raise TabPFNLicenseError(
tabpfn.errors.TabPFNLicenseError: TabPFN requires a one-time license acceptance to download
model weights for local inference, but no interactive terminal
is available.

To authenticate in a non-interactive environment:
  1. Open https://ux.priorlabs.ai in a browser and log in (or register)
  2. Accept the license on the Licenses tab
  3. Copy your API Key from https://ux.priorlabs.ai/account
  4. Set the environment variable: export TABPFN_TOKEN="<your-api-key>"
     or in Python (before calling .fit()): import os; os.environ["TABPFN_TOKEN"] = "<your-api-key>"

================================================================================
[2026-05-18 20:32:26] ERROR: Error in TabPFN_v3 h=6 fold=7: TabPFN requires a one-time license acceptance to download
model weights for local inference, but no interactive terminal
is available.

To authenticate in a non-interactive environment:
  1. Open https://ux.priorlabs.ai in a browser and log in (or register)
  2. Accept the license on the Licenses tab
  3. Copy your API Key from https://ux.priorlabs.ai/account
  4. Set the environment variable: export TABPFN_TOKEN="<your-api-key>"
     or in Python (before calling .fit()): import os; os.environ["TABPFN_TOKEN"] = "<your-api-key>"
================================================================================
Traceback (most recent call last):
  File "/home/20250572/TabPFN-TS_for_Bike_Demand_Forecasting/forecasting/run_experiments.py", line 185, in run_single_experiment
    y_pred = model.predict(horizon, X_test)
             ^^^^^^^^^^^^^^^^^^^^^^^^^^^^^^
  File "/home/20250572/TabPFN-TS_for_Bike_Demand_Forecasting/forecasting/models/tabpfn_pipeline_model.py", line 108, in predict
    pred_df = self.pipeline.predict_df(
              ^^^^^^^^^^^^^^^^^^^^^^^^^
  File "/home/20250572/TabPFN-TS_for_Bike_Demand_Forecasting/.venv/lib/python3.12/site-packages/tabpfn_time_series/pipeline.py", line 424, in predict_df
    pred = self.predict(context_tsdf, future_tsdf, quantiles=quantiles)
           ^^^^^^^^^^^^^^^^^^^^^^^^^^^^^^^^^^^^^^^^^^^^^^^^^^^^^^^^^^^^
  File "/home/20250572/TabPFN-TS_for_Bike_Demand_Forecasting/.venv/lib/python3.12/site-packages/tabpfn_time_series/pipeline.py", line 310, in predict
    return self.predictor.predict(
           ^^^^^^^^^^^^^^^^^^^^^^^
  File "/home/20250572/TabPFN-TS_for_Bike_Demand_Forecasting/.venv/lib/python3.12/site-packages/tabpfn_common_utils/telemetry/core/decorators.py", line 217, in wrapped
    return fn(*args, **kwargs)
           ^^^^^^^^^^^^^^^^^^^
  File "/home/20250572/TabPFN-TS_for_Bike_Demand_Forecasting/.venv/lib/python3.12/site-packages/tabpfn_time_series/predictor.py", line 128, in predict
    return self._worker.predict(
           ^^^^^^^^^^^^^^^^^^^^^
  File "/home/20250572/TabPFN-TS_for_Bike_Demand_Forecasting/.venv/lib/python3.12/site-packages/tabpfn_time_series/worker/parallel_workers/gpu_worker.py", line 62, in predict
    predictions = self._prediction_routine_per_gpu(
                  ^^^^^^^^^^^^^^^^^^^^^^^^^^^^^^^^^
  File "/home/20250572/TabPFN-TS_for_Bike_Demand_Forecasting/.venv/lib/python3.12/site-packages/tabpfn_time_series/worker/parallel_workers/gpu_worker.py", line 123, in _prediction_routine_per_gpu
    predictions = self._prediction_routine(
                  ^^^^^^^^^^^^^^^^^^^^^^^^^
  File "/home/20250572/TabPFN-TS_for_Bike_Demand_Forecasting/.venv/lib/python3.12/site-packages/tabpfn_time_series/worker/parallel_workers/base.py", line 70, in _prediction_routine
    results = self.inference_routine(train_X, train_y, test_X, **kwargs)
              ^^^^^^^^^^^^^^^^^^^^^^^^^^^^^^^^^^^^^^^^^^^^^^^^^^^^^^^^^^
  File "/home/20250572/TabPFN-TS_for_Bike_Demand_Forecasting/.venv/lib/python3.12/site-packages/tabpfn_time_series/worker/model_adapters/base.py", line 110, in predict
    raw_pred_output = self._fit_and_predict(
                      ^^^^^^^^^^^^^^^^^^^^^^
  File "/home/20250572/TabPFN-TS_for_Bike_Demand_Forecasting/.venv/lib/python3.12/site-packages/tabpfn_time_series/worker/model_adapters/base.py", line 134, in _fit_and_predict
    model.fit(train_X, train_y, **fit_kwargs)
  File "/usr/local/anaconda3/lib/python3.12/contextlib.py", line 81, in inner
    return func(*args, **kwds)
           ^^^^^^^^^^^^^^^^^^^
  File "/home/20250572/TabPFN-TS_for_Bike_Demand_Forecasting/.venv/lib/python3.12/site-packages/tabpfn_common_utils/telemetry/core/decorators.py", line 320, in wrapper
    return _safe_call_with_telemetry(
           ^^^^^^^^^^^^^^^^^^^^^^^^^^
  File "/home/20250572/TabPFN-TS_for_Bike_Demand_Forecasting/.venv/lib/python3.12/site-packages/tabpfn_common_utils/telemetry/core/decorators.py", line 364, in _safe_call_with_telemetry
    result = func(*args, **kwargs)
             ^^^^^^^^^^^^^^^^^^^^^
  File "/home/20250572/TabPFN-TS_for_Bike_Demand_Forecasting/.venv/lib/python3.12/site-packages/tabpfn/regressor.py", line 825, in fit
    byte_size = self._initialize_model_variables()
                ^^^^^^^^^^^^^^^^^^^^^^^^^^^^^^^^^^
  File "/home/20250572/TabPFN-TS_for_Bike_Demand_Forecasting/.venv/lib/python3.12/site-packages/tabpfn/regressor.py", line 641, in _initialize_model_variables
    return initialize_model_variables_helper(self, self.estimator_type)
           ^^^^^^^^^^^^^^^^^^^^^^^^^^^^^^^^^^^^^^^^^^^^^^^^^^^^^^^^^^^^
  File "/home/20250572/TabPFN-TS_for_Bike_Demand_Forecasting/.venv/lib/python3.12/site-packages/tabpfn/base.py", line 386, in initialize_model_variables_helper
    initialize_tabpfn_model(
  File "/home/20250572/TabPFN-TS_for_Bike_Demand_Forecasting/.venv/lib/python3.12/site-packages/tabpfn/base.py", line 201, in initialize_tabpfn_model
    load_model_criterion_config(
  File "/home/20250572/TabPFN-TS_for_Bike_Demand_Forecasting/.venv/lib/python3.12/site-packages/tabpfn/model_loading.py", line 685, in load_model_criterion_config
    raise res[0]
  File "/home/20250572/TabPFN-TS_for_Bike_Demand_Forecasting/.venv/lib/python3.12/site-packages/tabpfn/model_loading.py", line 510, in _download_model
    ensure_license_accepted(hf_repo_id=_HF_REPOS[version])
  File "/home/20250572/TabPFN-TS_for_Bike_Demand_Forecasting/.venv/lib/python3.12/site-packages/tabpfn/browser_auth.py", line 621, in ensure_license_accepted
    raise TabPFNLicenseError(
tabpfn.errors.TabPFNLicenseError: TabPFN requires a one-time license acceptance to download
model weights for local inference, but no interactive terminal
is available.

To authenticate in a non-interactive environment:
  1. Open https://ux.priorlabs.ai in a browser and log in (or register)
  2. Accept the license on the Licenses tab
  3. Copy your API Key from https://ux.priorlabs.ai/account
  4. Set the environment variable: export TABPFN_TOKEN="<your-api-key>"
     or in Python (before calling .fit()): import os; os.environ["TABPFN_TOKEN"] = "<your-api-key>"

================================================================================
[2026-05-18 20:32:26] ERROR: Error in TabPFN_v3 h=6 fold=8: TabPFN requires a one-time license acceptance to download
model weights for local inference, but no interactive terminal
is available.

To authenticate in a non-interactive environment:
  1. Open https://ux.priorlabs.ai in a browser and log in (or register)
  2. Accept the license on the Licenses tab
  3. Copy your API Key from https://ux.priorlabs.ai/account
  4. Set the environment variable: export TABPFN_TOKEN="<your-api-key>"
     or in Python (before calling .fit()): import os; os.environ["TABPFN_TOKEN"] = "<your-api-key>"
================================================================================
Traceback (most recent call last):
  File "/home/20250572/TabPFN-TS_for_Bike_Demand_Forecasting/forecasting/run_experiments.py", line 185, in run_single_experiment
    y_pred = model.predict(horizon, X_test)
             ^^^^^^^^^^^^^^^^^^^^^^^^^^^^^^
  File "/home/20250572/TabPFN-TS_for_Bike_Demand_Forecasting/forecasting/models/tabpfn_pipeline_model.py", line 108, in predict
    pred_df = self.pipeline.predict_df(
              ^^^^^^^^^^^^^^^^^^^^^^^^^
  File "/home/20250572/TabPFN-TS_for_Bike_Demand_Forecasting/.venv/lib/python3.12/site-packages/tabpfn_time_series/pipeline.py", line 424, in predict_df
    pred = self.predict(context_tsdf, future_tsdf, quantiles=quantiles)
           ^^^^^^^^^^^^^^^^^^^^^^^^^^^^^^^^^^^^^^^^^^^^^^^^^^^^^^^^^^^^
  File "/home/20250572/TabPFN-TS_for_Bike_Demand_Forecasting/.venv/lib/python3.12/site-packages/tabpfn_time_series/pipeline.py", line 310, in predict
    return self.predictor.predict(
           ^^^^^^^^^^^^^^^^^^^^^^^
  File "/home/20250572/TabPFN-TS_for_Bike_Demand_Forecasting/.venv/lib/python3.12/site-packages/tabpfn_common_utils/telemetry/core/decorators.py", line 217, in wrapped
    return fn(*args, **kwargs)
           ^^^^^^^^^^^^^^^^^^^
  File "/home/20250572/TabPFN-TS_for_Bike_Demand_Forecasting/.venv/lib/python3.12/site-packages/tabpfn_time_series/predictor.py", line 128, in predict
    return self._worker.predict(
           ^^^^^^^^^^^^^^^^^^^^^
  File "/home/20250572/TabPFN-TS_for_Bike_Demand_Forecasting/.venv/lib/python3.12/site-packages/tabpfn_time_series/worker/parallel_workers/gpu_worker.py", line 62, in predict
    predictions = self._prediction_routine_per_gpu(
                  ^^^^^^^^^^^^^^^^^^^^^^^^^^^^^^^^^
  File "/home/20250572/TabPFN-TS_for_Bike_Demand_Forecasting/.venv/lib/python3.12/site-packages/tabpfn_time_series/worker/parallel_workers/gpu_worker.py", line 123, in _prediction_routine_per_gpu
    predictions = self._prediction_routine(
                  ^^^^^^^^^^^^^^^^^^^^^^^^^
  File "/home/20250572/TabPFN-TS_for_Bike_Demand_Forecasting/.venv/lib/python3.12/site-packages/tabpfn_time_series/worker/parallel_workers/base.py", line 70, in _prediction_routine
    results = self.inference_routine(train_X, train_y, test_X, **kwargs)
              ^^^^^^^^^^^^^^^^^^^^^^^^^^^^^^^^^^^^^^^^^^^^^^^^^^^^^^^^^^
  File "/home/20250572/TabPFN-TS_for_Bike_Demand_Forecasting/.venv/lib/python3.12/site-packages/tabpfn_time_series/worker/model_adapters/base.py", line 110, in predict
    raw_pred_output = self._fit_and_predict(
                      ^^^^^^^^^^^^^^^^^^^^^^
  File "/home/20250572/TabPFN-TS_for_Bike_Demand_Forecasting/.venv/lib/python3.12/site-packages/tabpfn_time_series/worker/model_adapters/base.py", line 134, in _fit_and_predict
    model.fit(train_X, train_y, **fit_kwargs)
  File "/usr/local/anaconda3/lib/python3.12/contextlib.py", line 81, in inner
    return func(*args, **kwds)
           ^^^^^^^^^^^^^^^^^^^
  File "/home/20250572/TabPFN-TS_for_Bike_Demand_Forecasting/.venv/lib/python3.12/site-packages/tabpfn_common_utils/telemetry/core/decorators.py", line 320, in wrapper
    return _safe_call_with_telemetry(
           ^^^^^^^^^^^^^^^^^^^^^^^^^^
  File "/home/20250572/TabPFN-TS_for_Bike_Demand_Forecasting/.venv/lib/python3.12/site-packages/tabpfn_common_utils/telemetry/core/decorators.py", line 364, in _safe_call_with_telemetry
    result = func(*args, **kwargs)
             ^^^^^^^^^^^^^^^^^^^^^
  File "/home/20250572/TabPFN-TS_for_Bike_Demand_Forecasting/.venv/lib/python3.12/site-packages/tabpfn/regressor.py", line 825, in fit
    byte_size = self._initialize_model_variables()
                ^^^^^^^^^^^^^^^^^^^^^^^^^^^^^^^^^^
  File "/home/20250572/TabPFN-TS_for_Bike_Demand_Forecasting/.venv/lib/python3.12/site-packages/tabpfn/regressor.py", line 641, in _initialize_model_variables
    return initialize_model_variables_helper(self, self.estimator_type)
           ^^^^^^^^^^^^^^^^^^^^^^^^^^^^^^^^^^^^^^^^^^^^^^^^^^^^^^^^^^^^
  File "/home/20250572/TabPFN-TS_for_Bike_Demand_Forecasting/.venv/lib/python3.12/site-packages/tabpfn/base.py", line 386, in initialize_model_variables_helper
    initialize_tabpfn_model(
  File "/home/20250572/TabPFN-TS_for_Bike_Demand_Forecasting/.venv/lib/python3.12/site-packages/tabpfn/base.py", line 201, in initialize_tabpfn_model
    load_model_criterion_config(
  File "/home/20250572/TabPFN-TS_for_Bike_Demand_Forecasting/.venv/lib/python3.12/site-packages/tabpfn/model_loading.py", line 685, in load_model_criterion_config
    raise res[0]
  File "/home/20250572/TabPFN-TS_for_Bike_Demand_Forecasting/.venv/lib/python3.12/site-packages/tabpfn/model_loading.py", line 510, in _download_model
    ensure_license_accepted(hf_repo_id=_HF_REPOS[version])
  File "/home/20250572/TabPFN-TS_for_Bike_Demand_Forecasting/.venv/lib/python3.12/site-packages/tabpfn/browser_auth.py", line 621, in ensure_license_accepted
    raise TabPFNLicenseError(
tabpfn.errors.TabPFNLicenseError: TabPFN requires a one-time license acceptance to download
model weights for local inference, but no interactive terminal
is available.

To authenticate in a non-interactive environment:
  1. Open https://ux.priorlabs.ai in a browser and log in (or register)
  2. Accept the license on the Licenses tab
  3. Copy your API Key from https://ux.priorlabs.ai/account
  4. Set the environment variable: export TABPFN_TOKEN="<your-api-key>"
     or in Python (before calling .fit()): import os; os.environ["TABPFN_TOKEN"] = "<your-api-key>"

================================================================================
[2026-05-18 20:32:27] ERROR: Error in TabPFN_v3 h=6 fold=9: TabPFN requires a one-time license acceptance to download
model weights for local inference, but no interactive terminal
is available.

To authenticate in a non-interactive environment:
  1. Open https://ux.priorlabs.ai in a browser and log in (or register)
  2. Accept the license on the Licenses tab
  3. Copy your API Key from https://ux.priorlabs.ai/account
  4. Set the environment variable: export TABPFN_TOKEN="<your-api-key>"
     or in Python (before calling .fit()): import os; os.environ["TABPFN_TOKEN"] = "<your-api-key>"
================================================================================
Traceback (most recent call last):
  File "/home/20250572/TabPFN-TS_for_Bike_Demand_Forecasting/forecasting/run_experiments.py", line 185, in run_single_experiment
    y_pred = model.predict(horizon, X_test)
             ^^^^^^^^^^^^^^^^^^^^^^^^^^^^^^
  File "/home/20250572/TabPFN-TS_for_Bike_Demand_Forecasting/forecasting/models/tabpfn_pipeline_model.py", line 108, in predict
    pred_df = self.pipeline.predict_df(
              ^^^^^^^^^^^^^^^^^^^^^^^^^
  File "/home/20250572/TabPFN-TS_for_Bike_Demand_Forecasting/.venv/lib/python3.12/site-packages/tabpfn_time_series/pipeline.py", line 424, in predict_df
    pred = self.predict(context_tsdf, future_tsdf, quantiles=quantiles)
           ^^^^^^^^^^^^^^^^^^^^^^^^^^^^^^^^^^^^^^^^^^^^^^^^^^^^^^^^^^^^
  File "/home/20250572/TabPFN-TS_for_Bike_Demand_Forecasting/.venv/lib/python3.12/site-packages/tabpfn_time_series/pipeline.py", line 310, in predict
    return self.predictor.predict(
           ^^^^^^^^^^^^^^^^^^^^^^^
  File "/home/20250572/TabPFN-TS_for_Bike_Demand_Forecasting/.venv/lib/python3.12/site-packages/tabpfn_common_utils/telemetry/core/decorators.py", line 217, in wrapped
    return fn(*args, **kwargs)
           ^^^^^^^^^^^^^^^^^^^
  File "/home/20250572/TabPFN-TS_for_Bike_Demand_Forecasting/.venv/lib/python3.12/site-packages/tabpfn_time_series/predictor.py", line 128, in predict
    return self._worker.predict(
           ^^^^^^^^^^^^^^^^^^^^^
  File "/home/20250572/TabPFN-TS_for_Bike_Demand_Forecasting/.venv/lib/python3.12/site-packages/tabpfn_time_series/worker/parallel_workers/gpu_worker.py", line 62, in predict
    predictions = self._prediction_routine_per_gpu(
                  ^^^^^^^^^^^^^^^^^^^^^^^^^^^^^^^^^
  File "/home/20250572/TabPFN-TS_for_Bike_Demand_Forecasting/.venv/lib/python3.12/site-packages/tabpfn_time_series/worker/parallel_workers/gpu_worker.py", line 123, in _prediction_routine_per_gpu
    predictions = self._prediction_routine(
                  ^^^^^^^^^^^^^^^^^^^^^^^^^
  File "/home/20250572/TabPFN-TS_for_Bike_Demand_Forecasting/.venv/lib/python3.12/site-packages/tabpfn_time_series/worker/parallel_workers/base.py", line 70, in _prediction_routine
    results = self.inference_routine(train_X, train_y, test_X, **kwargs)
              ^^^^^^^^^^^^^^^^^^^^^^^^^^^^^^^^^^^^^^^^^^^^^^^^^^^^^^^^^^
  File "/home/20250572/TabPFN-TS_for_Bike_Demand_Forecasting/.venv/lib/python3.12/site-packages/tabpfn_time_series/worker/model_adapters/base.py", line 110, in predict
    raw_pred_output = self._fit_and_predict(
                      ^^^^^^^^^^^^^^^^^^^^^^
  File "/home/20250572/TabPFN-TS_for_Bike_Demand_Forecasting/.venv/lib/python3.12/site-packages/tabpfn_time_series/worker/model_adapters/base.py", line 134, in _fit_and_predict
    model.fit(train_X, train_y, **fit_kwargs)
  File "/usr/local/anaconda3/lib/python3.12/contextlib.py", line 81, in inner
    return func(*args, **kwds)
           ^^^^^^^^^^^^^^^^^^^
  File "/home/20250572/TabPFN-TS_for_Bike_Demand_Forecasting/.venv/lib/python3.12/site-packages/tabpfn_common_utils/telemetry/core/decorators.py", line 320, in wrapper
    return _safe_call_with_telemetry(
           ^^^^^^^^^^^^^^^^^^^^^^^^^^
  File "/home/20250572/TabPFN-TS_for_Bike_Demand_Forecasting/.venv/lib/python3.12/site-packages/tabpfn_common_utils/telemetry/core/decorators.py", line 364, in _safe_call_with_telemetry
    result = func(*args, **kwargs)
             ^^^^^^^^^^^^^^^^^^^^^
  File "/home/20250572/TabPFN-TS_for_Bike_Demand_Forecasting/.venv/lib/python3.12/site-packages/tabpfn/regressor.py", line 825, in fit
    byte_size = self._initialize_model_variables()
                ^^^^^^^^^^^^^^^^^^^^^^^^^^^^^^^^^^
  File "/home/20250572/TabPFN-TS_for_Bike_Demand_Forecasting/.venv/lib/python3.12/site-packages/tabpfn/regressor.py", line 641, in _initialize_model_variables
    return initialize_model_variables_helper(self, self.estimator_type)
           ^^^^^^^^^^^^^^^^^^^^^^^^^^^^^^^^^^^^^^^^^^^^^^^^^^^^^^^^^^^^
  File "/home/20250572/TabPFN-TS_for_Bike_Demand_Forecasting/.venv/lib/python3.12/site-packages/tabpfn/base.py", line 386, in initialize_model_variables_helper
    initialize_tabpfn_model(
  File "/home/20250572/TabPFN-TS_for_Bike_Demand_Forecasting/.venv/lib/python3.12/site-packages/tabpfn/base.py", line 201, in initialize_tabpfn_model
    load_model_criterion_config(
  File "/home/20250572/TabPFN-TS_for_Bike_Demand_Forecasting/.venv/lib/python3.12/site-packages/tabpfn/model_loading.py", line 685, in load_model_criterion_config
    raise res[0]
  File "/home/20250572/TabPFN-TS_for_Bike_Demand_Forecasting/.venv/lib/python3.12/site-packages/tabpfn/model_loading.py", line 510, in _download_model
    ensure_license_accepted(hf_repo_id=_HF_REPOS[version])
  File "/home/20250572/TabPFN-TS_for_Bike_Demand_Forecasting/.venv/lib/python3.12/site-packages/tabpfn/browser_auth.py", line 621, in ensure_license_accepted
    raise TabPFNLicenseError(
tabpfn.errors.TabPFNLicenseError: TabPFN requires a one-time license acceptance to download
model weights for local inference, but no interactive terminal
is available.

To authenticate in a non-interactive environment:
  1. Open https://ux.priorlabs.ai in a browser and log in (or register)
  2. Accept the license on the Licenses tab
  3. Copy your API Key from https://ux.priorlabs.ai/account
  4. Set the environment variable: export TABPFN_TOKEN="<your-api-key>"
     or in Python (before calling .fit()): import os; os.environ["TABPFN_TOKEN"] = "<your-api-key>"

================================================================================
[2026-05-18 20:32:27] ERROR: Error in TabPFN_v3 h=6 fold=10: TabPFN requires a one-time license acceptance to download
model weights for local inference, but no interactive terminal
is available.

To authenticate in a non-interactive environment:
  1. Open https://ux.priorlabs.ai in a browser and log in (or register)
  2. Accept the license on the Licenses tab
  3. Copy your API Key from https://ux.priorlabs.ai/account
  4. Set the environment variable: export TABPFN_TOKEN="<your-api-key>"
     or in Python (before calling .fit()): import os; os.environ["TABPFN_TOKEN"] = "<your-api-key>"
================================================================================
Traceback (most recent call last):
  File "/home/20250572/TabPFN-TS_for_Bike_Demand_Forecasting/forecasting/run_experiments.py", line 185, in run_single_experiment
    y_pred = model.predict(horizon, X_test)
             ^^^^^^^^^^^^^^^^^^^^^^^^^^^^^^
  File "/home/20250572/TabPFN-TS_for_Bike_Demand_Forecasting/forecasting/models/tabpfn_pipeline_model.py", line 108, in predict
    pred_df = self.pipeline.predict_df(
              ^^^^^^^^^^^^^^^^^^^^^^^^^
  File "/home/20250572/TabPFN-TS_for_Bike_Demand_Forecasting/.venv/lib/python3.12/site-packages/tabpfn_time_series/pipeline.py", line 424, in predict_df
    pred = self.predict(context_tsdf, future_tsdf, quantiles=quantiles)
           ^^^^^^^^^^^^^^^^^^^^^^^^^^^^^^^^^^^^^^^^^^^^^^^^^^^^^^^^^^^^
  File "/home/20250572/TabPFN-TS_for_Bike_Demand_Forecasting/.venv/lib/python3.12/site-packages/tabpfn_time_series/pipeline.py", line 310, in predict
    return self.predictor.predict(
           ^^^^^^^^^^^^^^^^^^^^^^^
  File "/home/20250572/TabPFN-TS_for_Bike_Demand_Forecasting/.venv/lib/python3.12/site-packages/tabpfn_common_utils/telemetry/core/decorators.py", line 217, in wrapped
    return fn(*args, **kwargs)
           ^^^^^^^^^^^^^^^^^^^
  File "/home/20250572/TabPFN-TS_for_Bike_Demand_Forecasting/.venv/lib/python3.12/site-packages/tabpfn_time_series/predictor.py", line 128, in predict
    return self._worker.predict(
           ^^^^^^^^^^^^^^^^^^^^^
  File "/home/20250572/TabPFN-TS_for_Bike_Demand_Forecasting/.venv/lib/python3.12/site-packages/tabpfn_time_series/worker/parallel_workers/gpu_worker.py", line 62, in predict
    predictions = self._prediction_routine_per_gpu(
                  ^^^^^^^^^^^^^^^^^^^^^^^^^^^^^^^^^
  File "/home/20250572/TabPFN-TS_for_Bike_Demand_Forecasting/.venv/lib/python3.12/site-packages/tabpfn_time_series/worker/parallel_workers/gpu_worker.py", line 123, in _prediction_routine_per_gpu
    predictions = self._prediction_routine(
                  ^^^^^^^^^^^^^^^^^^^^^^^^^
  File "/home/20250572/TabPFN-TS_for_Bike_Demand_Forecasting/.venv/lib/python3.12/site-packages/tabpfn_time_series/worker/parallel_workers/base.py", line 70, in _prediction_routine
    results = self.inference_routine(train_X, train_y, test_X, **kwargs)
              ^^^^^^^^^^^^^^^^^^^^^^^^^^^^^^^^^^^^^^^^^^^^^^^^^^^^^^^^^^
  File "/home/20250572/TabPFN-TS_for_Bike_Demand_Forecasting/.venv/lib/python3.12/site-packages/tabpfn_time_series/worker/model_adapters/base.py", line 110, in predict
    raw_pred_output = self._fit_and_predict(
                      ^^^^^^^^^^^^^^^^^^^^^^
  File "/home/20250572/TabPFN-TS_for_Bike_Demand_Forecasting/.venv/lib/python3.12/site-packages/tabpfn_time_series/worker/model_adapters/base.py", line 134, in _fit_and_predict
    model.fit(train_X, train_y, **fit_kwargs)
  File "/usr/local/anaconda3/lib/python3.12/contextlib.py", line 81, in inner
    return func(*args, **kwds)
           ^^^^^^^^^^^^^^^^^^^
  File "/home/20250572/TabPFN-TS_for_Bike_Demand_Forecasting/.venv/lib/python3.12/site-packages/tabpfn_common_utils/telemetry/core/decorators.py", line 320, in wrapper
    return _safe_call_with_telemetry(
           ^^^^^^^^^^^^^^^^^^^^^^^^^^
  File "/home/20250572/TabPFN-TS_for_Bike_Demand_Forecasting/.venv/lib/python3.12/site-packages/tabpfn_common_utils/telemetry/core/decorators.py", line 364, in _safe_call_with_telemetry
    result = func(*args, **kwargs)
             ^^^^^^^^^^^^^^^^^^^^^
  File "/home/20250572/TabPFN-TS_for_Bike_Demand_Forecasting/.venv/lib/python3.12/site-packages/tabpfn/regressor.py", line 825, in fit
    byte_size = self._initialize_model_variables()
                ^^^^^^^^^^^^^^^^^^^^^^^^^^^^^^^^^^
  File "/home/20250572/TabPFN-TS_for_Bike_Demand_Forecasting/.venv/lib/python3.12/site-packages/tabpfn/regressor.py", line 641, in _initialize_model_variables
    return initialize_model_variables_helper(self, self.estimator_type)
           ^^^^^^^^^^^^^^^^^^^^^^^^^^^^^^^^^^^^^^^^^^^^^^^^^^^^^^^^^^^^
  File "/home/20250572/TabPFN-TS_for_Bike_Demand_Forecasting/.venv/lib/python3.12/site-packages/tabpfn/base.py", line 386, in initialize_model_variables_helper
    initialize_tabpfn_model(
  File "/home/20250572/TabPFN-TS_for_Bike_Demand_Forecasting/.venv/lib/python3.12/site-packages/tabpfn/base.py", line 201, in initialize_tabpfn_model
    load_model_criterion_config(
  File "/home/20250572/TabPFN-TS_for_Bike_Demand_Forecasting/.venv/lib/python3.12/site-packages/tabpfn/model_loading.py", line 685, in load_model_criterion_config
    raise res[0]
  File "/home/20250572/TabPFN-TS_for_Bike_Demand_Forecasting/.venv/lib/python3.12/site-packages/tabpfn/model_loading.py", line 510, in _download_model
    ensure_license_accepted(hf_repo_id=_HF_REPOS[version])
  File "/home/20250572/TabPFN-TS_for_Bike_Demand_Forecasting/.venv/lib/python3.12/site-packages/tabpfn/browser_auth.py", line 621, in ensure_license_accepted
    raise TabPFNLicenseError(
tabpfn.errors.TabPFNLicenseError: TabPFN requires a one-time license acceptance to download
model weights for local inference, but no interactive terminal
is available.

To authenticate in a non-interactive environment:
  1. Open https://ux.priorlabs.ai in a browser and log in (or register)
  2. Accept the license on the Licenses tab
  3. Copy your API Key from https://ux.priorlabs.ai/account
  4. Set the environment variable: export TABPFN_TOKEN="<your-api-key>"
     or in Python (before calling .fit()): import os; os.environ["TABPFN_TOKEN"] = "<your-api-key>"

================================================================================
[2026-05-18 20:32:28] ERROR: Error in TabPFN_v3 h=6 fold=11: TabPFN requires a one-time license acceptance to download
model weights for local inference, but no interactive terminal
is available.

To authenticate in a non-interactive environment:
  1. Open https://ux.priorlabs.ai in a browser and log in (or register)
  2. Accept the license on the Licenses tab
  3. Copy your API Key from https://ux.priorlabs.ai/account
  4. Set the environment variable: export TABPFN_TOKEN="<your-api-key>"
     or in Python (before calling .fit()): import os; os.environ["TABPFN_TOKEN"] = "<your-api-key>"
================================================================================
Traceback (most recent call last):
  File "/home/20250572/TabPFN-TS_for_Bike_Demand_Forecasting/forecasting/run_experiments.py", line 185, in run_single_experiment
    y_pred = model.predict(horizon, X_test)
             ^^^^^^^^^^^^^^^^^^^^^^^^^^^^^^
  File "/home/20250572/TabPFN-TS_for_Bike_Demand_Forecasting/forecasting/models/tabpfn_pipeline_model.py", line 108, in predict
    pred_df = self.pipeline.predict_df(
              ^^^^^^^^^^^^^^^^^^^^^^^^^
  File "/home/20250572/TabPFN-TS_for_Bike_Demand_Forecasting/.venv/lib/python3.12/site-packages/tabpfn_time_series/pipeline.py", line 424, in predict_df
    pred = self.predict(context_tsdf, future_tsdf, quantiles=quantiles)
           ^^^^^^^^^^^^^^^^^^^^^^^^^^^^^^^^^^^^^^^^^^^^^^^^^^^^^^^^^^^^
  File "/home/20250572/TabPFN-TS_for_Bike_Demand_Forecasting/.venv/lib/python3.12/site-packages/tabpfn_time_series/pipeline.py", line 310, in predict
    return self.predictor.predict(
           ^^^^^^^^^^^^^^^^^^^^^^^
  File "/home/20250572/TabPFN-TS_for_Bike_Demand_Forecasting/.venv/lib/python3.12/site-packages/tabpfn_common_utils/telemetry/core/decorators.py", line 217, in wrapped
    return fn(*args, **kwargs)
           ^^^^^^^^^^^^^^^^^^^
  File "/home/20250572/TabPFN-TS_for_Bike_Demand_Forecasting/.venv/lib/python3.12/site-packages/tabpfn_time_series/predictor.py", line 128, in predict
    return self._worker.predict(
           ^^^^^^^^^^^^^^^^^^^^^
  File "/home/20250572/TabPFN-TS_for_Bike_Demand_Forecasting/.venv/lib/python3.12/site-packages/tabpfn_time_series/worker/parallel_workers/gpu_worker.py", line 62, in predict
    predictions = self._prediction_routine_per_gpu(
                  ^^^^^^^^^^^^^^^^^^^^^^^^^^^^^^^^^
  File "/home/20250572/TabPFN-TS_for_Bike_Demand_Forecasting/.venv/lib/python3.12/site-packages/tabpfn_time_series/worker/parallel_workers/gpu_worker.py", line 123, in _prediction_routine_per_gpu
    predictions = self._prediction_routine(
                  ^^^^^^^^^^^^^^^^^^^^^^^^^
  File "/home/20250572/TabPFN-TS_for_Bike_Demand_Forecasting/.venv/lib/python3.12/site-packages/tabpfn_time_series/worker/parallel_workers/base.py", line 70, in _prediction_routine
    results = self.inference_routine(train_X, train_y, test_X, **kwargs)
              ^^^^^^^^^^^^^^^^^^^^^^^^^^^^^^^^^^^^^^^^^^^^^^^^^^^^^^^^^^
  File "/home/20250572/TabPFN-TS_for_Bike_Demand_Forecasting/.venv/lib/python3.12/site-packages/tabpfn_time_series/worker/model_adapters/base.py", line 110, in predict
    raw_pred_output = self._fit_and_predict(
                      ^^^^^^^^^^^^^^^^^^^^^^
  File "/home/20250572/TabPFN-TS_for_Bike_Demand_Forecasting/.venv/lib/python3.12/site-packages/tabpfn_time_series/worker/model_adapters/base.py", line 134, in _fit_and_predict
    model.fit(train_X, train_y, **fit_kwargs)
  File "/usr/local/anaconda3/lib/python3.12/contextlib.py", line 81, in inner
    return func(*args, **kwds)
           ^^^^^^^^^^^^^^^^^^^
  File "/home/20250572/TabPFN-TS_for_Bike_Demand_Forecasting/.venv/lib/python3.12/site-packages/tabpfn_common_utils/telemetry/core/decorators.py", line 320, in wrapper
    return _safe_call_with_telemetry(
           ^^^^^^^^^^^^^^^^^^^^^^^^^^
  File "/home/20250572/TabPFN-TS_for_Bike_Demand_Forecasting/.venv/lib/python3.12/site-packages/tabpfn_common_utils/telemetry/core/decorators.py", line 364, in _safe_call_with_telemetry
    result = func(*args, **kwargs)
             ^^^^^^^^^^^^^^^^^^^^^
  File "/home/20250572/TabPFN-TS_for_Bike_Demand_Forecasting/.venv/lib/python3.12/site-packages/tabpfn/regressor.py", line 825, in fit
    byte_size = self._initialize_model_variables()
                ^^^^^^^^^^^^^^^^^^^^^^^^^^^^^^^^^^
  File "/home/20250572/TabPFN-TS_for_Bike_Demand_Forecasting/.venv/lib/python3.12/site-packages/tabpfn/regressor.py", line 641, in _initialize_model_variables
    return initialize_model_variables_helper(self, self.estimator_type)
           ^^^^^^^^^^^^^^^^^^^^^^^^^^^^^^^^^^^^^^^^^^^^^^^^^^^^^^^^^^^^
  File "/home/20250572/TabPFN-TS_for_Bike_Demand_Forecasting/.venv/lib/python3.12/site-packages/tabpfn/base.py", line 386, in initialize_model_variables_helper
    initialize_tabpfn_model(
  File "/home/20250572/TabPFN-TS_for_Bike_Demand_Forecasting/.venv/lib/python3.12/site-packages/tabpfn/base.py", line 201, in initialize_tabpfn_model
    load_model_criterion_config(
  File "/home/20250572/TabPFN-TS_for_Bike_Demand_Forecasting/.venv/lib/python3.12/site-packages/tabpfn/model_loading.py", line 685, in load_model_criterion_config
    raise res[0]
  File "/home/20250572/TabPFN-TS_for_Bike_Demand_Forecasting/.venv/lib/python3.12/site-packages/tabpfn/model_loading.py", line 510, in _download_model
    ensure_license_accepted(hf_repo_id=_HF_REPOS[version])
  File "/home/20250572/TabPFN-TS_for_Bike_Demand_Forecasting/.venv/lib/python3.12/site-packages/tabpfn/browser_auth.py", line 621, in ensure_license_accepted
    raise TabPFNLicenseError(
tabpfn.errors.TabPFNLicenseError: TabPFN requires a one-time license acceptance to download
model weights for local inference, but no interactive terminal
is available.

To authenticate in a non-interactive environment:
  1. Open https://ux.priorlabs.ai in a browser and log in (or register)
  2. Accept the license on the Licenses tab
  3. Copy your API Key from https://ux.priorlabs.ai/account
  4. Set the environment variable: export TABPFN_TOKEN="<your-api-key>"
     or in Python (before calling .fit()): import os; os.environ["TABPFN_TOKEN"] = "<your-api-key>"

================================================================================
[2026-05-18 20:32:28] ERROR: Error in TabPFN_v3 h=6 fold=12: TabPFN requires a one-time license acceptance to download
model weights for local inference, but no interactive terminal
is available.

To authenticate in a non-interactive environment:
  1. Open https://ux.priorlabs.ai in a browser and log in (or register)
  2. Accept the license on the Licenses tab
  3. Copy your API Key from https://ux.priorlabs.ai/account
  4. Set the environment variable: export TABPFN_TOKEN="<your-api-key>"
     or in Python (before calling .fit()): import os; os.environ["TABPFN_TOKEN"] = "<your-api-key>"
================================================================================
Traceback (most recent call last):
  File "/home/20250572/TabPFN-TS_for_Bike_Demand_Forecasting/forecasting/run_experiments.py", line 185, in run_single_experiment
    y_pred = model.predict(horizon, X_test)
             ^^^^^^^^^^^^^^^^^^^^^^^^^^^^^^
  File "/home/20250572/TabPFN-TS_for_Bike_Demand_Forecasting/forecasting/models/tabpfn_pipeline_model.py", line 108, in predict
    pred_df = self.pipeline.predict_df(
              ^^^^^^^^^^^^^^^^^^^^^^^^^
  File "/home/20250572/TabPFN-TS_for_Bike_Demand_Forecasting/.venv/lib/python3.12/site-packages/tabpfn_time_series/pipeline.py", line 424, in predict_df
    pred = self.predict(context_tsdf, future_tsdf, quantiles=quantiles)
           ^^^^^^^^^^^^^^^^^^^^^^^^^^^^^^^^^^^^^^^^^^^^^^^^^^^^^^^^^^^^
  File "/home/20250572/TabPFN-TS_for_Bike_Demand_Forecasting/.venv/lib/python3.12/site-packages/tabpfn_time_series/pipeline.py", line 310, in predict
    return self.predictor.predict(
           ^^^^^^^^^^^^^^^^^^^^^^^
  File "/home/20250572/TabPFN-TS_for_Bike_Demand_Forecasting/.venv/lib/python3.12/site-packages/tabpfn_common_utils/telemetry/core/decorators.py", line 217, in wrapped
    return fn(*args, **kwargs)
           ^^^^^^^^^^^^^^^^^^^
  File "/home/20250572/TabPFN-TS_for_Bike_Demand_Forecasting/.venv/lib/python3.12/site-packages/tabpfn_time_series/predictor.py", line 128, in predict
    return self._worker.predict(
           ^^^^^^^^^^^^^^^^^^^^^
  File "/home/20250572/TabPFN-TS_for_Bike_Demand_Forecasting/.venv/lib/python3.12/site-packages/tabpfn_time_series/worker/parallel_workers/gpu_worker.py", line 62, in predict
    predictions = self._prediction_routine_per_gpu(
                  ^^^^^^^^^^^^^^^^^^^^^^^^^^^^^^^^^
  File "/home/20250572/TabPFN-TS_for_Bike_Demand_Forecasting/.venv/lib/python3.12/site-packages/tabpfn_time_series/worker/parallel_workers/gpu_worker.py", line 123, in _prediction_routine_per_gpu
    predictions = self._prediction_routine(
                  ^^^^^^^^^^^^^^^^^^^^^^^^^
  File "/home/20250572/TabPFN-TS_for_Bike_Demand_Forecasting/.venv/lib/python3.12/site-packages/tabpfn_time_series/worker/parallel_workers/base.py", line 70, in _prediction_routine
    results = self.inference_routine(train_X, train_y, test_X, **kwargs)
              ^^^^^^^^^^^^^^^^^^^^^^^^^^^^^^^^^^^^^^^^^^^^^^^^^^^^^^^^^^
  File "/home/20250572/TabPFN-TS_for_Bike_Demand_Forecasting/.venv/lib/python3.12/site-packages/tabpfn_time_series/worker/model_adapters/base.py", line 110, in predict
    raw_pred_output = self._fit_and_predict(
                      ^^^^^^^^^^^^^^^^^^^^^^
  File "/home/20250572/TabPFN-TS_for_Bike_Demand_Forecasting/.venv/lib/python3.12/site-packages/tabpfn_time_series/worker/model_adapters/base.py", line 134, in _fit_and_predict
    model.fit(train_X, train_y, **fit_kwargs)
  File "/usr/local/anaconda3/lib/python3.12/contextlib.py", line 81, in inner
    return func(*args, **kwds)
           ^^^^^^^^^^^^^^^^^^^
  File "/home/20250572/TabPFN-TS_for_Bike_Demand_Forecasting/.venv/lib/python3.12/site-packages/tabpfn_common_utils/telemetry/core/decorators.py", line 320, in wrapper
    return _safe_call_with_telemetry(
           ^^^^^^^^^^^^^^^^^^^^^^^^^^
  File "/home/20250572/TabPFN-TS_for_Bike_Demand_Forecasting/.venv/lib/python3.12/site-packages/tabpfn_common_utils/telemetry/core/decorators.py", line 364, in _safe_call_with_telemetry
    result = func(*args, **kwargs)
             ^^^^^^^^^^^^^^^^^^^^^
  File "/home/20250572/TabPFN-TS_for_Bike_Demand_Forecasting/.venv/lib/python3.12/site-packages/tabpfn/regressor.py", line 825, in fit
    byte_size = self._initialize_model_variables()
                ^^^^^^^^^^^^^^^^^^^^^^^^^^^^^^^^^^
  File "/home/20250572/TabPFN-TS_for_Bike_Demand_Forecasting/.venv/lib/python3.12/site-packages/tabpfn/regressor.py", line 641, in _initialize_model_variables
    return initialize_model_variables_helper(self, self.estimator_type)
           ^^^^^^^^^^^^^^^^^^^^^^^^^^^^^^^^^^^^^^^^^^^^^^^^^^^^^^^^^^^^
  File "/home/20250572/TabPFN-TS_for_Bike_Demand_Forecasting/.venv/lib/python3.12/site-packages/tabpfn/base.py", line 386, in initialize_model_variables_helper
    initialize_tabpfn_model(
  File "/home/20250572/TabPFN-TS_for_Bike_Demand_Forecasting/.venv/lib/python3.12/site-packages/tabpfn/base.py", line 201, in initialize_tabpfn_model
    load_model_criterion_config(
  File "/home/20250572/TabPFN-TS_for_Bike_Demand_Forecasting/.venv/lib/python3.12/site-packages/tabpfn/model_loading.py", line 685, in load_model_criterion_config
    raise res[0]
  File "/home/20250572/TabPFN-TS_for_Bike_Demand_Forecasting/.venv/lib/python3.12/site-packages/tabpfn/model_loading.py", line 510, in _download_model
    ensure_license_accepted(hf_repo_id=_HF_REPOS[version])
  File "/home/20250572/TabPFN-TS_for_Bike_Demand_Forecasting/.venv/lib/python3.12/site-packages/tabpfn/browser_auth.py", line 621, in ensure_license_accepted
    raise TabPFNLicenseError(
tabpfn.errors.TabPFNLicenseError: TabPFN requires a one-time license acceptance to download
model weights for local inference, but no interactive terminal
is available.

To authenticate in a non-interactive environment:
  1. Open https://ux.priorlabs.ai in a browser and log in (or register)
  2. Accept the license on the Licenses tab
  3. Copy your API Key from https://ux.priorlabs.ai/account
  4. Set the environment variable: export TABPFN_TOKEN="<your-api-key>"
     or in Python (before calling .fit()): import os; os.environ["TABPFN_TOKEN"] = "<your-api-key>"

================================================================================
[2026-05-18 20:32:29] ERROR: Error in TabPFN_v3 h=6 fold=13: TabPFN requires a one-time license acceptance to download
model weights for local inference, but no interactive terminal
is available.

To authenticate in a non-interactive environment:
  1. Open https://ux.priorlabs.ai in a browser and log in (or register)
  2. Accept the license on the Licenses tab
  3. Copy your API Key from https://ux.priorlabs.ai/account
  4. Set the environment variable: export TABPFN_TOKEN="<your-api-key>"
     or in Python (before calling .fit()): import os; os.environ["TABPFN_TOKEN"] = "<your-api-key>"
================================================================================
Traceback (most recent call last):
  File "/home/20250572/TabPFN-TS_for_Bike_Demand_Forecasting/forecasting/run_experiments.py", line 185, in run_single_experiment
    y_pred = model.predict(horizon, X_test)
             ^^^^^^^^^^^^^^^^^^^^^^^^^^^^^^
  File "/home/20250572/TabPFN-TS_for_Bike_Demand_Forecasting/forecasting/models/tabpfn_pipeline_model.py", line 108, in predict
    pred_df = self.pipeline.predict_df(
              ^^^^^^^^^^^^^^^^^^^^^^^^^
  File "/home/20250572/TabPFN-TS_for_Bike_Demand_Forecasting/.venv/lib/python3.12/site-packages/tabpfn_time_series/pipeline.py", line 424, in predict_df
    pred = self.predict(context_tsdf, future_tsdf, quantiles=quantiles)
           ^^^^^^^^^^^^^^^^^^^^^^^^^^^^^^^^^^^^^^^^^^^^^^^^^^^^^^^^^^^^
  File "/home/20250572/TabPFN-TS_for_Bike_Demand_Forecasting/.venv/lib/python3.12/site-packages/tabpfn_time_series/pipeline.py", line 310, in predict
    return self.predictor.predict(
           ^^^^^^^^^^^^^^^^^^^^^^^
  File "/home/20250572/TabPFN-TS_for_Bike_Demand_Forecasting/.venv/lib/python3.12/site-packages/tabpfn_common_utils/telemetry/core/decorators.py", line 217, in wrapped
    return fn(*args, **kwargs)
           ^^^^^^^^^^^^^^^^^^^
  File "/home/20250572/TabPFN-TS_for_Bike_Demand_Forecasting/.venv/lib/python3.12/site-packages/tabpfn_time_series/predictor.py", line 128, in predict
    return self._worker.predict(
           ^^^^^^^^^^^^^^^^^^^^^
  File "/home/20250572/TabPFN-TS_for_Bike_Demand_Forecasting/.venv/lib/python3.12/site-packages/tabpfn_time_series/worker/parallel_workers/gpu_worker.py", line 62, in predict
    predictions = self._prediction_routine_per_gpu(
                  ^^^^^^^^^^^^^^^^^^^^^^^^^^^^^^^^^
  File "/home/20250572/TabPFN-TS_for_Bike_Demand_Forecasting/.venv/lib/python3.12/site-packages/tabpfn_time_series/worker/parallel_workers/gpu_worker.py", line 123, in _prediction_routine_per_gpu
    predictions = self._prediction_routine(
                  ^^^^^^^^^^^^^^^^^^^^^^^^^
  File "/home/20250572/TabPFN-TS_for_Bike_Demand_Forecasting/.venv/lib/python3.12/site-packages/tabpfn_time_series/worker/parallel_workers/base.py", line 70, in _prediction_routine
    results = self.inference_routine(train_X, train_y, test_X, **kwargs)
              ^^^^^^^^^^^^^^^^^^^^^^^^^^^^^^^^^^^^^^^^^^^^^^^^^^^^^^^^^^
  File "/home/20250572/TabPFN-TS_for_Bike_Demand_Forecasting/.venv/lib/python3.12/site-packages/tabpfn_time_series/worker/model_adapters/base.py", line 110, in predict
    raw_pred_output = self._fit_and_predict(
                      ^^^^^^^^^^^^^^^^^^^^^^
  File "/home/20250572/TabPFN-TS_for_Bike_Demand_Forecasting/.venv/lib/python3.12/site-packages/tabpfn_time_series/worker/model_adapters/base.py", line 134, in _fit_and_predict
    model.fit(train_X, train_y, **fit_kwargs)
  File "/usr/local/anaconda3/lib/python3.12/contextlib.py", line 81, in inner
    return func(*args, **kwds)
           ^^^^^^^^^^^^^^^^^^^
  File "/home/20250572/TabPFN-TS_for_Bike_Demand_Forecasting/.venv/lib/python3.12/site-packages/tabpfn_common_utils/telemetry/core/decorators.py", line 320, in wrapper
    return _safe_call_with_telemetry(
           ^^^^^^^^^^^^^^^^^^^^^^^^^^
  File "/home/20250572/TabPFN-TS_for_Bike_Demand_Forecasting/.venv/lib/python3.12/site-packages/tabpfn_common_utils/telemetry/core/decorators.py", line 364, in _safe_call_with_telemetry
    result = func(*args, **kwargs)
             ^^^^^^^^^^^^^^^^^^^^^
  File "/home/20250572/TabPFN-TS_for_Bike_Demand_Forecasting/.venv/lib/python3.12/site-packages/tabpfn/regressor.py", line 825, in fit
    byte_size = self._initialize_model_variables()
                ^^^^^^^^^^^^^^^^^^^^^^^^^^^^^^^^^^
  File "/home/20250572/TabPFN-TS_for_Bike_Demand_Forecasting/.venv/lib/python3.12/site-packages/tabpfn/regressor.py", line 641, in _initialize_model_variables
    return initialize_model_variables_helper(self, self.estimator_type)
           ^^^^^^^^^^^^^^^^^^^^^^^^^^^^^^^^^^^^^^^^^^^^^^^^^^^^^^^^^^^^
  File "/home/20250572/TabPFN-TS_for_Bike_Demand_Forecasting/.venv/lib/python3.12/site-packages/tabpfn/base.py", line 386, in initialize_model_variables_helper
    initialize_tabpfn_model(
  File "/home/20250572/TabPFN-TS_for_Bike_Demand_Forecasting/.venv/lib/python3.12/site-packages/tabpfn/base.py", line 201, in initialize_tabpfn_model
    load_model_criterion_config(
  File "/home/20250572/TabPFN-TS_for_Bike_Demand_Forecasting/.venv/lib/python3.12/site-packages/tabpfn/model_loading.py", line 685, in load_model_criterion_config
    raise res[0]
  File "/home/20250572/TabPFN-TS_for_Bike_Demand_Forecasting/.venv/lib/python3.12/site-packages/tabpfn/model_loading.py", line 510, in _download_model
    ensure_license_accepted(hf_repo_id=_HF_REPOS[version])
  File "/home/20250572/TabPFN-TS_for_Bike_Demand_Forecasting/.venv/lib/python3.12/site-packages/tabpfn/browser_auth.py", line 621, in ensure_license_accepted
    raise TabPFNLicenseError(
tabpfn.errors.TabPFNLicenseError: TabPFN requires a one-time license acceptance to download
model weights for local inference, but no interactive terminal
is available.

To authenticate in a non-interactive environment:
  1. Open https://ux.priorlabs.ai in a browser and log in (or register)
  2. Accept the license on the Licenses tab
  3. Copy your API Key from https://ux.priorlabs.ai/account
  4. Set the environment variable: export TABPFN_TOKEN="<your-api-key>"
     or in Python (before calling .fit()): import os; os.environ["TABPFN_TOKEN"] = "<your-api-key>"

================================================================================
[2026-05-18 20:32:29] ERROR: Error in TabPFN_v3 h=6 fold=14: TabPFN requires a one-time license acceptance to download
model weights for local inference, but no interactive terminal
is available.

To authenticate in a non-interactive environment:
  1. Open https://ux.priorlabs.ai in a browser and log in (or register)
  2. Accept the license on the Licenses tab
  3. Copy your API Key from https://ux.priorlabs.ai/account
  4. Set the environment variable: export TABPFN_TOKEN="<your-api-key>"
     or in Python (before calling .fit()): import os; os.environ["TABPFN_TOKEN"] = "<your-api-key>"
================================================================================
Traceback (most recent call last):
  File "/home/20250572/TabPFN-TS_for_Bike_Demand_Forecasting/forecasting/run_experiments.py", line 185, in run_single_experiment
    y_pred = model.predict(horizon, X_test)
             ^^^^^^^^^^^^^^^^^^^^^^^^^^^^^^
  File "/home/20250572/TabPFN-TS_for_Bike_Demand_Forecasting/forecasting/models/tabpfn_pipeline_model.py", line 108, in predict
    pred_df = self.pipeline.predict_df(
              ^^^^^^^^^^^^^^^^^^^^^^^^^
  File "/home/20250572/TabPFN-TS_for_Bike_Demand_Forecasting/.venv/lib/python3.12/site-packages/tabpfn_time_series/pipeline.py", line 424, in predict_df
    pred = self.predict(context_tsdf, future_tsdf, quantiles=quantiles)
           ^^^^^^^^^^^^^^^^^^^^^^^^^^^^^^^^^^^^^^^^^^^^^^^^^^^^^^^^^^^^
  File "/home/20250572/TabPFN-TS_for_Bike_Demand_Forecasting/.venv/lib/python3.12/site-packages/tabpfn_time_series/pipeline.py", line 310, in predict
    return self.predictor.predict(
           ^^^^^^^^^^^^^^^^^^^^^^^
  File "/home/20250572/TabPFN-TS_for_Bike_Demand_Forecasting/.venv/lib/python3.12/site-packages/tabpfn_common_utils/telemetry/core/decorators.py", line 217, in wrapped
    return fn(*args, **kwargs)
           ^^^^^^^^^^^^^^^^^^^
  File "/home/20250572/TabPFN-TS_for_Bike_Demand_Forecasting/.venv/lib/python3.12/site-packages/tabpfn_time_series/predictor.py", line 128, in predict
    return self._worker.predict(
           ^^^^^^^^^^^^^^^^^^^^^
  File "/home/20250572/TabPFN-TS_for_Bike_Demand_Forecasting/.venv/lib/python3.12/site-packages/tabpfn_time_series/worker/parallel_workers/gpu_worker.py", line 62, in predict
    predictions = self._prediction_routine_per_gpu(
                  ^^^^^^^^^^^^^^^^^^^^^^^^^^^^^^^^^
  File "/home/20250572/TabPFN-TS_for_Bike_Demand_Forecasting/.venv/lib/python3.12/site-packages/tabpfn_time_series/worker/parallel_workers/gpu_worker.py", line 123, in _prediction_routine_per_gpu
    predictions = self._prediction_routine(
                  ^^^^^^^^^^^^^^^^^^^^^^^^^
  File "/home/20250572/TabPFN-TS_for_Bike_Demand_Forecasting/.venv/lib/python3.12/site-packages/tabpfn_time_series/worker/parallel_workers/base.py", line 70, in _prediction_routine
    results = self.inference_routine(train_X, train_y, test_X, **kwargs)
              ^^^^^^^^^^^^^^^^^^^^^^^^^^^^^^^^^^^^^^^^^^^^^^^^^^^^^^^^^^
  File "/home/20250572/TabPFN-TS_for_Bike_Demand_Forecasting/.venv/lib/python3.12/site-packages/tabpfn_time_series/worker/model_adapters/base.py", line 110, in predict
    raw_pred_output = self._fit_and_predict(
                      ^^^^^^^^^^^^^^^^^^^^^^
  File "/home/20250572/TabPFN-TS_for_Bike_Demand_Forecasting/.venv/lib/python3.12/site-packages/tabpfn_time_series/worker/model_adapters/base.py", line 134, in _fit_and_predict
    model.fit(train_X, train_y, **fit_kwargs)
  File "/usr/local/anaconda3/lib/python3.12/contextlib.py", line 81, in inner
    return func(*args, **kwds)
           ^^^^^^^^^^^^^^^^^^^
  File "/home/20250572/TabPFN-TS_for_Bike_Demand_Forecasting/.venv/lib/python3.12/site-packages/tabpfn_common_utils/telemetry/core/decorators.py", line 320, in wrapper
    return _safe_call_with_telemetry(
           ^^^^^^^^^^^^^^^^^^^^^^^^^^
  File "/home/20250572/TabPFN-TS_for_Bike_Demand_Forecasting/.venv/lib/python3.12/site-packages/tabpfn_common_utils/telemetry/core/decorators.py", line 364, in _safe_call_with_telemetry
    result = func(*args, **kwargs)
             ^^^^^^^^^^^^^^^^^^^^^
  File "/home/20250572/TabPFN-TS_for_Bike_Demand_Forecasting/.venv/lib/python3.12/site-packages/tabpfn/regressor.py", line 825, in fit
    byte_size = self._initialize_model_variables()
                ^^^^^^^^^^^^^^^^^^^^^^^^^^^^^^^^^^
  File "/home/20250572/TabPFN-TS_for_Bike_Demand_Forecasting/.venv/lib/python3.12/site-packages/tabpfn/regressor.py", line 641, in _initialize_model_variables
    return initialize_model_variables_helper(self, self.estimator_type)
           ^^^^^^^^^^^^^^^^^^^^^^^^^^^^^^^^^^^^^^^^^^^^^^^^^^^^^^^^^^^^
  File "/home/20250572/TabPFN-TS_for_Bike_Demand_Forecasting/.venv/lib/python3.12/site-packages/tabpfn/base.py", line 386, in initialize_model_variables_helper
    initialize_tabpfn_model(
  File "/home/20250572/TabPFN-TS_for_Bike_Demand_Forecasting/.venv/lib/python3.12/site-packages/tabpfn/base.py", line 201, in initialize_tabpfn_model
    load_model_criterion_config(
  File "/home/20250572/TabPFN-TS_for_Bike_Demand_Forecasting/.venv/lib/python3.12/site-packages/tabpfn/model_loading.py", line 685, in load_model_criterion_config
    raise res[0]
  File "/home/20250572/TabPFN-TS_for_Bike_Demand_Forecasting/.venv/lib/python3.12/site-packages/tabpfn/model_loading.py", line 510, in _download_model
    ensure_license_accepted(hf_repo_id=_HF_REPOS[version])
  File "/home/20250572/TabPFN-TS_for_Bike_Demand_Forecasting/.venv/lib/python3.12/site-packages/tabpfn/browser_auth.py", line 621, in ensure_license_accepted
    raise TabPFNLicenseError(
tabpfn.errors.TabPFNLicenseError: TabPFN requires a one-time license acceptance to download
model weights for local inference, but no interactive terminal
is available.

To authenticate in a non-interactive environment:
  1. Open https://ux.priorlabs.ai in a browser and log in (or register)
  2. Accept the license on the Licenses tab
  3. Copy your API Key from https://ux.priorlabs.ai/account
  4. Set the environment variable: export TABPFN_TOKEN="<your-api-key>"
     or in Python (before calling .fit()): import os; os.environ["TABPFN_TOKEN"] = "<your-api-key>"

================================================================================
[2026-05-18 20:32:29] ERROR: Error in TabPFN_v3 h=6 fold=15: TabPFN requires a one-time license acceptance to download
model weights for local inference, but no interactive terminal
is available.

To authenticate in a non-interactive environment:
  1. Open https://ux.priorlabs.ai in a browser and log in (or register)
  2. Accept the license on the Licenses tab
  3. Copy your API Key from https://ux.priorlabs.ai/account
  4. Set the environment variable: export TABPFN_TOKEN="<your-api-key>"
     or in Python (before calling .fit()): import os; os.environ["TABPFN_TOKEN"] = "<your-api-key>"
================================================================================
Traceback (most recent call last):
  File "/home/20250572/TabPFN-TS_for_Bike_Demand_Forecasting/forecasting/run_experiments.py", line 185, in run_single_experiment
    y_pred = model.predict(horizon, X_test)
             ^^^^^^^^^^^^^^^^^^^^^^^^^^^^^^
  File "/home/20250572/TabPFN-TS_for_Bike_Demand_Forecasting/forecasting/models/tabpfn_pipeline_model.py", line 108, in predict
    pred_df = self.pipeline.predict_df(
              ^^^^^^^^^^^^^^^^^^^^^^^^^
  File "/home/20250572/TabPFN-TS_for_Bike_Demand_Forecasting/.venv/lib/python3.12/site-packages/tabpfn_time_series/pipeline.py", line 424, in predict_df
    pred = self.predict(context_tsdf, future_tsdf, quantiles=quantiles)
           ^^^^^^^^^^^^^^^^^^^^^^^^^^^^^^^^^^^^^^^^^^^^^^^^^^^^^^^^^^^^
  File "/home/20250572/TabPFN-TS_for_Bike_Demand_Forecasting/.venv/lib/python3.12/site-packages/tabpfn_time_series/pipeline.py", line 310, in predict
    return self.predictor.predict(
           ^^^^^^^^^^^^^^^^^^^^^^^
  File "/home/20250572/TabPFN-TS_for_Bike_Demand_Forecasting/.venv/lib/python3.12/site-packages/tabpfn_common_utils/telemetry/core/decorators.py", line 217, in wrapped
    return fn(*args, **kwargs)
           ^^^^^^^^^^^^^^^^^^^
  File "/home/20250572/TabPFN-TS_for_Bike_Demand_Forecasting/.venv/lib/python3.12/site-packages/tabpfn_time_series/predictor.py", line 128, in predict
    return self._worker.predict(
           ^^^^^^^^^^^^^^^^^^^^^
  File "/home/20250572/TabPFN-TS_for_Bike_Demand_Forecasting/.venv/lib/python3.12/site-packages/tabpfn_time_series/worker/parallel_workers/gpu_worker.py", line 62, in predict
    predictions = self._prediction_routine_per_gpu(
                  ^^^^^^^^^^^^^^^^^^^^^^^^^^^^^^^^^
  File "/home/20250572/TabPFN-TS_for_Bike_Demand_Forecasting/.venv/lib/python3.12/site-packages/tabpfn_time_series/worker/parallel_workers/gpu_worker.py", line 123, in _prediction_routine_per_gpu
    predictions = self._prediction_routine(
                  ^^^^^^^^^^^^^^^^^^^^^^^^^
  File "/home/20250572/TabPFN-TS_for_Bike_Demand_Forecasting/.venv/lib/python3.12/site-packages/tabpfn_time_series/worker/parallel_workers/base.py", line 70, in _prediction_routine
    results = self.inference_routine(train_X, train_y, test_X, **kwargs)
              ^^^^^^^^^^^^^^^^^^^^^^^^^^^^^^^^^^^^^^^^^^^^^^^^^^^^^^^^^^
  File "/home/20250572/TabPFN-TS_for_Bike_Demand_Forecasting/.venv/lib/python3.12/site-packages/tabpfn_time_series/worker/model_adapters/base.py", line 110, in predict
    raw_pred_output = self._fit_and_predict(
                      ^^^^^^^^^^^^^^^^^^^^^^
  File "/home/20250572/TabPFN-TS_for_Bike_Demand_Forecasting/.venv/lib/python3.12/site-packages/tabpfn_time_series/worker/model_adapters/base.py", line 134, in _fit_and_predict
    model.fit(train_X, train_y, **fit_kwargs)
  File "/usr/local/anaconda3/lib/python3.12/contextlib.py", line 81, in inner
    return func(*args, **kwds)
           ^^^^^^^^^^^^^^^^^^^
  File "/home/20250572/TabPFN-TS_for_Bike_Demand_Forecasting/.venv/lib/python3.12/site-packages/tabpfn_common_utils/telemetry/core/decorators.py", line 320, in wrapper
    return _safe_call_with_telemetry(
           ^^^^^^^^^^^^^^^^^^^^^^^^^^
  File "/home/20250572/TabPFN-TS_for_Bike_Demand_Forecasting/.venv/lib/python3.12/site-packages/tabpfn_common_utils/telemetry/core/decorators.py", line 364, in _safe_call_with_telemetry
    result = func(*args, **kwargs)
             ^^^^^^^^^^^^^^^^^^^^^
  File "/home/20250572/TabPFN-TS_for_Bike_Demand_Forecasting/.venv/lib/python3.12/site-packages/tabpfn/regressor.py", line 825, in fit
    byte_size = self._initialize_model_variables()
                ^^^^^^^^^^^^^^^^^^^^^^^^^^^^^^^^^^
  File "/home/20250572/TabPFN-TS_for_Bike_Demand_Forecasting/.venv/lib/python3.12/site-packages/tabpfn/regressor.py", line 641, in _initialize_model_variables
    return initialize_model_variables_helper(self, self.estimator_type)
           ^^^^^^^^^^^^^^^^^^^^^^^^^^^^^^^^^^^^^^^^^^^^^^^^^^^^^^^^^^^^
  File "/home/20250572/TabPFN-TS_for_Bike_Demand_Forecasting/.venv/lib/python3.12/site-packages/tabpfn/base.py", line 386, in initialize_model_variables_helper
    initialize_tabpfn_model(
  File "/home/20250572/TabPFN-TS_for_Bike_Demand_Forecasting/.venv/lib/python3.12/site-packages/tabpfn/base.py", line 201, in initialize_tabpfn_model
    load_model_criterion_config(
  File "/home/20250572/TabPFN-TS_for_Bike_Demand_Forecasting/.venv/lib/python3.12/site-packages/tabpfn/model_loading.py", line 685, in load_model_criterion_config
    raise res[0]
  File "/home/20250572/TabPFN-TS_for_Bike_Demand_Forecasting/.venv/lib/python3.12/site-packages/tabpfn/model_loading.py", line 510, in _download_model
    ensure_license_accepted(hf_repo_id=_HF_REPOS[version])
  File "/home/20250572/TabPFN-TS_for_Bike_Demand_Forecasting/.venv/lib/python3.12/site-packages/tabpfn/browser_auth.py", line 621, in ensure_license_accepted
    raise TabPFNLicenseError(
tabpfn.errors.TabPFNLicenseError: TabPFN requires a one-time license acceptance to download
model weights for local inference, but no interactive terminal
is available.

To authenticate in a non-interactive environment:
  1. Open https://ux.priorlabs.ai in a browser and log in (or register)
  2. Accept the license on the Licenses tab
  3. Copy your API Key from https://ux.priorlabs.ai/account
  4. Set the environment variable: export TABPFN_TOKEN="<your-api-key>"
     or in Python (before calling .fit()): import os; os.environ["TABPFN_TOKEN"] = "<your-api-key>"

================================================================================
[2026-05-18 20:32:30] ERROR: Error in TabPFN_v3 h=6 fold=16: TabPFN requires a one-time license acceptance to download
model weights for local inference, but no interactive terminal
is available.

To authenticate in a non-interactive environment:
  1. Open https://ux.priorlabs.ai in a browser and log in (or register)
  2. Accept the license on the Licenses tab
  3. Copy your API Key from https://ux.priorlabs.ai/account
  4. Set the environment variable: export TABPFN_TOKEN="<your-api-key>"
     or in Python (before calling .fit()): import os; os.environ["TABPFN_TOKEN"] = "<your-api-key>"
================================================================================
Traceback (most recent call last):
  File "/home/20250572/TabPFN-TS_for_Bike_Demand_Forecasting/forecasting/run_experiments.py", line 185, in run_single_experiment
    y_pred = model.predict(horizon, X_test)
             ^^^^^^^^^^^^^^^^^^^^^^^^^^^^^^
  File "/home/20250572/TabPFN-TS_for_Bike_Demand_Forecasting/forecasting/models/tabpfn_pipeline_model.py", line 108, in predict
    pred_df = self.pipeline.predict_df(
              ^^^^^^^^^^^^^^^^^^^^^^^^^
  File "/home/20250572/TabPFN-TS_for_Bike_Demand_Forecasting/.venv/lib/python3.12/site-packages/tabpfn_time_series/pipeline.py", line 424, in predict_df
    pred = self.predict(context_tsdf, future_tsdf, quantiles=quantiles)
           ^^^^^^^^^^^^^^^^^^^^^^^^^^^^^^^^^^^^^^^^^^^^^^^^^^^^^^^^^^^^
  File "/home/20250572/TabPFN-TS_for_Bike_Demand_Forecasting/.venv/lib/python3.12/site-packages/tabpfn_time_series/pipeline.py", line 310, in predict
    return self.predictor.predict(
           ^^^^^^^^^^^^^^^^^^^^^^^
  File "/home/20250572/TabPFN-TS_for_Bike_Demand_Forecasting/.venv/lib/python3.12/site-packages/tabpfn_common_utils/telemetry/core/decorators.py", line 217, in wrapped
    return fn(*args, **kwargs)
           ^^^^^^^^^^^^^^^^^^^
  File "/home/20250572/TabPFN-TS_for_Bike_Demand_Forecasting/.venv/lib/python3.12/site-packages/tabpfn_time_series/predictor.py", line 128, in predict
    return self._worker.predict(
           ^^^^^^^^^^^^^^^^^^^^^
  File "/home/20250572/TabPFN-TS_for_Bike_Demand_Forecasting/.venv/lib/python3.12/site-packages/tabpfn_time_series/worker/parallel_workers/gpu_worker.py", line 62, in predict
    predictions = self._prediction_routine_per_gpu(
                  ^^^^^^^^^^^^^^^^^^^^^^^^^^^^^^^^^
  File "/home/20250572/TabPFN-TS_for_Bike_Demand_Forecasting/.venv/lib/python3.12/site-packages/tabpfn_time_series/worker/parallel_workers/gpu_worker.py", line 123, in _prediction_routine_per_gpu
    predictions = self._prediction_routine(
                  ^^^^^^^^^^^^^^^^^^^^^^^^^
  File "/home/20250572/TabPFN-TS_for_Bike_Demand_Forecasting/.venv/lib/python3.12/site-packages/tabpfn_time_series/worker/parallel_workers/base.py", line 70, in _prediction_routine
    results = self.inference_routine(train_X, train_y, test_X, **kwargs)
              ^^^^^^^^^^^^^^^^^^^^^^^^^^^^^^^^^^^^^^^^^^^^^^^^^^^^^^^^^^
  File "/home/20250572/TabPFN-TS_for_Bike_Demand_Forecasting/.venv/lib/python3.12/site-packages/tabpfn_time_series/worker/model_adapters/base.py", line 110, in predict
    raw_pred_output = self._fit_and_predict(
                      ^^^^^^^^^^^^^^^^^^^^^^
  File "/home/20250572/TabPFN-TS_for_Bike_Demand_Forecasting/.venv/lib/python3.12/site-packages/tabpfn_time_series/worker/model_adapters/base.py", line 134, in _fit_and_predict
    model.fit(train_X, train_y, **fit_kwargs)
  File "/usr/local/anaconda3/lib/python3.12/contextlib.py", line 81, in inner
    return func(*args, **kwds)
           ^^^^^^^^^^^^^^^^^^^
  File "/home/20250572/TabPFN-TS_for_Bike_Demand_Forecasting/.venv/lib/python3.12/site-packages/tabpfn_common_utils/telemetry/core/decorators.py", line 320, in wrapper
    return _safe_call_with_telemetry(
           ^^^^^^^^^^^^^^^^^^^^^^^^^^
  File "/home/20250572/TabPFN-TS_for_Bike_Demand_Forecasting/.venv/lib/python3.12/site-packages/tabpfn_common_utils/telemetry/core/decorators.py", line 364, in _safe_call_with_telemetry
    result = func(*args, **kwargs)
             ^^^^^^^^^^^^^^^^^^^^^
  File "/home/20250572/TabPFN-TS_for_Bike_Demand_Forecasting/.venv/lib/python3.12/site-packages/tabpfn/regressor.py", line 825, in fit
    byte_size = self._initialize_model_variables()
                ^^^^^^^^^^^^^^^^^^^^^^^^^^^^^^^^^^
  File "/home/20250572/TabPFN-TS_for_Bike_Demand_Forecasting/.venv/lib/python3.12/site-packages/tabpfn/regressor.py", line 641, in _initialize_model_variables
    return initialize_model_variables_helper(self, self.estimator_type)
           ^^^^^^^^^^^^^^^^^^^^^^^^^^^^^^^^^^^^^^^^^^^^^^^^^^^^^^^^^^^^
  File "/home/20250572/TabPFN-TS_for_Bike_Demand_Forecasting/.venv/lib/python3.12/site-packages/tabpfn/base.py", line 386, in initialize_model_variables_helper
    initialize_tabpfn_model(
  File "/home/20250572/TabPFN-TS_for_Bike_Demand_Forecasting/.venv/lib/python3.12/site-packages/tabpfn/base.py", line 201, in initialize_tabpfn_model
    load_model_criterion_config(
  File "/home/20250572/TabPFN-TS_for_Bike_Demand_Forecasting/.venv/lib/python3.12/site-packages/tabpfn/model_loading.py", line 685, in load_model_criterion_config
    raise res[0]
  File "/home/20250572/TabPFN-TS_for_Bike_Demand_Forecasting/.venv/lib/python3.12/site-packages/tabpfn/model_loading.py", line 510, in _download_model
    ensure_license_accepted(hf_repo_id=_HF_REPOS[version])
  File "/home/20250572/TabPFN-TS_for_Bike_Demand_Forecasting/.venv/lib/python3.12/site-packages/tabpfn/browser_auth.py", line 621, in ensure_license_accepted
    raise TabPFNLicenseError(
tabpfn.errors.TabPFNLicenseError: TabPFN requires a one-time license acceptance to download
model weights for local inference, but no interactive terminal
is available.

To authenticate in a non-interactive environment:
  1. Open https://ux.priorlabs.ai in a browser and log in (or register)
  2. Accept the license on the Licenses tab
  3. Copy your API Key from https://ux.priorlabs.ai/account
  4. Set the environment variable: export TABPFN_TOKEN="<your-api-key>"
     or in Python (before calling .fit()): import os; os.environ["TABPFN_TOKEN"] = "<your-api-key>"

================================================================================
[2026-05-18 20:32:30] ERROR: Error in TabPFN_v3 h=6 fold=17: TabPFN requires a one-time license acceptance to download
model weights for local inference, but no interactive terminal
is available.

To authenticate in a non-interactive environment:
  1. Open https://ux.priorlabs.ai in a browser and log in (or register)
  2. Accept the license on the Licenses tab
  3. Copy your API Key from https://ux.priorlabs.ai/account
  4. Set the environment variable: export TABPFN_TOKEN="<your-api-key>"
     or in Python (before calling .fit()): import os; os.environ["TABPFN_TOKEN"] = "<your-api-key>"
================================================================================
Traceback (most recent call last):
  File "/home/20250572/TabPFN-TS_for_Bike_Demand_Forecasting/forecasting/run_experiments.py", line 185, in run_single_experiment
    y_pred = model.predict(horizon, X_test)
             ^^^^^^^^^^^^^^^^^^^^^^^^^^^^^^
  File "/home/20250572/TabPFN-TS_for_Bike_Demand_Forecasting/forecasting/models/tabpfn_pipeline_model.py", line 108, in predict
    pred_df = self.pipeline.predict_df(
              ^^^^^^^^^^^^^^^^^^^^^^^^^
  File "/home/20250572/TabPFN-TS_for_Bike_Demand_Forecasting/.venv/lib/python3.12/site-packages/tabpfn_time_series/pipeline.py", line 424, in predict_df
    pred = self.predict(context_tsdf, future_tsdf, quantiles=quantiles)
           ^^^^^^^^^^^^^^^^^^^^^^^^^^^^^^^^^^^^^^^^^^^^^^^^^^^^^^^^^^^^
  File "/home/20250572/TabPFN-TS_for_Bike_Demand_Forecasting/.venv/lib/python3.12/site-packages/tabpfn_time_series/pipeline.py", line 310, in predict
    return self.predictor.predict(
           ^^^^^^^^^^^^^^^^^^^^^^^
  File "/home/20250572/TabPFN-TS_for_Bike_Demand_Forecasting/.venv/lib/python3.12/site-packages/tabpfn_common_utils/telemetry/core/decorators.py", line 217, in wrapped
    return fn(*args, **kwargs)
           ^^^^^^^^^^^^^^^^^^^
  File "/home/20250572/TabPFN-TS_for_Bike_Demand_Forecasting/.venv/lib/python3.12/site-packages/tabpfn_time_series/predictor.py", line 128, in predict
    return self._worker.predict(
           ^^^^^^^^^^^^^^^^^^^^^
  File "/home/20250572/TabPFN-TS_for_Bike_Demand_Forecasting/.venv/lib/python3.12/site-packages/tabpfn_time_series/worker/parallel_workers/gpu_worker.py", line 62, in predict
    predictions = self._prediction_routine_per_gpu(
                  ^^^^^^^^^^^^^^^^^^^^^^^^^^^^^^^^^
  File "/home/20250572/TabPFN-TS_for_Bike_Demand_Forecasting/.venv/lib/python3.12/site-packages/tabpfn_time_series/worker/parallel_workers/gpu_worker.py", line 123, in _prediction_routine_per_gpu
    predictions = self._prediction_routine(
                  ^^^^^^^^^^^^^^^^^^^^^^^^^
  File "/home/20250572/TabPFN-TS_for_Bike_Demand_Forecasting/.venv/lib/python3.12/site-packages/tabpfn_time_series/worker/parallel_workers/base.py", line 70, in _prediction_routine
    results = self.inference_routine(train_X, train_y, test_X, **kwargs)
              ^^^^^^^^^^^^^^^^^^^^^^^^^^^^^^^^^^^^^^^^^^^^^^^^^^^^^^^^^^
  File "/home/20250572/TabPFN-TS_for_Bike_Demand_Forecasting/.venv/lib/python3.12/site-packages/tabpfn_time_series/worker/model_adapters/base.py", line 110, in predict
    raw_pred_output = self._fit_and_predict(
                      ^^^^^^^^^^^^^^^^^^^^^^
  File "/home/20250572/TabPFN-TS_for_Bike_Demand_Forecasting/.venv/lib/python3.12/site-packages/tabpfn_time_series/worker/model_adapters/base.py", line 134, in _fit_and_predict
    model.fit(train_X, train_y, **fit_kwargs)
  File "/usr/local/anaconda3/lib/python3.12/contextlib.py", line 81, in inner
    return func(*args, **kwds)
           ^^^^^^^^^^^^^^^^^^^
  File "/home/20250572/TabPFN-TS_for_Bike_Demand_Forecasting/.venv/lib/python3.12/site-packages/tabpfn_common_utils/telemetry/core/decorators.py", line 320, in wrapper
    return _safe_call_with_telemetry(
           ^^^^^^^^^^^^^^^^^^^^^^^^^^
  File "/home/20250572/TabPFN-TS_for_Bike_Demand_Forecasting/.venv/lib/python3.12/site-packages/tabpfn_common_utils/telemetry/core/decorators.py", line 364, in _safe_call_with_telemetry
    result = func(*args, **kwargs)
             ^^^^^^^^^^^^^^^^^^^^^
  File "/home/20250572/TabPFN-TS_for_Bike_Demand_Forecasting/.venv/lib/python3.12/site-packages/tabpfn/regressor.py", line 825, in fit
    byte_size = self._initialize_model_variables()
                ^^^^^^^^^^^^^^^^^^^^^^^^^^^^^^^^^^
  File "/home/20250572/TabPFN-TS_for_Bike_Demand_Forecasting/.venv/lib/python3.12/site-packages/tabpfn/regressor.py", line 641, in _initialize_model_variables
    return initialize_model_variables_helper(self, self.estimator_type)
           ^^^^^^^^^^^^^^^^^^^^^^^^^^^^^^^^^^^^^^^^^^^^^^^^^^^^^^^^^^^^
  File "/home/20250572/TabPFN-TS_for_Bike_Demand_Forecasting/.venv/lib/python3.12/site-packages/tabpfn/base.py", line 386, in initialize_model_variables_helper
    initialize_tabpfn_model(
  File "/home/20250572/TabPFN-TS_for_Bike_Demand_Forecasting/.venv/lib/python3.12/site-packages/tabpfn/base.py", line 201, in initialize_tabpfn_model
    load_model_criterion_config(
  File "/home/20250572/TabPFN-TS_for_Bike_Demand_Forecasting/.venv/lib/python3.12/site-packages/tabpfn/model_loading.py", line 685, in load_model_criterion_config
    raise res[0]
  File "/home/20250572/TabPFN-TS_for_Bike_Demand_Forecasting/.venv/lib/python3.12/site-packages/tabpfn/model_loading.py", line 510, in _download_model
    ensure_license_accepted(hf_repo_id=_HF_REPOS[version])
  File "/home/20250572/TabPFN-TS_for_Bike_Demand_Forecasting/.venv/lib/python3.12/site-packages/tabpfn/browser_auth.py", line 621, in ensure_license_accepted
    raise TabPFNLicenseError(
tabpfn.errors.TabPFNLicenseError: TabPFN requires a one-time license acceptance to download
model weights for local inference, but no interactive terminal
is available.

To authenticate in a non-interactive environment:
  1. Open https://ux.priorlabs.ai in a browser and log in (or register)
  2. Accept the license on the Licenses tab
  3. Copy your API Key from https://ux.priorlabs.ai/account
  4. Set the environment variable: export TABPFN_TOKEN="<your-api-key>"
     or in Python (before calling .fit()): import os; os.environ["TABPFN_TOKEN"] = "<your-api-key>"

================================================================================
[2026-05-18 20:32:31] ERROR: Error in TabPFN_v3 h=6 fold=18: TabPFN requires a one-time license acceptance to download
model weights for local inference, but no interactive terminal
is available.

To authenticate in a non-interactive environment:
  1. Open https://ux.priorlabs.ai in a browser and log in (or register)
  2. Accept the license on the Licenses tab
  3. Copy your API Key from https://ux.priorlabs.ai/account
  4. Set the environment variable: export TABPFN_TOKEN="<your-api-key>"
     or in Python (before calling .fit()): import os; os.environ["TABPFN_TOKEN"] = "<your-api-key>"
================================================================================
Traceback (most recent call last):
  File "/home/20250572/TabPFN-TS_for_Bike_Demand_Forecasting/forecasting/run_experiments.py", line 185, in run_single_experiment
    y_pred = model.predict(horizon, X_test)
             ^^^^^^^^^^^^^^^^^^^^^^^^^^^^^^
  File "/home/20250572/TabPFN-TS_for_Bike_Demand_Forecasting/forecasting/models/tabpfn_pipeline_model.py", line 108, in predict
    pred_df = self.pipeline.predict_df(
              ^^^^^^^^^^^^^^^^^^^^^^^^^
  File "/home/20250572/TabPFN-TS_for_Bike_Demand_Forecasting/.venv/lib/python3.12/site-packages/tabpfn_time_series/pipeline.py", line 424, in predict_df
    pred = self.predict(context_tsdf, future_tsdf, quantiles=quantiles)
           ^^^^^^^^^^^^^^^^^^^^^^^^^^^^^^^^^^^^^^^^^^^^^^^^^^^^^^^^^^^^
  File "/home/20250572/TabPFN-TS_for_Bike_Demand_Forecasting/.venv/lib/python3.12/site-packages/tabpfn_time_series/pipeline.py", line 310, in predict
    return self.predictor.predict(
           ^^^^^^^^^^^^^^^^^^^^^^^
  File "/home/20250572/TabPFN-TS_for_Bike_Demand_Forecasting/.venv/lib/python3.12/site-packages/tabpfn_common_utils/telemetry/core/decorators.py", line 217, in wrapped
    return fn(*args, **kwargs)
           ^^^^^^^^^^^^^^^^^^^
  File "/home/20250572/TabPFN-TS_for_Bike_Demand_Forecasting/.venv/lib/python3.12/site-packages/tabpfn_time_series/predictor.py", line 128, in predict
    return self._worker.predict(
           ^^^^^^^^^^^^^^^^^^^^^
  File "/home/20250572/TabPFN-TS_for_Bike_Demand_Forecasting/.venv/lib/python3.12/site-packages/tabpfn_time_series/worker/parallel_workers/gpu_worker.py", line 62, in predict
    predictions = self._prediction_routine_per_gpu(
                  ^^^^^^^^^^^^^^^^^^^^^^^^^^^^^^^^^
  File "/home/20250572/TabPFN-TS_for_Bike_Demand_Forecasting/.venv/lib/python3.12/site-packages/tabpfn_time_series/worker/parallel_workers/gpu_worker.py", line 123, in _prediction_routine_per_gpu
    predictions = self._prediction_routine(
                  ^^^^^^^^^^^^^^^^^^^^^^^^^
  File "/home/20250572/TabPFN-TS_for_Bike_Demand_Forecasting/.venv/lib/python3.12/site-packages/tabpfn_time_series/worker/parallel_workers/base.py", line 70, in _prediction_routine
    results = self.inference_routine(train_X, train_y, test_X, **kwargs)
              ^^^^^^^^^^^^^^^^^^^^^^^^^^^^^^^^^^^^^^^^^^^^^^^^^^^^^^^^^^
  File "/home/20250572/TabPFN-TS_for_Bike_Demand_Forecasting/.venv/lib/python3.12/site-packages/tabpfn_time_series/worker/model_adapters/base.py", line 110, in predict
    raw_pred_output = self._fit_and_predict(
                      ^^^^^^^^^^^^^^^^^^^^^^
  File "/home/20250572/TabPFN-TS_for_Bike_Demand_Forecasting/.venv/lib/python3.12/site-packages/tabpfn_time_series/worker/model_adapters/base.py", line 134, in _fit_and_predict
    model.fit(train_X, train_y, **fit_kwargs)
  File "/usr/local/anaconda3/lib/python3.12/contextlib.py", line 81, in inner
    return func(*args, **kwds)
           ^^^^^^^^^^^^^^^^^^^
  File "/home/20250572/TabPFN-TS_for_Bike_Demand_Forecasting/.venv/lib/python3.12/site-packages/tabpfn_common_utils/telemetry/core/decorators.py", line 320, in wrapper
    return _safe_call_with_telemetry(
           ^^^^^^^^^^^^^^^^^^^^^^^^^^
  File "/home/20250572/TabPFN-TS_for_Bike_Demand_Forecasting/.venv/lib/python3.12/site-packages/tabpfn_common_utils/telemetry/core/decorators.py", line 364, in _safe_call_with_telemetry
    result = func(*args, **kwargs)
             ^^^^^^^^^^^^^^^^^^^^^
  File "/home/20250572/TabPFN-TS_for_Bike_Demand_Forecasting/.venv/lib/python3.12/site-packages/tabpfn/regressor.py", line 825, in fit
    byte_size = self._initialize_model_variables()
                ^^^^^^^^^^^^^^^^^^^^^^^^^^^^^^^^^^
  File "/home/20250572/TabPFN-TS_for_Bike_Demand_Forecasting/.venv/lib/python3.12/site-packages/tabpfn/regressor.py", line 641, in _initialize_model_variables
    return initialize_model_variables_helper(self, self.estimator_type)
           ^^^^^^^^^^^^^^^^^^^^^^^^^^^^^^^^^^^^^^^^^^^^^^^^^^^^^^^^^^^^
  File "/home/20250572/TabPFN-TS_for_Bike_Demand_Forecasting/.venv/lib/python3.12/site-packages/tabpfn/base.py", line 386, in initialize_model_variables_helper
    initialize_tabpfn_model(
  File "/home/20250572/TabPFN-TS_for_Bike_Demand_Forecasting/.venv/lib/python3.12/site-packages/tabpfn/base.py", line 201, in initialize_tabpfn_model
    load_model_criterion_config(
  File "/home/20250572/TabPFN-TS_for_Bike_Demand_Forecasting/.venv/lib/python3.12/site-packages/tabpfn/model_loading.py", line 685, in load_model_criterion_config
    raise res[0]
  File "/home/20250572/TabPFN-TS_for_Bike_Demand_Forecasting/.venv/lib/python3.12/site-packages/tabpfn/model_loading.py", line 510, in _download_model
    ensure_license_accepted(hf_repo_id=_HF_REPOS[version])
  File "/home/20250572/TabPFN-TS_for_Bike_Demand_Forecasting/.venv/lib/python3.12/site-packages/tabpfn/browser_auth.py", line 621, in ensure_license_accepted
    raise TabPFNLicenseError(
tabpfn.errors.TabPFNLicenseError: TabPFN requires a one-time license acceptance to download
model weights for local inference, but no interactive terminal
is available.

To authenticate in a non-interactive environment:
  1. Open https://ux.priorlabs.ai in a browser and log in (or register)
  2. Accept the license on the Licenses tab
  3. Copy your API Key from https://ux.priorlabs.ai/account
  4. Set the environment variable: export TABPFN_TOKEN="<your-api-key>"
     or in Python (before calling .fit()): import os; os.environ["TABPFN_TOKEN"] = "<your-api-key>"

================================================================================
[2026-05-18 20:32:31] ERROR: Error in TabPFN_v3 h=6 fold=19: TabPFN requires a one-time license acceptance to download
model weights for local inference, but no interactive terminal
is available.

To authenticate in a non-interactive environment:
  1. Open https://ux.priorlabs.ai in a browser and log in (or register)
  2. Accept the license on the Licenses tab
  3. Copy your API Key from https://ux.priorlabs.ai/account
  4. Set the environment variable: export TABPFN_TOKEN="<your-api-key>"
     or in Python (before calling .fit()): import os; os.environ["TABPFN_TOKEN"] = "<your-api-key>"
================================================================================
Traceback (most recent call last):
  File "/home/20250572/TabPFN-TS_for_Bike_Demand_Forecasting/forecasting/run_experiments.py", line 185, in run_single_experiment
    y_pred = model.predict(horizon, X_test)
             ^^^^^^^^^^^^^^^^^^^^^^^^^^^^^^
  File "/home/20250572/TabPFN-TS_for_Bike_Demand_Forecasting/forecasting/models/tabpfn_pipeline_model.py", line 108, in predict
    pred_df = self.pipeline.predict_df(
              ^^^^^^^^^^^^^^^^^^^^^^^^^
  File "/home/20250572/TabPFN-TS_for_Bike_Demand_Forecasting/.venv/lib/python3.12/site-packages/tabpfn_time_series/pipeline.py", line 424, in predict_df
    pred = self.predict(context_tsdf, future_tsdf, quantiles=quantiles)
           ^^^^^^^^^^^^^^^^^^^^^^^^^^^^^^^^^^^^^^^^^^^^^^^^^^^^^^^^^^^^
  File "/home/20250572/TabPFN-TS_for_Bike_Demand_Forecasting/.venv/lib/python3.12/site-packages/tabpfn_time_series/pipeline.py", line 310, in predict
    return self.predictor.predict(
           ^^^^^^^^^^^^^^^^^^^^^^^
  File "/home/20250572/TabPFN-TS_for_Bike_Demand_Forecasting/.venv/lib/python3.12/site-packages/tabpfn_common_utils/telemetry/core/decorators.py", line 217, in wrapped
    return fn(*args, **kwargs)
           ^^^^^^^^^^^^^^^^^^^
  File "/home/20250572/TabPFN-TS_for_Bike_Demand_Forecasting/.venv/lib/python3.12/site-packages/tabpfn_time_series/predictor.py", line 128, in predict
    return self._worker.predict(
           ^^^^^^^^^^^^^^^^^^^^^
  File "/home/20250572/TabPFN-TS_for_Bike_Demand_Forecasting/.venv/lib/python3.12/site-packages/tabpfn_time_series/worker/parallel_workers/gpu_worker.py", line 62, in predict
    predictions = self._prediction_routine_per_gpu(
                  ^^^^^^^^^^^^^^^^^^^^^^^^^^^^^^^^^
  File "/home/20250572/TabPFN-TS_for_Bike_Demand_Forecasting/.venv/lib/python3.12/site-packages/tabpfn_time_series/worker/parallel_workers/gpu_worker.py", line 123, in _prediction_routine_per_gpu
    predictions = self._prediction_routine(
                  ^^^^^^^^^^^^^^^^^^^^^^^^^
  File "/home/20250572/TabPFN-TS_for_Bike_Demand_Forecasting/.venv/lib/python3.12/site-packages/tabpfn_time_series/worker/parallel_workers/base.py", line 70, in _prediction_routine
    results = self.inference_routine(train_X, train_y, test_X, **kwargs)
              ^^^^^^^^^^^^^^^^^^^^^^^^^^^^^^^^^^^^^^^^^^^^^^^^^^^^^^^^^^
  File "/home/20250572/TabPFN-TS_for_Bike_Demand_Forecasting/.venv/lib/python3.12/site-packages/tabpfn_time_series/worker/model_adapters/base.py", line 110, in predict
    raw_pred_output = self._fit_and_predict(
                      ^^^^^^^^^^^^^^^^^^^^^^
  File "/home/20250572/TabPFN-TS_for_Bike_Demand_Forecasting/.venv/lib/python3.12/site-packages/tabpfn_time_series/worker/model_adapters/base.py", line 134, in _fit_and_predict
    model.fit(train_X, train_y, **fit_kwargs)
  File "/usr/local/anaconda3/lib/python3.12/contextlib.py", line 81, in inner
    return func(*args, **kwds)
           ^^^^^^^^^^^^^^^^^^^
  File "/home/20250572/TabPFN-TS_for_Bike_Demand_Forecasting/.venv/lib/python3.12/site-packages/tabpfn_common_utils/telemetry/core/decorators.py", line 320, in wrapper
    return _safe_call_with_telemetry(
           ^^^^^^^^^^^^^^^^^^^^^^^^^^
  File "/home/20250572/TabPFN-TS_for_Bike_Demand_Forecasting/.venv/lib/python3.12/site-packages/tabpfn_common_utils/telemetry/core/decorators.py", line 364, in _safe_call_with_telemetry
    result = func(*args, **kwargs)
             ^^^^^^^^^^^^^^^^^^^^^
  File "/home/20250572/TabPFN-TS_for_Bike_Demand_Forecasting/.venv/lib/python3.12/site-packages/tabpfn/regressor.py", line 825, in fit
    byte_size = self._initialize_model_variables()
                ^^^^^^^^^^^^^^^^^^^^^^^^^^^^^^^^^^
  File "/home/20250572/TabPFN-TS_for_Bike_Demand_Forecasting/.venv/lib/python3.12/site-packages/tabpfn/regressor.py", line 641, in _initialize_model_variables
    return initialize_model_variables_helper(self, self.estimator_type)
           ^^^^^^^^^^^^^^^^^^^^^^^^^^^^^^^^^^^^^^^^^^^^^^^^^^^^^^^^^^^^
  File "/home/20250572/TabPFN-TS_for_Bike_Demand_Forecasting/.venv/lib/python3.12/site-packages/tabpfn/base.py", line 386, in initialize_model_variables_helper
    initialize_tabpfn_model(
  File "/home/20250572/TabPFN-TS_for_Bike_Demand_Forecasting/.venv/lib/python3.12/site-packages/tabpfn/base.py", line 201, in initialize_tabpfn_model
    load_model_criterion_config(
  File "/home/20250572/TabPFN-TS_for_Bike_Demand_Forecasting/.venv/lib/python3.12/site-packages/tabpfn/model_loading.py", line 685, in load_model_criterion_config
    raise res[0]
  File "/home/20250572/TabPFN-TS_for_Bike_Demand_Forecasting/.venv/lib/python3.12/site-packages/tabpfn/model_loading.py", line 510, in _download_model
    ensure_license_accepted(hf_repo_id=_HF_REPOS[version])
  File "/home/20250572/TabPFN-TS_for_Bike_Demand_Forecasting/.venv/lib/python3.12/site-packages/tabpfn/browser_auth.py", line 621, in ensure_license_accepted
    raise TabPFNLicenseError(
tabpfn.errors.TabPFNLicenseError: TabPFN requires a one-time license acceptance to download
model weights for local inference, but no interactive terminal
is available.

To authenticate in a non-interactive environment:
  1. Open https://ux.priorlabs.ai in a browser and log in (or register)
  2. Accept the license on the Licenses tab
  3. Copy your API Key from https://ux.priorlabs.ai/account
  4. Set the environment variable: export TABPFN_TOKEN="<your-api-key>"
     or in Python (before calling .fit()): import os; os.environ["TABPFN_TOKEN"] = "<your-api-key>"

================================================================================
[2026-05-18 20:32:32] ERROR: Error in TabPFN_v3 h=6 fold=20: TabPFN requires a one-time license acceptance to download
model weights for local inference, but no interactive terminal
is available.

To authenticate in a non-interactive environment:
  1. Open https://ux.priorlabs.ai in a browser and log in (or register)
  2. Accept the license on the Licenses tab
  3. Copy your API Key from https://ux.priorlabs.ai/account
  4. Set the environment variable: export TABPFN_TOKEN="<your-api-key>"
     or in Python (before calling .fit()): import os; os.environ["TABPFN_TOKEN"] = "<your-api-key>"
================================================================================
Traceback (most recent call last):
  File "/home/20250572/TabPFN-TS_for_Bike_Demand_Forecasting/forecasting/run_experiments.py", line 185, in run_single_experiment
    y_pred = model.predict(horizon, X_test)
             ^^^^^^^^^^^^^^^^^^^^^^^^^^^^^^
  File "/home/20250572/TabPFN-TS_for_Bike_Demand_Forecasting/forecasting/models/tabpfn_pipeline_model.py", line 108, in predict
    pred_df = self.pipeline.predict_df(
              ^^^^^^^^^^^^^^^^^^^^^^^^^
  File "/home/20250572/TabPFN-TS_for_Bike_Demand_Forecasting/.venv/lib/python3.12/site-packages/tabpfn_time_series/pipeline.py", line 424, in predict_df
    pred = self.predict(context_tsdf, future_tsdf, quantiles=quantiles)
           ^^^^^^^^^^^^^^^^^^^^^^^^^^^^^^^^^^^^^^^^^^^^^^^^^^^^^^^^^^^^
  File "/home/20250572/TabPFN-TS_for_Bike_Demand_Forecasting/.venv/lib/python3.12/site-packages/tabpfn_time_series/pipeline.py", line 310, in predict
    return self.predictor.predict(
           ^^^^^^^^^^^^^^^^^^^^^^^
  File "/home/20250572/TabPFN-TS_for_Bike_Demand_Forecasting/.venv/lib/python3.12/site-packages/tabpfn_common_utils/telemetry/core/decorators.py", line 217, in wrapped
    return fn(*args, **kwargs)
           ^^^^^^^^^^^^^^^^^^^
  File "/home/20250572/TabPFN-TS_for_Bike_Demand_Forecasting/.venv/lib/python3.12/site-packages/tabpfn_time_series/predictor.py", line 128, in predict
    return self._worker.predict(
           ^^^^^^^^^^^^^^^^^^^^^
  File "/home/20250572/TabPFN-TS_for_Bike_Demand_Forecasting/.venv/lib/python3.12/site-packages/tabpfn_time_series/worker/parallel_workers/gpu_worker.py", line 62, in predict
    predictions = self._prediction_routine_per_gpu(
                  ^^^^^^^^^^^^^^^^^^^^^^^^^^^^^^^^^
  File "/home/20250572/TabPFN-TS_for_Bike_Demand_Forecasting/.venv/lib/python3.12/site-packages/tabpfn_time_series/worker/parallel_workers/gpu_worker.py", line 123, in _prediction_routine_per_gpu
    predictions = self._prediction_routine(
                  ^^^^^^^^^^^^^^^^^^^^^^^^^
  File "/home/20250572/TabPFN-TS_for_Bike_Demand_Forecasting/.venv/lib/python3.12/site-packages/tabpfn_time_series/worker/parallel_workers/base.py", line 70, in _prediction_routine
    results = self.inference_routine(train_X, train_y, test_X, **kwargs)
              ^^^^^^^^^^^^^^^^^^^^^^^^^^^^^^^^^^^^^^^^^^^^^^^^^^^^^^^^^^
  File "/home/20250572/TabPFN-TS_for_Bike_Demand_Forecasting/.venv/lib/python3.12/site-packages/tabpfn_time_series/worker/model_adapters/base.py", line 110, in predict
    raw_pred_output = self._fit_and_predict(
                      ^^^^^^^^^^^^^^^^^^^^^^
  File "/home/20250572/TabPFN-TS_for_Bike_Demand_Forecasting/.venv/lib/python3.12/site-packages/tabpfn_time_series/worker/model_adapters/base.py", line 134, in _fit_and_predict
    model.fit(train_X, train_y, **fit_kwargs)
  File "/usr/local/anaconda3/lib/python3.12/contextlib.py", line 81, in inner
    return func(*args, **kwds)
           ^^^^^^^^^^^^^^^^^^^
  File "/home/20250572/TabPFN-TS_for_Bike_Demand_Forecasting/.venv/lib/python3.12/site-packages/tabpfn_common_utils/telemetry/core/decorators.py", line 320, in wrapper
    return _safe_call_with_telemetry(
           ^^^^^^^^^^^^^^^^^^^^^^^^^^
  File "/home/20250572/TabPFN-TS_for_Bike_Demand_Forecasting/.venv/lib/python3.12/site-packages/tabpfn_common_utils/telemetry/core/decorators.py", line 364, in _safe_call_with_telemetry
    result = func(*args, **kwargs)
             ^^^^^^^^^^^^^^^^^^^^^
  File "/home/20250572/TabPFN-TS_for_Bike_Demand_Forecasting/.venv/lib/python3.12/site-packages/tabpfn/regressor.py", line 825, in fit
    byte_size = self._initialize_model_variables()
                ^^^^^^^^^^^^^^^^^^^^^^^^^^^^^^^^^^
  File "/home/20250572/TabPFN-TS_for_Bike_Demand_Forecasting/.venv/lib/python3.12/site-packages/tabpfn/regressor.py", line 641, in _initialize_model_variables
    return initialize_model_variables_helper(self, self.estimator_type)
           ^^^^^^^^^^^^^^^^^^^^^^^^^^^^^^^^^^^^^^^^^^^^^^^^^^^^^^^^^^^^
  File "/home/20250572/TabPFN-TS_for_Bike_Demand_Forecasting/.venv/lib/python3.12/site-packages/tabpfn/base.py", line 386, in initialize_model_variables_helper
    initialize_tabpfn_model(
  File "/home/20250572/TabPFN-TS_for_Bike_Demand_Forecasting/.venv/lib/python3.12/site-packages/tabpfn/base.py", line 201, in initialize_tabpfn_model
    load_model_criterion_config(
  File "/home/20250572/TabPFN-TS_for_Bike_Demand_Forecasting/.venv/lib/python3.12/site-packages/tabpfn/model_loading.py", line 685, in load_model_criterion_config
    raise res[0]
  File "/home/20250572/TabPFN-TS_for_Bike_Demand_Forecasting/.venv/lib/python3.12/site-packages/tabpfn/model_loading.py", line 510, in _download_model
    ensure_license_accepted(hf_repo_id=_HF_REPOS[version])
  File "/home/20250572/TabPFN-TS_for_Bike_Demand_Forecasting/.venv/lib/python3.12/site-packages/tabpfn/browser_auth.py", line 621, in ensure_license_accepted
    raise TabPFNLicenseError(
tabpfn.errors.TabPFNLicenseError: TabPFN requires a one-time license acceptance to download
model weights for local inference, but no interactive terminal
is available.

To authenticate in a non-interactive environment:
  1. Open https://ux.priorlabs.ai in a browser and log in (or register)
  2. Accept the license on the Licenses tab
  3. Copy your API Key from https://ux.priorlabs.ai/account
  4. Set the environment variable: export TABPFN_TOKEN="<your-api-key>"
     or in Python (before calling .fit()): import os; os.environ["TABPFN_TOKEN"] = "<your-api-key>"

================================================================================
[2026-05-18 20:32:32] ERROR: Error in TabPFN_v3 h=6 fold=21: TabPFN requires a one-time license acceptance to download
model weights for local inference, but no interactive terminal
is available.

To authenticate in a non-interactive environment:
  1. Open https://ux.priorlabs.ai in a browser and log in (or register)
  2. Accept the license on the Licenses tab
  3. Copy your API Key from https://ux.priorlabs.ai/account
  4. Set the environment variable: export TABPFN_TOKEN="<your-api-key>"
     or in Python (before calling .fit()): import os; os.environ["TABPFN_TOKEN"] = "<your-api-key>"
================================================================================
Traceback (most recent call last):
  File "/home/20250572/TabPFN-TS_for_Bike_Demand_Forecasting/forecasting/run_experiments.py", line 185, in run_single_experiment
    y_pred = model.predict(horizon, X_test)
             ^^^^^^^^^^^^^^^^^^^^^^^^^^^^^^
  File "/home/20250572/TabPFN-TS_for_Bike_Demand_Forecasting/forecasting/models/tabpfn_pipeline_model.py", line 108, in predict
    pred_df = self.pipeline.predict_df(
              ^^^^^^^^^^^^^^^^^^^^^^^^^
  File "/home/20250572/TabPFN-TS_for_Bike_Demand_Forecasting/.venv/lib/python3.12/site-packages/tabpfn_time_series/pipeline.py", line 424, in predict_df
    pred = self.predict(context_tsdf, future_tsdf, quantiles=quantiles)
           ^^^^^^^^^^^^^^^^^^^^^^^^^^^^^^^^^^^^^^^^^^^^^^^^^^^^^^^^^^^^
  File "/home/20250572/TabPFN-TS_for_Bike_Demand_Forecasting/.venv/lib/python3.12/site-packages/tabpfn_time_series/pipeline.py", line 310, in predict
    return self.predictor.predict(
           ^^^^^^^^^^^^^^^^^^^^^^^
  File "/home/20250572/TabPFN-TS_for_Bike_Demand_Forecasting/.venv/lib/python3.12/site-packages/tabpfn_common_utils/telemetry/core/decorators.py", line 217, in wrapped
    return fn(*args, **kwargs)
           ^^^^^^^^^^^^^^^^^^^
  File "/home/20250572/TabPFN-TS_for_Bike_Demand_Forecasting/.venv/lib/python3.12/site-packages/tabpfn_time_series/predictor.py", line 128, in predict
    return self._worker.predict(
           ^^^^^^^^^^^^^^^^^^^^^
  File "/home/20250572/TabPFN-TS_for_Bike_Demand_Forecasting/.venv/lib/python3.12/site-packages/tabpfn_time_series/worker/parallel_workers/gpu_worker.py", line 62, in predict
    predictions = self._prediction_routine_per_gpu(
                  ^^^^^^^^^^^^^^^^^^^^^^^^^^^^^^^^^
  File "/home/20250572/TabPFN-TS_for_Bike_Demand_Forecasting/.venv/lib/python3.12/site-packages/tabpfn_time_series/worker/parallel_workers/gpu_worker.py", line 123, in _prediction_routine_per_gpu
    predictions = self._prediction_routine(
                  ^^^^^^^^^^^^^^^^^^^^^^^^^
  File "/home/20250572/TabPFN-TS_for_Bike_Demand_Forecasting/.venv/lib/python3.12/site-packages/tabpfn_time_series/worker/parallel_workers/base.py", line 70, in _prediction_routine
    results = self.inference_routine(train_X, train_y, test_X, **kwargs)
              ^^^^^^^^^^^^^^^^^^^^^^^^^^^^^^^^^^^^^^^^^^^^^^^^^^^^^^^^^^
  File "/home/20250572/TabPFN-TS_for_Bike_Demand_Forecasting/.venv/lib/python3.12/site-packages/tabpfn_time_series/worker/model_adapters/base.py", line 110, in predict
    raw_pred_output = self._fit_and_predict(
                      ^^^^^^^^^^^^^^^^^^^^^^
  File "/home/20250572/TabPFN-TS_for_Bike_Demand_Forecasting/.venv/lib/python3.12/site-packages/tabpfn_time_series/worker/model_adapters/base.py", line 134, in _fit_and_predict
    model.fit(train_X, train_y, **fit_kwargs)
  File "/usr/local/anaconda3/lib/python3.12/contextlib.py", line 81, in inner
    return func(*args, **kwds)
           ^^^^^^^^^^^^^^^^^^^
  File "/home/20250572/TabPFN-TS_for_Bike_Demand_Forecasting/.venv/lib/python3.12/site-packages/tabpfn_common_utils/telemetry/core/decorators.py", line 320, in wrapper
    return _safe_call_with_telemetry(
           ^^^^^^^^^^^^^^^^^^^^^^^^^^
  File "/home/20250572/TabPFN-TS_for_Bike_Demand_Forecasting/.venv/lib/python3.12/site-packages/tabpfn_common_utils/telemetry/core/decorators.py", line 364, in _safe_call_with_telemetry
    result = func(*args, **kwargs)
             ^^^^^^^^^^^^^^^^^^^^^
  File "/home/20250572/TabPFN-TS_for_Bike_Demand_Forecasting/.venv/lib/python3.12/site-packages/tabpfn/regressor.py", line 825, in fit
    byte_size = self._initialize_model_variables()
                ^^^^^^^^^^^^^^^^^^^^^^^^^^^^^^^^^^
  File "/home/20250572/TabPFN-TS_for_Bike_Demand_Forecasting/.venv/lib/python3.12/site-packages/tabpfn/regressor.py", line 641, in _initialize_model_variables
    return initialize_model_variables_helper(self, self.estimator_type)
           ^^^^^^^^^^^^^^^^^^^^^^^^^^^^^^^^^^^^^^^^^^^^^^^^^^^^^^^^^^^^
  File "/home/20250572/TabPFN-TS_for_Bike_Demand_Forecasting/.venv/lib/python3.12/site-packages/tabpfn/base.py", line 386, in initialize_model_variables_helper
    initialize_tabpfn_model(
  File "/home/20250572/TabPFN-TS_for_Bike_Demand_Forecasting/.venv/lib/python3.12/site-packages/tabpfn/base.py", line 201, in initialize_tabpfn_model
    load_model_criterion_config(
  File "/home/20250572/TabPFN-TS_for_Bike_Demand_Forecasting/.venv/lib/python3.12/site-packages/tabpfn/model_loading.py", line 685, in load_model_criterion_config
    raise res[0]
  File "/home/20250572/TabPFN-TS_for_Bike_Demand_Forecasting/.venv/lib/python3.12/site-packages/tabpfn/model_loading.py", line 510, in _download_model
    ensure_license_accepted(hf_repo_id=_HF_REPOS[version])
  File "/home/20250572/TabPFN-TS_for_Bike_Demand_Forecasting/.venv/lib/python3.12/site-packages/tabpfn/browser_auth.py", line 621, in ensure_license_accepted
    raise TabPFNLicenseError(
tabpfn.errors.TabPFNLicenseError: TabPFN requires a one-time license acceptance to download
model weights for local inference, but no interactive terminal
is available.

To authenticate in a non-interactive environment:
  1. Open https://ux.priorlabs.ai in a browser and log in (or register)
  2. Accept the license on the Licenses tab
  3. Copy your API Key from https://ux.priorlabs.ai/account
  4. Set the environment variable: export TABPFN_TOKEN="<your-api-key>"
     or in Python (before calling .fit()): import os; os.environ["TABPFN_TOKEN"] = "<your-api-key>"

================================================================================
[2026-05-18 20:32:33] ERROR: Error in TabPFN_v3 h=6 fold=22: TabPFN requires a one-time license acceptance to download
model weights for local inference, but no interactive terminal
is available.

To authenticate in a non-interactive environment:
  1. Open https://ux.priorlabs.ai in a browser and log in (or register)
  2. Accept the license on the Licenses tab
  3. Copy your API Key from https://ux.priorlabs.ai/account
  4. Set the environment variable: export TABPFN_TOKEN="<your-api-key>"
     or in Python (before calling .fit()): import os; os.environ["TABPFN_TOKEN"] = "<your-api-key>"
================================================================================
Traceback (most recent call last):
  File "/home/20250572/TabPFN-TS_for_Bike_Demand_Forecasting/forecasting/run_experiments.py", line 185, in run_single_experiment
    y_pred = model.predict(horizon, X_test)
             ^^^^^^^^^^^^^^^^^^^^^^^^^^^^^^
  File "/home/20250572/TabPFN-TS_for_Bike_Demand_Forecasting/forecasting/models/tabpfn_pipeline_model.py", line 108, in predict
    pred_df = self.pipeline.predict_df(
              ^^^^^^^^^^^^^^^^^^^^^^^^^
  File "/home/20250572/TabPFN-TS_for_Bike_Demand_Forecasting/.venv/lib/python3.12/site-packages/tabpfn_time_series/pipeline.py", line 424, in predict_df
    pred = self.predict(context_tsdf, future_tsdf, quantiles=quantiles)
           ^^^^^^^^^^^^^^^^^^^^^^^^^^^^^^^^^^^^^^^^^^^^^^^^^^^^^^^^^^^^
  File "/home/20250572/TabPFN-TS_for_Bike_Demand_Forecasting/.venv/lib/python3.12/site-packages/tabpfn_time_series/pipeline.py", line 310, in predict
    return self.predictor.predict(
           ^^^^^^^^^^^^^^^^^^^^^^^
  File "/home/20250572/TabPFN-TS_for_Bike_Demand_Forecasting/.venv/lib/python3.12/site-packages/tabpfn_common_utils/telemetry/core/decorators.py", line 217, in wrapped
    return fn(*args, **kwargs)
           ^^^^^^^^^^^^^^^^^^^
  File "/home/20250572/TabPFN-TS_for_Bike_Demand_Forecasting/.venv/lib/python3.12/site-packages/tabpfn_time_series/predictor.py", line 128, in predict
    return self._worker.predict(
           ^^^^^^^^^^^^^^^^^^^^^
  File "/home/20250572/TabPFN-TS_for_Bike_Demand_Forecasting/.venv/lib/python3.12/site-packages/tabpfn_time_series/worker/parallel_workers/gpu_worker.py", line 62, in predict
    predictions = self._prediction_routine_per_gpu(
                  ^^^^^^^^^^^^^^^^^^^^^^^^^^^^^^^^^
  File "/home/20250572/TabPFN-TS_for_Bike_Demand_Forecasting/.venv/lib/python3.12/site-packages/tabpfn_time_series/worker/parallel_workers/gpu_worker.py", line 123, in _prediction_routine_per_gpu
    predictions = self._prediction_routine(
                  ^^^^^^^^^^^^^^^^^^^^^^^^^
  File "/home/20250572/TabPFN-TS_for_Bike_Demand_Forecasting/.venv/lib/python3.12/site-packages/tabpfn_time_series/worker/parallel_workers/base.py", line 70, in _prediction_routine
    results = self.inference_routine(train_X, train_y, test_X, **kwargs)
              ^^^^^^^^^^^^^^^^^^^^^^^^^^^^^^^^^^^^^^^^^^^^^^^^^^^^^^^^^^
  File "/home/20250572/TabPFN-TS_for_Bike_Demand_Forecasting/.venv/lib/python3.12/site-packages/tabpfn_time_series/worker/model_adapters/base.py", line 110, in predict
    raw_pred_output = self._fit_and_predict(
                      ^^^^^^^^^^^^^^^^^^^^^^
  File "/home/20250572/TabPFN-TS_for_Bike_Demand_Forecasting/.venv/lib/python3.12/site-packages/tabpfn_time_series/worker/model_adapters/base.py", line 134, in _fit_and_predict
    model.fit(train_X, train_y, **fit_kwargs)
  File "/usr/local/anaconda3/lib/python3.12/contextlib.py", line 81, in inner
    return func(*args, **kwds)
           ^^^^^^^^^^^^^^^^^^^
  File "/home/20250572/TabPFN-TS_for_Bike_Demand_Forecasting/.venv/lib/python3.12/site-packages/tabpfn_common_utils/telemetry/core/decorators.py", line 320, in wrapper
    return _safe_call_with_telemetry(
           ^^^^^^^^^^^^^^^^^^^^^^^^^^
  File "/home/20250572/TabPFN-TS_for_Bike_Demand_Forecasting/.venv/lib/python3.12/site-packages/tabpfn_common_utils/telemetry/core/decorators.py", line 364, in _safe_call_with_telemetry
    result = func(*args, **kwargs)
             ^^^^^^^^^^^^^^^^^^^^^
  File "/home/20250572/TabPFN-TS_for_Bike_Demand_Forecasting/.venv/lib/python3.12/site-packages/tabpfn/regressor.py", line 825, in fit
    byte_size = self._initialize_model_variables()
                ^^^^^^^^^^^^^^^^^^^^^^^^^^^^^^^^^^
  File "/home/20250572/TabPFN-TS_for_Bike_Demand_Forecasting/.venv/lib/python3.12/site-packages/tabpfn/regressor.py", line 641, in _initialize_model_variables
    return initialize_model_variables_helper(self, self.estimator_type)
           ^^^^^^^^^^^^^^^^^^^^^^^^^^^^^^^^^^^^^^^^^^^^^^^^^^^^^^^^^^^^
  File "/home/20250572/TabPFN-TS_for_Bike_Demand_Forecasting/.venv/lib/python3.12/site-packages/tabpfn/base.py", line 386, in initialize_model_variables_helper
    initialize_tabpfn_model(
  File "/home/20250572/TabPFN-TS_for_Bike_Demand_Forecasting/.venv/lib/python3.12/site-packages/tabpfn/base.py", line 201, in initialize_tabpfn_model
    load_model_criterion_config(
  File "/home/20250572/TabPFN-TS_for_Bike_Demand_Forecasting/.venv/lib/python3.12/site-packages/tabpfn/model_loading.py", line 685, in load_model_criterion_config
    raise res[0]
  File "/home/20250572/TabPFN-TS_for_Bike_Demand_Forecasting/.venv/lib/python3.12/site-packages/tabpfn/model_loading.py", line 510, in _download_model
    ensure_license_accepted(hf_repo_id=_HF_REPOS[version])
  File "/home/20250572/TabPFN-TS_for_Bike_Demand_Forecasting/.venv/lib/python3.12/site-packages/tabpfn/browser_auth.py", line 621, in ensure_license_accepted
    raise TabPFNLicenseError(
tabpfn.errors.TabPFNLicenseError: TabPFN requires a one-time license acceptance to download
model weights for local inference, but no interactive terminal
is available.

To authenticate in a non-interactive environment:
  1. Open https://ux.priorlabs.ai in a browser and log in (or register)
  2. Accept the license on the Licenses tab
  3. Copy your API Key from https://ux.priorlabs.ai/account
  4. Set the environment variable: export TABPFN_TOKEN="<your-api-key>"
     or in Python (before calling .fit()): import os; os.environ["TABPFN_TOKEN"] = "<your-api-key>"

================================================================================
[2026-05-18 20:32:33] ERROR: Error in TabPFN_v3 h=6 fold=23: TabPFN requires a one-time license acceptance to download
model weights for local inference, but no interactive terminal
is available.

To authenticate in a non-interactive environment:
  1. Open https://ux.priorlabs.ai in a browser and log in (or register)
  2. Accept the license on the Licenses tab
  3. Copy your API Key from https://ux.priorlabs.ai/account
  4. Set the environment variable: export TABPFN_TOKEN="<your-api-key>"
     or in Python (before calling .fit()): import os; os.environ["TABPFN_TOKEN"] = "<your-api-key>"
================================================================================
Traceback (most recent call last):
  File "/home/20250572/TabPFN-TS_for_Bike_Demand_Forecasting/forecasting/run_experiments.py", line 185, in run_single_experiment
    y_pred = model.predict(horizon, X_test)
             ^^^^^^^^^^^^^^^^^^^^^^^^^^^^^^
  File "/home/20250572/TabPFN-TS_for_Bike_Demand_Forecasting/forecasting/models/tabpfn_pipeline_model.py", line 108, in predict
    pred_df = self.pipeline.predict_df(
              ^^^^^^^^^^^^^^^^^^^^^^^^^
  File "/home/20250572/TabPFN-TS_for_Bike_Demand_Forecasting/.venv/lib/python3.12/site-packages/tabpfn_time_series/pipeline.py", line 424, in predict_df
    pred = self.predict(context_tsdf, future_tsdf, quantiles=quantiles)
           ^^^^^^^^^^^^^^^^^^^^^^^^^^^^^^^^^^^^^^^^^^^^^^^^^^^^^^^^^^^^
  File "/home/20250572/TabPFN-TS_for_Bike_Demand_Forecasting/.venv/lib/python3.12/site-packages/tabpfn_time_series/pipeline.py", line 310, in predict
    return self.predictor.predict(
           ^^^^^^^^^^^^^^^^^^^^^^^
  File "/home/20250572/TabPFN-TS_for_Bike_Demand_Forecasting/.venv/lib/python3.12/site-packages/tabpfn_common_utils/telemetry/core/decorators.py", line 217, in wrapped
    return fn(*args, **kwargs)
           ^^^^^^^^^^^^^^^^^^^
  File "/home/20250572/TabPFN-TS_for_Bike_Demand_Forecasting/.venv/lib/python3.12/site-packages/tabpfn_time_series/predictor.py", line 128, in predict
    return self._worker.predict(
           ^^^^^^^^^^^^^^^^^^^^^
  File "/home/20250572/TabPFN-TS_for_Bike_Demand_Forecasting/.venv/lib/python3.12/site-packages/tabpfn_time_series/worker/parallel_workers/gpu_worker.py", line 62, in predict
    predictions = self._prediction_routine_per_gpu(
                  ^^^^^^^^^^^^^^^^^^^^^^^^^^^^^^^^^
  File "/home/20250572/TabPFN-TS_for_Bike_Demand_Forecasting/.venv/lib/python3.12/site-packages/tabpfn_time_series/worker/parallel_workers/gpu_worker.py", line 123, in _prediction_routine_per_gpu
    predictions = self._prediction_routine(
                  ^^^^^^^^^^^^^^^^^^^^^^^^^
  File "/home/20250572/TabPFN-TS_for_Bike_Demand_Forecasting/.venv/lib/python3.12/site-packages/tabpfn_time_series/worker/parallel_workers/base.py", line 70, in _prediction_routine
    results = self.inference_routine(train_X, train_y, test_X, **kwargs)
              ^^^^^^^^^^^^^^^^^^^^^^^^^^^^^^^^^^^^^^^^^^^^^^^^^^^^^^^^^^
  File "/home/20250572/TabPFN-TS_for_Bike_Demand_Forecasting/.venv/lib/python3.12/site-packages/tabpfn_time_series/worker/model_adapters/base.py", line 110, in predict
    raw_pred_output = self._fit_and_predict(
                      ^^^^^^^^^^^^^^^^^^^^^^
  File "/home/20250572/TabPFN-TS_for_Bike_Demand_Forecasting/.venv/lib/python3.12/site-packages/tabpfn_time_series/worker/model_adapters/base.py", line 134, in _fit_and_predict
    model.fit(train_X, train_y, **fit_kwargs)
  File "/usr/local/anaconda3/lib/python3.12/contextlib.py", line 81, in inner
    return func(*args, **kwds)
           ^^^^^^^^^^^^^^^^^^^
  File "/home/20250572/TabPFN-TS_for_Bike_Demand_Forecasting/.venv/lib/python3.12/site-packages/tabpfn_common_utils/telemetry/core/decorators.py", line 320, in wrapper
    return _safe_call_with_telemetry(
           ^^^^^^^^^^^^^^^^^^^^^^^^^^
  File "/home/20250572/TabPFN-TS_for_Bike_Demand_Forecasting/.venv/lib/python3.12/site-packages/tabpfn_common_utils/telemetry/core/decorators.py", line 364, in _safe_call_with_telemetry
    result = func(*args, **kwargs)
             ^^^^^^^^^^^^^^^^^^^^^
  File "/home/20250572/TabPFN-TS_for_Bike_Demand_Forecasting/.venv/lib/python3.12/site-packages/tabpfn/regressor.py", line 825, in fit
    byte_size = self._initialize_model_variables()
                ^^^^^^^^^^^^^^^^^^^^^^^^^^^^^^^^^^
  File "/home/20250572/TabPFN-TS_for_Bike_Demand_Forecasting/.venv/lib/python3.12/site-packages/tabpfn/regressor.py", line 641, in _initialize_model_variables
    return initialize_model_variables_helper(self, self.estimator_type)
           ^^^^^^^^^^^^^^^^^^^^^^^^^^^^^^^^^^^^^^^^^^^^^^^^^^^^^^^^^^^^
  File "/home/20250572/TabPFN-TS_for_Bike_Demand_Forecasting/.venv/lib/python3.12/site-packages/tabpfn/base.py", line 386, in initialize_model_variables_helper
    initialize_tabpfn_model(
  File "/home/20250572/TabPFN-TS_for_Bike_Demand_Forecasting/.venv/lib/python3.12/site-packages/tabpfn/base.py", line 201, in initialize_tabpfn_model
    load_model_criterion_config(
  File "/home/20250572/TabPFN-TS_for_Bike_Demand_Forecasting/.venv/lib/python3.12/site-packages/tabpfn/model_loading.py", line 685, in load_model_criterion_config
    raise res[0]
  File "/home/20250572/TabPFN-TS_for_Bike_Demand_Forecasting/.venv/lib/python3.12/site-packages/tabpfn/model_loading.py", line 510, in _download_model
    ensure_license_accepted(hf_repo_id=_HF_REPOS[version])
  File "/home/20250572/TabPFN-TS_for_Bike_Demand_Forecasting/.venv/lib/python3.12/site-packages/tabpfn/browser_auth.py", line 621, in ensure_license_accepted
    raise TabPFNLicenseError(
tabpfn.errors.TabPFNLicenseError: TabPFN requires a one-time license acceptance to download
model weights for local inference, but no interactive terminal
is available.

To authenticate in a non-interactive environment:
  1. Open https://ux.priorlabs.ai in a browser and log in (or register)
  2. Accept the license on the Licenses tab
  3. Copy your API Key from https://ux.priorlabs.ai/account
  4. Set the environment variable: export TABPFN_TOKEN="<your-api-key>"
     or in Python (before calling .fit()): import os; os.environ["TABPFN_TOKEN"] = "<your-api-key>"

================================================================================
[2026-05-18 20:32:33] ERROR: Error in TabPFN_v3 h=6 fold=24: TabPFN requires a one-time license acceptance to download
model weights for local inference, but no interactive terminal
is available.

To authenticate in a non-interactive environment:
  1. Open https://ux.priorlabs.ai in a browser and log in (or register)
  2. Accept the license on the Licenses tab
  3. Copy your API Key from https://ux.priorlabs.ai/account
  4. Set the environment variable: export TABPFN_TOKEN="<your-api-key>"
     or in Python (before calling .fit()): import os; os.environ["TABPFN_TOKEN"] = "<your-api-key>"
================================================================================
Traceback (most recent call last):
  File "/home/20250572/TabPFN-TS_for_Bike_Demand_Forecasting/forecasting/run_experiments.py", line 185, in run_single_experiment
    y_pred = model.predict(horizon, X_test)
             ^^^^^^^^^^^^^^^^^^^^^^^^^^^^^^
  File "/home/20250572/TabPFN-TS_for_Bike_Demand_Forecasting/forecasting/models/tabpfn_pipeline_model.py", line 108, in predict
    pred_df = self.pipeline.predict_df(
              ^^^^^^^^^^^^^^^^^^^^^^^^^
  File "/home/20250572/TabPFN-TS_for_Bike_Demand_Forecasting/.venv/lib/python3.12/site-packages/tabpfn_time_series/pipeline.py", line 424, in predict_df
    pred = self.predict(context_tsdf, future_tsdf, quantiles=quantiles)
           ^^^^^^^^^^^^^^^^^^^^^^^^^^^^^^^^^^^^^^^^^^^^^^^^^^^^^^^^^^^^
  File "/home/20250572/TabPFN-TS_for_Bike_Demand_Forecasting/.venv/lib/python3.12/site-packages/tabpfn_time_series/pipeline.py", line 310, in predict
    return self.predictor.predict(
           ^^^^^^^^^^^^^^^^^^^^^^^
  File "/home/20250572/TabPFN-TS_for_Bike_Demand_Forecasting/.venv/lib/python3.12/site-packages/tabpfn_common_utils/telemetry/core/decorators.py", line 217, in wrapped
    return fn(*args, **kwargs)
           ^^^^^^^^^^^^^^^^^^^
  File "/home/20250572/TabPFN-TS_for_Bike_Demand_Forecasting/.venv/lib/python3.12/site-packages/tabpfn_time_series/predictor.py", line 128, in predict
    return self._worker.predict(
           ^^^^^^^^^^^^^^^^^^^^^
  File "/home/20250572/TabPFN-TS_for_Bike_Demand_Forecasting/.venv/lib/python3.12/site-packages/tabpfn_time_series/worker/parallel_workers/gpu_worker.py", line 62, in predict
    predictions = self._prediction_routine_per_gpu(
                  ^^^^^^^^^^^^^^^^^^^^^^^^^^^^^^^^^
  File "/home/20250572/TabPFN-TS_for_Bike_Demand_Forecasting/.venv/lib/python3.12/site-packages/tabpfn_time_series/worker/parallel_workers/gpu_worker.py", line 123, in _prediction_routine_per_gpu
    predictions = self._prediction_routine(
                  ^^^^^^^^^^^^^^^^^^^^^^^^^
  File "/home/20250572/TabPFN-TS_for_Bike_Demand_Forecasting/.venv/lib/python3.12/site-packages/tabpfn_time_series/worker/parallel_workers/base.py", line 70, in _prediction_routine
    results = self.inference_routine(train_X, train_y, test_X, **kwargs)
              ^^^^^^^^^^^^^^^^^^^^^^^^^^^^^^^^^^^^^^^^^^^^^^^^^^^^^^^^^^
  File "/home/20250572/TabPFN-TS_for_Bike_Demand_Forecasting/.venv/lib/python3.12/site-packages/tabpfn_time_series/worker/model_adapters/base.py", line 110, in predict
    raw_pred_output = self._fit_and_predict(
                      ^^^^^^^^^^^^^^^^^^^^^^
  File "/home/20250572/TabPFN-TS_for_Bike_Demand_Forecasting/.venv/lib/python3.12/site-packages/tabpfn_time_series/worker/model_adapters/base.py", line 134, in _fit_and_predict
    model.fit(train_X, train_y, **fit_kwargs)
  File "/usr/local/anaconda3/lib/python3.12/contextlib.py", line 81, in inner
    return func(*args, **kwds)
           ^^^^^^^^^^^^^^^^^^^
  File "/home/20250572/TabPFN-TS_for_Bike_Demand_Forecasting/.venv/lib/python3.12/site-packages/tabpfn_common_utils/telemetry/core/decorators.py", line 320, in wrapper
    return _safe_call_with_telemetry(
           ^^^^^^^^^^^^^^^^^^^^^^^^^^
  File "/home/20250572/TabPFN-TS_for_Bike_Demand_Forecasting/.venv/lib/python3.12/site-packages/tabpfn_common_utils/telemetry/core/decorators.py", line 364, in _safe_call_with_telemetry
    result = func(*args, **kwargs)
             ^^^^^^^^^^^^^^^^^^^^^
  File "/home/20250572/TabPFN-TS_for_Bike_Demand_Forecasting/.venv/lib/python3.12/site-packages/tabpfn/regressor.py", line 825, in fit
    byte_size = self._initialize_model_variables()
                ^^^^^^^^^^^^^^^^^^^^^^^^^^^^^^^^^^
  File "/home/20250572/TabPFN-TS_for_Bike_Demand_Forecasting/.venv/lib/python3.12/site-packages/tabpfn/regressor.py", line 641, in _initialize_model_variables
    return initialize_model_variables_helper(self, self.estimator_type)
           ^^^^^^^^^^^^^^^^^^^^^^^^^^^^^^^^^^^^^^^^^^^^^^^^^^^^^^^^^^^^
  File "/home/20250572/TabPFN-TS_for_Bike_Demand_Forecasting/.venv/lib/python3.12/site-packages/tabpfn/base.py", line 386, in initialize_model_variables_helper
    initialize_tabpfn_model(
  File "/home/20250572/TabPFN-TS_for_Bike_Demand_Forecasting/.venv/lib/python3.12/site-packages/tabpfn/base.py", line 201, in initialize_tabpfn_model
    load_model_criterion_config(
  File "/home/20250572/TabPFN-TS_for_Bike_Demand_Forecasting/.venv/lib/python3.12/site-packages/tabpfn/model_loading.py", line 685, in load_model_criterion_config
    raise res[0]
  File "/home/20250572/TabPFN-TS_for_Bike_Demand_Forecasting/.venv/lib/python3.12/site-packages/tabpfn/model_loading.py", line 510, in _download_model
    ensure_license_accepted(hf_repo_id=_HF_REPOS[version])
  File "/home/20250572/TabPFN-TS_for_Bike_Demand_Forecasting/.venv/lib/python3.12/site-packages/tabpfn/browser_auth.py", line 621, in ensure_license_accepted
    raise TabPFNLicenseError(
tabpfn.errors.TabPFNLicenseError: TabPFN requires a one-time license acceptance to download
model weights for local inference, but no interactive terminal
is available.

To authenticate in a non-interactive environment:
  1. Open https://ux.priorlabs.ai in a browser and log in (or register)
  2. Accept the license on the Licenses tab
  3. Copy your API Key from https://ux.priorlabs.ai/account
  4. Set the environment variable: export TABPFN_TOKEN="<your-api-key>"
     or in Python (before calling .fit()): import os; os.environ["TABPFN_TOKEN"] = "<your-api-key>"

================================================================================
[2026-05-18 20:32:34] ERROR: Error in TabPFN_v3 h=6 fold=25: TabPFN requires a one-time license acceptance to download
model weights for local inference, but no interactive terminal
is available.

To authenticate in a non-interactive environment:
  1. Open https://ux.priorlabs.ai in a browser and log in (or register)
  2. Accept the license on the Licenses tab
  3. Copy your API Key from https://ux.priorlabs.ai/account
  4. Set the environment variable: export TABPFN_TOKEN="<your-api-key>"
     or in Python (before calling .fit()): import os; os.environ["TABPFN_TOKEN"] = "<your-api-key>"
================================================================================
Traceback (most recent call last):
  File "/home/20250572/TabPFN-TS_for_Bike_Demand_Forecasting/forecasting/run_experiments.py", line 185, in run_single_experiment
    y_pred = model.predict(horizon, X_test)
             ^^^^^^^^^^^^^^^^^^^^^^^^^^^^^^
  File "/home/20250572/TabPFN-TS_for_Bike_Demand_Forecasting/forecasting/models/tabpfn_pipeline_model.py", line 108, in predict
    pred_df = self.pipeline.predict_df(
              ^^^^^^^^^^^^^^^^^^^^^^^^^
  File "/home/20250572/TabPFN-TS_for_Bike_Demand_Forecasting/.venv/lib/python3.12/site-packages/tabpfn_time_series/pipeline.py", line 424, in predict_df
    pred = self.predict(context_tsdf, future_tsdf, quantiles=quantiles)
           ^^^^^^^^^^^^^^^^^^^^^^^^^^^^^^^^^^^^^^^^^^^^^^^^^^^^^^^^^^^^
  File "/home/20250572/TabPFN-TS_for_Bike_Demand_Forecasting/.venv/lib/python3.12/site-packages/tabpfn_time_series/pipeline.py", line 310, in predict
    return self.predictor.predict(
           ^^^^^^^^^^^^^^^^^^^^^^^
  File "/home/20250572/TabPFN-TS_for_Bike_Demand_Forecasting/.venv/lib/python3.12/site-packages/tabpfn_common_utils/telemetry/core/decorators.py", line 217, in wrapped
    return fn(*args, **kwargs)
           ^^^^^^^^^^^^^^^^^^^
  File "/home/20250572/TabPFN-TS_for_Bike_Demand_Forecasting/.venv/lib/python3.12/site-packages/tabpfn_time_series/predictor.py", line 128, in predict
    return self._worker.predict(
           ^^^^^^^^^^^^^^^^^^^^^
  File "/home/20250572/TabPFN-TS_for_Bike_Demand_Forecasting/.venv/lib/python3.12/site-packages/tabpfn_time_series/worker/parallel_workers/gpu_worker.py", line 62, in predict
    predictions = self._prediction_routine_per_gpu(
                  ^^^^^^^^^^^^^^^^^^^^^^^^^^^^^^^^^
  File "/home/20250572/TabPFN-TS_for_Bike_Demand_Forecasting/.venv/lib/python3.12/site-packages/tabpfn_time_series/worker/parallel_workers/gpu_worker.py", line 123, in _prediction_routine_per_gpu
    predictions = self._prediction_routine(
                  ^^^^^^^^^^^^^^^^^^^^^^^^^
  File "/home/20250572/TabPFN-TS_for_Bike_Demand_Forecasting/.venv/lib/python3.12/site-packages/tabpfn_time_series/worker/parallel_workers/base.py", line 70, in _prediction_routine
    results = self.inference_routine(train_X, train_y, test_X, **kwargs)
              ^^^^^^^^^^^^^^^^^^^^^^^^^^^^^^^^^^^^^^^^^^^^^^^^^^^^^^^^^^
  File "/home/20250572/TabPFN-TS_for_Bike_Demand_Forecasting/.venv/lib/python3.12/site-packages/tabpfn_time_series/worker/model_adapters/base.py", line 110, in predict
    raw_pred_output = self._fit_and_predict(
                      ^^^^^^^^^^^^^^^^^^^^^^
  File "/home/20250572/TabPFN-TS_for_Bike_Demand_Forecasting/.venv/lib/python3.12/site-packages/tabpfn_time_series/worker/model_adapters/base.py", line 134, in _fit_and_predict
    model.fit(train_X, train_y, **fit_kwargs)
  File "/usr/local/anaconda3/lib/python3.12/contextlib.py", line 81, in inner
    return func(*args, **kwds)
           ^^^^^^^^^^^^^^^^^^^
  File "/home/20250572/TabPFN-TS_for_Bike_Demand_Forecasting/.venv/lib/python3.12/site-packages/tabpfn_common_utils/telemetry/core/decorators.py", line 320, in wrapper
    return _safe_call_with_telemetry(
           ^^^^^^^^^^^^^^^^^^^^^^^^^^
  File "/home/20250572/TabPFN-TS_for_Bike_Demand_Forecasting/.venv/lib/python3.12/site-packages/tabpfn_common_utils/telemetry/core/decorators.py", line 364, in _safe_call_with_telemetry
    result = func(*args, **kwargs)
             ^^^^^^^^^^^^^^^^^^^^^
  File "/home/20250572/TabPFN-TS_for_Bike_Demand_Forecasting/.venv/lib/python3.12/site-packages/tabpfn/regressor.py", line 825, in fit
    byte_size = self._initialize_model_variables()
                ^^^^^^^^^^^^^^^^^^^^^^^^^^^^^^^^^^
  File "/home/20250572/TabPFN-TS_for_Bike_Demand_Forecasting/.venv/lib/python3.12/site-packages/tabpfn/regressor.py", line 641, in _initialize_model_variables
    return initialize_model_variables_helper(self, self.estimator_type)
           ^^^^^^^^^^^^^^^^^^^^^^^^^^^^^^^^^^^^^^^^^^^^^^^^^^^^^^^^^^^^
  File "/home/20250572/TabPFN-TS_for_Bike_Demand_Forecasting/.venv/lib/python3.12/site-packages/tabpfn/base.py", line 386, in initialize_model_variables_helper
    initialize_tabpfn_model(
  File "/home/20250572/TabPFN-TS_for_Bike_Demand_Forecasting/.venv/lib/python3.12/site-packages/tabpfn/base.py", line 201, in initialize_tabpfn_model
    load_model_criterion_config(
  File "/home/20250572/TabPFN-TS_for_Bike_Demand_Forecasting/.venv/lib/python3.12/site-packages/tabpfn/model_loading.py", line 685, in load_model_criterion_config
    raise res[0]
  File "/home/20250572/TabPFN-TS_for_Bike_Demand_Forecasting/.venv/lib/python3.12/site-packages/tabpfn/model_loading.py", line 510, in _download_model
    ensure_license_accepted(hf_repo_id=_HF_REPOS[version])
  File "/home/20250572/TabPFN-TS_for_Bike_Demand_Forecasting/.venv/lib/python3.12/site-packages/tabpfn/browser_auth.py", line 621, in ensure_license_accepted
    raise TabPFNLicenseError(
tabpfn.errors.TabPFNLicenseError: TabPFN requires a one-time license acceptance to download
model weights for local inference, but no interactive terminal
is available.

To authenticate in a non-interactive environment:
  1. Open https://ux.priorlabs.ai in a browser and log in (or register)
  2. Accept the license on the Licenses tab
  3. Copy your API Key from https://ux.priorlabs.ai/account
  4. Set the environment variable: export TABPFN_TOKEN="<your-api-key>"
     or in Python (before calling .fit()): import os; os.environ["TABPFN_TOKEN"] = "<your-api-key>"

================================================================================
[2026-05-18 20:32:34] ERROR: Error in TabPFN_v3 h=6 fold=26: TabPFN requires a one-time license acceptance to download
model weights for local inference, but no interactive terminal
is available.

To authenticate in a non-interactive environment:
  1. Open https://ux.priorlabs.ai in a browser and log in (or register)
  2. Accept the license on the Licenses tab
  3. Copy your API Key from https://ux.priorlabs.ai/account
  4. Set the environment variable: export TABPFN_TOKEN="<your-api-key>"
     or in Python (before calling .fit()): import os; os.environ["TABPFN_TOKEN"] = "<your-api-key>"
================================================================================
Traceback (most recent call last):
  File "/home/20250572/TabPFN-TS_for_Bike_Demand_Forecasting/forecasting/run_experiments.py", line 185, in run_single_experiment
    y_pred = model.predict(horizon, X_test)
             ^^^^^^^^^^^^^^^^^^^^^^^^^^^^^^
  File "/home/20250572/TabPFN-TS_for_Bike_Demand_Forecasting/forecasting/models/tabpfn_pipeline_model.py", line 108, in predict
    pred_df = self.pipeline.predict_df(
              ^^^^^^^^^^^^^^^^^^^^^^^^^
  File "/home/20250572/TabPFN-TS_for_Bike_Demand_Forecasting/.venv/lib/python3.12/site-packages/tabpfn_time_series/pipeline.py", line 424, in predict_df
    pred = self.predict(context_tsdf, future_tsdf, quantiles=quantiles)
           ^^^^^^^^^^^^^^^^^^^^^^^^^^^^^^^^^^^^^^^^^^^^^^^^^^^^^^^^^^^^
  File "/home/20250572/TabPFN-TS_for_Bike_Demand_Forecasting/.venv/lib/python3.12/site-packages/tabpfn_time_series/pipeline.py", line 310, in predict
    return self.predictor.predict(
           ^^^^^^^^^^^^^^^^^^^^^^^
  File "/home/20250572/TabPFN-TS_for_Bike_Demand_Forecasting/.venv/lib/python3.12/site-packages/tabpfn_common_utils/telemetry/core/decorators.py", line 217, in wrapped
    return fn(*args, **kwargs)
           ^^^^^^^^^^^^^^^^^^^
  File "/home/20250572/TabPFN-TS_for_Bike_Demand_Forecasting/.venv/lib/python3.12/site-packages/tabpfn_time_series/predictor.py", line 128, in predict
    return self._worker.predict(
           ^^^^^^^^^^^^^^^^^^^^^
  File "/home/20250572/TabPFN-TS_for_Bike_Demand_Forecasting/.venv/lib/python3.12/site-packages/tabpfn_time_series/worker/parallel_workers/gpu_worker.py", line 62, in predict
    predictions = self._prediction_routine_per_gpu(
                  ^^^^^^^^^^^^^^^^^^^^^^^^^^^^^^^^^
  File "/home/20250572/TabPFN-TS_for_Bike_Demand_Forecasting/.venv/lib/python3.12/site-packages/tabpfn_time_series/worker/parallel_workers/gpu_worker.py", line 123, in _prediction_routine_per_gpu
    predictions = self._prediction_routine(
                  ^^^^^^^^^^^^^^^^^^^^^^^^^
  File "/home/20250572/TabPFN-TS_for_Bike_Demand_Forecasting/.venv/lib/python3.12/site-packages/tabpfn_time_series/worker/parallel_workers/base.py", line 70, in _prediction_routine
    results = self.inference_routine(train_X, train_y, test_X, **kwargs)
              ^^^^^^^^^^^^^^^^^^^^^^^^^^^^^^^^^^^^^^^^^^^^^^^^^^^^^^^^^^
  File "/home/20250572/TabPFN-TS_for_Bike_Demand_Forecasting/.venv/lib/python3.12/site-packages/tabpfn_time_series/worker/model_adapters/base.py", line 110, in predict
    raw_pred_output = self._fit_and_predict(
                      ^^^^^^^^^^^^^^^^^^^^^^
  File "/home/20250572/TabPFN-TS_for_Bike_Demand_Forecasting/.venv/lib/python3.12/site-packages/tabpfn_time_series/worker/model_adapters/base.py", line 134, in _fit_and_predict
    model.fit(train_X, train_y, **fit_kwargs)
  File "/usr/local/anaconda3/lib/python3.12/contextlib.py", line 81, in inner
    return func(*args, **kwds)
           ^^^^^^^^^^^^^^^^^^^
  File "/home/20250572/TabPFN-TS_for_Bike_Demand_Forecasting/.venv/lib/python3.12/site-packages/tabpfn_common_utils/telemetry/core/decorators.py", line 320, in wrapper
    return _safe_call_with_telemetry(
           ^^^^^^^^^^^^^^^^^^^^^^^^^^
  File "/home/20250572/TabPFN-TS_for_Bike_Demand_Forecasting/.venv/lib/python3.12/site-packages/tabpfn_common_utils/telemetry/core/decorators.py", line 364, in _safe_call_with_telemetry
    result = func(*args, **kwargs)
             ^^^^^^^^^^^^^^^^^^^^^
  File "/home/20250572/TabPFN-TS_for_Bike_Demand_Forecasting/.venv/lib/python3.12/site-packages/tabpfn/regressor.py", line 825, in fit
    byte_size = self._initialize_model_variables()
                ^^^^^^^^^^^^^^^^^^^^^^^^^^^^^^^^^^
  File "/home/20250572/TabPFN-TS_for_Bike_Demand_Forecasting/.venv/lib/python3.12/site-packages/tabpfn/regressor.py", line 641, in _initialize_model_variables
    return initialize_model_variables_helper(self, self.estimator_type)
           ^^^^^^^^^^^^^^^^^^^^^^^^^^^^^^^^^^^^^^^^^^^^^^^^^^^^^^^^^^^^
  File "/home/20250572/TabPFN-TS_for_Bike_Demand_Forecasting/.venv/lib/python3.12/site-packages/tabpfn/base.py", line 386, in initialize_model_variables_helper
    initialize_tabpfn_model(
  File "/home/20250572/TabPFN-TS_for_Bike_Demand_Forecasting/.venv/lib/python3.12/site-packages/tabpfn/base.py", line 201, in initialize_tabpfn_model
    load_model_criterion_config(
  File "/home/20250572/TabPFN-TS_for_Bike_Demand_Forecasting/.venv/lib/python3.12/site-packages/tabpfn/model_loading.py", line 685, in load_model_criterion_config
    raise res[0]
  File "/home/20250572/TabPFN-TS_for_Bike_Demand_Forecasting/.venv/lib/python3.12/site-packages/tabpfn/model_loading.py", line 510, in _download_model
    ensure_license_accepted(hf_repo_id=_HF_REPOS[version])
  File "/home/20250572/TabPFN-TS_for_Bike_Demand_Forecasting/.venv/lib/python3.12/site-packages/tabpfn/browser_auth.py", line 621, in ensure_license_accepted
    raise TabPFNLicenseError(
tabpfn.errors.TabPFNLicenseError: TabPFN requires a one-time license acceptance to download
model weights for local inference, but no interactive terminal
is available.

To authenticate in a non-interactive environment:
  1. Open https://ux.priorlabs.ai in a browser and log in (or register)
  2. Accept the license on the Licenses tab
  3. Copy your API Key from https://ux.priorlabs.ai/account
  4. Set the environment variable: export TABPFN_TOKEN="<your-api-key>"
     or in Python (before calling .fit()): import os; os.environ["TABPFN_TOKEN"] = "<your-api-key>"

================================================================================
[2026-05-18 20:32:35] ERROR: Error in TabPFN_v3 h=6 fold=27: TabPFN requires a one-time license acceptance to download
model weights for local inference, but no interactive terminal
is available.

To authenticate in a non-interactive environment:
  1. Open https://ux.priorlabs.ai in a browser and log in (or register)
  2. Accept the license on the Licenses tab
  3. Copy your API Key from https://ux.priorlabs.ai/account
  4. Set the environment variable: export TABPFN_TOKEN="<your-api-key>"
     or in Python (before calling .fit()): import os; os.environ["TABPFN_TOKEN"] = "<your-api-key>"
================================================================================
Traceback (most recent call last):
  File "/home/20250572/TabPFN-TS_for_Bike_Demand_Forecasting/forecasting/run_experiments.py", line 185, in run_single_experiment
    y_pred = model.predict(horizon, X_test)
             ^^^^^^^^^^^^^^^^^^^^^^^^^^^^^^
  File "/home/20250572/TabPFN-TS_for_Bike_Demand_Forecasting/forecasting/models/tabpfn_pipeline_model.py", line 108, in predict
    pred_df = self.pipeline.predict_df(
              ^^^^^^^^^^^^^^^^^^^^^^^^^
  File "/home/20250572/TabPFN-TS_for_Bike_Demand_Forecasting/.venv/lib/python3.12/site-packages/tabpfn_time_series/pipeline.py", line 424, in predict_df
    pred = self.predict(context_tsdf, future_tsdf, quantiles=quantiles)
           ^^^^^^^^^^^^^^^^^^^^^^^^^^^^^^^^^^^^^^^^^^^^^^^^^^^^^^^^^^^^
  File "/home/20250572/TabPFN-TS_for_Bike_Demand_Forecasting/.venv/lib/python3.12/site-packages/tabpfn_time_series/pipeline.py", line 310, in predict
    return self.predictor.predict(
           ^^^^^^^^^^^^^^^^^^^^^^^
  File "/home/20250572/TabPFN-TS_for_Bike_Demand_Forecasting/.venv/lib/python3.12/site-packages/tabpfn_common_utils/telemetry/core/decorators.py", line 217, in wrapped
    return fn(*args, **kwargs)
           ^^^^^^^^^^^^^^^^^^^
  File "/home/20250572/TabPFN-TS_for_Bike_Demand_Forecasting/.venv/lib/python3.12/site-packages/tabpfn_time_series/predictor.py", line 128, in predict
    return self._worker.predict(
           ^^^^^^^^^^^^^^^^^^^^^
  File "/home/20250572/TabPFN-TS_for_Bike_Demand_Forecasting/.venv/lib/python3.12/site-packages/tabpfn_time_series/worker/parallel_workers/gpu_worker.py", line 62, in predict
    predictions = self._prediction_routine_per_gpu(
                  ^^^^^^^^^^^^^^^^^^^^^^^^^^^^^^^^^
  File "/home/20250572/TabPFN-TS_for_Bike_Demand_Forecasting/.venv/lib/python3.12/site-packages/tabpfn_time_series/worker/parallel_workers/gpu_worker.py", line 123, in _prediction_routine_per_gpu
    predictions = self._prediction_routine(
                  ^^^^^^^^^^^^^^^^^^^^^^^^^
  File "/home/20250572/TabPFN-TS_for_Bike_Demand_Forecasting/.venv/lib/python3.12/site-packages/tabpfn_time_series/worker/parallel_workers/base.py", line 70, in _prediction_routine
    results = self.inference_routine(train_X, train_y, test_X, **kwargs)
              ^^^^^^^^^^^^^^^^^^^^^^^^^^^^^^^^^^^^^^^^^^^^^^^^^^^^^^^^^^
  File "/home/20250572/TabPFN-TS_for_Bike_Demand_Forecasting/.venv/lib/python3.12/site-packages/tabpfn_time_series/worker/model_adapters/base.py", line 110, in predict
    raw_pred_output = self._fit_and_predict(
                      ^^^^^^^^^^^^^^^^^^^^^^
  File "/home/20250572/TabPFN-TS_for_Bike_Demand_Forecasting/.venv/lib/python3.12/site-packages/tabpfn_time_series/worker/model_adapters/base.py", line 134, in _fit_and_predict
    model.fit(train_X, train_y, **fit_kwargs)
  File "/usr/local/anaconda3/lib/python3.12/contextlib.py", line 81, in inner
    return func(*args, **kwds)
           ^^^^^^^^^^^^^^^^^^^
  File "/home/20250572/TabPFN-TS_for_Bike_Demand_Forecasting/.venv/lib/python3.12/site-packages/tabpfn_common_utils/telemetry/core/decorators.py", line 320, in wrapper
    return _safe_call_with_telemetry(
           ^^^^^^^^^^^^^^^^^^^^^^^^^^
  File "/home/20250572/TabPFN-TS_for_Bike_Demand_Forecasting/.venv/lib/python3.12/site-packages/tabpfn_common_utils/telemetry/core/decorators.py", line 364, in _safe_call_with_telemetry
    result = func(*args, **kwargs)
             ^^^^^^^^^^^^^^^^^^^^^
  File "/home/20250572/TabPFN-TS_for_Bike_Demand_Forecasting/.venv/lib/python3.12/site-packages/tabpfn/regressor.py", line 825, in fit
    byte_size = self._initialize_model_variables()
                ^^^^^^^^^^^^^^^^^^^^^^^^^^^^^^^^^^
  File "/home/20250572/TabPFN-TS_for_Bike_Demand_Forecasting/.venv/lib/python3.12/site-packages/tabpfn/regressor.py", line 641, in _initialize_model_variables
    return initialize_model_variables_helper(self, self.estimator_type)
           ^^^^^^^^^^^^^^^^^^^^^^^^^^^^^^^^^^^^^^^^^^^^^^^^^^^^^^^^^^^^
  File "/home/20250572/TabPFN-TS_for_Bike_Demand_Forecasting/.venv/lib/python3.12/site-packages/tabpfn/base.py", line 386, in initialize_model_variables_helper
    initialize_tabpfn_model(
  File "/home/20250572/TabPFN-TS_for_Bike_Demand_Forecasting/.venv/lib/python3.12/site-packages/tabpfn/base.py", line 201, in initialize_tabpfn_model
    load_model_criterion_config(
  File "/home/20250572/TabPFN-TS_for_Bike_Demand_Forecasting/.venv/lib/python3.12/site-packages/tabpfn/model_loading.py", line 685, in load_model_criterion_config
    raise res[0]
  File "/home/20250572/TabPFN-TS_for_Bike_Demand_Forecasting/.venv/lib/python3.12/site-packages/tabpfn/model_loading.py", line 510, in _download_model
    ensure_license_accepted(hf_repo_id=_HF_REPOS[version])
  File "/home/20250572/TabPFN-TS_for_Bike_Demand_Forecasting/.venv/lib/python3.12/site-packages/tabpfn/browser_auth.py", line 621, in ensure_license_accepted
    raise TabPFNLicenseError(
tabpfn.errors.TabPFNLicenseError: TabPFN requires a one-time license acceptance to download
model weights for local inference, but no interactive terminal
is available.

To authenticate in a non-interactive environment:
  1. Open https://ux.priorlabs.ai in a browser and log in (or register)
  2. Accept the license on the Licenses tab
  3. Copy your API Key from https://ux.priorlabs.ai/account
  4. Set the environment variable: export TABPFN_TOKEN="<your-api-key>"
     or in Python (before calling .fit()): import os; os.environ["TABPFN_TOKEN"] = "<your-api-key>"

================================================================================
[2026-05-18 20:32:35] ERROR: Error in TabPFN_v3 h=6 fold=28: TabPFN requires a one-time license acceptance to download
model weights for local inference, but no interactive terminal
is available.

To authenticate in a non-interactive environment:
  1. Open https://ux.priorlabs.ai in a browser and log in (or register)
  2. Accept the license on the Licenses tab
  3. Copy your API Key from https://ux.priorlabs.ai/account
  4. Set the environment variable: export TABPFN_TOKEN="<your-api-key>"
     or in Python (before calling .fit()): import os; os.environ["TABPFN_TOKEN"] = "<your-api-key>"
================================================================================
Traceback (most recent call last):
  File "/home/20250572/TabPFN-TS_for_Bike_Demand_Forecasting/forecasting/run_experiments.py", line 185, in run_single_experiment
    y_pred = model.predict(horizon, X_test)
             ^^^^^^^^^^^^^^^^^^^^^^^^^^^^^^
  File "/home/20250572/TabPFN-TS_for_Bike_Demand_Forecasting/forecasting/models/tabpfn_pipeline_model.py", line 108, in predict
    pred_df = self.pipeline.predict_df(
              ^^^^^^^^^^^^^^^^^^^^^^^^^
  File "/home/20250572/TabPFN-TS_for_Bike_Demand_Forecasting/.venv/lib/python3.12/site-packages/tabpfn_time_series/pipeline.py", line 424, in predict_df
    pred = self.predict(context_tsdf, future_tsdf, quantiles=quantiles)
           ^^^^^^^^^^^^^^^^^^^^^^^^^^^^^^^^^^^^^^^^^^^^^^^^^^^^^^^^^^^^
  File "/home/20250572/TabPFN-TS_for_Bike_Demand_Forecasting/.venv/lib/python3.12/site-packages/tabpfn_time_series/pipeline.py", line 310, in predict
    return self.predictor.predict(
           ^^^^^^^^^^^^^^^^^^^^^^^
  File "/home/20250572/TabPFN-TS_for_Bike_Demand_Forecasting/.venv/lib/python3.12/site-packages/tabpfn_common_utils/telemetry/core/decorators.py", line 217, in wrapped
    return fn(*args, **kwargs)
           ^^^^^^^^^^^^^^^^^^^
  File "/home/20250572/TabPFN-TS_for_Bike_Demand_Forecasting/.venv/lib/python3.12/site-packages/tabpfn_time_series/predictor.py", line 128, in predict
    return self._worker.predict(
           ^^^^^^^^^^^^^^^^^^^^^
  File "/home/20250572/TabPFN-TS_for_Bike_Demand_Forecasting/.venv/lib/python3.12/site-packages/tabpfn_time_series/worker/parallel_workers/gpu_worker.py", line 62, in predict
    predictions = self._prediction_routine_per_gpu(
                  ^^^^^^^^^^^^^^^^^^^^^^^^^^^^^^^^^
  File "/home/20250572/TabPFN-TS_for_Bike_Demand_Forecasting/.venv/lib/python3.12/site-packages/tabpfn_time_series/worker/parallel_workers/gpu_worker.py", line 123, in _prediction_routine_per_gpu
    predictions = self._prediction_routine(
                  ^^^^^^^^^^^^^^^^^^^^^^^^^
  File "/home/20250572/TabPFN-TS_for_Bike_Demand_Forecasting/.venv/lib/python3.12/site-packages/tabpfn_time_series/worker/parallel_workers/base.py", line 70, in _prediction_routine
    results = self.inference_routine(train_X, train_y, test_X, **kwargs)
              ^^^^^^^^^^^^^^^^^^^^^^^^^^^^^^^^^^^^^^^^^^^^^^^^^^^^^^^^^^
  File "/home/20250572/TabPFN-TS_for_Bike_Demand_Forecasting/.venv/lib/python3.12/site-packages/tabpfn_time_series/worker/model_adapters/base.py", line 110, in predict
    raw_pred_output = self._fit_and_predict(
                      ^^^^^^^^^^^^^^^^^^^^^^
  File "/home/20250572/TabPFN-TS_for_Bike_Demand_Forecasting/.venv/lib/python3.12/site-packages/tabpfn_time_series/worker/model_adapters/base.py", line 134, in _fit_and_predict
    model.fit(train_X, train_y, **fit_kwargs)
  File "/usr/local/anaconda3/lib/python3.12/contextlib.py", line 81, in inner
    return func(*args, **kwds)
           ^^^^^^^^^^^^^^^^^^^
  File "/home/20250572/TabPFN-TS_for_Bike_Demand_Forecasting/.venv/lib/python3.12/site-packages/tabpfn_common_utils/telemetry/core/decorators.py", line 320, in wrapper
    return _safe_call_with_telemetry(
           ^^^^^^^^^^^^^^^^^^^^^^^^^^
  File "/home/20250572/TabPFN-TS_for_Bike_Demand_Forecasting/.venv/lib/python3.12/site-packages/tabpfn_common_utils/telemetry/core/decorators.py", line 364, in _safe_call_with_telemetry
    result = func(*args, **kwargs)
             ^^^^^^^^^^^^^^^^^^^^^
  File "/home/20250572/TabPFN-TS_for_Bike_Demand_Forecasting/.venv/lib/python3.12/site-packages/tabpfn/regressor.py", line 825, in fit
    byte_size = self._initialize_model_variables()
                ^^^^^^^^^^^^^^^^^^^^^^^^^^^^^^^^^^
  File "/home/20250572/TabPFN-TS_for_Bike_Demand_Forecasting/.venv/lib/python3.12/site-packages/tabpfn/regressor.py", line 641, in _initialize_model_variables
    return initialize_model_variables_helper(self, self.estimator_type)
           ^^^^^^^^^^^^^^^^^^^^^^^^^^^^^^^^^^^^^^^^^^^^^^^^^^^^^^^^^^^^
  File "/home/20250572/TabPFN-TS_for_Bike_Demand_Forecasting/.venv/lib/python3.12/site-packages/tabpfn/base.py", line 386, in initialize_model_variables_helper
    initialize_tabpfn_model(
  File "/home/20250572/TabPFN-TS_for_Bike_Demand_Forecasting/.venv/lib/python3.12/site-packages/tabpfn/base.py", line 201, in initialize_tabpfn_model
    load_model_criterion_config(
  File "/home/20250572/TabPFN-TS_for_Bike_Demand_Forecasting/.venv/lib/python3.12/site-packages/tabpfn/model_loading.py", line 685, in load_model_criterion_config
    raise res[0]
  File "/home/20250572/TabPFN-TS_for_Bike_Demand_Forecasting/.venv/lib/python3.12/site-packages/tabpfn/model_loading.py", line 510, in _download_model
    ensure_license_accepted(hf_repo_id=_HF_REPOS[version])
  File "/home/20250572/TabPFN-TS_for_Bike_Demand_Forecasting/.venv/lib/python3.12/site-packages/tabpfn/browser_auth.py", line 621, in ensure_license_accepted
    raise TabPFNLicenseError(
tabpfn.errors.TabPFNLicenseError: TabPFN requires a one-time license acceptance to download
model weights for local inference, but no interactive terminal
is available.

To authenticate in a non-interactive environment:
  1. Open https://ux.priorlabs.ai in a browser and log in (or register)
  2. Accept the license on the Licenses tab
  3. Copy your API Key from https://ux.priorlabs.ai/account
  4. Set the environment variable: export TABPFN_TOKEN="<your-api-key>"
     or in Python (before calling .fit()): import os; os.environ["TABPFN_TOKEN"] = "<your-api-key>"

================================================================================
[2026-05-18 20:32:36] ERROR: Error in TabPFN_v3 h=6 fold=29: TabPFN requires a one-time license acceptance to download
model weights for local inference, but no interactive terminal
is available.

To authenticate in a non-interactive environment:
  1. Open https://ux.priorlabs.ai in a browser and log in (or register)
  2. Accept the license on the Licenses tab
  3. Copy your API Key from https://ux.priorlabs.ai/account
  4. Set the environment variable: export TABPFN_TOKEN="<your-api-key>"
     or in Python (before calling .fit()): import os; os.environ["TABPFN_TOKEN"] = "<your-api-key>"
================================================================================
Traceback (most recent call last):
  File "/home/20250572/TabPFN-TS_for_Bike_Demand_Forecasting/forecasting/run_experiments.py", line 185, in run_single_experiment
    y_pred = model.predict(horizon, X_test)
             ^^^^^^^^^^^^^^^^^^^^^^^^^^^^^^
  File "/home/20250572/TabPFN-TS_for_Bike_Demand_Forecasting/forecasting/models/tabpfn_pipeline_model.py", line 108, in predict
    pred_df = self.pipeline.predict_df(
              ^^^^^^^^^^^^^^^^^^^^^^^^^
  File "/home/20250572/TabPFN-TS_for_Bike_Demand_Forecasting/.venv/lib/python3.12/site-packages/tabpfn_time_series/pipeline.py", line 424, in predict_df
    pred = self.predict(context_tsdf, future_tsdf, quantiles=quantiles)
           ^^^^^^^^^^^^^^^^^^^^^^^^^^^^^^^^^^^^^^^^^^^^^^^^^^^^^^^^^^^^
  File "/home/20250572/TabPFN-TS_for_Bike_Demand_Forecasting/.venv/lib/python3.12/site-packages/tabpfn_time_series/pipeline.py", line 310, in predict
    return self.predictor.predict(
           ^^^^^^^^^^^^^^^^^^^^^^^
  File "/home/20250572/TabPFN-TS_for_Bike_Demand_Forecasting/.venv/lib/python3.12/site-packages/tabpfn_common_utils/telemetry/core/decorators.py", line 217, in wrapped
    return fn(*args, **kwargs)
           ^^^^^^^^^^^^^^^^^^^
  File "/home/20250572/TabPFN-TS_for_Bike_Demand_Forecasting/.venv/lib/python3.12/site-packages/tabpfn_time_series/predictor.py", line 128, in predict
    return self._worker.predict(
           ^^^^^^^^^^^^^^^^^^^^^
  File "/home/20250572/TabPFN-TS_for_Bike_Demand_Forecasting/.venv/lib/python3.12/site-packages/tabpfn_time_series/worker/parallel_workers/gpu_worker.py", line 62, in predict
    predictions = self._prediction_routine_per_gpu(
                  ^^^^^^^^^^^^^^^^^^^^^^^^^^^^^^^^^
  File "/home/20250572/TabPFN-TS_for_Bike_Demand_Forecasting/.venv/lib/python3.12/site-packages/tabpfn_time_series/worker/parallel_workers/gpu_worker.py", line 123, in _prediction_routine_per_gpu
    predictions = self._prediction_routine(
                  ^^^^^^^^^^^^^^^^^^^^^^^^^
  File "/home/20250572/TabPFN-TS_for_Bike_Demand_Forecasting/.venv/lib/python3.12/site-packages/tabpfn_time_series/worker/parallel_workers/base.py", line 70, in _prediction_routine
    results = self.inference_routine(train_X, train_y, test_X, **kwargs)
              ^^^^^^^^^^^^^^^^^^^^^^^^^^^^^^^^^^^^^^^^^^^^^^^^^^^^^^^^^^
  File "/home/20250572/TabPFN-TS_for_Bike_Demand_Forecasting/.venv/lib/python3.12/site-packages/tabpfn_time_series/worker/model_adapters/base.py", line 110, in predict
    raw_pred_output = self._fit_and_predict(
                      ^^^^^^^^^^^^^^^^^^^^^^
  File "/home/20250572/TabPFN-TS_for_Bike_Demand_Forecasting/.venv/lib/python3.12/site-packages/tabpfn_time_series/worker/model_adapters/base.py", line 134, in _fit_and_predict
    model.fit(train_X, train_y, **fit_kwargs)
  File "/usr/local/anaconda3/lib/python3.12/contextlib.py", line 81, in inner
    return func(*args, **kwds)
           ^^^^^^^^^^^^^^^^^^^
  File "/home/20250572/TabPFN-TS_for_Bike_Demand_Forecasting/.venv/lib/python3.12/site-packages/tabpfn_common_utils/telemetry/core/decorators.py", line 320, in wrapper
    return _safe_call_with_telemetry(
           ^^^^^^^^^^^^^^^^^^^^^^^^^^
  File "/home/20250572/TabPFN-TS_for_Bike_Demand_Forecasting/.venv/lib/python3.12/site-packages/tabpfn_common_utils/telemetry/core/decorators.py", line 364, in _safe_call_with_telemetry
    result = func(*args, **kwargs)
             ^^^^^^^^^^^^^^^^^^^^^
  File "/home/20250572/TabPFN-TS_for_Bike_Demand_Forecasting/.venv/lib/python3.12/site-packages/tabpfn/regressor.py", line 825, in fit
    byte_size = self._initialize_model_variables()
                ^^^^^^^^^^^^^^^^^^^^^^^^^^^^^^^^^^
  File "/home/20250572/TabPFN-TS_for_Bike_Demand_Forecasting/.venv/lib/python3.12/site-packages/tabpfn/regressor.py", line 641, in _initialize_model_variables
    return initialize_model_variables_helper(self, self.estimator_type)
           ^^^^^^^^^^^^^^^^^^^^^^^^^^^^^^^^^^^^^^^^^^^^^^^^^^^^^^^^^^^^
  File "/home/20250572/TabPFN-TS_for_Bike_Demand_Forecasting/.venv/lib/python3.12/site-packages/tabpfn/base.py", line 386, in initialize_model_variables_helper
    initialize_tabpfn_model(
  File "/home/20250572/TabPFN-TS_for_Bike_Demand_Forecasting/.venv/lib/python3.12/site-packages/tabpfn/base.py", line 201, in initialize_tabpfn_model
    load_model_criterion_config(
  File "/home/20250572/TabPFN-TS_for_Bike_Demand_Forecasting/.venv/lib/python3.12/site-packages/tabpfn/model_loading.py", line 685, in load_model_criterion_config
    raise res[0]
  File "/home/20250572/TabPFN-TS_for_Bike_Demand_Forecasting/.venv/lib/python3.12/site-packages/tabpfn/model_loading.py", line 510, in _download_model
    ensure_license_accepted(hf_repo_id=_HF_REPOS[version])
  File "/home/20250572/TabPFN-TS_for_Bike_Demand_Forecasting/.venv/lib/python3.12/site-packages/tabpfn/browser_auth.py", line 621, in ensure_license_accepted
    raise TabPFNLicenseError(
tabpfn.errors.TabPFNLicenseError: TabPFN requires a one-time license acceptance to download
model weights for local inference, but no interactive terminal
is available.

To authenticate in a non-interactive environment:
  1. Open https://ux.priorlabs.ai in a browser and log in (or register)
  2. Accept the license on the Licenses tab
  3. Copy your API Key from https://ux.priorlabs.ai/account
  4. Set the environment variable: export TABPFN_TOKEN="<your-api-key>"
     or in Python (before calling .fit()): import os; os.environ["TABPFN_TOKEN"] = "<your-api-key>"

================================================================================
[2026-05-18 20:32:36] ERROR: Error in TabPFN_v3 h=6 fold=30: TabPFN requires a one-time license acceptance to download
model weights for local inference, but no interactive terminal
is available.

To authenticate in a non-interactive environment:
  1. Open https://ux.priorlabs.ai in a browser and log in (or register)
  2. Accept the license on the Licenses tab
  3. Copy your API Key from https://ux.priorlabs.ai/account
  4. Set the environment variable: export TABPFN_TOKEN="<your-api-key>"
     or in Python (before calling .fit()): import os; os.environ["TABPFN_TOKEN"] = "<your-api-key>"
================================================================================
Traceback (most recent call last):
  File "/home/20250572/TabPFN-TS_for_Bike_Demand_Forecasting/forecasting/run_experiments.py", line 185, in run_single_experiment
    y_pred = model.predict(horizon, X_test)
             ^^^^^^^^^^^^^^^^^^^^^^^^^^^^^^
  File "/home/20250572/TabPFN-TS_for_Bike_Demand_Forecasting/forecasting/models/tabpfn_pipeline_model.py", line 108, in predict
    pred_df = self.pipeline.predict_df(
              ^^^^^^^^^^^^^^^^^^^^^^^^^
  File "/home/20250572/TabPFN-TS_for_Bike_Demand_Forecasting/.venv/lib/python3.12/site-packages/tabpfn_time_series/pipeline.py", line 424, in predict_df
    pred = self.predict(context_tsdf, future_tsdf, quantiles=quantiles)
           ^^^^^^^^^^^^^^^^^^^^^^^^^^^^^^^^^^^^^^^^^^^^^^^^^^^^^^^^^^^^
  File "/home/20250572/TabPFN-TS_for_Bike_Demand_Forecasting/.venv/lib/python3.12/site-packages/tabpfn_time_series/pipeline.py", line 310, in predict
    return self.predictor.predict(
           ^^^^^^^^^^^^^^^^^^^^^^^
  File "/home/20250572/TabPFN-TS_for_Bike_Demand_Forecasting/.venv/lib/python3.12/site-packages/tabpfn_common_utils/telemetry/core/decorators.py", line 217, in wrapped
    return fn(*args, **kwargs)
           ^^^^^^^^^^^^^^^^^^^
  File "/home/20250572/TabPFN-TS_for_Bike_Demand_Forecasting/.venv/lib/python3.12/site-packages/tabpfn_time_series/predictor.py", line 128, in predict
    return self._worker.predict(
           ^^^^^^^^^^^^^^^^^^^^^
  File "/home/20250572/TabPFN-TS_for_Bike_Demand_Forecasting/.venv/lib/python3.12/site-packages/tabpfn_time_series/worker/parallel_workers/gpu_worker.py", line 62, in predict
    predictions = self._prediction_routine_per_gpu(
                  ^^^^^^^^^^^^^^^^^^^^^^^^^^^^^^^^^
  File "/home/20250572/TabPFN-TS_for_Bike_Demand_Forecasting/.venv/lib/python3.12/site-packages/tabpfn_time_series/worker/parallel_workers/gpu_worker.py", line 123, in _prediction_routine_per_gpu
    predictions = self._prediction_routine(
                  ^^^^^^^^^^^^^^^^^^^^^^^^^
  File "/home/20250572/TabPFN-TS_for_Bike_Demand_Forecasting/.venv/lib/python3.12/site-packages/tabpfn_time_series/worker/parallel_workers/base.py", line 70, in _prediction_routine
    results = self.inference_routine(train_X, train_y, test_X, **kwargs)
              ^^^^^^^^^^^^^^^^^^^^^^^^^^^^^^^^^^^^^^^^^^^^^^^^^^^^^^^^^^
  File "/home/20250572/TabPFN-TS_for_Bike_Demand_Forecasting/.venv/lib/python3.12/site-packages/tabpfn_time_series/worker/model_adapters/base.py", line 110, in predict
    raw_pred_output = self._fit_and_predict(
                      ^^^^^^^^^^^^^^^^^^^^^^
  File "/home/20250572/TabPFN-TS_for_Bike_Demand_Forecasting/.venv/lib/python3.12/site-packages/tabpfn_time_series/worker/model_adapters/base.py", line 134, in _fit_and_predict
    model.fit(train_X, train_y, **fit_kwargs)
  File "/usr/local/anaconda3/lib/python3.12/contextlib.py", line 81, in inner
    return func(*args, **kwds)
           ^^^^^^^^^^^^^^^^^^^
  File "/home/20250572/TabPFN-TS_for_Bike_Demand_Forecasting/.venv/lib/python3.12/site-packages/tabpfn_common_utils/telemetry/core/decorators.py", line 320, in wrapper
    return _safe_call_with_telemetry(
           ^^^^^^^^^^^^^^^^^^^^^^^^^^
  File "/home/20250572/TabPFN-TS_for_Bike_Demand_Forecasting/.venv/lib/python3.12/site-packages/tabpfn_common_utils/telemetry/core/decorators.py", line 364, in _safe_call_with_telemetry
    result = func(*args, **kwargs)
             ^^^^^^^^^^^^^^^^^^^^^
  File "/home/20250572/TabPFN-TS_for_Bike_Demand_Forecasting/.venv/lib/python3.12/site-packages/tabpfn/regressor.py", line 825, in fit
    byte_size = self._initialize_model_variables()
                ^^^^^^^^^^^^^^^^^^^^^^^^^^^^^^^^^^
  File "/home/20250572/TabPFN-TS_for_Bike_Demand_Forecasting/.venv/lib/python3.12/site-packages/tabpfn/regressor.py", line 641, in _initialize_model_variables
    return initialize_model_variables_helper(self, self.estimator_type)
           ^^^^^^^^^^^^^^^^^^^^^^^^^^^^^^^^^^^^^^^^^^^^^^^^^^^^^^^^^^^^
  File "/home/20250572/TabPFN-TS_for_Bike_Demand_Forecasting/.venv/lib/python3.12/site-packages/tabpfn/base.py", line 386, in initialize_model_variables_helper
    initialize_tabpfn_model(
  File "/home/20250572/TabPFN-TS_for_Bike_Demand_Forecasting/.venv/lib/python3.12/site-packages/tabpfn/base.py", line 201, in initialize_tabpfn_model
    load_model_criterion_config(
  File "/home/20250572/TabPFN-TS_for_Bike_Demand_Forecasting/.venv/lib/python3.12/site-packages/tabpfn/model_loading.py", line 685, in load_model_criterion_config
    raise res[0]
  File "/home/20250572/TabPFN-TS_for_Bike_Demand_Forecasting/.venv/lib/python3.12/site-packages/tabpfn/model_loading.py", line 510, in _download_model
    ensure_license_accepted(hf_repo_id=_HF_REPOS[version])
  File "/home/20250572/TabPFN-TS_for_Bike_Demand_Forecasting/.venv/lib/python3.12/site-packages/tabpfn/browser_auth.py", line 621, in ensure_license_accepted
    raise TabPFNLicenseError(
tabpfn.errors.TabPFNLicenseError: TabPFN requires a one-time license acceptance to download
model weights for local inference, but no interactive terminal
is available.

To authenticate in a non-interactive environment:
  1. Open https://ux.priorlabs.ai in a browser and log in (or register)
  2. Accept the license on the Licenses tab
  3. Copy your API Key from https://ux.priorlabs.ai/account
  4. Set the environment variable: export TABPFN_TOKEN="<your-api-key>"
     or in Python (before calling .fit()): import os; os.environ["TABPFN_TOKEN"] = "<your-api-key>"

================================================================================
[2026-05-18 20:32:37] ERROR: Error in TabPFN_v3 h=6 fold=31: TabPFN requires a one-time license acceptance to download
model weights for local inference, but no interactive terminal
is available.

To authenticate in a non-interactive environment:
  1. Open https://ux.priorlabs.ai in a browser and log in (or register)
  2. Accept the license on the Licenses tab
  3. Copy your API Key from https://ux.priorlabs.ai/account
  4. Set the environment variable: export TABPFN_TOKEN="<your-api-key>"
     or in Python (before calling .fit()): import os; os.environ["TABPFN_TOKEN"] = "<your-api-key>"
================================================================================
Traceback (most recent call last):
  File "/home/20250572/TabPFN-TS_for_Bike_Demand_Forecasting/forecasting/run_experiments.py", line 185, in run_single_experiment
    y_pred = model.predict(horizon, X_test)
             ^^^^^^^^^^^^^^^^^^^^^^^^^^^^^^
  File "/home/20250572/TabPFN-TS_for_Bike_Demand_Forecasting/forecasting/models/tabpfn_pipeline_model.py", line 108, in predict
    pred_df = self.pipeline.predict_df(
              ^^^^^^^^^^^^^^^^^^^^^^^^^
  File "/home/20250572/TabPFN-TS_for_Bike_Demand_Forecasting/.venv/lib/python3.12/site-packages/tabpfn_time_series/pipeline.py", line 424, in predict_df
    pred = self.predict(context_tsdf, future_tsdf, quantiles=quantiles)
           ^^^^^^^^^^^^^^^^^^^^^^^^^^^^^^^^^^^^^^^^^^^^^^^^^^^^^^^^^^^^
  File "/home/20250572/TabPFN-TS_for_Bike_Demand_Forecasting/.venv/lib/python3.12/site-packages/tabpfn_time_series/pipeline.py", line 310, in predict
    return self.predictor.predict(
           ^^^^^^^^^^^^^^^^^^^^^^^
  File "/home/20250572/TabPFN-TS_for_Bike_Demand_Forecasting/.venv/lib/python3.12/site-packages/tabpfn_common_utils/telemetry/core/decorators.py", line 217, in wrapped
    return fn(*args, **kwargs)
           ^^^^^^^^^^^^^^^^^^^
  File "/home/20250572/TabPFN-TS_for_Bike_Demand_Forecasting/.venv/lib/python3.12/site-packages/tabpfn_time_series/predictor.py", line 128, in predict
    return self._worker.predict(
           ^^^^^^^^^^^^^^^^^^^^^
  File "/home/20250572/TabPFN-TS_for_Bike_Demand_Forecasting/.venv/lib/python3.12/site-packages/tabpfn_time_series/worker/parallel_workers/gpu_worker.py", line 62, in predict
    predictions = self._prediction_routine_per_gpu(
                  ^^^^^^^^^^^^^^^^^^^^^^^^^^^^^^^^^
  File "/home/20250572/TabPFN-TS_for_Bike_Demand_Forecasting/.venv/lib/python3.12/site-packages/tabpfn_time_series/worker/parallel_workers/gpu_worker.py", line 123, in _prediction_routine_per_gpu
    predictions = self._prediction_routine(
                  ^^^^^^^^^^^^^^^^^^^^^^^^^
  File "/home/20250572/TabPFN-TS_for_Bike_Demand_Forecasting/.venv/lib/python3.12/site-packages/tabpfn_time_series/worker/parallel_workers/base.py", line 70, in _prediction_routine
    results = self.inference_routine(train_X, train_y, test_X, **kwargs)
              ^^^^^^^^^^^^^^^^^^^^^^^^^^^^^^^^^^^^^^^^^^^^^^^^^^^^^^^^^^
  File "/home/20250572/TabPFN-TS_for_Bike_Demand_Forecasting/.venv/lib/python3.12/site-packages/tabpfn_time_series/worker/model_adapters/base.py", line 110, in predict
    raw_pred_output = self._fit_and_predict(
                      ^^^^^^^^^^^^^^^^^^^^^^
  File "/home/20250572/TabPFN-TS_for_Bike_Demand_Forecasting/.venv/lib/python3.12/site-packages/tabpfn_time_series/worker/model_adapters/base.py", line 134, in _fit_and_predict
    model.fit(train_X, train_y, **fit_kwargs)
  File "/usr/local/anaconda3/lib/python3.12/contextlib.py", line 81, in inner
    return func(*args, **kwds)
           ^^^^^^^^^^^^^^^^^^^
  File "/home/20250572/TabPFN-TS_for_Bike_Demand_Forecasting/.venv/lib/python3.12/site-packages/tabpfn_common_utils/telemetry/core/decorators.py", line 320, in wrapper
    return _safe_call_with_telemetry(
           ^^^^^^^^^^^^^^^^^^^^^^^^^^
  File "/home/20250572/TabPFN-TS_for_Bike_Demand_Forecasting/.venv/lib/python3.12/site-packages/tabpfn_common_utils/telemetry/core/decorators.py", line 364, in _safe_call_with_telemetry
    result = func(*args, **kwargs)
             ^^^^^^^^^^^^^^^^^^^^^
  File "/home/20250572/TabPFN-TS_for_Bike_Demand_Forecasting/.venv/lib/python3.12/site-packages/tabpfn/regressor.py", line 825, in fit
    byte_size = self._initialize_model_variables()
                ^^^^^^^^^^^^^^^^^^^^^^^^^^^^^^^^^^
  File "/home/20250572/TabPFN-TS_for_Bike_Demand_Forecasting/.venv/lib/python3.12/site-packages/tabpfn/regressor.py", line 641, in _initialize_model_variables
    return initialize_model_variables_helper(self, self.estimator_type)
           ^^^^^^^^^^^^^^^^^^^^^^^^^^^^^^^^^^^^^^^^^^^^^^^^^^^^^^^^^^^^
  File "/home/20250572/TabPFN-TS_for_Bike_Demand_Forecasting/.venv/lib/python3.12/site-packages/tabpfn/base.py", line 386, in initialize_model_variables_helper
    initialize_tabpfn_model(
  File "/home/20250572/TabPFN-TS_for_Bike_Demand_Forecasting/.venv/lib/python3.12/site-packages/tabpfn/base.py", line 201, in initialize_tabpfn_model
    load_model_criterion_config(
  File "/home/20250572/TabPFN-TS_for_Bike_Demand_Forecasting/.venv/lib/python3.12/site-packages/tabpfn/model_loading.py", line 685, in load_model_criterion_config
    raise res[0]
  File "/home/20250572/TabPFN-TS_for_Bike_Demand_Forecasting/.venv/lib/python3.12/site-packages/tabpfn/model_loading.py", line 510, in _download_model
    ensure_license_accepted(hf_repo_id=_HF_REPOS[version])
  File "/home/20250572/TabPFN-TS_for_Bike_Demand_Forecasting/.venv/lib/python3.12/site-packages/tabpfn/browser_auth.py", line 621, in ensure_license_accepted
    raise TabPFNLicenseError(
tabpfn.errors.TabPFNLicenseError: TabPFN requires a one-time license acceptance to download
model weights for local inference, but no interactive terminal
is available.

To authenticate in a non-interactive environment:
  1. Open https://ux.priorlabs.ai in a browser and log in (or register)
  2. Accept the license on the Licenses tab
  3. Copy your API Key from https://ux.priorlabs.ai/account
  4. Set the environment variable: export TABPFN_TOKEN="<your-api-key>"
     or in Python (before calling .fit()): import os; os.environ["TABPFN_TOKEN"] = "<your-api-key>"

================================================================================
[2026-05-18 20:32:37] ERROR: Error in TabPFN_v3 h=6 fold=32: TabPFN requires a one-time license acceptance to download
model weights for local inference, but no interactive terminal
is available.

To authenticate in a non-interactive environment:
  1. Open https://ux.priorlabs.ai in a browser and log in (or register)
  2. Accept the license on the Licenses tab
  3. Copy your API Key from https://ux.priorlabs.ai/account
  4. Set the environment variable: export TABPFN_TOKEN="<your-api-key>"
     or in Python (before calling .fit()): import os; os.environ["TABPFN_TOKEN"] = "<your-api-key>"
================================================================================
Traceback (most recent call last):
  File "/home/20250572/TabPFN-TS_for_Bike_Demand_Forecasting/forecasting/run_experiments.py", line 185, in run_single_experiment
    y_pred = model.predict(horizon, X_test)
             ^^^^^^^^^^^^^^^^^^^^^^^^^^^^^^
  File "/home/20250572/TabPFN-TS_for_Bike_Demand_Forecasting/forecasting/models/tabpfn_pipeline_model.py", line 108, in predict
    pred_df = self.pipeline.predict_df(
              ^^^^^^^^^^^^^^^^^^^^^^^^^
  File "/home/20250572/TabPFN-TS_for_Bike_Demand_Forecasting/.venv/lib/python3.12/site-packages/tabpfn_time_series/pipeline.py", line 424, in predict_df
    pred = self.predict(context_tsdf, future_tsdf, quantiles=quantiles)
           ^^^^^^^^^^^^^^^^^^^^^^^^^^^^^^^^^^^^^^^^^^^^^^^^^^^^^^^^^^^^
  File "/home/20250572/TabPFN-TS_for_Bike_Demand_Forecasting/.venv/lib/python3.12/site-packages/tabpfn_time_series/pipeline.py", line 310, in predict
    return self.predictor.predict(
           ^^^^^^^^^^^^^^^^^^^^^^^
  File "/home/20250572/TabPFN-TS_for_Bike_Demand_Forecasting/.venv/lib/python3.12/site-packages/tabpfn_common_utils/telemetry/core/decorators.py", line 217, in wrapped
    return fn(*args, **kwargs)
           ^^^^^^^^^^^^^^^^^^^
  File "/home/20250572/TabPFN-TS_for_Bike_Demand_Forecasting/.venv/lib/python3.12/site-packages/tabpfn_time_series/predictor.py", line 128, in predict
    return self._worker.predict(
           ^^^^^^^^^^^^^^^^^^^^^
  File "/home/20250572/TabPFN-TS_for_Bike_Demand_Forecasting/.venv/lib/python3.12/site-packages/tabpfn_time_series/worker/parallel_workers/gpu_worker.py", line 62, in predict
    predictions = self._prediction_routine_per_gpu(
                  ^^^^^^^^^^^^^^^^^^^^^^^^^^^^^^^^^
  File "/home/20250572/TabPFN-TS_for_Bike_Demand_Forecasting/.venv/lib/python3.12/site-packages/tabpfn_time_series/worker/parallel_workers/gpu_worker.py", line 123, in _prediction_routine_per_gpu
    predictions = self._prediction_routine(
                  ^^^^^^^^^^^^^^^^^^^^^^^^^
  File "/home/20250572/TabPFN-TS_for_Bike_Demand_Forecasting/.venv/lib/python3.12/site-packages/tabpfn_time_series/worker/parallel_workers/base.py", line 70, in _prediction_routine
    results = self.inference_routine(train_X, train_y, test_X, **kwargs)
              ^^^^^^^^^^^^^^^^^^^^^^^^^^^^^^^^^^^^^^^^^^^^^^^^^^^^^^^^^^
  File "/home/20250572/TabPFN-TS_for_Bike_Demand_Forecasting/.venv/lib/python3.12/site-packages/tabpfn_time_series/worker/model_adapters/base.py", line 110, in predict
    raw_pred_output = self._fit_and_predict(
                      ^^^^^^^^^^^^^^^^^^^^^^
  File "/home/20250572/TabPFN-TS_for_Bike_Demand_Forecasting/.venv/lib/python3.12/site-packages/tabpfn_time_series/worker/model_adapters/base.py", line 134, in _fit_and_predict
    model.fit(train_X, train_y, **fit_kwargs)
  File "/usr/local/anaconda3/lib/python3.12/contextlib.py", line 81, in inner
    return func(*args, **kwds)
           ^^^^^^^^^^^^^^^^^^^
  File "/home/20250572/TabPFN-TS_for_Bike_Demand_Forecasting/.venv/lib/python3.12/site-packages/tabpfn_common_utils/telemetry/core/decorators.py", line 320, in wrapper
    return _safe_call_with_telemetry(
           ^^^^^^^^^^^^^^^^^^^^^^^^^^
  File "/home/20250572/TabPFN-TS_for_Bike_Demand_Forecasting/.venv/lib/python3.12/site-packages/tabpfn_common_utils/telemetry/core/decorators.py", line 364, in _safe_call_with_telemetry
    result = func(*args, **kwargs)
             ^^^^^^^^^^^^^^^^^^^^^
  File "/home/20250572/TabPFN-TS_for_Bike_Demand_Forecasting/.venv/lib/python3.12/site-packages/tabpfn/regressor.py", line 825, in fit
    byte_size = self._initialize_model_variables()
                ^^^^^^^^^^^^^^^^^^^^^^^^^^^^^^^^^^
  File "/home/20250572/TabPFN-TS_for_Bike_Demand_Forecasting/.venv/lib/python3.12/site-packages/tabpfn/regressor.py", line 641, in _initialize_model_variables
    return initialize_model_variables_helper(self, self.estimator_type)
           ^^^^^^^^^^^^^^^^^^^^^^^^^^^^^^^^^^^^^^^^^^^^^^^^^^^^^^^^^^^^
  File "/home/20250572/TabPFN-TS_for_Bike_Demand_Forecasting/.venv/lib/python3.12/site-packages/tabpfn/base.py", line 386, in initialize_model_variables_helper
    initialize_tabpfn_model(
  File "/home/20250572/TabPFN-TS_for_Bike_Demand_Forecasting/.venv/lib/python3.12/site-packages/tabpfn/base.py", line 201, in initialize_tabpfn_model
    load_model_criterion_config(
  File "/home/20250572/TabPFN-TS_for_Bike_Demand_Forecasting/.venv/lib/python3.12/site-packages/tabpfn/model_loading.py", line 685, in load_model_criterion_config
    raise res[0]
  File "/home/20250572/TabPFN-TS_for_Bike_Demand_Forecasting/.venv/lib/python3.12/site-packages/tabpfn/model_loading.py", line 510, in _download_model
    ensure_license_accepted(hf_repo_id=_HF_REPOS[version])
  File "/home/20250572/TabPFN-TS_for_Bike_Demand_Forecasting/.venv/lib/python3.12/site-packages/tabpfn/browser_auth.py", line 621, in ensure_license_accepted
    raise TabPFNLicenseError(
tabpfn.errors.TabPFNLicenseError: TabPFN requires a one-time license acceptance to download
model weights for local inference, but no interactive terminal
is available.

To authenticate in a non-interactive environment:
  1. Open https://ux.priorlabs.ai in a browser and log in (or register)
  2. Accept the license on the Licenses tab
  3. Copy your API Key from https://ux.priorlabs.ai/account
  4. Set the environment variable: export TABPFN_TOKEN="<your-api-key>"
     or in Python (before calling .fit()): import os; os.environ["TABPFN_TOKEN"] = "<your-api-key>"

================================================================================
[2026-05-18 20:32:37] ERROR: Error in TabPFN_v3 h=6 fold=33: TabPFN requires a one-time license acceptance to download
model weights for local inference, but no interactive terminal
is available.

To authenticate in a non-interactive environment:
  1. Open https://ux.priorlabs.ai in a browser and log in (or register)
  2. Accept the license on the Licenses tab
  3. Copy your API Key from https://ux.priorlabs.ai/account
  4. Set the environment variable: export TABPFN_TOKEN="<your-api-key>"
     or in Python (before calling .fit()): import os; os.environ["TABPFN_TOKEN"] = "<your-api-key>"
================================================================================
Traceback (most recent call last):
  File "/home/20250572/TabPFN-TS_for_Bike_Demand_Forecasting/forecasting/run_experiments.py", line 185, in run_single_experiment
    y_pred = model.predict(horizon, X_test)
             ^^^^^^^^^^^^^^^^^^^^^^^^^^^^^^
  File "/home/20250572/TabPFN-TS_for_Bike_Demand_Forecasting/forecasting/models/tabpfn_pipeline_model.py", line 108, in predict
    pred_df = self.pipeline.predict_df(
              ^^^^^^^^^^^^^^^^^^^^^^^^^
  File "/home/20250572/TabPFN-TS_for_Bike_Demand_Forecasting/.venv/lib/python3.12/site-packages/tabpfn_time_series/pipeline.py", line 424, in predict_df
    pred = self.predict(context_tsdf, future_tsdf, quantiles=quantiles)
           ^^^^^^^^^^^^^^^^^^^^^^^^^^^^^^^^^^^^^^^^^^^^^^^^^^^^^^^^^^^^
  File "/home/20250572/TabPFN-TS_for_Bike_Demand_Forecasting/.venv/lib/python3.12/site-packages/tabpfn_time_series/pipeline.py", line 310, in predict
    return self.predictor.predict(
           ^^^^^^^^^^^^^^^^^^^^^^^
  File "/home/20250572/TabPFN-TS_for_Bike_Demand_Forecasting/.venv/lib/python3.12/site-packages/tabpfn_common_utils/telemetry/core/decorators.py", line 217, in wrapped
    return fn(*args, **kwargs)
           ^^^^^^^^^^^^^^^^^^^
  File "/home/20250572/TabPFN-TS_for_Bike_Demand_Forecasting/.venv/lib/python3.12/site-packages/tabpfn_time_series/predictor.py", line 128, in predict
    return self._worker.predict(
           ^^^^^^^^^^^^^^^^^^^^^
  File "/home/20250572/TabPFN-TS_for_Bike_Demand_Forecasting/.venv/lib/python3.12/site-packages/tabpfn_time_series/worker/parallel_workers/gpu_worker.py", line 62, in predict
    predictions = self._prediction_routine_per_gpu(
                  ^^^^^^^^^^^^^^^^^^^^^^^^^^^^^^^^^
  File "/home/20250572/TabPFN-TS_for_Bike_Demand_Forecasting/.venv/lib/python3.12/site-packages/tabpfn_time_series/worker/parallel_workers/gpu_worker.py", line 123, in _prediction_routine_per_gpu
    predictions = self._prediction_routine(
                  ^^^^^^^^^^^^^^^^^^^^^^^^^
  File "/home/20250572/TabPFN-TS_for_Bike_Demand_Forecasting/.venv/lib/python3.12/site-packages/tabpfn_time_series/worker/parallel_workers/base.py", line 70, in _prediction_routine
    results = self.inference_routine(train_X, train_y, test_X, **kwargs)
              ^^^^^^^^^^^^^^^^^^^^^^^^^^^^^^^^^^^^^^^^^^^^^^^^^^^^^^^^^^
  File "/home/20250572/TabPFN-TS_for_Bike_Demand_Forecasting/.venv/lib/python3.12/site-packages/tabpfn_time_series/worker/model_adapters/base.py", line 110, in predict
    raw_pred_output = self._fit_and_predict(
                      ^^^^^^^^^^^^^^^^^^^^^^
  File "/home/20250572/TabPFN-TS_for_Bike_Demand_Forecasting/.venv/lib/python3.12/site-packages/tabpfn_time_series/worker/model_adapters/base.py", line 134, in _fit_and_predict
    model.fit(train_X, train_y, **fit_kwargs)
  File "/usr/local/anaconda3/lib/python3.12/contextlib.py", line 81, in inner
    return func(*args, **kwds)
           ^^^^^^^^^^^^^^^^^^^
  File "/home/20250572/TabPFN-TS_for_Bike_Demand_Forecasting/.venv/lib/python3.12/site-packages/tabpfn_common_utils/telemetry/core/decorators.py", line 320, in wrapper
    return _safe_call_with_telemetry(
           ^^^^^^^^^^^^^^^^^^^^^^^^^^
  File "/home/20250572/TabPFN-TS_for_Bike_Demand_Forecasting/.venv/lib/python3.12/site-packages/tabpfn_common_utils/telemetry/core/decorators.py", line 364, in _safe_call_with_telemetry
    result = func(*args, **kwargs)
             ^^^^^^^^^^^^^^^^^^^^^
  File "/home/20250572/TabPFN-TS_for_Bike_Demand_Forecasting/.venv/lib/python3.12/site-packages/tabpfn/regressor.py", line 825, in fit
    byte_size = self._initialize_model_variables()
                ^^^^^^^^^^^^^^^^^^^^^^^^^^^^^^^^^^
  File "/home/20250572/TabPFN-TS_for_Bike_Demand_Forecasting/.venv/lib/python3.12/site-packages/tabpfn/regressor.py", line 641, in _initialize_model_variables
    return initialize_model_variables_helper(self, self.estimator_type)
           ^^^^^^^^^^^^^^^^^^^^^^^^^^^^^^^^^^^^^^^^^^^^^^^^^^^^^^^^^^^^
  File "/home/20250572/TabPFN-TS_for_Bike_Demand_Forecasting/.venv/lib/python3.12/site-packages/tabpfn/base.py", line 386, in initialize_model_variables_helper
    initialize_tabpfn_model(
  File "/home/20250572/TabPFN-TS_for_Bike_Demand_Forecasting/.venv/lib/python3.12/site-packages/tabpfn/base.py", line 201, in initialize_tabpfn_model
    load_model_criterion_config(
  File "/home/20250572/TabPFN-TS_for_Bike_Demand_Forecasting/.venv/lib/python3.12/site-packages/tabpfn/model_loading.py", line 685, in load_model_criterion_config
    raise res[0]
  File "/home/20250572/TabPFN-TS_for_Bike_Demand_Forecasting/.venv/lib/python3.12/site-packages/tabpfn/model_loading.py", line 510, in _download_model
    ensure_license_accepted(hf_repo_id=_HF_REPOS[version])
  File "/home/20250572/TabPFN-TS_for_Bike_Demand_Forecasting/.venv/lib/python3.12/site-packages/tabpfn/browser_auth.py", line 621, in ensure_license_accepted
    raise TabPFNLicenseError(
tabpfn.errors.TabPFNLicenseError: TabPFN requires a one-time license acceptance to download
model weights for local inference, but no interactive terminal
is available.

To authenticate in a non-interactive environment:
  1. Open https://ux.priorlabs.ai in a browser and log in (or register)
  2. Accept the license on the Licenses tab
  3. Copy your API Key from https://ux.priorlabs.ai/account
  4. Set the environment variable: export TABPFN_TOKEN="<your-api-key>"
     or in Python (before calling .fit()): import os; os.environ["TABPFN_TOKEN"] = "<your-api-key>"

================================================================================
[2026-05-18 20:32:38] ERROR: Error in TabPFN_v3 h=6 fold=34: TabPFN requires a one-time license acceptance to download
model weights for local inference, but no interactive terminal
is available.

To authenticate in a non-interactive environment:
  1. Open https://ux.priorlabs.ai in a browser and log in (or register)
  2. Accept the license on the Licenses tab
  3. Copy your API Key from https://ux.priorlabs.ai/account
  4. Set the environment variable: export TABPFN_TOKEN="<your-api-key>"
     or in Python (before calling .fit()): import os; os.environ["TABPFN_TOKEN"] = "<your-api-key>"
================================================================================
Traceback (most recent call last):
  File "/home/20250572/TabPFN-TS_for_Bike_Demand_Forecasting/forecasting/run_experiments.py", line 185, in run_single_experiment
    y_pred = model.predict(horizon, X_test)
             ^^^^^^^^^^^^^^^^^^^^^^^^^^^^^^
  File "/home/20250572/TabPFN-TS_for_Bike_Demand_Forecasting/forecasting/models/tabpfn_pipeline_model.py", line 108, in predict
    pred_df = self.pipeline.predict_df(
              ^^^^^^^^^^^^^^^^^^^^^^^^^
  File "/home/20250572/TabPFN-TS_for_Bike_Demand_Forecasting/.venv/lib/python3.12/site-packages/tabpfn_time_series/pipeline.py", line 424, in predict_df
    pred = self.predict(context_tsdf, future_tsdf, quantiles=quantiles)
           ^^^^^^^^^^^^^^^^^^^^^^^^^^^^^^^^^^^^^^^^^^^^^^^^^^^^^^^^^^^^
  File "/home/20250572/TabPFN-TS_for_Bike_Demand_Forecasting/.venv/lib/python3.12/site-packages/tabpfn_time_series/pipeline.py", line 310, in predict
    return self.predictor.predict(
           ^^^^^^^^^^^^^^^^^^^^^^^
  File "/home/20250572/TabPFN-TS_for_Bike_Demand_Forecasting/.venv/lib/python3.12/site-packages/tabpfn_common_utils/telemetry/core/decorators.py", line 217, in wrapped
    return fn(*args, **kwargs)
           ^^^^^^^^^^^^^^^^^^^
  File "/home/20250572/TabPFN-TS_for_Bike_Demand_Forecasting/.venv/lib/python3.12/site-packages/tabpfn_time_series/predictor.py", line 128, in predict
    return self._worker.predict(
           ^^^^^^^^^^^^^^^^^^^^^
  File "/home/20250572/TabPFN-TS_for_Bike_Demand_Forecasting/.venv/lib/python3.12/site-packages/tabpfn_time_series/worker/parallel_workers/gpu_worker.py", line 62, in predict
    predictions = self._prediction_routine_per_gpu(
                  ^^^^^^^^^^^^^^^^^^^^^^^^^^^^^^^^^
  File "/home/20250572/TabPFN-TS_for_Bike_Demand_Forecasting/.venv/lib/python3.12/site-packages/tabpfn_time_series/worker/parallel_workers/gpu_worker.py", line 123, in _prediction_routine_per_gpu
    predictions = self._prediction_routine(
                  ^^^^^^^^^^^^^^^^^^^^^^^^^
  File "/home/20250572/TabPFN-TS_for_Bike_Demand_Forecasting/.venv/lib/python3.12/site-packages/tabpfn_time_series/worker/parallel_workers/base.py", line 70, in _prediction_routine
    results = self.inference_routine(train_X, train_y, test_X, **kwargs)
              ^^^^^^^^^^^^^^^^^^^^^^^^^^^^^^^^^^^^^^^^^^^^^^^^^^^^^^^^^^
  File "/home/20250572/TabPFN-TS_for_Bike_Demand_Forecasting/.venv/lib/python3.12/site-packages/tabpfn_time_series/worker/model_adapters/base.py", line 110, in predict
    raw_pred_output = self._fit_and_predict(
                      ^^^^^^^^^^^^^^^^^^^^^^
  File "/home/20250572/TabPFN-TS_for_Bike_Demand_Forecasting/.venv/lib/python3.12/site-packages/tabpfn_time_series/worker/model_adapters/base.py", line 134, in _fit_and_predict
    model.fit(train_X, train_y, **fit_kwargs)
  File "/usr/local/anaconda3/lib/python3.12/contextlib.py", line 81, in inner
    return func(*args, **kwds)
           ^^^^^^^^^^^^^^^^^^^
  File "/home/20250572/TabPFN-TS_for_Bike_Demand_Forecasting/.venv/lib/python3.12/site-packages/tabpfn_common_utils/telemetry/core/decorators.py", line 320, in wrapper
    return _safe_call_with_telemetry(
           ^^^^^^^^^^^^^^^^^^^^^^^^^^
  File "/home/20250572/TabPFN-TS_for_Bike_Demand_Forecasting/.venv/lib/python3.12/site-packages/tabpfn_common_utils/telemetry/core/decorators.py", line 364, in _safe_call_with_telemetry
    result = func(*args, **kwargs)
             ^^^^^^^^^^^^^^^^^^^^^
  File "/home/20250572/TabPFN-TS_for_Bike_Demand_Forecasting/.venv/lib/python3.12/site-packages/tabpfn/regressor.py", line 825, in fit
    byte_size = self._initialize_model_variables()
                ^^^^^^^^^^^^^^^^^^^^^^^^^^^^^^^^^^
  File "/home/20250572/TabPFN-TS_for_Bike_Demand_Forecasting/.venv/lib/python3.12/site-packages/tabpfn/regressor.py", line 641, in _initialize_model_variables
    return initialize_model_variables_helper(self, self.estimator_type)
           ^^^^^^^^^^^^^^^^^^^^^^^^^^^^^^^^^^^^^^^^^^^^^^^^^^^^^^^^^^^^
  File "/home/20250572/TabPFN-TS_for_Bike_Demand_Forecasting/.venv/lib/python3.12/site-packages/tabpfn/base.py", line 386, in initialize_model_variables_helper
    initialize_tabpfn_model(
  File "/home/20250572/TabPFN-TS_for_Bike_Demand_Forecasting/.venv/lib/python3.12/site-packages/tabpfn/base.py", line 201, in initialize_tabpfn_model
    load_model_criterion_config(
  File "/home/20250572/TabPFN-TS_for_Bike_Demand_Forecasting/.venv/lib/python3.12/site-packages/tabpfn/model_loading.py", line 685, in load_model_criterion_config
    raise res[0]
  File "/home/20250572/TabPFN-TS_for_Bike_Demand_Forecasting/.venv/lib/python3.12/site-packages/tabpfn/model_loading.py", line 510, in _download_model
    ensure_license_accepted(hf_repo_id=_HF_REPOS[version])
  File "/home/20250572/TabPFN-TS_for_Bike_Demand_Forecasting/.venv/lib/python3.12/site-packages/tabpfn/browser_auth.py", line 621, in ensure_license_accepted
    raise TabPFNLicenseError(
tabpfn.errors.TabPFNLicenseError: TabPFN requires a one-time license acceptance to download
model weights for local inference, but no interactive terminal
is available.

To authenticate in a non-interactive environment:
  1. Open https://ux.priorlabs.ai in a browser and log in (or register)
  2. Accept the license on the Licenses tab
  3. Copy your API Key from https://ux.priorlabs.ai/account
  4. Set the environment variable: export TABPFN_TOKEN="<your-api-key>"
     or in Python (before calling .fit()): import os; os.environ["TABPFN_TOKEN"] = "<your-api-key>"

================================================================================
[2026-05-18 20:32:38] ERROR: Error in TabPFN_v3 h=6 fold=35: TabPFN requires a one-time license acceptance to download
model weights for local inference, but no interactive terminal
is available.

To authenticate in a non-interactive environment:
  1. Open https://ux.priorlabs.ai in a browser and log in (or register)
  2. Accept the license on the Licenses tab
  3. Copy your API Key from https://ux.priorlabs.ai/account
  4. Set the environment variable: export TABPFN_TOKEN="<your-api-key>"
     or in Python (before calling .fit()): import os; os.environ["TABPFN_TOKEN"] = "<your-api-key>"
================================================================================
Traceback (most recent call last):
  File "/home/20250572/TabPFN-TS_for_Bike_Demand_Forecasting/forecasting/run_experiments.py", line 185, in run_single_experiment
    y_pred = model.predict(horizon, X_test)
             ^^^^^^^^^^^^^^^^^^^^^^^^^^^^^^
  File "/home/20250572/TabPFN-TS_for_Bike_Demand_Forecasting/forecasting/models/tabpfn_pipeline_model.py", line 108, in predict
    pred_df = self.pipeline.predict_df(
              ^^^^^^^^^^^^^^^^^^^^^^^^^
  File "/home/20250572/TabPFN-TS_for_Bike_Demand_Forecasting/.venv/lib/python3.12/site-packages/tabpfn_time_series/pipeline.py", line 424, in predict_df
    pred = self.predict(context_tsdf, future_tsdf, quantiles=quantiles)
           ^^^^^^^^^^^^^^^^^^^^^^^^^^^^^^^^^^^^^^^^^^^^^^^^^^^^^^^^^^^^
  File "/home/20250572/TabPFN-TS_for_Bike_Demand_Forecasting/.venv/lib/python3.12/site-packages/tabpfn_time_series/pipeline.py", line 310, in predict
    return self.predictor.predict(
           ^^^^^^^^^^^^^^^^^^^^^^^
  File "/home/20250572/TabPFN-TS_for_Bike_Demand_Forecasting/.venv/lib/python3.12/site-packages/tabpfn_common_utils/telemetry/core/decorators.py", line 217, in wrapped
    return fn(*args, **kwargs)
           ^^^^^^^^^^^^^^^^^^^
  File "/home/20250572/TabPFN-TS_for_Bike_Demand_Forecasting/.venv/lib/python3.12/site-packages/tabpfn_time_series/predictor.py", line 128, in predict
    return self._worker.predict(
           ^^^^^^^^^^^^^^^^^^^^^
  File "/home/20250572/TabPFN-TS_for_Bike_Demand_Forecasting/.venv/lib/python3.12/site-packages/tabpfn_time_series/worker/parallel_workers/gpu_worker.py", line 62, in predict
    predictions = self._prediction_routine_per_gpu(
                  ^^^^^^^^^^^^^^^^^^^^^^^^^^^^^^^^^
  File "/home/20250572/TabPFN-TS_for_Bike_Demand_Forecasting/.venv/lib/python3.12/site-packages/tabpfn_time_series/worker/parallel_workers/gpu_worker.py", line 123, in _prediction_routine_per_gpu
    predictions = self._prediction_routine(
                  ^^^^^^^^^^^^^^^^^^^^^^^^^
  File "/home/20250572/TabPFN-TS_for_Bike_Demand_Forecasting/.venv/lib/python3.12/site-packages/tabpfn_time_series/worker/parallel_workers/base.py", line 70, in _prediction_routine
    results = self.inference_routine(train_X, train_y, test_X, **kwargs)
              ^^^^^^^^^^^^^^^^^^^^^^^^^^^^^^^^^^^^^^^^^^^^^^^^^^^^^^^^^^
  File "/home/20250572/TabPFN-TS_for_Bike_Demand_Forecasting/.venv/lib/python3.12/site-packages/tabpfn_time_series/worker/model_adapters/base.py", line 110, in predict
    raw_pred_output = self._fit_and_predict(
                      ^^^^^^^^^^^^^^^^^^^^^^
  File "/home/20250572/TabPFN-TS_for_Bike_Demand_Forecasting/.venv/lib/python3.12/site-packages/tabpfn_time_series/worker/model_adapters/base.py", line 134, in _fit_and_predict
    model.fit(train_X, train_y, **fit_kwargs)
  File "/usr/local/anaconda3/lib/python3.12/contextlib.py", line 81, in inner
    return func(*args, **kwds)
           ^^^^^^^^^^^^^^^^^^^
  File "/home/20250572/TabPFN-TS_for_Bike_Demand_Forecasting/.venv/lib/python3.12/site-packages/tabpfn_common_utils/telemetry/core/decorators.py", line 320, in wrapper
    return _safe_call_with_telemetry(
           ^^^^^^^^^^^^^^^^^^^^^^^^^^
  File "/home/20250572/TabPFN-TS_for_Bike_Demand_Forecasting/.venv/lib/python3.12/site-packages/tabpfn_common_utils/telemetry/core/decorators.py", line 364, in _safe_call_with_telemetry
    result = func(*args, **kwargs)
             ^^^^^^^^^^^^^^^^^^^^^
  File "/home/20250572/TabPFN-TS_for_Bike_Demand_Forecasting/.venv/lib/python3.12/site-packages/tabpfn/regressor.py", line 825, in fit
    byte_size = self._initialize_model_variables()
                ^^^^^^^^^^^^^^^^^^^^^^^^^^^^^^^^^^
  File "/home/20250572/TabPFN-TS_for_Bike_Demand_Forecasting/.venv/lib/python3.12/site-packages/tabpfn/regressor.py", line 641, in _initialize_model_variables
    return initialize_model_variables_helper(self, self.estimator_type)
           ^^^^^^^^^^^^^^^^^^^^^^^^^^^^^^^^^^^^^^^^^^^^^^^^^^^^^^^^^^^^
  File "/home/20250572/TabPFN-TS_for_Bike_Demand_Forecasting/.venv/lib/python3.12/site-packages/tabpfn/base.py", line 386, in initialize_model_variables_helper
    initialize_tabpfn_model(
  File "/home/20250572/TabPFN-TS_for_Bike_Demand_Forecasting/.venv/lib/python3.12/site-packages/tabpfn/base.py", line 201, in initialize_tabpfn_model
    load_model_criterion_config(
  File "/home/20250572/TabPFN-TS_for_Bike_Demand_Forecasting/.venv/lib/python3.12/site-packages/tabpfn/model_loading.py", line 685, in load_model_criterion_config
    raise res[0]
  File "/home/20250572/TabPFN-TS_for_Bike_Demand_Forecasting/.venv/lib/python3.12/site-packages/tabpfn/model_loading.py", line 510, in _download_model
    ensure_license_accepted(hf_repo_id=_HF_REPOS[version])
  File "/home/20250572/TabPFN-TS_for_Bike_Demand_Forecasting/.venv/lib/python3.12/site-packages/tabpfn/browser_auth.py", line 621, in ensure_license_accepted
    raise TabPFNLicenseError(
tabpfn.errors.TabPFNLicenseError: TabPFN requires a one-time license acceptance to download
model weights for local inference, but no interactive terminal
is available.

To authenticate in a non-interactive environment:
  1. Open https://ux.priorlabs.ai in a browser and log in (or register)
  2. Accept the license on the Licenses tab
  3. Copy your API Key from https://ux.priorlabs.ai/account
  4. Set the environment variable: export TABPFN_TOKEN="<your-api-key>"
     or in Python (before calling .fit()): import os; os.environ["TABPFN_TOKEN"] = "<your-api-key>"
