
================================================================================
[2026-03-17 18:41:15] ERROR: Error in NeuralProphet h=6 fold=0: No module named 'pkg_resources'
================================================================================
Traceback (most recent call last):
  File "/home/20250572/TabPFN-TS_for_Bike_Demand_Forecasting/forecasting/run_experiments.py", line 184, in run_single_experiment
    model.fit(y_train, X_train)
  File "/home/20250572/TabPFN-TS_for_Bike_Demand_Forecasting/forecasting/models/prophet_models.py", line 118, in fit
    from neuralprophet import NeuralProphet
  File "/home/20250572/TabPFN-TS_for_Bike_Demand_Forecasting/.venv/lib/python3.12/site-packages/neuralprophet/__init__.py", line 4, in <module>
    import pytorch_lightning as pl
  File "/home/20250572/TabPFN-TS_for_Bike_Demand_Forecasting/.venv/lib/python3.12/site-packages/wandb/sdk/lib/import_hooks.py", line 182, in _exec_module
    self.loader.exec_module(module)
  File "/home/20250572/TabPFN-TS_for_Bike_Demand_Forecasting/.venv/lib/python3.12/site-packages/pytorch_lightning/__init__.py", line 34, in <module>
    from lightning_fabric.utilities.seed import seed_everything  # noqa: E402
    ^^^^^^^^^^^^^^^^^^^^^^^^^^^^^^^^^^^^^^^^^^^^^^^^^^^^^^^^^^^
  File "/home/20250572/TabPFN-TS_for_Bike_Demand_Forecasting/.venv/lib/python3.12/site-packages/wandb/sdk/lib/import_hooks.py", line 182, in _exec_module
    self.loader.exec_module(module)
  File "/home/20250572/TabPFN-TS_for_Bike_Demand_Forecasting/.venv/lib/python3.12/site-packages/lightning_fabric/__init__.py", line 29, in <module>
    __import__("pkg_resources").declare_namespace(__name__)
    ^^^^^^^^^^^^^^^^^^^^^^^^^^^
ModuleNotFoundError: No module named 'pkg_resources'

================================================================================
[2026-03-17 18:41:16] ERROR: Error in NeuralProphet h=6 fold=1: No module named 'pkg_resources'
================================================================================
Traceback (most recent call last):
  File "/home/20250572/TabPFN-TS_for_Bike_Demand_Forecasting/forecasting/run_experiments.py", line 184, in run_single_experiment
    model.fit(y_train, X_train)
  File "/home/20250572/TabPFN-TS_for_Bike_Demand_Forecasting/forecasting/models/prophet_models.py", line 118, in fit
    from neuralprophet import NeuralProphet
  File "/home/20250572/TabPFN-TS_for_Bike_Demand_Forecasting/.venv/lib/python3.12/site-packages/neuralprophet/__init__.py", line 4, in <module>
    import pytorch_lightning as pl
  File "/home/20250572/TabPFN-TS_for_Bike_Demand_Forecasting/.venv/lib/python3.12/site-packages/wandb/sdk/lib/import_hooks.py", line 182, in _exec_module
    self.loader.exec_module(module)
  File "/home/20250572/TabPFN-TS_for_Bike_Demand_Forecasting/.venv/lib/python3.12/site-packages/pytorch_lightning/__init__.py", line 35, in <module>
    from pytorch_lightning.callbacks import Callback  # noqa: E402
    ^^^^^^^^^^^^^^^^^^^^^^^^^^^^^^^^^^^^^^^^^^^^^^^^
  File "/home/20250572/TabPFN-TS_for_Bike_Demand_Forecasting/.venv/lib/python3.12/site-packages/pytorch_lightning/callbacks/__init__.py", line 28, in <module>
    from pytorch_lightning.callbacks.pruning import ModelPruning
  File "/home/20250572/TabPFN-TS_for_Bike_Demand_Forecasting/.venv/lib/python3.12/site-packages/pytorch_lightning/callbacks/pruning.py", line 31, in <module>
    from pytorch_lightning.core.module import LightningModule
  File "/home/20250572/TabPFN-TS_for_Bike_Demand_Forecasting/.venv/lib/python3.12/site-packages/pytorch_lightning/core/__init__.py", line 16, in <module>
    from pytorch_lightning.core.module import LightningModule
  File "/home/20250572/TabPFN-TS_for_Bike_Demand_Forecasting/.venv/lib/python3.12/site-packages/pytorch_lightning/core/module.py", line 32, in <module>
    import lightning_fabric as lf
  File "/home/20250572/TabPFN-TS_for_Bike_Demand_Forecasting/.venv/lib/python3.12/site-packages/wandb/sdk/lib/import_hooks.py", line 182, in _exec_module
    self.loader.exec_module(module)
  File "/home/20250572/TabPFN-TS_for_Bike_Demand_Forecasting/.venv/lib/python3.12/site-packages/lightning_fabric/__init__.py", line 29, in <module>
    __import__("pkg_resources").declare_namespace(__name__)
    ^^^^^^^^^^^^^^^^^^^^^^^^^^^
ModuleNotFoundError: No module named 'pkg_resources'

================================================================================
[2026-03-17 18:41:16] ERROR: Error in NeuralProphet h=6 fold=2: No module named 'pkg_resources'
================================================================================
Traceback (most recent call last):
  File "/home/20250572/TabPFN-TS_for_Bike_Demand_Forecasting/forecasting/run_experiments.py", line 184, in run_single_experiment
    model.fit(y_train, X_train)
  File "/home/20250572/TabPFN-TS_for_Bike_Demand_Forecasting/forecasting/models/prophet_models.py", line 118, in fit
    from neuralprophet import NeuralProphet
  File "/home/20250572/TabPFN-TS_for_Bike_Demand_Forecasting/.venv/lib/python3.12/site-packages/neuralprophet/__init__.py", line 4, in <module>
    import pytorch_lightning as pl
  File "/home/20250572/TabPFN-TS_for_Bike_Demand_Forecasting/.venv/lib/python3.12/site-packages/wandb/sdk/lib/import_hooks.py", line 182, in _exec_module
    self.loader.exec_module(module)
  File "/home/20250572/TabPFN-TS_for_Bike_Demand_Forecasting/.venv/lib/python3.12/site-packages/pytorch_lightning/__init__.py", line 35, in <module>
    from pytorch_lightning.callbacks import Callback  # noqa: E402
    ^^^^^^^^^^^^^^^^^^^^^^^^^^^^^^^^^^^^^^^^^^^^^^^^
  File "/home/20250572/TabPFN-TS_for_Bike_Demand_Forecasting/.venv/lib/python3.12/site-packages/pytorch_lightning/callbacks/__init__.py", line 28, in <module>
    from pytorch_lightning.callbacks.pruning import ModelPruning
  File "/home/20250572/TabPFN-TS_for_Bike_Demand_Forecasting/.venv/lib/python3.12/site-packages/pytorch_lightning/callbacks/pruning.py", line 31, in <module>
    from pytorch_lightning.core.module import LightningModule
  File "/home/20250572/TabPFN-TS_for_Bike_Demand_Forecasting/.venv/lib/python3.12/site-packages/pytorch_lightning/core/__init__.py", line 16, in <module>
    from pytorch_lightning.core.module import LightningModule
  File "/home/20250572/TabPFN-TS_for_Bike_Demand_Forecasting/.venv/lib/python3.12/site-packages/pytorch_lightning/core/module.py", line 32, in <module>
    import lightning_fabric as lf
  File "/home/20250572/TabPFN-TS_for_Bike_Demand_Forecasting/.venv/lib/python3.12/site-packages/wandb/sdk/lib/import_hooks.py", line 182, in _exec_module
    self.loader.exec_module(module)
  File "/home/20250572/TabPFN-TS_for_Bike_Demand_Forecasting/.venv/lib/python3.12/site-packages/lightning_fabric/__init__.py", line 29, in <module>
    __import__("pkg_resources").declare_namespace(__name__)
    ^^^^^^^^^^^^^^^^^^^^^^^^^^^
ModuleNotFoundError: No module named 'pkg_resources'

================================================================================
[2026-03-17 18:41:16] ERROR: Error in NeuralProphet h=6 fold=3: No module named 'pkg_resources'
================================================================================
Traceback (most recent call last):
  File "/home/20250572/TabPFN-TS_for_Bike_Demand_Forecasting/forecasting/run_experiments.py", line 184, in run_single_experiment
    model.fit(y_train, X_train)
  File "/home/20250572/TabPFN-TS_for_Bike_Demand_Forecasting/forecasting/models/prophet_models.py", line 118, in fit
    from neuralprophet import NeuralProphet
  File "/home/20250572/TabPFN-TS_for_Bike_Demand_Forecasting/.venv/lib/python3.12/site-packages/neuralprophet/__init__.py", line 4, in <module>
    import pytorch_lightning as pl
  File "/home/20250572/TabPFN-TS_for_Bike_Demand_Forecasting/.venv/lib/python3.12/site-packages/wandb/sdk/lib/import_hooks.py", line 182, in _exec_module
    self.loader.exec_module(module)
  File "/home/20250572/TabPFN-TS_for_Bike_Demand_Forecasting/.venv/lib/python3.12/site-packages/pytorch_lightning/__init__.py", line 35, in <module>
    from pytorch_lightning.callbacks import Callback  # noqa: E402
    ^^^^^^^^^^^^^^^^^^^^^^^^^^^^^^^^^^^^^^^^^^^^^^^^
  File "/home/20250572/TabPFN-TS_for_Bike_Demand_Forecasting/.venv/lib/python3.12/site-packages/pytorch_lightning/callbacks/__init__.py", line 28, in <module>
    from pytorch_lightning.callbacks.pruning import ModelPruning
  File "/home/20250572/TabPFN-TS_for_Bike_Demand_Forecasting/.venv/lib/python3.12/site-packages/pytorch_lightning/callbacks/pruning.py", line 31, in <module>
    from pytorch_lightning.core.module import LightningModule
  File "/home/20250572/TabPFN-TS_for_Bike_Demand_Forecasting/.venv/lib/python3.12/site-packages/pytorch_lightning/core/__init__.py", line 16, in <module>
    from pytorch_lightning.core.module import LightningModule
  File "/home/20250572/TabPFN-TS_for_Bike_Demand_Forecasting/.venv/lib/python3.12/site-packages/pytorch_lightning/core/module.py", line 32, in <module>
    import lightning_fabric as lf
  File "/home/20250572/TabPFN-TS_for_Bike_Demand_Forecasting/.venv/lib/python3.12/site-packages/wandb/sdk/lib/import_hooks.py", line 182, in _exec_module
    self.loader.exec_module(module)
  File "/home/20250572/TabPFN-TS_for_Bike_Demand_Forecasting/.venv/lib/python3.12/site-packages/lightning_fabric/__init__.py", line 29, in <module>
    __import__("pkg_resources").declare_namespace(__name__)
    ^^^^^^^^^^^^^^^^^^^^^^^^^^^
ModuleNotFoundError: No module named 'pkg_resources'

================================================================================
[2026-03-17 18:41:16] ERROR: Error in NeuralProphet h=6 fold=4: No module named 'pkg_resources'
================================================================================
Traceback (most recent call last):
  File "/home/20250572/TabPFN-TS_for_Bike_Demand_Forecasting/forecasting/run_experiments.py", line 184, in run_single_experiment
    model.fit(y_train, X_train)
  File "/home/20250572/TabPFN-TS_for_Bike_Demand_Forecasting/forecasting/models/prophet_models.py", line 118, in fit
    from neuralprophet import NeuralProphet
  File "/home/20250572/TabPFN-TS_for_Bike_Demand_Forecasting/.venv/lib/python3.12/site-packages/neuralprophet/__init__.py", line 4, in <module>
    import pytorch_lightning as pl
  File "/home/20250572/TabPFN-TS_for_Bike_Demand_Forecasting/.venv/lib/python3.12/site-packages/wandb/sdk/lib/import_hooks.py", line 182, in _exec_module
    self.loader.exec_module(module)
  File "/home/20250572/TabPFN-TS_for_Bike_Demand_Forecasting/.venv/lib/python3.12/site-packages/pytorch_lightning/__init__.py", line 35, in <module>
    from pytorch_lightning.callbacks import Callback  # noqa: E402
    ^^^^^^^^^^^^^^^^^^^^^^^^^^^^^^^^^^^^^^^^^^^^^^^^
  File "/home/20250572/TabPFN-TS_for_Bike_Demand_Forecasting/.venv/lib/python3.12/site-packages/pytorch_lightning/callbacks/__init__.py", line 28, in <module>
    from pytorch_lightning.callbacks.pruning import ModelPruning
  File "/home/20250572/TabPFN-TS_for_Bike_Demand_Forecasting/.venv/lib/python3.12/site-packages/pytorch_lightning/callbacks/pruning.py", line 31, in <module>
    from pytorch_lightning.core.module import LightningModule
  File "/home/20250572/TabPFN-TS_for_Bike_Demand_Forecasting/.venv/lib/python3.12/site-packages/pytorch_lightning/core/__init__.py", line 16, in <module>
    from pytorch_lightning.core.module import LightningModule
  File "/home/20250572/TabPFN-TS_for_Bike_Demand_Forecasting/.venv/lib/python3.12/site-packages/pytorch_lightning/core/module.py", line 32, in <module>
    import lightning_fabric as lf
  File "/home/20250572/TabPFN-TS_for_Bike_Demand_Forecasting/.venv/lib/python3.12/site-packages/wandb/sdk/lib/import_hooks.py", line 182, in _exec_module
    self.loader.exec_module(module)
  File "/home/20250572/TabPFN-TS_for_Bike_Demand_Forecasting/.venv/lib/python3.12/site-packages/lightning_fabric/__init__.py", line 29, in <module>
    __import__("pkg_resources").declare_namespace(__name__)
    ^^^^^^^^^^^^^^^^^^^^^^^^^^^
ModuleNotFoundError: No module named 'pkg_resources'

================================================================================
[2026-03-17 18:41:16] ERROR: Error in NeuralProphet h=6 fold=5: No module named 'pkg_resources'
================================================================================
Traceback (most recent call last):
  File "/home/20250572/TabPFN-TS_for_Bike_Demand_Forecasting/forecasting/run_experiments.py", line 184, in run_single_experiment
    model.fit(y_train, X_train)
  File "/home/20250572/TabPFN-TS_for_Bike_Demand_Forecasting/forecasting/models/prophet_models.py", line 118, in fit
    from neuralprophet import NeuralProphet
  File "/home/20250572/TabPFN-TS_for_Bike_Demand_Forecasting/.venv/lib/python3.12/site-packages/neuralprophet/__init__.py", line 4, in <module>
    import pytorch_lightning as pl
  File "/home/20250572/TabPFN-TS_for_Bike_Demand_Forecasting/.venv/lib/python3.12/site-packages/wandb/sdk/lib/import_hooks.py", line 182, in _exec_module
    self.loader.exec_module(module)
  File "/home/20250572/TabPFN-TS_for_Bike_Demand_Forecasting/.venv/lib/python3.12/site-packages/pytorch_lightning/__init__.py", line 35, in <module>
    from pytorch_lightning.callbacks import Callback  # noqa: E402
    ^^^^^^^^^^^^^^^^^^^^^^^^^^^^^^^^^^^^^^^^^^^^^^^^
  File "/home/20250572/TabPFN-TS_for_Bike_Demand_Forecasting/.venv/lib/python3.12/site-packages/pytorch_lightning/callbacks/__init__.py", line 28, in <module>
    from pytorch_lightning.callbacks.pruning import ModelPruning
  File "/home/20250572/TabPFN-TS_for_Bike_Demand_Forecasting/.venv/lib/python3.12/site-packages/pytorch_lightning/callbacks/pruning.py", line 31, in <module>
    from pytorch_lightning.core.module import LightningModule
  File "/home/20250572/TabPFN-TS_for_Bike_Demand_Forecasting/.venv/lib/python3.12/site-packages/pytorch_lightning/core/__init__.py", line 16, in <module>
    from pytorch_lightning.core.module import LightningModule
  File "/home/20250572/TabPFN-TS_for_Bike_Demand_Forecasting/.venv/lib/python3.12/site-packages/pytorch_lightning/core/module.py", line 32, in <module>
    import lightning_fabric as lf
  File "/home/20250572/TabPFN-TS_for_Bike_Demand_Forecasting/.venv/lib/python3.12/site-packages/wandb/sdk/lib/import_hooks.py", line 182, in _exec_module
    self.loader.exec_module(module)
  File "/home/20250572/TabPFN-TS_for_Bike_Demand_Forecasting/.venv/lib/python3.12/site-packages/lightning_fabric/__init__.py", line 29, in <module>
    __import__("pkg_resources").declare_namespace(__name__)
    ^^^^^^^^^^^^^^^^^^^^^^^^^^^
ModuleNotFoundError: No module named 'pkg_resources'

================================================================================
[2026-03-17 18:41:16] ERROR: Error in NeuralProphet h=6 fold=6: No module named 'pkg_resources'
================================================================================
Traceback (most recent call last):
  File "/home/20250572/TabPFN-TS_for_Bike_Demand_Forecasting/forecasting/run_experiments.py", line 184, in run_single_experiment
    model.fit(y_train, X_train)
  File "/home/20250572/TabPFN-TS_for_Bike_Demand_Forecasting/forecasting/models/prophet_models.py", line 118, in fit
    from neuralprophet import NeuralProphet
  File "/home/20250572/TabPFN-TS_for_Bike_Demand_Forecasting/.venv/lib/python3.12/site-packages/neuralprophet/__init__.py", line 4, in <module>
    import pytorch_lightning as pl
  File "/home/20250572/TabPFN-TS_for_Bike_Demand_Forecasting/.venv/lib/python3.12/site-packages/wandb/sdk/lib/import_hooks.py", line 182, in _exec_module
    self.loader.exec_module(module)
  File "/home/20250572/TabPFN-TS_for_Bike_Demand_Forecasting/.venv/lib/python3.12/site-packages/pytorch_lightning/__init__.py", line 35, in <module>
    from pytorch_lightning.callbacks import Callback  # noqa: E402
    ^^^^^^^^^^^^^^^^^^^^^^^^^^^^^^^^^^^^^^^^^^^^^^^^
  File "/home/20250572/TabPFN-TS_for_Bike_Demand_Forecasting/.venv/lib/python3.12/site-packages/pytorch_lightning/callbacks/__init__.py", line 28, in <module>
    from pytorch_lightning.callbacks.pruning import ModelPruning
  File "/home/20250572/TabPFN-TS_for_Bike_Demand_Forecasting/.venv/lib/python3.12/site-packages/pytorch_lightning/callbacks/pruning.py", line 31, in <module>
    from pytorch_lightning.core.module import LightningModule
  File "/home/20250572/TabPFN-TS_for_Bike_Demand_Forecasting/.venv/lib/python3.12/site-packages/pytorch_lightning/core/__init__.py", line 16, in <module>
    from pytorch_lightning.core.module import LightningModule
  File "/home/20250572/TabPFN-TS_for_Bike_Demand_Forecasting/.venv/lib/python3.12/site-packages/pytorch_lightning/core/module.py", line 32, in <module>
    import lightning_fabric as lf
  File "/home/20250572/TabPFN-TS_for_Bike_Demand_Forecasting/.venv/lib/python3.12/site-packages/wandb/sdk/lib/import_hooks.py", line 182, in _exec_module
    self.loader.exec_module(module)
  File "/home/20250572/TabPFN-TS_for_Bike_Demand_Forecasting/.venv/lib/python3.12/site-packages/lightning_fabric/__init__.py", line 29, in <module>
    __import__("pkg_resources").declare_namespace(__name__)
    ^^^^^^^^^^^^^^^^^^^^^^^^^^^
ModuleNotFoundError: No module named 'pkg_resources'

================================================================================
[2026-03-17 18:41:16] ERROR: Error in NeuralProphet h=6 fold=7: No module named 'pkg_resources'
================================================================================
Traceback (most recent call last):
  File "/home/20250572/TabPFN-TS_for_Bike_Demand_Forecasting/forecasting/run_experiments.py", line 184, in run_single_experiment
    model.fit(y_train, X_train)
  File "/home/20250572/TabPFN-TS_for_Bike_Demand_Forecasting/forecasting/models/prophet_models.py", line 118, in fit
    from neuralprophet import NeuralProphet
  File "/home/20250572/TabPFN-TS_for_Bike_Demand_Forecasting/.venv/lib/python3.12/site-packages/neuralprophet/__init__.py", line 4, in <module>
    import pytorch_lightning as pl
  File "/home/20250572/TabPFN-TS_for_Bike_Demand_Forecasting/.venv/lib/python3.12/site-packages/wandb/sdk/lib/import_hooks.py", line 182, in _exec_module
    self.loader.exec_module(module)
  File "/home/20250572/TabPFN-TS_for_Bike_Demand_Forecasting/.venv/lib/python3.12/site-packages/pytorch_lightning/__init__.py", line 35, in <module>
    from pytorch_lightning.callbacks import Callback  # noqa: E402
    ^^^^^^^^^^^^^^^^^^^^^^^^^^^^^^^^^^^^^^^^^^^^^^^^
  File "/home/20250572/TabPFN-TS_for_Bike_Demand_Forecasting/.venv/lib/python3.12/site-packages/pytorch_lightning/callbacks/__init__.py", line 28, in <module>
    from pytorch_lightning.callbacks.pruning import ModelPruning
  File "/home/20250572/TabPFN-TS_for_Bike_Demand_Forecasting/.venv/lib/python3.12/site-packages/pytorch_lightning/callbacks/pruning.py", line 31, in <module>
    from pytorch_lightning.core.module import LightningModule
  File "/home/20250572/TabPFN-TS_for_Bike_Demand_Forecasting/.venv/lib/python3.12/site-packages/pytorch_lightning/core/__init__.py", line 16, in <module>
    from pytorch_lightning.core.module import LightningModule
  File "/home/20250572/TabPFN-TS_for_Bike_Demand_Forecasting/.venv/lib/python3.12/site-packages/pytorch_lightning/core/module.py", line 32, in <module>
    import lightning_fabric as lf
  File "/home/20250572/TabPFN-TS_for_Bike_Demand_Forecasting/.venv/lib/python3.12/site-packages/wandb/sdk/lib/import_hooks.py", line 182, in _exec_module
    self.loader.exec_module(module)
  File "/home/20250572/TabPFN-TS_for_Bike_Demand_Forecasting/.venv/lib/python3.12/site-packages/lightning_fabric/__init__.py", line 29, in <module>
    __import__("pkg_resources").declare_namespace(__name__)
    ^^^^^^^^^^^^^^^^^^^^^^^^^^^
ModuleNotFoundError: No module named 'pkg_resources'

================================================================================
[2026-03-17 18:41:16] ERROR: Error in NeuralProphet h=6 fold=8: No module named 'pkg_resources'
================================================================================
Traceback (most recent call last):
  File "/home/20250572/TabPFN-TS_for_Bike_Demand_Forecasting/forecasting/run_experiments.py", line 184, in run_single_experiment
    model.fit(y_train, X_train)
  File "/home/20250572/TabPFN-TS_for_Bike_Demand_Forecasting/forecasting/models/prophet_models.py", line 118, in fit
    from neuralprophet import NeuralProphet
  File "/home/20250572/TabPFN-TS_for_Bike_Demand_Forecasting/.venv/lib/python3.12/site-packages/neuralprophet/__init__.py", line 4, in <module>
    import pytorch_lightning as pl
  File "/home/20250572/TabPFN-TS_for_Bike_Demand_Forecasting/.venv/lib/python3.12/site-packages/wandb/sdk/lib/import_hooks.py", line 182, in _exec_module
    self.loader.exec_module(module)
  File "/home/20250572/TabPFN-TS_for_Bike_Demand_Forecasting/.venv/lib/python3.12/site-packages/pytorch_lightning/__init__.py", line 35, in <module>
    from pytorch_lightning.callbacks import Callback  # noqa: E402
    ^^^^^^^^^^^^^^^^^^^^^^^^^^^^^^^^^^^^^^^^^^^^^^^^
  File "/home/20250572/TabPFN-TS_for_Bike_Demand_Forecasting/.venv/lib/python3.12/site-packages/pytorch_lightning/callbacks/__init__.py", line 28, in <module>
    from pytorch_lightning.callbacks.pruning import ModelPruning
  File "/home/20250572/TabPFN-TS_for_Bike_Demand_Forecasting/.venv/lib/python3.12/site-packages/pytorch_lightning/callbacks/pruning.py", line 31, in <module>
    from pytorch_lightning.core.module import LightningModule
  File "/home/20250572/TabPFN-TS_for_Bike_Demand_Forecasting/.venv/lib/python3.12/site-packages/pytorch_lightning/core/__init__.py", line 16, in <module>
    from pytorch_lightning.core.module import LightningModule
  File "/home/20250572/TabPFN-TS_for_Bike_Demand_Forecasting/.venv/lib/python3.12/site-packages/pytorch_lightning/core/module.py", line 32, in <module>
    import lightning_fabric as lf
  File "/home/20250572/TabPFN-TS_for_Bike_Demand_Forecasting/.venv/lib/python3.12/site-packages/wandb/sdk/lib/import_hooks.py", line 182, in _exec_module
    self.loader.exec_module(module)
  File "/home/20250572/TabPFN-TS_for_Bike_Demand_Forecasting/.venv/lib/python3.12/site-packages/lightning_fabric/__init__.py", line 29, in <module>
    __import__("pkg_resources").declare_namespace(__name__)
    ^^^^^^^^^^^^^^^^^^^^^^^^^^^
ModuleNotFoundError: No module named 'pkg_resources'

================================================================================
[2026-03-17 18:41:16] ERROR: Error in NeuralProphet h=6 fold=9: No module named 'pkg_resources'
================================================================================
Traceback (most recent call last):
  File "/home/20250572/TabPFN-TS_for_Bike_Demand_Forecasting/forecasting/run_experiments.py", line 184, in run_single_experiment
    model.fit(y_train, X_train)
  File "/home/20250572/TabPFN-TS_for_Bike_Demand_Forecasting/forecasting/models/prophet_models.py", line 118, in fit
    from neuralprophet import NeuralProphet
  File "/home/20250572/TabPFN-TS_for_Bike_Demand_Forecasting/.venv/lib/python3.12/site-packages/neuralprophet/__init__.py", line 4, in <module>
    import pytorch_lightning as pl
  File "/home/20250572/TabPFN-TS_for_Bike_Demand_Forecasting/.venv/lib/python3.12/site-packages/wandb/sdk/lib/import_hooks.py", line 182, in _exec_module
    self.loader.exec_module(module)
  File "/home/20250572/TabPFN-TS_for_Bike_Demand_Forecasting/.venv/lib/python3.12/site-packages/pytorch_lightning/__init__.py", line 35, in <module>
    from pytorch_lightning.callbacks import Callback  # noqa: E402
    ^^^^^^^^^^^^^^^^^^^^^^^^^^^^^^^^^^^^^^^^^^^^^^^^
  File "/home/20250572/TabPFN-TS_for_Bike_Demand_Forecasting/.venv/lib/python3.12/site-packages/pytorch_lightning/callbacks/__init__.py", line 28, in <module>
    from pytorch_lightning.callbacks.pruning import ModelPruning
  File "/home/20250572/TabPFN-TS_for_Bike_Demand_Forecasting/.venv/lib/python3.12/site-packages/pytorch_lightning/callbacks/pruning.py", line 31, in <module>
    from pytorch_lightning.core.module import LightningModule
  File "/home/20250572/TabPFN-TS_for_Bike_Demand_Forecasting/.venv/lib/python3.12/site-packages/pytorch_lightning/core/__init__.py", line 16, in <module>
    from pytorch_lightning.core.module import LightningModule
  File "/home/20250572/TabPFN-TS_for_Bike_Demand_Forecasting/.venv/lib/python3.12/site-packages/pytorch_lightning/core/module.py", line 32, in <module>
    import lightning_fabric as lf
  File "/home/20250572/TabPFN-TS_for_Bike_Demand_Forecasting/.venv/lib/python3.12/site-packages/wandb/sdk/lib/import_hooks.py", line 182, in _exec_module
    self.loader.exec_module(module)
  File "/home/20250572/TabPFN-TS_for_Bike_Demand_Forecasting/.venv/lib/python3.12/site-packages/lightning_fabric/__init__.py", line 29, in <module>
    __import__("pkg_resources").declare_namespace(__name__)
    ^^^^^^^^^^^^^^^^^^^^^^^^^^^
ModuleNotFoundError: No module named 'pkg_resources'

================================================================================
[2026-03-17 18:41:16] ERROR: Error in NeuralProphet h=6 fold=10: No module named 'pkg_resources'
================================================================================
Traceback (most recent call last):
  File "/home/20250572/TabPFN-TS_for_Bike_Demand_Forecasting/forecasting/run_experiments.py", line 184, in run_single_experiment
    model.fit(y_train, X_train)
  File "/home/20250572/TabPFN-TS_for_Bike_Demand_Forecasting/forecasting/models/prophet_models.py", line 118, in fit
    from neuralprophet import NeuralProphet
  File "/home/20250572/TabPFN-TS_for_Bike_Demand_Forecasting/.venv/lib/python3.12/site-packages/neuralprophet/__init__.py", line 4, in <module>
    import pytorch_lightning as pl
  File "/home/20250572/TabPFN-TS_for_Bike_Demand_Forecasting/.venv/lib/python3.12/site-packages/wandb/sdk/lib/import_hooks.py", line 182, in _exec_module
    self.loader.exec_module(module)
  File "/home/20250572/TabPFN-TS_for_Bike_Demand_Forecasting/.venv/lib/python3.12/site-packages/pytorch_lightning/__init__.py", line 35, in <module>
    from pytorch_lightning.callbacks import Callback  # noqa: E402
    ^^^^^^^^^^^^^^^^^^^^^^^^^^^^^^^^^^^^^^^^^^^^^^^^
  File "/home/20250572/TabPFN-TS_for_Bike_Demand_Forecasting/.venv/lib/python3.12/site-packages/pytorch_lightning/callbacks/__init__.py", line 28, in <module>
    from pytorch_lightning.callbacks.pruning import ModelPruning
  File "/home/20250572/TabPFN-TS_for_Bike_Demand_Forecasting/.venv/lib/python3.12/site-packages/pytorch_lightning/callbacks/pruning.py", line 31, in <module>
    from pytorch_lightning.core.module import LightningModule
  File "/home/20250572/TabPFN-TS_for_Bike_Demand_Forecasting/.venv/lib/python3.12/site-packages/pytorch_lightning/core/__init__.py", line 16, in <module>
    from pytorch_lightning.core.module import LightningModule
  File "/home/20250572/TabPFN-TS_for_Bike_Demand_Forecasting/.venv/lib/python3.12/site-packages/pytorch_lightning/core/module.py", line 32, in <module>
    import lightning_fabric as lf
  File "/home/20250572/TabPFN-TS_for_Bike_Demand_Forecasting/.venv/lib/python3.12/site-packages/wandb/sdk/lib/import_hooks.py", line 182, in _exec_module
    self.loader.exec_module(module)
  File "/home/20250572/TabPFN-TS_for_Bike_Demand_Forecasting/.venv/lib/python3.12/site-packages/lightning_fabric/__init__.py", line 29, in <module>
    __import__("pkg_resources").declare_namespace(__name__)
    ^^^^^^^^^^^^^^^^^^^^^^^^^^^
ModuleNotFoundError: No module named 'pkg_resources'

================================================================================
[2026-03-17 18:41:16] ERROR: Error in NeuralProphet h=6 fold=11: No module named 'pkg_resources'
================================================================================
Traceback (most recent call last):
  File "/home/20250572/TabPFN-TS_for_Bike_Demand_Forecasting/forecasting/run_experiments.py", line 184, in run_single_experiment
    model.fit(y_train, X_train)
  File "/home/20250572/TabPFN-TS_for_Bike_Demand_Forecasting/forecasting/models/prophet_models.py", line 118, in fit
    from neuralprophet import NeuralProphet
  File "/home/20250572/TabPFN-TS_for_Bike_Demand_Forecasting/.venv/lib/python3.12/site-packages/neuralprophet/__init__.py", line 4, in <module>
    import pytorch_lightning as pl
  File "/home/20250572/TabPFN-TS_for_Bike_Demand_Forecasting/.venv/lib/python3.12/site-packages/wandb/sdk/lib/import_hooks.py", line 182, in _exec_module
    self.loader.exec_module(module)
  File "/home/20250572/TabPFN-TS_for_Bike_Demand_Forecasting/.venv/lib/python3.12/site-packages/pytorch_lightning/__init__.py", line 35, in <module>
    from pytorch_lightning.callbacks import Callback  # noqa: E402
    ^^^^^^^^^^^^^^^^^^^^^^^^^^^^^^^^^^^^^^^^^^^^^^^^
  File "/home/20250572/TabPFN-TS_for_Bike_Demand_Forecasting/.venv/lib/python3.12/site-packages/pytorch_lightning/callbacks/__init__.py", line 28, in <module>
    from pytorch_lightning.callbacks.pruning import ModelPruning
  File "/home/20250572/TabPFN-TS_for_Bike_Demand_Forecasting/.venv/lib/python3.12/site-packages/pytorch_lightning/callbacks/pruning.py", line 31, in <module>
    from pytorch_lightning.core.module import LightningModule
  File "/home/20250572/TabPFN-TS_for_Bike_Demand_Forecasting/.venv/lib/python3.12/site-packages/pytorch_lightning/core/__init__.py", line 16, in <module>
    from pytorch_lightning.core.module import LightningModule
  File "/home/20250572/TabPFN-TS_for_Bike_Demand_Forecasting/.venv/lib/python3.12/site-packages/pytorch_lightning/core/module.py", line 32, in <module>
    import lightning_fabric as lf
  File "/home/20250572/TabPFN-TS_for_Bike_Demand_Forecasting/.venv/lib/python3.12/site-packages/wandb/sdk/lib/import_hooks.py", line 182, in _exec_module
    self.loader.exec_module(module)
  File "/home/20250572/TabPFN-TS_for_Bike_Demand_Forecasting/.venv/lib/python3.12/site-packages/lightning_fabric/__init__.py", line 29, in <module>
    __import__("pkg_resources").declare_namespace(__name__)
    ^^^^^^^^^^^^^^^^^^^^^^^^^^^
ModuleNotFoundError: No module named 'pkg_resources'

================================================================================
[2026-03-17 18:41:16] ERROR: Error in NeuralProphet h=6 fold=12: No module named 'pkg_resources'
================================================================================
Traceback (most recent call last):
  File "/home/20250572/TabPFN-TS_for_Bike_Demand_Forecasting/forecasting/run_experiments.py", line 184, in run_single_experiment
    model.fit(y_train, X_train)
  File "/home/20250572/TabPFN-TS_for_Bike_Demand_Forecasting/forecasting/models/prophet_models.py", line 118, in fit
    from neuralprophet import NeuralProphet
  File "/home/20250572/TabPFN-TS_for_Bike_Demand_Forecasting/.venv/lib/python3.12/site-packages/neuralprophet/__init__.py", line 4, in <module>
    import pytorch_lightning as pl
  File "/home/20250572/TabPFN-TS_for_Bike_Demand_Forecasting/.venv/lib/python3.12/site-packages/wandb/sdk/lib/import_hooks.py", line 182, in _exec_module
    self.loader.exec_module(module)
  File "/home/20250572/TabPFN-TS_for_Bike_Demand_Forecasting/.venv/lib/python3.12/site-packages/pytorch_lightning/__init__.py", line 35, in <module>
    from pytorch_lightning.callbacks import Callback  # noqa: E402
    ^^^^^^^^^^^^^^^^^^^^^^^^^^^^^^^^^^^^^^^^^^^^^^^^
  File "/home/20250572/TabPFN-TS_for_Bike_Demand_Forecasting/.venv/lib/python3.12/site-packages/pytorch_lightning/callbacks/__init__.py", line 28, in <module>
    from pytorch_lightning.callbacks.pruning import ModelPruning
  File "/home/20250572/TabPFN-TS_for_Bike_Demand_Forecasting/.venv/lib/python3.12/site-packages/pytorch_lightning/callbacks/pruning.py", line 31, in <module>
    from pytorch_lightning.core.module import LightningModule
  File "/home/20250572/TabPFN-TS_for_Bike_Demand_Forecasting/.venv/lib/python3.12/site-packages/pytorch_lightning/core/__init__.py", line 16, in <module>
    from pytorch_lightning.core.module import LightningModule
  File "/home/20250572/TabPFN-TS_for_Bike_Demand_Forecasting/.venv/lib/python3.12/site-packages/pytorch_lightning/core/module.py", line 32, in <module>
    import lightning_fabric as lf
  File "/home/20250572/TabPFN-TS_for_Bike_Demand_Forecasting/.venv/lib/python3.12/site-packages/wandb/sdk/lib/import_hooks.py", line 182, in _exec_module
    self.loader.exec_module(module)
  File "/home/20250572/TabPFN-TS_for_Bike_Demand_Forecasting/.venv/lib/python3.12/site-packages/lightning_fabric/__init__.py", line 29, in <module>
    __import__("pkg_resources").declare_namespace(__name__)
    ^^^^^^^^^^^^^^^^^^^^^^^^^^^
ModuleNotFoundError: No module named 'pkg_resources'

================================================================================
[2026-03-17 18:41:16] ERROR: Error in NeuralProphet h=6 fold=13: No module named 'pkg_resources'
================================================================================
Traceback (most recent call last):
  File "/home/20250572/TabPFN-TS_for_Bike_Demand_Forecasting/forecasting/run_experiments.py", line 184, in run_single_experiment
    model.fit(y_train, X_train)
  File "/home/20250572/TabPFN-TS_for_Bike_Demand_Forecasting/forecasting/models/prophet_models.py", line 118, in fit
    from neuralprophet import NeuralProphet
  File "/home/20250572/TabPFN-TS_for_Bike_Demand_Forecasting/.venv/lib/python3.12/site-packages/neuralprophet/__init__.py", line 4, in <module>
    import pytorch_lightning as pl
  File "/home/20250572/TabPFN-TS_for_Bike_Demand_Forecasting/.venv/lib/python3.12/site-packages/wandb/sdk/lib/import_hooks.py", line 182, in _exec_module
    self.loader.exec_module(module)
  File "/home/20250572/TabPFN-TS_for_Bike_Demand_Forecasting/.venv/lib/python3.12/site-packages/pytorch_lightning/__init__.py", line 35, in <module>
    from pytorch_lightning.callbacks import Callback  # noqa: E402
    ^^^^^^^^^^^^^^^^^^^^^^^^^^^^^^^^^^^^^^^^^^^^^^^^
  File "/home/20250572/TabPFN-TS_for_Bike_Demand_Forecasting/.venv/lib/python3.12/site-packages/pytorch_lightning/callbacks/__init__.py", line 28, in <module>
    from pytorch_lightning.callbacks.pruning import ModelPruning
  File "/home/20250572/TabPFN-TS_for_Bike_Demand_Forecasting/.venv/lib/python3.12/site-packages/pytorch_lightning/callbacks/pruning.py", line 31, in <module>
    from pytorch_lightning.core.module import LightningModule
  File "/home/20250572/TabPFN-TS_for_Bike_Demand_Forecasting/.venv/lib/python3.12/site-packages/pytorch_lightning/core/__init__.py", line 16, in <module>
    from pytorch_lightning.core.module import LightningModule
  File "/home/20250572/TabPFN-TS_for_Bike_Demand_Forecasting/.venv/lib/python3.12/site-packages/pytorch_lightning/core/module.py", line 32, in <module>
    import lightning_fabric as lf
  File "/home/20250572/TabPFN-TS_for_Bike_Demand_Forecasting/.venv/lib/python3.12/site-packages/wandb/sdk/lib/import_hooks.py", line 182, in _exec_module
    self.loader.exec_module(module)
  File "/home/20250572/TabPFN-TS_for_Bike_Demand_Forecasting/.venv/lib/python3.12/site-packages/lightning_fabric/__init__.py", line 29, in <module>
    __import__("pkg_resources").declare_namespace(__name__)
    ^^^^^^^^^^^^^^^^^^^^^^^^^^^
ModuleNotFoundError: No module named 'pkg_resources'

================================================================================
[2026-03-17 18:41:16] ERROR: Error in NeuralProphet h=6 fold=14: No module named 'pkg_resources'
================================================================================
Traceback (most recent call last):
  File "/home/20250572/TabPFN-TS_for_Bike_Demand_Forecasting/forecasting/run_experiments.py", line 184, in run_single_experiment
    model.fit(y_train, X_train)
  File "/home/20250572/TabPFN-TS_for_Bike_Demand_Forecasting/forecasting/models/prophet_models.py", line 118, in fit
    from neuralprophet import NeuralProphet
  File "/home/20250572/TabPFN-TS_for_Bike_Demand_Forecasting/.venv/lib/python3.12/site-packages/neuralprophet/__init__.py", line 4, in <module>
    import pytorch_lightning as pl
  File "/home/20250572/TabPFN-TS_for_Bike_Demand_Forecasting/.venv/lib/python3.12/site-packages/wandb/sdk/lib/import_hooks.py", line 182, in _exec_module
    self.loader.exec_module(module)
  File "/home/20250572/TabPFN-TS_for_Bike_Demand_Forecasting/.venv/lib/python3.12/site-packages/pytorch_lightning/__init__.py", line 35, in <module>
    from pytorch_lightning.callbacks import Callback  # noqa: E402
    ^^^^^^^^^^^^^^^^^^^^^^^^^^^^^^^^^^^^^^^^^^^^^^^^
  File "/home/20250572/TabPFN-TS_for_Bike_Demand_Forecasting/.venv/lib/python3.12/site-packages/pytorch_lightning/callbacks/__init__.py", line 28, in <module>
    from pytorch_lightning.callbacks.pruning import ModelPruning
  File "/home/20250572/TabPFN-TS_for_Bike_Demand_Forecasting/.venv/lib/python3.12/site-packages/pytorch_lightning/callbacks/pruning.py", line 31, in <module>
    from pytorch_lightning.core.module import LightningModule
  File "/home/20250572/TabPFN-TS_for_Bike_Demand_Forecasting/.venv/lib/python3.12/site-packages/pytorch_lightning/core/__init__.py", line 16, in <module>
    from pytorch_lightning.core.module import LightningModule
  File "/home/20250572/TabPFN-TS_for_Bike_Demand_Forecasting/.venv/lib/python3.12/site-packages/pytorch_lightning/core/module.py", line 32, in <module>
    import lightning_fabric as lf
  File "/home/20250572/TabPFN-TS_for_Bike_Demand_Forecasting/.venv/lib/python3.12/site-packages/wandb/sdk/lib/import_hooks.py", line 182, in _exec_module
    self.loader.exec_module(module)
  File "/home/20250572/TabPFN-TS_for_Bike_Demand_Forecasting/.venv/lib/python3.12/site-packages/lightning_fabric/__init__.py", line 29, in <module>
    __import__("pkg_resources").declare_namespace(__name__)
    ^^^^^^^^^^^^^^^^^^^^^^^^^^^
ModuleNotFoundError: No module named 'pkg_resources'

================================================================================
[2026-03-17 18:41:16] ERROR: Error in NeuralProphet h=6 fold=15: No module named 'pkg_resources'
================================================================================
Traceback (most recent call last):
  File "/home/20250572/TabPFN-TS_for_Bike_Demand_Forecasting/forecasting/run_experiments.py", line 184, in run_single_experiment
    model.fit(y_train, X_train)
  File "/home/20250572/TabPFN-TS_for_Bike_Demand_Forecasting/forecasting/models/prophet_models.py", line 118, in fit
    from neuralprophet import NeuralProphet
  File "/home/20250572/TabPFN-TS_for_Bike_Demand_Forecasting/.venv/lib/python3.12/site-packages/neuralprophet/__init__.py", line 4, in <module>
    import pytorch_lightning as pl
  File "/home/20250572/TabPFN-TS_for_Bike_Demand_Forecasting/.venv/lib/python3.12/site-packages/wandb/sdk/lib/import_hooks.py", line 182, in _exec_module
    self.loader.exec_module(module)
  File "/home/20250572/TabPFN-TS_for_Bike_Demand_Forecasting/.venv/lib/python3.12/site-packages/pytorch_lightning/__init__.py", line 35, in <module>
    from pytorch_lightning.callbacks import Callback  # noqa: E402
    ^^^^^^^^^^^^^^^^^^^^^^^^^^^^^^^^^^^^^^^^^^^^^^^^
  File "/home/20250572/TabPFN-TS_for_Bike_Demand_Forecasting/.venv/lib/python3.12/site-packages/pytorch_lightning/callbacks/__init__.py", line 28, in <module>
    from pytorch_lightning.callbacks.pruning import ModelPruning
  File "/home/20250572/TabPFN-TS_for_Bike_Demand_Forecasting/.venv/lib/python3.12/site-packages/pytorch_lightning/callbacks/pruning.py", line 31, in <module>
    from pytorch_lightning.core.module import LightningModule
  File "/home/20250572/TabPFN-TS_for_Bike_Demand_Forecasting/.venv/lib/python3.12/site-packages/pytorch_lightning/core/__init__.py", line 16, in <module>
    from pytorch_lightning.core.module import LightningModule
  File "/home/20250572/TabPFN-TS_for_Bike_Demand_Forecasting/.venv/lib/python3.12/site-packages/pytorch_lightning/core/module.py", line 32, in <module>
    import lightning_fabric as lf
  File "/home/20250572/TabPFN-TS_for_Bike_Demand_Forecasting/.venv/lib/python3.12/site-packages/wandb/sdk/lib/import_hooks.py", line 182, in _exec_module
    self.loader.exec_module(module)
  File "/home/20250572/TabPFN-TS_for_Bike_Demand_Forecasting/.venv/lib/python3.12/site-packages/lightning_fabric/__init__.py", line 29, in <module>
    __import__("pkg_resources").declare_namespace(__name__)
    ^^^^^^^^^^^^^^^^^^^^^^^^^^^
ModuleNotFoundError: No module named 'pkg_resources'

================================================================================
[2026-03-17 18:41:16] ERROR: Error in NeuralProphet h=6 fold=16: No module named 'pkg_resources'
================================================================================
Traceback (most recent call last):
  File "/home/20250572/TabPFN-TS_for_Bike_Demand_Forecasting/forecasting/run_experiments.py", line 184, in run_single_experiment
    model.fit(y_train, X_train)
  File "/home/20250572/TabPFN-TS_for_Bike_Demand_Forecasting/forecasting/models/prophet_models.py", line 118, in fit
    from neuralprophet import NeuralProphet
  File "/home/20250572/TabPFN-TS_for_Bike_Demand_Forecasting/.venv/lib/python3.12/site-packages/neuralprophet/__init__.py", line 4, in <module>
    import pytorch_lightning as pl
  File "/home/20250572/TabPFN-TS_for_Bike_Demand_Forecasting/.venv/lib/python3.12/site-packages/wandb/sdk/lib/import_hooks.py", line 182, in _exec_module
    self.loader.exec_module(module)
  File "/home/20250572/TabPFN-TS_for_Bike_Demand_Forecasting/.venv/lib/python3.12/site-packages/pytorch_lightning/__init__.py", line 35, in <module>
    from pytorch_lightning.callbacks import Callback  # noqa: E402
    ^^^^^^^^^^^^^^^^^^^^^^^^^^^^^^^^^^^^^^^^^^^^^^^^
  File "/home/20250572/TabPFN-TS_for_Bike_Demand_Forecasting/.venv/lib/python3.12/site-packages/pytorch_lightning/callbacks/__init__.py", line 28, in <module>
    from pytorch_lightning.callbacks.pruning import ModelPruning
  File "/home/20250572/TabPFN-TS_for_Bike_Demand_Forecasting/.venv/lib/python3.12/site-packages/pytorch_lightning/callbacks/pruning.py", line 31, in <module>
    from pytorch_lightning.core.module import LightningModule
  File "/home/20250572/TabPFN-TS_for_Bike_Demand_Forecasting/.venv/lib/python3.12/site-packages/pytorch_lightning/core/__init__.py", line 16, in <module>
    from pytorch_lightning.core.module import LightningModule
  File "/home/20250572/TabPFN-TS_for_Bike_Demand_Forecasting/.venv/lib/python3.12/site-packages/pytorch_lightning/core/module.py", line 32, in <module>
    import lightning_fabric as lf
  File "/home/20250572/TabPFN-TS_for_Bike_Demand_Forecasting/.venv/lib/python3.12/site-packages/wandb/sdk/lib/import_hooks.py", line 182, in _exec_module
    self.loader.exec_module(module)
  File "/home/20250572/TabPFN-TS_for_Bike_Demand_Forecasting/.venv/lib/python3.12/site-packages/lightning_fabric/__init__.py", line 29, in <module>
    __import__("pkg_resources").declare_namespace(__name__)
    ^^^^^^^^^^^^^^^^^^^^^^^^^^^
ModuleNotFoundError: No module named 'pkg_resources'

================================================================================
[2026-03-17 18:41:16] ERROR: Error in NeuralProphet h=6 fold=17: No module named 'pkg_resources'
================================================================================
Traceback (most recent call last):
  File "/home/20250572/TabPFN-TS_for_Bike_Demand_Forecasting/forecasting/run_experiments.py", line 184, in run_single_experiment
    model.fit(y_train, X_train)
  File "/home/20250572/TabPFN-TS_for_Bike_Demand_Forecasting/forecasting/models/prophet_models.py", line 118, in fit
    from neuralprophet import NeuralProphet
  File "/home/20250572/TabPFN-TS_for_Bike_Demand_Forecasting/.venv/lib/python3.12/site-packages/neuralprophet/__init__.py", line 4, in <module>
    import pytorch_lightning as pl
  File "/home/20250572/TabPFN-TS_for_Bike_Demand_Forecasting/.venv/lib/python3.12/site-packages/wandb/sdk/lib/import_hooks.py", line 182, in _exec_module
    self.loader.exec_module(module)
  File "/home/20250572/TabPFN-TS_for_Bike_Demand_Forecasting/.venv/lib/python3.12/site-packages/pytorch_lightning/__init__.py", line 35, in <module>
    from pytorch_lightning.callbacks import Callback  # noqa: E402
    ^^^^^^^^^^^^^^^^^^^^^^^^^^^^^^^^^^^^^^^^^^^^^^^^
  File "/home/20250572/TabPFN-TS_for_Bike_Demand_Forecasting/.venv/lib/python3.12/site-packages/pytorch_lightning/callbacks/__init__.py", line 28, in <module>
    from pytorch_lightning.callbacks.pruning import ModelPruning
  File "/home/20250572/TabPFN-TS_for_Bike_Demand_Forecasting/.venv/lib/python3.12/site-packages/pytorch_lightning/callbacks/pruning.py", line 31, in <module>
    from pytorch_lightning.core.module import LightningModule
  File "/home/20250572/TabPFN-TS_for_Bike_Demand_Forecasting/.venv/lib/python3.12/site-packages/pytorch_lightning/core/__init__.py", line 16, in <module>
    from pytorch_lightning.core.module import LightningModule
  File "/home/20250572/TabPFN-TS_for_Bike_Demand_Forecasting/.venv/lib/python3.12/site-packages/pytorch_lightning/core/module.py", line 32, in <module>
    import lightning_fabric as lf
  File "/home/20250572/TabPFN-TS_for_Bike_Demand_Forecasting/.venv/lib/python3.12/site-packages/wandb/sdk/lib/import_hooks.py", line 182, in _exec_module
    self.loader.exec_module(module)
  File "/home/20250572/TabPFN-TS_for_Bike_Demand_Forecasting/.venv/lib/python3.12/site-packages/lightning_fabric/__init__.py", line 29, in <module>
    __import__("pkg_resources").declare_namespace(__name__)
    ^^^^^^^^^^^^^^^^^^^^^^^^^^^
ModuleNotFoundError: No module named 'pkg_resources'

================================================================================
[2026-03-17 18:41:16] ERROR: Error in NeuralProphet h=6 fold=18: No module named 'pkg_resources'
================================================================================
Traceback (most recent call last):
  File "/home/20250572/TabPFN-TS_for_Bike_Demand_Forecasting/forecasting/run_experiments.py", line 184, in run_single_experiment
    model.fit(y_train, X_train)
  File "/home/20250572/TabPFN-TS_for_Bike_Demand_Forecasting/forecasting/models/prophet_models.py", line 118, in fit
    from neuralprophet import NeuralProphet
  File "/home/20250572/TabPFN-TS_for_Bike_Demand_Forecasting/.venv/lib/python3.12/site-packages/neuralprophet/__init__.py", line 4, in <module>
    import pytorch_lightning as pl
  File "/home/20250572/TabPFN-TS_for_Bike_Demand_Forecasting/.venv/lib/python3.12/site-packages/wandb/sdk/lib/import_hooks.py", line 182, in _exec_module
    self.loader.exec_module(module)
  File "/home/20250572/TabPFN-TS_for_Bike_Demand_Forecasting/.venv/lib/python3.12/site-packages/pytorch_lightning/__init__.py", line 35, in <module>
    from pytorch_lightning.callbacks import Callback  # noqa: E402
    ^^^^^^^^^^^^^^^^^^^^^^^^^^^^^^^^^^^^^^^^^^^^^^^^
  File "/home/20250572/TabPFN-TS_for_Bike_Demand_Forecasting/.venv/lib/python3.12/site-packages/pytorch_lightning/callbacks/__init__.py", line 28, in <module>
    from pytorch_lightning.callbacks.pruning import ModelPruning
  File "/home/20250572/TabPFN-TS_for_Bike_Demand_Forecasting/.venv/lib/python3.12/site-packages/pytorch_lightning/callbacks/pruning.py", line 31, in <module>
    from pytorch_lightning.core.module import LightningModule
  File "/home/20250572/TabPFN-TS_for_Bike_Demand_Forecasting/.venv/lib/python3.12/site-packages/pytorch_lightning/core/__init__.py", line 16, in <module>
    from pytorch_lightning.core.module import LightningModule
  File "/home/20250572/TabPFN-TS_for_Bike_Demand_Forecasting/.venv/lib/python3.12/site-packages/pytorch_lightning/core/module.py", line 32, in <module>
    import lightning_fabric as lf
  File "/home/20250572/TabPFN-TS_for_Bike_Demand_Forecasting/.venv/lib/python3.12/site-packages/wandb/sdk/lib/import_hooks.py", line 182, in _exec_module
    self.loader.exec_module(module)
  File "/home/20250572/TabPFN-TS_for_Bike_Demand_Forecasting/.venv/lib/python3.12/site-packages/lightning_fabric/__init__.py", line 29, in <module>
    __import__("pkg_resources").declare_namespace(__name__)
    ^^^^^^^^^^^^^^^^^^^^^^^^^^^
ModuleNotFoundError: No module named 'pkg_resources'

================================================================================
[2026-03-17 18:41:16] ERROR: Error in NeuralProphet h=6 fold=19: No module named 'pkg_resources'
================================================================================
Traceback (most recent call last):
  File "/home/20250572/TabPFN-TS_for_Bike_Demand_Forecasting/forecasting/run_experiments.py", line 184, in run_single_experiment
    model.fit(y_train, X_train)
  File "/home/20250572/TabPFN-TS_for_Bike_Demand_Forecasting/forecasting/models/prophet_models.py", line 118, in fit
    from neuralprophet import NeuralProphet
  File "/home/20250572/TabPFN-TS_for_Bike_Demand_Forecasting/.venv/lib/python3.12/site-packages/neuralprophet/__init__.py", line 4, in <module>
    import pytorch_lightning as pl
  File "/home/20250572/TabPFN-TS_for_Bike_Demand_Forecasting/.venv/lib/python3.12/site-packages/wandb/sdk/lib/import_hooks.py", line 182, in _exec_module
    self.loader.exec_module(module)
  File "/home/20250572/TabPFN-TS_for_Bike_Demand_Forecasting/.venv/lib/python3.12/site-packages/pytorch_lightning/__init__.py", line 35, in <module>
    from pytorch_lightning.callbacks import Callback  # noqa: E402
    ^^^^^^^^^^^^^^^^^^^^^^^^^^^^^^^^^^^^^^^^^^^^^^^^
  File "/home/20250572/TabPFN-TS_for_Bike_Demand_Forecasting/.venv/lib/python3.12/site-packages/pytorch_lightning/callbacks/__init__.py", line 28, in <module>
    from pytorch_lightning.callbacks.pruning import ModelPruning
  File "/home/20250572/TabPFN-TS_for_Bike_Demand_Forecasting/.venv/lib/python3.12/site-packages/pytorch_lightning/callbacks/pruning.py", line 31, in <module>
    from pytorch_lightning.core.module import LightningModule
  File "/home/20250572/TabPFN-TS_for_Bike_Demand_Forecasting/.venv/lib/python3.12/site-packages/pytorch_lightning/core/__init__.py", line 16, in <module>
    from pytorch_lightning.core.module import LightningModule
  File "/home/20250572/TabPFN-TS_for_Bike_Demand_Forecasting/.venv/lib/python3.12/site-packages/pytorch_lightning/core/module.py", line 32, in <module>
    import lightning_fabric as lf
  File "/home/20250572/TabPFN-TS_for_Bike_Demand_Forecasting/.venv/lib/python3.12/site-packages/wandb/sdk/lib/import_hooks.py", line 182, in _exec_module
    self.loader.exec_module(module)
  File "/home/20250572/TabPFN-TS_for_Bike_Demand_Forecasting/.venv/lib/python3.12/site-packages/lightning_fabric/__init__.py", line 29, in <module>
    __import__("pkg_resources").declare_namespace(__name__)
    ^^^^^^^^^^^^^^^^^^^^^^^^^^^
ModuleNotFoundError: No module named 'pkg_resources'

================================================================================
[2026-03-17 18:41:16] ERROR: Error in NeuralProphet h=24 fold=0: No module named 'pkg_resources'
================================================================================
Traceback (most recent call last):
  File "/home/20250572/TabPFN-TS_for_Bike_Demand_Forecasting/forecasting/run_experiments.py", line 184, in run_single_experiment
    model.fit(y_train, X_train)
  File "/home/20250572/TabPFN-TS_for_Bike_Demand_Forecasting/forecasting/models/prophet_models.py", line 118, in fit
    from neuralprophet import NeuralProphet
  File "/home/20250572/TabPFN-TS_for_Bike_Demand_Forecasting/.venv/lib/python3.12/site-packages/neuralprophet/__init__.py", line 4, in <module>
    import pytorch_lightning as pl
  File "/home/20250572/TabPFN-TS_for_Bike_Demand_Forecasting/.venv/lib/python3.12/site-packages/wandb/sdk/lib/import_hooks.py", line 182, in _exec_module
    self.loader.exec_module(module)
  File "/home/20250572/TabPFN-TS_for_Bike_Demand_Forecasting/.venv/lib/python3.12/site-packages/pytorch_lightning/__init__.py", line 35, in <module>
    from pytorch_lightning.callbacks import Callback  # noqa: E402
    ^^^^^^^^^^^^^^^^^^^^^^^^^^^^^^^^^^^^^^^^^^^^^^^^
  File "/home/20250572/TabPFN-TS_for_Bike_Demand_Forecasting/.venv/lib/python3.12/site-packages/pytorch_lightning/callbacks/__init__.py", line 28, in <module>
    from pytorch_lightning.callbacks.pruning import ModelPruning
  File "/home/20250572/TabPFN-TS_for_Bike_Demand_Forecasting/.venv/lib/python3.12/site-packages/pytorch_lightning/callbacks/pruning.py", line 31, in <module>
    from pytorch_lightning.core.module import LightningModule
  File "/home/20250572/TabPFN-TS_for_Bike_Demand_Forecasting/.venv/lib/python3.12/site-packages/pytorch_lightning/core/__init__.py", line 16, in <module>
    from pytorch_lightning.core.module import LightningModule
  File "/home/20250572/TabPFN-TS_for_Bike_Demand_Forecasting/.venv/lib/python3.12/site-packages/pytorch_lightning/core/module.py", line 32, in <module>
    import lightning_fabric as lf
  File "/home/20250572/TabPFN-TS_for_Bike_Demand_Forecasting/.venv/lib/python3.12/site-packages/wandb/sdk/lib/import_hooks.py", line 182, in _exec_module
    self.loader.exec_module(module)
  File "/home/20250572/TabPFN-TS_for_Bike_Demand_Forecasting/.venv/lib/python3.12/site-packages/lightning_fabric/__init__.py", line 29, in <module>
    __import__("pkg_resources").declare_namespace(__name__)
    ^^^^^^^^^^^^^^^^^^^^^^^^^^^
ModuleNotFoundError: No module named 'pkg_resources'

================================================================================
[2026-03-17 18:41:16] ERROR: Error in NeuralProphet h=24 fold=1: No module named 'pkg_resources'
================================================================================
Traceback (most recent call last):
  File "/home/20250572/TabPFN-TS_for_Bike_Demand_Forecasting/forecasting/run_experiments.py", line 184, in run_single_experiment
    model.fit(y_train, X_train)
  File "/home/20250572/TabPFN-TS_for_Bike_Demand_Forecasting/forecasting/models/prophet_models.py", line 118, in fit
    from neuralprophet import NeuralProphet
  File "/home/20250572/TabPFN-TS_for_Bike_Demand_Forecasting/.venv/lib/python3.12/site-packages/neuralprophet/__init__.py", line 4, in <module>
    import pytorch_lightning as pl
  File "/home/20250572/TabPFN-TS_for_Bike_Demand_Forecasting/.venv/lib/python3.12/site-packages/wandb/sdk/lib/import_hooks.py", line 182, in _exec_module
    self.loader.exec_module(module)
  File "/home/20250572/TabPFN-TS_for_Bike_Demand_Forecasting/.venv/lib/python3.12/site-packages/pytorch_lightning/__init__.py", line 35, in <module>
    from pytorch_lightning.callbacks import Callback  # noqa: E402
    ^^^^^^^^^^^^^^^^^^^^^^^^^^^^^^^^^^^^^^^^^^^^^^^^
  File "/home/20250572/TabPFN-TS_for_Bike_Demand_Forecasting/.venv/lib/python3.12/site-packages/pytorch_lightning/callbacks/__init__.py", line 28, in <module>
    from pytorch_lightning.callbacks.pruning import ModelPruning
  File "/home/20250572/TabPFN-TS_for_Bike_Demand_Forecasting/.venv/lib/python3.12/site-packages/pytorch_lightning/callbacks/pruning.py", line 31, in <module>
    from pytorch_lightning.core.module import LightningModule
  File "/home/20250572/TabPFN-TS_for_Bike_Demand_Forecasting/.venv/lib/python3.12/site-packages/pytorch_lightning/core/__init__.py", line 16, in <module>
    from pytorch_lightning.core.module import LightningModule
  File "/home/20250572/TabPFN-TS_for_Bike_Demand_Forecasting/.venv/lib/python3.12/site-packages/pytorch_lightning/core/module.py", line 32, in <module>
    import lightning_fabric as lf
  File "/home/20250572/TabPFN-TS_for_Bike_Demand_Forecasting/.venv/lib/python3.12/site-packages/wandb/sdk/lib/import_hooks.py", line 182, in _exec_module
    self.loader.exec_module(module)
  File "/home/20250572/TabPFN-TS_for_Bike_Demand_Forecasting/.venv/lib/python3.12/site-packages/lightning_fabric/__init__.py", line 29, in <module>
    __import__("pkg_resources").declare_namespace(__name__)
    ^^^^^^^^^^^^^^^^^^^^^^^^^^^
ModuleNotFoundError: No module named 'pkg_resources'

================================================================================
[2026-03-17 18:41:16] ERROR: Error in NeuralProphet h=24 fold=2: No module named 'pkg_resources'
================================================================================
Traceback (most recent call last):
  File "/home/20250572/TabPFN-TS_for_Bike_Demand_Forecasting/forecasting/run_experiments.py", line 184, in run_single_experiment
    model.fit(y_train, X_train)
  File "/home/20250572/TabPFN-TS_for_Bike_Demand_Forecasting/forecasting/models/prophet_models.py", line 118, in fit
    from neuralprophet import NeuralProphet
  File "/home/20250572/TabPFN-TS_for_Bike_Demand_Forecasting/.venv/lib/python3.12/site-packages/neuralprophet/__init__.py", line 4, in <module>
    import pytorch_lightning as pl
  File "/home/20250572/TabPFN-TS_for_Bike_Demand_Forecasting/.venv/lib/python3.12/site-packages/wandb/sdk/lib/import_hooks.py", line 182, in _exec_module
    self.loader.exec_module(module)
  File "/home/20250572/TabPFN-TS_for_Bike_Demand_Forecasting/.venv/lib/python3.12/site-packages/pytorch_lightning/__init__.py", line 35, in <module>
    from pytorch_lightning.callbacks import Callback  # noqa: E402
    ^^^^^^^^^^^^^^^^^^^^^^^^^^^^^^^^^^^^^^^^^^^^^^^^
  File "/home/20250572/TabPFN-TS_for_Bike_Demand_Forecasting/.venv/lib/python3.12/site-packages/pytorch_lightning/callbacks/__init__.py", line 28, in <module>
    from pytorch_lightning.callbacks.pruning import ModelPruning
  File "/home/20250572/TabPFN-TS_for_Bike_Demand_Forecasting/.venv/lib/python3.12/site-packages/pytorch_lightning/callbacks/pruning.py", line 31, in <module>
    from pytorch_lightning.core.module import LightningModule
  File "/home/20250572/TabPFN-TS_for_Bike_Demand_Forecasting/.venv/lib/python3.12/site-packages/pytorch_lightning/core/__init__.py", line 16, in <module>
    from pytorch_lightning.core.module import LightningModule
  File "/home/20250572/TabPFN-TS_for_Bike_Demand_Forecasting/.venv/lib/python3.12/site-packages/pytorch_lightning/core/module.py", line 32, in <module>
    import lightning_fabric as lf
  File "/home/20250572/TabPFN-TS_for_Bike_Demand_Forecasting/.venv/lib/python3.12/site-packages/wandb/sdk/lib/import_hooks.py", line 182, in _exec_module
    self.loader.exec_module(module)
  File "/home/20250572/TabPFN-TS_for_Bike_Demand_Forecasting/.venv/lib/python3.12/site-packages/lightning_fabric/__init__.py", line 29, in <module>
    __import__("pkg_resources").declare_namespace(__name__)
    ^^^^^^^^^^^^^^^^^^^^^^^^^^^
ModuleNotFoundError: No module named 'pkg_resources'

================================================================================
[2026-03-17 18:41:16] ERROR: Error in NeuralProphet h=24 fold=3: No module named 'pkg_resources'
================================================================================
Traceback (most recent call last):
  File "/home/20250572/TabPFN-TS_for_Bike_Demand_Forecasting/forecasting/run_experiments.py", line 184, in run_single_experiment
    model.fit(y_train, X_train)
  File "/home/20250572/TabPFN-TS_for_Bike_Demand_Forecasting/forecasting/models/prophet_models.py", line 118, in fit
    from neuralprophet import NeuralProphet
  File "/home/20250572/TabPFN-TS_for_Bike_Demand_Forecasting/.venv/lib/python3.12/site-packages/neuralprophet/__init__.py", line 4, in <module>
    import pytorch_lightning as pl
  File "/home/20250572/TabPFN-TS_for_Bike_Demand_Forecasting/.venv/lib/python3.12/site-packages/wandb/sdk/lib/import_hooks.py", line 182, in _exec_module
    self.loader.exec_module(module)
  File "/home/20250572/TabPFN-TS_for_Bike_Demand_Forecasting/.venv/lib/python3.12/site-packages/pytorch_lightning/__init__.py", line 35, in <module>
    from pytorch_lightning.callbacks import Callback  # noqa: E402
    ^^^^^^^^^^^^^^^^^^^^^^^^^^^^^^^^^^^^^^^^^^^^^^^^
  File "/home/20250572/TabPFN-TS_for_Bike_Demand_Forecasting/.venv/lib/python3.12/site-packages/pytorch_lightning/callbacks/__init__.py", line 28, in <module>
    from pytorch_lightning.callbacks.pruning import ModelPruning
  File "/home/20250572/TabPFN-TS_for_Bike_Demand_Forecasting/.venv/lib/python3.12/site-packages/pytorch_lightning/callbacks/pruning.py", line 31, in <module>
    from pytorch_lightning.core.module import LightningModule
  File "/home/20250572/TabPFN-TS_for_Bike_Demand_Forecasting/.venv/lib/python3.12/site-packages/pytorch_lightning/core/__init__.py", line 16, in <module>
    from pytorch_lightning.core.module import LightningModule
  File "/home/20250572/TabPFN-TS_for_Bike_Demand_Forecasting/.venv/lib/python3.12/site-packages/pytorch_lightning/core/module.py", line 32, in <module>
    import lightning_fabric as lf
  File "/home/20250572/TabPFN-TS_for_Bike_Demand_Forecasting/.venv/lib/python3.12/site-packages/wandb/sdk/lib/import_hooks.py", line 182, in _exec_module
    self.loader.exec_module(module)
  File "/home/20250572/TabPFN-TS_for_Bike_Demand_Forecasting/.venv/lib/python3.12/site-packages/lightning_fabric/__init__.py", line 29, in <module>
    __import__("pkg_resources").declare_namespace(__name__)
    ^^^^^^^^^^^^^^^^^^^^^^^^^^^
ModuleNotFoundError: No module named 'pkg_resources'

================================================================================
[2026-03-17 18:41:16] ERROR: Error in NeuralProphet h=24 fold=4: No module named 'pkg_resources'
================================================================================
Traceback (most recent call last):
  File "/home/20250572/TabPFN-TS_for_Bike_Demand_Forecasting/forecasting/run_experiments.py", line 184, in run_single_experiment
    model.fit(y_train, X_train)
  File "/home/20250572/TabPFN-TS_for_Bike_Demand_Forecasting/forecasting/models/prophet_models.py", line 118, in fit
    from neuralprophet import NeuralProphet
  File "/home/20250572/TabPFN-TS_for_Bike_Demand_Forecasting/.venv/lib/python3.12/site-packages/neuralprophet/__init__.py", line 4, in <module>
    import pytorch_lightning as pl
  File "/home/20250572/TabPFN-TS_for_Bike_Demand_Forecasting/.venv/lib/python3.12/site-packages/wandb/sdk/lib/import_hooks.py", line 182, in _exec_module
    self.loader.exec_module(module)
  File "/home/20250572/TabPFN-TS_for_Bike_Demand_Forecasting/.venv/lib/python3.12/site-packages/pytorch_lightning/__init__.py", line 35, in <module>
    from pytorch_lightning.callbacks import Callback  # noqa: E402
    ^^^^^^^^^^^^^^^^^^^^^^^^^^^^^^^^^^^^^^^^^^^^^^^^
  File "/home/20250572/TabPFN-TS_for_Bike_Demand_Forecasting/.venv/lib/python3.12/site-packages/pytorch_lightning/callbacks/__init__.py", line 28, in <module>
    from pytorch_lightning.callbacks.pruning import ModelPruning
  File "/home/20250572/TabPFN-TS_for_Bike_Demand_Forecasting/.venv/lib/python3.12/site-packages/pytorch_lightning/callbacks/pruning.py", line 31, in <module>
    from pytorch_lightning.core.module import LightningModule
  File "/home/20250572/TabPFN-TS_for_Bike_Demand_Forecasting/.venv/lib/python3.12/site-packages/pytorch_lightning/core/__init__.py", line 16, in <module>
    from pytorch_lightning.core.module import LightningModule
  File "/home/20250572/TabPFN-TS_for_Bike_Demand_Forecasting/.venv/lib/python3.12/site-packages/pytorch_lightning/core/module.py", line 32, in <module>
    import lightning_fabric as lf
  File "/home/20250572/TabPFN-TS_for_Bike_Demand_Forecasting/.venv/lib/python3.12/site-packages/wandb/sdk/lib/import_hooks.py", line 182, in _exec_module
    self.loader.exec_module(module)
  File "/home/20250572/TabPFN-TS_for_Bike_Demand_Forecasting/.venv/lib/python3.12/site-packages/lightning_fabric/__init__.py", line 29, in <module>
    __import__("pkg_resources").declare_namespace(__name__)
    ^^^^^^^^^^^^^^^^^^^^^^^^^^^
ModuleNotFoundError: No module named 'pkg_resources'

================================================================================
[2026-03-17 18:41:16] ERROR: Error in NeuralProphet h=24 fold=5: No module named 'pkg_resources'
================================================================================
Traceback (most recent call last):
  File "/home/20250572/TabPFN-TS_for_Bike_Demand_Forecasting/forecasting/run_experiments.py", line 184, in run_single_experiment
    model.fit(y_train, X_train)
  File "/home/20250572/TabPFN-TS_for_Bike_Demand_Forecasting/forecasting/models/prophet_models.py", line 118, in fit
    from neuralprophet import NeuralProphet
  File "/home/20250572/TabPFN-TS_for_Bike_Demand_Forecasting/.venv/lib/python3.12/site-packages/neuralprophet/__init__.py", line 4, in <module>
    import pytorch_lightning as pl
  File "/home/20250572/TabPFN-TS_for_Bike_Demand_Forecasting/.venv/lib/python3.12/site-packages/wandb/sdk/lib/import_hooks.py", line 182, in _exec_module
    self.loader.exec_module(module)
  File "/home/20250572/TabPFN-TS_for_Bike_Demand_Forecasting/.venv/lib/python3.12/site-packages/pytorch_lightning/__init__.py", line 35, in <module>
    from pytorch_lightning.callbacks import Callback  # noqa: E402
    ^^^^^^^^^^^^^^^^^^^^^^^^^^^^^^^^^^^^^^^^^^^^^^^^
  File "/home/20250572/TabPFN-TS_for_Bike_Demand_Forecasting/.venv/lib/python3.12/site-packages/pytorch_lightning/callbacks/__init__.py", line 28, in <module>
    from pytorch_lightning.callbacks.pruning import ModelPruning
  File "/home/20250572/TabPFN-TS_for_Bike_Demand_Forecasting/.venv/lib/python3.12/site-packages/pytorch_lightning/callbacks/pruning.py", line 31, in <module>
    from pytorch_lightning.core.module import LightningModule
  File "/home/20250572/TabPFN-TS_for_Bike_Demand_Forecasting/.venv/lib/python3.12/site-packages/pytorch_lightning/core/__init__.py", line 16, in <module>
    from pytorch_lightning.core.module import LightningModule
  File "/home/20250572/TabPFN-TS_for_Bike_Demand_Forecasting/.venv/lib/python3.12/site-packages/pytorch_lightning/core/module.py", line 32, in <module>
    import lightning_fabric as lf
  File "/home/20250572/TabPFN-TS_for_Bike_Demand_Forecasting/.venv/lib/python3.12/site-packages/wandb/sdk/lib/import_hooks.py", line 182, in _exec_module
    self.loader.exec_module(module)
  File "/home/20250572/TabPFN-TS_for_Bike_Demand_Forecasting/.venv/lib/python3.12/site-packages/lightning_fabric/__init__.py", line 29, in <module>
    __import__("pkg_resources").declare_namespace(__name__)
    ^^^^^^^^^^^^^^^^^^^^^^^^^^^
ModuleNotFoundError: No module named 'pkg_resources'

================================================================================
[2026-03-17 18:41:16] ERROR: Error in NeuralProphet h=24 fold=6: No module named 'pkg_resources'
================================================================================
Traceback (most recent call last):
  File "/home/20250572/TabPFN-TS_for_Bike_Demand_Forecasting/forecasting/run_experiments.py", line 184, in run_single_experiment
    model.fit(y_train, X_train)
  File "/home/20250572/TabPFN-TS_for_Bike_Demand_Forecasting/forecasting/models/prophet_models.py", line 118, in fit
    from neuralprophet import NeuralProphet
  File "/home/20250572/TabPFN-TS_for_Bike_Demand_Forecasting/.venv/lib/python3.12/site-packages/neuralprophet/__init__.py", line 4, in <module>
    import pytorch_lightning as pl
  File "/home/20250572/TabPFN-TS_for_Bike_Demand_Forecasting/.venv/lib/python3.12/site-packages/wandb/sdk/lib/import_hooks.py", line 182, in _exec_module
    self.loader.exec_module(module)
  File "/home/20250572/TabPFN-TS_for_Bike_Demand_Forecasting/.venv/lib/python3.12/site-packages/pytorch_lightning/__init__.py", line 35, in <module>
    from pytorch_lightning.callbacks import Callback  # noqa: E402
    ^^^^^^^^^^^^^^^^^^^^^^^^^^^^^^^^^^^^^^^^^^^^^^^^
  File "/home/20250572/TabPFN-TS_for_Bike_Demand_Forecasting/.venv/lib/python3.12/site-packages/pytorch_lightning/callbacks/__init__.py", line 28, in <module>
    from pytorch_lightning.callbacks.pruning import ModelPruning
  File "/home/20250572/TabPFN-TS_for_Bike_Demand_Forecasting/.venv/lib/python3.12/site-packages/pytorch_lightning/callbacks/pruning.py", line 31, in <module>
    from pytorch_lightning.core.module import LightningModule
  File "/home/20250572/TabPFN-TS_for_Bike_Demand_Forecasting/.venv/lib/python3.12/site-packages/pytorch_lightning/core/__init__.py", line 16, in <module>
    from pytorch_lightning.core.module import LightningModule
  File "/home/20250572/TabPFN-TS_for_Bike_Demand_Forecasting/.venv/lib/python3.12/site-packages/pytorch_lightning/core/module.py", line 32, in <module>
    import lightning_fabric as lf
  File "/home/20250572/TabPFN-TS_for_Bike_Demand_Forecasting/.venv/lib/python3.12/site-packages/wandb/sdk/lib/import_hooks.py", line 182, in _exec_module
    self.loader.exec_module(module)
  File "/home/20250572/TabPFN-TS_for_Bike_Demand_Forecasting/.venv/lib/python3.12/site-packages/lightning_fabric/__init__.py", line 29, in <module>
    __import__("pkg_resources").declare_namespace(__name__)
    ^^^^^^^^^^^^^^^^^^^^^^^^^^^
ModuleNotFoundError: No module named 'pkg_resources'

================================================================================
[2026-03-17 18:41:16] ERROR: Error in NeuralProphet h=24 fold=7: No module named 'pkg_resources'
================================================================================
Traceback (most recent call last):
  File "/home/20250572/TabPFN-TS_for_Bike_Demand_Forecasting/forecasting/run_experiments.py", line 184, in run_single_experiment
    model.fit(y_train, X_train)
  File "/home/20250572/TabPFN-TS_for_Bike_Demand_Forecasting/forecasting/models/prophet_models.py", line 118, in fit
    from neuralprophet import NeuralProphet
  File "/home/20250572/TabPFN-TS_for_Bike_Demand_Forecasting/.venv/lib/python3.12/site-packages/neuralprophet/__init__.py", line 4, in <module>
    import pytorch_lightning as pl
  File "/home/20250572/TabPFN-TS_for_Bike_Demand_Forecasting/.venv/lib/python3.12/site-packages/wandb/sdk/lib/import_hooks.py", line 182, in _exec_module
    self.loader.exec_module(module)
  File "/home/20250572/TabPFN-TS_for_Bike_Demand_Forecasting/.venv/lib/python3.12/site-packages/pytorch_lightning/__init__.py", line 35, in <module>
    from pytorch_lightning.callbacks import Callback  # noqa: E402
    ^^^^^^^^^^^^^^^^^^^^^^^^^^^^^^^^^^^^^^^^^^^^^^^^
  File "/home/20250572/TabPFN-TS_for_Bike_Demand_Forecasting/.venv/lib/python3.12/site-packages/pytorch_lightning/callbacks/__init__.py", line 28, in <module>
    from pytorch_lightning.callbacks.pruning import ModelPruning
  File "/home/20250572/TabPFN-TS_for_Bike_Demand_Forecasting/.venv/lib/python3.12/site-packages/pytorch_lightning/callbacks/pruning.py", line 31, in <module>
    from pytorch_lightning.core.module import LightningModule
  File "/home/20250572/TabPFN-TS_for_Bike_Demand_Forecasting/.venv/lib/python3.12/site-packages/pytorch_lightning/core/__init__.py", line 16, in <module>
    from pytorch_lightning.core.module import LightningModule
  File "/home/20250572/TabPFN-TS_for_Bike_Demand_Forecasting/.venv/lib/python3.12/site-packages/pytorch_lightning/core/module.py", line 32, in <module>
    import lightning_fabric as lf
  File "/home/20250572/TabPFN-TS_for_Bike_Demand_Forecasting/.venv/lib/python3.12/site-packages/wandb/sdk/lib/import_hooks.py", line 182, in _exec_module
    self.loader.exec_module(module)
  File "/home/20250572/TabPFN-TS_for_Bike_Demand_Forecasting/.venv/lib/python3.12/site-packages/lightning_fabric/__init__.py", line 29, in <module>
    __import__("pkg_resources").declare_namespace(__name__)
    ^^^^^^^^^^^^^^^^^^^^^^^^^^^
ModuleNotFoundError: No module named 'pkg_resources'

================================================================================
[2026-03-17 18:41:16] ERROR: Error in NeuralProphet h=24 fold=8: No module named 'pkg_resources'
================================================================================
Traceback (most recent call last):
  File "/home/20250572/TabPFN-TS_for_Bike_Demand_Forecasting/forecasting/run_experiments.py", line 184, in run_single_experiment
    model.fit(y_train, X_train)
  File "/home/20250572/TabPFN-TS_for_Bike_Demand_Forecasting/forecasting/models/prophet_models.py", line 118, in fit
    from neuralprophet import NeuralProphet
  File "/home/20250572/TabPFN-TS_for_Bike_Demand_Forecasting/.venv/lib/python3.12/site-packages/neuralprophet/__init__.py", line 4, in <module>
    import pytorch_lightning as pl
  File "/home/20250572/TabPFN-TS_for_Bike_Demand_Forecasting/.venv/lib/python3.12/site-packages/wandb/sdk/lib/import_hooks.py", line 182, in _exec_module
    self.loader.exec_module(module)
  File "/home/20250572/TabPFN-TS_for_Bike_Demand_Forecasting/.venv/lib/python3.12/site-packages/pytorch_lightning/__init__.py", line 35, in <module>
    from pytorch_lightning.callbacks import Callback  # noqa: E402
    ^^^^^^^^^^^^^^^^^^^^^^^^^^^^^^^^^^^^^^^^^^^^^^^^
  File "/home/20250572/TabPFN-TS_for_Bike_Demand_Forecasting/.venv/lib/python3.12/site-packages/pytorch_lightning/callbacks/__init__.py", line 28, in <module>
    from pytorch_lightning.callbacks.pruning import ModelPruning
  File "/home/20250572/TabPFN-TS_for_Bike_Demand_Forecasting/.venv/lib/python3.12/site-packages/pytorch_lightning/callbacks/pruning.py", line 31, in <module>
    from pytorch_lightning.core.module import LightningModule
  File "/home/20250572/TabPFN-TS_for_Bike_Demand_Forecasting/.venv/lib/python3.12/site-packages/pytorch_lightning/core/__init__.py", line 16, in <module>
    from pytorch_lightning.core.module import LightningModule
  File "/home/20250572/TabPFN-TS_for_Bike_Demand_Forecasting/.venv/lib/python3.12/site-packages/pytorch_lightning/core/module.py", line 32, in <module>
    import lightning_fabric as lf
  File "/home/20250572/TabPFN-TS_for_Bike_Demand_Forecasting/.venv/lib/python3.12/site-packages/wandb/sdk/lib/import_hooks.py", line 182, in _exec_module
    self.loader.exec_module(module)
  File "/home/20250572/TabPFN-TS_for_Bike_Demand_Forecasting/.venv/lib/python3.12/site-packages/lightning_fabric/__init__.py", line 29, in <module>
    __import__("pkg_resources").declare_namespace(__name__)
    ^^^^^^^^^^^^^^^^^^^^^^^^^^^
ModuleNotFoundError: No module named 'pkg_resources'

================================================================================
[2026-03-17 18:41:16] ERROR: Error in NeuralProphet h=24 fold=9: No module named 'pkg_resources'
================================================================================
Traceback (most recent call last):
  File "/home/20250572/TabPFN-TS_for_Bike_Demand_Forecasting/forecasting/run_experiments.py", line 184, in run_single_experiment
    model.fit(y_train, X_train)
  File "/home/20250572/TabPFN-TS_for_Bike_Demand_Forecasting/forecasting/models/prophet_models.py", line 118, in fit
    from neuralprophet import NeuralProphet
  File "/home/20250572/TabPFN-TS_for_Bike_Demand_Forecasting/.venv/lib/python3.12/site-packages/neuralprophet/__init__.py", line 4, in <module>
    import pytorch_lightning as pl
  File "/home/20250572/TabPFN-TS_for_Bike_Demand_Forecasting/.venv/lib/python3.12/site-packages/wandb/sdk/lib/import_hooks.py", line 182, in _exec_module
    self.loader.exec_module(module)
  File "/home/20250572/TabPFN-TS_for_Bike_Demand_Forecasting/.venv/lib/python3.12/site-packages/pytorch_lightning/__init__.py", line 35, in <module>
    from pytorch_lightning.callbacks import Callback  # noqa: E402
    ^^^^^^^^^^^^^^^^^^^^^^^^^^^^^^^^^^^^^^^^^^^^^^^^
  File "/home/20250572/TabPFN-TS_for_Bike_Demand_Forecasting/.venv/lib/python3.12/site-packages/pytorch_lightning/callbacks/__init__.py", line 28, in <module>
    from pytorch_lightning.callbacks.pruning import ModelPruning
  File "/home/20250572/TabPFN-TS_for_Bike_Demand_Forecasting/.venv/lib/python3.12/site-packages/pytorch_lightning/callbacks/pruning.py", line 31, in <module>
    from pytorch_lightning.core.module import LightningModule
  File "/home/20250572/TabPFN-TS_for_Bike_Demand_Forecasting/.venv/lib/python3.12/site-packages/pytorch_lightning/core/__init__.py", line 16, in <module>
    from pytorch_lightning.core.module import LightningModule
  File "/home/20250572/TabPFN-TS_for_Bike_Demand_Forecasting/.venv/lib/python3.12/site-packages/pytorch_lightning/core/module.py", line 32, in <module>
    import lightning_fabric as lf
  File "/home/20250572/TabPFN-TS_for_Bike_Demand_Forecasting/.venv/lib/python3.12/site-packages/wandb/sdk/lib/import_hooks.py", line 182, in _exec_module
    self.loader.exec_module(module)
  File "/home/20250572/TabPFN-TS_for_Bike_Demand_Forecasting/.venv/lib/python3.12/site-packages/lightning_fabric/__init__.py", line 29, in <module>
    __import__("pkg_resources").declare_namespace(__name__)
    ^^^^^^^^^^^^^^^^^^^^^^^^^^^
ModuleNotFoundError: No module named 'pkg_resources'

================================================================================
[2026-03-17 18:41:16] ERROR: Error in NeuralProphet h=24 fold=10: No module named 'pkg_resources'
================================================================================
Traceback (most recent call last):
  File "/home/20250572/TabPFN-TS_for_Bike_Demand_Forecasting/forecasting/run_experiments.py", line 184, in run_single_experiment
    model.fit(y_train, X_train)
  File "/home/20250572/TabPFN-TS_for_Bike_Demand_Forecasting/forecasting/models/prophet_models.py", line 118, in fit
    from neuralprophet import NeuralProphet
  File "/home/20250572/TabPFN-TS_for_Bike_Demand_Forecasting/.venv/lib/python3.12/site-packages/neuralprophet/__init__.py", line 4, in <module>
    import pytorch_lightning as pl
  File "/home/20250572/TabPFN-TS_for_Bike_Demand_Forecasting/.venv/lib/python3.12/site-packages/wandb/sdk/lib/import_hooks.py", line 182, in _exec_module
    self.loader.exec_module(module)
  File "/home/20250572/TabPFN-TS_for_Bike_Demand_Forecasting/.venv/lib/python3.12/site-packages/pytorch_lightning/__init__.py", line 35, in <module>
    from pytorch_lightning.callbacks import Callback  # noqa: E402
    ^^^^^^^^^^^^^^^^^^^^^^^^^^^^^^^^^^^^^^^^^^^^^^^^
  File "/home/20250572/TabPFN-TS_for_Bike_Demand_Forecasting/.venv/lib/python3.12/site-packages/pytorch_lightning/callbacks/__init__.py", line 28, in <module>
    from pytorch_lightning.callbacks.pruning import ModelPruning
  File "/home/20250572/TabPFN-TS_for_Bike_Demand_Forecasting/.venv/lib/python3.12/site-packages/pytorch_lightning/callbacks/pruning.py", line 31, in <module>
    from pytorch_lightning.core.module import LightningModule
  File "/home/20250572/TabPFN-TS_for_Bike_Demand_Forecasting/.venv/lib/python3.12/site-packages/pytorch_lightning/core/__init__.py", line 16, in <module>
    from pytorch_lightning.core.module import LightningModule
  File "/home/20250572/TabPFN-TS_for_Bike_Demand_Forecasting/.venv/lib/python3.12/site-packages/pytorch_lightning/core/module.py", line 32, in <module>
    import lightning_fabric as lf
  File "/home/20250572/TabPFN-TS_for_Bike_Demand_Forecasting/.venv/lib/python3.12/site-packages/wandb/sdk/lib/import_hooks.py", line 182, in _exec_module
    self.loader.exec_module(module)
  File "/home/20250572/TabPFN-TS_for_Bike_Demand_Forecasting/.venv/lib/python3.12/site-packages/lightning_fabric/__init__.py", line 29, in <module>
    __import__("pkg_resources").declare_namespace(__name__)
    ^^^^^^^^^^^^^^^^^^^^^^^^^^^
ModuleNotFoundError: No module named 'pkg_resources'

================================================================================
[2026-03-17 18:41:16] ERROR: Error in NeuralProphet h=24 fold=11: No module named 'pkg_resources'
================================================================================
Traceback (most recent call last):
  File "/home/20250572/TabPFN-TS_for_Bike_Demand_Forecasting/forecasting/run_experiments.py", line 184, in run_single_experiment
    model.fit(y_train, X_train)
  File "/home/20250572/TabPFN-TS_for_Bike_Demand_Forecasting/forecasting/models/prophet_models.py", line 118, in fit
    from neuralprophet import NeuralProphet
  File "/home/20250572/TabPFN-TS_for_Bike_Demand_Forecasting/.venv/lib/python3.12/site-packages/neuralprophet/__init__.py", line 4, in <module>
    import pytorch_lightning as pl
  File "/home/20250572/TabPFN-TS_for_Bike_Demand_Forecasting/.venv/lib/python3.12/site-packages/wandb/sdk/lib/import_hooks.py", line 182, in _exec_module
    self.loader.exec_module(module)
  File "/home/20250572/TabPFN-TS_for_Bike_Demand_Forecasting/.venv/lib/python3.12/site-packages/pytorch_lightning/__init__.py", line 35, in <module>
    from pytorch_lightning.callbacks import Callback  # noqa: E402
    ^^^^^^^^^^^^^^^^^^^^^^^^^^^^^^^^^^^^^^^^^^^^^^^^
  File "/home/20250572/TabPFN-TS_for_Bike_Demand_Forecasting/.venv/lib/python3.12/site-packages/pytorch_lightning/callbacks/__init__.py", line 28, in <module>
    from pytorch_lightning.callbacks.pruning import ModelPruning
  File "/home/20250572/TabPFN-TS_for_Bike_Demand_Forecasting/.venv/lib/python3.12/site-packages/pytorch_lightning/callbacks/pruning.py", line 31, in <module>
    from pytorch_lightning.core.module import LightningModule
  File "/home/20250572/TabPFN-TS_for_Bike_Demand_Forecasting/.venv/lib/python3.12/site-packages/pytorch_lightning/core/__init__.py", line 16, in <module>
    from pytorch_lightning.core.module import LightningModule
  File "/home/20250572/TabPFN-TS_for_Bike_Demand_Forecasting/.venv/lib/python3.12/site-packages/pytorch_lightning/core/module.py", line 32, in <module>
    import lightning_fabric as lf
  File "/home/20250572/TabPFN-TS_for_Bike_Demand_Forecasting/.venv/lib/python3.12/site-packages/wandb/sdk/lib/import_hooks.py", line 182, in _exec_module
    self.loader.exec_module(module)
  File "/home/20250572/TabPFN-TS_for_Bike_Demand_Forecasting/.venv/lib/python3.12/site-packages/lightning_fabric/__init__.py", line 29, in <module>
    __import__("pkg_resources").declare_namespace(__name__)
    ^^^^^^^^^^^^^^^^^^^^^^^^^^^
ModuleNotFoundError: No module named 'pkg_resources'

================================================================================
[2026-03-17 18:41:16] ERROR: Error in NeuralProphet h=24 fold=12: No module named 'pkg_resources'
================================================================================
Traceback (most recent call last):
  File "/home/20250572/TabPFN-TS_for_Bike_Demand_Forecasting/forecasting/run_experiments.py", line 184, in run_single_experiment
    model.fit(y_train, X_train)
  File "/home/20250572/TabPFN-TS_for_Bike_Demand_Forecasting/forecasting/models/prophet_models.py", line 118, in fit
    from neuralprophet import NeuralProphet
  File "/home/20250572/TabPFN-TS_for_Bike_Demand_Forecasting/.venv/lib/python3.12/site-packages/neuralprophet/__init__.py", line 4, in <module>
    import pytorch_lightning as pl
  File "/home/20250572/TabPFN-TS_for_Bike_Demand_Forecasting/.venv/lib/python3.12/site-packages/wandb/sdk/lib/import_hooks.py", line 182, in _exec_module
    self.loader.exec_module(module)
  File "/home/20250572/TabPFN-TS_for_Bike_Demand_Forecasting/.venv/lib/python3.12/site-packages/pytorch_lightning/__init__.py", line 35, in <module>
    from pytorch_lightning.callbacks import Callback  # noqa: E402
    ^^^^^^^^^^^^^^^^^^^^^^^^^^^^^^^^^^^^^^^^^^^^^^^^
  File "/home/20250572/TabPFN-TS_for_Bike_Demand_Forecasting/.venv/lib/python3.12/site-packages/pytorch_lightning/callbacks/__init__.py", line 28, in <module>
    from pytorch_lightning.callbacks.pruning import ModelPruning
  File "/home/20250572/TabPFN-TS_for_Bike_Demand_Forecasting/.venv/lib/python3.12/site-packages/pytorch_lightning/callbacks/pruning.py", line 31, in <module>
    from pytorch_lightning.core.module import LightningModule
  File "/home/20250572/TabPFN-TS_for_Bike_Demand_Forecasting/.venv/lib/python3.12/site-packages/pytorch_lightning/core/__init__.py", line 16, in <module>
    from pytorch_lightning.core.module import LightningModule
  File "/home/20250572/TabPFN-TS_for_Bike_Demand_Forecasting/.venv/lib/python3.12/site-packages/pytorch_lightning/core/module.py", line 32, in <module>
    import lightning_fabric as lf
  File "/home/20250572/TabPFN-TS_for_Bike_Demand_Forecasting/.venv/lib/python3.12/site-packages/wandb/sdk/lib/import_hooks.py", line 182, in _exec_module
    self.loader.exec_module(module)
  File "/home/20250572/TabPFN-TS_for_Bike_Demand_Forecasting/.venv/lib/python3.12/site-packages/lightning_fabric/__init__.py", line 29, in <module>
    __import__("pkg_resources").declare_namespace(__name__)
    ^^^^^^^^^^^^^^^^^^^^^^^^^^^
ModuleNotFoundError: No module named 'pkg_resources'

================================================================================
[2026-03-17 18:41:16] ERROR: Error in NeuralProphet h=24 fold=13: No module named 'pkg_resources'
================================================================================
Traceback (most recent call last):
  File "/home/20250572/TabPFN-TS_for_Bike_Demand_Forecasting/forecasting/run_experiments.py", line 184, in run_single_experiment
    model.fit(y_train, X_train)
  File "/home/20250572/TabPFN-TS_for_Bike_Demand_Forecasting/forecasting/models/prophet_models.py", line 118, in fit
    from neuralprophet import NeuralProphet
  File "/home/20250572/TabPFN-TS_for_Bike_Demand_Forecasting/.venv/lib/python3.12/site-packages/neuralprophet/__init__.py", line 4, in <module>
    import pytorch_lightning as pl
  File "/home/20250572/TabPFN-TS_for_Bike_Demand_Forecasting/.venv/lib/python3.12/site-packages/wandb/sdk/lib/import_hooks.py", line 182, in _exec_module
    self.loader.exec_module(module)
  File "/home/20250572/TabPFN-TS_for_Bike_Demand_Forecasting/.venv/lib/python3.12/site-packages/pytorch_lightning/__init__.py", line 35, in <module>
    from pytorch_lightning.callbacks import Callback  # noqa: E402
    ^^^^^^^^^^^^^^^^^^^^^^^^^^^^^^^^^^^^^^^^^^^^^^^^
  File "/home/20250572/TabPFN-TS_for_Bike_Demand_Forecasting/.venv/lib/python3.12/site-packages/pytorch_lightning/callbacks/__init__.py", line 28, in <module>
    from pytorch_lightning.callbacks.pruning import ModelPruning
  File "/home/20250572/TabPFN-TS_for_Bike_Demand_Forecasting/.venv/lib/python3.12/site-packages/pytorch_lightning/callbacks/pruning.py", line 31, in <module>
    from pytorch_lightning.core.module import LightningModule
  File "/home/20250572/TabPFN-TS_for_Bike_Demand_Forecasting/.venv/lib/python3.12/site-packages/pytorch_lightning/core/__init__.py", line 16, in <module>
    from pytorch_lightning.core.module import LightningModule
  File "/home/20250572/TabPFN-TS_for_Bike_Demand_Forecasting/.venv/lib/python3.12/site-packages/pytorch_lightning/core/module.py", line 32, in <module>
    import lightning_fabric as lf
  File "/home/20250572/TabPFN-TS_for_Bike_Demand_Forecasting/.venv/lib/python3.12/site-packages/wandb/sdk/lib/import_hooks.py", line 182, in _exec_module
    self.loader.exec_module(module)
  File "/home/20250572/TabPFN-TS_for_Bike_Demand_Forecasting/.venv/lib/python3.12/site-packages/lightning_fabric/__init__.py", line 29, in <module>
    __import__("pkg_resources").declare_namespace(__name__)
    ^^^^^^^^^^^^^^^^^^^^^^^^^^^
ModuleNotFoundError: No module named 'pkg_resources'

================================================================================
[2026-03-17 18:41:16] ERROR: Error in NeuralProphet h=24 fold=14: No module named 'pkg_resources'
================================================================================
Traceback (most recent call last):
  File "/home/20250572/TabPFN-TS_for_Bike_Demand_Forecasting/forecasting/run_experiments.py", line 184, in run_single_experiment
    model.fit(y_train, X_train)
  File "/home/20250572/TabPFN-TS_for_Bike_Demand_Forecasting/forecasting/models/prophet_models.py", line 118, in fit
    from neuralprophet import NeuralProphet
  File "/home/20250572/TabPFN-TS_for_Bike_Demand_Forecasting/.venv/lib/python3.12/site-packages/neuralprophet/__init__.py", line 4, in <module>
    import pytorch_lightning as pl
  File "/home/20250572/TabPFN-TS_for_Bike_Demand_Forecasting/.venv/lib/python3.12/site-packages/wandb/sdk/lib/import_hooks.py", line 182, in _exec_module
    self.loader.exec_module(module)
  File "/home/20250572/TabPFN-TS_for_Bike_Demand_Forecasting/.venv/lib/python3.12/site-packages/pytorch_lightning/__init__.py", line 35, in <module>
    from pytorch_lightning.callbacks import Callback  # noqa: E402
    ^^^^^^^^^^^^^^^^^^^^^^^^^^^^^^^^^^^^^^^^^^^^^^^^
  File "/home/20250572/TabPFN-TS_for_Bike_Demand_Forecasting/.venv/lib/python3.12/site-packages/pytorch_lightning/callbacks/__init__.py", line 28, in <module>
    from pytorch_lightning.callbacks.pruning import ModelPruning
  File "/home/20250572/TabPFN-TS_for_Bike_Demand_Forecasting/.venv/lib/python3.12/site-packages/pytorch_lightning/callbacks/pruning.py", line 31, in <module>
    from pytorch_lightning.core.module import LightningModule
  File "/home/20250572/TabPFN-TS_for_Bike_Demand_Forecasting/.venv/lib/python3.12/site-packages/pytorch_lightning/core/__init__.py", line 16, in <module>
    from pytorch_lightning.core.module import LightningModule
  File "/home/20250572/TabPFN-TS_for_Bike_Demand_Forecasting/.venv/lib/python3.12/site-packages/pytorch_lightning/core/module.py", line 32, in <module>
    import lightning_fabric as lf
  File "/home/20250572/TabPFN-TS_for_Bike_Demand_Forecasting/.venv/lib/python3.12/site-packages/wandb/sdk/lib/import_hooks.py", line 182, in _exec_module
    self.loader.exec_module(module)
  File "/home/20250572/TabPFN-TS_for_Bike_Demand_Forecasting/.venv/lib/python3.12/site-packages/lightning_fabric/__init__.py", line 29, in <module>
    __import__("pkg_resources").declare_namespace(__name__)
    ^^^^^^^^^^^^^^^^^^^^^^^^^^^
ModuleNotFoundError: No module named 'pkg_resources'

================================================================================
[2026-03-17 18:41:16] ERROR: Error in NeuralProphet h=24 fold=15: No module named 'pkg_resources'
================================================================================
Traceback (most recent call last):
  File "/home/20250572/TabPFN-TS_for_Bike_Demand_Forecasting/forecasting/run_experiments.py", line 184, in run_single_experiment
    model.fit(y_train, X_train)
  File "/home/20250572/TabPFN-TS_for_Bike_Demand_Forecasting/forecasting/models/prophet_models.py", line 118, in fit
    from neuralprophet import NeuralProphet
  File "/home/20250572/TabPFN-TS_for_Bike_Demand_Forecasting/.venv/lib/python3.12/site-packages/neuralprophet/__init__.py", line 4, in <module>
    import pytorch_lightning as pl
  File "/home/20250572/TabPFN-TS_for_Bike_Demand_Forecasting/.venv/lib/python3.12/site-packages/wandb/sdk/lib/import_hooks.py", line 182, in _exec_module
    self.loader.exec_module(module)
  File "/home/20250572/TabPFN-TS_for_Bike_Demand_Forecasting/.venv/lib/python3.12/site-packages/pytorch_lightning/__init__.py", line 35, in <module>
    from pytorch_lightning.callbacks import Callback  # noqa: E402
    ^^^^^^^^^^^^^^^^^^^^^^^^^^^^^^^^^^^^^^^^^^^^^^^^
  File "/home/20250572/TabPFN-TS_for_Bike_Demand_Forecasting/.venv/lib/python3.12/site-packages/pytorch_lightning/callbacks/__init__.py", line 28, in <module>
    from pytorch_lightning.callbacks.pruning import ModelPruning
  File "/home/20250572/TabPFN-TS_for_Bike_Demand_Forecasting/.venv/lib/python3.12/site-packages/pytorch_lightning/callbacks/pruning.py", line 31, in <module>
    from pytorch_lightning.core.module import LightningModule
  File "/home/20250572/TabPFN-TS_for_Bike_Demand_Forecasting/.venv/lib/python3.12/site-packages/pytorch_lightning/core/__init__.py", line 16, in <module>
    from pytorch_lightning.core.module import LightningModule
  File "/home/20250572/TabPFN-TS_for_Bike_Demand_Forecasting/.venv/lib/python3.12/site-packages/pytorch_lightning/core/module.py", line 32, in <module>
    import lightning_fabric as lf
  File "/home/20250572/TabPFN-TS_for_Bike_Demand_Forecasting/.venv/lib/python3.12/site-packages/wandb/sdk/lib/import_hooks.py", line 182, in _exec_module
    self.loader.exec_module(module)
  File "/home/20250572/TabPFN-TS_for_Bike_Demand_Forecasting/.venv/lib/python3.12/site-packages/lightning_fabric/__init__.py", line 29, in <module>
    __import__("pkg_resources").declare_namespace(__name__)
    ^^^^^^^^^^^^^^^^^^^^^^^^^^^
ModuleNotFoundError: No module named 'pkg_resources'

================================================================================
[2026-03-17 18:41:16] ERROR: Error in NeuralProphet h=24 fold=16: No module named 'pkg_resources'
================================================================================
Traceback (most recent call last):
  File "/home/20250572/TabPFN-TS_for_Bike_Demand_Forecasting/forecasting/run_experiments.py", line 184, in run_single_experiment
    model.fit(y_train, X_train)
  File "/home/20250572/TabPFN-TS_for_Bike_Demand_Forecasting/forecasting/models/prophet_models.py", line 118, in fit
    from neuralprophet import NeuralProphet
  File "/home/20250572/TabPFN-TS_for_Bike_Demand_Forecasting/.venv/lib/python3.12/site-packages/neuralprophet/__init__.py", line 4, in <module>
    import pytorch_lightning as pl
  File "/home/20250572/TabPFN-TS_for_Bike_Demand_Forecasting/.venv/lib/python3.12/site-packages/wandb/sdk/lib/import_hooks.py", line 182, in _exec_module
    self.loader.exec_module(module)
  File "/home/20250572/TabPFN-TS_for_Bike_Demand_Forecasting/.venv/lib/python3.12/site-packages/pytorch_lightning/__init__.py", line 35, in <module>
    from pytorch_lightning.callbacks import Callback  # noqa: E402
    ^^^^^^^^^^^^^^^^^^^^^^^^^^^^^^^^^^^^^^^^^^^^^^^^
  File "/home/20250572/TabPFN-TS_for_Bike_Demand_Forecasting/.venv/lib/python3.12/site-packages/pytorch_lightning/callbacks/__init__.py", line 28, in <module>
    from pytorch_lightning.callbacks.pruning import ModelPruning
  File "/home/20250572/TabPFN-TS_for_Bike_Demand_Forecasting/.venv/lib/python3.12/site-packages/pytorch_lightning/callbacks/pruning.py", line 31, in <module>
    from pytorch_lightning.core.module import LightningModule
  File "/home/20250572/TabPFN-TS_for_Bike_Demand_Forecasting/.venv/lib/python3.12/site-packages/pytorch_lightning/core/__init__.py", line 16, in <module>
    from pytorch_lightning.core.module import LightningModule
  File "/home/20250572/TabPFN-TS_for_Bike_Demand_Forecasting/.venv/lib/python3.12/site-packages/pytorch_lightning/core/module.py", line 32, in <module>
    import lightning_fabric as lf
  File "/home/20250572/TabPFN-TS_for_Bike_Demand_Forecasting/.venv/lib/python3.12/site-packages/wandb/sdk/lib/import_hooks.py", line 182, in _exec_module
    self.loader.exec_module(module)
  File "/home/20250572/TabPFN-TS_for_Bike_Demand_Forecasting/.venv/lib/python3.12/site-packages/lightning_fabric/__init__.py", line 29, in <module>
    __import__("pkg_resources").declare_namespace(__name__)
    ^^^^^^^^^^^^^^^^^^^^^^^^^^^
ModuleNotFoundError: No module named 'pkg_resources'

================================================================================
[2026-03-17 18:41:16] ERROR: Error in NeuralProphet h=24 fold=17: No module named 'pkg_resources'
================================================================================
Traceback (most recent call last):
  File "/home/20250572/TabPFN-TS_for_Bike_Demand_Forecasting/forecasting/run_experiments.py", line 184, in run_single_experiment
    model.fit(y_train, X_train)
  File "/home/20250572/TabPFN-TS_for_Bike_Demand_Forecasting/forecasting/models/prophet_models.py", line 118, in fit
    from neuralprophet import NeuralProphet
  File "/home/20250572/TabPFN-TS_for_Bike_Demand_Forecasting/.venv/lib/python3.12/site-packages/neuralprophet/__init__.py", line 4, in <module>
    import pytorch_lightning as pl
  File "/home/20250572/TabPFN-TS_for_Bike_Demand_Forecasting/.venv/lib/python3.12/site-packages/wandb/sdk/lib/import_hooks.py", line 182, in _exec_module
    self.loader.exec_module(module)
  File "/home/20250572/TabPFN-TS_for_Bike_Demand_Forecasting/.venv/lib/python3.12/site-packages/pytorch_lightning/__init__.py", line 35, in <module>
    from pytorch_lightning.callbacks import Callback  # noqa: E402
    ^^^^^^^^^^^^^^^^^^^^^^^^^^^^^^^^^^^^^^^^^^^^^^^^
  File "/home/20250572/TabPFN-TS_for_Bike_Demand_Forecasting/.venv/lib/python3.12/site-packages/pytorch_lightning/callbacks/__init__.py", line 28, in <module>
    from pytorch_lightning.callbacks.pruning import ModelPruning
  File "/home/20250572/TabPFN-TS_for_Bike_Demand_Forecasting/.venv/lib/python3.12/site-packages/pytorch_lightning/callbacks/pruning.py", line 31, in <module>
    from pytorch_lightning.core.module import LightningModule
  File "/home/20250572/TabPFN-TS_for_Bike_Demand_Forecasting/.venv/lib/python3.12/site-packages/pytorch_lightning/core/__init__.py", line 16, in <module>
    from pytorch_lightning.core.module import LightningModule
  File "/home/20250572/TabPFN-TS_for_Bike_Demand_Forecasting/.venv/lib/python3.12/site-packages/pytorch_lightning/core/module.py", line 32, in <module>
    import lightning_fabric as lf
  File "/home/20250572/TabPFN-TS_for_Bike_Demand_Forecasting/.venv/lib/python3.12/site-packages/wandb/sdk/lib/import_hooks.py", line 182, in _exec_module
    self.loader.exec_module(module)
  File "/home/20250572/TabPFN-TS_for_Bike_Demand_Forecasting/.venv/lib/python3.12/site-packages/lightning_fabric/__init__.py", line 29, in <module>
    __import__("pkg_resources").declare_namespace(__name__)
    ^^^^^^^^^^^^^^^^^^^^^^^^^^^
ModuleNotFoundError: No module named 'pkg_resources'

================================================================================
[2026-03-17 18:41:16] ERROR: Error in NeuralProphet h=24 fold=18: No module named 'pkg_resources'
================================================================================
Traceback (most recent call last):
  File "/home/20250572/TabPFN-TS_for_Bike_Demand_Forecasting/forecasting/run_experiments.py", line 184, in run_single_experiment
    model.fit(y_train, X_train)
  File "/home/20250572/TabPFN-TS_for_Bike_Demand_Forecasting/forecasting/models/prophet_models.py", line 118, in fit
    from neuralprophet import NeuralProphet
  File "/home/20250572/TabPFN-TS_for_Bike_Demand_Forecasting/.venv/lib/python3.12/site-packages/neuralprophet/__init__.py", line 4, in <module>
    import pytorch_lightning as pl
  File "/home/20250572/TabPFN-TS_for_Bike_Demand_Forecasting/.venv/lib/python3.12/site-packages/wandb/sdk/lib/import_hooks.py", line 182, in _exec_module
    self.loader.exec_module(module)
  File "/home/20250572/TabPFN-TS_for_Bike_Demand_Forecasting/.venv/lib/python3.12/site-packages/pytorch_lightning/__init__.py", line 35, in <module>
    from pytorch_lightning.callbacks import Callback  # noqa: E402
    ^^^^^^^^^^^^^^^^^^^^^^^^^^^^^^^^^^^^^^^^^^^^^^^^
  File "/home/20250572/TabPFN-TS_for_Bike_Demand_Forecasting/.venv/lib/python3.12/site-packages/pytorch_lightning/callbacks/__init__.py", line 28, in <module>
    from pytorch_lightning.callbacks.pruning import ModelPruning
  File "/home/20250572/TabPFN-TS_for_Bike_Demand_Forecasting/.venv/lib/python3.12/site-packages/pytorch_lightning/callbacks/pruning.py", line 31, in <module>
    from pytorch_lightning.core.module import LightningModule
  File "/home/20250572/TabPFN-TS_for_Bike_Demand_Forecasting/.venv/lib/python3.12/site-packages/pytorch_lightning/core/__init__.py", line 16, in <module>
    from pytorch_lightning.core.module import LightningModule
  File "/home/20250572/TabPFN-TS_for_Bike_Demand_Forecasting/.venv/lib/python3.12/site-packages/pytorch_lightning/core/module.py", line 32, in <module>
    import lightning_fabric as lf
  File "/home/20250572/TabPFN-TS_for_Bike_Demand_Forecasting/.venv/lib/python3.12/site-packages/wandb/sdk/lib/import_hooks.py", line 182, in _exec_module
    self.loader.exec_module(module)
  File "/home/20250572/TabPFN-TS_for_Bike_Demand_Forecasting/.venv/lib/python3.12/site-packages/lightning_fabric/__init__.py", line 29, in <module>
    __import__("pkg_resources").declare_namespace(__name__)
    ^^^^^^^^^^^^^^^^^^^^^^^^^^^
ModuleNotFoundError: No module named 'pkg_resources'

================================================================================
[2026-03-17 18:41:16] ERROR: Error in NeuralProphet h=24 fold=19: No module named 'pkg_resources'
================================================================================
Traceback (most recent call last):
  File "/home/20250572/TabPFN-TS_for_Bike_Demand_Forecasting/forecasting/run_experiments.py", line 184, in run_single_experiment
    model.fit(y_train, X_train)
  File "/home/20250572/TabPFN-TS_for_Bike_Demand_Forecasting/forecasting/models/prophet_models.py", line 118, in fit
    from neuralprophet import NeuralProphet
  File "/home/20250572/TabPFN-TS_for_Bike_Demand_Forecasting/.venv/lib/python3.12/site-packages/neuralprophet/__init__.py", line 4, in <module>
    import pytorch_lightning as pl
  File "/home/20250572/TabPFN-TS_for_Bike_Demand_Forecasting/.venv/lib/python3.12/site-packages/wandb/sdk/lib/import_hooks.py", line 182, in _exec_module
    self.loader.exec_module(module)
  File "/home/20250572/TabPFN-TS_for_Bike_Demand_Forecasting/.venv/lib/python3.12/site-packages/pytorch_lightning/__init__.py", line 35, in <module>
    from pytorch_lightning.callbacks import Callback  # noqa: E402
    ^^^^^^^^^^^^^^^^^^^^^^^^^^^^^^^^^^^^^^^^^^^^^^^^
  File "/home/20250572/TabPFN-TS_for_Bike_Demand_Forecasting/.venv/lib/python3.12/site-packages/pytorch_lightning/callbacks/__init__.py", line 28, in <module>
    from pytorch_lightning.callbacks.pruning import ModelPruning
  File "/home/20250572/TabPFN-TS_for_Bike_Demand_Forecasting/.venv/lib/python3.12/site-packages/pytorch_lightning/callbacks/pruning.py", line 31, in <module>
    from pytorch_lightning.core.module import LightningModule
  File "/home/20250572/TabPFN-TS_for_Bike_Demand_Forecasting/.venv/lib/python3.12/site-packages/pytorch_lightning/core/__init__.py", line 16, in <module>
    from pytorch_lightning.core.module import LightningModule
  File "/home/20250572/TabPFN-TS_for_Bike_Demand_Forecasting/.venv/lib/python3.12/site-packages/pytorch_lightning/core/module.py", line 32, in <module>
    import lightning_fabric as lf
  File "/home/20250572/TabPFN-TS_for_Bike_Demand_Forecasting/.venv/lib/python3.12/site-packages/wandb/sdk/lib/import_hooks.py", line 182, in _exec_module
    self.loader.exec_module(module)
  File "/home/20250572/TabPFN-TS_for_Bike_Demand_Forecasting/.venv/lib/python3.12/site-packages/lightning_fabric/__init__.py", line 29, in <module>
    __import__("pkg_resources").declare_namespace(__name__)
    ^^^^^^^^^^^^^^^^^^^^^^^^^^^
ModuleNotFoundError: No module named 'pkg_resources'

================================================================================
[2026-03-17 18:41:16] ERROR: Error in NeuralProphet h=48 fold=0: No module named 'pkg_resources'
================================================================================
Traceback (most recent call last):
  File "/home/20250572/TabPFN-TS_for_Bike_Demand_Forecasting/forecasting/run_experiments.py", line 184, in run_single_experiment
    model.fit(y_train, X_train)
  File "/home/20250572/TabPFN-TS_for_Bike_Demand_Forecasting/forecasting/models/prophet_models.py", line 118, in fit
    from neuralprophet import NeuralProphet
  File "/home/20250572/TabPFN-TS_for_Bike_Demand_Forecasting/.venv/lib/python3.12/site-packages/neuralprophet/__init__.py", line 4, in <module>
    import pytorch_lightning as pl
  File "/home/20250572/TabPFN-TS_for_Bike_Demand_Forecasting/.venv/lib/python3.12/site-packages/wandb/sdk/lib/import_hooks.py", line 182, in _exec_module
    self.loader.exec_module(module)
  File "/home/20250572/TabPFN-TS_for_Bike_Demand_Forecasting/.venv/lib/python3.12/site-packages/pytorch_lightning/__init__.py", line 35, in <module>
    from pytorch_lightning.callbacks import Callback  # noqa: E402
    ^^^^^^^^^^^^^^^^^^^^^^^^^^^^^^^^^^^^^^^^^^^^^^^^
  File "/home/20250572/TabPFN-TS_for_Bike_Demand_Forecasting/.venv/lib/python3.12/site-packages/pytorch_lightning/callbacks/__init__.py", line 28, in <module>
    from pytorch_lightning.callbacks.pruning import ModelPruning
  File "/home/20250572/TabPFN-TS_for_Bike_Demand_Forecasting/.venv/lib/python3.12/site-packages/pytorch_lightning/callbacks/pruning.py", line 31, in <module>
    from pytorch_lightning.core.module import LightningModule
  File "/home/20250572/TabPFN-TS_for_Bike_Demand_Forecasting/.venv/lib/python3.12/site-packages/pytorch_lightning/core/__init__.py", line 16, in <module>
    from pytorch_lightning.core.module import LightningModule
  File "/home/20250572/TabPFN-TS_for_Bike_Demand_Forecasting/.venv/lib/python3.12/site-packages/pytorch_lightning/core/module.py", line 32, in <module>
    import lightning_fabric as lf
  File "/home/20250572/TabPFN-TS_for_Bike_Demand_Forecasting/.venv/lib/python3.12/site-packages/wandb/sdk/lib/import_hooks.py", line 182, in _exec_module
    self.loader.exec_module(module)
  File "/home/20250572/TabPFN-TS_for_Bike_Demand_Forecasting/.venv/lib/python3.12/site-packages/lightning_fabric/__init__.py", line 29, in <module>
    __import__("pkg_resources").declare_namespace(__name__)
    ^^^^^^^^^^^^^^^^^^^^^^^^^^^
ModuleNotFoundError: No module named 'pkg_resources'

================================================================================
[2026-03-17 18:41:16] ERROR: Error in NeuralProphet h=48 fold=1: No module named 'pkg_resources'
================================================================================
Traceback (most recent call last):
  File "/home/20250572/TabPFN-TS_for_Bike_Demand_Forecasting/forecasting/run_experiments.py", line 184, in run_single_experiment
    model.fit(y_train, X_train)
  File "/home/20250572/TabPFN-TS_for_Bike_Demand_Forecasting/forecasting/models/prophet_models.py", line 118, in fit
    from neuralprophet import NeuralProphet
  File "/home/20250572/TabPFN-TS_for_Bike_Demand_Forecasting/.venv/lib/python3.12/site-packages/neuralprophet/__init__.py", line 4, in <module>
    import pytorch_lightning as pl
  File "/home/20250572/TabPFN-TS_for_Bike_Demand_Forecasting/.venv/lib/python3.12/site-packages/wandb/sdk/lib/import_hooks.py", line 182, in _exec_module
    self.loader.exec_module(module)
  File "/home/20250572/TabPFN-TS_for_Bike_Demand_Forecasting/.venv/lib/python3.12/site-packages/pytorch_lightning/__init__.py", line 35, in <module>
    from pytorch_lightning.callbacks import Callback  # noqa: E402
    ^^^^^^^^^^^^^^^^^^^^^^^^^^^^^^^^^^^^^^^^^^^^^^^^
  File "/home/20250572/TabPFN-TS_for_Bike_Demand_Forecasting/.venv/lib/python3.12/site-packages/pytorch_lightning/callbacks/__init__.py", line 28, in <module>
    from pytorch_lightning.callbacks.pruning import ModelPruning
  File "/home/20250572/TabPFN-TS_for_Bike_Demand_Forecasting/.venv/lib/python3.12/site-packages/pytorch_lightning/callbacks/pruning.py", line 31, in <module>
    from pytorch_lightning.core.module import LightningModule
  File "/home/20250572/TabPFN-TS_for_Bike_Demand_Forecasting/.venv/lib/python3.12/site-packages/pytorch_lightning/core/__init__.py", line 16, in <module>
    from pytorch_lightning.core.module import LightningModule
  File "/home/20250572/TabPFN-TS_for_Bike_Demand_Forecasting/.venv/lib/python3.12/site-packages/pytorch_lightning/core/module.py", line 32, in <module>
    import lightning_fabric as lf
  File "/home/20250572/TabPFN-TS_for_Bike_Demand_Forecasting/.venv/lib/python3.12/site-packages/wandb/sdk/lib/import_hooks.py", line 182, in _exec_module
    self.loader.exec_module(module)
  File "/home/20250572/TabPFN-TS_for_Bike_Demand_Forecasting/.venv/lib/python3.12/site-packages/lightning_fabric/__init__.py", line 29, in <module>
    __import__("pkg_resources").declare_namespace(__name__)
    ^^^^^^^^^^^^^^^^^^^^^^^^^^^
ModuleNotFoundError: No module named 'pkg_resources'

================================================================================
[2026-03-17 18:41:16] ERROR: Error in NeuralProphet h=48 fold=2: No module named 'pkg_resources'
================================================================================
Traceback (most recent call last):
  File "/home/20250572/TabPFN-TS_for_Bike_Demand_Forecasting/forecasting/run_experiments.py", line 184, in run_single_experiment
    model.fit(y_train, X_train)
  File "/home/20250572/TabPFN-TS_for_Bike_Demand_Forecasting/forecasting/models/prophet_models.py", line 118, in fit
    from neuralprophet import NeuralProphet
  File "/home/20250572/TabPFN-TS_for_Bike_Demand_Forecasting/.venv/lib/python3.12/site-packages/neuralprophet/__init__.py", line 4, in <module>
    import pytorch_lightning as pl
  File "/home/20250572/TabPFN-TS_for_Bike_Demand_Forecasting/.venv/lib/python3.12/site-packages/wandb/sdk/lib/import_hooks.py", line 182, in _exec_module
    self.loader.exec_module(module)
  File "/home/20250572/TabPFN-TS_for_Bike_Demand_Forecasting/.venv/lib/python3.12/site-packages/pytorch_lightning/__init__.py", line 35, in <module>
    from pytorch_lightning.callbacks import Callback  # noqa: E402
    ^^^^^^^^^^^^^^^^^^^^^^^^^^^^^^^^^^^^^^^^^^^^^^^^
  File "/home/20250572/TabPFN-TS_for_Bike_Demand_Forecasting/.venv/lib/python3.12/site-packages/pytorch_lightning/callbacks/__init__.py", line 28, in <module>
    from pytorch_lightning.callbacks.pruning import ModelPruning
  File "/home/20250572/TabPFN-TS_for_Bike_Demand_Forecasting/.venv/lib/python3.12/site-packages/pytorch_lightning/callbacks/pruning.py", line 31, in <module>
    from pytorch_lightning.core.module import LightningModule
  File "/home/20250572/TabPFN-TS_for_Bike_Demand_Forecasting/.venv/lib/python3.12/site-packages/pytorch_lightning/core/__init__.py", line 16, in <module>
    from pytorch_lightning.core.module import LightningModule
  File "/home/20250572/TabPFN-TS_for_Bike_Demand_Forecasting/.venv/lib/python3.12/site-packages/pytorch_lightning/core/module.py", line 32, in <module>
    import lightning_fabric as lf
  File "/home/20250572/TabPFN-TS_for_Bike_Demand_Forecasting/.venv/lib/python3.12/site-packages/wandb/sdk/lib/import_hooks.py", line 182, in _exec_module
    self.loader.exec_module(module)
  File "/home/20250572/TabPFN-TS_for_Bike_Demand_Forecasting/.venv/lib/python3.12/site-packages/lightning_fabric/__init__.py", line 29, in <module>
    __import__("pkg_resources").declare_namespace(__name__)
    ^^^^^^^^^^^^^^^^^^^^^^^^^^^
ModuleNotFoundError: No module named 'pkg_resources'

================================================================================
[2026-03-17 18:41:16] ERROR: Error in NeuralProphet h=48 fold=3: No module named 'pkg_resources'
================================================================================
Traceback (most recent call last):
  File "/home/20250572/TabPFN-TS_for_Bike_Demand_Forecasting/forecasting/run_experiments.py", line 184, in run_single_experiment
    model.fit(y_train, X_train)
  File "/home/20250572/TabPFN-TS_for_Bike_Demand_Forecasting/forecasting/models/prophet_models.py", line 118, in fit
    from neuralprophet import NeuralProphet
  File "/home/20250572/TabPFN-TS_for_Bike_Demand_Forecasting/.venv/lib/python3.12/site-packages/neuralprophet/__init__.py", line 4, in <module>
    import pytorch_lightning as pl
  File "/home/20250572/TabPFN-TS_for_Bike_Demand_Forecasting/.venv/lib/python3.12/site-packages/wandb/sdk/lib/import_hooks.py", line 182, in _exec_module
    self.loader.exec_module(module)
  File "/home/20250572/TabPFN-TS_for_Bike_Demand_Forecasting/.venv/lib/python3.12/site-packages/pytorch_lightning/__init__.py", line 35, in <module>
    from pytorch_lightning.callbacks import Callback  # noqa: E402
    ^^^^^^^^^^^^^^^^^^^^^^^^^^^^^^^^^^^^^^^^^^^^^^^^
  File "/home/20250572/TabPFN-TS_for_Bike_Demand_Forecasting/.venv/lib/python3.12/site-packages/pytorch_lightning/callbacks/__init__.py", line 28, in <module>
    from pytorch_lightning.callbacks.pruning import ModelPruning
  File "/home/20250572/TabPFN-TS_for_Bike_Demand_Forecasting/.venv/lib/python3.12/site-packages/pytorch_lightning/callbacks/pruning.py", line 31, in <module>
    from pytorch_lightning.core.module import LightningModule
  File "/home/20250572/TabPFN-TS_for_Bike_Demand_Forecasting/.venv/lib/python3.12/site-packages/pytorch_lightning/core/__init__.py", line 16, in <module>
    from pytorch_lightning.core.module import LightningModule
  File "/home/20250572/TabPFN-TS_for_Bike_Demand_Forecasting/.venv/lib/python3.12/site-packages/pytorch_lightning/core/module.py", line 32, in <module>
    import lightning_fabric as lf
  File "/home/20250572/TabPFN-TS_for_Bike_Demand_Forecasting/.venv/lib/python3.12/site-packages/wandb/sdk/lib/import_hooks.py", line 182, in _exec_module
    self.loader.exec_module(module)
  File "/home/20250572/TabPFN-TS_for_Bike_Demand_Forecasting/.venv/lib/python3.12/site-packages/lightning_fabric/__init__.py", line 29, in <module>
    __import__("pkg_resources").declare_namespace(__name__)
    ^^^^^^^^^^^^^^^^^^^^^^^^^^^
ModuleNotFoundError: No module named 'pkg_resources'

================================================================================
[2026-03-17 18:41:16] ERROR: Error in NeuralProphet h=48 fold=4: No module named 'pkg_resources'
================================================================================
Traceback (most recent call last):
  File "/home/20250572/TabPFN-TS_for_Bike_Demand_Forecasting/forecasting/run_experiments.py", line 184, in run_single_experiment
    model.fit(y_train, X_train)
  File "/home/20250572/TabPFN-TS_for_Bike_Demand_Forecasting/forecasting/models/prophet_models.py", line 118, in fit
    from neuralprophet import NeuralProphet
  File "/home/20250572/TabPFN-TS_for_Bike_Demand_Forecasting/.venv/lib/python3.12/site-packages/neuralprophet/__init__.py", line 4, in <module>
    import pytorch_lightning as pl
  File "/home/20250572/TabPFN-TS_for_Bike_Demand_Forecasting/.venv/lib/python3.12/site-packages/wandb/sdk/lib/import_hooks.py", line 182, in _exec_module
    self.loader.exec_module(module)
  File "/home/20250572/TabPFN-TS_for_Bike_Demand_Forecasting/.venv/lib/python3.12/site-packages/pytorch_lightning/__init__.py", line 35, in <module>
    from pytorch_lightning.callbacks import Callback  # noqa: E402
    ^^^^^^^^^^^^^^^^^^^^^^^^^^^^^^^^^^^^^^^^^^^^^^^^
  File "/home/20250572/TabPFN-TS_for_Bike_Demand_Forecasting/.venv/lib/python3.12/site-packages/pytorch_lightning/callbacks/__init__.py", line 28, in <module>
    from pytorch_lightning.callbacks.pruning import ModelPruning
  File "/home/20250572/TabPFN-TS_for_Bike_Demand_Forecasting/.venv/lib/python3.12/site-packages/pytorch_lightning/callbacks/pruning.py", line 31, in <module>
    from pytorch_lightning.core.module import LightningModule
  File "/home/20250572/TabPFN-TS_for_Bike_Demand_Forecasting/.venv/lib/python3.12/site-packages/pytorch_lightning/core/__init__.py", line 16, in <module>
    from pytorch_lightning.core.module import LightningModule
  File "/home/20250572/TabPFN-TS_for_Bike_Demand_Forecasting/.venv/lib/python3.12/site-packages/pytorch_lightning/core/module.py", line 32, in <module>
    import lightning_fabric as lf
  File "/home/20250572/TabPFN-TS_for_Bike_Demand_Forecasting/.venv/lib/python3.12/site-packages/wandb/sdk/lib/import_hooks.py", line 182, in _exec_module
    self.loader.exec_module(module)
  File "/home/20250572/TabPFN-TS_for_Bike_Demand_Forecasting/.venv/lib/python3.12/site-packages/lightning_fabric/__init__.py", line 29, in <module>
    __import__("pkg_resources").declare_namespace(__name__)
    ^^^^^^^^^^^^^^^^^^^^^^^^^^^
ModuleNotFoundError: No module named 'pkg_resources'

================================================================================
[2026-03-17 18:41:16] ERROR: Error in NeuralProphet h=48 fold=5: No module named 'pkg_resources'
================================================================================
Traceback (most recent call last):
  File "/home/20250572/TabPFN-TS_for_Bike_Demand_Forecasting/forecasting/run_experiments.py", line 184, in run_single_experiment
    model.fit(y_train, X_train)
  File "/home/20250572/TabPFN-TS_for_Bike_Demand_Forecasting/forecasting/models/prophet_models.py", line 118, in fit
    from neuralprophet import NeuralProphet
  File "/home/20250572/TabPFN-TS_for_Bike_Demand_Forecasting/.venv/lib/python3.12/site-packages/neuralprophet/__init__.py", line 4, in <module>
    import pytorch_lightning as pl
  File "/home/20250572/TabPFN-TS_for_Bike_Demand_Forecasting/.venv/lib/python3.12/site-packages/wandb/sdk/lib/import_hooks.py", line 182, in _exec_module
    self.loader.exec_module(module)
  File "/home/20250572/TabPFN-TS_for_Bike_Demand_Forecasting/.venv/lib/python3.12/site-packages/pytorch_lightning/__init__.py", line 35, in <module>
    from pytorch_lightning.callbacks import Callback  # noqa: E402
    ^^^^^^^^^^^^^^^^^^^^^^^^^^^^^^^^^^^^^^^^^^^^^^^^
  File "/home/20250572/TabPFN-TS_for_Bike_Demand_Forecasting/.venv/lib/python3.12/site-packages/pytorch_lightning/callbacks/__init__.py", line 28, in <module>
    from pytorch_lightning.callbacks.pruning import ModelPruning
  File "/home/20250572/TabPFN-TS_for_Bike_Demand_Forecasting/.venv/lib/python3.12/site-packages/pytorch_lightning/callbacks/pruning.py", line 31, in <module>
    from pytorch_lightning.core.module import LightningModule
  File "/home/20250572/TabPFN-TS_for_Bike_Demand_Forecasting/.venv/lib/python3.12/site-packages/pytorch_lightning/core/__init__.py", line 16, in <module>
    from pytorch_lightning.core.module import LightningModule
  File "/home/20250572/TabPFN-TS_for_Bike_Demand_Forecasting/.venv/lib/python3.12/site-packages/pytorch_lightning/core/module.py", line 32, in <module>
    import lightning_fabric as lf
  File "/home/20250572/TabPFN-TS_for_Bike_Demand_Forecasting/.venv/lib/python3.12/site-packages/wandb/sdk/lib/import_hooks.py", line 182, in _exec_module
    self.loader.exec_module(module)
  File "/home/20250572/TabPFN-TS_for_Bike_Demand_Forecasting/.venv/lib/python3.12/site-packages/lightning_fabric/__init__.py", line 29, in <module>
    __import__("pkg_resources").declare_namespace(__name__)
    ^^^^^^^^^^^^^^^^^^^^^^^^^^^
ModuleNotFoundError: No module named 'pkg_resources'

================================================================================
[2026-03-17 18:41:16] ERROR: Error in NeuralProphet h=48 fold=6: No module named 'pkg_resources'
================================================================================
Traceback (most recent call last):
  File "/home/20250572/TabPFN-TS_for_Bike_Demand_Forecasting/forecasting/run_experiments.py", line 184, in run_single_experiment
    model.fit(y_train, X_train)
  File "/home/20250572/TabPFN-TS_for_Bike_Demand_Forecasting/forecasting/models/prophet_models.py", line 118, in fit
    from neuralprophet import NeuralProphet
  File "/home/20250572/TabPFN-TS_for_Bike_Demand_Forecasting/.venv/lib/python3.12/site-packages/neuralprophet/__init__.py", line 4, in <module>
    import pytorch_lightning as pl
  File "/home/20250572/TabPFN-TS_for_Bike_Demand_Forecasting/.venv/lib/python3.12/site-packages/wandb/sdk/lib/import_hooks.py", line 182, in _exec_module
    self.loader.exec_module(module)
  File "/home/20250572/TabPFN-TS_for_Bike_Demand_Forecasting/.venv/lib/python3.12/site-packages/pytorch_lightning/__init__.py", line 35, in <module>
    from pytorch_lightning.callbacks import Callback  # noqa: E402
    ^^^^^^^^^^^^^^^^^^^^^^^^^^^^^^^^^^^^^^^^^^^^^^^^
  File "/home/20250572/TabPFN-TS_for_Bike_Demand_Forecasting/.venv/lib/python3.12/site-packages/pytorch_lightning/callbacks/__init__.py", line 28, in <module>
    from pytorch_lightning.callbacks.pruning import ModelPruning
  File "/home/20250572/TabPFN-TS_for_Bike_Demand_Forecasting/.venv/lib/python3.12/site-packages/pytorch_lightning/callbacks/pruning.py", line 31, in <module>
    from pytorch_lightning.core.module import LightningModule
  File "/home/20250572/TabPFN-TS_for_Bike_Demand_Forecasting/.venv/lib/python3.12/site-packages/pytorch_lightning/core/__init__.py", line 16, in <module>
    from pytorch_lightning.core.module import LightningModule
  File "/home/20250572/TabPFN-TS_for_Bike_Demand_Forecasting/.venv/lib/python3.12/site-packages/pytorch_lightning/core/module.py", line 32, in <module>
    import lightning_fabric as lf
  File "/home/20250572/TabPFN-TS_for_Bike_Demand_Forecasting/.venv/lib/python3.12/site-packages/wandb/sdk/lib/import_hooks.py", line 182, in _exec_module
    self.loader.exec_module(module)
  File "/home/20250572/TabPFN-TS_for_Bike_Demand_Forecasting/.venv/lib/python3.12/site-packages/lightning_fabric/__init__.py", line 29, in <module>
    __import__("pkg_resources").declare_namespace(__name__)
    ^^^^^^^^^^^^^^^^^^^^^^^^^^^
ModuleNotFoundError: No module named 'pkg_resources'

================================================================================
[2026-03-17 18:41:16] ERROR: Error in NeuralProphet h=48 fold=7: No module named 'pkg_resources'
================================================================================
Traceback (most recent call last):
  File "/home/20250572/TabPFN-TS_for_Bike_Demand_Forecasting/forecasting/run_experiments.py", line 184, in run_single_experiment
    model.fit(y_train, X_train)
  File "/home/20250572/TabPFN-TS_for_Bike_Demand_Forecasting/forecasting/models/prophet_models.py", line 118, in fit
    from neuralprophet import NeuralProphet
  File "/home/20250572/TabPFN-TS_for_Bike_Demand_Forecasting/.venv/lib/python3.12/site-packages/neuralprophet/__init__.py", line 4, in <module>
    import pytorch_lightning as pl
  File "/home/20250572/TabPFN-TS_for_Bike_Demand_Forecasting/.venv/lib/python3.12/site-packages/wandb/sdk/lib/import_hooks.py", line 182, in _exec_module
    self.loader.exec_module(module)
  File "/home/20250572/TabPFN-TS_for_Bike_Demand_Forecasting/.venv/lib/python3.12/site-packages/pytorch_lightning/__init__.py", line 35, in <module>
    from pytorch_lightning.callbacks import Callback  # noqa: E402
    ^^^^^^^^^^^^^^^^^^^^^^^^^^^^^^^^^^^^^^^^^^^^^^^^
  File "/home/20250572/TabPFN-TS_for_Bike_Demand_Forecasting/.venv/lib/python3.12/site-packages/pytorch_lightning/callbacks/__init__.py", line 28, in <module>
    from pytorch_lightning.callbacks.pruning import ModelPruning
  File "/home/20250572/TabPFN-TS_for_Bike_Demand_Forecasting/.venv/lib/python3.12/site-packages/pytorch_lightning/callbacks/pruning.py", line 31, in <module>
    from pytorch_lightning.core.module import LightningModule
  File "/home/20250572/TabPFN-TS_for_Bike_Demand_Forecasting/.venv/lib/python3.12/site-packages/pytorch_lightning/core/__init__.py", line 16, in <module>
    from pytorch_lightning.core.module import LightningModule
  File "/home/20250572/TabPFN-TS_for_Bike_Demand_Forecasting/.venv/lib/python3.12/site-packages/pytorch_lightning/core/module.py", line 32, in <module>
    import lightning_fabric as lf
  File "/home/20250572/TabPFN-TS_for_Bike_Demand_Forecasting/.venv/lib/python3.12/site-packages/wandb/sdk/lib/import_hooks.py", line 182, in _exec_module
    self.loader.exec_module(module)
  File "/home/20250572/TabPFN-TS_for_Bike_Demand_Forecasting/.venv/lib/python3.12/site-packages/lightning_fabric/__init__.py", line 29, in <module>
    __import__("pkg_resources").declare_namespace(__name__)
    ^^^^^^^^^^^^^^^^^^^^^^^^^^^
ModuleNotFoundError: No module named 'pkg_resources'

================================================================================
[2026-03-17 18:41:16] ERROR: Error in NeuralProphet h=48 fold=8: No module named 'pkg_resources'
================================================================================
Traceback (most recent call last):
  File "/home/20250572/TabPFN-TS_for_Bike_Demand_Forecasting/forecasting/run_experiments.py", line 184, in run_single_experiment
    model.fit(y_train, X_train)
  File "/home/20250572/TabPFN-TS_for_Bike_Demand_Forecasting/forecasting/models/prophet_models.py", line 118, in fit
    from neuralprophet import NeuralProphet
  File "/home/20250572/TabPFN-TS_for_Bike_Demand_Forecasting/.venv/lib/python3.12/site-packages/neuralprophet/__init__.py", line 4, in <module>
    import pytorch_lightning as pl
  File "/home/20250572/TabPFN-TS_for_Bike_Demand_Forecasting/.venv/lib/python3.12/site-packages/wandb/sdk/lib/import_hooks.py", line 182, in _exec_module
    self.loader.exec_module(module)
  File "/home/20250572/TabPFN-TS_for_Bike_Demand_Forecasting/.venv/lib/python3.12/site-packages/pytorch_lightning/__init__.py", line 35, in <module>
    from pytorch_lightning.callbacks import Callback  # noqa: E402
    ^^^^^^^^^^^^^^^^^^^^^^^^^^^^^^^^^^^^^^^^^^^^^^^^
  File "/home/20250572/TabPFN-TS_for_Bike_Demand_Forecasting/.venv/lib/python3.12/site-packages/pytorch_lightning/callbacks/__init__.py", line 28, in <module>
    from pytorch_lightning.callbacks.pruning import ModelPruning
  File "/home/20250572/TabPFN-TS_for_Bike_Demand_Forecasting/.venv/lib/python3.12/site-packages/pytorch_lightning/callbacks/pruning.py", line 31, in <module>
    from pytorch_lightning.core.module import LightningModule
  File "/home/20250572/TabPFN-TS_for_Bike_Demand_Forecasting/.venv/lib/python3.12/site-packages/pytorch_lightning/core/__init__.py", line 16, in <module>
    from pytorch_lightning.core.module import LightningModule
  File "/home/20250572/TabPFN-TS_for_Bike_Demand_Forecasting/.venv/lib/python3.12/site-packages/pytorch_lightning/core/module.py", line 32, in <module>
    import lightning_fabric as lf
  File "/home/20250572/TabPFN-TS_for_Bike_Demand_Forecasting/.venv/lib/python3.12/site-packages/wandb/sdk/lib/import_hooks.py", line 182, in _exec_module
    self.loader.exec_module(module)
  File "/home/20250572/TabPFN-TS_for_Bike_Demand_Forecasting/.venv/lib/python3.12/site-packages/lightning_fabric/__init__.py", line 29, in <module>
    __import__("pkg_resources").declare_namespace(__name__)
    ^^^^^^^^^^^^^^^^^^^^^^^^^^^
ModuleNotFoundError: No module named 'pkg_resources'

================================================================================
[2026-03-17 18:41:16] ERROR: Error in NeuralProphet h=48 fold=9: No module named 'pkg_resources'
================================================================================
Traceback (most recent call last):
  File "/home/20250572/TabPFN-TS_for_Bike_Demand_Forecasting/forecasting/run_experiments.py", line 184, in run_single_experiment
    model.fit(y_train, X_train)
  File "/home/20250572/TabPFN-TS_for_Bike_Demand_Forecasting/forecasting/models/prophet_models.py", line 118, in fit
    from neuralprophet import NeuralProphet
  File "/home/20250572/TabPFN-TS_for_Bike_Demand_Forecasting/.venv/lib/python3.12/site-packages/neuralprophet/__init__.py", line 4, in <module>
    import pytorch_lightning as pl
  File "/home/20250572/TabPFN-TS_for_Bike_Demand_Forecasting/.venv/lib/python3.12/site-packages/wandb/sdk/lib/import_hooks.py", line 182, in _exec_module
    self.loader.exec_module(module)
  File "/home/20250572/TabPFN-TS_for_Bike_Demand_Forecasting/.venv/lib/python3.12/site-packages/pytorch_lightning/__init__.py", line 35, in <module>
    from pytorch_lightning.callbacks import Callback  # noqa: E402
    ^^^^^^^^^^^^^^^^^^^^^^^^^^^^^^^^^^^^^^^^^^^^^^^^
  File "/home/20250572/TabPFN-TS_for_Bike_Demand_Forecasting/.venv/lib/python3.12/site-packages/pytorch_lightning/callbacks/__init__.py", line 28, in <module>
    from pytorch_lightning.callbacks.pruning import ModelPruning
  File "/home/20250572/TabPFN-TS_for_Bike_Demand_Forecasting/.venv/lib/python3.12/site-packages/pytorch_lightning/callbacks/pruning.py", line 31, in <module>
    from pytorch_lightning.core.module import LightningModule
  File "/home/20250572/TabPFN-TS_for_Bike_Demand_Forecasting/.venv/lib/python3.12/site-packages/pytorch_lightning/core/__init__.py", line 16, in <module>
    from pytorch_lightning.core.module import LightningModule
  File "/home/20250572/TabPFN-TS_for_Bike_Demand_Forecasting/.venv/lib/python3.12/site-packages/pytorch_lightning/core/module.py", line 32, in <module>
    import lightning_fabric as lf
  File "/home/20250572/TabPFN-TS_for_Bike_Demand_Forecasting/.venv/lib/python3.12/site-packages/wandb/sdk/lib/import_hooks.py", line 182, in _exec_module
    self.loader.exec_module(module)
  File "/home/20250572/TabPFN-TS_for_Bike_Demand_Forecasting/.venv/lib/python3.12/site-packages/lightning_fabric/__init__.py", line 29, in <module>
    __import__("pkg_resources").declare_namespace(__name__)
    ^^^^^^^^^^^^^^^^^^^^^^^^^^^
ModuleNotFoundError: No module named 'pkg_resources'

================================================================================
[2026-03-17 18:41:16] ERROR: Error in NeuralProphet h=48 fold=10: No module named 'pkg_resources'
================================================================================
Traceback (most recent call last):
  File "/home/20250572/TabPFN-TS_for_Bike_Demand_Forecasting/forecasting/run_experiments.py", line 184, in run_single_experiment
    model.fit(y_train, X_train)
  File "/home/20250572/TabPFN-TS_for_Bike_Demand_Forecasting/forecasting/models/prophet_models.py", line 118, in fit
    from neuralprophet import NeuralProphet
  File "/home/20250572/TabPFN-TS_for_Bike_Demand_Forecasting/.venv/lib/python3.12/site-packages/neuralprophet/__init__.py", line 4, in <module>
    import pytorch_lightning as pl
  File "/home/20250572/TabPFN-TS_for_Bike_Demand_Forecasting/.venv/lib/python3.12/site-packages/wandb/sdk/lib/import_hooks.py", line 182, in _exec_module
    self.loader.exec_module(module)
  File "/home/20250572/TabPFN-TS_for_Bike_Demand_Forecasting/.venv/lib/python3.12/site-packages/pytorch_lightning/__init__.py", line 35, in <module>
    from pytorch_lightning.callbacks import Callback  # noqa: E402
    ^^^^^^^^^^^^^^^^^^^^^^^^^^^^^^^^^^^^^^^^^^^^^^^^
  File "/home/20250572/TabPFN-TS_for_Bike_Demand_Forecasting/.venv/lib/python3.12/site-packages/pytorch_lightning/callbacks/__init__.py", line 28, in <module>
    from pytorch_lightning.callbacks.pruning import ModelPruning
  File "/home/20250572/TabPFN-TS_for_Bike_Demand_Forecasting/.venv/lib/python3.12/site-packages/pytorch_lightning/callbacks/pruning.py", line 31, in <module>
    from pytorch_lightning.core.module import LightningModule
  File "/home/20250572/TabPFN-TS_for_Bike_Demand_Forecasting/.venv/lib/python3.12/site-packages/pytorch_lightning/core/__init__.py", line 16, in <module>
    from pytorch_lightning.core.module import LightningModule
  File "/home/20250572/TabPFN-TS_for_Bike_Demand_Forecasting/.venv/lib/python3.12/site-packages/pytorch_lightning/core/module.py", line 32, in <module>
    import lightning_fabric as lf
  File "/home/20250572/TabPFN-TS_for_Bike_Demand_Forecasting/.venv/lib/python3.12/site-packages/wandb/sdk/lib/import_hooks.py", line 182, in _exec_module
    self.loader.exec_module(module)
  File "/home/20250572/TabPFN-TS_for_Bike_Demand_Forecasting/.venv/lib/python3.12/site-packages/lightning_fabric/__init__.py", line 29, in <module>
    __import__("pkg_resources").declare_namespace(__name__)
    ^^^^^^^^^^^^^^^^^^^^^^^^^^^
ModuleNotFoundError: No module named 'pkg_resources'

================================================================================
[2026-03-17 18:41:16] ERROR: Error in NeuralProphet h=48 fold=11: No module named 'pkg_resources'
================================================================================
Traceback (most recent call last):
  File "/home/20250572/TabPFN-TS_for_Bike_Demand_Forecasting/forecasting/run_experiments.py", line 184, in run_single_experiment
    model.fit(y_train, X_train)
  File "/home/20250572/TabPFN-TS_for_Bike_Demand_Forecasting/forecasting/models/prophet_models.py", line 118, in fit
    from neuralprophet import NeuralProphet
  File "/home/20250572/TabPFN-TS_for_Bike_Demand_Forecasting/.venv/lib/python3.12/site-packages/neuralprophet/__init__.py", line 4, in <module>
    import pytorch_lightning as pl
  File "/home/20250572/TabPFN-TS_for_Bike_Demand_Forecasting/.venv/lib/python3.12/site-packages/wandb/sdk/lib/import_hooks.py", line 182, in _exec_module
    self.loader.exec_module(module)
  File "/home/20250572/TabPFN-TS_for_Bike_Demand_Forecasting/.venv/lib/python3.12/site-packages/pytorch_lightning/__init__.py", line 35, in <module>
    from pytorch_lightning.callbacks import Callback  # noqa: E402
    ^^^^^^^^^^^^^^^^^^^^^^^^^^^^^^^^^^^^^^^^^^^^^^^^
  File "/home/20250572/TabPFN-TS_for_Bike_Demand_Forecasting/.venv/lib/python3.12/site-packages/pytorch_lightning/callbacks/__init__.py", line 28, in <module>
    from pytorch_lightning.callbacks.pruning import ModelPruning
  File "/home/20250572/TabPFN-TS_for_Bike_Demand_Forecasting/.venv/lib/python3.12/site-packages/pytorch_lightning/callbacks/pruning.py", line 31, in <module>
    from pytorch_lightning.core.module import LightningModule
  File "/home/20250572/TabPFN-TS_for_Bike_Demand_Forecasting/.venv/lib/python3.12/site-packages/pytorch_lightning/core/__init__.py", line 16, in <module>
    from pytorch_lightning.core.module import LightningModule
  File "/home/20250572/TabPFN-TS_for_Bike_Demand_Forecasting/.venv/lib/python3.12/site-packages/pytorch_lightning/core/module.py", line 32, in <module>
    import lightning_fabric as lf
  File "/home/20250572/TabPFN-TS_for_Bike_Demand_Forecasting/.venv/lib/python3.12/site-packages/wandb/sdk/lib/import_hooks.py", line 182, in _exec_module
    self.loader.exec_module(module)
  File "/home/20250572/TabPFN-TS_for_Bike_Demand_Forecasting/.venv/lib/python3.12/site-packages/lightning_fabric/__init__.py", line 29, in <module>
    __import__("pkg_resources").declare_namespace(__name__)
    ^^^^^^^^^^^^^^^^^^^^^^^^^^^
ModuleNotFoundError: No module named 'pkg_resources'

================================================================================
[2026-03-17 18:41:16] ERROR: Error in NeuralProphet h=48 fold=12: No module named 'pkg_resources'
================================================================================
Traceback (most recent call last):
  File "/home/20250572/TabPFN-TS_for_Bike_Demand_Forecasting/forecasting/run_experiments.py", line 184, in run_single_experiment
    model.fit(y_train, X_train)
  File "/home/20250572/TabPFN-TS_for_Bike_Demand_Forecasting/forecasting/models/prophet_models.py", line 118, in fit
    from neuralprophet import NeuralProphet
  File "/home/20250572/TabPFN-TS_for_Bike_Demand_Forecasting/.venv/lib/python3.12/site-packages/neuralprophet/__init__.py", line 4, in <module>
    import pytorch_lightning as pl
  File "/home/20250572/TabPFN-TS_for_Bike_Demand_Forecasting/.venv/lib/python3.12/site-packages/wandb/sdk/lib/import_hooks.py", line 182, in _exec_module
    self.loader.exec_module(module)
  File "/home/20250572/TabPFN-TS_for_Bike_Demand_Forecasting/.venv/lib/python3.12/site-packages/pytorch_lightning/__init__.py", line 35, in <module>
    from pytorch_lightning.callbacks import Callback  # noqa: E402
    ^^^^^^^^^^^^^^^^^^^^^^^^^^^^^^^^^^^^^^^^^^^^^^^^
  File "/home/20250572/TabPFN-TS_for_Bike_Demand_Forecasting/.venv/lib/python3.12/site-packages/pytorch_lightning/callbacks/__init__.py", line 28, in <module>
    from pytorch_lightning.callbacks.pruning import ModelPruning
  File "/home/20250572/TabPFN-TS_for_Bike_Demand_Forecasting/.venv/lib/python3.12/site-packages/pytorch_lightning/callbacks/pruning.py", line 31, in <module>
    from pytorch_lightning.core.module import LightningModule
  File "/home/20250572/TabPFN-TS_for_Bike_Demand_Forecasting/.venv/lib/python3.12/site-packages/pytorch_lightning/core/__init__.py", line 16, in <module>
    from pytorch_lightning.core.module import LightningModule
  File "/home/20250572/TabPFN-TS_for_Bike_Demand_Forecasting/.venv/lib/python3.12/site-packages/pytorch_lightning/core/module.py", line 32, in <module>
    import lightning_fabric as lf
  File "/home/20250572/TabPFN-TS_for_Bike_Demand_Forecasting/.venv/lib/python3.12/site-packages/wandb/sdk/lib/import_hooks.py", line 182, in _exec_module
    self.loader.exec_module(module)
  File "/home/20250572/TabPFN-TS_for_Bike_Demand_Forecasting/.venv/lib/python3.12/site-packages/lightning_fabric/__init__.py", line 29, in <module>
    __import__("pkg_resources").declare_namespace(__name__)
    ^^^^^^^^^^^^^^^^^^^^^^^^^^^
ModuleNotFoundError: No module named 'pkg_resources'

================================================================================
[2026-03-17 18:41:16] ERROR: Error in NeuralProphet h=48 fold=13: No module named 'pkg_resources'
================================================================================
Traceback (most recent call last):
  File "/home/20250572/TabPFN-TS_for_Bike_Demand_Forecasting/forecasting/run_experiments.py", line 184, in run_single_experiment
    model.fit(y_train, X_train)
  File "/home/20250572/TabPFN-TS_for_Bike_Demand_Forecasting/forecasting/models/prophet_models.py", line 118, in fit
    from neuralprophet import NeuralProphet
  File "/home/20250572/TabPFN-TS_for_Bike_Demand_Forecasting/.venv/lib/python3.12/site-packages/neuralprophet/__init__.py", line 4, in <module>
    import pytorch_lightning as pl
  File "/home/20250572/TabPFN-TS_for_Bike_Demand_Forecasting/.venv/lib/python3.12/site-packages/wandb/sdk/lib/import_hooks.py", line 182, in _exec_module
    self.loader.exec_module(module)
  File "/home/20250572/TabPFN-TS_for_Bike_Demand_Forecasting/.venv/lib/python3.12/site-packages/pytorch_lightning/__init__.py", line 35, in <module>
    from pytorch_lightning.callbacks import Callback  # noqa: E402
    ^^^^^^^^^^^^^^^^^^^^^^^^^^^^^^^^^^^^^^^^^^^^^^^^
  File "/home/20250572/TabPFN-TS_for_Bike_Demand_Forecasting/.venv/lib/python3.12/site-packages/pytorch_lightning/callbacks/__init__.py", line 28, in <module>
    from pytorch_lightning.callbacks.pruning import ModelPruning
  File "/home/20250572/TabPFN-TS_for_Bike_Demand_Forecasting/.venv/lib/python3.12/site-packages/pytorch_lightning/callbacks/pruning.py", line 31, in <module>
    from pytorch_lightning.core.module import LightningModule
  File "/home/20250572/TabPFN-TS_for_Bike_Demand_Forecasting/.venv/lib/python3.12/site-packages/pytorch_lightning/core/__init__.py", line 16, in <module>
    from pytorch_lightning.core.module import LightningModule
  File "/home/20250572/TabPFN-TS_for_Bike_Demand_Forecasting/.venv/lib/python3.12/site-packages/pytorch_lightning/core/module.py", line 32, in <module>
    import lightning_fabric as lf
  File "/home/20250572/TabPFN-TS_for_Bike_Demand_Forecasting/.venv/lib/python3.12/site-packages/wandb/sdk/lib/import_hooks.py", line 182, in _exec_module
    self.loader.exec_module(module)
  File "/home/20250572/TabPFN-TS_for_Bike_Demand_Forecasting/.venv/lib/python3.12/site-packages/lightning_fabric/__init__.py", line 29, in <module>
    __import__("pkg_resources").declare_namespace(__name__)
    ^^^^^^^^^^^^^^^^^^^^^^^^^^^
ModuleNotFoundError: No module named 'pkg_resources'

================================================================================
[2026-03-17 18:41:16] ERROR: Error in NeuralProphet h=48 fold=14: No module named 'pkg_resources'
================================================================================
Traceback (most recent call last):
  File "/home/20250572/TabPFN-TS_for_Bike_Demand_Forecasting/forecasting/run_experiments.py", line 184, in run_single_experiment
    model.fit(y_train, X_train)
  File "/home/20250572/TabPFN-TS_for_Bike_Demand_Forecasting/forecasting/models/prophet_models.py", line 118, in fit
    from neuralprophet import NeuralProphet
  File "/home/20250572/TabPFN-TS_for_Bike_Demand_Forecasting/.venv/lib/python3.12/site-packages/neuralprophet/__init__.py", line 4, in <module>
    import pytorch_lightning as pl
  File "/home/20250572/TabPFN-TS_for_Bike_Demand_Forecasting/.venv/lib/python3.12/site-packages/wandb/sdk/lib/import_hooks.py", line 182, in _exec_module
    self.loader.exec_module(module)
  File "/home/20250572/TabPFN-TS_for_Bike_Demand_Forecasting/.venv/lib/python3.12/site-packages/pytorch_lightning/__init__.py", line 35, in <module>
    from pytorch_lightning.callbacks import Callback  # noqa: E402
    ^^^^^^^^^^^^^^^^^^^^^^^^^^^^^^^^^^^^^^^^^^^^^^^^
  File "/home/20250572/TabPFN-TS_for_Bike_Demand_Forecasting/.venv/lib/python3.12/site-packages/pytorch_lightning/callbacks/__init__.py", line 28, in <module>
    from pytorch_lightning.callbacks.pruning import ModelPruning
  File "/home/20250572/TabPFN-TS_for_Bike_Demand_Forecasting/.venv/lib/python3.12/site-packages/pytorch_lightning/callbacks/pruning.py", line 31, in <module>
    from pytorch_lightning.core.module import LightningModule
  File "/home/20250572/TabPFN-TS_for_Bike_Demand_Forecasting/.venv/lib/python3.12/site-packages/pytorch_lightning/core/__init__.py", line 16, in <module>
    from pytorch_lightning.core.module import LightningModule
  File "/home/20250572/TabPFN-TS_for_Bike_Demand_Forecasting/.venv/lib/python3.12/site-packages/pytorch_lightning/core/module.py", line 32, in <module>
    import lightning_fabric as lf
  File "/home/20250572/TabPFN-TS_for_Bike_Demand_Forecasting/.venv/lib/python3.12/site-packages/wandb/sdk/lib/import_hooks.py", line 182, in _exec_module
    self.loader.exec_module(module)
  File "/home/20250572/TabPFN-TS_for_Bike_Demand_Forecasting/.venv/lib/python3.12/site-packages/lightning_fabric/__init__.py", line 29, in <module>
    __import__("pkg_resources").declare_namespace(__name__)
    ^^^^^^^^^^^^^^^^^^^^^^^^^^^
ModuleNotFoundError: No module named 'pkg_resources'

================================================================================
[2026-03-17 18:41:16] ERROR: Error in NeuralProphet h=48 fold=15: No module named 'pkg_resources'
================================================================================
Traceback (most recent call last):
  File "/home/20250572/TabPFN-TS_for_Bike_Demand_Forecasting/forecasting/run_experiments.py", line 184, in run_single_experiment
    model.fit(y_train, X_train)
  File "/home/20250572/TabPFN-TS_for_Bike_Demand_Forecasting/forecasting/models/prophet_models.py", line 118, in fit
    from neuralprophet import NeuralProphet
  File "/home/20250572/TabPFN-TS_for_Bike_Demand_Forecasting/.venv/lib/python3.12/site-packages/neuralprophet/__init__.py", line 4, in <module>
    import pytorch_lightning as pl
  File "/home/20250572/TabPFN-TS_for_Bike_Demand_Forecasting/.venv/lib/python3.12/site-packages/wandb/sdk/lib/import_hooks.py", line 182, in _exec_module
    self.loader.exec_module(module)
  File "/home/20250572/TabPFN-TS_for_Bike_Demand_Forecasting/.venv/lib/python3.12/site-packages/pytorch_lightning/__init__.py", line 35, in <module>
    from pytorch_lightning.callbacks import Callback  # noqa: E402
    ^^^^^^^^^^^^^^^^^^^^^^^^^^^^^^^^^^^^^^^^^^^^^^^^
  File "/home/20250572/TabPFN-TS_for_Bike_Demand_Forecasting/.venv/lib/python3.12/site-packages/pytorch_lightning/callbacks/__init__.py", line 28, in <module>
    from pytorch_lightning.callbacks.pruning import ModelPruning
  File "/home/20250572/TabPFN-TS_for_Bike_Demand_Forecasting/.venv/lib/python3.12/site-packages/pytorch_lightning/callbacks/pruning.py", line 31, in <module>
    from pytorch_lightning.core.module import LightningModule
  File "/home/20250572/TabPFN-TS_for_Bike_Demand_Forecasting/.venv/lib/python3.12/site-packages/pytorch_lightning/core/__init__.py", line 16, in <module>
    from pytorch_lightning.core.module import LightningModule
  File "/home/20250572/TabPFN-TS_for_Bike_Demand_Forecasting/.venv/lib/python3.12/site-packages/pytorch_lightning/core/module.py", line 32, in <module>
    import lightning_fabric as lf
  File "/home/20250572/TabPFN-TS_for_Bike_Demand_Forecasting/.venv/lib/python3.12/site-packages/wandb/sdk/lib/import_hooks.py", line 182, in _exec_module
    self.loader.exec_module(module)
  File "/home/20250572/TabPFN-TS_for_Bike_Demand_Forecasting/.venv/lib/python3.12/site-packages/lightning_fabric/__init__.py", line 29, in <module>
    __import__("pkg_resources").declare_namespace(__name__)
    ^^^^^^^^^^^^^^^^^^^^^^^^^^^
ModuleNotFoundError: No module named 'pkg_resources'

================================================================================
[2026-03-17 18:41:16] ERROR: Error in NeuralProphet h=48 fold=16: No module named 'pkg_resources'
================================================================================
Traceback (most recent call last):
  File "/home/20250572/TabPFN-TS_for_Bike_Demand_Forecasting/forecasting/run_experiments.py", line 184, in run_single_experiment
    model.fit(y_train, X_train)
  File "/home/20250572/TabPFN-TS_for_Bike_Demand_Forecasting/forecasting/models/prophet_models.py", line 118, in fit
    from neuralprophet import NeuralProphet
  File "/home/20250572/TabPFN-TS_for_Bike_Demand_Forecasting/.venv/lib/python3.12/site-packages/neuralprophet/__init__.py", line 4, in <module>
    import pytorch_lightning as pl
  File "/home/20250572/TabPFN-TS_for_Bike_Demand_Forecasting/.venv/lib/python3.12/site-packages/wandb/sdk/lib/import_hooks.py", line 182, in _exec_module
    self.loader.exec_module(module)
  File "/home/20250572/TabPFN-TS_for_Bike_Demand_Forecasting/.venv/lib/python3.12/site-packages/pytorch_lightning/__init__.py", line 35, in <module>
    from pytorch_lightning.callbacks import Callback  # noqa: E402
    ^^^^^^^^^^^^^^^^^^^^^^^^^^^^^^^^^^^^^^^^^^^^^^^^
  File "/home/20250572/TabPFN-TS_for_Bike_Demand_Forecasting/.venv/lib/python3.12/site-packages/pytorch_lightning/callbacks/__init__.py", line 28, in <module>
    from pytorch_lightning.callbacks.pruning import ModelPruning
  File "/home/20250572/TabPFN-TS_for_Bike_Demand_Forecasting/.venv/lib/python3.12/site-packages/pytorch_lightning/callbacks/pruning.py", line 31, in <module>
    from pytorch_lightning.core.module import LightningModule
  File "/home/20250572/TabPFN-TS_for_Bike_Demand_Forecasting/.venv/lib/python3.12/site-packages/pytorch_lightning/core/__init__.py", line 16, in <module>
    from pytorch_lightning.core.module import LightningModule
  File "/home/20250572/TabPFN-TS_for_Bike_Demand_Forecasting/.venv/lib/python3.12/site-packages/pytorch_lightning/core/module.py", line 32, in <module>
    import lightning_fabric as lf
  File "/home/20250572/TabPFN-TS_for_Bike_Demand_Forecasting/.venv/lib/python3.12/site-packages/wandb/sdk/lib/import_hooks.py", line 182, in _exec_module
    self.loader.exec_module(module)
  File "/home/20250572/TabPFN-TS_for_Bike_Demand_Forecasting/.venv/lib/python3.12/site-packages/lightning_fabric/__init__.py", line 29, in <module>
    __import__("pkg_resources").declare_namespace(__name__)
    ^^^^^^^^^^^^^^^^^^^^^^^^^^^
ModuleNotFoundError: No module named 'pkg_resources'

================================================================================
[2026-03-17 18:41:16] ERROR: Error in NeuralProphet h=48 fold=17: No module named 'pkg_resources'
================================================================================
Traceback (most recent call last):
  File "/home/20250572/TabPFN-TS_for_Bike_Demand_Forecasting/forecasting/run_experiments.py", line 184, in run_single_experiment
    model.fit(y_train, X_train)
  File "/home/20250572/TabPFN-TS_for_Bike_Demand_Forecasting/forecasting/models/prophet_models.py", line 118, in fit
    from neuralprophet import NeuralProphet
  File "/home/20250572/TabPFN-TS_for_Bike_Demand_Forecasting/.venv/lib/python3.12/site-packages/neuralprophet/__init__.py", line 4, in <module>
    import pytorch_lightning as pl
  File "/home/20250572/TabPFN-TS_for_Bike_Demand_Forecasting/.venv/lib/python3.12/site-packages/wandb/sdk/lib/import_hooks.py", line 182, in _exec_module
    self.loader.exec_module(module)
  File "/home/20250572/TabPFN-TS_for_Bike_Demand_Forecasting/.venv/lib/python3.12/site-packages/pytorch_lightning/__init__.py", line 35, in <module>
    from pytorch_lightning.callbacks import Callback  # noqa: E402
    ^^^^^^^^^^^^^^^^^^^^^^^^^^^^^^^^^^^^^^^^^^^^^^^^
  File "/home/20250572/TabPFN-TS_for_Bike_Demand_Forecasting/.venv/lib/python3.12/site-packages/pytorch_lightning/callbacks/__init__.py", line 28, in <module>
    from pytorch_lightning.callbacks.pruning import ModelPruning
  File "/home/20250572/TabPFN-TS_for_Bike_Demand_Forecasting/.venv/lib/python3.12/site-packages/pytorch_lightning/callbacks/pruning.py", line 31, in <module>
    from pytorch_lightning.core.module import LightningModule
  File "/home/20250572/TabPFN-TS_for_Bike_Demand_Forecasting/.venv/lib/python3.12/site-packages/pytorch_lightning/core/__init__.py", line 16, in <module>
    from pytorch_lightning.core.module import LightningModule
  File "/home/20250572/TabPFN-TS_for_Bike_Demand_Forecasting/.venv/lib/python3.12/site-packages/pytorch_lightning/core/module.py", line 32, in <module>
    import lightning_fabric as lf
  File "/home/20250572/TabPFN-TS_for_Bike_Demand_Forecasting/.venv/lib/python3.12/site-packages/wandb/sdk/lib/import_hooks.py", line 182, in _exec_module
    self.loader.exec_module(module)
  File "/home/20250572/TabPFN-TS_for_Bike_Demand_Forecasting/.venv/lib/python3.12/site-packages/lightning_fabric/__init__.py", line 29, in <module>
    __import__("pkg_resources").declare_namespace(__name__)
    ^^^^^^^^^^^^^^^^^^^^^^^^^^^
ModuleNotFoundError: No module named 'pkg_resources'

================================================================================
[2026-03-17 18:41:16] ERROR: Error in NeuralProphet h=48 fold=18: No module named 'pkg_resources'
================================================================================
Traceback (most recent call last):
  File "/home/20250572/TabPFN-TS_for_Bike_Demand_Forecasting/forecasting/run_experiments.py", line 184, in run_single_experiment
    model.fit(y_train, X_train)
  File "/home/20250572/TabPFN-TS_for_Bike_Demand_Forecasting/forecasting/models/prophet_models.py", line 118, in fit
    from neuralprophet import NeuralProphet
  File "/home/20250572/TabPFN-TS_for_Bike_Demand_Forecasting/.venv/lib/python3.12/site-packages/neuralprophet/__init__.py", line 4, in <module>
    import pytorch_lightning as pl
  File "/home/20250572/TabPFN-TS_for_Bike_Demand_Forecasting/.venv/lib/python3.12/site-packages/wandb/sdk/lib/import_hooks.py", line 182, in _exec_module
    self.loader.exec_module(module)
  File "/home/20250572/TabPFN-TS_for_Bike_Demand_Forecasting/.venv/lib/python3.12/site-packages/pytorch_lightning/__init__.py", line 35, in <module>
    from pytorch_lightning.callbacks import Callback  # noqa: E402
    ^^^^^^^^^^^^^^^^^^^^^^^^^^^^^^^^^^^^^^^^^^^^^^^^
  File "/home/20250572/TabPFN-TS_for_Bike_Demand_Forecasting/.venv/lib/python3.12/site-packages/pytorch_lightning/callbacks/__init__.py", line 28, in <module>
    from pytorch_lightning.callbacks.pruning import ModelPruning
  File "/home/20250572/TabPFN-TS_for_Bike_Demand_Forecasting/.venv/lib/python3.12/site-packages/pytorch_lightning/callbacks/pruning.py", line 31, in <module>
    from pytorch_lightning.core.module import LightningModule
  File "/home/20250572/TabPFN-TS_for_Bike_Demand_Forecasting/.venv/lib/python3.12/site-packages/pytorch_lightning/core/__init__.py", line 16, in <module>
    from pytorch_lightning.core.module import LightningModule
  File "/home/20250572/TabPFN-TS_for_Bike_Demand_Forecasting/.venv/lib/python3.12/site-packages/pytorch_lightning/core/module.py", line 32, in <module>
    import lightning_fabric as lf
  File "/home/20250572/TabPFN-TS_for_Bike_Demand_Forecasting/.venv/lib/python3.12/site-packages/wandb/sdk/lib/import_hooks.py", line 182, in _exec_module
    self.loader.exec_module(module)
  File "/home/20250572/TabPFN-TS_for_Bike_Demand_Forecasting/.venv/lib/python3.12/site-packages/lightning_fabric/__init__.py", line 29, in <module>
    __import__("pkg_resources").declare_namespace(__name__)
    ^^^^^^^^^^^^^^^^^^^^^^^^^^^
ModuleNotFoundError: No module named 'pkg_resources'

================================================================================
[2026-03-17 18:41:16] ERROR: Error in NeuralProphet h=48 fold=19: No module named 'pkg_resources'
================================================================================
Traceback (most recent call last):
  File "/home/20250572/TabPFN-TS_for_Bike_Demand_Forecasting/forecasting/run_experiments.py", line 184, in run_single_experiment
    model.fit(y_train, X_train)
  File "/home/20250572/TabPFN-TS_for_Bike_Demand_Forecasting/forecasting/models/prophet_models.py", line 118, in fit
    from neuralprophet import NeuralProphet
  File "/home/20250572/TabPFN-TS_for_Bike_Demand_Forecasting/.venv/lib/python3.12/site-packages/neuralprophet/__init__.py", line 4, in <module>
    import pytorch_lightning as pl
  File "/home/20250572/TabPFN-TS_for_Bike_Demand_Forecasting/.venv/lib/python3.12/site-packages/wandb/sdk/lib/import_hooks.py", line 182, in _exec_module
    self.loader.exec_module(module)
  File "/home/20250572/TabPFN-TS_for_Bike_Demand_Forecasting/.venv/lib/python3.12/site-packages/pytorch_lightning/__init__.py", line 35, in <module>
    from pytorch_lightning.callbacks import Callback  # noqa: E402
    ^^^^^^^^^^^^^^^^^^^^^^^^^^^^^^^^^^^^^^^^^^^^^^^^
  File "/home/20250572/TabPFN-TS_for_Bike_Demand_Forecasting/.venv/lib/python3.12/site-packages/pytorch_lightning/callbacks/__init__.py", line 28, in <module>
    from pytorch_lightning.callbacks.pruning import ModelPruning
  File "/home/20250572/TabPFN-TS_for_Bike_Demand_Forecasting/.venv/lib/python3.12/site-packages/pytorch_lightning/callbacks/pruning.py", line 31, in <module>
    from pytorch_lightning.core.module import LightningModule
  File "/home/20250572/TabPFN-TS_for_Bike_Demand_Forecasting/.venv/lib/python3.12/site-packages/pytorch_lightning/core/__init__.py", line 16, in <module>
    from pytorch_lightning.core.module import LightningModule
  File "/home/20250572/TabPFN-TS_for_Bike_Demand_Forecasting/.venv/lib/python3.12/site-packages/pytorch_lightning/core/module.py", line 32, in <module>
    import lightning_fabric as lf
  File "/home/20250572/TabPFN-TS_for_Bike_Demand_Forecasting/.venv/lib/python3.12/site-packages/wandb/sdk/lib/import_hooks.py", line 182, in _exec_module
    self.loader.exec_module(module)
  File "/home/20250572/TabPFN-TS_for_Bike_Demand_Forecasting/.venv/lib/python3.12/site-packages/lightning_fabric/__init__.py", line 29, in <module>
    __import__("pkg_resources").declare_namespace(__name__)
    ^^^^^^^^^^^^^^^^^^^^^^^^^^^
ModuleNotFoundError: No module named 'pkg_resources'

================================================================================
[2026-03-17 18:41:16] ERROR: Error in NeuralProphet h=168 fold=0: No module named 'pkg_resources'
================================================================================
Traceback (most recent call last):
  File "/home/20250572/TabPFN-TS_for_Bike_Demand_Forecasting/forecasting/run_experiments.py", line 184, in run_single_experiment
    model.fit(y_train, X_train)
  File "/home/20250572/TabPFN-TS_for_Bike_Demand_Forecasting/forecasting/models/prophet_models.py", line 118, in fit
    from neuralprophet import NeuralProphet
  File "/home/20250572/TabPFN-TS_for_Bike_Demand_Forecasting/.venv/lib/python3.12/site-packages/neuralprophet/__init__.py", line 4, in <module>
    import pytorch_lightning as pl
  File "/home/20250572/TabPFN-TS_for_Bike_Demand_Forecasting/.venv/lib/python3.12/site-packages/wandb/sdk/lib/import_hooks.py", line 182, in _exec_module
    self.loader.exec_module(module)
  File "/home/20250572/TabPFN-TS_for_Bike_Demand_Forecasting/.venv/lib/python3.12/site-packages/pytorch_lightning/__init__.py", line 35, in <module>
    from pytorch_lightning.callbacks import Callback  # noqa: E402
    ^^^^^^^^^^^^^^^^^^^^^^^^^^^^^^^^^^^^^^^^^^^^^^^^
  File "/home/20250572/TabPFN-TS_for_Bike_Demand_Forecasting/.venv/lib/python3.12/site-packages/pytorch_lightning/callbacks/__init__.py", line 28, in <module>
    from pytorch_lightning.callbacks.pruning import ModelPruning
  File "/home/20250572/TabPFN-TS_for_Bike_Demand_Forecasting/.venv/lib/python3.12/site-packages/pytorch_lightning/callbacks/pruning.py", line 31, in <module>
    from pytorch_lightning.core.module import LightningModule
  File "/home/20250572/TabPFN-TS_for_Bike_Demand_Forecasting/.venv/lib/python3.12/site-packages/pytorch_lightning/core/__init__.py", line 16, in <module>
    from pytorch_lightning.core.module import LightningModule
  File "/home/20250572/TabPFN-TS_for_Bike_Demand_Forecasting/.venv/lib/python3.12/site-packages/pytorch_lightning/core/module.py", line 32, in <module>
    import lightning_fabric as lf
  File "/home/20250572/TabPFN-TS_for_Bike_Demand_Forecasting/.venv/lib/python3.12/site-packages/wandb/sdk/lib/import_hooks.py", line 182, in _exec_module
    self.loader.exec_module(module)
  File "/home/20250572/TabPFN-TS_for_Bike_Demand_Forecasting/.venv/lib/python3.12/site-packages/lightning_fabric/__init__.py", line 29, in <module>
    __import__("pkg_resources").declare_namespace(__name__)
    ^^^^^^^^^^^^^^^^^^^^^^^^^^^
ModuleNotFoundError: No module named 'pkg_resources'

================================================================================
[2026-03-17 18:41:16] ERROR: Error in NeuralProphet h=168 fold=1: No module named 'pkg_resources'
================================================================================
Traceback (most recent call last):
  File "/home/20250572/TabPFN-TS_for_Bike_Demand_Forecasting/forecasting/run_experiments.py", line 184, in run_single_experiment
    model.fit(y_train, X_train)
  File "/home/20250572/TabPFN-TS_for_Bike_Demand_Forecasting/forecasting/models/prophet_models.py", line 118, in fit
    from neuralprophet import NeuralProphet
  File "/home/20250572/TabPFN-TS_for_Bike_Demand_Forecasting/.venv/lib/python3.12/site-packages/neuralprophet/__init__.py", line 4, in <module>
    import pytorch_lightning as pl
  File "/home/20250572/TabPFN-TS_for_Bike_Demand_Forecasting/.venv/lib/python3.12/site-packages/wandb/sdk/lib/import_hooks.py", line 182, in _exec_module
    self.loader.exec_module(module)
  File "/home/20250572/TabPFN-TS_for_Bike_Demand_Forecasting/.venv/lib/python3.12/site-packages/pytorch_lightning/__init__.py", line 35, in <module>
    from pytorch_lightning.callbacks import Callback  # noqa: E402
    ^^^^^^^^^^^^^^^^^^^^^^^^^^^^^^^^^^^^^^^^^^^^^^^^
  File "/home/20250572/TabPFN-TS_for_Bike_Demand_Forecasting/.venv/lib/python3.12/site-packages/pytorch_lightning/callbacks/__init__.py", line 28, in <module>
    from pytorch_lightning.callbacks.pruning import ModelPruning
  File "/home/20250572/TabPFN-TS_for_Bike_Demand_Forecasting/.venv/lib/python3.12/site-packages/pytorch_lightning/callbacks/pruning.py", line 31, in <module>
    from pytorch_lightning.core.module import LightningModule
  File "/home/20250572/TabPFN-TS_for_Bike_Demand_Forecasting/.venv/lib/python3.12/site-packages/pytorch_lightning/core/__init__.py", line 16, in <module>
    from pytorch_lightning.core.module import LightningModule
  File "/home/20250572/TabPFN-TS_for_Bike_Demand_Forecasting/.venv/lib/python3.12/site-packages/pytorch_lightning/core/module.py", line 32, in <module>
    import lightning_fabric as lf
  File "/home/20250572/TabPFN-TS_for_Bike_Demand_Forecasting/.venv/lib/python3.12/site-packages/wandb/sdk/lib/import_hooks.py", line 182, in _exec_module
    self.loader.exec_module(module)
  File "/home/20250572/TabPFN-TS_for_Bike_Demand_Forecasting/.venv/lib/python3.12/site-packages/lightning_fabric/__init__.py", line 29, in <module>
    __import__("pkg_resources").declare_namespace(__name__)
    ^^^^^^^^^^^^^^^^^^^^^^^^^^^
ModuleNotFoundError: No module named 'pkg_resources'

================================================================================
[2026-03-17 18:41:16] ERROR: Error in NeuralProphet h=168 fold=2: No module named 'pkg_resources'
================================================================================
Traceback (most recent call last):
  File "/home/20250572/TabPFN-TS_for_Bike_Demand_Forecasting/forecasting/run_experiments.py", line 184, in run_single_experiment
    model.fit(y_train, X_train)
  File "/home/20250572/TabPFN-TS_for_Bike_Demand_Forecasting/forecasting/models/prophet_models.py", line 118, in fit
    from neuralprophet import NeuralProphet
  File "/home/20250572/TabPFN-TS_for_Bike_Demand_Forecasting/.venv/lib/python3.12/site-packages/neuralprophet/__init__.py", line 4, in <module>
    import pytorch_lightning as pl
  File "/home/20250572/TabPFN-TS_for_Bike_Demand_Forecasting/.venv/lib/python3.12/site-packages/wandb/sdk/lib/import_hooks.py", line 182, in _exec_module
    self.loader.exec_module(module)
  File "/home/20250572/TabPFN-TS_for_Bike_Demand_Forecasting/.venv/lib/python3.12/site-packages/pytorch_lightning/__init__.py", line 35, in <module>
    from pytorch_lightning.callbacks import Callback  # noqa: E402
    ^^^^^^^^^^^^^^^^^^^^^^^^^^^^^^^^^^^^^^^^^^^^^^^^
  File "/home/20250572/TabPFN-TS_for_Bike_Demand_Forecasting/.venv/lib/python3.12/site-packages/pytorch_lightning/callbacks/__init__.py", line 28, in <module>
    from pytorch_lightning.callbacks.pruning import ModelPruning
  File "/home/20250572/TabPFN-TS_for_Bike_Demand_Forecasting/.venv/lib/python3.12/site-packages/pytorch_lightning/callbacks/pruning.py", line 31, in <module>
    from pytorch_lightning.core.module import LightningModule
  File "/home/20250572/TabPFN-TS_for_Bike_Demand_Forecasting/.venv/lib/python3.12/site-packages/pytorch_lightning/core/__init__.py", line 16, in <module>
    from pytorch_lightning.core.module import LightningModule
  File "/home/20250572/TabPFN-TS_for_Bike_Demand_Forecasting/.venv/lib/python3.12/site-packages/pytorch_lightning/core/module.py", line 32, in <module>
    import lightning_fabric as lf
  File "/home/20250572/TabPFN-TS_for_Bike_Demand_Forecasting/.venv/lib/python3.12/site-packages/wandb/sdk/lib/import_hooks.py", line 182, in _exec_module
    self.loader.exec_module(module)
  File "/home/20250572/TabPFN-TS_for_Bike_Demand_Forecasting/.venv/lib/python3.12/site-packages/lightning_fabric/__init__.py", line 29, in <module>
    __import__("pkg_resources").declare_namespace(__name__)
    ^^^^^^^^^^^^^^^^^^^^^^^^^^^
ModuleNotFoundError: No module named 'pkg_resources'

================================================================================
[2026-03-17 18:41:16] ERROR: Error in NeuralProphet h=168 fold=3: No module named 'pkg_resources'
================================================================================
Traceback (most recent call last):
  File "/home/20250572/TabPFN-TS_for_Bike_Demand_Forecasting/forecasting/run_experiments.py", line 184, in run_single_experiment
    model.fit(y_train, X_train)
  File "/home/20250572/TabPFN-TS_for_Bike_Demand_Forecasting/forecasting/models/prophet_models.py", line 118, in fit
    from neuralprophet import NeuralProphet
  File "/home/20250572/TabPFN-TS_for_Bike_Demand_Forecasting/.venv/lib/python3.12/site-packages/neuralprophet/__init__.py", line 4, in <module>
    import pytorch_lightning as pl
  File "/home/20250572/TabPFN-TS_for_Bike_Demand_Forecasting/.venv/lib/python3.12/site-packages/wandb/sdk/lib/import_hooks.py", line 182, in _exec_module
    self.loader.exec_module(module)
  File "/home/20250572/TabPFN-TS_for_Bike_Demand_Forecasting/.venv/lib/python3.12/site-packages/pytorch_lightning/__init__.py", line 35, in <module>
    from pytorch_lightning.callbacks import Callback  # noqa: E402
    ^^^^^^^^^^^^^^^^^^^^^^^^^^^^^^^^^^^^^^^^^^^^^^^^
  File "/home/20250572/TabPFN-TS_for_Bike_Demand_Forecasting/.venv/lib/python3.12/site-packages/pytorch_lightning/callbacks/__init__.py", line 28, in <module>
    from pytorch_lightning.callbacks.pruning import ModelPruning
  File "/home/20250572/TabPFN-TS_for_Bike_Demand_Forecasting/.venv/lib/python3.12/site-packages/pytorch_lightning/callbacks/pruning.py", line 31, in <module>
    from pytorch_lightning.core.module import LightningModule
  File "/home/20250572/TabPFN-TS_for_Bike_Demand_Forecasting/.venv/lib/python3.12/site-packages/pytorch_lightning/core/__init__.py", line 16, in <module>
    from pytorch_lightning.core.module import LightningModule
  File "/home/20250572/TabPFN-TS_for_Bike_Demand_Forecasting/.venv/lib/python3.12/site-packages/pytorch_lightning/core/module.py", line 32, in <module>
    import lightning_fabric as lf
  File "/home/20250572/TabPFN-TS_for_Bike_Demand_Forecasting/.venv/lib/python3.12/site-packages/wandb/sdk/lib/import_hooks.py", line 182, in _exec_module
    self.loader.exec_module(module)
  File "/home/20250572/TabPFN-TS_for_Bike_Demand_Forecasting/.venv/lib/python3.12/site-packages/lightning_fabric/__init__.py", line 29, in <module>
    __import__("pkg_resources").declare_namespace(__name__)
    ^^^^^^^^^^^^^^^^^^^^^^^^^^^
ModuleNotFoundError: No module named 'pkg_resources'

================================================================================
[2026-03-17 18:41:16] ERROR: Error in NeuralProphet h=168 fold=4: No module named 'pkg_resources'
================================================================================
Traceback (most recent call last):
  File "/home/20250572/TabPFN-TS_for_Bike_Demand_Forecasting/forecasting/run_experiments.py", line 184, in run_single_experiment
    model.fit(y_train, X_train)
  File "/home/20250572/TabPFN-TS_for_Bike_Demand_Forecasting/forecasting/models/prophet_models.py", line 118, in fit
    from neuralprophet import NeuralProphet
  File "/home/20250572/TabPFN-TS_for_Bike_Demand_Forecasting/.venv/lib/python3.12/site-packages/neuralprophet/__init__.py", line 4, in <module>
    import pytorch_lightning as pl
  File "/home/20250572/TabPFN-TS_for_Bike_Demand_Forecasting/.venv/lib/python3.12/site-packages/wandb/sdk/lib/import_hooks.py", line 182, in _exec_module
    self.loader.exec_module(module)
  File "/home/20250572/TabPFN-TS_for_Bike_Demand_Forecasting/.venv/lib/python3.12/site-packages/pytorch_lightning/__init__.py", line 35, in <module>
    from pytorch_lightning.callbacks import Callback  # noqa: E402
    ^^^^^^^^^^^^^^^^^^^^^^^^^^^^^^^^^^^^^^^^^^^^^^^^
  File "/home/20250572/TabPFN-TS_for_Bike_Demand_Forecasting/.venv/lib/python3.12/site-packages/pytorch_lightning/callbacks/__init__.py", line 28, in <module>
    from pytorch_lightning.callbacks.pruning import ModelPruning
  File "/home/20250572/TabPFN-TS_for_Bike_Demand_Forecasting/.venv/lib/python3.12/site-packages/pytorch_lightning/callbacks/pruning.py", line 31, in <module>
    from pytorch_lightning.core.module import LightningModule
  File "/home/20250572/TabPFN-TS_for_Bike_Demand_Forecasting/.venv/lib/python3.12/site-packages/pytorch_lightning/core/__init__.py", line 16, in <module>
    from pytorch_lightning.core.module import LightningModule
  File "/home/20250572/TabPFN-TS_for_Bike_Demand_Forecasting/.venv/lib/python3.12/site-packages/pytorch_lightning/core/module.py", line 32, in <module>
    import lightning_fabric as lf
  File "/home/20250572/TabPFN-TS_for_Bike_Demand_Forecasting/.venv/lib/python3.12/site-packages/wandb/sdk/lib/import_hooks.py", line 182, in _exec_module
    self.loader.exec_module(module)
  File "/home/20250572/TabPFN-TS_for_Bike_Demand_Forecasting/.venv/lib/python3.12/site-packages/lightning_fabric/__init__.py", line 29, in <module>
    __import__("pkg_resources").declare_namespace(__name__)
    ^^^^^^^^^^^^^^^^^^^^^^^^^^^
ModuleNotFoundError: No module named 'pkg_resources'

================================================================================
[2026-03-17 18:41:16] ERROR: Error in NeuralProphet h=168 fold=5: No module named 'pkg_resources'
================================================================================
Traceback (most recent call last):
  File "/home/20250572/TabPFN-TS_for_Bike_Demand_Forecasting/forecasting/run_experiments.py", line 184, in run_single_experiment
    model.fit(y_train, X_train)
  File "/home/20250572/TabPFN-TS_for_Bike_Demand_Forecasting/forecasting/models/prophet_models.py", line 118, in fit
    from neuralprophet import NeuralProphet
  File "/home/20250572/TabPFN-TS_for_Bike_Demand_Forecasting/.venv/lib/python3.12/site-packages/neuralprophet/__init__.py", line 4, in <module>
    import pytorch_lightning as pl
  File "/home/20250572/TabPFN-TS_for_Bike_Demand_Forecasting/.venv/lib/python3.12/site-packages/wandb/sdk/lib/import_hooks.py", line 182, in _exec_module
    self.loader.exec_module(module)
  File "/home/20250572/TabPFN-TS_for_Bike_Demand_Forecasting/.venv/lib/python3.12/site-packages/pytorch_lightning/__init__.py", line 35, in <module>
    from pytorch_lightning.callbacks import Callback  # noqa: E402
    ^^^^^^^^^^^^^^^^^^^^^^^^^^^^^^^^^^^^^^^^^^^^^^^^
  File "/home/20250572/TabPFN-TS_for_Bike_Demand_Forecasting/.venv/lib/python3.12/site-packages/pytorch_lightning/callbacks/__init__.py", line 28, in <module>
    from pytorch_lightning.callbacks.pruning import ModelPruning
  File "/home/20250572/TabPFN-TS_for_Bike_Demand_Forecasting/.venv/lib/python3.12/site-packages/pytorch_lightning/callbacks/pruning.py", line 31, in <module>
    from pytorch_lightning.core.module import LightningModule
  File "/home/20250572/TabPFN-TS_for_Bike_Demand_Forecasting/.venv/lib/python3.12/site-packages/pytorch_lightning/core/__init__.py", line 16, in <module>
    from pytorch_lightning.core.module import LightningModule
  File "/home/20250572/TabPFN-TS_for_Bike_Demand_Forecasting/.venv/lib/python3.12/site-packages/pytorch_lightning/core/module.py", line 32, in <module>
    import lightning_fabric as lf
  File "/home/20250572/TabPFN-TS_for_Bike_Demand_Forecasting/.venv/lib/python3.12/site-packages/wandb/sdk/lib/import_hooks.py", line 182, in _exec_module
    self.loader.exec_module(module)
  File "/home/20250572/TabPFN-TS_for_Bike_Demand_Forecasting/.venv/lib/python3.12/site-packages/lightning_fabric/__init__.py", line 29, in <module>
    __import__("pkg_resources").declare_namespace(__name__)
    ^^^^^^^^^^^^^^^^^^^^^^^^^^^
ModuleNotFoundError: No module named 'pkg_resources'

================================================================================
[2026-03-17 18:41:16] ERROR: Error in NeuralProphet h=168 fold=6: No module named 'pkg_resources'
================================================================================
Traceback (most recent call last):
  File "/home/20250572/TabPFN-TS_for_Bike_Demand_Forecasting/forecasting/run_experiments.py", line 184, in run_single_experiment
    model.fit(y_train, X_train)
  File "/home/20250572/TabPFN-TS_for_Bike_Demand_Forecasting/forecasting/models/prophet_models.py", line 118, in fit
    from neuralprophet import NeuralProphet
  File "/home/20250572/TabPFN-TS_for_Bike_Demand_Forecasting/.venv/lib/python3.12/site-packages/neuralprophet/__init__.py", line 4, in <module>
    import pytorch_lightning as pl
  File "/home/20250572/TabPFN-TS_for_Bike_Demand_Forecasting/.venv/lib/python3.12/site-packages/wandb/sdk/lib/import_hooks.py", line 182, in _exec_module
    self.loader.exec_module(module)
  File "/home/20250572/TabPFN-TS_for_Bike_Demand_Forecasting/.venv/lib/python3.12/site-packages/pytorch_lightning/__init__.py", line 35, in <module>
    from pytorch_lightning.callbacks import Callback  # noqa: E402
    ^^^^^^^^^^^^^^^^^^^^^^^^^^^^^^^^^^^^^^^^^^^^^^^^
  File "/home/20250572/TabPFN-TS_for_Bike_Demand_Forecasting/.venv/lib/python3.12/site-packages/pytorch_lightning/callbacks/__init__.py", line 28, in <module>
    from pytorch_lightning.callbacks.pruning import ModelPruning
  File "/home/20250572/TabPFN-TS_for_Bike_Demand_Forecasting/.venv/lib/python3.12/site-packages/pytorch_lightning/callbacks/pruning.py", line 31, in <module>
    from pytorch_lightning.core.module import LightningModule
  File "/home/20250572/TabPFN-TS_for_Bike_Demand_Forecasting/.venv/lib/python3.12/site-packages/pytorch_lightning/core/__init__.py", line 16, in <module>
    from pytorch_lightning.core.module import LightningModule
  File "/home/20250572/TabPFN-TS_for_Bike_Demand_Forecasting/.venv/lib/python3.12/site-packages/pytorch_lightning/core/module.py", line 32, in <module>
    import lightning_fabric as lf
  File "/home/20250572/TabPFN-TS_for_Bike_Demand_Forecasting/.venv/lib/python3.12/site-packages/wandb/sdk/lib/import_hooks.py", line 182, in _exec_module
    self.loader.exec_module(module)
  File "/home/20250572/TabPFN-TS_for_Bike_Demand_Forecasting/.venv/lib/python3.12/site-packages/lightning_fabric/__init__.py", line 29, in <module>
    __import__("pkg_resources").declare_namespace(__name__)
    ^^^^^^^^^^^^^^^^^^^^^^^^^^^
ModuleNotFoundError: No module named 'pkg_resources'

================================================================================
[2026-03-17 18:41:16] ERROR: Error in NeuralProphet h=168 fold=7: No module named 'pkg_resources'
================================================================================
Traceback (most recent call last):
  File "/home/20250572/TabPFN-TS_for_Bike_Demand_Forecasting/forecasting/run_experiments.py", line 184, in run_single_experiment
    model.fit(y_train, X_train)
  File "/home/20250572/TabPFN-TS_for_Bike_Demand_Forecasting/forecasting/models/prophet_models.py", line 118, in fit
    from neuralprophet import NeuralProphet
  File "/home/20250572/TabPFN-TS_for_Bike_Demand_Forecasting/.venv/lib/python3.12/site-packages/neuralprophet/__init__.py", line 4, in <module>
    import pytorch_lightning as pl
  File "/home/20250572/TabPFN-TS_for_Bike_Demand_Forecasting/.venv/lib/python3.12/site-packages/wandb/sdk/lib/import_hooks.py", line 182, in _exec_module
    self.loader.exec_module(module)
  File "/home/20250572/TabPFN-TS_for_Bike_Demand_Forecasting/.venv/lib/python3.12/site-packages/pytorch_lightning/__init__.py", line 35, in <module>
    from pytorch_lightning.callbacks import Callback  # noqa: E402
    ^^^^^^^^^^^^^^^^^^^^^^^^^^^^^^^^^^^^^^^^^^^^^^^^
  File "/home/20250572/TabPFN-TS_for_Bike_Demand_Forecasting/.venv/lib/python3.12/site-packages/pytorch_lightning/callbacks/__init__.py", line 28, in <module>
    from pytorch_lightning.callbacks.pruning import ModelPruning
  File "/home/20250572/TabPFN-TS_for_Bike_Demand_Forecasting/.venv/lib/python3.12/site-packages/pytorch_lightning/callbacks/pruning.py", line 31, in <module>
    from pytorch_lightning.core.module import LightningModule
  File "/home/20250572/TabPFN-TS_for_Bike_Demand_Forecasting/.venv/lib/python3.12/site-packages/pytorch_lightning/core/__init__.py", line 16, in <module>
    from pytorch_lightning.core.module import LightningModule
  File "/home/20250572/TabPFN-TS_for_Bike_Demand_Forecasting/.venv/lib/python3.12/site-packages/pytorch_lightning/core/module.py", line 32, in <module>
    import lightning_fabric as lf
  File "/home/20250572/TabPFN-TS_for_Bike_Demand_Forecasting/.venv/lib/python3.12/site-packages/wandb/sdk/lib/import_hooks.py", line 182, in _exec_module
    self.loader.exec_module(module)
  File "/home/20250572/TabPFN-TS_for_Bike_Demand_Forecasting/.venv/lib/python3.12/site-packages/lightning_fabric/__init__.py", line 29, in <module>
    __import__("pkg_resources").declare_namespace(__name__)
    ^^^^^^^^^^^^^^^^^^^^^^^^^^^
ModuleNotFoundError: No module named 'pkg_resources'

================================================================================
[2026-03-17 18:41:16] ERROR: Error in NeuralProphet h=168 fold=8: No module named 'pkg_resources'
================================================================================
Traceback (most recent call last):
  File "/home/20250572/TabPFN-TS_for_Bike_Demand_Forecasting/forecasting/run_experiments.py", line 184, in run_single_experiment
    model.fit(y_train, X_train)
  File "/home/20250572/TabPFN-TS_for_Bike_Demand_Forecasting/forecasting/models/prophet_models.py", line 118, in fit
    from neuralprophet import NeuralProphet
  File "/home/20250572/TabPFN-TS_for_Bike_Demand_Forecasting/.venv/lib/python3.12/site-packages/neuralprophet/__init__.py", line 4, in <module>
    import pytorch_lightning as pl
  File "/home/20250572/TabPFN-TS_for_Bike_Demand_Forecasting/.venv/lib/python3.12/site-packages/wandb/sdk/lib/import_hooks.py", line 182, in _exec_module
    self.loader.exec_module(module)
  File "/home/20250572/TabPFN-TS_for_Bike_Demand_Forecasting/.venv/lib/python3.12/site-packages/pytorch_lightning/__init__.py", line 35, in <module>
    from pytorch_lightning.callbacks import Callback  # noqa: E402
    ^^^^^^^^^^^^^^^^^^^^^^^^^^^^^^^^^^^^^^^^^^^^^^^^
  File "/home/20250572/TabPFN-TS_for_Bike_Demand_Forecasting/.venv/lib/python3.12/site-packages/pytorch_lightning/callbacks/__init__.py", line 28, in <module>
    from pytorch_lightning.callbacks.pruning import ModelPruning
  File "/home/20250572/TabPFN-TS_for_Bike_Demand_Forecasting/.venv/lib/python3.12/site-packages/pytorch_lightning/callbacks/pruning.py", line 31, in <module>
    from pytorch_lightning.core.module import LightningModule
  File "/home/20250572/TabPFN-TS_for_Bike_Demand_Forecasting/.venv/lib/python3.12/site-packages/pytorch_lightning/core/__init__.py", line 16, in <module>
    from pytorch_lightning.core.module import LightningModule
  File "/home/20250572/TabPFN-TS_for_Bike_Demand_Forecasting/.venv/lib/python3.12/site-packages/pytorch_lightning/core/module.py", line 32, in <module>
    import lightning_fabric as lf
  File "/home/20250572/TabPFN-TS_for_Bike_Demand_Forecasting/.venv/lib/python3.12/site-packages/wandb/sdk/lib/import_hooks.py", line 182, in _exec_module
    self.loader.exec_module(module)
  File "/home/20250572/TabPFN-TS_for_Bike_Demand_Forecasting/.venv/lib/python3.12/site-packages/lightning_fabric/__init__.py", line 29, in <module>
    __import__("pkg_resources").declare_namespace(__name__)
    ^^^^^^^^^^^^^^^^^^^^^^^^^^^
ModuleNotFoundError: No module named 'pkg_resources'

================================================================================
[2026-03-17 18:41:16] ERROR: Error in NeuralProphet h=168 fold=9: No module named 'pkg_resources'
================================================================================
Traceback (most recent call last):
  File "/home/20250572/TabPFN-TS_for_Bike_Demand_Forecasting/forecasting/run_experiments.py", line 184, in run_single_experiment
    model.fit(y_train, X_train)
  File "/home/20250572/TabPFN-TS_for_Bike_Demand_Forecasting/forecasting/models/prophet_models.py", line 118, in fit
    from neuralprophet import NeuralProphet
  File "/home/20250572/TabPFN-TS_for_Bike_Demand_Forecasting/.venv/lib/python3.12/site-packages/neuralprophet/__init__.py", line 4, in <module>
    import pytorch_lightning as pl
  File "/home/20250572/TabPFN-TS_for_Bike_Demand_Forecasting/.venv/lib/python3.12/site-packages/wandb/sdk/lib/import_hooks.py", line 182, in _exec_module
    self.loader.exec_module(module)
  File "/home/20250572/TabPFN-TS_for_Bike_Demand_Forecasting/.venv/lib/python3.12/site-packages/pytorch_lightning/__init__.py", line 35, in <module>
    from pytorch_lightning.callbacks import Callback  # noqa: E402
    ^^^^^^^^^^^^^^^^^^^^^^^^^^^^^^^^^^^^^^^^^^^^^^^^
  File "/home/20250572/TabPFN-TS_for_Bike_Demand_Forecasting/.venv/lib/python3.12/site-packages/pytorch_lightning/callbacks/__init__.py", line 28, in <module>
    from pytorch_lightning.callbacks.pruning import ModelPruning
  File "/home/20250572/TabPFN-TS_for_Bike_Demand_Forecasting/.venv/lib/python3.12/site-packages/pytorch_lightning/callbacks/pruning.py", line 31, in <module>
    from pytorch_lightning.core.module import LightningModule
  File "/home/20250572/TabPFN-TS_for_Bike_Demand_Forecasting/.venv/lib/python3.12/site-packages/pytorch_lightning/core/__init__.py", line 16, in <module>
    from pytorch_lightning.core.module import LightningModule
  File "/home/20250572/TabPFN-TS_for_Bike_Demand_Forecasting/.venv/lib/python3.12/site-packages/pytorch_lightning/core/module.py", line 32, in <module>
    import lightning_fabric as lf
  File "/home/20250572/TabPFN-TS_for_Bike_Demand_Forecasting/.venv/lib/python3.12/site-packages/wandb/sdk/lib/import_hooks.py", line 182, in _exec_module
    self.loader.exec_module(module)
  File "/home/20250572/TabPFN-TS_for_Bike_Demand_Forecasting/.venv/lib/python3.12/site-packages/lightning_fabric/__init__.py", line 29, in <module>
    __import__("pkg_resources").declare_namespace(__name__)
    ^^^^^^^^^^^^^^^^^^^^^^^^^^^
ModuleNotFoundError: No module named 'pkg_resources'

================================================================================
[2026-03-17 18:41:16] ERROR: Error in NeuralProphet h=168 fold=10: No module named 'pkg_resources'
================================================================================
Traceback (most recent call last):
  File "/home/20250572/TabPFN-TS_for_Bike_Demand_Forecasting/forecasting/run_experiments.py", line 184, in run_single_experiment
    model.fit(y_train, X_train)
  File "/home/20250572/TabPFN-TS_for_Bike_Demand_Forecasting/forecasting/models/prophet_models.py", line 118, in fit
    from neuralprophet import NeuralProphet
  File "/home/20250572/TabPFN-TS_for_Bike_Demand_Forecasting/.venv/lib/python3.12/site-packages/neuralprophet/__init__.py", line 4, in <module>
    import pytorch_lightning as pl
  File "/home/20250572/TabPFN-TS_for_Bike_Demand_Forecasting/.venv/lib/python3.12/site-packages/wandb/sdk/lib/import_hooks.py", line 182, in _exec_module
    self.loader.exec_module(module)
  File "/home/20250572/TabPFN-TS_for_Bike_Demand_Forecasting/.venv/lib/python3.12/site-packages/pytorch_lightning/__init__.py", line 35, in <module>
    from pytorch_lightning.callbacks import Callback  # noqa: E402
    ^^^^^^^^^^^^^^^^^^^^^^^^^^^^^^^^^^^^^^^^^^^^^^^^
  File "/home/20250572/TabPFN-TS_for_Bike_Demand_Forecasting/.venv/lib/python3.12/site-packages/pytorch_lightning/callbacks/__init__.py", line 28, in <module>
    from pytorch_lightning.callbacks.pruning import ModelPruning
  File "/home/20250572/TabPFN-TS_for_Bike_Demand_Forecasting/.venv/lib/python3.12/site-packages/pytorch_lightning/callbacks/pruning.py", line 31, in <module>
    from pytorch_lightning.core.module import LightningModule
  File "/home/20250572/TabPFN-TS_for_Bike_Demand_Forecasting/.venv/lib/python3.12/site-packages/pytorch_lightning/core/__init__.py", line 16, in <module>
    from pytorch_lightning.core.module import LightningModule
  File "/home/20250572/TabPFN-TS_for_Bike_Demand_Forecasting/.venv/lib/python3.12/site-packages/pytorch_lightning/core/module.py", line 32, in <module>
    import lightning_fabric as lf
  File "/home/20250572/TabPFN-TS_for_Bike_Demand_Forecasting/.venv/lib/python3.12/site-packages/wandb/sdk/lib/import_hooks.py", line 182, in _exec_module
    self.loader.exec_module(module)
  File "/home/20250572/TabPFN-TS_for_Bike_Demand_Forecasting/.venv/lib/python3.12/site-packages/lightning_fabric/__init__.py", line 29, in <module>
    __import__("pkg_resources").declare_namespace(__name__)
    ^^^^^^^^^^^^^^^^^^^^^^^^^^^
ModuleNotFoundError: No module named 'pkg_resources'

================================================================================
[2026-03-17 18:41:16] ERROR: Error in NeuralProphet h=168 fold=11: No module named 'pkg_resources'
================================================================================
Traceback (most recent call last):
  File "/home/20250572/TabPFN-TS_for_Bike_Demand_Forecasting/forecasting/run_experiments.py", line 184, in run_single_experiment
    model.fit(y_train, X_train)
  File "/home/20250572/TabPFN-TS_for_Bike_Demand_Forecasting/forecasting/models/prophet_models.py", line 118, in fit
    from neuralprophet import NeuralProphet
  File "/home/20250572/TabPFN-TS_for_Bike_Demand_Forecasting/.venv/lib/python3.12/site-packages/neuralprophet/__init__.py", line 4, in <module>
    import pytorch_lightning as pl
  File "/home/20250572/TabPFN-TS_for_Bike_Demand_Forecasting/.venv/lib/python3.12/site-packages/wandb/sdk/lib/import_hooks.py", line 182, in _exec_module
    self.loader.exec_module(module)
  File "/home/20250572/TabPFN-TS_for_Bike_Demand_Forecasting/.venv/lib/python3.12/site-packages/pytorch_lightning/__init__.py", line 35, in <module>
    from pytorch_lightning.callbacks import Callback  # noqa: E402
    ^^^^^^^^^^^^^^^^^^^^^^^^^^^^^^^^^^^^^^^^^^^^^^^^
  File "/home/20250572/TabPFN-TS_for_Bike_Demand_Forecasting/.venv/lib/python3.12/site-packages/pytorch_lightning/callbacks/__init__.py", line 28, in <module>
    from pytorch_lightning.callbacks.pruning import ModelPruning
  File "/home/20250572/TabPFN-TS_for_Bike_Demand_Forecasting/.venv/lib/python3.12/site-packages/pytorch_lightning/callbacks/pruning.py", line 31, in <module>
    from pytorch_lightning.core.module import LightningModule
  File "/home/20250572/TabPFN-TS_for_Bike_Demand_Forecasting/.venv/lib/python3.12/site-packages/pytorch_lightning/core/__init__.py", line 16, in <module>
    from pytorch_lightning.core.module import LightningModule
  File "/home/20250572/TabPFN-TS_for_Bike_Demand_Forecasting/.venv/lib/python3.12/site-packages/pytorch_lightning/core/module.py", line 32, in <module>
    import lightning_fabric as lf
  File "/home/20250572/TabPFN-TS_for_Bike_Demand_Forecasting/.venv/lib/python3.12/site-packages/wandb/sdk/lib/import_hooks.py", line 182, in _exec_module
    self.loader.exec_module(module)
  File "/home/20250572/TabPFN-TS_for_Bike_Demand_Forecasting/.venv/lib/python3.12/site-packages/lightning_fabric/__init__.py", line 29, in <module>
    __import__("pkg_resources").declare_namespace(__name__)
    ^^^^^^^^^^^^^^^^^^^^^^^^^^^
ModuleNotFoundError: No module named 'pkg_resources'

================================================================================
[2026-03-17 18:41:16] ERROR: Error in NeuralProphet h=168 fold=12: No module named 'pkg_resources'
================================================================================
Traceback (most recent call last):
  File "/home/20250572/TabPFN-TS_for_Bike_Demand_Forecasting/forecasting/run_experiments.py", line 184, in run_single_experiment
    model.fit(y_train, X_train)
  File "/home/20250572/TabPFN-TS_for_Bike_Demand_Forecasting/forecasting/models/prophet_models.py", line 118, in fit
    from neuralprophet import NeuralProphet
  File "/home/20250572/TabPFN-TS_for_Bike_Demand_Forecasting/.venv/lib/python3.12/site-packages/neuralprophet/__init__.py", line 4, in <module>
    import pytorch_lightning as pl
  File "/home/20250572/TabPFN-TS_for_Bike_Demand_Forecasting/.venv/lib/python3.12/site-packages/wandb/sdk/lib/import_hooks.py", line 182, in _exec_module
    self.loader.exec_module(module)
  File "/home/20250572/TabPFN-TS_for_Bike_Demand_Forecasting/.venv/lib/python3.12/site-packages/pytorch_lightning/__init__.py", line 35, in <module>
    from pytorch_lightning.callbacks import Callback  # noqa: E402
    ^^^^^^^^^^^^^^^^^^^^^^^^^^^^^^^^^^^^^^^^^^^^^^^^
  File "/home/20250572/TabPFN-TS_for_Bike_Demand_Forecasting/.venv/lib/python3.12/site-packages/pytorch_lightning/callbacks/__init__.py", line 28, in <module>
    from pytorch_lightning.callbacks.pruning import ModelPruning
  File "/home/20250572/TabPFN-TS_for_Bike_Demand_Forecasting/.venv/lib/python3.12/site-packages/pytorch_lightning/callbacks/pruning.py", line 31, in <module>
    from pytorch_lightning.core.module import LightningModule
  File "/home/20250572/TabPFN-TS_for_Bike_Demand_Forecasting/.venv/lib/python3.12/site-packages/pytorch_lightning/core/__init__.py", line 16, in <module>
    from pytorch_lightning.core.module import LightningModule
  File "/home/20250572/TabPFN-TS_for_Bike_Demand_Forecasting/.venv/lib/python3.12/site-packages/pytorch_lightning/core/module.py", line 32, in <module>
    import lightning_fabric as lf
  File "/home/20250572/TabPFN-TS_for_Bike_Demand_Forecasting/.venv/lib/python3.12/site-packages/wandb/sdk/lib/import_hooks.py", line 182, in _exec_module
    self.loader.exec_module(module)
  File "/home/20250572/TabPFN-TS_for_Bike_Demand_Forecasting/.venv/lib/python3.12/site-packages/lightning_fabric/__init__.py", line 29, in <module>
    __import__("pkg_resources").declare_namespace(__name__)
    ^^^^^^^^^^^^^^^^^^^^^^^^^^^
ModuleNotFoundError: No module named 'pkg_resources'

================================================================================
[2026-03-17 18:41:16] ERROR: Error in NeuralProphet h=168 fold=13: No module named 'pkg_resources'
================================================================================
Traceback (most recent call last):
  File "/home/20250572/TabPFN-TS_for_Bike_Demand_Forecasting/forecasting/run_experiments.py", line 184, in run_single_experiment
    model.fit(y_train, X_train)
  File "/home/20250572/TabPFN-TS_for_Bike_Demand_Forecasting/forecasting/models/prophet_models.py", line 118, in fit
    from neuralprophet import NeuralProphet
  File "/home/20250572/TabPFN-TS_for_Bike_Demand_Forecasting/.venv/lib/python3.12/site-packages/neuralprophet/__init__.py", line 4, in <module>
    import pytorch_lightning as pl
  File "/home/20250572/TabPFN-TS_for_Bike_Demand_Forecasting/.venv/lib/python3.12/site-packages/wandb/sdk/lib/import_hooks.py", line 182, in _exec_module
    self.loader.exec_module(module)
  File "/home/20250572/TabPFN-TS_for_Bike_Demand_Forecasting/.venv/lib/python3.12/site-packages/pytorch_lightning/__init__.py", line 35, in <module>
    from pytorch_lightning.callbacks import Callback  # noqa: E402
    ^^^^^^^^^^^^^^^^^^^^^^^^^^^^^^^^^^^^^^^^^^^^^^^^
  File "/home/20250572/TabPFN-TS_for_Bike_Demand_Forecasting/.venv/lib/python3.12/site-packages/pytorch_lightning/callbacks/__init__.py", line 28, in <module>
    from pytorch_lightning.callbacks.pruning import ModelPruning
  File "/home/20250572/TabPFN-TS_for_Bike_Demand_Forecasting/.venv/lib/python3.12/site-packages/pytorch_lightning/callbacks/pruning.py", line 31, in <module>
    from pytorch_lightning.core.module import LightningModule
  File "/home/20250572/TabPFN-TS_for_Bike_Demand_Forecasting/.venv/lib/python3.12/site-packages/pytorch_lightning/core/__init__.py", line 16, in <module>
    from pytorch_lightning.core.module import LightningModule
  File "/home/20250572/TabPFN-TS_for_Bike_Demand_Forecasting/.venv/lib/python3.12/site-packages/pytorch_lightning/core/module.py", line 32, in <module>
    import lightning_fabric as lf
  File "/home/20250572/TabPFN-TS_for_Bike_Demand_Forecasting/.venv/lib/python3.12/site-packages/wandb/sdk/lib/import_hooks.py", line 182, in _exec_module
    self.loader.exec_module(module)
  File "/home/20250572/TabPFN-TS_for_Bike_Demand_Forecasting/.venv/lib/python3.12/site-packages/lightning_fabric/__init__.py", line 29, in <module>
    __import__("pkg_resources").declare_namespace(__name__)
    ^^^^^^^^^^^^^^^^^^^^^^^^^^^
ModuleNotFoundError: No module named 'pkg_resources'

================================================================================
[2026-03-17 18:41:16] ERROR: Error in NeuralProphet h=168 fold=14: No module named 'pkg_resources'
================================================================================
Traceback (most recent call last):
  File "/home/20250572/TabPFN-TS_for_Bike_Demand_Forecasting/forecasting/run_experiments.py", line 184, in run_single_experiment
    model.fit(y_train, X_train)
  File "/home/20250572/TabPFN-TS_for_Bike_Demand_Forecasting/forecasting/models/prophet_models.py", line 118, in fit
    from neuralprophet import NeuralProphet
  File "/home/20250572/TabPFN-TS_for_Bike_Demand_Forecasting/.venv/lib/python3.12/site-packages/neuralprophet/__init__.py", line 4, in <module>
    import pytorch_lightning as pl
  File "/home/20250572/TabPFN-TS_for_Bike_Demand_Forecasting/.venv/lib/python3.12/site-packages/wandb/sdk/lib/import_hooks.py", line 182, in _exec_module
    self.loader.exec_module(module)
  File "/home/20250572/TabPFN-TS_for_Bike_Demand_Forecasting/.venv/lib/python3.12/site-packages/pytorch_lightning/__init__.py", line 35, in <module>
    from pytorch_lightning.callbacks import Callback  # noqa: E402
    ^^^^^^^^^^^^^^^^^^^^^^^^^^^^^^^^^^^^^^^^^^^^^^^^
  File "/home/20250572/TabPFN-TS_for_Bike_Demand_Forecasting/.venv/lib/python3.12/site-packages/pytorch_lightning/callbacks/__init__.py", line 28, in <module>
    from pytorch_lightning.callbacks.pruning import ModelPruning
  File "/home/20250572/TabPFN-TS_for_Bike_Demand_Forecasting/.venv/lib/python3.12/site-packages/pytorch_lightning/callbacks/pruning.py", line 31, in <module>
    from pytorch_lightning.core.module import LightningModule
  File "/home/20250572/TabPFN-TS_for_Bike_Demand_Forecasting/.venv/lib/python3.12/site-packages/pytorch_lightning/core/__init__.py", line 16, in <module>
    from pytorch_lightning.core.module import LightningModule
  File "/home/20250572/TabPFN-TS_for_Bike_Demand_Forecasting/.venv/lib/python3.12/site-packages/pytorch_lightning/core/module.py", line 32, in <module>
    import lightning_fabric as lf
  File "/home/20250572/TabPFN-TS_for_Bike_Demand_Forecasting/.venv/lib/python3.12/site-packages/wandb/sdk/lib/import_hooks.py", line 182, in _exec_module
    self.loader.exec_module(module)
  File "/home/20250572/TabPFN-TS_for_Bike_Demand_Forecasting/.venv/lib/python3.12/site-packages/lightning_fabric/__init__.py", line 29, in <module>
    __import__("pkg_resources").declare_namespace(__name__)
    ^^^^^^^^^^^^^^^^^^^^^^^^^^^
ModuleNotFoundError: No module named 'pkg_resources'

================================================================================
[2026-03-17 18:41:16] ERROR: Error in NeuralProphet h=168 fold=15: No module named 'pkg_resources'
================================================================================
Traceback (most recent call last):
  File "/home/20250572/TabPFN-TS_for_Bike_Demand_Forecasting/forecasting/run_experiments.py", line 184, in run_single_experiment
    model.fit(y_train, X_train)
  File "/home/20250572/TabPFN-TS_for_Bike_Demand_Forecasting/forecasting/models/prophet_models.py", line 118, in fit
    from neuralprophet import NeuralProphet
  File "/home/20250572/TabPFN-TS_for_Bike_Demand_Forecasting/.venv/lib/python3.12/site-packages/neuralprophet/__init__.py", line 4, in <module>
    import pytorch_lightning as pl
  File "/home/20250572/TabPFN-TS_for_Bike_Demand_Forecasting/.venv/lib/python3.12/site-packages/wandb/sdk/lib/import_hooks.py", line 182, in _exec_module
    self.loader.exec_module(module)
  File "/home/20250572/TabPFN-TS_for_Bike_Demand_Forecasting/.venv/lib/python3.12/site-packages/pytorch_lightning/__init__.py", line 35, in <module>
    from pytorch_lightning.callbacks import Callback  # noqa: E402
    ^^^^^^^^^^^^^^^^^^^^^^^^^^^^^^^^^^^^^^^^^^^^^^^^
  File "/home/20250572/TabPFN-TS_for_Bike_Demand_Forecasting/.venv/lib/python3.12/site-packages/pytorch_lightning/callbacks/__init__.py", line 28, in <module>
    from pytorch_lightning.callbacks.pruning import ModelPruning
  File "/home/20250572/TabPFN-TS_for_Bike_Demand_Forecasting/.venv/lib/python3.12/site-packages/pytorch_lightning/callbacks/pruning.py", line 31, in <module>
    from pytorch_lightning.core.module import LightningModule
  File "/home/20250572/TabPFN-TS_for_Bike_Demand_Forecasting/.venv/lib/python3.12/site-packages/pytorch_lightning/core/__init__.py", line 16, in <module>
    from pytorch_lightning.core.module import LightningModule
  File "/home/20250572/TabPFN-TS_for_Bike_Demand_Forecasting/.venv/lib/python3.12/site-packages/pytorch_lightning/core/module.py", line 32, in <module>
    import lightning_fabric as lf
  File "/home/20250572/TabPFN-TS_for_Bike_Demand_Forecasting/.venv/lib/python3.12/site-packages/wandb/sdk/lib/import_hooks.py", line 182, in _exec_module
    self.loader.exec_module(module)
  File "/home/20250572/TabPFN-TS_for_Bike_Demand_Forecasting/.venv/lib/python3.12/site-packages/lightning_fabric/__init__.py", line 29, in <module>
    __import__("pkg_resources").declare_namespace(__name__)
    ^^^^^^^^^^^^^^^^^^^^^^^^^^^
ModuleNotFoundError: No module named 'pkg_resources'

================================================================================
[2026-03-17 18:41:16] ERROR: Error in NeuralProphet h=168 fold=16: No module named 'pkg_resources'
================================================================================
Traceback (most recent call last):
  File "/home/20250572/TabPFN-TS_for_Bike_Demand_Forecasting/forecasting/run_experiments.py", line 184, in run_single_experiment
    model.fit(y_train, X_train)
  File "/home/20250572/TabPFN-TS_for_Bike_Demand_Forecasting/forecasting/models/prophet_models.py", line 118, in fit
    from neuralprophet import NeuralProphet
  File "/home/20250572/TabPFN-TS_for_Bike_Demand_Forecasting/.venv/lib/python3.12/site-packages/neuralprophet/__init__.py", line 4, in <module>
    import pytorch_lightning as pl
  File "/home/20250572/TabPFN-TS_for_Bike_Demand_Forecasting/.venv/lib/python3.12/site-packages/wandb/sdk/lib/import_hooks.py", line 182, in _exec_module
    self.loader.exec_module(module)
  File "/home/20250572/TabPFN-TS_for_Bike_Demand_Forecasting/.venv/lib/python3.12/site-packages/pytorch_lightning/__init__.py", line 35, in <module>
    from pytorch_lightning.callbacks import Callback  # noqa: E402
    ^^^^^^^^^^^^^^^^^^^^^^^^^^^^^^^^^^^^^^^^^^^^^^^^
  File "/home/20250572/TabPFN-TS_for_Bike_Demand_Forecasting/.venv/lib/python3.12/site-packages/pytorch_lightning/callbacks/__init__.py", line 28, in <module>
    from pytorch_lightning.callbacks.pruning import ModelPruning
  File "/home/20250572/TabPFN-TS_for_Bike_Demand_Forecasting/.venv/lib/python3.12/site-packages/pytorch_lightning/callbacks/pruning.py", line 31, in <module>
    from pytorch_lightning.core.module import LightningModule
  File "/home/20250572/TabPFN-TS_for_Bike_Demand_Forecasting/.venv/lib/python3.12/site-packages/pytorch_lightning/core/__init__.py", line 16, in <module>
    from pytorch_lightning.core.module import LightningModule
  File "/home/20250572/TabPFN-TS_for_Bike_Demand_Forecasting/.venv/lib/python3.12/site-packages/pytorch_lightning/core/module.py", line 32, in <module>
    import lightning_fabric as lf
  File "/home/20250572/TabPFN-TS_for_Bike_Demand_Forecasting/.venv/lib/python3.12/site-packages/wandb/sdk/lib/import_hooks.py", line 182, in _exec_module
    self.loader.exec_module(module)
  File "/home/20250572/TabPFN-TS_for_Bike_Demand_Forecasting/.venv/lib/python3.12/site-packages/lightning_fabric/__init__.py", line 29, in <module>
    __import__("pkg_resources").declare_namespace(__name__)
    ^^^^^^^^^^^^^^^^^^^^^^^^^^^
ModuleNotFoundError: No module named 'pkg_resources'

================================================================================
[2026-03-17 18:41:16] ERROR: Error in NeuralProphet h=168 fold=17: No module named 'pkg_resources'
================================================================================
Traceback (most recent call last):
  File "/home/20250572/TabPFN-TS_for_Bike_Demand_Forecasting/forecasting/run_experiments.py", line 184, in run_single_experiment
    model.fit(y_train, X_train)
  File "/home/20250572/TabPFN-TS_for_Bike_Demand_Forecasting/forecasting/models/prophet_models.py", line 118, in fit
    from neuralprophet import NeuralProphet
  File "/home/20250572/TabPFN-TS_for_Bike_Demand_Forecasting/.venv/lib/python3.12/site-packages/neuralprophet/__init__.py", line 4, in <module>
    import pytorch_lightning as pl
  File "/home/20250572/TabPFN-TS_for_Bike_Demand_Forecasting/.venv/lib/python3.12/site-packages/wandb/sdk/lib/import_hooks.py", line 182, in _exec_module
    self.loader.exec_module(module)
  File "/home/20250572/TabPFN-TS_for_Bike_Demand_Forecasting/.venv/lib/python3.12/site-packages/pytorch_lightning/__init__.py", line 35, in <module>
    from pytorch_lightning.callbacks import Callback  # noqa: E402
    ^^^^^^^^^^^^^^^^^^^^^^^^^^^^^^^^^^^^^^^^^^^^^^^^
  File "/home/20250572/TabPFN-TS_for_Bike_Demand_Forecasting/.venv/lib/python3.12/site-packages/pytorch_lightning/callbacks/__init__.py", line 28, in <module>
    from pytorch_lightning.callbacks.pruning import ModelPruning
  File "/home/20250572/TabPFN-TS_for_Bike_Demand_Forecasting/.venv/lib/python3.12/site-packages/pytorch_lightning/callbacks/pruning.py", line 31, in <module>
    from pytorch_lightning.core.module import LightningModule
  File "/home/20250572/TabPFN-TS_for_Bike_Demand_Forecasting/.venv/lib/python3.12/site-packages/pytorch_lightning/core/__init__.py", line 16, in <module>
    from pytorch_lightning.core.module import LightningModule
  File "/home/20250572/TabPFN-TS_for_Bike_Demand_Forecasting/.venv/lib/python3.12/site-packages/pytorch_lightning/core/module.py", line 32, in <module>
    import lightning_fabric as lf
  File "/home/20250572/TabPFN-TS_for_Bike_Demand_Forecasting/.venv/lib/python3.12/site-packages/wandb/sdk/lib/import_hooks.py", line 182, in _exec_module
    self.loader.exec_module(module)
  File "/home/20250572/TabPFN-TS_for_Bike_Demand_Forecasting/.venv/lib/python3.12/site-packages/lightning_fabric/__init__.py", line 29, in <module>
    __import__("pkg_resources").declare_namespace(__name__)
    ^^^^^^^^^^^^^^^^^^^^^^^^^^^
ModuleNotFoundError: No module named 'pkg_resources'

================================================================================
[2026-03-17 18:41:16] ERROR: Error in NeuralProphet h=168 fold=18: No module named 'pkg_resources'
================================================================================
Traceback (most recent call last):
  File "/home/20250572/TabPFN-TS_for_Bike_Demand_Forecasting/forecasting/run_experiments.py", line 184, in run_single_experiment
    model.fit(y_train, X_train)
  File "/home/20250572/TabPFN-TS_for_Bike_Demand_Forecasting/forecasting/models/prophet_models.py", line 118, in fit
    from neuralprophet import NeuralProphet
  File "/home/20250572/TabPFN-TS_for_Bike_Demand_Forecasting/.venv/lib/python3.12/site-packages/neuralprophet/__init__.py", line 4, in <module>
    import pytorch_lightning as pl
  File "/home/20250572/TabPFN-TS_for_Bike_Demand_Forecasting/.venv/lib/python3.12/site-packages/wandb/sdk/lib/import_hooks.py", line 182, in _exec_module
    self.loader.exec_module(module)
  File "/home/20250572/TabPFN-TS_for_Bike_Demand_Forecasting/.venv/lib/python3.12/site-packages/pytorch_lightning/__init__.py", line 35, in <module>
    from pytorch_lightning.callbacks import Callback  # noqa: E402
    ^^^^^^^^^^^^^^^^^^^^^^^^^^^^^^^^^^^^^^^^^^^^^^^^
  File "/home/20250572/TabPFN-TS_for_Bike_Demand_Forecasting/.venv/lib/python3.12/site-packages/pytorch_lightning/callbacks/__init__.py", line 28, in <module>
    from pytorch_lightning.callbacks.pruning import ModelPruning
  File "/home/20250572/TabPFN-TS_for_Bike_Demand_Forecasting/.venv/lib/python3.12/site-packages/pytorch_lightning/callbacks/pruning.py", line 31, in <module>
    from pytorch_lightning.core.module import LightningModule
  File "/home/20250572/TabPFN-TS_for_Bike_Demand_Forecasting/.venv/lib/python3.12/site-packages/pytorch_lightning/core/__init__.py", line 16, in <module>
    from pytorch_lightning.core.module import LightningModule
  File "/home/20250572/TabPFN-TS_for_Bike_Demand_Forecasting/.venv/lib/python3.12/site-packages/pytorch_lightning/core/module.py", line 32, in <module>
    import lightning_fabric as lf
  File "/home/20250572/TabPFN-TS_for_Bike_Demand_Forecasting/.venv/lib/python3.12/site-packages/wandb/sdk/lib/import_hooks.py", line 182, in _exec_module
    self.loader.exec_module(module)
  File "/home/20250572/TabPFN-TS_for_Bike_Demand_Forecasting/.venv/lib/python3.12/site-packages/lightning_fabric/__init__.py", line 29, in <module>
    __import__("pkg_resources").declare_namespace(__name__)
    ^^^^^^^^^^^^^^^^^^^^^^^^^^^
ModuleNotFoundError: No module named 'pkg_resources'

================================================================================
[2026-03-17 18:41:16] ERROR: Error in NeuralProphet h=168 fold=19: No module named 'pkg_resources'
================================================================================
Traceback (most recent call last):
  File "/home/20250572/TabPFN-TS_for_Bike_Demand_Forecasting/forecasting/run_experiments.py", line 184, in run_single_experiment
    model.fit(y_train, X_train)
  File "/home/20250572/TabPFN-TS_for_Bike_Demand_Forecasting/forecasting/models/prophet_models.py", line 118, in fit
    from neuralprophet import NeuralProphet
  File "/home/20250572/TabPFN-TS_for_Bike_Demand_Forecasting/.venv/lib/python3.12/site-packages/neuralprophet/__init__.py", line 4, in <module>
    import pytorch_lightning as pl
  File "/home/20250572/TabPFN-TS_for_Bike_Demand_Forecasting/.venv/lib/python3.12/site-packages/wandb/sdk/lib/import_hooks.py", line 182, in _exec_module
    self.loader.exec_module(module)
  File "/home/20250572/TabPFN-TS_for_Bike_Demand_Forecasting/.venv/lib/python3.12/site-packages/pytorch_lightning/__init__.py", line 35, in <module>
    from pytorch_lightning.callbacks import Callback  # noqa: E402
    ^^^^^^^^^^^^^^^^^^^^^^^^^^^^^^^^^^^^^^^^^^^^^^^^
  File "/home/20250572/TabPFN-TS_for_Bike_Demand_Forecasting/.venv/lib/python3.12/site-packages/pytorch_lightning/callbacks/__init__.py", line 28, in <module>
    from pytorch_lightning.callbacks.pruning import ModelPruning
  File "/home/20250572/TabPFN-TS_for_Bike_Demand_Forecasting/.venv/lib/python3.12/site-packages/pytorch_lightning/callbacks/pruning.py", line 31, in <module>
    from pytorch_lightning.core.module import LightningModule
  File "/home/20250572/TabPFN-TS_for_Bike_Demand_Forecasting/.venv/lib/python3.12/site-packages/pytorch_lightning/core/__init__.py", line 16, in <module>
    from pytorch_lightning.core.module import LightningModule
  File "/home/20250572/TabPFN-TS_for_Bike_Demand_Forecasting/.venv/lib/python3.12/site-packages/pytorch_lightning/core/module.py", line 32, in <module>
    import lightning_fabric as lf
  File "/home/20250572/TabPFN-TS_for_Bike_Demand_Forecasting/.venv/lib/python3.12/site-packages/wandb/sdk/lib/import_hooks.py", line 182, in _exec_module
    self.loader.exec_module(module)
  File "/home/20250572/TabPFN-TS_for_Bike_Demand_Forecasting/.venv/lib/python3.12/site-packages/lightning_fabric/__init__.py", line 29, in <module>
    __import__("pkg_resources").declare_namespace(__name__)
    ^^^^^^^^^^^^^^^^^^^^^^^^^^^
ModuleNotFoundError: No module named 'pkg_resources'

================================================================================
[2026-03-17 18:41:16] ERROR: Error in NeuralProphet_NoWeather h=6 fold=0: No module named 'pkg_resources'
================================================================================
Traceback (most recent call last):
  File "/home/20250572/TabPFN-TS_for_Bike_Demand_Forecasting/forecasting/run_experiments.py", line 184, in run_single_experiment
    model.fit(y_train, X_train)
  File "/home/20250572/TabPFN-TS_for_Bike_Demand_Forecasting/forecasting/models/prophet_models.py", line 231, in fit
    from neuralprophet import NeuralProphet
  File "/home/20250572/TabPFN-TS_for_Bike_Demand_Forecasting/.venv/lib/python3.12/site-packages/neuralprophet/__init__.py", line 4, in <module>
    import pytorch_lightning as pl
  File "/home/20250572/TabPFN-TS_for_Bike_Demand_Forecasting/.venv/lib/python3.12/site-packages/wandb/sdk/lib/import_hooks.py", line 182, in _exec_module
    self.loader.exec_module(module)
  File "/home/20250572/TabPFN-TS_for_Bike_Demand_Forecasting/.venv/lib/python3.12/site-packages/pytorch_lightning/__init__.py", line 35, in <module>
    from pytorch_lightning.callbacks import Callback  # noqa: E402
    ^^^^^^^^^^^^^^^^^^^^^^^^^^^^^^^^^^^^^^^^^^^^^^^^
  File "/home/20250572/TabPFN-TS_for_Bike_Demand_Forecasting/.venv/lib/python3.12/site-packages/pytorch_lightning/callbacks/__init__.py", line 28, in <module>
    from pytorch_lightning.callbacks.pruning import ModelPruning
  File "/home/20250572/TabPFN-TS_for_Bike_Demand_Forecasting/.venv/lib/python3.12/site-packages/pytorch_lightning/callbacks/pruning.py", line 31, in <module>
    from pytorch_lightning.core.module import LightningModule
  File "/home/20250572/TabPFN-TS_for_Bike_Demand_Forecasting/.venv/lib/python3.12/site-packages/pytorch_lightning/core/__init__.py", line 16, in <module>
    from pytorch_lightning.core.module import LightningModule
  File "/home/20250572/TabPFN-TS_for_Bike_Demand_Forecasting/.venv/lib/python3.12/site-packages/pytorch_lightning/core/module.py", line 32, in <module>
    import lightning_fabric as lf
  File "/home/20250572/TabPFN-TS_for_Bike_Demand_Forecasting/.venv/lib/python3.12/site-packages/wandb/sdk/lib/import_hooks.py", line 182, in _exec_module
    self.loader.exec_module(module)
  File "/home/20250572/TabPFN-TS_for_Bike_Demand_Forecasting/.venv/lib/python3.12/site-packages/lightning_fabric/__init__.py", line 29, in <module>
    __import__("pkg_resources").declare_namespace(__name__)
    ^^^^^^^^^^^^^^^^^^^^^^^^^^^
ModuleNotFoundError: No module named 'pkg_resources'

================================================================================
[2026-03-17 18:41:16] ERROR: Error in NeuralProphet_NoWeather h=6 fold=1: No module named 'pkg_resources'
================================================================================
Traceback (most recent call last):
  File "/home/20250572/TabPFN-TS_for_Bike_Demand_Forecasting/forecasting/run_experiments.py", line 184, in run_single_experiment
    model.fit(y_train, X_train)
  File "/home/20250572/TabPFN-TS_for_Bike_Demand_Forecasting/forecasting/models/prophet_models.py", line 231, in fit
    from neuralprophet import NeuralProphet
  File "/home/20250572/TabPFN-TS_for_Bike_Demand_Forecasting/.venv/lib/python3.12/site-packages/neuralprophet/__init__.py", line 4, in <module>
    import pytorch_lightning as pl
  File "/home/20250572/TabPFN-TS_for_Bike_Demand_Forecasting/.venv/lib/python3.12/site-packages/wandb/sdk/lib/import_hooks.py", line 182, in _exec_module
    self.loader.exec_module(module)
  File "/home/20250572/TabPFN-TS_for_Bike_Demand_Forecasting/.venv/lib/python3.12/site-packages/pytorch_lightning/__init__.py", line 35, in <module>
    from pytorch_lightning.callbacks import Callback  # noqa: E402
    ^^^^^^^^^^^^^^^^^^^^^^^^^^^^^^^^^^^^^^^^^^^^^^^^
  File "/home/20250572/TabPFN-TS_for_Bike_Demand_Forecasting/.venv/lib/python3.12/site-packages/pytorch_lightning/callbacks/__init__.py", line 28, in <module>
    from pytorch_lightning.callbacks.pruning import ModelPruning
  File "/home/20250572/TabPFN-TS_for_Bike_Demand_Forecasting/.venv/lib/python3.12/site-packages/pytorch_lightning/callbacks/pruning.py", line 31, in <module>
    from pytorch_lightning.core.module import LightningModule
  File "/home/20250572/TabPFN-TS_for_Bike_Demand_Forecasting/.venv/lib/python3.12/site-packages/pytorch_lightning/core/__init__.py", line 16, in <module>
    from pytorch_lightning.core.module import LightningModule
  File "/home/20250572/TabPFN-TS_for_Bike_Demand_Forecasting/.venv/lib/python3.12/site-packages/pytorch_lightning/core/module.py", line 32, in <module>
    import lightning_fabric as lf
  File "/home/20250572/TabPFN-TS_for_Bike_Demand_Forecasting/.venv/lib/python3.12/site-packages/wandb/sdk/lib/import_hooks.py", line 182, in _exec_module
    self.loader.exec_module(module)
  File "/home/20250572/TabPFN-TS_for_Bike_Demand_Forecasting/.venv/lib/python3.12/site-packages/lightning_fabric/__init__.py", line 29, in <module>
    __import__("pkg_resources").declare_namespace(__name__)
    ^^^^^^^^^^^^^^^^^^^^^^^^^^^
ModuleNotFoundError: No module named 'pkg_resources'

================================================================================
[2026-03-17 18:41:16] ERROR: Error in NeuralProphet_NoWeather h=6 fold=2: No module named 'pkg_resources'
================================================================================
Traceback (most recent call last):
  File "/home/20250572/TabPFN-TS_for_Bike_Demand_Forecasting/forecasting/run_experiments.py", line 184, in run_single_experiment
    model.fit(y_train, X_train)
  File "/home/20250572/TabPFN-TS_for_Bike_Demand_Forecasting/forecasting/models/prophet_models.py", line 231, in fit
    from neuralprophet import NeuralProphet
  File "/home/20250572/TabPFN-TS_for_Bike_Demand_Forecasting/.venv/lib/python3.12/site-packages/neuralprophet/__init__.py", line 4, in <module>
    import pytorch_lightning as pl
  File "/home/20250572/TabPFN-TS_for_Bike_Demand_Forecasting/.venv/lib/python3.12/site-packages/wandb/sdk/lib/import_hooks.py", line 182, in _exec_module
    self.loader.exec_module(module)
  File "/home/20250572/TabPFN-TS_for_Bike_Demand_Forecasting/.venv/lib/python3.12/site-packages/pytorch_lightning/__init__.py", line 35, in <module>
    from pytorch_lightning.callbacks import Callback  # noqa: E402
    ^^^^^^^^^^^^^^^^^^^^^^^^^^^^^^^^^^^^^^^^^^^^^^^^
  File "/home/20250572/TabPFN-TS_for_Bike_Demand_Forecasting/.venv/lib/python3.12/site-packages/pytorch_lightning/callbacks/__init__.py", line 28, in <module>
    from pytorch_lightning.callbacks.pruning import ModelPruning
  File "/home/20250572/TabPFN-TS_for_Bike_Demand_Forecasting/.venv/lib/python3.12/site-packages/pytorch_lightning/callbacks/pruning.py", line 31, in <module>
    from pytorch_lightning.core.module import LightningModule
  File "/home/20250572/TabPFN-TS_for_Bike_Demand_Forecasting/.venv/lib/python3.12/site-packages/pytorch_lightning/core/__init__.py", line 16, in <module>
    from pytorch_lightning.core.module import LightningModule
  File "/home/20250572/TabPFN-TS_for_Bike_Demand_Forecasting/.venv/lib/python3.12/site-packages/pytorch_lightning/core/module.py", line 32, in <module>
    import lightning_fabric as lf
  File "/home/20250572/TabPFN-TS_for_Bike_Demand_Forecasting/.venv/lib/python3.12/site-packages/wandb/sdk/lib/import_hooks.py", line 182, in _exec_module
    self.loader.exec_module(module)
  File "/home/20250572/TabPFN-TS_for_Bike_Demand_Forecasting/.venv/lib/python3.12/site-packages/lightning_fabric/__init__.py", line 29, in <module>
    __import__("pkg_resources").declare_namespace(__name__)
    ^^^^^^^^^^^^^^^^^^^^^^^^^^^
ModuleNotFoundError: No module named 'pkg_resources'

================================================================================
[2026-03-17 18:41:16] ERROR: Error in NeuralProphet_NoWeather h=6 fold=3: No module named 'pkg_resources'
================================================================================
Traceback (most recent call last):
  File "/home/20250572/TabPFN-TS_for_Bike_Demand_Forecasting/forecasting/run_experiments.py", line 184, in run_single_experiment
    model.fit(y_train, X_train)
  File "/home/20250572/TabPFN-TS_for_Bike_Demand_Forecasting/forecasting/models/prophet_models.py", line 231, in fit
    from neuralprophet import NeuralProphet
  File "/home/20250572/TabPFN-TS_for_Bike_Demand_Forecasting/.venv/lib/python3.12/site-packages/neuralprophet/__init__.py", line 4, in <module>
    import pytorch_lightning as pl
  File "/home/20250572/TabPFN-TS_for_Bike_Demand_Forecasting/.venv/lib/python3.12/site-packages/wandb/sdk/lib/import_hooks.py", line 182, in _exec_module
    self.loader.exec_module(module)
  File "/home/20250572/TabPFN-TS_for_Bike_Demand_Forecasting/.venv/lib/python3.12/site-packages/pytorch_lightning/__init__.py", line 35, in <module>
    from pytorch_lightning.callbacks import Callback  # noqa: E402
    ^^^^^^^^^^^^^^^^^^^^^^^^^^^^^^^^^^^^^^^^^^^^^^^^
  File "/home/20250572/TabPFN-TS_for_Bike_Demand_Forecasting/.venv/lib/python3.12/site-packages/pytorch_lightning/callbacks/__init__.py", line 28, in <module>
    from pytorch_lightning.callbacks.pruning import ModelPruning
  File "/home/20250572/TabPFN-TS_for_Bike_Demand_Forecasting/.venv/lib/python3.12/site-packages/pytorch_lightning/callbacks/pruning.py", line 31, in <module>
    from pytorch_lightning.core.module import LightningModule
  File "/home/20250572/TabPFN-TS_for_Bike_Demand_Forecasting/.venv/lib/python3.12/site-packages/pytorch_lightning/core/__init__.py", line 16, in <module>
    from pytorch_lightning.core.module import LightningModule
  File "/home/20250572/TabPFN-TS_for_Bike_Demand_Forecasting/.venv/lib/python3.12/site-packages/pytorch_lightning/core/module.py", line 32, in <module>
    import lightning_fabric as lf
  File "/home/20250572/TabPFN-TS_for_Bike_Demand_Forecasting/.venv/lib/python3.12/site-packages/wandb/sdk/lib/import_hooks.py", line 182, in _exec_module
    self.loader.exec_module(module)
  File "/home/20250572/TabPFN-TS_for_Bike_Demand_Forecasting/.venv/lib/python3.12/site-packages/lightning_fabric/__init__.py", line 29, in <module>
    __import__("pkg_resources").declare_namespace(__name__)
    ^^^^^^^^^^^^^^^^^^^^^^^^^^^
ModuleNotFoundError: No module named 'pkg_resources'

================================================================================
[2026-03-17 18:41:16] ERROR: Error in NeuralProphet_NoWeather h=6 fold=4: No module named 'pkg_resources'
================================================================================
Traceback (most recent call last):
  File "/home/20250572/TabPFN-TS_for_Bike_Demand_Forecasting/forecasting/run_experiments.py", line 184, in run_single_experiment
    model.fit(y_train, X_train)
  File "/home/20250572/TabPFN-TS_for_Bike_Demand_Forecasting/forecasting/models/prophet_models.py", line 231, in fit
    from neuralprophet import NeuralProphet
  File "/home/20250572/TabPFN-TS_for_Bike_Demand_Forecasting/.venv/lib/python3.12/site-packages/neuralprophet/__init__.py", line 4, in <module>
    import pytorch_lightning as pl
  File "/home/20250572/TabPFN-TS_for_Bike_Demand_Forecasting/.venv/lib/python3.12/site-packages/wandb/sdk/lib/import_hooks.py", line 182, in _exec_module
    self.loader.exec_module(module)
  File "/home/20250572/TabPFN-TS_for_Bike_Demand_Forecasting/.venv/lib/python3.12/site-packages/pytorch_lightning/__init__.py", line 35, in <module>
    from pytorch_lightning.callbacks import Callback  # noqa: E402
    ^^^^^^^^^^^^^^^^^^^^^^^^^^^^^^^^^^^^^^^^^^^^^^^^
  File "/home/20250572/TabPFN-TS_for_Bike_Demand_Forecasting/.venv/lib/python3.12/site-packages/pytorch_lightning/callbacks/__init__.py", line 28, in <module>
    from pytorch_lightning.callbacks.pruning import ModelPruning
  File "/home/20250572/TabPFN-TS_for_Bike_Demand_Forecasting/.venv/lib/python3.12/site-packages/pytorch_lightning/callbacks/pruning.py", line 31, in <module>
    from pytorch_lightning.core.module import LightningModule
  File "/home/20250572/TabPFN-TS_for_Bike_Demand_Forecasting/.venv/lib/python3.12/site-packages/pytorch_lightning/core/__init__.py", line 16, in <module>
    from pytorch_lightning.core.module import LightningModule
  File "/home/20250572/TabPFN-TS_for_Bike_Demand_Forecasting/.venv/lib/python3.12/site-packages/pytorch_lightning/core/module.py", line 32, in <module>
    import lightning_fabric as lf
  File "/home/20250572/TabPFN-TS_for_Bike_Demand_Forecasting/.venv/lib/python3.12/site-packages/wandb/sdk/lib/import_hooks.py", line 182, in _exec_module
    self.loader.exec_module(module)
  File "/home/20250572/TabPFN-TS_for_Bike_Demand_Forecasting/.venv/lib/python3.12/site-packages/lightning_fabric/__init__.py", line 29, in <module>
    __import__("pkg_resources").declare_namespace(__name__)
    ^^^^^^^^^^^^^^^^^^^^^^^^^^^
ModuleNotFoundError: No module named 'pkg_resources'

================================================================================
[2026-03-17 18:41:16] ERROR: Error in NeuralProphet_NoWeather h=6 fold=5: No module named 'pkg_resources'
================================================================================
Traceback (most recent call last):
  File "/home/20250572/TabPFN-TS_for_Bike_Demand_Forecasting/forecasting/run_experiments.py", line 184, in run_single_experiment
    model.fit(y_train, X_train)
  File "/home/20250572/TabPFN-TS_for_Bike_Demand_Forecasting/forecasting/models/prophet_models.py", line 231, in fit
    from neuralprophet import NeuralProphet
  File "/home/20250572/TabPFN-TS_for_Bike_Demand_Forecasting/.venv/lib/python3.12/site-packages/neuralprophet/__init__.py", line 4, in <module>
    import pytorch_lightning as pl
  File "/home/20250572/TabPFN-TS_for_Bike_Demand_Forecasting/.venv/lib/python3.12/site-packages/wandb/sdk/lib/import_hooks.py", line 182, in _exec_module
    self.loader.exec_module(module)
  File "/home/20250572/TabPFN-TS_for_Bike_Demand_Forecasting/.venv/lib/python3.12/site-packages/pytorch_lightning/__init__.py", line 35, in <module>
    from pytorch_lightning.callbacks import Callback  # noqa: E402
    ^^^^^^^^^^^^^^^^^^^^^^^^^^^^^^^^^^^^^^^^^^^^^^^^
  File "/home/20250572/TabPFN-TS_for_Bike_Demand_Forecasting/.venv/lib/python3.12/site-packages/pytorch_lightning/callbacks/__init__.py", line 28, in <module>
    from pytorch_lightning.callbacks.pruning import ModelPruning
  File "/home/20250572/TabPFN-TS_for_Bike_Demand_Forecasting/.venv/lib/python3.12/site-packages/pytorch_lightning/callbacks/pruning.py", line 31, in <module>
    from pytorch_lightning.core.module import LightningModule
  File "/home/20250572/TabPFN-TS_for_Bike_Demand_Forecasting/.venv/lib/python3.12/site-packages/pytorch_lightning/core/__init__.py", line 16, in <module>
    from pytorch_lightning.core.module import LightningModule
  File "/home/20250572/TabPFN-TS_for_Bike_Demand_Forecasting/.venv/lib/python3.12/site-packages/pytorch_lightning/core/module.py", line 32, in <module>
    import lightning_fabric as lf
  File "/home/20250572/TabPFN-TS_for_Bike_Demand_Forecasting/.venv/lib/python3.12/site-packages/wandb/sdk/lib/import_hooks.py", line 182, in _exec_module
    self.loader.exec_module(module)
  File "/home/20250572/TabPFN-TS_for_Bike_Demand_Forecasting/.venv/lib/python3.12/site-packages/lightning_fabric/__init__.py", line 29, in <module>
    __import__("pkg_resources").declare_namespace(__name__)
    ^^^^^^^^^^^^^^^^^^^^^^^^^^^
ModuleNotFoundError: No module named 'pkg_resources'

================================================================================
[2026-03-17 18:41:16] ERROR: Error in NeuralProphet_NoWeather h=6 fold=6: No module named 'pkg_resources'
================================================================================
Traceback (most recent call last):
  File "/home/20250572/TabPFN-TS_for_Bike_Demand_Forecasting/forecasting/run_experiments.py", line 184, in run_single_experiment
    model.fit(y_train, X_train)
  File "/home/20250572/TabPFN-TS_for_Bike_Demand_Forecasting/forecasting/models/prophet_models.py", line 231, in fit
    from neuralprophet import NeuralProphet
  File "/home/20250572/TabPFN-TS_for_Bike_Demand_Forecasting/.venv/lib/python3.12/site-packages/neuralprophet/__init__.py", line 4, in <module>
    import pytorch_lightning as pl
  File "/home/20250572/TabPFN-TS_for_Bike_Demand_Forecasting/.venv/lib/python3.12/site-packages/wandb/sdk/lib/import_hooks.py", line 182, in _exec_module
    self.loader.exec_module(module)
  File "/home/20250572/TabPFN-TS_for_Bike_Demand_Forecasting/.venv/lib/python3.12/site-packages/pytorch_lightning/__init__.py", line 35, in <module>
    from pytorch_lightning.callbacks import Callback  # noqa: E402
    ^^^^^^^^^^^^^^^^^^^^^^^^^^^^^^^^^^^^^^^^^^^^^^^^
  File "/home/20250572/TabPFN-TS_for_Bike_Demand_Forecasting/.venv/lib/python3.12/site-packages/pytorch_lightning/callbacks/__init__.py", line 28, in <module>
    from pytorch_lightning.callbacks.pruning import ModelPruning
  File "/home/20250572/TabPFN-TS_for_Bike_Demand_Forecasting/.venv/lib/python3.12/site-packages/pytorch_lightning/callbacks/pruning.py", line 31, in <module>
    from pytorch_lightning.core.module import LightningModule
  File "/home/20250572/TabPFN-TS_for_Bike_Demand_Forecasting/.venv/lib/python3.12/site-packages/pytorch_lightning/core/__init__.py", line 16, in <module>
    from pytorch_lightning.core.module import LightningModule
  File "/home/20250572/TabPFN-TS_for_Bike_Demand_Forecasting/.venv/lib/python3.12/site-packages/pytorch_lightning/core/module.py", line 32, in <module>
    import lightning_fabric as lf
  File "/home/20250572/TabPFN-TS_for_Bike_Demand_Forecasting/.venv/lib/python3.12/site-packages/wandb/sdk/lib/import_hooks.py", line 182, in _exec_module
    self.loader.exec_module(module)
  File "/home/20250572/TabPFN-TS_for_Bike_Demand_Forecasting/.venv/lib/python3.12/site-packages/lightning_fabric/__init__.py", line 29, in <module>
    __import__("pkg_resources").declare_namespace(__name__)
    ^^^^^^^^^^^^^^^^^^^^^^^^^^^
ModuleNotFoundError: No module named 'pkg_resources'

================================================================================
[2026-03-17 18:41:16] ERROR: Error in NeuralProphet_NoWeather h=6 fold=7: No module named 'pkg_resources'
================================================================================
Traceback (most recent call last):
  File "/home/20250572/TabPFN-TS_for_Bike_Demand_Forecasting/forecasting/run_experiments.py", line 184, in run_single_experiment
    model.fit(y_train, X_train)
  File "/home/20250572/TabPFN-TS_for_Bike_Demand_Forecasting/forecasting/models/prophet_models.py", line 231, in fit
    from neuralprophet import NeuralProphet
  File "/home/20250572/TabPFN-TS_for_Bike_Demand_Forecasting/.venv/lib/python3.12/site-packages/neuralprophet/__init__.py", line 4, in <module>
    import pytorch_lightning as pl
  File "/home/20250572/TabPFN-TS_for_Bike_Demand_Forecasting/.venv/lib/python3.12/site-packages/wandb/sdk/lib/import_hooks.py", line 182, in _exec_module
    self.loader.exec_module(module)
  File "/home/20250572/TabPFN-TS_for_Bike_Demand_Forecasting/.venv/lib/python3.12/site-packages/pytorch_lightning/__init__.py", line 35, in <module>
    from pytorch_lightning.callbacks import Callback  # noqa: E402
    ^^^^^^^^^^^^^^^^^^^^^^^^^^^^^^^^^^^^^^^^^^^^^^^^
  File "/home/20250572/TabPFN-TS_for_Bike_Demand_Forecasting/.venv/lib/python3.12/site-packages/pytorch_lightning/callbacks/__init__.py", line 28, in <module>
    from pytorch_lightning.callbacks.pruning import ModelPruning
  File "/home/20250572/TabPFN-TS_for_Bike_Demand_Forecasting/.venv/lib/python3.12/site-packages/pytorch_lightning/callbacks/pruning.py", line 31, in <module>
    from pytorch_lightning.core.module import LightningModule
  File "/home/20250572/TabPFN-TS_for_Bike_Demand_Forecasting/.venv/lib/python3.12/site-packages/pytorch_lightning/core/__init__.py", line 16, in <module>
    from pytorch_lightning.core.module import LightningModule
  File "/home/20250572/TabPFN-TS_for_Bike_Demand_Forecasting/.venv/lib/python3.12/site-packages/pytorch_lightning/core/module.py", line 32, in <module>
    import lightning_fabric as lf
  File "/home/20250572/TabPFN-TS_for_Bike_Demand_Forecasting/.venv/lib/python3.12/site-packages/wandb/sdk/lib/import_hooks.py", line 182, in _exec_module
    self.loader.exec_module(module)
  File "/home/20250572/TabPFN-TS_for_Bike_Demand_Forecasting/.venv/lib/python3.12/site-packages/lightning_fabric/__init__.py", line 29, in <module>
    __import__("pkg_resources").declare_namespace(__name__)
    ^^^^^^^^^^^^^^^^^^^^^^^^^^^
ModuleNotFoundError: No module named 'pkg_resources'

================================================================================
[2026-03-17 18:41:16] ERROR: Error in NeuralProphet_NoWeather h=6 fold=8: No module named 'pkg_resources'
================================================================================
Traceback (most recent call last):
  File "/home/20250572/TabPFN-TS_for_Bike_Demand_Forecasting/forecasting/run_experiments.py", line 184, in run_single_experiment
    model.fit(y_train, X_train)
  File "/home/20250572/TabPFN-TS_for_Bike_Demand_Forecasting/forecasting/models/prophet_models.py", line 231, in fit
    from neuralprophet import NeuralProphet
  File "/home/20250572/TabPFN-TS_for_Bike_Demand_Forecasting/.venv/lib/python3.12/site-packages/neuralprophet/__init__.py", line 4, in <module>
    import pytorch_lightning as pl
  File "/home/20250572/TabPFN-TS_for_Bike_Demand_Forecasting/.venv/lib/python3.12/site-packages/wandb/sdk/lib/import_hooks.py", line 182, in _exec_module
    self.loader.exec_module(module)
  File "/home/20250572/TabPFN-TS_for_Bike_Demand_Forecasting/.venv/lib/python3.12/site-packages/pytorch_lightning/__init__.py", line 35, in <module>
    from pytorch_lightning.callbacks import Callback  # noqa: E402
    ^^^^^^^^^^^^^^^^^^^^^^^^^^^^^^^^^^^^^^^^^^^^^^^^
  File "/home/20250572/TabPFN-TS_for_Bike_Demand_Forecasting/.venv/lib/python3.12/site-packages/pytorch_lightning/callbacks/__init__.py", line 28, in <module>
    from pytorch_lightning.callbacks.pruning import ModelPruning
  File "/home/20250572/TabPFN-TS_for_Bike_Demand_Forecasting/.venv/lib/python3.12/site-packages/pytorch_lightning/callbacks/pruning.py", line 31, in <module>
    from pytorch_lightning.core.module import LightningModule
  File "/home/20250572/TabPFN-TS_for_Bike_Demand_Forecasting/.venv/lib/python3.12/site-packages/pytorch_lightning/core/__init__.py", line 16, in <module>
    from pytorch_lightning.core.module import LightningModule
  File "/home/20250572/TabPFN-TS_for_Bike_Demand_Forecasting/.venv/lib/python3.12/site-packages/pytorch_lightning/core/module.py", line 32, in <module>
    import lightning_fabric as lf
  File "/home/20250572/TabPFN-TS_for_Bike_Demand_Forecasting/.venv/lib/python3.12/site-packages/wandb/sdk/lib/import_hooks.py", line 182, in _exec_module
    self.loader.exec_module(module)
  File "/home/20250572/TabPFN-TS_for_Bike_Demand_Forecasting/.venv/lib/python3.12/site-packages/lightning_fabric/__init__.py", line 29, in <module>
    __import__("pkg_resources").declare_namespace(__name__)
    ^^^^^^^^^^^^^^^^^^^^^^^^^^^
ModuleNotFoundError: No module named 'pkg_resources'

================================================================================
[2026-03-17 18:41:16] ERROR: Error in NeuralProphet_NoWeather h=6 fold=9: No module named 'pkg_resources'
================================================================================
Traceback (most recent call last):
  File "/home/20250572/TabPFN-TS_for_Bike_Demand_Forecasting/forecasting/run_experiments.py", line 184, in run_single_experiment
    model.fit(y_train, X_train)
  File "/home/20250572/TabPFN-TS_for_Bike_Demand_Forecasting/forecasting/models/prophet_models.py", line 231, in fit
    from neuralprophet import NeuralProphet
  File "/home/20250572/TabPFN-TS_for_Bike_Demand_Forecasting/.venv/lib/python3.12/site-packages/neuralprophet/__init__.py", line 4, in <module>
    import pytorch_lightning as pl
  File "/home/20250572/TabPFN-TS_for_Bike_Demand_Forecasting/.venv/lib/python3.12/site-packages/wandb/sdk/lib/import_hooks.py", line 182, in _exec_module
    self.loader.exec_module(module)
  File "/home/20250572/TabPFN-TS_for_Bike_Demand_Forecasting/.venv/lib/python3.12/site-packages/pytorch_lightning/__init__.py", line 35, in <module>
    from pytorch_lightning.callbacks import Callback  # noqa: E402
    ^^^^^^^^^^^^^^^^^^^^^^^^^^^^^^^^^^^^^^^^^^^^^^^^
  File "/home/20250572/TabPFN-TS_for_Bike_Demand_Forecasting/.venv/lib/python3.12/site-packages/pytorch_lightning/callbacks/__init__.py", line 28, in <module>
    from pytorch_lightning.callbacks.pruning import ModelPruning
  File "/home/20250572/TabPFN-TS_for_Bike_Demand_Forecasting/.venv/lib/python3.12/site-packages/pytorch_lightning/callbacks/pruning.py", line 31, in <module>
    from pytorch_lightning.core.module import LightningModule
  File "/home/20250572/TabPFN-TS_for_Bike_Demand_Forecasting/.venv/lib/python3.12/site-packages/pytorch_lightning/core/__init__.py", line 16, in <module>
    from pytorch_lightning.core.module import LightningModule
  File "/home/20250572/TabPFN-TS_for_Bike_Demand_Forecasting/.venv/lib/python3.12/site-packages/pytorch_lightning/core/module.py", line 32, in <module>
    import lightning_fabric as lf
  File "/home/20250572/TabPFN-TS_for_Bike_Demand_Forecasting/.venv/lib/python3.12/site-packages/wandb/sdk/lib/import_hooks.py", line 182, in _exec_module
    self.loader.exec_module(module)
  File "/home/20250572/TabPFN-TS_for_Bike_Demand_Forecasting/.venv/lib/python3.12/site-packages/lightning_fabric/__init__.py", line 29, in <module>
    __import__("pkg_resources").declare_namespace(__name__)
    ^^^^^^^^^^^^^^^^^^^^^^^^^^^
ModuleNotFoundError: No module named 'pkg_resources'

================================================================================
[2026-03-17 18:41:16] ERROR: Error in NeuralProphet_NoWeather h=6 fold=10: No module named 'pkg_resources'
================================================================================
Traceback (most recent call last):
  File "/home/20250572/TabPFN-TS_for_Bike_Demand_Forecasting/forecasting/run_experiments.py", line 184, in run_single_experiment
    model.fit(y_train, X_train)
  File "/home/20250572/TabPFN-TS_for_Bike_Demand_Forecasting/forecasting/models/prophet_models.py", line 231, in fit
    from neuralprophet import NeuralProphet
  File "/home/20250572/TabPFN-TS_for_Bike_Demand_Forecasting/.venv/lib/python3.12/site-packages/neuralprophet/__init__.py", line 4, in <module>
    import pytorch_lightning as pl
  File "/home/20250572/TabPFN-TS_for_Bike_Demand_Forecasting/.venv/lib/python3.12/site-packages/wandb/sdk/lib/import_hooks.py", line 182, in _exec_module
    self.loader.exec_module(module)
  File "/home/20250572/TabPFN-TS_for_Bike_Demand_Forecasting/.venv/lib/python3.12/site-packages/pytorch_lightning/__init__.py", line 35, in <module>
    from pytorch_lightning.callbacks import Callback  # noqa: E402
    ^^^^^^^^^^^^^^^^^^^^^^^^^^^^^^^^^^^^^^^^^^^^^^^^
  File "/home/20250572/TabPFN-TS_for_Bike_Demand_Forecasting/.venv/lib/python3.12/site-packages/pytorch_lightning/callbacks/__init__.py", line 28, in <module>
    from pytorch_lightning.callbacks.pruning import ModelPruning
  File "/home/20250572/TabPFN-TS_for_Bike_Demand_Forecasting/.venv/lib/python3.12/site-packages/pytorch_lightning/callbacks/pruning.py", line 31, in <module>
    from pytorch_lightning.core.module import LightningModule
  File "/home/20250572/TabPFN-TS_for_Bike_Demand_Forecasting/.venv/lib/python3.12/site-packages/pytorch_lightning/core/__init__.py", line 16, in <module>
    from pytorch_lightning.core.module import LightningModule
  File "/home/20250572/TabPFN-TS_for_Bike_Demand_Forecasting/.venv/lib/python3.12/site-packages/pytorch_lightning/core/module.py", line 32, in <module>
    import lightning_fabric as lf
  File "/home/20250572/TabPFN-TS_for_Bike_Demand_Forecasting/.venv/lib/python3.12/site-packages/wandb/sdk/lib/import_hooks.py", line 182, in _exec_module
    self.loader.exec_module(module)
  File "/home/20250572/TabPFN-TS_for_Bike_Demand_Forecasting/.venv/lib/python3.12/site-packages/lightning_fabric/__init__.py", line 29, in <module>
    __import__("pkg_resources").declare_namespace(__name__)
    ^^^^^^^^^^^^^^^^^^^^^^^^^^^
ModuleNotFoundError: No module named 'pkg_resources'

================================================================================
[2026-03-17 18:41:16] ERROR: Error in NeuralProphet_NoWeather h=6 fold=11: No module named 'pkg_resources'
================================================================================
Traceback (most recent call last):
  File "/home/20250572/TabPFN-TS_for_Bike_Demand_Forecasting/forecasting/run_experiments.py", line 184, in run_single_experiment
    model.fit(y_train, X_train)
  File "/home/20250572/TabPFN-TS_for_Bike_Demand_Forecasting/forecasting/models/prophet_models.py", line 231, in fit
    from neuralprophet import NeuralProphet
  File "/home/20250572/TabPFN-TS_for_Bike_Demand_Forecasting/.venv/lib/python3.12/site-packages/neuralprophet/__init__.py", line 4, in <module>
    import pytorch_lightning as pl
  File "/home/20250572/TabPFN-TS_for_Bike_Demand_Forecasting/.venv/lib/python3.12/site-packages/wandb/sdk/lib/import_hooks.py", line 182, in _exec_module
    self.loader.exec_module(module)
  File "/home/20250572/TabPFN-TS_for_Bike_Demand_Forecasting/.venv/lib/python3.12/site-packages/pytorch_lightning/__init__.py", line 35, in <module>
    from pytorch_lightning.callbacks import Callback  # noqa: E402
    ^^^^^^^^^^^^^^^^^^^^^^^^^^^^^^^^^^^^^^^^^^^^^^^^
  File "/home/20250572/TabPFN-TS_for_Bike_Demand_Forecasting/.venv/lib/python3.12/site-packages/pytorch_lightning/callbacks/__init__.py", line 28, in <module>
    from pytorch_lightning.callbacks.pruning import ModelPruning
  File "/home/20250572/TabPFN-TS_for_Bike_Demand_Forecasting/.venv/lib/python3.12/site-packages/pytorch_lightning/callbacks/pruning.py", line 31, in <module>
    from pytorch_lightning.core.module import LightningModule
  File "/home/20250572/TabPFN-TS_for_Bike_Demand_Forecasting/.venv/lib/python3.12/site-packages/pytorch_lightning/core/__init__.py", line 16, in <module>
    from pytorch_lightning.core.module import LightningModule
  File "/home/20250572/TabPFN-TS_for_Bike_Demand_Forecasting/.venv/lib/python3.12/site-packages/pytorch_lightning/core/module.py", line 32, in <module>
    import lightning_fabric as lf
  File "/home/20250572/TabPFN-TS_for_Bike_Demand_Forecasting/.venv/lib/python3.12/site-packages/wandb/sdk/lib/import_hooks.py", line 182, in _exec_module
    self.loader.exec_module(module)
  File "/home/20250572/TabPFN-TS_for_Bike_Demand_Forecasting/.venv/lib/python3.12/site-packages/lightning_fabric/__init__.py", line 29, in <module>
    __import__("pkg_resources").declare_namespace(__name__)
    ^^^^^^^^^^^^^^^^^^^^^^^^^^^
ModuleNotFoundError: No module named 'pkg_resources'

================================================================================
[2026-03-17 18:41:16] ERROR: Error in NeuralProphet_NoWeather h=6 fold=12: No module named 'pkg_resources'
================================================================================
Traceback (most recent call last):
  File "/home/20250572/TabPFN-TS_for_Bike_Demand_Forecasting/forecasting/run_experiments.py", line 184, in run_single_experiment
    model.fit(y_train, X_train)
  File "/home/20250572/TabPFN-TS_for_Bike_Demand_Forecasting/forecasting/models/prophet_models.py", line 231, in fit
    from neuralprophet import NeuralProphet
  File "/home/20250572/TabPFN-TS_for_Bike_Demand_Forecasting/.venv/lib/python3.12/site-packages/neuralprophet/__init__.py", line 4, in <module>
    import pytorch_lightning as pl
  File "/home/20250572/TabPFN-TS_for_Bike_Demand_Forecasting/.venv/lib/python3.12/site-packages/wandb/sdk/lib/import_hooks.py", line 182, in _exec_module
    self.loader.exec_module(module)
  File "/home/20250572/TabPFN-TS_for_Bike_Demand_Forecasting/.venv/lib/python3.12/site-packages/pytorch_lightning/__init__.py", line 35, in <module>
    from pytorch_lightning.callbacks import Callback  # noqa: E402
    ^^^^^^^^^^^^^^^^^^^^^^^^^^^^^^^^^^^^^^^^^^^^^^^^
  File "/home/20250572/TabPFN-TS_for_Bike_Demand_Forecasting/.venv/lib/python3.12/site-packages/pytorch_lightning/callbacks/__init__.py", line 28, in <module>
    from pytorch_lightning.callbacks.pruning import ModelPruning
  File "/home/20250572/TabPFN-TS_for_Bike_Demand_Forecasting/.venv/lib/python3.12/site-packages/pytorch_lightning/callbacks/pruning.py", line 31, in <module>
    from pytorch_lightning.core.module import LightningModule
  File "/home/20250572/TabPFN-TS_for_Bike_Demand_Forecasting/.venv/lib/python3.12/site-packages/pytorch_lightning/core/__init__.py", line 16, in <module>
    from pytorch_lightning.core.module import LightningModule
  File "/home/20250572/TabPFN-TS_for_Bike_Demand_Forecasting/.venv/lib/python3.12/site-packages/pytorch_lightning/core/module.py", line 32, in <module>
    import lightning_fabric as lf
  File "/home/20250572/TabPFN-TS_for_Bike_Demand_Forecasting/.venv/lib/python3.12/site-packages/wandb/sdk/lib/import_hooks.py", line 182, in _exec_module
    self.loader.exec_module(module)
  File "/home/20250572/TabPFN-TS_for_Bike_Demand_Forecasting/.venv/lib/python3.12/site-packages/lightning_fabric/__init__.py", line 29, in <module>
    __import__("pkg_resources").declare_namespace(__name__)
    ^^^^^^^^^^^^^^^^^^^^^^^^^^^
ModuleNotFoundError: No module named 'pkg_resources'

================================================================================
[2026-03-17 18:41:16] ERROR: Error in NeuralProphet_NoWeather h=6 fold=13: No module named 'pkg_resources'
================================================================================
Traceback (most recent call last):
  File "/home/20250572/TabPFN-TS_for_Bike_Demand_Forecasting/forecasting/run_experiments.py", line 184, in run_single_experiment
    model.fit(y_train, X_train)
  File "/home/20250572/TabPFN-TS_for_Bike_Demand_Forecasting/forecasting/models/prophet_models.py", line 231, in fit
    from neuralprophet import NeuralProphet
  File "/home/20250572/TabPFN-TS_for_Bike_Demand_Forecasting/.venv/lib/python3.12/site-packages/neuralprophet/__init__.py", line 4, in <module>
    import pytorch_lightning as pl
  File "/home/20250572/TabPFN-TS_for_Bike_Demand_Forecasting/.venv/lib/python3.12/site-packages/wandb/sdk/lib/import_hooks.py", line 182, in _exec_module
    self.loader.exec_module(module)
  File "/home/20250572/TabPFN-TS_for_Bike_Demand_Forecasting/.venv/lib/python3.12/site-packages/pytorch_lightning/__init__.py", line 35, in <module>
    from pytorch_lightning.callbacks import Callback  # noqa: E402
    ^^^^^^^^^^^^^^^^^^^^^^^^^^^^^^^^^^^^^^^^^^^^^^^^
  File "/home/20250572/TabPFN-TS_for_Bike_Demand_Forecasting/.venv/lib/python3.12/site-packages/pytorch_lightning/callbacks/__init__.py", line 28, in <module>
    from pytorch_lightning.callbacks.pruning import ModelPruning
  File "/home/20250572/TabPFN-TS_for_Bike_Demand_Forecasting/.venv/lib/python3.12/site-packages/pytorch_lightning/callbacks/pruning.py", line 31, in <module>
    from pytorch_lightning.core.module import LightningModule
  File "/home/20250572/TabPFN-TS_for_Bike_Demand_Forecasting/.venv/lib/python3.12/site-packages/pytorch_lightning/core/__init__.py", line 16, in <module>
    from pytorch_lightning.core.module import LightningModule
  File "/home/20250572/TabPFN-TS_for_Bike_Demand_Forecasting/.venv/lib/python3.12/site-packages/pytorch_lightning/core/module.py", line 32, in <module>
    import lightning_fabric as lf
  File "/home/20250572/TabPFN-TS_for_Bike_Demand_Forecasting/.venv/lib/python3.12/site-packages/wandb/sdk/lib/import_hooks.py", line 182, in _exec_module
    self.loader.exec_module(module)
  File "/home/20250572/TabPFN-TS_for_Bike_Demand_Forecasting/.venv/lib/python3.12/site-packages/lightning_fabric/__init__.py", line 29, in <module>
    __import__("pkg_resources").declare_namespace(__name__)
    ^^^^^^^^^^^^^^^^^^^^^^^^^^^
ModuleNotFoundError: No module named 'pkg_resources'

================================================================================
[2026-03-17 18:41:16] ERROR: Error in NeuralProphet_NoWeather h=6 fold=14: No module named 'pkg_resources'
================================================================================
Traceback (most recent call last):
  File "/home/20250572/TabPFN-TS_for_Bike_Demand_Forecasting/forecasting/run_experiments.py", line 184, in run_single_experiment
    model.fit(y_train, X_train)
  File "/home/20250572/TabPFN-TS_for_Bike_Demand_Forecasting/forecasting/models/prophet_models.py", line 231, in fit
    from neuralprophet import NeuralProphet
  File "/home/20250572/TabPFN-TS_for_Bike_Demand_Forecasting/.venv/lib/python3.12/site-packages/neuralprophet/__init__.py", line 4, in <module>
    import pytorch_lightning as pl
  File "/home/20250572/TabPFN-TS_for_Bike_Demand_Forecasting/.venv/lib/python3.12/site-packages/wandb/sdk/lib/import_hooks.py", line 182, in _exec_module
    self.loader.exec_module(module)
  File "/home/20250572/TabPFN-TS_for_Bike_Demand_Forecasting/.venv/lib/python3.12/site-packages/pytorch_lightning/__init__.py", line 35, in <module>
    from pytorch_lightning.callbacks import Callback  # noqa: E402
    ^^^^^^^^^^^^^^^^^^^^^^^^^^^^^^^^^^^^^^^^^^^^^^^^
  File "/home/20250572/TabPFN-TS_for_Bike_Demand_Forecasting/.venv/lib/python3.12/site-packages/pytorch_lightning/callbacks/__init__.py", line 28, in <module>
    from pytorch_lightning.callbacks.pruning import ModelPruning
  File "/home/20250572/TabPFN-TS_for_Bike_Demand_Forecasting/.venv/lib/python3.12/site-packages/pytorch_lightning/callbacks/pruning.py", line 31, in <module>
    from pytorch_lightning.core.module import LightningModule
  File "/home/20250572/TabPFN-TS_for_Bike_Demand_Forecasting/.venv/lib/python3.12/site-packages/pytorch_lightning/core/__init__.py", line 16, in <module>
    from pytorch_lightning.core.module import LightningModule
  File "/home/20250572/TabPFN-TS_for_Bike_Demand_Forecasting/.venv/lib/python3.12/site-packages/pytorch_lightning/core/module.py", line 32, in <module>
    import lightning_fabric as lf
  File "/home/20250572/TabPFN-TS_for_Bike_Demand_Forecasting/.venv/lib/python3.12/site-packages/wandb/sdk/lib/import_hooks.py", line 182, in _exec_module
    self.loader.exec_module(module)
  File "/home/20250572/TabPFN-TS_for_Bike_Demand_Forecasting/.venv/lib/python3.12/site-packages/lightning_fabric/__init__.py", line 29, in <module>
    __import__("pkg_resources").declare_namespace(__name__)
    ^^^^^^^^^^^^^^^^^^^^^^^^^^^
ModuleNotFoundError: No module named 'pkg_resources'

================================================================================
[2026-03-17 18:41:16] ERROR: Error in NeuralProphet_NoWeather h=6 fold=15: No module named 'pkg_resources'
================================================================================
Traceback (most recent call last):
  File "/home/20250572/TabPFN-TS_for_Bike_Demand_Forecasting/forecasting/run_experiments.py", line 184, in run_single_experiment
    model.fit(y_train, X_train)
  File "/home/20250572/TabPFN-TS_for_Bike_Demand_Forecasting/forecasting/models/prophet_models.py", line 231, in fit
    from neuralprophet import NeuralProphet
  File "/home/20250572/TabPFN-TS_for_Bike_Demand_Forecasting/.venv/lib/python3.12/site-packages/neuralprophet/__init__.py", line 4, in <module>
    import pytorch_lightning as pl
  File "/home/20250572/TabPFN-TS_for_Bike_Demand_Forecasting/.venv/lib/python3.12/site-packages/wandb/sdk/lib/import_hooks.py", line 182, in _exec_module
    self.loader.exec_module(module)
  File "/home/20250572/TabPFN-TS_for_Bike_Demand_Forecasting/.venv/lib/python3.12/site-packages/pytorch_lightning/__init__.py", line 35, in <module>
    from pytorch_lightning.callbacks import Callback  # noqa: E402
    ^^^^^^^^^^^^^^^^^^^^^^^^^^^^^^^^^^^^^^^^^^^^^^^^
  File "/home/20250572/TabPFN-TS_for_Bike_Demand_Forecasting/.venv/lib/python3.12/site-packages/pytorch_lightning/callbacks/__init__.py", line 28, in <module>
    from pytorch_lightning.callbacks.pruning import ModelPruning
  File "/home/20250572/TabPFN-TS_for_Bike_Demand_Forecasting/.venv/lib/python3.12/site-packages/pytorch_lightning/callbacks/pruning.py", line 31, in <module>
    from pytorch_lightning.core.module import LightningModule
  File "/home/20250572/TabPFN-TS_for_Bike_Demand_Forecasting/.venv/lib/python3.12/site-packages/pytorch_lightning/core/__init__.py", line 16, in <module>
    from pytorch_lightning.core.module import LightningModule
  File "/home/20250572/TabPFN-TS_for_Bike_Demand_Forecasting/.venv/lib/python3.12/site-packages/pytorch_lightning/core/module.py", line 32, in <module>
    import lightning_fabric as lf
  File "/home/20250572/TabPFN-TS_for_Bike_Demand_Forecasting/.venv/lib/python3.12/site-packages/wandb/sdk/lib/import_hooks.py", line 182, in _exec_module
    self.loader.exec_module(module)
  File "/home/20250572/TabPFN-TS_for_Bike_Demand_Forecasting/.venv/lib/python3.12/site-packages/lightning_fabric/__init__.py", line 29, in <module>
    __import__("pkg_resources").declare_namespace(__name__)
    ^^^^^^^^^^^^^^^^^^^^^^^^^^^
ModuleNotFoundError: No module named 'pkg_resources'

================================================================================
[2026-03-17 18:41:16] ERROR: Error in NeuralProphet_NoWeather h=6 fold=16: No module named 'pkg_resources'
================================================================================
Traceback (most recent call last):
  File "/home/20250572/TabPFN-TS_for_Bike_Demand_Forecasting/forecasting/run_experiments.py", line 184, in run_single_experiment
    model.fit(y_train, X_train)
  File "/home/20250572/TabPFN-TS_for_Bike_Demand_Forecasting/forecasting/models/prophet_models.py", line 231, in fit
    from neuralprophet import NeuralProphet
  File "/home/20250572/TabPFN-TS_for_Bike_Demand_Forecasting/.venv/lib/python3.12/site-packages/neuralprophet/__init__.py", line 4, in <module>
    import pytorch_lightning as pl
  File "/home/20250572/TabPFN-TS_for_Bike_Demand_Forecasting/.venv/lib/python3.12/site-packages/wandb/sdk/lib/import_hooks.py", line 182, in _exec_module
    self.loader.exec_module(module)
  File "/home/20250572/TabPFN-TS_for_Bike_Demand_Forecasting/.venv/lib/python3.12/site-packages/pytorch_lightning/__init__.py", line 35, in <module>
    from pytorch_lightning.callbacks import Callback  # noqa: E402
    ^^^^^^^^^^^^^^^^^^^^^^^^^^^^^^^^^^^^^^^^^^^^^^^^
  File "/home/20250572/TabPFN-TS_for_Bike_Demand_Forecasting/.venv/lib/python3.12/site-packages/pytorch_lightning/callbacks/__init__.py", line 28, in <module>
    from pytorch_lightning.callbacks.pruning import ModelPruning
  File "/home/20250572/TabPFN-TS_for_Bike_Demand_Forecasting/.venv/lib/python3.12/site-packages/pytorch_lightning/callbacks/pruning.py", line 31, in <module>
    from pytorch_lightning.core.module import LightningModule
  File "/home/20250572/TabPFN-TS_for_Bike_Demand_Forecasting/.venv/lib/python3.12/site-packages/pytorch_lightning/core/__init__.py", line 16, in <module>
    from pytorch_lightning.core.module import LightningModule
  File "/home/20250572/TabPFN-TS_for_Bike_Demand_Forecasting/.venv/lib/python3.12/site-packages/pytorch_lightning/core/module.py", line 32, in <module>
    import lightning_fabric as lf
  File "/home/20250572/TabPFN-TS_for_Bike_Demand_Forecasting/.venv/lib/python3.12/site-packages/wandb/sdk/lib/import_hooks.py", line 182, in _exec_module
    self.loader.exec_module(module)
  File "/home/20250572/TabPFN-TS_for_Bike_Demand_Forecasting/.venv/lib/python3.12/site-packages/lightning_fabric/__init__.py", line 29, in <module>
    __import__("pkg_resources").declare_namespace(__name__)
    ^^^^^^^^^^^^^^^^^^^^^^^^^^^
ModuleNotFoundError: No module named 'pkg_resources'

================================================================================
[2026-03-17 18:41:16] ERROR: Error in NeuralProphet_NoWeather h=6 fold=17: No module named 'pkg_resources'
================================================================================
Traceback (most recent call last):
  File "/home/20250572/TabPFN-TS_for_Bike_Demand_Forecasting/forecasting/run_experiments.py", line 184, in run_single_experiment
    model.fit(y_train, X_train)
  File "/home/20250572/TabPFN-TS_for_Bike_Demand_Forecasting/forecasting/models/prophet_models.py", line 231, in fit
    from neuralprophet import NeuralProphet
  File "/home/20250572/TabPFN-TS_for_Bike_Demand_Forecasting/.venv/lib/python3.12/site-packages/neuralprophet/__init__.py", line 4, in <module>
    import pytorch_lightning as pl
  File "/home/20250572/TabPFN-TS_for_Bike_Demand_Forecasting/.venv/lib/python3.12/site-packages/wandb/sdk/lib/import_hooks.py", line 182, in _exec_module
    self.loader.exec_module(module)
  File "/home/20250572/TabPFN-TS_for_Bike_Demand_Forecasting/.venv/lib/python3.12/site-packages/pytorch_lightning/__init__.py", line 35, in <module>
    from pytorch_lightning.callbacks import Callback  # noqa: E402
    ^^^^^^^^^^^^^^^^^^^^^^^^^^^^^^^^^^^^^^^^^^^^^^^^
  File "/home/20250572/TabPFN-TS_for_Bike_Demand_Forecasting/.venv/lib/python3.12/site-packages/pytorch_lightning/callbacks/__init__.py", line 28, in <module>
    from pytorch_lightning.callbacks.pruning import ModelPruning
  File "/home/20250572/TabPFN-TS_for_Bike_Demand_Forecasting/.venv/lib/python3.12/site-packages/pytorch_lightning/callbacks/pruning.py", line 31, in <module>
    from pytorch_lightning.core.module import LightningModule
  File "/home/20250572/TabPFN-TS_for_Bike_Demand_Forecasting/.venv/lib/python3.12/site-packages/pytorch_lightning/core/__init__.py", line 16, in <module>
    from pytorch_lightning.core.module import LightningModule
  File "/home/20250572/TabPFN-TS_for_Bike_Demand_Forecasting/.venv/lib/python3.12/site-packages/pytorch_lightning/core/module.py", line 32, in <module>
    import lightning_fabric as lf
  File "/home/20250572/TabPFN-TS_for_Bike_Demand_Forecasting/.venv/lib/python3.12/site-packages/wandb/sdk/lib/import_hooks.py", line 182, in _exec_module
    self.loader.exec_module(module)
  File "/home/20250572/TabPFN-TS_for_Bike_Demand_Forecasting/.venv/lib/python3.12/site-packages/lightning_fabric/__init__.py", line 29, in <module>
    __import__("pkg_resources").declare_namespace(__name__)
    ^^^^^^^^^^^^^^^^^^^^^^^^^^^
ModuleNotFoundError: No module named 'pkg_resources'

================================================================================
[2026-03-17 18:41:16] ERROR: Error in NeuralProphet_NoWeather h=6 fold=18: No module named 'pkg_resources'
================================================================================
Traceback (most recent call last):
  File "/home/20250572/TabPFN-TS_for_Bike_Demand_Forecasting/forecasting/run_experiments.py", line 184, in run_single_experiment
    model.fit(y_train, X_train)
  File "/home/20250572/TabPFN-TS_for_Bike_Demand_Forecasting/forecasting/models/prophet_models.py", line 231, in fit
    from neuralprophet import NeuralProphet
  File "/home/20250572/TabPFN-TS_for_Bike_Demand_Forecasting/.venv/lib/python3.12/site-packages/neuralprophet/__init__.py", line 4, in <module>
    import pytorch_lightning as pl
  File "/home/20250572/TabPFN-TS_for_Bike_Demand_Forecasting/.venv/lib/python3.12/site-packages/wandb/sdk/lib/import_hooks.py", line 182, in _exec_module
    self.loader.exec_module(module)
  File "/home/20250572/TabPFN-TS_for_Bike_Demand_Forecasting/.venv/lib/python3.12/site-packages/pytorch_lightning/__init__.py", line 35, in <module>
    from pytorch_lightning.callbacks import Callback  # noqa: E402
    ^^^^^^^^^^^^^^^^^^^^^^^^^^^^^^^^^^^^^^^^^^^^^^^^
  File "/home/20250572/TabPFN-TS_for_Bike_Demand_Forecasting/.venv/lib/python3.12/site-packages/pytorch_lightning/callbacks/__init__.py", line 28, in <module>
    from pytorch_lightning.callbacks.pruning import ModelPruning
  File "/home/20250572/TabPFN-TS_for_Bike_Demand_Forecasting/.venv/lib/python3.12/site-packages/pytorch_lightning/callbacks/pruning.py", line 31, in <module>
    from pytorch_lightning.core.module import LightningModule
  File "/home/20250572/TabPFN-TS_for_Bike_Demand_Forecasting/.venv/lib/python3.12/site-packages/pytorch_lightning/core/__init__.py", line 16, in <module>
    from pytorch_lightning.core.module import LightningModule
  File "/home/20250572/TabPFN-TS_for_Bike_Demand_Forecasting/.venv/lib/python3.12/site-packages/pytorch_lightning/core/module.py", line 32, in <module>
    import lightning_fabric as lf
  File "/home/20250572/TabPFN-TS_for_Bike_Demand_Forecasting/.venv/lib/python3.12/site-packages/wandb/sdk/lib/import_hooks.py", line 182, in _exec_module
    self.loader.exec_module(module)
  File "/home/20250572/TabPFN-TS_for_Bike_Demand_Forecasting/.venv/lib/python3.12/site-packages/lightning_fabric/__init__.py", line 29, in <module>
    __import__("pkg_resources").declare_namespace(__name__)
    ^^^^^^^^^^^^^^^^^^^^^^^^^^^
ModuleNotFoundError: No module named 'pkg_resources'

================================================================================
[2026-03-17 18:41:16] ERROR: Error in NeuralProphet_NoWeather h=6 fold=19: No module named 'pkg_resources'
================================================================================
Traceback (most recent call last):
  File "/home/20250572/TabPFN-TS_for_Bike_Demand_Forecasting/forecasting/run_experiments.py", line 184, in run_single_experiment
    model.fit(y_train, X_train)
  File "/home/20250572/TabPFN-TS_for_Bike_Demand_Forecasting/forecasting/models/prophet_models.py", line 231, in fit
    from neuralprophet import NeuralProphet
  File "/home/20250572/TabPFN-TS_for_Bike_Demand_Forecasting/.venv/lib/python3.12/site-packages/neuralprophet/__init__.py", line 4, in <module>
    import pytorch_lightning as pl
  File "/home/20250572/TabPFN-TS_for_Bike_Demand_Forecasting/.venv/lib/python3.12/site-packages/wandb/sdk/lib/import_hooks.py", line 182, in _exec_module
    self.loader.exec_module(module)
  File "/home/20250572/TabPFN-TS_for_Bike_Demand_Forecasting/.venv/lib/python3.12/site-packages/pytorch_lightning/__init__.py", line 35, in <module>
    from pytorch_lightning.callbacks import Callback  # noqa: E402
    ^^^^^^^^^^^^^^^^^^^^^^^^^^^^^^^^^^^^^^^^^^^^^^^^
  File "/home/20250572/TabPFN-TS_for_Bike_Demand_Forecasting/.venv/lib/python3.12/site-packages/pytorch_lightning/callbacks/__init__.py", line 28, in <module>
    from pytorch_lightning.callbacks.pruning import ModelPruning
  File "/home/20250572/TabPFN-TS_for_Bike_Demand_Forecasting/.venv/lib/python3.12/site-packages/pytorch_lightning/callbacks/pruning.py", line 31, in <module>
    from pytorch_lightning.core.module import LightningModule
  File "/home/20250572/TabPFN-TS_for_Bike_Demand_Forecasting/.venv/lib/python3.12/site-packages/pytorch_lightning/core/__init__.py", line 16, in <module>
    from pytorch_lightning.core.module import LightningModule
  File "/home/20250572/TabPFN-TS_for_Bike_Demand_Forecasting/.venv/lib/python3.12/site-packages/pytorch_lightning/core/module.py", line 32, in <module>
    import lightning_fabric as lf
  File "/home/20250572/TabPFN-TS_for_Bike_Demand_Forecasting/.venv/lib/python3.12/site-packages/wandb/sdk/lib/import_hooks.py", line 182, in _exec_module
    self.loader.exec_module(module)
  File "/home/20250572/TabPFN-TS_for_Bike_Demand_Forecasting/.venv/lib/python3.12/site-packages/lightning_fabric/__init__.py", line 29, in <module>
    __import__("pkg_resources").declare_namespace(__name__)
    ^^^^^^^^^^^^^^^^^^^^^^^^^^^
ModuleNotFoundError: No module named 'pkg_resources'

================================================================================
[2026-03-17 18:41:16] ERROR: Error in NeuralProphet_NoWeather h=24 fold=0: No module named 'pkg_resources'
================================================================================
Traceback (most recent call last):
  File "/home/20250572/TabPFN-TS_for_Bike_Demand_Forecasting/forecasting/run_experiments.py", line 184, in run_single_experiment
    model.fit(y_train, X_train)
  File "/home/20250572/TabPFN-TS_for_Bike_Demand_Forecasting/forecasting/models/prophet_models.py", line 231, in fit
    from neuralprophet import NeuralProphet
  File "/home/20250572/TabPFN-TS_for_Bike_Demand_Forecasting/.venv/lib/python3.12/site-packages/neuralprophet/__init__.py", line 4, in <module>
    import pytorch_lightning as pl
  File "/home/20250572/TabPFN-TS_for_Bike_Demand_Forecasting/.venv/lib/python3.12/site-packages/wandb/sdk/lib/import_hooks.py", line 182, in _exec_module
    self.loader.exec_module(module)
  File "/home/20250572/TabPFN-TS_for_Bike_Demand_Forecasting/.venv/lib/python3.12/site-packages/pytorch_lightning/__init__.py", line 35, in <module>
    from pytorch_lightning.callbacks import Callback  # noqa: E402
    ^^^^^^^^^^^^^^^^^^^^^^^^^^^^^^^^^^^^^^^^^^^^^^^^
  File "/home/20250572/TabPFN-TS_for_Bike_Demand_Forecasting/.venv/lib/python3.12/site-packages/pytorch_lightning/callbacks/__init__.py", line 28, in <module>
    from pytorch_lightning.callbacks.pruning import ModelPruning
  File "/home/20250572/TabPFN-TS_for_Bike_Demand_Forecasting/.venv/lib/python3.12/site-packages/pytorch_lightning/callbacks/pruning.py", line 31, in <module>
    from pytorch_lightning.core.module import LightningModule
  File "/home/20250572/TabPFN-TS_for_Bike_Demand_Forecasting/.venv/lib/python3.12/site-packages/pytorch_lightning/core/__init__.py", line 16, in <module>
    from pytorch_lightning.core.module import LightningModule
  File "/home/20250572/TabPFN-TS_for_Bike_Demand_Forecasting/.venv/lib/python3.12/site-packages/pytorch_lightning/core/module.py", line 32, in <module>
    import lightning_fabric as lf
  File "/home/20250572/TabPFN-TS_for_Bike_Demand_Forecasting/.venv/lib/python3.12/site-packages/wandb/sdk/lib/import_hooks.py", line 182, in _exec_module
    self.loader.exec_module(module)
  File "/home/20250572/TabPFN-TS_for_Bike_Demand_Forecasting/.venv/lib/python3.12/site-packages/lightning_fabric/__init__.py", line 29, in <module>
    __import__("pkg_resources").declare_namespace(__name__)
    ^^^^^^^^^^^^^^^^^^^^^^^^^^^
ModuleNotFoundError: No module named 'pkg_resources'

================================================================================
[2026-03-17 18:41:16] ERROR: Error in NeuralProphet_NoWeather h=24 fold=1: No module named 'pkg_resources'
================================================================================
Traceback (most recent call last):
  File "/home/20250572/TabPFN-TS_for_Bike_Demand_Forecasting/forecasting/run_experiments.py", line 184, in run_single_experiment
    model.fit(y_train, X_train)
  File "/home/20250572/TabPFN-TS_for_Bike_Demand_Forecasting/forecasting/models/prophet_models.py", line 231, in fit
    from neuralprophet import NeuralProphet
  File "/home/20250572/TabPFN-TS_for_Bike_Demand_Forecasting/.venv/lib/python3.12/site-packages/neuralprophet/__init__.py", line 4, in <module>
    import pytorch_lightning as pl
  File "/home/20250572/TabPFN-TS_for_Bike_Demand_Forecasting/.venv/lib/python3.12/site-packages/wandb/sdk/lib/import_hooks.py", line 182, in _exec_module
    self.loader.exec_module(module)
  File "/home/20250572/TabPFN-TS_for_Bike_Demand_Forecasting/.venv/lib/python3.12/site-packages/pytorch_lightning/__init__.py", line 35, in <module>
    from pytorch_lightning.callbacks import Callback  # noqa: E402
    ^^^^^^^^^^^^^^^^^^^^^^^^^^^^^^^^^^^^^^^^^^^^^^^^
  File "/home/20250572/TabPFN-TS_for_Bike_Demand_Forecasting/.venv/lib/python3.12/site-packages/pytorch_lightning/callbacks/__init__.py", line 28, in <module>
    from pytorch_lightning.callbacks.pruning import ModelPruning
  File "/home/20250572/TabPFN-TS_for_Bike_Demand_Forecasting/.venv/lib/python3.12/site-packages/pytorch_lightning/callbacks/pruning.py", line 31, in <module>
    from pytorch_lightning.core.module import LightningModule
  File "/home/20250572/TabPFN-TS_for_Bike_Demand_Forecasting/.venv/lib/python3.12/site-packages/pytorch_lightning/core/__init__.py", line 16, in <module>
    from pytorch_lightning.core.module import LightningModule
  File "/home/20250572/TabPFN-TS_for_Bike_Demand_Forecasting/.venv/lib/python3.12/site-packages/pytorch_lightning/core/module.py", line 32, in <module>
    import lightning_fabric as lf
  File "/home/20250572/TabPFN-TS_for_Bike_Demand_Forecasting/.venv/lib/python3.12/site-packages/wandb/sdk/lib/import_hooks.py", line 182, in _exec_module
    self.loader.exec_module(module)
  File "/home/20250572/TabPFN-TS_for_Bike_Demand_Forecasting/.venv/lib/python3.12/site-packages/lightning_fabric/__init__.py", line 29, in <module>
    __import__("pkg_resources").declare_namespace(__name__)
    ^^^^^^^^^^^^^^^^^^^^^^^^^^^
ModuleNotFoundError: No module named 'pkg_resources'

================================================================================
[2026-03-17 18:41:16] ERROR: Error in NeuralProphet_NoWeather h=24 fold=2: No module named 'pkg_resources'
================================================================================
Traceback (most recent call last):
  File "/home/20250572/TabPFN-TS_for_Bike_Demand_Forecasting/forecasting/run_experiments.py", line 184, in run_single_experiment
    model.fit(y_train, X_train)
  File "/home/20250572/TabPFN-TS_for_Bike_Demand_Forecasting/forecasting/models/prophet_models.py", line 231, in fit
    from neuralprophet import NeuralProphet
  File "/home/20250572/TabPFN-TS_for_Bike_Demand_Forecasting/.venv/lib/python3.12/site-packages/neuralprophet/__init__.py", line 4, in <module>
    import pytorch_lightning as pl
  File "/home/20250572/TabPFN-TS_for_Bike_Demand_Forecasting/.venv/lib/python3.12/site-packages/wandb/sdk/lib/import_hooks.py", line 182, in _exec_module
    self.loader.exec_module(module)
  File "/home/20250572/TabPFN-TS_for_Bike_Demand_Forecasting/.venv/lib/python3.12/site-packages/pytorch_lightning/__init__.py", line 35, in <module>
    from pytorch_lightning.callbacks import Callback  # noqa: E402
    ^^^^^^^^^^^^^^^^^^^^^^^^^^^^^^^^^^^^^^^^^^^^^^^^
  File "/home/20250572/TabPFN-TS_for_Bike_Demand_Forecasting/.venv/lib/python3.12/site-packages/pytorch_lightning/callbacks/__init__.py", line 28, in <module>
    from pytorch_lightning.callbacks.pruning import ModelPruning
  File "/home/20250572/TabPFN-TS_for_Bike_Demand_Forecasting/.venv/lib/python3.12/site-packages/pytorch_lightning/callbacks/pruning.py", line 31, in <module>
    from pytorch_lightning.core.module import LightningModule
  File "/home/20250572/TabPFN-TS_for_Bike_Demand_Forecasting/.venv/lib/python3.12/site-packages/pytorch_lightning/core/__init__.py", line 16, in <module>
    from pytorch_lightning.core.module import LightningModule
  File "/home/20250572/TabPFN-TS_for_Bike_Demand_Forecasting/.venv/lib/python3.12/site-packages/pytorch_lightning/core/module.py", line 32, in <module>
    import lightning_fabric as lf
  File "/home/20250572/TabPFN-TS_for_Bike_Demand_Forecasting/.venv/lib/python3.12/site-packages/wandb/sdk/lib/import_hooks.py", line 182, in _exec_module
    self.loader.exec_module(module)
  File "/home/20250572/TabPFN-TS_for_Bike_Demand_Forecasting/.venv/lib/python3.12/site-packages/lightning_fabric/__init__.py", line 29, in <module>
    __import__("pkg_resources").declare_namespace(__name__)
    ^^^^^^^^^^^^^^^^^^^^^^^^^^^
ModuleNotFoundError: No module named 'pkg_resources'

================================================================================
[2026-03-17 18:41:16] ERROR: Error in NeuralProphet_NoWeather h=24 fold=3: No module named 'pkg_resources'
================================================================================
Traceback (most recent call last):
  File "/home/20250572/TabPFN-TS_for_Bike_Demand_Forecasting/forecasting/run_experiments.py", line 184, in run_single_experiment
    model.fit(y_train, X_train)
  File "/home/20250572/TabPFN-TS_for_Bike_Demand_Forecasting/forecasting/models/prophet_models.py", line 231, in fit
    from neuralprophet import NeuralProphet
  File "/home/20250572/TabPFN-TS_for_Bike_Demand_Forecasting/.venv/lib/python3.12/site-packages/neuralprophet/__init__.py", line 4, in <module>
    import pytorch_lightning as pl
  File "/home/20250572/TabPFN-TS_for_Bike_Demand_Forecasting/.venv/lib/python3.12/site-packages/wandb/sdk/lib/import_hooks.py", line 182, in _exec_module
    self.loader.exec_module(module)
  File "/home/20250572/TabPFN-TS_for_Bike_Demand_Forecasting/.venv/lib/python3.12/site-packages/pytorch_lightning/__init__.py", line 35, in <module>
    from pytorch_lightning.callbacks import Callback  # noqa: E402
    ^^^^^^^^^^^^^^^^^^^^^^^^^^^^^^^^^^^^^^^^^^^^^^^^
  File "/home/20250572/TabPFN-TS_for_Bike_Demand_Forecasting/.venv/lib/python3.12/site-packages/pytorch_lightning/callbacks/__init__.py", line 28, in <module>
    from pytorch_lightning.callbacks.pruning import ModelPruning
  File "/home/20250572/TabPFN-TS_for_Bike_Demand_Forecasting/.venv/lib/python3.12/site-packages/pytorch_lightning/callbacks/pruning.py", line 31, in <module>
    from pytorch_lightning.core.module import LightningModule
  File "/home/20250572/TabPFN-TS_for_Bike_Demand_Forecasting/.venv/lib/python3.12/site-packages/pytorch_lightning/core/__init__.py", line 16, in <module>
    from pytorch_lightning.core.module import LightningModule
  File "/home/20250572/TabPFN-TS_for_Bike_Demand_Forecasting/.venv/lib/python3.12/site-packages/pytorch_lightning/core/module.py", line 32, in <module>
    import lightning_fabric as lf
  File "/home/20250572/TabPFN-TS_for_Bike_Demand_Forecasting/.venv/lib/python3.12/site-packages/wandb/sdk/lib/import_hooks.py", line 182, in _exec_module
    self.loader.exec_module(module)
  File "/home/20250572/TabPFN-TS_for_Bike_Demand_Forecasting/.venv/lib/python3.12/site-packages/lightning_fabric/__init__.py", line 29, in <module>
    __import__("pkg_resources").declare_namespace(__name__)
    ^^^^^^^^^^^^^^^^^^^^^^^^^^^
ModuleNotFoundError: No module named 'pkg_resources'

================================================================================
[2026-03-17 18:41:16] ERROR: Error in NeuralProphet_NoWeather h=24 fold=4: No module named 'pkg_resources'
================================================================================
Traceback (most recent call last):
  File "/home/20250572/TabPFN-TS_for_Bike_Demand_Forecasting/forecasting/run_experiments.py", line 184, in run_single_experiment
    model.fit(y_train, X_train)
  File "/home/20250572/TabPFN-TS_for_Bike_Demand_Forecasting/forecasting/models/prophet_models.py", line 231, in fit
    from neuralprophet import NeuralProphet
  File "/home/20250572/TabPFN-TS_for_Bike_Demand_Forecasting/.venv/lib/python3.12/site-packages/neuralprophet/__init__.py", line 4, in <module>
    import pytorch_lightning as pl
  File "/home/20250572/TabPFN-TS_for_Bike_Demand_Forecasting/.venv/lib/python3.12/site-packages/wandb/sdk/lib/import_hooks.py", line 182, in _exec_module
    self.loader.exec_module(module)
  File "/home/20250572/TabPFN-TS_for_Bike_Demand_Forecasting/.venv/lib/python3.12/site-packages/pytorch_lightning/__init__.py", line 35, in <module>
    from pytorch_lightning.callbacks import Callback  # noqa: E402
    ^^^^^^^^^^^^^^^^^^^^^^^^^^^^^^^^^^^^^^^^^^^^^^^^
  File "/home/20250572/TabPFN-TS_for_Bike_Demand_Forecasting/.venv/lib/python3.12/site-packages/pytorch_lightning/callbacks/__init__.py", line 28, in <module>
    from pytorch_lightning.callbacks.pruning import ModelPruning
  File "/home/20250572/TabPFN-TS_for_Bike_Demand_Forecasting/.venv/lib/python3.12/site-packages/pytorch_lightning/callbacks/pruning.py", line 31, in <module>
    from pytorch_lightning.core.module import LightningModule
  File "/home/20250572/TabPFN-TS_for_Bike_Demand_Forecasting/.venv/lib/python3.12/site-packages/pytorch_lightning/core/__init__.py", line 16, in <module>
    from pytorch_lightning.core.module import LightningModule
  File "/home/20250572/TabPFN-TS_for_Bike_Demand_Forecasting/.venv/lib/python3.12/site-packages/pytorch_lightning/core/module.py", line 32, in <module>
    import lightning_fabric as lf
  File "/home/20250572/TabPFN-TS_for_Bike_Demand_Forecasting/.venv/lib/python3.12/site-packages/wandb/sdk/lib/import_hooks.py", line 182, in _exec_module
    self.loader.exec_module(module)
  File "/home/20250572/TabPFN-TS_for_Bike_Demand_Forecasting/.venv/lib/python3.12/site-packages/lightning_fabric/__init__.py", line 29, in <module>
    __import__("pkg_resources").declare_namespace(__name__)
    ^^^^^^^^^^^^^^^^^^^^^^^^^^^
ModuleNotFoundError: No module named 'pkg_resources'

================================================================================
[2026-03-17 18:41:16] ERROR: Error in NeuralProphet_NoWeather h=24 fold=5: No module named 'pkg_resources'
================================================================================
Traceback (most recent call last):
  File "/home/20250572/TabPFN-TS_for_Bike_Demand_Forecasting/forecasting/run_experiments.py", line 184, in run_single_experiment
    model.fit(y_train, X_train)
  File "/home/20250572/TabPFN-TS_for_Bike_Demand_Forecasting/forecasting/models/prophet_models.py", line 231, in fit
    from neuralprophet import NeuralProphet
  File "/home/20250572/TabPFN-TS_for_Bike_Demand_Forecasting/.venv/lib/python3.12/site-packages/neuralprophet/__init__.py", line 4, in <module>
    import pytorch_lightning as pl
  File "/home/20250572/TabPFN-TS_for_Bike_Demand_Forecasting/.venv/lib/python3.12/site-packages/wandb/sdk/lib/import_hooks.py", line 182, in _exec_module
    self.loader.exec_module(module)
  File "/home/20250572/TabPFN-TS_for_Bike_Demand_Forecasting/.venv/lib/python3.12/site-packages/pytorch_lightning/__init__.py", line 35, in <module>
    from pytorch_lightning.callbacks import Callback  # noqa: E402
    ^^^^^^^^^^^^^^^^^^^^^^^^^^^^^^^^^^^^^^^^^^^^^^^^
  File "/home/20250572/TabPFN-TS_for_Bike_Demand_Forecasting/.venv/lib/python3.12/site-packages/pytorch_lightning/callbacks/__init__.py", line 28, in <module>
    from pytorch_lightning.callbacks.pruning import ModelPruning
  File "/home/20250572/TabPFN-TS_for_Bike_Demand_Forecasting/.venv/lib/python3.12/site-packages/pytorch_lightning/callbacks/pruning.py", line 31, in <module>
    from pytorch_lightning.core.module import LightningModule
  File "/home/20250572/TabPFN-TS_for_Bike_Demand_Forecasting/.venv/lib/python3.12/site-packages/pytorch_lightning/core/__init__.py", line 16, in <module>
    from pytorch_lightning.core.module import LightningModule
  File "/home/20250572/TabPFN-TS_for_Bike_Demand_Forecasting/.venv/lib/python3.12/site-packages/pytorch_lightning/core/module.py", line 32, in <module>
    import lightning_fabric as lf
  File "/home/20250572/TabPFN-TS_for_Bike_Demand_Forecasting/.venv/lib/python3.12/site-packages/wandb/sdk/lib/import_hooks.py", line 182, in _exec_module
    self.loader.exec_module(module)
  File "/home/20250572/TabPFN-TS_for_Bike_Demand_Forecasting/.venv/lib/python3.12/site-packages/lightning_fabric/__init__.py", line 29, in <module>
    __import__("pkg_resources").declare_namespace(__name__)
    ^^^^^^^^^^^^^^^^^^^^^^^^^^^
ModuleNotFoundError: No module named 'pkg_resources'

================================================================================
[2026-03-17 18:41:16] ERROR: Error in NeuralProphet_NoWeather h=24 fold=6: No module named 'pkg_resources'
================================================================================
Traceback (most recent call last):
  File "/home/20250572/TabPFN-TS_for_Bike_Demand_Forecasting/forecasting/run_experiments.py", line 184, in run_single_experiment
    model.fit(y_train, X_train)
  File "/home/20250572/TabPFN-TS_for_Bike_Demand_Forecasting/forecasting/models/prophet_models.py", line 231, in fit
    from neuralprophet import NeuralProphet
  File "/home/20250572/TabPFN-TS_for_Bike_Demand_Forecasting/.venv/lib/python3.12/site-packages/neuralprophet/__init__.py", line 4, in <module>
    import pytorch_lightning as pl
  File "/home/20250572/TabPFN-TS_for_Bike_Demand_Forecasting/.venv/lib/python3.12/site-packages/wandb/sdk/lib/import_hooks.py", line 182, in _exec_module
    self.loader.exec_module(module)
  File "/home/20250572/TabPFN-TS_for_Bike_Demand_Forecasting/.venv/lib/python3.12/site-packages/pytorch_lightning/__init__.py", line 35, in <module>
    from pytorch_lightning.callbacks import Callback  # noqa: E402
    ^^^^^^^^^^^^^^^^^^^^^^^^^^^^^^^^^^^^^^^^^^^^^^^^
  File "/home/20250572/TabPFN-TS_for_Bike_Demand_Forecasting/.venv/lib/python3.12/site-packages/pytorch_lightning/callbacks/__init__.py", line 28, in <module>
    from pytorch_lightning.callbacks.pruning import ModelPruning
  File "/home/20250572/TabPFN-TS_for_Bike_Demand_Forecasting/.venv/lib/python3.12/site-packages/pytorch_lightning/callbacks/pruning.py", line 31, in <module>
    from pytorch_lightning.core.module import LightningModule
  File "/home/20250572/TabPFN-TS_for_Bike_Demand_Forecasting/.venv/lib/python3.12/site-packages/pytorch_lightning/core/__init__.py", line 16, in <module>
    from pytorch_lightning.core.module import LightningModule
  File "/home/20250572/TabPFN-TS_for_Bike_Demand_Forecasting/.venv/lib/python3.12/site-packages/pytorch_lightning/core/module.py", line 32, in <module>
    import lightning_fabric as lf
  File "/home/20250572/TabPFN-TS_for_Bike_Demand_Forecasting/.venv/lib/python3.12/site-packages/wandb/sdk/lib/import_hooks.py", line 182, in _exec_module
    self.loader.exec_module(module)
  File "/home/20250572/TabPFN-TS_for_Bike_Demand_Forecasting/.venv/lib/python3.12/site-packages/lightning_fabric/__init__.py", line 29, in <module>
    __import__("pkg_resources").declare_namespace(__name__)
    ^^^^^^^^^^^^^^^^^^^^^^^^^^^
ModuleNotFoundError: No module named 'pkg_resources'

================================================================================
[2026-03-17 18:41:16] ERROR: Error in NeuralProphet_NoWeather h=24 fold=7: No module named 'pkg_resources'
================================================================================
Traceback (most recent call last):
  File "/home/20250572/TabPFN-TS_for_Bike_Demand_Forecasting/forecasting/run_experiments.py", line 184, in run_single_experiment
    model.fit(y_train, X_train)
  File "/home/20250572/TabPFN-TS_for_Bike_Demand_Forecasting/forecasting/models/prophet_models.py", line 231, in fit
    from neuralprophet import NeuralProphet
  File "/home/20250572/TabPFN-TS_for_Bike_Demand_Forecasting/.venv/lib/python3.12/site-packages/neuralprophet/__init__.py", line 4, in <module>
    import pytorch_lightning as pl
  File "/home/20250572/TabPFN-TS_for_Bike_Demand_Forecasting/.venv/lib/python3.12/site-packages/wandb/sdk/lib/import_hooks.py", line 182, in _exec_module
    self.loader.exec_module(module)
  File "/home/20250572/TabPFN-TS_for_Bike_Demand_Forecasting/.venv/lib/python3.12/site-packages/pytorch_lightning/__init__.py", line 35, in <module>
    from pytorch_lightning.callbacks import Callback  # noqa: E402
    ^^^^^^^^^^^^^^^^^^^^^^^^^^^^^^^^^^^^^^^^^^^^^^^^
  File "/home/20250572/TabPFN-TS_for_Bike_Demand_Forecasting/.venv/lib/python3.12/site-packages/pytorch_lightning/callbacks/__init__.py", line 28, in <module>
    from pytorch_lightning.callbacks.pruning import ModelPruning
  File "/home/20250572/TabPFN-TS_for_Bike_Demand_Forecasting/.venv/lib/python3.12/site-packages/pytorch_lightning/callbacks/pruning.py", line 31, in <module>
    from pytorch_lightning.core.module import LightningModule
  File "/home/20250572/TabPFN-TS_for_Bike_Demand_Forecasting/.venv/lib/python3.12/site-packages/pytorch_lightning/core/__init__.py", line 16, in <module>
    from pytorch_lightning.core.module import LightningModule
  File "/home/20250572/TabPFN-TS_for_Bike_Demand_Forecasting/.venv/lib/python3.12/site-packages/pytorch_lightning/core/module.py", line 32, in <module>
    import lightning_fabric as lf
  File "/home/20250572/TabPFN-TS_for_Bike_Demand_Forecasting/.venv/lib/python3.12/site-packages/wandb/sdk/lib/import_hooks.py", line 182, in _exec_module
    self.loader.exec_module(module)
  File "/home/20250572/TabPFN-TS_for_Bike_Demand_Forecasting/.venv/lib/python3.12/site-packages/lightning_fabric/__init__.py", line 29, in <module>
    __import__("pkg_resources").declare_namespace(__name__)
    ^^^^^^^^^^^^^^^^^^^^^^^^^^^
ModuleNotFoundError: No module named 'pkg_resources'

================================================================================
[2026-03-17 18:41:16] ERROR: Error in NeuralProphet_NoWeather h=24 fold=8: No module named 'pkg_resources'
================================================================================
Traceback (most recent call last):
  File "/home/20250572/TabPFN-TS_for_Bike_Demand_Forecasting/forecasting/run_experiments.py", line 184, in run_single_experiment
    model.fit(y_train, X_train)
  File "/home/20250572/TabPFN-TS_for_Bike_Demand_Forecasting/forecasting/models/prophet_models.py", line 231, in fit
    from neuralprophet import NeuralProphet
  File "/home/20250572/TabPFN-TS_for_Bike_Demand_Forecasting/.venv/lib/python3.12/site-packages/neuralprophet/__init__.py", line 4, in <module>
    import pytorch_lightning as pl
  File "/home/20250572/TabPFN-TS_for_Bike_Demand_Forecasting/.venv/lib/python3.12/site-packages/wandb/sdk/lib/import_hooks.py", line 182, in _exec_module
    self.loader.exec_module(module)
  File "/home/20250572/TabPFN-TS_for_Bike_Demand_Forecasting/.venv/lib/python3.12/site-packages/pytorch_lightning/__init__.py", line 35, in <module>
    from pytorch_lightning.callbacks import Callback  # noqa: E402
    ^^^^^^^^^^^^^^^^^^^^^^^^^^^^^^^^^^^^^^^^^^^^^^^^
  File "/home/20250572/TabPFN-TS_for_Bike_Demand_Forecasting/.venv/lib/python3.12/site-packages/pytorch_lightning/callbacks/__init__.py", line 28, in <module>
    from pytorch_lightning.callbacks.pruning import ModelPruning
  File "/home/20250572/TabPFN-TS_for_Bike_Demand_Forecasting/.venv/lib/python3.12/site-packages/pytorch_lightning/callbacks/pruning.py", line 31, in <module>
    from pytorch_lightning.core.module import LightningModule
  File "/home/20250572/TabPFN-TS_for_Bike_Demand_Forecasting/.venv/lib/python3.12/site-packages/pytorch_lightning/core/__init__.py", line 16, in <module>
    from pytorch_lightning.core.module import LightningModule
  File "/home/20250572/TabPFN-TS_for_Bike_Demand_Forecasting/.venv/lib/python3.12/site-packages/pytorch_lightning/core/module.py", line 32, in <module>
    import lightning_fabric as lf
  File "/home/20250572/TabPFN-TS_for_Bike_Demand_Forecasting/.venv/lib/python3.12/site-packages/wandb/sdk/lib/import_hooks.py", line 182, in _exec_module
    self.loader.exec_module(module)
  File "/home/20250572/TabPFN-TS_for_Bike_Demand_Forecasting/.venv/lib/python3.12/site-packages/lightning_fabric/__init__.py", line 29, in <module>
    __import__("pkg_resources").declare_namespace(__name__)
    ^^^^^^^^^^^^^^^^^^^^^^^^^^^
ModuleNotFoundError: No module named 'pkg_resources'

================================================================================
[2026-03-17 18:41:16] ERROR: Error in NeuralProphet_NoWeather h=24 fold=9: No module named 'pkg_resources'
================================================================================
Traceback (most recent call last):
  File "/home/20250572/TabPFN-TS_for_Bike_Demand_Forecasting/forecasting/run_experiments.py", line 184, in run_single_experiment
    model.fit(y_train, X_train)
  File "/home/20250572/TabPFN-TS_for_Bike_Demand_Forecasting/forecasting/models/prophet_models.py", line 231, in fit
    from neuralprophet import NeuralProphet
  File "/home/20250572/TabPFN-TS_for_Bike_Demand_Forecasting/.venv/lib/python3.12/site-packages/neuralprophet/__init__.py", line 4, in <module>
    import pytorch_lightning as pl
  File "/home/20250572/TabPFN-TS_for_Bike_Demand_Forecasting/.venv/lib/python3.12/site-packages/wandb/sdk/lib/import_hooks.py", line 182, in _exec_module
    self.loader.exec_module(module)
  File "/home/20250572/TabPFN-TS_for_Bike_Demand_Forecasting/.venv/lib/python3.12/site-packages/pytorch_lightning/__init__.py", line 35, in <module>
    from pytorch_lightning.callbacks import Callback  # noqa: E402
    ^^^^^^^^^^^^^^^^^^^^^^^^^^^^^^^^^^^^^^^^^^^^^^^^
  File "/home/20250572/TabPFN-TS_for_Bike_Demand_Forecasting/.venv/lib/python3.12/site-packages/pytorch_lightning/callbacks/__init__.py", line 28, in <module>
    from pytorch_lightning.callbacks.pruning import ModelPruning
  File "/home/20250572/TabPFN-TS_for_Bike_Demand_Forecasting/.venv/lib/python3.12/site-packages/pytorch_lightning/callbacks/pruning.py", line 31, in <module>
    from pytorch_lightning.core.module import LightningModule
  File "/home/20250572/TabPFN-TS_for_Bike_Demand_Forecasting/.venv/lib/python3.12/site-packages/pytorch_lightning/core/__init__.py", line 16, in <module>
    from pytorch_lightning.core.module import LightningModule
  File "/home/20250572/TabPFN-TS_for_Bike_Demand_Forecasting/.venv/lib/python3.12/site-packages/pytorch_lightning/core/module.py", line 32, in <module>
    import lightning_fabric as lf
  File "/home/20250572/TabPFN-TS_for_Bike_Demand_Forecasting/.venv/lib/python3.12/site-packages/wandb/sdk/lib/import_hooks.py", line 182, in _exec_module
    self.loader.exec_module(module)
  File "/home/20250572/TabPFN-TS_for_Bike_Demand_Forecasting/.venv/lib/python3.12/site-packages/lightning_fabric/__init__.py", line 29, in <module>
    __import__("pkg_resources").declare_namespace(__name__)
    ^^^^^^^^^^^^^^^^^^^^^^^^^^^
ModuleNotFoundError: No module named 'pkg_resources'

================================================================================
[2026-03-17 18:41:16] ERROR: Error in NeuralProphet_NoWeather h=24 fold=10: No module named 'pkg_resources'
================================================================================
Traceback (most recent call last):
  File "/home/20250572/TabPFN-TS_for_Bike_Demand_Forecasting/forecasting/run_experiments.py", line 184, in run_single_experiment
    model.fit(y_train, X_train)
  File "/home/20250572/TabPFN-TS_for_Bike_Demand_Forecasting/forecasting/models/prophet_models.py", line 231, in fit
    from neuralprophet import NeuralProphet
  File "/home/20250572/TabPFN-TS_for_Bike_Demand_Forecasting/.venv/lib/python3.12/site-packages/neuralprophet/__init__.py", line 4, in <module>
    import pytorch_lightning as pl
  File "/home/20250572/TabPFN-TS_for_Bike_Demand_Forecasting/.venv/lib/python3.12/site-packages/wandb/sdk/lib/import_hooks.py", line 182, in _exec_module
    self.loader.exec_module(module)
  File "/home/20250572/TabPFN-TS_for_Bike_Demand_Forecasting/.venv/lib/python3.12/site-packages/pytorch_lightning/__init__.py", line 35, in <module>
    from pytorch_lightning.callbacks import Callback  # noqa: E402
    ^^^^^^^^^^^^^^^^^^^^^^^^^^^^^^^^^^^^^^^^^^^^^^^^
  File "/home/20250572/TabPFN-TS_for_Bike_Demand_Forecasting/.venv/lib/python3.12/site-packages/pytorch_lightning/callbacks/__init__.py", line 28, in <module>
    from pytorch_lightning.callbacks.pruning import ModelPruning
  File "/home/20250572/TabPFN-TS_for_Bike_Demand_Forecasting/.venv/lib/python3.12/site-packages/pytorch_lightning/callbacks/pruning.py", line 31, in <module>
    from pytorch_lightning.core.module import LightningModule
  File "/home/20250572/TabPFN-TS_for_Bike_Demand_Forecasting/.venv/lib/python3.12/site-packages/pytorch_lightning/core/__init__.py", line 16, in <module>
    from pytorch_lightning.core.module import LightningModule
  File "/home/20250572/TabPFN-TS_for_Bike_Demand_Forecasting/.venv/lib/python3.12/site-packages/pytorch_lightning/core/module.py", line 32, in <module>
    import lightning_fabric as lf
  File "/home/20250572/TabPFN-TS_for_Bike_Demand_Forecasting/.venv/lib/python3.12/site-packages/wandb/sdk/lib/import_hooks.py", line 182, in _exec_module
    self.loader.exec_module(module)
  File "/home/20250572/TabPFN-TS_for_Bike_Demand_Forecasting/.venv/lib/python3.12/site-packages/lightning_fabric/__init__.py", line 29, in <module>
    __import__("pkg_resources").declare_namespace(__name__)
    ^^^^^^^^^^^^^^^^^^^^^^^^^^^
ModuleNotFoundError: No module named 'pkg_resources'

================================================================================
[2026-03-17 18:41:16] ERROR: Error in NeuralProphet_NoWeather h=24 fold=11: No module named 'pkg_resources'
================================================================================
Traceback (most recent call last):
  File "/home/20250572/TabPFN-TS_for_Bike_Demand_Forecasting/forecasting/run_experiments.py", line 184, in run_single_experiment
    model.fit(y_train, X_train)
  File "/home/20250572/TabPFN-TS_for_Bike_Demand_Forecasting/forecasting/models/prophet_models.py", line 231, in fit
    from neuralprophet import NeuralProphet
  File "/home/20250572/TabPFN-TS_for_Bike_Demand_Forecasting/.venv/lib/python3.12/site-packages/neuralprophet/__init__.py", line 4, in <module>
    import pytorch_lightning as pl
  File "/home/20250572/TabPFN-TS_for_Bike_Demand_Forecasting/.venv/lib/python3.12/site-packages/wandb/sdk/lib/import_hooks.py", line 182, in _exec_module
    self.loader.exec_module(module)
  File "/home/20250572/TabPFN-TS_for_Bike_Demand_Forecasting/.venv/lib/python3.12/site-packages/pytorch_lightning/__init__.py", line 35, in <module>
    from pytorch_lightning.callbacks import Callback  # noqa: E402
    ^^^^^^^^^^^^^^^^^^^^^^^^^^^^^^^^^^^^^^^^^^^^^^^^
  File "/home/20250572/TabPFN-TS_for_Bike_Demand_Forecasting/.venv/lib/python3.12/site-packages/pytorch_lightning/callbacks/__init__.py", line 28, in <module>
    from pytorch_lightning.callbacks.pruning import ModelPruning
  File "/home/20250572/TabPFN-TS_for_Bike_Demand_Forecasting/.venv/lib/python3.12/site-packages/pytorch_lightning/callbacks/pruning.py", line 31, in <module>
    from pytorch_lightning.core.module import LightningModule
  File "/home/20250572/TabPFN-TS_for_Bike_Demand_Forecasting/.venv/lib/python3.12/site-packages/pytorch_lightning/core/__init__.py", line 16, in <module>
    from pytorch_lightning.core.module import LightningModule
  File "/home/20250572/TabPFN-TS_for_Bike_Demand_Forecasting/.venv/lib/python3.12/site-packages/pytorch_lightning/core/module.py", line 32, in <module>
    import lightning_fabric as lf
  File "/home/20250572/TabPFN-TS_for_Bike_Demand_Forecasting/.venv/lib/python3.12/site-packages/wandb/sdk/lib/import_hooks.py", line 182, in _exec_module
    self.loader.exec_module(module)
  File "/home/20250572/TabPFN-TS_for_Bike_Demand_Forecasting/.venv/lib/python3.12/site-packages/lightning_fabric/__init__.py", line 29, in <module>
    __import__("pkg_resources").declare_namespace(__name__)
    ^^^^^^^^^^^^^^^^^^^^^^^^^^^
ModuleNotFoundError: No module named 'pkg_resources'

================================================================================
[2026-03-17 18:41:16] ERROR: Error in NeuralProphet_NoWeather h=24 fold=12: No module named 'pkg_resources'
================================================================================
Traceback (most recent call last):
  File "/home/20250572/TabPFN-TS_for_Bike_Demand_Forecasting/forecasting/run_experiments.py", line 184, in run_single_experiment
    model.fit(y_train, X_train)
  File "/home/20250572/TabPFN-TS_for_Bike_Demand_Forecasting/forecasting/models/prophet_models.py", line 231, in fit
    from neuralprophet import NeuralProphet
  File "/home/20250572/TabPFN-TS_for_Bike_Demand_Forecasting/.venv/lib/python3.12/site-packages/neuralprophet/__init__.py", line 4, in <module>
    import pytorch_lightning as pl
  File "/home/20250572/TabPFN-TS_for_Bike_Demand_Forecasting/.venv/lib/python3.12/site-packages/wandb/sdk/lib/import_hooks.py", line 182, in _exec_module
    self.loader.exec_module(module)
  File "/home/20250572/TabPFN-TS_for_Bike_Demand_Forecasting/.venv/lib/python3.12/site-packages/pytorch_lightning/__init__.py", line 35, in <module>
    from pytorch_lightning.callbacks import Callback  # noqa: E402
    ^^^^^^^^^^^^^^^^^^^^^^^^^^^^^^^^^^^^^^^^^^^^^^^^
  File "/home/20250572/TabPFN-TS_for_Bike_Demand_Forecasting/.venv/lib/python3.12/site-packages/pytorch_lightning/callbacks/__init__.py", line 28, in <module>
    from pytorch_lightning.callbacks.pruning import ModelPruning
  File "/home/20250572/TabPFN-TS_for_Bike_Demand_Forecasting/.venv/lib/python3.12/site-packages/pytorch_lightning/callbacks/pruning.py", line 31, in <module>
    from pytorch_lightning.core.module import LightningModule
  File "/home/20250572/TabPFN-TS_for_Bike_Demand_Forecasting/.venv/lib/python3.12/site-packages/pytorch_lightning/core/__init__.py", line 16, in <module>
    from pytorch_lightning.core.module import LightningModule
  File "/home/20250572/TabPFN-TS_for_Bike_Demand_Forecasting/.venv/lib/python3.12/site-packages/pytorch_lightning/core/module.py", line 32, in <module>
    import lightning_fabric as lf
  File "/home/20250572/TabPFN-TS_for_Bike_Demand_Forecasting/.venv/lib/python3.12/site-packages/wandb/sdk/lib/import_hooks.py", line 182, in _exec_module
    self.loader.exec_module(module)
  File "/home/20250572/TabPFN-TS_for_Bike_Demand_Forecasting/.venv/lib/python3.12/site-packages/lightning_fabric/__init__.py", line 29, in <module>
    __import__("pkg_resources").declare_namespace(__name__)
    ^^^^^^^^^^^^^^^^^^^^^^^^^^^
ModuleNotFoundError: No module named 'pkg_resources'

================================================================================
[2026-03-17 18:41:16] ERROR: Error in NeuralProphet_NoWeather h=24 fold=13: No module named 'pkg_resources'
================================================================================
Traceback (most recent call last):
  File "/home/20250572/TabPFN-TS_for_Bike_Demand_Forecasting/forecasting/run_experiments.py", line 184, in run_single_experiment
    model.fit(y_train, X_train)
  File "/home/20250572/TabPFN-TS_for_Bike_Demand_Forecasting/forecasting/models/prophet_models.py", line 231, in fit
    from neuralprophet import NeuralProphet
  File "/home/20250572/TabPFN-TS_for_Bike_Demand_Forecasting/.venv/lib/python3.12/site-packages/neuralprophet/__init__.py", line 4, in <module>
    import pytorch_lightning as pl
  File "/home/20250572/TabPFN-TS_for_Bike_Demand_Forecasting/.venv/lib/python3.12/site-packages/wandb/sdk/lib/import_hooks.py", line 182, in _exec_module
    self.loader.exec_module(module)
  File "/home/20250572/TabPFN-TS_for_Bike_Demand_Forecasting/.venv/lib/python3.12/site-packages/pytorch_lightning/__init__.py", line 35, in <module>
    from pytorch_lightning.callbacks import Callback  # noqa: E402
    ^^^^^^^^^^^^^^^^^^^^^^^^^^^^^^^^^^^^^^^^^^^^^^^^
  File "/home/20250572/TabPFN-TS_for_Bike_Demand_Forecasting/.venv/lib/python3.12/site-packages/pytorch_lightning/callbacks/__init__.py", line 28, in <module>
    from pytorch_lightning.callbacks.pruning import ModelPruning
  File "/home/20250572/TabPFN-TS_for_Bike_Demand_Forecasting/.venv/lib/python3.12/site-packages/pytorch_lightning/callbacks/pruning.py", line 31, in <module>
    from pytorch_lightning.core.module import LightningModule
  File "/home/20250572/TabPFN-TS_for_Bike_Demand_Forecasting/.venv/lib/python3.12/site-packages/pytorch_lightning/core/__init__.py", line 16, in <module>
    from pytorch_lightning.core.module import LightningModule
  File "/home/20250572/TabPFN-TS_for_Bike_Demand_Forecasting/.venv/lib/python3.12/site-packages/pytorch_lightning/core/module.py", line 32, in <module>
    import lightning_fabric as lf
  File "/home/20250572/TabPFN-TS_for_Bike_Demand_Forecasting/.venv/lib/python3.12/site-packages/wandb/sdk/lib/import_hooks.py", line 182, in _exec_module
    self.loader.exec_module(module)
  File "/home/20250572/TabPFN-TS_for_Bike_Demand_Forecasting/.venv/lib/python3.12/site-packages/lightning_fabric/__init__.py", line 29, in <module>
    __import__("pkg_resources").declare_namespace(__name__)
    ^^^^^^^^^^^^^^^^^^^^^^^^^^^
ModuleNotFoundError: No module named 'pkg_resources'

================================================================================
[2026-03-17 18:41:16] ERROR: Error in NeuralProphet_NoWeather h=24 fold=14: No module named 'pkg_resources'
================================================================================
Traceback (most recent call last):
  File "/home/20250572/TabPFN-TS_for_Bike_Demand_Forecasting/forecasting/run_experiments.py", line 184, in run_single_experiment
    model.fit(y_train, X_train)
  File "/home/20250572/TabPFN-TS_for_Bike_Demand_Forecasting/forecasting/models/prophet_models.py", line 231, in fit
    from neuralprophet import NeuralProphet
  File "/home/20250572/TabPFN-TS_for_Bike_Demand_Forecasting/.venv/lib/python3.12/site-packages/neuralprophet/__init__.py", line 4, in <module>
    import pytorch_lightning as pl
  File "/home/20250572/TabPFN-TS_for_Bike_Demand_Forecasting/.venv/lib/python3.12/site-packages/wandb/sdk/lib/import_hooks.py", line 182, in _exec_module
    self.loader.exec_module(module)
  File "/home/20250572/TabPFN-TS_for_Bike_Demand_Forecasting/.venv/lib/python3.12/site-packages/pytorch_lightning/__init__.py", line 35, in <module>
    from pytorch_lightning.callbacks import Callback  # noqa: E402
    ^^^^^^^^^^^^^^^^^^^^^^^^^^^^^^^^^^^^^^^^^^^^^^^^
  File "/home/20250572/TabPFN-TS_for_Bike_Demand_Forecasting/.venv/lib/python3.12/site-packages/pytorch_lightning/callbacks/__init__.py", line 28, in <module>
    from pytorch_lightning.callbacks.pruning import ModelPruning
  File "/home/20250572/TabPFN-TS_for_Bike_Demand_Forecasting/.venv/lib/python3.12/site-packages/pytorch_lightning/callbacks/pruning.py", line 31, in <module>
    from pytorch_lightning.core.module import LightningModule
  File "/home/20250572/TabPFN-TS_for_Bike_Demand_Forecasting/.venv/lib/python3.12/site-packages/pytorch_lightning/core/__init__.py", line 16, in <module>
    from pytorch_lightning.core.module import LightningModule
  File "/home/20250572/TabPFN-TS_for_Bike_Demand_Forecasting/.venv/lib/python3.12/site-packages/pytorch_lightning/core/module.py", line 32, in <module>
    import lightning_fabric as lf
  File "/home/20250572/TabPFN-TS_for_Bike_Demand_Forecasting/.venv/lib/python3.12/site-packages/wandb/sdk/lib/import_hooks.py", line 182, in _exec_module
    self.loader.exec_module(module)
  File "/home/20250572/TabPFN-TS_for_Bike_Demand_Forecasting/.venv/lib/python3.12/site-packages/lightning_fabric/__init__.py", line 29, in <module>
    __import__("pkg_resources").declare_namespace(__name__)
    ^^^^^^^^^^^^^^^^^^^^^^^^^^^
ModuleNotFoundError: No module named 'pkg_resources'

================================================================================
[2026-03-17 18:41:16] ERROR: Error in NeuralProphet_NoWeather h=24 fold=15: No module named 'pkg_resources'
================================================================================
Traceback (most recent call last):
  File "/home/20250572/TabPFN-TS_for_Bike_Demand_Forecasting/forecasting/run_experiments.py", line 184, in run_single_experiment
    model.fit(y_train, X_train)
  File "/home/20250572/TabPFN-TS_for_Bike_Demand_Forecasting/forecasting/models/prophet_models.py", line 231, in fit
    from neuralprophet import NeuralProphet
  File "/home/20250572/TabPFN-TS_for_Bike_Demand_Forecasting/.venv/lib/python3.12/site-packages/neuralprophet/__init__.py", line 4, in <module>
    import pytorch_lightning as pl
  File "/home/20250572/TabPFN-TS_for_Bike_Demand_Forecasting/.venv/lib/python3.12/site-packages/wandb/sdk/lib/import_hooks.py", line 182, in _exec_module
    self.loader.exec_module(module)
  File "/home/20250572/TabPFN-TS_for_Bike_Demand_Forecasting/.venv/lib/python3.12/site-packages/pytorch_lightning/__init__.py", line 35, in <module>
    from pytorch_lightning.callbacks import Callback  # noqa: E402
    ^^^^^^^^^^^^^^^^^^^^^^^^^^^^^^^^^^^^^^^^^^^^^^^^
  File "/home/20250572/TabPFN-TS_for_Bike_Demand_Forecasting/.venv/lib/python3.12/site-packages/pytorch_lightning/callbacks/__init__.py", line 28, in <module>
    from pytorch_lightning.callbacks.pruning import ModelPruning
  File "/home/20250572/TabPFN-TS_for_Bike_Demand_Forecasting/.venv/lib/python3.12/site-packages/pytorch_lightning/callbacks/pruning.py", line 31, in <module>
    from pytorch_lightning.core.module import LightningModule
  File "/home/20250572/TabPFN-TS_for_Bike_Demand_Forecasting/.venv/lib/python3.12/site-packages/pytorch_lightning/core/__init__.py", line 16, in <module>
    from pytorch_lightning.core.module import LightningModule
  File "/home/20250572/TabPFN-TS_for_Bike_Demand_Forecasting/.venv/lib/python3.12/site-packages/pytorch_lightning/core/module.py", line 32, in <module>
    import lightning_fabric as lf
  File "/home/20250572/TabPFN-TS_for_Bike_Demand_Forecasting/.venv/lib/python3.12/site-packages/wandb/sdk/lib/import_hooks.py", line 182, in _exec_module
    self.loader.exec_module(module)
  File "/home/20250572/TabPFN-TS_for_Bike_Demand_Forecasting/.venv/lib/python3.12/site-packages/lightning_fabric/__init__.py", line 29, in <module>
    __import__("pkg_resources").declare_namespace(__name__)
    ^^^^^^^^^^^^^^^^^^^^^^^^^^^
ModuleNotFoundError: No module named 'pkg_resources'

================================================================================
[2026-03-17 18:41:16] ERROR: Error in NeuralProphet_NoWeather h=24 fold=16: No module named 'pkg_resources'
================================================================================
Traceback (most recent call last):
  File "/home/20250572/TabPFN-TS_for_Bike_Demand_Forecasting/forecasting/run_experiments.py", line 184, in run_single_experiment
    model.fit(y_train, X_train)
  File "/home/20250572/TabPFN-TS_for_Bike_Demand_Forecasting/forecasting/models/prophet_models.py", line 231, in fit
    from neuralprophet import NeuralProphet
  File "/home/20250572/TabPFN-TS_for_Bike_Demand_Forecasting/.venv/lib/python3.12/site-packages/neuralprophet/__init__.py", line 4, in <module>
    import pytorch_lightning as pl
  File "/home/20250572/TabPFN-TS_for_Bike_Demand_Forecasting/.venv/lib/python3.12/site-packages/wandb/sdk/lib/import_hooks.py", line 182, in _exec_module
    self.loader.exec_module(module)
  File "/home/20250572/TabPFN-TS_for_Bike_Demand_Forecasting/.venv/lib/python3.12/site-packages/pytorch_lightning/__init__.py", line 35, in <module>
    from pytorch_lightning.callbacks import Callback  # noqa: E402
    ^^^^^^^^^^^^^^^^^^^^^^^^^^^^^^^^^^^^^^^^^^^^^^^^
  File "/home/20250572/TabPFN-TS_for_Bike_Demand_Forecasting/.venv/lib/python3.12/site-packages/pytorch_lightning/callbacks/__init__.py", line 28, in <module>
    from pytorch_lightning.callbacks.pruning import ModelPruning
  File "/home/20250572/TabPFN-TS_for_Bike_Demand_Forecasting/.venv/lib/python3.12/site-packages/pytorch_lightning/callbacks/pruning.py", line 31, in <module>
    from pytorch_lightning.core.module import LightningModule
  File "/home/20250572/TabPFN-TS_for_Bike_Demand_Forecasting/.venv/lib/python3.12/site-packages/pytorch_lightning/core/__init__.py", line 16, in <module>
    from pytorch_lightning.core.module import LightningModule
  File "/home/20250572/TabPFN-TS_for_Bike_Demand_Forecasting/.venv/lib/python3.12/site-packages/pytorch_lightning/core/module.py", line 32, in <module>
    import lightning_fabric as lf
  File "/home/20250572/TabPFN-TS_for_Bike_Demand_Forecasting/.venv/lib/python3.12/site-packages/wandb/sdk/lib/import_hooks.py", line 182, in _exec_module
    self.loader.exec_module(module)
  File "/home/20250572/TabPFN-TS_for_Bike_Demand_Forecasting/.venv/lib/python3.12/site-packages/lightning_fabric/__init__.py", line 29, in <module>
    __import__("pkg_resources").declare_namespace(__name__)
    ^^^^^^^^^^^^^^^^^^^^^^^^^^^
ModuleNotFoundError: No module named 'pkg_resources'

================================================================================
[2026-03-17 18:41:16] ERROR: Error in NeuralProphet_NoWeather h=24 fold=17: No module named 'pkg_resources'
================================================================================
Traceback (most recent call last):
  File "/home/20250572/TabPFN-TS_for_Bike_Demand_Forecasting/forecasting/run_experiments.py", line 184, in run_single_experiment
    model.fit(y_train, X_train)
  File "/home/20250572/TabPFN-TS_for_Bike_Demand_Forecasting/forecasting/models/prophet_models.py", line 231, in fit
    from neuralprophet import NeuralProphet
  File "/home/20250572/TabPFN-TS_for_Bike_Demand_Forecasting/.venv/lib/python3.12/site-packages/neuralprophet/__init__.py", line 4, in <module>
    import pytorch_lightning as pl
  File "/home/20250572/TabPFN-TS_for_Bike_Demand_Forecasting/.venv/lib/python3.12/site-packages/wandb/sdk/lib/import_hooks.py", line 182, in _exec_module
    self.loader.exec_module(module)
  File "/home/20250572/TabPFN-TS_for_Bike_Demand_Forecasting/.venv/lib/python3.12/site-packages/pytorch_lightning/__init__.py", line 35, in <module>
    from pytorch_lightning.callbacks import Callback  # noqa: E402
    ^^^^^^^^^^^^^^^^^^^^^^^^^^^^^^^^^^^^^^^^^^^^^^^^
  File "/home/20250572/TabPFN-TS_for_Bike_Demand_Forecasting/.venv/lib/python3.12/site-packages/pytorch_lightning/callbacks/__init__.py", line 28, in <module>
    from pytorch_lightning.callbacks.pruning import ModelPruning
  File "/home/20250572/TabPFN-TS_for_Bike_Demand_Forecasting/.venv/lib/python3.12/site-packages/pytorch_lightning/callbacks/pruning.py", line 31, in <module>
    from pytorch_lightning.core.module import LightningModule
  File "/home/20250572/TabPFN-TS_for_Bike_Demand_Forecasting/.venv/lib/python3.12/site-packages/pytorch_lightning/core/__init__.py", line 16, in <module>
    from pytorch_lightning.core.module import LightningModule
  File "/home/20250572/TabPFN-TS_for_Bike_Demand_Forecasting/.venv/lib/python3.12/site-packages/pytorch_lightning/core/module.py", line 32, in <module>
    import lightning_fabric as lf
  File "/home/20250572/TabPFN-TS_for_Bike_Demand_Forecasting/.venv/lib/python3.12/site-packages/wandb/sdk/lib/import_hooks.py", line 182, in _exec_module
    self.loader.exec_module(module)
  File "/home/20250572/TabPFN-TS_for_Bike_Demand_Forecasting/.venv/lib/python3.12/site-packages/lightning_fabric/__init__.py", line 29, in <module>
    __import__("pkg_resources").declare_namespace(__name__)
    ^^^^^^^^^^^^^^^^^^^^^^^^^^^
ModuleNotFoundError: No module named 'pkg_resources'

================================================================================
[2026-03-17 18:41:16] ERROR: Error in NeuralProphet_NoWeather h=24 fold=18: No module named 'pkg_resources'
================================================================================
Traceback (most recent call last):
  File "/home/20250572/TabPFN-TS_for_Bike_Demand_Forecasting/forecasting/run_experiments.py", line 184, in run_single_experiment
    model.fit(y_train, X_train)
  File "/home/20250572/TabPFN-TS_for_Bike_Demand_Forecasting/forecasting/models/prophet_models.py", line 231, in fit
    from neuralprophet import NeuralProphet
  File "/home/20250572/TabPFN-TS_for_Bike_Demand_Forecasting/.venv/lib/python3.12/site-packages/neuralprophet/__init__.py", line 4, in <module>
    import pytorch_lightning as pl
  File "/home/20250572/TabPFN-TS_for_Bike_Demand_Forecasting/.venv/lib/python3.12/site-packages/wandb/sdk/lib/import_hooks.py", line 182, in _exec_module
    self.loader.exec_module(module)
  File "/home/20250572/TabPFN-TS_for_Bike_Demand_Forecasting/.venv/lib/python3.12/site-packages/pytorch_lightning/__init__.py", line 35, in <module>
    from pytorch_lightning.callbacks import Callback  # noqa: E402
    ^^^^^^^^^^^^^^^^^^^^^^^^^^^^^^^^^^^^^^^^^^^^^^^^
  File "/home/20250572/TabPFN-TS_for_Bike_Demand_Forecasting/.venv/lib/python3.12/site-packages/pytorch_lightning/callbacks/__init__.py", line 28, in <module>
    from pytorch_lightning.callbacks.pruning import ModelPruning
  File "/home/20250572/TabPFN-TS_for_Bike_Demand_Forecasting/.venv/lib/python3.12/site-packages/pytorch_lightning/callbacks/pruning.py", line 31, in <module>
    from pytorch_lightning.core.module import LightningModule
  File "/home/20250572/TabPFN-TS_for_Bike_Demand_Forecasting/.venv/lib/python3.12/site-packages/pytorch_lightning/core/__init__.py", line 16, in <module>
    from pytorch_lightning.core.module import LightningModule
  File "/home/20250572/TabPFN-TS_for_Bike_Demand_Forecasting/.venv/lib/python3.12/site-packages/pytorch_lightning/core/module.py", line 32, in <module>
    import lightning_fabric as lf
  File "/home/20250572/TabPFN-TS_for_Bike_Demand_Forecasting/.venv/lib/python3.12/site-packages/wandb/sdk/lib/import_hooks.py", line 182, in _exec_module
    self.loader.exec_module(module)
  File "/home/20250572/TabPFN-TS_for_Bike_Demand_Forecasting/.venv/lib/python3.12/site-packages/lightning_fabric/__init__.py", line 29, in <module>
    __import__("pkg_resources").declare_namespace(__name__)
    ^^^^^^^^^^^^^^^^^^^^^^^^^^^
ModuleNotFoundError: No module named 'pkg_resources'

================================================================================
[2026-03-17 18:41:16] ERROR: Error in NeuralProphet_NoWeather h=24 fold=19: No module named 'pkg_resources'
================================================================================
Traceback (most recent call last):
  File "/home/20250572/TabPFN-TS_for_Bike_Demand_Forecasting/forecasting/run_experiments.py", line 184, in run_single_experiment
    model.fit(y_train, X_train)
  File "/home/20250572/TabPFN-TS_for_Bike_Demand_Forecasting/forecasting/models/prophet_models.py", line 231, in fit
    from neuralprophet import NeuralProphet
  File "/home/20250572/TabPFN-TS_for_Bike_Demand_Forecasting/.venv/lib/python3.12/site-packages/neuralprophet/__init__.py", line 4, in <module>
    import pytorch_lightning as pl
  File "/home/20250572/TabPFN-TS_for_Bike_Demand_Forecasting/.venv/lib/python3.12/site-packages/wandb/sdk/lib/import_hooks.py", line 182, in _exec_module
    self.loader.exec_module(module)
  File "/home/20250572/TabPFN-TS_for_Bike_Demand_Forecasting/.venv/lib/python3.12/site-packages/pytorch_lightning/__init__.py", line 35, in <module>
    from pytorch_lightning.callbacks import Callback  # noqa: E402
    ^^^^^^^^^^^^^^^^^^^^^^^^^^^^^^^^^^^^^^^^^^^^^^^^
  File "/home/20250572/TabPFN-TS_for_Bike_Demand_Forecasting/.venv/lib/python3.12/site-packages/pytorch_lightning/callbacks/__init__.py", line 28, in <module>
    from pytorch_lightning.callbacks.pruning import ModelPruning
  File "/home/20250572/TabPFN-TS_for_Bike_Demand_Forecasting/.venv/lib/python3.12/site-packages/pytorch_lightning/callbacks/pruning.py", line 31, in <module>
    from pytorch_lightning.core.module import LightningModule
  File "/home/20250572/TabPFN-TS_for_Bike_Demand_Forecasting/.venv/lib/python3.12/site-packages/pytorch_lightning/core/__init__.py", line 16, in <module>
    from pytorch_lightning.core.module import LightningModule
  File "/home/20250572/TabPFN-TS_for_Bike_Demand_Forecasting/.venv/lib/python3.12/site-packages/pytorch_lightning/core/module.py", line 32, in <module>
    import lightning_fabric as lf
  File "/home/20250572/TabPFN-TS_for_Bike_Demand_Forecasting/.venv/lib/python3.12/site-packages/wandb/sdk/lib/import_hooks.py", line 182, in _exec_module
    self.loader.exec_module(module)
  File "/home/20250572/TabPFN-TS_for_Bike_Demand_Forecasting/.venv/lib/python3.12/site-packages/lightning_fabric/__init__.py", line 29, in <module>
    __import__("pkg_resources").declare_namespace(__name__)
    ^^^^^^^^^^^^^^^^^^^^^^^^^^^
ModuleNotFoundError: No module named 'pkg_resources'

================================================================================
[2026-03-17 18:41:16] ERROR: Error in NeuralProphet_NoWeather h=48 fold=0: No module named 'pkg_resources'
================================================================================
Traceback (most recent call last):
  File "/home/20250572/TabPFN-TS_for_Bike_Demand_Forecasting/forecasting/run_experiments.py", line 184, in run_single_experiment
    model.fit(y_train, X_train)
  File "/home/20250572/TabPFN-TS_for_Bike_Demand_Forecasting/forecasting/models/prophet_models.py", line 231, in fit
    from neuralprophet import NeuralProphet
  File "/home/20250572/TabPFN-TS_for_Bike_Demand_Forecasting/.venv/lib/python3.12/site-packages/neuralprophet/__init__.py", line 4, in <module>
    import pytorch_lightning as pl
  File "/home/20250572/TabPFN-TS_for_Bike_Demand_Forecasting/.venv/lib/python3.12/site-packages/wandb/sdk/lib/import_hooks.py", line 182, in _exec_module
    self.loader.exec_module(module)
  File "/home/20250572/TabPFN-TS_for_Bike_Demand_Forecasting/.venv/lib/python3.12/site-packages/pytorch_lightning/__init__.py", line 35, in <module>
    from pytorch_lightning.callbacks import Callback  # noqa: E402
    ^^^^^^^^^^^^^^^^^^^^^^^^^^^^^^^^^^^^^^^^^^^^^^^^
  File "/home/20250572/TabPFN-TS_for_Bike_Demand_Forecasting/.venv/lib/python3.12/site-packages/pytorch_lightning/callbacks/__init__.py", line 28, in <module>
    from pytorch_lightning.callbacks.pruning import ModelPruning
  File "/home/20250572/TabPFN-TS_for_Bike_Demand_Forecasting/.venv/lib/python3.12/site-packages/pytorch_lightning/callbacks/pruning.py", line 31, in <module>
    from pytorch_lightning.core.module import LightningModule
  File "/home/20250572/TabPFN-TS_for_Bike_Demand_Forecasting/.venv/lib/python3.12/site-packages/pytorch_lightning/core/__init__.py", line 16, in <module>
    from pytorch_lightning.core.module import LightningModule
  File "/home/20250572/TabPFN-TS_for_Bike_Demand_Forecasting/.venv/lib/python3.12/site-packages/pytorch_lightning/core/module.py", line 32, in <module>
    import lightning_fabric as lf
  File "/home/20250572/TabPFN-TS_for_Bike_Demand_Forecasting/.venv/lib/python3.12/site-packages/wandb/sdk/lib/import_hooks.py", line 182, in _exec_module
    self.loader.exec_module(module)
  File "/home/20250572/TabPFN-TS_for_Bike_Demand_Forecasting/.venv/lib/python3.12/site-packages/lightning_fabric/__init__.py", line 29, in <module>
    __import__("pkg_resources").declare_namespace(__name__)
    ^^^^^^^^^^^^^^^^^^^^^^^^^^^
ModuleNotFoundError: No module named 'pkg_resources'

================================================================================
[2026-03-17 18:41:16] ERROR: Error in NeuralProphet_NoWeather h=48 fold=1: No module named 'pkg_resources'
================================================================================
Traceback (most recent call last):
  File "/home/20250572/TabPFN-TS_for_Bike_Demand_Forecasting/forecasting/run_experiments.py", line 184, in run_single_experiment
    model.fit(y_train, X_train)
  File "/home/20250572/TabPFN-TS_for_Bike_Demand_Forecasting/forecasting/models/prophet_models.py", line 231, in fit
    from neuralprophet import NeuralProphet
  File "/home/20250572/TabPFN-TS_for_Bike_Demand_Forecasting/.venv/lib/python3.12/site-packages/neuralprophet/__init__.py", line 4, in <module>
    import pytorch_lightning as pl
  File "/home/20250572/TabPFN-TS_for_Bike_Demand_Forecasting/.venv/lib/python3.12/site-packages/wandb/sdk/lib/import_hooks.py", line 182, in _exec_module
    self.loader.exec_module(module)
  File "/home/20250572/TabPFN-TS_for_Bike_Demand_Forecasting/.venv/lib/python3.12/site-packages/pytorch_lightning/__init__.py", line 35, in <module>
    from pytorch_lightning.callbacks import Callback  # noqa: E402
    ^^^^^^^^^^^^^^^^^^^^^^^^^^^^^^^^^^^^^^^^^^^^^^^^
  File "/home/20250572/TabPFN-TS_for_Bike_Demand_Forecasting/.venv/lib/python3.12/site-packages/pytorch_lightning/callbacks/__init__.py", line 28, in <module>
    from pytorch_lightning.callbacks.pruning import ModelPruning
  File "/home/20250572/TabPFN-TS_for_Bike_Demand_Forecasting/.venv/lib/python3.12/site-packages/pytorch_lightning/callbacks/pruning.py", line 31, in <module>
    from pytorch_lightning.core.module import LightningModule
  File "/home/20250572/TabPFN-TS_for_Bike_Demand_Forecasting/.venv/lib/python3.12/site-packages/pytorch_lightning/core/__init__.py", line 16, in <module>
    from pytorch_lightning.core.module import LightningModule
  File "/home/20250572/TabPFN-TS_for_Bike_Demand_Forecasting/.venv/lib/python3.12/site-packages/pytorch_lightning/core/module.py", line 32, in <module>
    import lightning_fabric as lf
  File "/home/20250572/TabPFN-TS_for_Bike_Demand_Forecasting/.venv/lib/python3.12/site-packages/wandb/sdk/lib/import_hooks.py", line 182, in _exec_module
    self.loader.exec_module(module)
  File "/home/20250572/TabPFN-TS_for_Bike_Demand_Forecasting/.venv/lib/python3.12/site-packages/lightning_fabric/__init__.py", line 29, in <module>
    __import__("pkg_resources").declare_namespace(__name__)
    ^^^^^^^^^^^^^^^^^^^^^^^^^^^
ModuleNotFoundError: No module named 'pkg_resources'

================================================================================
[2026-03-17 18:41:16] ERROR: Error in NeuralProphet_NoWeather h=48 fold=2: No module named 'pkg_resources'
================================================================================
Traceback (most recent call last):
  File "/home/20250572/TabPFN-TS_for_Bike_Demand_Forecasting/forecasting/run_experiments.py", line 184, in run_single_experiment
    model.fit(y_train, X_train)
  File "/home/20250572/TabPFN-TS_for_Bike_Demand_Forecasting/forecasting/models/prophet_models.py", line 231, in fit
    from neuralprophet import NeuralProphet
  File "/home/20250572/TabPFN-TS_for_Bike_Demand_Forecasting/.venv/lib/python3.12/site-packages/neuralprophet/__init__.py", line 4, in <module>
    import pytorch_lightning as pl
  File "/home/20250572/TabPFN-TS_for_Bike_Demand_Forecasting/.venv/lib/python3.12/site-packages/wandb/sdk/lib/import_hooks.py", line 182, in _exec_module
    self.loader.exec_module(module)
  File "/home/20250572/TabPFN-TS_for_Bike_Demand_Forecasting/.venv/lib/python3.12/site-packages/pytorch_lightning/__init__.py", line 35, in <module>
    from pytorch_lightning.callbacks import Callback  # noqa: E402
    ^^^^^^^^^^^^^^^^^^^^^^^^^^^^^^^^^^^^^^^^^^^^^^^^
  File "/home/20250572/TabPFN-TS_for_Bike_Demand_Forecasting/.venv/lib/python3.12/site-packages/pytorch_lightning/callbacks/__init__.py", line 28, in <module>
    from pytorch_lightning.callbacks.pruning import ModelPruning
  File "/home/20250572/TabPFN-TS_for_Bike_Demand_Forecasting/.venv/lib/python3.12/site-packages/pytorch_lightning/callbacks/pruning.py", line 31, in <module>
    from pytorch_lightning.core.module import LightningModule
  File "/home/20250572/TabPFN-TS_for_Bike_Demand_Forecasting/.venv/lib/python3.12/site-packages/pytorch_lightning/core/__init__.py", line 16, in <module>
    from pytorch_lightning.core.module import LightningModule
  File "/home/20250572/TabPFN-TS_for_Bike_Demand_Forecasting/.venv/lib/python3.12/site-packages/pytorch_lightning/core/module.py", line 32, in <module>
    import lightning_fabric as lf
  File "/home/20250572/TabPFN-TS_for_Bike_Demand_Forecasting/.venv/lib/python3.12/site-packages/wandb/sdk/lib/import_hooks.py", line 182, in _exec_module
    self.loader.exec_module(module)
  File "/home/20250572/TabPFN-TS_for_Bike_Demand_Forecasting/.venv/lib/python3.12/site-packages/lightning_fabric/__init__.py", line 29, in <module>
    __import__("pkg_resources").declare_namespace(__name__)
    ^^^^^^^^^^^^^^^^^^^^^^^^^^^
ModuleNotFoundError: No module named 'pkg_resources'

================================================================================
[2026-03-17 18:41:16] ERROR: Error in NeuralProphet_NoWeather h=48 fold=3: No module named 'pkg_resources'
================================================================================
Traceback (most recent call last):
  File "/home/20250572/TabPFN-TS_for_Bike_Demand_Forecasting/forecasting/run_experiments.py", line 184, in run_single_experiment
    model.fit(y_train, X_train)
  File "/home/20250572/TabPFN-TS_for_Bike_Demand_Forecasting/forecasting/models/prophet_models.py", line 231, in fit
    from neuralprophet import NeuralProphet
  File "/home/20250572/TabPFN-TS_for_Bike_Demand_Forecasting/.venv/lib/python3.12/site-packages/neuralprophet/__init__.py", line 4, in <module>
    import pytorch_lightning as pl
  File "/home/20250572/TabPFN-TS_for_Bike_Demand_Forecasting/.venv/lib/python3.12/site-packages/wandb/sdk/lib/import_hooks.py", line 182, in _exec_module
    self.loader.exec_module(module)
  File "/home/20250572/TabPFN-TS_for_Bike_Demand_Forecasting/.venv/lib/python3.12/site-packages/pytorch_lightning/__init__.py", line 35, in <module>
    from pytorch_lightning.callbacks import Callback  # noqa: E402
    ^^^^^^^^^^^^^^^^^^^^^^^^^^^^^^^^^^^^^^^^^^^^^^^^
  File "/home/20250572/TabPFN-TS_for_Bike_Demand_Forecasting/.venv/lib/python3.12/site-packages/pytorch_lightning/callbacks/__init__.py", line 28, in <module>
    from pytorch_lightning.callbacks.pruning import ModelPruning
  File "/home/20250572/TabPFN-TS_for_Bike_Demand_Forecasting/.venv/lib/python3.12/site-packages/pytorch_lightning/callbacks/pruning.py", line 31, in <module>
    from pytorch_lightning.core.module import LightningModule
  File "/home/20250572/TabPFN-TS_for_Bike_Demand_Forecasting/.venv/lib/python3.12/site-packages/pytorch_lightning/core/__init__.py", line 16, in <module>
    from pytorch_lightning.core.module import LightningModule
  File "/home/20250572/TabPFN-TS_for_Bike_Demand_Forecasting/.venv/lib/python3.12/site-packages/pytorch_lightning/core/module.py", line 32, in <module>
    import lightning_fabric as lf
  File "/home/20250572/TabPFN-TS_for_Bike_Demand_Forecasting/.venv/lib/python3.12/site-packages/wandb/sdk/lib/import_hooks.py", line 182, in _exec_module
    self.loader.exec_module(module)
  File "/home/20250572/TabPFN-TS_for_Bike_Demand_Forecasting/.venv/lib/python3.12/site-packages/lightning_fabric/__init__.py", line 29, in <module>
    __import__("pkg_resources").declare_namespace(__name__)
    ^^^^^^^^^^^^^^^^^^^^^^^^^^^
ModuleNotFoundError: No module named 'pkg_resources'

================================================================================
[2026-03-17 18:41:16] ERROR: Error in NeuralProphet_NoWeather h=48 fold=4: No module named 'pkg_resources'
================================================================================
Traceback (most recent call last):
  File "/home/20250572/TabPFN-TS_for_Bike_Demand_Forecasting/forecasting/run_experiments.py", line 184, in run_single_experiment
    model.fit(y_train, X_train)
  File "/home/20250572/TabPFN-TS_for_Bike_Demand_Forecasting/forecasting/models/prophet_models.py", line 231, in fit
    from neuralprophet import NeuralProphet
  File "/home/20250572/TabPFN-TS_for_Bike_Demand_Forecasting/.venv/lib/python3.12/site-packages/neuralprophet/__init__.py", line 4, in <module>
    import pytorch_lightning as pl
  File "/home/20250572/TabPFN-TS_for_Bike_Demand_Forecasting/.venv/lib/python3.12/site-packages/wandb/sdk/lib/import_hooks.py", line 182, in _exec_module
    self.loader.exec_module(module)
  File "/home/20250572/TabPFN-TS_for_Bike_Demand_Forecasting/.venv/lib/python3.12/site-packages/pytorch_lightning/__init__.py", line 35, in <module>
    from pytorch_lightning.callbacks import Callback  # noqa: E402
    ^^^^^^^^^^^^^^^^^^^^^^^^^^^^^^^^^^^^^^^^^^^^^^^^
  File "/home/20250572/TabPFN-TS_for_Bike_Demand_Forecasting/.venv/lib/python3.12/site-packages/pytorch_lightning/callbacks/__init__.py", line 28, in <module>
    from pytorch_lightning.callbacks.pruning import ModelPruning
  File "/home/20250572/TabPFN-TS_for_Bike_Demand_Forecasting/.venv/lib/python3.12/site-packages/pytorch_lightning/callbacks/pruning.py", line 31, in <module>
    from pytorch_lightning.core.module import LightningModule
  File "/home/20250572/TabPFN-TS_for_Bike_Demand_Forecasting/.venv/lib/python3.12/site-packages/pytorch_lightning/core/__init__.py", line 16, in <module>
    from pytorch_lightning.core.module import LightningModule
  File "/home/20250572/TabPFN-TS_for_Bike_Demand_Forecasting/.venv/lib/python3.12/site-packages/pytorch_lightning/core/module.py", line 32, in <module>
    import lightning_fabric as lf
  File "/home/20250572/TabPFN-TS_for_Bike_Demand_Forecasting/.venv/lib/python3.12/site-packages/wandb/sdk/lib/import_hooks.py", line 182, in _exec_module
    self.loader.exec_module(module)
  File "/home/20250572/TabPFN-TS_for_Bike_Demand_Forecasting/.venv/lib/python3.12/site-packages/lightning_fabric/__init__.py", line 29, in <module>
    __import__("pkg_resources").declare_namespace(__name__)
    ^^^^^^^^^^^^^^^^^^^^^^^^^^^
ModuleNotFoundError: No module named 'pkg_resources'

================================================================================
[2026-03-17 18:41:16] ERROR: Error in NeuralProphet_NoWeather h=48 fold=5: No module named 'pkg_resources'
================================================================================
Traceback (most recent call last):
  File "/home/20250572/TabPFN-TS_for_Bike_Demand_Forecasting/forecasting/run_experiments.py", line 184, in run_single_experiment
    model.fit(y_train, X_train)
  File "/home/20250572/TabPFN-TS_for_Bike_Demand_Forecasting/forecasting/models/prophet_models.py", line 231, in fit
    from neuralprophet import NeuralProphet
  File "/home/20250572/TabPFN-TS_for_Bike_Demand_Forecasting/.venv/lib/python3.12/site-packages/neuralprophet/__init__.py", line 4, in <module>
    import pytorch_lightning as pl
  File "/home/20250572/TabPFN-TS_for_Bike_Demand_Forecasting/.venv/lib/python3.12/site-packages/wandb/sdk/lib/import_hooks.py", line 182, in _exec_module
    self.loader.exec_module(module)
  File "/home/20250572/TabPFN-TS_for_Bike_Demand_Forecasting/.venv/lib/python3.12/site-packages/pytorch_lightning/__init__.py", line 35, in <module>
    from pytorch_lightning.callbacks import Callback  # noqa: E402
    ^^^^^^^^^^^^^^^^^^^^^^^^^^^^^^^^^^^^^^^^^^^^^^^^
  File "/home/20250572/TabPFN-TS_for_Bike_Demand_Forecasting/.venv/lib/python3.12/site-packages/pytorch_lightning/callbacks/__init__.py", line 28, in <module>
    from pytorch_lightning.callbacks.pruning import ModelPruning
  File "/home/20250572/TabPFN-TS_for_Bike_Demand_Forecasting/.venv/lib/python3.12/site-packages/pytorch_lightning/callbacks/pruning.py", line 31, in <module>
    from pytorch_lightning.core.module import LightningModule
  File "/home/20250572/TabPFN-TS_for_Bike_Demand_Forecasting/.venv/lib/python3.12/site-packages/pytorch_lightning/core/__init__.py", line 16, in <module>
    from pytorch_lightning.core.module import LightningModule
  File "/home/20250572/TabPFN-TS_for_Bike_Demand_Forecasting/.venv/lib/python3.12/site-packages/pytorch_lightning/core/module.py", line 32, in <module>
    import lightning_fabric as lf
  File "/home/20250572/TabPFN-TS_for_Bike_Demand_Forecasting/.venv/lib/python3.12/site-packages/wandb/sdk/lib/import_hooks.py", line 182, in _exec_module
    self.loader.exec_module(module)
  File "/home/20250572/TabPFN-TS_for_Bike_Demand_Forecasting/.venv/lib/python3.12/site-packages/lightning_fabric/__init__.py", line 29, in <module>
    __import__("pkg_resources").declare_namespace(__name__)
    ^^^^^^^^^^^^^^^^^^^^^^^^^^^
ModuleNotFoundError: No module named 'pkg_resources'

================================================================================
[2026-03-17 18:41:16] ERROR: Error in NeuralProphet_NoWeather h=48 fold=6: No module named 'pkg_resources'
================================================================================
Traceback (most recent call last):
  File "/home/20250572/TabPFN-TS_for_Bike_Demand_Forecasting/forecasting/run_experiments.py", line 184, in run_single_experiment
    model.fit(y_train, X_train)
  File "/home/20250572/TabPFN-TS_for_Bike_Demand_Forecasting/forecasting/models/prophet_models.py", line 231, in fit
    from neuralprophet import NeuralProphet
  File "/home/20250572/TabPFN-TS_for_Bike_Demand_Forecasting/.venv/lib/python3.12/site-packages/neuralprophet/__init__.py", line 4, in <module>
    import pytorch_lightning as pl
  File "/home/20250572/TabPFN-TS_for_Bike_Demand_Forecasting/.venv/lib/python3.12/site-packages/wandb/sdk/lib/import_hooks.py", line 182, in _exec_module
    self.loader.exec_module(module)
  File "/home/20250572/TabPFN-TS_for_Bike_Demand_Forecasting/.venv/lib/python3.12/site-packages/pytorch_lightning/__init__.py", line 35, in <module>
    from pytorch_lightning.callbacks import Callback  # noqa: E402
    ^^^^^^^^^^^^^^^^^^^^^^^^^^^^^^^^^^^^^^^^^^^^^^^^
  File "/home/20250572/TabPFN-TS_for_Bike_Demand_Forecasting/.venv/lib/python3.12/site-packages/pytorch_lightning/callbacks/__init__.py", line 28, in <module>
    from pytorch_lightning.callbacks.pruning import ModelPruning
  File "/home/20250572/TabPFN-TS_for_Bike_Demand_Forecasting/.venv/lib/python3.12/site-packages/pytorch_lightning/callbacks/pruning.py", line 31, in <module>
    from pytorch_lightning.core.module import LightningModule
  File "/home/20250572/TabPFN-TS_for_Bike_Demand_Forecasting/.venv/lib/python3.12/site-packages/pytorch_lightning/core/__init__.py", line 16, in <module>
    from pytorch_lightning.core.module import LightningModule
  File "/home/20250572/TabPFN-TS_for_Bike_Demand_Forecasting/.venv/lib/python3.12/site-packages/pytorch_lightning/core/module.py", line 32, in <module>
    import lightning_fabric as lf
  File "/home/20250572/TabPFN-TS_for_Bike_Demand_Forecasting/.venv/lib/python3.12/site-packages/wandb/sdk/lib/import_hooks.py", line 182, in _exec_module
    self.loader.exec_module(module)
  File "/home/20250572/TabPFN-TS_for_Bike_Demand_Forecasting/.venv/lib/python3.12/site-packages/lightning_fabric/__init__.py", line 29, in <module>
    __import__("pkg_resources").declare_namespace(__name__)
    ^^^^^^^^^^^^^^^^^^^^^^^^^^^
ModuleNotFoundError: No module named 'pkg_resources'

================================================================================
[2026-03-17 18:41:16] ERROR: Error in NeuralProphet_NoWeather h=48 fold=7: No module named 'pkg_resources'
================================================================================
Traceback (most recent call last):
  File "/home/20250572/TabPFN-TS_for_Bike_Demand_Forecasting/forecasting/run_experiments.py", line 184, in run_single_experiment
    model.fit(y_train, X_train)
  File "/home/20250572/TabPFN-TS_for_Bike_Demand_Forecasting/forecasting/models/prophet_models.py", line 231, in fit
    from neuralprophet import NeuralProphet
  File "/home/20250572/TabPFN-TS_for_Bike_Demand_Forecasting/.venv/lib/python3.12/site-packages/neuralprophet/__init__.py", line 4, in <module>
    import pytorch_lightning as pl
  File "/home/20250572/TabPFN-TS_for_Bike_Demand_Forecasting/.venv/lib/python3.12/site-packages/wandb/sdk/lib/import_hooks.py", line 182, in _exec_module
    self.loader.exec_module(module)
  File "/home/20250572/TabPFN-TS_for_Bike_Demand_Forecasting/.venv/lib/python3.12/site-packages/pytorch_lightning/__init__.py", line 35, in <module>
    from pytorch_lightning.callbacks import Callback  # noqa: E402
    ^^^^^^^^^^^^^^^^^^^^^^^^^^^^^^^^^^^^^^^^^^^^^^^^
  File "/home/20250572/TabPFN-TS_for_Bike_Demand_Forecasting/.venv/lib/python3.12/site-packages/pytorch_lightning/callbacks/__init__.py", line 28, in <module>
    from pytorch_lightning.callbacks.pruning import ModelPruning
  File "/home/20250572/TabPFN-TS_for_Bike_Demand_Forecasting/.venv/lib/python3.12/site-packages/pytorch_lightning/callbacks/pruning.py", line 31, in <module>
    from pytorch_lightning.core.module import LightningModule
  File "/home/20250572/TabPFN-TS_for_Bike_Demand_Forecasting/.venv/lib/python3.12/site-packages/pytorch_lightning/core/__init__.py", line 16, in <module>
    from pytorch_lightning.core.module import LightningModule
  File "/home/20250572/TabPFN-TS_for_Bike_Demand_Forecasting/.venv/lib/python3.12/site-packages/pytorch_lightning/core/module.py", line 32, in <module>
    import lightning_fabric as lf
  File "/home/20250572/TabPFN-TS_for_Bike_Demand_Forecasting/.venv/lib/python3.12/site-packages/wandb/sdk/lib/import_hooks.py", line 182, in _exec_module
    self.loader.exec_module(module)
  File "/home/20250572/TabPFN-TS_for_Bike_Demand_Forecasting/.venv/lib/python3.12/site-packages/lightning_fabric/__init__.py", line 29, in <module>
    __import__("pkg_resources").declare_namespace(__name__)
    ^^^^^^^^^^^^^^^^^^^^^^^^^^^
ModuleNotFoundError: No module named 'pkg_resources'

================================================================================
[2026-03-17 18:41:16] ERROR: Error in NeuralProphet_NoWeather h=48 fold=8: No module named 'pkg_resources'
================================================================================
Traceback (most recent call last):
  File "/home/20250572/TabPFN-TS_for_Bike_Demand_Forecasting/forecasting/run_experiments.py", line 184, in run_single_experiment
    model.fit(y_train, X_train)
  File "/home/20250572/TabPFN-TS_for_Bike_Demand_Forecasting/forecasting/models/prophet_models.py", line 231, in fit
    from neuralprophet import NeuralProphet
  File "/home/20250572/TabPFN-TS_for_Bike_Demand_Forecasting/.venv/lib/python3.12/site-packages/neuralprophet/__init__.py", line 4, in <module>
    import pytorch_lightning as pl
  File "/home/20250572/TabPFN-TS_for_Bike_Demand_Forecasting/.venv/lib/python3.12/site-packages/wandb/sdk/lib/import_hooks.py", line 182, in _exec_module
    self.loader.exec_module(module)
  File "/home/20250572/TabPFN-TS_for_Bike_Demand_Forecasting/.venv/lib/python3.12/site-packages/pytorch_lightning/__init__.py", line 35, in <module>
    from pytorch_lightning.callbacks import Callback  # noqa: E402
    ^^^^^^^^^^^^^^^^^^^^^^^^^^^^^^^^^^^^^^^^^^^^^^^^
  File "/home/20250572/TabPFN-TS_for_Bike_Demand_Forecasting/.venv/lib/python3.12/site-packages/pytorch_lightning/callbacks/__init__.py", line 28, in <module>
    from pytorch_lightning.callbacks.pruning import ModelPruning
  File "/home/20250572/TabPFN-TS_for_Bike_Demand_Forecasting/.venv/lib/python3.12/site-packages/pytorch_lightning/callbacks/pruning.py", line 31, in <module>
    from pytorch_lightning.core.module import LightningModule
  File "/home/20250572/TabPFN-TS_for_Bike_Demand_Forecasting/.venv/lib/python3.12/site-packages/pytorch_lightning/core/__init__.py", line 16, in <module>
    from pytorch_lightning.core.module import LightningModule
  File "/home/20250572/TabPFN-TS_for_Bike_Demand_Forecasting/.venv/lib/python3.12/site-packages/pytorch_lightning/core/module.py", line 32, in <module>
    import lightning_fabric as lf
  File "/home/20250572/TabPFN-TS_for_Bike_Demand_Forecasting/.venv/lib/python3.12/site-packages/wandb/sdk/lib/import_hooks.py", line 182, in _exec_module
    self.loader.exec_module(module)
  File "/home/20250572/TabPFN-TS_for_Bike_Demand_Forecasting/.venv/lib/python3.12/site-packages/lightning_fabric/__init__.py", line 29, in <module>
    __import__("pkg_resources").declare_namespace(__name__)
    ^^^^^^^^^^^^^^^^^^^^^^^^^^^
ModuleNotFoundError: No module named 'pkg_resources'

================================================================================
[2026-03-17 18:41:16] ERROR: Error in NeuralProphet_NoWeather h=48 fold=9: No module named 'pkg_resources'
================================================================================
Traceback (most recent call last):
  File "/home/20250572/TabPFN-TS_for_Bike_Demand_Forecasting/forecasting/run_experiments.py", line 184, in run_single_experiment
    model.fit(y_train, X_train)
  File "/home/20250572/TabPFN-TS_for_Bike_Demand_Forecasting/forecasting/models/prophet_models.py", line 231, in fit
    from neuralprophet import NeuralProphet
  File "/home/20250572/TabPFN-TS_for_Bike_Demand_Forecasting/.venv/lib/python3.12/site-packages/neuralprophet/__init__.py", line 4, in <module>
    import pytorch_lightning as pl
  File "/home/20250572/TabPFN-TS_for_Bike_Demand_Forecasting/.venv/lib/python3.12/site-packages/wandb/sdk/lib/import_hooks.py", line 182, in _exec_module
    self.loader.exec_module(module)
  File "/home/20250572/TabPFN-TS_for_Bike_Demand_Forecasting/.venv/lib/python3.12/site-packages/pytorch_lightning/__init__.py", line 35, in <module>
    from pytorch_lightning.callbacks import Callback  # noqa: E402
    ^^^^^^^^^^^^^^^^^^^^^^^^^^^^^^^^^^^^^^^^^^^^^^^^
  File "/home/20250572/TabPFN-TS_for_Bike_Demand_Forecasting/.venv/lib/python3.12/site-packages/pytorch_lightning/callbacks/__init__.py", line 28, in <module>
    from pytorch_lightning.callbacks.pruning import ModelPruning
  File "/home/20250572/TabPFN-TS_for_Bike_Demand_Forecasting/.venv/lib/python3.12/site-packages/pytorch_lightning/callbacks/pruning.py", line 31, in <module>
    from pytorch_lightning.core.module import LightningModule
  File "/home/20250572/TabPFN-TS_for_Bike_Demand_Forecasting/.venv/lib/python3.12/site-packages/pytorch_lightning/core/__init__.py", line 16, in <module>
    from pytorch_lightning.core.module import LightningModule
  File "/home/20250572/TabPFN-TS_for_Bike_Demand_Forecasting/.venv/lib/python3.12/site-packages/pytorch_lightning/core/module.py", line 32, in <module>
    import lightning_fabric as lf
  File "/home/20250572/TabPFN-TS_for_Bike_Demand_Forecasting/.venv/lib/python3.12/site-packages/wandb/sdk/lib/import_hooks.py", line 182, in _exec_module
    self.loader.exec_module(module)
  File "/home/20250572/TabPFN-TS_for_Bike_Demand_Forecasting/.venv/lib/python3.12/site-packages/lightning_fabric/__init__.py", line 29, in <module>
    __import__("pkg_resources").declare_namespace(__name__)
    ^^^^^^^^^^^^^^^^^^^^^^^^^^^
ModuleNotFoundError: No module named 'pkg_resources'

================================================================================
[2026-03-17 18:41:16] ERROR: Error in NeuralProphet_NoWeather h=48 fold=10: No module named 'pkg_resources'
================================================================================
Traceback (most recent call last):
  File "/home/20250572/TabPFN-TS_for_Bike_Demand_Forecasting/forecasting/run_experiments.py", line 184, in run_single_experiment
    model.fit(y_train, X_train)
  File "/home/20250572/TabPFN-TS_for_Bike_Demand_Forecasting/forecasting/models/prophet_models.py", line 231, in fit
    from neuralprophet import NeuralProphet
  File "/home/20250572/TabPFN-TS_for_Bike_Demand_Forecasting/.venv/lib/python3.12/site-packages/neuralprophet/__init__.py", line 4, in <module>
    import pytorch_lightning as pl
  File "/home/20250572/TabPFN-TS_for_Bike_Demand_Forecasting/.venv/lib/python3.12/site-packages/wandb/sdk/lib/import_hooks.py", line 182, in _exec_module
    self.loader.exec_module(module)
  File "/home/20250572/TabPFN-TS_for_Bike_Demand_Forecasting/.venv/lib/python3.12/site-packages/pytorch_lightning/__init__.py", line 35, in <module>
    from pytorch_lightning.callbacks import Callback  # noqa: E402
    ^^^^^^^^^^^^^^^^^^^^^^^^^^^^^^^^^^^^^^^^^^^^^^^^
  File "/home/20250572/TabPFN-TS_for_Bike_Demand_Forecasting/.venv/lib/python3.12/site-packages/pytorch_lightning/callbacks/__init__.py", line 28, in <module>
    from pytorch_lightning.callbacks.pruning import ModelPruning
  File "/home/20250572/TabPFN-TS_for_Bike_Demand_Forecasting/.venv/lib/python3.12/site-packages/pytorch_lightning/callbacks/pruning.py", line 31, in <module>
    from pytorch_lightning.core.module import LightningModule
  File "/home/20250572/TabPFN-TS_for_Bike_Demand_Forecasting/.venv/lib/python3.12/site-packages/pytorch_lightning/core/__init__.py", line 16, in <module>
    from pytorch_lightning.core.module import LightningModule
  File "/home/20250572/TabPFN-TS_for_Bike_Demand_Forecasting/.venv/lib/python3.12/site-packages/pytorch_lightning/core/module.py", line 32, in <module>
    import lightning_fabric as lf
  File "/home/20250572/TabPFN-TS_for_Bike_Demand_Forecasting/.venv/lib/python3.12/site-packages/wandb/sdk/lib/import_hooks.py", line 182, in _exec_module
    self.loader.exec_module(module)
  File "/home/20250572/TabPFN-TS_for_Bike_Demand_Forecasting/.venv/lib/python3.12/site-packages/lightning_fabric/__init__.py", line 29, in <module>
    __import__("pkg_resources").declare_namespace(__name__)
    ^^^^^^^^^^^^^^^^^^^^^^^^^^^
ModuleNotFoundError: No module named 'pkg_resources'

================================================================================
[2026-03-17 18:41:16] ERROR: Error in NeuralProphet_NoWeather h=48 fold=11: No module named 'pkg_resources'
================================================================================
Traceback (most recent call last):
  File "/home/20250572/TabPFN-TS_for_Bike_Demand_Forecasting/forecasting/run_experiments.py", line 184, in run_single_experiment
    model.fit(y_train, X_train)
  File "/home/20250572/TabPFN-TS_for_Bike_Demand_Forecasting/forecasting/models/prophet_models.py", line 231, in fit
    from neuralprophet import NeuralProphet
  File "/home/20250572/TabPFN-TS_for_Bike_Demand_Forecasting/.venv/lib/python3.12/site-packages/neuralprophet/__init__.py", line 4, in <module>
    import pytorch_lightning as pl
  File "/home/20250572/TabPFN-TS_for_Bike_Demand_Forecasting/.venv/lib/python3.12/site-packages/wandb/sdk/lib/import_hooks.py", line 182, in _exec_module
    self.loader.exec_module(module)
  File "/home/20250572/TabPFN-TS_for_Bike_Demand_Forecasting/.venv/lib/python3.12/site-packages/pytorch_lightning/__init__.py", line 35, in <module>
    from pytorch_lightning.callbacks import Callback  # noqa: E402
    ^^^^^^^^^^^^^^^^^^^^^^^^^^^^^^^^^^^^^^^^^^^^^^^^
  File "/home/20250572/TabPFN-TS_for_Bike_Demand_Forecasting/.venv/lib/python3.12/site-packages/pytorch_lightning/callbacks/__init__.py", line 28, in <module>
    from pytorch_lightning.callbacks.pruning import ModelPruning
  File "/home/20250572/TabPFN-TS_for_Bike_Demand_Forecasting/.venv/lib/python3.12/site-packages/pytorch_lightning/callbacks/pruning.py", line 31, in <module>
    from pytorch_lightning.core.module import LightningModule
  File "/home/20250572/TabPFN-TS_for_Bike_Demand_Forecasting/.venv/lib/python3.12/site-packages/pytorch_lightning/core/__init__.py", line 16, in <module>
    from pytorch_lightning.core.module import LightningModule
  File "/home/20250572/TabPFN-TS_for_Bike_Demand_Forecasting/.venv/lib/python3.12/site-packages/pytorch_lightning/core/module.py", line 32, in <module>
    import lightning_fabric as lf
  File "/home/20250572/TabPFN-TS_for_Bike_Demand_Forecasting/.venv/lib/python3.12/site-packages/wandb/sdk/lib/import_hooks.py", line 182, in _exec_module
    self.loader.exec_module(module)
  File "/home/20250572/TabPFN-TS_for_Bike_Demand_Forecasting/.venv/lib/python3.12/site-packages/lightning_fabric/__init__.py", line 29, in <module>
    __import__("pkg_resources").declare_namespace(__name__)
    ^^^^^^^^^^^^^^^^^^^^^^^^^^^
ModuleNotFoundError: No module named 'pkg_resources'

================================================================================
[2026-03-17 18:41:16] ERROR: Error in NeuralProphet_NoWeather h=48 fold=12: No module named 'pkg_resources'
================================================================================
Traceback (most recent call last):
  File "/home/20250572/TabPFN-TS_for_Bike_Demand_Forecasting/forecasting/run_experiments.py", line 184, in run_single_experiment
    model.fit(y_train, X_train)
  File "/home/20250572/TabPFN-TS_for_Bike_Demand_Forecasting/forecasting/models/prophet_models.py", line 231, in fit
    from neuralprophet import NeuralProphet
  File "/home/20250572/TabPFN-TS_for_Bike_Demand_Forecasting/.venv/lib/python3.12/site-packages/neuralprophet/__init__.py", line 4, in <module>
    import pytorch_lightning as pl
  File "/home/20250572/TabPFN-TS_for_Bike_Demand_Forecasting/.venv/lib/python3.12/site-packages/wandb/sdk/lib/import_hooks.py", line 182, in _exec_module
    self.loader.exec_module(module)
  File "/home/20250572/TabPFN-TS_for_Bike_Demand_Forecasting/.venv/lib/python3.12/site-packages/pytorch_lightning/__init__.py", line 35, in <module>
    from pytorch_lightning.callbacks import Callback  # noqa: E402
    ^^^^^^^^^^^^^^^^^^^^^^^^^^^^^^^^^^^^^^^^^^^^^^^^
  File "/home/20250572/TabPFN-TS_for_Bike_Demand_Forecasting/.venv/lib/python3.12/site-packages/pytorch_lightning/callbacks/__init__.py", line 28, in <module>
    from pytorch_lightning.callbacks.pruning import ModelPruning
  File "/home/20250572/TabPFN-TS_for_Bike_Demand_Forecasting/.venv/lib/python3.12/site-packages/pytorch_lightning/callbacks/pruning.py", line 31, in <module>
    from pytorch_lightning.core.module import LightningModule
  File "/home/20250572/TabPFN-TS_for_Bike_Demand_Forecasting/.venv/lib/python3.12/site-packages/pytorch_lightning/core/__init__.py", line 16, in <module>
    from pytorch_lightning.core.module import LightningModule
  File "/home/20250572/TabPFN-TS_for_Bike_Demand_Forecasting/.venv/lib/python3.12/site-packages/pytorch_lightning/core/module.py", line 32, in <module>
    import lightning_fabric as lf
  File "/home/20250572/TabPFN-TS_for_Bike_Demand_Forecasting/.venv/lib/python3.12/site-packages/wandb/sdk/lib/import_hooks.py", line 182, in _exec_module
    self.loader.exec_module(module)
  File "/home/20250572/TabPFN-TS_for_Bike_Demand_Forecasting/.venv/lib/python3.12/site-packages/lightning_fabric/__init__.py", line 29, in <module>
    __import__("pkg_resources").declare_namespace(__name__)
    ^^^^^^^^^^^^^^^^^^^^^^^^^^^
ModuleNotFoundError: No module named 'pkg_resources'

================================================================================
[2026-03-17 18:41:16] ERROR: Error in NeuralProphet_NoWeather h=48 fold=13: No module named 'pkg_resources'
================================================================================
Traceback (most recent call last):
  File "/home/20250572/TabPFN-TS_for_Bike_Demand_Forecasting/forecasting/run_experiments.py", line 184, in run_single_experiment
    model.fit(y_train, X_train)
  File "/home/20250572/TabPFN-TS_for_Bike_Demand_Forecasting/forecasting/models/prophet_models.py", line 231, in fit
    from neuralprophet import NeuralProphet
  File "/home/20250572/TabPFN-TS_for_Bike_Demand_Forecasting/.venv/lib/python3.12/site-packages/neuralprophet/__init__.py", line 4, in <module>
    import pytorch_lightning as pl
  File "/home/20250572/TabPFN-TS_for_Bike_Demand_Forecasting/.venv/lib/python3.12/site-packages/wandb/sdk/lib/import_hooks.py", line 182, in _exec_module
    self.loader.exec_module(module)
  File "/home/20250572/TabPFN-TS_for_Bike_Demand_Forecasting/.venv/lib/python3.12/site-packages/pytorch_lightning/__init__.py", line 35, in <module>
    from pytorch_lightning.callbacks import Callback  # noqa: E402
    ^^^^^^^^^^^^^^^^^^^^^^^^^^^^^^^^^^^^^^^^^^^^^^^^
  File "/home/20250572/TabPFN-TS_for_Bike_Demand_Forecasting/.venv/lib/python3.12/site-packages/pytorch_lightning/callbacks/__init__.py", line 28, in <module>
    from pytorch_lightning.callbacks.pruning import ModelPruning
  File "/home/20250572/TabPFN-TS_for_Bike_Demand_Forecasting/.venv/lib/python3.12/site-packages/pytorch_lightning/callbacks/pruning.py", line 31, in <module>
    from pytorch_lightning.core.module import LightningModule
  File "/home/20250572/TabPFN-TS_for_Bike_Demand_Forecasting/.venv/lib/python3.12/site-packages/pytorch_lightning/core/__init__.py", line 16, in <module>
    from pytorch_lightning.core.module import LightningModule
  File "/home/20250572/TabPFN-TS_for_Bike_Demand_Forecasting/.venv/lib/python3.12/site-packages/pytorch_lightning/core/module.py", line 32, in <module>
    import lightning_fabric as lf
  File "/home/20250572/TabPFN-TS_for_Bike_Demand_Forecasting/.venv/lib/python3.12/site-packages/wandb/sdk/lib/import_hooks.py", line 182, in _exec_module
    self.loader.exec_module(module)
  File "/home/20250572/TabPFN-TS_for_Bike_Demand_Forecasting/.venv/lib/python3.12/site-packages/lightning_fabric/__init__.py", line 29, in <module>
    __import__("pkg_resources").declare_namespace(__name__)
    ^^^^^^^^^^^^^^^^^^^^^^^^^^^
ModuleNotFoundError: No module named 'pkg_resources'

================================================================================
[2026-03-17 18:41:16] ERROR: Error in NeuralProphet_NoWeather h=48 fold=14: No module named 'pkg_resources'
================================================================================
Traceback (most recent call last):
  File "/home/20250572/TabPFN-TS_for_Bike_Demand_Forecasting/forecasting/run_experiments.py", line 184, in run_single_experiment
    model.fit(y_train, X_train)
  File "/home/20250572/TabPFN-TS_for_Bike_Demand_Forecasting/forecasting/models/prophet_models.py", line 231, in fit
    from neuralprophet import NeuralProphet
  File "/home/20250572/TabPFN-TS_for_Bike_Demand_Forecasting/.venv/lib/python3.12/site-packages/neuralprophet/__init__.py", line 4, in <module>
    import pytorch_lightning as pl
  File "/home/20250572/TabPFN-TS_for_Bike_Demand_Forecasting/.venv/lib/python3.12/site-packages/wandb/sdk/lib/import_hooks.py", line 182, in _exec_module
    self.loader.exec_module(module)
  File "/home/20250572/TabPFN-TS_for_Bike_Demand_Forecasting/.venv/lib/python3.12/site-packages/pytorch_lightning/__init__.py", line 35, in <module>
    from pytorch_lightning.callbacks import Callback  # noqa: E402
    ^^^^^^^^^^^^^^^^^^^^^^^^^^^^^^^^^^^^^^^^^^^^^^^^
  File "/home/20250572/TabPFN-TS_for_Bike_Demand_Forecasting/.venv/lib/python3.12/site-packages/pytorch_lightning/callbacks/__init__.py", line 28, in <module>
    from pytorch_lightning.callbacks.pruning import ModelPruning
  File "/home/20250572/TabPFN-TS_for_Bike_Demand_Forecasting/.venv/lib/python3.12/site-packages/pytorch_lightning/callbacks/pruning.py", line 31, in <module>
    from pytorch_lightning.core.module import LightningModule
  File "/home/20250572/TabPFN-TS_for_Bike_Demand_Forecasting/.venv/lib/python3.12/site-packages/pytorch_lightning/core/__init__.py", line 16, in <module>
    from pytorch_lightning.core.module import LightningModule
  File "/home/20250572/TabPFN-TS_for_Bike_Demand_Forecasting/.venv/lib/python3.12/site-packages/pytorch_lightning/core/module.py", line 32, in <module>
    import lightning_fabric as lf
  File "/home/20250572/TabPFN-TS_for_Bike_Demand_Forecasting/.venv/lib/python3.12/site-packages/wandb/sdk/lib/import_hooks.py", line 182, in _exec_module
    self.loader.exec_module(module)
  File "/home/20250572/TabPFN-TS_for_Bike_Demand_Forecasting/.venv/lib/python3.12/site-packages/lightning_fabric/__init__.py", line 29, in <module>
    __import__("pkg_resources").declare_namespace(__name__)
    ^^^^^^^^^^^^^^^^^^^^^^^^^^^
ModuleNotFoundError: No module named 'pkg_resources'

================================================================================
[2026-03-17 18:41:16] ERROR: Error in NeuralProphet_NoWeather h=48 fold=15: No module named 'pkg_resources'
================================================================================
Traceback (most recent call last):
  File "/home/20250572/TabPFN-TS_for_Bike_Demand_Forecasting/forecasting/run_experiments.py", line 184, in run_single_experiment
    model.fit(y_train, X_train)
  File "/home/20250572/TabPFN-TS_for_Bike_Demand_Forecasting/forecasting/models/prophet_models.py", line 231, in fit
    from neuralprophet import NeuralProphet
  File "/home/20250572/TabPFN-TS_for_Bike_Demand_Forecasting/.venv/lib/python3.12/site-packages/neuralprophet/__init__.py", line 4, in <module>
    import pytorch_lightning as pl
  File "/home/20250572/TabPFN-TS_for_Bike_Demand_Forecasting/.venv/lib/python3.12/site-packages/wandb/sdk/lib/import_hooks.py", line 182, in _exec_module
    self.loader.exec_module(module)
  File "/home/20250572/TabPFN-TS_for_Bike_Demand_Forecasting/.venv/lib/python3.12/site-packages/pytorch_lightning/__init__.py", line 35, in <module>
    from pytorch_lightning.callbacks import Callback  # noqa: E402
    ^^^^^^^^^^^^^^^^^^^^^^^^^^^^^^^^^^^^^^^^^^^^^^^^
  File "/home/20250572/TabPFN-TS_for_Bike_Demand_Forecasting/.venv/lib/python3.12/site-packages/pytorch_lightning/callbacks/__init__.py", line 28, in <module>
    from pytorch_lightning.callbacks.pruning import ModelPruning
  File "/home/20250572/TabPFN-TS_for_Bike_Demand_Forecasting/.venv/lib/python3.12/site-packages/pytorch_lightning/callbacks/pruning.py", line 31, in <module>
    from pytorch_lightning.core.module import LightningModule
  File "/home/20250572/TabPFN-TS_for_Bike_Demand_Forecasting/.venv/lib/python3.12/site-packages/pytorch_lightning/core/__init__.py", line 16, in <module>
    from pytorch_lightning.core.module import LightningModule
  File "/home/20250572/TabPFN-TS_for_Bike_Demand_Forecasting/.venv/lib/python3.12/site-packages/pytorch_lightning/core/module.py", line 32, in <module>
    import lightning_fabric as lf
  File "/home/20250572/TabPFN-TS_for_Bike_Demand_Forecasting/.venv/lib/python3.12/site-packages/wandb/sdk/lib/import_hooks.py", line 182, in _exec_module
    self.loader.exec_module(module)
  File "/home/20250572/TabPFN-TS_for_Bike_Demand_Forecasting/.venv/lib/python3.12/site-packages/lightning_fabric/__init__.py", line 29, in <module>
    __import__("pkg_resources").declare_namespace(__name__)
    ^^^^^^^^^^^^^^^^^^^^^^^^^^^
ModuleNotFoundError: No module named 'pkg_resources'

================================================================================
[2026-03-17 18:41:16] ERROR: Error in NeuralProphet_NoWeather h=48 fold=16: No module named 'pkg_resources'
================================================================================
Traceback (most recent call last):
  File "/home/20250572/TabPFN-TS_for_Bike_Demand_Forecasting/forecasting/run_experiments.py", line 184, in run_single_experiment
    model.fit(y_train, X_train)
  File "/home/20250572/TabPFN-TS_for_Bike_Demand_Forecasting/forecasting/models/prophet_models.py", line 231, in fit
    from neuralprophet import NeuralProphet
  File "/home/20250572/TabPFN-TS_for_Bike_Demand_Forecasting/.venv/lib/python3.12/site-packages/neuralprophet/__init__.py", line 4, in <module>
    import pytorch_lightning as pl
  File "/home/20250572/TabPFN-TS_for_Bike_Demand_Forecasting/.venv/lib/python3.12/site-packages/wandb/sdk/lib/import_hooks.py", line 182, in _exec_module
    self.loader.exec_module(module)
  File "/home/20250572/TabPFN-TS_for_Bike_Demand_Forecasting/.venv/lib/python3.12/site-packages/pytorch_lightning/__init__.py", line 35, in <module>
    from pytorch_lightning.callbacks import Callback  # noqa: E402
    ^^^^^^^^^^^^^^^^^^^^^^^^^^^^^^^^^^^^^^^^^^^^^^^^
  File "/home/20250572/TabPFN-TS_for_Bike_Demand_Forecasting/.venv/lib/python3.12/site-packages/pytorch_lightning/callbacks/__init__.py", line 28, in <module>
    from pytorch_lightning.callbacks.pruning import ModelPruning
  File "/home/20250572/TabPFN-TS_for_Bike_Demand_Forecasting/.venv/lib/python3.12/site-packages/pytorch_lightning/callbacks/pruning.py", line 31, in <module>
    from pytorch_lightning.core.module import LightningModule
  File "/home/20250572/TabPFN-TS_for_Bike_Demand_Forecasting/.venv/lib/python3.12/site-packages/pytorch_lightning/core/__init__.py", line 16, in <module>
    from pytorch_lightning.core.module import LightningModule
  File "/home/20250572/TabPFN-TS_for_Bike_Demand_Forecasting/.venv/lib/python3.12/site-packages/pytorch_lightning/core/module.py", line 32, in <module>
    import lightning_fabric as lf
  File "/home/20250572/TabPFN-TS_for_Bike_Demand_Forecasting/.venv/lib/python3.12/site-packages/wandb/sdk/lib/import_hooks.py", line 182, in _exec_module
    self.loader.exec_module(module)
  File "/home/20250572/TabPFN-TS_for_Bike_Demand_Forecasting/.venv/lib/python3.12/site-packages/lightning_fabric/__init__.py", line 29, in <module>
    __import__("pkg_resources").declare_namespace(__name__)
    ^^^^^^^^^^^^^^^^^^^^^^^^^^^
ModuleNotFoundError: No module named 'pkg_resources'

================================================================================
[2026-03-17 18:41:16] ERROR: Error in NeuralProphet_NoWeather h=48 fold=17: No module named 'pkg_resources'
================================================================================
Traceback (most recent call last):
  File "/home/20250572/TabPFN-TS_for_Bike_Demand_Forecasting/forecasting/run_experiments.py", line 184, in run_single_experiment
    model.fit(y_train, X_train)
  File "/home/20250572/TabPFN-TS_for_Bike_Demand_Forecasting/forecasting/models/prophet_models.py", line 231, in fit
    from neuralprophet import NeuralProphet
  File "/home/20250572/TabPFN-TS_for_Bike_Demand_Forecasting/.venv/lib/python3.12/site-packages/neuralprophet/__init__.py", line 4, in <module>
    import pytorch_lightning as pl
  File "/home/20250572/TabPFN-TS_for_Bike_Demand_Forecasting/.venv/lib/python3.12/site-packages/wandb/sdk/lib/import_hooks.py", line 182, in _exec_module
    self.loader.exec_module(module)
  File "/home/20250572/TabPFN-TS_for_Bike_Demand_Forecasting/.venv/lib/python3.12/site-packages/pytorch_lightning/__init__.py", line 35, in <module>
    from pytorch_lightning.callbacks import Callback  # noqa: E402
    ^^^^^^^^^^^^^^^^^^^^^^^^^^^^^^^^^^^^^^^^^^^^^^^^
  File "/home/20250572/TabPFN-TS_for_Bike_Demand_Forecasting/.venv/lib/python3.12/site-packages/pytorch_lightning/callbacks/__init__.py", line 28, in <module>
    from pytorch_lightning.callbacks.pruning import ModelPruning
  File "/home/20250572/TabPFN-TS_for_Bike_Demand_Forecasting/.venv/lib/python3.12/site-packages/pytorch_lightning/callbacks/pruning.py", line 31, in <module>
    from pytorch_lightning.core.module import LightningModule
  File "/home/20250572/TabPFN-TS_for_Bike_Demand_Forecasting/.venv/lib/python3.12/site-packages/pytorch_lightning/core/__init__.py", line 16, in <module>
    from pytorch_lightning.core.module import LightningModule
  File "/home/20250572/TabPFN-TS_for_Bike_Demand_Forecasting/.venv/lib/python3.12/site-packages/pytorch_lightning/core/module.py", line 32, in <module>
    import lightning_fabric as lf
  File "/home/20250572/TabPFN-TS_for_Bike_Demand_Forecasting/.venv/lib/python3.12/site-packages/wandb/sdk/lib/import_hooks.py", line 182, in _exec_module
    self.loader.exec_module(module)
  File "/home/20250572/TabPFN-TS_for_Bike_Demand_Forecasting/.venv/lib/python3.12/site-packages/lightning_fabric/__init__.py", line 29, in <module>
    __import__("pkg_resources").declare_namespace(__name__)
    ^^^^^^^^^^^^^^^^^^^^^^^^^^^
ModuleNotFoundError: No module named 'pkg_resources'

================================================================================
[2026-03-17 18:41:16] ERROR: Error in NeuralProphet_NoWeather h=48 fold=18: No module named 'pkg_resources'
================================================================================
Traceback (most recent call last):
  File "/home/20250572/TabPFN-TS_for_Bike_Demand_Forecasting/forecasting/run_experiments.py", line 184, in run_single_experiment
    model.fit(y_train, X_train)
  File "/home/20250572/TabPFN-TS_for_Bike_Demand_Forecasting/forecasting/models/prophet_models.py", line 231, in fit
    from neuralprophet import NeuralProphet
  File "/home/20250572/TabPFN-TS_for_Bike_Demand_Forecasting/.venv/lib/python3.12/site-packages/neuralprophet/__init__.py", line 4, in <module>
    import pytorch_lightning as pl
  File "/home/20250572/TabPFN-TS_for_Bike_Demand_Forecasting/.venv/lib/python3.12/site-packages/wandb/sdk/lib/import_hooks.py", line 182, in _exec_module
    self.loader.exec_module(module)
  File "/home/20250572/TabPFN-TS_for_Bike_Demand_Forecasting/.venv/lib/python3.12/site-packages/pytorch_lightning/__init__.py", line 35, in <module>
    from pytorch_lightning.callbacks import Callback  # noqa: E402
    ^^^^^^^^^^^^^^^^^^^^^^^^^^^^^^^^^^^^^^^^^^^^^^^^
  File "/home/20250572/TabPFN-TS_for_Bike_Demand_Forecasting/.venv/lib/python3.12/site-packages/pytorch_lightning/callbacks/__init__.py", line 28, in <module>
    from pytorch_lightning.callbacks.pruning import ModelPruning
  File "/home/20250572/TabPFN-TS_for_Bike_Demand_Forecasting/.venv/lib/python3.12/site-packages/pytorch_lightning/callbacks/pruning.py", line 31, in <module>
    from pytorch_lightning.core.module import LightningModule
  File "/home/20250572/TabPFN-TS_for_Bike_Demand_Forecasting/.venv/lib/python3.12/site-packages/pytorch_lightning/core/__init__.py", line 16, in <module>
    from pytorch_lightning.core.module import LightningModule
  File "/home/20250572/TabPFN-TS_for_Bike_Demand_Forecasting/.venv/lib/python3.12/site-packages/pytorch_lightning/core/module.py", line 32, in <module>
    import lightning_fabric as lf
  File "/home/20250572/TabPFN-TS_for_Bike_Demand_Forecasting/.venv/lib/python3.12/site-packages/wandb/sdk/lib/import_hooks.py", line 182, in _exec_module
    self.loader.exec_module(module)
  File "/home/20250572/TabPFN-TS_for_Bike_Demand_Forecasting/.venv/lib/python3.12/site-packages/lightning_fabric/__init__.py", line 29, in <module>
    __import__("pkg_resources").declare_namespace(__name__)
    ^^^^^^^^^^^^^^^^^^^^^^^^^^^
ModuleNotFoundError: No module named 'pkg_resources'

================================================================================
[2026-03-17 18:41:16] ERROR: Error in NeuralProphet_NoWeather h=48 fold=19: No module named 'pkg_resources'
================================================================================
Traceback (most recent call last):
  File "/home/20250572/TabPFN-TS_for_Bike_Demand_Forecasting/forecasting/run_experiments.py", line 184, in run_single_experiment
    model.fit(y_train, X_train)
  File "/home/20250572/TabPFN-TS_for_Bike_Demand_Forecasting/forecasting/models/prophet_models.py", line 231, in fit
    from neuralprophet import NeuralProphet
  File "/home/20250572/TabPFN-TS_for_Bike_Demand_Forecasting/.venv/lib/python3.12/site-packages/neuralprophet/__init__.py", line 4, in <module>
    import pytorch_lightning as pl
  File "/home/20250572/TabPFN-TS_for_Bike_Demand_Forecasting/.venv/lib/python3.12/site-packages/wandb/sdk/lib/import_hooks.py", line 182, in _exec_module
    self.loader.exec_module(module)
  File "/home/20250572/TabPFN-TS_for_Bike_Demand_Forecasting/.venv/lib/python3.12/site-packages/pytorch_lightning/__init__.py", line 35, in <module>
    from pytorch_lightning.callbacks import Callback  # noqa: E402
    ^^^^^^^^^^^^^^^^^^^^^^^^^^^^^^^^^^^^^^^^^^^^^^^^
  File "/home/20250572/TabPFN-TS_for_Bike_Demand_Forecasting/.venv/lib/python3.12/site-packages/pytorch_lightning/callbacks/__init__.py", line 28, in <module>
    from pytorch_lightning.callbacks.pruning import ModelPruning
  File "/home/20250572/TabPFN-TS_for_Bike_Demand_Forecasting/.venv/lib/python3.12/site-packages/pytorch_lightning/callbacks/pruning.py", line 31, in <module>
    from pytorch_lightning.core.module import LightningModule
  File "/home/20250572/TabPFN-TS_for_Bike_Demand_Forecasting/.venv/lib/python3.12/site-packages/pytorch_lightning/core/__init__.py", line 16, in <module>
    from pytorch_lightning.core.module import LightningModule
  File "/home/20250572/TabPFN-TS_for_Bike_Demand_Forecasting/.venv/lib/python3.12/site-packages/pytorch_lightning/core/module.py", line 32, in <module>
    import lightning_fabric as lf
  File "/home/20250572/TabPFN-TS_for_Bike_Demand_Forecasting/.venv/lib/python3.12/site-packages/wandb/sdk/lib/import_hooks.py", line 182, in _exec_module
    self.loader.exec_module(module)
  File "/home/20250572/TabPFN-TS_for_Bike_Demand_Forecasting/.venv/lib/python3.12/site-packages/lightning_fabric/__init__.py", line 29, in <module>
    __import__("pkg_resources").declare_namespace(__name__)
    ^^^^^^^^^^^^^^^^^^^^^^^^^^^
ModuleNotFoundError: No module named 'pkg_resources'

================================================================================
[2026-03-17 18:41:16] ERROR: Error in NeuralProphet_NoWeather h=168 fold=0: No module named 'pkg_resources'
================================================================================
Traceback (most recent call last):
  File "/home/20250572/TabPFN-TS_for_Bike_Demand_Forecasting/forecasting/run_experiments.py", line 184, in run_single_experiment
    model.fit(y_train, X_train)
  File "/home/20250572/TabPFN-TS_for_Bike_Demand_Forecasting/forecasting/models/prophet_models.py", line 231, in fit
    from neuralprophet import NeuralProphet
  File "/home/20250572/TabPFN-TS_for_Bike_Demand_Forecasting/.venv/lib/python3.12/site-packages/neuralprophet/__init__.py", line 4, in <module>
    import pytorch_lightning as pl
  File "/home/20250572/TabPFN-TS_for_Bike_Demand_Forecasting/.venv/lib/python3.12/site-packages/wandb/sdk/lib/import_hooks.py", line 182, in _exec_module
    self.loader.exec_module(module)
  File "/home/20250572/TabPFN-TS_for_Bike_Demand_Forecasting/.venv/lib/python3.12/site-packages/pytorch_lightning/__init__.py", line 35, in <module>
    from pytorch_lightning.callbacks import Callback  # noqa: E402
    ^^^^^^^^^^^^^^^^^^^^^^^^^^^^^^^^^^^^^^^^^^^^^^^^
  File "/home/20250572/TabPFN-TS_for_Bike_Demand_Forecasting/.venv/lib/python3.12/site-packages/pytorch_lightning/callbacks/__init__.py", line 28, in <module>
    from pytorch_lightning.callbacks.pruning import ModelPruning
  File "/home/20250572/TabPFN-TS_for_Bike_Demand_Forecasting/.venv/lib/python3.12/site-packages/pytorch_lightning/callbacks/pruning.py", line 31, in <module>
    from pytorch_lightning.core.module import LightningModule
  File "/home/20250572/TabPFN-TS_for_Bike_Demand_Forecasting/.venv/lib/python3.12/site-packages/pytorch_lightning/core/__init__.py", line 16, in <module>
    from pytorch_lightning.core.module import LightningModule
  File "/home/20250572/TabPFN-TS_for_Bike_Demand_Forecasting/.venv/lib/python3.12/site-packages/pytorch_lightning/core/module.py", line 32, in <module>
    import lightning_fabric as lf
  File "/home/20250572/TabPFN-TS_for_Bike_Demand_Forecasting/.venv/lib/python3.12/site-packages/wandb/sdk/lib/import_hooks.py", line 182, in _exec_module
    self.loader.exec_module(module)
  File "/home/20250572/TabPFN-TS_for_Bike_Demand_Forecasting/.venv/lib/python3.12/site-packages/lightning_fabric/__init__.py", line 29, in <module>
    __import__("pkg_resources").declare_namespace(__name__)
    ^^^^^^^^^^^^^^^^^^^^^^^^^^^
ModuleNotFoundError: No module named 'pkg_resources'

================================================================================
[2026-03-17 18:41:16] ERROR: Error in NeuralProphet_NoWeather h=168 fold=1: No module named 'pkg_resources'
================================================================================
Traceback (most recent call last):
  File "/home/20250572/TabPFN-TS_for_Bike_Demand_Forecasting/forecasting/run_experiments.py", line 184, in run_single_experiment
    model.fit(y_train, X_train)
  File "/home/20250572/TabPFN-TS_for_Bike_Demand_Forecasting/forecasting/models/prophet_models.py", line 231, in fit
    from neuralprophet import NeuralProphet
  File "/home/20250572/TabPFN-TS_for_Bike_Demand_Forecasting/.venv/lib/python3.12/site-packages/neuralprophet/__init__.py", line 4, in <module>
    import pytorch_lightning as pl
  File "/home/20250572/TabPFN-TS_for_Bike_Demand_Forecasting/.venv/lib/python3.12/site-packages/wandb/sdk/lib/import_hooks.py", line 182, in _exec_module
    self.loader.exec_module(module)
  File "/home/20250572/TabPFN-TS_for_Bike_Demand_Forecasting/.venv/lib/python3.12/site-packages/pytorch_lightning/__init__.py", line 35, in <module>
    from pytorch_lightning.callbacks import Callback  # noqa: E402
    ^^^^^^^^^^^^^^^^^^^^^^^^^^^^^^^^^^^^^^^^^^^^^^^^
  File "/home/20250572/TabPFN-TS_for_Bike_Demand_Forecasting/.venv/lib/python3.12/site-packages/pytorch_lightning/callbacks/__init__.py", line 28, in <module>
    from pytorch_lightning.callbacks.pruning import ModelPruning
  File "/home/20250572/TabPFN-TS_for_Bike_Demand_Forecasting/.venv/lib/python3.12/site-packages/pytorch_lightning/callbacks/pruning.py", line 31, in <module>
    from pytorch_lightning.core.module import LightningModule
  File "/home/20250572/TabPFN-TS_for_Bike_Demand_Forecasting/.venv/lib/python3.12/site-packages/pytorch_lightning/core/__init__.py", line 16, in <module>
    from pytorch_lightning.core.module import LightningModule
  File "/home/20250572/TabPFN-TS_for_Bike_Demand_Forecasting/.venv/lib/python3.12/site-packages/pytorch_lightning/core/module.py", line 32, in <module>
    import lightning_fabric as lf
  File "/home/20250572/TabPFN-TS_for_Bike_Demand_Forecasting/.venv/lib/python3.12/site-packages/wandb/sdk/lib/import_hooks.py", line 182, in _exec_module
    self.loader.exec_module(module)
  File "/home/20250572/TabPFN-TS_for_Bike_Demand_Forecasting/.venv/lib/python3.12/site-packages/lightning_fabric/__init__.py", line 29, in <module>
    __import__("pkg_resources").declare_namespace(__name__)
    ^^^^^^^^^^^^^^^^^^^^^^^^^^^
ModuleNotFoundError: No module named 'pkg_resources'

================================================================================
[2026-03-17 18:41:16] ERROR: Error in NeuralProphet_NoWeather h=168 fold=2: No module named 'pkg_resources'
================================================================================
Traceback (most recent call last):
  File "/home/20250572/TabPFN-TS_for_Bike_Demand_Forecasting/forecasting/run_experiments.py", line 184, in run_single_experiment
    model.fit(y_train, X_train)
  File "/home/20250572/TabPFN-TS_for_Bike_Demand_Forecasting/forecasting/models/prophet_models.py", line 231, in fit
    from neuralprophet import NeuralProphet
  File "/home/20250572/TabPFN-TS_for_Bike_Demand_Forecasting/.venv/lib/python3.12/site-packages/neuralprophet/__init__.py", line 4, in <module>
    import pytorch_lightning as pl
  File "/home/20250572/TabPFN-TS_for_Bike_Demand_Forecasting/.venv/lib/python3.12/site-packages/wandb/sdk/lib/import_hooks.py", line 182, in _exec_module
    self.loader.exec_module(module)
  File "/home/20250572/TabPFN-TS_for_Bike_Demand_Forecasting/.venv/lib/python3.12/site-packages/pytorch_lightning/__init__.py", line 35, in <module>
    from pytorch_lightning.callbacks import Callback  # noqa: E402
    ^^^^^^^^^^^^^^^^^^^^^^^^^^^^^^^^^^^^^^^^^^^^^^^^
  File "/home/20250572/TabPFN-TS_for_Bike_Demand_Forecasting/.venv/lib/python3.12/site-packages/pytorch_lightning/callbacks/__init__.py", line 28, in <module>
    from pytorch_lightning.callbacks.pruning import ModelPruning
  File "/home/20250572/TabPFN-TS_for_Bike_Demand_Forecasting/.venv/lib/python3.12/site-packages/pytorch_lightning/callbacks/pruning.py", line 31, in <module>
    from pytorch_lightning.core.module import LightningModule
  File "/home/20250572/TabPFN-TS_for_Bike_Demand_Forecasting/.venv/lib/python3.12/site-packages/pytorch_lightning/core/__init__.py", line 16, in <module>
    from pytorch_lightning.core.module import LightningModule
  File "/home/20250572/TabPFN-TS_for_Bike_Demand_Forecasting/.venv/lib/python3.12/site-packages/pytorch_lightning/core/module.py", line 32, in <module>
    import lightning_fabric as lf
  File "/home/20250572/TabPFN-TS_for_Bike_Demand_Forecasting/.venv/lib/python3.12/site-packages/wandb/sdk/lib/import_hooks.py", line 182, in _exec_module
    self.loader.exec_module(module)
  File "/home/20250572/TabPFN-TS_for_Bike_Demand_Forecasting/.venv/lib/python3.12/site-packages/lightning_fabric/__init__.py", line 29, in <module>
    __import__("pkg_resources").declare_namespace(__name__)
    ^^^^^^^^^^^^^^^^^^^^^^^^^^^
ModuleNotFoundError: No module named 'pkg_resources'

================================================================================
[2026-03-17 18:41:16] ERROR: Error in NeuralProphet_NoWeather h=168 fold=3: No module named 'pkg_resources'
================================================================================
Traceback (most recent call last):
  File "/home/20250572/TabPFN-TS_for_Bike_Demand_Forecasting/forecasting/run_experiments.py", line 184, in run_single_experiment
    model.fit(y_train, X_train)
  File "/home/20250572/TabPFN-TS_for_Bike_Demand_Forecasting/forecasting/models/prophet_models.py", line 231, in fit
    from neuralprophet import NeuralProphet
  File "/home/20250572/TabPFN-TS_for_Bike_Demand_Forecasting/.venv/lib/python3.12/site-packages/neuralprophet/__init__.py", line 4, in <module>
    import pytorch_lightning as pl
  File "/home/20250572/TabPFN-TS_for_Bike_Demand_Forecasting/.venv/lib/python3.12/site-packages/wandb/sdk/lib/import_hooks.py", line 182, in _exec_module
    self.loader.exec_module(module)
  File "/home/20250572/TabPFN-TS_for_Bike_Demand_Forecasting/.venv/lib/python3.12/site-packages/pytorch_lightning/__init__.py", line 35, in <module>
    from pytorch_lightning.callbacks import Callback  # noqa: E402
    ^^^^^^^^^^^^^^^^^^^^^^^^^^^^^^^^^^^^^^^^^^^^^^^^
  File "/home/20250572/TabPFN-TS_for_Bike_Demand_Forecasting/.venv/lib/python3.12/site-packages/pytorch_lightning/callbacks/__init__.py", line 28, in <module>
    from pytorch_lightning.callbacks.pruning import ModelPruning
  File "/home/20250572/TabPFN-TS_for_Bike_Demand_Forecasting/.venv/lib/python3.12/site-packages/pytorch_lightning/callbacks/pruning.py", line 31, in <module>
    from pytorch_lightning.core.module import LightningModule
  File "/home/20250572/TabPFN-TS_for_Bike_Demand_Forecasting/.venv/lib/python3.12/site-packages/pytorch_lightning/core/__init__.py", line 16, in <module>
    from pytorch_lightning.core.module import LightningModule
  File "/home/20250572/TabPFN-TS_for_Bike_Demand_Forecasting/.venv/lib/python3.12/site-packages/pytorch_lightning/core/module.py", line 32, in <module>
    import lightning_fabric as lf
  File "/home/20250572/TabPFN-TS_for_Bike_Demand_Forecasting/.venv/lib/python3.12/site-packages/wandb/sdk/lib/import_hooks.py", line 182, in _exec_module
    self.loader.exec_module(module)
  File "/home/20250572/TabPFN-TS_for_Bike_Demand_Forecasting/.venv/lib/python3.12/site-packages/lightning_fabric/__init__.py", line 29, in <module>
    __import__("pkg_resources").declare_namespace(__name__)
    ^^^^^^^^^^^^^^^^^^^^^^^^^^^
ModuleNotFoundError: No module named 'pkg_resources'

================================================================================
[2026-03-17 18:41:16] ERROR: Error in NeuralProphet_NoWeather h=168 fold=4: No module named 'pkg_resources'
================================================================================
Traceback (most recent call last):
  File "/home/20250572/TabPFN-TS_for_Bike_Demand_Forecasting/forecasting/run_experiments.py", line 184, in run_single_experiment
    model.fit(y_train, X_train)
  File "/home/20250572/TabPFN-TS_for_Bike_Demand_Forecasting/forecasting/models/prophet_models.py", line 231, in fit
    from neuralprophet import NeuralProphet
  File "/home/20250572/TabPFN-TS_for_Bike_Demand_Forecasting/.venv/lib/python3.12/site-packages/neuralprophet/__init__.py", line 4, in <module>
    import pytorch_lightning as pl
  File "/home/20250572/TabPFN-TS_for_Bike_Demand_Forecasting/.venv/lib/python3.12/site-packages/wandb/sdk/lib/import_hooks.py", line 182, in _exec_module
    self.loader.exec_module(module)
  File "/home/20250572/TabPFN-TS_for_Bike_Demand_Forecasting/.venv/lib/python3.12/site-packages/pytorch_lightning/__init__.py", line 35, in <module>
    from pytorch_lightning.callbacks import Callback  # noqa: E402
    ^^^^^^^^^^^^^^^^^^^^^^^^^^^^^^^^^^^^^^^^^^^^^^^^
  File "/home/20250572/TabPFN-TS_for_Bike_Demand_Forecasting/.venv/lib/python3.12/site-packages/pytorch_lightning/callbacks/__init__.py", line 28, in <module>
    from pytorch_lightning.callbacks.pruning import ModelPruning
  File "/home/20250572/TabPFN-TS_for_Bike_Demand_Forecasting/.venv/lib/python3.12/site-packages/pytorch_lightning/callbacks/pruning.py", line 31, in <module>
    from pytorch_lightning.core.module import LightningModule
  File "/home/20250572/TabPFN-TS_for_Bike_Demand_Forecasting/.venv/lib/python3.12/site-packages/pytorch_lightning/core/__init__.py", line 16, in <module>
    from pytorch_lightning.core.module import LightningModule
  File "/home/20250572/TabPFN-TS_for_Bike_Demand_Forecasting/.venv/lib/python3.12/site-packages/pytorch_lightning/core/module.py", line 32, in <module>
    import lightning_fabric as lf
  File "/home/20250572/TabPFN-TS_for_Bike_Demand_Forecasting/.venv/lib/python3.12/site-packages/wandb/sdk/lib/import_hooks.py", line 182, in _exec_module
    self.loader.exec_module(module)
  File "/home/20250572/TabPFN-TS_for_Bike_Demand_Forecasting/.venv/lib/python3.12/site-packages/lightning_fabric/__init__.py", line 29, in <module>
    __import__("pkg_resources").declare_namespace(__name__)
    ^^^^^^^^^^^^^^^^^^^^^^^^^^^
ModuleNotFoundError: No module named 'pkg_resources'

================================================================================
[2026-03-17 18:41:16] ERROR: Error in NeuralProphet_NoWeather h=168 fold=5: No module named 'pkg_resources'
================================================================================
Traceback (most recent call last):
  File "/home/20250572/TabPFN-TS_for_Bike_Demand_Forecasting/forecasting/run_experiments.py", line 184, in run_single_experiment
    model.fit(y_train, X_train)
  File "/home/20250572/TabPFN-TS_for_Bike_Demand_Forecasting/forecasting/models/prophet_models.py", line 231, in fit
    from neuralprophet import NeuralProphet
  File "/home/20250572/TabPFN-TS_for_Bike_Demand_Forecasting/.venv/lib/python3.12/site-packages/neuralprophet/__init__.py", line 4, in <module>
    import pytorch_lightning as pl
  File "/home/20250572/TabPFN-TS_for_Bike_Demand_Forecasting/.venv/lib/python3.12/site-packages/wandb/sdk/lib/import_hooks.py", line 182, in _exec_module
    self.loader.exec_module(module)
  File "/home/20250572/TabPFN-TS_for_Bike_Demand_Forecasting/.venv/lib/python3.12/site-packages/pytorch_lightning/__init__.py", line 35, in <module>
    from pytorch_lightning.callbacks import Callback  # noqa: E402
    ^^^^^^^^^^^^^^^^^^^^^^^^^^^^^^^^^^^^^^^^^^^^^^^^
  File "/home/20250572/TabPFN-TS_for_Bike_Demand_Forecasting/.venv/lib/python3.12/site-packages/pytorch_lightning/callbacks/__init__.py", line 28, in <module>
    from pytorch_lightning.callbacks.pruning import ModelPruning
  File "/home/20250572/TabPFN-TS_for_Bike_Demand_Forecasting/.venv/lib/python3.12/site-packages/pytorch_lightning/callbacks/pruning.py", line 31, in <module>
    from pytorch_lightning.core.module import LightningModule
  File "/home/20250572/TabPFN-TS_for_Bike_Demand_Forecasting/.venv/lib/python3.12/site-packages/pytorch_lightning/core/__init__.py", line 16, in <module>
    from pytorch_lightning.core.module import LightningModule
  File "/home/20250572/TabPFN-TS_for_Bike_Demand_Forecasting/.venv/lib/python3.12/site-packages/pytorch_lightning/core/module.py", line 32, in <module>
    import lightning_fabric as lf
  File "/home/20250572/TabPFN-TS_for_Bike_Demand_Forecasting/.venv/lib/python3.12/site-packages/wandb/sdk/lib/import_hooks.py", line 182, in _exec_module
    self.loader.exec_module(module)
  File "/home/20250572/TabPFN-TS_for_Bike_Demand_Forecasting/.venv/lib/python3.12/site-packages/lightning_fabric/__init__.py", line 29, in <module>
    __import__("pkg_resources").declare_namespace(__name__)
    ^^^^^^^^^^^^^^^^^^^^^^^^^^^
ModuleNotFoundError: No module named 'pkg_resources'

================================================================================
[2026-03-17 18:41:16] ERROR: Error in NeuralProphet_NoWeather h=168 fold=6: No module named 'pkg_resources'
================================================================================
Traceback (most recent call last):
  File "/home/20250572/TabPFN-TS_for_Bike_Demand_Forecasting/forecasting/run_experiments.py", line 184, in run_single_experiment
    model.fit(y_train, X_train)
  File "/home/20250572/TabPFN-TS_for_Bike_Demand_Forecasting/forecasting/models/prophet_models.py", line 231, in fit
    from neuralprophet import NeuralProphet
  File "/home/20250572/TabPFN-TS_for_Bike_Demand_Forecasting/.venv/lib/python3.12/site-packages/neuralprophet/__init__.py", line 4, in <module>
    import pytorch_lightning as pl
  File "/home/20250572/TabPFN-TS_for_Bike_Demand_Forecasting/.venv/lib/python3.12/site-packages/wandb/sdk/lib/import_hooks.py", line 182, in _exec_module
    self.loader.exec_module(module)
  File "/home/20250572/TabPFN-TS_for_Bike_Demand_Forecasting/.venv/lib/python3.12/site-packages/pytorch_lightning/__init__.py", line 35, in <module>
    from pytorch_lightning.callbacks import Callback  # noqa: E402
    ^^^^^^^^^^^^^^^^^^^^^^^^^^^^^^^^^^^^^^^^^^^^^^^^
  File "/home/20250572/TabPFN-TS_for_Bike_Demand_Forecasting/.venv/lib/python3.12/site-packages/pytorch_lightning/callbacks/__init__.py", line 28, in <module>
    from pytorch_lightning.callbacks.pruning import ModelPruning
  File "/home/20250572/TabPFN-TS_for_Bike_Demand_Forecasting/.venv/lib/python3.12/site-packages/pytorch_lightning/callbacks/pruning.py", line 31, in <module>
    from pytorch_lightning.core.module import LightningModule
  File "/home/20250572/TabPFN-TS_for_Bike_Demand_Forecasting/.venv/lib/python3.12/site-packages/pytorch_lightning/core/__init__.py", line 16, in <module>
    from pytorch_lightning.core.module import LightningModule
  File "/home/20250572/TabPFN-TS_for_Bike_Demand_Forecasting/.venv/lib/python3.12/site-packages/pytorch_lightning/core/module.py", line 32, in <module>
    import lightning_fabric as lf
  File "/home/20250572/TabPFN-TS_for_Bike_Demand_Forecasting/.venv/lib/python3.12/site-packages/wandb/sdk/lib/import_hooks.py", line 182, in _exec_module
    self.loader.exec_module(module)
  File "/home/20250572/TabPFN-TS_for_Bike_Demand_Forecasting/.venv/lib/python3.12/site-packages/lightning_fabric/__init__.py", line 29, in <module>
    __import__("pkg_resources").declare_namespace(__name__)
    ^^^^^^^^^^^^^^^^^^^^^^^^^^^
ModuleNotFoundError: No module named 'pkg_resources'

================================================================================
[2026-03-17 18:41:16] ERROR: Error in NeuralProphet_NoWeather h=168 fold=7: No module named 'pkg_resources'
================================================================================
Traceback (most recent call last):
  File "/home/20250572/TabPFN-TS_for_Bike_Demand_Forecasting/forecasting/run_experiments.py", line 184, in run_single_experiment
    model.fit(y_train, X_train)
  File "/home/20250572/TabPFN-TS_for_Bike_Demand_Forecasting/forecasting/models/prophet_models.py", line 231, in fit
    from neuralprophet import NeuralProphet
  File "/home/20250572/TabPFN-TS_for_Bike_Demand_Forecasting/.venv/lib/python3.12/site-packages/neuralprophet/__init__.py", line 4, in <module>
    import pytorch_lightning as pl
  File "/home/20250572/TabPFN-TS_for_Bike_Demand_Forecasting/.venv/lib/python3.12/site-packages/wandb/sdk/lib/import_hooks.py", line 182, in _exec_module
    self.loader.exec_module(module)
  File "/home/20250572/TabPFN-TS_for_Bike_Demand_Forecasting/.venv/lib/python3.12/site-packages/pytorch_lightning/__init__.py", line 35, in <module>
    from pytorch_lightning.callbacks import Callback  # noqa: E402
    ^^^^^^^^^^^^^^^^^^^^^^^^^^^^^^^^^^^^^^^^^^^^^^^^
  File "/home/20250572/TabPFN-TS_for_Bike_Demand_Forecasting/.venv/lib/python3.12/site-packages/pytorch_lightning/callbacks/__init__.py", line 28, in <module>
    from pytorch_lightning.callbacks.pruning import ModelPruning
  File "/home/20250572/TabPFN-TS_for_Bike_Demand_Forecasting/.venv/lib/python3.12/site-packages/pytorch_lightning/callbacks/pruning.py", line 31, in <module>
    from pytorch_lightning.core.module import LightningModule
  File "/home/20250572/TabPFN-TS_for_Bike_Demand_Forecasting/.venv/lib/python3.12/site-packages/pytorch_lightning/core/__init__.py", line 16, in <module>
    from pytorch_lightning.core.module import LightningModule
  File "/home/20250572/TabPFN-TS_for_Bike_Demand_Forecasting/.venv/lib/python3.12/site-packages/pytorch_lightning/core/module.py", line 32, in <module>
    import lightning_fabric as lf
  File "/home/20250572/TabPFN-TS_for_Bike_Demand_Forecasting/.venv/lib/python3.12/site-packages/wandb/sdk/lib/import_hooks.py", line 182, in _exec_module
    self.loader.exec_module(module)
  File "/home/20250572/TabPFN-TS_for_Bike_Demand_Forecasting/.venv/lib/python3.12/site-packages/lightning_fabric/__init__.py", line 29, in <module>
    __import__("pkg_resources").declare_namespace(__name__)
    ^^^^^^^^^^^^^^^^^^^^^^^^^^^
ModuleNotFoundError: No module named 'pkg_resources'

================================================================================
[2026-03-17 18:41:16] ERROR: Error in NeuralProphet_NoWeather h=168 fold=8: No module named 'pkg_resources'
================================================================================
Traceback (most recent call last):
  File "/home/20250572/TabPFN-TS_for_Bike_Demand_Forecasting/forecasting/run_experiments.py", line 184, in run_single_experiment
    model.fit(y_train, X_train)
  File "/home/20250572/TabPFN-TS_for_Bike_Demand_Forecasting/forecasting/models/prophet_models.py", line 231, in fit
    from neuralprophet import NeuralProphet
  File "/home/20250572/TabPFN-TS_for_Bike_Demand_Forecasting/.venv/lib/python3.12/site-packages/neuralprophet/__init__.py", line 4, in <module>
    import pytorch_lightning as pl
  File "/home/20250572/TabPFN-TS_for_Bike_Demand_Forecasting/.venv/lib/python3.12/site-packages/wandb/sdk/lib/import_hooks.py", line 182, in _exec_module
    self.loader.exec_module(module)
  File "/home/20250572/TabPFN-TS_for_Bike_Demand_Forecasting/.venv/lib/python3.12/site-packages/pytorch_lightning/__init__.py", line 35, in <module>
    from pytorch_lightning.callbacks import Callback  # noqa: E402
    ^^^^^^^^^^^^^^^^^^^^^^^^^^^^^^^^^^^^^^^^^^^^^^^^
  File "/home/20250572/TabPFN-TS_for_Bike_Demand_Forecasting/.venv/lib/python3.12/site-packages/pytorch_lightning/callbacks/__init__.py", line 28, in <module>
    from pytorch_lightning.callbacks.pruning import ModelPruning
  File "/home/20250572/TabPFN-TS_for_Bike_Demand_Forecasting/.venv/lib/python3.12/site-packages/pytorch_lightning/callbacks/pruning.py", line 31, in <module>
    from pytorch_lightning.core.module import LightningModule
  File "/home/20250572/TabPFN-TS_for_Bike_Demand_Forecasting/.venv/lib/python3.12/site-packages/pytorch_lightning/core/__init__.py", line 16, in <module>
    from pytorch_lightning.core.module import LightningModule
  File "/home/20250572/TabPFN-TS_for_Bike_Demand_Forecasting/.venv/lib/python3.12/site-packages/pytorch_lightning/core/module.py", line 32, in <module>
    import lightning_fabric as lf
  File "/home/20250572/TabPFN-TS_for_Bike_Demand_Forecasting/.venv/lib/python3.12/site-packages/wandb/sdk/lib/import_hooks.py", line 182, in _exec_module
    self.loader.exec_module(module)
  File "/home/20250572/TabPFN-TS_for_Bike_Demand_Forecasting/.venv/lib/python3.12/site-packages/lightning_fabric/__init__.py", line 29, in <module>
    __import__("pkg_resources").declare_namespace(__name__)
    ^^^^^^^^^^^^^^^^^^^^^^^^^^^
ModuleNotFoundError: No module named 'pkg_resources'

================================================================================
[2026-03-17 18:41:16] ERROR: Error in NeuralProphet_NoWeather h=168 fold=9: No module named 'pkg_resources'
================================================================================
Traceback (most recent call last):
  File "/home/20250572/TabPFN-TS_for_Bike_Demand_Forecasting/forecasting/run_experiments.py", line 184, in run_single_experiment
    model.fit(y_train, X_train)
  File "/home/20250572/TabPFN-TS_for_Bike_Demand_Forecasting/forecasting/models/prophet_models.py", line 231, in fit
    from neuralprophet import NeuralProphet
  File "/home/20250572/TabPFN-TS_for_Bike_Demand_Forecasting/.venv/lib/python3.12/site-packages/neuralprophet/__init__.py", line 4, in <module>
    import pytorch_lightning as pl
  File "/home/20250572/TabPFN-TS_for_Bike_Demand_Forecasting/.venv/lib/python3.12/site-packages/wandb/sdk/lib/import_hooks.py", line 182, in _exec_module
    self.loader.exec_module(module)
  File "/home/20250572/TabPFN-TS_for_Bike_Demand_Forecasting/.venv/lib/python3.12/site-packages/pytorch_lightning/__init__.py", line 35, in <module>
    from pytorch_lightning.callbacks import Callback  # noqa: E402
    ^^^^^^^^^^^^^^^^^^^^^^^^^^^^^^^^^^^^^^^^^^^^^^^^
  File "/home/20250572/TabPFN-TS_for_Bike_Demand_Forecasting/.venv/lib/python3.12/site-packages/pytorch_lightning/callbacks/__init__.py", line 28, in <module>
    from pytorch_lightning.callbacks.pruning import ModelPruning
  File "/home/20250572/TabPFN-TS_for_Bike_Demand_Forecasting/.venv/lib/python3.12/site-packages/pytorch_lightning/callbacks/pruning.py", line 31, in <module>
    from pytorch_lightning.core.module import LightningModule
  File "/home/20250572/TabPFN-TS_for_Bike_Demand_Forecasting/.venv/lib/python3.12/site-packages/pytorch_lightning/core/__init__.py", line 16, in <module>
    from pytorch_lightning.core.module import LightningModule
  File "/home/20250572/TabPFN-TS_for_Bike_Demand_Forecasting/.venv/lib/python3.12/site-packages/pytorch_lightning/core/module.py", line 32, in <module>
    import lightning_fabric as lf
  File "/home/20250572/TabPFN-TS_for_Bike_Demand_Forecasting/.venv/lib/python3.12/site-packages/wandb/sdk/lib/import_hooks.py", line 182, in _exec_module
    self.loader.exec_module(module)
  File "/home/20250572/TabPFN-TS_for_Bike_Demand_Forecasting/.venv/lib/python3.12/site-packages/lightning_fabric/__init__.py", line 29, in <module>
    __import__("pkg_resources").declare_namespace(__name__)
    ^^^^^^^^^^^^^^^^^^^^^^^^^^^
ModuleNotFoundError: No module named 'pkg_resources'

================================================================================
[2026-03-17 18:41:16] ERROR: Error in NeuralProphet_NoWeather h=168 fold=10: No module named 'pkg_resources'
================================================================================
Traceback (most recent call last):
  File "/home/20250572/TabPFN-TS_for_Bike_Demand_Forecasting/forecasting/run_experiments.py", line 184, in run_single_experiment
    model.fit(y_train, X_train)
  File "/home/20250572/TabPFN-TS_for_Bike_Demand_Forecasting/forecasting/models/prophet_models.py", line 231, in fit
    from neuralprophet import NeuralProphet
  File "/home/20250572/TabPFN-TS_for_Bike_Demand_Forecasting/.venv/lib/python3.12/site-packages/neuralprophet/__init__.py", line 4, in <module>
    import pytorch_lightning as pl
  File "/home/20250572/TabPFN-TS_for_Bike_Demand_Forecasting/.venv/lib/python3.12/site-packages/wandb/sdk/lib/import_hooks.py", line 182, in _exec_module
    self.loader.exec_module(module)
  File "/home/20250572/TabPFN-TS_for_Bike_Demand_Forecasting/.venv/lib/python3.12/site-packages/pytorch_lightning/__init__.py", line 35, in <module>
    from pytorch_lightning.callbacks import Callback  # noqa: E402
    ^^^^^^^^^^^^^^^^^^^^^^^^^^^^^^^^^^^^^^^^^^^^^^^^
  File "/home/20250572/TabPFN-TS_for_Bike_Demand_Forecasting/.venv/lib/python3.12/site-packages/pytorch_lightning/callbacks/__init__.py", line 28, in <module>
    from pytorch_lightning.callbacks.pruning import ModelPruning
  File "/home/20250572/TabPFN-TS_for_Bike_Demand_Forecasting/.venv/lib/python3.12/site-packages/pytorch_lightning/callbacks/pruning.py", line 31, in <module>
    from pytorch_lightning.core.module import LightningModule
  File "/home/20250572/TabPFN-TS_for_Bike_Demand_Forecasting/.venv/lib/python3.12/site-packages/pytorch_lightning/core/__init__.py", line 16, in <module>
    from pytorch_lightning.core.module import LightningModule
  File "/home/20250572/TabPFN-TS_for_Bike_Demand_Forecasting/.venv/lib/python3.12/site-packages/pytorch_lightning/core/module.py", line 32, in <module>
    import lightning_fabric as lf
  File "/home/20250572/TabPFN-TS_for_Bike_Demand_Forecasting/.venv/lib/python3.12/site-packages/wandb/sdk/lib/import_hooks.py", line 182, in _exec_module
    self.loader.exec_module(module)
  File "/home/20250572/TabPFN-TS_for_Bike_Demand_Forecasting/.venv/lib/python3.12/site-packages/lightning_fabric/__init__.py", line 29, in <module>
    __import__("pkg_resources").declare_namespace(__name__)
    ^^^^^^^^^^^^^^^^^^^^^^^^^^^
ModuleNotFoundError: No module named 'pkg_resources'

================================================================================
[2026-03-17 18:41:16] ERROR: Error in NeuralProphet_NoWeather h=168 fold=11: No module named 'pkg_resources'
================================================================================
Traceback (most recent call last):
  File "/home/20250572/TabPFN-TS_for_Bike_Demand_Forecasting/forecasting/run_experiments.py", line 184, in run_single_experiment
    model.fit(y_train, X_train)
  File "/home/20250572/TabPFN-TS_for_Bike_Demand_Forecasting/forecasting/models/prophet_models.py", line 231, in fit
    from neuralprophet import NeuralProphet
  File "/home/20250572/TabPFN-TS_for_Bike_Demand_Forecasting/.venv/lib/python3.12/site-packages/neuralprophet/__init__.py", line 4, in <module>
    import pytorch_lightning as pl
  File "/home/20250572/TabPFN-TS_for_Bike_Demand_Forecasting/.venv/lib/python3.12/site-packages/wandb/sdk/lib/import_hooks.py", line 182, in _exec_module
    self.loader.exec_module(module)
  File "/home/20250572/TabPFN-TS_for_Bike_Demand_Forecasting/.venv/lib/python3.12/site-packages/pytorch_lightning/__init__.py", line 35, in <module>
    from pytorch_lightning.callbacks import Callback  # noqa: E402
    ^^^^^^^^^^^^^^^^^^^^^^^^^^^^^^^^^^^^^^^^^^^^^^^^
  File "/home/20250572/TabPFN-TS_for_Bike_Demand_Forecasting/.venv/lib/python3.12/site-packages/pytorch_lightning/callbacks/__init__.py", line 28, in <module>
    from pytorch_lightning.callbacks.pruning import ModelPruning
  File "/home/20250572/TabPFN-TS_for_Bike_Demand_Forecasting/.venv/lib/python3.12/site-packages/pytorch_lightning/callbacks/pruning.py", line 31, in <module>
    from pytorch_lightning.core.module import LightningModule
  File "/home/20250572/TabPFN-TS_for_Bike_Demand_Forecasting/.venv/lib/python3.12/site-packages/pytorch_lightning/core/__init__.py", line 16, in <module>
    from pytorch_lightning.core.module import LightningModule
  File "/home/20250572/TabPFN-TS_for_Bike_Demand_Forecasting/.venv/lib/python3.12/site-packages/pytorch_lightning/core/module.py", line 32, in <module>
    import lightning_fabric as lf
  File "/home/20250572/TabPFN-TS_for_Bike_Demand_Forecasting/.venv/lib/python3.12/site-packages/wandb/sdk/lib/import_hooks.py", line 182, in _exec_module
    self.loader.exec_module(module)
  File "/home/20250572/TabPFN-TS_for_Bike_Demand_Forecasting/.venv/lib/python3.12/site-packages/lightning_fabric/__init__.py", line 29, in <module>
    __import__("pkg_resources").declare_namespace(__name__)
    ^^^^^^^^^^^^^^^^^^^^^^^^^^^
ModuleNotFoundError: No module named 'pkg_resources'

================================================================================
[2026-03-17 18:41:16] ERROR: Error in NeuralProphet_NoWeather h=168 fold=12: No module named 'pkg_resources'
================================================================================
Traceback (most recent call last):
  File "/home/20250572/TabPFN-TS_for_Bike_Demand_Forecasting/forecasting/run_experiments.py", line 184, in run_single_experiment
    model.fit(y_train, X_train)
  File "/home/20250572/TabPFN-TS_for_Bike_Demand_Forecasting/forecasting/models/prophet_models.py", line 231, in fit
    from neuralprophet import NeuralProphet
  File "/home/20250572/TabPFN-TS_for_Bike_Demand_Forecasting/.venv/lib/python3.12/site-packages/neuralprophet/__init__.py", line 4, in <module>
    import pytorch_lightning as pl
  File "/home/20250572/TabPFN-TS_for_Bike_Demand_Forecasting/.venv/lib/python3.12/site-packages/wandb/sdk/lib/import_hooks.py", line 182, in _exec_module
    self.loader.exec_module(module)
  File "/home/20250572/TabPFN-TS_for_Bike_Demand_Forecasting/.venv/lib/python3.12/site-packages/pytorch_lightning/__init__.py", line 35, in <module>
    from pytorch_lightning.callbacks import Callback  # noqa: E402
    ^^^^^^^^^^^^^^^^^^^^^^^^^^^^^^^^^^^^^^^^^^^^^^^^
  File "/home/20250572/TabPFN-TS_for_Bike_Demand_Forecasting/.venv/lib/python3.12/site-packages/pytorch_lightning/callbacks/__init__.py", line 28, in <module>
    from pytorch_lightning.callbacks.pruning import ModelPruning
  File "/home/20250572/TabPFN-TS_for_Bike_Demand_Forecasting/.venv/lib/python3.12/site-packages/pytorch_lightning/callbacks/pruning.py", line 31, in <module>
    from pytorch_lightning.core.module import LightningModule
  File "/home/20250572/TabPFN-TS_for_Bike_Demand_Forecasting/.venv/lib/python3.12/site-packages/pytorch_lightning/core/__init__.py", line 16, in <module>
    from pytorch_lightning.core.module import LightningModule
  File "/home/20250572/TabPFN-TS_for_Bike_Demand_Forecasting/.venv/lib/python3.12/site-packages/pytorch_lightning/core/module.py", line 32, in <module>
    import lightning_fabric as lf
  File "/home/20250572/TabPFN-TS_for_Bike_Demand_Forecasting/.venv/lib/python3.12/site-packages/wandb/sdk/lib/import_hooks.py", line 182, in _exec_module
    self.loader.exec_module(module)
  File "/home/20250572/TabPFN-TS_for_Bike_Demand_Forecasting/.venv/lib/python3.12/site-packages/lightning_fabric/__init__.py", line 29, in <module>
    __import__("pkg_resources").declare_namespace(__name__)
    ^^^^^^^^^^^^^^^^^^^^^^^^^^^
ModuleNotFoundError: No module named 'pkg_resources'

================================================================================
[2026-03-17 18:41:16] ERROR: Error in NeuralProphet_NoWeather h=168 fold=13: No module named 'pkg_resources'
================================================================================
Traceback (most recent call last):
  File "/home/20250572/TabPFN-TS_for_Bike_Demand_Forecasting/forecasting/run_experiments.py", line 184, in run_single_experiment
    model.fit(y_train, X_train)
  File "/home/20250572/TabPFN-TS_for_Bike_Demand_Forecasting/forecasting/models/prophet_models.py", line 231, in fit
    from neuralprophet import NeuralProphet
  File "/home/20250572/TabPFN-TS_for_Bike_Demand_Forecasting/.venv/lib/python3.12/site-packages/neuralprophet/__init__.py", line 4, in <module>
    import pytorch_lightning as pl
  File "/home/20250572/TabPFN-TS_for_Bike_Demand_Forecasting/.venv/lib/python3.12/site-packages/wandb/sdk/lib/import_hooks.py", line 182, in _exec_module
    self.loader.exec_module(module)
  File "/home/20250572/TabPFN-TS_for_Bike_Demand_Forecasting/.venv/lib/python3.12/site-packages/pytorch_lightning/__init__.py", line 35, in <module>
    from pytorch_lightning.callbacks import Callback  # noqa: E402
    ^^^^^^^^^^^^^^^^^^^^^^^^^^^^^^^^^^^^^^^^^^^^^^^^
  File "/home/20250572/TabPFN-TS_for_Bike_Demand_Forecasting/.venv/lib/python3.12/site-packages/pytorch_lightning/callbacks/__init__.py", line 28, in <module>
    from pytorch_lightning.callbacks.pruning import ModelPruning
  File "/home/20250572/TabPFN-TS_for_Bike_Demand_Forecasting/.venv/lib/python3.12/site-packages/pytorch_lightning/callbacks/pruning.py", line 31, in <module>
    from pytorch_lightning.core.module import LightningModule
  File "/home/20250572/TabPFN-TS_for_Bike_Demand_Forecasting/.venv/lib/python3.12/site-packages/pytorch_lightning/core/__init__.py", line 16, in <module>
    from pytorch_lightning.core.module import LightningModule
  File "/home/20250572/TabPFN-TS_for_Bike_Demand_Forecasting/.venv/lib/python3.12/site-packages/pytorch_lightning/core/module.py", line 32, in <module>
    import lightning_fabric as lf
  File "/home/20250572/TabPFN-TS_for_Bike_Demand_Forecasting/.venv/lib/python3.12/site-packages/wandb/sdk/lib/import_hooks.py", line 182, in _exec_module
    self.loader.exec_module(module)
  File "/home/20250572/TabPFN-TS_for_Bike_Demand_Forecasting/.venv/lib/python3.12/site-packages/lightning_fabric/__init__.py", line 29, in <module>
    __import__("pkg_resources").declare_namespace(__name__)
    ^^^^^^^^^^^^^^^^^^^^^^^^^^^
ModuleNotFoundError: No module named 'pkg_resources'

================================================================================
[2026-03-17 18:41:16] ERROR: Error in NeuralProphet_NoWeather h=168 fold=14: No module named 'pkg_resources'
================================================================================
Traceback (most recent call last):
  File "/home/20250572/TabPFN-TS_for_Bike_Demand_Forecasting/forecasting/run_experiments.py", line 184, in run_single_experiment
    model.fit(y_train, X_train)
  File "/home/20250572/TabPFN-TS_for_Bike_Demand_Forecasting/forecasting/models/prophet_models.py", line 231, in fit
    from neuralprophet import NeuralProphet
  File "/home/20250572/TabPFN-TS_for_Bike_Demand_Forecasting/.venv/lib/python3.12/site-packages/neuralprophet/__init__.py", line 4, in <module>
    import pytorch_lightning as pl
  File "/home/20250572/TabPFN-TS_for_Bike_Demand_Forecasting/.venv/lib/python3.12/site-packages/wandb/sdk/lib/import_hooks.py", line 182, in _exec_module
    self.loader.exec_module(module)
  File "/home/20250572/TabPFN-TS_for_Bike_Demand_Forecasting/.venv/lib/python3.12/site-packages/pytorch_lightning/__init__.py", line 35, in <module>
    from pytorch_lightning.callbacks import Callback  # noqa: E402
    ^^^^^^^^^^^^^^^^^^^^^^^^^^^^^^^^^^^^^^^^^^^^^^^^
  File "/home/20250572/TabPFN-TS_for_Bike_Demand_Forecasting/.venv/lib/python3.12/site-packages/pytorch_lightning/callbacks/__init__.py", line 28, in <module>
    from pytorch_lightning.callbacks.pruning import ModelPruning
  File "/home/20250572/TabPFN-TS_for_Bike_Demand_Forecasting/.venv/lib/python3.12/site-packages/pytorch_lightning/callbacks/pruning.py", line 31, in <module>
    from pytorch_lightning.core.module import LightningModule
  File "/home/20250572/TabPFN-TS_for_Bike_Demand_Forecasting/.venv/lib/python3.12/site-packages/pytorch_lightning/core/__init__.py", line 16, in <module>
    from pytorch_lightning.core.module import LightningModule
  File "/home/20250572/TabPFN-TS_for_Bike_Demand_Forecasting/.venv/lib/python3.12/site-packages/pytorch_lightning/core/module.py", line 32, in <module>
    import lightning_fabric as lf
  File "/home/20250572/TabPFN-TS_for_Bike_Demand_Forecasting/.venv/lib/python3.12/site-packages/wandb/sdk/lib/import_hooks.py", line 182, in _exec_module
    self.loader.exec_module(module)
  File "/home/20250572/TabPFN-TS_for_Bike_Demand_Forecasting/.venv/lib/python3.12/site-packages/lightning_fabric/__init__.py", line 29, in <module>
    __import__("pkg_resources").declare_namespace(__name__)
    ^^^^^^^^^^^^^^^^^^^^^^^^^^^
ModuleNotFoundError: No module named 'pkg_resources'

================================================================================
[2026-03-17 18:41:16] ERROR: Error in NeuralProphet_NoWeather h=168 fold=15: No module named 'pkg_resources'
================================================================================
Traceback (most recent call last):
  File "/home/20250572/TabPFN-TS_for_Bike_Demand_Forecasting/forecasting/run_experiments.py", line 184, in run_single_experiment
    model.fit(y_train, X_train)
  File "/home/20250572/TabPFN-TS_for_Bike_Demand_Forecasting/forecasting/models/prophet_models.py", line 231, in fit
    from neuralprophet import NeuralProphet
  File "/home/20250572/TabPFN-TS_for_Bike_Demand_Forecasting/.venv/lib/python3.12/site-packages/neuralprophet/__init__.py", line 4, in <module>
    import pytorch_lightning as pl
  File "/home/20250572/TabPFN-TS_for_Bike_Demand_Forecasting/.venv/lib/python3.12/site-packages/wandb/sdk/lib/import_hooks.py", line 182, in _exec_module
    self.loader.exec_module(module)
  File "/home/20250572/TabPFN-TS_for_Bike_Demand_Forecasting/.venv/lib/python3.12/site-packages/pytorch_lightning/__init__.py", line 35, in <module>
    from pytorch_lightning.callbacks import Callback  # noqa: E402
    ^^^^^^^^^^^^^^^^^^^^^^^^^^^^^^^^^^^^^^^^^^^^^^^^
  File "/home/20250572/TabPFN-TS_for_Bike_Demand_Forecasting/.venv/lib/python3.12/site-packages/pytorch_lightning/callbacks/__init__.py", line 28, in <module>
    from pytorch_lightning.callbacks.pruning import ModelPruning
  File "/home/20250572/TabPFN-TS_for_Bike_Demand_Forecasting/.venv/lib/python3.12/site-packages/pytorch_lightning/callbacks/pruning.py", line 31, in <module>
    from pytorch_lightning.core.module import LightningModule
  File "/home/20250572/TabPFN-TS_for_Bike_Demand_Forecasting/.venv/lib/python3.12/site-packages/pytorch_lightning/core/__init__.py", line 16, in <module>
    from pytorch_lightning.core.module import LightningModule
  File "/home/20250572/TabPFN-TS_for_Bike_Demand_Forecasting/.venv/lib/python3.12/site-packages/pytorch_lightning/core/module.py", line 32, in <module>
    import lightning_fabric as lf
  File "/home/20250572/TabPFN-TS_for_Bike_Demand_Forecasting/.venv/lib/python3.12/site-packages/wandb/sdk/lib/import_hooks.py", line 182, in _exec_module
    self.loader.exec_module(module)
  File "/home/20250572/TabPFN-TS_for_Bike_Demand_Forecasting/.venv/lib/python3.12/site-packages/lightning_fabric/__init__.py", line 29, in <module>
    __import__("pkg_resources").declare_namespace(__name__)
    ^^^^^^^^^^^^^^^^^^^^^^^^^^^
ModuleNotFoundError: No module named 'pkg_resources'

================================================================================
[2026-03-17 18:41:16] ERROR: Error in NeuralProphet_NoWeather h=168 fold=16: No module named 'pkg_resources'
================================================================================
Traceback (most recent call last):
  File "/home/20250572/TabPFN-TS_for_Bike_Demand_Forecasting/forecasting/run_experiments.py", line 184, in run_single_experiment
    model.fit(y_train, X_train)
  File "/home/20250572/TabPFN-TS_for_Bike_Demand_Forecasting/forecasting/models/prophet_models.py", line 231, in fit
    from neuralprophet import NeuralProphet
  File "/home/20250572/TabPFN-TS_for_Bike_Demand_Forecasting/.venv/lib/python3.12/site-packages/neuralprophet/__init__.py", line 4, in <module>
    import pytorch_lightning as pl
  File "/home/20250572/TabPFN-TS_for_Bike_Demand_Forecasting/.venv/lib/python3.12/site-packages/wandb/sdk/lib/import_hooks.py", line 182, in _exec_module
    self.loader.exec_module(module)
  File "/home/20250572/TabPFN-TS_for_Bike_Demand_Forecasting/.venv/lib/python3.12/site-packages/pytorch_lightning/__init__.py", line 35, in <module>
    from pytorch_lightning.callbacks import Callback  # noqa: E402
    ^^^^^^^^^^^^^^^^^^^^^^^^^^^^^^^^^^^^^^^^^^^^^^^^
  File "/home/20250572/TabPFN-TS_for_Bike_Demand_Forecasting/.venv/lib/python3.12/site-packages/pytorch_lightning/callbacks/__init__.py", line 28, in <module>
    from pytorch_lightning.callbacks.pruning import ModelPruning
  File "/home/20250572/TabPFN-TS_for_Bike_Demand_Forecasting/.venv/lib/python3.12/site-packages/pytorch_lightning/callbacks/pruning.py", line 31, in <module>
    from pytorch_lightning.core.module import LightningModule
  File "/home/20250572/TabPFN-TS_for_Bike_Demand_Forecasting/.venv/lib/python3.12/site-packages/pytorch_lightning/core/__init__.py", line 16, in <module>
    from pytorch_lightning.core.module import LightningModule
  File "/home/20250572/TabPFN-TS_for_Bike_Demand_Forecasting/.venv/lib/python3.12/site-packages/pytorch_lightning/core/module.py", line 32, in <module>
    import lightning_fabric as lf
  File "/home/20250572/TabPFN-TS_for_Bike_Demand_Forecasting/.venv/lib/python3.12/site-packages/wandb/sdk/lib/import_hooks.py", line 182, in _exec_module
    self.loader.exec_module(module)
  File "/home/20250572/TabPFN-TS_for_Bike_Demand_Forecasting/.venv/lib/python3.12/site-packages/lightning_fabric/__init__.py", line 29, in <module>
    __import__("pkg_resources").declare_namespace(__name__)
    ^^^^^^^^^^^^^^^^^^^^^^^^^^^
ModuleNotFoundError: No module named 'pkg_resources'

================================================================================
[2026-03-17 18:41:16] ERROR: Error in NeuralProphet_NoWeather h=168 fold=17: No module named 'pkg_resources'
================================================================================
Traceback (most recent call last):
  File "/home/20250572/TabPFN-TS_for_Bike_Demand_Forecasting/forecasting/run_experiments.py", line 184, in run_single_experiment
    model.fit(y_train, X_train)
  File "/home/20250572/TabPFN-TS_for_Bike_Demand_Forecasting/forecasting/models/prophet_models.py", line 231, in fit
    from neuralprophet import NeuralProphet
  File "/home/20250572/TabPFN-TS_for_Bike_Demand_Forecasting/.venv/lib/python3.12/site-packages/neuralprophet/__init__.py", line 4, in <module>
    import pytorch_lightning as pl
  File "/home/20250572/TabPFN-TS_for_Bike_Demand_Forecasting/.venv/lib/python3.12/site-packages/wandb/sdk/lib/import_hooks.py", line 182, in _exec_module
    self.loader.exec_module(module)
  File "/home/20250572/TabPFN-TS_for_Bike_Demand_Forecasting/.venv/lib/python3.12/site-packages/pytorch_lightning/__init__.py", line 35, in <module>
    from pytorch_lightning.callbacks import Callback  # noqa: E402
    ^^^^^^^^^^^^^^^^^^^^^^^^^^^^^^^^^^^^^^^^^^^^^^^^
  File "/home/20250572/TabPFN-TS_for_Bike_Demand_Forecasting/.venv/lib/python3.12/site-packages/pytorch_lightning/callbacks/__init__.py", line 28, in <module>
    from pytorch_lightning.callbacks.pruning import ModelPruning
  File "/home/20250572/TabPFN-TS_for_Bike_Demand_Forecasting/.venv/lib/python3.12/site-packages/pytorch_lightning/callbacks/pruning.py", line 31, in <module>
    from pytorch_lightning.core.module import LightningModule
  File "/home/20250572/TabPFN-TS_for_Bike_Demand_Forecasting/.venv/lib/python3.12/site-packages/pytorch_lightning/core/__init__.py", line 16, in <module>
    from pytorch_lightning.core.module import LightningModule
  File "/home/20250572/TabPFN-TS_for_Bike_Demand_Forecasting/.venv/lib/python3.12/site-packages/pytorch_lightning/core/module.py", line 32, in <module>
    import lightning_fabric as lf
  File "/home/20250572/TabPFN-TS_for_Bike_Demand_Forecasting/.venv/lib/python3.12/site-packages/wandb/sdk/lib/import_hooks.py", line 182, in _exec_module
    self.loader.exec_module(module)
  File "/home/20250572/TabPFN-TS_for_Bike_Demand_Forecasting/.venv/lib/python3.12/site-packages/lightning_fabric/__init__.py", line 29, in <module>
    __import__("pkg_resources").declare_namespace(__name__)
    ^^^^^^^^^^^^^^^^^^^^^^^^^^^
ModuleNotFoundError: No module named 'pkg_resources'

================================================================================
[2026-03-17 18:41:16] ERROR: Error in NeuralProphet_NoWeather h=168 fold=18: No module named 'pkg_resources'
================================================================================
Traceback (most recent call last):
  File "/home/20250572/TabPFN-TS_for_Bike_Demand_Forecasting/forecasting/run_experiments.py", line 184, in run_single_experiment
    model.fit(y_train, X_train)
  File "/home/20250572/TabPFN-TS_for_Bike_Demand_Forecasting/forecasting/models/prophet_models.py", line 231, in fit
    from neuralprophet import NeuralProphet
  File "/home/20250572/TabPFN-TS_for_Bike_Demand_Forecasting/.venv/lib/python3.12/site-packages/neuralprophet/__init__.py", line 4, in <module>
    import pytorch_lightning as pl
  File "/home/20250572/TabPFN-TS_for_Bike_Demand_Forecasting/.venv/lib/python3.12/site-packages/wandb/sdk/lib/import_hooks.py", line 182, in _exec_module
    self.loader.exec_module(module)
  File "/home/20250572/TabPFN-TS_for_Bike_Demand_Forecasting/.venv/lib/python3.12/site-packages/pytorch_lightning/__init__.py", line 35, in <module>
    from pytorch_lightning.callbacks import Callback  # noqa: E402
    ^^^^^^^^^^^^^^^^^^^^^^^^^^^^^^^^^^^^^^^^^^^^^^^^
  File "/home/20250572/TabPFN-TS_for_Bike_Demand_Forecasting/.venv/lib/python3.12/site-packages/pytorch_lightning/callbacks/__init__.py", line 28, in <module>
    from pytorch_lightning.callbacks.pruning import ModelPruning
  File "/home/20250572/TabPFN-TS_for_Bike_Demand_Forecasting/.venv/lib/python3.12/site-packages/pytorch_lightning/callbacks/pruning.py", line 31, in <module>
    from pytorch_lightning.core.module import LightningModule
  File "/home/20250572/TabPFN-TS_for_Bike_Demand_Forecasting/.venv/lib/python3.12/site-packages/pytorch_lightning/core/__init__.py", line 16, in <module>
    from pytorch_lightning.core.module import LightningModule
  File "/home/20250572/TabPFN-TS_for_Bike_Demand_Forecasting/.venv/lib/python3.12/site-packages/pytorch_lightning/core/module.py", line 32, in <module>
    import lightning_fabric as lf
  File "/home/20250572/TabPFN-TS_for_Bike_Demand_Forecasting/.venv/lib/python3.12/site-packages/wandb/sdk/lib/import_hooks.py", line 182, in _exec_module
    self.loader.exec_module(module)
  File "/home/20250572/TabPFN-TS_for_Bike_Demand_Forecasting/.venv/lib/python3.12/site-packages/lightning_fabric/__init__.py", line 29, in <module>
    __import__("pkg_resources").declare_namespace(__name__)
    ^^^^^^^^^^^^^^^^^^^^^^^^^^^
ModuleNotFoundError: No module named 'pkg_resources'

================================================================================
[2026-03-17 18:41:16] ERROR: Error in NeuralProphet_NoWeather h=168 fold=19: No module named 'pkg_resources'
================================================================================
Traceback (most recent call last):
  File "/home/20250572/TabPFN-TS_for_Bike_Demand_Forecasting/forecasting/run_experiments.py", line 184, in run_single_experiment
    model.fit(y_train, X_train)
  File "/home/20250572/TabPFN-TS_for_Bike_Demand_Forecasting/forecasting/models/prophet_models.py", line 231, in fit
    from neuralprophet import NeuralProphet
  File "/home/20250572/TabPFN-TS_for_Bike_Demand_Forecasting/.venv/lib/python3.12/site-packages/neuralprophet/__init__.py", line 4, in <module>
    import pytorch_lightning as pl
  File "/home/20250572/TabPFN-TS_for_Bike_Demand_Forecasting/.venv/lib/python3.12/site-packages/wandb/sdk/lib/import_hooks.py", line 182, in _exec_module
    self.loader.exec_module(module)
  File "/home/20250572/TabPFN-TS_for_Bike_Demand_Forecasting/.venv/lib/python3.12/site-packages/pytorch_lightning/__init__.py", line 35, in <module>
    from pytorch_lightning.callbacks import Callback  # noqa: E402
    ^^^^^^^^^^^^^^^^^^^^^^^^^^^^^^^^^^^^^^^^^^^^^^^^
  File "/home/20250572/TabPFN-TS_for_Bike_Demand_Forecasting/.venv/lib/python3.12/site-packages/pytorch_lightning/callbacks/__init__.py", line 28, in <module>
    from pytorch_lightning.callbacks.pruning import ModelPruning
  File "/home/20250572/TabPFN-TS_for_Bike_Demand_Forecasting/.venv/lib/python3.12/site-packages/pytorch_lightning/callbacks/pruning.py", line 31, in <module>
    from pytorch_lightning.core.module import LightningModule
  File "/home/20250572/TabPFN-TS_for_Bike_Demand_Forecasting/.venv/lib/python3.12/site-packages/pytorch_lightning/core/__init__.py", line 16, in <module>
    from pytorch_lightning.core.module import LightningModule
  File "/home/20250572/TabPFN-TS_for_Bike_Demand_Forecasting/.venv/lib/python3.12/site-packages/pytorch_lightning/core/module.py", line 32, in <module>
    import lightning_fabric as lf
  File "/home/20250572/TabPFN-TS_for_Bike_Demand_Forecasting/.venv/lib/python3.12/site-packages/wandb/sdk/lib/import_hooks.py", line 182, in _exec_module
    self.loader.exec_module(module)
  File "/home/20250572/TabPFN-TS_for_Bike_Demand_Forecasting/.venv/lib/python3.12/site-packages/lightning_fabric/__init__.py", line 29, in <module>
    __import__("pkg_resources").declare_namespace(__name__)
    ^^^^^^^^^^^^^^^^^^^^^^^^^^^
ModuleNotFoundError: No module named 'pkg_resources'

================================================================================
[2026-03-17 18:41:16] ERROR: Error in NeuralProphet h=6 fold=0: No module named 'pkg_resources'
================================================================================
Traceback (most recent call last):
  File "/home/20250572/TabPFN-TS_for_Bike_Demand_Forecasting/forecasting/run_experiments.py", line 184, in run_single_experiment
    model.fit(y_train, X_train)
  File "/home/20250572/TabPFN-TS_for_Bike_Demand_Forecasting/forecasting/models/prophet_models.py", line 118, in fit
    from neuralprophet import NeuralProphet
  File "/home/20250572/TabPFN-TS_for_Bike_Demand_Forecasting/.venv/lib/python3.12/site-packages/neuralprophet/__init__.py", line 4, in <module>
    import pytorch_lightning as pl
  File "/home/20250572/TabPFN-TS_for_Bike_Demand_Forecasting/.venv/lib/python3.12/site-packages/wandb/sdk/lib/import_hooks.py", line 182, in _exec_module
    self.loader.exec_module(module)
  File "/home/20250572/TabPFN-TS_for_Bike_Demand_Forecasting/.venv/lib/python3.12/site-packages/pytorch_lightning/__init__.py", line 35, in <module>
    from pytorch_lightning.callbacks import Callback  # noqa: E402
    ^^^^^^^^^^^^^^^^^^^^^^^^^^^^^^^^^^^^^^^^^^^^^^^^
  File "/home/20250572/TabPFN-TS_for_Bike_Demand_Forecasting/.venv/lib/python3.12/site-packages/pytorch_lightning/callbacks/__init__.py", line 28, in <module>
    from pytorch_lightning.callbacks.pruning import ModelPruning
  File "/home/20250572/TabPFN-TS_for_Bike_Demand_Forecasting/.venv/lib/python3.12/site-packages/pytorch_lightning/callbacks/pruning.py", line 31, in <module>
    from pytorch_lightning.core.module import LightningModule
  File "/home/20250572/TabPFN-TS_for_Bike_Demand_Forecasting/.venv/lib/python3.12/site-packages/pytorch_lightning/core/__init__.py", line 16, in <module>
    from pytorch_lightning.core.module import LightningModule
  File "/home/20250572/TabPFN-TS_for_Bike_Demand_Forecasting/.venv/lib/python3.12/site-packages/pytorch_lightning/core/module.py", line 32, in <module>
    import lightning_fabric as lf
  File "/home/20250572/TabPFN-TS_for_Bike_Demand_Forecasting/.venv/lib/python3.12/site-packages/wandb/sdk/lib/import_hooks.py", line 182, in _exec_module
    self.loader.exec_module(module)
  File "/home/20250572/TabPFN-TS_for_Bike_Demand_Forecasting/.venv/lib/python3.12/site-packages/lightning_fabric/__init__.py", line 29, in <module>
    __import__("pkg_resources").declare_namespace(__name__)
    ^^^^^^^^^^^^^^^^^^^^^^^^^^^
ModuleNotFoundError: No module named 'pkg_resources'

================================================================================
[2026-03-17 18:41:16] ERROR: Error in NeuralProphet h=6 fold=1: No module named 'pkg_resources'
================================================================================
Traceback (most recent call last):
  File "/home/20250572/TabPFN-TS_for_Bike_Demand_Forecasting/forecasting/run_experiments.py", line 184, in run_single_experiment
    model.fit(y_train, X_train)
  File "/home/20250572/TabPFN-TS_for_Bike_Demand_Forecasting/forecasting/models/prophet_models.py", line 118, in fit
    from neuralprophet import NeuralProphet
  File "/home/20250572/TabPFN-TS_for_Bike_Demand_Forecasting/.venv/lib/python3.12/site-packages/neuralprophet/__init__.py", line 4, in <module>
    import pytorch_lightning as pl
  File "/home/20250572/TabPFN-TS_for_Bike_Demand_Forecasting/.venv/lib/python3.12/site-packages/wandb/sdk/lib/import_hooks.py", line 182, in _exec_module
    self.loader.exec_module(module)
  File "/home/20250572/TabPFN-TS_for_Bike_Demand_Forecasting/.venv/lib/python3.12/site-packages/pytorch_lightning/__init__.py", line 35, in <module>
    from pytorch_lightning.callbacks import Callback  # noqa: E402
    ^^^^^^^^^^^^^^^^^^^^^^^^^^^^^^^^^^^^^^^^^^^^^^^^
  File "/home/20250572/TabPFN-TS_for_Bike_Demand_Forecasting/.venv/lib/python3.12/site-packages/pytorch_lightning/callbacks/__init__.py", line 28, in <module>
    from pytorch_lightning.callbacks.pruning import ModelPruning
  File "/home/20250572/TabPFN-TS_for_Bike_Demand_Forecasting/.venv/lib/python3.12/site-packages/pytorch_lightning/callbacks/pruning.py", line 31, in <module>
    from pytorch_lightning.core.module import LightningModule
  File "/home/20250572/TabPFN-TS_for_Bike_Demand_Forecasting/.venv/lib/python3.12/site-packages/pytorch_lightning/core/__init__.py", line 16, in <module>
    from pytorch_lightning.core.module import LightningModule
  File "/home/20250572/TabPFN-TS_for_Bike_Demand_Forecasting/.venv/lib/python3.12/site-packages/pytorch_lightning/core/module.py", line 32, in <module>
    import lightning_fabric as lf
  File "/home/20250572/TabPFN-TS_for_Bike_Demand_Forecasting/.venv/lib/python3.12/site-packages/wandb/sdk/lib/import_hooks.py", line 182, in _exec_module
    self.loader.exec_module(module)
  File "/home/20250572/TabPFN-TS_for_Bike_Demand_Forecasting/.venv/lib/python3.12/site-packages/lightning_fabric/__init__.py", line 29, in <module>
    __import__("pkg_resources").declare_namespace(__name__)
    ^^^^^^^^^^^^^^^^^^^^^^^^^^^
ModuleNotFoundError: No module named 'pkg_resources'

================================================================================
[2026-03-17 18:41:16] ERROR: Error in NeuralProphet h=6 fold=2: No module named 'pkg_resources'
================================================================================
Traceback (most recent call last):
  File "/home/20250572/TabPFN-TS_for_Bike_Demand_Forecasting/forecasting/run_experiments.py", line 184, in run_single_experiment
    model.fit(y_train, X_train)
  File "/home/20250572/TabPFN-TS_for_Bike_Demand_Forecasting/forecasting/models/prophet_models.py", line 118, in fit
    from neuralprophet import NeuralProphet
  File "/home/20250572/TabPFN-TS_for_Bike_Demand_Forecasting/.venv/lib/python3.12/site-packages/neuralprophet/__init__.py", line 4, in <module>
    import pytorch_lightning as pl
  File "/home/20250572/TabPFN-TS_for_Bike_Demand_Forecasting/.venv/lib/python3.12/site-packages/wandb/sdk/lib/import_hooks.py", line 182, in _exec_module
    self.loader.exec_module(module)
  File "/home/20250572/TabPFN-TS_for_Bike_Demand_Forecasting/.venv/lib/python3.12/site-packages/pytorch_lightning/__init__.py", line 35, in <module>
    from pytorch_lightning.callbacks import Callback  # noqa: E402
    ^^^^^^^^^^^^^^^^^^^^^^^^^^^^^^^^^^^^^^^^^^^^^^^^
  File "/home/20250572/TabPFN-TS_for_Bike_Demand_Forecasting/.venv/lib/python3.12/site-packages/pytorch_lightning/callbacks/__init__.py", line 28, in <module>
    from pytorch_lightning.callbacks.pruning import ModelPruning
  File "/home/20250572/TabPFN-TS_for_Bike_Demand_Forecasting/.venv/lib/python3.12/site-packages/pytorch_lightning/callbacks/pruning.py", line 31, in <module>
    from pytorch_lightning.core.module import LightningModule
  File "/home/20250572/TabPFN-TS_for_Bike_Demand_Forecasting/.venv/lib/python3.12/site-packages/pytorch_lightning/core/__init__.py", line 16, in <module>
    from pytorch_lightning.core.module import LightningModule
  File "/home/20250572/TabPFN-TS_for_Bike_Demand_Forecasting/.venv/lib/python3.12/site-packages/pytorch_lightning/core/module.py", line 32, in <module>
    import lightning_fabric as lf
  File "/home/20250572/TabPFN-TS_for_Bike_Demand_Forecasting/.venv/lib/python3.12/site-packages/wandb/sdk/lib/import_hooks.py", line 182, in _exec_module
    self.loader.exec_module(module)
  File "/home/20250572/TabPFN-TS_for_Bike_Demand_Forecasting/.venv/lib/python3.12/site-packages/lightning_fabric/__init__.py", line 29, in <module>
    __import__("pkg_resources").declare_namespace(__name__)
    ^^^^^^^^^^^^^^^^^^^^^^^^^^^
ModuleNotFoundError: No module named 'pkg_resources'

================================================================================
[2026-03-17 18:41:16] ERROR: Error in NeuralProphet h=6 fold=3: No module named 'pkg_resources'
================================================================================
Traceback (most recent call last):
  File "/home/20250572/TabPFN-TS_for_Bike_Demand_Forecasting/forecasting/run_experiments.py", line 184, in run_single_experiment
    model.fit(y_train, X_train)
  File "/home/20250572/TabPFN-TS_for_Bike_Demand_Forecasting/forecasting/models/prophet_models.py", line 118, in fit
    from neuralprophet import NeuralProphet
  File "/home/20250572/TabPFN-TS_for_Bike_Demand_Forecasting/.venv/lib/python3.12/site-packages/neuralprophet/__init__.py", line 4, in <module>
    import pytorch_lightning as pl
  File "/home/20250572/TabPFN-TS_for_Bike_Demand_Forecasting/.venv/lib/python3.12/site-packages/wandb/sdk/lib/import_hooks.py", line 182, in _exec_module
    self.loader.exec_module(module)
  File "/home/20250572/TabPFN-TS_for_Bike_Demand_Forecasting/.venv/lib/python3.12/site-packages/pytorch_lightning/__init__.py", line 35, in <module>
    from pytorch_lightning.callbacks import Callback  # noqa: E402
    ^^^^^^^^^^^^^^^^^^^^^^^^^^^^^^^^^^^^^^^^^^^^^^^^
  File "/home/20250572/TabPFN-TS_for_Bike_Demand_Forecasting/.venv/lib/python3.12/site-packages/pytorch_lightning/callbacks/__init__.py", line 28, in <module>
    from pytorch_lightning.callbacks.pruning import ModelPruning
  File "/home/20250572/TabPFN-TS_for_Bike_Demand_Forecasting/.venv/lib/python3.12/site-packages/pytorch_lightning/callbacks/pruning.py", line 31, in <module>
    from pytorch_lightning.core.module import LightningModule
  File "/home/20250572/TabPFN-TS_for_Bike_Demand_Forecasting/.venv/lib/python3.12/site-packages/pytorch_lightning/core/__init__.py", line 16, in <module>
    from pytorch_lightning.core.module import LightningModule
  File "/home/20250572/TabPFN-TS_for_Bike_Demand_Forecasting/.venv/lib/python3.12/site-packages/pytorch_lightning/core/module.py", line 32, in <module>
    import lightning_fabric as lf
  File "/home/20250572/TabPFN-TS_for_Bike_Demand_Forecasting/.venv/lib/python3.12/site-packages/wandb/sdk/lib/import_hooks.py", line 182, in _exec_module
    self.loader.exec_module(module)
  File "/home/20250572/TabPFN-TS_for_Bike_Demand_Forecasting/.venv/lib/python3.12/site-packages/lightning_fabric/__init__.py", line 29, in <module>
    __import__("pkg_resources").declare_namespace(__name__)
    ^^^^^^^^^^^^^^^^^^^^^^^^^^^
ModuleNotFoundError: No module named 'pkg_resources'

================================================================================
[2026-03-17 18:41:16] ERROR: Error in NeuralProphet h=6 fold=4: No module named 'pkg_resources'
================================================================================
Traceback (most recent call last):
  File "/home/20250572/TabPFN-TS_for_Bike_Demand_Forecasting/forecasting/run_experiments.py", line 184, in run_single_experiment
    model.fit(y_train, X_train)
  File "/home/20250572/TabPFN-TS_for_Bike_Demand_Forecasting/forecasting/models/prophet_models.py", line 118, in fit
    from neuralprophet import NeuralProphet
  File "/home/20250572/TabPFN-TS_for_Bike_Demand_Forecasting/.venv/lib/python3.12/site-packages/neuralprophet/__init__.py", line 4, in <module>
    import pytorch_lightning as pl
  File "/home/20250572/TabPFN-TS_for_Bike_Demand_Forecasting/.venv/lib/python3.12/site-packages/wandb/sdk/lib/import_hooks.py", line 182, in _exec_module
    self.loader.exec_module(module)
  File "/home/20250572/TabPFN-TS_for_Bike_Demand_Forecasting/.venv/lib/python3.12/site-packages/pytorch_lightning/__init__.py", line 35, in <module>
    from pytorch_lightning.callbacks import Callback  # noqa: E402
    ^^^^^^^^^^^^^^^^^^^^^^^^^^^^^^^^^^^^^^^^^^^^^^^^
  File "/home/20250572/TabPFN-TS_for_Bike_Demand_Forecasting/.venv/lib/python3.12/site-packages/pytorch_lightning/callbacks/__init__.py", line 28, in <module>
    from pytorch_lightning.callbacks.pruning import ModelPruning
  File "/home/20250572/TabPFN-TS_for_Bike_Demand_Forecasting/.venv/lib/python3.12/site-packages/pytorch_lightning/callbacks/pruning.py", line 31, in <module>
    from pytorch_lightning.core.module import LightningModule
  File "/home/20250572/TabPFN-TS_for_Bike_Demand_Forecasting/.venv/lib/python3.12/site-packages/pytorch_lightning/core/__init__.py", line 16, in <module>
    from pytorch_lightning.core.module import LightningModule
  File "/home/20250572/TabPFN-TS_for_Bike_Demand_Forecasting/.venv/lib/python3.12/site-packages/pytorch_lightning/core/module.py", line 32, in <module>
    import lightning_fabric as lf
  File "/home/20250572/TabPFN-TS_for_Bike_Demand_Forecasting/.venv/lib/python3.12/site-packages/wandb/sdk/lib/import_hooks.py", line 182, in _exec_module
    self.loader.exec_module(module)
  File "/home/20250572/TabPFN-TS_for_Bike_Demand_Forecasting/.venv/lib/python3.12/site-packages/lightning_fabric/__init__.py", line 29, in <module>
    __import__("pkg_resources").declare_namespace(__name__)
    ^^^^^^^^^^^^^^^^^^^^^^^^^^^
ModuleNotFoundError: No module named 'pkg_resources'

================================================================================
[2026-03-17 18:41:16] ERROR: Error in NeuralProphet h=6 fold=5: No module named 'pkg_resources'
================================================================================
Traceback (most recent call last):
  File "/home/20250572/TabPFN-TS_for_Bike_Demand_Forecasting/forecasting/run_experiments.py", line 184, in run_single_experiment
    model.fit(y_train, X_train)
  File "/home/20250572/TabPFN-TS_for_Bike_Demand_Forecasting/forecasting/models/prophet_models.py", line 118, in fit
    from neuralprophet import NeuralProphet
  File "/home/20250572/TabPFN-TS_for_Bike_Demand_Forecasting/.venv/lib/python3.12/site-packages/neuralprophet/__init__.py", line 4, in <module>
    import pytorch_lightning as pl
  File "/home/20250572/TabPFN-TS_for_Bike_Demand_Forecasting/.venv/lib/python3.12/site-packages/wandb/sdk/lib/import_hooks.py", line 182, in _exec_module
    self.loader.exec_module(module)
  File "/home/20250572/TabPFN-TS_for_Bike_Demand_Forecasting/.venv/lib/python3.12/site-packages/pytorch_lightning/__init__.py", line 35, in <module>
    from pytorch_lightning.callbacks import Callback  # noqa: E402
    ^^^^^^^^^^^^^^^^^^^^^^^^^^^^^^^^^^^^^^^^^^^^^^^^
  File "/home/20250572/TabPFN-TS_for_Bike_Demand_Forecasting/.venv/lib/python3.12/site-packages/pytorch_lightning/callbacks/__init__.py", line 28, in <module>
    from pytorch_lightning.callbacks.pruning import ModelPruning
  File "/home/20250572/TabPFN-TS_for_Bike_Demand_Forecasting/.venv/lib/python3.12/site-packages/pytorch_lightning/callbacks/pruning.py", line 31, in <module>
    from pytorch_lightning.core.module import LightningModule
  File "/home/20250572/TabPFN-TS_for_Bike_Demand_Forecasting/.venv/lib/python3.12/site-packages/pytorch_lightning/core/__init__.py", line 16, in <module>
    from pytorch_lightning.core.module import LightningModule
  File "/home/20250572/TabPFN-TS_for_Bike_Demand_Forecasting/.venv/lib/python3.12/site-packages/pytorch_lightning/core/module.py", line 32, in <module>
    import lightning_fabric as lf
  File "/home/20250572/TabPFN-TS_for_Bike_Demand_Forecasting/.venv/lib/python3.12/site-packages/wandb/sdk/lib/import_hooks.py", line 182, in _exec_module
    self.loader.exec_module(module)
  File "/home/20250572/TabPFN-TS_for_Bike_Demand_Forecasting/.venv/lib/python3.12/site-packages/lightning_fabric/__init__.py", line 29, in <module>
    __import__("pkg_resources").declare_namespace(__name__)
    ^^^^^^^^^^^^^^^^^^^^^^^^^^^
ModuleNotFoundError: No module named 'pkg_resources'

================================================================================
[2026-03-17 18:41:16] ERROR: Error in NeuralProphet h=6 fold=6: No module named 'pkg_resources'
================================================================================
Traceback (most recent call last):
  File "/home/20250572/TabPFN-TS_for_Bike_Demand_Forecasting/forecasting/run_experiments.py", line 184, in run_single_experiment
    model.fit(y_train, X_train)
  File "/home/20250572/TabPFN-TS_for_Bike_Demand_Forecasting/forecasting/models/prophet_models.py", line 118, in fit
    from neuralprophet import NeuralProphet
  File "/home/20250572/TabPFN-TS_for_Bike_Demand_Forecasting/.venv/lib/python3.12/site-packages/neuralprophet/__init__.py", line 4, in <module>
    import pytorch_lightning as pl
  File "/home/20250572/TabPFN-TS_for_Bike_Demand_Forecasting/.venv/lib/python3.12/site-packages/wandb/sdk/lib/import_hooks.py", line 182, in _exec_module
    self.loader.exec_module(module)
  File "/home/20250572/TabPFN-TS_for_Bike_Demand_Forecasting/.venv/lib/python3.12/site-packages/pytorch_lightning/__init__.py", line 35, in <module>
    from pytorch_lightning.callbacks import Callback  # noqa: E402
    ^^^^^^^^^^^^^^^^^^^^^^^^^^^^^^^^^^^^^^^^^^^^^^^^
  File "/home/20250572/TabPFN-TS_for_Bike_Demand_Forecasting/.venv/lib/python3.12/site-packages/pytorch_lightning/callbacks/__init__.py", line 28, in <module>
    from pytorch_lightning.callbacks.pruning import ModelPruning
  File "/home/20250572/TabPFN-TS_for_Bike_Demand_Forecasting/.venv/lib/python3.12/site-packages/pytorch_lightning/callbacks/pruning.py", line 31, in <module>
    from pytorch_lightning.core.module import LightningModule
  File "/home/20250572/TabPFN-TS_for_Bike_Demand_Forecasting/.venv/lib/python3.12/site-packages/pytorch_lightning/core/__init__.py", line 16, in <module>
    from pytorch_lightning.core.module import LightningModule
  File "/home/20250572/TabPFN-TS_for_Bike_Demand_Forecasting/.venv/lib/python3.12/site-packages/pytorch_lightning/core/module.py", line 32, in <module>
    import lightning_fabric as lf
  File "/home/20250572/TabPFN-TS_for_Bike_Demand_Forecasting/.venv/lib/python3.12/site-packages/wandb/sdk/lib/import_hooks.py", line 182, in _exec_module
    self.loader.exec_module(module)
  File "/home/20250572/TabPFN-TS_for_Bike_Demand_Forecasting/.venv/lib/python3.12/site-packages/lightning_fabric/__init__.py", line 29, in <module>
    __import__("pkg_resources").declare_namespace(__name__)
    ^^^^^^^^^^^^^^^^^^^^^^^^^^^
ModuleNotFoundError: No module named 'pkg_resources'

================================================================================
[2026-03-17 18:41:16] ERROR: Error in NeuralProphet h=6 fold=7: No module named 'pkg_resources'
================================================================================
Traceback (most recent call last):
  File "/home/20250572/TabPFN-TS_for_Bike_Demand_Forecasting/forecasting/run_experiments.py", line 184, in run_single_experiment
    model.fit(y_train, X_train)
  File "/home/20250572/TabPFN-TS_for_Bike_Demand_Forecasting/forecasting/models/prophet_models.py", line 118, in fit
    from neuralprophet import NeuralProphet
  File "/home/20250572/TabPFN-TS_for_Bike_Demand_Forecasting/.venv/lib/python3.12/site-packages/neuralprophet/__init__.py", line 4, in <module>
    import pytorch_lightning as pl
  File "/home/20250572/TabPFN-TS_for_Bike_Demand_Forecasting/.venv/lib/python3.12/site-packages/wandb/sdk/lib/import_hooks.py", line 182, in _exec_module
    self.loader.exec_module(module)
  File "/home/20250572/TabPFN-TS_for_Bike_Demand_Forecasting/.venv/lib/python3.12/site-packages/pytorch_lightning/__init__.py", line 35, in <module>
    from pytorch_lightning.callbacks import Callback  # noqa: E402
    ^^^^^^^^^^^^^^^^^^^^^^^^^^^^^^^^^^^^^^^^^^^^^^^^
  File "/home/20250572/TabPFN-TS_for_Bike_Demand_Forecasting/.venv/lib/python3.12/site-packages/pytorch_lightning/callbacks/__init__.py", line 28, in <module>
    from pytorch_lightning.callbacks.pruning import ModelPruning
  File "/home/20250572/TabPFN-TS_for_Bike_Demand_Forecasting/.venv/lib/python3.12/site-packages/pytorch_lightning/callbacks/pruning.py", line 31, in <module>
    from pytorch_lightning.core.module import LightningModule
  File "/home/20250572/TabPFN-TS_for_Bike_Demand_Forecasting/.venv/lib/python3.12/site-packages/pytorch_lightning/core/__init__.py", line 16, in <module>
    from pytorch_lightning.core.module import LightningModule
  File "/home/20250572/TabPFN-TS_for_Bike_Demand_Forecasting/.venv/lib/python3.12/site-packages/pytorch_lightning/core/module.py", line 32, in <module>
    import lightning_fabric as lf
  File "/home/20250572/TabPFN-TS_for_Bike_Demand_Forecasting/.venv/lib/python3.12/site-packages/wandb/sdk/lib/import_hooks.py", line 182, in _exec_module
    self.loader.exec_module(module)
  File "/home/20250572/TabPFN-TS_for_Bike_Demand_Forecasting/.venv/lib/python3.12/site-packages/lightning_fabric/__init__.py", line 29, in <module>
    __import__("pkg_resources").declare_namespace(__name__)
    ^^^^^^^^^^^^^^^^^^^^^^^^^^^
ModuleNotFoundError: No module named 'pkg_resources'

================================================================================
[2026-03-17 18:41:16] ERROR: Error in NeuralProphet h=6 fold=8: No module named 'pkg_resources'
================================================================================
Traceback (most recent call last):
  File "/home/20250572/TabPFN-TS_for_Bike_Demand_Forecasting/forecasting/run_experiments.py", line 184, in run_single_experiment
    model.fit(y_train, X_train)
  File "/home/20250572/TabPFN-TS_for_Bike_Demand_Forecasting/forecasting/models/prophet_models.py", line 118, in fit
    from neuralprophet import NeuralProphet
  File "/home/20250572/TabPFN-TS_for_Bike_Demand_Forecasting/.venv/lib/python3.12/site-packages/neuralprophet/__init__.py", line 4, in <module>
    import pytorch_lightning as pl
  File "/home/20250572/TabPFN-TS_for_Bike_Demand_Forecasting/.venv/lib/python3.12/site-packages/wandb/sdk/lib/import_hooks.py", line 182, in _exec_module
    self.loader.exec_module(module)
  File "/home/20250572/TabPFN-TS_for_Bike_Demand_Forecasting/.venv/lib/python3.12/site-packages/pytorch_lightning/__init__.py", line 35, in <module>
    from pytorch_lightning.callbacks import Callback  # noqa: E402
    ^^^^^^^^^^^^^^^^^^^^^^^^^^^^^^^^^^^^^^^^^^^^^^^^
  File "/home/20250572/TabPFN-TS_for_Bike_Demand_Forecasting/.venv/lib/python3.12/site-packages/pytorch_lightning/callbacks/__init__.py", line 28, in <module>
    from pytorch_lightning.callbacks.pruning import ModelPruning
  File "/home/20250572/TabPFN-TS_for_Bike_Demand_Forecasting/.venv/lib/python3.12/site-packages/pytorch_lightning/callbacks/pruning.py", line 31, in <module>
    from pytorch_lightning.core.module import LightningModule
  File "/home/20250572/TabPFN-TS_for_Bike_Demand_Forecasting/.venv/lib/python3.12/site-packages/pytorch_lightning/core/__init__.py", line 16, in <module>
    from pytorch_lightning.core.module import LightningModule
  File "/home/20250572/TabPFN-TS_for_Bike_Demand_Forecasting/.venv/lib/python3.12/site-packages/pytorch_lightning/core/module.py", line 32, in <module>
    import lightning_fabric as lf
  File "/home/20250572/TabPFN-TS_for_Bike_Demand_Forecasting/.venv/lib/python3.12/site-packages/wandb/sdk/lib/import_hooks.py", line 182, in _exec_module
    self.loader.exec_module(module)
  File "/home/20250572/TabPFN-TS_for_Bike_Demand_Forecasting/.venv/lib/python3.12/site-packages/lightning_fabric/__init__.py", line 29, in <module>
    __import__("pkg_resources").declare_namespace(__name__)
    ^^^^^^^^^^^^^^^^^^^^^^^^^^^
ModuleNotFoundError: No module named 'pkg_resources'

================================================================================
[2026-03-17 18:41:16] ERROR: Error in NeuralProphet h=6 fold=9: No module named 'pkg_resources'
================================================================================
Traceback (most recent call last):
  File "/home/20250572/TabPFN-TS_for_Bike_Demand_Forecasting/forecasting/run_experiments.py", line 184, in run_single_experiment
    model.fit(y_train, X_train)
  File "/home/20250572/TabPFN-TS_for_Bike_Demand_Forecasting/forecasting/models/prophet_models.py", line 118, in fit
    from neuralprophet import NeuralProphet
  File "/home/20250572/TabPFN-TS_for_Bike_Demand_Forecasting/.venv/lib/python3.12/site-packages/neuralprophet/__init__.py", line 4, in <module>
    import pytorch_lightning as pl
  File "/home/20250572/TabPFN-TS_for_Bike_Demand_Forecasting/.venv/lib/python3.12/site-packages/wandb/sdk/lib/import_hooks.py", line 182, in _exec_module
    self.loader.exec_module(module)
  File "/home/20250572/TabPFN-TS_for_Bike_Demand_Forecasting/.venv/lib/python3.12/site-packages/pytorch_lightning/__init__.py", line 35, in <module>
    from pytorch_lightning.callbacks import Callback  # noqa: E402
    ^^^^^^^^^^^^^^^^^^^^^^^^^^^^^^^^^^^^^^^^^^^^^^^^
  File "/home/20250572/TabPFN-TS_for_Bike_Demand_Forecasting/.venv/lib/python3.12/site-packages/pytorch_lightning/callbacks/__init__.py", line 28, in <module>
    from pytorch_lightning.callbacks.pruning import ModelPruning
  File "/home/20250572/TabPFN-TS_for_Bike_Demand_Forecasting/.venv/lib/python3.12/site-packages/pytorch_lightning/callbacks/pruning.py", line 31, in <module>
    from pytorch_lightning.core.module import LightningModule
  File "/home/20250572/TabPFN-TS_for_Bike_Demand_Forecasting/.venv/lib/python3.12/site-packages/pytorch_lightning/core/__init__.py", line 16, in <module>
    from pytorch_lightning.core.module import LightningModule
  File "/home/20250572/TabPFN-TS_for_Bike_Demand_Forecasting/.venv/lib/python3.12/site-packages/pytorch_lightning/core/module.py", line 32, in <module>
    import lightning_fabric as lf
  File "/home/20250572/TabPFN-TS_for_Bike_Demand_Forecasting/.venv/lib/python3.12/site-packages/wandb/sdk/lib/import_hooks.py", line 182, in _exec_module
    self.loader.exec_module(module)
  File "/home/20250572/TabPFN-TS_for_Bike_Demand_Forecasting/.venv/lib/python3.12/site-packages/lightning_fabric/__init__.py", line 29, in <module>
    __import__("pkg_resources").declare_namespace(__name__)
    ^^^^^^^^^^^^^^^^^^^^^^^^^^^
ModuleNotFoundError: No module named 'pkg_resources'

================================================================================
[2026-03-17 18:41:16] ERROR: Error in NeuralProphet h=6 fold=10: No module named 'pkg_resources'
================================================================================
Traceback (most recent call last):
  File "/home/20250572/TabPFN-TS_for_Bike_Demand_Forecasting/forecasting/run_experiments.py", line 184, in run_single_experiment
    model.fit(y_train, X_train)
  File "/home/20250572/TabPFN-TS_for_Bike_Demand_Forecasting/forecasting/models/prophet_models.py", line 118, in fit
    from neuralprophet import NeuralProphet
  File "/home/20250572/TabPFN-TS_for_Bike_Demand_Forecasting/.venv/lib/python3.12/site-packages/neuralprophet/__init__.py", line 4, in <module>
    import pytorch_lightning as pl
  File "/home/20250572/TabPFN-TS_for_Bike_Demand_Forecasting/.venv/lib/python3.12/site-packages/wandb/sdk/lib/import_hooks.py", line 182, in _exec_module
    self.loader.exec_module(module)
  File "/home/20250572/TabPFN-TS_for_Bike_Demand_Forecasting/.venv/lib/python3.12/site-packages/pytorch_lightning/__init__.py", line 35, in <module>
    from pytorch_lightning.callbacks import Callback  # noqa: E402
    ^^^^^^^^^^^^^^^^^^^^^^^^^^^^^^^^^^^^^^^^^^^^^^^^
  File "/home/20250572/TabPFN-TS_for_Bike_Demand_Forecasting/.venv/lib/python3.12/site-packages/pytorch_lightning/callbacks/__init__.py", line 28, in <module>
    from pytorch_lightning.callbacks.pruning import ModelPruning
  File "/home/20250572/TabPFN-TS_for_Bike_Demand_Forecasting/.venv/lib/python3.12/site-packages/pytorch_lightning/callbacks/pruning.py", line 31, in <module>
    from pytorch_lightning.core.module import LightningModule
  File "/home/20250572/TabPFN-TS_for_Bike_Demand_Forecasting/.venv/lib/python3.12/site-packages/pytorch_lightning/core/__init__.py", line 16, in <module>
    from pytorch_lightning.core.module import LightningModule
  File "/home/20250572/TabPFN-TS_for_Bike_Demand_Forecasting/.venv/lib/python3.12/site-packages/pytorch_lightning/core/module.py", line 32, in <module>
    import lightning_fabric as lf
  File "/home/20250572/TabPFN-TS_for_Bike_Demand_Forecasting/.venv/lib/python3.12/site-packages/wandb/sdk/lib/import_hooks.py", line 182, in _exec_module
    self.loader.exec_module(module)
  File "/home/20250572/TabPFN-TS_for_Bike_Demand_Forecasting/.venv/lib/python3.12/site-packages/lightning_fabric/__init__.py", line 29, in <module>
    __import__("pkg_resources").declare_namespace(__name__)
    ^^^^^^^^^^^^^^^^^^^^^^^^^^^
ModuleNotFoundError: No module named 'pkg_resources'

================================================================================
[2026-03-17 18:41:16] ERROR: Error in NeuralProphet h=6 fold=11: No module named 'pkg_resources'
================================================================================
Traceback (most recent call last):
  File "/home/20250572/TabPFN-TS_for_Bike_Demand_Forecasting/forecasting/run_experiments.py", line 184, in run_single_experiment
    model.fit(y_train, X_train)
  File "/home/20250572/TabPFN-TS_for_Bike_Demand_Forecasting/forecasting/models/prophet_models.py", line 118, in fit
    from neuralprophet import NeuralProphet
  File "/home/20250572/TabPFN-TS_for_Bike_Demand_Forecasting/.venv/lib/python3.12/site-packages/neuralprophet/__init__.py", line 4, in <module>
    import pytorch_lightning as pl
  File "/home/20250572/TabPFN-TS_for_Bike_Demand_Forecasting/.venv/lib/python3.12/site-packages/wandb/sdk/lib/import_hooks.py", line 182, in _exec_module
    self.loader.exec_module(module)
  File "/home/20250572/TabPFN-TS_for_Bike_Demand_Forecasting/.venv/lib/python3.12/site-packages/pytorch_lightning/__init__.py", line 35, in <module>
    from pytorch_lightning.callbacks import Callback  # noqa: E402
    ^^^^^^^^^^^^^^^^^^^^^^^^^^^^^^^^^^^^^^^^^^^^^^^^
  File "/home/20250572/TabPFN-TS_for_Bike_Demand_Forecasting/.venv/lib/python3.12/site-packages/pytorch_lightning/callbacks/__init__.py", line 28, in <module>
    from pytorch_lightning.callbacks.pruning import ModelPruning
  File "/home/20250572/TabPFN-TS_for_Bike_Demand_Forecasting/.venv/lib/python3.12/site-packages/pytorch_lightning/callbacks/pruning.py", line 31, in <module>
    from pytorch_lightning.core.module import LightningModule
  File "/home/20250572/TabPFN-TS_for_Bike_Demand_Forecasting/.venv/lib/python3.12/site-packages/pytorch_lightning/core/__init__.py", line 16, in <module>
    from pytorch_lightning.core.module import LightningModule
  File "/home/20250572/TabPFN-TS_for_Bike_Demand_Forecasting/.venv/lib/python3.12/site-packages/pytorch_lightning/core/module.py", line 32, in <module>
    import lightning_fabric as lf
  File "/home/20250572/TabPFN-TS_for_Bike_Demand_Forecasting/.venv/lib/python3.12/site-packages/wandb/sdk/lib/import_hooks.py", line 182, in _exec_module
    self.loader.exec_module(module)
  File "/home/20250572/TabPFN-TS_for_Bike_Demand_Forecasting/.venv/lib/python3.12/site-packages/lightning_fabric/__init__.py", line 29, in <module>
    __import__("pkg_resources").declare_namespace(__name__)
    ^^^^^^^^^^^^^^^^^^^^^^^^^^^
ModuleNotFoundError: No module named 'pkg_resources'

================================================================================
[2026-03-17 18:41:16] ERROR: Error in NeuralProphet h=6 fold=12: No module named 'pkg_resources'
================================================================================
Traceback (most recent call last):
  File "/home/20250572/TabPFN-TS_for_Bike_Demand_Forecasting/forecasting/run_experiments.py", line 184, in run_single_experiment
    model.fit(y_train, X_train)
  File "/home/20250572/TabPFN-TS_for_Bike_Demand_Forecasting/forecasting/models/prophet_models.py", line 118, in fit
    from neuralprophet import NeuralProphet
  File "/home/20250572/TabPFN-TS_for_Bike_Demand_Forecasting/.venv/lib/python3.12/site-packages/neuralprophet/__init__.py", line 4, in <module>
    import pytorch_lightning as pl
  File "/home/20250572/TabPFN-TS_for_Bike_Demand_Forecasting/.venv/lib/python3.12/site-packages/wandb/sdk/lib/import_hooks.py", line 182, in _exec_module
    self.loader.exec_module(module)
  File "/home/20250572/TabPFN-TS_for_Bike_Demand_Forecasting/.venv/lib/python3.12/site-packages/pytorch_lightning/__init__.py", line 35, in <module>
    from pytorch_lightning.callbacks import Callback  # noqa: E402
    ^^^^^^^^^^^^^^^^^^^^^^^^^^^^^^^^^^^^^^^^^^^^^^^^
  File "/home/20250572/TabPFN-TS_for_Bike_Demand_Forecasting/.venv/lib/python3.12/site-packages/pytorch_lightning/callbacks/__init__.py", line 28, in <module>
    from pytorch_lightning.callbacks.pruning import ModelPruning
  File "/home/20250572/TabPFN-TS_for_Bike_Demand_Forecasting/.venv/lib/python3.12/site-packages/pytorch_lightning/callbacks/pruning.py", line 31, in <module>
    from pytorch_lightning.core.module import LightningModule
  File "/home/20250572/TabPFN-TS_for_Bike_Demand_Forecasting/.venv/lib/python3.12/site-packages/pytorch_lightning/core/__init__.py", line 16, in <module>
    from pytorch_lightning.core.module import LightningModule
  File "/home/20250572/TabPFN-TS_for_Bike_Demand_Forecasting/.venv/lib/python3.12/site-packages/pytorch_lightning/core/module.py", line 32, in <module>
    import lightning_fabric as lf
  File "/home/20250572/TabPFN-TS_for_Bike_Demand_Forecasting/.venv/lib/python3.12/site-packages/wandb/sdk/lib/import_hooks.py", line 182, in _exec_module
    self.loader.exec_module(module)
  File "/home/20250572/TabPFN-TS_for_Bike_Demand_Forecasting/.venv/lib/python3.12/site-packages/lightning_fabric/__init__.py", line 29, in <module>
    __import__("pkg_resources").declare_namespace(__name__)
    ^^^^^^^^^^^^^^^^^^^^^^^^^^^
ModuleNotFoundError: No module named 'pkg_resources'

================================================================================
[2026-03-17 18:41:16] ERROR: Error in NeuralProphet h=6 fold=13: No module named 'pkg_resources'
================================================================================
Traceback (most recent call last):
  File "/home/20250572/TabPFN-TS_for_Bike_Demand_Forecasting/forecasting/run_experiments.py", line 184, in run_single_experiment
    model.fit(y_train, X_train)
  File "/home/20250572/TabPFN-TS_for_Bike_Demand_Forecasting/forecasting/models/prophet_models.py", line 118, in fit
    from neuralprophet import NeuralProphet
  File "/home/20250572/TabPFN-TS_for_Bike_Demand_Forecasting/.venv/lib/python3.12/site-packages/neuralprophet/__init__.py", line 4, in <module>
    import pytorch_lightning as pl
  File "/home/20250572/TabPFN-TS_for_Bike_Demand_Forecasting/.venv/lib/python3.12/site-packages/wandb/sdk/lib/import_hooks.py", line 182, in _exec_module
    self.loader.exec_module(module)
  File "/home/20250572/TabPFN-TS_for_Bike_Demand_Forecasting/.venv/lib/python3.12/site-packages/pytorch_lightning/__init__.py", line 35, in <module>
    from pytorch_lightning.callbacks import Callback  # noqa: E402
    ^^^^^^^^^^^^^^^^^^^^^^^^^^^^^^^^^^^^^^^^^^^^^^^^
  File "/home/20250572/TabPFN-TS_for_Bike_Demand_Forecasting/.venv/lib/python3.12/site-packages/pytorch_lightning/callbacks/__init__.py", line 28, in <module>
    from pytorch_lightning.callbacks.pruning import ModelPruning
  File "/home/20250572/TabPFN-TS_for_Bike_Demand_Forecasting/.venv/lib/python3.12/site-packages/pytorch_lightning/callbacks/pruning.py", line 31, in <module>
    from pytorch_lightning.core.module import LightningModule
  File "/home/20250572/TabPFN-TS_for_Bike_Demand_Forecasting/.venv/lib/python3.12/site-packages/pytorch_lightning/core/__init__.py", line 16, in <module>
    from pytorch_lightning.core.module import LightningModule
  File "/home/20250572/TabPFN-TS_for_Bike_Demand_Forecasting/.venv/lib/python3.12/site-packages/pytorch_lightning/core/module.py", line 32, in <module>
    import lightning_fabric as lf
  File "/home/20250572/TabPFN-TS_for_Bike_Demand_Forecasting/.venv/lib/python3.12/site-packages/wandb/sdk/lib/import_hooks.py", line 182, in _exec_module
    self.loader.exec_module(module)
  File "/home/20250572/TabPFN-TS_for_Bike_Demand_Forecasting/.venv/lib/python3.12/site-packages/lightning_fabric/__init__.py", line 29, in <module>
    __import__("pkg_resources").declare_namespace(__name__)
    ^^^^^^^^^^^^^^^^^^^^^^^^^^^
ModuleNotFoundError: No module named 'pkg_resources'

================================================================================
[2026-03-17 18:41:16] ERROR: Error in NeuralProphet h=6 fold=14: No module named 'pkg_resources'
================================================================================
Traceback (most recent call last):
  File "/home/20250572/TabPFN-TS_for_Bike_Demand_Forecasting/forecasting/run_experiments.py", line 184, in run_single_experiment
    model.fit(y_train, X_train)
  File "/home/20250572/TabPFN-TS_for_Bike_Demand_Forecasting/forecasting/models/prophet_models.py", line 118, in fit
    from neuralprophet import NeuralProphet
  File "/home/20250572/TabPFN-TS_for_Bike_Demand_Forecasting/.venv/lib/python3.12/site-packages/neuralprophet/__init__.py", line 4, in <module>
    import pytorch_lightning as pl
  File "/home/20250572/TabPFN-TS_for_Bike_Demand_Forecasting/.venv/lib/python3.12/site-packages/wandb/sdk/lib/import_hooks.py", line 182, in _exec_module
    self.loader.exec_module(module)
  File "/home/20250572/TabPFN-TS_for_Bike_Demand_Forecasting/.venv/lib/python3.12/site-packages/pytorch_lightning/__init__.py", line 35, in <module>
    from pytorch_lightning.callbacks import Callback  # noqa: E402
    ^^^^^^^^^^^^^^^^^^^^^^^^^^^^^^^^^^^^^^^^^^^^^^^^
  File "/home/20250572/TabPFN-TS_for_Bike_Demand_Forecasting/.venv/lib/python3.12/site-packages/pytorch_lightning/callbacks/__init__.py", line 28, in <module>
    from pytorch_lightning.callbacks.pruning import ModelPruning
  File "/home/20250572/TabPFN-TS_for_Bike_Demand_Forecasting/.venv/lib/python3.12/site-packages/pytorch_lightning/callbacks/pruning.py", line 31, in <module>
    from pytorch_lightning.core.module import LightningModule
  File "/home/20250572/TabPFN-TS_for_Bike_Demand_Forecasting/.venv/lib/python3.12/site-packages/pytorch_lightning/core/__init__.py", line 16, in <module>
    from pytorch_lightning.core.module import LightningModule
  File "/home/20250572/TabPFN-TS_for_Bike_Demand_Forecasting/.venv/lib/python3.12/site-packages/pytorch_lightning/core/module.py", line 32, in <module>
    import lightning_fabric as lf
  File "/home/20250572/TabPFN-TS_for_Bike_Demand_Forecasting/.venv/lib/python3.12/site-packages/wandb/sdk/lib/import_hooks.py", line 182, in _exec_module
    self.loader.exec_module(module)
  File "/home/20250572/TabPFN-TS_for_Bike_Demand_Forecasting/.venv/lib/python3.12/site-packages/lightning_fabric/__init__.py", line 29, in <module>
    __import__("pkg_resources").declare_namespace(__name__)
    ^^^^^^^^^^^^^^^^^^^^^^^^^^^
ModuleNotFoundError: No module named 'pkg_resources'

================================================================================
[2026-03-17 18:41:16] ERROR: Error in NeuralProphet h=6 fold=15: No module named 'pkg_resources'
================================================================================
Traceback (most recent call last):
  File "/home/20250572/TabPFN-TS_for_Bike_Demand_Forecasting/forecasting/run_experiments.py", line 184, in run_single_experiment
    model.fit(y_train, X_train)
  File "/home/20250572/TabPFN-TS_for_Bike_Demand_Forecasting/forecasting/models/prophet_models.py", line 118, in fit
    from neuralprophet import NeuralProphet
  File "/home/20250572/TabPFN-TS_for_Bike_Demand_Forecasting/.venv/lib/python3.12/site-packages/neuralprophet/__init__.py", line 4, in <module>
    import pytorch_lightning as pl
  File "/home/20250572/TabPFN-TS_for_Bike_Demand_Forecasting/.venv/lib/python3.12/site-packages/wandb/sdk/lib/import_hooks.py", line 182, in _exec_module
    self.loader.exec_module(module)
  File "/home/20250572/TabPFN-TS_for_Bike_Demand_Forecasting/.venv/lib/python3.12/site-packages/pytorch_lightning/__init__.py", line 35, in <module>
    from pytorch_lightning.callbacks import Callback  # noqa: E402
    ^^^^^^^^^^^^^^^^^^^^^^^^^^^^^^^^^^^^^^^^^^^^^^^^
  File "/home/20250572/TabPFN-TS_for_Bike_Demand_Forecasting/.venv/lib/python3.12/site-packages/pytorch_lightning/callbacks/__init__.py", line 28, in <module>
    from pytorch_lightning.callbacks.pruning import ModelPruning
  File "/home/20250572/TabPFN-TS_for_Bike_Demand_Forecasting/.venv/lib/python3.12/site-packages/pytorch_lightning/callbacks/pruning.py", line 31, in <module>
    from pytorch_lightning.core.module import LightningModule
  File "/home/20250572/TabPFN-TS_for_Bike_Demand_Forecasting/.venv/lib/python3.12/site-packages/pytorch_lightning/core/__init__.py", line 16, in <module>
    from pytorch_lightning.core.module import LightningModule
  File "/home/20250572/TabPFN-TS_for_Bike_Demand_Forecasting/.venv/lib/python3.12/site-packages/pytorch_lightning/core/module.py", line 32, in <module>
    import lightning_fabric as lf
  File "/home/20250572/TabPFN-TS_for_Bike_Demand_Forecasting/.venv/lib/python3.12/site-packages/wandb/sdk/lib/import_hooks.py", line 182, in _exec_module
    self.loader.exec_module(module)
  File "/home/20250572/TabPFN-TS_for_Bike_Demand_Forecasting/.venv/lib/python3.12/site-packages/lightning_fabric/__init__.py", line 29, in <module>
    __import__("pkg_resources").declare_namespace(__name__)
    ^^^^^^^^^^^^^^^^^^^^^^^^^^^
ModuleNotFoundError: No module named 'pkg_resources'

================================================================================
[2026-03-17 18:41:16] ERROR: Error in NeuralProphet h=6 fold=16: No module named 'pkg_resources'
================================================================================
Traceback (most recent call last):
  File "/home/20250572/TabPFN-TS_for_Bike_Demand_Forecasting/forecasting/run_experiments.py", line 184, in run_single_experiment
    model.fit(y_train, X_train)
  File "/home/20250572/TabPFN-TS_for_Bike_Demand_Forecasting/forecasting/models/prophet_models.py", line 118, in fit
    from neuralprophet import NeuralProphet
  File "/home/20250572/TabPFN-TS_for_Bike_Demand_Forecasting/.venv/lib/python3.12/site-packages/neuralprophet/__init__.py", line 4, in <module>
    import pytorch_lightning as pl
  File "/home/20250572/TabPFN-TS_for_Bike_Demand_Forecasting/.venv/lib/python3.12/site-packages/wandb/sdk/lib/import_hooks.py", line 182, in _exec_module
    self.loader.exec_module(module)
  File "/home/20250572/TabPFN-TS_for_Bike_Demand_Forecasting/.venv/lib/python3.12/site-packages/pytorch_lightning/__init__.py", line 35, in <module>
    from pytorch_lightning.callbacks import Callback  # noqa: E402
    ^^^^^^^^^^^^^^^^^^^^^^^^^^^^^^^^^^^^^^^^^^^^^^^^
  File "/home/20250572/TabPFN-TS_for_Bike_Demand_Forecasting/.venv/lib/python3.12/site-packages/pytorch_lightning/callbacks/__init__.py", line 28, in <module>
    from pytorch_lightning.callbacks.pruning import ModelPruning
  File "/home/20250572/TabPFN-TS_for_Bike_Demand_Forecasting/.venv/lib/python3.12/site-packages/pytorch_lightning/callbacks/pruning.py", line 31, in <module>
    from pytorch_lightning.core.module import LightningModule
  File "/home/20250572/TabPFN-TS_for_Bike_Demand_Forecasting/.venv/lib/python3.12/site-packages/pytorch_lightning/core/__init__.py", line 16, in <module>
    from pytorch_lightning.core.module import LightningModule
  File "/home/20250572/TabPFN-TS_for_Bike_Demand_Forecasting/.venv/lib/python3.12/site-packages/pytorch_lightning/core/module.py", line 32, in <module>
    import lightning_fabric as lf
  File "/home/20250572/TabPFN-TS_for_Bike_Demand_Forecasting/.venv/lib/python3.12/site-packages/wandb/sdk/lib/import_hooks.py", line 182, in _exec_module
    self.loader.exec_module(module)
  File "/home/20250572/TabPFN-TS_for_Bike_Demand_Forecasting/.venv/lib/python3.12/site-packages/lightning_fabric/__init__.py", line 29, in <module>
    __import__("pkg_resources").declare_namespace(__name__)
    ^^^^^^^^^^^^^^^^^^^^^^^^^^^
ModuleNotFoundError: No module named 'pkg_resources'

================================================================================
[2026-03-17 18:41:16] ERROR: Error in NeuralProphet h=6 fold=17: No module named 'pkg_resources'
================================================================================
Traceback (most recent call last):
  File "/home/20250572/TabPFN-TS_for_Bike_Demand_Forecasting/forecasting/run_experiments.py", line 184, in run_single_experiment
    model.fit(y_train, X_train)
  File "/home/20250572/TabPFN-TS_for_Bike_Demand_Forecasting/forecasting/models/prophet_models.py", line 118, in fit
    from neuralprophet import NeuralProphet
  File "/home/20250572/TabPFN-TS_for_Bike_Demand_Forecasting/.venv/lib/python3.12/site-packages/neuralprophet/__init__.py", line 4, in <module>
    import pytorch_lightning as pl
  File "/home/20250572/TabPFN-TS_for_Bike_Demand_Forecasting/.venv/lib/python3.12/site-packages/wandb/sdk/lib/import_hooks.py", line 182, in _exec_module
    self.loader.exec_module(module)
  File "/home/20250572/TabPFN-TS_for_Bike_Demand_Forecasting/.venv/lib/python3.12/site-packages/pytorch_lightning/__init__.py", line 35, in <module>
    from pytorch_lightning.callbacks import Callback  # noqa: E402
    ^^^^^^^^^^^^^^^^^^^^^^^^^^^^^^^^^^^^^^^^^^^^^^^^
  File "/home/20250572/TabPFN-TS_for_Bike_Demand_Forecasting/.venv/lib/python3.12/site-packages/pytorch_lightning/callbacks/__init__.py", line 28, in <module>
    from pytorch_lightning.callbacks.pruning import ModelPruning
  File "/home/20250572/TabPFN-TS_for_Bike_Demand_Forecasting/.venv/lib/python3.12/site-packages/pytorch_lightning/callbacks/pruning.py", line 31, in <module>
    from pytorch_lightning.core.module import LightningModule
  File "/home/20250572/TabPFN-TS_for_Bike_Demand_Forecasting/.venv/lib/python3.12/site-packages/pytorch_lightning/core/__init__.py", line 16, in <module>
    from pytorch_lightning.core.module import LightningModule
  File "/home/20250572/TabPFN-TS_for_Bike_Demand_Forecasting/.venv/lib/python3.12/site-packages/pytorch_lightning/core/module.py", line 32, in <module>
    import lightning_fabric as lf
  File "/home/20250572/TabPFN-TS_for_Bike_Demand_Forecasting/.venv/lib/python3.12/site-packages/wandb/sdk/lib/import_hooks.py", line 182, in _exec_module
    self.loader.exec_module(module)
  File "/home/20250572/TabPFN-TS_for_Bike_Demand_Forecasting/.venv/lib/python3.12/site-packages/lightning_fabric/__init__.py", line 29, in <module>
    __import__("pkg_resources").declare_namespace(__name__)
    ^^^^^^^^^^^^^^^^^^^^^^^^^^^
ModuleNotFoundError: No module named 'pkg_resources'

================================================================================
[2026-03-17 18:41:16] ERROR: Error in NeuralProphet h=6 fold=18: No module named 'pkg_resources'
================================================================================
Traceback (most recent call last):
  File "/home/20250572/TabPFN-TS_for_Bike_Demand_Forecasting/forecasting/run_experiments.py", line 184, in run_single_experiment
    model.fit(y_train, X_train)
  File "/home/20250572/TabPFN-TS_for_Bike_Demand_Forecasting/forecasting/models/prophet_models.py", line 118, in fit
    from neuralprophet import NeuralProphet
  File "/home/20250572/TabPFN-TS_for_Bike_Demand_Forecasting/.venv/lib/python3.12/site-packages/neuralprophet/__init__.py", line 4, in <module>
    import pytorch_lightning as pl
  File "/home/20250572/TabPFN-TS_for_Bike_Demand_Forecasting/.venv/lib/python3.12/site-packages/wandb/sdk/lib/import_hooks.py", line 182, in _exec_module
    self.loader.exec_module(module)
  File "/home/20250572/TabPFN-TS_for_Bike_Demand_Forecasting/.venv/lib/python3.12/site-packages/pytorch_lightning/__init__.py", line 35, in <module>
    from pytorch_lightning.callbacks import Callback  # noqa: E402
    ^^^^^^^^^^^^^^^^^^^^^^^^^^^^^^^^^^^^^^^^^^^^^^^^
  File "/home/20250572/TabPFN-TS_for_Bike_Demand_Forecasting/.venv/lib/python3.12/site-packages/pytorch_lightning/callbacks/__init__.py", line 28, in <module>
    from pytorch_lightning.callbacks.pruning import ModelPruning
  File "/home/20250572/TabPFN-TS_for_Bike_Demand_Forecasting/.venv/lib/python3.12/site-packages/pytorch_lightning/callbacks/pruning.py", line 31, in <module>
    from pytorch_lightning.core.module import LightningModule
  File "/home/20250572/TabPFN-TS_for_Bike_Demand_Forecasting/.venv/lib/python3.12/site-packages/pytorch_lightning/core/__init__.py", line 16, in <module>
    from pytorch_lightning.core.module import LightningModule
  File "/home/20250572/TabPFN-TS_for_Bike_Demand_Forecasting/.venv/lib/python3.12/site-packages/pytorch_lightning/core/module.py", line 32, in <module>
    import lightning_fabric as lf
  File "/home/20250572/TabPFN-TS_for_Bike_Demand_Forecasting/.venv/lib/python3.12/site-packages/wandb/sdk/lib/import_hooks.py", line 182, in _exec_module
    self.loader.exec_module(module)
  File "/home/20250572/TabPFN-TS_for_Bike_Demand_Forecasting/.venv/lib/python3.12/site-packages/lightning_fabric/__init__.py", line 29, in <module>
    __import__("pkg_resources").declare_namespace(__name__)
    ^^^^^^^^^^^^^^^^^^^^^^^^^^^
ModuleNotFoundError: No module named 'pkg_resources'

================================================================================
[2026-03-17 18:41:16] ERROR: Error in NeuralProphet h=6 fold=19: No module named 'pkg_resources'
================================================================================
Traceback (most recent call last):
  File "/home/20250572/TabPFN-TS_for_Bike_Demand_Forecasting/forecasting/run_experiments.py", line 184, in run_single_experiment
    model.fit(y_train, X_train)
  File "/home/20250572/TabPFN-TS_for_Bike_Demand_Forecasting/forecasting/models/prophet_models.py", line 118, in fit
    from neuralprophet import NeuralProphet
  File "/home/20250572/TabPFN-TS_for_Bike_Demand_Forecasting/.venv/lib/python3.12/site-packages/neuralprophet/__init__.py", line 4, in <module>
    import pytorch_lightning as pl
  File "/home/20250572/TabPFN-TS_for_Bike_Demand_Forecasting/.venv/lib/python3.12/site-packages/wandb/sdk/lib/import_hooks.py", line 182, in _exec_module
    self.loader.exec_module(module)
  File "/home/20250572/TabPFN-TS_for_Bike_Demand_Forecasting/.venv/lib/python3.12/site-packages/pytorch_lightning/__init__.py", line 35, in <module>
    from pytorch_lightning.callbacks import Callback  # noqa: E402
    ^^^^^^^^^^^^^^^^^^^^^^^^^^^^^^^^^^^^^^^^^^^^^^^^
  File "/home/20250572/TabPFN-TS_for_Bike_Demand_Forecasting/.venv/lib/python3.12/site-packages/pytorch_lightning/callbacks/__init__.py", line 28, in <module>
    from pytorch_lightning.callbacks.pruning import ModelPruning
  File "/home/20250572/TabPFN-TS_for_Bike_Demand_Forecasting/.venv/lib/python3.12/site-packages/pytorch_lightning/callbacks/pruning.py", line 31, in <module>
    from pytorch_lightning.core.module import LightningModule
  File "/home/20250572/TabPFN-TS_for_Bike_Demand_Forecasting/.venv/lib/python3.12/site-packages/pytorch_lightning/core/__init__.py", line 16, in <module>
    from pytorch_lightning.core.module import LightningModule
  File "/home/20250572/TabPFN-TS_for_Bike_Demand_Forecasting/.venv/lib/python3.12/site-packages/pytorch_lightning/core/module.py", line 32, in <module>
    import lightning_fabric as lf
  File "/home/20250572/TabPFN-TS_for_Bike_Demand_Forecasting/.venv/lib/python3.12/site-packages/wandb/sdk/lib/import_hooks.py", line 182, in _exec_module
    self.loader.exec_module(module)
  File "/home/20250572/TabPFN-TS_for_Bike_Demand_Forecasting/.venv/lib/python3.12/site-packages/lightning_fabric/__init__.py", line 29, in <module>
    __import__("pkg_resources").declare_namespace(__name__)
    ^^^^^^^^^^^^^^^^^^^^^^^^^^^
ModuleNotFoundError: No module named 'pkg_resources'

================================================================================
[2026-03-17 18:41:16] ERROR: Error in NeuralProphet h=24 fold=0: No module named 'pkg_resources'
================================================================================
Traceback (most recent call last):
  File "/home/20250572/TabPFN-TS_for_Bike_Demand_Forecasting/forecasting/run_experiments.py", line 184, in run_single_experiment
    model.fit(y_train, X_train)
  File "/home/20250572/TabPFN-TS_for_Bike_Demand_Forecasting/forecasting/models/prophet_models.py", line 118, in fit
    from neuralprophet import NeuralProphet
  File "/home/20250572/TabPFN-TS_for_Bike_Demand_Forecasting/.venv/lib/python3.12/site-packages/neuralprophet/__init__.py", line 4, in <module>
    import pytorch_lightning as pl
  File "/home/20250572/TabPFN-TS_for_Bike_Demand_Forecasting/.venv/lib/python3.12/site-packages/wandb/sdk/lib/import_hooks.py", line 182, in _exec_module
    self.loader.exec_module(module)
  File "/home/20250572/TabPFN-TS_for_Bike_Demand_Forecasting/.venv/lib/python3.12/site-packages/pytorch_lightning/__init__.py", line 35, in <module>
    from pytorch_lightning.callbacks import Callback  # noqa: E402
    ^^^^^^^^^^^^^^^^^^^^^^^^^^^^^^^^^^^^^^^^^^^^^^^^
  File "/home/20250572/TabPFN-TS_for_Bike_Demand_Forecasting/.venv/lib/python3.12/site-packages/pytorch_lightning/callbacks/__init__.py", line 28, in <module>
    from pytorch_lightning.callbacks.pruning import ModelPruning
  File "/home/20250572/TabPFN-TS_for_Bike_Demand_Forecasting/.venv/lib/python3.12/site-packages/pytorch_lightning/callbacks/pruning.py", line 31, in <module>
    from pytorch_lightning.core.module import LightningModule
  File "/home/20250572/TabPFN-TS_for_Bike_Demand_Forecasting/.venv/lib/python3.12/site-packages/pytorch_lightning/core/__init__.py", line 16, in <module>
    from pytorch_lightning.core.module import LightningModule
  File "/home/20250572/TabPFN-TS_for_Bike_Demand_Forecasting/.venv/lib/python3.12/site-packages/pytorch_lightning/core/module.py", line 32, in <module>
    import lightning_fabric as lf
  File "/home/20250572/TabPFN-TS_for_Bike_Demand_Forecasting/.venv/lib/python3.12/site-packages/wandb/sdk/lib/import_hooks.py", line 182, in _exec_module
    self.loader.exec_module(module)
  File "/home/20250572/TabPFN-TS_for_Bike_Demand_Forecasting/.venv/lib/python3.12/site-packages/lightning_fabric/__init__.py", line 29, in <module>
    __import__("pkg_resources").declare_namespace(__name__)
    ^^^^^^^^^^^^^^^^^^^^^^^^^^^
ModuleNotFoundError: No module named 'pkg_resources'

================================================================================
[2026-03-17 18:41:16] ERROR: Error in NeuralProphet h=24 fold=1: No module named 'pkg_resources'
================================================================================
Traceback (most recent call last):
  File "/home/20250572/TabPFN-TS_for_Bike_Demand_Forecasting/forecasting/run_experiments.py", line 184, in run_single_experiment
    model.fit(y_train, X_train)
  File "/home/20250572/TabPFN-TS_for_Bike_Demand_Forecasting/forecasting/models/prophet_models.py", line 118, in fit
    from neuralprophet import NeuralProphet
  File "/home/20250572/TabPFN-TS_for_Bike_Demand_Forecasting/.venv/lib/python3.12/site-packages/neuralprophet/__init__.py", line 4, in <module>
    import pytorch_lightning as pl
  File "/home/20250572/TabPFN-TS_for_Bike_Demand_Forecasting/.venv/lib/python3.12/site-packages/wandb/sdk/lib/import_hooks.py", line 182, in _exec_module
    self.loader.exec_module(module)
  File "/home/20250572/TabPFN-TS_for_Bike_Demand_Forecasting/.venv/lib/python3.12/site-packages/pytorch_lightning/__init__.py", line 35, in <module>
    from pytorch_lightning.callbacks import Callback  # noqa: E402
    ^^^^^^^^^^^^^^^^^^^^^^^^^^^^^^^^^^^^^^^^^^^^^^^^
  File "/home/20250572/TabPFN-TS_for_Bike_Demand_Forecasting/.venv/lib/python3.12/site-packages/pytorch_lightning/callbacks/__init__.py", line 28, in <module>
    from pytorch_lightning.callbacks.pruning import ModelPruning
  File "/home/20250572/TabPFN-TS_for_Bike_Demand_Forecasting/.venv/lib/python3.12/site-packages/pytorch_lightning/callbacks/pruning.py", line 31, in <module>
    from pytorch_lightning.core.module import LightningModule
  File "/home/20250572/TabPFN-TS_for_Bike_Demand_Forecasting/.venv/lib/python3.12/site-packages/pytorch_lightning/core/__init__.py", line 16, in <module>
    from pytorch_lightning.core.module import LightningModule
  File "/home/20250572/TabPFN-TS_for_Bike_Demand_Forecasting/.venv/lib/python3.12/site-packages/pytorch_lightning/core/module.py", line 32, in <module>
    import lightning_fabric as lf
  File "/home/20250572/TabPFN-TS_for_Bike_Demand_Forecasting/.venv/lib/python3.12/site-packages/wandb/sdk/lib/import_hooks.py", line 182, in _exec_module
    self.loader.exec_module(module)
  File "/home/20250572/TabPFN-TS_for_Bike_Demand_Forecasting/.venv/lib/python3.12/site-packages/lightning_fabric/__init__.py", line 29, in <module>
    __import__("pkg_resources").declare_namespace(__name__)
    ^^^^^^^^^^^^^^^^^^^^^^^^^^^
ModuleNotFoundError: No module named 'pkg_resources'

================================================================================
[2026-03-17 18:41:16] ERROR: Error in NeuralProphet h=24 fold=2: No module named 'pkg_resources'
================================================================================
Traceback (most recent call last):
  File "/home/20250572/TabPFN-TS_for_Bike_Demand_Forecasting/forecasting/run_experiments.py", line 184, in run_single_experiment
    model.fit(y_train, X_train)
  File "/home/20250572/TabPFN-TS_for_Bike_Demand_Forecasting/forecasting/models/prophet_models.py", line 118, in fit
    from neuralprophet import NeuralProphet
  File "/home/20250572/TabPFN-TS_for_Bike_Demand_Forecasting/.venv/lib/python3.12/site-packages/neuralprophet/__init__.py", line 4, in <module>
    import pytorch_lightning as pl
  File "/home/20250572/TabPFN-TS_for_Bike_Demand_Forecasting/.venv/lib/python3.12/site-packages/wandb/sdk/lib/import_hooks.py", line 182, in _exec_module
    self.loader.exec_module(module)
  File "/home/20250572/TabPFN-TS_for_Bike_Demand_Forecasting/.venv/lib/python3.12/site-packages/pytorch_lightning/__init__.py", line 35, in <module>
    from pytorch_lightning.callbacks import Callback  # noqa: E402
    ^^^^^^^^^^^^^^^^^^^^^^^^^^^^^^^^^^^^^^^^^^^^^^^^
  File "/home/20250572/TabPFN-TS_for_Bike_Demand_Forecasting/.venv/lib/python3.12/site-packages/pytorch_lightning/callbacks/__init__.py", line 28, in <module>
    from pytorch_lightning.callbacks.pruning import ModelPruning
  File "/home/20250572/TabPFN-TS_for_Bike_Demand_Forecasting/.venv/lib/python3.12/site-packages/pytorch_lightning/callbacks/pruning.py", line 31, in <module>
    from pytorch_lightning.core.module import LightningModule
  File "/home/20250572/TabPFN-TS_for_Bike_Demand_Forecasting/.venv/lib/python3.12/site-packages/pytorch_lightning/core/__init__.py", line 16, in <module>
    from pytorch_lightning.core.module import LightningModule
  File "/home/20250572/TabPFN-TS_for_Bike_Demand_Forecasting/.venv/lib/python3.12/site-packages/pytorch_lightning/core/module.py", line 32, in <module>
    import lightning_fabric as lf
  File "/home/20250572/TabPFN-TS_for_Bike_Demand_Forecasting/.venv/lib/python3.12/site-packages/wandb/sdk/lib/import_hooks.py", line 182, in _exec_module
    self.loader.exec_module(module)
  File "/home/20250572/TabPFN-TS_for_Bike_Demand_Forecasting/.venv/lib/python3.12/site-packages/lightning_fabric/__init__.py", line 29, in <module>
    __import__("pkg_resources").declare_namespace(__name__)
    ^^^^^^^^^^^^^^^^^^^^^^^^^^^
ModuleNotFoundError: No module named 'pkg_resources'

================================================================================
[2026-03-17 18:41:16] ERROR: Error in NeuralProphet h=24 fold=3: No module named 'pkg_resources'
================================================================================
Traceback (most recent call last):
  File "/home/20250572/TabPFN-TS_for_Bike_Demand_Forecasting/forecasting/run_experiments.py", line 184, in run_single_experiment
    model.fit(y_train, X_train)
  File "/home/20250572/TabPFN-TS_for_Bike_Demand_Forecasting/forecasting/models/prophet_models.py", line 118, in fit
    from neuralprophet import NeuralProphet
  File "/home/20250572/TabPFN-TS_for_Bike_Demand_Forecasting/.venv/lib/python3.12/site-packages/neuralprophet/__init__.py", line 4, in <module>
    import pytorch_lightning as pl
  File "/home/20250572/TabPFN-TS_for_Bike_Demand_Forecasting/.venv/lib/python3.12/site-packages/wandb/sdk/lib/import_hooks.py", line 182, in _exec_module
    self.loader.exec_module(module)
  File "/home/20250572/TabPFN-TS_for_Bike_Demand_Forecasting/.venv/lib/python3.12/site-packages/pytorch_lightning/__init__.py", line 35, in <module>
    from pytorch_lightning.callbacks import Callback  # noqa: E402
    ^^^^^^^^^^^^^^^^^^^^^^^^^^^^^^^^^^^^^^^^^^^^^^^^
  File "/home/20250572/TabPFN-TS_for_Bike_Demand_Forecasting/.venv/lib/python3.12/site-packages/pytorch_lightning/callbacks/__init__.py", line 28, in <module>
    from pytorch_lightning.callbacks.pruning import ModelPruning
  File "/home/20250572/TabPFN-TS_for_Bike_Demand_Forecasting/.venv/lib/python3.12/site-packages/pytorch_lightning/callbacks/pruning.py", line 31, in <module>
    from pytorch_lightning.core.module import LightningModule
  File "/home/20250572/TabPFN-TS_for_Bike_Demand_Forecasting/.venv/lib/python3.12/site-packages/pytorch_lightning/core/__init__.py", line 16, in <module>
    from pytorch_lightning.core.module import LightningModule
  File "/home/20250572/TabPFN-TS_for_Bike_Demand_Forecasting/.venv/lib/python3.12/site-packages/pytorch_lightning/core/module.py", line 32, in <module>
    import lightning_fabric as lf
  File "/home/20250572/TabPFN-TS_for_Bike_Demand_Forecasting/.venv/lib/python3.12/site-packages/wandb/sdk/lib/import_hooks.py", line 182, in _exec_module
    self.loader.exec_module(module)
  File "/home/20250572/TabPFN-TS_for_Bike_Demand_Forecasting/.venv/lib/python3.12/site-packages/lightning_fabric/__init__.py", line 29, in <module>
    __import__("pkg_resources").declare_namespace(__name__)
    ^^^^^^^^^^^^^^^^^^^^^^^^^^^
ModuleNotFoundError: No module named 'pkg_resources'

================================================================================
[2026-03-17 18:41:16] ERROR: Error in NeuralProphet h=24 fold=4: No module named 'pkg_resources'
================================================================================
Traceback (most recent call last):
  File "/home/20250572/TabPFN-TS_for_Bike_Demand_Forecasting/forecasting/run_experiments.py", line 184, in run_single_experiment
    model.fit(y_train, X_train)
  File "/home/20250572/TabPFN-TS_for_Bike_Demand_Forecasting/forecasting/models/prophet_models.py", line 118, in fit
    from neuralprophet import NeuralProphet
  File "/home/20250572/TabPFN-TS_for_Bike_Demand_Forecasting/.venv/lib/python3.12/site-packages/neuralprophet/__init__.py", line 4, in <module>
    import pytorch_lightning as pl
  File "/home/20250572/TabPFN-TS_for_Bike_Demand_Forecasting/.venv/lib/python3.12/site-packages/wandb/sdk/lib/import_hooks.py", line 182, in _exec_module
    self.loader.exec_module(module)
  File "/home/20250572/TabPFN-TS_for_Bike_Demand_Forecasting/.venv/lib/python3.12/site-packages/pytorch_lightning/__init__.py", line 35, in <module>
    from pytorch_lightning.callbacks import Callback  # noqa: E402
    ^^^^^^^^^^^^^^^^^^^^^^^^^^^^^^^^^^^^^^^^^^^^^^^^
  File "/home/20250572/TabPFN-TS_for_Bike_Demand_Forecasting/.venv/lib/python3.12/site-packages/pytorch_lightning/callbacks/__init__.py", line 28, in <module>
    from pytorch_lightning.callbacks.pruning import ModelPruning
  File "/home/20250572/TabPFN-TS_for_Bike_Demand_Forecasting/.venv/lib/python3.12/site-packages/pytorch_lightning/callbacks/pruning.py", line 31, in <module>
    from pytorch_lightning.core.module import LightningModule
  File "/home/20250572/TabPFN-TS_for_Bike_Demand_Forecasting/.venv/lib/python3.12/site-packages/pytorch_lightning/core/__init__.py", line 16, in <module>
    from pytorch_lightning.core.module import LightningModule
  File "/home/20250572/TabPFN-TS_for_Bike_Demand_Forecasting/.venv/lib/python3.12/site-packages/pytorch_lightning/core/module.py", line 32, in <module>
    import lightning_fabric as lf
  File "/home/20250572/TabPFN-TS_for_Bike_Demand_Forecasting/.venv/lib/python3.12/site-packages/wandb/sdk/lib/import_hooks.py", line 182, in _exec_module
    self.loader.exec_module(module)
  File "/home/20250572/TabPFN-TS_for_Bike_Demand_Forecasting/.venv/lib/python3.12/site-packages/lightning_fabric/__init__.py", line 29, in <module>
    __import__("pkg_resources").declare_namespace(__name__)
    ^^^^^^^^^^^^^^^^^^^^^^^^^^^
ModuleNotFoundError: No module named 'pkg_resources'

================================================================================
[2026-03-17 18:41:16] ERROR: Error in NeuralProphet h=24 fold=5: No module named 'pkg_resources'
================================================================================
Traceback (most recent call last):
  File "/home/20250572/TabPFN-TS_for_Bike_Demand_Forecasting/forecasting/run_experiments.py", line 184, in run_single_experiment
    model.fit(y_train, X_train)
  File "/home/20250572/TabPFN-TS_for_Bike_Demand_Forecasting/forecasting/models/prophet_models.py", line 118, in fit
    from neuralprophet import NeuralProphet
  File "/home/20250572/TabPFN-TS_for_Bike_Demand_Forecasting/.venv/lib/python3.12/site-packages/neuralprophet/__init__.py", line 4, in <module>
    import pytorch_lightning as pl
  File "/home/20250572/TabPFN-TS_for_Bike_Demand_Forecasting/.venv/lib/python3.12/site-packages/wandb/sdk/lib/import_hooks.py", line 182, in _exec_module
    self.loader.exec_module(module)
  File "/home/20250572/TabPFN-TS_for_Bike_Demand_Forecasting/.venv/lib/python3.12/site-packages/pytorch_lightning/__init__.py", line 35, in <module>
    from pytorch_lightning.callbacks import Callback  # noqa: E402
    ^^^^^^^^^^^^^^^^^^^^^^^^^^^^^^^^^^^^^^^^^^^^^^^^
  File "/home/20250572/TabPFN-TS_for_Bike_Demand_Forecasting/.venv/lib/python3.12/site-packages/pytorch_lightning/callbacks/__init__.py", line 28, in <module>
    from pytorch_lightning.callbacks.pruning import ModelPruning
  File "/home/20250572/TabPFN-TS_for_Bike_Demand_Forecasting/.venv/lib/python3.12/site-packages/pytorch_lightning/callbacks/pruning.py", line 31, in <module>
    from pytorch_lightning.core.module import LightningModule
  File "/home/20250572/TabPFN-TS_for_Bike_Demand_Forecasting/.venv/lib/python3.12/site-packages/pytorch_lightning/core/__init__.py", line 16, in <module>
    from pytorch_lightning.core.module import LightningModule
  File "/home/20250572/TabPFN-TS_for_Bike_Demand_Forecasting/.venv/lib/python3.12/site-packages/pytorch_lightning/core/module.py", line 32, in <module>
    import lightning_fabric as lf
  File "/home/20250572/TabPFN-TS_for_Bike_Demand_Forecasting/.venv/lib/python3.12/site-packages/wandb/sdk/lib/import_hooks.py", line 182, in _exec_module
    self.loader.exec_module(module)
  File "/home/20250572/TabPFN-TS_for_Bike_Demand_Forecasting/.venv/lib/python3.12/site-packages/lightning_fabric/__init__.py", line 29, in <module>
    __import__("pkg_resources").declare_namespace(__name__)
    ^^^^^^^^^^^^^^^^^^^^^^^^^^^
ModuleNotFoundError: No module named 'pkg_resources'

================================================================================
[2026-03-17 18:41:16] ERROR: Error in NeuralProphet h=24 fold=6: No module named 'pkg_resources'
================================================================================
Traceback (most recent call last):
  File "/home/20250572/TabPFN-TS_for_Bike_Demand_Forecasting/forecasting/run_experiments.py", line 184, in run_single_experiment
    model.fit(y_train, X_train)
  File "/home/20250572/TabPFN-TS_for_Bike_Demand_Forecasting/forecasting/models/prophet_models.py", line 118, in fit
    from neuralprophet import NeuralProphet
  File "/home/20250572/TabPFN-TS_for_Bike_Demand_Forecasting/.venv/lib/python3.12/site-packages/neuralprophet/__init__.py", line 4, in <module>
    import pytorch_lightning as pl
  File "/home/20250572/TabPFN-TS_for_Bike_Demand_Forecasting/.venv/lib/python3.12/site-packages/wandb/sdk/lib/import_hooks.py", line 182, in _exec_module
    self.loader.exec_module(module)
  File "/home/20250572/TabPFN-TS_for_Bike_Demand_Forecasting/.venv/lib/python3.12/site-packages/pytorch_lightning/__init__.py", line 35, in <module>
    from pytorch_lightning.callbacks import Callback  # noqa: E402
    ^^^^^^^^^^^^^^^^^^^^^^^^^^^^^^^^^^^^^^^^^^^^^^^^
  File "/home/20250572/TabPFN-TS_for_Bike_Demand_Forecasting/.venv/lib/python3.12/site-packages/pytorch_lightning/callbacks/__init__.py", line 28, in <module>
    from pytorch_lightning.callbacks.pruning import ModelPruning
  File "/home/20250572/TabPFN-TS_for_Bike_Demand_Forecasting/.venv/lib/python3.12/site-packages/pytorch_lightning/callbacks/pruning.py", line 31, in <module>
    from pytorch_lightning.core.module import LightningModule
  File "/home/20250572/TabPFN-TS_for_Bike_Demand_Forecasting/.venv/lib/python3.12/site-packages/pytorch_lightning/core/__init__.py", line 16, in <module>
    from pytorch_lightning.core.module import LightningModule
  File "/home/20250572/TabPFN-TS_for_Bike_Demand_Forecasting/.venv/lib/python3.12/site-packages/pytorch_lightning/core/module.py", line 32, in <module>
    import lightning_fabric as lf
  File "/home/20250572/TabPFN-TS_for_Bike_Demand_Forecasting/.venv/lib/python3.12/site-packages/wandb/sdk/lib/import_hooks.py", line 182, in _exec_module
    self.loader.exec_module(module)
  File "/home/20250572/TabPFN-TS_for_Bike_Demand_Forecasting/.venv/lib/python3.12/site-packages/lightning_fabric/__init__.py", line 29, in <module>
    __import__("pkg_resources").declare_namespace(__name__)
    ^^^^^^^^^^^^^^^^^^^^^^^^^^^
ModuleNotFoundError: No module named 'pkg_resources'

================================================================================
[2026-03-17 18:41:16] ERROR: Error in NeuralProphet h=24 fold=7: No module named 'pkg_resources'
================================================================================
Traceback (most recent call last):
  File "/home/20250572/TabPFN-TS_for_Bike_Demand_Forecasting/forecasting/run_experiments.py", line 184, in run_single_experiment
    model.fit(y_train, X_train)
  File "/home/20250572/TabPFN-TS_for_Bike_Demand_Forecasting/forecasting/models/prophet_models.py", line 118, in fit
    from neuralprophet import NeuralProphet
  File "/home/20250572/TabPFN-TS_for_Bike_Demand_Forecasting/.venv/lib/python3.12/site-packages/neuralprophet/__init__.py", line 4, in <module>
    import pytorch_lightning as pl
  File "/home/20250572/TabPFN-TS_for_Bike_Demand_Forecasting/.venv/lib/python3.12/site-packages/wandb/sdk/lib/import_hooks.py", line 182, in _exec_module
    self.loader.exec_module(module)
  File "/home/20250572/TabPFN-TS_for_Bike_Demand_Forecasting/.venv/lib/python3.12/site-packages/pytorch_lightning/__init__.py", line 35, in <module>
    from pytorch_lightning.callbacks import Callback  # noqa: E402
    ^^^^^^^^^^^^^^^^^^^^^^^^^^^^^^^^^^^^^^^^^^^^^^^^
  File "/home/20250572/TabPFN-TS_for_Bike_Demand_Forecasting/.venv/lib/python3.12/site-packages/pytorch_lightning/callbacks/__init__.py", line 28, in <module>
    from pytorch_lightning.callbacks.pruning import ModelPruning
  File "/home/20250572/TabPFN-TS_for_Bike_Demand_Forecasting/.venv/lib/python3.12/site-packages/pytorch_lightning/callbacks/pruning.py", line 31, in <module>
    from pytorch_lightning.core.module import LightningModule
  File "/home/20250572/TabPFN-TS_for_Bike_Demand_Forecasting/.venv/lib/python3.12/site-packages/pytorch_lightning/core/__init__.py", line 16, in <module>
    from pytorch_lightning.core.module import LightningModule
  File "/home/20250572/TabPFN-TS_for_Bike_Demand_Forecasting/.venv/lib/python3.12/site-packages/pytorch_lightning/core/module.py", line 32, in <module>
    import lightning_fabric as lf
  File "/home/20250572/TabPFN-TS_for_Bike_Demand_Forecasting/.venv/lib/python3.12/site-packages/wandb/sdk/lib/import_hooks.py", line 182, in _exec_module
    self.loader.exec_module(module)
  File "/home/20250572/TabPFN-TS_for_Bike_Demand_Forecasting/.venv/lib/python3.12/site-packages/lightning_fabric/__init__.py", line 29, in <module>
    __import__("pkg_resources").declare_namespace(__name__)
    ^^^^^^^^^^^^^^^^^^^^^^^^^^^
ModuleNotFoundError: No module named 'pkg_resources'

================================================================================
[2026-03-17 18:41:16] ERROR: Error in NeuralProphet h=24 fold=8: No module named 'pkg_resources'
================================================================================
Traceback (most recent call last):
  File "/home/20250572/TabPFN-TS_for_Bike_Demand_Forecasting/forecasting/run_experiments.py", line 184, in run_single_experiment
    model.fit(y_train, X_train)
  File "/home/20250572/TabPFN-TS_for_Bike_Demand_Forecasting/forecasting/models/prophet_models.py", line 118, in fit
    from neuralprophet import NeuralProphet
  File "/home/20250572/TabPFN-TS_for_Bike_Demand_Forecasting/.venv/lib/python3.12/site-packages/neuralprophet/__init__.py", line 4, in <module>
    import pytorch_lightning as pl
  File "/home/20250572/TabPFN-TS_for_Bike_Demand_Forecasting/.venv/lib/python3.12/site-packages/wandb/sdk/lib/import_hooks.py", line 182, in _exec_module
    self.loader.exec_module(module)
  File "/home/20250572/TabPFN-TS_for_Bike_Demand_Forecasting/.venv/lib/python3.12/site-packages/pytorch_lightning/__init__.py", line 35, in <module>
    from pytorch_lightning.callbacks import Callback  # noqa: E402
    ^^^^^^^^^^^^^^^^^^^^^^^^^^^^^^^^^^^^^^^^^^^^^^^^
  File "/home/20250572/TabPFN-TS_for_Bike_Demand_Forecasting/.venv/lib/python3.12/site-packages/pytorch_lightning/callbacks/__init__.py", line 28, in <module>
    from pytorch_lightning.callbacks.pruning import ModelPruning
  File "/home/20250572/TabPFN-TS_for_Bike_Demand_Forecasting/.venv/lib/python3.12/site-packages/pytorch_lightning/callbacks/pruning.py", line 31, in <module>
    from pytorch_lightning.core.module import LightningModule
  File "/home/20250572/TabPFN-TS_for_Bike_Demand_Forecasting/.venv/lib/python3.12/site-packages/pytorch_lightning/core/__init__.py", line 16, in <module>
    from pytorch_lightning.core.module import LightningModule
  File "/home/20250572/TabPFN-TS_for_Bike_Demand_Forecasting/.venv/lib/python3.12/site-packages/pytorch_lightning/core/module.py", line 32, in <module>
    import lightning_fabric as lf
  File "/home/20250572/TabPFN-TS_for_Bike_Demand_Forecasting/.venv/lib/python3.12/site-packages/wandb/sdk/lib/import_hooks.py", line 182, in _exec_module
    self.loader.exec_module(module)
  File "/home/20250572/TabPFN-TS_for_Bike_Demand_Forecasting/.venv/lib/python3.12/site-packages/lightning_fabric/__init__.py", line 29, in <module>
    __import__("pkg_resources").declare_namespace(__name__)
    ^^^^^^^^^^^^^^^^^^^^^^^^^^^
ModuleNotFoundError: No module named 'pkg_resources'

================================================================================
[2026-03-17 18:41:16] ERROR: Error in NeuralProphet h=24 fold=9: No module named 'pkg_resources'
================================================================================
Traceback (most recent call last):
  File "/home/20250572/TabPFN-TS_for_Bike_Demand_Forecasting/forecasting/run_experiments.py", line 184, in run_single_experiment
    model.fit(y_train, X_train)
  File "/home/20250572/TabPFN-TS_for_Bike_Demand_Forecasting/forecasting/models/prophet_models.py", line 118, in fit
    from neuralprophet import NeuralProphet
  File "/home/20250572/TabPFN-TS_for_Bike_Demand_Forecasting/.venv/lib/python3.12/site-packages/neuralprophet/__init__.py", line 4, in <module>
    import pytorch_lightning as pl
  File "/home/20250572/TabPFN-TS_for_Bike_Demand_Forecasting/.venv/lib/python3.12/site-packages/wandb/sdk/lib/import_hooks.py", line 182, in _exec_module
    self.loader.exec_module(module)
  File "/home/20250572/TabPFN-TS_for_Bike_Demand_Forecasting/.venv/lib/python3.12/site-packages/pytorch_lightning/__init__.py", line 35, in <module>
    from pytorch_lightning.callbacks import Callback  # noqa: E402
    ^^^^^^^^^^^^^^^^^^^^^^^^^^^^^^^^^^^^^^^^^^^^^^^^
  File "/home/20250572/TabPFN-TS_for_Bike_Demand_Forecasting/.venv/lib/python3.12/site-packages/pytorch_lightning/callbacks/__init__.py", line 28, in <module>
    from pytorch_lightning.callbacks.pruning import ModelPruning
  File "/home/20250572/TabPFN-TS_for_Bike_Demand_Forecasting/.venv/lib/python3.12/site-packages/pytorch_lightning/callbacks/pruning.py", line 31, in <module>
    from pytorch_lightning.core.module import LightningModule
  File "/home/20250572/TabPFN-TS_for_Bike_Demand_Forecasting/.venv/lib/python3.12/site-packages/pytorch_lightning/core/__init__.py", line 16, in <module>
    from pytorch_lightning.core.module import LightningModule
  File "/home/20250572/TabPFN-TS_for_Bike_Demand_Forecasting/.venv/lib/python3.12/site-packages/pytorch_lightning/core/module.py", line 32, in <module>
    import lightning_fabric as lf
  File "/home/20250572/TabPFN-TS_for_Bike_Demand_Forecasting/.venv/lib/python3.12/site-packages/wandb/sdk/lib/import_hooks.py", line 182, in _exec_module
    self.loader.exec_module(module)
  File "/home/20250572/TabPFN-TS_for_Bike_Demand_Forecasting/.venv/lib/python3.12/site-packages/lightning_fabric/__init__.py", line 29, in <module>
    __import__("pkg_resources").declare_namespace(__name__)
    ^^^^^^^^^^^^^^^^^^^^^^^^^^^
ModuleNotFoundError: No module named 'pkg_resources'

================================================================================
[2026-03-17 18:41:16] ERROR: Error in NeuralProphet h=24 fold=10: No module named 'pkg_resources'
================================================================================
Traceback (most recent call last):
  File "/home/20250572/TabPFN-TS_for_Bike_Demand_Forecasting/forecasting/run_experiments.py", line 184, in run_single_experiment
    model.fit(y_train, X_train)
  File "/home/20250572/TabPFN-TS_for_Bike_Demand_Forecasting/forecasting/models/prophet_models.py", line 118, in fit
    from neuralprophet import NeuralProphet
  File "/home/20250572/TabPFN-TS_for_Bike_Demand_Forecasting/.venv/lib/python3.12/site-packages/neuralprophet/__init__.py", line 4, in <module>
    import pytorch_lightning as pl
  File "/home/20250572/TabPFN-TS_for_Bike_Demand_Forecasting/.venv/lib/python3.12/site-packages/wandb/sdk/lib/import_hooks.py", line 182, in _exec_module
    self.loader.exec_module(module)
  File "/home/20250572/TabPFN-TS_for_Bike_Demand_Forecasting/.venv/lib/python3.12/site-packages/pytorch_lightning/__init__.py", line 35, in <module>
    from pytorch_lightning.callbacks import Callback  # noqa: E402
    ^^^^^^^^^^^^^^^^^^^^^^^^^^^^^^^^^^^^^^^^^^^^^^^^
  File "/home/20250572/TabPFN-TS_for_Bike_Demand_Forecasting/.venv/lib/python3.12/site-packages/pytorch_lightning/callbacks/__init__.py", line 28, in <module>
    from pytorch_lightning.callbacks.pruning import ModelPruning
  File "/home/20250572/TabPFN-TS_for_Bike_Demand_Forecasting/.venv/lib/python3.12/site-packages/pytorch_lightning/callbacks/pruning.py", line 31, in <module>
    from pytorch_lightning.core.module import LightningModule
  File "/home/20250572/TabPFN-TS_for_Bike_Demand_Forecasting/.venv/lib/python3.12/site-packages/pytorch_lightning/core/__init__.py", line 16, in <module>
    from pytorch_lightning.core.module import LightningModule
  File "/home/20250572/TabPFN-TS_for_Bike_Demand_Forecasting/.venv/lib/python3.12/site-packages/pytorch_lightning/core/module.py", line 32, in <module>
    import lightning_fabric as lf
  File "/home/20250572/TabPFN-TS_for_Bike_Demand_Forecasting/.venv/lib/python3.12/site-packages/wandb/sdk/lib/import_hooks.py", line 182, in _exec_module
    self.loader.exec_module(module)
  File "/home/20250572/TabPFN-TS_for_Bike_Demand_Forecasting/.venv/lib/python3.12/site-packages/lightning_fabric/__init__.py", line 29, in <module>
    __import__("pkg_resources").declare_namespace(__name__)
    ^^^^^^^^^^^^^^^^^^^^^^^^^^^
ModuleNotFoundError: No module named 'pkg_resources'

================================================================================
[2026-03-17 18:41:16] ERROR: Error in NeuralProphet h=24 fold=11: No module named 'pkg_resources'
================================================================================
Traceback (most recent call last):
  File "/home/20250572/TabPFN-TS_for_Bike_Demand_Forecasting/forecasting/run_experiments.py", line 184, in run_single_experiment
    model.fit(y_train, X_train)
  File "/home/20250572/TabPFN-TS_for_Bike_Demand_Forecasting/forecasting/models/prophet_models.py", line 118, in fit
    from neuralprophet import NeuralProphet
  File "/home/20250572/TabPFN-TS_for_Bike_Demand_Forecasting/.venv/lib/python3.12/site-packages/neuralprophet/__init__.py", line 4, in <module>
    import pytorch_lightning as pl
  File "/home/20250572/TabPFN-TS_for_Bike_Demand_Forecasting/.venv/lib/python3.12/site-packages/wandb/sdk/lib/import_hooks.py", line 182, in _exec_module
    self.loader.exec_module(module)
  File "/home/20250572/TabPFN-TS_for_Bike_Demand_Forecasting/.venv/lib/python3.12/site-packages/pytorch_lightning/__init__.py", line 35, in <module>
    from pytorch_lightning.callbacks import Callback  # noqa: E402
    ^^^^^^^^^^^^^^^^^^^^^^^^^^^^^^^^^^^^^^^^^^^^^^^^
  File "/home/20250572/TabPFN-TS_for_Bike_Demand_Forecasting/.venv/lib/python3.12/site-packages/pytorch_lightning/callbacks/__init__.py", line 28, in <module>
    from pytorch_lightning.callbacks.pruning import ModelPruning
  File "/home/20250572/TabPFN-TS_for_Bike_Demand_Forecasting/.venv/lib/python3.12/site-packages/pytorch_lightning/callbacks/pruning.py", line 31, in <module>
    from pytorch_lightning.core.module import LightningModule
  File "/home/20250572/TabPFN-TS_for_Bike_Demand_Forecasting/.venv/lib/python3.12/site-packages/pytorch_lightning/core/__init__.py", line 16, in <module>
    from pytorch_lightning.core.module import LightningModule
  File "/home/20250572/TabPFN-TS_for_Bike_Demand_Forecasting/.venv/lib/python3.12/site-packages/pytorch_lightning/core/module.py", line 32, in <module>
    import lightning_fabric as lf
  File "/home/20250572/TabPFN-TS_for_Bike_Demand_Forecasting/.venv/lib/python3.12/site-packages/wandb/sdk/lib/import_hooks.py", line 182, in _exec_module
    self.loader.exec_module(module)
  File "/home/20250572/TabPFN-TS_for_Bike_Demand_Forecasting/.venv/lib/python3.12/site-packages/lightning_fabric/__init__.py", line 29, in <module>
    __import__("pkg_resources").declare_namespace(__name__)
    ^^^^^^^^^^^^^^^^^^^^^^^^^^^
ModuleNotFoundError: No module named 'pkg_resources'

================================================================================
[2026-03-17 18:41:16] ERROR: Error in NeuralProphet h=24 fold=12: No module named 'pkg_resources'
================================================================================
Traceback (most recent call last):
  File "/home/20250572/TabPFN-TS_for_Bike_Demand_Forecasting/forecasting/run_experiments.py", line 184, in run_single_experiment
    model.fit(y_train, X_train)
  File "/home/20250572/TabPFN-TS_for_Bike_Demand_Forecasting/forecasting/models/prophet_models.py", line 118, in fit
    from neuralprophet import NeuralProphet
  File "/home/20250572/TabPFN-TS_for_Bike_Demand_Forecasting/.venv/lib/python3.12/site-packages/neuralprophet/__init__.py", line 4, in <module>
    import pytorch_lightning as pl
  File "/home/20250572/TabPFN-TS_for_Bike_Demand_Forecasting/.venv/lib/python3.12/site-packages/wandb/sdk/lib/import_hooks.py", line 182, in _exec_module
    self.loader.exec_module(module)
  File "/home/20250572/TabPFN-TS_for_Bike_Demand_Forecasting/.venv/lib/python3.12/site-packages/pytorch_lightning/__init__.py", line 35, in <module>
    from pytorch_lightning.callbacks import Callback  # noqa: E402
    ^^^^^^^^^^^^^^^^^^^^^^^^^^^^^^^^^^^^^^^^^^^^^^^^
  File "/home/20250572/TabPFN-TS_for_Bike_Demand_Forecasting/.venv/lib/python3.12/site-packages/pytorch_lightning/callbacks/__init__.py", line 28, in <module>
    from pytorch_lightning.callbacks.pruning import ModelPruning
  File "/home/20250572/TabPFN-TS_for_Bike_Demand_Forecasting/.venv/lib/python3.12/site-packages/pytorch_lightning/callbacks/pruning.py", line 31, in <module>
    from pytorch_lightning.core.module import LightningModule
  File "/home/20250572/TabPFN-TS_for_Bike_Demand_Forecasting/.venv/lib/python3.12/site-packages/pytorch_lightning/core/__init__.py", line 16, in <module>
    from pytorch_lightning.core.module import LightningModule
  File "/home/20250572/TabPFN-TS_for_Bike_Demand_Forecasting/.venv/lib/python3.12/site-packages/pytorch_lightning/core/module.py", line 32, in <module>
    import lightning_fabric as lf
  File "/home/20250572/TabPFN-TS_for_Bike_Demand_Forecasting/.venv/lib/python3.12/site-packages/wandb/sdk/lib/import_hooks.py", line 182, in _exec_module
    self.loader.exec_module(module)
  File "/home/20250572/TabPFN-TS_for_Bike_Demand_Forecasting/.venv/lib/python3.12/site-packages/lightning_fabric/__init__.py", line 29, in <module>
    __import__("pkg_resources").declare_namespace(__name__)
    ^^^^^^^^^^^^^^^^^^^^^^^^^^^
ModuleNotFoundError: No module named 'pkg_resources'

================================================================================
[2026-03-17 18:41:16] ERROR: Error in NeuralProphet h=24 fold=13: No module named 'pkg_resources'
================================================================================
Traceback (most recent call last):
  File "/home/20250572/TabPFN-TS_for_Bike_Demand_Forecasting/forecasting/run_experiments.py", line 184, in run_single_experiment
    model.fit(y_train, X_train)
  File "/home/20250572/TabPFN-TS_for_Bike_Demand_Forecasting/forecasting/models/prophet_models.py", line 118, in fit
    from neuralprophet import NeuralProphet
  File "/home/20250572/TabPFN-TS_for_Bike_Demand_Forecasting/.venv/lib/python3.12/site-packages/neuralprophet/__init__.py", line 4, in <module>
    import pytorch_lightning as pl
  File "/home/20250572/TabPFN-TS_for_Bike_Demand_Forecasting/.venv/lib/python3.12/site-packages/wandb/sdk/lib/import_hooks.py", line 182, in _exec_module
    self.loader.exec_module(module)
  File "/home/20250572/TabPFN-TS_for_Bike_Demand_Forecasting/.venv/lib/python3.12/site-packages/pytorch_lightning/__init__.py", line 35, in <module>
    from pytorch_lightning.callbacks import Callback  # noqa: E402
    ^^^^^^^^^^^^^^^^^^^^^^^^^^^^^^^^^^^^^^^^^^^^^^^^
  File "/home/20250572/TabPFN-TS_for_Bike_Demand_Forecasting/.venv/lib/python3.12/site-packages/pytorch_lightning/callbacks/__init__.py", line 28, in <module>
    from pytorch_lightning.callbacks.pruning import ModelPruning
  File "/home/20250572/TabPFN-TS_for_Bike_Demand_Forecasting/.venv/lib/python3.12/site-packages/pytorch_lightning/callbacks/pruning.py", line 31, in <module>
    from pytorch_lightning.core.module import LightningModule
  File "/home/20250572/TabPFN-TS_for_Bike_Demand_Forecasting/.venv/lib/python3.12/site-packages/pytorch_lightning/core/__init__.py", line 16, in <module>
    from pytorch_lightning.core.module import LightningModule
  File "/home/20250572/TabPFN-TS_for_Bike_Demand_Forecasting/.venv/lib/python3.12/site-packages/pytorch_lightning/core/module.py", line 32, in <module>
    import lightning_fabric as lf
  File "/home/20250572/TabPFN-TS_for_Bike_Demand_Forecasting/.venv/lib/python3.12/site-packages/wandb/sdk/lib/import_hooks.py", line 182, in _exec_module
    self.loader.exec_module(module)
  File "/home/20250572/TabPFN-TS_for_Bike_Demand_Forecasting/.venv/lib/python3.12/site-packages/lightning_fabric/__init__.py", line 29, in <module>
    __import__("pkg_resources").declare_namespace(__name__)
    ^^^^^^^^^^^^^^^^^^^^^^^^^^^
ModuleNotFoundError: No module named 'pkg_resources'

================================================================================
[2026-03-17 18:41:16] ERROR: Error in NeuralProphet h=24 fold=14: No module named 'pkg_resources'
================================================================================
Traceback (most recent call last):
  File "/home/20250572/TabPFN-TS_for_Bike_Demand_Forecasting/forecasting/run_experiments.py", line 184, in run_single_experiment
    model.fit(y_train, X_train)
  File "/home/20250572/TabPFN-TS_for_Bike_Demand_Forecasting/forecasting/models/prophet_models.py", line 118, in fit
    from neuralprophet import NeuralProphet
  File "/home/20250572/TabPFN-TS_for_Bike_Demand_Forecasting/.venv/lib/python3.12/site-packages/neuralprophet/__init__.py", line 4, in <module>
    import pytorch_lightning as pl
  File "/home/20250572/TabPFN-TS_for_Bike_Demand_Forecasting/.venv/lib/python3.12/site-packages/wandb/sdk/lib/import_hooks.py", line 182, in _exec_module
    self.loader.exec_module(module)
  File "/home/20250572/TabPFN-TS_for_Bike_Demand_Forecasting/.venv/lib/python3.12/site-packages/pytorch_lightning/__init__.py", line 35, in <module>
    from pytorch_lightning.callbacks import Callback  # noqa: E402
    ^^^^^^^^^^^^^^^^^^^^^^^^^^^^^^^^^^^^^^^^^^^^^^^^
  File "/home/20250572/TabPFN-TS_for_Bike_Demand_Forecasting/.venv/lib/python3.12/site-packages/pytorch_lightning/callbacks/__init__.py", line 28, in <module>
    from pytorch_lightning.callbacks.pruning import ModelPruning
  File "/home/20250572/TabPFN-TS_for_Bike_Demand_Forecasting/.venv/lib/python3.12/site-packages/pytorch_lightning/callbacks/pruning.py", line 31, in <module>
    from pytorch_lightning.core.module import LightningModule
  File "/home/20250572/TabPFN-TS_for_Bike_Demand_Forecasting/.venv/lib/python3.12/site-packages/pytorch_lightning/core/__init__.py", line 16, in <module>
    from pytorch_lightning.core.module import LightningModule
  File "/home/20250572/TabPFN-TS_for_Bike_Demand_Forecasting/.venv/lib/python3.12/site-packages/pytorch_lightning/core/module.py", line 32, in <module>
    import lightning_fabric as lf
  File "/home/20250572/TabPFN-TS_for_Bike_Demand_Forecasting/.venv/lib/python3.12/site-packages/wandb/sdk/lib/import_hooks.py", line 182, in _exec_module
    self.loader.exec_module(module)
  File "/home/20250572/TabPFN-TS_for_Bike_Demand_Forecasting/.venv/lib/python3.12/site-packages/lightning_fabric/__init__.py", line 29, in <module>
    __import__("pkg_resources").declare_namespace(__name__)
    ^^^^^^^^^^^^^^^^^^^^^^^^^^^
ModuleNotFoundError: No module named 'pkg_resources'

================================================================================
[2026-03-17 18:41:16] ERROR: Error in NeuralProphet h=24 fold=15: No module named 'pkg_resources'
================================================================================
Traceback (most recent call last):
  File "/home/20250572/TabPFN-TS_for_Bike_Demand_Forecasting/forecasting/run_experiments.py", line 184, in run_single_experiment
    model.fit(y_train, X_train)
  File "/home/20250572/TabPFN-TS_for_Bike_Demand_Forecasting/forecasting/models/prophet_models.py", line 118, in fit
    from neuralprophet import NeuralProphet
  File "/home/20250572/TabPFN-TS_for_Bike_Demand_Forecasting/.venv/lib/python3.12/site-packages/neuralprophet/__init__.py", line 4, in <module>
    import pytorch_lightning as pl
  File "/home/20250572/TabPFN-TS_for_Bike_Demand_Forecasting/.venv/lib/python3.12/site-packages/wandb/sdk/lib/import_hooks.py", line 182, in _exec_module
    self.loader.exec_module(module)
  File "/home/20250572/TabPFN-TS_for_Bike_Demand_Forecasting/.venv/lib/python3.12/site-packages/pytorch_lightning/__init__.py", line 35, in <module>
    from pytorch_lightning.callbacks import Callback  # noqa: E402
    ^^^^^^^^^^^^^^^^^^^^^^^^^^^^^^^^^^^^^^^^^^^^^^^^
  File "/home/20250572/TabPFN-TS_for_Bike_Demand_Forecasting/.venv/lib/python3.12/site-packages/pytorch_lightning/callbacks/__init__.py", line 28, in <module>
    from pytorch_lightning.callbacks.pruning import ModelPruning
  File "/home/20250572/TabPFN-TS_for_Bike_Demand_Forecasting/.venv/lib/python3.12/site-packages/pytorch_lightning/callbacks/pruning.py", line 31, in <module>
    from pytorch_lightning.core.module import LightningModule
  File "/home/20250572/TabPFN-TS_for_Bike_Demand_Forecasting/.venv/lib/python3.12/site-packages/pytorch_lightning/core/__init__.py", line 16, in <module>
    from pytorch_lightning.core.module import LightningModule
  File "/home/20250572/TabPFN-TS_for_Bike_Demand_Forecasting/.venv/lib/python3.12/site-packages/pytorch_lightning/core/module.py", line 32, in <module>
    import lightning_fabric as lf
  File "/home/20250572/TabPFN-TS_for_Bike_Demand_Forecasting/.venv/lib/python3.12/site-packages/wandb/sdk/lib/import_hooks.py", line 182, in _exec_module
    self.loader.exec_module(module)
  File "/home/20250572/TabPFN-TS_for_Bike_Demand_Forecasting/.venv/lib/python3.12/site-packages/lightning_fabric/__init__.py", line 29, in <module>
    __import__("pkg_resources").declare_namespace(__name__)
    ^^^^^^^^^^^^^^^^^^^^^^^^^^^
ModuleNotFoundError: No module named 'pkg_resources'

================================================================================
[2026-03-17 18:41:16] ERROR: Error in NeuralProphet h=24 fold=16: No module named 'pkg_resources'
================================================================================
Traceback (most recent call last):
  File "/home/20250572/TabPFN-TS_for_Bike_Demand_Forecasting/forecasting/run_experiments.py", line 184, in run_single_experiment
    model.fit(y_train, X_train)
  File "/home/20250572/TabPFN-TS_for_Bike_Demand_Forecasting/forecasting/models/prophet_models.py", line 118, in fit
    from neuralprophet import NeuralProphet
  File "/home/20250572/TabPFN-TS_for_Bike_Demand_Forecasting/.venv/lib/python3.12/site-packages/neuralprophet/__init__.py", line 4, in <module>
    import pytorch_lightning as pl
  File "/home/20250572/TabPFN-TS_for_Bike_Demand_Forecasting/.venv/lib/python3.12/site-packages/wandb/sdk/lib/import_hooks.py", line 182, in _exec_module
    self.loader.exec_module(module)
  File "/home/20250572/TabPFN-TS_for_Bike_Demand_Forecasting/.venv/lib/python3.12/site-packages/pytorch_lightning/__init__.py", line 35, in <module>
    from pytorch_lightning.callbacks import Callback  # noqa: E402
    ^^^^^^^^^^^^^^^^^^^^^^^^^^^^^^^^^^^^^^^^^^^^^^^^
  File "/home/20250572/TabPFN-TS_for_Bike_Demand_Forecasting/.venv/lib/python3.12/site-packages/pytorch_lightning/callbacks/__init__.py", line 28, in <module>
    from pytorch_lightning.callbacks.pruning import ModelPruning
  File "/home/20250572/TabPFN-TS_for_Bike_Demand_Forecasting/.venv/lib/python3.12/site-packages/pytorch_lightning/callbacks/pruning.py", line 31, in <module>
    from pytorch_lightning.core.module import LightningModule
  File "/home/20250572/TabPFN-TS_for_Bike_Demand_Forecasting/.venv/lib/python3.12/site-packages/pytorch_lightning/core/__init__.py", line 16, in <module>
    from pytorch_lightning.core.module import LightningModule
  File "/home/20250572/TabPFN-TS_for_Bike_Demand_Forecasting/.venv/lib/python3.12/site-packages/pytorch_lightning/core/module.py", line 32, in <module>
    import lightning_fabric as lf
  File "/home/20250572/TabPFN-TS_for_Bike_Demand_Forecasting/.venv/lib/python3.12/site-packages/wandb/sdk/lib/import_hooks.py", line 182, in _exec_module
    self.loader.exec_module(module)
  File "/home/20250572/TabPFN-TS_for_Bike_Demand_Forecasting/.venv/lib/python3.12/site-packages/lightning_fabric/__init__.py", line 29, in <module>
    __import__("pkg_resources").declare_namespace(__name__)
    ^^^^^^^^^^^^^^^^^^^^^^^^^^^
ModuleNotFoundError: No module named 'pkg_resources'

================================================================================
[2026-03-17 18:41:16] ERROR: Error in NeuralProphet h=24 fold=17: No module named 'pkg_resources'
================================================================================
Traceback (most recent call last):
  File "/home/20250572/TabPFN-TS_for_Bike_Demand_Forecasting/forecasting/run_experiments.py", line 184, in run_single_experiment
    model.fit(y_train, X_train)
  File "/home/20250572/TabPFN-TS_for_Bike_Demand_Forecasting/forecasting/models/prophet_models.py", line 118, in fit
    from neuralprophet import NeuralProphet
  File "/home/20250572/TabPFN-TS_for_Bike_Demand_Forecasting/.venv/lib/python3.12/site-packages/neuralprophet/__init__.py", line 4, in <module>
    import pytorch_lightning as pl
  File "/home/20250572/TabPFN-TS_for_Bike_Demand_Forecasting/.venv/lib/python3.12/site-packages/wandb/sdk/lib/import_hooks.py", line 182, in _exec_module
    self.loader.exec_module(module)
  File "/home/20250572/TabPFN-TS_for_Bike_Demand_Forecasting/.venv/lib/python3.12/site-packages/pytorch_lightning/__init__.py", line 35, in <module>
    from pytorch_lightning.callbacks import Callback  # noqa: E402
    ^^^^^^^^^^^^^^^^^^^^^^^^^^^^^^^^^^^^^^^^^^^^^^^^
  File "/home/20250572/TabPFN-TS_for_Bike_Demand_Forecasting/.venv/lib/python3.12/site-packages/pytorch_lightning/callbacks/__init__.py", line 28, in <module>
    from pytorch_lightning.callbacks.pruning import ModelPruning
  File "/home/20250572/TabPFN-TS_for_Bike_Demand_Forecasting/.venv/lib/python3.12/site-packages/pytorch_lightning/callbacks/pruning.py", line 31, in <module>
    from pytorch_lightning.core.module import LightningModule
  File "/home/20250572/TabPFN-TS_for_Bike_Demand_Forecasting/.venv/lib/python3.12/site-packages/pytorch_lightning/core/__init__.py", line 16, in <module>
    from pytorch_lightning.core.module import LightningModule
  File "/home/20250572/TabPFN-TS_for_Bike_Demand_Forecasting/.venv/lib/python3.12/site-packages/pytorch_lightning/core/module.py", line 32, in <module>
    import lightning_fabric as lf
  File "/home/20250572/TabPFN-TS_for_Bike_Demand_Forecasting/.venv/lib/python3.12/site-packages/wandb/sdk/lib/import_hooks.py", line 182, in _exec_module
    self.loader.exec_module(module)
  File "/home/20250572/TabPFN-TS_for_Bike_Demand_Forecasting/.venv/lib/python3.12/site-packages/lightning_fabric/__init__.py", line 29, in <module>
    __import__("pkg_resources").declare_namespace(__name__)
    ^^^^^^^^^^^^^^^^^^^^^^^^^^^
ModuleNotFoundError: No module named 'pkg_resources'

================================================================================
[2026-03-17 18:41:16] ERROR: Error in NeuralProphet h=24 fold=18: No module named 'pkg_resources'
================================================================================
Traceback (most recent call last):
  File "/home/20250572/TabPFN-TS_for_Bike_Demand_Forecasting/forecasting/run_experiments.py", line 184, in run_single_experiment
    model.fit(y_train, X_train)
  File "/home/20250572/TabPFN-TS_for_Bike_Demand_Forecasting/forecasting/models/prophet_models.py", line 118, in fit
    from neuralprophet import NeuralProphet
  File "/home/20250572/TabPFN-TS_for_Bike_Demand_Forecasting/.venv/lib/python3.12/site-packages/neuralprophet/__init__.py", line 4, in <module>
    import pytorch_lightning as pl
  File "/home/20250572/TabPFN-TS_for_Bike_Demand_Forecasting/.venv/lib/python3.12/site-packages/wandb/sdk/lib/import_hooks.py", line 182, in _exec_module
    self.loader.exec_module(module)
  File "/home/20250572/TabPFN-TS_for_Bike_Demand_Forecasting/.venv/lib/python3.12/site-packages/pytorch_lightning/__init__.py", line 35, in <module>
    from pytorch_lightning.callbacks import Callback  # noqa: E402
    ^^^^^^^^^^^^^^^^^^^^^^^^^^^^^^^^^^^^^^^^^^^^^^^^
  File "/home/20250572/TabPFN-TS_for_Bike_Demand_Forecasting/.venv/lib/python3.12/site-packages/pytorch_lightning/callbacks/__init__.py", line 28, in <module>
    from pytorch_lightning.callbacks.pruning import ModelPruning
  File "/home/20250572/TabPFN-TS_for_Bike_Demand_Forecasting/.venv/lib/python3.12/site-packages/pytorch_lightning/callbacks/pruning.py", line 31, in <module>
    from pytorch_lightning.core.module import LightningModule
  File "/home/20250572/TabPFN-TS_for_Bike_Demand_Forecasting/.venv/lib/python3.12/site-packages/pytorch_lightning/core/__init__.py", line 16, in <module>
    from pytorch_lightning.core.module import LightningModule
  File "/home/20250572/TabPFN-TS_for_Bike_Demand_Forecasting/.venv/lib/python3.12/site-packages/pytorch_lightning/core/module.py", line 32, in <module>
    import lightning_fabric as lf
  File "/home/20250572/TabPFN-TS_for_Bike_Demand_Forecasting/.venv/lib/python3.12/site-packages/wandb/sdk/lib/import_hooks.py", line 182, in _exec_module
    self.loader.exec_module(module)
  File "/home/20250572/TabPFN-TS_for_Bike_Demand_Forecasting/.venv/lib/python3.12/site-packages/lightning_fabric/__init__.py", line 29, in <module>
    __import__("pkg_resources").declare_namespace(__name__)
    ^^^^^^^^^^^^^^^^^^^^^^^^^^^
ModuleNotFoundError: No module named 'pkg_resources'

================================================================================
[2026-03-17 18:41:16] ERROR: Error in NeuralProphet h=24 fold=19: No module named 'pkg_resources'
================================================================================
Traceback (most recent call last):
  File "/home/20250572/TabPFN-TS_for_Bike_Demand_Forecasting/forecasting/run_experiments.py", line 184, in run_single_experiment
    model.fit(y_train, X_train)
  File "/home/20250572/TabPFN-TS_for_Bike_Demand_Forecasting/forecasting/models/prophet_models.py", line 118, in fit
    from neuralprophet import NeuralProphet
  File "/home/20250572/TabPFN-TS_for_Bike_Demand_Forecasting/.venv/lib/python3.12/site-packages/neuralprophet/__init__.py", line 4, in <module>
    import pytorch_lightning as pl
  File "/home/20250572/TabPFN-TS_for_Bike_Demand_Forecasting/.venv/lib/python3.12/site-packages/wandb/sdk/lib/import_hooks.py", line 182, in _exec_module
    self.loader.exec_module(module)
  File "/home/20250572/TabPFN-TS_for_Bike_Demand_Forecasting/.venv/lib/python3.12/site-packages/pytorch_lightning/__init__.py", line 35, in <module>
    from pytorch_lightning.callbacks import Callback  # noqa: E402
    ^^^^^^^^^^^^^^^^^^^^^^^^^^^^^^^^^^^^^^^^^^^^^^^^
  File "/home/20250572/TabPFN-TS_for_Bike_Demand_Forecasting/.venv/lib/python3.12/site-packages/pytorch_lightning/callbacks/__init__.py", line 28, in <module>
    from pytorch_lightning.callbacks.pruning import ModelPruning
  File "/home/20250572/TabPFN-TS_for_Bike_Demand_Forecasting/.venv/lib/python3.12/site-packages/pytorch_lightning/callbacks/pruning.py", line 31, in <module>
    from pytorch_lightning.core.module import LightningModule
  File "/home/20250572/TabPFN-TS_for_Bike_Demand_Forecasting/.venv/lib/python3.12/site-packages/pytorch_lightning/core/__init__.py", line 16, in <module>
    from pytorch_lightning.core.module import LightningModule
  File "/home/20250572/TabPFN-TS_for_Bike_Demand_Forecasting/.venv/lib/python3.12/site-packages/pytorch_lightning/core/module.py", line 32, in <module>
    import lightning_fabric as lf
  File "/home/20250572/TabPFN-TS_for_Bike_Demand_Forecasting/.venv/lib/python3.12/site-packages/wandb/sdk/lib/import_hooks.py", line 182, in _exec_module
    self.loader.exec_module(module)
  File "/home/20250572/TabPFN-TS_for_Bike_Demand_Forecasting/.venv/lib/python3.12/site-packages/lightning_fabric/__init__.py", line 29, in <module>
    __import__("pkg_resources").declare_namespace(__name__)
    ^^^^^^^^^^^^^^^^^^^^^^^^^^^
ModuleNotFoundError: No module named 'pkg_resources'

================================================================================
[2026-03-17 18:41:16] ERROR: Error in NeuralProphet h=48 fold=0: No module named 'pkg_resources'
================================================================================
Traceback (most recent call last):
  File "/home/20250572/TabPFN-TS_for_Bike_Demand_Forecasting/forecasting/run_experiments.py", line 184, in run_single_experiment
    model.fit(y_train, X_train)
  File "/home/20250572/TabPFN-TS_for_Bike_Demand_Forecasting/forecasting/models/prophet_models.py", line 118, in fit
    from neuralprophet import NeuralProphet
  File "/home/20250572/TabPFN-TS_for_Bike_Demand_Forecasting/.venv/lib/python3.12/site-packages/neuralprophet/__init__.py", line 4, in <module>
    import pytorch_lightning as pl
  File "/home/20250572/TabPFN-TS_for_Bike_Demand_Forecasting/.venv/lib/python3.12/site-packages/wandb/sdk/lib/import_hooks.py", line 182, in _exec_module
    self.loader.exec_module(module)
  File "/home/20250572/TabPFN-TS_for_Bike_Demand_Forecasting/.venv/lib/python3.12/site-packages/pytorch_lightning/__init__.py", line 35, in <module>
    from pytorch_lightning.callbacks import Callback  # noqa: E402
    ^^^^^^^^^^^^^^^^^^^^^^^^^^^^^^^^^^^^^^^^^^^^^^^^
  File "/home/20250572/TabPFN-TS_for_Bike_Demand_Forecasting/.venv/lib/python3.12/site-packages/pytorch_lightning/callbacks/__init__.py", line 28, in <module>
    from pytorch_lightning.callbacks.pruning import ModelPruning
  File "/home/20250572/TabPFN-TS_for_Bike_Demand_Forecasting/.venv/lib/python3.12/site-packages/pytorch_lightning/callbacks/pruning.py", line 31, in <module>
    from pytorch_lightning.core.module import LightningModule
  File "/home/20250572/TabPFN-TS_for_Bike_Demand_Forecasting/.venv/lib/python3.12/site-packages/pytorch_lightning/core/__init__.py", line 16, in <module>
    from pytorch_lightning.core.module import LightningModule
  File "/home/20250572/TabPFN-TS_for_Bike_Demand_Forecasting/.venv/lib/python3.12/site-packages/pytorch_lightning/core/module.py", line 32, in <module>
    import lightning_fabric as lf
  File "/home/20250572/TabPFN-TS_for_Bike_Demand_Forecasting/.venv/lib/python3.12/site-packages/wandb/sdk/lib/import_hooks.py", line 182, in _exec_module
    self.loader.exec_module(module)
  File "/home/20250572/TabPFN-TS_for_Bike_Demand_Forecasting/.venv/lib/python3.12/site-packages/lightning_fabric/__init__.py", line 29, in <module>
    __import__("pkg_resources").declare_namespace(__name__)
    ^^^^^^^^^^^^^^^^^^^^^^^^^^^
ModuleNotFoundError: No module named 'pkg_resources'

================================================================================
[2026-03-17 18:41:16] ERROR: Error in NeuralProphet h=48 fold=1: No module named 'pkg_resources'
================================================================================
Traceback (most recent call last):
  File "/home/20250572/TabPFN-TS_for_Bike_Demand_Forecasting/forecasting/run_experiments.py", line 184, in run_single_experiment
    model.fit(y_train, X_train)
  File "/home/20250572/TabPFN-TS_for_Bike_Demand_Forecasting/forecasting/models/prophet_models.py", line 118, in fit
    from neuralprophet import NeuralProphet
  File "/home/20250572/TabPFN-TS_for_Bike_Demand_Forecasting/.venv/lib/python3.12/site-packages/neuralprophet/__init__.py", line 4, in <module>
    import pytorch_lightning as pl
  File "/home/20250572/TabPFN-TS_for_Bike_Demand_Forecasting/.venv/lib/python3.12/site-packages/wandb/sdk/lib/import_hooks.py", line 182, in _exec_module
    self.loader.exec_module(module)
  File "/home/20250572/TabPFN-TS_for_Bike_Demand_Forecasting/.venv/lib/python3.12/site-packages/pytorch_lightning/__init__.py", line 35, in <module>
    from pytorch_lightning.callbacks import Callback  # noqa: E402
    ^^^^^^^^^^^^^^^^^^^^^^^^^^^^^^^^^^^^^^^^^^^^^^^^
  File "/home/20250572/TabPFN-TS_for_Bike_Demand_Forecasting/.venv/lib/python3.12/site-packages/pytorch_lightning/callbacks/__init__.py", line 28, in <module>
    from pytorch_lightning.callbacks.pruning import ModelPruning
  File "/home/20250572/TabPFN-TS_for_Bike_Demand_Forecasting/.venv/lib/python3.12/site-packages/pytorch_lightning/callbacks/pruning.py", line 31, in <module>
    from pytorch_lightning.core.module import LightningModule
  File "/home/20250572/TabPFN-TS_for_Bike_Demand_Forecasting/.venv/lib/python3.12/site-packages/pytorch_lightning/core/__init__.py", line 16, in <module>
    from pytorch_lightning.core.module import LightningModule
  File "/home/20250572/TabPFN-TS_for_Bike_Demand_Forecasting/.venv/lib/python3.12/site-packages/pytorch_lightning/core/module.py", line 32, in <module>
    import lightning_fabric as lf
  File "/home/20250572/TabPFN-TS_for_Bike_Demand_Forecasting/.venv/lib/python3.12/site-packages/wandb/sdk/lib/import_hooks.py", line 182, in _exec_module
    self.loader.exec_module(module)
  File "/home/20250572/TabPFN-TS_for_Bike_Demand_Forecasting/.venv/lib/python3.12/site-packages/lightning_fabric/__init__.py", line 29, in <module>
    __import__("pkg_resources").declare_namespace(__name__)
    ^^^^^^^^^^^^^^^^^^^^^^^^^^^
ModuleNotFoundError: No module named 'pkg_resources'

================================================================================
[2026-03-17 18:41:16] ERROR: Error in NeuralProphet h=48 fold=2: No module named 'pkg_resources'
================================================================================
Traceback (most recent call last):
  File "/home/20250572/TabPFN-TS_for_Bike_Demand_Forecasting/forecasting/run_experiments.py", line 184, in run_single_experiment
    model.fit(y_train, X_train)
  File "/home/20250572/TabPFN-TS_for_Bike_Demand_Forecasting/forecasting/models/prophet_models.py", line 118, in fit
    from neuralprophet import NeuralProphet
  File "/home/20250572/TabPFN-TS_for_Bike_Demand_Forecasting/.venv/lib/python3.12/site-packages/neuralprophet/__init__.py", line 4, in <module>
    import pytorch_lightning as pl
  File "/home/20250572/TabPFN-TS_for_Bike_Demand_Forecasting/.venv/lib/python3.12/site-packages/wandb/sdk/lib/import_hooks.py", line 182, in _exec_module
    self.loader.exec_module(module)
  File "/home/20250572/TabPFN-TS_for_Bike_Demand_Forecasting/.venv/lib/python3.12/site-packages/pytorch_lightning/__init__.py", line 35, in <module>
    from pytorch_lightning.callbacks import Callback  # noqa: E402
    ^^^^^^^^^^^^^^^^^^^^^^^^^^^^^^^^^^^^^^^^^^^^^^^^
  File "/home/20250572/TabPFN-TS_for_Bike_Demand_Forecasting/.venv/lib/python3.12/site-packages/pytorch_lightning/callbacks/__init__.py", line 28, in <module>
    from pytorch_lightning.callbacks.pruning import ModelPruning
  File "/home/20250572/TabPFN-TS_for_Bike_Demand_Forecasting/.venv/lib/python3.12/site-packages/pytorch_lightning/callbacks/pruning.py", line 31, in <module>
    from pytorch_lightning.core.module import LightningModule
  File "/home/20250572/TabPFN-TS_for_Bike_Demand_Forecasting/.venv/lib/python3.12/site-packages/pytorch_lightning/core/__init__.py", line 16, in <module>
    from pytorch_lightning.core.module import LightningModule
  File "/home/20250572/TabPFN-TS_for_Bike_Demand_Forecasting/.venv/lib/python3.12/site-packages/pytorch_lightning/core/module.py", line 32, in <module>
    import lightning_fabric as lf
  File "/home/20250572/TabPFN-TS_for_Bike_Demand_Forecasting/.venv/lib/python3.12/site-packages/wandb/sdk/lib/import_hooks.py", line 182, in _exec_module
    self.loader.exec_module(module)
  File "/home/20250572/TabPFN-TS_for_Bike_Demand_Forecasting/.venv/lib/python3.12/site-packages/lightning_fabric/__init__.py", line 29, in <module>
    __import__("pkg_resources").declare_namespace(__name__)
    ^^^^^^^^^^^^^^^^^^^^^^^^^^^
ModuleNotFoundError: No module named 'pkg_resources'

================================================================================
[2026-03-17 18:41:16] ERROR: Error in NeuralProphet h=48 fold=3: No module named 'pkg_resources'
================================================================================
Traceback (most recent call last):
  File "/home/20250572/TabPFN-TS_for_Bike_Demand_Forecasting/forecasting/run_experiments.py", line 184, in run_single_experiment
    model.fit(y_train, X_train)
  File "/home/20250572/TabPFN-TS_for_Bike_Demand_Forecasting/forecasting/models/prophet_models.py", line 118, in fit
    from neuralprophet import NeuralProphet
  File "/home/20250572/TabPFN-TS_for_Bike_Demand_Forecasting/.venv/lib/python3.12/site-packages/neuralprophet/__init__.py", line 4, in <module>
    import pytorch_lightning as pl
  File "/home/20250572/TabPFN-TS_for_Bike_Demand_Forecasting/.venv/lib/python3.12/site-packages/wandb/sdk/lib/import_hooks.py", line 182, in _exec_module
    self.loader.exec_module(module)
  File "/home/20250572/TabPFN-TS_for_Bike_Demand_Forecasting/.venv/lib/python3.12/site-packages/pytorch_lightning/__init__.py", line 35, in <module>
    from pytorch_lightning.callbacks import Callback  # noqa: E402
    ^^^^^^^^^^^^^^^^^^^^^^^^^^^^^^^^^^^^^^^^^^^^^^^^
  File "/home/20250572/TabPFN-TS_for_Bike_Demand_Forecasting/.venv/lib/python3.12/site-packages/pytorch_lightning/callbacks/__init__.py", line 28, in <module>
    from pytorch_lightning.callbacks.pruning import ModelPruning
  File "/home/20250572/TabPFN-TS_for_Bike_Demand_Forecasting/.venv/lib/python3.12/site-packages/pytorch_lightning/callbacks/pruning.py", line 31, in <module>
    from pytorch_lightning.core.module import LightningModule
  File "/home/20250572/TabPFN-TS_for_Bike_Demand_Forecasting/.venv/lib/python3.12/site-packages/pytorch_lightning/core/__init__.py", line 16, in <module>
    from pytorch_lightning.core.module import LightningModule
  File "/home/20250572/TabPFN-TS_for_Bike_Demand_Forecasting/.venv/lib/python3.12/site-packages/pytorch_lightning/core/module.py", line 32, in <module>
    import lightning_fabric as lf
  File "/home/20250572/TabPFN-TS_for_Bike_Demand_Forecasting/.venv/lib/python3.12/site-packages/wandb/sdk/lib/import_hooks.py", line 182, in _exec_module
    self.loader.exec_module(module)
  File "/home/20250572/TabPFN-TS_for_Bike_Demand_Forecasting/.venv/lib/python3.12/site-packages/lightning_fabric/__init__.py", line 29, in <module>
    __import__("pkg_resources").declare_namespace(__name__)
    ^^^^^^^^^^^^^^^^^^^^^^^^^^^
ModuleNotFoundError: No module named 'pkg_resources'

================================================================================
[2026-03-17 18:41:16] ERROR: Error in NeuralProphet h=48 fold=4: No module named 'pkg_resources'
================================================================================
Traceback (most recent call last):
  File "/home/20250572/TabPFN-TS_for_Bike_Demand_Forecasting/forecasting/run_experiments.py", line 184, in run_single_experiment
    model.fit(y_train, X_train)
  File "/home/20250572/TabPFN-TS_for_Bike_Demand_Forecasting/forecasting/models/prophet_models.py", line 118, in fit
    from neuralprophet import NeuralProphet
  File "/home/20250572/TabPFN-TS_for_Bike_Demand_Forecasting/.venv/lib/python3.12/site-packages/neuralprophet/__init__.py", line 4, in <module>
    import pytorch_lightning as pl
  File "/home/20250572/TabPFN-TS_for_Bike_Demand_Forecasting/.venv/lib/python3.12/site-packages/wandb/sdk/lib/import_hooks.py", line 182, in _exec_module
    self.loader.exec_module(module)
  File "/home/20250572/TabPFN-TS_for_Bike_Demand_Forecasting/.venv/lib/python3.12/site-packages/pytorch_lightning/__init__.py", line 35, in <module>
    from pytorch_lightning.callbacks import Callback  # noqa: E402
    ^^^^^^^^^^^^^^^^^^^^^^^^^^^^^^^^^^^^^^^^^^^^^^^^
  File "/home/20250572/TabPFN-TS_for_Bike_Demand_Forecasting/.venv/lib/python3.12/site-packages/pytorch_lightning/callbacks/__init__.py", line 28, in <module>
    from pytorch_lightning.callbacks.pruning import ModelPruning
  File "/home/20250572/TabPFN-TS_for_Bike_Demand_Forecasting/.venv/lib/python3.12/site-packages/pytorch_lightning/callbacks/pruning.py", line 31, in <module>
    from pytorch_lightning.core.module import LightningModule
  File "/home/20250572/TabPFN-TS_for_Bike_Demand_Forecasting/.venv/lib/python3.12/site-packages/pytorch_lightning/core/__init__.py", line 16, in <module>
    from pytorch_lightning.core.module import LightningModule
  File "/home/20250572/TabPFN-TS_for_Bike_Demand_Forecasting/.venv/lib/python3.12/site-packages/pytorch_lightning/core/module.py", line 32, in <module>
    import lightning_fabric as lf
  File "/home/20250572/TabPFN-TS_for_Bike_Demand_Forecasting/.venv/lib/python3.12/site-packages/wandb/sdk/lib/import_hooks.py", line 182, in _exec_module
    self.loader.exec_module(module)
  File "/home/20250572/TabPFN-TS_for_Bike_Demand_Forecasting/.venv/lib/python3.12/site-packages/lightning_fabric/__init__.py", line 29, in <module>
    __import__("pkg_resources").declare_namespace(__name__)
    ^^^^^^^^^^^^^^^^^^^^^^^^^^^
ModuleNotFoundError: No module named 'pkg_resources'

================================================================================
[2026-03-17 18:41:16] ERROR: Error in NeuralProphet h=48 fold=5: No module named 'pkg_resources'
================================================================================
Traceback (most recent call last):
  File "/home/20250572/TabPFN-TS_for_Bike_Demand_Forecasting/forecasting/run_experiments.py", line 184, in run_single_experiment
    model.fit(y_train, X_train)
  File "/home/20250572/TabPFN-TS_for_Bike_Demand_Forecasting/forecasting/models/prophet_models.py", line 118, in fit
    from neuralprophet import NeuralProphet
  File "/home/20250572/TabPFN-TS_for_Bike_Demand_Forecasting/.venv/lib/python3.12/site-packages/neuralprophet/__init__.py", line 4, in <module>
    import pytorch_lightning as pl
  File "/home/20250572/TabPFN-TS_for_Bike_Demand_Forecasting/.venv/lib/python3.12/site-packages/wandb/sdk/lib/import_hooks.py", line 182, in _exec_module
    self.loader.exec_module(module)
  File "/home/20250572/TabPFN-TS_for_Bike_Demand_Forecasting/.venv/lib/python3.12/site-packages/pytorch_lightning/__init__.py", line 35, in <module>
    from pytorch_lightning.callbacks import Callback  # noqa: E402
    ^^^^^^^^^^^^^^^^^^^^^^^^^^^^^^^^^^^^^^^^^^^^^^^^
  File "/home/20250572/TabPFN-TS_for_Bike_Demand_Forecasting/.venv/lib/python3.12/site-packages/pytorch_lightning/callbacks/__init__.py", line 28, in <module>
    from pytorch_lightning.callbacks.pruning import ModelPruning
  File "/home/20250572/TabPFN-TS_for_Bike_Demand_Forecasting/.venv/lib/python3.12/site-packages/pytorch_lightning/callbacks/pruning.py", line 31, in <module>
    from pytorch_lightning.core.module import LightningModule
  File "/home/20250572/TabPFN-TS_for_Bike_Demand_Forecasting/.venv/lib/python3.12/site-packages/pytorch_lightning/core/__init__.py", line 16, in <module>
    from pytorch_lightning.core.module import LightningModule
  File "/home/20250572/TabPFN-TS_for_Bike_Demand_Forecasting/.venv/lib/python3.12/site-packages/pytorch_lightning/core/module.py", line 32, in <module>
    import lightning_fabric as lf
  File "/home/20250572/TabPFN-TS_for_Bike_Demand_Forecasting/.venv/lib/python3.12/site-packages/wandb/sdk/lib/import_hooks.py", line 182, in _exec_module
    self.loader.exec_module(module)
  File "/home/20250572/TabPFN-TS_for_Bike_Demand_Forecasting/.venv/lib/python3.12/site-packages/lightning_fabric/__init__.py", line 29, in <module>
    __import__("pkg_resources").declare_namespace(__name__)
    ^^^^^^^^^^^^^^^^^^^^^^^^^^^
ModuleNotFoundError: No module named 'pkg_resources'

================================================================================
[2026-03-17 18:41:16] ERROR: Error in NeuralProphet h=48 fold=6: No module named 'pkg_resources'
================================================================================
Traceback (most recent call last):
  File "/home/20250572/TabPFN-TS_for_Bike_Demand_Forecasting/forecasting/run_experiments.py", line 184, in run_single_experiment
    model.fit(y_train, X_train)
  File "/home/20250572/TabPFN-TS_for_Bike_Demand_Forecasting/forecasting/models/prophet_models.py", line 118, in fit
    from neuralprophet import NeuralProphet
  File "/home/20250572/TabPFN-TS_for_Bike_Demand_Forecasting/.venv/lib/python3.12/site-packages/neuralprophet/__init__.py", line 4, in <module>
    import pytorch_lightning as pl
  File "/home/20250572/TabPFN-TS_for_Bike_Demand_Forecasting/.venv/lib/python3.12/site-packages/wandb/sdk/lib/import_hooks.py", line 182, in _exec_module
    self.loader.exec_module(module)
  File "/home/20250572/TabPFN-TS_for_Bike_Demand_Forecasting/.venv/lib/python3.12/site-packages/pytorch_lightning/__init__.py", line 35, in <module>
    from pytorch_lightning.callbacks import Callback  # noqa: E402
    ^^^^^^^^^^^^^^^^^^^^^^^^^^^^^^^^^^^^^^^^^^^^^^^^
  File "/home/20250572/TabPFN-TS_for_Bike_Demand_Forecasting/.venv/lib/python3.12/site-packages/pytorch_lightning/callbacks/__init__.py", line 28, in <module>
    from pytorch_lightning.callbacks.pruning import ModelPruning
  File "/home/20250572/TabPFN-TS_for_Bike_Demand_Forecasting/.venv/lib/python3.12/site-packages/pytorch_lightning/callbacks/pruning.py", line 31, in <module>
    from pytorch_lightning.core.module import LightningModule
  File "/home/20250572/TabPFN-TS_for_Bike_Demand_Forecasting/.venv/lib/python3.12/site-packages/pytorch_lightning/core/__init__.py", line 16, in <module>
    from pytorch_lightning.core.module import LightningModule
  File "/home/20250572/TabPFN-TS_for_Bike_Demand_Forecasting/.venv/lib/python3.12/site-packages/pytorch_lightning/core/module.py", line 32, in <module>
    import lightning_fabric as lf
  File "/home/20250572/TabPFN-TS_for_Bike_Demand_Forecasting/.venv/lib/python3.12/site-packages/wandb/sdk/lib/import_hooks.py", line 182, in _exec_module
    self.loader.exec_module(module)
  File "/home/20250572/TabPFN-TS_for_Bike_Demand_Forecasting/.venv/lib/python3.12/site-packages/lightning_fabric/__init__.py", line 29, in <module>
    __import__("pkg_resources").declare_namespace(__name__)
    ^^^^^^^^^^^^^^^^^^^^^^^^^^^
ModuleNotFoundError: No module named 'pkg_resources'

================================================================================
[2026-03-17 18:41:16] ERROR: Error in NeuralProphet h=48 fold=7: No module named 'pkg_resources'
================================================================================
Traceback (most recent call last):
  File "/home/20250572/TabPFN-TS_for_Bike_Demand_Forecasting/forecasting/run_experiments.py", line 184, in run_single_experiment
    model.fit(y_train, X_train)
  File "/home/20250572/TabPFN-TS_for_Bike_Demand_Forecasting/forecasting/models/prophet_models.py", line 118, in fit
    from neuralprophet import NeuralProphet
  File "/home/20250572/TabPFN-TS_for_Bike_Demand_Forecasting/.venv/lib/python3.12/site-packages/neuralprophet/__init__.py", line 4, in <module>
    import pytorch_lightning as pl
  File "/home/20250572/TabPFN-TS_for_Bike_Demand_Forecasting/.venv/lib/python3.12/site-packages/wandb/sdk/lib/import_hooks.py", line 182, in _exec_module
    self.loader.exec_module(module)
  File "/home/20250572/TabPFN-TS_for_Bike_Demand_Forecasting/.venv/lib/python3.12/site-packages/pytorch_lightning/__init__.py", line 35, in <module>
    from pytorch_lightning.callbacks import Callback  # noqa: E402
    ^^^^^^^^^^^^^^^^^^^^^^^^^^^^^^^^^^^^^^^^^^^^^^^^
  File "/home/20250572/TabPFN-TS_for_Bike_Demand_Forecasting/.venv/lib/python3.12/site-packages/pytorch_lightning/callbacks/__init__.py", line 28, in <module>
    from pytorch_lightning.callbacks.pruning import ModelPruning
  File "/home/20250572/TabPFN-TS_for_Bike_Demand_Forecasting/.venv/lib/python3.12/site-packages/pytorch_lightning/callbacks/pruning.py", line 31, in <module>
    from pytorch_lightning.core.module import LightningModule
  File "/home/20250572/TabPFN-TS_for_Bike_Demand_Forecasting/.venv/lib/python3.12/site-packages/pytorch_lightning/core/__init__.py", line 16, in <module>
    from pytorch_lightning.core.module import LightningModule
  File "/home/20250572/TabPFN-TS_for_Bike_Demand_Forecasting/.venv/lib/python3.12/site-packages/pytorch_lightning/core/module.py", line 32, in <module>
    import lightning_fabric as lf
  File "/home/20250572/TabPFN-TS_for_Bike_Demand_Forecasting/.venv/lib/python3.12/site-packages/wandb/sdk/lib/import_hooks.py", line 182, in _exec_module
    self.loader.exec_module(module)
  File "/home/20250572/TabPFN-TS_for_Bike_Demand_Forecasting/.venv/lib/python3.12/site-packages/lightning_fabric/__init__.py", line 29, in <module>
    __import__("pkg_resources").declare_namespace(__name__)
    ^^^^^^^^^^^^^^^^^^^^^^^^^^^
ModuleNotFoundError: No module named 'pkg_resources'

================================================================================
[2026-03-17 18:41:16] ERROR: Error in NeuralProphet h=48 fold=8: No module named 'pkg_resources'
================================================================================
Traceback (most recent call last):
  File "/home/20250572/TabPFN-TS_for_Bike_Demand_Forecasting/forecasting/run_experiments.py", line 184, in run_single_experiment
    model.fit(y_train, X_train)
  File "/home/20250572/TabPFN-TS_for_Bike_Demand_Forecasting/forecasting/models/prophet_models.py", line 118, in fit
    from neuralprophet import NeuralProphet
  File "/home/20250572/TabPFN-TS_for_Bike_Demand_Forecasting/.venv/lib/python3.12/site-packages/neuralprophet/__init__.py", line 4, in <module>
    import pytorch_lightning as pl
  File "/home/20250572/TabPFN-TS_for_Bike_Demand_Forecasting/.venv/lib/python3.12/site-packages/wandb/sdk/lib/import_hooks.py", line 182, in _exec_module
    self.loader.exec_module(module)
  File "/home/20250572/TabPFN-TS_for_Bike_Demand_Forecasting/.venv/lib/python3.12/site-packages/pytorch_lightning/__init__.py", line 35, in <module>
    from pytorch_lightning.callbacks import Callback  # noqa: E402
    ^^^^^^^^^^^^^^^^^^^^^^^^^^^^^^^^^^^^^^^^^^^^^^^^
  File "/home/20250572/TabPFN-TS_for_Bike_Demand_Forecasting/.venv/lib/python3.12/site-packages/pytorch_lightning/callbacks/__init__.py", line 28, in <module>
    from pytorch_lightning.callbacks.pruning import ModelPruning
  File "/home/20250572/TabPFN-TS_for_Bike_Demand_Forecasting/.venv/lib/python3.12/site-packages/pytorch_lightning/callbacks/pruning.py", line 31, in <module>
    from pytorch_lightning.core.module import LightningModule
  File "/home/20250572/TabPFN-TS_for_Bike_Demand_Forecasting/.venv/lib/python3.12/site-packages/pytorch_lightning/core/__init__.py", line 16, in <module>
    from pytorch_lightning.core.module import LightningModule
  File "/home/20250572/TabPFN-TS_for_Bike_Demand_Forecasting/.venv/lib/python3.12/site-packages/pytorch_lightning/core/module.py", line 32, in <module>
    import lightning_fabric as lf
  File "/home/20250572/TabPFN-TS_for_Bike_Demand_Forecasting/.venv/lib/python3.12/site-packages/wandb/sdk/lib/import_hooks.py", line 182, in _exec_module
    self.loader.exec_module(module)
  File "/home/20250572/TabPFN-TS_for_Bike_Demand_Forecasting/.venv/lib/python3.12/site-packages/lightning_fabric/__init__.py", line 29, in <module>
    __import__("pkg_resources").declare_namespace(__name__)
    ^^^^^^^^^^^^^^^^^^^^^^^^^^^
ModuleNotFoundError: No module named 'pkg_resources'

================================================================================
[2026-03-17 18:41:17] ERROR: Error in NeuralProphet h=48 fold=9: No module named 'pkg_resources'
================================================================================
Traceback (most recent call last):
  File "/home/20250572/TabPFN-TS_for_Bike_Demand_Forecasting/forecasting/run_experiments.py", line 184, in run_single_experiment
    model.fit(y_train, X_train)
  File "/home/20250572/TabPFN-TS_for_Bike_Demand_Forecasting/forecasting/models/prophet_models.py", line 118, in fit
    from neuralprophet import NeuralProphet
  File "/home/20250572/TabPFN-TS_for_Bike_Demand_Forecasting/.venv/lib/python3.12/site-packages/neuralprophet/__init__.py", line 4, in <module>
    import pytorch_lightning as pl
  File "/home/20250572/TabPFN-TS_for_Bike_Demand_Forecasting/.venv/lib/python3.12/site-packages/wandb/sdk/lib/import_hooks.py", line 182, in _exec_module
    self.loader.exec_module(module)
  File "/home/20250572/TabPFN-TS_for_Bike_Demand_Forecasting/.venv/lib/python3.12/site-packages/pytorch_lightning/__init__.py", line 35, in <module>
    from pytorch_lightning.callbacks import Callback  # noqa: E402
    ^^^^^^^^^^^^^^^^^^^^^^^^^^^^^^^^^^^^^^^^^^^^^^^^
  File "/home/20250572/TabPFN-TS_for_Bike_Demand_Forecasting/.venv/lib/python3.12/site-packages/pytorch_lightning/callbacks/__init__.py", line 28, in <module>
    from pytorch_lightning.callbacks.pruning import ModelPruning
  File "/home/20250572/TabPFN-TS_for_Bike_Demand_Forecasting/.venv/lib/python3.12/site-packages/pytorch_lightning/callbacks/pruning.py", line 31, in <module>
    from pytorch_lightning.core.module import LightningModule
  File "/home/20250572/TabPFN-TS_for_Bike_Demand_Forecasting/.venv/lib/python3.12/site-packages/pytorch_lightning/core/__init__.py", line 16, in <module>
    from pytorch_lightning.core.module import LightningModule
  File "/home/20250572/TabPFN-TS_for_Bike_Demand_Forecasting/.venv/lib/python3.12/site-packages/pytorch_lightning/core/module.py", line 32, in <module>
    import lightning_fabric as lf
  File "/home/20250572/TabPFN-TS_for_Bike_Demand_Forecasting/.venv/lib/python3.12/site-packages/wandb/sdk/lib/import_hooks.py", line 182, in _exec_module
    self.loader.exec_module(module)
  File "/home/20250572/TabPFN-TS_for_Bike_Demand_Forecasting/.venv/lib/python3.12/site-packages/lightning_fabric/__init__.py", line 29, in <module>
    __import__("pkg_resources").declare_namespace(__name__)
    ^^^^^^^^^^^^^^^^^^^^^^^^^^^
ModuleNotFoundError: No module named 'pkg_resources'

================================================================================
[2026-03-17 18:41:17] ERROR: Error in NeuralProphet h=48 fold=10: No module named 'pkg_resources'
================================================================================
Traceback (most recent call last):
  File "/home/20250572/TabPFN-TS_for_Bike_Demand_Forecasting/forecasting/run_experiments.py", line 184, in run_single_experiment
    model.fit(y_train, X_train)
  File "/home/20250572/TabPFN-TS_for_Bike_Demand_Forecasting/forecasting/models/prophet_models.py", line 118, in fit
    from neuralprophet import NeuralProphet
  File "/home/20250572/TabPFN-TS_for_Bike_Demand_Forecasting/.venv/lib/python3.12/site-packages/neuralprophet/__init__.py", line 4, in <module>
    import pytorch_lightning as pl
  File "/home/20250572/TabPFN-TS_for_Bike_Demand_Forecasting/.venv/lib/python3.12/site-packages/wandb/sdk/lib/import_hooks.py", line 182, in _exec_module
    self.loader.exec_module(module)
  File "/home/20250572/TabPFN-TS_for_Bike_Demand_Forecasting/.venv/lib/python3.12/site-packages/pytorch_lightning/__init__.py", line 35, in <module>
    from pytorch_lightning.callbacks import Callback  # noqa: E402
    ^^^^^^^^^^^^^^^^^^^^^^^^^^^^^^^^^^^^^^^^^^^^^^^^
  File "/home/20250572/TabPFN-TS_for_Bike_Demand_Forecasting/.venv/lib/python3.12/site-packages/pytorch_lightning/callbacks/__init__.py", line 28, in <module>
    from pytorch_lightning.callbacks.pruning import ModelPruning
  File "/home/20250572/TabPFN-TS_for_Bike_Demand_Forecasting/.venv/lib/python3.12/site-packages/pytorch_lightning/callbacks/pruning.py", line 31, in <module>
    from pytorch_lightning.core.module import LightningModule
  File "/home/20250572/TabPFN-TS_for_Bike_Demand_Forecasting/.venv/lib/python3.12/site-packages/pytorch_lightning/core/__init__.py", line 16, in <module>
    from pytorch_lightning.core.module import LightningModule
  File "/home/20250572/TabPFN-TS_for_Bike_Demand_Forecasting/.venv/lib/python3.12/site-packages/pytorch_lightning/core/module.py", line 32, in <module>
    import lightning_fabric as lf
  File "/home/20250572/TabPFN-TS_for_Bike_Demand_Forecasting/.venv/lib/python3.12/site-packages/wandb/sdk/lib/import_hooks.py", line 182, in _exec_module
    self.loader.exec_module(module)
  File "/home/20250572/TabPFN-TS_for_Bike_Demand_Forecasting/.venv/lib/python3.12/site-packages/lightning_fabric/__init__.py", line 29, in <module>
    __import__("pkg_resources").declare_namespace(__name__)
    ^^^^^^^^^^^^^^^^^^^^^^^^^^^
ModuleNotFoundError: No module named 'pkg_resources'

================================================================================
[2026-03-17 18:41:17] ERROR: Error in NeuralProphet h=48 fold=11: No module named 'pkg_resources'
================================================================================
Traceback (most recent call last):
  File "/home/20250572/TabPFN-TS_for_Bike_Demand_Forecasting/forecasting/run_experiments.py", line 184, in run_single_experiment
    model.fit(y_train, X_train)
  File "/home/20250572/TabPFN-TS_for_Bike_Demand_Forecasting/forecasting/models/prophet_models.py", line 118, in fit
    from neuralprophet import NeuralProphet
  File "/home/20250572/TabPFN-TS_for_Bike_Demand_Forecasting/.venv/lib/python3.12/site-packages/neuralprophet/__init__.py", line 4, in <module>
    import pytorch_lightning as pl
  File "/home/20250572/TabPFN-TS_for_Bike_Demand_Forecasting/.venv/lib/python3.12/site-packages/wandb/sdk/lib/import_hooks.py", line 182, in _exec_module
    self.loader.exec_module(module)
  File "/home/20250572/TabPFN-TS_for_Bike_Demand_Forecasting/.venv/lib/python3.12/site-packages/pytorch_lightning/__init__.py", line 35, in <module>
    from pytorch_lightning.callbacks import Callback  # noqa: E402
    ^^^^^^^^^^^^^^^^^^^^^^^^^^^^^^^^^^^^^^^^^^^^^^^^
  File "/home/20250572/TabPFN-TS_for_Bike_Demand_Forecasting/.venv/lib/python3.12/site-packages/pytorch_lightning/callbacks/__init__.py", line 28, in <module>
    from pytorch_lightning.callbacks.pruning import ModelPruning
  File "/home/20250572/TabPFN-TS_for_Bike_Demand_Forecasting/.venv/lib/python3.12/site-packages/pytorch_lightning/callbacks/pruning.py", line 31, in <module>
    from pytorch_lightning.core.module import LightningModule
  File "/home/20250572/TabPFN-TS_for_Bike_Demand_Forecasting/.venv/lib/python3.12/site-packages/pytorch_lightning/core/__init__.py", line 16, in <module>
    from pytorch_lightning.core.module import LightningModule
  File "/home/20250572/TabPFN-TS_for_Bike_Demand_Forecasting/.venv/lib/python3.12/site-packages/pytorch_lightning/core/module.py", line 32, in <module>
    import lightning_fabric as lf
  File "/home/20250572/TabPFN-TS_for_Bike_Demand_Forecasting/.venv/lib/python3.12/site-packages/wandb/sdk/lib/import_hooks.py", line 182, in _exec_module
    self.loader.exec_module(module)
  File "/home/20250572/TabPFN-TS_for_Bike_Demand_Forecasting/.venv/lib/python3.12/site-packages/lightning_fabric/__init__.py", line 29, in <module>
    __import__("pkg_resources").declare_namespace(__name__)
    ^^^^^^^^^^^^^^^^^^^^^^^^^^^
ModuleNotFoundError: No module named 'pkg_resources'

================================================================================
[2026-03-17 18:41:17] ERROR: Error in NeuralProphet h=48 fold=12: No module named 'pkg_resources'
================================================================================
Traceback (most recent call last):
  File "/home/20250572/TabPFN-TS_for_Bike_Demand_Forecasting/forecasting/run_experiments.py", line 184, in run_single_experiment
    model.fit(y_train, X_train)
  File "/home/20250572/TabPFN-TS_for_Bike_Demand_Forecasting/forecasting/models/prophet_models.py", line 118, in fit
    from neuralprophet import NeuralProphet
  File "/home/20250572/TabPFN-TS_for_Bike_Demand_Forecasting/.venv/lib/python3.12/site-packages/neuralprophet/__init__.py", line 4, in <module>
    import pytorch_lightning as pl
  File "/home/20250572/TabPFN-TS_for_Bike_Demand_Forecasting/.venv/lib/python3.12/site-packages/wandb/sdk/lib/import_hooks.py", line 182, in _exec_module
    self.loader.exec_module(module)
  File "/home/20250572/TabPFN-TS_for_Bike_Demand_Forecasting/.venv/lib/python3.12/site-packages/pytorch_lightning/__init__.py", line 35, in <module>
    from pytorch_lightning.callbacks import Callback  # noqa: E402
    ^^^^^^^^^^^^^^^^^^^^^^^^^^^^^^^^^^^^^^^^^^^^^^^^
  File "/home/20250572/TabPFN-TS_for_Bike_Demand_Forecasting/.venv/lib/python3.12/site-packages/pytorch_lightning/callbacks/__init__.py", line 28, in <module>
    from pytorch_lightning.callbacks.pruning import ModelPruning
  File "/home/20250572/TabPFN-TS_for_Bike_Demand_Forecasting/.venv/lib/python3.12/site-packages/pytorch_lightning/callbacks/pruning.py", line 31, in <module>
    from pytorch_lightning.core.module import LightningModule
  File "/home/20250572/TabPFN-TS_for_Bike_Demand_Forecasting/.venv/lib/python3.12/site-packages/pytorch_lightning/core/__init__.py", line 16, in <module>
    from pytorch_lightning.core.module import LightningModule
  File "/home/20250572/TabPFN-TS_for_Bike_Demand_Forecasting/.venv/lib/python3.12/site-packages/pytorch_lightning/core/module.py", line 32, in <module>
    import lightning_fabric as lf
  File "/home/20250572/TabPFN-TS_for_Bike_Demand_Forecasting/.venv/lib/python3.12/site-packages/wandb/sdk/lib/import_hooks.py", line 182, in _exec_module
    self.loader.exec_module(module)
  File "/home/20250572/TabPFN-TS_for_Bike_Demand_Forecasting/.venv/lib/python3.12/site-packages/lightning_fabric/__init__.py", line 29, in <module>
    __import__("pkg_resources").declare_namespace(__name__)
    ^^^^^^^^^^^^^^^^^^^^^^^^^^^
ModuleNotFoundError: No module named 'pkg_resources'

================================================================================
[2026-03-17 18:41:17] ERROR: Error in NeuralProphet h=48 fold=13: No module named 'pkg_resources'
================================================================================
Traceback (most recent call last):
  File "/home/20250572/TabPFN-TS_for_Bike_Demand_Forecasting/forecasting/run_experiments.py", line 184, in run_single_experiment
    model.fit(y_train, X_train)
  File "/home/20250572/TabPFN-TS_for_Bike_Demand_Forecasting/forecasting/models/prophet_models.py", line 118, in fit
    from neuralprophet import NeuralProphet
  File "/home/20250572/TabPFN-TS_for_Bike_Demand_Forecasting/.venv/lib/python3.12/site-packages/neuralprophet/__init__.py", line 4, in <module>
    import pytorch_lightning as pl
  File "/home/20250572/TabPFN-TS_for_Bike_Demand_Forecasting/.venv/lib/python3.12/site-packages/wandb/sdk/lib/import_hooks.py", line 182, in _exec_module
    self.loader.exec_module(module)
  File "/home/20250572/TabPFN-TS_for_Bike_Demand_Forecasting/.venv/lib/python3.12/site-packages/pytorch_lightning/__init__.py", line 35, in <module>
    from pytorch_lightning.callbacks import Callback  # noqa: E402
    ^^^^^^^^^^^^^^^^^^^^^^^^^^^^^^^^^^^^^^^^^^^^^^^^
  File "/home/20250572/TabPFN-TS_for_Bike_Demand_Forecasting/.venv/lib/python3.12/site-packages/pytorch_lightning/callbacks/__init__.py", line 28, in <module>
    from pytorch_lightning.callbacks.pruning import ModelPruning
  File "/home/20250572/TabPFN-TS_for_Bike_Demand_Forecasting/.venv/lib/python3.12/site-packages/pytorch_lightning/callbacks/pruning.py", line 31, in <module>
    from pytorch_lightning.core.module import LightningModule
  File "/home/20250572/TabPFN-TS_for_Bike_Demand_Forecasting/.venv/lib/python3.12/site-packages/pytorch_lightning/core/__init__.py", line 16, in <module>
    from pytorch_lightning.core.module import LightningModule
  File "/home/20250572/TabPFN-TS_for_Bike_Demand_Forecasting/.venv/lib/python3.12/site-packages/pytorch_lightning/core/module.py", line 32, in <module>
    import lightning_fabric as lf
  File "/home/20250572/TabPFN-TS_for_Bike_Demand_Forecasting/.venv/lib/python3.12/site-packages/wandb/sdk/lib/import_hooks.py", line 182, in _exec_module
    self.loader.exec_module(module)
  File "/home/20250572/TabPFN-TS_for_Bike_Demand_Forecasting/.venv/lib/python3.12/site-packages/lightning_fabric/__init__.py", line 29, in <module>
    __import__("pkg_resources").declare_namespace(__name__)
    ^^^^^^^^^^^^^^^^^^^^^^^^^^^
ModuleNotFoundError: No module named 'pkg_resources'

================================================================================
[2026-03-17 18:41:17] ERROR: Error in NeuralProphet h=48 fold=14: No module named 'pkg_resources'
================================================================================
Traceback (most recent call last):
  File "/home/20250572/TabPFN-TS_for_Bike_Demand_Forecasting/forecasting/run_experiments.py", line 184, in run_single_experiment
    model.fit(y_train, X_train)
  File "/home/20250572/TabPFN-TS_for_Bike_Demand_Forecasting/forecasting/models/prophet_models.py", line 118, in fit
    from neuralprophet import NeuralProphet
  File "/home/20250572/TabPFN-TS_for_Bike_Demand_Forecasting/.venv/lib/python3.12/site-packages/neuralprophet/__init__.py", line 4, in <module>
    import pytorch_lightning as pl
  File "/home/20250572/TabPFN-TS_for_Bike_Demand_Forecasting/.venv/lib/python3.12/site-packages/wandb/sdk/lib/import_hooks.py", line 182, in _exec_module
    self.loader.exec_module(module)
  File "/home/20250572/TabPFN-TS_for_Bike_Demand_Forecasting/.venv/lib/python3.12/site-packages/pytorch_lightning/__init__.py", line 35, in <module>
    from pytorch_lightning.callbacks import Callback  # noqa: E402
    ^^^^^^^^^^^^^^^^^^^^^^^^^^^^^^^^^^^^^^^^^^^^^^^^
  File "/home/20250572/TabPFN-TS_for_Bike_Demand_Forecasting/.venv/lib/python3.12/site-packages/pytorch_lightning/callbacks/__init__.py", line 28, in <module>
    from pytorch_lightning.callbacks.pruning import ModelPruning
  File "/home/20250572/TabPFN-TS_for_Bike_Demand_Forecasting/.venv/lib/python3.12/site-packages/pytorch_lightning/callbacks/pruning.py", line 31, in <module>
    from pytorch_lightning.core.module import LightningModule
  File "/home/20250572/TabPFN-TS_for_Bike_Demand_Forecasting/.venv/lib/python3.12/site-packages/pytorch_lightning/core/__init__.py", line 16, in <module>
    from pytorch_lightning.core.module import LightningModule
  File "/home/20250572/TabPFN-TS_for_Bike_Demand_Forecasting/.venv/lib/python3.12/site-packages/pytorch_lightning/core/module.py", line 32, in <module>
    import lightning_fabric as lf
  File "/home/20250572/TabPFN-TS_for_Bike_Demand_Forecasting/.venv/lib/python3.12/site-packages/wandb/sdk/lib/import_hooks.py", line 182, in _exec_module
    self.loader.exec_module(module)
  File "/home/20250572/TabPFN-TS_for_Bike_Demand_Forecasting/.venv/lib/python3.12/site-packages/lightning_fabric/__init__.py", line 29, in <module>
    __import__("pkg_resources").declare_namespace(__name__)
    ^^^^^^^^^^^^^^^^^^^^^^^^^^^
ModuleNotFoundError: No module named 'pkg_resources'

================================================================================
[2026-03-17 18:41:17] ERROR: Error in NeuralProphet h=48 fold=15: No module named 'pkg_resources'
================================================================================
Traceback (most recent call last):
  File "/home/20250572/TabPFN-TS_for_Bike_Demand_Forecasting/forecasting/run_experiments.py", line 184, in run_single_experiment
    model.fit(y_train, X_train)
  File "/home/20250572/TabPFN-TS_for_Bike_Demand_Forecasting/forecasting/models/prophet_models.py", line 118, in fit
    from neuralprophet import NeuralProphet
  File "/home/20250572/TabPFN-TS_for_Bike_Demand_Forecasting/.venv/lib/python3.12/site-packages/neuralprophet/__init__.py", line 4, in <module>
    import pytorch_lightning as pl
  File "/home/20250572/TabPFN-TS_for_Bike_Demand_Forecasting/.venv/lib/python3.12/site-packages/wandb/sdk/lib/import_hooks.py", line 182, in _exec_module
    self.loader.exec_module(module)
  File "/home/20250572/TabPFN-TS_for_Bike_Demand_Forecasting/.venv/lib/python3.12/site-packages/pytorch_lightning/__init__.py", line 35, in <module>
    from pytorch_lightning.callbacks import Callback  # noqa: E402
    ^^^^^^^^^^^^^^^^^^^^^^^^^^^^^^^^^^^^^^^^^^^^^^^^
  File "/home/20250572/TabPFN-TS_for_Bike_Demand_Forecasting/.venv/lib/python3.12/site-packages/pytorch_lightning/callbacks/__init__.py", line 28, in <module>
    from pytorch_lightning.callbacks.pruning import ModelPruning
  File "/home/20250572/TabPFN-TS_for_Bike_Demand_Forecasting/.venv/lib/python3.12/site-packages/pytorch_lightning/callbacks/pruning.py", line 31, in <module>
    from pytorch_lightning.core.module import LightningModule
  File "/home/20250572/TabPFN-TS_for_Bike_Demand_Forecasting/.venv/lib/python3.12/site-packages/pytorch_lightning/core/__init__.py", line 16, in <module>
    from pytorch_lightning.core.module import LightningModule
  File "/home/20250572/TabPFN-TS_for_Bike_Demand_Forecasting/.venv/lib/python3.12/site-packages/pytorch_lightning/core/module.py", line 32, in <module>
    import lightning_fabric as lf
  File "/home/20250572/TabPFN-TS_for_Bike_Demand_Forecasting/.venv/lib/python3.12/site-packages/wandb/sdk/lib/import_hooks.py", line 182, in _exec_module
    self.loader.exec_module(module)
  File "/home/20250572/TabPFN-TS_for_Bike_Demand_Forecasting/.venv/lib/python3.12/site-packages/lightning_fabric/__init__.py", line 29, in <module>
    __import__("pkg_resources").declare_namespace(__name__)
    ^^^^^^^^^^^^^^^^^^^^^^^^^^^
ModuleNotFoundError: No module named 'pkg_resources'

================================================================================
[2026-03-17 18:41:17] ERROR: Error in NeuralProphet h=48 fold=16: No module named 'pkg_resources'
================================================================================
Traceback (most recent call last):
  File "/home/20250572/TabPFN-TS_for_Bike_Demand_Forecasting/forecasting/run_experiments.py", line 184, in run_single_experiment
    model.fit(y_train, X_train)
  File "/home/20250572/TabPFN-TS_for_Bike_Demand_Forecasting/forecasting/models/prophet_models.py", line 118, in fit
    from neuralprophet import NeuralProphet
  File "/home/20250572/TabPFN-TS_for_Bike_Demand_Forecasting/.venv/lib/python3.12/site-packages/neuralprophet/__init__.py", line 4, in <module>
    import pytorch_lightning as pl
  File "/home/20250572/TabPFN-TS_for_Bike_Demand_Forecasting/.venv/lib/python3.12/site-packages/wandb/sdk/lib/import_hooks.py", line 182, in _exec_module
    self.loader.exec_module(module)
  File "/home/20250572/TabPFN-TS_for_Bike_Demand_Forecasting/.venv/lib/python3.12/site-packages/pytorch_lightning/__init__.py", line 35, in <module>
    from pytorch_lightning.callbacks import Callback  # noqa: E402
    ^^^^^^^^^^^^^^^^^^^^^^^^^^^^^^^^^^^^^^^^^^^^^^^^
  File "/home/20250572/TabPFN-TS_for_Bike_Demand_Forecasting/.venv/lib/python3.12/site-packages/pytorch_lightning/callbacks/__init__.py", line 28, in <module>
    from pytorch_lightning.callbacks.pruning import ModelPruning
  File "/home/20250572/TabPFN-TS_for_Bike_Demand_Forecasting/.venv/lib/python3.12/site-packages/pytorch_lightning/callbacks/pruning.py", line 31, in <module>
    from pytorch_lightning.core.module import LightningModule
  File "/home/20250572/TabPFN-TS_for_Bike_Demand_Forecasting/.venv/lib/python3.12/site-packages/pytorch_lightning/core/__init__.py", line 16, in <module>
    from pytorch_lightning.core.module import LightningModule
  File "/home/20250572/TabPFN-TS_for_Bike_Demand_Forecasting/.venv/lib/python3.12/site-packages/pytorch_lightning/core/module.py", line 32, in <module>
    import lightning_fabric as lf
  File "/home/20250572/TabPFN-TS_for_Bike_Demand_Forecasting/.venv/lib/python3.12/site-packages/wandb/sdk/lib/import_hooks.py", line 182, in _exec_module
    self.loader.exec_module(module)
  File "/home/20250572/TabPFN-TS_for_Bike_Demand_Forecasting/.venv/lib/python3.12/site-packages/lightning_fabric/__init__.py", line 29, in <module>
    __import__("pkg_resources").declare_namespace(__name__)
    ^^^^^^^^^^^^^^^^^^^^^^^^^^^
ModuleNotFoundError: No module named 'pkg_resources'

================================================================================
[2026-03-17 18:41:17] ERROR: Error in NeuralProphet h=48 fold=17: No module named 'pkg_resources'
================================================================================
Traceback (most recent call last):
  File "/home/20250572/TabPFN-TS_for_Bike_Demand_Forecasting/forecasting/run_experiments.py", line 184, in run_single_experiment
    model.fit(y_train, X_train)
  File "/home/20250572/TabPFN-TS_for_Bike_Demand_Forecasting/forecasting/models/prophet_models.py", line 118, in fit
    from neuralprophet import NeuralProphet
  File "/home/20250572/TabPFN-TS_for_Bike_Demand_Forecasting/.venv/lib/python3.12/site-packages/neuralprophet/__init__.py", line 4, in <module>
    import pytorch_lightning as pl
  File "/home/20250572/TabPFN-TS_for_Bike_Demand_Forecasting/.venv/lib/python3.12/site-packages/wandb/sdk/lib/import_hooks.py", line 182, in _exec_module
    self.loader.exec_module(module)
  File "/home/20250572/TabPFN-TS_for_Bike_Demand_Forecasting/.venv/lib/python3.12/site-packages/pytorch_lightning/__init__.py", line 35, in <module>
    from pytorch_lightning.callbacks import Callback  # noqa: E402
    ^^^^^^^^^^^^^^^^^^^^^^^^^^^^^^^^^^^^^^^^^^^^^^^^
  File "/home/20250572/TabPFN-TS_for_Bike_Demand_Forecasting/.venv/lib/python3.12/site-packages/pytorch_lightning/callbacks/__init__.py", line 28, in <module>
    from pytorch_lightning.callbacks.pruning import ModelPruning
  File "/home/20250572/TabPFN-TS_for_Bike_Demand_Forecasting/.venv/lib/python3.12/site-packages/pytorch_lightning/callbacks/pruning.py", line 31, in <module>
    from pytorch_lightning.core.module import LightningModule
  File "/home/20250572/TabPFN-TS_for_Bike_Demand_Forecasting/.venv/lib/python3.12/site-packages/pytorch_lightning/core/__init__.py", line 16, in <module>
    from pytorch_lightning.core.module import LightningModule
  File "/home/20250572/TabPFN-TS_for_Bike_Demand_Forecasting/.venv/lib/python3.12/site-packages/pytorch_lightning/core/module.py", line 32, in <module>
    import lightning_fabric as lf
  File "/home/20250572/TabPFN-TS_for_Bike_Demand_Forecasting/.venv/lib/python3.12/site-packages/wandb/sdk/lib/import_hooks.py", line 182, in _exec_module
    self.loader.exec_module(module)
  File "/home/20250572/TabPFN-TS_for_Bike_Demand_Forecasting/.venv/lib/python3.12/site-packages/lightning_fabric/__init__.py", line 29, in <module>
    __import__("pkg_resources").declare_namespace(__name__)
    ^^^^^^^^^^^^^^^^^^^^^^^^^^^
ModuleNotFoundError: No module named 'pkg_resources'

================================================================================
[2026-03-17 18:41:17] ERROR: Error in NeuralProphet h=48 fold=18: No module named 'pkg_resources'
================================================================================
Traceback (most recent call last):
  File "/home/20250572/TabPFN-TS_for_Bike_Demand_Forecasting/forecasting/run_experiments.py", line 184, in run_single_experiment
    model.fit(y_train, X_train)
  File "/home/20250572/TabPFN-TS_for_Bike_Demand_Forecasting/forecasting/models/prophet_models.py", line 118, in fit
    from neuralprophet import NeuralProphet
  File "/home/20250572/TabPFN-TS_for_Bike_Demand_Forecasting/.venv/lib/python3.12/site-packages/neuralprophet/__init__.py", line 4, in <module>
    import pytorch_lightning as pl
  File "/home/20250572/TabPFN-TS_for_Bike_Demand_Forecasting/.venv/lib/python3.12/site-packages/wandb/sdk/lib/import_hooks.py", line 182, in _exec_module
    self.loader.exec_module(module)
  File "/home/20250572/TabPFN-TS_for_Bike_Demand_Forecasting/.venv/lib/python3.12/site-packages/pytorch_lightning/__init__.py", line 35, in <module>
    from pytorch_lightning.callbacks import Callback  # noqa: E402
    ^^^^^^^^^^^^^^^^^^^^^^^^^^^^^^^^^^^^^^^^^^^^^^^^
  File "/home/20250572/TabPFN-TS_for_Bike_Demand_Forecasting/.venv/lib/python3.12/site-packages/pytorch_lightning/callbacks/__init__.py", line 28, in <module>
    from pytorch_lightning.callbacks.pruning import ModelPruning
  File "/home/20250572/TabPFN-TS_for_Bike_Demand_Forecasting/.venv/lib/python3.12/site-packages/pytorch_lightning/callbacks/pruning.py", line 31, in <module>
    from pytorch_lightning.core.module import LightningModule
  File "/home/20250572/TabPFN-TS_for_Bike_Demand_Forecasting/.venv/lib/python3.12/site-packages/pytorch_lightning/core/__init__.py", line 16, in <module>
    from pytorch_lightning.core.module import LightningModule
  File "/home/20250572/TabPFN-TS_for_Bike_Demand_Forecasting/.venv/lib/python3.12/site-packages/pytorch_lightning/core/module.py", line 32, in <module>
    import lightning_fabric as lf
  File "/home/20250572/TabPFN-TS_for_Bike_Demand_Forecasting/.venv/lib/python3.12/site-packages/wandb/sdk/lib/import_hooks.py", line 182, in _exec_module
    self.loader.exec_module(module)
  File "/home/20250572/TabPFN-TS_for_Bike_Demand_Forecasting/.venv/lib/python3.12/site-packages/lightning_fabric/__init__.py", line 29, in <module>
    __import__("pkg_resources").declare_namespace(__name__)
    ^^^^^^^^^^^^^^^^^^^^^^^^^^^
ModuleNotFoundError: No module named 'pkg_resources'

================================================================================
[2026-03-17 18:41:17] ERROR: Error in NeuralProphet h=48 fold=19: No module named 'pkg_resources'
================================================================================
Traceback (most recent call last):
  File "/home/20250572/TabPFN-TS_for_Bike_Demand_Forecasting/forecasting/run_experiments.py", line 184, in run_single_experiment
    model.fit(y_train, X_train)
  File "/home/20250572/TabPFN-TS_for_Bike_Demand_Forecasting/forecasting/models/prophet_models.py", line 118, in fit
    from neuralprophet import NeuralProphet
  File "/home/20250572/TabPFN-TS_for_Bike_Demand_Forecasting/.venv/lib/python3.12/site-packages/neuralprophet/__init__.py", line 4, in <module>
    import pytorch_lightning as pl
  File "/home/20250572/TabPFN-TS_for_Bike_Demand_Forecasting/.venv/lib/python3.12/site-packages/wandb/sdk/lib/import_hooks.py", line 182, in _exec_module
    self.loader.exec_module(module)
  File "/home/20250572/TabPFN-TS_for_Bike_Demand_Forecasting/.venv/lib/python3.12/site-packages/pytorch_lightning/__init__.py", line 35, in <module>
    from pytorch_lightning.callbacks import Callback  # noqa: E402
    ^^^^^^^^^^^^^^^^^^^^^^^^^^^^^^^^^^^^^^^^^^^^^^^^
  File "/home/20250572/TabPFN-TS_for_Bike_Demand_Forecasting/.venv/lib/python3.12/site-packages/pytorch_lightning/callbacks/__init__.py", line 28, in <module>
    from pytorch_lightning.callbacks.pruning import ModelPruning
  File "/home/20250572/TabPFN-TS_for_Bike_Demand_Forecasting/.venv/lib/python3.12/site-packages/pytorch_lightning/callbacks/pruning.py", line 31, in <module>
    from pytorch_lightning.core.module import LightningModule
  File "/home/20250572/TabPFN-TS_for_Bike_Demand_Forecasting/.venv/lib/python3.12/site-packages/pytorch_lightning/core/__init__.py", line 16, in <module>
    from pytorch_lightning.core.module import LightningModule
  File "/home/20250572/TabPFN-TS_for_Bike_Demand_Forecasting/.venv/lib/python3.12/site-packages/pytorch_lightning/core/module.py", line 32, in <module>
    import lightning_fabric as lf
  File "/home/20250572/TabPFN-TS_for_Bike_Demand_Forecasting/.venv/lib/python3.12/site-packages/wandb/sdk/lib/import_hooks.py", line 182, in _exec_module
    self.loader.exec_module(module)
  File "/home/20250572/TabPFN-TS_for_Bike_Demand_Forecasting/.venv/lib/python3.12/site-packages/lightning_fabric/__init__.py", line 29, in <module>
    __import__("pkg_resources").declare_namespace(__name__)
    ^^^^^^^^^^^^^^^^^^^^^^^^^^^
ModuleNotFoundError: No module named 'pkg_resources'

================================================================================
[2026-03-17 18:41:17] ERROR: Error in NeuralProphet h=168 fold=0: No module named 'pkg_resources'
================================================================================
Traceback (most recent call last):
  File "/home/20250572/TabPFN-TS_for_Bike_Demand_Forecasting/forecasting/run_experiments.py", line 184, in run_single_experiment
    model.fit(y_train, X_train)
  File "/home/20250572/TabPFN-TS_for_Bike_Demand_Forecasting/forecasting/models/prophet_models.py", line 118, in fit
    from neuralprophet import NeuralProphet
  File "/home/20250572/TabPFN-TS_for_Bike_Demand_Forecasting/.venv/lib/python3.12/site-packages/neuralprophet/__init__.py", line 4, in <module>
    import pytorch_lightning as pl
  File "/home/20250572/TabPFN-TS_for_Bike_Demand_Forecasting/.venv/lib/python3.12/site-packages/wandb/sdk/lib/import_hooks.py", line 182, in _exec_module
    self.loader.exec_module(module)
  File "/home/20250572/TabPFN-TS_for_Bike_Demand_Forecasting/.venv/lib/python3.12/site-packages/pytorch_lightning/__init__.py", line 35, in <module>
    from pytorch_lightning.callbacks import Callback  # noqa: E402
    ^^^^^^^^^^^^^^^^^^^^^^^^^^^^^^^^^^^^^^^^^^^^^^^^
  File "/home/20250572/TabPFN-TS_for_Bike_Demand_Forecasting/.venv/lib/python3.12/site-packages/pytorch_lightning/callbacks/__init__.py", line 28, in <module>
    from pytorch_lightning.callbacks.pruning import ModelPruning
  File "/home/20250572/TabPFN-TS_for_Bike_Demand_Forecasting/.venv/lib/python3.12/site-packages/pytorch_lightning/callbacks/pruning.py", line 31, in <module>
    from pytorch_lightning.core.module import LightningModule
  File "/home/20250572/TabPFN-TS_for_Bike_Demand_Forecasting/.venv/lib/python3.12/site-packages/pytorch_lightning/core/__init__.py", line 16, in <module>
    from pytorch_lightning.core.module import LightningModule
  File "/home/20250572/TabPFN-TS_for_Bike_Demand_Forecasting/.venv/lib/python3.12/site-packages/pytorch_lightning/core/module.py", line 32, in <module>
    import lightning_fabric as lf
  File "/home/20250572/TabPFN-TS_for_Bike_Demand_Forecasting/.venv/lib/python3.12/site-packages/wandb/sdk/lib/import_hooks.py", line 182, in _exec_module
    self.loader.exec_module(module)
  File "/home/20250572/TabPFN-TS_for_Bike_Demand_Forecasting/.venv/lib/python3.12/site-packages/lightning_fabric/__init__.py", line 29, in <module>
    __import__("pkg_resources").declare_namespace(__name__)
    ^^^^^^^^^^^^^^^^^^^^^^^^^^^
ModuleNotFoundError: No module named 'pkg_resources'

================================================================================
[2026-03-17 18:41:17] ERROR: Error in NeuralProphet h=168 fold=1: No module named 'pkg_resources'
================================================================================
Traceback (most recent call last):
  File "/home/20250572/TabPFN-TS_for_Bike_Demand_Forecasting/forecasting/run_experiments.py", line 184, in run_single_experiment
    model.fit(y_train, X_train)
  File "/home/20250572/TabPFN-TS_for_Bike_Demand_Forecasting/forecasting/models/prophet_models.py", line 118, in fit
    from neuralprophet import NeuralProphet
  File "/home/20250572/TabPFN-TS_for_Bike_Demand_Forecasting/.venv/lib/python3.12/site-packages/neuralprophet/__init__.py", line 4, in <module>
    import pytorch_lightning as pl
  File "/home/20250572/TabPFN-TS_for_Bike_Demand_Forecasting/.venv/lib/python3.12/site-packages/wandb/sdk/lib/import_hooks.py", line 182, in _exec_module
    self.loader.exec_module(module)
  File "/home/20250572/TabPFN-TS_for_Bike_Demand_Forecasting/.venv/lib/python3.12/site-packages/pytorch_lightning/__init__.py", line 35, in <module>
    from pytorch_lightning.callbacks import Callback  # noqa: E402
    ^^^^^^^^^^^^^^^^^^^^^^^^^^^^^^^^^^^^^^^^^^^^^^^^
  File "/home/20250572/TabPFN-TS_for_Bike_Demand_Forecasting/.venv/lib/python3.12/site-packages/pytorch_lightning/callbacks/__init__.py", line 28, in <module>
    from pytorch_lightning.callbacks.pruning import ModelPruning
  File "/home/20250572/TabPFN-TS_for_Bike_Demand_Forecasting/.venv/lib/python3.12/site-packages/pytorch_lightning/callbacks/pruning.py", line 31, in <module>
    from pytorch_lightning.core.module import LightningModule
  File "/home/20250572/TabPFN-TS_for_Bike_Demand_Forecasting/.venv/lib/python3.12/site-packages/pytorch_lightning/core/__init__.py", line 16, in <module>
    from pytorch_lightning.core.module import LightningModule
  File "/home/20250572/TabPFN-TS_for_Bike_Demand_Forecasting/.venv/lib/python3.12/site-packages/pytorch_lightning/core/module.py", line 32, in <module>
    import lightning_fabric as lf
  File "/home/20250572/TabPFN-TS_for_Bike_Demand_Forecasting/.venv/lib/python3.12/site-packages/wandb/sdk/lib/import_hooks.py", line 182, in _exec_module
    self.loader.exec_module(module)
  File "/home/20250572/TabPFN-TS_for_Bike_Demand_Forecasting/.venv/lib/python3.12/site-packages/lightning_fabric/__init__.py", line 29, in <module>
    __import__("pkg_resources").declare_namespace(__name__)
    ^^^^^^^^^^^^^^^^^^^^^^^^^^^
ModuleNotFoundError: No module named 'pkg_resources'

================================================================================
[2026-03-17 18:41:17] ERROR: Error in NeuralProphet h=168 fold=2: No module named 'pkg_resources'
================================================================================
Traceback (most recent call last):
  File "/home/20250572/TabPFN-TS_for_Bike_Demand_Forecasting/forecasting/run_experiments.py", line 184, in run_single_experiment
    model.fit(y_train, X_train)
  File "/home/20250572/TabPFN-TS_for_Bike_Demand_Forecasting/forecasting/models/prophet_models.py", line 118, in fit
    from neuralprophet import NeuralProphet
  File "/home/20250572/TabPFN-TS_for_Bike_Demand_Forecasting/.venv/lib/python3.12/site-packages/neuralprophet/__init__.py", line 4, in <module>
    import pytorch_lightning as pl
  File "/home/20250572/TabPFN-TS_for_Bike_Demand_Forecasting/.venv/lib/python3.12/site-packages/wandb/sdk/lib/import_hooks.py", line 182, in _exec_module
    self.loader.exec_module(module)
  File "/home/20250572/TabPFN-TS_for_Bike_Demand_Forecasting/.venv/lib/python3.12/site-packages/pytorch_lightning/__init__.py", line 35, in <module>
    from pytorch_lightning.callbacks import Callback  # noqa: E402
    ^^^^^^^^^^^^^^^^^^^^^^^^^^^^^^^^^^^^^^^^^^^^^^^^
  File "/home/20250572/TabPFN-TS_for_Bike_Demand_Forecasting/.venv/lib/python3.12/site-packages/pytorch_lightning/callbacks/__init__.py", line 28, in <module>
    from pytorch_lightning.callbacks.pruning import ModelPruning
  File "/home/20250572/TabPFN-TS_for_Bike_Demand_Forecasting/.venv/lib/python3.12/site-packages/pytorch_lightning/callbacks/pruning.py", line 31, in <module>
    from pytorch_lightning.core.module import LightningModule
  File "/home/20250572/TabPFN-TS_for_Bike_Demand_Forecasting/.venv/lib/python3.12/site-packages/pytorch_lightning/core/__init__.py", line 16, in <module>
    from pytorch_lightning.core.module import LightningModule
  File "/home/20250572/TabPFN-TS_for_Bike_Demand_Forecasting/.venv/lib/python3.12/site-packages/pytorch_lightning/core/module.py", line 32, in <module>
    import lightning_fabric as lf
  File "/home/20250572/TabPFN-TS_for_Bike_Demand_Forecasting/.venv/lib/python3.12/site-packages/wandb/sdk/lib/import_hooks.py", line 182, in _exec_module
    self.loader.exec_module(module)
  File "/home/20250572/TabPFN-TS_for_Bike_Demand_Forecasting/.venv/lib/python3.12/site-packages/lightning_fabric/__init__.py", line 29, in <module>
    __import__("pkg_resources").declare_namespace(__name__)
    ^^^^^^^^^^^^^^^^^^^^^^^^^^^
ModuleNotFoundError: No module named 'pkg_resources'

================================================================================
[2026-03-17 18:41:17] ERROR: Error in NeuralProphet h=168 fold=3: No module named 'pkg_resources'
================================================================================
Traceback (most recent call last):
  File "/home/20250572/TabPFN-TS_for_Bike_Demand_Forecasting/forecasting/run_experiments.py", line 184, in run_single_experiment
    model.fit(y_train, X_train)
  File "/home/20250572/TabPFN-TS_for_Bike_Demand_Forecasting/forecasting/models/prophet_models.py", line 118, in fit
    from neuralprophet import NeuralProphet
  File "/home/20250572/TabPFN-TS_for_Bike_Demand_Forecasting/.venv/lib/python3.12/site-packages/neuralprophet/__init__.py", line 4, in <module>
    import pytorch_lightning as pl
  File "/home/20250572/TabPFN-TS_for_Bike_Demand_Forecasting/.venv/lib/python3.12/site-packages/wandb/sdk/lib/import_hooks.py", line 182, in _exec_module
    self.loader.exec_module(module)
  File "/home/20250572/TabPFN-TS_for_Bike_Demand_Forecasting/.venv/lib/python3.12/site-packages/pytorch_lightning/__init__.py", line 35, in <module>
    from pytorch_lightning.callbacks import Callback  # noqa: E402
    ^^^^^^^^^^^^^^^^^^^^^^^^^^^^^^^^^^^^^^^^^^^^^^^^
  File "/home/20250572/TabPFN-TS_for_Bike_Demand_Forecasting/.venv/lib/python3.12/site-packages/pytorch_lightning/callbacks/__init__.py", line 28, in <module>
    from pytorch_lightning.callbacks.pruning import ModelPruning
  File "/home/20250572/TabPFN-TS_for_Bike_Demand_Forecasting/.venv/lib/python3.12/site-packages/pytorch_lightning/callbacks/pruning.py", line 31, in <module>
    from pytorch_lightning.core.module import LightningModule
  File "/home/20250572/TabPFN-TS_for_Bike_Demand_Forecasting/.venv/lib/python3.12/site-packages/pytorch_lightning/core/__init__.py", line 16, in <module>
    from pytorch_lightning.core.module import LightningModule
  File "/home/20250572/TabPFN-TS_for_Bike_Demand_Forecasting/.venv/lib/python3.12/site-packages/pytorch_lightning/core/module.py", line 32, in <module>
    import lightning_fabric as lf
  File "/home/20250572/TabPFN-TS_for_Bike_Demand_Forecasting/.venv/lib/python3.12/site-packages/wandb/sdk/lib/import_hooks.py", line 182, in _exec_module
    self.loader.exec_module(module)
  File "/home/20250572/TabPFN-TS_for_Bike_Demand_Forecasting/.venv/lib/python3.12/site-packages/lightning_fabric/__init__.py", line 29, in <module>
    __import__("pkg_resources").declare_namespace(__name__)
    ^^^^^^^^^^^^^^^^^^^^^^^^^^^
ModuleNotFoundError: No module named 'pkg_resources'

================================================================================
[2026-03-17 18:41:17] ERROR: Error in NeuralProphet h=168 fold=4: No module named 'pkg_resources'
================================================================================
Traceback (most recent call last):
  File "/home/20250572/TabPFN-TS_for_Bike_Demand_Forecasting/forecasting/run_experiments.py", line 184, in run_single_experiment
    model.fit(y_train, X_train)
  File "/home/20250572/TabPFN-TS_for_Bike_Demand_Forecasting/forecasting/models/prophet_models.py", line 118, in fit
    from neuralprophet import NeuralProphet
  File "/home/20250572/TabPFN-TS_for_Bike_Demand_Forecasting/.venv/lib/python3.12/site-packages/neuralprophet/__init__.py", line 4, in <module>
    import pytorch_lightning as pl
  File "/home/20250572/TabPFN-TS_for_Bike_Demand_Forecasting/.venv/lib/python3.12/site-packages/wandb/sdk/lib/import_hooks.py", line 182, in _exec_module
    self.loader.exec_module(module)
  File "/home/20250572/TabPFN-TS_for_Bike_Demand_Forecasting/.venv/lib/python3.12/site-packages/pytorch_lightning/__init__.py", line 35, in <module>
    from pytorch_lightning.callbacks import Callback  # noqa: E402
    ^^^^^^^^^^^^^^^^^^^^^^^^^^^^^^^^^^^^^^^^^^^^^^^^
  File "/home/20250572/TabPFN-TS_for_Bike_Demand_Forecasting/.venv/lib/python3.12/site-packages/pytorch_lightning/callbacks/__init__.py", line 28, in <module>
    from pytorch_lightning.callbacks.pruning import ModelPruning
  File "/home/20250572/TabPFN-TS_for_Bike_Demand_Forecasting/.venv/lib/python3.12/site-packages/pytorch_lightning/callbacks/pruning.py", line 31, in <module>
    from pytorch_lightning.core.module import LightningModule
  File "/home/20250572/TabPFN-TS_for_Bike_Demand_Forecasting/.venv/lib/python3.12/site-packages/pytorch_lightning/core/__init__.py", line 16, in <module>
    from pytorch_lightning.core.module import LightningModule
  File "/home/20250572/TabPFN-TS_for_Bike_Demand_Forecasting/.venv/lib/python3.12/site-packages/pytorch_lightning/core/module.py", line 32, in <module>
    import lightning_fabric as lf
  File "/home/20250572/TabPFN-TS_for_Bike_Demand_Forecasting/.venv/lib/python3.12/site-packages/wandb/sdk/lib/import_hooks.py", line 182, in _exec_module
    self.loader.exec_module(module)
  File "/home/20250572/TabPFN-TS_for_Bike_Demand_Forecasting/.venv/lib/python3.12/site-packages/lightning_fabric/__init__.py", line 29, in <module>
    __import__("pkg_resources").declare_namespace(__name__)
    ^^^^^^^^^^^^^^^^^^^^^^^^^^^
ModuleNotFoundError: No module named 'pkg_resources'

================================================================================
[2026-03-17 18:41:17] ERROR: Error in NeuralProphet h=168 fold=5: No module named 'pkg_resources'
================================================================================
Traceback (most recent call last):
  File "/home/20250572/TabPFN-TS_for_Bike_Demand_Forecasting/forecasting/run_experiments.py", line 184, in run_single_experiment
    model.fit(y_train, X_train)
  File "/home/20250572/TabPFN-TS_for_Bike_Demand_Forecasting/forecasting/models/prophet_models.py", line 118, in fit
    from neuralprophet import NeuralProphet
  File "/home/20250572/TabPFN-TS_for_Bike_Demand_Forecasting/.venv/lib/python3.12/site-packages/neuralprophet/__init__.py", line 4, in <module>
    import pytorch_lightning as pl
  File "/home/20250572/TabPFN-TS_for_Bike_Demand_Forecasting/.venv/lib/python3.12/site-packages/wandb/sdk/lib/import_hooks.py", line 182, in _exec_module
    self.loader.exec_module(module)
  File "/home/20250572/TabPFN-TS_for_Bike_Demand_Forecasting/.venv/lib/python3.12/site-packages/pytorch_lightning/__init__.py", line 35, in <module>
    from pytorch_lightning.callbacks import Callback  # noqa: E402
    ^^^^^^^^^^^^^^^^^^^^^^^^^^^^^^^^^^^^^^^^^^^^^^^^
  File "/home/20250572/TabPFN-TS_for_Bike_Demand_Forecasting/.venv/lib/python3.12/site-packages/pytorch_lightning/callbacks/__init__.py", line 28, in <module>
    from pytorch_lightning.callbacks.pruning import ModelPruning
  File "/home/20250572/TabPFN-TS_for_Bike_Demand_Forecasting/.venv/lib/python3.12/site-packages/pytorch_lightning/callbacks/pruning.py", line 31, in <module>
    from pytorch_lightning.core.module import LightningModule
  File "/home/20250572/TabPFN-TS_for_Bike_Demand_Forecasting/.venv/lib/python3.12/site-packages/pytorch_lightning/core/__init__.py", line 16, in <module>
    from pytorch_lightning.core.module import LightningModule
  File "/home/20250572/TabPFN-TS_for_Bike_Demand_Forecasting/.venv/lib/python3.12/site-packages/pytorch_lightning/core/module.py", line 32, in <module>
    import lightning_fabric as lf
  File "/home/20250572/TabPFN-TS_for_Bike_Demand_Forecasting/.venv/lib/python3.12/site-packages/wandb/sdk/lib/import_hooks.py", line 182, in _exec_module
    self.loader.exec_module(module)
  File "/home/20250572/TabPFN-TS_for_Bike_Demand_Forecasting/.venv/lib/python3.12/site-packages/lightning_fabric/__init__.py", line 29, in <module>
    __import__("pkg_resources").declare_namespace(__name__)
    ^^^^^^^^^^^^^^^^^^^^^^^^^^^
ModuleNotFoundError: No module named 'pkg_resources'

================================================================================
[2026-03-17 18:41:17] ERROR: Error in NeuralProphet h=168 fold=6: No module named 'pkg_resources'
================================================================================
Traceback (most recent call last):
  File "/home/20250572/TabPFN-TS_for_Bike_Demand_Forecasting/forecasting/run_experiments.py", line 184, in run_single_experiment
    model.fit(y_train, X_train)
  File "/home/20250572/TabPFN-TS_for_Bike_Demand_Forecasting/forecasting/models/prophet_models.py", line 118, in fit
    from neuralprophet import NeuralProphet
  File "/home/20250572/TabPFN-TS_for_Bike_Demand_Forecasting/.venv/lib/python3.12/site-packages/neuralprophet/__init__.py", line 4, in <module>
    import pytorch_lightning as pl
  File "/home/20250572/TabPFN-TS_for_Bike_Demand_Forecasting/.venv/lib/python3.12/site-packages/wandb/sdk/lib/import_hooks.py", line 182, in _exec_module
    self.loader.exec_module(module)
  File "/home/20250572/TabPFN-TS_for_Bike_Demand_Forecasting/.venv/lib/python3.12/site-packages/pytorch_lightning/__init__.py", line 35, in <module>
    from pytorch_lightning.callbacks import Callback  # noqa: E402
    ^^^^^^^^^^^^^^^^^^^^^^^^^^^^^^^^^^^^^^^^^^^^^^^^
  File "/home/20250572/TabPFN-TS_for_Bike_Demand_Forecasting/.venv/lib/python3.12/site-packages/pytorch_lightning/callbacks/__init__.py", line 28, in <module>
    from pytorch_lightning.callbacks.pruning import ModelPruning
  File "/home/20250572/TabPFN-TS_for_Bike_Demand_Forecasting/.venv/lib/python3.12/site-packages/pytorch_lightning/callbacks/pruning.py", line 31, in <module>
    from pytorch_lightning.core.module import LightningModule
  File "/home/20250572/TabPFN-TS_for_Bike_Demand_Forecasting/.venv/lib/python3.12/site-packages/pytorch_lightning/core/__init__.py", line 16, in <module>
    from pytorch_lightning.core.module import LightningModule
  File "/home/20250572/TabPFN-TS_for_Bike_Demand_Forecasting/.venv/lib/python3.12/site-packages/pytorch_lightning/core/module.py", line 32, in <module>
    import lightning_fabric as lf
  File "/home/20250572/TabPFN-TS_for_Bike_Demand_Forecasting/.venv/lib/python3.12/site-packages/wandb/sdk/lib/import_hooks.py", line 182, in _exec_module
    self.loader.exec_module(module)
  File "/home/20250572/TabPFN-TS_for_Bike_Demand_Forecasting/.venv/lib/python3.12/site-packages/lightning_fabric/__init__.py", line 29, in <module>
    __import__("pkg_resources").declare_namespace(__name__)
    ^^^^^^^^^^^^^^^^^^^^^^^^^^^
ModuleNotFoundError: No module named 'pkg_resources'

================================================================================
[2026-03-17 18:41:17] ERROR: Error in NeuralProphet h=168 fold=7: No module named 'pkg_resources'
================================================================================
Traceback (most recent call last):
  File "/home/20250572/TabPFN-TS_for_Bike_Demand_Forecasting/forecasting/run_experiments.py", line 184, in run_single_experiment
    model.fit(y_train, X_train)
  File "/home/20250572/TabPFN-TS_for_Bike_Demand_Forecasting/forecasting/models/prophet_models.py", line 118, in fit
    from neuralprophet import NeuralProphet
  File "/home/20250572/TabPFN-TS_for_Bike_Demand_Forecasting/.venv/lib/python3.12/site-packages/neuralprophet/__init__.py", line 4, in <module>
    import pytorch_lightning as pl
  File "/home/20250572/TabPFN-TS_for_Bike_Demand_Forecasting/.venv/lib/python3.12/site-packages/wandb/sdk/lib/import_hooks.py", line 182, in _exec_module
    self.loader.exec_module(module)
  File "/home/20250572/TabPFN-TS_for_Bike_Demand_Forecasting/.venv/lib/python3.12/site-packages/pytorch_lightning/__init__.py", line 35, in <module>
    from pytorch_lightning.callbacks import Callback  # noqa: E402
    ^^^^^^^^^^^^^^^^^^^^^^^^^^^^^^^^^^^^^^^^^^^^^^^^
  File "/home/20250572/TabPFN-TS_for_Bike_Demand_Forecasting/.venv/lib/python3.12/site-packages/pytorch_lightning/callbacks/__init__.py", line 28, in <module>
    from pytorch_lightning.callbacks.pruning import ModelPruning
  File "/home/20250572/TabPFN-TS_for_Bike_Demand_Forecasting/.venv/lib/python3.12/site-packages/pytorch_lightning/callbacks/pruning.py", line 31, in <module>
    from pytorch_lightning.core.module import LightningModule
  File "/home/20250572/TabPFN-TS_for_Bike_Demand_Forecasting/.venv/lib/python3.12/site-packages/pytorch_lightning/core/__init__.py", line 16, in <module>
    from pytorch_lightning.core.module import LightningModule
  File "/home/20250572/TabPFN-TS_for_Bike_Demand_Forecasting/.venv/lib/python3.12/site-packages/pytorch_lightning/core/module.py", line 32, in <module>
    import lightning_fabric as lf
  File "/home/20250572/TabPFN-TS_for_Bike_Demand_Forecasting/.venv/lib/python3.12/site-packages/wandb/sdk/lib/import_hooks.py", line 182, in _exec_module
    self.loader.exec_module(module)
  File "/home/20250572/TabPFN-TS_for_Bike_Demand_Forecasting/.venv/lib/python3.12/site-packages/lightning_fabric/__init__.py", line 29, in <module>
    __import__("pkg_resources").declare_namespace(__name__)
    ^^^^^^^^^^^^^^^^^^^^^^^^^^^
ModuleNotFoundError: No module named 'pkg_resources'

================================================================================
[2026-03-17 18:41:17] ERROR: Error in NeuralProphet h=168 fold=8: No module named 'pkg_resources'
================================================================================
Traceback (most recent call last):
  File "/home/20250572/TabPFN-TS_for_Bike_Demand_Forecasting/forecasting/run_experiments.py", line 184, in run_single_experiment
    model.fit(y_train, X_train)
  File "/home/20250572/TabPFN-TS_for_Bike_Demand_Forecasting/forecasting/models/prophet_models.py", line 118, in fit
    from neuralprophet import NeuralProphet
  File "/home/20250572/TabPFN-TS_for_Bike_Demand_Forecasting/.venv/lib/python3.12/site-packages/neuralprophet/__init__.py", line 4, in <module>
    import pytorch_lightning as pl
  File "/home/20250572/TabPFN-TS_for_Bike_Demand_Forecasting/.venv/lib/python3.12/site-packages/wandb/sdk/lib/import_hooks.py", line 182, in _exec_module
    self.loader.exec_module(module)
  File "/home/20250572/TabPFN-TS_for_Bike_Demand_Forecasting/.venv/lib/python3.12/site-packages/pytorch_lightning/__init__.py", line 35, in <module>
    from pytorch_lightning.callbacks import Callback  # noqa: E402
    ^^^^^^^^^^^^^^^^^^^^^^^^^^^^^^^^^^^^^^^^^^^^^^^^
  File "/home/20250572/TabPFN-TS_for_Bike_Demand_Forecasting/.venv/lib/python3.12/site-packages/pytorch_lightning/callbacks/__init__.py", line 28, in <module>
    from pytorch_lightning.callbacks.pruning import ModelPruning
  File "/home/20250572/TabPFN-TS_for_Bike_Demand_Forecasting/.venv/lib/python3.12/site-packages/pytorch_lightning/callbacks/pruning.py", line 31, in <module>
    from pytorch_lightning.core.module import LightningModule
  File "/home/20250572/TabPFN-TS_for_Bike_Demand_Forecasting/.venv/lib/python3.12/site-packages/pytorch_lightning/core/__init__.py", line 16, in <module>
    from pytorch_lightning.core.module import LightningModule
  File "/home/20250572/TabPFN-TS_for_Bike_Demand_Forecasting/.venv/lib/python3.12/site-packages/pytorch_lightning/core/module.py", line 32, in <module>
    import lightning_fabric as lf
  File "/home/20250572/TabPFN-TS_for_Bike_Demand_Forecasting/.venv/lib/python3.12/site-packages/wandb/sdk/lib/import_hooks.py", line 182, in _exec_module
    self.loader.exec_module(module)
  File "/home/20250572/TabPFN-TS_for_Bike_Demand_Forecasting/.venv/lib/python3.12/site-packages/lightning_fabric/__init__.py", line 29, in <module>
    __import__("pkg_resources").declare_namespace(__name__)
    ^^^^^^^^^^^^^^^^^^^^^^^^^^^
ModuleNotFoundError: No module named 'pkg_resources'

================================================================================
[2026-03-17 18:41:17] ERROR: Error in NeuralProphet h=168 fold=9: No module named 'pkg_resources'
================================================================================
Traceback (most recent call last):
  File "/home/20250572/TabPFN-TS_for_Bike_Demand_Forecasting/forecasting/run_experiments.py", line 184, in run_single_experiment
    model.fit(y_train, X_train)
  File "/home/20250572/TabPFN-TS_for_Bike_Demand_Forecasting/forecasting/models/prophet_models.py", line 118, in fit
    from neuralprophet import NeuralProphet
  File "/home/20250572/TabPFN-TS_for_Bike_Demand_Forecasting/.venv/lib/python3.12/site-packages/neuralprophet/__init__.py", line 4, in <module>
    import pytorch_lightning as pl
  File "/home/20250572/TabPFN-TS_for_Bike_Demand_Forecasting/.venv/lib/python3.12/site-packages/wandb/sdk/lib/import_hooks.py", line 182, in _exec_module
    self.loader.exec_module(module)
  File "/home/20250572/TabPFN-TS_for_Bike_Demand_Forecasting/.venv/lib/python3.12/site-packages/pytorch_lightning/__init__.py", line 35, in <module>
    from pytorch_lightning.callbacks import Callback  # noqa: E402
    ^^^^^^^^^^^^^^^^^^^^^^^^^^^^^^^^^^^^^^^^^^^^^^^^
  File "/home/20250572/TabPFN-TS_for_Bike_Demand_Forecasting/.venv/lib/python3.12/site-packages/pytorch_lightning/callbacks/__init__.py", line 28, in <module>
    from pytorch_lightning.callbacks.pruning import ModelPruning
  File "/home/20250572/TabPFN-TS_for_Bike_Demand_Forecasting/.venv/lib/python3.12/site-packages/pytorch_lightning/callbacks/pruning.py", line 31, in <module>
    from pytorch_lightning.core.module import LightningModule
  File "/home/20250572/TabPFN-TS_for_Bike_Demand_Forecasting/.venv/lib/python3.12/site-packages/pytorch_lightning/core/__init__.py", line 16, in <module>
    from pytorch_lightning.core.module import LightningModule
  File "/home/20250572/TabPFN-TS_for_Bike_Demand_Forecasting/.venv/lib/python3.12/site-packages/pytorch_lightning/core/module.py", line 32, in <module>
    import lightning_fabric as lf
  File "/home/20250572/TabPFN-TS_for_Bike_Demand_Forecasting/.venv/lib/python3.12/site-packages/wandb/sdk/lib/import_hooks.py", line 182, in _exec_module
    self.loader.exec_module(module)
  File "/home/20250572/TabPFN-TS_for_Bike_Demand_Forecasting/.venv/lib/python3.12/site-packages/lightning_fabric/__init__.py", line 29, in <module>
    __import__("pkg_resources").declare_namespace(__name__)
    ^^^^^^^^^^^^^^^^^^^^^^^^^^^
ModuleNotFoundError: No module named 'pkg_resources'

================================================================================
[2026-03-17 18:41:17] ERROR: Error in NeuralProphet h=168 fold=10: No module named 'pkg_resources'
================================================================================
Traceback (most recent call last):
  File "/home/20250572/TabPFN-TS_for_Bike_Demand_Forecasting/forecasting/run_experiments.py", line 184, in run_single_experiment
    model.fit(y_train, X_train)
  File "/home/20250572/TabPFN-TS_for_Bike_Demand_Forecasting/forecasting/models/prophet_models.py", line 118, in fit
    from neuralprophet import NeuralProphet
  File "/home/20250572/TabPFN-TS_for_Bike_Demand_Forecasting/.venv/lib/python3.12/site-packages/neuralprophet/__init__.py", line 4, in <module>
    import pytorch_lightning as pl
  File "/home/20250572/TabPFN-TS_for_Bike_Demand_Forecasting/.venv/lib/python3.12/site-packages/wandb/sdk/lib/import_hooks.py", line 182, in _exec_module
    self.loader.exec_module(module)
  File "/home/20250572/TabPFN-TS_for_Bike_Demand_Forecasting/.venv/lib/python3.12/site-packages/pytorch_lightning/__init__.py", line 35, in <module>
    from pytorch_lightning.callbacks import Callback  # noqa: E402
    ^^^^^^^^^^^^^^^^^^^^^^^^^^^^^^^^^^^^^^^^^^^^^^^^
  File "/home/20250572/TabPFN-TS_for_Bike_Demand_Forecasting/.venv/lib/python3.12/site-packages/pytorch_lightning/callbacks/__init__.py", line 28, in <module>
    from pytorch_lightning.callbacks.pruning import ModelPruning
  File "/home/20250572/TabPFN-TS_for_Bike_Demand_Forecasting/.venv/lib/python3.12/site-packages/pytorch_lightning/callbacks/pruning.py", line 31, in <module>
    from pytorch_lightning.core.module import LightningModule
  File "/home/20250572/TabPFN-TS_for_Bike_Demand_Forecasting/.venv/lib/python3.12/site-packages/pytorch_lightning/core/__init__.py", line 16, in <module>
    from pytorch_lightning.core.module import LightningModule
  File "/home/20250572/TabPFN-TS_for_Bike_Demand_Forecasting/.venv/lib/python3.12/site-packages/pytorch_lightning/core/module.py", line 32, in <module>
    import lightning_fabric as lf
  File "/home/20250572/TabPFN-TS_for_Bike_Demand_Forecasting/.venv/lib/python3.12/site-packages/wandb/sdk/lib/import_hooks.py", line 182, in _exec_module
    self.loader.exec_module(module)
  File "/home/20250572/TabPFN-TS_for_Bike_Demand_Forecasting/.venv/lib/python3.12/site-packages/lightning_fabric/__init__.py", line 29, in <module>
    __import__("pkg_resources").declare_namespace(__name__)
    ^^^^^^^^^^^^^^^^^^^^^^^^^^^
ModuleNotFoundError: No module named 'pkg_resources'

================================================================================
[2026-03-17 18:41:17] ERROR: Error in NeuralProphet h=168 fold=11: No module named 'pkg_resources'
================================================================================
Traceback (most recent call last):
  File "/home/20250572/TabPFN-TS_for_Bike_Demand_Forecasting/forecasting/run_experiments.py", line 184, in run_single_experiment
    model.fit(y_train, X_train)
  File "/home/20250572/TabPFN-TS_for_Bike_Demand_Forecasting/forecasting/models/prophet_models.py", line 118, in fit
    from neuralprophet import NeuralProphet
  File "/home/20250572/TabPFN-TS_for_Bike_Demand_Forecasting/.venv/lib/python3.12/site-packages/neuralprophet/__init__.py", line 4, in <module>
    import pytorch_lightning as pl
  File "/home/20250572/TabPFN-TS_for_Bike_Demand_Forecasting/.venv/lib/python3.12/site-packages/wandb/sdk/lib/import_hooks.py", line 182, in _exec_module
    self.loader.exec_module(module)
  File "/home/20250572/TabPFN-TS_for_Bike_Demand_Forecasting/.venv/lib/python3.12/site-packages/pytorch_lightning/__init__.py", line 35, in <module>
    from pytorch_lightning.callbacks import Callback  # noqa: E402
    ^^^^^^^^^^^^^^^^^^^^^^^^^^^^^^^^^^^^^^^^^^^^^^^^
  File "/home/20250572/TabPFN-TS_for_Bike_Demand_Forecasting/.venv/lib/python3.12/site-packages/pytorch_lightning/callbacks/__init__.py", line 28, in <module>
    from pytorch_lightning.callbacks.pruning import ModelPruning
  File "/home/20250572/TabPFN-TS_for_Bike_Demand_Forecasting/.venv/lib/python3.12/site-packages/pytorch_lightning/callbacks/pruning.py", line 31, in <module>
    from pytorch_lightning.core.module import LightningModule
  File "/home/20250572/TabPFN-TS_for_Bike_Demand_Forecasting/.venv/lib/python3.12/site-packages/pytorch_lightning/core/__init__.py", line 16, in <module>
    from pytorch_lightning.core.module import LightningModule
  File "/home/20250572/TabPFN-TS_for_Bike_Demand_Forecasting/.venv/lib/python3.12/site-packages/pytorch_lightning/core/module.py", line 32, in <module>
    import lightning_fabric as lf
  File "/home/20250572/TabPFN-TS_for_Bike_Demand_Forecasting/.venv/lib/python3.12/site-packages/wandb/sdk/lib/import_hooks.py", line 182, in _exec_module
    self.loader.exec_module(module)
  File "/home/20250572/TabPFN-TS_for_Bike_Demand_Forecasting/.venv/lib/python3.12/site-packages/lightning_fabric/__init__.py", line 29, in <module>
    __import__("pkg_resources").declare_namespace(__name__)
    ^^^^^^^^^^^^^^^^^^^^^^^^^^^
ModuleNotFoundError: No module named 'pkg_resources'

================================================================================
[2026-03-17 18:41:17] ERROR: Error in NeuralProphet h=168 fold=12: No module named 'pkg_resources'
================================================================================
Traceback (most recent call last):
  File "/home/20250572/TabPFN-TS_for_Bike_Demand_Forecasting/forecasting/run_experiments.py", line 184, in run_single_experiment
    model.fit(y_train, X_train)
  File "/home/20250572/TabPFN-TS_for_Bike_Demand_Forecasting/forecasting/models/prophet_models.py", line 118, in fit
    from neuralprophet import NeuralProphet
  File "/home/20250572/TabPFN-TS_for_Bike_Demand_Forecasting/.venv/lib/python3.12/site-packages/neuralprophet/__init__.py", line 4, in <module>
    import pytorch_lightning as pl
  File "/home/20250572/TabPFN-TS_for_Bike_Demand_Forecasting/.venv/lib/python3.12/site-packages/wandb/sdk/lib/import_hooks.py", line 182, in _exec_module
    self.loader.exec_module(module)
  File "/home/20250572/TabPFN-TS_for_Bike_Demand_Forecasting/.venv/lib/python3.12/site-packages/pytorch_lightning/__init__.py", line 35, in <module>
    from pytorch_lightning.callbacks import Callback  # noqa: E402
    ^^^^^^^^^^^^^^^^^^^^^^^^^^^^^^^^^^^^^^^^^^^^^^^^
  File "/home/20250572/TabPFN-TS_for_Bike_Demand_Forecasting/.venv/lib/python3.12/site-packages/pytorch_lightning/callbacks/__init__.py", line 28, in <module>
    from pytorch_lightning.callbacks.pruning import ModelPruning
  File "/home/20250572/TabPFN-TS_for_Bike_Demand_Forecasting/.venv/lib/python3.12/site-packages/pytorch_lightning/callbacks/pruning.py", line 31, in <module>
    from pytorch_lightning.core.module import LightningModule
  File "/home/20250572/TabPFN-TS_for_Bike_Demand_Forecasting/.venv/lib/python3.12/site-packages/pytorch_lightning/core/__init__.py", line 16, in <module>
    from pytorch_lightning.core.module import LightningModule
  File "/home/20250572/TabPFN-TS_for_Bike_Demand_Forecasting/.venv/lib/python3.12/site-packages/pytorch_lightning/core/module.py", line 32, in <module>
    import lightning_fabric as lf
  File "/home/20250572/TabPFN-TS_for_Bike_Demand_Forecasting/.venv/lib/python3.12/site-packages/wandb/sdk/lib/import_hooks.py", line 182, in _exec_module
    self.loader.exec_module(module)
  File "/home/20250572/TabPFN-TS_for_Bike_Demand_Forecasting/.venv/lib/python3.12/site-packages/lightning_fabric/__init__.py", line 29, in <module>
    __import__("pkg_resources").declare_namespace(__name__)
    ^^^^^^^^^^^^^^^^^^^^^^^^^^^
ModuleNotFoundError: No module named 'pkg_resources'

================================================================================
[2026-03-17 18:41:17] ERROR: Error in NeuralProphet h=168 fold=13: No module named 'pkg_resources'
================================================================================
Traceback (most recent call last):
  File "/home/20250572/TabPFN-TS_for_Bike_Demand_Forecasting/forecasting/run_experiments.py", line 184, in run_single_experiment
    model.fit(y_train, X_train)
  File "/home/20250572/TabPFN-TS_for_Bike_Demand_Forecasting/forecasting/models/prophet_models.py", line 118, in fit
    from neuralprophet import NeuralProphet
  File "/home/20250572/TabPFN-TS_for_Bike_Demand_Forecasting/.venv/lib/python3.12/site-packages/neuralprophet/__init__.py", line 4, in <module>
    import pytorch_lightning as pl
  File "/home/20250572/TabPFN-TS_for_Bike_Demand_Forecasting/.venv/lib/python3.12/site-packages/wandb/sdk/lib/import_hooks.py", line 182, in _exec_module
    self.loader.exec_module(module)
  File "/home/20250572/TabPFN-TS_for_Bike_Demand_Forecasting/.venv/lib/python3.12/site-packages/pytorch_lightning/__init__.py", line 35, in <module>
    from pytorch_lightning.callbacks import Callback  # noqa: E402
    ^^^^^^^^^^^^^^^^^^^^^^^^^^^^^^^^^^^^^^^^^^^^^^^^
  File "/home/20250572/TabPFN-TS_for_Bike_Demand_Forecasting/.venv/lib/python3.12/site-packages/pytorch_lightning/callbacks/__init__.py", line 28, in <module>
    from pytorch_lightning.callbacks.pruning import ModelPruning
  File "/home/20250572/TabPFN-TS_for_Bike_Demand_Forecasting/.venv/lib/python3.12/site-packages/pytorch_lightning/callbacks/pruning.py", line 31, in <module>
    from pytorch_lightning.core.module import LightningModule
  File "/home/20250572/TabPFN-TS_for_Bike_Demand_Forecasting/.venv/lib/python3.12/site-packages/pytorch_lightning/core/__init__.py", line 16, in <module>
    from pytorch_lightning.core.module import LightningModule
  File "/home/20250572/TabPFN-TS_for_Bike_Demand_Forecasting/.venv/lib/python3.12/site-packages/pytorch_lightning/core/module.py", line 32, in <module>
    import lightning_fabric as lf
  File "/home/20250572/TabPFN-TS_for_Bike_Demand_Forecasting/.venv/lib/python3.12/site-packages/wandb/sdk/lib/import_hooks.py", line 182, in _exec_module
    self.loader.exec_module(module)
  File "/home/20250572/TabPFN-TS_for_Bike_Demand_Forecasting/.venv/lib/python3.12/site-packages/lightning_fabric/__init__.py", line 29, in <module>
    __import__("pkg_resources").declare_namespace(__name__)
    ^^^^^^^^^^^^^^^^^^^^^^^^^^^
ModuleNotFoundError: No module named 'pkg_resources'

================================================================================
[2026-03-17 18:41:17] ERROR: Error in NeuralProphet h=168 fold=14: No module named 'pkg_resources'
================================================================================
Traceback (most recent call last):
  File "/home/20250572/TabPFN-TS_for_Bike_Demand_Forecasting/forecasting/run_experiments.py", line 184, in run_single_experiment
    model.fit(y_train, X_train)
  File "/home/20250572/TabPFN-TS_for_Bike_Demand_Forecasting/forecasting/models/prophet_models.py", line 118, in fit
    from neuralprophet import NeuralProphet
  File "/home/20250572/TabPFN-TS_for_Bike_Demand_Forecasting/.venv/lib/python3.12/site-packages/neuralprophet/__init__.py", line 4, in <module>
    import pytorch_lightning as pl
  File "/home/20250572/TabPFN-TS_for_Bike_Demand_Forecasting/.venv/lib/python3.12/site-packages/wandb/sdk/lib/import_hooks.py", line 182, in _exec_module
    self.loader.exec_module(module)
  File "/home/20250572/TabPFN-TS_for_Bike_Demand_Forecasting/.venv/lib/python3.12/site-packages/pytorch_lightning/__init__.py", line 35, in <module>
    from pytorch_lightning.callbacks import Callback  # noqa: E402
    ^^^^^^^^^^^^^^^^^^^^^^^^^^^^^^^^^^^^^^^^^^^^^^^^
  File "/home/20250572/TabPFN-TS_for_Bike_Demand_Forecasting/.venv/lib/python3.12/site-packages/pytorch_lightning/callbacks/__init__.py", line 28, in <module>
    from pytorch_lightning.callbacks.pruning import ModelPruning
  File "/home/20250572/TabPFN-TS_for_Bike_Demand_Forecasting/.venv/lib/python3.12/site-packages/pytorch_lightning/callbacks/pruning.py", line 31, in <module>
    from pytorch_lightning.core.module import LightningModule
  File "/home/20250572/TabPFN-TS_for_Bike_Demand_Forecasting/.venv/lib/python3.12/site-packages/pytorch_lightning/core/__init__.py", line 16, in <module>
    from pytorch_lightning.core.module import LightningModule
  File "/home/20250572/TabPFN-TS_for_Bike_Demand_Forecasting/.venv/lib/python3.12/site-packages/pytorch_lightning/core/module.py", line 32, in <module>
    import lightning_fabric as lf
  File "/home/20250572/TabPFN-TS_for_Bike_Demand_Forecasting/.venv/lib/python3.12/site-packages/wandb/sdk/lib/import_hooks.py", line 182, in _exec_module
    self.loader.exec_module(module)
  File "/home/20250572/TabPFN-TS_for_Bike_Demand_Forecasting/.venv/lib/python3.12/site-packages/lightning_fabric/__init__.py", line 29, in <module>
    __import__("pkg_resources").declare_namespace(__name__)
    ^^^^^^^^^^^^^^^^^^^^^^^^^^^
ModuleNotFoundError: No module named 'pkg_resources'

================================================================================
[2026-03-17 18:41:17] ERROR: Error in NeuralProphet h=168 fold=15: No module named 'pkg_resources'
================================================================================
Traceback (most recent call last):
  File "/home/20250572/TabPFN-TS_for_Bike_Demand_Forecasting/forecasting/run_experiments.py", line 184, in run_single_experiment
    model.fit(y_train, X_train)
  File "/home/20250572/TabPFN-TS_for_Bike_Demand_Forecasting/forecasting/models/prophet_models.py", line 118, in fit
    from neuralprophet import NeuralProphet
  File "/home/20250572/TabPFN-TS_for_Bike_Demand_Forecasting/.venv/lib/python3.12/site-packages/neuralprophet/__init__.py", line 4, in <module>
    import pytorch_lightning as pl
  File "/home/20250572/TabPFN-TS_for_Bike_Demand_Forecasting/.venv/lib/python3.12/site-packages/wandb/sdk/lib/import_hooks.py", line 182, in _exec_module
    self.loader.exec_module(module)
  File "/home/20250572/TabPFN-TS_for_Bike_Demand_Forecasting/.venv/lib/python3.12/site-packages/pytorch_lightning/__init__.py", line 35, in <module>
    from pytorch_lightning.callbacks import Callback  # noqa: E402
    ^^^^^^^^^^^^^^^^^^^^^^^^^^^^^^^^^^^^^^^^^^^^^^^^
  File "/home/20250572/TabPFN-TS_for_Bike_Demand_Forecasting/.venv/lib/python3.12/site-packages/pytorch_lightning/callbacks/__init__.py", line 28, in <module>
    from pytorch_lightning.callbacks.pruning import ModelPruning
  File "/home/20250572/TabPFN-TS_for_Bike_Demand_Forecasting/.venv/lib/python3.12/site-packages/pytorch_lightning/callbacks/pruning.py", line 31, in <module>
    from pytorch_lightning.core.module import LightningModule
  File "/home/20250572/TabPFN-TS_for_Bike_Demand_Forecasting/.venv/lib/python3.12/site-packages/pytorch_lightning/core/__init__.py", line 16, in <module>
    from pytorch_lightning.core.module import LightningModule
  File "/home/20250572/TabPFN-TS_for_Bike_Demand_Forecasting/.venv/lib/python3.12/site-packages/pytorch_lightning/core/module.py", line 32, in <module>
    import lightning_fabric as lf
  File "/home/20250572/TabPFN-TS_for_Bike_Demand_Forecasting/.venv/lib/python3.12/site-packages/wandb/sdk/lib/import_hooks.py", line 182, in _exec_module
    self.loader.exec_module(module)
  File "/home/20250572/TabPFN-TS_for_Bike_Demand_Forecasting/.venv/lib/python3.12/site-packages/lightning_fabric/__init__.py", line 29, in <module>
    __import__("pkg_resources").declare_namespace(__name__)
    ^^^^^^^^^^^^^^^^^^^^^^^^^^^
ModuleNotFoundError: No module named 'pkg_resources'

================================================================================
[2026-03-17 18:41:17] ERROR: Error in NeuralProphet h=168 fold=16: No module named 'pkg_resources'
================================================================================
Traceback (most recent call last):
  File "/home/20250572/TabPFN-TS_for_Bike_Demand_Forecasting/forecasting/run_experiments.py", line 184, in run_single_experiment
    model.fit(y_train, X_train)
  File "/home/20250572/TabPFN-TS_for_Bike_Demand_Forecasting/forecasting/models/prophet_models.py", line 118, in fit
    from neuralprophet import NeuralProphet
  File "/home/20250572/TabPFN-TS_for_Bike_Demand_Forecasting/.venv/lib/python3.12/site-packages/neuralprophet/__init__.py", line 4, in <module>
    import pytorch_lightning as pl
  File "/home/20250572/TabPFN-TS_for_Bike_Demand_Forecasting/.venv/lib/python3.12/site-packages/wandb/sdk/lib/import_hooks.py", line 182, in _exec_module
    self.loader.exec_module(module)
  File "/home/20250572/TabPFN-TS_for_Bike_Demand_Forecasting/.venv/lib/python3.12/site-packages/pytorch_lightning/__init__.py", line 35, in <module>
    from pytorch_lightning.callbacks import Callback  # noqa: E402
    ^^^^^^^^^^^^^^^^^^^^^^^^^^^^^^^^^^^^^^^^^^^^^^^^
  File "/home/20250572/TabPFN-TS_for_Bike_Demand_Forecasting/.venv/lib/python3.12/site-packages/pytorch_lightning/callbacks/__init__.py", line 28, in <module>
    from pytorch_lightning.callbacks.pruning import ModelPruning
  File "/home/20250572/TabPFN-TS_for_Bike_Demand_Forecasting/.venv/lib/python3.12/site-packages/pytorch_lightning/callbacks/pruning.py", line 31, in <module>
    from pytorch_lightning.core.module import LightningModule
  File "/home/20250572/TabPFN-TS_for_Bike_Demand_Forecasting/.venv/lib/python3.12/site-packages/pytorch_lightning/core/__init__.py", line 16, in <module>
    from pytorch_lightning.core.module import LightningModule
  File "/home/20250572/TabPFN-TS_for_Bike_Demand_Forecasting/.venv/lib/python3.12/site-packages/pytorch_lightning/core/module.py", line 32, in <module>
    import lightning_fabric as lf
  File "/home/20250572/TabPFN-TS_for_Bike_Demand_Forecasting/.venv/lib/python3.12/site-packages/wandb/sdk/lib/import_hooks.py", line 182, in _exec_module
    self.loader.exec_module(module)
  File "/home/20250572/TabPFN-TS_for_Bike_Demand_Forecasting/.venv/lib/python3.12/site-packages/lightning_fabric/__init__.py", line 29, in <module>
    __import__("pkg_resources").declare_namespace(__name__)
    ^^^^^^^^^^^^^^^^^^^^^^^^^^^
ModuleNotFoundError: No module named 'pkg_resources'

================================================================================
[2026-03-17 18:41:17] ERROR: Error in NeuralProphet h=168 fold=17: No module named 'pkg_resources'
================================================================================
Traceback (most recent call last):
  File "/home/20250572/TabPFN-TS_for_Bike_Demand_Forecasting/forecasting/run_experiments.py", line 184, in run_single_experiment
    model.fit(y_train, X_train)
  File "/home/20250572/TabPFN-TS_for_Bike_Demand_Forecasting/forecasting/models/prophet_models.py", line 118, in fit
    from neuralprophet import NeuralProphet
  File "/home/20250572/TabPFN-TS_for_Bike_Demand_Forecasting/.venv/lib/python3.12/site-packages/neuralprophet/__init__.py", line 4, in <module>
    import pytorch_lightning as pl
  File "/home/20250572/TabPFN-TS_for_Bike_Demand_Forecasting/.venv/lib/python3.12/site-packages/wandb/sdk/lib/import_hooks.py", line 182, in _exec_module
    self.loader.exec_module(module)
  File "/home/20250572/TabPFN-TS_for_Bike_Demand_Forecasting/.venv/lib/python3.12/site-packages/pytorch_lightning/__init__.py", line 35, in <module>
    from pytorch_lightning.callbacks import Callback  # noqa: E402
    ^^^^^^^^^^^^^^^^^^^^^^^^^^^^^^^^^^^^^^^^^^^^^^^^
  File "/home/20250572/TabPFN-TS_for_Bike_Demand_Forecasting/.venv/lib/python3.12/site-packages/pytorch_lightning/callbacks/__init__.py", line 28, in <module>
    from pytorch_lightning.callbacks.pruning import ModelPruning
  File "/home/20250572/TabPFN-TS_for_Bike_Demand_Forecasting/.venv/lib/python3.12/site-packages/pytorch_lightning/callbacks/pruning.py", line 31, in <module>
    from pytorch_lightning.core.module import LightningModule
  File "/home/20250572/TabPFN-TS_for_Bike_Demand_Forecasting/.venv/lib/python3.12/site-packages/pytorch_lightning/core/__init__.py", line 16, in <module>
    from pytorch_lightning.core.module import LightningModule
  File "/home/20250572/TabPFN-TS_for_Bike_Demand_Forecasting/.venv/lib/python3.12/site-packages/pytorch_lightning/core/module.py", line 32, in <module>
    import lightning_fabric as lf
  File "/home/20250572/TabPFN-TS_for_Bike_Demand_Forecasting/.venv/lib/python3.12/site-packages/wandb/sdk/lib/import_hooks.py", line 182, in _exec_module
    self.loader.exec_module(module)
  File "/home/20250572/TabPFN-TS_for_Bike_Demand_Forecasting/.venv/lib/python3.12/site-packages/lightning_fabric/__init__.py", line 29, in <module>
    __import__("pkg_resources").declare_namespace(__name__)
    ^^^^^^^^^^^^^^^^^^^^^^^^^^^
ModuleNotFoundError: No module named 'pkg_resources'

================================================================================
[2026-03-17 18:41:17] ERROR: Error in NeuralProphet h=168 fold=18: No module named 'pkg_resources'
================================================================================
Traceback (most recent call last):
  File "/home/20250572/TabPFN-TS_for_Bike_Demand_Forecasting/forecasting/run_experiments.py", line 184, in run_single_experiment
    model.fit(y_train, X_train)
  File "/home/20250572/TabPFN-TS_for_Bike_Demand_Forecasting/forecasting/models/prophet_models.py", line 118, in fit
    from neuralprophet import NeuralProphet
  File "/home/20250572/TabPFN-TS_for_Bike_Demand_Forecasting/.venv/lib/python3.12/site-packages/neuralprophet/__init__.py", line 4, in <module>
    import pytorch_lightning as pl
  File "/home/20250572/TabPFN-TS_for_Bike_Demand_Forecasting/.venv/lib/python3.12/site-packages/wandb/sdk/lib/import_hooks.py", line 182, in _exec_module
    self.loader.exec_module(module)
  File "/home/20250572/TabPFN-TS_for_Bike_Demand_Forecasting/.venv/lib/python3.12/site-packages/pytorch_lightning/__init__.py", line 35, in <module>
    from pytorch_lightning.callbacks import Callback  # noqa: E402
    ^^^^^^^^^^^^^^^^^^^^^^^^^^^^^^^^^^^^^^^^^^^^^^^^
  File "/home/20250572/TabPFN-TS_for_Bike_Demand_Forecasting/.venv/lib/python3.12/site-packages/pytorch_lightning/callbacks/__init__.py", line 28, in <module>
    from pytorch_lightning.callbacks.pruning import ModelPruning
  File "/home/20250572/TabPFN-TS_for_Bike_Demand_Forecasting/.venv/lib/python3.12/site-packages/pytorch_lightning/callbacks/pruning.py", line 31, in <module>
    from pytorch_lightning.core.module import LightningModule
  File "/home/20250572/TabPFN-TS_for_Bike_Demand_Forecasting/.venv/lib/python3.12/site-packages/pytorch_lightning/core/__init__.py", line 16, in <module>
    from pytorch_lightning.core.module import LightningModule
  File "/home/20250572/TabPFN-TS_for_Bike_Demand_Forecasting/.venv/lib/python3.12/site-packages/pytorch_lightning/core/module.py", line 32, in <module>
    import lightning_fabric as lf
  File "/home/20250572/TabPFN-TS_for_Bike_Demand_Forecasting/.venv/lib/python3.12/site-packages/wandb/sdk/lib/import_hooks.py", line 182, in _exec_module
    self.loader.exec_module(module)
  File "/home/20250572/TabPFN-TS_for_Bike_Demand_Forecasting/.venv/lib/python3.12/site-packages/lightning_fabric/__init__.py", line 29, in <module>
    __import__("pkg_resources").declare_namespace(__name__)
    ^^^^^^^^^^^^^^^^^^^^^^^^^^^
ModuleNotFoundError: No module named 'pkg_resources'

================================================================================
[2026-03-17 18:41:17] ERROR: Error in NeuralProphet h=168 fold=19: No module named 'pkg_resources'
================================================================================
Traceback (most recent call last):
  File "/home/20250572/TabPFN-TS_for_Bike_Demand_Forecasting/forecasting/run_experiments.py", line 184, in run_single_experiment
    model.fit(y_train, X_train)
  File "/home/20250572/TabPFN-TS_for_Bike_Demand_Forecasting/forecasting/models/prophet_models.py", line 118, in fit
    from neuralprophet import NeuralProphet
  File "/home/20250572/TabPFN-TS_for_Bike_Demand_Forecasting/.venv/lib/python3.12/site-packages/neuralprophet/__init__.py", line 4, in <module>
    import pytorch_lightning as pl
  File "/home/20250572/TabPFN-TS_for_Bike_Demand_Forecasting/.venv/lib/python3.12/site-packages/wandb/sdk/lib/import_hooks.py", line 182, in _exec_module
    self.loader.exec_module(module)
  File "/home/20250572/TabPFN-TS_for_Bike_Demand_Forecasting/.venv/lib/python3.12/site-packages/pytorch_lightning/__init__.py", line 35, in <module>
    from pytorch_lightning.callbacks import Callback  # noqa: E402
    ^^^^^^^^^^^^^^^^^^^^^^^^^^^^^^^^^^^^^^^^^^^^^^^^
  File "/home/20250572/TabPFN-TS_for_Bike_Demand_Forecasting/.venv/lib/python3.12/site-packages/pytorch_lightning/callbacks/__init__.py", line 28, in <module>
    from pytorch_lightning.callbacks.pruning import ModelPruning
  File "/home/20250572/TabPFN-TS_for_Bike_Demand_Forecasting/.venv/lib/python3.12/site-packages/pytorch_lightning/callbacks/pruning.py", line 31, in <module>
    from pytorch_lightning.core.module import LightningModule
  File "/home/20250572/TabPFN-TS_for_Bike_Demand_Forecasting/.venv/lib/python3.12/site-packages/pytorch_lightning/core/__init__.py", line 16, in <module>
    from pytorch_lightning.core.module import LightningModule
  File "/home/20250572/TabPFN-TS_for_Bike_Demand_Forecasting/.venv/lib/python3.12/site-packages/pytorch_lightning/core/module.py", line 32, in <module>
    import lightning_fabric as lf
  File "/home/20250572/TabPFN-TS_for_Bike_Demand_Forecasting/.venv/lib/python3.12/site-packages/wandb/sdk/lib/import_hooks.py", line 182, in _exec_module
    self.loader.exec_module(module)
  File "/home/20250572/TabPFN-TS_for_Bike_Demand_Forecasting/.venv/lib/python3.12/site-packages/lightning_fabric/__init__.py", line 29, in <module>
    __import__("pkg_resources").declare_namespace(__name__)
    ^^^^^^^^^^^^^^^^^^^^^^^^^^^
ModuleNotFoundError: No module named 'pkg_resources'
